commit_id,lines_added,lines_removed,lines_modified,lines_changed,files_changed,commit_role,project,dataset_source,cve_id
d08d4a8c7387e758d439b0592782e4cfa2b4d6a4,0,0,1,1,1,VFC,FFmpeg,ICVul,CVE-2018-13305
b9c94e826e7551027754ecfa60e3e487e0c28fcb,3,0,2,5,1,VIC,FFmpeg,ICVul,CVE-2017-9991
1434df3b93fde086be729d174ffbbee1e25792b3,6,0,5,11,1,VIC,FFmpeg,ICVul,CVE-2013-7024
4f05e2e2dc1a89f38cd9f0960a6561083d714f1e,2,0,0,2,1,VFC,FFmpeg,ICVul,CVE-2017-14055
ac4b32df71bd932838043a4838b86d11e169707f,1135,127,215,1477,20,VIC,FFmpeg,ICVul,CVE-2017-9994
5cd57e8758e336e86698d4994ee088077869e42d,4,0,0,4,1,VIC,FFmpeg,ICVul,CVE-2013-7016
bcd5d979aa377a16d7fa6b9993e269003281af5c,9,0,86,95,2,VIC,FFmpeg,ICVul,CVE-2016-3062
a92fbe16f2dc118c0d3adc222484268831388648,51,0,1,52,2,VIC,FFmpeg,ICVul,CVE-2016-10190
9f1dae944e2cf72800eb79b32e831b59fd6afdb0,116,0,1,117,3,VIC,FFmpeg,ICVul,CVE-2016-10190
0d8506b8c52659c5bfff9535391d5e95ddcd45f1,466,0,2,468,5,VIC,FFmpeg,ICVul,CVE-2018-7557
4377fafda100117f75d62ba91bce6d8509e01a50,0,0,2,2,1,VIC,FFmpeg,ICVul,CVE-2017-14223
d05f72c75445969cd7bdb1d860635c9880c67fb6,3,1,3,7,1,VIC,FFmpeg,ICVul,CVE-2017-9992
9a271a9368eaabf99e6c2046103acb33957e63b7,8,0,0,8,1,VFC,FFmpeg,ICVul,CVE-2013-7018
3e5959b3457f7f1856d997261e6ac672bba49e8b,0,0,1,1,1,VFC,FFmpeg,ICVul,CVE-2020-35965
4ff99ab3d7d5576e99e6b8a411b4a44500ed88fa,78,44,7,129,1,VIC,FFmpeg,ICVul,CVE-2016-10190
9ffa49496d1aae4cbbb387aac28a9e061a6ab0a6,2,0,2,4,1,VFC,FFmpeg,ICVul,CVE-2021-38171
189ff4219644532bdfa7bab28dfedaee4d6d4021,16,0,1,17,1,VFC,FFmpeg,ICVul,CVE-2017-9993
5cb49ca11bca4bedb71ee0204e8115fa970d6dbb,22,22,20,64,1,VIC,FFmpeg,ICVul,CVE-2018-14394
e8714f6f93d1a32f4e4655209960afcf4c185214,1,0,0,1,1,VFC,FFmpeg,ICVul,CVE-2015-3417
ec9e87c922adeffbf4c351d625a4c2e1c430eb19,1480,0,1,1481,5,VIC,FFmpeg,ICVul,CVE-2017-16840
7d57ca4d9a75562fa32e40766211de150f8b3ee7,8,0,0,8,1,VFC,FFmpeg,ICVul,CVE-2016-10191
6959358683c7533f586c07a766acc5fe9544d8b2,5,2,0,7,1,VFC,FFmpeg,ICVul,CVE-2020-13904
2fdf638b0c66c22357d56f7cb205dd241b4a8c58,2116,0,1,2117,13,VIC,FFmpeg,ICVul,CVE-2013-7009
9200514ad8717c63f82101dc394f4378854325bf,231,20,3945,4196,240,VIC,FFmpeg,ICVul,CVE-2018-15822
e6b244a3b986e513779aec83beab4fb25a130aa2,2,9,0,11,2,VIC,FFmpeg,ICVul,CVE-2016-10191
f645f1d6eadae8d67c832125186ad5b209e8ba03,85,0,55,140,2,VIC,FFmpeg,ICVul,CVE-2016-10191
d42b49fc87e97bf0d95232868b69295333bd818f,119,0,2,121,1,VIC,FFmpeg,ICVul,CVE-2023-50008
6bbef938839adc55e8e048bc9cc2e0fafe2064df,0,0,1,1,1,VFC,FFmpeg,ICVul,CVE-2018-12458
5dab7b91adf65eb35d4ae0e76fbd988d55b0d764,446,0,2,448,8,VIC,FFmpeg,ICVul,CVE-2017-9990
0539d84d985e811e5989ef27c13f7e2dda0f9b89,5,0,10,15,5,VIC,FFmpeg,ICVul,CVE-2018-1999011
fc6de70c44be05eb0368ab519bfb790431d8dee5,7,0,5,12,1,VIC,FFmpeg,ICVul,CVE-2013-7024
f31fc4755f69ab26bf6e8be47875b7dcede8e29e,4,0,2,6,1,VFC,FFmpeg,ICVul,CVE-2017-11719
0b42631641d998e509cde6fa344edc6ab5cb4ac8,4,12,95,111,1,VIC,FFmpeg,ICVul,CVE-2013-7012
a1b9004b768bef606ee98d417bceb9392ceb788d,7,0,4,11,1,VFC,FFmpeg,ICVul,CVE-2013-7019
e477f09d0b3619f3d29173b2cd593e17e2d1978e,13,0,1,14,1,VFC,FFmpeg,ICVul,CVE-2017-7863
2b790b1c9e3bf8f4fbc56fc3a071f2015b58de21,0,7,8,15,1,VIC,FFmpeg,ICVul,CVE-2017-9990
ed188f6dcdf0935c939ed813cf8745d50742014b,5,0,1,6,1,VFC,FFmpeg,ICVul,CVE-2019-12730
96349da5ec8eda9f0368446e557fe0c8ba0e66b7,2,0,3,5,1,VFC,FFmpeg,ICVul,CVE-2017-11399
0ab9362fcb77c2d442fa20afcc2f1d9151228f06,331,0,1,332,3,VIC,FFmpeg,ICVul,CVE-2013-4263
fa11c4c7fa3961b0101daaa0032bb26a7a1a9c0f,273,0,12,285,6,VIC,FFmpeg,ICVul,CVE-2024-22860
d2e8974699a9e35cc1a926bf74a972300d629cd5,2,0,0,2,1,VFC,FFmpeg,ICVul,CVE-2024-22860
7ec414892ddcad88313848494b6fc5f437c9ca4a,7,0,0,7,1,VFC,FFmpeg,ICVul,CVE-2017-14058
a559d65c0711284fc63689991f69db01bcfbb140,64,0,436,500,1,VIC,FFmpeg,ICVul,CVE-2022-3341
cb96da490265a0a798324ccce1c87dca9acbf6e9,300,0,1,301,3,VIC,FFmpeg,ICVul,CVE-2017-14056
e43a0a232dbf6d3c161823c2e07c52e76227a1bc,0,0,14,14,11,VFC,FFmpeg,ICVul,CVE-2013-4263
805b57001f80237e24dc2d225c1b9e116566d247,131,0,0,131,1,VIC,FFmpeg,ICVul,CVE-2017-7866
51a2b5546b29b113da4abd1cd9793c01e545da19,0,0,3,3,1,VIC,FFmpeg,ICVul,CVE-2016-10190
cc85ca1cb347570a95d8615b7d4c7b542042b7f0,322,3,8,333,1,VIC,FFmpeg,ICVul,CVE-2021-33815
87b8c1081959e45ffdcbabb3d53ac9882ef2b5ce,0,0,1,1,1,VFC,FFmpeg,ICVul,CVE-2024-22861
b05cd1ea7e45a836f7f6071a716c38bb30326e0f,2,1,6,9,1,VFC,FFmpeg,ICVul,CVE-2013-7020
e1be80aa11cca765881d04f21119487db53c4ffa,0,5,1,6,1,VIC,FFmpeg,ICVul,CVE-2021-38114
96949dafcca87f65902bd77a0bc56007d9cead70,45,10,45,100,17,VIC,FFmpeg,ICVul,CVE-2016-10190
00e8181bd97c834fe60751b0c511d4bb97875f78,2,0,1,3,1,VFC,FFmpeg,ICVul,CVE-2018-13303
d549b0910c3471beb9ef268ce0d70d3ab9ed7bb3,19,14,2,35,1,VIC,FFmpeg,ICVul,CVE-2017-14058
86736f59d6a527d8bc807d09b93f971c0fe0bb07,0,0,1,1,1,VFC,FFmpeg,ICVul,CVE-2013-7014
52b6bad21992e71dd92e3a91522acf1525a76307,477,0,2,479,4,VIC,FFmpeg,ICVul,CVE-2021-38114
5ec3c7b7c1189dca0ba29edbd33b5dbe68313382,3,0,3,6,1,VIC,FFmpeg,ICVul,CVE-2018-1999012
362c17e6563808ef48655e5ddf59a35b6497b8b2,1,0,3,4,1,VIC,FFmpeg,ICVul,CVE-2016-10190
a59808dd57f81d1cfaa76e2624a66825e63324ea,197,0,0,197,2,VIC,FFmpeg,ICVul,CVE-2017-14222
9fd6b8436008100699537c76e28c21a01e58cf4c,1215,0,1,1216,6,VIC,FFmpeg,ICVul,CVE-2017-11665
23ccf3cabb4baf6e8af4b1af3fcc59c904736f21,28,0,1,29,1,VFC,FFmpeg,ICVul,CVE-2019-9718
88f29406b7ae3e01d7403a76ffadc47f1354b568,0,0,1,1,1,VIC,FFmpeg,ICVul,CVE-2022-3341
c24bcb553650b91e9eff15ef6e54ca73de2453b7,3,0,1,4,1,VFC,FFmpeg,ICVul,CVE-2017-14171
e8a63b4763bf8f10b00a83fe993b2bfdfe4f0545,6,503,31,540,5,VIC,FFmpeg,ICVul,CVE-2024-22860
bc5c918ea8757514de0ec0327066251a2f1ec23f,0,4,204,208,36,VIC,FFmpeg,ICVul,CVE-2016-10190
2960576378d17d71cc8dccc926352ce568b5eec1,2,0,1,3,1,VFC,FFmpeg,ICVul,CVE-2013-4264
221e21b70d4923ab0adb08a08ade15da68e265fb,91,0,6,97,1,VIC,FFmpeg,ICVul,CVE-2016-3062
7ac5067146613997bb38442cb022d7f41321a706,3,0,0,3,1,VFC,FFmpeg,ICVul,CVE-2017-9995
7e350379f87e7f74420b4813170fe808e2313911,314,185,747,1246,58,VIC,FFmpeg,ICVul,CVE-2013-4263
d06aae732c16bd4c490c6dfa35cc2a35129c640f,718,0,2,720,3,VIC,FFmpeg,ICVul,CVE-2020-35964
e371f031b942d73e02c090170975561fabd5c264,0,0,3,3,1,VFC,FFmpeg,ICVul,CVE-2017-7866
10d059bb24eb88157e071a3db102ddd8f4937a00,1,4,33,38,4,VIC,FFmpeg,ICVul,CVE-2021-38114
4565747056a11356210ed8edcecb920105e40b60,12,0,5,17,1,VFC,FFmpeg,ICVul,CVE-2023-47470
35127bf156df09ebf43f1ad7ea236653f7ba7707,2,5,4,11,1,VIC,FFmpeg,ICVul,CVE-2016-10190
a3a3730b5456ca00587455004d40c047f7b20a99,3,0,0,3,1,VFC,FFmpeg,ICVul,CVE-2020-12284
d227ed5d598340e719eff7156b1aa0a4469e9a6a,6,0,0,6,1,VFC,FFmpeg,ICVul,CVE-2019-11339
a568a84edf4780a5a136d8e4f07448ea3a2a5c97,5,0,5,10,1,VIC,FFmpeg,ICVul,CVE-2020-35965
2c541554076cc8a72e7145d4da30389ca763f32f,604,160,1558,2322,34,VIC,FFmpeg,ICVul,CVE-2015-3417
a60e66516233f3c84545d90d8cfd64c1cb9f0a8d,51,0,7,58,1,VIC,FFmpeg,ICVul,CVE-2017-9608
b7effd4e8338f6ed5bda630ad7ed0809bf458648,45,0,1778,1823,107,VIC,FFmpeg,ICVul,CVE-2018-1999012
7b0d75fc400e97e8aae7c5b02f3b3294e25db09a,0,2,2,4,1,VIC,FFmpeg,ICVul,CVE-2022-3341
ca334dd14b957c4af7fcab5e97b6ed675c97caad,4094,3865,236,8195,13,VIC,FFmpeg,ICVul,CVE-2018-12458
be1e1373d267bae2af8a62d79eef736736f24565,1,0,2,3,1,VIC,FFmpeg,ICVul,CVE-2018-15822
2d66a58ccde05e764594bd7e5f0f9244634d0b2c,837,0,2,839,6,VIC,FFmpeg,ICVul,CVE-2013-4264
6ef14e5753e8d096c9f58ecc45ccdb6ad1d3e436,111,0,0,111,1,VIC,FFmpeg,ICVul,CVE-2018-1999010
78e9852a2e3b198ecd69ffa0deab3fa22a8e5378,4,0,0,4,1,VIC,FFmpeg,ICVul,CVE-2013-7009
721719dd0c0321b47500fa49b649c78422e910aa,6,0,5,11,1,VIC,FFmpeg,ICVul,CVE-2021-38114
84465f2180308a3e998089517e76586563fd6162,104,2,2,108,2,VIC,FFmpeg,ICVul,CVE-2020-13904
4fabb60ddbd71f3c40a3607eeabf0fdba449fd18,26,0,14,40,1,VIC,FFmpeg,ICVul,CVE-2017-14171
a7e032a277452366771951e29fd0bf2bd5c029f0,0,0,1,1,1,VFC,FFmpeg,ICVul,CVE-2018-1999013
b1942734c7cbcdc9034034373abcc9ecb9644c47,4,0,15,19,1,VFC,FFmpeg,ICVul,CVE-2023-50007
52a213865670ae69c1852d4d04cf41f8929abbd0,8,0,3,11,1,VIC,FFmpeg,ICVul,CVE-2017-9993
07357cd93355d553dde698933a8176dd48b98344,3,0,2,5,1,VIC,FFmpeg,ICVul,CVE-2020-35964
513a431e073ab725eb85fe7021591da9ad27a55f,24,0,5,29,1,VIC,FFmpeg,ICVul,CVE-2020-13904
5e6fd132ff5611b8af2d3c7506f0328858fc3de1,193,0,0,193,3,VIC,FFmpeg,ICVul,CVE-2018-13302
fbc472da295e50c9bfa667f56a261e4d7acb1ccb,0,10,2,12,1,VIC,FFmpeg,ICVul,CVE-2013-4265
1d3c672d27d3beece88485e28f2286ec2df62e6e,11,6,18,35,1,VIC,FFmpeg,ICVul,CVE-2017-11399
9bd68dea2b7f4a79aa6c35b6193e3122c8ef2db7,6,0,4,10,1,VIC,FFmpeg,ICVul,CVE-2016-10190
04d14c9b68b03e8dbc6e3003c1ee06892dd32576,5385,5205,4,10594,8,VIC,FFmpeg,ICVul,CVE-2018-13305
c94f9e854228e0ea00e1de8769d8d3f7cab84a55,0,0,1,1,1,VFC,FFmpeg,ICVul,CVE-2013-4265
1f686d023b95219db933394a7704ad9aa5f01cbb,1,0,0,1,1,VFC,FFmpeg,ICVul,CVE-2019-11339
716d413c13981da15323c7a3821860536eefdbbb,1,0,2492,2493,295,VIC,FFmpeg,ICVul,CVE-2017-7865
70c8c8a818f39bc262565ec29fae2baffb3e1660,4,0,0,4,1,VIC,FFmpeg,ICVul,CVE-2019-11338
278a923c51187d37445d88a6b21082036ec9568d,34,0,4,38,1,VIC,FFmpeg,ICVul,CVE-2013-7012
1bd6b0c9271846529912f64ae85f6942fd39e212,0,0,11,11,1,VIC,FFmpeg,ICVul,CVE-2018-15822
7347b44224d707f44a6f9a90b6a9e714b5d35b0d,0,5,171,176,2,VIC,FFmpeg,ICVul,CVE-2023-47470
daa290580dade36a69544a191e6983e920885c16,2,10,8,20,1,VIC,FFmpeg,ICVul,CVE-2017-14169
863ebe6f83de6e884a4b1870231678c9259f3c90,311,0,10,321,1,VIC,FFmpeg,ICVul,CVE-2018-15822
91861ce25c7f19c38afdb0f115bf90118fc19428,28,0,0,28,1,VIC,FFmpeg,ICVul,CVE-2018-1999010
f7c7fc13698abcdd35a919024cf9129e67fbcff0,9,0,2,11,1,VIC,FFmpeg,ICVul,CVE-2017-14058
afc9c683ed9db01edb357bc8c19edad4282b3a97,5,0,0,5,1,VFC,FFmpeg,ICVul,CVE-2017-14223
87ca1b8f7faee37905fec1e165adab45f80d490f,5,0,2,7,1,VIC,FFmpeg,ICVul,CVE-2017-11665
c1e439d7e9abab3cebdc937636393b1656e095d9,40,5,270,315,71,VIC,FFmpeg,ICVul,CVE-2020-35964
fbfbd97be25c4da0562ef61e2f27192d1ec4d276,0,0,1,1,1,VIC,FFmpeg,ICVul,CVE-2017-9990
9a33264478796fd790a3bdc182fb1dda65d0a9de,5,0,0,5,1,VIC,FFmpeg,ICVul,CVE-2017-11399
e67fdbffe588e6b5bc787457da9d5941657a0029,0,60,28,88,1,VIC,FFmpeg,ICVul,CVE-2013-4263
ffcc82219cef0928bed2d558b19ef6ea35634130,17,0,20,37,1,VFC,FFmpeg,ICVul,CVE-2017-11665
250b122e3ab12baeef4fb65c4d76df4fc506b899,5,1,16,22,1,VIC,FFmpeg,ICVul,CVE-2013-4263
6b67d7f05918f7a1ee8fc6ff21355d7e8736aa10,5,0,0,5,1,VFC,FFmpeg,ICVul,CVE-2018-15822
3664703780a3d882937c131e4104f8d21e71b738,23,0,4,27,1,VIC,FFmpeg,ICVul,CVE-2018-14394
9138f6da4a3ee0d11947b8593db6b6b05e53fbae,0,0,2,2,1,VIC,FFmpeg,ICVul,CVE-2013-4263
7ddb0607f31850ea4d4e87252c8835de63cc6845,275,0,8,283,1,VIC,FFmpeg,ICVul,CVE-2017-14170
84ad31ff180fa089cd6bfd93c246336a16036455,30,4,53,87,35,VIC,FFmpeg,ICVul,CVE-2022-3341
7990beedee02b24850a20de651ecce5a96048ab9,3,0,1,4,1,VIC,FFmpeg,ICVul,CVE-2016-10190
9cb4eb772839c5e1de2855d126bf74ff16d13382,7,0,0,7,1,VFC,FFmpeg,ICVul,CVE-2017-14222
27f8d386829689c346ff0cef00d3af57b9fb8903,1,0,2,3,1,VFC,FFmpeg,ICVul,CVE-2017-17081
a4e85b2e1c8d5b4bf0091157bbdeb0e457fb7b8f,0,0,1,1,1,VFC,FFmpeg,ICVul,CVE-2017-14169
7560c264958877e790935aba77b50163157162ab,4,0,2,6,1,VIC,FFmpeg,ICVul,CVE-2017-14170
5616f85deb729d181e2a923b2c74371fae6e8398,0,8,29,37,1,VIC,FFmpeg,ICVul,CVE-2018-14394
81df787b53eb5c6433731f6eaaf7f2a94d8a8c80,52,27,54,133,1,VIC,FFmpeg,ICVul,CVE-2024-31585
ba5393a609c723ec8ab7f9727c10fef734c09278,0,0,73,73,3,VIC,FFmpeg,ICVul,CVE-2016-10191
78b21c1d7177e1d61ad3c9225f67699da089aa7c,6,0,5,11,1,VIC,FFmpeg,ICVul,CVE-2016-10190
b7d3dd907f51c1b86c5aad7e2ec4870da53e095e,1,0,151,152,2,VIC,FFmpeg,ICVul,CVE-2018-14394
611c574137e02b443ad7516b1737cf27f1e58cd1,0,78,128,206,1,VIC,FFmpeg,ICVul,CVE-2016-10192
2cab5784892c6ae47feb5f1a97445946b3404ac0,0,0,4,4,1,VIC,FFmpeg,ICVul,CVE-2017-11399
50332f8a6bc303b6147fe34a481a2c0b80ac12be,205,145,2,352,3,VIC,FFmpeg,ICVul,CVE-2019-9721
a6e14edde01bafbbe54f6f451efa718a48975b47,58,13,65,136,1,VIC,FFmpeg,ICVul,CVE-2016-10192
bf814387f42e9b0dea9d75c03db4723c88e7d962,4,0,13,17,1,VFC,FFmpeg,ICVul,CVE-2023-46407
8075c3d8bb1f6aade0cc7c5c40db9bc1bcd84cab,102,0,1,103,1,VIC,FFmpeg,ICVul,CVE-2016-10190
3819db745da2ac7fb3faacb116788c32f4753f34,3,3,1,7,1,VFC,FFmpeg,ICVul,CVE-2013-7009
5ae72f54532960cb9eae82a1c9e8d505106c022b,5,0,0,5,1,VIC,FFmpeg,ICVul,CVE-2013-7015
ba4beaf6149f7241c8bd85fe853318c2f6837ad0,2,0,3,5,1,VFC,FFmpeg,ICVul,CVE-2017-11399
f8d33a36170a2495a8e06e040317b144a770540c,2,8,14,24,1,VIC,FFmpeg,ICVul,CVE-2017-9993
2a05c8f813de6f2278827734bf8102291e7484aa,8,2,30,40,1,VFC,FFmpeg,ICVul,CVE-2016-10190
8df6884832ec413cf032dfaa45c23b1c7876670c,0,0,1,1,1,VFC,FFmpeg,ICVul,CVE-2019-17539
abdbbe895838a55a404d54f7b26a4aca23d19577,0,0,2,2,1,VIC,FFmpeg,ICVul,CVE-2019-9718
6b5d3fb26fb4be48e4966e4b1d97c2165538d4ef,2,1,1,4,2,VFC,FFmpeg,ICVul,CVE-2017-9994
3383a53e7d0abb9639c3ea3481f0eda9dca61a26,76,0,76,152,23,VIC,FFmpeg,ICVul,CVE-2017-11665
0f13cd3187192ba0cc2b043430de6e279e7b97c3,561,37,248,846,4,VIC,FFmpeg,ICVul,CVE-2017-15672
63974bd494c679e898b394a3b46500eb2685e293,0,0,1,1,1,VIC,FFmpeg,ICVul,CVE-2016-10190
5937f0550304e39be64ce41cc936634f1db54e5d,6,0,2,8,1,VIC,FFmpeg,ICVul,CVE-2020-35964
e6d3fd942f772f54ab6a5ca619cdaadef26b7702,0,0,1,1,1,VFC,FFmpeg,ICVul,CVE-2018-13300
8e41675e18682ee14a64acf6139d72d22ce669b6,5,0,1,6,1,VIC,FFmpeg,ICVul,CVE-2020-35964
71199ee9077da7d92a8728e2a694fb1ab31488a7,56,13,20,89,1,VIC,FFmpeg,ICVul,CVE-2021-38114
273f2755ce8635d42da3cde0eeba15b2e7842774,20,2,1,23,1,VFC,FFmpeg,ICVul,CVE-2019-9721
6df9d9b55d3f56ee7782639a7678eeeaf77f14ea,0,0,17,17,6,VIC,FFmpeg,ICVul,CVE-2017-14058
9807d3976be0e92e4ece3b4b1701be894cd7c2e1,4,0,0,4,1,VFC,FFmpeg,ICVul,CVE-2018-1999012
4373a25d94dba2cb361aa18e8d70806e1894df81,8,0,6,14,1,VIC,FFmpeg,ICVul,CVE-2017-14170
5a717094676a9c3a5bc67686cb369911922cdd82,132,0,1,133,3,VIC,FFmpeg,ICVul,CVE-2021-3566
2171dfae8c065878a2e130390eb78cf2947a5b69,3,0,0,3,1,VFC,FFmpeg,ICVul,CVE-2017-9995
8bb11c3ca77b52e05a9ed1496a65f8a76e6e2d8f,1,0,1,2,1,VFC,FFmpeg,ICVul,CVE-2013-7016
eb7e7e82e17b0353fbcfdee616cfe89e525eae53,0,3,23,26,1,VIC,FFmpeg,ICVul,CVE-2013-4263
dba13944f0a275a9fa15002a55983cc19146c46e,3,0,2,5,1,VIC,FFmpeg,ICVul,CVE-2018-1999012
02f909dc24b1f05cfbba75077c7707b905e63cd2,0,0,1,1,1,VFC,FFmpeg,ICVul,CVE-2019-17542
e73325b971b37dd4741c49541c74cde0739dab8c,3,0,1,4,1,VIC,FFmpeg,ICVul,CVE-2017-9990
bd27a9364ca274ca97f1df6d984e88a0700fb235,2,2,3,7,3,VFC,FFmpeg,ICVul,CVE-2018-13304
549045254c4614d5d61b5c36e340171a6914d57c,19,1,99,119,55,VIC,FFmpeg,ICVul,CVE-2019-12730
f52fbf4f3ed02a7d872d8a102006f29b4421f360,0,0,1,1,1,VFC,FFmpeg,ICVul,CVE-2017-9992
9cf652cef49d74afe3d454f27d49eb1a1394951e,8,0,4,12,1,VFC,FFmpeg,ICVul,CVE-2022-3341
2212808a72e6a9789836cfc4e9ed89f45291595e,15,10,94,119,4,VIC,FFmpeg,ICVul,CVE-2023-47470
5aba5b89d0b1d73164d3b81764828bb8b20ff32a,9,0,1,10,1,VFC,FFmpeg,ICVul,CVE-2018-1999015
a283db3962c07f9dfab87dc7553b61cbc4e6efb8,132,16,2,150,4,VIC,FFmpeg,ICVul,CVE-2021-38171
617475a95c70efc6fae7c037915851daea9145cc,6,1,2,9,1,VIC,FFmpeg,ICVul,CVE-2017-14058
e724bd1dd9efea3abb8586d6644ec07694afceae,9,0,0,9,1,VFC,FFmpeg,ICVul,CVE-2018-7557
117b432748ca87de4cd0f09d9b1495545e264733,20,0,1,21,3,VIC,FFmpeg,ICVul,CVE-2019-17539
35bbc1955a58ba74552c50d9161084644f00bbd3,273,31,4,308,3,VIC,FFmpeg,ICVul,CVE-2017-14054
cced03dd667a5df6df8fd40d8de0bff477ee02e8,8,0,18,26,1,VFC,FFmpeg,ICVul,CVE-2018-1999010
bf4a1f17ee9237b6efd4250cf894e274afc31a5f,1319,0,4,1323,8,VIC,FFmpeg,ICVul,CVE-2011-2161
d893253fcd93d11258e98857175e93be7d158708,0,0,1,1,1,VFC,FFmpeg,ICVul,CVE-2017-15672
94e538aebbc9f9c529e8b1f2eda860cfb8c473b1,9,0,6,15,3,VFC,FFmpeg,ICVul,CVE-2017-16840
c0702ab8301844c1eb11dedb78a0bce79693dec7,0,16,1,17,1,VIC,FFmpeg,ICVul,CVE-2017-9993
c8dd048ab8cff815c9f4b16a62db0b74df011f0a,11016,0,1,11017,18,VIC,FFmpeg,ICVul,CVE-2019-11338
58cf31cee7a456057f337b3102a03206d833d5e8,1,0,2,3,1,VFC,FFmpeg,ICVul,CVE-2017-17081
b7ce3242f8000ad497a17c3288a59aa508cef31c,490,0,1,491,7,VIC,FFmpeg,ICVul,CVE-2020-35965
c4bfa098072ba338d83555d6e2199f7e1e64ffff,1473,0,10,1483,8,VIC,FFmpeg,ICVul,CVE-2017-9994
8bf3bf69ad7333bf0c45f4d2797fc2c61bc8922f,1,0,1,2,1,VIC,FFmpeg,ICVul,CVE-2016-10190
1812352d767ccf5431aa440123e2e260a4db2726,3,0,0,3,1,VFC,FFmpeg,ICVul,CVE-2020-12284
129edcb50facad324d80a1e28b6d4be05ce70ab7,3,0,3,6,1,VIC,FFmpeg,ICVul,CVE-2013-7012
22c0585a00d4adb8bbdccf1c0ac1122b651e5d63,0,0,1,1,1,VIC,FFmpeg,ICVul,CVE-2016-10190
105654e376a736d243aef4a1d121abebce912e6b,4,0,0,4,1,VIC,FFmpeg,ICVul,CVE-2017-7865
2b46ebdbff1d8dec7a3d8ea280a612b91a582869,1,0,1,2,1,VFC,FFmpeg,ICVul,CVE-2018-1999011
26a161a1664007a794de78ef4e7e4f4b3c0b7805,0,0,7,7,1,VIC,FFmpeg,ICVul,CVE-2019-17542
1e42736b95065c69a7481d0cf55247024f54b660,0,0,1,1,1,VFC,FFmpeg,ICVul,CVE-2017-9996
9deaec782810d098bca11c9332fab2d2f4c5fb78,43,49,79,171,15,VIC,FFmpeg,ICVul,CVE-2017-14223
0c0dd23fe1102313742092c4760596971755814e,2164,0,0,2164,5,VIC,FFmpeg,ICVul,CVE-2023-46407
f67f2681da5fe6a1a97674c6855e670fd089c34d,0,0,6,6,2,VIC,FFmpeg,ICVul,CVE-2013-7018
d14723861b271cfb53c42006ce7fc6832461db38,4,12,2,18,1,VIC,FFmpeg,ICVul,CVE-2022-3109
4ebd422c04849a21a6bb2128a715979e8067e6a6,1,0,0,1,1,VIC,FFmpeg,ICVul,CVE-2016-3062
b8667bccad2eec64e5dbf24fab16767f0f7ea234,3,0,1,4,1,VIC,FFmpeg,ICVul,CVE-2018-15822
7995ed8e69a78fae1da3a210c81d9c0a24f752d3,30,0,1,31,1,VIC,FFmpeg,ICVul,CVE-2016-10190
134271c232f6cb497fc66ae938008b11201be2ab,3,0,1,4,1,VIC,FFmpeg,ICVul,CVE-2017-14223
ecb4a895b29ac07c5a650956ca766ef14af978de,1,0,0,1,1,VIC,FFmpeg,ICVul,CVE-2016-10190
7f9ec5593e04827249e7aeb466da06a98a0d7329,2,0,2,4,1,VFC,FFmpeg,ICVul,CVE-2017-14057
384641468b60f40e9bf9b1f887abd5e3c3a9be1c,9,2,18,29,1,VIC,FFmpeg,ICVul,CVE-2013-4263
880c73cd76109697447fbfbaa8e5ee5683309446,4,0,0,4,1,VFC,FFmpeg,ICVul,CVE-2013-7015
780669ef7c23c00836a24921fcc6b03be2b8ca4a,5,0,0,5,1,VFC,FFmpeg,ICVul,CVE-2013-7012
40f88796c69ae453e5fc4b8cd6432fa0ca85b923,301,0,0,301,2,VIC,FFmpeg,ICVul,CVE-2017-14059
0eea212943544d40f99b05571aa7159d78667154,940,123,643,1706,63,VIC,FFmpeg,ICVul,CVE-2017-11399
296debd213bd6dce7647cedd34eb64e5b94cdc92,4,0,2,6,1,VFC,FFmpeg,ICVul,CVE-2017-11719
ed22dc22216f74c75ee7901f82649e1ff725ba50,6,0,0,6,1,VFC,FFmpeg,ICVul,CVE-2018-13302
039011b6b0c2bf8e7a5cfa46f7428db1c5b246ac,823,0,2,825,6,VIC,FFmpeg,ICVul,CVE-2017-9995
2aa9047486dbff12d9e040f917e5f799ed2fd78b,7,0,8,15,1,VIC,FFmpeg,ICVul,CVE-2018-13304
e07ac727c1cc9eed39e7f9117c97006f719864bd,0,0,2,2,1,VFC,FFmpeg,ICVul,CVE-2013-7022
a5d25faa3f4b18dac737fdb35d0dd68eb0dc2156,3,0,1,4,1,VFC,FFmpeg,ICVul,CVE-2016-10192
cd223e0b4e1371d12d6cbb36bb66afdc40fd6281,579,0,0,579,2,VIC,FFmpeg,ICVul,CVE-2020-13904
f173cdfe669556aa92857adafe60cbe5f2aa1210,4,0,0,4,1,VFC,FFmpeg,ICVul,CVE-2017-14170
611b35627488a8d0763e75c25ee0875c5b7987dd,2,0,5,7,1,VFC,FFmpeg,ICVul,CVE-2017-9608
c81a70638116eaf4251075475e5cbb600a33c5ec,2802,0,0,2802,10,VIC,FFmpeg,ICVul,CVE-2013-7017
da6a61606a1936a6ccceb6a4868247a19309c140,4,0,0,4,1,VIC,FFmpeg,ICVul,CVE-2019-11338
22aa37c0fedf14531783189a197542a055959b6c,0,0,1,1,1,VFC,FFmpeg,ICVul,CVE-2018-6621
126daeb5507425d5e9906731d70015d79045d131,0,0,1,1,1,VIC,FFmpeg,ICVul,CVE-2017-9996
454a11a1c9c686c78aa97954306fb63453299760,0,0,2,2,1,VFC,FFmpeg,ICVul,CVE-2013-7010
7ef9d31071021c05e6b792af3f25b7b9ceaa9258,484,0,1,485,5,VIC,FFmpeg,ICVul,CVE-2024-22861
461ba7e97a89ab3e553b0690ce8f87f9f484bf90,4,3,16,23,1,VIC,FFmpeg,ICVul,CVE-2017-11399
f7ac3512f5b5cb8eb149f37300b43461d8e93af3,11,0,6,17,1,VIC,FFmpeg,ICVul,CVE-2023-46407
172505b8bc361e4b08c75baf2d4d94e6c2ac94b9,319,0,2,321,3,VIC,FFmpeg,ICVul,CVE-2013-4263
8312e3fc9041027a33c8bc667bb99740fdf41dd5,4,0,0,4,1,VFC,FFmpeg,ICVul,CVE-2011-2161
3bce9e9b3ea35c54bacccc793d7da99ea5157532,19,0,1,20,1,VFC,FFmpeg,ICVul,CVE-2021-3566
b0a8b40294ea212c1938348ff112ef1b9bf16bb3,1,0,6,7,1,VFC,FFmpeg,ICVul,CVE-2020-35965
5935f9d6bd5902131d964a677516cf149bb08b48,7,4,3,14,1,VIC,FFmpeg,ICVul,CVE-2021-38171
8088d6f5f11b9f9188555f4642c940ddc92271a6,0,0,2,2,1,VIC,FFmpeg,ICVul,CVE-2017-7862
f76b633a94e19dc8aca0b80143272ce9b497f94c,11,10,1,22,1,VIC,FFmpeg,ICVul,CVE-2018-13304
1c7e2cf9d33968375ee4025d2279c937e147dae2,4,0,0,4,1,VIC,FFmpeg,ICVul,CVE-2017-14767
1c094563fe93cfe0e8b5632efa7b2c6c26b3f205,34,16,30,80,1,VIC,FFmpeg,ICVul,CVE-2020-35965
95556e27e2c1d56d9e18f5db34d6f756f3011148,0,0,1,1,1,VFC,FFmpeg,ICVul,CVE-2018-13300
2fc108f60f98cd00813418a8754a46476b404a3c,6,0,0,6,1,VFC,FFmpeg,ICVul,CVE-2018-12459
2080bc33717955a0e4268e738acf8c1eeddbf8cb,5,0,1,6,1,VFC,FFmpeg,ICVul,CVE-2017-7865
9d00fb9d70ee8c0cc7002b89318c5be00f1bbdad,0,0,1,1,1,VFC,FFmpeg,ICVul,CVE-2017-14169
19c8c4ecf4e26762327a472dcf34132ceb196e30,32,0,3,35,1,VIC,FFmpeg,ICVul,CVE-2016-10192
c2d23309ef87c3f1a515860425a5a898aab9b760,284,0,13,297,3,VIC,FFmpeg,ICVul,CVE-2013-7015
998c9f15d1ca8c7489775ebcca51623b915988f1,20,6,11,37,9,VIC,FFmpeg,ICVul,CVE-2018-12460
759001c534287a96dc96d1e274665feb7059145d,1282,1718,2601,5601,238,VIC,FFmpeg,ICVul,CVE-2015-3417
e4255eaf47373c0c1691cbcbc0816253e938b662,2197,2075,48,4320,4,VIC,FFmpeg,ICVul,CVE-2013-7020
821a5938d100458f4d09d634041b05c860554ce0,0,0,1,1,1,VFC,FFmpeg,ICVul,CVE-2013-7013
0a709e2a10b8288a0cc383547924ecfe285cef89,2,0,5,7,1,VFC,FFmpeg,ICVul,CVE-2017-9608
292e41ce650a7b5ca5de4ae87fff0d6a90d9fc97,3,0,2,5,1,VFC,FFmpeg,ICVul,CVE-2020-36138
469bd7b150f1016d5335b846801898792502a817,10,3,10,23,1,VIC,FFmpeg,ICVul,CVE-2013-7010
da5b3d002862d1e105002a6dc1567e6551860896,0,1,3,4,1,VIC,FFmpeg,ICVul,CVE-2020-36138
3a2d21bc5f97aa0161db3ae731fc2732be6108b8,5,0,0,5,1,VFC,FFmpeg,ICVul,CVE-2018-14394
71e685b0183b17e43da3959e620fe22afbe8a64c,6,1,6,13,1,VIC,FFmpeg,ICVul,CVE-2018-15822
7ba100d3e6e8b1e5d5342feb960a7f081d6e15af,7,0,0,7,1,VFC,FFmpeg,ICVul,CVE-2017-14058
1a08758e7c4e14a9ea8d2fef6c33ad411b2d3c40,157,108,44,309,1,VIC,FFmpeg,ICVul,CVE-2020-35965
b60620bf7ec355621aeeee1f10d6ea2904327985,36,2,9,47,1,VIC,FFmpeg,ICVul,CVE-2017-11399
689e59b7ffed34eba6159dcc78e87133862e3746,1,0,0,1,1,VFC,FFmpeg,ICVul,CVE-2016-3062
e1b60aad77c27ed5d4dfc11e5e6a05a38c70489d,0,0,1,1,1,VFC,FFmpeg,ICVul,CVE-2017-9996
3b636f21daa6996e20ef97131a1c3649c3043304,2693,0,2,2695,8,VIC,FFmpeg,ICVul,CVE-2017-9994
0d8f0abfb94b4f6f6026a8c4867337438a675acf,9,1,33,43,1,VIC,FFmpeg,ICVul,CVE-2016-3062
7a92ec93c6507bd3dea4563ec7a0e3679034fc57,1386,0,1,1387,4,VIC,FFmpeg,ICVul,CVE-2013-4263
6fb40779cd3457a819e20d6db91a142c47cad3c2,425,0,0,425,2,VIC,FFmpeg,ICVul,CVE-2017-14055
912ce9dd2080c5837285a471d750fa311e09b555,2,0,6,8,1,VFC,FFmpeg,ICVul,CVE-2013-7017
525de2000b018c659c5dd472610305cb2ffb9edc,848,0,0,848,5,VIC,FFmpeg,ICVul,CVE-2020-12284
2ad1516a6c7180d4f9343c0f07120eaec5130d6e,345,275,238,858,19,VIC,FFmpeg,ICVul,CVE-2018-12460
e32a99264be6ce0d3ec060fdb8b56463b2f0b8cd,304,0,0,304,2,VIC,FFmpeg,ICVul,CVE-2019-12730
af5922a79a13e7ab48679c619bfcbf3a8491de1e,48,42,77,167,1,VIC,FFmpeg,ICVul,CVE-2020-35965
89ddff92a3853d5506287ee77cd091d20e320fb6,25,0,18,43,1,VIC,FFmpeg,ICVul,CVE-2018-14395
3ecc59bc35412d0cc2299668dd1f79fff090eb3f,9,0,9,18,1,VIC,FFmpeg,ICVul,CVE-2018-6621
e1182fac1afba92a4975917823a5f644bee7e6e8,0,0,1,1,1,VFC,FFmpeg,ICVul,CVE-2018-12458
c953baa084607dd1d84c3bfcce3cf6a87c3e6e05,8,0,2,10,1,VFC,FFmpeg,ICVul,CVE-2022-2566
bab0716c7f4793ec42e05a5aa7e80d82a0dd4e75,0,0,1,1,1,VFC,FFmpeg,ICVul,CVE-2018-1999014
ca09d8a0dcd82e3128e62463231296aaf63ae6f7,0,0,1,1,1,VFC,FFmpeg,ICVul,CVE-2024-22862
ab77b878f1205225c6de1370fb0e998dbcc8bc69,125,0,0,125,2,VIC,FFmpeg,ICVul,CVE-2022-2566
54655623a82632e7624714d7b2a3e039dc5faa7e,10,4,0,14,1,VFC,FFmpeg,ICVul,CVE-2019-11338
e1940d2458353943e2fab6bdb87d2278077e22a5,51,0,7,58,1,VIC,FFmpeg,ICVul,CVE-2017-9608
e63a362857d9807b23e65872598d782fa53bb6af,45,0,1778,1823,107,VIC,FFmpeg,ICVul,CVE-2017-14057
64f6570c6e2c5a0344383e89c7897809f0c6e1f1,15,0,25,40,1,VIC,FFmpeg,ICVul,CVE-2013-7018
f9d3841ae6147eaa51c57c574cd81e9ce9566e3a,737,20,26,783,11,VIC,FFmpeg,ICVul,CVE-2018-12460
d8ecb335fe4852bbc172c7b79e66944d158b4d92,5,0,0,5,1,VFC,FFmpeg,ICVul,CVE-2018-15822
d99fbbf4d7e3f6abea0d052849a515730f552608,10,0,0,10,1,VIC,FFmpeg,ICVul,CVE-2017-7865
1f96bafb27a1a201dc0bfd299bea7c0a2d8370dc,6,0,3,9,1,VIC,FFmpeg,ICVul,CVE-2013-7023
e356fc57a2e9887370caec58d8aafeafd1f336dc,0,0,299,299,62,VIC,FFmpeg,ICVul,CVE-2011-2161
cdd5df8189ff1537f7abe8defe971f80602cc2d2,0,0,1,1,1,VFC,FFmpeg,ICVul,CVE-2013-7021
c0fd449ec0870b050d350d6d844b1ea6dad4bc7d,0,0,1,1,1,VFC,FreeRDP,ICVul,CVE-2020-11098
13e0d565740651347664d3e81d3136e1cb709039,49,57,116,222,1,VIC,FreeRDP,ICVul,CVE-2023-40589
0dac2c555a0c0e2d0c0153b37524b16351cdd17e,381,0,0,381,2,VIC,FreeRDP,ICVul,CVE-2020-11089
b73143cf7ee5fe4cdabcbf56908aa15d8a883821,7,14,32,53,1,VFC,FreeRDP,ICVul,CVE-2020-11085
f8dd9a9f7565488b664c0d885501fb93f1952b56,0,0,1,1,1,VIC,FreeRDP,ICVul,CVE-2020-11097
d2d621106d848ba085abd22314d5a0992e20984e,43,33,26,102,6,VIC,FreeRDP,ICVul,CVE-2020-11046
27dc85bed92ae128458aa574325d5c81d8d6d879,13522,366,2,13890,10,VIC,FreeRDP,ICVul,CVE-2020-4030
c99434691e7cfdac1c623069bed5ab290a524810,181,0,316,497,1,VIC,FreeRDP,ICVul,CVE-2020-11095
abd833c27e98be6175a10addcf5410091770a5fc,147,0,1,148,3,VIC,FreeRDP,ICVul,CVE-2024-32660
97efff4e9008021515070c8434f7a6264fd50e48,18,2,10,30,1,VIC,FreeRDP,ICVul,CVE-2020-4032
5a16095ddf4df795e4d4a5e0e97e192c290ec85a,59,0,1,60,6,VIC,FreeRDP,ICVul,CVE-2018-8789
48361c411e50826cb602c7aab773a8a20e1da6bc,6,38,26,70,1,VFC,FreeRDP,ICVul,CVE-2020-13396
633e0f90bf7cc933d84d3470081661cc870c5d24,71,62,47,180,3,VIC,FreeRDP,ICVul,CVE-2018-8789
6b485b146a1b9d6ce72dfd7b5f36456c166e7a16,31,1,17,49,6,VFC,FreeRDP,ICVul,CVE-2020-11089
4d902846574054b3bda903ccc3262d22a819e3d4,386,20,260,666,22,VIC,FreeRDP,ICVul,CVE-2020-11042
f5e73cc7c9cd973b516a618da877c87b80950b65,2,0,0,2,1,VFC,FreeRDP,ICVul,CVE-2020-11047
52fbfb7b1268749c2e5947542ffdd9c395b99305,29,1,7,37,17,VIC,FreeRDP,ICVul,CVE-2023-40589
052e8705976542f3f7e1e31863edfd53a0dd8aa3,373,0,22,395,9,VIC,FreeRDP,ICVul,CVE-2020-13397
3cdc490bf4bdf275a65933a908984d1660941340,29,0,126,155,4,VIC,FreeRDP,ICVul,CVE-2020-11098
424ac18eba2984ef341d827ac94bb20403a0e95c,0,27,59,86,5,VIC,FreeRDP,ICVul,CVE-2018-8789
c3efeccbd6965a26047184ef41bcdf56eb3f4765,10,61,30,101,5,VIC,FreeRDP,ICVul,CVE-2020-11089
d57e879d7c0482158d5a727708b0cf5880540c2a,42,0,126,168,7,VIC,FreeRDP,ICVul,CVE-2018-8789
b8b84473a35ec21bba002f6886c15d2455fbec4d,1,10,70,81,4,VIC,FreeRDP,ICVul,CVE-2018-8787
8ca74a27666e659f1a979d26c38c055272d6f5f8,74,0,37,111,2,VIC,FreeRDP,ICVul,CVE-2018-8786
669265d0210bdb45fff1c244a013d1aeedad36c0,39,8,14,61,1,VIC,FreeRDP,ICVul,CVE-2023-40589
e7f0185e691548048985fba1fd547a2117e2d1f7,89,17,53,159,5,VIC,FreeRDP,ICVul,CVE-2020-11089
20019f10b210d5cb9f863d6ee990d8c9e4836c88,29,5,6,40,1,VIC,FreeRDP,ICVul,CVE-2023-40589
bf559e37ebcedb95ac62223961f683c46e61e38b,155,25,29,209,7,VIC,FreeRDP,ICVul,CVE-2020-11086
7befab856cffaa0357582033083dbc95e2c17000,355,497,468,1320,27,VIC,FreeRDP,ICVul,CVE-2020-13398
4795ee5eacdab1c4251cbc2231ec672aa770ae51,8,0,18,26,1,VIC,FreeRDP,ICVul,CVE-2023-39355
51715636a5e8391a7200950b31e0377006532182,33,12,1109,1154,72,VIC,FreeRDP,ICVul,CVE-2020-11046
d1112c279bd1a327e8e4d0b5f371458bf2579659,94,0,36,130,5,VIC,FreeRDP,ICVul,CVE-2023-39354
c7924b554d9e62781c5a0eb15394c528925abfef,108,717,328,1153,6,VIC,FreeRDP,ICVul,CVE-2022-39347
6f193a8dbff4c8a3956f1756d6ce32fcc97b3ec3,150,11,17,178,9,VIC,FreeRDP,ICVul,CVE-2020-11095
7c3f8f33abcca6587146298595534ca591d23510,422,66,382,870,67,VIC,FreeRDP,ICVul,CVE-2024-32660
ccfb88b04919693af80b4913bbf51be26bb79d5b,9,0,7,16,1,VIC,FreeRDP,ICVul,CVE-2013-4118
4ba73e0c732c270f4fc2a4ec32fe845f5fbbb5d6,15,2,16,33,2,VIC,FreeRDP,ICVul,CVE-2022-39347
6f473b273a4b6f0cb6aca32b95e22fd0de88e144,1,9,24,34,1,VFC,FreeRDP,ICVul,CVE-2022-24883
398a33af6397e0744e6c31b129f8b643281006fe,105,8,85,198,1,VIC,FreeRDP,ICVul,CVE-2020-11089
698cae2052014637d3bd6d5e6596c3a3a1c5e3be,56,9,41,106,4,VIC,FreeRDP,ICVul,CVE-2023-40589
1b087615e72323bc4d400162c72a05be801c8f3a,256,0,90,346,2,VIC,FreeRDP,ICVul,CVE-2020-13396
f8890a645c221823ac133dbf991f8a65ae50d637,3,0,0,3,1,VFC,FreeRDP,ICVul,CVE-2020-11045
10a29dbc99ac01465ef86cbc21b4b0daa13d65fe,0,7,26,33,1,VIC,FreeRDP,ICVul,CVE-2023-39354
c7448c03fb29598d4d03161c68f7c7d5e3f15d45,376,0,940,1316,67,VIC,FreeRDP,ICVul,CVE-2020-11095
58a3122250d54de3a944c487776bcd4d1da4721e,81,1,32,114,1,VFC,FreeRDP,ICVul,CVE-2020-11097
d1d858637411db8f903de14fcc543999adeb9b7a,0,0,1,1,1,VIC,FreeRDP,ICVul,CVE-2020-11096
f64d620a3bb2450fb6f43e8d418fd248cc8ce733,44,0,0,44,3,VIC,FreeRDP,ICVul,CVE-2020-11048
0a98c450c58ec150e44781c89aa6f8e7e0f571f5,12,0,0,12,1,VFC,FreeRDP,ICVul,CVE-2020-4033
fbc033cd75591a4aa67c7dab37deade10fa62e55,498,0,0,498,3,VIC,FreeRDP,ICVul,CVE-2020-11042
90bd382e660ef2c55b3389ec27397d1be327668c,294,0,13,307,2,VIC,FreeRDP,ICVul,CVE-2020-11096
2570e064ce67f9f466ae79197270bf3ec36b45e5,440,0,2,442,2,VIC,FreeRDP,ICVul,CVE-2023-40589
e048147bde613de3cbf01f566f0d21d184704bcf,167,0,0,167,3,VIC,FreeRDP,ICVul,CVE-2020-11096
09b9d4f1994a674c4ec85b4947aa656eda1aed8a,8,0,1,9,1,VFC,FreeRDP,ICVul,CVE-2018-8787
8fa38359634a9910b91719818ab02f23c320dbae,5,0,0,5,1,VFC,FreeRDP,ICVul,CVE-2020-11088
0927d7aa50c76b671b55c33e0f06c950d1f08e9a,1657,2307,2241,6205,19,VIC,FreeRDP,ICVul,CVE-2022-39318
1e2b0be24a1d8aade837003521f8a807e2fd900d,515,57,2,574,6,VIC,FreeRDP,ICVul,CVE-2013-4119
ed53cd148f43cbab905eaa0f5308c2bf3c48cc37,1,0,7,8,1,VFC,FreeRDP,ICVul,CVE-2020-11046
1112e2fffbae82f98af1ed21faa0332cb9d59c3e,43,23,152,218,1,VIC,FreeRDP,ICVul,CVE-2023-39355
7529ed684b268b0b03de0670608d4dc9e74a3560,420,0,0,420,2,VIC,FreeRDP,ICVul,CVE-2023-39354
d6592a17a9363220934fa1008803868f1f7d823f,11,0,4,15,2,VIC,FreeRDP,ICVul,CVE-2020-11048
809dbf7744f6550104516c929839df4f140ea63c,7,0,62,69,1,VIC,FreeRDP,ICVul,CVE-2020-11058
0773bb9303d24473fe1185d85a424dfe159aff53,4,0,3,7,4,VFC,FreeRDP,ICVul,CVE-2013-4119
cd1da25a87358eb3b5512fd259310e95b19a05ec,25,0,4,29,2,VFC,FreeRDP,ICVul,CVE-2023-39354
9301bfe730c66180263248b74353daa99f5a969b,9,0,7,16,1,VFC,FreeRDP,ICVul,CVE-2020-11048
6d7f1e427c767cf420b1a0036be67c7fbc11b1bf,46,2,17,65,4,VIC,FreeRDP,ICVul,CVE-2020-11087
4661492e5a617199457c8074bad22f766a116cdc,1,9,24,34,1,VFC,FreeRDP,ICVul,CVE-2022-24883
8cced27d17ef4139e8c777fe06abafada3561699,242,1,4,247,9,VIC,FreeRDP,ICVul,CVE-2020-11089
b7e70671761a9e368698aad354f950e91d37892c,577,307,103,987,25,VIC,FreeRDP,ICVul,CVE-2018-8786
6931f54fad12eaf46a72c5c02ac05da817ab6b94,6,10,117,133,3,VIC,FreeRDP,ICVul,CVE-2020-11097
b2c29158be5114f3b98335baeb844824dd4ce3ab,1196,784,1680,3660,58,VIC,FreeRDP,ICVul,CVE-2022-39347
7d58aac24fe20ffaad7bd9b40c9ddf457c1b06e7,3,0,1,4,2,VFC,FreeRDP,ICVul,CVE-2013-4118
bf03aff5d16e55ea092c580a8122768d87e970e1,14,0,6,20,4,VIC,FreeRDP,ICVul,CVE-2022-39347
dbdc4f4933ca4d603831ef46c4aa17261298e03e,13,4,35,52,1,VIC,FreeRDP,ICVul,CVE-2022-39316
1b93dca6c0370ad1ea74f42c252f54ac41d8e75a,268,172,25,465,7,VIC,FreeRDP,ICVul,CVE-2020-11087
35bccd526227ea692a660dc26a85a64ed459370e,143,0,0,143,2,VIC,FreeRDP,ICVul,CVE-2020-13396
f71b6b46e891c15b2492ce3291078f91b3c882d4,26,16,2661,2703,204,VIC,FreeRDP,ICVul,CVE-2020-11097
72fc75b5a68726cf61480940a2cfdf44eb73ae0c,644,505,260,1409,13,VIC,FreeRDP,ICVul,CVE-2020-11046
3627aaf7d289315b614a584afb388f04abfb5bbf,0,0,2,2,1,VFC,FreeRDP,ICVul,CVE-2020-11058
a50e4d16fc3beb675564dbf5728834ccb57f9e25,346,6,5,357,3,VIC,FreeRDP,ICVul,CVE-2024-32660
67c2aa52b2ae0341d469071d1bc8aab91f8d2ed8,0,0,1,1,1,VFC,FreeRDP,ICVul,CVE-2020-11044
3cd5652c7d4e8e4c9f60f7c67f38e8167de1fc13,43,6,45,94,7,VIC,FreeRDP,ICVul,CVE-2020-11042
3dad679330192b78709b43c8d00c576ebb2ea973,1,0,115,116,6,VIC,FreeRDP,ICVul,CVE-2022-39347
733ee3208306b1ea32697b356c0215180fc3f049,43,0,35,78,3,VFC,FreeRDP,ICVul,CVE-2020-11095
77eb93b4b7857b1b9a44123aac363d9eb1912cc1,8,13,9,30,5,VIC,FreeRDP,ICVul,CVE-2020-11089
5e5d27cf310e4c10b854be7667bfb7a5d774eb47,32,15,14,61,1,VFC,FreeRDP,ICVul,CVE-2024-32660
645dfd7d6318bafcbf6c1f1535b3ffa08fa9401f,185,58,22,265,5,VIC,FreeRDP,ICVul,CVE-2020-11095
0a309fcbec6fe2e8c554bea043ed95d1e6568726,0,4,10,14,1,VIC,FreeRDP,ICVul,CVE-2022-39347
075506f6c8d71393a792a69d104da6f38a47a5b2,7,0,48,55,25,VIC,FreeRDP,ICVul,CVE-2024-32660
e204fc8be5a372626b13f66daf2abafe71dbc2dc,25,0,0,25,1,VFC,FreeRDP,ICVul,CVE-2023-39350
add1319ee6a5a1586820398ebbece44efe813d90,121,42,236,399,10,VIC,FreeRDP,ICVul,CVE-2020-13396
6655841cf2a00b764f855040aecb8803cfc5eaba,3,0,0,3,1,VFC,FreeRDP,ICVul,CVE-2022-41877
8241ab42fdf0cc89cf69fc574bf6360c9977a0d4,4,60,39,103,1,VFC,FreeRDP,ICVul,CVE-2020-11087
5a57532ee049fdb731eb819664f2f434b0b8c8e8,1909,0,0,1909,4,VIC,FreeRDP,ICVul,CVE-2020-11089
cdcd290c441e906b2327f28f651e44b8c43dcf8c,10,3,94,107,39,VIC,FreeRDP,ICVul,CVE-2020-11048
17c363a5162fd4dc77b1df54e48d7bd9bf6b3be7,21,0,2,23,1,VIC,FreeRDP,ICVul,CVE-2022-39316
a5bebd3c659f2e401fe3c9ff6c1a87f8018876c7,1,0,3,4,3,VIC,FreeRDP,ICVul,CVE-2022-39347
b668b0d75ea878f612e3fb804773fb469115a232,42,39,90,171,6,VIC,FreeRDP,ICVul,CVE-2023-39355
b723baf2af6c58ac82afdfe88c298bcef90efcb5,324,0,5,329,6,VIC,FreeRDP,ICVul,CVE-2020-11087
626d10a94a88565d957ddc30768ed08b320049a7,0,0,1,1,1,VFC,FreeRDP,ICVul,CVE-2024-32662
602f4a2e14b41703b5f431de3154cd46a5750a2d,38,16,23,77,2,VIC,FreeRDP,ICVul,CVE-2024-32660
6d86e20e1e7caaab4f0c7f89e36d32914dbccc52,5,0,1,6,1,VFC,FreeRDP,ICVul,CVE-2020-4031
288aacb6e98fce65e5d746d3f20f008246e04bfa,134,23,27,184,6,VIC,FreeRDP,ICVul,CVE-2020-13398
269232887899a5b08d17880fccc5ee6916a7d391,50,0,2,52,3,VIC,FreeRDP,ICVul,CVE-2013-4119
f9b3f270fe38b924917ba95c3761b01952d3715b,0,1,4,5,2,VIC,FreeRDP,ICVul,CVE-2022-39347
1bf8a4551976fdebebbe024e9d4099419848066c,0,47,4440,4487,269,VIC,FreeRDP,ICVul,CVE-2013-4118
6430945ce003a5e24d454d8566f54aae1b6b617b,3,0,0,3,1,VFC,FreeRDP,ICVul,CVE-2024-32659
c4e06eb0a706483fbfccc56bef058d2f5d9a6eef,1,6,169,176,4,VIC,FreeRDP,ICVul,CVE-2020-13396
795842f4096501fcefc1a7f535ccc8132feb31d7,6,0,3,9,1,VFC,FreeRDP,ICVul,CVE-2020-11089
2aa71ea7e405fa6f582560aed73519de2bcd4b36,27,2,17,46,1,VIC,FreeRDP,ICVul,CVE-2020-11089
afc9ac89ae12c8469db0cf9ef8f7d28229054794,207,2,19,228,10,VIC,FreeRDP,ICVul,CVE-2020-11048
445a5a42c500ceb80f8fa7f2c11f3682538033f3,0,2,3,5,1,VFC,FreeRDP,ICVul,CVE-2018-8786
29bed60b0794c9d7a5da9a092e626f5d302d2e7c,450,0,3,453,6,VIC,FreeRDP,ICVul,CVE-2020-13396
a8201b0d1b43121dd6c6d263b1be817c17d6ac70,247,253,1145,1645,117,VIC,FreeRDP,ICVul,CVE-2020-11089
80adde17ddc4b596ed1dae0922a0c54ab3d4b8ea,6,0,3,9,1,VFC,FreeRDP,ICVul,CVE-2022-39318
0d79670a28c0ab049af08613621aa0c267f977e9,4,0,0,4,1,VFC,FreeRDP,ICVul,CVE-2021-37594
c9ebd98e00f74fed37420e2e320dae618e0f7b93,628,0,55,683,3,VIC,FreeRDP,ICVul,CVE-2020-11096
bd55e85c131241913f21d881dfd66870c62ceefc,155,0,50,205,3,VIC,FreeRDP,ICVul,CVE-2020-11095
21cfb23e0beb0fdd1d3839d522557a3249920b47,70,1,12,83,2,VIC,FreeRDP,ICVul,CVE-2023-39355
aeac3040cc99eeaff1e1171a822114c857b9dca9,6,0,1,7,1,VFC,FreeRDP,ICVul,CVE-2024-22211
8446c617241c784271e34aa92543d4c52e1ec4a3,40,2,41,83,2,VIC,FreeRDP,ICVul,CVE-2020-11096
99b14815a53e556080f459a4998d942448031f08,48,1,37,86,3,VIC,FreeRDP,ICVul,CVE-2018-8786
ee243d17aa66d63bc9b9a4f2654906bd9c8c8a1e,11,0,2,13,1,VIC,FreeRDP,ICVul,CVE-2024-32660
2ee663f39dc8dac3d9988e847db19b2d7e3ac8c6,2,0,11,13,1,VFC,FreeRDP,ICVul,CVE-2018-8789
c098f21fdaadca57ff649eee1674f6cc321a2ec4,5,0,0,5,1,VFC,FreeRDP,ICVul,CVE-2020-11086
d2153e9ef2ab9383b5b4db8cc8eff1836f7df09f,10,156,109,275,2,VIC,FreeRDP,ICVul,CVE-2023-39354
a07f616895ab5b2aee82b1d5e3f2f60845296098,92,28,51,171,6,VIC,FreeRDP,ICVul,CVE-2018-8789
72ca88f49c1b7f6678a66c09fa5fe5506623ed35,7678,8195,75024,90897,1035,VIC,FreeRDP,ICVul,CVE-2020-11089
d6f9d33a7db0b346195b6a15b5b99944ba41beee,8,0,27,35,1,VFC,FreeRDP,ICVul,CVE-2023-39355
882f3098b37baec745a2f18ecd8e6646ec0ec292,840,5,10,855,4,VIC,FreeRDP,ICVul,CVE-2023-40589
730c62169997b58f9c80d65c56c6f8d240a02eb3,29,0,24,53,2,VIC,FreeRDP,ICVul,CVE-2024-32658
e272bc923eefae3ae406779310253963e3fa8ae4,119,10,18,147,5,VIC,FreeRDP,ICVul,CVE-2020-11087
685c8d463538525311cc391cf9482ee01dd16964,137,2,10,149,8,VIC,FreeRDP,ICVul,CVE-2020-13398
e7bffa64ef5ed70bac94f823e2b95262642f5296,1,0,2,3,1,VFC,FreeRDP,ICVul,CVE-2020-4032
d6cd14059b257318f176c0ba3ee0a348826a9ef8,3,0,0,3,1,VFC,FreeRDP,ICVul,CVE-2020-13397
71e463e31b4d69f4022d36bfc814592f56600793,4,0,0,4,1,VFC,FreeRDP,ICVul,CVE-2024-32661
345cc2a2f50cef0cb7c376a512e126c55ce42e86,454,401,68,923,6,VIC,FreeRDP,ICVul,CVE-2020-11085
35ddcafdb1334b627f9f3dbe3f9fd645d36a5a5f,9,43,175,227,2,VIC,FreeRDP,ICVul,CVE-2020-13396
b8beb55913471952f92770c90c372139d78c16c0,74,0,24,98,1,VFC,FreeRDP,ICVul,CVE-2020-11096
6b2bc41935e53b0034fe5948aeeab4f32e80f30f,8,3,0,11,1,VFC,FreeRDP,ICVul,CVE-2020-11042
d2f73136d3a5efc1941384adbb600274ee993040,2,0,40,42,1,VIC,FreeRDP,ICVul,CVE-2020-11085
0ba995655db831643fba554cc485340ace77b1d8,10,38,8835,8883,412,VIC,FreeRDP,ICVul,CVE-2024-32660
11555828d2cf289b350baba5ad1f462f10b80b76,20,0,0,20,1,VFC,FreeRDP,ICVul,CVE-2022-39319
7c243da6e153143a6f42e4b88d63d9bf8492cf00,126,449,472,1047,105,VIC,FreeRDP,ICVul,CVE-2020-11048
161e7b0026b9c45236441007ab33194779d10119,30,22,52,104,3,VIC,FreeRDP,ICVul,CVE-2024-32660
2ac4a5fa96a975ec87848708d620cd5a80ca6537,256,1,16,273,10,VIC,FreeRDP,ICVul,CVE-2013-4118
8305349a943c68b1bc8c158f431dc607655aadea,19,0,11,30,1,VFC,FreeRDP,ICVul,CVE-2020-13398
939e922936e9c3ae8fc204968645e5e7563a2fff,6,0,1,7,1,VFC,FreeRDP,ICVul,CVE-2024-22211
16141a30f983dd6f7a6e5b0356084171942c9416,89,9,20,118,1,VFC,FreeRDP,ICVul,CVE-2023-40589
1a755d898ddc028cc818d0dd9d49d5acff4c44bf,0,0,2,2,1,VFC,FreeRDP,ICVul,CVE-2024-32658
05cd9ea2290d23931f615c1b004d4b2e69074e27,1,0,4,5,2,VFC,FreeRDP,ICVul,CVE-2020-4030
141c92857998075b6d5ab0940808b46e5bf96b43,499,451,2,952,5,VIC,FreeRDP,ICVul,CVE-2020-11097
027424c2c6c0991cb9c22f9511478229c9b17e5d,28,4,45,77,3,VFC,FreeRDP,ICVul,CVE-2022-39347
5ea4a7d3b090ecf211e57909ea4ca145a5ea0cdf,353,382,211,946,3,VIC,FreeRDP,ICVul,CVE-2020-11095
0965608e80c9b5864fec2fc27d03e4ebd3a224b6,164,1,47,212,4,VIC,FreeRDP,ICVul,CVE-2020-11089
d3d60520e5a7e60d3a4d9065d269324fa7912ce3,178,12,65,255,3,VIC,FreeRDP,ICVul,CVE-2022-39347
ae8f0106bd9d79dc0369c19b632c5112338ecad4,197,23,47,267,6,VIC,FreeRDP,ICVul,CVE-2024-32662
aff78da527cb20e814827fcc0b5b7a13d5f77f52,65,73,39,177,2,VIC,FreeRDP,ICVul,CVE-2018-8789
8e2baab50482e20f89d25863db4c811f15f6abcd,25,13,57,95,2,VIC,FreeRDP,ICVul,CVE-2020-11089
5ce0ab909f1a3e45ff2a8c420860f9d2a43ecd65,98,0,10,108,3,VIC,FreeRDP,ICVul,CVE-2020-4031
1b5a2340d24a0ab27819c3398209f9a31d26ae6b,188,44,176,408,9,VIC,FreeRDP,ICVul,CVE-2018-8789
811406382d8c3d01407442550e958e964c685670,0,0,3,3,1,VIC,FreeRDP,ICVul,CVE-2020-11096
6ade7b4cbfd71c54b3d724e8f2d6ac76a58e879a,9,0,0,9,1,VFC,FreeRDP,ICVul,CVE-2020-11099
f551aee9ddbfa42697efff3f370db1e6203acb50,14,3,16,33,1,VIC,ImageMagick,ICVul,CVE-2019-17541
54cdc146bbe50018526770be201b56643ad58ba7,2,0,0,2,1,VIC,ImageMagick,ICVul,CVE-2023-3745
3b004088b80d63b528724a279531806703aa9ea0,27,0,9,36,2,VIC,ImageMagick,ICVul,CVE-2016-7514
7d63315a64267c565d1f34b9cb523a14616fed24,2,0,0,2,1,VFC,ImageMagick,ICVul,CVE-2017-14341
7b93db1807ef8abf0c81df8b0fd047e5fb3f1c3f,0,0,2,2,1,VIC,ImageMagick,ICVul,CVE-2016-7537
9357bdd9a30c3d65ef8812e45220f7552dc4376b,0,0,13,13,11,VIC,ImageMagick,ICVul,CVE-2019-13307
5f21230b657ccd65452dd3d94c5b5401ba691a2d,6,0,1,7,2,VFC,ImageMagick,ICVul,CVE-2019-13309
9ab84aaa5dec73bef9682def5ce94034e65a4b8d,7,9,6,22,1,VIC,ImageMagick,ICVul,CVE-2023-5341
b6781acb6da0bfccd07e5f91f5793cdfc38672a0,19,0,0,19,1,VIC,ImageMagick,ICVul,CVE-2017-9499
5acf702fa2aa906dc44bd26edc57023344e8b77a,58,24,20,102,5,VIC,ImageMagick,ICVul,CVE-2016-4562
5a4bdff3ecfcfee9bee68738d06e2363caaa4fe8,2,0,0,2,1,VIC,ImageMagick,ICVul,CVE-2016-7514
b215d851689e26ec76fe39039d52750ea3818670,1,0,0,1,1,VIC,ImageMagick,ICVul,CVE-2023-5341
ccad00b02d1242dc1c039f9979337e00f69212e8,6,13,6,25,7,VIC,ImageMagick,ICVul,CVE-2018-16642
478cce544fdf1de882d78381768458f397964453,1,0,1,2,1,VFC,ImageMagick,ICVul,CVE-2016-7536
b6d08c51e1666814b156d42aef650f41d33a87ba,111,10,109,230,6,VIC,ImageMagick,ICVul,CVE-2020-27560
7f2dc7a1afc067d0c89f12c82bcdec0445fb1b94,3,0,2,5,1,VFC,ImageMagick,ICVul,CVE-2017-6497
3cbfb163cff9e5b8cdeace8312e9bfee810ed02b,0,0,1,1,1,VFC,ImageMagick,ICVul,CVE-2016-9298
948356eec65aea91995d4b7cc487d197d2c5f602,10,0,0,10,1,VFC,ImageMagick,ICVul,CVE-2017-11450
4f68e9661518463fca523c9726bb5d940a2aa6d8,2,0,0,2,1,VFC,ImageMagick,ICVul,CVE-2015-8894
c82a27bb8e3138ff9bbf0f696663bdf3e704cede,110,195,422,727,75,VIC,ImageMagick,ICVul,CVE-2017-12427
aa673b2e4defc7cad5bec16c4fc8324f71e531f1,3,0,0,3,1,VFC,ImageMagick,ICVul,CVE-2023-5341
e5c063a1007506ba69e97a35effcdef944421c89,1,0,1,2,1,VFC,ImageMagick,ICVul,CVE-2017-13658
c5b23cbf2119540725e6dc81f4deb25798ead6a4,1,0,1,2,1,VFC,ImageMagick,ICVul,CVE-2023-1289
6e48aa92ff4e6e95424300ecd52a9ea453c19c60,61,62,6,129,1,VFC,ImageMagick,ICVul,CVE-2016-8677
e4a404711bf20d9062d11ab28bc12e5acd307f9c,5,1214,1180,2399,11,VIC,ImageMagick,ICVul,CVE-2015-8957
7486477aa00c5c7856b111506da075b6cdfa8b73,1,2,1,4,1,VFC,ImageMagick,ICVul,CVE-2023-3745
f620340935777b28fa3f7b0ed7ed6bd86946934c,5,0,0,5,1,VFC,ImageMagick,ICVul,CVE-2023-3195
134463b926fa965571aa4febd61b810be5e7da05,26,0,4,30,3,VIC,ImageMagick,ICVul,CVE-2016-10066
f3b483e8b054c50149912523b4773687e18afe25,0,0,1,1,1,VFC,ImageMagick,ICVul,CVE-2016-10071
e45e48b881038487d0bc94d92a16c1537616cc0a,60,32,16,108,5,VFC,ImageMagick,ICVul,CVE-2016-10066
309dfda1122f08fcf349b6f611b3b6df994d9297,0,15,2,17,1,VIC,ImageMagick,ICVul,CVE-2022-3213
a9c6cd66a9bad60f7f48a800cc9c6bb933173add,1,3,3,7,1,VIC,ImageMagick,ICVul,CVE-2022-28463
726812fa2fa7ce16bcf58f6e115f65427a1c0950,13,0,21,34,1,VFC,ImageMagick,ICVul,CVE-2016-4562
ed2315769b26818ed9d0c1291dc0457f0d8da0a4,19,44,2400,2463,133,VIC,ImageMagick,ICVul,CVE-2016-5688
ecc03a2518c2b7dd375fde3a040fdae0bdf6a521,0,2,0,2,1,VFC,ImageMagick,ICVul,CVE-2016-10051
d23beebe7b1179fb75db1e85fbca3100e49593d9,0,0,1,1,1,VFC,ImageMagick,ICVul,CVE-2016-10145
0bb4457b290d708d48bf35f667b810a0195fcb7b,33,24,30,87,1,VIC,ImageMagick,ICVul,CVE-2019-13298
4a334bbf5584de37c6f5a47c380a531c8c4b140a,46,0,15,61,2,VFC,ImageMagick,ICVul,CVE-2019-13311
6661998e7693ff84516ebb520a8db0f262b2444b,118,7,25,150,1,VIC,ImageMagick,ICVul,CVE-2017-5511
450bee719a545c93d2488c17990432728d36494a,6,0,2,8,1,VIC,ImageMagick,ICVul,CVE-2017-9144
e913961573cd6c95fa84ed380a4ab920663cdd78,36,0,34,70,2,VIC,ImageMagick,ICVul,CVE-2016-9559
a19f1d70e9a9f88279c4ecafe6dfafc1f9a09599,0,39,1402,1441,60,VIC,ImageMagick,ICVul,CVE-2016-6520
94936efda8aa63563211eda07a5ade92abb32f7a,3,3,0,6,1,VFC,ImageMagick,ICVul,CVE-2016-10063
56d6e20de489113617cbbddaf41e92600a34db22,2,0,0,2,1,VFC,ImageMagick,ICVul,CVE-2016-10068
d4ec73f866a7c42a2e7f301fcd696e5cb7a7d3ab,0,2,5,7,1,VFC,ImageMagick,ICVul,CVE-2017-5509
e50f19fd73c792ebe912df8ab83aa51a243a3da7,0,0,2,2,1,VFC,ImageMagick,ICVul,CVE-2022-0284
42bc62aa57cbc3d91e3fd335c4e74f636cb575c5,4,2,12,18,1,VIC,ImageMagick,ICVul,CVE-2016-8677
01faddbe2711a4156180c4a92837e2f23683cc68,4,0,3,7,2,VFC,ImageMagick,ICVul,CVE-2021-39212
8587f88d8f1fb46365f725fa71653a58ddc11894,9,0,3,12,1,VIC,ImageMagick,ICVul,CVE-2019-13311
a20214eef4b9c5e1797527b0a6273899a9062f9c,31,19,208,258,1,VIC,ImageMagick,ICVul,CVE-2016-7514
c9aa9f80828594eacbe3affe16c43d623562e5d8,6,0,1,7,1,VFC,ImageMagick,ICVul,CVE-2017-12641
a906fe9298bf89e01d5272023db687935068849a,6,0,4,10,1,VIC,ImageMagick,ICVul,CVE-2019-13307
6920157d93973bc8f75bc60fa2f22da5127f1f4b,0,0,1,1,1,VIC,ImageMagick,ICVul,CVE-2021-39212
02dadf116124cfba35d7ebd9ced3e5ad0be0f176,1,0,1,2,1,VFC,ImageMagick,ICVul,CVE-2016-7536
dd12db54df58041276651900743c280114886406,12,4,64,80,4,VIC,ImageMagick,ICVul,CVE-2017-12664
3e9165285eda6e1bb71172031d3048b51bb443a4,1,0,2,3,1,VFC,ImageMagick,ICVul,CVE-2016-10049
bd40cc5f53067322861b881485cbd70f509f3829,7,0,3,10,1,VIC,ImageMagick,ICVul,CVE-2019-7397
998c687fb83993c13fa711d75f59a95b38ceab77,0,3,17,20,1,VFC,ImageMagick,ICVul,CVE-2016-7526
3d9f5ba107b160e1819bb6baeeb3a9f521e9f450,48,128,73,249,58,VIC,ImageMagick,ICVul,CVE-2016-7514
2d6ccc32baf7e3e71a566f4c55ac9342ccc9b5e0,63,261,33,357,3,VIC,ImageMagick,ICVul,CVE-2017-12669
3358f060fc182551822576b2c0a8850faab5d543,6,0,4,10,1,VFC,ImageMagick,ICVul,CVE-2017-6499
7b1cf5784b5bcd85aa9293ecf56769f68c037231,3,0,6,9,1,VFC,ImageMagick,ICVul,CVE-2015-8897
b9123347cc2cfdb6816ef31d663d037dd52408ad,0,0,1,1,1,VIC,ImageMagick,ICVul,CVE-2016-7515
a6240a163cb787909703d9fc649cf861f60ddd7c,1,0,0,1,1,VFC,ImageMagick,ICVul,CVE-2016-10070
d57f539f7ec5274f5cf3e01fac31ba72a49dc8c6,2,3,1,6,1,VIC,ImageMagick,ICVul,CVE-2023-1906
2ba8f335fa06daf1165e0878462686028e633a74,3,0,1,4,1,VFC,ImageMagick,ICVul,CVE-2017-12668
3d7f80646114c797310e86e3360ffe876b7b9dcf,338,0,0,338,2,VIC,ImageMagick,ICVul,CVE-2016-10061
e275ada1a7f4f90e73328c35e9f02464bafed8be,6,17,21,44,2,VIC,ImageMagick,ICVul,CVE-2016-10066
bb812022d0bc12107db215c981cab0b1ccd73d91,17,3,0,20,1,VFC,ImageMagick,ICVul,CVE-2019-13311
dd96d671e4d5ae22c6894c302e8996c13f24c45a,5,0,2,7,1,VFC,ImageMagick,ICVul,CVE-2017-17499
2174484dfa68a594e2f9ad17f46217b6120db18d,23,11,32,66,5,VIC,ImageMagick,ICVul,CVE-2016-10066
5e409ae7a389cdf2ed17469303be3f3f21cec450,7,0,4,11,1,VFC,ImageMagick,ICVul,CVE-2019-13300
b6ae2f9e0ab13343c0281732d479757a8e8979c7,0,0,1,1,1,VFC,ImageMagick,ICVul,CVE-2016-7526
f432c635c526259b858c9aad3d409c5c44545686,5,0,136,141,26,VIC,ImageMagick,ICVul,CVE-2016-7514
8a43abefb38c5e29138e1c9c515b313363541c06,2,0,0,2,1,VFC,ImageMagick,ICVul,CVE-2019-7395
7be16a280014f895a951db4948df316a23dabc09,0,0,2,2,1,VFC,ImageMagick,ICVul,CVE-2016-7528
5f16640725b1225e6337c62526e6577f0f88edb8,0,0,1,1,1,VFC,ImageMagick,ICVul,CVE-2016-7525
77f78f717887854fb1198e080efe31bfe32f19c0,1338,0,0,1338,1,VIC,ImageMagick,ICVul,CVE-2019-7396
e1c94d9d25db6b0dd7a5028ffee31d1057855d73,2,5,2177,2184,229,VIC,ImageMagick,ICVul,CVE-2016-10066
f8c318d462270b03e77f082e2a3a32867cacd3c6,0,0,2,2,1,VFC,ImageMagick,ICVul,CVE-2016-7524
dd84447b63a71fa8c3f47071b09454efc667767b,5,0,0,5,1,VFC,ImageMagick,ICVul,CVE-2016-6491
cb5ec7d98195aa74d5ed299b38eff2a68122f3fa,0,0,2,2,1,VFC,ImageMagick,ICVul,CVE-2019-13306
661b5ad50e186559162a9de890ad00ba1d904bee,50,4,25,79,3,VIC,ImageMagick,ICVul,CVE-2019-13305
cb190b747d69b577bca26a551c1227ecf2995ecb,0,0,27,27,4,VIC,ImageMagick,ICVul,CVE-2016-6520
05f9e776d3aa14a2e67d3dde4732015d74ce20aa,6,0,0,6,1,VIC,ImageMagick,ICVul,CVE-2021-3574
32cc0db28a4b84a8624c4da69b3f0c2c89b1e151,148,0,4,152,8,VIC,ImageMagick,ICVul,CVE-2018-16642
2c992db0525c6bfcc8d10b6bce3008ae91ec2be1,5,2,6,13,1,VIC,ImageMagick,ICVul,CVE-2016-9559
0c5b1e430a83ef793a7334bbbee408cf3c628699,3,1,5,9,1,VFC,ImageMagick,ICVul,CVE-2017-9141
0aff6ea78e3086794abffff9d390fc7f8ca7324d,2,0,2,4,1,VIC,ImageMagick,ICVul,CVE-2019-13311
acd2ed254c18c254a0ab5aafa06d1645e5d079d8,3,1,385,389,102,VIC,ImageMagick,ICVul,CVE-2018-16642
5eb9e15c1c647644030240d8fd9d0805e2828342,70,0,5,75,1,VIC,ImageMagick,ICVul,CVE-2019-7395
419e5adbecfc7375751e7ac2ba30be0b1d35690f,4,0,10,14,1,VIC,ImageMagick,ICVul,CVE-2017-5509
dabba008c570fd2fc25d6f990e65d0db28c663c7,0,2,2,4,1,VIC,ImageMagick,ICVul,CVE-2019-15139
7afcf9f71043df15508e46f079387bd4689a738d,2,0,2,4,1,VIC,ImageMagick,ICVul,CVE-2016-7101
3b0fe05cddd8910f84e51b4d50099702ea45ba4a,3,0,1,4,1,VFC,ImageMagick,ICVul,CVE-2017-9143
7bcfe7f0f9a0028eb9efdb79c842eb50e909dc45,3,3,198,204,18,VIC,ImageMagick,ICVul,CVE-2019-13311
72a50e400d98d7a2fd610caedfeb9af043dc5582,0,0,3,3,1,VFC,ImageMagick,ICVul,CVE-2017-11447
6b6bff054d569a77973f2140c0e86366e6168a6c,4,0,7,11,4,VFC,ImageMagick,ICVul,CVE-2018-16643
5f766ef8b0cd9906c2c3a56d845828380a251073,0,6,54,60,25,VIC,ImageMagick,ICVul,CVE-2016-8677
8f3d6011cc3fb59a22a21e767bad14e889930e4e,2,0,0,2,1,VIC,ImageMagick,ICVul,CVE-2019-15140
87038d5d4cc04fb99d6560ae95f3f07a87563323,27,0,32,59,2,VIC,ImageMagick,ICVul,CVE-2017-14174
e92040ea6ee2a844ebfd2344174076795a4787bd,0,0,2,2,1,VIC,ImageMagick,ICVul,CVE-2019-13305
29a97ee49ac5269ce55f483da7f4345f51aac885,2,0,0,2,1,VIC,ImageMagick,ICVul,CVE-2018-16643
aa84944b405acebbeefe871d0f64969b9e9f31ac,20,0,1,21,1,VFC,ImageMagick,ICVul,CVE-2017-13142
6aa40d3dfec558e9b5f4eae34b4cbd7f14944182,164,0,4,168,1,VIC,ImageMagick,ICVul,CVE-2019-14981
805a2d48e7e2ed7d699871183ed706699119281c,4952,0,0,4952,1,VIC,ImageMagick,ICVul,CVE-2019-13311
78f82d9d1c2944725a279acd573a22168dc6e22a,1,1,2,4,1,VFC,ImageMagick,ICVul,CVE-2015-8957
ef59bd764f88d893f1219fee8ba696a5d3f8c1c4,2,0,2,4,1,VFC,ImageMagick,ICVul,CVE-2020-27560
7d4aa38318c20a4309d855f45e3744c9f300f697,110,35,174,319,5,VIC,ImageMagick,ICVul,CVE-2016-6520
269e8e7ef03cc447deaf9fe071c659c4e9b757ed,2,0,5,7,1,VIC,ImageMagick,ICVul,CVE-2016-8677
1a295fe7ffda4878bda19a21162e41f7890a4365,0,2,7,9,1,VIC,ImageMagick,ICVul,CVE-2016-9298
4ec444f4eab88cf4bec664fafcf9cab50bc5ff6a,2,0,0,2,1,VFC,ImageMagick,ICVul,CVE-2016-10058
51b0ae01709adc1e4a9245e158ef17b85a110960,1,0,0,1,1,VFC,ImageMagick,ICVul,CVE-2017-13143
671b5d721987b2a12d84b656de888be1c99aa881,29,15,2,46,2,VIC,ImageMagick,ICVul,CVE-2017-17499
92c93bd35e207736d340f1b32000006a5bf6208e,19,39,699,757,7,VIC,ImageMagick,ICVul,CVE-2019-13311
31f1bf7bb6ee2698a2afab42ee0329b11663636c,113,400,751,1264,11,VIC,ImageMagick,ICVul,CVE-2019-13311
933e96f01a8c889c7bf5ffd30020e86a02a046e7,5,0,14,19,1,VFC,ImageMagick,ICVul,CVE-2016-10060
b76b2ffff70f2c314a069ea953f4a45b1e2ce5e6,1,0,1,2,1,VIC,ImageMagick,ICVul,CVE-2017-12877
21eae25a8db5fdcd112dbcfcd9e5c37e32d32e2f,0,0,12,12,1,VFC,ImageMagick,ICVul,CVE-2014-9907
614a257295bdcdeda347086761062ac7658b6830,1,0,0,1,1,VFC,ImageMagick,ICVul,CVE-2019-14980
8f8959033e4e59418d6506b345829af1f7a71127,3,2,3,8,1,VFC,ImageMagick,ICVul,CVE-2016-7101
76401e172ea3a55182be2b8e2aca4d07270f6da6,4,0,0,4,1,VFC,ImageMagick,ICVul,CVE-2016-6520
4f31d78716ac94c85c244efcea368fea202e2ed4,2,0,27,29,1,VFC,ImageMagick,ICVul,CVE-2019-13454
f8877abac8e568b2f339cca70c2c3c1b6eaec288,1,2,5,8,1,VFC,ImageMagick,ICVul,CVE-2016-10064
97c9f438a9b3454d085895f4d1f66389fd22a0fb,0,0,2,2,1,VFC,ImageMagick,ICVul,CVE-2016-7524
ecf7c6b288e11e7e7f75387c5e9e93e423b98397,1,0,1,2,1,VFC,ImageMagick,ICVul,CVE-2019-17547
b5d5f725fef80ff5d50db3111c05a1a521b81e7f,0,0,458,458,28,VIC,ImageMagick,ICVul,CVE-2015-8897
17f11b056210f082a6d0e54ac5d68e6d72fa76b2,26,5,410,441,74,VIC,ImageMagick,ICVul,CVE-2016-7514
1b3613e5d2d955cb2e4725b6795b748fb04fd065,0,11,13,24,3,VIC,ImageMagick,ICVul,CVE-2017-9144
4cc6ec8a4197d4c008577127736bf7985d632323,3,0,1,4,1,VFC,ImageMagick,ICVul,CVE-2016-6823
a454cdcb00e5a619edb3eac3070b649569448e4a,17,0,41,58,1,VIC,ImageMagick,ICVul,CVE-2017-12640
c6ad94fbb7b280f39c2fbbdc1c140e51b1b466e9,5,5,0,10,1,VFC,ImageMagick,ICVul,CVE-2021-3574
e793eb203e5e0f91f5037aed6585e81b1e27395b,13,0,0,13,1,VFC,ImageMagick,ICVul,CVE-2017-12427
151b66dffc9e3c2e8c4f8cdaca37ff987ca0f497,14,0,3196,3210,199,VIC,ImageMagick,ICVul,CVE-2016-4562
97566cf2806c0a5a86e884c96831a0c3b1ec6c20,2,0,0,2,1,VFC,ImageMagick,ICVul,CVE-2016-10144
ba6d7782ee2a68b0dbefbccfc1c7fab59d9e9b69,0,0,6,6,1,VIC,ImageMagick,ICVul,CVE-2016-8677
1fe0b879964fa7797e3d68574d297922a47c4034,317,2,145,464,21,VIC,ImageMagick,ICVul,CVE-2016-6491
8bedb4edca01599dfd0612cb0daa35b09c67d736,0,0,454,454,26,VIC,ImageMagick,ICVul,CVE-2016-4562
94b11835effe9f2ded8638e50db5fb7acd92ea0b,3,2,50,55,11,VIC,ImageMagick,ICVul,CVE-2016-7532
07f84e72b205d18eb8ad35380af95351d9f0a1a3,19,13,38,70,6,VIC,ImageMagick,ICVul,CVE-2017-17499
5216f82250f6a3a9fe652a6534a46e0a69f5c6f7,96,48,53,197,8,VIC,ImageMagick,ICVul,CVE-2016-10060
10b3823a7619ed22d42764733eb052c4159bc8c1,2,0,23,25,4,VFC,ImageMagick,ICVul,CVE-2016-10054
c5d012a46ae22be9444326aa37969a3f75daa3ba,1,0,0,1,1,VFC,ImageMagick,ICVul,CVE-2019-14980
18aba9157e2b6a9c2135b0c491770fcdd28f2c7c,34,6,23,63,2,VIC,ImageMagick,ICVul,CVE-2019-14980
940942b0a7bccda8a96c21c8c5b1d37268173038,1,8,7,16,2,VIC,ImageMagick,ICVul,CVE-2016-7906
af6eb93f6c4778637c09a41eaa5a3e541836a622,6,123,75,204,8,VIC,ImageMagick,ICVul,CVE-2016-7514
6b4aff0f117b978502ee5bcd6e753c17aec5a961,6,0,3,9,1,VFC,ImageMagick,ICVul,CVE-2015-8958
da16f16767eb31921af855f17bda465fffc4e000,115,124,18,257,68,VIC,ImageMagick,ICVul,CVE-2016-7101
4c08aed51c5899665ade97263692328eea4af106,2937,14823,17711,35471,402,VIC,ImageMagick,ICVul,CVE-2016-4562
9c9a84cec4ab28ee0b57c2b9266d6fbe68183512,0,0,1,1,1,VFC,ImageMagick,ICVul,CVE-2022-32545
efc63e48d038c4e691517091a357021760c576c1,2,3,1,6,1,VIC,ImageMagick,ICVul,CVE-2016-10053
997c044e599cdb084b6a4bd6cf2fd189b1419d8c,21,8,5,34,1,VIC,ImageMagick,ICVul,CVE-2016-8677
1aa0c6dab6dcef4d9bc3571866ae1c1ddbec7d8f,1,10,16,27,1,VIC,ImageMagick,ICVul,CVE-2015-8958
ae1319c76756b4e843b77c95bf2c2deac1c75494,2,0,0,2,1,VIC,ImageMagick,ICVul,CVE-2021-3574
aeff00de228bc5a158c2a975ab47845d8a1db456,0,0,2,2,2,VFC,ImageMagick,ICVul,CVE-2016-10146
58cf5bf4fade82e3b510e8f3463a967278a3e410,6,4,2,12,2,VFC,ImageMagick,ICVul,CVE-2016-10059
0a4e4026f01be479fa3f92f349f3da29912eea86,0,0,2,2,1,VIC,ImageMagick,ICVul,CVE-2022-32545
d9a8234d211da30baf9526fbebe9a8438ea7e11c,12,1,16,29,1,VIC,ImageMagick,ICVul,CVE-2018-16323
101ab708b0574518ac5715da4d3915400e9df79a,20,192,444,656,71,VIC,ImageMagick,ICVul,CVE-2016-7529
35c7032723d85eee7318ff6c82f031fa2666b773,0,0,1,1,1,VFC,ImageMagick,ICVul,CVE-2019-13297
d29148fae06c01ef215940e084cf41853c117bab,1,0,8,9,1,VFC,ImageMagick,ICVul,CVE-2019-13303
a60c02075c4071dd1801b41db0b478f68683a6fe,121,5,24,150,4,VIC,ImageMagick,ICVul,CVE-2016-7514
280e5924d3c97c916819fbfb4f7c5027dcbc20f8,1,0,3,4,1,VIC,ImageMagick,ICVul,CVE-2017-12643
c1b09bbec148f6ae11d0b686fdb89ac6dc0ab14e,9,0,1,10,1,VFC,ImageMagick,ICVul,CVE-2017-12665
35893e7cad78ce461fcaffa56076c11700ba5e4e,3,0,1,4,1,VIC,ImageMagick,ICVul,CVE-2021-39212
5def20397a7376df8e0c7fc338c2c30791deb907,14,0,58,72,4,VIC,ImageMagick,ICVul,CVE-2016-7528
7d11230060fa9c8f67e53c85224daf6648805c7b,1,0,0,1,1,VFC,ImageMagick,ICVul,CVE-2019-13137
0474237508f39c4f783208123431815f1ededb76,60,32,16,108,5,VFC,ImageMagick,ICVul,CVE-2016-10067
f9f2ff451b98b43ff5606bd46e694f61b6401d1c,619,1,4355,4975,3,VIC,ImageMagick,ICVul,CVE-2016-7534
280215b9936d145dd5ee91403738ccce1333cab1,66,59,21,146,1,VFC,ImageMagick,ICVul,CVE-2016-7514
84a30c031e3dd4117a7db00813bafc911164a06a,24,5,8,37,1,VIC,ImageMagick,ICVul,CVE-2019-13301
b007dd3a048097d8f58949297f5b434612e1e1a3,2,0,0,2,1,VFC,ImageMagick,ICVul,CVE-2017-11449
cc3a7e7b06455f06fd2497d3ac9ab73efb5c20c5,9,3,16,28,1,VIC,ImageMagick,ICVul,CVE-2017-15277
f983dcdf9c178e0cbc49608a78713c5669aa1bb5,2,0,1,3,1,VFC,ImageMagick,ICVul,CVE-2016-10053
553054c1cb1e4e05ec86237afef76a32cd7c464d,6,1,31,38,1,VFC,ImageMagick,ICVul,CVE-2021-20224
bef1e4f637d8f665bc133a9c6d30df08d983bc3a,0,0,1,1,1,VFC,ImageMagick,ICVul,CVE-2016-7533
307fa45d512641fcd105f0d57ca50c1437cd1b81,2,0,0,2,1,VFC,ImageMagick,ICVul,CVE-2017-12640
ddcbde65cf72da283471304e1df31e4ebb99bbf0,13,2,5,20,2,VIC,ImageMagick,ICVul,CVE-2015-8957
f11065e08c32a2c6a82e67ade789e83936724a8e,49,0,13,62,1,VIC,ImageMagick,ICVul,CVE-2016-7532
fe5f4b85e6b1b54d3b4588a77133c06ade46d891,6,0,0,6,1,VFC,ImageMagick,ICVul,CVE-2019-13136
b173a352397877775c51c9a0e9d59eb6ce24c455,1,0,0,1,1,VFC,ImageMagick,ICVul,CVE-2016-10070
8ca35831e91c3db8c6d281d09b605001003bec08,4,0,0,4,1,VFC,ImageMagick,ICVul,CVE-2017-11310
a54fe0e8600eaf3dc6fe717d3c0398001507f723,0,23,2,25,1,VFC,ImageMagick,ICVul,CVE-2016-7513
4e81ce8b07219c69a9aeccb0f7f7b927ca6db74c,2,13,1,16,1,VFC,ImageMagick,ICVul,CVE-2016-7539
cb1214c124e1bd61f7dd551b94a794864861592e,0,0,1,1,1,VFC,ImageMagick,ICVul,CVE-2019-10131
b05c534220753d20f28f816e99357d4a930e2a86,0,6,17,23,2,VIC,ImageMagick,ICVul,CVE-2016-10066
c76e4e14db2a02efdb26be2cd8c190beca68683f,3,0,0,3,1,VIC,ImageMagick,ICVul,CVE-2017-15032
22646e2e5109153caa820c55c18af753bb1843c4,8,0,13,21,2,VIC,ImageMagick,ICVul,CVE-2017-11448
9a069e0f2e027ec5138f998023cf9cb62c04889f,0,0,1,1,1,VFC,ImageMagick,ICVul,CVE-2017-5506
b27143fc2fbe7c2ad52f170a7fd0df9db782f919,8,0,5,13,1,VIC,ImageMagick,ICVul,CVE-2020-27829
08e9a113db499034abb5ad8d59b42f8eca3c641c,4,0,434,438,107,VIC,ImageMagick,ICVul,CVE-2017-14172
1e6a3ace073c9ec9c71e439c111d23c6e66cb6ae,4,0,0,4,1,VFC,ImageMagick,ICVul,CVE-2019-7175
65d195e5b3cdbf4a62270f403597af41a5d4b1b3,2,0,6,8,1,VIC,ImageMagick,ICVul,CVE-2019-13303
b068906a6ed6900f0f55182fb1964d6ee3e8cb96,2,1,34,37,1,VIC,ImageMagick,ICVul,CVE-2016-7536
db0add932fb850d762b02604ca3053b7d7ab6deb,0,1,6,7,1,VFC,ImageMagick,ICVul,CVE-2018-20467
ec9c8944af2bfc65c697ca44f93a727a99b405f1,6,0,2,8,1,VFC,ImageMagick,ICVul,CVE-2019-18853
7689875ef64f34141e7292f6945efdf0530b4a5e,0,0,1,1,1,VFC,ImageMagick,ICVul,CVE-2019-13304
bfb7915d4b2e11acb6a819e451c382dc645277db,4,0,1,5,1,VFC,ImageMagick,ICVul,CVE-2017-12667
be83c81a07bee4dc6439081d2e6fab52e6f37051,3,0,1,4,1,VIC,ImageMagick,ICVul,CVE-2016-8677
d9b2209a69ee90d8df81fb124eb66f593eb9f599,0,3,7,10,1,VFC,ImageMagick,ICVul,CVE-2016-7526
4b1b9c0522628887195bad3a6723f7000b0c9a58,0,0,1,1,1,VFC,ImageMagick,ICVul,CVE-2016-7522
a5eeacb1bd5536f4f53f36e4ad6fa50b4b1261ca,32,0,4,36,1,VIC,ImageMagick,ICVul,CVE-2019-13137
01843366d6a7b96e22ad7bb67f3df7d9fd4d5d74,0,0,1,1,1,VFC,ImageMagick,ICVul,CVE-2017-9501
8abaa121432baed4e3e5ee8502ae98038f489cb4,0,0,1,1,1,VIC,ImageMagick,ICVul,CVE-2021-3574
3b2e6070a35b22f22409cd27951bffd5d7e29807,6,0,2,8,1,VIC,ImageMagick,ICVul,CVE-2016-10060
47e8e6ceef979327614d0b8f0c76c6ecb18e09cf,2,0,0,2,1,VFC,ImageMagick,ICVul,CVE-2016-10058
256825d4eb33dc301496710d15cf5a7ae924088b,3,0,0,3,1,VFC,ImageMagick,ICVul,CVE-2018-16641
a33f7498f9052b50e8fe8c8422a11ba84474cb42,0,0,1,1,1,VFC,ImageMagick,ICVul,CVE-2017-12644
0245b5d8db153787bddebd170deaa51b23c5f939,6,2,46,54,1,VIC,ImageMagick,ICVul,CVE-2016-4562
cdb383749ef7b68a38891440af8cc23e0115306d,1,0,0,1,1,VFC,ImageMagick,ICVul,CVE-2019-13135
748a03651e5b138bcaf160d15133de2f4b1b89ce,1,0,0,1,1,VFC,ImageMagick,ICVul,CVE-2019-7396
8ea44b48a182dd46d018f4b4f09a5e2ee9638105,0,13,1,14,1,VFC,ImageMagick,ICVul,CVE-2015-8958
6a59acc8bd967c85fd2c8a343c31c71dcb7c3f07,0,0,4,4,1,VIC,ImageMagick,ICVul,CVE-2015-8957
d9795a19984ae1bae9205b7c0fe5de75461978b3,12,0,9,21,1,VIC,ImageMagick,ICVul,CVE-2016-7514
e2a912b6c9086c98ec838baa0824cd8deca55538,52,78,376,506,33,VIC,ImageMagick,ICVul,CVE-2019-13307
6f1879d498bcc5cce12fe0c5decb8dbc0f608e5d,0,0,2,2,1,VFC,ImageMagick,ICVul,CVE-2016-7514
1bc1fd0ff8c555841c78829217ac81fa0598255d,0,0,1,1,1,VIC,ImageMagick,ICVul,CVE-2017-13143
aecd0ada163a4d6c769cec178955d5f3e9316f2f,10,1,1,12,3,VFC,ImageMagick,ICVul,CVE-2016-5688
f6e9d0d9955e85bdd7540b251cd50d598dacc5e6,525,1,14,540,83,VFC,ImageMagick,ICVul,CVE-2016-10066
6c207340b53cc6afb99215d00c6d8f4cb49ed30f,0,6,9,15,2,VIC,ImageMagick,ICVul,CVE-2016-8677
2130bf6f89ded32ef0c88a11694f107c52566c53,2,0,1,3,1,VFC,ImageMagick,ICVul,CVE-2017-16546
18c0e4dff391a0a98e7f478d0d86bbd08f7708d0,22,0,4,26,1,VIC,ImageMagick,ICVul,CVE-2016-7514
05fbba174222940743577e92cabe4a91ea91156c,6,0,9,15,4,VIC,ImageMagick,ICVul,CVE-2021-3574
bdbbb13f1fe9b7e2465502c500561720f7456aac,8,0,3,11,1,VFC,ImageMagick,ICVul,CVE-2017-14172
06c4f034881895074da3f4e4f206ba06429f042b,8,51,220,279,6,VIC,ImageMagick,ICVul,CVE-2017-12876
b3dd69b23e9338806891c708a0cc8a82c0d1872a,0,0,1,1,1,VFC,ImageMagick,ICVul,CVE-2016-7527
39f226a9c137f547e12afde972eeba7551124493,3,1,1,5,1,VFC,ImageMagick,ICVul,CVE-2019-17541
ca3654ebf7a439dc736f56f083c9aa98e4464b7f,2,0,0,2,1,VFC,ImageMagick,ICVul,CVE-2022-28463
b60d1ed0af37c50b91a40937825b4c61e8458095,0,0,1,1,1,VIC,ImageMagick,ICVul,CVE-2016-7526
126c7c98ea788241922c30df4a5633ea692cf8df,1,0,0,1,1,VFC,ImageMagick,ICVul,CVE-2017-6502
424d40ebfcde48bb872eba75179d3d73704fdf1f,0,0,2,2,1,VFC,ImageMagick,ICVul,CVE-2016-7537
cc2a4d2ba5371d25c58763e4db2dbc1f4691c0f7,0,0,4,4,1,VFC,ImageMagick,ICVul,CVE-2015-8959
316d51773c093e74e15de805e8bf620d6b56bc8b,730,575,3,1308,29,VIC,ImageMagick,ICVul,CVE-2019-13307
6d202a0514fb6a406456b8b728cde776becb25f8,0,0,2,2,1,VFC,ImageMagick,ICVul,CVE-2016-7537
3ed852eea50f9d4cd633efb8c2b054b8e33c2530,407983,0,0,407983,447,VIC,ImageMagick,ICVul,CVE-2016-4562
c9eb04ca2174d8500f59e7e3e32148069610223e,3,1,16,20,1,VIC,ImageMagick,ICVul,CVE-2015-8894
efe601ce9ea5ad34ad0e8ad6e61d9be9b148b2a3,0,0,314,314,68,VIC,ImageMagick,ICVul,CVE-2019-13309
8a370f9ab120faf182aa160900ba692ba8e2bcf0,2,0,1,3,1,VFC,ImageMagick,ICVul,CVE-2016-10069
79e5dbcdd1fc2f714f9bae548bc55d5073f3ed20,4,0,2,6,1,VFC,ImageMagick,ICVul,CVE-2017-13146
37a1710e2dab6ed91128ea648d654a22fbe2a6af,0,0,1,1,1,VFC,ImageMagick,ICVul,CVE-2017-5509
a7759f410b773a1dd57b0e1fb28112e1cd8b97bc,2,0,0,2,1,VIC,ImageMagick,ICVul,CVE-2019-13297
13d07043243e0c8c151aad7db5240b75e76ca281,2,0,15,17,4,VIC,ImageMagick,ICVul,CVE-2015-8897
a2e1064f288a353bc5fef7f79ccb7683759e775c,1,0,1,2,1,VFC,ImageMagick,ICVul,CVE-2016-7529
816ecab6c532ae086ff4186b3eaf4aa7092d536f,2,0,1,3,1,VFC,ImageMagick,ICVul,CVE-2017-11522
c6c9ed32eca003383416914f03d79f27263499c6,1,0,1,2,2,VIC,ImageMagick,ICVul,CVE-2019-18853
46ff2676b1044ea4101ac7a59b83289cd8f6cfda,7,4,320,331,49,VIC,ImageMagick,ICVul,CVE-2015-8897
04d6eb1cddf88b971dc878e6e530b94be4696737,42,0,13,55,2,VIC,ImageMagick,ICVul,CVE-2019-17541
c073a7712d82476b5fbee74856c46b88af9c3175,1,0,2,3,1,VFC,ImageMagick,ICVul,CVE-2017-5508
e14fd0a2801f73bdc123baf4fbab97dec55919eb,1,0,1,2,1,VIC,ImageMagick,ICVul,CVE-2016-7514
3a37efd7ece979e9c63dc8f2f2d3816bab8b1156,229,27,267,523,69,VIC,ImageMagick,ICVul,CVE-2016-7532
5f6f01c9161e82bbcf876100f7b233b5aad4bba4,34,32,35,101,2,VIC,ImageMagick,ICVul,CVE-2017-12427
f68a98a9d385838a1c73ec960a14102949940a64,6,0,0,6,1,VFC,ImageMagick,ICVul,CVE-2017-14174
e8c25f9b4c9fb72cad6db08eeda58c7c5784014e,37,43,1081,1161,77,VIC,ImageMagick,ICVul,CVE-2017-14172
0553bd5babdbdf65b95f91ed401c98fead17ab54,34,2,86,122,8,VIC,ImageMagick,ICVul,CVE-2019-7397
50f54462076648ac2e36c3f58f4dadd4babbf1c9,2,0,1,3,1,VFC,ImageMagick,ICVul,CVE-2017-14173
91e58d967a92250439ede038ccfb0913a81e59fe,0,1,5,6,1,VFC,ImageMagick,ICVul,CVE-2019-13307
acee073df34aa4d491bf5cb74d3a15fc80f0a3aa,4,0,1,5,1,VFC,ImageMagick,ICVul,CVE-2017-13145
cb613e9727c63201aeb043564383bd5b740909a4,23,12,8,43,1,VIC,ImageMagick,ICVul,CVE-2017-5509
0b48d6bea00aa9f16bb0d48e860dc085640a4d84,102,8,51,161,1,VIC,ImageMagick,ICVul,CVE-2023-3195
139d4323c40d7363bfdd2382c3821a6f76d69430,2,0,3,5,1,VIC,ImageMagick,ICVul,CVE-2017-9144
a77d8d97f5a7bced0468f0b08798c83fb67427bc,0,0,1,1,1,VFC,ImageMagick,ICVul,CVE-2019-14981
f0232a2a45dfd003c1faf6079497895df3ab0ee1,1,0,3,4,1,VFC,ImageMagick,ICVul,CVE-2017-9142
7d65a814ac76bd04760072c33e452371692ee790,0,0,1,1,1,VFC,ImageMagick,ICVul,CVE-2017-5511
b522d2d857d2f75b659936b59b0da9df1682c256,0,0,1,1,1,VFC,ImageMagick,ICVul,CVE-2019-14981
9df12af3fd1fb7caba5cad600b5b84e10773b9dd,195,0,68,263,1,VIC,ImageMagick,ICVul,CVE-2017-13146
a5b64ccc422615264287028fe6bea8a131043b59,0,0,1,1,1,VIC,ImageMagick,ICVul,CVE-2021-3610
d5089971bd792311aaab5cb73460326d7ef7f32d,7,0,1,8,1,VFC,ImageMagick,ICVul,CVE-2019-13302
ef8f40689ac452398026c07da41656a7c87e4683,10,0,2,12,1,VFC,ImageMagick,ICVul,CVE-2017-15033
29efd648f38b73a64d73f14cd2019d869a585888,0,0,5,5,1,VFC,ImageMagick,ICVul,CVE-2019-13305
9a301fa41f3bb299194d122e60d04380d4571e35,6,27,21,54,1,VIC,ImageMagick,ICVul,CVE-2021-3962
55e6dc49f1a381d9d511ee2f888fdc3e3c3e3953,2,0,0,2,1,VFC,ImageMagick,ICVul,CVE-2019-13295
b41f080d52a5ff2d9c235cffac1419b84028bd31,809,508,248,1565,1,VIC,ImageMagick,ICVul,CVE-2016-10058
374b8ad2958410591db2e8c42e9b65ef89655e00,33,2,157,192,1,VIC,ImageMagick,ICVul,CVE-2016-7514
241988ca28139ad970c1d9717c419f41e360ddb0,1,0,0,1,1,VFC,ImageMagick,ICVul,CVE-2017-15032
afa878a689870c28b6994ecf3bb8dbfb2b76d135,27,0,0,27,1,VFC,ImageMagick,ICVul,CVE-2018-16644
cc4ac341f29fa368da6ef01c207deaf8c61f6a2e,33,0,61,94,1,VFC,ImageMagick,ICVul,CVE-2018-16642
d7a8bdd7bb33cf8e58bc01b4a4f2ea5466f8c6b3,0,0,2,2,1,VFC,ImageMagick,ICVul,CVE-2023-1906
285c84a86dacdc4ebee2ce3e88e642dbf174d3dc,0,1,2,3,1,VIC,ImageMagick,ICVul,CVE-2023-5341
f6463ca9588579633bbaed9460899d892aa3c64a,2,0,0,2,1,VFC,ImageMagick,ICVul,CVE-2017-11448
9950d57e1124b73f684fb5946e206994cefda628,106,95,437,638,131,VIC,ImageMagick,ICVul,CVE-2017-15033
b0b13bca2ce54ba06977e4250ca22e9cad3e8e69,2026,34,187,2247,1,VIC,ImageMagick,ICVul,CVE-2015-8959
7131d8ff451a1d5163e7e35b7a910df80cb54fab,18,0,7,25,1,VIC,ImageMagick,ICVul,CVE-2016-7515
a251039393f423c7858e63cab6aa98d17b8b7a41,0,0,1,1,1,VFC,ImageMagick,ICVul,CVE-2016-7527
eedd0c35bb2d8af7aa05f215689fdebd11633fa1,2,0,20,22,4,VIC,ImageMagick,ICVul,CVE-2017-12663
2b2f6c5262a005571c3dbb75b636bfa3893840b2,0,0,1,1,1,VIC,ImageMagick,ICVul,CVE-2017-11447
ce98a7acbcfca7f0a178f4b1e7b957e419e0cc99,2,0,0,2,1,VFC,ImageMagick,ICVul,CVE-2016-9556
03628449b75a93787eb2359412a3980365dda49b,0,0,5,5,1,VFC,OpenSC,ICVul,CVE-2018-16426
68928ae52001486494e013cb4907a1fce8f760c1,12,0,67,79,5,VIC,OpenSC,ICVul,CVE-2019-15945
b78d7630e7c2bb7e96b49663aeafcf05cf9f05ca,15,0,15,30,6,VIC,OpenSC,ICVul,CVE-2021-42781
b75c002cfb1fd61cd20ec938ff4937d7b1a94278,3,1,5,9,1,VFC,OpenSC,ICVul,CVE-2019-19481
e9d1f1008452847ba90f98a4c52b5db7c5bb1656,974,31,156,1161,5,VIC,OpenSC,ICVul,CVE-2021-42782
ae1cf0be,0,0,1,1,1,VFC,OpenSC,ICVul,CVE-2021-42782
5835f0d4f6c033bd58806d33fa546908d39825c9,0,0,1,1,1,VFC,OpenSC,ICVul,CVE-2024-1454
5df913b7,0,0,3,3,1,VFC,OpenSC,ICVul,CVE-2021-42780
9946e237de1b09d4939448f354331a84b8e6f689,474,31,160,665,3,VIC,OpenSC,ICVul,CVE-2021-42782
630d6adf32cecaab0ee184618f56497bd50400fb,7,0,0,7,1,VIC,OpenSC,ICVul,CVE-2019-19480
b051b085846967795299e4bb92e19e1028b1048c,2323,1,2,2326,9,VIC,OpenSC,ICVul,CVE-2021-42782
412a6142c27a5973c61ba540e33cdc22d5608e68,4,0,4,8,1,VFC,OpenSC,ICVul,CVE-2019-15945
cae5c71f,0,0,1,1,1,VFC,OpenSC,ICVul,CVE-2021-42781
9c91a4327e6db579f7f964f147fd6e94a0e1b85e,11,0,5,16,1,VIC,OpenSC,ICVul,CVE-2021-42781
542e12deb327b12dbc5791811cc0c09698c5aff3,19,0,9,28,3,VIC,OpenSC,ICVul,CVE-2019-15946
ffab538bcca628139596e2d2a837a18b3c422047,1040,0,0,1040,2,VIC,OpenSC,ICVul,CVE-2020-26570
c57e2e266d89c1fb96f216813e3122862d980c92,3464,0,3,3467,17,VIC,OpenSC,ICVul,CVE-2019-15945
c17ff3ebdf8f0fcabd7c08b47dbfdd7b6c5a119b,36,55,259,350,14,VIC,OpenSC,ICVul,CVE-2019-15945
f1993dc4e0b33050b8f72a3558ee88b24c4063b2,2,0,4,6,1,VFC,OpenSC,ICVul,CVE-2023-4535
f015746d,3,0,6,9,1,VFC,OpenSC,ICVul,CVE-2021-42778
17d8980c,4,0,2,6,1,VFC,OpenSC,ICVul,CVE-2021-42781
7114fb71,1,0,1,2,1,VFC,OpenSC,ICVul,CVE-2021-42782
295c523e4e174a4adef7cae6e0463b1164e52c75,203,0,83,286,3,VIC,OpenSC,ICVul,CVE-2021-42782
cde2e050ec4f2f1b7db38429aa4e9c0f4656308c,5,0,5,10,1,VIC,OpenSC,ICVul,CVE-2023-4535
c246f6f69a749d4f68626b40795a4f69168008f4,5,0,0,5,1,VFC,OpenSC,ICVul,CVE-2019-20792
c3f23b836e5a1766c36617fe1da30d22f7b63de2,0,0,1,1,1,VFC,OpenSC,ICVul,CVE-2019-19479
513a3dde0ab9f57275dc9267808bb8dbd1e7e5a9,136,166,543,845,4,VIC,OpenSC,ICVul,CVE-2021-42780
69544553c36f0613f6283e0eeb3f9eb549825986,9,0,13,22,1,VIC,OpenSC,ICVul,CVE-2021-42780
6903aebfddc466d966c7b865fae34572bf3ed23e,4,0,3,7,1,VFC,OpenSC,ICVul,CVE-2020-26570
c8b2e8271350ad3a5a4ebb5824f387b727d424f7,7,0,1,8,1,VIC,OpenSC,ICVul,CVE-2021-42779
17d8980cde7be597afc366b7e311d0d7cadcb1f4,4,0,2,6,1,VIC,OpenSC,ICVul,CVE-2021-42781
c852236e8368b47b38d89b1b7fb2dbd78753e109,288,0,5,293,1,VIC,OpenSC,ICVul,CVE-2023-4535
3a0ca5aa7d950e448503750254f7035901bf66c8,124,1,39,164,1,VIC,OpenSC,ICVul,CVE-2021-42782
6ce6152284c47ba9b1d4fe8ff9d2e6a3f5ee02c7,0,3,1,4,1,VFC,OpenSC,ICVul,CVE-2019-19480
40c50a3a,49,0,17,66,1,VFC,OpenSC,ICVul,CVE-2021-42781
78cdab94,0,0,1,1,1,VFC,OpenSC,ICVul,CVE-2021-42782
16f045bf0c86114abad712e5c7226da7f8612cef,185,87,231,503,2,VIC,OpenSC,ICVul,CVE-2021-42782
1252aca9,0,0,4,4,1,VFC,OpenSC,ICVul,CVE-2021-42782
251c4f6b7613a9cea421035e5971c793fc30f9e2,10,0,5,15,1,VIC,OpenSC,ICVul,CVE-2021-42781
384626533e3596f796f860a37ebb72e093939c41,0,0,4,4,1,VIC,OpenSC,ICVul,CVE-2021-42782
57b7a81c3a3233e93e9b60927103b26f9a20463e,6275,0,0,6275,5,VIC,OpenSC,ICVul,CVE-2018-16426
1db88374,1,0,6,7,1,VFC,OpenSC,ICVul,CVE-2021-42779
ac4da89d0dfebfbf87be3f4936daa42a0ebc6477,0,0,2,2,2,VIC,OpenSC,ICVul,CVE-2018-16426
c2fe4609a919eec756d7ef18af68c660fc2fa409,806,148,288,1242,12,VIC,OpenSC,ICVul,CVE-2021-42782
456ac566,10,2,50,62,1,VFC,OpenSC,ICVul,CVE-2021-42782
5d4daf6c,3,0,1,4,1,VFC,OpenSC,ICVul,CVE-2021-42781
d888b3fd55053894dcc751b21301d53669e966ba,244,8,800,1052,46,VIC,OpenSC,ICVul,CVE-2021-42779
cfd5519b981c1aeb8f150a13b0f116fb281c8782,0,58,34,92,1,VIC,OpenSC,ICVul,CVE-2021-42782
3439f9cdd7c51155f412fda95786f145a5001fe8,1241,0,3,1244,6,VIC,OpenSC,ICVul,CVE-2019-19479
9ac41205945f2a47e5b7e16c14a16ddcf4159e0e,163,53,286,502,25,VIC,OpenSC,ICVul,CVE-2021-42779
9d294de90d1cc66956389856e60b6944b27b4817,2,0,0,2,1,VFC,OpenSC,ICVul,CVE-2020-26572
6d1fcd9cf82c6501089898066656fbe6737f3ced,2,0,7,9,1,VIC,OpenSC,ICVul,CVE-2024-1454
fdcc843e786a0a19e8bccfe769e5e94641e1c15e,73,0,0,73,3,VIC,OpenSC,ICVul,CVE-2021-42778
a3fc7693f3a035a8a7921cffb98432944bb42740,0,0,1,1,1,VFC,OpenSC,ICVul,CVE-2019-15946
45ad44e3115c2fda36c46f77b792f0f9da6152ab,17,0,26,43,10,VIC,OpenSC,ICVul,CVE-2021-42782
e2b1fb81e0e1339eebaa36fb90635e03f69d4da3,773,126,24,923,6,VIC,OpenSC,ICVul,CVE-2019-19481
05648b06,2,0,2,4,1,VFC,OpenSC,ICVul,CVE-2021-42781
790ed5fcd7a3189c2df686daebe02f43ae5a72c3,3113,0,0,3113,7,VIC,OpenSC,ICVul,CVE-2021-42782
f5902e4f0c03ad542f039f6fe312b4b8f9e30fd6,396,103,149,648,3,VIC,OpenSC,ICVul,CVE-2021-42782
ca9e26aab4b78dbd0d5f59ca5e3bda47000b6353,4,0,7,11,1,VIC,abrt,ICVul,CVE-2015-3151
50ee8130fb4cd4ef1af7682a2c85dd99cb99424e,33,0,4,37,1,VFC,abrt,ICVul,CVE-2015-5273
23d6997d7886abe118c28254f7f73f0b19b2d4e0,78,0,7,85,1,VIC,abrt,ICVul,CVE-2015-5287
da7e73871082aa09d2fcddb8c87a432a31003302,45,0,1,46,1,VIC,abrt,ICVul,CVE-2015-3315
80408e9e24a1c10f85fd969e1853e0f192157f92,10,5,6,21,1,VFC,abrt,ICVul,CVE-2015-3315
322b8926377cc4b12e2d9e5853f72a603b98f0c9,0,22,2,24,3,VIC,abrt,ICVul,CVE-2015-1869
67a3602e83af42f932e0583d7385d9bcf7ea7e16,23,1,9,33,1,VIC,abrt,ICVul,CVE-2015-3159
7945c26b156470df73f36ec33a78c79ad6c1cf15,49,4,12,65,1,VIC,abrt,ICVul,CVE-2015-3150
17cb66b13997b0159b4253b3f5722db79f476d68,3,0,0,3,1,VFC,abrt,ICVul,CVE-2015-3315
bcbe6aef128f51ed28bffc5c0d8ddeb1c2d77da8,251,4,40,295,1,VIC,abrt,ICVul,CVE-2015-3150
96b638672430b84b0739028c84aa233768fc4b28,0,0,5,5,2,VIC,abrt,ICVul,CVE-2015-3315
eb4e9397210f8604dac880e6b9bffae6428a3651,0,50,7,57,1,VIC,abrt,ICVul,CVE-2015-3150
b50a5f7a27d5f6afe893d946b4a3278161c1fc84,0,2,160,162,23,VIC,abrt,ICVul,CVE-2015-3150
20a9c4ddff4e597bc67f6cc232890ea946b38692,27,0,2,29,1,VIC,abrt,ICVul,CVE-2015-5273
d6e2f6f128cef4c21cb80941ae674c9842681aa7,0,0,1,1,1,VFC,abrt,ICVul,CVE-2015-3315
f3c2a6af3455b2882e28570e8a04f1c2d4500d5b,12,0,1,13,1,VFC,abrt,ICVul,CVE-2015-3151
7814554e0827ece778ca88fd90832bd4d05520b1,61,0,10,71,2,VFC,abrt,ICVul,CVE-2015-3150
3c1b60cfa62d39e5fff5a53a5bc53dae189e740e,1,0,1,2,1,VFC,abrt,ICVul,CVE-2015-5287
d2bed1d9f267106e55359883ea24a7fc1eea3358,0,0,2,2,1,VIC,abrt,ICVul,CVE-2015-3150
b6640620e27a029b3f1f8dcec22fb4c95e48db2a,252,1,23,276,1,VIC,abrt,ICVul,CVE-2015-1869
c796c76341ee846cfb897ed645bac211d7d0a932,0,16,1,17,1,VFC,abrt,ICVul,CVE-2015-3151
6f592635c106cbacb43fa9f50c9859625a591775,8,10,51,69,2,VIC,abrt,ICVul,CVE-2015-3150
50b676e4e3ffda79665712d4522887fdb2f2ba06,659,0,0,659,3,VIC,abrt,ICVul,CVE-2015-3151
8f16c431edbe93c364b724f22d8bbf9130aa1734,722,536,0,1258,5,VIC,abrt,ICVul,CVE-2015-3150
9a4100678fea4d60ec93d35f4c5de2e9ad054f3a,3,0,0,3,1,VFC,abrt,ICVul,CVE-2015-3159
4329a9e6f4106541de94a348809775b006d786b2,5,0,0,5,1,VIC,abrt,ICVul,CVE-2015-3315
0350e2947cbb4e6df2d97030b0f5e167ff04cbd6,0,47,86,133,2,VIC,abrt,ICVul,CVE-2015-3150
ba373a59d8950bb6ca502bf3fd1c1d15ac39380c,43,0,4,47,1,VIC,abrt,ICVul,CVE-2015-1869
f25ed798ab0ea1a30d10cfef7535e8c7d5e6db96,0,3,11,14,3,VIC,abrt,ICVul,CVE-2015-1869
b68b28389466846ab64e9378ce606a088744b5d3,0,14,8,22,1,VIC,abrt,ICVul,CVE-2015-3150
50cd5df01283c850f13cb71d490511fc6368aadb,3,2,4,9,4,VIC,abrt,ICVul,CVE-2015-3315
97add0e479476d10c44f7cf93192fafd7a734feb,113,0,1,114,1,VIC,abrt,ICVul,CVE-2015-3150
01f74814a15be459652a2442a427721de9238810,34,0,0,34,1,VIC,abrt,ICVul,CVE-2015-3151
b7f8bd20b7fb5b72f003ae3fa647c1d75f4218b7,65,27,5,97,3,VFC,abrt,ICVul,CVE-2015-3150
5f1539f9718c76ee87dfbde35e66aa5377005fe8,58,0,2,60,2,VIC,abrt,ICVul,CVE-2015-3150
6e811d78e2719988ae291181f5b133af32ce62d8,16,0,10,26,1,VFC,abrt,ICVul,CVE-2015-3150
4f1f7188cf1ebe8e69eaccebd962599ad8e934c1,4,11,29,44,2,VIC,abrt,ICVul,CVE-2015-3150
a86027f5903fabc75852c29832471622932c520e,14,21,11,46,3,VIC,abrt,ICVul,CVE-2015-5273
8939398b82006ba1fec4ed491339fc075f43fc7c,65,0,6,71,7,VIC,abrt,ICVul,CVE-2015-1869
1d66c8a345b7650ce9994efe6bf07e53000442b0,79,0,29,108,1,VIC,abrt,ICVul,CVE-2015-5273
7a47f57975be0d285a2f20758e4572dca6d9cdd3,24,0,0,24,1,VFC,abrt,ICVul,CVE-2015-3151
b6e95486043c8e3bc2863732fe6f510e76cabb7b,11,0,8,19,1,VIC,abrt,ICVul,CVE-2015-3150
1d882e2048afb0cead8e0bf9ade9fb88e0481bcc,7,10,3,20,1,VIC,abrt,ICVul,CVE-2015-3150
e835623bfcdad01f4ee9876e1e19ef48c1444d49,59,0,0,59,1,VIC,abrt,ICVul,CVE-2015-1869
e27ed8ff556bea720d4c9d1e433dc5f062854e0b,1,0,6,7,1,VIC,abrt,ICVul,CVE-2015-3159
4f2c1ddd3e3b81d2d5146b883115371f1cada9f9,0,0,1,1,1,VFC,abrt,ICVul,CVE-2015-3315
7417505e1d93cc95ec648b74e3c801bc67aacb9f,34,0,2,36,4,VFC,abrt,ICVul,CVE-2015-1869
3287aa12eb205cff95cdd00d6d6c5c9a4f8f0eca,7,10,1,18,1,VFC,abrt,ICVul,CVE-2015-1869
9943a77bca37a0829ccd3784d1dfab37f8c24e7b,62,0,22,84,1,VIC,abrt,ICVul,CVE-2015-3159
d73709e5066cf39d93f012c6b4dac063c987d722,72,23,9,104,4,VIC,abrt,ICVul,CVE-2015-1869
5d5adea0c64d85038ec8b9ea67a259944c3157f3,304,177,3,484,3,VIC,abrt,ICVul,CVE-2015-3150
763061d4bd7555df95e7522e059dd807dd628357,6,4,4,14,1,VIC,abrt,ICVul,CVE-2015-3315
0287cdc38962145fe5817655222b1140a24224d0,151,0,4,155,1,VIC,abrt,ICVul,CVE-2015-3151
e9ebffae1314c35121255e90ddc1a05658e013d6,20,0,0,20,1,VIC,abrt,ICVul,CVE-2015-3150
8d16d4ce14a82356007c14fb7535170933eb7812,7,0,14,21,1,VIC,ceph,ICVul,CVE-2018-1129
5ead97120e07054d80623dada90a5cc764c28468,186,1,71,258,29,VFC,ceph,ICVul,CVE-2018-1128
190ec03b839e34a5628a88138d550bf266eb73f8,2,0,1,3,1,VIC,ceph,ICVul,CVE-2018-1128
610d66f5319c647b0bb7302b1e8207dd6eafbf13,3423,2,9,3434,23,VIC,ceph,ICVul,CVE-2018-1128
e66a48f854ada78a4b814d45878d650b3087a0b9,46,9,29,84,2,VIC,ceph,ICVul,CVE-2018-1128
4975d6d3d171a2ef031b735204c24c44708fae3b,0,0,61,61,16,VIC,ceph,ICVul,CVE-2018-1128
ac30e6cee2b2d3815438f1a392a951d511bddfd4,2877,0,0,2877,18,VIC,ceph,ICVul,CVE-2018-1128
ecbcd591b785009e8a28a41125868024d86c112d,0,0,40,40,6,VIC,ceph,ICVul,CVE-2018-1128
f159a093ecab4aa53693ec106c00d5ecb383c467,19,0,13,32,3,VIC,ceph,ICVul,CVE-2018-1128
69a5eebd8a45d68cd67566545d741029a4399858,2154,0,2,2156,7,VIC,ceph,ICVul,CVE-2017-16818
2157bcbf65a691d69fd52deb1fb5bb949b058f9c,17,0,9,26,2,VIC,ceph,ICVul,CVE-2018-1128
01038faf697693862e766c301e0822d024a06bb9,4,0,18,22,11,VIC,ceph,ICVul,CVE-2018-1128
d09d28c5f1fd1a7d6e701fa663671c747b7d7ed0,3740,0,2,3742,12,VIC,ceph,ICVul,CVE-2018-1128
cf5fbb38b31263e652ec2d042ef54813ee2a0444,8,0,16,24,9,VIC,ceph,ICVul,CVE-2018-1128
56167d19f8ef1f718c7f6660739db08cc7346c05,145,1,2,148,4,VIC,ceph,ICVul,CVE-2017-16818
56bce3ba261195984effceb5c46fa56b9c8ac65a,10,1,9,20,5,VIC,ceph,ICVul,CVE-2018-1128
8f396cf35a3826044b089141667a196454c0a587,46,0,32,78,1,VFC,ceph,ICVul,CVE-2018-1129
c9adf07bae363aa00b34f112b89b624acfa363ed,76,76,42,194,1,VIC,ceph,ICVul,CVE-2018-1128
7735b35fb0c4be81c6f142db80ab497e9eb7afb4,4,46,339,389,71,VIC,ceph,ICVul,CVE-2018-1128
912123f28d9eb10f8a36620af643f20c699c5a5f,2394,2248,8,4650,8,VIC,ceph,ICVul,CVE-2018-1128
cc5d05bc294711155324d21a8bdba574847f881e,301,0,2,303,9,VIC,ceph,ICVul,CVE-2018-1128
edc92490b563b6cd0fde6ec0bc40c0217285200b,0,6,1051,1057,145,VIC,ceph,ICVul,CVE-2018-1128
794e51829cf6702dcd27799692d9e8c171fa626b,7,0,6,13,1,VIC,ceph,ICVul,CVE-2018-1128
b7a194eb6536e536b116b193dae929bc3a8ec8bc,20,3,51,74,7,VIC,ceph,ICVul,CVE-2018-1129
d0cd88b3ee805854c6c0c5272f14793e95211b43,44,508,148,700,5,VIC,ceph,ICVul,CVE-2018-1128
27974c4621188cf403a558d7f01f7409539158f3,221,1,3,225,5,VIC,ceph,ICVul,CVE-2018-1128
40203f711dd59c7f61f5f8eb56a97842c3206494,16,2,49,67,4,VIC,ceph,ICVul,CVE-2018-1129
7761ad97e620a06abbc3f786ea2a1d5c5d0f2a36,144,98,62,304,26,VIC,ceph,ICVul,CVE-2018-1128
acec741706ba6e43f63912ac7a7ba854fc9e12f5,0,0,483,483,40,VIC,ceph,ICVul,CVE-2018-1128
b3118cabb8060a8cc6a01c4e8264cb18e7b1745a,6,5,3,14,3,VFC,ceph,ICVul,CVE-2017-16818
2199315c40e79d8b4372af57b6d11be0e171b2a0,0,0,160,160,21,VIC,ceph,ICVul,CVE-2018-1128
9450abcd0c6b7929ea7bf31321d7e70c7f80901a,0,0,1,1,1,VIC,ceph,ICVul,CVE-2017-16818
e96c0ceec7b22b93a21bea70b005687966566c39,23,66,75,164,24,VIC,ceph,ICVul,CVE-2018-1128
7cce4d41548bde68b93bfbc902a6eb1cd25bfcb7,135,0,2,137,6,VIC,ceph,ICVul,CVE-2018-1128
d61de35ce13dc90ea62711312eb47b75b40c980f,5,12,29,46,5,VIC,ceph,ICVul,CVE-2018-1128
1dbb0ac80bb106fc2fc3f7d6b5d01282c5c8e1da,24,2,35,61,6,VIC,ceph,ICVul,CVE-2018-1128
8438eea2d2e4723de487701df639fe5907b9ba88,151,2,16,169,15,VIC,ceph,ICVul,CVE-2018-1128
1166f3a085e4a6bb84a976646d778df913bde648,44,2,20,66,14,VIC,ceph,ICVul,CVE-2018-1128
1a91aeab987870b3ccbcf2f1e476fac8b534d449,0,0,207,207,32,VIC,ceph,ICVul,CVE-2018-1128
2390701c810d57b000d363a94e177b7ba724dc50,463,201,53,717,16,VIC,ceph,ICVul,CVE-2018-1128
b5acef206c94142464f7ff314bb11c843c5420e8,127,0,8,135,3,VIC,ceph,ICVul,CVE-2018-1129
da109b3139ffde4e3d9e932c165992d271ce8999,0,0,143,143,35,VIC,ceph,ICVul,CVE-2018-1128
296e5457be31bd7d22e467ed0a8f4d4cea8df77f,18,21,27,66,3,VIC,ceph,ICVul,CVE-2018-1128
bee7be2f8211f4f26822a45b78265d3e78a70d2f,113,5,50,168,12,VIC,ceph,ICVul,CVE-2018-1128
177d608155ba8b11598b9bbf8240e90d8c350682,1,0,1,2,1,VFC,envoy,ICVul,CVE-2022-21655
bc654f504a9daef1302e34d7373939c10a401217,81,24,60,165,6,VIC,envoy,ICVul,CVE-2022-21656
e86671759938e4b0c308b8d593ab3a1ce6375be9,91,0,38,129,7,VIC,envoy,ICVul,CVE-2019-15226
47bbf3f599e3c726a775ac5efcb93b19b1a0ff39,0,0,53,53,26,VIC,envoy,ICVul,CVE-2019-15226
cb7691cb6dde2014b86d05e932fcbc32f4c48eca,1,0,7,8,3,VIC,envoy,ICVul,CVE-2022-23606
865595291a1de5397dda0de46dd6048a0d993ee6,681,0,6,687,18,VIC,envoy,ICVul,CVE-2022-29225
4865c9ce2b8693ba4a5a7c19d32fd42919d1a193,21,0,6,27,3,VIC,envoy,ICVul,CVE-2019-15226
b7ef8b82780060efb877fe717092bac879ae33e8,128,10,46,184,4,VIC,envoy,ICVul,CVE-2021-43826
b41ba5925a4e93d22a86c6501d63314ccf0d79f3,115,0,39,154,41,VIC,envoy,ICVul,CVE-2024-32475
f90e1b08ac5b4973c45a6529780ebdd211ff901f,455,2,77,534,14,VIC,envoy,ICVul,CVE-2019-15226
84efbaf7f0c1e63692945891162acc9fa755e549,34,59,34,127,15,VIC,envoy,ICVul,CVE-2022-23606
369e63fd648b2592486f129ddbee17034f3c1f3a,23,0,5,28,4,VIC,envoy,ICVul,CVE-2019-15226
ce0ae309057a216aba031aff81c445c90c6ef145,9,0,1,10,2,VFC,envoy,ICVul,CVE-2021-43826
4292718b9c473061ffbd5e378f36893de2953387,636,521,53,1210,4,VIC,envoy,ICVul,CVE-2024-23322
29989f6cc8bfd8cd2ffcb7c42711eb02c7a5168a,3,0,1,4,1,VFC,envoy,ICVul,CVE-2024-23324
f08b17516026882a0964a225c0135dc996b964af,22,1,22,45,4,VIC,envoy,ICVul,CVE-2024-32475
afc39bea36fd436e54262f150c009e8d72db5014,220,8,33,261,14,VFC,envoy,ICVul,CVE-2019-15226
00536345a1f49ef19c1869253c7ce4d24be5ab58,21,28,258,307,37,VIC,envoy,ICVul,CVE-2024-23322
b47fc6648d7c2dfe0093a601d44cb704b7bad382,65,2,20,87,4,VFC,envoy,ICVul,CVE-2024-32475
3bd1db47ec39f8ce4aa21cee7cb04c856a3077bf,448,47,176,671,32,VIC,envoy,ICVul,CVE-2022-23606
1ce010929d4d283fce977bc65558da71ffe6bf7c,655,97,7,759,19,VIC,envoy,ICVul,CVE-2022-21655
ea39e3cba652bcc4b11bb0d5c62b017e584d2e5a,0,1,7,8,1,VFC,envoy,ICVul,CVE-2021-21378
127aa55306c9e4366e10b3a6e26d01df826e2fc0,601,0,0,601,11,VIC,envoy,ICVul,CVE-2022-29225
e9f936d85dc1edc34fabd0a1725ec180f2316353,37,0,1,38,3,VFC,envoy,ICVul,CVE-2022-21654
ead0de979c339f2dfb209ebdd1c93ee1ef7c7d74,77,0,12,89,11,VIC,envoy,ICVul,CVE-2019-15226
d8d089a6088591e681c43aabdbc671b4f8e59d0d,28,0,0,28,3,VIC,envoy,ICVul,CVE-2019-15226
f14eee844d47bcd0429e5b6c31e3a51d54dd13ae,10,2,8,20,3,VIC,envoy,ICVul,CVE-2024-32475
c8c7907bf8518aa15b26e36261e900665820295f,212,50,103,365,2,VIC,envoy,ICVul,CVE-2022-29227
30ebb2cbceb417c1ba7d482c2f618e55bd0cd5bf,545,349,246,1140,23,VIC,envoy,ICVul,CVE-2024-23325
975cbe8b8b78676029fba66b2623f47e48fd006c,88,5,19,112,10,VIC,envoy,ICVul,CVE-2019-15226
6a2820ffb2ac4b233f6b469b4f2a57c3e124b532,2211,2230,0,4441,4,VIC,envoy,ICVul,CVE-2022-29227
5843954375fe548776d3d5c36ff8bb79cd61f2a0,245,172,77,494,30,VIC,envoy,ICVul,CVE-2019-15226
76667dd9454101a6f9d38b672555e076706d190a,80,0,0,80,4,VIC,envoy,ICVul,CVE-2024-23325
c64497b8d727ef7631565c7674a2233c58bb51ac,4,4,118,126,50,VIC,envoy,ICVul,CVE-2024-32475
6591604546dbc2a71084bbf436ffece99541027b,42,3,19,64,12,VIC,envoy,ICVul,CVE-2019-15226
99b6e525fb9f6f6f19a0425f779bc776f121c7e5,8,0,3,11,1,VFC,envoy,ICVul,CVE-2024-39305
ce634f4be8929f42366ea729fb098afdc139766a,0,11,501,512,59,VIC,envoy,ICVul,CVE-2019-15226
9371333230b1a6e1be2eccf4868771e11af6253a,3,0,0,3,1,VFC,envoy,ICVul,CVE-2021-43824
a09388a47e64b4742c334989b18a5c053b8decbf,55,60,14,129,4,VIC,envoy,ICVul,CVE-2019-15226
cb4ef0b09200c720dfdb07e097092dd105450343,72,1,5,78,8,VFC,envoy,ICVul,CVE-2022-29225
add577804283dcd1dbb7364b7b6354ded2933150,42,0,7,49,2,VIC,envoy,ICVul,CVE-2019-15226
b67a3fc250cd9f74fde744d400d7c6857ea80dea,31,0,17,48,12,VIC,envoy,ICVul,CVE-2024-23325
e42861661a24e53f5ba58d56e8aee0ab88e05447,102,15,95,212,4,VIC,envoy,ICVul,CVE-2024-23322
3a596a4b0f8a8c3e60ff6240508a1d7395a9bacd,124,13,270,407,59,VIC,envoy,ICVul,CVE-2019-15226
bc67c6e155c2bb4b1cdd9e13c48ca15e9c2b7902,371,0,9,380,2,VIC,envoy,ICVul,CVE-2022-29224
84f538f1ddcb5c16d98627df8b5e8c38f0f26720,44,0,4,48,7,VIC,envoy,ICVul,CVE-2021-43826
07c3483e53d1c5a62d848932aab0d23ed78088c5,28,31,4,63,5,VIC,envoy,ICVul,CVE-2022-21656
c5f4302325223765b660f0f366ce25bf8570e7a5,126,14,767,907,143,VIC,envoy,ICVul,CVE-2021-43824
c84604c32f4e015665dc50d768f972e2d0ce7cd0,200,9,42,251,9,VIC,envoy,ICVul,CVE-2019-15226
9b1c3962172a972bc0359398af6daa3790bb59db,12,0,7,19,1,VFC,envoy,ICVul,CVE-2022-29224
c7b290085582a089afea078ca17b8ab7709ec51b,741,5,125,871,14,VIC,envoy,ICVul,CVE-2021-43824
838eb20c67d594425fb98f203857b292f37b5778,122,9,90,221,29,VIC,envoy,ICVul,CVE-2024-32475
cbf03b90e8aa1c3476b493d8629abe7fc82b22c9,45,8,33,86,14,VIC,envoy,ICVul,CVE-2019-15226
0bc3fc905c55fceb7a8a00c033e1679de1d1de15,798,543,55,1396,11,VIC,envoy,ICVul,CVE-2022-21654
1e42b1a5e7d2b43f2fcfd0dfeb9bf077855a2af0,200,8,47,255,7,VIC,envoy,ICVul,CVE-2022-29225
4c4fc058cd431c5fdfd2770c6560c67d69bdf239,56,0,21,77,15,VIC,envoy,ICVul,CVE-2022-29224
843f9e6a123ed47ce139b421c14e7126f2ac685e,10,0,0,10,2,VFC,envoy,ICVul,CVE-2024-23322
df3d47f478c29188d22b517d1a0d05793dfe2c62,26,0,29,55,11,VIC,envoy,ICVul,CVE-2019-15226
261d4438c0690f127c9f4a7690da3e8377a51fd6,590,499,11,1100,11,VIC,envoy,ICVul,CVE-2019-15226
b58b5f2d61a60a387e2f786b01d69922fce6bdc0,225,54,53,332,9,VIC,envoy,ICVul,CVE-2024-23325
62e87ad83a1e8b2e548afa986a17919c93558691,53,36,8,97,5,VIC,envoy,ICVul,CVE-2024-23325
3e1aa6dbbe186a684b6d54049384947911a18dce,6,0,6,12,2,VIC,envoy,ICVul,CVE-2019-15226
c283439b6b020df64e6a1af4b3ab41d4099f4738,380,43,18,441,12,VIC,envoy,ICVul,CVE-2019-15226
b500a0a655809f518ed30a05ceb7262a02dbc537,68,2,6,76,14,VIC,envoy,ICVul,CVE-2024-23322
1c6da3abe4eef9516edb52bcde464b2059e4237a,763,71,474,1308,47,VIC,envoy,ICVul,CVE-2019-15226
70a24c3daa0e114fa261895f5bedb3c0f53948f0,60,34,38,132,18,VIC,envoy,ICVul,CVE-2019-15226
96c1f1a6850595cae8b65f99b5c2dd1262de6d88,1,26,126,153,8,VIC,envoy,ICVul,CVE-2021-43826
50b384cb203a1f2894324cbae64b6d9bc44cce45,8,0,3,11,1,VFC,envoy,ICVul,CVE-2024-39305
1b190392f7542594ffb0464f8eae27f8357199b4,10,0,335,345,42,VIC,envoy,ICVul,CVE-2019-15226
9c6a44c3a1bf1f815debcaa1fc8c764bdb045f97,57,0,10,67,7,VIC,envoy,ICVul,CVE-2022-29227
9370f5efa53ca7024296d559eced7ce4c8f45fdb,62,47,46,155,19,VIC,envoy,ICVul,CVE-2024-32475
218d1121cebf8e67ceb209b61710514a2343b94f,306,0,66,372,6,VIC,envoy,ICVul,CVE-2024-23325
632f61ecd864e1842cdd8fd544452208f4b57214,63,0,9,72,5,VIC,envoy,ICVul,CVE-2022-29227
bb95af848c939cfe5b5ee33c5b1770558077e64e,175,20,31,226,13,VFC,envoy,ICVul,CVE-2022-21656
d3db6ea54ba4a7f240dcee19403cfe835854ccc4,129,114,125,368,22,VIC,envoy,ICVul,CVE-2022-29227
4b6dd3b53cd5c6d4d4df378a2fc62c1707522b31,57,4,2,63,4,VFC,envoy,ICVul,CVE-2022-23606
6b99feb17872146adeb4fc3d5a9c26b9ab4ef996,43,0,12,55,6,VIC,envoy,ICVul,CVE-2024-39305
ed29591a8f54e9f654438942765b25be1e934bd8,180,0,26,206,8,VIC,envoy,ICVul,CVE-2022-29227
bacd3107455b8d387889467725eb72aa0d5b5237,64,0,18,82,7,VFC,envoy,ICVul,CVE-2024-23325
8598c3f3b3ed9ff0090dbcb1c83464551300bd18,388,4,16,408,19,VIC,envoy,ICVul,CVE-2021-43826
e5ab06f90c2e978eb74a7d3447008dda188792a6,390,3,66,459,21,VIC,envoy,ICVul,CVE-2022-21656
63895ea8e3cca9c5d3ab4c5c128ed1369969d54a,22,0,10,32,2,VFC,envoy,ICVul,CVE-2024-23327
e39d2b35243b46b2ad3cecec8cfb054313726585,59,0,15,74,6,VIC,envoy,ICVul,CVE-2022-21656
7dec99d8c932d5cb76c518d384917b07edfa22e4,1,4,51,56,3,VIC,envoy,ICVul,CVE-2022-29227
9270506f9f2b6786c21719bed3a97a6e0e71a760,27,14,44,85,1,VIC,envoy,ICVul,CVE-2021-21378
bfc2cc21b19f9d2b4beb44d6f3cc2a9fa9ed4afd,195,14,174,383,67,VIC,envoy,ICVul,CVE-2024-32475
40ed33327c23a9e4e88aec448694eb1d03098efd,132,90,109,331,23,VIC,envoy,ICVul,CVE-2022-21656
3e80fc730b7c03dbb096bcf98c9f55af40fb2e7e,52,22,43,117,5,VIC,envoy,ICVul,CVE-2021-43826
62eb123f9a38d81119af8d344b805fe4a4b5ea93,157,0,13,170,14,VIC,envoy,ICVul,CVE-2019-15226
02a06681fbe0e039b1c7a9215257a7537eddb518,8,0,3,11,1,VFC,envoy,ICVul,CVE-2024-39305
30537ebafedf8a69fbd44b21cdb9322be048e7f0,49,22,6,77,6,VIC,envoy,ICVul,CVE-2019-15226
d519097e9d0f914cac7362f8bafc8623ba2c09db,678,4,38,720,15,VIC,envoy,ICVul,CVE-2019-15226
957874f84d89c06b740ed5a8f331364053649bdf,29,0,3,32,4,VIC,envoy,ICVul,CVE-2019-15226
988f7d81f973e17c76db3f900cf145c371d6e8b3,18,8,3,29,5,VIC,envoy,ICVul,CVE-2019-15226
b58d31272913fa8bb1bd1b69b0102d710c97d431,1,2,0,3,1,VIC,envoy,ICVul,CVE-2024-27919
7403314b0b255a89ab284b7ed0eead5a5f4aecfd,53,2,31,86,6,VIC,envoy,ICVul,CVE-2024-23325
4d4748ea243e0ab0538bcb0894a64bb0da617b55,324,38,69,431,8,VIC,envoy,ICVul,CVE-2024-23322
99df2e23423a8bb27eeca0c696de44a9dbb1f843,221,0,3,224,6,VIC,envoy,ICVul,CVE-2024-32475
fe7c69c248f4fe5a9080c7ccb35275b5218bb5ab,25,2,13,40,5,VFC,envoy,ICVul,CVE-2022-29227
1a7b32de759939f82af2cf7e83471aff5d57c93d,5,0,511,516,31,VIC,envoy,ICVul,CVE-2024-23322
148de954ed3585d8b4298b424aa24916d0de6136,83,0,16,99,4,VIC,envoy,ICVul,CVE-2022-29227
b7f509607ad860fd6a63cde4f7d6f0197f9f63bb,8,0,3,11,1,VFC,envoy,ICVul,CVE-2024-39305
3285c1a6b0647352f3561f42e2591bf29acb4f2d,29549,0,0,29549,277,VIC,envoy,ICVul,CVE-2019-15226
5248a4fb7d4c2a3d1fa151f944d3a63f6b7a06cf,29,292,4005,4326,532,VIC,envoy,ICVul,CVE-2022-21656
e30470c5d139ab381c4bd74126eab6ff613c0dc7,11,5,4,20,2,VIC,envoy,ICVul,CVE-2022-29225
568b2573341151b2d9f3c7e7db6ebb33380029c8,74,2,133,209,41,VIC,envoy,ICVul,CVE-2024-32475
f0dfde5d6a6954d596ea789af44e157d6dc669e8,3,2,42,47,2,VIC,envoy,ICVul,CVE-2019-15226
74508c8ccef52011609469be1317ef38723770d5,182,0,25,207,8,VIC,envoy,ICVul,CVE-2024-23324
43b110ab6ec17c80463a50bf6d3ae6077f9fb226,396,70,59,525,15,VIC,envoy,ICVul,CVE-2022-21656
57a02565532c18eb9df972a3e8974be3ae59f2d5,4,1,0,5,1,VFC,envoy,ICVul,CVE-2024-27919
93e063ee374b6a75729df9e7201fb511e47e259d,4,0,2,6,1,VFC,file,ICVul,CVE-2014-3487
8d0c6abc2dbec374acab293143fa88a9f0bebe28,0,0,6,6,3,VIC,file,ICVul,CVE-2017-1000249
2858eaf99f6cc5aae129bcbf1e24ad160240185f,0,0,2,2,1,VFC,file,ICVul,CVE-2019-8906
6d209c1c489457397a5763bca4b28e43aac90391,2,1,16,19,2,VIC,file,ICVul,CVE-2014-0237
a07a37f70c460fd8dea973ba42ba518942e35fe0,0,7,3,10,1,VIC,file,ICVul,CVE-2017-1000249
1759a43433a432bd094f44e99ebd564dcd452a4c,272,0,5,277,4,VIC,file,ICVul,CVE-2014-2270
46a8443f76cec4b41ec736eca396984c74664f84,2,2,3,7,2,VFC,file,ICVul,CVE-2019-18218
f96aa9193d4e6280d6f6e8e06ed11061886046da,2,0,1,3,1,VIC,file,ICVul,CVE-2014-2270
59e63838913eee47f5c120a6c53d4565af638158,3,0,3,6,1,VIC,file,ICVul,CVE-2014-8117
37a69b3b3f965af012c8d5abe029d5cc53a8877a,45,0,20,65,2,VIC,file,ICVul,CVE-2014-0237
6f737ddfadb596d7d4a993f7ed2141ffd664a81c,56,0,18,74,3,VFC,file,ICVul,CVE-2014-8117
d566272d582d02e4729b33266171454bb5a2057e,4,0,1,5,1,VIC,file,ICVul,CVE-2014-2270
65437cee25199dbd385fb35901bc0011e164276c,5,0,3,8,1,VFC,file,ICVul,CVE-2014-9621
574eacad815601aaaa827d7cddeac57034f08813,139,8,151,298,6,VIC,file,ICVul,CVE-2014-2270
c55ef0dff55462df77447a2d0987059fabc85f45,21,28,3,52,3,VIC,file,ICVul,CVE-2015-8865
a642587a9c9e2dd7feacdf513c3643ce26ad3c22,1,0,2,3,1,VFC,file,ICVul,CVE-2018-10360
0ac0678c52e248fd2a632a84b638694f205aef9d,27,3,16,46,2,VIC,file,ICVul,CVE-2019-8906
870240654db1bc6f0434b4f1400122d470ab5835,8,9,30,47,1,VIC,file,ICVul,CVE-2014-8117
6713ca45e7757297381f4b4cdb9cf5e624a9ad36,0,0,2,2,1,VFC,file,ICVul,CVE-2015-8865
b4c01141e5367f247b84dcaf6aefbb4e741842b8,20,0,12,32,2,VIC,file,ICVul,CVE-2014-8116
dfe012e4dbdbf8bb98e340f6577972e7225a525a,1,2,21,24,3,VIC,file,ICVul,CVE-2014-0237
447558595a3650db2886cd2f416ad0beba965801,1,0,17,18,1,VFC,file,ICVul,CVE-2014-2270
94dacf689c123398917c9824fffb94644485cb5c,5,0,3,8,1,VIC,file,ICVul,CVE-2018-10360
67cbe92f0620f11abba534471359afc0688baca4,16,0,7,23,1,VIC,file,ICVul,CVE-2014-8117
4afb9b168906f117e32a11367761cd50fe9d4abe,5,0,9,14,1,VIC,file,ICVul,CVE-2014-8117
35c94dc6acc418f1ad7f6241a6680e5327495793,0,0,2,2,1,VFC,file,ICVul,CVE-2017-1000249
64485737cf5e0251ab82d0a2d50e9903ab9ac588,14,13,19,46,5,VIC,file,ICVul,CVE-2014-8117
9109a696f3289ba00eaa222fd432755ec4287e28,194,16,94,304,2,VIC,file,ICVul,CVE-2018-10360
4f6eddca27e5520a26586d3033bd18ce08a7b785,372,137,152,661,6,VIC,file,ICVul,CVE-2014-2270
0641e56be1af003aa02c7c6b0184466540637233,4,0,1,5,1,VFC,file,ICVul,CVE-2014-3587
5de6f2282209db98b4e8b90a4acfef9e9f6a5cd8,446,85,381,912,6,VIC,file,ICVul,CVE-2014-2270
9611f31313a93aa036389c5f3b15eea53510d4d1,14,0,4,18,1,VIC,file,ICVul,CVE-2017-1000249
ce90e05774dd77d86cfc8dfa6da57b32816841c4,139,57,135,331,7,VIC,file,ICVul,CVE-2014-9621
c7d910ee8879dfbe80fe14bfc13c8fa6c6fe1d32,0,0,6,6,3,VIC,file,ICVul,CVE-2019-8906
b8acc83781d5a24cc5101e525d15efe0482c280d,0,8,6,14,1,VFC,file,ICVul,CVE-2014-0237
b13553a5bf399192f20bf76525025901670e9799,161,0,9,170,3,VIC,file,ICVul,CVE-2014-3587
f97486ef5dc3e8735440edc4fc8808c63e1a3ef0,6,0,2,8,1,VIC,file,ICVul,CVE-2019-18218
36fadd29849b8087af9f4586f89dbf74ea45be67,2,0,3,5,1,VIC,file,ICVul,CVE-2014-3487
5d900e78c453722fe3c7fbb8dbcc5679e8d0665d,2,0,12,14,1,VIC,file,ICVul,CVE-2014-2270
9611f31313a93aa036389c5f3b15eea53510d4d,14,0,4,18,1,VFC,file,ICVul,CVE-2017-1000249
db2c31efc63a751c3dac7926ee077d1fc1c3bdbb,147,80,63,290,3,VIC,file,ICVul,CVE-2014-0237
0de3251fe9fdeb00ec4c6d694d4d6709f202d1ee,19,0,5,24,1,VIC,file,ICVul,CVE-2014-8117
06de62c022138f63de9bcd04074491945eaa8662,14,0,3,17,1,VIC,file,ICVul,CVE-2019-18218
f4481bdba01ddc1e5d834cd98b04ebf95af9b02b,15,0,5,20,1,VIC,file,ICVul,CVE-2015-8865
6d1773d2a54dde9b099043f07a2094a4f1c2f486,60,18,0,78,3,VFC,flatpak,ICVul,CVE-2021-21261
72016e3fce8fcbeab707daf4f1a02b931fcc004d,5,0,2,7,3,VFC,flatpak,ICVul,CVE-2024-32462
8279c5818425b6812523e3805bbe242fb6a5d961,2,0,0,2,1,VIC,flatpak,ICVul,CVE-2021-21381
52346bf187b5a7f1c0fe9075b328b7ad6abe78f6,51,0,38,89,1,VFC,flatpak,ICVul,CVE-2018-6560
a10f52a7565c549612c92b8e736a6698a53db330,6,0,0,6,1,VIC,flatpak,ICVul,CVE-2021-41133
409e34187de2b2b2c4ef34c79f417be698830f6c,3,0,1,4,1,VFC,flatpak,ICVul,CVE-2023-28101
6e5ae7a109cdfa9735ea7ccbd8cb79f9e8d3ae8b,60,0,0,60,1,VFC,flatpak,ICVul,CVE-2021-21261
93357d357119093804df05acc32ff335839c6451,0,6,4,10,1,VFC,flatpak,ICVul,CVE-2021-43860
11ef9999b66c241be9e19f239ec63faa95a4ff17,1109,1,0,1110,7,VIC,flatpak,ICVul,CVE-2021-21261
ff945320aa45a9138970279403447eca1321b087,24,0,1,25,1,VIC,flatpak,ICVul,CVE-2023-28101
65cbfac982cb1c83993a9e19aa424daee8e9f042,7,0,0,7,1,VFC,flatpak,ICVul,CVE-2021-43860
6a2fe7d3e8c947a68039add0adb91d86e7392e7a,55,151,88,294,9,VIC,flatpak,ICVul,CVE-2021-21261
445bddeee657fdc8d2a0a1f0de12975400d4fc1a,62,0,0,62,1,VFC,flatpak,ICVul,CVE-2022-21682
bde6fa52dcd05f4396a6a842af526bb01c68df28,8,9,0,17,1,VIC,flatpak,ICVul,CVE-2021-21261
e26ac7586c392b5eb35ff4609fe232c52523b2cf,10,0,26,36,1,VIC,flatpak,ICVul,CVE-2021-41133
504a3a25ea0dfdaa2fc8f3f929f7e0c7dc23da85,16,18,1,35,1,VIC,flatpak,ICVul,CVE-2023-28101
902fb713990a8f968ea4350c7c2a27ff46f1a6c4,4,0,0,4,1,VIC,flatpak,ICVul,CVE-2023-28100
c5b2c606091e49a7fef374047039cadc57276758,43,21,228,292,14,VIC,flatpak,ICVul,CVE-2021-43860
336a127f5515f69c7d5c6aa7943076035c59bf84,321,513,205,1039,10,VIC,flatpak,ICVul,CVE-2021-43860
aafe1d36e0225f54db8ca2ba03d8b1981c2d09e0,49,0,0,49,2,VIC,flatpak,ICVul,CVE-2023-28101
cc1401043c075268ecc652eac557ef8076b5eaba,26,0,1,27,1,VFC,flatpak,ICVul,CVE-2021-21261
ba818f504c926baaf6e362be8159cfacf994310e,21,2,15,38,3,VIC,flatpak,ICVul,CVE-2021-43860
db305f72876aa6fc712f0a62280b10545033a2d8,16,0,23,39,1,VIC,flatpak,ICVul,CVE-2021-43860
b7c1a558e58aaeb1d007d29529bbb270dc4ff11e,5,0,2,7,3,VFC,flatpak,ICVul,CVE-2024-32462
a89de9dacc0139a8a9e19828a478a583dafc5c14,17,135,382,534,4,VIC,flatpak,ICVul,CVE-2021-21261
8057de20a83965d33f66ba4648f6d55793671468,81,0,49,130,3,VIC,flatpak,ICVul,CVE-2023-28101
35615cbe544777983d9a3eca04a1b49ac9a75e00,44,11,6,61,1,VIC,flatpak,ICVul,CVE-2021-43860
447a8d053789aaeeaa8a00109dadb315a118ca5d,1771,1541,1,3313,6,VIC,flatpak,ICVul,CVE-2022-21682
db7a8bb598d34b65cecc32d7af9056f9e75ac611,1723,1366,27,3116,13,VIC,flatpak,ICVul,CVE-2024-32462
eb7946bb6248923d8c90fe9b84425fef97ae580d,0,0,1,1,1,VFC,flatpak,ICVul,CVE-2021-21381
7fe63f2e8f1fd2dafc31d45154cf0b191ebec66c,177,2,12,191,5,VFC,flatpak,ICVul,CVE-2023-28101
89ae9fe74c6d445bb1b3a40e568d77cf5de47e48,4,0,0,4,1,VFC,flatpak,ICVul,CVE-2021-41133
7dad37f1b37139f5484eee2b43426b4497bfe9f4,10,4,10,24,1,VIC,flatpak,ICVul,CVE-2021-21261
ade25b0ff86b4fa54204cf70aac53c37e73455a9,9,0,5,14,3,VIC,flatpak,ICVul,CVE-2024-32462
a7401e638bf0c03102039e216ab1081922f140ae,4,0,1,5,1,VFC,flatpak,ICVul,CVE-2021-21381
3895eacab23db14881c0c90d1cb69b8cbeb0404d,315,2,207,524,1,VIC,flatpak,ICVul,CVE-2023-28101
b8d2271154f23ff4c540a2ad4e15e7dd3dd9a695,9,0,0,9,1,VIC,flatpak,ICVul,CVE-2021-21261
116a8b848788c582fb2c8577f1250438b100da25,44,5,21,70,5,VIC,flatpak,ICVul,CVE-2021-43860
dac54c82e87b285a797b7fa692c9e6160856805d,252,351,33,636,3,VIC,flatpak,ICVul,CVE-2024-32462
6cac99dafe6003c8a4bd5666341c217876536869,141,0,8,149,6,VFC,flatpak,ICVul,CVE-2023-28101
bbab7ed1e672356d1a78b422462b210e8e875931,5,0,2,7,4,VFC,flatpak,ICVul,CVE-2024-32462
c690eb90e44a227ada67c357410c1e3b1b494f41,231,0,5,236,4,VIC,flatpak,ICVul,CVE-2021-21261
1ffdf27d927c7944e3bce9b1cd3c101d823fd826,537,37,4028,4602,91,VIC,flatpak,ICVul,CVE-2021-41133
66eee3c2c7ec8a3b41824c628611a9ed8da07af1,258,71,107,436,4,VIC,flatpak,ICVul,CVE-2021-43860
9766ee05b1425db397d2cf23afd24c7f6146a69f,12,0,0,12,1,VFC,flatpak,ICVul,CVE-2021-41133
8e63de9a7d3124f91140fc74f8ca9ed73ed53be9,13,0,0,13,2,VFC,flatpak,ICVul,CVE-2023-28100
8ba141c38f85c8ad82d0ad6d9bde503ec4a971b6,7,0,0,7,1,VIC,flatpak,ICVul,CVE-2021-41133
5709f1aaed6579f0136976e14e7f3cae399134ca,141,2,16,159,3,VIC,flatpak,ICVul,CVE-2023-28101
834eb771fca9649f395fd22d07021373c530d9a4,7,68,21,96,1,VIC,flatpak,ICVul,CVE-2024-32462
81abe2a37d363f5099c3d0bdcd0caad6efc5bf97,5,0,2,7,3,VFC,flatpak,ICVul,CVE-2024-32462
0c9d1538c9060de817ff180c03298baa52f6a9e4,5,0,0,5,1,VIC,flatpak,ICVul,CVE-2024-32462
d9a8f9d8ccc0b7c1135d0ecde006a75d25f66aee,28,2,27,57,1,VFC,flatpak,ICVul,CVE-2021-43860
4c3bf179e2e4a2a298cd1db1d045adaf3f564532,680,46,166,892,4,VIC,flatpak,ICVul,CVE-2021-41133
d8086141fb9e36526d6995f049bb7791bcb8aa79,12,0,0,12,1,VIC,flatpak,ICVul,CVE-2021-43860
f3e3147d781b6e7e9d4bbffd86ddcb832a880d10,2,0,23,25,1,VIC,flatpak,ICVul,CVE-2024-32462
7183917583b1356ba0b8edab6a4d86adcd3f4786,1899,1808,16,3723,3,VIC,flatpak,ICVul,CVE-2018-6560
462fca2c666e0cd2b60d6d2593a7216a83047aaf,1,0,0,1,1,VFC,flatpak,ICVul,CVE-2021-41133
e5e5389bb39030b05eff6f6af0be7e5fcaa28ef8,0,0,1,1,1,VIC,flatpak,ICVul,CVE-2018-6560
1330662f33a55e88bfe18e76de28b7922d91a999,2,0,0,2,1,VIC,flatpak,ICVul,CVE-2021-41133
26b12484eb8a6219b9e7aa287b298a894b2f34ca,199,0,0,199,2,VFC,flatpak,ICVul,CVE-2021-41133
07a6541f0637079b3cd16ec5e38ef7dbc02453d9,0,0,259,259,14,VIC,flatpak,ICVul,CVE-2023-28101
bbf6debec23a047cc02704c98b417ca394842533,20,0,11,31,5,VIC,flatpak,ICVul,CVE-2021-21261
1f7ff92c514d490432ad019fc71ea7bfd697cee2,78,14,3,95,1,VIC,flatpak,ICVul,CVE-2023-28101
f966d85ee940b0a19dbbe972bc9ff042a98d7264,50,87,63,200,9,VIC,gpac,ICVul,CVE-2021-31259
3718d583c6ade191dc7979c64f48c001ca6f0243,0,1,1,2,1,VFC,gpac,ICVul,CVE-2022-1035
cfba860d0fb897737bb664d54c3168c8a14b5857,1284,0,25,1309,18,VIC,gpac,ICVul,CVE-2023-0817
10e54aa38d2248836acf8e003188c2de9fc8a609,259,147,4883,5289,319,VIC,gpac,ICVul,CVE-2021-40569
ba59206b3225f0e8e95a27eff41cb1c49ddf9a37,1,0,1,2,1,VFC,gpac,ICVul,CVE-2023-2840
112767e8b178fc82dec3cf82a1ca14d802cdb8ec,6,0,1,7,2,VFC,gpac,ICVul,CVE-2023-4683
d2185edd0d0a85773e0097ee53ade45a7f840142,211,46,15,272,4,VIC,gpac,ICVul,CVE-2023-5595
b964fe4226f1424cf676d5822ef898b6b01f5937,6,0,1,7,1,VFC,gpac,ICVul,CVE-2023-0866
163975476f5fd886952ee6030149e7719961d73b,259,13,65,337,13,VIC,gpac,ICVul,CVE-2023-46931
7f060bbb72966cae80d6fee338d0b07fa3fc06e1,3,0,2,5,1,VFC,gpac,ICVul,CVE-2022-1222
4b40d45dafdd94f75aa2bba0c124d25757d0f4c1,992,0,0,992,5,VIC,gpac,ICVul,CVE-2021-32132
a5efec8187de02d1f0a412140b0bf030a6747d3f,6,0,0,6,1,VIC,gpac,ICVul,CVE-2023-0818
709e195ca2980915d860efd691774f780445a5fd,997,37,58,1092,20,VIC,gpac,ICVul,CVE-2023-3523
092904b80edbc4dce315684a59cc3184c45c1b70,0,1,1,2,1,VFC,gpac,ICVul,CVE-2024-0322
d0ced41651b279bb054eb6390751e2d4eb84819a,4,0,0,4,1,VFC,gpac,ICVul,CVE-2024-0321
9357ee4c080b3b65a0f876bcbf416e11ff3bd9b6,23,41,146,210,6,VIC,gpac,ICVul,CVE-2022-1441
851560e3dc8155d45ace4b0d77421f241ed71dc4,0,0,2,2,1,VFC,gpac,ICVul,CVE-2023-0841
76765f4d799944ee285841d1eb29e3a6f696e58e,169,172,129,470,11,VIC,gpac,ICVul,CVE-2021-32438
0a85029d694f992f3631e2f249e4999daee15cbf,2,0,1,3,1,VFC,gpac,ICVul,CVE-2021-33366
7e2e92feb1b30fac1d659f6620d743b5a188ffe0,0,0,1,1,1,VFC,gpac,ICVul,CVE-2023-4754
b15020f54aff24aaeb64b80771472be8e64a7adc,4,0,2,6,1,VFC,gpac,ICVul,CVE-2020-35979
31494813ded8d0d68216ee3b4ffdfcd5e5cf3f5c,223,0,16,239,12,VIC,gpac,ICVul,CVE-2021-32134
b3d821c4ae9ba62b3a194d9dcb5e99f17bd56908,11,0,9,20,1,VFC,gpac,ICVul,CVE-2022-4202
6f28c4cd607d83ce381f9b4a9f8101ca1e79c611,9,0,2,11,1,VFC,gpac,ICVul,CVE-2023-2837
9971fb125cf91cefd081a080c417b90bbe4a467b,0,0,2,2,1,VFC,gpac,ICVul,CVE-2023-0358
3370e8ea912a96749074be924e8a2300f35c1a7b,272,19,123,414,12,VIC,gpac,ICVul,CVE-2023-1654
4253c1269f1053567756d990201834172a9bcc0f,2286,58,390,2734,63,VIC,gpac,ICVul,CVE-2022-2454
440bb1551cf08aab034c71b7243326a6fd0be5ff,39,2,14,55,1,VIC,gpac,ICVul,CVE-2021-30199
d0b3e5b9602ac551126ad0b3795719c1cee686a7,193,80,80,353,16,VIC,gpac,ICVul,CVE-2018-20763
5ce0c906ed8599d218036b18b78e8126a496f137,2,0,2,4,1,VFC,gpac,ICVul,CVE-2021-40563
8986422c21fbd9a7bf6561cae65aae42077447e8,9,0,0,9,1,VFC,gpac,ICVul,CVE-2021-31254
8e585e623b1d666b4ef736ed609264639cb27701,0,6,5,11,1,VFC,gpac,ICVul,CVE-2020-25427
2da2f68bffd51d89b1d272d22aa8cc023c1c066e,2,0,0,2,1,VFC,gpac,ICVul,CVE-2021-31256
f5670c10bfffaed2c53c7a8b153aaf69b12d2ec6,445,515,1,961,3,VIC,gpac,ICVul,CVE-2021-40566
04dbf08bff4d61948bab80c3f9096ecc60c7f302,1,0,0,1,1,VFC,gpac,ICVul,CVE-2021-40570
e74be5976a6fee059c638050a237893f7e9a3b23,33,0,26,59,2,VFC,gpac,ICVul,CVE-2021-32132
0548f5b869cdc38ec45e7f6f25ebc3577f4ba077,0,0,9,9,1,VIC,gpac,ICVul,CVE-2023-4678
b1042c3eefca87c4bc32afb404ed6518d693e5be,2,3,0,5,1,VFC,gpac,ICVul,CVE-2023-4682
ded89e08c7fca74e2bbb9458267ed337c015dc65,19,0,61,80,3,VIC,gpac,ICVul,CVE-2018-13006
c0205efc2ee2edfffb9fb687ba1dd27043b01ead,112,10,2,124,5,VIC,gpac,ICVul,CVE-2021-32136
119050eebfe4cf5db7258f1f86d4a374d5b6ce53,1024,633,310,1967,26,VIC,gpac,ICVul,CVE-2020-35979
b03c9f252526bb42fbd1b87b9f5e339c3cf2390a,2,0,2,4,1,VFC,gpac,ICVul,CVE-2021-40569
f0ba83717b6e4d7a15a1676d1fe06152e199b011,3,0,1,4,1,VFC,gpac,ICVul,CVE-2021-32440
87afe070cd6866df7fe80f11b26ef75161de85e0,0,0,1,1,1,VFC,gpac,ICVul,CVE-2021-31257
e06c2abead37fe27ef71c33c75ec9dc3fcbbd9d9,4,0,5,9,1,VIC,gpac,ICVul,CVE-2021-40562
30ac5e5236b790accd1f25347eebf2dc8c6c1bcb,2,0,2,4,1,VFC,gpac,ICVul,CVE-2021-40574
1241d44df257dc4324ff162f2b70eb60d32c5102,2382,7,21,2410,17,VIC,gpac,ICVul,CVE-2019-20629
cd8a95c1efb8f5bfc950b86c2ef77b4c76f6b893,12,0,0,12,1,VFC,gpac,ICVul,CVE-2023-48013
c88df2e202efad214c25b4e586f243b2038779ba,3,0,0,3,1,VFC,gpac,ICVul,CVE-2023-2838
0971919b43219045e611ea17279bbaadaefcd927,889,699,1083,2671,11,VIC,gpac,ICVul,CVE-2021-33361
289ffce3e0d224d314f5f92a744d5fe35999f20b,4,0,14,18,1,VFC,gpac,ICVul,CVE-2021-32138
af6a5e7a96ee01a139cce6c9e4edfc069aad17a6,0,0,3,3,1,VFC,gpac,ICVul,CVE-2023-23143
18e8ce2a19205b248c4d81572f2a0e0de947687c,1712,252,725,2689,227,VIC,gpac,ICVul,CVE-2022-2453
98b727637e32d1d4824101d8947e2dbd573d4fc8,2,0,1,3,1,VFC,gpac,ICVul,CVE-2019-20628
64b68cdafae5c1e381afca56ea12029df9716cf5,0,0,52,52,24,VIC,gpac,ICVul,CVE-2022-2453
35ab4475a7df9b2a4bcab235e379c0c3ec543658,52,0,6,58,4,VIC,gpac,ICVul,CVE-2018-20763
66abf0887c89c29a484d9e65e70882794e9e3a1b,6,0,3,9,1,VFC,gpac,ICVul,CVE-2023-48014
50ce209eba2ff96159e667d2e365957d62bcbb66,2858,249,1074,4181,193,VIC,gpac,ICVul,CVE-2024-24267
455046d9de60ae00c88039f4027f802c86ae2549,573,512,333,1418,20,VIC,gpac,ICVul,CVE-2021-31260
534e2ae19d0174f689088b3bce9974140805e8de,314,9,177,500,7,VIC,gpac,ICVul,CVE-2021-32139
fab2b61ba72245c7d53b4f3cc79d864647a419ae,95,6,78,179,6,VIC,gpac,ICVul,CVE-2021-31262
91eab56eb653047aa80fe1cdea46ca5e667ecdaa,68,18,27,113,10,VIC,gpac,ICVul,CVE-2023-2840
30d9c3510070f2a4acec601e6bfae2bea39011c7,15,0,26,41,1,VIC,gpac,ICVul,CVE-2019-20628
3fecef67d0012958766a0e983a95651025b6deb6,118,1,31,150,12,VIC,gpac,ICVul,CVE-2022-2549
6914d016e2b540bac2c471c4aea156ddef8e8e01,12,0,7,19,1,VFC,gpac,ICVul,CVE-2023-4756
eb71812fcc10e9c5348a5d1c61bd25b6fa06eaed,6,0,2,8,1,VFC,gpac,ICVul,CVE-2021-32136
f354df94bffd55146f44c682c8d30ab43a751b0f,140,3,92,235,2,VIC,gpac,ICVul,CVE-2023-48014
da6e63ddfba693595268aa7547817698bd4c435a,61,1,511,573,117,VIC,gpac,ICVul,CVE-2021-32139
d850605fc71e45281a530817ad7705aad98c6b17,65,21,2,88,5,VIC,gpac,ICVul,CVE-2021-32138
be9f8d395bbd196e3812e9cd80708f06bcc206f7,0,1,2,3,1,VFC,gpac,ICVul,CVE-2023-0817
db74835944548fc3bdf03121b0e012373bdebb3e,5,0,0,5,1,VFC,gpac,ICVul,CVE-2023-5998
0c7dffcca5abba589b3f2331f3dee29bb90a8150,81,959,224,1264,14,VIC,gpac,ICVul,CVE-2021-32132
bb002ad4f92d216f8ab7c8466102279ef8af6f88,117,0,7,124,8,VIC,gpac,ICVul,CVE-2019-20629
96047e0e6166407c40cc19f4e94fb35cd7624391,10,0,11,21,2,VFC,gpac,ICVul,CVE-2021-40566
72c491909a682cd333137aad7d37f62d7aad58c2,4,1,5,10,2,VIC,gpac,ICVul,CVE-2023-0841
697d6afb3cd012d442e12400b6841ebd1256a354,15,0,6,21,3,VIC,gpac,ICVul,CVE-2021-32139
1273cdc706eeedf8346d4b9faa5b33435056061d,5,0,0,5,1,VFC,gpac,ICVul,CVE-2021-33362
5dd71c7201a3e5cf40732d585bfb21c906c171d3,0,0,2,2,1,VFC,gpac,ICVul,CVE-2021-40562
ce01bd15f711d4575b7424b54b3a395ec64c1784,1,0,1,2,1,VFC,gpac,ICVul,CVE-2020-23932
c535bad50d5812d27ee5b22b54371bddec411514,6,0,2,8,1,VFC,gpac,ICVul,CVE-2022-1795
7f2129fe81450ab1e507a3f79c7f049dc3c5dbde,22,4,172,198,7,VIC,gpac,ICVul,CVE-2023-1654
da69ad1f970a7e17c865eaec9af98cc84df10d5b,17,0,1,18,1,VFC,gpac,ICVul,CVE-2021-29279
1e58dbdabfd9874e6e8af94fe3d9306c4b626a33,2736,1168,2563,6467,143,VIC,gpac,ICVul,CVE-2022-2453
524e2bbdb294d5aa4c84bf83db4d328a588b55f7,128,0,52,180,13,VIC,gpac,ICVul,CVE-2020-25427
86d072b6a13baa1a4a90168098a0f8354c24d8cf,35,0,16,51,4,VIC,gpac,ICVul,CVE-2020-19488
583bdcee8bd5008037d95255e0bd78c44b4f0330,1598,6103,4913,12614,278,VIC,gpac,ICVul,CVE-2021-32139
0aac8b6d72de36b11342ebae0078bc69802f5c9a,0,0,110,110,3,VIC,gpac,ICVul,CVE-2022-1222
2191e66aa7df750e8ef01781b1930bea87b713bb,7,0,7,14,2,VFC,gpac,ICVul,CVE-2022-3957
df8fffd839fe5ae9acd82d26fd48280a397411d9,4,0,3,7,1,VFC,gpac,ICVul,CVE-2021-31260
3809955065afa3da1ad580012ec43deadbb0f2c8,7,0,0,7,1,VFC,gpac,ICVul,CVE-2023-46930
758135e91e623d7dfe7f6aaad7aeb3f791b7a4e5,25,0,5,30,1,VIC,gpac,ICVul,CVE-2021-32132
cf6771c857eb9a290e2c19ddacfdd3ed98b27618,4,0,2,6,1,VIC,gpac,ICVul,CVE-2023-23143
893fb99b606eebfae46cde151846a980e689039b,1,0,1,2,1,VFC,gpac,ICVul,CVE-2021-40565
0753bf6d867343a80a044bf47a27d0b7accc8bf1,4,0,1,5,1,VFC,gpac,ICVul,CVE-2023-46928
71460d72ec07df766dab0a4d52687529f3efcf0a,11,0,0,11,2,VFC,gpac,ICVul,CVE-2021-40592
e7f96c2d3774e4ea25f952bcdf55af1dd6e919f4,8,0,4,12,2,VFC,gpac,ICVul,CVE-2023-1655
07c2e827a330954259c6e86c479a51d2cde7f7c2,128,0,233,361,5,VIC,gpac,ICVul,CVE-2022-3957
8767ed0a77c4b02287db3723e92c2169f67c85d5,3,0,0,3,1,VFC,gpac,ICVul,CVE-2024-6063
c70f49dda4946d6db6aa55588f6a756b76bd84ea,2,0,0,2,1,VFC,gpac,ICVul,CVE-2023-48011
e7c0a1150b87473acd3a8465bcf94a5d66b56329,83,15,12,110,3,VIC,gpac,ICVul,CVE-2021-32136
c1b9c794bad8f262c56f3cf690567980d96662f5,45,4,3,52,1,VFC,gpac,ICVul,CVE-2024-6064
b1e6577aed4f0335537e1216f1cdc4fa448564b2,424,4,167,595,18,VIC,gpac,ICVul,CVE-2018-13006
093283e727f396130651280609e687cd4778e0d1,9,0,4,13,1,VIC,gpac,ICVul,CVE-2021-32132
d3b7d32da1b019afbfc9f980a27c5a7a7c55c3cd,6,41,16,63,4,VIC,gpac,ICVul,CVE-2020-25427
3dbe11b37d65c8472faf0654410068e5500b3adb,0,8,4,12,1,VFC,gpac,ICVul,CVE-2022-1441
ea3139da8fb7dc2dc02b5c2882159e29d8247e59,312,14,124,450,22,VIC,gpac,ICVul,CVE-2022-29339
42cd567b3e17b855e701854e0104c5b4b200d19e,0,0,2,2,1,VIC,gpac,ICVul,CVE-2021-32139
c688b5d880ac6cf7435019742197ea6f7fcf54ea,45,7,134,186,11,VIC,gpac,ICVul,CVE-2021-40562
a06cccb188bbc9ed5e7fed326eb34d6264329df6,87,167,135,389,15,VIC,gpac,ICVul,CVE-2023-0819
2309238d043cb3ba120a7e67cea4892e0fd2224b,213,399,122,734,12,VIC,gpac,ICVul,CVE-2022-3957
ccec26b7d331ca05083d27071a7551f8dfdcf7ec,74,28,4,106,4,VIC,gpac,ICVul,CVE-2023-3013
328def7d3b93847d64ecb6e9e0399684e57c3eca,2,1,2,5,1,VFC,gpac,ICVul,CVE-2021-32137
f5a038e6893019ee471b6a57490cf7a495673816,0,0,1,1,1,VFC,gpac,ICVul,CVE-2021-40567
3b84ffcbacf144ce35650df958432f472b6483f8,0,0,1,1,1,VFC,gpac,ICVul,CVE-2021-31259
163b48821dec0b23e0842034b96b9c915da2b470,9,0,267,276,29,VIC,gpac,ICVul,CVE-2023-3013
53387aa86c1af1228d0fa57c67f9c7330716d5a7,2,0,1,3,1,VFC,gpac,ICVul,CVE-2023-3012
0257161f14b8232db040a08efd79b5a0c962943d,276,66,149,491,21,VIC,gpac,ICVul,CVE-2023-4756
4584da1a7fead1c45e90df583374efbf3c1e214b,168,288,110,566,8,VIC,gpac,ICVul,CVE-2021-40566
d28d9ba45cf4f628a7b2c351849a895e6fcf2234,3,1,3,7,1,VFC,gpac,ICVul,CVE-2024-24267
ac9d73e19903234695b003fd14289f8dd353f11a,2625,980,3362,6967,199,VIC,gpac,ICVul,CVE-2018-13006
967f72130d2e3e7f72c999234781a7d25e97e01b,1767,3,46,1816,17,VIC,gpac,ICVul,CVE-2021-40563
6170024568f4dda310e98ef7508477b425c58d09,1,0,1,2,1,VFC,gpac,ICVul,CVE-2020-19488
dc7de8d3d604426c7a6e628d90cb9fb88e7b4c2c,7,0,46,53,1,VFC,gpac,ICVul,CVE-2022-2453
3e4c8ed4bf5afa707a69dd31e3e08c900f5d8dc4,485,0,169,654,17,VIC,gpac,ICVul,CVE-2022-4202
f1f98615860cbe1851794b8e68e865cca4121eb5,8042,4353,2041,14436,270,VIC,gpac,ICVul,CVE-2022-1035
52f084398374073e2ba5277468442e4ea7a91da5,0,0,3,3,1,VIC,gpac,ICVul,CVE-2021-32439
0102c5d4db7fdbf08b5b591b2a6264de33867a07,0,4,12,16,1,VFC,gpac,ICVul,CVE-2022-2549
8a545254a7a900636259b89bb8bd6c1ecc60147c,6460,470,4037,10967,126,VIC,gpac,ICVul,CVE-2021-33366
dd9d4dd13b2135a9013b9966a3b39e13baa077e8,5553,313,672,6538,25,VIC,gpac,ICVul,CVE-2022-3957
f3698bb1bce62402805c3fda96551a23101a32f9,6,0,0,6,1,VFC,gpac,ICVul,CVE-2019-11222
b2eab95e07cb5819375a50358d4806a8813b6e50,1,0,3,4,1,VFC,gpac,ICVul,CVE-2021-31262
7cd2f95dd031f4f631d600001d5674b74d8c74fa,406887,0,0,406887,779,VIC,gpac,ICVul,CVE-2021-31258
ca1b48f0abe71bf81a58995d7d75dc27f5a17ddc,8,0,0,8,1,VFC,gpac,ICVul,CVE-2023-5586
64a2e1b799352ac7d7aad1989bc06e7b0f2b01db,2,0,3,5,1,VFC,gpac,ICVul,CVE-2021-4043
973828cb48d03312d1ee8fcecacd082fb1258fe8,0,0,3,3,2,VIC,gpac,ICVul,CVE-2020-23928
7e74890080cbcf6cb32255adba388c1e8b1ec766,165,0,22,187,13,VIC,gpac,ICVul,CVE-2021-32139
915e2cba715f36b7cc29e28888117831ca143d78,3,0,1,4,1,VIC,gpac,ICVul,CVE-2022-3178
82396cfa523b4b7ef16e720d6c353fc85d91841d,48,22,63,133,8,VIC,gpac,ICVul,CVE-2023-0358
b2db2f99b4c30f96e17b9a14537c776da6cb5dca,0,0,4,4,1,VFC,gpac,ICVul,CVE-2021-30199
6a748ccc3f76ff10e3ae43014967ea4b0c088aaf,0,0,1,1,1,VFC,gpac,ICVul,CVE-2023-3291
4f808e0c43945956975ece8232ab8a0fbea321dc,793,390,451,1634,46,VIC,gpac,ICVul,CVE-2022-4202
86c1566f040b2b84c72afcb6cbd444c5aff56cfe,3,0,0,3,1,VIC,gpac,ICVul,CVE-2021-40576
223e36d02cbdabbfaa51eeb3ed9ba767ee9768b4,615,1381,2045,4041,6,VIC,gpac,ICVul,CVE-2021-31257
20c0f29139a82779b86453ce7f68d0681ec7624c,0,1,1,2,2,VFC,gpac,ICVul,CVE-2024-6061
55a183e6b8602369c04ea3836e05436a79fbc7f8,1,0,0,1,1,VFC,gpac,ICVul,CVE-2022-1172
f329ee453aa9a31aaac07c44d8b1490953282a93,1201,139,485,1825,27,VIC,gpac,ICVul,CVE-2022-2454
90dc7f853d31b0a4e9441cba97feccf36d8b69a4,7,0,0,7,3,VFC,gpac,ICVul,CVE-2018-7752
053132b1f5635edd30b4d095a64f92d11f329e1e,145,93,73,311,23,VIC,gpac,ICVul,CVE-2023-4722
bd96f6797581528d2e82266604ed0582d83c9985,688,46,257,991,27,VIC,gpac,ICVul,CVE-2021-32139
047f96fb39e6bf70cb9f344093f5886e51dce0ac,3,0,4,7,1,VFC,gpac,ICVul,CVE-2023-2839
af0ec8a11dc4e410e1eebb4103668c3e8db80521,96,10,44,150,7,VIC,gpac,ICVul,CVE-2023-1654
b6bf5384756920110cf1f162da0ffe49569da0c9,147,3,41,191,11,VIC,gpac,ICVul,CVE-2021-32139
c6f56a92088cc924a98ee49153f13706dcd7b1ee,173,18,31,222,12,VIC,gpac,ICVul,CVE-2021-31262
77ed81c069e10b3861d88f72e1c6be1277ee7eae,15,1,29,45,1,VFC,gpac,ICVul,CVE-2021-32439
37592ad86c6ca934d34740012213e467acc4a3b0,3,0,2,5,2,VFC,gpac,ICVul,CVE-2022-29340
c31941822ee275a35bc148382bafef1c53ec1c26,3,0,1,4,1,VFC,gpac,ICVul,CVE-2023-0770
4bac19ad854159b21ba70d8ab7c4e1cd1db8ea1c,15,0,10,25,3,VFC,gpac,ICVul,CVE-2023-4681
ab67e334fd39c75e2739ef2e13ad448b029b0884,11215,108,68506,79829,691,VIC,gpac,ICVul,CVE-2018-20763
31e499d310a48bd17c8b055a0bfe0fe35887a7cd,1,0,0,1,1,VFC,gpac,ICVul,CVE-2024-6062
e396648e48c57e2d53988d3fd4465b068b96c89a,0,20,3,23,1,VFC,gpac,ICVul,CVE-2023-4720
ebfa346eff05049718f7b80041093b4c5581c24e,12,0,4,16,3,VFC,gpac,ICVul,CVE-2021-31258
9914a5a0556e045ddce22037558b5149e387c68a,41,4,9,54,4,VIC,gpac,ICVul,CVE-2023-0358
d1a678d2dd791239d549cecaa8c6a475d020a6c2,452,2,89,543,11,VIC,gpac,ICVul,CVE-2018-13006
7a70dec7c99b78091c1d89bd97f1b68e1894e235,62,0,12,74,7,VIC,gpac,ICVul,CVE-2021-40566
8890b13db0a3b69bc9f46509d04744c5e2686601,20,8,36,64,11,VIC,gpac,ICVul,CVE-2021-31260
4f21f50e9a74a70171711b65a1dba3950c6cc6db,1514,794,3075,5383,115,VIC,gpac,ICVul,CVE-2022-2549
0840ed7da736bfbf3f31f2791cc37d9d24e39f82,232,3388,543,4163,189,VIC,gpac,ICVul,CVE-2022-2453
4e7736d7ec7bf64026daa611da951993bb42fdaf,20,0,1,21,1,VFC,gpac,ICVul,CVE-2022-3222
8f61d1cfcb6e7a00078a106439ed58ae517dad3b,208,45,128,381,32,VIC,gpac,ICVul,CVE-2023-2837
bc1704db1523eb3161af90da44b8394d4512855f,979,2,15,996,5,VIC,gpac,ICVul,CVE-2021-4043
e4ed32bf56fc02fb8a04b9e13f4d7bdae2b3ae12,1,0,5,6,1,VIC,gpac,ICVul,CVE-2021-32439
ad18ece95fa064efc0995c4ab2c985f77fb166ec,0,0,1,1,1,VFC,gpac,ICVul,CVE-2021-40576
a69b567b8c95c72f9560c873c5ab348be058f340,1,0,0,1,1,VFC,gpac,ICVul,CVE-2021-40571
5692dc729491805e0e5f55c21d50ba1e6b19e88e,0,0,3,3,1,VIC,gpac,ICVul,CVE-2024-0322
5fb831deba2108ceba311a9727bd1cb15a70d503,32,0,27,59,2,VIC,gpac,ICVul,CVE-2023-3291
328c6d682698fdb9878dbb4f282963d42c538c01,35,2,1,38,3,VFC,gpac,ICVul,CVE-2021-32134
de7f3a852bef72a52825fd307cf4e8f486401a76,0,0,1,1,1,VFC,gpac,ICVul,CVE-2023-4722
51dadae6c790af3f639c4d9d660658b2848b51a0,378,51,181,610,19,VIC,gpac,ICVul,CVE-2021-32439
3a4a8376229fe5e384abbc2c789f6858414b71bb,4,1,864,869,196,VIC,gpac,ICVul,CVE-2021-30199
ea7395f39f601a7750d48d606e9d10ea0b7beefe,3,0,9,12,3,VFC,gpac,ICVul,CVE-2023-0760
3911d80af80da6124a536b53919cfd5bae2d3387,5,1,357,363,115,VIC,gpac,ICVul,CVE-2022-2453
22774aa9e62f586319c8f107f5bae950fed900bc,6,0,0,6,1,VFC,gpac,ICVul,CVE-2021-30019
7b8d13af83577e2794fe9dc2db8ca317cf5c506b,288,162,694,1144,106,VIC,gpac,ICVul,CVE-2021-40566
c0f0e31f3746c47a332d0fe608339399c5d96a08,721,327,260,1308,40,VIC,gpac,ICVul,CVE-2022-1795
39fc5eeff2fe3d0fbe1e9bd430d87f7b2b5f3700,829,333,489,1651,21,VIC,gpac,ICVul,CVE-2021-31254
6c607151a5361376d0515ba49ae46ff414cbb386,43,2,14,59,3,VIC,gpac,ICVul,CVE-2023-3013
34e349d60c4a4a3f7a8196033e07f627fb7f83f8,49,0,44,93,2,VIC,gpac,ICVul,CVE-2023-5595
b8f8b202d4fc23eb0ab4ce71ae96536ca6f5d3f8,2,0,0,2,1,VFC,gpac,ICVul,CVE-2021-32135
13dad7d5ef74ca2e6fe4010f5b03eb12e9bbe0ec,3,0,0,3,1,VFC,gpac,ICVul,CVE-2021-30015
78dd98d5d636f0ef968095fc367c6473ed95eafd,602,33,166,801,36,VIC,gpac,ICVul,CVE-2023-5377
5aba27604d957e960d8069d85ccaf868f8a7b07a,3,0,0,3,1,VFC,gpac,ICVul,CVE-2020-35980
b698b4d2cd6f83841ca865d40577fa028dd98420,22,3,13,38,6,VIC,gpac,ICVul,CVE-2021-32139
64201a26476c12a7dbd7ffb5757743af6954db96,2,0,2,4,1,VFC,gpac,ICVul,CVE-2023-3523
895ac12da168435eb8db3f96978ffa4c69d66c3a,1,0,0,1,1,VFC,gpac,ICVul,CVE-2023-4755
4a50f24f2b05f61969f08c577a9cd7e0297fd198,0,1,409,410,17,VIC,gpac,ICVul,CVE-2022-2453
9dc41bc3c960b2768816b132df4182790fb36d9a,738,233,21,992,7,VIC,gpac,ICVul,CVE-2021-30199
c11bf62332280d0cb55367d67fbac21dba298660,1276,346,244,1866,55,VIC,gpac,ICVul,CVE-2022-1441
4ade98128cbc41d5115b97a41ca2e59529c8dd5f,0,0,3,3,1,VFC,gpac,ICVul,CVE-2023-23145
3c0a7b287f723c229a92eb0008ef6a9a56396f8e,694,124,108,926,36,VIC,gpac,ICVul,CVE-2023-1655
7e8cc8de567e778f4533a3bf368cda6860def09a,0,0,1,1,1,VIC,gpac,ICVul,CVE-2018-13006
ec64c7b8966d7e4642d12debb888be5acf18efb9,3,0,1,4,1,VFC,gpac,ICVul,CVE-2021-33363
d45bbc0502ea651dcfc71091d67363b7651b5cd5,94,7,54,155,18,VIC,gpac,ICVul,CVE-2020-23930
ebaff633be1e231b68d62be631c3c32eef5c0c68,86,11,35,132,2,VIC,gpac,ICVul,CVE-2021-40574
bceb03fd2be95097a7b409ea59914f332fb6bc86,0,0,9,9,3,VFC,gpac,ICVul,CVE-2018-13006
c363b146c144b7906f7540a5eed261b45831f5b6,1049,81,176,1306,21,VIC,gpac,ICVul,CVE-2023-4678
a51f951b878c2b73c1d8e2f1518c7cdc5fb82c3f,11,4,0,15,2,VFC,gpac,ICVul,CVE-2021-33361
a4eb327049132359cae54b59faec9e2f14c5a619,2,0,0,2,1,VFC,gpac,ICVul,CVE-2020-35982
faa75edde3dfeba1e2cf6ffa48e45a50f1042096,2,0,0,2,1,VFC,gpac,ICVul,CVE-2022-2454
72cdc5048dead86bb1df7d21e0b9975e49cf2d97,8,0,4,12,1,VIC,gpac,ICVul,CVE-2021-32132
2c055153d401b8c49422971e3a0159869652d3da,11,0,9,20,1,VFC,gpac,ICVul,CVE-2023-1654
4c1360818fc8948e9307059fba4dc47ba8ad255d,2,0,0,2,1,VFC,gpac,ICVul,CVE-2018-20760
77510778516803b7f7402d7423c6d6bef50254c3,1,0,2,3,1,VFC,gpac,ICVul,CVE-2022-3178
d067ab3ccdeaa340e8c045a0fd5bcfc22b809e8f,5,0,0,5,1,VFC,gpac,ICVul,CVE-2023-0819
7a6f636db3360bb16d18078d51e8c596f31302a1,7,4,22,33,4,VFC,gpac,ICVul,CVE-2023-5595
544b690419d298e9695e4a2719493a2d1b88656a,6,0,1,7,2,VIC,gpac,ICVul,CVE-2020-25427
d527325a9b72218612455a534a508f9e1753f76e,40,10,44,94,3,VFC,gpac,ICVul,CVE-2021-32139
fe5155cf047252d1c4cb91602048bfa682af0ea7,1,0,0,1,1,VFC,gpac,ICVul,CVE-2021-33364
b631bb33a168f5f274126192f5061b8b54192965,594,3141,1670,5405,224,VIC,gpac,ICVul,CVE-2021-40571
9eeac00b38348c664dfeae2525bba0cf1bc32349,1,0,2,3,2,VFC,gpac,ICVul,CVE-2020-23930
47e331905ecd6b35de8d362821391ef453e80194,59,0,9,68,6,VIC,gpac,ICVul,CVE-2021-32138
1c449a34fe0b50aaffb881bfb9d7c5ab0bb18cdd,27,0,26,53,2,VFC,gpac,ICVul,CVE-2018-20763
d2371b4b204f0a3c0af51ad4e9b491144dd1225c,3,0,1,4,1,VFC,gpac,ICVul,CVE-2018-21017
00194f5fe462123f70b0bae7987317b52898b868,0,0,1,1,1,VFC,gpac,ICVul,CVE-2021-32438
a7b467b151d9b54badbc4dd71e7a366b7c391817,0,1,6,7,1,VFC,gpac,ICVul,CVE-2023-46927
ecdb884869a4a197497e35abafedade911cc9c36,106,33,13,152,3,VIC,gpac,ICVul,CVE-2021-40572
2320eb73afba753b39b7147be91f7be7afc0eeb7,0,0,7,7,1,VFC,gpac,ICVul,CVE-2019-20629
d7eb6e4391f13e99121c704ded4532a8b574c71d,1223,133,160,1516,13,VIC,gpac,ICVul,CVE-2022-2454
33b6b0b2d633a243b3fd5461c364b44f96661121,843,66,190,1099,18,VIC,gpac,ICVul,CVE-2021-32134
20ffe6bf98e9d3313e95a72eb26829de4a09413f,382,60,326,768,22,VIC,gpac,ICVul,CVE-2024-6061
5f2c2a16d30229b6241f02fa28e3d6b810d64858,6,0,1,7,1,VFC,gpac,ICVul,CVE-2021-40575
5710f5fbb3ceaaf8cb73b2d8e6d9e6972be82bf3,74,1129,773,1976,32,VIC,gpac,ICVul,CVE-2023-4756
4607052c482a51dbdacfe1ade10645c181d07b07,8,2,4,14,4,VFC,gpac,ICVul,CVE-2023-4678
4248def5d24325aeb0e35cacde3d56c9411816a6,3,0,0,3,1,VFC,gpac,ICVul,CVE-2023-46929
144793e9dd9f2203e48608dbb6c96de7a0ef8da7,35,0,5,40,2,VIC,gpac,ICVul,CVE-2021-32439
b76290c5b1f10fb63157434bd8d4423b0eb71877,79,12,2090,2181,56,VIC,gpac,ICVul,CVE-2020-23930
388ecce75d05e11fc8496aa4857b91245007d26e,4,0,0,4,1,VFC,gpac,ICVul,CVE-2021-32268
8e05648d6b4459facbc783025c5c42d301fef5c3,0,0,1,1,1,VFC,gpac,ICVul,CVE-2020-23928
d553698050af478049e1a09e44a15ac884f223ed,0,0,2,2,1,VFC,gpac,ICVul,CVE-2023-4778
e555b30ec36d56b7a383282776477d1f0ec91a88,19,8,162,189,38,VIC,gpac,ICVul,CVE-2022-3222
8e9d6b38c036a97020c462ad48e1132e0ddc57ce,76,0,8,84,3,VFC,gpac,ICVul,CVE-2023-5377
3a2458a49b3e6399709d456d7b35e7a6f50cfb86,0,0,2,2,1,VFC,gpac,ICVul,CVE-2023-23144
6cfd65819add78426d9635e3f8358f8bc149b645,8,0,1,9,1,VIC,gpac,ICVul,CVE-2018-21017
095a8e7ee71159862f851f587f374f76e7a85095,55,16,15,86,3,VIC,gpac,ICVul,CVE-2023-1654
f1ae01d745200a258cdf62622f71754c37cb6c30,3,0,10,13,1,VIC,gpac,ICVul,CVE-2023-23143
78e539b43293829a14a32e821f5267e3b7417594,2,0,10,12,1,VFC,gpac,ICVul,CVE-2023-3013
9f8510835b97a729baf3646a3171bf51b4a8592e,13,0,12,25,3,VIC,gpac,ICVul,CVE-2022-2549
1653f31cf874eb6df964bea88d58d8e9b98b485e,0,0,1,1,1,VFC,gpac,ICVul,CVE-2021-32437
fccd451533ba818a27bb0e7e03efc248cb63d331,751,0,2,753,8,VIC,gpac,ICVul,CVE-2023-3012
dae9900580a8888969481cd72035408091edb11b,6,0,0,6,1,VFC,gpac,ICVul,CVE-2020-35981
39367c29f21232e61f6883607c1d1c677bc28ccd,7,0,16,23,9,VIC,gpac,ICVul,CVE-2021-32138
3ec93d73d048ed7b46fe6e9f307cc7a0cc13db63,2,0,0,2,1,VFC,gpac,ICVul,CVE-2023-4721
671976fccc971b3dff8d3dcf6ebd600472ca64bf,0,0,1,1,1,VFC,gpac,ICVul,CVE-2023-46931
526bc968451e1ec83386c93f2c1f5a74ac65e649,11,0,5,16,3,VIC,gpac,ICVul,CVE-2020-11558
1bd5cf0e3da053b1e9353a251d558399537f0f18,25,11,46,82,11,VIC,gpac,ICVul,CVE-2022-2453
054ef05f0675c02f93296aa172e08472627aff0e,79,18,27,124,7,VIC,gpac,ICVul,CVE-2023-23145
e79b0cf7e72404750630bc01340e999f3940dbc4,0,0,1,1,1,VFC,gpac,ICVul,CVE-2023-46001
7bb1b4a4dd23c885f9db9f577dfe79ecc5433109,0,2,2,4,1,VFC,gpac,ICVul,CVE-2021-40572
50d526f7071debbaf9b3e8f5fdddc905a4ed4d55,162,1,32,195,10,VIC,gpac,ICVul,CVE-2022-29340
44ef471a3e4c6e9c09a6f85f9e8422d70beb7197,3,39,15,57,3,VIC,gpac,ICVul,CVE-2021-32139
160dd25b13c6dc48ea1a6d154dbea510771be416,4,3,33,40,6,VIC,gpac,ICVul,CVE-2021-32138
7a7cb1fd663d55a22e2125611f1ca0b95c293d0e,31,56,47,134,5,VIC,gpac,ICVul,CVE-2023-2839
6bff1a46e6f83f36ce20e61327cfe88ff3fb8a91,71,2,106,179,36,VIC,gpac,ICVul,CVE-2021-40566
f4b3e4d2f91bc1749e7a924a8ab171af03a355a8,7,0,0,7,1,VIC,gpac,ICVul,CVE-2024-6064
6063b1a011c3f80cee25daade18154e15e4c058c,1,0,1,2,1,VFC,gpac,ICVul,CVE-2020-11558
a2206034d9f15bb9176352c8f45e119f5669a96d,4,0,1,5,2,VIC,gpac,ICVul,CVE-2023-23143
6e25c7a7f91c3fd7836ad6ec544b8e19c8df5e5a,11,24,66,101,22,VIC,gpac,ICVul,CVE-2021-32134
984787de3d414a5f7d43d0b4584d9469dff2a5a5,10,0,1,11,1,VFC,gpac,ICVul,CVE-2021-33365
facfd85ac80902906bd5aee09468edf7405617d3,14,2,2,18,3,VIC,gpac,ICVul,CVE-2024-6061
5f7058c2baee71ebba5af8074df290c1be4fd8ff,45,0,25,70,1,VIC,gpac,ICVul,CVE-2021-32139
c00fc9d3003eb06226b58b6a48555f1456ee2475,9,0,8,17,1,VFC,hhvm,ICVul,CVE-2016-6871
1c518555dba6ceb45d5ba61845b96e261219c3b7,5,0,3,8,1,VFC,hhvm,ICVul,CVE-2019-11935
524d2e60cfe910406ec6109e4286d7edd545ab36,0,0,1,1,1,VFC,hhvm,ICVul,CVE-2019-11930
6e4dd9ec3f14b48170fc45dc9d13a3261765f994,0,0,2,2,2,VFC,hhvm,ICVul,CVE-2019-3557
1d748d418caa9e0566347ad0d3a6b76f4fe80de6,0,0,2,2,1,VIC,hhvm,ICVul,CVE-2018-6334
be6eeb5afa2c130b46bf24bbc781d3ac88cce5ff,155,0,28,183,7,VIC,hhvm,ICVul,CVE-2020-1898
ab71559f5a9db24cb5ab8ea0778e61c16b686bff,44,4,30,78,4,VIC,hhvm,ICVul,CVE-2020-1898
4bff3bfbe90d10451e4638c2118d1ad1117bb3e3,4,3,3,10,1,VFC,hhvm,ICVul,CVE-2018-6340
67cf83c768adc4b30a66939ba9834a992b79f8c3,8,6,6,20,2,VIC,hhvm,ICVul,CVE-2014-2208
95f96e7287effe2fcdfb9a5338d1a7e4f55b083b,5,0,10,15,1,VFC,hhvm,ICVul,CVE-2014-1439
eb1f20bf205cfc3e83d3bd25659b3d8d23dbe6de,859,676,0,1535,4,VIC,hhvm,ICVul,CVE-2014-5386
2c9a8fcc73a151608634d3e712973d192027c271,0,0,2,2,1,VFC,hhvm,ICVul,CVE-2016-6872
735dc67d4086338cf074286b40758d288971460e,152,0,6,158,6,VIC,hhvm,ICVul,CVE-2020-1898
e87ee58da81e1f9ab3d54b425f76d2dedf43be51,13,0,19,32,1,VIC,hhvm,ICVul,CVE-2020-1899
87f853d16db9fb0b443f856de1c5f28a6803b5c8,538,623,1167,2328,11,VIC,hhvm,ICVul,CVE-2016-1000109
000eadc4300b4b5da59ea299d9bb02ce2d541379,6,5,2,13,1,VIC,hhvm,ICVul,CVE-2014-2208
dabd48caf74995e605f1700344f1ff4a5d83441d,4,0,0,4,1,VFC,hhvm,ICVul,CVE-2020-1892
b44deaf7cf40905bade796e100c07b01a91c93c4,837,360,266,1463,16,VIC,hhvm,ICVul,CVE-2016-6873
26178124a4a84d79949ca53b73a5540c6e02681e,5,8,4487,4500,391,VIC,hhvm,ICVul,CVE-2014-2208
da2dceda6e4e763bd91db358f3045050838ad457,0,9,30,39,2,VIC,hhvm,ICVul,CVE-2020-1900
46003b4ab564b2abcd8470035fc324fe36aa8c75,1,0,2,3,1,VFC,hhvm,ICVul,CVE-2019-3561
8525d97318a81080c94ea21ae24c3c70bd1ea26a,24,0,0,24,3,VIC,hhvm,ICVul,CVE-2014-6229
423b4b719afd5ef4e6e19d8447fbf7b6bc0d0a25,4,0,0,4,1,VFC,hhvm,ICVul,CVE-2016-1000109
8ec209e82a3202b9c54e63ec3adbb5c7b0807cb9,274,38,86,398,26,VIC,hhvm,ICVul,CVE-2018-6334
15aa1811a7f30af5ce743bd7d73d8d0530e927a5,0,1,560,561,77,VIC,hhvm,ICVul,CVE-2016-1000004
c7131a0b65dbb898dab8243a4727dd2a5cd575dc,3,28,333,364,57,VIC,hhvm,ICVul,CVE-2014-2208
6937de5544c3eead3466b75020d8382080ed0cff,2,42,5,49,1,VFC,hhvm,ICVul,CVE-2018-6334
6398683df312015ebc40066dfe4b9242cc933a60,273,0,0,273,1,VIC,hhvm,ICVul,CVE-2016-6875
d09fd3e421849d105a468b52768776e95cb6bdd9,80,44,19483,19607,231,VIC,hhvm,ICVul,CVE-2014-2208
1746dfb11fc0048366f34669e74318b8278a684c,13,2,29,44,4,VFC,hhvm,ICVul,CVE-2020-1898
f77f3806bf3a52bc7930cea0dcac043f00254755,83087,23873,32012,138972,967,VIC,hhvm,ICVul,CVE-2014-2208
3d0c614b9a060de08832b7e7ee1c973d686fc5a0,84,2,717,803,90,VIC,hhvm,ICVul,CVE-2022-36937
b3679121bb3c7017ff04b4c08402ffff5cf59b13,1,0,3,4,1,VFC,hhvm,ICVul,CVE-2020-1888
83f38d335423bc3a46c4ed570f02f94314812c23,7,0,2,9,1,VIC,hhvm,ICVul,CVE-2014-9767
210e0e9f20ebcd5408e6550ebabf97bb2ae86ce0,46,0,26,72,3,VIC,hhvm,ICVul,CVE-2020-1888
d3e0eb88d09125011c4f2e711da0815ececef94d,6,10,4548,4564,418,VIC,hhvm,ICVul,CVE-2014-2208
f9680d21beaa9eb39d166e8810e29fbafa51ad15,4,0,0,4,1,VFC,hhvm,ICVul,CVE-2019-11926
8f05139460eb8844cbaf426bf1c6e68201cc1789,4,0,3,7,2,VIC,hhvm,ICVul,CVE-2019-3561
1888810e77b446a79a7674784d5f139fcfa605e2,32,0,9,41,2,VFC,hhvm,ICVul,CVE-2016-6875
bd24286cc6e6d752aa5f449a0310d33476161bc7,10,2,9,21,4,VIC,hhvm,ICVul,CVE-2016-6873
ad8fbf53f2064eb33b561f3e8f8868f470626ef1,8,0,5,13,1,VIC,hhvm,ICVul,CVE-2014-2208
f57df6d8cf33cb14c40f52287da29360e7003373,30,0,4,34,1,VFC,hhvm,ICVul,CVE-2019-11936
e20a731e11c225b1cbd623850ab41841e819c7fd,44988,1328,2200,48516,396,VIC,hhvm,ICVul,CVE-2016-6873
aad831c26daf13619fd9d3d937fc07a327e48271,43,0,11,54,3,VIC,hhvm,ICVul,CVE-2014-2208
3ddf20c5dae08a07d68317d7e9d7ba4b86eca508,2,6,16,24,4,VIC,hhvm,ICVul,CVE-2018-6334
93ed8ae8cb812619c2577df7eb74d3735e8a2160,27,69,22,118,4,VIC,hhvm,ICVul,CVE-2019-11936
bbc5965894de307836465bc757fa85a07e8cb502,54,2,10,66,2,VIC,hhvm,ICVul,CVE-2019-11936
f867f65fb397c92257695ce1d872ad9344080142,1,0,5,6,1,VIC,hhvm,ICVul,CVE-2014-9767
1f91e076a585118495b976a413c1df40f6fd3d41,6,0,2,8,1,VFC,hhvm,ICVul,CVE-2014-6228
7aa5ebd37bbc665081d0ee795d4290206943bfd2,70,7,21,98,1,VIC,hhvm,ICVul,CVE-2020-1893
65c95a01541dd2fbc9c978ac53bed235b5376686,79,0,8,87,1,VFC,hhvm,ICVul,CVE-2014-9767
ad7eed3f704893c5de977d7a8bdedfb38276cf3c,226,220,227,673,7,VIC,hhvm,ICVul,CVE-2016-1000004
99d39be2c11ce1585a9fad5134b70764a61d3532,2931,45,98,3074,6,VIC,hhvm,ICVul,CVE-2018-6340
b3b41e08bbab90af741cbad83f9644709d1c63b8,0,3,2721,2724,366,VIC,hhvm,ICVul,CVE-2014-2208
d861d0cd2de58ab4210e20441efb6cb396e88138,3,2,22,27,1,VIC,hhvm,ICVul,CVE-2014-9714
506a44194a9016406c752ad8e010c01aeffc18cc,58,24,87,169,1,VFC,hhvm,ICVul,CVE-2014-2208
ab6fdeb84fb090b48606b6f7933028cfe7bf3a5e,2,0,1,3,1,VFC,hhvm,ICVul,CVE-2014-5386
bb6d480ba0bf0f6e4413f903416d77746857bfc8,4,1,2726,2731,271,VIC,hhvm,ICVul,CVE-2016-6873
b20591886ed71a57cc0c2e14661c2e195529c79b,30,0,4,34,1,VIC,hhvm,ICVul,CVE-2014-2208
15616015e4948bbaa9d1c1759872653b0aa24c42,3,2,1,6,1,VIC,hhvm,ICVul,CVE-2020-1892
4199603fbbf029ab46798edf191a4c30c3cf6979,21,0,5,26,3,VIC,hhvm,ICVul,CVE-2014-2208
14eb8f7152232abae1cd069ab5f7bb8eace0e56b,0,4,23,27,2,VIC,hhvm,ICVul,CVE-2019-11936
773215a1ece2b6871b35de6c2591afe1de8e7642,155,9,38,202,21,VIC,hhvm,ICVul,CVE-2016-6873
ab4a2a9877834e17dfcecad99aa1bc2c5a8e2520,524,0,8,532,1,VIC,hhvm,ICVul,CVE-2020-1898
bd586671a3c22eb2f07e55f11b3ce64e1f7961e7,0,0,2,2,1,VFC,hhvm,ICVul,CVE-2020-1893
00c2ecbb550f94b2f4b233501ee7c7afe163b42d,3,0,1,4,1,VIC,hhvm,ICVul,CVE-2019-3557
190ffdf6c8b1ec443be202c7d69e63a7e3da25e3,2,0,0,2,1,VFC,hhvm,ICVul,CVE-2018-6345
082ea282731d63dbc1a2042a1086e800a431d813,0,0,4,4,1,VIC,hhvm,ICVul,CVE-2019-11936
0ae696939196eda7ff196feb6609da635e1822e7,38,7,32,77,8,VIC,hhvm,ICVul,CVE-2020-1900
f1cd34e63c2a0d9702be3d41462db7bfd0ae7da3,0,0,1,1,1,VFC,hhvm,ICVul,CVE-2019-11925
350729a471fc5ee5a9b7bd5259a8633d61ac3b95,68,50,41,159,7,VIC,hhvm,ICVul,CVE-2020-1900
c1c4bb0cf9e076aafaf4ff3515556ef9faf906f3,6,0,0,6,2,VFC,hhvm,ICVul,CVE-2020-1900
3f6a4c6f4f86c1812ef1b67b592fe2cf9ccd7c3b,107,13,130,250,3,VIC,hhvm,ICVul,CVE-2016-6875
e6b78bb27813c666cd9c3bef592b35417c79ab6b,24702,0,122,24824,117,VIC,hhvm,ICVul,CVE-2019-3569
60d247d450f2197828918e723accb7f589770aea,85,1,28,114,3,VIC,hhvm,ICVul,CVE-2018-6340
f395aad3f1c87b8b09e902ec192b88ea57e9c71f,18,10,18,46,2,VIC,hhvm,ICVul,CVE-2020-1898
97ef580ec2cca9a54da6f9bd9fdd9a455f6d74ed,1,0,1,2,1,VFC,hhvm,ICVul,CVE-2019-3569
39e7e177473350b3a5c34e8824af3b98e25efa89,0,0,2,2,1,VFC,hhvm,ICVul,CVE-2016-1000005
e264f04ae825a5d97758130cf8eec99862517e7e,10,0,12,22,1,VFC,hhvm,ICVul,CVE-2016-6873
8ccb9b693157c684e4b401561db38f26375a582f,18,12,166,196,5,VIC,hhvm,ICVul,CVE-2020-1900
cc331e4349e91706a673e2a09f1f2ea5bbb33815,1,1149,7,1157,5,VFC,hhvm,ICVul,CVE-2019-3570
dbeb9a56a638e3fdcef8b691c2a2967132dae692,4,0,1,5,1,VFC,hhvm,ICVul,CVE-2019-11929
3f772c0d841ba70bf7bb53b61fc0463ac38b4fd3,572,40,196,808,29,VIC,hhvm,ICVul,CVE-2020-1900
05e706d98f748f609b19d8697e490eaab5007d69,11,0,15,26,1,VIC,hhvm,ICVul,CVE-2016-6873
365abe807cab2d60dc9ec307292a06181f77a9c2,3,0,7,10,1,VFC,hhvm,ICVul,CVE-2016-6870
a2ca9faeac3609e5cfdbda357a6ce223a2c8bc66,32,4,83,119,2,VIC,hhvm,ICVul,CVE-2014-1439
220564530697d33696d665779321436f378e6265,9,0,3,12,2,VIC,hhvm,ICVul,CVE-2018-6345
7135ec229882370a00411aa50030eada6034cc1b,5,0,1,6,1,VFC,hhvm,ICVul,CVE-2014-6229
31afdeb0ef8bdfe2716335fb5060c3b4ccbd6b7d,13,0,1,14,1,VIC,hhvm,ICVul,CVE-2014-1439
324701c9fd31beb4f070f1b7ef78b115fbdfec34,4,0,1,5,1,VFC,hhvm,ICVul,CVE-2014-9714
0240a958a296231457639a3a7d5292d1a0c62cc4,26,1,1,28,1,VIC,hhvm,ICVul,CVE-2020-1898
1107228a5128d3ca1c4add8ac1635d933cbbe2e9,0,0,1,1,1,VFC,hhvm,ICVul,CVE-2020-1899
b4845ed26d5cdafb4cdc1389dffafde141dccd81,852,378,519,1749,5,VIC,hhvm,ICVul,CVE-2016-1000004
5ae32fe7a32a554167da929fb1c49ecec7fbfe03,23,0,1,24,2,VIC,hhvm,ICVul,CVE-2020-1898
67fa56b55e7cf7ae3c020673b388a0ac7278d8c7,269,6,17,292,6,VIC,hhvm,ICVul,CVE-2020-1892
36fdad9a6213ac149866f7e621bfa5981debde6b,9,490,126,625,7,VIC,hhvm,ICVul,CVE-2014-6228
7064bb34359eea89a95903e778ed5b7ed43709e2,1869,0,0,1869,9,VIC,hhvm,ICVul,CVE-2019-3570
8e7266fef1f329b805b37f32c9ad0090215ab269,6,0,3,9,1,VFC,hhvm,ICVul,CVE-2016-1000004
e064a3a577c6a507277834de2bf6b61883a50683,283401,0,0,283401,943,VIC,hhvm,ICVul,CVE-2014-2208
38695ff7414269f210f763080555798f07adbb4c,645,228,113,986,4,VIC,hhvm,ICVul,CVE-2020-1898
4d9b5b19afc0581856c79298f0672d7b55df9339,10,5,118,133,37,VIC,hhvm,ICVul,CVE-2018-6345
083f5ffdee661f61512909d16f9a5b98cff3cf0b,0,0,2,2,1,VFC,hhvm,ICVul,CVE-2022-36937
cd2b7a26c776b0754fb98426a67804fd48118708,78,14,5,97,3,VFC,httpd,ICVul,CVE-2015-3185
3f1693d558d0758f829c8b53993f1749ddf6ffcb,7,0,10,17,1,VFC,httpd,ICVul,CVE-2014-8109
99bbb31b4599d0e9d053109c399fa5efc9708c86,40,0,169,209,1,VIC,httpd,ICVul,CVE-2021-33193
731d18dd4c0684d30fdab327c5c052b141421cc6,326,1,1,328,1,VIC,httpd,ICVul,CVE-2015-0228
45b343b016595bf4210276ccff67d4084d1d0b1a,29,0,17,46,2,VIC,httpd,ICVul,CVE-2021-33193
5982b666597a07b61f899863aa2e5a33e7955280,67,19,38,124,1,VIC,httpd,ICVul,CVE-2015-3183
a6027e56924bb6227c1fdbf6f91e7e2438338be6,49,13,34,96,1,VFC,httpd,ICVul,CVE-2015-3183
3eeeb76fb482bae7400eac7a4562fe8475756afd,3267,3189,86,6542,4,VIC,httpd,ICVul,CVE-2017-9798
b5532dce62f244b6159fe2a93cd242b75259e04c,14,2,3,19,1,VIC,httpd,ICVul,CVE-2021-33193
9bc9d79079bbeeb65f46c59ab6aa40588cbde9ff,73,62,30,165,10,VIC,httpd,ICVul,CVE-2015-3183
4cc27823899e070268b906ca677ee838d07cf67a,6,0,0,6,1,VFC,httpd,ICVul,CVE-2017-9798
c140c941e46e643b1a37d38d35f7546b9f0196e2,15,0,4,19,1,VIC,httpd,ICVul,CVE-2015-0253
60976e42a143a6272e72724b35211be2698a9ab0,95,56,9,160,8,VIC,httpd,ICVul,CVE-2021-33193
6a974059190b8a0c7e499f4ab12fe108127099cb,2,2,0,4,1,VFC,httpd,ICVul,CVE-2015-0253
5ace948f421647ae58ae8ea8adf3695019c0d24b,0,0,282,282,37,VIC,httpd,ICVul,CVE-2021-33193
29c63b786ae028d82405421585e91283c8fa0da3,12,0,30,42,2,VFC,httpd,ICVul,CVE-2016-8740
7e2a5490d174a33c3da70db17bc5d4e5a7a22cf9,38,48,4,90,6,VIC,httpd,ICVul,CVE-2021-33193
85e8fbd0e21fec6cb8c6cb0af6cdb8c592bbec67,125,37,30,192,9,VIC,httpd,ICVul,CVE-2017-9798
2228c692a44a32feffd24cb70cc13b66ad5fda04,474,1251,432,2157,32,VIC,httpd,ICVul,CVE-2021-33193
429614604301d118d5fd7231f452a7cef7c9f7b3,1628,1521,84,3233,8,VIC,httpd,ICVul,CVE-2021-33193
8cc5e00f9ead2e8f915a567aeb756c5cca357188,112,2,5,119,9,VIC,httpd,ICVul,CVE-2015-3183
a9e5a7bd800d5c599bf44c00687a8c16b0cea0b9,0,0,4,4,1,VIC,httpd,ICVul,CVE-2017-9798
de648ac7749fe94c38cb85088feb069a11c48e3c,661,242,123,1026,30,VIC,httpd,ICVul,CVE-2021-33193
2874d54f16e14eca65147b5be6d2dc7c5a2dbf54,61,31,21,113,7,VIC,httpd,ICVul,CVE-2015-3185
761ef9ee176aef1a236f7f747ee9360acdcadeaf,237,264,29,530,3,VIC,httpd,ICVul,CVE-2015-0253
0aece3ad6c7a67f88810e05e8032da836cb12e27,262,237,31,530,3,VIC,httpd,ICVul,CVE-2021-33193
c0c8c96a8c6bb923589942d8b7754b81a0377cee,109,22,49,180,12,VIC,httpd,ICVul,CVE-2021-33193
6f96ad52275b5b35226cdb2ce66b3832e9dfb605,31460,0,0,31460,50,VIC,httpd,ICVul,CVE-2021-33193
3303dc4f7273e05ea9a80402b33f68cd155c146a,65,50,73,188,17,VIC,httpd,ICVul,CVE-2021-33193
d0dccd8815002f9fd10adb932fe40f34c4d4fff4,2,125,250,377,1,VIC,httpd,ICVul,CVE-2015-3183
18c4ac516f146dbbff7c4cc6b4cb8cda2f79090a,217,161,240,618,5,VIC,httpd,ICVul,CVE-2021-33193
65087717a8bac221fd53f2635dfdd8afa7e10b2a,17,0,158,175,15,VIC,httpd,ICVul,CVE-2021-33193
f14218c7ad848377d62b7c24240832b67794eafd,135,54,54,243,12,VIC,httpd,ICVul,CVE-2015-3185
31f2b089b3b71f748c666e8d9d1884b55bd25ff3,399,134,117,650,16,VIC,httpd,ICVul,CVE-2021-33193
9a8af6d2361695c0494d85c1c825f98d2fda8b4f,1,0,4,5,1,VIC,httpd,ICVul,CVE-2015-3183
df91b29fd7da64498b9ad2b949267d272b2cf275,0,2,2,4,1,VIC,httpd,ICVul,CVE-2021-33193
5929a20fe0e5289e67746a4f15e3b6b8259f56ef,47,1,16,64,1,VIC,httpd,ICVul,CVE-2015-0228
76f7cbf48586a15d20295a3c52ea3493bd94e036,8,0,0,8,1,VIC,httpd,ICVul,CVE-2015-3183
61a04137064708b59fe278f5a4ba6a070f503bcc,0,0,10,10,6,VIC,httpd,ICVul,CVE-2015-0253
bc3c8e5e743f0783d4b52d96ea58bf8cef698f12,0,0,1,1,1,VIC,httpd,ICVul,CVE-2021-33193
be0f5335e3e73eb63253b050fdc23f252f5c8ae3,2,2,0,4,1,VFC,httpd,ICVul,CVE-2015-0253
ecebcc035ccd8d0e2984fe41420d9e944f456b3c,205,157,88,450,9,VFC,httpd,ICVul,CVE-2021-33193
db462008f57927ce45b2f75645695325d48c30c9,977,1119,675,2771,34,VIC,httpd,ICVul,CVE-2021-33193
b6ae8ca44adfc5fdf7ec83d8a4fc29ea5d257a55,16,2,2182,2200,158,VIC,httpd,ICVul,CVE-2021-33193
a1948752316683268d23730e77552d54b795abfc,3,0,2,5,1,VIC,httpd,ICVul,CVE-2015-3183
b24bd5dcbee4b6694c86915c8df716e5e3117709,0,0,2,2,1,VIC,httpd,ICVul,CVE-2015-3185
f47b6f394ef7c9639388b3c0815947016e333764,31,0,8,39,5,VIC,httpd,ICVul,CVE-2021-33193
b561de7094d9772a755a850a13e77ab252e8c7e8,24,0,4,28,2,VIC,httpd,ICVul,CVE-2015-3185
2d9939a923de0c09c10999603b66982c15829a46,0,0,6,6,2,VIC,httpd,ICVul,CVE-2021-33193
6d273ef60fc904f20473a9521ff6390a77dc1e0e,45,29,46,120,1,VIC,httpd,ICVul,CVE-2015-3185
4647e5f71a4b2d1d62238b9bce854a501b5477fb,140,161,4,305,6,VIC,httpd,ICVul,CVE-2021-33193
62d58df5ca6374a75afa63ed4fef9a5f7d654dbe,10,5,0,15,3,VIC,httpd,ICVul,CVE-2021-33193
290cab6745bb2f66d33aa16a9c1b8cbf82cd30a0,4,0,1,5,1,VIC,httpd,ICVul,CVE-2015-3183
00cdb469d7104b486a9c2c9be0e045c744dc8a46,1,0,15,16,2,VIC,httpd,ICVul,CVE-2017-9798
b6d0ef4668e102112399d1ec79a413ad9fa9ffa2,757,38,262,1057,10,VIC,httpd,ICVul,CVE-2021-33193
0c3c5b714569418086bcccd869c67807b66b297e,9,0,0,9,2,VIC,httpd,ICVul,CVE-2021-33193
3ccd8db880083085e529d7f6f4e0c290cd61e515,0,6,4,10,1,VIC,httpd,ICVul,CVE-2021-33193
2d0e4eff04ea963128a41faaef21f987272e05a2,1,0,0,1,1,VFC,httpd,ICVul,CVE-2016-4979
eaa472517dbcc5fb08db7c7864b5892902b7be80,6,6,0,12,1,VIC,httpd,ICVul,CVE-2021-33193
4f054d530cceb8d77468c569ba063deec78a16f6,129,109,151,389,20,VIC,httpd,ICVul,CVE-2021-33193
643f0fcf3b8ab09a68f0ecd2aa37aafeda3e63ef,4,0,1,5,1,VFC,httpd,ICVul,CVE-2015-0228
fba947527f8d3810bea19ebeda8276e93f623559,13,2,9,24,11,VIC,httpd,ICVul,CVE-2021-33193
e427c41257957b57036d5a549b260b6185d1dd73,49,13,34,96,1,VFC,httpd,ICVul,CVE-2015-3183
78eb3b9235515652ed141353d98c239237030410,4,0,1,5,1,VFC,httpd,ICVul,CVE-2015-0228
db81019ab88734ed35fa70294a0cfa7a19743f73,78,14,5,97,3,VFC,httpd,ICVul,CVE-2015-3185
439221058cd102a3dbfb65f488f9cd56648e199c,2957,2583,1,5541,7,VIC,httpd,ICVul,CVE-2015-3183
d8ac2aa5beb285c4af499c5141722a18d2754eea,3,0,1,4,1,VIC,httpd,ICVul,CVE-2021-33193
0a431ef862d309e2157ada8da485fb227cadd0dd,19,13,18,50,15,VIC,httpd,ICVul,CVE-2015-3183
5ef2a1ecd34e0584cb65686ee33f888120dce2f3,33,0,11,44,2,VIC,httpd,ICVul,CVE-2021-33193
f18ddf5d82de0ab7591a36e465bc24225776940f,0,1,0,1,1,VFC,krb5,ICVul,CVE-2014-4343
02c51b4f59b6c86c2112cd10a209322ad1cbb0c6,2587,223,916,3726,70,VIC,krb5,ICVul,CVE-2014-9421
5bb8a6b9c9eb8dd22bc9526751610aaa255ead9c,0,22,2,24,2,VFC,krb5,ICVul,CVE-2014-9423
e10f8035338e23009c042ef2fd188f351794b43e,351,258,163,772,3,VIC,krb5,ICVul,CVE-2017-11368
af2ddab839944028ef51d9ef393496063f454bea,140,1,14,155,6,VIC,krb5,ICVul,CVE-2012-1016
edf8b4d8a6a665c2aa150993cd813ea6c5cf12e1,65506,1328,1017,67851,302,VIC,krb5,ICVul,CVE-2014-5352
cd7d6b08aebaee50a25a8eb519588abbca633d72,3,37,41,81,2,VIC,krb5,ICVul,CVE-2015-2695
a650a4adf5b4c16b1ecc6d90ab18d9d6ea960c1c,0,0,5,5,3,VIC,krb5,ICVul,CVE-2017-15088
40c270d232a8d7ba2e91f62ad197eec0e7e92335,63,30,44,137,9,VIC,krb5,ICVul,CVE-2014-5354
e73566996463fb1947cf80ad2e11fadce3dc0b66,132,6,95,233,38,VIC,krb5,ICVul,CVE-2014-5355
e8ff0dc9d86ca03de5b4bce1bcdfa9e4add93a95,4,24,5,33,1,VIC,krb5,ICVul,CVE-2014-5355
83ed75feba32e46f736fcce0d96a0445f29b96c2,4,1,73,78,1,VFC,krb5,ICVul,CVE-2015-8631
cf1a0c411b2668c57c41e9c4efd15ba17b6b322c,0,0,4,4,1,VFC,krb5,ICVul,CVE-2002-2443
97d5374e66f13db71b622a26e06271bcedbab31d,52,0,2,54,2,VIC,krb5,ICVul,CVE-2017-11462
73fe95dbaa5701493d4c5ecc62a5d4bec4cb75c7,108,3,59,170,4,VIC,krb5,ICVul,CVE-2017-11462
af105268217bc5d8b93c3c0c66eca087ffb10085,524,0,2,526,14,VIC,krb5,ICVul,CVE-2015-8631
9fe2a01ec0fefa8b764bb6e9d7f9a09d11fed7ff,1274,1516,1088,3878,94,VIC,krb5,ICVul,CVE-2014-5355
ea92d2f0fcceb54a70910fa32e9a0d7a5afc3583,23,0,2,25,2,VFC,krb5,ICVul,CVE-2022-42898
c5be6209311d4a8f10fda37d0d3f876c1b33b77b,0,0,1,1,1,VFC,krb5,ICVul,CVE-2012-1013
0780e46fc13dbafa177525164997cd204cc50b51,46,143,70,259,7,VIC,krb5,ICVul,CVE-2014-5351
a197e92349a4aa2141b5dff12e9dd44c2a2166e3,2,1,0,3,2,VFC,krb5,ICVul,CVE-2014-9421
0e39f8a3ad915eeb0131fb4a87b0fef304101cfd,4233,145,420,4798,51,VIC,krb5,ICVul,CVE-2015-2695
9f23e1a8133c11bff4ef5f41cb44d28041320a76,1450,19,198,1667,10,VIC,krb5,ICVul,CVE-2020-28196
af0ed4df4dfae762ab5fb605f5a0c8f59cb4f6ca,15,0,3,18,1,VFC,krb5,ICVul,CVE-2014-5351
00784193904880a9e7f73ff477d287cd22d4e158,472,0,2,474,10,VIC,krb5,ICVul,CVE-2014-5352
3224c5c5e5ccd3b141280c139dc4ce8161b46b11,719,0,0,719,2,VIC,krb5,ICVul,CVE-2022-42898
ec59f120439a69fb59cd51984a22fb29df7c36a8,25,4,38,67,3,VIC,krb5,ICVul,CVE-2017-11462
ee279c1e195f5e6ff1cf3be37432f5d62834f91c,1051,0,0,1051,3,VIC,krb5,ICVul,CVE-2014-5352
56f7b1bc95a2a3eeb420e069e7655fb181ade5cf,57,6,15,78,17,VFC,krb5,ICVul,CVE-2017-11462
43817ef775a04fb5694c39d9d6a27587ce2720a4,372,0,0,372,1,VIC,krb5,ICVul,CVE-2002-2443
890ab3119c83c0adc0b61c1c389356b83090c8ee,2,0,1,3,1,VIC,krb5,ICVul,CVE-2013-1417
f07bca9fc94a5cf2e3c0f58226c7973a4b86b7a9,54,25,30,109,2,VIC,krb5,ICVul,CVE-2015-8630
dc7ed55c689d57de7f7408b34631bf06fec9dab1,1,0,1,2,1,VFC,krb5,ICVul,CVE-2014-4345
5201e3529b26dffdb49ddf428ef2679e315b93d7,423,4,40,467,1,VIC,krb5,ICVul,CVE-2022-42898
ef08b09c9459551aabbe7924fb176f1583053cdd,5,0,3,8,1,VFC,krb5,ICVul,CVE-2023-36054
deed916f6e70e827d81813846bcf3b6404a04d58,3,80,1908,1991,18,VIC,krb5,ICVul,CVE-2016-3119
04038bf3633c4b909b5ded3072dc88c8c419bf16,10,1,7,18,1,VFC,krb5,ICVul,CVE-2014-5354
90f75959cbde8620359084e1d80e294e0d1c497d,64,0,0,64,2,VIC,krb5,ICVul,CVE-2015-8631
d5c4a1fe9994542a4f1d1faab7235e2ad5aa4f92,4,0,2,6,1,VIC,krb5,ICVul,CVE-2015-2695
b3d07fa186c755208b96b9bb598a7b6df6799317,29,73,97,199,4,VIC,krb5,ICVul,CVE-2013-1416
1825455ede7e61ab934b16262fb5b12b78a52f1a,19,0,1,20,1,VIC,krb5,ICVul,CVE-2014-5354
a063fe7e5c11900df005bb2875b27f8e284dfdba,79,213,34,326,11,VIC,krb5,ICVul,CVE-2014-5351
e04f0283516e80d2f93366e0d479d13c9b5c8c2a,507,19,22,548,3,VIC,krb5,ICVul,CVE-2015-2698
7a1eed0316aa8a408b4583be0a42d002e08be0d5,508,277,92,877,15,VIC,krb5,ICVul,CVE-2014-5353
88a1701b423c13991a8064feeb26952d3641d840,1,0,2,3,1,VFC,krb5,ICVul,CVE-2023-39975
01b1c0e26252a00f2215408b0e473b84aa0f6a87,52,280,137,469,4,VIC,krb5,ICVul,CVE-2017-15088
f249555301940c6df3a2cdda13b56b5674eebc2e,0,1,1,2,1,VFC,krb5,ICVul,CVE-2013-1415
d750ef3130b76dd079e863ed395eb3620a37386b,262,9,41,312,13,VIC,krb5,ICVul,CVE-2015-2695
3db8dfec1ef50ddd78d6ba9503185995876a39fd,33,0,8,41,3,VFC,krb5,ICVul,CVE-2015-2698
870d5a01e997b76cae1ad120c6c003edddab5205,5529,0,0,5529,44,VIC,krb5,ICVul,CVE-2014-5352
102bb6ebf20f9174130c85c3b052ae104e5073ec,5,0,4,9,2,VFC,krb5,ICVul,CVE-2014-5355
4aa38f972ec7ab23e977482cf1f4f7478ad3697b,104,0,1,105,1,VIC,krb5,ICVul,CVE-2013-1417
f0c094a1b745d91ef2f9a4eae2149aac026a5789,0,2,2,4,1,VFC,krb5,ICVul,CVE-2015-2697
82dc33da50338ac84c7b4102dc6513d897d0506a,22,0,13,35,13,VFC,krb5,ICVul,CVE-2014-5352
f72c3ffaca4600d4e75282857ce4dda11106d5e7,5574,1963,666,8203,70,VIC,krb5,ICVul,CVE-2015-8631
8ee70ec63931d1e38567905387ab9b1d45734d81,2,0,2,4,1,VFC,krb5,ICVul,CVE-2013-1416
1440ab035ba04550ddbbfbff1ee9b5571e3d95db,7731,10822,2990,21543,217,VIC,krb5,ICVul,CVE-2014-5352
184656dd268d3041b4fc5283ce6ddfbddfd81929,17,0,1,18,2,VIC,krb5,ICVul,CVE-2021-36222
4d901a092a69a69be251131174166fc661d13633,84,42,74,200,3,VIC,krb5,ICVul,CVE-2015-2697
1cc59c12550c828d487c622990d83481e8bbb6c5,243,0,1,244,10,VIC,krb5,ICVul,CVE-2015-8631
d1f707024f1d0af6e54a18885322d70fa15ec4d3,1,0,3,4,1,VFC,krb5,ICVul,CVE-2014-5353
4c2bc7a022bff031e101a88363ff7756871e8721,6886,731,895,8512,55,VIC,krb5,ICVul,CVE-2014-4343
b6f29cbd2ab132e336b5435447348400e9a9e241,1,0,2,3,1,VIC,krb5,ICVul,CVE-2017-11462
c80ce2682015be863c73fbebdaeb919d34930073,0,13,225,238,7,VIC,krb5,ICVul,CVE-2020-28196
033556db67e48538af7fc50ba5b1369aa1dffd26,104,91,12,207,1,VIC,krb5,ICVul,CVE-2013-1416
4c023ba43c16396f0d199e2df1cfa59b88b62acc,2,0,1,3,1,VFC,krb5,ICVul,CVE-2013-1417
d1384be39be11423bd05b88ec444733361fc1467,2130,10,45,2185,23,VIC,krb5,ICVul,CVE-2021-37750
e49364789067760d4d1a1967e74bc727a17d6ed0,1,3,4,8,1,VIC,krb5,ICVul,CVE-2012-1016
3b8b18d6a87f5d2b4f255ee2e7d34ae6b48b4bf6,58,68,33,159,1,VIC,krb5,ICVul,CVE-2013-1417
5077b49f9987945824bc53331f9eb033ac488ffc,489,114,0,603,8,VIC,krb5,ICVul,CVE-2014-5352
b863de7fbf080b15e347a736fdda0a82d42f4f6b,4,0,4,8,1,VFC,krb5,ICVul,CVE-2015-8630
3beb564cea3d219efcf71682b6576cad548c2d23,3,0,4,7,1,VIC,krb5,ICVul,CVE-2017-11462
0ef0646069c1d1376aa632a4791ea7e429f5ae9b,15747,101,180,16028,29,VIC,krb5,ICVul,CVE-2013-1415
93b4a6306a0026cf1cc31ac4bd8a49ba5d034ba7,0,0,1,1,1,VFC,krb5,ICVul,CVE-2016-3120
57415dda6cf04e73ffc3723be518eddfae599bfd,2,0,7,9,1,VFC,krb5,ICVul,CVE-2020-28196
e40dc3cedbcee397526f797c4465927bc5f91aea,100,29,83,212,14,VIC,krb5,ICVul,CVE-2017-11462
ae6a813d8f6d4f96a18a58cfb7e0a4e0548964b8,18,0,202,220,2,VIC,krb5,ICVul,CVE-2014-5355
be2cb85562504ae7d906ed8325c93ad68e804b6c,0,4,1,5,1,VIC,krb5,ICVul,CVE-2014-5355
08c642c09c38a9c6454ab43a9b53b2a89b9eef99,1,0,0,1,1,VFC,krb5,ICVul,CVE-2016-3119
b51b33f2bc5d1497ddf5bd107f791c101695000d,147,19,45,211,2,VFC,krb5,ICVul,CVE-2015-2695
a9ae59f02a18b8a338af44ff3e561eafc2104bca,1,0,7,8,1,VIC,krb5,ICVul,CVE-2022-42898
47a32a44d71b8433300739dbd3b6899c12b53227,490,0,3,493,11,VIC,krb5,ICVul,CVE-2015-8631
06451a4fb043d7d6fb3962a825453f45fdff4b7e,913,0,18,931,12,VIC,krb5,ICVul,CVE-2017-11462
0ba5ccd7bb3ea15e44a87f84ca6feed8890f657d,39353,2176,1581,43110,210,VIC,krb5,ICVul,CVE-2014-5352
e3b5a5e5267818c97750b266df50b6a3d4649604,6,2,3,11,2,VFC,krb5,ICVul,CVE-2015-2694
046c9028aa79d5e9c9b1910f93d39a4891609883,223,0,24,247,2,VIC,krb5,ICVul,CVE-2014-9423
51ea86b7519d3ed5c10135529726a37c1b5d9709,136,58,45,239,4,VIC,krb5,ICVul,CVE-2017-11368
33a64a7f9dc7342880f7a477a8b3447891d20af5,0,2,2,4,1,VIC,krb5,ICVul,CVE-2018-20217
7fc4742c314b8164fd61ce93036ace02ea967775,640,0,0,640,4,VIC,krb5,ICVul,CVE-2014-5355
2c796aa6052de38e67dc7bfd37f3cc519693599e,123,956,156,1235,33,VIC,krb5,ICVul,CVE-2015-8630
ea079b45681b6f36de1aacc176f16cf2ba434aa3,1234,292,706,2232,17,VIC,krb5,ICVul,CVE-2014-5354
daa80b9f4a478ce57be08f9dc3b7d5e65c6e7e66,14,0,21,35,3,VIC,krb5,ICVul,CVE-2021-37750
4b5dd8bcfb10af254fb9efbe4cf39befe5b1e6ac,1089,0,0,1089,4,VIC,krb5,ICVul,CVE-2015-2694
8acb29c6f3259749c85985c2df6b0cbd870c52f6,90,32,172,294,67,VIC,krb5,ICVul,CVE-2015-2695
570967e11bd5ea60a82fc8157ad7d07602402ebb,80,47,118,245,7,VIC,krb5,ICVul,CVE-2021-37750
730ebd39f1e4cdc77c7f9719274e7e1a4346c9f8,60,71,25,156,16,VIC,krb5,ICVul,CVE-2014-5352
42d9d6ab320ee3a661fe21472be542acd542d5be,17594,0,4,17598,45,VIC,krb5,ICVul,CVE-2014-5353
fc98f520caefff2e5ee9a0026fdf5109944b3562,1,0,1,2,1,VFC,krb5,ICVul,CVE-2021-36222
f6b381170552b311793a593e10e2108a10b0397b,28,0,0,28,1,VIC,krb5,ICVul,CVE-2012-1013
6c721c6f56bc77ea1537c9cfcaa9856ec14a4b71,171,137,253,561,10,VIC,krb5,ICVul,CVE-2014-5355
a7886f0ed1277c69142b14a2c6629175a6331edc,0,0,1,1,1,VFC,krb5,ICVul,CVE-2014-4344
db64ca25d661a47b996b4e2645998b5d7f0eb52c,1,0,3,4,1,VFC,krb5,ICVul,CVE-2012-1016
a98a875f0d8f1479b44d198166c9f27d5601e891,446,246,31,723,3,VIC,krb5,ICVul,CVE-2014-4345
2a5ccaf5a2456e8cfc3f774df307386404bfbec3,4018,2,46,4066,19,VIC,krb5,ICVul,CVE-2018-20217
fbb687db1088ddd894d975996e5f6a4252b9a2b4,0,17,25,42,1,VFC,krb5,ICVul,CVE-2017-15088
ffb35baac6981f9e8914f8f3bffd37f284b85970,7,0,5,12,3,VFC,krb5,ICVul,CVE-2017-11368
d775c95af7606a51bf79547a94fa52ddd1cb7f49,5,0,0,5,1,VFC,krb5,ICVul,CVE-2021-37750
cba1ad284dd8a1dc636df4eda32266e4124c9d58,4978,0,0,4978,17,VIC,krb5,ICVul,CVE-2015-8630
0a2f14f752c32a24200363cc6b6ae64a92f81379,272,110,217,599,15,VIC,krb5,ICVul,CVE-2016-3120
572c6db849f27628223a7e838c1b1ed490665d96,250,0,0,250,1,VIC,krb5,ICVul,CVE-2015-8631
a9705a1e0b2cf0cde3e6f8dee14c25ffc074c00a,756,708,116,1580,8,VIC,krb5,ICVul,CVE-2023-39975
524688ce87a15fc75f87efc8c039ba4c7d5c197b,0,0,1,1,1,VFC,krb5,ICVul,CVE-2014-4344
1329c7742c951596efbf06186828a14155194993,201,98,116,415,7,VIC,krb5,ICVul,CVE-2015-2694
df17a1224a3406f57477bcd372c61e04c0e5a5bb,7,0,1,8,1,VFC,krb5,ICVul,CVE-2015-8629
d975d7caeb063e1410ca9551b81a820bb9b65a4d,11,5481,8,5500,21,VIC,krb5,ICVul,CVE-2020-28196
8e78a7eeb7266329891971090d2666f5c6a13ad0,56,610,1804,2470,41,VIC,krb5,ICVul,CVE-2013-1417
393f9bb1f6d53da6a4ddb4451324a0bad76c2f1a,2246,0,0,2246,28,VIC,krb5,ICVul,CVE-2017-11462
096f00e1426533d92fd75865baf7b3cd34ed6458,7,0,3,10,1,VIC,krb5,ICVul,CVE-2014-5355
5e6d1796106df8ba6bc1973ee0917c170d929086,5,0,1,6,2,VFC,krb5,ICVul,CVE-2018-20217
1e09060f0595995b0afe5794ce3d8d80529fbc9c,110,0,1,111,4,VIC,libgd,ICVul,CVE-2018-14553
275ac17bcc837721cf2621ef72c0ba80d4e05570,1592,6,74,1672,16,VIC,libgd,ICVul,CVE-2019-6978
2bb97f407c1145c850416a3bfbcc8cf124e68a19,27,0,0,27,2,VFC,libgd,ICVul,CVE-2016-3074
0dd40abd6d5b3e53a6b745dd4d6cf94b70010989,65,6,48,119,3,VIC,libgd,ICVul,CVE-2016-10166
4dc1a2d7931017d3625f2d7cff70a17ce58b53b4,20,0,7,27,1,VFC,libgd,ICVul,CVE-2016-5116
b0333689ef53c16c2f5313f5e97ba81d91576256,448,0,91,539,30,VIC,libgd,ICVul,CVE-2016-6912
01c61f8ab110a77ae64b5ca67c244c728c506f03,0,10,19,29,1,VFC,libgd,ICVul,CVE-2016-6905
beb1d0c7c79ee5623281bdc3fb496a54ae2c13ca,26,1,19,46,3,VIC,libgd,ICVul,CVE-2016-6214
4859d69e07504d4b0a4bdf9bcb4d9e3769ca35ae,69,0,18,87,3,VFC,libgd,ICVul,CVE-2016-6911
4b840e8216feb0de3dd6e88623cafe8cb40a565f,51,0,6,57,3,VIC,libgd,ICVul,CVE-2018-14553
dd92c2b0df76a5400755664ff2e777a719cb31f2,523,89,175,787,8,VIC,libgd,ICVul,CVE-2019-6978
10ef1dca63d62433fda13309b4a228782db823f7,19,4,6,29,2,VFC,libgd,ICVul,CVE-2016-6214
58b6dde319c301b0eae27d12e2a659e067d80558,14,0,5,19,2,VFC,libgd,ICVul,CVE-2016-6906
0878ffde554d6094a357fc1e118321d2e9712d34,14,0,0,14,1,VIC,libgd,ICVul,CVE-2016-6214
0c21e2cfc1391d1ef564f0cfd8bdec02899c3666,1281,0,0,1281,3,VIC,libgd,ICVul,CVE-2016-6912
69d2fd2c597ffc0c217de1238b9bf4d4bceba8e6,36,0,0,36,2,VFC,libgd,ICVul,CVE-2016-10168
4f65a3e4eedaffa1efcf9ee1eb08f0b504fbc31a,3,3,0,6,1,VFC,libgd,ICVul,CVE-2013-7456
3c2b605d72e8b080dace1d98a6e50b46c1d12186,18,0,8,26,1,VIC,libgd,ICVul,CVE-2016-6905
decf4407d41230fc54dea8058bf887a2696fd4c2,216,110,0,326,3,VIC,libgd,ICVul,CVE-2016-5116
cfd50c61bb709b15ba8729d77eba68cf1376a514,0,79,0,79,1,VIC,libgd,ICVul,CVE-2016-6912
e86d8a66777b8c51de42de156b96a506835b2fcd,15,0,8,23,1,VIC,libgd,ICVul,CVE-2016-10167
53110871935244816bbb9d131da0bccff734bfe9,0,0,1,1,1,VFC,libgd,ICVul,CVE-2016-8670
fb0e0cce0b9f25389ab56604c3547351617e1415,53,0,2,55,2,VIC,libgd,ICVul,CVE-2016-6906
0c29f6af6388974323f597525459a3767f097e6e,1207,0,6,1213,5,VIC,libgd,ICVul,CVE-2019-6978
a49feeae76d41959d85ee733925a4cf40bac61b2,60,13,15,88,2,VFC,libgd,ICVul,CVE-2016-6912
0de2140d03e7106c470b9ce4f116b0d02677fa2e,192,46,318,556,1,VIC,libgd,ICVul,CVE-2016-6911
a93eac0e843148dc2d631c3ba80af17e9c8c860f,31,8,0,39,2,VFC,libgd,ICVul,CVE-2018-14553
a78d06f4361b4aeb2e2660127d4353409ee65dff,10,29,598,637,1,VIC,libgd,ICVul,CVE-2016-6911
4ce7a012144440a090a3b85915755d6fc27ed4c3,853,0,0,853,1,VIC,libgd,ICVul,CVE-2016-6911
fe9ed49dafa993e3af96b6a5a589efeea9bfb36f,22,2,6,30,2,VFC,libgd,ICVul,CVE-2016-10167
32b1307c62a5e8385118b6d7ce84743d125d335d,98,42,196,336,33,VIC,libgd,ICVul,CVE-2016-6214
a79232c5fa692c3b6e3f5bc95ecfc455424c3f54,74,109,25,208,2,VIC,libgd,ICVul,CVE-2016-6912
b9d845987e88d4e05483c1f86091aed8266ec1a5,62,58,910,1030,4,VIC,libgd,ICVul,CVE-2019-6978
ff9113c80a32205d45205d3ea30965b25480e0fb,1,0,3,4,1,VIC,libgd,ICVul,CVE-2016-10166
9b8ae7e221aee4d7caf8f8adab4f5639d9f378e0,0,0,16,16,1,VIC,libgd,ICVul,CVE-2016-6912
75e29a997ce3e3400156a0c80231f69b4f50e92d,4,0,1,5,1,VIC,libgd,ICVul,CVE-2016-6911
dd8f99a4e3226f852fb8e3f65ac67eb49d003d7e,25,7,31,63,2,VIC,libgd,ICVul,CVE-2016-10167
4751b606fa38edc456d627140898a7ec679fcc24,0,0,1,1,1,VFC,libgd,ICVul,CVE-2015-8877
423c9393917a9d1233fe163a45a0791da306b109,3637,10,682,4329,4,VIC,libgd,ICVul,CVE-2015-8877
553702980ae89c83f2d6e254d62cf82e204956d0,70,0,10,80,4,VFC,libgd,ICVul,CVE-2019-6978
1846f48e5fcdde996e7c27a4bbac5d0aef183e4b,34,0,0,34,2,VFC,libgd,ICVul,CVE-2016-9317
5cd8336c267fba92a030d9a27a933b8f21a6e36b,110,0,8,118,1,VIC,libgd,ICVul,CVE-2016-6912
0b6804ee481a635e192f47ac811197e96fa05ecd,4668,1269,1373,7310,21,VIC,libgd,ICVul,CVE-2019-6978
9e8f0306e815380b18acaa956a75ec3d1a89bf76,7,0,3,10,1,VIC,libgd,ICVul,CVE-2016-6214
e20413bf6b872a8c23f1704a89295c5897347c9d,369,1253,33874,35496,140,VIC,libgd,ICVul,CVE-2016-9933
8fe1fe254dfc17db33c56937fd4dc2f1e22b9f1c,445,1,0,446,4,VIC,libgd,ICVul,CVE-2016-6905
493f11ec089e338581d6c9f21641f12c5ddaa733,2,43,289,334,2,VIC,libgd,ICVul,CVE-2016-8670
1ccfe21e14c4d18336f9da8515cd17db88c3de61,4,0,0,4,1,VFC,libgd,ICVul,CVE-2016-6128
60bfb401ad5a4a8ae995dcd36372fe15c71e1a35,5,4,5,14,1,VFC,libgd,ICVul,CVE-2016-10166
663f35215b49517693b8bbb040e42c417087cd44,0,0,429,429,3,VIC,libgd,ICVul,CVE-2016-6911
46fd62585ecbced255193cd5fe964bc44eb137de,2,0,3,5,1,VIC,libgd,ICVul,CVE-2019-6978
2806adfdc27a94d333199345394d7c302952b95f,8,0,0,8,1,VIC,libgd,ICVul,CVE-2016-6912
a64c3b37af9a6c8f8009d7516874b8d266b42bae,0,0,1,1,1,VFC,libvncserver,ICVul,CVE-2018-20748
13b358fed1b89a7a7f8c47bc175dcb3ccae1e39b,44,119,219,382,27,VIC,libvncserver,ICVul,CVE-2018-20748
53073c8d7e232151ea2ecd8a1243124121e10e2d,3,0,4,7,1,VFC,libvncserver,ICVul,CVE-2020-14400
1408866c864cac3b1bbf37eb9fdc8d303f37957d,350,9,45,404,4,VIC,libvncserver,ICVul,CVE-2017-18922
54220248886b5001fbbb9fa73c4e1a2cb9413fed,5,0,0,5,1,VFC,libvncserver,ICVul,CVE-2019-20788
d8b7f7a7d6c283e85c545c16fe6a598161cf306a,544,82,93,719,3,VIC,libvncserver,ICVul,CVE-2017-18922
11271316d39bca7fa006de635d7ef4d17666a6f1,99,1,23,123,3,VIC,libvncserver,ICVul,CVE-2020-14398
16cf35b2bf7b38784b384f1982c7f65bd3fc0142,0,0,5,5,1,VIC,libvncserver,ICVul,CVE-2017-18922
757fdc2454a97890c119cca8662b8d1763265e9a,22656,0,0,22656,54,VIC,libvncserver,ICVul,CVE-2019-15681
1f6da568b27629c6da1d6b356e430f4e0be3d3ee,5,6,217,228,14,VIC,libvncserver,ICVul,CVE-2020-29260
4d9178dcf26e02f95f645417c4360cf0dda24dcc,11,0,6,17,1,VIC,libvncserver,ICVul,CVE-2017-18922
455ba61e4fdc9f2696832137f52c0ae51aeb9004,2,0,15,17,1,VIC,libvncserver,ICVul,CVE-2017-18922
e323d73f915daf00f74160be7b9f50e634ea784d,0,8,2,10,1,VIC,libvncserver,ICVul,CVE-2020-14398
7ef0ae905c3c6c1d8079b8cabac4126f7dbf8081,1,0,1,2,1,VIC,libvncserver,ICVul,CVE-2018-20748
0f2ac00f6ee8102c3695f40a1896edff7c54fbd5,5,0,5,10,1,VIC,libvncserver,ICVul,CVE-2017-18922
0cf1400c61850065de590d403f6d49e32882fd76,2,1,2,5,1,VFC,libvncserver,ICVul,CVE-2019-20840
a60ee2ee9f73d21c4407136d7a2878a34be2f7ed,74,33,12,119,3,VIC,libvncserver,ICVul,CVE-2018-20748
e34bcbb759ca5bef85809967a268fdf214c1ad2c,18,21,3,42,1,VFC,libvncserver,ICVul,CVE-2018-20748
74e8a70f2c9a5248d6718ce443e07c7ed314dfff,0,0,3,3,3,VFC,libvncserver,ICVul,CVE-2020-14402
c5ba3fee85a7ecbbca1df5ffd46d32b92757bc2a,5,0,0,5,1,VFC,libvncserver,ICVul,CVE-2018-20748
aac95a9dcf4bbba87b76c72706c3221a842ca433,331,0,132,463,1,VFC,libvncserver,ICVul,CVE-2017-18922
33441d90a506d5f3ae9388f2752901227e430553,1,0,1,2,1,VFC,libvncserver,ICVul,CVE-2020-14396
b8f2c50136de6c7a2daf594471a18db3a08b8870,112,3,14,129,4,VIC,libvncserver,ICVul,CVE-2020-14398
f2a93afb4660cfe206171756cb813b34b2ce0e7c,6,0,0,6,1,VIC,libvncserver,ICVul,CVE-2020-29260
130ae151d118378e5765713581283728fdfb3e20,98,110,114,322,8,VIC,libvncserver,ICVul,CVE-2020-14397
bef41f6ec4097a8ee094f90a1b34a708fbd757ec,2,0,0,2,1,VFC,libvncserver,ICVul,CVE-2020-29260
3fd03977c9b35800d73a865f167338cb4d05b0c1,4,0,0,4,1,VFC,libvncserver,ICVul,CVE-2019-20839
eeb2061dfb03ea11ba028b33037fa0805d22e6a4,33,24,519,576,45,VIC,libvncserver,ICVul,CVE-2020-14398
18cd366896b7e0f3ce31b1c042dbb19b634fe16d,0,0,2,2,1,VIC,libvncserver,ICVul,CVE-2020-14398
57433015f856cc12753378254ce4f1c78f5d9c7b,19,0,2,21,3,VFC,libvncserver,ICVul,CVE-2020-14398
d7c0b34b62c8edd302e273588bae7467ecbfb987,49,0,5,54,3,VIC,libvncserver,ICVul,CVE-2019-20839
282b071a43fc9a8a12c9cdb98296a801b9d65fd3,897,13771,125,14793,36,VIC,libvncserver,ICVul,CVE-2020-14397
8f544bd276fcabc52d3816fb0814229805c8d198,5,0,10,15,1,VIC,libvncserver,ICVul,CVE-2017-18922
d01e1bb4246323ba6fcee3b82ef1faa9b1dac82a,2,0,0,2,1,VFC,libvncserver,ICVul,CVE-2019-15681
e70c3be7362db1c2860a6cff84bdb47394788ef2,17,1,0,18,1,VIC,libvncserver,ICVul,CVE-2020-14398
6f9a9160c4006aecfc8ca5248e7e4bf8154aff62,3,2,4,9,4,VIC,libvncserver,ICVul,CVE-2017-18922
8937203441ee241c4ace85da687b7d6633a12365,3,0,0,3,1,VFC,libvncserver,ICVul,CVE-2020-14405
5030d53ff08665d27e388244aa22b272716240bc,47,24,356,427,24,VIC,libvncserver,ICVul,CVE-2020-14400
a2ad61755fb01031193bf89421f6bc2c8e706165,75,0,1,76,3,VIC,libvncserver,ICVul,CVE-2020-14398
6836ccb208f8c16824b8c1e330acb077c70c98c6,30,0,0,30,4,VIC,libvncserver,ICVul,CVE-2017-18922
a83439b9fbe0f03c48eb94ed05729cb016f8b72f,2,0,4,6,1,VIC,libvncserver,ICVul,CVE-2018-20748
38e98ee61d74f5f5ab4aa4c77146faad1962d6d0,8,0,11,19,2,VFC,libvncserver,ICVul,CVE-2020-14397
c2c4b81e6cb3b485fb1ec7ba9e7defeb889f6ba7,4,0,2,6,1,VFC,libvncserver,ICVul,CVE-2018-20748
55234a37fd0f865261c09b602b94444d42f35daa,67,65,13,145,4,VIC,libvncserver,ICVul,CVE-2017-18922
2670641432683c15529d93f3ec2e09fed220b53c,526,0,62,588,14,VIC,libvncserver,ICVul,CVE-2020-14401
da570e10260f82803311dddbccfc8d389eb74e2c,32,5,29,66,4,VIC,libvncserver,ICVul,CVE-2020-14397
72b18fdfb78029f01706308cc0a7689069251cf4,22,7,10,39,1,VIC,libvncserver,ICVul,CVE-2017-18922
15bb719c03cc70f14c36a843dcb16ed69b405707,10,0,2,12,1,VIC,libvncserver,ICVul,CVE-2018-20750
97299606daab079cd88a096308487341c113ccec,2,3,587,592,36,VIC,libvncserver,ICVul,CVE-2020-14397
bcefa591cd7b4f8c635a9cadd3438bb5bf5ad814,618,567,13,1198,3,VIC,libvncserver,ICVul,CVE-2019-20840
7aeeca2b1c5936890ef5c0666f856d63db679e8d,2,6,48,56,8,VIC,libvncserver,ICVul,CVE-2020-29260
2c87a631fa4f72178876901c87c85d2889bd7b40,144,71,21,236,2,VIC,libvncserver,ICVul,CVE-2020-14396
58a8df6ff2bffa46d96b057603c93d824f1c8591,522,67,26,615,7,VIC,libvncserver,ICVul,CVE-2018-20748
ccdbe8f3256c3c776a1cc1a0517a38437b9e2c65,1703,89,212,2004,24,VIC,libvncserver,ICVul,CVE-2020-14405
0fc57f2054f9e1b7d2efbe202fdaa4b8e39556f3,3193,0,1,3194,12,VIC,libvncserver,ICVul,CVE-2019-20788
1602b345f3e7e508b043133d5c289d9984e39f18,114,0,4,118,8,VIC,libvncserver,ICVul,CVE-2020-14398
fd73186769e00888a35067ef4c22cd668cb5d2ca,1,0,4,5,1,VIC,libvncserver,ICVul,CVE-2017-18922
a6788d1da719ae006605b78d22f5a9f170b423af,0,0,1,1,1,VFC,libvncserver,ICVul,CVE-2020-14401
c269f19617f508cc5c29c0b064c1a437d7011a46,53,0,0,53,2,VIC,linux,ICVul,CVE-2013-0871
b01a24078fa3fc4f0f447d1306ce5adc495ead86,52,13,106,171,13,VIC,linux,ICVul,CVE-2013-4350
e4fb0edb7c03e5ec19b6f732f1dfbe911212dbde,0,2,2,4,1,VIC,linux,ICVul,CVE-2016-10154
667121ace9dbafb368618dbabcf07901c962ddac,27,8,8,43,1,VFC,linux,ICVul,CVE-2016-8633
b97e820ffffbf49e94ed60c9c26f1a54bccae924,31,1,5,37,2,VIC,linux,ICVul,CVE-2013-4483
6062a8dc0517bce23e3c2f7d2fea5e22411269a3,109,31,94,234,4,VFC,linux,ICVul,CVE-2013-4483
37657da3c5d4a3bbbbb9d3b78f53a8134a0abae0,15,0,0,15,1,VIC,linux,ICVul,CVE-2013-1959
1df79cb3bae754e4a42240f9851ed82549a44f1a,2,0,0,2,1,VIC,linux,ICVul,CVE-2023-23000
0c319d3a144d4b8f1ea2047fd614d2149b68f889,3,0,0,3,1,VFC,linux,ICVul,CVE-2017-18379
f3554aeb991214cbfafd17d55e2bfddb50282e32,5,0,0,5,1,VFC,linux,ICVul,CVE-2019-14284
b4e00444cab4c3f3fec876dc0cccc8cbb0d1a948,5,5,0,10,1,VFC,linux,ICVul,CVE-2020-35508
1a51410abe7d0ee4b1d112780f46df87d3621043,1,0,0,1,1,VFC,linux,ICVul,CVE-2011-2494
fdf5af0daf8019cec2396cdef8fb042d80fe71fa,2,0,0,2,1,VFC,linux,ICVul,CVE-2012-6638
233087ca063686964a53c829d547c7571e3f67bf,31,10,1,42,1,VFC,linux,ICVul,CVE-2022-33981
b20ab9cc63ca4605aec154cf54faa8455749f3f6,111,12,53,176,16,VIC,linux,ICVul,CVE-2014-1690
ec409897e7c71596cc080135ef5f86b81a0e9813,91,93,0,184,2,VIC,linux,ICVul,CVE-2021-38199
17d68b763f09a9ce824ae23eb62c9efc57b69271,3,0,1,4,1,VFC,linux,ICVul,CVE-2013-6376
47ea3bb59cf47298b1cbb4d7bef056b3afea0879,187,0,0,187,1,VIC,linux,ICVul,CVE-2012-4508
470d19e202f02cbf47e85f619232889fd80397e5,9,46,9,64,1,VIC,linux,ICVul,CVE-2023-2007
6574e6c64e971c9adb629e81e497afdb52b1c9df,527,3,2,532,3,VIC,linux,ICVul,CVE-2013-7421
fdf82a7856b32d905c39afc85e34364491e46346,0,24,7,31,1,VFC,linux,ICVul,CVE-2018-15572
726bc6b092da4c093eb74d13c07184b18c1af0f1,3,3,0,6,1,VFC,linux,ICVul,CVE-2013-1828
0a497c17fee428604e06320272ff74415eacdc31,157,0,1,158,3,VIC,linux,ICVul,CVE-2013-7421
fd0928df98b9578be8a786ac0cb78a47a5e17a20,144,88,34,266,9,VIC,linux,ICVul,CVE-2012-0879
29ffc87640e2a5bf0ab98bfeed8d6fc78b2d848e,25,0,0,25,1,VIC,linux,ICVul,CVE-2013-2546
b3147863b523912633bfd4876d242cd5ae7d8e7a,761,0,0,761,4,VIC,linux,ICVul,CVE-2015-4001
07730d87ac7872b54efa02da5d20b42fd6bb165a,268,268,0,536,5,VIC,linux,ICVul,CVE-2021-38203
1f1ea6c2d9d8c0be9ec56454b05315273b5de8ce,0,11,18,29,3,VIC,linux,ICVul,CVE-2013-4591
90d8b7e6129e8f4e5b3bc1a2cfbe585372ce8646,6,3,7,16,1,VIC,linux,ICVul,CVE-2012-2390
97e69aa62f8b5d338d6cff49be09e37cc1262838,6,0,0,6,1,VIC,linux,ICVul,CVE-2023-1513
929473ea05db455ad88cdc081f2adc556b8dc48f,3,0,0,3,1,VFC,linux,ICVul,CVE-2013-2058
f6b3ec238d12c8cc6cc71490c6e3127988460349,96,0,9,105,25,VIC,linux,ICVul,CVE-2012-3511
72651cac884b1e285fa8e8314b10e9f1b8458802,0,0,1,1,1,VIC,linux,ICVul,CVE-2014-8172
1d4457f99928a968767f6405b4a1f50845aa15fd,13,1,9,23,5,VIC,linux,ICVul,CVE-2015-3339
b769f49463711205d57286e64cf535ed4daf59e9,0,8,18,26,5,VFC,linux,ICVul,CVE-2011-1476
810c38a369a0a0ce625b5c12169abce1dd9ccd53,2,0,1,3,1,VFC,linux,ICVul,CVE-2023-51782
5103e947b9b7ac18ddb21a04ee3486e94c6504d7,740,3,10,753,8,VIC,linux,ICVul,CVE-2014-9710
c2892f02712e9516d72841d5c019ed6916329794,1,0,9,10,1,VFC,linux,ICVul,CVE-2011-1767
87397fe10db0e7ee85041eee5a40052cab66aaff,39,1,48,88,1,VIC,linux,ICVul,CVE-2020-11494
c91815b596245fd7da349ecc43c8def670d2269e,17,10,8,35,1,VFC,linux,ICVul,CVE-2019-14763
dd42bf1197144ede075a9d4793123f7689e164bc,7,0,0,7,1,VFC,linux,ICVul,CVE-2015-8964
913bd906019514579b3c7ec5ab9c463e89207a57,9,0,4,13,2,VIC,linux,ICVul,CVE-2015-1593
bf8179a011d40e7322d34440039b5e86a0d03aed,43,29,4,76,1,VIC,linux,ICVul,CVE-2016-4440
2f51201662b28dbf8c15fb7eb972bc51c6cc3fa5,7,1,14,22,8,VIC,linux,ICVul,CVE-2014-8172
7932c0bd7740f4cd2aa168d3ce0199e7af7d72d5,1,0,0,1,1,VFC,linux,ICVul,CVE-2015-6252
1fd4f2a5ed8f80cf6e23d2bdf78554f6a1ac7997,454,4,3,461,5,VIC,linux,ICVul,CVE-2013-1798
af3ff8045bbf3e32f1a448542e73abb4c8ceb6f1,13,0,3,16,3,VFC,linux,ICVul,CVE-2017-17806
853acf7caf10b828102d92d05b5c101666a6142b,3,0,0,3,1,VFC,linux,ICVul,CVE-2019-19073
6742d293cbe01d6d87251c9d4dfa246f9833357f,31,0,18,49,1,VIC,linux,ICVul,CVE-2019-11487
6709d4b7bc2e079241fdef15d1160581c5261c10,55,2,22,79,6,VFC,linux,ICVul,CVE-2023-3863
3cf521f7dc87c031617fd47e4b7aa2593c2f3daf,0,0,2,2,1,VFC,linux,ICVul,CVE-2014-4943
a21b7f0cff1906a93a0130b74713b15a0b36481d,3,0,1,4,1,VFC,linux,ICVul,CVE-2019-19079
a2f18db0c68fec96631c10cad9384c196e9008ac,8,4,1,13,1,VFC,linux,ICVul,CVE-2015-1573
d83d8461f902c672bc1bd8fbc6a94e19f092da97,24,10,73,107,20,VIC,linux,ICVul,CVE-2012-3552
ed3d12561a731b99b58c6c95151291cebf0b3feb,9,0,7,16,3,VIC,linux,ICVul,CVE-2017-18193
2cc6a5a01cdbeb0e46f3aa144819d5d7cee458a1,45,96,44,185,7,VIC,linux,ICVul,CVE-2016-7097
abec5f2bf991a03b055be36d918cd6f8f58cc83e,656,615,1,1272,4,VIC,linux,ICVul,CVE-2016-9685
073d0552ead5bfc7a3a9c01de590e924f11b5dd2,31,0,5,36,1,VFC,linux,ICVul,CVE-2020-27675
0031c41be5c529f8329e327b63cde92ba1284842,0,0,3,3,2,VFC,linux,ICVul,CVE-2010-5331
4da6a738ffdb99b88efbe5b4c4fe521ca453640d,1,0,0,1,1,VIC,linux,ICVul,CVE-2011-1019
54f5de709984bae0d31d823ff03de755f9dcac54,52,30,3,85,1,VIC,linux,ICVul,CVE-2011-2496
f1923820c447e986a9da0fc6bf60c1dccdf0408e,12,0,4,16,1,VFC,linux,ICVul,CVE-2013-2146
63d804eade298208037045ab6728c933f2b6c27d,7,38,35,80,1,VIC,linux,ICVul,CVE-2012-3552
f4d663ce6357e533f107ce3789bd8848c94bea81,28,0,0,28,2,VIC,linux,ICVul,CVE-2013-2546
9b54d816e00425c3a517514e0d677bb3cec49258,0,2,1,3,1,VFC,linux,ICVul,CVE-2018-7480
9adb62a5df9c0fbef7b4665919329f73a34651ed,7,0,10,17,5,VIC,linux,ICVul,CVE-2012-5517
a09c83847b664dcd67a72613374061c900afb799,8,0,0,8,1,VIC,linux,ICVul,CVE-2014-3688
4ea99936a1630f51fc3a2d61a58ec4a1c4b7d55a,18,0,9,27,2,VFC,linux,ICVul,CVE-2019-19767
c23bfc3835173f5229b2503e3b616001a28affad,6,80,55,141,52,VIC,linux,ICVul,CVE-2021-32078
9f6ed2ca257fa8650b876377833e6f14e272848b,40,0,1,41,4,VIC,linux,ICVul,CVE-2017-2647
4d6af73d9e43f78651a43ee4c5ad221107ac8365,44,13,17,74,1,VIC,linux,ICVul,CVE-2016-9576
baa035227b2e8b4bfba8f6176dc06c60477f1634,43,43,1,87,1,VIC,linux,ICVul,CVE-2016-4440
b9cd18de4db3c9ffa7e17b0dc0ca99ed5aa4d43a,19,0,0,19,2,VFC,linux,ICVul,CVE-2014-4699
721eecbf4fe995ca94a9edec0c9843b1cc0eaaf3,377,0,0,377,5,VIC,linux,ICVul,CVE-2017-1000252
79549c6dfda0603dba9a70a53467ce62d9335c33,2,0,0,2,1,VFC,linux,ICVul,CVE-2012-2745
a43a8c39bbb493c9e93f6764b350de2e33e18e92,159,124,14,297,3,VIC,linux,ICVul,CVE-2012-2390
285b4e90318dcf421a00b2ac3fe8ab713f3281e3,6,1,19,26,4,VIC,linux,ICVul,CVE-2012-6545
3b25df93c6e37e323b86a2a8c1e00c0a2821c6c9,5,0,5,10,1,VIC,linux,ICVul,CVE-2017-18221
ee4fa23c4bfcc635d077a9633d405610de45bc70,17,2,23,42,1,VIC,linux,ICVul,CVE-2014-0038
768d612f79822d30a1e7d132a4d4b05337ce42ec,16,0,14,30,1,VFC,linux,ICVul,CVE-2023-45898
5b7a487cf32d3a266fea83d590d3226b5ad817a7,65,0,0,65,4,VIC,linux,ICVul,CVE-2019-19815
3e0097499839e0fe3af380410eababe5a47c4cf9,0,1,2,3,1,VFC,linux,ICVul,CVE-2017-14991
0545a3037773512d3448557ba048cebb73b3e4af,1152,0,0,1152,2,VIC,linux,ICVul,CVE-2023-31436
44883f01fe6ae436a8604c47d8435276fef369b0,16,0,14,30,3,VIC,linux,ICVul,CVE-2022-2153
756d17ee7ee4fbc8238bdf97100af63e6ac441ef,136,40,31,207,2,VIC,linux,ICVul,CVE-2013-3301
455cd5ab305c90ffc422dd2e0fb634730942b257,33,0,0,33,3,VIC,linux,ICVul,CVE-2011-4080
ce2f11fe784f7999b82c7a71cdbcb86ad2653def,0,1,5,6,1,VIC,linux,ICVul,CVE-2014-1738
0e9a9a1ad619e7e987815d20262d36a2f95717ca,1,0,1,2,1,VFC,linux,ICVul,CVE-2013-2015
3dc494e86d1c93afd4c66385f270899dbfae483d,142,86,42,270,7,VIC,linux,ICVul,CVE-2012-2373
f281233d3eba15fb225d21ae2e228fd4553d824a,198,50,149,397,115,VIC,linux,ICVul,CVE-2023-2007
0e92e2d036232da1543599dc9b7acc1ce4289d1b,40,75,1,116,4,VIC,linux,ICVul,CVE-2019-19061
4dca864b59dd150a221730775e2f21f49779c135,0,0,1,1,1,VIC,linux,ICVul,CVE-2020-27675
7d12e780e003f93433d49ce78cfedf4b4c52adc5,131,486,2486,3103,1077,VIC,linux,ICVul,CVE-2023-2007
23631227a672de5e81e167c3178b39e9a50f6541,2,0,0,2,1,VIC,linux,ICVul,CVE-2021-38199
e1aaadd4d8162a2c33e41dd5a72234ea4d3b014f,154,0,9,163,2,VIC,linux,ICVul,CVE-2013-0349
f106eee10038c2ee5b6056aaf3f6d5229be6dcdd,12,0,1,13,1,VFC,linux,ICVul,CVE-2010-5328
321fb561971ba0f10ce18c0f8a4b9fbfc7cef4b9,0,2,3,5,1,VIC,linux,ICVul,CVE-2013-0871
fcfdebe70759c74e2e701f69aaa7f0e5e32cf5a6,11,0,2,13,1,VIC,linux,ICVul,CVE-2016-2549
70945643722ffeac779d2529a348f99567fa5c33,0,0,1,1,1,VFC,linux,ICVul,CVE-2011-3363
4db6bfe02bdc7dc5048f46dd682a94801d029adc,806,711,25,1542,5,VIC,linux,ICVul,CVE-2013-4299
a9cf55b2861057a213e610da2fec52125439a11d,75,1,9,85,2,VIC,linux,ICVul,CVE-2019-19922
b80ca4f7ee36c26d300c5a8f429e73372d153379,2,9,88,99,28,VIC,linux,ICVul,CVE-2023-2007
385aee965b4e4c36551c362a334378d2985b722a,2,0,1,3,1,VFC,linux,ICVul,CVE-2017-10810
63159f29be1df7f93563a8a0f78c5e65fc844ed6,0,1,173,174,25,VIC,linux,ICVul,CVE-2016-3841
c4e7f9022e506c6635a5037713c37118e23193e4,75,0,0,75,1,VFC,linux,ICVul,CVE-2011-4347
297a6961ffb8ff4dc66c9fbf53b924bd1dda05d5,2,0,0,2,1,VFC,linux,ICVul,CVE-2018-8043
74675a58507e769beee7d949dbed788af3c4139d,99,54,83,236,9,VIC,linux,ICVul,CVE-2013-1773
76429c148b939f5a6863c0a024eb8960ae91469a,1,0,5,6,1,VIC,linux,ICVul,CVE-2014-0069
9244b2c3079faac79b3b961116bd548c45087e2c,2,114,100,216,12,VIC,linux,ICVul,CVE-2016-2545
41c52c0db9607e59f90da7da5309489fa06e887f,93,2,38,133,2,VIC,linux,ICVul,CVE-2013-3301
d62ac21aa075c8ddf3d02a98d28afce635e77e8e,2,0,14,16,1,VIC,linux,ICVul,CVE-2011-3209
05a974efa4bdf6e2a150e3f27dc6fcf0a9ad5655,23,0,4,27,1,VFC,linux,ICVul,CVE-2017-5548
06e7c70c6e8903da57982ab3bdc81e01a8ba941d,55,46,58,159,3,VIC,linux,ICVul,CVE-2023-1390
bde1694aecdb535970787b4f1d07ddb317e191e3,0,13,294,307,18,VIC,linux,ICVul,CVE-2022-47940
99253eb750fda6a644d5188fb26c43bad8d5a745,8,3,0,11,1,VFC,linux,ICVul,CVE-2017-18509
0e855ac8b103ef579052936b59fe7c599ac422a4,27,17,26,70,8,VIC,linux,ICVul,CVE-2017-7495
4f208d4e2d871c2416c9a86695d6f7d17e76349b,26,51,48,125,2,VIC,linux,ICVul,CVE-2017-8064
905ad269c55fc62bee3da29f7b1d1efeba8aa1e1,0,2,3,5,1,VFC,linux,ICVul,CVE-2012-2127
5c25f65fd1e42685f7ccd80e0621829c105785d9,0,0,1,1,1,VFC,linux,ICVul,CVE-2018-7191
858119e159384308a5dde67776691a2ebf70df0f,0,1,226,227,74,VIC,linux,ICVul,CVE-2015-1805
db5fed26b2e0beed939b773dd5896077a1794d65,25,0,21,46,3,VIC,linux,ICVul,CVE-2012-3510
769ec6e5b7d4a8115447736871be8bffaaba3a7d,15,2,4,21,3,VIC,linux,ICVul,CVE-2017-18249
05b252cccb2e5c3f56119d25de684b4f810ba4,3,0,1,4,1,VFC,linux,ICVul,CVE-2023-2008
a27b58fed90cc5654e2daf1d292cc5bc61be4dd7,11,0,14,25,3,VIC,linux,ICVul,CVE-2017-17712
8909c9ad8ff03611c9c96c9a92656213e4bb495b,11,0,5,16,5,VFC,linux,ICVul,CVE-2011-1019
61628a3f3a37af2bf25daf8e26fd6b76a78c4f76,104,11,48,163,2,VIC,linux,ICVul,CVE-2015-8324
8dc4379e17cddad7b2088a3f300ded50d2a6d493,0,0,1,1,1,VIC,linux,ICVul,CVE-2016-10044
298a58e165e447ccfaae35fe9f651f9d7e15166f,0,83,0,83,2,VFC,linux,ICVul,CVE-2021-32078
78c0337a38450f809113dd46fe038874b93909f1,13,7,0,20,1,VIC,linux,ICVul,CVE-2013-1797
11f3710417d026ea2f4fcf362d866342c5274185,17,0,21,38,1,VFC,linux,ICVul,CVE-2016-6197
ea110733874d5176cb56dcf612a629ffac09dbf0,0,9,74,83,21,VIC,linux,ICVul,CVE-2014-3673
4d00135a680727f6c3be78f8befaac009030e4df,11,0,2,13,1,VFC,linux,ICVul,CVE-2011-1477
ef85b67385436ddc1998f45f1d6a210f935b3388,0,1,5,6,1,VFC,linux,ICVul,CVE-2016-9588
124d3b7041f9a0ca7c43a6293e1cae4576c32fd5,5,1,1,7,1,VFC,linux,ICVul,CVE-2008-7316
6cd88243c7e03845a450795e134b488fc2afb736,28,0,0,28,4,VFC,linux,ICVul,CVE-2022-39189
df4d92549f23e1c037e83323aff58a21b3de7fe0,4,1,9,14,3,VFC,linux,ICVul,CVE-2015-1465
2e1c42391ff2556387b3cb6308b24f6f65619feb,4,0,0,4,1,VFC,linux,ICVul,CVE-2017-16534
dd37e9405a8e85be49a60b2530efeb5f06bcb753,50,2,10,62,2,VIC,linux,ICVul,CVE-2014-9888
15b8d9332b927d76a0b26cf70c564756d1648133,0,3,1,4,1,VIC,linux,ICVul,CVE-2019-14763
c903f0456bc69176912dee6dd25c6a66ee1aed00,3,0,0,3,1,VFC,linux,ICVul,CVE-2013-0268
00258e36b2d33b1b5cef7b489e06c5e0a9df58b5,17,74,97,188,1,VIC,linux,ICVul,CVE-2014-7822
77dd550e5547846604ff6f90c4dc6bba4414e485,6,99,7,112,8,VIC,linux,ICVul,CVE-2011-1023
1ed28f610653e9b18433c6d87e9d333b7e3e886e,255,0,0,255,5,VIC,linux,ICVul,CVE-2022-1974
e3b4f515c43553a9950017d8d052541ccb8081fa,47,3,8,58,1,VIC,linux,ICVul,CVE-2013-7421
782e70c6fc2290a0395850e8e02583b8b62264d8,34,68,27,129,8,VIC,linux,ICVul,CVE-2020-12464
fe067e8ab5e0dc5ca3c54634924c628da92090b4,140,36,81,257,7,VIC,linux,ICVul,CVE-2016-6828
4c44aaafa8108f584831850ab48a975e971db2de,18,2,7,27,4,VIC,linux,ICVul,CVE-2013-2929
6e5714eaf77d79ae1c8b47e3e040ff5411b717ec,213,351,9,573,13,VFC,linux,ICVul,CVE-2011-3188
1fc29bacedeabb278080e31bb9c1ecb49f143c3b,0,0,2,2,1,VFC,linux,ICVul,CVE-2013-4247
5f00110f7273f9ff04ac69a5f85bb535a4fd0987,6,0,2,8,1,VFC,linux,ICVul,CVE-2013-1767
2a94fe48f32ccf7321450a2cc07f2b724a444e5b,118,174,259,551,19,VIC,linux,ICVul,CVE-2022-1975
b735d0a91556fd9fd5bbeeebd7d327c2d92c36c8,23,0,0,23,1,VIC,linux,ICVul,CVE-2013-2546
bdf4c48af20a3b0f01671799ace345e3d49576da,64,7,14,85,4,VIC,linux,ICVul,CVE-2016-6136
4a2d98447b37bcb68a7f06a1078edcb4f7e6ce7e,11,0,11,22,1,VIC,linux,ICVul,CVE-2023-45898
99875249bfbfb6d9a2aba020ce65da2862d0dafa,4,0,0,4,3,VIC,linux,ICVul,CVE-2021-38199
7132813c384515c9dede1ae20e56f3895feb7f1e,6,0,3,9,1,VIC,linux,ICVul,CVE-2015-8950
6e8a27a816390d1fbcc28903da4dd9bc348e19ca,2,35,17,54,1,VIC,linux,ICVul,CVE-2016-10741
68a81291ff6650f3ff409ebfc58ef97dfe85a2e4,4151,0,0,4151,4,VIC,linux,ICVul,CVE-2013-4516
5db11c21a929cd9d8c0484006efb1014fc723c93,3196,0,0,3196,6,VIC,linux,ICVul,CVE-2016-7097
820e45db2380eb1545fa2bc5d34b8b2f2933faeb,31,0,0,31,3,VIC,linux,ICVul,CVE-2010-5328
4a9d4b024a3102fc083c925c242d98ac27b1c5f6,73,1,2,76,3,VIC,linux,ICVul,CVE-2014-8172
0fdf96b67ac2649cc1ddb29b316a0db11586c6a8,20,0,4,24,1,VIC,linux,ICVul,CVE-2015-5707
ae7b4e1f213aa659aedf9c6ecad0bf5f0476e1e2,0,0,1,1,1,VFC,linux,ICVul,CVE-2013-6431
e0466156ee2e944fb47a3fa00932c3698a6d2c67,17,0,1,18,2,VIC,linux,ICVul,CVE-2018-20961
caf19d38607108304cd8cc67ed21378017f69e8a,2,0,0,2,1,VIC,linux,ICVul,CVE-2015-8962
d10d1b9ac97b96dd9183944d30b1664bdbb5fbf6,26,0,135,161,3,VIC,linux,ICVul,CVE-2017-8064
bf911e985d6bbaa328c20c3e05f4eb03de11fdd6,6,6,0,12,1,VFC,linux,ICVul,CVE-2016-9555
28d76df18f0ad5bcf5fa48510b225f0ed262a99b,0,113,50,163,1,VFC,linux,ICVul,CVE-2020-12652
96e8fc5818686d4a1591bb6907e7fdb64ef29884,7,0,3,10,3,VFC,linux,ICVul,CVE-2022-36123
d73a1a674b5383bb3b38ae3dd625504ffc623d90,1,5,13,19,5,VIC,linux,ICVul,CVE-2023-2007
6ddc082223ef0f73717b4133fa7e648842bbfd02,7,3,47,57,9,VIC,linux,ICVul,CVE-2012-4444
6c42227c3467549ddc65efe99c869021d2f4a570,6,0,1,7,1,VFC,linux,ICVul,CVE-2020-36766
3977c965ec35ce1a7eac988ad313f0fc9aee9660,63,0,0,63,1,VIC,linux,ICVul,CVE-2011-3638
c77a4b9cffb6215a15196ec499490d116dfad181,2,0,0,2,1,VIC,linux,ICVul,CVE-2013-7266
a443755f1ca3e190e12e3a845ddecb3ee1782512,21,0,7,28,2,VIC,linux,ICVul,CVE-2019-18885
604763722c655c7e3f31ecf6f7b4dafcd26a7a15,6,5,23,34,13,VIC,linux,ICVul,CVE-2016-10229
b903d324bee2627036d024dceed73b3c96558795,4,3,15,22,8,VIC,linux,ICVul,CVE-2013-4350
197c949e7798fbf28cfadc69d9ca0c2abbf93191,4,0,4,8,2,VFC,linux,ICVul,CVE-2016-10229
357ebdbfca0baa9a8d8d85307393e9ec3406affc,23,79,0,102,4,VIC,linux,ICVul,CVE-2016-5243
b409e578d9a4ec95913e06d8fea2a33f1754ea69,5,2,19,26,1,VIC,linux,ICVul,CVE-2016-7916
340991e30ccef7b983cf2814ecea610504f5d059,48,0,5,53,1,VIC,linux,ICVul,CVE-2013-7421
afca6c5b2595fc44383919fba740c194b0b76aff,40,17,8,65,1,VFC,linux,ICVul,CVE-2018-13093
24601bbcacb3356657747f2e64317923feb7a1a2,52,57,16,125,2,VIC,linux,ICVul,CVE-2023-2007
d9be4f7a6f5a8da3133b832eca41c3591420b1ca,0,0,3,3,1,VIC,linux,ICVul,CVE-2013-4470
9def0b9761ee096c3c539b427dfb1e52b373cdad,0,0,2,2,1,VIC,linux,ICVul,CVE-2023-2007
ba3021b2c79b2fa9114f92790a99deb27a65b728,1,0,0,1,1,VFC,linux,ICVul,CVE-2017-1000380
bd23a7269834dc7c1f93e83535d16ebc44b75eba,2,0,1,3,1,VFC,linux,ICVul,CVE-2018-12633
eb1d16414339a6e113d89e2cca2556005d7ce919,1274,0,0,1274,2,VIC,linux,ICVul,CVE-2011-0716
364dbdf3b6c31a4a5fb7a6d479e7aafb4a7a10b6,810,0,0,810,2,VIC,linux,ICVul,CVE-2022-39842
dd7633ecd553a5e304d349aa6f8eb8a0417098c5,5,0,2,7,1,VFC,linux,ICVul,CVE-2013-4127
534a7b8e10ec55d9f521e68c20dbb3634c25b98a,1049,0,0,1049,4,VIC,linux,ICVul,CVE-2014-3182
c4365c9235f80128c3c3d5993074173941b1c1f0,36,0,0,36,2,VIC,linux,ICVul,CVE-2011-3188
db8f6f5c8de6dae924a68858ad6a4217f735be13,20,4,2,26,1,VIC,linux,ICVul,CVE-2024-0607
d06e03adcb30f9e9fff4df1d80a3087f54a62d9a,23,10,1,34,1,VIC,linux,ICVul,CVE-2014-3647
aa07a6990f4b6a8ef9fc538dea55bac6f92255f2,0,3,3,6,1,VIC,linux,ICVul,CVE-2013-7421
0c55cfc4166d9a0f38de779bd4d75a90afbe7734,34,15,11,60,2,VIC,linux,ICVul,CVE-2014-5207
38e20b07efd541a959de367dc90a17f92ce2e8a6,109,4,3,116,7,VIC,linux,ICVul,CVE-2020-27675
2a2f11c227bdf292b3a2900ad04139d301b56ac4,0,0,3,3,1,VFC,linux,ICVul,CVE-2007-6762
0845718dafea3e16041d270c256e8516acf4e13d,138,0,2,140,3,VIC,linux,ICVul,CVE-2019-11487
15133f6e67d8d646d0744336b4daa3135452cb0d,302,4,19,325,9,VIC,linux,ICVul,CVE-2018-5333
6252d702c5311ce916caf75ed82e5c8245171c92,237,27,21,285,13,VIC,linux,ICVul,CVE-2016-2143
d00d8da5869a2608e97cfede094dfc5e11462a46,0,0,2,2,1,VFC,linux,ICVul,CVE-2021-38160
4614139c6a74fe02c85f702ba9c0e57f8e38647e,28,60,0,88,3,VIC,linux,ICVul,CVE-2013-0309
bbaf5e97337287479eb78dbc3822d9560bbfd2e2,143,0,1,144,3,VIC,linux,ICVul,CVE-2016-2549
f2fcfcd670257236ebf2088bbdf26f6a8ef459fe,220,0,35,255,2,VFC,linux,ICVul,CVE-2017-1000251
b698a9f4c5c52317db486b069190c7e3d2b97e7e,48,0,30,78,1,VIC,linux,ICVul,CVE-2021-3744
99a15e21d96f6857dafab1e5167e5e8183215c9c,0,0,1,1,1,VIC,linux,ICVul,CVE-2016-3070
449a137846c84829a328757cd21fd9ca65c08519,18,0,6,24,3,VIC,linux,ICVul,CVE-2020-28374
71ffe9c77dd7a2b62207953091efa8dafec958dd,5,1,11,17,1,VIC,linux,ICVul,CVE-2017-18017
613317bd212c585c20796c10afe5daaa95d4b0a1,1,0,1,2,1,VFC,linux,ICVul,CVE-2016-2085
ee2ffa0dfdd2db19705f2ba1c6a4c0bfe8122dd8,15,9,33,57,7,VIC,linux,ICVul,CVE-2014-8172
3aa02cb664c5fb1042958c8d1aa8c35055a2ebc4,0,0,1,1,1,VFC,linux,ICVul,CVE-2016-9794
4e78c724d47e2342aa8fde61f6b8536f662f795f,0,0,1,1,1,VFC,linux,ICVul,CVE-2011-2518
15e7b4452b72ae890f2fcb027b4c4fa63a1c9a7a,1,98,3,102,2,VIC,linux,ICVul,CVE-2013-7421
2356aaeb2f58f491679dc0c38bc3f6dbe54e7ded,12,6,21,39,1,VIC,linux,ICVul,CVE-2017-2583
30a61ddf8117c26ac5b295e1233eaa9629a94ca3,27,0,18,45,1,VFC,linux,ICVul,CVE-2017-18249
2d6fbfe733f35c6b355c216644e08e149c61b271,2,0,0,2,1,VIC,linux,ICVul,CVE-2013-7266
5233252fce714053f0151680933571a2da9cbfb4,3,0,0,3,1,VFC,linux,ICVul,CVE-2015-8575
f159f4ed55bb0fa5470800641e03a13a7e0eae6e,83,0,11,94,4,VIC,linux,ICVul,CVE-2014-9870
0a515a06c5ebfa46fee3ac519e418f801e718da4,5,0,0,5,1,VFC,linux,ICVul,CVE-2023-23003
179f831bc33104d14deb54a52b7a8b43433f8ccc,295,0,0,295,2,VIC,linux,ICVul,CVE-2013-7027
1a87334239757b69eb9885979c32bbf871b3ec88,913,2,49,964,3,VIC,linux,ICVul,CVE-2016-8658
482b05dd533da162fa8d04c61712fae297bea3e0,2,13,45,60,1,VIC,linux,ICVul,CVE-2014-2039
57be09c6e8747bf48704136d9e3f92bfb93f5725,10,0,12,22,1,VFC,linux,ICVul,CVE-2019-19067
445409602c09219767c06497c0dc2285eac244ed,42,11,3,56,3,VIC,linux,ICVul,CVE-2013-2017
bfdc0b497faa82a0ba2f9dddcf109231dd519fcc,16,0,1,17,1,VFC,linux,ICVul,CVE-2011-4080
d2b915210b5ec01409f581421d633eca6c38d444,171,0,10,181,6,VIC,linux,ICVul,CVE-2018-1066
71bb99a02b32b4cc4265118e85f6035ca72923f0,3,0,0,3,1,VFC,linux,ICVul,CVE-2017-15868
c654d60e8f0ea13e35b15cff54c0e473b8b162be,3,5,10,18,1,VIC,linux,ICVul,CVE-2017-7889
8a4c3926889e7bf226e9f0254e7eface1f85f312,0,2,22,24,5,VIC,linux,ICVul,CVE-2017-8797
3f421baa4720b708022f8bcc52a61e5cd6f10bf8,566,509,21,1096,9,VIC,linux,ICVul,CVE-2012-3552
c7064ef13b2181a489836349f9baf87df0dab28f,6,14,55,75,5,VIC,linux,ICVul,CVE-2012-4508
4a184233f21645cf0b719366210ed445d1024d72,1,0,0,1,1,VIC,linux,ICVul,CVE-2013-7266
229bab6bacc42295f13c0434772381a88ce2308b,4,1,5,10,1,VIC,linux,ICVul,CVE-2023-2007
fe135d2ceb3d7dc08151b3cbad96565d02cc8676,21,7,22,50,2,VIC,linux,ICVul,CVE-2021-38198
5519541d5a5f19893546883547e2f0f2e5934df7,134,4,11,149,8,VIC,linux,ICVul,CVE-2014-2672
23adbe12ef7d3d4195e80800ab36b37bee28cd03,5,4,22,31,6,VFC,linux,ICVul,CVE-2014-4014
22d01afb210ff77fc480a1fc531cd59a4f32157a,97,0,0,97,1,VIC,linux,ICVul,CVE-2017-2647
43da5f2e0d0c69ded3d51907d9552310a6b545e8,1,0,0,1,1,VFC,linux,ICVul,CVE-2012-6539
9d1b39a967871b7c69025dba7b7bdaee42871021,11,11,2,24,2,VIC,linux,ICVul,CVE-2015-0239
38d77c50b4f4e3ea1687e119871364f1c8d2f531,12,23,59,94,10,VIC,linux,ICVul,CVE-2018-1066
6e601a53566d84e1ffd25e7b6fe0b6894ffd79c0,3,0,0,3,1,VFC,linux,ICVul,CVE-2013-1763
9ad2de43f1aee7e7274a4e0d41465489299e344b,1,0,0,1,1,VFC,linux,ICVul,CVE-2012-6545
f5f417c063b83ca3de493e79e7d8c9144d9e7368,0,0,3,3,1,VIC,linux,ICVul,CVE-2015-5283
c2ad2bb3ef870067ecfc9ccdcf465feb51f2b6a5,6,1,6,13,1,VIC,linux,ICVul,CVE-2015-0239
08710da3cf932149de3440bbaec4dfdfba5a33df,0,2,1,3,1,VIC,linux,ICVul,CVE-2020-28941
974e4b752ee623854c5dc2bbfc7c7725029ce173,127,0,0,127,1,VIC,linux,ICVul,CVE-2013-7421
a497e47d4aec37aaf8f13509f3ef3d1f6a717d88,4,0,1,5,1,VFC,linux,ICVul,CVE-2013-6378
b259b10c420a59a2fdbcf5a3498253ebcbdffa1e,160,0,1,161,2,VIC,linux,ICVul,CVE-2017-16527
3f31d07571eeea18a7d34db9af21d2285b807a17,4,3,8,15,2,VIC,linux,ICVul,CVE-2012-3511
982134ba62618c2d69fbbbd166d0a11ee3b7e3d8,7,0,2,9,1,VFC,linux,ICVul,CVE-2011-2496
951b6a0717db97ce420547222647bcc40bf1eacd,4,0,8,12,1,VFC,linux,ICVul,CVE-2015-8956
9344a972961d1a6d2c04d9008b13617bcb6ec2ef,1,0,0,1,1,VFC,linux,ICVul,CVE-2012-6545
f8e9881c2aef1e982e5abc25c046820cd0b7cf64,0,2,2,4,1,VFC,linux,ICVul,CVE-2011-4087
3c42f0c3dde8feb59fc87df45cadb847d5511c0a,67,49,382,498,9,VIC,linux,ICVul,CVE-2020-25669
89d7ae34cdda4195809a5a987f697a517a2a3177,2,0,2,4,1,VFC,linux,ICVul,CVE-2013-0310
2949ad50711cc161721cf788711722eeeca33764,8,0,6,14,1,VIC,linux,ICVul,CVE-2011-1021
eb47b8009dc969a3386c983bd5e798e9f690c5d9,701,0,0,701,1,VIC,linux,ICVul,CVE-2019-19815
1a5a9906d4e8d1976b701f889d8f35d54b928f25,84,2,8,94,9,VIC,linux,ICVul,CVE-2012-2373
c85ce65ecac078ab1a1835c87c4a6319cf74660a,0,0,2,2,2,VFC,linux,ICVul,CVE-2011-3359
4e3fd7a06dc20b2d8ec6892233ad2012968fe7b6,0,27,288,315,66,VIC,linux,ICVul,CVE-2013-4350
729eba3355674f2d9524629b73683ba1d1cd3f10,102,35,16,153,3,VFC,linux,ICVul,CVE-2023-0030
37920a74abd6fdf0696730ba80a07843a62c9c54,2,0,0,2,1,VIC,linux,ICVul,CVE-2017-8066
f99d60341238fe73fc514129cd9ae4e44e1b2c47,63,25,41,129,3,VIC,linux,ICVul,CVE-2014-9888
5151412dd4338b273afdb107c3772528e9e67d92,1,12,2,15,2,VIC,linux,ICVul,CVE-2018-20856
bfd8d8fe98b8792f362cd210a7873969f8d2fc04,2,1,2,5,1,VIC,linux,ICVul,CVE-2020-28097
f9b62f9843c7b0afdaecabbcebf1dbba18599408,1,0,1,2,1,VFC,linux,ICVul,CVE-2022-47521
3a9b153c5591548612c3955c9600a98150c81875,4,0,0,4,1,VFC,linux,ICVul,CVE-2020-12654
d8f97da1b92d2fe89d51c673ecf80c4016119e5c,92,0,23,115,3,VIC,linux,ICVul,CVE-2023-23002
0f2af21aae11972fa924374ddcf52e88347cf5a8,13,6,6,25,1,VFC,linux,ICVul,CVE-2015-0275
6a76f8c0ab19f215af2a3442870eeb5f0e81998d,0,0,7,7,3,VFC,linux,ICVul,CVE-2013-3301
3536da06db0baa675f32de608c0a4c0f5ef0e9ff,7,0,7,14,1,VIC,linux,ICVul,CVE-2023-3863
e0e3cea46d31d23dc40df0a49a7a2c04fe8edfea,2,0,4,6,3,VFC,linux,ICVul,CVE-2012-3520
1ed43910956f5faec690ea3214451779e93bbb52,26,0,0,26,1,VIC,linux,ICVul,CVE-2023-2007
d7cdf81657776ca1aa8377fd84d02fd8774db483,0,456,117,573,3,VIC,linux,ICVul,CVE-2018-1065
af888d677a3f4473c198b4720319dd037f398b51,6,9,9,24,2,VIC,linux,ICVul,CVE-2018-12896
d29216842a85c7970c536108e093963f02714498,61,0,2,63,6,VFC,linux,ICVul,CVE-2016-6213
3c0c5cfdcd4d69ffc4b9c0907cec99039f30a50a,1,0,0,1,1,VFC,linux,ICVul,CVE-2012-6546
5f5bc6b1e2d5a6f827bc860ef2dc5b6f365d1339,41,4,61,106,4,VFC,linux,ICVul,CVE-2014-9710
f0c9103813b3045bd5b43220b6a78c9908a45d24,37,12,20,69,5,VIC,linux,ICVul,CVE-2022-1974
2febc839133280d5a5e8e1179c94ea674489dae2,2,0,0,2,1,VFC,linux,ICVul,CVE-2014-3611
7801edb0b8b66e83c13623b483bc2e846c007c9d,10,16,9,35,1,VIC,linux,ICVul,CVE-2019-19054
9acc1853519a0473620d424105f9d49ea5b4e62e,43,0,0,43,4,VIC,linux,ICVul,CVE-2012-3510
fda6c89fe3d9aca073495a664e1d5aea28cd4377,4,0,0,4,1,VFC,linux,ICVul,CVE-2023-26545
8358b02bf67d3a5d8a825070e1aa73f25fb2e4c7,0,1,0,1,1,VFC,linux,ICVul,CVE-2016-4557
ac1e516d5a4c56bf0cb4a3dfc0672f689131cfd4,0,0,2,2,1,VFC,linux,ICVul,CVE-2019-19927
323b34963d113efb566635f43858f40cce01d5f9,4,145,72,221,2,VIC,linux,ICVul,CVE-2017-8068
14c850212ed8f8cbb5972ad6b8812e08a0bc901c,331,160,24,515,87,VIC,linux,ICVul,CVE-2012-3552
89aee84cbc9224f638f3b7951b306d2ee8ecb71e,1,1,5,7,1,VFC,lua,ICVul,CVE-2019-6706
62f3b7c472c6bb293b3622ebdcd1747dc0e19d61,1,0,7,8,1,VIC,lua,ICVul,CVE-2020-15945
c5363a1b58573162ef13ba4a345bd48ad3c355d9,0,4,21,25,2,VIC,lua,ICVul,CVE-2020-15888
00114a95b2a1234954a46fca6221d1c6922713f8,71,27,90,188,1,VIC,lua,ICVul,CVE-2020-24371
d6af81084df569bc8e3bd0949ad6fc0b40c8468d,21,2,16,39,4,VIC,lua,ICVul,CVE-2022-28805
3cd9b56ae6002b4ef28d2467abd119606ae625d3,17,2,49,68,3,VIC,lua,ICVul,CVE-2020-24342
0682fe816929da2e5abe8e191ad9c8509e6bfc12,34,31,46,111,7,VIC,lua,ICVul,CVE-2020-15945
2c32bff60987d38a60a58d4f0123f3783da60a63,88,10,40,138,5,VIC,lua,ICVul,CVE-2020-24371
5bdee4f81057698cf7da2bb5da814984170abf8c,19,5,23,47,3,VIC,lua,ICVul,CVE-2020-15888
1f3c6f4534c6411313361697d98d1145a1f030fa,1,0,0,1,1,VFC,lua,ICVul,CVE-2022-28805
ba7da13ec5938f978c37d63aa40a3e340b301f79,62,17,43,122,8,VIC,lua,ICVul,CVE-2020-24342
afa0d0ac0df60e37fd9473f50041505246228b35,3,2,51,56,7,VIC,lua,ICVul,CVE-2020-15945
6298903e35217ab69c279056f925fb72900ce0b7,0,1,2,3,1,VFC,lua,ICVul,CVE-2020-15888
49dae52d0808776f5861eb33efa1d13b05e44512,2,2,12,16,5,VIC,lua,ICVul,CVE-2020-15888
5598b2bc558ba0c755068f21e786d3a6d59eb1ca,81,0,3,84,3,VIC,lua,ICVul,CVE-2019-6706
a6da1472c0c5e05ff249325f979531ad51533110,16,0,16,32,1,VFC,lua,ICVul,CVE-2020-24371
127e7a6c8942b362aa3c6627f44d660a4fb75312,0,2,4,6,1,VFC,lua,ICVul,CVE-2020-15889
ad0704e40cc7b3135fedc6d40a522addb039e090,98,74,296,468,13,VIC,lua,ICVul,CVE-2020-15945
0df2238063f3e5b1a12c5272484f2afd45a2a2f1,8,0,15,23,7,VIC,lua,ICVul,CVE-2022-28805
0ac3d07ea64ce4bcb8b935fb80fbb2b72d6b8f43,48,2,20,70,7,VIC,lua,ICVul,CVE-2022-28805
fdd5f2f7a32535eb8f2fbafbed2d84c0e69392c0,0,0,9,9,4,VIC,lua,ICVul,CVE-2022-33099
17dbaa8639505c9ad1a9946591f5960123fbd741,4,0,21,25,5,VIC,lua,ICVul,CVE-2020-15888
7fe1a4cff3998bf019144924f39aec3f76a5cf32,3,0,5,8,1,VIC,lua,ICVul,CVE-2020-15888
d56d4cf776b2a874e35d7a92c506840f4a2051b6,54,7,81,142,7,VIC,lua,ICVul,CVE-2020-15945
d1ef7e0ec6f0b3c40a4abedb3f79a3eaabe01631,6,9,42,57,4,VIC,lua,ICVul,CVE-2020-15945
7d526e75a7f45a2593e874d97c7fdfa0e45cc013,1,0,1,2,1,VIC,lua,ICVul,CVE-2020-15888
32bf6c9b277d04a35591ca6420cf1518ebc1a7f3,69,61,14,144,5,VIC,lua,ICVul,CVE-2020-15945
413fc7334bf8ceaea71417d73edef15c99d3a793,13,58,54,125,8,VIC,lua,ICVul,CVE-2020-15945
59c88f846d1dcd901a4420651aedf27816618923,37,16,125,178,24,VIC,lua,ICVul,CVE-2022-33099
a585eae6e7ada1ca9271607a4f48dfb17868ab7b,0,0,3,3,1,VFC,lua,ICVul,CVE-2020-24370
eb41999461b6f428186c55abd95f4ce1a76217d5,3,0,11,14,4,VFC,lua,ICVul,CVE-2020-15888
e64e20ac8136b6cf53601127fc5c69310d644eeb,8,5,120,133,3,VIC,lua,ICVul,CVE-2020-15945
cf613cdc6fa367257fc61c256f63d917350858b5,0,0,1,1,1,VFC,lua,ICVul,CVE-2021-45985
599f1742c628db70ef84794b3b8b25fdef9e5004,0,0,19,19,9,VIC,lua,ICVul,CVE-2020-24371
b42430fd3a6200eaaf4020be90c4d47f7e251b67,165,3,30,198,11,VIC,lua,ICVul,CVE-2020-15945
42d40581dd919fb134c07027ca1ce0844c670daf,5,0,3,8,2,VFC,lua,ICVul,CVE-2022-33099
a2195644d89812e5b157ce7bac35543e06db05e3,21,6,15,42,6,VFC,lua,ICVul,CVE-2020-15945
7c519dfbd0c68b952f0849e01deaa3750e1f8153,87,0,0,87,4,VIC,lua,ICVul,CVE-2020-24369
34affe7a63fc5d842580a9f23616d057e17dfe27,0,1,4,5,1,VFC,lua,ICVul,CVE-2020-24342
a2fa48a570b01b2a2cd37f01799f08f693fc5892,21,87,73,181,12,VIC,lua,ICVul,CVE-2020-15945
f76f4cb79d84af4a7be9e0d75553bbe05a3ae90c,51,29,49,129,10,VIC,lua,ICVul,CVE-2020-15888
194a4f9710130cdb90df9f4094d81813bdb8ad6b,8,8,12,28,2,VIC,lua,ICVul,CVE-2020-15945
c1a63c45f8ec5932993c8cec40d3c5ec0743349c,0,0,14,14,1,VIC,lua,ICVul,CVE-2020-15888
1fce5bea817de50e055a84c153a975f25bfcf493,48,34,10,92,3,VIC,lua,ICVul,CVE-2021-45985
e4287da3a6b0b167da465fd449e5191b9ac9ef46,231,9,93,333,4,VIC,lua,ICVul,CVE-2020-15889
ccae0f5aad11b448fa630a41b2c7c54e69d134d8,6,0,24,30,1,VIC,lua,ICVul,CVE-2020-24371
b1379936cf35787d3ef3aab82d1607a3e1562eef,56,33,77,166,11,VIC,lua,ICVul,CVE-2020-15888
6f2b8e21c4ea9d730ccfe7e41bfc178704d1fc75,1,0,23,24,4,VIC,lua,ICVul,CVE-2020-15945
b65252b39bbda0a75a56135da4765cc540922389,1,1,9,11,1,VIC,lua,ICVul,CVE-2022-28805
ae5b5ba529753c7a653901ffc29b5ea24c3fdf3a,2,0,1,3,1,VFC,lua,ICVul,CVE-2020-24369
d0f60182af9114f6840d993d74f492e483302805,9,0,2,11,1,VIC,mruby,ICVul,CVE-2022-1201
397b005715b443ff8175ffe3549f13ebfc6a9e7f,466,212,56,734,4,VIC,mruby,ICVul,CVE-2022-1286
5c114c91d4ff31859fcd84cf8bf349b737b90d99,1,0,6,7,1,VFC,mruby,ICVul,CVE-2017-9527
778500563a9f7ceba996937dc886bd8cde29b42b,1,1,8,10,1,VIC,mruby,ICVul,CVE-2022-0890
1272d5fe0c803d06ff2eb62a65bab817b1fb2f6d,20,19,2,41,1,VIC,mruby,ICVul,CVE-2018-10191
891839b976c75c77f238931123ac472e3284e95d,534,534,1262,2330,18,VIC,mruby,ICVul,CVE-2022-0632
97319697c8f9f6ff27b32589947e1918e3015503,0,1,0,1,1,VFC,mruby,ICVul,CVE-2020-36401
f408143c289b8017883294f13d36d43b50c8bc5d,1,0,0,1,1,VIC,mruby,ICVul,CVE-2018-12247
88483fad0036e5cb023940f7c6d18006517fa731,2,0,19,21,5,VIC,mruby,ICVul,CVE-2022-0240
58e94427377952b0953bcdf2d544c62b0fefd4a6,64,3,49,116,13,VIC,mruby,ICVul,CVE-2022-1427
0849a2885f81cfd82134992c06df3ccd59052ac7,6,0,2,8,1,VIC,mruby,ICVul,CVE-2022-1276
e0d6430f63c4cbe0c71ce82ee23284671389a818,80449,0,0,80449,84,VIC,mruby,ICVul,CVE-2018-11743
f72315575f78a9a773adbce0ee7d3ec33434cb76,4,0,1,5,1,VFC,mruby,ICVul,CVE-2022-0717
faa4eaf6803bd11669bc324b4c34e7162286bfa3,0,0,2,2,1,VFC,mruby,ICVul,CVE-2018-12249
47068ae07a5fa3aa9a1879cdfe98a9ce0f339299,2,0,0,2,1,VFC,mruby,ICVul,CVE-2022-0631
7f5a490d09f4d56801ac3a3e4e39e03e1471b44c,2,0,2,4,1,VFC,mruby,ICVul,CVE-2022-1106
5c0b9b703c9d1a08d7219b057b809bda4bc89f8a,304,31,197,532,14,VIC,mruby,ICVul,CVE-2017-9527
9cdf439db52b66447b4e37c61179d54fad6c8f33,0,5,3,8,1,VIC,mruby,ICVul,CVE-2020-36401
09336c5d49481d56587f6e28924014954b4c8dd2,41,0,1,42,5,VIC,mruby,ICVul,CVE-2022-1071
b64ce17852b180dfeea81cf458660be41a78974d,3,0,0,3,1,VFC,mruby,ICVul,CVE-2018-11743
b51b21fc63c9805862322551387d9036f2b63433,0,0,1,1,1,VFC,mruby,ICVul,CVE-2018-10199
4562ba14c0f716b6dfd56b83844100747ba6c85c,0,0,1,1,1,VIC,mruby,ICVul,CVE-2022-0570
1905091634a6a2925c911484434448e568330626,0,0,3,3,1,VFC,mruby,ICVul,CVE-2018-10191
8c9e7127845f84fcbb249c45936c97a89ca7a80a,288,5,101,394,10,VIC,mruby,ICVul,CVE-2022-1071
9f77232b71597dbef3907ae4aaae1a5530889e56,41,0,1,42,1,VIC,mruby,ICVul,CVE-2021-4188
c1f112c49a597da8478516261f0812bc073f6cd8,248,115,62,425,9,VIC,mruby,ICVul,CVE-2022-1212
b53cd3ce255f43164cae87f2abbd4f573676cbab,62,2,5,69,1,VIC,mruby,ICVul,CVE-2022-0717
c8c083cb750606b2da81582cd8e43b442bb143e6,0,0,1,1,1,VFC,mruby,ICVul,CVE-2022-1276
38b164ace7d6ae1c367883a3d67d7f559783faad,5,0,1,6,1,VFC,mruby,ICVul,CVE-2022-0570
ae3c99767a27f5c6c584162e2adc6a5d0eb2c54e,0,0,2,2,1,VFC,mruby,ICVul,CVE-2022-0481
a4d97934d51cb88954cc49161dc1d151f64afb6b,0,3,1,4,1,VFC,mruby,ICVul,CVE-2022-1427
7fe34d8f496d2e9fa8f583dc6566b2f22c4077a6,10,0,2,12,1,VIC,mruby,ICVul,CVE-2018-12249
a5d7ebbad04ce2f09aa1b603e471b3f161b5cc63,13,16,20,49,2,VIC,mruby,ICVul,CVE-2022-0240
87d1bbe94794304d92fc9a4af5cf17eab5d1534c,14,0,9,23,2,VIC,mruby,ICVul,CVE-2022-0240
31fa3304049fc406a201a72293cce140f0557dca,2,0,0,2,1,VFC,mruby,ICVul,CVE-2022-0240
aaa28a508903041dd7399d4159a8ace9766b022f,5,0,6,11,1,VFC,mruby,ICVul,CVE-2022-1071
55edae0226409de25e59922807cb09acb45731a2,0,0,1,1,1,VFC,mruby,ICVul,CVE-2018-12247
7c99df8416aa866725c11e5ced7f2c5a818a8c74,47,3,47,97,4,VIC,mruby,ICVul,CVE-2022-0570
b1d0296a937fe278239bdfac840a3fd0e93b3ee9,3,0,1,4,1,VFC,mruby,ICVul,CVE-2022-1286
36bca25e5860bc9bc2664a981b5463b94c87ddd3,3,0,1,4,1,VIC,mruby,ICVul,CVE-2022-0632
dccd66f9efecd0a974b735c62836fe566015cf37,400,273,1336,2009,17,VIC,mruby,ICVul,CVE-2022-0326
ac442bc1df2ec26729077ed8d57342cb5c494a21,4,0,2,6,1,VIC,mruby,ICVul,CVE-2022-0890
b137eb2678cfba8d6ffcddff5326ebe8eb7f6a24,2,17,8,27,1,VIC,mruby,ICVul,CVE-2022-1071
491d68bb3004eb8d7deec4a3a682b25de0d4afc2,1,0,0,1,1,VIC,mruby,ICVul,CVE-2017-9527
1ff4b3f800d369510658b7926a1d6dc9327d0422,0,0,1,1,1,VIC,mruby,ICVul,CVE-2022-0080
29f6cdcd4de8bacdfb33c9d741e9c3a8204f5b2b,9,0,1,10,1,VIC,mruby,ICVul,CVE-2017-9527
aa7f98dedb68d735a1665d3a289036c88b0c47ce,2,1,5,8,1,VFC,mruby,ICVul,CVE-2022-1934
be189ae9f90df298bf3e3bf720ea053297126246,1,0,1,2,1,VIC,mruby,ICVul,CVE-2022-0632
44f591aa8f7091e6ca6cb418e428ae6d4ceaf77d,2,0,8,10,1,VFC,mruby,ICVul,CVE-2022-0632
f5e10c5a79a17939af763b1dcf5232ce47e24a34,0,0,8,8,3,VIC,mruby,ICVul,CVE-2022-0080
3cf291f72224715942beaf8553e42ba8891ab3c6,0,0,1,1,1,VFC,mruby,ICVul,CVE-2022-1212
25045345c9ae9f456b27c9fbc63caee6372e16d4,10,0,2,12,1,VIC,mruby,ICVul,CVE-2018-11743
0388e373d050083fadece5bbd5cf5cf4de0374ad,0,0,1,1,1,VIC,mruby,ICVul,CVE-2022-0080
27d1e0132a0804581dca28df042e7047fd27eaa8,2,0,4,6,1,VFC,mruby,ICVul,CVE-2021-4188
d0e8637e30aad2887f213e8f1b7c7da087081a4b,29,46,5,80,1,VIC,mruby,ICVul,CVE-2022-1934
28ccc664e5dcd3f9d55173e9afde77c4705a9ab6,0,0,3,3,1,VFC,mruby,ICVul,CVE-2022-0080
35185e69bff725e0f11d49db9b2793185fe9927f,49,0,0,49,1,VIC,mruby,ICVul,CVE-2018-10199
da48e7dbb20024c198493b8724adae1b842083aa,7,0,6,13,1,VFC,mruby,ICVul,CVE-2022-0890
ae306793f231309c12661b111535de6613d5a774,0,0,4,4,2,VIC,mruby,ICVul,CVE-2018-12249
b611c43a5de061ec21b343967e1b64c45c373d7e,0,1,1,2,1,VFC,mruby,ICVul,CVE-2022-0326
6ac26e44429313c6bb58015028c61468e391f700,76,48,1046,1170,2,VIC,mruby,ICVul,CVE-2022-0632
1a2ebf4718c6c8a7785351ffc5b9b356038076db,291,498,540,1329,1,VIC,njs,ICVul,CVE-2022-27008
e5dd15b288a1682dc38efcf258dd2aa2332c9a7c,6,0,2,8,1,VIC,njs,ICVul,CVE-2022-43286
be6289b223b80da3150618cba3f90027c48edb58,105,713,811,1629,22,VIC,njs,ICVul,CVE-2022-43286
6a07c2156a07ef307b6dcf3c2ca8571a5f1af7a6,7,17,13,37,7,VIC,njs,ICVul,CVE-2022-27007
97b4d4389d9a560bd2b9df6f0eb3a0ca00e6a58d,0,0,7,7,1,VIC,njs,ICVul,CVE-2021-46462
232fb594608cac2094131af4322f2062cefbaeb2,0,37,13,50,1,VIC,njs,ICVul,CVE-2022-27008
15099bc8fec5bfa76f43c14220f88d6115e63376,20,2,7,29,3,VIC,njs,ICVul,CVE-2022-43286
bf208048283f56435daa8abc2357fdd42976ba18,2524,16,85,2625,20,VIC,njs,ICVul,CVE-2021-46461
cf726737c426a610bba51aaa8761c0540e3de093,5,4,28,37,1,VIC,njs,ICVul,CVE-2022-29780
3d44059ce047569f310da43b35d5071b41b2e396,6,1,11,18,5,VIC,njs,ICVul,CVE-2022-27007
56333fadc1f65637117bf73f5bca0a18912ccdf3,83,12,50,145,12,VIC,njs,ICVul,CVE-2021-46462
158f54e6e8d87eaa9d817147a9022bcd7563434f,591,12,99,702,12,VIC,njs,ICVul,CVE-2022-29369
ef08c9585090b1c41df45a9101a1ba850b6e55ef,2933,18164,6175,27272,145,VIC,njs,ICVul,CVE-2021-46462
81af26364c21c196dd21fb5e14c7fa9ce7debd17,4,0,0,4,1,VFC,njs,ICVul,CVE-2022-31306
39e8fa1b7db1680654527f8fa0e9ee93b334ecba,5,8,2,15,1,VFC,njs,ICVul,CVE-2021-46462
f67c50163566785b563d4c08a5c89a95eb2eb21d,404,393,24,821,4,VIC,njs,ICVul,CVE-2022-31307
4366f456d108eed543eff624425ebce06696e2b8,272,31,142,445,11,VIC,njs,ICVul,CVE-2022-29369
d41e2fbbc29cf2b962cc80dd7215f153356eb6ed,20,0,2,22,1,VIC,njs,ICVul,CVE-2022-43286
5c6130a2a0b4c41ab415f6b8992aa323636338b9,0,2,0,2,1,VFC,njs,ICVul,CVE-2022-30503
0a421064db395ab88c2c7287998fd4269b99af7a,2185,11,25,2221,16,VIC,njs,ICVul,CVE-2022-43286
d64fbffcccfbe77bd0b99be1a8fb31c797dd0340,21,19,25,65,5,VIC,njs,ICVul,CVE-2022-27008
6a40a85ff239497c6458c7dbef18f6a2736fe992,2,13,10,25,2,VFC,njs,ICVul,CVE-2021-46463
87b38bc8ea2bf08a1aab0879ffd7b2cab0b7ad2f,12,0,6,18,2,VIC,njs,ICVul,CVE-2022-27008
873dabafcf94eeb7aff8b602b55e2d18831b7105,40,1,55,96,1,VIC,njs,ICVul,CVE-2022-29779
eafe4c7a326b163612f10861392622b5da5b1792,3,0,3,6,1,VFC,njs,ICVul,CVE-2022-31307
0e52409a353319a6758c84bca3f65e80a1ea8f38,297,46,59,402,10,VIC,njs,ICVul,CVE-2022-29369
d457c9545e7e71ebb5c0479eb16b9d33175855e2,1,0,0,1,1,VFC,njs,ICVul,CVE-2021-46461
5d1ed7aeceffd92b8d6375cdaed3d3868ae015bf,4,0,4,8,1,VIC,njs,ICVul,CVE-2022-43286
ab1702c7af9959366a5ddc4a75b4357d4e9ebdc1,0,0,1,1,1,VFC,njs,ICVul,CVE-2022-29379
8b39afdad9a0761e0a5d4af1a762bd9a6daef572,0,0,1,1,1,VFC,njs,ICVul,CVE-2022-29780
404553896792b8f5f429dc8852d15784a59d8d3e,38,1,1,40,1,VFC,njs,ICVul,CVE-2022-35173
2e00e95473861846aa8538be87db07699d9f676d,5,0,0,5,1,VFC,njs,ICVul,CVE-2022-29779
de829bb691058ac96208125fc4004c6f1270e6fa,13,13,36,62,17,VIC,njs,ICVul,CVE-2022-43286
a17be50e2cf5be98ddad07b361d9f03d1bb50331,779,1222,390,2391,11,VIC,njs,ICVul,CVE-2021-46461
f65981b0b8fcf02d69a40bc934803c25c9f607ab,2,0,8,10,1,VFC,njs,ICVul,CVE-2022-28049
13a970cac8c46cfc593f1299499ef90459215641,1331,2,28,1361,18,VIC,njs,ICVul,CVE-2021-46461
0f2eadea5236ba9be728350fb494566387aa7f01,483,4,86,573,4,VIC,njs,ICVul,CVE-2022-35173
d24a11a0fc348bfd8285f3340daa1e579e143cf5,599,0,0,599,1,VIC,njs,ICVul,CVE-2022-32414
58ebb38a063a3be7167da944b800f6c44cf90972,747,102,354,1203,18,VIC,njs,ICVul,CVE-2022-31306
fbed804c7e64d512dc5abe10ad902fcdf19e7d69,26,85,1,112,1,VIC,njs,ICVul,CVE-2022-29369
2ad0ea24a58d570634e09c2e58c3b314505eaa6a,5,102,75,182,1,VFC,njs,ICVul,CVE-2022-43286
633536729c84b4a87bb41dbb95f27487cb466386,798,58,37,893,18,VIC,njs,ICVul,CVE-2021-46463
222d6fdcf0c6485ec8e175f3a7b70d650c234b4e,2,0,6,8,1,VFC,njs,ICVul,CVE-2022-29369
61c38e0103f937acc35f941c5f374e2b93849b76,340,138,231,709,1,VIC,njs,ICVul,CVE-2022-27008
2d05b48a8edbedb207e256d5f65874e81519bdcc,6,1,826,833,46,VIC,njs,ICVul,CVE-2022-43286
b0f23dbc4d4713f65470272768ef79b7cb47db78,4,2,7,13,1,VIC,njs,ICVul,CVE-2022-27008
c56ea9b99d2c071f12f8b022d5e61c1e6bad0ebb,45,0,22,67,1,VIC,njs,ICVul,CVE-2021-46462
1df63480d9bdaec0454a1d57d13d85939bd02066,380,20,122,522,6,VIC,njs,ICVul,CVE-2022-35173
e673ae41a998d1391bd562edb2ed6d49db7cc716,3,0,3,6,1,VFC,njs,ICVul,CVE-2022-27008
2ff8b264830da18528d6655b0e0654414cae9272,288,492,152,932,22,VIC,njs,ICVul,CVE-2022-29379
ca17ef434a33f49f10bb482a60388695bcd1a8e2,96,156,108,360,1,VIC,njs,ICVul,CVE-2022-43286
31ed93a5623f24ca94e6d47e895ba735d9d97d46,16,0,0,16,1,VFC,njs,ICVul,CVE-2022-32414
1dc920c8de5b7109727a21163843feecdf06a8cf,1706,0,1,1707,4,VIC,openssl,ICVul,CVE-2024-9143
8d8c7266d4de9887fb0190a0770df9dc254a16a3,3151,0,0,3151,21,VIC,openssl,ICVul,CVE-2024-0727
b52867a9f618bb955bed2a3ce3db4d4f97ed8e5d,22,6,5,33,3,VFC,openssl,ICVul,CVE-2024-2511
29851264f11ccc70c6c0140d7e3d8d93ef5c9b11,18,0,0,18,1,VIC,openssl,ICVul,CVE-2017-3732
52b8dad8ec6eb0dcada52851af5f9498af7a91be,523,87,1279,1889,15,VIC,openssl,ICVul,CVE-2014-3572
b948e2c59e3a6bdbfdcc304793da4635db7ca339,174,2,63,239,17,VIC,openssl,ICVul,CVE-2017-3733
068b963bb7afc57f5bdd723de0dd15e7795d5822,2,0,4,6,1,VFC,openssl,ICVul,CVE-2017-3735
00d965474b22b54e4275232bc71ee0c699c5cd21,12,1,3,16,2,VFC,openssl,ICVul,CVE-2017-3731
9fdcc21fdc9d148f78d9cd5be34030f38cc45812,104,99,508,711,75,VIC,openssl,ICVul,CVE-2024-2511
da343d0605c826ef197aceedc67e8e04f065f740,36,0,4,40,1,VFC,openssl,ICVul,CVE-2024-4603
72ae83ad214d2eef262461365a1975707f862712,12,0,8,20,1,VFC,openssl,ICVul,CVE-2024-9143
5e3ff62c345c976cd1ffbcc5e6042f55264977f5,86,0,13,99,12,VIC,openssl,ICVul,CVE-2017-3733
d1e1aeef8f434fa3caf5e27faf82ec629b794f3a,8,8,1,17,1,VIC,openssl,ICVul,CVE-2015-0206
898fb884b706aaeb283de4812340bb0bde8476dc,0,0,1,1,1,VFC,openssl,ICVul,CVE-2017-3737
a70da5b3ecc3160368529677006801c58cb369db,251,0,0,251,9,VIC,openssl,ICVul,CVE-2024-6119
4acc3e907d29d8d61ae7e11ad7985a986332a1c1,1932,0,0,1932,13,VIC,openssl,ICVul,CVE-2022-3996
ea262260469e49149cb10b25a87dfd6ad3fbb4ba,1958,2,74,2034,15,VIC,openssl,ICVul,CVE-2014-3572
99fb785a5f85315b95288921a321a935ea29a51e,17,0,23,40,1,VFC,openssl,ICVul,CVE-2024-5535
8083fd3a183d4c881d6b15727cbc6cb7faeb3280,494,82,137,713,24,VIC,openssl,ICVul,CVE-2024-4603
eaee1765a49c6a8ba728e3e2d18bb67bff8aaa55,3,6,9,18,4,VIC,openssl,ICVul,CVE-2024-4603
0ed26acce328ec16a3aa635f1ca37365e8c7403a,0,1,2,3,1,VFC,openssl,ICVul,CVE-2016-2180
b15f8769644b00ef7283521593360b7b2135cb63,14,2,1,17,1,VFC,openssl,ICVul,CVE-2014-3572
fb81ac5e6be4041e59df9362cd63880b21e2cafc,123,9,28,160,3,VIC,openssl,ICVul,CVE-2014-3570
47e6a60e42c84a18b832b9c48e176736d18204a8,0,0,1,1,1,VIC,openssl,ICVul,CVE-2015-0206
e5fa864f62c096536d700d977a5eb924ad293304,265,34,48,347,22,VIC,openssl,ICVul,CVE-2014-8176
e9d7083e241670332e0443da0f0d4ffb52829f08,22,6,5,33,3,VFC,openssl,ICVul,CVE-2024-2511
284ef5f35710b9fbff82abc20cced66d2dcff7c1,53,11,38,102,8,VIC,openssl,ICVul,CVE-2015-1789
f9b3bff6f7e38960bb87a5623fbcbc45ee952c49,926,1,75,1002,15,VIC,openssl,ICVul,CVE-2015-0204
dbad169019598981174ff46c7a9bf58373b0e53a,265,13,238,516,62,VIC,openssl,ICVul,CVE-2014-3572
e9189cc4af045523f91b2d9265add1ab1326fcdf,0,0,86,86,6,VIC,openssl,ICVul,CVE-2024-4741
6e8700f8fe239e0185cf3c863a7f569b53a17620,3,6,9,18,4,VIC,openssl,ICVul,CVE-2024-4603
eb9d8d8cd4ef3b1b6e1a14954c5b16438c27abf9,267,0,14,281,7,VIC,openssl,ICVul,CVE-2015-1792
ee2ffc279417f15fef3b1073c7dc81a908991516,713,0,2,715,16,VIC,openssl,ICVul,CVE-2024-5535
9311d0c471ca2eaa259e8c1bbbeb7c46394c7ba2,4,309,3397,3710,367,VIC,openssl,ICVul,CVE-2024-0727
7c2d4fee2547650102cd16d23f8125b76112ae75,60,0,2,62,4,VIC,openssl,ICVul,CVE-2024-2511
02a36fdae8cb503e2f88eac52eb3053431089397,714,698,2,1414,6,VIC,openssl,ICVul,CVE-2017-3733
a7a44ba55cb4f884c6bc9ceac90072dea38e66d0,81,29,167,277,3,VFC,openssl,ICVul,CVE-2014-3570
1c2f1fe505f55a5df2430d78128a4ace331e6597,21,0,1,22,4,VIC,openssl,ICVul,CVE-2024-0727
8c5a2bd6bb9a8c2bb3e1b63c03e57bb1115275d1,58,10,32,100,18,VIC,openssl,ICVul,CVE-2015-0206
cd30f03ac5bf2962f44bd02ae8d88245dff2f12c,52,0,21,73,1,VFC,openssl,ICVul,CVE-2015-1792
d800d0f45b7618c30692c01d4dbf96042468b932,3,4,33,40,1,VIC,openssl,ICVul,CVE-2024-0727
3b1fb1a0226e29c9d7c79ff7fbde21ef9cac4deb,0,0,1,1,1,VIC,openssl,ICVul,CVE-2015-0205
103b171d8fc282ef435f8de9afbf7782e312961f,13,1,8,22,1,VFC,openssl,ICVul,CVE-2015-0206
1421e0c584ae9120ca1b88098f13d6d2e90b83a3,0,0,1,1,1,VFC,openssl,ICVul,CVE-2015-0205
96ea4ae91c7fda9fd28a013182b0e8dc67b7ac7d,2413,1,1,2415,15,VIC,openssl,ICVul,CVE-2017-3735
d0c36288341ca75328eeb4cc33bce6a7d3f65c51,4,0,0,4,2,VIC,openssl,ICVul,CVE-2015-1792
ce325c60c74b0fa784f5872404b722e120e5cab0,7,19,14,40,4,VFC,openssl,ICVul,CVE-2015-0204
07927bedf3667f9a9148fb5670fb06124ae8fa59,6,0,0,6,2,VIC,openssl,ICVul,CVE-2024-2511
6434abbfc6ac0d5cb882844ed10fef5821039cf6,740,0,22,762,18,VIC,openssl,ICVul,CVE-2015-1791
bc36ee6227517edae802bcb0da68d4f04fe1fb5e,6,1,458,465,117,VIC,openssl,ICVul,CVE-2015-0204
b3f0eb0a295f58f16ba43ba99dad70d4ee5c437d,13,0,0,13,3,VFC,openssl,ICVul,CVE-2024-4741
efbe126e3ebb9123ac9d058aa2bb044261342aaa,9,0,0,9,1,VFC,openssl,ICVul,CVE-2017-3730
470990fee0182566d439ef7e82d1abf18b7085d7,3,0,3,6,1,VFC,openssl,ICVul,CVE-2014-8176
90c9319d47e9f8bdeea2a60362528e2061109544,14,0,2,16,1,VIC,openssl,ICVul,CVE-2024-6119
94553e85b68af4513a8ee89cd2a0d4e044d75139,10,1,91,102,14,VIC,openssl,ICVul,CVE-2023-6237
034688ec4d0e3d350dc0ee9602552f92e8889fc0,68,4,12,84,1,VIC,openssl,ICVul,CVE-2015-1788
b536880c45722777df5ebe62897a6efcef757945,550,19,248,817,25,VIC,openssl,ICVul,CVE-2024-0727
5357c10624bedaeed984ef4ff370096911ee2ddf,26,0,260,286,27,VIC,openssl,ICVul,CVE-2024-4603
58964a492275ca9a59a0cd9c8155cb2491b4b909,38453,1027,3771,43251,548,VIC,openssl,ICVul,CVE-2017-3733
a58eb06d527c86492d4205feeb0e20bf19a1181d,199,1,1,201,3,VIC,openssl,ICVul,CVE-2024-4741
bc7e04d7c8d509fb78fc0e285aa948fb0da04700,12,0,8,20,1,VFC,openssl,ICVul,CVE-2024-9143
30a5f32227fab78214a08775d38bfacbb5feaaa4,2,4,8,14,1,VIC,openssl,ICVul,CVE-2017-3731
dfeab0689f69c0b4bd3480ffd37a9cacc2f17d9c,14419,473,2020,16912,276,VIC,openssl,ICVul,CVE-2014-3570
b7683e3a5d93aa5319263b7bbfd0fee18f25955e,46,13,27,86,9,VIC,openssl,ICVul,CVE-2024-0727
53ea06486d296b890d565fb971b2764fcd826e7e,36,0,4,40,1,VFC,openssl,ICVul,CVE-2024-4603
05ec6a25f80ac8edfb7d7cb764d2dd68156a6965,13,19,30,62,3,VIC,openssl,ICVul,CVE-2017-3730
f48b83b4fb7d6689584cf25f61ca63a4891f5b11,37,0,10,47,1,VFC,openssl,ICVul,CVE-2015-1789
0f113f3ee4d629ef9a4a30911b22b224772085e5,8908,10199,282022,301129,1044,VIC,openssl,ICVul,CVE-2015-1788
fdf6723362ca51bd883295efe206cb5b1cfa5154,12,0,8,20,1,VFC,openssl,ICVul,CVE-2024-9143
feba02f3919495e1b960c33ba849e10e77d0785d,2,2,0,4,2,VFC,openssl,ICVul,CVE-2014-3571
852bd35065cd9c92a3c98b5606533e575280a307,18,0,8,26,2,VIC,openssl,ICVul,CVE-2015-1792
fe2a7341b50450dc6acd6f8a17d4420511a5aefe,111,0,17,128,8,VIC,openssl,ICVul,CVE-2024-0727
216811b21687bd8f45e34dde8a6fcc7bb73fe2e8,9,0,4,13,1,VIC,openssl,ICVul,CVE-2024-0727
397a8e747dc3f964196caed5ca4e08d4b598362a,99,9,68,176,7,VIC,openssl,ICVul,CVE-2024-6119
621f3729831b05ee828a3203eddb621d014ff2b2,28,0,25,53,1,VFC,openssl,ICVul,CVE-2024-6119
36d16f8ee0845d932e250286e8e236580470e35b,7409,26,97,7532,33,VIC,openssl,ICVul,CVE-2014-3571
cb62ab4b17818fe66d2fed0a7fe71969131c811b,0,0,1,1,1,VFC,openssl,ICVul,CVE-2014-8275
3cf88328a9ff4094b9b3da1ccb460468808325de,3,6,9,18,4,VIC,openssl,ICVul,CVE-2024-4603
9c39b3858091c152f52513c066ff2c5a47969f0d,36,0,4,40,1,VFC,openssl,ICVul,CVE-2024-4603
11de71b04c750e6be6f5e8ac875655a2a67efaf7,64,0,0,64,2,VIC,openssl,ICVul,CVE-2014-3570
06ab81f9f7b055a4456798cb9ef3266160438a08,57,6,105,168,15,VIC,openssl,ICVul,CVE-2015-0204
98ece4eebfb6cd45cc8d550c6ac0022965071afc,151,0,0,151,5,VFC,openssl,ICVul,CVE-2015-1791
7725e7bfe6f2ce8146b6552b44e0d226be7638e7,0,4,0,4,1,VFC,openssl,ICVul,CVE-2022-3996
cf6f91f6121f4db167405db2f0de410a456f260c,17,0,23,40,1,VFC,openssl,ICVul,CVE-2024-5535
248385c606620b29ecc96ca9d3603463f879652b,1,0,1,2,1,VFC,openssl,ICVul,CVE-2014-3571
c0d3e4d32d2805f49bec30547f225bc4d092e1f4,12,0,8,20,1,VFC,openssl,ICVul,CVE-2024-9143
bd989745b7a4796dceff89d93b6b7ac1561c6227,499,2,4,505,3,VIC,openssl,ICVul,CVE-2017-3731
61dd9f7a2260b846f07481e0392a941703cf2be5,13,51,39,103,3,VIC,openssl,ICVul,CVE-2017-3730
7dfcee2cd2a63b2c64b9b4b0850be64cb695b0a0,28,0,25,53,1,VFC,openssl,ICVul,CVE-2024-6119
c7235be6e36c4bef84594aa3b2f0561db84b63d8,6428,0,6,6434,32,VIC,openssl,ICVul,CVE-2016-2180
a830f551557d3d66a84bbb18a5b889c640c36294,6,0,1,7,1,VFC,openssl,ICVul,CVE-2023-6237
4b6dee2b1482a2c2c6092d3563788d9cdad9829f,9,9,0,18,1,VIC,openssl,ICVul,CVE-2017-3733
c88c3de51020c37e8706bf7a682a162593053aac,3,0,1,4,1,VFC,openssl,ICVul,CVE-2024-4741
09df4395b5071217b76dc7d3d2e630eb8c5a79c2,27,0,4,31,4,VFC,openssl,ICVul,CVE-2024-0727
e86ac436f0bd54d4517745483e2315650fae7b2c,17,0,23,40,1,VFC,openssl,ICVul,CVE-2024-5535
d135eeab8a5dbf72b3da5240bab9ddb7678dbd2c,27,0,4,31,4,VFC,openssl,ICVul,CVE-2024-0727
8931b30d8478b0bd24af251fac64e7b0bf121369,7369,990,78,8437,49,VIC,openssl,ICVul,CVE-2015-1792
4ad93618d26a3ea23d36ad5498ff4f59eff3a4d2,18,1,18,37,6,VFC,openssl,ICVul,CVE-2017-3733
9191dfb0ef48f95002aecfa8e11d9db434b4093d,73,0,36,109,1,VIC,openssl,ICVul,CVE-2024-0727
0a699a0723bcc689c07c8110da0fff7f9c2356a4,12,0,28,40,4,VIC,openssl,ICVul,CVE-2017-3730
775acfdbd0c6af9ac855f34969cdab0c0c90844a,27,0,4,31,4,VFC,openssl,ICVul,CVE-2024-0727
c7f8edfc1186a48463c14cfdc7f70456cbcb1cda,7,0,5,12,1,VIC,openssl,ICVul,CVE-2024-6119
ec9cc70f72454b8d4a84247c86159613cee83b81,32,0,8,40,1,VIC,openssl,ICVul,CVE-2017-3732
4924b37ee01f71ae19c94a8934b80eeb2f677932,5,0,5,10,1,VFC,openssl,ICVul,CVE-2015-1788
704f725b96aa373ee45ecfb23f6abfe8be8d9177,13,0,0,13,3,VFC,openssl,ICVul,CVE-2024-4741
a9c6edcde7f8e874f177e55ea5f62b89646ea42c,168,0,2,170,1,VIC,openssl,ICVul,CVE-2017-3733
fe589e6175f350a3e83b39ea07a08b0c824ea6fb,723,709,6,1438,5,VIC,openssl,ICVul,CVE-2017-3733
06d1dc3fa96a2ba5a3e22735a033012aadc9f0d6,28,0,25,53,1,VFC,openssl,ICVul,CVE-2024-6119
59302b600e8d5b77ef144e447bb046fd7ab72686,14,0,1,15,1,VFC,openssl,ICVul,CVE-2015-1790
3122d1d382c1c8da70b67be0aa89b9ebae3ce94b,4,9,7,20,1,VIC,openssl,ICVul,CVE-2015-0206
5af02212a5331cc30389246bb94f97fbcdebc23a,1,1,68,70,16,VIC,openssl,ICVul,CVE-2024-4603
c4e7870ac1af6f629e021391b16d9671742db95f,9,3,67,79,5,VIC,openssl,ICVul,CVE-2024-9143
2f98abbcb6cfd6ffcf45d5587286f1f849184594,658,56,24,738,10,VIC,openssl,ICVul,CVE-2014-3570
6435f0f6c6093e8e1dfb7b32c2a1a0cc646ba66d,160,7,294,461,15,VIC,openssl,ICVul,CVE-2017-3731
0b0f7abfb37350794a4b8960fafc292cd5d1b84d,6,0,1,7,1,VFC,openssl,ICVul,CVE-2023-6237
4ada436a1946cbb24db5ab4ca082b69c1bc10f37,17,0,23,40,1,VFC,openssl,ICVul,CVE-2024-5535
12a765a5235f181c2f4992b615eb5f892c368e88,54,8,252,314,86,VIC,openssl,ICVul,CVE-2024-0727
9aa4be691f5c73eb3c68606d824c104550c053f7,2,0,1,3,1,VIC,openssl,ICVul,CVE-2022-3996
05f360d9e849a1b277db628f1f13083a7f8dd04f,28,0,25,53,1,VFC,openssl,ICVul,CVE-2024-6119
e5093133c35ca82874ad83697af76f4b0f7e3bd8,3,0,1,4,1,VFC,openssl,ICVul,CVE-2024-4741
d02b48c63a58ea4367a0e905979f140b7d090f86,117467,0,0,117467,474,VIC,openssl,ICVul,CVE-2015-0204
3559e868e58005d15c6013a0c1fd832e51c73397,36,0,4,40,1,VFC,openssl,ICVul,CVE-2024-4603
684400ce192dac51df3d3e92b61830a6ef90be3e,39,0,2,41,4,VIC,openssl,ICVul,CVE-2014-8275
7e4d731b1c07201ad9374c1cd9ac5263bdf35bce,22,6,5,33,3,VFC,openssl,ICVul,CVE-2024-2511
18c02492138d1eb8b6548cb26e7b625fb2414a2a,6,0,1,7,1,VFC,openssl,ICVul,CVE-2023-6237
06a242169cbf9b0774ceba8305b99e9e850abc77,745,93,312,1150,2,VIC,php-src,ICVul,CVE-2016-10158
7672dbcdcfa1f319d8429152e28f51066efbbda3,0,2,17,19,1,VIC,php-src,ICVul,CVE-2016-5769
2ca31fa63c01322708a71c585c6c4ae580ecc600,109,58,118,285,2,VIC,php-src,ICVul,CVE-2016-10160
11b0f469f00bf2b80d453dbff1aa274db5dfb500,3535,1253,2613,7401,25,VIC,php-src,ICVul,CVE-2016-5768
d9f08cb7cecf1e20e0570c4e56d6a3e2d3026b19,3,0,1,4,1,VIC,php-src,ICVul,CVE-2016-5767
35ceea928b12373a3b1e3eecdc32ed323223a40d,0,0,1,1,1,VFC,php-src,ICVul,CVE-2014-0185
1ec484d3c536e85bc536e809a403ce5e7d7849d8,88,7,8,103,3,VIC,php-src,ICVul,CVE-2013-7226
13d4670c845821d4dca8c49005669ad1b37a8b88,4,0,5,9,1,VIC,php-src,ICVul,CVE-2016-9934
6045de69c7dedcba3eadf7c4bba424b19c81d00d,12,8,24,44,2,VFC,php-src,ICVul,CVE-2016-9934
b28b8b2fee6dfa6fcd13305c581bb835689ac3be,0,1,1,2,1,VFC,php-src,ICVul,CVE-2016-10160
3defa292f261d13ba01f6a18e37ee512ea556dbd,429,495,208,1132,14,VIC,php-src,ICVul,CVE-2014-0185
0f8cf3b8497dc45c010c44ed9e96518e11e19fc3,6,0,3,9,1,VFC,php-src,ICVul,CVE-2017-11142
b88393f08a558eec14964a55d3c680fe67407712,1,0,1,2,1,VFC,php-src,ICVul,CVE-2016-7413
d4a400726de8e383e8a1383aa4a109f02c538939,19,57,22,98,1,VIC,php-src,ICVul,CVE-2016-10159
852117694a4b749bed90bee27080caa65d65acfc,77,0,6,83,1,VIC,php-src,ICVul,CVE-2016-5768
1a23ebc1fff59bf480ca92963b36eba5c1b904c4,149,136,434,719,1,VFC,php-src,ICVul,CVE-2017-12932
28a6ed9f9a36b9c517e4a8a429baf4dd382fc5d5,0,1,0,1,1,VFC,php-src,ICVul,CVE-2016-3132
3ca6344e57de58719554f45fc5889ded774b265c,362,11,14,387,3,VIC,php-src,ICVul,CVE-2014-3597
18fdab5a09b64252a9a61ad6d1b2eff4a257b8f2,0,0,1,1,1,VIC,php-src,ICVul,CVE-2014-3597
2e1d931c66e7f518f8d2360b0d57b90e353f2763,127,67,146,340,4,VIC,php-src,ICVul,CVE-2016-5768
698a691724c0a949295991e5df091ce16f899e02,4,0,2,6,1,VFC,php-src,ICVul,CVE-2016-7130
c79f749ff8fb324de6cec5d8018e4a1e3cf8ac21,6043,1,16,6060,5,VIC,php-src,ICVul,CVE-2016-5768
473019a9b57fa4e9cbfe0598fbeec5288484c816,12,4,28,44,1,VIC,php-src,ICVul,CVE-2016-7413
58c25fb24a28c055026c983b40c99d2d5ffe74a6,30,0,3,33,1,VIC,php-src,ICVul,CVE-2016-7129
0a7c0b37e3266d13858f0cb2f69d95b541f75262,4,70,73,147,1,VIC,php-src,ICVul,CVE-2016-5093
bab5db79f63541b20afd2b31c197dc24581e3be1,1305,0,27,1332,2,VIC,php-src,ICVul,CVE-2016-5769
f341f630d3fe6fe669f6a4cbf176f7a5e6f3f4db,643,256,13,912,5,VIC,php-src,ICVul,CVE-2017-12932
c8ff0fe2542c296eda4e337a308ac9bb4e2df1ed,7,9,16,32,1,VIC,php-src,ICVul,CVE-2016-5768
780c6e0a9cedb8dbecf5e4aca00996c73c0723d5,94,0,0,94,3,VIC,php-src,ICVul,CVE-2013-7226
90cc710351d4c797d99d3090b80f6f01aef547e2,1,4,73,78,1,VIC,php-src,ICVul,CVE-2016-9934
1c7f474e815c2f6c77cfb868eb442b39dcf64620,8,197,459,664,1,VIC,php-src,ICVul,CVE-2016-7126
a15bffd105ac28fd0dd9b596632dbf035238fda3,6,0,2,8,1,VFC,php-src,ICVul,CVE-2017-11142
6a7cc8ff85827fa9ac715b3a83c2d9147f33cd43,1,0,33,34,2,VFC,php-src,ICVul,CVE-2016-7411
3a25a56a92ac1d0d6028a8ecd32ccf03bcd71ade,126,151,440,717,1,VIC,php-src,ICVul,CVE-2017-12932
523f230c831d7b33353203fa34aee4e92ac12bba,0,0,2,2,1,VFC,php-src,ICVul,CVE-2018-7584
2871c70efaaaa0f102557a17c727fd4d5204dd4b,0,0,2,2,1,VFC,php-src,ICVul,CVE-2016-1904
0c8a2a2cd1056b7dc403eacb5d2c0eec6ce47c6f,0,0,1,1,1,VFC,php-src,ICVul,CVE-2016-7131
91727cb844ecfe55f6dcd2f13ffeec3962aabbac,4962,408,2004,7374,5,VIC,php-src,ICVul,CVE-2016-5094
3d83a4db042880d47f53a609681c00a0a0e49d05,0,1,4,5,1,VIC,php-src,ICVul,CVE-2016-9934
419af9f12a5d85eb9eb1636ef4e0ae6c76d2d48b,9,389,172,570,2,VIC,php-src,ICVul,CVE-2016-5769
426aeb2808955ee3d3f52e0cfb102834cdb836a5,8,0,6,14,1,VFC,php-src,ICVul,CVE-2016-7129
a0b0d132fe68695eef68800697a76f6e6cf26bd2,17,51,116,184,1,VIC,php-src,ICVul,CVE-2014-3597
c85907682a14a6fa174cb4619c4afc8984260202,4,2,17,23,2,VIC,php-src,ICVul,CVE-2016-9936
257de2baded9330ff392f33fd5a7cc0ba271e18d,17568,21,8,17597,75,VIC,php-src,ICVul,CVE-2016-5094
8d1099ac0574f3a42036085641c2df03a1d5f731,2,0,5,7,1,VIC,php-src,ICVul,CVE-2017-11142
69dee5c732fe982c82edb17d0dbc3e79a47748d8,1,6,0,7,2,VFC,php-src,ICVul,CVE-2015-9253
b585a3aed7880a5fa5c18e2b838fc96f40e075bd,0,0,2,2,1,VFC,php-src,ICVul,CVE-2015-0231
9faaee66fa493372c7340b1ab05f8fd115131a42,7,12,24,43,2,VIC,php-src,ICVul,CVE-2016-10159
3963ba649d255b5b3bdfe75af3a7cc0b1280d17f,56,0,0,56,2,VIC,php-src,ICVul,CVE-2013-7226
3b8d4de300854b3517c7acb239b84f7726c1353c,0,0,2,2,1,VFC,php-src,ICVul,CVE-2016-3078
995deb9aef06d3b12add4321ab6d98241d6c8152,0,19,13,32,1,VIC,php-src,ICVul,CVE-2016-7418
abd159cce48f3e34f08e4751c568e09677d5ec9c,6,0,0,6,1,VFC,php-src,ICVul,CVE-2016-5096
9a59df13cc1a779bcd3d9ea1e775ca0e79293c82,4,0,0,4,1,VIC,php-src,ICVul,CVE-2016-7417
ecb7f58a069be0dec4a6131b6351a761f808f22e,2,0,4,6,1,VFC,php-src,ICVul,CVE-2016-7417
7e25733927c8b1de4ba19550eca2a7a000dcfaea,9,0,7,16,1,VIC,php-src,ICVul,CVE-2014-3597
024e1307c63cb6957d067fe1efc4b1ffd9a42fdd,9,0,10,19,1,VIC,php-src,ICVul,CVE-2015-8935
89e93723fb11a623a42518d5de2c6f5e51243fda,79,122,109,310,6,VIC,php-src,ICVul,CVE-2016-7417
a65ad951ad95944e357703caa2001f06a4225bf6,147,122,428,697,1,VIC,php-src,ICVul,CVE-2017-12932
661f90d4d1f83e7dc1258befa9741fec32649b45,481,812,1373,2666,5,VIC,php-src,ICVul,CVE-2016-7133
a44c89e8af7c2410f4bfc5e097be2a5d0639a60c,4,0,0,4,1,VFC,php-src,ICVul,CVE-2016-5772
7a87af332103f1fc991442dbdabd3972103945ab,26,6,9,41,4,VIC,php-src,ICVul,CVE-2016-9934
473d1d7cf13f7cd76a2d515fbde62694c2f504fd,2,0,7,9,3,VIC,php-src,ICVul,CVE-2013-3735
aa81dabddc3776ca0f5dac14f89d4c35d45e7d2d,0,0,4,4,1,VIC,php-src,ICVul,CVE-2016-5093
690ca62dd39fccb050c3fe3e61da531faf483da4,0,0,11,11,3,VIC,php-src,ICVul,CVE-2016-7129
ce2f9bb0cf96fbb2aad317d8c9b6d947165ab02c,15,0,9,24,4,VIC,php-src,ICVul,CVE-2016-7411
50ea26760da4e0fcf4980e739e1d0ed520de8d59,32,61,275,368,73,VIC,php-src,ICVul,CVE-2016-7418
c3e3c98ec666812daaaca896cf5ef758a8a6df14,0,82,11373,11455,478,VIC,php-src,ICVul,CVE-2016-1904
9da177f8d528bad849e5fb0c38e09369a2015f61,9,1,13,23,1,VIC,php-src,ICVul,CVE-2016-7412
91f64706c2579764e23664812897ca2a466d7218,70,14,31,115,3,VIC,php-src,ICVul,CVE-2014-3597
dcd2b78d149e05003f1bfabb8714055335793eff,297,0,1,298,2,VIC,php-src,ICVul,CVE-2018-15132
a2f95abb6d60798c552267c1f42ca4e59308b357,93,1,24,118,1,VIC,php-src,ICVul,CVE-2016-7418
76bef75836042f23b5c1b77d364692486a431513,25,0,28,53,1,VIC,php-src,ICVul,CVE-2013-7226
0bfb970f43acd1e81d11be1154805f86655f15d5,28,0,1,29,2,VFC,php-src,ICVul,CVE-2016-7414
91fb1edbbffe106d02929fe554ecbd1e5e33f5d1,6,0,18,24,1,VIC,php-src,ICVul,CVE-2017-12932
a216a9ad7e3b7548b09425678474ec88edb1841c,40,140,258,438,1,VIC,php-src,ICVul,CVE-2013-7226
5d3a8e4ce7e1029100908aedeea59375859ec7e9,66,0,10,76,1,VIC,php-src,ICVul,CVE-2014-3597
b1bd4119bcafab6f9a8f84d92cd65eec3afeface,11,0,4,15,1,VIC,php-src,ICVul,CVE-2016-7131
0a55c4b1dd84382c7d53c460462b78e8ac9c7d8b,2,7,12,21,2,VIC,php-src,ICVul,CVE-2013-7226
630f9c33c23639de85c3fd306b209b538b73b4c9,4,0,32,36,1,VIC,php-src,ICVul,CVE-2015-0231
5602f6421372848a6fbb23fbe6bbca47d94dd49a,0,38,18,56,8,VIC,php-src,ICVul,CVE-2016-7124
b2af4e8868726a040234de113436c6e4f6372d17,1,1,4,6,1,VFC,php-src,ICVul,CVE-2016-9936
66fd44209d5ffcb9b3d1bc1b9fd8e35b485040c0,5,0,0,5,1,VFC,php-src,ICVul,CVE-2016-9935
bafbbea0516641ac5df5e8d285ff79133f55b685,36,198,456,690,2,VIC,php-src,ICVul,CVE-2013-7226
eadbbec532e74e9665c2154da68fe91aa0e0d277,20,0,4,24,1,VIC,php-src,ICVul,CVE-2016-9934
6dbb1ee46b5f4725cc6519abf91e512a2a10dfed,3,0,1,4,1,VFC,php-src,ICVul,CVE-2016-7128
7c31203935589ab4fcb104041ef9d87f747bfee4,1,0,1,2,1,VIC,php-src,ICVul,CVE-2016-9936
fb58e69a84f4fde603a630d2c9df2fa3be16d846,0,0,3,3,1,VFC,php-src,ICVul,CVE-2013-3735
db3fdce304a9ba026f355fb3d03e9d2eb45cda5d,59,68,63,190,2,VIC,php-src,ICVul,CVE-2017-12932
bb91bf83f9fc60cbd6cb30e6b2a7858efe1aa4c5,41,0,20,61,4,VIC,php-src,ICVul,CVE-2017-5340
ed30473f7c9e092de1acf41e10a48f63f87dfebd,0,0,7,7,1,VIC,php-src,ICVul,CVE-2016-5768
ca46d0acbce55019b970fcd4c1e8a10edfdded93,0,0,2,2,1,VFC,php-src,ICVul,CVE-2016-10159
5a80df26f3a66f08c376bf959e608ea80071204a,40719,23763,272,64754,196,VIC,php-src,ICVul,CVE-2016-5768
97eff7eb57fc2320c267a949cffd622c38712484,1,0,117,118,1,VFC,php-src,ICVul,CVE-2016-5093
42e0e5dfb74f1f58962fb74f8f6f04493b4858d6,165,10,2,177,3,VIC,php-src,ICVul,CVE-2016-7414
4f73394fdd95d3165b4391e1b0dedd57fced8c3b,4,0,0,4,1,VIC,php-src,ICVul,CVE-2014-3597
4cc747677c99c8962efe2af6639a2099da63f5f1,10,0,9,19,1,VIC,php-src,ICVul,CVE-2015-8935
61cdd1255d5b9c8453be71aacbbf682796ac77d4,3,1,5,9,1,VFC,php-src,ICVul,CVE-2016-7480
de8022e90550c49b54c5e83d40934095b3e7d470,29,0,2,31,3,VIC,php-src,ICVul,CVE-2016-7480
0a7b720094b924f019ae85b4a498d0566f359a22,20,2,4,26,1,VIC,php-src,ICVul,CVE-2014-3597
47a8643e71d8962bc83886608e55f43a06d8da95,6,3,20,29,2,VIC,php-src,ICVul,CVE-2014-3597
4cc0286f2f3780abc6084bcdae5dce595daa3c12,1,1,0,2,1,VFC,php-src,ICVul,CVE-2017-5340
71592cec0684d376df3fc91645e98fb9679edcd5,896,0,9,905,13,VIC,php-src,ICVul,CVE-2016-5771
ae07423bcd294e48e238644459bd99c297d1a8a2,22,0,33,55,1,VIC,php-src,ICVul,CVE-2016-5769
20ce2fe8e3c211a42fee05a461a5881be9a8790e,1,0,14,15,1,VFC,php-src,ICVul,CVE-2016-7124
f906a015bb5f1870cd314e5d66a2e1ae50946424,1,0,4,5,1,VIC,php-src,ICVul,CVE-2015-8935
b904d296c97a6622072575585ab950bcdeea6a93,27,3,1,31,1,VIC,php-src,ICVul,CVE-2016-7417
8763c6090d627d8bb0ee1d030c30e58f406be9ce,11,0,7,18,1,VFC,php-src,ICVul,CVE-2016-7125
11fc109ca647ecb70c544fa8e6a93b9cfb0f3853,116,0,0,116,3,VIC,php-src,ICVul,CVE-2016-5769
4d005a8e65c2753565493f761fc3302d97f0e408,9198,0,0,9198,52,VIC,php-src,ICVul,CVE-2015-9253
9da6f6a3741eccc4904998918ce7972d57f4f04b,41,381,245,667,1,VIC,php-src,ICVul,CVE-2017-12932
0d16b1516b6b9ef0c2696bc19069e4cda5aee0ea,11177,0,0,11177,74,VIC,php-src,ICVul,CVE-2016-5093
dc900d4f77b6787479c7e9888a7c7af646ca09b3,0,0,149,149,1,VIC,php-src,ICVul,CVE-2016-7128
db10b7252306b37ccd8795abeea565e0b18434aa,9,21,338,368,14,VIC,php-src,ICVul,CVE-2017-5340
16b3003ffc6393e250f069aa28a78dc5a2c064b2,14,0,33,47,1,VIC,php-src,ICVul,CVE-2017-12932
bf348c8c469a677164dbc7f0b1214bb43011c895,8,5,60,73,1,VIC,php-src,ICVul,CVE-2016-5767
6c5211a0cef0cc2854eaa387e0eb036e012904d0,8,0,42,50,1,VFC,php-src,ICVul,CVE-2016-5769
b101a6bbd4f2181c360bd38e7683df4a03cba83e,0,0,1,1,1,VFC,php-src,ICVul,CVE-2015-8617
f0168baecfb27e104e46fe914e5b5b6507ba8214,21,78,491,590,4,VIC,php-src,ICVul,CVE-2016-3132
12abac8bb78c494597d740e7f9afd202f63180a3,40,16,18,74,3,VIC,php-src,ICVul,CVE-2017-5340
feeb2fba93a451c467ec70963995ca6371b3a568,9,16,88,113,6,VIC,php-src,ICVul,CVE-2016-7480
32ff83e4daec4521f52e4eea6b2628226f04ff74,7,0,0,7,1,VIC,php-src,ICVul,CVE-2016-5767
f151e048ed27f6f4eef729f3310d053ab5da71d4,11,0,0,11,1,VFC,php-src,ICVul,CVE-2018-15132
bdb50267f7680e67e574dfe7f3cfd17fb587bc5d,2,0,10,12,1,VIC,php-src,ICVul,CVE-2016-9934
2938329ce19cb8c4197dec146c3ec887c6f61d01,113,0,37,150,2,VFC,php-src,ICVul,CVE-2013-7226
72dbb7f416160f490c4e9987040989a10ad431c7,4,0,2,6,1,VFC,php-src,ICVul,CVE-2016-7134
81e2cf03ac62c29c6bb365c31b9229aa3b4deff8,1105,330,504,1939,160,VIC,php-src,ICVul,CVE-2016-5094
0af75d6b1ae3230fdb8c58b4a2df73a236840e9f,357,38,431,826,1,VIC,php-src,ICVul,CVE-2017-12932
c64376bda535c13630aba0f1b223a11eabcd9a2a,94,0,116,210,1,VIC,php-src,ICVul,CVE-2017-12932
78d28494ca13ea4bb71933ebcb47d7565c91d214,8,5,33,46,1,VIC,php-src,ICVul,CVE-2017-12932
775502f7e9e2bf2058ceebd77d0869a68ba15312,46,23,37,106,4,VIC,php-src,ICVul,CVE-2016-5093
3f627e580acfdaf0595ae3b115b8bec677f203ee,11,0,0,11,1,VFC,php-src,ICVul,CVE-2016-5771
02623ddb828689d3eb4e60bba9124cccbf65ec6b,19,7,10,36,1,VIC,php-src,ICVul,CVE-2015-8617
fa940a60dec4ac1609b2696607783cf5b68e4b07,44,0,2,46,1,VIC,php-src,ICVul,CVE-2013-7226
28f80baf3c53e267c9ce46a2a0fadbb981585132,6,0,1,7,1,VFC,php-src,ICVul,CVE-2016-7412
b6f13a5ef9d6280cf984826a5de012a32c396cd4,0,0,8,8,1,VFC,php-src,ICVul,CVE-2016-7126
f6aef68089221c5ea047d4a74224ee3deead99a6,9,0,0,9,1,VFC,php-src,ICVul,CVE-2016-5773
927880b5cc593ca816c4f2170db7992b996f1b9a,23,0,18,41,1,VIC,php-src,ICVul,CVE-2017-12932
6781229e88a0625f5fab2673785051d749ec13ff,41,381,245,667,1,VIC,php-src,ICVul,CVE-2017-12932
bdeb220f48825642f84cdbf3ff23a30613c92e86,0,348,26863,27211,775,VIC,php-src,ICVul,CVE-2016-7126
22159fb7b7324c3d4bb9fe00d3d2ce575a15743d,448,1,7911,8360,6,VIC,php-src,ICVul,CVE-2013-7226
7698bc5735d188964cb98e6b6387c4cca26fcb0e,70,0,4,74,2,VIC,php-src,ICVul,CVE-2013-7226
c395c6e5d7e8df37a21265ff76e48fe75ceb5ae6,4,0,9,13,1,VFC,php-src,ICVul,CVE-2016-5767
2438490addfbfba51e12246a74588b2382caa08a,99,58,106,263,11,VIC,php-src,ICVul,CVE-2017-11142
5a34bd6d1e6b4d31221c50bcf477c9508553a646,4,0,5,9,1,VIC,php-src,ICVul,CVE-2016-9934
d77d6153ec3e7ce1731426fe1a2d29ea495fca92,9509,0,0,9509,54,VIC,php-src,ICVul,CVE-2014-0185
f78da21527811c58a5da4150403fc5f94747802c,101,23,118,242,4,VIC,php-src,ICVul,CVE-2016-5768
fd545f4f44ff44bba9f75ae3f044dc2ba9c61083,14,2,38,54,1,VIC,php-src,ICVul,CVE-2017-12932
33eb7d83cab733a3397168d35506e750e1e30d65,53,0,9,62,1,VIC,php-src,ICVul,CVE-2016-9934
8d2539fa0faf3f63e1d1e7635347c5b9e777d47b,4,0,16,20,1,VFC,php-src,ICVul,CVE-2016-10162
d76b293ac71aa5bd4e9a433192afef6e0dd5a4ee,3,0,32,35,1,VIC,php-src,ICVul,CVE-2017-12932
5b597a2e5b28e2d5a52fc1be13f425f08f47cb62,0,1,32,33,1,VFC,php-src,ICVul,CVE-2016-5768
0ff59a1353fcf232a73c8946746fa7d93e5e1096,3,0,1,4,1,VIC,php-src,ICVul,CVE-2016-5094
2ca8d85dd4ac6d5f8c046f339f9636e3099b0f08,4,0,0,4,1,VIC,php-src,ICVul,CVE-2016-7134
0da8b8b801f9276359262f1ef8274c7812d3dfda,4,0,23,27,1,VFC,php-src,ICVul,CVE-2016-5094
c4da6009bb1611851f85e9c9ff546c5b1a8a8104,0,9,12,21,1,VIC,php-src,ICVul,CVE-2018-7584
7722455726bec8c53458a32851d2a87982cf0eac,7,0,0,7,1,VFC,php-src,ICVul,CVE-2016-5766
b755935771f72d77058036f3bfe88949d5bd2970,0,72,100,172,1,VIC,php-src,ICVul,CVE-2016-5093
28022c9b1fd937436ab67bb3d61f652c108baf96,0,0,3,3,1,VFC,php-src,ICVul,CVE-2016-7126
d1341b1c153afbbc0f3d9be1e9ebfdadc49803f0,128,18,59,205,1,VIC,php-src,ICVul,CVE-2014-3597
2721a0148649e07ed74468f097a28899741eb58f,5,0,0,5,1,VFC,php-src,ICVul,CVE-2016-5114
8d87e3b841086fa8173b7c6b46c8e75e7c8bd8e2,2,113,230,345,4,VIC,php-src,ICVul,CVE-2016-10162
4e396d733339fd5938ac3937ca26a59d579eb957,11,9,101,121,24,VIC,php-src,ICVul,CVE-2015-9253
c9108bba25ca634df2c9c06b11639baf8c24f0df,18,166,54,238,4,VIC,php-src,ICVul,CVE-2016-9934
996faf964bba1aec06b153b370a7f20d3dd2bb8b,0,5,2,7,1,VFC,php-src,ICVul,CVE-2015-8935
c7a5d062f5fbb883192aa1ac555f640bfaf5d7b9,213,0,247,460,3,VIC,php-src,ICVul,CVE-2016-10160
0426b916df396a23e5c34514e4f2f0627efdcdf0,315,260,326,901,1,VIC,php-src,ICVul,CVE-2017-12932
0531ba8952080c79cff3db0dbdb4bd398ef4dcc6,13392,0,0,13392,4,VIC,php-src,ICVul,CVE-2013-3735
7aa43a8d834e386a1b38490644983c0c3587dcd5,2367,461,197,3025,4,VIC,php-src,ICVul,CVE-2016-5094
34aefa5604763dc238f8533e10ea332d3e4ed139,7,48,252,307,3,VIC,php-src,ICVul,CVE-2016-7480
74912b9afb08ddedbdc3138dd041d980fa604fef,3,110,76,189,2,VIC,php-src,ICVul,CVE-2016-9934
1cda0d7c2ffb62d8331c64e703131d9cabdc03ea,0,0,1,1,1,VFC,php-src,ICVul,CVE-2016-10158
c2a13ced4272f2e65d2773e2ea6ca11c1ce4a911,0,0,12,12,1,VFC,php-src,ICVul,CVE-2016-7133
5d02c74b6bde6013dd8475611b5e4b4ce22a8198,37,0,2,39,2,VIC,php-src,ICVul,CVE-2016-7130
6d55ba265637d6adf0ba7e9c9ef11187d1ec2f5b,2,0,0,2,1,VFC,php-src,ICVul,CVE-2016-7416
525f3c4793a6026cc314a706ff68e18d9bba5b24,652,505,501,1658,2,VIC,php-src,ICVul,CVE-2016-7125
af7918cf0fddcab55b638ae47892fb43a0366f14,2,44,95,141,1,VIC,php-src,ICVul,CVE-2016-5769
c4cca4c20e75359c9a13a1f9a36cb7b4e9601d29,1,0,9,10,1,VFC,php-src,ICVul,CVE-2016-7418
23b057742e3cf199612fa8050ae86cae675e214e,1,0,0,1,1,VFC,php-src,ICVul,CVE-2018-17082
2fefae47716d501aec41c1102f3fd4531f070b05,36,0,24,60,1,VFC,php-src,ICVul,CVE-2014-3597
1297c0508a1dc88310e0f0c8297de3de732a7f67,74,0,9,83,3,VIC,php-src,ICVul,CVE-2016-5768
3234480827b27ff5d3469a732167afd289632a96,44,17,694,755,176,VIC,php-src,ICVul,CVE-2016-7134
e9731903d1f78e4562c60bed0d8efd1914b740ae,538,0,1,539,2,VIC,php-src,ICVul,CVE-2013-7226
1bd103df00f49cf4d4ade2cfe3f456ac058a4eae,5,0,0,5,1,VFC,php-src,ICVul,CVE-2016-7127
1379c46d9eaf13717cd3641d4f43997483a23bd8,4,0,13,17,1,VIC,php-src,ICVul,CVE-2017-12932
a14fdb9746262549bbbb96abb87338bacd147e1b,4,0,5,9,1,VFC,php-src,ICVul,CVE-2016-7131
30663fd26c0307e414622c7a8607fbc04f92ec14,7,0,0,7,1,VFC,qemu,ICVul,CVE-2017-8284
2563c9c6b8670400c48e562034b321a7cf3d9a85,0,0,1,1,1,VFC,qemu,ICVul,CVE-2017-2630
d62644b46a86bce2c069af7122501e3ffd349d3c,14,4,26,44,1,VIC,qemu,ICVul,CVE-2021-20257
2e1198672759eda6e122ff38fcf6df06f27e0fe2,73,61,7,141,1,VFC,qemu,ICVul,CVE-2013-4532
279a42535dc977c495bdbda8c8831016e05a0a5d,15,0,13,28,1,VIC,qemu,ICVul,CVE-2021-3748
90260c6c0960b2745d79455ceaa6cb50fb796e02,34,7,8,49,3,VIC,qemu,ICVul,CVE-2022-35414
77668e4b9bca03a856c27ba899a2513ddf52bb52,1,0,1,2,1,VFC,qemu,ICVul,CVE-2024-24474
baa7666c74e7495c0982afe2a566aabcd4dbe1ac,3,0,2,5,1,VIC,qemu,ICVul,CVE-2015-5239
17a0ca55657114c055cb407291c1163e09b29973,15,8,60,83,2,VIC,qemu,ICVul,CVE-2021-3748
181103cd52710b987799ae980bb92407994243bc,23,68,39,130,13,VIC,qemu,ICVul,CVE-2013-2016
f757a2cd6948344b8303e375f6f9d72887abf1f4,234,0,0,234,3,VIC,qemu,ICVul,CVE-2022-35414
4a6fd938f5457ee161d2acbd9364608a2a68b7a1,0,30,52,82,1,VIC,qemu,ICVul,CVE-2017-8284
bedd7e93d01961fcb16a97ae45d93acf357e11f6,25,0,7,32,1,VFC,qemu,ICVul,CVE-2021-3748
397ae982f4df46e7d4b2625c431062c9146f3b83,23,0,2,25,1,VIC,qemu,ICVul,CVE-2020-35517
bdef79a2994d6f0383e07e9597675711662b3031,153,0,0,153,1,VIC,qemu,ICVul,CVE-2019-13164
540f006a23085230c12c3cbcbd2bd774be0eb28e,11,0,17,28,2,VIC,qemu,ICVul,CVE-2013-4532
7d3123e1775f16bf23fa8d5bac17a3d8a9e72583,26,7,7,40,1,VIC,qemu,ICVul,CVE-2017-2630
701ed211d62b2b0dba732d75997c4bbf37010c1e,62,2,2,66,1,VIC,qemu,ICVul,CVE-2017-8284
1f871c5e6b0f30644a60a81a6a7aadb3afb030ac,136,0,4,140,4,VIC,qemu,ICVul,CVE-2022-35414
889ac2a32fd803f7222524d8f56aded1c3cbad3c,1,3,18,22,1,VIC,qemu,ICVul,CVE-2013-4532
ebf101955ce8f8d72fba103b5151115a4335de2c,0,12,11,23,1,VFC,qemu,ICVul,CVE-2020-35517
0093b9a5eeee6304fbd6e4f5be6b47820c4d55e3,35,0,1,36,5,VIC,qemu,ICVul,CVE-2022-35414
fbe78f4f55c6fdf1f8df3d82bf31835de9283fa3,463,0,1,464,5,VIC,qemu,ICVul,CVE-2021-3748
d7898cda81b6efa6b2d7a749882695cdcf280eaa,2,0,6,8,3,VIC,qemu,ICVul,CVE-2022-35414
0618db44b9da3a2525b414a0928d2b445f897eec,10,4,1,15,1,VIC,qemu,ICVul,CVE-2013-4532
7b93fadf3a38d1ed65ea5536a52efc2772c6e3b8,221,0,0,221,1,VIC,qemu,ICVul,CVE-2019-13164
98b19252cf1bd97c54bc4613f3537c5ec0aae263,788,196,16,1000,15,VIC,qemu,ICVul,CVE-2015-5745
7882080388be5088e72c425b02223c02e6cb4295,1,0,1,2,1,VFC,qemu,ICVul,CVE-2015-5745
8c43a6f05d5ef3c9484bd2be9d4e818d58e62016,0,0,342,342,252,VIC,qemu,ICVul,CVE-2013-4532
24236869fbff210b356b6626e6e9e9eadc8a976c,1461,0,4,1465,7,VIC,qemu,ICVul,CVE-2015-5239
7c23b8920329180f48b8a147b629d8837709d201,1869,0,1,1870,4,VIC,qemu,ICVul,CVE-2021-20257
30951157441aed950ad8ca326500b4986d431c7a,105,0,6,111,3,VIC,qemu,ICVul,CVE-2022-35414
63c5872873de8d7d994a589eed7bfe6a70cc8e06,4,1,10,15,1,VIC,qemu,ICVul,CVE-2021-3748
967f97fa00b2d301584d08c614d446423c65c15a,968,0,0,968,2,VIC,qemu,ICVul,CVE-2013-2016
3de46e6fc489c52c9431a8a832ad8170a7569bd8,4,0,0,4,1,VFC,qemu,ICVul,CVE-2021-20257
418ade7849ce7641c0f7333718caf5091a02fd4c,11,0,1,12,1,VFC,qemu,ICVul,CVE-2022-35414
22cc84db6e42bef8646b8cd671f4c999e9c0a38f,1,3,22,26,1,VIC,qemu,ICVul,CVE-2021-3748
51b19ebe4320f3dcd93cea71235c1219318ddfd2,78,11,131,220,22,VIC,qemu,ICVul,CVE-2021-3748
bdb5ee3064d5ae786b0bcb6cf6ff4e3554a72990,10,1,16,27,2,VIC,qemu,ICVul,CVE-2020-13765
ba10b9c0038e201d7ea28a9e3908928439ff7fa4,3,0,12,15,1,VIC,qemu,ICVul,CVE-2021-3748
2c0262afa75d7d6cb68217f9a7587170ed3cd5b3,13306,0,0,13306,19,VIC,qemu,ICVul,CVE-2017-8284
2fa30abadfa2f9f3c47044f677e74988db274d0c,6,0,9,15,1,VIC,qemu,ICVul,CVE-2013-4532
0af10c86ed6656da0c9b680ec9d1c65768dd99b2,4,0,218,222,1,VIC,qemu,ICVul,CVE-2017-8284
4f1c942b7fb29864ad86cb3af9076da38f38f74e,33,2,93,128,18,VIC,qemu,ICVul,CVE-2021-3748
2974e916df8790fa4db2edac99627f5e3c79d7a7,750,0,1,751,3,VIC,qemu,ICVul,CVE-2021-3748
1b0009dbd41e68ca2b19bc7a20dc5499c31938cd,13,0,19,32,1,VIC,qemu,ICVul,CVE-2021-20257
f9a70e79391f6d7c2a912d785239ee8effc1922d,7,0,3,10,1,VFC,qemu,ICVul,CVE-2015-5239
3517fb726741c109cae7995f9ea46f0cab6187d6,1,0,0,1,1,VFC,qemu,ICVul,CVE-2022-35414
5f5a1318653c08e435cfa52f60b6a712815b659d,6,0,12,18,1,VFC,qemu,ICVul,CVE-2013-2016
39bffca2030950ef6efe57c2fac8327a45ae1015,844,218,2328,3390,243,VIC,qemu,ICVul,CVE-2013-4532
999e12bbe85c5dcf49bef13bce4f97399c7105f4,1483,46,1250,2779,131,VIC,qemu,ICVul,CVE-2013-4532
1b9e48a5bdbc96833113f249909af0d30a76cc25,68,6,30,104,2,VIC,qemu,ICVul,CVE-2024-24474
23e39294034e13d29a0707483542bab850d601b4,748,1,13,762,12,VIC,qemu,ICVul,CVE-2013-4532
03d7712b4bcd47bfe0fe14ba2fffa87e111fa086,11,0,0,11,1,VFC,qemu,ICVul,CVE-2019-13164
0c87e93e3102f0c717f58ed90858e6b410fd4e04,33,0,81,114,1,VIC,qemu,ICVul,CVE-2021-3748
eea589cc221853688084a139c04fce50fc65745e,367,0,3,370,4,VIC,qemu,ICVul,CVE-2013-4532
4f1c6cb2f9afafda05eab150fd2bd284edce6676,0,0,1,1,1,VFC,qemu,ICVul,CVE-2020-13765
d578ca6cbba6056f17901c869a6325d571bb124d,454,0,0,454,5,VIC,qemu,ICVul,CVE-2022-35414
44b15bc5c65ab6b3103f508504e4adf8ee9902d7,1,0,6,7,1,VIC,qemu,ICVul,CVE-2021-3748
90d77e2a21ca2a80f993c825a462a258ccdffde7,37,0,10,47,7,VIC,radare2,ICVul,CVE-2022-0695
7498ddff584b7de30fc31fd1d94eb42054755176,11,2,38,51,4,VIC,radare2,ICVul,CVE-2017-9520
4cad7d14a027a2d04db896d62b86825e3a3f7203,885,0,0,885,5,VIC,radare2,ICVul,CVE-2022-1237
081e3ff6ce9b3f1d9cc87a6ebdc6309991cd8242,1,0,2,3,2,VIC,radare2,ICVul,CVE-2020-15121
6df760a04cd2838775d26478941fc0a4f512b3a7,2386,1396,3269,7051,88,VIC,radare2,ICVul,CVE-2017-9763
38f5804ecf56857748f366f2691f35959ee99ab0,52,8,79,139,11,VIC,radare2,ICVul,CVE-2022-28068
2c5400e03e93db30b899e4f8b9d414b52141674d,3,66,233,302,5,VIC,radare2,ICVul,CVE-2017-6194
d37de2367d84f6bb667e54fb7450f82520757ad2,5022,4985,133,10140,24,VIC,radare2,ICVul,CVE-2017-9763
ae9e42d1596eceae367ceabbf36bd8e6438c9a73,21,89,221,331,1,VIC,radare2,ICVul,CVE-2019-16718
62445c5e98ed9bdedf2611d5ee2b8ddb836e598f,816,188,19,1023,6,VIC,radare2,ICVul,CVE-2020-27793
bd276ef2fd8ac3401e65be7c126a43175ccfbcd7,6,0,5,11,1,VFC,radare2,ICVul,CVE-2018-11378
6bc694f8734ea1937bb7eb1fb166a85a944c1381,247,162,55,464,10,VIC,radare2,ICVul,CVE-2023-5686
edf1be10d114e98b95aa1f6ddf7bbebf5279aa7e,171,639,689,1499,23,VIC,radare2,ICVul,CVE-2023-0302
9ff2cb4e5bc2c0f10f714148c884b4fcca18c6fe,5,1,16,22,1,VIC,radare2,ICVul,CVE-2018-14017
5845ec39ca49e1d29ad455ee6056c6563eb6eb18,2011,889,117,3017,11,VIC,radare2,ICVul,CVE-2022-28068
bb2d205ff21b1862ddf5c6b122ba79f79c94ac1d,611,1,5,617,3,VIC,radare2,ICVul,CVE-2023-27114
6abcfb962b982637072133b100b57099b894e3c8,32,3,38,73,15,VIC,radare2,ICVul,CVE-2020-15121
adf9aebe078c7597f2a934aa527c66ee0616e238,14,0,7,21,5,VIC,radare2,ICVul,CVE-2022-28071
14215350af35cc8b14710557c248d2e77baf380d,1028,780,544,2352,43,VIC,radare2,ICVul,CVE-2020-27795
e20728ec153b01b5fa4f89cd59cb88835157ec11,1,0,15,16,11,VIC,radare2,ICVul,CVE-2018-20457
a35f89f86ed12161af09330e92e5a213014e46a1,0,0,1,1,1,VFC,radare2,ICVul,CVE-2022-0713
f48729acd5387a9b3aec6d8529a6cfde30ad94ea,3,0,10,13,7,VIC,radare2,ICVul,CVE-2022-0849
c32624b86bf936110de2350eafa234e148a968dc,457,27,301,785,5,VIC,radare2,ICVul,CVE-2017-7946
498e5314793368913bdb4b0d19316ba220d11670,195,39,261,495,15,VIC,radare2,ICVul,CVE-2020-15121
d4ce40b516ffd70cf2e9e36832d8de139117d522,3,0,1,4,1,VFC,radare2,ICVul,CVE-2022-1061
a5aafb99c3965259c84ddcf45a91144bf7eb4cf1,3,0,0,3,1,VFC,radare2,ICVul,CVE-2022-1649
ba919adb74ac368bf76b150a00347ded78b572dd,6,4,19,29,2,VFC,radare2,ICVul,CVE-2023-4322
233a584b995ab8adbaa9a59d403514a85dfa82a0,33,7,24,64,1,VIC,radare2,ICVul,CVE-2017-7854
041e53cab7ca33481ae45ecd65ad596976d78e68,3,0,0,3,1,VFC,radare2,ICVul,CVE-2018-11375
35482cb760db10f87a62569e2f8872dbd95e9269,0,13,13,26,1,VFC,radare2,ICVul,CVE-2022-0523
c57f2eb4100cb9e8b34f86fb544914dd1bba0f3e,12,20,41,73,1,VIC,radare2,ICVul,CVE-2017-6387
31eeef0279fb934fc8fca8d9e89f0e543be1c51c,88,28,91,207,2,VIC,radare2,ICVul,CVE-2022-28071
197562b5162f86642e8a919a4f6e8916da184ba1,79,0,26,105,2,VIC,radare2,ICVul,CVE-2019-16718
4e2cd40ed6866c6ee690ce2a640bdf7796054491,27,6,276,309,12,VIC,radare2,ICVul,CVE-2017-7946
e1889b31a18fe9c844b49680de38e2e62806a506,8,0,18,26,1,VIC,radare2,ICVul,CVE-2017-6448
6c4428f018d385fc80a33ecddcb37becea685dd5,27,11,40,78,1,VFC,radare2,ICVul,CVE-2022-0519
e865e542747346deb5312294b8f7f6b12ac393db,0,0,1,1,1,VIC,radare2,ICVul,CVE-2018-11381
60208765887f5f008b3b9a883f3addc8bdb9c134,6,0,5,11,1,VFC,radare2,ICVul,CVE-2018-11380
e935992de5dbdaf95ee4feda29ce71e66a898556,3,0,0,3,1,VIC,radare2,ICVul,CVE-2020-15121
179bd0e8ebb92ac08e5e032d5e653aa993c49915,146,4,7,157,15,VIC,radare2,ICVul,CVE-2017-7946
1070465967fc07c843cf2b268ac27b27ba3f739e,57,0,5,62,4,VIC,radare2,ICVul,CVE-2022-4843
2f201bded0df2626ad57debb6a9c6a52dced682a,775,886,1530,3191,49,VIC,radare2,ICVul,CVE-2022-1809
92170e2f6837318d4883ed00bcf3ade9ee413ac1,193,0,28,221,5,VIC,radare2,ICVul,CVE-2022-28073
b9d7533137d381baef49e49613f8f9c413afcb81,21,0,45,66,3,VIC,radare2,ICVul,CVE-2020-15121
35f139986e82ef1c18e4e69b2694ccc59ea9130f,8,4,113,125,6,VIC,radare2,ICVul,CVE-2017-9763
ad55822430a03fe075221b543efb434567e9e431,0,0,2,2,1,VFC,radare2,ICVul,CVE-2017-6319
4ebe3dc0735c1ba02eba1cfb5d7597d84c7ef8f3,2,0,1,3,1,VIC,radare2,ICVul,CVE-2017-9520
a500f71c85ca678af609f911e9296bf424fe4f2f,118,29,101,248,2,VIC,radare2,ICVul,CVE-2022-0476
49b0cebfdf0db9704e36f8a5533f1df6d3e2ed3a,0,0,1,1,1,VFC,radare2,ICVul,CVE-2022-28069
9de5481098d909e5fc3973738cd5e6e27f5b411e,18,1,12,31,7,VIC,radare2,ICVul,CVE-2022-0695
3a97b1cc6f4a0171e13c0fb9d0920a9836d26dd8,22,0,3,25,1,VIC,radare2,ICVul,CVE-2022-0849
25a3703ef2e015bbe1d1f16f6b2f63bb10dd34f4,0,0,1,1,1,VFC,radare2,ICVul,CVE-2018-11377
a4c145c70872c3f034158175f026f233e03b3eaf,8,0,43,51,1,VIC,radare2,ICVul,CVE-2023-4322
6b053ccf59c57311fd1b8d3e01429843dc48c383,2,4,1804,1810,4,VIC,radare2,ICVul,CVE-2022-28072
0ae4a5c3e8da054e27c0917a8857ba979fa432e0,213,2,771,986,7,VIC,radare2,ICVul,CVE-2017-6197
1ffdedcd07982be902bbba8153d11499dfb04c0a,4744,0,1,4745,46,VIC,radare2,ICVul,CVE-2022-0523
1f37c04f2a762500222dda2459e6a04646feeedf,4,0,2,6,2,VFC,radare2,ICVul,CVE-2018-11376
0052500c1ed5bf8263b26b9fd7773dbdc6f170c4,3,0,5,8,3,VFC,radare2,ICVul,CVE-2022-1052
ea5c83ce4eb9cd57f1c7a03b450ae0691bcb4cba,23,0,17,40,7,VIC,radare2,ICVul,CVE-2017-16357
00e8f205475332d7842d0f0d1481eeab4e83017c,10,0,3,13,2,VFC,radare2,ICVul,CVE-2017-9761
99d7b1f7a2e57360f1aa158546d6a9ea1a0f72c0,2,4,15,21,1,VIC,radare2,ICVul,CVE-2022-0520
7eca86f5789f752eb7bc8dee9ca9c7ade123ba66,120,61,77,258,1,VIC,radare2,ICVul,CVE-2018-11376
18d7167f63a83d6e34177f760d58f37792925ba5,1547,0,264,1811,6,VIC,radare2,ICVul,CVE-2017-16805
cbbe87bf3f8ac3aeeb4c5c502875a4248f6c0bb5,748,491,27,1266,5,VIC,radare2,ICVul,CVE-2018-11378
027cd9b7274988bb1af866539ba6c2fa2ff63e45,3,0,1,4,1,VFC,radare2,ICVul,CVE-2022-28072
6874c11be23c900902aab74e443f97a19008c37a,399,3,2375,2777,1,VIC,radare2,ICVul,CVE-2022-0519
63d4172d94f767a6f0b884780213f314087427a9,16,0,10,26,10,VIC,radare2,ICVul,CVE-2022-1031
0e692944a45eed3440089aeb54a90cd110e91f55,1296,1309,43,2648,5,VIC,radare2,ICVul,CVE-2018-11381
2d782cdaa2112c10b8dd5e7a93c134b2ada9c1a6,17,0,7,24,1,VFC,radare2,ICVul,CVE-2022-1237
21d554846d19a613f57b8af3a6c5f1764e538a76,3,0,1,4,1,VIC,radare2,ICVul,CVE-2022-0519
fe0e309a6cd97f6bcad3cbf8e7c3b19a39ea478c,9,1,16,26,2,VIC,radare2,ICVul,CVE-2023-4322
637f4bd1af6752e28e0a9998e954e2e9ce6fa992,5,8,13,26,2,VFC,radare2,ICVul,CVE-2022-28068
28c84c23efef44277ae9605a86f8dcec4c82f898,20,0,17,37,2,VIC,radare2,ICVul,CVE-2020-15121
3ab7b326cfff68ddea2af3452dca3bde6ee15cc5,56,0,29,85,1,VIC,radare2,ICVul,CVE-2018-11375
1812e5fe3b87626382cf5c13d3d033e643a8eb53,139,0,15,154,1,VIC,radare2,ICVul,CVE-2022-28069
d5d5cd3bfaa10cbf6f3ae518f5ad56b04b6af377,23,7,9,39,11,VIC,radare2,ICVul,CVE-2020-15121
05076d963cc574fc5ca007a15b3a5ca253646638,456,0,0,456,4,VIC,radare2,ICVul,CVE-2017-6194
1d4499ebdc7e1b2e7ad7c2e86f5afc00414bd3a5,24,2,7,33,2,VIC,radare2,ICVul,CVE-2017-16358
8ddec017c8a3eb92b6f43b2b2fa949a2ee8b3231,13,31,1109,1153,10,VIC,radare2,ICVul,CVE-2022-0695
ead645853a63bf83d8386702cad0cf23b31d7eeb,0,0,1,1,1,VFC,radare2,ICVul,CVE-2017-6387
de86371355058452105808b3f2d5953847c113e2,18,8,54,80,5,VIC,radare2,ICVul,CVE-2020-15121
0c1345028f781c5b64feeaa9719c45f9cef55fde,4,0,3,7,1,VIC,radare2,ICVul,CVE-2018-14017
a15067a8eaa836bcc24b0882712c14d1baa66509,3,3,19,25,1,VFC,radare2,ICVul,CVE-2023-27114
243bc871c3146664d5155b1b0a86ba0c84f728d8,100,1,320,421,90,VIC,radare2,ICVul,CVE-2023-0302
634b886e84a5c568d243e744becc6b3223e089cf,1,5,19,25,5,VFC,radare2,ICVul,CVE-2022-0695
b4de5c5113a80c6af7168d6e4e97ae80c39d9c92,21,0,5,26,16,VIC,radare2,ICVul,CVE-2020-15121
557d45bca19a3c6652077eca9a16f1e095b04e5b,542,0,125,667,2,VIC,radare2,ICVul,CVE-2018-12322
c40a4f9862104ede15d0ba05ccbf805923070778,5,0,1,6,1,VIC,radare2,ICVul,CVE-2022-1297
c6d0076c924891ad9948a62d89d0bcdaf965f0cd,4,0,1,5,1,VFC,radare2,ICVul,CVE-2017-15931
e9ce0d64faf19fa4e9c260250fbdf25e3c11e152,9,6,3,18,1,VFC,radare2,ICVul,CVE-2018-14017
2b77b277d67ce061ee6ef839e7139ebc2103c1e3,1,0,2,3,2,VFC,radare2,ICVul,CVE-2022-1244
93832da4447fd36b236a81b27360638761e34578,179,1,40,220,1,VIC,radare2,ICVul,CVE-2018-12322
79cc7c99585c3d379324806daa011af893a6b0f0,75,0,3,78,3,VIC,radare2,ICVul,CVE-2020-27795
5411543a310a470b1257fb93273cdd6e8dfcb3af,4,0,4,8,1,VFC,radare2,ICVul,CVE-2019-16718
f41e941341e44aa86edd4483c4487ec09a074257,0,0,59,59,1,VFC,radare2,ICVul,CVE-2017-6448
98f2a37aacb4ea6a36ff9b5137374912bbe045bb,4,0,2,6,1,VIC,radare2,ICVul,CVE-2020-15121
d2632f6483a3ceb5d8e0a5fb11142c51c43978b4,3,14,24,41,1,VFC,radare2,ICVul,CVE-2017-7854
2996538700f491fe0bdfd0a00d04f6cb2995b140,0,2,644,646,167,VIC,radare2,ICVul,CVE-2018-11384
49cdf48c371a7f61ba455084281069d5938b3de2,10,0,6,16,2,VIC,radare2,ICVul,CVE-2023-0302
170b881617b126d3b1546b3447810d823913d735,30,1,230,261,1,VIC,radare2,ICVul,CVE-2018-14017
0b91114d7d528f88e3b85f40c6bd1eabb0ee6319,376,8,12,396,3,VIC,radare2,ICVul,CVE-2022-1052
4d3811681a80f92a53e795f6a64c4b0fc2c8dd22,0,0,2,2,1,VFC,radare2,ICVul,CVE-2020-27795
63249d6a84dd3865633115a6bce7a29f287ae1f2,278,14,91,383,3,VIC,radare2,ICVul,CVE-2022-0476
30c55703ea78b969c5fd4b400a253b306b617496,32,39,119,190,2,VIC,radare2,ICVul,CVE-2023-5686
d62ae602a45e4e47d9fb0d3f08e87e19bf411193,7,0,80,87,2,VIC,radare2,ICVul,CVE-2022-0519
d37d2b858ac47f2f108034be0bcecadaddfbc8b3,4,0,1,5,1,VFC,radare2,ICVul,CVE-2018-14015
72b2249110599b05ddb9b8c12d7283a1fb9efdea,35,1,7,43,4,VIC,radare2,ICVul,CVE-2022-1284
7d61845ceba9fa78d316f32232f75cfd53dcd4ae,3,4,11,18,4,VIC,radare2,ICVul,CVE-2022-1714
7befed446356cdefa3ad06bea8653e21b4c1f0e1,6,8,2,16,3,VIC,radare2,ICVul,CVE-2020-15121
ccda50b1a2aad70e0e093dee551fe6063d34589b,430,69,181,680,1,VIC,radare2,ICVul,CVE-2018-11377
e5c14c167b0dcf0a53d76bd50bacbbcc0dfc1ae7,0,0,2,2,2,VFC,radare2,ICVul,CVE-2018-20457
21a9405a81079ee3eadad3b6bc1f5a28177116f0,70,0,42,112,3,VIC,radare2,ICVul,CVE-2017-6448
df167c7db545953bb7f71c72e98e7a3ca0c793bf,4,0,0,4,1,VFC,radare2,ICVul,CVE-2018-20460
224e6bc13fa353dd3b7f7a2334588f1c4229e58d,0,0,3,3,1,VFC,radare2,ICVul,CVE-2018-12321
0927ed3ae99444e7b47b84e43118deb10fe37529,4,0,5,9,1,VFC,radare2,ICVul,CVE-2022-1451
31e47f1c4731136734c37f395e66f282f1395b1a,6374,0,606,6980,6,VIC,radare2,ICVul,CVE-2018-14017
3b04c5442b4e62d82571258cad8dd30558baa57c,137,0,24,161,2,VIC,radare2,ICVul,CVE-2017-7946
aaa822f03b978caff2ae06f09bd10329c45a7274,2,0,151,153,4,VIC,radare2,ICVul,CVE-2017-7946
a48c3b7d1ed2df122ea2dd43f8dd2170e7a383c7,1,1,3,5,1,VIC,radare2,ICVul,CVE-2020-15121
81ad0fe809a45e428abdcb37db7bf83ef09ad26e,11,12,19,42,3,VIC,radare2,ICVul,CVE-2020-15121
de0175ecad3ee94f4f857404eceba543ebb833b3,3,0,1,4,1,VIC,radare2,ICVul,CVE-2022-1284
bae21844d0caceb9e9d0187a5b70e63aa6b7c62f,469,75,31,575,4,VIC,radare2,ICVul,CVE-2022-1052
03322e7614fb226073c5d2c444d64fc9d0cf1333,3,0,3,6,1,VIC,radare2,ICVul,CVE-2023-0302
1f15df18c426006d5b6045da1739236a7e052867,37,10,30,77,8,VIC,radare2,ICVul,CVE-2020-15121
c57997e76ec70862174a1b3b3aeb62a6f8570e85,6,0,1,7,1,VFC,radare2,ICVul,CVE-2017-10929
eb7deb281df54771fb8ecf5890dc325a7d22d3e2,4,3,4,11,1,VFC,radare2,ICVul,CVE-2018-14016
2f72e833380d5b38e897a2d1065ff81a24ac3744,139,13,9,161,2,VIC,radare2,ICVul,CVE-2022-0695
85052941cfe088fa381152aba519aaa458e222c3,38,0,17,55,2,VIC,radare2,ICVul,CVE-2017-6319
7b2375228f3d80c094edda120e774a4774dbabb2,243,0,7,250,4,VIC,radare2,ICVul,CVE-2022-1240
64f5ca4590c8c40cdd867ea7213c0a7dea6981e9,277,7,125,409,9,VIC,radare2,ICVul,CVE-2022-0849
61c2a5b9ba8f8d51d52a018126136530062ff885,29,7,10,46,1,VIC,radare2,ICVul,CVE-2022-1899
5800b23e8feb06df42c7898299b4872572b7b979,13,56,85,154,7,VIC,radare2,ICVul,CVE-2018-12320
7c288d6b81559d248741743d918715856f93862d,33,0,21,54,4,VIC,radare2,ICVul,CVE-2018-11377
d1631b8d3499d4cb3e0365bc945c71183b93412b,100,5,47,152,5,VIC,radare2,ICVul,CVE-2022-1052
4aff1bb00224de4f5bc118f987dfd5d2fe3450d0,0,0,1,1,1,VFC,radare2,ICVul,CVE-2022-28070
fb98bc13350815c211fc4faa8623ce50b954ad3a,51,291,72,414,11,VIC,radare2,ICVul,CVE-2020-15121
289aece1f9e73a4d67158a37ca20584b53cedf1f,36,3,51,90,3,VIC,radare2,ICVul,CVE-2020-15121
352630295eefa41b6889e93014bacd9202b2acf7,11,0,5,16,4,VIC,radare2,ICVul,CVE-2022-0849
12ea9734b5ac1b053ef48be3a2f4a8d85a2e888b,24,3,37,64,14,VIC,radare2,ICVul,CVE-2022-1207
3fcf41ed96ffa25b38029449520c8d0a198745f3,1,0,4,5,1,VFC,radare2,ICVul,CVE-2018-11381
2ca9ab45891b6ae8e32b6c28c81eebca059cbe5d,8,1,11,20,2,VFC,radare2,ICVul,CVE-2017-16805
d8b1e6952ef78bb0778f921d6cbbae2037551282,273,68,238,579,5,VIC,radare2,ICVul,CVE-2022-1809
d04c78773f6959bcb427453f8e5b9824d5ba9eff,3,0,0,3,1,VFC,radare2,ICVul,CVE-2018-11382
84002a421fdaf85db81950e18d0010d830c97ca2,61,4,60,125,13,VIC,radare2,ICVul,CVE-2020-15121
515e592b9bea0612bc63d8e93239ff35bcf645c7,3,0,1,4,1,VIC,radare2,ICVul,CVE-2022-1437
61d1c1fa288344dcbe9e1517870533824c74817b,15,0,11,26,1,VIC,radare2,ICVul,CVE-2018-11382
d3157e2ed3c437fae3ca6eb2fb8ece682bd0a342,49,15,65,129,28,VIC,radare2,ICVul,CVE-2022-0419
d21e91f075a7a7a8ed23baa5c1bb1fac48313882,0,0,1,1,1,VIC,radare2,ICVul,CVE-2017-16359
0283c92f6eafc47510bc36924f84b4337ee7164b,647,0,1,648,3,VIC,radare2,ICVul,CVE-2017-6448
db42789d6216168ab9d4ee36a0810a75b37136e6,37,10,24,71,5,VIC,radare2,ICVul,CVE-2020-15121
f17bfd9f1da05f30f23a4dd05e9d2363e1406948,0,0,2,2,1,VFC,radare2,ICVul,CVE-2018-19843
fbaf24bce7ea4211e4608b3ab6c1b45702cb243d,3,0,1,4,1,VFC,radare2,ICVul,CVE-2017-16359
919e3ac1a13f753c73e7a8e8d8bb4a143218732d,3,5,5,13,1,VFC,radare2,ICVul,CVE-2022-1809
9864220150dfb235a7bc309a30818aa0f033fd40,1,0,8,9,1,VIC,radare2,ICVul,CVE-2020-15121
6c666bf14298e74127c2397719dc828f80b96e55,425,76,7,508,1,VIC,radare2,ICVul,CVE-2018-20457
f268f23a3d4321ff5094292eb369d277d4761c81,15,5,32,52,1,VIC,radare2,ICVul,CVE-2020-15121
5a8ee7ba3d9751349e67137b07d93bf943941bb3,39,12,122,173,1,VIC,radare2,ICVul,CVE-2022-0519
4e1cf0d3e6f6fe2552a269def0af1cd2403e266c,7,0,5,12,1,VFC,radare2,ICVul,CVE-2018-11379
b53a1583d05c3a5bfe5fa60da133fe59dfbb02b8,4,0,0,4,1,VFC,radare2,ICVul,CVE-2022-4398
21781aa0d1c97e075a338e091bf9ea46e6f192c7,10,9,23,42,2,VIC,radare2,ICVul,CVE-2020-15121
842f809d4ec6a12af2906f948657281c9ebc8a24,0,0,2,2,1,VFC,radare2,ICVul,CVE-2022-4843
193f4fe01d7f626e2ea937450f2e0c4604420e9d,0,0,6,6,1,VFC,radare2,ICVul,CVE-2022-1899
c7f89529a72a2ad13368e5b7e44f8914a3d08134,2,0,4,6,1,VIC,radare2,ICVul,CVE-2022-1899
016c1f73cb04baf3fb5773f8f9369f7ffea9fa61,7,8,10,25,3,VIC,radare2,ICVul,CVE-2020-15121
c83d5f4664f222f318f8e4ae3910aeb9e5515902,10,0,2,12,3,VIC,radare2,ICVul,CVE-2022-1714
2a1a93872e4f9822933c95d3e3d6439916b398c1,1,3,34,38,2,VIC,radare2,ICVul,CVE-2022-0695
e74b004239773bea7904740623a01a5fa4206920,323,0,30,353,4,VIC,radare2,ICVul,CVE-2022-1052
c3d6664756394e41a7b0e094550ae6843b8b38f5,588,213,376,1177,23,VIC,radare2,ICVul,CVE-2018-20458
49975ccf95b3ee240103d9f3ccf433e6bba57344,17,91,1613,1721,154,VIC,radare2,ICVul,CVE-2017-7946
68338b71a563b24e62617bb629059adc0c94b230,3,0,0,3,1,VFC,radare2,ICVul,CVE-2017-6415
1bdda93e348c160c84e30da3637acef26d0348de,0,0,3,3,1,VFC,radare2,ICVul,CVE-2023-5686
a6da4135badf52a73ef9ddca7018968ab926fe1e,2893,8,0,2901,11,VIC,radare2,ICVul,CVE-2018-14016
68cb26566eefdf6810a5f9130c951a8f55dd70e5,8,0,2,10,1,VIC,radare2,ICVul,CVE-2020-15121
b270e92021cc98b7c8de094afd98045e674b92c3,7,0,20,27,1,VIC,radare2,ICVul,CVE-2022-0695
8e8cce50b43c5832bfa46459a2ce78872a650586,536,264,106,906,3,VIC,radare2,ICVul,CVE-2022-0713
b5b8d3db6250226a740c31a8e5f92557a99c45d3,26,165,354,545,1,VIC,radare2,ICVul,CVE-2018-14017
70752807a46cae104ea244cef9d97500c41d610f,3,10,9,22,1,VIC,radare2,ICVul,CVE-2023-4322
580bdf2c5277f7e7ac328f2242f958d13685fc3c,58,10,21,89,18,VIC,radare2,ICVul,CVE-2022-28071
7743d5e8298b16d194c727ba58ab37c12605110e,18,0,2,20,1,VIC,radare2,ICVul,CVE-2022-28070
5edba216a478c4d3edce3ae5da58be53dcb317ca,2,2,32,36,8,VIC,radare2,ICVul,CVE-2023-4322
e5cdab6d20ac64f0f7fbb255bd4afc90bac5a048,141,1,63,205,10,VIC,radare2,ICVul,CVE-2020-15121
eba2a797be48a66927c6b2e8d53e4bf3daef9ce9,5,1,34,40,1,VIC,radare2,ICVul,CVE-2022-1809
459fc39f5b1af08805e7e114abf1f00e76cfbff9,61,18,19,98,6,VIC,radare2,ICVul,CVE-2023-0302
1fb422b532b192fd866f33fcc11f65f64c7da9e5,0,0,274,274,34,VIC,radare2,ICVul,CVE-2020-15121
b5ea0d76d07fc289b06d71547957530dac6e19a3,143,2,51,196,4,VIC,radare2,ICVul,CVE-2023-1605
62d8361862cc58034e2c1efd2184bd33007135b6,36,0,43,79,4,VIC,radare2,ICVul,CVE-2017-6197
435ecdef667e48226c28e18580bb27953bd45e4b,1,0,0,1,1,VIC,radare2,ICVul,CVE-2018-14017
1a3ffef8b4abaa5ca99a986fd059427e5213e27b,14,9,478,501,8,VIC,radare2,ICVul,CVE-2022-0519
61ccb4489037f85aa1011dab0580aa9e34cc7990,26,71,55,152,2,VIC,radare2,ICVul,CVE-2022-0519
5bb7e28ad4ab4f1e7f6cc29dbb4a509ed508f0b9,0,0,16,16,4,VIC,radare2,ICVul,CVE-2022-1031
66191f780863ea8c66ace4040d0d04a8842e8432,5,0,4,9,1,VFC,radare2,ICVul,CVE-2018-19842
ead0cee8265df7d019065b82d36284addbf05a75,0,6,3,9,2,VIC,radare2,ICVul,CVE-2022-1444
5f84e0953cd34172f4058d458048855d631f506d,11,29,132,172,1,VIC,radare2,ICVul,CVE-2022-0519
18ef89dfa0493b29467a8f221b39de03dc54a070,14,0,64,78,3,VIC,radare2,ICVul,CVE-2023-0302
30f4c7b52a4e2dc0d0b1bae487d90f5437c69d19,25,2,10,37,1,VFC,radare2,ICVul,CVE-2018-20458
91cb15a3e77750c7b905bb515e44188ff6e1678d,678,0,51,729,3,VIC,radare2,ICVul,CVE-2018-11375
e5bbaffbfe6d75b38be54e1ac026bcd220928523,3,2,78,83,27,VIC,radare2,ICVul,CVE-2022-1809
4a30d17266a4db59739943a5890125f1e47cca05,96,26,82,204,3,VIC,radare2,ICVul,CVE-2017-7946
52b1526443c1f433087928291d1c3d37a5600515,11,1,10,22,2,VIC,radare2,ICVul,CVE-2018-11378
cb8b683758edddae2d2f62e8e63a738c39f92683,0,0,1,1,1,VFC,radare2,ICVul,CVE-2020-27794
bbb4af56003c1afdad67af0c4339267ca38b1017,6,0,3,9,1,VFC,radare2,ICVul,CVE-2018-12322
d17a7bdf166108a29a27cd89bf454f9fa6c050d6,0,1,1,2,1,VFC,radare2,ICVul,CVE-2022-0522
e7816e4d6799440552ea5a5e952970168b31961d,95,13,235,343,16,VIC,radare2,ICVul,CVE-2022-1714
a1bc65c3db593530775823d6d7506a457ed95267,6,0,5,11,1,VFC,radare2,ICVul,CVE-2018-20461
62fe6eb85e9929af3c0043c4edc315c6881ac5bf,70,0,59,129,1,VIC,radare2,ICVul,CVE-2020-15121
1dd65336f0f0c351d6ea853efcf73cf9c0030862,4,0,3,7,1,VFC,radare2,ICVul,CVE-2022-1383
bd297f67887a6f7ba279956f642d23a3a458dad3,61,27,79,167,8,VIC,radare2,ICVul,CVE-2017-9520
00f1025b9ee38c6207787f4ca0d4098508716d14,55,20,10,85,11,VIC,radare2,ICVul,CVE-2023-4322
d31c4d3cbdbe01ea3ded16a584de94149ecd31d9,0,0,4,4,1,VFC,radare2,ICVul,CVE-2017-16358
0a557045476a2969c7079aec9eeb29d02f2809c6,7,0,3,10,1,VFC,radare2,ICVul,CVE-2022-1297
5c3cdb44d5bcde46cb868de020a74bad47c8f3da,5,1,5,11,1,VIC,radare2,ICVul,CVE-2018-11378
62e1edc01c57532edee9ffb9d82b75784d85218d,1069,186,1444,2699,44,VIC,radare2,ICVul,CVE-2020-15121
3bcca60853369eb05458bd033017512a7306c5c0,5,11,36,52,2,VIC,radare2,ICVul,CVE-2017-16805
6f53a6a69f0a4c7ba2b42d129136307fc44d5331,33,0,52,85,2,VIC,radare2,ICVul,CVE-2020-15121
7ab66cca5bbdf6cb2d69339ef4f513d95e532dbf,2,0,1,3,1,VFC,radare2,ICVul,CVE-2017-7274
70669bafc0cd5cd9b64739ce138fe2397989ee37,1,3,1,5,3,VIC,radare2,ICVul,CVE-2017-7946
96ca1d38152a50a3812ae9f94fc1ffe642955297,182,0,16,198,3,VIC,radare2,ICVul,CVE-2017-7946
46e29afb98428151133d28012a68504be389f1f2,237,42,63,342,16,VIC,radare2,ICVul,CVE-2020-15121
04edfa82c1f3fa2bc3621ccdad2f93bdbf00e4f9,213,130,128,471,9,VFC,radare2,ICVul,CVE-2020-15121
21fc4436e5aadbf6b9139343d7c4c92f7539ba55,0,0,2,2,1,VIC,radare2,ICVul,CVE-2020-15121
27fe8031782d3a06c3998eaa94354867864f9f1b,7,1,13,21,1,VFC,radare2,ICVul,CVE-2022-0476
114ad79b95d95c008efbd015da6fc659bcd830ea,57,2,32,91,4,VIC,radare2,ICVul,CVE-2018-20458
bc8f9fd5a8561382f5d8b1a44e7e0f0286107fcf,13,68,65,146,1,VIC,radare2,ICVul,CVE-2022-0695
796dd28aaa6b9fa76d99c42c4d5ff8b257cc2191,11,0,11,22,3,VIC,radare2,ICVul,CVE-2017-9763
48f0ea79f99174fb0a62cb2354e13496ce5b7c44,0,0,1,1,1,VFC,radare2,ICVul,CVE-2022-1382
dfcf6f745d87143b23c446b76fc6460c65a85370,170,4,53,227,12,VIC,radare2,ICVul,CVE-2018-11381
5f270658c53a99755256db40e2a41051007574f1,650,2,6,658,6,VIC,radare2,ICVul,CVE-2022-1437
653881eb3a625d04d75530886c0fe166d3455aef,33,19,51,103,10,VIC,radare2,ICVul,CVE-2020-15121
2740763886d3c7200967896f6597cd8dc57d998c,15,7,6,28,6,VIC,radare2,ICVul,CVE-2022-0519
c97d11b1f913c8c990a07867728fc3c1be7f0385,0,2,516,518,1,VIC,radare2,ICVul,CVE-2018-19843
f85bc674b2a2256a364fe796351bc1971e106005,4,0,4,8,2,VFC,radare2,ICVul,CVE-2017-9520
21288ac6ab571c0e30456a8db3d7acd8540e0629,0,17,15,32,1,VIC,radare2,ICVul,CVE-2018-11379
ecc44b6a2f18ee70ac133365de0e509d26d5e168,4,0,0,4,1,VFC,radare2,ICVul,CVE-2022-1452
78cb412a6d5541c4cc52f8f0798b2d6a0f5239b8,8,1,20,29,3,VIC,radare2,ICVul,CVE-2022-0519
71c148a92d505435150402b6a4e4b25e0d507bc9,24,46,35,105,6,VIC,radare2,ICVul,CVE-2018-20461
b4717e76a7b1ea45f7d35a12229b626bc50a897c,1472,4,128,1604,3,VIC,radare2,ICVul,CVE-2017-7854
36e557aa9619c1900e0fe62d9e7048475528ca1c,8,0,1,9,1,VIC,radare2,ICVul,CVE-2022-28073
dd739f5a45b3af3d1f65f00fe19af1dbfec7aea7,2,0,2,4,1,VFC,radare2,ICVul,CVE-2019-16718
806370290b4b10cb8954f9c72bb3105c3dd573b7,1,92,69,162,2,VIC,radare2,ICVul,CVE-2020-27794
af0a865d9f11ec80d7d7141d280f7c61622c3de1,333,215,514,1062,123,VIC,radare2,ICVul,CVE-2017-6197
1ea23bd6040441a21fbcfba69dce9a01af03f989,19,0,1,20,2,VFC,radare2,ICVul,CVE-2017-6197
508a6307045441defd1bef0999a1f7052097613f,2,0,4,6,1,VFC,radare2,ICVul,CVE-2023-1605
c814a9f67a410617e0b9713559c06831c478d74a,68,32,139,239,8,VIC,radare2,ICVul,CVE-2023-0302
d8420d4dca9c36ea1c74398c5de52337914c34de,36,6,22,64,7,VIC,radare2,ICVul,CVE-2023-4322
77c47cf873dd55b396da60baa2ca83bbd39e4add,1,0,1,2,1,VFC,radare2,ICVul,CVE-2018-11384
66f7403245c923c192019ef0219f67b9928b39da,819,476,553,1848,66,VIC,radare2,ICVul,CVE-2022-0695
feaa4e7f7399c51ee6f52deb84dc3f795b4035d6,2,0,1,3,1,VFC,radare2,ICVul,CVE-2022-0419
559c2cd25a5777e3eccc13d4a74db9701461c7a8,34,0,48,82,14,VIC,radare2,ICVul,CVE-2023-0302
a65bbfd32d8c0c0b40b4e2b12d19c81de3a86a2a,1069,0,116,1185,2,VIC,radare2,ICVul,CVE-2022-0676
cd8a4267c09cd1ce5d53cb681d41886db046dc9c,433,0,0,433,3,VIC,radare2,ICVul,CVE-2022-0559
6a0d90d2f50740822ba665c409febc412c4550af,3,0,1,4,1,VIC,radare2,ICVul,CVE-2020-15121
9d348bcc2c4bbd3805e7eec97b594be9febbdf9a,1,0,2,3,2,VFC,radare2,ICVul,CVE-2018-11383
c84b7232626badd075caf3ae29661b609164bac6,2,2,4,8,1,VFC,radare2,ICVul,CVE-2022-0676
611c3d175278e73c786ac7e8890bfaf25399854d,190,9,3,202,8,VIC,radare2,ICVul,CVE-2017-15931
5d440365af299ea270bb03921fd1edf5f3df6f25,0,4,5,9,1,VIC,radare2,ICVul,CVE-2017-7946
79b39bb54d840442dccea0ddaa11077edd4b8b99,2,0,2,4,1,VIC,radare2,ICVul,CVE-2022-0519
5d5a7fb6e308eb55c9909fab154d31f2eb2c91fe,719,492,53,1264,7,VIC,radare2,ICVul,CVE-2023-27114
d1e8ac62c6d978d4662f69116e30230d43033c92,11,1,40,52,1,VFC,radare2,ICVul,CVE-2017-7946
2b0009b858bac997cef9510993e888f3a048438d,729,0,0,729,7,VIC,radare2,ICVul,CVE-2022-1714
68001dc8f80f106521e8562edefa0a2c982c2c2c,431,0,0,431,4,VIC,radare2,ICVul,CVE-2022-0695
64a82e284dddabaeb549228380103b57dead32a6,4,4,0,8,1,VFC,radare2,ICVul,CVE-2022-1284
c9d5d00a551a33321aa7a6f2a27f55d4f82c695d,8,0,1,9,2,VIC,radare2,ICVul,CVE-2020-15121
961f0e723903011d4f54c2396e44efa91fcc74ce,33,1,22,56,6,VFC,radare2,ICVul,CVE-2023-0302
14a775f14f5eb074a48035cb5fd5dd72087d0e2f,145,0,47,192,5,VIC,radare2,ICVul,CVE-2019-16718
0b973e28166636e0ff1fad80baa0385c9c09c53a,0,0,2,2,1,VFC,radare2,ICVul,CVE-2017-16357
d917902b4e1232f6668c2d3e2929eaeb6c2a1a67,6,0,7,13,1,VIC,radare2,ICVul,CVE-2018-20461
cec1f3fa73e5caf0fee0571388a750334bdca38e,71,35,225,331,12,VIC,radare2,ICVul,CVE-2018-20458
564f63d9c328391a82cd28d4934b93174154890e,6,0,7,13,1,VIC,radare2,ICVul,CVE-2017-16357
72794dc3523bbd5bb370de3c5857cb736c387e18,5,0,2,7,1,VFC,radare2,ICVul,CVE-2017-6194
9db340a0a85d6233db61c1821c48b944e81a1688,0,1,14,15,4,VIC,radare2,ICVul,CVE-2017-7946
42caf90d323f988b0a9782c032689f48930652a8,20,0,374,394,13,VIC,radare2,ICVul,CVE-2023-4322
94b486cf3e3a231689407d9449408f171abe12f5,189,131,24,344,4,VIC,radare2,ICVul,CVE-2022-1809
09e20cd53d00a1497bf50349fe6eb812b4f54ac5,364,24,347,735,9,VIC,radare2,ICVul,CVE-2022-0676
3ecdbf8e21186a9c5a4d3cfa3b1e9fd27045340e,3,4,10,17,2,VFC,radare2,ICVul,CVE-2022-1714
84fc735501b514aba6fbcaee3454c4b35f153904,16,33,11,60,4,VIC,radare2,ICVul,CVE-2022-0849
8525ad0b9fd596f4b251bb3d7b114e6dc7ce1ee8,0,0,1,1,1,VFC,radare2,ICVul,CVE-2022-0520
b5cb90b28ec71fda3504da04e3cc94a362807f5e,6,0,3,9,2,VFC,radare2,ICVul,CVE-2022-0559
58cc69f0dd7871c3596834bba387f71d369effc3,42,43,39,124,8,VIC,radare2,ICVul,CVE-2023-4322
605785b65dd356d46d4487faa41dbf90943b8bc1,13,0,9,22,1,VFC,radare2,ICVul,CVE-2022-1207
59a9dfb60acf8b5c0312061cffd9693fc9526053,7,1,8,16,3,VFC,radare2,ICVul,CVE-2022-28073
c165361124cad03987156293af48fa5a9239588d,146,22,47,215,14,VIC,radare2,ICVul,CVE-2023-4322
5535d963994ad808d6e404dc2da29849bfe83507,29,16,17,62,3,VIC,radare2,ICVul,CVE-2022-1383
afeac9bdca26ed2d3ffa206f947059338ff88367,7,1,81,89,1,VIC,radare2,ICVul,CVE-2022-0519
32e494a6961bf56d8995f073df7a5ea61183aeee,27,19,381,427,15,VIC,radare2,ICVul,CVE-2020-15121
dff11411ccacacd167e7589f7a7840ef80712b60,20,97,233,350,23,VIC,radare2,ICVul,CVE-2017-9520
449e081db89748cdd434268cd654038c49ae84d6,36,89,108,233,11,VIC,radare2,ICVul,CVE-2022-0676
6eed2bbafbe8bcfbb68e991980143e5ddaebd1b1,16,0,0,16,1,VIC,radare2,ICVul,CVE-2020-15121
18d1d064bf599a255d55f09fca3104776fc34a67,3,0,1,4,1,VFC,radare2,ICVul,CVE-2022-1283
b3e55980a3b500c551b5b8f6172febc780e7f123,0,8,7,15,1,VIC,radare2,ICVul,CVE-2018-12321
cd8788f26d06d8643828024537b8abe2b702759f,81,124,101,306,3,VIC,redis,ICVul,CVE-2021-32675
bb75ecddfdcab4fb530bb9c78088e53b28687816,87,20,29,136,4,VIC,redis,ICVul,CVE-2021-32627
c3edaa79413bdf908abb56f088217c01f347ecff,59,0,2,61,2,VIC,redis,ICVul,CVE-2022-3647
bc7fe41e5857a0854d524e2a63a028e9394d2a5c,4,0,0,4,1,VFC,redis,ICVul,CVE-2023-28856
666ed7facf4524bf6d19b11b20faa2cf93fdf591,41,0,0,41,1,VFC,redis,ICVul,CVE-2021-32626
3c08fdae712e79cc7a678a2969c2ac15c5ff8865,0,6,12,18,5,VIC,redis,ICVul,CVE-2021-32627
8a531cedb01215e367d88b600bb9178ebb9eb4b2,1,0,2,3,1,VIC,redis,ICVul,CVE-2021-32675
dcbfcb916ca1a269b3feef86ee86835294758f84,19,0,4,23,1,VFC,redis,ICVul,CVE-2022-36021
0215324a66af949be39b34be2d55143232c1cb71,15,0,0,15,2,VFC,redis,ICVul,CVE-2021-32762
55c81f2cd3da82f9f570000875e006b9046ddef3,988,179,420,1587,11,VIC,redis,ICVul,CVE-2023-41053
f8a6132f1517a2d7520a11ed216d225e3e3fade5,3,0,8,11,1,VIC,redis,ICVul,CVE-2021-32675
f44b6a0e9ad867ee95479891b7546661b653bb78,19,0,4,23,1,VIC,redis,ICVul,CVE-2024-31228
9a914a632d38fff012d0fa7ee8469948e286c053,78,10,10,98,1,VIC,redis,ICVul,CVE-2022-35977
5e362b84ab8b769bf2738daea97b45a375d223f1,2287,219,134,2640,9,VIC,redis,ICVul,CVE-2021-32627
40eb548a80797b93cc733876654ff0978d7381cf,0,0,512,512,24,VIC,redis,ICVul,CVE-2021-32627
80586cb894da69a26f6ab52d6bad0e9e8fa8a6bd,4,0,6,10,1,VIC,redis,ICVul,CVE-2021-32627
6d34ff3645e97e4537ae9136ef4e015591142d01,2,0,2,4,1,VIC,redis,ICVul,CVE-2021-32627
c992857618db99776917f10bf4f2345a5fdc78b0,13,0,1,14,3,VIC,redis,ICVul,CVE-2021-41099
16f408b1a0121cacd44cbf8aee275d69dc627f02,10,0,2,12,2,VFC,redis,ICVul,CVE-2023-22458
ebd85e9a455df689c9be02a93354f580df4cafd8,292,7,307,606,8,VIC,redis,ICVul,CVE-2021-32627
2a2a582e7cd99ba3b531336b8bd41df2b566e619,0,0,5,5,3,VFC,redis,ICVul,CVE-2023-25155
4ae1bea323ffc62ebf78a41fef1e50e4f268f8e2,1,0,0,1,1,VIC,redis,ICVul,CVE-2021-31294
894eba07c8484c0f34b09d54a84e69314c37c427,94,8,63,165,17,VIC,redis,ICVul,CVE-2021-32627
4b0b28b4694067fef56d7bb9bd09efdaf02ca032,28,0,7,35,1,VIC,redis,ICVul,CVE-2021-32672
119813e96845d9e8b3e4eddd1a950372158c2229,27,0,33,60,1,VIC,redis,ICVul,CVE-2021-32627
b9a0500f16d0cd016398133cc7ac256ad927b679,628,0,20,648,7,VIC,redis,ICVul,CVE-2023-22458
3f1f02034ce674cad8268f958cf8c39944b240c6,10,0,2,12,2,VIC,redis,ICVul,CVE-2023-25155
6ac3c0b7abd35f37201ed2d6298ecef4ea1ae1dd,21,0,4,25,1,VFC,redis,ICVul,CVE-2021-32672
46f4ebbe842620f0976a36741a72482620aa4b48,10,0,1,11,1,VFC,redis,ICVul,CVE-2021-31294
68bf45fa1e77c7e2e3f3ab4a7894f9bc1a1da57b,9,12,47,68,5,VIC,redis,ICVul,CVE-2021-32627
48e0d4788434833b47892fe9f3d91be7687f25c9,0,2,1,3,1,VFC,redis,ICVul,CVE-2023-28425
0381931b4c6acbbd1cbbaa6814defaea9fd33847,0,0,2,2,1,VIC,redis,ICVul,CVE-2021-32627
6136a16bd1fe4a88ada02e31e597b805d8a86b55,8,0,48,56,1,VIC,redis,ICVul,CVE-2021-32687
f1017b3fb318d8524210ce4d599a0b083036dee9,2,72,38,112,3,VIC,redis,ICVul,CVE-2021-41099
97ba4e3886ab2458756d1c67bdc0eb94b85e57a3,2,6,28,36,3,VIC,redis,ICVul,CVE-2021-32627
7ee5a41aac7e5abc90d050fa509fa953ca7f1da1,10926,0,0,10926,44,VIC,redis,ICVul,CVE-2021-32762
5674b0057ff2903d43eaff802017eddf37c360f8,18,5,2,25,3,VFC,redis,ICVul,CVE-2021-32675
19b06935d59a39021330670776eb6b79002599c8,63,0,12,75,4,VIC,redis,ICVul,CVE-2021-32627
47579bdf5cccfbac1cf2b6e7e52218c5b9faed86,126,8,99,233,10,VIC,redis,ICVul,CVE-2021-31294
14ff572482cfe02c5ac61a1816cb8099d458e499,0,0,578,578,23,VIC,redis,ICVul,CVE-2021-32627
2fae0192e86c4222d8c735fda8a1f35164e1ca92,0,0,3,3,1,VIC,redis,ICVul,CVE-2021-32627
68bfe993c8aa0d43bb2a5cf02b5d325effb67b0c,29,0,0,29,3,VIC,redis,ICVul,CVE-2023-28856
2cd1ae736f7ace5d0620937e4783fd85e9ca7448,0,0,14,14,1,VIC,redis,ICVul,CVE-2021-32627
24811fcb1b824b4f0e115ce2713f89f85cd006b9,22,0,0,22,1,VIC,redis,ICVul,CVE-2022-3647
706b32e0e0a7dd20cc3f74501c1bfd74570b380c,18,0,15,33,3,VIC,redis,ICVul,CVE-2021-32627
9d2dc0249c5ef99586710d711e1381c4178aeb39,193,37,18,248,3,VIC,redis,ICVul,CVE-2021-32627
e8901b2fe489013b17e943d2721f961a50bda07c,4,0,10,14,2,VIC,redis,ICVul,CVE-2021-32627
0b4bb502a25fca129907c993c7570c872172461d,2,0,0,2,1,VIC,redis,ICVul,CVE-2021-32627
34ea2f4e1a7df2f1ae1404e7194c55b253323c87,1,0,2,3,2,VIC,redis,ICVul,CVE-2021-32675
48f4cfb6016ebc9cc08963305d316516ac84aa73,0,1,2,3,1,VIC,redis,ICVul,CVE-2021-32627
974514b936c7b7b970b03224963f05818c568c60,24,18,52,94,9,VIC,redis,ICVul,CVE-2023-28856
df26a0ae0b419124efad82df148b84c6c6164615,18,0,10,28,3,VIC,redis,ICVul,CVE-2021-32627
9317bf64659b33166a943ec03d5d9b954e86afb0,3,0,3,6,1,VFC,redis,ICVul,CVE-2024-31228
f2ad89a314a0be2ea50a598339ee903ec3f64b65,0,2,11,13,1,VIC,redis,ICVul,CVE-2021-32675
46f767aa19f2915cda124575958ea650ec28a12f,0,0,1,1,1,VIC,redis,ICVul,CVE-2023-45145
d4d208595c78d78196c926c55799bc81ae06f230,219,135,1,355,3,VIC,redis,ICVul,CVE-2022-3647
3fecb96122e35cb0c5809699c26eb093efda19e8,191,0,0,191,2,VIC,redis,ICVul,CVE-2024-31449
c8ca71d40bc51e255457cd4374dd45ec9ebf8ae1,2,0,0,2,1,VIC,redis,ICVul,CVE-2022-3647
4a7a4e42db8ff757cdf3f4a824f66426036034ef,0,0,1,1,1,VFC,redis,ICVul,CVE-2022-33105
1c247556c691bb61be65734be0670d50512f710c,62,37,126,225,5,VIC,redis,ICVul,CVE-2023-28856
c6ad876774f3cc11e32681ea02a2eead00f2c521,0,0,3,3,1,VFC,redis,ICVul,CVE-2021-41099
1333f98dd2ff2aae4e4c2a9a43d7b83a0b1af8aa,0,6,8,14,1,VIC,redis,ICVul,CVE-2022-35977
1f7c148be2cbacf7d50aa461c58b871e87cc5ed9,1,0,0,1,1,VFC,redis,ICVul,CVE-2024-31449
03345ddc7faf7af079485f2cbe5d17a1611cbce1,3,2,3,8,1,VFC,redis,ICVul,CVE-2023-45145
a30d367a71b7017581cf1ca104242a3c644dec0f,7,0,3,10,3,VFC,redis,ICVul,CVE-2021-32687
69ca9078684f66366c461092bdb46172c27b845d,94,0,1,95,2,VIC,redis,ICVul,CVE-2022-3647
bd068b15c25c96200a8288beb5d8bc5331059e33,6,0,1,7,2,VIC,redis,ICVul,CVE-2021-41099
6cbea7d29b5285692843bc1c351abba1a7ef326f,10,0,1,11,1,VFC,redis,ICVul,CVE-2021-31294
c2b5f1c15bbc5363f92f8e697538759c5d929934,52,0,2,54,1,VIC,redis,ICVul,CVE-2022-3647
d3d1fa9437314082b3e18dedd48c768e097a9d61,144,0,20,164,2,VIC,redis,ICVul,CVE-2021-32672
b351d5a3210e61cc3b22ba38a723d6da8f3c298a,0,0,1,1,1,VFC,redis,ICVul,CVE-2024-31227
ac086b1932eae5bc47c30c502c56e87b60525e10,67,0,1,68,2,VIC,redis,ICVul,CVE-2022-3647
554bd0e7bd81715e319cafda437ed2aebd44b6e9,0,0,619,619,29,VIC,redis,ICVul,CVE-2022-35977
115e3ff39e8cbf2f2e044fbd6c65c2e6602c537f,15,0,6,21,3,VIC,redis,ICVul,CVE-2021-31294
14c4ddb5a62a52e30ee169d36b516a78a410a5b4,13,5,35,53,2,VIC,redis,ICVul,CVE-2021-32675
b12d2f65d660b4139b322af90b6ef60ed267210b,10,7,3,20,1,VIC,redis,ICVul,CVE-2021-32627
a076e421e9ac3401b35557d259e8e59961ff29a0,25,0,1,26,1,VIC,redis,ICVul,CVE-2021-32626
90b717e72340081ee87f0b85b4ef00b2a5bd2bf2,105,22,90,217,4,VIC,redis,ICVul,CVE-2022-3647
abdd1414a896c407c23a8f4165cfd6f027cf2b60,493,4,895,1392,5,VIC,redis,ICVul,CVE-2021-32627
f6a40570fa63d5afdd596c78083d754081d80ae3,118,0,48,166,11,VFC,redis,ICVul,CVE-2021-32627
a7c5be18a81c120b4bdeb139072f27c899fe1a4d,99,59,207,365,10,VIC,redis,ICVul,CVE-2021-32627
d76aa96d1afa556b0adb74b901831cf13134cf1d,10,3,18,31,5,VIC,redis,ICVul,CVE-2023-45145
71aa9b75f2c4dd6faa20a4849ff732536bdfceab,0,0,8,8,3,VIC,redis,ICVul,CVE-2023-28856
85238765033e2fa89b1879383421d5a8aafff17f,10,0,3,13,5,VIC,redis,ICVul,CVE-2023-45145
9e505e6cd842338424e05883521ca1fb7d0f47f6,1,0,1,2,1,VFC,redis,ICVul,CVE-2023-41053
267f7f2c97540f6ca1f3db81833e630393933f04,0,0,1,1,1,VIC,redis,ICVul,CVE-2021-32627
1ec82e6e97e1db06a72ca505f9fbf6b981f31ef7,8,1,7,16,2,VFC,redis,ICVul,CVE-2022-35977
884ca601b21ec6ef4d216ae850c0cf503f762623,2,0,1,3,1,VIC,redis,ICVul,CVE-2023-28425
b1f181a7367a2329e37d96244ecaf65249a7171c,165,69,17,251,1,VIC,redis,ICVul,CVE-2021-32627
0bf90d944313919eb8e63d3588bf63a367f020a3,36,0,22,58,1,VFC,redis,ICVul,CVE-2022-3647
b6a2f15e25349145c5f0f4737d4f5ef1cd8b6ad2,597,268,451,1316,48,VIC,squid,ICVul,CVE-2023-49285
dc7bfd75163730fbcc0d2838f0ce87fe113f598c,8,0,7,15,1,VIC,squid,ICVul,CVE-2023-46728
3f0e38d60af2b79103a5d7ff8f93943f4ee2f7e0,41,13,19,73,11,VIC,squid,ICVul,CVE-2023-46728
4310f8b00dd574542dcec4208112bb89ef403528,770,461,515,1746,42,VIC,squid,ICVul,CVE-2023-46728
8617e90a501f5e383cc8ed0102d7dc9dbc1b1253,7,0,1,8,1,VIC,squid,ICVul,CVE-2023-46728
95dc7ff44bb6598cf09020f2ac9b66f0cb28f8e5,9,0,266,275,39,VIC,squid,ICVul,CVE-2023-46728
95d659f064bba7df32231dd15422b2855083ca3f,24,0,99,123,20,VIC,squid,ICVul,CVE-2023-46728
30a4f2a885dbb469498c0e805e1e8d42244788be,5137,757,2545,8439,37,VIC,squid,ICVul,CVE-2023-46728
3900307bea50f5c08706bd25b1fdc0e4b03f9265,23,51,351,425,31,VIC,squid,ICVul,CVE-2023-46728
56fa4cadbbb17eb8986b36f081f03e6ae766ab44,97,4,110,211,5,VIC,squid,ICVul,CVE-2023-46728
f5b8bbc4b7c508252313989e6d0a3f9ec4a6a079,1,23,798,822,49,VIC,squid,ICVul,CVE-2023-46728
4e3f4dc76d5d21fdc0a17c7f04b6e86ca3d1a382,22,23,45,90,22,VIC,squid,ICVul,CVE-2023-46728
5c2f68b760b3a732efc6aaacad2472758558bdd2,139,236,75,450,79,VIC,squid,ICVul,CVE-2023-46728
9ce629cfa6d335ff169a081ff29d7a869e854dbe,52,20,21,93,8,VIC,squid,ICVul,CVE-2023-46728
aee3523a768aff4d1e6c1195c4a401b4ef5688a0,0,0,4051,4051,444,VIC,squid,ICVul,CVE-2023-46728
77b3fb4df0f126784d5fd4967c28ed40eb8d521b,6,0,0,6,1,VFC,squid,ICVul,CVE-2023-49285
0ee4272be86c64bd8eedf6f662f63f61f8203e13,8,4,577,589,43,VIC,squid,ICVul,CVE-2023-46728
03c8a93e863f873b5d6ff45adb786db447cabcd6,0,0,1,1,1,VIC,squid,ICVul,CVE-2024-23638
8822ebee4947bcf883d74aa79a26e896449d0c36,4397,345,688,5430,106,VIC,squid,ICVul,CVE-2023-46728
6fe6313d9c8eab0a87cf8594f0cf11e0fd79d06b,66,1,35,102,4,VIC,squid,ICVul,CVE-2023-46728
2c5d57e059c6ac384a29e91157ad1e2689285436,0,34,4,38,3,VIC,squid,ICVul,CVE-2023-46728
2327e7c0fddaec48923a094e96c3147a86ada9b2,10,28,69,107,1,VIC,squid,ICVul,CVE-2023-46728
ced8def38409d2e3f76af4428a823678e46d24eb,10,80,331,421,130,VIC,squid,ICVul,CVE-2023-46728
bae917acf060ee38d25ae0e893b38e33368185da,85,0,7,92,9,VIC,squid,ICVul,CVE-2023-46728
528b2c611d71a201dc4ce640fbe4c3ca757e1257,4662,1098,1852,7612,261,VIC,squid,ICVul,CVE-2023-46728
9969d2a86131e2a350eced6677c5fc03ad16cb5b,14,26,13,53,1,VIC,squid,ICVul,CVE-2023-46728
98cacedb627d119bee7bfe89a1ae6cd7b53dfd75,131,242,73,446,137,VIC,squid,ICVul,CVE-2023-46728
d3caee79958007154751162f8178a1829f876408,10,0,13,23,7,VIC,squid,ICVul,CVE-2023-46728
e0d2850571389010de240b82172cae5ee78c9da4,243,296,619,1158,43,VIC,squid,ICVul,CVE-2023-46728
edce4d98cbc995233439cb4af45513edecb0550c,2638,1504,456,4598,13,VIC,squid,ICVul,CVE-2023-46728
09fb5b61c84d6609b43cdb5f364546faeac8f058,36,35,69,140,3,VIC,squid,ICVul,CVE-2023-46728
290ae202883ac28a48867079c2fb34c40efd382b,6,0,2,8,1,VFC,squid,ICVul,CVE-2024-23638
190154cf6d4d0cd99d468756980c8c6e325718a1,0,2,315,317,54,VIC,squid,ICVul,CVE-2023-46728
cc4566604bd88a830ad18d4b91439af6ae4c8611,54,64,1,119,1,VIC,squid,ICVul,CVE-2023-46728
2d70df7262cac3e29d34bed03b758695f5961b74,2023,30,77,2130,18,VIC,squid,ICVul,CVE-2020-11945
f56026633bdc79c0d5ad0f0c5eaa63c07eab5b94,0,8,20,28,5,VIC,squid,ICVul,CVE-2023-46728
2e4528cc0d1615757d4647c729b52e0c8be97b09,12,8,2,22,1,VIC,squid,ICVul,CVE-2023-49286
8a648e8d11c5191a8bc49238ec69e22f2b680b5d,0,6,518,524,89,VIC,squid,ICVul,CVE-2023-46728
d2b604ecafdc3cc6e2ad2b2b62c4befe0236ddaa,31,0,1,32,4,VIC,squid,ICVul,CVE-2023-46728
70a9dab4d5b7bac6d611641dddb1e88231634989,2,1,16,19,8,VIC,squid,ICVul,CVE-2023-46728
a928fdfda5ada32c76878b8ef3bde78c808a0bed,229,294,55,578,37,VIC,squid,ICVul,CVE-2023-46728
0a0bf5db5f8e64cac539b6bd1bd7941a397fd7e7,741,80,323,1144,21,VIC,squid,ICVul,CVE-2023-46728
53d02438c187bd55148d16ff9a3e2c4c112aea5b,0,0,4,4,1,VIC,squid,ICVul,CVE-2023-46728
1ee7b53a1c68ccb4fa7122204b17c03721cc7e79,2,0,0,2,1,VIC,squid,ICVul,CVE-2023-46728
df339671ac052db36e99540c63c7e042929d1005,13,0,43,56,5,VIC,squid,ICVul,CVE-2023-46728
5c51bffba7a4fba9ef7b39f381d991e4e02ee490,123,114,179,416,34,VIC,squid,ICVul,CVE-2023-46728
72a3bbd5e431597c3fdb56d752bc56b010ba3817,22,0,3,25,3,VFC,squid,ICVul,CVE-2024-25617
fc54b8d21cac0631578f3e382f68fa9e996210ae,1537,432,47,2016,157,VIC,squid,ICVul,CVE-2023-46728
6ea12e8fb590ac6959e9356a81aa3370576568c3,0,1087,2,1089,17,VFC,squid,ICVul,CVE-2023-46728
6cae5db192af26b1c74edba75df7dd902af72e04,5,69,32,106,8,VIC,squid,ICVul,CVE-2023-46728
abbd782505c760279a8bd86a45c6095428f10752,39,0,24,63,4,VIC,squid,ICVul,CVE-2023-46724
ee1679dfd12ffb98e1dad264fa530d2b0c513acb,142,10,82,234,13,VIC,squid,ICVul,CVE-2023-46728
abd8f1401c3ecc861256630aa8fd49f720cbadcd,37,3,28,68,9,VIC,squid,ICVul,CVE-2023-46728
10270faab2bc84e50cde13431a6e6d1932966e5f,13,0,31,44,4,VIC,squid,ICVul,CVE-2023-46728
2b6639175f09dbfda75a81ae495dd0e230f0c29a,199,409,116,724,14,VIC,squid,ICVul,CVE-2023-46728
d0bbf50ec0e45df6040d8f1d07da439eb8ec0087,0,0,2,2,1,VIC,squid,ICVul,CVE-2024-25617
e6ccf245f6ed6b3a56569453cfdceacae14d524d,1804,621,2966,5391,145,VIC,squid,ICVul,CVE-2023-46728
eeebf0f37a72a2de08348e85ae34b02c34e9a811,0,14,2,16,2,VFC,squid,ICVul,CVE-2020-11945
d7443679182a851d63fc2d3b8c5ded4840059efa,2,3,6,11,1,VIC,squid,ICVul,CVE-2023-46728
090089c4f7e3a6f2f6ea63a79139bbf79871f4e6,23429,0,0,23429,30,VIC,squid,ICVul,CVE-2023-46728
c1a2df00843344961d135eda01d6556b7243d5b0,5,49,0,54,3,VIC,squid,ICVul,CVE-2023-46728
b67e2c8c4da9890e0f3d27d501edf6a0c0fdf1c9,1890,248,797,2935,44,VIC,squid,ICVul,CVE-2023-46728
15576b6a58a24ed2705d6228d0fde8cfcef26cae,0,26,182,208,9,VIC,squid,ICVul,CVE-2023-46728
b8d8561b073368b1000afe7bc3758c967ea3a0ba,116,610,4911,5637,40,VIC,squid,ICVul,CVE-2023-46728
575d05c4d5e35faf31463d3c0d030c1c4629d105,10,8,66,84,14,VIC,squid,ICVul,CVE-2023-46728
7e6eabbc6976f939079e2abbbc52c2a98d65bd89,388,84,264,736,37,VIC,squid,ICVul,CVE-2023-46728
60745f24f0e78cb7e0c9e853263fa693ff1ae716,121,11,167,299,39,VIC,squid,ICVul,CVE-2023-46728
955394ce0309edaf9b94ffb8e0cfa7a87d38eb26,74,73,424,571,56,VIC,squid,ICVul,CVE-2023-46728
c2a7cefd2e76ef704cd3cd7cec6577f220d01bf6,216,185,283,684,32,VIC,squid,ICVul,CVE-2023-46728
bf95c10aa95bf8e56d9d8d1545cb5a3aafab0d2c,0,0,2742,2742,1492,VIC,squid,ICVul,CVE-2023-46728
70df76e30151bb5fd2070a275e2489ee6bdaaea9,32,24,7,63,7,VIC,squid,ICVul,CVE-2024-25617
ba3fe8d9bc8d35c4b04cecf30cfc7288c57e685c,181,5,11,197,14,VIC,squid,ICVul,CVE-2023-46728
88df846be1405a88271bb2d29bd33708438ddac8,92,0,5,97,20,VIC,squid,ICVul,CVE-2023-46728
3ebcfaa1e16090db69dc1384e693f2b277593439,8,117,13,138,6,VIC,squid,ICVul,CVE-2023-46728
b13bbe1cd57d8886a2610dc131eded0603725f19,253,0,0,253,1,VIC,squid,ICVul,CVE-2023-49286
d8c0128e0eee38cf70d964f20bd9509c9c7e1a6b,0,0,8,8,3,VIC,squid,ICVul,CVE-2023-46728
d816f28de8ba817a98a49f9cfd88ddaa334d7aad,0,8,325,333,119,VIC,squid,ICVul,CVE-2023-46728
733fba1cbc2b1917f05db716654bfd35a8317afa,0,0,6,6,1,VIC,squid,ICVul,CVE-2023-46728
770f051d964337ee75b5f4b04e011940f228bca4,0,30,30,60,6,VIC,squid,ICVul,CVE-2023-46728
5e2ea2b13bd98f53e29964ca26bb0d602a8a12b9,0,8,12,20,1,VIC,squid,ICVul,CVE-2023-46728
e57c1885a1099aa87337fe717b2cb6b5d54c6f2e,18,0,2,20,4,VIC,squid,ICVul,CVE-2023-46728
aec55359aaff7bc358d27c5b145d4a3801c26721,24,0,24,48,14,VIC,squid,ICVul,CVE-2023-46728
137ee196e3be76d5b96458b603e3d9aa78e314f1,144,68,165,377,30,VIC,squid,ICVul,CVE-2023-46728
9bc73deb181f454f4e5597c67c5b6b40fd4d0f58,579,69,488,1136,55,VIC,squid,ICVul,CVE-2023-46724
cf49df4bbd9050de47202fcdab3f693c5768f0a5,322,0,20,342,7,VIC,squid,ICVul,CVE-2023-49285
b70f864940225dfe69f9f653f948e787f99c3810,6,0,0,6,1,VFC,squid,ICVul,CVE-2023-46724
bed704f74f089ea0947008863721ab3784550eca,1,0,5,6,1,VIC,squid,ICVul,CVE-2023-49286
f205251390db049376f82ba0e0291d61773bd703,0,20,45,65,17,VIC,squid,ICVul,CVE-2023-46728
0c3d3f65531d4c9f8267118441fbd2bad9c85147,70,26,166,262,31,VIC,squid,ICVul,CVE-2023-46728
63df1d28185266da3587a1825296302c4555c8e4,19,31,170,220,49,VIC,squid,ICVul,CVE-2023-46728
44a47c6e26f4aff5bc67c04dbddac360027a9e1d,132,514,82,728,25,VIC,squid,ICVul,CVE-2023-46728
789217a2d102b1c99734afd7d48e4d4210ec009d,28,0,832,860,74,VIC,squid,ICVul,CVE-2023-46728
e02369182f073da2147fc3ff090249929492ba87,0,0,506,506,108,VIC,squid,ICVul,CVE-2023-46728
39a19cb77dd290852f7ebeef8ce8e2143101a3e8,0,0,36,36,7,VIC,squid,ICVul,CVE-2023-46728
deee944f9a12c9fd399ce52f3e2526bb573a9470,6,0,0,6,1,VFC,squid,ICVul,CVE-2023-49285
ab2ecb0ef760ba76471199c3f1b234ea6545659b,11,0,0,11,2,VIC,squid,ICVul,CVE-2023-46728
ba718c8f6f578a2215f37e98d8a1e622c44a2cf2,77,72,84,233,6,VIC,squid,ICVul,CVE-2023-46728
7592589a5851ba558408f9c1358da42bbc220e05,0,33,37,70,1,VIC,squid,ICVul,CVE-2023-46728
6014c6648a2a54a4ecb7f952ea1163e0798f9264,21,1,5,27,1,VFC,squid,ICVul,CVE-2023-49286
c84072955413d01892a9ef72f44c676609850825,25,40,282,347,49,VIC,squid,ICVul,CVE-2023-46728
a38ec4b1162f628a88c6b2da95a75b07e51a8414,68,0,88,156,21,VIC,squid,ICVul,CVE-2023-46728
8b082ed9588fecd8ef3977d2c3c9b519ef5f1079,261,99,305,665,157,VIC,squid,ICVul,CVE-2023-46728
2b6b1bcb8650095c99a1916f5964305484af7ef0,595,178,389,1162,58,VIC,squid,ICVul,CVE-2023-46728
26ac04309f51d4be5c9fa41ea3da88688024d9db,171,998,23238,24407,695,VIC,squid,ICVul,CVE-2023-46728
86ed3fd2c950bcd9693dd476de0052ba5d6f0181,11,0,15,26,2,VIC,squid,ICVul,CVE-2023-49286
b6b6f46632f4820a1a473fd51f38040945880fe7,268,293,392,953,18,VIC,squid,ICVul,CVE-2023-46728
0477a0720841098ff1fa396e80b6259d827e437c,56,180,87,323,6,VIC,squid,ICVul,CVE-2023-46728
ec41b64c28a8c383c4129a9b31462c6471e2df04,428,361,70,859,26,VIC,squid,ICVul,CVE-2023-46728
079a84803cb4d685fbe1997dbe4c9259766741d2,48,2,14,64,5,VIC,squid,ICVul,CVE-2024-25617
41bd17a47f74cefe841f7025291b655eeead07f4,71,1,2,74,1,VIC,squid,ICVul,CVE-2023-46728
bfcaf585362143aa0255692766642768d029d9c4,73,45,27,145,6,VIC,squid,ICVul,CVE-2023-46728
1f771fedfcbf32cddeb83fe51bb698c8c0d7b4bc,8,0,0,8,1,VIC,squid,ICVul,CVE-2024-25617
e92e4e445bc84a5c4d599a1cac1f867bd148a525,54,23,23,100,15,VIC,squid,ICVul,CVE-2023-46728
21cd322727eaea02c573b2f5727e2e6ee6aba614,35,32,29,96,5,VIC,squid,ICVul,CVE-2024-23638
c78aa6676200e65af26fbb832b15baf51fe22551,10,0,82,92,2,VIC,squid,ICVul,CVE-2020-11945
a0864754aa8911e1d9caffaf0d290fbc023dd86e,34,18,64,116,18,VIC,squid,ICVul,CVE-2023-46728
41462d93009fd23769224fe75e6c9092c113c7aa,336,273,59,668,12,VIC,squid,ICVul,CVE-2023-46728
eb7d6bd6cbfc077ca677fa41253a29a1f1f9c6fb,26,3,15,44,1,VIC,squid,ICVul,CVE-2023-46728
582b645678b879c12ec52bebe25ef807dc64de06,19,26,303,348,18,VIC,squid,ICVul,CVE-2023-46728
c4b7a5a9a9712f84f4203155840609cf4a67103f,1040,312,547,1899,24,VIC,squid,ICVul,CVE-2023-46728
f2491587f7f59f7d5a6b2897bef1224e111bfd4b,5,0,0,5,1,VIC,squid,ICVul,CVE-2023-46728
f411fe7d75197852f0e5ee85027a06d58dd8df4c,0,0,1,1,1,VFC,squid,ICVul,CVE-2024-37894
51b5dcf59c93ef76fefacfeae837b076a624596e,82,79,182,343,29,VIC,squid,ICVul,CVE-2023-46728
5229395c1e3538c6f06bed5e93112e21a22e0d53,58,53,219,330,15,VIC,squid,ICVul,CVE-2023-46728
129fe2a1bdbdd0db66964797e04c390edafeaa76,78,28,17,123,17,VIC,squid,ICVul,CVE-2023-46728
8d77a37c11e162e67396629434c1f754da92912c,34,21,104,159,17,VIC,squid,ICVul,CVE-2023-46728
5f47a66000ea6cb181f93ec6eec42d947fb45006,3,2,37,42,8,VIC,src,ICVul,CVE-2023-38408
1e8bbe726a0fe70350e16a348ad5a5e88bb6a036,90,0,10,100,1,VIC,src,ICVul,CVE-2023-38408
9ab39fd2c7c05542829f6b5f73403a1b7a7dc660,119,0,16,135,2,VIC,src,ICVul,CVE-2021-46880
2343b1c662ac74b90e89d8c7513dab6f86f50818,16,2,84,102,1,VIC,src,ICVul,CVE-2023-52558
142cfc82b932bc211218fbd7bdda8c7ce83f19df,130,45,53,228,3,VFC,src,ICVul,CVE-2017-5850
f8f5a6b003981bb824329dc987d101977beda7ca,37,0,6,43,4,VFC,src,ICVul,CVE-2023-38408
6cf343156dba058ea7a1988fcc62f6bc493da6a1,3,0,2,5,1,VIC,src,ICVul,CVE-2021-46880
a022a94d67704bd91d31f30beb9f5e4c1b748614,21,1,7,29,1,VIC,src,ICVul,CVE-2018-15473
9476ce1dd37d3c3218d5640b74c34c65e5f4efe5,27,0,8,35,1,VFC,src,ICVul,CVE-2016-10009
ea2d82896aadc5516ed8ed1ff9a4ef9408d5e35e,229,2982,1451,4662,41,VIC,src,ICVul,CVE-2016-10011
3f851282810fa0ab4b90b3b1ecec2e8717ef16f8,41,0,50,91,3,VFC,src,ICVul,CVE-2021-46880
f71627ffe0dd05f2b358398691b7fa0aad8b8deb,1,0,26,27,4,VIC,src,ICVul,CVE-2016-10012
a757ebd48f38726c3dd54f61ece1dcdf96d7e65b,0,0,156,156,5,VIC,src,ICVul,CVE-2016-10012
41503faf624b2f2cfce8a6beac1143f97e77ddbd,2521,51,92,2664,12,VIC,src,ICVul,CVE-2016-10009
1216dad0f228017a84e8840173f0fdeeea676a65,2,0,5,7,2,VIC,src,ICVul,CVE-2016-10012
b24e4443a133b5bb32af0c8a62d1a78ce5df2085,88,0,20,108,9,VIC,src,ICVul,CVE-2016-10012
84959968510b547c35dddcbd0b9dcce9f25fdf8f,23249,0,0,23249,75,VIC,src,ICVul,CVE-2016-10012
416ca8d0db1853e0772e35b80f4c58f29e984e7a,1,0,3,4,1,VIC,src,ICVul,CVE-2016-10012
cc81b7c6f67d5cabbb19cc962bd15a6b2c39d383,371,59,153,583,14,VIC,src,ICVul,CVE-2020-7247
c17c02ed8368874ce985a0767a1144649e8776e7,199,35,113,347,1,VIC,src,ICVul,CVE-2023-40216
a949f56899089e51db1f76b5ae1c7eb72b984cf7,124,101,89,314,1,VIC,src,ICVul,CVE-2017-15906
d095297bfe8368a985f255be0554186be47beede,7,0,8,15,1,VIC,src,ICVul,CVE-2021-46880
d185c47447deef6a323709208acb4ed828b9dee6,721,1,121,843,8,VIC,src,ICVul,CVE-2016-10012
b77df7f794a7732fc6ef73dfc9caee1c0f1bb159,5,0,10,15,1,VIC,src,ICVul,CVE-2021-46880
0c23d0017e21171a8b288b32ed15018ecd360fed,3,0,1,4,1,VIC,src,ICVul,CVE-2023-52556
ac8147a06ed2e2403fb6b9a0c03e618a9333c0e9,12,0,2,14,1,VFC,src,ICVul,CVE-2016-10011
a6981567e8e215acc1ef690c8dbb30f2d9b00a19,0,0,3,3,1,VFC,src,ICVul,CVE-2017-15906
3095060f479b86288e31c79ecbc5131a66bcd2f9,0,570,17,587,12,VFC,src,ICVul,CVE-2016-10012
b3ddde2409e336f47446012668cfc1174c0518a2,5,0,49,54,1,VIC,src,ICVul,CVE-2018-15473
adb747051e789ed1c1996b5c86eb2c191a6005ac,165,102,52,319,3,VIC,src,ICVul,CVE-2020-16088
848fbcd4327d797ec2d70eb26e6daab8bb644280,2530,0,0,2530,4,VIC,src,ICVul,CVE-2016-10012
23258cfe8640d32e46ab979c9c6e544a64e910e1,1245,33,33,1311,10,VIC,src,ICVul,CVE-2021-46880
1e2ba4e8f158d5fea57821807d6a0a7defba2133,0,1,3,4,1,VIC,src,ICVul,CVE-2021-46880
9dcfda045474d8903224d175907bfc29761dcb45,0,2,14,16,1,VFC,src,ICVul,CVE-2020-7247
f035d8b176d3bf6583027e90387021d1815ed61a,7,1,1,9,1,VIC,src,ICVul,CVE-2017-5850
c7df2034aaf4f8f175b240c55cb04ff3881522c3,0,5,3,8,1,VIC,src,ICVul,CVE-2016-10012
c34ca56afa1bd9498ef45e64d4219507240a3123,665,482,2,1149,7,VIC,src,ICVul,CVE-2018-15473
5fa306603cfe06df7913bc9bd39a0da1d26eb1a4,120,23,21,164,4,VIC,src,ICVul,CVE-2017-5850
c76fac666ea038753294f2ac94d310f8adece9ce,2,0,3,5,1,VFC,src,ICVul,CVE-2016-10010
abf3a29384c582c807a621e7fc6e7c68d0cafe9b,0,1,5,6,1,VFC,src,ICVul,CVE-2023-52557
8eeb9388d919baa54f93ffd353c022bd9bbc6d57,1477,821,1055,3353,27,VIC,src,ICVul,CVE-2016-10012
0d40fefd5c44016278e5af8155da9b06ebdf4527,4,135,965,1104,82,VIC,src,ICVul,CVE-2016-10012
f03a4faa55c4ce0818324701dadbf91988d7351d,0,2,3,5,1,VFC,src,ICVul,CVE-2023-38408
937cb7bed4ac9daf722d6d8d6297d3b213b7956f,393,0,0,393,2,VIC,src,ICVul,CVE-2016-10012
35751c747c9f1e1c8a27869d6c2516a9a1b31ef9,10,0,106,116,4,VIC,src,ICVul,CVE-2023-52556
26fed91c86713421f363731e09c158f66e3da100,0,0,86,86,4,VIC,src,ICVul,CVE-2016-10012
eb65e1146c37aa501112a2e35c34fd8b5ac75a50,7,0,2,9,1,VIC,src,ICVul,CVE-2016-10012
0bca08f1a3d70cfdf1dd7e539038f3573e36bfa5,0,0,2,2,1,VIC,src,ICVul,CVE-2016-10009
87f0df622813793b298605b5adefeca6cb1f8453,23,0,3,26,3,VIC,src,ICVul,CVE-2016-10012
d24f6b1ee32aebb1a8ac74ce07c0b86a2f00a39d,40,13,14,67,5,VIC,src,ICVul,CVE-2017-5850
bba1ec4c1e326f67b2ff84f542d993f520876a57,11,0,10,21,4,VIC,src,ICVul,CVE-2016-10010
2ff6bdae5d70e396ecaeb25c121cb59652ab2834,7,0,8,15,1,VIC,src,ICVul,CVE-2016-10009
4f94258c65a918ee3d8670e93916d15bf879e6ec,9,5,3,17,1,VFC,src,ICVul,CVE-2022-48437
586f497399661af37d7e26af5baa28a1c3e43834,3,5,1,9,1,VIC,src,ICVul,CVE-2017-5850
345431b5cb528a4ba29ef930fa8b7784131ff6cc,542,0,235,777,7,VIC,src,ICVul,CVE-2023-40216
79a034b4aed29e965f45a13409268290c9910043,5,0,2,7,1,VFC,src,ICVul,CVE-2020-35679
e33556fab3f0f9019681680f38b7feac1267cb61,0,0,7,7,2,VIC,src,ICVul,CVE-2023-52558
7afb2d41c6d373cf965285840b85c45011357115,0,0,2,2,1,VFC,src,ICVul,CVE-2020-16088
954e7aee8c98e210071a1d5223badb82a609e3ca,5,0,11,16,1,VIC,src,ICVul,CVE-2018-15473
299c4efe12e77bae73d606814f8d26caf2899d5e,1600,878,1054,3532,65,VIC,src,ICVul,CVE-2020-7247
8d2344901a6e2dd135f9377f4ac507dcfc11bec7,1,0,2,3,1,VIC,src,ICVul,CVE-2021-46880
50d00e96bc96f8a875298475813359b5b9c21869,39,3,109,151,5,VIC,src,ICVul,CVE-2018-15473
89ae9cb0e3f28a4dd8735bd4d06dcc3f8a5b9291,41,2,14,57,3,VIC,src,ICVul,CVE-2021-46880
eb24aab1704c8963c480a62ce5b6e6a97a69f9bc,16,4,5,25,3,VIC,src,ICVul,CVE-2023-27567
7b4d35e0a60ba1dd4daf4b1c2932020a22463a89,0,4,4,8,1,VFC,src,ICVul,CVE-2023-52558
98c57f17f728e01152587a03b2de2f95dde5b57c,0,0,4,4,1,VIC,src,ICVul,CVE-2023-38408
779974d35b4859c07bc3cb8a12c74b43b0a7d1e0,22,13,6,41,3,VFC,src,ICVul,CVE-2018-15473
6c3220444ed06b5796dedfd53a0f4becd903c0d1,0,5,1,6,1,VFC,src,ICVul,CVE-2020-35680
ed8fdce754a5d8d14c09e989d8877707bd43906f,5,0,3,8,2,VFC,src,ICVul,CVE-2019-8460
77b1f4eee8a777a925d2732966b0ac0288890909,11060,3452,68,14580,40,VIC,src,ICVul,CVE-2023-40216
81c7fb0adb33e956575c319a213f2778391b72ca,18,0,6,24,4,VIC,src,ICVul,CVE-2020-35679
2a4742cd0d0bc37e76fdc8c0fedb0175de153595,35,49,21,105,1,VIC,src,ICVul,CVE-2016-10012
607956cbff2fc0078a6e5d38f8d8af5d04abf1e5,4,0,599,603,2,VIC,src,ICVul,CVE-2023-52556
ec69ed85b6c3d9871c3c8f58bd36115bbb9947b9,478,25,191,694,7,VIC,src,ICVul,CVE-2020-35680
b86449360131e7cf5619594bfd0c5744b09b604f,292,0,19,311,2,VIC,src,ICVul,CVE-2022-48437
77045ccdced86b8ec34e186cb085744a7ddc3580,487,0,0,487,3,VIC,src,ICVul,CVE-2023-38408
b0faf28ca8728778206d10bc1861222f488dd6d8,273,0,9,282,2,VIC,src,ICVul,CVE-2017-5850
4239b8225fa4f64aecb5a0fe486abd01f9e64ae2,5,2,58,65,19,VIC,src,ICVul,CVE-2016-10012
6d7b51df36c7f38980da072508af3ce7e384407d,0,0,3,3,1,VIC,src,ICVul,CVE-2016-10009
65c4fdfb191d71397916aa47945cd4102c6e0b0f,13128,1928,5217,20273,74,VIC,src,ICVul,CVE-2020-7247
149753fca45ddd8f3e937cb5047e92f0bce2ba2d,1,0,33,34,13,VIC,src,ICVul,CVE-2016-10012
bc1c87a7c8c9b46447fbae5b35f862eefa604955,63,1,23,87,6,VIC,src,ICVul,CVE-2016-10009
081d937ad292a9da721432080933035ac929585c,24,25,22,71,10,VIC,src,ICVul,CVE-2016-10012
1a839ca773ce45cd0bd04a45ee6d85eb89c262d8,18,15,103,136,4,VIC,src,ICVul,CVE-2023-52556
7bc29a9d5cd697290aa056e94ecee6253d3425f8,19,0,2,21,1,VFC,src,ICVul,CVE-2023-38408
9d9f4dc6c833cb79d13f836581e3a781d06842e7,13,0,22,35,1,VFC,src,ICVul,CVE-2023-52556
9d3f688f46eba347e96ff0ae9506ef2061622e0c,2,8,14,24,2,VFC,src,ICVul,CVE-2023-40216
1b1c1c1b20ef1c59a78e468bc641712dfb0f23b2,1,4,7,12,2,VIC,src,ICVul,CVE-2016-10012
0a543725ccdd2a01669122ce79bb67e66ede77f2,6,0,3,9,2,VFC,src,ICVul,CVE-2023-27567
a235c622d23d90b8e980b596b7c7cad794058eee,68,1,11,80,2,VIC,src,ICVul,CVE-2021-46880
00984f4cafffedd38806aacd3bb1b55b59d3adcc,5,0,8,13,1,VIC,src,ICVul,CVE-2016-10012
0fbf3537195de5c8bc34ec4e301ea41ad183a5e0,36972,0,0,36972,98,VIC,src,ICVul,CVE-2023-52557
f3fad8caa3871fc72481a6b658552ac7ffde2f7e,0,1,9,10,1,VIC,src,ICVul,CVE-2020-7247
ab02ab9eadd91993e00ccc4913abe230918c8531,1316,0,0,1316,4,VIC,suricata,ICVul,CVE-2024-23839
1c63d3905852f746ccde7e2585600b2199cefb4b,1,0,1,2,1,VFC,suricata,ICVul,CVE-2019-18792
70b32f73800868508ebb703d98a52ca6eb4e2b2b,1595,35,220,1850,38,VIC,suricata,ICVul,CVE-2024-23836
d8433c72558ce7772da4e18a9bc9b4cc016b4eb7,593,0,495,1088,6,VIC,suricata,ICVul,CVE-2019-18625
56b74c8b5ba4c238ac9da6485fe293078ca71cda,176,6,31,213,4,VIC,suricata,ICVul,CVE-2024-23836
dc7a991bfb771545c2bcaf601531f534fdfabb87,14,0,3,17,1,VIC,suricata,ICVul,CVE-2024-23836
c44f4c13fcf7cfd3afa92503a547a035e190d522,3,163,1784,1950,3,VIC,suricata,ICVul,CVE-2019-18625
d5ffecf11ad2c6fe89265e518f5d7443caf26ba4,4,0,1,5,1,VFC,suricata,ICVul,CVE-2024-32664
896b61452c99b01cbcd7215d3732804431c93796,10,0,2,12,1,VIC,suricata,ICVul,CVE-2024-23836
bab4b623762b5eb562fcda2abaa5ffa9f946f0c3,15108,0,0,15108,120,VIC,suricata,ICVul,CVE-2021-45098
b9579fbe7dd408200ef03cbe20efddb624b73885,17,6,4,27,1,VFC,suricata,ICVul,CVE-2017-15377
f23399d6724bbbe8c9f8d66a6241bc9ba118e09e,3,1,171,175,12,VIC,suricata,ICVul,CVE-2023-35853
d99cbc5e0b0af692e413793fd3d678367c74ad77,2,0,0,2,1,VIC,suricata,ICVul,CVE-2024-23839
61a6eaf3307f60f3e856fcbbe72aba0b56c9bb79,6,0,3,9,2,VIC,suricata,ICVul,CVE-2024-23836
e6267758ed5da27f804f0c1c07f9423bdf4d72b8,112,0,2,114,1,VFC,suricata,ICVul,CVE-2024-32867
579d7dcc01ac0fa0d8e760765794d88b3a6ad283,240,0,0,240,9,VIC,suricata,ICVul,CVE-2024-23835
aab7f35c76721df19403a7c0c0025feae12f3b6b,0,0,1,1,1,VFC,suricata,ICVul,CVE-2024-37151
aee1523b4591430ebed1ded0bb95508e6717a335,30,0,2,32,3,VIC,suricata,ICVul,CVE-2023-35852
447c1042f476cb01d1020da47de4a33db113ebcb,18,0,5,23,1,VIC,suricata,ICVul,CVE-2024-23836
cd731fcaf42e5f7078c9be643bfa0cee2ad53e8f,62,0,26,88,1,VFC,suricata,ICVul,CVE-2024-23839
cf37faff3175ca5d75456a13d9122170b19179a6,2,1,21,24,1,VIC,suricata,ICVul,CVE-2021-45098
414f97c6695c5a2e1d378a36a6f50d7288767634,374,50,236,660,1,VIC,suricata,ICVul,CVE-2024-32867
9f0294fadca3dcc18c919424242a41e01f3e8318,37,0,0,37,1,VFC,suricata,ICVul,CVE-2019-18625
7011bddf846b1f64a8495573e7e25b51efb23c2e,37,7,0,44,4,VIC,suricata,ICVul,CVE-2024-23836
f9de1cca6182e571f1c02387dca6e695e55608af,20,0,4,24,2,VIC,suricata,ICVul,CVE-2024-23836
469735118876b2eaec1d4efe5a7af9cf3b1a23cc,46,0,4,50,2,VIC,suricata,ICVul,CVE-2024-23836
9094eb47839e75ea8208cdb0d732c2d50937463c,9,0,2,11,3,VIC,suricata,ICVul,CVE-2019-18792
e82416a415407a45d2a9c31f9a8eaf4bcdbb3e31,673,44,72,789,10,VIC,suricata,ICVul,CVE-2024-23836
e3e55406a738059feff2abf0ac3ec49deb19ce16,37,6,110,153,13,VIC,suricata,ICVul,CVE-2024-23836
bbc9874b817fcdfda4fac71e806bc4c077ba001e,11,0,0,11,1,VIC,suricata,ICVul,CVE-2024-23836
0fd9b0c4fac90cb58d6bb64bf4868b6e2a676a62,9,22,4,35,2,VIC,suricata,ICVul,CVE-2024-23836
94fe0d5fa2f693b533801b43c81c2705352708d7,14,0,0,14,2,VIC,suricata,ICVul,CVE-2021-45098
9308a6c7a8ef172eec225f478dd0337dbb49dbe9,5,0,0,5,1,VIC,suricata,ICVul,CVE-2024-32664
d4d18e3136780b776ae13da76caeddf8c5bd4f70,512,910,1179,2601,62,VIC,suricata,ICVul,CVE-2024-23836
5c43db85cee0c74ef13863d022214729d50a0f09,729,86,14,829,12,VIC,suricata,ICVul,CVE-2019-18792
5dbedbfa5bacf8a02459b2389596b63ec7822aa0,15,0,0,15,2,VIC,suricata,ICVul,CVE-2024-23836
79499e4769799e6b4426cace062471a807d64d49,496,537,535,1568,42,VIC,suricata,ICVul,CVE-2024-23836
dfff228f75d8b657cb75044b421c35a5a5937f38,16,0,0,16,1,VIC,suricata,ICVul,CVE-2021-45098
311002baf288a225f62cf18a90c5fdd294447379,4,0,1,5,1,VFC,suricata,ICVul,CVE-2024-32664
8f1d75039a1378aed62c3d27578a954c0a4ccce6,2497,0,2497,4994,230,VIC,suricata,ICVul,CVE-2023-35853
fa692df37a796c3330c81988d15ef1a219afc006,1,0,1,2,1,VFC,suricata,ICVul,CVE-2019-18792
2a2120ecf10c5b5713ec2bf59469fe57f7b5b747,11,0,5,16,2,VIC,suricata,ICVul,CVE-2024-23836
50e2b973eeec7172991bf8f544ab06fb782b97df,42,1,0,43,3,VFC,suricata,ICVul,CVE-2021-45098
6e18ed0489c7d0026210b323fdb740ec900e07c2,920,0,38,958,13,VIC,suricata,ICVul,CVE-2023-35853
35f1f7e8d944a364b6ba69e3acd96b4b1c8cba63,614,6,46,666,19,VIC,suricata,ICVul,CVE-2017-15377
8f8581bedaeea9467fd6adfcfd4354b57c71f25b,40,0,2,42,2,VIC,suricata,ICVul,CVE-2021-45098
97d49d8f5ea1ff516ff95b64593dd20197529ea9,1362,3,13,1378,10,VIC,suricata,ICVul,CVE-2024-23836
d2765511ce8f66256fa044b1aab6ddd363a57c54,762,63,54,879,3,VIC,suricata,ICVul,CVE-2019-18792
e7e28822f473320658d6125f16ac3f0524baff01,16,0,0,16,1,VFC,suricata,ICVul,CVE-2024-23836
5b2761977871a94d559a9ba3b026593bb1ffd68b,345,8,126,479,5,VIC,suricata,ICVul,CVE-2024-32664
97953998d2d60673ed6c30ddfb6a2d59b4230f97,10,0,8,18,3,VFC,suricata,ICVul,CVE-2024-23836
8efaebe293e2a74c8e323fa85a6f5fadf82801bc,4,0,0,4,1,VFC,suricata,ICVul,CVE-2024-23836
c3b4dd5a7d742ddf0ce051466f96e6fb09b6d4da,19,8,8,35,8,VIC,suricata,ICVul,CVE-2024-23836
d209699a4119774a99baf73d157bed97014fb4a6,51,50,20,121,2,VIC,suricata,ICVul,CVE-2024-23836
c9c23d5cda94275f1459270f181a784b901fa985,21,0,0,21,2,VIC,suricata,ICVul,CVE-2024-23836
a458a94dca27e33dd9b4a629ef0a39b6ea41fb39,162,2213,133,2508,5,VIC,suricata,ICVul,CVE-2024-38534
f26d6eaf989368f4b5c1884a491df08a112899f6,0,0,3,3,2,VIC,suricata,ICVul,CVE-2024-32663
83c5567ea7b0b28376f57dcfee9c6301448c7bc7,6,17,9,32,2,VFC,suricata,ICVul,CVE-2024-23836
c2dc6867425ec5abb964e1625f7dfaa6fcce3d1b,4372,3,42,4417,17,VIC,suricata,ICVul,CVE-2024-23836
62d782156caddec0b4ca795d7236c6483d02efff,5,0,0,5,1,VIC,suricata,ICVul,CVE-2024-32664
1422b18a996e76aa67c08cf2c67b0b9b84d9c1b7,1485,0,3,1488,21,VIC,suricata,ICVul,CVE-2024-23836
a04b5566a62d9d6967587f83dfaca89b5c33eb66,18,0,0,18,2,VIC,suricata,ICVul,CVE-2024-23836
18841a58da71e735ddf4e52cbfa6989755ecbeb7,9,0,7,16,2,VFC,suricata,ICVul,CVE-2024-23836
1e110d0a71db46571040b937e17a4bc9f91d6de9,373,0,7,380,1,VIC,suricata,ICVul,CVE-2024-32867
cd035d59e3df157b606f4fe67324ea8e437be786,6,17,9,32,2,VFC,suricata,ICVul,CVE-2024-23836
e07a4393a9dc07d199a04540d0b54119ee95a2a5,2,0,2,4,1,VIC,suricata,ICVul,CVE-2024-23836
2eebad50cdfa4682ae100d9576357fa356239ae0,349,8,125,482,5,VIC,suricata,ICVul,CVE-2024-32664
210eede03389c158c5caec4d57c22c0604e0c8a8,1,0,18,19,1,VIC,suricata,ICVul,CVE-2017-15377
eb2a5587fbbd837961818bf1b309b2eaf8a03592,18,0,0,18,2,VIC,suricata,ICVul,CVE-2024-23836
317376f59d4723a7a2557f7395c354c6bf011a46,2293,0,1,2294,20,VIC,suricata,ICVul,CVE-2023-35852
8ae11f73b21c9aa952c43aecd4aed9c8022baefb,0,0,173,173,60,VIC,suricata,ICVul,CVE-2017-15377
b95bbcc66db526ffcc880eb439dbe8abc87a81da,12,0,1,13,1,VFC,suricata,ICVul,CVE-2023-35853
d13bd2ae217a6d2ceb347f74d27cbfcd37b9bda9,112,0,2,114,1,VFC,suricata,ICVul,CVE-2024-32867
ff784075a2ed8253135dd84092160cfcbb355f3b,39,0,0,39,2,VIC,suricata,ICVul,CVE-2024-23836
98f84d5a9b960b6d5e641f230d84331bb009a240,52,81,22,155,8,VIC,suricata,ICVul,CVE-2024-38535
735f5aa9ca3b28cfacc7a443f93a44387fbacf17,9,0,0,9,1,VFC,suricata,ICVul,CVE-2023-35852
9d5c4273cb7e5ca65f195f7361f0d848c85180e0,0,0,1,1,1,VFC,suricata,ICVul,CVE-2024-37151
a66c6752d522f80c8fab24440209c21ee9ece134,1098,10,50,1158,5,VIC,suricata,ICVul,CVE-2021-45098
fb4967912cb5a1a3ad37ef832b9e3d64c7c7a739,149,0,0,149,2,VIC,suricata,ICVul,CVE-2024-23836
ccbf8bcae5083982d1e9d8b8058398721a8d914e,29,62,134,225,1,VIC,suricata,ICVul,CVE-2024-32867
e6857f421dce0bfb2af61bc81815f14d0be6e818,33,0,1,34,1,VIC,tcpdump,ICVul,CVE-2017-12894
f7297f584bd5c14a0dae0aca2d18149fbf077a82,6,0,2,8,1,VIC,tcpdump,ICVul,CVE-2017-13030
dbddfda2c806a98b1fc8fd86cc3c34a4f9915d70,78,90,513,681,25,VIC,tcpdump,ICVul,CVE-2017-12986
bed843855d69cfc7c6bef96b4e6d43301bc7c290,32,26,348,406,9,VIC,tcpdump,ICVul,CVE-2017-13003
42073d54c53a496be40ae84152bbfe2c923ac7bc,1,0,0,1,1,VFC,tcpdump,ICVul,CVE-2017-13004
ccf20e144895d1aa09bd003b9d44f15ec2a7f424,2,0,12,14,1,VIC,tcpdump,ICVul,CVE-2017-12999
1a2cbb1112e1fbec41e392683bd4348da0a2381a,85,0,0,85,1,VIC,tcpdump,ICVul,CVE-2018-14882
fd11c38033dc1c7387e71a711be141a74ea73bfa,10,0,2,12,1,VIC,tcpdump,ICVul,CVE-2023-1801
60a835d80f4b6c12dbe2d38fe4ca2de16f3302dc,57,2,164,223,26,VIC,tcpdump,ICVul,CVE-2017-13052
dee95f4fb45cf98b2d15d43fc90391c6ca3b7f3a,1,0,10,11,1,VIC,tcpdump,ICVul,CVE-2017-13033
d5142e3b82bf482bf75f1d3fd27fb4d31fd51e66,0,0,1,1,1,VIC,tcpdump,ICVul,CVE-2023-1801
041e99f6c0de5e2898c32ab4649d4d7d55af9e35,174,8,54,236,2,VIC,tcpdump,ICVul,CVE-2017-12995
7e92e213bf11337101adb1607879a5f6c0ed69c3,77,3,18,98,1,VIC,tcpdump,ICVul,CVE-2017-12990
e3f3b445e2d20ac5d5b7fcb7559ce6beb55da0c9,2,0,0,2,1,VFC,tcpdump,ICVul,CVE-2018-14467
faead960f40d882ecd0ca959138e6b72101855d7,5,0,28,33,1,VIC,tcpdump,ICVul,CVE-2017-13019
aebfcfe1f67c99367a67614a252aba3de3c8979c,100,3,120,223,6,VIC,tcpdump,ICVul,CVE-2017-13013
b9811ef5bb1b7d45a90e042f81f3aaf233c8bcb2,10,3,13,26,2,VFC,tcpdump,ICVul,CVE-2024-2397
979dcefd7b259e9e233f77fe1c5312793bfd948f,0,0,1,1,1,VFC,tcpdump,ICVul,CVE-2017-12998
90692fcf9745a67fff68350b88acd56e4ddcb23b,53,36,276,365,13,VIC,tcpdump,ICVul,CVE-2017-13033
6457f82aaa95e042eb5cf99e3fd6f518e36f28bd,0,0,11,11,1,VIC,tcpdump,ICVul,CVE-2017-12894
69cb46af9119e8b5554bcc4bf1bf36f39cb82131,5,0,797,802,76,VIC,tcpdump,ICVul,CVE-2017-12902
7f17c777dc99c872529d665c4be22257c379513a,775,720,0,1495,2,VIC,tcpdump,ICVul,CVE-2017-13011
d00d1670cec6b90d8b8e94c2b6b37f5a08d0ce17,405,0,0,405,4,VIC,tcpdump,ICVul,CVE-2023-1801
fc6f112b40b9da56286ebc125f109e2889f5ebdb,45,38,884,967,15,VIC,tcpdump,ICVul,CVE-2017-12897
26498833b72fe86ef84f4bdef62fbc18af5bcd52,45,20,362,427,4,VIC,tcpdump,ICVul,CVE-2017-13008
28a778829da2c239869944c00219f1ebcad5a6ea,3,0,1,4,1,VIC,tcpdump,ICVul,CVE-2018-16230
bea2686c296b79609060a104cc139810785b0739,1,0,0,1,1,VFC,tcpdump,ICVul,CVE-2018-14465
d6af516cbc7c874404cb07456a6e80a8e9ddd9b4,0,3,71,74,12,VIC,tcpdump,ICVul,CVE-2018-14882
0cb1b8a434b599b8d636db029aadb757c24e39d6,4,1,8,13,1,VFC,tcpdump,ICVul,CVE-2017-13688
aa3e54f594385ce7e1e319b0c84999e51192578b,5,0,0,5,1,VFC,tcpdump,ICVul,CVE-2018-14468
e2256b4f2506102be2c6f7976f84f0d607c53d43,1,0,2,3,1,VFC,tcpdump,ICVul,CVE-2020-8036
85a2dd977cad3e21b475abbedeb795989207b8db,7,12,170,189,9,VIC,tcpdump,ICVul,CVE-2017-13050
a1eefe986065846b6c69dbc09afd9fa1a02c4a3d,7,3,5,15,1,VFC,tcpdump,ICVul,CVE-2017-13687
86326e880d31b328a151d45348c35220baa9a1ff,2,0,0,2,1,VFC,tcpdump,ICVul,CVE-2018-14881
88b2dac837e81cf56dce05e6e7b5989332c0092d,1,0,0,1,1,VFC,tcpdump,ICVul,CVE-2017-13036
650e708afb8c6b20d49dfec794a238eac9c70736,1040,0,442,1482,2,VIC,tcpdump,ICVul,CVE-2017-12990
c6e0531b5def26ecf912e8de6ade86cbdaed3751,2,0,0,2,1,VFC,tcpdump,ICVul,CVE-2017-12899
e942fb84fbe3a73a98a00d2a279425872b5fb9d2,9,0,31,40,1,VFC,tcpdump,ICVul,CVE-2017-12992
374aad6c0ea6d12ac4316ead82bb78fc3ff5e05d,13,36,50,99,10,VIC,tcpdump,ICVul,CVE-2017-13031
a7cba3da8d9e39c0cd7bb5b605b6fc5ae628379d,99,0,10,109,1,VIC,tcpdump,ICVul,CVE-2017-13033
7923f0611014387f67336078c1fe82bc569cae6d,145,27,148,320,2,VIC,tcpdump,ICVul,CVE-2017-13008
a152aebfd1114376ba266ed30416be596ef9d806,2,0,1,3,1,VFC,tcpdump,ICVul,CVE-2019-15167
7ac73d6cd41e9d4ac0ca7e6830ca390e195bb21c,0,1,2,3,1,VFC,tcpdump,ICVul,CVE-2017-12986
bd4e697ebd6c8457efa8f28f6831fc929b88a014,16,0,3,19,1,VFC,tcpdump,ICVul,CVE-2017-13053
a38033a59baaaf8eb10436267605af3468d4cb83,29,0,11,40,1,VIC,tcpdump,ICVul,CVE-2023-1801
67c7126062d59729cd421bb38f9594015c9907ba,1,0,0,1,1,VFC,tcpdump,ICVul,CVE-2017-13021
5338aac7b8b880b0c5e0c15e27dadc44c5559284,4,0,0,4,2,VFC,tcpdump,ICVul,CVE-2017-13025
3c03d589c955742b2e9c1173ccffd1b262aba8a1,1,0,1,2,1,VIC,tcpdump,ICVul,CVE-2017-13001
a408761e839a5a673e6720aa794a9a6cffb19846,66,27,67,160,1,VIC,tcpdump,ICVul,CVE-2017-12996
b8e559afaeb8fe0604a1f8e3ad4dc1445de07a00,1,0,0,1,1,VFC,tcpdump,ICVul,CVE-2017-13023
06cfebcb4e953fdbf857f7782dfb74e01881b7b3,0,0,4,4,1,VIC,tcpdump,ICVul,CVE-2017-12894
6fca58f5f9c96749a575f52e20598ad43f5bdf30,12,0,9,21,1,VFC,tcpdump,ICVul,CVE-2017-12996
8b68416428742aa440d27dd4337636ed89d8ecc2,3,0,2,5,1,VIC,tcpdump,ICVul,CVE-2023-1801
973c5c75be4e0c5cec4a18c989bbc06f85243cb8,92,39,355,486,1,VIC,tcpdump,ICVul,CVE-2018-16230
6e8c0f9cc8df2dcae5e5695ac843fd4198f6a763,0,5,255,260,1,VIC,tcpdump,ICVul,CVE-2017-13030
730fc35968c5433b9e2a829779057f4f9495dc51,14,0,29,43,1,VFC,tcpdump,ICVul,CVE-2017-12894
d8878f053df5026b9906b623a856aeba71026564,44,17,50,111,1,VIC,tcpdump,ICVul,CVE-2017-13032
e0d20f2c0824412b64738c6fa14f87bc8d0ef54d,8,0,3,11,2,VIC,tcpdump,ICVul,CVE-2017-13032
aa5c6b710dfd8020d2c908d6b3bd41f1da719b3b,3,0,3,6,1,VFC,tcpdump,ICVul,CVE-2018-14461
9eb56b6235d66550fb3cb282344cac82e9efcb1b,32,24,449,505,7,VIC,tcpdump,ICVul,CVE-2017-12991
d7505276842e85bfd067fa21cdb32b8a2dc3c5e4,5,0,12,17,1,VFC,tcpdump,ICVul,CVE-2018-14882
46de5c986cf345056c6685618db1cf1f0198f596,23,0,26,49,1,VIC,tcpdump,ICVul,CVE-2017-12995
d186680e9e798defc7f7fa36c56d00dfb6c4cd5b,90,11,21,122,1,VIC,tcpdump,ICVul,CVE-2017-13037
f76e7feb41a4327d2b0978449bbdafe98d4a3771,1,0,1,2,1,VFC,tcpdump,ICVul,CVE-2017-12896
1fb1c65be60d3420d11b410c8a653ad5c3b63218,80,9,395,484,1,VIC,tcpdump,ICVul,CVE-2017-12897
571a6f33f47e7a2394fa08f925e534135c29cf1e,4,0,1,5,1,VFC,tcpdump,ICVul,CVE-2017-13035
59690cf6b7ffce3cc86936cbe658909c6ec3a687,37,23,833,893,13,VIC,tcpdump,ICVul,CVE-2017-12995
5edf405d7ed9fc92f4f43e8a3d44baa4c6387562,0,12,1,13,1,VFC,tcpdump,ICVul,CVE-2017-13008
83c64fce3a5226b080e535f5131a8a318f30e79b,65,28,38,131,1,VFC,tcpdump,ICVul,CVE-2017-13050
11b426ee05eb62ed103218526f1fa616851c43ce,4,0,0,4,1,VFC,tcpdump,ICVul,CVE-2017-13017
c243fe7be4358f1ff19e531855597b78643d2a26,18,14,20,52,3,VIC,tcpdump,ICVul,CVE-2017-13009
e26b93795714c116df0faeaa56a2078ce7eba54d,0,0,12,12,1,VIC,tcpdump,ICVul,CVE-2023-1801
985122081165753c7442bd7824c473eb9ff56308,10,0,4,14,1,VFC,tcpdump,ICVul,CVE-2017-13015
3059f3581287981d50bce30480bd1aa98ce73caf,0,0,42,42,6,VIC,tcpdump,ICVul,CVE-2023-1801
a38d83eb90e83931aa40b974bee56340844bf1fe,30,6,38,74,2,VIC,tcpdump,ICVul,CVE-2017-13009
3de07c772166b7e8e8bb4b9d1d078f1d901b570b,2,0,1,3,1,VFC,tcpdump,ICVul,CVE-2018-14463
86795f2b9239017927bb0689d611c40a669e12f2,711,262,224,1197,4,VIC,tcpdump,ICVul,CVE-2017-12898
859d3eb8b99b36161e553d515d63de6b50c952f9,50,0,1,51,1,VIC,tcpdump,ICVul,CVE-2017-13053
d515b4b4a300479cdf1a6e0d1bb95bc1f9fee514,0,0,2,2,1,VFC,tcpdump,ICVul,CVE-2017-13043
a77ff09c46560bc895dea11dc9fe643486b056ac,0,0,1,1,1,VFC,tcpdump,ICVul,CVE-2017-13027
5d0d76e88ee2d3236d7e032589d6f1d4ec5f7b1e,2,1,0,3,1,VFC,tcpdump,ICVul,CVE-2017-13055
99798bd9a41bd3d03fdc1e949810a38967f20ed3,0,1,1,2,1,VIC,tcpdump,ICVul,CVE-2017-13008
b6303af682e72841f79ac6847f93b0cb0a49c549,31,15,299,345,11,VIC,tcpdump,ICVul,CVE-2017-13022
50a44b6b8e4f7c127440dbd4239cf571945cc1e7,1,0,0,1,1,VFC,tcpdump,ICVul,CVE-2017-12991
877b66b398518d9501513e0860c9f3a8acc70892,8,0,9,17,1,VFC,tcpdump,ICVul,CVE-2017-13010
94a4b4608009a96bf791ff24b2d019f40a120085,250,132,127,509,14,VIC,tcpdump,ICVul,CVE-2017-12895
c672f002763b3a4fc30ca229e57f50d3b2e6d766,7,55,391,453,32,VIC,tcpdump,ICVul,CVE-2017-12894
331530a4076c69bbd2e3214db6ccbe834fb75640,0,0,2,2,1,VFC,tcpdump,ICVul,CVE-2017-13047
a25211918f2e790c67d859d20ccf8dbb81da1598,279,5,78,362,2,VFC,tcpdump,ICVul,CVE-2017-13003
19d25dd8781620cd41bf178a5e2e27fc1cf242d0,3,2,4,9,1,VFC,tcpdump,ICVul,CVE-2017-12898
f555c163f90c9de17ebcef8313f86404c5174ca9,18777,0,0,18777,84,VIC,tcpdump,ICVul,CVE-2017-12897
9df6f2ccb4635532038f027ca667b2ed852bb295,3,3,8,14,1,VIC,tcpdump,ICVul,CVE-2018-14882
4d764e7052844fa73fbe500e11b24eb62bd43512,279,5,78,362,2,VIC,tcpdump,ICVul,CVE-2018-14464
62bd3ffba5533629d785c56c3b49a5c59051bf48,28,0,123,151,1,VIC,tcpdump,ICVul,CVE-2017-12990
b4e5a87bc438bd5b4ef9dbb61897fb7227261bde,111,28,94,233,1,VIC,tcpdump,ICVul,CVE-2017-13052
ae68164cc68a352ca4ba7323dd6b3bf547bf5ab5,81,31,36,148,3,VIC,tcpdump,ICVul,CVE-2017-12894
4e0187006366b895c525f88f205ae77b53722a7c,4,1,8,13,1,VIC,tcpdump,ICVul,CVE-2017-13050
1226a40cb01eb295df68f072f43209baac4948cd,398,0,3,401,4,VIC,tcpdump,ICVul,CVE-2017-13052
34cec721d39c76be1e0a600829a7b17bdfb832b6,0,0,4,4,1,VFC,tcpdump,ICVul,CVE-2017-12997
9ba91381954ad325ea4fd26b9c65a8bd9a2a85b6,2,0,2,4,1,VFC,tcpdump,ICVul,CVE-2018-14879
235878510818c152c9734bdba4a6816e24a947c8,312,171,92,575,1,VIC,tcpdump,ICVul,CVE-2017-13055
de390b1f7ebc797bb4fd32ea6256bb9d63f963d3,56,97,316,469,2,VIC,tcpdump,ICVul,CVE-2017-13006
1ac500998736cb4282610d331453b7376bfd6cb5,346,30,37,413,3,VIC,tcpdump,ICVul,CVE-2017-13027
c24922e692a52121e853a84ead6b9337f4c08a94,0,0,2,2,1,VFC,tcpdump,ICVul,CVE-2018-14466
2d669862df7cd17f539129049f6fb70d17174125,0,0,1,1,1,VFC,tcpdump,ICVul,CVE-2017-13031
5dc1860d8267b1e0cb78c9ffa2a40bea2fdb3ddc,68,37,139,244,1,VFC,tcpdump,ICVul,CVE-2017-13030
b534e304568585707c4a92422aeca25cf908ff02,38,0,0,38,1,VFC,tcpdump,ICVul,CVE-2017-12993
3c8a2b0e91d8d8947e89384dacf6b54673083e71,1,0,1,2,1,VFC,tcpdump,ICVul,CVE-2017-13048
1dcd10aceabbc03bf571ea32b892c522cbe923de,0,1,25,26,12,VFC,tcpdump,ICVul,CVE-2017-12897
c4521bbf470420aa57fa5f252bcf3576318ace87,151,18,190,359,18,VIC,tcpdump,ICVul,CVE-2017-13725
67eb31b99460a5d3454b28d0cec118ef35bbeacd,2,0,63,65,5,VIC,tcpdump,ICVul,CVE-2017-13030
073489bc829384eb9a027783a0b7c236fe4c2c98,465,0,3,468,5,VIC,tcpdump,ICVul,CVE-2017-13002
d07e352f5a8a9cbf7e8f3ed49a316ed906353fd8,44,0,24,68,8,VIC,tcpdump,ICVul,CVE-2017-12996
ffde45acf3348f8353fb4064a1b21683ee6b5ddf,7,0,6,13,1,VFC,tcpdump,ICVul,CVE-2017-12994
0b314a0fc81559198724a94a56740b6923a499c8,20,0,1,21,1,VIC,tcpdump,ICVul,CVE-2017-13030
d10a0f980fe8f9407ab1ffbd612641433ebe175e,0,0,1,1,1,VFC,tcpdump,ICVul,CVE-2017-13046
3a76fd7c95fced2c2f8c8148a9055c3a542eff29,4,3,15,22,1,VFC,tcpdump,ICVul,CVE-2017-12995
f95e759bcdaa01a4c1a49ade32b8bda096651d4c,168,5,7,180,1,VIC,tcpdump,ICVul,CVE-2017-13003
b54ff914a1ea5c40da3687b52a508748ecb801b0,218,0,4,222,3,VIC,tcpdump,ICVul,CVE-2017-13003
96480ab95308cd9234b4f09b175ebf60e17792c6,5,0,3,8,1,VFC,tcpdump,ICVul,CVE-2018-16451
156694cc624ad779a25a5a460958cd5bef41b44b,66,3,10,79,1,VIC,tcpdump,ICVul,CVE-2017-12993
857ec6e800ec772f5a6b9f76268d189d70f000b6,0,0,7,7,4,VIC,tcpdump,ICVul,CVE-2017-12897
de981e6070d168b58ec1bb0713ded77ed4ad87f4,47,0,0,47,1,VFC,tcpdump,ICVul,CVE-2017-12901
429c8b46eeabf29e9bac4b5e9a6d3915e2721716,12,0,20,32,1,VIC,tcpdump,ICVul,CVE-2017-13688
a51ee6ce2c66859968289ab7073180ba928a13f0,118,35,124,277,2,VIC,tcpdump,ICVul,CVE-2017-12993
06c4ca1ac27515fb28d3f4aab1ef151c25946a14,19,2,7,28,1,VIC,tcpdump,ICVul,CVE-2018-16228
39582c04cc5e34054b2936b423072fb9df2ff6ef,4,0,0,4,1,VFC,tcpdump,ICVul,CVE-2017-13042
cc356512f512e7fa423b3674db4bb31dbe40ffec,6,1,1,8,1,VFC,tcpdump,ICVul,CVE-2017-13014
f4b9e24c7384d882a7f434cc7413925bf871d63e,2,0,0,2,1,VFC,tcpdump,ICVul,CVE-2017-13041
8512734883227c11568bb35da1d48b9f8466f43f,0,0,1,1,1,VFC,tcpdump,ICVul,CVE-2017-13000
2f1714e72813fdb17b65f0436266fedcd5ce9112,251,67,42,360,2,VIC,tcpdump,ICVul,CVE-2018-14882
75b7aeef9cc990ab705759884a725c1cad9924d0,746,1,0,747,4,VIC,tcpdump,ICVul,CVE-2017-13042
35e21565deed200111ff980aea622ef9e5c2de7b,65,39,2,106,1,VIC,tcpdump,ICVul,CVE-2018-14882
7d3aba9f06899d0128ef46e8a2fa143c6fad8f62,2,0,0,2,1,VFC,tcpdump,ICVul,CVE-2017-13024
5fa8fc69b23ca302382f07b8ab3de69072fdb68b,394,65,73,532,5,VIC,tcpdump,ICVul,CVE-2017-13690
b20e1639dbac84b3fcb393858521c13ad47a9d70,25,3,12,40,1,VFC,tcpdump,ICVul,CVE-2017-13026
e6511cc1a950fe1566b2236329d6b4bd0826cc7a,3,0,0,3,1,VFC,tcpdump,ICVul,CVE-2017-13054
12b169509d018d3cfc0dfd1db44d03bf71a68be6,425,0,2,427,4,VIC,tcpdump,ICVul,CVE-2018-14470
8005b9c8a61d1ee1662afb44f961284d1c0fe35a,150,0,19,169,1,VIC,tcpdump,ICVul,CVE-2017-13015
0712f40741ebca7c2b5a04fa8119295d1926bdbe,104,3,1,108,1,VIC,tcpdump,ICVul,CVE-2017-12901
13d52e9c0e7caf7e6325b0051bc90a49968be67f,2,0,2,4,1,VFC,tcpdump,ICVul,CVE-2018-16230
88157719fa7fe2e0bbfdbc3d51e2f2c85c39ead5,15,1,13,29,4,VIC,tcpdump,ICVul,CVE-2017-13055
db8c799f6dfc68765c9451fcbfca06e662f5bd5f,3,0,17,20,1,VFC,tcpdump,ICVul,CVE-2017-13009
63c7adef042aaa8e6bd8f45cf47999d93048e395,136,0,9,145,1,VIC,tcpdump,ICVul,CVE-2017-13043
20f0bc9ecbc9bb9896a734a832addcb3bb7bc159,0,0,11,11,2,VIC,tcpdump,ICVul,CVE-2017-13010
13ebc79dfc72326f74e29b48792bb25397077906,2278,0,118,2396,6,VIC,tcpdump,ICVul,CVE-2023-1801
46b34a84c5c6c63cccb44d66521b0cb97a55ec87,11,13,53,77,2,VIC,tcpdump,ICVul,CVE-2023-1801
32027e199368dad9508965aae8cd8de5b6ab5231,10,0,4,14,1,VFC,tcpdump,ICVul,CVE-2020-8037
81f04790790fe018c1e9cadffbb565d25a9e98c7,1,43,39,83,1,VIC,tcpdump,ICVul,CVE-2017-13035
9f3ac700b68448f588f810ae9343942e9ad61b68,84,0,15,99,1,VIC,tcpdump,ICVul,CVE-2017-13048
29e5470e6ab84badbc31f4532bb7554a796d9d52,1,0,0,1,1,VFC,tcpdump,ICVul,CVE-2017-13028
aa0858100096a3490edf93034a80e66a4d61aad5,1,0,0,1,1,VFC,tcpdump,ICVul,CVE-2017-13049
48345fa3a4a29fb3002f34162550347123de916b,862,3,7,872,5,VIC,tcpdump,ICVul,CVE-2017-12893
17934c433e64063bfb3e1a1b7ca8e5cff95f8710,58,31,779,868,13,VIC,tcpdump,ICVul,CVE-2017-13009
2c2cfbd2b771ac888bc5c4a6d922f749d3822538,8,0,3,11,1,VFC,tcpdump,ICVul,CVE-2017-13037
12f66f69f7bf1ec1266ddbee90a7616cbf33696b,0,0,1,1,1,VFC,tcpdump,ICVul,CVE-2018-14470
8509ef02eceb2bbb479cea10fe4a7ec6395f1a8b,1,0,0,1,1,VFC,tcpdump,ICVul,CVE-2017-13012
ed37a22318406c6a1b038dcc954e19ba402d9b47,126,64,72,262,2,VIC,tcpdump,ICVul,CVE-2018-14467
211124b972e74f0da66bc8b16f181f78793e2f66,39,0,7,46,1,VFC,tcpdump,ICVul,CVE-2018-16229
64e53f90cad4d7c7126ea709e215c140624b1dac,13,24,225,262,9,VIC,tcpdump,ICVul,CVE-2017-13015
9489d3564732e279398e98500ab77d9cd3ab7f18,19,0,1,20,1,VIC,tcpdump,ICVul,CVE-2017-12995
ed85e20e4d6a27d5405f37366dd34b64c10a9211,0,5,2402,2407,109,VIC,tcpdump,ICVul,CVE-2017-12897
3b32029db354cbc875127869d9b12a9addc75b50,1,0,0,1,1,VFC,tcpdump,ICVul,CVE-2017-12999
27e3b039e6d71eb3d04e8e9ea81bd98131a812e7,0,0,1,1,1,VIC,tcpdump,ICVul,CVE-2017-13007
a5370b71fe0fdecac8a10ad2e0e5545f01f95f6e,631,0,5,636,6,VIC,tcpdump,ICVul,CVE-2017-13034
7335163a6ef82d46ff18f3e6099a157747241629,9,0,0,9,1,VFC,tcpdump,ICVul,CVE-2017-13038
26a6799b9ca80508c05cac7a9a3bef922991520b,4,0,0,4,1,VFC,tcpdump,ICVul,CVE-2017-13018
1449434b8ac44316cde0c246c4dbb20f73dc82ba,52,39,18,109,1,VIC,tcpdump,ICVul,CVE-2017-13054
86cfeae8aba347560a63f93d1d4f0424c458e407,331,0,20,351,5,VIC,tcpdump,ICVul,CVE-2017-12985
03c037bbd75588beba3ee09f26d17783d21e30bc,42,26,35,103,9,VFC,tcpdump,ICVul,CVE-2023-1801
d29f3dab95d8b28a62848fcb043b8ba40348bc3d,15,50,261,326,24,VIC,tcpdump,ICVul,CVE-2017-12992
e847135d66e822a96198a8d15771cf3a827b1ee9,11,0,127,138,13,VIC,tcpdump,ICVul,CVE-2017-12999
abb16862de1c02d1c45aa8d1f4cfbf0a19cee0e2,27,0,8,35,3,VIC,tcpdump,ICVul,CVE-2017-13038
d97e94223720684c6aa740ff219e0d19426c2220,12,0,4,16,1,VFC,tcpdump,ICVul,CVE-2018-14464
26b97700bf1082c94ea5b7b6ba18f0721fd8f0f7,23,0,17,40,1,VIC,tcpdump,ICVul,CVE-2017-13030
6f1c171a6aac53ad3db8f6f8b74a98a6a76580a1,0,0,3,3,1,VIC,tcpdump,ICVul,CVE-2017-12895
0318fa8b61bd6c837641129d585f1a73c652b1e0,4,0,1,5,4,VFC,tcpdump,ICVul,CVE-2017-12900
8be5413f3a168bd9913ac7ab348404f5af54dd42,4,0,1,5,1,VIC,tcpdump,ICVul,CVE-2017-12897
90a3f90f3ee256c0489fee5595b8622f83bad124,799,0,2,801,3,VIC,tcpdump,ICVul,CVE-2017-13032
8b9bab2bd127184822415b5c975c3785f4b6f7cd,21,4,22,47,1,VIC,tcpdump,ICVul,CVE-2017-13022
73b4367162728c00f734b95cb43754f77e9699fd,0,0,29,29,1,VIC,tcpdump,ICVul,CVE-2017-13054
59415dcb22a2724032249c6fca2616cd3b92dfd2,76,4,21,101,1,VIC,tcpdump,ICVul,CVE-2017-13016
3b36ec4e713dea9266db11975066c425aa669b6c,12,0,1,13,1,VFC,tcpdump,ICVul,CVE-2017-13045
c2ef693866beae071a24b45c49f9674af1df4028,16,8,44,68,1,VFC,tcpdump,ICVul,CVE-2017-12990
d89459c923e8e2acc0f69df747ffa91173d322a0,418,0,3,421,4,VIC,tcpdump,ICVul,CVE-2017-13003
da6f1a677bfa4476abaeaf9b1afe1c4390f51b41,1,1,1,3,1,VFC,tcpdump,ICVul,CVE-2017-13034
f87c79a80d796fe2db913e7a6abd369f0a0d4154,0,0,2,2,1,VIC,tcpdump,ICVul,CVE-2017-13013
f9b3c51da6c9454af79601666b5afe705901c126,11,30,173,214,11,VIC,tcpdump,ICVul,CVE-2017-12902
7a923447fd49a069a0fd3b6c3547438ab5ee2123,4,0,3,7,1,VFC,tcpdump,ICVul,CVE-2017-13001
1f056312b4b8164b490f6fa7b0ca20edefb7b15e,0,2,28,30,1,VIC,tcpdump,ICVul,CVE-2023-1801
55ea995e73e351eaf7a480a7b74b3bd75a3f5556,113,0,10,123,1,VIC,tcpdump,ICVul,CVE-2017-13019
bd00116d80c18b782f4cb15dfc90cd5bf993d4f5,95,25,66,186,11,VIC,tcpdump,ICVul,CVE-2017-12897
7578e1c04ee280dda50c4c2813e7d55f539c6501,42,26,35,103,9,VFC,tcpdump,ICVul,CVE-2023-1801
eee0b04bcfdae319c242b0b8fc3d07029ee65b8c,7,0,3,10,1,VFC,tcpdump,ICVul,CVE-2017-13022
289e0aed7d910e6b2df73476848674a73b8ab1ac,182,0,85,267,3,VIC,tcpdump,ICVul,CVE-2017-13688
6f5ba2b651cd9d4b7fa8ee5c4f94460645877c45,1,0,0,1,1,VFC,tcpdump,ICVul,CVE-2017-12893
0b661e0aa61850234b64394585cf577aac570bf4,7,0,1,8,1,VFC,tcpdump,ICVul,CVE-2019-15166
83a412a5275cac973c5841eca3511c766bed778d,2,0,0,2,1,VFC,tcpdump,ICVul,CVE-2018-16228
af73cfb14d09d0383f9bcd4a4cc821c1af968ed4,73,0,1,74,1,VIC,tcpdump,ICVul,CVE-2020-8037
3432f69892d872f2f46110774abc8cc676d9a533,60,0,43,103,3,VIC,tcpdump,ICVul,CVE-2017-13040
fe01d2496c1cc3b4a327d7d9b2faba9c79479a13,98,0,62,160,1,VIC,tcpdump,ICVul,CVE-2018-16228
5d340a5ca6e420a70297cdbdf777333f18bfdab7,44,0,9,53,1,VFC,tcpdump,ICVul,CVE-2017-13052
917f5f341f4901bde415293be911903362c1fbfe,373,0,0,373,5,VIC,tcpdump,ICVul,CVE-2017-13050
cc4a7391c616be7a64ed65742ef9ed3f106eb165,131,0,46,177,1,VFC,tcpdump,ICVul,CVE-2017-13006
d9037be6958db7a670d4baed6840bab42d844785,36,0,4,40,1,VIC,tcpdump,ICVul,CVE-2017-13032
0b46813f790826e74e6e9b5deebb81c1d0c3ab20,90,0,4,94,1,VIC,tcpdump,ICVul,CVE-2017-13003
38082cac3604a182183c46c19c17d7e5504685a2,307,0,2,309,3,VIC,tcpdump,ICVul,CVE-2017-12900
3ed82f4ed0095768529afc22b923c8f7171fff70,0,0,3,3,1,VFC,tcpdump,ICVul,CVE-2015-3138
8a47f3a757e82ff35a1031f14f149f89c08226cc,0,51,51,102,1,VIC,tcpdump,ICVul,CVE-2017-13026
57bc7f6ef54126ecc092e46bc5a1c5a6fffcae26,0,0,3,3,1,VIC,tcpdump,ICVul,CVE-2017-13688
2b62d1dda41590db29368ec7ba5f4faf3464765a,3,0,7,10,1,VFC,tcpdump,ICVul,CVE-2017-12895
5caf4211264afa7d98820c6cbb6a03c27a388fec,0,0,1,1,1,VIC,tcpdump,ICVul,CVE-2023-1801
88f85d486d55e1c4c7429947556f71e92e0fae6d,4,32,10,46,1,VIC,tcpdump,ICVul,CVE-2017-13045
a7be3fdba438f8ea80586d2a00b23fb9a96d602c,0,0,4,4,1,VIC,tcpdump,ICVul,CVE-2017-12897
4dc9cccc3eae696452358ddf4808bed440f14344,7,0,3,10,2,VIC,tcpdump,ICVul,CVE-2017-13055
176a3e498602351ae25833cf7456c1e30f7f59ae,77,7,24,108,14,VIC,tcpdump,ICVul,CVE-2017-13687
4e25f49680e96da86840ecf9b65c724edfdf4e20,29,0,0,29,2,VIC,tcpdump,ICVul,CVE-2017-12894
1cde6435df23876fb88998e38739def0dc7dca47,1,2,602,605,85,VIC,tcpdump,ICVul,CVE-2017-13013
5d6a1edd068e89b14f7525f11f992c46e16cfc2f,36,11,482,529,5,VIC,tcpdump,ICVul,CVE-2017-12898
3c4d7c0ee30a30e5abff3d6d9586a3753101faf5,0,0,1,1,1,VFC,tcpdump,ICVul,CVE-2017-13725
814765d31c7cf9bf8753cdb2c908f516608c72ee,258,0,8,266,5,VIC,tcpdump,ICVul,CVE-2017-13030
3a3ec26085461998074b827b112d38e8f3246a86,8,4,15,27,1,VIC,tcpdump,ICVul,CVE-2015-3138
4846b3c5d0a850e860baf4f07340495d29837d09,4,0,0,4,1,VFC,tcpdump,ICVul,CVE-2018-16227
f2238c1e16d5a8ae0f1d409b241a326a1d425505,24,0,16,40,1,VIC,tcpdump,ICVul,CVE-2017-13689
c5dd7bef5e54da5996dc4713284aa6266ae75b75,2,0,0,2,1,VFC,tcpdump,ICVul,CVE-2017-13020
31428da1650e89c9574c604b4fa560bf6f8396bf,47,8,39,94,1,VIC,tcpdump,ICVul,CVE-2017-12991
289c672020280529fd382f3502efab7100d638ec,17,0,1,18,1,VFC,tcpdump,ICVul,CVE-2017-13051
11f73ad248fa22461ca040baa8dc94b864509efa,342,929,128,1399,49,VIC,tcpdump,ICVul,CVE-2017-13019
92218d769e105f3b87595b0febec55839eb07ff8,106,7,17,130,3,VIC,tcpdump,ICVul,CVE-2023-1801
959f2c8210c4998e692f74f31d5c3a9ba3bb6bf1,86,0,1,87,1,VIC,tcpdump,ICVul,CVE-2017-13015
e2982e7f6f0b624a773ec5a58885ee80fab46d34,0,20,7460,7480,145,VIC,tcpdump,ICVul,CVE-2023-1801
f6d19bd32a9c80a1e5a176b9b480708486758e65,0,0,1,1,1,VIC,tcpdump,ICVul,CVE-2017-12894
e4c03ecd3b5e27294f38363caf064453740453a9,1,0,4,5,1,VIC,tcpdump,ICVul,CVE-2017-12994
af2cf04a9394c1a56227c2289ae8da262828294a,8,0,4,12,1,VFC,tcpdump,ICVul,CVE-2018-16300
3c252e8be08ba708471186184d006f34b4270190,14,1,46,61,6,VIC,tcpdump,ICVul,CVE-2017-12992
196bff58cda8eac9bd7ef15e9f45e2e6d63e2587,63,17,13,93,1,VIC,tcpdump,ICVul,CVE-2017-12895
7029d15f148ef24bb7c6668bc640f5470d085e5a,0,0,13,13,1,VFC,tcpdump,ICVul,CVE-2017-13029
d17507ffa3e9742199b02a66aa940e79ababfa30,17,2,13,32,1,VFC,tcpdump,ICVul,CVE-2017-12902
622daca2044523bec96a177d722eb453329336a5,42,0,9,51,3,VIC,tcpdump,ICVul,CVE-2019-15167
4c2790a43252b9cac1fe7f6b50b51c3c55d2370a,13,5,4,22,1,VIC,tcpdump,ICVul,CVE-2018-14879
fe4aac1bbf861d265185ca169127f77897d676c8,85,0,120,205,1,VIC,tcpdump,ICVul,CVE-2018-16229
ce1fc8263da72437c1df54b8b3ee682413d9e6ed,34,54,98,186,12,VIC,tcpdump,ICVul,CVE-2017-13687
1b1522840f21801737b0e33ff8663825c10e87f9,1,0,1,2,1,VIC,tcpdump,ICVul,CVE-2017-13050
26687fd6b92943a63d561a7e7f6f6d422296f81c,167,13,115,295,3,VIC,tcpdump,ICVul,CVE-2018-14461
c59d2fbb8ae60c7bcd199b7080c3aaf760a0a602,0,0,1,1,1,VIC,tcpdump,ICVul,CVE-2023-1801
e01c9bf76740802025c9328901b55ee4a0c49ed6,0,1,1,2,1,VFC,tcpdump,ICVul,CVE-2018-14880
b9a93a401ed787e64d11341b76cb87eb92b207e9,241,0,3,244,4,VIC,tcpdump,ICVul,CVE-2017-13045
46f2e906622856f962f34fd5e3b08b113fd07fa5,136,0,86,222,1,VIC,tcpdump,ICVul,CVE-2017-13030
66df248b49095c261138b5a5e34d341a6bf9ac7f,11,0,1,12,2,VFC,tcpdump,ICVul,CVE-2017-12985
10efb18e7357203c427bc75ea75ba5a47034200b,123,0,3,126,1,VIC,tcpdump,ICVul,CVE-2017-13051
578dd316f35322e88ead865af09a0d1540274cf9,425,0,1,426,5,VIC,tcpdump,ICVul,CVE-2017-13040
9ad59c871c04523506cb3db86b4c49e2004ec212,0,0,15,15,1,VIC,tcpdump,ICVul,CVE-2018-14466
eba1a415343eef5b411c8b20fdf43fe034fe153c,3,0,57,60,1,VIC,tcpdump,ICVul,CVE-2017-13006
f6833293ae1eee66954face4ef2639153174cffb,3,0,53,56,2,VIC,tcpdump,ICVul,CVE-2017-12990
fb298cf2dd1b14c3857c42ab0e26d883fe4a6f4c,83,3,20,106,2,VIC,tcpdump,ICVul,CVE-2017-12893
db24063b01cba8e9d4d88b7d8ac70c9000c104e4,8,0,3,11,1,VFC,tcpdump,ICVul,CVE-2017-12989
b3794ce8b7fa7d19fe5fcec5acbe85a800417a91,4,0,4,8,1,VIC,tcpdump,ICVul,CVE-2017-12996
ce83684fe7a8e988e925c358531e100835730039,201,40,98,339,1,VIC,tcpdump,ICVul,CVE-2017-13048
751cd0a385cc6f585e3573bb4b1c256304e2cb7c,73,0,15,88,1,VIC,tcpdump,ICVul,CVE-2018-14468
cbddb98484ea8ec1deece351abd56e063d775b38,7,0,1,8,1,VFC,tcpdump,ICVul,CVE-2017-13002
5c96d832078053d0b0a4f651c49613dada18a1dc,3,0,12,15,1,VIC,tcpdump,ICVul,CVE-2017-12990
396e94ff55a80d554b1fe46bf107db1e91008d6c,1,0,0,1,1,VFC,tcpdump,ICVul,CVE-2018-14469
061e7371a944588f231cb1b66d6fb070b646e376,0,0,2,2,1,VFC,tcpdump,ICVul,CVE-2017-13689
d57e945e5eb1a24ed43670f9cca6d51cf6d6fd99,11,16,416,443,12,VIC,tcpdump,ICVul,CVE-2017-12895
a7e5f58f402e6919ec444a57946bade7dfd6b184,0,0,1,1,1,VFC,tcpdump,ICVul,CVE-2017-13000
d6dc3a1240898f305ea349ced0716c9af36b6304,24,0,2,26,1,VIC,tcpdump,ICVul,CVE-2018-14881
ab17cb47648b8a60d9897f598b7fd0df1dd354fa,3,0,2,5,1,VIC,tcpdump,ICVul,CVE-2023-1801
4601c685e7fd19c3724d5e499c69b8d3ec49933e,50,0,80,130,1,VFC,tcpdump,ICVul,CVE-2017-13019
763bef5f53e7776413961e26850f426863d520d3,141,88,1,230,3,VIC,tcpdump,ICVul,CVE-2023-1801
8dca25d26c7ca2caf6138267f6f17111212c156e,11,4,3,18,1,VFC,tcpdump,ICVul,CVE-2017-13690
c9d84d15c5c4dc8eca7594101fe5026080ed641e,9885,34,241,10160,59,VIC,tcpdump,ICVul,CVE-2017-12990
d3a64d8365a0e6cae598f75defc75076c095612e,191,26,95,312,1,VIC,tcpdump,ICVul,CVE-2017-12989
ae83295915d08a854de27a88efac5dd7353e6d3f,19,1,61,81,1,VFC,tcpdump,ICVul,CVE-2017-13033
ac117ee8a8ea57b73d34665cdf00ef3303bc0b11,7,0,2,9,1,VFC,tensorflow,ICVul,CVE-2021-37653
fff2c8326280c07733828f990548979bdc893859,78,0,3,81,27,VFC,tensorflow,ICVul,CVE-2020-15211
dcd7867de0fea4b72a2b34bd41eb74548dc23886,3,0,0,3,1,VFC,tensorflow,ICVul,CVE-2021-29570
69c68ecbb24dff3fa0e46da0d16c821a2dd22d7c,16,4,3,23,1,VIC,tensorflow,ICVul,CVE-2022-23568
962ed613cf1087637848d3e2b23f5b01d93c7eda,1,1,12,14,2,VIC,tensorflow,ICVul,CVE-2022-29211
4ada0599e08f84cb1b94b4826cb5be0439538657,118,23,0,141,4,VIC,tensorflow,ICVul,CVE-2020-15211
e8dc63704c88007ee4713076605c90188d66f3d2,39,0,1,40,3,VFC,tensorflow,ICVul,CVE-2021-41203
b64638ec5ccaa77b7c1eb90958e3d85ce381f91b,14,0,0,14,1,VFC,tensorflow,ICVul,CVE-2022-21727
60fcd57c93dd0bb8a1683338127480118c70d9bb,191,0,0,191,2,VIC,tensorflow,ICVul,CVE-2021-37637
5dd25a29433cdfb9938f6766fd53ffc5f05972c9,8,4,0,12,1,VIC,tensorflow,ICVul,CVE-2021-41225
63dffd5a3bc4e94e74cb140cbf7a68e0e5644ad6,485,77,210,772,33,VIC,tensorflow,ICVul,CVE-2021-29590
2f1bc0c3dc19586ef362aa51cfaa926cf4882c50,35,2,4,41,3,VIC,tensorflow,ICVul,CVE-2021-29590
88ddf3b7a1e6bb43c0be607863402d79eabb46a2,1,0,20,21,3,VIC,tensorflow,ICVul,CVE-2021-41203
bf4c14353c2328636a18bfad1e151052c81d5f43,19,0,0,19,2,VIC,tensorflow,ICVul,CVE-2023-25675
3a754740d5414e362512ee981eefba41561a63a6,2,0,3,5,1,VFC,tensorflow,ICVul,CVE-2022-36014
6972f9dfe325636b3db4e0bc517ee22a159365c0,26,0,1,27,1,VIC,tensorflow,ICVul,CVE-2021-41223
bf594d08d377dc6a3354d9fdb494b32d45f91971,4,0,0,4,1,VFC,tensorflow,ICVul,CVE-2022-41909
d2309fe5895ba431a4bb11e79564d12028cc93d5,211,154,5,370,11,VIC,tensorflow,ICVul,CVE-2022-23564
1970c2158b1ffa416d159d03c3370b9a462aee35,1517,0,1205,2722,83,VIC,tensorflow,ICVul,CVE-2021-29589
f0f318aa401f43fe41075e50722f5d703cf4f669,210,31,4,245,5,VIC,tensorflow,ICVul,CVE-2022-29197
f6359593f9c877fcf81cbe0a1842ede8a77e4dbd,33,0,42,75,1,VIC,tensorflow,ICVul,CVE-2021-41226
42459e4273c2e47a3232cc16c4f4fff3b3a35c38,8,0,0,8,1,VIC,tensorflow,ICVul,CVE-2023-33976
5396e7a3cd91b5f7895fa3dbe9809400e032d68a,315,212,130,657,5,VIC,tensorflow,ICVul,CVE-2020-15202
d5f16a793260e7804d845efaaad24ccdb0a482f6,24,28,7,59,2,VIC,tensorflow,ICVul,CVE-2021-37653
72180be03447a10810edca700cbc9af690dfeb51,1,2,5,8,1,VFC,tensorflow,ICVul,CVE-2022-35984
aca318aaee0944c8305feb8c57ed888c718973ed,505,62,174,741,10,VIC,tensorflow,ICVul,CVE-2022-29207
fcd18ce3101f245b083b30655c27b239dc72221e,6,0,1,7,1,VFC,tensorflow,ICVul,CVE-2022-23575
4d5b97a37b80940463111fdd5259576c69eca079,111,0,3,114,4,VIC,tensorflow,ICVul,CVE-2021-29569
9e0b6faf09e9fff6926a62510f32aafbfee16bff,5,72,29,106,7,VIC,tensorflow,ICVul,CVE-2021-29596
c79ba87153ee343401dbe9d1954d7f79e521eb14,0,0,1,1,1,VFC,tensorflow,ICVul,CVE-2021-41216
eecadedbaae7b938e8a80dfb60c52679bcbf7196,1529,0,0,1529,19,VIC,tensorflow,ICVul,CVE-2020-15211
3dedec08128b47218ced2a6186d9022d090da21b,397,361,0,758,2,VIC,tensorflow,ICVul,CVE-2020-15207
c8ba76d48567aed347508e0552a257641931024d,7,4,0,11,1,VFC,tensorflow,ICVul,CVE-2022-35998
0f0b080ecde4d3dfec158d6f60da34d5e31693c4,16,2,4,22,1,VFC,tensorflow,ICVul,CVE-2022-29201
adf095206f25471e864a8e63a0f1caef53a0e3a6,16,0,15,31,1,VIC,tensorflow,ICVul,CVE-2022-23591
cbda3c6b2dbbd3fbdc482ff8c0170a78ec2e97d0,1,0,2,3,1,VFC,tensorflow,ICVul,CVE-2021-29602
a989426ee1346693cc015792f11d715f6944f2b8,11,2,3,16,1,VFC,tensorflow,ICVul,CVE-2022-29212
8b5b9dc96666a3a5d27fad7179ff215e3b74b67c,102,0,83,185,1,VFC,tensorflow,ICVul,CVE-2020-26269
fdf3c17211c0e17da1fc315602be5d1acc709700,809,0,1,810,4,VIC,tensorflow,ICVul,CVE-2020-15211
87158f43f05f2720a374f3e6d22a7aaa3a33f750,13,0,0,13,1,VFC,tensorflow,ICVul,CVE-2021-37635
0575b640091680cfb70f4dd93e70658de43b94f9,1,0,1,2,1,VFC,tensorflow,ICVul,CVE-2021-37691
914b9919f98b6486127c75110034e814d53efcb2,111,0,0,111,2,VIC,tensorflow,ICVul,CVE-2022-21729
4419d10d576adefa36b0e0a9425d2569f7c0189f,7,0,0,7,1,VFC,tensorflow,ICVul,CVE-2022-36002
efea03b38fb8d3b81762237dc85e579cc5fc6e87,12,0,4,16,1,VFC,tensorflow,ICVul,CVE-2021-29535
f803bd7c5338d522d262314bd1e0eb4021367c3d,654,52,1,707,6,VIC,tensorflow,ICVul,CVE-2021-41222
4aacb30888638da75023e6601149415b39763d76,35,0,0,35,1,VFC,tensorflow,ICVul,CVE-2021-37642
81eb82bc497d3e2e2d59f984ea72a3bbc519fb72,235,0,0,235,2,VIC,tensorflow,ICVul,CVE-2021-37662
4a3cbea5f3d1f79eb2ff6bb2c64875e951ca3ce2,108,0,179,287,3,VIC,tensorflow,ICVul,CVE-2021-29562
8f37b52e1320d8d72a9529b2468277791a261197,56,0,0,56,1,VFC,tensorflow,ICVul,CVE-2021-29520
098e7762d909bac47ce1dbabe6dfd06294cb9d58,6,0,2,8,1,VIC,tensorflow,ICVul,CVE-2022-36026
455750f3623b15a3b5d46c11d4c5102e9388dbda,443,0,23,466,4,VIC,tensorflow,ICVul,CVE-2020-15202
41727ff06111117bdf86b37db198217fd7a143cc,12,5,0,17,1,VFC,tensorflow,ICVul,CVE-2021-29609
bb6a0383ed553c286f87ca88c207f6774d5c4a8f,11,0,0,11,1,VFC,tensorflow,ICVul,CVE-2021-37687
801c1c6be5324219689c98e1bd3e0ca365ee834d,4,0,0,4,1,VFC,tensorflow,ICVul,CVE-2021-29588
5c8c9a8bfe750f9743d0c859bae112060b216f5c,43,0,6,49,1,VFC,tensorflow,ICVul,CVE-2021-41208
abcced051cb1bd8fb05046ac3b6023a7ebcc4578,22,1,8,31,3,VFC,tensorflow,ICVul,CVE-2021-41203
39d8e74312d675fcea44e3b3140e4b64c3030814,0,0,31,31,24,VIC,tensorflow,ICVul,CVE-2022-21729
c8a352c2fc158ca55f0709f715556de74509f99c,12,0,34,46,1,VIC,tensorflow,ICVul,CVE-2023-25664
37cefa91bee4eace55715eeef43720b958a01192,18,13,2,33,1,VFC,tensorflow,ICVul,CVE-2022-35940
cf35502463a88ca7185a99daa7031df60b3c1c98,16,0,0,16,1,VFC,tensorflow,ICVul,CVE-2022-41888
e183b8d0328d7398cb6ffc530d1ae8fdbd2111c0,776,0,6,782,1,VIC,tensorflow,ICVul,CVE-2021-29520
a5a8558feb9417359e30a991ab5e01cf17194473,213,116,18,347,6,VIC,tensorflow,ICVul,CVE-2022-41884
23968a8bf65b009120c43b5ebcceaf52dbc9e943,5,0,0,5,1,VFC,tensorflow,ICVul,CVE-2022-21726
458d0906ebe75072ebd87cf5088772405d0cd03e,460,4,168,632,18,VIC,tensorflow,ICVul,CVE-2021-37674
8b9e4aebf793e98a03faf269423173f9bcab1668,1147,452,176,1775,10,VIC,tensorflow,ICVul,CVE-2022-29203
15879a873feb8b29895c96e1e03a23fe6e7bdaf5,3,2,8,13,1,VIC,tensorflow,ICVul,CVE-2022-41887
c30a93b009f06ba8d3a94242923b2b176a362b21,39,0,0,39,1,VIC,tensorflow,ICVul,CVE-2021-41206
1e67c90e2caceeff82d09793d1ef5fa0300d219b,79139,0,0,79139,452,VIC,tensorflow,ICVul,CVE-2022-35959
7abbdf2699d0c84e9c9fa2ffe9eb76d848d7be9f,922,803,17,1742,6,VIC,tensorflow,ICVul,CVE-2021-29572
1295ae4dbb52fe06b19733b0257e2340d7b63b8d,46,0,36,82,2,VFC,tensorflow,ICVul,CVE-2023-25669
189365d9ffa3ce59400cbe4ff13373460615e6cc,188,0,0,188,2,VIC,tensorflow,ICVul,CVE-2021-29611
3d6d2ed18e93ee39762c9722654517e0d8743dda,167,0,0,167,2,VIC,tensorflow,ICVul,CVE-2020-15211
ff8894044dfae5568ecbf2ed514c1a37dc394f1b,3,0,0,3,1,VFC,tensorflow,ICVul,CVE-2021-37658
00302787b788c5ff04cb6f62aed5a74d936e86c0,0,5,1,6,1,VFC,tensorflow,ICVul,CVE-2020-15211
7b79e43b3140cc1683db32556b17708f3ca9c844,0,0,2,2,1,VIC,tensorflow,ICVul,CVE-2021-29573
b43f88a832f06a85d49b1fd962d98504e917ba94,39,0,14,53,3,VIC,tensorflow,ICVul,CVE-2022-23560
f09caa532b6e1ac8d2aa61b7832c78c5b79300c6,2,0,0,2,1,VFC,tensorflow,ICVul,CVE-2021-41201
d2dbd0ef1bf0594984a715eeeb72598ca14a82d8,0,13,1,14,1,VIC,tensorflow,ICVul,CVE-2021-37683
a4e401da71458d253b05e41f28637b65baf64be4,6,0,0,6,1,VFC,tensorflow,ICVul,CVE-2022-23559
e87b51ce05c3eb172065a6ea5f48415854223285,126,0,4,130,4,VIC,tensorflow,ICVul,CVE-2021-37640
4504a081af71514bb1828048363e6540f797005b,4,0,0,4,1,VFC,tensorflow,ICVul,CVE-2021-29613
9e3794ffb184eecc297b9be8f52d4d6a6c5d7e85,887,0,0,887,4,VIC,tensorflow,ICVul,CVE-2021-29560
5b491cd5e41ad63735161cec9c2a568172c8b6a3,9,0,0,9,1,VFC,tensorflow,ICVul,CVE-2022-23571
73ad1815ebcfeb7c051f9c2f7ab5024380ca8613,12,0,2,14,1,VFC,tensorflow,ICVul,CVE-2022-35974
f06f18e57ff17297e6e20c889d51f141f841496f,161,2,69,232,2,VIC,tensorflow,ICVul,CVE-2023-25659
ff9f03287acce18b76d3b6e54568c693333c3101,293,0,0,293,2,VIC,tensorflow,ICVul,CVE-2021-37656
3652556dab3ebfe0152232facc7304fe5754aecb,575,12,33,620,13,VIC,tensorflow,ICVul,CVE-2021-29570
0822c9393ab0610311c954ec370b5a8fe2397af7,50,0,0,50,2,VIC,tensorflow,ICVul,CVE-2022-41900
87e111077fe466a444c18e18d25d23e8e699554c,16,0,12,28,4,VIC,tensorflow,ICVul,CVE-2022-36027
72c0bdcb25305b0b36842d746cc61d72658d2941,0,1,1,2,1,VFC,tensorflow,ICVul,CVE-2022-41894
cd7458379f1b891428295873e6937b15324e25d2,0,0,8,8,1,VIC,tensorflow,ICVul,CVE-2020-15211
a96887c483553c58c969b934cca1aa0321ed4653,761,0,6,767,14,VIC,tensorflow,ICVul,CVE-2021-29594
52e2698ac969a0f82c6ce901f80f04818ca8ac4e,46,3,317,366,51,VIC,tensorflow,ICVul,CVE-2021-37686
ebae3deba801b55debbf67205c43ee54f80a7494,65,13,72,150,2,VIC,tensorflow,ICVul,CVE-2022-29199
1071f554dbd09f7e101324d366eec5f4fe5a3ece,10,0,1,11,1,VFC,tensorflow,ICVul,CVE-2021-37656
27a65a43cf763897fecfa5cdb5cc653fc5dd0346,19,0,0,19,1,VFC,tensorflow,ICVul,CVE-2022-35999
a1b64bb516f8eb089d53e3ceb216d1826b8e9ecd,12,0,1,13,2,VIC,tensorflow,ICVul,CVE-2020-15211
ad069af92392efee1418c48ff561fd3070a03d7b,15,0,3,18,1,VFC,tensorflow,ICVul,CVE-2022-36012
b74870d1d26825aa08da7ec7a064c67e5607c16e,40,0,8,48,1,VIC,tensorflow,ICVul,CVE-2021-29571
6056572c1e618a0f868ee7ef64f0f65e3da3c018,22,9,7,38,1,VIC,tensorflow,ICVul,CVE-2020-15211
84ca8ae39b8d029fbe5113525c1e6d265de0e864,3,0,173,176,19,VIC,tensorflow,ICVul,CVE-2022-21725
f19be71717c497723ba0cea0379e84f061a75e01,22,21,0,43,3,VFC,tensorflow,ICVul,CVE-2022-23559
89c1b51a2e6c7385158bb3c4b6539ac03b3b1aba,1,0,63,64,29,VIC,tensorflow,ICVul,CVE-2022-36027
8310bf8dd188ff780e7fc53245058215a05bdbe5,0,0,2,2,1,VFC,tensorflow,ICVul,CVE-2022-41890
f5356644fd3467afa275ec2155281825b7e927a0,269,0,11,280,5,VIC,tensorflow,ICVul,CVE-2022-35960
2f070c4b5ba705e2c565602ee55d193428daea72,3,1,14,18,2,VIC,tensorflow,ICVul,CVE-2021-37665
a2b6c3c124664d682094a1ecfa9cc00cca8ada85,1808,0,0,1808,7,VIC,tensorflow,ICVul,CVE-2021-37652
8e9f83eaaef1b38957642b0d8f19e8abd7b50b15,0,0,7,7,7,VIC,tensorflow,ICVul,CVE-2020-15211
f3cf67ac5705f4f04721d15e485e192bb319feed,12,0,0,12,1,VFC,tensorflow,ICVul,CVE-2022-35990
480ac84aa8390e19a54bd2feef3a6069d959bb4e,316,0,2,318,2,VIC,tensorflow,ICVul,CVE-2022-21725
e07e1c3d26492c06f078c7e5bf2d138043e199c1,56,0,1,57,1,VFC,tensorflow,ICVul,CVE-2021-29615
7b174a0f2e40ff3f3aa957aecddfd5aaae35eccb,16,0,0,16,1,VFC,tensorflow,ICVul,CVE-2023-25668
948fe6369a5711d4b4568ea9bbf6015c6dfb77e2,5,0,0,5,1,VFC,tensorflow,ICVul,CVE-2023-25661
cbea2149a07bf114b846232d2207353815683309,0,107,26,133,5,VIC,tensorflow,ICVul,CVE-2020-15211
ae2daeb45abfe2c6dda539cf8d0d6f653d3ef412,2,0,0,2,1,VFC,tensorflow,ICVul,CVE-2021-29606
0ab290774f91a23bebe30a358fde4e53ab4876a0,1,0,0,1,1,VFC,tensorflow,ICVul,CVE-2021-29612
492d57aa2528b5faa1a4af279dcd6ab98b6c3dd2,149,52,74,275,2,VIC,tensorflow,ICVul,CVE-2021-41224
f6c40f0c6cbf00d46c7717a26419f2062f2f8694,6,0,2,8,1,VFC,tensorflow,ICVul,CVE-2021-29537
980b22536abcbbe1b4a5642fc940af33d8c19b69,1,0,2,3,1,VFC,tensorflow,ICVul,CVE-2023-25672
89a77b40eb9f3e62edbbc883ea0ae60ffb2d062d,12,7,20,39,1,VIC,tensorflow,ICVul,CVE-2021-37662
171ba06f5e52078e0aa2112797b5a4227370bbd5,63,0,4,67,3,VIC,tensorflow,ICVul,CVE-2022-23559
692fad20f913ffa2cb874a87578ecabb03cc4557,107,29,23,159,14,VIC,tensorflow,ICVul,CVE-2022-36000
e3d99c92975efc2010d0e1e2dd4c3eb787a8d67c,112,12,47,171,2,VIC,tensorflow,ICVul,CVE-2021-29616
3e975ea978bac4d861bb09328b06f3c316212611,1454,28,225,1707,102,VIC,tensorflow,ICVul,CVE-2022-29203
1d8218f155c1d22c21afda8bf28e36e4094d9e88,92,34,7,133,4,VIC,tensorflow,ICVul,CVE-2021-37640
0aef771dc3e038eb42e627076054a47da1c85002,50,3,0,53,1,VIC,tensorflow,ICVul,CVE-2022-23583
1c579361cd1e088dd5e05a394b1561a73e3667ba,1414,101,204,1719,62,VIC,tensorflow,ICVul,CVE-2022-41908
fca9874a9b42a2134f907d2fb46ab774a831404a,4,0,0,4,1,VFC,tensorflow,ICVul,CVE-2021-29524
7aa98c9a5dc922772c587dc5cd9e4222163edea3,906,0,0,906,4,VIC,tensorflow,ICVul,CVE-2021-41223
f760f88b4267d981e13f4b302c437ae800445968,26,0,0,26,1,VIC,tensorflow,ICVul,CVE-2022-23591
172647f58355ae0e87b9160a43da89f420151fd0,273,35,1,309,6,VIC,tensorflow,ICVul,CVE-2020-15211
1cf9120cec318826f5c079f1500cb3d2dc6cc0ed,137,14,156,307,2,VIC,tensorflow,ICVul,CVE-2022-41899
301ae88b331d37a2a16159b65b255f4f9eb39314,3,0,0,3,1,VFC,tensorflow,ICVul,CVE-2021-37638
0657c83d08845cc434175934c642299de2c0f042,0,0,1,1,1,VFC,tensorflow,ICVul,CVE-2022-23574
26eb323554ffccd173e8a79a8c05c15b685ae4d1,2,0,0,2,1,VFC,tensorflow,ICVul,CVE-2021-29531
7c3f96bf324cebe443a7eb814ce771c66c073998,124,41,30,195,8,VIC,tensorflow,ICVul,CVE-2022-23570
af5fcebb37c8b5d71c237f4e59c6477015c78ce6,21,0,0,21,1,VFC,tensorflow,ICVul,CVE-2021-41221
d29c99439d2c1498dabaae4fcaa505890bf2351b,6,31,17,54,1,VIC,tensorflow,ICVul,CVE-2021-37686
0b15439f8f0f2d4755587f4096c3ea04cb199d23,43658,0,0,43658,197,VIC,tensorflow,ICVul,CVE-2020-15211
e961e063a27863b0505b59219e38f83450a6831d,132,2,236,370,2,VIC,tensorflow,ICVul,CVE-2021-29524
c14550a38308a7f516e83f5c8e21748ad76bf972,171,1,22,194,7,VIC,tensorflow,ICVul,CVE-2022-35989
7f9f25a008369ac90e7b96c4f58a3dd1c662d89c,674,0,0,674,3,VIC,tensorflow,ICVul,CVE-2021-37661
d12c671f014d24e1ee960b2b0d9d42b9c29fedae,4,0,2,6,1,VIC,tensorflow,ICVul,CVE-2022-29211
888e34b49009a4e734c27ab0c43b0b5102682c56,2,0,0,2,1,VFC,tensorflow,ICVul,CVE-2022-41893
fdd06c559d4dcf9b8c7a4f3bc54540a5aa99d083,157,0,0,157,6,VIC,tensorflow,ICVul,CVE-2022-23589
ee89fccfd1db25563dadd0e3b4336612d7c52e0a,187,0,6,193,4,VIC,tensorflow,ICVul,CVE-2022-35991
ca5bef0dcc0dcde2294c2f8b5cb1ca4ad3e2f9cf,442,8,113,563,12,VIC,tensorflow,ICVul,CVE-2021-29594
4e2565483d0ffcadc719bd44893fb7f609bb5f12,16,0,0,16,1,VFC,tensorflow,ICVul,CVE-2021-37679
0666305b11fd73046bfd1d0186f392f91f1e2482,2624,0,0,2624,31,VIC,tensorflow,ICVul,CVE-2020-15211
a5b89cd68c02329d793356bda85d079e9e69b4e7,3,0,0,3,1,VFC,tensorflow,ICVul,CVE-2022-29207
290bb05c80c327ed74fae1d089f1001b1e2a4ef7,4,0,0,4,1,VFC,tensorflow,ICVul,CVE-2022-29193
8032e1f75dd6a56b39a07890f60acc6b275d0683,83,9,68,160,9,VIC,tensorflow,ICVul,CVE-2022-23586
d071825f3f02a835a7ccfc396e1955b7e47f1cbd,101,0,0,101,1,VIC,tensorflow,ICVul,CVE-2022-41885
a1b5964cbb10aae22e242a3469c2cb5ee4b5bc54,462,348,71,881,3,VIC,tensorflow,ICVul,CVE-2021-41217
d01dd5c94b908180ea01d80256c49f7208239265,293,0,15,308,3,VIC,tensorflow,ICVul,CVE-2021-29609
8ec0a3be4ccb1c13a32125ce9f17c3a919b36a68,95,0,35,130,9,VIC,tensorflow,ICVul,CVE-2023-27579
6104f0d4091c260ce9352f9155f7e9b725eab012,4,0,1,5,1,VFC,tensorflow,ICVul,CVE-2022-36016
4a91f2069f7145aab6ba2d8cfe41be8a110c18a5,9,0,0,9,1,VFC,tensorflow,ICVul,CVE-2021-37682
89b80c5fb98ba57175626a9df490dbdd2bc8776b,347,0,0,347,2,VIC,tensorflow,ICVul,CVE-2020-15202
6057035421c079e573879fc1027ec1081406c87c,25,1,59,85,3,VIC,tensorflow,ICVul,CVE-2020-15202
bc9a8c4823c322ed5cc736acb2e21b68a606637f,114,52,1047,1213,85,VIC,tensorflow,ICVul,CVE-2022-29203
122ad249a8928a5136d4fd48d75be85f154a8c4c,115,0,0,115,2,VIC,tensorflow,ICVul,CVE-2022-23565
bb6f32fa7dad7fae416715752b10834d4a2b271a,2480,0,1,2481,10,VIC,tensorflow,ICVul,CVE-2022-41889
002408c3696b173863228223d535f9de72a101a9,11,0,0,11,1,VFC,tensorflow,ICVul,CVE-2022-21730
106d8f4fb89335a2c52d7c895b7a7485465ca8d9,2,0,0,2,2,VFC,tensorflow,ICVul,CVE-2021-29595
bd68226ff6702101f07c988276f6e4f2a06af238,29,0,26,55,2,VIC,tensorflow,ICVul,CVE-2020-15211
ac84c5eb812097f1658170b60394db2a6b247d9c,42,11,53,106,1,VIC,tensorflow,ICVul,CVE-2020-15211
9c87c32c710d0b5b53dc6fd3bfde4046e1f7a5ad,20,0,0,20,1,VFC,tensorflow,ICVul,CVE-2021-37662
60ad1e63969d15f22be735efcd57d83af7941deb,188,18,35,241,3,VIC,tensorflow,ICVul,CVE-2021-29582
c283962960d724d8bf52eaa2089781dea80c4d9d,24,3,201,228,43,VIC,tensorflow,ICVul,CVE-2020-15211
2b5f598fbd822f911ad305ae1e57325aefd50826,46,23,0,69,2,VIC,tensorflow,ICVul,CVE-2021-29616
4b628e8a154c4fbd74ed13d3284fb887a5103e41,5,0,351,356,141,VIC,tensorflow,ICVul,CVE-2021-37646
26992815bf7ee136c49f658596a9fbde7881d425,413,0,0,413,4,VIC,tensorflow,ICVul,CVE-2022-41886
7144571f2fc59c8705e4e3d7b922fa0ebf44f3fa,1449,94,285,1828,36,VIC,tensorflow,ICVul,CVE-2019-16778
e8d3a48d0933323d5e4f85a25a7d9bab67ea56b3,14,0,2,16,6,VIC,tensorflow,ICVul,CVE-2022-35937
7bdf50bb4f5c54a4997c379092888546c97c3ebd,5,0,0,5,1,VFC,tensorflow,ICVul,CVE-2021-37649
6da6620efad397c85493b8f8667b821403516708,43,0,0,43,1,VFC,tensorflow,ICVul,CVE-2021-37663
982549ea3423df4270ff154e5c764beb43d472da,487,436,3506,4429,275,VIC,tensorflow,ICVul,CVE-2019-16778
da0dcb21501b765932e392ae710ebbecefeb309c,4,4,26,34,6,VIC,tensorflow,ICVul,CVE-2020-15211
e7873f5718ae576fe4f2e6871b2ecbe359b6990b,3,4,23,30,2,VIC,tensorflow,ICVul,CVE-2021-29599
d71090c3e5ca325bdf4b02eb236cfb3ee823e927,12,0,0,12,1,VFC,tensorflow,ICVul,CVE-2022-41897
90ed61e99f5768854f252bfc669d4160e38b84b8,808,387,24,1219,11,VIC,tensorflow,ICVul,CVE-2021-37650
d98f120b8cd9eeb82bfc26002577782b1f05d8f6,25,3,44,72,2,VIC,tensorflow,ICVul,CVE-2020-15211
88cdf1f81fa1938c5bb81c5d293fc0ed0758cadc,0,0,24,24,10,VIC,tensorflow,ICVul,CVE-2022-35983
07bb8c1bbc93fe1162d247511c89c136273ddd07,381,0,6,387,9,VIC,tensorflow,ICVul,CVE-2021-29585
da0d65cdc1270038e72157ba35bf74b85d9bda11,0,0,1,1,1,VFC,tensorflow,ICVul,CVE-2022-36001
08b8e18643d6dcde00890733b270ff8d9960c56c,12,0,1,13,1,VFC,tensorflow,ICVul,CVE-2023-25662
239139d2ae6a81ae9ba499ad78b56d9b2931538a,1,0,2,3,1,VFC,tensorflow,ICVul,CVE-2023-25663
552bfced6ce4809db5f3ca305f60ff80dd40c5a3,0,0,2,2,2,VFC,tensorflow,ICVul,CVE-2022-36003
acab6abb0113ff26f17fd0bc0f7dee7af7c3b41f,51,85,59,195,1,VIC,tensorflow,ICVul,CVE-2020-15202
f9233a58974095e9ee711ca7c5de9fa60ede742a,104,10,0,114,4,VIC,tensorflow,ICVul,CVE-2020-15211
b6e08947dc860973ac319efe1cd73569151a10c3,14,0,36,50,3,VIC,tensorflow,ICVul,CVE-2019-16778
48305e8ffe5246d67570b64096a96f8e315a7281,2,0,0,2,1,VFC,tensorflow,ICVul,CVE-2022-29191
5dc7f6981fdaf74c8c5be41f393df705841fb7c5,8,0,7,15,1,VFC,tensorflow,ICVul,CVE-2021-37637
eb10dcf81a30030a59a5cefa4f5e60d14362a164,217,1,71,289,2,VIC,tensorflow,ICVul,CVE-2021-37669
4dddb2fd0b01cdd196101afbba6518658a2c9e07,9,0,0,9,1,VFC,tensorflow,ICVul,CVE-2021-41206
bc456e361d49d1d89a74b80060c70efb51fd7d87,2522,19,50,2591,37,VIC,tensorflow,ICVul,CVE-2021-37674
e8aa9b7ded286b8018eca04fde0e95829c75c714,0,58,7,65,1,VIC,tensorflow,ICVul,CVE-2020-26267
831addfea46847836fa47e76055ec4ed4cd880ff,91,13,238,342,2,VIC,tensorflow,ICVul,CVE-2021-29616
f2c3931113eaafe9ef558faaddd48e00a6606235,9,0,0,9,1,VIC,tensorflow,ICVul,CVE-2023-25676
b0d38a101948b7e99ad6c58fb73935cef2963111,27,6,38,71,4,VIC,tensorflow,ICVul,CVE-2020-15202
1129f21360b24fd957a248b86ddefa311d9f5658,13,0,83,96,6,VIC,tensorflow,ICVul,CVE-2020-15211
9cb1a4a3abf7a559de34ffa6bcabb9eda34a64ad,10,0,0,10,1,VIC,tensorflow,ICVul,CVE-2021-41219
d9204be9f49520cdaaeb2541d1dc5187b23f31d9,9,0,1,10,1,VFC,tensorflow,ICVul,CVE-2021-37636
eb10a4c494d95e7c17ddc44ef35197d08f2f6b33,45,0,0,45,36,VIC,tensorflow,ICVul,CVE-2022-23580
f61c57bd425878be108ec787f4d96390579fb83e,4,0,0,4,1,VFC,tensorflow,ICVul,CVE-2021-29596
1c56f53be0b722ca657cbc7df461ed676c8642a2,4,0,0,4,1,VFC,tensorflow,ICVul,CVE-2021-29562
595a65a3e224a0362d7e68c2213acfc2b499a196,13,0,16,29,2,VFC,tensorflow,ICVul,CVE-2022-35937
c32bf34ebd9d43cc26d2f782f0401c825f7ee683,137,0,5,142,4,VIC,tensorflow,ICVul,CVE-2020-15211
446a9fc0fcd64482c4a205a1a5062eb0b41dd4b9,3944,0,3,3947,6,VIC,tensorflow,ICVul,CVE-2021-29602
a8d2f0983ecdea8ff2526c717d6a9b2f06f403d8,1,0,43,44,31,VIC,tensorflow,ICVul,CVE-2022-23586
6e3a43f4b7a1288c878b5daff274f1229256fbe8,264,9,29,302,6,VIC,tensorflow,ICVul,CVE-2022-23558
4681624eece54ab1ed5db3af458fcbde547d2ed6,1,24,3,28,2,VIC,tensorflow,ICVul,CVE-2022-29203
5231d3e4b30288b8963cf881b485875cff89c5f1,28,49,18,95,3,VIC,tensorflow,ICVul,CVE-2022-36015
271f6bb49d2140b4c1bca88391caedd1791561cf,63,61,90,214,36,VIC,tensorflow,ICVul,CVE-2022-29196
283782a2dc3301f4d9e8dee65654eb97c698d635,954,0,0,954,4,VIC,tensorflow,ICVul,CVE-2021-29566
87c1e9d23bcda1a493313aef747b429bab46ddd7,9,0,3,12,1,VIC,tensorflow,ICVul,CVE-2021-29570
97282c6d0d34476b6ba033f961590b783fa184cd,5,0,1,6,1,VFC,tensorflow,ICVul,CVE-2022-23566
704866eabe03a9aeda044ec91a8d0c83fc1ebdbe,2,0,0,2,1,VIC,tensorflow,ICVul,CVE-2022-29197
e6340f0665d53716ef3197ada88936c2a5f7a2d3,17,0,0,17,2,VFC,tensorflow,ICVul,CVE-2021-29616
c45be9283490d8e8d7b67074bfbdc9f24d67bc02,50,0,99,149,8,VIC,tensorflow,ICVul,CVE-2021-37656
2a458fc4866505be27c62f81474ecb2b870498fa,23,0,1,24,1,VFC,tensorflow,ICVul,CVE-2022-35964
8fdef24247814d322991127091cc6d0c1eb60380,52,12,10,74,1,VIC,tensorflow,ICVul,CVE-2023-25669
a74768f8e4efbda4def9f16ee7e13cf3922ac5f7,2,0,1,3,1,VFC,tensorflow,ICVul,CVE-2021-29579
8722aeebdf823763596869a71eb6a7077bff7ccf,16,0,16,32,4,VIC,tensorflow,ICVul,CVE-2022-35996
1d8a762da5d608a0f513f22023b356792bfb92fe,314,0,0,314,2,VIC,tensorflow,ICVul,CVE-2021-37669
c55b476aa0e0bd4ee99d0f3ad18d9d706cd1260a,6,0,0,6,1,VFC,tensorflow,ICVul,CVE-2022-35988
bce3717eaef4f769019fd18e990464ca4a2efeea,17,0,0,17,1,VFC,tensorflow,ICVul,CVE-2022-35965
3873154276b5d9f78fd82cedd658c808f4ea9c7b,48,0,0,48,2,VIC,tensorflow,ICVul,CVE-2020-15211
7c4b521c49199edf50137674302014c01db6eda5,215,58,18,291,3,VIC,tensorflow,ICVul,CVE-2021-37635
acb87b0fd588c0423d923ecb1ed439deab7e79cf,39,7,69,115,1,VIC,tensorflow,ICVul,CVE-2023-25669
50a1c3be8b7251b9a93e34b658176887cc53890c,206,0,0,206,2,VIC,tensorflow,ICVul,CVE-2022-35935
216525144ee7c910296f5b05d214ca1327c9ce48,21,0,3,24,3,VFC,tensorflow,ICVul,CVE-2022-41900
5cfb0fd9c7a89a788188f83886a7321b8a819369,67,2,42,111,4,VIC,tensorflow,ICVul,CVE-2022-21731
1b54cadd19391b60b6fcccd8d076426f7221d5e8,13,0,0,13,1,VFC,tensorflow,ICVul,CVE-2022-23567
639b4e71f532761a4840b1cdbaea55ad0917c75b,847,32,85,964,13,VIC,tensorflow,ICVul,CVE-2019-16778
4923de56ec94fff7770df259ab7f2288a74feb41,6,0,0,6,1,VFC,tensorflow,ICVul,CVE-2021-37640
3ae2c6691b7c6e0986d97b150c9283e5cc52c15f,503,0,189,692,13,VIC,tensorflow,ICVul,CVE-2021-29529
51300ba1cc2f487aefec6e6631fef03b0e08b298,19,0,0,19,1,VIC,tensorflow,ICVul,CVE-2021-37667
9d6b7680cfcc5b784401d17fef997f0c089038b1,128,16,57,201,8,VIC,tensorflow,ICVul,CVE-2022-29196
f79f7d0b1b0f7537dd980036b5a4e21a8570c4e4,59,25,14,98,2,VIC,tensorflow,ICVul,CVE-2020-15211
1bb1c0d2d10d5507ce06576baac8f577c294c16a,17,0,36,53,1,VIC,tensorflow,ICVul,CVE-2021-29562
d206dc47ad2484b97e0e2c3b4d5c713ee85f1229,280,0,27,307,8,VIC,tensorflow,ICVul,CVE-2021-37682
80ff197d03db2a70c6a111f97dcdacad1b0babfa,12,0,0,12,2,VFC,tensorflow,ICVul,CVE-2022-41899
203214568f5bc237603dbab6e1fd389f1572f5c9,10,0,15,25,1,VFC,tensorflow,ICVul,CVE-2021-37665
cb164786dc891ea11d3a900e90367c339305dc7b,3,0,1,4,1,VFC,tensorflow,ICVul,CVE-2022-23572
0416617ecae7fda2c646aeb53fa911ed6d129547,72,0,18,90,3,VIC,tensorflow,ICVul,CVE-2022-41883
68867bf01239d9e1048f98cbad185bf4761bedd3,0,0,1,1,1,VFC,tensorflow,ICVul,CVE-2021-41225
dcf9b035a09904322020d87a9324f04bcaf89eec,2,0,5,7,1,VIC,tensorflow,ICVul,CVE-2022-23566
e3749a6d5d1e8d11806d4a2e9cc3123d1a90b75e,16,4,3,23,1,VFC,tensorflow,ICVul,CVE-2022-21732
af4a6a3c8b95022c351edae94560acc61253a1b8,9,0,17,26,1,VFC,tensorflow,ICVul,CVE-2022-41898
38a77f4bc1c897c75560a0beb53426f20b883f6e,637,0,6,643,13,VIC,tensorflow,ICVul,CVE-2022-41894
7731e8dfbe4a56773be5dc94d631611211156659,2,0,1,3,1,VFC,tensorflow,ICVul,CVE-2021-41204
866bee3aeaa8f6dfd9a994c2a0c94c500ca1f664,5267,0,0,5267,25,VIC,tensorflow,ICVul,CVE-2022-21736
395380e82d2b49d20b8cb46eaef98fc640a2cb58,2,21,17,40,6,VIC,tensorflow,ICVul,CVE-2022-29210
84f2ec1d60b5bb14a59ccef8f8fa7eb5a1096e8f,51,12,14,77,4,VIC,tensorflow,ICVul,CVE-2021-37675
eebb96c2830d48597d055d247c0e9aebaea94cd5,9,0,0,9,1,VIC,tensorflow,ICVul,CVE-2022-35986
f68fdab93fb7f4ddb4eb438c8fe052753c9413e8,10,0,0,10,1,VFC,tensorflow,ICVul,CVE-2022-21733
7ae2af34087fb4b5c8915279efd03da3b81028bc,5,0,0,5,1,VIC,tensorflow,ICVul,CVE-2022-23567
bfb4c9bcb27aca34a0512ee1939f31f8e3820f7a,55,48,69,172,5,VIC,tensorflow,ICVul,CVE-2022-29207
79865b542f9ffdc9caeb255631f7c56f1d4b6517,6,0,0,6,1,VFC,tensorflow,ICVul,CVE-2021-29571
144e75a9184cd1bbbf28b2175790ebeb7411f33f,86,0,0,86,2,VIC,tensorflow,ICVul,CVE-2020-15211
cfa91be9863a91d5105a3b4941096044ab32036b,9,0,2,11,1,VFC,tensorflow,ICVul,CVE-2021-29527
be7a4de6adfbd303ce08be4332554dff70362612,6,0,0,6,1,VFC,tensorflow,ICVul,CVE-2021-37666
903337734dca35879ac3e29a927c65762e2e7972,172,0,5,177,3,VIC,tensorflow,ICVul,CVE-2021-29609
28a6e9dc9b40c8d0116c1c0467080171aa29728c,18,6,14,38,1,VIC,tensorflow,ICVul,CVE-2021-37665
53b0dd6dc5957652f35964af16b892ec9af4a559,14,0,0,14,1,VIC,tensorflow,ICVul,CVE-2022-35966
b1cc5e5a50e7cee09f2c6eb48eb40ee9c4125025,41,0,7,48,1,VFC,tensorflow,ICVul,CVE-2021-29519
f3b61805997f2a08fab35bd02f0f6be18e6cd8cc,221,0,1,222,3,VIC,tensorflow,ICVul,CVE-2022-23580
39ec7eaf1428e90c37787e5b3fbd68ebd3c48860,16,0,8,24,3,VFC,tensorflow,ICVul,CVE-2022-41896
6f031a7728deb2a6bc599cbed9f109c4300d478c,681,0,0,681,2,VIC,tensorflow,ICVul,CVE-2022-41888
da4aad5946be30e5f049920fa076e1f7ef021261,78,5,0,83,4,VFC,tensorflow,ICVul,CVE-2021-41206
329795f305d9784b72f086bf9470fed050376ad9,5,78,0,83,4,VIC,tensorflow,ICVul,CVE-2021-41206
025a88e6602b4baa372b12cfd8492335f79c4cd8,98,95,34,227,2,VIC,tensorflow,ICVul,CVE-2022-36027
afcd94a63b46ae0f3d5e249c2a696ffe3234916d,71,0,20,91,2,VIC,tensorflow,ICVul,CVE-2022-23560
de25acb3adf22228a78ebf94476678c0e4d2bb12,18,0,0,18,1,VIC,tensorflow,ICVul,CVE-2021-37689
6fa05df43b00038b048f4f0e51ef522da6532fec,20,0,6,26,1,VFC,tensorflow,ICVul,CVE-2023-33976
ea3b43e98c32c97b35d52b4c66f9107452ca8fb2,2,0,0,2,1,VFC,tensorflow,ICVul,CVE-2021-29543
579261dcd446385831fe4f7457d802a59685121d,7,0,2,9,1,VFC,tensorflow,ICVul,CVE-2021-41206
ca2c361fdd573eba2d03f62afd5c97d9c514bdc2,614,29,264,907,9,VIC,tensorflow,ICVul,CVE-2022-35959
5a8faefbad514c88ca5161ebc901bb9bd74d932d,250,0,0,250,8,VIC,tensorflow,ICVul,CVE-2021-37659
d66e1d568275e6a2947de97dca7a102a211e01ce,3,0,4,7,2,VFC,tensorflow,ICVul,CVE-2022-41885
35e4344f92f56edf78b524f7264c4552d71b2cc2,283,6,39,328,3,VIC,tensorflow,ICVul,CVE-2020-15211
660ce5a89eb6766834bdc303d2ab3902aef99d3d,6,0,0,6,1,VIC,tensorflow,ICVul,CVE-2022-41909
1a2a87229d1d61e23a39373777c056161eb4084d,3,0,0,3,1,VFC,tensorflow,ICVul,CVE-2021-29555
