commit_id,lines_added,lines_removed,lines_modified,files_changed,project,commit_role
1841f613fd2e73f09d3fa2beeccf2f8d978ec2db,1530,0,0,2,linux,BIC
6b0ef92fee2a3189eba6d6b827b247cb4f6da7e9,1,0,2,1,linux,BFC
b26ff127c52c005ac4eb99ebff7bd17c240c2e89,29,0,0,1,linux,BIC
1c306f7f62a38ee5f05f0ee994dfe82d654cf47c,0,0,1,1,linux,BFC
8ae4dff882eb879c17bf46574201bd37fc6bc8b5,2,0,2,1,linux,BFC
4c0eaac716d8e461584a4c8529cb00c72a563fa8,0,0,1,1,linux,BFC
3dc96bba65f53daa217f0a8f43edad145286a8f5,70,0,3,2,linux,BFC
b610393a66c7b8936f2435c33ee032b23581ed4e,0,0,2,1,linux,BFC
b887664d882ee4f6a67e0bf05e5f141d32fcc067,54,0,0,6,linux,BIC
d93b07f8a689cde962d4f97668a74ab76f55734d,0,4,3,1,linux,BFC
59f8b0bf3c12598cf4a5b333b0287774dbbdbe1f,46,0,4,1,linux,BIC
0a0c72c9118c4e63080eb409f0cfdf15808d23a4,3142,0,0,2,linux,BIC
f8d975be71143f00fea7a9ac0f57660e6a133dad,0,0,4,1,linux,BFC
80b3d04feab5e69d51cb2375eb989a7165e43e3b,0,13,10,1,linux,BFC
5cf6a51e6062afe7cc507f32f1e5f7e6497ae844,120,0,0,2,linux,BIC
d3e8e4c11870413789f029a71e72ae6e971fe678,1,0,4,1,linux,BFC
117b0dad2d54a4265f24eff1328ba594d9153f2a,43,0,34,3,linux,BIC
c88e2647c5bb45d04dc4302018ebe6ebbf331823,0,0,1,1,linux,BFC
33334e25769c6ad69b983379578f42581d99a2f9,0,4,0,1,linux,BIC
69c1f396f25b805aeff08f06d2e992c315ee5b1e,206,245,0,4,linux,BIC
e0838f6373e5cb72516fc4c26bba309097e2a80a,36,0,6,1,linux,BIC
bb986a50421a11bf31a81afb15b9b8f45a4a3a11,4,0,13,6,linux,BFC
23e76d1a516eef416fb5c038791e943fc0916b67,2,0,1,1,linux,BFC
5d0aa2ccd4699a01cfdf14886191c249d7b45a01,138,0,85,24,linux,BIC
eb38401c779d350e9e31396471ea072fa29aec9b,7,1,15,1,linux,BFC
39218ff4c625dbf2e68224024fe0acaa60bcd51a,77,0,0,2,linux,BIC
c8276dd250e9a9833f8ff1da1cd53e6f7e6825e2,0,19,14,1,linux,BFC
26ad340e582d3d5958ed8456a1911d79cfb567b4,1912,0,0,1,linux,BIC
1aad7078191116f8a363466fcf461f2325c5def2,8,0,1,1,linux,BIC
2e91838bf7ffdedabdb29e091207d6531d04ef4f,0,0,1,1,linux,BFC
da05a5a71ad8fc7c51d526151be193b7ef6e6c95,18,0,1,3,linux,BIC
17911ff38aa58d3c95c07589dbf5d3564c4cf3c5,94,0,4,10,linux,BIC
7b2f6c306601240635c72caa61f682e74d4591b2,0,0,1,1,linux,BFC
cf6af24b54903f9f70c29b3e5b19cb72cc862d60,6,0,2,1,linux,BFC
3fc32f40c40207bf85ce1b007f18981c4673df96,241,2,22,3,linux,BIC
788abc6d9d278ed6fa1fa94db2098481a04152b7,0,0,7,1,linux,BFC
5898b43af954b83c4a4ee4ab85c4dbafa395822a,4,21,19,4,linux,BFC
684b89bc39ce4f204b1a2b180f39f2eb36a6b695,844,0,0,2,linux,BIC
a74cfffb03b73d41e08f84c2e5c87dec0ce3db9f,12,8,4,3,linux,BIC
9d6408433019bfae15e2d0d5f4498c4ff70b86c0,2,0,8,1,linux,BIC
e66f17ff71772b209eed39de35aaa99ba819c93d,25,9,28,5,linux,BIC
d055126180564a57fe533728a4e93d0cb53d49b3,39,0,0,6,linux,BIC
2519a602c273c5254781bc55b6e678a17e469a12,10,0,29,3,linux,BIC
7090425104dbd87959bd424e9bd5a8711fde0986,380,0,0,1,linux,BIC
07f615574f8ac499875b21c1142f26308234a92c,1,12,6,2,linux,BFC
6cd0fe91387917be48e91385a572a69dfac2f3f7,0,0,2,1,linux,BFC
019f34fccfd5cf5ff1e722dafd9fe2bd54434e66,105,17,3,2,linux,BIC
a593f70831b68740fb7db69e0556ca72dac8c7a8,0,0,6,1,linux,BFC
a08ca5d1089da03724f96fa0870c64968e66765b,11,7,10,1,linux,BIC
f9993480214f1345497875ed363a52b7ef7e33db,0,0,1,1,linux,BFC
2e5db6eb3c23e5dc8171eb8f6af7a97ef9fcf3a9,16,0,6,1,linux,BFC
6682c14bbe505a8b912c57faf544f866777ee48d,0,0,1,1,linux,BFC
8692969e9164c15474b356b9898e5b9b21a85643,1,0,0,1,linux,BFC
d715ff8acbd5876549ef2b21b755ed919f40dcc1,31,43,6,1,linux,BFC
c850240b6c4132574a00f2da439277ab94265b66,18,0,4,1,linux,BIC
8702ba9396bf7bbae2ab93c94acd4bd37cfa4f09,0,7,20,7,linux,BFC
174fd8d369613c4e06660f3704caaba48dac8554,0,0,2,1,linux,BFC
1bd63524593b964934a33afd442df16b8f90e2b5,16,0,2,2,linux,BIC
54364278fb3cabdea51d6398b07c87415065b3fc,0,0,2,1,linux,BFC
62717f537e1b325665711166c33cd2d06fd6a5cd,55,0,17,2,linux,BIC
e05ad7e0741ce0505e1df157c62b22b95172bb97,1,0,0,1,linux,BFC
ceaa762527f41a431b552bc000de4b626d2d8cb7,27,0,5,1,linux,BIC
015e367494c1d5f5d6405eae5419f7932e96139a,13,10,0,3,linux,BIC
6fedae3cad8b122c8b0afb26a0569d9910255edd,2,3,6,1,linux,BFC
ec607a564f70519b340f7eb4cfc0f4a6b55285ac,2,5,3,1,linux,BFC
a59322be07c964e916d15be3df473fb7ba20c41e,20,0,20,4,linux,BIC
ae6683d815895c2be1e60e1942630fa99488055b,6,0,0,1,linux,BIC
ed2f97ad4b21072f849cf4ae6645d1f2b1d3f550,2,2,0,1,linux,BFC
b9247544c1bccfe1b74ddf1dade719a69946cbb1,164,8,127,5,linux,BIC
dd0e2193b1e41efe611d265cea2719df4e59560f,0,0,1,1,linux,BFC
5be9b730b09c45c358bbfe7f51d254e306cccc07,1,0,0,1,linux,BFC
e4b8b3f33fcaa0ed6e6b5482a606091d8cd20beb,291,0,2,11,linux,BIC
27f8899d6002e11a6e2d995e29b8deab5aa9cc25,12,1,9,2,linux,BFC
c07d5c9226980ca5ae21c6a2714baa95be2ce164,15,0,9,1,linux,BFC
3a0f64de479cae75effb630a2e0a237ca0d0623c,17,2,11,3,linux,BFC
8861249c740fc4af9ddc5aee321eafefb960d7c6,0,0,1,1,linux,BFC
75d7dbd3882450c7b6602d234b3b31864dbc356d,35,0,4,1,linux,BIC
39099a4433586cdf30a7fc73aae4c77159b4a8c7,80,0,2,1,linux,BIC
6fa19f5637a6c22bc0999596bcc83bdcac8a4fa6,0,0,3,1,linux,BFC
11a3799dbeb620bf0400b1fda5cc2c6bea55f20a,0,3,1,1,linux,BFC
c075b6f2d357ea91e8ef01e860571e7d151f3aa3,7,0,173,10,linux,BIC
d72458071150b802940204950d0d462ea3c913b1,5,0,1,1,linux,BFC
8c934095fa2f336d92b722f49f78ca7abf47e051,0,0,1,1,linux,BIC
0101947dbcc3204f08fb5b69a21dbd4b1535cad6,71,0,0,2,linux,BIC
9f775ead5e570e7e19015b9e4e2f3dd6e71a5935,0,47,2,1,linux,BFC
9d0f18bca3b557ae5d2128661ac06d33b3f45c0a,0,0,1,1,linux,BFC
4a7e1e5fc294687a8941fa3eeb4a7e8539ca5e2f,0,0,2,1,linux,BFC
f9aefd6b2aa38b9787d2705f0f1161dfd23cdb8f,6,4,1,1,linux,BIC
6d2c89441571ea534d6240f7724f518936c44f8d,1,0,1,1,linux,BFC
1d2f3d3c62684b793339d0ae841ac67b555d8c8d,0,0,1,1,linux,BFC
5b6cc38f3f3f37109ce72b60bda215a5f6892c0b,0,0,3,1,linux,BFC
f571389c0b015e76f91c697c4c1700aba860d34f,0,0,1,1,linux,BFC
48d71395896d54eec989179dd265e569fcecb15a,530,0,0,2,linux,BIC
6deae96b42eb1fa84938088087de0bd748f53093,33,0,0,2,linux,BIC
cd1604fab4f95f7cfc227d3955fd7ae14da61f38,85,140,108,5,linux,BIC
afaf99751d0c906914fd958432b648db2ccdf1bb,5,111,44,2,linux,BIC
0ff1fb654bec0cff62ddf81a8a8edec4263604a0,677,0,81,14,linux,BIC
e278dcb7048b1a27b559e34b0f5f0e50f06221a2,344,0,0,1,linux,BIC
28a3f0601727d521a1c6cce62ecbcb7402a9e4f5,182,0,2,4,linux,BIC
8f76aa0ebe0b7787afe768d9df80031e832d2520,0,1,0,1,linux,BFC
9648f1c3739505557d94ff749a4f32192ea81fe3,0,0,1,1,linux,BFC
843010a815e87b45fc6b64848f02e42f6aee3f22,0,0,1,1,linux,BFC
503ba7c6961034ff0047707685644cad9287c226,1,0,2,1,linux,BIC
87ea95808d53e56b03e620e8f8f3add48899a88d,40,2,2,3,linux,BIC
0f33250760384e05c36466b0a2f92f3c6007ba92,0,4,10,1,linux,BFC
f4602cbb0a2478dda8238a4f382867da425daa8e,0,0,5,1,linux,BFC
703ba88548082f91970ee91c9fb64ab582e391cd,1,0,4,1,linux,BFC
3d4405226d27b3a215e4d03cfa51f536244e5de7,0,7,8,2,linux,BFC
baedbe55884c003819f5c8c063ec3d2569414296,8,0,0,1,linux,BFC
580ee84405c27d6ed419abe4d2b3de1968abdafd,2,0,0,1,linux,BFC
cd324edce598ebddde44162a2aa01321c1261b9e,5,0,2,1,linux,BFC
54baf56eaa40aa5cdcd02b3c20d593e4e1211220,10,1,2,1,linux,BFC
7b1298e05310f1fe58401f40e5426a558ec5d3ac,13,117,17,1,linux,BIC
fa86ee90eb1111267de67cb4272b5ce711f18cbb,68,0,1,2,linux,BIC
5c2b301476ec493be15546f05e23414e2aa9d472,15,1,14,2,linux,BFC
cf10e09b9a4b28fe6df3fe8fc851fb2c4bd18a14,3,0,2,1,linux,BFC
dd14a3e9b92ac6f0918054f9e3477438760a4fa6,0,0,1,1,linux,BFC
d86ad463d6706d35167418660ae3293207ee9d1c,17,9,0,2,linux,BIC
3674cc49da9a8fc55bf1dec2ab03a66c77f2dcdf,0,65,48,1,linux,BIC
277f27e2f27752cd1a7901443d72e908ddea8a2e,2,3,17,2,linux,BIC
a9f9772114c8b07ae75bcb3654bd017461248095,1,6,1,1,linux,BFC
f005afede992e265bb98534b86912bb669ccd0d2,34,22,6,1,linux,BFC
e2f747b1f42a2f6b0cf5416be1684c1b94a42f0f,22,22,62,1,linux,BIC
b33b556ce59b5239a7b73c495209f90ec990e60c,0,0,5,1,linux,BFC
a87c99e61236ba8ca962ce97a19fab5ebd588d35,1,0,0,1,linux,BFC
9a4506e11b9717db2e03c8eedc14d2baaf78b66b,26,0,0,1,linux,BIC
babc8110057cb9ca542c3c1666cbda4e8ccf9250,3,0,1,2,linux,BFC
680557cf79f82623e2c4fd42733077d60a843513,22,25,21,1,linux,BIC
39a6e7376af08b4caabf57ae21335bd31f003073,0,0,78,5,linux,BFC
fe97e2e173afb61f1bb889c45f9597102c9f4849,2,0,1,1,linux,BIC
58f09b78b730cf0d936597272bf35b3d615e967c,45,12,74,5,linux,BIC
df06047d54276f73782c9d97882b305fca745d3f,7,0,1,1,linux,BFC
55378a238e04b39cc82957d91d16499704ea719b,0,0,1,1,linux,BFC
7b1957b04956bfd8ea0280bf84a724e5cd0a7f44,10,0,5,1,linux,BIC
f81602958c115fc7c87b985f71574042a20ff858,0,19,2,1,linux,BFC
6ae01050e49f0080ae30575d9b45a6d4a3d7ee23,13,0,6,1,linux,BFC
56b8aae959499508090b2d2db6961ed905f38164,4,23,10,1,linux,BFC
e8458e7afa855317b14915d7b86ab3caceea7eb6,1,0,0,1,linux,BFC
ca1697eb09208f0168d94b88b72f57505339cbe5,15,0,6,1,linux,BFC
0a55cf74ffb5d004b93647e4389096880ce37d6b,0,2,0,1,linux,BFC
0cc3b0ec23ce4c69e1e890ed2b8d2fa932b14aad,0,0,2,1,linux,BFC
e6130eba8a848a7a6ba6c534bd8f6d60749ae1a9,133,0,7,2,linux,BIC
1292e972fff2b2d81e139e0c2fe5f50249e78c58,3,0,2,2,linux,BFC
6570f991582e32b7992601d0497c61962a2c5dcc,2,0,33,1,linux,BFC
a0c76345e3d3dbc40c39de2e00d15a3b7eef7885,53,0,4,5,linux,BIC
248db92da13f25073e7ebbd5fb95615aafd771d1,34,0,4,1,linux,BIC
ac0fffa0859b8e1e991939663b3ebdd80bf979e6,5,0,1,1,linux,BFC
a668cc07f990d2ed19424d5c1a529521a9d1cee1,0,1,1,1,linux,BFC
f5e4edb8c888958a970b2d42c47d2871a1a4fcdf,5,8,4,1,linux,BIC
3f3558c8054f82950b6decf928738306f556edf3,2,0,0,1,linux,BFC
1057afa0121db8bd3ca4718c8e0ca12388ab7759,0,0,2,1,linux,BFC
3a010c493271f04578b133de977e0e5dd2848cea,10,4,7,4,linux,BFC
36375491a439565402d1cb2cf12955c11f2ed5a6,59,0,5,1,linux,BIC
2dbe5495763612f7c1b68fc897cd28c9e22079b8,3,0,0,1,linux,BIC
19426d54302e199b3fd2d575f926a13af66be2b9,0,0,7,1,linux,BFC
3cf4375a090473d240281a0d2b04a3a5aaeac34b,0,6,4,1,linux,BFC
ad4f15dc2c70b1de5e0a64d27335962fbc9cf71c,6,0,1,1,linux,BIC
4844ef80305d0180051d0787cd91c63573255dc2,103,0,17,2,linux,BIC
815121d2b5cd56f1757d4468dc3abadd06a0ed6b,207,0,0,1,linux,BIC
54e7e48b13c85d9a730b989fe7dc5250199a4f81,2,0,0,2,linux,BFC
375f755899b8fc21196197e02aab26257df26e85,6,11,16,1,linux,BFC
2035f3ff8eaa29cfb5c8e2160b0f6e85eeb21a95,3,0,3,1,linux,BIC
53490b545cb07c9d2e1b36aa680afaf0d435aec8,0,0,0,1,linux,BIC
e2dc3f72eea7decdb56368f0de88bba343720828,1,0,4,1,linux,BFC
2b76ef13086ff0170abfc7f7ebfd104abfdee463,250,5,33,5,linux,BIC
24fc79798b8ddfd46f2dd363a8d29072c083b977,6,0,1,1,linux,BFC
3e87599b68e7929a84a32ab65ad17b79a3f271f6,923,4,6,6,linux,BIC
2db154b3ea8e14b04fee23e3fdfd5e9d17fbc6ae,96,0,31,6,linux,BIC
91cb2c8b072e00632adf463b78b44f123d46a0fa,0,0,2,2,linux,BFC
4297a0ef085729af98adab9131d128c576ed3044,24,0,32,7,linux,BIC
fe9a552e715dfe5167d52deb74ea16335896bdaf,6,0,7,2,linux,BFC
1399c59fa92984836db90538cf92397fe7caaa57,0,0,1,1,linux,BFC
5433ba365f6dd9f30899188755eb4b093314732c,0,0,4,1,linux,BFC
a08588ea486a5590b50c36f437dc86350271b250,0,0,3,1,linux,BFC
db1319e166c5e872c4be54eac4e47454133708cf,1,0,1,1,linux,BFC
eaa160ededfad7a38f7ee06dc1af2ced1b410ad8,22,9,13,1,linux,BFC
a071261d93184f43b7dede7516b6c449c4ed5770,0,4,8,4,linux,BIC
beda5fc1ff9b527059290a97b672d2ee0eb7b92f,0,0,1,1,linux,BFC
97ef7b4c5501b081c6144a08bba6d87baf69b6e5,2,0,2,2,linux,BFC
f9c9104288da543cd64f186f9e2fba389f415630,5,0,3,1,linux,BFC
91989c707884ecc7cd537281ab1a4b8fb7219da3,16,0,30,14,linux,BFC
157e876ffe0b28821a0d82d8ac944fe7363bbe87,27,18,5,2,linux,BIC
6d674e28f642e3ff676fbae2d8d1b872814d32b6,14,1,3,1,linux,BIC
cd294f9a645f254bb4f5e15c64eb8aec5d4a4fda,0,0,5,1,linux,BFC
76f0c53d08b933b4708be0d775ba57a0fb4d858a,0,0,0,2,linux,BIC
57397d86c62dfee7bf1d60c9960201c78a9c4ec2,504,0,0,1,linux,BIC
d7270d619aaf4ce0e3d079fbdcae274476883e47,11,0,7,1,linux,BFC
644a80508f918e488aad70814b65b7007438ef4c,4,0,2,1,linux,BFC
dc161162e42ca51daff50e86a4a4bb8395d60501,2,0,2,1,linux,BFC
a04ff739f2a93d0564a5c71bfb3f459a3c06dbb8,419,0,1,5,linux,BIC
6f779a66dc84450ceb4825024d3e337f42e633de,10,0,4,2,linux,BIC
21118e8e56479ef33460fbd63a5ad0535843b666,4,2,6,1,linux,BFC
b1824968221ccc498625750d8c49cf0d7d39a4de,47,23,10,4,linux,BIC
ad2a722f196d2b014f49e6c37e072df71eb3695f,11,0,24,1,linux,BIC
17b9a94656fe19aef3647c4f93d93be51697ceb1,5,3,4,1,linux,BFC
f77084d96355f5fba8e2c1fb3a51a393b1570de7,10,0,1,2,linux,BIC
88931ec3dc11e7dbceb3b0df455693873b508fbe,0,36,7,1,linux,BFC
c2b69f24ebd166a13cdc9909b50f33228895998b,1,2,0,3,linux,BFC
28aa4c26fce2202db8d42ae76b639ca1d9a23d25,85,0,8,6,linux,BIC
442f1e746e8187b9deb1590176f6b0ff19686b11,0,0,1,1,linux,BFC
83796f2652bc31170eee5563e37c6af92db41de9,1,0,1,1,linux,BFC
81edb42629758bacdf813dd5e4542ae26e3ad73a,74,98,0,2,linux,BIC
a93a0a15876d2a077a3bc260b387d2457a051f24,0,1,0,1,linux,BFC
71a83bd727cc31c5fe960c3758cb396267ff710e,34,0,0,2,linux,BIC
db878e27a98106a70315d264cc92230d84009e72,3,0,2,1,linux,BFC
2c0ae1720c09c6f8fc8c6bcece29dc80b08ca1af,74,29,35,1,linux,BIC
7d0ec8b6f40b356f780b79de63eeafd6b907d68c,4,1,6,1,linux,BFC
16beac87e95e2fb278b552397c8260637f8a63f7,80,6,7,5,linux,BFC
e46e7b77c9096eb2f4d6bcb9ca0b64c9338465ee,15,6,1,1,linux,BFC
e365280521029c9366bab038915274ddaa1b7195,0,1,0,1,linux,BFC
6b10998d74398ec8745d54dfdcbcc1eb445a2f9f,91,61,2,4,linux,BFC
b16c29191dc89bd877af99a7b04ce4866728a3e0,18,2,17,5,linux,BIC
76c31e5f758596509fbab120b8d055bf927ed165,22,13,13,8,linux,BIC
f77021372e2880237278e0ee57faadc077a8256a,69,0,0,4,linux,BFC
43598813386f6205edf3c21f1fe97f731ccb4f15,20,0,5,4,linux,BIC
4b9ace9c25dc5d672a548da34cebf3a39710017f,1,0,0,1,linux,BFC
409af447c2a0a6e08ba190993a1153c91d3b11bd,0,0,12,1,linux,BFC
7f852cc1579297fd763789f8cd370639d0c654b6,3,0,1,1,linux,BFC
43174f0d4597325cb91f1f1f55263eb6e6101036,0,0,1,1,linux,BFC
957a2b345cbcf41b4b25d471229f0e35262f066c,1,0,0,1,linux,BFC
f38a7b75267f1fb240a8178cbcb16d66dd37aac8,12,6,2,2,linux,BIC
d09d818ec2ed31bce94fdcfcc4700233e01f8498,3,1,1,2,linux,BFC
d39b6ea4f8c90e9e5f03a06b6a4fd4af11e2f617,0,0,1,1,linux,BFC
019ec0032e821a7262995af0c81b242dc7e55c9f,3,0,0,1,linux,BFC
5b2c2f5a0ea3a43e0dee78059e34c7cb54136dcc,3,4,0,2,linux,BIC
bd6461cc7b3c4fd12dcba4b0e95dfc612df872fd,137,0,1,1,linux,BIC
3c6b8625dde82600fd03ad1fcba223f1303ee535,2,0,0,1,linux,BFC
d8187177b0b195368699ba12b5fa8cd5fdc39b79,171,0,0,2,linux,BIC
077fcf116c8c2bd7ee9487b645aa3b50368db7e1,79,9,6,3,linux,BIC
214613656b5179f0daab6e0a080814b5100d45f0,236,0,0,4,linux,BIC
d2032678e57fc508d7878307badde8f89b632ba3,0,0,2,1,linux,BFC
e5afdf9dd515a9446c009f44f99f9bc2f91b89a7,20,0,17,7,linux,BIC
90b22b9bcd242a3ba238f2c6f7eab771799001f8,18,7,2,1,linux,BFC
051fb70fd4ea40fbc7139186a4890b2fe5cb1e76,1108,0,0,3,linux,BIC
95c5824f75f3ba4c9e8e5a4b1a623c95390ac266,148,0,0,4,linux,BIC
eda6f4e868e74adfae8ac6b06a863a090affbb14,0,0,3,1,linux,BFC
0a7480bd327afcccd7263be5b485f85943e1e903,1,0,1,1,linux,BFC
3431c3f660a39f6ced954548a59dba6541ce3eb1,0,0,1,1,linux,BFC
98ef77d1aaa7a2f4e1b2a721faa084222021fda7,2,0,12,1,linux,BIC
20396365a16dae4b4e3967fc7115d5336feb30ee,6,8,1,1,linux,BFC
016d5c35e27824f31c394009dd0f72f2c6b0dc85,363,0,17,5,linux,BIC
892d1fa7eaaed9d3c04954cb140c34ebc3393932,6,11,19,3,linux,BIC
dd02d4234c9a2214a81c57a16484304a1a51872a,9,24,23,1,linux,BFC
484a58607a808c3721917f5ca5fba7eff809e4df,0,6,9,1,linux,BFC
dbb6c58b5a61d0c26a3da65ebb728727c305c3a1,6,0,0,2,linux,BIC
3786dc454fa4c10b129acc0535705f1c5a64fc72,0,0,1,1,linux,BFC
48a7639ce80cf279834d0d44865e49ecd714f37d,57,17,37,3,linux,BIC
8520fa57a4e934eff631883cf80744d3a84c734b,17,0,2,1,linux,BIC
3a07bb1d7676ea24bc1585ba2a80604852c005e7,9,0,1,1,linux,BFC
c6e08d6251f342090a9b9abccbf26b19bcb54d17,4,4,1,1,linux,BIC
96988a526c97cfbe6664e637640dca9406b0b928,487,0,0,1,linux,BIC
ea1529873ab18c204688cf31746df851c098cbea,4,6,2,3,linux,BFC
df38dafd255954ee7012785c62e615f595d5cb3c,104,0,6,3,linux,BIC
7259124eac7d1b76b41c7a9cb2511a30556deebe,2290,2030,0,4,linux,BIC
fa50d974d104113630d68b7d03233a6686230d0c,18,13,8,8,linux,BIC
b306320322c9cfaa465bc2c7367acf6072b1ac0e,0,0,1,1,linux,BFC
3f0ae05d6fea0ed5b19efdbc9c9f8e02685a3af3,0,0,1,1,linux,BFC
6966bb921def0a4ef1e069f806c086efae6782ea,11,15,11,1,linux,BIC
2475b1cc0d5283a33144b79f3eba6d401d873962,415,36,65,15,linux,BIC
e7e6c6320c8c9ed923250cd019e5f9ca0f59b4b8,0,0,1,1,linux,BFC
c15d7e11ae4de6e592c69b7f30312238571a7c78,1,0,4,1,linux,BFC
1bc6a60143a4f9264cc6e09ceb9919f4e813a872,15,2,10,4,linux,BFC
cac6cc2f5ac710334ae0f6bba5630d791c253574,0,1,2,1,linux,BFC
cf41a51db89850033efc11c18a5257de810b5417,97,0,0,1,linux,BIC
92234c8f15c8d96ad7e52afdc5994cba6be68eb9,32,0,7,4,linux,BIC
32dd7731699765f21dbe6df9020e613d4ed73fc3,0,0,1,1,linux,BFC
7e5219d18e93dd23e834a53b1ea73ead19cfeeb1,6,0,1,1,linux,BIC
81c8bf9170477d453b24a6bc3300d201d641e645,1,0,0,1,linux,BFC
4b060420a596095869a6d7849caa798d23839cd1,149,0,17,4,linux,BIC
0fa430e96d3c3561a78701f51fd8593da68b8474,1,0,1,1,linux,BFC
b78e2b78a88ce4982294ceb03c1227810e659a7b,0,0,1,1,linux,BFC
313140023026ae542ad76e7e268c56a1eaa2c28e,13,0,8,1,linux,BFC
d94ba80ebbea17f036cecb104398fbcd788aa742,1435,0,0,8,linux,BIC
00f7dc636366f72474b1896f4990b3c086cd2c6d,89,0,1,3,linux,BIC
1f5253b08e06bc798e5254ede22d4238e9a52af8,0,4,3,1,linux,BFC
d15183991c2d53d7cecf27a1555c91b702cef1ea,1,0,0,1,linux,BFC
2822da446640d82b7bf65800314ef2a825e8df13,4,0,1,1,linux,BIC
461017cb006aa1b39b0f647ae0ee2d9d84eef05b,310,5,39,5,linux,BIC
e6a18d36118bea3bf497c9df4d9988b6df120689,2,2,0,1,linux,BFC
31c1a7b8f966470ce136710a95afcf5822fecef8,0,0,2,1,linux,BFC
50535249f624d0072cd885bcdce4e4b6fb770160,5,0,0,1,linux,BFC
2f0e8aae26a27fe73d033788f8e92188e7584f41,26,44,45,9,linux,BIC
6bd3d1929246bb0cf4f3bd6e25a0ba442b0de845,0,0,1,1,linux,BFC
39deb6993e7c22274c272c95013eef886f7004e8,0,59,24,1,linux,BIC
a6d678645210f187a23c4715579a34152ce10af6,90,0,16,1,linux,BIC
4e81c0b3fa93d07653e2415fa71656b080a112fd,4,0,1,1,linux,BFC
7d9a935e169b7e51a5f84caf8dfb02aad6206902,2,0,1,1,linux,BFC
833423143c3a7c6545e409d65febd0d92deb351b,126,0,2,2,linux,BIC
2eb1e42551a8128d9182480dfaea52fa861e26e8,3,0,1,1,linux,BFC
fe6a6de6692e7f7159c1ff42b07ecd737df712b4,4,0,8,1,linux,BIC
b8c54ea455dc2e0bda7ea9b0370279c224e21045,56,1,24,3,linux,BIC
d9cef42529402f9fce10376b6e427a5137d90c3d,0,1,0,1,linux,BFC
4ee9fe3e292bafc915872fce5eacd2c185d7711f,52,27,12,1,linux,BIC
5ed4cecd75e90232a19afa502cf477925854561e,1,13,27,1,linux,BIC
cce335ae47e231398269fb05fa48e0e9cbf289e0,52,14,23,4,linux,BIC
daa664a5cdd599583fceb9018c49d783bc5a0d5d,2,0,2,1,linux,BFC
4909010788640b7101bf50cddb7c5e60172b4433,294,0,0,2,linux,BIC
8afe97e5d4165c9d181d42504af3f96c8427659a,57,0,10,1,linux,BIC
28e1745b9fa23f71f465f6b65f966a1ef65af517,1,9,2,3,linux,BIC
c68a027c05709330fe5b2f50c50d5fa02124b5d8,0,0,1,1,linux,BFC
09755690c6b7c1eabdc4651eb3b276f8feb1e447,1,0,6,1,linux,BFC
0cf9135b773bf32fba9dd8e6699c1b331ee4b749,13,14,0,4,linux,BFC
87787e5ef727ff15f7c552cc48823b469f2eb41b,1,0,2,1,linux,BIC
f4eaed28c7834fc049c754f63e6988bbd73778d9,27,10,8,1,linux,BIC
5b55633f20ee1bb253dc7d915ec2fd35fd865d5a,17,0,6,3,linux,BFC
5e767cca2964d6225ca6eebe2efade6e0fe99557,0,2,11,1,linux,BFC
37be66767e3cae4fd16e064d8bb7f9f72bf5c045,25,54,11,1,linux,BIC
c6ba4f3e68e9dd41e75777aba8ba138c49e6ea60,0,0,1,1,linux,BFC
6ddb7426a7d4429c9df9dada9ebc0cc396d31cc4,162,0,2,3,linux,BIC
43fef47f94a1ae46fb2720dada32fa3b5547bee2,17,0,0,1,linux,BIC
9ff8a616dfab96a4fa0ddd36190907dc68886d9b,5,0,1,2,linux,BFC
39f57f6799cdd437277122d4cd1c470c08f527c0,0,18,0,2,linux,BFC
7edf7369205baa158b08dea9efa2764bee41ab03,397,0,0,1,linux,BIC
b8f54f2cde788623f41d11327688c75aed34092f,17,0,0,1,linux,BIC
5b0ff9a00755d4d9c209033a77f1ed8f3186fe5c,1,0,0,1,linux,BFC
12f7764ac61200e32c916f038bdc08f884b0b604,0,0,1,1,linux,BFC
e4c3b2dcd1449def1229efb138da7cb28c796c71,5,36,11,3,linux,BIC
0a86512dc113e4de6550d49f276142009231c846,227,176,0,4,linux,BIC
6d827fbcc370ca259a2905309f64161ab7b10596,2,0,1,1,linux,BFC
ef55f8215a78b7021401281e8a7fe056fd5ecdab,42,0,6,1,linux,BIC
9e6b5648bbc4cd48fab62cecbb81e9cc3c6e7e88,6,0,2,3,linux,BFC
7f73c10b256bbaf0843adf509dc4744fc846bcd5,0,74,14,2,linux,BIC
3aed8b63336c3f81a4fd72808dcf6197fabbbdb2,15,0,0,1,linux,BIC
fb899dd8ea9c4ac5928b86946e6536790981adae,5,5,0,1,linux,BFC
d7b9d9b31a3e55dcc9b5c289abfafe31efa5b5c4,1,1,1,1,linux,BFC
bd91b56cb3b27492963caeb5fccefe20a986ca8d,2,0,0,1,linux,BFC
3fe3331bb285700ab2253dbb07f8e478fcea2f1b,17,0,9,1,linux,BIC
ee72f6adfdd95b53432eb60b6944c6fe2790dd13,0,0,1,1,linux,BFC
9e06d3f9f6b14f6e3120923ed215032726246c98,20,0,293,1,linux,BIC
db7ee32aa1859c155e634a4d5c44b9cff4c9a6e5,248,147,91,2,linux,BIC
9d84604b845c3888d1bede43d16ab3ebedb13e24,0,0,2,1,linux,BFC
953c1fd96b1a70bcbbfb10973c2126eba8d891c7,0,0,1,1,linux,BFC
221bc77914cbcccaac1918ba80dce807452e143d,1,43,9,2,linux,BIC
a6a5325239c20202e18e21e94291bccc659fbf9e,5227,0,0,6,linux,BIC
6d0af07d5f4579ed8d43eb2de91c84c79c780755,1,0,0,1,linux,BFC
d0fb6ba75dc0dfa604d1579cb747eff2438248f8,7,0,4,1,linux,BIC
20ffa1caecca4db8f79fe665acdeaa5af815a24d,23,0,1,3,linux,BIC
b3ff824a81e8978deb56f6d163479c1a0a606037,9,26,115,9,linux,BIC
c1286050cf47170fbce7edc3787ab577a882863b,64,0,0,1,linux,BIC
0da03cab87e6323ff2e05b14bc7d5c6fcc531efd,10,6,6,1,linux,BIC
62b03f45c6352410d13bf0710d24ef6290632eb1,1,0,0,1,linux,BFC
4efc851c36e389f7ed432edac0149acc5f94b0c7,19,0,3,1,linux,BFC
dd8d8d44df643a8f55ec2e854cc3c2dd892654cb,195,0,5,4,linux,BIC
166ceb69075066cba196434482370f1e0318bc3e,2,7,14,1,linux,BIC
277323814e495616dd76409bec855f5c68f54988,10,0,2,2,linux,BIC
f299b7c7a9dee64425e5965bd4f56dc024c1befc,71,23,6,4,linux,BIC
43934ece2ea72c1dd279c0b0478c1a036d5d77ee,0,0,2,1,linux,BFC
b14e4e95f9ec5acf2cf65bcc4fab2fe8ded81ac3,17,20,36,3,linux,BIC
820672812f8284143f933da8ccc60e296230d25d,389,0,0,2,linux,BIC
cdc7daa9e3e102fc650321c8c0d2d8cf0ced3910,3,0,0,1,linux,BFC
394e40a29788820c9c0526b1c3497c9e0ec2a126,17,3,53,4,linux,BIC
a638b1d8cc875ae819591be787503fc1db053d5f,73,0,1,2,linux,BIC
35f3625c21852ad839f20c91c7d81c4c1101e207,1,0,4,1,linux,BFC
8f394da36a361cbe0e1e8b1d4213e5598c8095ac,1,2,11,2,linux,BIC
a357b3f80bc8d785ac7bdb99eb10ad0ba51275c9,37,0,6,4,linux,BIC
1c15b05baea71a5ff98235783e3e4ad227760876,0,0,1,1,linux,BFC
8dd33cc93ec92b8460ed2ad98c6db39276f6a72b,168,91,8,3,linux,BIC
b90c6d1050331089bb65882f382068b0118c64f3,0,0,1,1,linux,BFC
11598d1740500e3c1848122f3e77ab017aa38b77,26,0,2,1,linux,BIC
2c92ef8ff8d327797c1920ae7f938bcc6f3f7421,0,0,2,1,linux,BFC
f7f6634d23830ff74335734fbdb28ea109c1f349,18,0,1,1,linux,BFC
ac887be5b0fea53104fd6e2e5c904fb85f171f78,0,0,44,1,linux,BIC
24c790fbf5d8f54c8c82979db11edea8855b74bf,2,0,1,1,linux,BFC
af8f6f39b8afd772fda4f8e61823ef8c021bf382,6,0,7,1,linux,BFC
6c395f66e98c895cf3ebf87c0b2fc63b6a57a196,4,0,0,1,linux,BFC
9605f75cf36e0bcc0f4ada07b5be712d30107607,2,0,0,1,linux,BFC
94acaeb50ced653bfe2c4d8037c70b107af14124,27,0,1,3,linux,BFC
ee5a0448e72b0857260e04f68126b2bfa27c154e,3,3,74,1,linux,BIC
74b86d6af81be73bb74995ebeba74417e84b6b6f,4,0,1,1,linux,BFC
db06ae41945b14feb7f696dcafe8048cc37e8a20,4,0,0,1,linux,BFC
00ee9a1ca5080202bc37b44e998c3b2c74d45817,3,0,3,1,linux,BFC
1b5b23718b8460b1627d3aeb4aa8ab04170e53f7,481,0,0,1,linux,BIC
c3213d260a23e263ef85ba21ac68c9e7578020b5,1,0,1,1,linux,BFC
d0b78265cac9d8b5f7d5c97fa44860d6ab952dc8,2,1,2,1,linux,BFC
a32ef81c9889c9554a3c4b465c4ee7b2d26c6b10,0,0,1,1,linux,BFC
1a4b62a0b8a3b81eca24366f63e214a7144b9f02,0,0,1,1,linux,BFC
8f5e2b306b4e26db0ec65e0a27b232b179c9122b,2,0,0,1,linux,BFC
4bc51e1e350cd4707ce6e551a93eae26d40b9889,0,0,1,1,linux,BFC
ffeedafbf0236f03aeb2e8db273b3e5ae5f5bc89,164,0,14,9,linux,BIC
59ec71575ab440cd5ca0aa53b2a2985b3639fad4,3,0,6,1,linux,BFC
d88937624351202e5997fd21ae34e35c74a1abf2,0,1,0,1,linux,BFC
2cd4143192e8c60f66cb32c3a30c76d0470a372d,62,0,6,3,linux,BIC
d8e7d53a2fc14e0830ab728cb84ee19933d3ac8d,0,0,4,1,linux,BFC
e6d4f08a677654385869ba0c39d7c9ceec47e5c5,30,0,20,1,linux,BIC
6e8836c6df5327bdb24211424f1ad1411d1ed64a,0,3,0,1,linux,BFC
3bcbd1a85b68e5f864029fd6f0bb0bcc8e2f1082,166,25,47,2,linux,BIC
94ae899b20961a248693db6b284de9cf4c8cb7c3,89,0,1,2,linux,BIC
b527358cb4cd58a8279c9062b0786f1fab628fdc,1,0,0,1,linux,BFC
65c204398928f9c79f1a29912b410439f7052635,0,0,1,1,linux,BFC
7e70cb4978507cf31d76b90e4cfb4c28cad87f0c,992,0,0,3,linux,BIC
854145e0a8e9a05f7366d240e2f99d9c1ca6d6dd,5,0,2,1,linux,BFC
9a19a939abfa7d949f584a7ad872e683473fdc14,1,0,2,1,linux,BFC
be8f185d8af4dbd450023a42a48c6faa8cbcdfe6,64,0,0,1,linux,BIC
c8b1917c8987a6fa3695d479b4d60fbbbc3e537b,4,0,1,1,linux,BIC
cd664b0e35cb1202f40c259a1a5ea791d18c879d,0,5,2,1,linux,BFC
6c412da54c80a54b1a8b7f89677f6e82f0fabec4,4,0,2,1,linux,BFC
9410700b881f867a50dd8dc3204372fd9dccd8f8,347,0,0,1,linux,BIC
d966ddcc38217a6110a6a0ff37ad2dee7d42e23e,10,10,9,4,linux,BIC
53fa1f6e8a5958da698a31edf366ffe90596b490,23,0,2,1,linux,BIC
848496e5902833600f7992f4faa82dc1546051ba,0,8,1,1,linux,BFC
da3929218a4481fc12f9eaa30c9edb09aad5ff24,0,0,2,2,linux,BFC
5854771e314e1c8ee79fc4c00989b91c3dec9421,28,2,2,4,linux,BIC
e40cc57bac792713ff6a1b80a1f67b54c05e5e21,88,0,0,4,linux,BIC
a633cb1edddaa643fadc70abc88f89a408fa834a,0,0,1,1,linux,BFC
8788d36950dae26074dc63b46eab3debb4b210b4,0,0,2,1,linux,BFC
f0992ace680c7a1b5b62da2103602bd7e6eb63cd,9,0,0,1,linux,BIC
ac5a181d065d74fb6b213d538f743392f27bcdbd,1147,838,88,16,linux,BIC
437e41368c01fba8c220d7ca2f6b9d7fde92beee,32,15,56,1,linux,BIC
8b50a7995770d41a2e8d9c422cd2882aca0dedd2,1,0,1,1,linux,BFC
75b69799610c2b909a18e709c402923ea61aedc0,0,1,1,1,linux,BFC
58bfd95b554f1a23d01228672f86bb489bdbf4ba,0,0,1,1,linux,BFC
d3f6bacfca86f6cf6bf85be1e8b54083d68d8195,8,11,21,5,linux,BFC
b68761da01114a64b9c521975c3bca6d10eeb950,0,2,11,1,linux,BIC
0e2110d2e910e44cc7cf23fce14613e232602602,13,0,1,2,linux,BIC
87284271b73b80ae773747bf95dae83773746113,0,132,3,2,linux,BIC
9f3ccdc3f6ef10084ceb3a47df0961bec6196fd0,2,2,0,1,linux,BFC
dc1c4165d189350cb51bdd3057deb6ecd164beda,0,0,2,1,linux,BFC
9c57b5808c625f4fc93da330b932647eaff321f7,4,0,0,1,linux,BFC
581d3c2025632f838fb08e5160dab752b3a1f527,2,0,0,1,linux,BFC
939a5bf7c9b7a1ad9c5d3481c93766a522773531,0,1,4,1,linux,BFC
b9a6a237ffc99f63fd96f3ad11b3c5c532d211f8,0,16,1,1,linux,BIC
99260132fde7bddc6e0132ce53da94d1c9ccabcb,4,0,11,2,linux,BFC
dd5142ca5d24bcdb22e40add842d50a59ffa769e,72,0,3,1,linux,BIC
5f2f911578fb13b0110e125d43775f08cf1dd281,99,293,15,4,linux,BIC
de394e7568ce2cdb4643ed230169f484f25f9442,0,0,9,1,linux,BFC
009ad9f0c6eed0caa7943bc46aa1ae2cb8c382fb,7,0,0,1,linux,BFC
1ddc96bd42daeeb58f66c9515e506f245ccb00c6,108,0,0,2,linux,BIC
bd6ba3518fcb2539d83163a3f486d09411bc535d,21,0,0,2,linux,BFC
7bc80a5462c37eab58a9ea386064307c0f447fd1,91,2,124,46,linux,BIC
46613c9dfa964c0c60b5385dbdf5aaa18be52a9c,26,0,8,1,linux,BIC
3962981f4822aaf284234efd0500041417faea86,11,6,4,4,linux,BIC
536870071dbc4278264f59c9a2f5f447e584d139,4,0,1,1,linux,BFC
df057c914a9c219ac8b8ed22caf7da2f80c1fe26,0,0,2,1,linux,BFC
b81eb73be03ac736f1f8d27d64a372c62c7159e5,0,0,9,1,linux,BFC
aa2ecb7c8f9519c8734c5b6fa57570ed6197de5e,0,0,1,1,linux,BFC
7b19914383fc008a6b51871f18da72cf9aa43cae,3,0,0,1,linux,BFC
30f529473ec962102e8bcd33a6a04f1e1b490ae2,0,3,1,3,linux,BIC
11f254dbb3a2e3f0d8552d0dd37f4faa432b6b16,12,0,1,1,linux,BFC
1a3402d93c73bf6bb4df6d7c2aac35abfc3c50e2,5,5,0,1,linux,BFC
a2c11c5b68f49b36be9ad4a60165bfbeca5cbb1d,1,0,0,1,linux,BFC
baa1841eb797eadce6c907bdaed7cd6f01815404,0,0,1,1,linux,BFC
f45ba2bd6da0dc8000aa7ea7a3858fb51608f766,59,0,2,4,linux,BIC
4674ffe2fcad45a9b164401cc0794115702326cf,0,2,1,1,linux,BFC
057ae59f5a1d924511beb1b09f395bdb316cfd03,1,0,3,1,linux,BFC
c40069cb7bd64903e0c0a3845ea8d3298ca57ea3,32,0,9,3,linux,BIC
6888199f7fe5ea496f48bb6de67b9b7f05b8071b,43,0,1,1,linux,BIC
ddbca70cc45c0ac97ff6d9529e45f10b8ae73ad4,40,4,15,7,linux,BIC
e30be063d6dbcc0f18b1eb25fa709fdef89201fb,1,0,4,1,linux,BFC
bfcb813203e619a8960a819bf533ad2a108d8105,179,14,2,6,linux,BIC
6a9a27d5397fc6c52f90c09ddab91e65053584aa,2,0,0,1,linux,BFC
f8896f5d58e64bfd3c2b5f7c5ba5c3f3967e93c7,306,96,117,5,linux,BIC
4fbce633910ed80b135b84160a22b219080c8082,2,35,12,3,linux,BIC
f1071c3e2473ae19a7f5d892a187c4cab1a61f2e,0,0,1,1,linux,BFC
7f62656be8a8ef14c168db2d98021fb9c8cc1076,0,0,2,1,linux,BFC
530ea4219231e62341f79a5517d7b4f12ec3b74f,17,2,3,2,linux,BIC
382e1eea2d983cd2343482c6a638f497bb44a636,1,0,0,1,linux,BFC
1103f807a3b9949c667939fed77d77f409029145,149,0,0,1,linux,BIC
9d9a152ebaa86a9dede4624919566483c955d0a7,5,1,1,2,linux,BFC
aeca6ac15aaa986068a6ab0eb6112170d38614b6,0,6,0,1,linux,BFC
690d8b917bbe64772cb0b652311bcd50908aea6b,55,0,2,1,linux,BFC
a00052a296e54205cf238c75bd98d17d5d02a6db,8,0,0,1,linux,BFC
5092fcf3490811a735ef44bd22d8b5ff1bd63926,106,2,33,1,linux,BIC
10d1f8cb3965a6f633bf23eb984cda552927e3a5,27,22,9,5,linux,BIC
e82f2e31f5597a3de44bd27b7427f577f637c552,8,0,2,1,linux,BIC
216b65fb706e34128a5317d71b300daac9c428c4,1,0,0,1,linux,BFC
0e2e641921000ffc647b12918cdfcc504a9f6e3b,0,0,1,1,linux,BFC
eef24f11776cfb028058413062a3c0b84f1bbf11,2,1,0,1,linux,BFC
e2bf3e6ecaff79c5479682da2dc7b2035e52c5b8,0,0,1,1,linux,BFC
55aedef50d4d810670916d9fce4a40d5da2079e7,30,0,0,1,linux,BIC
bac42fb21259783cb748ae54227a5e755340a396,0,49,66,1,linux,BIC
5bfd40139d55790cbc8e56ad1ce4f974f1fa186d,1,0,1,1,linux,BFC
d0c0d902339249c75da85fd9257a86cbb98dfaa5,0,0,1,1,linux,BFC
ca0e014609f05fab577dd251bb5400e815c9f3cf,66,22,35,1,linux,BIC
2b794c4098b525836e37d16045abee3091fdfe18,68,2,9,2,linux,BFC
93af53b8633c4cb474585158512182b21219d743,61,33,26,2,linux,BIC
312c89fbca06896cb25a0daf4fa5f44c29bbb1b1,23,90,40,1,linux,BIC
9af0440ec86ebdab075e1b3d231f81fe7decb575,108,0,0,2,linux,BIC
2a98dc028f911a7c59c87d11d4eed6626be1605b,6,0,0,1,linux,BIC
82fa9637a2ba285bcc7c5050c73010b2c1b3d803,199,6,3,3,linux,BIC
b1571a0e77d8cef14227af293c6dda1464a57270,1,0,2,1,linux,BFC
d17e37c41b7ed38459957a5d2968ba61516fd5c2,3,0,1,1,linux,BFC
bc16efd2430652f894ae34b1de5eccc3bf0d2810,6,0,0,1,linux,BFC
71ab91157e9d849a5a0c5fcd1ce68d236c3ca703,0,0,1,1,linux,BFC
053a4ffe298836bb973d2cba59f82fff60c7db5b,0,0,2,1,linux,BFC
ef347c0cfd619a9251e5a2f9ff72e33650a9bccb,367,613,77,4,linux,BIC
8c3dd61cfa05a65a7e1a8a028000fc95856156c4,13,15,0,1,linux,BFC
ba3a5ddcf1e5df31f2291006d5297ca62035584f,2,0,1,1,linux,BFC
98dd2f108e448988d91e296173e773b06fb978b8,0,0,1,1,linux,BFC
abab13b5c4fd1fec4f9a61622548012d93dc2831,0,0,2,1,linux,BFC
48166e6ea47d23984f0b481ca199250e1ce0730a,83,0,2,3,linux,BIC
1eb0616c2df5b78c301eaa7bd2ee859f43915001,13,46,18,5,linux,BFC
5a1bb638d5677053c7addcb228b56da6fccb5d68,39,0,8,5,linux,BIC
e3ca4e0583a02a04503d9c827fb5c5d50abc4ff5,1,1,6,1,linux,BFC
f38a1f0a5a5710b14c0e899628c815522c6111cf,7,0,3,1,linux,BFC
ed4d4902ebdd7ca8b5a51daaf6bebf4b172895cc,0,5,3,3,linux,BIC
3bd53ea02d77917c2314ec7be9e2d05be22f87d3,3,0,1,1,linux,BFC
0aa82c482ab2ece530a6f44897b63b274bb43c8e,3,0,0,1,linux,BFC
5b3501faa8741d50617ce4191c20061c6ef36cb3,23,14,2,2,linux,BIC
3f66b083a5b7f1a63540c24df3679c24f2e935a9,7,0,1,8,linux,BIC
6cb58ea897dd1d10b1a52c16b344f112102cf7d3,261,0,0,1,linux,BIC
d5bd87e3a39e2f696583357899fefe1f4c6987c1,0,0,5,1,linux,BFC
a47d4576cd1c58157a2d8cfffa93aa7ca375eede,1,0,1,1,linux,BFC
236761f19a4f373354f1dcf399b57753f1f4b871,0,2,1,1,linux,BFC
956fcfcd359512f15b19bcd157fa8206ed26605b,3,0,1,1,linux,BFC
8724e819cc9a8fab4c18e791cb0bd602fb294971,66,21,4,1,linux,BIC
6d42ddf7f27b6723549ee6d4c8b1b418b59bf6b5,3,5,3,1,linux,BFC
9ed5bd7d22241ad232fd3a5be404e83eb6cadc04,0,5,0,1,linux,BFC
f782201ebc2b5f6c7a22e586e8eb81fe1d9e4801,2,20,1,3,linux,BFC
a91b2014fc31dc6eaa02ca33aa3b4d1b6e4a0207,0,1,0,1,linux,BFC
98ef22bbae788e05109aba16b77deb9f37bfb285,2,0,1,1,linux,BFC
c5c7440fe7f74645940d5c9e2c49cd7efb706a4f,2,0,0,1,linux,BFC
44750f8483a1bc4bda58ec4f7b7af5b053833d49,1,0,2,1,linux,BFC
5190044c2965514a973184ca68ef5fad57a24670,0,0,12,1,linux,BFC
cd4a709a19d58b7805b261ceac7bef94f423e08f,2,0,0,1,linux,BFC
2762c488cdc129aaddeb9a3b81aafd9023f1649d,0,0,1,1,linux,BFC
d142585bceb3218ad432ed0fcd5be9d6e3cd9052,2,0,0,1,linux,BIC
41bdc78544b8a93a9c6814b8bbbfef966272abbe,23,0,0,1,linux,BIC
0c2600c619578f759cf3d5192b01bd14e281f24c,2,2,0,1,linux,BFC
08412e72afba3a2daef3e7f3378c3753255a0017,0,0,1,1,linux,BIC
a00918d0521df1c7a2ec9143142a3ea998c8526d,16,3,16,2,linux,BFC
67961f9db8c477026ea20ce05761bde6f8bf85b0,38,0,2,1,linux,BIC
1676330ecfa840113a37b25a49afda068380d19c,10,0,6,1,linux,BFC
df38a4a72a3b9a67118b6143ddc0bc002f430430,439,0,0,1,linux,BIC
94cc242a067a869c29800aa789d38b7676136e50,3,0,3,1,linux,BFC
b8bd1581aa6110eb234c0d424eccd3f32d7317e6,3,3,15,1,linux,BIC
f0b3d338064e1fe7531f0d2977e35f3b334abfb4,5,0,2,3,linux,BFC
1b79cfd99ff5127e6a143767b51694a527b3ea38,0,21,0,2,linux,BFC
eff981f6579d5797d68d27afc0eede529ac8778a,2,2,1,1,linux,BFC
1d46c08d246e2e0a2d81985727392a5a8348d06a,0,0,1,1,linux,BFC
d945346db1ef41e91ae4b9239cf37e2210368dd1,0,0,38,2,linux,BFC
fc2e0a8326d1b21d11ef8213298e5302867fed2c,0,0,1,1,linux,BFC
efb0cb50c42734f868908a97f0d93e9208da1f0e,1,2,7,1,linux,BIC
42882336e62aab00278114392a16374f272a0c99,0,14,2,1,linux,BFC
9363efb4181c5e0fbf86bdfa759262aa29f0eb50,858,0,0,4,linux,BIC
81993e81a994504f4c8b97d3410c9a052cdbcc9d,24,46,51,7,linux,BIC
ed5d7788a934a4b6d6d025e948ed4da496b4f12e,12,14,3,1,linux,BFC
dea1d0f5f1284e3defee4b8484d9fc230686cd42,1,0,1,1,linux,BFC
472e5b056f000a778abb41f1e443de58eb259783,41,20,7,3,linux,BFC
ed7bedd2c3ca040f1e8ea02c6590a93116b1ec78,0,0,2,1,linux,BFC
bce5963bcb4f9934faa52be323994511d59fd13c,10,1,3,3,linux,BFC
46c0ee8bc4ad3743de05e8b8b20201df44dcb6d3,18,9,16,3,linux,BIC
37444fc4cc398266fe0f71a9c0925620d44fb76a,0,2,8,1,linux,BIC
cc97ab235f3fe32401ca198cebe6f42642e95770,0,52,38,7,linux,BIC
2d9b332d99b24f27f77e9ba38ce3c8beb11a81c0,3,0,4,1,linux,BIC
de19cd6cc9777e258de853c3ddf5d5a7bbadf165,53,20,20,1,linux,BIC
e12145cf1c3a8077e6d9f575711e38dd7d8a3ebc,1,0,4,1,linux,BFC
b4aec40015953b65f2f114641e7fd7714c8df8e6,6,0,6,1,linux,BIC
552de91068828daef50a227a665068cf8dde835e,8,0,4,3,linux,BFC
26a14267aff218c60b89007fdb44ca392ba6122c,763,0,0,1,linux,BIC
109f6e39fa07c48f580125f531f46cb7c245b528,30,4,12,3,linux,BIC
9df30601c843aeb9877c966d9d75d4947117c923,31,5,1,1,linux,BIC
cd0a719fbd702eb4b455a6ad986483750125588a,4,4,14,1,linux,BFC
874bbfe600a660cba9c776b3957b1ce393151b76,0,0,4,1,linux,BIC
2a842acab109f40f0d7d10b38e9ca88390628996,115,69,359,76,linux,BIC
87dccf09323fc363bd0d072fcc12b96622ab8c69,0,0,2,1,linux,BFC
2e8f205d910eb1fc59faf24582f3faf774000360,1,0,0,1,linux,BFC
7a1bb49461b12b2e6332a4d054256835f45203f3,35,0,0,4,linux,BIC
e33a9bba85a869b85fd0a7f16e21a5ec8977e325,60,6,1,1,linux,BIC
90507d54f712d81b74815ef3a4bbb555cd9fab2f,11,0,0,1,linux,BFC
5e37b9c137ee5a3a9dc2815ca51f71746c2609a6,553,5,4,2,linux,BIC
61e02392d3c7ecac1f91c0a90a8043d67e081846,1,0,1,1,linux,BIC
8df14af42f00a434c492c9964a8095bf59831a45,42,0,0,2,linux,BIC
4a53d3afa00b0b74b0e49b147902a41e55b2e715,1,4,3,1,linux,BFC
ac26963a1175c813e3ed21c0d2435b083173136e,34,0,0,2,linux,BIC
bdc0feee05174418dec1fa68de2af19e1750b99f,8,0,0,1,linux,BFC
14110af606965ce07abe4d121c100241c2e73b86,0,0,3,1,linux,BFC
95f38411df055a0ecefe3a3d119d98241087d5ca,32,1,12,1,linux,BIC
cc28fac16ab7152168be8bee76708df9d65efd71,0,0,1,1,linux,BFC
1884c2838f31e6bf20f21459ed9921f8c92ed3ef,22,12,2,2,linux,BFC
269777aa530f3438ec1781586cdac0b5fe47b061,2,0,0,1,linux,BFC
b3bd076f7501afea2871bb4738ab53498fd32cd5,24,16,7,3,linux,BIC
75f3e8e47f381074801d0034874d20c638d9e3d9,648,0,0,1,linux,BIC
ac6639cd3db607d386616487902b4cc1850a7be5,0,1,0,1,linux,BFC
5b26f2c249b1034ab327dd29e73fec078d0ece18,0,0,2,1,linux,BFC
51ebd3181572af8d5076808dab2682d800f6da5d,197,0,3,3,linux,BIC
1d39f4d199214fa4200d73bb7c1a699777e9d615,122,0,9,1,linux,BIC
cd5d5e602f502895e47e18cd46804d6d7014e65c,0,2,1,1,linux,BFC
9179ba31367bcf481c3c79b5f028c94faad9f30a,0,3,1,1,linux,BFC
53964b9ee63b7075931b8df85307c449da564b50,329,0,0,2,linux,BIC
b045ae906b42afb361dc7ecf1a3cea110fb0a65f,17,0,1,1,linux,BFC
0f3faece58085c94066d14ff9f73e990a55516ac,133,0,5,1,linux,BIC
a149e7c7ce812561f0fdc7a86ddc42f294e5eb3e,81,0,4,2,linux,BIC
d066c946a866268c14a120b33e7226e899981998,5,0,2,1,linux,BFC
d439c84509a510e864fdc6166c760482cd03fc57,1,0,1,1,linux,BFC
ad281ecf1c7d4c905607e049b967bb6412587ca1,140,0,0,1,linux,BIC
e0e8c7cb6eb68e9256de2d8cbeb481d3701c05ac,1,17,31,3,linux,BFC
815f62bf742718458ba822a7e1f51f285eb997f2,166,205,356,1,linux,BIC
5df1341ea822292275c56744aab9c536d75c33be,0,0,2,1,linux,BFC
eaab1d45cdb4bb0c846bd23c3d666d5b90af7b41,1,0,0,1,linux,BFC
3b11775033dc87c3d161996c54507b15ba26414a,0,5,2,1,linux,BFC
ccb778e1841ce04b4c10b39f0dd2558ab2c6dcd4,80,0,0,3,linux,BIC
7ea851d19b23593d7601ecb8091d529f4f475bf5,24,8,20,5,linux,BIC
1775c7ddacfcea29051c67409087578f8f4d751b,2,0,1,1,linux,BFC
bfabd41da34180d05382312533a3adc2e012dee0,0,0,2,1,linux,BFC
0aaa29a56e4fb0fc9e24edb649e2733a672ca099,127,2,8,3,linux,BIC
2152e7a2d9a8c29e8850adabd2175fa042ad5bb8,8,10,38,1,linux,BFC
c8d4c18bfbc4ab467188dbe45cc8155759f49d9e,81,19,95,30,linux,BIC
0e97a34083a03c931d4e9b34ba7899c29a09dce6,3,2,0,1,linux,BFC
dec9cf9ee8cb203d556bec3f650c480ba2a04735,3,7,0,5,linux,BIC
18c98243ddf05a1827ad2c359c5ac051101e7ff7,8,2,1,1,linux,BFC
9114014cf4e6df0b22d764380ae1fc54f1a7a8b2,12,0,0,3,linux,BIC
4a55530f38e4eeee3afb06093e81309138fe8360,243,132,290,3,linux,BIC
c800cd7824bd8ceb1291f90e3f124c9172f59177,339,0,0,1,linux,BIC
61414f5ec9834df8aa4f55c90de16b71a3d6ca8d,2341,0,3,3,linux,BIC
bc240eec4b074f5dc2753f295e980e66b72c90fb,0,0,1,1,linux,BFC
c57673852062428cdeabdd6501ac8b8e4c302067,1,0,1,1,linux,BFC
075da584bae2da6a37428d59a477b6bdad430ac3,13,0,9,4,linux,BFC
940c9c458866725e0ade96d5c1c7dbe5fcf1cf85,91,29,13,5,linux,BFC
ee86f680ff4c9b406d49d4e22ddf10805b8a2137,0,1,2,1,linux,BFC
db9b2e0af605e7c994784527abfd9276cabd718a,0,0,1,1,linux,BFC
dbdea9b36fb61da3b9a1be0dd63542e2bfd3e5d7,2,0,1,1,linux,BFC
966a3cb7c7db786452a87afdc3b48858fc4d4d6b,133,0,0,1,linux,BIC
5697db4a696c41601a1d15c1922150b4dbf5726c,12,0,0,1,linux,BFC
95f295f9fe08166307d94b641fba0b0e924d5d31,68,0,0,2,linux,BIC
f70749ca42943faa4d4dcce46dfdcaadb1d0c4b6,4,0,2,1,linux,BFC
1e5bf454f58731e360e504253e85bae7aaa2d298,6,0,6,1,linux,BFC
6323514116404cc651df1b7fffa1311ddf8ce647,0,0,10,1,linux,BFC
5cbf3264bc715e9eb384e2b68601f8c02bb9a61d,0,0,2,1,linux,BIC
7e4bf1bc9543a1760cd93f0e23325e7b0365b30a,16,0,12,2,linux,BIC
cfddd4c33c254954927942599d299b3865743146,1,0,0,1,linux,BFC
02319bf15acf54004216e40ac9c171437f24be24,0,0,1,1,linux,BFC
198de43d758ca2700e2b52b49c0b189b4931466c,755,0,0,2,linux,BIC
7ffb588086e941aa0a46a33e2bf2bf3c0963ed98,75,33,5,1,linux,BIC
2f4b411a3d6766e6362ffbf00e0495a2dfe92507,1162,1,30,7,linux,BIC
7ed1c5e5ddbb87aef9df7f8a8a714bcffe90f0eb,6,0,3,1,linux,BFC
ead25417f82ed7f8a21da4dcefc768169f7da884,3,0,35,13,linux,BIC
101110f6271ce956a049250c907bc960030577f8,6,0,0,1,linux,BIC
3b23e4991fb66f6d152f9055ede271a726ef9f21,102,12,8,5,linux,BIC
8126b1c73108bc691f5643df19071a59a69d0bc6,1,3,21,3,linux,BFC
cad9931f64dc7f5dbdec12cae9f30063360f9855,298,0,0,2,linux,BIC
e2ab17707689c2e5bea735bc66260ecb42a81483,0,0,2,1,linux,BFC
7723f4c5ecdb8d832f049f8483beb0d1081cedf6,31,5,3,1,linux,BIC
8908e753109fd7abb4949a3d6118a9a5e3766ea0,2,0,0,1,linux,BFC
efc6b6f6c3113e8b203b9debfb72d81e0f3dcace,6,0,12,2,linux,BFC
a6bcddbc2ee1b2797fce016775b9e3faf17a4d0e,0,2,35,1,linux,BIC
9248c08c3fc4ef816c82aa49d01123f4746d349f,3,0,2,1,linux,BFC
7ddfdb5c5a5b51bdd2cb749d8341d763b079d520,0,1,3,1,linux,BFC
5c5e854bc760a2e2c878df3cfcf2afa4febcd511,168,0,21,16,linux,BIC
bbb6b2f9865b3ed23eb457131b9ea541a3173a66,558,0,0,1,linux,BIC
a86e86db5e6d72c82724a63ca1c5293409a21518,0,0,1,1,linux,BFC
fc57313d1017dd6b6f37a94e88daa8df54368ecc,35,4,29,3,linux,BIC
c68cfb718c8f97b7f7a50ed66be5feb42d0c8988,753,0,0,2,linux,BIC
1196c2fb0407683c2df92d3d09f9144d42830894,0,1,1,1,linux,BIC
0ddce71c21f03fd19867c4939d3ca710f37cdf1a,4046,0,0,3,linux,BIC
24803f38a5c0b6c57ed800b47e695f9ce474bc3a,23,1,13,1,linux,BIC
4f374d2c43a9e5e773f1dee56db63bd6b8a36276,1,0,5,1,linux,BFC
ae88a23b32fa7e0dc9fa7ce735966e68eb41b0bc,7,0,47,1,linux,BIC
b5bd95d17102b6719e3531d627875b9690371383,3,0,1,2,linux,BFC
be6e2b5734a425941fcdcdbd2a9337be498ce2cf,0,0,4,1,linux,BFC
a15542bb72a48042f5df7475893d46f725f5f9fb,0,0,1,1,linux,BFC
dd12ed17ce9e5523d30d2d6b8eac0bf52500b64f,5,1,3,1,linux,BIC
db84803cd8def406c60eb865d3b4ae0efa09a9f8,0,0,1,1,linux,BIC
ed6ccf10f24bdfc1955bc8b976ddedc370fc3869,161,88,3,1,linux,BFC
5dabcd0456d7ee17c2c7a17d7c2305444d2b9639,142,2,47,2,linux,BIC
49b323157bf1e70bfb3114a463d340399906c43a,180,0,0,4,linux,BIC
a085f877a882b465fce74188c9d8efd12bd5acd4,0,10,33,5,linux,BIC
b4ace4f1ae07691b4f6ea9f3e92efbec083df058,7,0,2,2,linux,BFC
42ce127d98641f2cb19cd499b5b3beb472c7eff1,3,0,0,1,linux,BIC
c011410d9145695c460567fa5ba1ade6a7b16f06,0,0,2,2,linux,BFC
1c3b2a27def609473ed13b1cd668cb10deab49b4,2,0,2,1,linux,BFC
4c2d5e33dcd3a6333a7895be3b542ff3d373177c,20,0,0,3,linux,BIC
bea7eafdbda3ba1d4b2ccb9cca829eefb7989bb9,0,0,3,1,linux,BFC
3d1adc3d64cfc544044feeca9c892599199f9616,65,23,24,5,linux,BIC
dd263a8cb1941d2d34a55633bd5366d9bebf4be8,0,0,9,1,linux,BFC
f36938aa7440f46a0a365f1cfde5f5985af2bef3,0,34,0,1,linux,BFC
3e5ee32392efd00399d038cdad07478237d9a9f1,0,0,9,2,linux,BFC
99d1055ce2469dca3dd14be0991ff8133e25e3d0,0,15,21,3,linux,BFC
b3f3f8d264b9be0cb3e50e89e3f8789a948a43bb,0,0,1,1,linux,BFC
2a762e9e8cd1cf1242e4269a2244666ed02eecd1,8,5,4,1,linux,BFC
cd1230070ae1c12fd34cf6a557bfa81bf9311009,4,0,5,1,linux,BFC
260f32adb88dadfaac29f47f761a088238ca164c,0,0,1,1,linux,BFC
bee1b0511844c8c79fccf1f2b13472393b6b91f7,0,2,1,1,linux,BFC
758f7e06063a87b67c118794a3ba8931cced67c6,3,0,4,1,linux,BIC
251d41c58b765f00d73b1b4230cad256e25f2735,0,0,1,1,linux,BFC
c2db8d7b9568b10e014af83b3c15e39929e3579e,8,0,1,1,linux,BFC
3cfe5815ce0ee87f4979787cc7af23404a02edc1,135,3,32,8,linux,BIC
b03ba9e314c12b2127243145b5c1f41b2408de62,33,0,8,1,linux,BFC
976e52b718c3de9077fff8f3f674afb159c57fb1,3,0,0,1,linux,BFC
3acc4522d89e0a326db69e9d0afaad8cf763a54c,0,0,1,1,linux,BFC
0d1b662c374c54bcf68bbcff3b71e6d6e945a7cf,74,0,0,3,linux,BIC
a7771176b4392fbc3a17399c51a8c11f2f681afe,14,0,6,2,linux,BIC
5f2aa075070cf5b2e6aae011d5a3390408d7d913,2119,0,0,2,linux,BIC
0a03715068794e4b524f66ebbf412ab1f2933f3f,1,0,1,1,linux,BFC
bdfbef2d29dcdc79e2abf3085d4be6a844a06e34,14,0,2,1,linux,BIC
4466d6d2f80c1193e0845d110277c56da77a6418,2,0,2,1,linux,BFC
61c59355e0154a938b28710dfa6c1d8be2ddcefa,3,0,1,1,linux,BFC
a37fb855f6e8e9eafac046721393f68f48eb5f91,6,4,1,1,linux,BFC
95d143923379ffb0e706b064305681d44c05ec4b,0,0,2,1,linux,BIC
16306a61d3b7c433c7a127ec6224867b88ece687,14,6,10,1,linux,BIC
d74a7566bef76b44416071fbb7e34f301eac8d98,2,0,1,1,linux,BFC
a8eb8e6f7159c7c20c0ddac428bde3d110890aa7,3,0,1,1,linux,BIC
e40cba9490bab1414d45c2d62defc0ad4f6e4136,6,0,0,1,linux,BFC
594619497f3d6d4b8d8440e6d380e8da9dcc9eeb,1,0,1,1,linux,BFC
47da29763ec9a153b9b685bff9db659e4e09e494,10,0,1,1,linux,BFC
0822afe8ebb9389997ef677447c7b08e08797de9,0,0,1,1,linux,BFC
e538e0aca33f81fbfaa10a6954b40ff4360686dd,1,0,0,1,linux,BFC
d7a2ed9248a3c3ec6afe3be0c351bd1ca9e981f3,158,0,0,1,linux,BIC
9b00f1b78809309163dda2d044d9e94a3c0248a3,2,0,4,1,linux,BFC
0e91a0c6984c837a7c6760e3f28e8e1c532abf87,10,0,1,1,linux,BIC
11a60d159259dbadf9188534b508e5003769af61,76,0,51,2,linux,BIC
817b89beb9d8876450fcde9155e17425c329569d,2,0,2,2,linux,BFC
ac0ece9174aca9aa895ce0accc54f1f8ff12d117,0,11,2,1,linux,BIC
e0a8604f1300cefab4aeafe214fc57954a7b4487,2,0,2,1,linux,BFC
cf8b84f48a5936f558a7a415f1d2f42161bf73eb,27,8,21,1,linux,BIC
e84131a88a8cdcd6fe9f234ed98e3f8ca049142b,9,0,0,3,linux,BFC
1de7259275ca4ebc66459de6620558d3e38d4142,3,0,0,1,linux,BFC
99f629718272974405e8d180d2fa70c03c06d61f,0,28,0,1,linux,BIC
75f0aef6220dc1e73bed238e57b20544ef4f38ec,4,0,6,1,linux,BIC
1c2d26e379fc8d37d55befd8589c4c252186ee58,0,0,1,1,linux,BFC
21d4de1469a1da20a14a745c5f49488bba417ea7,7,6,0,1,linux,BFC
9d05a1e50c012368a133152515ee67fd08bea9ed,0,0,1,1,linux,BFC
e6839c31a608e79f2057fab987dd814f5d3477e6,2,0,0,1,linux,BFC
10de7a8b4ab992cf2348d97409109c9f4c7a565d,1861,0,0,3,linux,BIC
02154927c115c7599677df57203988e05b576346,0,2,1,2,linux,BFC
e08658a657f974590809290c62e889f0fd420200,2,0,5,1,linux,BFC
f6162d44126ce0f601f92afc770648b73924eb6c,137,0,2,6,linux,BIC
a6315005a2d4f65b2f010763f4badd69059ba175,9,0,0,2,linux,BFC
eebb8034a5be8c2177cbf07ca2ecd2ff8a058958,1,0,1,1,linux,BFC
78d5e9e299e31bc2deaaa94a45bf8ea024f27e8c,465,0,12,5,linux,BIC
f31871951b38daf2d7ca17daad59fdb735062da3,256,154,70,4,linux,BIC
23405236460b90b263775bd4b5eb331aaae1e8f4,25,0,3,4,linux,BIC
6687c9062c46c83e5a07df65015eb4fc9dc76524,228,106,103,5,linux,BIC
2933803bdcd8ac67c0b97a0bb158e0762d5ae236,9,18,12,2,linux,BFC
9e2cd444909b3c93f5cc83463d12291e3e0f990b,8,0,0,1,linux,BFC
fe5e7a1efb664df0280f10377813d7099fb7eb0f,318,1,122,4,linux,BIC
e283546c0465dd3026bc94f7b1a9de7f6b8969ec,116,5,17,10,linux,BIC
a91c3fb2f84204dcf024ca6a032f12cdb84f2196,972,0,0,4,linux,BIC
5ebf3fc59bd20d17df3ba26159787d13cf20d362,199,0,3,1,linux,BIC
3d031abc7e7249573148871180c28ecedb5e27df,0,1,2,1,linux,BFC
dabbd6abcdbeb1358a53ec28a244429320eb0e3a,1,0,1,1,linux,BFC
6ae865615fc43d014da2fd1f1bba7e81ee622d1b,1,0,3,1,linux,BFC
0812db94374867324a7811b733f95d5aa06e28b5,28,5,7,1,linux,BIC
7c648bde211baeda7a029bd6be4957e8be48d8c9,3,0,6,1,linux,BFC
17936b43f0fdede23582d83a45622751409c99b9,12,23,38,8,linux,BIC
8163999db445021f2651a8a47b5632483e8722ea,3,0,5,1,linux,BFC
a26ca7c982cb576749cbdd01e8ecde4bf010d60a,247,0,7,5,linux,BIC
a8b90c9d26d64993f7649794be8144a74431a274,8,15,10,1,linux,BIC
3c59366c207e4c6c6569524af606baf017a55c61,48,3,15,2,linux,BIC
e8a7abf5a5bd302a1e06a3c21a629eaa4cba57d6,23,0,0,2,linux,BIC
7fab1c12bde926c5a8c7d5984c551d0854d7e0b3,4,0,4,1,linux,BFC
791ae273731fa85d3332e45064dab177ae663e80,0,0,12,1,linux,BFC
8a80a71d9020b0066cb035e7cedfc26334a2aa44,227,0,0,1,linux,BIC
fdca4f16f57da76a8e68047923588a87d1c01f0a,439,0,0,2,linux,BIC
7bc04c5c2cc467c5b40f2b03ba08da174a0d5fa7,33,23,1,1,linux,BFC
faa0e307948594b4379a86fff7fb2409067aed6f,1,0,0,1,linux,BFC
bb408cc78401c53842e17b24b6433c122629f21f,1,0,1,1,linux,BFC
55be9f25be1ca5bda75c39808fc77e42691bc07f,0,0,1,1,linux,BFC
e53c95e8d41ef9927d1d5ff031db1fd6989ec16b,18,4,58,1,linux,BIC
0666e3c481a260359cd912f352f01a62eeb7974f,0,2,2,1,linux,BFC
be3606ff739d1c1be36389f8737c577ad87e1f57,2,0,0,2,linux,BFC
a1c5a7bf79c1faa5633b918b5c0666545e84c4d1,14,1,0,1,linux,BFC
93c64f1ea1e886a1e43e9b0215affdb696f1fe66,435,0,0,1,linux,BIC
b25b60d7bfb02a74bc3c2d998e09aab159df8059,9,0,5,1,linux,BFC
bef17466811b9f559d1dba3ebbfbd01a880c89a2,6,0,0,1,linux,BFC
6e60a3bbb45bd8b307269d6a821ee2c72d815846,4,0,1,1,linux,BFC
7bccd12d27b7e358823feb5429731b8ee698b173,124,0,1,1,linux,BIC
f47c24033a1ac3a08e745f50a28c3dd2c5cceda2,0,3,0,1,linux,BFC
b5cfe6f7a6e17c6bc7c802d382cf22c4dc405477,39,29,89,4,linux,BIC
01b76c32e3f30d54ab8ec1efeed3c6ecef7f6027,5,0,1,1,linux,BFC
b63fd11cced17fcb8e133def29001b0f6aaa5e06,21,0,0,3,linux,BFC
d9157f6806d1499e173770df1f1b234763de5c79,1,0,1,1,linux,BFC
963d0b3569354230f6e2c36a286ef270a8901878,1,0,4,1,linux,BFC
62794fc4fbf52f2209dc094ea255eaef760e7d01,1,0,1,1,linux,BIC
a22b1a9bb0d72a58d5b836653f28d97ee8fea1c4,3,0,2,1,linux,BFC
eb82a3d846fab00c4b9ad6bbe5ade4fa5febc0af,4,1,1,1,linux,BIC
ce21401c9d30e81824e864dc25824ebeb9690801,5,0,5,1,linux,BFC
c962184459ab75502b242efb04291c2cf8700bc3,8,0,0,2,linux,BIC
26f448371820cf733c827c11f0c77ce304a29b51,1,0,2,1,linux,BFC
4a11174d6dbd0bde6d5a1d6efb0d70f58811db55,0,0,1,1,linux,BFC
bd7a94c0fa41dfbea8564556c7a28b05e353c5da,0,0,1,1,linux,BFC
017037ff3d0b11842012878a546fe2df47822259,86,22,6,1,linux,BIC
d9d73e81fe82fdf4ee65a48c26531edc04108349,0,2,1,1,linux,BFC
8a931f801340c2be10552c7b5622d5f4852f3a36,63,0,5,3,linux,BIC
4cd24de3a0980bf3100c9dcb08ef65ca7c31af48,2,0,5,2,linux,BIC
15ccc39b3aab667c6fa131206f01f31bfbccdf6a,7,3,6,1,linux,BFC
162ba3bd9dce61889eb739adf2923811dcbeff94,3,0,6,1,linux,BFC
bc227dde0d8b687aa525d01b0df5556d4d37eca3,17,0,1,1,linux,BFC
49d7bd36813ea8e6b4c97b640d24e7fbd44c84f0,0,1,3,1,linux,BFC
26515699863d68058e290e18e83f444925920be5,0,0,1,1,linux,BFC
3193899d4dd54056f8c2e0b1e40dd6e2f0009f28,6,0,0,1,linux,BFC
89d124cb61b39900959e2839ac06b6339b6a54cb,23,10,4,1,linux,BFC
bcb6f6d2b9c299db32b20f4357c36a101e7f0293,4,0,3,1,linux,BIC
026bffa458d029a5f15ac3f82a9bb0f64aca403d,0,0,2,1,linux,BFC
73c20a8b7245273125cfe92c4b46e6fdb568a801,2,0,1,1,linux,BFC
d2a02e3c8bb6b347818518edff5a4b40ff52d6d8,13,3,20,5,linux,BFC
ba224e2c4f0a706714ccb483b0c21d32f5994f67,627,0,0,1,linux,BIC
99cb681e7b8eec917ddb34b76e303aa20b2d1c1a,0,0,1,1,linux,BFC
d6f987c8462ab97591fbd6ed6bea6df61d2919e5,0,0,1,1,linux,BFC
b4175f8731f783c67b042492c9000f5fb7ecee4b,18,5,2,1,linux,BIC
17e0521750399205f432966e602e125294879cdd,11,8,1,1,linux,BFC
28f9222138868899c53e00bc1f910faa55f88546,5,3,0,1,linux,BIC
7f7edefda122b43ab2cd40b5efe43a10fd4a5894,0,2,0,1,linux,BFC
40d21c4565bce064c73a03b79a157a3493c518b9,1,0,1,1,linux,BFC
9e4d59ada4d602e78eee9fb5f898ce61fdddb446,0,0,4,1,linux,BFC
00a7f0d7155c28ab18600bcf3f62d7cade2a870d,530,6,28,5,linux,BIC
23569b5652ee8e8e55a12f7835f59af6f3cefc30,2,0,1,1,linux,BFC
a0d406934a460b2b8dac8cf15996ec8591e33e2e,85,25,84,2,linux,BIC
ec6dcf63c55c8b09b44fe5990082b07baf139c69,14,0,1,1,linux,BIC
988c69f1bc23fe632ea5e6eb3c26a9e103c3ed41,9,0,7,1,linux,BIC
6fa6f831f0950bf46934e6c3a9766b258a9ea85f,376,1,5,2,linux,BIC
2c2c1af4497514da1be2b571066859701dd79231,3,0,1,1,linux,BFC
7b57b2ddec21c1a660af2d832939d392081e515f,4,5,17,3,linux,BIC
5cd29012028d997f46518dae0a8133e0985713f3,40,6,83,1,linux,BIC
4c2357f57dd5a3ecb4ce09f6a6cb394a1a8873b2,4,0,1,1,linux,BIC
ce931f571b6dcf8534e8740e8cd16565cf362536,0,0,2,1,linux,BIC
10b8a3de603df7b96004179b1b33b1708c76d144,6,1,3,1,linux,BFC
44cf53602f5a0db80d53c8fff6cdbcae59650a42,1,1,7,1,linux,BIC
dbe409e4f5e5075bd9ff7f8dd5c627abf3ee38c1,10,0,2,1,linux,BFC
44960f2a7b63e224b1091b3e1d6f60e0cdf4be0c,2,0,0,1,linux,BFC
66648766ef38d8d6c48ded2f59cf98420aec2cdb,0,10,0,2,linux,BFC
79c14141a487211d1bb7840d3f607766f6115dd2,7,0,5,1,linux,BIC
574746ddeca959cba407d6b556f96cb580fca8af,6,0,1,1,linux,BFC
2169037dc322d8baa84d9bd4468995f818f25d82,113,0,11,3,linux,BIC
91a208f2185ad4855ff03c342d0b7e4f5fc6f5df,53,0,38,10,linux,BIC
304440aa96c6e5cc37eaa7a46ff4dd862e4c21be,0,0,10,1,linux,BFC
757885e94a22bcc82beb9b1445c95218cb20ceab,289,0,6,4,linux,BIC
83068395bbfcd96db74af75c6dc3a87a4f952220,4,0,1,2,linux,BIC
034042cc1e2837a584cda0a5e4fc2b0a96b74543,12,7,2,4,linux,BIC
50630b3f1ada0bf412d3f28e73bac310448d9d6f,4,0,0,1,linux,BFC
0f5e4b83b37a96e3643951588ed7176b9b187c0a,8,0,1,1,linux,BFC
092be382a2602067766f190a113514d469162456,50,68,15,7,linux,BFC
576b586303f76be9e5e2f5266ccbeba1b46bbd06,51,3,4,3,linux,BFC
4cc5b44b29a9de9b3f841efedaa3f769066c63cc,3,0,3,1,linux,BIC
c99235fa3ef833c3c23926085f2bb68851c8460a,10,0,2,1,linux,BFC
874b2adbed1253a11549cb9b7b912ab65fea9cf2,808,0,0,1,linux,BIC
8fc3e29be9248048f449793502c15af329f35c6e,18,0,0,1,linux,BFC
69e73dbfda14fbfe748d3812da1244cce2928dcb,4,0,0,1,linux,BFC
508074607c7b95b24f0adf633fdf606761bb7824,1,1,8,1,linux,BIC
6979cd54c0667189bb0805c0fcebfef8afc5a191,0,1,0,1,linux,BFC
02ca0423fd65a0a9c4d70da0dbb8f4b8503f08c7,0,0,2,1,linux,BFC
2a68ff846164922196c38718ad8dc216819ccd38,32,21,18,3,linux,BIC
a323e5f041dd11af5e3de19ed7ea95a97d588c11,0,0,1,1,linux,BFC
e4330d8bf669139a983255d1801733b64c2ae841,33,25,6,2,linux,BFC
30a35f79faadfeb1b89a7fdb3875f14063519041,0,1,6,1,linux,BFC
ec240b5905bbb09a03dccffee03062cf39e38dc2,1,0,3,1,linux,BFC
af9c1a44f8dee7a958e07977f24ba40e3c770987,24,8,4,1,linux,BIC
d9e3d2c4f103200d87f2c243a84c1fd3b3bfea8c,0,0,2,1,linux,BIC
1918f2b20c3de73ef6f644979896e20a2e7dbb2d,30,0,0,1,linux,BFC
cbbb819837f6a2e13808d0529d14be460a7a4a07,695,0,0,1,linux,BIC
d92c370a16cbe0276954c761b874bd024a7e4fac,0,0,6,1,linux,BIC
030ee7ae52a46a2be52ccc8242c4a330aba8d38e,2,4,5,1,linux,BFC
bbd8decd4123648ddeba2be485bc7e1a3117bfe4,256,4,10,1,linux,BIC
4a6ef8e37c4d9a40f09438068da1734fd965bd75,132,0,0,2,linux,BIC
3ca041ed04734c1709460184f985f5451a813d69,27,0,27,2,linux,BIC
3dbbf8f09e8398c7bb838571b5def270609a6807,10,0,3,2,linux,BIC
99094a5e941fe88d95cbd594e6a41bee24003ecb,2,0,3,2,linux,BFC
4c9f7086ac6d069d5b79ba37ef4f1ed4fa3dc3f7,96,0,0,1,linux,BIC
b863ceb7ddcea8c55fcf1d7b2ac591d50aa7ed53,533,0,0,4,linux,BIC
d3115128bdafb62628ab41861a4f06f6d02ac320,0,10,0,1,linux,BFC
ccf170e9d8fdacfe435bbe3749c897c7d86d32f8,31,0,14,3,linux,BFC
36e0f12bbfd3016f495904b35e41c5711707509f,1,0,1,1,linux,BFC
bde2bbdb307a63e1829c113dba9a378eebe23b18,6,2,14,1,linux,BIC
0ba169ac3600ae4032ee14b4192e6bf5d67723f5,0,8,6,1,linux,BFC
d2450c6937018d40d4111fe830fa48d4ddceb8d0,2,0,0,1,linux,BFC
17d00e839d3b592da9659c1977d45f85b77f986a,15,0,0,2,linux,BFC
65e93108891e571f177c202add9288eda9ac4100,0,0,2,1,linux,BFC
b7f8a09f8097db776b8d160862540e4fc1f51296,7,6,0,1,linux,BFC
425fffd886bae3d127a08fa6a17f2e31e24ed7ff,2,0,0,1,linux,BFC
5f4566498dee5e38e36a015a968c22ed21568f0b,3,0,4,1,linux,BFC
69392a403f49e6e33f9dfb1d6edb87c8006f83c2,31,8,2,4,linux,BIC
e046114af5fcafe8d6d3f0b6ccb99804bad34bfb,69,0,4,3,linux,BIC
e6a21a14106d9718aa4f8e115b1e474888eeba44,11,2,2,1,linux,BFC
e29c84857e2d51aa017ce04284b962742fb97d9e,1,0,0,1,linux,BFC
23f61b9fc5cc10d87f66e50518707eec2a0fbda1,46,4,20,1,linux,BIC
2622d79bd9d18fd04b650234e6a218c5f95cf308,0,0,3,1,linux,BFC
426aa1fc622527d7941d0e1b0032b6bd697534e4,18,0,0,1,linux,BFC
a41e8a88b06ee39fad4cb4a8ccf822563560a89c,1,0,2,1,linux,BIC
84cba72956fddf29ba666f885c39ed147024c125,123,0,6,4,linux,BIC
095b6cfd69cedc8050b69535af8bf718ce0e9aad,19,0,0,1,linux,BIC
3cbc6123a93dc91b99b58f7ea37d267fe93e1cad,6,0,0,1,linux,BFC
108893ddcc4d3aa0a4a02aeb02d478e997001227,14,0,5,1,linux,BFC
64598e23de7873b9d47cd9b9a02daa2bb4ded343,0,0,2,1,linux,BFC
97480cae13ca3a9c1de3eb6fd66cf9650a60db42,5,5,0,1,linux,BFC
33f0698a52d9ebc089eccff7d2fc376974d7e7bf,2,0,1,1,linux,BFC
451dc48c806a7ce9fbec5e7a24ccf4b2c936e834,2,1,2,1,linux,BFC
a255e9c8694d3ed240480d1b4d95d325a37358b3,0,0,1,1,linux,BFC
a3f5d80ea401ac857f2910e28b15f35b2cf902f4,162,0,3,3,linux,BIC
bce2b2bf66825a56f66229980a30884704cba3d2,4,5,3,2,linux,BFC
273bc890a2a83ba8c7d8eee50b74138f5a5834d1,104,0,0,1,linux,BIC
f34902c5c6c08024371202a680ce69f2d488776d,19,0,1,1,linux,BFC
00272c61827e37bb64c47499843d8c0d8ee136a5,64,2,13,5,linux,BIC
ab9468340d2bcc2a837b8b536fa819a0fc05a32e,45,0,2,3,linux,BIC
d2aa1356834d845ffdac0d8c01b58aa60d1bdc65,19,0,3,3,linux,BFC
e323d865b36134e8c5c82c834df89109a5c60dab,12,0,8,5,linux,BFC
7d4998f71b292ea8e88d1874b26866092f66412b,0,0,1,1,linux,BIC
bfd4271169176766343026bf324337e529d81fa4,0,2,0,1,linux,BFC
7f81c8db54898a793cc2916a936f6bf3fca41434,20,31,40,1,linux,BIC
d8ecca4043f2d9d89daab7915eca8c2ec6254d0f,11,4,19,2,linux,BIC
8a2b456665d1e797123669581524cbb095fb003b,3,9,1,1,linux,BFC
3e153a93a1c12e3354dd38cca414fb51a15136a2,9,0,0,2,linux,BIC
1576d98605998fb59d121a39581129e134217182,137,0,9,3,linux,BIC
305564413c99514a14a49215790d96b8d71a6295,18,0,6,1,linux,BFC
5fc30916b5cda697a7eb8f1167c38c27100a793a,1,0,1,1,linux,BFC
09323b3bca95181c0da79daebc8b0603e500f573,6,7,2,1,linux,BFC
8d42629be0cb6c58a5c77cd02e47974c0e724e63,7,0,3,1,linux,BFC
15bc01effefe97757ef02ca09e9d1b927ab22725,51,13,6,3,linux,BFC
978c3e539be210268b6c6cfeef0c97e18c00d7a7,134,8,20,2,linux,BIC
2f57b7051fe8fa680b7c38c7e98094fa3ba3ba8b,9,1,9,1,linux,BIC
671ffde1752f594c60ccdfd75378defacfaf7c83,18,4,2,1,linux,BFC
27710b8ea3defcbd7d340dbd0423d911b4eb7c4f,6,0,16,1,linux,BFC
8e13d96670a4c050d4883e6743a9e9858e5cfe10,0,0,1,1,linux,BFC
d52356e7f48e400ca258c6763a232a92fa82ff68,0,0,1,1,linux,BFC
4e7cf74fa3b28fcb43531ca6bc350bf8636e3de6,18,13,5,3,linux,BIC
474ff0ae23b834e9fc18374d14bb5f3e7b3828b4,0,0,1,1,linux,BFC
19a508bd1ad8e444de86873bf2f2b2ab8edd6552,2,0,0,1,linux,BFC
8e7389c79b40ed44c855193bfb46b496ac25676f,16,0,1,1,linux,BFC
a808a04c861782e31fc30e342a619c144aaee14a,0,0,1,1,linux,BFC
b15c072a9f4a404c09ad589477f4389034742a8b,0,0,3,3,linux,BFC
ce8463a726a5669b200a1c2c17f95bc1394cc6bf,4,0,2,1,linux,BFC
a8eda9fa1bd84065b75bfa81bf675a7af9055478,13,0,1,1,linux,BFC
4f380d0070528da8b93c4ac3994c20097393f6dd,43,10,19,4,linux,BIC
0e1e71d34901a633825cd5ae78efaf8abd9215c6,4,0,3,1,linux,BFC
b5998402e3de429b5e5f9bdea08ddf77c5fd661e,0,0,3,2,linux,BFC
1785e8f473082aa60d62c7165856cf6484077b99,97,0,148,9,linux,BIC
4f722a6a736765310bc95dd3879f1545e5f64303,0,0,54,3,linux,BIC
c725161924f9a5872a3e53b73345a6026a5c170e,6,0,5,1,linux,BFC
9b1f3d6e5af295a72deb5e3f04db07a6a58be72e,127,160,0,1,linux,BIC
9fdbfad1777cb4638f489eeb62d85432010c0031,0,0,4,1,linux,BFC
fa9b878ff86f4adccddf62492a5894fbdb04f97d,0,5,12,1,linux,BFC
f10ff380fd7dfba4a36d40f8dd00fe17da8a1a10,27,0,7,2,linux,BFC
5616b0a46ed82eb9a093f752fc4d7bd3cc688583,0,0,1,1,linux,BFC
65b3f50ed6fa121f2f8f0cb51c49bf038016ab46,15,39,2,1,linux,BIC
6cea66e5447caff77d4a3a61295a5d922b97cb4a,0,2,0,1,linux,BFC
140c7bc7d1195750342ea0e6ab76179499ae7cd7,0,0,1,1,linux,BFC
8734b41b3efe0fc6082c1937b0e88556c396dc96,26,0,8,1,linux,BFC
97e50305542f384741a5b45699aba349fe9fca73,1,0,0,1,linux,BFC
e16fd002afe2b16d828bbf738b8a81a185fe9272,37,0,0,1,linux,BIC
1d9093457b243061a9bba23543c38726e864a643,1,0,2,1,linux,BFC
be90cc318b4c8d5c3999eb25783d8055e6a67855,2,0,0,1,linux,BFC
013567be19761e2d14fc2a2676fe7686ac54c9ac,0,2,1,1,linux,BFC
36cf515b9bbe298e1ce7384620f0d4ec45ad3328,539,0,0,5,linux,BIC
626d84db64d746f63eadf5e241fc2211419e11b8,36,0,0,1,linux,BIC
dbd7ae5154d5fff7e84a9f3010bb06499017ef29,1,0,0,1,linux,BFC
fa590c222fbaa428edb2ce2194638906cea1400a,23539,0,0,23,linux,BIC
7333b5aca412d6ad02667b5a513485838a91b136,1,0,1,1,linux,BFC
b4626a7f489238a59f08f0b216e883bac07260d7,97,0,0,1,linux,BIC
36cb6494429bd64b27b7ff8b4af56f8e526da2b4,15,0,5,3,linux,BFC
0d7eacbe637952fc737a968bc16db1f2ccbbe71c,0,0,1,1,linux,BFC
d60b5b7854c3d135b869f74fb93eaf63cbb1991a,5,0,0,1,linux,BFC
4f81cbafcce2c603db7865e9d0e461f7947d77d4,38,71,0,1,linux,BIC
4b639e254d3d4f15ee4ff2b890a447204cfbeea9,6,0,0,1,linux,BFC
9bcdeb51bd7d2ae9fe65ea4d60643d2aeef5bfe3,1,0,2,2,linux,BFC
9f2d3eae88d26c29d96e42983b755940d9169cd9,1613,0,0,1,linux,BIC
1f06b81aea5ecba2c1f8afd87e0ba1b9f8f90160,0,0,1,1,linux,BFC
a227960fe0cafcc229a8d6bb8b454a3a0b33719d,0,1,9,1,linux,BFC
455ae5aabcc72fed7e5c803d59d122415500dc08,7,0,1,1,linux,BFC
00f9fec48157f3734e52130a119846e67a12314b,0,0,1,1,linux,BFC
db5ad6b7f8cdd6d78efef62a1557461d0cbaee54,21,0,11,1,linux,BIC
74e7feff0e22f054839c18b29658d33e7b2d8512,18,0,4,1,linux,BIC
2dd209f00fc5a1caafa493066c7cd692fd2fd57c,3,0,1,1,linux,BFC
4a61abb100c8a647959147034f60e9fce17ce9af,77,0,1,7,linux,BIC
10189e8e6fe8dcde13435f9354800429c4474fb1,6,3,0,1,linux,BFC
d49e286d354e75710cc9d100197de1161a8b809e,10,0,1,3,linux,BIC
8d94c2f9198301bd78feb1d9ad6c08a8ee7b5d1c,35,0,6,3,linux,BFC
dabdcdc9822ae4e23cd7ff07090098d34f287b28,6,37,47,3,linux,BIC
1a08e3d9e0ac4577ba89dbdb38f593fe050f88fc,0,0,1,1,linux,BIC
b3c3890489f6d3794916958d1663ab6aecb0290b,1,50,50,7,linux,BIC
3c8ce24b037648a5a15b85888b259a74b05ff97d,0,0,1,1,linux,BFC
d873697ef2b7e1b6fdd8e9d449d9354bd5d29a4a,4,0,0,1,linux,BFC
75369089820473eac45e9ddd970081901a373c08,4,2,0,3,linux,BIC
cb2377a919bbe8107af269c5a31a8d5cfb27d867,3,2,3,2,linux,BIC
edb09eb17ed89eaa82a52dd306beac93e292b485,61,4,64,19,linux,BIC
e77b259f67ab99f1e22ce895b9b1c637fd5f2d4c,1,0,1,1,linux,BFC
8fcfb99c8e29c73dd8945b6105ef54ca4eeb171e,3,1,1,1,linux,BFC
aab15e8ec25765cf7968c72cbec7583acf99d8a4,24,0,0,1,linux,BIC
3822b5c2fc62e3de8a0f33806ff279fb7df92432,0,7,3,1,linux,BIC
7c0d6e482062eb5c06ecccfab340abc523bdca00,5,0,0,1,linux,BFC
660564fc9a92a893a14f255be434f7ea0b967901,0,0,3,1,linux,BFC
e3409e4192535fbcc86a84b7a65d9351f46039ec,0,0,1,1,linux,BFC
e5006671acc714d9dbfc6f8a618124c36f5cc6f8,0,123,0,2,linux,BIC
aea5f654e6b78a0c976f7a25950155932c77a53f,335,0,0,2,linux,BIC
f1bf9e60a0779ec97de9ecdc353e1d01cdd73f43,0,0,10,1,linux,BFC
280abe14b6e0a38de9cc86fe6a019523aadd8f70,2,1,1,1,linux,BFC
8b0db1a5bdfcee0dbfa89607672598ae203c9045,4,0,0,1,linux,BFC
7bd897cfce1eb373892d35d7f73201b0f9b221c4,2,0,1,1,linux,BFC
63c43787d35e45562a6b5927e2edc8f4783d95b8,8,2,8,4,linux,BFC
3294bee87091be5f179474f6c39d1d87769635e2,0,0,2,1,linux,BFC
74692caf1b0bd14454e61da1b7cd04254964beff,10,0,0,1,linux,BIC
28e5d3bb0325e71ef9b53a9cb4242cdfb55fd8c5,593,0,0,1,linux,BIC
67f1e027c27054e641584655020a417eaac9cb3a,72,1,3,3,linux,BIC
46cb25b1a0ee74bf4a79cfb3081ae3567b2f7135,0,0,1,1,linux,BFC
6dee930f6f6776d1e5a7edf542c6863b47d9f078,1,0,0,1,linux,BFC
384e624bb211b406db40edc900bb51af8bb267d0,388,6,6,5,linux,BIC
db196935d9562abec4510f48d887bc1f1e054fcf,2,0,2,2,linux,BFC
37c2578c0c40e286bc0d30bdc05290b2058cf66e,141,46,20,4,linux,BFC
5706d02871240fdba7ddd6ab1cc31672fc95a90f,0,6,2,1,linux,BFC
7938f4218168ae9fc4bdddb15976f9ebbae41999,290,266,279,74,linux,BIC
898b29798e36019966839187fd58dacec16d7db6,72,45,3,1,linux,BIC
f1a75f4dd8edf272b6b7cdccf6ba6254ec9d15fa,9,0,0,1,linux,BFC
6b51f802d652b9f053ef5103dc33b7a55c67860c,28,0,1,1,linux,BIC
35c8ae25c4fdeabf490e005692795a3be17ca5f6,2,0,1,1,linux,BFC
98a6151907cb5512eb6ba8b90644e3ace2d2fc46,3,0,14,4,linux,BFC
f020d9570a04df0762a2ac5c50cf1d8c511c9164,25,21,4,1,linux,BFC
48bd226f0ab3b91a837213cbfa15319f377effad,6,0,1,1,linux,BFC
99a2b9be077ae3a5d97fbf5f7782e0f2e9812978,0,5,1,3,linux,BFC
1ac5e21d43b2325854cf3b36b1509b28468dc6fd,0,2,0,1,linux,BFC
5cf021d52026c0e998756a3bdb475aae2e8a68a4,0,0,4,1,linux,BFC
b091fc6f8e5bb27577ffb71087f06730f33a8908,1,0,0,1,linux,BFC
02f20387e1bca550639c37b1945f20cd32ddfcce,3,1,1,1,linux,BFC
27ed14d0ecb38516b6f3c6fdcd62c25c9454f979,0,284,4,1,linux,BFC
3b2a999582c467d1883716b37ffcc00178a13713,1,0,3,1,linux,BFC
69125b4b9440be015783312e1b8753ec96febde0,0,7,1,1,linux,BFC
3fa01d642fa7fc8b2ee2833155048d2d107da2e8,62,0,0,2,linux,BIC
393d66fd2cacba3e6aa95d7bb38790bfb7b1cc3a,84,0,0,3,linux,BIC
24f0692bfd41fd207d99c993a5785c3426762046,1,0,0,1,linux,BFC
3a53acf1d9bea11b57c1f6205e3fe73f9d8a3688,10,2,2,2,linux,BFC
fb0305ce1b03f6ff17f84f2c63daccecb45f2805,49,77,5,5,linux,BIC
9f7761cf0409465075dadb875d5d4b8ef2f890c8,0,0,2,1,linux,BFC
78887832e76541f77169a24ac238fccb51059b63,0,0,1,1,linux,BFC
2c9c3bbbbfe9f7f700c30d9ac40c1abca59d39ee,0,0,2,1,linux,BFC
75f6dfe3e652e1adef8cc1b073c89f3e22103a8f,7,30,0,8,linux,BIC
2ef86872d98d5558bfc852b47b1140e838d601d2,13,3,3,1,linux,BFC
c4849f88164b13dd141885e28210f599741b304b,0,76,3,8,linux,BFC
10eb56c582c557c629271f1ee31e15e7a9b2558b,0,0,1,1,linux,BFC
700dadfefc3df1f63dfbae7cb42fda147f4c074c,69,29,38,1,linux,BIC
519fb5c3350d1b5225b27b1cac55144f79351718,32,1,8,1,linux,BFC
9a37e53e451eff5790ae15341031e39777105127,6,0,0,1,linux,BIC
83de91f826652e080d323f748509b6d943c8e33c,3,0,0,1,linux,BFC
1e33888fbe44ade6e9d54eb7c6c5e92d1455ff08,238,0,0,1,linux,BIC
fa5d21edbbc16dd2212d49bb59018d3221c0be3d,1,0,0,1,linux,BFC
a9d7052363a6e06bb623ed1876c56c7ca5b2c6d8,315,503,1,3,linux,BIC
a8d11cd0714f51877587f5ec891013ca46e163ac,5,8,31,3,linux,BIC
7a1e3f143176e8ebdb2f5a9b3b47abc18b879d90,33,0,1,1,linux,BIC
315ca4c408ed3bcfe3a204fec9f5c397a98e97a0,5,0,10,7,linux,BFC
7e620984b62532783912312e334f3c48cdacbd5d,8,0,0,1,linux,BFC
208050dac5ef4de5cb83ffcafa78499c94d0b5ad,0,2,0,1,linux,BFC
08acc963190a3a0eb491efa9cc466b2c18d59f22,0,9,0,1,linux,BFC
0d0d4d21a09981e65b2bd386c999e8c0ecc6444e,0,0,2,1,linux,BFC
89677197ae709eb1ab3646952c44f6a171c9e74c,8,0,0,1,linux,BFC
b17b4ab8ce3894744b487e6c880ecea807ed5f86,2,1,1,1,linux,BIC
c9cc0517bba9f0213f1e55172feceb99e5512daf,3,0,0,1,linux,BFC
b01e9348e106544e50691252bf58cde239681f19,22,0,6,1,linux,BFC
d8655e7630dafa88bc37f101640e39c736399771,0,0,9,2,linux,BFC
f322e851f20e534cf5305332a9ad5eefadb55d56,0,0,1,1,linux,BFC
24a8d78a9affb63e5ced313ccde6888fe96edc6e,0,0,1,1,linux,BFC
39a9beab5acb83176e8b9a4f0778749a09341f1f,15,0,4,5,linux,BIC
7c29744eccecc2c74c9b4d1ea0a60b4d95229399,0,17,3,1,linux,BIC
03ba791df98d15d07ea74075122af71e35c7611c,0,0,2,1,linux,BFC
5749ce92c4b707353cbd934dd0518a1966d7988f,0,1,1,2,linux,BFC
b13033262d2496e271444d5a09226a2be5ceb989,48,16,7,2,linux,BIC
9d3cce0b613689ee849a505ffac179af0ae9fff2,325,69,51,5,linux,BIC
747bad54a677d8633ec14b39dfbeb859c821d7f2,0,0,1,1,linux,BFC
8a56aa107f1e812347cc1209aa674e1361375af8,353,0,0,1,linux,BIC
990ff4d84408fc55942ca6644f67e361737b3d8e,1,0,0,1,linux,BFC
7ce5b6850b47824a2b8d0a17b5fe75f9942e5cd1,5,5,1,3,linux,BIC
ce577668a426c6a9e2470a09dcd07fbd6e45272a,3,0,0,1,linux,BFC
066ce6899484d9026acd6ba3a8dbbedb33d7ae1b,44,35,8,3,linux,BIC
6289a98f0817a4a457750d6345e754838eae9439,0,2,1,1,linux,BIC
406e79385f3223d82272cf2be86bc95cd000a258,101,0,31,3,linux,BIC
01c66c48d4f0825a202d4163800b706a1d2ec7ad,0,1,1,1,linux,BFC
c176ffa0841c632593c5007f1d1c9ed126481daa,24,0,12,5,linux,BIC
72641d8d60401a5f1e1a0431ceaf928680d34418,0,7,0,1,linux,BFC
4b0755e90ae03ba40174842af6fa810355960fbc,0,0,1,1,linux,BFC
ddc05fa286068a2d0cf87a47739b155806d46670,8,0,0,4,linux,BIC
4d99efb229e63928c6b03a756a2e38cd4777fbe8,0,0,8,2,linux,BFC
50274b01ac1689b1a3f6bc4b5b3dbf361a55dd3a,2,1,2,1,linux,BFC
d2a36971ef595069b7a600d1144c2e0881a930a1,0,3,8,1,linux,BFC
3703b2c5d041a68095cdd22380c23ce27d449ad7,1656,0,0,2,linux,BIC
b4331a681822b420511b3258f1c3db35001fde48,0,0,2,1,linux,BFC
1ce43acff0c078fd560ee0f2a4ae10b8da28e388,17,53,21,2,linux,BIC
decf89f86ecd3c3c3de81c562010d5797bea3de1,9,0,4,1,linux,BFC
0dba808eae2627f40024872d2f02f75f0d2b0790,81,4,9,3,linux,BIC
55a515b1f5a97df5704a1788fe97a4a740be2b9e,211,0,0,3,linux,BIC
2951d5c031a3aaefa31b688fbf229e75692f4786,5,8,20,1,linux,BFC
0fe4b381a59ebc53522fce579b281a67a9e1bee6,47,1,15,6,linux,BIC
70e7af244f24c94604ef6eca32ad297632018583,0,0,2,1,linux,BIC
d2bb390a2081a36ffe906724d2848d846f2aeb29,1592,0,0,3,linux,BIC
4d99e4136580d178e3523281a820be17bf814bf8,101,0,5,3,linux,BIC
3083696a1ee68f4845f8e9a21b91e343ff25eff3,0,0,1,1,linux,BFC
14a720dc1f5332f3bdf30a23a3bc549e81be974c,6,0,1,1,linux,BFC
ae128293d97404f491dc76f1843c7adacfec3441,1,0,0,1,linux,BFC
eec874ce5ff1fe1742317513904a2292af749c7d,60,52,13,4,linux,BIC
dbd479db79572067a4c031f84c204ba30d0256ef,4,0,5,3,linux,BFC
c781ff12a2f37a9795e13bf328e5053d3e69f9e0,235,1,0,5,linux,BIC
b5179ec4187251a751832193693d6e474d3445ac,0,4,1,1,linux,BFC
3d9fa91161387ee629e7a07c47934d119910c8ae,0,0,2,1,linux,BFC
7aa0727f3302931e698b3a7979ae5b9a4600da4e,40,0,47,4,linux,BIC
a278e7ea608bea5fe6df9b6ae91fa134655c5d2c,108,89,7,4,linux,BIC
d53c66a5b80698620f7c9ba2372fff4017e987b8,1,0,1,1,linux,BFC
8bcd4e6a8decac251d55c4377e2e67f052777ce0,7,0,2,1,linux,BFC
e36db6a06937c6fce3291f0c362d4f757b8ec703,46,0,0,2,linux,BIC
67f8b1dcb9ee7f1e165da4eb2ec53483a6b141ea,107,19,186,8,linux,BIC
2ce18249af5a28031b3f909cfafccc88ea966c9d,0,0,2,1,linux,BFC
9e52fc2b50de3a1c08b44f94c610fbe998c0031a,14,0,4,2,linux,BIC
c01013a2f8ddfbdddfff3e288a936be13948cf5d,0,0,5,1,linux,BIC
eda96044de274cbf7263834b5cecb51f1f7b0984,1,0,2,1,linux,BFC
a5a08c35d382a5a8da397260c3febb8dff4bdeef,0,0,1,1,linux,BFC
bd05220c7be3356046861c317d9c287ca50445ba,11,0,0,2,linux,BFC
b2ddc48a81b564a3cadcfd60698259d2b0f2cb47,6,0,1,1,linux,BIC
b3f0ceb7c2037c6e3affd7d9c84ac5f97af7a5b5,0,0,1,1,linux,BFC
29cf8febd1857d07de3bc62858e6311de2fb116d,570,0,0,1,linux,BIC
20f7d928fa6e51ca81648946ead6244c58a0b4c0,44,76,0,2,linux,BIC
4172843ed4a38f97084032f74f07b2037b5da3a6,1,0,2,1,linux,BIC
09a5f210f67eea4a2176820c3bc398747a564705,37,3,14,8,linux,BIC
27a030e8729255b2068f35c1cd609b532b263311,8,0,0,1,linux,BFC
ef3b9af50bfa6a1f02cd7b3f5124b712b1ba3e3c,78,0,20,1,linux,BIC
490547ca2df66b8413bce97cb651630f2c531487,0,0,1,1,linux,BFC
f9ac7bbd6e4540dcc6df621b9c9b6eb2e26ded1d,0,0,4,1,linux,BFC
6cb3f9b25c55928b95a02b9ed8e87ed653b3cce8,2,0,2,1,linux,BFC
ee1d267423a1f8041e2b1a33fc23e4393c67677e,69,15,15,8,linux,BIC
df3c6eb34da5ed61d288c23466e1ec4dd7ca509a,25,1,1,1,linux,BIC
9f15b9120f562ae0bf0a836c96f4dafb33ae426a,2,0,1,2,linux,BFC
7f1a93b1f1d1d2603a49a9e4226259db9272f305,0,4,2,1,linux,BIC
4d1be581ec6b92a338bb7ed23e1381f45ddf336f,5,0,2,1,linux,BFC
4b592061f7b3971c70e8b72fc42aaead47c24701,0,1,1,1,linux,BFC
a05b82d5149dfeef05254a11c3636a89a854520a,15,9,0,2,linux,BFC
487317c99477d00f22370625d53be3239febabbe,10,0,2,3,linux,BIC
d0a0a511493d269514fcbd852481cdca32c95350,0,0,1,1,linux,BFC
8eb629585d2231e90112148009e2a11b0979ca38,0,0,1,1,linux,BFC
16f0013157bf8c95d10b9360491e3c920f85641e,22,5,0,3,linux,BIC
4d83de6da265cd84e74c19d876055fa5f261cde4,43,0,46,1,linux,BIC
d28820419ca332f856cdf8bef0cafed79c29ed05,0,1,0,1,linux,BFC
89e3becd8f821e507052e012d2559dcda59f538e,24,0,3,3,linux,BIC
8f408ab64be6319cb7736cbc6982838dcc362306,109,0,0,5,linux,BIC
044f507dc0a3070985592d84707a9d69746d84c6,3,3,0,1,linux,BFC
9bd780f5e0663035d41a95a6b87eced011ba7e2a,7,0,10,1,linux,BFC
cbb523594eb718944b726ba52bb43a1d66188a17,0,0,25,1,linux,BFC
c89a384e2551c692a9fe60d093fd7080f50afc51,1,0,0,1,linux,BFC
df55c5586e5185f890192a6802dc5b46fddd3606,3,0,0,1,linux,BFC
66725152fb9f17bbc17d976da7678b3e098b3b01,733,0,0,1,linux,BIC
39d57757467b6346bbc1a1f416e3057f681cf903,3,0,8,1,linux,BIC
b1bdde33b72366da20d10770ab7a49fe87b5e190,8,0,2,1,linux,BFC
0d352a3a8a1f26168d09f7073e61bb4b328e3bb9,1,0,0,1,linux,BFC
3a7b68617de749d930b5503c3c5f30a17524f0bd,115,0,0,3,linux,BIC
6279017e807708a07db5edace462713a93625da3,30,29,1,3,linux,BIC
47a01ee9a6c39fe1f5b14f5d88f6591baeb03e95,2,0,2,1,linux,BIC
ef9209b642f13fc293b27612d7d1d4c9de1b5b75,0,1,12,1,linux,BIC
13f2d25b951f139064ec2dd53c0c7ebdf8d8007e,0,1,3,1,linux,BFC
b87a5ea31c935a7f7e11ca85df2ec7917921e96d,59,0,15,2,linux,BIC
abaca3179b41d4b3b115f27814ee36f6fb45e897,0,0,1,1,linux,BFC
43c9fc509fa59d602f9c303d02b33db015022881,42,0,7,2,linux,BIC
f73c730774d88a14d7b60feee6d0e13570f99499,9,0,2,1,linux,BFC
c2adae44e9161612c89e52d233c83086195f454c,88,0,0,2,linux,BIC
ca7d8b980b67f133317525c4273e144116ee1ae5,690,0,0,2,linux,BIC
4b353a706a86598ba47307c47301c3c428b79e09,19,2,2,1,linux,BFC
85d9691ccc96d95629939a877fd6c1f8c4724f56,9,1,10,1,linux,BFC
f25bf1977f7a968e85fe8ab99252b8132c6cf8c4,0,4,0,1,linux,BFC
2e8f9d322948406fb3aa0b27bda4d40a34e57123,63,0,3,3,linux,BFC
760a4322470e3990b14e09bfe80c9c75c77f33dd,0,0,1,1,linux,BFC
880211667b203dd32724f3be224c44c0400aa0a6,0,36,2,1,linux,BIC
e6436be21e77e3659b4ff7e357ab5a8342d132d2,0,0,2,1,linux,BFC
a949ae560a511fe4e3adf48fa44fefded93e5c2b,5,19,4,3,linux,BIC
d0bab0c39e32d39a8c5cddca72e5b4a3059fe050,11,0,3,1,linux,BFC
7a67a39320dfba4b36d3be5dae4581194e650316,42,1,16,1,linux,BIC
80a95a80d358ded600a517ea0a93fe86b8f8da84,63,0,2,3,linux,BIC
742c87bf27d3b715820da6f8a81d6357adbf18f8,4,0,0,1,linux,BFC
3b2b78a8eb7cc38d207c5ee516769bc3f44d19ea,0,0,1,1,linux,BIC
0285dbae5db842862d49f148cdcedad986447f34,7,7,0,1,linux,BFC
4a37f3dd9a83186cb88d44808ab35b78375082c9,0,0,2,1,linux,BFC
728356dedeff8ef999cb436c71333ef4ac51a81c,86,0,12,6,linux,BIC
13f8d9c16693afb908ead3d2a758adbe6a79eccd,0,1,1,1,linux,BFC
0a1213fa7432778b71a1c0166bf56660a3aab030,4,0,2,3,linux,BIC
136bed0bfd3bc9c95c88aafff2d22ecb3a919f23,12,6,4,1,linux,BFC
66d06c84730c8b148d93909ffbddf074fd771a48,3,0,2,1,linux,BIC
a0692f0eef91354b62c2b4c94954536536be5425,1,0,0,1,linux,BFC
478ba09edc1f2f2ee27180a06150cb2d1a686f9c,4,3,1,1,linux,BIC
b2b45fcd921e864a5e9bbc7aa55dee96d5e11c06,1,0,1,1,linux,BFC
83ca259489409a1fe8a83dad83a82f32174d4f31,1,0,1,1,linux,BIC
363de9e7d4f6b1dd7993f316a064df1f9abc3341,4,2,4,1,linux,BIC
1732b0ef3b3a02e3df328086fb3018741c5476da,194,12,37,5,linux,BIC
45c2f70cba3a7eff34574103b2e2b901a5f771aa,4,0,2,2,linux,BFC
b89dae1852869d6bb3e4a8e3c6bdaf86dc2ef9da,14,2,16,4,linux,BFC
70e5ecb1b994f2704c234cb12366d45474b98f32,0,12,13,5,linux,BIC
5b01bd11b78b71ea1f5fc93e6e45ce6d71f5de1b,0,0,1,1,linux,BFC
381c759d9916c42959515ad34a6d467e24a88e93,4,0,0,1,linux,BFC
9302c1bb8e475829330146423626c3d32e8cb012,5,64,164,4,linux,BIC
45add3cc99feaaf57d4b6f01d52d532c16a1caee,0,5,0,1,linux,BFC
a07097735da521edd2db462a4e5a140f0c4a577d,0,0,2,1,linux,BFC
cc34073c6248e9cec801bf690d1455f264d12357,0,0,2,1,linux,BFC
1dd93f873d8ed8e5b228d1ae324b1f3c1e94bfa8,9,0,1,3,linux,BFC
8c6bb62f6b4a24c446511e8f894251946dcc2ef1,600,0,0,5,linux,BIC
b6fb87b8e3ff1ef6bcf68470f24a97c984554d5a,0,0,1,1,linux,BFC
1adbddef118ae8bf6409c13208645d28c29731c1,0,5,0,1,linux,BFC
6628ddfec7580882f11fdc5c194a8ea781fdadfa,6,0,0,1,linux,BIC
1e066a23e76f90c9c39c189fe0dbf7c6e3dd5044,0,0,1,1,linux,BFC
6eb82f9940267d3af260989d077a2833f588beae,52,0,0,1,linux,BIC
85f74acf097a63a07f5a7c215db6883e5c35e3ff,0,0,1,1,linux,BFC
d83187dda9b930dc268ab05da265f3d5d7eca451,3,5,4,1,linux,BIC
0fe3a66410a3ba96679be903f1e287d7a0a264a9,218,0,2,2,linux,BIC
cfdc67acc785e01a8719eeb7012709d245564701,6,0,10,1,linux,BFC
2e012c74823629d9db27963c79caa3f5b2010746,1,2,3,1,linux,BFC
014ba44e8184e1acf93e0cbb7089ee847802f8f0,1,0,1,1,linux,BFC
fbf9921f8b35d9b241a1ee0008d310a3a5390273,17,11,24,1,linux,BIC
5a25de6df789cc805a9b8ba7ab5deef5067af47e,0,2,0,1,linux,BFC
355199e02b831fd4f652c34d6c7673d973da1369,195,0,0,5,linux,BIC
69e766612c4bcb79e19cebed9eed61d4222c1d47,18,0,12,2,linux,BFC
4162c5ce52e593acd6b53efa09eb945650e2e729,0,0,11,4,linux,BFC
85374b6392293d103c2b3406ceb9a1253f81d328,5,0,1,1,linux,BFC
8b681bd7c301c423fbe97a6b23388a2180ff04ca,4,0,6,1,linux,BFC
52d214976d4f64504c1bbb52d47b46a5a3d5ee42,3,0,1,1,linux,BFC
945b2b2d259d1a4364a2799e80e8ff32f8c6ee6f,33,0,1,1,linux,BFC
47da42b27a56f3ee5abace2858b69e277703f707,5,89,2,5,linux,BIC
8782fb61cc848364e1e1599d76d3c9dd58a1cc06,4,1,12,3,linux,BIC
dec727399a4b36bec87b7b4d4c1b20025e69758a,1316,0,1,8,linux,BIC
074b07d94e0bb6ddce5690a9b7e2373088e8b33a,4,0,1,1,linux,BFC
a3201227f803ad7fd43180c5195dbe5a2bf998aa,55,32,17,5,linux,BIC
14bf62cde79423a02a590e02664ed29a36facec1,1224,0,0,4,linux,BIC
2f33a397e9605e70fe2082d727aa1501a9386b95,0,0,1,1,linux,BFC
38d9029a652cb2925a97a8484f6e8f2c85fd55bb,2,0,0,1,linux,BFC
fe5c735d0d47b495be6753d6aea4f8f78c909a0a,2,0,0,1,linux,BFC
23ec111bf3549aae37140330c31a16abfc172421,8,0,0,1,linux,BFC
3f4093e2bf4673f218c0bf17d8362337c400e77b,1,0,0,1,linux,BFC
c86cc5a3ec70f5644f1fa21610b943d0441bc1f7,22,14,15,2,linux,BFC
39611265edc1af3d574178202e19c31e187e7cf2,5,0,0,1,linux,BIC
f3020b8891b890b48d9e1a83241e3cce518427c1,0,0,1,1,linux,BFC
bafbc6f0b51b0bb8566c5d8ec255838c8cfe3545,0,0,1,1,linux,BFC
f2bbdbcb075f3977a53da3bdcb7cd460bc8ae5f2,0,1,1,1,linux,BFC
1d5d820b8fe83b5f859d1ebb028a09ada426447e,0,0,1,1,linux,BFC
7bda9482e7ed4d27d83c1f9cb5cbe3b34ddac3e8,3,0,1,1,linux,BFC
771f393e8ffc9b3066e4830ee5f7391b8e8874f1,92,6,24,10,linux,BIC
d0e51022a025ca5350fafb8e413a6fe5d4baf833,4,0,4,1,linux,BFC
5747ff3091f7328a0c3e63eafedafe80d7953be8,1,0,0,1,linux,BFC
f1430f145eefcab2bddb9e836d427c4aac067faa,6,0,2,1,linux,BFC
e83d6955fe422f120b0e98e4f02496af89845eef,1,0,0,1,linux,BFC
2b9056359889c78ea5decb5b654a512c2e8a945c,0,3,5,1,linux,BFC
cf911d89c4c5e225a2a2cfadf1364838154b2202,1753,0,1,2,linux,BIC
27dd768ed8db48beefc4d9e006c58e7a00342bde,9,3,5,1,linux,BFC
a21c1f028fbae8c8e2e2602d3ea206fefa448d73,1,0,0,1,linux,BFC
502dfeff239e8313bfbe906ca0a1a6827ac8481b,0,6,2,1,linux,BIC
b6e5d27e32ef6089d316ce7e1ecaf595584d4b84,96,3,15,6,linux,BIC
ffa639e069fb55a150a2f14af6762b2c429e6d50,92,0,2,1,linux,BIC
6a6223ec7779dfdabb9c2567bb42079bc300cf27,2,0,0,1,linux,BFC
0cdc58580b37a160fac4b884266b8b7cb096f539,0,0,1,1,linux,BFC
9be7e9898444f74e6fd90eb2773e28105163915a,126,40,14,1,linux,BIC
309257484cc1a592e8ac5fbdd8cd661be2b80bf8,30,17,176,3,linux,BIC
fa0096e3bad69ed6f34843fd7ae1c45ca987012a,0,2,8,2,linux,BFC
8dca9331270240125fedbe83e0a2cd5750ed9fff,28,0,1,1,linux,BIC
31557f0f9755696530d08465cf9940404f2d48e2,1642,0,0,6,linux,BIC
c296d4dc13aefe96792538a949996b8938f28f13,46,0,14,1,linux,BIC
1bdec44b1eee32e311b44b5b06144bb7d9b33938,10,7,10,2,linux,BFC
818c7ce724770fbcdcd43725c81f2b3535f82b76,0,0,3,1,linux,BFC
537a14726582c4e7bfe4dff9cb7fca19dc912cf6,0,0,2,1,linux,BFC
075001385c66a00fba9810b9ecb88d644384df88,231,0,8,2,linux,BIC
5c11f7d9f843bdd24cd29b95401938bc3f168070,10,0,1,1,linux,BFC
03e404af26dc2ea0d278d7a342de0aab394793ce,18,0,2,2,linux,BIC
a7319c8f50c5e93a12997e2d0821a2f7946fb734,2,0,1,1,linux,BFC
e2edf59dec0b366d8350427410decce7e64d6ceb,206,0,0,1,linux,BIC
d2d837563743590cbf07bf786941e73a8c40b031,0,6,2,1,linux,BFC
1803b9a52c4e5a5dbb8a27126f6bc06939359753,5,0,10,1,linux,BFC
059421e041eb461fb2b3e81c9adaec18ef03ca3c,12,10,0,1,linux,BFC
688f97ed3f5e339c0c2c09d9ee7ff23d5807b0a7,22,0,0,1,linux,BIC
61f9e2924f4981d626b3a931fed935f2fa3cb4de,8,1,15,5,linux,BFC
5ef696aa9f3ccf999552d924c4e21a348f2bbea9,149,1,46,4,linux,BFC
f1f0366dd6be9624f7d355b72cc909ab821eb4c0,79,0,0,1,linux,BIC
9050d50e2244331f3095e86eca899ac624fdb38f,6,0,0,1,linux,BFC
4d63adfe12dd9cb61ed8badb4d798955399048c2,31,0,0,2,linux,BIC
f160e99462c68ab5b9e2b9097a4867459730b49a,157,0,0,1,linux,BIC
213342053db58eabdaddff9c036c2b81ca63c443,109,1,9,4,linux,BIC
1e052be69d045c8d0f82ff1116fd3e5a79661745,76,0,23,12,linux,BIC
dd8f7fa908f66dd44abcd83cbb50410524b9f8ef,4,0,0,1,linux,BFC
311a50e76a33d1e029563c24b2ff6db0c02b5afe,8,0,7,3,linux,BIC
0779935938b1b6f492f019764bc7dda77bb08ec9,0,1,0,1,linux,BFC
5ab92a7cb82c66bf30685583a38a18538e3807db,31,0,0,1,linux,BIC
d07e9fadf3a6b466ca3ae90fa4859089ff20530f,9,0,1,1,linux,BFC
35fa91eed817d2c65c59ef5a9737011313be6ac0,0,26,24,2,linux,BIC
4e8b0cf46b2570331a4c4157d53906883c442a22,587,0,0,1,linux,BIC
19c5392eb1c1e81188e898400c0e8258827eb160,3,0,0,1,linux,BFC
0d01da6afc5402f60325c5da31b22f7d56689b49,471,0,1,11,linux,BIC
39b4d43e6003cee51cd119596d3c33d0449eb44c,5,3,8,3,linux,BFC
90224e6468e15d5eb22a10ae1849cf8ca2e7360a,19,53,146,44,linux,BIC
f751d8eac17692905cdd6935f72d523d8adf3b65,9,0,5,1,linux,BFC
bcc0f0c078771e983a7e602eb14efa02f811445f,4,0,0,1,linux,BFC
5f51c7ce1dc36565296b3ef342585f70ec72a2a9,2,0,1,1,linux,BFC
2a10154abcb75ad0d7b6bfea6210ac743ec60897,284,0,0,2,linux,BIC
526735ddc0ae8c7a7751e9ad3a57ae76cd3c35d5,0,0,1,1,linux,BFC
7e207d8550644c1076ceb070f40abf52701253ec,0,0,1,1,linux,BFC
43a08c3bdac4cb42eff8fe5e2278bffe0c5c3daa,16,0,15,1,linux,BIC
233cb8a47d65715643f7608e7130b417df115d9f,961,0,0,1,linux,BIC
3683b761fe3a10ad18515acd5368dd601268cfe5,124,0,0,1,linux,BIC
0fae198988b873d30fe9ecb6a6271afb36df97e9,17,14,2,3,linux,BIC
64cf5481262b9664ae3cdcb333f4a06af3e8fb58,0,10,1,2,linux,BFC
265e2cf672aaa9421e7012b4aa30c0ed80f1a447,0,1,1,1,linux,BFC
cdcf11212b22ff8e3de88ced1a6eda5bb950e120,4,1,2,2,linux,BIC
02ab695bb37ee9ad515df0d0790d5977505dd04a,40,0,0,3,linux,BIC
054b62d9f25c903958749e4cea25261324a7a2a4,19,0,11,1,linux,BIC
d205dc40798d97d63ad348bfaf7394f445d152d4,0,6,14,2,linux,BIC
a7f2e9272aff1ccfe0fc801dab1d5a7a1c6b7ed2,4,0,2,1,linux,BFC
0261ea1bd1eb0da5c0792a9119b8655cf33c80a3,0,0,1,1,linux,BFC
42b6f118f6d11268d652ce4946fef25a2611c39d,78,0,7,5,linux,BIC
fa8d82e853e84de998e91e95d7a09aa04a7f79ee,32,26,0,1,linux,BIC
1f3e25a068832f8892a5ff71467622d012f5bc9f,15,0,15,1,linux,BFC
778279f4f5e4e89ff31803ba48135256563825c2,6,0,1,1,linux,BIC
190ecb190a9cd8c0599d8499b901e3c32e87966a,0,0,3,1,linux,BFC
07c52d6a0b955a8a28834f9354793cfc4b81d0e9,10,1,34,2,linux,BFC
0410d07190961ac526f05085765a8d04d926545b,16,2,0,1,linux,BFC
cf9e6d5dbdd56ef2aa72f28c806711c4293c8848,0,0,1,1,linux,BFC
d305c253af693e69a36cedec880aca6d0c6d789d,7,0,0,1,linux,BFC
dc7109aaa233d83b573f75763a9f1ae207042a53,7,0,0,1,linux,BIC
926fd9f23b27ca6587492c3f58f4c7f4cd01dad5,3,0,6,1,linux,BFC
848862e672883232f5f7f07a2d6628ed3f25444f,12,3,1,3,linux,BFC
3bd7594e69bd97c962faa6a5ae15dd8c6c082636,2,0,2,1,linux,BFC
db2c549407d4a76563c579e4768f7d6d32afefba,0,0,1,1,linux,BFC
21a2774ef5d4fde772fbcb9d0eabb76f585e5af5,3,0,3,1,linux,BFC
1017e0987117c32783ba7c10fe2e7ff1456ba1dc,1,0,0,1,linux,BFC
3650860b90cc2a06cb9d7e37df005736c46ce87e,48,3,50,1,linux,BIC
21b014f038d384ca66bc4644cc10a1f6436787ae,93,21,30,1,linux,BIC
46baae56e1001a771a5d132aa883cb5605013ae2,16,0,0,1,linux,BFC
7904022decc260a19dd65b56ac896387f5da6f8c,2,0,1,1,linux,BFC
d2f372ba0914e5722ac28e15f2ed2db61bcf0e44,0,0,1,1,linux,BIC
fdf71426e7c548d6e4f5e51e0238732d60e05f5f,0,0,3,1,linux,BFC
1a8f8d2a443ef9ad9a3065ba8c8119df714240fa,0,0,2,1,linux,BFC
5ad45307d990020b25a8f7486178b6e033790f70,7,7,0,1,linux,BFC
8b374399468da1c25db5b5d436b167aafc10fbdc,4,12,3,1,linux,BFC
b2d6ef70614e9e9dacfa9fc7dac49e7dc22dc8b3,39,75,3,3,linux,BIC
4c8e0459b585e2a7b367545be3e102737f1e489f,15,0,0,2,linux,BFC
403f69bbdbadb2e601f725be2d00b4ccc7b61c9d,3461,0,0,7,linux,BIC
18266403f3fe507f0246faa1d5432333a2f139ca,0,2,0,1,linux,BFC
2bb07e155bb3e0c722c806723f737cf8020961ef,0,0,2,1,linux,BFC
b430eaba0be5eb7140d0065df96982fa6b5ccc1d,58,23,14,2,linux,BIC
557d054c01da0337ca81de9e9d9206d57245b57e,6,1,0,1,linux,BFC
7512eaf54190e4cc9247f18439c008d44b15022c,0,0,1,1,linux,BIC
f9a912a3c45f6c319c2bc11b5410ed1c0392eadd,5,0,26,1,linux,BIC
8c3c818c23a5bbce6ff180dd2ee04415241df77c,2,1,0,1,linux,BFC
09b1d5dc6ce1c9151777f6c4e128a59457704c97,5,3,12,4,linux,BFC
f31318fdf324901ce5a17ccc3d71213117fb44af,5,0,3,5,linux,BIC
c8a2e7a29702fe4626b7aa81149b7b7164e20606,20,2,3,2,linux,BIC
eb0f3bc463d59d86402f19c59aa44e82dc3fab6d,0,0,17,1,linux,BFC
9690c15742688e9cb5ee4aa0b08e458551ceea13,0,0,4,1,linux,BFC
7dc62d935459fc48778d9306f2094a8fd16614dd,0,0,1,1,linux,BFC
b8f8dbf6495850b0babc551377bde754b7bc0eea,0,0,1,1,linux,BFC
d911d98748018f7c8facc035ba39c30f5cce6f9c,29,0,6,1,linux,BIC
96fe6a2109db29cd15b90a093c16e6cb4b19371a,440,5,5,4,linux,BIC
41d329e287fb4888591491be4b4198f14b211cf6,0,0,2,2,linux,BFC
e502a2af4c358d14ecf8fce51bf4988ebb4d10b4,244,89,21,7,linux,BIC
9713cb0cf19f1cec6c007e3b37be0697042b6720,2,0,1,1,linux,BFC
135dd002c23054aaa056ea3162c1e0356905c195,0,8,3,4,linux,BFC
90b669d65d99a3ee6965275269967cdee4da106e,1,0,0,1,linux,BFC
60b8f17215de1e6551fec4e942494c3832c3e98b,120,0,4,1,linux,BIC
34ae932a40369be6bd6ea97d66b6686361b4370d,66,0,13,6,linux,BIC
2db34e78f126c6001d79d3b66ab1abb482dc7caa,0,0,1,1,linux,BFC
4561d8008a467cb05ac632a215391d6b787f40aa,1,0,0,1,linux,BFC
b25a7c5af9051850d4f3d93ca500056ab6ec724b,0,0,3,1,linux,BFC
ac45e57f15903747ccd5a14cebfbd673ebcbdd6f,1404,0,0,1,linux,BIC
dfe97ad30e8c038261663a18b9e04b8b5bc07bea,0,0,1,1,linux,BFC
85b3526932645269f67fee3583fa2aa500ab4f34,7,3,2,1,linux,BIC
8991ebd9c9a69dcc03f5a961718a7a3184c1295d,337,0,0,1,linux,BIC
a5cc9831af05e658543593abaee45a29d061bac4,3,0,1,1,linux,BFC
b175d03dd207283609b7f8bfdaa5dc93ac9b16dd,1,0,3,1,linux,BIC
fbb30a5c463ff882980ce62d2ac27a0672efafb8,12,1,4,1,linux,BFC
5a16dfc855127906fcd2935fb039bc8989313915,2,0,0,1,linux,BFC
d0055f351e647f33f3b0329bff022213bf8aa085,2,0,0,1,linux,BFC
c7a42eb49212f93a800560662d17d5293960d3c3,2,0,1,1,linux,BFC
51fab3d73054ca5b06b26e20edac0486b052c6f4,5,0,1,3,linux,BFC
1a02387063fbd32f51c98540499b90acc8b4317f,6,0,4,1,linux,BIC
bcbde0d449eda7afa8f63280b165c8300dbd00e2,117,0,0,2,linux,BIC
2b75ebeea6f4937d4d05ec4982c471cef9a29b7f,8,0,0,1,linux,BFC
63058308cd55182bbfd7a87970bd57883fcfbd2e,30,0,0,3,linux,BIC
815e45bbd4d3b00ddb2af017fbdab25110ed13a4,10,1,3,2,linux,BIC
60a5ca015ffd2aacfe5674b5a401cd2a37159e07,3,0,1,1,linux,BIC
61fad6816fc10fb8793a925d5c1256d1c3db0cd2,24,0,1,2,linux,BIC
412310019a20d30e7205c98c314d1f0325922cb4,18,0,0,4,linux,BIC
3e25c44598aa44134207ad7b3c5ad6b586135777,59,1,21,3,linux,BIC
88d42b2b45d7208cc872c2c9dec0b1ae6c6008d7,4,0,0,1,linux,BFC
ae7927023243dcc7389b2d59b16c09cbbeaecc36,11,24,9,2,linux,BIC
769b461fc0c0451bacf75826d5830fc07c5a57e4,0,2,4,1,linux,BIC
2bf509d96d84c3336d08375e8af34d1b85ee71c8,1,0,1,1,linux,BFC
b87d39019651c9cae169396cf5ae525393084490,131,76,112,9,linux,BIC
bd98c81346468fc2f86aeeb44d4d0d6f763a62b7,7,2,23,3,linux,BFC
8726f2faa371514fba2f594d799db95203dfeee0,0,18,0,2,linux,BFC
f2134f66f40e3f74104562a4eb6c607601dcfa83,59,0,41,4,linux,BIC
6c5fc159e0927531707895709eee1f8bfa04289f,53,0,2,1,linux,BFC
3c1c875d058669b4dee68f877ec8a65ad4ae8b5b,7,0,4,1,linux,BIC
5c1acf3fe05ce443edba5e2110c9e581765f66a8,16,6,7,3,linux,BFC
44e961381354df6db92065be3ba2e608c1838b3e,5,18,10,3,linux,BIC
abadb2f865d72a223d691fc68e006943ecadf0d9,82,0,16,2,linux,BIC
265fd1991c1db85fbabaad4946ca0e63e2ae688d,40,106,100,5,linux,BIC
ef74d46a4ef36b9a448716222fd3685e93962566,397,0,0,1,linux,BIC
de2f29c4394efa64c3a5ba1b15302eb558ed4c56,0,4,0,1,linux,BFC
7d8dd6b5cd1d67dd96c132f91d7ad29c49ed3c59,0,1,1,1,linux,BFC
dcf5aedb24f899d537e21c18ea552c780598d352,54,27,31,1,linux,BIC
b16a87d0aef7a6be766f6618976dc5ff2c689291,4,0,2,1,linux,BFC
d1d70e5dc2cfa9047bb935c41ba808ebb8135696,0,0,1,1,linux,BFC
0bb0dff0cc16ac58e3f0123bda3035547da30d55,0,0,1,1,linux,BFC
66307ca040575e6200a5d40656e2dee71d9da91c,15,0,7,1,linux,BIC
e161105e58da81fa9170921284559800fd6aa86a,60,44,8,1,linux,BIC
ef1e21503cc41937b53d436c8f744ded95ab954b,0,0,2,1,linux,BFC
d9bb3fb12685209765fd838bec69d701d7b479e5,22,0,444,2,linux,BIC
1ade30812abfdd1c161a155fd54b0dd594c217ee,1,0,10,1,linux,BFC
414fd46e77626f4e1f89ab4be6b876ef91e89dfa,3196,0,0,2,linux,BIC
92281dee825f6d2eb07c441437e4196a44b0861c,110,0,0,5,linux,BIC
26a8145390b36cbe97a5bd0b9e97249f21af6aea,444,0,10,5,linux,BIC
67f0f15ad5c47490e19f2526f8f9cea97c5ce1a6,0,0,16,1,linux,BFC
4e5a4eb20393b851590b4465f1197a8041c2076b,1,0,0,1,linux,BIC
c31dbb146dd44af44bc60780ce8fa7a9f5f746df,11,6,6,2,linux,BFC
fae3a13d2a3d49a89391889808428cf1e72afbd7,12,0,2,3,linux,BFC
e13fe8695c57fed678877a9f3f8e99fc637ff4fb,28,0,5,3,linux,BIC
79e8dc8b80bff0bc5bbb90ca5e73044bf207c8ac,0,1,1,1,linux,BFC
d576acf0a22890cf3f8f7a9b035f1558077f6770,99,0,10,3,linux,BIC
376ceb31ff879c2ee6b48eef841d6fa7720f6f43,2,4,15,10,linux,BIC
1f873d857b6c2fefb4dada952674aa01bcfb92bd,2,0,1,1,linux,BFC
0f17976568b3f72e676450af0c0db6f8752253d6,17,3,2,4,linux,BFC
76a8040817b4b9c69b53f9b326987fa891b4082a,4,0,1,1,linux,BIC
36281caa839f4441c793c81d2e3cc5ea44ad5aa2,23,24,4,4,linux,BIC
01581fb89e5a6d41d06132aefe105a506f04ce1e,0,0,1,1,linux,BFC
100843f176109af94600e500da0428e21030ca7f,0,2,3,1,linux,BFC
27484f7170edabbda7b53650cd24d38295cffe60,137,0,4,6,linux,BIC
4d9f771e111ee0144338c1012a90f1762220141a,21,0,17,2,linux,BFC
7d4b5ca2e2cb5d28db628ec79c706bcfa832feea,163,0,4,3,linux,BIC
619122be3d40c835eb5fad9e326780909926495d,1,0,0,1,linux,BFC
6cf668a4ef829b9a11d74a4954f02a1767403246,46,0,42,1,linux,BIC
2cf750704bb6d7ed8c7d732e071dd1bc890ea5e8,5,0,7,6,linux,BFC
1ff5d97f070c31b0bac438034c64baa3f840f4da,29,0,11,1,linux,BIC
ba76149f47d8c939efa0acc07a191237af900471,1126,0,10,5,linux,BIC
68c5cf5a6091c2c3fabccfd42ca844d730ec24c6,3,0,0,2,linux,BFC
cfdaeba5ddc98b303639a3265c2031ac5db249d6,4,8,2,1,linux,BFC
7c5c641a930ed06ca317ee39faee7d5824266348,15,0,0,3,linux,BIC
995b278e4723b26f8ebf0e7c119286d16c712747,1,0,0,1,linux,BFC
5e9bd2d70ae7c00a95a22994abf1eef728649e64,7,1,0,1,linux,BFC
d7df2c796d7eedd72a334dc89c65e1fec8171431,42,180,225,6,linux,BIC
c69f27137a38d24301a6b659454a91ad85dff4aa,10,0,5,1,linux,BFC
2dbfb3f33350e1e868d3d7ed4c176d8777150878,9,0,0,1,linux,BFC
1217197142d1681a8b8aaa88cdf4b245b76974cd,6,0,0,2,linux,BIC
39c3fd58952d7599d367c84c1330b785d91d6088,40,0,35,11,linux,BIC
054c67d1c82afde13e475cdd8b7117a5e40bebb1,100,4,80,5,linux,BIC
3763771cf60236caaf7ccc79cea244c63d7c49a0,3,5,0,2,linux,BFC
38c0f334b359953f010e9b921e0b55278d3918f7,41,46,96,5,linux,BIC
b08abbd9f5996309f021684f9ca74da30dcca36a,1,0,2,1,linux,BFC
6914e1e3f63caa829431160f0f7093292daef2d5,0,0,2,1,linux,BFC
8b9088f806e1ccd10c3d48b3b6d3d5d7855d92c5,4,0,0,1,linux,BIC
cc4b08c31b5c51352f258032cc65e884b3e61e6a,26,85,90,32,linux,BIC
ecbfb9f118bce49f571675929160e4ecef91cc8a,399,2,27,1,linux,BIC
adfeb3e00e8e1b9fb4ad19eb7367e7c272d16003,26,3,8,3,linux,BIC
da3e1c57caf93ed379f14686e877f806111abe7c,0,2,0,2,linux,BFC
b05cd74043236e7427a71fc7c59deee4588a7c91,0,612,0,1,linux,BIC
181fa434d0514e40ebf6e9721f2b72700287b6e2,1,2,4,1,linux,BFC
1ec7ed5163c70a0d040150d2279f932c7e7c143f,0,0,5,1,linux,BFC
a5883a387fc1430d7acff043626570889d9a1a41,0,3,0,1,linux,BFC
37b1c004685a3cea420dd96aa3803da627359f60,21,0,11,1,linux,BIC
08c453f6d073f069cf8e30e03cd3c16262c9b953,5,28,0,1,linux,BFC
bd1200b79510a68554890af2f48d92be6eb1daf8,0,2,7,2,linux,BFC
8511a653e9250ef36b95803c375a7be0e2edb628,0,0,3,1,linux,BFC
ef56b79b66faeeb0dc14213d3cc9e0534a960dee,5,0,0,1,linux,BFC
f6ed58c70d14572d0272ee129579dbfc97b97f50,56,0,0,1,linux,BIC
3bd6b2a838ba6a3b86d41b077f570b1b61174def,0,3,1,2,linux,BFC
232ccac1bd9b5bfe73895f527c08623e7fa0752d,0,0,1,1,linux,BFC
2ae0b31e0faced43c011ce3221f2535721cb6a66,3,0,3,1,linux,BIC
45da9c1767ac31857df572f0a909fbe88fd5a7e9,14,0,0,1,linux,BFC
28814cd18cd7bfb40321b95f85fd214111ccdf68,0,0,1,1,linux,BFC
e6237b6feb37582fbd6bd7a8336d1256a6b4b4f9,15,0,5,8,linux,BIC
0f5251339eda7f7eb7bd4467607ae1d01b24e129,4,0,0,1,linux,BFC
b79656ed44c6865e17bcd93472ec39488bcc4984,11,0,1,1,linux,BFC
4f24ecff0153047a4a8b53c31d8001ee79e1cab7,0,2,2,1,linux,BFC
25e44338321af545ab34243a6081c3f0fc6107d0,0,0,2,1,linux,BFC
99ee9317a1305cd5626736785c8cb38b0e47686c,1,0,1,1,linux,BFC
49054556289e8787501630b7c7a9d407da02e296,29,16,4,3,linux,BFC
1b8d2afde54fade94339f573c4e05644f9ae9866,0,0,2,1,linux,BFC
db2ec95d1ba419b766aae7b1d7c0271f3c9cd9f4,2,5,11,1,linux,BIC
c04466c17142d5eb566984372b9a5003d1900fe3,1,4,1,1,linux,BFC
f31e583aa2c20892aca3add26957dee6ab80a534,222,1,30,10,linux,BIC
4e50025129efabb07714c1f27a80526897da374b,8,9,30,20,linux,BIC
e6044f714b256259df9611ff49af433e5411c5c8,3,2,11,1,linux,BIC
791f3465c4afde02d7f16cf7424ca87070b69396,42,0,8,1,linux,BFC
3c1627e999e45e292d5d7ea3751ed86a6383ee2c,3,0,71,1,linux,BFC
ac0107edba253a6e58e923f9e68825decef3e681,1,0,1,1,linux,BFC
76e9353a80e9e9ff65b362a6dd8545d84427ec30,192,0,73,1,linux,BIC
f9776280c29e77a18cbc7ebb6d48f7885e494990,1,0,6,1,linux,BFC
62277de758b155dc04b78f195a1cb5208c37b2df,0,0,4,1,linux,BFC
36fcb4292473cb9c9ce7706d038bcf0eda5cabeb,1,0,0,1,linux,BFC
98cc093cba1e925eb34963dedb5f1684f1bdb2f4,27,0,13,4,linux,BIC
d38499530e5f170d30f32d3841fade204e63081d,10,13,1,4,linux,BIC
7c3bcbdf449fe591c9b68521b45869669ec76010,26,0,1,1,linux,BIC
0a3cc57978d1d1448312f8973bd84dca4a71433a,0,51,2,1,linux,BFC
b0c51f158455e31d5024100cf3580fcd88214b0e,2,0,2,1,linux,BFC
15b9cbb2c5e1cf22c13fe38bf513bab821b47630,5,0,2,1,linux,BFC
40b368af4b750863b2cb66a3a9513241db2f0793,0,0,2,2,linux,BIC
e17a025a47c66ca8499ae88d8046c4f0d7c9c057,8,5,1,1,linux,BFC
b04cc0d912eb80d3c438b11d96ca847c3e77e8ab,62,0,13,4,linux,BIC
c17401a1dd210a5f22ab1ec7c7366037c158a14c,7,17,8,2,linux,BIC
4e8ddd7f1758ca4ddd0c1f7cf3e66fce736241d2,10,18,40,17,linux,BIC
b1d681d8d32499bcf284462d92aeb5f9fe72bf5b,72,0,0,2,linux,BIC
c528adefd645f5cd16fff658c863e2142d775c61,4,0,0,1,linux,BFC
ab874f22d35a8058d8fdee5f13eb69d8867efeae,2,2,0,1,linux,BFC
e1359e2beb8b0a1188abc997273acbaedc8ee791,17,0,2,1,linux,BFC
94b9a70d32db0d1e8eeaeb27d74a5ae712644da9,0,0,2,1,linux,BFC
c9f557421e505f75da4234a6af8eff46bc08614b,0,0,1,1,linux,BFC
3a149169e4a2f9127022fec6ef5d71b4e804b3b9,1,0,0,1,linux,BFC
9e0ad7d28ace92319f5aa0e314ac9f11e18b4250,0,0,2,1,linux,BFC
f54d45372c6ac9c993451de5e51312485f7d10bc,1,0,0,1,linux,BFC
8fd1a4affbdafda592f80cd01bf7a382a5ff2fe8,0,0,1,1,linux,BFC
a746095c2db08d765222bf0058e76fb329d69e0e,3,0,0,1,linux,BFC
f7426b983a6a353cf21e5733e84458219c4a817e,21,0,0,1,linux,BIC
166cd4421b0dabd2e438f5384f4ecf930dc8ab08,0,0,2,1,linux,BFC
60368186fd853899c1819bcefa47f85fe8d5e5ad,17,1,62,7,linux,BIC
28d8909bc790d936ce33f4402adf7577533bbd4b,99,0,0,4,linux,BIC
b4c7715c10c106a041b0b3fabd26151c214ea394,749,0,0,1,linux,BIC
48b2de1971c766a8dc0aec668742e17cb0c75127,20,21,1,3,linux,BFC
c1e8d7c6a7a682e1405e3e242d32fc377fd196ff,0,1,338,108,linux,BIC
be786ac5a6c4bf4ef3e4c569a045d302c1e60fe6,13,0,0,1,linux,BIC
24775ac2fe68132d3e0e7cd3a0521ccb1a5d7243,0,0,2,1,linux,BFC
4d4c2d89913e2d891bd6a34b12050a2576e60525,26,4,9,4,linux,BFC
ea2e813e8cc3492c951b9895724fd47187e04a6f,0,0,0,7,linux,BIC
ad0ecaef6a2c07e67ef9fe163c007f7b3dad8643,0,0,2,1,linux,BFC
278d9a243635f26c05ad95dcf9c5a593b9e04dc6,105,29,31,2,linux,BFC
510410bfc034c57cc3caf1572aa47c1017bab2f9,12,58,4,6,linux,BIC
fd49f99c180996cef2d707ad71bee4f060dbe367,58,0,2,2,linux,BIC
95161165727650a707bc34ecfac286a418b6bb00,1,1,4,1,linux,BFC
e51e4d8a185de90424b03f30181b35f29c46a25a,8,0,5,1,linux,BFC
c134ecb87817ce70fd62b2dc48bb079c44fc08df,9,0,3,2,linux,BIC
ff1c038addc4f205d5f1ede449426c7d316c0eed,86,0,4,6,linux,BIC
5983d3bca5282b6785473434894933fa908ef693,0,0,1,1,linux,BFC
342406e4fbba9a174125fbfe6aeac3d64ef90f76,63,0,2,6,linux,BIC
0cfcd405e758ba1d277e58436fb32f06888c3e41,211,1,6,6,linux,BFC
1882ab867863531ab9caab81fd6ac5fee6d1a314,0,0,3,1,linux,BFC
29b9702ffe70d83b9970abbccaeb287dfda4409f,6,0,4,1,linux,BFC
be7e8af98f3af729aa9f08b1053f9533a5cceb91,11,0,3,1,linux,BFC
ddf35cf3764b5a182b178105f57515b42e2634f8,9,0,1,1,linux,BIC
5866efa8cbfbadf3905072798e96652faf02dbe8,42,0,21,1,linux,BIC
4f6543f28bb05433d87b6de6c21e9c14c35ecf33,0,0,2,1,linux,BFC
de5d7adb89367bbc87b4e5ce7afe7ae9bd86dc12,4,0,8,1,linux,BFC
e6e133c47e6bd4d5dac05b35d06634a8e5648615,4,0,13,1,linux,BFC
dea6f87e60d193b2b3e21f9c6d657e53617369da,15,18,3,1,linux,BFC
de4adddcbcc25dcd82ffbf3a4bbd8db5f64da056,23,0,2,1,linux,BFC
83271f6262c91a49df325c52bec8f00f4de294ca,27,1,14,1,linux,BIC
505a8ec7e11ae5236c4a154a1e24ef49a8349600,0,8,1,1,linux,BFC
6676d5e416eecaf4e823a2c3903aa132ffc2ede0,6,0,4,2,linux,BIC
26cb7085c8984e5b71d65c374a135134ed8cabb3,1,0,0,1,linux,BFC
3abb33ac652135da9c3c36d9def73ede67e4ba03,134,0,10,1,linux,BIC
cb8d9937e85559ea0ad1f4f83df8ad1288fed47d,0,1,0,1,linux,BFC
5d298baa41883fc421acfd932799c0f4177249ae,6,0,1,1,linux,BFC
1664014e467923992f6f1cdb73b85fe1bb9a5f01,3988,0,0,1,linux,BIC
abd76d255d69d70206c01b9cb19ba36a9c1df6a1,0,1,1,1,linux,BFC
2425f1808123bf69a8f66d4ec90e0d0e302c2613,0,0,1,1,linux,BFC
7a67832c7e44c20935c5d6f2264035a0f7bf0d8f,86,63,9,3,linux,BIC
e8973201d9b281375b5a8c66093de5679423021a,1,0,0,1,linux,BFC
713276ea88a295a79aa6633ba639ed47692a8de4,13,8,6,1,linux,BFC
3cec7f9de448131778a1428100621fd371db75f4,1,0,0,1,linux,BIC
303216e76dcab6049c9d42390b1032f0649a8206,2,0,2,1,linux,BFC
61df56bef97e1708bfbc006b307b00834ad61fe8,19,0,0,2,linux,BIC
76483980174c6ff80cc4d02a444f2815073d203d,2,0,3,1,linux,BFC
5d5103595e9e53048bb7e70ee2673c897ab38300,13,4,0,5,linux,BIC
3619b088a87905a28d51b10172ff1e923c692cd7,31,6,5,1,linux,BFC
485aa3df0dffa62d347ea4e0116f549338accc59,59,0,5,2,linux,BIC
13ed13a4dcbf0b664acbf9e6f98ec7851cc59862,12,5,10,1,linux,BIC
f4f9fa0c07bbab6722afd0417c6a79a719bf7c41,7,0,4,1,linux,BIC
eb82a994479245a79647d302f9b4eb8e7c9d7ca6,10,0,4,2,linux,BFC
8c935deacebb8fac8f41378701eb79d12f3c2e2d,3,0,2,1,linux,BFC
7c62cfb8c5744b377e9f33806e0db87a00dc6884,66,0,1,5,linux,BIC
54fa49ee88138756df0fcf867cb1849904710a8c,3,0,6,2,linux,BFC
dc262dfaaeda7617ae0b15b5ce1252a6cd102b19,6,0,6,1,linux,BFC
d9a08a9e616beeccdbd0e7262b7225ffdfa49e92,23,0,0,4,linux,BIC
1899ad18c6072d689896badafb81267b0a1092a4,39,4,38,11,linux,BIC
0460534b532e5518c657c7d6492b9337d975eaa3,0,0,1,1,linux,BFC
787710492911e21148975e1d1914c7409fb32c7e,20,0,9,1,linux,BFC
e26be1bfef81a2314a075f54dd8930cf5e8656df,255,2,2,5,linux,BIC
13d57e64352a5d3457d7782bc2f8b576e12b05f3,7,5,10,1,linux,BIC
d2e0ccffcdd7209fc9881c8970d2a7e28dcb43b9,1,2,0,1,linux,BFC
ebd768579552a10682c2cbdfa657779dea62a01d,0,0,1,1,linux,BFC
75b7c05ebf902632f7f540c3eb0a8945c2d74aab,40,0,1,2,linux,BIC
63ce3940f3ab1d81e7c6d310dba52aed85db6aa1,61,0,0,1,linux,BIC
14fa93cdcd9bbd50018196c00ca16da636f965c2,3972,0,0,9,linux,BIC
46f57d2410150985f81da7cbbb5fdcda01d02ac2,0,0,1,1,linux,BFC
2d283ede59869159f4bb84ae689258c5caffce54,9,0,0,1,linux,BFC
99722fe4d5a634707ced8d8f42b883b87a86b3c5,40,63,65,4,linux,BIC
80346b2b55fcbb042acd0b90120004da8738101f,1,14,13,7,linux,BFC
0c2915b8c6db108b1dfb240391cc5a175f97f15b,0,16,9,1,linux,BIC
d8fc21c17099635e8ebd986d042be65a6c6b5bd0,2,0,2,1,linux,BFC
015ec0386ab69a5b6b21f6c1559b242f4540de9f,65,0,5,1,linux,BIC
5cfb540ef27b5b763a3b181d142847ef0411728e,5,6,1,1,linux,BIC
00823dcbdd415c868390feaca16f0265101efab4,5,0,2,1,linux,BFC
6fd739c04ffd877641b01371f9fde67901e7f9cb,2,2,1,2,linux,BFC
9eaffe5078ca0808603cdd15c4eaf0106a996f3a,71,0,9,2,linux,BIC
fe29794c3585d039fefebaa2b5a4932a627ad4fd,0,1,2,1,linux,BFC
ec8acf20afb8534ed511f6613dd2226b9e301010,90,5,55,8,linux,BIC
146740f9abc4976e4f0af1aa302efee1c699d2e4,441,0,0,8,linux,BIC
876bec6f9bbfcb394916d17e35226b086c04dc45,214,199,5,3,linux,BIC
7ad4d237e7c4a5dcc71cf438f646744b4484f1da,2254,0,0,4,linux,BIC
5a184d959d5a5a66b377cb5cd4c95a80388e0c88,11,0,5,1,linux,BFC
36d2af5998258344993dd43729997a7a3baa9d99,2,0,0,1,linux,BIC
ce4ab73ab0c27c6a3853695aa8ec0f453c6329cd,1,3,7,2,linux,BIC
e7438c4b893e87311d2fb0facb3e6a0df17abe01,2,0,2,1,linux,BIC
e7b37a522aa92da5f47106aa07b6c1fc58bfd922,4,0,1,2,linux,BIC
817b4d64da036f5559297a2fdb82b8b14f4ffdcd,29,0,2,3,linux,BIC
42bb5aa043382f09bef2cc33b8431be867c70f8e,0,0,1,1,linux,BFC
af761f277b7fd896c27cb1100b25f11567987822,78,110,49,1,linux,BIC
05c58752f9dce11e396676eb731a620541590ed0,2,0,1,1,linux,BIC
def975307c01191b6f0170048c3724b0ed3348af,210,0,0,2,linux,BIC
6d1c0f3d28f98ea2736128ed3e46821496dc3a8c,0,1,3,1,linux,BFC
e05986ee7a5814bec0e0075d813daca3d46e4a9e,2,0,1,1,linux,BFC
e21dd290881b20c9a37e4a79568841e9ffebeb67,0,3,2,1,linux,BIC
a06c2e5c048e5e07fac9daf3073bd0b6582913c7,0,0,1,1,linux,BFC
c3c397c1f16c51601a3fac4fe0c63ad8aa85a904,9,0,2,2,linux,BFC
e08ebd6d7b90ae81f21425ca39136f5b2272580f,5,0,1,1,linux,BFC
bd40b17ca49d7d110adf456e647701ce74de2241,1,0,1,1,linux,BFC
6d5c900eb64107001e91e1f46bddc254dded8a59,2,0,3,2,linux,BFC
8affd8a4b5ce356c8900cfb037674f3a4a11fbdb,16,0,1,1,linux,BFC
272b0a998d084e7667284bdd2d0c675c6a2d11de,0,7,0,1,linux,BFC
6d517353c70bb0818b691ca003afdcb5ee5ea44e,1,0,0,1,linux,BFC
b7fb2dad571d1e21173c06cef0bced77b323990a,0,7,2,1,linux,BFC
ff11a7ce1f0f8c1e7870de26860024b4ddbf5755,0,0,2,1,linux,BFC
ae5b2ec8ad5e017126cd4552220f25ce8a6b92e9,7,0,0,1,linux,BFC
f25f656608e3a54ac3e0747be415cf3d4a69cef8,9,22,19,3,linux,BIC
6df9d38f9146e83b473f0c9e57fb5fdf3fcc93e2,317,0,0,1,linux,BIC
4d66c56f7efe122d09d06cd3ebfa52a43d51a9cb,42,0,0,1,linux,BIC
c1055b76ad00aed0e8b79417080f212d736246b6,3,1,0,1,linux,BFC
48af14fb0eaa63d9aa68f59fb0b205ec55a95636,1,0,0,1,linux,BFC
fc0c209c147f35ed2648adda09db39fcad89e334,197,40,22,2,linux,BIC
e83766334f96b3396a71c7baa3b0b53dfd5190cd,0,6,0,1,linux,BFC
e7b8514e4d68bec21fc6385fa0a66797ddc34ac9,10,0,2,1,linux,BFC
542ff7bf18c63cf403e36a4a1c71d86dc120d924,158,0,4,1,linux,BIC
13f30b0fa0a9fa4f713edbb262f2e451886ce242,15,8,237,13,linux,BIC
e0f2e5eb14668dc798942ff5f4241d9bd17f9655,1,0,0,1,linux,BFC
036aad9d0224f6f29c08abe102df709a27f68c17,311,9,3,1,linux,BIC
89f5f8fb5bf4305a5425f70abf3c0d93643c93dc,0,0,2,1,linux,BFC
558a25f903b4af6361b7fbeea08a6446a0745653,20,12,7,1,linux,BFC
ba7c95ea3870fe7b847466d39a049ab6f156aa2c,5,0,2,2,linux,BIC
9b9448f39e83d8e6fdfed006c5db8c304a98c2cd,0,0,1,1,linux,BFC
4426e945df588f2878affddf88a51259200f7e29,18,1,7,2,linux,BIC
20921c0c86092b4082c91bd7c88305da74e5520b,0,0,1,1,linux,BFC
b121693381b112b78c076dea171ee113e237c0e4,3,0,6,1,linux,BFC
0acd99282bef617fdbc4dff29359fe8160f00846,0,1,1,1,linux,BFC
471bec68457aaf981add77b4f590d65dd7da1059,5,2,0,1,linux,BFC
921daeeca91bda2dfb57fcba9f69ff368083be4b,12,0,1,1,linux,BFC
f4d34a87e9c10f0ffd03d3548db6bfb200d06cdf,65,87,37,2,linux,BIC
29f7c54b253fc18bff9bf7e9f303b75deb285c7a,2,0,0,1,linux,BFC
cb935c4618bd2ff9058feee4af7088446da6a763,5,0,2,1,linux,BFC
50bbe3d34fea74b7c0fabe553c40c2f4a48bb9c3,0,1,1,1,linux,BFC
3a2dcbaf4d31023106975d6ae75b6df080c454cb,5,0,1,1,linux,BFC
6b1ca7ece15e94251d1d0d919f813943e4a58059,0,1,0,1,linux,BFC
2111c3c0124f7432fe908c036a50abe8733dbf38,0,8,3,1,linux,BFC
680896556805d3ad3fa47f6002b87b3041a45ac2,1,0,1,1,linux,BFC
1ec010e705934c8acbe7dbf31afc81e60e3d828b,74,0,0,2,linux,BIC
53b56da83d7899de375a9de153fd7f5397de85e6,27,7,6,2,linux,BFC
035e3befc191347331dd2530c3686e05a8acfbb2,7,0,0,1,linux,BFC
50b977481fce90aa5fbda55e330b9d722733e358,71,0,21,6,linux,BIC
2d3a1e3615c5449a4583010f41a6f824a4ffa03e,10,0,6,1,linux,BFC
9a9f26e8f7ea300e8efffcae036dbef239be433a,588,0,0,2,linux,BIC
bb9ea2c31fa11b789ade4c3abcdda3c5370a76ab,1,0,1,1,linux,BFC
e367c2d03dba4c9bcafad24688fadb79dd95b218,1,3,5,1,linux,BFC
366a1569bff3fe14abfdf9285e31e05e091745f5,0,2,0,1,linux,BFC
dfa6a2f4c2eab087959faff5a87119c8ff766c74,0,5,0,1,linux,BFC
10115105cb3aa17b5da1cb726ae8dd5f6854bd93,60,0,0,1,linux,BIC
22e2f9fa63b092923873fc8a52955151f4d83274,23,0,12,1,linux,BIC
483f3fdcc70b3c3a1f314235ab0066f3dbd4cfbe,0,2,3,1,linux,BFC
63300eddb1e6cf69ba2346c97f94275ced5f8106,0,0,2,1,linux,BFC
33cba859220b0878b3b2931caa1629a3d2432379,2,10,13,4,linux,BFC
4f13d471e5d11034d56161af56d0f9396bc0b384,0,2,2,1,linux,BFC
85f5b3086a04c459f9147859fcbf7bdc7578c378,67,0,0,1,linux,BIC
bde1b56f898ca8112912d7b36e55e1543b3be0cf,1,0,0,1,linux,BFC
5ef03dbd91855544cd4c7c1910c3ef5226ee87e8,1,1,0,1,linux,BFC
48164fccdff6d5cc11308126c050bd25a329df25,0,0,1,1,linux,BFC
f84c6821aa540342360067604ad156e3d53a67ed,23,0,0,18,linux,BIC
1fde573413b549d52183382e639c1d6ce88f5959,172,0,0,2,linux,BIC
696249132158014d594896df3a81390616069c5c,1,0,0,1,linux,BIC
977d5ba4507dfe5b1346597ee57750262d8d2b19,23,0,6,1,linux,BFC
6649fa876da4c505548b8e8945a6fc48e62e427c,2,0,2,1,linux,BIC
af66b3c0934e350059646651958306565313e145,314,0,0,1,linux,BIC
da8840a747c0dbf49506ec906757a6b87b9741e9,2,0,1,1,linux,BIC
170b763597d3a0a79f135e4d83a38462c3964fdf,2,0,0,2,linux,BFC
a31080899d5fdafcccf7f39dd214a814a2c82626,36,0,1,1,linux,BFC
5c4a79fb2b1cd80cb58986f6acf402721901c545,2,0,2,1,linux,BIC
8e9f7265eda9f3a662ca1ca47a69042a7840735b,1,0,2,1,linux,BFC
9e2369c06c8a181478039258a4598c1ddd2cadfa,193,0,15,8,linux,BIC
5572a95b4b5768187652a346356e39e7542ca6e0,41,0,0,1,linux,BIC
216076705d6ac291d42e0f8dd85e6a0da98c0fa3,4,0,0,1,linux,BIC
235c3610d5f02ee91244239b43cd9ae8b4859dff,2,0,0,1,linux,BFC
a6ca7abe53633d08eea1c6756cb49c9b2d4c90bf,1,0,1,1,linux,BIC
2c2a63e301fd19ccae673e79de59b30a232ff7f9,0,0,1,1,linux,BFC
3328715e6c1fcb10cd86b0f3212d18290b7e4463,307,14,2,4,linux,BIC
8c2c8c03cdcb9b0a75b5585e611715fdd8096c38,21,25,23,1,linux,BIC
e13f5b7a130f7b6d4d34be27a87393890b5ee2ba,23,0,0,1,linux,BFC
71a16736a15e3fd11d283c42aa86bf704f6d25ff,19,0,4,2,linux,BIC
75fa601934fda23d2f15bf44b09c2401942d8e15,1,0,0,1,linux,BFC
f8e9ec16611baa8db77a7d46facd2ba7aa525955,0,1,2,1,linux,BFC
0153167aebd0808fb90031dba07d4e696557474c,0,28,2,3,linux,BIC
3e27c79c4b121a64e85f26ab8957e5d0a09ff28e,0,2,2,1,linux,BFC
05de5cf6fb7d73d2bf0a0c882433f31db5c93f63,28,0,1,1,linux,BFC
6e583ce5242f32e925dcb198f7123256d0798370,16,7,0,1,linux,BIC
11152496021ea872dac150e0fdad610f6e63773d,15,0,13,1,linux,BFC
2bdf700e538828d6456150b9319e5f689b062d54,14,13,3,1,linux,BFC
cb1b728096f54e7408d60fb571944bed00c5b771,64,9,50,8,linux,BIC
34069de314574cfa19781809cc7a8991a892c908,1,0,1,1,linux,BFC
ab84be7e54fc3d9b248285f1a14067558d858819,830,0,0,4,linux,BIC
1d7c541b8a5b80a3252ca96a0ed22e894bcafb5d,1,0,0,1,linux,BIC
33cb0ff30cff104e753f7882c99e54cf67ea7903,3,0,1,1,linux,BFC
09324d32d2a0843e66652a087da6f77924358e62,11,0,0,1,linux,BIC
64ebe12494fd5d193f014ce38e1fd83cc57883c8,0,0,2,1,linux,BFC
99c969a83d8275bb396f6209dff2aa4cedaeb644,412,2,15,5,linux,BIC
4f02b50ece11dcf75263fb7a4cfe8a5df1cfabea,0,0,2,1,linux,BFC
c715fcfda5a08edabaa15508742be926b7ee51db,0,0,1,1,linux,BFC
9c5829e1c49e4e54defe5f1e5c8ff8bf48be6c52,37,26,29,1,linux,BIC
63d75463c91a5b5be7c0aca11ceb45ea5a0ae81d,1,2,9,1,linux,BFC
a6de734bc002fe2027ccc074fbbd87d72957b7a4,8,0,2,1,linux,BFC
46fc51546d44061ff15235a399f86c8e62dfb9d4,1020,0,0,2,linux,BIC
114f398d48c571bb628187a7b2dd42695156781f,3,0,1,1,linux,BFC
1406e8cb4b05fdc67692b1af2da39d7ca5278713,6,0,1,1,linux,BFC
ba6e1d8422bd476ad79da409639a773c02f0cbad,0,0,3,1,linux,BFC
0bb9d159bd018b271e783d3b2d3bc82fa0727321,0,52,29,2,linux,BIC
19cdead3e2ef8ed765c5d1ce48057ca9d97b5094,0,0,1,1,linux,BFC
137c541821a83debb63b3fa8abdd1cbc41bdf3a1,20,0,5,2,linux,BFC
280c7f95f858b103e62d84cae2d5ed9f5cf54d41,13,30,5,3,linux,BFC
cd6a65036f0eac4ad83dc371bb458e9e6ba6e306,0,1,49,22,linux,BIC
97dee74bb34a1364c6b3f3f2e3f31165063d3c6e,0,3,7,3,linux,BIC
3e4be65eb82c843a2d8544c93b7a9f5d4984b03b,33,0,0,1,linux,BIC
478913fdbdfd4a781d91c993eb86838620fe7421,0,0,1,1,linux,BFC
3bc8140b157c973f3746cc72d31b3fe0fa7a4117,8,0,1,1,linux,BIC
7ae079aca59f560d2a44b65d45dffdefed6bd17a,6,6,0,2,linux,BFC
2b0e2b0f7bfe9a9098bda6109176adcf78f9b7ac,2,0,1,1,linux,BFC
f18dbbb1bfe06ea3995b55c2f533057da9e9294a,1172,0,0,2,linux,BIC
d4af3c4b81f4cd5662baa6f1492f998d89783318,1,0,0,1,linux,BFC
27d50c7eeb0f03c3d3ca72aac4d2dd487ca1f3f0,40,39,2,6,linux,BIC
25fedfca94cfbf2461314c6c34ef58e74a31b025,46,33,9,2,linux,BIC
997f16bd5d2e9b3456027f96fcadfe1e2bf12f4e,1,0,2,1,linux,BFC
09af1c2fa490169c40cbd153c5b83b5a70a0ec4b,2,3,6,1,linux,BIC
2f2a7ffad5c6cbf3d438e813cfdc88230e185ba6,2,0,1,1,linux,BIC
23173eae7b9a5389d3f7031b77cde34f63b814a2,2,0,3,1,linux,BFC
b5a02f503caa0837b64907468359b075990afcce,408,124,38,6,linux,BIC
9fec40f850658e00a14a7dd9e06f7fbc7e59cc4a,0,0,3,1,linux,BFC
601367d76bd19b7eea2286ae99e5b1cb5d74f38d,0,14,2,1,linux,BIC
680baca546f23709548c054393536e10a4e38a25,53,0,1,1,linux,BIC
febb0cc847e7efd0b2b6cabf9f0e82b13dbadbec,2,0,0,1,linux,BFC
09ce351dff8e7636af0beb72cd4a86c3904a0500,5,0,1,1,linux,BFC
173be9a14f7b2e901cf77c18b1aafd4d672e9d9e,6,1,4,1,linux,BFC
b11270853fa3654f08d4a6a03b23ddb220512d8d,2,0,1,1,linux,BFC
a9018adfde809d44e71189b984fa61cc89682b5e,0,0,2,2,linux,BFC
d8f4587655f9682127351a9dc3fca61e70744294,49,19,31,1,linux,BIC
ac64115a66c18c01745bbd3c47a36b124e5fd8c0,0,1,1,1,linux,BFC
a45c6cb816474cefe56059fce422a9bdcd77e0dc,1242,0,0,1,linux,BIC
1966a5078f2d2dcebb40beff632755ab155abfc9,310,0,1,5,linux,BIC
89d65df024c59988291f643b4e45d1528c51aef9,10,0,5,2,linux,BFC
c1c98501121eefa0888a42566ec7233a1626f678,156,0,7,3,linux,BIC
85f2b08268c014e290b600ba49fa85530600eaa1,494,5,0,6,linux,BIC
da6a4352e7c867f81d7336f6517e819b3cce06bf,27,16,155,40,linux,BIC
1560bafdff9ed54857ac3a03c4c8d8f10d791ba6,0,86,0,1,linux,BIC
dc9de8a2b20f495696330d60a289935f36407995,4,0,1,1,linux,BFC
7d7ee958867ad3c9c829a36c56e870879e83391f,0,105,0,1,linux,BIC
0ce0638edf5ec83343302b884fa208179580700a,4,0,2,1,linux,BFC
5513d08d29511c263c00933c00dd7a82fffda3c9,0,0,1,1,linux,BFC
85140ef275f577f64e8a2c5789447222dfc14fc4,0,0,4,1,linux,BFC
5fcf62b0f1f24ee25931636216f28bc87448a60f,1,4,12,1,linux,BIC
811b700630ff328c52ddf17d653ffdcb0ba87d30,143,0,0,1,linux,BIC
2262a65f0bcdfe372b088d20c325c1987cec4332,3,0,0,1,linux,BFC
fddcd00a49e9122a3579247151e9cb3ce5a1a36e,3,2,2,1,linux,BIC
63caf367e1c92e0667a344d9b687c04e6ef054b5,16,37,62,4,linux,BIC
bdebd6a2831b6fab69eb85cee74a8ba77f1a1cc2,11,0,7,4,linux,BFC
8ad07d79bd56a531990a1a3f3f1c0eb19d2de806,5,9,13,1,linux,BFC
b1add418d457bc30cdd6a89c2bba092cd8941fcf,5,2,4,2,linux,BFC
8a063a27815a759b99ad710402da1ccd1b0987f7,0,27,0,2,linux,BFC
898805e0cdf7fd860ec21bf661d3a0285a3defbd,0,2,0,1,linux,BFC
a84d016479896b5526a2cc54784e6ffc41c9d6f6,1,0,2,1,linux,BFC
94bb18b03d43f32e9440e8e350b7f533137c40f6,0,0,2,1,linux,BIC
7be05753ccc27ce056d45f06a50d150927a88ed7,0,0,4,2,linux,BFC
18367681a10bd29c3f2305e6b7b984de5b33d548,9,0,33,3,linux,BIC
5d1ceb3969b6b2e47e2df6d17790a7c5a20fcbb4,11,0,3,1,linux,BIC
450cede7f3804ca7f8b3da210ebefa61c0958f22,15,1,5,1,linux,BFC
285a54efe3861976af9d15e85ff8c91a78d1407b,6,0,1,1,linux,BFC
a6e18ff111701b4ff6947605bfbe9594ec42a6e8,1,0,1,1,linux,BIC
4a079643fc73247667000ba54fbccc2acadb04a5,1,1,1,1,linux,BFC
36d8230b7d4fcd6f1a0c98b579d229bc919fa1fb,6,0,7,1,linux,BFC
0fad605fb0bdc00d8ad78696300ff2fbdee6e048,3,0,0,1,linux,BFC
d3999c1f7bbbc100c167d7ad3cd79c1d10446ba2,11,0,1,1,linux,BFC
23b2899f7f194f06e09b52a1f46f027a21fae17c,34,0,0,1,linux,BIC
78ff4be45a4c51d8fb21ad92e4fabb467c6c3eeb,1,0,0,1,linux,BFC
60dc8dbacb001b6400624ee72990b85d6d44bce6,446,0,0,1,linux,BIC
c438b9d017362b65f6b1a9e54f7f35e7f873dc7c,8,14,1,1,linux,BIC
02a16aa13574c8526beadfc9ae8cc9b66315fa2d,7,0,0,1,linux,BFC
10a9035c36d00586ad4bdb838f8800be951db8d2,0,0,1,1,linux,BFC
855bfff9d623e7aff6556bfb6831d324dec8d96a,5,0,1,1,linux,BFC
cef5b0da4019358cb03c9b0a964d4d63cd7deaf6,5,0,0,4,linux,BIC
5215e16244ee5889cc6135381acdbf4cbcb7905a,189,0,1,5,linux,BIC
bb6d3fa98a418b071c5f735e75558604f5f4af66,20,171,36,6,linux,BIC
85256f611f664b0bd0f6c1c0693d0df6e096f279,47,41,2,1,linux,BIC
f8c417cdb1b83c41520980af0bdc86e3951850b8,11,0,54,18,linux,BIC
b45f64d16d456fde027a220cc62d6b4cc315f97b,184,119,76,3,linux,BIC
d9101bfa6adc831bda8836c4d774820553c14942,4,0,8,1,linux,BFC
61b4de4e0b384f4a22c55c3bada604da49cec4e1,44,65,48,1,linux,BIC
897120d41e7afd9da435cb00041a142aeeb53c07,5,5,0,1,linux,BIC
137bd11090d89b3a3ef4bdb7a6cf964ffc797517,9,0,4,1,linux,BIC
e6bfb1bf00852b55f4c771f47ae67004c04d3c87,1,0,1,1,linux,BFC
823d81b0fa2cd83a640734e74caee338b5d3c093,0,2,2,1,linux,BFC
e6dabd38d8e794903bf20ab4c94af8fc8709edda,143,0,0,1,linux,BIC
e8ab8d669d046a8e9b07707d2f00b9ba3e25d0ae,147,0,0,1,linux,BFC
07420a02b003ea1f162c4f85a58b3458a4406ce6,49,39,9,1,linux,BIC
5c4a5999b2450a96c9adb6196f9fc6772a0d07fd,9,0,5,1,linux,BFC
704577861d5e7408db59e182d8dca42e5bc4d506,53,0,0,1,linux,BIC
447d6275f0c21f6cc97a88b3a0c601436a4cdf2a,11,0,0,4,linux,BIC
f913454aae8edaa84264d717e20f175bf616755f,34,25,10,5,linux,BIC
890da9cf098364b11a7f7f5c22fa652531624d03,6,0,2,1,linux,BIC
2abaad4eb59d1cdc903ea84c06acb406e2fbb263,2,0,0,1,linux,BFC
d49d92ace4974510dd5845ff91860823cf30dc08,9,0,1,1,linux,BFC
8200f2085abe7f29a016381f3122000cc7b2a760,12,0,4,3,linux,BFC
cb04d8cd0bb0b82acc34cc73cb33ae77cbfb020d,0,0,1,1,linux,BFC
43ac946922b337507c4131c45bf339ddcd7e7402,1,0,0,1,linux,BIC
1d27732f411d57f0168af30be2adb504b8b7749d,16,71,43,1,linux,BIC
fe5186cf12e30facfe261e9be6c7904a170bd822,1,0,0,1,linux,BIC
981f94c3e92146705baf97fb417a5ed1ab1a79a5,82,0,5,6,linux,BIC
54b9c3d0cea53f84024eed11ff8b6807e2ec81bf,0,0,1,1,linux,BFC
cc1049ccee20df870f2394c4d5d5fa8cabc4d0af,5,0,1,1,linux,BFC
a5e63c7d38d548b8dab6c6205e0b6af76899dbf5,0,0,5,1,linux,BIC
18ac1665e78575a5148b2bd2c90749c2bcbf135a,33,11,1,1,linux,BIC
f2334964e969762e266a616acf9377f6046470a2,15,41,30,6,linux,BFC
d7718a9d25a61442da8ee8aeeff6a0097f0ccfd6,358,66,17,3,linux,BIC
91fcc79bff406e30c35dcde9fd8568f2b8712e03,0,36,0,1,linux,BFC
37196ba4ae95a2077d78715eb12e879e57613d43,18,2,4,1,linux,BFC
9d11af8b06a811c5c4878625f51ce109e2af4e80,1,4,7,1,linux,BIC
4077798484459a2eced2050045099a466ecb618a,395,0,0,4,linux,BIC
237f258c42c905f71c694670fe4d9773d85c36ed,6,2,2,4,linux,BFC
cef4bafcea2c33b0c296595cebd95f0cfd99f278,58,0,0,1,linux,BIC
af2c3834c8ca7cc65d15592ac671933df8848115,1614,0,0,6,linux,BIC
bdba48d57a5509a6531e162394f157250d893aaf,2,0,3,1,linux,BFC
d5e9fb31baa2b1fd6d2043c748e6ff9313dfa8b5,749,0,0,1,linux,BIC
a0c1214e4764047d90803f3b61ace7471696f316,453,0,2,4,linux,BIC
92ba6888510c6700ee78273cfcd2b4092a2a71b2,283,0,9,6,linux,BIC
0bbcecaaab15a74ba69f93df46c753f2a64eadca,10,26,2,1,linux,BFC
45f2bebc8079788f62f22d9e8b2819afb1789d7b,0,0,1,1,linux,BFC
3838a547fda22a37faab5770d01acd72aaeabbf6,110,1,7,1,linux,BIC
f6ab0107a4942dbf9a5cf0cca3f37e184870a360,0,0,1,1,linux,BFC
3009afc6e39e78708d8fb444ae50544b3bcd3a3f,2,2,5,1,linux,BIC
73613b16cb5c5d5a659fc8832eff99eead3f9afb,5,0,5,1,linux,BFC
a96c94481f5993eac2271f9fb4d009b7dc076c24,2,0,2,1,linux,BFC
fd8e899cdb5ecaf8e8ee73854a99e10807eef1de,0,0,1,1,linux,BFC
74d9807023573ba2d82ec3f505f6aa0c7076918c,0,0,4,1,linux,BFC
d9fb9f384292d848ad9db386bcf97f1e06e60264,0,0,0,9,linux,BIC
ab10dccb11608b96b43b557c12a5ad867723e503,99,35,36,5,linux,BIC
d475a507457b5cafa428871a473d0dcc828c5f68,164,0,2,7,linux,BIC
be7fd3b86ad2f2a8db58decc15d2274b0c89c23b,0,0,2,1,linux,BIC
6f77b2ac628073f647041a92b36c824ae3aef16e,81,0,0,1,linux,BIC
c3594559f49c601d410dee4b767c3536a5535bfd,37,3,6,1,linux,BFC
955c97f0859abef698e77f5697f5c4008303abb9,0,0,1,1,linux,BFC
227be799c39a28bf5d68187a4ea1b43190d96515,68,56,56,3,linux,BIC
223125e37af8a641ea4a09747a6a52172fc4b903,0,0,2,1,linux,BFC
3d4357fba82b3cf19ebf0a04d1c9cb086af15d02,3,0,0,1,linux,BFC
d43042f4da3e1c2e4ccac3b1d9153cb0798533a4,55,0,0,4,linux,BIC
77771a97011fa9146ccfaf2983a3a2885dc57b6f,2,0,1,1,linux,BFC
b3dd8957c23a9e2eed612469d02a6e418b585e6b,0,3,1,1,linux,BIC
e79b431fb901ba1106670bcc80b9b617b25def7d,4,0,6,1,linux,BFC
72c996099dc6fd83947a79cdac05625c6a52ffa6,2,0,1,1,linux,BFC
a888db310195400f050b89c47673f0f8babfbb41,12,0,0,1,linux,BFC
c3b1e1e8a76fdaa507daaa95ba7bd1d8d0c74b6b,2,0,0,1,linux,BIC
67bbc05512d8a609e9a2d284dbfda9d2c50f0bf6,32,0,0,3,linux,BIC
1198ff12cbdd5f42c032cba1d96ebc7af8024cf9,0,1,1,1,linux,BFC
8727b230f665cadb9349a915c60e6abb18fb083c,2,0,1,1,linux,BFC
089558bc7ba785c03815a49c89e28ad9b8de51f9,8,0,3,1,linux,BFC
70256b42caaf3e13c2932c2be7903a73fbe8bb8b,0,0,1,1,linux,BFC
3758be3dc162b56eaafaa914b98845f914106ef2,69,0,2,1,linux,BIC
54947cd64c1b8290f64bb2958e343c07270e3a58,9,0,0,1,linux,BIC
cc3d967f7e32ceeb9b78dc962126ebcf1a2b24b2,27,0,9,4,linux,BFC
c62c7bd4f95b8f2a28098c4139a369670998aef2,0,0,2,1,linux,BIC
3179f62001880e588e229db3006a59ad87b7792a,80,22,7,3,linux,BIC
25c5a7e89b1de80f4b04ad5365b2e05fefd92279,0,0,2,1,linux,BFC
00b022f8f876a3a036b0df7f971001bef6398605,7,0,0,1,linux,BFC
5c6ea94f2b7c5ce4c012ac8c23fd35588f69c4c7,81,24,8,3,linux,BIC
d0a22a4b03b8475b7aa3fa41243c26c291407844,31,17,27,2,linux,BIC
6456314ff1de246414a43e3132075b70b3e050ac,16,7,1,1,linux,BFC
43da2f07622f41376c7ddab8f73dc2b1d3ab9715,1137,0,0,1,linux,BIC
4a63c1ffd384ebdce40aac9c997dab68379137be,0,0,1,1,linux,BFC
38fca15c29db6ed06e894ac194502633e2a7d1fb,2,0,1,1,linux,BFC
ecd63a0217d5f1e8a92f7516f5586d1177b95de2,352,4,97,4,linux,BIC
39c4dbe4cc363accd676162c24b264f44c581490,4,0,0,1,linux,BFC
6cb3ece9685f78f9b288dd2afea58c35784e40b8,1,0,2,1,linux,BFC
91308019ecb46047b81d3c769cf5bf6b129ddf02,34,0,3,1,linux,BIC
c041778c966c92c964033f1cdfee60a9f2b5e465,0,0,1,1,linux,BFC
7a07a29e4f6713b224f3bcde5f835e777301bdb8,46,130,2,2,linux,BFC
623a3531e9cfcb95de55f0e4a38668705eeec8ad,702,0,0,1,linux,BIC
dc51ff91cf2d1e9a2d941da483602f71d4a51472,0,0,1,1,linux,BFC
eacaaed784e2c9da69dea3030c81062c1fd66a37,165,0,5,3,linux,BIC
73b20c84d42de14673a987816dd4d132c7b1f801,22,0,0,2,linux,BIC
0f71979ab7fbd0c71c41c2798de3d33937915434,4,16,6,2,linux,BIC
fe6f1a6a8eedc1aa538fee0baa612b6a59639cf8,3,0,1,1,linux,BFC
b430e1d65ef6eeee42c4e53028f8dfcc6abc728b,0,0,1,1,linux,BFC
d4fb84eefe5164f6a6ea51d0a9e26280c661a0dd,5,0,0,1,linux,BFC
bc18d37f676f76edbb5e0c37def78c704b5fbed0,20,4,0,1,linux,BIC
41fd4caeb00bbd6dc55f056f3e8e956697b0760d,374,46,0,2,linux,BIC
25e39e32b0a3f99b9db320605f20f91d425b6a65,0,4,9,1,linux,BIC
0ce20dd840897b12ae70869c69f1ba34d6d16965,1412,0,0,5,linux,BIC
d6af21a4fb5fff2f6640feb011902212e658414d,3,0,3,1,linux,BFC
a6a781a58befcbd467ce843af4eaca3906aa1f08,65,17,258,21,linux,BIC
ee8ab0eeb49bd3982090c8f14dc9cc65bcd13c5c,0,5,0,1,linux,BFC
d55157f6aaca04df4223c2c7a96995ceda016a15,0,0,2,1,linux,BFC
37d5985c003daab138a72dd4af9853b396d91c26,29,0,16,2,linux,BIC
24e412c1e00ebfe73619e6b88cbc26c2c7d41b85,8,0,2,1,linux,BFC
27a0963f9cea5be3c68281f07fe82cdf712ef333,12,0,4,2,linux,BFC
c64b7983288e636356f7f5f652de4813e1cfedac,138,4,22,4,linux,BIC
51e339deab1e51443f6ac3b1bd5cd6cc8e8fe1d9,2,0,2,1,linux,BFC
22dc132d5448db1b1c021de0c34aa8033ca7d98f,170,0,33,2,linux,BFC
10a13bb40e541d8cb1d5f36403aae3a0f1a2ee58,3,50,25,1,linux,BIC
d02ba2a6110c530a32926af8ad441111774d2893,19,17,8,1,linux,BIC
3313faf1053ee6cb90045f6877f11e2f61ead63a,55,0,2,1,linux,BIC
e28b4fc652c1830796a4d3e09565f30c20f9a2cf,31,8,15,3,linux,BFC
78b1c6584fcedcf2d9687a4455c461859094cf04,0,58,18,3,linux,BIC
66fbacccbab91e6e55d9c8f1fc0910a8eb6c81f7,11,4,0,1,linux,BFC
a08f789d2ab5242c07e716baf9a835725046be89,9,0,0,1,linux,BFC
5dc4c4b7d4e8115e7cde96a030f98cb3ab2e458c,409,0,1,7,linux,BIC
526e81b990e53e31ba40ba304a2285ffd098721f,2,0,0,1,linux,BFC
0d02113b31b2017dd349ec9df2314e798a90fa6e,6,0,0,1,linux,BFC
24613a04ad1c0588c10f4b5403ca60a73d164051,1,0,1,1,linux,BFC
26b0aad80a86d39b8c3a3189fbaf477ef92a64ff,9,0,1,1,linux,BIC
e62333e26be649bfc3c167b9f2bbca38b92332c5,0,0,2,2,linux,BFC
7c1a1c814ccc858633c761951c2546041202b24e,0,0,1,1,linux,BFC
e51844bf825169024e0c743a92cf264e27f2366f,29,3,3,1,linux,BFC
a6b44a2518a08348bd0f0401e4d2b99233bbabc2,2,0,2,1,linux,BFC
4ae2bd4b3ada3dfd80ca8110b4f567752966ca1e,0,2,1,1,linux,BFC
f5449e74802c1112dea984aec8af7a33c4516af1,9,30,20,1,linux,BFC
26208d876d372566264bb8be76beeb0bbbcdead8,4,1,4,1,linux,BFC
8c7224245557707c613f130431cafbaaa4889615,5,0,0,1,linux,BFC
ecdfdfdbe4d4c74029f2b416b7ee6d0aeb56364a,0,2,1,1,linux,BFC
0f41fcf78849c902ddca564f99a8e23ccfc80333,4,0,1,1,linux,BFC
5695be142e203167e3cb515ef86a88424f3524eb,66,0,1,4,linux,BFC
3ecbfd65f50e5ff9c538c1bfa3356ef52cc66586,139,0,14,3,linux,BIC
c6ee11c39fcc1fb55130748990a8f199e76263b4,6,7,11,2,linux,BFC
b90f51e8e1f5014c01c82a7bf4c611643d0a8bcb,0,0,2,1,linux,BFC
c51bc12d06b3a5494fbfcbd788a8e307932a06e9,1,0,1,1,linux,BFC
3f6a57ee8544ec3982f8a3cbcbf4aea7d47eb9ec,3,0,2,1,linux,BFC
9003b369499b3320d3f16145145b729fb6ff3bd4,0,1,3,1,linux,BFC
773dc118756b1f38766063e90e582016be868f09,0,0,1,1,linux,BFC
b38b7f2bb418510397714c7fb3bed64b6fd024e5,2,0,6,1,linux,BFC
83c8c3cf45163f0c823db37be6ab04dfcf8ac751,0,0,1,1,linux,BFC
3c1d3f0979721a39dd2980c97466127ce65aa130,2,2,12,2,linux,BIC
8fcd20c307042b0bb4fd3aee7fc23c94080306ad,77,0,11,2,linux,BIC
9537e7cbf20787416b25833f2f9886166d8148f2,0,0,1,1,linux,BFC
9064d6055c14f700aa13f7c72fd3e63d12bee643,1,2,3,1,linux,BFC
f6ba488073fe8159851fe398cc3c5ee383bb4c7a,1,0,1,1,linux,BFC
90bdf403db4ca75ee60ca5a760dc342cef96b5e1,0,1,2,1,linux,BFC
7dd2fb6877b601a0b9c7284534ca4916cd7ac4bd,0,0,3,1,linux,BFC
7d8d8cfdee9a7bd6f9682f253fa98efdd8048a9e,67,4,29,3,linux,BIC
2273272823db6f67d57761df8116ae32e7f05bed,0,0,1,1,linux,BFC
c390f2110adf1c8579b7693eb241b47add4976e6,119,0,3,1,linux,BIC
fb30d4b71214aa1811e997f8f753b14b46d5b912,35,0,5,5,linux,BIC
d951b20b9def73dcc39a5379831525d0d2a537e9,3,0,1,2,linux,BFC
0e4324a4c36b3eb5cd1f71cbbc38d888f919ebfc,0,0,2,1,linux,BFC
f176411401127a07a9360dec14eca448eb2e9d45,7,0,2,3,linux,BFC
7efce3691d33e1f4263a7c64e8ff39b12922509b,347,0,3,2,linux,BIC
815717d1473e0d5c3a31c350975325e07ed736fa,0,31,0,1,linux,BIC
f1d962369d5687b08d3270dad421e9346caee0ca,315,0,0,9,linux,BIC
3680746abd87e733ec836025115580562b3dcb47,0,20,8,2,linux,BIC
bba3a87e982ad5992e776ca1fc409326915d6b44,34,0,7,2,linux,BIC
e5c500eb298a9f5ef9b80d16fcea9662c89467b7,11,13,19,1,linux,BFC
b188940796c7be31c1b8c25a9a0e0842c2e7a49e,0,0,1,1,linux,BFC
1320a4052ea11eb2879eb7361da15a106a780972,9,3,0,3,linux,BIC
b7edfa235effb4b4a9816c2345620b11609c123e,1,0,2,3,linux,BFC
fa07eca8d8c6567e0f5a8d36dcf776fa0aa2f6f4,0,0,1,1,linux,BFC
8fbaa51d43ef2c6a72849ec34060910723a0365f,2,0,7,1,linux,BFC
3b2dec2603d5b06ad3af71c1164ca0b92df3d2a8,78,1,240,1,linux,BIC
5cf4537975bbd5691b9ddd015d540bb92f61e322,10,14,6,4,linux,BIC
8300daa26755c9a194776778bd822acf1fa2dbf6,22,0,0,1,linux,BIC
a4922f5442e7e6ce85da304e224d940edec2f1fb,43,21,7,2,linux,BIC
2f5302533f306d5ee87bd375aef9ca35b91762cb,0,0,1,1,linux,BFC
2eda1cdec49f8ae7878e60d1b06bd8157a95424f,2395,0,0,1,linux,BIC
424953cf3c6657f1e67e1a2c5d6e3bb518ea4e9a,11,71,1,3,linux,BIC
01981aeb4745e31e0842b6f9f98be9b99615db3c,0,0,1,1,linux,BFC
cf33a7728bf27e6f8c5e9190410db85c11103699,10,0,11,4,linux,BIC
a5ebcbdf34b65fcc07f38eaf2d60563b42619a59,1,0,1,1,linux,BFC
1021f0bc2f3d6ac80a33aac0059dce8fd1622235,3,0,0,1,linux,BIC
104f942b2832ab1340dab34ae2dad8b31b772788,0,204,0,3,linux,BIC
deffa48fb014f06f7cf8c4b3ea3c96160be3c854,1,0,1,1,linux,BFC
46fee9ab02cb24979bbe07631fc3ae95ae08aa3e,2,0,0,1,linux,BFC
524725537023bb25a371722b1329446e5a2adcdb,52,0,0,3,linux,BIC
f0438155273f057fec9818bc9d1b782ba35cf6a1,6,0,2,1,linux,BFC
bcc65700484115dc4f80817de91dc86eeeb8b361,62,0,2,2,linux,BIC
fa6c4084b98b82c98cada0f0d5c9f8577579f962,0,0,1,1,linux,BFC
61e7f892b5ee1dd10ea8bff805f3c3fe6e535959,1,0,0,1,linux,BFC
3ab481a1cfe1511b94e142b648e2c5ade9175ed3,57,0,1,3,linux,BIC
2c91bf6bf290ffd0a566fe5d7518d2484522816c,223,0,0,2,linux,BIC
d0c424971f70501ec0a0364117b9934db039c9cc,12,0,2,1,linux,BFC
fe5886852601fb2593cbc5a7549ef9fd2ef481ba,0,0,3,1,linux,BFC
2db80f93869d491be57cbc2b36f30d0d3a0e5bde,5,0,3,1,linux,BFC
19334920eaf7df3f69950b040ede6c7598425a5b,5,0,2,1,linux,BIC
2744bf42680f64ebf2ee8a00354897857c073331,10,1,3,2,linux,BFC
d379880d9adb9f1ada3f1266aa49ea2561328e08,0,0,6,1,linux,BFC
8aa5a33578e9685d06020bd10d1637557423e945,43,0,7,6,linux,BIC
266d07cb1c9a0c345d7d3aea889f92062894059e,0,0,3,1,linux,BIC
6faac63a6986f29ef39827f460edd3a5ba64ad5c,1,0,0,1,linux,BFC
7b6c0f8034d78390f9185e2ec2edb0a3e4ad244e,0,1,4,1,linux,BFC
d7f576dc98364fcb076234f76b54d07cdeca54eb,2,0,0,1,linux,BFC
b943f045a9af9fd02f923e43fe8d7517e9961701,6,0,0,1,linux,BFC
3aa0a80fc692c9959c261f4c5bfe9c23ddd90562,2,2,0,1,linux,BFC
065e60964e293227e4feb0c1f7e27e609316ed9a,25,0,5,1,linux,BIC
9d6361922489b4515f669f3e19260b06b82e7698,0,0,1,1,linux,BFC
992110d747177e5815cf89003732ae69cd70913f,4,0,4,1,linux,BFC
70ca767ea1b2748f45e96192400e515dddbe517c,11,0,4,2,linux,BIC
43113fd4c5f562b47da68927b9ec2369e1e76358,0,0,1,1,linux,BFC
1c9de5bf428612458427943b724bea51abde520a,297,30,73,6,linux,BIC
4557d4bedc9c4c51201a8e802a6671ed8dfc0f41,0,0,2,1,linux,BFC
4b7d4363f14a0398eca48c7e96e46120c5eb6a96,2,0,3,1,linux,BFC
c0b33bdc5b8d9c1120dece660480d4dd86b817ee,90,24,3,8,linux,BIC
95264c8c6a9040e84edda883dbbe9d193c41f46c,0,4,1,1,linux,BFC
5ab38b81895c869fb72eab5b528d5ef13a741c66,242,0,7,1,linux,BIC
e137d3abdfca0fb6fc270da576a9d9d6a1f8d8b3,20,2,7,3,linux,BFC
0c92c7a3c5d416f47b32c5f20a611dfeca5d5f2e,4,11,10,1,linux,BFC
ca962882268ac8d99ffe461c25522c68b1fdc39d,62,0,1,3,linux,BIC
36b5d471135c3ef5f4922aa23f6566b6a07227f7,6,3,23,7,linux,BIC
fe5b6aaef72a0f7daa06e7960e0bee45c2984e41,14,3,5,1,linux,BFC
4851d2262236c27cafbecb0fd2440db1f1e726d3,0,0,3,1,linux,BFC
efbe21df3e889c0f4bf682c2b7e2465d60b0127c,0,4,30,2,linux,BFC
72b195cb716284217e8b270af420bc7e5cf04b3c,1,0,5,5,linux,BIC
98d25afa970d134024d8652360569e3bd74782b3,1,0,1,1,linux,BFC
e9d32c1bf0cd7a98358ec4aa1625bf2b3459b9ac,163,2,1,1,linux,BIC
fb0b322537a831b5b0cb948c56f8f958ce493d3a,7,0,7,1,linux,BFC
23efd0804c0a869dfb1e78470f80a27251317b7e,8,0,9,5,linux,BIC
35bb4b22f606c0cc8eedf567313adc18161b1af4,0,0,4,1,linux,BFC
4a98623d5d90175c0f99d185171e60807391e487,20,1,3,2,linux,BFC
abfcf55d8b07a990589301bc64d82a5d26680956,6,0,10,2,linux,BFC
2e74af0e118992e62062a6f0666edcac6d64afdc,4,1,193,1,linux,BIC
ea9dd8f61c8a890843f68e8dc0062ce78365aab8,4,0,3,1,linux,BFC
be49b1ad299a638e6181aefc7bdbfd621b46a7ef,5,0,22,1,linux,BFC
4bdcb1dd9feb03608e12cfa46aba385035af8ea5,194,0,0,1,linux,BIC
3d61467f9bab36aee786f762730b73565dbef3bf,30,0,0,2,linux,BIC
2b6cb81b95d1e8abfb6d32cf194a5bd2992c315c,6,2,0,1,linux,BFC
393f981ca5f797b58b882d42b7621fb6e43c7f5b,0,5,2,1,linux,BFC
038ae37c510fd57cbc543ac82db1e7b23b28557a,3,0,1,1,linux,BFC
d14d2a8453d650bea32a1c5271af1458cd283a0f,0,75,0,3,linux,BIC
b2107cdc43d8601f2cadfba990ae844cc1f44e68,0,1,0,1,linux,BFC
7befe621ff81d8063c13d6452b04e6ebc92b22fd,24,1,21,1,linux,BIC
7ac33e47d5769632010e537964c7e45498f8dc26,9,2,0,1,linux,BFC
1195a098168fcacfef1cd80d05358e52fb366bf6,84,11,2,3,linux,BIC
767a983ab25564e8fcc84fa203d1c51d2e50c6ef,28,2,7,4,linux,BIC
12cce594fa8f12e002e7eb5d10141853c1e6a112,26,0,0,2,linux,BIC
2abb7431736be539b2e0926388c7c2602a68a178,0,0,1,1,linux,BFC
c7fb64db001f83ece669c76a02d8ec2fdb1dd307,428,0,11,5,linux,BIC
fcf2d8978cd538a5d614076fccfe9a4af23b9cc9,3,0,1,2,linux,BIC
8d12ec10292877751ee4463b11a63bd850bc09b5,8,12,2,1,linux,BFC
a53ad8ef3dccb0c5482c60a3f6b8c0cbd498efe5,1,3,32,7,linux,BIC
5bcf5a59c41e19141783c7305d420a5e36c937b2,208,1,97,10,linux,BIC
502a2ffd7376ae27cfde6172257db0ff9d8cfec2,10,9,38,4,linux,BIC
72914a8cff7e1d910c58e125e15a0da409e3135f,4,0,0,1,linux,BFC
c0459a092509f9c2ff91cc070cd2645d38e7cf7b,3,0,2,1,linux,BFC
b26980ab2a9776e5427d784fbafb1a01269f4001,0,6,0,1,linux,BFC
9edeaada19a21eb669ae0dfe749be88f1810ea92,19,55,12,1,linux,BFC
118b0c863c8f5629cc5271fc24d72d926e0715d9,10,0,7,1,linux,BFC
8abceacff87d2fbb8e50e841d410e4808725151b,9,0,1,2,linux,BIC
00b0c9b82663ac42e5a09f58ce960f81f29d64ee,46,0,0,1,linux,BIC
27e177190891d2ad5174a434d8f09b9315520585,509,0,0,1,linux,BIC
777e7c3ab73036105e6fc4a67ed950179dbffbab,4,0,6,1,linux,BFC
64119e05f7b31e83e2555f6782e6cdc8f81c63f4,2,0,1,1,linux,BFC
424e531b47f83da87490464c5bf633dfb624fe6a,24,0,6,2,linux,BIC
3534e5a5ed2997ca1b00f44a0378a075bd05e8a3,5,0,3,2,linux,BFC
db4657afd10e45855ac1d8437fcc9a86bd3d741d,15,0,1,1,linux,BFC
50b5d6ad63821cea324a5a7a19854d4de1a0a819,55,0,4,5,linux,BIC
b35fd7422c2f8e04496f5a770bd4e1a205414b3f,9,0,0,1,linux,BIC
d7c9e99aee48e6bc0b427f3e3c658a6aba15001e,10,2,43,15,linux,BIC
ba2c89e0ea74a904d5231643245753d77422e7f5,12,0,14,3,linux,BFC
de53fd7aedb100f03e5d2231cfce0e4993282425,0,62,7,2,linux,BIC
eda1e328556565e211b7450250e40d6de751563a,5,0,6,1,linux,BIC
7fa885e2a22fd0f91a2c23d9275f5021f618ff5a,0,0,1,1,linux,BFC
a64ef71ddc13fc76a6f4af8c61e0106a62004380,70,18,30,2,linux,BIC
9255bacd57a5a247be91ce2b81ff09e15a0b8822,27,0,1,3,linux,BFC
a9f675f950a07d5c1dbcbb97aabac56f5ed085e3,0,0,1,1,linux,BFC
b16e685725a92bd7fd8496e38468622caf743771,0,0,1,1,linux,BFC
a39d0d7bdf8c21ac7645c02e9676b5cb2b804c31,0,0,1,1,linux,BFC
4ff7d1488a8496fddcfdf40c42489eaa64892f3e,252,0,3,6,linux,BIC
02b01e010afeeb49328d35650d70721d2ca3fd59,12,0,0,1,linux,BIC
95a001f22b1c5717eafd500a43832249ddd93662,3,0,2,1,linux,BFC
11606039604c4ce2d3c5045e30efb0c687a6a0de,6,0,4,1,linux,BIC
23a4e4050ba9c98ab67db0980a9fb20e5096d9ea,29,0,0,1,linux,BIC
95ced8a2c72dd48167adc4981c3c465c491f2f02,70,89,14,1,linux,BIC
4d8c0250b841159b128785f7a7efbaff40cc8501,0,1,4,1,linux,BIC
b8eb718348b8fb30b5a7d0a8fce26fb3f4ac741b,2,0,11,1,linux,BIC
675c807ae26b267233b97cd5006979a6bb8d54d4,14,2,9,1,linux,BFC
0c9e025e797e02c35449b3ad08d3317e5fc7d7b8,1,2,23,2,linux,BFC
9d80448ac92b720512c415265597d349d8b5c3e8,20,0,0,1,linux,BIC
838d9bb62d132ec3baf1b5aba2e95ef9a7a9a3cd,5,2,2,5,linux,BIC
209043554915d7c51ac112a668ad1a255e1bea61,61,0,10,1,linux,BIC
bdfc028de1b3cd59490d5413a5c87b0fa50040c2,39,15,7,4,linux,BIC
53448aed7b805cf36ecc59ed5fe8e53815ce4fe8,3,0,4,2,linux,BIC
3d4e4face9c1548752a2891e98b38b100feee336,12,1,5,1,linux,BIC
d75aed1428da787cbe42bc073d76f1354f364d92,1,0,0,1,linux,BFC
aa8188253474b4053bc2900d9fcb545ce68bdf5c,69,0,1,3,linux,BIC
dbcdb61aaf1add3fb15f24f7fcbf30c17d5c11db,0,0,1,1,linux,BFC
b401efc120a399dfda1f4d2858a4de365c9b08ef,0,3,1,1,linux,BFC
1a31270e54d7f2af76d0727ca7e99950a44c80b0,283,0,0,3,linux,BIC
b983a5b900627faa49cf37e101d65b56e941c740,0,2,1,1,linux,BFC
afc894c784c84cb3bb85a235feca2cb278f7b023,46,7,99,3,linux,BIC
d3378e86d1822b6d0bebfbc18a8348691c05dfa0,24,0,0,2,linux,BIC
876aa9f527cd0ddc857337aba3683298b3abe6ab,28,6,0,2,linux,BFC
e2a88eabb02410267519b838fb9b79f5206769be,0,0,1,1,linux,BIC
3847dab77421867fbc77faacb2f377d44e729e1b,161,24,15,11,linux,BIC
1da0d94a3ec8c5f3793b7be8538b55e60ebeefe3,4,27,15,3,linux,BIC
af1a7301c7cf8912dca03065d448c4437c5c239f,7,0,0,1,linux,BIC
9218b44dcc059e08e249f6f7614b8e391eb041d8,402,359,81,5,linux,BIC
88eabcb8e6965b38331618f60567dfe92ad3c42c,0,3,1,1,linux,BFC
989df3a7bd2abe566521e61d1aebf603eb013b7f,185,0,0,2,linux,BFC
b4a04ab7a37b490cad48e69abfe14288cacb669c,464,451,2,2,linux,BIC
ebe9f6f19d80d8978d16078dff3d5bd93ad8d102,5,3,7,1,linux,BFC
e817f85652c14d78f170b18797e4c477c78949e0,57,6,4,2,linux,BIC
5bff69b3645db7b3018ecbc26218d8866aeaf214,4,94,34,3,linux,BIC
be3df3dd4c70ee020587a943a31b98a0fb4b6424,11,3,2,3,linux,BFC
45dfa45f52e66f8eee30a64b16550a9c47915044,181,2,5,1,linux,BIC
46949b48568b175be23a844f6e7703f4b4f2dd14,42,19,29,6,linux,BIC
a0d605372a279d71abd29ed985b9a51e66e12170,7,0,2,1,linux,BFC
dade58ed5af6365ac50ff4259c2a0bf31219e285,1,0,2,1,linux,BFC
d9b576917a1d0efa293801a264150a1b37691617,1,0,0,1,linux,BFC
116e5947d7bf49cf5a29e1eb30deec12ed8b53f8,0,0,2,1,linux,BFC
33e5b5746cc2336660c8710ba109d9a3923627b5,8,0,0,1,linux,BFC
57a1228a06b7a5939a8b0078a92b44fa30855bcb,140,26,31,3,linux,BIC
c1a9ec7e5d577a9391660800c806c53287fca991,0,2,1,1,linux,BFC
47c44088ac089adfa2f852770ac11e3b7ce8d7c5,0,0,8,2,linux,BFC
6e6fec3f961c00ca34ffb4bf2ad9febb4b499f8d,9,0,3,3,linux,BFC
a500cb342c84a4c4696850304124bc801331c4a8,5,0,2,1,linux,BFC
a1a7e3a36e01ca6e67014f8cf673cb8e47be5550,3,0,0,1,linux,BFC
119a8e708d16d38eedfa3d920b89b709dda41a8f,110,0,5,3,linux,BIC
ab7529f2441791cdfe6c8e3202f35f3e811985a6,0,0,2,1,linux,BFC
f80a1d41432869dd78dfe8373060371918a05326,922,0,0,1,linux,BIC
0b813658c11532be90cbf5f579a8ba45a8cc9dbf,43,0,0,2,linux,BIC
43d2479687c93ed9b93774ef9b46b37de5b3efcc,0,7,4,1,linux,BFC
9b0ed89172efec1d9f214d173ad6046f10f6b742,0,0,3,1,linux,BFC
cb2b36f5a97df76f547fcc4ab444a02522fb6c96,32,4,43,3,linux,BIC
f12dd75959b0138f94da8ddcf43f2f3cf277216d,3,0,0,1,linux,BFC
6d9e6dfdf3b207701471f364121c67eefb000682,37,58,16,1,linux,BIC
512b191d965237249999b3c58600fe50356ab323,11,0,6,1,linux,BIC
4cc7faa406975b460aa674606291dea197c1210c,0,0,2,1,linux,BFC
0740a50b9baa4472cfb12442df4b39e2712a64a4,75,83,0,1,linux,BIC
4cafe86c9267f9dd5819df946ba8c038ba958370,4,5,4,2,linux,BIC
a44f53faf4674d84cba79f7ee574584e18ab8744,15,0,22,7,linux,BFC
f6a95a24957aec5bb488c3f978c4ed508177998f,569,227,56,5,linux,BIC
c9f1e32600816d695f817477d56490bfc2ba43c6,0,0,2,1,linux,BFC
92947844b8beee988c0ce17082b705c2f75f0742,14,0,0,1,linux,BFC
2bfa0719ac2a9b2f3c91345873d3cdebd0296ba9,11,0,2,1,linux,BIC
11189c1089da413aa4b5fd6be4c4d47c78968819,33,7,7,1,linux,BIC
c8b75bca92cbf064b9fa125fc74a85994452e935,2887,0,0,10,linux,BIC
2a04784594f67b795bb4c08dd83cfc88c8311276,10,1,1,1,linux,BIC
5d1d65f8bea6de3d9c2c60fdfdd2da02da5ea672,475,553,41,5,linux,BIC
bcbd5c33a342bc6f4a25fed528dc3ed2a0b1c140,48,25,11,4,linux,BIC
2bdd4c28baff29163808677a70942de2b45f17dc,0,0,2,1,linux,BFC
f0e8c61110c2c85903b136ba070daf643a8b6842,0,7,0,1,linux,BFC
d2e60075a3d4422dc54b919f3b125d8066b839d4,36,1,97,25,linux,BIC
0f0b9b63e14fc3f66e4d342df016c9b071c5abed,0,0,1,1,linux,BFC
789ea77310f0200c84002884ffd628e2baf3ad8a,0,0,1,1,linux,BFC
299468782d94331f99a7eeb6e0d56598863be9fe,157,0,0,5,linux,BIC
5b427df27b94aec1312cace48a746782a0925c53,0,3,2,1,linux,BFC
96a8eb1eeed2c3485cdba198fab3a2faaec386d3,5,0,0,5,linux,BFC
0933a578cd55b02dc80f219dc8f2efb17ec61c9a,0,0,1,1,linux,BIC
cf6b8e1eedffd9ef9a22c0c9453d752b07daf89a,109,0,2,4,linux,BIC
f153bf49ddf6169544b24ef5ea26fa3eb4996b95,0,0,1,1,linux,BFC
51b86f9a8d1c4bb4e3862ee4b4c5f46072f7520d,2,0,1,1,linux,BFC
d8f9cc328c8888369880e2527e9186d745f2bbf6,37,3,5,1,linux,BIC
ce76353f169a6471542d999baf3d29b121dce9c0,1,0,0,1,linux,BFC
f3ce6f3c9a994d3fa5057cadfaa1d883e0d938fa,264,0,0,1,linux,BIC
fdc7d8e829ec755c5cfb2f5a8d8c0cdfb664f895,0,0,1,1,linux,BFC
61929cf0169d91366fd3f30d6ee60681b037bc19,914,0,0,1,linux,BIC
7aa36a334dc3f11188d9cc024cfa06debb5cf7e6,0,0,1,1,linux,BFC
f695fdcef83ac6972e0eda1d6588a56348f521a2,62,0,0,2,linux,BIC
f046e4a3f0b95bcc410116acbe7e04e648d48f97,15,0,1,1,linux,BIC
041ad7bc758db259bb960ef795197dd14aab19a6,4,0,5,1,linux,BFC
b98e1995e4fa9030474a61ed0dbc033464fe5ea0,0,0,1,1,linux,BFC
e2f597a20470d7dfeca49c3d45cb8a7e46d3cf66,0,8,2,3,linux,BFC
9f2a1d9fb33a2129a9ba29bc61d3f14adb28ddc2,0,0,1,1,linux,BFC
d32dc9aa10c739363c775baf4499416b2e0dc11f,8,0,8,1,linux,BFC
b5aead0064f33ae5e693a364e3204fe1c0ac9af2,12,0,4,4,linux,BFC
d5fd650cfc7ffeca4af0da939293c8e7a5aa7c36,11,0,2,1,linux,BIC
7945f929f1a77a1c8887a97ca07f87626858ff42,21,0,0,2,linux,BIC
28a5501c3383f0e6643012c187b7c2027ef42aea,5,0,0,1,linux,BFC
3ae87d2f25c0e998da2721ce332e2b80d3d53c39,0,0,11,1,linux,BFC
1c26372e5aa9e53391a1f8fe0dc7cd93a7e5ba9e,294,201,75,1,linux,BIC
cf16fe9243bfa2863491026fc727618c7c593c84,0,0,1,1,linux,BFC
254eb5505ca0ca749d3a491fc6668b6c16647a99,0,3,2,1,linux,BFC
d901d6a298dc6e9105b9dc091d65b043e9f8c9a6,20,0,48,1,linux,BIC
f27c22736d133baff0ab3fdc7b015d998267d817,0,0,1,1,linux,BFC
9d6acb3bc9058d1fd7a5297d71f14213679bb4bd,6,0,0,1,linux,BFC
79ffac8599c4d8aa84d313920d3d86d7361c252b,408,654,154,33,linux,BIC
5beb0c435bdde35a09376566b0e28f7df87c9f68,46,0,4,3,linux,BIC
59299aa1028fce051adbd25aaff7c387b865cd6d,0,0,1,1,linux,BFC
3180d827c807d8d6e5d6ba4f2e08eed9efa083af,0,1,0,1,linux,BFC
2e379ac66d4b734ba0e6dbdbc20f774d91be090b,0,0,6,1,linux,BFC
ba6b918ab234186d3aa1663e296586a1b526b77a,13,7,7,4,linux,BIC
2f11f0df8474b2206c8cf2d5d5b98e7eff240cdf,5,1,3,1,linux,BFC
1ee48a61aa57dbdbc3cd2808d8b28df40d938e44,0,0,2,1,linux,BFC
cef08115846e581f80ff99abf7bf218da1840616,56,22,6,2,linux,BIC
00e188ef6a7e7bf2883bcffc30d89e98a0bb76b3,1,0,6,1,linux,BIC
3255f68c132a8ed784b9fe1804ef4642a1d16b9a,1,0,1,1,linux,BFC
d7b0408934c749f546b01f2b33d07421a49b6f3e,7,0,7,1,linux,BFC
2a38ca998f50f887fdfa9a35c3c98a020bd68f25,1,0,0,1,linux,BFC
e7f110889a87307fb0fed408a5dee1707796ca04,0,0,1,1,linux,BFC
23870f1227680d2aacff6f79c3ab2222bd04e86e,25,0,6,2,linux,BIC
e400071a805d6229223a98899e9da8c6233704a1,4,0,0,1,linux,BIC
6b0f8f9c52efe24d6dac06ab963b7bd91c723751,195,0,0,2,linux,BIC
85816794240b9659e66e4d9b0df7c6e814e5f603,15,0,2,3,linux,BIC
8482468b30bdb16d4a764f995d7a63d94fa0cf40,0,0,1,1,linux,BFC
78599c42ae3c70300a38b0d1271a85bc9f2d704a,145,0,2,1,linux,BIC
fcdefccac976ee51dd6071832b842d8fb41c479c,4,1,0,1,linux,BFC
a0c426fe143328760c9fd565cd203a37a7b4fde8,8,0,3,1,linux,BIC
765230b5f084863183aa8adb3405ab3f32c0b16e,158,3,24,4,linux,BIC
c1be5232d21de68f46637e617225b9b7c586451a,52,9,18,3,linux,BIC
7acc0bb490c85012bcbda142b6755fd1fdf1fba1,0,0,2,1,linux,BFC
19305134ade08d6e1e549b7200bc60f0021f1916,8,1,0,1,linux,BFC
6f16886b7c050c934305b1f285c3458ff1b6e4e4,0,0,2,2,linux,BFC
89b422354409c275e898d26607201797cc05a932,0,0,4,1,linux,BFC
d3b38596875dbc709b4e721a5873f4663d8a9ea2,0,0,1,1,linux,BFC
57caf4ec2b8bfbcb4f738ab5a12eedf3a8786045,1,0,2,1,linux,BFC
c485c35ff6783ccd12c160fcac6a0e504e83e0bf,0,0,1,1,linux,BFC
e4457d9798adb96272468e93da663de9bd0a4198,12,0,6,1,linux,BFC
f4b1363cae43fef7c86c993b7ca7fe7d546b3c68,49,5,11,1,linux,BFC
06f2c24584f31bc16129643bfb8239a1af82a17f,22,11,39,1,linux,BIC
c4d6da21b2c6627d968d7c1410925ff4a8c199c4,0,47,0,1,linux,BFC
3fd45a136ff61bb54deab70fb2d534a85e40481f,2,16,3,3,linux,BIC
0257595a5cf4ff32c1e2071692210b980e3bbb18,274,0,31,1,linux,BIC
d9b3dbdcfd6213731c3eb985a3a83537e3894e12,1,5,44,1,linux,BIC
ea52faae1d17cd3048681d86d2e8641f44de484d,2,0,0,1,linux,BFC
063452fd94d153d4eb38ad58f210f3d37a09cca4,0,0,1,1,linux,BFC
af14b2c98adb85e9517390bb88309338b9075350,1,0,0,1,linux,BFC
12e45a2a6308105469968951e6d563e8f4fea187,1,1,5,1,linux,BIC
b6bc1c731f0b985e91f618561fc82c6e252dfaf4,0,0,1,1,linux,BFC
bc49d8169aa72295104f1558830c568efb946315,38,0,3,7,linux,BIC
c682ccc4962a8fab949e1f2d7325b3e825dbf6d1,0,0,1,1,linux,BFC
841c2be09fe4f495fe5224952a419bd8c7e5b455,4,0,20,4,linux,BFC
5070cd2239bd4b382c55c212f10b845ec2de31fc,12,471,23,4,linux,BIC
fc36b8d3d819047eb4d23ca079fb4d3af20ff076,4,6,19,2,linux,BIC
523be44c334bc4e4c014032738dc277b8909d009,0,2,0,1,linux,BFC
12e9a6d62236dacb87a6b2dd84dd9c29bb5be1de,1,0,2,1,linux,BFC
f30a79b012e5d9b3887f6a59293d9ef3ca0e2c3e,30,0,11,9,linux,BIC
4ab215061554ae2a4b78744a5dd3b3c6639f16a7,35,0,0,3,linux,BIC
ccfdec9089229503d3a305e02accac01817d293e,53,2,14,2,linux,BIC
b3786b29379c0e5d1e4e162ad5464d77aa4bc4db,121,58,34,15,linux,BIC
4e903450bcb9a6bc90733b981d7cb8b3c4996a0e,4,0,0,1,linux,BFC
15fecf89e46a962ccda583d919e25d9da7bf0723,638,167,142,5,linux,BIC
8b917cbe38e9b0d002492477a9fc2bfee2412ce4,2,0,3,1,linux,BFC
b4ded42268ee3d703da208278342b9901abe145a,29,0,5,2,linux,BFC
320e77acb32774b6addfe38d562956fad70c5f0d,82,0,2,2,linux,BIC
7eb418851f3278de67126ea0c427641ab4792c57,1,0,1,1,linux,BIC
e2cf17d3774c323ef6dab6e9f7c0cfc5e742afd9,432,0,1,4,linux,BIC
65f4d7ddc7b681001246f60c22a3cf650864da35,0,36,0,2,linux,BIC
955b785ec6b3b2f9b91914d6eeac8ee66ee29239,10,0,6,1,linux,BFC
2b6c3c1e74e53f370074eb03769c9499aa30c55a,2,0,2,1,linux,BFC
5dcf42f8b79d1419ad7f6d46d7b5f7dc5bf9cdba,9,0,2,3,linux,BIC
fd98e9419d8d622a4de91f76b306af6aa627aa9c,9,0,1,1,linux,BFC
2fbdbe958a15e735a24ce33751671e9bf221e70d,0,5,2,1,linux,BFC
376c7311bdb6efea3322310333576a04d73fbe4c,2,0,0,1,linux,BIC
3995ecbabc6f8019b3a55aeb551eeb9598b8b354,3,0,0,1,linux,BFC
bbc126ae381cf0a27822c1f822d0aeed74cc40d9,0,0,1,1,linux,BFC
f681d593d1ce7d2fc665c4047b45f4316408b892,3,29,15,2,linux,BIC
2c2eb7a300cd7c6945dafb077801dca95d7a6c25,184,0,20,8,linux,BIC
f6089981d07e6e1cc053f4c239e458eed122c092,4,4,0,1,linux,BFC
468c9d928a8f38fdfaa61b05e81473cc7c8a6461,4,4,0,1,linux,BFC
db825feefc6868896fed5e361787ba3bee2fd906,101,4,3,2,linux,BFC
e2eed85bc75138a9eeb63863d20f8904ac42a577,0,0,1,1,linux,BFC
3ff4ccc3e938159c47c4dc3ed8e2b964c3604b50,0,0,1,1,linux,BFC
4c60244dc37262023d24b167e245055c06bc0b77,0,0,1,1,linux,BFC
820ed3fb2e6e986144465082d041e6a403a94135,6,0,0,1,linux,BFC
56f17dd3fbc44adcdbc3340fe3988ddb833a47a7,11,0,6,3,linux,BIC
117266fd59ddf46e98e36df09326d861738c6180,3,0,9,1,linux,BFC
12998087d9f48b66965b97412069c7826502cd7e,14,0,11,1,linux,BFC
888d867df4417deffc33927e6fc2c6925736fe92,89,17,31,4,linux,BIC
819fb78f695527fc015e0c93b23c6492f7257015,0,7,4,1,linux,BFC
eb6b94db2f4a585d4a9b8e503d7377d2a23c1104,2,0,6,1,linux,BFC
73dca124cdbad2d67d47d6196c08325f18447d07,3,3,0,1,linux,BFC
7bdcd851fa7eb66e8922aa7f6cba9e2f2427a7cf,0,0,2,1,linux,BFC
5b1413f00b5beb9f5fed94e43ea0c497d5db9633,1,0,1,1,linux,BFC
df919b400ad3f9e6aac392ce421d710207abf9be,282,0,2,1,linux,BIC
9842c38e917636fa7dc6b88aff17a8f1fd7f0cc0,37,2,14,7,linux,BIC
67f2db8792f96d8f7521461635d25f9c80245d80,3,0,2,1,linux,BFC
aa4c3967756c6c576a38a23ac511be211462a6b7,1,0,0,1,linux,BFC
8e809dfb9b25a97cdbe2ef2bdcca998815457317,0,10,0,1,linux,BFC
27be41de45a70fe1cb0ae1cbd2fd6da1ce3ffe9a,0,0,2,1,linux,BFC
b92ce2f54c0f0ff781e914ec189c25f7bf1b1ec2,4,0,6,3,linux,BFC
f7a6cb7b38c6845b26aaa8bbdf519ff6e3090831,0,0,1,1,linux,BFC
72d1465789506cdc441cb85271d993aee4ae79fe,0,0,3,1,linux,BFC
10ad34bc76dfbc49bda327a13012f6754c0c72e0,315,13,101,16,linux,BIC
15e6c22fd8e5a42c5ed6d487b7c9fe44c2517765,12,12,0,1,linux,BFC
2100b595b756db29a0b71de49c3bf73ae76c679b,13,0,0,2,linux,BIC
923f1bd27bf1ed49b3d1a4cccf2c8238618b49cf,238,0,3,4,linux,BIC
7af2be6d54d4eda52603e87fbb99a8fb989ccdf0,23,0,0,1,linux,BIC
a4f9dd55c5e1bb951db6f1dee20e62e0103f3438,8,0,1,1,linux,BFC
36e2d7cfdcf17b6126863d884d4200191e922524,72,0,5,2,linux,BIC
13736ba3b38b1b50979eaafd2e63ab9da146a059,1,0,3,1,linux,BIC
1c5bd76d17cca6836e9d9913e4a0356cd8a36598,35,57,61,3,linux,BIC
02a4a69667a2ad32f3b52ca906f19628fbdd8a01,6,0,4,1,linux,BFC
39a751a4cb7e4798f0ce1169ec92de4a1aae39e3,139,55,115,4,linux,BIC
49303381f19ab16a371a061b67e783d3f570d56e,14,0,0,1,linux,BIC
cf601774c9f23078010adc9e6cd29470fafa5678,4,0,6,1,linux,BFC
575e079c782b9862ec2626403922d041a42e6ed6,3,0,4,1,linux,BFC
7ce98fb6c53d2311b3e9faae90b1a9c1a96534db,0,0,2,1,linux,BFC
5cacc6f5764e94fa753b2c1f5f7f1f3f74286e82,0,0,1,1,linux,BFC
711d0427c7134c5ba65b8f408888a0335e23ed23,11,15,5,1,linux,BIC
e61c38d85b7392e033ee03bca46f1d6006156175,21,11,2,1,linux,BIC
276142730c39c9839465a36a90e5674a8c34e839,1,0,0,1,linux,BFC
4b0ece6fa0167b22c004ff69e137dc94ee2e469e,3,0,2,1,linux,BFC
8750f9bbda115f3f79bfe43be85551ee5e12b6ff,28,0,0,1,linux,BFC
13aecb17acabc2a92187d08f7ca93bb8aad62c6f,1,0,1,1,linux,BFC
7693b331d033ecda61097007330d3e7461ff7f27,0,0,2,1,linux,BFC
3d44a78f0d8b7128221e19cf10d506010df20b59,0,1,1,1,linux,BIC
4d3ebd3658d8b87d8ead979725305adc6fae3855,20,0,3,2,linux,BIC
a28bef561a5c144e7c6237626d748767fef7fc79,32,0,9,3,linux,BIC
5aad1de5ea2c260b4cd2f70b70e146d55dbbc528,20,0,2,3,linux,BIC
ffc5089196446c08d9a005cf0dd7cab18d119606,88,39,5,3,linux,BIC
286dbb8d5d800dcca23d43bb62d9f3cd96fe479c,0,0,20,3,linux,BIC
b1e8d713e6b2d59ee3a7b57c0dab88a19ec0cf33,28,0,0,2,linux,BFC
e7f851684efb3377e9c93aca7fae6e76212e5680,0,0,4,2,linux,BFC
bffd168c3fc5cc7d2bad4c668fa90e7a9010db4b,1,1,0,1,linux,BFC
3f5fe9fef5b2da06b6319fab8123056da5217c3f,0,0,3,1,linux,BIC
6f3d791f300618caf82a2be0c27456edd76d5164,44,2,1,4,linux,BIC
38b2cf2982dc73d3f07fe84fec8cc4ed9f64c1c5,22,0,2,1,linux,BIC
755a9b0f8aaa5639ba5671ca50080852babb89ce,12,0,1,1,linux,BFC
166e6045cacccb3046883a1a4c977f173fec5ccd,8,12,10,1,linux,BFC
a6630529aecb5a3e84370c376ed658e892e6261e,11,0,4,2,linux,BFC
1e2be869c8a7247a7253ef4f461f85e2f5931b95,0,0,2,1,linux,BFC
8325a6c24ad78b8c1acc3c42b098ee24105d68e5,5,0,1,1,linux,BFC
158e1886b6262c1d1c96a18c85fac5219b8bf804,2,0,0,1,linux,BFC
6f03bf43ee05b31d3822def2a80f11b3591c55b3,1,0,1,1,linux,BFC
9c8b0778e48e4bbdb77121c6c1b7dd48e5182e67,1,0,1,1,linux,BFC
6675880fc4b7c5137a2640b0725505c21b1ac525,7,0,0,1,linux,BFC
f7da7782aba92593f7b82f03d2409a1c5f4db91b,12,9,6,1,linux,BFC
9a7f12edf8848a9b355a86fc0183d7be932ef11e,14,0,3,3,linux,BFC
426a0f0b5a2fe1df3496ba299ee3521159dba302,0,0,1,1,linux,BFC
0e6895ba00b7be45f3ab0d2107dda3ef1245f5b4,11,0,0,1,linux,BFC
4762b532ec9539755aab61445d5da6e1926ccb99,0,0,2,1,linux,BFC
fd14f4436fd47d5418023c90e933e66d3645552e,0,1,6,1,linux,BFC
1e9c2eb6811e8e017b589b483f6ff2b7c065eef5,72,0,32,4,linux,BIC
01f6afd0f3ccaa2d5f7fb87e7bd910dc17eef06b,1,0,1,1,linux,BFC
a3eaa8649e4c6a6afdafaa04b9114fb230617bb1,1,3,10,1,linux,BFC
6245947c1b3c6783976e3af113bac30250d0a93e,10,24,12,1,linux,BIC
189723fbe9aca18d6f7d638c59a40288030932b5,0,0,1,1,linux,BFC
d359902d5c357b280e7a0862bb8a1ba56b3fc197,1,0,1,1,linux,BFC
334883894bc1e145a1e0f5de1b0d1b6a1133f0e6,0,1,8,1,linux,BFC
e788787ef4f9c24aafefc480a8da5f92b914e5e6,8,0,5,2,linux,BIC
a04e187d231086a1313fd635ac42bdbc997137ad,0,0,2,1,linux,BFC
8b6836d824702cacf68190982181f8ca3aff9c3e,70,0,6,4,linux,BFC
1a371e67dc77125736cc56d3a0893f06b75855b6,4,47,6,1,linux,BFC
966a967116e699762dbf4af7f9e0d1955c25aa37,6,0,33,12,linux,BIC
a523841ee4e506fa1f05ff3a85b1e6d8176a3d4d,2,0,0,1,linux,BFC
fb32856b16ad9d5bcd75b76a274e2c515ac7b9d7,36,9,12,1,linux,BIC
5cc816ef9db1fe03f73e56e9d8f118add9c6efe4,0,0,2,1,linux,BFC
a35707c3d850dda0ceefb75b1b3bd191921d5765,198,0,9,10,linux,BIC
e4e9bfb7c93d7e78aa4ad7e1c411a8df15386062,0,24,0,3,linux,BFC
519f490db07e1a539490612f376487f61e48e39c,19,14,54,1,linux,BIC
6702d2c40f31b200d90614d1b0a841f14ba22ee0,262,0,6,2,linux,BIC
39facfa01c9fc64f90233d1734882f0a0cafe36a,82,0,1,1,linux,BIC
f78bf066acb92c93325e820802f9eb866007c86c,0,0,3,1,linux,BFC
365231593409fb79b11dd9bfcc27a29090bf9de6,0,0,41,16,linux,BIC
1d15a10395e5a036f571ac727f202f9572e255f9,3,0,4,2,linux,BFC
3f53c329b31d53b2a2e7992819242fc0d4f883e0,0,0,1,1,linux,BFC
79af1f866193de29e65a4dba7d0dab14b0c0ff93,2,0,1,1,linux,BIC
6724e66b90eebb19d146b7623b3e2af15616782b,26,0,3,2,linux,BIC
11db8173dbab7a94cf5ba5225fcedbfc0f3b7e54,19,0,0,1,linux,BFC
80532384af4ccb6d6cc965fa9232aaa2c456362c,0,0,9,1,linux,BFC
b1260067ac3dd5dcd40bcbcb2cc116a9f8b5016b,220,0,0,1,linux,BIC
45ff350bbd9d0f0977ff270a0d427c71520c0c37,6,0,1,1,linux,BFC
3fb1bd68817288729179444caf1fd5c5c4d2d65d,16,0,6,1,linux,BFC
a36840d8002736060f96386cf5dd148f0b0d4fa3,5,5,26,7,linux,BIC
44a042182cb1e9f7916e015c836967bf638b33c4,1,1,0,1,linux,BFC
ccebc23b57c313229526dc76383ce82f5e0b9001,10,0,3,2,linux,BFC
ca5f21b2574903a7430fcb3590e534d92b2fa816,47,17,6,2,linux,BIC
deee93d13d385103205879a8a0915036ecd83261,13,0,4,2,linux,BFC
51f2246158f686c881859f4b620f831f06e296e1,17,0,12,1,linux,BFC
142b2ac82e31c174936c5719fa12ae28f51a55b7,10,0,2,1,linux,BFC
6b15f678fb7d5ef54e089e6ace72f007fe6e9895,2,0,2,1,linux,BIC
eb64e2923a886441c7b322f138b36029f3fa6a36,0,12,10,2,linux,BIC
a63f53e34db8b49675448d03ae324f6c5bc04fe6,0,0,1,1,linux,BFC
c675949ec58ca50d5a3ae3c757892f1560f6e896,5,0,0,1,linux,BIC
80662f4fd4771bc9c7cc4abdfbe866ebd1179621,11,0,1,1,linux,BFC
6f6dbb819dfc1a35bcb8b709b5c83a3ea8beff75,0,0,5,1,linux,BFC
225c7b1feef1b41170f7037a5b10a65cd8a42c54,11558,0,0,36,linux,BIC
7aa51232e2046cdd719a2f5c9a4537b84554d5a4,7,5,24,3,linux,BIC
88a9c5485c48ab60c89612a17fc89f4162bbdb9d,0,0,1,1,linux,BFC
9734ad57b0f1a367fd3a00d717f97f8c00d9edb7,0,0,1,1,linux,BFC
99693945013a5178e1944f9409a1527d80b33abc,230,0,3,2,linux,BIC
8dfbcc4351a0b6d2f2d77f367552f48ffefafe18,1,0,1,1,linux,BIC
20e6421344b5bc2f97b8e2db47b6994368417904,0,0,1,1,linux,BFC
14190227978e569254798c51e8802231285f4d81,0,0,3,1,linux,BFC
00fb24a42a68b1ee0f6495993fe1be7124433dfb,6,0,2,1,linux,BFC
8a9a654b5b5233e7459abcc5f65c53df14b33f67,2,0,2,1,linux,BFC
60ec2440c63dea88a5ef13e2b2549730a0d75a37,258,0,0,3,linux,BIC
561bbccac72d08babafaa33fd7fa9100ec4c9fb6,62,0,3,2,linux,BIC
1f4a4a19508d61bf4dc6fb24ab7c1496d391a133,36,3,11,2,linux,BIC
d2df92e98a34a5619dadd29c6291113c009181e7,0,0,11,1,linux,BIC
5aec55b46c6238506cdf0c60cd0e42ab77a1e5e0,4,0,2,1,linux,BFC
f30e27779d3031a092c2a177b7fb76adccc45241,5,0,1,1,linux,BFC
64150adf89df2ed165d6760f414fa6df07d22628,44,5,2,3,linux,BIC
51500b71d500f251037ed339047a4d9e7d7e295b,8,9,1,1,linux,BFC
f6206f00d8c55a1beba9a4be96939353e632f939,0,6,1,1,linux,BIC
1603f89935ec86d40a7667e1250392626976ccc2,0,7,0,1,linux,BFC
eda21f16a5ed2476c1740e83a7dfaae34d893d9b,46,0,3,2,linux,BIC
53ecde0b9126ff140abe3aefd7f0ec64d6fa36b0,8,0,1,1,linux,BFC
c49a44b39b313a4191ca2f06316c547ee673264e,0,0,1,1,linux,BFC
c02bb16b0e826bf0e19aa42c3ae60ea339f32cf5,1,0,0,1,linux,BFC
39a7661dcf655c8198fd5d72412f5030a8e58444,0,0,1,1,linux,BFC
314eed30ede02fa925990f535652254b5bad6b65,6,0,1,1,linux,BFC
f4eeaed04e861b95f1f2c911263f2fcaa959c078,0,0,2,2,linux,BFC
441dae8f2f2975c68101a84bc3f528ec95ecf7c3,17,0,14,2,linux,BIC
b5d013bc09e9e76df9cdc85c2598486ba9a5b9b6,0,0,11,2,linux,BFC
4d0b79ec9eb81b227c8ae211b7f159bd7194d9ae,0,2,2,1,linux,BFC
61f7c6f44870bfb17db9f94e1a5a0ffa33e0e404,131,0,0,1,linux,BIC
091cb0994edd20d67521094ac9c6ec9804058d9a,15,28,0,2,linux,BIC
a9bbba996302344b1fac7773cf8198f6fee35ac1,70,0,0,2,linux,BIC
9da5ac236de6ab2189c999eb9ddddeef1431ab68,3,0,4,2,linux,BIC
8cbc52c20793de8fd75b93ce1872182071282b7b,4,0,0,1,linux,BFC
d7c90d9f9a5b6a85c09d37c5616d880d849a0c8b,0,0,1,1,linux,BFC
ce453ee6df018a8522373faae56e6032045a9606,0,6,9,1,linux,BFC
76e0da34c7cec5a7dc94667326a948de2e9c8c8d,12,113,131,1,linux,BIC
022debad063e4d3fb456218273821c010757f6f7,26,0,1,3,linux,BIC
d248220f0465b818887baa9829e691fe662b2c5e,0,0,1,1,linux,BFC
08d1dec6f4054e3613f32051d9b149d4203ce0d2,1,0,1,1,linux,BIC
ce6dd23329b1ee6a794acf5f7e40f8e89b8317ee,11,0,1,1,linux,BFC
8a4b5784fac2af93ad6a8c08fb56d021e0c0416b,0,1,0,1,linux,BFC
a337531b942bd8a03e7052444d7e36972aac2d92,3,41,5,3,linux,BIC
19c30f4dd0923ef191f35c652ee4058e91e89056,11,5,2,1,linux,BIC
03e786bd43410fa93e5d2459f7a43e90ff0ae801,871,0,0,1,linux,BIC
252f8d7b917464f1f5aa51b3c7ac4867e035389a,22,7,6,3,linux,BIC
2203cbf2c8b58a1e3bef98c47531d431d11639a0,19,9,34,3,linux,BIC
1dd47b54baeac460f677a3c8bb347b2ffed56d4d,150,0,0,1,linux,BIC
4152dc91b5932e7fe49a5afed62a068b2f31d196,1,0,1,1,linux,BFC
429d90d2212b561859767a74e3bb855f32b4600d,246,0,0,8,linux,BIC
71cc849b7093bb83af966c0e60cb11b7f35cd746,3,0,9,3,linux,BIC
a9a42886d0b3b989166472b7ea59b1c157d90f9b,20,14,348,10,linux,BIC
873fef8833ea794526b7f4179088e565078fe0e8,3,0,1,2,linux,BFC
d081a16db80ef7a260fb178aa1199e01f7432625,0,0,1,1,linux,BFC
ba807c94f67fd64b3051199810d9e4dd209fdc00,40,20,12,6,linux,BFC
9c880c24cb0db49d6e62e6d882df1470b0be8038,8,1,1,1,linux,BIC
948b701a607f123df92ed29084413e5dd8cda2ed,37,0,2,1,linux,BIC
d39d714969cda5cbda291402c8c6b1fb1047f42e,21,18,6,3,linux,BIC
68553650bc9c57c7e530c84e5b2945e9dfe1a560,1,0,1,1,linux,BFC
1696784eb7b52b13b62d160c028ef2c2c981d4f2,1,0,0,1,linux,BFC
25c7597af20d2b1d042bafd9be84eaa69c1690b7,2,0,0,1,linux,BIC
35a245ec06192629b6c4210b93aaebcfab62a09e,4,20,29,1,linux,BIC
b7da53cd6cd13a782bb08e59b4a3358ec800f724,183,142,101,5,linux,BIC
45aebeaf4f67468f76bedf62923a576a519a9b68,53,0,0,3,linux,BIC
cc6603aaeebf75751f5c3b79bc38ab62a0a55e7e,0,1,3,1,linux,BFC
9a1015b32faa7cebfe19663c886b0cfe90be1d49,0,0,2,2,linux,BFC
17b694a5476de09e119c517dcc3b71eff6835bdf,1,0,1,1,linux,BFC
349be276509455ac2f19fa4051ed773082c6a27e,0,0,1,1,linux,BFC
91a7c58fce065506fd98954d27694e5d83c96638,20,6,36,29,linux,BFC
0379861217dc2dd46e3bc517010060065b0dd6fc,0,0,1,1,linux,BFC
eecd48c84f0e641a69ec96c9780894d5702f856b,0,1,0,1,linux,BFC
b40997b872cdb70140f127af6069f00a86b6cf81,1,0,0,1,linux,BIC
de24e55395698e29f2a0582ae1899fa0001f829a,0,8,26,1,linux,BIC
1b6b26ae7053e4914181eedf70f2d92c12abda8a,33,10,8,1,linux,BIC
d0be8347c623e0ac4202a1d4e0373882821f56b0,37,1,12,2,linux,BIC
f383219674b72f390911c60e1d8ae95e32622398,0,4,10,1,linux,BFC
236105db632c6279a020f78c83e22eaef746006b,5,0,5,1,linux,BFC
5fff09bc141570cd15c118b097b17dec832b517f,0,0,1,1,linux,BFC
64dd68497be76ab4e237cca06f5324e220d0f050,188,92,1,3,linux,BIC
3fe3d2428b62822b7b030577cd612790bdd8c941,0,3,0,1,linux,BFC
aac35468ca20a3a0e75a24c13c0e31610727f120,51,0,23,3,linux,BIC
131ac62253dba79daf4a6d83ab12293d2b9863d3,0,0,1,1,linux,BIC
5398e94fb753d022301825ebfa5f7cf8a660d8eb,51,0,22,1,linux,BIC
ac8c58f5b535d6272324e2b8b4a0454781c9147e,7,0,6,1,linux,BFC
d3da3eaef7f4d0317d01c08824b65e5aee1315ef,406,0,0,1,linux,BIC
cb4d1d6261453677feb54e7a09c23fc7648dd6bc,20,0,6,1,linux,BIC
4ed2d765dfaccff5ebdac68e2064b59125033a3b,46,0,6,4,linux,BIC
ba5213ae6b88fb170c4771fef6553f759c7d8cdd,8,3,2,1,linux,BIC
fc329c1de49825a30d5381e18316a3fd45aac7a9,87,0,2,2,linux,BIC
718807289d4130be1fe13f24f018733116958070,0,0,1,1,linux,BFC
f0c3192ceee3c16154e70dfb373f66ed86c6fea9,1,0,2,1,linux,BFC
584f53fe5f529d877968c711a095923c1ed12307,38,1,8,1,linux,BIC
345c0dbf3a30872d9b204db96b5857cd00808cae,52,0,0,2,linux,BIC
da2ef8124f20b4ce18d1d3d24fc7b88e687e10bb,2,0,0,1,linux,BFC
6919622af3a8d92ee73886ebfe22c69ecf4c650c,1,0,0,1,linux,BFC
ad721705d09c62f0d108a6b4f59867ebfd592c90,44,0,1,2,linux,BIC
8e41cae64b08fe2e86a9ffb88b295c6b4b3a3322,0,0,2,1,linux,BFC
016983d138cbe99a5c0aaae0103ee88f5300beb3,1,0,3,1,linux,BFC
a841178445bb72a3d566b4e6ab9d19e9b002eb47,146,3,172,10,linux,BIC
df31007400c3905ec15b1065241baf3864decbfa,1368,0,0,2,linux,BIC
c1f7fec1eb6a2c86d01bc22afce772c743451d88,10,1,0,1,linux,BFC
d1ca60efc53d665cf89ed847a14a510a81770b81,1,0,2,2,linux,BFC
6285aa507366729c618d5295fb540b24a956088a,59,7,9,2,linux,BIC
0d56e5c191b197e1d30a0a4c92628836dafced0f,4,0,6,1,linux,BFC
00355fa5bb89840c48eb11eb6d84c6c3b128a839,8,0,12,2,linux,BFC
c76acfb7e19dcc3a0964e0563770b1d11b8d4540,29,0,0,1,linux,BFC
0328edc77d4f35014b35f32b46be0a7e16aae74f,1,0,0,1,linux,BFC
33fab972497ae66822c0b6846d4f9382938575b6,8,0,0,1,linux,BFC
c35947b8ff8acca33134ee39c31708233765c31a,15,2,7,1,linux,BFC
17d5ceb6e43ea545d6d92db2f3ddb035233ba335,10,0,4,1,linux,BIC
ab818c7aa7544bf8d2dd4bdf68878b17a02eb332,0,0,3,1,linux,BFC
b7898396f4bbe160f546d0c5e9fa17cca9a7d153,91,19,61,3,linux,BIC
aa2a4b897132169fbc6d32932644b95875cf9c7f,8,0,1,1,linux,BIC
d158847ae89a25615f3d8757ad8c6f50fc816db5,50,0,2,2,linux,BIC
37768b054f2074f40de3cacd492baed482f5d9da,322,0,0,2,linux,BIC
fffe83c8c40a61978f8998a85cc94bb2ca19b6dd,13,0,1,1,linux,BFC
acc8b31665b4cc17b35c4fa445427f7e2f6dc86b,0,0,1,1,linux,BFC
1134158ba3d656b8dbc79a23d482129a531ba0ae,4,0,8,2,linux,BFC
d196bbbc28fab82624f7686f8b0da8e8644b6e6a,0,0,2,1,linux,BFC
7b4dfbe7880cf2092db3c94c6a34ae6ffa8aa344,0,1,0,1,linux,BFC
02ded1314a465a89267be38231d9858206853d80,0,0,1,1,linux,BFC
73978332572ccf5e364c31e9a70ba953f8202b46,3,0,0,1,linux,BFC
a4aad5636c7298eecfb60fc9d73933336cb0c4d8,11,0,0,3,linux,BIC
73d7b06e902dd294e1f61554f7c403d0f705cf92,9,2,19,1,linux,BFC
2bf50d42f3a418153d2964ca0f25655177f36445,12,0,2,1,linux,BIC
45dd9943fce08f1b38352ff9453682253bdf19b7,1,4,14,1,linux,BIC
e42280886018c6f77f0a90190f7cba344b0df3e0,2,0,2,1,linux,BFC
c82ff99eaab83df6b962ce83521c456ba9cf44c2,0,0,1,1,linux,BFC
d2b13233879ca1268a1c027d4573109e5a777811,1,0,2,1,linux,BFC
1dfdbe73ccf95765135b1b1ee8335ea3cb16bca0,11,49,36,1,linux,BIC
6490fa565534fa83593278267785a694fd378a2b,0,0,1,1,linux,BFC
97664a207bc2601a03a300f00e6922038cd5b99c,107,221,70,4,linux,BIC
ffa458c1bd9b6f653008d450f337602f3d52a646,639,0,0,2,linux,BIC
e7f411049f5164ee6db6c3434c07302846f09990,0,0,1,1,linux,BFC
77d1dfda0e79b41894880418f04794e92e4350e2,0,6,0,1,linux,BIC
afe120c777b7a6aa23b8c8a5fedae9201a7ced0c,0,0,1,1,linux,BFC
9b87f43537acfa24b95c236beba0f45901356eb2,0,0,3,1,linux,BFC
8e3d5be7368107f0c27a1f8126d79b01a47e9567,9,2,7,3,linux,BIC
1357dfd7261fc2f625bf895f77bb57e8827b8f63,1344,0,0,2,linux,BIC
53f1647da3e8fb3e89066798f0fdc045064d353d,0,0,1,1,linux,BFC
94c0a6fbd5cfc34d3ce5fea5867123402cdc8794,1,0,0,1,linux,BFC
b20eb4c1f0261eebe6e1b9221c0d6e4048837778,15,22,3,1,linux,BIC
60a60e32cf91169840abcb4a80f0b0df31708ba7,2,0,1,1,linux,BFC
e955f959ac52e145f27ff2be9078b646d0352af0,0,1,7,1,linux,BIC
792352cb160e654f0b64182550ee702a790fe4d0,1,0,1,1,linux,BFC
5fd54ace4721fc5ce2bb5aef6318fcf17f421460,651,0,0,651,linux,BIC
9aa613674f89d01248ae2e4afe691b515ff8fbb6,4,0,5,1,linux,BFC
99ae3417672a6d4a3bf68d4fc43d7c6ca074d477,0,7,2,1,linux,BFC
7174dc655ef0578877b0b4598e69619d2be28b4d,0,11,2,1,linux,BFC
b69de288e913030082bed3a324ddc58be6c1e983,84,0,8,2,linux,BIC
b71ec952234610b4f90ef17a2fdcb124d5320070,18,0,0,1,linux,BFC
b81f884a547b5c264c13fdfaa3b65cf994bf1dcf,3,4,1,2,linux,BFC
050133e1aa2cb49bb17be847d48a4431598ef562,1,0,1,1,linux,BFC
1846193b178dcc58435fdc57352db7b74826ef37,31,0,0,1,linux,BIC
26fd962bde0b15e54234fe762d86bc0349df1de4,6,0,2,1,linux,BIC
607f625b86f9ba4c5c04df190c73010de65f4e91,2,1,5,1,linux,BFC
19b7ccf8651df09d274671b53039c672a52ad84d,0,19,2,4,linux,BFC
0cb686692fd200db12dcfb8231e793c1c98aec41,7,0,5,1,linux,BFC
3cfea8c97c93321578823c745e2ca8c8f03993ff,13,0,6,1,linux,BFC
3897cd9c8d1d1a9ff81fed893502911c2b9f4a79,25,2,13,2,linux,BIC
560a758d39c616f83ac25ff6e0816a49ebe6401c,57,1,6,3,linux,BIC
191cc41405188780e5f8f3c90d84a1e747d962e9,17,4,4,1,linux,BFC
852cfeed0ebe93a1c1e0c153c04a57221f72bd7e,11,0,1,1,linux,BFC
2423eeaead6f83f289c85394313e693cdefb728c,25,1,5,2,linux,BIC
506b0a395f26e52b3f18827e0de1be051acb77ab,25,7,4,2,linux,BIC
d8e346eb30372233063236edeb7600b92c92b287,4,0,0,1,linux,BFC
b60c8dce33895f79cbb54700fbeffc7db8aee3f7,26,0,4,1,linux,BIC
cf8966b3477d5e6545393bb4499f2051ea554c62,208,0,2,6,linux,BIC
358a3a6bccb74da9d63a26b2dd5f09f1e9970e0b,0,70,4,1,linux,BFC
98aee70d19a7e3203649fa2078464e4f402a0ad8,0,0,7,2,linux,BIC
789bba82f63c3e81dce426ba457fc7905b30ac6e,14,1,3,3,linux,BFC
bb3e96d63eb75a2f4ff790b089f6b93614c729a1,2,0,4,1,linux,BFC
11c8dc419bbc7b5acef812043feefc53c45ef558,44,0,1,2,linux,BIC
9fcb4a8ff2aad6158f3056c857c2b2252eae312d,0,1,5,1,linux,BFC
9dd6a06430c94299651d74b9ed5ca8396ab8ff1f,0,0,1,1,linux,BFC
d6d457451eb94fa747dc202765592eb8885a7352,2,0,0,1,linux,BFC
1dea33e84d33a5220aeda4ca9e918de0fd77c078,0,9,9,1,linux,BFC
d8dca33027c1fda3318fe8af85456b801ef88e1e,11,8,4,3,linux,BIC
fa1451374ebf2474660932bf2c34fae395c69a25,0,0,2,1,linux,BIC
4cea6b8cc34ee61358d681bd2009b8bac1736ffe,19,0,3,1,linux,BIC
f931ab479dd24cf7a2c6e2df19778406892591fb,4,0,0,1,linux,BIC
7807063b862b359cb20f610dfa2e34c67a458591,1187,0,0,1,linux,BIC
370c10522e96bf1b2e7fd9e906dbe8fb5be895d2,6,0,4,1,linux,BFC
c8cd0989bd151fda87bbf10887b3df18021284bc,15,4,35,13,linux,BIC
d5a4b1a540b8a9a44888b383472a80b84765aaa0,9,0,1,2,linux,BIC
287683d027a3ff83feb6c7044430c79881664ecf,2,0,1,1,linux,BFC
93c62c45ed5fad1b87e3a45835b251cd68de9c46,0,0,1,1,linux,BFC
9e619d87b277bbcc4e0b64cc5963520c1cd99f18,0,0,2,1,linux,BFC
269fc69533de73a9065c0b7971bcd109880290b3,6,0,1,1,linux,BFC
44224bdb99150ad17cf394973b25736cb92c246a,0,0,3,1,linux,BFC
1d4615978f525b769990a4a4ef22fb1b9a04cdf1,5,1,3,1,linux,BFC
db2045f5892a9db7354442bf77f9b03b50ff9ee1,21,0,0,1,linux,BFC
7d4343d501f9b5ddbc92f278adba339d16d010e1,0,0,1,1,linux,BFC
d051f28c880712639aadd981bfed7dcd4dd0e159,64,0,0,1,linux,BIC
cdb2f9207109c9c858277fde8b7dc1445b9f952e,2,0,4,2,linux,BFC
8aeef9d4f48917ce85710949b079548974b4a638,5,3,0,1,linux,BFC
89639e06d0f35625db506f43971d08b0489cd2ce,47,0,0,3,linux,BIC
9f66a397c8773167939c4eafc33725f38ec5c872,124,6,41,7,linux,BIC
b027ce258369cbfa88401a691c23dad01deb9f9b,4,0,1,1,linux,BFC
15e0c59f1535926a939d1df66d6edcf997d7c1b9,1,1,3,1,linux,BFC
56517ab958b7c11030e626250c00b9b1a24b41eb,1,0,4,1,linux,BFC
4f41fe386a94639cd9a1831298d4f85db5662f1e,2,0,0,1,linux,BIC
061b5c3c48a1e276f8fd539bfa8aab8b359ffc31,0,0,1,1,linux,BFC
37153cc5303aecd1ac7fc4b4b12bb93f634b4953,0,59,0,1,linux,BFC
0919e84c0fc1fc73525fdcedefab89ea8460f697,198,0,0,3,linux,BIC
245715cbe83ca934af5d20e078fd85175c62995e,5,0,0,1,linux,BFC
129c3b082c636087a72a30b17c87c57d197f08f5,1,0,2,1,linux,BFC
8d48562a2729742f767b0fdd994d6b2a56a49c63,8,4,2,1,linux,BFC
3f743e9bbb8fe20f4c477e4bf6341c4187a4a264,0,0,2,1,linux,BFC
41ddb7e1f79693d904502ae9bea609837973eff8,64,0,23,3,linux,BFC
81e8e4926167ab32593bbb915b45a42024ca1020,24,0,8,1,linux,BIC
06aaa3d066db87e8478522d910285141d44b1e58,9,4,2,1,linux,BFC
73281b78a37a1a3f392fd5b6116d04e597484529,52,111,28,6,linux,BIC
e8668bbcb0f91c7baa84be02514dff76b1eba6c8,35,4,7,4,linux,BIC
108d6642ad81bb1d62b401490a334d2c12397517,5,56,1,4,linux,BIC
490cad5a3ad6ef0bfd3168a5063140b982f3b22a,2,0,1,1,linux,BFC
2cc683e88c0c993ac3721d9b702cb0630abe2879,13,0,10,1,linux,BFC
800b8eecb284eb0f1d213dae5d00b4f372b7353a,0,0,3,1,linux,BFC
3b3fa11bc7000bb86c9fd30703da3689a9a9758d,14,0,1,1,linux,BIC
b1cae1f84a0f609a34ebcaa087fbecef32f69882,0,1,2,1,linux,BFC
be1df61cf06efb355c90702e46b8d46f055acb4e,678,0,0,2,linux,BIC
69fe05c90ed58aac956dccb9e6d3a325fb3b8767,9,0,1,2,linux,BIC
e55d54f43d3f11718d9e2800225097fda498e141,1,0,4,1,linux,BFC
e98d9ee64ee2cc9b1d1a8e26610ec4d0392ebe50,0,0,1,1,linux,BFC
c745dfc541e78428ba3986f1d17fe1dfdaca8184,5,0,8,1,linux,BFC
2b5cd0dfa384242f78a396b90087368c9440cc9a,8,5,17,4,linux,BIC
83a8471ba25518bf886c2b5e8ab232e130942929,58,77,39,1,linux,BIC
c799d519bf088c0c5deb481b0190990417ace1bc,78,0,0,2,linux,BIC
2e5219c77183be47eb9ae4b1a4195e008d196c73,48,0,1,1,linux,BIC
660fc733bd7436f4fa1a351376493e635514ed64,1465,0,0,1,linux,BIC
273c29e944bda9a20a30c26cfc34c9a3f363280b,8,0,0,1,linux,BFC
f7d635883fb73414c7c4e2648b42adc296c5d40d,0,0,1,1,linux,BFC
7f6b9dbd5afbd966a82dcbafc5ed62305eb9d479,2,46,14,1,linux,BIC
2d48c5f9335e48ddac7a52db10bf3bfd01986b9c,0,0,1,1,linux,BFC
c9839143ebbf5e821128da44f7e271d745aab19e,449,0,72,1,linux,BIC
a447da7d00410278c90d3576782a43f8b675d7be,8,8,5,1,linux,BFC
e371af033c560b9dd1e861f8f0b503142bf0a06c,8,1,2,1,linux,BIC
82e31755e55fbcea6a9dfaae5fe4860ade17cbc0,5,0,0,1,linux,BIC
690d22dafa88b82453516387b475664047a6bd14,0,0,1,1,linux,BFC
e8be2a5ba86c7d6553a22d76fd21ac2cf665b165,0,3,0,1,linux,BFC
2c9c83491f30afbce25796e185cd4d5e36080e31,10,0,0,1,linux,BFC
6242332ff2f3431c4fb6f4b21581f38f16569c13,80,0,3,1,linux,BIC
9d230c9e4f4e67cb1c1cb9e0f6142da16b0f2796,323,0,0,2,linux,BIC
acde3929492bcb9ceb0df1270230c422b1013798,4,23,17,1,linux,BFC
009669cfad50beb10b3f63434863de231c6b408e,0,15,0,1,linux,BFC
63f202e5edf161c2ccffa286a9a701e995427b15,13,0,4,1,linux,BFC
450677dcb0cce5cb751538360b7196c28b733f3e,0,2,0,1,linux,BFC
746a923b863a1065ef77324e1e43f19b1a3eab5c,6,2,0,1,linux,BFC
b0aa05065a0c1d1bffa10923dbc36f7193babbb7,0,0,1,1,linux,BFC
9da34cd34e85aacc55af8774b81b1f23e86014f9,11,0,0,1,linux,BIC
ac03046ece2b158ebd204dfc4896fd9f39f0e6c8,7,0,0,1,linux,BIC
cd28a1a9baee7674779e46072e5dbbb6215c3c8c,15,0,7,1,linux,BIC
fdadbce0da424c3f608576504f04e807217746a5,676,0,0,1,linux,BIC
bb9464e08309f6befe80866f5be51778ca355ee9,3,0,1,1,linux,BFC
9c21dae291d1b7763b749dfaef3fb911286c0d98,1,0,0,1,linux,BFC
d707bb74daae07879e0fc1b4b960f8f2d0a5fe5d,7,1,2,1,linux,BFC
bb65f89b7d3d305c14951f49860711fbcae70692,20,0,1,1,linux,BIC
8a7e27fd5cd696ba564a3f62cedef7269cfd0723,0,0,1,1,linux,BFC
34531be5e804a8e1abf314a6c3a19fe342e4a154,0,0,1,1,linux,BFC
2d94a832e246ac00fd32eec241e6f1aa6fbc5700,0,0,2,1,linux,BFC
b50455fab459b0ba17f6129203f77c6acce946ce,863,0,2,2,linux,BIC
b999dbea06b9874c7724a410f47a6bac1e219e37,1,0,4,1,linux,BFC
93edb8c7f94fb3d384790ac8a83c3fb9389f6ca5,2,0,0,1,linux,BIC
b089c31c519c3906c14801b6ec483e18a5152a50,11,1,5,3,linux,BIC
2ab69739209c843a47af82c0620036b233c83688,0,0,1,1,linux,BFC
4993b39ab04b083ff6ee1147e7e7f120feb6bf7f,23,0,5,1,linux,BFC
d0aeb0d4a3f7d2a0df7e9545892bbeede8f2ac7e,4,0,1,1,linux,BFC
d91676717261578f429d3577dbe9154b26e8abf7,1,0,0,1,linux,BFC
f57c4bbf34439531adccd7d3a4ecc14f409c1399,0,0,1,1,linux,BFC
73c6768b710a1621903f2bc179ae9c7789d41e9f,435,0,0,4,linux,BIC
da9c359e19f0a72a386a0e83a098b6dae21aa3c3,64,0,0,1,linux,BIC
726b3d3f141fba6f841d715fc4d8a4a84f02c02a,24,0,4,2,linux,BFC
fa0c16caf3d73ab4d2e5d6fa2ef2394dbec91791,11,0,0,1,linux,BIC
9fc81d87420d0d3fd62d5e5529972c0ad9eab9cc,0,0,2,1,linux,BIC
829b6962f7e3cfc06f7c5c26269fd47ad48cf503,3,0,0,1,linux,BIC
94c82de43e01ef5747a95e4a590880de863fe423,3,3,0,2,linux,BFC
14f267d95fe4b08831a022c8e15a2eb8991edbf6,89,0,0,3,linux,BIC
8a3177db59cd644fde05ba9efee29392dfdec8aa,1,1,0,1,linux,BFC
1b6dd556c3045ca5fa31cc1e98a4a43afa680e1e,7,79,29,12,linux,BIC
66b416ee41ed7a8216e5234a96288dbb8124e4b6,0,0,1,1,linux,BFC
3c1350501c21db8e3b1a38d9e97db29694305c3b,8,0,6,2,linux,BIC
64e8a6ece1a5b1fa21316918053d068baeac84af,16,0,7,3,linux,BIC
7e88b11a862afe59ee0c365123ea5fb96a26cb3b,15,1,19,4,linux,BIC
b5605148e6ce36bb21020d49010b617693933128,58,10,36,2,linux,BFC
10d58d006356a075a7b056e0f6502db416d1a261,1,1,6,1,linux,BFC
bc1c3c3b10db4f37c41e6107751a8d450d9c431c,1,0,0,1,linux,BFC
735a02f1bbc2c5e6e9cdbf0222948ff03ff7ab2d,1,1,0,1,linux,BFC
0e7b824c4ef9f5bcf5e48cdce164a7b349dde969,5,0,0,1,linux,BIC
80fbbb1672e7815a15d7329638537961d65c453d,0,0,1,1,linux,BFC
d8549bcd0529fcbd064c0e106f0a8806cab7546f,11,0,0,1,linux,BFC
f9c1bba3d392843f046d2ee27b4dfcec989d8a4b,0,13,0,1,linux,BFC
1418bae1c22951aad9883bc8f8f4dccb272cce1e,22,59,8,6,linux,BFC
72daceb9a10af4614d4aee304f07904191962f07,12,0,3,1,linux,BIC
11b36abc249f5e100d532c5271dae938fde85175,0,0,1,1,linux,BFC
e18aba8941b40baa7d0b3120e438df2e3187dfd6,206,0,0,3,linux,BIC
ff2c3a1803775cc72dc6f624b59554956396b0ee,6,0,0,1,linux,BIC
3e2a56e6f639492311e0a8533f0a7aed60816308,0,2,2,1,linux,BFC
108109444ff64fb1a2976174ec23e9e2117b5709,3,0,0,1,linux,BIC
2a4ea83bb8e54986703187edce59c9130a75eb26,12,0,4,1,linux,BFC
186b3c998c50fc241b51b905081c748455d16b4a,47,0,15,1,linux,BIC
42d0f71c9b5fd48861d61cfc05c9e001f847c9d5,0,0,1,1,linux,BFC
db1bb44c4c7e8d49ed674dc59e5222d99c698088,21,0,13,1,linux,BFC
f233dbca6227703eaae2f67d6d9c79819773f16b,111,29,19,1,linux,BIC
4866b2b0f7672b6d760c4b8ece6fb56f965dcc8a,1,0,1,1,linux,BFC
5a786232eb69a1f870ddc0cfd69d5bdef241a2ea,9,3,13,1,linux,BFC
5f5991f36dce1e69dd8bd7495763eec2e28f08e7,0,0,2,1,linux,BIC
f8f626754ebeca613cf1af2e6f890cfde0e74d5b,112,112,4,5,linux,BIC
55edde9fff1ae4114c893c572e641620c76c9c21,2,0,1,1,linux,BIC
ac63043d8cb5503c7e0fe110f947eacf2663804e,8,0,2,1,linux,BFC
1f52d7b622854b8bd7a1be3de095ca2e1f77098e,955,0,78,10,linux,BIC
5f7a75acdb24c7b9c436b3a0a66eec12e101d19c,0,14,2,2,linux,BIC
f084280cd34e375cd9736d14b023cfc7df3374bb,3,0,9,1,linux,BFC
bf825f81b454fae2ffe1b675f3a549656726440e,28,0,3,2,linux,BIC
3d8287544223a3d2f37981c1f9ffd94d0b5e9ffc,1,1,0,1,linux,BFC
42d279f9137ab7d5503836baec2739284b278d8f,417,0,4,7,linux,BIC
1c7c62a37a5fc50599e1aa7e72dd0fc785fc958a,1,0,0,1,linux,BFC
91c0c12080d0f40ee7275485221b06b4e1e289e1,417,0,7,9,linux,BIC
f66c53b3b94f658590e1012bf6d922f8b7e01bda,0,0,1,1,linux,BFC
8c42819b61b8340cff0643e65b5ce6a4144ab155,1,0,0,1,linux,BIC
fb405883c189dd30f2fab2b3e2c954f34f000ac3,11,0,9,1,linux,BFC
a53e3c189cc6460b60e152af3fc24edf8e0ea9d2,0,0,1,1,linux,BFC
339031bafe6b281cf2dcb8364217288b9fdab555,6,20,19,5,linux,BFC
51356ac89b5a15e5207e8740d5f4f8b71cb7332f,0,0,1,1,linux,BFC
2cb6d6460f1a171c71c134e0efe3a94c2206d080,2,0,0,1,linux,BFC
4bb78fc9744a7597b8f847ca7343add5a31fa1b3,305,0,0,2,linux,BIC
903cd0f315fe426c6a64c54ed389de0becb663dc,17,0,3,5,linux,BIC
3018dd3fa114b13261e9599ddb5656ef97a1fa17,4,0,0,1,linux,BFC
c6b4fcbad044e6fffcc75bba160e720eb8d67d17,4460,0,0,10,linux,BIC
0a1200991234f7004a10a2ecb0e63075e306c2a3,22,36,0,3,linux,BIC
59359597b010ced20e6e14c8660834c05c2a96b7,24,0,11,2,linux,BIC
64b1510642f845d90ad2aa35111582a4492e801b,0,0,2,1,linux,BFC
523e979d31648112bad07f427c183525c0258c75,0,4,23,4,linux,BIC
abe13e9a561d6b3e82b21362c0d6dd3ecd8a5b13,5,0,1,1,linux,BFC
d8c80bb3b55b0821e1cf6a4814262c152ae5bc4b,185,0,0,2,linux,BIC
ecdc65a3ec5d45725355479d63c23a20f4582104,0,6,0,1,linux,BFC
1c6463b6fc36f2261df1a68ee13a5ebd980914b1,0,0,1,1,linux,BFC
3454eeeebd115891f34aa2e76eccf08c9b0882bb,1,0,9,1,linux,BFC
e19ee44a3d07c232f9241024dab1ebd0748cdf5f,48,0,16,2,linux,BFC
ded8b9c761c50d147b20d7de18766fcdb8f5b621,2,0,0,1,linux,BFC
8062382c8dbe2dc11d37e7f0b139508cf10de9d4,537,0,2,4,linux,BIC
459b09b5a3254008b63382bf41a9b36d0b590f57,7,0,0,1,linux,BFC
9361ebfbb79fd1bc8594a487c01ad52cdaa391ea,1,2,2,1,linux,BFC
00b3ed1685089ff52169a715de11106ed37df087,36030,0,0,32,linux,BIC
d2d94fc567624f96187e8b52083795620f93e69f,1,0,0,1,linux,BFC
114518ff3b30a3f0611f384fb58e0a968fdf7f5e,0,0,2,2,linux,BFC
bad47ad2eef341a79ff355734147efe933618033,195,0,12,1,linux,BIC
50dbd09c56db0555813aa2824dc4fe8f1fc06aaa,0,2,0,1,linux,BFC
425752c63b6f3fed7b5a9cba2b8101a92cf36995,235,0,0,3,linux,BIC
2af59f7d5c3e342db4bdd28c59090aee05577aef,73,0,7,3,linux,BIC
b6e67145f14903ca430e011db3b771d8de4c3d8a,31,0,6,3,linux,BIC
e0e27c3d4e20dab861566f1c348ae44e4b498630,0,0,2,1,linux,BFC
2ab56a59ca880eebb3b89704ca1952f388151d29,0,1,0,1,linux,BFC
66d9282523b3228183b14d9f812872dd2620704d,0,0,1,1,linux,BFC
8d89bd70bc93914359fca3f7fbe2bde9556bcf76,84,31,50,1,linux,BIC
6fa01ccd883021105e9f8af7d04b9f156fa3494a,244,0,0,2,linux,BIC
0036bc73ccbe7e600a3468bf8e8879b122252274,0,0,2,1,linux,BIC
daa6eb5a149519583c8a8cb31945f06417d21902,2,0,6,1,linux,BFC
014333f77c0b71123d6ef7d31a9724e0699c9548,13,0,0,1,linux,BIC
c0cfb10d9e1de490e36d3b9d4228c0ea0ca30677,8,0,9,1,linux,BIC
937425d4cd3ae4e2882b41e332bbbab616bcf0ad,0,0,1,1,linux,BFC
0ee5a40152b15f200ed3a0d51e8aa782ea979c6a,1,0,9,2,linux,BFC
75d36df6807838f3c826c21c0fa51cdc079667d1,1,0,3,1,linux,BFC
d60e4f1e4be5e2dfb55fb084b119aed094227a35,546,0,0,2,linux,BIC
1a74e99323746353bba11562a2f2d0aa8102f402,2,0,1,1,linux,BFC
ab6f6dd18ab801fcbbaa05fb5401e91f48778e04,0,0,1,1,linux,BFC
c32aace0cf93383fde48c60ce0ae0c9073b6d360,0,0,1,1,linux,BFC
a4f182bf81f18f91f1aef6289fcdfa6a2ac51b99,196,0,0,3,linux,BIC
d13f048dd40e8577260cd43faea8ec9b77520197,0,0,2,1,linux,BFC
37d838de369b07b596c19ff3662bf0293fdb09ee,1,0,0,1,linux,BFC
e36176be1c3920a487681e37158849b9f50189c4,24,4,26,1,linux,BIC
1367bc82858018fd1a5a81b8fad4628e7163d1bf,4,0,2,1,linux,BFC
bfbfd661c9ea2cceb5bb4de8b280ac8a37cf68c2,0,0,7,5,linux,BIC
26776a7031c4234eb1a36dbaf9843e0793ff3e90,8,0,0,2,linux,BIC
d24082050f2f626582902f7c65b91d699ec60613,7,7,0,2,linux,BFC
9096af3e9c8734a34703bd9fb5ab14292296f911,14,6,2,1,linux,BFC
41a9e55c89be851dfc2aaae58881371b8df5360a,26,0,0,2,linux,BIC
49e5fb46211de0744170928466e68166eabbd8b3,197,4,5,5,linux,BIC
90c1d8b6350cca9d8a234f03c77a317a7613bcee,1,0,3,1,linux,BFC
0ae0a779efb8840a0cdb2d6bd9a5d07663ac3ee2,3,0,0,1,linux,BFC
5b76a3cff011df2dcb6186c965a2e4d809a05ad4,25,1,2,3,linux,BIC
48b32a3553a54740d236b79a90f20147a25875e3,84,267,174,9,linux,BIC
913d14e866573350de3adede3c90cefb81944b0c,86,0,0,2,linux,BIC
8e0aa4bc959c98c14ed0aaee522d77ca52690189,74,1,49,4,linux,BIC
9aed02feae57bf7a40cb04ea0e3017cb7a998db4,1,0,1,1,linux,BIC
3b1902b87bf11f1c6a84368470dc13da6f3da3bd,0,1,2,1,linux,BFC
f2989396553a0bd13f4b25f567a3dee3d722ce40,152,0,4,7,linux,BIC
153a6d299956983de890ffaf429e5904503eb94c,11,0,0,1,linux,BIC
301bc0675b677a98475187050d56cd2b39ff0acf,32,7,6,1,linux,BIC
bc3aae2bbac46dd894c89db5d5e98f7f0ef9e205,7,0,2,1,linux,BFC
2620e92ae6ed83260eb46d214554cd308ee35d92,28,0,0,1,linux,BFC
b10bd9a256aec504c14a7c9b6fccb6301ecf290a,0,0,1,1,linux,BIC
05acc4beb24c7e5ed3ae20a3d3ab2b29b40cb385,2,0,1,1,linux,BFC
289b20b2a5f900dd759300ffe765a2d078296432,0,13,0,2,linux,BFC
31248b5a354b6871afecb259690dd615de730ef0,0,22,1,3,linux,BFC
21947ba654a685ab48f2d4089c5c2d27443c2d0d,1,23,8,1,linux,BIC
49c5031ca6f0628ef973a11b17e463e088bf859e,17,0,29,1,linux,BFC
2bf9a58675c5d6d37cdcb4301e6320009d299080,39,0,3,1,linux,BIC
569cc39d39385a74b23145496bca2df5ac8b2fb8,0,1,0,1,linux,BFC
8b335bff643f3b39935c7377dbcd361c5b605d98,3,0,4,1,linux,BFC
8811f4a9836e31c14ecdf79d9f3cb7c5d463265d,7,0,8,1,linux,BFC
00efd65a65968fddd9816315ce190c1fa3bfcd29,0,0,1,1,linux,BFC
ed06efb801bd291e935238d3fba46fa03d098f0e,97,89,10,5,linux,BFC
bb99ff9baa02beb9216c86678999342197c849cc,12,0,4,1,linux,BFC
2eece390bf68ec8f733d7e4a3ba8a5ea350082ae,3,3,0,1,linux,BFC
83e81961ff7ef75f97756f316caea5aa6bcc19cc,527,0,0,2,linux,BIC
aa16c6bd0e09dc043b6ea200f729c8c440d40b57,330,0,0,1,linux,BIC
f260694e6463b63ae550aad25ddefe94cb1904da,6,6,0,1,linux,BFC
b00277923743e56c3652ea95b88943d21cad9d73,11,0,0,1,linux,BIC
e28dc3f09c9d2555a9bd982f0847988591052226,0,0,4,1,linux,BFC
53e857f30867918b3618d8e18902e63291946ef4,46,1,27,3,linux,BIC
1d43a5120ab49f22ba6c5901ad3994e254510303,1,0,0,1,linux,BFC
a8fabb38525c51a094607768bac3ba46b3f4a9d5,16,0,2,1,linux,BFC
a52458b48af142bcc2b72fe810c0db20cfae7fdd,10,92,251,33,linux,BIC
48cf973cae33488f84d7ab79a0f613383cff4de4,18,0,1,1,linux,BIC
d58f466a5dee814b7820aff9aaa393b3782559d9,64,0,2,5,linux,BIC
0fc12c022ad25532b66bf6f6c818ee1c1d63e702,0,0,3,1,linux,BFC
d1f82808877bb10d3deee7cf3374a4eb3fb582db,0,0,2,1,linux,BFC
3b0fb97c8dc476935670706873c27a474191ccce,8,0,3,1,linux,BIC
e252536068efd1578c6e23e7323527c5e6e980bd,12,3,8,2,linux,BFC
55749769fe608fa3f4a075e42e89d237c8e37637,34,1,15,3,linux,BFC
9bf13bee2d74a3b7bc0a59b1af7ad5f0a37f2176,79,0,5,4,linux,BIC
90cc0c3cc7092ea4c7871fdd5fb00a9ba62842e3,32,13,3,6,linux,BIC
33974a414ce2324554f75dbd204ff0868f499e32,10,0,0,1,linux,BIC
59efec7b903987dcb60b9ebc85c7acd4443a11a1,312,0,0,2,linux,BIC
18b3af4492a0aa6046b86d712f6ba4cbb66100fb,1,16,3,1,linux,BFC
ba1d366de261981c0dd04fac44d2ce3a5eba2eaa,3,0,0,1,linux,BFC
8e4597c627fb48f361e2a5b012202cb1b6cbcd5e,81,0,0,3,linux,BIC
fb551405c0f8e15d6fc7ae6e16a5e15382f8b8ac,0,255,61,4,linux,BIC
738acd49eb018feb873e0fac8f9517493f6ce2c7,1,0,0,1,linux,BFC
50ff57888d0b13440e7f4cde05dc339ee8d0f1f8,1,0,0,1,linux,BFC
10ddf64e420f7f6c1a871bfb4ff2de08faef8235,10,0,1,3,linux,BIC
61125b8be85dfbc7e9c7fe1cc6c6d631ab603516,28,0,22,2,linux,BFC
a43fb7da53007e67ad593e179f01a1925b04f586,23,4,11,2,linux,BIC
ce965c3d2e68c5325dd5624eb101d70423022fef,11,0,2,1,linux,BFC
0f9edcdd88a993914fa1d1dc369b35dc503979db,10,0,0,1,linux,BIC
8530b4e7b22bc3bd8240579f3844c73947cd5f71,1,0,0,1,linux,BIC
61bc84c4008812d784c398cfb54118c1ba396dfc,1,0,0,1,linux,BFC
0bcbf039f6b2bcefe4f5dada76079080edf9ecd0,62,26,5,5,linux,BIC
7f953ab2ba46e8649537942c0a64668ca2ce5cc5,26,5,4,1,linux,BIC
8363dfc845d74b980e109111b82f0a72aa92e47a,0,0,1,1,linux,BFC
583248e6620a4726093295e2d6785fcbc2e86428,4,0,2,1,linux,BFC
e2ac236c0b65129f12fef358390f76cc3cacb865,92,102,22,5,linux,BIC
ab4d14528fdf946dfa7177b53e64f78bf8cce03a,169,1,10,4,linux,BIC
f31231bf26a523de8aad4488643a98174c0d6bb2,0,1,6,1,linux,BFC
146b16c8071f5f6c67895d15beeee1163f5107c4,72,0,22,1,linux,BIC
73a0d907301ece200d32b4e8ba2da2ca296b507f,113,0,3,2,linux,BIC
8fa520af50817d5f30d293f507c937f561b3e6b9,6,6,2,1,linux,BIC
1cb3cf372abe4a0d16620d2b1201de0e291a6c58,7,0,3,1,linux,BFC
5025f7f7d506fba9b39e7fe8ca10f6f34cb9bc2d,3,0,3,1,linux,BIC
f6367b4660dde412f9b7af94763efb1d89cefb74,0,5,2,1,linux,BIC
c028c6309a9f9b385ba8c0c984eb2b6c3f368650,19,0,3,1,linux,BFC
6e7da74775348d96e2d7efaf3f91410e18c481ef,21,1,2,1,linux,BFC
60aa4d5536ab7fe32433ca1173bd9d6633851f27,6,3,9,1,linux,BIC
7d5e14237a551a5de3d287f2e8db2d044ee81a1a,102,0,22,1,linux,BIC
8106bddbab5f0ba180e6d693c7c1fc6926d57caa,1,0,2,1,linux,BFC
b2770da6425406cf3f6d3fddbf9086b1db0106a1,38,0,7,2,linux,BIC
29cf37fa6dd9c4de81b745ad3ae77f3709931d1e,122,0,0,1,linux,BIC
fcf1fadf4c65eea6c519c773d2d9901e8ad94f5f,0,0,1,1,linux,BFC
8fbf8636cd37b821ce3482748340008dbbe2dcb5,2,0,1,1,linux,BFC
0cab8d26d6e5e053b2bed3356992aaa71dc93628,2,0,0,1,linux,BIC
f428ebd184c82a7914b2aa7e9f868918aaf7ea78,0,0,2,1,linux,BFC
b255e500c8dc111dd9efac1442a85a0dac913feb,2,0,5,4,linux,BIC
feb7c1e38bccfd18cc06677cb648ed2340788fe8,13,376,3,26,linux,BIC
e500dc638d954b9b211a6425ff31c9706bf7509f,2,0,1,1,linux,BFC
38caff5a445bf7cc6b312b9925320ae969b796c2,0,27,19,1,linux,BIC
461c623270e4fa9cbab44e3ac2f0ddab2842c034,188,2,65,3,linux,BIC
6c6d59e0fe5b86cf273d6d744a6a9768c4ecc756,0,0,1,1,linux,BFC
bc29489f712079378081e43d5b1b7470ed70184d,3,0,0,1,linux,BFC
ea4152e1171604f325f1a5f080190823a0edbc1f,180,0,0,4,linux,BIC
600bea7dba1a72874ae0cd9bc66bf2abfe43b49d,0,0,1,1,linux,BFC
2c70010867f164d1b30e787e360e05d10cc40046,0,0,3,1,linux,BFC
c7151602255a36ba07c84fe2baeef846fdb988b8,3,0,3,1,linux,BFC
de4a10ef6eff0eb0ced97a39dc3edd0d3101b6ed,0,0,1,1,linux,BFC
c2904141696ee19551f1553944446f23cdd5d95e,50,0,13,1,linux,BIC
e4df2d5e852a7d24df3672ae9951eb79e179be08,136,6,1,3,linux,BIC
2b24408158276faf0f4a71eb97a2364686d5b06c,4,0,0,1,linux,BFC
3a88092ee319b88cf30a2dc89b9edf2ef5518750,8,0,4,2,linux,BIC
660661afcd40ed7f515ef3369721ed58e80c0fc5,0,0,2,1,linux,BFC
aaf2559332ba272671bb870464a99b909b29a3a1,10,1,9,1,linux,BFC
484b3d13b4ac3d721f3479433ad82100e1277580,8,0,0,3,linux,BIC
f7e1cb6ec51b041335b5ad4dd7aefb37a56d79a6,89,8,17,2,linux,BIC
9913d5745bd720c4266805c8d29952a3702e4eca,38,0,4,3,linux,BFC
1c85f3db778ffbeba91d71e9d6c8aa299f9b4efd,5,0,0,1,linux,BIC
79ef3a8aa1cb1523cc231c9a90a278333c21f761,116,0,13,2,linux,BIC
72aad489f992871e908ff6d9055b26c6366fb864,0,0,1,1,linux,BFC
f1b3b06a058bb5c636ffad0afae138fe30775881,2,2,0,1,linux,BFC
67315be33e9c04c589fb16a291477bb3983d4283,0,12,10,1,linux,BFC
efd8d98dfb900f96370cc7722ccb7959e58557c7,87,0,0,3,linux,BIC
ff999b8a0983ee15668394ed49e38d3568fc6859,44,1,2,5,linux,BIC
24ba14406c5c8e33fcbe064f77b3ab01b84ec830,7,0,6,6,linux,BIC
3b01fe7f91c8e4f9afc4fae3c5af72c14958d2d8,2,0,2,1,linux,BFC
db0b4aedfab396a6fe631f5c3bb34319770f0581,1,12,10,1,linux,BFC
0f69288253e9fc7c495047720e523b9f1aba5712,2,0,3,1,linux,BFC
0ff252c1976da5d80db1377eb39b551931e61826,981,0,1,3,linux,BIC
ce5d112827e5c2e9864323d0efd7ec2a62c6dce0,48,0,1,8,linux,BIC
5e73761786d6ff7e10c371703835528dee9306e3,1224,0,0,4,linux,BIC
57c045bc727001c43b6a65adb0418aa7b3e6dbd0,3,0,3,1,linux,BFC
07204f21577a1d882f0259590c3553fe6a476381,0,4,0,1,linux,BFC
b20bdd9cc9740ac1f2138adab25ddd51245c67be,1,0,1,1,linux,BFC
1cb5deb5bc095c070c09a4540c45f9c9ba24be43,1,0,0,1,linux,BFC
5b423f6a40a0327f9d40bc8b97ce9be266f74368,7,0,5,2,linux,BIC
87976ce2825d9f1ca2e70ee7d38dec490ad5a6e2,1390,0,0,2,linux,BIC
25520d55cdb6ee289abc68f553d364d22478ff54,38,67,114,10,linux,BIC
aed659170a3171e425913ae259d46396fb9c10ef,74,2,27,1,linux,BIC
ef85bb582c41524e9e68dfdbde48e519dac4ab3d,0,0,1,1,linux,BFC
fa8db4948f5224dae33a0e783e7dec682e145f88,4,0,1,1,linux,BFC
5eb8d18ca0e001c6055da2b7f30d8f6dca23a44f,3,4,11,3,linux,BFC
ca91ea34778f9b2a44a391b10164bcd73b4b0f25,93,0,0,2,linux,BIC
2b9478ffc550f17c6cd8c69057234e91150f5972,35,26,1,1,linux,BFC
ad35f169db6cd5a4c5c0a5a42fb0cad3efeccb83,1,0,0,1,linux,BFC
b9ef2b8858a0cf07d5f1b201abaf2480f4aa8201,19,6,8,1,linux,BIC
6100e34b2526e1dc3dbcc47fea2677974d6aaea5,122,0,2,2,linux,BIC
b96952f498db61cdce60f3161a445442d1cc08bc,246,0,2,1,linux,BIC
27275f181c7add59c211c7e40c442d8004b1e664,0,0,3,1,linux,BFC
2df84a757d87fd62869fc401119d429735377ec5,0,0,1,1,linux,BFC
78edc005f477a4987ee0a5d96bfe117295c231fd,0,0,1,1,linux,BFC
d3d1b205e89f1e4194b9f8924022c77ea749d113,61,55,33,6,linux,BIC
b5cde369b61850d31d8e0791168bf359a7ca9eaf,0,101,55,1,linux,BIC
59c8a02e24894e75639bcecc3cb1e768a2792220,1,0,6,1,linux,BFC
38c6aa2175c35358d01c29266000d26c78af9e36,0,0,1,1,linux,BFC
8383741ab2e773a992f1f0f8acdca5e7a4687c49,0,32,8,3,linux,BIC
be81992f9086b230623ae3ebbc85ecee4d00a3d3,4,0,7,1,linux,BFC
735fc4054b3a25034445c6713d259da0f96f8131,85,10,54,8,linux,BIC
817e9f2c5c262b2716f5d77020d118ad53315f3e,2,0,6,1,linux,BIC
96e65d7f3f88d6e117ff80f3003d13c65e85cb03,61,0,0,2,linux,BIC
7b732a75047738e4f85438ed2f9cd34bf5f2a19a,204,187,59,3,linux,BIC
04f11ef45810da5ae2542dd78cc353f3761bd2cb,14,0,3,2,linux,BIC
b92dace38f8f8ee9895fa211b79ad1b5ba3a2020,1,0,0,1,linux,BFC
52cc73e5404c7ba0cbfc50cb4c265108c84b3d5a,0,0,1,1,linux,BFC
69cc1b6fa565993b62210f314614be166d902a54,0,0,1,1,linux,BFC
b942fc0319a72b83146b79619eb578e989062911,0,0,2,1,linux,BFC
f3d9478b2ce468c3115b02ecae7e975990697f15,6913,0,0,23,linux,BIC
17d47f93bc69cc629aa6a20c0ac7b20c9965c116,0,2,1,1,linux,BFC
5182f26f6f7437213adac8290ac746336c7709da,1,0,1,1,linux,BFC
43a08e0f58b3f236165029710a4e3b303815253b,0,4,6,1,linux,BFC
bb0f4aab0e7677e91cde443fecc18e71fbb85038,64,20,64,6,linux,BIC
59a126aa3113fc23f03fedcafe3705f1de5aff50,0,0,1,1,linux,BFC
54104ee023333e3bd8062ff1cbc312ea4c5bf733,240,0,0,1,linux,BIC
05c49e6bc1e8866ecfd674ebeeb58cdbff9145c2,4,0,0,1,linux,BFC
1aace10f41adf1080d1cc54de9b3db98b8b8b0fb,0,0,1,1,linux,BFC
1a00c962f9cd0095a2759225ac25061218e99e78,908,0,0,1,linux,BIC
8a945edd183d296cd1125a2724fb0f3c77d8e9b3,0,3,0,2,linux,BFC
a982e45dc150da3a08907b6dd676b735391704b4,0,11,1,1,linux,BIC
824a7e8863b3eb283343f891b11a782b4ec0d0de,0,1,0,1,linux,BIC
d85234994b2fb2d88fadd3d9e60385b02b244dac,353,0,0,2,linux,BIC
d9a9855d0b06ca6d6cc92596fedcc03f8512e062,0,2,2,2,linux,BIC
adb5680b8dfdd09756f13450bfc1ed874d895935,0,0,1,1,linux,BFC
ad43a647bcdb654f9eecd7846f80914765fed266,0,0,1,1,linux,BFC
cac5c44c48c9fb9cc31bea15ebd9ef0c6462314f,9,0,3,1,linux,BFC
0094368e3bb97a710ce163f9c06d290c1c308621,18,0,4,2,linux,BFC
1c15b4f2a42ff6697767c22c8ff5f9bcc22fdbe5,15,1,15,8,linux,BIC
e735fd55b94bb48363737db3b1d57627c1a16b47,2,2,1,1,linux,BFC
4eb01535886644d79a58fe652e0782a194bc3402,0,1,3,1,linux,BFC
2ee13be34b135957733b84ef5f7bd30c80ec3c42,13,0,15,1,linux,BIC
375df5f8c1812c59930cfed14ff4cc15929c8f2f,10,0,0,2,linux,BFC
e44c153b30c9a0580fc2b5a93f3c6d593def2278,0,1,2,1,linux,BFC
c2eecefec5df1306eafce28ccdf1ca159a552ecc,1,2,1,1,linux,BFC
b8e5eb960b28bc120b03f174dfa3ac1e32e1d10f,36,10,3,3,linux,BIC
d6e41f1151feeb118eee776c09323aceb4a415d9,34,0,3,2,linux,BIC
357fb60502ede168fa1b76b996298e0045e24b59,165,0,1,2,linux,BIC
af6514f2f3828dc39c96cd4686ef5c9d8368626f,16,0,2,1,linux,BFC
78034f5fdd622520eb843301cf35ce6c626543a7,3,0,1,2,linux,BFC
fbf805bf1fcd125461541a171194f9dcdb2732d7,0,0,1,1,linux,BFC
9279c00fa40250e5cb23a8423dce7dbc6516a0ea,44,0,1,1,linux,BFC
eee5d6f1356a016105a974fb176b491288439efa,8,1,1,1,linux,BFC
c277ca155d2f0028a5c79708426d3f79b54a5fc1,5,0,17,5,linux,BFC
50c25ee97cf6ab011542167ab590c17012cea4ed,12,2,14,3,linux,BFC
06d05463ee337e85e42c6073b6f2f46fbfb05b96,4,0,0,1,linux,BFC
7d761119a914ec0ac05ec2a5378d1f86e680967d,5,0,1,2,linux,BFC
349ad66c0ab0b387afd49e840dbf753ef54cc5d4,557,0,0,1,linux,BIC
2bd160a131ac617fc2441bfb4a02964c964a5da6,140,168,28,3,linux,BIC
97fdaab4699de3a2a91001efef60bb0622de1c53,0,0,1,1,linux,BFC
82e0516ce3a147365a5dd2a9bedd5ba43a18663d,0,1,0,1,linux,BFC
45bb006d3c924b1201ed43c87a96b437662dcaa8,4,0,1,2,linux,BFC
3d0b93d92a2790337aa9d18cb332d02356a24126,0,0,1,1,linux,BFC
e18bcccd1a4ecb41e99678e002ef833586185bf1,64,4,43,4,linux,BIC
b1d25e6ee57c2605845595b6c61340d734253eb3,2,0,0,1,linux,BFC
74522a92bbf003111852d77f1a95d961c1de7baf,49,27,2,1,linux,BIC
fd6db2892ebaa1383a93b4a609c65b96e615510a,11,0,8,1,linux,BIC
949b452f9cfef17e78055239f978d95ba729eee1,0,115,0,1,linux,BFC
a554d207dc46b205dcd707888ba31b13c7cfc009,24,0,0,2,linux,BIC
7ada3787e91c89b0aa7abf47682e8e587b855c13,6,0,1,2,linux,BFC
cc3ddee97cff034cea4d095de4a484c92a219bf5,2,0,7,1,linux,BFC
2dcd851fe4b4fe60c2f8520bf7668d7e9b2dd76b,9,4,12,1,linux,BIC
879659bb87a87a7a23b190e211d33bdd6763c746,0,2,0,1,linux,BFC
c62ec4610c40bcc44f2d3d5ed1c312737279e2f3,1,2,2,1,linux,BIC
e60304f8cb7bb545e79fe62d9b9762460c254ec2,76,0,0,2,linux,BIC
2e86222c67bb5d942da68e8415749b32db208534,1,0,2,1,linux,BFC
8def0be82dd1507bcdc5fd35d12e35ace1e39dff,9,1,20,1,linux,BIC
cca2c6aebe86f68103a8615074b3578e854b5016,8,9,2,1,linux,BFC
3e19ce762b537dd9aeefdd0849ba5f2f01ff83cf,67,0,0,2,linux,BIC
b15bfa4df63529150df9ff0585675f728436e0c1,3,0,6,1,linux,BFC
6992effe5344ceba1c53fd1a062df57e820b27cd,7,0,4,1,linux,BIC
e23f568aa63f64cd6b355094224cc9356c0f696b,1,1,2,2,linux,BFC
bf9a95f9a6481bc6ec98ef7b328c14177eeb3492,7,14,26,5,linux,BIC
a030501499b032bd218e1d01c07677bab6a0d53f,5,0,2,1,linux,BFC
019a7e6b7b312b17cd74b45d09d4ec17486c4088,40,0,7,1,linux,BIC
671cb8cbb9c9e24b681d21b1bfae991e2386ac73,71,0,0,3,linux,BFC
e2d88f9ce678cd33763826ae2f0412f181251314,0,0,3,1,linux,BFC
fec94445db7777c65b0a681b8dc0ed2532304d2a,3,0,0,1,linux,BFC
ea4bd995b0f2fc5677ff8085e92a5d2544b9937c,28,9,7,3,linux,BIC
59b179b48ce2a6076448a44531242ac2b3f6cef2,6,0,1,1,linux,BFC
c7dfe3abf40ec9a298884a4c0775062eac27afc9,12,0,1,1,linux,BIC
45a0faaba9c8c5ba1e31a08a391aed0bad327167,15,0,3,1,linux,BFC
6e5224224faa50ec4c8949dcefadf895e565f0d1,0,0,1,1,linux,BFC
230ebaa189af44d50dccb4a1846e39ca594e347b,162,0,7,2,linux,BIC
a74d187c2df3a382b8ab6227da34cba690e71e4d,14,0,9,1,linux,BIC
b6a4ac24c14be1247b0fd896737a01b8fa121318,13,13,1,1,linux,BFC
3ecb3b794e2c1793443b72a968cb09d829c01a10,216,0,0,3,linux,BIC
dbc44edbf8338d27639214be07fe7ab4f8a903e0,14,0,9,1,linux,BIC
8b37bc277fb459fa100808880a9d4e0641fff444,4,0,2,1,linux,BFC
6d4f5440a3a2bb2e9d0d582bbf98234e9e9bb095,43,0,1,1,linux,BIC
d9e8b929670b4f79e07cdbcb0fb4f162a561d5c6,31,40,0,5,linux,BIC
e1edbd44e23b4119161fe4accc967878bae93831,8,0,2,1,linux,BIC
9657aaa2055d0f7a5bce8020c35cdf66947f10b4,3,3,0,1,linux,BFC
e19cd282ebedb801e572efae5df2f88d573932ce,0,0,2,1,linux,BFC
ce3ed59dcddd6f4088018bf86f7630e079aa2bbd,459,0,0,1,linux,BIC
b0aa75f0b1b2e6bc77128fab36c8ed87e84917cc,140,0,2,2,linux,BIC
45fcef8b727b6f171bc5443e8153181a367d7a15,11,0,4,1,linux,BFC
438b6c20e6161a1a7542490baa093c86732f77d6,0,3,3,1,linux,BFC
15de8c6efd0effef3a5226bd5ab7f101c9f4948f,239,152,50,5,linux,BIC
f4904815f97a934258445a8f763f6b6c48f007e7,0,8,0,1,linux,BFC
f0308fb0708078d6c1d8a4d533941a7a191af634,3,0,0,1,linux,BIC
8743db4a9acfd51f805ac0c87bcaae92c42d1061,8,0,0,1,linux,BFC
339c9b63cc7ce779ce45c675bf709cb58b807fc3,0,0,1,1,linux,BFC
79764ec772bc1346441ae1c4b1f3bd1991d634e8,7,10,13,3,linux,BFC
958c492c55bff6fa0b3430e9824dc83597c88aa6,0,0,1,1,linux,BFC
8940e6b669ca1196ce0a0549c819078096390f76,13,0,7,2,linux,BFC
29bbf5d7f5efe84f94bc66c6c24614f812a95f62,13,5,25,8,linux,BFC
504582e8e40b90b8f8c58783e2d1e4f6a2b71a3a,15,6,19,2,linux,BFC
dbaf0624ffa57ae6e7d87a823185ccd9a7852d3c,1859,0,0,6,linux,BIC
7350cdd0257e73a37df57253fb9decd8effacd37,5,0,11,2,linux,BFC
ca7609ff3680c51d6c29897f3117aa2ad904f92a,13,0,0,1,linux,BFC
fae6f62e6a580b663ecf42c2120a0898deae9137,12,1,13,1,linux,BFC
26ae419cd9eca4268c267a1910bdac4ae6ef4896,13,0,0,1,linux,BFC
30b0463a9394d9e41596e96def5461fe33222f13,1,1,19,1,linux,BIC
e894075934a44ef66413fd1046808542011d8552,0,20,0,1,linux,BFC
5f74f82ea34c0da80ea0b49192bb5ea06e063593,13,0,2,4,linux,BIC
a3e860a83397bf761ec1128a3f0ba186445992c6,0,4,0,1,linux,BFC
442aba78728e77e03172ba83e905b9aff96febcf,2189,0,0,4,linux,BIC
27171ae6a0fdc75571e5bf3d0961631a1e4fb765,5,0,0,2,linux,BFC
ecf99a439105ebd0a507af1a9cd901a2e166bf9a,348,0,3,2,linux,BIC
4d5422a309deecec906c491f8aea77593a46321d,8,0,0,1,linux,BIC
70790dbe3f6651fb66ad38da0a1e24368778bc16,41,5,40,4,linux,BIC
0597ca7b43e41c509bd0feb143bdfb7278496397,0,16,3,1,linux,BIC
99d469fc64d06f0c81c0fe2a1c01645a67e0cbf0,0,0,1,1,linux,BFC
3b3eed8eec47259939ee6c3d58aea1c311ddee3b,1,0,1,1,linux,BFC
e8ba330ac0c55004e775eab53fa1e748e5d71bdb,72,0,2,6,linux,BIC
e5fd387ad5b30ca3971fbccb0735c843cdebf967,51,24,15,4,linux,BIC
83e1226b0ee2d7e3fb6e002fbbfc6ab36aabdc35,9,0,1,1,linux,BFC
9c3ddee1246411a3c9c39bfa5457e49579027f0c,0,0,2,1,linux,BFC
763e6366f3700e2f34a94e71bfec67dea7e37b68,0,0,2,1,linux,BFC
aff7ed4851680d0d28ad9f52cd2f99213e1371b2,6,0,2,1,linux,BFC
91fac0741d4817945c6ee0a17591421e7f5ecb86,5,0,2,2,linux,BFC
6b4cd9cba6208bd879e05ad7171f95bf9389bc98,151,41,55,2,linux,BIC
2c62e8492ed7358bbe7da51666c7e0f6da9474ee,20,0,3,2,linux,BFC
f44edd7b2bbeddef602fe84d3b175818024d7fce,85,70,4,1,linux,BIC
6905e5a5c8d552ace1d65cacb43499a0eb1e0b89,1,0,2,1,linux,BFC
0cec19c761e5cc8d6fa43df622791e941b7a8033,134,0,13,8,linux,BIC
1e381f60dad913625956ed3a9c5714d9fc7e865f,30,0,2,2,linux,BIC
527701eda5f196588df9b36a30651804fea7d1a7,31,0,0,2,linux,BIC
ac93ac7403493f8707b7734de9f40d5cb5db9045,0,2,0,1,linux,BFC
25e94139218c0293b4375233c14f2256d7dcfaa8,0,4,9,3,linux,BFC
e13433b4416fa31a24e621cbbbb39227a3d651dd,3,0,4,1,linux,BFC
17b4add0d4e01ec1eeb1d0c5fc96d4624d02fe54,4,0,5,1,linux,BIC
2ef02b846ee2526249a562a66d6dcb25fcbca9d8,0,9,1,1,linux,BFC
ab3964ad2acfbb0dc5414d4c86fa6d8d690f27a1,0,0,2,1,linux,BFC
d7c591bc1a3f23d605b43ac5b207e378d02b01ca,377,5,11,4,linux,BIC
aa6ee4ab69293969867ab09b57546d226ace3d7a,2,0,0,1,linux,BFC
00ea6e5fda9d2be1c6af50aa4ebdeecc3149a758,27,12,9,3,linux,BIC
aec8da04e4d71afdd4ab3025ea34a6517435f363,0,0,2,1,linux,BFC
c03567a8e8d5cf2aaca40e605c48f319dc2ead57,4,0,1,1,linux,BFC
213691c7e873206742b39751895d15b41a02b3d1,18,17,1,1,linux,BFC
9241e2df4fbc648a92ea0752918e05c26255649e,3,0,2,1,linux,BFC
1b8b68b05d1868404316d32e20782b00442aba90,2,0,2,1,linux,BFC
c37f45b5f1cdfcdc351d88950b32658c970582ca,14,0,4,1,linux,BIC
ea85bf906466191b58532bb19f4fbb4591f0a77e,4,0,1,1,linux,BFC
68c8d209cd4337da4fa04c672f0b62bb735969bc,3,0,1,1,linux,BFC
bbc55341b9c67645d1a5471506370caf7dd4a203,3,0,0,1,linux,BFC
7ee951acd31a88f941fd6535fbdee3a1567f1d63,18,0,18,3,linux,BIC
d68c2e1d19c540464ad12a8a11bdd88eedcaf3dc,0,0,2,1,linux,BFC
233c1955835bd8649003be9bb3d8e79788b08be1,11,11,0,3,linux,BIC
361f3803adfea1714de6da0af92854a0ac44a07c,11,18,64,1,linux,BIC
d7a5b3e9e42ee95190742fef0d617bbde4f74d80,0,0,4,3,linux,BIC
43df81d324cdd7056ad0ce3df709aff8dce856b7,0,0,2,1,linux,BFC
1bd14a66ee5200d6a24419cbd2e0a0fccd4da36f,0,4,7,1,linux,BIC
7f2e29e133ea981d90fb6ee8f5fadf8b0e2bb366,0,0,1,1,linux,BFC
23461551c00628c3f3fe9cf837bf53cf8f212b63,311,0,0,2,linux,BIC
1a14e3779dd58c16b30e56558146e5cc850ba8b0,1,0,1,1,linux,BFC
27d53323664c549b5bb2dfaaf6f7ad6e0376a64e,1,4,0,1,linux,BFC
b827c84f5e845aa10d218f89b6eb67ee9c2e79a1,13,54,22,4,linux,BIC
4e8748fcaeec073e3ba794871ce86c545e4f961f,3,0,4,1,linux,BFC
52d52d1c98a90cfe860b83498e4b6074aad95c15,5,5,6,2,linux,BIC
a8bc4f5e7a72e4067f5afd7e98b61624231713ca,4,0,2,1,linux,BFC
0a82e230c68860b7286dad8644d9d9f7cfd755d2,1,0,1,1,linux,BFC
8f917bba0042f1e3b7693743fbe9782709e936e7,8,0,2,2,linux,BIC
fe2c3b1fc64ea0c7a5b2ca2f671b4572ff99baf8,3,0,1,1,linux,BFC
3dcfb397dad2ad55bf50de3c5d5a57090d35a18a,69,44,23,1,linux,BIC
72d447113bb751ded97b2e2c38f886e4a4139082,1,0,3,1,linux,BFC
8564e38206de2ff005a27c8d7c2ce3869a44f0dd,42,1,12,3,linux,BIC
77f18a87186a87cab2a027335758a7244896084c,0,0,3,1,linux,BFC
70db5b04cbe19e5ae7e85ada2d3e82bcfdf90352,5,0,6,1,linux,BFC
42116705a7b17ddc321b6e9999b8df2dc967c357,4,4,4,1,linux,BFC
58d124ea2739e1440ddd743d46c470fe724aca9a,96,10,13,4,linux,BIC
e4b8700e07a86e8eab6916aa5c5ba99042c34089,0,0,1,1,linux,BFC
1cab5bd69eb1f995ced2d7576cb15f8a8941fd85,0,0,1,1,linux,BFC
517c4c44b32372d2fdf4421822e21083c45e89f9,351,0,0,1,linux,BIC
63b2c373137b16d948b08cffacc6abfcf4cffea6,0,0,5,1,linux,BFC
70ef835c84b3b88e274a53bf80a70940ae178a91,142,0,2,4,linux,BIC
56445eef55cb5904096fed7a73cf87b755dfffc7,0,0,1,1,linux,BFC
08da09f028043fed9653331ae75bc310411f72e6,16,0,0,1,linux,BFC
03c4cd6f89e074a51e289eb9129ac646f0f2bd29,0,0,1,1,linux,BFC
9119fba0cfeda6d415c9f068df66838a104b87cb,4,0,0,1,linux,BIC
aecd36b8a16b2302b33f49ba3fa24c955f1e32f7,3,0,9,1,linux,BFC
b87b04f5019e821c8c6c7761f258402e43500a1f,13,0,1,1,linux,BFC
8c75593c6eee0f661ddf25dfde0e6ad2a84be7a9,20,0,7,2,linux,BFC
9411ac07cd764be34bbd7ff09125a6b7b9175d4c,7,0,6,2,linux,BFC
1379edd5967346a1fa79b8dc3e9ca261576c6bc9,14,0,1,1,linux,BIC
79f687a3de9e3ba2518b4ea33f38ca6cbe9133eb,0,11,2,1,linux,BFC
7a44644c9379eb1bbb03ce8054a0b0179f470146,11,58,0,7,linux,BIC
22cbdbcfb61acc78d5fc21ebb13ccc0d7e29f793,0,0,1,1,linux,BFC
300aaeeaab5f447fcf40e911afe96df3de28f0db,85,0,10,3,linux,BIC
25348160e9a444d64f589a8106bc06549934223e,410,0,1,3,linux,BIC
3c0d9c635ae2b2c6416928271a452017b60e3f98,424,0,0,1,linux,BIC
a18a579e5f84daa74f64b1f1b652b4a6a8d6f8b4,2,0,1,1,linux,BFC
44a63b137f7b6e4c7bd6c9cc21615941cb36509d,4,2,2,2,linux,BFC
ffa0b64e3be58519ae472ea29a1a1ad681e32f48,4,0,1,1,linux,BIC
9ee35e4c6f42e792974872ee1ec4115718ce05bc,0,0,10,1,linux,BFC
142781e108b13b2b0e8f035cfb5bfbbc8f14d887,209,0,0,2,linux,BIC
1a829ff2a6c37187ff8020488e84ec392cb94854,0,50,11,6,linux,BIC
0af83abbd4a6e36a4b209d8c57c26143e40eeec1,0,0,1,1,linux,BFC
1211ee61b4a8e60d6dc77211cdcf01906915bfba,142,0,0,3,linux,BIC
04c26faa51d1e2fe71cf13c45791f5174c37f986,6,0,0,3,linux,BFC
7d98404c8162b7f1d1b22eccce92f5ee7f93cab8,0,0,1,1,linux,BFC
3b4711757d7903ab6fa88a9e7ab8901b8227da60,0,0,1,1,linux,BFC
cb8435dc8ba33bcafa41cf2aa253794320a3b8df,1,0,0,1,linux,BFC
5da116f164ce265e397b8f59af5c39e4a61d61a5,0,3,0,1,linux,BFC
a11d055e7a64ac34a5e99b6fe731299449cbcd58,203,0,0,1,linux,BIC
7f84ff68be05ec7a5d2acf8fdc734fe5897af48f,2,0,7,1,linux,BIC
07603b230895a74ebb1e2a1231ac45c29c2a8cd3,18,6,10,2,linux,BIC
98aaaec4a150c39219a8aaa68c3adc6eed443ea8,135,151,8,5,linux,BIC
25bbfb930716390405770bb79f0d348ef93c5a7c,0,23,1,1,linux,BFC
86e1d5adcef961eb383ce4eacbe0ef22f06e2045,1,0,0,1,linux,BFC
4d31f30148cea6e97e42616231eed55295117fe7,5,4,1,1,linux,BFC
5182c2cf2a9bfb7f066ef0bdd2bb6330b94dd74e,2,0,1,1,linux,BFC
ee527cd3a20c2aeaac17d939e5d011f7a76d69f5,90,63,37,2,linux,BIC
fea69916360468e364a4988db25a5afa835f3406,4,0,2,1,linux,BFC
2e3216cd54b142ba605e87522e15f42e0c4e3996,37,16,17,6,linux,BIC
3e4006f0b86a5ae5eb0e8215f9a9e1db24506977,2,0,0,1,linux,BFC
b1ae6dc41eaaa98bb75671e0f3665bfda248c3e7,304,0,11,4,linux,BIC
f9cb8d8d836e155f361c3f1bbe0802ae1f98a17e,23,32,12,7,linux,BIC
886bbcc7a523b8d4fac60f1015d2e0fcad50db82,5,0,3,1,linux,BFC
0d7f2459ae926a964ab211aac413d72074131727,0,0,2,1,linux,BFC
5c492c3f5255bd34f7ff8867515ecf98dcba2a2e,30,0,0,2,linux,BIC
186cd4d4e4144803652212eb0b7413141469feee,144,1,13,1,linux,BIC
a9075cdb467dd3b01b57f8786e6ea1eca05a76b4,8,26,19,1,linux,BIC
c44b4c6ab80eef3a9c52c7b3f0c632942e6489aa,2,3,11,2,linux,BIC
431339ba90423a038914c6032bfd71f0ba7ef2f2,210,0,0,1,linux,BIC
cbffaf7aa09edbaea2bc7dc440c945297095e2fd,6,7,27,1,linux,BIC
811e66de2241e249bad03a9e9681d3ac68b07ec3,91,18,17,1,linux,BIC
48bb9eb47b2708bd3ded16684ddd258e53bd402c,653,0,9,1,linux,BIC
7c6f2a86ca590d5187a073d987e9599985fb1c7c,0,0,1,1,linux,BFC
4bb2b8f94ace32c1e0d94a7dc9f881c44c3a71b8,12,13,0,1,linux,BIC
4b43f31d65dac587dae09ee27a48fd68a0cfd8c2,3,0,0,1,linux,BFC
1adfc5e4136f5967d591c399aff95b3b035f16b7,11,1,2,3,linux,BFC
60d3fd32a7a9da4c8c93a9f89cfda22a0b4c65ce,388,0,36,4,linux,BIC
aac1e3c9680b47e1bdadeea22bda3da3de6399b0,1,0,0,1,linux,BIC
08dff274edda54310d6f1cf27b62fddf0f8d146e,2,0,1,1,linux,BIC
56cc2406d68c0f09505c389e276f27a99f495cbd,26,0,14,2,linux,BFC
d64696905554e919321e31afc210606653b8f6a4,8,3,13,9,linux,BIC
73534617dfa3c4cd95fe5ffaeff5315e9ffc2de6,1,0,2,1,linux,BFC
9ad1927a3bc2735996ccc74e31b68a41ae9a3d33,8,1,1,1,linux,BIC
51bfb1d11d6daf095addf9fe8471c20992caae0b,1,0,0,1,linux,BFC
5ac5c3bcf57419d0aa3f53b12b8c07599a13fdcc,0,0,2,1,linux,BFC
58cbbee2391ce3876e6eee80a4f2a7f025859c52,266,0,0,1,linux,BIC
43d7238fb9ac897b29912368b3359e72bae469c4,178,0,0,1,linux,BIC
6fcd5ddc3b1467b3586972ef785d0d926ae4cdf4,0,0,1,1,linux,BFC
196073f9c44be0b4758ead11e51bc2875f98df29,0,1,0,1,linux,BFC
18c98573a4cf2dc183cd884cec23869ba0c9fc1b,4,0,5,1,linux,BIC
1b8a7d4282c038b3846f2485d86cb990c55c38d9,0,0,1,1,linux,BIC
1ab7f2a43558b3fbc6bfbb8fd289dd34b1e0ef82,489,0,0,1,linux,BIC
33644b95eb342201511fc951d8fcd10362bd435b,7,0,10,1,linux,BFC
06ace7a9bafeb9047352707eb79e8eaa0dfdf5f2,61,217,224,22,linux,BIC
82274d075536322368ce710b211c41c37c4740b9,12,0,6,1,linux,BFC
e7ea7c9806a2681807257ea89085339d33f7fa0b,6,1,1,1,linux,BIC
e0a4b99773d3d8d3fb40087805f8fd858a23e582,20,10,20,3,linux,BIC
cc1676d917f32504dbadc858fa790bc524c9f0da,44,20,1,2,linux,BIC
a43eec304259a6c637f4014a6d4767159b6a3aa3,61,0,1,5,linux,BIC
60cf5e101fd4441ab112a81e88726efb6fd7542c,240,0,0,2,linux,BIC
d297933cc7fcfbaaf2d37570baac73287bf0357d,0,0,2,1,linux,BIC
5e854864ee4384736f27a986633bae21731a4e4e,5,0,1,1,linux,BFC
cea9ba7239dcc84175041174304c6cdeae3226e5,0,0,1,1,linux,BFC
93c2e105f6bcee231c951ba0e56e84505c4b0483,128,0,8,2,linux,BIC
63ce271b5e377deaddace4bac6dafb6e79d2bee4,0,8,1,2,linux,BIC
a531975279f3e5dd7323da09077ec848067bb313,745,0,0,1,linux,BIC
fcf5036f09694d09d946c0455f329894a6482a4d,0,0,3,1,linux,BFC
edffc70f505abdab885f4b4212438b4298dec78f,0,0,1,1,linux,BFC
11b1f8288d4341af5d755281c871bff6c3e270dd,17,0,0,1,linux,BFC
ccb5ecdc2ddeaff744ee075b54cdff8a689e8fa7,49,2,15,1,linux,BFC
193bcb7b3719a315814dce40fc8dcd1af786ea64,0,78,15,1,linux,BIC
52608ba20546139dc76cca8a46c1d901455d5450,27,0,1,2,linux,BIC
6d965885f4ea82f916d31f17f67b2ad771bdabac,58,0,0,1,linux,BIC
84fe2cab48590e4373978e4ef2031c977de98995,0,87,16,3,linux,BIC
f6d061d617124abbd55396a3bc37b9bf7d33233c,2,0,0,1,linux,BFC
e8123bb74c4ef05027e64124f214b8f01dd13352,103,0,1,4,linux,BIC
9cf637473c8535b5abe27fee79254c2d552e042a,42,0,0,4,linux,BIC
e2af8b6b0ca1f55e9b2c8a034c352c56ae054066,62,15,4,1,linux,BIC
852e1b3644817f071427b83859b889c788a0cf69,55,26,0,2,linux,BFC
edda32dabedb01f98b9d7b9a4492c13357834bbe,55,17,35,4,linux,BFC
bd3c628f8fafa6cbd6a1ca440034b841f0080160,0,0,4,1,linux,BFC
f7b8488bd39ae8feced4dfbb41cf1431277b893f,4,0,0,1,linux,BFC
52d3967704aea6cb316d419a33a5e1d56d33a3c1,65,47,29,3,linux,BFC
2b4e3ad8f5790cae6e0356c5fc200588bd2c915c,1,0,2,1,linux,BIC
cdf7abc4610a7f1c43d06cda246c5f748a4fd267,1,1,5,2,linux,BFC
35df59d3ef693292840a61cdb04b39d8c9412f4e,33,0,36,1,linux,BIC
24990423267ec283b9d86f07f362b753eb9b0ed5,3,0,0,1,linux,BFC
cc0b88cf5ecf13cdd750f08e201ce8fadcdb601f,2722,0,0,2,linux,BIC
8508f4cba308f785b2fd4b8c38849c117b407297,1,0,0,1,linux,BIC
914d9b2711ddb86c3480cbdac74a55b453e491bc,1,28,13,1,linux,BIC
50e98924d72dc730fe1f1646977205adf608dccd,0,0,1,1,linux,BFC
bad7cc19f2d7c4aafd185ad5ee29082385449355,0,0,2,1,linux,BFC
fad90e43eac0434108af18e326e179d1b5153135,16,0,10,3,linux,BFC
e4f5cb1a9b27c0f94ef4f5a0178a3fde2d3d0e9e,0,0,10,3,linux,BFC
380feae0def7e6a115124a3219c3ec9b654dca32,14,0,0,1,linux,BIC
c8485e4d634f6df155040293928707f127f0d06d,9,12,25,3,linux,BIC
5f7377147ce0b5d521c0ee2aab2ec3ead51297db,0,9,2,1,linux,BFC
95913d97914f44db2b81271c2e2ebd4d2ac2df83,1,0,7,2,linux,BFC
217fd6f625af591e2866bebb8cda778cf85bea2e,14,0,5,1,linux,BFC
210cc5f9db7a5c66b7ca6290b7d35cc7db7e9dbd,411,0,0,3,linux,BIC
de0f49487db3667f5204dcec6d3482c9bd1a0a30,77,0,0,1,linux,BIC
bb002388901151fe35b6697ab116f6ed0721a9ed,0,0,2,1,linux,BFC
0c250c150c74a90db298bf2a8bcd0a1dabed2e2f,21,1,2,3,linux,BFC
a974862faee199cba3ff36b5a148df5fd34bd1e7,0,2,5,1,linux,BFC
60cf09e45fbcbbbb3162f02e0923a25ae7f5627e,37,0,1,1,linux,BIC
a351e40b6de550049423a26f7ded7b639e363d89,4,1,0,1,linux,BFC
0c0e37dc11671384e53ba6ede53a4d91162a2cc5,2,0,2,1,linux,BFC
8bcac4011ebe0dbdd46fd55b036ee855c95702d3,333,0,0,1,linux,BIC
283c05f66dcaecb0c6d5c55dd7e4dab5c631dd92,1,19,1,2,linux,BFC
6dd21ad81bf96478db3403b1bbe251c0612d0431,0,8,4,3,linux,BFC
821f1b21cabb46827ce39ddf82e2789680b5042a,51,0,2,8,linux,BIC
e99812e1382f0bfb6149393262bc70645c9f537a,6,0,2,1,linux,BFC
9e30251fb22eccaf2199cdfdc02c90459f83bea7,143,3,12,1,linux,BIC
8bcad07a45637fb88e799466e4eee83859e8ffd3,0,0,4,1,linux,BFC
2172076d2399660a1f49ee5a228ebcb56a2c3544,0,0,1,1,linux,BIC
0fc8c3581dd42bc8f530314ca86db2d861485731,4,0,1,1,linux,BFC
30a70b026b4cde4e51989661ff3bd0ede08d9646,0,2,0,1,linux,BIC
c7ff651960a6ef11cef55479658aff504c34872f,0,0,1,1,linux,BFC
313ce648b5a4ac8ceed63a36570126b7684165a0,15,0,2,1,linux,BIC
bfc36894a48b996eba7e02d8e43093a289c1fb91,126,0,1,3,linux,BIC
76e55d938c5bfd2b28ee868fe071181cce5353ad,0,0,14,1,linux,BFC
ff3f0789b3dc37869b8c45e023f01f9dca0cdd8f,1,0,131,3,linux,BIC
cfbb8a84c2d2ef49bccacb511002bca4f6053555,8,0,0,1,linux,BFC
3512a18cbd8d09e22a790540cb9624c3c49827ba,0,0,3,1,linux,BFC
6e9ae6d560e1a60113ef2a4d27eeb4931048b674,5,43,32,1,linux,BIC
a03bb00e50ab4c07107da58a52a0bff7943f360c,425,0,0,1,linux,BIC
848ffce2f0c93f3481052340a919123a21f808b6,4,0,1,1,linux,BFC
736c291c9f36b07f8889c61764c28edce20e715d,19,3,75,8,linux,BIC
399574c64eaf94e82b7cf056978d7e68748c0f1d,42,0,3,2,linux,BIC
41be53e94fb04cc69fdf2f524c2a05d8069e047b,2,0,1,1,linux,BIC
8d809c15acf23bb2863ec08578ab72de860b3abc,29,0,2,2,linux,BIC
abd9d66a055722393d33685214c08386694871d7,20,0,15,2,linux,BFC
3a00c04212d1cfe1426338b78f4ead623508c874,6,0,3,1,linux,BIC
b3adde03ba39e730178f6da01229f6f97a9919e8,1,0,2,1,linux,BFC
e0aa67709f89d08c8d8e5bdd9e0b649df61d0090,0,0,2,1,linux,BFC
736dfe4e68b868829a1e89dfef4a44c1580d4478,1,0,1,1,linux,BFC
b00e667a6d8b2b0f53098ec12ff1ffe7f7c9be20,33,8,4,1,linux,BIC
35d0565b95547ec12d025dc9b1394f22968d113d,1,0,1,1,linux,BFC
4d213e76a359e540ca786ee937da7f35faa8e5f8,1,4,2,3,linux,BFC
498fe23aad8e3b5a9554f55719c537603b4476ea,1,0,0,1,linux,BFC
cd33b3e0da43522ff8e8f2b2b71d3d08298512b0,17,0,2,1,linux,BFC
12f7a505331e6b2754684b509f2ac8f0011ce644,803,0,26,9,linux,BIC
f170396c14243d307e2f479af142fd7356b3bd2a,0,0,2,1,linux,BFC
c5709d37693b72761d866cb1cd556093a6607c80,0,0,2,1,linux,BFC
70034320fdc597b8f58b4a43bb547f17c4c5557a,11,0,3,1,linux,BFC
e71ff982ae4c17d176e9f0132157d54973788377,9,0,1,1,linux,BFC
137e4e1ab7b3145364b01d2a260ca46672765865,9,0,6,1,linux,BFC
d3c1cfcdb43e023ab1b1c7a555cd9e929026500a,38,1,33,10,linux,BIC
2de791ab4918969d8108f15238a701968375f235,0,9,3,3,linux,BFC
25a9da6641f1f66006e93ddbefee13a437efa8c0,0,0,1,1,linux,BFC
e2d800a3ce1b16a9c25fc6ca91f26df5509ca11d,4,2,7,1,linux,BFC
c5c08bed843c2b2c048c16d1296d7631d7c1620e,4,0,0,1,linux,BFC
db4f1be3ca9b0ef7330763d07bf4ace83ad6f913,33,0,6,3,linux,BFC
9051d629dbf7a998a40f7eac65a9512b01bc3bb8,3,0,0,1,linux,BFC
f2aad54703dbe630f9d8b235eb58e8c8cc78f37d,0,0,1,1,linux,BFC
642c5d34da53d8e9d4cdaee3cc48e9d85bca5b67,10,33,25,1,linux,BIC
e1a97bf80a022cdd7a5746a7de8e19f02203d112,71,0,3,2,linux,BIC
2b31277af577b1b2da62c3ad7d3315b422869102,194,145,7,3,linux,BIC
012e50e109fd27ff989492ad74c50ca7ab21e6a1,37,0,0,1,linux,BIC
1d864f1088bbcf7f6ffa83053dcc8684a1a436cb,0,0,1,1,linux,BFC
2b5a921740a55c00223a797d075b9c77c42cb171,22,19,4,1,linux,BFC
cdeef2b1528b6faa7a7e60de7a56c48bc6838ae6,12,4,7,3,linux,BFC
36c8fb2c616d9373758b155d9723774353067a87,4,0,1,1,linux,BFC
5caaf29af5ca82d5da8bc1d0ad07d9e664ccf1d8,0,0,1,1,linux,BFC
821b67fa46390baea0ac5139a60eaa48805261b2,119,0,0,2,linux,BIC
959d2952d124f06d90d2874ac4a0edb07e26eee3,39,26,0,2,linux,BIC
ed0de45a1008991fdaa27a0152befcb74d126a8b,8,0,1,1,linux,BIC
9c337073d9d81a145434b22f42dc3128ecd17730,0,0,1,1,linux,BFC
8aef18845266f5c05904c610088f2d1ed58f6be3,11,3,5,1,linux,BIC
c5d94169e8189d02dfbd6143411908357865d777,22,88,147,2,linux,BIC
ccb1c31a7a8744cd153a7d92b726a56b56ad61d3,10,0,7,4,linux,BIC
e96998fc200867f005dd14c7d1dd35e1107d4914,0,0,1,1,linux,BFC
626b598aa8becc95ad1c56e721c90ddfc6a8c409,0,0,1,1,linux,BFC
86e78995c93ee182433f965babfccd48417d4dcf,0,0,1,1,linux,BFC
a6aacb2b26e85aa619cf0c6f98d0ca77314cd2a1,0,1,1,1,linux,BFC
cf736ea6f902c26e03895dc7f5ccbc55cdc68e6e,0,0,4,1,linux,BIC
7dee5d7747a69aa2be41f04c6a7ecfe3ac8cdf18,0,0,2,1,linux,BFC
35bc10b2eafbb701064b94f283b77c54d3304842,15,0,4,2,linux,BIC
6f002b02166cc037025c0d1600a0e638a82145ac,45,1,92,13,linux,BIC
080b6f40763565f65ebb9540219c71ce885cf568,0,6,1,3,linux,BFC
c7b34b51bbac6ab64e873f6c9bd43564a7442e33,14,0,4,1,linux,BFC
81c93798ef3ebd2109dc24371db3cc14cdf77777,23,0,0,1,linux,BIC
7a2a84518cfb263d2c4171b3d63671f88316adb2,2,2,0,1,linux,BFC
432161ea26d6d5e5c3f7306d9407d26ed1e1953e,2,0,0,1,linux,BFC
8d67743653dce5a0e7aa500fcccb237cde7ad88e,0,0,2,1,linux,BFC
6452c544fbab3030f81229d677c15b9e52d0d934,0,1,1,1,linux,BFC
939b20022765bc338b0f72cbf1eed60a907398d7,10,0,1,1,linux,BFC
614ee07acfbb55f2debfc3223ffae97fee17ed14,0,0,1,1,linux,BFC
7e97cfed9929eaabc41829c395eb0d1350fccb9d,7,0,1,1,linux,BFC
0263bbb377af0c2d38bc8b2ad2ff147e240094de,8,0,1,2,linux,BFC
5d187c0454ef4c5e046a81af36882d4d515922ec,21,2,14,1,linux,BIC
fde7d22e01aa0d252fc5c95fa11f0dac35a4dd59,0,0,2,1,linux,BIC
647e82dbf85124697be59a4b4cf00c0d38177dcb,14,0,2,1,linux,BFC
02e6246f5364d5260a6ea6f92ab6f409058b162f,4,0,2,1,linux,BIC
30175628bf7f521e9ee31ac98fa6d6fe7441a556,55,0,0,1,linux,BIC
d6b9a81b2a45786384f5bd3516bd6ddfb4b772c6,97,0,0,2,linux,BIC
74710e05906c37da6b436386dc13c44dbe5d8308,0,0,1,1,linux,BFC
65812c6921cc849d86811147038dd246fa0ea18c,71,0,0,3,linux,BIC
e73c1486e4c867865fff1cfa0f0315a107ff4c21,2,0,2,1,linux,BFC
7a30ecc9237681bb125cbd30eee92bef7e86293d,1,0,0,1,linux,BFC
5165674ff5022d8a76f3147d75cab1fecd529497,7,0,0,1,linux,BFC
ff6bc37eb7f6e7b052e50c13a480e1080b3ec07a,54,0,11,2,linux,BIC
08b137d90eec51b0e90c42e123ca8ceb118d233f,0,7,0,1,linux,BFC
30791ac41927ebd3e75486f9504b6d2280463bf0,0,0,2,2,linux,BFC
c14ca8386539a298c1c19b003fe55e37d0f0e89c,3,0,0,1,linux,BFC
e7c5359f2eedf2ad3b1b586552d3b6dfa44c2a79,64,0,12,1,linux,BIC
de1d7b6a51dab546160d252e47baa54adf104d4a,4,0,0,1,linux,BFC
6e982aeae5779a67fc02c5f6873654c49af97e70,9,0,9,3,linux,BIC
97d3aa0f313435a24440e7157c9c9115c58ca463,36,0,8,1,linux,BIC
6377ed0bbae6fa28853e1679d068a9106c8a8908,1,0,2,1,linux,BFC
b41b554c1ee75070a14c02a88496b1f231c7eacc,4,7,3,3,linux,BIC
f119cc9818eb33b66e977ad3af75aef6500bbdc3,9,7,1,3,linux,BFC
ac5b70198adc25c73fba28de4f78adcee8f6be0b,7,0,2,1,linux,BFC
58106b7d816e1ddd7828df4f48a3ffc3df12d615,0,0,47,2,linux,BIC
baf64250b4a513bf4ac226fd938692dc1836f4f6,2,0,13,1,linux,BFC
a0ae2562c6c4b2721d9fddba63b7286c13517d9f,606,1016,24,13,linux,BIC
418c96ac151a16a5094a95d14252c92c1d47ec67,5,0,1,1,linux,BFC
6527f833bf3fa34ed53e10b8010760fff42169f0,1,1,3,1,linux,BFC
702204c22c53f94b2e25a3bdcda759cce7b26305,0,0,2,1,linux,BFC
fa3a7340eaa174a36c12c31747dc6eccd08530b5,48,0,0,1,linux,BIC
0a5239985a3bc084738851afdf3fceb7d5651b0c,10,1,12,5,linux,BFC
d1c95af366961101819f07e3c64d44f3be7f0367,3,0,0,1,linux,BFC
4f01b73e5adf5619d3e85a3c5845c89aad7a744d,0,0,1,1,linux,BFC
dc405152bb64d4ae01c9ac669de25b2d1fb6fc2d,184,0,2,8,linux,BIC
6e4862a5bb9d12be87e4ea5d9a60836ebed71d28,2,1,0,1,linux,BIC
1e5907bcb3a3b569be0a03ebe668bba2ed320a50,22,17,10,2,linux,BFC
9e365ff576b7c1623bbc5ef31ec652c533e2f65e,3,1,7,1,linux,BFC
b3e048720dee5641c522015d3f0ff0f0dc9cdc37,13,0,0,1,linux,BFC
865afb11949e5bf4bb32d9a2aa9867c1ac4d8da0,3,0,5,1,linux,BIC
fd6055a806edc4019be1b9fb7d25262599bca5b1,0,0,1,1,linux,BFC
87066173e34b0ca5d041d5519e6bb030b1958184,0,0,1,1,linux,BFC
70b2f993ea4a79c298aac4ec1c58089020536ba5,0,0,5,22,linux,BIC
52491a38b2c2411f3f0229dc6ad610349c704a41,20,2,46,4,linux,BFC
d04e779fb1dbeedf8a60b66d0d0048be4e65d366,0,0,1,1,linux,BFC
e267e71e68aeeb51cbb9893ef9d61a59205826c4,36,11,0,3,linux,BIC
ed4a6a7ca853253f9b86f3005d76345482a71283,202,16,42,6,linux,BIC
b8fc9f30821ec0ca018b3716fbed55ab6910a8f1,107,34,157,2,linux,BIC
f2e10bff16a0fdd41ba278c84da9813700e356af,235,6,18,9,linux,BIC
850fd2abbe02eb2b52cbb1550adbcc89b36d65de,3,0,0,1,linux,BFC
d0c20d38af135b2b4b90aa59df7878ef0c8fbef4,0,0,1,1,linux,BFC
a91a7c7096005113d8e749fd8dfdd3e1eecee263,1,1,3,2,linux,BIC
af4325ecc24f45933d5567e72227cff2c1594764,3,0,2,1,linux,BIC
b9baba861489041b37b54fc7ee0b0006b5327151,31,0,6,4,linux,BIC
83153d9f36e24978c6211d246cb6f532bf54e5dc,36,0,12,4,linux,BFC
6b997bab20448cfe85456e4789d5d9222ab6b830,1,0,0,1,linux,BFC
e81434995081fd7efb755fd75576b35dbb0850b1,0,0,1,1,linux,BFC
deecd4d71b12626db48544faa66bb897e2cafd07,24,0,1,1,linux,BFC
7041c57709efdc1e31aaff663cfe17f0b21f4743,1,0,0,1,linux,BFC
1768289b44bae847612751d418fc5c5e680b5e5c,3,0,0,1,linux,BFC
3265a7e6b41bae8608e7e91ac6798de5e5564164,0,0,1,1,linux,BIC
2377427cdd2b7514eb4c40241cf5c4dec63c1bec,1,0,0,1,linux,BFC
49716679248a0bf64d8914711b2d1ea48751853e,2,0,4,1,linux,BFC
78ec034966b5b1879782903945fd5560c9d3b264,0,1,1,1,linux,BFC
50d35aa8c15f7210fe76de64b1940100b588bcae,315,0,0,1,linux,BIC
fb763299bd8e075f1e9fb0a1cd296b0400fe8442,0,8,0,1,linux,BFC
e9c6da270aaae54fb67aeb5858c456f3beffa6d9,35,0,0,1,linux,BIC
a499b03bf36b0c2e3b958a381d828678ab0ffc5e,9,1,9,1,linux,BFC
6d79bd5bb6c79a9dba4842040c9adf39e7806330,17,0,0,1,linux,BFC
677379bc9139ac24b310a281fcb21a2f04288353,6,0,1,2,linux,BFC
f01642e4912bb80a01d693f4cc6fb0897207a090,24,0,44,3,linux,BIC
1d2fcdcf33339c7c8016243de0f7f31cf6845e8d,11,2,0,1,linux,BFC
46333cebe77883ff38be59c3e7200c5a5145d6ee,0,0,2,1,linux,BFC
6f7de19ed3d4d3526ca5eca428009f97cf969c2f,2,0,1,1,linux,BFC
98405f81036d64b4aec770df9850352c7d6e4db5,15,0,0,1,linux,BIC
0b1de5d58e1972a88cfa5d1ea709a7b16934783a,106,0,0,3,linux,BIC
dc47c0c1f8099fccb2c1e2f3775855066a9e4484,18,0,2,1,linux,BFC
62cea52ad4bead0ae4be2cfe1142eb0aae0e9fbd,4,4,0,1,linux,BFC
a338d5f8765f22e97421eb18a186a4af85d4efb2,0,0,4,1,linux,BFC
f8d54afc4c7a4c41deaa43fbcfffc2976094d342,3,0,1,1,linux,BFC
e937ee714b2df638275a61a99e0d033682f764d2,10,2,2,1,linux,BIC
c5710cd20735037ba9be0e95530f0d3795ce07e6,23,17,6,4,linux,BIC
86dbcd0f12e95df6a2cfe8bc883768946e68e2aa,4743,0,0,1,linux,BIC
a2537c98a8a3b57002e54a262d180b9490bc7190,6,0,2,1,linux,BFC
7a4408c6bd3eb1dafba67986259191be081e3efb,184,5,22,1,linux,BIC
0b7f644f52e81e2a653a353966933b47d01df9bb,1,0,0,1,linux,BFC
d2f5d3fa26196183adb44a413c44caa9872275b4,36,0,0,1,linux,BFC
4bcdec39c454c4e8f9512115bdcc3efec1ba5f55,36,1,5,1,linux,BFC
2a1d3ab8986d1b2f598ffc42351d94166fa0f022,102,24,17,2,linux,BIC
4775bc63f880001ee4fbd6456b12ab04674149e3,31,0,1,3,linux,BIC
6dfdf6e4e7096fead7755d47d91d72e896bb4804,0,0,2,1,linux,BFC
db7e5c10351e3dd58e6bef237c8fa74282e5d59e,0,11,10,1,linux,BFC
167eb17e0b178549f5e19036b16b6d6e35856b67,24,3,30,1,linux,BIC
7ff2c2bc259e1032dc385a427c58afce4a38956b,68,49,13,1,linux,BIC
81519d1f7df7ed1bd5b1397540c8884438f57ae2,3,0,0,1,linux,BFC
c80ef9e0c021ff86771fdd72583c75d8f7b6a720,1,0,0,1,linux,BFC
8c057efaebb557b60ba514b5e39e8000a1eab0f1,5,0,8,1,linux,BFC
a3930ed060df4ccf2a06cf0b68738dec3e6ff89a,1,0,0,1,linux,BFC
32e534402ad52e9f35c32be68e25213db722892b,1,0,0,1,linux,BFC
b26e5fdac43c1b7c394502917e42e3b91f3aa1a3,79,2,8,2,linux,BIC
886aba558b9e63c7025cabfaff8ca17f9fc02985,111,0,8,2,linux,BIC
e2c70425f05219b142b3a8a9489a622c736db39d,0,1,3,1,linux,BFC
4f25434bccc28cf8a07876ef5142a2869a674353,7,0,6,1,linux,BFC
2f73d3c55d09ce60647b96ad2a9b539c95a530ee,2,0,2,1,linux,BFC
2efd055c53c06b7e89c167c98069bab9afce7e59,13,0,2,7,linux,BIC
878a84d5a8a18a4ab241d40cebb791d6aedf5605,16,0,0,1,linux,BIC
1f70b8b812f36c24112b3e56a32412522673e50e,30,0,1,1,linux,BIC
b777f4c47781df6b23e3f4df6fdb92d9aceac7bb,3,0,1,1,linux,BFC
4ba50e7c423c29639878c00573288869aa627068,3,1,5,1,linux,BFC
70ca608b2ec6dafa6bb1c2b0691852fc78f8f717,7,1,4,2,linux,BFC
ef1b5bf506b1f0ee3edc98533e1f3ecb105eb46a,1,0,5,1,linux,BFC
8f0db018006a421956965e1149234c4e8db718ee,116,58,119,11,linux,BIC
d66f2b91f95b56e31772b9faa0d036cd2e53cb02,19,0,7,3,linux,BIC
c23734487fb44ee16c1b007ba72d793c085e4ec4,0,5,10,1,linux,BFC
3871f42a57efcdc6a9da751a8cb6fa196c212289,1,0,0,1,linux,BFC
0a9e22715ee384cf2a714c28f24ce8881b9fd815,9,0,1,1,linux,BFC
9f9c9cbb60576a1518d0bf93fb8e499cffccf377,32,0,15,1,linux,BIC
f3ef4a74dc3712ef0ce60d652aa87b1ba70cb2a4,0,0,1,1,linux,BFC
7ff6c0350315248bb58b074c90c4683f0e415669,0,47,13,1,linux,BIC
188f0f988bdf27a94208568314e3b0c012d1629c,10,11,0,3,linux,BFC
7dcf7aa01c7b9f18727cbe0f9cb4136f1c6cdcc2,0,0,1,1,linux,BFC
88ebe2cf7f3fc9da95e0f06483fd58da3e67e675,52,10,42,1,linux,BIC
e077ed58c243afc197bc2a2ba0e1ff61135e4ec2,1,0,9,1,linux,BFC
6d8fc203b28ff8f6115fbe5eaf584de8b824f4fa,0,0,3,1,linux,BFC
923a654c186c43734cfac5d7af6940093051bcbc,0,1,2,1,linux,BIC
36dc621ceca1be3ec885aeade5fdafbbcc452a6d,29,0,0,3,linux,BFC
efb40f588b4370ffaeffafbd50f6ff213d954254,4,0,8,2,linux,BIC
25140717414c319bcc44b5aac39357a52d0bc8e0,0,1,1,1,linux,BFC
cf55902b9c306ed259eb57ff111a0c152620f4a6,2,0,2,1,linux,BFC
504901dbb0b565fcbe466b0c56f3131586df5afd,163,194,52,4,linux,BIC
cc1780fc42c76c705dd07ea123f1143dc5057630,0,0,1,1,linux,BFC
57d849636a04a12713dd3a10a97cb9658ec7edf6,2,0,2,1,linux,BFC
2825a7f90753012babe7ee292f4a1eadd3706f92,113,6,13,6,linux,BIC
af066ed3d45551e703d95d7e6c67d36a63809bc2,0,0,1,1,linux,BFC
181bf1e815a2ad2a9a8b30ef6e92583d1530b255,18,2,39,1,linux,BIC
a23d6265f033501529932db2d6b3f4bc138552ab,20,25,3,1,linux,BIC
1b9dadba502234eea7244879b8d5d126bfaf9f0c,11,0,9,1,linux,BFC
1408cc1fa48c5450c0dc4b40cbd9718ecb09d1c9,1658,4,183,24,linux,BIC
0c8493d90b6bb0f5c4fe9217db8f7203f24c0f28,174,11,20,4,linux,BIC
f6a4f0b424df957d84fa7b9f2d02981234ff5828,0,0,1,1,linux,BFC
a588e4580a7ecb715dab8bf09725b97aa0e0e3a0,479,1,3,4,linux,BIC
dbd7dd8f8859ac3ab556c76d9b02efb96c26df80,1,0,1,1,linux,BFC
455302d1c9ae9318660aaeb9748a01ff414c9741,83,12,4,4,linux,BIC
b577a279914085c6b657c33e9f39ef56d96a3302,46,21,3,1,linux,BFC
420405ecde061fde76d67bd3a67577a563ea758e,15,0,7,1,linux,BFC
25dda9fc56bd90d45f9a4516bcfa5211e61b4290,1,0,6,1,linux,BFC
dffd22aed2aa1e804bccf19b30a421e89ee2ae61,4,0,0,1,linux,BFC
3f5c4c73322e4d6f3d40b697dac3073d2adffe41,2,0,1,1,linux,BIC
5d176f751ee3c6eededd984ad409bff201f436a7,30,2,3,3,linux,BIC
c42d3be0c06f0c1c416054022aa535c08a1f9b39,0,0,1,1,linux,BFC
d6ddbd5c97d1b9156646ac5c42b8851edd664ee2,3,0,0,1,linux,BFC
22f4539881944a8acc9c6f5afa7aa7f028898002,18,0,8,3,linux,BIC
0f6146d476fc99862899e70f2554ee77b444b7b9,10,0,0,1,linux,BFC
a8cab863a75f2d353588d4c3c37dc37c77b96c83,0,0,1,1,linux,BFC
50be634507284eea38df78154d22615d21200b42,85,313,183,8,linux,BIC
24f6fe3226c6f9f1b8406311a96b59c6e650b707,0,0,1,1,linux,BFC
fac51590c1a077809984139e9bb9e06ed366f219,2,0,7,1,linux,BFC
d805c5209350ae725e3a1ee0204ba27d9e75ce3e,2,0,0,1,linux,BFC
44fd8c7d4005f660f48679439f0a54225ba234a4,157,0,2,3,linux,BIC
fd0c8894893cba722bdea12de25b49f980795d06,4,0,12,1,linux,BIC
139a342002330e2e9730a564766ec04bd028d511,579,0,0,2,linux,BIC
57c67ff4bd92af634f7c91c40eb02a96dd785dda,86,7,10,4,linux,BIC
311be98a3cca6469adf369714d689f9bbf286190,0,0,1,1,linux,BFC
715bfff397634c44d616e27e11c873be1d442977,12,36,5,1,linux,BFC
0012eeb370f8c33e8cfb58c1fa7d3e1307940d64,13,0,2,1,linux,BFC
054f34da60dfa46457ca39dd111bb2b393575dab,2,0,0,1,linux,BFC
cd9c57cad3fe89ea949b9266cddc947c0838f7af,40,0,6,1,linux,BIC
baf5086840ab1815003e6ece5a51c1a803f81f47,118,132,72,2,linux,BIC
f2147b88b2b17d4c04738c75cc5a1d0dea60fa76,478,426,263,1,linux,BIC
aeb1f39d814b2e21e5e5706a48834bfd553d0059,1,0,0,1,linux,BFC
159697474db41732ef3b6c2e8d9395f09d1f659e,0,2,1,1,linux,BFC
0cbff6d4546613330a1c5f139f5c368e4ce33ca1,0,2,2,2,linux,BFC
60034d3d146b11922ab1db613bce062dddc0327a,19,0,1,3,linux,BFC
3a1bf591e9a410f220b7405a142a47407394a1d5,2,0,4,1,linux,BFC
cbd27448faff4843ac4b66cc71445a10623ff48d,3,0,0,1,linux,BFC
d681a6e4e353958cba22faf2c48474ad1efa20c8,5,0,2,1,linux,BFC
c75690972228ac300f5645184d5dece1d352c1af,235,42,15,4,linux,BIC
ebd457d55911b5b5bc79404d460e1b72df806dea,22,0,0,1,linux,BIC
d41aa5252394c065d1f04d1ceea885b70d00c9c6,0,0,1,1,linux,BFC
7ef6f11887bd3676fc64517ca685f613d7f230ef,149,18,6,2,linux,BIC
ea8add2b190395408b22a9127bed2c0912aecbc8,0,12,114,1,linux,BIC
0bc05d585d381c30de3fdf955730df31593d2101,43,63,3,3,linux,BIC
69ad59767d094752c23c0fc180a79532fde073d0,0,0,1,1,linux,BFC
1a1d5106c1e37321f3fe394b786d1aece56d0df5,13,9,7,3,linux,BIC
c57b557b644da624982c36b74f608cdb7b902868,0,0,2,1,linux,BFC
e4621b73b6b472fe2b434b4f0f76b8f33ee26a73,0,26,4,1,linux,BFC
87107518d7a93fec6cdb2559588862afeee800fb,2,0,2,1,linux,BFC
f14445ee72c59f32aa5cbf4d0f0330a5f62a752d,115,0,0,1,linux,BIC
80892772c4edac88c538165d26a0105f19b61c1c,0,0,1,1,linux,BFC
72f00505f2d2eced9789e98ca081f8229f03b2ed,0,0,1,1,linux,BFC
66c45500bfdc6a7f1c143767dfbc8fc8f9435e73,6,23,62,2,linux,BIC
132d8da5bded546c8db48dd760fe5bb63e6d9b82,0,0,1,1,linux,BFC
2da376228a2427501feb9d15815a45dbdbdd753e,9,0,1,1,linux,BFC
a3f457d9636b3f5ae4fc6502cb0c95f60f5e342b,0,0,1,1,linux,BFC
1c0e78a287e3493e22bde8553d02f3b89177eaf7,1,0,1,1,linux,BFC
1c387188c60f53b338c20eee32db055dfe022a9b,15,0,1,2,linux,BIC
85046a15529606466bc778e1205f4cab8e3724d1,0,0,1,1,linux,BFC
5da70160462e80b0ab8a6960cdd0cdd476907523,166,7,22,2,linux,BIC
5ba899082cbffb779ccb39420fe1718850daf857,20,4,3,3,linux,BFC
1c70d8fb4dfa95bee491816b2a6767b5ca1080e7,0,14,2,1,linux,BIC
4c174e6366746ae8d49f9cc409f728eebb7a9ac9,10,0,8,1,linux,BIC
d5fc9125566c9190ee9c7900859f5538a62e166a,81,174,9,2,linux,BIC
08dd8cd06ed95625b9e2fac43c78fcb45b7eaf94,0,0,2,1,linux,BFC
4ece7f6fd830d71bbb185434bf081b1f47701a67,2,0,2,1,linux,BFC
a8ee3b32f5da6c77a5ccc0e42c2250d61ba54fe0,164,0,0,1,linux,BIC
ce4b4657ff18925c315855aa290e93c5fa652d96,53,207,33,9,linux,BIC
787799a9d5557f9494bf79b7052d3b9ee68f3b80,3,0,3,1,linux,BIC
9b7843d1e125dca0d6ed0af9e8dd709d41eb25ad,1,2,8,1,linux,BIC
1c8e600440c7f5036bd9a94526d01e9c7cb68dca,255,4,57,18,linux,BIC
d028a646e84b9b131e4ff2cb5bbdd3825d141028,38,0,6,1,linux,BFC
1b321026e21387108f1bf9719d38222ef9d017d3,61,39,25,8,linux,BIC
10b1c04e92229ebeb38ccd0dcf2b6d3ec73c0575,30,20,3,4,linux,BFC
1ce8c48b06f249a9739e36c5d56883f6f49ce047,0,10,1,1,linux,BFC
1b8b589d91038e9641f1a3b80bbe145bf7d0706b,0,5,0,1,linux,BIC
facf949b2e6934d381050417bf4e34b20c93be09,12,0,1,1,linux,BFC
741338f99f16dc24d2d01ac777b0798ae9d10a90,0,0,4,1,linux,BFC
d877f07112f1e5a247c6b585c971a93895c9f738,241,0,2,6,linux,BIC
e13ca460e20ed42fe57a3845b0bb9a82f81f05cd,5,0,0,1,linux,BFC
977bc20cf66367a530d17696f7e1783510a115b7,0,0,2,1,linux,BFC
a6e2d36bf6b7e2f821ce89dc6e5fb9b4dfe2970c,0,12,39,4,linux,BFC
066de1aadf6aba1911560cf90a5bc8e25ca1aae9,0,1,0,1,linux,BFC
8b99becdc89ee7635137725e9fa76f304bb168f5,1,0,1,1,linux,BFC
4bd9d5070b92da012f2715cf8e4859acb78b8f35,4,0,0,1,linux,BIC
872e79add7561645b130fba63aa7ca12098a9361,705,0,0,5,linux,BIC
e5b13f3444dfe4f014343e83aa7948b83ef58168,2,0,15,1,linux,BFC
45bf944e6703d43fe5e285808312acd8a34c1a24,17,0,0,1,linux,BFC
08a7f5d3f5c38ed745c3e99ee91975f20562d272,0,0,2,1,linux,BFC
0ca7ce7db771580433bf24454f7a1542bd326078,53,49,0,1,linux,BFC
e27c729219ad24c8ac9a4b34cf192e56917565c5,1471,0,0,5,linux,BIC
5e6c2b4f916157e8f10d093d43e88b2a250d1774,404,5,10,5,linux,BIC
516fb7f2e73dcc303fb97fc3593209fcacf2d982,24,6,3,3,linux,BIC
c1cf79ca5ced46ea6a7843cbe98836e4d51c6c52,11,0,1,1,linux,BIC
2ac6cdd581f48c8f68747156fde5868486a44985,0,0,3,1,linux,BFC
7694ca6e1d6f01122f05039b81f70f64b1ec4063,5,3,2,2,linux,BIC
68e3c69803dada336893640110cb87221bb01dcf,24,7,7,1,linux,BFC
1ba5d0ff36f765a571c83b55b13ec44f4050fb5b,5,0,0,1,linux,BFC
1d3173a3bae7039b765a0956e3e4bf846dbaacb8,510,0,0,4,linux,BIC
8e8dfe9fdf063cd61f35ed82f5be463791a613a5,273,0,10,3,linux,BIC
c72ab446cac1d6c9551fd26c4cfef1b2fc5041fd,0,0,6,1,linux,BFC
ba16293dad626d3e3827cfe0a1a743c1d93e76b7,0,0,7,1,linux,BFC
37344718bd7032639a02053e06b51697f90154ce,2,0,1,1,linux,BFC
3222daf970f30133cc4c639cbecdc29c4ae91b2b,30,33,1,1,linux,BIC
ca9b0e27e072be4cef2f5f0cbc0b0fd94eae3520,281,0,0,3,linux,BIC
1d4adfaf65746203861c72d9d78de349eb97d528,10,0,8,4,linux,BFC
ba4a90a6d86a428c295775b46e653ab8f8e459b8,3,0,1,2,linux,BIC
02051ca063717911eb2800a8b1de29f8a3603f62,1069,0,0,1,linux,BIC
15becc2b56c6eda3d9bf5ae993bafd5661c1fad1,16,0,0,1,linux,BIC
8b2d3aeeb7ec8110458ba59bf9c8b3af84f1139a,12,1,46,1,linux,BIC
d4150779e60fb6c49be25572596b2cdfc5d46a09,0,380,15,6,linux,BIC
2459b4c635858094df78abb9ca87d99f89fe8ca5,3,0,1,1,linux,BFC
04b8e65922f631e297bde9536306f879e6fd952b,4849,0,0,13,linux,BIC
3dcfe0de5a9752e646a61f4ce513ac059960c7c3,294,0,0,2,linux,BIC
b35ccebe3ef76168aa2edaa35809c0232cb3578e,18,0,0,1,linux,BIC
3ff38e1874863827374b02b4f31c73faa3744e1c,5,0,2,1,linux,BFC
f8a70d8b889f180e6860cb1f85fed43d37844c5a,0,0,1,1,linux,BFC
5aec788aeb8eb74282b75ac1b317beb0fbb69a42,4,0,4,3,linux,BIC
62453f1ba5d5def9d58e140a50f3f168f028da38,0,0,1,1,linux,BFC
7d08c2c9117113fee118487425ed55efa50cbfa9,50,20,74,4,linux,BIC
85005b82e59fa7bb7388b12594ab2067bf73d66c,16,0,7,1,linux,BFC
faaca0a0d48e7b122f6e7e2521f4f6fc487d0451,0,0,0,1,linux,BFC
2e0d8fef5f76bce0887c73b824d9e625a08e7406,2,0,5,1,linux,BFC
0e884c78ee19e902f300ed147083c28a0c6302f0,81,55,17,3,linux,BIC
48cbde4bd2c7c028a7205cb83386bb345c315adc,0,6,10,3,linux,BFC
e0f8a24e0edfde036d324ff412bafa26e7fce642,232,0,0,1,linux,BIC
01e69cef63f88d809181f62f03a01d7295f2d5a4,2,0,25,1,linux,BFC
503234b3fdcaa578395c07e393ea3e5d13958824,0,0,2,2,linux,BFC
2901c8bdedca19e5efdab2ea55b465102231b315,3,0,0,1,linux,BFC
e7895e422e4da63daedacad0a2ed1a5a6b502d66,32,0,4,1,linux,BIC
c963a683e70151dc458e9a85ed4b366b09f65e57,271,0,0,1,linux,BIC
2ec4cf4057fcb98cb4cabdd57fa12357e438ae98,0,0,1,1,linux,BFC
7685010fca2ba0284f31fd1380df3cffc96d847e,19,0,1,1,linux,BFC
760e69c4c2e2f475a812bdd414b62758215ce9cb,18,6,3,3,linux,BFC
0858ed035a85c3ae79553200d2d818797cf849f5,72,19,59,4,linux,BIC
30615bd21b4cc3c3bb5ae8bd70e2a915cc5f75c7,0,0,1,1,linux,BFC
aaa4db12ef7bdc3e343580d1d3c0b2a8874fc1fb,12,0,6,1,linux,BIC
0760fa3d8f7fceeea508b98899f1c826e10ffe78,5,0,10,3,linux,BFC
344fa0bad6932204146d305607790340f2324a90,3,0,0,1,linux,BFC
35a9b000b24d512228d4513dc55f5767b015bc73,0,0,1,1,linux,BFC
e115a2bf14266bb4fe0ec75cd770a0a5eb77091e,0,2,1,1,linux,BIC
603e4922f1c81fc2ed3a87b4f91a8d3aafc7e093,0,385,2,5,linux,BIC
271f7ff5aa5a73488b7a9d8b84b5205fb5b2f7cc,0,0,1,1,linux,BFC
86f7ac77d4035e22ec7e58dcdb96327e2ecc3a9b,1,0,1,1,linux,BFC
dc0b2c9cb47a2176e1f341bfdc770745d24e072c,2,0,0,1,linux,BFC
000b7287b67555fee39d39fff75229dedde0dcbf,4,0,0,1,linux,BFC
351e3db2b3631556607d0d94fa26df8e2e0d0fd8,647,0,0,7,linux,BIC
4d05bf71f157d756932e77cdee16dc99e235d636,139,0,3,3,linux,BIC
d5e781a2e50fefbcde81f10e0e9e2669fadc9b01,0,0,3,1,linux,BFC
147c1e9b902c25c868024260d24bb0b1dac1433d,18,0,0,2,linux,BIC
2e0fe66e0a136252f4d89dbbccdcb26deb867eb8,13,2,1,1,linux,BFC
a50c4c9a65779ca835746b5fd79d3d5278afbdbe,1,0,0,1,linux,BFC
9605d1ce7c6bcb673b6893ac12b565f1bde8f0bc,0,0,2,2,linux,BIC
ea3beca422742ca7e8502496e2806421d5e9d6fd,0,0,1,1,linux,BFC
21b1b6797fbe4fb5863c96f350359d0e982faddd,3,1,2,1,linux,BFC
b84e7a05f619faec58bff24dfeeb2406f8dab584,5,0,0,1,linux,BIC
50a260e859964002dab162513a10f91ae9d3bcd3,35,0,1,3,linux,BFC
65fa40276ac1318e75264e5a204547b57c2cf397,0,0,1,1,linux,BFC
28e486037747c2180470b77c290d4090ad42f259,0,0,1,1,linux,BFC
670f928ba09b06712da34a3c44be6c8fa561fb19,57,0,0,1,linux,BIC
af39507305fb83a5d3c475c2851f4d59545d8a18,2,3,9,2,linux,BIC
10b1a5a99c6ac42be7a490676aec626fba28b048,1,0,0,1,linux,BFC
5a478a653b4cca148d5c89832f007ec0809d7e6d,0,0,6,2,linux,BFC
5c7bac9fb2c5929a3b8600c45a972aabf9f410b5,26,4,4,1,linux,BIC
2f99619820c2269534eb2c0cde44870313c6d353,5,0,2,1,linux,BFC
2cfadb761d3d0219412fd8150faea60c7e863833,51,0,17,1,linux,BIC
8391c4aab1aa4f47a9dab2c1ec3ebd2cbf09df1b,22,6,51,1,linux,BIC
9dcf6808b253a72b2c90eed179863bf5fab7d68c,359,0,1,7,linux,BIC
6f107fab8f18228936cd3df88a3bb6050865c2c8,10,0,0,1,linux,BFC
da5a3ce66b8bb51b0ea8a89f42aac153903f90fb,2,2,0,1,linux,BFC
60622d68227d6d71fdfba5fb39f7f3d44cdd8815,3,0,9,4,linux,BIC
6dba29537c0f639b482bd8f8bbd50ab4ae74b48d,6,0,4,1,linux,BFC
bf99b4ded5f8a4767dbb9d180626f06c51f9881f,2,0,0,2,linux,BIC
01ccb5b48f08f59ca3746d59221f4990aec1b194,2,0,10,3,linux,BIC
8ddcd653257c18a669fcb75ee42c37054908e0d6,38,5,13,2,linux,BIC
7f1b21591a632c6caefd9aa53b630808f4f477e1,19,0,7,1,linux,BIC
23d6fefbb3f6b1cc29794427588b470ed06ff64e,260,175,23,2,linux,BIC
40c39e3046411f84bab82f66783ff3593e2bcd9b,16,0,1,1,linux,BIC
5ed935e861a4cbf2158ad3386d6d26edd60d2658,1,0,0,1,linux,BFC
67963a33b4fde8f77b046f80daf83afc6e126991,111,28,36,5,linux,BIC
7f0a002b5a21302d9f4b29ba83c96cd433ff3769,0,200,4,5,linux,BIC
2b12a7a126d62bdbd81f4923c21bf6e9a7fbd069,6,0,4,1,linux,BFC
81f1f8f1e1489c0bf051d5241ec10da07869b911,0,0,1,1,linux,BFC
ce22f5a2cbe3c62746da7d3f8272abd03e8c975a,13,11,9,8,linux,BIC
e88043c0ac16f19960048372dcffc6df7c05c5b8,43,0,0,1,linux,BIC
d518a44d317d92f4c297ea26a308b1ac1a980d33,2,0,0,1,linux,BFC
10467ce09fefa2e74359f5b2ab1efb8909402f19,33,0,5,5,linux,BFC
49cdee0ed0fce9e1bda81f5dcad8d5cce6aec983,1356,0,0,2,linux,BIC
4fcf6e770b4487db3dbcf48993a36f16f8836680,16,10,29,4,linux,BFC
13a22e6a98f8b47d61948fcd095d862377b3b143,229,0,0,1,linux,BIC
1cbf90985f7448f1b0dd630e17ee1070f7d58665,19,0,1,2,linux,BFC
72169755cf36ce28bed83d6742d28ce4157f7538,1,1,0,1,linux,BIC
d046ba268adb87c7780494ecf897cbafbf100d57,10,0,2,3,linux,BFC
1149aad10b1e2f2cf1ea023889ac8604ae869c5a,2,2,1,3,linux,BIC
a5d2d29e24be8967ef78a1b1fb2292413e3b3df9,222,1,48,1,linux,BIC
0b305ccc1b545d3389068ddc3548cbc877513b97,1,0,0,1,linux,BFC
fea22e159d51c766ba70473f473a0ec914cc7e92,2,14,4,2,linux,BFC
d747a7a51b00984127a88113cdbbc26f91e9d815,2,0,0,1,linux,BFC
bfe84435090a6c85271b02a42b1d83fef9ff7cc7,8,0,0,2,linux,BFC
a990532023b903b10cf14736241cdd138e4bc92c,763,36,3,9,linux,BIC
024366750c2e04fdcda8bca685194ef0196b35fe,44,0,36,1,linux,BIC
35af80aef99b34993783c34029d2196717e693c8,0,1,16,1,linux,BIC
ba3bb0e76ccd464bb66665a1941fabe55dadb3ba,2,0,0,1,linux,BFC
3b588e43ee5c7ad8ccccfbfc6fc379b816c178f0,2072,0,0,1,linux,BIC
d736fc6c68a5f76e89a6c2c4100e3678706003a3,9,0,0,1,linux,BFC
99f6d43611135bd6f211dec9e88bb41e4167e304,26,10,3,1,linux,BFC
13a6a2ed1f5e77ae47c2b1a8e3bf22b2fa2d56ba,0,2,0,1,linux,BFC
1ad2f5838d345e1c102bd1cd27c4f4c1349b0dc8,4,3,6,1,linux,BFC
c4039b29fe9637e1135912813f830994af4c867f,0,0,1,1,linux,BFC
b149cbfeecaa2b2870d2c4f878382a024e6e4975,0,0,2,1,linux,BFC
e0000163e30eeb112b41486ea113fd54f64e1f17,1200,0,0,2,linux,BIC
7dec935a3aa04412cba2cebe1524ae0d34a30c24,6,0,0,1,linux,BFC
c148d16369ff0095eca950d17968ba1d56a47b53,3,0,2,1,linux,BFC
8bdaa43808b7481eb61b251ae0e4ca308ee1093d,0,14,5,1,linux,BIC
69d2ea9c798983c4a7157278ec84ff969d1cd8e8,28,0,30,2,linux,BIC
a782483cc1f875355690625d8253a232f2581418,31,158,36,16,linux,BIC
dc16ecf7fd1fad7436832121435d4926a81d469e,9,1,3,3,linux,BIC
07614fed00e9f4e272c4e30f4c317e63a44207f9,119,0,2,1,linux,BIC
ef9d67fa72c1b149a420587e435a3e888bdbf74f,0,0,1,1,linux,BFC
36b390fd624a7f3a64bda5de54fa58ebcf956ffc,6,0,1,1,linux,BFC
f0b2b2df5423fb369ac762c77900bc7765496d58,0,0,1,1,linux,BFC
7deff441f53cc148cbf18381bd252a754b0d7d4e,0,0,1,1,linux,BFC
0e25498f8cd43c1b5aa327f373dd094e9a006da7,11,4,46,37,linux,BIC
bf4d1a83758368c842c94cab9661a75ca98bc848,8,2,23,2,linux,BFC
6a13a0d7b4d1171ef9b80ad69abc37e1daa941b3,2,0,0,1,linux,BIC
69d1b839f7eee347e357b3f6cce7f630cc6ff93d,92,74,50,1,linux,BIC
e3d5457c7caabb77b3f1d0b09c4a63362e9b04d2,6,0,0,1,linux,BFC
e5516553999f7352bce3d921441b1288eb0a1bb7,6,14,1,5,linux,BIC
5943634fc5592037db0693b261f7f4bea6bb9457,13,126,28,5,linux,BIC
807e165dc44fd93f9d378f861f0540a158d7343a,17,2,0,2,linux,BIC
6dacc371b77f473770ec646e220303a84fe96c11,1,0,1,1,linux,BFC
8cff995405eb0b563e7a0d2c49838611ea3f2692,1,1,0,1,linux,BFC
82880283d7fcd0a1d20964a56d6d1a5cc0df0713,0,0,1,1,linux,BFC
83c10cc362d91c0d8d25e60779ee52fdbbf3894d,2,0,0,1,linux,BFC
6f1f622019f95d79d6e2f8bb3781144ad0aff75f,0,0,1,1,linux,BFC
8391c73c96f28d4e8c40fd401fd0c9c04391b44a,24,8,40,3,linux,BIC
36b701fae12ac763a568037e4e7c96b5727a8b3e,52,0,8,7,linux,BIC
69f6ed1d14c6bcf712f4bb22a231c15eeab401e7,86,0,6,2,linux,BIC
ddba91801aeb5c160b660caed1800eb3aef403f8,3,0,0,1,linux,BFC
702b15cb97123cedcec56a39d9a21c5288eb9ae1,2,0,0,1,linux,BFC
ce20eff57361e72878a772ef08b5239d3ae102b6,0,0,1,1,linux,BFC
5df0e734b8c39598effe0f17e5bd8ff7748a0693,2,0,1,1,linux,BFC
9593126dae3e6a68c86dc2038d9922178a2e363d,14,0,3,2,linux,BIC
26780d9e12edf45c0b98315de272b1feff5a8e93,15650,0,0,14,linux,BIC
e3ca34880652250f524022ad89e516f8ba9a805b,0,10,1,1,linux,BFC
6800234ceee01416657b05efcf233f6bdc68272c,0,11,8,2,linux,BIC
d98a07aea6528e7bc49c01dbad0ed3379d46ceee,0,2,0,1,linux,BFC
da758d51968a88fc879bdbd16a0da4784499b5bb,13,20,25,3,linux,BIC
5e9c85d983375fd84a4ba98b34f8fc38d4ec8766,148,6,27,1,linux,BIC
d3a09104018cf2ad5973dfa8a9c138ef9f5015a3,10,0,2,1,linux,BIC
72aeb6ee0c78fafc476c02d1b19b5b38defcb57f,11,0,0,3,linux,BIC
0d6355844ba18cb3b75054ab1390d8e6f1ab2ffa,2,0,1,1,linux,BFC
877f1a7cee3f5dd7a08bdabb52948f155c8f267e,22,0,0,1,linux,BIC
7b0b551dbc1e0acb2a3a6a7fbebc3ab9cf68a050,337,0,0,1,linux,BIC
4bab69093044ca81f394bd0780be1b71c5a4d308,2,0,1,1,linux,BFC
10777de570016471fd929869c7830a7772893e39,0,0,1,1,linux,BFC
ac5d272a0ad0419f52e08c91953356e32b075af7,1,1,5,1,linux,BFC
06b5cf51607da6bec60815954487e96012d5f8ee,0,3,0,1,linux,BFC
bc87922ff59d364a33e9bce0febdef21a7fbd2af,110,63,11,3,linux,BIC
141f8202cfa4192c3af79b6cbd68e7760bb01b5a,2,0,0,1,linux,BFC
b0cdc5dbcf2ba0d99785da5aabf1b17943805b8a,3,0,0,1,linux,BFC
ae02d49493b5d32bb3e035fdeb1655346f5e1ea5,10,0,9,1,linux,BFC
bb4e9af0348dfeafd66c7e7f82e8a0983fe5390c,187,0,3,4,linux,BIC
a25f4a95ec3cded34c1250364eba704c5e4fdac4,1,0,6,1,linux,BFC
a2fa0aede07c9488239dcac1eae58233181c355a,138,37,19,7,linux,BIC
1416d333a4ec9ab05c37b94628cb476b32326858,0,0,1,1,linux,BFC
0e74b34dfc3318bf4c7e51349d453d49fb8e9e16,67,0,2,2,linux,BIC
0925e9db4dc86daf666d9a3d53c7db14ac6d5d00,11,19,6,3,linux,BIC
4fc472f1214ef75e5450f207e23ff13af6eecad4,7,7,0,2,linux,BFC
75518851a2a0c047def521aaf87db401de098352,8,3,3,2,linux,BIC
b47aec885bcd672ebca2108a8b7e9ce3e3982775,171,1,0,3,linux,BIC
adf3a9e9f556613197583a1884f0de40a8bb6fb9,0,1,1,1,linux,BFC
fa1e512fac717f34e7c12d7a384c46e90a647392,7,0,1,1,linux,BFC
19a11bf06c57fbe5d32058c2722c0bf509553b6e,0,3,0,2,linux,BFC
e39dd513d5f2ae2041c593d42fd0d8b24e7e950b,0,0,1,1,linux,BFC
4f302642b70c1348773fe7e3ded9fc315fa92990,20,1,6,2,linux,BFC
58e2cf5d794616b84f591d4d1276c8953278ce24,0,0,3,1,linux,BFC
b2cc5c465c2cb8ab697c3fd6583c614e3f6cfbcc,27,11,3,1,linux,BFC
12fc512f5741443a03adde2ead20724da8ad550a,0,0,2,1,linux,BFC
3c9ef511b9fa128a4c62e3aa0aac4c6b190f0d55,6,0,0,1,linux,BIC
5ccf7f5505f4c250b97d8d7ecee7397a94b637fa,0,0,4,1,linux,BFC
ad8f36e4b6b1c826a0daa5fda2c5839205b5aa8b,0,1,18,2,linux,BIC
a289a7e5c1d49b7d47df9913c1cc81fb48fab613,6,6,2,1,linux,BIC
f87e7f25893d7db4da465c6b50882197e518d4af,32,0,2,1,linux,BIC
19ed3e2dd8549c1a34914e8dad01b64e7837645a,0,0,1,1,linux,BFC
5a211627004e2cddd0ab8b9df19e5fb0bbe97634,0,0,1,1,linux,BFC
7aaa0f311e2df2704fa8ddb8ed681a3b5841d0bf,0,0,8,1,linux,BFC
5b6f9b95f7aeddf8a77a991bf1657a84ca281ab0,1,27,2,1,linux,BIC
3a0ab62f43de5c6ec55fb9d6721168602008142a,58,0,1,1,linux,BIC
17a1079d9c63579d6e392a526405b8888e9ede37,0,0,2,1,linux,BFC
a04ac827366594c7244f60e9be79fcb404af69f0,1,0,2,1,linux,BFC
1094c6fe7280e17e0e87934add5ad2585e990def,18,24,17,1,linux,BIC
abab0c67c061612cf559ab27ce1340774d7c292d,37,20,30,1,linux,BIC
86b1959a2ccb1cd3c91f99a6ad06dcd0940a2058,98,0,20,2,linux,BIC
68e4f01fddb4ead80e8c7084db489307f22c9cbb,0,0,1,1,linux,BFC
817a62108dfacebd548e38451bf0e7eee023e97f,1,0,2,1,linux,BFC
73103c7f958b99561555c3bd1bc1a0809e0b7d61,1,0,1,1,linux,BFC
944fd1aeacb627fa617f85f8e5a34f7ae8ea4d8e,12,15,5,3,linux,BFC
cab280bf3533c72f95ebdb65ce534b5cdc4729dc,2,2,1,2,linux,BFC
4619bcf91399f00a40885100fb61d594d8454033,19,0,1,1,linux,BFC
2c41beb0e5cf22fe3ab4c4adc3cedd5f732b2a7e,50,20,13,1,linux,BIC
31e203e09f036f48e7c567c2d32df0196bbd303f,0,0,1,1,linux,BFC
10f6913c548b32ecb73801a16b120e761c6957ea,0,0,2,1,linux,BFC
31e810aa1033a7db50a2746cd34a2432237f6420,2,0,1,1,linux,BFC
c91522f860bb9dd4178c8280bbebd4f4321b7199,1,0,1,1,linux,BFC
933db73351d359f74b14f4af095808260aff11f9,0,4,7,4,linux,BFC
c660133c339f9ab684fdf568c0d51b9ae5e86002,2,0,0,1,linux,BFC
e8d8c5d80f5e9d4586c68061b62c642752289095,20,6,7,2,linux,BFC
bbeb53b8b2c92fd4e5b51e8fd9ab1c4000e4d350,20,5,42,6,linux,BIC
ec6adef5fbc3f140c70e7499fdad818acb3a46c6,12,0,2,1,linux,BFC
70cb472c6d7a3575a9b3fc7e0188384b7ca3d705,10,0,4,1,linux,BFC
913cc67159bc85a96d94df301ca39c1b2c540dca,27,14,19,3,linux,BIC
ee1438ce5dc4d67dd8dd1ff51583122a61f5bd9e,26,0,9,1,linux,BIC
b99773ef258e628bd53cab22d450a755b73b4d55,2,1,1,1,linux,BFC
bf9006399939762e6cd32445e848e56727df9d98,215,0,0,1,linux,BIC
1ecb195753a18b44df29238994026d5e4cb64db3,0,17,0,1,linux,BIC
6825c7a80f1863b975a00042abe140ea24813af2,45,0,1,3,linux,BIC
4e57e0b9f343fd14497ab04b2bc08c1784830b9d,2,1,5,2,linux,BFC
d741abeafa47a7331cd4fe526e44db4ad3da0f62,0,0,3,1,linux,BFC
dc2fc9f03c5c410d8f01c2206b3d529f80b13733,3,0,1,1,linux,BFC
24aac6011f704d69b5f34514923413f85669f282,21,0,65,1,linux,BIC
911e1987efc8f3e6445955fbae7f54b428b92bd3,3,0,2,1,linux,BIC
e3b6a02816ebbda3acfde2f079446ba92c97e70b,2,0,0,1,linux,BFC
19e7a3df7261c9b7ebced8163c383712d5b6ac6b,0,0,1,1,linux,BIC
5ead051780404b5cb22147170acadd1994dc3236,2,0,16,1,linux,BFC
506875c30fc5bf92246060bc3b4c38799646266b,0,1,1,1,linux,BFC
bfd343aa1718457d34b99ce6573085ac340da288,3,0,3,1,linux,BIC
e2a54350dc9642e7dfc07335ca355581caa9dbfe,7,0,0,1,linux,BFC
9dbf091da080508e9f632d307f357beb79a0766b,711,0,0,3,linux,BIC
5b1fe7bec8a8d0cc547a22e7ddc2bd59acd67de4,4,0,3,1,linux,BFC
8e18faeac3e4d4b3ff3d705cd46d0fcb710b09d0,0,0,4,2,linux,BIC
831463667b5f4f1e5bce9c3b94e9e794d2bc8923,11,0,3,1,linux,BFC
d56e57ca030c8b4296944a2ae61ac167bf979c07,0,9,1,1,linux,BFC
3e64cf7a435ed0500e3adaa8aada2272d3ae8abc,5,0,2,2,linux,BFC
5e4d4fbea55730362c2e6a68360a7444cb765c46,164,1,0,1,linux,BIC
0809e3ac62319dc7534b64f95ac37e230d740e8a,30,0,6,3,linux,BIC
87a420c8f6ffa85edc1e95f7e84a75932f3bec52,7,0,3,1,linux,BFC
545b1b077ca6b359820436af097bc65e3f6f6cc9,2,0,1,1,linux,BFC
ec210e3226dc0b481ac1b33082b3b508f89387e3,3,1,2,1,linux,BIC
5652e63df3303c2a702bac25fbf710b9cb64dfba,13,13,0,1,linux,BFC
d7aad5550eca50370e3a1471b46281d03af0699e,42,0,1,4,linux,BIC
ac2a66665e231847cab11b8c8e844ce43207dd2e,523,0,0,2,linux,BIC
062c5fff31be2e5324067859ef24a748f59ca029,0,0,1,1,linux,BFC
b5c8afe5be51078a979d86ae5ae78c4ac948063d,0,0,1,1,linux,BFC
5ff32b52995155f91de582124485d0f0f8881363,2,0,0,1,linux,BFC
5389f4765789e4ecf9831bc968562befdd2f3bee,2,0,5,1,linux,BFC
aa50d953c169e876413bf237319e728dd41d9fdd,3,0,0,1,linux,BFC
dcaf038493525604e3d1648d5761a852e8db2bf9,606,0,0,1,linux,BIC
5d8dbb7fb82b8661c16d496644b931c0e2e3a12e,6,0,1,2,linux,BFC
d9a515867bdba59ebf196a6ade10faae8e8be36a,21,0,2,1,linux,BFC
846eac3fccec85d464211ecb7aa53b3a33c69c4c,251,0,0,3,linux,BIC
c853680453ac235e9010987a8bdaaba0e116d3c8,6,0,0,1,linux,BFC
49f4203aae06ba9d67b500c90339b262b0a52637,96,0,0,1,linux,BIC
2ba20b5a5b8f948d498f4b38ba910ff339e609ef,0,3,2,1,linux,BFC
0d3f01dcdc234001f979a0af0b6b31cb9f25b6c1,1,6,5,4,linux,BFC
9f30b6b1a957b3d4cbfd97738ef2b02291aaf394,880,0,0,1,linux,BIC
fa7c7939b4bf112cd06ba166b739244077898990,0,0,4,2,linux,BFC
c66fa19c405a36673d4aab13658c8246413d5c0f,148,65,194,11,linux,BIC
c6887023268e8c92c7409613065db7ba50b25f18,0,1,3,1,linux,BFC
2e80a82a49c4c7eca4e35734380f28298ba5db19,39,0,15,10,linux,BIC
228ea8c187d814e1b8e369086e640dfc1d42974f,105,6,5,5,linux,BIC
ccf193dee1f0fff55b556928591f7818bac1b3b1,2,0,2,1,linux,BFC
47bf7b7a7151bad568b9523d14477a353a450066,0,5,1,1,linux,BFC
010e3e68cd9cb65ea50c0af605e966cda333cb2a,4,1,1,2,linux,BFC
ccd2b52f4ac69c34564434fb9e5153abcbc97109,806,0,0,4,linux,BIC
10d93a98190aec2c3ff98d9472ab1bf0543aa02c,7,0,1,1,linux,BFC
3dccfecdb867fe35b305a4e493ef5652b7d9d4cb,1,0,0,1,linux,BFC
0e8f9862493a55d85d3351cb4517f2e4d95c9600,12,54,32,1,linux,BIC
62de7d99dcfe5ceff0c40d27a819a2256c8dfc73,8,0,5,1,linux,BFC
484d9a844d0d0aeaa4cd3cec20885b7de9986a55,69,56,70,4,linux,BIC
00d2904ffeac067d7fe29c04edcfa0216102b4c2,1,20,0,2,linux,BIC
7dd74bb1f058786e85922b595cde2972be436365,577,0,0,1,linux,BIC
ccd7c7ce167a21dbf2b698ffcf00f11d96d44f9b,13,0,5,1,linux,BFC
b0db0cc2f695b70e36a776e708d5ccfff8add1d6,1,4,6,1,linux,BIC
2f38b1b16d9280689e5cfa47a4c50956bf437f0d,7,0,2,2,linux,BIC
fe65cbdbc97929e4a522716ed279a36783656142,0,0,4,1,linux,BFC
1a11d88f499ceb69e9b4098ddc36866820335a54,494,0,0,3,linux,BIC
8a4a126f4be88eb8b5f00a165ab58c35edf4ef76,1,0,1,1,linux,BFC
c3d0258d5af2a50529e8928fe458344e38653d25,1,0,0,1,linux,BFC
59ea6d06cfa9247b586a695c21f94afa7183af74,7,0,0,2,linux,BIC
b4dc97ab0a629eda8bda20d96ef47dac08a505d9,0,0,2,1,linux,BFC
a1cf09031e641d3cceaca4a4dd20ef6a785bc9b3,0,0,2,1,linux,BFC
4b549a2ef4bef9965d97cbd992ba67930cd3e0fe,678,0,0,2,linux,BIC
03d2c5114c95797c0aa7d9f463348b171a274fd4,5,0,1,1,linux,BIC
0f74fbf77d457c692e108c91475bb7a46aa6d60c,20,8,5,1,linux,BIC
b3c6c8bfe378309f8185d591579a3cb3aa2fe2e8,91,55,6,5,linux,BIC
c85ddecae6e5e82ca3ae6f20c63f1d865e2ff5ea,8,0,0,1,linux,BFC
3aed3e2a143c9619f4c8d0a3b8fe74d7d3d79c93,25,0,1,1,linux,BIC
6225f9c64b40bc8a22503e9cda70f55d7a9dd3c6,4,0,2,1,linux,BFC
d6299b6efbf66c27d2d8cda009e6d49b53dc4cfe,41,0,1,1,linux,BIC
f3cd4850504ff612d0ea77a0aaf29b66c98fcefe,5,0,0,1,linux,BFC
04617db7aa688598ebd3fce20691d31a5e778b45,313,0,11,6,linux,BIC
f6de3d39cfc30387ce7dadb8542e4a635c706670,8,0,2,2,linux,BFC
ffd5656e182b94148998b48f748112450c9ff2b0,13,0,21,1,linux,BFC
4996b4610767064807d022dd731584f7ff78c309,1,0,1,1,linux,BFC
cf04f2d5df0037741207382ac8fe289e8bf84ced,12,0,4,1,linux,BFC
c893ce38b265d5787d03850b36221f595b224538,20,0,1,3,linux,BIC
78727137fdf49edf9f731bde79d7189067b4047a,3,0,1,1,linux,BFC
6d0ba49321a40a8dada22c223bbe91c063b08db4,16,0,2,3,linux,BFC
bad7dcd94f3956bcfc0a69ef71fdf0fcca3de4a8,5,0,0,1,linux,BIC
c420f167db8c799d69fe43a801c58a7f02e9d57c,36,0,5,5,linux,BIC
8db78ace1ba897302131422ce15c5eb04510cef8,3,0,0,1,linux,BFC
9d54c8a33eec78289b1b3f6e10874719c27ce0a7,702,0,0,5,linux,BIC
501b72ae2472a15a80c0f4063ee8341870e1ef55,1,0,0,1,linux,BFC
883b4aee4dec64bc807a7dda4651c6a5efe9a74d,49,0,0,2,linux,BIC
27ce4f05e2abbe2d3ec7434e456619a5178cd3bd,28,0,5,1,linux,BIC
662d9715840aef44dcb573b0f9fab9e8319c868a,0,144,0,5,linux,BIC
766108d91246530d31b42765046f7ec2d1e42581,0,0,1,1,linux,BFC
2bc46b3ad3c15165f91459b07ff8682478683194,14,135,18,34,linux,BIC
f547fac624be53ad8b07e9ebca7654a7827ba61b,7,3,3,2,linux,BIC
55d2d0ad2fb4325f615d1950486fbc5e6fba1769,0,0,1,1,linux,BFC
59d3daafa17265f01149df8eab3fb69b9b42cb2e,38,0,0,1,linux,BIC
005efedf2c7d0a270ffbe28d8997b03844f3e3e7,49,0,8,1,linux,BIC
d62511689de5d34d3a07c43db1f46a234bb77b5f,829,0,0,5,linux,BIC
3ed05a987e0f63b21e634101e0b460d32f3581c3,162,0,0,5,linux,BIC
8199b901a31b6e89b63842643f644fc05b403b20,491,4,40,1,linux,BIC
0e38225c92c7964482a8bb6b3e37fde4319e965c,1,0,2,1,linux,BFC
209b7955e59e361fe8ba1911fac68f46355ac0cf,27,12,4,3,linux,BFC
0581b16b184031e767f64d20a93f65433d678685,11,8,5,1,linux,BIC
faf3a932fbeb77860226a8323eacb835edc98648,3,0,4,1,linux,BFC
74e0494d35ac3883f000236243ec0ff408625641,10,6,0,1,linux,BIC
74eee180b935fcb9b83a56dd7648fb75caf38f0e,260,1,11,2,linux,BIC
b0d7aa59592b4270531de5ce65dcf18338a2d98c,185,16,3,8,linux,BIC
7c2b8baa61fe578af905342938ad12f8dbaeae79,127,22,18,1,linux,BIC
ee12595147ac1fbfb5bcb23837e26dd58d94b15d,3,3,0,1,linux,BFC
84cb36cac581c915ef4e8b70abb73e084325df92,1,0,0,1,linux,BFC
66a2f5ef68faaf950746747d790a0c95f7ec96d2,0,4,0,1,linux,BFC
6eed1f3fba404dc0a1835c3a96694ea4152cd50e,0,2,0,1,linux,BFC
d4dc89d069aab9074e2493a4c2f3969a0a0b91c1,275,0,0,1,linux,BIC
821188778b9be2050d45490c4b2b009d51f041e0,12,0,4,3,linux,BIC
6e807852676a2ef6f104b56114d7a5096d42ff37,0,0,11,3,linux,BIC
df22b5b3ecc6233e33bd27f67f14c0cd1b5a5897,0,0,1,1,linux,BFC
26aa7b3b1c0fb3f1a6176a0c1847204ef4355693,0,1,1,1,linux,BFC
ed7a01fd3fd77f40b4ef2562b966a5decd8928d2,2,1,5,2,linux,BIC
a5e4a53818ad585416a214b894fdf568443d5293,0,0,1,1,linux,BFC
75cb379d2635215ad2c67750693f7dc45ad19a5f,49,7,13,5,linux,BIC
9521e47e9ab8401eb42e8ef5c2c9a46ac7dd8876,1,0,0,1,linux,BFC
9c6e6a80ee741adf6cb3cfd8eef7d1554f91fceb,11,0,0,1,linux,BFC
7f9d4c08846e6c34f82627fbc108a65664f33964,0,0,1,1,linux,BFC
8fcc3a580651cceb94a9f48e1914491400d5146b,345,153,8,4,linux,BIC
b8ff1802815913aad52695898cccbc9f77b7e726,15,0,3,1,linux,BFC
55b0baa2542f1dbaf33989eab5a26a23a8aca345,0,0,1,1,linux,BFC
528ae84a34ffd40da5d3fbff740d28d6dc2c8f8a,6,0,0,1,linux,BFC
89e524c04fa966330e2e80ab2bc50b9944c5847a,64,23,9,3,linux,BIC
097e874ad3fc69601e2b142ff3b638893c355b41,3451,0,2,5,linux,BIC
2568999835d7797afce3dcc3a3f368051ffcaf1f,39,7,5,2,linux,BIC
5b0ab78998e32564a011b14c4c7f9c81e2d42b9d,110,0,6,2,linux,BIC
8d409cb3e8a24196be7271defafd4638f3e0b514,1,0,14,2,linux,BFC
1e6fa5216a0e59ef02e8b6b40d553238a3b81d49,121,2,50,2,linux,BIC
1f629b7a3ced8e73784a9ae3b0d9039496878f18,161,203,283,1,linux,BIC
cc4d8cebbf2a1239aab71a8077fbe20f24ec2165,2,0,6,1,linux,BFC
27c1ce8bbed7e7f0e4a87cf4a93f09be26d62ada,0,66,11,1,linux,BIC
82fd4b05d704623a0e4aa7fda48e272a9889337d,1,0,2,1,linux,BFC
ef1ce7d7b67b46661091c7ccc0396186b7a247ef,7,0,1,1,linux,BFC
3f8dec116210ca649163574ed5f8df1e3b837d07,4,0,2,1,linux,BIC
cc18a7543d2f63a2c93fc61cfa7fd8be5464f75e,530,19,41,10,linux,BIC
c60a32ea4f459f99b98d383cad3b1ac7cfb3f4be,10,0,1,1,linux,BFC
452133dd580811f184e76b1402983182ee425298,0,0,1,1,linux,BFC
10b0f78a73237181260fc3661577d59b475f8a20,0,2,1,1,linux,BFC
9413e7640564fe70b24ea1a9ff3fb92c5bb52fcb,0,7,2,1,linux,BIC
371c2b349d927e81710f6ac2826d7fcb0374280f,0,0,1,1,linux,BFC
3c02e04fd4f57130e4fa75fab6f528f7a52db9b5,2,0,0,1,linux,BFC
472de49fdc53365c880ab81ae2b5cfdd83db0b06,4,0,0,1,linux,BFC
ff36b0d953dc4cbc40a72945920ff8e805f1b0da,1,19,76,1,linux,BIC
515a10a701d570e26dfbe6ee373f77c8bf11053f,0,0,2,1,linux,BFC
fa9967734227b44acb1b6918033f9122dc7825b9,12,0,1,1,linux,BIC
41b7a347bf1491e7300563bb224432608b41f62a,138,0,4,6,linux,BIC
a8d52b024d6d39bb1c3caf8f2b4cf7ca94b4e2ec,119,0,4,8,linux,BIC
4f3445067d5f78fb8d1970b02610f85c2f377ea4,0,0,2,1,linux,BFC
cef63419f7dbd52e535d1932a88904b3facb1546,188,0,0,4,linux,BIC
96403bfe50c344b587ea53894954a9d152af1c9d,0,0,6,2,linux,BFC
891cb2a72d821f930a39d5900cb7a3aa752c1d5b,3,0,12,1,linux,BFC
8e48a2d54c5d74ea3e9dc4c3b9037786bb447f36,0,0,1,1,linux,BFC
8b54874ef1617185048029a3083d510569e93751,2,0,4,1,linux,BFC
59af156625ab1d11436b04806ee3c1c795b29a93,2,0,1,1,linux,BFC
968b493173ac5205fe75f6330ee767f96bf88e57,11,3,1,3,linux,BIC
d66e033910593d99700cd9e2a75698395fcd676f,3,0,0,1,linux,BFC
5a86d68bcf02f2d1e9a5897dd482079fd5f75e7f,44,25,43,1,linux,BIC
4c59e584d1581b1bca143dda83d5c3e5baddbf20,105,0,0,1,linux,BIC
37da2a03c036538a5a79766d74bfcf5b873e5cad,0,0,1,1,linux,BFC
2da64d20a0b20046d688e44f4033efd09157e29d,0,1,5,1,linux,BFC
4a55000722d74e4ad1ea4700a423e21fab0d53ba,0,0,5,5,linux,BIC
da0c6dc00c69d0adaae99c3b3d2ea0c869a3fb35,285,0,11,2,linux,BIC
8d306f53b63099fec2d56300149e400d181ba4f5,0,2,0,1,linux,BFC
b8b8315e39ffaca82e79d86dde26e9144addf66b,0,1,0,1,linux,BFC
5739375ee4230980166807d347cc21c305532bbc,11,22,32,1,linux,BFC
ac343366846a445bb81f0a0e8f16abb8bd5d5d88,0,0,1,1,linux,BFC
219fb0c1436e4893a290ba270bc0e644d02465a3,0,14,6,2,linux,BIC
ff9721d32b1aba8bf46a06df20827d0a5d52ec48,13,0,4,1,linux,BFC
fa00c437eef8dc2e7b25f8cd868cfa405fcc2bb3,9,0,2,1,linux,BFC
a969cf42e5fecbbcc04354dd22b851daa6ab5b30,0,0,2,2,linux,BFC
757a9395f33c51c4e6eff2c7c0fbd50226a58224,4,1,5,1,linux,BFC
e8d4bfe3a71537284a90561f77c85dea6c154369,11,0,4,1,linux,BFC
3360acdf839170b612f5b212539694c20e3f16d0,3,0,5,1,linux,BFC
0a4bb5e5507a585532cc413125b921c8546fc39f,14,0,8,1,linux,BFC
3cd2c2d780a23e8b847c9ec22e8bc9dd6e685cbe,107,79,36,4,linux,BIC
2da244a5c4b5fdbb5ae6cc89f85421defed59a5b,2,1,9,1,linux,BFC
2d631bd58fe0ea3e3350212e23c9aba1fb606514,0,0,1,1,linux,BFC
e39d88ea3ce4a471cd0202f4f2c8f5ee0f8d7f53,45,0,4,1,linux,BIC
75c5158f70c065b9704b924503d96e8297838f79,32,43,40,3,linux,BIC
410b6de702ef84fea6e7abcb6620ef8bfc112fae,2,0,1,1,linux,BFC
0b9e7b741f2bf8103b15bb14d5b4a6f5ee91c59a,0,0,2,1,linux,BFC
3500cd73dff48f28f4ba80c171c4c80034d40f76,0,0,1,1,linux,BFC
cd57eb3c403cb864e5558874ecd57dd954a5a7f7,2,0,0,1,linux,BIC
a1e031ffb422bb89df9ad9c018420d0deff7f2e3,47,0,1,2,linux,BIC
3ec8002951ea173e24b466df1ea98c56b7920e63,2,0,1,1,linux,BFC
c7411a1a126f649be71526a36d4afac9e5aefa13,22,1,2,1,linux,BIC
aadad097cd46f783b75c235cffa5c21fcffbf189,29,0,3,1,linux,BIC
7319cdf189bb643c6d56e5898ef89ad7c3ef6c31,929,14,4,5,linux,BIC
fb3637a113349f53830f7d6ca45891b7192cd28f,0,0,1,1,linux,BFC
b4cdc8f61beb2a55c8c3d22dfcaf5f34a919fe9b,395,0,5,1,linux,BIC
fecd363ae2d5042553370b0adf60c47e35c34a83,0,0,1,1,linux,BFC
290fdc4b7ef14e33d0e30058042b0e9bfd02b89b,2,0,0,1,linux,BFC
f153c2246783ba210493054d99c66353f56423c9,13,0,20,3,linux,BFC
18dfa7117a3f379862dcd3f67cadd678013bb9dd,17,0,9,1,linux,BFC
ef0f2685336bbc334e8b6997ce9b155e5f7edd31,0,4,6,2,linux,BFC
ea2dea9dacc256fe927857feb423872051642ae7,3,20,7,2,linux,BIC
87ebcd42fb7b8d1d3269007a621e41ae96a0077e,181,7,19,6,linux,BIC
6710e594f71ccaad8101bc64321152af7cd9ea28,7,7,1,1,linux,BFC
08f3dff799d43bd2ec9d5e05c819ae3f253fe5cd,245,0,8,1,linux,BIC
0258cb19c77deb755747b97f690931193ced0c55,0,9,3,1,linux,BIC
35fa71a030caa50458a043560d4814ea9bcd639f,8,0,0,1,linux,BFC
0aa5c3835c8ad34034d53a71ab047e5e614e704e,16,13,0,2,linux,BIC
3ed58f96a70b85ef646d5427258f677f1395b62f,1,0,1,1,linux,BFC
5fa4e6f1c2d8c9a4e47e1931b42893172d388f2b,8,0,0,1,linux,BFC
79aa3e19fe8f5be30e846df8a436bfe306e8b1a6,0,0,3,1,linux,BFC
4a5fd5d2965cb889f30ad94a3bfd83da70aa2c9c,2,0,0,1,linux,BIC
44ea803e2fa7e12adb5d6260da4e4956e784effb,37,0,11,1,linux,BIC
a51c1c3f3218c74c07fed55ea2ad5b18c374dc25,0,51,2,1,linux,BIC
5b6164d3465fcc13b5679c860c452963443172a7,7,0,0,1,linux,BIC
921b68692abb4fd02237b6875b2056bc59435116,129,15,27,4,linux,BIC
0e346b2cfa855d6e6990dbdb220983fbf2bb0b92,63,1,5,1,linux,BIC
e7441c9274a6a5453e06f4c2b8b5f72eca0a3f17,2,0,0,1,linux,BFC
44ae12a768b7212976a362c590075716a77e8f28,24,0,3,11,linux,BIC
aeaea8969b402e0081210cc9144404d13996efed,0,4,6,1,linux,BFC
5c6f40c61777e059ac3692c4505dff5eb880a12d,2,0,5,1,linux,BFC
46df3d209db080395a98fc0875bd05e45e8f44e0,7,0,1,1,linux,BFC
13a9d08c296228d18289de60b83792c586e1d073,3,0,1,1,linux,BFC
c7c42ec2baa1de7ab3965e4f1bf5073bee6065e4,370,0,2,2,linux,BIC
8c430a34869946f1f5852f02d910ceef80040be5,123,0,1,1,linux,BIC
0c64a0dce51faa9c706fdf1f957d6f19878f4b81,3,0,0,1,linux,BFC
8b0dff14164d3f43eba8365950b506d898e0e1e6,50,30,22,4,linux,BIC
ca37a664a8e4e9988b220988ceb4d79e3316f195,2,0,0,1,linux,BFC
27c42a1bb8674f6bd52766edf6cd99ad6bdd7a46,49,0,2,1,linux,BIC
3568b88944fef28db3ee989b957da49ffc627ede,0,0,1,1,linux,BFC
1fe72bcfac087dba5ab52778e0646ed9e145cd32,2,0,2,1,linux,BFC
e4b76a2a2619e95deb1ae2b088c0aa4f24a0bbee,10,10,10,2,linux,BIC
b901b252b6cf5cecc612059ccf05d974a9085c58,90,0,5,1,linux,BIC
1f9b6827c85f9d9786f31a1434a16c917aae23b2,1,1,2,1,linux,BFC
e95fc8573e07c5e4825df4650fd8b8c93fad27a7,29,0,2,3,linux,BFC
e72bba21355dbb67512a0d666fec9f4b56dbfc2f,94,19,302,21,linux,BIC
44a027058b24541cc7ec499e6fb91db4b130648a,5,0,1,1,linux,BFC
6625e2637d93d2f52ef0d17656f21bfa2cb4983a,12,3,1,4,linux,BIC
7ee06ddc4038f936b0d4459d37a7d4d844fb03db,0,1,2,1,linux,BIC
c9b8fecddb5bb4b67e351bbaeaa648a6f7456912,0,1,2,1,linux,BIC
e27829dc92e549486b8248cdfa53e108abb6acfb,0,1,3,1,linux,BIC
c4c07b4d6fa1f11880eab8e076d3d060ef3f55fc,5,0,1,1,linux,BFC
be2af740e2a9c7134f2d8ab4f104006e110b13de,0,0,3,1,linux,BFC
541a1af451b0cb3779e915d48d08efb17915207b,0,0,1,1,linux,BFC
cfc56f85e72f5b9c5c5be26dc2b16518d36a7868,13,0,0,1,linux,BFC
a3115621c9341f288bb3468d72436e10f9c1573b,0,0,1,1,linux,BFC
08be37b798921af207e78082fe261a6ca8be5024,0,1,1,1,linux,BFC
39c17ae60ea9ad265f6402f6e23e988f06dfc441,5,4,1,1,linux,BIC
7711aaf08ad3fc4d0e937eec1de0a63620444ce7,0,0,4,1,linux,BFC
663991f32857b3b63c94c97de9dbb0ec8600144f,0,0,1,1,linux,BFC
578ae447e7e5d78c90ac40a06406c1741f79ba96,1,0,6,3,linux,BFC
ee6825c80e870fff1a370c718ec77022ade0889b,2,0,5,3,linux,BFC
b5d2f741077abc71205e60b5bbd7dfa07b9d6953,981,0,0,2,linux,BIC
936b2161df6af5d9407d243e0257f0c2c8e59a66,3,0,1,1,linux,BFC
c54f042dcc1b258ad15d2be0f0b3ba371f758329,2,0,0,2,linux,BFC
bc2bebe8de8ed4ba6482c9cc370b0dd72ffe8cd2,0,308,15,4,linux,BIC
a2815817ffa68c7933a43eb55836d6e789bd4389,0,4,5,1,linux,BFC
423a8a942e95493b73228ba6a3f176dcc7f35fa9,4,11,5,1,linux,BFC
ed651a10875f13135a5f59c1bae4d51b377b3925,239,121,36,2,linux,BIC
7684580d45bd3d84ed9b453a4cadf7a9a5605a3f,9,0,1,1,linux,BFC
c7223d687758462826a20e9735305d55bb874c70,0,0,1,1,linux,BFC
c77e22834ae9a11891cb613bd9a551be1b94f2bc,21,0,7,3,linux,BFC
8d0e3decf26bc423d8b1c42c05636ccc05ea6b17,4,0,1,1,linux,BFC
e21555436f196c241503c7c6240272e57783235c,0,18,0,1,linux,BFC
290622efc76ece22ef76a30bf117755891ab27f6,4,0,0,1,linux,BIC
0f29fc23b21d3cbd966537bfabba07c00466b787,23,29,8,2,linux,BIC
d128471a14775cd11abd81c09b2a086997ab3150,5,0,1,1,linux,BFC
a007d940040c0b3d1fcb5f39159c2b141b85eae0,5,0,5,1,linux,BIC
6544d229bf433b755e77800002e078e54cd9b42b,2,0,0,1,linux,BIC
fe573327ffb1deba802c91dd1d4ff41dafa97a0e,0,0,59,7,linux,BIC
d4bf77bd749300123481a22df82b8ab618844153,5,0,4,2,linux,BIC
11623fce0f9afef30c45e3f2120b063de3809a8f,0,0,2,1,linux,BFC
249a32b7eeb3edb6897dd38f89651a62163ac4ed,4,0,2,1,linux,BFC
453ed4283bebd0776682c5a3227619d92caa9c8c,146,0,0,1,linux,BIC
dfa20099e26e35cd9e83d4d43172615c73c4e9f5,17,5,3,1,linux,BIC
445d3bed75de4082c7c7794030ac9a5b8bfde886,66,0,18,11,linux,BIC
eae6d58d67d9739be5f7ae2dbead1d0ef6528243,5,0,16,2,linux,BFC
9ad9a52cce2828d932ae9495181e3d6414f72c07,4244,0,0,15,linux,BIC
9f93ac8d4085f718d3c7c5fedcb98dbdd2287648,1012,1,1,4,linux,BIC
080cd7c3ac8701081d143a15ba17dd9475313188,20,0,2,2,linux,BIC
7c20f11680a441df09de7235206f70115fbf6290,13,27,12,4,linux,BIC
625f269a5a7a3643771320387e474bd0a61d9654,283,45,122,3,linux,BIC
37d8468108efb19b80aa8484534f8850ed60dbfb,4,0,0,1,linux,BFC
9d12ba86f818aa9cfe9f01b750336aa441f2ffa2,9485,0,0,9,linux,BIC
2f75d9e1c90511bff6d1ce4de94503cc28fec032,450,0,0,2,linux,BIC
b3a653288e1aeebcc7367dc6d5a42bccbff8bde1,1,0,1,1,linux,BFC
15b94fa32a422f4b97dc34e4b7060ec83d10bee5,2,0,0,1,linux,BFC
1385cc81baeb3bd8cbbbcdc1557f038ac1712529,0,0,3,1,linux,BFC
4b42d557a8add52b9a9924fb31e40a218aab7801,0,4,13,1,linux,BIC
9f2dfda2f2f1c6181c3732c16b85c59ab2d195e0,0,2,1,1,linux,BFC
80f67cd80add539a687cca18fcadf3e515151d8e,1,5,1,1,linux,BIC
eee645eccfc4edc9fb7dcef1b381e406c5dd4d14,0,0,1,1,linux,BFC
e530a9f3db4188d1f4e3704b0948ef69c04d5ca6,2,0,0,1,linux,BFC
6d40afbc7d13359b30a5cd783e3db6ebefa5f40a,238,10,100,3,linux,BIC
8f5b27347e88b171c755562f0090ce40e514fc00,4,0,0,2,linux,BFC
5820f140edef111a9ea2ef414ab2428b8cb805b1,9,13,1,1,linux,BFC
ef9102004a87cb3f8b26e000a095a261fc0467d3,0,0,2,1,linux,BFC
8d6f08272b6f1742d537640313b256c8c9929813,0,8,1,6,linux,BIC
57d29a2935c9aab0aaef6264bf6a58aad3859e7c,0,0,1,1,linux,BFC
5795a9a5fed75a729444f9d83fab597ec131d282,0,8,3,1,linux,BFC
5a5a893c4ad897b8a36f846602895515b7407a71,0,0,2,1,linux,BFC
de7d62952b01755f9885bbe945b141d9d4338e55,1,0,0,1,linux,BFC
3fd269e74f2feec973f45ee11d822faeda4fe284,0,46,34,30,linux,BIC
39aa6928d462d0f4fd809ff8109f98f24843b28b,3,0,1,1,linux,BIC
89a23c8b528bd2c89f3981573d6cd7d23840c8a6,0,0,2,1,linux,BIC
d1f63f0c81c22ba705fcd149a1fcec37b734d818,1,0,0,1,linux,BFC
f369b07c861435bd812a9d14493f71b34132ed6f,21,8,3,3,linux,BFC
8252562d5270c13e6123a5939d0db1bbf04327a1,2,0,0,1,linux,BFC
8f405221a73a53234486c185d8ef647377a53cc6,0,2,1,1,linux,BFC
2b06cdf3e688b98fcc9945873b5d42792bd4eee0,1,0,0,1,linux,BFC
d0b7a302d58abe24ed0f32a0672dd4c356bb73db,6,0,3,1,linux,BFC
f9c645621a28e37813a1de96d9cbd89cde94a1e4,1,0,2,1,linux,BFC
8a12f8836145ffe37e9c8733dce18c22fb668b66,3,12,9,1,linux,BIC
226a88de473e475cb9f993682a1c7d0c2b451ad8,6,1,8,1,linux,BFC
b13d3cbfb8e8a8f53930af67d1ebf05149f32c24,100,37,9,4,linux,BIC
4aea7a5c5e940c1723add439f4088844cd26196d,18,0,8,2,linux,BIC
a4199f5eb8096d63828f7333fa45650a7b0a99ed,0,0,1,1,linux,BIC
5c5fa1f464ac954982df1d96b9f9a5103d21aedd,2,0,1,1,linux,BFC
bb1a71f9c4672fbfcf2158fd57d0c5c0cdae5612,8,0,1,1,linux,BFC
a55e23864d381c5a4ef110df94b00b2fe121a70d,0,0,1,1,linux,BFC
c67f0c28311c44597ecd8e14d152d1775c367cdf,0,0,1,1,linux,BFC
e189624916961c735c18e3c75acc478661403830,65,28,20,3,linux,BFC
aa37448f597c09844942da87d042fc6793f989c2,2,0,1,1,linux,BFC
70e8d057bef5367709f4eda15b8d9a40d1b45e90,9,3,3,2,linux,BFC
acbf58e530416e167c3b323111f4013d9f2b0a7d,0,1,0,1,linux,BIC
24dbf51a5517b79de9585dd216488aed09fd5ee8,10,29,49,3,linux,BIC
4d8fcf216c90bc25e34ae2200aa8985ee3158898,68,0,3,6,linux,BIC
3e1399bccf5163c59f41298b4faf768e199f4322,33,0,18,3,linux,BIC
9ea04d0df6e6541c6736b43bff45f1e54875a1db,3,2,0,1,linux,BFC
1ca200a8c6f079950a04ea3c3380fe8cf78e95a2,0,1,0,1,linux,BFC
1b5b19689278069844f0f65bba8ea55facad90f9,49,12,64,1,linux,BIC
8ae9a588ca35eb9c32dc03299c5e1f4a1e9a9617,0,1,2,1,linux,BFC
41319e4f62f28aeb36ad6b51a58cec5e76884ebb,0,0,1,1,linux,BFC
96ca848ef7ea1be7e92d1cceb34ef3aa86053828,219,0,0,2,linux,BIC
8b030a57e35a0efc1a8aa18bb10555bc5066ac40,0,0,1,1,linux,BFC
9bbb6cad0173e6220f3ac609e26beb48dab3b7cd,0,0,8,4,linux,BIC
0e405443e803a3ce9ba22f11be37e2a74f3fb9ad,54,0,28,1,linux,BIC
6cc33eba232cebc9918c558b21b1e3b5fcab27b7,38,0,1,1,linux,BIC
f91daf565b0e272a33bd3fcd19eaebd331c5cffd,3,0,1,1,linux,BFC
68bf8611076a8e4bee8bc8d03ff28bd1e9a9c631,0,1,5,1,linux,BIC
771fe6b912fca54f03e8a72eb63058b582775362,35212,0,28,54,linux,BIC
6cd1f9b40a3a74c67f9a9dc1b81cbe99900f1bf7,0,0,2,2,linux,BFC
b49a0e69a7b1a68c8d3f64097d06dabb770fec96,0,0,1,1,linux,BFC
f0d648bdf0a5bbc91da6099d5282f77996558ea4,30,32,0,1,linux,BIC
c9c20ee3cfce924e7b2a8138df2d6958c500858a,35,6,7,1,linux,BFC
571dcfde23712b92e45a126f415d9424af0c2886,7,6,0,1,linux,BFC
65c4777de54a39b2722a4b1ff3306d044014d511,2,3,16,1,linux,BFC
ff843d621bfc9a9b36c370bb523d3551f2e195dd,25,0,3,3,linux,BIC
41a7426d25fa3f43380560928edb6f815397da20,76,58,36,1,linux,BIC
ead5bd4d35c0a14d5ce1474177718c678dff5205,1,0,1,1,linux,BFC
a739ff3f543afbb4a041c16cd0182c8e8d366e70,1017,2,5,4,linux,BIC
f3e3d9cc35252a70a2fd698762c9687718268ec6,7,0,1,1,linux,BIC
0bd28476f6363c7ccc841fe6a0ab0dd1fdb822f6,0,0,2,1,linux,BIC
24633d901ea44fe99bc9a2d01a3881fa097b78b3,46,0,3,1,linux,BIC
1655cf8829d82d367d8fdb5cb58e5885d7d2a391,0,25,2,1,linux,BIC
021266ec640c7a4527e6cd4b7349a512b351de1d,1,0,2,1,linux,BFC
a5b7616c55e188fe3d6ef686bef402d4703ecb62,50,2,2,3,linux,BFC
3547a1f9d988d88ecff4fc365d2773037c849f49,3,2,13,1,linux,BIC
3b1f8311f6963cd11a7d1efbcd2fd900d472ba5c,257,0,4,4,linux,BIC
2a0100d7beebd2fb2c436852648f75396253e9f8,1,0,0,1,linux,BFC
e941894eae31b52f0fd9bdb3ce20620afa152f45,98,2,9,3,linux,BIC
d1db799e968bf6677ac88a90729945ce0eb3ede5,0,0,1,1,linux,BFC
c3c36bfe998b3ad14aa87a57037a05d861889ac8,391,0,0,5,linux,BIC
d2ace81bf902a9f11d52e59e5d232d2255a0e353,0,1,0,1,linux,BFC
21234e3a84c70f27ea106411bdd5ef7af17508a6,1,0,2,1,linux,BFC
5c3c2ea6887176c5ae812c9f0350ff65b10e9485,0,6,4,1,linux,BFC
4ab25ac8b2b5514151d5f91cf9514df08dd26938,0,0,2,1,linux,BFC
13b47cfcfc60495cde216eef4c01040d76174cbe,1,0,1,1,linux,BFC
5df62771c556e4ec9d7ecea1f070ff6da4bce151,6,6,3,1,linux,BFC
c68dac968c460b89a4f6e3617ee5defbcd96eead,6,0,1,1,linux,BFC
22d24f75a19399bd8c4822541c60e853a16a1956,0,0,1,1,linux,BFC
6e7333d315a768170a59ac771297ee0551bdddbf,15,0,1,5,linux,BIC
6a4c5ada577467a5f79e06f2c5e69c09983c22fb,2,0,3,1,linux,BFC
9a10064f5625d5572c3626c1516e0bebc6c9fe9b,274,0,32,12,linux,BIC
19759033e0d0beed70421ab9258f5ede79e070ae,0,0,5,1,linux,BFC
58e9121c32a245fab47f29ab4ad29dd62470a7e8,2,0,1,1,linux,BFC
e46dcbb17d790008a12b1c18f6235d03d1dd635b,2,0,0,1,linux,BFC
093c48213ee37c3c3ff1cf5ac1aa2a9d8bc66017,1,0,0,1,linux,BIC
df37ed38e6c26064d5f97ebbe5cacc75eeb89153,12,0,0,1,linux,BFC
71e3dfa167b105d3c06e76fee1d0e2fd1e502cf6,2,0,3,1,linux,BFC
43f0633f89947df57fe0b5025bdd741768007708,4,0,1,1,linux,BFC
d1aad52cf8b3f95dfe9b5b64da66343306ddf73b,1,0,0,1,linux,BFC
890d5b40908bfd1a79be018d2d297cf9df60f4ee,5,9,1,1,linux,BIC
5c256045b87b8aa8e5bc9d2e2fdc0802351c1f99,0,2,3,1,linux,BFC
9d37e1cab2a9d2cee2737973fa455e6f89eee46a,10,10,3,4,linux,BFC
c9bc3e8bf04225968f1cee34b50216263ed58000,0,0,1,1,linux,BFC
c2314b8bd4c009793b6f9d57bc8363af034e02ca,7,1,12,1,linux,BFC
9d9e88a24c1f20ebfc2f28b1762ce78c0b9e1cb3,0,4,1,1,linux,BFC
ad215aaea4f9d637f441566cdbbc610e9849e1fa,13,42,50,2,linux,BIC
cbe4b8f0a5766a40563876932cba6c9bf28eb98a,56,56,11,4,linux,BFC
4f75ba6982bc7e37e7738b2f1257d21a9c9e5d31,61,0,1,1,linux,BIC
007747a984ea5e895b7d8b056b24ebf431e1e71d,5,0,13,3,linux,BFC
c2794437091a4fda72c4a4f3567dd728dcc0c3c9,92,7,4,6,linux,BIC
a85c928f6a7856a09e47d9b37faa3407c7ac6a8e,28,0,8,1,linux,BFC
ebb966d3bdfed581ecccbb4a7432341baf7619b4,2,0,2,2,linux,BFC
2b319d1f6f92a4ced9897678113d176ee16ae85d,2,0,1,1,linux,BIC
f019f07ecf6a6b8bd6d7853bce70925d90af02d1,1,2,0,1,linux,BIC
e6f77540c067b48dee10f1e33678415bfcc89017,2,2,2,1,linux,BIC
30aba6656f61ed44cba445a3c0d38b296fa9e8f5,67,0,3,3,linux,BIC
401f147b16d90ae378ec8218679e6fdba96e13cf,0,0,2,1,linux,BFC
8ee749ec7fc6f9355f89d170c4f6805be011b2a9,0,0,2,1,linux,BFC
248f219cb8bcbfbd7f132752d44afa2df7c241d1,541,1885,1452,24,linux,BIC
413f142cc05cb03f2d1ea83388e40c1ddc0d74e9,11,0,1,1,linux,BFC
c1ac2dc34b51a9d2191067bbf2aebc8e8ddada70,42,0,3,1,linux,BIC
4cbbe74d906be0bcffbe1e74b43a00f99626a69c,0,0,1,1,linux,BFC
855a28f9c96c80e6cbd2d986a857235e34868064,0,0,1,1,linux,BFC
3a58f13a881ed351198ffab4cf9953cf19d2ab3a,8,0,0,1,linux,BIC
4b565680d16300acab0ff167e24f0ea289a6bd5d,893,25,14,4,linux,BIC
41f107266b19d100c1bcef9e1e1aef00692c1209,1,0,0,1,linux,BIC
966d2f4ee7f6e189df47abf67223266ad31e201f,0,0,1,1,linux,BFC
2224d8485492e499ca2e5d25407f8502cc06f149,487,0,0,2,linux,BIC
b511cdd1c12d1e450baeba5373dd3a8897396e2b,0,0,2,1,linux,BFC
58acfd714e6b02e8617448b431c2b64a2f1f0792,9,6,2,1,linux,BFC
4aa218a4fe77d57edd068210da4c90dd19523954,331,0,0,8,linux,BIC
951f788a80ff8b6339c5c1ab888b0d4b4352efd8,0,14,6,1,linux,BFC
d8a5ba45457e4a22aa39c939121efd7bb6c76672,555,0,0,3,linux,BIC
561022acb1ce62e50f7a8258687a21b84282a4cb,0,0,4,2,linux,BFC
4b14f17912052a6963580dfba04781cfe6ccba02,11,0,2,1,linux,BFC
9513c5e18a0dc55a1fc9c890715098ba2315830b,14,18,6,1,linux,BIC
3401d42c7ea2d064d15c66698ff8eb96553179ce,3,0,0,1,linux,BFC
b8946d7bfb9417ec171693d4478a831420aead5f,3,2,1,1,linux,BIC
4374d64933b1d0f0ebbad064289ef44b869d77c1,19,0,3,1,linux,BIC
8f5d9e68c90dd6b01afdfda6d9926c6ea4931c00,0,1,0,1,linux,BFC
e21422de817ab0b67ed1902fe1383bcdeece855e,0,0,2,1,linux,BFC
ec082d31c161976a0e81c5d2e3ac317237ac5a0d,0,0,1,1,linux,BFC
0db575350cb1a2fa724f0198fd40b2c91ace5cb7,0,7,9,4,linux,BIC
bfcdcef8c8e3469f4d6c082a1da27a6ef77e5715,11,5,17,2,linux,BIC
0ce4bc1dbdd911ae1763e2d4ff36bd1b214a59f7,0,1,1,1,linux,BFC
4750005a85f76b3df1e5df19c283dde96b071515,60,74,54,7,linux,BIC
2fb6acf3edfeb904505f9ba3fd01166866062591,2,0,7,1,linux,BFC
f706ec87ea4cd193b772a85ff66a693520dbf12d,0,0,1,1,linux,BFC
d48c8124749c9a5081fe68680f83605e272c984b,7,0,10,1,linux,BFC
5052b069acf73866d00077d8bc49983c3ee903e5,0,0,1,1,linux,BFC
f96adf1ea08a37e3739b1f929ce8318eee63b1f4,0,1,0,1,linux,BFC
16ba3defb8bd01a9464ba4820a487f5b196b455b,14,0,8,2,linux,BFC
3b0462726e7ef281c35a7a4ae33e93ee2bc9975b,2,0,0,1,linux,BFC
1fe89e1b6d270aa0d3452c60d38461ea589594e3,6,4,1,2,linux,BFC
b3dde5013e13d44799b3477cd0bf0c9ad34fe5e9,204,0,0,1,linux,BIC
f453f293979fb648d2e505c132887811acb6bde6,232,29,10,1,linux,BIC
f72860afa2e32cdc674cbdd7f354f8fb62e908a6,30,0,1,1,linux,BIC
8a96a0e408102fb7aa73d8aa0b5e2219cfd51e55,0,9,6,1,linux,BIC
d7012df3c9aecdcfb50f7a2ebad766952fd1410e,4,0,2,1,linux,BFC
9de6959f8584064de8c1d7392e3a6bb50a4a9c18,0,0,1,1,linux,BFC
156d0e290e969caba25f1851c52417c14d141b24,1127,0,2,5,linux,BIC
dd6b9c2c332b40f142740d1b11fb77c653ff98ea,0,0,1,1,linux,BFC
952835edb4fdad49361d5330da918be8b765b787,9,0,2,1,linux,BFC
4cabc5b186b5427b9ee5a7495172542af105f02b,81,0,14,2,linux,BFC
f0783d43dde4bb349fcd667df0afabbdbab8b477,3,0,1,3,linux,BFC
81f1f5ae8b3cbd54fdd994c9e9aacdb7b414a802,0,2,0,1,linux,BFC
1c213bd24ad04f4430031d20d740d7783162b099,14,133,21,19,linux,BIC
11988499e62b310f3bf6f6d0a807a06d3f9ccc96,11,0,13,1,linux,BIC
ef47a0e0f49d5302819ea7a30920af05399ee4d5,4,0,1,1,linux,BFC
e52cd628a03f72a547dbf90ccb703ee64800504a,24,16,2,1,linux,BFC
2ed0dc5937d38f282841d22c5a5354ec264c7b8d,1,0,1,1,linux,BIC
be388d9fbd4e09582e31c3ee82a022e368208ae3,3,1,6,1,linux,BFC
6d68ac8b5b5c27013a8223766cd8d397229c7802,0,0,2,1,linux,BFC
57a78ca4eceab1ecb0299fba8a10211289329889,41,1,7,1,linux,BFC
88584c30e31967db2ad03c7015a9aea3460deb2c,1,0,4,1,linux,BFC
d826e5b827641ae1bebb33d23a774f4e9bb8e94f,22,2,8,3,linux,BFC
5d05426e2d5fd7df8afc866b78c36b37b00188b7,0,1,3,1,linux,BFC
9cd4f1434479f1ac25c440c421fbf52069079914,9,23,3,3,linux,BIC
ff2b46d7cff80d27d82f7f3252711f4ca1666129,2,0,0,1,linux,BFC
29470ea8d828e4dec74e94f7f17b7479ff5ef276,10,0,1,1,linux,BFC
8a34b0ae8778f6b42ed38857486b769a224e2536,0,3,3,1,linux,BIC
7251953d784baf7e5416afabe030a0e81de1a938,10,0,2,1,linux,BFC
0406a40a095ca039e5f5ec63783342253c573d06,9,397,14,4,linux,BIC
2b5a4562edd0bc3ec56a99e14acd6c0f00808b93,3,16,68,18,linux,BIC
de584afa5e188a2da484bb5373d449598cdb9f5e,1018,0,0,1,linux,BIC
607ec89ed18f49ca59689572659b9c0076f1991f,2,1,0,1,linux,BFC
c7e621bb981b76d3bfd8a595070ee8282ac4a32b,5,0,10,1,linux,BFC
67f0d6d9883c13174669f88adac4f0ee656cc16a,20,0,4,1,linux,BFC
67f8ecc550b5bda03335f845dc869b8501d25fd0,19,4,5,1,linux,BIC
d2061f9cc32dbb895191833063d9f3366fdaae78,377,0,0,1,linux,BIC
58e22371539e01c742be5c30295f591a6a17e348,0,0,1,1,linux,BFC
40e8a766a761f7fdc8530347527b344fddf6f1a8,242,51,38,3,linux,BIC
5b7aa87e0482be768486e0c2277aa4122487eb9d,291,0,0,2,linux,BIC
130cdec4e12836cb2d5346216902c49800a07c33,0,0,2,1,linux,BFC
1551c95b61242b1a20565bae8d711f35a601c4f3,27,0,1,1,linux,BIC
3d33b303d4f3b74a71bede5639ebba3cfd2a2b4d,2,0,3,1,linux,BFC
3357b61177a7f34267256098b29a7f4992af40f3,1,0,0,1,linux,BFC
90a9b102eddf6a3f987d15f4454e26a2532c1c98,0,1,0,1,linux,BFC
32db0b6501d97b09e92e70caefc74fa35aa9a8d6,47,6,11,2,linux,BFC
3aadbe2523cab462da24c62d9cac5e018a6e69d5,0,0,1,1,linux,BFC
5fdbe136ae19ab751daaa4d08d9a42f3e30d17f9,10,0,1,1,linux,BFC
3481fe768faeae3f1d2a929e401748893460d82e,0,12,1,1,linux,BFC
dc9be0fac70a2ad86e31a81372bb0bdfb6945353,1,2,0,3,linux,BFC
0921c41e19028314830b33daa681e46b46477c5e,0,0,2,1,linux,BIC
9068e02f58740778d8270840657f1e250a2cc60f,0,0,4,2,linux,BFC
8d53935d9beb4b9b51fdae9296e4a7840214a64a,0,2,0,1,linux,BFC
4f3a00c7f5b2cfe4e127fd3fe49b55e1b318c01f,16,24,0,1,linux,BFC
3ad85b08f7789d51e6aad0f535296d1c31e319b9,42,0,0,1,linux,BIC
11d748045c6dadb279d1acdb6d2ea8f3f2ede85b,0,12,0,1,linux,BFC
59f34e80c4910bc69ca643a2bb93fcce51366d83,7,0,3,1,linux,BFC
1d2ea36eead91e77e2733000a7f8e81a87d30c52,83,0,0,1,linux,BIC
ab6241ae07c3c698543b565e4ea41995a29a3f62,0,0,3,1,linux,BFC
655fec6987be05964e70c2e2efcbb253710e282f,134,112,73,5,linux,BIC
a4a251f8c23518899d2078c320cf9ce2fa459c9f,7,0,1,3,linux,BFC
8e2e03179923479ca0c0b6fdc7c93ecf89bce7a8,1,0,0,1,linux,BFC
26cede343656c0bc2c33cdc783771282405c7fb2,0,0,1,1,linux,BFC
ded97d2c2b2c5f1dcced0bc57133f7753b037dfc,172,0,39,3,linux,BIC
9863bc8695bc36e39aca289650e5a4f17c1bf628,2,0,0,1,linux,BIC
3f3a46951e02a89961f47db97624767b5b9befec,2,2,0,1,linux,BIC
9e0dc7b9e1cbc9cd0dc4ab2377c0536d4b18bedc,3,0,0,1,linux,BFC
52ea992cfac357b73180d5c051dca43bc8d20c2a,6,0,0,1,linux,BFC
25bcc828d237cda65d34c736d70e4467fffb80b9,21,2,0,2,linux,BFC
05f6f7271a38c482c5021967433f7b698e102c45,17,0,5,1,linux,BIC
d515e027a9bcadbabfb95fa15fde94bd372d48bd,0,2,0,1,linux,BFC
f0b381178b01b831f9907d72f467d6443afdea67,0,0,4,1,linux,BFC
3cc55f4434b421d37300aa9a167ace7d60b45ccf,22,0,1,3,linux,BIC
40ce9798794f972961b5a1c54773ae3daf42cf29,192,0,0,1,linux,BIC
1769ae83c8cb32166d1e208f7cefbf334085bd58,0,0,1,1,linux,BFC
1df989242d3d790aec79e72d12874bf763c958e1,0,0,2,1,linux,BFC
87d1a50ce45168cbaec10397e876286a398052c1,2331,0,0,1,linux,BIC
7619517598ad5ba04beb855cde6558e72c73dbb5,18,0,9,1,linux,BFC
cca2094605efe6ccf43ff2876dd5bccc799202d8,48,12,0,1,linux,BFC
4bb043262878c9fc9b51ad67fc229bb973d957c8,460,290,48,1,linux,BIC
1b656e9aad7f4886ed466094d1dc5ee4dd900d20,0,0,1,1,linux,BFC
4db4c3ea56978086ca367a355e440de17d534827,3,0,2,1,linux,BFC
b038e8e3be724dd293a0849f5fe267fdddcca9dd,313,14,2,2,linux,BIC
6d548b9e5d56067cff17ff77585167cd65375e4b,0,0,1,1,linux,BFC
40d24c4d8a7430aa4dfd7a665fa3faf3b05b673f,0,1,3,1,linux,BFC
f84df2a6f268de584a201e8911384a2d244876e3,30,2,2,3,linux,BIC
4765420439e758bfa4808392d18b0a4cb6f06065,0,5,3,1,linux,BFC
848b8aefd44df99b3e38a872acb8d54d3530bebf,55,36,40,1,linux,BIC
e543e370ec3160c06c2cd897477150dfb23f1afd,6,0,0,2,linux,BFC
c11e3b48dbc367e38dfaea6e8a61d3b39f476685,103,80,1,4,linux,BIC
27fe2200dad2de8207a694024a7b9037dff1b280,0,0,1,1,linux,BFC
94b9d290b753cbbc87971ee134511245f5872a83,0,1,0,1,linux,BFC
f5ffb81f51376eb5a12e8c4cb4871426c65bb2af,11,0,2,1,linux,BIC
3bf404b470f9295135b7c93cddc78d7a5888e6d5,0,0,5,1,linux,BFC
a914e44693d41ba43604afa8c435c98a6d2c7cb1,1,14,9,1,linux,BIC
e4a41c2c1fa916547e63440c73a51a5eb06247af,3,0,1,1,linux,BFC
a0752e9c3097b2c4fccd618802938e0951038dfa,1,0,0,1,linux,BFC
2e34673be0bd6bb0c6c496a861cbc3f7431e7ce3,2,0,2,1,linux,BFC
2f6f0654ab61961fd0f7701fe3be89ea111f0cda,109,4,17,5,linux,BIC
9cbee358687edf0359e29ac683ec25835134f059,778,0,4,2,linux,BIC
996d5d5f89a558a3608a46e73ccd1b99f1b1d058,0,0,1,1,linux,BFC
701a6d6ac78c76083ddb7c6581fdbedd95093e11,0,4,13,1,linux,BFC
9702cffdbf2129516db679e4467db81e1cd287da,12,0,0,1,linux,BFC
8deb3eb1461e4cb136c88d03ec5a6729ccf2f933,58,0,0,2,linux,BIC
e2a60da74fc8215c68509a89e9a69c66363153db,23,26,23,7,linux,BIC
697ece78f8f749aeea40f2711389901f0974017a,0,0,4,1,linux,BIC
5337824f4dc4bb26f38fbbba4ffb425a92803f15,11,1,22,14,linux,BIC
800d8c63b2e989c2e349632d1648119bf5862f01,261,0,70,9,linux,BIC
92092fe528e79c9bd25784ca0ef341d5a1d1b642,16,0,0,1,linux,BFC
92f9170621a13e4ba4eda6dfb070318d5405a0cf,0,0,1,1,linux,BFC
a08f16cfe8dc7402228840d9ef857d6253bba9ee,156,0,4,7,linux,BIC
f65ee535df775a13a1046c0a0b2d72db342f8a5b,16,0,1,1,linux,BFC
ed7d9a1d7da6fe7b1c7477dc70e95051583fd60c,0,0,2,1,linux,BFC
2316a7a33408b6e7b24e9d2a9a7c24af9a012289,2,0,2,1,linux,BFC
48e0a83ece7803a62afd624ba70523ca66631c35,77,77,0,1,linux,BFC
dbf6b16f56830c995515e0d7350e9c639e6d186f,11,0,0,1,linux,BIC
0e9350de2ecdf22f003107d3d21db59e17c521ad,0,0,1,1,linux,BFC
3ba7f53f8bf1fb862e36c7f74434ac3aceb60158,9,2,6,1,linux,BIC
71d46f1ff2212ced4852c7e77c5176382a1bdcec,4,0,2,1,linux,BFC
c55b3e46cb99a8342cad9c1a35485bfe15187832,5,0,2,1,linux,BIC
f85196bdd5a50da74670250564740fc852b3c239,8,1,2,1,linux,BFC
fd63612ae81159bd7e59762de478889315463ee8,0,0,1,1,linux,BFC
b697e435aeee99b7f5b2d8f8dbb51f791be99b16,2,3,16,2,linux,BIC
8b5ec43d73dbdb427651caac5b76610ec0f5f298,10,10,1,2,linux,BFC
9c5d89bc10551f1aecd768b00fca3339a7b8c8ee,1,0,0,1,linux,BFC
90b05b0598c698252d5f7dcdce335c5a546e9047,6,0,2,1,linux,BFC
e379b40cc0f179403ce0b82b7e539f635a568da5,4,0,1,1,linux,BFC
61a05870b939b9c5551817ad65b74194ea84140c,31,17,3,5,linux,BFC
749aaf3372b8b56b8743c3e27700d64c8bd06921,2,3,4,1,linux,BFC
13100a72f40f5748a04017e0ab3df4cf27c809ef,162,0,18,1,linux,BIC
0e2ff11311d1d4c85dd9ad9ba4347775f628e94a,8,0,0,1,linux,BFC
32a243df82c8dc04ccba7fc6c6564ae9261cb738,1,2,2,1,linux,BFC
2e1cdfe184b5202d51e0611d7a051e2bea303946,1088,0,0,2,linux,BIC
68dee8e2f2cacc54d038394e70d22411dee89da2,0,0,1,1,linux,BFC
f0f7c2275fb925ea287e2da0585d17bde3d1fd2e,5,3,6,2,linux,BIC
e6ab9c4d437764c7fb728d428dc9e717cdb183d0,0,0,3,1,linux,BFC
6850d0f8b2542112629061808ed950b35eb982e4,0,0,1,1,linux,BFC
110b6d1fe98fd7af9893992459b651594d789293,1,0,0,1,linux,BFC
469ed9d823b7d240d6b9574f061ded7c3834c167,6,0,3,1,linux,BFC
addc3fa74e5bcfabc0766f934a8895d1f9f6a67c,14,0,6,2,linux,BIC
3c74cbb8d0013f6ec7cdee0812247dae35edd757,0,1,0,1,linux,BFC
7e7f4780c3402bd181eea82ca6395013623e4fbf,182,0,1,4,linux,BIC
79c62220d74a4a3f961a2cb7320da09eebf5daf7,1,0,0,1,linux,BFC
97a37c919f6262fe75afc4a4eb838093bf18b032,0,2,2,1,linux,BFC
15de9cb5c9c83a23be92b8f7a1178cead1486587,3,5,18,3,linux,BFC
c8d94a1878342fdffedaaf15201d951dfc147065,0,0,2,1,linux,BFC
64eb35f701f04b30706e21d1b02636b5d31a37d2,4,5,18,6,linux,BIC
3dfa576bfb453482314b596931a59a4951428058,68,0,4,2,linux,BIC
105cd17a866017b45f3c45901b394c711c97bf40,5,0,0,1,linux,BFC
96fadf7e8ff49fdb74754801228942b67c3eeebd,16,13,92,3,linux,BFC
469b390e1ba330e888175e55d78573db2e9a8cb4,0,11,9,2,linux,BIC
f7005142dacea1769fba0152c493aaa61b33205c,33,49,1,3,linux,BIC
feda49a1a550d271593cbe9d198527cfd78dd8c4,0,0,1,1,linux,BFC
9c4bf5e0db164f330a2d3e128e9832661f69f0e9,0,9,1,1,linux,BFC
4ee339e1e92a9cff6ceda5a81622625ffe554163,40,0,0,2,linux,BIC
e55a0de185726ca43e8a31d363ad73c4f0a6770b,58,0,1,3,linux,BIC
1d70ba3bfb30cf8d151f18f5bf7d7a218ecede57,0,0,3,1,linux,BFC
04ecac8c12cdab87c44a98f0679079dd13d95a78,1,0,0,1,linux,BFC
cee7fb437edcdb2f9f8affa959e274997f5dca4d,20,0,1,1,linux,BFC
2a10ab043ac5a658225ee77852db7942de9ac4c5,31,16,1,2,linux,BIC
1470ddf7f8cecf776921e5ccee72e3d2b3d60cbc,105,58,49,2,linux,BIC
b2f97f7de2f6a4df8e431330cf467576486651c5,2,0,1,1,linux,BFC
cb8aa9a3affb7d23b11b11fbed41e2feaabc4b0a,321,0,73,7,linux,BIC
3a4d44b6162555070194e486ff6b3799a8d323a2,59,41,49,5,linux,BIC
7f9a3e150ec7d3596386449c15aefb59904a1266,62,0,1,4,linux,BIC
44db1216efe37bf670f8d1019cdc41658d84baf5,2,0,0,1,linux,BFC
cdc3a45390341e579421957257e3607c017a0785,0,1,2,1,linux,BIC
7989b4bb23fe489996de7ad97b9327e804d7c158,51,0,3,3,linux,BIC
41d8a9333cc96f5ad4dd7a52786585338257d9f1,577,4,70,6,linux,BIC
dd481828975f1a7e535e51f0e10178ae8e05fe33,0,0,1,1,linux,BFC
9bf3d3c4e4fd82c7174f4856df372ab2a71005b9,0,0,2,1,linux,BFC
1b479fb801602b22512f53c19b1f93a4fc5d5d9d,1,0,2,1,linux,BIC
27592ca1fadf2d2a44bb24ecc5da604fd840d633,0,0,2,1,linux,BFC
f16b90c2d9db3e6ac719d1946b9d335ca4ab33f3,3,0,0,1,linux,BFC
21acee4ecf9c3d9eff545f50e79c321a0c35d9b3,0,0,1,1,linux,BFC
1689333f8311f5952ee69d64adf242028dc7e6c6,67,0,0,2,linux,BIC
5466112f0935f079e225514905c57d5e5285a9b6,3,0,3,1,linux,BFC
7de2e9f195b9cb27583c5c64deaaf5e6afcc163e,6,0,2,1,linux,BFC
267897a4708fd7a0592333f33a4a7c393c999ab7,49,44,86,2,linux,BIC
4a850f8dc68b8c4a20333521b31600c9d31ccb5d,7,0,7,1,linux,BFC
f0c1c4d2864ed614f90d2da1bab1a1c42907b940,2,0,1,1,linux,BFC
7f073d011f93e92d4d225526b9ab6b8b0bbd6613,0,0,2,1,linux,BFC
666046418d5c07469f9b1c0e3f515c1ea8126207,0,0,1,1,linux,BFC
d27e2ca1166aefd54d9c48fb6647dee8115a5dfc,0,0,3,1,linux,BFC
d9c57d3ed52a92536f5fa59dc5ccdd58b4875076,20,0,0,1,linux,BFC
fc64623637da5e964566628bc0e660e93dc7a395,87,32,76,3,linux,BIC
19271c1a083282fbd568f3f214a6182e973626eb,1,0,1,1,linux,BFC
3b51c44bd6936e86a7180abd9aebc4387a479253,54,19,8,3,linux,BIC
3f553b308bb004eb730da8e00a28150c157c7724,0,0,1,1,linux,BFC
51db452df07bb4c5754b73789253ba21681d9dc2,1,1,2,1,linux,BFC
9c59a01caba26ec06fefd6ca1f22d5fd1de57d63,3,0,3,1,linux,BFC
3cd084519c6f91cbef9d604bcf26844fa81d4922,1437,0,0,5,linux,BIC
206bc0f6fb945e90cfea677339ef8adfaedc4b4f,91,65,4,8,linux,BIC
b8e204006340b7aaf32bd2b9806c692f6e0cb38a,8,171,56,3,linux,BIC
bd096f6443194e57382686a3ac5f2ce4e82b55d7,46,0,37,2,linux,BIC
03ed5a8cda659e3c71d106b0dd4ce6520e4dcd6e,0,0,2,2,linux,BFC
ade0b0c965f59176daddbef9c4717354034f9bce,3,0,0,1,linux,BFC
e22b886a8a43b147e1994a9f970f678fc0df2033,16,0,0,1,linux,BIC
9626014258a5957ff120b3987ee72decdbe0c798,31,0,0,5,linux,BIC
12c44aba6618b7f6c437076e5722237190f6cd5f,0,0,8,1,linux,BIC
5a2b930416462a2ff09e507728ccfbfa7cb65ed8,222,0,1,1,linux,BIC
a0eb9abd8af92d1aa34bc1e24dfbd1ba0bd6a56c,10,0,0,1,linux,BFC
f7748e2952387f1a67db3bc618050149427420c9,0,0,2,1,linux,BFC
7013908c2db285cd6b48fcd427a56354beac2233,1,0,3,1,linux,BFC
8cd0cd065f3720385eef223a63dcc552ba98bc01,0,0,3,3,linux,BFC
190d38a52a73ef8ac05c1931dda730e0f9b79095,238,0,0,1,linux,BIC
6db074618969dc6fac4978e8043945fd440b310a,0,0,6,2,linux,BIC
94dd016ae538b12ea665015e5fd0c9844b184005,51,0,2,1,linux,BIC
30cb3ee299cbf343fe07419e9b0f8dc305979eb6,10,0,7,3,linux,BIC
31162af447d7afba6820e42ed9cf968ed74c64cd,6,0,13,1,linux,BIC
4477138fa0ae4e1b699786ef0600863ea6e6c61c,10,3,1,1,linux,BIC
98e8201039afad5d2af87df9ac682f62f69c0c2f,37,0,0,1,linux,BIC
66f24a7ebffc5eaef9b799a2a72dd61149ad846b,0,0,1,1,linux,BFC
c6195a8bdfc62a7cecf7df685e64847a4b700275,0,0,1,1,linux,BFC
1d3e20236d7a5678d44602171bbd153c57c8c4bc,612,0,0,2,linux,BIC
492c88720d36eb662f9f10c1633f7726fbb07fc4,5,0,1,1,linux,BFC
9f416319f40cd857d2bb517630e5855a905ef3fb,5,0,2,3,linux,BFC
029bde79fb7969dcd9a4b2940efc06e9404a9df1,0,1,0,1,linux,BFC
286c2349f6665c3e67f464a5faa14a0e28be4842,2,9,7,3,linux,BIC
da5c504c7aae96db68c4b38e2564a88e91842d89,112,0,4,1,linux,BFC
9331f7d3c54a263bede5055e106e40b28d0bd937,0,0,2,1,linux,BFC
45daaa1318410794de956fb8e9d06aed2dbb23d0,0,1,3,1,linux,BIC
d39b5bad8658d6d94cb2d98a44a7e159db4f5030,1,0,1,1,linux,BFC
fc9977dd069e4f82fcacb262652117c488647319,15,78,36,2,linux,BIC
e12854174bbe5bab7b8f3e378e05dc0700112112,0,0,3,1,linux,BFC
c0372bc873dd29f325ee908351e0bd5b08d4d608,5,5,0,1,linux,BFC
f8261c376e7f8cb9024af5a6c54be540c7f9108e,0,0,1,1,linux,BFC
56a94f13919c0db5958611b388e1581b4852f3c9,20,3,10,1,linux,BIC
3b49a7edec1df4f7019b3b872124231197267205,11,0,0,2,linux,BIC
fe2a08b3bf1a6e35c00e18843bc19aa1778432c3,0,0,1,1,linux,BFC
7f342678634f16795892677204366e835e450dda,2,0,5,1,linux,BFC
b126a200e9dbd90fbe2148ee572dd0c2508be81f,57,0,0,4,linux,BIC
2ef7a2953c81ee6b341e3ffb33570adc894cf4a5,242,414,9,3,linux,BIC
b8fff748521c7178b9a7d32b5a34a81cec8396f3,1,0,0,1,linux,BIC
7bea41c4a25675a32bc3a63cfbd98099fdfb2695,8,0,0,1,linux,BFC
825f8b0b17a89774fe62ca5b79823185ba0dc849,0,1,0,1,linux,BFC
ce33c845b030c9cf768370c951bc699470b09fa7,5,0,1,1,linux,BFC
fd2874b3bbe832e90ac480971a7a8bd736b629b9,0,0,1,1,linux,BFC
0135c03df914f0481c61f097c78d37cece84f330,9,0,0,1,linux,BIC
70c69274f354ecb905cd46449111e73b17dedaad,18,4,1,1,linux,BIC
be4f77ac68843fc347a262e5e7f6dbca8acadc50,7,22,91,7,linux,BIC
0ed41b33882c577e1d6582913163a2f5727765fe,15,33,50,1,linux,BFC
98b1d33dac5fd09060486762c02fd1a78baeb1e0,256,0,0,7,linux,BIC
603501c16431c56f74eaef1ee1390f60a30c2187,0,0,79,1,linux,BFC
84855678add8aba927faf76bc2f130a40f94b6f7,2,1,0,1,linux,BFC
fd48e9acdf26d0cbd80051de07d4a735d05d29b2,2,3,36,1,linux,BFC
2b745ac3cceb8fc1d9985990c8241a821ea97e53,3,0,5,1,linux,BFC
9eb13f65c305ec6687d7666abce14e6c047fa872,4,0,0,1,linux,BFC
0952da791c97477da52fbdb2242477d781b9f37e,224,0,3,4,linux,BIC
2b156fb57d8f0d28f2207edc646751f4717cf20d,6,7,1,1,linux,BFC
d1be35cb6f96975d792a1535d3fe9b75239065ee,32,41,61,7,linux,BIC
5ad773f9a92f6a0b8d7433921e89b9beb567e5d0,1,0,3,1,linux,BFC
216808c6ba6d00169fd2aa928ec3c0e63bef254f,0,2,2,1,linux,BFC
fed4825096cfbbfd654cb292ab6eb193911aef01,0,0,2,1,linux,BFC
9c99a63ec74f34f7afef6a475a89062caf14bd86,87,0,0,1,linux,BIC
053ca37c87af65f41f5842070c68aa53c3d035f5,40,41,2,1,linux,BFC
eb0249d50153a8edf2c0cfbf281199813980c8d4,79,0,0,1,linux,BIC
5c5cd7b502595f6b90509b8aa4bba6f81b69315c,827,3,14,4,linux,BIC
030d37bd1cd2443a1f21db47eb301899bfa45a2a,0,5,0,1,linux,BFC
153a2d7e3350cc89d406ba2d35be8793a64c2038,39,0,1,3,linux,BIC
ffd3cdccf214cf0df08856a6738544076c4cd548,10,4,9,3,linux,BIC
08c9fd04211754a34dddbb1471d6265a717ef7fd,9,7,2,1,linux,BIC
d58f2bf261fdf3a3fc916c9999a686f959dcf6b6,17,0,2,1,linux,BIC
489de956e7a2443e8ef80fe6b4dd6c6c28574f33,117,44,20,2,linux,BIC
3f2b7b9035107d6096ea438ea3d97dcf0481b6d2,0,1,1,1,linux,BFC
1c3c5eab171590f86edd8d31389d61dd1efe3037,12,0,2,3,linux,BIC
dc86c129b4fb5c387b0678cfb6081ef29809cc41,2,0,1,1,linux,BFC
a93e0b2365e81e5a5b61f25e269b5dc73d242cba,18,0,1,2,linux,BFC
eb0146daefdde65665b7f076fbff7b49dade95b9,3,0,1,1,linux,BFC
41855a898650803e24b284173354cc3e44d07725,1,2,2,1,linux,BFC
4f6a49de64fd1b1dba5229c02047376da7cf24fd,3,0,1,1,linux,BFC
f8d9ddbc28518a0f7d39d2ce51f778759b49f73e,7,1,4,1,linux,BIC
4a533218fccf82d4e371aeae737ce2383175fd01,11,1,73,1,linux,BIC
ce7929186a390b8630953be6d8225a9ae88030af,1562,0,0,9,linux,BIC
7960509329c24a2bf0bc4929636614a1b7bb4443,12,0,11,1,linux,BIC
ffbd9ca94e2ebbfe802d4b28bab5ba19818de853,13,8,6,1,linux,BIC
d99b601b63386f3395dc26a699ae703a273d9982,33,0,12,5,linux,BIC
ee8a9600b5391f434905c46bec7f77d34505083e,7,0,0,1,linux,BFC
9be68dd7ac0e13be2ac57770c1f921d6b3294c6e,4,0,1,1,linux,BIC
5bd73286d50fc242bbff1aaddb0e97c4527c9d78,0,0,1,1,linux,BFC
0ae0d60a379c11d6f3b11d9b9e8dbdd1fc683a1a,0,0,9,2,linux,BFC
d6c9e3f506ae8f96727017d1747887aab4e68605,19,1,8,2,linux,BIC
c27075772d1f1c8aaf276db9943b35adda8a8b65,0,0,1,1,linux,BFC
746e349980cb4dd73046434b25432257eefbbb72,0,1,1,1,linux,BFC
eab61fb1cc2eeeffbceb2cf891c1b7272141af82,0,3,5,1,linux,BIC
7fe05e125d5f730bd2d0fc53985bee77b6c762f0,0,0,1,1,linux,BFC
e55a73251da335873a6e87d68fb17e5aabb8978e,0,1,1,1,linux,BIC
b352c3465bb808ab700d03f5bac2f7a6f37c5350,2,0,0,1,linux,BFC
343d86bd45d2d5770acc8cab2e4c4b4f6595d1f6,6,4,9,7,linux,BFC
5b9d47cdde1aacaac9b9dcefe44ee3493dc5fd87,0,0,3,1,linux,BFC
636efbc66452659840a9a4df1daf80074ee439f6,0,0,1,1,linux,BFC
275ae411e56f8f900fa364da29c4706f9af4e1f3,0,0,1,1,linux,BFC
c431f8597863a91eea6024926e0c1b179cfa4852,0,0,1,1,linux,BFC
628f54cc6451d2706ba8a56763dbf93be02aaa80,137,0,3,2,linux,BIC
f8039ea55d4ccac2238a247a574f0acb3bc1dc4b,24,0,1,1,linux,BFC
3db1200ca21f3c63c9044185dc5762ef996848cb,0,0,2,1,linux,BFC
2b3cd6249b14e25da14f13cd520eb336230a4422,0,3,4,1,linux,BFC
978995def0f6030aa6b3b494682f673aca13881b,2,0,0,1,linux,BFC
815429b39d94c64f6d05eed9e7c1a9bdfdd5bd70,141,0,5,4,linux,BIC
77644ad86abd205742937010fa1cf4795e927212,0,0,1,1,linux,BFC
3d9c3dcc58e968403f29767726407bc680e087b5,1,20,23,2,linux,BIC
1ee23fe07ee83a38ecee927e701f762888ada942,4,0,2,2,linux,BIC
327455817a92522e669d2d11367e42af5956a8ed,35,0,1,2,linux,BIC
cdb749cef16bceb74950fc8668f2632ff7cac9aa,2,0,0,2,linux,BFC
352b205a3bac6bb68f27228768a5c12294e650bf,1,0,1,1,linux,BFC
3c6eeff295f01bdf1c6c3addcb0a04c0c6c029e9,0,0,2,1,linux,BFC
169d00a25658bccee7e155daa624aa74940eab7f,72,0,5,3,linux,BIC
9caf2d956cfa254c6d89c5f4d7b3f8235d75b28f,9,0,0,1,linux,BFC
b926c55d856cbe2593c44e783b31e2cdb0ef6371,9,53,104,1,linux,BIC
de3bfc4a16165cfc5f1504981f836d39a5f39a64,0,0,2,1,linux,BFC
c109bf95992b391bb40bc37c5d309d13fead99b5,0,1,11,8,linux,BIC
9973c98ecfda3a1dfcab981665b5f1e39bcde64a,250,0,16,3,linux,BIC
3cf31b1a9effd859bb3d6ff9f8b5b0d5e6cac952,11,0,3,1,linux,BFC
4ceb06e7c336f4a8d3f3b6ac9a4fea2e9c97dc07,33,1,26,2,linux,BFC
00194826e6be333083ba9ddbd6e83fb423206f8a,55,16,49,1,linux,BIC
992b703b5b389725c244977360a653648de3de2f,25,0,367,1,linux,BIC
cd8c1fd8cdd14158f2d8bea2d1bfe8015dccfa3a,0,0,1,1,linux,BFC
0751ddf77b6af2efe1041efb81141badd64efb65,70,0,2,1,linux,BIC
c0d638a03bc5dfdb08fb95d0a79ecada25f40da8,0,2,4,1,linux,BFC
b681af0bc1cc520c35f2ef109aa6a2db46d0ecb5,23,0,0,2,linux,BIC
623ee824e579d234b9f68c7b28ff5ab43f7c78e5,7,0,7,3,linux,BIC
22c3653d04bd0c67b75e99d85e0c0bdf83947df5,0,0,2,1,linux,BFC
3646ae0de90eb271ef48ec1fa75e63873ab20fc6,10,0,8,3,linux,BFC
6bf4e42f1d19de10800f4483b4bb7945aab283cb,61,0,18,1,linux,BIC
307d522f5eb86cd6ac8c905f5b0577dedac54ec5,23,28,10,3,linux,BIC
807195f2103f8662f8c0f9baf71dd7bc1a6b745b,0,1,0,1,linux,BFC
4df591b20b80cb77920953812d894db259d85bd7,4,1,5,1,linux,BFC
fcd5e74288f7d36991b1f0fb96b8c57079645e38,10,0,1,1,linux,BFC
b908bd3d4c4110a8a2ed84e2b6ab56fa7201db25,3,0,6,1,linux,BFC
d9a625744ed0e452f5c495cd8c51eed4b6623a4c,67,5,28,3,linux,BIC
8692cefc433f282228fd44938dd4d26ed38254a2,8,0,0,1,linux,BIC
58da5984d2ea6d95f3f9d9e8dd9f7e1b0dddfb3c,2,0,0,2,linux,BFC
22c11858e8002592c59ebb762e4e42dc634bf84f,45,0,6,3,linux,BIC
0594c58161b6e0f3da8efa9c6e3d4ba52b652717,3,0,6,1,linux,BFC
ab03eff58eb5b4914ec96e989e4c30e320d20ad8,125,11,4,3,linux,BIC
ecd5507e72ea03659dc2cc3e4393fbf8f4e2e02a,2,0,2,1,linux,BFC
a3cdaa69e4aefd5858af1c4e763b57e0d88ed31e,73,0,0,2,linux,BIC
6e2d85ec05591b739059f65fe8438c9c5999f7d8,0,2,0,1,linux,BIC
a6286ee630f6d95f8466e19d7f1ae38d677028ae,2832,0,0,1,linux,BIC
f0e4cd948b918d5277cd141eaf8d2ab79b0c78b2,72,0,4,1,linux,BIC
618eabeae711c56d376daa147c6a684116d68705,286,0,7,8,linux,BIC
9047f19e7ccba5073d983dd3882b5f46086b578a,2,2,12,1,linux,BFC
3fa53ec2ed885b0aec3f0472e3b4a8a6f1cd748c,0,4,0,1,linux,BFC
73a6e474cb376921a311786652782155eac2fdf0,16,25,3,2,linux,BIC
d6765985a42a660f078896d5c5b27f97c580a490,4,0,2,2,linux,BFC
26177d7f3969da1827bc2b5923edcfc2ff4c3a61,3,0,8,1,linux,BFC
304dd3680b56a2a5c8eaff41bcf1a3e49adf7dfc,3,0,1,1,linux,BFC
cc8a55320b5f1196bee5bd14e4bb2ebd3b983317,24,2,2,3,linux,BIC
903b3f9badf1d54f77b468b96706dab679b45b14,3,0,3,1,linux,BFC
e550c16c8aab95c7996b0c864d5fcedc2c430a43,0,0,1,1,linux,BFC
e61bf5c071148c80d091f8e7220b3b9130780ae3,0,0,2,1,linux,BFC
e9ac31f0a5d0e246b046c20348954519f91a297f,21,0,1,2,linux,BFC
65527a51c66f4edfa28602643d7dd4fa366eb826,1,0,0,1,linux,BFC
51c100a651a471fcb8ead1ecc1224471eb0d61b9,3,0,1,1,linux,BFC
1f5c135ee509e89e0cc274333a65f73c62cb16e5,118,38,29,3,linux,BIC
c11e28f959a6e700d19a952e078cb368c2e781a4,4,0,0,1,linux,BFC
ac479b51f3f4aaa852b5d3f00ecfb9290230cf64,4,0,8,1,linux,BFC
b6816441a14bbe356ba8590de79cfea2de6a085c,4,0,0,1,linux,BFC
b13dda9f9aa7caceeee61c080c2e544d5f5d85e5,1,0,0,1,linux,BFC
b3af341bbd9662c672d596427ad23973584221d3,684,0,0,1,linux,BIC
423221d1745b53656db896bd34646d09d620c759,0,0,1,1,linux,BFC
3f3295709edea6268ff1609855f498035286af73,3,0,0,1,linux,BFC
a164b95ad6055c50612795882f35e0efda1f1390,0,0,1,1,linux,BFC
e891e41ee301a57fc74a4a0d4da60fdc9669e50c,2,0,0,1,linux,BFC
f01a7beb6791f1c419424c1a6958b7d0a289c974,1,0,2,1,linux,BFC
1a1503c5396eb7f2edf4b8ef6067853014478c0c,2,0,0,1,linux,BFC
ca3df3468eec87f6374662f7de425bc44c3810c1,2,2,0,1,linux,BFC
0fd7d43fbc4aaf358005231a6bed27eb1c2f60c3,5,0,4,1,linux,BFC
4ab50af63d2eb5da5c1571f8518948514f535782,19,15,23,1,linux,BFC
9666ea66a74adfe295cb3a8760c76e1ef70f9caf,1,0,0,1,linux,BFC
26092bf52478d23f872c6531e9e3ea9bde2c66c1,0,102,234,1,linux,BIC
d3ff46fe693683cb9660e9b93e8c932cc8e0c1f8,0,0,1,1,linux,BFC
55ce306c2aa1aa2fd372e089e55a11a5512776cb,126,0,11,3,linux,BIC
173ce1ca47c489135b2799f70f550e1319ba36d8,7,0,1,1,linux,BFC
dd7328e4c53649c1c7ec36bc1cf5b229b8662047,0,0,4,1,linux,BFC
1a4fe38add8be45eb3873ad756561b9baf6bcaef,16,4,47,1,linux,BIC
d8320d75b59ecdc1b8e60ac793d3a54d84333a18,0,0,1,1,linux,BFC
b497549a035c2a81b71c7a27f2b00c8a16c09423,1857,1812,21,6,linux,BIC
9a9f1d1a81a972513636c333e26c542f8aebae55,0,0,1,1,linux,BFC
79659190ee972c05498c338e48d80cb45490c533,1,4,8,1,linux,BFC
e718fe450e616227b74d27a233cdf37b4df0c82b,8,1,10,1,linux,BFC
378af02b1aecabb3756e19c0cbb8cdd9c3b9637f,0,0,1,1,linux,BFC
14beaccc36dc9c1afbe6da627b873bf1d6849234,1,0,0,1,linux,BFC
6f20e7f2e930211613a66d0603fa4abaaf3ce662,8,0,0,1,linux,BFC
4db428a7c9ab07e08783e0fcdc4ca0f555da0567,13,8,7,1,linux,BFC
9edba790fc52322051fd7b6589421021f0726483,1,2,0,1,linux,BFC
c92724de6db1be85be679a58af25659ba696e64d,327,0,1,1,linux,BIC
8e591cb7204739efa8e15967ea334eb367039dde,231,0,1,10,linux,BIC
1089650d8837095f63e001bbf14d7b48043d67ad,0,1,0,1,linux,BFC
030daa0f5dbc713a87eb99c22c242857be307b15,0,0,1,1,linux,BFC
1c5fb66afa2a1d1860cff46ef426117b11e029aa,0,8,33,32,linux,BIC
c397894e24f1c7281376c14dfdd4df8fe0e84754,537,0,0,1,linux,BIC
1a519dc7a73c977547d8b5108d98c6e769c89f4b,3,0,0,1,linux,BFC
bbbe563f8490958861777d98871e16960163ea1b,0,1,1,1,linux,BFC
dc01a3b9db43abf95b801c9694980777a329e303,0,0,1,1,linux,BFC
348e46fbb4cdb2aead79aee1fd8bb25ec5fd25db,0,0,1,1,linux,BFC
daf00ae71dad8aa05965713c62558aeebf2df48e,5,0,2,1,linux,BIC
e88893fea17996018b2d68a22e677ea04f3baadf,1,0,0,1,linux,BFC
da7061c82e4a1bc6a5e134ef362c86261906c860,0,0,1,1,linux,BFC
d88d05a9e0b6d9356e97129d4ff9942d765f46ea,0,0,1,1,linux,BFC
01efe65aba6585c78c6fb90d63c3d10773b6f868,87,0,18,1,linux,BIC
a84fddb16d9bdcb2e40b26aa53a4e4703839298a,8,14,8,1,linux,BFC
014d029876b23f5963c792c4622eb0eaea930f19,9,0,5,1,linux,BFC
e33bbe69149b802c0c77bfb822685772f85388ca,0,0,1,1,linux,BFC
0bd01f3d090788188d3766bac044292de2789d03,47,0,15,8,linux,BIC
c17abcfa93bf0be5e48bb011607d237ac2bfc839,0,0,1,1,linux,BFC
8b39da985194aac2998dd9e3a22d00b596cebf1e,0,7,0,1,linux,BFC
0e353e34e1e740fe575eb479ca0f2a723a4ef51c,239,0,5,4,linux,BIC
c4b7174fe5bb875a09a78674a14a1589d1a672f3,2,0,1,1,linux,BFC
6a2a2f45560a9cb7bc49820883b042e44f83726c,0,0,1,1,linux,BFC
84073e568eec7b586b2f6fd5fb2fb08f59edec54,0,0,1,1,linux,BFC
eea40b8f624f25cbc02d55f2d93203f60cee9341,0,0,2,1,linux,BIC
b518ba9fa691a3066ee935f6f317f827295453f0,2,10,28,1,linux,BIC
6fd8f323b3e4e5290d02174559308669507c00dd,1,0,0,1,linux,BFC
2d25107e111a85c56f601a5470f1780ec054e6ac,0,0,1,1,linux,BFC
b507cb92477ad85902783a183c5ce01d16296687,2,0,0,1,linux,BFC
9fef65443388a66a2c19835e2848a6ecf162710b,0,7,5,1,linux,BIC
a0f1ccd96c7049377d892a4299b6d5e47ec9179d,6,0,11,1,linux,BFC
21957b5bf0ff607e6e0ed55a3a89454e969511ba,0,1,2,1,linux,BFC
44edf2f89791d162f4dc5ec3718d21f3d6644403,0,1,2,1,linux,BFC
c33cb0020ee6dd96cc9976d6085a7d8422f6dbed,0,0,1,1,linux,BFC
1287723aa139b46dc0b9b53c7212af71f1acfc39,111,6,9,1,linux,BIC
bcf41dc480b179bfb669a232080a2e26dc7294b4,25,13,3,1,linux,BIC
435857e015dc7b337c5f21d195ac2e4ffd694283,0,0,6,1,linux,BIC
af3df2cf17f5df079189c3cc88870d28e219496b,0,0,1,1,linux,BIC
88b099006d83b0bf452379cad4ce494329084726,48,47,10,2,linux,BFC
2c14fa838cbefc23cf1c73ca167ed85b274b2913,133,3,2,2,linux,BIC
aed361adca9ff1d828843f3afc5d9140a2fa410d,834,0,0,3,linux,BIC
5df6d737dd4b0fe9eccf943abb3677cfea05a6c4,9164,0,0,33,linux,BIC
b2d7ecbe355698010a6b7a15eb179e09eb3d6a34,7,0,0,1,linux,BFC
1cf8e5de4055f85383405a21a0a7c3c4348bf2ed,0,2,3,1,linux,BFC
a68a0262abdaa251e12c53715f48e698a18ef402,0,1,1,1,linux,BFC
30e99ed6dbdde68f5ad23db3a5872c3c247526b6,7,0,9,1,linux,BFC
a333215e10cb5d3b1e0685ca117f0e9452215485,90,0,8,6,linux,BIC
90dbad8cd6efccbdce109d5ef0724f8434a6cdde,2,0,0,1,linux,BFC
f7e1089f43761ca221914aea9a755b23dc7cbc33,0,0,1,1,linux,BFC
0c1f78a49af721490a5ad70b73e8b4d382465dae,3,5,1,3,linux,BFC
028423b0d8fa27c30a46da4af2a5cab230369de6,0,0,3,1,linux,BFC
9005c6834c0ffdfe46afa76656bd9276cca864f6,26,0,30,1,linux,BIC
e39afe3d6dbd908d8fd189571a3c1561088a86c2,68,187,250,48,linux,BIC
2adc965c8bfa224e11ecccf9c92fd458c4236428,0,0,11,1,linux,BFC
34c15202896d11e3974788daf9005a84ec45f7a2,1,0,0,1,linux,BFC
371351731e9c2a7d8f4b169731495cb4f0589063,7,0,7,3,linux,BIC
ec1af6c64db94e4f24e53011a77b2bf2220ae000,8,1,16,2,linux,BFC
48b0961269546716c3232748bf37e64e49fb866c,4,3,1,1,linux,BIC
9eea92226407e7a117ef1ceef45380ebd000a0e2,10,1,0,1,linux,BFC
65f8db8150ee30623cd6b870d6f836c4339026a5,0,0,1,1,linux,BFC
ceb736e1d45c253f5e86b185ca9b497cdd43063f,4,0,2,1,linux,BFC
1265132127b63502d34e0f58c8bdef3a4dc927c2,4,0,4,1,linux,BFC
2aa916e67db3e625cc0bfe577f67034a46f81c8a,11,0,0,1,linux,BIC
f40019475bbbe9b455e7fd4385fcf13896c492ca,1,0,3,1,linux,BFC
d1a6cbdf1e597917cb642c655512d91b71a35d22,0,0,1,1,linux,BFC
1700714b1ff252b634db21186db4d91e7e006043,1,1,0,1,linux,BFC
b73e05aa543cf8db4f4927e36952360d71291d41,0,0,2,1,linux,BFC
7a05293af39fc716d0f51c0164cbb727302396a2,8,0,0,1,linux,BFC
0492d857636e1c52cd71594a723c4b26a7b31978,35,18,0,3,linux,BFC
9acc99d8f278e3da398e927774431bd3e947ab2e,3,0,2,1,linux,BFC
586f4335700fac3a5b2dd337b5b96e09c012184b,0,0,4,2,linux,BFC
df87eb0fce8fc891b43199447b9aeb3ea2d39bcf,0,19,0,1,linux,BIC
9a0e5d6fb16f5a92a8e7e7626666665d0ff79474,280,0,0,2,linux,BIC
84b2789d61156db0224724806b20110c0d34b07c,6,6,21,5,linux,BIC
dbde19da96370670cfc4379ab2bfa8db6be42c2b,332,0,2,1,linux,BIC
4c8fb2986d44c5a75949a88ac61deec0ed50a542,0,0,3,1,linux,BIC
50a0efae2758687737349707e335ccf2de9007d2,0,0,1,1,linux,BFC
b82a26d8633cc89367fac75beb3ec33061bea44a,11,0,0,1,linux,BFC
2d8f7e2c8a63131828e8d4e2d98835399f27319e,0,0,2,2,linux,BFC
bc64d05220f3e34cf432a166b83c8fff14cd7a3d,513,10,5,6,linux,BIC
2e0cc304e984290935c70fdbe589931e552d7d94,0,0,1,1,linux,BFC
cd6e111bf5be5c70aef96a86d791ee7be0c0e137,596,0,0,3,linux,BIC
0624bf847dd0ddc9bf71ccb9d1a6fffa9e5a8dd0,0,2,2,1,linux,BIC
65f33b35722952fa076811d5686bfd8a611a80fa,2,0,4,1,linux,BFC
0b93bbc977af55fd10687f2c96c807cba95cb927,0,0,2,1,linux,BFC
56b2eca3fea8ea4fb6ec732b98470a09385cb1eb,7,3,8,1,linux,BFC
30323fb6d552c41997baca5292bf7001366cab57,21,0,0,1,linux,BIC
114e025968b5990ad0b57bf60697ea64ee206aac,5,0,4,1,linux,BIC
b0490a04e736356e427e227902b17f9927a56caf,2,0,2,1,linux,BFC
3a6820f2bb8a079975109c25a5d1f29f46bce5d2,25,0,0,2,linux,BIC
556699341efa98243e08e34401b3f601da91f5a3,9,0,4,1,linux,BFC
59348401ebed9f0e8ffe2d5b9cf1de30ecb24dde,58,0,1,1,linux,BIC
7cd806a9a953f234b9865c30028f47fd738ce375,3,0,8,1,linux,BIC
b554e1450658039df28486f19216d6962d29dba6,39,0,0,1,linux,BIC
9aabb68568b473bf2f0b179d053b403961e42e4d,6,0,1,1,linux,BIC
25fe2c9c4cd2e97c5f5b69f3aefe69aad3057936,1,0,1,1,linux,BFC
9224eb77e63f70f16c0b6b7a20ca7d395f3bc077,0,0,1,1,linux,BFC
8f7262cd66699a4b02eb7549b35c81b2116aad95,0,1,1,1,linux,BFC
76b453873628946d4794964fee75835114e5f35b,1,0,0,1,linux,BFC
95fe51096b7adf1d1e7315c49c75e2f75f162584,14,29,8,1,linux,BIC
acda0c3340282bc7c36f4e9a5e2ccb7bb7e64676,0,3,0,1,linux,BIC
274d79e5187558078fcf107445fe56ab2fbe4c97,378,0,1,3,linux,BIC
363fc53b8b5803ce43debc1e66cebaaf509fd20a,40,0,8,1,linux,BIC
0d2c4f9640501ff57ba0be1f5644a02c29a02fa1,0,21,6,1,linux,BIC
f75a2804da391571563c4b6b29e7797787332673,14,0,17,5,linux,BFC
ef44d78d8937146269ec3f0de966817a6d630d5e,2,0,0,1,linux,BFC
e735def0186770d9a2904bee6ee82a4e6dd99578,1,0,0,1,linux,BFC
785171fd6cd7dcd7ada5a733b6a2d44ec566c3a0,0,0,1,1,linux,BFC
041939c1ec54208b42f5cd819209173d52a29d34,1,0,0,1,linux,BFC
78c98f9074135d3dab4e39544e0a537f92388fce,419,104,100,15,linux,BIC
f292b9b28097d8fe870336108e91bd95a14294bf,7,0,4,1,linux,BFC
20032b63586ac6c28c936dff696981159913a13f,1,0,0,1,linux,BFC
126f21f0e8d46e2c0e9daafb67546dbfb316d325,2,2,3,1,linux,BIC
be4e3c737eebd75815633f4b8fd766defaf0f1fc,14,0,2,1,linux,BFC
8fac365f63c866a00015fa13932d8ffc584518b8,4,0,0,2,linux,BIC
c10f07aa27dadf5ab5b3d58c48c91a467f80db49,20,67,9,2,linux,BIC
74c09b7275126da1b642b90c9cdc3ae8b729ad4b,16,0,14,3,linux,BFC
8074a79fad2e34fce11ea2b2c515b984fc6b2a08,132,0,0,2,linux,BIC
a0c0feb57992c5caed170feab8a68c51306eb7c3,17,0,2,2,linux,BIC
9a86cda07af2c63649932f0a4fc757701ef54c42,11,0,0,1,linux,BIC
bd99c71bd14072ce2920f6d0c2fe43df072c653c,2,2,1,1,linux,BFC
067113d9db66f8a6cde6d9105404731b3b275202,1,2,0,2,linux,BFC
56293ff232b9e2b071ffff177010b296acda0523,1,1,0,1,linux,BIC
911a26484c33e10de6237228ca1d7293548e9f49,0,0,1,1,linux,BFC
568d3434178b00274615190a19d29c3d235b4e6d,0,0,2,1,linux,BFC
160bfa7c724b348a90a12dd9694f351927a15b8e,0,0,4,2,linux,BFC
2fcb4090cd7352665ecb756990a3087bfd86a295,0,3,8,4,linux,BFC
f318903c0bf42448b4c884732df2bbb0ef7a2284,95,0,8,7,linux,BIC
435cbab95e3966cd8310addd9e9b758dce0e8b84,2,0,5,2,linux,BIC
158a05a0b885f456a86720b9b6b4571943d2e307,10,0,1,3,linux,BIC
776141dda77f153379a2eea0887f76cb3e6c8062,0,0,1,1,linux,BFC
1af4a96025b33587ca953c7ef12a1b20c6e70412,20,8,2,1,linux,BIC
83c9c547168e8b914ea6398430473a4de68c52cc,10,0,7,4,linux,BFC
ed3590561f5d3343a1717396307d0942eda472ed,6,0,2,1,linux,BFC
f94c8d116997597fc00f0812b0ab9256e7b0c58f,11,16,12,7,linux,BIC
880f5b388252fedb26c70bb80ad1d7c8abbc0607,1,0,15,3,linux,BIC
66b4d63bddccc99b8710bbafb036274da1b2e5ad,0,0,1,1,linux,BFC
8cd5fe62cc5a2aca1c698c28baa46ac6931ba11f,6,4,2,1,linux,BFC
d5406284ff803a578ca503373624312770319054,7,0,9,3,linux,BIC
8b7adf1dff3d5baf687acda936f193f80b7e0179,112,8,9,2,linux,BIC
31b4beb473e3bdee1bf79db849502dcb24b5c202,9,0,0,1,linux,BFC
0cce2823ed37b75555749c0969528d8c74887ada,61,19,8,1,linux,BIC
3d0ad09412ffe00c9afa201d01effdb6023d09b4,21,17,9,3,linux,BIC
b40f58b973865ee98ead884d2bdc7880b896ddb8,43,3,10,1,linux,BIC
1f512119a08c0d4d37c6f7865da378349d244ecc,16,1,8,1,linux,BIC
436c9453a1ac0944b82870ef2e0d9be956b396d9,4,0,5,1,linux,BFC
538603c6026ce769eec633bb79349f5f287519c7,1,0,2,1,linux,BFC
d46edd671a147032e22cfeb271a5734703093649,114,0,1,5,linux,BIC
55981d3541812234e687062926ff199c83f79a39,6,0,8,1,linux,BFC
869da64d071142d4ed562a3e909deb18e4e72c4e,2,0,0,1,linux,BFC
ff92b9e3c9f85fa442c430d70bf075499e1193b7,7,0,12,1,linux,BFC
431a91242d8d7876d33ab91b1f3ccdcd56b14f66,7,0,0,2,linux,BIC
16abd2a0c124a6c3543c88ca4c53c997c9fb4114,8,0,1,1,linux,BIC
9b562437d388582f5463a4c3f60ee97a2d4d8d58,2,0,1,1,linux,BFC
c164fbb40c43f8041f4d05ec9996d8ee343c92b1,12,3,22,8,linux,BIC
5fb9b797d5ccf311ae4aba69e86080d47668b5f7,0,0,4,1,linux,BFC
4194dec4b4169e5a9a5171db60c2ec00c4d8cf16,0,0,1,1,linux,BFC
16728aaba62e8b3b170735fdc3d8aa972835c136,18,0,0,3,linux,BIC
ba7aeae5539c7a7cccc4cf07a2bc61281a93c50e,82,0,25,3,linux,BFC
50855c31573b02963f0aa2aacfd4ea41c31ae0e0,2,0,1,1,linux,BFC
a0b1280368d1e91ab72f849ef095b4f07a39bbf1,2,0,1,2,linux,BFC
5a8dedfa3276e88c5865f265195d63d72aec3e72,0,11,6,2,linux,BFC
bcc44f6b74106b31f0b0408b70305a40360d63b7,5,17,3,3,linux,BFC
b8b79c414eca4e9bcab645e02cb92c48db974ce9,3,3,0,1,linux,BIC
cfafca8067c6defbaeb28cb898b7b3f8abdfe20d,62,0,4,3,linux,BIC
50115ac9b6f35ce6bbb61e5ae21fc3bbd01d490c,71,0,2,1,linux,BIC
2e96691c31ecf749f48aa94ea837b95dd656f5c2,9,1,16,8,linux,BIC
ff258817137a9004e2fbee2b36df58a4fc7d0f7e,130,72,22,2,linux,BIC
366ce60315292a579b8ceae2777102e1954a2024,6,0,0,2,linux,BFC
86cdf9ca4409d997a391103e480b3f77b7ccc19b,0,1,2,1,linux,BFC
7fdba0011157861892c470995ff586a1871e603f,3,0,5,1,linux,BFC
6ee82ef04e38b0d8b09b04bc1b068673deed6582,1,0,0,1,linux,BFC
9a2a566adb00a44bfb9243462a8d5b2330afc756,69,0,0,2,linux,BIC
d1fec5bdeb18ff98fbe317a9454bcd1fe8da1bee,0,1,2,1,linux,BFC
76255470ffa2795a44032e8b3c1ced11d81aa2db,0,0,1,1,linux,BFC
ef2bf4997f7da6efa8540d9cf726c44bf2b863af,4,0,1,2,linux,BFC
bb81b2ddfa194b6d12761a350b5b5985cecae0a9,1041,0,0,1,linux,BIC
97defe1ecf868b8127f8e62395499d6a06e4c4b1,269,38,115,4,linux,BIC
f3799ff16fcfacd44aee55db162830df461b631f,0,7,0,1,linux,BFC
67dd23f9e6fbaf163431912ef5599c5e0693476c,6,0,2,2,linux,BFC
12ecbb4b1d765a5076920999298d9625439dbe58,5,0,1,1,linux,BFC
39d35edee4537487e5178f258e23518272a66413,8,0,0,1,linux,BFC
ff1176f6164f3d151ee64c05d3f7b6662a81b982,1,0,2,1,linux,BFC
35cf2845563c1aaa01d27bd34d64795c4ae72700,16,2,1,1,linux,BFC
fbca9d2d35c6ef1b323fae75cc9545005ba25097,0,0,1,1,linux,BFC
f5f16725edbc1a53d4ef5c23c83a43f89ad1466f,12,1,17,1,linux,BIC
42fb9148c078004d07b4c39bd7b1086b6165780c,25,0,0,1,linux,BIC
e2bcb65782f91390952e849e21b82ed7cb05697f,3,5,2,1,linux,BFC
0530020a7c8f2204e784f0dbdc882bbd961fdbde,6,0,1,3,linux,BIC
ca1ff67d0fb14f39cf0cc5102b1fbcc3b14f6fb9,0,0,1,1,linux,BFC
43bb9e000ea4c62154c01844771fea25b8b83520,0,0,3,3,linux,BFC
dd5e90b16cca8a697cbe17b72e2a5f49291cabb2,11,0,3,1,linux,BFC
edd7dd2292ab9c3628b65c4d04514c3068ad54f6,6,0,1,1,linux,BFC
e72cb7d6245380acc11a24b75a865f7104ac8b33,23,1,29,1,linux,BFC
da0a00ebc239e852a504abfce2ad98957434ae58,284,0,0,2,linux,BIC
8bfd4858b4bba8fec14e4296cbac71aa55260d60,511,0,0,1,linux,BIC
d20267c9a98e082b718873bffbdfb44b126c995b,62,7,14,1,linux,BIC
bb4a2e48d5100ed3ff614df158a636bca3c6bf9f,34,1,92,3,linux,BIC
34c51814b2b87cb2e5a98c92fe957db2ee8e27f4,0,2,4,1,linux,BFC
71891e2dab6b55a870f8f7735e44a2963860b5c6,0,11,2,1,linux,BFC
8678ea06852cd1f819b870c773d43df888d15d46,0,0,1,1,linux,BFC
81363f248aecd2b5f10547af268a4dfaf8963489,1,0,0,1,linux,BFC
0a4465d340282f92719f4e3a56545a848e638d15,144,0,1,3,linux,BIC
e88f72cb9f54f6d244e55f629fe5e2f34ca6f9ed,0,0,1,1,linux,BFC
8a91ad9355c66c5026d3d911b434a25408ab876c,2,0,0,1,linux,BFC
faa2dbf004e89e8f7ccd28fbe6f07c308417b8ae,116,0,5,11,linux,BIC
1f50cc1705350a4697923203fedd7d8fb1087fe2,1,0,0,1,linux,BFC
4be4e03efc7f45ec002e8eddc83c22f80fed392c,236,1,25,1,linux,BIC
d0cdf9003140e9b40d2488aaee2838babe7e212c,876,0,45,1,linux,BIC
fd2206e4e97b5bae422d9f2f9ebbc79bc97e44a5,9,0,8,1,linux,BFC
41967a37b8eedfee15b81406a9f3015be90d3980,5,0,1,1,linux,BFC
852b2876a8a82f2c618da40b881bb07c2d42eb5c,1,16,29,2,linux,BIC
d1f20798a119be71746949ba9b2e2ff330fdc038,0,2,1,1,linux,BFC
6a7e0b0e9fb839caa7c7f25bcf91a95b1c2cbef1,1,0,4,1,linux,BFC
f9fb9d0b8519a795eeaca5108205593b66068cce,0,0,1,1,linux,BFC
92172da23c56faefca9a8790d441010bfa74bb20,0,0,3,1,linux,BIC
289ea9e4ae595545e736a63ccaadba65f880e9a4,68,0,0,2,linux,BIC
89fee59b504f86925894fcc9ba79d5c933842f93,0,0,1,1,linux,BFC
0f901dcbc31f88ae41a2aaa365f7802b5d520a28,59,0,2,1,linux,BFC
df747bcd5b216dae7be26945fab2558ed2f7f363,95,0,1,2,linux,BIC
d41f59fd92f2ef73026f55cd356a4ca253f4716a,134,0,0,2,linux,BIC
a7e2c642844cfefd570cb54a8d9fe7b85605311b,1,0,2,3,linux,BFC
abae8e57e49aa75f6db76aa866c775721523908f,32,0,17,1,linux,BIC
e89505698c9f70125651060547da4ff5046124fc,1,0,0,1,linux,BFC
8d4b475e9d0f100c3920d8bf7d392a6dac88583e,2,1,14,2,linux,BFC
72add915fbd5bf5c57deee3da5b2605e966ac199,199,4,5,8,linux,BIC
9a50dcaf0416a43e1fe411dc61a99c8333c90119,4,0,1,2,linux,BFC
1606e81543f80fc3b1912957cf6d8fa62e40b8e5,0,0,1,1,linux,BFC
ea59fc1beff1358966b213b4df89aca3f7dec157,0,0,1,1,linux,BFC
94fa3f929ec0c048b1f3658cc335b940df4f6d22,0,0,1,1,linux,BFC
46b2c40e0af3cdcba7ad7bf89ca1410d519a83c6,7,7,2,1,linux,BIC
d4b90dbc8578c567827901e625018ead7561f741,0,14,9,1,linux,BIC
cda286f0715c82f8117e166afd42cca068876dde,2,4,0,1,linux,BFC
d6d9704af8f42155791dc46d39d380e200c819ae,2,1,2,2,linux,BIC
4272caf34aa4699eca8e6e7f4a8e5ea2bde275c9,5,0,1,1,linux,BFC
68e03b85474a51ec1921b4d13204782594ef7223,0,24,0,1,linux,BFC
d376dbda187317d06d3a2d495b43a7983e4a3250,0,0,1,1,linux,BFC
e466af75c074e76107ae1cd5a2823e9c61894ffb,0,0,2,1,linux,BFC
cb5e173ed7c03a0d4630ce68a95a186cce3cc872,0,0,2,1,linux,BFC
484a9a68d669f899657a97dbb369cb3e3be7e7f5,450,0,0,1,linux,BIC
d52b095b6cb4dca3bdbc144e7098abdbbd45e9bc,1,0,0,1,linux,BFC
15423b958f33132152e209e98df0dedc7a78f22c,1,0,0,1,linux,BFC
f4eda8b6e4a5c7897c6bb992ed63a27061b371ef,0,2,0,1,linux,BFC
49d8ab9feaf20e7247edfdb36ce9ffa8db6b5f19,45,20,14,1,linux,BIC
8fbce8efe15cd2ca7a4947bc814f890dbe4e43d7,143,0,5,2,linux,BIC
51550a483606e35c379f78d28a7827f50e8fc09c,0,4,1,1,linux,BFC
83e2ec765be03e8a8a07619e65df70b48a1db023,655,0,0,2,linux,BIC
9c75891feef0f9f67cf1c8f8038371006e25d23f,293,113,64,28,linux,BFC
f5bc2c5de1015caf7e49b0bf9e7e97077736045a,210,0,0,4,linux,BIC
15f47ce57572adaeddd763b7086e52fccc23ed7c,22,22,0,1,linux,BFC
2027e5b3413d73533c6853154d31bf70c8eea7e1,26,29,33,4,linux,BIC
0d472c69c6a5e22cef9e5809e2f6d0ccd5934f4a,1,0,4,1,linux,BFC
a86cf9b29e8b12811cf53c4970eefe0c1d290476,11,0,9,1,linux,BIC
76073c646f5f4999d763f471df9e38a5a912d70d,3,0,3,1,linux,BFC
8478ed5844588703a1a4c96a004b1525fbdbdd5e,12,12,0,1,linux,BFC
37ca95e62ee23fa6d2c2c64e3dc40b4a0c0146dc,7,0,13,6,linux,BIC
ca86cad7380e373fa17bc0ee8aff121380323e69,33,0,1,5,linux,BIC
a8c66b684efaf628752262ed2c48cb096f1cf26d,934,1620,40,3,linux,BIC
d7e7b42f4f956f2c68ad8cda87d750093dbba737,19,6,2,1,linux,BFC
05359be1176bd097af9e7e833ff0317c55c5a86c,1224,0,0,4,linux,BIC
6e2edd6371a497a6350bb735534c9bda2a31f43d,17,11,2,3,linux,BFC
ba3a80fe0fb67d8790f62b7bc60df97406d89871,0,0,1,1,linux,BFC
b6f6881aaf2344bf35a4221810737abe5fd210af,7,0,0,2,linux,BFC
d2a91cef9bbdeb87b7449fdab1a6be6000930210,2,4,1,3,linux,BIC
ba8c90c6184784b397807b72403656085ac2f8c1,79,0,0,1,linux,BIC
36d5d22090d13fd3a7a8c9663a711cbe6970aac8,0,4,0,1,linux,BFC
485037ae9a095491beb7f893c909a76cc4f9d1e7,1,0,2,1,linux,BFC
5559904ccc0867a0ce796761681e40defe4a5f44,12,8,4,1,linux,BIC
9af204cf720cedf369cf823bbd806c350201f7ea,123,0,6,3,linux,BIC
fba429fcf9a5e0c4ec2523ecf4cf18bc0507fcbc,2,0,4,1,linux,BIC
5760d9acbe9514eec68eb70821d6fa5764f57042,53,0,0,1,linux,BFC
848e616e66d4592fe9afc40743d3504deb7632b4,6,0,4,1,linux,BFC
b77dbc86d60459b42ab375e4e23172e7245f2854,23,92,30,4,linux,BFC
d295c6a460cd2ac63597691288ed044f5cfa8a6e,59,0,0,2,linux,BIC
a8e654f01cb725d0bfd741ebca1bf4c9337969cc,13,0,6,2,linux,BIC
efb6de9b4ba0092b2c55f6a52d16294a8a698edd,86,20,22,4,linux,BIC
5b5140bf5182c24f1e37d61337a952e53f6aeb05,14,4,1,3,linux,BIC
f38e35dd84e2eee9c1dfadba90db3855da2b1116,34,22,2,1,linux,BIC
7e6bc1f6cabcd30aba0b11219d8e01b952eacbb6,7,0,1,1,linux,BFC
74369d041a0a3e9e57de50efd4bd4bc10564e254,7,7,0,1,linux,BFC
53b3847be5cbdf819cf366ea9160369ff00dcf8e,0,0,1,1,linux,BFC
93690cdf3060c61dfce813121d0bfc055e7fa30d,24,0,6,2,linux,BIC
0110a1ed0e8084f928170e055c87f4f046206908,0,13,14,2,linux,BFC
5bf7f8185f7c7112decdfe3d3e5c5d5e67f099a1,0,0,1,1,linux,BFC
d18216fafecf2a3a7c2b97086892269d6ab3cd5e,2,0,0,1,linux,BFC
794b2c05ca1c4ded4a023d11833e3855a0ed6ea8,88,0,4,3,linux,BIC
76507f69c44ed199a1a68086145398459e55835d,30,0,43,6,linux,BIC
2e3dd4a6246945bf84ea6f478365d116e661554c,3,0,2,1,linux,BFC
7aa6ca61ee5546d74b76610894924cdb0d4a1af0,8,0,0,1,linux,BFC
78470d9d0d9f2f8d16f28382a4071568e839c0d5,0,0,1,1,linux,BFC
472ebdcd15ebdb8ebe20474ef1ce09abcb241e7d,23,0,0,1,linux,BIC
928cfe8745a62e60c1e8e06676a74724e7786024,242,0,1,6,linux,BIC
32813e288414fecce18f37f8f0d0414a64b45c56,1,10,19,9,linux,BIC
1411b5218adbcf1d45ddb260db5553c52e8d917c,0,9,0,4,linux,BFC
f5a26acf0162477af6ee4c11b4fb9cffe5d3e257,14,7,1,1,linux,BFC
88bb16ad998a0395fe4b346b7d3f621aaa0a2324,5,3,1,1,linux,BFC
f3fd84a3b7754b60df67ebfe64e1d90623895111,0,2,0,1,linux,BFC
785f35775d968e0f45231b754e945fcb3ed6bded,0,0,1,1,linux,BFC
3b5bdd18eb76e7570d9bacbcab6828a9b26ae121,25,0,0,4,linux,BFC
15f720aabe71a5662c4198b22532d95bbeec80ef,0,0,1,1,linux,BFC
41c32e5da3ff3922490341a988b2a3ae46d0b6a8,0,0,12,2,linux,BFC
a4872e80ce7d2a1844328176dbf279d0a2b89bdb,190,146,0,3,linux,BIC
bbd34fcdd1b201e996235731a7c98fd5197d9e51,35,116,41,2,linux,BIC
3015c50384743eb14d20c907a400e10225da033b,18,0,6,1,linux,BFC
91fd3c3edcd7f223c5340a8324f67b03a85a73aa,0,1,0,1,linux,BFC
deccf497d804a4c5fca2dbfad2f104675a6f9102,2,0,3,1,linux,BIC
0ed5269f9e41f495c8e9020c85f5e1644c1afc57,232,0,4,2,linux,BIC
a5bf0a92e1b8282c93018383b2526ca59602dd08,1,0,1,1,linux,BFC
fda48bf5c86d88fd7074e318f290ad636dff4eaa,8,0,0,1,linux,BFC
3548e131ec6a82208f36e68d31947b0fe244c7a7,51,0,0,3,linux,BIC
f6c6804c43fa18d3cee64b55490dfbd3bef1363a,3,3,0,1,linux,BFC
ed9b7646b06a2ed2450dd9437fc7d1ad2783140c,87,0,1,2,linux,BIC
9ffed254d938c9e99eb7761c7f739294c84e0367,9,0,1,1,linux,BFC
067ecab9eef620d41040715669e5fcdc2f8ff963,10,0,0,3,linux,BFC
60ce37b03917e593d8e5d8bcc7ec820773daf81d,0,0,1,1,linux,BFC
9a0fd675304d410f3a9586e1b333e16f4658d56c,0,0,1,1,linux,BFC
34f81f049e354082f638820afe5e59bbd243fb18,20,0,0,1,linux,BFC
d484c21bacfa8bd2fa9fc26393ec59108f508c4c,600,0,0,1,linux,BIC
85ae9e512f437cd09bf61564bdba29ab88bab3e3,21,33,43,1,linux,BIC
009a789443fe4c8e6b1ecb7c16b4865c026184cd,5,0,23,1,linux,BFC
18569c1f134e1c5c88228f043c09678ae6052b7c,33,0,0,1,linux,BFC
6d7b857d541ecd1d9bd997c97242d4ef94b19de2,12,0,8,2,linux,BIC
fbd1ec000213c8b457dd4fb15b6de9ba02ec5482,0,0,1,1,linux,BFC
187fe84067bd377047cfcb7f2bbc7c9dc12d290c,25,0,3,2,linux,BIC
d777a8991847729ec4e2a13fcad58c2b00bb19dc,0,0,1,1,linux,BFC
9c4b205a20f483d8a5d1208cfec33e339347d4bd,22,0,1,1,linux,BFC
334c86c494b9a5754d4c0ffa3110b18c9771013b,26,0,0,2,linux,BIC
35b72573e977ed6b18b094136a4fa3e0ffb13603,41,12,1,3,linux,BFC
b89f04c61efe3b7756434d693b9203cc0cce002e,3,0,0,1,linux,BIC
20dcff436e9fcd2e106b0ccc48a52206bc176d70,0,2,0,1,linux,BFC
83fa9842afe7d15b53267978f347676f9b5632d1,0,1,0,1,linux,BIC
de02b9f6bb65a6a1848f346f7a3617b7a9b930c0,19,0,0,1,linux,BIC
fc2979118f3f5193475cb53d5df7bdaa7e358a42,394,0,0,1,linux,BIC
576193f2d57904cb78454d7b73eecfcac74fdf22,52,0,23,1,linux,BIC
e1b176af3d7ecf9f9c0c0db374b37a40073ac960,62,0,1,7,linux,BIC
97b0129146b1544bbb0773585327896da3bb4e0a,12,12,3,2,linux,BFC
195a4ef627e110cd468a69fdb973548e6914577a,105,18,1027,1,linux,BIC
ec12bc2909f9759747ab5ad3709472353c43a750,0,0,1,1,linux,BFC
80cd795630d6526ba729a089a435bf74a57af927,89,0,2,3,linux,BIC
6bed0118012ea350acbe606ab3ae0ed3d60ed5f3,2,0,4,1,linux,BFC
25db146aa7262bc95c314b2df35db107f5eadd55,135,0,0,1,linux,BIC
f53aaa31cce7b543e407da7e97690a700206f7b9,265,0,0,3,linux,BIC
7cda6223503d592f980a222811355ab07611b821,0,0,1,1,linux,BFC
e6e268cb682290da29e3c8408493a4474307b8cc,154,82,11,1,linux,BIC
f63d947c1673930bfc5f2f9bd1073a02c179a890,0,0,1,1,linux,BFC
eee422c46e6840a81c9db18a497b74387a557b29,2,2,7,1,linux,BFC
c1eef220c1760762753b602c382127bfccee226d,3,2,1,1,linux,BIC
632fbd5eb5b0e01f03f1acb90a2b9ac1352b5dc7,57,0,0,2,linux,BIC
7af0145067bc429a09ac4047b167c0971c9f0dc7,10,0,8,1,linux,BFC
ff3a52ab9cab01a53b168dc667fe789f56b90aa9,0,2,1,1,linux,BFC
601d5abfeaf244b86bb68c1e05c6e0d57be2f6b0,34,7,50,1,linux,BFC
6d9939f651419a63e091105663821f9c7d3fec37,58,0,34,1,linux,BIC
58cc1e4faf10a73c4302825ffd37a47d410fc1b5,83,0,4,5,linux,BIC
c48977f020d5846215e2ff7e8172e7b46b3d64b4,0,0,2,1,linux,BFC
10269f13257d4eb6061d09ccce61666316df9838,2,0,2,1,linux,BFC
f07d1501292b3b0d3276ee0e537005526a45e242,5,0,4,1,linux,BIC
eeda05b5e92f51d9a09646ecb493f0a1e872a6ef,3,0,0,1,linux,BFC
887554ab96588de2917b6c8c73e552da082e5368,4,0,4,2,linux,BFC
01d3e3ff26080040cb02ec4989a0da36d069f1e9,25,0,5,2,linux,BIC
aea835f2dc8a682942b859179c49ad1841a6c8b9,2,0,1,1,linux,BFC
aeae4f3e5c38d47bdaef50446dc0ec857307df68,1,3,1,2,linux,BFC
f2a9eb975ab2e848af68db26646793f5d9d097e8,82,1,9,1,linux,BIC
cdbc16c552f27ac211a44f9959d813b4f3188223,0,0,1,1,linux,BFC
02ef6dd8109b581343ebeb1c4c973513682535d6,1,0,0,1,linux,BIC
3b1d8d577ca8d0619c88ac76a943aa4ce11a3027,369,0,0,3,linux,BIC
b5aaab12b2b4bc4acab7384c17a87f3406e5047d,0,0,1,1,linux,BFC
463a9215f3ca7600b5fff6d903913906ae4548a9,0,3,6,1,linux,BIC
adeef3e32146a8d2a73c399dc6f5d76a449131b1,13,7,2,2,linux,BIC
56e2287b4110fbb81456a346b1d4c12bee7cf044,0,0,1,1,linux,BFC
d73f33b168831e53972fbf7c85db87950a41436c,11,1,18,1,linux,BIC
21a0a29d16c672b0c6e3662ea55969dccdbc5547,35,58,119,2,linux,BIC
9d06c4027f21fcfa60221bd7203eda3c82568467,23,4,2,5,linux,BIC
2ab3241161b3c340617063beea199e9966ee90c9,14,29,13,1,linux,BIC
6cf9481b440da6d6d86bd8e4c99a8b553b9d1271,3,0,2,1,linux,BFC
c78c2d0903183a41beb90c56a923e30f90fa91b9,0,6,1,4,linux,BFC
f0d2ca1531377e7da888913e277eefac05a59b6f,6,0,0,2,linux,BFC
57f230ab04d2910a06d17d988f1c4d7586a59113,0,0,2,1,linux,BIC
b32e4482aadfd1322357f46d4ed8a990603664d9,16,1,22,3,linux,BFC
42213a0190b535093a604945db05a4225bf43885,2,0,0,1,linux,BIC
8cdc23a3d9ec0944000ad43bad588e36afdc38cd,3,0,9,1,linux,BFC
8be018827154666d1fe5904cb7a43b6706e01c87,149,0,0,3,linux,BIC
332391a9935da939319e473b4680e173df75afcf,59,13,8,3,linux,BIC
348f08de55b149e41a05111d1a713c4484e5a426,6,0,1,1,linux,BFC
aa8d3a716b59db6c1ad6c68fb8aa05e31980da60,171,0,7,4,linux,BIC
0b226322434c7786381d7a594efca9cc46f85211,261,104,21,7,linux,BIC
722477c4f2c50bc8d800d293a3bc5aa843f16e8d,8,9,3,2,linux,BFC
1242a87da0d8cd2a428e96ca68e7ea899b0f4624,0,0,1,1,linux,BFC
44d1240d006c9cd0249263b5449c8e4752500f6a,273,0,0,5,linux,BIC
9f825e74d761c13b0cfaa5f65344d64ff970e252,6,0,5,1,linux,BFC
9666e27f90b995456f84f8b95eb4eacdb38a3c3b,20,27,21,2,linux,BIC
0696d79456881e79c025cee35950e4a8334ce853,0,14,0,1,linux,BFC
9610bd988df9882ccbd7a617e71fe303cddad591,71,8,17,4,linux,BIC
4a81f6da9cb2d1ef911131a6fd8bd15cb61fc772,14,0,11,2,linux,BFC
391e2f25601e34a7d7e5dc155e487bc58dffd8c6,13,66,297,3,linux,BIC
19b168136395150a4a6e011f944eb30d3d85094b,0,0,2,1,linux,BFC
94db3317781922ba52722c58061e0e8517d4d80d,219,0,39,10,linux,BIC
3d8f7615319b2bca87a4815e13787439e3339a93,10,18,10,2,linux,BFC
336820c4374bc065317f247dc2bb37c0e41b64a6,2,13,1,1,linux,BFC
bae170efd6c42bf116f513a1dd07639d68fa71b9,3,0,1,1,linux,BFC
eaad981291ee36efee15a5e515d4598ae94ace07,49,0,0,2,linux,BIC
3d6e79ee9e8f8c6604312382c2be1d1bd1cffc9e,1,2,1,1,linux,BFC
a7df4870d79b00742da6cc93ca2f336a71db77f7,3,2,2,2,linux,BIC
f9c23615c688270d2a383bd752f7a54a7137d596,0,2,0,1,linux,BFC
380324734956c64cd060e1db4304f3117ac15809,0,0,1,1,linux,BFC
56fbc24116f458a0ea48f9f37fe770fd791042d9,4,0,7,1,linux,BFC
78cdfd62bd54af615fba9e3ca1ba35de39d3871d,0,2,7,1,linux,BFC
1227d2a20cd7319fb45c62fab4b252600e0308bf,22,0,7,2,linux,BIC
737e65c7956795b3553781fb7bc82fce1c39503f,0,0,1,1,linux,BFC
f549e94effa163ea170d2f0c12d307cb602431c6,183,0,0,1,linux,BIC
b491e6a7391e3ecdebdd7a097550195cc878924a,70,8,12,3,linux,BFC
75427b2a2bffc083d51dec389c235722a9c69b05,8,0,1,1,linux,BFC
f8c6ba8424b0fa5e001c23a30099351170f5be0d,0,0,1,1,linux,BIC
98b0b467466c6afe8f2863158383444fbbc5f322,16,0,17,1,linux,BIC
5d1e623591dfaa64a59ecdac420adc16125524d4,0,0,1,1,linux,BFC
02b1fa07bb58f5d1f349b5b09eb936739a7b20fc,2,3,4,2,linux,BFC
4f2262a334641e05f645364d5ade1f565c85f20b,26,0,4,1,linux,BFC
59bf3557cf2f8a469a554aea1e3d2c8e72a579f7,21,0,3,1,linux,BFC
d4e9e7b6f7ae37a99bc11ce9efe6e8bdc711362f,0,0,1,1,linux,BFC
64728294703e77827cc31a1b164ca867400067f5,2,5,9,1,linux,BFC
72961c4e6082be79825265d9193272b8a1634dec,8,0,1,1,linux,BFC
3dd9a926ec2308e49445f22abef149fc64e9332e,0,6,0,1,linux,BFC
4cfd5779bd6efe8c76b4494aec63a063be0d2ff2,316,5,12,2,linux,BIC
336a443bd9ddca319b99b5375e7756724a5545dd,8,0,52,10,linux,BIC
85c2ce9104eb93517db2037699471c517e81f9b4,12,7,1,2,linux,BIC
6afcf8ef0ca0a69d014f8edb613d94821f0ae700,11,23,3,2,linux,BIC
03252259e18e63eb56a0d29c2fefcc30b58b812b,1,0,0,1,linux,BIC
6f1982fedd59856bcc42a9b521be4c3ffd2f60a7,21,7,15,4,linux,BIC
0c58a2db91747c841d042b1d56615fb1eaf138c7,1,0,0,1,linux,BFC
67d2f8781b9f00d1089aafcfa3dc09fcd0f343e2,7,1,16,2,linux,BIC
5cf92c8b3dc5da59e05dc81bdc069cedf6f38313,5,0,0,1,linux,BIC
c5795c5308af81568d1573598716091120c85a38,6,3,6,3,linux,BFC
77423fa739274a4c7b0e7ad90ca52ef22bdbe84e,30,0,0,1,linux,BIC
64f09f00caf0a7cb40a8c0b85789bacba0f51d9e,21,0,1,1,linux,BFC
26c682274e0a7d055e123499eac8ec39d0e04283,0,0,7,6,linux,BIC
7226017ad37a888915628e59a84a2d1e57b40707,6,0,0,1,linux,BIC
0c24e7ef233b528699798a3db3ab57ee0317f2f0,51,0,10,1,linux,BIC
96dbcc0072acf4f9565a16e8da96e57e5cee1068,13,0,0,1,linux,BFC
e3f60e7e1a2b451f538f9926763432249bcf39c4,5,0,1,1,linux,BIC
b75d612014447e04abdf0e37ffb8f2fd8b0b49d6,10,0,0,1,linux,BFC
4390c6edc0fb390e699d0f886f45575dfeafeb4b,4,0,5,1,linux,BFC
d0a601c278de6876f36bcf1b7a9678d93d7dc67b,0,0,1,1,linux,BFC
999982ef7c7f8aa131d32ef551897804443a40a1,0,0,1,1,linux,BFC
1363e6388c363d0433f9aa4e2f33efe047572687,0,1,0,1,linux,BFC
dcc02c19cc06bd7bc1b6db0aa0087a2b6eb05b94,0,18,4,1,linux,BIC
2f2f371f8907d169650f594850ca6096e2f73b77,260,0,0,4,linux,BIC
aa464957f7e660abd554f2546a588f6533720e21,3,0,0,1,linux,BFC
c929ea0b910355e1876c64431f3d5802f95b3d75,7,0,0,3,linux,BFC
e3a77561e7d326e18881ef3cb84807892b353459,5,0,43,3,linux,BIC
141e7633aa4d2838d1f6ad5c74cccc53547c16ac,3,1,5,1,linux,BFC
6285cdea19daf764bf00f662a59fc83ef67345cf,7,0,1,1,linux,BFC
5c64576a77894a50be80be0024bed27171b55989,31,34,49,2,linux,BFC
620b90d30c08684dc6ebee07c72755d997f9d1f6,2,0,1,1,linux,BFC
455b1d42e82c6027b9763f0055b54e45ff6cd7fd,23,0,1,1,linux,BFC
600c0849cf86b75d86352f59745226273290986a,4,0,3,1,linux,BFC
54999c0d94b3c26625f896f8e3460bc029821578,0,0,1,1,linux,BFC
85743f1eb34548ba4b056d2f184a3d107a3b8917,64,2,20,8,linux,BIC
52b85909f85d06efa69aaf4210e72467f1f58d2b,54,65,6,1,linux,BIC
3a5c42b18a6ddc0de77dde017baf45262fbf1ced,1,0,1,1,linux,BFC
ccc67ef50b9085b895738d7720840eb6fe98745e,231,11,63,4,linux,BIC
ac5100f54329676469688d1b5415cd8d6428c909,51,0,0,2,linux,BIC
8976672736d6089ae011fda3482e30e4380276f8,216,5,2,6,linux,BIC
e12be9139cca26d689fe1a9257054b76752f725b,10,0,2,1,linux,BFC
4c1e9df7264567617ba2ed620338dfcef0618c39,0,1,1,1,linux,BFC
e2cfabdfd075648216f99c2c03821cf3f47c1727,431,0,23,4,linux,BIC
3a8070c567aaaa6038b52113ce01527992604c40,149,95,35,5,linux,BIC
4c1294da6aed1f16d47a417dcfe6602833c3c95c,5,0,0,1,linux,BFC
4d429c5ddc5128fccd3048059ae26bb39f0d8284,74,13,7,2,linux,BIC
133a6d1fe7d7ad8393af025c4dde379c0616661f,1,1,0,2,linux,BFC
c94bb233a9fee3314dc5d9c7de9fa702e91283f2,23,0,4,2,linux,BIC
31c00d2aeaa2da89361f5b64a64ca831433be5fc,27,0,0,2,linux,BIC
abc5520704ab438099fe352636b30b05c1253bea,5,4,0,1,linux,BFC
149321a611d5d41cebcf5f813a3bf45b3afe66ad,9,0,1,1,linux,BFC
6961cd4d0fde97f1cdb798ba21cf124ecfa0bf95,5,0,2,1,linux,BFC
372cc85a13c97d6c743cb8df25b52fa5e93d73f6,53,3,18,2,linux,BIC
d54db74ad6e0dea8c253fb68c689b836657ab914,0,0,2,1,linux,BFC
54e4a0dfa25d9365c4e80a639e80d9213eb6edbe,8,0,0,2,linux,BFC
e3837e74a06dc38ab79529758a3667fbff2fdc17,74,90,10,1,linux,BIC
73f44fe19d359635a607e8e8daa0da4001c1cfc2,138,0,11,7,linux,BIC
4121fb0db68ed4de574f9bdc630b75fcc99b4835,6,0,15,1,linux,BFC
62257638170eee07926c9df5a4c9059ec69a3734,0,0,1,1,linux,BFC
aa132ffb6b0a188c418f35da0750bdaf7aa34758,204,0,0,1,linux,BIC
5815839b3ca16bb1d45939270871169f6803a121,10,1,8,2,linux,BFC
0107973a80adad5b73232d3fbcd26f710ab1f851,3,0,1,3,linux,BIC
862b2509d157c629dd26d7ac6c6cdbf043d332eb,8,3,5,2,linux,BFC
8871de06ff78e9333d86c87d7071452b690e7c9b,0,0,2,1,linux,BFC
a93f1d903fa34fc2c5d9fa450bdb6c28d6fdfe00,150,0,0,2,linux,BIC
d0b4cc4e32705ff00d90d32da7783c266c702c04,1,0,2,1,linux,BIC
21175ca434c5d49509b73cf473618b01b0b85437,1,0,8,2,linux,BIC
240fdf3f42fc6505adecaf5a74fac75b3c702cf1,0,0,4,1,linux,BFC
c861c1be3897845313a0df47804b1db37c7052e1,0,16,2,1,linux,BFC
e24f7c9e87d46fad06bf1097d48f9923acd8e61c,309,0,0,1,linux,BIC
0d7e2d2166f6b0b7d1959ca858052a15feb574cc,60,0,0,2,linux,BIC
0b523a85e134d41f57ddd8c5193bd9f0a5e20b0d,22,0,1,1,linux,BIC
ce9134dff6d90c9f9c6bfd3d32dffdadf8a8e668,2,5,1,2,linux,BIC
43caeb187deb92b3cc343fce9c2310512f6ac9cd,270,0,2,3,linux,BIC
5fd32ae0433a7af37eac27ace3aabae8cb7c2fc4,3,0,6,2,linux,BIC
7272e051157ccd5871b5d939548d0ba5a94a2965,0,1,4,1,linux,BFC
40db9367ec1e653ea45400b69c3c7b80745b12eb,2,0,0,1,linux,BFC
62004871e1fa7f9a60797595c03477af5b5ec36f,0,5,1,1,linux,BFC
3e403a77779faf046862d91c36ef79fb4b12be9a,20,1,38,3,linux,BIC
8a8d6bbe1d3bc7137c777ba06246d7e9c08dde4d,0,29,8,24,linux,BIC
ce7a1ecf3f9f1fccaf67295307614511d8e11b13,1,0,1,1,linux,BFC
e020ff611ba9be54e959e6b548038f8a020da1c9,17,2,10,2,linux,BFC
b9705d8778e7adc97de38f405f835a2426e14d84,1,0,1,1,linux,BFC
2ea7ff1e39cbe3753d3c649beb70f2cf861dca75,45,0,7,1,linux,BFC
593b5e2f5a4abff998644effe19033f440651fd6,0,1,1,1,linux,BFC
406dab8450ec76eca88a1af2fc15d18a2b36ca49,1,0,0,1,linux,BFC
26a137e31ffe6fbfdb008554a8d9b3d55bd5c86e,11,0,2,1,linux,BFC
704e624f7b3e8a4fc1ce43fb564746d1d07b20c0,0,0,1,1,linux,BFC
06e445f740c1a0fe5d16b3dff8a4ef18e124e54e,1,0,4,1,linux,BFC
c3e6b2c35b34214c58c1e90d65dab5f5393608e7,33,0,7,1,linux,BIC
9d0b3c1f1451d1b9a33de3c70ae3d50ccd77db1a,7,0,1,1,linux,BFC
add78fc05702b1082b31cf99c670bab5919cbe80,0,3,1,1,linux,BIC
d79dfa19ca4235c28be62952bda6091babdcf8f3,3,42,1,1,linux,BFC
cb58188ad90a61784a56a64f5107faaf2ad323e7,3,0,1,1,linux,BFC
0294d9eece86dbe9bde7b21b097825106e3a3b4f,48,58,49,9,linux,BIC
b52fe2dbb3e655eb1483000adfab68a219549e13,3,0,2,1,linux,BFC
61bf5490ec47f61b522ecf24958c835aefa38812,0,8,3,1,linux,BFC
9f1463b86c13277d0bd88d5ee359577ef40f4da7,577,0,0,1,linux,BIC
5dd360ebd8328affb22225141cece3a29403b965,19,0,1,1,linux,BIC
17f2569dce1848080825b8336e6b7c6900193b44,1,0,0,1,linux,BFC
a0073fe18e718a1c815fe8b0120f1ac3c60284ba,229,0,4,3,linux,BIC
f32a213765739f2a1db319346799f130a3d08820,12,0,3,1,linux,BIC
53516280cc3842746b09b5442addf62b41f1f420,10,33,8,3,linux,BIC
ec490f6f600f93236f1ad439b9809de563343b2c,1,0,1,1,linux,BFC
6d19375b58763fefc2f215fb45117d3353ced888,1,0,0,1,linux,BFC
5663ed63adb9619c98ab7479aa4606fa9b7a548c,6,0,2,1,linux,BFC
bfee0cf0ee1da0010b97ba88ed241d6f7bed3e7a,45,9,35,2,linux,BIC
ffe8923f109b7ea92c0842c89e61300eefa11c94,38,2,4,3,linux,BIC
67a9c94317402b826fc3db32afc8f39336803d97,2,0,1,1,linux,BFC
221ab9719bf33ad2984928d2afb20988d652a289,12,21,14,1,linux,BIC
0f686ca933597cfcc0636253fc1740423c062ec7,14,0,0,1,linux,BFC
dc6a6ab58379f25bf991d8e4a13b001ed806e881,2,0,2,1,linux,BFC
d02854dc1999ed3e7fd79ec700c64ac23ac0c458,2,2,1,1,linux,BFC
99fff5264e7ab06f45b0ad60243475be0a8d0559,1,0,3,1,linux,BFC
77076c7aac0184cae2d8a358cf6e6ed1f195fe3f,10,4,1,1,linux,BFC
4ce535ec0084f0d712317cb99d383cad3288e713,0,2,12,1,linux,BFC
10f3b4d79958d6f9f71588c6fa862159c83fa80f,10,0,0,1,linux,BIC
48365e4852759c4a3710490b0d647aac1321e8c9,628,0,1,4,linux,BIC
b230d5aba2d1a7b0636408889a75bf9eae6b8bc7,76,3,6,5,linux,BIC
baf4750d92cdfb63d6535f7166c6189d07407b65,2,1,4,1,linux,BFC
597568e8df046ebf349c706b281a711297ab20fb,27,70,12,2,linux,BFC
3b196c394dd9f8f34064f5814bb287757c80ee35,76,0,5,2,linux,BIC
d108370c644b153382632b3e5511ade575c91c86,0,0,2,1,linux,BFC
3cb9185c67304b2a7ea9be73e7d13df6fb2793a1,1,0,0,1,linux,BFC
3acff11cef1dece31cd29956f19181895996a7c5,7,0,0,1,linux,BFC
fbed24bcc69d3e48c5402c371f19f5c7688871e5,0,0,1,1,linux,BFC
6c5962f30bce147b1c83869085f3ddde3b34c9e3,5,0,4,2,linux,BFC
78ed0a9bc6db76f8e5f5f4cb0d2b2f0d1bb21b24,4,0,1,2,linux,BFC
045efa82ff563cd4e656ca1c2e354fa5bf6bbda4,61,5,7,5,linux,BIC
551c46edc7690c1656fbe44ef770ec4e6c004215,2121,0,0,2,linux,BIC
483c319188c74e82b29a0ed7a7fa7065570f2193,2,0,0,1,linux,BFC
6878ba91ce84f7a07887a0615af70f969508839f,8,0,9,1,linux,BFC
73e8b0528346e88a0624f2d9821f382cd6256677,226,1,3,1,linux,BIC
f4e2298e63d24bb7f5cf0f56f72867973cb7e652,6,1,2,4,linux,BFC
ac25dfed15d470d7f23dd817e965b54aa3f94a1e,2,0,0,1,linux,BFC
c0452137034bda8f686dd9a2e167949bfffd6776,755,0,0,1,linux,BIC
631c53478973d2de299d02de83eb9fa8a0cbc3b1,219,0,0,2,linux,BIC
138860679b2a0390a4e332b9b89c3fde8bb6e0db,212,0,0,2,linux,BIC
06198b34a3e09e06d9aecaa3727e0d37206cea77,0,1,156,43,linux,BIC
019b13ae85260cfab9d7ccb6ca58f094d18a24fd,0,0,1,1,linux,BFC
4859bfca11c7d63d55175bcd85a75d6cee4b7184,153,0,0,5,linux,BIC
e43e94c1eda76dabd686ddf6f7825f54d747b310,33,0,5,1,linux,BFC
58d6fee50e67bb1c69977f1a534ccb17bf58b0f1,1,0,1,1,linux,BFC
051a6d8d3ca09da2cfcbf15ca3dbe6afe330d51f,40,28,2,2,linux,BIC
03cd00d538a6feb0492cd153edf256ef7d7bd95e,44,4,101,4,linux,BIC
8b405d5c5d0996d3d16f70c42744a0500f5b6ec3,13,21,7,1,linux,BFC
5e51c627c5acbcf82bb552e17533a79d2a6a2600,1,0,8,1,linux,BFC
725ce66979fb6da5c1aec5b064d0871bedc23bf7,0,0,3,1,linux,BFC
115957bb3e59fcb226ce76b97af14533f239e0ac,36,66,55,1,linux,BIC
74003385cf716f1b88cc7753ca282f5493f204a2,7,0,1,1,linux,BFC
2d94b20b95b009eec1a267dcf026b01af627c0cd,0,2,0,1,linux,BFC
da531cc46ef16301b1bc5bc74acbaacc628904f5,0,0,5,1,linux,BFC
d9f11ba9f107aa335091ab8d7ba5eea714e46e8b,52,39,28,4,linux,BIC
86559400b3ef9de93ba50523cffe767c35cd531a,347,0,0,1,linux,BIC
6038aa532a224da68c478f34f4dbce33c47169e6,0,0,1,1,linux,BFC
424a7cd078401591fc45587ffb2c012d7f402fb7,2,0,4,1,linux,BFC
73111efacd3c6d9e644acca1d132566932be8af0,2,1,1,2,linux,BFC
4c16bd327c74d6678858706211a0c6e4e53eb3e6,240,0,19,1,linux,BIC
25bbbd7a444b1624000389830d46ffdc5b809ee8,56,36,84,1,linux,BIC
0ca81a2840f77855bbad1b9f172c545c4dc9e6a4,8,0,1,1,linux,BFC
fd64df16f40e367c393bf372fb67017301d701c2,106,0,3,4,linux,BIC
b4353708f5a1c084fd73f1b6fd243b142157b173,0,17,3,3,linux,BFC
4377d9ab1f162e58e0e5ae89c9a5fd7b4d8a6bdb,0,0,1,1,linux,BFC
3b514d24e200fcdcde0a57c354a51d3677a86743,13,1,4,2,linux,BFC
2d4bcbed5b7d53e19fc158885e7340b464b64507,104,0,1,3,linux,BIC
b6bc07d4360dbf766e551f18e43c67fff6784955,766,0,2,3,linux,BIC
754d5da63145852736f34cfc762164f5d8d6537b,1,0,0,1,linux,BFC
ada48ba70f6b98b7e93eea56770d6e6932734783,0,2,2,1,linux,BIC
ef19f826eceabdef3a710958cbf3549355267645,148,0,0,1,linux,BFC
14ee70ca89e62d5888ba1bb3d8a519f233739fe8,0,7,7,1,linux,BIC
3f2ed813483452e3f8de56ec40c97c432c16dbf1,186,0,0,1,linux,BIC
781e62823cb81b972dc8652c1827205cda2ac9ac,0,0,1,1,linux,BFC
ccd0657c33b2c3701c5b14725284b7e671d3fb93,0,0,1,1,linux,BFC
f5b65348fd77839b50e79bc0a5e536832ea52d8d,18,0,5,1,linux,BIC
c2024e3b33ee785960e21c22da478c937a6af538,0,2,0,1,linux,BFC
cc8f52609bb4177febade24d11713e20c0893b0a,2,0,2,1,linux,BFC
8151ee88bad568f0c8284d913310473f3b95945d,2,9,20,1,linux,BIC
031e5896dfdc24839d60f168f6e8560e294674d3,1,0,0,1,linux,BFC
0db55093b56618088b9a1d445eb6e43b311bea33,0,0,1,1,linux,BIC
b9755f03728b21c36375a47a6c6366e00b4f2062,5,0,1,1,linux,BFC
bf701b765eaa82dd164d65edc5747ec7288bb5c3,0,0,1,1,linux,BFC
e9076e7f23aa087f8b7257f3be9e9586f341e3b1,0,0,1,1,linux,BFC
0e3f72931fc47bb81686020cc643cde5d9cd0bb8,0,0,2,2,linux,BFC
9584fc95cadc0b86e5e01cefcff0ab2b31ee3a5b,0,5,3,1,linux,BIC
eb0efe5063bb10bcb653e4f8e92a74719c03a347,18,0,2,1,linux,BFC
a4f8f6667f099036c88f231dcad4cf233652c824,5,0,2,1,linux,BFC
ea3d8465ab9b3e01be329ac5195970a84bef76c5,11,0,3,1,linux,BIC
6a3f95a6b04cd5efaa45269e453ef30b8680062e,33,0,0,1,linux,BIC
239dd4ee4838523419ad16e05b16a2003b71d317,0,0,2,1,linux,BFC
a66477b0efe511d98dde3e4aaeb189790e6f0a39,1,0,2,1,linux,BFC
ca3b7b9dc9bc1fa552f4697b7cccfa0258a44d00,0,0,2,1,linux,BFC
6827ca573c03385439fdfc8b512d556dc7c54fc9,46,9,54,1,linux,BIC
9326167058e8a5b93179f19fc0368f5324a1f628,3,23,1,2,linux,BIC
2a2cc8f7c4d0dfd75720867f7dc58d24f075edfc,38,1,0,1,linux,BIC
17539f2f4f0b7fa906b508765c8ada07a1e45f52,1,0,1,1,linux,BIC
338a128142975439a19ab3c91480bc9d5a71f033,866,0,0,2,linux,BIC
e8b970c8e367e85fab9b8ac4f36080e5d653c38e,4,0,2,2,linux,BFC
a2871c62e1865c45f87a9343de76f727fb7a0ffd,284,0,0,1,linux,BIC
e37d1aeda737a20b1846a91a3da3f8b0f00cf690,0,0,2,1,linux,BFC
c6ae970bcc8e6f0b761111680ba78f7be43fb05a,2,0,1,1,linux,BFC
443b9a14ecbe811071467d54d6f2f1182835cc4d,215,0,87,5,linux,BIC
f4a1edd56120249198073aa4a373b77e3700ac8f,13,7,1,1,linux,BIC
b6b4fbd90b155a0025223df2c137af8a701d53b3,0,0,1,1,linux,BFC
3918e0667bbac99400b44fa5aef3f8be2eeada4a,0,0,1,1,linux,BFC
dc7e5940aad6641bd5ab33ea8b21c4b3904d989f,0,3,3,1,linux,BFC
317a0ebe53f46527aed912f7c3df963cd9a41536,8,2,14,2,linux,BFC
de02238d6a7982a71682fe8da2996993a5a5eee7,0,12,0,1,linux,BFC
050349b5b71df52c24989037bd6515cb54c3ef35,37,11,5,3,linux,BIC
71cff670baff5cc6a6eeb0181e2cc55579c5e1e0,0,0,1,1,linux,BFC
1aa3fc699c11a6458d49837545b295361250a765,2,0,0,1,linux,BFC
33a8eb8d40ee7fc07f23a407607bdbaa46893b2d,98,62,9,2,linux,BIC
1ab52ac1e9bc9391f592c9fa8340a6e3e9c36286,2,0,0,1,linux,BFC
71c37505e7eaa01fa259debad1a71a7ae061039d,114,203,8,4,linux,BIC
3a62fed2fd7b6fea96d720e779cafc30dfb3a22e,0,0,5,1,linux,BFC
086b91d052ebe4ead5d28021afe3bdfd70af15bf,19,159,13,4,linux,BIC
5524cbb1bfcdff0cad0aaa9f94e6092002a07259,1,1,0,1,linux,BFC
366380a0c835b742da64ae2f800c65fa87692683,1,0,0,1,linux,BFC
e82ad4853948382d37ac512b27a3e70b6f01c103,5,0,0,1,linux,BFC
a8f9bfdf982e2b1fb9f094e4de9ab08c57f3d2fd,5,3,4,1,linux,BFC
cb9516be7708a2a18ec0a19fe3a225b5b3bc92c7,0,3,0,1,linux,BFC
c78f94f35cf6486c4057317e8de3ddc4c62e12c7,25,18,3,4,linux,BIC
1c6c09a0ae62fa3ea8f8ead2ac3920e6fff2de64,8,5,3,1,linux,BFC
8d9be06341816e5fb7e29b2fd44b3ffe8dd3263a,451,17,13,6,linux,BIC
403e5586b52e466893ce3a7b7f3a3ecdc4c82d3e,801,0,0,1,linux,BIC
1334d3b4e49e35d8912a7c37ffca4c5afb9a0516,3,2,9,1,linux,BFC
b637ef779575a977068025f842ecd480a9671f3f,2,0,0,1,linux,BFC
2d3391ec0ecca37efb6bc995906292f47522b471,305,0,0,5,linux,BIC
681a02e9500073cd8b9c25a04f06166254b5a879,1417,0,0,1,linux,BIC
8d1502f629c9966743de45744f4c1ba93a57d105,0,0,1,1,linux,BFC
3935a70968820c3994db4de7e6e1c7e814bff875,8,0,2,1,linux,BFC
d80ca810f096ff66f451e7a3ed2f0cd9ef1ff519,0,8,0,1,linux,BFC
496c7f3caed5c56ba4ab6767a9cf7e7aa8bd8f41,0,0,1,1,linux,BFC
f3b98e3c4d2e16bb7c99fc75d652559bd591070f,196,0,0,2,linux,BIC
47c4ccd3086139d2085e0f1e59c0f26e8ce4ff46,2,0,6,1,linux,BFC
9f84940f5004e1d29f28b85294d4c3b683ff3ff4,103,0,0,1,linux,BIC
4917fb90eec7c26dac1497ada3bd4a325f670fcc,0,0,2,1,linux,BFC
94ad94558b0fbf18dd6fb0987540af1693157556,353,0,12,11,linux,BIC
45533a534a45cb12c20c81615d17306176cb1c57,9,0,9,1,linux,BFC
e36d0a2ed5019184bb9b94ff1138c87c05905789,56,0,0,4,linux,BIC
ecaa1f6a01544604de5f9531379a303eee886162,59,0,4,1,linux,BIC
9bb34ff25c458a2a48fb61409df42f465ede37f8,2,0,0,1,linux,BFC
e8f4f794d7047dd36f090f44f12cd645fba204d2,9,7,6,4,linux,BFC
78adf6c214f04fef01c714d78441653dc838a3ba,35,0,3,1,linux,BIC
b6a88e4a804cf5a71159906e16df2c1fc7196f92,0,0,1,1,linux,BFC
49da38a3ef330b7a1643e12c51913d58158e5abe,9,13,12,5,linux,BIC
e7140639b1de65bba435a6bd772d134901141f86,0,0,1,1,linux,BFC
f0d2b2716d71778d0b0c8eaa433c073287d69d93,18,0,1,1,linux,BFC
1e9931146c748420343aeefadb3bb17bd1c14a37,15,0,0,1,linux,BIC
32e823c63e90f7535ea1cc5311d25c0233e1456d,15,0,0,1,linux,BIC
3dd653c077efda8152f4dd395359617d577a54cd,1,0,0,1,linux,BFC
c78b0830667a7e7c1f0ca65b76b33166a84806b3,144,1,6,1,linux,BIC
34146c68083f1aef6709196b3dc888c1ceffd357,1,0,3,1,linux,BFC
c15e0ae42c8e5a61e9aca8aac920517cf7b3e94e,0,0,1,1,linux,BFC
31db0dbd72444abe645d90c20ecb84d668f5af5e,0,1,18,1,linux,BFC
80c544ded25ac14d7cc3e555abb8ed2c2da99b84,3,0,2,2,linux,BFC
0e1227d356e9b2fe0500d6cc7084f752040a1e0e,342,0,0,4,linux,BIC
5581a5ddfe8d0ede1749bae1f7662fa739f83813,41,0,1,1,linux,BIC
c63820045e2000f05657467a08715c18c9f490d9,3,1,4,1,linux,BFC
178ca6f85aa3231094467691f5ea1ff2f398aa8d,2,0,1,1,linux,BFC
1f785681a87068f123d3e23da13b2c55ab4f93ac,114,0,35,3,linux,BIC
4dd537aca25dd2e0e8aca8b8923930cbe6240003,10,0,2,2,linux,BFC
0a9a4304f3614e25d9de9b63502ca633c01c0d70,7,0,2,1,linux,BFC
ea157c2ba821dab789a544cd9fbe44dc07036ff8,3,0,0,1,linux,BFC
d5078193e56bb24f4593f00102a3b5e07bb84ee0,0,0,1,1,linux,BFC
2a2ac8a7018b953cd23d770ebd28f8e1ea365df4,14,0,1,3,linux,BFC
9bdd203b4dc82e9047486f0fed1977eef8185c6d,132,0,0,2,linux,BIC
73fa13b6a5112b59d09e58b8075973769a15814c,296,0,1,1,linux,BIC
3c0af1dd2fe78adc02fe21f6cfe7d6cb8602573e,2,1,0,1,linux,BFC
b7df9ada9a7700dbcca1ba53d217c01e3d48179c,21,0,18,4,linux,BFC
424be63ad831fbd5fb04eb6576de44f4aa7661e2,222,0,1,4,linux,BIC
2060e284e9595fc3baed6e035903c05b93266555,6,23,25,2,linux,BFC
7bb97c5a39ecebc8ff5db1491fe4e7a8129f93d5,0,2,0,1,linux,BFC
a5597008dbc230876db2d344561d634f4d52ea4a,32,0,13,7,linux,BIC
1ff5c8e8c835e8a81c0868e3050c76563dd56a2c,0,0,1,1,linux,BFC
05a8e45136ca7f8785363698a8bf3748cc5ec8b8,0,35,17,1,linux,BIC
b97cd891268de9ccc5454c189232c74f262961ae,0,31,0,3,linux,BIC
d3aefd2b29ff5ffdeb5c06a7d3191a027a18cdb8,0,1,2,1,linux,BFC
f4483f2cc1fdc03488c8a1452e545545ae5bda93,0,0,1,1,linux,BFC
1957de95d425d1c06560069dc7277a73a8b28683,1,0,3,1,linux,BFC
390ed29b5e425ba00da2b6113b74a14949f71b02,5,0,0,1,linux,BIC
1197eb5906a5464dbaea24cac296dfc38499cc00,0,1,4,1,linux,BFC
93472aff802fd7b61f2209335207e9bd793012f7,0,10,13,1,linux,BFC
7e1a1ac1fbaa88fe254400b7f30b775502932ad3,25,0,10,2,linux,BIC
ace965696da2611af759f0284e26342b7b6cec89,2,0,1,1,linux,BFC
eb1d39260ee6477e2971f81cec18ba5f6583259d,1,0,0,1,linux,BFC
5b557298d7d09cce04e0565a535fbca63661724a,1,2,5,1,linux,BFC
8353da9fa69722b54cba82b2ec740afd3d438748,4,0,4,1,linux,BFC
cd1231d7035fea894118d5155ff984cdaf1ac1a2,4,0,0,1,linux,BIC
7a6ffe764be35af0527d8cfd047945e8f8797ddf,3,0,0,3,linux,BIC
4e28550829258f7dab97383acaa477bd724c0ff4,2,2,2,1,linux,BFC
142b18ddc81439acda4bc4231b291e99fe67d507,9,0,0,1,linux,BIC
266fd994b2b0ab7ba3e5541868838ce30775964b,10,4,0,1,linux,BFC
53ac8500ba9badae82b0412d08e1db9f5b21b3d5,56,62,1,2,linux,BIC
2326aa011967f0afbcba7fe1a005d01f8b12900b,1,0,0,1,linux,BFC
011067b05668b05aae88e5a24cff0ca0a67ca0b0,21,33,24,18,linux,BIC
f2459c52c84449c0494365f928d1a0cbe52f23cf,35,0,18,1,linux,BIC
f87c10a8aa1e82498c42d0335524d6ae7cf5a52b,49,19,5,7,linux,BIC
86f0afd463215fc3e58020493482faa4ac3a4d69,19,0,1,1,linux,BIC
e84cf6aa501c58bf4bf451f1e425192ec090aed2,19,0,3,1,linux,BFC
bcf5a06304d69a3bb194a494d87b532d5e90b01c,134,3,1,1,linux,BIC
148ddaa89d4a0a927c4353398096cc33687755c1,0,0,2,1,linux,BFC
eef983ffeae7a1cdde8c3338155ae2dd74b8621b,31,36,12,4,linux,BIC
af4295c117b82a521b05d0daf39ce879d26e6cb1,2,0,2,1,linux,BFC
75a493e60ac4bbe2e977e7129d6d8cbb0dd236be,5,1,5,1,linux,BIC
7f30c07288bb9e20463182d0db56416025f85e08,117,42,31,2,linux,BIC
aa5cb97f14a2dd5aefabed6538c35ebc087d7c24,0,46,1,5,linux,BIC
ecb2ba8cb83549f1bb06bc7e693ae8fed43c0e4f,3,0,1,1,linux,BFC
0ebb2f4159af24dd4143c8e38a10caa13ddba0c9,22,0,35,1,linux,BIC
ba86dd9fe60e5853fbff96f2658212908b83f271,0,0,1,1,linux,BFC
85782e037f8aba8922dadb24a1523ca0b82ab8bc,0,68,9,2,linux,BFC
4a2d789267e00b5a1175ecd2ddefcc78b83fbf09,91,0,5,3,linux,BIC
8e3d04fd7d70679eed631ba5889f81b2d9415404,475,0,0,4,linux,BIC
06bed7d18c2c07b3e3eeadf4bd357f6e806618cc,4,4,0,1,linux,BFC
2203bd0e5c12ffc53ffdd4fbd7b12d6ba27e0424,0,0,2,1,linux,BFC
1f7f51a63114bab3a05920f4b1343154e95e2cb6,5,0,7,3,linux,BFC
c91bdc9358992856721ff77887202a7e80b7ab22,9,0,0,2,linux,BFC
d03a493f6782b94b7002388d470cb583e061816a,1,0,0,1,linux,BFC
15df6d98ec3b40775918fc6ef73d7f1c2d0cf870,1,0,3,2,linux,BFC
af4b11022e2d39865e390dd50946c4e8703ec3c7,1247,0,0,4,linux,BIC
468479e6043c84f5a65299cc07cb08a22a28c2b1,0,14,2,1,linux,BFC
a53851e2c3218aa30b77abd6e68cf1c371f15afe,64,1,20,2,linux,BIC
7a17995a3dc8613f778a9e2fd20e870f17789544,15,0,9,2,linux,BFC
3cf43cdc63fbc3df19ea8398e9b8717ab44a6304,132,24,75,6,linux,BIC
0a0337e0d1d134465778a16f5cbea95086e8e9e0,85,17,12,3,linux,BIC
ebf55872616c7d4754db5a318591a72a8d5e6896,101,8,65,5,linux,BIC
05c9b302eda71083840392d74ce62dd1e1f30621,8,1,27,1,linux,BIC
71bb23c707c141b176bc084179ca5ee58d5fd26a,43,0,21,2,linux,BFC
d73820df6437b5d0a57be53faf39db46a0264b3a,0,0,4,1,linux,BFC
bcde37225438687231bb9510c07e60dcb8db1988,26,0,0,1,linux,BIC
05b93417ce5b924c6652de19fdcc27439ab37c90,107,0,3,2,linux,BIC
7a6659a59198acb5e9be050f42dbb1060efe7434,1,0,0,1,linux,BFC
acd7aaf51b20263a7e62d2a26569988c63bdd3d8,17,7,0,1,linux,BFC
683313993dbe1651c7aa00bb42a041d70e914925,0,0,1,1,linux,BFC
4ae2bb81649dc03dfc95875f02126b14b773f7ab,13,0,5,1,linux,BFC
be6b41c15dc09c067492bd23668763f551747e4e,0,0,1,1,linux,BFC
bd0e6c9614b95352eb31d0207df16dc156c527fa,2,0,1,1,linux,BIC
3902baf9abfa320b21e38fe206d66d5e6688e721,1,0,0,1,linux,BFC
01bb31de526265e51e21e3efcdcbbe7e6906b051,0,0,1,1,linux,BFC
4c1379d7bb42fa664e0784539208ed74108c53f1,65,0,3,7,linux,BIC
2502d0ef272da7058ef303b849a2c8dc324c2e2e,0,0,1,1,linux,BFC
9826e393e4a8c3df474e7f9eacd3087266f74005,2,0,1,1,linux,BFC
0ede9f41b217d8982ab426e3c8c1b692a280a16f,6,7,27,2,linux,BIC
d4aca422539c441a7f3fec749287b36de37d9b6b,5,0,0,1,linux,BIC
6c26a77124ff94102ea59ac23a54cdad2c49e644,3,0,2,1,linux,BIC
91cefefb699120efd0a5ba345d12626b688f86ce,19,0,2,1,linux,BIC
34886c8bc590f078d4c0b88f50d061326639198d,10,3,4,1,linux,BIC
6961b5e02876b3b47f030a1f1ee8fd3e631ac270,1,1,2,1,linux,BFC
5752bc4373b21c3fb1dd6db4dcdd569fae391a1d,0,0,2,1,linux,BIC
914902af4f271884968f72c4fa144c723be2a699,3,0,1,1,linux,BFC
8e9204cddcc3fea9affcfa411715ba4f66e97587,2,0,0,1,linux,BFC
c821ee6d2bb4cfc9991bf285f53103cde9d3593a,0,0,2,1,linux,BFC
74bb84e5117146fa73eb9d01305975c53022b3c3,3,0,0,1,linux,BFC
8f1a357d41a22009150cf404b5aa5876efdb59b1,2,0,0,1,linux,BFC
78ef3c9ecf20b9d6291eb6e081dabae1a5d387d3,0,0,1,1,linux,BFC
ec59f128a9bd4255798abb1e06ac3b442f46ef68,1,0,1,1,linux,BFC
d6a2289d9d6b3ea47514cf29fed56340fb8fec7e,71,0,2,3,linux,BIC
2fe7c2f99440d52613e1cf845c96e8e463c28111,0,0,2,1,linux,BFC
84a1f5b1cc6fd7f6cd99fc5630c36f631b19fa60,24,7,5,1,linux,BFC
c589e3ca27c9f608004b155d3acb2fab6f7a9f26,4,0,1,1,linux,BFC
48d15436fde6feebcded7bd0fdc8ea4a9181b8fa,0,30,13,3,linux,BIC
7a6b9f4d601dfce8cb68f0dcfd834270280e31e6,1,0,3,1,linux,BFC
bce4e7e9c45ef97ac1e30b9cb4adc25b5b5a7cfa,1,1,2,1,linux,BIC
c749b275056d4d1023af125b320c91a24d6856b8,0,0,1,1,linux,BFC
282f23c6ee343126156dd41218b22ece96d747e3,39,0,1,5,linux,BIC
8bb649ee1da321ec3a1bbec048a425c5ea18ea21,0,83,0,1,linux,BIC
cd21c827a1555276325880ea431a6a27a9186e30,0,1,0,1,linux,BFC
8090d6d1a415d3ae1a7208995decfab8f60f4f36,129,367,91,1,linux,BIC
6e11d1578fba8d09d03a286740ffcf336d53928c,2,0,0,1,linux,BFC
2147c438fde135d6c145a96e373d9348e7076f7f,2,0,0,1,linux,BFC
c45f812f0280c13f1b7992be5e0de512312a9e8f,158,34,268,16,linux,BIC
8fffe7d1f094eea88aa0380255e247b285a2d5f2,1,0,0,1,linux,BFC
2575bc1aa9d52a62342b57a0b7d0a12146cf6aed,0,0,1,1,linux,BFC
51c1df83e35ce0e24ca10037c73245cb4c8ac11a,23,0,7,5,linux,BIC
8301a2c047cc25dabd645e5590c1db0ead4c5af4,3,0,4,2,linux,BIC
4869a1476df5ef2d09fa52acc9cfcc21b47194c5,0,7,6,2,linux,BFC
8d89b96fe79713fc5fc2b8d9c9b9f93842b55695,10,0,3,1,linux,BIC
dfea2aa654243f70dc53b8648d0bbdeec55a7df1,5,2,2,3,linux,BFC
37713a1e8e4c1a1067ad4c99296f78d3c82ed9c4,114,0,13,1,linux,BIC
14fe1e858ca21cf3298b818cc27cb610dc7dac3e,0,0,1,1,linux,BFC
cfe30b872058f211630eda7f65fb19d83beaaa3c,81,6,30,4,linux,BIC
188ad9d6cbbce4a1d322ac208914a1dea34b30b6,71,0,1,1,linux,BIC
5f348fa35a28b19cf7ee1eaa420757341a724c86,2,2,24,1,linux,BFC
fee2ede155423b0f7a559050a39750b98fe9db69,97,82,44,10,linux,BIC
f931551bafe1f10ded7f5282e2aa162c267a2e5d,52941,0,0,47,linux,BIC
8081ede1f73139687a75147d529cebcc5e4149c5,1,9,1,1,linux,BFC
61c1db7fae21ed33c614356a43bf6580c5e53118,30,1,10,8,linux,BIC
6d8b49c3a3a3e1f11b52edd3b9beb6693bb8061d,3,0,1,1,linux,BIC
146d70caaa1b87f64597743429d7da4b8073d0c9,3,0,1,1,linux,BFC
aa8a5e0062ac940f7659394f4817c948dc8c0667,185,0,8,7,linux,BIC
c11c7bfd213495784b22ef82a69b6489f8d0092f,3,0,0,1,linux,BFC
978d8f9055c3a7c35db2ac99cd2580b993396e33,68,0,4,1,linux,BIC
7da36e94e7fad768ca8640b61ed1f49b284e1dc5,8,11,2,1,linux,BFC
aa58acf325b4aadeecae2bfc90658273b47dbace,2,0,5,1,linux,BFC
5750902a6e9bc6adb77da8257c0e34db2bfdebb2,10,5,50,1,linux,BIC
eeb690bceb1eb95f6c1c526079e1315dd459855e,2,0,0,1,linux,BFC
211f276ed3d96e964d2d1106a198c7f4a4b3f4c0,13,0,0,1,linux,BIC
aa93e2ad7464ffb90155a5ffdde963816f86d5dc,16,0,0,2,linux,BIC
09a5723983e383e7d627fe3191366761722695bc,22,92,5,2,linux,BIC
54706fa973b592eb8b3a6e04ac888d5fbb704d0a,0,0,1,1,linux,BFC
ac09c5f43cf613939850cc38d7a34ae6556016ba,0,4,0,1,linux,BIC
11c647caf74b10c2716944901249221379991790,55,9,29,6,linux,BIC
b22f5126a24b3b2f15448c3f2a254fc10cbc2b92,0,0,3,1,linux,BFC
8d3cdc1bbb1d355f0ebef973175ae5fd74286feb,2,0,4,2,linux,BFC
0beb2012a1722633515c8aaa263c73449636c893,6,0,0,1,linux,BFC
c915ef890d5dc79f483e1ca3b3a5b5f1a170690c,0,0,3,1,linux,BFC
749607731e26dfb2558118038c40e9c0c80d23b5,5,0,1,1,linux,BFC
ead514d5fb30a0889d51c0f0e35c3e346165a955,120,0,1,3,linux,BIC
b7749656e946884271fca142b2a492249fc63feb,9,10,42,11,linux,BIC
43c27940227039223abbb5107a2eb3d799c8a2ec,0,0,2,1,linux,BFC
1ce9e6055fa0a9043405c5604cf19169ec5379ff,841,1,29,1,linux,BIC
601ef0d52e9617588fcff3df26953592f2eb44ac,360,1,30,11,linux,BIC
eca949800d2dd761bc0c73b793e4e9ad4a997469,506,0,7,2,linux,BIC
d85fc17beeb06f9979d63fe4d9fbffbb1a00bba4,1,8,2,2,linux,BFC
020ef930b826d21c5446fdc9db80fd72a791bc21,0,3,0,1,linux,BFC
2f5effcbd097a37690c86b80a3c242dd8338d59c,23,0,11,1,linux,BIC
f4d291b43f809b74c66b21f5190cd578af43070b,11,2,10,3,linux,BFC
7d8210851cb3dbe93a1ccfc007aa13e02eb42e20,0,0,1,1,linux,BFC
f4932cfd22f151af19d552c0ee607b2fb9c41b53,266,37,75,2,linux,BIC
d39da686c2f3b8518b6933951d53891aa83227d6,1,0,1,1,linux,BFC
050dbddf249eee3e936b5734c30b2e1b427efdc3,0,7,1,1,linux,BFC
4caab28a6215da5f3c1b505ff08810bc6acfe365,3,9,7,1,linux,BFC
ea239314fe42ace880bdd834256834679346c80e,10,0,5,1,linux,BFC
5d080b5064a1d2429071276dfc7588b2eecbc02f,3,0,0,1,linux,BFC
4c6f3196e6ea111c456c6086dc3f57d4706b0b2d,12,0,1,1,linux,BFC
da5dadb4f11660ca67580cd4a7420161266d6254,2,0,3,1,linux,BFC
1c447116d017a98c90f8f71c8c5a611e0aa42178,7,0,0,1,linux,BIC
d4cea38ebb4de90913085391ce4febde1a4ba9aa,7,7,0,1,linux,BFC
17a5f6a78dc7b8db385de346092d7d9f9dc24df6,1,0,1,1,linux,BFC
87f80d623c6c93c721b2aaead8a45e848bc8ffbf,0,0,1,1,linux,BIC
7078187a795f862465325bcadf3070867c0cb5f8,56,172,292,5,linux,BIC
09c3e01b255fe89eb1f1b7ded68b1b7d55e6d02b,0,5,1,2,linux,BFC
2847bfed888fbb8bf4c8e8067fd6127538c2c700,1,0,1,1,linux,BFC
d00a1c72f7f4661212299e6cb132dfa58030bcdb,1344,0,0,4,linux,BIC
b0e85f95e30d4d2dc22ea123a30dba36406879a1,5,0,1,1,linux,BFC
19ba1eb15a2a9b7298d1d984043025ab9496fbfb,42,1,5,3,linux,BIC
7a9214f3d88cfdb099f3896e102a306b316d8707,2,0,1,1,linux,BFC
9f3a0f34b84ad1b9a8f2bdae44b66f16685b2143,180,0,0,1,linux,BIC
e740ceb53e4579a7a4063712cebecac3c343b189,2,0,0,1,linux,BFC
882c982dada4d53079c56de94ccbce1e21cc675f,17,0,0,2,linux,BIC
d5109f739c9f14a3bda249cb48b16de1065932f0,1,0,0,1,linux,BFC
2d93aee152b1758a94a18fe15d72153ba73b5679,26,0,0,2,linux,BFC
2f0b1b013bbc5d6f4c7c386e12f423d6b4ef3245,111,0,0,2,linux,BIC
308edfdf1563f78e93ebda9aee608279de1c5898,3,97,20,1,linux,BIC
8a68d3da50b952232bbb39f7582a9050c40a0d78,0,1,0,1,linux,BFC
7c1ef59145f1c8bf9a2cc7a6ebf2fd56bbb440de,3,0,2,1,linux,BIC
ec1d8ccb07deaf30fd0508af6755364ac47dc08d,4,0,1,1,linux,BFC
8b3c8035297e71abb9e6d0f50ceab50d33c0d64b,0,0,1,1,linux,BFC
26b614fa441048a9f8e4a814c3b01756816ce7a7,0,0,3,1,linux,BFC
eae5783908042a762c24e1bd11876edb91d314b1,34,14,12,1,linux,BFC
2fb1e946450a4fef74bb72f360555f7760d816f0,0,2,2,2,linux,BFC
7482c5cb90e5a7f9e9e12dd154d405e0219656e3,5,27,9,3,linux,BFC
76cc9580e3fbd323651d06e8184a5a54e0e1066e,20,29,56,5,linux,BIC
f31b88b35f90f6b7ae4abc1015494a285f459221,3,0,1,1,linux,BFC
ce8eb4c728ef40b554b4f3d8963f11ed44502e00,0,0,9,1,linux,BFC
8a949fff0302b50063f74bb345a66190015528d0,0,0,1,1,linux,BFC
7de030d6b10a56e991312a978ace6be3c090097c,9,1,10,3,linux,BIC
0680a622318b8d657323b94082f4b9a44038dfee,10,0,8,1,linux,BFC
e4dc3489143f84f7ed30be58b886bb6772f229b9,9,0,1,1,linux,BFC
c368362c36d3d4cedbc9a1c9caa95960912cc429,95,56,113,13,linux,BIC
d6b3314b49e12e8c349deb4ca28e7028db00728f,4,0,6,4,linux,BIC
c84d46707ebbfc303268e27d5aeb8bb4e6d5b1ff,58,0,0,4,linux,BIC
09ef193fef7efb0175a04634853862d717adbb95,4,0,1,1,linux,BIC
a49445727014216703a3c28ccee4cef36d41571e,0,3,0,1,linux,BFC
805b13adde3964c78cba125a15527e88c19f87b3,1,4,12,1,linux,BFC
8b05a3a7503c2a982c9c462eae96cfbd59506783,6,0,3,1,linux,BFC
41fd2fec56db2564f02532ed7244e1f69193b4ad,10,0,2,2,linux,BFC
d96e8c10f81f0ecbaa3c3bd70c0c76a18ae15a7e,0,0,1,1,linux,BFC
a1a6a4cf49eceb3fde0f1abaaf3cb24e73fdc417,89,0,1,1,linux,BIC
467bf30142c64f2eb64e2ac67fa4595126230efd,11,2,3,1,linux,BFC
0933bd04047c3b96ba49545a8f91e7e6f8f666ff,354,0,0,3,linux,BIC
0f6925b3e8da0dbbb52447ca8a8b42b371aac7db,8,0,8,2,linux,BIC
6b50df2b8c208a04d44b8df5b7baaf668ceb8fc3,2,0,1,1,linux,BFC
c0cdf2ac4b5bf3e5ef2451ea29fb4104278cdabc,58,11,18,1,linux,BIC
43c9a8111680043d065025510a034336417084d1,2,0,0,1,linux,BFC
6147e136ff5071609b54f18982dea87706288e21,0,0,23,1,linux,BFC
179e8e47c02a1950f1c556f2b854bdb2259078fb,1,0,4,2,linux,BFC
a8b5c6d69261889e022e9d64ac7ee8741db730bf,0,0,1,1,linux,BFC
be45beb2df6909d42a6b3b0052601b3eef878fc0,74,0,1,4,linux,BIC
73108aa90cbfc663649885a06fe5c1235307de1c,12,103,3,1,linux,BIC
9ab2323ca184168c288f7355fc19ec0838efc20c,0,1,2,1,linux,BFC
7ee30bc132c683d06a6d9e360e39e483e3990708,94,0,2,6,linux,BIC
78a515f9faf3af43cf9c4f61254dd1c5b3cb2d0b,0,0,1,1,linux,BFC
481815a6193bb7a1e43f8babecde5155e65f3858,6,2,6,1,linux,BIC
2a9b8cba62c0741109c33a2be700ff3d7703a7c2,7,1,5,1,linux,BFC
989b5db215a2f22f89d730b607b071d964780f10,142,0,0,1,linux,BIC
6dd47d9754ff0589715054b11294771f2c9a16ac,0,0,1,1,linux,BFC
4d0820cf6a55d72350cb2d24a4504f62fbde95d9,22,4,3,1,linux,BFC
8490db06f914100fc8a5110481cbd37d8968be90,10,0,0,1,linux,BIC
326345f995a83e326fa2e01d54bfa9a6a307bd4d,0,0,1,1,linux,BFC
a85468b766d3bc17c8b17ed23a36ef6469340bb2,0,0,1,1,linux,BFC
304e5ac118cc351eb047b6c433a89e13ea7259cf,0,20,3,2,linux,BFC
4bf2dd65135a2d7fe202f7c10d65b51bcf645ac6,11,0,3,1,linux,BFC
60017f34fc334d1bb25476b0b0996b4073e76c90,0,0,8,1,linux,BFC
f09aecd50f39d35372e551491d9f36ff0f51ee4d,479,0,0,2,linux,BIC
75186a9b09e47072f442f43e292cd47180b67b5c,8,0,5,1,linux,BIC
cac63f9b163700fb70a609ad220697c61b797d6b,0,0,1,1,linux,BFC
af6de8c60fe9433afa73cea6fcccdccd98ad3e5e,0,0,1,1,linux,BFC
2b1f747071c5ce5ad571d80c1541b732cf07f9c1,37,0,4,5,linux,BFC
699e96ddf47fe67e28522e511f6e1bce8a20b4e1,49,0,3,1,linux,BIC
a0c1b2a3508714281f604db818fa0cc83c2f9b6a,11,0,0,2,linux,BIC
111a10bf3e53aeda5f14297a4c2dbacf3023de45,3,3,79,1,linux,BIC
acf8fdbe6afb084666df347602fe4258f1cf5fd5,16,0,1,1,linux,BIC
ce88613e5bd579478653a028291098143f2a5bdf,0,0,1,1,linux,BFC
9d1988ca87dd90ecf80a0601c7fd13071fbb1a83,5,0,3,1,linux,BIC
cb586decbb88fcd068116af2d4e1e3e2e86978d6,18,6,5,2,linux,BIC
84c11e4df5aa4955acaa441f0cf1cb2e50daf64b,0,0,1,1,linux,BFC
0d44dc59b2b434b29aafeae581d06f81efac7c83,2,58,61,1,linux,BIC
8feb69c7bd89513be80eb19198d48f154b254021,1,0,0,1,linux,BFC
cc6cd47e7395bc05c5077009808b820633eb3f18,1,0,1,1,linux,BIC
65df7d1986a1909a0869419919e7d9c78d70407e,0,0,4,1,linux,BIC
cb1aa3823c9280f2bb8218cdb5cb05721e0376b1,24,0,0,2,linux,BIC
bf1dc8bad1d42287164d216d8efb51c5cd381b18,4,0,1,1,linux,BFC
3a6b6c6fb23667fa383053bd5259aabc96468571,2,1,0,2,linux,BIC
ac4bf4a1ebce7554628db89498ec49054c7bcdba,1,0,1,1,linux,BFC
fed4383c4586a895dc8cd62e3a71814f16ba0e2d,1,1,1,1,linux,BFC
86ad60a65f29dd862a11c22bb4b5be28d6c5cef1,6,3,8,1,linux,BFC
3a27875e91fb9c29de436199d20b33f9413aea77,2,0,0,1,linux,BIC
8ca4746a78abc39cc0496654068eaaadb0f3c4d0,449,0,0,1,linux,BIC
8737ce95c463c6d8c4307ab3d6858cbf71cd4fc8,16,3,25,6,linux,BIC
6a832ec3d680b3a4f4fad5752672827d71bae501,58,0,6,1,linux,BFC
8edc56ec8f14a586a55b2ab2fda76e6bf4738ee6,66,38,18,4,linux,BIC
869f9dfa4d6d57b79e0afc3af14772c2a023eeb1,20,0,3,3,linux,BIC
4f16f7ff3bc02f6e1845677235fea157bdc0e59c,185,0,0,1,linux,BIC
601350ff58d5415a001769532f6b8333820e5786,0,0,1,1,linux,BFC
fb4f2e04ac13e7c400e6b86afbbd314a5a2a7e8d,1,0,0,1,linux,BFC
e158488be27b157802753a59b336142dc0eb0380,7,0,2,1,linux,BFC
931b94145981e411bd2c934657649347ba8a9083,53,0,0,1,linux,BIC
ae3c107cd8bea82cb7cb427d9c5d305b8ce72216,52,46,1,3,linux,BIC
92018c7ca959ccd346d6235dac03cf7fc1ba51f7,2,1,5,1,linux,BFC
8861dd303cba879bae9a9dcee74042fb642bf03b,8,1,0,3,linux,BIC
733d3e5497070d05971352ca5087bac83c197c3d,0,0,9,3,linux,BFC
ce69e553b9a4a652830add9906939a8a04d0d585,2,0,2,1,linux,BFC
bc3094673f22d00794a8606200788e411b4ec80d,56,0,4,4,linux,BIC
c7ad5ad297e644601747d6dbee978bf85e14f7bc,39,35,11,4,linux,BFC
08af4769c7d211ff800a143b60855ad7146befc8,29,18,9,1,linux,BIC
8c17bbf6c8f70058a66305f2e1982552e6ea7f47,12,0,6,1,linux,BFC
4d494cdc92b3b9a0f5fb9e1560810fa27d5a0489,216,12,184,2,linux,BIC
4124c4eba40256b65acb5016a1edfdd59a1960b6,46,0,0,3,linux,BIC
ac004b8321281b9da7d9a99674241e60e49ffc8a,224,0,1,3,linux,BIC
6f7edb4881bf51300060e89915926e070ace8c4d,25,11,15,3,linux,BIC
1f63139c3f8af1d6a09de5dd355c8b5695407c79,4,51,77,1,linux,BIC
f79645df806565a03abb2847a1d20e6930b25e7e,8,0,0,1,linux,BFC
cd9cb405e0b948363811dc74dbb2890f56f2cb87,3,2,9,2,linux,BFC
156f92f2b4711a0e8478c596557a1bd5ca69b02d,18,0,1,2,linux,BIC
9594497f2c78993cb66b696122f7c65528ace985,0,0,2,2,linux,BFC
40ddacf2dda952e0f33b40d850bf5f7403bdbe0f,5,1,9,1,linux,BIC
8d9047f8b967ce6181fd824ae922978e1b055cc0,16,15,4,3,linux,BIC
e1e84eb58eb494b77c8389fc6308b5042dcce791,19,0,2,1,linux,BFC
b39962950339912978484cdac50069258545d753,5,0,9,1,linux,BFC
7850d1c35344c7bd6a357240f2f9f60fc2c097b5,1,0,0,1,linux,BFC
5a590f35add93c2bdf3ed83eee73111021679562,15,0,1,3,linux,BIC
a89ca6f24ffe435edad57de02eaabd37a2c6bff6,108,0,0,1,linux,BIC
bc2aba905211a8fc6da367e04595d1624f0fa156,0,0,1,1,linux,BFC
2f25844c233650b2abb92b66b3d0af7d73b5f88f,1,0,2,1,linux,BFC
4fc0870d7e462fe3b86e0f938ae75ce884728c7d,9,0,2,1,linux,BFC
f7ec104458e00d27a190348ac3a513f3df3699a4,0,0,6,1,linux,BFC
e13dd8ce39a89c7a7d8ec025b266337b42eeaafc,0,0,6,1,linux,BIC
aca6ff29c4063a8d467cdee241e6b3bf7dc4a171,49,0,2,1,linux,BIC
856c395cfa63b94a1d8215182f0243c222f6f927,24,3,20,4,linux,BIC
8212ed777f40c7f801454c92ca8566db51aa73e8,2,0,6,1,linux,BIC
495c38d3001fd226cf91df1d031320f349bcaf35,172,0,0,2,linux,BIC
649a1688c96098a702e827a073542b29739b4f88,16,0,23,1,linux,BIC
12c8f3d1cdd84f01ee777b756db9dddc1f1c9d17,3,0,1,1,linux,BFC
7a05c3b6d24b8460b3cec436cf1d33fac43c8450,0,0,3,1,linux,BFC
505bfc2a142f12ce7bc7a878b44abc3496f2e747,1,0,2,1,linux,BFC
63cf32389925e234d166fb1a336b46de7f846003,0,0,2,1,linux,BFC
14a324f6a67ef6a53e04362a70160a47eb8afffa,185,0,25,6,linux,BIC
6d2aec9e123bb9c49cb5c7fc654f25f81e688e8c,4,10,1,1,linux,BFC
bcb9928a155444dbd212473e60241ca0a7f641e1,0,0,2,1,linux,BFC
e3cf2e05441a2c5107fbffadb5b7943113ee11dd,0,0,1,1,linux,BFC
55334a5db5cd32b207ac697cec3ec8e078f345d4,14,0,7,2,linux,BIC
e5ac6eafba887821044c65b6fe59d9eb8b7c7f61,0,0,1,1,linux,BFC
b187191577629b5358acf4e234809ee8d441ceb4,141,0,0,4,linux,BIC
0421bb0baa84fc93bbb659fe682e19266730f9f1,0,286,0,3,linux,BIC
a027c3041fef93da93a2c49eb22b05891d2350b6,0,0,1,1,linux,BFC
8407f8a1d940fe28c4243ad4f0cb6a44dcee88f6,0,0,1,1,linux,BFC
dd2569fbb053719f7df7ef8fdbb45cf47156a701,0,0,2,1,linux,BFC
4773be185a0f7c1c09d8966e100c76f4fa9a3227,100,2,6,1,linux,BIC
4049866f0913110bf7de597c1177de7a1cc459cb,1719,0,0,4,linux,BIC
1f53da676439c52b83453c5b54b4d3d28dcc9793,124,13,6,1,linux,BIC
972727766ee4d9e8b455c09e8dcb1e7dc14c4967,6,0,0,1,linux,BFC
7fa598f9706d40bd16f2ab286bdf5808e1393d35,0,0,2,1,linux,BFC
a6cf7ed5119fb22f54584a9f867b638edd3c4384,57,0,1,1,linux,BIC
c5aa9e3b815645e3aad08444c91ca6b237eeea01,7603,0,0,9,linux,BIC
0696d059f23c05f2dbc3b19ef50e5bdd175b782b,4,0,6,2,linux,BFC
e2f5efd0f0e229bd110eab513e7c0331d61a4649,0,0,2,1,linux,BFC
b4d093e321bd158af2a94d84e5d5b99023100d92,74,0,14,7,linux,BIC
5965dc745287bebf7a2eba91a66f017537fa4c54,8,31,37,2,linux,BFC
0fa8263367db9287aa0632f96c1a5f93cc478150,0,2,3,1,linux,BIC
119bf81793ea952fcd46e44378ff3c75562d16f8,51,0,0,1,linux,BIC
3069ce620daed85e4ef2b0c087dca2509f809470,4,0,0,1,linux,BFC
00677f826bd0c1befb87b8cfa10f30bde1cc2f32,0,4,0,1,linux,BFC
f7887f741e55940969603e12e4424381ec7ee16e,0,9,0,1,linux,BFC
9f4debe38415583086ce814798eeb864aeb39551,21,0,0,1,linux,BFC
f6033c5e333238f299c3ae03fac8cc1365b23b77,4,0,6,1,linux,BIC
0fa1c579349fdd90173381712ad78aa99c09d38b,7,11,5,3,linux,BIC
9a7b3950c7e15968e23d83be215e95ccc7c92a53,3,0,3,1,linux,BFC
2684d5003490df5398aeafe2592ba9d4a4653998,3,0,6,1,linux,BFC
f706974a69b6e2be8f69fb4dc89158a6297338f9,17,44,13,1,linux,BIC
c130153e453cba0f37ad10fa18a1aa9c9a598a59,7,0,0,1,linux,BFC
a75badebfdc0b3823054bedf112edb54d6357c75,1,0,1,1,linux,BFC
913a89f009d98c85a902d718cd54bb32ab11d167,34,17,46,1,linux,BIC
96147db1e1dff83679e71ac92193cbcab761a14c,60,45,3,1,linux,BFC
3f203f057edfcf6bd02c6b942799262bfcf31f73,0,2,4,1,linux,BFC
4c46091ee985ae84c60c5e95055d779fcd291d87,57,7,3,1,linux,BIC
34a6980c82fb1342e7064844c95aa4cf933e5ecc,2,0,1,1,linux,BFC
a159e986ad26d3f35c0157ac92760ba5e44e6785,0,0,1,1,linux,BFC
67034bb9dd5ecc0171bdacfbd31ebf7c2634df98,0,1,4,1,linux,BIC
654e2751c9f00491c4622893de59a21784e39ccf,1,0,0,1,linux,BFC
9fe373f9997b48fcd6222b95baf4a20c134b587a,20,0,0,1,linux,BIC
b8661450bc7f1f3dd746f8cac48534e0dfdc1cdf,4,0,8,1,linux,BIC
fae7d7d5f374eadbb0b5dd31b39162e7176e9c3d,0,383,0,3,linux,BFC
2e7f7cb2b50c6a10339c042a6013c2ad417176e1,0,178,0,1,linux,BFC
7426b1a51803ba2d368177363a134b98b0a8d1c0,26,75,100,3,linux,BIC
811184fb6977bb02c21512d8af6a613a7ebce329,6,0,2,1,linux,BFC
05a76d3d6ad1ee9f9814f88949cc9305fc165460,4,0,0,1,linux,BIC
38ecd706ca78525d9c4e3bdf9dbe4d2860c125ef,4,9,0,1,linux,BFC
ec8f5d8f6f76b939f662d6e83041abecabef0a34,2637,0,0,11,linux,BIC
ff083a2d972f56bebfd82409ca62e5dfce950961,47,0,35,9,linux,BFC
6d14c6517885fa68524238787420511b87d671df,1,0,0,1,linux,BFC
d693def4fd1c23f1ca5aed1afb9993b3a2069ad2,5,101,28,5,linux,BIC
cb3042d609e30e6144024801c89be3925106752b,3,1,0,1,linux,BFC
c773058dde9a4f919a8069f3828d9f4adb1fce1e,8,0,0,1,linux,BFC
b7f362d6413ebd0167ac5a9f09ad5dca5490ac1a,1,0,1,1,linux,BFC
ab43234d0bafcf2accd9db4fc4d193180b752f94,23,14,6,2,linux,BFC
71ed7ee35ad2c5300f4b51634185a0193b4fb0fa,0,0,1,1,linux,BFC
f220a80f0c2e790e445ee6b7d90759292b4c3a66,310,10,43,1,linux,BIC
15ef27756b23a9fe5ec637a92c40dabd31aa38f6,557,0,0,1,linux,BIC
6ef295e34297433c78ea02dfcf1c649a769050bb,14,0,1,1,linux,BFC
19809c2da28aee5860ad9a2eff760730a0710df0,0,10,31,20,linux,BIC
bf808b5039c66f9843cdc30f18c0608dbbf11374,107,0,0,3,linux,BIC
10c678bd0a035ac2c64a9b26b222f20556227a53,0,0,1,1,linux,BFC
98447635b5dc4be078b26376285d3f3a6fa31094,0,0,5,1,linux,BFC
625fe4f8ffc1b915248558481bb94249f6bd411c,0,0,1,1,linux,BFC
9ebeddef58c41bd700419cdcece24cf64ce32276,2,1,1,1,linux,BIC
a9e9bcb45b1525ba7aea26ed9441e8632aeeda58,26,10,5,1,linux,BFC
9635453572028134b0f997afca8a6ad9ece2c515,0,0,1,1,linux,BIC
6b2c28471de550308784560206c3365e5179d42f,1,20,30,2,linux,BIC
8a52bbab39c9791480cbae86c69ad0d47f62972e,744,137,77,8,linux,BIC
4e2576bd36a12e78ac3786d05b99a820dffe687f,2,2,1,1,linux,BIC
bcb7dd9ef206f7d646ed8dac6fe7772083714253,314,0,0,1,linux,BIC
aa2e93b8e58e18442edfb2427446732415bc215e,127,0,0,3,linux,BIC
a2e484585ad306aa8ac84140ef54d722ac8f45df,55,0,0,3,linux,BIC
766ed64de554fda08ceb927d36279eabcb08acb3,33,0,0,2,linux,BIC
daff7f1478e12cdee3e639c83c571cfd38bc5080,8,0,0,1,linux,BIC
4ae85b23e1f052379f0316e42494e2f84f2a3e6f,0,1,1,1,linux,BFC
b0996ae48285364710bce812e70ce67771ea6ef7,0,2,1,1,linux,BFC
e4d8716c3dcec47f1557024add24e1f3c09eb24b,0,2,2,1,linux,BFC
d8bd2d442bb2688b428ac7164e5dc6d95d4fa65b,95,14,6,5,linux,BIC
840c36fa727aea13a2401a5d1d33b722b79df5af,56,0,0,4,linux,BIC
eb92692b2544d3f415887dbbc98499843dfe568b,6,16,44,1,linux,BIC
2fe55987b2624a86a5c709a8df65d4de2608dc07,1,0,19,1,linux,BIC
eac9a4342e5447cade4d484261a8992e2ec6f138,144,0,0,2,linux,BIC
fe2640bd7a62f1f7c3f55fbda31084085075bc30,4,0,0,1,linux,BFC
52ec462eca9b87b8036209483efe1c6cf9c49d9a,257,0,2,6,linux,BIC
581fe0ea61584d88072527ae9fb9dcb9d1f2783e,4,0,2,1,linux,BFC
bc3d12b75491c0e844a8a7ce05e84de8f7d94822,2,4,2,1,linux,BFC
4b5af44129d0653a4df44e5511c7d480c61c8f3c,1,0,0,1,linux,BFC
dfeb376dd4cb2c5004aeb625e2475f58a5ff2ea7,11,0,3,1,linux,BFC
2f3be88237a301ab83b8ba4a0fdf0381bbb3f6ac,25,10,47,1,linux,BIC
54f3f994e9964466855e11068c0f7d952d58b260,6,0,1,2,linux,BFC
ef91271c65c12d36e4c2b61c61d4849fb6d11aa0,1,0,3,1,linux,BFC
2973ee4a5b5495090af6b24d9adbb765bca04aaf,6,74,38,2,linux,BIC
e8ac9e93b492e281e6051aac65024b580017f850,1,1,7,1,linux,BFC
40153b10d91c9e25f912344ba6ce1f0874400659,229,0,0,1,linux,BIC
868fd970e187d39c586565c875837e530c6f7e1b,4,0,0,1,linux,BIC
e359c70462d2a82aae80274d027351d38792dde6,0,1,1,1,linux,BFC
602cbe8efc523ba56e1f41e8f74c7aa835672593,0,0,1,1,linux,BFC
e412621394faacc24243abab84ce5b7a73407350,4,0,8,1,linux,BIC
623d154305c06c83924b8fd2afbfdeba3b396fb7,2,0,3,1,linux,BFC
6741f551a0b26479de2532ffa43a366747e6dbf3,0,0,1,1,linux,BFC
5e74a4b3ec1816e3bbfd715d46ae29d2508079cb,0,2,1,1,linux,BFC
d1746d1e80a86ca86b0c2680510898d411d2ef47,2,0,3,1,linux,BFC
5c621744b4270976f2dba71c49d92883afaf1604,0,0,1,1,linux,BFC
b04240a6d5ed5b219c1c7626d0e1f4f1acc0e2f5,1,0,1,1,linux,BFC
d21e540b4dd74a26df7a66ebab75c693a4a6a861,1,0,2,1,linux,BFC
03aa12629fc4f73acf28e519c9ee9cb1f5dd3706,363,0,0,1,linux,BIC
a76d550f761d4f1b0a0e2faa27af122e51904b86,0,12,0,1,linux,BFC
8376d9e1ed8f4a83d0889081893e872fe2dbc755,24,0,20,3,linux,BIC
b0b91d18e2e97b741b294af9333824ecc3fadfd8,21,0,10,1,linux,BIC
f244d8b623dae7a7bc695b0336f67729b95a9736,56,0,8,5,linux,BFC
d7b1bfd0832c1d005f571203306b6c50e9805150,9,1,1,1,linux,BFC
e1e798e3fd93dfbabedea9a5d6bc547ec2892b36,124,0,0,1,linux,BIC
6f61dd3aa35179043f1fcdb0965c5d56278ab724,0,6,3,1,linux,BFC
8e7e5c077cd57ee9a36d58c65f07257dc49a88d5,0,0,1,1,linux,BFC
f4c6d22c6cf282ef7d24a724b9bd978ee2b74fc6,0,0,1,1,linux,BFC
be75db5772f93da3a6b52552f260ce9da8fbfff8,0,0,3,1,linux,BFC
71994620bb25a8b109388fefa9e99a28e355255a,53,45,6,1,linux,BIC
43d5de2b67d7f4a8478820005152f7f689608f2f,5,0,2,1,linux,BIC
229c3b47b794e7257744224b21a95d3d9938d00a,1,1,32,15,linux,BFC
760b6d33410cda351f236058585471cb0f417978,107,8,10,2,linux,BIC
12480e3b16982c4026de10dd8155823219cd6391,1,0,1,2,linux,BFC
66abd968d0ef3eb10dea45b48a31321eb29258f8,119,0,0,1,linux,BIC
40f2218dc4acf5f90eb5c5d5acbbd98e4bbd9602,0,0,1,1,linux,BFC
d8af404ffce71448f29bbc19a05e3d095baf98eb,7,0,2,1,linux,BFC
a4dff76924fe4f6d53a9f34196a67a32149e7270,152,0,0,2,linux,BIC
35b842f25b603028fab7ff11b54a4410ee345c8a,0,0,1,1,linux,BFC
785b62167d2fb9f2b98432627e503d3759a48de9,1,0,0,1,linux,BFC
9f5e0fe5d05f7e8de7f39b2b10089834eb0ff787,4,0,2,1,linux,BFC
59a03fea131d671a57b8ed3dc446264c61d4b75f,1,0,0,1,linux,BFC
38d26d89b31d0766d431471572cc9b007ca19c98,0,0,1,1,linux,BFC
ac3a68d56651c3dad2c12c7afce065fe15267f44,73,77,9,4,linux,BIC
f5a952c08e842cb06eb5c65947ced9b5128a62ee,1,0,0,1,linux,BFC
7f88314321e20744114bc596b6528bb9d57ff46f,9,6,9,6,linux,BFC
5762ab71eb24a8393a167361510d7ca5e18c99f9,923,0,0,1,linux,BIC
67a12ae52599c9f2f24ef14adb43fc3b164792b5,2,14,5,1,linux,BFC
e2f930aaa3519865bbdfa1a37d4974a717c1fa09,0,4,0,1,linux,BFC
da3bb206c9ceb0736d9e2897ea697acabad35833,0,0,1,1,linux,BFC
17b4efdf4e4867079012a48ca10d965fe9d68822,1,0,0,1,linux,BIC
7bd9fb058d77213130e4b3e594115c028b708e7e,3,0,2,1,linux,BIC
57ded5fc98b11d76dae505ca3591b61c9dbbbda7,3,0,1,1,linux,BFC
c4f40351901a10cd662ac2c081396d8fb04f584d,0,10,1,1,linux,BFC
b159c63d82ff8ffddc6c6f0eb881b113b36ecad7,0,0,2,1,linux,BFC
e9523a5a32a1ce3acfe875cddd8ac8ad8a9ed270,4,0,4,1,linux,BIC
967628827f404b3063016c138ccc7b06c54350f8,0,0,1,1,linux,BFC
7e07c68f06a248441b485249de4c4115cba262cc,0,3,1,3,linux,BFC
656921a51244b72cd1105df61b0af15825bddb72,9,0,2,1,linux,BFC
9d7fb04276481c59610983362d8e023d262b58ca,46,10,51,4,linux,BIC
e08ecba17b72aeb01859601bc242a5bc48620109,0,0,3,2,linux,BFC
23b08260481ca552180130bbef0f3a60df4c092e,0,0,1,1,linux,BFC
69ad0dd7af22b61d9e0e68e56b6290121618b0fb,2,8,4,1,linux,BIC
a0767da7774d91a668f9c223cec3e76172cd833b,1,0,0,1,linux,BFC
61eeb1f6d1f2648a218855d7c8d44f16df242ef3,1,0,0,1,linux,BFC
19a9d136f198cd7c4e26ea6897a0cf067d3f7ecb,20,0,0,4,linux,BIC
33a0da68fb073360d36ce1a0e852f75fede7c21e,0,1,0,1,linux,BFC
d431f8939c1419854dfe89dd345387f5397c6edd,0,1,0,1,linux,BFC
e1fc12c5d9ad06a2a74e97a91f1b0c5f4c723b50,0,8,4,1,linux,BFC
28443671a468489fb147b31687b2157b6ba59c4a,3,4,13,1,linux,BFC
35bea5c84fd13c643cce63f0b5cd4b148f8c901d,0,1,1,1,linux,BFC
5556cfe8d994d5e7b4d50fd91597b8dc0b3a82fd,10,8,14,3,linux,BFC
a2e102e20fd69ce26ea9fe7bd0df26d25dafff59,2,10,4,2,linux,BIC
ab170c27361d1578b4769276ce2bbdb14394743d,0,55,0,1,linux,BFC
d536540f304ce0ee35db9f67f7d880bc09f3743f,228,0,1,2,linux,BIC
499ed50f603b4c9834197b2411ba3bd9aaa624d4,14,0,0,1,linux,BFC
9492450fd28736262dea9143ebb3afc2c131ace1,3,2,8,1,linux,BIC
2ca30331c156ca9e97643ad05dd8930b8fe78b01,2,0,0,1,linux,BFC
a75dcb5848359f488c32c0aef8711d9bd37a77b8,2,0,1,1,linux,BFC
cff1f8b4f8e119a9dbd9872d7a04fedef8d0c1a2,1,1,1,1,linux,BFC
68172f2c0b8acc5609284651f1316246f3a3a65b,11,2,0,1,linux,BFC
2070ad1aebfff2c26190188844c38e55d2df2ae2,57,37,1,4,linux,BIC
b2f0c09664b72b2f8c581383a9337ac3092e42c8,0,0,1,1,linux,BFC
1de0306c3a05d305e45b1f1fabe2f4e94222eb6b,5,4,2,3,linux,BFC
1bbb97b8ce7ddf3a56645636c905cef706706dd9,23,0,5,1,linux,BFC
efe41606184ef33efde1d708eaf7d0fad9e06694,8,9,1,1,linux,BIC
76f22c93b209c811bd489950f17f8839adb31901,9,0,1,1,linux,BFC
cc62c74749a3cacfac126a6f6dfc2f40bd58a79e,19,3,1,1,linux,BIC
c6eac8a36a845e52ba520060a807044964ad9de5,337,0,0,1,linux,BIC
9026b3a973b0b0b73c15ba40aff87cd0959fd0f3,4,0,1,1,linux,BFC
0c64fe6348687f0e1cea9a608eae9d351124a73a,40,0,2,2,linux,BFC
a9c0e12ebee56ef06b7eccdbc73bab71d0018df8,4,0,2,1,linux,BIC
333ff32d54cdefc2e479892e7f15ac91e026b57d,0,0,1,1,linux,BFC
4c6d9acce1f4ca815881f0e3adca192795eca1c5,6,0,1,2,linux,BIC
da661267398869a553b7f67d739d360aaa1361b6,7,0,0,2,linux,BIC
c0ee0e43c049a13d11e913edf875e4ee376dc84b,0,0,1,1,linux,BFC
75c08f17ec87c2d742487bb87408d6feebc526bd,2,0,0,1,linux,BFC
07775fc13878cbc2e9cda5ffac7c7289adee91cb,23,11,0,3,linux,BIC
e639b8d8a7a728f0b05ef2df6cb6b45dc3d4e556,2,0,0,1,linux,BFC
457c4cbc5a3dde259d2a1f15d5f9785290397267,100,20,241,83,linux,BIC
098e345a1a8faaad6e4e54d138773466cecc45d4,2,0,0,1,linux,BFC
38207a5e81230d6ffbdd51e5fa5681be5116dcae,6,4,0,1,linux,BIC
e0371298ddc51761be257698554ea507ac8bf831,34,0,0,1,linux,BFC
b7df21cf1b79ab7026f545e7bf837bd5750ac026,0,5,2,1,linux,BFC
382ac8e22b90e6334d373da03c17b319458b258e,5,0,0,1,linux,BIC
72ad02b15d6367f9897db62313cc69fb0a20ee1f,1069,0,0,1,linux,BIC
688f1dfb69b4efd111121d0b185c7eec1b184a00,187,0,0,1,linux,BIC
907ec5fca3dc38d37737de826f06f25b063aa08e,14,15,11,2,linux,BFC
436a4e88659842a7cf634d7cc088c8f2cc94ebf5,1,2,2,2,linux,BFC
5c101153bfd67387ba159b7864176217a40757da,0,0,2,1,linux,BFC
c2239294188fdbc3c58784a08d90edacd177bf9a,41,14,1,1,linux,BFC
9f6323311c7064414bfd1edb28e0837baf6b3c7f,0,2,3,1,linux,BIC
2222ce0fbbcc4ebfa9995c8d23d72c8239ad712c,0,1,1,1,linux,BFC
30aca1bacb398dec6c1ed5eeca33f355bd7b6203,2,0,0,1,linux,BFC
a25eafd13e5f79d9bbada5a4a4a4224cc5f6d14c,0,0,1,1,linux,BFC
0e85ee897858b1c7a5de53f496d016899d9639c5,3,0,0,1,linux,BFC
8f97250c21f0cf36434bf5b7ddf4377406534cd1,7,1,4,1,linux,BFC
4c5b9d9642c859f7369338fc42c0f62f4151bef3,55,0,33,2,linux,BIC
ca23cb0bc50faae0d48786b2f9f702dbb528b925,1,0,1,1,linux,BIC
a6eca2abdd4297ec635e8f7a573ef070be2824d7,6,2,3,2,linux,BIC
c31df25f20e35add6a453328c61eca15434fae18,0,10,4,1,linux,BIC
6b90da4b58b39a80f490479953aa2563c3c41a6d,0,0,1,1,linux,BFC
70deeaddc6e6c51bb5e2b088dd92bb5a0e5b8d8a,134,28,38,8,linux,BIC
d09220a887f70368afa79e850c95e74890c0a32d,24,10,3,4,linux,BIC
ca20dfda05ae0531c8f5117b6ac989816f6cf658,0,0,2,1,linux,BFC
f0ba9d699e5ca2bcd07f70185d18720c4f1b597c,10,0,0,1,linux,BIC
9606de36b21fe1fafb7b68a8ed5cfaf128871e97,0,1,0,1,linux,BFC
8530e4e20ec2355c273f4dba9002969e68275e5f,2,36,2,1,linux,BFC
4ca234a9cbd7c3a656b34dd98c8b156f70ed7849,5,29,2,2,linux,BIC
60cf7c5ed5f7087c4de87a7676b8c82d96fd166c,0,0,1,1,linux,BFC
98b6218388e345064c3f2d3c161383a18274c638,50,0,1,5,linux,BIC
2867e1eac61016f59b3d730e3f7aa488e186e917,0,0,1,1,linux,BFC
77522ff02f333434612bd72df9b376f8d3836e4d,0,2,1,1,linux,BFC
af45a9003f1f14af24804f7747f14238e8d51163,167,0,0,2,linux,BIC
0d33b34352531ff7029c58eda2321340c0ea3f5f,20,0,1,1,linux,BFC
c6c56697ae4bf1226263c19e8353343d7083f40e,0,0,2,1,linux,BFC
27ca8273fda398638ca994a207323a85b6d81190,1,0,1,1,linux,BFC
2d186afd04d669fe9c48b994c41a7405a3c9f16d,1,0,10,1,linux,BFC
46b0090a6636cf34c0e856f15dd03e15ba4cdda6,0,1,8,1,linux,BFC
68e7e50f195f34d0d539282779cad073d999192b,4,29,6,1,linux,BIC
4757c9ade34178b351580133771f510b5ffcf9c8,1,0,0,1,linux,BFC
f24fcff1d267da08c4bbb3869e7f4b36ce916b76,156,0,0,1,linux,BIC
3bd9d8ce6f8c5c43ee2f1106021db0f98882cc75,0,0,2,1,linux,BFC
6566d1a32bf725a4fa9119f16270505451ad01ac,94,0,3,1,linux,BIC
761e205b559be52852d85e0db4a034c9f57965f9,1,0,1,1,linux,BFC
07c519134417d92c2e1a536e2b66d4ffff4b3be0,5,0,2,1,linux,BFC
3f345e907a8e7c56fdebf7231cd67afc85d02aaa,2,0,1,1,linux,BFC
6f4722b1d1ebf274deb0459a36fad57a7d7fab31,1,5,9,1,linux,BFC
3194166052401e04ca6ca71446a1ca5dd9af2433,0,2,1,1,linux,BFC
0c06d166eacdb3176fbce589d44ffe810a95ab97,4,2,4,1,linux,BFC
1713cb37bf671e5d98919536941a8b56337874fd,115,3,13,2,linux,BIC
7146db3317c67b517258cb5e1b08af387da0618b,50,0,1,1,linux,BFC
c9f14470d04830de217f9d28fcd0deffd7e8c0b1,13,0,0,5,linux,BIC
e8a6ca808c5ed1e2b43ab25f1f2cbd43a7574f73,0,0,2,1,linux,BFC
3bbbf150ffde2ca48249537d2d9e4b52bc0a5fc8,0,2,4,1,linux,BIC
fd7d47484125c7d04578de9294faa7fec6e5df0a,2,0,1,1,linux,BFC
ec504b23df9d33260602affc50389cf070707c9b,12,0,0,3,linux,BIC
065ea0a7afd64d6cf3464bdd1d8cd227527e2045,1,0,2,1,linux,BFC
7ce5c8cd753f9afa8e79e9ec40351998e354f239,10,0,2,1,linux,BFC
0c1c8ff32fa29e425b4938934c21afdb81104431,910,0,0,1,linux,BIC
61004d1d4badb5ba31d57d49003c17cfcdfed027,6,11,1,1,linux,BFC
93fd8207bed80ce19aaf59932cbe1c03d418a37d,48,0,0,1,linux,BFC
dbc7f069b93a249340e974d6e8f55656280d8701,3,22,20,1,linux,BIC
d2249bf25c565b6e310453962fef63f8d38677a6,1,0,3,1,linux,BFC
9408cc94eb041d0c2f9f00189a613b94c0449450,85,3,37,2,linux,BIC
62240a88004b0205beb0c1faca1c875c392b53f0,15,28,8,2,linux,BIC
f616f2830c1ed79245cfeca900f7e8a3b3c08c06,4,18,9,1,linux,BFC
a49d5e7a89d644a5c0ddc851be4bbf08614e6015,353,0,0,3,linux,BIC
e34b9ed96ce3b06c79bf884009b16961ca478f87,44,18,11,3,linux,BIC
f73e0c24bf075cf934e73133f5e89052afac1d32,0,0,1,1,linux,BFC
b925708f28c2b7a3a362d709bd7f77bc75c1daac,4,0,1,1,linux,BFC
56de859e9967c070464a9a9f4f18d73f9447298e,4,0,2,1,linux,BFC
f75ca32403dbf91e20c275719aab705401b9e718,2,0,2,1,linux,BFC
c10d38cc8d3e43f946b6c2bf4602c86791587f30,12,5,17,1,linux,BFC
d6ef1f194b7569af8b8397876dc9ab07649d63cb,1,0,5,1,linux,BFC
4c21b8fd8f146a22e1eaf92833a32e51f560e82a,18,1,3,3,linux,BIC
753a6e17942f6f425ca622e1610625998312ad89,0,16,0,1,linux,BFC
202461e2f3c15dbfb05825d29ace0d20cdf55fa4,1,2,6,1,linux,BFC
4e28491a7a198c668437f2be8a91a76aa52f20eb,4,0,1,1,linux,BIC
69bb3520db7cecbccc9e497fc568fa5465c9d43f,0,0,2,1,linux,BFC
c99e1d0c91ac8d7db3062ea1af315f21295701d7,4,0,0,1,linux,BFC
85f1bd9a7b5a79d5baa8bf44af19658f7bf77bfa,3,0,7,3,linux,BFC
c99a84eac026f404457810f5253220bab17ac213,95,0,1,1,linux,BIC
3e4cb6ebbb2bad201c1186bc0b7e8cf41dd7f7e6,2,0,2,1,linux,BFC
5c4dd348af35a6f6db97b4f2401f74c71f7f3c7d,0,20,15,1,linux,BFC
3894396e64994f31c3ef5c7e6f63dded0593e567,0,2,0,1,linux,BFC
2e2bb5594ca0a5885dc93055ab0f9b5fbcdaa403,7,0,5,1,linux,BFC
2ce3f5dcdf2787e2bd777ddc3eaefd370dc6c050,0,0,1,1,linux,BFC
7a17e1db1265471f7718af100cfc5e41280d53a7,105,82,2,2,linux,BFC
eaba68785c2d24ebf1f0d46c24e11b79cc2f94c7,3,2,3,1,linux,BIC
39358a033b2e4432052265c1fa0f36f572d8cfb5,407,6,7,5,linux,BIC
c0e88ff0f256958401778ff692da4b8891acb5a9,84,0,3,2,linux,BIC
2611ebef8322fc12dc3c6b0ec869f1902aa25626,0,1,1,1,linux,BIC
9b66d6600e6a060333712c54af90631eb6276d93,0,0,5,1,linux,BFC
80d47f5de5e311cbc0d01ebb6ee684e8f4c196c6,0,0,1,1,linux,BFC
e255e11e66da8281e337e4e352956e8a4999fca4,8,0,9,1,linux,BFC
c5ac56bb6110e42e79d3106866658376b2e48ab9,0,1,1,1,linux,BFC
35122495a8c6683e863acf7b05a7036b2be64c7a,0,1,4,1,linux,BFC
07b5b12d97dc9f47ff3dff46c4f944a15bd762e5,4,0,2,1,linux,BFC
6b69546912a57ff8c31061f98e56383cc0beffd3,14,0,4,1,linux,BFC
a278724aa23c544c2087cb7537db6b950877c291,356,134,80,6,linux,BIC
28ee90fe6048fa7b7ceaeb8831c0e4e454a4cf89,24,0,2,1,linux,BIC
abc21649b3e5c34b143bf86f0c78e33d5815e250,0,2,0,1,linux,BFC
80edc68e0479bafdc4869ec3351e42316b824596,0,9,0,2,linux,BIC
a0fa72683e78979ef1123d679b1c40ae28bd9096,0,0,7,1,linux,BFC
0d31d91e614505803a0788b92f9f1a83178d8a9a,4,3,11,1,linux,BIC
1d5503331b12a76266049289747dfd94f1643fde,0,0,1,1,linux,BFC
cb257783c2927b73614b20f915a91ff78aa6f3e8,1,0,1,1,linux,BFC
aad7e08d39bda94aedc594a82576980941306fc9,62,0,7,3,linux,BIC
d68f4c73d729245a47e70eb216fa24bc174ed2e2,0,0,1,1,linux,BFC
8a4eb5734e8d1dc60a8c28576bbbdfdcc643626d,64,5,34,8,linux,BIC
c4435630361d9bebf7154a0c842dc1fb7ae39c99,87,46,57,4,linux,BIC
fc1bbb0f1831cc22326c86fb21d88cca44999b3e,123,3,4,2,linux,BIC
0a70045ed8516dfcff4b5728557e1ef3fd017c53,0,0,1,1,linux,BFC
06b285bd11257bccc5a1b85a835507e33656aff2,37,37,7,2,linux,BIC
5b11c9d80bde81f6896cc85b23aeaa9502a704ed,0,0,1,1,linux,BFC
2d52dabbef60da91b72617519495fe77b621e6b8,243,0,0,1,linux,BIC
08c965430869ed423921bd9058ae59f75207feb6,4,0,0,1,linux,BFC
418dae2276065680bde7ae27d2c075e612a54de6,1,0,2,1,linux,BFC
d2e12e66a939c54ed84e5f1b6947f0c45f6c56eb,8,5,1,1,linux,BFC
bd85125ea88513f637a62a72e8949c579c5c0a87,24,9,11,1,linux,BFC
d45829b351ee6ec5f54dd55e6aca1f44fe239fe6,3,0,3,1,linux,BFC
1f828223b7991a228bc2aef837b78737946d44b2,1,10,0,2,linux,BIC
8264ee69f0d82cc1b30edd9930c27b1e4273d00b,0,465,0,8,linux,BIC
67197a4f28d28d0b073ab0427b03cb2ee5382578,25,1,1,5,linux,BFC
66f2d19f8116e16898f8d82e28573a384ddc430d,12,6,3,1,linux,BIC
bb017d031a551b6011a43d255f4ebf613de0e13d,1,0,2,1,linux,BFC
a12ca6277eca6aeeccf66e840c23a2b520e24c8f,7,0,17,1,linux,BFC
78b99577b3934e3e787fe0c52aa1b59442c8bbb5,0,33,0,2,linux,BIC
32e5a70dc8f4e9813c61e5465d72d2e9830ba0ff,1677,0,0,1,linux,BIC
f97fc810798c261b2790c2a1660461a508a479e0,217,0,2,2,linux,BIC
0ee74d5a48635c848c20f152d0d488bf84641304,2,0,1,1,linux,BFC
5141d3a06b2da1731ac82091298b766a1f95d3d8,5,0,1,1,linux,BFC
96fc6efb9ad9d0cd8cbb4462f0eb2a07092649e6,122,31,29,10,linux,BIC
d612c3f3fae221e7ea736d196581c2217304bbbc,1,0,0,1,linux,BFC
3f165b334e51477d2b33ac1c81b39927514daab7,386,0,1,2,linux,BIC
9ad224744218a352964f31007a1420f2420a08a0,2,1,0,1,linux,BFC
13e2d5187f6b965ba3556caedb914baf81b98ed2,0,0,1,1,linux,BFC
bf355b8d2c30a289232042cacc1cfaea4923936c,599,0,0,8,linux,BIC
9c5681011a0c328be2351cfb1d1149b74c48d3a1,1010,0,0,4,linux,BIC
c04b79b6cfd714144f6a2cf359603d82ee631e62,11,0,1,4,linux,BIC
6f7efaabefebfbc523ea9776e3663a2d81b86399,1483,5137,0,11,linux,BIC
1c40279960bcd7d52dbdf1d466b20d24b99176c8,0,0,2,1,linux,BFC
6d931308f55faaef3f30bd0346c47f99528b229d,1,0,0,1,linux,BFC
07397df29e57cde5799af16e8f148ae10ed75285,65,23,4,7,linux,BIC
ae02e5d40d5f829c589412c6253f925e35cf7a22,1600,0,0,6,linux,BIC
6d9c8d15af0ef20a66a0b432cac0d08319920602,0,0,5,2,linux,BFC
7df548840c496b0141fb2404b889c346380c2b22,23,0,19,3,linux,BFC
6797318e623da68dfbacd0cb5c246f5ecd2baf6e,54,0,16,3,linux,BIC
34dc45be4563f344d59ba0428416d0d265aa4f4d,27,0,0,3,linux,BFC
efe63c220e57ce74e240670399912e609ac125d9,4,0,4,2,linux,BFC
f13da0d9c3252eb922fc12495f2068fbb18c2e8f,3,0,0,1,linux,BFC
733e03a0b26a463d75aa86083c9fab856571e7fc,63,1,24,5,linux,BIC
527d46e0b0147f2b32b78ba49c6a231835b24a41,0,1,7,1,linux,BFC
d48b8c58c57f6edbe2965f0a5f62c5cf9593ca96,2,0,3,1,linux,BFC
7505576d1c1ac0cfe85fdf90999433dd8b673012,1426,0,0,15,linux,BIC
0858fde496f84fff2fdae53d9e33c7b308195f74,33,0,13,2,linux,BIC
18d422ce8ccf47c65b98c2ce9e1758d84c8434eb,23,0,0,1,linux,BIC
21b2cec61c04bd175f0860d9411a472d5a0e7ba1,44,0,0,44,linux,BIC
99c51064fb06146b3d494b745c947e438a10aaa7,2,0,4,1,linux,BIC
e235fe3bcf831dabd67bc2d9b75cad53311a16ec,0,0,1,1,linux,BFC
84dbeb87d1439d3a6614c95e82429542434bafb9,0,1,2,1,linux,BFC
e4c0d5314dede34ac48257cbdd4b3a046b2415df,8,0,32,3,linux,BFC
a225f1567405558fb5410e9b2b90805819df1c67,5,0,1,1,linux,BFC
bccece1ead368149f90e05ad104dfbfda4422f5d,7,2,2,3,linux,BIC
4542d623c7134bc1738f8a68ccb6dd546f1c264f,2,0,1,1,linux,BFC
65ca846a53149a1a72cd8d02e7b2e73dd545b834,20,0,6,2,linux,BIC
7a18c5b9fb31a999afc62b0e60978aa896fc89e9,7,0,2,2,linux,BFC
0c8b5d6268d92d141bfd64d21c870d295a84dee1,0,3,2,1,linux,BFC
96837e8beeefe5181adabab2da6e08c51dc0cf5d,132,21,32,4,linux,BFC
a8f327fb8464875e5b764008a1c50dbc0b384c17,76,58,24,2,linux,BIC
d0a4c17b40736b368f1f26602ad162e24b4108e7,71,0,0,1,linux,BIC
979987ded3a5ae1fb60ef751bdf185c502d70590,0,0,2,1,linux,BFC
1ae292a2457cd692828da2be87cb967260993ad0,0,0,1,1,linux,BFC
1de401c08fa805f3ac34604af1d43f48aeb17eb4,155,0,2,3,linux,BIC
be863b9e4348a791e360d25611a1bdde2c9595ed,3,0,1,1,linux,BIC
97cf32996c46d9935cc133d910a75fb687dd6144,2,0,4,1,linux,BIC
5297f274e8b61ceb9676cba6649d3de9d03387ad,13,11,2,1,linux,BFC
131b3de7016b73fca1aba8ffb528217ac95b2505,155,0,0,1,linux,BIC
20c466b56168ddccf034c136510d73e4a0e18605,9,5,1,3,linux,BIC
f1de125766d6f377a4b5d5821bc12928f929a4eb,0,0,1,1,linux,BFC
7df1e988c723a066754090b22d047c3225342152,2,0,1,1,linux,BFC
fe8c470ab87d90e4b5115902dd94eced7e3305c3,1,0,0,1,linux,BFC
c12b395a46646bab69089ce7016ac78177f6001f,1891,1,25,7,linux,BIC
d68aab6b8f572406aa93b45ef6483934dd3b54a6,2,0,0,1,linux,BFC
8cb7cf56c9fe5412de238465b27ef35b4d2801aa,772,0,0,2,linux,BIC
fa8ba2cba7f9c75b84f82d174658d959d25d4561,4,2,1,1,linux,BFC
7a82f89de92aac5a244d3735b2bd162c1147620c,0,0,1,1,linux,BFC
6b2bbb08747a56dcf4ee33606a06025eca571260,55,0,69,4,linux,BIC
e631ddba588783edd521c5a89f7b2902772fb691,1215,33,165,18,linux,BIC
f0a6fd1527067da537e9c48390237488719948ed,0,9,4,1,linux,BFC
573fe6d1c25c81b0af856ffafb516db7e8d978c5,83,0,0,1,linux,BIC
ae9d8f17118551bedd797406a6768b87c2146234,7,0,4,1,linux,BFC
53f3abe97b246ae8d36d868d5403bed057dfa4a7,1,0,0,1,linux,BFC
cafe01ef8fcb248583038e1be071383530fe355a,9,1,0,1,linux,BFC
796317848517292eb951d8876773b98867cf3c28,0,0,2,1,linux,BFC
77b001acdcfeb892842caac49fb7f0d286b29c43,107,0,0,2,linux,BIC
76a563675485849f6f9ad5b30df220438b3628c1,0,0,2,1,linux,BFC
0e81bc99a0826db4cd2d6ba9a982579b1467a79f,0,0,3,1,linux,BIC
987ca7ca1fda0ac470179b2110716d62e107ab06,4,0,2,1,linux,BFC
a275b315334dea3c2151094765387ede421aac92,16,2,1,1,linux,BFC
08f3dddb715cc62fa13a6bb7a95c856519d910df,0,2,1,1,linux,BFC
5cb1a5481cc3a1101457abd6abffc9b168bc7bb4,2,4,1,1,linux,BFC
1065467ed8e2601bf2d7018cf47c557ccbea3769,5,10,2,1,linux,BFC
c3d79a83ca10d2026fd1cce096cde2d8e316592e,0,0,1,1,linux,BFC
ff7693d079e58fb62d735b7b8085b53fcfb74528,637,0,0,2,linux,BIC
9c48c0965b97e14ddcf75490a754e84e05aaa062,1,0,2,1,linux,BFC
f92ee61982d6da15a9e49664ecd6405a15a2ee56,29,0,7,4,linux,BFC
e75130f20b1f48e04ccc806aea01f0a361f9cb6b,10,0,0,1,linux,BIC
507ca9bc0476662f3463888d583864834eab1e11,50,11,35,10,linux,BIC
754eb21c0bbbbc4b8830a9a864b286323b84225f,0,1,0,1,linux,BFC
4dbb0dad8e63fcd0b5a117c2861d2abe7ff5f186,8,8,0,1,linux,BFC
21a9e0f1568eaa0aad970c06e4cc8d77de8d9fa1,1,0,1,1,linux,BFC
016e661bb0610a98b1c9ac1250e3269236fabe19,2,0,2,1,linux,BFC
56dde68f85be0a20935bb4ed996db7a7f68b3202,0,12,0,1,linux,BFC
509c7a1ecc8601f94ffba8a00889fefb239c00c6,8,0,8,1,linux,BIC
3e9b3112ec74f192eaab976c3889e34255cae940,96,0,0,2,linux,BIC
9a90ed065a155d13db0d0ffeaad5cc54e51c90c6,22,4,1,3,linux,BFC
cea5794122125bf67559906a0762186cf417099c,2,0,2,1,linux,BFC
07f8f22a33a9e3e9955e24a84e2f856dcc8c31c4,8,4,0,1,linux,BIC
471d7ff8b51b63521c8ea35c51966ab4caa434ee,1,670,13,7,linux,BIC
09d290f0ba2165666c583726836ab761e099cc2d,452,0,0,2,linux,BIC
1378889c563a2938d231203ed36c041af183b798,0,0,1,1,linux,BFC
9c46b8676271857e7580f120cb6f8eefa7239ff4,37,0,6,2,linux,BIC
24199c5436f267399afed0c4f1f57663c0408f57,1,0,0,1,linux,BFC
5e5ec1759dd663a1d5a2f10930224dd009e500e8,0,0,1,1,linux,BFC
40339af33c703bacb336493157d43c86a8bf2fed,0,0,4,1,linux,BFC
e34212c75a68990f7215d64d725c61e57ca70357,1288,3,12,5,linux,BIC
e31f8f00bfc081ec1881d92a2dd192aeddf1d9d7,2,0,1,1,linux,BFC
14533a5a6c12e8d7de79d309d4085bf186058fe1,3,0,1,1,linux,BFC
c6c1f9bc798bee7cfc2e172cd2c9b48187d801a7,31,0,8,2,linux,BIC
8a47221fc28417ff8a32a4f92d4448a56c3cf7e1,0,4,0,1,linux,BFC
420ab2bc7544d978a5d0762ee736412fe9c796ab,0,5,0,1,linux,BFC
fd9d7859db6c629536e89cc89dfdbb76bdc45ac9,163,0,4,8,linux,BIC
8c9cb6cd9a46ae6fb7cb6c39cf6a48a53440feef,0,1,0,1,linux,BFC
0bcb7efdff63564e80fe84dd36a9fbdfbf6697a4,0,0,1,1,linux,BFC
a680b1832ced3b5fa7c93484248fd221ea0d614b,4,1,6,1,linux,BIC
bec6c0ecb24373077b4e2f3661a32eb6f022e9a6,1,0,4,1,linux,BIC
0ba002bc4393dcfae031fc707b11c094b46a5048,2230,0,0,4,linux,BIC
d381c54760dcfad23743da40516e7e003d73952a,9,4,12,4,linux,BIC
7c6e68c777f109484559a35b125a773439bbd319,120,7,35,12,linux,BIC
b67e830d38fa9335d927fe67e812e3ed81b4689c,18,0,1,1,linux,BIC
02aace9be3cf393eed8bf36cc1edee6818fb5e1d,0,0,1,1,linux,BFC
928f353cb8672f0d6078aad75eeec0ed33875b12,1,0,7,1,linux,BFC
1dd62c66d345a4e5dcfa5a4e81999600515b4309,40,12,7,2,linux,BIC
a80d66c9e0d1ac31fa3427340efa0bf79b338023,0,1,5,2,linux,BFC
73e08e711d9c1d79fae01daed4b0e1fee5f8a275,0,6,0,1,linux,BFC
3254de6bf74fe94c197c9f819fe62a3a3c36f073,7,0,1,1,linux,BFC
96518518cc417bb0a8c80b9fb736202e28acdf96,6295,0,6,30,linux,BIC
c53c6d6a68b13b1dff2892551b56cfdc07887d9e,14,7,13,3,linux,BIC
a50e659b2a1be14784e80f8492aab177e67c53a2,0,0,2,1,linux,BFC
a60335ba32981db5bc057b35782644e9e2436407,293,0,2,3,linux,BIC
ffca395b11c4a5a6df6d6345f794b0e3d578e2d0,2,0,1,1,linux,BFC
b8c1dc9c00b252b3be853720a71b05ed451ddd9f,0,0,1,1,linux,BFC
e79321883842ca7b77d8a58fe8303e8da35c085e,32,0,1,2,linux,BIC
01b5e89aab498dad5a38d04a71beca2b562d9449,221,0,2,4,linux,BIC
a7b9f671f2d141528491c346e21e8a179cee9d21,14,0,14,4,linux,BIC
ac34de14ac30ba4484d68f8845a54b6b6c23db42,0,60,12,1,linux,BIC
df016bbba63743bbef9ff5c6c282561211dd72cc,0,0,1,1,linux,BFC
310c18a414504e42dbeb96263bc81ca865c7c3e5,427,0,0,1,linux,BIC
0c7051610c577b60b01b3b5aec14d6765e177b0d,0,0,1,1,linux,BFC
cbb32079149dbf557fa3f7bab8fa3c5fec857da7,0,0,1,1,linux,BFC
8730046c1498e8fb8c9a124789893944e8ce8220,74,39,3,4,linux,BIC
268d0895f1b9690755d91b6ced60c9d8d17a7567,2,0,3,1,linux,BFC
c3f66f7b0052ea854744372fdaae7817f5358e4f,44,0,0,1,linux,BIC
b5cb79dcfd03e7bb8054d38eaaa557d07966a811,1,0,0,1,linux,BFC
71c748b5e01e3e28838a8e26a8966fb5adb03df7,0,0,2,2,linux,BFC
9dd59727dbc21d33a9add4c5b308a5775cd5a6ef,2,0,4,1,linux,BFC
0a9a4b611a033f625df02a84575a72c0048d5e5e,2,0,4,1,linux,BFC
dd7bc8158b413e0b580c491e8bd18cb91057c7c2,0,0,1,1,linux,BFC
244511f386ccb90f3bea889e4d86a289015898f9,0,69,14,6,linux,BIC
c5b39e26d0036423be09c39ad142e91a2d5d278b,14,0,7,1,linux,BIC
302eca184fb844670fb128c69e22a8a28bbce48a,18,53,16,2,linux,BIC
fbfb2321e950918b430e7225546296b2dcadf725,2,0,0,1,linux,BFC
880a98c339961eaa074393e3a2117cbe9125b8bb,4,0,1,1,linux,BFC
b2d70d4944c1789bc64376ad97a811f37e230c87,59,5,115,8,linux,BIC
bc7a34b8b9ebfb0f4b8a35a72a0b134fd6c5ef50,116,43,17,12,linux,BIC
5b1158e909ecbe1a052203e0d8df15633f829930,2597,12,40,27,linux,BIC
8e88bfba77eec6231c6a72076c28bbb7634a0e8c,0,1,1,1,linux,BFC
2abc525bf5c62fd1f2a2994e5231842221dfdddb,18,24,11,3,linux,BFC
8e2614fc1c2a525d3244df65da486fc914a2bf78,3,0,0,1,linux,BFC
5cf9a338db94cfd570aa2607bef1b30996f188e3,1,1,1,1,linux,BFC
6a676fb69dcbf3310b9e462c1db66c8e7f6ead38,9,0,1,1,linux,BFC
98c65a3dac95b54bc105e29d492ce18c49353e67,9,0,0,2,linux,BIC
8b20839988f1ed5e534b270f3776709b640dc7e0,4,0,0,1,linux,BFC
23025393dbeb3b8b3b60ebfa724cdae384992e27,72,0,14,4,linux,BIC
dcb9cfaa5ea9aa0ec08aeb92582ccfe3e4c719a9,11,0,1,1,linux,BFC
9efd23297cca530bb35e1848665805d3fcdd7889,2,0,4,1,linux,BIC
c6092ea1e6d7bd12acd881f6aa2b5054cd70e096,0,0,1,1,linux,BFC
88f38846bfb1a452a3d47e38aeab20a4ceb74294,5,0,1,1,linux,BFC
131ae388b88e3daf4cb0721ed4b4cb8bfc201465,5,0,3,2,linux,BFC
117003c32771df617acf66e140fbdbdeb0ac71f5,3,2,1,1,linux,BFC
a6f3b62386a02c1e94bfa22c543f82d63f5e631b,9,7,0,1,linux,BIC
6b1206bbbce6092b2ec412125300889e6e551bc2,3,0,0,1,linux,BFC
0fabfaafec3ae017fc7c82997035872ff385752f,121,0,11,4,linux,BIC
458ea3ad033fc86e291712ce50cbe60c3428cf30,0,2,0,1,linux,BFC
d96a7d2adb040a67e163a82dad6316f9f572498a,3,1,5,1,linux,BFC
e0f244c63fc9d192dfd399cc2677bbdca61994b1,0,0,3,2,linux,BIC
820dc0523e05c12810bb6bf4e56ce26e4c1948a2,98,50,2,4,linux,BIC
6111fd2370eecae9f11bfdc08ba097e0b51fcfd3,1,0,1,1,linux,BFC
60f7bb66b88b649433bf700acfc60c3f24953871,0,0,2,1,linux,BFC
6e1051a54e3100df59dae01c24ff4a6d6027e303,0,668,65,1,linux,BIC
ba3c01ee02ed0d821c9f241f179bbc9457542b8f,57,0,6,1,linux,BFC
6771bfd9ee2460c13e38c0cd46a3afb5404ae716,136,40,29,1,linux,BIC
6840e17b8ea992453e2d6f460d403cb05d194e76,37,54,48,2,linux,BFC
058179e72e0956a2dfe4927db6cbe5fbfb2406aa,360,546,8,23,linux,BIC
f318dd083c8128c50e48ceb8c3e812e52800fc4f,18,0,7,6,linux,BIC
44577f1d98545fff565df81793418e40eecc7394,13,5,4,1,linux,BFC
2ae78708047026397713a0e4af011bdd5d392e14,0,0,5,1,linux,BFC
0f1b414d190724617eb1cdd615592fa8cd9d0b50,187,4,10,4,linux,BIC
61ef6da622aa7b66bf92991bd272490eea6c712e,0,0,1,1,linux,BFC
f035d139ffece7b6a7b8bfb17bd0ba715ee57a04,5,0,1,1,linux,BFC
1f36ab3f6e3b791eadad94f792c874706e153b66,25,0,0,1,linux,BIC
daa58c8eec0a65ac8e2e77ff3ea8a233d8eec954,1,0,0,1,linux,BFC
89e3f3fb3d9014efa59ed6bb526d5f1a00168452,5,0,1,1,linux,BFC
974f6c046ad90d071f96c76ff8ab29355a798c41,26,0,0,1,linux,BFC
fe4010667741df8c8d6bef1780ec34ebf43cf007,1,0,0,1,linux,BFC
ef13ecbc134d7e0ca4ab4834d08bd20885b53c62,0,0,2,1,linux,BFC
0c71929b5893e410e0efbe1bbeca6f19a5f19956,14,0,1,1,linux,BFC
2680ce7fc9939221da16e86a2e73cc1df563c82c,0,0,2,1,linux,BFC
d3c56568f43807135f2c2a09582a69f809f0d8b7,3,0,0,1,linux,BIC
5d97cf39ff2412a156a0bf0624a9496e4596f608,89,0,0,2,linux,BIC
493720a4854343b7c3fe100cda6a3a2c3f8d4b5d,14,0,26,2,linux,BIC
d1bd7e0ba533a2a6f313579ec9b504f6614c35c4,0,0,2,1,linux,BFC
c5ef83cbb1e9fa17a3b78fb2deb25ae8beebbf48,5,0,7,2,linux,BIC
a2fd2423240fe1abd7a154a1cc0fd1624c339bff,2,2,9,1,linux,BIC
69a00fb3d6970681c15a23595ec54233ce10295c,23,0,0,1,linux,BIC
ac0e331a628b5ded087eab09fad2ffb082ac61ba,2,0,7,1,linux,BFC
7612b3b28c0b900dcbcdf5e9b9747cc20a1e2455,8,0,0,1,linux,BFC
ee0c1a65cf95230d5eb3d9de94fd2ead9a428c67,4,4,0,2,linux,BFC
135d9f7d135a11ff4a5279325b06c5e8c82952b5,9,0,0,1,linux,BIC
d2347b9695dafe5c388a5f9aeb70e27a7a4d29cf,2,0,0,1,linux,BFC
b828854871f6851c75a5b19f1cd967bf4e7c85dd,2,0,2,1,linux,BFC
208e7607459477432d3df52c32d4b961a96d4a94,0,0,1,1,linux,BFC
86b53fbf08f48d353a86a06aef537e78e82ba721,0,0,1,1,linux,BFC
e8d998264bffade3cfe0536559f712ab9058d654,0,1,0,1,linux,BFC
b3bf289c1c4561b4262084b64d1a115e4ba845cf,0,0,1,1,linux,BIC
c0f49d98006f2db3333b917caac65bce2af9865c,6,0,0,1,linux,BFC
87c0e764d43aca7f8bae8bfa86c50fa715e80050,573,0,0,2,linux,BIC
fc1b6d6de2208774efd2a20bf0daddb02d18b1e0,2326,3,43,15,linux,BIC
e2ca90c276e1fc410d7cd3c1a4eee245ec902a20,1448,0,0,1,linux,BIC
e84815cbbc767617221e6891e77f2486c9199dfa,0,4,2,1,linux,BIC
1948d5c51dba4e4e2652a5687991a6460d78b5d0,1088,0,0,2,linux,BIC
0feaf8f5afe057c397a440e76865b3d746dc9f7e,7,0,3,1,linux,BIC
527d7d1b9949e04a36fed971adc790641f13c927,36,0,10,3,linux,BIC
a74eaf1605d42391c2357a70e94e5a2c7780fea9,4,0,1,1,linux,BFC
c98769475575c8a585f5b3952f4b5f90266f699b,0,0,5,1,linux,BFC
225e4635580ce9fb12f8a2dc88473161cd64dbf6,20,0,3,3,linux,BIC
5feeb61183dde9d4f4026fd0d5801388c21d61a2,15,1,30,3,linux,BIC
7ff2c2a1a71e83f74574b8001ea88deb3c166ad7,0,0,2,1,linux,BFC
53cd885bc5c3ea283cc9c00ca6446c778f00bfba,230,2,24,2,linux,BIC
616f5701f4ab7deb89a6534a481c8c5b5658278f,18,1,6,3,linux,BIC
b3ae2d350ddfd5aeb04de29c333d6639aeb1dae2,10,0,9,1,linux,BFC
d2e467905596760f1218e3382de24ab2c14d5baf,44,0,1,1,linux,BIC
1f5965c4dfd7665f2914a1f1095dcc6020656b04,40,628,141,4,linux,BIC
4a47c6385bb4e0786826e75bd4555aba32953653,23,0,1,1,linux,BFC
86ef1dfcb561473fbf5e199d58d18c55554d78be,25,18,5,1,linux,BFC
0c4395fb2aa77341269ea619c5419ea48171883f,0,0,1,1,linux,BFC
826096d84f509d95ee8f72728fe19c44fbb9df6b,0,2,1,1,linux,BFC
e30155fd23c9c141cbe7d99b786e10a83a328837,5,0,1,1,linux,BFC
d1b928ee1cfa965a3327bbaa59bfa005d97fa0fe,0,0,1,1,linux,BFC
1dbe0ccb0631c4ed399261934fe16f07407b078d,151,5,17,2,linux,BIC
0ec5f02f0e2c6fe88ba5817790e11fe33ee298a7,38,0,29,2,linux,BIC
b58a185801dab4eefccad868c466296795c5bae7,0,12,8,1,linux,BIC
04f08eb44b5011493d77b602fdec29ff0f5c6cd5,0,0,2,2,linux,BFC
bd6d617aac21502f3042bd472238fbe3f9b77083,3,0,0,1,linux,BFC
662591461c4b9a1e3b9b159dbf37648a585ebaae,0,19,0,1,linux,BIC
81eb8447daae3b62247aa66bb17b82f8fef68249,21,0,26,3,linux,BIC
b5140a36da7876bc084a2c680c8dbc7438db2051,89,3,1,1,linux,BIC
dd6fb8ff2210f74b056bf9234d0605e8c26a8ac0,0,0,1,1,linux,BFC
ecb10288a370b439e3b4552adea40d22900b9f64,1,0,0,1,linux,BFC
8e41bd54317b04f2bf03012a4ca8ab7360c9beef,8,0,4,1,linux,BFC
3e66bab33f2a32630616d335dbf4965896eb159f,0,0,2,2,linux,BFC
5254223a1216f120a84153dac1d0fde4da999a55,0,0,1,1,linux,BFC
750cf40c0f7088f36a8a5d102e0488b1ac47faf5,0,0,1,1,linux,BFC
8e37d699139128139c0468e005c2f0d6215b0c55,5,0,0,1,linux,BFC
42bf4152d8a79f89f5456dee63a1f364fbce2dd6,27,0,1,3,linux,BIC
b8ce90370977dbe24d2ed7271b65710ec9c40166,105,0,12,3,linux,BIC
8d818c1055013d355d36188f21c7535687374f6c,3066,0,0,4,linux,BIC
c3b5b6ed1eb4f429addfd9e8e8eb39d1a38c85d0,0,0,1,1,linux,BFC
9490f886b192964796285907d777ff00fba1fa0f,52,3,12,1,linux,BFC
f751c5452594f6ef77b39c78f9888275e60d0770,2,0,4,1,linux,BFC
c1bfc598181bf04b371131df9ea77162079d710e,1,1,1,1,linux,BFC
aec511ad153556640fb1de38bfe00c69464f997f,7,0,5,1,linux,BFC
aaf461af729b81dbb19ec33abe6da74702b352d2,1,8,6,1,linux,BFC
82ab2b52654c43ba24a3f6603fec40874cc5a7e5,1,0,5,1,linux,BFC
6468fc18b00685c82408f40e9569c0d3527862b8,89,0,0,1,linux,BIC
6c851417336af718587a83b27fbe83480c31fc2f,2,0,0,1,linux,BFC
439d8186fb235ab6d9bc08a23a8a9530a5f3ac95,29,2,4,5,linux,BIC
f91b2ab0e0c5f7cb4b11012748a184b91a396f0f,0,1,0,1,linux,BFC
baa1702290953295e421f0f433e2b1ff4815827c,34,1,4,4,linux,BIC
1393d9612ba02d8bb8dae1dab319807e92354fe3,17,0,9,1,linux,BIC
1ff203badbbf1738027c8395d5b40b0d462b6e4d,4,0,0,1,linux,BFC
2c38de4c1f8da799bdca0e4bb40ca13f2174d3e8,4,0,4,4,linux,BIC
c055e3eae0f133d98e9c66ad136eefd811701b3a,0,6,16,1,linux,BIC
1bfa4d0cb5adf954e0f4870a3ecb7cb19506320c,0,7,0,1,linux,BFC
d005f8c6588efcfbe88099b6edafc6f58c84a9c1,13,0,0,1,linux,BFC
9bed8a70716ba65d300b9cc30eb7e0276353f7bf,0,3,0,1,linux,BFC
f7018c21350204c4cf628462f229d44d03545254,0,0,6,438,linux,BIC
b63534c41e20b474483b4ddf47efc858c17352e0,122,22,2,1,linux,BIC
755563bc79c764c90b9f44db5e4fe6c556d3440c,18,0,2,4,linux,BIC
63cae47005af51c937f4cdcc4835f29075add2ba,161,0,0,3,linux,BIC
2dca2a619a907579e3e65e7c1789230c2b912e88,0,0,6,1,linux,BFC
77a618b1481f6fdb41b7585ed0f67c47fb8401e5,1,0,0,1,linux,BFC
af7e3eeb84e27fcfd1f46a80f111c8c72c206776,12,0,1,1,linux,BIC
c9aef213e38cde27d4689a5cbe25a7c1b1db9fad,262,0,0,1,linux,BIC
7718453e36960dadb8dc46f2b514b309659e1270,0,1,0,1,linux,BFC
efa165504943f2128d50f63de0c02faf6dcceb0d,4,0,11,1,linux,BFC
4df95131ea803bcb94f472d465c73ed57015c470,251,28,21,2,linux,BIC
0a6e6b3c7db6c34e3d149f09cd714972f8753e3f,7,2,1,1,linux,BFC
c5f0627488be996e833038bdba01e45698ddaa26,1,0,1,1,linux,BFC
a4ae32c71fe90794127b32d26d7ad795813b502e,1,0,0,1,linux,BFC
9632e78e82648aa98340df78eab9106f63da151e,0,0,2,1,linux,BFC
6fef90c6b3f6a2b52018e66c0886944ea0c03fcc,0,0,2,1,linux,BFC
1091eb830627625dcf79958d99353c2391f41708,0,1,1,1,linux,BFC
65d7ab8de582bc668e3dabb6ff48f750098a6e78,232,0,0,3,linux,BIC
4fcc7c2292def2fcb21a9644969583771c52724e,3,0,2,1,linux,BIC
3c612d2c1059c87c02966a73cddbf7678f5a935e,1,1,8,1,linux,BFC
450605c28d571eddca39a65fdbc1338add44c6d9,0,0,1,1,linux,BFC
84da7acc3ba53af26f15c4b0ada446127b7a7836,1,2,0,1,linux,BFC
0350cb48fb94e168d8b4d3ff65adbdbc73759cbf,0,0,2,1,linux,BFC
7fdec11015c374a6f0b29ceccf35f559c2208042,33,0,15,1,linux,BIC
8ec3e8a192ba6f13be4522ee81227c792c86fb1a,13,0,0,1,linux,BFC
4c0e8dda608a51855225c611b5c6b442f95fbc56,2,3,8,1,linux,BFC
c93d059a80450af99dd6c0e8c36790579343675a,22,0,12,1,linux,BFC
420cb1b764f9169c5d2601b4af90e4a1702345ee,9,0,0,1,linux,BFC
b18e9834f7b248b41e8179a039ec80803bb3d67a,4,0,0,1,linux,BFC
4971613c1639d8e5f102c4e797c3bf8f83a5a69e,2,0,3,1,linux,BFC
19cf41b64e3b150cf64fa01dec13f20dc86d95b2,0,0,2,1,linux,BIC
c3b7d0bd7ac2c501d4806db71ddd383c184968e8,2,0,7,1,linux,BFC
bfa3dbb343f664573292afb9e44f9abeb81a19de,2,0,0,1,linux,BFC
8f11fe7e40683f8986aff8f1a46361ceca8f42ec,0,6,0,1,linux,BFC
09ed061a4f56d50758851ca3997510f27115f81b,1,23,2,1,linux,BFC
86af062f40a73bf63321694e6bf637144f0383fe,6,0,0,1,linux,BFC
f76707831829530ffdd3888bebc108aecefccaa0,0,0,1,1,linux,BFC
22cfe4b48ccb5a3dbb92d6dcb88f396e0f400f74,154,2,34,4,linux,BIC
ee8f7fcbe638b07e8d1c3dc98e8be35e56306d05,61,33,13,4,linux,BFC
de2ba664c30fcdb0f678ab6cbb57e01a0b206085,667,0,29,6,linux,BIC
c46ed2281bbe4b84e6f3d4bdfb0e4e9ab813fa9d,2,0,0,1,linux,BIC
1284605dc821cebdc4793772487f65f56c5d0c62,33,0,1,1,linux,BIC
41ce1456e1dbbc7355d0fcc10cf7c337c13def24,72,30,8,3,linux,BIC
e3d8b08904694e9ccae5163d0bb7d35fa66e5bdc,80,2,15,4,linux,BIC
f0ef67485f5918794143b7a85d60c1a52bc690ec,36,0,0,1,linux,BIC
2b1fe162e584a88ec7f12a651a2a50f94dd8cfac,26,6,21,1,linux,BFC
722ddfde366fd46205456a9c5ff9b3359dc9a75e,0,0,1,1,linux,BIC
508b09046c0f21678652fb66fd1e9959d55591d2,1,0,1,1,linux,BIC
ae1804de93f6f1626906567ae7deec8e0111259d,4,0,70,1,linux,BIC
b1d9e6b0646d0e5ee5d9050bd236b6c65d66faef,509,269,117,12,linux,BIC
32e67a3a06b88904155170560b7a63d372b320bd,9,0,2,1,linux,BFC
1c5aae7710bb9ecf82a5cc88e35a028a8b385763,176,9,10,4,linux,BIC
90e02896f1a4627b14624245fbcbc19f8fd916cb,309,0,0,2,linux,BIC
de3793796f78e293cc0873744a75588c99ed2fdd,0,0,1,1,linux,BFC
81bb773f35105f13c45b8cde1fa7cd147f9254b2,0,0,1,1,linux,BFC
33180bee86a8940a84950edca46315cd9dd6deb5,8,0,2,1,linux,BFC
d4072058af4fd8fb4658e7452289042a406a9398,2,0,2,2,linux,BFC
7b63f72f73af57bb040f03b9713ec9979d8911f4,19,0,1,1,linux,BIC
faffd234cf85ddfe3959055bea0af2d21bc85f63,39,7,13,1,linux,BIC
6ff53f6a438f72998f56e82e76694a1df9d1ea2c,2,0,1,1,linux,BFC
358ba762d9f1d4ba99ab31ef12bc28014b22f4c9,56,4,11,4,linux,BIC
6bac9bc273cdab6157ad7a2ead09400aabfc445b,0,1,1,1,linux,BFC
eee2faabc63d863a129000b698a2bca54dff643d,1,0,1,1,linux,BFC
158b9aa74479c9979b7b4806cefdbf0c9a72ba49,66,1,4,3,linux,BIC
e96bca7eaa5747633ec638b065630ff83728982a,0,0,1,1,linux,BFC
fdc85222d58eb6e19ac11181024ac766b19dc470,0,0,3,1,linux,BIC
6550c4df7e50d09f86385ce20fd7e969a5638da3,7,0,2,1,linux,BIC
15727ed0d944ce1dec8b9e1082dd3df29a0fdf44,1,0,5,1,linux,BFC
a645a89d9a780a8fbb6e283f84fc91ad538c2edc,23,5,11,2,linux,BIC
8eee539ddea09bccae2426f09b0ba6a18b72b691,1,0,3,1,linux,BIC
cb8d53d2c97369029cc638c9274ac7be0a316c75,1,0,0,1,linux,BFC
f7debfe54090d1a1c38e1f070be20d83bb70a8e0,5,12,42,2,linux,BIC
f3b3d9018975ffb2680b7c1d37122f9d80301587,117,0,4,4,linux,BIC
8dd33bcb7050dd6f8c1432732f930932c9d3a33e,6,0,2,1,linux,BFC
f908620019324872ce0776b37b27a31dfd8c05a0,0,0,2,1,linux,BFC
766c4cbfacd8634d7580bac6a1b8456e63de3e84,8,1,5,1,linux,BIC
330f4c53d3c2d8b11d86ec03a964b86dc81452f5,0,0,1,1,linux,BFC
5745b0be05a0f8ccbc92a36b69f3a6bc58e91954,1,0,2,1,linux,BFC
e39f9dd8206ad66992ac0e6218ef1ba746f2cce9,0,0,1,1,linux,BIC
f7f7aab1a5c0a495ae9a2d604badd1e3f9f20795,20,14,51,2,linux,BIC
f263a2c2d6c7c44e9256e6a24c9fec668f22ff8b,1,0,0,1,linux,BFC
cb6acd01e2e43fd8bad11155752b7699c3d0fb76,35,2,1,3,linux,BFC
1eb8f690bcb565a6600f8b6dcc78f7b239ceba17,2,2,1,2,linux,BFC
37bd59d3cef8e90055dc26e25d9aba00f06f5f9f,0,4,2,1,linux,BFC
965b57b469a589d64d81b1688b38dcb537011bb0,6,22,25,9,linux,BIC
0a1498ebfa55b860e8ec929d73585bcd3fd81a4e,95,0,3,1,linux,BIC
d852b5f35e84e60c930589eeb14a6df21ea9b1cb,1,0,0,1,linux,BFC
036d20726c30267724416e966c9f92db07de8081,16,0,1,3,linux,BFC
84ce4d0f9f55b4f4ca4d4edcbb54a23d9dad1aae,0,0,1,1,linux,BFC
8a8a66a1a18a1dbd213bee460bcedb1361abc7ff,199,0,31,1,linux,BIC
8630c32275bac2de6ffb8aea9d9b11663e7ad28e,9,0,2,2,linux,BIC
bb2216548a2b13cf2942a058b475438a7a6bb028,5,0,1,1,linux,BFC
e9b7c3a4263bdcfd31bc3d03d48ce0ded7a94635,0,0,3,1,linux,BFC
550f9052040277a6b10ed8c125178beeb99ed407,1,1,0,1,linux,BFC
3d9ae54af1d02a7c0edc55c77d7df2b921e58a87,1,0,1,1,linux,BFC
c1d2061b28c2aa25ec39b60d9c248e6beebd7315,10,0,0,1,linux,BFC
92e222df7b8f05c565009c7383321b593eca488b,3,2,3,1,linux,BFC
019a316992ee0d9832b1c480c899d6bdf2a0a77e,12,0,1,1,linux,BIC
f53dd63f1119a98a16d1a5a7cb3277a2f1ff483d,0,0,4,1,linux,BFC
340c78e5906264c42f9415005c7ba0a4efcfe735,2,2,6,1,linux,BFC
cc9bbb6cde6c321706f1eff79d077b4a91cd5d12,1,0,0,1,linux,BFC
a217a6593cec8b315d4c2f344bae33660b39b703,28,1,6,3,linux,BFC
6be6c04bcc2e8770b8637632789ff15765124894,16,8,1,3,linux,BFC
a512f5611646ab12f3f8fea2a3d2582adabe5157,49,0,4,2,linux,BIC
9a32a7e78bd0cd9a9b6332cbdc345ee5ffd0c5de,186,21,10,10,linux,BIC
8b2ec318eece89be5e33d5313a25461a55a3177a,29,0,2,3,linux,BIC
18bfb9c6a8a5fbfe1a732130bb8f65fcfc4e8aa2,0,0,1,1,linux,BFC
0c0bceb796878a5baea1f47033215fac0774e498,1,0,5,1,linux,BFC
16cc14d817338fc297970d2d9d146c88ec87474d,24,0,0,3,linux,BIC
1d0f953086f090a022f2c0e1448300c15372db46,5,8,8,3,linux,BFC
3a1b0ca5a83b69f95ab9641ae0e77526a6fee384,136,101,0,3,linux,BIC
c434e5e48dc4e626364491455f97e2db0aa137b1,0,0,1,1,linux,BFC
768d64f491a530062ddad50e016fb27125f8bd7c,0,1,4,1,linux,BFC
40c3ff6d5e0809505a067dd423c110c5658c478c,3,0,0,1,linux,BFC
28dc10eb77a2db7681b08e3b109764bbe469e347,17,9,2,1,linux,BFC
e3c11025bcd2142a61abe5806b2f86a0e78118df,9,0,1,1,linux,BFC
eb6d38d5427b3ad42f5268da0f1dd31bb0af1264,33,0,2,4,linux,BIC
98397fc547e3f4553553a30ea56fa34d613f0a4c,1,0,0,1,linux,BFC
6ac4bac4ce48604cf0f4b04d61884552520ca55e,6,0,2,1,linux,BFC
c80c5ec1b2fa8d3675fc2a6807a64771ea156698,0,0,1,1,linux,BFC
2e2ba09e48b72497a9b69fc49ab693f7f0c2e5cf,24,0,33,7,linux,BIC
d5bf630f355d8c532bef2347cf90e8ae60a5f1bd,5,0,5,1,linux,BFC
11789039da536fea96c98a40c2b441decf2e7323,7,0,0,1,linux,BIC
424b650f35c77defbb3cbd6e5221d3697af42250,0,3,4,1,linux,BFC
afdc8a84844a2163e25ad735f9f69d220ae02529,88,0,1,3,linux,BIC
51b75b5b563a2637f9d8dc5bd02a31b2ff9e5ea0,0,0,1,1,linux,BFC
1dc92851849cc2235a1efef8f8d5a9255efc5f13,377,0,20,1,linux,BIC
6b3f05d24d355f50f3d9814304650fcab0efb482,66,38,39,3,linux,BIC
096335b3f9830b90d13aee77252cf6f5f12a258c,137,0,4,4,linux,BIC
edd06b8353772dca7afcd4640dafa83b521edd55,0,10,1,1,linux,BFC
278f74b39e641e1315e1b7f11b26aa1f989a40fc,11,1,5,2,linux,BFC
5e0b8928927fa0bac688221a4b2636ef593a0599,8,0,17,3,linux,BIC
c8856c051454909e5059df4e81c77b9c366c5515,14,0,1,2,linux,BIC
591328948ba60423e28d000da99d34f7586de54a,0,0,1,1,linux,BFC
48ae74c9d89f827b39b5c07a1f02fc13637a3cd6,0,2,1,2,linux,BFC
bf18525fd793101df42a1344ecc48b49b62e48c9,18,0,1,2,linux,BIC
57e00b40033a376de3f3cf0bb9bf7590d2dd679d,0,1,1,1,linux,BFC
92a563fcf14b3093226fb36f12e9b5cf630c5a5d,3,0,0,1,linux,BFC
8633db6b027952449e155a316f4ae3a530bbe18f,6,14,5,5,linux,BFC
c2b71462d294cf517a0bc6e4fd6424d7cee5596f,0,18,5,3,linux,BIC
3eb900173c71392087f4b0ada66f67ceae7e75f0,137,8,44,2,linux,BIC
6c015a2256801597fadcbc11d287774c9c512fa5,12,0,0,1,linux,BFC
68ed7e1c3d236e9e1e60ed6cae22f2c1c4ba2952,2,0,1,1,linux,BFC
522f6e6cba6880a038e2bd88e10390b84cd3febd,3,0,0,1,linux,BFC
fc53d5279094e38e6363506339772a7021da2df8,349,0,7,4,linux,BIC
9c5d03d362519f36cd551aec596388f895c93d2d,54,0,2,47,linux,BIC
a598af7f0279195abffbfb9bf2070457e9c89ff3,0,0,4,1,linux,BFC
77f4ec2a4111f1dce0c5903d6db7887413a0a750,0,0,1,1,linux,BFC
bb01a1bba579b4b1c5566af24d95f1767859771e,10,8,2,1,linux,BFC
4e458debbb69af0cbde5bd6430d64519d5f59274,0,1,0,1,linux,BFC
6028f7c4cd87cac13481255d7e35dd2c9207ecae,136,0,0,5,linux,BIC
436b265671d653787eed9bc716f44882d2a458cb,0,0,2,1,linux,BFC
7abc7d47510c75dd984380ebf819616e574c9604,0,0,2,1,linux,BIC
a6921dd524fe31d1f460c161d3526a407533b6db,26,0,11,1,linux,BFC
de911b4e683f9c28a063bb62991f2db206c38ba4,2,0,1,1,linux,BFC
703df6c097956d17a818e63961c82e8e9eef9fef,189,278,33,3,linux,BIC
9f28cde0bc643186d32744ce69d12222e8588fe7,36,47,4,1,linux,BIC
866e0f4d73390ee6f5cd68aa92cf74eef3a2b0f2,1,0,0,1,linux,BFC
648b8eba20d0bdce9de41df97677e70aa53693ea,0,0,2,1,linux,BFC
62e345ae5b6ed977b02c24d1eaeaece062f9fb17,1,0,0,1,linux,BFC
2a8bd83af30e3045b8b251191e759a2be9877816,0,67,0,5,linux,BIC
beae56192a2570578ae45050e73c5ff9254f63e6,1,0,2,1,linux,BFC
0a862b43acc6c5d38fd462baa9c76f9197907d73,67,0,9,6,linux,BIC
763ecb035029f500d7e6dc99acd1ad299b7726a1,78,227,147,9,linux,BIC
1738061c9ec854db2db76be8bb968f550d9bdddc,461,0,1,4,linux,BIC
f35faa4ba9568138eea1c58abb92e8ef415dce41,0,9,5,2,linux,BIC
3dc709e518b47386e6af937eaec37bb36539edfd,0,0,2,1,linux,BFC
d96b339f453997f2f08c52da3f41423be48c978f,0,0,1,1,linux,BFC
51ba539f5bdb5a8cc7b1dedd5e73ac54564a7602,4,10,4,1,linux,BFC
b552766c872f5b0d90323b24e4c9e8fa67486dd5,0,0,1,1,linux,BFC
615cee49b3ca55f54d527f7a6a7d0fd4fd6fef6b,1,0,0,1,linux,BFC
76cde7e495904064d612cf3eb4bf6d9e76ff8191,41,0,10,1,linux,BIC
34ae2cd536738affaa2c2f32be23aea229b3c309,653,0,0,3,linux,BIC
f18792714608a670c2762d22f695d77d02fc965e,481,0,0,1,linux,BIC
286a837217204b1ef105e3a554d0757e4fdfaac1,430,64,41,8,linux,BIC
fa6dfe6bff246ddd5be3cfe81637f137acd6c294,556,566,86,2,linux,BIC
37307f7020ab38dde0892a578249bf63d00bca64,3,0,0,1,linux,BFC
decbaf182d8f3a0c83be7c60d27026b5abc04c42,0,1,0,1,linux,BFC
efd1b4ad3d5178a74387bc5ff69a2d4585f586c6,19,0,1,4,linux,BFC
8de1cb0038026a35dca276c69fa5caa5453879f3,1,0,0,1,linux,BFC
9e08564727fc7770b30715fb81348aee54fa50c3,38,4,16,2,linux,BIC
1b426bac66e6cc83c9f2d92b96e4e72acf43419a,0,16,10,4,linux,BFC
24025c465f77c3585f73450bab19501b2edd6fba,8,1,5,5,linux,BIC
7e9b3f95d64165f37c6448fe624d835c5adf17b9,0,3,0,1,linux,BFC
d6177a6556f853785867e2ec6d5b7f4906f0d809,2,0,0,1,linux,BFC
c0efd232929c2cd87238de2cccdaf4e845be5b0c,6864,0,0,8,linux,BIC
a1c735fb790745f94a359df45c11df4a69760389,2,0,0,1,linux,BFC
91e515c2f0f68d4ce137c9182eb03af4858f362e,0,0,1,1,linux,BFC
b9010f105f21788b2dbe0e9599677a27247a9092,705,27,30,8,linux,BIC
ac269395cdd80b9b088d9b5306015bd4b8bc176d,3,9,27,4,linux,BIC
f7e2355f0f8635ddcfd26858f58732b7bf85f9f4,0,0,2,1,linux,BFC
f6749da17a34eb08c9665f072ce7c812ff68aad2,0,0,1,1,linux,BFC
60d4553bdc1a0099adb544e12cafd7bbc7f1d484,3,4,2,1,linux,BFC
a6e4d254c19b541a58caced322111084b27a7788,0,0,1,1,linux,BFC
79dc7e3f1cd323be4c81aa1a94faa1b3ed987fb2,2,0,2,1,linux,BFC
9c907446dce311dc7e7b8958425e92ac03d3d00c,9,0,9,1,linux,BIC
92d602bc7177325e7453189a22e0c8764ed3453e,0,0,2,2,linux,BFC
351f339faa308c1c1461314a18c832239a841ca0,6,6,0,1,linux,BFC
ba4bdc9e1dc01300490e4f5315b0ac8576bd4c7a,331,0,0,1,linux,BIC
03fbf488cece461468d3abb795f5e5f055e00040,27,10,9,3,linux,BIC
11cec15bf3fb498206ef63b1fa26c27689e02d0e,9,0,2,5,linux,BIC
6264dab6efd6069f0387efb078a9960b5642377b,0,0,1,1,linux,BFC
675272d092e4a5570bace92593776f7348daf4c5,0,24,7,1,linux,BFC
eff3860bbfedbac6edac57fb0d7f3a60e860c1c3,0,0,2,1,linux,BFC
bec3df930fbd40fcc7bcead43a39cfd3c5b0419f,146,0,5,6,linux,BIC
1d70ad0f85435a7262de802b104e49e6598c50ff,0,3,0,1,linux,BFC
78656acdcf4852547a29e929a1b7a98d5ac65f17,1440,0,0,1,linux,BIC
beb9caac211c1be1bc118bb62d5cf09c4107e6a5,6,0,1,1,linux,BIC
72c6f5243999304915e90c07bf390209fb282143,0,1,1,1,linux,BFC
a5e2da6e9787187ff104c34aa048419703c1f9cb,0,2,3,1,linux,BIC
a5c3e1c725af9e84deceb3c33939ca4ffe3fefc8,19,0,0,1,linux,BIC
86e177d80ff7b127138e69e03a3ba7a4c090f57b,204,0,0,5,linux,BIC
272c2330adc9c68284cb0066719160c24bfe605f,6,5,12,2,linux,BIC
d956a048cd3fc1ba154101a1a50fb37950081ff6,41,0,7,2,linux,BIC
2d18e54dd8662442ef5898c6bdadeaf90b3cebbc,2,0,0,1,linux,BFC
dfe0d3ba20e860d0b9a16c4c6524180b8f93be05,176,74,1,7,linux,BIC
40319796b7321e25d23671e525e01a1f4d85f6b6,426,7,18,8,linux,BIC
037b0b86ecf5646f8eae777d8b52ff8b401692ec,5,0,1,3,linux,BFC
41613a1a7df27a0aa34bf77d51278bbe8e108a8f,1,0,7,1,linux,BFC
1931529448bca3e0e77fb526baad20935c9cabaf,10,0,16,9,linux,BIC
c92c81df93df95dafbf6926613ce0b436227b007,19,0,12,3,linux,BIC
d75da004c708c9fca7b53f7da293a295522414d9,2,0,1,2,linux,BFC
18398904ca9e3ddd180e2ecd45886e146b1d9d5b,11,2,15,2,linux,BIC
2eed5a8b614bc0197b29da7b21a78d2c564a7098,25,1,8,2,linux,BIC
6956d8be23871a779bf74085c51efdb76ad6638a,0,1,1,1,linux,BFC
60b3143c7cac7e8d2ca65c0b347466c5776395d1,8,0,2,1,linux,BFC
c7a7ac84afeaf310a0ee477fc114e1e291a37c43,0,0,1,1,linux,BFC
35773dac5f862cb1c82ea151eba3e2f6de51ec3e,52,0,2,2,linux,BIC
4abaffce4d25aa41392d2e81835592726d757857,29,0,10,4,linux,BIC
5cc70bbcacf6728b598b529a061930d8271adbb5,9,0,1,1,linux,BFC
009b1948e153ae448f62f1887e2b58d0e05db51b,2,0,0,1,linux,BFC
600ac36b5327c949f6754be106e2a08e5d81e3a0,0,2,14,1,linux,BFC
95be5739588c56a9327e477aa0ba3c81c5cf8631,0,1,0,1,linux,BFC
5e9cf0f0a3e98992184442de24253fe1b9c40f2e,0,0,1,1,linux,BFC
fb1de5a4c825a389f054cc3803e06116d2fbdc7e,0,0,1,1,linux,BFC
32d3182cd2cd29b2e7e04df7b0db350fbe11289f,7,0,0,1,linux,BFC
de59fae0043f07de5d25e02ca360f7d57bfa5866,1,0,0,1,linux,BFC
023eb571a1d0eae738326042dcffa974257eb8c8,17,0,3,1,linux,BIC
94a39d61f80fcd679debda11e1ca02b88d90e67e,68,0,2,3,linux,BIC
41885b02127c7ae169dc94542de4a8eed175495a,0,2,7,1,linux,BFC
aecbde630e95c02c24182f7acead53ca1c2a60a6,1,0,1,1,linux,BFC
89ab396d712f7c91fe94f55cff23460426f5fc81,9,0,3,3,linux,BFC
b5c3aca86d2698c4850b6ee8b341938025d2780c,13,0,0,2,linux,BFC
8d84fca4375e3c35dadc16b8c7eee6821b2a575c,0,0,1,1,linux,BFC
2613eab11996c8d1439c2a44fbca52807be7faa6,561,0,0,1,linux,BIC
aa202f1f56960c60e7befaa0f49c72b8fa11b0a8,2,0,6,1,linux,BFC
a2e8da9378cc09e2e922a0b3d481bd9d07c3d245,21,0,9,8,linux,BIC
2e3d232e139a7128e2494a840a8a00fb9ab65f45,0,0,2,1,linux,BFC
6b0cc5dce0725ae8f1a2883514da731c55eeb35e,9,5,5,2,linux,BIC
4d395f938ae3515f61d8128a0569bf48ca7e0edf,3,0,0,3,linux,BFC
fdf99b3ffcdd8471ee3104512198a178b7351a02,1,0,4,1,linux,BFC
ec16dae5453eafd1586f35c4ec1ef854e5a808e0,2181,0,0,3,linux,BIC
c84c9029d782a3a0d2a7f0522ecb907314d43e2c,0,0,3,1,linux,BFC
c16ed06024a6e699c332831dd50d8276744e3de8,0,0,5,1,linux,BFC
c282222a45cb9503cbfbebfdb60491f06ae84b49,5,5,0,1,linux,BFC
198dfe671fdfdb79755aa131c191a4cb10a2a8b7,19,0,5,1,linux,BFC
d193abf1c91307d8a2d5a3b984ddcf66f5dcfbea,32,31,18,1,linux,BIC
c37775d57830a36382a9774bb84eca4ce3d019cc,69,0,10,3,linux,BIC
f98bac5a30b60a2fca854dd5ee7256221d8ccf0a,2,0,1,1,linux,BFC
febfe985fc2ea052a363f6525ff624b8efd5273c,0,0,1,1,linux,BFC
51e321fed0ff8d64eff809a4ee0547254cdcc4a1,10,10,0,1,linux,BFC
6cc8e7430801fa238bd7d3acae1eb406c6e02fe1,15,1,39,2,linux,BIC
5f5859d1c158b42343d343f5d1aa6de8643b8cf6,0,0,1,1,linux,BFC
7c3e9fcad9c7d8bb5d69a576044fb16b1d2e8a01,0,0,2,1,linux,BFC
4a204f7895878363ca8211f50ec610408c8c70aa,11,5,2,3,linux,BFC
a4066d64d9391a734ee0e49c8d2757f5685013b4,0,0,4,1,linux,BFC
4b21a503adf597773e4b37db05db0e9b16a81d53,0,0,2,1,linux,BFC
948ca5f30e1df0c11eb5b0f410b9ceb97fa77ad9,3,0,6,1,linux,BIC
470ee20e069a6d05ae549f7d0ef2bdbcee6a81b2,2,0,1,1,linux,BFC
15f4eae70d365bba26854c90b6002aaabb18c8aa,0,51,4,4,linux,BIC
b80d19c166c4f086eefa05308ab0cb28e43c4ca2,10,0,1,1,linux,BIC
b569a1760782f3da03ff718d61f74163dea599ff,16,0,0,2,linux,BIC
b55d996f057bf2e7ba9422a80b5e17e99860cb0b,2,0,0,1,linux,BFC
b38ff4075a80b4da5cb2202d7965332ca0efb213,16,0,0,1,linux,BIC
d27f0201b93cb1016c232c46e0b8e1bf4c02a7ea,3,0,0,1,linux,BFC
865c50e1d279671728c2936cb7680eb89355eeea,66,0,0,1,linux,BIC
320671f94ada80ff036cc9d5dcd730ba4f3e0f1a,0,0,1,1,linux,BFC
5671a4608c326b8ec16dec2f0f32e64a33cdd317,1,0,0,1,linux,BFC
2ac44ab608705948564791ce1d15d43ba81a1e38,3,0,2,1,linux,BFC
a092ab25fdaa445b821f5959e458350696fce44c,11,3,17,1,linux,BIC
1adc4d419aa282ed6d86f01935ce45d2215d8b8d,204,1,47,3,linux,BIC
f264481ad614dfd9aae59eeefa5fc664cdf173ae,101,2,4,3,linux,BIC
052cbda41fdc243a8d40cce7ab3a6327b4b2887e,0,0,1,1,linux,BFC
5dbbbd01cbba831233c6ea9a3e6bfa133606d3c0,4,0,1,2,linux,BFC
c382cbc6dbf513d73cf896ad43a3789ad42c2e2f,0,0,1,1,linux,BFC
a7c9c5f4af7f6098da68705fc5d86565d0728ef7,117,4,53,3,linux,BIC
9b78ef0c7997052e9eaa0f7a4513d546fa17358c,248,0,0,1,linux,BIC
e84b4a84e52d4cd8770b4242cd09df0133333f63,0,0,1,1,linux,BFC
34c8ea400ff6383b028f63df2453914163afc07c,8,22,4,1,linux,BIC
5320226a051248b50cc2d80f2cb9599dfb56d422,44,6,8,4,linux,BIC
73f3760eddc9bc32c207fff06537f98f94bef451,2,0,1,1,linux,BFC
19ab574f6271a2f912a449cfdea14a60098fba90,2,0,1,1,linux,BFC
fc8695eb11f07d936a4a9dbd15d7797986bc8b89,2,0,4,1,linux,BFC
cf40361ede6cf9dc09349e4c049dc0d166ca2d8b,0,1,1,1,linux,BFC
b8fe128dad8f97cc9af7c55a264d1fc5ab677195,19,3,9,1,linux,BIC
d47d307f1049be545d45cf0f2332495ec9a89cc0,0,19,0,1,linux,BFC
cd7ae5493448e12183e0b01070f060d617dd1edd,0,0,1,1,linux,BFC
beb4641a787df79a1423a8789d185b6b78fcbfea,147,0,1,3,linux,BIC
0e62f543bed03a64495bd2651d4fe1aa4bcb7fe5,2,0,0,1,linux,BFC
3c9ba81d72047f2e81bb535d42856517b613aba7,0,0,1,1,linux,BFC
95a0e656580fab3128c7bee5f660c50784f53651,1,0,1,1,linux,BFC
4162e18e949ba520d5116ac0323500355479a00e,13,0,4,1,linux,BIC
9a5a90d167b0e5fe3d47af16b68fd09ce64085cd,2,0,1,1,linux,BFC
3218f8712d6bba1812efd5e0d66c1e15134f2a91,11,0,16,10,linux,BIC
fa6d7cb5d76cf0467c61420fc9238045aedfd379,0,1,0,1,linux,BIC
c767a54ba0657e52e6edaa97cbe0b0a8bf1c1655,58,36,243,29,linux,BIC
971888c46993f871f20d02d1fe43486a924fad11,2,11,44,2,linux,BIC
bedadcfb011fef55273bd686e8893fdd8911dcdb,10,0,2,1,linux,BFC
fee960bed5e857eb126c4e56dd9ff85938356579,0,0,1,1,linux,BFC
9256c3031eb9beafa3957c61093104c3c75a6148,3,0,3,2,linux,BFC
2db7b1e0bd49d2b0e7d16949e167b1cfaf5c07cf,2,0,1,1,linux,BFC
4f3ceca254e0fa75ccb9c716480f9b30e1f6c0e9,40,4,7,1,linux,BIC
f86e4271978bd93db466d6a95dad4b0fdcdb04f6,69,0,8,5,linux,BIC
3cded66330591cfd2554a3fd5edca8859ea365a2,2,0,1,1,linux,BFC
0c1f845772e5d6d1b1739cb938403527bc6b29e1,0,0,2,1,linux,BFC
ac7822b0026fbc33f82023b155542426b1bd211b,2463,0,0,3,linux,BIC
0ae9fdefb6c37237d826d6195e27810ffcc0b6e0,3,2,0,1,linux,BFC
cb30a63384bc91d5da06e1cede1115f666a29271,5,1,65,1,linux,BIC
5d7ab8f0bc1410ee9d4099284ea05bf31a2e39ec,0,0,1,1,linux,BFC
9dc84e98a31f64363c32ecae8ec0b9e8cf3ce156,71,26,3,4,linux,BIC
e0d1662443ee0ee275bb5a8ab4c53d0739313290,5,0,2,1,linux,BFC
e20d2b291ba2f5441fd4aacd746c21e60d48b559,24,0,10,1,linux,BFC
5ffff2854a0b88fdd279fdb9cbf053d16c8fb2d6,0,3,1,1,linux,BFC
a44878d100630a34a44f54960115b81e449858db,3,62,10,3,linux,BIC
060522d89705f9d961ef1762dc1468645dd21fbd,4,0,3,1,linux,BFC
0129ab1f268b6cf88825eae819b9b84aa0a85634,1,0,0,1,linux,BFC
143a4c0284dc2378b3ce78866b3548d90121d843,78,1,1,1,linux,BIC
b75ef8b44b1cb95f5a26484b0e2fe37a63b12b44,138,75,20,4,linux,BIC
dbf727de7440f73c4b92be4b958cbc24977e8ca2,117,34,76,12,linux,BIC
df103170854e87124ee7bdd2bca64b178e653f97,0,0,3,1,linux,BIC
6048a3dd2371c58611ea0ab8b306f8f1469399ae,734,0,0,2,linux,BIC
7756e2b5d68c36e170a111dceea22f7365f83256,0,0,1,1,linux,BFC
c444eb564fb16645c172d550359cb3d75fe8a040,25,0,3,1,linux,BIC
a833581e372a4adae2319d8dc379493edbc444e9,0,0,1,1,linux,BFC
8077eca079a212f26419c57226f28696b7100683,10,0,0,1,linux,BIC
89c4bbe2a01ea401c2b0fabc104720809084b77f,27,0,1,1,linux,BFC
23e9c128adb2038c27a424a5f91136e7fa3e0dc6,3,0,1,1,linux,BFC
1e3e2a9ac40ad4d11699a49a1bbbf40cd8d4c8bd,0,2,0,1,linux,BFC
8827d90e29e664aa959817467a3da72041ca2269,3,0,4,1,linux,BFC
59d4d06c8ab0375dcc4bab329e6ecd44dd46373e,20,0,0,2,linux,BFC
4ac86a6dcec1c3878de9747bf5a2aa4455be69e3,2,0,0,1,linux,BFC
f053cf7aa66cd9d592b0fc967f4d887c2abff1b7,21,0,34,1,linux,BFC
f35f06c35560a86e841631f0243b83a984dc11a9,10,0,0,1,linux,BFC
4a19f37a3dd3f29997735e61b25ddad24b8abe73,3,18,5,1,linux,BFC
e642d11bdbfe8eb10116ab3959a2b5d75efda832,3,3,0,1,linux,BFC
0913750f9fb6f26bcd00c8f9dd9a8d1b8d031246,1,0,0,1,linux,BFC
7324a7a0d5e232551eedad69fea3e4b91973d7c6,126,0,3,2,linux,BIC
6ba6c74dfc6bcf43312ef572592f7d4ebb3aedfa,255,0,0,1,linux,BIC
8d892d60941b00c86d2029c8a99db24ab4979673,3,0,1,1,linux,BFC
8b46d424a743ddfef8056d5167f13ee7ebd1dcad,9,0,3,1,linux,BFC
6d390e4b5d48ec03bb87e63cf0a2bff5f4e116da,0,14,0,1,linux,BIC
1378817486d6860f6a927f573491afe65287abf1,4,0,1,1,linux,BFC
7d5cd2ce5292b45e555de776cb9e72975a07460d,7,0,3,1,linux,BIC
ec76f4007079469e86e2e44c3e5d1d11086de9d6,2,0,0,1,linux,BFC
43b62ce3ff0ac1f13b732cb1bd130f522af1dba4,0,11,4,2,linux,BIC
8f2a3970c969d0d8d7289a4c65edcedafc16fd92,0,0,1,1,linux,BFC
b7778c46683ce468f49141a18d984f6f13c6c5d2,779,0,0,1,linux,BIC
13832ae2755395b2585500c85b64f5109a44227e,4,0,10,1,linux,BFC
f2f12eb9c32bc7a714276d8862efac2e7c41bcbe,2,1,20,8,linux,BIC
119c4f5085c45b60cb23c5595e45d06135b89518,4,0,0,1,linux,BFC
f28af984e771efd1ded81b865b50fa13b69bcde5,221,0,0,1,linux,BIC
f2d51b20d747e027e81ab3c3f24a6c833ada3fb3,0,0,1,1,linux,BFC
26288448120b28af1dfd85a6fa6b6d55a16c7f2f,6,0,0,1,linux,BIC
8116b54e7e23ef948ecac0e0ab78d10888265cab,28,12,13,1,linux,BIC
78b0d99a68ecdc84728c99f4fef71942e9ecf35a,2,0,1,1,linux,BFC
49d67e445742bbcb03106b735b2ab39f6e5c56bc,1,0,1,1,linux,BIC
498d22f616f6880531b6d75630a9cc0ecd1f7865,23,0,0,1,linux,BIC
e7177339d7b5f9594b316842122b5fda9513d5e2,0,6,0,1,linux,BFC
70e9274805fccfd175d0431a947bfd11ee7df40e,0,0,3,1,linux,BFC
212dfd909ea8b630e5d6fa4d25aeec9c4b4b14a5,13,12,0,3,linux,BFC
2138081708405fb9c16a76a9b6ef46c35d3f17a9,118,0,2,2,linux,BIC
704a940d551c9946bce3fdd661e00a6370c40522,2,0,2,1,linux,BFC
2d21543efe332cd8c8f212fb7d365bc8b0690bfa,2,0,1,1,linux,BFC
9e311e77a85e37b5caec3d64c3593cd52b2cdb71,44,0,2,3,linux,BIC
7901cd97963d6cbde88fa25a4a446db3554c16c6,1,0,1,1,linux,BFC
feee6b2989165631b17ac6d4ccdbf6759254e85a,8,17,21,10,linux,BFC
ac8f05da5174c560de122c499ce5dfb5d0dfbee5,5,0,0,1,linux,BFC
df72b71921195015e3a8ce772a9ad79442bf0de3,2,0,0,2,linux,BIC
db400ac1444b756030249ed4a35e53a68e557b59,0,0,9,1,linux,BIC
e9716afdcae4ceea3a093e5b2fac1a5df0f943ca,0,0,1,1,linux,BFC
0a5f45e57e35d0840bedb816974ce2e63406cd8b,4,0,2,1,linux,BFC
c5d139697d5d9ecf9c7cd92d7d7838a173508900,1,0,0,1,linux,BFC
178536b8292ecd118f59d2fac4509c7e70b99854,0,1,1,1,linux,BFC
9027c4639ef1e3254779e3033f229133222445f7,28,0,9,1,linux,BIC
61f01dd941ba9e06d2bf05994450ecc3d61b6b8b,32,0,0,3,linux,BFC
ee4bcd3b7ae40bd77732eb1ba14aa26d6c514525,722,80,138,6,linux,BIC
8ef4b43cd3794d63052d85898e42424fd3b14d24,0,0,2,1,linux,BFC
b874dec21d1cb7a08fcbe4e442a789419dd1d51f,19,0,0,1,linux,BIC
0bedd3d0050b29fcbf1cf61899618780fe54ecf0,0,4,7,7,linux,BFC
af36107968f1b5faab0e4a0cc44fa4498c63f017,0,0,2,1,linux,BIC
0b936e6122738f4cf474d1f3ff636cba0edc8b94,0,0,4,1,linux,BFC
a8fd48b50deaa20808bbf0f6685f6f1acba6a64c,0,0,1,1,linux,BFC
33412b8673135b18ea42beb7f5117ed0091798b6,7,0,1,3,linux,BFC
5b6c6be2d878bd7ec4dc2cb4e2a2da2779fe52ab,1,0,1,1,linux,BIC
d8d9ec7dc5abbb3f11d866e983c4984f5c2de9d6,0,0,1,1,linux,BFC
e0479b670d394d478907bd4fc22daab6516953c7,5,0,2,1,linux,BFC
bcc696fac11fe13e59dda5aaec6322a25b7c9a3a,13,0,4,1,linux,BIC
efed9a3337e341bd0989161b97453b52567bc59d,3,2,8,5,linux,BFC
bf3504cea7d7ec834b2d074ac56de41857bbbd07,68,0,0,3,linux,BIC
058d88c4330f963033a5d11b269c8f86677494d1,66,197,200,18,linux,BIC
d1e972ace42390de739cde87d96043dcbe502286,6,0,4,1,linux,BFC
08641c7c74dddfcd726512edfaa3b4cbe42e523e,36,0,18,1,linux,BIC
1e3d0c2c70cd3edb5deed186c5f5c75f2b84a633,8,0,4,1,linux,BFC
f5117ce4f6a16fa2a02ceff9c337cfffca8b75f2,0,0,1,1,linux,BFC
1b54ae8327a4d630111c8d88ba7906483ec6010b,1,0,2,1,linux,BFC
1c728719a4da6e654afb9cc047164755072ed7c9,1,0,0,1,linux,BFC
05af7bd2d75e5098021864d83fbb831111755fa0,199,0,5,3,linux,BIC
ed318a6cc0b620440e65f48eb527dc3df7269ce4,266,23,36,9,linux,BIC
cadab0aefcbadf488b16caf2770430e69f4d7839,4,8,20,1,linux,BFC
93416ab0f994f6cf16fa0c695577f8b19d30c533,0,0,2,1,linux,BFC
0691094ff3f2cfa357b9de9030b65eddc4dab29d,58,0,9,3,linux,BIC
91e273712ab8dd8c31924ac7714b21e011137e98,1,0,1,1,linux,BIC
f058599e22d59e594e5aae1dc10560568d8f4a8b,215,0,4,2,linux,BIC
ee28906fd7a1437ca77a60a99b6b9c6d676220f8,95,0,13,3,linux,BIC
ac67b07e268d46eba675a60c37051bb3e59fd201,60,18,24,1,linux,BFC
2860cd8a235375df3c8ec8039d9fe5eb2f658b86,17,1,7,6,linux,BIC
a712b307cfde6dbe0d4829293afb1566beb30a9a,0,32,0,3,linux,BFC
ad76744b041d8c87ef1c9adbb04fb7eaa20a179e,2,4,0,1,linux,BFC
b5d9a834f4fd1b6abfa527ec351c871084dd23a3,11,0,12,4,linux,BIC
f0fd848342802bc0f74620d387eead53e8905804,1,5,0,1,linux,BFC
52762fbd1c4778ac9b173624ca0faacd22ef4724,731,0,0,1,linux,BIC
17fe16181639801bfeba647a1e452a75efe651b4,4,0,1,1,linux,BIC
d50ecc46d18fa19ccf06e0c4d2ee8a050c665e3d,46,0,12,11,linux,BIC
a841c673f1352f607fd3ba85de6c9c49ff2c1e12,2,2,1,1,linux,BFC
74ca34118a0e05793935d804ccffcedd6eb56596,0,0,1,1,linux,BFC
04f9f068a619cc45a8e656e7121df2c772fa14ba,24,22,4,1,linux,BIC
1158f0f16224068e27e384c1a27218aa00243967,458,0,0,2,linux,BIC
b97bf44f99155e57088e16974afb1f2d7b5287aa,29,10,3,3,linux,BFC
090fa4b0dccfa3d04e1c5ab0fe4eba16e6713895,4,0,0,1,linux,BFC
d9ea761fdd197351890418acd462c51f241014a7,2,0,0,1,linux,BFC
8a325dd06f2358ea0888e4ff1c9ca4bc23bd53f3,1,2,0,1,linux,BFC
96fe11f27b70f6b64f62a2d13ed209aa02e02a48,27,0,0,1,linux,BIC
30bb9811856f667042e746d8033883b1091a46ce,24,38,6,2,linux,BIC
9a5dc8af441668a3db7fdcd927cb288be62c0a2e,45,0,0,2,linux,BIC
e579076ac0a3bebb440fab101aef3c42c9f4c709,10,0,2,1,linux,BFC
33597f0c48be0836854d43c577e35c8f8a765a7d,0,0,1,1,linux,BFC
8c6c36846f1174784bcf90627341ede7ce9a0b36,6,0,4,1,linux,BIC
17d8beda277a36203585943e70c7909b60775fd5,0,0,1,1,linux,BFC
0567d6809182df53da03636fad36c507c5cf07a5,84,0,0,2,linux,BIC
84872dc448fe0ae11fe8412f4966e9c431a45b8f,10,0,5,1,linux,BIC
92932d03c2b3613f40ce49ff42088e814e403afc,0,127,0,1,linux,BIC
6058bb362818e09990de722e983a7f2874e7f61c,208,0,0,1,linux,BIC
7c3d02285ad558691f27fde760bcd841baa27eab,10,0,0,1,linux,BFC
d5410ac7b0baeca91cf73ff5241d35998ecc8c9e,7,0,0,1,linux,BIC
4a93f5095a628d812b0b30c16d7bacea1efd783c,25,0,1,3,linux,BFC
82d35437018950c25200051733fb2fbf63cca86c,224,0,1,1,linux,BIC
926034353d3c67db1ffeab47dcb7f6bdac02a263,0,0,1,1,linux,BFC
afe3e4d11bdf50a4c3965eb6465ba6bebbcf5dcf,12,0,0,1,linux,BFC
1448769c9cdb69ad65287f4f7ab58bc5f2f5d7ba,0,0,2,1,linux,BFC
392ed6a789803fbfd49994e95fe99cd07b07eb87,1,0,1,1,linux,BFC
869c70609248102f3a2e95a39b6233ff6ea2c932,12,18,0,3,linux,BFC
11c514a99bb960941535134f0587102855e8ddee,19,0,0,1,linux,BIC
969a26446bcd142faedfe8c6f41cd7668596c1fa,0,0,2,1,linux,BFC
c2f17e60cbe11b5ff96604ed8d133a0ea83cf296,3,12,23,9,linux,BIC
4723832fa63f30c85cce3739b0497e4e193f684b,2,0,2,1,linux,BFC
bb9e0d4bca50f429152e74a459160b41f3d60fb2,1,0,1,1,linux,BFC
c2357dd9cbafc8ed37156e32c24884cfa8380b2f,0,0,1,1,linux,BFC
900ccdcb79bb61471df1566a70b2b39687a628d5,1,0,0,1,linux,BFC
71472c0c06cf9a3d1540762ea205654c584e3bc4,60,0,46,3,linux,BIC
898ec89dbb55b8294695ad71694a0684e62b2a73,0,0,3,1,linux,BFC
290f458a4f16f9cf6cb6562b249e69fe1c3c3a07,68,0,0,3,linux,BIC
68514471ceceac63c7fa9ad684d882f41be5b2d8,0,0,2,1,linux,BFC
d98a82a6afc764156d6ca7a437d52761ac9b062e,22,0,0,1,linux,BIC
e062a01e6daa2555ed13cf3f4e8cd3a05bbe474c,1,1,1,2,linux,BFC
65cd913ec9d9d71529665924c81015b7ab7d9381,29,30,7,3,linux,BFC
002bb86d8d42f18937aef396c3ecd65c7e02e21a,105,113,67,5,linux,BIC
390af53e04114f790d60b63802a4de9d815ade03,513,1,2,1,linux,BIC
71335f37c5e8ec9225285206f7f875057b9737ad,7,0,4,2,linux,BIC
8064887e02fd684fa0576cbbcdbc29ceab125c4c,1,0,0,1,linux,BIC
7e043a80b5dae5c2d2cf84031501de7827fd6c00,8,0,2,2,linux,BFC
39135a305a0f0a82d60ceb79dcbf094fc4e70123,33,0,2,1,linux,BIC
9cee8c4375431d5087466eacf6f8f436210e56ea,0,0,1,1,linux,BFC
1ed7293ac40c5b1950b8ab21b6bc1838578ae2ad,0,0,2,1,linux,BFC
802934b2cfde463b72cc1b9bc1c081895a90be53,3,0,2,1,linux,BFC
daa5de5415849b9a53056ec1e1e88fe4c5c9aa2b,0,0,1,1,linux,BFC
ea7e0480a4b695d0aa6b3fa99bd658a003122113,42,1,5,3,linux,BIC
0e7df1a290abbcf3ecf697bbbbd4549c9a113db0,1,0,0,1,linux,BFC
aa7f29b07c8702127124d0522e3cd46850cdbc41,12,0,0,2,linux,BIC
5d30f92e7631286b8617777c5400c8eadcae50a1,53,0,11,2,linux,BIC
982d9cdc22c9f6df5ad790caa229ff74fb1d95e7,40,0,3,4,linux,BIC
8a511ba5feec5947bee0635cff8bd796d5f77e3e,21,0,0,1,linux,BFC
6e8d1c55454574a22b3e8e263b1a12888909b033,6,0,0,1,linux,BFC
df789fe752065f2ce761ba434125e335b514899f,116,0,0,3,linux,BIC
fee6a8923ae0d318a7f7950c6c6c28a96cea099b,0,0,4,1,linux,BFC
2fb4706057bcf8261b3b0521ec7a62b54b82ce48,60,5,140,23,linux,BIC
6463a4571ceefc43908df4b016d8d5d8b8e85357,2,0,0,1,linux,BFC
2564970a381651865364974ea414384b569cb9c0,7,0,0,1,linux,BFC
9a2ae7b3960eb2426a8560cbc3251e3453230d21,0,0,1,1,linux,BFC
6c84f9b1d2900c80eea74e682637976fd25eb471,6,0,0,1,linux,BIC
ee4a36f414617aaae01f93133e828363e7e9dd17,2,0,6,1,linux,BFC
25642e1459ace29f6ce5a171efc8b7b59a52a2d4,23,23,6,1,linux,BIC
afae4ef7d5ad913cab1316137854a36bea6268a5,1,0,0,1,linux,BFC
08f07c800e9d35b59d0c8346333f189160bd67d4,67,3,7,2,linux,BIC
7b7d897e8898603ac014ba07f203b9f8c4fa7952,26,1,3,1,linux,BIC
7f00feaf107645d95a6d87e99b4d141ac0a08efd,730,0,0,5,linux,BIC
f4f9fc29e56b6fa9d7fa65ec51d3c82aff99c99b,0,0,1,1,linux,BFC
ca8b19d61e3fce5d2d7790cde27a0b57bcb3f341,2,0,1,1,linux,BFC
f47e04eb96e02e6bd870dd5ce5da1d612b43b28d,197,11,28,4,linux,BIC
65a81b61d8c5e96748671824cc46339afbd831d0,0,0,1,1,linux,BFC
352d20d611414715353ee65fc206ee57ab1a6984,0,0,2,1,linux,BFC
0e9ff65f455dfd0a8aea5e7843678ab6fe097e21,1,0,2,1,linux,BFC
bc78abbd55dd28e2287ec6d6502b842321a17c87,2,0,0,1,linux,BFC
cc91ceaf3efd9a2364463b5f85d9f391f1ddaa9d,4,0,2,1,linux,BFC
016cd759642c5d313cb36e817362ade13f04ca94,0,0,1,1,linux,BFC
0baedd792713063213f1e2060dc6a5d536638f0a,10,1,2,3,linux,BIC
23ca3b727ee6b432166391607b614d3a6beb6784,55,0,9,4,linux,BIC
a48dac448d85712dbc827cdfeb29f720f2c345ff,0,0,2,1,linux,BFC
83bc1560e02e25c6439341352024ebe8488f4fbd,2,0,0,1,linux,BFC
beda921dbc99ce240ae88e2c9740c99c354c7ca2,0,3,5,1,linux,BFC
66cee9097e2b74ff3c8cc040ce5717c521a0c3fa,4,0,1,1,linux,BFC
df1e76f28ffe87d1b065eecab2d0fbb89e6bdee5,0,1,4,1,linux,BFC
d34dbee8ac8e953eb7115804bf406990f976b942,53,111,52,1,linux,BIC
5c6400536481d9ef44ef94e7bf2c7b8e81534db7,1,10,5,2,linux,BFC
eb87e4e90bca55ab581dcb0bf1be278cd1c27c96,0,0,1,1,linux,BFC
f2407ef3ba225665ee24965f69bc84435fb590cf,39,0,0,3,linux,BIC
8e522e1d321b12829960c9b26668c92f14c68d7f,6,0,0,2,linux,BFC
71a92e99c47900cc164620948b3863382cec4f1a,1,0,0,1,linux,BFC
0f9d36af8f211d296ffd23bdce61a72cdfbb1a3c,1,1,0,1,linux,BFC
fba2efdae8b4f998f66a2ff4c9f0575e1c4bbc40,3,0,1,1,linux,BFC
c7cd82b90599fa10915f41e3dd9098a77d0aa7b6,2,0,0,1,linux,BFC
97fd8da281f80e7e69e0114bc906575734d4dfaf,4,1,3,2,linux,BFC
a96dfddbcc04336bbed50dc2b24823e45e09e80c,11,0,12,3,linux,BIC
d89a4fac0fbc6fe5fc24d1c9a889440dcf410368,9,1,3,1,linux,BFC
d8953c8326d87a337763ca547ad7db034a94ddb1,0,5,1,1,linux,BFC
d53c51f26145657aa7c55fa396f93677e613548d,4,0,8,1,linux,BFC
78032f9b3eae3a43da9468d8ce30caa6be84f89d,2,0,1,1,linux,BFC
4cd14d44b11dabf195d1e66dadbb954336224658,2,0,3,3,linux,BIC
834f8933d5ddd732274cb6050252bd1c7cc7349d,755,13,4,10,linux,BIC
3a34b13a88caeb2800ab44a4918f230041b37dd9,0,0,5,1,linux,BIC
9bc7491906b4113b4c5ae442157c7dfc4e10cd14,42,48,10,2,linux,BIC
c712bb58d8278465b1a91f362a08f5c79ad077e4,14,0,0,1,linux,BIC
89d8f53ff6e729907af77f09f48eca9854295c91,2,10,2,4,linux,BIC
b5b98989dc7ed2093aeb76f2d0db79888582b0a2,68,1,9,1,linux,BIC
32c8c34d8132b5fe8497c2538597445a0d65c29d,0,0,6,1,linux,BFC
fd954cc1919e35cb92f78671cab6e42d661945a3,1,0,1,1,linux,BFC
174c376278949c44aad89c514a6b5db6cee8db59,5,0,0,1,linux,BFC
9720ee80aa183c6463b3e8c68f51eb979583d0ea,3,0,3,1,linux,BFC
692d7b5d1f9125a1cf0595e979e3b5fb7210547e,127,0,71,2,linux,BIC
a2bd970aa62f2f7f80fd0d212b1d4ccea5df4aed,3,0,0,1,linux,BFC
b2e3d68d1251a051a620f9086e18f7ffa6833b5b,46,0,1,1,linux,BFC
0668a4e4d297328ce08b44d91d160537596115e2,0,0,1,1,linux,BIC
ca0d7fd0a58dfc9503775dae7daee341c115e0c7,20,0,0,2,linux,BFC
a782a7e46bb50822fabfeb7271605762a59c86df,7,15,51,8,linux,BIC
4025c784c573cab7e3f84746cc82b8033923ec62,5,1,11,1,linux,BFC
c800460086d1db3579b747d9297cecd2bbf70119,2,0,1,1,linux,BFC
b3060044e4951fea7cdbd25310f78c438bba71c9,0,0,3,1,linux,BIC
a12cc5b423d4f36dc1a1ea3911e49cf9dff43898,1,0,1,1,linux,BFC
245b993d8f6c4e25f19191edfbd8080b645e12b1,0,1,0,1,linux,BFC
e3b9a9e147dbe1a8fb9d8398a2faa47d8a6f50de,8,3,9,1,linux,BFC
92974a1d006ad8b30d53047c70974c9e065eb7df,1,0,0,1,linux,BFC
9495b7e92f716ab2bd6814fab5e97ab4a39adfdd,3,0,0,2,linux,BIC
9e02d8caaf90077bc47e054e4c3a41736245a9f8,0,1,0,1,linux,BFC
35b9dd7607f049466a66427e58818b29aeae9ea7,140,0,0,5,linux,BIC
bd53cb35a3e9adb73a834a36586e9ad80e877767,20,0,9,1,linux,BIC
8eb30be0352d09165e94a41fef1c7b994dca0714,22,7,10,2,linux,BIC
84969465ddc4f8aeb3b993123b571aa01c5f2683,12,6,6,1,linux,BFC
09c4854fde84421726a90249b4c20df2492f425f,13,3,5,1,linux,BFC
c1a8311679014a79b04c039e32bde34fb68952fd,0,0,3,3,linux,BIC
bebf56a1b176c2e1c9efe44e7e6915532cc682cf,127,0,2,9,linux,BIC
2277b492582d5525244519f60da6f9daea5ef41a,36,5,7,3,linux,BIC
a4072fe85ba3671720cab0788291af953db27318,37,1,2,1,linux,BIC
9cc68ee1d92e3ab5bd5c821e5c1f387b0e16a669,29,47,2,2,linux,BFC
fb0811535e92c6c1e093d7f59eb9d66426653b39,7,0,30,2,linux,BIC
2caacaa82a51b78fc0c800e206473874094287ed,4,3,21,1,linux,BIC
d92191aa84e5f187d543867c3d54b38f294833fa,9,2,4,2,linux,BIC
26e7deadaae1755faf1f6d1a68988c4b8348df59,6,6,0,1,linux,BIC
f3f134f5260ae9ee1f5a4d0a8cc625c6c77655b4,7,3,1,1,linux,BIC
8134233e8d346aaa1c929dc510e75482ae318bce,0,0,2,1,linux,BFC
54afaae34ee49e98c1c902b444b42832551d090c,0,0,1,1,linux,BFC
e630af7dfb450d1c00c30077314acf33032ff9e4,0,2,4,1,linux,BFC
7fd078337201cf7468f53c3d9ef81ff78cb6df3b,0,0,1,1,linux,BFC
0451d14d05618e5fcbdc5017a30e3d609ddc8229,61,0,10,1,linux,BIC
59dec1f0fac8107f3bffaa0051afce795e24c3e4,2,2,0,1,linux,BFC
a8cdfbdf885f3d3b4940ea31696a4492afd331f7,33,7,13,2,linux,BFC
0ee223b2e1f67cb2de9c0e3247c510d846e74d63,16,0,2,1,linux,BFC
27fb585169024440c1b358da35499fa578d803cd,3,0,0,1,linux,BFC
ab5a98b132fd1a08ca35e95498fb45f4a8f3b0c4,8,0,0,1,linux,BIC
b5a0b70d77b9be91b8e6dfa5dd3b39ea9cf6be4c,45,3,29,5,linux,BIC
478de3380c1c7dbb0f65f545ee0185848413f3fe,22,2,4,1,linux,BFC
7d8bad99ba5a22892f0cad6881289fdc3875a930,0,0,1,1,linux,BFC
868ed7311cd81ef2fffa2cd36e72c44f226b0085,36,2,11,1,linux,BIC
aa53f580e67b49ec5f4d9bd1de81eb9eb0dc079f,10,4,2,1,linux,BIC
dde5953f05a89eb63a0d666ffe51d447b2ac3e05,0,0,4,1,linux,BFC
5ed4a460a1d359e1e9e7f54f6c78dfa9d1586b4b,62,0,0,2,linux,BIC
d81dac3c1c5295c61b15293074ac2bd3254e1875,2,0,0,1,linux,BFC
b3d72616b428e28200615dcc7fc5fde04f777d07,0,2,1,1,linux,BFC
dc20b2d526539344d7175a2a83221337302596b8,18,18,0,2,linux,BIC
1781af563aef66c2eb7cda65d754d2228321a260,21,0,3,2,linux,BIC
6c08ec1216b7b2f84b9755f339d6009768599256,1,0,0,1,linux,BFC
a511f82218fb14b3d6fbbce3c35759aa4920a734,1,1,7,2,linux,BFC
05a67cc258e75ac9758e6f13d26337b8be51162a,0,0,1,1,linux,BFC
fdc881783099c6343921ff017450831c8766d12a,0,0,1,1,linux,BFC
24247aeeabe99eab13b798ccccc2dec066dd6f07,86,75,47,3,linux,BIC
fd50fbb6bfdea5daa4ae4dd7b7082485ac44bdf5,1,0,1,1,linux,BFC
986e89898acb3d8f750f259a90cb73afca426b58,3,0,3,1,linux,BFC
bec9522aa57421984cb4e1e87eee195bae1ccb25,1,0,3,1,linux,BFC
53f800e3baf980827c197a9332f63effe80d4809,1,0,0,1,linux,BFC
c9b60788fc760d136211853f10ce73dc152d1f4a,73,1,10,7,linux,BIC
0301ccbaf67d3d9aea97156c5eb85233bb5a5178,2,0,26,1,linux,BIC
eea11285dab3c961f8e9ce92318ccbc85fb1d5f1,0,0,2,1,linux,BIC
a6327b5e57fdc679c842588c3be046c0b39cc127,0,0,1,1,linux,BFC
b530e9e1063ed2b817eae7eec6ed2daa8be11608,6,0,1,3,linux,BIC
93681cd7d94f83903cb3f0f95433d10c28a7e9a5,8,2,3,1,linux,BIC
8cea7b66b821fd914aa26a2af156604f9ef5f709,1404,1040,32,3,linux,BIC
bd4a6dd241ae0a0bf36274d61e1a1fbf80b99ecb,0,0,6,1,linux,BIC
064b06bbf117f8b5e64a5143e970d5a1cf602fd6,0,2,0,1,linux,BFC
69497eb9234eb34994b9a0d2f2c17c4c09f2e969,69,18,14,2,linux,BIC
fa3d315a4ce2c0891cdde262562e710d95fba19e,3,0,3,2,linux,BIC
41940ff50f6c347f3541163702566cd526200d98,0,0,7,1,linux,BFC
deeb2af77cf6bae26a51b70ba3a1ba968981a14a,3,8,4,1,linux,BIC
ef43aa38063a6b2b3c6618e28ab35794f4f1fe29,629,27,113,1,linux,BIC
39a8fc4971a00d22536aeb7d446ee4a97810611b,1,0,0,1,linux,BFC
e958b5884725dac86d36c1e7afe5a55f31feb0b2,21,0,3,1,linux,BFC
eca499ab3749a4537dee77ffead47a1a2c0dee19,36,10,13,2,linux,BIC
6fd2c68da55c552f86e401ebe40c4a619025ef69,10,0,0,1,linux,BFC
63dcdd35c1552ca0c911e98ba3389a0729a457f4,4,0,1,1,linux,BFC
5f75585e19cc7018bf2016aa771632081ee2f313,0,1,3,1,linux,BFC
614b1868a125a0ba24be08f3a7fa832ddcde6bca,1,0,1,1,linux,BFC
caf065f8fd583b43a3f95d84c8a0a0d07597963b,220,0,0,1,linux,BIC
f4d46119f214f9a7620b0d18b153d7e0e8c90b4f,0,40,1,1,linux,BFC
6aa5c47c351b22c21205c87977c84809cd015fcf,0,0,1,1,linux,BFC
956e20eb0fbb206e5e795539db5469db099715c8,0,0,1,1,linux,BFC
9fe278f44b4bc06cc61e33b2af65f87d507d13d0,10,7,23,2,linux,BFC
72ec108d701506fa6cd2f66ec5b15ea71df3c464,1,0,1,1,linux,BFC
820acc810fb6ec43459ed313a361cf3a9e26cc44,142,0,2,4,linux,BIC
435779fe133626b4e364b320ebc00aac8a0e6047,59,2,5,1,linux,BIC
abc34d753ee013a62595c2f7e9260e173dd083c6,2,0,0,1,linux,BFC
54d7195f8c64c83a13bd343e349b1bbf158c8aad,17,6,10,3,linux,BIC
5110effee8fde2edfacac9cd12a9960ab2dc39ea,21,15,17,6,linux,BIC
2145bb687e3fdb128066872fd952f4563d89177e,45,0,0,1,linux,BIC
3c5eb87605e85146a78de589b5070a37862425db,217,10,27,3,linux,BIC
465c811f1f201a7554a95cf003bc06a239606e9b,979,0,0,3,linux,BIC
3a08c2fd763450a927d1130de078d6f9e74944fb,647,0,0,2,linux,BIC
4e1cb753c04d74e06d7ca826ea0bcb02526af03e,0,0,1,1,linux,BFC
ea68f46070c7bae608c619ae048f0ad995db74c3,16,13,12,3,linux,BIC
083a0326aee480008d52612d5118ff9c13301f6a,0,4,1,1,linux,BFC
6c72b35506728b2669835cfa8c245ac3f1c15659,83,0,1,2,linux,BIC
202854e9f4df99df1f79962a9e8f94a7de602f7b,1,0,1,1,linux,BFC
fbbc95a49d5b00a66d82ea34b7f029963b6c91f3,7,0,0,1,linux,BFC
de0617e467171ba44c73efd1ba63f101b164a035,86,0,3,2,linux,BIC
8daf1a2d7e40685054ebae680733d822ced6df62,4,0,0,1,linux,BFC
5e0b17b026eb7c6de9baa9b0d45a51b05f05abe1,2,0,9,1,linux,BFC
52d15dd23f0b0f1d1cf87b1581cc5f1f8c22eb0c,301,0,2,2,linux,BIC
92ead7ee30c80f8852d28735cbcb9d79bc85f715,19,0,4,4,linux,BFC
fa1049135c15b4930ce7ea757a81b1b78908f304,0,0,1,1,linux,BIC
0ae8133586ad1c9be894411aaf8b17bb58c8efe5,36,0,3,2,linux,BIC
4c80d05714d347405865802b7098f1c97362cbef,7,0,1,1,linux,BFC
e1daca289a36965d923ec26647b5668e023eb0ac,1,0,8,1,linux,BFC
d2ceb7e57086750ea6198a31fd942d98099a0786,1,0,5,1,linux,BIC
49f4b08e61547a5ccd2db551d994c4503efe5666,6,0,8,1,linux,BFC
25498a1969bf3687c29c29bbac92821d7a0f8b4a,67,29,15,1,linux,BFC
57e222475545f457ecf4833db31f156e8b7674c7,2,0,0,1,linux,BFC
688703702584dd513b50001bd1eb068655631e9b,0,0,1,1,linux,BFC
2af8ff291848cc4b1cce24b6c943394eb2c761e8,10,0,0,1,linux,BFC
f9496520df11de00fbafc3cbd693b9570d600ab3,4,0,0,1,linux,BFC
7f0137e2ef9f32143df623001a96f7aab61a9595,0,0,4,1,linux,BFC
f36797ee43802b367e59f0f9a9805304a4ff0c98,15,7,8,4,linux,BIC
190cd8a72b0181c543ecada6243be3a50636941b,13,0,5,2,linux,BFC
efda760fe95ea15291853c8fa9235c32d319cd98,4,2,0,1,linux,BIC
a2f647240998aa49632fb09b01388fdf2b87acfc,2,0,1,1,linux,BFC
8a4d0a687a599f39b7df3fe15f2d51d2157caf44,68,12,4,1,linux,BIC
543d592a73d3948737d0ae4880a407c6da28662f,0,0,1,1,linux,BFC
f337967d6d87da39f6e59d90430f3bec0909edf5,14,0,0,1,linux,BIC
4dfff3d55440a9f8726a0f7d62a9c33594b58b10,0,0,3,1,linux,BFC
982fc3965d1350d3332e04046b0e101006184ba9,4,2,10,3,linux,BFC
384317ef4187f59a1cb7a6163444d757340b3bb4,30,5,28,2,linux,BIC
17605afaae825b0291f80c62a7f6565879edaa8a,2,0,2,1,linux,BFC
e2b3fa5af70c1e646270f6c7c799414f5e904d7a,0,21,7,7,linux,BIC
63ee956f69d8c181e5251c7ce58b84c1edec0f6a,0,0,1,1,linux,BFC
852a8a97776a153be2e6c803218eced45f37a19c,0,0,1,1,linux,BFC
e6dfbc3ba90cc2b619229be56b485f085a0a8e1c,4,0,0,1,linux,BFC
69fc1f4b976ceafe91c64e1fc4ec2a2fe8b916aa,37,0,3,1,linux,BIC
1d233886dd904edbf239eeffe435c3308ae97625,53,91,55,8,linux,BIC
5391b8e1b7b7e5cfa2dd4ffdc4b8c6b64dfd1866,1,4,0,1,linux,BFC
0b074ab7fc0d575247b9cc9f93bb7e007ca38840,16,9,3,3,linux,BFC
79cc55422ce99be5964bde208ba8557174720893,0,0,1,1,linux,BFC
c04c3148ca12227d92f91b355b4538cc333c9922,5,0,1,1,linux,BFC
5a3ba99b62d8486de0316334e72ac620d4b94fdd,0,0,1,1,linux,BFC
d329ea5bd8845f0b196bf41b18b6173340d6e0e4,109,1,12,1,linux,BIC
64451b98306bf1334a62bcd020ec92bdb4cb68db,0,0,1,1,linux,BFC
82ee3aeb9295c5fc37fd2ddf20f13ac2b40ec97d,0,0,1,1,linux,BFC
8b08b6a8c31f18c3657405410e4c3f6bc4fa75f1,0,0,1,1,linux,BFC
242b0931c1918c56cd1dc5563fd250a3c39b996d,5,0,1,1,linux,BFC
832f5dacfa0bb081a3b3b979a36a132b28ffacf3,41,534,3,34,linux,BIC
251cc826be7dec61e574b291b371362c10dd84ea,2,0,0,1,linux,BIC
c25bf7b6155cb1e737c39ab76c844469deed3c98,6,0,3,4,linux,BIC
61a2cc093bdcb96cd3e3ed2082c3c30e3795d87e,1,0,1,1,linux,BFC
f4b34faa08428d813fc3629f882c503487f94a12,2,0,0,1,linux,BIC
eaa1dcc79694674494620ee62098b937ef758df8,0,13,16,1,linux,BFC
543aa4867d4a2dff5fc11e1b688197ee3bad7f89,3,0,0,1,linux,BFC
2319f847a8910cff1d46c9b66aa1dd7cc3e836a9,2,0,6,1,linux,BFC
723fbf563a6a9cefbd3c58e95694583ad1cb8704,3,0,10,1,linux,BIC
f61309d9c96a308465bec9d2e5206da265b075a0,3,0,0,1,linux,BIC
729c0c9dd55204f0c9a823ac8a7bfa83d36c7e78,1,8,13,5,linux,BFC
11d526f1972f486aa222fdfba751d2f0249c002a,14,3,5,1,linux,BFC
396e13e11577b614db77db0bbb6fca935b94eb1b,9,0,6,4,linux,BFC
4bbfb839259a9c96a0be872e16f7471b7136aee5,1,0,1,1,linux,BFC
a97ec51b37efacb84f286979876675a8143035b0,282,63,43,4,linux,BIC
58340f8e952b613e0ead0bed58b97b05bf4743c5,39,4,10,1,linux,BIC
9d7ee0e28da59b05647c3d2a7ad4076c16b1a6ef,11,17,6,1,linux,BIC
18a4d0a22ed6c54b67af7718c305cd010f09ddf8,134,6,3,7,linux,BIC
af99da74333b06d97ea6a9a2cd8906244da4bb26,108,0,21,1,linux,BIC
dd7a37102b79ae55184d8dea641774254cf8b1ac,5,19,4,1,linux,BIC
b042098063849794d69b5322fcc6cf9fb5f2586e,7,18,18,1,linux,BIC
5bb1cc0ff9a6b68871970737e6c4c16919928d8b,1,2,1,2,linux,BFC
0fabd2aa199faeb8754aee94658f2c48ccb2c8c3,46,1,0,1,linux,BIC
0099103926b68e6675a1be4644848f5b1c1b6f97,8,11,2,1,linux,BFC
2843a25348f8c7e8f0c969d506429d7a2ded186e,11,3,5,1,linux,BIC
838d76d63ec4eaeaa12bedfa50f261480f615200,0,0,1,1,linux,BFC
356690d029e10f1aadebc49819d3908d5f6389fb,2,0,4,1,linux,BFC
1a67c415965752879e2e9fad407bc44fc7f25f23,2,2,1,1,linux,BFC
f718b093277df582fbf8775548a4f163e664d282,12,0,0,1,linux,BFC
d58970da324732686529655c21791cef0ee547c4,0,0,1,1,linux,BFC
84fe4cc09abc1a5ef3a282db3ed10f4d3f1e6a0b,2,0,2,1,linux,BFC
3db084d28dc04e6ebe9123e0d4f6e8ef5a775ff0,29,0,0,1,linux,BFC
6cf739131a15e4177e58a1b4f2bede9d5da78552,0,0,2,1,linux,BFC
b4b01b4995fb15b55a2d067eb405917f5ab32709,91,0,0,5,linux,BIC
857f84743e4b78500afae010d866675642e18e90,4,0,1,1,linux,BFC
8cc365f9559b86802afc0208389f5c8d46b4ad61,0,0,2,1,linux,BFC
673b975f1fbad5382f76afdb987e7513c5f4b71b,80,6,2,4,linux,BIC
54c09889bff6d99c8733eed4a26c9391b177c88b,0,0,2,2,linux,BFC
09226e8303beeec10f2ff844d2e46d1371dc58e0,0,0,1,1,linux,BFC
ec2c0825ca3183a646a24717966cc7752e8b0393,6,327,3,8,linux,BIC
b66e65f41426ec82b92ad4d9a752802bf9e2e383,10,5,7,1,linux,BIC
4e3eff5beafa5c97cdf2af2181f46479941a7f45,1,0,0,1,linux,BFC
51fbd8de87dcf09f3929e5438e4344bea4338990,9,9,15,2,linux,BIC
181a4224acdfb993a21f987f8617b5c8d7bc654e,2,0,3,1,linux,BFC
774636e19ed514cdf560006813c0473409616de8,3,31,18,1,linux,BIC
4db2299da213d1ba8cf7f4c0a197ae7ba49db5cb,45,0,3,1,linux,BIC
3b6db4a0492beed36545a2bc6075117faecebfe2,50,0,0,5,linux,BFC
426c8d85df7a7b8337e09eab2806e802311778fd,91,40,35,4,linux,BIC
9d4d0d06bbf9f7e576b0ebbb2f77672d0fc7f503,0,3,7,2,linux,BFC
bf250a1fa769f2eb8fc7a4e28b3b523e9cb67eef,0,0,1,1,linux,BFC
7930d85535751bc8b05c6731c6b79d874671f13c,66,6,2,6,linux,BIC
98ee377144935857d8ad5d7d70cdab1da4ede32e,370,0,0,4,linux,BIC
d981dd15498b188636ec5a7d8ad485e650f63d8d,0,0,1,1,linux,BFC
935dff305da2be7957a5ce8f07f45d6c4c1c6984,7,0,1,1,linux,BFC
d38a8c622a1b382336c3e152c6caf4e11d1f1b2a,41,0,0,15,linux,BIC
338061619185133f56ac17365deb1e75eaecc604,5,0,1,2,linux,BFC
82d632b85eb89f97051530f556cb49ee1c04bde7,2,0,0,1,linux,BFC
37744feebc086908fd89760650f458ab19071750,0,7320,20,87,linux,BIC
ff5265d45345d01fefc98fcb9ae891b59633c919,1,0,0,1,linux,BFC
6dd112b9f85e5f24ac8c15d892690cb44a4b7936,843,0,0,1,linux,BIC
a1f0906447efe5e53f4d491cf9b131b95898d742,0,0,1,1,linux,BFC
c14ac9451c34832554db33386a4393be8bba3a7b,48,4,45,16,linux,BIC
cafdc45c949b9963cbfb8fe3a68d0ab16b0208ce,144,0,0,4,linux,BIC
d705c1a66e151e587271265c29844817d5108375,1,1,1,1,linux,BIC
69f3ca8ed33dd39937ba0ea0c6643d78663db46a,26,31,5,1,linux,BIC
64e90a8acb8590c2468c919f803652f081e3a4bf,14,0,0,1,linux,BIC
1ebea45ef027ee31cd50ed92903071391e792edb,2,1,6,1,linux,BFC
29044dae2e746949ad4b9cbdbfb248994d1dcdb4,1,0,8,4,linux,BFC
47546a1912fc4a037035746998c3cfa740beed70,55,0,3,2,linux,BIC
78930f09b9406db029c69dcebad10cd7b6e06fae,3,0,0,1,linux,BIC
415543d5c64fe490b4b6a7e21c3ea2f1310c442f,120,0,10,5,linux,BIC
7b6bd84336096851225d06f3b176157f305e09a2,30,0,0,1,linux,BIC
aeb4c132f33d21f6cf37558a932e66e40dd8982e,46,98,231,1,linux,BIC
421380856d9c7466a28a1410cce2055acaf84ffd,74,6,44,4,linux,BIC
067f44c8b4590c3f24d21a037578a478590f2175,4,3,7,3,linux,BFC
6cb206508b621a9a0a2c35b60540e399225c8243,12,0,0,1,linux,BIC
17b7f7cf58926844e1dd40f5eb5348d481deca6a,3,9,2,1,linux,BIC
9db7f2b818809ef2c40fbd64cfcf5ccb0107d7e8,31,17,6,2,linux,BIC
e12c225258f2584906765234ca6db4ad4c618192,1,0,1,1,linux,BFC
5968a70d7af5f2abbd9d9f9c8e86da51f0a6b16d,6,0,19,2,linux,BIC
6ecad912a0073c768db1491c27ca55ad2d0ee68f,6,0,0,1,linux,BFC
858aa5a4be22368f8d0e8ace7dc0b5ffb62bbdbc,4,0,2,1,linux,BFC
22e1b23dafa8554ef722454e8b84645820cbbc17,27,8,7,1,linux,BIC
fa41b900c30b45fab03783724932dc30cd46a6be,2,0,1,1,linux,BFC
5e3c420dcca53766dec57d5bf4df8eecdb953c03,2,3,1,1,linux,BFC
718ce4d601dbf73b5dbe024a88c9e34168fe87f2,23,4,2,1,linux,BIC
04810f000afdbdd37825ca7f563f036119422cb7,1,0,0,1,linux,BFC
e27f4a942a0ee4b84567a3c6cfa84f273e55cbb7,0,0,1,1,linux,BFC
883fcb8ecaaffbc46d5ed20f336da61e422021aa,0,0,1,1,linux,BFC
967a6a07e95c58eb9c1581d22a1d9c2d1929843f,3,0,0,1,linux,BFC
1aed58e67a6ec1e7a18bfabe8ba6ec2d27c15636,2,0,0,1,linux,BFC
0bbe7f719985efd9adb3454679ecef0984cb6800,0,4,3,1,linux,BFC
dad0d04fa7ba41ce603a01e8e64967650303e9a2,6600,0,0,17,linux,BIC
094d00f8ca58c5d29b25e23b4daaed1ff1f13b41,0,6,6,1,linux,BFC
96c5508e3012ed0984ab93821d64ac1ff3279c09,16,2,12,2,linux,BFC
1eb7b40386c97f6c4d1c62931bf306f4535a4bd6,93,9,18,2,linux,BFC
dddfa461fc8951f9b5f951c13565b6cac678635a,724,117,52,6,linux,BIC
519a8a6cf91dda095be2d36216fc4ebc525270a1,0,28,9,3,linux,BFC
e49aa315cb01828e7aec0710f3b954e80ba70dd8,114,0,0,4,linux,BIC
b5f3e0d430122a551cbc2b88068dae8b2c2c0031,14,0,4,1,linux,BIC
7675104990ed255b9315a82ae827ff312a2a88a2,92,0,0,2,linux,BIC
cb963a19d99fc42d9abf4238968ef85fcc2ef3e3,2,0,1,1,linux,BFC
ddcccd543f5dbd841fe305452651b0f8c1d74f0f,36,0,0,1,linux,BIC
c388d8584bc8391c0e0a4cdb1e524eb25f3cb7e1,16,0,0,1,linux,BIC
3ff228af84b57767645d81a89c166c777646ad61,213,207,24,3,linux,BIC
6e73fd25e2c7510b7dfadbaf701f31d4bff9c75b,0,90,0,1,linux,BFC
621f6401fdeefe96dfe9eab4b167c7c39f552bb0,0,0,5,1,linux,BFC
eeac8cda2c957e156093933b860eec09e488fe15,3,0,4,1,linux,BFC
9f4ca05827a27ec73bf63a42732f1978b8a779af,85,0,18,2,linux,BIC
eaf47b713b602e7d0129ed8d18d2818246a17e49,2,0,1,1,linux,BIC
bd998c2e0df0469707503023d50d46cf0b10c787,0,0,1,1,linux,BFC
f3000e1b43f164802f2a74c9de6a398943a36378,0,0,1,1,linux,BIC
cb241339b9d020c758a6647c69f8e42538c5cf88,19,16,16,2,linux,BFC
97389373d555cdc03ed346d7dc6f714a1586c705,0,1,1,1,linux,BFC
234f414efd1164786269849b4fbb533d6c9cdbbf,7,0,0,1,linux,BFC
37f0644f3a5648e6c081587e05df0572e33c70a6,0,9,2,1,linux,BFC
625e24a550e6a600e639b43cf7c15879b2a70840,1,1,0,1,linux,BFC
89a5e15bcba87df5120d4656e0ff33d4f7cd6152,1,18,15,1,linux,BIC
833a94aac572d7f0fe3f51329e0eb9f2884cf665,0,0,2,1,linux,BFC
63a85ff6c35d8a7aaf0fb60ddbab93530d495bf3,0,0,2,1,linux,BFC
f0c16ba8933ed217c2688b277410b2a37ba81591,6,0,1,1,linux,BFC
af7d9f0c57941b465043681cb5c3410f7f3f1a41,0,0,1,1,linux,BFC
d518691cbd3be3dae218e05cca3f3fc9b2f1aa77,0,0,1,1,linux,BFC
9acf4d3b9ec15f27a7d027c4ae4736c2fb967391,5,0,2,1,linux,BIC
f2aa197e4794bf4c2c0c9570684f86e6fa103e8b,1,0,0,1,linux,BFC
b083a0870c7937e131762f8b702afa6bac8d08f4,39,0,4,4,linux,BIC
0d9e734018d70cecf79e2e4c6082167160a0f13f,11,0,0,1,linux,BFC
8d0d8ed3356aa9ed43b819aaedd39b08ca453007,6,0,8,1,linux,BFC
9f8550e4bd9d78a8436c2061ad2530215f875376,0,0,2,1,linux,BIC
c66e078ad89e9f171a2474b255284d95c54c4c36,46,0,35,1,linux,BIC
f958a1320ff7a1e0e861d3c90de6da12a88839dc,0,12,1,2,linux,BIC
8131b73b22c25e57e926874bb284f61cc3f8ac5e,0,1,0,1,linux,BFC
85136c0102852fe505c0fbd3f1bf9d17038bb94d,14,24,6,4,linux,BIC
473adbf4e02857a6b78dfb3d9fcf752638bbadb9,15,0,0,1,linux,BIC
32def55d237e8507d4eb8442628fc2e59a899ea0,16,1,2,4,linux,BFC
53013c77437c9b00658fc112b4e0aecd221c512a,3,0,0,1,linux,BFC
33d915d9e8ce811d8958915ccd18d71a66c7c495,12,1,4,4,linux,BIC
e257039f0fc7da36ac3a522ef9a5cb4ae7852e67,8,10,32,1,linux,BIC
03bf0c281234028388108d0aee720954f5fe6924,96,0,0,2,linux,BIC
1e8f93e18379d05da9fd130eb7d50988a20f8b9a,36,53,2,4,linux,BIC
ea93102f32244e3f45c8b26260be77ed0cc1d16c,0,0,1,1,linux,BFC
1293477f4f324f9cf23a36f6cc0adc6801f1baac,6,0,0,1,linux,BIC
1ee88de395c3ad6791c4baeba40e83b6ec97657a,5,0,1,1,linux,BFC
daf4dd16438b897a44929771c85b9512c2c20412,119,41,9,2,linux,BIC
37187a016c37d7e550544544dba25399ce4589c9,1,0,0,1,linux,BFC
5294b83086cc1c35b4efeca03644cf9d12282e5b,15,0,7,1,linux,BFC
86590c308bffa035fb7fd5dbb13e424523223e0e,41,0,1,1,linux,BFC
02f938e9fed1681791605ca8b96c2d9da9355f6a,1,0,0,1,linux,BFC
cb8db5d4578ac9d996200ab59aa655344d305f5b,984,918,6,22,linux,BIC
bf0bf77f6519e5dcd57a77b47e1d151c1e81b7ec,99,32,28,6,linux,BIC
eacb975b48272f54532b62f515a3cf7eefa35123,7,0,1,1,linux,BFC
ca7f41a4957b872577807169bd7464b36aae9b9c,5,0,8,2,linux,BFC
864c2357ca898c6171fe5284f5ecc795c8ce27a8,11,0,0,1,linux,BIC
ec23eb54fbc7a07405d416d77e8115e575ce3adc,0,0,6,6,linux,BIC
87d93029fe83e326d5b906e12e95600b157d2c0d,0,0,2,1,linux,BFC
c7ab0d2fdc840266b39db94538f74207ec2afbf6,8,10,129,2,linux,BIC
a48f165509c18d47f1505888a21918e8a06d590f,46,0,0,2,linux,BIC
ae0662f84b105776734cb089703a7bf834bac195,0,0,4,1,linux,BFC
3ab7992018455ac63c33e9b3eaa7264e293e40f4,0,0,1,1,linux,BFC
7d6380cd40f7993f75c4bde5b36f6019237e8719,13,4,4,1,linux,BIC
4f57f06ce2186c31c3da52386125dc57b1cd6f96,58,0,0,2,linux,BIC
dc9f69b907f3853952d3ffb7918d05a662146712,0,0,1,1,linux,BFC
ebed7b7ca47f3aa95ebf2185a526227744616ac1,0,0,1,1,linux,BFC
c86243b090bc25f81abe33ddfa9fe833e02c4d64,89,0,8,5,linux,BIC
fdf7cb4185b60c68e1a75e61691c4afdc15dea0e,16,3,1,1,linux,BIC
c3042bff918a25c0cb3120d6da18a9d8b00da617,16,0,0,1,linux,BIC
789ea12500e5ce3911d0a6a822277c3133451927,1,0,1,1,linux,BFC
361b69051326ed0e07553315227678d00d651a9e,5,0,1,1,linux,BFC
8d4d5c3a7c25e69075e60e5e70c1e05c205aef89,2,0,1,1,linux,BFC
bfc2560563586372212b0a8aeca7428975fa91fe,0,0,4,1,linux,BFC
5352a761308397a0e6250fdc629bb3f615b94747,4,4,0,1,linux,BFC
82564f6c706a37e5f7dec962375581cc9f8fca5d,4,11,60,6,linux,BIC
15ef9efa855cf405fadd78272e1e5d04e09a1cf3,7,6,9,1,linux,BFC
d17929eb1066d1c1653aae9bb4396a9f1d6602ac,0,0,1,1,linux,BFC
a9bed6b10bd117a300cceb9062003f7a2761ef99,24,8,2,1,linux,BFC
140456f994195b568ecd7fc2287a34eadffef3ca,6,4,0,1,linux,BFC
c66da95a39ec2bb95544c3def974d96e8c178f57,25,4,2,2,linux,BIC
6d1ebccbd64af1f989c1e8a5976f82282ddd4ee4,84,21,1,3,linux,BFC
8152c2bfd780398773435bf6eb1e3841f83de209,550,0,0,1,linux,BIC
26a17b12d7f3dd8a7aa45a290e5b46e9cc775ddf,48,0,0,1,linux,BFC
ed1f2e85da79274f3dc4092953f1359eb732f0c6,46,4,11,5,linux,BIC
9c69a13205151c0d801de9f9d83a818e6e8f60ec,4,0,0,1,linux,BFC
52af954599396e5945a895035525c703f2761b20,698,0,0,1,linux,BIC
32ba156df1b1c8804a4e5be5339616945eafea22,8,0,0,1,linux,BFC
e14177f19739d74839eb496a27f5f5d958beaa5b,2,0,0,1,linux,BFC
f9fccdb9efef60dbcf84d493514b475c41aa866f,8,0,2,2,linux,BFC
ea870e44415a5f5ed09b6e002e38d3e0de7f390e,23,2,1,2,linux,BIC
586fb2641371cf7f23a401ab1c79b17e3ec457f4,0,0,9,1,linux,BFC
9e5baf9b363673a8f78508c99a9d815da6ea7133,65,0,0,4,linux,BIC
b6b6036a5d5591762ee1d9fd5ca9c89148d037f0,0,4,0,1,linux,BFC
365b5a36f352e9884e85c47aa33026fd4df18633,0,0,1,1,linux,BFC
ef2b02d3e617cb0400eedf2668f86215e1b0e6af,62,0,8,2,linux,BIC
40e05200593af06633f64ab0effff052eee6f076,7,0,0,1,linux,BFC
563f23b002534176f49524b5ca0e1d94d8906c40,2,0,0,1,linux,BFC
5ed7414062e7cc63759529b9d82a1e73e86fe6c0,217,0,0,1,linux,BIC
1235fc569e0bf541ddda0a1224d4c6fa6d914890,1,0,0,1,linux,BIC
fe8c8a126806fea4465c43d62a1f9d273a572bf5,43,0,25,4,linux,BIC
d2e46fccc3e3d73a741efe433f00960331280696,1,1,0,1,linux,BFC
fc7a6c287ff395eb64745292b4d398e64152cfb6,5,8,28,2,linux,BIC
aebda618718157a69c0dc0adb978d69bc2b8723c,4,0,0,1,linux,BIC
e1e0eb43ce1fd7bbdd9590715623cb3799896434,5,5,0,1,linux,BFC
37d6a0a6f4700ad3ae7bbf8db38b4557e97b3fe4,120,72,25,2,linux,BIC
362e7701fd183d990e0863883461edef61392710,206,0,0,1,linux,BIC
d829e9c4112b52f4f00195900fd4c685f61365ab,134,301,101,7,linux,BIC
1575c083a78cc1137ad8bfa042d02eeb9dc86ef4,3,0,0,1,linux,BFC
41ce405e689491658cb68dfca620dc199130c5f6,1,1,3,1,linux,BIC
71eea7071583b04e9b796ee1d6f7a07334426495,0,1,1,1,linux,BFC
1d011c4803c72f3907eccfc1ec63caefb852fcbf,2,0,0,1,linux,BIC
72a43046b61a3fe7164a622224bcdfc3cf6b795d,8,0,1,2,linux,BIC
6f4e6361c3ff8457d45d2a898c418e3495e85e93,1725,0,0,2,linux,BIC
d09e9a2bddba6c48e0fddb16c4383172ac593251,34,23,23,4,linux,BFC
7e6d5cd88a6f4961ed2968799ef98528c13ac5f8,471,0,0,1,linux,BIC
575ddf5888eaf8f271cb3df7b0806cb2db2c333a,59,0,0,3,linux,BIC
712da5fc4a66fbb1f144742e1b808498e932009b,3,0,1,1,linux,BFC
8f0994bb8cbde5452e58ce0cacdbf6cb58079d01,0,0,2,1,linux,BFC
db9108e054700c96322b0f0028546aa4e643cf0b,1,0,0,1,linux,BFC
7d04b0b13b1175ce0c4bdc77f1278c1f120f874f,210,11,12,2,linux,BIC
bb322a90383603aaf71ad882a7c5a48b39a02603,0,0,1,1,linux,BFC
57b61127ab7da18e612a5cd26783a5103b1c6385,10,2,7,1,linux,BIC
bacb6c1e47691cda4a95056c21b5487fb7199fcc,6,0,1,1,linux,BFC
fe1b5700c70faac6e027982d59667bc6020de5a8,3,0,0,1,linux,BFC
7780c25bae59fd042281710f5e1243268e2c18dc,195,0,0,2,linux,BIC
ae6ee6ae2b4f4534664561161ef8087e08aff2d9,0,7,3,4,linux,BFC
2d3db210860f1df099a35b1dd54cca35454e0361,0,1,1,1,linux,BFC
179fb36abb097976997f50733d5b122a29158cba,7,0,0,1,linux,BFC
d2bedb7863e9817f71fe2332a85ecdbd0f264b4b,13,0,4,1,linux,BIC
bc92470413f3af152db0d8f90ef3eb13f8cc417a,6,1,5,5,linux,BIC
ca5927e7ab5307965104ca58bbb29d110b1d4545,99,0,2,3,linux,BIC
096461de96a94c856190ba892ebf62dfba5a38f1,0,0,1,1,linux,BFC
22c16d251a79c3156d17627810557878e600dc6a,0,6,8,2,linux,BFC
1cd5f059d956e6f614ba6666ecdbcf95db05d5f5,0,1,2,1,linux,BFC
a3e03bc1368c1bc16e19b001fc96dc7430573cc8,1,0,8,4,linux,BFC
d1c72f6e4c051620f44b170dff991240117dd911,0,3,1,1,linux,BFC
7009db1475e9e92c823b60c2a9c1e5a3222699f0,18,0,2,1,linux,BFC
cf6eb489e5c04c8f8d5fd7bf90b8346c987688bc,404,36,69,5,linux,BIC
b1c0ec3599f42ad372063b0235a3c33f65eb1e30,427,0,5,5,linux,BIC
f0fe2c0f050d31babcad7d65f1d550d462a40064,12,14,4,3,linux,BIC
4ee06de7729d795773145692e246a06448b1eb7a,1,0,0,1,linux,BFC
8d1a182ea791f0111b0258c8f3eb8d77af0a8386,0,0,2,1,linux,BFC
868a1e863f95183f00809363fefba6d4f5bcd116,16,6,5,1,linux,BIC
f2097beed59e8811c218222b17d2b3bfd5ce2110,3,5,0,1,linux,BFC
e792ff804f49720ce003b3e4c618b5d996256a18,1,74,1,1,linux,BIC
d56c9fe6a06820d5ef8188d96bf4345c7bdba249,0,0,2,1,linux,BFC
7f005f112f527f0762386c6fd182966d0e066eaf,0,0,2,2,linux,BFC
c7dfc8c848a48f176096f66a14879fb3333a460f,0,1,1,1,linux,BFC
310e3a4b5a4fc718a72201c1e4cf5c64ac6f5442,0,0,1,1,linux,BFC
e97ac12859dbf4d3ee0eddb9798867541d1d1e1e,3,0,5,1,linux,BFC
02ee9b18dedf1d72afa0fbfb0d7c15f6b4904a07,1,0,0,1,linux,BFC
d41c6172bd4031979eab722c265a2e5764383c3c,2,0,2,1,linux,BFC
336a8bb8e36a273a802a54b2e673c777c9c62fb1,0,0,1,1,linux,BFC
5dd89d2fc438457811cbbec07999ce0d80051ff5,1,0,1,1,linux,BFC
e7ddee9037e7dd43de1ad08b51727e552aedd836,22,76,74,6,linux,BIC
12e36d98d3e5acf5fc57774e0a15906d55f30cb9,2,0,7,1,linux,BFC
ea4858670717fd948dab0113a5ee65486494a607,3,1,17,1,linux,BIC
cd36d7a17f9da68be9aa67185ba3ad7969934a19,2,0,0,1,linux,BFC
f937d93a9122d1510ca6e4bb8d860aedcf9408c3,0,0,4,1,linux,BFC
434d611cddef1ceed32bf416a363992b01a3ff9a,163,0,11,4,linux,BIC
1a2620a99803ad660edc5d22fd9c66cce91ceb1c,0,40,14,3,linux,BFC
633786736ed53a53b8d0a630cc3ff57381027081,0,0,1,1,linux,BFC
881eadabe71fa78c081eda3cd5701768f3778a21,10,0,1,1,linux,BFC
a35165ca101695aa2cc5a6300ef69ae60be39a49,0,0,3,1,linux,BFC
71be7b0e7d4069822c89146daed800686db8f147,0,0,1,1,linux,BFC
940fd304d233534038365f56d30c29ed7fd7416b,0,0,8,1,linux,BFC
e4c2c0ff00ecaf8e245455a199b86ce22143becf,87,0,0,6,linux,BIC
6adba43fd222ea362c36296d1a6897c2e28fdc8e,128,0,0,3,linux,BFC
8537257874e949a59c834cecfd5a063e11b64b0b,2974,0,0,2,linux,BIC
e1c7481797542f4d2039d5a458ef80603298ad78,11,0,0,1,linux,BIC
c701917e647c6aaee5e7bbb7a2c1ca99e8552c58,0,0,1,1,linux,BFC
1fd17c8cd0aa636afcf441ee23023b5a7cba4efa,1,0,0,1,linux,BFC
38d51b2dd171ad973afc1f5faab825ed05a2d5e9,0,0,6,3,linux,BFC
90e457f7be0870052724b2d9c2c106e5847f2c19,2714,0,0,3,linux,BIC
1f458d53f76c25a8240736294453e95bd9a34e18,412,0,0,1,linux,BIC
4a3e0aeddf091f00974b02627c157843ce382a24,9,0,2,1,linux,BIC
e92f7cca446ec503251b58ad9a8b5592a2d927de,40,61,14,3,linux,BIC
d3c68e0a7e34af2b86f5408c4d6e794a38bbd9e1,562,0,0,1,linux,BIC
e8c8b53ccaff568fef4c13a6ccaf08bf241aa01a,13,0,0,1,linux,BFC
447c19f3b5074409c794b350b10306e1da1ef4ba,1,0,3,1,linux,BFC
e68372efb9feae33467bdbea2654f3d91b2e0466,1,0,0,1,linux,BFC
27ff8187f13ecfec8a26fb1928e906f46f326cc5,0,0,1,1,linux,BFC
81d45bdf89135cd26dc7535c14a45db6cdd647fa,16,19,0,1,linux,BIC
8eecddfca30e1651dc1c74531ed5eef21dcce7e3,3,0,2,1,linux,BFC
f71dbf2fb28489a79bde0dca1c8adfb9cdb20a6b,0,2,2,1,linux,BFC
b4c9c9f15649c98a5b45408919d1ff4fd7f5531c,21,2,22,1,linux,BIC
b1c2f6312c5005c928a72e668bf305a589d828d4,29,0,2,1,linux,BFC
1f23380b803a670a9eb53f63fd0c662d20ab1b66,1,0,0,1,linux,BFC
ffdad793d579c9286c7b67a86d1a3c890fb32082,0,0,1,1,linux,BIC
7775665aadc48a562051834a73519129bf717d73,0,0,2,1,linux,BFC
2f5af4ab7de14bd35f3435e6a47300276bbb6c17,0,0,1,1,linux,BFC
66af86d93ce32ff5b262ace9a6696873cc1bdb3e,2,0,2,1,linux,BFC
398f0132c14754fcd03c1c4f8e7176d001ce8ea1,0,0,1,1,linux,BFC
4c1bd5a90c4e716e5bde33f01a40bb66dc4a9903,1,0,1,1,linux,BFC
3a2f5773baab34a9943be4c77e1ff2ac79d16c75,1,0,3,1,linux,BFC
dcf300a69ac307053dfb35c2e33972e754a98bce,5,5,0,1,linux,BFC
69956d83267e29e38cda7d506c4085932789fef2,26,0,5,4,linux,BIC
6cfc03b602200c5cbbd8d906fd905547814e83df,5,0,1,1,linux,BFC
1cdd8705c7acad7a49d0546d0f22fcde3ad8dcb9,0,0,1,1,linux,BFC
a4ac9d45c0cd14a2adc872186431c79804b77dbf,0,0,1,1,linux,BFC
3c0468d4451eb6b4f6604370639f163f9637a479,2,1,4,1,linux,BIC
6926872ae24452d4f2176a3ba2dee659497de2c4,2,0,0,1,linux,BFC
319e4d0661e5323c9f9945f0f8fb5905e5fe74c3,30,31,18,1,linux,BIC
8b63ec1837fa4c1ea604b278d201454eb3b85066,0,0,1,1,linux,BIC
87daac68f77a3e21a1113f816e6a7be0b38bdde8,8,0,6,1,linux,BFC
6a52e73368038f47f6618623d75061dc263b26ae,0,2,5,1,linux,BFC
082d5b6b60e9f25e1511557fcfcb21eedd267446,18,0,9,3,linux,BFC
13ffe9a26df4e156363579b25c904dd0b1e31bfb,0,0,1,1,linux,BFC
8b58924ad55c3a9fbeddd1a02d09fd29435e50eb,14,6,19,1,linux,BIC
99f81afc139c6edd14d77a91ee91685a414a1c66,11,0,0,1,linux,BFC
bcce55f556e824d43f352d76b94509185585e38d,0,0,1,1,linux,BFC
60c158dc7b1f0558f6cadd5b50d0386da0000d50,0,0,2,2,linux,BFC
f164be8c03663034416d019c355fbbd2dbd189d7,46,0,2,2,linux,BIC
caf23895ce96e90d8667328144344263ff0e7f1f,0,0,2,1,linux,BFC
2de2f7f40ef92313d76c3df7f545be5d0899b1aa,97,1,28,1,linux,BIC
40c48fb79b9798954691f24b8ece1d3a7eb1b353,7,4,10,1,linux,BFC
a370f60a58ec7bad7045803041524ccdc4d79c75,31,0,6,1,linux,BIC
6c636503260d1a5598f44f940f284cf679dc38f9,160,0,14,1,linux,BIC
6d784f1625ea68783cc1fb17de8f6cd3e1660c3f,1,1,0,1,linux,BFC
35be1a71d70775e7bd7e45fa6d2897342ff4c9d2,4,0,0,1,linux,BFC
8315b77d72c5f0b18ceb513303d845e73166133c,0,0,1,1,linux,BFC
8c5c147339d2e201108169327b1f99aa6d57d2cd,1,0,2,1,linux,BFC
0181ce31b26021f7c2f9506112a05c847a36f0f2,333,0,3,6,linux,BIC
090688fa4e448284aaa16136372397d7d10814db,2,0,0,1,linux,BFC
904edf8aeb459697129be5fde847e2a502f41fd9,1,0,0,1,linux,BFC
3bf393860f6efc41ce268f5c21a457df1e8e6e00,5,5,0,1,linux,BFC
eabac19e40c095543def79cb6ffeb3a8588aaff4,25,0,8,1,linux,BIC
f4aaa44e8b20f7e0d4ea68d3bca4968b6ae5aaff,0,0,1,1,linux,BFC
d9f74d98bbec978edbf860f729b531281ba0d8ff,0,0,1,1,linux,BFC
3b047a9597e4e252991899f019bbfd0271cda814,2,0,4,1,linux,BFC
3e761a42e19c63b624ebac94d918d8a15e07e2a7,1,0,1,1,linux,BIC
0eb98f1588c2cc7a79816d84ab18a55d254f481c,0,0,1,1,linux,BFC
4eb64dce8d0a3ceccc0036383e4683b7c3ea7a50,153,0,0,1,linux,BIC
8a0d560f3e651808ae0a3d9ab9fe476e59de132b,0,0,2,2,linux,BFC
22b726cbdd09d9891ede8aa122a950d2d0ae5e09,1,0,2,1,linux,BFC
2e23b7a96372f855d4a006e82b183915e249e2ac,4,0,11,1,linux,BIC
67c698fc5eb0f7471f28e10cd6960e5cf6426de1,0,2,0,1,linux,BFC
906a4bb97f5d0389cae9cc3634e8059fed5334b5,0,0,4,1,linux,BIC
8d97a5877b85ab0a2b346c2c111a8192d336495f,917,0,0,2,linux,BIC
91d898e51e603a703cd046ae8c5d8b7da2ce4831,39,0,3,2,linux,BIC
8a07fed44b126f48020f122b9e6bf05d8c48f281,0,1,0,1,linux,BFC
6c5f4e5cb35b4694dc035d91092d23f596ecd06a,1,0,1,1,linux,BFC
5633e85b2c3133051d8201b586ba195f1733096b,29,0,0,3,linux,BIC
8501786929de4616b10b8059ad97abd304a7dddf,3,1,1,2,linux,BFC
20c15226d1c73150c4d9107301cac5dda0b7f995,0,0,1,1,linux,BFC
d2ead1f360e8abd9817dea4f7290ffaf00078ac1,740,0,6,13,linux,BIC
e3a01cbee9c5f2c6fc813dd6af007716e60257e7,0,0,1,1,linux,BFC
a5135eeab2e5ca1b94f34dcb772cb30f9f390efc,26,0,2,1,linux,BIC
282faf61a053be43910fcc42d86ecf16c0d30123,22,2,19,3,linux,BIC
a29add8c9bb29dfa8dc47c71b2702e9cc4f332a6,1135,1134,394,23,linux,BIC
49c64df880570034308e4a9a49c4bc95cf8cdb33,3,0,6,1,linux,BFC
628ccfc8f5f79dd548319408fcc53949fe97b258,2,4,13,1,linux,BFC
453d0744f6c6ca3f9749b8c57c2e85b5b9f52514,5,0,1,1,linux,BFC
13415a998adb1802b5bd6bd5a336331589e866a1,3,1,10,1,linux,BFC
e70d8f55268ba95f00c61857df2bab638365f10f,0,0,75,4,linux,BIC
bc7a39b4272b9672d806d422b6850e8c1a09914c,1,0,1,1,linux,BFC
8fc74d18639a2402ca52b177e990428e26ea881f,0,0,1,1,linux,BIC
36e1e5ba90fb3fba6888fae26e4dfc28bf70aaf1,0,0,1,1,linux,BIC
c309b158090d788e96ee597444965cb79b040484,3,0,0,1,linux,BFC
39850edf2befe27bcb3d6c37b6ee76d2ee4df903,0,0,1,1,linux,BFC
c97d96b4e612c7dc1b37d7afc61b598a9a25994d,0,5,7,1,linux,BFC
382b91db8044669d254006df799df9d85d4ad891,102,0,0,2,linux,BIC
6044bd4a7d580d4459b992bc6631c817486a1514,4,0,2,1,linux,BFC
466dfa0770220cebad2e58e1905489328fc9daf7,37,0,2,1,linux,BIC
8d195e7a8ada68928f2aedb2c18302a4518fe68e,6,0,12,9,linux,BFC
c10bbfae3ae43fae1d77e16f05a73474acf514ff,1,1,0,1,linux,BFC
74489a91dd43aecd638709d34a2f58b91cfda5cf,1166,0,0,1,linux,BIC
912ab37c798770f21b182d656937072b58553378,0,0,1,1,linux,BFC
43d104db596977a8fddc1e71245859a7fe85a658,3,0,5,1,linux,BFC
bc0c38d139ec7fcd5c030aea16b008f3732e42ac,1731,0,0,2,linux,BIC
1b8bb8919ef81bfc8873d223b9361f1685f2106d,4,0,2,1,linux,BFC
d60ad3d46f1d04a282c56159f1deb675c12733fd,4,0,1,1,linux,BFC
23998835be98a6842e5698fa1824f404c7de850d,0,1,15,1,linux,BIC
6a0bfbbe20b0ce8bb0ee149ecea620a56fe038e4,12,34,50,1,linux,BIC
561eb9d09a93d71ca97ca401b3b71bf7725738b1,9,172,11,10,linux,BIC
dfc06b389a4f54e78c03abecd5b42ab6ea8d492a,2,0,0,1,linux,BFC
5ad26161a371e4aa2d2553286f0cac580987a493,3,0,4,1,linux,BFC
21acdf45f4958135940f0b4767185cf911d4b010,0,0,1,1,linux,BFC
4fb27190879b82e48ce89a56e9d6c04437dbc065,2,2,0,1,linux,BFC
5fd43ddbec7623441239d247155a30b69e51bea1,0,0,1,1,linux,BFC
565602d7501a3e83580289d7d6da9b15838cfbe3,75,0,41,4,linux,BIC
74d5f3d06f707eb5f7e1908ad88954bde02000ce,20,0,0,1,linux,BIC
dfabf7ffa30585fe491341f069df926cc28670ac,25,6,4,1,linux,BIC
b2f6cb78eaa1cad57dd3fe11d0458cd4fae9a584,10,0,5,1,linux,BFC
9debfb81e7654fe7388a49f45bc4d789b94c1103,0,0,1,1,linux,BFC
622db5b6439ab4d28a44d2d49d58050e59cac781,140,0,11,2,linux,BIC
563c53e73b8b6ec842828736f77e633f7b0911e9,34,10,6,3,linux,BIC
694852ead287a3433126e7ebda397b242dc99624,1,0,0,1,linux,BFC
1b5f962e71bfad6284574655c406597535c3ea7a,6,6,5,3,linux,BFC
a2dd9bd9334efb8dc0bdc0109abff3a7b57effb1,3,0,2,1,linux,BFC
46ec20ff7d6f9f011e06d58e4e87153ed8c893ed,66,0,0,4,linux,BIC
4f7e7236435ca0abe005c674ebd6892c6e83aeb3,41,11,14,2,linux,BIC
ce945552fde4a09f0bd4c0a33b8694b8515e2bd9,44,0,4,1,linux,BIC
39a364a19e0353d4f8e169b6174945909a409dca,5,2,3,1,linux,BIC
8d564cd28cfcbea636b44a96a1edfe0e3395ef60,0,1,7,1,linux,BFC
bcec54bf3118a26422cd83675cb461ef4dea81ef,15,72,30,4,linux,BIC
6d6a1d82eaef705f150c441350559bf5daccb533,202,0,0,1,linux,BIC
d7cd5e06c9dd70a82f1461c7b5f676bc03f5cd61,11,0,11,1,linux,BFC
5728fe7fa539ead1567ee96ddc900d333f3e5792,67,0,0,1,linux,BIC
a8bf879af7b1999eba36303ce9cc60e0e7dd816c,2,0,1,1,linux,BFC
c2f6d059abfc29822af732e4da70813a5b6fd9cd,4,0,29,1,linux,BIC
33e53ae1ce413a081254e686d9b27cc1b3585e2f,1168,1,0,11,linux,BIC
f63ce5b6fa5e9a0faf7a0e1ef2993a502878c78a,1,0,1,1,linux,BFC
4bbd4923d1f5627b0c47a9d7dfb5cc91224cfe0c,9,8,8,2,linux,BFC
826cff3f7ebba460d3db61f135798ce76b0d26ed,56,8,63,1,linux,BIC
350b8bdd689cd2ab2c67c8a86a0be86cfa0751a7,9,8,1,1,linux,BIC
c822490f52da4ae3ee5bf2b809c765ea9d8143f9,1,0,1,1,linux,BIC
2b4eae95c7361e0a147b838715c8baa1380a428f,9,0,0,1,linux,BFC
70b690547d5ea1a3d135a4cc39cd1e08246d0c3a,0,0,1,1,linux,BFC
7b38fd9760f51cc83d80eed2cfbde8b5ead9e93a,17,5,0,1,linux,BFC
dc5640f294e4ff6b89047cb4a0dfa931d5f0cd1f,9,5,20,2,linux,BFC
8b223bc7abe0e30e8d297a24ee6c6c07ef8d0bb9,96,0,0,3,linux,BIC
885dcd709ba9120b9935415b8b0f9d1b94e5826b,755,0,0,3,linux,BIC
6baaeadae911ba9cedfead881f3bf305a18fd011,88,328,15,3,linux,BIC
c619e9a6f52f87b405053edc5abb55d3e36a8e7b,81,4,0,2,linux,BIC
36168e387fa7d0f1fe0cd5cf76c8cea7aee714fa,8,0,0,1,linux,BFC
c8248c6c1a3d5db944753dd8e1c143d92c2c74fc,3,1,1,1,linux,BFC
4745ea2628bb43a7ec34b71763b5a56407b33990,0,0,1,1,linux,BFC
b123429e6a9e8d03aacf888d23262835f0081448,18,0,3,3,linux,BIC
2722efb90b3420dee54b4cb3cdc7917efacc2dce,24,0,2,1,linux,BFC
2566fffd6011df17dfba0b216fe9a154d3eb3f75,13,0,3,1,linux,BFC
9858af27e69247c5d04c3b093190a93ca365f33d,0,0,1,1,linux,BFC
ff479731c3859609530416a18ddb3db5db019b66,17,0,4,2,linux,BFC
e1959faf085b004e6c3afaaaa743381f00e7c015,2,1,0,1,linux,BFC
f70b359b3830b7a5b72c78136edc740839b67acd,0,1,2,1,linux,BFC
f6e916b82022cba67bdd0ec7df84e2bce2ef3f73,85,0,1,4,linux,BIC
f77bc5b23fb1af51fc0faa8a479dea8969eb5079,4,13,2,1,linux,BIC
1667c08a9d31c7cdf09f4890816bfbf20b685495,0,3,7,1,linux,BFC
b810253bd9342f863a86ec7dfff4a5a7a0394d2f,136,1,8,5,linux,BIC
f5cc6898650210a90669437d2d9a3fd564ff7d88,0,0,1,1,linux,BFC
1d82de618ddde0f1164e640f79af152f01994c18,21,111,80,1,linux,BIC
d0d51a97063db4704a5ef6bc978dddab1636a306,0,1,3,1,linux,BFC
c7a61cba71fd151cc7d9ebe53a090e0e61eeebf3,1,0,0,1,linux,BFC
4cd7c9479aff33746af490fa4a5a7dee8654891a,89,0,31,21,linux,BIC
9bc95570175a7fbca29d86d22c54bbf399f4ad5a,116,0,1,3,linux,BIC
9137108cc3d64ade13e753108ec611a0daed16a0,9,0,0,1,linux,BFC
59920635b89d74b9207ea803d5e91498d39e8b69,0,0,1,1,linux,BFC
1df37383a8aeabb9b418698f0bcdffea01f4b1b2,0,1,0,1,linux,BFC
d191a9abc02f1f59bfb3b2349d30cb5534dc0fd9,0,0,1,1,linux,BFC
c3f463484bdd0acd15abd5f92399041f79592d06,0,0,2,1,linux,BFC
8535c0185d14ea41f0efd6a357961b05daf6687e,0,0,1,1,linux,BFC
02b9984d640873b7b3809e63f81a0d7e13496886,53,2,0,44,linux,BIC
3056fc6c32e613b760422b94c7617ac9a24a4721,1,0,3,1,linux,BFC
325fd36ae76a6d089983b2d2eccb41237d35b221,0,1,1,1,linux,BFC
0addfa5877971a123b489caa3b73c860111e96a8,0,2,0,1,linux,BFC
0715372a06ce17a9ba69bbec306ddf30c4bad99e,9,0,0,1,linux,BIC
b920cc3191d7612f26f36ee494e05b5ffd9044c0,5,0,1,1,linux,BFC
1368f155a972eab037f81b5dea82afd544227552,2,0,0,1,linux,BFC
59f211181b5b10d4a95e1b9226febb0c0b6497c6,2,0,1,2,linux,BFC
ae6935ed7d424ffa74d634da00767e7b03c98fd3,58,11,104,3,linux,BIC
9fa248c65bdbf5af0a2f74dd38575acfc8dfd2bf,8,0,1,1,linux,BFC
afc45cf52c93009f1f4432e50365ce294ba7a474,5,3,3,1,linux,BFC
755b37c93a069ff0882411630a06e90b3193d092,24,5,8,3,linux,BFC
beda430177f56656e7980dcce93456ffaa35676b,9,0,1,1,linux,BFC
0b74d4d763fd4ee9daa53889324300587c015338,7,1,10,1,linux,BIC
65ba8594a238c20e458b3d2d39d91067cbffd0b1,14,15,0,1,linux,BFC
be5c2ff06c2a30fb694d54b0a100ef4f55e1de3a,0,7,2,1,linux,BFC
1acd85feba81084fcef00b73fc1601e42b77c5d8,3,0,1,1,linux,BFC
05d7f547bea1872e711ee97bd46aace6cf61c42b,4,0,10,1,linux,BFC
f8ec92a9f63b3b11e399409141b7868bb405e6b5,17,0,3,2,linux,BIC
558b7bd86c32978648cda5deb5c758d77ef0c165,926,0,0,1,linux,BIC
35156d852762b58855f513b4f8bb7f32d69dc9c5,11,0,0,1,linux,BIC
26eb4cd6c7c7793ee76c73b66621f63daff51953,2,0,0,1,linux,BFC
f079f6d999cbf857f899732de680f2b62f245b8c,1310,0,0,7,linux,BIC
d6fa71f1c003fb2bc824276bb424a4171f9a717f,1,0,0,1,linux,BFC
4e3aed844547f63614363a386de126e6304e55fb,9,0,0,1,linux,BFC
f848f2143ae42dc0918400039257a893835254d1,7,46,17,1,linux,BFC
09cad07547445bf3a41683e4d3abcd154c123ef5,4,0,1,1,linux,BFC
e0be864f14240cb1bd92247a672796239d6ef2fa,154,0,0,2,linux,BIC
fd20d9738395cf8e27d0a17eba34169699fccdff,0,0,3,1,linux,BFC
6b96686ecffcbea85dcb502e4584e4a20a2bfb29,2,0,0,2,linux,BFC
4a0e3ff30980b7601b13dd3b7ee275212b852843,2,0,2,1,linux,BFC
6d65d3769d1910379e1cfa61ebf387efc6bfb22c,0,0,1,1,linux,BFC
eb497943fa215897f2f60fd28aa6fe52da27ca6c,36,249,85,5,linux,BIC
7cd415f875591bc66c5ecb49bf84ef97e80d7b0e,0,0,1,1,linux,BFC
0b2a785db8797db08181f71395a412c8eedbc614,0,2,2,1,linux,BFC
08177f40bd00cd5232c0508e92a62f69cad9467f,227,290,1,2,linux,BIC
c9d959fc32a5f9312282817052d8986614f2dc08,0,5,7,1,linux,BFC
348b9b1192144e13b779f8f9be301d492bebaff2,0,0,4,1,linux,BFC
38cb52455c2c3e8b5751350a3fb32e43e82e129a,0,0,2,2,linux,BFC
2e356101e72ab1361821b3af024d64877d9a798d,0,0,3,2,linux,BFC
9d4befff5a959e5f2f94357b3554a6929f596e15,33,10,2,1,linux,BIC
1d08a044cf12aee37dfd54837558e3295287b343,0,0,1,1,linux,BFC
09d208b258a2e012aad399b80a9595c4aa95e6dc,23,0,5,2,linux,BIC
d75b26f880f60ead301e79ba0f4a635c5a60767f,2,0,5,1,linux,BFC
d0c45c8556e57342d44c9548763609ffcc4e3866,5,0,7,5,linux,BFC
ae4d37b5df749926891583d42a6801b5da11e3c1,0,2,2,1,linux,BFC
9cf57731b63e37ed995b46690adc604891a9a28f,32,38,39,4,linux,BIC
a6d3e7d35d088b2aabad1688b740e17bfdf566c5,2,0,0,1,linux,BFC
b43b9f53fbb06faa4f2fcdbf235db3289026e2e4,21,0,9,1,linux,BFC
55d2d046b23b9bcb907f6b3e38e52113d55085eb,6,0,1,1,linux,BFC
807642d731e08f317e9375e2dcbb49eb0de0daa2,15,2,16,1,linux,BFC
dfdb3be43ef1195c491e6c3760b922acb52e3575,0,0,1,1,linux,BFC
f36dbe6a285e0628e67b7bd9d3b08599184d7d2c,0,1,1,1,linux,BFC
52fe568e5d717e4c21a29a2a05a27f3dacc431d5,10,0,0,2,linux,BIC
7d6b60dbc6a015dbdc444e4d39549600f7156690,13,0,0,1,linux,BFC
d3d71c99b541040da198f43da3bbd85d8e9598cb,0,9,0,1,linux,BFC
94c025b6f735b895285a74f2de263c773a08982b,19,2,6,1,linux,BIC
6344436e9d3f4fb4878c12169477d4beb5b825ea,2,0,4,1,linux,BFC
0214967a376d0726baf35cc2845a59ac17ef4db1,1,0,0,1,linux,BFC
19bdc9d061bcb71efd2b53083d96b59bbe1a1751,66,0,0,1,linux,BIC
6ed742363b9c3d1d038f013591d57a606ae2c261,8,0,1,1,linux,BIC
ff21a635dd1a9c6ca378847160897649cdbbfae4,589,104,4,1,linux,BIC
ba090f9cafd53dbabe0f0a8c4ccae44203d3731b,0,36,12,2,linux,BIC
22247efd822e6d263f3c8bd327f3f769aea9b1d9,37,14,4,3,linux,BFC
f89b9e1be7da8bb0aac667a0206a00975cefe6d3,0,0,1,1,linux,BFC
bc8a3d8925a8fa09fa550e0da115d95851ce33c6,0,1,15,4,linux,BIC
d90ec262b35bb6d30ae621dc15889638ba4c02be,74,0,34,2,linux,BIC
50e06ddceeea263f57fe92baa677c638ecd65bb6,0,0,3,1,linux,BFC
b95d2ccd2ccb834394d50347d0e40dc38a954e4a,4,0,2,1,linux,BFC
f32eb9d80470dab05df26b6efd02d653c72e6a11,4,0,6,1,linux,BFC
47c332deb8e89f6c59b0bb2615945c6e7fad1a60,13,0,4,1,linux,BIC
521d6a737a31c08dbab204a95cd4fb5bee725f0f,43,52,28,1,linux,BIC
84823ff80f7403752b59e00bb198724100dc611c,13,0,3,1,linux,BIC
c7b305267eb77fe47498676e9337324c9653494c,2,0,2,1,linux,BFC
0bce512e784d137700275f7839c4547eddbd4b6a,16,0,0,1,linux,BFC
4ec5cc78c1b06f8d30b5c682acccf17fb5191cf2,0,2,7,1,linux,BFC
4033714d6cbe04893aa0708d1fcaa45dd8eb3f53,16,14,17,4,linux,BIC
2d56b109e3a50cf316e60f07541bbeb1d8fe251a,13,0,2,1,linux,BIC
88a25e02f35e56a6686d94fa334b7f00e9b72623,7,0,27,1,linux,BIC
ca2e90ac1809c49c2306df4e23e17dad67c785b6,342,0,0,2,linux,BIC
541cc39433a81d581f2738f59f7bd310ff1d512a,1,0,0,1,linux,BIC
2b31e3aec1dbaae5f0a6f0e485fcb1ff1aceb6cf,197,0,4,2,linux,BIC
57128e98c33d79285adc523e670fe02d11b7e5da,0,1,4,1,linux,BFC
8d499533e0bc02d44283dbdab03142b599b8ba16,0,3,6,1,linux,BFC
ca5f13a21404f5496bcc006d9416c8bef21b227d,0,0,2,2,linux,BFC
a4302bff28e2f35ea2471804978c7a601aa05999,7,0,18,2,linux,BIC
389e0d3d3f7ea0dc37dddfa678cd7680f0347ed9,0,0,1,1,linux,BFC
dc2cf4ca866f571590b65f5e4de06b8c9a302808,48,1,29,2,linux,BIC
7da182a998d6cf81191f0b0798eae451015a770f,5,21,10,1,linux,BIC
a6b396f410b1e77e567dc7ca6f581c3f91e6e7cf,1402,0,0,3,linux,BIC
5fdff18b4dc64e2d1e912ad2b90495cd487f791b,0,0,4,3,linux,BFC
6abde0b241224347cd88e2ae75902e07f55c42cb,126,1,42,4,linux,BIC
a9627bc5e34e79ae80a33241b8a1501cc498e191,0,6,14,3,linux,BIC
d67247566450cf89a693307c9bc9f05a32d96cea,6,0,2,1,linux,BIC
70910791731b5956171e1bfcad707766b8e18fee,4,1,0,1,linux,BFC
bec2ddfd39f07ac2c1dec9fd5299424ad75c0a9d,0,0,1,1,linux,BFC
8f933b1043e1e51f4776fc1ffe86752c7785fd4e,1777,0,0,15,linux,BIC
244893fa2859d656e2caf88683211604eb9afd37,25,49,52,1,linux,BIC
eafa4fd0ad06074da8be4e28ff93b4dca9ffa407,68,0,1,3,linux,BIC
b50db7095fe002fa3e16605546cba66bf1b68a3e,23,3,1,1,linux,BFC
5c47c44f157f408c862b144bbd1d1e161a521aa2,0,0,1,1,linux,BFC
c0357a73fa4a96d8ed9ee46e9927d9fcbc9d0828,0,0,64,12,linux,BIC
f95a29d40782f4f0052a692a822de3ba044b19ff,689,0,0,3,linux,BIC
acc1b919f47926b089be21b8aaa29ec91fef0aa2,5,0,0,1,linux,BFC
c372a35550c8d60f673b20210eea58a06d6d38cb,12,0,10,2,linux,BFC
8607fa169178a4a38f232612e036def96b5ecd1d,0,0,1,1,linux,BFC
f83a7ea2075ca896f2dbf07672bac9cf3682ff74,12,0,2,2,linux,BIC
c59d606296842409a6e5a4828235b0bd46b12bc4,2,0,10,1,linux,BFC
e5113505904ea1c1c0e1f92c1cfa91fbf4da1694,34,0,2,1,linux,BIC
b287cdbd1cedfc9606682c6e02b58d00ff3a33ae,1,0,0,1,linux,BFC
56d52d4892d0e478a005b99ed10d0a7f488ea8c1,12,18,50,10,linux,BIC
f102852f980eac250855504c18f195900616deec,0,1,14,4,linux,BFC
b945efcdd07d86cece1cce68503aae91f107eacb,0,6,2,1,linux,BIC
d6a9642bd673dd0bb2839274fe83eaa979b9207e,0,0,3,1,linux,BFC
bdfa6394c229e05f78970242e63d660441dc0a17,0,0,1,1,linux,BFC
b6f6d56c91f5261c55edef2df300698c4486b669,0,1,4,1,linux,BFC
d546b67cda015fb92bfee93d5dc0ceadb91deaee,0,0,2,1,linux,BFC
f6a07271bb1535d9549380461437cc48d9e19958,12,0,1,1,linux,BFC
040ab9c4fd0070cd5fa71ba3a7b95b8470db9b4d,0,0,1,1,linux,BFC
74abc07dee613086f9c0ded9e263ddc959a6de04,18,0,2,1,linux,BFC
8e5bc76f2ce39ffd48350d6dd9318d78d07b0bfa,0,0,2,1,linux,BFC
8b48ec23cc51a4e7c8dbaef5f34ebe67e1a80934,4,0,7,3,linux,BIC
785e3c0a3a870e72dc530856136ab4c8dd207128,1,12,14,1,linux,BFC
950a578c6128c2886e295b9c7ecb0b6b22fcc92b,5,0,1,1,linux,BIC
34dc2efb39a231280fd6696a59bbe712bf3c5c4a,0,0,2,1,linux,BIC
3acc74619b0175b7a154cf8dc54813f6faf97aa9,1,0,3,1,linux,BFC
aad7272a920869b950d937b87562e494af72523c,29,6,9,1,linux,BIC
d9d7749773e8895aaedc11f1d2885a9eee5c73ac,315,0,7,2,linux,BIC
f53c3fe8dad725b014e9c7682720d8e3e2a8a5b3,329,123,42,3,linux,BIC
39f41f367b08650e9aa314e3a13fb6dda1e9eec7,29,38,3,1,linux,BIC
24cfd8ca1d28331b9dad3b88d1958c976b2cfab6,0,0,2,1,linux,BFC
05fbf357d94152171bc50f8a369390f1f16efd89,4,0,5,1,linux,BFC
26c78daade0fbeef7f20bae3c5508a7c571078cd,93,0,1,1,linux,BIC
139a56170de67101791d6e6c8e940c6328393fe9,0,0,1,1,linux,BFC
f52afc93cd018fe6910133a05d44671192d1aeb0,1,0,0,1,linux,BFC
ade925995b172f1d7410d1c665b2f47c5e99bef0,0,0,1,1,linux,BFC
8830271c4819d86d8e87202a1fe8da0bb58912a2,14,0,2,1,linux,BIC
c067b46d731a764fc46ecc466c2967088c97089e,2,0,1,1,linux,BFC
8661423eea1a1b58417014716e3f1ba286072379,72,0,0,3,linux,BIC
281269f8a0b00f5c95de5158e8595ed51bdb4b0a,0,0,1,1,linux,BFC
1c2734b31d72316e3faaad88c0c9c46fa92a4b20,184,0,1,2,linux,BFC
6bea0225a4bf14a58af71cb9677a756921469e46,2,0,6,1,linux,BFC
d8fae8b936824b3ffe55a0408b84022244603a32,11,0,0,1,linux,BIC
7fbd1753b64eafe21cf842348a40a691d0dee440,0,0,1,1,linux,BFC
ca27e4cd0bdd87e33fda38e6e3d18d36d54356d4,0,0,2,1,linux,BFC
5fb73bc2c8301ad106df0e858e60875cd2ae95cb,3,2,16,1,linux,BFC
df997abeebadaa4824271009e2d2b526a70a11cb,1,0,0,1,linux,BFC
833521ebc65b1c3092e5c0d8a97092f98eec595d,5,0,1,1,linux,BFC
05169df5561363ff04ac04d6aad0be3b45c26ac1,0,0,1,1,linux,BFC
796e5d0b1e9baa2c80c234efd54d561e6d1cf1e7,41,29,0,1,linux,BIC
bdd0d7e290e0e4c8f7545fff89770abbd22bd51a,2,0,0,1,linux,BFC
b7e31be385584afe7f073130e8e570d53c95f7fe,2,3,4,2,linux,BFC
7150ceaacb27f7b3bf494e72cd4be4e11612dfff,31,0,6,4,linux,BFC
56baa208f91061ff27ec2d93fbc483f624d373b4,1,0,1,1,linux,BFC
c70222752228a62135cee3409dccefd494a24646,0,1,0,1,linux,BFC
797e78564634275ed4fe6b3f586c4b96eb1d86bc,259,0,1,1,linux,BIC
d3c8f2784d3266d27956659c78835ee1d1925ad2,0,16,0,1,linux,BFC
d44248a41337731a111374822d7d4451b64e73e4,13,0,2,1,linux,BIC
970d54f99ceac5bbf27929cb5ebfe18338ba1543,9,0,1,1,linux,BIC
c647f806b8c227de05f7f91b0ba8450b58cb3dfe,4,8,10,1,linux,BIC
b7e241bbff24f9e106bf616408fd58bcedc44bae,64,71,36,3,linux,BFC
12883efb670c28dff57dcd7f4f995a1ffe153b2d,115,36,250,14,linux,BIC
6e9fdb60d362a5db769d1a39a390288e1ee45afd,31,0,3,1,linux,BIC
b8f9bdc151e4a61eaa385900e580aad1e68f094b,0,0,1,1,linux,BFC
b66ceaf324b394428bb47054140ddf03d8172e64,8,12,7,1,linux,BIC
37e7742c55ba856eaec7e35673ee370f36eb17f3,0,0,3,1,linux,BIC
6319194ec57b0452dcda4589d24c4e7db299c5bf,7,29,27,5,linux,BIC
4736697963385e6257ee8e260e97347e858cd962,0,0,1,1,linux,BFC
632fe0bb8c5b9c06ec961f575ee42a6fff5eceeb,19,0,8,7,linux,BFC
6c605f8371159432ec61cbb1488dcf7ad24ad19a,2,0,0,1,linux,BFC
ae4a3e028bb8b59e7cfeb0cc9ef03d885182ce8b,16,0,0,1,linux,BFC
63064be150e4b1ba1e4af594ef5aa81adf21a52d,10,21,32,4,linux,BIC
35cd67a0caf767aba472452865dcb4471fcce2b1,0,0,1,1,linux,BFC
779d986d60de51aabc3bec385f92b832089c5c01,14,5,23,7,linux,BIC
0171480007d64f663aae9226303f1b1e4621229e,5,0,0,1,linux,BFC
b64b46fbaa1da626324f304bcb5fe0662f28b6ce,0,1,0,1,linux,BFC
5fd812e6f5ae0376134234ceb70e8de541ccb10d,0,0,2,1,linux,BFC
7db304375e11741e5940f9bc549155035bfb4dc1,6,0,1,1,linux,BFC
ff1ca6397b1df576d1fd5008701d80ee899576f8,1044,0,0,1,linux,BIC
e04449fcf2cd63dec176355a028bd28b4d469be9,0,0,1,1,linux,BFC
538101dd7ce360f29effeb45aecb1953bc0fd01b,0,0,7,1,linux,BFC
07e1671cfca54edf3f0c0915ef8754013b02dfbb,29,33,9,2,linux,BIC
e866dd8aab76b6a0ee8428491e65fa5c83a6ae5a,0,0,1,1,linux,BFC
3d4e738311327bc4ba1d55fbe2f1da3de4a475f9,25,7,17,1,linux,BFC
035ea405c91e2dc89325a79129cf9af2b9c2ae8e,1,0,1,1,linux,BFC
c67aafd60d7e323fe74bf45fab60148f84cf9b95,8,0,6,1,linux,BFC
8ca79606cdfde2e37ee4f0707b9d1874a6f0eb38,0,3,0,1,linux,BFC
31c02e215700c2b704d9441f629ae87bb9aeb561,0,9,9,1,linux,BIC
6fde0e63eccbaf21fa278b240b8129fec14b864b,1,0,1,1,linux,BFC
73827a605bbd7cebef4cfd1261e497246a82a0e7,2,0,1,1,linux,BFC
7be2c82cfd5d28d7adb66821a992604eb6dd112e,0,0,2,1,linux,BFC
8ff6b3bc9493089247e012a9fcba7198e194b4a5,6,0,0,2,linux,BIC
8e7199c2c50fff1969302643171eaa33f1ca148f,2,0,0,1,linux,BFC
a3b80e1078943dc12553166fb08e258463dec013,68,7,50,4,linux,BIC
8c25741aaad8be6fbe51510e917c740e0059cf83,13,11,1,1,linux,BFC
ab57a912befe7f824b186f27d251d97f31fd3856,2,0,0,1,linux,BFC
230db82413c091bc16acee72650f48d419cebe49,0,0,1,1,linux,BFC
dd2784c01d93db20252a6416f3007cbbb89e4758,53,0,1,1,linux,BIC
a566e35f1e8b4b3be1e96a804d1cca38b578167c,0,0,4,1,linux,BFC
3ea75b3f57e5b2837b980a2cbcf014773d00ae51,0,4,4,1,linux,BFC
1bd5dfe41b994a6e793363894befef76626965a9,0,0,1,1,linux,BFC
f6e2aa91a46d2bc79fce9b93a988dbe7655c90c0,6,0,2,1,linux,BFC
1da4bbeffe41ba318812d7590955faee8636668b,38,6,2,5,linux,BIC
18b74067ac78a2dea65783314c13df98a53d071c,43,7,2,1,linux,BFC
c698316661096e036b54448039b35e1c2c5809f0,490,0,0,2,linux,BIC
226b4fc75c78f9c497c5182d939101b260cfb9f3,14,0,0,2,linux,BFC
f656b419d41aabafb6b526abc3988dfbf2e5c1ba,1,0,1,1,linux,BFC
407d8098cb1ab338199f4753162799a488d87d23,3,0,0,1,linux,BFC
ba08abca66d46381df60842f64f70099d5482b92,3,2,4,2,linux,BFC
3cd23f021e2e5f3350125abcb39f12430df87d06,0,0,1,1,linux,BFC
7bd46644ea0f6021dc396a39a8bfd3a58f6f1f9f,4,0,0,1,linux,BFC
2c2a7552dd6465e8fde6bc9cccf8d66ed1c1eb72,2,0,2,1,linux,BIC
5c294de36e7fb3e0cba0c4e1ef9a5f57bc080d0f,0,10,0,1,linux,BFC
e7eadb4de9e645e1b34539dc4128240b1e5f71dc,0,0,2,1,linux,BFC
746c8f143afad7aaa66c484485fc39888d437a3f,22,17,5,1,linux,BFC
a194dfe6e6f6f7205eea850a420f2bc6a1541209,16,1,17,1,linux,BIC
3c09e2647b5e1f1f9fd383971468823c2505e1b0,8,0,110,5,linux,BIC
7b09cc5a9debc86c903c2eff8f8a1fdef773c649,1,0,4,1,linux,BFC
40c8ee67cfc49d00a13ccbf542e307b6b5421ad3,0,3,0,1,linux,BFC
e3593b568a68b0e1a434b80fd6eaebfb655e839d,2,0,4,1,linux,BFC
0dcd3c94e02438f4a571690e26f4ee997524102a,57,20,22,1,linux,BFC
1b4cfe3c0a30dde968fb43c577a8d7e262a145ee,2,0,0,1,linux,BIC
c15995695ea971253ea9507f6732c8cd35384e01,19,11,14,1,linux,BFC
fd6d433865a2ad1f7e018ef80408cb3dc3be1ab3,11,11,1,1,linux,BFC
be076fdf8369f3b4842362c64cd681f3d498f3dd,0,0,2,2,linux,BFC
5417783eabb2c66738394149123fbcdd0cca0f51,11,0,7,3,linux,BIC
8cee83dd29dea4e7d27fda3b170381059f628868,0,1,1,1,linux,BFC
5bc0a11664e17e9f9551983f5b660bd48b57483c,3,0,0,1,linux,BFC
e82080e1f456467cc185fe65ee69fe9f9bd0b576,0,0,4,3,linux,BFC
567f0792a6ad11c0c2620944b8eeb777359fb85a,2,0,5,1,linux,BFC
b432e6b3d9c1b4271c43f02b45136f33a8ed5820,41,1,37,3,linux,BIC
8be4d9a492f88b96d4d3a06c6cbedbc40ca14c83,2,0,2,1,linux,BFC
8c7acaaf020fe54baf2eccc5e1071341754d22be,126,31,37,3,linux,BIC
8dab6a5939199a5dcf0731eb2dce757837575633,0,0,1,1,linux,BFC
56f0f84e69c7a7f229dfa524b13b0ceb6ce9b09e,0,0,1,1,linux,BFC
253696ccd613fbdaa5aba1de44c461a058e0a114,6,0,0,1,linux,BIC
b74ed7a68ec183403763571a54ca3dcc24cf19eb,7,5,12,1,linux,BIC
702ed3be1b1bf4dea05954168321741c0910c645,2,0,0,1,linux,BIC
2a418cf3f5f1caf911af288e978d61c9844b0695,2,0,2,1,linux,BIC
463873d5701427f2964a0b4b72c45f1f14b6df87,993,0,4,6,linux,BIC
f7a28df7db84eb3410e9eca37832efa5aed93338,1,0,0,1,linux,BFC
a283368382c50345dff61525f493ea307f21ec9b,0,0,1,1,linux,BFC
968ad9da7e0e333e25442950e10a1b631981ce84,94,0,0,2,linux,BIC
64245fc55172a0083814c5be193bf4891b9096e2,11,0,5,1,linux,BIC
a222fd8541394b36b13c89d1698d9530afd59a9c,2,0,0,1,linux,BFC
c4b7d7c480d607e4f52d310d9d16b194868d0917,13,0,1,1,linux,BFC
701668d3bfa03dabc5095fc383d5315544ee5b31,2,0,1,1,linux,BFC
1d9b168d8ea9a0f51947d0e2f84856e77d2fe7ff,2,16,8,2,linux,BFC
3d131f070948e4ad93189cb379b3a45d53dce71b,0,0,6,1,linux,BFC
cc68f2177fcbfe2dbe5e9514789b96ba5995ec1e,46,0,5,2,linux,BIC
7f331bf0f060c2727e36d64f9b098b4ee5f3dfad,8,0,2,1,linux,BFC
ea660ad7c1c476fd6e5e3b17780d47159db71dea,0,23,3,1,linux,BFC
f8b43c5cf4b62a19f2210a0f5367b84e1eff1ab9,0,0,1,1,linux,BFC
009767dbf42ac0dbe3cf48c1ee224f6b778aa85a,5,4,1,1,linux,BFC
e1f32190cf7ddd55778b460e7d44af3f76529698,159,0,1,4,linux,BIC
aa984f1ba4a477c8ea39d2fa975a4f8de8a126e9,112,22,7,7,linux,BIC
cbfc35a48609ceac978791e3ab9dde0c01f8cb20,22,7,8,1,linux,BFC
4ee18c179e5e815fa5575e0d2db0c05795a804ee,1,0,0,1,linux,BFC
ca382f5b38f367b656c8fd9a0fb93d8f54843520,62,0,1,3,linux,BIC
facc432faa59414bd7c60c307ff1645154a66c98,0,1,5,1,linux,BFC
a4270d6795b0580287453ea55974d948393e66ef,1,1,0,1,linux,BFC
9c8bb163ae784be4f79ae504e78c862806087c54,2,0,0,2,linux,BIC
fd75a33e0002d2f850c67c775df47c4d479c20c1,0,0,4,1,linux,BFC
2165e2b9cba277a5088c2e771af477e95dcc37bf,51,1,28,3,linux,BIC
dc617f29dbe5ef0c8ced65ce62c464af1daaab3d,36,1,2,6,linux,BIC
ab00f3e051e851a8458f0d0eb1bb426deadb6619,0,1,0,1,linux,BFC
379bc100232acd45b19421bd0748f9f549da8a8a,24,13,11,57,linux,BIC
78e7b15e17ac175e7eed9e21c6f92d03d3b0a6fa,5,0,1,1,linux,BFC
f2fb6b6275eba9d312957ca44c487bd780da6169,1,0,1,1,linux,BIC
6b5fc433a7ad6711052d1aa4be0debc6316b219f,187,34,10,1,linux,BIC
691bd4d7761992914a0e83c27a4ce57d01474cda,0,0,2,1,linux,BFC
62e3d4210ac9c35783d0e8fc306df4239c540a79,1,0,0,1,linux,BIC
72e008ce307fa2f35f6783997378b32e83122839,1,0,0,1,linux,BFC
06b73c2d0b65f17e698f6a662affd7a08853c86f,37,15,27,2,linux,BIC
575f0485508bb210914d8b45bdd8481d0ecd4a72,8,0,6,1,linux,BIC
00963a2e75a872e5fce4d0115ac2786ec86b57a6,132,0,17,2,linux,BIC
c0cbe70742f4a70893cd6e5f6b10b6e89b6db95b,33,57,14,5,linux,BIC
9be34be87cc8d1afe3c3bc2e645b4dee512d9eda,10,5,1,2,linux,BIC
13b13dfaaa39ab52b0f433c6744f4638793cbf7b,0,1,0,1,linux,BFC
01e869e787568a16bd8c77afc7171ef81e559dfa,46,0,13,5,linux,BIC
52ad353a5344f1f700c5b777175bdfa41d3cd65a,4,2,2,1,linux,BIC
979e1f08042b83152dfe3d76df10db31eb7edf98,4,0,0,1,linux,BFC
a538ad229bbee4f8c68204c75b2e1ae43db875d6,1,0,0,1,linux,BIC
a6f26606ddd03c5eab8b2132f1bfaa768c06158f,0,0,8,1,linux,BFC
62c52eac1ad680fc68ef6d75955127dca46e2740,7,0,2,1,linux,BFC
ff0891915cd7b24ab27eee9b360c0452853bf9f6,4,0,3,1,linux,BIC
89d4f98ae90d95716009bb89823118a8cfbb94dd,0,792,0,7,linux,BIC
baf7b79e1ad79a41fafd8ab8597b9a96962d822d,34,14,0,1,linux,BFC
60d509c823cca21e77d537bd356785f7cfe8f0d1,27,0,78,1,linux,BIC
2253fc0caa800ba7c1e380446eb3fb7958a85b93,12,7,20,3,linux,BFC
c8e51a012214a09017d4065c478f8a908f8f060b,2,0,1,1,linux,BFC
87ce955b24c9940cb2ca7e5173fcf175578d9fe9,75,0,0,1,linux,BIC
e5242861ec6a0bce25b4cd10af0fc8a508fd067d,8,0,4,1,linux,BFC
9c6c7eff7d4a53efd4d0818f8664259a1862665a,0,0,1,1,linux,BFC
177ef2a6315ea7bf173653182324e1dcd08ffeaa,8,11,2,3,linux,BIC
a50c5bebc99c525e7fbc059988c6a5ab8680cb76,6,0,0,2,linux,BFC
1dd5166102e7ca91e8c5d833110333835e147ddb,2,0,0,1,linux,BFC
8de9e86c67baa71c661b9ba59a4e23210d98bc79,79,0,27,4,linux,BIC
872684b1f7de40b95dac51245f3aad208528a6c3,0,1,1,1,linux,BFC
8c4b4c7e9ff0447995750d9329949fa082520269,92,0,2,3,linux,BIC
f55fee56a631032969480e4b0ee5d79734fe3c69,724,0,0,2,linux,BIC
6f59f229f8ed7af21917335f8271cde441b1c95f,148,4,31,1,linux,BIC
025d27239a2f93b3eb415d4893266195a67d3fe5,50,0,18,2,linux,BIC
a664a4f7aa4f01ca8728e3ec43618327416fc8ff,2,1,6,1,linux,BFC
b3fb6de7c6019c5d8495c3a115d42a0f118f631c,0,0,1,1,linux,BFC
ede359d8843a2779d232ed30bc36089d4b5962e4,36,0,6,1,linux,BIC
d5d9f7ac58ea1041375a028f143ca5784693ea86,9,1,0,8,linux,BIC
db6b84a368b495cb7e41be9cb9e73d4d0537d027,14,0,2,1,linux,BIC
f438ceb81d424cb90a5a1aad569056bd7c2ab4c5,15,0,9,7,linux,BIC
7d2e8748af62b0de7c7bbcb0d62f937e88fd7027,1,0,0,1,linux,BFC
67ec8d7b484639040b7a75b289a2a1d1763e3430,0,14,1,3,linux,BIC
2601dda8faa7685bab921d63c86f04e9e356f9ac,109,13,22,4,linux,BIC
7279b238badec09efd0545293e64c21feee97f73,95,0,0,1,linux,BIC
63eb322d89c8505af9b4a3d703e85e42281ebaa0,7,0,12,1,linux,BIC
25f28bb1b4a7717a9df3aa574d210374ebb6bb23,21,0,0,2,linux,BFC
f164cbf98fa8692ecbe1f870c50522985d34d1c2,7,0,1,1,linux,BIC
40e473071dbad04316ddc3613c3a3d1c75458299,2,0,1,1,linux,BFC
33483a6b88e4c4c3fc50178b185da52c55288b95,4,0,4,1,linux,BIC
ba52eac083e1598e748811ff58d259f77e4c5c4d,0,0,3,1,linux,BFC
d0381c81c2f782fa2131178d11e0cfb23d50d631,7,0,0,2,linux,BIC
90870d79d4f28711610dd2e72d8fa616c922d110,31,108,96,1,linux,BIC
519648bed470441eac680314724ee4128f422a92,0,203,0,3,linux,BFC
88fb831f773e6c51ec528eacb524f00f518f7e54,0,0,1,1,linux,BFC
95af587e95aacb9cfda4a9641069a5244a540dc8,33,0,1,2,linux,BIC
5abb9351dfd937d43193f4d09af9c72bfe2c4180,163,0,0,4,linux,BIC
cc73eb321d246776e5a9f7723d15708809aa3699,0,0,1,1,linux,BFC
732f3238dcf27acb92959a99b7923dc49395980e,3,0,2,1,linux,BFC
b7f8fe251e4609e2a437bd2c2dea01e61db6849c,5,0,3,1,linux,BFC
3de16839669f60b6049734e3a9f553a2a958c4b5,387,0,4,3,linux,BIC
78663ecc344b4694dd737deb682e81312a0684b6,12,0,1,1,linux,BIC
455e7b387b441ddd1da1df35251c179fe7805b53,1,0,1,2,linux,BFC
21fbd085e62ff9a11318f5a9aba55e56e8503173,9,13,11,2,linux,BFC
45130fb030aec26ac28b4bb23344901df3ec3b7f,6,0,2,1,linux,BFC
78420b5dca18f2034f18925f5608cda2c960c3f3,0,0,1,1,linux,BFC
569aad4fcd82cba64eb10ede235d330a00f0aa09,2,0,2,1,linux,BFC
be10b09b278fcd64e79e232c88d9152c6f5c2923,0,0,1,1,linux,BFC
7817adb03cfb52ebb5bdb25fd9fc8f683a1a09d9,4,0,1,1,linux,BFC
0224a4a30b57385a60065aa598181868881d8fc6,0,0,4,3,linux,BFC
8c069ff4bd6063a3f15e606c882e03f75c7e7711,1073,0,12,4,linux,BIC
b6eaa45aa18bf010fd54cdac0e3007dfdd7f3f8a,96,0,12,6,linux,BIC
e8e10a37c51c08b99d272b2e1b3ef70fcd38f9e8,228,178,6,3,linux,BIC
498b577660f08cef5d9e78e0ed6dcd4c0939e98c,0,0,2,1,linux,BFC
1f25ca11d84a3aa01b2b12a419a1385c2f5513bc,281,0,0,1,linux,BIC
17d25ae7f10e247bcea1f66268f746576cf9c86d,0,0,1,1,linux,BFC
50a896cf2d6f34e884a00139d6e6012c9833ace3,93,1,9,2,linux,BIC
7d1ff0d9faf66f630c104a6ca6b8a3c6091ba3a3,8,2,1,2,linux,BFC
5795eb443060148796beeba106e4366d7f1458a6,366,4,26,3,linux,BIC
9970a8e40d4c39e23d62d32540366d1d7d2cce9b,1,0,0,1,linux,BFC
faded9b5572a27c1eaec19f3a2759b4547507731,0,0,2,1,linux,BFC
f1b206cf7c57561ea156798f323b0541a783bd2f,21,0,0,1,linux,BIC
a9fea2a3c3cf7a09b7f4302489f535477ead67d2,50,0,0,1,linux,BIC
ada13ee3db7b8959d7df81265a2633f987a0a13c,11,4,5,4,linux,BIC
d47d08c8ca052df3d9fde7cfff518660335b16e7,18,130,10,4,linux,BIC
6c7079450071f889b4c2b55f8d030b1a5e859401,668,0,1,1,linux,BIC
076ca272a14cea558b1092ec85cea08510283f2a,0,12,3,2,linux,BIC
c44245b3d5435f533ca8346ece65918f84c057f9,0,0,1,1,linux,BFC
9382c06e2d192adec090fb09ff0b699e951f88e1,0,0,3,1,linux,BFC
d1b2cf6cb84a9bd0de6f151512648dd1af82f80f,13,0,17,3,linux,BIC
efb796f5571f030743e1d9c662cdebdad724f8c5,0,0,1,1,linux,BFC
b5e3241316973b9f01228d2fa5b8b2bb157d44aa,38,0,2,7,linux,BFC
f8dd60de194817c86bf812700980762bb5a8d9a4,7,2,6,1,linux,BFC
57b8e277c33620e115633cdf700a260b55095460,14,0,2,1,linux,BFC
b80f71f5816fce2da8a0df22719f106c0a3d8dc7,10,22,0,2,linux,BIC
f34448cd0dc697723fb5f4118f8431d9233b370d,0,0,2,1,linux,BFC
f5f2b3e4dcc0e944dc33b522df84576679fbd8eb,189,0,3,6,linux,BIC
eeb9d745169847ecde4aa311eb618beb984629b0,64,10,30,1,linux,BFC
92900e5160a5444d47dd376bc40066b709fbb5a6,0,0,2,1,linux,BFC
ce0b0a46955d1bb389684a2605dbcaa990ba0154,0,0,1,1,linux,BFC
9a61d0838cd0a81529badfba7bfa39e81d5529d3,20,0,0,1,linux,BIC
89c83fb539f95491be80cdd5158e6f0ce329e317,22,59,18,5,linux,BIC
47af45d684b5f3ae000ad448db02ce4f13f73273,1,0,0,1,linux,BFC
a67de48b3075cbb6ec030205d7b78981def6596d,4,0,0,1,linux,BFC
ae9819e339b451da7a86ab6fe38ecfcb6814e78a,0,0,1,1,linux,BFC
eec4844fae7c033a0c1fc1eb3b8517aeb8b6cc49,13,65,257,33,linux,BIC
8aade778f787305fdbfd3c1d54e6b583601b5902,0,0,1,1,linux,BFC
e0b6ce00b1ec0434e96629ab64f3e16dcb4f33b7,2,0,2,1,linux,BFC
8dfd2f22d3bf3ab7714f7495ad5d897b8845e8c1,4,0,2,1,linux,BFC
1607f09c226d1378439c411baaaa020042750338,3,0,4,5,linux,BFC
48d625e4c4cec813cdd1e439864a8ffc0b5081f1,0,0,2,1,linux,BFC
b94afb61cdaeaa86f77846fdec419eb5e9d9f537,29,9,9,1,linux,BIC
2796ceb0c18a5a0ee96f36d4c3b3773df74c560e,99,0,1,1,linux,BIC
ca6e56f654e7b241256ffba78cd2abb22aa3bc97,43,0,1,3,linux,BIC
c9c89dcd872ea33327673fcb97398993a1f22736,5,2,4,1,linux,BFC
6c7ee8905d54e66d01902c59490bbc99d87d4efb,0,0,1,1,linux,BFC
04c4950d5b373ba712d928592e05e73510785bca,0,0,1,1,linux,BFC
a5e9b85a6540df6c4074d3a56674f6fb6c5fc830,0,0,2,1,linux,BFC
9d032f4201d39e5cf43a8709a047e481f5723fdc,3,0,4,1,linux,BFC
1182f36593570e8e9ca53f6fabfc40ccf93c21d7,496,0,31,17,linux,BIC
d491f2b75237ef37d8867830ab7fad8d9659e853,16,0,1,2,linux,BIC
f03690f4f6992225d05dbd1171212e5be5a370dd,1,0,1,1,linux,BFC
f9d81a657bb833ef030a092c50230359dfef4648,16,2,13,1,linux,BIC
86c7e6836479c4045a9a81ed5ea76c51d719f9c1,0,1,4,1,linux,BFC
d862e546142328d18377a4704be97f2ae301847a,91,24,8,3,linux,BIC
79ffe6087e9145d2377385cac48d0d6a6b4225a5,19,13,1,4,linux,BFC
0864fe09ab90ab32b7d21fe3cd72df5b5af8492e,0,0,2,1,linux,BFC
2455e61b85e9c99af38cd889a7101f1d48b33cb4,0,0,1,1,linux,BFC
9819f22c410b4bf6589d3126e8bc3952db507cbf,6,0,2,1,linux,BFC
c8131dc32be24d4413e7ed534f53e8b0cc5d3c36,0,0,1,1,linux,BFC
8c8cf0382257b28378eeff535150c087a653ca19,0,2,3,1,linux,BFC
c88455ce50ae4224d84960ce2baa53e61580df27,0,6,1,1,linux,BFC
d5ef190693a7d76c5c192d108e8dec48307b46ee,6,0,0,1,linux,BFC
e02ae6ed51be3d28923bfd318ae57000f5643da5,3,0,3,1,linux,BFC
cf5da330bbdd0c06b05c525a3d1d58ccd82c87a6,34,24,0,1,linux,BFC
c058ecf6e455fac7346d46197a02398ead90851f,15,0,2,2,linux,BFC
c9203e82773a3cc965292bdf13eee422682fc018,1,0,0,1,linux,BFC
04364138ce9bd812e8eeda84febf7259e27ff57d,6,3,4,1,linux,BFC
c2147585cce028e46a0ea8b24be3a11716ee6e4f,15,0,0,1,linux,BFC
d7d8535f377e9ba87edbf7fbbd634ac942f3f54f,18,0,0,2,linux,BFC
ed38eb49d101e829ae0f8c0a0d3bf5cb6bcbc6b2,6,0,0,1,linux,BFC
2b3e88ea65287ba738a798622405b15344871085,32,2,12,2,linux,BIC
cb296846860531defe93ebf75221e280970907f0,12,0,1,1,linux,BIC
fae8b6f4a6be42372f8b7ffda39c3ca2cd951dc1,1,0,2,2,linux,BFC
0cfaee2af3a04c0be5f056cebe5f804dedc59a43,15,0,3,1,linux,BIC
cffd39668177afe5566104a2f289242c3c5ce3d1,1,0,2,1,linux,BIC
52f88693378a58094c538662ba652aff0253c4fe,1,23,53,6,linux,BFC
f861e3e28a3016a2064d9f600eaa92a530b732b4,0,0,1,1,linux,BFC
535ca63b2ae2a2f275033c7113c0c30fab2a6763,0,4,2,1,linux,BFC
b677dfae5aa197afc5191755a76a8727ffca538a,0,0,1,1,linux,BIC
7a75a8412fdd52a64ee860bd9708d16b1b2aa77a,0,0,4,1,linux,BFC
51151a16a60f0a886a0b1e4a0697001198af50c4,35,26,60,2,linux,BIC
67f22ba7750f940bcd7e1b12720896c505c2d63f,13,0,3,5,linux,BFC
dce0a4be8054f38358d91f8c8ed8e2b0688abec8,8,0,0,1,linux,BIC
1aab6f468c10a1ec3977fb6f7bc12869174d516e,67,6,5,7,linux,BIC
d4ad4d22e7ac6b8711b35d7e86eb29f03f8ac153,26,0,9,6,linux,BIC
d52e419ac8b50c8bef41b398ed13528e75d7ad48,2,0,2,1,linux,BFC
f5c59b575bdfb6522a99e964875e39bd2568657b,2,0,1,1,linux,BFC
3c597282887fd55181578996dca52ce697d985a5,0,0,10,1,linux,BFC
6d9e8c651dd979aa666bee15f086745f3ea9c4b3,0,0,2,1,linux,BFC
b5f2006144c6ae941726037120fa1001ddede784,18,0,8,1,linux,BFC
22db552b50fa11d8c1d171de908a1f9ef62172b7,11,0,9,1,linux,BFC
99455153d0670ba110e6a3b855b8369bcbd11120,549,0,40,2,linux,BIC
339f5a7fb2d6350fdb11f067da5240fd97e4f284,0,0,2,1,linux,BFC
f3f1dfd600ff82b18b7ea73d80eb27f476a6aa97,0,0,6,1,linux,BFC
1f43e2ad7bff54f7c82a084a57e5c90da0d3f4d9,26,0,9,6,linux,BIC
4cf35a2b627a020fe1a6b6fc7a6a12394644e474,2,0,0,1,linux,BFC
95e91b831f87ac8e1f8ed50c14d709089b4e01b8,5,0,4,1,linux,BIC
b573d484e4ff33b60b1ef95ca30f199e749ff7c9,94,0,1,3,linux,BIC
4744bf072b4640c5e2ea65c2361ad6c832f28fa8,0,0,1,1,linux,BFC
655a51e536c09d15ffa3603b1b6fce2b45b85a1f,185,0,3,4,linux,BIC
2fee1a7cc6b1ce6634bb0f025be2c94a58dfa34d,9,0,0,1,linux,BFC
04c8b0f82c7d5a9a1c296eef914ae3bb820bcb85,20,2,7,1,linux,BIC
d288bddd8374e0a043ac9dde64a1ae6a09411d74,1,0,0,1,linux,BFC
393935baa45e5ccb9603cf7f9f020ed1bc0915f7,36,0,2,1,linux,BIC
940ec770c295682993d1cccce3081fd7c74fece8,0,0,1,1,linux,BFC
7ad18ff6449cbd6beb26b53128ddf56d2685aa93,0,0,4,1,linux,BFC
a91918cd3ea11f91c68e08e1e8ce1b560447a80e,0,1,0,1,linux,BFC
e20d103b6c37038ca27409f746f0b3351bcd0c44,1,0,1,1,linux,BFC
9f88eb4df728aebcd2ddd154d99f1d75b428b897,0,0,1,1,linux,BFC
a5fb6bf853148974dbde092ec1bde553bea5e49f,4,2,0,1,linux,BFC
a8482488a7d6d320f63a9ee1912dbb5ae5b80a61,8,0,0,2,linux,BIC
670564559ca35b439c8d8861fc399451ddf95137,1,0,0,1,linux,BFC
86dbf32da150339ca81509fa2eb84c814b55258b,2,1,1,1,linux,BFC
f24d2d4f9586985509320f90308723d3d0c4e47f,36,1,16,1,linux,BFC
30482e4e2885bc71d058241d5aa1691480c8f938,0,0,1,1,linux,BFC
2638a32348bbb1c384dbbd515fd2b12c155f0188,7,2,6,3,linux,BFC
f524a774a4ff702bdfbfc094c9dd463ee623252b,20,2,4,2,linux,BFC
c4703ce11c23423d4b46e3d59aef7979814fd608,30,8,5,3,linux,BIC
f2aeed3a591ff29a82495eeaa92ac4780bad7487,27,0,15,1,linux,BIC
8a0efb8b101665a843205eab3d67ab09cb2d9a8d,0,0,3,1,linux,BFC
a5d45bc0dc50f9dd83703510e9804d813a9cac32,35,0,29,4,linux,BFC
73a798711314b54cbd4fe224e24db92c306a8d8c,0,0,1,1,linux,BFC
0d0cccc0fd83f4657cfc2e50706bfa16f125057e,6,1,0,1,linux,BIC
2e46a2a0b0149f951b63be1b5df6514676fed213,8,0,6,5,linux,BIC
d748c62367eb630cc30b91d561a5362f597a0892,1,6,14,2,linux,BIC
6a921de589926a350634e6e279f43fa5b9dbf5ba,37,0,13,4,linux,BIC
ee6c8b5afa62f4227174c68f1db75fe775c68328,0,14,14,1,linux,BIC
a75519a84855bca029ce7d8a27de9409d9b84956,0,0,3,1,linux,BFC
b8e47d87be65aec931846ced9a34a22d2021c311,0,0,1,1,linux,BFC
76bff31c7fba6cc21bf8f9785572484d54d31878,9,0,1,1,linux,BFC
a1a30170138c9c5157bd514ccd4d76b47060f29b,3,0,3,1,linux,BIC
12fbfc4cabec65950bb0cc10eab0fc5c4c4d039f,1,0,0,1,linux,BIC
74d46992e0d9dee7f1f376de0d56d31614c8a17a,71,70,287,99,linux,BIC
f920e413ff9c33c297c0bde7cc5fe8cd736112e2,15,13,5,2,linux,BIC
709192d531e5b0a91f20aa14abfe2fc27ddd47af,7,0,1,1,linux,BFC
6a8b0c6b18f62a277ffb2139d0c0253fe35d7feb,0,0,2,1,linux,BFC
acf7f4a59114471c3964f118564fe8e7a6f34bb8,107,0,2,1,linux,BIC
837b63e6087838d0f1e612d448405419199d8033,4,0,5,1,linux,BFC
fc1b6ef7bfb3d1d4df868b1c3e0480cacda6cd81,0,0,1,1,linux,BFC
cbf78d85079cee662c45749ef4f744d41be85d48,1,0,5,1,linux,BFC
8d6cb2f7fb90018d9e3efdc9bc95e6da213a352f,1,0,1,1,linux,BFC
05a4a95279311c3a4633b4277a5d21cfd616c6c7,168,111,30,6,linux,BIC
449052cfebf624b670faa040245d3feed770d22f,0,0,1,1,linux,BFC
e19485dc7a0d210b428a249c0595769bd495fb71,2,1,0,1,linux,BFC
f4291df103315a696f0b8c4f45ca8ae773c17441,7,0,2,1,linux,BFC
f80442a4cd1864154beaa060bb483a2c9f7d811f,131,28,29,2,linux,BIC
0165c4e19f6ec76b535de090e4bd145c73810c51,6,0,3,1,linux,BFC
8fe4ce5836e932f5766317cb651c1ff2a4cd0506,21,3,2,6,linux,BFC
6e728f321393b1fce9e1c2c3e55f9f7c15991321,127,0,0,1,linux,BIC
35f5ace5dea4816f9a20746935a356132bf235ba,36,2,1,6,linux,BIC
155ca952c7ca19aa32ecfb7373a32bbc2e1ec6eb,41,0,0,2,linux,BIC
b574ce3ee45937f4a01edc98c59213bfc7effe50,8,7,10,1,linux,BFC
4f2fe646770774d02d52a514849c181c9e0970f6,0,0,1,1,linux,BFC
4fdd595e4f9a1ff6d93ec702eaecae451cfc6591,0,9,0,1,linux,BFC
7499bfeedb47efc1ee4dc793b92c610d46e6d6a6,0,0,4,1,linux,BFC
1bddd96cba03da0a14b3e5144e98c9a6ff17e983,43,0,0,2,linux,BIC
311ee9c151ad7f273eb698504c4a27ebddc6c6db,49,0,31,1,linux,BIC
b2f6662ac08d0e7c25574ce53623c71bdae9dd78,26,0,12,1,linux,BFC
14801c624066a55139c2c57963eb1b859d0a316a,0,0,1,1,linux,BFC
e2b3d202d1dba8f3546ed28224ce485bc50010be,148,10,20,4,linux,BIC
f29ae369a412942e81035984fa3d7a22ddf91fcb,1,0,0,1,linux,BFC
ec7771ab471ba6a945350353617e2e3385d0e013,6,0,0,1,linux,BIC
8221d21b0664d79a4319bad526f4f727d3b15981,4,0,0,1,linux,BIC
49af5d95b9b3c21a84ad115a9db9acbc036d849a,0,7,3,1,linux,BFC
866358ec331f8faa394995fb4b511af1db0247c8,7,0,5,1,linux,BIC
911f56eeb87ee378f5e215469268a7a2f68a5a8a,0,0,3,1,linux,BFC
93d576f54e0f697c7b54f4ddd718e68ccc52c4f2,0,1,1,1,linux,BFC
b62c770fee699a137359e1f1da9bf14a7f348567,4,4,2,3,linux,BFC
2f3ab9f9fc23811188b9d07d86e4d99ffee887f4,7,0,1,1,linux,BFC
6e4ad1b413604b9130bdbe532aafdbd47ff5318e,0,5,4,1,linux,BIC
429a0edeefd88cbfca5c417dfb8561047bb50769,130,0,0,2,linux,BIC
20a1ea6747836e841feb1941892b9baa1dbcd0fb,29,0,2,1,linux,BIC
37b4100180641968056cb4e034cebc38338e8652,0,0,1,1,linux,BFC
3025c8688c1e9768fe272a021a039f5840012175,533,0,0,4,linux,BIC
aad172b017617994343e36d8659c69e14cd694fd,6,0,0,1,linux,BFC
d38dc01a4e68133e11ae74af7585d2c4bbd5803d,0,0,1,1,linux,BFC
548c7ba7dc9e9dacb43bd2af00b586da48015d04,0,1,0,1,linux,BFC
6f736735e30f51805f6be31d20a4bf5b0ae91bae,6,12,42,4,linux,BIC
15bbdec3931e617231c12b0920e497e87ec8c2c6,4,0,0,1,linux,BIC
b856101a1774b5f1c8c99e8dfdef802856520732,0,0,1,1,linux,BFC
5d4358ede8ebe2e4ae03a633082f3ce21ec2df3e,3,1,3,2,linux,BIC
172f7ba9772cae12f099fc563352e905dc9a1921,0,0,1,1,linux,BFC
153cca9caa81ca8912a70528daca4b9a523c6898,92,13,6,4,linux,BIC
b637108a4022951dcc71b672bd101ebe24ad26d5,37,12,8,2,linux,BIC
9f4f2c1a35248f56b2a9c1c004e0aaff3609b15d,0,3,1,1,linux,BIC
da298c6d98d531de778ba8dd6657b1093ef855d0,189,98,163,39,linux,BIC
8c3b8dc5cc9bf6d273ebe18b16e2d6882bcfb36d,10,0,17,1,linux,BIC
53bb565fc5439f2c8c57a786feea5946804aa3e9,0,0,2,1,linux,BFC
76f9a820c8672ada12ffa0903652c9e6f2429462,1144,0,0,2,linux,BIC
50bd7d5a647bdf533575111c5335f49707c2ce2f,8,1,1,1,linux,BFC
b8a3365a30c463e9105969ab1bf8674b763e3408,1,0,0,1,linux,BFC
8b7138814f29933898ecd31dfc83e35a30ee69f5,450,0,2,1,linux,BIC
27c4d548af958233e26ab5b00719ff3e49b3aebe,4,3,1,1,linux,BFC
10098709b4ee6f6f19f25ba81d9c6f83518c584c,0,0,1,1,linux,BFC
26f2da0d2f823dc7180b0505d46318f64d1e0a7a,1,0,0,1,linux,BFC
946ae1d41d4b0c77b9f63b4a0393d8a1283a7f9d,3,0,1,1,linux,BFC
acc1c3c688ed8cc862ddc007eab0dcef839f4ec8,0,74,0,2,linux,BIC
53d2a715c24034ee4017f3c15c82bb4a53a07da5,3225,13,3,5,linux,BIC
6502ad5963a5307089bed395f63173e34cb251ea,12,0,0,2,linux,BIC
cd0ea35ff5511cde299a61c21a95889b4a71464e,11,0,5,2,linux,BIC
c9c6d216ed28be6e2c91e3651af169eca284813a,2,0,12,2,linux,BIC
56a91c4932bd038f3d1f6555ddc349ca4e6933b0,0,0,4,1,linux,BFC
859d880cf544dbe095ce97534ef04cd88ba2f2b4,0,0,4,2,linux,BIC
d546530e569463a7f0a4ead482d277b5ef42a3aa,26,0,0,1,linux,BFC
54c721b857fd45f3ad3bda695ee4f472518db02a,32,0,1,4,linux,BFC
17dbca119312b4e8173d4e25ff64262119fcef38,77,0,0,6,linux,BIC
ff7e93219442f5ac5b2cfd33e4fe4b7d5942f957,23,0,0,3,linux,BFC
33def8498fdde180023444b08e12b72a9efed41d,0,0,196,117,linux,BIC
3637f12faf507b0a4b8ac1e7115fc99583ab1db3,5,0,4,1,linux,BFC
91ec48f540f83022377723a774a0a37a630801af,6,0,1,1,linux,BFC
bc88055ab72c0eaa080926c888628b77d2055513,0,0,1,1,linux,BFC
371087aa476ab0ac0072303ac94a3bba2d7b0a1d,19,6,1,2,linux,BIC
e8820dbddbcad7e91daacf7d42a49d1d04a4e489,1,0,0,1,linux,BFC
3cbf0e392f173ba0ce425968c8374a6aa3e90f2e,1,14,1,2,linux,BFC
c87761db2100677a69be551365105125d872af5b,1,0,2,1,linux,BFC
6ee11e413c495390dacabd96ad462eea9de9dfbd,1,170,0,1,linux,BFC
9b172345caa4e21423c649c4b98b32f53b6c89cb,2,0,0,1,linux,BFC
f592f804831f1cf9d1f9966f58c80f150e6829b5,0,1,1,1,linux,BFC
a679a61520d8a7b0211a1da990404daf5cc80b72,3,0,3,1,linux,BFC
4dc236c31733f5d2a3872c88cf12f607d7d36905,36,3,0,3,linux,BIC
a14bf1dc494aa5126e4f23ebd9fa04991133814e,0,0,3,1,linux,BFC
51e31d49c89055299e34b8f44d13f70e19aaaad1,0,41,1,1,linux,BIC
c9f597a4d6d7a01590571291f659a2f146111e34,1,0,6,1,linux,BFC
4525a45bfad55a00ef218c5fbe5d98a3d8170bf5,3,0,0,1,linux,BFC
6052b3c370fb82dec28bcfff6d7ec0da84ac087a,2,0,1,1,linux,BFC
38660389a7697ae6dd56edfac5d87754374f217a,0,0,1,1,linux,BFC
b11fb73743fc406204e0749ead18560aeda8b136,9,0,8,1,linux,BFC
4c94cc2d3d57a2e843ab10887f67faa82c2337f9,42,0,13,4,linux,BIC
7053f80d96967d8e72e9f2a724bbfc3906ce2b07,6,0,3,3,linux,BIC
fa362045564ea7641e7d48295b54f4eb4df689ea,1,4,6,1,linux,BIC
acac0541d1d65e81e599ec399d34d184d2424401,7,0,0,1,linux,BFC
9cc6d9e5daaa147a9a3e31557efcb331989e77be,2,0,0,1,linux,BFC
ef456144da8ef507c8cf504284b6042e9201a05c,195,0,0,3,linux,BIC
5be7f8c91d25089be847a71b336c13b5bb0db772,0,2,2,1,linux,BFC
db058a186f98b057c19c42f7b10d9a96fd3b5d59,99,3,18,3,linux,BIC
a1547e0bca519b92b09ac5530c6accb7c3f69d1a,6,0,2,1,linux,BIC
1b2e5ea0b7061be3ffdcd85918c2f428edace4ba,0,0,1,1,linux,BFC
b1d45c23284e55a379f85554a27a548b7988d47a,0,0,7,4,linux,BFC
6c59a17b0d59dbffa62d0b3b8e648ccad02ea82f,1,0,14,1,linux,BFC
bfa76bb12f23ecf0c6d07c302f4571a6fe9bc3e3,24,21,3,1,linux,BIC
b0753408aadf32c7ece9e6b765017881e54af833,0,0,1,1,linux,BFC
63dee5df43a31f3844efabc58972f0a206ca4534,3,0,2,1,linux,BFC
478553fd1b6f819390b64a2e13ac756c4d1a2836,5,0,0,1,linux,BFC
8aa8c95ce4ccc10a72f6755ee889d9fb1ceb60a6,100,0,0,2,linux,BIC
b65709a92156b850840edba9f9932e10c235d44e,8,10,1,1,linux,BIC
0eb05bf290cfe8610d9680b49abef37febd1c38a,114,0,0,4,linux,BIC
705699a139948a671cd66b915e8095c95fdf44d9,154,0,7,3,linux,BIC
bb08c04dc867b5f392caec635c097d5d5fcd8c9f,0,0,1,1,linux,BFC
4e54ab8d8c744f977ba13404342aeb260e353330,2,2,3,1,linux,BFC
fc3f6ad7f5dc6c899fbda0255865737bac88c2e0,2,1,3,1,linux,BFC
6862d2fc81859f88c1f3f660886427893f2b4f3f,0,0,2,1,linux,BIC
9b6eaaf3db5e5888df7bca7fed7752a90f7fd871,2,0,2,1,linux,BFC
e8a97e42dc986a081017b1e77e3a3c7f02a0a638,217,0,33,3,linux,BIC
cdd7950e7aa4a4d0d8ba71e3967aae6d25d09b03,357,0,45,1,linux,BIC
18cc7ac8a28e28cd005c2475f52576cfe10cabfb,21,36,19,1,linux,BIC
dce1ca0525bfdc8a69a9343bc714fbc19a2f04b3,7,4,0,2,linux,BFC
9825bd94e3a2baae1f4874767ae3a7d4c049720e,10,3,1,1,linux,BFC
642e450b6b5955f2059d0ae372183f7c6323f951,15,0,1,1,linux,BIC
3deb9438d34a09f6796639b652a01d110aca9f75,1,0,1,1,linux,BFC
5c83511bdb9832c86be20fb86b783356e2f58062,99,126,332,27,linux,BIC
05a68e892e89c97df6650cd8cc55058002657cbc,84,7,10,6,linux,BIC
d0e36a62bd4c60c09acc40e06ba4831a4d0bc75b,1,0,0,1,linux,BFC
49d200deaa680501f19a247b1fffb29301e51d2b,208,9,18,4,linux,BIC
06a4df5863f73af193a4ff7abf7cb04058584f06,0,0,2,1,linux,BFC
548feb33c598dfaf9f8e066b842441ac49b84a8a,1,0,0,1,linux,BFC
80275ca9e525c198c7efe045c4a6cdb68a2ea763,0,4,1,1,linux,BFC
f6f9279f2bf0e37e2f1fb119d8832b8568536a04,322,0,0,1,linux,BIC
90ab5ee94171b3e28de6bb42ee30b527014e0be7,9,3,462,283,linux,BIC
1f90a3477df3ff1a91e064af554cdc887c8f9e5e,58,0,7,2,linux,BIC
d1b222c6be1f8bfc77099e034219732ecaeaaf96,358,4,37,5,linux,BIC
0f58474ec835f6fc80af2cde2c7ed5495cd212ba,7,0,2,1,linux,BIC
e073db5c5d7ad311efa8f4192a2047b006bbc5f3,0,0,2,1,linux,BFC
6b3712c0246ca7b2b8fa05eab2362cf267410f7e,2,0,0,1,linux,BFC
7b2a4ab8b0ef2a6dbec0b15d2cabf5a9e7acdf4c,60,0,0,4,linux,BIC
83ff9dcf375c418ca3b98eb950711525ca1269e2,481,0,0,2,linux,BIC
a99d2c6ccd15570a74a39992efa82fd169026b4c,0,0,1,1,linux,BFC
71dd6c0dff51b5f1fef2e9dfa6f6a948aac975f3,33,0,4,3,linux,BIC
3deef8cea3efcaeeae240bb00541de66abb9bfa0,5,6,1,1,linux,BFC
cd1aa9c2c665cafbd05b83507d3f1096f3912aa4,1,0,1,1,linux,BFC
737ff314563ca27f044f9a3a041e9d42491ef7ce,19,58,49,5,linux,BIC
474dadb8b0d557661cb3d1727f1ff2f82bac6b4c,104,0,0,3,linux,BIC
1f862a68df2449bc7b1cf78dce616891697b4bdf,17,2,14,2,linux,BIC
1385eb4d14d447cc5d744bc2ac34f43be66c9963,2,0,1,1,linux,BFC
61abaf02d2ec3d4575c66fa1b4a863877736b932,4,0,4,1,linux,BFC
26d3ac3cb04d171a861952e89324e347598a347f,3,0,0,1,linux,BIC
dfc7743de1ebb5ff5c2ed323eaff1994da11abd9,119,85,9,7,linux,BIC
5212e11fde4d40fa627668b4f2222d20db488f71,1645,12,7,10,linux,BIC
92924064106e410cdc015f1dbfc0499309f9f5b1,3,0,0,1,linux,BFC
0e56acae4b4dd4a9fbe897854ab83a109e2a9e11,100,4,37,2,linux,BIC
ce53053ce378c21e7ffc45241fd67d6ee79daa2b,1,20,11,1,linux,BIC
b03679f6a41a6981ab6838cf5110c8e4822f744b,0,13,7,3,linux,BIC
ad8d52b897a14711e026889053befbbee7fd51ba,3,1,4,1,linux,BFC
ae0e6a5d16271f3a773bded360fa0eb0bdd25b10,64,0,7,3,linux,BIC
108bb4afd351d65826648a47f11fa3104e250d9b,16,10,3,1,linux,BFC
691a03cfe8ca483f9c48153b869d354e4ae3abef,0,0,1,1,linux,BFC
d6e5a549cc4dba504a62855d9613836f76950790,42,66,17,3,linux,BIC
b02e6d9ba7adf95c4d1999755aa35124d262b4f7,25,11,2,1,linux,BIC
ae8ffbb26512bbfd3f929e34c85880f620ecb6eb,36,14,37,4,linux,BIC
4949148ad433f6f11cf837978b2907092ec99f3a,20,61,11,7,linux,BIC
d03f210e6ed8f5d64b00f0f07b03db74aa5b95a1,1,0,0,1,linux,BFC
5cfc7e0f5e5e1adf998df94f8e36edaf5d30d38e,8,0,9,1,linux,BIC
a1304cba816e017d5acde322ee1c751e368dbe5a,1,0,8,1,linux,BFC
167657a1bb5fcde53ac304ce6c564bd90a2f9185,1,2,0,1,linux,BFC
8db3cbc50748fe0990bfaa7dea113406b416e70b,0,0,1,1,linux,BFC
901d01c8e50c35a182073219a38b9c6391e59144,0,0,2,1,linux,BFC
f18fa5de5ba7f1d6650951502bb96a6e4715a948,0,0,9,2,linux,BFC
6086e47b35e1a25df31842a49971c277cd84af8f,0,0,1,1,linux,BFC
c6dd213abe40132f83e6ee569d70f3d60aa8b257,0,0,3,1,linux,BFC
98829e84dc67630efb7de675f0a70066620468a3,101,0,0,2,linux,BIC
b93028c9af807b9474789e6aba34a6135b6cb708,0,0,1,1,linux,BFC
32795631e67e16141aa5e065c28ba03bf17abb90,0,36,0,1,linux,BFC
65d71fe1375b973083733294795bf2b09d45b3c2,1,0,2,1,linux,BFC
60dce04b81424940a3183c8e7e81e1234a27e906,1,0,1,1,linux,BFC
941d810725ad48cc21948f4cff8cf70fa2a67cf9,0,0,2,1,linux,BFC
5511c0c309db4c526a6e9f8b2b8a1483771574bc,1,0,0,1,linux,BFC
80fe43f2bbd5138f3b04476bb4a954a2a34bc960,25,0,0,2,linux,BIC
96b8dd4423e74da73051dd9e517510d1c777b4d8,1,6,20,1,linux,BIC
3021e69219e2f3df6d01243000db32d1325cdd0d,10,0,8,1,linux,BFC
7a5abc3d9699c88781ae12cf957a8c49f9bbb494,2,0,0,1,linux,BFC
ff7b04796d9866327ea76e1393f1e902ef032f84,1575,0,0,3,linux,BIC
b6821b0d9b56386d2bf14806f90ec401468c799f,2,0,0,1,linux,BFC
a18cee4791b1123d0a6579a7c89f4b87e48abe03,2,0,0,1,linux,BFC
28e18ee636ba28532dbe425540af06245a0bbecb,1,0,1,1,linux,BFC
73df93c57c0b18195a2fe5429747e00018b3e863,1,0,2,1,linux,BFC
2c52129a7d74d017320804c6928de770815c5f4a,1,0,0,1,linux,BFC
c3eeaae9fd736b7f2afbda8d3cbb1cbae06decf3,2,0,0,1,linux,BFC
9f42de8d4ec2304f10bbc51dc0484f3503d61196,9,0,0,1,linux,BFC
7355bfe0e0cc27597d530f78e259a985cb85af40,0,0,0,1,linux,BFC
82123a3d1d5a306fdf50c968a474cc60fe43a80f,1,1,1,1,linux,BFC
fee2d546414d74052c68e864e3fdbd0e8c692974,149,0,1,1,linux,BIC
676eec8efd8ed7f051ea84bfa9c1332e656b5c7d,0,1,3,1,linux,BFC
42a18d1cf484d02e23afadfa5dc09356e6bef9fa,1,0,0,1,linux,BFC
7010adcdd23527f7efef1e7bc0d8c458f6ec0dd2,0,0,2,2,linux,BFC
6398e23cdb1d807132c1d3d007d6b1ec87b511af,36,8,5,1,linux,BIC
fc69910f329d61821897871e0e957eda39beb3d8,20,0,0,14,linux,BFC
5fc8e85ff12ce0530ac658686902a0ee64600f56,3,13,27,3,linux,BFC
6d7a20c0776036115c6e22bc673d645d524c4b8a,25,88,26,5,linux,BIC
cf9b1106c81c45cde02208fca49d3f3e4ab6ee74,46,0,3,6,linux,BIC
430daf2dc7aff16096a137347e6fd03d4af609e9,31,0,4,2,linux,BIC
e2d7fc20b3e26a738dc5161adb4279e0096d9575,9,0,0,1,linux,BIC
5e95329b701c4edf6c4d72487ec0369fa148c0bd,223,0,5,1,linux,BIC
22d7ee32f1fb6d51ef8cf657c6685ca04745755a,7,7,1,1,linux,BFC
e10715d3e9618901c5ef820a92e6a8e6548b43d3,97,10,106,2,linux,BIC
5fb8642a17aa2ab9077372977d67a72d3899a98d,2,1,6,1,linux,BFC
0f4dafc0563c6c49e17fe14b3f5f356e4c4b8806,57,37,62,4,linux,BIC
c1e3f64f87381ed3768b9247ab0cd08b41927da6,0,1,1,1,linux,BFC
c308dfd1b43ef0d4c3e57b741bb3462eb7a7f4a2,2,4,0,1,linux,BIC
0c047ecbb7bab4c1d2136f5f04bb47a66a9a12b8,0,0,1,1,linux,BFC
b69a1da94f3d1589d1942b5d1b384d8cfaac4500,0,0,1,1,linux,BFC
59d646c775d6ae688ee90fda9f2a4270c47b7490,2,0,0,1,linux,BFC
8c7aa63289470ba42c3a34e37bdc574308d024bd,0,1,12,1,linux,BIC
5c408fee254633a5be69505bc86c6b034f871ab4,17,15,5,1,linux,BFC
71e80a4781afbc4b1130b88109ddd8850201c78a,4,0,0,1,linux,BIC
ae67bd3821bb0a54d97e7883d211196637d487a9,30,16,10,7,linux,BIC
162503fd1c3a1d4e14dbe7f399c1d1bec1c8abbc,1,0,3,1,linux,BFC
e4db40e7a1a2cd6af3b6d5f8f3fba15533872398,0,3,5,1,linux,BIC
fb6d59423115b10125f5db6acb8471f6f0af4ad7,34,6,3,3,linux,BIC
925ab1aa9394bbaeac47ee5b65d3fdf0fb8135cf,5,4,0,1,linux,BFC
fa16b69f1299004b60b625f181143500a246e5cb,3,0,0,1,linux,BFC
9271c0ca573e02a360b636ecd8cb408852f4e9f6,11,0,5,4,linux,BIC
42c9cdfe1e11e083dceb0f0c4977b758cf7403b9,0,0,1,1,linux,BFC
a2d3f3e33853ef52e5f66b41c3e8ee5710aa3305,0,0,2,1,linux,BIC
a3f90c75b833caeff123499e13e0e31cbecf7d5b,35,10,186,54,linux,BIC
5c725b6b65067909548ac9ca9bc777098ec9883d,3,0,0,1,linux,BFC
a5523e2ff074a5a44b778f7c6483a882c2c88ecc,58,0,5,1,linux,BIC
dcbc65aac28360df5f5a3b613043ccc0e81da3cf,0,1,0,1,linux,BFC
7d7587db0d7fd1138f2afcffdc46a8e15630b944,0,61,6,5,linux,BFC
566fef1226c1df5a7e71718f9ae012d4c1cd13f7,231,0,0,2,linux,BIC
277bb6a29e0037c3e7d9e70945eb22003006935d,249,0,0,1,linux,BIC
f2544f5e6c691679d56bb38637d2f347075b36fa,0,0,1,1,linux,BFC
594b27e677b35f9734b1969d175ebc6146741109,1,0,0,1,linux,BFC
7a3429bace0e08d94c39245631ea6bc109dafa49,23,0,3,1,linux,BFC
332f989a3b0041b810836c5c3747e59aad7e9d0b,0,0,3,1,linux,BIC
f12401d7219f5a1e361ded834016e5777a10262b,3,0,3,2,linux,BIC
4e08d50d1fb6144df4b0b5c75a17edd344bf3d1b,209,91,62,5,linux,BIC
32d0b95300db03c2b23b2ea2c94769a4a138e79d,350,0,0,2,linux,BIC
bd55b0c2d64e84a75575f548a33a3dfecc135b65,11,0,0,1,linux,BFC
f63ec55ff904b2f2e126884fcad93175f16ab4bb,1,0,0,1,linux,BFC
79cb6879135b7441f0955ca3f86be8c8d21c7199,1,1,0,1,linux,BFC
9e368259ad988356c4c95150fafd1a06af095d98,0,0,5,3,linux,BFC
3c52c6bb831f6335c176a0fc7214e26f43adbd11,7,0,0,1,linux,BFC
7f6998a41257a8930ee5b6866ba56a25230841ed,630,0,0,1,linux,BIC
10021488997317d1121505a7ac659124c058efed,0,6,20,4,linux,BIC
0096420adb036b143d6c42ad7c02a945b3e1119c,0,17,1,1,linux,BIC
975c99a570967dd48e917dd7853867fee3febabd,1,0,2,1,linux,BFC
b418bbff36dd25dc49ed6abbb1e1deedd0d7cff5,24,0,0,1,linux,BIC
7ed5285396c257fd4070b1e29e7b2341aae2a1ce,4,0,0,1,linux,BIC
0b5b5a62b945a141e64011b2f90ee7e46f14be98,3,0,5,1,linux,BIC
8da40d698111ad27b03afc40d67843e3073395e7,5,0,3,2,linux,BFC
ec6017d9035986a36de064f48a63245930bfad6f,0,0,1,1,linux,BIC
5b0a414d06c3ed2097e32ef7944a4abb644b89bd,16,0,6,2,linux,BIC
c0beffc4f4c658fde86d52c837e784326e9cc875,0,0,1,1,linux,BFC
ecab9be174d98ffbc69d614978f2372ca2ef54c9,37,224,58,13,linux,BFC
6f845ebec2706841d15831fab3ffffcfd9e676fa,1,0,0,1,linux,BFC
18e77600f7a1ed69f8ce46c9e11cad0985712dfa,4,0,10,1,linux,BFC
f9d672f1c2ca36b788511bbd773d650c744e109a,2,0,1,1,linux,BFC
e498520edec6655e93ac5e768b04f4fd2299fe4d,0,2,6,1,linux,BFC
14a61b642de9e5612f091b3295da6d0c89449a49,0,0,8,1,linux,BIC
babc3dc9524f0bcb5a0ec61f3c3639b11508fad6,4,0,1,1,linux,BFC
3236d215ad38a3f5372e65cd1e0a52cf93d3c6a2,45,5,8,3,linux,BFC
653926205741add87a6cf452e21950eebc6ac10b,0,2,2,1,linux,BFC
fddceb8b5399083bcc042266f188116cc779fc80,23,0,3,3,linux,BIC
07458f6a5171d97511dfbdf6ce549ed2ca0280c7,4,0,1,1,linux,BFC
556fc8ac06513cced381588d6d58c184d95cc4fe,10,0,32,1,linux,BFC
80ec4a4cb36d3f8bb56b5aa89faceb1145ef7aea,0,11,1,1,linux,BIC
40366bd70bbbbf822ca224dfc227a8c8e868c44f,0,0,2,1,linux,BFC
9217e566bdee4583d0a9ea4879c8f5e004886eac,46,0,0,2,linux,BIC
65d6470d139a6c1655fccb5cbacbeaba8e8ad2f8,5,1,1,1,linux,BIC
1916866dfa4aaceba1a70db83fde569387649d93,0,0,4,1,linux,BFC
59ee9c96dd5d1aa5f982d2849ed406af8d071134,36,0,0,1,linux,BIC
f893180b79f6ada44068e4fe764eb2de70ee6bea,22,5,3,2,linux,BFC
38f300410f3e15b6fec76c8d8baed7111b5ea4e4,4,0,4,1,linux,BFC
d3a72fd8187b7fa0014394c9dec95ba349b3301e,20,0,6,4,linux,BIC
ea7b971cd64b45c6be08c02e14d30ec3c9a5b336,0,3,0,1,linux,BFC
4788e613a65df19dbfc481473859c70b23eb5404,1,2,4,1,linux,BFC
4584a768f22b7669cdebabc911543621ac661341,7,0,0,1,linux,BFC
f7bcb02390ad319ecc4161b9c9989f710fa6edb2,2,0,10,1,linux,BFC
c70c453abcbf3ecbaadd4c3236a5119b8da365cf,12,0,8,1,linux,BFC
acddfc2c261b3653ab1c1b567a427299bac20d31,2109,0,0,13,linux,BIC
ad275b8bb1e659b14120174d87e3c1fdc22e9978,244,0,1,6,linux,BIC
a7072c01c3ac3ae6ecd08fa7b43431cfc8ed331f,0,0,2,1,linux,BFC
d56f5136b01020155b6b0a29f69d924687529bee,1,7,9,4,linux,BFC
5aef1ff2397d021f93d874b57dff032fdfac73de,1,0,3,2,linux,BFC
e6740165b8f7f06d8caee0fceab3fb9d790a6fed,0,1,0,1,linux,BFC
f77af15165847406b15d8f70c382c4cb15846b2a,6,0,1,2,linux,BFC
793b80ef14af56d20c998265287648ad34239b6f,8,0,23,4,linux,BIC
2a6c0b82e65128c73b5102e00e031c5e58bb3504,140,10,21,1,linux,BIC
b90fa8763560aab7c75697fb324ffc73fb813ecc,55,0,1,2,linux,BIC
a1a371c468f7238b7826fde55786b02377faf8e2,84,0,0,1,linux,BIC
cf2b012c90e74e85d8aea7d67e48868069cfee0c,0,0,2,1,linux,BFC
271b2224d42f88870e6b060924ee374871c131fc,49,0,0,2,linux,BIC
118b6292195cfb86a9f43cb65610fc6d980c65f4,1,0,16,1,linux,BFC
aaec1a0f76ec25f46bbb17b81487c4b0e1c318c5,1350,2034,599,14,linux,BIC
931e79d7a7ddee4709c56b39de169a36804589a1,1,0,0,1,linux,BFC
cbdd39ca498f6b2b221614d9c1d105f2948f1dbb,0,0,1,1,linux,BFC
eba8ff660b2d8b7fcd6669fcab2c025b59f66d26,7,13,3,3,linux,BIC
f8bb5cae9616224a39cbb399de382d36ac41df10,26,0,11,3,linux,BFC
aca69344c8a99e7374d913e42ba9120c398ee16f,0,0,1,1,linux,BFC
011d8261117249eab97bc86a8e1ac7731e03e319,677,75,7,7,linux,BIC
888baf069f49529f33c0b1dfb0fc4811dc0ca1d2,47,29,6,2,linux,BIC
96f84061620c6325a2ca9a9a05b410e6461d03c3,116,16,7,2,linux,BIC
85ff37e302efdf173cff6d1a310c2f7f38f1d069,4,0,0,1,linux,BFC
1e58252e334dc3f3756f424a157d1b7484464c40,58,0,6,1,linux,BIC
27ea2c420cad57386c25668cb9a9f0f082635586,2,0,0,1,linux,BIC
fa0dc04df259ba2df3ce1920e9690c7842f8fa4b,1,0,0,1,linux,BFC
e31694e0a7a709293319475d8001e05e31f2178c,0,0,1,1,linux,BFC
d4db69eba290732357f03ba0a14350b81f778290,0,1,1,1,linux,BFC
038d710fca5bb149d3af2e0b71f1284f8430a979,0,0,2,1,linux,BFC
822bca52ee7eb279acfba261a423ed7ac47d6f73,2,0,1,1,linux,BFC
636deb5b2277cf57bb0f5e00fc9687de9a96061e,0,0,2,1,linux,BFC
522a0032af005502507f5f81ae64fdcc82b5d068,18,19,1,12,linux,BIC
5c7d28c6f6d4e739bafb92f913ec8ff982239c0e,2,0,0,1,linux,BFC
6961fed420146297467efe4bc022458818839a1a,2,0,6,1,linux,BFC
b9f6fbb3b2c29736970ae9fcc0e82b0bd459442b,83,0,5,4,linux,BIC
fa5d598b8cbab0af92bac48fd60e74a893550923,0,0,1,1,linux,BFC
b3fbe53610b5ed8f0370ec4c7e6c8a1f261ddf70,7,0,2,1,linux,BFC
c0f4979e90eaa4cd4a63ae95fbf8e65a85150a5f,0,27,0,2,linux,BFC
9d5171eab462a63e2fbebfccf6026e92be018f20,0,0,1,1,linux,BFC
e1d24c0bb76648cdf789b168defb6e31adb0b1b1,0,1,1,1,linux,BFC
14d66538716574f8899b22bff24a68301e65f08d,4,0,0,2,linux,BIC
16ecf10e815d70d11d2300243f4a3b4c7c5acac7,1,1,2,2,linux,BFC
79472fe873dd307101f9b1dbfe0fedebae42219a,18,0,7,1,linux,BFC
e74679b38c9417c1c524081121cdcdb36f82264d,4,0,0,1,linux,BFC
1f86123b97491cc2b5071d7f9933f0e91890c976,6,0,0,1,linux,BFC
97dcaa0fcfd24daa9a36c212c1ad1d5a97759212,1,0,0,1,linux,BFC
b7b4247d553939ccf02ff597ec60f41a2f93ee8e,0,0,1,1,linux,BFC
9c229127aee2d7e80858b5d52a9a7049355b621c,39,0,0,3,linux,BIC
fbca164776e438b639af592c522b8b0506b54dcc,1,2,3,1,linux,BIC
14c07ad89f4d728a468caaea6a769c018c2b8dd6,24,2,16,3,linux,BIC
237388320deffde7c2d65ed8fc9eef670dc979b3,0,0,1,1,linux,BFC
48935bbb7ae8bd4157a84fe12da48cd8d337c40a,240,9,0,4,linux,BIC
88bbe85dcd37aa2662c1a83962c15009fc12503e,119,75,3,5,linux,BFC
b6dfff21a170af5c695ebaa153b7f5e297ddca03,112,0,4,1,linux,BFC
b6366f048e0caff28af5335b7af2031266e1b06b,202,0,0,3,linux,BIC
2f3bef4b247e4843ebf81123004fa9252b948724,236,6,2,4,linux,BIC
8aa7b526dc0b5dbf40c1b834d76a667ad672a410,4,0,9,1,linux,BFC
3d210534cc93dab39a9d1a8d674aa2872c268d38,4,0,7,1,linux,BIC
547ce4cfb34cdecfa0ee19c29a5510329a7ac802,1,0,7,1,linux,BIC
454530a9950b5a26d4998908249564cedfc4babc,0,0,1,1,linux,BFC
16d83a540ca4e7f1ebb2b3756869b77451d31414,0,0,1,1,linux,BFC
5e0060b1491b299b1706414e61ede0b02265680e,4,0,0,1,linux,BFC
2234ae846ccb9ebdf4c391824cb79e73674dceda,11,1,1,1,linux,BFC
02d4160fbd765110e836c84c30c7babb5af84a44,29,0,2,4,linux,BIC
d45d29567f87492e467ec854e0e81ad847c9b840,0,0,1,1,linux,BFC
228e548e602061b08ee8e8966f567c12aa079682,149,11,38,12,linux,BIC
2ea109039cd39a253a70c49394d05081580e9e3b,131,0,0,1,linux,BIC
873d7bcfd066663e3e50113dc4a0de19289b6354,0,0,3,1,linux,BIC
23fb93a4d3f118a900790066d03368a296dce0d6,27,24,54,3,linux,BIC
a5e5e03e94764148a01757b2fa4737d3445c13a6,16,0,8,1,linux,BFC
10f5b1b85ed10a80d45bc2db450e65bd792efaad,27,0,1,1,linux,BIC
c2da2ff00606ae008f0e233bd29c3307d0c3ce85,0,2,8,1,linux,BIC
8810bc5609117aad1dd01c1c8c4cd3847ec2fd3e,0,0,1,1,linux,BFC
41977e86c984fcdddb454a3d7887de5d47b5f530,1551,0,26,4,linux,BIC
76f0f772e4691dd59ef93a6c2c583a0435357ca0,19,3,3,1,linux,BIC
c95c07836fa4c1767ed11d8eca0769c652760e32,1,1,3,1,linux,BFC
857a3139bd8be4f702c030c8ca06f3fd69c1741a,0,1,5,1,linux,BFC
68abaa765e410dc1583de1fa285ec7b0c58c6252,0,16,0,2,linux,BFC
a1c9b1e3bdd6d8dc43c18699772fb6cf4497d45a,1,0,0,1,linux,BFC
bf7165cfa23695c51998231c4efa080fe1d3548d,1,0,0,1,linux,BFC
f508a5ba7a4570418df6cfd68fe663ffdef2be63,4,0,1,1,linux,BFC
1a0008f9df59451d0a17806c1ee1a19857032fa8,1,0,1,1,linux,BFC
b831275a3553c32091222ac619cfddd73a5553fb,7,0,1,1,linux,BFC
db0fa0cb015794dd19f664933d49c6ce902ec1e1,0,1,7,5,linux,BIC
457f44363a8894135c85b7a9afd2bd8196db24ab,827,15,36,10,linux,BIC
0178839ccca36dee238a57e7f4c3c252f5dbbba6,5,0,8,1,linux,BFC
f6b1464f647424bbeb609ec832428e4079940701,7,0,1,1,linux,BFC
1d42460a49347af4d1db345197e5d1277336b312,4,0,4,4,linux,BFC
6651ee070b3124fe9b9db383e3a895a0e4aded65,108,0,4,2,linux,BIC
3666a8f820075e99539ab50687e80fadf997822f,0,5,0,1,linux,BFC
e5e74b61b16503acbd914f673b783fa2a1532a64,136,22,20,3,linux,BIC
fbdc2f6c40f6528fa0db79c73e844451234f3e26,14,2,4,1,linux,BIC
49788fe2a128217f78a21ee4edbe6e92e988f222,446,0,0,1,linux,BIC
5a023cdba50c5f5f2bc351783b3131699deb3937,166,5,3,4,linux,BIC
3b57de958e2aa39abe020eb31bf19000d5899389,118,7,14,7,linux,BIC
34d1b0895dbd10713c73615d8f532e78509e12d9,0,2,1,1,linux,BFC
4bec61d9fb9629c21e60cd24a97235ea1f6020ec,3,3,0,1,linux,BFC
400b1ebcfe31279895f1baa8ecaa390d9a4a0eef,455,1,56,4,linux,BIC
35897b920c8ab5e23331ad429e0aa235528c63ba,0,1,19,1,linux,BIC
e9db418d4b828dd049caaf5ed65dc86f93bb1a0c,0,0,2,1,linux,BFC
1dbd449c9943e3145148cc893c2461b72ba6fef0,0,4,1,1,linux,BFC
1c4d9d5bbb5a94ff51853be1089dd48546d4f81c,98,0,1,9,linux,BIC
9a03c3d398c17eadfc5bc470c1084beb71c088f1,0,0,2,1,linux,BFC
0cbe6a8f089e5912a577537c97833546d558c357,0,12,7,3,linux,BFC
21b72156ede8b7da0367c6338574c1bc40439157,206,118,10,3,linux,BIC
88263208dd23327b56fbd7c2858c389c1153b366,12,0,0,3,linux,BIC
c35a5cfb41509c2214228aa321509ffd91cbf063,0,9,2,1,linux,BIC
4556dc591691fca743518edb24f15fbc83b5c8ef,0,0,2,1,linux,BFC
a73f863af4ce9730795eab7097fb2102e6854365,7,0,4,2,linux,BFC
e6e88712e43b7942df451508aafc2f083266f56b,3,0,9,1,linux,BIC
a564b8f0398636ba30b07c0eaebdef7ff7837249,102,0,34,7,linux,BIC
dccfe3147b42b78458ab8e4440822c805ee76d72,5,72,72,1,linux,BIC
b31ff3cdf540110da4572e3e29bd172087af65cc,7,0,1,1,linux,BFC
1f60d11423db7152508f965fcf2db13a1094f7f3,42,35,10,4,linux,BIC
32d00f62db4e982edbee137109407636f71f79b6,0,0,24,6,linux,BFC
fd5382c5805c4bcb50fd25b7246247d3f7114733,8,4,0,1,linux,BFC
e3678b64701e4aa48b1d91a494206dea9ec8bafa,0,0,2,1,linux,BFC
52c5cd1bf0cecf4b146ca07dc513cbe2f4583bb5,0,0,1,1,linux,BFC
e1d5b6598cdc33257fe68302ae9db81d2f7bb883,824,0,0,1,linux,BIC
f5316b4aea024da9266d740322a5481657f6ce59,39,0,11,7,linux,BIC
bfaa1ce809bbcd12b1399409ab1dbf0cdaba6e27,2,0,0,1,linux,BFC
e70af8d040d2b7904dca93d942ba23fb722e21b1,10,0,6,1,linux,BFC
c6b9e95dde7b54e6a53c47241201ab5a4035c320,18,0,3,1,linux,BFC
9a9b6cce630d14851ab09534b6462258486048cd,1,1,1,1,linux,BFC
e0e4b8fa533858532f1b9ea9c6a4660d09beb37a,378,4,16,6,linux,BIC
f5912cc19acd7c24b2dbf65a6340bf194244f085,0,0,1,1,linux,BFC
a0b44eea372b449ef9744fb1d90491cc063289b8,1,2,0,1,linux,BFC
69c32972d59388c041268e8206e8eb1acff29b9a,862,0,0,2,linux,BIC
f307a7e9b7af401d459d26f98497c9cec766a41f,506,0,0,2,linux,BIC
cb9fd89f91337aaca9c96d265930f22b31462e5e,0,1,10,1,linux,BFC
14d893fc6846892ae68f8b259594d9cdae99e515,11,17,39,3,linux,BIC
197143feede3038350056cd1d6e7c0524fc532dd,0,2,0,1,linux,BFC
666902e42fd8344b923c02dc5b0f37948ff4f225,0,3,0,1,linux,BIC
ae9b56e3996dadbb59c727018f45486c06844261,535,0,0,1,linux,BIC
dfec0ee22c0a4488e4f4c764b2720d3096920383,2,0,0,1,linux,BIC
3b32c9932853e11d71f9db012d69e92e4669ba23,6,1,32,1,linux,BFC
2e5d4a8f61dcae12996bbe2bcc446d3b47625cac,471,14,36,5,linux,BIC
2b0a4fc25ad8e3da4a156995a513dca6abf247de,0,2,0,1,linux,BFC
c55ca688ed99a9cb79367aee2ed2ff6cb80fc039,7,0,16,4,linux,BFC
450d007d199e632a1a4c4b91302deacd7d56815f,1,0,0,1,linux,BFC
1cfab8f8b397f7d95ad43f72ed9a1fa7d26e210e,0,0,2,1,linux,BFC
da1f857be62ca0472024da37eab068b3b8ce0a15,1,0,1,1,linux,BFC
ccfc866356674cb3a61829d239c685af6e85f197,2,0,3,1,linux,BFC
060e8fb53fe3455568982d10ab8c3dd605565049,0,0,1,1,linux,BFC
0e4e82f154e387969ea7ecd2c8876689fb68f710,38,1,3,7,linux,BIC
f12cac539fe07fe410f2776993e85d343c665141,2,0,0,1,linux,BFC
5d9986a3947a08185c407442c9a5fc9546b9e440,15,14,31,2,linux,BFC
86c4f0d547f6460d0426ebb3ba0614f1134b8cda,1,0,1,1,linux,BFC
25f1ca31e230598eaf3c38d387a355a64bd772a7,545,693,13,9,linux,BIC
ab746573c4055ae1fa226715502fb9bb9be29a79,0,18,1,1,linux,BIC
99975cc6ada0d5f2675e83abecae05aba5f437d2,0,0,1,1,linux,BFC
468dfffcd762cbb2777ec5a76bc21e3748ebf47e,39,0,0,1,linux,BIC
60ab0fafc4b652fcaf7cbc3bb8555a0cf1149c28,4,0,1,1,linux,BFC
c664a4fa8f69308b8f624cff4fa1294e9aef880d,0,0,1,1,linux,BFC
c0898fca3fce00f824e7f5d48e1edd0900378a03,2,42,51,3,linux,BFC
bc6cf3669d22371f573ab0305b3abf13887c0786,1,0,0,1,linux,BFC
665f5d3577ef43e929d59cf39683037887c351bf,0,7,6,1,linux,BFC
aa9d22dd456eb255db2a4a5b214ec2e243dda4c8,3,7,4,1,linux,BFC
540dfd188ea2940582841c1c220bd035a7db0e51,0,1,0,1,linux,BFC
2e97b0cd1651a270f3a3fcf42115c51f3284c049,3,0,0,1,linux,BFC
9bf2b5cdc5fe5e3136ceeecc85141765023ded6e,18,3,3,2,linux,BIC
57aa9f294b09463492f604feaa5cc719beaace32,0,0,1,1,linux,BFC
8407879c4e0d7731f6e7e905893cecf61a7762c7,23,0,2,1,linux,BIC
4c08d4bbc089a95f3f38389c2b79dbc6ab24f10b,230,0,0,2,linux,BIC
fe25d078874f2c29c38f4160467d74f5756537c9,0,8,0,1,linux,BFC
13468bfa8c58731dc9ecda1cd9b22a191114f944,11,0,0,1,linux,BIC
b926e6f61a26036ee9eabe6761483954d481ad25,15,4,3,1,linux,BFC
6647156c00cc70c1e93161c3cf178071b3381bbb,386,0,0,1,linux,BIC
c9398455b046fc7a44b6dd53d9d6fe4b11c21700,0,1,1,1,linux,BFC
767d724a160eb1cd00c86fb8c2e21fa1ab3c37ac,0,0,1,1,linux,BFC
e4952b0c2c0309bdbfc4c6cc0dd81e37450d74d0,0,1,1,1,linux,BFC
b985735be7afea3a5e0570ce2ea0b662c0e12e19,11,0,1,1,linux,BFC
af0b1470bda9751c4d757a0efd50edda8da49c99,0,0,2,1,linux,BFC
664e3e5ac64c8a1999e2d94bc307e5bcd17d3646,37,12,2,5,linux,BIC
16c72e402867e956fd558d55cbe2f1a40c742e73,0,4,44,1,linux,BIC
4aa7afb0ee20a97fbf0c5bab3df028d5fb85fdab,3,0,1,1,linux,BFC
ae3a3918edf57bde7651964be04d0807cccae8f2,41,0,0,1,linux,BIC
ab2a92e7a608c09f13baf1730b9ba24c73c35d52,2,0,5,1,linux,BFC
37bd22420f856fcd976989f1d4f1f7ad28e1fcac,7,0,0,1,linux,BFC
f31b0e24d31e18b4503eeaf0032baeacc0beaff6,0,0,2,1,linux,BFC
13db8c50477d83ad3e3b9b0ae247e5cd833a7ae4,10,0,0,2,linux,BFC
3d1a88e1051f5d788d789011823d9accc4e03dad,23,28,13,6,linux,BIC
9e8aa6b5461be50197e0bebc040e9fb6029a3d6b,0,28,6,1,linux,BIC
3028718fd06bb931868a1a8068eab7396a7a622a,2,0,3,1,linux,BFC
2d29c9f89fcd9bf408fcdaaf515c90a169f22ecd,43,19,112,3,linux,BIC
2e46565cf622dd0534a9d8bffe152a577b48d7aa,0,0,1,1,linux,BFC
2d016672528a592ada5188e53ac746e1b8b7a978,0,0,4,1,linux,BFC
c525c5d2437f93520388920baac6d9340c65d239,7,0,1,1,linux,BFC
aad14ad3cf3a63bd258b65e18d49c3eb8472d344,46,27,3,1,linux,BIC
70ea13f6e609e8762d9f57287ebf873a18c91a44,34,46,15,3,linux,BIC
22bbd8ef647ea1fd98ca7505da2bc224805ce467,13,13,0,1,linux,BFC
dd7de4c0023e7564cabe39d64b2822a522890792,0,0,3,1,linux,BFC
bf8a1abc3ddbd6e9a8312ea7d96e5dd89c140f18,0,0,1,1,linux,BFC
661f7fda21b15ec52f57fcd397c03370acc28688,17,0,10,2,linux,BIC
28b841b3a7cb07a4bfd436a15b31bc88509dcf9a,221,0,5,5,linux,BIC
770cec16cdc9d15555e67896dd2214a4fec9a3fa,0,5,5,1,linux,BIC
38d321b61bda32624bde46f662faac039905e3db,6,0,1,3,linux,BIC
cea84d16c3da717e99ea43108ca50bcc72ff50a1,0,2,1,1,linux,BFC
8651ec01daedad26290f76beeb4736f9d2da4b87,104,0,19,4,linux,BIC
8a44924e1400d75db5c6fdaf199038580df4f79f,0,0,1,1,linux,BFC
2f4f0f338cf453bfcdbcf089e177c16f35f023c8,1,1,4,1,linux,BFC
471b83bd8bbe4e89743683ef8ecb78f7029d8288,6,0,0,1,linux,BFC
57ba4c9b56d898a955f95cb4091aeab28e902cac,3861,0,0,7,linux,BIC
7f1ae07b51e8b617922b2b73850361eafa17a684,64,0,0,4,linux,BIC
54baca096386d862d19c10f58f34bf787c6b3cbe,0,8,1,1,linux,BFC
86d9f48534e800e4d62cdc1b5aaf539f4c1d47d6,0,0,1,1,linux,BFC
23a5fba4d9411787c8e86ff5808e7d8e41bf3935,532,0,0,2,linux,BIC
7e0befd521b6d40af1d08fcdb29d4dbf30236624,0,0,2,1,linux,BFC
1f366e421c8f69583ed37b56d86e3747331869c3,175,0,0,2,linux,BIC
feeaefd378cae2f6840f879d6123ef265f8aee79,0,33,2,1,linux,BIC
501c574f4e3a59d30b3b915d843811485e3e702d,2,0,0,1,linux,BIC
87b132bc0315fdfe7677449da1fb1ce12c5dda35,32,49,21,4,linux,BIC
6e1ff0773f49c7d38e8b4a9df598def6afb9f415,0,0,1,1,linux,BFC
039fcccaed338b2ff6587178c1219c1ef383a1d9,7,0,1,1,linux,BFC
45f62159f3aafe27e2df45a3ec83b32ca7304410,2,0,2,1,linux,BFC
96ed1fe511a8b4948e53f3bad431d8737e8f231f,5,0,0,2,linux,BIC
5a20dd46b8b8459382685969cf0f196ae9fb9766,2,0,0,1,linux,BIC
4231aba000f5a4583dd9f67057aadb68c3eca99d,8,0,11,3,linux,BFC
b8c931ba3c739b49bd536d35851712d838857757,0,1,0,1,linux,BFC
fd46a0064af171c90664e5b7165c0c9f94478a87,7,21,20,1,linux,BIC
b4fb8f66f1ae2e167d06c12d018025a8d4d3ba7e,1,0,1,1,linux,BFC
1771afd47430f5e95c9c3a2e3a8a63e67402d3fe,0,0,7,3,linux,BFC
5d8c71f9e5fbdd95650be00294d238e27a363b5c,0,0,2,1,linux,BIC
b9c5d6a643589ad39064f652938baa698f0e884a,1275,2,9,4,linux,BIC
35ad61921f495ee14915d185de79478c1737b4da,3,0,1,1,linux,BFC
815afe1785da727ee48cd8e63ac4a3ec6c7459b3,2,0,0,1,linux,BFC
8e4b1d2bc198e34b48fc7cc3a3c5a2fcb269e271,1,1,0,1,linux,BFC
593268ddf3887362ba8b8998cb85433596a3e8f5,1,0,0,1,linux,BFC
3c7f67d1880db4bda8eed12ca603c92b5434390e,0,0,1,1,linux,BIC
cfced786969c2a3e1bca45d7055a00311d93ae6c,20,0,5,5,linux,BIC
14921f3cef85b0167a9145e5f29b9dfc3b2a84dc,30,0,25,3,linux,BIC
e7006de6c23803799be000a5dcce4d916a36541a,46,0,20,6,linux,BIC
ad93220de7da1f5bd8f9e4be1f1eeefba5eed0ad,98,0,1,2,linux,BIC
ec613a57fa1d57381f890c3166175fe68cf43f12,7,0,4,2,linux,BFC
01360857486c0e4435dea3aa2f78b47213b7cf6a,1,0,0,1,linux,BFC
0f9cd1ea10d307cad221d6693b648a8956e812b0,30,4,24,3,linux,BFC
e6f39e87b6439939a14cb7fdd94086a082b63b87,0,0,1,1,linux,BFC
0fdcf78d59737939ea449b512d02c3733a22c8e1,39,10,28,3,linux,BIC
001e465f09a18857443489a57e74314a3368c805,3,0,0,1,linux,BFC
1e106aa3509b86738769775969822ffc1ec21bf4,1,0,2,1,linux,BFC
4f001fd30145a6a8f72f9544c982cfd3dcb7c6df,14,0,1,1,linux,BIC
3df4dfbec0f291e2b6efbe7b1c46ba58111ea3cd,36,15,8,2,linux,BIC
6babfc6e6fab068018c36e8f6605184b8c0b349d,2,0,1,1,linux,BFC
50b6cb3516365cb69753b006be2b61c966b70588,1,0,1,1,linux,BFC
1f7ff11ca68f464b6a9a71b8fbe9e5219e7cac57,3,0,0,1,linux,BFC
7c47cedf43a8b3086c3dcf26cbc058747ee21bec,5,28,35,1,linux,BIC
badf3ada60ab8f76f9488dc8f5c0c57f70682f5a,93,0,0,2,linux,BIC
2c2ade81741c66082f8211f0b96cf509cc4c0218,0,0,4,1,linux,BIC
7ebf8eff63b4f349e7b2ded6aa5036d94bdf94b9,19,5,25,2,linux,BIC
d51e1d3f6b4236e0352407d8a63f5c5f71ce193d,3,0,5,1,linux,BFC
0ef2d5afb12d379f4dd5df696219a01b88bb778a,20,169,159,5,linux,BIC
47a459ecc800a17109d0c496a4e21e478806ee40,12,0,1,1,linux,BFC
66cd794e3c30b8af3b6befe42a378557efb3114a,54,0,2,3,linux,BIC
39f87561454dc33efb2a3d8354d066207acac8a6,6,2,14,9,linux,BIC
c91ebcc578e09783cfa4d85c1b437790f140f29a,0,0,1,1,linux,BFC
80fd9cd52de6a5fb263b3bdcb8bd8982dc50a070,113,0,0,1,linux,BIC
5ea98e01ab524cbc53dad8aebd27b434ebe5d074,20,0,0,3,linux,BIC
25189d08e5168c098c307a0eaae5b30c13a331ef,246,0,0,2,linux,BIC
72ce778007e57e8996b4bebdec738fc5e1145fd2,11,0,0,1,linux,BFC
c2bc11f10a39527cd1bb252097b5525664560956,4,0,6,1,linux,BIC
d00c8ee31729248ba40b4ab25cd3b3b580c6f87c,0,0,1,1,linux,BFC
7bb185edb0306bb90029a5fa6b9cff900ffdbf4b,5,0,0,1,linux,BFC
90702dcd19c093621b422ba16fcfd870afe2552f,12,12,6,1,linux,BFC
aff890288de2d818e4f83ec40c9315e2d735df07,11,13,15,1,linux,BFC
3241929b67d28c83945d3191c6816a3271fd6b85,67,0,1,4,linux,BFC
d8fd9e106fbc291167ebb675ad69234597d0fd98,0,4,0,1,linux,BFC
aeef8b5089b76852bd84889f2809e69a7cfb414e,5,0,1,1,linux,BFC
b9e4ba541607e6ee9c6c8493f51198fe3af03aec,1004,0,0,3,linux,BIC
0e435befaea45f7ea58682eecab5e37e05b2ce65,3,0,0,1,linux,BFC
7312b70699252074d753c5005fc67266c547bbe3,1,0,0,1,linux,BFC
c21af444eace56619e33df0b1fc67ec2e33481ac,7,0,0,2,linux,BIC
74d0833c659a8a54735e5efdd44f4b225af68586,0,2,6,1,linux,BFC
24299fc869f7caded8ae30a33f205ab37be729d4,88,3,13,6,linux,BIC
1255fcb2a655f05e02f3a74675a6d6525f187afd,0,2,4,1,linux,BFC
885ab3b8926fdf9cdd7163dfad99deb9b0662b39,0,0,2,1,linux,BFC
28cb6f1eaffdc5a6a9707cac55f4a43aa3fd7895,12,2,0,1,linux,BFC
d3bd7413e0ca40b60cf60d4003246d067cafdeda,47,11,2,2,linux,BIC
291b93ca2c50c8d4b712b92da30182f00193c174,0,2,4,1,linux,BFC
cb897542c6d2b34c7203b1a2e030ff35e100eef8,31,15,34,1,linux,BIC
f70968f05de4e7c24d839ca0d3e40f17c8024498,0,0,1,1,linux,BFC
bb473593c8099302bfd7befc23de67df907e3a99,0,0,1,1,linux,BFC
d6043581e1d9d0507a8413a302db0e35c8506e0e,1,0,1,1,linux,BFC
77256579c6b43bb88da96b43637bafc0df20f8e8,69,0,0,2,linux,BIC
258801563ba1be05793f2417ae30557b43a24e4e,5,0,7,1,linux,BIC
38178e7b88dcbe1ab384f27a7370074e774dda81,0,0,1,1,linux,BFC
e23008ec81ef37b7b271669ce5d2de2643b2dc75,84,22,5,2,linux,BIC
7f434dff76215af00c26ba6449eaa4738fe9e2ab,0,2,3,1,linux,BFC
a9ce82f744dc401ec27c787e2eacf3bbb33565ec,339,83,23,3,linux,BIC
276b738deb5bf856b9f6049fcd92a967f52643d7,113,0,2,3,linux,BIC
7053aee26a3548ebaba046ae2e52396ccf56ac6c,138,528,180,13,linux,BIC
0d2c96af797ba149e559c5875c0151384ab6dd14,18,0,3,4,linux,BFC
73688d1ed0b8f800f312f7bc9d583463858da861,41,0,38,5,linux,BIC
ddea788c63094f7c483783265563dd5b50052e28,0,1,1,1,linux,BFC
6a1ce99dc4bde564e4a072936f9d41f4a439140e,0,0,2,1,linux,BFC
654cad8b6a17dcb00077070b27bc65873951a568,4,0,2,1,linux,BFC
4a218b277fdba357d8e9022ae675c94e59d64b4e,31,0,8,2,linux,BIC
d9fb797046c596187b97a08ea88b954964cc2d33,0,15,1,2,linux,BIC
e1ffcc66818fbaa84da5e7fd153ec29ef0adf037,2971,0,0,5,linux,BIC
181d454b7220c0bfe8af6e21d5d5c80188635d08,3,0,12,1,linux,BFC
36a3b14b5febdaf0e7f70c4ca6f62c8ea75fabfe,0,0,2,1,linux,BFC
b1a5039759cb7bfcb2157f28604dbda0bca58598,74,0,12,1,linux,BIC
9c57cde0dcbd0f76f649d152b83a2b9316277b22,138,0,11,3,linux,BIC
601a5bc1aeef772ab1f47582fd322957799f5ab5,0,0,2,1,linux,BFC
583359646fde8526ea9456618cc24dc359b34094,3,0,0,1,linux,BIC
36ea1bd2d084e43d4aea890ff2f41054776a9416,120,9,1,2,linux,BIC
f5eb4d3b92a6a1096ef3480b54782a9409281300,0,0,1,1,linux,BFC
42a4f17dc356689075263d7c2bd68456676fa62e,0,0,3,2,linux,BIC
da123016ca8cb5697366c0b2dd55059b976e67e4,4,0,4,1,linux,BFC
a95881d6aa2c000e3649f27a1a7329cf356e6bb3,8,2,2,1,linux,BFC
0c78ab76a05cd788af0383354ffe819e0617f6a0,3,0,0,1,linux,BIC
0844fa5f7b8921e730d971adb5267002b6dd66a0,30,0,1,2,linux,BIC
54ee39439acd9f8b161703c6ad4f4e1835585277,0,1,0,1,linux,BFC
537cf4e3cc2f6cc9088dcd6162de573f603adc29,14,0,6,5,linux,BFC
3e5a8e8494a8122fe4eb3f167662f406cab753b9,42,0,0,1,linux,BFC
555c16328ae6d75a90e234eac9b51998d68f185b,0,0,2,1,linux,BFC
cd1ef966214c9f83af24e65593eb34186b31bea3,0,12,2,1,linux,BFC
ae769d3556644888c964635179ef192995f40793,16,0,8,1,linux,BFC
84404d5fd5858588bbf694b0300dbc6310d02737,3,0,1,1,linux,BFC
c8aee3f41cb84a9ac3b6b5ba2e92cda6cf50d0a0,965,25,2,3,linux,BIC
35fd1eb1e8212c02f6eae24335a9e5b80f9519b4,47,28,7,3,linux,BIC
7e8436728e22181c3f12a5dbabd35ed3a8b8c593,1,0,0,1,linux,BFC
9aadde91b3c035413c806619beb3e3ef6e697953,0,8,1,1,linux,BFC
81c708068dfedece038e07d818ba68333d8d885d,1,0,0,1,linux,BFC
f6426ab9c957e97418ac5b0466538792767b1738,1,0,0,1,linux,BFC
106840c41096a01079d3a2025225029c13713802,0,0,1,1,linux,BFC
3c4710ae6f883f9c6e3df5e27e274702a1221c57,0,0,1,1,linux,BFC
9dc3abdd1f7ea524e8552e0a3ef01219892ed1f4,0,6,5,1,linux,BFC
db787af1b8a6b4be428ee2ea7d409dafcaa4a43c,0,0,1,1,linux,BFC
affeb0f2d3a9af419ad7ef4ac782e1540b2f7b28,0,3,0,1,linux,BFC
3db0d0c276a752af39beb5ca7424cb659aa005bb,0,0,1,1,linux,BFC
0be0226f07d14b153a5eedf2bb86e1eb7dcefab5,11,6,5,4,linux,BIC
1b40e09a1232de537b193fa1b6b3ef16d3a1e397,556,0,38,8,linux,BIC
ec9436baedb689668c409cfc8b69eb9573b0d661,11,0,0,2,linux,BIC
556a0964e28c4441dcdd50fb07596fd042246bd5,0,0,1,1,linux,BFC
724142f8c42a7b01dbf9738eb00d7addbad6f862,1028,0,0,4,linux,BIC
1e871d65e375280757833d9fce91dda71980bdf5,2,0,0,1,linux,BFC
310253514bbf179c5f82e20a7a4bbf07abc7f5ad,0,0,4,4,linux,BIC
9a737e7f8b371e97eb649904276407cee2c9cf30,4,1,3,1,linux,BFC
c72ea20503610a4a7ba26c769357d31602769c01,8,0,3,1,linux,BFC
26a9630c72ebac7c564db305a6aee54a8edde70e,0,0,1,1,linux,BFC
feb26ac31a2a5cb88d86680d9a94916a6343e9e6,12,1,7,4,linux,BIC
6cef2f8477206fc0a6961358e8ef9d01a3201a5c,0,25,0,1,linux,BFC
d386732bc142c63b9f676fed098bc06f91ee964a,145,0,40,1,linux,BIC
39e3406a090a54e700a7c0820c8258af1196b0c2,68,4,6,1,linux,BIC
819da60d77c9f0ec9f069cb27952501562a2e17a,0,0,1,1,linux,BFC
d29d41e28eea65493395dda0b6d1fff23ca374f4,17,34,216,3,linux,BIC
06c5fe9b12dde1b62821f302f177c972bb1c81f9,0,2,2,1,linux,BFC
a8a7a278c56ad3b4ddd4db9a960e0537d032b0b3,0,0,2,1,linux,BIC
bab4ff1edccd5853c956ac72e5152b073a237b50,3,0,1,1,linux,BFC
f729a1b0f8df7091cea3729fc0e414f5326e1163,5,0,12,3,linux,BFC
d2fe99e86bb2ccbb87df20b0136d5983b6a4cc09,427,0,39,3,linux,BIC
5244f5e2d801259af877ee759e8c22364c607072,33,0,6,1,linux,BFC
2239aa3d15056e4be807eaa8d778b247156ce552,0,2,1,1,linux,BFC
c7b9038d8af68e351e09a8427fa0264be8dc811f,281,2,7,5,linux,BIC
37020bbb71d911431e16c2c940b97cf86ae4f2f6,4,0,3,1,linux,BFC
bb2bb903042517b8fb17b2bc21e00512f2dcac01,65,0,4,3,linux,BIC
91c3dba7dbc199191272f4a9863f86ea3bfd679f,192,0,24,3,linux,BIC
2b4a5a5d56881ece3c66b9a9a8943a6f41bd7349,7,2,7,1,linux,BFC
730037c3ee57f892e6df019bc88d417a5944737c,5,2,1,1,linux,BFC
975435132ecfef8de2118668c9f4f95086a0aae5,1,0,1,1,linux,BFC
297bcf8222f222fd7defead862de4b8e3ea0b08a,71,0,0,3,linux,BIC
8387c576b713bf677d59b7f16be64adb6b2de660,0,3,6,1,linux,BFC
b17c1bba9cec1727451b906d9a0c209774624873,6,0,0,1,linux,BFC
21ae43570940f8393a80369f62a3880bd64daad8,0,28,32,2,linux,BIC
a8bc71d4960391f732ec0307ebd69e4a25aaf4d3,0,0,1,1,linux,BFC
aa136d0c82fcd6af14535853c30e219e02b2692d,85,22,9,3,linux,BIC
00927931cb630bbf8edb6d7f4dadb25139fc5e16,0,0,1,1,linux,BFC
37be407b2ce807179108eeac788805848fe048f1,37,0,1,1,linux,BIC
5ca2f54b597c816df54ff1b28eb99cf7262b955d,2,4,1,1,linux,BFC
66486d8943bac36821f66b7e2d33e4c7c691e113,15,18,96,10,linux,BIC
dfa7f709596be5ca46c070d4f8acbb344322056a,2,0,1,1,linux,BFC
5aebe7c7f9c20ef225c0c3a25c06a20c3938e390,49,0,121,1,linux,BIC
26b4cf2497e380c5cc64b9ad6a7b84a8648320cd,1,0,0,1,linux,BFC
0bb549052d33f8992544764a6cf1299d06ba7e2f,554,0,1,4,linux,BIC
1b50dd478f495c2112d1dd5655b2317d53a0723b,0,2,0,1,linux,BFC
537d3af1bee8ad1415fda9b622d1ea6d1ae76dfa,0,0,1,1,linux,BFC
4de2d58bc973caa8988b44ddd11787e57051c843,0,3,0,1,linux,BIC
3b7f9dbb827ce8680b98490215e698b6079a9ec5,52,10,8,1,linux,BFC
554913f600b45d73de12ad58c1ac7baa0f22a703,1,0,1,1,linux,BFC
fd2fa95416188a767a63979296fa3e169a9ef5ec,1,0,1,1,linux,BIC
dc5698e80cf724770283e10414054662bdf6ccfa,3556,0,0,16,linux,BIC
894c9c540f8315007a4752320e2399bc2e0c46b7,8,0,2,1,linux,BFC
0000b81a063b5f3ab82fa18041c28327ce72c312,0,0,2,2,linux,BFC
f50232193e61cf89a73130b5e843fef30763c428,3,0,1,1,linux,BFC
eb8c101e28496888a0dcfe16ab86a1bee369e820,7,0,1,1,linux,BFC
f50b6805dbb993152025ec04dea094c40cc93a0c,0,0,4,1,linux,BFC
5e7f7fc538d894b2d9aa41876b8dcf35f5fe11e6,3,0,4,2,linux,BFC
10590a9d4f23e0a519730d79d39331df60ad2079,918,0,0,1,linux,BIC
e7184b159dd37f4be8ff3d070c7c11f76b5bc3fe,51,4,3,4,linux,BIC
93824c80bf47ebe087414b3a40ca0ff9aab7d1fb,2,0,4,1,linux,BFC
f011df6179bdffac63987f009d25dd79b6e2df23,38,0,1,1,linux,BIC
30bdc36b8c776cd4fce5de2a96ff28b37f96942f,0,2,0,1,linux,BFC
83dc1173d73f80cbce2fee4d308f51f87b2f26ae,13,0,8,1,linux,BFC
de1193f0be66f88e2c6d0fd965137668fc2ec4a5,0,1,1,1,linux,BFC
f5bbd7219891364a6ba1231cb751905045fd4466,11,0,2,1,linux,BIC
ae636fb1554833ee5133ca47bf4b2791b6739c52,2,0,0,1,linux,BFC
156172a13ff0626d8e23276e741c7e2cb2f3b572,0,3,0,1,linux,BFC
3ada288150fb17ab3fcce2cf5fce20461f86b2ee,0,2,2,2,linux,BFC
c7fb3c6c1893fddbbd39e13066489050c29397c1,4,0,2,1,linux,BFC
77c0d0cd10e793989d1e8b835a9a09694182cb39,3,1,14,1,linux,BFC
77377064c3a94911339f13ce113b3abf265e06da,0,3,1,1,linux,BFC
a999933db9ed44f8501e0241f7f1fbdf36554396,1,61,2,2,linux,BIC
3991c5c80beaf7eb9bce61e0b2f8f449e351a38e,17,0,4,2,linux,BIC
e77df3eca12be4b17f13cf9f215cff248c57d98f,0,5,4,1,linux,BFC
12a8cc7fcf54a8575f094be1e99032ec38aa045c,59,0,21,1,linux,BIC
e10554738cab4224e097c2f9d975ea781a4fcde4,1,32,2,3,linux,BFC
0f20615d64ee2ad5e2a133a812382d0c4071589b,8,0,4,1,linux,BFC
cb3a7d4a0aec4e56043d6433724e0606d6b6efba,4,0,0,2,linux,BIC
102c9323c35a83789ad5ebd3c45fa8fb389add88,61,0,1,4,linux,BIC
45ab4b13e46325d00f4acdb365d406e941a15f81,1,0,0,1,linux,BFC
f0a0cdddb14c7a32e7ca68f45fbc44aa347e959d,0,0,3,1,linux,BFC
a5192c52377e6d283abb5dcd5d25d65bf2316f62,0,1,1,1,linux,BIC
f7f7739847bd68b3c3103fd1b50d943038bd14c7,0,5,6,1,linux,BFC
0fc5a36dd6b345eb0d251a65c236e53bead3eef7,0,1,1,1,linux,BFC
46a3679b8190101e4ebdfe252ef79e6150a4f2ac,0,28,1,1,linux,BFC
db809859c8cee415293b830e67178f526d1eb2be,0,0,1,1,linux,BIC
888e32d71115e26b57bdcbc717c68e9c5026bac3,0,0,1,1,linux,BFC
c7e2d71dda7ac4731bae54a25c49cd81fe7b9046,96,0,6,2,linux,BIC
4bff7214d263b5235263136cb53147a759b3f3ab,0,0,1,1,linux,BFC
0c507d8f846f0158babcc99fc235f17fc79cc2f4,3,0,3,1,linux,BFC
78b0328ff8c46fce64eb969d2572c3f631735dc1,1,0,1,1,linux,BFC
c8156fc77d0796ba2618936dbb3084e769e916c1,0,0,5,1,linux,BFC
9a31d7ad997f55768c687974ce36b759065b49e5,0,3,11,1,linux,BFC
94abdad6974a5e108d921df2c38e35cae6179bb2,315,0,0,1,linux,BIC
115b68aa6ea4bb7dca1cbf66cb99cefc274180cb,0,28,0,3,linux,BIC
6dd2360334f3cb3b45fc1b8194c670090474b87c,7,0,8,3,linux,BFC
88110a9f6209be1ed7312bae029d000bc7c7e88f,1,0,0,1,linux,BFC
6cfcd5563b4fadbf49ba8fa481978e5e86d30322,48,0,10,2,linux,BIC
4dd5d5b520dc43f8bd98b65a8382a1bca5d6eb91,0,0,1,1,linux,BFC
c07d424d6118d528ef71b22b7424bfc359c307a5,99,1,11,2,linux,BIC
87c715dcde633f4cc4690a24a240e838181e6a9d,332,52,162,1,linux,BIC
ac991b874b098ecde2c5eb81da48d52b6b22851b,8,0,0,1,linux,BFC
4141b36ab16d7a66b4cf712f2d21eba61c5927e5,0,0,1,1,linux,BFC
d3b70cd87e773bb298eb78fbafed68afaf06b1a2,10,0,5,2,linux,BFC
9a397f473657ad47449b6ab94ff2bb3f1f2de48f,53,0,8,1,linux,BIC
ac7f052b9e1534c8248f814b6f0068ad8d4a06d2,15,0,0,1,linux,BFC
868f0e28290c7a33e8cb79bfe97ebdcbb756e048,0,0,2,1,linux,BFC
bc29b7ac1d9f09f5024b0e257e91bf5df611ccd4,24,0,24,2,linux,BIC
330994e8e8ec5d0b269a5265e6032b37e29aa336,34,0,1,2,linux,BIC
d02337709390c854186c6a21f997dc39760591e1,0,0,4,1,linux,BFC
11387fe4a98f75d1f4cdb3efe3b42b19205c9df5,2,0,3,1,linux,BIC
cf5724e91515e8b016019b148c99bdf7c58f3ab7,0,11,15,1,linux,BIC
0460fef2a9215680f7f85415b57731b7e0fdf673,50,24,31,3,linux,BIC
95997723b6402cd6c53e0f9e7ac640ec64eaaff8,5,0,1,1,linux,BFC
3499ba8198cad47b731792e5e56b9ec2a78a83a2,54,19,16,7,linux,BIC
5ed793b3b29c064f0b84c19a94d4e17831cc1dc2,0,9,2,1,linux,BFC
f712e24c0b2e638481b439ee2f1f33d6938a6cb9,0,0,3,1,linux,BFC
bc4b539e38508839a6c85d5c5ff52d32f6471fab,0,7479,2,5,linux,BIC
c1ac057173ba674d93afc8ddc5c91da1c61a951a,0,22,6,2,linux,BIC
4c7124413aa759b8ea0b90cd39177e525396e662,0,35,0,2,linux,BFC
35164f5259a47ea756fa1deb3e463ac2a4f10dc9,2,4,0,3,linux,BFC
13fef095bde04228316046f997eb963285d8532e,4,0,1,1,linux,BFC
27df7977099c2b8d32399cd1752f527c5a343dfa,2,0,0,1,linux,BFC
714c53aa2e2d6d60ca1e7d18980767c8b715c288,57,0,0,1,linux,BIC
b1abe5586ffcb15cc51668bd1a0f97adfbfb0acd,12,14,28,3,linux,BIC
fcee5ce50bdb21116711e38635e3865594af907e,0,0,6,1,linux,BFC
87d0e2f41b8cc2018499be4e8003fa8c09b6f2fb,26,21,3,1,linux,BIC
c3ff2a5193fa61b1b284cfb1d79628814ed0e95a,37,0,0,2,linux,BIC
44fa2dbd475996ddc8f3a0e6113dee983e0ee3aa,50,22,24,7,linux,BIC
c9e753767a9c75d2044fb7343950a6a992d34a16,26,0,1,1,linux,BFC
654e9c18dfab02c8e5f9c5877c7a2f3264fa520a,3,4,0,2,linux,BFC
2759caad2600d503c3b0ed800e7e03d2cd7a4c05,3,0,2,1,linux,BFC
fc127da085c26beb89f83ad804cf73422c3b6855,18,0,5,1,linux,BIC
ef658fc2a6809b42dd7002229fd174a9a1645707,0,0,1,1,linux,BFC
50b7f1b7236bab08ebbbecf90521e84b068d7a17,4,0,2,1,linux,BFC
bfd2821117a751763718f1b5e57216c0d9b19a49,2,17,11,1,linux,BFC
3ce1217d6cd5dfa82a9db5c2a999cc1bb01490d9,234,0,7,5,linux,BIC
20b02fe36530a1e48dde73c80b882ae276346ea3,1,0,0,1,linux,BFC
797d9016ceca69879bb273218810fa0beef46aac,12,17,8,3,linux,BIC
e0c378684b6545ad2d4403bb701d0ac4932b4e95,8,0,0,1,linux,BFC
40fb87129049ec5876dabf4a4d4aed6642b31f1a,0,0,1,1,linux,BFC
40e983cca9274e177bd5b9379299b44d9536ac68,546,0,0,1,linux,BIC
42d84c8490f9f0931786f1623191fcab397c3d64,0,8,1,1,linux,BFC
bb8822cbbc5334dc89b7415dbdc6d51421e74773,190,0,0,2,linux,BIC
35f58fd792d7fb15f5c036c7b191b0f44d644d75,0,0,1,1,linux,BFC
d781ec21bae6ff8f9e07682e8947a654484611f5,55,0,2,1,linux,BIC
6fa504835d6969144b2bd3699684dd447c789ba2,11,3,2,1,linux,BFC
aca496fb61d3a31c29b551edd2d0a7f503d9c411,0,0,4,1,linux,BFC
cf5bb835b7c8a5fee7f26455099cca7feb57f5e9,6,0,6,1,linux,BFC
f711f28e71e965c0d1141c830fa7131b41abbe75,1,0,0,1,linux,BFC
65d472fb007dd73ef28f70078f43f86bb6cc67d0,242,0,0,3,linux,BIC
8869fa666a9e6782c3c896c1fa57d65adca23249,0,1,0,1,linux,BFC
ab6c644539e98be3d73702c84f8f9efc789391f0,533,25,7,4,linux,BIC
46558d601cb6e245d9427d5044106a30811959fb,11,26,40,2,linux,BIC
74e3bb75315ce62a4567f2871276bab32802e8b4,1,0,0,1,linux,BFC
c7187acc3cd08a17e7b506b2b5277f42d1504d29,2,0,0,1,linux,BFC
fd07a62d58c16b1fdd46f4099791c5bd242908c3,0,0,1,1,linux,BFC
e39a97353e5378eb46bf01679799c5704d397f32,2,0,0,1,linux,BIC
e062fe99cccd9ff9f232e593d163ecabd244fae8,17,0,8,1,linux,BFC
89ed025d5c53f4ca0193ed71bfaf007259be2a8f,6,0,1,2,linux,BIC
82aaff2f63443e1d6cc4a186ed9c2a5718123906,0,1,3,1,linux,BFC
42c17fa69f9866a3f80ac196ce70b4fda1242717,0,0,3,1,linux,BFC
2818824ced4be5abc22c450340d548702f166d9a,12,22,6,1,linux,BIC
76a2b524a4b1d6dc0f2421f9854a01d55d5e5436,97,0,0,1,linux,BIC
d4c6fb36ac2c82f8f0c05b04cf102dcdc2d5a14d,7,0,0,2,linux,BIC
ee467a1f2066d2bfa293f7c2c7f1ff7000b0a39e,1394,0,0,1,linux,BIC
b832d4fdf105b5464d786e321e3c9e012e67cdfb,1,18,9,3,linux,BFC
50468e4313355b161cac8a5155a45832995b7f25,28,0,0,4,linux,BIC
1332661e09304b7b8e84e5edc11811ba08d12abe,7,0,11,1,linux,BFC
cc84b824e489ef001597ea0ba0ddcec17fb1f05d,0,0,2,1,linux,BFC
c4fcfc1619ea43a8a89ad2f83ff23905eee088bd,0,0,3,1,linux,BFC
bf280c0387ebbf8eebad1036fca8f7b85ebfde32,0,7,11,1,linux,BFC
aa0ce96d72dd2e1b0dfd0fb868f82876e7790878,20,0,1,1,linux,BFC
61e5f69ef08379cdc74e8f15d3770976ed48480a,6,0,1,3,linux,BIC
5c62c1c67903621cfa715d6f690548ee53301620,0,0,1,1,linux,BFC
89e551e83869732d5b9fd21d7cfdb1f8d62cf5d0,0,0,1,1,linux,BFC
4ca8ca873d454635c20d508261bfc0081af75cf8,0,20,5,1,linux,BFC
5df63c2a149ae65a9ec239e7c2af44efa6f79beb,4,0,3,1,linux,BFC
ec3bd0e68a679a7af2c46af1ddc9af8b534a8b0e,20,0,0,1,linux,BIC
e94ac3510b6a0f696f2c442c4fc4051c8101ef12,17,15,3,1,linux,BFC
47fac45600aafc5939d9620055c3c46f7135d316,71,0,1,1,linux,BFC
206e732323c2a8e6d11f4125a62c27e60a50a850,0,0,1,1,linux,BFC
329f4c812a699dc6e4ae12aceee324d53ec78107,1,0,4,1,linux,BFC
32043fa065b51e0b1433e48d118821c71b5cd65d,2,0,0,1,linux,BFC
b48b89f9c189d24eb5e2b4a0ac067da5a24ee86d,1,78,206,170,linux,BIC
77f7df346c4533b91d0dcc2b549eb7c98abd198b,693,0,0,2,linux,BIC
936e5d8bdfa72577e28ea671d9e2ee4fef0d6b3e,0,0,2,1,linux,BFC
d2abc982333c02f9e1ff1c6b3782174f5b7662d7,508,0,25,3,linux,BIC
55fd0cf320c3051f8dcb88c07ddd1e4c54b82cba,26,0,6,3,linux,BIC
67a3c6b3cc40bb217c3ff947a55053151a00fea0,1,4,3,1,linux,BFC
7f12845c8389855dbcc67baa068b6832dc4a396e,3,0,0,2,linux,BFC
0afd6a4e8028cc487c240b6cfe04094e45a306e4,5,0,0,1,linux,BFC
9a1049da9bd2cd83fe11d46433e603c193aa9c71,6,15,18,5,linux,BIC
5dd90e5b91e0f5c925b12b132c7cd27538870256,0,0,1,1,linux,BFC
e143fd4598ddf7401d3699957cd59ceb5426d53d,1,0,1,1,linux,BFC
6df19872d881641e6394f93ef2938cffcbdae5bb,0,0,1,1,linux,BFC
fc15be39a827e6e417431a8dc5ca2612d0b3e944,41,0,0,1,linux,BIC
fccd0f7cf4d532674d727c7f204f038456675dee,0,0,2,1,linux,BFC
aa6df8dd28c01d9a3d2cfcfe9dd0a4a334d1cd81,8,0,4,1,linux,BIC
71cd8e2d16703a9df5c86a9e19f4cba99316cc53,0,0,1,1,linux,BFC
62931ac2f9015ea38d80494ec37658ab3df6a6d7,0,0,1,1,linux,BFC
6f55c5dd1118b3076d11d9cb17f5c5f4bc3a1162,7,0,0,1,linux,BFC
a29728463b254ce81ecefdf20c1a02e01d9361da,1276,7,5,7,linux,BIC
5dcf16df3ce48b2e4f798b1a11b5de2fc3cfd73a,0,0,1,1,linux,BFC
15aa13056d11dad1e54d65acd854184f3f74a5b7,93,0,0,2,linux,BIC
6769b275a313c76ddcd7d94c632032326db5f759,1,0,1,1,linux,BFC
b5c40d598f5408bd0ca22dfffa82f03cd9433f23,7,5,0,1,linux,BFC
609206854767559ecbb1c308bbd6ef7af13d8c6e,0,3,1,2,linux,BFC
c3df30a01da4955e04fa068c503cd784b31dad92,1,0,1,1,linux,BFC
72d8c36ec364c82bf1bf0c64dfa1041cfaf139f7,3,1,1,2,linux,BFC
57919f4a2ea47f75ac6117f7d99831f7fbd89bc7,12,0,0,1,linux,BFC
c57b260a7d7d60dfbcf794dd9836c1d9fdbf5434,2,0,0,1,linux,BFC
200ea5a2292dc444a818b096ae6a32ba3caa51b9,9,14,4,1,linux,BFC
fa766c9be58bd872784b081074a7d15a3ce61c5f,3954,0,0,7,linux,BIC
68cc795d1933285705ced6d841ef66c00ce98cbe,12,7,2,2,linux,BIC
3e6fdeb28f4c331acbd27bdb0effc4befd4ef8e8,5,0,2,1,linux,BIC
2c197870e4701610ec3b1143808d4e31152caf30,10,3,9,1,linux,BFC
1a71476e4f2693ed93523c80ff1e2d4a8634717c,0,0,1,1,linux,BFC
386e15a650447f53de3d2d8819ce9393f31650a4,10,0,6,1,linux,BFC
8cb68c83ab99a474ae847602f0c514d0fe17cc82,0,0,1,1,linux,BFC
b3a25b9af80d5151bb6f8373847e26628541a766,0,154,11,3,linux,BIC
244f5d597e1ea519c2085fbd9819458688775e42,8,0,0,1,linux,BFC
d89b9f3bbb58e9e378881209756b0723694f22ff,0,0,1,1,linux,BFC
ff70784ab9f89e78e67d5d172bf7644de673f61f,0,0,3,1,linux,BFC
c799fca8baf18d1bbbbad6c3b736eefbde8bdb90,0,0,1,1,linux,BFC
f802912d42525eddb2e504b0b852539f46c8fd9d,0,0,1,1,linux,BFC
a48e23385fcf397e69e2a75d72a81c545ec8bec2,23,0,0,2,linux,BIC
4257e085e26edaba0bf516ea231bd5122e3f3e6f,11,0,0,1,linux,BIC
35ba13e43cfb7f36541e44516b01cf6a3f8a5ea1,0,29,0,2,linux,BFC
8a863a608d47fa5d9dd15cf841817f73f804cf91,14,0,6,1,linux,BFC
ffed15d3ce3f710b94e6f402e1ca2318f7d7c0e2,0,0,1,1,linux,BFC
ecbd4912a693b862e25cba0a6990a8c95b00721e,1,1,0,1,linux,BFC
ce338e4477cfdff0abeb27eff2d43fc379ee9ebb,2,0,0,1,linux,BFC
fae98164463948eb31d638fe207c25a3d2b9312f,0,0,2,1,linux,BFC
a3c4fb7c9c2ebfd50b8c60f6c069932bb319bc37,7,6,17,1,linux,BIC
36ad7022536e0c65f8baeeaa5efde11dec44808a,0,1,0,1,linux,BFC
ddbc84f3f595cf1fc8234a191193b5d20ad43938,7,0,1,1,linux,BFC
9c1a5077fdca99356c891af37931e537dea874f5,106,0,78,1,linux,BIC
a50aac7193f18a5a997588556f1212b0d1ba029b,61,0,17,3,linux,BIC
22849b5ea5952d853547cc5e0651f34a246b2a4f,4,6,1,1,linux,BIC
a2d21848d9211dad5e786aa7368709ca8938834e,122,0,4,2,linux,BIC
f73c1194634506ab60af0debef04671fc431a435,8,0,2,3,linux,BFC
9a254403760041528bc8f69fe2f5e1ef86950991,13,1,1,1,linux,BFC
e230a4455ac3e9b112f0367d1b8e255e141afae0,0,36,0,1,linux,BFC
ab69bde6b2e9c37456eeb0051a185446336aef9f,4546,0,0,6,linux,BIC
486a25084155bf633768c26f022201c051d6fd95,4,2,3,1,linux,BFC
b451e5d24ba6687c6f0e7319c727a709a1846c06,1,0,4,1,linux,BFC
a47ac019e7e8129b93a0b991e04b2a59872e053d,14,7,4,1,linux,BIC
6bad06b768920e278c7cedfdda56a0b4c6a35ee9,11,0,4,3,linux,BIC
c036899136355758dcd88878145036ab4d9c1f26,0,1,17,1,linux,BFC
4ca8c1d4979cc60cc129318ce0a89d075c9eb49f,2,0,1,1,linux,BFC
bc9838c4d44a1713ab1bf24aa6675bc3a02b6a88,0,0,1,1,linux,BIC
a862192e9227ad46e0447fd0a03869ba1b30d16f,17,1,2,1,linux,BFC
3d1e4228c9dd5c945a5cb621749f358766ee5777,0,0,2,1,linux,BFC
8b34ec65b3d070c492cc6aca960097ae74d6143a,0,2,9,1,linux,BFC
d2e0981c3b9a7d31b59f81477c6acacb1bcc4513,32,7,84,1,linux,BIC
051dbb918c7fb7da8e64a2cd0d804ba73399709f,348,0,0,2,linux,BIC
9d49640a21bffd730a6ebf2a0032e022f7caf84a,109,0,0,2,linux,BIC
6f23277a49e68f8a9355385c846939ad0b1261e7,18,0,1,1,linux,BFC
23be7075b31863da9cf3983aebcc8ff7537c06ac,5,0,11,2,linux,BFC
68bab8662f49b9e158f1d32f11becd4e48c04079,12,0,0,2,linux,BIC
9d332e69c1dc74dcd748de7cbd2dac5c61bda265,8,0,1,2,linux,BFC
fe78ccf79b0e29fd6d8dc2e2c3b0dbeda4ce3ad8,0,1,0,1,linux,BFC
a5009d3a318e9f02ddc9aa3d55e2c64d6285c4b9,0,6,0,1,linux,BFC
28f3d01eca5269b01e33c1bf976d90c33b546ad9,0,0,2,1,linux,BFC
81e2073c175b887398e5bca6c004efa89983f58d,4,0,0,1,linux,BFC
bb10d4ec3be4b069bfb61c60ca4f708f58f440f1,11,0,0,1,linux,BFC
4aa37c463764052c68c5c430af2a67b5d784c1e0,1,0,0,1,linux,BFC
3184270ec188a70df555ab08bca70c0e61704205,23,1,3,1,linux,BFC
df23de55615fa7a190a85f49a950ccecdd9102f3,18,12,3,1,linux,BFC
9666d4206e9a14ff612e374b6b572b3efc797d46,2,0,0,1,linux,BFC
89b2758c192c35068b07766a6830433bfbdc1f44,9,0,3,1,linux,BFC
a22bd630cfff496b270211745536e50e98eb3a45,3,2,0,1,linux,BFC
2227ab4216cd4d56619733bcfaee7e6943cdc9aa,1,1,1,1,linux,BFC
717503b9cf57c0bb7ea4d3a9f5699c9a04adf988,49,22,24,6,linux,BIC
70f4169ab421b277caf7429e84f468d8c47aa00a,7,103,46,1,linux,BIC
e62ad74aa534404b3ee7e250b114a3536ac56987,11,8,2,2,linux,BFC
e37b94ebffdd93d121e5308eb93e2e55a0893fbb,1,0,1,1,linux,BFC
987c0871e8ae8991f7f0f08489d883fa19e13f82,5,0,2,3,linux,BIC
9b65b17db72313b7a4fe9bc9502928c88be57986,44,0,9,6,linux,BIC
e324fc82ea453fcbd3898ec7afb792f750c68979,1,0,3,1,linux,BFC
0c264af7be2013266c5b4c644f3f366399ee490a,5,0,1,1,linux,BFC
7c5a0dcf557c6511a61e092ba887de28882fe857,0,0,1,1,linux,BFC
a637b3bfa43aead7221b79cd92e092ef911c8253,2,0,3,1,linux,BFC
4d776482ecc689bdd68627985ac4cb5a6f325953,52,3,26,20,linux,BIC
b7329249ea5b08b2a1c2c3f24a2f4c495c4f14b8,7,0,0,1,linux,BFC
3758a6c74e08bdc15ccccd6872a6ad37d165239a,0,0,2,1,linux,BFC
8e7f91719db36440d63de37331367be9700ca0c7,0,0,5,1,linux,BFC
9ea2f0be6ceaebae1518a5f897cff2645830dd95,1,0,1,1,linux,BFC
f623f75ae443d0c771635d51cc986b9d389bf631,1,0,0,1,linux,BFC
727e1acd297cae15449607d6e2ee39c71216cf1a,40,0,1,7,linux,BIC
024f4b2e1f874934943eb2d3d288ebc52c79f55c,1,0,1,1,linux,BFC
990672d48515ce09c76fcf1ceccee48b0dd1942b,604,0,3,8,linux,BIC
529a1101212a785c5df92c314b0e718287150c3b,1,1,0,1,linux,BFC
fa516b66a1bfce1d72f1620c54bdfebc493000d1,174,0,4,4,linux,BIC
a6bd005fe92dc1cc808c4c6aa43e3b2a8272bbfa,118,77,5,3,linux,BIC
e9e7870f90e3587b712e05db2ded947a3f617119,10,2,35,9,linux,BIC
7c84f7f80d6fcea36246b793d06c3555ca53ddcd,750,0,0,2,linux,BIC
b9cc7d8a4656a6e815852c27ab50365009cb69c1,5,0,0,1,linux,BFC
ee92efe41cf358f4b99e73509f2bfd4733609f26,0,0,3,1,linux,BFC
1cd7386549f9b6f2f230da54aa9e7fe2d6c216d2,19,6,5,5,linux,BFC
163000dbc772c1eae9bdfe7c8fe30155db1efd74,60,0,1,2,linux,BFC
184844ccda4138402846bf4b42c28ac5f16a458a,0,0,12,1,linux,BFC
5e9f20359a166de934b5bd02cb54c0be0e8c2890,1,0,0,1,linux,BFC
aa183323312dbd1457096b4b94ca274b35fc462b,137,101,4,1,linux,BIC
bc5a5e3f45d047844830233fb95b19a95c864a0f,13,4,47,1,linux,BIC
3be8828fc507cdafe7040a3dcf361a2bcd8e305b,6,5,2,5,linux,BFC
7936a22dd4660d24b4ca0668c02b0372127cab44,0,5,3,1,linux,BIC
7760e148350bf6df95662bc0db3734e9d991cb03,23,0,3,1,linux,BIC
56965ac7253ece22050cf31ea5d1558e4c49cff2,0,0,1,1,linux,BFC
5c7578c39c3fffe85b7d15ca1cf8cf7ac38ec0c1,3,0,8,1,linux,BFC
60d1504070c22c059a1e11bc3fd444953da988c1,125,1,46,1,linux,BIC
f2e717d655040d632c9015f19aa4275f8b16e7f2,3,0,8,1,linux,BFC
92c715fca907686f5298220ece53423e38ba3aed,3,0,5,1,linux,BFC
f697c3e8b35c18b2698d64137c0fa84b0cdb3d10,24,12,16,1,linux,BIC
dc49a56bd43bb04982e64b44436831da801d0237,47,8,3,2,linux,BFC
6acf5d76ab685e921771abbbae5353929f3ebbe6,6,0,0,1,linux,BFC
a05d3c9153145283ce9c58a1d7a9056fbb85f6a1,75,0,8,4,linux,BIC
221e8360834c59f0c9952630fa5904a94ebd2bb8,0,0,2,1,linux,BFC
65e87c0398f542d5bd51cfd8a29b9dfd246b6a1c,221,11,59,7,linux,BIC
d2cf0125d4a133a857d3327f7ac1625c84624219,68,0,4,4,linux,BIC
4f07b80c973348a99b5d2a32476a2e7877e94a05,12,0,3,1,linux,BIC
f149b31557446aff9ca96d4be7e39cc266f6e7cc,1,0,3,1,linux,BIC
28e5e44aa3f4e0e0370864ed008fb5e2d85f4dc8,6,0,1,1,linux,BFC
f73a4230d5bbc8fc7e1a2479ac997f786111c7bb,64,0,0,1,linux,BIC
bc4fe4cdd602b3bee5eeb49d843bd6b3296cfc86,4,0,1,1,linux,BFC
7296443b900e6a432da3d6b1a7862beb83946d19,13,0,2,1,linux,BIC
2a2c84facd4af661d71be6e81fd9d490ac7fdc53,6,0,2,3,linux,BFC
cbbce82209490df8b68da9aec0d642451fe0a668,54,0,1,4,linux,BIC
1801b570dd2ae50b90231f283e79a9a94fbe7875,14,0,21,4,linux,BIC
f2a5fec17395f259d54daa8833d81b00cceb15c3,140,0,0,1,linux,BIC
a13842dc668b40daef4327294a6d3bdc8bd30276,15,4,2,1,linux,BIC
3430f924a62905891c8fa9a3b97ea52007795bc3,7,0,17,1,linux,BFC
eaeace60778e524a2820d0c0ad60bf80289e292c,0,0,1,1,linux,BFC
6654b57866b98230a270953dd34f67de17ab1708,1,0,0,1,linux,BFC
a927bd6ba952d13c52b8b385030943032f659a3e,52,33,3,9,linux,BFC
8e742aa79780b13cd300a42198c1a4cea9c89905,0,0,1,1,linux,BFC
a912ee4c91542e3746742611a656de1129f919b6,6,0,0,2,linux,BFC
544b4dd568e3b09c1ab38a759d3187e7abda11a0,13,3,1,1,linux,BFC
62a7f368ffbc13d9aedfdd7aeae711b177db69ac,0,0,1,1,linux,BFC
e605b743f33d697ad885f99ac8aac480ab6aa6de,89,0,0,3,linux,BIC
0016a4cf5582415849fafbf9f019dd9530824789,1433,0,45,3,linux,BIC
37764b952e1b39053defc7ebe5dcd8c4e3e78de9,13,0,9,1,linux,BFC
6609fee8897ac475378388238456c84298bff802,0,0,1,1,linux,BFC
c9a8417a13ed9c81383662fca8a4b89f84d31e78,0,0,1,1,linux,BFC
b42dde478bcaa8113b0d1cd82ad0048372c5599d,2,0,2,1,linux,BIC
65e19f54d29cd8559ce60cfd0d751bef7afbdc5c,84,0,33,1,linux,BIC
4d6d3a90e4acfdcf6134a854da20a061cb9da2a6,0,6,22,1,linux,BIC
e9de688dac6534e72d000e9069be2f929a6087be,228,74,51,9,linux,BIC
a83f1fc3f33930d01e579b9d4de92a045297b402,8,0,0,1,linux,BFC
1c117d3b721a2678020d522ff1bf33984d4f0a5a,5,0,5,1,linux,BFC
b68f8a13e3b4bd2f956250cd428fee344f4d60a3,2,0,0,1,linux,BFC
16e143751727471f9a565515344196693bbc8762,45,5,49,5,linux,BIC
1aec7c3d05670b92b7339b19999009a93808efb9,0,31,0,6,linux,BFC
a4aeaa06d45e90f9b279f0b09de84bd00006e733,3,0,8,1,linux,BFC
1c7dcf69eea3224474fe884a03b3e19b82d1101e,11,0,10,2,linux,BIC
40c67c291a93f8846c4a972c9ef1b7ba4544c8d0,4,0,2,1,linux,BFC
b7051cb8dadd69f85da5989017af2bb35b418950,2,0,0,1,linux,BFC
bfcc681bd09d6cd96aa0ec667533a867253731aa,536,6,9,6,linux,BIC
84b919fdb8559a8cd5432d8fa0002219df59cb32,0,0,1,1,linux,BFC
1a472c9dba6b9646fd36717968f6a531b4441c7d,307,2,2,7,linux,BIC
9e15db66136a14cde3f35691f1d839d950118826,291,0,5,5,linux,BIC
5b891af7fca14526b2a87c6f38b004e2df655ef4,0,2,28,4,linux,BFC
2963457829decf0c824a443238d251151ed18ff5,3,0,5,1,linux,BFC
617a77f044ed7a92bb0c01c939d816f870947d5a,134,0,0,1,linux,BIC
fd57d0cbe187e93f63777d36e9f49293311d417f,0,0,1,1,linux,BFC
5211613978cb7353a3237e4372958c0e7514683f,4,0,2,1,linux,BFC
63e20df1e5b2ef8d871ecbdb6c038d554ed1ca74,64,237,188,7,linux,BIC
ff76def3bd7e816fe0ca7f0840065c566a42ba2f,6,0,0,1,linux,BFC
816f670623692b5da2787f278cbfdb331ed29b8a,0,0,4,1,linux,BFC
f4794c6064a83d2c57b264bd299c367d172d1044,12,0,1,1,linux,BIC
b07a9b26e2b1aa3711fd6935eccb08a463b1fb11,5,0,1,2,linux,BFC
843bd7db79c861b49e2912d723625f5fa8e94502,7,2,1,1,linux,BFC
e8de1481fd7126ee9e93d6889da6f00c05e1e019,159,6,13,8,linux,BIC
5ed99fb421d4d5cd4cba613c1ab115585aa277d2,30,5,30,5,linux,BIC
25e23bc57e737a0d81dc6b03c610789866858b35,6,0,5,2,linux,BFC
146540fb545b8464ba1be298e3392daca0d183a2,1,0,1,1,linux,BIC
ef7232da6bcd4294cbb2d424bc35885721570f01,1,0,0,1,linux,BFC
c329230ce886f449a6e559b636096b75ab00d18a,2,1,14,2,linux,BFC
cb8a8ae310741d743fd02982307797f6a126f614,3,0,3,1,linux,BFC
6a8162e99ef344fcffe14c9a4d1061493c4a81a4,62,0,12,2,linux,BIC
9e298e8604088a600d8100a111a532a9d342af09,22,0,5,1,linux,BFC
1f06f7d97f741667bab0f459a4f940b21cab1549,3,3,1,1,linux,BFC
1144ab9bdf3430e1b5b3f22741e5283841951add,1,0,2,1,linux,BFC
3536c97a52db2848d13512878c65affd98fd29db,897,0,0,2,linux,BIC
9bee94e7b7dac0bb049c488b8eaa9a48854ddb8f,618,0,0,2,linux,BIC
2ca9faa551c4c97610bb0209e20c7231a93712ff,4,0,1,2,linux,BIC
45ea97d74313bae681328b0c36fa348036777644,7,0,5,1,linux,BFC
c5bc6e526d3f217ed2cc3681d256dc4a2af4cc2b,2,0,2,1,linux,BFC
e41166c5c44e30dbd620f7c77a27efe5d5cc551a,1,0,6,3,linux,BIC
9b1d6c8950021ab007608d455fc9c398ecd25476,197,156,0,4,linux,BIC
988f3f1603d4650409db5334355cbf7b13ef50c3,5,1,7,3,linux,BFC
ec992cc7ea40e46e53aa8d38bc39db205de9cd34,0,70,11,1,linux,BFC
ec9742a8f38ef69876e9f04be68d985c6bbb8f5f,72,0,0,3,linux,BIC
fab773cb51150ea29ec041d5d001845fac026a3b,0,0,1,1,linux,BFC
c3bea3d2dc5358e05541527283279102383b0231,27,4,36,1,linux,BIC
0258502f11a4f6036b5f8b34b09027c8a92def3a,0,0,1,1,linux,BFC
58cd407ca4c6278cf9f9d09a2e663bf645b0c982,115,55,16,2,linux,BFC
00b99ad2bac256e3e4f10214c77fce6603afca26,13,3,15,1,linux,BIC
f439ed27f8b8b90d243ae15acb193d37f96eebe0,3,0,0,1,linux,BFC
231927d939f073ffee24a5e7acb5b5621ba8b7c8,19,0,0,2,linux,BIC
e7181d005e84b15fe3121a8d22840adc3395d496,33,0,0,1,linux,BIC
238e4a5baa361256ae1641ad9455bb2bb359273f,2,0,10,4,linux,BIC
2d88b2cf2f002417cd7436f0fd34716e8c288fb1,5,0,2,1,linux,BFC
c05f1a4e2c4b8a217b448828c4e59fb47454dc75,1,1,0,1,linux,BFC
4bc05954d0076655cfaf6f0135585bdc20cd6b11,447,0,0,3,linux,BIC
bb1201d4b38ec67bd9a871cf86b0cc10f28b15b5,4,0,13,1,linux,BFC
b4dd4f6e3648dfd66576515f2222d885a9a765c0,60,1,0,3,linux,BIC
761e19a504afa55ec0ede0ed490cddb99b2596a5,6,0,3,1,linux,BIC
172505cfa3a8ee98acaa569fd3be97697b333958,10,0,2,2,linux,BFC
d0cad871703b898a442e4049c532ec39168e5b57,1709,0,0,2,linux,BIC
d79294d0de12ddd1420110813626d691f440b86f,6,0,4,1,linux,BFC
04da73803c05dc1150ccc31cbf93e8cd56679c09,0,0,1,1,linux,BFC
0a31bc97c80c3fa87b32c091d9a930ac19cd0c40,271,534,112,15,linux,BIC
1b489effdb6dc16f63f254ee4c0d579929089e1d,0,0,1,1,linux,BFC
a34f83639490a5cc11a9d5c1b3773d4b6eb69a9e,1,0,1,1,linux,BFC
9c2c2e62df3fa30fb13fbeb7512a4eede729383b,13,4,2,3,linux,BFC
691602aab9c3cce31d3ff9529c09b7922a5f6224,46,0,0,1,linux,BIC
47a6ca3f972f5baf06cd0c9f37d7b5268ade5363,2,0,1,1,linux,BFC
f73316482977ac401ac37245c9df48079d4e11f3,120,8,22,2,linux,BIC
7f147f9bfd44d048e22e8c65877d2b5590e6cf3d,0,5,0,1,linux,BIC
6fc7caa84e713f7627e171ab1e7c4b5be0dc9b3d,12,0,5,1,linux,BFC
6fc4dbcf0276279d488c5fbbfabe94734134f4fa,3,69,19,2,linux,BIC
490f1ff1e6b20da73438a567fd0f78c14fbebc2e,0,0,1,1,linux,BFC
53da6a53e1d414e05759fa59b7032ee08f4e22d7,36,0,1,2,linux,BIC
72d0556dca39f45eca6c4c085e9eb0fc70aec025,7,7,0,1,linux,BFC
b516ea586d717472178e6ef1c152e85608b0ce32,31,0,0,2,linux,BIC
b7a2921765cf796280baf653a52b22b52e0ba266,94,0,1,4,linux,BIC
43b90bfad34bcb81b8a5bc7dc650800f4be1787e,0,0,1,1,linux,BFC
9b94a8fba501f38368aef6ac1b30e7335252a220,2,0,12,1,linux,BFC
73915b2b1f2581cbce5a511550c2cac2e2b42595,3,0,4,1,linux,BFC
fd58753ead86ee289ea89fe26e1842f36e54b36c,2,2,0,1,linux,BFC
c2b24c36e0a30ebd8fc7d068da7f0451f2c05c76,17,0,6,1,linux,BIC
fb3a3e37de337ec2941c71ff0bcb83e701f3c9f4,3,0,6,1,linux,BFC
362899b8725b35e32802882c67f99cbf42bce2af,60,0,11,1,linux,BIC
60f2c82ed20bde57c362e66f796cf9e0e38a6dbb,0,0,5,1,linux,BFC
edabb3c4cd2d035bc93a3d67b25a304ea6217301,0,5,2,1,linux,BFC
09cc76a95802e87dfda0fe6ecad2090de65e0ab1,61,0,0,1,linux,BIC
496db029142f1392b8eebc19bcc49796feb7c8ba,3,80,109,1,linux,BIC
0db1aa424e3ee91fcb9d583edb30a933c64c5b88,0,0,2,2,linux,BFC
52403cfbc635d28195167618690595013776ebde,0,0,1,1,linux,BFC
db4278c55fa53760893266538e86e638330b03bb,0,148,34,30,linux,BIC
41aa8561ca3fc5748391f08cc5f3e561923da52c,0,1,0,1,linux,BFC
f060db99374e80e853ac4916b49f0a903f65e9dc,12,0,0,1,linux,BFC
641522665dbb25ce117c78746df1aad8b58c80e5,0,0,2,1,linux,BFC
9e294bf88a583825a413df408b9fe9e658fb93ac,0,0,5,1,linux,BFC
a88c9e49693759f9eb49dcda6c45a0d32b07634c,40,0,31,4,linux,BIC
9aea9b6cc78d2b99b23d84fb2e0bc6e464c6569e,2,1,0,1,linux,BFC
31bb2f0da1b5099732337d9ecef792ab67970ddf,14,0,0,3,linux,BIC
f605cfca8c39ffa2b98c06d2b9f30ba64f1e54e3,0,0,2,2,linux,BFC
cdb555397f438592bab00599037c347b700cf397,1,0,0,1,linux,BFC
eb1a148ef41d8ae8d9201efc3f1b145976290331,5,0,4,1,linux,BFC
2d2a954375a0405fc721928f0dcc5ad1418996bc,19,0,10,1,linux,BIC
5d02edfc3957446fd625c0b018e14c6631a791f4,118,0,0,2,linux,BIC
de9ba98b6d2629f53fd271a973176c2fa9736d9c,24,9,82,2,linux,BIC
6019ce0742ca55d3e45279a19b07d1542747a098,27,0,3,2,linux,BIC
be8704ff07d2374bcc5c675526f95e70c6459683,273,18,10,8,linux,BIC
6acd193b2654a9ccdeb18a51f1348c17b97e1d78,0,0,1,1,linux,BFC
6a780f51f87b430cc69ebf4e859e7e9be720b283,0,0,11,2,linux,BFC
b15706471abe916a16a38bee4434612998d869d2,4,0,33,1,linux,BFC
5863702561e625903ec678551cb056a4b19e0b8a,2,0,1,1,linux,BFC
ea9eb1f456a08c18feb485894185f7a4e31cc8a4,0,0,1,1,linux,BFC
827318feb69cb07ed58bb9b9dd6c2eaa81a116ad,0,70,36,1,linux,BIC
e6a1f8c696be3ed07b5f4ce81ce7c45f7ff9a483,0,0,1,1,linux,BFC
efeb3caf4341357a7f4745c0da643b13200f0b9f,31,18,0,4,linux,BIC
fdec6114ee1f0f43b1ad081ad8d46b23ba126d70,0,2,0,1,linux,BFC
d83b405383c965498923f3561c3321e2b5df5727,60,0,41,3,linux,BIC
9ccc6e0c8959a019bb40f6b18704b142c04b19a8,0,0,2,1,linux,BFC
707d0cf8f7cff6dfee9197002859912310532c4f,0,4,1,1,linux,BFC
91fb02f31505dc22262b13a129550f470ab90a79,531,519,6,3,linux,BIC
47c2199b6eb5fbe38ddb844db7cdbd914d304f9c,0,0,2,1,linux,BIC
fda490d39fc0668d92e170d95c11e35a010019aa,5,6,3,1,linux,BFC
c66ac9db8d4ad9994a02b3e933ea2ccc643e1fe5,29223,0,0,38,linux,BIC
54498e8070e19e74498a72c7331348143e7e1f8c,0,0,1,1,linux,BFC
7ee2ace9c544a0886e02b54b625e521df8692d20,0,0,1,1,linux,BFC
a8b98c808eab3ec8f1b5a64be967b0f4af4cae43,22,0,7,3,linux,BFC
281920b7e0b31e0a7706433ff58e7d52ac97c327,13,9,4,2,linux,BFC
29353816300c79cb5157ed2719cc71285c7b77aa,3,0,0,1,linux,BFC
c770d8631e1810d8f1ce21b18ad5dd67eeb39e5c,505,0,0,1,linux,BIC
28aa7c86c2b49f659c8460a89e53b506c45979bb,0,0,1,1,linux,BFC
9fa1cebdbfff3db8953cebca8ee327d75edefc40,16,7,1,3,linux,BIC
df8350ed56a26f502a9636f37faf699a12ee906e,1,0,0,1,linux,BFC
dd55cf6929e61922961b8515e73dc4d8443089d2,0,18,13,5,linux,BIC
3d0e0af40672a0bf16ca0f0591165535138c1f30,16,0,3,1,linux,BFC
1d8007bdee074fdffcf3539492d8a151a1fb3436,3,24,18,3,linux,BFC
985087dbcb0265f46e8651fdc7e974f8a7184423,233,47,49,4,linux,BIC
71adf60f0a925c0e0c7dc2d0311fe40b825be737,2,0,0,1,linux,BFC
074d0cdfbb2f5985c5748fe80f6f8a2a7db8b63f,1,0,0,1,linux,BFC
20279420ae3a8ef4c5d9fedc360a2c37a1dbdf1b,2,0,2,1,linux,BFC
8d6e90983ade25ec7925211ac31d9ccaf64b7edf,410,0,35,2,linux,BIC
becf9e5d553c2389d857a3c178ce80fdb34a02e1,6,7,32,1,linux,BIC
3f74cd046fbed349be977606f938e6429155e7b5,3,8,0,4,linux,BIC
5360fd473c23f18b42722cdb13a1c6ec7acd96ff,4,0,0,1,linux,BFC
b3fddd5b100e4aee4f7ec58360435024971dea47,0,0,6,1,linux,BFC
1ade23711971b0eececf0d7fedc29d3c1d2fce01,194,8,1,4,linux,BIC
61e960b07b637f0295308ad91268501d744c21b5,3,0,0,1,linux,BFC
0432184f2f4a7bce6b02d1319277a6e7cefbff10,0,0,1,1,linux,BFC
c167b9c7e3d6131b4a4865c112a3dbc86d2e997d,8901,0,0,12,linux,BIC
94a997637c5b562fa0ca44fca1d2cd02ec08236f,0,0,1,1,linux,BFC
23689e91fb22c15b84ac6c22ad9942039792f3af,157,0,18,5,linux,BIC
c01cfd0f111511f005ac9c2608556a02b012a2dc,47,30,4,1,linux,BIC
661f0312eb3e8325e92c4a9c8d5561ed21527257,20,0,1,1,linux,BFC
23b13bc76f359e99140baf083dc44314f4eb1b87,6,0,6,1,linux,BIC
d69ea414c9b498064d4cd3ebbe2fd4b8298568bc,1004,0,1,7,linux,BIC
b16d0cb9e2fc5c311948c660dd6f4b59a9ccd333,55,15,20,1,linux,BIC
f2574030b0e33263b8a1c28fa3c4fa9292283799,0,49,0,3,linux,BFC
5c20a3a9df19811051441214e7f5091cb3546db0,38,49,0,3,linux,BFC
15c724b997a8fe1a677cf11797fb29c0bdecc63f,59,0,0,2,linux,BIC
03213a996531e507e03c085d411a313e34357498,25,25,0,2,linux,BIC
dfb4a6f2191a80c8b790117d0ff592fd712d3296,4,0,2,1,linux,BFC
3078f5f1bd8b6c8aef77b8ef4d49671fa6eb058e,451,1,21,3,linux,BIC
b3c95d0bdb0855b1f28370629e9eebec6bceac17,8,0,0,1,linux,BFC
b870b0f867c77b92d7fd17ace8421904270d3c6a,7,0,0,1,linux,BFC
7b960c967f2aa01ab8f45c5a0bd78e754cffdeee,14,0,6,1,linux,BFC
983695fa676568fc0fe5ddd995c7267aabc24632,32,0,4,7,linux,BFC
0deab087b16abb755dca6da5d3685375f8ff8c85,26,4,20,1,linux,BIC
6467822b8cc96e5feda98c7bf5c6329c6a896c91,25,0,0,1,linux,BFC
136bf27fc0e9376525b9b6d9a1aa08508a0d1ac2,40,0,0,2,linux,BIC
bb5e5ce545f2031c96f7901cd8d1698ea3ca4c9c,0,13,13,6,linux,BIC
dd9082f4a9f94280fbbece641bf8fc0a25f71f7a,8,0,4,1,linux,BFC
d95a56207c078e2019cf6659d890ec1e987e8420,0,0,1,1,linux,BFC
f19d838d08fc1cde742dedafa776a865e1682e63,66,0,58,1,linux,BIC
6a6c306a09b5227d51fcc1643c888e316935dfa8,14,11,2,3,linux,BIC
68b111bf74a0d69a905d6be4b91277d79f9bcafb,6,12,18,1,linux,BFC
b7c6d2675899cfff0180412c63fc9cbd5bacdb4d,0,4,2,1,linux,BFC
27527a3d3b162e4512798c058c0e8a216c721187,12,0,1,1,linux,BFC
0445efacec75b85c2a3c176957ee050ba9be53f0,2,0,1,1,linux,BFC
98828955971363e838149105c268b1fad905f15b,4,0,1,1,linux,BFC
676e4a6fe703f2dae699ee9d56f14516f9ada4ea,7,0,3,1,linux,BFC
55467fcd55b89c622e62b4afe60ac0eb2fae91f2,5,3,1,1,linux,BFC
ad41faa88e39af451427c921a0f8b441e104b6fa,3,0,1,1,linux,BFC
2c2d7329d8afa9efa3ec24e19a53e7be9d14f242,0,0,1,1,linux,BIC
1f3d62090d3ba4d0c14e5271be87812fc577b197,48,56,0,3,linux,BFC
5ccbb057c0a1282b39192a346f963fa989ddbc92,211,0,2,6,linux,BIC
4ce2a984abd86b002c22b9b84842e32e973a5fec,0,3,10,2,linux,BIC
a51e5d293dd1c2e7bf6f7be788466cd9b5d280fb,2,0,0,1,linux,BFC
ef3eb71d8ba4fd9d48c5f9310bc9d90ca00323b4,159,4,26,9,linux,BIC
fa68bff7cf27d83e0ca83c6388d6bc2ddc599905,107,0,0,4,linux,BIC
0d45a1373e669880b8beaecc8765f44cb0241e47,2,0,1,1,linux,BFC
ad11c4f1d8fd1f03639460e425a36f7fd0ea83f5,5,0,3,1,linux,BIC
c01908a14bf735b871170092807c618bb9dae654,8,0,0,1,linux,BIC
4d741cbd58bf889c8a68cf6e592a7892b5c2802e,1,0,3,1,linux,BFC
28645ae064d1c8f3a5073466090a4df2cc97b454,0,61,0,1,linux,BFC
84ecc2f6eb1cb12e6d44818f94fa49b50f06e6ac,4,0,1,1,linux,BIC
fb8629e2cbfce2b695521d6d33d029117ceda007,287,0,24,4,linux,BIC
8b74816b5a9adac4629f0f072c122d57b8f0eb78,359,0,0,1,linux,BIC
e82c649e851c9c25367fb7a2a6cf3479187de467,5,6,0,1,linux,BFC
fadd409136f0f21192d80816edd9529f27d88c17,140,0,0,1,linux,BIC
8478095a8c4bcea3c83b0767d6c9127434160761,19,7,2,1,linux,BIC
5d6fbc96bd36cfec7bbc0578ad3986affdeb70de,55,0,0,1,linux,BIC
7d8f68619e4f530e19c17e7c0d04f0a791891a77,4,0,0,1,linux,BFC
76648c867c6c03b8a468d9c9222025873ecc613d,0,0,1,1,linux,BFC
bffce907d64042b5683ed3076e839d0249606264,21,10,4,1,linux,BIC
3d99376689ee40d4e88c90d26588268a4fccb383,0,0,9,3,linux,BIC
ab92d68fc22f9afab480153bd82a20f6e2533769,56,349,7,25,linux,BIC
8204f8ddaafafcae074746fcf2a05a45e6827603,11,10,0,2,linux,BFC
2e47c53503eb9faff42b3cfa144a833344dd1f89,4,0,2,1,linux,BFC
75f01a4c9cc291ff5cb28ca1216adb163b7a20ee,2,0,2,1,linux,BFC
f213c05272100f385912372fff678d0af4d7f8ad,321,0,0,5,linux,BIC
a1427af59977894d20b1b5ea61f4b2856c7d1833,2,0,0,1,linux,BFC
a9836cbb5fc885d3b8f3b91b2d47525f7269dec1,0,0,3,1,linux,BFC
b5e1438cf98a1c588726b0f861178f9aa5a96caf,1,20,10,1,linux,BIC
c384ea3ec930ef11060a7308fbbd02b4871384f9,323,0,2,6,linux,BIC
df0566a641f959108c152be748a0a58794280e0e,29,16,30,74,linux,BIC
e78b1b545c6cfe9f87fc577128e00026fff230ba,36,3,1,3,linux,BIC
fc9eec4d643597cf4cb2fef17d48110e677610da,17,2,7,1,linux,BFC
ea1fa48c055f833eb25f0c33188feecb7002ada5,0,0,1,1,linux,BIC
1a1206dc4cf02cee4b5cbce583ee4c22368b4c28,3,0,0,1,linux,BFC
478a010c9235ca92e66cc5058b42e30e33275ad4,3,0,1,1,linux,BFC
76ed8a4a00b484dcccef819ef2618bcf8e46f560,14,0,7,1,linux,BFC
d17f1bbb3aa9631429fa0fe325ad12661d6b226b,1,0,0,1,linux,BFC
c42c5ac4269bf8c0aa7ef2f4bdf328a12b03f65f,0,0,1,1,linux,BFC
f3c82ade7c59303167d56b0be3e0707751fc45e2,2,7,8,3,linux,BFC
54d20ed1fff23c7d2633f01fc788111bf9c51c5d,0,0,2,1,linux,BFC
21ba237926227121dacccaf5d7863b0cb50f3eda,6,0,3,1,linux,BFC
01220025b14ab6be3d41313b45e87be332f217e4,0,0,1,1,linux,BFC
75cb8d20c112aba70f23d98e3f8d0a38ace16006,10,0,0,1,linux,BFC
2d1c498072de69e2857b849ee197ba2aa7de53a3,7,20,16,2,linux,BIC
f10379aad39e9da8bc7d1822e251b5f0673067ef,0,0,1,1,linux,BFC
407788b51db6f6aab499d02420082f436abf3238,0,12,2,2,linux,BFC
c1d5f8ff80ea84768f5fae1ca9d1abfbb5e6bbaa,5,0,1,1,linux,BFC
6d4fab39533f1bcd933d82d1667ceea93e4de260,1,2,1,1,linux,BIC
52c74d3d356b60f3c53dc69e5109752347e144e8,0,11,3,1,linux,BFC
ef3ba87cb7c911bb5073e9ad30c4b37369e1a060,46,0,16,1,linux,BIC
f4afb713e5c3a4419ba7aaecc31a8c8bd91d13fb,5,1,4,4,linux,BIC
d6c8e949a35d6906d6c03a50e9a9cdf4e494528a,0,0,5,2,linux,BFC
f6712238471a8afdbfcea482483fc121281292d8,4,0,3,1,linux,BIC
0c73c523cf737b5d446705392e0e14ee0411a351,50,10,0,5,linux,BIC
3ee098f96b8b6c1a98f7f97915f8873164e6af9d,4,0,2,1,linux,BFC
f689c72d7dbc7bab1cc20440ceccf2c240530d5b,0,1,0,1,linux,BFC
b1234e3b3b265588bab1e7a28508621045b87efa,149,0,17,5,linux,BIC
909890355507e92bdaf648e73870f6b5df606da8,0,0,1,1,linux,BFC
84c8b58ed3addf17d3beb2e5037b001ffa65c5ef,41,0,17,1,linux,BIC
9e58095f9660f88d6a2febe87d5073a6b2e9c399,65,0,0,2,linux,BIC
52017608da33182d0c8b397b21c95f8afab37784,132,0,5,1,linux,BIC
240730437deb213a58915830884e1a99045624dc,10,0,14,1,linux,BIC
bba9cc2cf82840bd3c9b3f4f7edac2dc8329c241,0,3,0,1,linux,BFC
97e86a858bc360c9cded74ce9a06595d40f7ad81,9,158,456,2,linux,BIC
c8b5d129ee293bcf972e7279ac996bb8a138505c,69,0,4,18,linux,BIC
2c19bb43e5572929f00f186d43e99bfd6d7ee3b2,8,0,0,1,linux,BIC
3dcc8d39cf15fa3ceabedcffcbd3958fe953555a,3,0,1,1,linux,BFC
1a198794451449113fa86994ed491d6986802c23,9,1,3,1,linux,BFC
adae1e931acd8b430d31141a283ea06d4b705417,118,0,25,11,linux,BIC
64c7d7ea22d86cacb65d0c097cc447bc0e6d8abd,4,0,1,1,linux,BFC
e59d3c64cba69b57263dff1d62838bc6a819ae37,3,4,9,1,linux,BIC
73ffcefcfca047e5c13a3f81d2cf22eff18732c1,5,0,0,1,linux,BIC
c67913492fec317bc53ffdff496b6ba856d2868c,1,0,0,1,linux,BFC
04fd61a4e01028210a91f0efc408c8bc61a3018c,2,0,0,1,linux,BFC
f74f2e2e26199f695ca3df94f29e9ab7cb707ea4,0,0,1,1,linux,BFC
a19b882c07a63174f09d1f7c036cc2aab7f04ad3,16,1,21,1,linux,BIC
fc0ea795f53c8d7040fa42471f74fe51d78d0834,86,4,2,3,linux,BIC
b14ed2c273f8ab872ae4e6735fe5ab09cb14b8c3,0,0,1,1,linux,BFC
0780cd36c7af70c55981ee624084f0f48cae9b95,1,0,14,2,linux,BFC
06d3eff62d9dc6f21e7ebeb14399f2542a36cdf5,5,0,2,1,linux,BIC
919163f6362ac23138d31fc8befdd52e5d7e488d,2,0,0,1,linux,BFC
487778f8d22fcdebb6436f0a5f96484ffa237b0b,3,20,19,1,linux,BFC
96307a0a75d8f1847debefd6a402339aac43e224,0,0,1,1,linux,BFC
2a92e07edc5edef44bb7a0b8ede3154476dbb50a,39,0,0,1,linux,BIC
991f5b3651f6bb1cb5034f422e43f489e65f2701,290,0,32,5,linux,BIC
96f1e097457506f215adfe3c47aacc15a88f6dd7,37,0,5,3,linux,BIC
a006c04e6218bb82c11888d9b99ef642bd64cf93,3,0,2,1,linux,BIC
e8f19746e4b1e8c3118d240dba51f06153a37b07,1,0,0,1,linux,BFC
622897da67b38290a2a0fbbebdd13f2448a1b5e0,1775,0,0,2,linux,BIC
80f99093d81370c5cec37fca3b5a6bdf6bddf0f6,7,8,0,1,linux,BFC
7c1c7308592f0f261836a96e37b7835ffd10d85b,0,3,4,1,linux,BIC
d916b1be94b6dc8d293abed2451f3062f6af7551,89,0,3,1,linux,BIC
f8b298cc39f0619544c607eaef09fd0b2afd10f3,0,0,1,1,linux,BFC
f2ad99fc46d5454e097692c8c8202fd5bc46c809,0,0,1,1,linux,BFC
5d756112da49af8798620fc788ff4c730c7d5574,15,1,4,3,linux,BFC
ee3d532fcb64872bc20be0ee58f7afdb9fa82abe,33,0,8,1,linux,BIC
2faf12c57efe1f905007e866d753af7851205aec,0,0,7,2,linux,BIC
39e0f991a62ed5efabd20711a7b6e7da92603170,0,1,4,2,linux,BFC
8ca34a13f7f9b3fa2c464160ffe8cc1a72088204,0,0,4,1,linux,BFC
2bc61da9f7ff422117a68bef0d309a29affd023a,355,0,0,2,linux,BIC
8493b2a06fc5b77ef5c579dc32b12761f7b7a84c,8,0,3,1,linux,BFC
c2f644aeeba3a5178767e757e93151959f037db1,22,1,4,1,linux,BIC
09c91ddf2cd33489c2c14edfef43ae38d412888e,2,0,2,1,linux,BFC
a3b1b1ef78cd2ffb5d3a223465064dee05929dc3,10,18,28,1,linux,BIC
774fea1a38c6a5a8ccc10969db84da24565f276f,328,0,0,3,linux,BIC
f433e8aac6b94218394c6e7b80bb89e4e79c9549,14,0,17,1,linux,BIC
f7299d441a4da8a5088e651ea55023525a793a13,6,0,1,1,linux,BFC
7a35583ec5b64f17559c9de8d7c47f7360e40362,0,17,5,1,linux,BFC
4671c204dd5fe7f73dc7a47977e779f4a7a95508,0,1,0,1,linux,BFC
c07531c01d8284aedaf95708ea90e76d11af0e21,1,2,4,3,linux,BIC
81c4f4d924d5d009b5ed785a3e22b18d0f7b831f,5,0,2,1,linux,BFC
aa99a76b40d6434e67ac23efef2a01c291b82d8b,4,0,3,1,linux,BFC
6e540309326188f769e03bb4c6dd8ff6752930c2,12,0,3,1,linux,BIC
be0e16ce7c3bf9855f1ef5ae46cf889e1784ddea,0,0,1,1,linux,BFC
0a9019cc8ae0caf97d3d914d178e31ffd37cc48e,1,0,3,1,linux,BFC
f218d67ef00431728ab7317e829006d00ecd5ca4,399,26,63,6,linux,BIC
cd443f1e91ca600a092e780e8250cd6a2954b763,1,1,0,1,linux,BFC
f0f4a753079c636d5d43a102edbde0dad1e7de51,108,0,0,1,linux,BIC
a54ca0f62f953898b05549391ac2a8a4dad6482b,49,251,180,5,linux,BIC
06f6d1094aa0992432b1e2a0920b0ee86ccd83bf,1,0,0,1,linux,BFC
beb3fb41659a3cff2121f126a83fd7167b601a63,6,6,0,1,linux,BFC
00066e9733f629e536f6b7957de2ce11a85fe15a,71,0,0,1,linux,BIC
1dbcb97c656eed1a244c960b8b3a469c3d20ce7b,37,0,0,1,linux,BFC
e284b159c6881c8bec9713daba2653268f4c4948,4,0,2,1,linux,BFC
bff3ff525460b492dca1d1665e821d2b5816ebdb,27,0,2,3,linux,BIC
457e20d659247a09524e276aed46f19d853701d0,6,9,3,1,linux,BFC
9bca3a0a923fc3f0fb9e41391be1d0f291e86858,0,0,5,1,linux,BFC
e6d020eeefcd2992c8217113742aeb3d588270ee,31,0,0,1,linux,BIC
062fa09f44f4fb3776a23184d5d296b0c8872eb9,1,0,2,1,linux,BFC
b26deabb1d915fe87d395081bbd3058b938dee89,34,3,10,5,linux,BIC
221fe7994554cc3985fc5d761ed7e44dcae0fa52,38,18,2,5,linux,BIC
3f3dac7e4d815cb7f929c0ed98c3a45a86852e53,0,3,0,1,linux,BFC
7fb3be13a23697450f3609877c367a3750aba3b5,19,0,9,1,linux,BIC
b8b8b16352cd90c6083033fd4487f04fae935c18,0,0,1,1,linux,BIC
a951ed85abd4615e98e36b536e3b3b07b22a88ac,0,0,1,1,linux,BFC
a024ad0d49550e4ea1156e677cd9382e1eefbdd7,1,12,1,2,linux,BFC
c65fe9cbbfd61dbc12868f9ed4940c80fcb249e8,2,0,1,1,linux,BFC
20d0189b1012a37d2533a87fb451f7852f2418d1,162,299,110,10,linux,BIC
bafbb9c73241760023d8981191ddd30bb1c6dbac,0,0,1,1,linux,BFC
a963052e539887df481d4d3a6ad4c92ca6461852,3,0,0,1,linux,BFC
f61dfff2f5b9fcb087bf5c444bc44b444709588f,0,4,3,1,linux,BFC
c450960187f45d4260db87c7dd4fc0bceb5565d8,42,14,10,3,linux,BFC
05bb3d5ec64a632acebdb62779dd4c9d7dc495d2,774,0,0,2,linux,BIC
e8d548d549688d335236f7f6f8bcee141a207ff8,251,212,38,6,linux,BIC
f4168b617ac09986c4333accaff5d8ba5a9db7bf,0,0,5,1,linux,BFC
3431ca4837bf7f2b816e4c439db5bb66e7586746,5,0,1,1,linux,BIC
1cb3ad701970e68f18a9e5d090baf2b1b703d729,0,0,4,1,linux,BIC
6431a7e36652517df82855ee79c8240001812a55,3,0,1,1,linux,BFC
7e4183752735deb7543e179a44f4f4b44917cd6f,26,18,2,1,linux,BFC
d6b915e29f4adea94bc02ba7675bb4f84e6a1abd,30,0,8,4,linux,BIC
dcd6dffb0a75741471297724640733fa4e958d72,1,0,1,1,linux,BFC
1a476abc723e644248dba975b71122fcf878703b,972,0,0,2,linux,BIC
2316f0fc0ad2aa87a568ceaf3d76be983ee555c3,1,0,0,1,linux,BFC
ebb1064e7c2e90b56e4d40ab154ef9796060a1c3,86,4,18,6,linux,BIC
e21da1c992007594d391e7b301779cf30f438691,0,0,2,1,linux,BFC
4f23dbc1e657951e5d94c60369bc1db065961fb3,119,0,54,2,linux,BIC
9cf2f437ca5b39828984064fad213e68fc17ef11,8,3,4,1,linux,BFC
4cbe4dac82e423ecc9a0ba46af24a860853259f4,23,0,0,3,linux,BFC
800149a77c2cb8746a94457939b1ba1e37d2c14e,39,0,1,2,linux,BIC
fa34edbed46178545285fd080c8d4d3fbc8fbc71,0,0,4,2,linux,BFC
1d7e2ed22f8d9171fa8b629754022f22115b3f03,28,0,33,4,linux,BIC
acf20ed020ffa4d6cc8347e8d356509b95df3cbe,3,0,3,1,linux,BFC
9d789dc047e32fb0f85ff192f883a534017512a2,1,0,1,1,linux,BIC
4fab9071950c2021d846e18351e0f46a1cffd67b,6,3,2,6,linux,BFC
0b8e3c4ca29fe2c0efd3d41a76e34a657b9f17a4,11,2,4,4,linux,BIC
102110efdff6beedece6ab9b51664c32ac01e2db,5,0,1,1,linux,BFC
6154c187b97ee7513046bb4eb317a89f738f13ef,0,0,1,1,linux,BFC
780e1384687d6ecdee9ca789a1027610484ac8a2,7,2,1,1,linux,BFC
4c1458df9635c7e3ced155f594d2e7dfd7254e21,0,3,1,1,linux,BFC
3fe5739db488434bc0368577615ea7275b0f43a5,84,0,1,2,linux,BIC
1f142c17d19a5618d5a633195a46f2c8be9bf232,0,0,3,2,linux,BFC
a37b969a61c1efcd16da9c9ab3b237235c48560c,9,0,1,1,linux,BIC
86bb4f697a964ab5e50f1159e04c6a5d5acde2d4,6,0,1,1,linux,BFC
0c625ccfe6f754d0896b8881f5c85bcb81699f1f,15,0,0,1,linux,BFC
980b3a8790b402e959a6d773b38b771019682be1,20,21,0,1,linux,BIC
7d96c9b17636b6148534617ddf95dead18617776,34,33,17,6,linux,BIC
e45cdc71d1fa5ac3a57b23acc31eb959e4f60135,27,12,6,1,linux,BFC
b11483ef5a502663732c6ca1b58d14ff9eedd6f7,3,0,2,1,linux,BFC
0ab1ace856205d10cbc1924b2d931c01ffd216a6,0,0,1,1,linux,BFC
0b7402dce445ba0d11401c2cb806e8fc260c9e49,10,10,4,7,linux,BIC
327da008e65a25b8206b36b7fc0c9e4edbb36a58,20,0,0,1,linux,BFC
1a92497dc3f90280aebfea8044741d75438110e0,0,3,4,1,linux,BFC
b3fed434822d0873269231f77e23fc801da32569,11,0,9,1,linux,BIC
63c3aa6b68782ee5ddb6588d95aacf1ab33e528b,0,0,1,1,linux,BFC
4d50934abd2261fd467320d52c470efff309fd74,4828,0,0,3,linux,BIC
ca876c7483b697b498868b1f575997191b077885,54,0,1,1,linux,BIC
caf6912f3f4af7232340d500a4a2008f81b93f14,14,5,0,3,linux,BFC
5fae8a946ac2df879caf3f79a193d4766d00239b,0,0,1,1,linux,BFC
176baefb2eb5d7a3ddebe3ff803db1fce44574b5,420,7,4,4,linux,BIC
94cd65ddf4d70b1d536178d096eeb4d3bd08272e,137,12,270,5,linux,BIC
8866df9264a34e675b4ee8a151db819b87cce2d3,34,1,6,1,linux,BIC
51beea8862a3095559862df39554f05042e1195b,2,0,2,1,linux,BFC
b130762161374b1ef31549bef8ebd4abeb998d94,0,0,1,1,linux,BFC
bf9f6ac8d74969690df1485b33b7c238ca9f2269,191,7,3,5,linux,BIC
e4d2f4fd5341064d2b3c5158da69421a581e7ec1,30,17,25,1,linux,BFC
a683f390b93f4d1292f849fc48d28e322046120f,99,0,21,3,linux,BIC
9d6d20e652c0d304f98de30d51805658f98ba27d,83,0,23,3,linux,BIC
b4ce237b7f7d31abe9c5b0c443a64573ace4933d,23,116,398,1,linux,BIC
4924b1f7c46711762fd0e65c135ccfbcfd6ded1f,7,0,3,3,linux,BFC
5b438f4ba315db4f8c1489d175656798d58c014f,13,3,42,3,linux,BIC
bb4a8dcb4e9498deccaf7b257449044968e514c7,0,0,3,1,linux,BFC
f79a732a8325dfbd570d87f1435019d7e5501c6d,12,0,1,2,linux,BFC
1e405c1a3f667bf152905127b94e9c8f454a343e,1,0,1,1,linux,BFC
e909d054bdea75ef1ec48c18c5936affdaecbb2c,1,0,0,1,linux,BFC
42fb6b1d41eb5905d77c06cad2e87b70289bdb76,13,1,1,1,linux,BFC
f8db4d051b5eb8d6272b67d76cf79971d117a728,1,0,0,1,linux,BIC
da785a87787c97823d12107a4f0ec7adcc2a78d9,3,0,1,1,linux,BFC
6a643ddb5624be7e0694d49f5765a8d41c1ab6d0,29,31,6,4,linux,BIC
aaca43fda742223e4f62bd73e13055f5364e9a9b,69,0,2,1,linux,BIC
a86308fc534edeceaf64670c691e17485436a4f4,2,0,2,1,linux,BFC
c29677312d2532f7a7d49623539e435df6d64d22,0,0,1,1,linux,BFC
e77f847df54c6b01f4628dd352f4168db3082aa8,1198,0,0,1,linux,BIC
7e76e4bc00999846c17604dc25486fffa542078d,0,0,5,1,linux,BFC
d3337eb1e113bed287b58677e755c807be88d507,0,0,2,1,linux,BFC
7a4be6c113c1f721818d1e3722a9015fe393295c,0,0,1,1,linux,BFC
bf13502ed5f941b0777b3fd1e24dac5d93f3886c,5,0,11,2,linux,BFC
6be3b0db6db82cf056a72cc18042048edd27f8ee,204,10,44,2,linux,BIC
6623e3e3cd78020016d3fa42555763178e94ab64,8,0,1,1,linux,BFC
b046ffe54dc13ff8ae918c83bedb71aa7919d63b,29,0,0,1,linux,BIC
bc9ab9231ec8c08352ea860480523d88a221a68f,1,0,0,1,linux,BFC
f16443a034c7aa359ddf6f0f9bc40d01ca31faea,3,14,5,3,linux,BIC
b69ec50b3e55c4b2a85c8bc46763eaf330605847,14,0,0,1,linux,BFC
e0b67035a90b58d01f911fed77b6e3da153da66e,176,0,14,1,linux,BIC
2c19e395e061a1c1442e0623ce5ec88ecc6c5a9b,0,5,0,1,linux,BFC
c006a06508db4841d256d82f42da392d6391f3d9,0,0,2,1,linux,BFC
ca8931948344c485569b04821d1f6bcebccd376b,0,0,2,1,linux,BIC
2d73ac6102d943c4be4945735a338005359c6abc,52,22,6,4,linux,BIC
ef98eb0409c31c39ab55ff46b2721c3b4f84c122,1,0,2,1,linux,BFC
13e3d94110d82e318d640d0980896d32e02ba4d6,0,2,1,1,linux,BFC
97f55ca5b6625bb4ddeca7b1272b53ca04ab3cf0,10,0,3,1,linux,BIC
73045a08cf5549cc7dee14463431fbeb2134dd67,65,36,44,10,linux,BIC
7c8881b77908a51814a050da408c89f1a25b7fb7,1,0,0,1,linux,BFC
cc019545a238518fa9da1e2a889f6e1bb1005a63,2,0,3,1,linux,BFC
337f13046ff03717a9e99675284a817527440a49,1,0,1,1,linux,BIC
ba422731316dde1e22dcc84b83c7349dc0ce1c3c,0,0,2,1,linux,BFC
d5ff72d9af73bc3cbaa3edb541333a851f8c7295,0,0,1,1,linux,BFC
0a6fc70d76bddf98278af2ac000379c82aec8f11,0,53,17,1,linux,BFC
0708b6facb4d165ef22bccddf2dc3e1eb9a12d03,0,1,0,1,linux,BFC
d144bf6205342a4b5fed5d204ae18849a4de741b,28,0,3,3,linux,BFC
0a09c5b8cb8f75344da7d90c771b84f7cdeaea04,4,4,0,1,linux,BFC
dd24c00191d5e4a1ae896aafe33c6b8095ab4bd1,8,2,16,8,linux,BIC
e47488b2df7f9cb405789c7f5d4c27909fc597ae,3,0,3,1,linux,BFC
a7b4cbfdc7010e5a7136b3e4f8c2a9d3c8f634e5,2,66,22,1,linux,BIC
4bf01ca21e2e0e4561d1a03c48c3d740418702db,5,0,1,1,linux,BFC
92696286f3bb37ba50e4bd8d1beb24afb759a799,1,0,2,1,linux,BFC
383d470936c05554219094a4d364d964cb324827,4,0,0,1,linux,BFC
edc440e3d27fb31e6f9663cf413fad97d714c060,128,85,41,2,linux,BIC
3218f7094b6b583f4f01bffcf84572c6beacdcc2,55,0,10,3,linux,BIC
a3241a91de6429051a211b5ce04d6946157caec7,14,0,2,1,linux,BFC
7616ac70d1bb4f2e9d25c1a82d283f3368a7b632,5,1,2,3,linux,BFC
1b2f08df0a886e0565c71821d5230cba395f5c18,1,0,0,1,linux,BFC
e41eb3e408de27982a5f8f50b2dd8002bed96908,3,9,0,2,linux,BFC
e399441de9115cd472b8ace6c517708273ca7997,2586,0,0,1,linux,BIC
69a1d98c831ec64cbfd381f5dcb6697e1445d239,68,1,92,2,linux,BFC
a8cfbcaec0c1214ddebf1b7a39aa0df545fbbf90,114,69,80,2,linux,BIC
bfe4037e722ec672c9dafd5730d9132afeeb76e9,178,2,2,2,linux,BIC
f04064814c2a15c22ed9c803f9b634ef34f91092,1,0,1,1,linux,BIC
83473566260288c560e5443ea4cc40a458aa9e6a,106,0,9,2,linux,BIC
dc2f7e67a28a5cbe4ea905dafaa6903df670014a,716,0,0,2,linux,BIC
bab9b2a74fe9da96e895e0919f625679a0a8c964,43,0,0,3,linux,BIC
2b43470add8c8ff1e1ee28dffc5c5df97e955d09,743,44,75,11,linux,BIC
7124198ab1a48ac1f29766aeba76cb176905b348,66,66,6,5,linux,BIC
43d8eb9cfd0aea93be32181c64e18191b69c211c,25,0,16,3,linux,BIC
cabb1bb60e88ccaaa122ba01862403cd44e8e8f8,2,0,1,1,linux,BFC
c022375ae0955b6d97ec438d658ab43a857a010f,135,0,0,11,linux,BIC
f1239d8aa84dad8fe4b6cc1356f40fc8e842db47,3,0,0,1,linux,BFC
fa9cbf320e996eaa3d219344b6f7013b096cafd9,0,0,1,1,linux,BIC
21f64e72e7073199a6f8d7d8efe52cd814d7d665,11,0,0,1,linux,BFC
33cdcee04be3b4482be97393167e7561b2584e1e,4,0,6,1,linux,BFC
0228ecf6128c92b47eadd2ac270c5574d9150c09,1,0,0,1,linux,BFC
b9fae2d54c9ffceed7b57bfc9d4acb0de40b4ba8,302,2,1,7,linux,BIC
5038a5679094ca21980b668f8d86b4dfb6ebbf0d,1,0,0,1,linux,BFC
a64119415ff248efa61301783bc26551df5dabf6,22,0,0,2,linux,BFC
a7ff7dcaf4d2dfbfd901e28ab0101ee9a1b8bf98,0,0,1,1,linux,BFC
8aaf1ee70e19ac74cbbb81098edfa328d1ab4bd7,32,32,11,2,linux,BIC
3ae180972564846e6d794e3615e1ab0a1e6c4ef9,0,0,2,1,linux,BFC
be9cae2479f48d18f7a449ba91677ae97df11f3e,12,0,0,1,linux,BIC
8bec4337ad4023b26de35d3b0c3a3b2735ffc5c7,163,0,0,1,linux,BIC
55e16d30bd99510900caec913c90f53bc2b35cba,19,20,1,2,linux,BIC
5d9da759f7587c87252ef98e70bc0b4a89e4d036,0,0,1,1,linux,BFC
71e843295c680898959b22dc877ae3839cc22470,1,0,0,1,linux,BFC
a9666c1cae8dbcd1a9aacd08a778bf2a28eea300,0,4,0,1,linux,BFC
fbd92809997a391f28075f1c8b5ee314c225557c,1,0,1,1,linux,BFC
6752e40d669a960ffa80ff423e800c49b2fd1263,0,0,3,1,linux,BIC
9cd8b6c90529344694f0d941841c08e2ee5d9a82,10,0,0,1,linux,BFC
a244e7b57f0fb778bd333b10fffbeb362b94ffc3,405,0,0,1,linux,BIC
d00fa46e0a2c670d980af6e9e81b41ae3f9f02b5,25,0,0,1,linux,BIC
43cee314345ac9e34e744f8c335150a17ff9a6fb,15,1,12,2,linux,BIC
8e093ea4d3593379be46b845b9e823179558047e,11,0,0,1,linux,BFC
31c9590ae468478fe47dc0f5f0d3562b2f69450e,7,4,23,7,linux,BIC
c60a03fee0e5d5c124befe041696228c8c665eaa,1,20,6,1,linux,BIC
3622adb02623cde94ea85c68e9a968d0059de545,0,0,1,1,linux,BFC
c30a0cbd07ecc0eec7b3cd568f7b1c7bb7913f93,0,0,3,1,linux,BFC
11d7a0bb95eaaba1741bb24a7c3c169c82f09c7b,0,0,2,2,linux,BFC
6d969a471ba107d94cf03dab3c69f45b9733f500,38,0,0,2,linux,BIC
64c4a37ac04eeb43c42d272f6e6c8c12bfcf4304,3,0,0,1,linux,BFC
5b781c7e317fcf9f74475dc82bfce2e359dfca13,7,0,2,1,linux,BIC
03d6c3b0fa4f5f0379cede079ec828a6c999fe43,5,0,5,1,linux,BFC
8aebbbb2d573d0b4afc08b90ac7d73dba2d9da97,0,0,2,1,linux,BFC
49b037acca8c3f7d7e43d64c6f7cec487a706e37,9,4,14,1,linux,BIC
b05972f01e7d30419987a1f221b5593668fd6448,2,0,1,1,linux,BFC
311191297125156319be8f86d546ea1c569f7e95,0,0,6,2,linux,BIC
c4a3fa261b16858416f1fd7db03a33d7ef5fc0b3,14,0,2,1,linux,BFC
dbef5257737b989d4785b62939f1e9cba3948689,0,1,0,1,linux,BFC
b3f9916d81e8ffb21cbe7abccf63f86a5a1d598a,0,0,1,1,linux,BFC
d5b29c2c5ba2bd5bbdb5b744659984185d17d079,2,0,0,1,linux,BFC
df08126e3833e9dca19e2407db5f5860a7c194fb,0,6,2,1,linux,BFC
763dbf6328e41de7a55851baf5ee49e367552531,76,70,58,13,linux,BFC
5361a42114689f875a9748299cadb4b1adbee6f4,0,0,1,1,linux,BFC
685ec6a81bb0d47faf1dba49437d5bdaede2733d,0,2,1,1,linux,BFC
058feb53666f8ca1f4b838227a9efae13801b861,0,0,4,1,linux,BIC
f70ac097a2cf5d4b67b2c1bbb73196c573ffcb7b,2304,0,0,2,linux,BIC
7a37052adb5e843bcfff6c98aee9b60bb087b910,13,5,4,2,linux,BFC
3c9dc275dba1124c1e16e7037226038451286813,0,19,5,1,linux,BFC
db1c08a7406351673c52594f5c8a65829baf5bf6,52,3,3,3,linux,BIC
9e28f6532c611c0c3fa759d2101aba9f0d41e860,333,0,0,1,linux,BIC
f265d799596aff80fe19b0b3896a4abe13cdb534,77,0,0,4,linux,BIC
2f258b74d13c200944ef018c71ed9d9a7d4da0b0,90,0,0,1,linux,BIC
fa07ab72cbb0d843429e61bf179308aed6cbe0dd,2,0,1,1,linux,BFC
58fec830fc19208354895d9832785505046d6c01,0,0,1,1,linux,BFC
4fb158f65ac5556b9b4a6f63f38272853ed99b22,130,0,4,5,linux,BIC
f268307ec7c728fbc042608c7505926460117816,2,76,53,1,linux,BIC
e8a66d800471e2df7f0b484e2e46898b21d1fa82,0,1,1,1,linux,BFC
e5f5d74747afa799bff109644be04b00af36043e,0,0,1,1,linux,BFC
e8de370188d098bb49483c287b44925957c3c9b6,2991,0,0,2,linux,BIC
224d71ccc07c6b221e4fdff7cd3d04c6033228c5,0,3,6,1,linux,BFC
a41d203a1d34a7546c57d8d449bc834cee4d6653,1,0,0,1,linux,BFC
121b6a79955a3a3fd7bbb9b8cb88d5b9dad6283d,0,3,8,1,linux,BFC
bb6bccba390c7d743c1e4427de4ef284c8cc6869,4,0,2,1,linux,BFC
656c5ba50b7172a0ea25dc1b37606bd51d01fe8d,1,0,0,1,linux,BFC
019b1c9fe32a2a32c1153e31375f87ec3e591273,0,1,1,1,linux,BFC
f5e4546347bc847be30b3cf904db5fc874b3c5dc,107,0,5,3,linux,BIC
ff7a2adac50873aaba71759779505693806adcc1,0,7,0,1,linux,BFC
80248559992a05573b2db7865490eb82c745db87,2,0,0,1,linux,BFC
2e99dedc73f004f650b197c9b269c15c7e01ad15,1,0,1,1,linux,BFC
4ba104f468bbfc27362c393815d03aa18fb7a20f,10,0,3,1,linux,BFC
fe3f338f0cb2ed4d4f06da054c21ae2f8a36ef2d,1,0,1,1,linux,BFC
15480f3ab7a8b5333e170d7168ce8a1012cc735e,1,1,0,1,linux,BFC
e54bcde3d69d40023ae77727213d14f920eb264a,846,0,0,2,linux,BIC
293d5b43948309434568f4dcbb36cce4c3c51bd5,196,3,8,12,linux,BIC
1c1a7aa3663c69799efd22962e95d13bea71c293,89,0,40,1,linux,BIC
9979e320b559264333a77c73131ae88cefca15e5,0,0,1,1,linux,BFC
30c88a47f1abd5744908d3681f54dcf823fe2a12,2,0,3,1,linux,BFC
4a3d308d6674fabf213bce9c1a661ef43a85e515,0,0,1,1,linux,BFC
b3562c6087b585abba53d906f127d6fd5a92829c,19,0,3,1,linux,BFC
a906d6931f3ccaf7de805643190765ddd7378e27,5,0,0,1,linux,BIC
257a525fe2e49584842c504a92c27097407f778f,4,0,2,2,linux,BFC
7fda2b0bfbd98e554be9dbbdf930c34674438c85,12,0,6,1,linux,BIC
aba2d9a6385a5cc4f7a7e8eb5788e1ddbc213fc0,2,0,4,1,linux,BFC
2b6867c2ce76c596676bec7d2d525af525fdc6e2,0,0,2,1,linux,BIC
9c9d709965385de5a99f84b14bd5860e1541729e,1,0,1,1,linux,BFC
22617e21633142dd2b81541cb3b95d6fb59aa85f,7,0,3,1,linux,BIC
6b5033831febbe1c009b6713338cc9e417b45ceb,4,9,2,1,linux,BFC
c1d869d64a1955817c4d6fff08ecbbe8e59d36f8,2,0,1,1,linux,BFC
87f9a031af48defee9f34c6aaf06d6f1988c244d,1,0,0,1,linux,BFC
311950f8b8d80ba41aa09a26bcaf0c2231f8d264,1,2,19,1,linux,BFC
847f0a2bfd2fe16d6afa537816b313b71f32e139,0,9,3,1,linux,BFC
7acf79b6b2160540af87f47a55d7e3e5637ddeb5,0,0,3,1,linux,BFC
cfe28f909ddd6ca854568870a7a9b46454e52b6f,0,0,2,1,linux,BFC
d7be266adbfd3aca6965ea6a0c36b2c3d8fc9fc8,17,0,0,1,linux,BFC
458ec0c8f35963626ccd51c3d50b752de5f1b9d4,2,0,7,1,linux,BFC
e951747a087a8655f467833bb367ebf53d57527c,101,82,26,6,linux,BIC
0bb29a849a6433b72e249eea7695477b02056e94,0,0,2,1,linux,BFC
983bf1256edb477a376b6ce95adf36e13bc88f9a,47,0,0,1,linux,BIC
0efc4976e3da40b09c592b21f722022d8f12a16b,0,0,1,1,linux,BFC
f2c9699f65557a31fed4ddb9e5b4d9489b1bf32f,39,0,0,2,linux,BIC
ebeac3ea995b59e823510937ab92825004e3fbaa,28,28,0,1,linux,BFC
6663ae07d995f5fbe2988a19858b2f87e68cf929,0,8,0,1,linux,BFC
25331d6ce42bcf4b34b6705fce4da15c3fabe62f,28,1,80,25,linux,BIC
0356010d825eb18d9157408e8ca4ec4613d61398,6,1,2,3,linux,BFC
8490ae207f1d1dd6765e89dd7c189c2c975ee3bc,9,2,1,2,linux,BIC
733a969a7ed14fc5786bcc59c1bdda83c7ddb46e,0,0,1,1,linux,BFC
ff148d8ac53e59802645bd3200c811620317eb9f,0,0,1,1,linux,BFC
c889a45d229938a94b50aadb819def8bb11a6a54,0,0,2,1,linux,BFC
c874bf59add0e6ed1d5d8c1753b9b66d51e3f640,47,0,0,1,linux,BIC
2c1cf00eeacb784781cf1c9896b8af001246d339,2,0,1,1,linux,BFC
1591fadf857cdbaf2baa55e421af99a61354713c,37,0,1,2,linux,BIC
17ce8a6907f77b7ac97ddaa071d8a1f6e06ce85b,213,0,16,5,linux,BIC
15cfef8623a449d40d16541687afd58e78033be3,28,9,10,1,linux,BFC
e1af4779617928efa84562de4de5dc071e7deb08,12,0,0,2,linux,BFC
5bf19d0aa3d2f22d4c050c030f436ab97b7e6f1e,0,0,1,1,linux,BFC
49ef5294cda256aa5496ba56bbf859d3c7a17e07,110,168,220,12,linux,BIC
75f2d3a0cef5cd8cd41772c9f8ada37dee9c9369,11,0,5,3,linux,BFC
7506d211b932870155bcb39e3dd9e39fab45a7c7,2,0,2,1,linux,BFC
61989a80fb3ac9d7837d03053624d5ea034a0d02,913,0,0,3,linux,BIC
2770a7984db588913e11a6dfcfe3461dbba9b7b2,94,0,4,2,linux,BIC
90b1e7a57880fb66437ab7db39e1e65ca0372822,45,8,13,7,linux,BIC
99f0eae653b2db64917d0b58099eb51e300b311d,0,0,1,1,linux,BFC
be5d1b61a2ad28c7e57fe8bfa277373e8ecffcdc,0,0,1,1,linux,BFC
b5b5a27bee5884860798ffd0f08e611a3942064b,2,0,6,1,linux,BIC
e2a619ca0b38f2114347b7078b8a67d72d457a3d,0,2,0,1,linux,BFC
17b334a876fe121abbd6634ace83ca58deea4bc5,0,0,12,1,linux,BFC
ebc9446135671b89c2397f438af45d9cef0d1368,7,308,88,14,linux,BIC
7c4bfcb0556bc8e1cd86b25db0a5058b49f5a085,18,1,2,1,linux,BFC
d04071a5d6413b65f17f7bd6e2bdb22e22e4ace7,1,0,2,1,linux,BFC
32d4fd5751eadbe1823a37eb38df85ec5c8e6207,18,0,7,1,linux,BIC
fc518953bc9c8d7d33c6ab261995f5038f3c87f9,158,1,13,8,linux,BIC
ab1d0cc004d706523dcad7cdad97a2b94eecf169,5,9,6,3,linux,BIC
dc8c46a5ae770d3d763353e786990bc415bc5560,332,3,2,4,linux,BIC
b0353540ffd2d78dca232990719916bee58c7523,0,0,1,1,linux,BFC
7a4836560a6198d245d5732e26f94898b12eb760,0,6,4,1,linux,BIC
619c15f7fac98fbeaae02d76a5529f5026a2b6d7,48,9,7,1,linux,BIC
38230243ef316ac696956d75dc78a22e3aa789b9,2,0,5,1,linux,BFC
c411104115e6821f26fc8f6de8b235ddf98de688,0,0,1,1,linux,BFC
956d510ee78caebc83c0eaeb892db5b239a36a06,62,0,0,2,linux,BIC
8e8ce08198de193e3d21d42e96945216e3d9ac7f,4,0,0,1,linux,BFC
c737b7c4510026c200e14de51eb0006adea0fb2f,65,2,32,8,linux,BIC
da351827240e1705cca64bb8ae526f0ce1068048,255,0,1,2,linux,BIC
3a762de55b4ede47a5369f57d0f92979738be638,2,0,2,1,linux,BFC
706024a52c614b478b63f7728d202532ce6591a9,38,3,27,7,linux,BFC
0fbcfb089a3f2f2a731d01f0aec8f7697a849c28,10,2,8,1,linux,BFC
bed34ef544f9ab37ab349c04cf4142282c4dcf5d,13,0,1,1,linux,BFC
ac4eb009e4776e9ef4c0484865c2f5a3786eecae,20,1,1,1,linux,BIC
4bb1a53be85fcb1e24c14860e326a00cdd362c28,6,11,0,1,linux,BFC
ec971aaa6775cff555b4f58777ceab1d9a8370e0,53,9,21,1,linux,BIC
a50e5fb8db83c5b57392204c21ea6c5c4ccefde6,3,2,0,2,linux,BFC
aaec7c03de92c35a96966631989950e6e27662db,0,0,5,1,linux,BIC
853f1c58c4b2a6f1ec81c335c82d0252b387ab1e,0,1,1,1,linux,BIC
39a8695824510a951ded696d69b8dea3c720b109,18,18,6,3,linux,BIC
89c1e111cb4860b51efef50474cd259c2702edc6,0,1,0,1,linux,BFC
916c5e1413be058d1c1f6e502db350df890730ce,1,0,0,1,linux,BIC
61273f9d83148a38cf9b78d43016c29fc80f48e5,1,0,0,1,linux,BFC
9e31c1fe45d555a948ff66f1f0e3fe1f83ca63f7,4,0,2,1,linux,BIC
2122a833316f2f3f6ddc78429fa67ef6d3c86636,99,5,9,2,linux,BIC
c6f8c440441029d5621ee5153676243234a4b76e,24,0,1,1,linux,BFC
922454c2e77c58062c81d33c564c5133343ab3e9,4,0,0,1,linux,BFC
ccf0a4b7fc688561428290265e4effde41446668,43,4,36,16,linux,BIC
1dc56c52d2484be09c7398a5207d6b11a4256be9,4,0,0,1,linux,BFC
0eb0feb9aeac392edf01b525a54acde9b002312e,55,26,0,2,linux,BFC
9b2471797942a5947664818cfe2c6de93b43f37a,299,0,7,7,linux,BIC
fbb0de795078190a9834b3409e4b009cfb18a6d4,320,0,0,2,linux,BIC
256e69ab96934486a9da1c251d276134fdf61e32,1,4,1,1,linux,BFC
8c01c4f896aa3404af948880dcb29a2d51c833dc,4,0,4,1,linux,BFC
e690053e97e7a9c968df9a97cef9089dfa8e6a44,4,0,1,1,linux,BFC
e8d36d5dbb6a6ec4f5222f8775d664ec29d5527d,0,2,45,35,linux,BIC
7cd1ea1010acbede7eb87b6abb6198921fb36957,64,0,3,2,linux,BIC
a41d122449bea303ada415ef5fb2bf434f5481f9,77,491,155,7,linux,BIC
223cea6d3c974acd393bfac2d168b2945a6cf1e5,0,4,2,1,linux,BFC
a9de080bbcd5c4e213a3d7bbb1e314d60980e943,1,0,1,1,linux,BFC
ed2da6270ed9ea37d39e9ab597fc5b3b4215ae2a,2,0,0,1,linux,BFC
1a2881728211f0915c0fa1364770b9c73a67a073,0,3,4,1,linux,BIC
cb171f7abb9a1a250fb41d088b81799f75bd1357,79,0,0,1,linux,BIC
649ea4d5a624f061a111b1f1cb0e47cfdc3ac21b,84,16,10,5,linux,BFC
93864fc3ffcc4bf70e96cfb5cc6e941630419ad0,0,0,1,1,linux,BFC
89c8a4984fc98e625517bfe5083342d77ee35811,25,0,0,2,linux,BIC
610526527a13e4c91e64ec3dfb4626c5043291c9,113,0,0,1,linux,BIC
5402e239d09feea482d25d60df9b908cfaf9ec3c,47,18,4,4,linux,BIC
978e51ba38e00e9da09b3ef9ed8c94af7b55a1eb,86,0,34,1,linux,BIC
26d49fe7195385f2f1e406feddb01c16b53e77b6,0,0,1,1,linux,BIC
ed4c54e5b4baf55a7a67a80fa766334855c94854,49,0,0,3,linux,BIC
1ea32c83c699df32689d329b2415796b7bfc2f6e,1,0,0,1,linux,BIC
50a9eea694ab8e0779069e0a4e0b12e145521468,2,0,0,1,linux,BFC
974c7c6d7ba5a4b12d99456b0599aa6326dc2b69,0,0,2,1,linux,BFC
3e8589963773a5c23e2f1fe4bcad0e9a90b7f471,3,4,1,2,linux,BFC
b9be78531d2710f4302545aa80e0678ed0a3dd09,10,0,11,2,linux,BIC
b9ad3e9f5a7a760ab068e33e1f18d240ba32ce92,46,29,6,3,linux,BFC
53cc2643c1498779c86ee8e038273c2b2d9c8126,0,0,1,1,linux,BFC
f5b1b1775be6320aeac64b2d4fd38dc3f420fb18,104,0,35,2,linux,BIC
2568cedc130866ddca7b7d85824b5d237d2d3812,1,0,0,1,linux,BFC
c5d1ed846e15090bc90dfdaafc07eac066e070bb,0,0,1,1,linux,BFC
557f050166e523ce86018d7a43e7d543d9598b3d,0,0,1,1,linux,BFC
c685c69fba71462c3f9f6a1fb6151cded6c74d42,1,0,1,1,linux,BIC
354d8a4b165697e6da9585b3f651d87735f30415,0,0,1,1,linux,BFC
dc1d85cb790f2091eea074cee24a704b2d6c4a06,8,3,0,3,linux,BFC
9f9af3d7d303a5f622ceb219bd03bba3af553e76,179,2,26,5,linux,BIC
a41e82e6c4575b6c0a48bcc25a3feae4b2910934,89,4,10,1,linux,BIC
23773ca18b399051eb94f98b689cf7a9173c795b,48,1,20,6,linux,BIC
3ef0e5ba467366125f04b423f4638baca54a4fc1,21,0,0,2,linux,BIC
ff8c0c53c47530ffea82c22a0a6df6332b56c957,2,0,1,1,linux,BIC
1a26044954a6d1f4d375d5e62392446af663be7a,4,0,2,1,linux,BFC
458df9fd4815b47809875d57f42e16401674b621,19,8,10,1,linux,BIC
a91d1a17cd341548fd9535e33c331a2756acdfae,75,0,0,1,linux,BIC
e408ebdc41aa53f0aa552132384daaa5f5c6301d,0,0,1,1,linux,BFC
5e351ad106997e06b2dc3da9c6b939b95f67fb88,1,0,1,1,linux,BFC
0de30fc684b3883be73602b7557661951319a9b9,29,0,0,1,linux,BIC
7407188489c62a7b5694bc75a6db2b82af94c9a5,0,0,1,1,linux,BFC
12206b17235aed1ca6390b3e516825ae276f8345,357,0,0,4,linux,BIC
1c8f9b91c456f5b47a377a0c8c5d4130fc39433a,44,0,11,1,linux,BIC
ecf8e89917d600fe846ebda911a9e690c6babfd0,11,0,0,1,linux,BFC
60f1d5e3bac44b598f67d36062da96c095d2b700,21,0,2,4,linux,BIC
40b8b826a6998639dd1c26f0e127f18371e1058d,4,0,1,1,linux,BFC
9c90cd869747e3492a9306dcd8123c17502ff1fc,0,13,16,1,linux,BFC
b60645248af3b2485c7695f04e5ecfbc129eb1f7,1,0,4,1,linux,BIC
781f62960c635cfed55a8f8c0f909bdaf8268257,3,0,6,1,linux,BFC
bae105879f2f2404155da6f50b3636193d228a62,24,18,4,1,linux,BIC
0b08c54bb7a37047a3a006e36c2270ebc62fef7d,4,0,3,1,linux,BIC
f0b636804c7c4c564efbca5981e3c56b5c6fe0c5,32,0,3,1,linux,BFC
192d1dccbfc5b901b66527df9df80304693cf06e,0,2,1,1,linux,BFC
678b1ae1af4aef488fcc42baa663e737b9a531ba,0,0,1,1,linux,BFC
ebf71552bb0e690cad523ad175e8c4c89a33c333,50,0,1,1,linux,BIC
c09010eeb3736793d315943220bc53b076303ee1,7,0,5,1,linux,BIC
be5ce0e97cc7a5c0d2da45d617b7bc567c3d3fa1,240,13,38,1,linux,BIC
e2ebff9c57fe4eb104ce4768f6ebcccf76bef849,2,0,0,1,linux,BFC
e605fa9c4a0c1218e5604b42bef59de0a3a4f813,5,0,0,2,linux,BIC
248ab77342d0453f067b666b36f0f517ea66c361,0,0,4,1,linux,BFC
91ef26f914171cf753330f13724fd9142b5b1640,0,2,11,1,linux,BFC
56912da7a68c8356df6a6740476237441b0b792a,9,5,0,1,linux,BFC
b0c29f79ecea0b6fbcefc999e70f2843ae8306db,67,0,25,1,linux,BIC
cb3c0e6bdf64d0d124e94ce43cbe4ccbb9b37f51,0,2,2,1,linux,BFC
f20531a9aae0c7378d9fa75b4b5d99b7eecab066,2,0,2,1,linux,BFC
eea68e2f1a0061e09265992b91fdc0014930ae92,49,0,0,2,linux,BIC
e2badb4bd33abe13ddc35975bd7f7f8693955a4b,6,0,0,1,linux,BFC
3ddd60268c24bcac9d744404cc277e9dc52fe6b6,2,0,1,1,linux,BFC
b8473050805f35add97f3ff57570d55a01808df5,4,5,2,1,linux,BIC
a36b38aa2af61146ea80980a01cf6e952ab021c1,275,4,1,4,linux,BIC
e7a7104e432c0db8469ca3568daf4f1d1afe3e73,0,0,2,1,linux,BFC
b866cc2199d6a6cdcefe4acfe4cfca3ac3c6d38e,59,46,33,14,linux,BIC
41f4988cc287e5f836d3f6620c9f900bc9b560e9,21,0,2,1,linux,BIC
41d26bf4aba070dfd2ab48866cc27a48ee6228c7,70,189,55,1,linux,BIC
8bda0cfbdc1a6278a1bbdba795139da682f296ff,130,4,3,2,linux,BIC
f08fcced6d0017c39cb6eccb571290867119d049,1298,0,0,3,linux,BIC
0cada33241d9de205522e3858b18e506ca5cce2c,25,0,6,2,linux,BFC
d53f1fafec9d086f1c5166436abefdaef30e0363,13,0,0,1,linux,BIC
5c7b9167ddf89d2d845e09bfcdc9f677340b6a5c,7,22,8,2,linux,BIC
020219a69d40a205dad12b0ea1e6a46153793368,6,0,11,1,linux,BFC
b562f58bbc12444219b74a5d6524977a3d87a022,0,2,0,1,linux,BFC
ff1552232b3612edff43a95746a4e78e231ef3d4,0,0,1,1,linux,BIC
91e9dd7720848fc0bd1c0a96d4dd0b169d8e542a,3,0,0,1,linux,BFC
1b257870a78b0a9ce98fdfb052c58542022ffb5b,0,0,1,1,linux,BFC
bd54b6fe3316ec1d469513b888ced31eec20032a,42,1,14,1,linux,BIC
b4cbe606dc3674b25cb661e7cd1a1c6ddaaafaaa,1203,0,0,8,linux,BIC
4bfc33807a9a02764bdd1e42e794b3b401240f27,1,0,1,1,linux,BFC
1228236de5f978970fb814cc27138cdb00cbb48d,10,8,0,1,linux,BIC
db928f1ab9789f99a0e57b35f3c8d652ad5350f8,28,0,6,2,linux,BIC
5715092a458c1ac5f7befc1a3dd7660ccfcebcf1,100,0,14,1,linux,BIC
2ddf992179c45fb93de190b5c6ae16d2a4f4849a,53,7,4,1,linux,BIC
dbce412a7733bb7a763d99db413da22da72e3736,334,254,29,3,linux,BIC
6a39e62abbafd1d58d1722f40c7d26ef379c6a2f,5,0,11,1,linux,BIC
deff710703d80c942c9c85a3f00a053025cfb1e4,74,0,17,2,linux,BIC
5112d80c162f456b3956dd4f5c58e9f0c6498516,1,0,0,1,linux,BIC
46896c73c1a4dde527c3a3cc43379deeb41985a1,22,0,1,1,linux,BIC
8d432592f30fcc34ef5a10aac4887b4897884493,4,0,0,1,linux,BFC
ed2d980503235829aa3e0c7ae3b82374c30a081c,1,0,103,5,linux,BFC
a7fe2378454cf46cd5e2776d05e72bbe8f0a468c,1,0,4,1,linux,BFC
7b62483f64dd61e6483c75b514c821fe0e339af3,0,0,1,1,linux,BFC
3c572145c24e21c24e1cd0fd168011eaba85da8e,92,0,0,4,linux,BIC
bc90d097ae144fab1f789f8523b621de7125c6a8,26,0,7,4,linux,BIC
4e910dbe36508654a896d5735b318c0b88172570,3,0,0,1,linux,BFC
2a0a288ec258bd38d8855fad9419aeb45b7e8499,148,102,30,3,linux,BIC
78efed275117b189f06f8937798eab5cba53ed18,177,0,9,2,linux,BIC
c1057a08af438e0cf5450c1d977a3011198ed2f8,9,0,2,1,linux,BFC
39533e12063be7f55e3d6ae21ffe067799d542a4,7,0,0,1,linux,BFC
39a27ec1004e886f1d949bdb8f2616896d02c5c2,0,0,3,2,linux,BIC
af7a272ef650832b2cb3b20103f1b5254696ae9f,0,0,1,1,linux,BFC
c056d480b40a68f2520ccc156c7fae672d69d57d,7,0,3,1,linux,BFC
2bec445f9bf35e52e395b971df48d3e1e5dc704a,3,0,0,3,linux,BFC
b5bc2231b8ad4387c9641f235ca0ad8cd300b6df,86,0,3,4,linux,BIC
29e697b11853d3f83b1864ae385abdad4aa2c361,3,0,1,1,linux,BFC
a74c52def9ab953c77956a8e93d225621980f54c,5,0,1,1,linux,BIC
2ca6b6dc8512abd697c251c3e492fb12f3cb1856,0,2,0,1,linux,BFC
e2a8b49e79553bd8ec48f73cead84e6146c09408,0,0,1,1,linux,BFC
bd22885aa188f135fd98382febfec650601ec998,251,167,12,4,linux,BIC
45846661d10422ce9e22da21f8277540b29eca22,0,6,0,2,linux,BFC
7ebc194d0fd4bb0fc8c7aca4b500b5b24e733267,10,0,0,1,linux,BIC
a2f6d303e24d8d694863d3beba668c4b3ea4fe02,1,0,0,1,linux,BFC
9c1036fdb1d1ff1b09d03c8db60f4dc67cc6614e,5,25,4,2,linux,BIC
c57fe0037a4e3863d9b740f8c14df9c51ac31aa1,4,0,1,2,linux,BFC
b7d78b46d5e8dc77c656c13885d31e931923b915,0,0,1,1,linux,BFC
66e713fbbbc6c259559d4937a3b016d36ab529ff,0,0,1,1,linux,BFC
1b7e816fc80e668f0ccc8542cec20b9259abace1,4,0,2,1,linux,BIC
cc90c6742ef5b438f4cb86029d7a794bd0a44a06,0,2,0,1,linux,BFC
f16921275cc3c2442d0b95225785a601603b990f,6,0,1,1,linux,BFC
311066aa9ebcd6f1789c829da5039ca02f2dfe46,13,0,11,1,linux,BFC
e80bd76fbf563cc7ed8c9e9f3bbcdf59b0897f69,2,0,2,1,linux,BIC
3c80372dae17cb1a5a493c9ed02f7ca2a8d9ce53,0,1,3,1,linux,BIC
995a3ed67fc8c0e3301a770016fb66f1bbf15ec8,24,0,6,3,linux,BIC
6bb97a2c1aa5278a30d49abb6186d50c34c207e2,1,0,0,1,linux,BFC
1b79c5284439ac1a8f45aa62cf518714436fad5f,586,0,0,2,linux,BIC
2dea645ffc21f927067e8e35147985887b1a843d,9,0,6,1,linux,BIC
fb5833d81e4333294add35d3ac7f7f52a7bf107f,5,0,1,3,linux,BFC
5e7ff2ca7f2da55fe777167849d0c93403bd0dc8,2,0,4,1,linux,BIC
f3f935a76aa0eee68da2b273a08d84ba8ffc7a73,628,0,3,4,linux,BIC
7e6136f1b7272b2202817cff37ada355eb5e6784,2,0,1,1,linux,BFC
46435d4c35336e169a198ef5cd51f9427e78ed62,0,0,1,1,linux,BFC
66ec11919a0f96e936bb731fdbc2851316077d26,28,0,19,3,linux,BFC
0a97953fd2210d0ac8eb5c76f8bd08fb53b6d3d6,72,3,1,2,linux,BIC
20e7b9f82b6e7efc487e2c1a1dededbc4231fe81,0,1,0,1,linux,BFC
e2948e5af8eeb6c945000772b7613b0323a0a203,2,0,0,1,linux,BIC
2861904697de587c5b92c65a18a44ca3bbfd00ed,0,0,1,1,linux,BFC
25f9f5a2107fdc6510463be4e55012d17d83ab2b,0,0,1,1,linux,BFC
76da906ad727048a74bb8067031ee99fc070c7da,1,15,7,1,linux,BFC
075d3db8d10d82bb86777df3f81e1b83caeb630a,35,0,0,1,linux,BIC
e6b44ce1925a8329a937c57f0d60ba0d9bb5d226,2,0,5,2,linux,BFC
e6a2d72c10405b30ddba5af2e44a9d3d925a56d3,0,3,0,1,linux,BFC
a11bf5ed951f8900d244d09eb03a888b59c7fc82,2,0,1,1,linux,BFC
d30588b2731fb01e1616cf16c3fe79a1443e29aa,261,0,1,1,linux,BIC
9adcdf6758d7c4c9bdaf22d78eb9fcae260ed113,1,0,0,1,linux,BFC
44a655cae3043453f9dd8076538712d52e2e0ce4,0,0,10,2,linux,BIC
155fb5c5fae72d1faa2067d6fa0a5be12279c689,0,0,1,1,linux,BFC
53c218da220c3619b5befec4674ffa35d590092a,748,0,0,1,linux,BIC
b3885bd6edb41b91a0e3976469f72ae31bfb8d95,3,0,0,1,linux,BFC
295fa2a5647b13681594bb1bcc76c74619035218,4,13,4,1,linux,BFC
6998ff4e21619d47ebf4f5eb4cafa65c65856221,0,2,0,1,linux,BFC
1f0a16f04113f9f0ab0c8e6d3abe661edab549e6,1,0,0,1,linux,BFC
792f73f747b82f6cb191a323e1f5755d33149b50,8,0,0,1,linux,BIC
b56ff195c317ad28c05d354aeecbb9995b8e08c1,5,0,0,1,linux,BFC
530621b79f9e884db5ae4fa44cab020da76b0d0c,0,10,14,1,linux,BFC
26b8d66a399e625f3aa2c02ccbab1bff2e00040c,18,1,3,1,linux,BIC
7779b047a57f6824a43d0e1f70de2741b7426b9d,0,2,0,1,linux,BFC
f6b10209b90d48a84f886ab2b317b5d2cbfe3143,25,37,38,1,linux,BIC
db6c43bd2132dc2dd63d73a6d1ed601cffd0ae06,26,180,105,9,linux,BIC
4ab42d78e37a294ac7bc56901d563c642e03c4ae,4,4,11,4,linux,BIC
9a40bddd47ca4aa26d3b10bdaf51c35862a344ff,47,0,0,1,linux,BIC
9971a514ed2697e542f3984a6162eac54bb1da98,115,172,117,9,linux,BIC
7f049fbdd57f6ea71dc741d903c19c73b2f70950,1,0,1,1,linux,BFC
98e5440271172ca5c654784a31e46453464a3ca9,0,4,2,1,linux,BFC
e3589f6c81e4764d32a25d2a2a0afe54fa344f5c,106,3,26,3,linux,BIC
73327d47d2c04214f23217b982a004c22a493c78,8,0,8,1,linux,BFC
f15a75eedc18e1fece8e01f1a6f7d135e61b0750,0,0,1,1,linux,BIC
061775583e35eeaa3d12ea9641906668159f1b44,71,3,11,1,linux,BIC
c49ae619905eebd3f54598a84e4cd2bd58ba8fe9,1,0,1,1,linux,BFC
2edd69a81dd4e8068bb512ffcc3959c77fc182ea,0,0,1,1,linux,BFC
10b518d4e6dd5390e40f7d8de0f08753c1195a7e,798,0,0,3,linux,BIC
66d93d7ff9c4d1f8a35519a62e3bacbbdd93b6e8,0,3,6,1,linux,BFC
c8e16b78c6142afea428dc316c900644951cf7f3,3,3,7,1,linux,BIC
86c1b9eff3f27c82bceabd3b5c76376b26d26e92,79,19,7,1,linux,BIC
7afcaec4969652e177cf0b247a1530ac927a20f8,0,0,2,1,linux,BIC
d081a6e353168f15e63eb9e9334757f20343319f,4,0,2,1,linux,BFC
f5f2c9a0e3073debc6bc0ecc855ced0158526ee8,8,0,2,1,linux,BFC
ac53c26433b51f1835ce5a935970e427d83e3ec5,13,34,4,4,linux,BFC
51ef2be546e2e480e56fdb59fdeb9a4406e8d52e,1634,0,0,2,linux,BIC
dd68f2ba0720e76c3a5bfa3f639c546f926792f5,8,0,2,2,linux,BFC
89ff6005039a878afac87889fee748fa3f957c3a,1,0,0,1,linux,BFC
3f804f6d201ca93adf4c3df04d1bfd152c1129d6,14,0,4,1,linux,BFC
ae63b31e4d0e2ec09c569306ea46f664508ef717,405,43,217,6,linux,BIC
be0c37c985eddc46d0d67543898c086f60460e2e,31,4,45,3,linux,BIC
e237506238352f3bfa9cf3983cdab873e35651eb,36,0,9,2,linux,BIC
6f5c672d17f583b081e283927f5040f726c54598,0,0,1,1,linux,BFC
e64175776d06a8ceebbfd349d7e66a4a46ca39ef,4,0,4,1,linux,BFC
79e499829f3ff5b8f70c87baf1b03ebb3401a3e4,96,0,0,4,linux,BIC
fae1b05e6f0acf116f6450535b0e1c13051102d3,0,0,1,1,linux,BFC
848847702bd10bf0bf547e38adc44c14e9742784,0,0,1,1,linux,BFC
8fc1b7027fc162738d5a85c82410e501a371a404,6,2,4,1,linux,BFC
173beedc1601f51dae9d579aa7a414c5aa8f700b,9,2,6,1,linux,BIC
c3e0c8c2e8b17bae30d5978bc2decdd4098f0f99,24,0,0,3,linux,BFC
10bb087ce381c812cd81a65ffd5e6f83e6399291,0,0,2,1,linux,BFC
a93864d93977b99bda6c348a09b90a3d7ef8db3a,40,2,18,6,linux,BIC
0cab80ee0c9e17337468c4c0f96786ccbca693d9,8,0,0,1,linux,BIC
bf94ec093d05e3ed3142d9291b876eeb9997ba5c,49,17,0,3,linux,BFC
9ff1a3b4912528f853048ccd9757ba6a2cc75557,6,0,4,1,linux,BFC
7f420d64a08c1dcd65b27be82a27cf2bdb2e7847,0,0,2,1,linux,BFC
31657170deaf1d8d2f6a1955fbc6fa9d228be036,0,0,4,1,linux,BFC
5e498ff117c19fd80181b5bb09ecb024b552ece8,0,0,2,1,linux,BFC
413aa807ae39fed7e387c175d2d0ae9fcf6c0c9d,31,0,0,3,linux,BFC
3f608f0c41360b11b04c763f348b712f651c8bac,0,0,2,1,linux,BFC
610438b74496b2986a9025f8e23c134cb638e338,3,0,3,1,linux,BFC
6c50a08d9dd323a6a2e212f78059116edad8cc4e,0,560,2,4,linux,BIC
753d6770879894de10d74b437ab99ea380f1cad7,4,0,6,1,linux,BFC
3b844826b6c6affa80755254da322b017358a2f4,8,3,3,2,linux,BIC
edd8ca8015800b354453b891d38960f3a474b7e4,8,2,3,1,linux,BFC
b5cbaa43a676be6fe4d7e26760e5873969e69341,314,30,13,2,linux,BIC
9ae482104cb99076e007ae15792a3194fc1eedd8,8,9,1,1,linux,BIC
5133498f4ad1123a5ffd4c08df6431dab882cc32,1,0,0,1,linux,BFC
3e77abda65b1cec10ef6b18b1ccfee0beaf400f1,25,33,19,3,linux,BIC
acf35a4ec6f75bcb1c20c7aa02586de6220d76c5,0,0,1,1,linux,BFC
2ea2352ede9d97585164a7e19224955f4e4ca8db,6,0,1,2,linux,BFC
6dce5aa59e0bf2430733d7a8b11c205ec10f408e,1,12,10,1,linux,BIC
82087c0330534d18e6db25869871e589d214b7fa,2,0,18,4,linux,BFC
9173e5e80729c8434b8d27531527c5245f4a5594,0,1,1,1,linux,BFC
8b8b091bf07fa7ef7f13c1ac40b30bcf74050b60,987,0,0,1,linux,BIC
6e8dd6d6f4bd2fd6fefdbf2e73bf251e36db59af,30,56,14,4,linux,BIC
0f04d057515275099c6e4f767b95a278be4681bf,0,0,1,1,linux,BFC
4853396f03c3019eccf5cd113e464231e9ddf0b3,0,0,1,1,linux,BFC
d29bdd69ecdd70e8e3c2268fc8e188d6ab55e54a,142,0,0,3,linux,BIC
1c8a47df36d72ace8cf78eb6c228aa0f8027d3c2,3,0,0,1,linux,BFC
555a0ce4558d87d5b97c4321f34b19e051c7b0c1,6,0,1,1,linux,BFC
c5510b8dafce5f3f5a039c9b262ebcae0092c462,0,0,1,1,linux,BFC
3a2ce8d66a4b81cb6d3c6c61e3fb4d061fff0e38,4,28,0,1,linux,BIC
95491e3cf37840c518d81e1a3a6a8ef554e03c54,0,1,2,1,linux,BFC
bee348907d19d654e8524d3a946dcd25b693aa7e,4,2,2,1,linux,BFC
4762cc3fbbd89e5fd316d6e4d3244a8984444f8d,0,0,1,1,linux,BFC
6726d552a6912e88cf63fe2bda87b2efa0efc7d0,0,5,5,1,linux,BFC
cb119d5350839297bbe8a382dbb2feff545742b5,288,0,0,1,linux,BIC
ab597d35ef11d2a921e0ec507a9b7861bcb44cbd,881,0,0,1,linux,BIC
7df5cb75cfb8acf96c7f2342530eb41e0c11f4c3,0,0,1,1,linux,BFC
9cf448c200ba9935baa94e7a0964598ce947db9d,2,0,0,1,linux,BIC
c554f9c1574e022821260b24b043a4277e8ec5d8,155,0,1,5,linux,BIC
84d3c83e6ea7d46cf3de3a54578af73eb24a64f2,3,0,0,1,linux,BFC
df4d4ef22446b3a789a4efd74d34f2ec1e24deb2,0,0,2,2,linux,BFC
0e9fb6f17ad5b386b75451328975a07d7d953c6d,1,0,2,1,linux,BFC
ac56a0b48da86fd1b4389632fb7c4c8a5d86eefa,255,23,15,8,linux,BFC
9b74ebb2b0f259474da65fa0178c657e5fa5c640,0,0,1,1,linux,BFC
ddf75be47ca748f8b12d28ac64d624354fddf189,20,1,0,1,linux,BFC
ef17bd7cc0c8bb14ea532fb66a708b02c5a4297e,28,0,6,2,linux,BIC
1773482fd8cecd5b060d409853f8145be3064a41,0,0,1,1,linux,BFC
3d712546d8ba9f25cdf080d79f90482aa4231ed4,0,55,8,1,linux,BFC
aa6f50af822a552b579252ecd42224e09e11e879,6,0,3,2,linux,BIC
a019abd8022061b917da767cd1a66ed823724eab,15,0,1,1,linux,BFC
00db12c3d141356a4d1e6b6f688e0d5ed3b1f757,20,29,12,5,linux,BIC
ad81d3871004544297fda38774f20adab3db57f8,66,0,0,1,linux,BIC
1d47f48bf2d1608c2d6eb76b3ec7a5ec0c3f9e95,1,0,0,1,linux,BFC
a4c34ff1c029e90e7d5f8dd8d29b0a93b31c3cb2,12,5,0,1,linux,BFC
3f37ec79dd21fbdbbab8143a48a87272b22fef22,29,0,3,2,linux,BIC
fc218544fbc800d1c91348ec834cacfb257348f7,42,3,75,1,linux,BFC
f5d782d46aa5d4dd369e6560ce5227136b58926f,1,67,11,2,linux,BIC
077fbac405bfc6d41419ad6c1725804ad4e9887c,27,0,20,8,linux,BIC
4e4f1fc226816905c937f9b29dabe351075dfe0f,3,0,1,1,linux,BIC
22be5a10d0b24eec9e45decd15d7e6112b25f080,8,2,4,1,linux,BFC
65f921647f4c89a2068478c89691f39b309b58f7,13,0,2,1,linux,BFC
1dc0d1cf6f3d910ce3fffa83c5ae40c564e12373,0,0,1,1,linux,BFC
33f0df8d843deb9ec24116dcd79a40ca0ea8e8a9,77,0,2,1,linux,BIC
0adbfd4694c2b2ae2f48b04295eadafed70612ad,1,0,0,1,linux,BIC
f9d67cd7bc64e423ced00a0567e3eb7b2e8b655d,0,2,1,1,linux,BFC
e239c6d686e1c37fb2ab143162dfb57471a8643f,24,6,2,3,linux,BFC
dc6db24d2476cd09c0ecf2b8d80313539f737a89,78,0,2,6,linux,BIC
5080332c2c893118dbc18755f35c8b0131cf0fc4,258,0,1,6,linux,BIC
8d4d4e98acd68c31435ebb7beea591dbf60b9eb2,198,0,0,2,linux,BIC
ca22312dc840065206285626829ceed8bb4df88c,2,0,4,1,linux,BIC
829d680e82a961c5370d9636130b43009ac36eb8,0,0,1,1,linux,BIC
47b7e7f82802dced3ac73658bf4b77584a63063f,0,12,2,2,linux,BIC
5349cbba754ee54f6cca8b946aa9172f1ac60b8c,7,0,0,1,linux,BFC
b32196e35bd7bbc8038db1aba1fbf022dc469b6a,0,9,15,1,linux,BFC
cf554ada0be7077906aa9a17faf151ff66e3cb8e,2,0,5,1,linux,BFC
3af0d554c1ce11e9d0953381ff566271f9ab81a9,2,0,4,1,linux,BFC
be323a4cef022aa9685b08d5a94ddc841ccf617a,0,1,1,1,linux,BFC
5fc0f21246e50afdf318b5a3a941f7f4f57b8947,17,11,4,1,linux,BFC
79dfc695525f60c8410015362b8aa4eb5c57210c,154,0,1,2,linux,BIC
d8ce38f69843a56da044e56b6c16aecfbc3c6e39,0,0,4,1,linux,BFC
9fe929aaace6a3019dd64a70063cc7b0bb956a4e,81,0,2,3,linux,BIC
c9e759b1e8456a460f258fcfe9682003fcf03938,86,45,57,1,linux,BIC
a04184ce777b46e92c2b3c93c6dcb2754cb005e1,3,0,3,1,linux,BFC
49b23575943c04b6711107cfd08ad2b3ae4e81f5,0,3,0,1,linux,BFC
077d0c2c78df6f7260cdd015a991327efa44d8ad,0,0,1,1,linux,BFC
feffa5cc7b47f38210d4997ceb3fe30881d6c337,3,0,2,1,linux,BFC
51f9a8921ceacd7bf0d3f47fa867a64988ba1dcb,4,0,0,1,linux,BFC
f4a4cbb2047ec6b0175a08e5bcd78a697773390d,1,122,37,1,linux,BIC
f2900acea8018c4525ddaa86c7f7cd8afd3f0cc4,55,0,0,2,linux,BIC
29885a656511829d5e8f69b237de47a6c23f47fa,19,0,0,1,linux,BIC
44a5cd436ec067c9a62988aca3331ac6eee5268d,14,1,3,1,linux,BFC
4ff3203610928cac82d5627ce803559e78d61b91,62,0,11,1,linux,BIC
5767620c383a226e39891e7e654a70ebb8e95e69,1,0,1,1,linux,BIC
7abbd11f344aa7abe29befb218774a1ea26018ac,1,0,0,1,linux,BFC
aa042f60e4961d4bec57e3268624df1f3a6befa4,73,0,59,7,linux,BIC
e537654b7039aacfe8ae629d49655c0e5692ad44,21,0,0,2,linux,BIC
25188b9986cf6b0cadcf1bc1d1693a2e9c50ed47,0,0,1,1,linux,BFC
49710c32cd9d6626a77c9f5f978a5f58cb536b35,3,0,8,1,linux,BFC
dfec1a827d2bdc35d0990afd100f79a685ec0985,315,0,1,4,linux,BIC
ab5098fa25b91cb6fe0a0676f17abb64f2bbf024,0,0,2,1,linux,BFC
d0f6ba2ef2c1c95069509e71402e7d6d43452512,2,0,0,1,linux,BFC
a3d328037846d013bb4c7f3777241e190e4c75e1,0,1,1,1,linux,BFC
f14f5c11f051ca4a41e65017d94408e5e702ba9d,23,0,20,4,linux,BIC
2d4f7bdafd709a5cf38f42358bd4c31c621a3e1b,939,1349,2,4,linux,BIC
67d0cf50bd32b66eab709871714e55725ee30ce4,7,0,4,1,linux,BIC
bf43e4521ff3223a613f3a496991a22a4d78e04b,13,9,2,1,linux,BFC
f6910679e17ad4915f008bd2c614d38052426f7c,31,3,2,1,linux,BFC
9bbcf182060842a652c30f63692c6b6a8eb54386,0,0,4,1,linux,BFC
29d28f2b8d3736ac61c28ef7e20fda63795b74d9,0,0,1,1,linux,BFC
fd9a8d7160937f94aad36ac80d7255b4988740ac,115,45,29,3,linux,BIC
c626bc46edb0fec289adfc86b02e07d34127ef6c,0,0,1,1,linux,BFC
9ec19493fb86d6d5fbf9286b94ff21e56ef66376,6,12,4,3,linux,BIC
1d9a090783bef19fe8cdec878620d22f05191316,7,5,0,3,linux,BIC
723df2bcc9e166ac7fb82b3932a53e09415dfcde,7,0,1,1,linux,BFC
e746f3451ec7f91dcc9fd67a631239c715850a34,32,54,2,1,linux,BIC
453eafbe65f72c04fc7c74c5c95c04e78e907dfb,5,18,15,3,linux,BIC
074376ac0e1d1fcd4fafebca86ee6158e7c20680,2,0,0,1,linux,BFC
2ec0616e870f0f2aa8353e0de057f0c2dc8d52d5,1,0,1,1,linux,BFC
12729f14d8357fb845d75155228b21e76360272d,0,0,1,1,linux,BFC
e90dea6aafa14eb60ab0927f6fe54c620f61ef74,2,0,0,1,linux,BFC
00dae4d3d35d4f526929633b76e00b0ab4d3970d,33,32,7,3,linux,BIC
e87581fe0509020f77ebf0b7c4c1c338c6a4bcf6,0,0,2,1,linux,BFC
c01f5f96f511419ee656a60e09605b7b6a63b66c,6,0,4,1,linux,BFC
4379075a870b8de43a9ecd5b46884953234fc669,47,1,9,1,linux,BIC
78efac537de33faab9a4302cc05a70bb4a8b3b63,4,0,0,1,linux,BFC
a078dff870136090b5779ca2831870a6c5539d36,0,1,1,1,linux,BFC
ba82664c134ef7ab97808f09a3c5e894b0a4900d,1625,0,0,2,linux,BIC
99bc4c38537d774e667d043c520914082da19abf,47,0,2,1,linux,BIC
a40c20dabdf9045270767c75918feb67f0727c89,5,0,2,1,linux,BFC
537fef808be5ea56f6fc06932162550819a3b3c3,0,0,1,1,linux,BFC
0f3035047140b3dc18fc5a028ed5f273f24b5539,7,0,4,1,linux,BIC
b36bf0a0fe5d18561dd98eb774ef61dd396edc42,17,4,0,1,linux,BIC
88e70da170e8945f6b1c1299083d1b942705beb5,52,0,0,1,linux,BIC
f2f2c85c66202edcb623626b3babce7850d8b4fb,2,2,0,1,linux,BFC
ddf9529be19cb3674bd59c5b2a3375503663bba8,0,0,1,1,linux,BIC
f44ac12f1dcccf4a6315cbe34129adb7aa8497ba,10,0,11,4,linux,BIC
0e4c0e6ea7d4a988a5ae2791c7cb5769b5256dad,0,0,1,1,linux,BFC
50849db32a9f529235a84bcc84a6b8e631b1d0ec,0,8,25,2,linux,BIC
290c4a902b79246ec55e477fc313f27f98393dee,9,0,8,1,linux,BFC
f723aa1817dd8f4fe005aab52ba70c8ab0ef9457,2,0,1,1,linux,BFC
955f03a7d0738bd373d69f76191b9a66adb3255c,0,0,2,1,linux,BFC
aa44284960d550eb4d8614afdffebc68a432a9b4,16,0,1,1,linux,BIC
61fbf5933d42b02f552123af5a87a06335a3b4db,30,2,9,3,linux,BIC
0235bc04627d02a08f7ad9d226a8fe78e6c4a1c3,4,3,0,1,linux,BFC
f9a8ee8c8bcd118e800d88772c6457381db45224,0,65,7,55,linux,BIC
164805157f3c6834670afbaff563353c773131f1,22,20,1,1,linux,BFC
a29d0f3ef934dd9eb2fbb51eb0f112f48046ee91,0,1,0,1,linux,BFC
182e3042e15de759e81618d11fe4f62f5259d982,79,0,4,6,linux,BIC
04614fe46f315a223d96b8f5df7b52130965677b,1,1,1,1,linux,BFC
aa8165f914420f143476305a01894b017d3abe6b,6,7,1,1,linux,BFC
cfdcb075048c1e886c45a9c9e681ed222f74ecb9,2,0,3,1,linux,BFC
36bf38d158d3482119b3e159c0619b3c1539b508,1,0,0,1,linux,BFC
d81916910f7498fe7a768697e0101d488f9fe665,4,0,3,1,linux,BFC
c2bebe37c6b686817f795b6b63599ed4472775fa,51,113,100,3,linux,BIC
4c2924b725fb35d3acc6367d500458d70cdd09a9,12,0,0,1,linux,BIC
4857c91f0d195f05908fff296ba1ec5fca87066c,1,0,2,1,linux,BIC
5515eae647426169e4b7969271fb207881eba7f6,0,0,1,1,linux,BFC
5d3300a9b8b122b4743aed5a178bf12c87e2b8c9,0,0,2,1,linux,BFC
66903461ffed0b66fc3e0200082d4e09365aacdc,3,0,0,1,linux,BFC
22baebd489c78cf7d02030bf50b0c99e4fcb6748,0,8,0,1,linux,BFC
7381076809586528e2a812a709e2758916318a99,2,0,1,1,linux,BFC
96c777708bcac53f73a1c079e416495647f69553,2,0,0,1,linux,BFC
f000223c981a7c75f6f3ab7288f0be7b571c3644,14,0,0,1,linux,BFC
1117d182c5d72abd7eb8b7d5e7b8c3373181c3ab,2,0,0,1,linux,BFC
e82e7c6dde91acd6748d672a44dc1980ce239f86,3,0,0,1,linux,BFC
f39356261c265a0689d7ee568132d516e8b6cecc,3,0,0,1,linux,BFC
d89c8169bd7052c78731137da4c4c06986409c62,266,50,33,5,linux,BIC
99ce45d5e7dbde399997a630f45ac9f654fa4bcc,151,20,19,5,linux,BIC
66f61c92889ff3ca365161fb29dd36d6354682ba,0,0,1,1,linux,BFC
ecb586bd29c99fb4de599dec388658e74388daad,2,0,6,2,linux,BFC
3cb9d2416ccdea14c5f1b05b5fdb15d5ebfa386b,11,11,0,1,linux,BFC
811f95ff95270e6048197821434d9301e3d7f07c,6,0,2,1,linux,BFC
43c590cb86665be702c0af0231a10ec813df9cfd,43,0,10,3,linux,BIC
3383176efc0fb0c0900a191026468a58668b4214,1,0,0,1,linux,BFC
a492f075450f3ba87de36e5ffe92a9d0c7af9723,4,0,51,20,linux,BIC
daaef255dc96834aaaad627d3271504cba3ac2dc,13,0,1,1,linux,BIC
afeda6000b0cb6d873920be4ce67f351f017a654,17,0,3,1,linux,BIC
8434dc9340cd2e117fc944cf7526263bf490a52a,9,1,65,8,linux,BIC
48a44387189ce575cbfe48b5467884b6576cdaf2,0,0,1,1,linux,BFC
2fcff790dcb419af1545cbd6bba7a04f2d90938f,0,18,3,1,linux,BIC
acad9c4324992b6fcfe4f714a3b6f3a8cf8af929,0,1,0,1,linux,BFC
898a1ef06ad4a2a8e3c9490ce62624fcd1a7b1f8,0,1,2,1,linux,BIC
1179e2c27efe21167ec9d882b14becefba2ee990,0,0,2,2,linux,BFC
fb1dec44c6750bb414f47b929c8c175a1a127c31,1,0,1,1,linux,BFC
045c7a3f53d9403b62d396b6d051c4be5044cdb4,9,0,3,1,linux,BIC
3e1a8f10a1375133ea4a943f21138f00b4d06dc2,0,5,2,1,linux,BFC
ffd9a1ba9fdb7f2bd1d1ad9b9243d34e96756ba2,3,0,1,1,linux,BFC
a5b8f71c5477f4327c66a085d9714fe298510819,0,23,9,5,linux,BIC
4f6e3d66ac522dec9733d433ad00e8e77747c372,84,74,8,1,linux,BIC
249a9599c9123a4af655dd5800c2506602ffa055,2,0,1,1,linux,BFC
26af1cd00364ce20dbec66b93ef42f9d42dc6953,4,0,0,1,linux,BFC
bef8e2639242e7f7214f1ab3b37ace1415a4f750,0,2,1,1,linux,BFC
b14d72ac731753708a7c1a6b3657b9312b6f0042,2,7,1,1,linux,BFC
1f7fd484fff1b432373f0d0682fb0e2015113161,24,26,29,7,linux,BIC
e4e38121507a27d2ccc4b28d9e7fc4818a12c44c,12,0,1,3,linux,BIC
5228e39e3f709c82e6c4643402fc25de54391e32,0,1,0,1,linux,BFC
254d152a216750f508442cc3e502130e5f539ab4,0,7,2,1,linux,BFC
23e390cdbe6f85827a43d38f9288dcd3066fa376,15,0,2,2,linux,BFC
0dbc81eab4d13f6d295da69c00e6efee2427b55c,0,0,1,1,linux,BFC
7a6cfe28ae3ef6a78774fd1e21e3b76c90937112,40,0,0,2,linux,BIC
e4a9ccdd1c03b3dc58214874399d24331ea0a3ab,11,0,0,1,linux,BFC
1b6af71a8f50f59a96f65ad90e4d20612d2a2526,27,0,0,1,linux,BFC
985ead416df39d6fe8e89580cc1db6aa273e0175,553,0,1,3,linux,BIC
c165d57b552aaca607fa5daf3fb524a6efe3c5a3,2,0,5,1,linux,BFC
2b04e46d8d0b9b7ac08ded672e3eab823f01d77a,0,0,1,1,linux,BFC
592a7c5e082e237c7508f37b2c3494a731acad88,0,0,1,1,linux,BIC
68a18ad71378a56858141c4449e02a30c829763e,0,0,1,1,linux,BFC
bda7b072de999280ef78aaea4335ec58afc4bdb2,31,0,1,4,linux,BIC
03c1fd622f72c7624c81b64fdba4a567ae5ee9cb,11,0,0,1,linux,BIC
6fb2a756739aa507c1fd5b8126f0bfc2f070dc46,3,0,0,1,linux,BFC
01ea306f2ac2baff98d472da719193e738759d93,0,11,3,2,linux,BFC
7aee9c52d7ac90e19705bf3b429caa51f105174a,12,11,37,3,linux,BIC
1ac61faf6ebbce59fccbb53d7faf25576e9897ab,3,0,0,1,linux,BFC
929eec99f5fd408fbc7e36f6c25fadbd3f45bfa3,0,0,1,1,linux,BFC
ca12769748ba48fce14a3b3b47da00c3eac635d0,2,0,0,1,linux,BFC
e7597e69dec59b65c5525db1626b9d34afdfa678,0,0,2,1,linux,BFC
37fb3a30b46237f23cfdf7ee09d49f9888dd13bf,28,0,4,4,linux,BIC
a28e884b966e713da29caefbb347efea77367d22,0,0,4,1,linux,BFC
c7c5ae2902bf8fe9acc75f798c0de75ac9295ccf,0,0,1,1,linux,BFC
83469893204281ecf65d572bddf02de29a19787c,0,0,1,1,linux,BFC
29bcff787a2593b2126cfaff612c0b4e560022e9,97,0,17,2,linux,BIC
2d75b2bc8a8c0ce5567a6ecef52e194d117efe3f,63,0,11,3,linux,BIC
3bff08dffe3115a25ce04b95ea75f6d868572c60,2,1,2,1,linux,BFC
a88e34ea213e1bdbd9b2dfca1e1e5fa68b9649a0,48,0,8,1,linux,BIC
b50cb68f16ce393db040f755dcb26b9a246180c4,25,18,2,1,linux,BFC
3b463ae0c6264f70e5d4c0a9c46af20fed43c96e,211,0,3,5,linux,BIC
e454cf5958538666635488030046b6a84a22d447,74,0,3,1,linux,BIC
b32e56e5a87a1f9243db92bc7a5df0ffb4627cfb,4,0,0,1,linux,BFC
2d09a79bf637f91d1bbfcfd4520e3639dd15897c,84,0,0,1,linux,BIC
6c1c6e58356b87017839f71120d1c250b4e0f7ff,0,3,3,3,linux,BFC
9131f3de24db4dc12199aede7d931e6703e97f3b,79,62,28,1,linux,BIC
4ad03f894b3c96d77e51474f0c9731793fac412e,16,0,2,2,linux,BIC
663f4c61b8036fd3a80debbe00b58d198ae63e76,37,0,1,1,linux,BIC
1159d4b496f57d5b8ee27c8b90b9d01c332e2e11,103,15,7,4,linux,BIC
86d3473224b004f920c107206d181d37db735145,13,0,6,2,linux,BIC
f572a034d9e07157dd07d2b6be3a1459b5574b58,1,0,1,1,linux,BFC
7d01c428c86b525dc780226924d74df2048cf411,4,0,4,1,linux,BFC
f22bd29ba19a43e758b192429613e04aa7abb70d,4,0,0,1,linux,BFC
89fb62fde3b226f99b7015280cf132e2a7438edf,0,3,2,1,linux,BFC
d2307dea14a4f14a4b5db01b6d40a30fa6117e6c,8,8,1,2,linux,BIC
dfbafa70bde26c40615f8c538ce68dac82a64fb4,128,2,2,3,linux,BIC
5b28541552ef5eeffc41d6936105f38c2508e566,69,5,48,2,linux,BIC
33cf7c90fe2f97afb1cadaa0cfb782cb9d1b9ee2,38,0,17,13,linux,BIC
19fb5818ed60ac2e9609ad16bc48116f4ce269a8,12,0,0,1,linux,BIC
64ac0befe75bdfaffc396c2b4a0ed5ae6920eeee,0,0,1,1,linux,BFC
fea89e2dfceaf78d132b12a4aab3db3c04fb5639,0,2,2,1,linux,BIC
39610a68d9a9a9c6e71be731d071c405e4f2434b,0,0,1,1,linux,BFC
ca8f04247eaaec554528279686a514c6ce087bb9,21,43,3,2,linux,BIC
850448f35aaf45215276468d63c91ab1e230cf06,45,1,7,3,linux,BIC
24d33ac5b8ffb7a0e697344fea8591376162548f,0,54,2,1,linux,BIC
315db9a05b7a56810728589baa930864107e4634,6,0,0,1,linux,BIC
2e37abb89a2ef13c524b0728bb9893f996a10b6b,84,0,1,3,linux,BIC
73552e008a853f38f02bfb151ae7f8298debe5f8,0,1,1,1,linux,BFC
5047ab95bb7db0e7b2ecfd5e9bcafc7fd822c652,8,0,0,1,linux,BFC
71e762316140445c3146bac98ffb29ad6ea0d36c,0,1,8,1,linux,BFC
617504c67e01d30310558442777a4112ea6d587d,6,0,0,1,linux,BFC
3d39ac538629e4f00a6e1c38d46346f1b8e69505,6,47,32,9,linux,BIC
d24ed99b3b270c6de8f47c25d709b5f6ef7d3807,0,4,10,1,linux,BFC
a3047a81ba1359dc6b02b9dcebc4161800de2c47,77,0,2,2,linux,BIC
af955bf15d2c27496b0269b1f05c26f758c68314,1,0,6,4,linux,BFC
913e4a90b6f9687ac0f543e7b632753e4f51c441,27,0,2,1,linux,BIC
2d5c57d7fbfaa642fb7f0673df24f32b83d9066c,0,0,1,1,linux,BFC
f285c9532b5bd3de7e37a6203318437cab79bd9a,4,4,0,1,linux,BFC
2d2924af96881f3300239156d6ff316a1a3e48e5,0,0,19,19,linux,BFC
b7178ffe7eb86fb9d428801509a5bd54d3ba94da,0,0,1,1,linux,BFC
65e4e3eee83d7a4ad7e8c5175b2a0ddfd3b5685f,3,0,0,2,linux,BIC
ed65a4dc22083e73bac599ded6a262318cad7baf,3,0,0,1,linux,BFC
4a9723e8df68cfce4048517ee32e37f78854b6fb,0,0,2,1,linux,BFC
843be1e7fb30f6309aa9389344b16dca57e6d4e2,41,9,4,1,linux,BFC
5dbb75ed6900048e146247b6325742d92c892548,16,1,10,1,linux,BFC
bc369921d6708542eb93da33478762f1162a5805,3,0,2,1,linux,BFC
11f6145791775ce41b8993fd29e19eb53ef0ff14,0,0,4,1,linux,BFC
80f6e3080bfcf865062a926817b3ca6c4a137a57,0,0,2,2,linux,BFC
4560b2a3ecdd5d587c4c6eea4339899f173a559a,1,2,9,1,linux,BFC
918c023f29ab2dd8c63cfcc6a1239ee15933871a,1,0,8,1,linux,BFC
c499d029d80534a01e858ce9fd1687f2042f7a86,753,0,0,2,linux,BIC
19a469a58720ea96b649b06fb09ddfd3e831aa69,17,0,5,1,linux,BIC
e1399ba20eeef7ff07d58a15f403d718e0dbf94d,64,9,15,1,linux,BIC
7e3fd813717693597daaa95dee875f4cb2d911ef,0,0,2,1,linux,BFC
03f45c883c6f391ed4fff8292415b35bd1107519,16,0,2,3,linux,BIC
398867f59f956985f4c324f173eff7b946e14bd8,1,2,10,1,linux,BFC
563cf017c443137220428712d29cd5510dae2cb2,358,0,0,2,linux,BIC
a4188beee59763b3507939968677776561adbba5,0,0,1,1,linux,BFC
f16eb8a4b096514ac06fb25bf599dcc792899b3d,4,0,1,1,linux,BFC
22fe5a25b5d8c4f8008dc4a8738d6d8a5f5ddbe9,1,0,1,2,linux,BFC
cc9ca4d95846cbbece48d9cd385550f8fba6a3c1,2,0,2,1,linux,BFC
760f1dc29580220c5949d22cc4937e3e44eacac1,7,0,3,1,linux,BIC
8a99734081775c012a4a6c442fdef0379fe52bdf,4,0,1,1,linux,BFC
8a092e682f20f193f2070dba2ea1904e95814126,0,0,1,1,linux,BFC
68b433fe6937cfa3f8975d18643d5956254edd6a,0,1,6,2,linux,BFC
d0a186e0d3e7ac05cc77da7c157dae5aa59f95d9,0,0,2,1,linux,BFC
780854186946e0de2be192ee7fa5125666533b3a,5,0,0,1,linux,BFC
013c2403bf32e48119aeb13126929f81352cc7ac,1,1,0,1,linux,BFC
db57dc7c7a5c42bb653425a01b6d73c49514b5db,7,7,0,1,linux,BFC
b736523f0759d1debeb56f8e0c4c87a2bea0fb23,0,0,1,1,linux,BFC
f46c445b79906a9da55c13e0a6f6b6a006b892fe,0,2,4,1,linux,BFC
29c8e4398f02adacd429c7847dacc8aea5a0c2f1,18,0,0,1,linux,BIC
43c13605bad44b8abbc9776d6e63f62ccb7a47d6,3,0,0,1,linux,BFC
f746ab0bac5b335b09143dcd01db6f9f26d0c9ec,0,0,1,1,linux,BFC
b3addcf0d1f04f53fcc302577d5a5e964c18531a,5,0,0,1,linux,BFC
d300627c6a53693fb01479b59b0cdd293761b1fa,0,9,0,1,linux,BIC
0b95227a7ba7e69f795757cd7c839eff0615f2d1,13,1,5,4,linux,BFC
928d6fe996f69330ded6b887baf4534c5fac7988,5,0,2,1,linux,BFC
7353cad7ee4deaefc16e94727e69285563e219f6,1,0,3,1,linux,BFC
9aaa3b8b4c56d24210acef37b7c800ca218c3d40,302,0,10,5,linux,BIC
2fb44600fe784449404c6639de26af8361999ec7,0,0,1,1,linux,BFC
8a4f9fea2697ae11a0f542f158636f00d10b800f,0,1,2,1,linux,BFC
11d2f63b9cf5665ce9dc425236b326dd327c4aa3,55,55,54,3,linux,BIC
57ffc5ca679f499f4704fd9b6a372916f59930ee,33,8,2,3,linux,BIC
c4fbb6515a4dcec83d340247639b5644c4745528,14,0,6,5,linux,BIC
3168470142e0a82b5732c04ed4c031a9322ae170,28,8,20,4,linux,BFC
aae4518b3124b29f8dc81c829c704fd2df72e98b,62,0,23,3,linux,BIC
8042d6ce8c40df0abb0d91662a754d074a3d3f16,0,0,1,1,linux,BFC
cdb651b6021ee091abc24e9fbd9774d318ab96a6,1,0,0,1,linux,BFC
0008b84ea9afe6ec255c09044e8090cb76babc80,19,1,4,4,linux,BIC
0fe6f1d1f612035d78d8d195bbc3485a341386d5,2430,0,0,2,linux,BIC
2980cbd4dce7b1e9bf57df3ced43a7b184986f50,27,14,4,3,linux,BFC
708078f65721b46d82d9934a3f0b36a2b8ad0656,6,0,0,1,linux,BIC
2192b0baea395274ffcd38ec70e284389e3c243d,5,0,2,1,linux,BFC
60cf0ce14b09b54e7ee79dc3ef498de6ef0e41e9,8,0,7,1,linux,BFC
d179bd1699fccd9d5b9bc38470bab7343a441ea0,18,14,1,3,linux,BIC
6e1d2bc675bd57640f5658a4a657ae488db4c204,20,17,0,1,linux,BIC
400fc0106dd8c27ed84781c929c1a184785b9c79,1,0,0,1,linux,BFC
301a33d51880619d0c5a581b5a48d3a5248fa84b,0,0,1,1,linux,BFC
37e11c3616f6182b6bd7f95a04df035b43464f39,0,0,2,1,linux,BFC
f5200c14242fb8fa4a9b93f7fd4064d237e58785,6,0,0,1,linux,BFC
251ef6f71be2adfd09546a26643426fe62585173,0,1,0,1,linux,BFC
3c88ee194c288205733d248b51f0aca516ff4940,38,0,0,1,linux,BIC
6cdeaed3b1420bd2569891be0c4123ff59628e9e,8,0,0,1,linux,BIC
3ac2bc7609f6844d8a911658749b8a4064ec5ccd,1,0,0,1,linux,BFC
cfff75d8973ae4a90b3df3ae7fbba1ce9af9c8f0,64,25,6,1,linux,BFC
a7b75c5a8c41445f33efb663887ff5f5c3b4454b,12,24,234,61,linux,BIC
e7cc082455cb49ea937a3ec4ab3d001b0b5f137b,82,4,31,4,linux,BIC
5f29a77cd95771edebbf41e5800fdd557c69302a,3,2,3,1,linux,BIC
1612a981b76688c598dc944bbfbe29a2b33e3973,10,0,1,1,linux,BFC
7907a0d77cb461f58045763c205a5830be72e97c,15,0,22,4,linux,BIC
4d0bd46a4d55383f7b925e6cf7865a77e0f0e020,0,21,2,1,linux,BFC
db7548934603d9eda12649dff97ea5c29884405d,0,0,3,1,linux,BFC
a25e278020bf4cf1d8183bb81f86ec7d73d16dca,9,0,0,1,linux,BIC
18937875a231d831c309716d6d8fc358f8381881,0,7,6,1,linux,BFC
45ccf6556720293323c20cda717756014ff63007,1,0,0,1,linux,BFC
4461471107b79bee16c497c9f7f69fa26126ae5b,51,0,17,2,linux,BIC
156ad0d7eae4825a0d94a4bf68571e97302f2501,0,0,1,1,linux,BFC
10c41ddd61323b27b447bc8e18296ac6c06107ad,115,122,3,5,linux,BIC
d5d20912d33f13766902a27087323f5c94e831c8,0,0,1,1,linux,BFC
39651abd28146fff2bfac63d68a7a56250a4aead,826,0,7,10,linux,BIC
a9f2f6865d784477e1c7b59269d3a384abafd9ca,5,0,1,2,linux,BFC
bac2fd3d753430032043098dd55543037e3f7a60,16,0,13,4,linux,BIC
bf0d394e885015941ed2d5724c0a6ed8d42dd95e,0,2,3,1,linux,BFC
de7fbd020d959708282ac0916be3e5498086d9aa,0,1,1,1,linux,BFC
85397f6bc4ff13a6bc5259facb8ebebb1986d666,572,184,17,12,linux,BIC
049bbf589ec651685205bd8ce73221fdd62345cf,8,4,0,2,linux,BFC
cd3f609823a5896a6f4c229b3c2077475531e23d,1329,0,0,1,linux,BIC
db5e8d84319bcdb51e1d3cfa42b410291d6d1cfa,1,0,0,1,linux,BFC
dd2283f2605e3b3e9c61bcae844b34f2afa4813f,37,0,11,1,linux,BIC
db251553c752173371d1d8bcf4a3d58d2ce9e6dd,0,0,2,1,linux,BFC
f9e2ca0640e59d19af0ff285ee5591ed39069b09,3,0,1,1,linux,BFC
0199172f933342d8b1011aae2054a695c25726f4,0,0,1,1,linux,BFC
f330a7fdbe1611104622faff7e614a246a7d20f0,50,39,24,5,linux,BIC
9cd7b148312f6971f37cfac6a490688286bd1522,270,0,0,1,linux,BIC
9920184d78edeccd165832d54d6203fae4c860f5,1,0,1,1,linux,BFC
90f6e68031397fb6212bef5619193cd15707fa0f,6,0,0,1,linux,BIC
2b9cf18982b0ba7317f258663560e181594a9bf8,0,0,2,1,linux,BFC
4633307e5ed6128975595df43f796a10c41d11c1,1,0,1,1,linux,BFC
273160ffc6b993c7c91627f5a84799c66dfe4dee,0,0,1,1,linux,BFC
7e0d7d0fbd06af0507611f85dba8daf24832abd9,0,1,0,1,linux,BFC
fd43cf600cf61c66ae0a1021aca2f636115c7fcb,13,0,1,1,linux,BIC
f3bf1dbe64b62a2058dd1944c00990df203e8e7a,4,0,0,1,linux,BFC
aad955842d1cdf56d31e600112137d82fd431140,141,1,27,1,linux,BIC
4b48921a8f74e7dfff5b39ab966c86f99717db3a,12,0,0,2,linux,BIC
4c1e34c0dbffb17accdfe16ac97ab432df9024ff,36,3,19,4,linux,BFC
4efbc454ba68def5ef285b26ebfcfdb605b52755,0,0,1,1,linux,BFC
4b2d9fe8795074626a29579e9afeedd52f1eeb83,57,29,19,2,linux,BIC
647f80a1f233bb66fc58fb25664d029e0f12f3ae,1,0,0,1,linux,BFC
6e1aa2049154d7462968c968b20f985859308267,56,16,15,1,linux,BIC
804032fabb3b5270a7bc355f478eed45b1a5b041,3,12,0,1,linux,BIC
9d9ae3414d1bb655d8db7079e56b0f51e7cd07f0,13,0,5,1,linux,BIC
30671b44aa570a2953aead09999d13e3b5a24d30,7,7,41,3,linux,BIC
b5f5f525c547e05fad3ecb4c8d6ceef9cdb14ac3,3042,0,0,2,linux,BIC
b119ad6e726cc805f739f8f6843b9de4df1f895e,165,0,16,6,linux,BIC
a590b90d472f2c176c140576ee3ab44df7f67839,10,0,6,1,linux,BFC
f1b70d16389de2a6eac838ca378a8334d771bcfe,0,767,0,1,linux,BFC
32d174d2d5eb318c34ff36771adefabdf227c186,0,0,2,1,linux,BFC
ae59dc455a78fb73034dd1fbb337d7e59c27cbd8,23,0,0,1,linux,BFC
718bf42b119de652ebcc93655a1f33a9c0d04b3c,2,0,0,1,linux,BFC
ba3f8cd55f2aaa734ba44d8dd8cfaa6503c83d63,55,0,0,4,linux,BIC
7ecd7e290bee0ab9cf75b79a367a4cc113cf8292,6,0,0,1,linux,BFC
25d5ce3a606a1eb23a9265d615a92a876ff9cb5f,1,0,1,1,linux,BFC
137dc5843faeacabf48fc22a8dc58c4e0b4f0927,5,0,0,1,linux,BFC
a263c1ff6abe0e66712f40d595bbddc7a35907f8,1,0,2,1,linux,BFC
a4feea74cd7a8f12d9fae67014533a4220135760,67,0,0,1,linux,BIC
b13023421b5179413421333f602850914f6a7ad8,0,0,16,1,linux,BFC
dcbecb497908a127dd9fd361d8cdc68f46d8cff6,51,11,6,1,linux,BIC
b9abe942cda43a1d46a0fd96efb54f1aa909f757,5,0,2,1,linux,BFC
47397915ede0192235474b145ebcd81b37b03624,0,4,8,1,linux,BFC
4b31b1720704bf058b2f3df1d354ac23a669c6f5,0,1,0,1,linux,BFC
e00012b256d402efe5cd1c17571524be645af6e4,42,0,0,2,linux,BIC
8f3a2b4a96dc014e99e1df327db1450fdbbd5e15,9,10,11,5,linux,BIC
1d19e2d53e8ed9e4c98fc95e0067492cda7288b0,1,4,20,3,linux,BFC
1a258e670434f404a4500b65ba1afea2c2b29bba,236,0,0,1,linux,BIC
8a5864377b12b7c0a7a8e20cb33ef7ccc679d657,2,6,30,1,linux,BIC
c237566b78ad8c72bc0431c5d6171db8d12e6f94,0,2,7,1,linux,BFC
af0a5646cb8d03f33ef028eff5b92996e53da201,24,0,0,7,linux,BIC
cf2c0e1ce9544df42170fb921f12da82dc0cc8d6,0,0,2,1,linux,BFC
d0438bd6aa097e77f50989c849dbe5f8ff0937ce,644,0,0,1,linux,BIC
df7e0681dd8acfa8d07816eaef232ded816d8a8c,0,3,1,1,linux,BFC
1fd07f33c3ea2b4aa77426f13e8cb91d4f55af8f,42,7,18,3,linux,BIC
badd7857f5c933a3dc34942a2c11d67fdbdc24de,3,0,3,1,linux,BFC
5b57b8f22709f07c0ab5921c94fd66e8c59c3e11,2,0,3,1,linux,BFC
2e80be60c465a4f8559327340eaf40845dd7797a,2,0,3,1,linux,BFC
a5c214dad1985092bd21c38c2a78befed9b02294,1,0,7,1,linux,BIC
0a6dc67a6aa45f19bd4ff89b4f468fc50c4b8daa,2,0,0,2,linux,BFC
134d9c52fca26d2d199516e915da00f0cc6adc73,155,0,0,1,linux,BIC
9fa1521daafb58d878d03d75f6863a11312fae22,5,10,7,1,linux,BFC
97684f0970f6e112926de631fdd98d9693c7e5c1,10,0,3,1,linux,BFC
948af1f0bbc8526448e8cbe3f8d3bf211bdf5181,396,0,0,1,linux,BIC
1b3a347b7d56aa637157da1b7df225071af1421f,0,0,1,1,linux,BFC
694bf407b06113f5e0f71764756f11903126fec0,88,0,0,1,linux,BIC
4f7c06e26ec9cf7fe9f0c54dc90079b6a4f4b2c3,1,0,0,1,linux,BFC
d4eae993fc45398526aed683e225d6fa713f8ddf,6,0,0,2,linux,BFC
1d200e9d6f635ae894993a7d0f1b9e0b6e522e3b,4,0,4,1,linux,BFC
4c6994806f708559c2812b73501406e21ae5dcd0,54,7,9,2,linux,BIC
7f7a417e6a11d7dc8528712b1a624381751f26cc,96,17,132,1,linux,BIC
8a378fb096a7f02943c72a428bbfd0029260efb6,1,0,4,2,linux,BFC
46d075be585eae2b74265e4e64ca38dde16a09c6,4,0,2,2,linux,BIC
3aa0907675a38498d8f2d343e94207ad28a117cf,1,10,5,1,linux,BFC
f044baaff1eb7ae5aa7a36f1b7ad5bd8eeb672c4,0,0,2,1,linux,BFC
ffe945e633b527d5a4577b42cbadec3c7cbcf096,1,6,10,1,linux,BFC
0a83bb35d8a6ff3d18c2772afe616780c23293a6,6,20,11,3,linux,BFC
5f0b2a6093a4d9aab093964c65083fe801ef1e58,3,0,1,1,linux,BFC
3f13b6a24f192da3096389b82202f16eff2c11ee,0,0,1,1,linux,BFC
7fd2561e4ebdd070ebba6d3326c4c5b13942323f,44,0,2,3,linux,BIC
5eae8ca3738e8bec249d68422d9323cea670ff42,0,1,4,1,linux,BFC
068143a8195fb0fdeea1f3ca430b3db0f6d04a53,3,0,0,1,linux,BFC
9a458402fb69bda886aa6cbe067311b6e3d9c52a,0,6,8,2,linux,BFC
8e3ca32f46994e74b7f43c57731150b2aedb2630,0,4,5,1,linux,BFC
1b0b6e939f112949089e32ec89fd27796677263a,0,0,1,1,linux,BFC
6131fd198099d9cfde4cbcd6d60a07aa634a358c,0,1,2,1,linux,BFC
a598c6f4c5a838f3141a739aa0f6799c5bf0afa9,0,20,2,2,linux,BIC
8ed004eb9d07a5d6114db3e97a166707c186262d,0,0,1,1,linux,BFC
eed50879d64ab1b9f76445dbab822e43a098b309,1,0,1,1,linux,BFC
00a72db718fa198da3946286dcad222399ccd4fb,0,0,1,1,linux,BFC
abe80fdc6ee664b2f8515f91b45e852b65dbb1a1,110,0,0,7,linux,BIC
7af7a8e19f0c5425ff639b0f0d2d244c2a647724,1,0,1,1,linux,BFC
7c710869d64e0119cc190514c7425c1a9aa2277d,628,0,1,6,linux,BIC
8d3c0c01cb2e36b2bf3c06a82b18b228d0c8f5d0,0,1,8,1,linux,BFC
9dd78194a3722fa6712192cdd4f7032d45112a9a,156,11,28,3,linux,BIC
09f7c338da7818fd33af401d855b895550e7c170,11,0,1,1,linux,BFC
cdef54dd85ad66e77262ea57796a3e81683dd5d6,1,55,5,4,linux,BIC
2824bd250f0be1551747cc3ed5ae07facc285b57,794,0,0,1,linux,BIC
4bf5d56d429cbc96c23d809a08f63cd29e1a702e,0,0,2,1,linux,BFC
5aeb05b27f81269a2bf2e15eab9fc0f9a400d3a8,3,0,0,1,linux,BFC
7c6ea35ef50810aa12ab26f21cb858d980881576,2,0,4,1,linux,BFC
c18fba23061f16dde128e10d4869ba4e88e0e81a,0,0,1,1,linux,BFC
2b7edcad69ecf6c452871c80a336bc3430ca9942,0,0,2,1,linux,BFC
ff48b6222e65ebdba5a403ef1deba6214e749193,1,0,1,1,linux,BIC
a0e72cf12b1a1f159b6822ed2e1e41893d996fc7,24,27,28,1,linux,BIC
107c1d0a991abe632a051de697c5acc33c03fd96,5,0,1,2,linux,BIC
356e88ebe4473a3663cf3d14727ce293a4526d34,9,4,6,1,linux,BIC
21020812c9e1ab593367fad9ce579f842a0b406d,3,5,6,1,linux,BFC
c38b7d327aafd1e3ad7ff53eefac990673b65667,5,0,8,1,linux,BIC
6977cc89c87506ff17e6c05f0e37f46752256e82,2,2,1,1,linux,BFC
93020953d0fa7035fd036ad87a47ae2b7aa4ae33,84,1,8,23,linux,BIC
88f6c8bf1aaed5039923fb4c701cab4d42176275,12,4,3,3,linux,BFC
c1ee15b39fedbeb856cb5867762dd3f3fb779611,0,0,1,1,linux,BFC
6e866a462867b60841202e900f10936a0478608c,0,3,1,1,linux,BFC
c25e295cd77b37903ddc9ee27384e17aad08f27c,128,93,7,3,linux,BIC
c7296c51ce5d9aec3ae9fa36b3096983c35bd279,12,0,0,1,linux,BIC
966bb5b7119607cf3d9a0d668eb67af67c2bab45,50,1,39,5,linux,BIC
be6ef160840f23d9723d9bd008ca08e864ce4745,5,0,0,1,linux,BFC
3d97f1afd8d831e0c0dc1157418f94b8faa97b54,0,0,1,1,linux,BFC
055eb95533273bc334794dbc598400d10800528f,100,104,24,4,linux,BFC
6b266e91a0715dae9923a2791e0b98165163e91f,21,13,12,1,linux,BIC
13e457e0eebf0a0c82c38ceb890d93eb826d62a6,16,2,1,1,linux,BIC
0768e17073dc527ccd18ed5f96ce85f9985e9115,34,0,16,7,linux,BIC
598f0a99fa8a35be44b27106b43ddc66417af3b1,14,0,1,2,linux,BIC
a322baad1003798312741b0cb97bd2c7511ccf61,5,2,1,1,linux,BFC
ce063129181312f8781a047a50be439c5859747b,16,0,2,2,linux,BFC
ec3042ad39d4e2ddbc3a3344f90bb10d8feb53bc,0,0,1,1,linux,BFC
8c8e60fb86a90a30721bbd797f58f96b3980dcc1,6,6,0,1,linux,BFC
0bf6368ee8f25826d0645c0f7a4f17c8845356a4,4,0,0,1,linux,BIC
ff092385e8285c03d8b148f42f46f98c5f4becd5,13,0,1,1,linux,BIC
a3e74fb9247cd530dca246699d5eb5a691884d32,1,0,0,1,linux,BFC
35db0691218959f05efbe26fd623ee67581ebff6,4,0,0,1,linux,BIC
61618eeac3e6165684895481c4f58ea879c3d616,0,0,2,1,linux,BFC
24a49678f5e20f18006e71b90ac1531876b27eb1,9,0,10,1,linux,BFC
94f94d4acfb2a5e978f98d924be33c981e2f86c6,318,0,0,4,linux,BIC
cae705baa40b2c20de8f9bb79ef4bcc6b2418c7c,15,3,5,1,linux,BIC
d1f496fd8f34a40458d0eda6be0655926559e546,0,0,1,1,linux,BFC
d6a71648dbc0ca5520cba16a8fdce8d37ae74218,43,37,25,5,linux,BIC
379d7ac7ca31722a1fb488ae3e98b274c9db568c,154,0,0,1,linux,BIC
225557446856448039a9e495da37b72c20071ef2,0,0,4,1,linux,BFC
a51f9f4622a34eb19b5658c08b083345d763657b,61,0,29,1,linux,BIC
c96e8483cb2da6695c8b8d0896fe7ae272a07b54,0,0,1,1,linux,BFC
b5f8d46867ca233d773408ffbe691a8062ed718f,6,0,0,1,linux,BFC
4d22336f903930eb94588b939c310743a3640276,3,2,6,1,linux,BFC
1f84ccdf37d0db3a70714d02d51b0b6d45887fb8,0,0,1,1,linux,BFC
76ae281f6307331aa063288edb6422ae99f435f0,12,0,2,1,linux,BIC
7505f7c3ec1d2f13ed75fef6b2681eb18e7d9147,36,37,0,3,linux,BIC
55da094824c4ef1d50bc591733d79448d00265bb,347,0,0,1,linux,BIC
2bed2ced40c97b8540ff38df0149e8ecb2bf4c65,0,0,1,1,linux,BFC
3afdc59e4390487f04f2435b7e8a6289984e0a1e,90,0,0,1,linux,BIC
c97c4604c008f3d489cc3201de80e313aeb501d6,0,7,3,1,linux,BFC
c2f7d08cccf4af2ce6992feaabb9e68e4ae0bff3,5,0,0,1,linux,BIC
57699a40b4f2694d3ee63fd5e6465ec8f600b620,0,0,7,2,linux,BFC
da741b8c56d612b5dd26ffa31341911a5fea23ee,880,0,0,3,linux,BIC
ecc89f25e225fabfffc709dbc43c928bc276cade,127,2,145,14,linux,BIC
5f2df2a4583b0d7b85054f0c1820f11a01936d35,3,0,0,1,linux,BIC
753453afacc0243bd45de45e34218a8d17493e8f,2,2,0,1,linux,BFC
73ab512f720298aabe23b34110e3f6a8545b0ba5,1,0,0,1,linux,BFC
2a7a0e9bf7b32e838d873226808ab8a6c00148f7,17,0,27,1,linux,BIC
4b9c7f9db9a003f5c342184dc4401c1b7f2efb39,0,0,2,1,linux,BFC
97b5484ed608605dca9e461c0289d1195ba9608d,177,9,28,2,linux,BIC
6e20fb18054c179d7e64c0af43d855b9310a3394,16,0,6,1,linux,BIC
9361df14d1cbf966409d5d6f48bb334384fbe138,0,1,1,1,linux,BFC
f4b45940e9b9e0dc5f602e86e93c785547d226d8,66,18,71,11,linux,BIC
c54ce354637058202621d55fec2ccba3fe62a219,1,0,0,1,linux,BFC
2f7878c06e2d227aa5c405ddde356403b83e3509,0,0,1,1,linux,BFC
cdf8259d65739a04871513d4d17bb342ba1d4a46,46,22,16,1,linux,BIC
4ec89596d06bd481ba827f3b409b938d63914157,1,0,0,1,linux,BFC
fca5b9dc0986aa49b3f0a7cfe24b6c82422ac1d7,0,0,4,1,linux,BFC
88069f77e1ac580a495762ce7a631c251c52cb90,18,0,17,1,linux,BIC
8bdd24940b69c0018b64b496aa3b03a25f7295ca,2,0,1,1,linux,BFC
15395ec4685bd45a43d1b54b8fd9846b87e2c621,2,3,8,4,linux,BFC
c1f0320e03207255ef618d1bbfe0939d03c7cfac,0,1,1,1,linux,BFC
80927822e8b6be46f488524cd7d5fe683de97fc4,1,0,1,1,linux,BFC
38fd2af24fcfda93f9fea3e53f26e48775ae9e09,9,0,0,2,linux,BIC
4a6806cfcbca2cd7bae94b2d4244dab3aaa1b333,2,0,1,1,linux,BFC
87bb2a410dcfb617b88e4695edf4beb6336dc314,0,0,1,1,linux,BFC
83bbc5ac63326433755592829caf02920b3d8dc0,5,0,0,1,linux,BIC
64a5cfa6db94c5abba2cafe77aca077dd1e3283b,70,2,17,6,linux,BIC
370777daab3f024f1645177039955088e2e9ae73,2,5,0,2,linux,BFC
3a34c986324c07dde32903f7bb262e6138e77c2a,0,2,2,1,linux,BFC
093d282321daeb19c107e5f1f16d7f68484f3ade,40,0,16,6,linux,BIC
d914971df022e7abdb5f8fdfd901a655c9786c05,0,6,1,1,linux,BIC
17926a79320afa9b95df6b977b40cca6d8713cea,10537,0,6,26,linux,BIC
4ca637a20a524cd8ddbca696f12bfa92111c96e3,17,5,24,1,linux,BIC
45460fe9c0c628a14863a0f1dba1c46359841ed7,0,0,32,1,linux,BFC
b766e3b0d5f698266ba353821fee09a3862d51d4,53,0,0,1,linux,BIC
aa74c44be19c8b1de38d955c2c45c309991c805a,1871,0,0,3,linux,BIC
1c58651412bb4ea3b75c739825f15fc7d77fd44d,1,13,5,2,linux,BIC
3318111cf63d97f1e1792ed4fdf9472e60b0a2cc,15,46,20,1,linux,BIC
63c5395bb7a9777a33f0e7b5906f2c0170a23692,0,10,12,1,linux,BFC
b6f91fc183f758461b9462cc93e673adbbf95c2d,55,24,25,2,linux,BIC
2dc0572f2cef87425147658698dce2600b799bd3,3,0,0,1,linux,BFC
7d23a80dc9720a378707edc03a7275d5a372355f,15,19,0,1,linux,BFC
67260e8c0e681a9bb9ed861514b4c80c2d0eb2e5,0,0,1,1,linux,BFC
366c304741729e64d778c80555d9eb422cf5cc89,0,3,1,1,linux,BFC
8130b9d7b9d858aa04ce67805e8951e3cb6e9b2f,0,0,1,1,linux,BIC
86994156c736978d113e7927455d4eeeb2128b9f,129,1,1,4,linux,BIC
fbb2bdd22a994d415691c132ecaddcf99a2786e7,1,0,1,1,linux,BFC
6c08fc896b60893c5d673764b0668015d76df462,15,1,13,2,linux,BIC
0b9f28fed3f70ff9a0380fe308739dd72a30a6f6,227,0,0,1,linux,BIC
0cfec916e86d881e209de4b4ae9959a6271e6660,27,12,17,1,linux,BIC
663912a6378a34fd4f43b8d873f0c6c6322d9d0e,10,0,1,1,linux,BFC
3709488790022c85720f991bff50d48ed5a36e6a,2,0,0,1,linux,BFC
0732ce21329d598ffa8ddac02237ad9b3a7fa34c,0,1,1,1,linux,BFC
ad9e202aa1ce571b1d7fed969d06f66067f8a086,4,0,0,1,linux,BFC
c490850a094794e7515737a6939146966c826577,1396,196,131,13,linux,BIC
c1901cd33cf407d77a181f8dd4ffff98041ef480,0,6,25,2,linux,BIC
561c1cf17c465c6661b6fd3832df921458833e40,56,0,0,1,linux,BIC
3a6f0fb7b8eb5ef0447da1332225b8c87ee207d0,33,0,1,2,linux,BIC
52f2e83e2fe5596862ed0830df1cb340e411cc74,109,0,1,7,linux,BIC
0916886bb978e7eae1ca3955ba07f51c020da20c,5,0,2,1,linux,BFC
d56ba9a04d7548d4149c46ec86a0e3cc41a70f4a,4,0,0,1,linux,BFC
22e4663e916321b72972c69ca0c6b962f529bd78,0,0,1,1,linux,BFC
f0d1f04f0a2f662b6b617e24d115fddcf6ef8723,0,2,5,2,linux,BFC
092cb71a604e2d8dd3b79fddef779a2d4aaad5a8,203,0,0,1,linux,BIC
104880a6b470958ddc30e139c41aa4f6ed3a5234,36,312,186,1,linux,BIC
dd7406dd334a98ada3ff5371847a3eeb4ba16313,0,0,1,1,linux,BFC
51edb2ff1c6fc27d3fa73f0773a31597ecd8e230,0,0,4,4,linux,BFC
0a8237ae319ab5988d40a7a9b33d68846aae34b4,0,0,3,2,linux,BFC
29322791bc8b4f42fc65734840826e3ddc30921e,0,24,64,3,linux,BFC
d82c3682168431d29ba1741d0cd5ef45c68bf8e0,0,0,1,1,linux,BFC
d1a1646c0de7b0083d42a1ada72a3ec243bfcc6d,2,0,2,1,linux,BIC
7771c66457004977b616bab785209f49d164f527,13,0,1,2,linux,BIC
72dc8df7920fc24eba0f586c56e900a1643ff2b3,6,4,4,1,linux,BIC
5926586f291b53cb8a0c9631fc19489be1186e2d,4,0,4,1,linux,BFC
5615e74f48dcc982655543e979b6c3f3f877e6f6,2,0,1,1,linux,BFC
e24bcd34c1dd7dabde4a8546920537f7137e3c5f,134,85,1,2,linux,BIC
f9d31c4cf4c11ff10317f038b9c6f7c3bda6cdd4,8,5,29,3,linux,BFC
c3bca5d450b620dd3d36e14b5e1f43639fd47d6b,2,0,1,1,linux,BFC
e25443d2765f40a9b3d0056dc4d560a007dd850c,24,0,0,1,linux,BIC
e3096c9c7c645279808a6bf7ac2031b1895ddffb,0,1,0,1,linux,BFC
13fcc6837049f1bd76d57e9abc217a91fdbad764,116,71,143,4,linux,BIC
19646447ad3a680d2ab08c097585b7d96a66126b,3,0,0,1,linux,BFC
c59666bb32b91da84b1d3df0e88789de9e827f61,24,0,2,1,linux,BIC
7c0eaa78b9cddf56a9b1ae45b6b12bcfb0f34cec,3,2,0,3,linux,BFC
92ebce5ac55dba258c608248dddf59eca3f7f514,2,25,16,3,linux,BIC
987351e1ea7772cf2f0795e917fb33b2e282e1c1,44,0,9,4,linux,BIC
c912fa913446b07147f6cbc1a8fa2fb20d2f7c36,26,0,3,1,linux,BIC
52393d617af7b554f03531e6756facf2ea687d2e,6,0,46,2,linux,BFC
658a337a606f48b7ebe451591f7681d383fa115e,8,0,1,1,linux,BFC
48ef50fa866aae087f63c7de8a47e76537f88691,142,0,15,3,linux,BIC
a4c0094fcf7628f31bf82a7b25e7f51ee5a22324,97,0,0,1,linux,BIC
25078dc1f74be16b858e914f52cc8f4d03c2271a,6,43,18,8,linux,BIC
03fd42d458fb9cb69e712600bd69ff77ff3a45a8,0,0,1,1,linux,BIC
ba3a51ac32ebcf8d0a54b37f1af268ad8a31c52f,0,0,1,1,linux,BFC
671f9a3e2e24cdeb2d2856abee7422f093e23e29,230,11,45,5,linux,BIC
0adf292069dcca8bab76a603251fcaabf77468ca,5,0,5,1,linux,BFC
70dd978952bc7ead890683080ef75c9a02fe7d6f,51,0,1,1,linux,BIC
1cebf8f143c21eb422cd0f4e27ab2ae366eb4d04,6,0,8,1,linux,BIC
ea651a86d46895a8b342664db66c3dee3412ad34,450,266,9,9,linux,BIC
9fce894d03a98ec8e8e8106a964644633d2772ee,6,0,10,1,linux,BFC
1ad3d225e5a40ca6c586989b4baaca710544c15a,3,0,4,1,linux,BFC
3175199ab0ac8c874ec25c6bf169f74888917435,26,27,60,2,linux,BIC
ccfc97bdb5ae8b8edc55169ac6924e08449836ac,4680,0,0,13,linux,BIC
982792c782ef337381e982fd2047391886f89693,26,0,4,1,linux,BIC
a915fe5e9601c632417ef5261af70788d7d23a8a,0,0,1,1,linux,BFC
34b1a1ce1458f50ef27c54e28eb9b1947012907a,19,36,1,1,linux,BFC
e77b675f8786f38d40fc1562e1275875daf67fef,0,0,2,1,linux,BFC
24f76b2c87ed68f79f9f0705b11ccbefaaa0d390,1,0,0,1,linux,BFC
ddff6c45b21d0437ce0c85f8ac35d7b5480513d7,18,0,0,1,linux,BFC
d52c499b476b2f82eebecdd5fc4be8318a4e8ef7,0,1,0,1,linux,BFC
7e6e1ef48fc02f3ac5d0edecbb0c6087cd758d58,6,0,0,1,linux,BFC
76e20522b709f3772e415d70b108028454a86ad5,12,0,9,1,linux,BFC
95a2f917387a23c8b09f4ab95e1560a69db5b1f1,100,0,6,4,linux,BIC
9783aa9917f8ae24759e67bf882f1aba32fe4ea1,95,0,6,3,linux,BIC
2171364d1a92d0a101b455315de7a92efb566008,9,3,1,5,linux,BIC
9f029f540c2f7e010e4922d44ba0dfd05da79f88,4,0,1,1,linux,BFC
61afafe8b938bc74841cf4b1a73dd08b9d287c5a,1,0,3,1,linux,BFC
3bc3206e1c0f3f8891b544df02caae0e6d844f7d,8,0,2,1,linux,BIC
3baf89abca196f6dcb7038fd5342fd6e82f3260c,0,0,1,1,linux,BFC
52c368dc3da7beb7b283133024af1b6d07bf93b9,26,15,2,3,linux,BIC
e8d266d533b171387945f8a0bad1944a5609f63b,0,13,0,2,linux,BFC
18e568c390c61682e747178f136bcbc45c707882,203,0,0,2,linux,BIC
7829c92b913ffa0a92da9b542b6de176969c60af,2,0,10,1,linux,BFC
81927e2808be5adace93c2012d45d6938d3a7aa0,201,26,38,12,linux,BIC
724b2aa15126d9e24b36650c5cad9cf468c20785,54,34,23,6,linux,BIC
b2ca473b920dfbaad7c4f9eb5043258ef71f321f,0,0,1,1,linux,BFC
f29aa08852e1953e461f2d47ab13c34e14bc08b3,0,0,1,1,linux,BFC
3d2011cfa41faf4981f72b050f0891c528c09f52,13,20,26,1,linux,BIC
365c7f25cd0a72b16979ba948e6c389a9a89818b,0,0,1,1,linux,BFC
583637d66a70fc7090e12fb0ebbacc33d39e2214,3,0,0,1,linux,BFC
8889f6fa35884d09f24734e10fea0c9ddcbc6429,0,20,6,4,linux,BFC
8ada2c1c0c1d75a60723cd2ca7d49c594a146af6,441,0,0,7,linux,BIC
30576a2c462d9658508c3de67601aa565f973064,0,25,0,1,linux,BFC
40853d6fc619a6fd3d3177c3973a2eac9b598a80,1,0,2,1,linux,BFC
107bcc6d566cb40184068d888637f9aefe6252dd,0,0,1,1,linux,BFC
201ac4861c1944ec3794364d6898b4ddfeb0faf8,59,0,2,1,linux,BIC
ec5a3b4b507efca903d848518dcf2ebf7b04b466,8,0,2,1,linux,BFC
ea6a5735d2a61b938a302eb3629272342a9e7c46,6,0,1,1,linux,BFC
612bece654ff6cd43160e201985be826e96b8bcb,4,0,0,1,linux,BFC
594e6c5d41ed2471ab0b90f3f0b66cdf618b7ac9,2,4,2,1,linux,BFC
d60b479d177a5735b6b4db6ee5280ef6653f50e7,167,25,5,2,linux,BIC
3a7b72665ea5dcfa24efe857dbb88fe135ae21a6,0,0,2,2,linux,BIC
4b41a9d0fe3db5f91078a380f62f0572c3ecf2dd,4,0,1,1,linux,BFC
7c9f131f366ab414691907fa0407124ea2b2f3bc,40,3,2,6,linux,BFC
294b7380ffe88d4a0626af1fee5843a3db0c913c,0,0,1,1,linux,BFC
7254acffeeec3c0a75b9c5364c29a6eb00014930,6,0,1,1,linux,BFC
e1878402ab2dca12d1426f2fea39757943f3332c,0,0,2,2,linux,BFC
aed61ef6beb911cc043af0f2f291167663995065,1,1,0,1,linux,BFC
fe542396da73b7e2b0848618c7e95855c1b75689,18,0,19,2,linux,BIC
9b3628d79b46f06157affc56fdb218fdd4988321,31,11,8,4,linux,BIC
e0bf304e4a00d66d90904a6c5b93141f177cf6d2,1,0,1,1,linux,BFC
9a8b08fad2efb3b6c8c5375dbaac5f4e1d19f206,19,9,29,3,linux,BIC
a911ad18a56aeecf87a098ad1cdc4de91d7f60de,0,0,1,1,linux,BFC
b46ec1da5eb7d728938c8d115c4c291c7c71a98d,0,0,1,1,linux,BFC
9899a7a869935c4c93247b290ac7a70e0deab202,2,0,0,1,linux,BFC
8677b1ac2db021ab30bb1fa34f1e56ebe0051ec3,1,0,1,1,linux,BFC
d2ffed5185df9d8d9ccd150e4340e3b6f96a8381,1,0,1,1,linux,BFC
8ba62d37949e248c698c26e0d82d72fda5d33ebf,6,17,12,7,linux,BIC
3fc7acebaecf940697ea9a5a927cf10766d4b00e,116,0,7,1,linux,BIC
2a7e32d0547f41c5ce244f84cf5d6ca7fccee7eb,0,4,2,1,linux,BFC
72967d5616d3f0c714f8eb6c4e258179a9031c45,328,0,0,1,linux,BIC
59c820b2317f0ffe1ab9b5d2c0515cdbfe714e6e,31,0,14,8,linux,BIC
b9557caaf872271671bdc1ef003d72f421eb72f6,4,0,1,1,linux,BFC
ae24fb49d01103c80d6ff3b78714259c1c62c958,24,2,23,2,linux,BFC
8f5be0ec23bb9ef3f96659c8dff1340b876600bf,1,0,4,1,linux,BFC
7055197705709c59b8ab77e6a5c7d46d61edd96e,6,0,0,2,linux,BFC
6250318694cad72f3dd6e5ead2bd612126383bb4,28,19,2,8,linux,BIC
279737939a8194f02fa352ab4476a1b241f44ef4,3,2,11,2,linux,BIC
5bc2b7b397b02026a0596a7807443a18422733fa,48,0,14,3,linux,BIC
ac1181c60822292176ab96912208ec9f9819faf8,0,1,1,1,linux,BFC
9be77e11dade414d2fa63750aa5c754fac49d619,1,1,0,1,linux,BFC
aefc7e1797243eaa7a5e03629819d4aaa3c3feae,6,2,10,1,linux,BFC
ab3402581d0fa58e63e36875995f43ab02b4d0a0,0,2,4,2,linux,BFC
0efc8562491b7d36f6bbc4fbc8f3348cb6641e9c,9,0,7,7,linux,BFC
35b0fac808b95eea1212f8860baf6ad25b88b087,28,0,0,1,linux,BIC
7dc6a446da7caf5ea5cf48f2b8843366ee8b0979,28,0,10,1,linux,BIC
9891cb54445bc65bf156bda416b6215048c7f617,20,0,0,4,linux,BFC
567cd4da54ff45513d2ca1f0e3cb9ba45b66d6cf,41,5,26,2,linux,BIC
c9d66999f064947e6b577ceacc1eb2fbca6a8d3c,21,0,0,1,linux,BFC
f338bb9f0179cb959977b74e8331b312264d720b,6,0,7,1,linux,BFC
318ba02cd8a8bacd20a4fe29edff3c0931d17ded,15,24,101,1,linux,BIC
cb9f7a9a5c96a773bbc9c70660dc600cfff82f82,8,0,2,1,linux,BIC
247b8634e6446dbc8024685f803290501cba226f,0,0,1,1,linux,BFC
86824694184642a4dc1be0c050df9854da5f51d3,0,0,1,1,linux,BFC
44ad23dfbccbcd26d6ca504eba1ac55755864969,81,0,4,3,linux,BFC
ceaf69f8eadcafb323392be88e7a5248c415d423,13,0,0,1,linux,BIC
a7aae769ca626819a7f9f078ebdc69a8a1b00c81,5,0,1,1,linux,BFC
b0e901280d9860a0a35055f220e8e457f300f40a,0,0,1,1,linux,BFC
81630dc042af998b9f58cd8e2c29dab9777ea176,2,0,0,1,linux,BFC
6fa632e719eec4d1b1ebf3ddc0b2d667997b057b,0,51,6,1,linux,BFC
05f2d2f83b5a02a15b6538017f29ee53a73088fb,7,0,0,1,linux,BIC
06b113e9f28f8657715919087a3f54b77d1634ed,0,2,4,1,linux,BFC
bfc618fcc3f167ad082053e81e9d664e724c6288,7,0,2,1,linux,BIC
59d93473323ab104c733778831c459f4cdbe95b2,9,3,0,1,linux,BIC
f15ca723c1ebe6c1a06bc95fda6b62cd87b44559,8,6,12,9,linux,BFC
870190a9ec9075205c0fa795a09fa931694a3ff1,24,12,47,3,linux,BIC
ccede7598588ae344143f82fb763912535648d58,3,4,2,4,linux,BIC
f97809aec58995a87a9a30cb45c9a6148377df64,52,21,36,3,linux,BIC
7b05bf771084ff788243b78f51bc2c820730951c,0,32,5,1,linux,BIC
5c056fdc5b474329037f2aa18401bd73033e0ce0,13,0,0,1,linux,BIC
2eb9eabf1e868fda15808954fb29b0f105ed65f1,3,0,0,1,linux,BFC
74e8ee4708a8edabbbc7ab8c12ec24d7a561bb41,7,0,8,2,linux,BIC
48fd5b5ee714714f4cf9f9e1cba3b49b1fd40ed6,17,0,14,1,linux,BFC
a68ebe0790fc88b4314d17984a2cf99ce2361901,16,3,2,1,linux,BFC
f259f896f2348f0302f6f88d4382378cf9d23a7e,11,0,1,1,linux,BFC
72e73c78c446e3c009a29b017c7fa3d79463e2aa,2,0,0,1,linux,BIC
a8161d1ed6098506303c65b3701dedba876df42a,46,41,11,1,linux,BIC
90b3b339364c76baa2436445401ea9ade040c216,0,0,1,1,linux,BFC
2e0adc765d884cc080baa501e250bfad97035b09,30,4,11,1,linux,BIC
8ea636848aca35b9f97c5b5dee30225cf2dd0fe6,400,0,6,10,linux,BIC
00ae40e71d85ea3fed1b906951ffd80e0321a96d,1,0,0,1,linux,BFC
be1c63c8017bb00a4041abace6cc1e9f0bf26aa9,10,0,3,2,linux,BFC
f88c4876347400a577598e06f1b230a7b19ee0e9,1,0,2,1,linux,BFC
3a85a5de29ea779634ddfd768059e06196687aba,754,0,0,1,linux,BIC
c4283950a9a4d3bf4a3f362e406c80ab14f10714,0,0,1,1,linux,BFC
4969f8a073977123504609d7310b42a588297aa4,3,0,2,1,linux,BFC
2e9ceb6728f1dc2fa4b5d08f37d88cbc49a20a62,0,1,1,1,linux,BFC
8ce59b16b4b6eacedaec1f7b652b4781cdbfe15f,0,0,1,1,linux,BFC
3daaf2c7aae8f16845a59b57d3ae92e3d0965d21,0,5,1,1,linux,BIC
e67d4dfc9ff19dbe74b29617cf2592ccc50c3920,375,0,0,3,linux,BIC
7ff960a6fe399fdcbca6159063684671ae57eee9,0,0,7,1,linux,BFC
b6319b061ba279577fd7030a9848fbd6a17151e3,5,0,5,1,linux,BIC
2fb92db1ec08f3235c500e7f460eeb78092d844e,85,2,8,2,linux,BIC
09699e56dee946a16767021af97411ed6f4b3e6b,4,0,2,1,linux,BFC
fdf8bee96f9aeaac4559725c2dfae6e1bd7b7043,1,37,3,3,linux,BIC
ccf08fd1204bcb5311cc10aea037c71c6e74720a,0,0,1,1,linux,BFC
e871e93fb08a619dfc015974a05768ed6880fd82,1,0,1,1,linux,BFC
d0a553502efd545c1ce3fd08fc4d423f8e4ac3d6,0,4,5,1,linux,BFC
1e0ff648940e603cab6c52cf3723017d30d78f30,0,0,1,1,linux,BFC
cd8c5c269b1d807028e939293002c989e7c07e51,31,3,3,1,linux,BIC
a10fba0377145fccefea4dc4dd5915b7ed87e546,12,0,10,10,linux,BIC
651cd2652339d5223bab9802faaf0a7f14c870b7,228,8,0,3,linux,BIC
ecf84096a526f2632ee85c32a3d05de3fa60ce80,0,4,1,1,linux,BFC
05087360fd7acf2cc9b7bbb243c12765c44c7693,119,3,7,3,linux,BIC
a2ebba824106dabe79937a9f29a875f837e1b6d4,0,0,1,1,linux,BFC
7a828f1f1fe30024cd153452b808a07ddf07c153,0,0,1,1,linux,BFC
34becfdb945a5eb819b7c8e4f0ec5cc5952ec68f,0,0,1,1,linux,BFC
e858fae2b0b8f41f0bed2cdffde25e7c97da38a7,0,58,10,1,linux,BIC
66a7a92e4d0d091e79148a4c6ec15d1da65f4280,3,0,2,1,linux,BFC
966031f340185eddd05affcf72b740549f056348,0,0,2,1,linux,BFC
743ba5b47f7961fb29f2e06bb694fb4f068ac58f,2,0,0,1,linux,BFC
df077237cf55928f5ac4b2770488a0aa4d3cd095,18,0,4,2,linux,BIC
f685e609a301f171b62ee52a69acc3a74c2c04aa,30,0,0,1,linux,BIC
f27db8eb98a19e0f1b5748f8aad9fb4a98301eb0,164,101,85,3,linux,BIC
9c669b731470154a1f7b0ad1c3231cf02114c163,32,0,0,2,linux,BIC
91529834d1dea9afccb72843c3e547e703ec177f,0,18,1,2,linux,BIC
84d1c617402e7e67fc95ab2384da8dae7d1b0efe,9,0,0,2,linux,BIC
011c935fceae5252619ef730baa610c655281dda,0,0,1,1,linux,BFC
d23c4b6336ef30898dcdff351f21e633e7a64930,0,0,1,1,linux,BFC
96e51ccf1af33e82f429a0d6baebba29c6448d0f,0,11,2,1,linux,BIC
02f393381d14df948918f5021486e1197c05a21f,0,0,1,1,linux,BFC
46bcff2bfc5e6a8c638d3a32e4f6f6fa4bd01461,3,2,2,1,linux,BFC
136ac591f047fc356072343eb85687f7c6ea191d,0,0,2,2,linux,BFC
d222af072380c4470295c07d84ecb15f4937e365,2,3,2,3,linux,BFC
dd2d6042b7f4a5440705b4ffc6c4c2dba81a43b7,7,16,18,1,linux,BFC
b33a84a384776fb2593dac4d77c72050f9e181b0,171,375,76,1,linux,BIC
3ad290194bb06979367622e47357462836c1d3b4,0,0,2,1,linux,BFC
eaf89f1cd38cf7256ab64424fe94014632044d57,2,0,0,1,linux,BFC
0b8e7bbde5e7e2c419567e1ee29587dae3b78ee3,0,0,1,1,linux,BIC
0aaaf5c424c7ffd6b0c4253251356558b16ef3a2,83,0,9,4,linux,BIC
bbc88a0ec9f37c36275034cf7c80f9b3fd6143d6,290,0,0,1,linux,BIC
4c3333693f07313f5f0145a922f14a7d3c0f4f21,0,0,2,1,linux,BFC
dc911f5bd8aacfcf8aabd5c26c88e04c837a938e,37,0,8,6,linux,BIC
83b67041f3eaf33f98a075249aa7f4c7617c2f85,3,1,1,1,linux,BFC
e876df1fe0ad1b191284ee6ed2db7960bd322d00,32,0,14,4,linux,BIC
8f8ca51dbb4da0457f57f83d94aea81931b0707a,0,1,0,1,linux,BFC
b4147917ad4ff2c755e01a7ca296b14030d2d507,0,0,2,1,linux,BFC
c36846f3917962a1f7586a3d39a423e6679df3d7,0,2,0,1,linux,BFC
e607879b0da18c451de5e91daf239cc2f2f8ff2d,3,0,0,1,linux,BFC
1b4d1c9bab091ac6e20a3ff80c30c5cefe192bf4,5,0,1,1,linux,BFC
8da7520c80468c48f981f0b81fc1be6599e3b0ad,0,0,1,1,linux,BFC
f35b794b3b405e2478654ea875bc0b29fe1a1bc5,15,0,19,3,linux,BIC
89b411081d70fe3772efa4665279293269c1150d,0,0,1,1,linux,BFC
6391074598442b8a8d33e2cfdf277d5568b57f2d,5,4,0,1,linux,BFC
120b0c39c75688864e4a25e71cf3ed40e8e18651,52,6,23,10,linux,BIC
b8a51b38e4d4dec3e379d52c0fe1a66827f7cf1e,143,0,0,3,linux,BIC
9037246bb2da58d7b990ec9133f69c0b7d86f7a0,182,0,3,2,linux,BIC
c7a1ce397adacaf5d4bb2eab0a738b5f80dc3e43,1,10,17,2,linux,BIC
9651cf2cb14726c785240e9dc01b274a68e9959e,0,0,1,1,linux,BFC
2acf70ade79d26b97611a8df52eb22aa33814cd4,11,0,4,1,linux,BFC
3fcece12bc1b6dcdf0986f2cd9e8f63b1f9b6aa0,33,0,17,5,linux,BIC
8818efaaacb78c60a9d90c5705b6c99b75d7d442,7,0,10,2,linux,BFC
f84bb1eac0275283ccd76455e20f926e186ea8c8,0,0,1,1,linux,BIC
33631012cd067d2c9ea6da5d4213a8f27fdde271,0,66,18,1,linux,BIC
82e89ea077b93b3c131fa175b0df3acb5b1d5cdf,33,6,0,1,linux,BIC
17a1dc5e22d25ba374d8c8dd8d5bf10bd20d3265,3,0,1,1,linux,BFC
f2821b1ca3a21c21e8c1256ab45d70b00d1d6398,1039,995,0,3,linux,BIC
e95eef3fc0bcb3c5a3145c583f0d177f02381195,134,0,2,2,linux,BIC
3da0401b4d0e17aea7526db0235d98fa535d903e,3,0,3,1,linux,BIC
d44f1b8dd7e66d80cc4205809e5ace866bd851da,50,16,5,5,linux,BIC
80df01f4dc79abbed724bbe0851cab3fe8ad9d99,7,0,6,4,linux,BFC
0911287ce32b14fbc8aab0083151d9b54254091c,16,0,8,1,linux,BIC
47e33c05f9f07cac3de833e531bcac9ae052c7ca,10,0,1,2,linux,BFC
e316ea62e3203d524ff0239a40c56d3a39ad1b5c,0,4,0,2,linux,BFC
9a4f4f3a894ff4487f5597b7aabba9432b238292,3,0,7,1,linux,BFC
2839b0999c20c9f6bf353849c69370e121e2fa1a,10,0,0,1,linux,BFC
6cbc304f2f360f25cc8607817239d6f4a2fd3dc5,12,7,9,5,linux,BIC
de54e703a4229e4688eb77b32b1c27861384e22a,4,2,10,5,linux,BIC
357628e68f5c08ad578a718dc62a0031e06dbe91,0,0,1,1,linux,BFC
c43ca5091a374c1f6778bd7e4a39a5a10735a917,552,0,0,3,linux,BIC
9aa9cc4221f5154ed93e999662ccfef7b6a82e3e,2,5,1,3,linux,BIC
e6fa930f73a15238f3cb0c204e2f786c919b815c,1,4,2,2,linux,BFC
8b34fe593ec6392aaef74c244fe2c091f424dee8,2,0,0,1,linux,BFC
5c33677c87cbe44ae04df69c4a29c1750a9ec4e5,1,0,1,1,linux,BFC
19a58ce1dc72264b9d50ff6d86cc36b3c439fb64,1,0,1,1,linux,BFC
bd2abef33394dc16d63580c38c01420db991f0f2,351,30,21,11,linux,BIC
9bb9e29c78f8d8ee310987fd58a2b908a4ce0c40,362,0,0,2,linux,BIC
ee1cdcdae59563535485a5f56ee72c894ab7d7ad,9,4,1,1,linux,BFC
291de1d102fafef0798cdad9666cd4f8da7da7cc,0,0,1,1,linux,BFC
171f6402e4aa5cd3b8407f82501f7ea21fa54ccc,20,0,3,2,linux,BIC
801eb0501824da196c7b1c18c453528457308c5a,2,0,1,1,linux,BFC
8385d756e114f2df8568e508902d5f9850817ffb,25,0,3,5,linux,BFC
af8085f3a4712c57d0dd415ad543bac85780375c,12,4,0,1,linux,BFC
a2120089251f1fe221305e88df99af16f940e236,10,0,2,1,linux,BIC
6090a0c4c7c6156f267ee217f6577eecd610a652,64,5,14,1,linux,BIC
d76271d22694e874ed70791702db9252ffe96a4c,4077,0,0,7,linux,BIC
a9eeb998c28d5506616426bd3a216bd5735a18b8,46,0,31,1,linux,BIC
bd5e2c22a9cfe7c3735d71920dc4a286348c61d2,0,2,1,1,linux,BFC
02f840f90764f22f5c898901849bdbf0cee752ba,33,9,18,2,linux,BFC
129a72a0d3c8e139a04512325384fe5ac119e74d,14,0,4,1,linux,BIC
8ff0c5664a634bab05c646960c1730b7fd33ed90,0,1,1,1,linux,BFC
b020632e40c3ed5e8c0c066d022672907e8401cf,340,0,0,8,linux,BIC
cdea72518a2b38207146e92e1c9e2fac15975679,1,0,3,1,linux,BFC
82715a0f332843d3a1830d7ebc9ac7c99a00c880,0,0,2,1,linux,BFC
f48dc6b9664963107e500aecfc2f4df27dc5afb6,0,79,30,2,linux,BIC
9f3ccd40acf4a348aab4eda140cdb4d2f1f773b4,68,64,97,21,linux,BIC
4148987a5111b0c8062bd78f39a67c361f621a39,1,0,0,1,linux,BFC
32f9bc25cbda00410e2379c58ae027e88bf24770,164,0,0,1,linux,BIC
c1948390d78b5183ee9b7dd831efd7f6ac496ab0,1,0,7,1,linux,BFC
4ff725e1d4adfd313bc9767523fc8d6e90d50f9c,15,0,4,2,linux,BIC
a46cc7a90fd8d95bfbb2b27080efe872a1a51db4,10,24,18,2,linux,BIC
4715f81afc342996f680b08c944a712d9cbef11b,0,11,0,1,linux,BFC
ae380ce04731579f45f27b3a84d7d8d8ee1f9b1b,15,0,7,2,linux,BIC
d0a2f454713a42447ee4007582c0e43c47bcf230,0,0,2,1,linux,BFC
b2379ba2b9c207f6a76b4b8c3d7252a82cfd8f7d,0,0,1,1,linux,BFC
31a3409065d1d5bf0f12ad76b8c7f471134bf596,12,3,4,1,linux,BFC
f9ded3b2e761256301ebb8d90e87eb1b5443e3ea,4,55,59,2,linux,BIC
cd0ed03a8903a0b0c6fc36e32d133d1ddfe70cd6,207,0,0,5,linux,BIC
7b490a8ab0f2d3ab8d838a4ff22ae86edafd34a1,0,0,1,1,linux,BFC
000412276370a9bcfec73b3752ceefd9a927f1db,8,2,2,1,linux,BFC
84a6a7a99c0ac2f67366288c0625c9fba176b264,0,0,1,1,linux,BFC
bb32e1987bc55ce1db400faf47d85891da3c9b9f,10,0,0,1,linux,BFC
e73a9891b3a1c9fc0970e0c9dbe2cc47933ad752,530,0,3,8,linux,BIC
12761869f0efa524348e2ae31827fd52eebf3f0d,12,6,7,1,linux,BFC
0abb33bfca0fb74df76aac03e90ce685016ef7be,0,3,1,1,linux,BFC
05f4c350ee02e9461c6ae3a880ea326a06835e37,453,0,2,7,linux,BIC
f42a5c74da9996d602093d7760f6916444009a9d,27,0,3,3,linux,BIC
728e3096741a50cb04f3a4d713001a7fd48acc17,1,1,3,1,linux,BIC
ebd0e0f503d0774407a63ebb5ec1a90bb54941f5,13,0,15,1,linux,BFC
e632a938d914d271bec26e570d36c755a1e35e4c,22,0,4,2,linux,BIC
07bab9502641dff9c3c864162270d12c6dd0e834,603,568,14,9,linux,BIC
d8e018c0b3211902af1bfb5d5b280f955a4633b7,4,0,5,3,linux,BIC
56de8357049c707e5c881cc9d0e5ffed76388423,5,0,7,1,linux,BIC
638f5b90d46016372a8e3e0a434f199cc5e12b8c,186,37,119,3,linux,BIC
a03825bbd0c39feeba605912cdbc28e79e4e01e1,0,0,5,1,linux,BIC
1e8aaedb182d6ddffc894b832e4962629907b3e0,6,7,1,2,linux,BFC
67a99b7061c07b190ac6c39f136afedbb7aa86e9,0,0,2,1,linux,BFC
a8ccf8a666639ca9184e8b23d515d9fbe722a27d,56,0,0,2,linux,BIC
7274a8c229805d5ab1228a2d7d8ed304fcfa2bc6,4015,0,0,2,linux,BIC
ffc95a46d677adb5f49f01789db9d8c3ae0af5e2,0,3,0,1,linux,BFC
2e9ee0955d3c2d3db56aa02ba6f948ba35d5e9c1,16,1,7,3,linux,BIC
dbf592f3d14fb7d532cb7c820b1065cf33e02aaa,8,0,6,1,linux,BFC
943cff67b842839f4f35364ba2db5c2d3f025d94,2,0,7,1,linux,BFC
87e81786b13b267c4355e0d23e33c7e4c08fa63f,9,0,0,3,linux,BIC
40758e493f4d08093fbf58390f8a4bc55b501a49,40,0,5,2,linux,BIC
cbbf09b5771e6e9da268bc0d2fb6e428afa787bc,0,13,0,1,linux,BFC
4f458ec5f4970d28d78048ebfd3251b5edb0083f,16,41,17,2,linux,BIC
332e0e17ad49e084b7db670ef43b5eb59abd9e34,2,0,1,1,linux,BFC
1cc9d48145b81e307fab94a5cf6ee66ec2f0de60,0,0,1,1,linux,BFC
d4a8061a7c5f7c27a2dc002ee4cb89b3e6637e44,7,0,0,1,linux,BFC
cd914bba03d8a2ba30bf7385c5e2da9ac30f574f,14,0,1,1,linux,BIC
c23ac90f78aa9190643c82c1975a0cfe480d7c60,9,30,13,1,linux,BFC
f948eb45e3af9fb18a0487d0797a773897ef6929,0,0,1,1,linux,BFC
b511203093489eb1829cb4de86e8214752205ac6,0,1,0,1,linux,BFC
404a3add43c9c42fe48b61341badfcb9cca165cc,9,8,5,1,linux,BIC
0c4cb7314d15d63fbc96e60c57443f3ef83b9c5e,19,0,3,1,linux,BIC
38ac0287b7f4f3922e25fd8f81db67f2c13d16bb,31,0,10,1,linux,BIC
bf3b4f066d992718b1f86f21249d6781fdc8340d,0,0,8,1,linux,BFC
3393af24b665cb0aea7353b05e522b03ab1e7d73,5,0,0,1,linux,BFC
b4e0f9a926ec557cc0b91216957afd1b711bd45f,2,0,5,1,linux,BFC
c9107dd0b851777d7e134420baf13a5c5343bc16,18,0,0,1,linux,BFC
9413491e20e1aba6e471d90c19cc43e523216a4d,1103,0,0,2,linux,BIC
fcb39f6c10b24d2d16d4c2bdb4c256bc21b8a131,127,0,0,2,linux,BIC
d23765646e71b43ed2b809930411ba5c0aadee7b,0,2,1,1,linux,BFC
01167c7b9cbf099c69fe411a228e4e9c7104e123,3,1,1,1,linux,BFC
05d7839aa290901429d8edcd8f7974c9df2bcaa5,0,0,1,1,linux,BFC
d0f5c7076e01fef6fcb86988d9508bf3ce258bd4,18,1,4,1,linux,BFC
d6838ec44b4513280a3f43fcc402e246d543fb53,8,0,6,1,linux,BFC
47a32f9c12266d450b92089148c6039591bd9909,124,0,0,1,linux,BIC
6c6ac8b7773f05f93dc4e4044686e059d1f78dea,2,0,0,1,linux,BFC
29f5f4860a8ef9407736594ec43b4fa4152ac7fa,3,2,0,1,linux,BIC
23f889bdf6ee5cfff012d8b09f6bec920c691696,0,25,11,3,linux,BFC
90f7b11a5a0081feb7041fcc795c9a131a62a725,0,25,9,1,linux,BFC
ff6165b2d7f66fccb7095a60ccc7a80813858665,24,20,46,1,linux,BIC
7cb37b7bd0d3c93e381ae7abf30971819966bd9d,977,6,91,8,linux,BIC
b55230e5e800868961fc271b26d9ce53ae1f691e,47,0,1,1,linux,BIC
d81ae8aac85ca2e307d273f6dc7863a721bf054e,14,3,2,1,linux,BIC
91a25e463130c8e19bdb42f2d827836c7937992e,75,0,8,1,linux,BIC
afdb4a5b1d340e4afffc65daa21cc71890d7d589,0,14,8,1,linux,BFC
d7807a9adf4856171f8441f13078c33941df48ab,0,3,7,4,linux,BIC
696029eb36c08d7b60097cae44a6269bfa68b51c,71,0,0,1,linux,BIC
4d1cd1443db3d5605ebcde8672869b1944ade92d,0,3,3,1,linux,BFC
bf388e3a9429b9a477ba9487c29fcf91c504d8d9,2,0,13,1,linux,BFC
7ecca2a4080cb6b1fa174adc588fce9e9014c43c,3686,0,0,6,linux,BIC
ce834e280f2f8753ab0432fb5b1912547abc5330,700,0,0,7,linux,BIC
1202cdd665315c525b5237e96e0bedc76d7e754f,0,11787,2,29,linux,BIC
e681b1a6d706b4e54c3847bb822531b4660234f3,0,0,5,2,linux,BFC
38682383973280e5be2802ba8a8d4a636d36cb19,105,0,18,9,linux,BFC
a08a8cd375db9769588257e7782f6b6b68561b88,52,3,5,7,linux,BIC
fcee96924ba1596ca80a6770b2567ca546f9a482,2,0,0,1,linux,BFC
51a0d1a90bff5d90a1a1c58e165928a0dd92268a,1,0,2,1,linux,BFC
90b69cdc5f159be09d799257661e119a26ea4233,32,3,10,4,linux,BIC
0fdf1493b41eb64fc7e8c8e1b8830a4bd8c4bbca,2,0,8,4,linux,BFC
e381835cf1b8e3b2857277dbc3b77d8c5350f70a,3,0,23,1,linux,BFC
5fbda3ecd14a5343644979c98d6eb65b7e7de9d8,130,4,6,6,linux,BIC
2507003a1d10917c9158077bf6030719d02c941e,0,0,1,1,linux,BFC
474ea9cafc459976827a477f2c30eaf6313cb7c1,5,0,0,1,linux,BIC
b33d232e6112aa175f08e8105de0a4da14f5dcbb,0,0,1,1,linux,BFC
a4fc088ad4ff4a99d01978aa41065132b574b4b2,1,1,12,1,linux,BFC
1278998f8ff6d66044ed00b581bbf14aacaba215,1,0,1,1,linux,BIC
b5fab345654c603c07525100d744498f28786929,0,9,5,1,linux,BFC
4ea5763fb79ed89b3bdad455ebf3f33416a81624,21,0,4,1,linux,BFC
3c446e6f96997f2a95bf0037ef463802162d2323,0,0,8,1,linux,BFC
82733d168cbd3fe9dab603f05894316b99008924,4,1,4,2,linux,BFC
a6dcfe08487e5e83b6b4214c959a9577a9ed2d9f,2,0,2,1,linux,BIC
d375278d666760e195693b57415ba0a125cadd55,4,0,9,1,linux,BFC
ed7dc6777400937b4686e9ec1db1533ea4546864,7,0,10,1,linux,BFC
caabee5b53f5eaa086170e4594f603965bd7d88c,129,0,1,1,linux,BIC
052fb0d635df5d49dfc85687d94e1a87bf09378d,12,0,18,1,linux,BIC
aed0826b0cf2e488900ab92193893e803d65c070,4,0,0,1,linux,BFC
baa2986bda3f7b2386607587a4185e3dff8f98df,2,0,0,1,linux,BFC
7a6eb072a9548492ead086f3e820e9aac71c7138,2,0,0,1,linux,BFC
2fa436b3a2a7009c11a3bc03fe0ff4c26e80fd87,19,0,2,2,linux,BFC
7216ebc51bdd62517be6878dd37555ff428a80c9,10,0,1,1,linux,BFC
876fcc4222e1d0e5b73343f4010a8b66be058f48,9,4,0,1,linux,BFC
e32683c6f7d22ba624e0bfc58b02cf3348bdca63,7,8,14,2,linux,BIC
144b0a0e608690d46e9a77819249bdd8d23bdcb6,0,3,0,1,linux,BFC
938a0447f094233e269f7f5ded474b13f3de8d80,51508,0,0,54,linux,BIC
224102de2ff105a2c05695e66a08f4b5b6b2d19c,1,1,0,1,linux,BFC
1045ba77a5962a22bce7777678ef46714107ea63,57,0,0,4,linux,BIC
180abeb2c5032704787151135b6a38c6b71295a6,10,0,0,1,linux,BFC
0f314f6c2e77beb1a232be21dd6be4e1849ba5ac,388,0,0,1,linux,BIC
3f1f3234bc2db1c16b9818b9a15a5d58ad45251c,39,0,0,3,linux,BIC
74640f09735f935437bd8df9fe61a66f03eabb34,5,0,0,1,linux,BFC
c6d1fa6c8f663bd49bfe7a20eccb0dc7e43db63a,0,2,0,1,linux,BFC
fceb62124d8fe1f6fb4b64e8f11c095dca8e7ea7,23,20,1,1,linux,BFC
c71af3dae3e34d2fde0c19623cf7f8483321f0e3,2,0,1,1,linux,BFC
03e9b33a0fd677f554b03352646c13459bf60458,19,0,7,4,linux,BIC
5c4c2126fb69812e6e62a7d8bfaac308a3ddeec7,1,2,0,1,linux,BFC
68e326dea1dba935f6a5299a24343a58b33eed10,51,156,257,41,linux,BIC
501e5bbec3c19498fa520fd3ffd68bd907f31bf7,29,0,1,1,linux,BFC
aeea6cc067525103301fb7a6ba5c861b631f2086,0,0,1,1,linux,BFC
b16bb01fd2d599ba5cbc031b2c5318eba29efbc7,0,0,1,1,linux,BFC
8bc862843901e282e58f5ecd66f1df24366ecb6b,3,0,1,1,linux,BFC
0cbade024ba501313da3b7e5dd2a188a6bc491b5,7,0,0,1,linux,BIC
c8fa63714763b7795a3f5fb7ed6d000763e6dccc,11,0,1,1,linux,BFC
17515f1b764df36271f3166c714f5a78301fbaa7,0,0,1,1,linux,BFC
eaa74ec7329a48a4b724d8de440b3a2cbaabf7c8,6,2,3,1,linux,BFC
58606220a2f1407a7516c547f09a1ba7b4350a73,0,0,3,2,linux,BFC
64050b5b8706d304ba647591b06e1eddc55e8bd9,3,0,1,1,linux,BFC
3f0d14efe2fa8656a1c46f1d13d42bb5bd88f32f,1,0,2,1,linux,BFC
a9877da2d62958972548e98ecad0413d482b5eac,178,37,43,5,linux,BIC
0a27844ce86d039d74221dd56cd8c0349b146b63,0,0,1,1,linux,BFC
f1c8cd0176078c7bcafdc89cac447cab672a0b5e,8,1,9,4,linux,BIC
65650b35133ff20f0c9ef0abd5c3c66dbce3ae57,3,10,0,2,linux,BFC
4b2c53d93a4bc9d52cc0ec354629cfc9dc217f93,487,0,0,3,linux,BIC
a136f59c0a1f1b09eb203951975e3fc5e8d3e722,8,4,4,1,linux,BIC
cfb3c85a600c6aa25a2581b3c1c4db3460f14e46,0,0,1,1,linux,BFC
0b919a3728691c172312dee99ba654055ccd8c84,0,0,3,1,linux,BFC
f3c84a8e3e922afdcbc55f04df8fdf8a548f5a21,3,0,4,1,linux,BFC
d4934f45693651ea15357dd6c7c36be28b6da884,0,2,0,1,linux,BFC
9ac8545199a1b711f5643f535b82981faa0b4bf1,0,0,1,1,linux,BIC
674f50a5b026151f4109992cb594d89f5334adde,231,9,16,1,linux,BIC
6c4ab1b86dac3954d15c00c1a6396d60a1023fab,0,0,1,1,linux,BFC
61f7f7c8f978b1c0d80e43c83b7d110ca0496eb4,34,0,4,1,linux,BIC
ccdb51717ba3bdc9585998e4ffd41d70c04dedea,0,0,1,1,linux,BFC
11bd3dd1b7c299815dbedef0982220f239425ae8,953,0,0,4,linux,BIC
002b87d2aace62b4f3841c3aa43309d2380092be,2,0,0,1,linux,BFC
697ad2490c96981ec12b0a6d3c7c26fbad80e1e8,30,0,8,1,linux,BIC
1b33bc3e9e903f7293f7dfe80a875b2a5d0305aa,0,9,0,1,linux,BIC
e6daa8f61d8def10f0619fe51b4c794f69598e4f,2,0,31,1,linux,BFC
740fcdc2c20ecf855b36b919d7fa1b872b5a7eae,144,0,0,1,linux,BIC
555e8a8f7f149544eb7d4aa3a6420bc4c3055638,301,2,46,7,linux,BIC
fdcba53e2d58272bcdb5f1fad694602ccf02ad46,41,0,4,1,linux,BIC
7cccf0725cf7402514e09c52b089430005798b7f,11,9,6,3,linux,BIC
1e5b0cf8672e622257df024074e6e09bfbcb7750,2,0,0,1,linux,BFC
d03825fba459d0d58e4fe162439babfc5f5eabc4,2,0,0,1,linux,BIC
0a61bcbba8737fe6d43dc34070ffa84a2f12e990,8,0,2,1,linux,BFC
839e59a34394905fef73093e8605f50a9eb6d802,0,0,9,1,linux,BFC
dedab69fd650ea74710b2e626e63fd35584ef773,12,0,0,1,linux,BFC
52fafc58c3535c9f4f53864686dbaee3bcbadcb4,0,0,7,2,linux,BFC
7892a1f64a447b6f65fe2888688883b7c26d81d3,6,0,1,1,linux,BFC
e330b9a6bb35dc7097a4f02cb1ae7b6f96df92af,0,0,2,1,linux,BFC
e6afb1ad88feddf2347ea779cfaf4d03d3cd40b6,0,0,4,1,linux,BFC
188986c70e09f0f3cd88e6fe14c89e439474e3ec,2,2,0,1,linux,BFC
961e3beae3b29ae9463631415342244cdaf1cd47,42,13,22,3,linux,BIC
0dc2d6ff40364a00cd66cae3ed327894dcd11c82,3,0,3,1,linux,BFC
6edda04ccc7cfb281d139e352dbd5dd933bd2751,26,0,1,1,linux,BIC
a41081aa59363760ae8bc20929617f57bcf025b8,60,0,0,3,linux,BIC
e502b8b011294c293064ef1baeb04235ccc05439,0,2,5,2,linux,BFC
61a65d32fe91c2b6ea3aed47c5f1efc7acd89ba2,4,0,1,1,linux,BFC
f83461e6581b12833ecf08690d21b04ed60de7c1,0,0,7,1,linux,BFC
3e5770921a8846ed1071257398eb7cd369399412,3690,0,0,1,linux,BIC
b6f8fec4448aa52a8c36a392aa1ca2ea99acd460,7,0,0,1,linux,BFC
a59b2c7c56bf795cc13139d2634e86a3da7a0314,3,0,13,1,linux,BIC
b6face404f38f783c4428d953efa4eeb68d7cc24,28,0,0,1,linux,BIC
23f75d7dfa92132e08e31640e0f641dcdea781b9,273,9,11,1,linux,BIC
4e17e1db96474af5620e3259754df4cb1c46521c,1067,0,0,2,linux,BIC
b63c5478e9cb1d1504eb02d9dac827ad24612b32,14,0,1,1,linux,BIC
ff12ce2c9cb1cd09017151424db66de803984abc,0,0,1,1,linux,BFC
49425dfc74512bef9cf15eafb5de0fc98f024e20,302,0,9,11,linux,BIC
8d55027f4e2c04146a75fb63371ab96ccc887f2c,2,0,0,1,linux,BFC
5e929367468c8f97cd1ffb0417316cecfebef94b,2,0,2,1,linux,BFC
d132803e6c611d50c19baedc8ae520203a2baca7,1,0,1,1,linux,BFC
4595ef88d136134a9470c955575640f5c96344ed,2,0,26,2,linux,BIC
e3b9b27865c45c771f95b5dcf70ee8e88b343c75,0,1,0,1,linux,BFC
7df7dad633e2c6d43ee9b39c267ee0add9798384,49,10,1,1,linux,BIC
bc8befe6f950264f2f4f6cbe267a3e934a15e26b,20,10,0,2,linux,BFC
2749596220173638e6e73763b2559c7a0b27b2ea,6,0,0,1,linux,BFC
acc68b8d2a1196c4db806947606f162dbeed2274,5,0,3,2,linux,BFC
7d64f82cceb21e6d95db312d284f5f195e120154,1,0,0,1,linux,BFC
5c8e10f8326294b0f860da6e7266174f28fc1341,0,0,1,1,linux,BFC
f3f6d18417eb44ef393b23570d384d2778ef22dc,7,0,0,1,linux,BFC
9b61e302210eba55768962f2f11e96bb508c2408,42,1,14,1,linux,BIC
f8ae08f9789ad59d318ea75b570caa454aceda81,8,4,29,1,linux,BFC
1d72d9f960ccf1052a0630a68c3d358791dbdaaa,6,0,1,1,linux,BFC
41ac42f137080bc230b5882e3c88c392ab7f2d32,2,0,1,1,linux,BFC
36ae4f3aafe7768d00510a18e5ad17a55a4849a5,0,0,1,1,linux,BFC
4046bf023b0647d09704a32d9fe8aecbcee3e4c3,15,13,1,2,linux,BIC
8d4d7c58994759bbd9f4fec32d88bf0e0b89302e,1,0,0,1,linux,BFC
fbfc504a24f53f7ebe128ab55cb5dba634f4ece8,284,0,2,7,linux,BIC
bd870a16c5946d86126f7203db3c73b71de0a1d8,101,1,16,2,linux,BIC
644664627d21648735adfa733956f94064d3417d,2,0,3,1,linux,BFC
2b63f1329df2cd814c1f8353fae4853ace6521d1,2,0,1,1,linux,BFC
8127224c2708aa1558e2be7bbd1b7e9b07860de6,677,0,2,5,linux,BIC
e2d1baca2b3396371db0a6e1643e487519122069,0,2,0,1,linux,BFC
bd6478559e27414e7def8247136b0dcb1e1392f8,738,0,4,6,linux,BIC
413d84b88bee08ed59713e782053ff38d206c606,2,0,0,1,linux,BFC
ff41c28c4b54052942180d8b3f49e75f1445135a,2,0,1,1,linux,BFC
5026c9b1bafcb309bf467b60494b3bcd6364b99c,12,2,4,1,linux,BIC
1a50cf9a67ff2241c2949d30bc11c8dd4280eef8,0,0,1,1,linux,BFC
5665a1febfe7bbb8c166fcf16856ef2730f947c0,0,2,4,2,linux,BFC
7f49e7a38b77a7538acf48762c22ccbd05d9535c,9,0,0,1,linux,BFC
4614792eebcbf81c60ad3604c1aeeb2b0899cea4,2,0,0,1,linux,BFC
697fb80a53642be624f5121b6ca9d66769c180e0,0,0,1,1,linux,BFC
24331050a3e6afcd4451409831dd9ae8085a42f6,7,0,0,1,linux,BFC
8580e2117c06ac0c97a561219eaab6dab968ea3f,39,0,12,3,linux,BIC
e44ef4e4516cce783e95d7221936aa9a4f325ad9,79,1,19,1,linux,BIC
a09bd81b5413d1b4d705c6c5303b5d311069da22,2,0,10,3,linux,BIC
c23f397cc4e440742b2b27690694c9346f638800,0,0,1,1,linux,BFC
8dde152ea34860403c839598bdef3f07239eb25a,2,0,1,3,linux,BFC
61c2402665f1e10c5742033fce18392e369931d7,1,0,0,1,linux,BFC
ac96b5566926af83463ddcf4655856033c092f26,0,0,2,1,linux,BIC
541debae0adf0bee96137724fa1ce81d3102d14c,11,11,0,1,linux,BIC
24c567ff75d342ed2392cd470c3acd29a09e03ba,7,0,2,1,linux,BFC
6b583201fa219b7b1b6aebd8966c8fd9357ef9f4,5,0,4,1,linux,BFC
73383adfad245bb84e6d6ef7830f01048fcfc217,6,0,2,2,linux,BIC
cb0ceaf77d93964a0d00477c79f4499123f6159c,0,0,1,1,linux,BFC
c7acd6fe8a2881771f2cb374b36d17b5109abbde,4,0,0,1,linux,BFC
f5aa9159a418726d74b67c8815ffd2739afb4c7a,8,0,0,2,linux,BIC
1aa561b1a4c0ae2a9a9b9c21a84b5ca66b4775d8,11,0,3,4,linux,BIC
46b010d3eeb8eb29c740c4ef09c666485f5c07e6,44,0,3,3,linux,BIC
da80ff81a8f54611b834d73149f8ac0d59151c87,12,2,7,2,linux,BIC
3e640b1eec38e4c8eba160f26cba4f592e657f3d,0,0,2,1,linux,BFC
7707f7227f096162c724cc55f5db1b83cb94c105,271,0,5,5,linux,BIC
9bd87ec631ba07285138eed9c85645a12294f6c6,24,23,2,1,linux,BFC
106b104137fd5f0dbcafadd7ad566b86ec183466,397,0,0,1,linux,BIC
13a1bb93f7b1c90099c557696951884ea7dcda34,13,19,48,4,linux,BIC
fa220c05d282e7479abe08b54e3bdffd06c25e97,2,0,0,1,linux,BFC
8f4729e880647c419de0bbe3ff21d7efb4e65676,0,0,1,1,linux,BFC
790af90c00d277b7fc8bd2ba18fcfa40941bf134,14,0,2,1,linux,BIC
60ab7f4153b6af461c90d572c31104086b44639f,17,50,211,46,linux,BIC
0ef049dc1167fe834d0ad5d63f89eddc5c70f6e4,9,1,7,1,linux,BFC
43926c2761bcf3a7a720f707510f9c00b2830bfa,0,0,2,1,linux,BFC
30d6f8c15d2cd877c1f3d47d8a1064649ebe58e2,66,0,0,2,linux,BIC
dc5a941223edd803f476a153abd950cc3a83c3e1,1,0,3,1,linux,BFC
84a7c0b1db1c17d5ded8d3800228a608e1070b40,2,0,1,1,linux,BIC
37a7fdf2892be124545ddaf99b85de576121476c,0,4,0,1,linux,BFC
7c65817e6d38fad8ed4ae8632b3615980a2197b4,180,0,2,4,linux,BIC
28b4c263961c47da84ed8b5be0b5116bad1133eb,81,0,0,4,linux,BIC
5737f6c92681939e417579b421f81f035e57c582,1,0,1,1,linux,BFC
d001e41e1b15716e9b759df5ef00510699f85282,0,0,1,1,linux,BFC
2378b2c9ecf437b918dff246b81b5b624ec14f80,2,0,1,1,linux,BFC
24333ac26d01aab4cee8e1c137c34b97ab294b19,0,21,14,1,linux,BIC
596a7a1d0989c621c3ae49be73a1d1f9de22eb5a,1,0,2,1,linux,BFC
1d14eb15dc2c3961ffe88d20df17fb2e2eaf1504,0,23,6,1,linux,BIC
f67169fef8dbcc1ac6a6a109ecaad0d3b259002c,4,6,1,1,linux,BFC
5af82c81b2c49cfb1cad84d9eb6eab0e3d1c4842,3,0,5,1,linux,BIC
b0b4e09c1ae71c4ec33df0616b830ae050006e9b,44,29,39,6,linux,BIC
4314f9f4f85832b5082f4e38b07b63b11baa538c,1,2,15,9,linux,BFC
6c28377b7114d04cf82eedffe9dcc8fa66ecec48,0,10,8,3,linux,BFC
d66503c43c0036d8db526d6c47c149bb971ac0b9,20,11,2,1,linux,BFC
01ae87eab53675cbdabd5c4d727c4a35e397cce0,0,0,2,1,linux,BFC
07f6c4bc048a7a8939c68a668bf77474890794c5,35,196,145,5,linux,BIC
e7ed83d6fa1a00d0f2ad0327e73d3ea9e7ea8de1,0,0,1,1,linux,BFC
17d9c15c9b9e7fb285f7ac5367dfb5f00ff575e3,3,0,0,1,linux,BFC
c4a6853d8fb2b122686bc6a7c472956e87090f4e,5,5,2,2,linux,BFC
11cefd5ac25f242349994140a3bce3a20db0c751,1,0,0,1,linux,BFC
b4099769f3321a8d258a47a8b4b9d278dad28a73,7,1,0,1,linux,BFC
08bdcc35f00c91b325195723cceaba0937a89ddf,1,0,0,1,linux,BFC
8139ad043d632c0e9e12d760068a7a8e91659aa1,3,0,0,1,linux,BFC
5020ced4455be2bc6b992714738f34c7b248018d,1,0,3,1,linux,BFC
49cfbeb7a95c0436dfc127e2c37d71ed238532f8,12,8,2,2,linux,BIC
1ecbd7170d6579a1ee389a37bf1f0437ea01a388,7,0,8,1,linux,BFC
daa5b83513a7a85491ffa03e7aabd9d7348e97d5,0,0,13,1,linux,BIC
c58220cba2e03618659fa7d5dfae31f5ad4ae9d0,3,0,3,1,linux,BFC
bb8b2062aff321af1fc58781cc07fbbea01cceb3,507,0,0,5,linux,BIC
9a0a5c4cb1af98b625dcefd72e987ca4929db71d,0,0,1,1,linux,BFC
bfd1b83d75e44a9f65de30accb3dd3b5940bd3ac,5,0,3,1,linux,BFC
384a9565f70a876c2e78e58c5ca0bbf0547e4f6d,13,3,3,1,linux,BFC
61fcf8ece9b6b09450250c4ca40cc3b81a96a68d,42,0,0,1,linux,BIC
c001c87a63aa2f35358e33eb05e45e4cbcb34f54,0,1,1,1,linux,BFC
0b786e41c73956126f6297764459021deef8aba7,0,0,2,1,linux,BFC
83a2670212215a569ed133efc10c92055c96cc8c,0,1,2,1,linux,BFC
98830d91da082b0285d35bdf5b5ae98decac7df6,64,1,4,3,linux,BIC
d2692eee05b8502dbe4c480405feec79f4efbb55,16,5,0,1,linux,BIC
63a1e5de3006f4ad713e4d72bcb404d0301e853d,30,0,2,1,linux,BIC
99665d07218345647875fea9ad4979bbe297c104,52,0,3,2,linux,BIC
0f71c60ffd26943fa9646aa73ad7889ace116ce2,9,19,10,4,linux,BIC
ea426c2a7de8e575108b7cecd3374e0c15a9f25e,50,0,10,5,linux,BIC
8651be8f14a12d24f203f283601d9b0418c389ff,11,2,4,3,linux,BFC
bff7e067ee518f9ed7e1cbc63e4c9e01670d0b71,2,0,0,1,linux,BFC
6a7fd522a7c94cdef0a3b08acf8e6702056e635c,0,0,3,1,linux,BFC
645cc0b9d972b8bfaa983623950c3a53ccd0c57a,351,0,21,3,linux,BIC
46ba53c30666717cb06c2b3c5d896301cd00d0c0,0,0,1,1,linux,BFC
c98e233062cd9d0e2f10e445a671f0799daaef67,0,0,1,1,linux,BFC
30d24faba0532d6972df79a1bf060601994b5873,5,0,14,2,linux,BFC
f5705aa8cfed142d980ecac12bee0d81b756479e,20,0,13,4,linux,BFC
0cb0985f57783c2f3c6c8ffe7e7665e80c56bd92,6,0,0,6,linux,BFC
c2ebc25674e5123d134e81758828084f1cc58cc3,0,8,4,3,linux,BFC
8d98416a55ebfecbe57fd26981decf6fcdf37b11,31,45,25,3,linux,BIC
c2d3d6a474629e30428b1622af3d551f560cd1d8,10,41,33,8,linux,BIC
9f1eb38e0e1131e75cc4ac684391b25d70282589,3,0,3,1,linux,BIC
1550ec458e0cf1a40a170ab1f4c46e3f52860f65,1,0,0,1,linux,BIC
cf59f34d7f978d14d6520fd80a78a5ad5cb8abf8,4,0,1,1,linux,BFC
b9f1736e475dba0d6da48fdcb831248ab1597886,2,0,2,1,linux,BFC
f90a21c898db58eaea14b8ad7e9af3b9e15e5f8a,0,0,2,1,linux,BFC
dcf08d0f8f09081b16f69071dd55d51d5e964e84,3,0,0,1,linux,BFC
ca7c22fc9e8d16b11b8be81254d5f59c5a9f5bcf,10,0,13,1,linux,BFC
333abaf5abb396820c4c7c26a8eecc7523c99184,29,0,0,1,linux,BIC
10afa0b65fe21cac67e8b19e8b98bde39befc525,9,0,0,1,linux,BIC
0537f0a2151375dcf90c1bbfda6a0aaf57164e89,0,0,1,1,linux,BFC
e4bc6b1195f64d345646709c4a65edf1fc4d3228,9,0,0,1,linux,BIC
8f7e876273e294b732b42af2e5e6bba91d798954,15,4,2,1,linux,BFC
9e80635619b51ddc56bdeca4da4056eb7a2a77e0,1,0,0,1,linux,BIC
3e6efab865ac943f4ec43913eb665695737112b0,17,33,6,4,linux,BFC
8913336a7e8d56e984109a3137d6c0e3362596a4,24,0,3,2,linux,BIC
9e5d275319e224e01adb62bfe03943b32f540b7d,34,21,10,1,linux,BIC
c02b7a9145512e9995e875faf8c9df4147870bbf,0,0,2,1,linux,BIC
23c1d2dc9ed5be1d0df7987335f5646e3826a461,0,0,3,2,linux,BFC
1c0eaf0f56d6128af7f0f252855173fcee85d202,33,0,3,3,linux,BIC
82ea3e0e129e2ab913dd6684bab7a6e5e9896dee,0,7,1,1,linux,BFC
6baa2e0c8ab89664285bb0780bfd39276bc27a88,0,0,2,1,linux,BFC
8edcb5049ac29aa3c8acc5ef15dd4036543d747e,0,0,17,5,linux,BFC
eea628199d5b12429c47db17035a954b0062e554,55,0,3,2,linux,BIC
6c85501f2fabcfc4fc6ed976543d252c4eaf4be9,0,3,10,1,linux,BFC
894f2fc44f2f3f48c36c973b1123f6ab298be160,1,0,1,1,linux,BFC
9affc1b87ecba31458567359b5a28b0b08920a24,0,0,1,1,linux,BFC
a0118c8b2be9297aed8e915c60b4013326b256d4,1,0,0,1,linux,BFC
44b911e77793d686b481608770d0c55c18055ba0,5,0,1,1,linux,BFC
d490e09784a9d0a63f831e5f1104b4826e666b0c,1,0,1,1,linux,BFC
13511704f8d7591faf19fdb84f0902dff0535ccb,41,36,4,1,linux,BIC
20bc80b6f582ad1151c52ca09ab66b472768c9c8,0,0,1,1,linux,BFC
d8dbb581d4f86a2ac669c056fc71a28ebeb367f4,1,0,0,1,linux,BFC
6048fdcc5f269c7f31d774c295ce59081b36e6f9,156,133,11,7,linux,BIC
62cf27e52b8c9a39066172ca6b6134cb5eaa9450,0,0,1,1,linux,BFC
24cccab42c4199c6daa0a6981e6f6a1ffb0b5a09,11,0,10,3,linux,BIC
91ffe4ad534ab2262cbcfb339c5ae190c7ac0e7c,11,0,21,1,linux,BIC
8ad560d2565e64b8be0cf5901c1e8fe034ac5599,3,0,2,1,linux,BIC
988845c9361a0279d061ad7c2afebf54065b2e83,159,1,3,7,linux,BIC
5640c9ca7ed2e54628938f9d505c969b48e3fa67,0,0,1,1,linux,BFC
80ff8063e87c352072c6d96fb2d87becaf591966,220,0,0,2,linux,BIC
2303f994b3e187091fd08148066688b08f837efc,268,0,6,4,linux,BIC
aed9d65ac3278d4febd8665bd7db59ef53e825fe,63,3,0,1,linux,BIC
a31e184e4f69965c99c04cc5eb8a4920e0c63737,18,0,0,1,linux,BFC
9696679bf7ac40a8fb6a488a75bd66d4414cd3c3,8,16,2,4,linux,BIC
9a6e7c39810e4a8bc7fc95056cefb40583fe07ef,19,0,9,1,linux,BFC
dd8a67f9a37c74b61e5e050924ceec9ffb4f8c3c,3,0,0,1,linux,BFC
7c60c48f58a78195acc1f71c9a9d01958c02ab89,8,58,78,1,linux,BIC
3bdb376e6944134d0f4d6d65497054a54ef273c9,503,3,15,7,linux,BIC
05439b1a36935992785c4f28f6693e73820321cb,188,452,253,3,linux,BIC
5e9af37e46bceea9f950d2f2ae769f1aa6b6d7a6,12,0,4,1,linux,BIC
82aa0d7e09840704d9a37434fef1770179d663fb,0,0,1,1,linux,BFC
b1e010c0730ab8861ef5a259ff5be7c78ccfb8ac,3761,0,0,2,linux,BIC
f240762f88b4b1b58561939ffd44837759756477,1,0,0,1,linux,BFC
da7af0aa20f8ad89f09d50d262e44cd5eafab816,0,3,1,1,linux,BFC
f6a8eaca0ea10fc5c5ae0d6b0067759164e633a0,104,8,18,6,linux,BIC
059a47f1da93811d37533556d67e72f2261b1127,80,64,1,1,linux,BFC
1aa2abb33a419090c7c87d4ae842a6347078ee12,0,0,1,1,linux,BFC
7e6358ec3b6f69815a42af6203219584a80d4e22,0,0,2,1,linux,BFC
69e445ab8b66a9f30519842ef18be555d3ee9b51,3,0,1,1,linux,BFC
142b942a75cb10ede1b42bf85368d41449ab4e3b,2,2,0,1,linux,BFC
5ebc784625ea68a9570d1f70557e7932988cd1b4,0,1,0,1,linux,BFC
84dfe3677a6f45b3d0dfdd564e55717a1a5e60cc,74,0,6,5,linux,BIC
3105bc977d7cbf2edc35e24cc7e009686f6e4a56,3,0,1,1,linux,BFC
4297b23d927fa5265378f4a71372ecef3c33023a,0,0,17,2,linux,BFC
073931017b49d9458aa351605b43a7e34598caef,33,46,56,16,linux,BIC
9be1064fe524b396cca449b2fe4252b7919a245f,103,2,4,1,linux,BIC
8a236b15144b29ce47f80c37bc55740a5388ecb1,76,5,38,1,linux,BIC
b908be543e4441476916f2ae36cebc95cb187436,157,0,0,7,linux,BIC
7663ad9a5dbcc27f3090e6bfd192c7e59222709f,0,0,4,1,linux,BFC
41c606879f89623dd5269eaffea640b915e9e17c,0,2,2,1,linux,BFC
cbbe1efa4972350286b52cb48aefaa11e198c0fb,5,0,3,1,linux,BIC
a95f3ac21d64d62c746f836598d1467d5837fa28,0,5,1,1,linux,BFC
74e6bd472b6d9e80ec9972989d8991736fe46c51,2,0,0,1,linux,BFC
1c84b33101c82683dee8b06761ca1f69e78c8ee7,5,0,1,1,linux,BFC
116ac378bb3ff844df333e7609e7604651a0db9d,19,0,1,2,linux,BIC
11005b18f453aa192d035d410c11d07edcba5a45,0,4,2,1,linux,BFC
096cdc6f52225835ff503f987a0d68ef770bb78e,6,0,1,1,linux,BFC
5540cf8f3e8dac7ef2de28edcf2623c1516fbe45,187,0,14,1,linux,BIC
358961d1cd1ee78bf2d7d573d21eafce53ba4280,39,48,101,4,linux,BIC
b03b99a329a14b7302f37c3ea6da3848db41c8c5,4,0,1,1,linux,BFC
f535b56c39c81ba75c714b9163be540d39d3badd,2,0,3,3,linux,BFC
5283b03ee5cd28d516646298bead09b238d92ddc,21,0,6,4,linux,BIC
c52abf563049e787c1341cdf15c7dbe1bfbc951b,20,0,11,1,linux,BIC
30021e3707a75cc29dc1252c062d374151c5985f,492,0,0,1,linux,BIC
6f4261fa86dfe08c34ad99eba66368f43e9dd4c3,28,13,3,1,linux,BFC
54a9adc4608144c7a17530822246f3cfa9b15d76,36,36,6,1,linux,BFC
61343e6da7810de81d6b826698946ae4f9070819,1,0,1,1,linux,BFC
3e4f8e21c4f27bcf30a48486b9dcc269512b79ff,49,3,9,1,linux,BIC
6d7f677a2afa1c82d7fc7af7f9159cbffd5dc010,55,0,1,4,linux,BIC
8610c7c6e3bd647ff98d21c8bc0580e77bc2f8b3,367,0,2,6,linux,BIC
dc749a09ea5e413564115dee742c3bc958248707,5,22,1,1,linux,BIC
c3a98c3ad5c0dc60a1ac66bf91147a3f39cac96b,1,0,0,1,linux,BFC
3f1959721558a976aaf9c2024d5bc884e6411bf7,0,0,1,1,linux,BFC
b7c3d6821627861f4ea3e1f2b595d0ed9e80aac8,0,0,4,1,linux,BFC
5bf8e6096c7390f8f2c4d5394b5e49823adb004e,9,0,0,1,linux,BFC
892a0be43edd63e1cd228af3453a064e9e94f08e,0,0,1,1,linux,BFC
e666ae0b10aaa1c961c928558bafc28bc049ac87,50,0,13,1,linux,BIC
3e66b7cc50ef921121babc91487e1fb98af1ba6e,0,1,0,1,linux,BFC
fe97b47cd623ebbaa55a163c336abc47153526d1,53,6,12,4,linux,BIC
5b441ac8784c1e7f3c619f14da4c3f52e87348d5,81,0,8,4,linux,BIC
8f111bc357aa811e0bb5fdfe34c4c9efdafc15b9,19,23,22,3,linux,BIC
a47fa41381a09e5997afd762664db4f5f6657e03,0,0,1,1,linux,BFC
d7bff893e04f4e7b4a0789486da1435df5920f5a,1118,0,0,2,linux,BIC
799499850ae956c3ec3aceb84223bfb33b2bdcfc,0,0,2,1,linux,BFC
d128af17876d79b87edf048303f98b35f6a53dbc,2,0,1,1,linux,BFC
c12603576e06689af0bc62b4017eeb99ceda84d6,1,8,2,1,linux,BIC
e7156c833903fbfc77407816af56a97945b86b3a,184,0,0,5,linux,BIC
af11a7a42454b17c77da5fa55b6b6325b11d60e5,0,4,4,3,linux,BFC
2ce523eb8976a12de1a4fb6fe8ad0b09b5dafb31,16,0,0,3,linux,BIC
8ea1f989aa07a095cbf4aabbf9be7c3a18ce31bf,0,49,6,3,linux,BIC
49f6613632f9504ae59ccbbb92a5b07f474d75b2,0,3,3,1,linux,BIC
098fe3d6e77515685c60179926a96c5ac0fee74a,0,64,44,3,linux,BIC
7e13318daa4a67bff2f800923a993ef3818b3c53,0,13,37,19,linux,BIC
1de7edbb59c8f1b46071f66c5c97b8a59569eb51,0,0,3,1,linux,BFC
08fc1ab6d748ab1a690fd483f41e2938984ce353,1,2,12,1,linux,BIC
fa65f8045137d061134c15233d35a089cc85b87e,34,0,0,1,linux,BIC
d10457f85d4ae4d32c0df0cd65358a78c577fbe6,4,1,23,1,linux,BFC
3293efa9780712ad8504689e0c296d2bd33827d5,5,131,2,5,linux,BIC
d01a6d3c8ae1425565ff1615d29fab6023c82932,61,0,0,5,linux,BIC
74d1e007915fab590f8be9dc647b19511260210c,166,0,0,1,linux,BIC
6031e079aa4656743298ea235b894ee883f45c71,2,0,1,1,linux,BFC
29d750686331a1a9ceeb97e81d3770f57bed5f72,6,0,1,1,linux,BIC
06ec27aea9fc84d9c6d879eb64b5bcf28a8a1eb7,10,0,0,3,linux,BIC
dc62f951a6a8490bcccc7b6de36cd85bd57be740,0,0,2,1,linux,BFC
25c5e9626ca4d40928dc9c44f009ce2ed0a739e7,36,0,3,1,linux,BFC
ecc87eed7beeb50c0be0b73322d62135277ea2b0,1,0,2,1,linux,BFC
58ccd2d31e502c37e108b285bf3d343eb00c235b,10,0,1,1,linux,BFC
424cdc14138088ada1b0e407a2195b2783c6e5ef,1,0,0,1,linux,BIC
0ddf03c95bbb4f4ed57281fa7b781472950df749,17,0,1,2,linux,BIC
d9f283ae71afef6560a7101c0a31d7ddb5b0f29a,0,0,1,1,linux,BIC
3d5537f9d468a6afa6c07f6681a4adac0237c235,0,0,2,1,linux,BFC
2be6967cdbc95a9960b620defedbf5e02e2af619,67,1,12,4,linux,BIC
1e46ef1762bb2e52f0f996131a4d16ed4e9fd065,3,0,3,1,linux,BFC
91a4a3eb433e4d786420c41f3c08d1d16c605962,1,0,0,1,linux,BFC
ba7b3f1275fdd1a4059d25db0e248f05f72b9113,5,0,1,1,linux,BIC
955858009708326b26f47b6f99939489bb88a0dc,1,0,4,1,linux,BFC
9692407d4334738e1fe7c59800ca24e0ca93f002,0,1,0,1,linux,BFC
c78fe058879bdea919d44f23e21da26f603e9166,0,0,1,1,linux,BFC
e1fd7ceec194225a822760a40dfa73efdd59881b,0,0,8,1,linux,BFC
46c2478af610efb3212b8b08f74389d69899ef70,0,0,1,1,linux,BFC
861adc44d2905469f2b9a2e053f3dc64728091ee,122,1,4,1,linux,BIC
cc1338f259a21afd09aaaa011b87f3b83388d545,38,5,12,4,linux,BIC
2a09b5de235a6b5f76193a2ed46546a2944f98bf,9,2,5,1,linux,BIC
467fece8fbc6774a3a3bd0981e1a342fb5022706,19,20,14,4,linux,BIC
e89e9cf539a28df7d0eb1d0a545368e9920b34ac,300,0,6,8,linux,BIC
3b195ac9260235624b1c18f7bdaef184479c1d41,10,1,3,1,linux,BFC
39e7234f00bc93613c086ae42d852d5f4147120a,0,0,2,1,linux,BFC
d284f8248c72d0cb36a930920e60592eb455cd0d,23,8,6,1,linux,BIC
6b855f7b83d2fb0237263f143437aedf8caed152,34,0,2,3,linux,BIC
57e661aae6a823140787dbcc34d92e223e2f71c5,325,0,5,5,linux,BIC
5eff6dadb9f466d15692cc5dd45e1015bf0ec987,2,1,3,3,linux,BFC
2f1e8ea726e9020e01e9e2ae29c2d5eb11133032,14,0,2,1,linux,BIC
335956421c86f64fd46186d76d3961f6adcff187,0,0,2,1,linux,BFC
b8b928030332a0ca16d42433eb2c3085600d8704,5,6,0,1,linux,BFC
d48b0e173715f678698d3678fefd40f2893ce798,3,0,0,2,linux,BIC
f98ad635c097c29339b7a7d6947173000485893d,16,12,0,2,linux,BFC
70538eaa70c36340b4bb27206cad31839e916f40,13,0,0,1,linux,BFC
1fd0d85affe4d64e54b81d04bf9577e57172a341,10,0,0,1,linux,BIC
63daf4e166545363f3b875f5b81aecb46e1e1d19,0,0,1,1,linux,BFC
2865d08dd9ea876524652f3900b4b3b9c8b22e77,42,33,0,1,linux,BIC
8958389681b929fcc7301e7dc5f0da12e4a256a0,0,0,2,1,linux,BFC
a95d25dd7b94a5ba18246da09b4218f132fed60e,0,0,1,1,linux,BFC
948faa46c05b5fb48f0bd39df426596197fa5d7e,277,0,3,4,linux,BIC
bd86e32059526e2d0d13ca1e4447dfbbddb6e5cc,1,0,0,1,linux,BFC
45a687879b31caae4032abd1c2402e289d2b8083,3,4,8,4,linux,BFC
9cc3d0c6915aee5140f8335d41bbc3ff1b79aa4e,0,11,1,1,linux,BFC
faf3ac305d61341c74e5cdd9e41daecce7f67bfe,7,0,0,1,linux,BFC
da35a7b526d9b258a2cb8b7816f736a41b32176b,656,0,0,1,linux,BIC
ca08ddfd961d2a17208d9182e0ee5791b39bd8bf,0,0,1,1,linux,BFC
37f9579f4c31a6d698dbf3016d7bf132f9288d30,25,2,4,1,linux,BFC
d2f916aaccaf7b3bc27df2fd6cfc00f6cda2f78d,2,3,0,1,linux,BFC
727dede0ba8afbd8d19116d39f2ae8d19d00033d,0,34968,0,64,linux,BIC
5d27a9c8ea9e967d00b92a76d4bb242bf7692f2b,40,0,0,2,linux,BIC
95f5acfc4f58f01a22b66d8c9c0ffb72aa96271c,1,0,1,1,linux,BFC
536577f36ff7afd0a0aff4ebef62db8afe6fc904,0,2,3,1,linux,BIC
f1b8fa9fa5865c58c093cde6d782104c22df9088,10,0,0,2,linux,BIC
f5da54187e33dce9bea63170667dbb0ca8d98194,2,0,1,1,linux,BFC
40ff21432883216aa440b6619d559ad8f7d7a7d9,0,0,1,1,linux,BFC
56a87e5d997b722acf2a5dd5c938d574d8c95da6,0,0,1,1,linux,BFC
afb90dbb5f7813ead3324ddf056b8937f78c8bd2,549,0,0,6,linux,BIC
a66de5283e16602b74658289360505ceeb308c90,1,0,1,1,linux,BFC
c5c1643cef7a11c1f3a5544528087618ba9a5aab,0,6,1,1,linux,BIC
6c8e6bb2a52d5e7ae5bbde21c21f6d5dfd6e9ae8,43,1,6,1,linux,BIC
540fefc08f75aedb517acbf525d393b8efddabd9,0,0,1,1,linux,BFC
e19b0a3474ab9ef90dd110af9f39fc87329755f1,20,0,34,2,linux,BIC
b15ee490e16324c35b51f04bad54ae45a2cefd29,39,0,6,2,linux,BFC
2dfd184abd38fd72d80715fa8b00c9de78490200,14,1,0,2,linux,BFC
4f2fcccdb547b09a4532c705078811e672fb9235,177,0,142,7,linux,BIC
93a30947821c203d08865c4e17ea181c9668ce52,1,2,1,1,linux,BFC
2a991c2159782b8d318ac9f88a36c22dda3e7185,648,0,2,7,linux,BIC
f7fac17ca925faa03fc5eb854c081a24075f8bad,1,3,9,1,linux,BIC
4bbc6a3e7ad0d0f31ae3ba9858dbca45eb7a848e,2,0,1,1,linux,BIC
f3d8e0a9c28ba0bb3716dd5e8697a075ea36fdd8,126,0,1,3,linux,BIC
2e13f33a2464fc3aa7783022a90309cabeca8935,2,2,0,1,linux,BIC
2f20fa8d12e859a03f68bdd81d75830141bc9ac9,3,0,4,1,linux,BFC
bda2ab56356b9acdfab150f31c4bac9846253092,0,1,0,1,linux,BFC
1e7684dc4fc70271c8bf86d397bd4fbfb3581e65,2,0,1,3,linux,BIC
ee85a360482bc72455662c425bfa0e94c1dbb847,1,0,0,1,linux,BFC
f99008013e199e6b88ef26c98ecb042c94c7450c,9,0,0,1,linux,BIC
a639b0c15065df930467695b76ef38d5edaed049,10,0,0,2,linux,BFC
efe41860008e57fb6b69855b4b93fdf34bc42798,5,0,0,1,linux,BIC
9267c430c6b6f4c0120e3c6bb847313d633f02a6,7,0,2,1,linux,BIC
4c22279848c531fc7f555d463daf3d0df963bd41,27,39,73,16,linux,BIC
75a0359f29435df5d44fce307a06aab73fa6ae08,2,1,0,1,linux,BFC
401fee8195d401b2b94dee57383f627050724d5b,9,0,1,3,linux,BFC
31efe48eb5dc4de3e31e84b54f287e9665410ab3,10,0,3,1,linux,BFC
fb12797ab1fef480ad8a32a30984844444eeb00d,71,26,2,1,linux,BIC
dd8e4ead6e983acea959d10252688ef1471106fe,5,0,0,1,linux,BIC
05589b30b21ac0273970b61edd50c07d2ba156af,131,0,0,1,linux,BIC
72ecad22d9f198aafee64218512e02ffa7818671,11,0,4,1,linux,BIC
d46c742f827fa2326ab1f4faa1cccadb56912341,5,0,3,1,linux,BIC
18107f8a2df6bf1c6cac8d0713f757f866d5af51,52,0,13,7,linux,BIC
9caa34aa9382bf9f204d674633537accb475064a,9,0,3,1,linux,BFC
4be33329d46f80e87afe7db61271d1370607260a,62,0,0,1,linux,BIC
eb9d84b0ffe39893cb23b0b6712bbe3637fa25fa,1,0,0,1,linux,BFC
5b91884bf50b21d34bd3daa5c8f8b7e92e0a2c46,0,9,0,1,linux,BFC
db7ba07108a48c0f95b74fabbfd5d63e924f992d,5,0,2,1,linux,BFC
452a3e723f75880757acf87b053935c43aa89f89,0,2,3,1,linux,BFC
88c749840dff58e7a40e18bf9bdace15f27ef259,1,0,1,1,linux,BFC
510841da1fcc16f702440ab58ef0b4d82a9056b7,5,23,1,1,linux,BFC
ffac9721939dca3f0ac7bfa90f3dc484b19c2706,15,64,8,4,linux,BIC
dbf3e7f654c0f06a932b8fcafac78de9d0b81d68,203,0,0,2,linux,BIC
c379b897ba1a7f786419e8c36a3438ce856f016a,0,0,1,1,linux,BFC
8d4abca95ecc82fc8c41912fa0085281f19cc29f,2,0,7,2,linux,BFC
08399efc631960c827cebcfe83ad7ed54ebc012b,5,5,1,1,linux,BIC
b0dbd97de1f1fd6b3c9a7bb8f7c795bba7e169d8,23,0,2,2,linux,BIC
52acf06451930eb4cefabd5ecea56e2d46c32f76,9,0,0,1,linux,BFC
075718fdaf0efe20223571236c1bf14ca35a7aa1,0,0,3,1,linux,BFC
90ad2cbe88c22d0215225ab9594eeead0eb24fde,21,3,4,1,linux,BIC
99c9a923e97a583a38050baa92c9377d73946330,46,8,40,4,linux,BIC
92589c986b3360ce15d239fd5113a856412a0b3f,20,0,2,1,linux,BIC
889b7da23abf92faf34491df95733bda63639e32,439,0,0,6,linux,BIC
cffa4b2122f5f3e53cf3d529bbc74651f95856d5,7,0,2,1,linux,BIC
2d88ce76eb98c4ac4411dcb299cf61ca8999d2b9,43,21,4,1,linux,BIC
5501e9229a80d95a1ea68609f44c447a75d23ed5,0,0,3,2,linux,BFC
688494a407d1419a6b158c644b262c61cde39f48,3,0,2,1,linux,BFC
65ca7f5f7d1cdde6c25172fe6107cd16902f826f,21,0,1,1,linux,BFC
bbe1c2740d3a25aa1dbe5d842d2ff09cddcdde0a,0,0,3,3,linux,BFC
be71b5cba2e6485e8959da7a9f9a44461a1bb074,3680,0,0,3,linux,BIC
7fb59e940f6225beed0b24cd09e9fad9aebb7565,22,0,1,1,linux,BIC
3a324606bbabfc30084ce9d08169910773ba9a92,3,3,0,1,linux,BFC
86d88bfca4758a9a95cbd183c917d623abc3ce84,11,0,2,2,linux,BIC
34ac17ecbf575eb079094d44f1bd30c66897aa21,5,0,18,16,linux,BFC
b4a4957d3d1c328b733fce783b7264996f866ad2,35,3,6,3,linux,BFC
0ab785c894e618587e83bb67e8a8e96649868ad1,0,25,4,1,linux,BIC
662051215c758ae8545451628816204ed6cd372d,8,0,2,1,linux,BFC
c2194bc999d41eff69301ee723b0c2979b6eb7bd,22,6,14,1,linux,BIC
91aaea527bc3b707c5d3208cde035421ed54f79c,2,0,1,1,linux,BFC
85b640450ddcfa09cf72771b69a9c3daf0ddc772,20,0,8,1,linux,BFC
eeb0753ba27b26f609e61f9950b14f1b934fe429,12,0,0,1,linux,BFC
b093de145bc8769c6e9207947afad9efe102f4f6,6,0,1,1,linux,BFC
0afbe59edd3fd3618da67b4835b57ebcc4ac3abd,11,0,3,1,linux,BIC
36eb7dc1bd42fe5f850329c893768ff89b696fba,3,0,0,1,linux,BFC
2021ef0609009806829aa831f90c815bce1fe756,0,0,1,1,linux,BFC
8302532f47bb6c3aa1ed2043d30187ca307f176a,4,0,2,1,linux,BFC
20a0f9761343fba9b25ea46bd3a3e5e533d974f8,0,0,1,1,linux,BFC
96edd61dcf44362d3ef0bed1a5361e0ac7886a63,20,7,3,3,linux,BIC
9c26f5f89d01ca21560c6b8a8e4054c271cc3a9c,5,0,9,1,linux,BFC
ae481cc139658e89eb3ea671dd00b67bd87f01a3,2,2,0,1,linux,BIC
22b106e5355d6e7a9c3b5cb5ed4ef22ae585ea94,0,4,2,1,linux,BFC
61433af56077f5fd8815281b44938d84feb04687,3,4,5,1,linux,BFC
d62007edf01f5c11f75d0f4b1e538fc52a5b1982,9,0,15,1,linux,BFC
a9e8503def0fd4ed89ade1f61c315f904581d439,1,0,5,2,linux,BFC
fbca79e55429fe0f73b2d2d190fd86bfda52c41b,39,75,52,2,linux,BIC
38faed150438be8d6e419137209d25439e6f4c33,20,0,9,6,linux,BFC
a066e61f13cf4b17d043ad8bea0cdde2b1e5ee49,39,26,3,1,linux,BIC
e09fe9135399807b8397798a53160e055dc6c29f,8,0,6,1,linux,BFC
5cae7615b613381a04d3dd06b8237234cc3f7cc9,3,8,2,1,linux,BFC
258a980d1ec23e2c786e9536a7dd260bea74bae6,0,0,1,1,linux,BFC
9a99d4a50cb8ce516adf0f2436138d4c8e6e4535,6,0,17,1,linux,BIC
4b063258ab9360207a4f6913d31d761bd85631ab,4,0,8,1,linux,BIC
506c1da44fee32ba1d3a70413289ad58c772bba6,55,0,10,6,linux,BIC
4f18d869ffd056c7858f3d617c71345cf19be008,12,5,2,1,linux,BFC
8513027a73c2f2d9a4d4c82e3e805b2f9219767f,1,0,1,1,linux,BFC
465d3b3a0d311680d0e42258fd25454433667e9d,0,3,3,1,linux,BFC
b5acfe152abaa2721c9ca8aa67f941d7de55d24e,48,0,1,1,linux,BIC
1f922d9e374f0ca7d1b241666c792f403c6120aa,0,2,11,1,linux,BFC
051ac3848a94f21cfdec899cc9c65ce7f9f116fa,7,0,7,1,linux,BFC
5745bcfbbf89b158416075374254d3c013488f21,1,0,4,1,linux,BFC
457fcd8a11f7f7f2483b2366d8a98f269c085302,4,4,0,1,linux,BFC
69c1b87516e327a60b39f96b778fe683259408bf,1,0,0,1,linux,BFC
a36c2638380c0a4676647a1f553b70b20d3ebce1,0,0,1,1,linux,BFC
d4b2d19dc53ecb5ef4fe79cc2d4b7ae3413b2604,0,0,1,1,linux,BFC
b59ec8dd4394cf11e3253e849a04734be6d3d694,0,0,1,1,linux,BIC
fcc88d91cd36d1343a0ccc09444b21f6b0dad2d8,15,15,11,2,linux,BIC
e812cbbbbbb15adbbbee176baa1e8bda53059bf0,6,0,1,1,linux,BFC
62cd1c40ce1c7c16835b599751c7a002eb5bbdf5,0,2,0,1,linux,BIC
d16b52cb9cdb6f06dea8ab2f0a428e7d7f0b0a81,1,0,0,1,linux,BFC
be74294ffa24f5fbc0d6643842e3e095447e17a2,0,3,8,3,linux,BFC
59f96244af9403ddf4810ec5c0fbe8920857634e,1,12,18,8,linux,BIC
e2abb398115e9c33f3d1e25bf6d1d08badc58b13,0,1,0,1,linux,BFC
aec42642d91fc86ddc03e97f0139c6c34ee6b6b1,0,0,1,1,linux,BIC
82b355d161c9525ab8838cc27d3200bc3bc9082d,18,0,0,15,linux,BIC
f5aef5aa35063f2b45c3605871cd525d0cb7fb7a,129,3,24,5,linux,BIC
13baa00ad01bb3a9f893e3a08cbc2d072fc0c15d,27,0,4,1,linux,BFC
cfa6eb239154315e6efcdda1d929e024097f927b,13,0,6,1,linux,BFC
345077c8e172c255ea0707214303ccd099e5656b,0,0,3,1,linux,BFC
7d9ee2e8ff1541c60dcb5cfdf41def9659204c3e,156,0,0,3,linux,BIC
bd24db04101f45a9c1d874fe21b0c7eab7bcadec,7,3,2,1,linux,BFC
7bab09631c2a303f87a7eb7e3d69e888673b9b7e,6,0,0,1,linux,BFC
ed66dfaf236c04d414de1d218441296e57fb2bd2,2,0,5,3,linux,BFC
86dfb76cba284114cf586005cd943eeb6e4f328d,0,0,7,1,linux,BFC
8099f58f1ecddf4f374f4828a3dff8397c7cbd74,0,5,0,1,linux,BIC
d6f8168e4345cb00156743c19dc1a409126936e1,1,0,1,1,linux,BFC
d93d45ab716e4107056be54969c8c70e50a8346d,0,0,4,1,linux,BFC
a66d955e910ab0e598d7a7450cbe6139f52befe7,7,0,0,1,linux,BIC
e495c24731a2651fc2c1c7feedc8ba3b31f6b5d4,38,0,6,2,linux,BIC
cb90a2c6f77fe9b43d1e3f759bb2f13fe7fa1811,0,0,1,1,linux,BFC
7865ad6551c92779f309ef9e433dd6a00c7aeda7,122,0,0,1,linux,BIC
ed7290d0ee8f81aa78bfe816f01b012f208cafc5,115,22,22,4,linux,BIC
a6c00779b2b03f2568c2c697afb1c2cd7f90cac6,0,0,1,1,linux,BFC
9b2798d5b71c50f64c41a40f0cbcae47c3fbd067,9,0,2,2,linux,BFC
88b0fe17573592a8e3196bf143f865da460178e7,45,0,0,2,linux,BIC
dd3c52846d5954acd43f0e771689302f27dadc28,1478,0,0,1,linux,BIC
4e6602916bc692ee31ac5b8bd8195fb078556844,650,10,1,5,linux,BIC
410ed13cae39df563e31240992fcb32364d186a1,1519,0,0,9,linux,BIC
0b458d7b10f83eb34b84957e6cf47cee2a97bc49,32,12,9,4,linux,BIC
5c2e9f346b815841f9bed6029ebcb06415caf640,1,0,1,1,linux,BFC
f5f03e19ce14fc31aa8668f9c511ce6be0ca0bb7,51,33,3,2,linux,BIC
1a246b9f58c6149b5a5bec081418b8ed890e0dfe,31,71,17,2,linux,BIC
02e0114ae1eb776b22f0744762fb0137208c4850,0,2,0,1,linux,BFC
e64d5fa5044f225ac87d96a7e4be11389999c4c6,1,0,0,1,linux,BFC
0f4f199443faca715523b0659aa536251d8b978f,18,4,7,1,linux,BFC
dc1aadf6f1e7609590fadf7a0252413732289b2e,0,0,1,1,linux,BFC
5761704a41c63ebe756295a13d2e236280dd8a86,0,0,1,1,linux,BFC
558df982d4ead9cac628153d0d7b60feae05ddc8,7,0,1,1,linux,BFC
11de3b11e08cac26d59e88efaf4e316701883552,4,2,7,3,linux,BIC
b15e2e49bfc4965d86b9bc4a8426d53ec90a7192,0,0,2,1,linux,BFC
692c31bd4054212312396b1d303bffab2c5b93a7,15,0,0,1,linux,BFC
c74386d50fbaf4a54fd3fe560f1abc709c0cff4b,1,0,0,1,linux,BFC
a279345807e1e0ae79567a52cfdd9d30c9174a3c,0,5,0,1,linux,BFC
765d67748bcf802c4642a49cd0139787d0d80783,169,0,0,2,linux,BIC
8cfe148a7136bc60452a5c6b7ac2d9d15c36909b,18,3,15,1,linux,BFC
d367bd2a5e2b12cb9135b30df94af8211196e8cf,55,0,11,1,linux,BIC
8985ecc7c1e07c42acc1e44ac56fa224f8a5c62f,27,43,59,5,linux,BIC
fb74c27735f0a34e76dbf1972084e984ad2ea145,20,0,28,4,linux,BIC
fea20995976f4b2e8968f852a18e280487d42f0d,6,0,1,1,linux,BFC
d9afaaa4ff7af8b87d4a205e48cb8a6f666d7f01,1,2,0,1,linux,BFC
a4574f63edc6f76fb46dcd65d3eb4d5a8e23ba38,42,12,127,19,linux,BIC
48c1699d5335bc045b50989a06b1c526b17a25ff,3,0,1,1,linux,BFC
08db2cf577487f5123aebcc2f913e0b8a2c14b43,1,0,0,1,linux,BFC
28683e847e2f20eed22cdd24f185d7783db396d3,17,0,1,1,linux,BFC
a949dc5f2c5cfe0c910b664650f45371254c0744,2,13,10,1,linux,BIC
da727097a482a93645ba5beea8d389ebab11fc64,2,0,0,1,linux,BFC
d6e98f3e6d825380b566dc59359917a116090154,23,0,4,1,linux,BFC
edb096e00724f02db5f6ec7900f3bbd465c6c76f,2,0,4,1,linux,BIC
82de0be6862cdca2e6802267bda57cfc8844d3a7,72,88,93,7,linux,BIC
9c1a07442c95f6e64dc8de099e9f35ea73db7852,5,7,4,1,linux,BFC
297887872973555cb9fb83fdd5a2748d6cd8fc1d,19,3,3,3,linux,BFC
13bb8429ca985497bfba3a4afa6cd470d15fed10,2037,17,13,12,linux,BIC
3c576de30bb49a4821923928f85f13e957d1e47d,2,0,2,1,linux,BFC
e404b8c7cfb31654c9024d497cec58a501501692,2,1,2,1,linux,BFC
d97a3e92f33685768be04b2dfcd812f78f8ef341,0,0,1,1,linux,BFC
3c6bae62136ba5b24f0b113e68121b783457ca4b,0,0,4,1,linux,BFC
0c62f6cd9ed320cb0ca39e33addf3a3da51b7328,3,11,3,1,linux,BFC
1b90e06b14291ce3c252bd10e4ce981a08152e2e,0,26,0,1,linux,BIC
38b4f18d56372e1e21771ab7b0357b853330186c,0,0,1,1,linux,BFC
2443091408c267f84b40025183490486b79ee2cd,1,0,0,1,linux,BFC
3267c081e037e2ed1a3af65ee46825799a7ccda5,0,0,1,1,linux,BFC
bbd6f0a948139970f4a615dff189d9a503681a39,2,0,2,1,linux,BFC
9a5094ca29ea9b1da301b31fd377c0c0c4c23034,0,0,1,1,linux,BFC
485bb19d0b3eb3b679211800e3fd61e8b33ebb20,238,227,0,1,linux,BFC
7e5ac1f2206eda414f90c698fe1820dee873394d,8,0,4,1,linux,BFC
8c8cfc6ed274e6fb86f00b53f3e7811afce29043,11,0,0,2,linux,BIC
7da5492739db745d935a7044288a7307a0fb7f29,2,0,2,1,linux,BFC
4b1f0d33db7d5bf92b5623e3ea2066e2de3999e3,4,6,11,1,linux,BFC
390ed29b817e6de4e8a9dd1749659e7de8ed1c4c,77,36,75,4,linux,BIC
9f7ffa297978c63ea55181899de7afaa9b68331b,53,0,20,1,linux,BIC
5faa0bc69102f3a4c605581564c367be5eb94dfa,0,0,2,1,linux,BFC
09631cf3234d32156e7cae32275f5a4144c683c5,1,0,0,1,linux,BFC
583be982d93479ea3d85091b0fd0b01201ede87d,489,0,0,8,linux,BIC
f1340265726e0edf8a8cef28e665b28ad6302ce9,0,2,1,1,linux,BFC
9faf870e559a710c44e747ba20383ea82d8ac5d2,0,0,1,1,linux,BFC
c793279c77035053e67937f5743c6ebfc303e7c5,5,0,11,1,linux,BFC
aa97f6cdb7e92909e17c8ca63e622fcb81d57a57,1,0,1,1,linux,BFC
5a6f6f579178dbeb33002d93b4f646c31348fac9,8,0,0,1,linux,BIC
550b6f7e8cf93fc2753aa01e655ed5471012ab5a,0,2,6,1,linux,BFC
f0f558b131db0e793fd90aac5d93f694362973d2,12,0,0,1,linux,BIC
670638477aede0d7a355ced04b569214aa3feacd,78,14,14,2,linux,BIC
d15c7e875d44367005370e6a82e8f3a382a04f9b,1,0,0,1,linux,BFC
3e47495fc4de4122598dd51ae8527b09b8209646,15,0,9,1,linux,BFC
60e94557fff1f5514c7fc4da7ddc2c7a13ffff26,10,0,2,1,linux,BFC
112da5cb43427b843e49b8710f53ecdbb3471d9f,0,1,0,1,linux,BFC
e8e683ae9a736407a20135df7809090a446db707,0,0,1,1,linux,BFC
5d1cbcc990f18edaddddef26677073c4e6fad7b7,0,0,1,1,linux,BFC
d3fd2c95c1c13ec217d43ebef3c61cfa00a6cd37,1,0,0,1,linux,BFC
d7167422433cdb61e58baee9c25543d0eba95c9d,46,0,1,4,linux,BIC
250b1827205846ff346a76044955cb79d4963f70,0,0,1,1,linux,BFC
e6161d64263ee7a903acdde1a8ab7d4221d5512f,53,0,25,1,linux,BIC
9aa80ab2c0ba67ce3281aee604b543293f71390d,0,0,1,1,linux,BFC
46738f73ea4f94906491cb8399bdeafa5b9cc5ec,48,0,72,1,linux,BIC
8e33fadf945a918c50d92fab6a769661df484156,0,6,78,1,linux,BIC
39a2bd34c933b00f7c7ada923c212b3ff826fb5d,154,54,154,21,linux,BIC
a28f239e296767ebf4ec4ae8a9ecb57d0d444b3f,5,0,1,1,linux,BFC
c53aec2bcc7487437984e4d13e4fc15c4cc95047,1,0,0,1,linux,BFC
b45cdbaf9f7f0486847c52f60747fb108724652a,24,1,2,2,linux,BIC
4db7c0bebdff87e1c81ed4fbafc65cddec109e3d,0,0,1,1,linux,BFC
44bad5b3cca2d452d17ef82841b20b42a2cf11a0,4,0,2,1,linux,BIC
6ffeb1c3f8226244c08105bcdbeecc04bad6b89a,0,0,2,1,linux,BFC
f39e7d3aae2934b1cfdd209b54c508e2552e9531,1,0,1,1,linux,BFC
eb4c2ccbad6c688be791e0c08640a40124558c03,6,2,14,1,linux,BFC
1cf86bc21257a330e3af51f2a4e885f1a705f6a5,16,0,8,1,linux,BFC
af98f2273fd0af31ce327cd1406b67c7be0b6734,0,0,2,1,linux,BFC
9dc6488e84b0f64df17672271664752488cd6a25,0,0,4,1,linux,BFC
04f5866e41fb70690e28397487d8bd8eea7d712a,56,0,1,5,linux,BIC
faaa357a55e03490fb280ac211be2298e635b220,92,68,0,4,linux,BIC
1356aae08338f1c19ce1c67bf8c543a267688fc3,8,1,0,1,linux,BFC
d81d8258218228d3137055afe8acf981c3ebed46,1,1,0,1,linux,BFC
3bc6a37f59f21a8bfaf74d0975b2eb0b2d52a065,14,0,4,2,linux,BFC
bb91de44693b1c10fe2f9e668506b01e88efed0e,7,0,1,1,linux,BFC
afce772e87c36c7f07f230a76d525025aaf09e41,359,0,10,2,linux,BIC
658fd65cf0b0d511de1718e48d9a28844c385ae0,15,0,5,2,linux,BFC
c19d93542a6081577e6da9bf5e887979c72e80c1,0,0,4,1,linux,BFC
7d70718de014ada7280bb011db8655e18ed935b1,1,2,7,1,linux,BFC
211f41af534ad426199a523e4cfec2034a2bdef7,1,77,151,1,linux,BIC
562b4e91d3b221f737f84ff78ee7d348c8a6891f,2,0,12,1,linux,BFC
0ee9f600e69d901d31469359287b90bbe8e54553,0,0,1,1,linux,BFC
3b8e29a82dd16c1f2061e0b955a71cd36eeb061b,159,0,1,2,linux,BIC
6646e99bcec627e866bc84365af37942c72b4b76,0,2,22,1,linux,BFC
202dc3cc10b4d37e5251431acf8d5040a8876c7d,0,0,2,1,linux,BFC
e8c87c643ef3603c6e63bdecb67b03d794648493,13,0,3,1,linux,BFC
d4c036fec321341f378ca95d3e99976e835a7404,15,1,7,4,linux,BFC
54872fea6a5ac967ec2272aea525d1438ac6735a,2,0,4,1,linux,BFC
ce79aecf608469b8b8e422928e6fca50b6ca7133,5,0,0,1,linux,BFC
1f3736c9c833e40ac4d3a8dc6d661e341df8a259,174,1,4,6,linux,BIC
001ab5a67ee5d191c64aebf4b4ef8c7a0dcfd2bc,1,1,2,1,linux,BFC
db84924c4fc3be1ef0c965d5ece5f6d785c77c5f,1,0,3,1,linux,BFC
f9ce0be71d1fbb038ada15ced83474b0e63f264d,143,122,70,5,linux,BIC
6f670d06e47c774bc065aaa84a527a4838f34bd8,2,0,0,1,linux,BFC
85f455f7ddbed403b34b4d54b1eaf0e14126a126,752,6,17,8,linux,BIC
b5bcb94b0954a026bbd671741fdb00e7141f9c91,0,0,1,1,linux,BFC
af23facc38c26ac188b6adac2cae2dafaca0c82d,5,12,4,1,linux,BFC
14243b387137a4afbe1df5d9dc15182d6657bb79,294,1,5,7,linux,BIC
acc5568b90c19ac6375508a93b9676cd18a92a35,5,0,2,1,linux,BFC
2df3fc4a84e917a422935cc5bae18f43f9955d31,0,0,2,1,linux,BFC
0a70fe00efea7c6ac087a10aa57131e59d63e194,10,0,0,1,linux,BIC
e24f7fac3b973ad24b0fd96f6de47695c90f6528,0,0,1,1,linux,BFC
27afe0d34e9121a3d61cc0af9b17c2542dadde24,0,0,1,1,linux,BFC
257ab443118bffc7fdcef38f49cf59be68a3e362,4,0,2,1,linux,BFC
cc3a86c802f0ba9a2627aef256d95ae3b3fa6e91,4,4,8,2,linux,BIC
bb9a374dfa3a2f46581455ab66cd1d24c5e3d183,3,0,1,1,linux,BFC
52e04ef4c9d459cba3afd86ec335a411b40b7fd2,4,5,3,1,linux,BFC
2baddf262e98762b36b0866065c21452fff1beda,0,2,4,1,linux,BIC
9ae326a69004dea8af2dae4fde58de27db700a8d,4306,0,0,11,linux,BIC
8ca7cab82bda4eb0b8064befeeeaa38106cac637,6,0,3,2,linux,BFC
ce65d55f92a67e247f4d799e581cf9fed677871c,16,0,5,1,linux,BFC
03fef6c5c2296ee6d43f59af57973e82c229039c,0,2,1,1,linux,BFC
496611d7b5eaf59c03440c8f2def1d9988ad2459,60,43,3,6,linux,BIC
1cd8a2537eb07751d405ab7e2223f20338a90506,9,0,1,1,linux,BFC
dd006da21646f1c86f0242eb8f527d093303127a,56,0,4,5,linux,BIC
0f12a0ce4ce4a47d8a34399a3f22d4ce7fd2d908,12,4,14,4,linux,BIC
cdbff4f26bd9fab11bfac22097f836892a5c3612,17,11,36,1,linux,BIC
c6b570d97c0e77f570bb6b2ed30d372b2b1e9aae,8,5,83,4,linux,BFC
24bbb1faf3f0420eb252dd0fdc1e477b1d4d73bd,1234,0,0,4,linux,BIC
5a1cc6550dc6620e67b792a27da8bbd03a09cafb,0,0,1,1,linux,BFC
e7300d04bd0809eb7ea10a2ed8c729459f816e36,4853,0,0,32,linux,BIC
de5fb0a053482d89262c3284b67884cd2c621adc,20,26,21,2,linux,BIC
5d8d4af24460d079ecdb190254b14b528add1228,0,0,4,1,linux,BFC
62ce94a7a5a54aac80975f5e6731707225d4077e,47,0,7,4,linux,BFC
15773ae938d8d93d982461990bebad6e1d7a1830,0,10,5,1,linux,BIC
dba8648dcab90564b8a11c952c06a9e1153506fb,2,0,0,1,linux,BFC
1d731e731c4cd7cbd3b1aa295f0932e7610da82f,19,0,2,1,linux,BIC
4f8f7809e47b6af17032aad66f84d7c16444bd05,0,0,1,1,linux,BFC
e97c089d7a49f67027395ddf70bf327eeac2611e,3,0,0,1,linux,BFC
ea4b4d7fc1065165874c27b8add252e04d104137,270,0,2,10,linux,BIC
42723673a193d5f8e30dba6ea9826d42262a502b,1,0,0,1,linux,BFC
56348560d495d2501e87db559a61de717cd3ab02,3,0,0,1,linux,BIC
c86b41214362e8e715e1343e16d5d6af0562db05,39,21,5,1,linux,BIC
fdc915f7f71939ad5a3dda3389b8d2d7a7c5ee66,135,1,2,4,linux,BIC
81a59555ff1593642824414267e1859024bd0162,60,0,1,2,linux,BIC
fe7738eb3ca3631a75844e790f6cb576c0fe7b00,6,0,3,1,linux,BFC
181964e619b76ae2e71bcdc6001cf977bec4cf6e,0,0,1,1,linux,BFC
91e6455bf715fb1558a0bf8f645ec1c131254a3c,1,0,4,1,linux,BFC
f6361c6b3880063c2248d4e453331e3dc1efbf83,0,102,0,32,linux,BIC
593224ea77b1ca842f45cf76f4deeef44dfbacd1,1,0,0,1,linux,BFC
df3df923b31d298c3d3653a0380202b9f2df9864,0,1,1,1,linux,BFC
31976cfdc7e2e8b0b23d731703e4f1e21ff79466,0,2,0,1,linux,BFC
8dd2bc0f8e02d39bd80851ca787bcbdb7d495e69,368,0,5,7,linux,BIC
953b94009377419f28fd0153f91fcd5b5a347608,88,4,61,5,linux,BIC
ab95bd2aa904e4f53b7358efeea1d57693fb7889,1,0,5,3,linux,BFC
8598112d04af21cf6c895670e72dcb8a9f58e74f,0,0,2,1,linux,BFC
3dc7c7badb7502ec3e3aa817a8bdd9e53aa54c52,3,0,2,1,linux,BFC
858066864a6383d1eecd2fa96a0b8e69935632f8,1,0,0,1,linux,BFC
5fb5273a905ca4cba7aae16e61c26127cadbac5c,190,0,1,1,linux,BIC
f8246cf4d9a9025d26c609bb2195e7c0a9ce5c40,4,54,4,5,linux,BIC
91815639d8804d1eee7ce2e1f7f60b36771db2c9,46,0,1,1,linux,BIC
76a60f312f64dc48450b15a7f167b46e6230e4d1,0,0,1,1,linux,BFC
0cd8116f172eed018907303dbff5c112690eeb91,0,0,1,1,linux,BFC
8001b717f09460d9e17457f6bade6699aa14604f,2,3,1,1,linux,BFC
0944ea07baa748741563c8842122010fa9017d16,0,0,5,1,linux,BFC
b943e03341e69cfd384ceabbb4efc28a82f69e0c,0,1,1,1,linux,BFC
c550b60c647941b581e4b0f4f2b1526b34f4a8e5,0,0,1,1,linux,BFC
cb496cd472af3ec922063c14fd71a72db4467f6f,16,0,0,1,linux,BIC
78665179e569c7e1fe102fb6c21d0f5b6951f084,0,5,0,1,linux,BFC
9872c7a319219346d30a0862424e5495a4e97e0e,1,9,7,2,linux,BIC
116523c8fac05d1d26f748fee7919a4ec5df67ea,14,2,9,1,linux,BFC
721b595744f199c185fbcefaa6e7e5cea9da1941,190,0,0,1,linux,BIC
2a0435df963f996ca870a2ef1cbf1773dc0ea25a,0,0,2,2,linux,BFC
1698d600b361915fbe5eda63a613da55c435bd34,40,0,2,2,linux,BIC
42f59967a091d012b358a532766fe4d53c6d3ba3,87,0,1,1,linux,BIC
b9077428ec5569aacb2952d8a2ffb51c8988d3c2,0,0,1,1,linux,BFC
1c6dcbe5ceff81c2cf8d929646af675cd59fe7c0,242,1,1,11,linux,BIC
44091d29f2075972aede47ef17e1e70db3d51190,452,0,0,2,linux,BIC
7e5082fbc00cc157e57a70cdb6b9bbb21289afb1,0,0,1,1,linux,BFC
e175aef902697826d344ce3a12189329848fe898,2,0,0,1,linux,BFC
04f421e7b0b10de3fae543dac4d324b449a1db6b,0,60,37,4,linux,BIC
49d22b695cbb690b1d1a9d21b61eaf8f61a525d4,691,0,0,1,linux,BIC
665b2c780d63762349646e9abaea507192c6666a,1,0,1,1,linux,BIC
a90c57f2cedd52a511f739fb55e6244e22e1a2fb,52,0,1,2,linux,BIC
407066f8f3716ca2880a08c48dbab507ae2ec8d9,35,0,21,2,linux,BIC
3c25fc97f5590060464cabfa25710970ecddbc96,16,0,0,1,linux,BFC
bfca3dd3d0680fc2fc7f659a152234afbac26e4d,7,0,0,1,linux,BIC
c77dd678a7659d58625bd3b3a36d1329d9e7d44c,0,0,1,1,linux,BFC
09b871ffd4d8ddc005a9480fb69ff1897caaeb1f,0,4,1,1,linux,BIC
58e3cac5613aa01720e55637d8f1c966a25c3202,0,2,5,1,linux,BIC
555bda42b0c1a5ffb72d3227c043e8afde778f1f,2,0,0,1,linux,BFC
d6b8bd679c9c8856fa04b80490765c43a4cb613b,1,0,1,1,linux,BFC
77258d409ce45890104e3da11d0261402c49aee1,246,120,14,3,linux,BIC
b8cdc05173f05d212627b7aba7ec47fa334a79f2,5,0,0,1,linux,BFC
2775da21628738ce073a3a6a806adcbaada0f091,13,0,5,1,linux,BFC
c9990ab39b6e911003bab10a6da96e98ab1503a3,40,13,80,5,linux,BIC
165aea80e2e2c77775bf36d944e5aeea4f4e892d,3,0,6,1,linux,BIC
da3eb47c90d4f951b83573d7203c40c0888521e5,22,0,2,1,linux,BIC
8eed00b237a2844dbe6bc2bac5c0b2657f9f194b,25,1,2,2,linux,BIC
a08dd0da5307ba01295c8383923e51e7997c3576,5,0,3,1,linux,BFC
cb1b69b0b15b2897daeba8674c14c85a23a3347f,156,0,0,2,linux,BIC
38ef62353acbaa0eea062a9f047b33aebd7d52ce,38,0,18,4,linux,BIC
b00833768e170a31af09268f7ab96aecfcca9623,0,0,1,1,linux,BFC
5bc56388c74f0e64b32e343ea603609b146dcb96,60,0,1,3,linux,BIC
5fe9d8ca21cc1517258fe448639392d5d542eec6,0,6,12,1,linux,BIC
98761ce4b91b77e0602b1551d11925e817e8a9a5,25,0,4,1,linux,BIC
a28ed09dafee20da51eb26452950839633afd824,0,1,2,1,linux,BFC
99adef310f682d6343cb40c1f6c9c25a4b3a450d,100,0,0,2,linux,BIC
3e32131abc311a5cb9fddecc72cbd0b95ffcc10d,30,0,0,3,linux,BIC
28b3870578ef403000c99d54c40fffb0210ff70d,131,19,2,4,linux,BIC
f01d7d558e1855d4aa8e927b86111846536dd476,7,0,0,1,linux,BFC
ac89473213c602b98172d92e40f5e78032b1aba0,0,0,1,1,linux,BFC
dcf456c9a095a6e71f53d6f6f004133ee851ee70,9,0,19,5,linux,BFC
ceae266bf0ae6564ac16d086bf749a096fa90ded,0,0,1,1,linux,BFC
da67e68fb9d37fb9072b20cc75d4337a73bc01b4,8,0,1,3,linux,BFC
0755e74b8f04d17cea09fa342a788025b2b50e2e,0,1,1,1,linux,BFC
6e8edf8a7d8d98e1734ff41e5c69439419319402,31,16,12,4,linux,BIC
ca4984a7dd863f3e1c0df775ae3e744bff24c303,17,4,2,1,linux,BFC
dd7b836d6bc935df95c826f69ff4d051f5561604,0,1,2,1,linux,BFC
4219ff33b26dbaa08c728ee4ad1a3a5aae300e1a,0,0,2,1,linux,BFC
41dafea2af781d8e3ab8626d236b52e4172905a3,8,0,0,1,linux,BFC
11f5acce2fa43b015a8120fa7620fa4efd0a2952,5,1,1,2,linux,BFC
c4576aed8d85d808cd6443bda58393d525207d01,8,2,3,2,linux,BIC
9d162ed69f51cbd9ee5a0c7e82aba7acc96362ff,16,0,0,2,linux,BIC
224a4c970987fc685bc04854c5fb2d94ef46b2ee,74,87,1,2,linux,BIC
5df362a6cf49ca8d2e69a2f68e605310e3c576cb,522,0,0,1,linux,BIC
206b92353c839c0b27a0b9bec24195f93fd6cf7a,16,0,2,1,linux,BFC
6e7f3ee97bbe2c7d7a53b7dbd7a08a579e03c8c9,125,47,1,7,linux,BIC
734223d78428de3c7c7d7bc04daf258085780d90,34,0,15,6,linux,BIC
9e82eb574c5d90a175ae830916af8b8a1ccc31e7,0,3,6,1,linux,BFC
8318d78a44d49ac1edf2bdec7299de3617c4232e,935,1600,1179,63,linux,BIC
0e203c324752e13d22624ab7ffafe934fa06ab50,2,0,0,1,linux,BFC
7c86663b68bab393633d8312a0d25a3d004de182,26,71,32,5,linux,BIC
a9e54e5fbe396b546771cf77b43ce7c75e212278,0,0,1,1,linux,BFC
d7d9f8ec77fe90472a649d1c2adba43a2e306eeb,1230,0,0,1,linux,BIC
3247ff2b318f3eeaaf32163ce39ddaac23e9a6f9,7,7,2,1,linux,BFC
4540b9fbd8ebb21bb3735796d300a1589ee5fbf2,1,0,0,1,linux,BFC
62c2766cf69d910bffb59d8b6b8d77e244ded80e,0,28,0,1,linux,BFC
1514839b366417934e2f1328edb50ed1e8a719f5,1,0,0,1,linux,BIC
2e7256f12cdb16eaa2515b6231d665044a07c51a,2,0,11,1,linux,BFC
81713d3788d2e6bc005f15ee1c59d0eb06050a6b,469,5,44,5,linux,BIC
9508ef5a980f5d847cad9b932b6ada8f2a3466c1,1,0,5,1,linux,BFC
24c82e576b7860a4f02a21103e9df39e11e97006,33,0,2,1,linux,BIC
9c7e535fcc1725fc2e2d4f0d9dd14137f0243e23,5,9,19,1,linux,BIC
cbe6c3a8f8f4315b96e46e1a1c70393c06d95a4c,0,0,4,1,linux,BIC
2b9375b91bef65b837bed61a05fb387159b38ddf,3,0,2,1,linux,BFC
0cef77c7798a7832769fbd25a4d0b0b3361cc6f0,107,0,27,2,linux,BIC
1f44c034de2e1591f4fad38c685dd167e1da7062,0,2,2,1,linux,BIC
d39c9885b65740e737db8303ed3d344f2f6ceb35,0,15,0,2,linux,BFC
fdd4044ffdc8313b91353af7879a39ef9c683bec,2,16,29,4,linux,BIC
16f37102181e23ec4bec88fe1cfdd6c3c24dd1ed,3,0,4,1,linux,BFC
b17233d385d0b6b43ecf81d43008cb1bbb008166,0,0,2,1,linux,BFC
e057dd3fc20ffb3d7f150af46542a51b59b90127,1592,0,0,2,linux,BIC
e9d32af478cfc3744a45245c0b126738af4b3ac4,0,1,1,1,linux,BFC
bce87cce88c71957c56479809db8316a836ec8b1,1,8,21,5,linux,BIC
01b28e4a58152e8906eeb5f1b55a0c404c48c7c8,12,0,0,1,linux,BFC
43563bc2e6a769502d23f4ec9cd590e4636cf0ea,35,0,1,1,linux,BIC
6826c6849b46aaa91300201213701eb861af4ba0,8,0,0,1,linux,BFC
4e7dc08e57c95673d2edaba8983c3de4dd1f65f5,0,0,2,2,linux,BFC
2b3d047870120bcd46d7cc257d19ff49328fd585,62,51,28,6,linux,BIC
ee576c47db60432c37e54b1e2b43a8ca6d3a8dca,22,3,22,7,linux,BFC
b3f20e098293892388d6a0491d6bbb2efb46fbff,0,0,1,1,linux,BIC
11d8cd5c9f3b46f397f889cefdb66795518aaebd,17,21,7,1,linux,BFC
e776af608f692a7a647455106295fa34469e7475,1,0,3,1,linux,BFC
3451b97cce2d7827bd76378ae6e9aeb7e8fc463d,316,8,0,4,linux,BIC
9c81be0dbc89ccb76ce34c3a88425bf3a0d57ebb,11,0,1,3,linux,BIC
f2d0a123bcf16d1a9cf7942ddc98e0ef77862c2b,30,5,1,2,linux,BFC
fa0f8d51e90d2202be9f4f02b9a95347389a5959,286,0,0,1,linux,BIC
658bcdae9c6755806e66b33e29d56b33a3ff421a,1299,0,0,1,linux,BIC
69a94abb82eed2789d52b58665ddf4b454d9adb9,8,22,9,2,linux,BIC
50fe6c02e5ad50727fb1069bb31099385fb59883,109,0,0,3,linux,BIC
77e2a04745ff8e391ad402e2d2d1157a5d3a7ebc,127,0,0,3,linux,BIC
a55c7454a8c887b226a01d7eed088ccb5374d81e,20,0,3,5,linux,BIC
a7259df7670240ee03b0cfce8a3e5d3773911e24,19,55,62,16,linux,BIC
13923d0865ca96312197962522e88bc0aedccd74,7,0,0,1,linux,BFC
4786d2ef45d3f503b656987c0c0ebead27fa6e67,2,0,1,3,linux,BFC
da92110dfdfacfdb0e3be06040a14d96c23be5d0,17,0,10,2,linux,BIC
da343b6d90e11132f1e917d865d88ee35d6e6d00,1,1,0,1,linux,BFC
aaa1500894655427f1b964d1f31dbbd20baa80ab,0,4,0,1,linux,BIC
e2d3fcaf939dded3da604a25ebbea9fb954c2280,1,1,1,1,linux,BFC
8b59cd81dc5e724eaea283fa6006985891c7bff4,2,0,0,1,linux,BIC
70840b66da4d3b9a8962905d9111a53ee628beb3,1,0,11,1,linux,BFC
1251dab9e0a2c4d0d2d48370ba5baa095a5e8774,4,0,0,1,linux,BFC
7ce36da900c0a2ff4777d9ba51c4f1cb74205463,403,0,0,4,linux,BIC
0b1e552673724832b08d49037cdeeac634a3b319,4,0,3,1,linux,BFC
6e4ff1c94a0477598ddbe4da47530aecdb4f7dff,0,0,1,1,linux,BFC
cf4e6363859d30f24f8cd3e8930dbff399cc3550,7484,0,0,7,linux,BIC
a16b8e0dcf7043bee46174bed0553cc9e36b63a5,2,0,10,4,linux,BFC
fb19739d7f688142b61d0fca476188c4fd9e937a,17,0,2,1,linux,BIC
5e5b511d8bfaf765cb92a695cda336c936cb86dc,375,90,248,14,linux,BIC
2280740f01aee0883a2885f332aee27449390a4b,560,4,101,18,linux,BIC
ae46d2aa6a7fbe8ca0946f24b061b6ccdc6c3f25,3,0,1,1,linux,BFC
6ae459bdaaeebc632b16e54dcbabb490c6931d61,3,0,0,1,linux,BIC
0513bd5bb11456d45250c9283e1cb52533125180,0,9,7,2,linux,BIC
b3a81c777dcb093020680490ab970d85e2f6f04f,3,0,2,1,linux,BFC
0133654d8eb8607eacc96badfe49bf992155f4cb,1,0,0,1,linux,BFC
6be30bb7d7504ec687a65c9bbdae8d1d2f8eaa19,8,0,0,1,linux,BIC
b2220cad583c9b63e085476df448fa2aff5ea906,64,1,184,2,linux,BIC
8d5dbec3bcb24a7d071962448e0fecaca8c75cc7,0,0,4,2,linux,BFC
0e5d3da400558b7d30586a2cc1afe02276445636,4,24,13,1,linux,BIC
4a0cb83ba6e0cd73a50fa4f84736846bf0029f2b,2,0,0,1,linux,BFC
1ad6c43c6a7b8627240c6cc19c69e31fedc596a7,0,0,1,1,linux,BFC
c2ff53d8049f30098153cd2d1299a44d7b124c57,4,0,0,1,linux,BIC
e4e62bbc6aba49a5edb3156ec65f6698ff37d228,0,0,1,1,linux,BFC
75492a51568b943e903e1d7de10a962fbc001ba6,5,2,12,3,linux,BIC
2632bafd74ae7d058ae52be80e6393139fd29f23,48,6,67,5,linux,BIC
05efa8c943b1d5d90fa8c8147571837573338bb6,11,0,1,1,linux,BFC
ffebd90532728086007038986900426544e3df4e,6,0,0,1,linux,BFC
13a9499e833387fcc7a53915bbe5cddf3c336b59,5,0,2,1,linux,BFC
3234f5b06fc3094176a86772cc64baf3decc98fc,0,0,1,1,linux,BFC
e53567948f82368247b4b1a63fcab4c76ef7d51c,5,0,0,1,linux,BIC
f38a032b165d812b0ba8378a5cd237c0888ff65f,1,0,2,2,linux,BFC
706cb5492c8c459199fa0ab3b5fd2ba54ee53b0c,11,2,1,1,linux,BFC
b18398c16e176513502f962b642f89225039ef1f,4,0,1,1,linux,BFC
f342adca3afc84c4ef648352440ed6331518d72d,2,0,0,1,linux,BIC
d07b6bb4350040e10be8483640ae1b2bf37a3e5e,15,0,1,1,linux,BFC
6d9f66ac7fec2a6ccd649e5909806dfe36f1fc25,18,6,2,1,linux,BFC
d11a327ed95dbec756b99cbfef2a7fd85c9eeb09,16,0,2,2,linux,BFC
1ab6c4997e04a00c50c6d786c2f046adc0d1f5de,84,22,74,14,linux,BIC
2895f1831e911ca87d4efdf43e35eb72a0c7e66e,10,0,4,1,linux,BFC
c0af52437254fda8b0cdbaae5a9b6d9327f1fcd5,0,0,3,1,linux,BFC
dc9e47160626cdb58d5c39a4f43dcfdb27a5c004,7,0,7,1,linux,BFC
43d596e3227655b40272474a76e1bca878cb56b6,133,3,8,1,linux,BIC
31ded1535e3182778a1d0e5c32711f55da3bc512,1,0,1,1,linux,BFC
d8f0a86795c69f5b697f7d9e5274c124da93c92d,0,0,2,1,linux,BFC
5bedd3afee8eb01ccd256f0cd2cc0fa6f841417a,12,12,0,3,linux,BFC
a9ff785e4437c83d2179161e012f5bdfbd6381f0,23,21,13,1,linux,BIC
92fc3bd928c9329bf3f6f5c4210bbe4ba4bd3299,19,0,3,1,linux,BIC
a6ba2b2dabb583e7820e567fb309d771b50cb9ff,125,0,0,3,linux,BIC
a8ddac7c9f06a12227a4f5febd1cbe0575a33179,19,0,0,3,linux,BFC
ea591cd4eb270393810e7be01feb8fde6a34fbbe,7,0,2,1,linux,BFC
76c023fac32a191c51b16d811b1a311a827691f6,0,0,1,1,linux,BFC
2011fccfb61bbd1d7c8864b2b3ed7012342e9ba3,33,0,21,1,linux,BIC
cf9d052aa6005f1e8dfaf491d83bf37f368af69e,44,18,6,1,linux,BFC
4ae97cae07e15d41e5c0ebabba64c6eefdeb0bbe,2,0,0,1,linux,BFC
02f3703934a42417021405ef336fe45add13c3d1,2,0,8,4,linux,BFC
bb53fdf395eed103f85061bfff3b116cee123895,63,0,7,5,linux,BIC
c1ae5c6f789acde2ad32226cb5461cc1bc60cdf3,20,0,1,2,linux,BIC
9ac33b0ce81fa48dd39e7ddfc1bf4519052181dd,312,0,0,1,linux,BIC
4815d3c56d1e10449a44089a47544d9ba84fad0d,13,1,13,1,linux,BIC
573c4e1ef53a6b891b73cc2257e1604da754a2e4,20,1,41,7,linux,BIC
152e0bf60219ba589254c7aff4c095943c36cf68,55,6,10,1,linux,BIC
a2fd46cd3dbb83b373ba74f4043f8dae869c65f1,21,0,5,2,linux,BFC
e4e4b7ad50cfd6e8ee4dc358cf4eeeb29b612f35,55,0,0,1,linux,BIC
ef6fcea37f014ec54a0a9f7eaecc78cdb6ffc71e,24,0,1,3,linux,BIC
8c9af478c06bb1ab1422f90d8ecbc53defd44bc3,3,0,1,1,linux,BFC
b76d26d69ecc97ebb24aaf40427a13c808a4f488,3,5,11,1,linux,BFC
9ae11e237d951f52a7c0e1a404dc7dd4ae1ee4fa,0,0,1,1,linux,BFC
0fbc2f0f34cc57e8d6076631733e0095ac031995,81,14,4,6,linux,BIC
7498a457ecf7ff2c4d379360aa8f24566bb1543e,2,0,0,1,linux,BFC
f8ff6c732d35904d773043f979b844ef330c701b,0,0,1,1,linux,BFC
bdbe871ef0caa660e16461a2a94579d9f9ef7ba4,0,11,0,1,linux,BFC
109ba779d6cca2d519c5dd624a3276d03e21948e,5,0,0,1,linux,BIC
b51c225376a684d02fb58b49cf0ce3d693b6f14b,0,0,1,1,linux,BFC
f57004b9d96755cd6a243b51c267be4016b4563c,0,0,2,1,linux,BFC
