commit_id,lines_added,lines_removed,lines_modified,files_changed,project,commit_role
ad88d05136386de3584867091a51927eab18dc39,4,4,0,1,linux,BFC
a3b5655ebdb501a98a45c0d3265dca9f2fe0218a,3,2,1,1,linux,BFC
084e5bb16bd7dc2b551bbd9fb358bf73e03ee8d8,8,0,3,1,linux,BFC
43f68444bce70e360ff6ce3653a54e511625f651,76,40,37,1,linux,BIC
caa2da34fd25a37e9fd43343b6966fb9d730a6d5,1279,6,11,7,linux,BIC
c7e86acfcee30794dc99a0759924bf7b9d43f1ca,38,0,8,3,linux,BFC
3c02a6d946657e1ae0688e0d89f2dd2cfe9afba8,0,0,2,1,linux,BFC
9dc086f1e9ef39dd823bd27954b884b2062f9e70,2,0,4,1,linux,BFC
15f26bdc81f7f03561aaea5a10d87bd6638e1459,4,0,0,1,linux,BFC
281e8b2fdf8e4ef366b899453cae50e09b577ada,0,0,2,1,linux,BFC
1ecd8c9cb899ae277e6986ae134635cb1a50f5de,20,0,0,1,linux,BFC
30ea703a38ef76ca119673cd8bdd05c6e068e2ac,0,0,1,1,linux,BFC
1d0afc0d5a7c281f8ced3bd39f61f3328d5d3822,4,3,0,1,linux,BFC
dc35b1129cc3204de597e10fb34dc78e9b898197,2,0,0,1,linux,BFC
46ddcb3950a28c0df4815e8dbb8d4b91d5d9f22d,2,0,2,1,linux,BIC
b77ffb30cfc5f58e957571d8541c6a7e3da19221,0,0,1,1,linux,BFC
b775d158530285c9657a1a0628c139b0dfd0d2e5,6,1,2,1,linux,BFC
b0689faa8efc5a3391402d7ae93bd373b7248e51,6,1,5,3,linux,BFC
4d252fd5719bd047a178668aa09ee8bc9de85c7c,0,10,1,1,linux,BIC
1d5558b1f0de81f54ddee05f3793acc5260d107f,79,2,7,3,linux,BFC
89f90fe1ad8bc7cde7f1859abdc392d02ee952de,50,1,10,1,linux,BIC
62039c30c19dcab96621e074aeeb90da7100def7,0,0,2,1,linux,BFC
2a61d8b883bbad26b06d2e6cc3777a697e78830d,9,0,5,1,linux,BFC
7400d3bbaa229eb8e7631d28fb34afd7cd2c96ff,8,0,2,1,linux,BFC
119f5e448d32c11faf22fe81f6f2d78467a47149,398,0,0,2,linux,BIC
b2f1eaaee564c5593c303f4d15d827924cb6d20d,2,0,0,1,linux,BFC
bf68fdfdec6cd9a14323a61612ae9d7c510fbbdc,2,0,2,1,linux,BFC
011710e2ab659c7ad6e5e554806414bd7a9508be,0,0,4,1,linux,BFC
096f9b862e605fe08bb30e4f7a381684a8ff82ed,27,0,4,1,linux,BIC
0091bfc81741b8d3aeb3b7ab8636f911b2de6e80,23,0,0,3,linux,BFC
bd4060a6108befd1110a4c6be5544c932895d18d,2,0,0,1,linux,BFC
2ac2fab52917ae82cbca97cf6e5d2993530257ed,1,0,0,1,linux,BFC
232c001398ae8406dc0daf07b14e6ec9a5562719,392,1,42,5,linux,BIC
98f9fcdee35add80505b6c73f72de5f750d5c03c,0,4,0,1,linux,BFC
fcb732d8f8cf6084f8480015ad41d25fb023a4dd,43,6,24,1,linux,BFC
77bfc8bdb5a1cdbcea21daccdf1686e1bfea3db6,26,0,2,2,linux,BIC
ece9c72accdc45c3a9484dacb1125ce572647288,2,0,6,1,linux,BFC
edbc21113bde13ca3d06eec24b621b1f628583dd,0,0,1,1,linux,BFC
9d2e19e349627e79bcd474bc64e71a312029b3be,18,0,13,1,linux,BFC
119d6f6a3be8b424b200dcee56e74484d5445f7e,0,1,0,1,linux,BFC
be1a1d7a5d243cc485a4d903976f1fb3a284cc65,68,0,2,5,linux,BIC
077fa7aed17de5022e44bf07dbaf732078b7b5b2,8,0,3,1,linux,BFC
bee9e58c9e98972ac48e9748e7b89bb25dc98051,0,0,1,1,linux,BIC
95169cd23bfa88003f8be06234dbd65f5737add0,0,0,2,1,linux,BFC
96d4f03c20d04c80026b1ec3643c090cf4f0eb20,0,0,1,1,linux,BFC
f8e5f90b3a53bb75f05124ed19156388379a337d,0,0,3,1,linux,BFC
01ef09caad66f2e6b2a9d1b92b1db5619fa196f1,68,0,0,2,linux,BIC
f54aab6ebcecd93e86cea34ddba5f3d454382041,269,0,0,2,linux,BIC
67a2003e060739747cfa3ea9b0d88b3d321ebf24,866,0,0,2,linux,BIC
cac5fcedaabdadf150c8a9be9fee76defc8ba444,3,0,3,1,linux,BFC
acf5e051ac44d5dc60b21bc4734ef1b844d55551,15,0,0,1,linux,BIC
baf5cb30fbd1c22f6aa03c081794c2ee0f5be4da,0,0,2,1,linux,BFC
548b762763b885b81850db676258df47c55dd5f9,0,0,1,1,linux,BFC
01ca667133d019edc9f0a1f70a272447c84ec41f,2,0,0,1,linux,BFC
c50f13c672df758b59e026c15b9118f3ed46edc4,38,0,13,4,linux,BIC
46c42d844211ef5902e32aa507beac0817c585e9,5,0,2,1,linux,BFC
457839ed3e78618cf0354cf79a1f47fe6eb26aef,0,0,2,1,linux,BFC
06acc17a96215a11134114aee26532b12dc8fde1,6,0,14,1,linux,BIC
b77061bfcbfb72bda6f583d93589e3783f9dab59,0,0,1,1,linux,BFC
e47726a11e11ffaefb5b3d6103f5d2ffa366f8ef,3,52,10,3,linux,BIC
e1aa1a1db3b01c9890e82cf065cee99962ba1ed9,0,0,4,1,linux,BFC
c2588393e6315ab68207323d37d2a73713d6bc81,5,0,2,1,linux,BFC
91a40a48d52d13fbde3239d5839335cabd9a4eae,0,0,2,1,linux,BFC
39b9722315364121c6e2524515a6e95d52287549,230,0,1,4,linux,BIC
f8043872e79614ae9c5aaf7804e0b0ccb1932ed0,456,0,0,1,linux,BIC
cc62383fcebe7f03c274462790fd912f4346304b,19,0,0,3,linux,BIC
89bdfaf93d9157499c3a0d61f489df66f2dead7f,3,58,13,1,linux,BFC
9d2231c5d74e13b2a0546fee6737ee4446017903,2,0,0,1,linux,BFC
e174961ca1a0b28f7abf0be47973ad57cb74e5f0,0,680,891,235,linux,BIC
07ce734dd8adc0f170d43c15a9b91b707a21b9d7,19,12,3,3,linux,BIC
54eff2264d3e9fd7e3987de1d7eba1d3581c631e,0,0,1,1,linux,BFC
cbba5b0ee4c6c2fc8b78a21d0900099d480cf2e9,1,4,6,1,linux,BIC
cdc0c0c94e4e6dfa371d497a3130f83349b6ead6,3,0,3,1,linux,BFC
5d5323a6f3625f101dbfa94ba3ef7706cce38760,0,0,12,1,linux,BFC
98ab5f3513f90f18365d488d02b57efbfbdf274f,10,0,0,1,linux,BIC
5e7ca3937fbeaedd7383058ea2bd9af1089ef81a,0,35,20,1,linux,BIC
90f18e63fbd005133624bf18a5e8b75c92e90f4d,15,0,0,2,linux,BIC
b31a3ca745a4a47ba63208d37cd50abffe58280f,0,0,1,1,linux,BFC
a9b59159d338d414acaa8e2f569d129d51c76452,5,0,2,2,linux,BFC
98d0f7b9acda0cf15259f83ca1758ad6017c0942,122,0,0,3,linux,BIC
9ed68785f7f2b001a6911d64fbd10cfc6fa49b27,0,0,5,3,linux,BIC
16a67eb3ec21ddb557d064a6901ec4629e96b94c,4,0,0,1,linux,BFC
31108d142f3632970f6f3e0224bd1c6781c9f87d,4,0,5,1,linux,BFC
375f51e2b5b7b9a42b3139aea519cbb1bfc5d6ef,9,0,0,2,linux,BFC
8f92e35aff9692028279d3c03e88547df6d15020,1,0,1,1,linux,BFC
7c594bbd2de9f03e7c8d808004045696bc9c1a67,0,0,1,1,linux,BFC
d4682ba03ef618b6ef4be7cedc7aacaf505d3a58,112,0,19,3,linux,BIC
e669e833da8d71a02e175dfffceaabc3eb010207,3,0,10,3,linux,BIC
75925e1ad7f5a4e867bd14ff8e7f114ea1596434,16,0,3,1,linux,BIC
5574cb2194b13de78df68cd32655ddbe619b1251,28,0,12,4,linux,BIC
3b3ae880266d148bf73a573a766bc9b78c08d805,0,7,40,16,linux,BIC
67ba422e95edfbd42f1d9782868880b364eea173,0,0,1,1,linux,BFC
62c8e423450d7140a640651227ec563d6b0141ce,0,0,4,2,linux,BIC
0eb6ddfb865c7d7ec05cb330050671363515e67f,1,0,1,1,linux,BIC
e014f37db1a2d109afa750042ac4d69cf3e3d88e,1,50,4,2,linux,BFC
f645125711c80f9651e4a57403d799070c6ad13b,14,0,1,1,linux,BIC
b91eb5182405b01a8aeb42e9b5207831767e97ee,6,0,3,1,linux,BFC
ddf742d4f3f12a6ba1b8e6ecbbf3ae736942f970,55,0,3,1,linux,BFC
95a793c3bc75cf888e0e641d656e7d080f487d8b,0,0,1,1,linux,BFC
d313d16bbaea0f11a2e98f04a6c678b43c208915,3,0,0,1,linux,BFC
36d516be867ce3657401ab26b05a39a20f56fa13,143,12,4,4,linux,BFC
3184cc4b6f6a1dc0c1745aafe2b14b1206ef3187,9,2,2,2,linux,BIC
5ee15c101f29e0093ffb5448773ccbc786eb313b,9,0,2,1,linux,BFC
3eac870a324728e5d17118888840dad70bcd37f3,26,0,1,1,linux,BIC
8f95faaac56c18b32d0e23ace55417a440abdb7e,363,0,0,3,linux,BIC
12688dc21f71f4dcc9e2b8b5556b0c6cc8df1491,0,24,11,2,linux,BFC
3c5a272202c28c1f9309566f206ba40787246149,6,0,2,1,linux,BFC
31bb2ef97ea9db343348f9b5ccaa9bb6f48fc655,6,0,0,1,linux,BFC
ecbfa8eabae9cd73522d1d3d15869703c263d859,1,0,3,1,linux,BFC
8c43126e8c9f0990fa75fb5219c03b20d5ead7b7,0,0,2,1,linux,BFC
a83863174a6137fb3e03f279c9dcdba9e35315d0,104,163,42,9,linux,BIC
5ca1ca01fae1e90f8d010eb1d83374f28dc11ee6,0,0,1,1,linux,BFC
69848cd6f0c1fb4f82ab255b730343a215ded013,0,0,1,1,linux,BFC
16877a5570e0c5f4270d5b17f9bab427bcae9514,6,0,9,3,linux,BFC
96d016108640bc2b7fb0ee800737f80923847294,2,0,6,2,linux,BIC
13251ce1dd9bb525da2becb9b26fdfb94ca58659,3,0,0,1,linux,BFC
28f1632118818d9dccabf4c0fccfe49686742317,1,0,0,1,linux,BFC
ad9eb43c93d83578674e1da78a0bd792c3a22513,0,1,2,1,linux,BIC
453cd3700ca37f759cf975999abb7b5b4347fd85,0,0,5,1,linux,BIC
8f88b3034db3be2eb600b9f57012bc63f1ea197f,734,0,9,3,linux,BIC
7c4a539ec38f4ce400a0f3fcb5ff6c940fcd67bb,1,4,0,3,linux,BIC
da0ef77e1e0ccff703efee82406c629d5c4f4bbb,0,2,7,1,linux,BFC
7a64ca862ac96d5e78a59bd57549034134ee0949,1,12,26,1,linux,BFC
afa0925c6fcc6a8f610e996ca09bc3215048033c,0,0,1,1,linux,BFC
d75b32853d4a89a8901991f294ff24b2f8fe1da5,0,0,2,1,linux,BFC
4d57fd9aeaa013a245bf1fade81e2c30a5efd491,1,0,0,1,linux,BFC
4941d472bf95b4345d6e38906fcf354e74afa311,90,110,16,1,linux,BIC
f771fde82051976a6fc0fd570f8b86de4a92124b,24,31,19,5,linux,BIC
51ad4ace97ed5a4e96e60684281066b758e1de8b,1,0,0,1,linux,BFC
63bbb85658ea43dd35dbfde6d4150b47c407fc87,0,2,6,2,linux,BFC
bd7525dacd7e204f8cae061941fb9001c89d6988,147,135,4,3,linux,BIC
6ef90877eee63a0d03e83183bb44b64229b624e6,0,0,1,1,linux,BFC
6afb7e26978da5e86e57e540fdce65c8b04f398a,1,0,0,1,linux,BFC
8ff2eb625c353b1491d9f89f1dfd52e7aef5734c,0,0,3,1,linux,BFC
1d59b382f1c4111933ab56166eb520ac98676b22,39,0,0,1,linux,BIC
24417d5b0c006fd4208284f3462f4012ae79151c,14,3,0,1,linux,BIC
45a22f4c11fef4ecd5c61c0a299cd3f23d77be8e,1,0,9,9,linux,BFC
99d1694310df3ffef66902f5bc1a23e95a724aa3,85,4,25,2,linux,BIC
bd7e31bbade02bc1e92aa00d5cf2cee2da66838a,0,0,1,1,linux,BFC
14ebaeeff8d0f2d5d59b6df6b59f54345839f9d9,0,4,12,1,linux,BFC
ffd8d61845c90cea87bc3efa58ddff1b14dea8f2,0,7,2,2,linux,BFC
5d36acb7198b0e5eb88e6b701f9ad7b9448f8df9,111,21,14,10,linux,BIC
2c87c9d33117446dab774a7e1b23806802f95c98,15,0,0,1,linux,BIC
c432df155919582a3cefa35a8f86256c830fa9a4,9,0,3,1,linux,BFC
6b54d54dea82ae214e4a45a503c4ef755a8ecee8,1,0,0,1,linux,BFC
16eb4c85c96417c0ef75a7a2ef50eecb198ac8a6,275,0,0,2,linux,BIC
6494ccb93271bee596a12db32ff44867d5be2321,0,1,0,1,linux,BFC
69ffaebb90369ce08657b5aea4896777b9d6e8fc,0,0,2,1,linux,BFC
d528d4970503edafc23bd43d322a818d74954f7a,1,0,1,1,linux,BFC
096950e230b8d83645c7cf408b9f399f58c08b96,0,1,1,1,linux,BFC
133cd2e48305887709675847da1f6ee2b7363929,2,0,0,1,linux,BFC
93281c4a96572a34504244969b938e035204778d,345,0,107,5,linux,BIC
e7f75ad01d590243904c2d95ab47e6b2e9ef6dad,248,5,7,11,linux,BIC
1da17d7cf8e2c4b60163d54300f72c02f510327c,0,0,14,1,linux,BIC
1fbad3028664e114d210dc65d768947a3a553eaa,4,0,3,1,linux,BFC
7f05538af71c7d30b5fc821cbe9f318edc645961,11,0,2,1,linux,BIC
922b0375fc93fb1a20c5617e37c389c26bbccb70,10,0,1,1,linux,BIC
22cf8419f1319ff87ec759d0ebdff4cbafaee832,6,0,0,1,linux,BFC
4d2b8517ba1f3aba9a952ebf153ec972a127c80c,0,2,0,1,linux,BFC
1200832c6e850a17f36631f6492f953a1b39e6b8,0,0,1,1,linux,BFC
14fe2471c62816ba82546fb68369d957c3a58b59,13,1,5,6,linux,BIC
a44e6657585b15eeebf5681bfcc7ce0b002429c2,15,23,10,1,linux,BIC
29e8e659f984be00d75ec5fef4e37c88def72712,5,0,4,1,linux,BFC
7a30871b6a27de1a1f418c7fd2c5dde9a46bfd16,5,0,1,1,linux,BIC
6b48cb5f8347bc0153ff1d7b075db92e6723ffdb,109,0,2,3,linux,BIC
10134ec3f8cefa6a40fe84987f1795e9e0da9715,5,11,9,1,linux,BFC
ee11b93f95eabdf8198edd4668bf9102e7248270,1,0,1,1,linux,BFC
f5843492ecefcf766963518f14bcf8d77b88338c,3,11,41,4,linux,BFC
8918dc42dc85ba6981028f65a989c478eb80bc02,4,2,8,5,linux,BFC
bc3b5b47c80da8838758731d423179262c9c36ec,1,0,1,1,linux,BFC
852ce7285c99e3f7b56e76511e1b33c645a2b648,12,0,1,1,linux,BFC
f40584200bc4af7aa4399635b9ac213c62a13ae7,2,0,0,1,linux,BFC
91b7bdb2c0089cbbb817df6888ab1458c645184e,1,0,2,1,linux,BFC
c0576e3975084d4699b7bfef578613fb8e1144f6,1,2,0,1,linux,BFC
44693d74f5653f82cd7ca0fe730eed0f6b83306a,8,0,5,1,linux,BFC
05211e7fbbf042dd7f51155ebe64eb2ecacb25cb,2,0,4,1,linux,BFC
6f2f0b394b54e2b159ef969a0b5274e9bbf82ff2,12,0,2,1,linux,BFC
a718d1392700bb7420ba26051ec35c20107ac981,0,0,3,2,linux,BFC
edac63861db72a462ccdfad0b5dfa66985d58bd5,30,0,4,2,linux,BIC
0fbabf875d184eee21b94d8b8a9c83d5df5cb3d4,48,0,1,1,linux,BIC
232f5dd78586a684a7364a486b934e19384189dc,2,0,3,1,linux,BFC
45a3fe3bf93b7cfeddc28ef7386555e05dc57f06,2,0,4,1,linux,BFC
609805d809733d0c669f21f710bdac308cc63cba,3,0,1,1,linux,BFC
cbd18991e24fea2c31da3bb117c83e4a3538cd11,13,0,1,1,linux,BIC
5be6f62b0059a3344437b4c2877152c58cb3fdeb,239,102,7,3,linux,BIC
1d9000262b3b80ef6675f35808856073e51be807,4,0,2,1,linux,BFC
79a4ed4f0f93fc65e48a0fc5247ffa5645f7b0cc,6,0,3,2,linux,BFC
ee219b946e4bf7df2d2c68dfaae1bdaa360ec2ea,0,4,0,1,linux,BIC
58e49346672f738cf6eeb62009a5b0ae194374c4,0,0,1,1,linux,BFC
8007935305610d577746b888bd1864b34fb0ea13,2,0,0,1,linux,BFC
ad0593ec8930d2e3fa4252cb7ad666bdfe4ed4f1,0,9,0,3,linux,BFC
a117f73dc2430443f23e18367fa545981129c1a6,3,6,0,1,linux,BFC
1b7ecc241a67ad6b584e071bd791a54e0cd5f097,11,0,0,4,linux,BIC
c4cfcf6f4297c9256b53790bacbbbd6901fef468,20,0,0,1,linux,BIC
93fa8587b25356382a39f1ca3a81d6c1b42ac731,1,0,0,1,linux,BFC
fd1ee315dcd4a0f913a74939eb88f6d9b0bd9250,12,5,2,2,linux,BFC
7f678def99d29c520418607509bb19c7fc96a6db,22,0,13,2,linux,BFC
5db6aab6f36f7560dc95f7ca340d5632b7a3be6a,3,0,0,1,linux,BIC
7eada909bfd7ac90a4522e56aa3179d1fd68cd14,3085,0,0,1,linux,BIC
ca784be36cc725bca9b526eba342de7550329731,13,71,19,4,linux,BIC
3ebf6f0a09a284adef62111c7cfca29f56d6cce7,107,6,2,3,linux,BIC
15e36f5b8e982debe43e425d2e12d34e022d51e9,16,0,9,2,linux,BIC
07f4fde53d12eb8d921b465bb298e964e0bdc38c,3,0,1,1,linux,BFC
a3d9bc506d6434c5557e8d069a611d1e60a2a62e,22,0,3,1,linux,BIC
2785ce8d0da1cac9d8f78615e116cf929e9a9123,28,0,1,3,linux,BIC
13cb6d826e0ac0d144b0d48191ff1a111d32f0c6,4,0,0,1,linux,BFC
739de9a1563a19459c82d0d8c4d1cc8eb55ddf4e,34,31,7,1,linux,BIC
e6d094936988910ce6e8197570f2753898830081,0,0,1,1,linux,BFC
46e294efc355c48d1dd4d58501aa56dac461792a,9,0,5,1,linux,BFC
71ebc4d1b27d345342bdcb32a29c8cc3da8c6654,663,0,0,1,linux,BIC
600ddd6825543962fb807884169e57b580dba208,0,1,0,1,linux,BFC
51d3290c3ad6ba691bd66df8ead6e7c19dc995f1,1,0,0,1,linux,BFC
ba916b6a0339ed6cc6441ad83c097ab795dbdbc5,0,0,1,1,linux,BFC
aa081859b10c5d8b19f5c525c78883a59d73c2b8,16,0,0,1,linux,BIC
36ff0dd39f9b88ca83e1733b735e9f22b7be893b,6,4,0,2,linux,BFC
4e66c0cb79b732b01b82e094b21b8e22a20dff83,51,0,10,2,linux,BIC
3f805f8cc23ba35679dd01446929292911c2b469,187,0,1,2,linux,BIC
1a470721c8f5a73e272fffb590debda5e65a2eaf,175,0,0,1,linux,BIC
bae77c5eb5b2107e300fb02da2311f2aa0d8ee3c,47,0,6,1,linux,BIC
63edbcceef612bdd95fa28ce100460c7b79008a4,171,0,0,1,linux,BFC
a2b1a5d40bd12b44322c2ccd40bb0ec1699708b6,0,0,2,1,linux,BFC
7dfe20ee92f681ab1342015254ddb77a18f40cdb,0,0,1,1,linux,BFC
c96c4436aba4c12f1f48369f2f90bc43e12fe36c,124,0,1,1,linux,BIC
fb5ec981adf08b94e6ce27ca16b7765c94f4513c,4,0,2,1,linux,BFC
f3c802a1f30013f8f723b62d7fa49eb9e991da23,7,0,8,4,linux,BIC
106be53b6b0a107054e5c2a009aa0d079b9c70c1,50,0,7,1,linux,BIC
8f9aca0c45322a807a343fc32f95f2500f83b9ae,1,0,1,1,linux,BFC
f5062003465c20cfe584d9129a463322ad5cf4ea,4,0,0,1,linux,BIC
50a318cc9b54a36f00beadf77e578a50f3620477,9,0,4,1,linux,BFC
60a94324541361542f1ffb12844f4cb737695ba5,0,71,3,3,linux,BIC
1c1bf34951e8d17941bf708d1901c47e81b15d55,0,0,2,1,linux,BFC
d91e9be0f0b05fd4df783d18d090c78ebd99f153,0,0,2,1,linux,BFC
8addf37c24226acb4f67d87a7569ac8f53e822b7,0,0,1,1,linux,BFC
9cb18db0701f6b74f0c45c23ad767b3ebebe37f6,6,0,1,1,linux,BFC
c1e63117711977cc4295b2ce73de29dd17066c82,4,0,8,1,linux,BFC
b63236972e1344b247750451e2be0a06cd125f21,4,4,0,1,linux,BIC
363dc73acacbbcdae98acf5612303e9770e04b1d,0,0,2,1,linux,BFC
d44e3fa5d7e6e9573c69f6f9f4f7f3200b0c9eee,5,2,1,1,linux,BFC
43cb86799ff03e9819c07f37f72f80f8246ad7ed,19,13,8,1,linux,BFC
c700525fcc06b05adfea78039de02628af79e07a,9,0,1,1,linux,BFC
1bb11c1c7f6e264a737b30c667c3c84fbe511d98,0,27,18,3,linux,BIC
d94b2d00f7bfa0c555e7b8724b1faa037d57d150,0,18,0,3,linux,BFC
6c591eec67cbb4db988ab35b944f5cf9013c0714,34,14,6,3,linux,BIC
befa09b61f8bf1d7c34b8e6405f08d804640573c,0,2,1,1,linux,BFC
885872b722b73b2026a48bdff4621f289be2b044,43,0,0,1,linux,BIC
4520af41fd21863d026d53c7e1eb987509cb3c24,26,6,14,3,linux,BIC
f7225a832dde995325b486b41728dfbe4634311c,360,0,0,2,linux,BIC
12913f7459348323e2c22dbd48be0c9e6213d892,0,0,1,1,linux,BFC
c2de37b31f178c4a4164751e9fef19acd3ceb913,1,1,8,1,linux,BIC
ad428cdb525a97d15c0349fdc80f3d58befb50df,18,0,10,1,linux,BIC
9c9cb23e00ddf45679b21b4dacc11d1ae7961ebe,1,0,0,1,linux,BFC
a33e1ece777996ddddb1f23a30f8c66422ed0b68,6,6,0,1,linux,BFC
5d765a5e4bd7c368e564e11402bba74cf7f03ac1,4,0,0,1,linux,BFC
c2c446ad29437bb92b157423c632286608ebd3ec,48,17,154,25,linux,BIC
3e0249f9c05cb77b66f7f09644ca9ca208d991a9,76,6,49,4,linux,BIC
909a0a189c677307edd461e21fd962784370d27f,0,0,4,1,linux,BFC
da52f8ade40b032eb8111a0fd514c8ac5f8f0f1b,75,7,14,3,linux,BIC
2d9bbd02c54094ceffa555143b0d68cd06504d63,0,0,1,1,linux,BFC
5981fe5b0529ba25d95f37d7faa434183ad618c5,0,0,1,1,linux,BFC
9dfb3b8d655022760ca68af11821f1c63aa547c3,1,0,0,1,linux,BFC
3d8acd1f667b45c531401c8f0c2033072e32a05d,0,0,1,1,linux,BFC
6622e3a73112fc336c1c2c582428fb5ef18e456a,14,0,0,1,linux,BFC
2ccbe2cb79f2f74ab739252299b6f9ff27586f2c,2,0,2,2,linux,BFC
3e85b81591609bb794bb00cd619b20965b5b38cd,14,0,0,1,linux,BFC
6564d0ad67efb2d977e130e7448505ee538af016,2,0,8,1,linux,BFC
dde7b3f5f2f458297aeccfd4783e53ab8ca046db,1,0,0,1,linux,BFC
842bb5135f1016151235413726e4956210a79664,0,4,13,2,linux,BIC
eb0782bbdfd0d7c4786216659277c3fd585afc0e,9,0,9,1,linux,BFC
e5f8efa5c8bf86c1fa698551d54db8f6aee221fd,402,0,0,2,linux,BIC
cf5046b309b3a05c444a8edba6b44108510b7d7d,8,0,2,2,linux,BIC
341abd693d10e5f337a51f140ae3e7a1ae0febf6,1,0,0,1,linux,BFC
c294554111a835598b557db789d9ad2379b512a2,3,2,9,2,linux,BFC
78edeb080330ca2bc6c9b20d388c8ceb7a2ef8c0,18,0,2,1,linux,BIC
c8f005684c98f4d9942baec13ad98054dbf312a0,1,0,2,1,linux,BFC
d72e91efcae12f2f24ced984d00d60517c677857,0,1,0,1,linux,BFC
34c4e4072603ff5c174df73b973896abb76cbb51,2,0,1,1,linux,BFC
d2e5f0c16ad60a7208fd371233e63b73c990ece2,34,36,2,7,linux,BIC
20779943a080c5ac9b9e291b76afbac12fdec023,5,32,81,1,linux,BIC
e341694e3eb57fcda9f1adc7bfea42fe080d8d7a,42,118,77,3,linux,BIC
96bc818397017aa919d3390af14ade39206322d5,0,0,1,1,linux,BFC
06369bcc15a1620930a17fb35e26477504cd2255,147,0,0,1,linux,BIC
2a41d15b7906e8f749d3656e1bdc2a5ee7dd65ff,0,0,2,1,linux,BFC
1b04fa9900263b4e217ca2509fd778b32c2b4eb2,27,3,1,3,linux,BFC
86be7f7b2d940ddc18143061e77989b017d93bf8,1,0,0,1,linux,BFC
d5970045cf9e266d9a43941ac0866865fd22a36a,24,0,5,2,linux,BIC
d038fc7e4fff14d6b026130007faef35cbf5e956,0,5,1,1,linux,BFC
6c7d46fdb8165ece4b0a17fb8f0b9320dbfeffc2,0,0,1,1,linux,BFC
b461dfc49eb6fbabc60b9dad476e787ada56b7b4,31,0,0,2,linux,BIC
276e189f8e4e3cce1634d6bac4ed0d9ca242441b,2,0,0,1,linux,BFC
d86fd113ebbb37726ef7c7cc6fd6d5ce377455d6,1,0,0,1,linux,BFC
6ce4431c7ba7954c4fa6a96ce16ca1b2943e1a83,17,0,8,2,linux,BFC
810e4425c224af6be67dff68c8832af1b5a11f89,0,0,1,1,linux,BFC
04eae427406ef6af9b05bd631e235f4a509666b1,13,0,0,2,linux,BFC
1f4c6eb24029689a40dceae561e31ff6926d7f0d,8,1,4,1,linux,BIC
56f6d5aee88d129b2424902cd630f10794550763,700,0,0,3,linux,BIC
597f500fde76e129b51a5719da9e3df84acfb939,2,0,3,1,linux,BFC
4eb582cf1fbd7b9e5f466e3718a59c957e75254e,33,0,7,5,linux,BIC
0e3fb6995bfabb23c172e8b883bf5ac57102678e,0,0,1,1,linux,BFC
b1f9e5e355e909000fcccfd2bc31f7c1ded358ab,5,0,4,1,linux,BFC
dba328bab4c6fa4ec1ed3be616f7196865f2ce41,1,4,9,1,linux,BIC
65e8617fba17732b4c68d3369a621725838b6f28,0,0,36,14,linux,BIC
b97cb21a46341575c6cbe3d327a08b99030c3aee,0,0,2,1,linux,BIC
581738a681b6faae5725c2555439189ca81c0f1f,19,0,0,1,linux,BIC
7292b9e6586534fb43e4316ad8b508bf3d1212f7,2,0,1,1,linux,BFC
3ee22b769fd761c98eeaceab49153c3eb7612821,13,0,0,1,linux,BFC
6fb0701a9cfa248f1c1e5dfde15c4d79bb1bdc69,3,0,1,2,linux,BIC
17ce1eb0b64eb27d4f9180daae7495fa022c7b0d,3,0,1,1,linux,BFC
5f490c9680561e31bf0003693f20e0c7333bbeff,11,4,1,1,linux,BIC
f77d443c4c299aff5ad9c74811dd063f4d8bebcf,12,0,7,1,linux,BIC
20dde50ffe26be9cd446932e3eaf3f7d7db97423,0,6,0,1,linux,BFC
21d139d73f776aed1e86f3175a1e9fb8a10930c7,0,0,1,1,linux,BFC
4759c11ed20454b7b36db4ec15f7d5aa1519af4a,9,0,2,2,linux,BFC
9de9a449482677a75f1edd2049268a7efc40fc96,0,0,6,1,linux,BFC
94b7cc01da5a3cc4f3da5e0ff492ef008bb555d6,0,0,2,1,linux,BFC
0265d6e8ddb8901c2c03d09f9444f382a60ba6b1,1,3,2,1,linux,BIC
bbb163e18960a90b0c5974fe448ad78a5df8e5d7,30,0,0,6,linux,BIC
4f757f3cbf54edef7b75c68d6d6d2f1a0ca08d2e,43,0,7,3,linux,BIC
612e048e6aabbc5d042140c0ec494753f36bdfe6,17,3,0,1,linux,BIC
ebf79b6be67c0a77a9ab7cdf74c43fd7d9619f0c,0,0,2,1,linux,BFC
72a5af554df837e373efb0d6c8fc68c568f9a7ac,159,0,5,3,linux,BIC
9fb9d755fae20b5ad62ef8b4e9289e5baea2c6fc,0,0,1,1,linux,BFC
0726ed3065eeb910f9cea0c933bc021a848e00b3,2,0,0,1,linux,BFC
e649f7ec8c5f776dd7e9fbeb18ca5f4e8ce85922,0,0,1,1,linux,BIC
6ec1cbf6b12531a794bbc007fbf6e74edf7fc93c,22,0,21,5,linux,BIC
77588c14ac868caece82fddbfae7de03b2cec941,50,0,24,14,linux,BIC
5927268f5a04c3b25683e52a0017aa5a9e8eee70,10,0,1,1,linux,BIC
bfd20f1cc85010d2f2d77e544da05cd8c149ba9b,22,0,0,3,linux,BIC
9014143bab2f3bc0b9e5db3bc8d00e2a43e50fbd,0,12,0,1,linux,BFC
46394fd017c0615982a3d29d45ced14bea9c526d,5,13,4,3,linux,BIC
73f54d5d968264148ef81941d9dc07e35025a120,0,11,1,1,linux,BIC
30ce0de435603da84412f07fa7f097b4c1c7b15f,4,0,0,1,linux,BFC
1c48c759ef4bb9031b3347277f04484e07e27d97,259,0,0,1,linux,BIC
dfbaecb2b707cfdc5276b548d52b437384bd6483,0,0,2,1,linux,BFC
a86675968e2300fb567994459da3dbc4cd1b322a,0,13,0,1,linux,BFC
8090f7eb318d4241625449252db2741e7703e027,2,0,1,1,linux,BFC
1cffb1c66499a9db9a735473778abf8427d16287,3,0,3,1,linux,BFC
bc8d062c36e3525e81ea8237ff0ab3264c2317b6,1,0,1,1,linux,BFC
0934ad42bb2c5df90a1b9de690f93de735b622fe,0,0,1,1,linux,BFC
d6aca3504c7ded5f4f46957e3685b9344d9743dd,320,0,0,2,linux,BIC
ed2abfebb041473092b41527903f93390d38afa7,4,0,1,1,linux,BFC
f86726a69dec5df6ba051baf9265584419478b64,71,6,8,4,linux,BFC
67d874c3b2c69d65274fa5ce44ba939788d5729d,99,21,9,2,linux,BIC
e5e68930263377c6d4f6da0ff06f36b55d83a83f,54,32,11,3,linux,BIC
b87ea759a4cc2cae359288f003aae6a027330860,0,15,21,1,linux,BIC
a4e82a81f57387803f950cc3d9d112bcc5553a3d,853,0,14,14,linux,BIC
9403f9a42c881d59396a454347540108d787685f,0,13,20,15,linux,BIC
5b0d62108b468b13410533c0ceea3821942bf592,18,0,1,1,linux,BIC
a77c2af0994e24ee36c7ffb6dc852770bdf06fb1,0,0,4,1,linux,BFC
22b68b93ae2506bd56ee3bf232a51bc8ab955b56,1,0,1,1,linux,BFC
1554b989e58c8e5327da5391ea66b6b166f09d8e,0,0,1,1,linux,BFC
1a42010cdc26bb7e5912984f3c91b8c6d55f089a,12,291,0,2,linux,BIC
060a0fb721ec5bbe02ae322e434ec87dc25ed6e9,0,3,0,1,linux,BFC
78137e3b34e122949e6de36a894fb5843664b8f9,15,0,15,1,linux,BIC
be0726d33cb8f411945884664924bed3cb8c70ee,42,50,50,4,linux,BIC
d7d0e73f7de33a2b9998b607707a3e944ef3b86d,781,0,0,2,linux,BIC
505b5b1616e200042999de715dbe7c1e2735cd65,1,0,0,1,linux,BFC
3d8c51b25a235e283e37750943bbf356ef187230,5,0,5,3,linux,BFC
4a90f09b20f4622dcbff1f0e1e6bae1704f8ad8c,150,45,163,37,linux,BIC
52f325f4eb321ea2e8a0779f49a3866be58bc694,27,0,13,1,linux,BFC
e2de925bbfe321ba0588c99f577c59386ab1f428,0,1,1,1,linux,BFC
62e5a7e2333a9f5395f6a9db766b7b06c949fe7a,11,0,2,1,linux,BFC
74b6d7d13307b016f4b5bba8198297824c0ee6df,0,0,1,1,linux,BFC
356b94a32a75203616e5a7c3cd2b19101bc87086,0,0,1,1,linux,BIC
9c140d9926761b0f5d329ff6c09a1540f3d5e1d3,764,0,0,1,linux,BIC
ee0629cfd3c16c716801c84e939ff5db5e23f54d,14,5,84,1,linux,BIC
24ba613c9d6cad315f484e658288db152f1dc447,482,0,0,2,linux,BIC
9e271ae27e4407388c5b25c747abc25c07838b0b,13,13,0,1,linux,BIC
1bc95972715ab81fd3fa9f5b45ace5bb607af1b5,120,0,0,1,linux,BIC
7235db268a2777bc380b99b7db49ff7b19c8fb76,48,0,33,7,linux,BIC
d66280b12bd7ad6345df4dee2ee1c20f5902242d,51,2,18,1,linux,BIC
53ae298fde7adcc4b1432bce2dbdf8dac54dfa72,0,0,1,1,linux,BFC
717df0f4cdc9044c415431a3522b3e9ccca5b4a3,0,33,3,1,linux,BFC
89861c485c6a384e298fb78660d6a773339e42b1,18,17,0,2,linux,BFC
e3338205f0c700caae52a36cd0e3a815e6efd281,0,0,1,1,linux,BFC
7264aebb81d15aa6bbed650c816bba90f026bc35,0,0,1,1,linux,BFC
24cddbc3ef11515e3e9ef43d37cab5cbcb1d75b3,2,70,103,1,linux,BIC
9882d63bea14c8b3ed2c9360b9ab9f0e2f64ae2b,0,21,1,1,linux,BIC
fc7100ea2a52fcf200be75421bfd32652827d287,138,55,18,4,linux,BIC
7b9c90e3e6a13d89048717f846ba664dfbd4c6c7,0,0,1,1,linux,BFC
bb8958d5dc79acbd071397abb57b8756375fe1ce,2,0,0,1,linux,BFC
ee7c10e10b632e2319ed1d2d49d63df51a611e62,4,0,0,1,linux,BFC
82f6e266f8123d7938713c0e10c03aa655b3e68a,0,0,2,1,linux,BFC
b82fcabe212a11698fd4b3e604d2f81d929d22f6,2,0,7,1,linux,BFC
bbcb03a97ffe49169f02d34eff2ced56ddaafb4f,1,2,0,1,linux,BFC
93b8a7ecb7287cc9b0196f12a25b57c2462d11dc,0,0,1,1,linux,BFC
4023f301d28fb18aac225fef59592a44b9fd42b3,64,0,9,1,linux,BIC
9c019e2bc4b2bd8223c8c0d4b6962478b479834d,4,0,2,1,linux,BIC
96cb8e3313c7a12e026c1ed510522ae6f6023875,795,0,0,2,linux,BIC
fdb7eb21ddd3cc07b8120b6f5cc0b279a0ed198e,2,2,0,1,linux,BIC
5a57a304315c09f9f93b7b7230a5038555e7fcf9,5,0,0,1,linux,BFC
515626a33a194c4caaf2879dbf9e00e882582af0,0,0,1,1,linux,BFC
3000ce3c52f8b8db093e4dc649cd172390f71137,11,11,103,10,linux,BIC
8bae455e57f1d44fff891a7334d19328b0203e4c,0,5,0,1,linux,BFC
52525b7a3cf82adec5c6cf0ecbd23ff228badc94,20,0,0,2,linux,BIC
3849e91f571dcb48cf2c8143480c59137d44d6bc,13,0,0,1,linux,BIC
4c50e1e3e2c29899c0226f7ad56d7266e814f2b3,0,1,1,1,linux,BFC
cb74635faa17cfa2991ddbe027596270af525c6d,0,0,1,1,linux,BFC
e60514bd4485c0c7c5a7cf779b200ce0b95c70d6,1,0,0,1,linux,BIC
b63c4c2718d641ba9bec888994f0cb0c23a1ef45,0,0,3,1,linux,BFC
c33d6c06f60f710f0305ae792773e1c2560e1e51,8,5,35,5,linux,BIC
a4c8723a162e6244fb01944fbf446750575dba59,0,1,0,1,linux,BFC
e5a55a898720096f43bc24938f8875c0a1b34cd7,95,47,13,5,linux,BIC
3aa551c9b4c40018f0e261a178e3d25478dc04a9,243,1,16,8,linux,BIC
81cf4a45360f70528f1f64ba018d61cb5767249a,23,0,4,2,linux,BIC
8fb6c44fe8468f92ac7b8bbfcca4404a4e88645f,11,0,1,1,linux,BFC
9f7afa05c9522b086327929ae622facab0f0f72b,0,0,1,1,linux,BFC
0354aec19ce3d355c6213b0434064efc25c9b22c,0,0,2,1,linux,BFC
5128b18522e143e634712ceef6a007333b8c7439,0,0,1,1,linux,BFC
72c77b7ea9ce781f4987840984a462e4456ba98e,43,13,20,1,linux,BIC
26792526cc3e29e3ccbc15c996beb61fa64be5af,3,60,5,5,linux,BFC
aa3463d65e7b9f5ae322db4a12214c2cb041bc8e,140,0,1,2,linux,BIC
e68d0119e3284334de5650a1ac42ef4e179f895e,56,0,9,2,linux,BIC
9c276cc65a58faf98be8e56962745ec99ab87636,228,0,4,10,linux,BIC
d733f7542ad47cf73e033c90cf55158587e1d060,9,0,13,1,linux,BFC
f044a84e040b85cd609851ac88ae8b54b2cc0b75,0,0,1,1,linux,BFC
e74c6aa955caedd06b5ade58e31e33338e4efde6,11,0,14,3,linux,BIC
4d96f9109109be93618050a50cabb8df7c931ba7,5,7,22,9,linux,BIC
8454f880c24bca0d9d4bfb6ed4a4a5429a4d9b20,0,0,1,1,linux,BFC
6f7db75e1c469057fe7588ed959328ead771ccc7,291,0,1,4,linux,BIC
b47a98efa97889c5b16d17e77eed3dc4500674eb,4,0,0,1,linux,BFC
e8ebedbf3131ce2db0c7092a27f752ab365eef53,1,0,0,1,linux,BIC
7d8a3a477b3e25ada8dc71d22048c2ea417209a0,9,0,11,4,linux,BFC
ea8b65b596d78969629562f9728f76cbf565fbec,76,0,0,3,linux,BIC
546a42410bf76075e157dbdd94c097b3bc44b25a,1,0,0,1,linux,BFC
e166e4fdaced850bee3d5ee12a5740258fb30587,3,0,0,2,linux,BFC
11093cb1ef56147fe33f5750b1eab347bdef30db,25,0,34,1,linux,BIC
d4fefa4801a1c2f9c0c7a48fbb0fdf384e89a4ab,1,1,1,1,linux,BFC
466f4528fbc692ea56deca278fa6aeb79e6e8b21,94,10,66,1,linux,BIC
86213f80da1b1d007721cc22e04b5f5d0da33127,1,3,0,1,linux,BFC
2b528fff0905497c96566d671d47f2bbf3ae295c,2,0,0,1,linux,BFC
54b909436ede47e0ee07f1765da27ec2efa41e84,0,0,2,1,linux,BFC
9cf35f673583ccc9f3e2507498b3079d56614ad3,1,0,2,1,linux,BFC
eb4cb85180cd3baee4a01fd32e296fc28c2cffc1,0,0,1,1,linux,BFC
971b750d31079e13c18e4ac335804401cfeb189d,0,0,1,1,linux,BFC
e7904a28f5331c21d17af638cb477c83662e3cb6,72,0,68,9,linux,BIC
6402528b7a0bf9869aca1f7eed43b809d57f0ae5,727,0,28,5,linux,BIC
53faea3d9a77cb429a2b167a1cb22aab400b3780,0,0,2,1,linux,BFC
0805a4b894a8daaf76ad99934563d8ecfc6e7aed,0,0,1,1,linux,BFC
a95fe067825526b10c8a165df2d77db1ddce42fa,3,0,0,1,linux,BFC
fb28ad35906af2f042c94e2f9c0f898ef9acfa37,1,3,38,25,linux,BIC
3b18d5eba491b2328b31efa4235724a2354af010,6,0,2,1,linux,BFC
b5a9ee7cf3be118ad9064583c2a0f10195ca422a,461,99,204,15,linux,BIC
65ad3ef9fced4062dfd74e2f89443fb5ce184321,17,0,0,2,linux,BFC
3ee9e605caea401b060a1f9f81343b8bd0952fbd,0,0,2,1,linux,BIC
996d585b079ad494a30cac10e08585bcd5345125,2,0,0,1,linux,BFC
9f1ee7b169afbd10c3ad254220d1b37beb5798aa,0,0,1,1,linux,BFC
5bed21af0005cc7d8bb05d2c4a63afbcede23382,1,0,1,1,linux,BFC
1b115498598f25d578cfc0df7b7aea9772bae0a1,13,0,3,1,linux,BIC
01d2f7e2cdd31becffafa0cb82809a5e36558ec0,36,0,4,2,linux,BIC
8244a3bc27b3efd057da154b8d7e414670d5044f,2,0,2,1,linux,BFC
ee6df5694a9a2e30566ae05e9c145a0f6d5e087f,3,0,1,1,linux,BFC
00a33be406349ae04a676e05c535987750f838ca,52,0,0,1,linux,BIC
99975cd4fda52974a767aa44fe0b1a8f74950d9d,0,0,1,1,linux,BFC
86de88cfeb7cf33c7bbd18360e041c7d4e651bba,18,0,9,3,linux,BFC
b435ecea2a4d0b5cd5be2c5497c3461435f3f3a7,12,3,0,3,linux,BIC
8289c4b6f2e53750de78bd38cecb6bce4d7a988c,0,0,1,1,linux,BFC
383d0350f2cc5e5b3a2003c46e15c0b98432037b,188,66,58,3,linux,BIC
8097c43bcbec56fbd0788d99e1e236c0e0d4013f,0,3,2,1,linux,BFC
03f11f03dbfe37c0bff2768b8f2e277a29ac62b9,3,0,0,1,linux,BIC
63e7f1289389c8dff3c766f01ac1cc1c874b2ba5,2,0,2,1,linux,BFC
40db173965c05a1d803451240ed41707d5bd978d,20,0,2,4,linux,BIC
c2f83143f1c67d186520b72b6cefbf0aa07a34ee,1,0,0,1,linux,BFC
3bf6b57ec2ec945e5a6edf5c202a754f1e852ecd,0,0,2,1,linux,BFC
a6a52579e52b55448326db88bd9a5740e7c1a037,7,0,4,2,linux,BIC
7128c834d30e6b2cf649f14d8fc274941786d0e1,0,0,1,1,linux,BFC
65ac1a60a57e2c55f2ac37f27095f6b012295e81,39,0,12,1,linux,BFC
1cc54078d104f5b4d7e9f8d55362efa5a8daffdb,3,3,1,1,linux,BFC
12f727721eee61b3d19dedb95cb893b2baa9fe41,2,2,18,3,linux,BIC
52916982af48d9f9fc01ad825259de1eb3a9b25e,745,0,0,5,linux,BIC
044012b52029204900af9e4230263418427f4ba4,0,0,2,1,linux,BFC
0bfdf598900fd62869659f360d3387ed80eb71cf,1,4,1,2,linux,BFC
75016891357a628d2b8acc09e2b9b2576c18d318,3,0,1,1,linux,BFC
03414a49ad5f3c56988c36d2070e402ffa17feaf,3,33,113,8,linux,BIC
f81b846dcd9a1e6d120f73970a9a98b7fcaaffba,0,4,1,1,linux,BFC
a9e9b091a1c14ecd8bd9d3214a62142a1786fe30,1,0,0,1,linux,BFC
9a1b6bf818e74bb7aabaecb59492b739f2f4d742,6,0,6,2,linux,BIC
ffc2760bcf2dba0dbef74013ed73eea8310cc52c,2,1,5,1,linux,BFC
855feb6736403f398dd43764254c5f0522bfc130,43,5,24,9,linux,BIC
ee71fb6c4d99c51f2d82a32c503c872b7e40e7f7,1,0,0,1,linux,BFC
d65237c7f086042b5630d94fe2d151f62c09f723,13,0,2,4,linux,BIC
f80cfe2f26581f188429c12bd937eb905ad3ac7b,2,0,0,1,linux,BFC
e4e70a147a48618a36ae1b81c641516cb9d45993,7,0,0,1,linux,BFC
d285f52cc0f23564fd61976d43fd5b991b4828f6,1,0,2,1,linux,BFC
4f29b663c08d369fe320a148179996c94cf7d01b,0,0,2,1,linux,BFC
e918e570415ced9898a51109000a3f39a6e03be5,0,1,0,1,linux,BIC
d59f6617eef0f76e34f7a9993f5645c5ef467e42,108,0,14,2,linux,BIC
8a929c9eb1c298e7f12ce9062e57bd00d2c40bc3,10,0,5,1,linux,BIC
db91651311c8b89978b17d27634582c28c33363e,42,0,0,2,linux,BIC
656409bbaf8792c015708e567d4ebcd7fb4e7728,489,0,17,4,linux,BIC
ca98d72141dd81f42893a9a43d7ededab3355fba,0,0,1,1,linux,BFC
1489bbd10e16079ce30a53d3c22a431fd47af791,1,0,4,1,linux,BFC
21b5944350052d2583e82dd59b19a9ba94a007f0,0,0,1,1,linux,BFC
bc9f6e94bcb5652860c1b3bc82ca27697c496b4d,28,6,6,1,linux,BIC
0e4f7f920a5c6bfe5e851e989f27b35a0cc7fb7e,9,0,2,1,linux,BFC
0c18f29aae7ce3dadd26d8ee3505d07cc982df75,9,5,0,1,linux,BFC
3a6bdda0b58bab883da8dc3a0503e2a13b9d7456,1,0,0,1,linux,BFC
45ec318578c0c22a11f5b9927d064418e1ab1905,11,17,0,1,linux,BFC
8058bd0faad860e75547cc5cb5d4ade016247a79,2,2,0,1,linux,BFC
a6aa7c8f998f4afddd73410aa043dad38162ce9e,31,0,1,1,linux,BFC
1122eac19476c5ccf200009d4e4dc9b11458019c,10,0,1,2,linux,BFC
8f4caef8d5401b42c6367d46c23da5e0e8111516,0,0,2,1,linux,BFC
5372e054a1928fe704cf0a5e2e139645a777b50a,1,0,0,1,linux,BFC
0db1a5f8706a8cfb905b9cf3607c2ad626e7bff1,5,0,0,2,linux,BIC
f691eaa4801484fffc8a2bcb24caa27fb2edcce3,2,0,2,1,linux,BFC
10f7b40e4f3050cd22a161f46a47564e8c5ce91f,116,0,4,2,linux,BIC
41082d66bfd6fafe001c0902bb4622d7aee6f128,1455,0,0,1,linux,BIC
b61a28cf11d61f512172e673b8f8c4a6c789b425,0,0,1,1,linux,BIC
fadd59fc50d010145f251db583c7ccef37393d19,309,0,3,4,linux,BIC
000baa5dfd99abe8a6e4ddbe900be5a570a1e20c,6,6,0,1,linux,BFC
114427b8927a4def2942b2b886f7e4aeae289ccb,0,0,2,2,linux,BFC
0431100b3d82c509729ece1ab22ada2484e209c1,2,1,1,1,linux,BFC
415bb699d793f7ad9c67c04a766d1e655fa6b203,0,9,0,2,linux,BFC
b6ee376cb0b7fb4e7e07d6cd248bd40436fb9ba6,0,0,1,1,linux,BFC
5ae63958a6dea78467c95f1669a4f0affa59935b,0,0,14,2,linux,BFC
f40f73075c59b0d847eadbada9ec5c0d0142b107,0,0,1,1,linux,BFC
d972b0523fa99358b2a0bafd85fe913b5d4b150a,4,10,10,1,linux,BIC
0df874c6712d9aa8f43c50ec887a21f7b86fc917,0,0,1,1,linux,BFC
5bc5588466a1f8b48fb04f56c46474a30508a3d6,17,8,36,7,linux,BIC
e54e4785cb5cb4896cf4285964aeef2125612fb2,2,0,2,2,linux,BFC
d0565132605f454179699a1b8a3276fc0f8cc87b,2,1,2,2,linux,BIC
43ff98695cc01779407d489fd546359c188222b4,4,0,3,1,linux,BFC
76f17d8ba1cbc3d2786955b2f15e071da93527cd,0,0,0,1,linux,BFC
d6fb396cfaa71afc9f38d573b8ec6409fe3716de,8,0,11,5,linux,BFC
055634e4b62f109a47727c2c50586e2e318595a9,91,0,0,3,linux,BIC
6d25be5782e482eb93e3de0c94d0a517879377d0,27,78,21,3,linux,BIC
74c2e93600581d80695604126a3725a157d0ab72,51,23,16,4,linux,BIC
e92ce317fbeb79d1e3869324059e1a47294dab18,22,0,0,1,linux,BFC
71491c54eafa318fdd24a1f26a1c82b28e1ac21d,3,0,0,1,linux,BIC
acbef7b7662953cec96c243db4009ac561d88989,45,24,0,1,linux,BFC
28c9fac09ab0147158db0baeec630407a5e9b892,0,0,1,1,linux,BFC
02c7b25e5f54321b9063e18d4f52cce07f8e081d,404,494,0,9,linux,BIC
53342023eed997503c497cedc18b0441b0674b6e,174,0,1,2,linux,BIC
f25319d2cb439249a6859f53ad42ffa332b0acba,0,0,1,1,linux,BFC
bb3c4ab93e44784c1e958bdbba7824bba40f23cd,16,0,1,2,linux,BIC
a8ea6fc9b089156d9230bfeef964dd9be101a4a9,0,0,1,1,linux,BFC
ba26621e63ce6dc481d90ab9f6902e058d4ea39a,2,43,6,2,linux,BIC
640a5fa50a42b99bfa2a0ec51b4ea9591d9bd055,274,0,37,2,linux,BIC
0f10425e811355986907c54f7d1d06703e406092,1,0,0,1,linux,BFC
6798df4c5fe0a7e6d2065cf79649a794e5ba7114,1,0,2,1,linux,BFC
be28c1e3ca29887e207f0cbcd294cefe5074bab6,4,0,3,1,linux,BFC
a8967967f6a5543e1f417b5300d3fed4f9bce1de,34,0,46,1,linux,BIC
aecc5cefc389735b5327d234e11d1fe505e1c280,20,0,0,1,linux,BIC
4ccdcc8ffd955490feec05380223db6a48961eb5,0,1,1,1,linux,BFC
7029e783027706b427bbfbdf8558252c1dac6fa0,0,0,1,1,linux,BFC
6840f9094f2bd788a316d8cb0a4e42538d3e47dd,1,0,0,1,linux,BFC
6a299d7aaa97dfde5988d8f9e2fa2c046b5793ff,7,1,0,2,linux,BFC
ae05831424ed99f1432492d6df7e8bfe139d2449,12,0,6,1,linux,BIC
11f3b84d7068397df9f329b8bcf1177507061938,39,26,15,1,linux,BIC
db7ffee6f3eb3683cdcaeddecc0a630a14546fe3,2,0,0,1,linux,BFC
4c888e7bd26f58deb27c2e6ddc90000b89ee9393,2,12,33,2,linux,BFC
4201c7464753827803366b40e82eb050c04ebdef,203,215,51,5,linux,BIC
d6f3710a56e10b42945ed2dbcca71d2748174299,869,0,0,4,linux,BIC
1a36d7fadd1477761dc8b4fc8910d1defc31fad5,2,0,4,2,linux,BIC
e3f56b2953ec8160629295bc2be0c8d3b8f4d1d3,1,0,2,1,linux,BFC
ce5b009cff1961137127edf91f44effd0eec8ffd,17,2,3,3,linux,BIC
11143c19eb57a8aee4335e57b21f2897b9fff294,279,0,0,1,linux,BIC
5e6a98dc4863e50a010ebdf09fa63c1e11929a85,126,0,7,4,linux,BIC
a870a02cc963de35452bbed932560ed69725c4f2,1,0,7,1,linux,BIC
f12e4f66ab6a31f17da386b682e5fec87ae46537,15,0,2,1,linux,BIC
64aba9bca5bd8d0957b0410bdfa192afb1fcb267,25,0,1,1,linux,BIC
f275a4659484716259cc46268d9043424e51cf0f,12,0,0,1,linux,BFC
6e4bd50f3888fa8fea8bc66a0ad4ad5f1c862961,1,0,6,1,linux,BFC
3de03596dfeee48bc803c1d1a6daf60a459929f3,2,0,1,1,linux,BFC
90c68a41db7d02ac031e612c0c97147a58e20515,9,0,4,3,linux,BFC
cd4bb2a3344cb53d9234cca232edfb2dce0f0a35,0,1,2,1,linux,BFC
3bef735ad7b7d987069181e7b58588043cbd1509,1,0,2,2,linux,BFC
b4b29f94856ad68329132c2306e9a114920643e3,2,0,3,1,linux,BFC
de04241ab87afcaac26f15fcc32a7bd27294dd47,4,0,3,2,linux,BFC
e638a83f167ee9c4abd3faa3be460afe5a688490,232,0,4,3,linux,BIC
f26cdadad729743888eb4ac2c17eac3cf845b493,2,0,0,1,linux,BFC
72b30e986d2527c023de455d55570e2d32494839,0,3,0,2,linux,BFC
149e566fef8120a00c49f24e8f570186200e1e81,31,0,2,2,linux,BIC
8aaeed81fcb917b5cf4976932c5baefa1471128b,3,1,1,1,linux,BFC
94f8dfc6cdfc3c48c3aea59ce528fa93cb54a69f,7,0,0,1,linux,BFC
b6b80c78af838bef17501416d5d383fedab0010a,4,0,6,1,linux,BIC
c2b27ef672992a206e5b221b8676972dd840ffa5,4,0,0,2,linux,BIC
ad715b268a501533ecb2e891a624841d1bb5137c,2,0,0,1,linux,BFC
1d2c0c565bc0da25f5e899a862fb58e612b222df,0,1,2,1,linux,BFC
4ba9e516573e60c471c01bb369144651f6f8d50b,0,0,1,1,linux,BFC
c5c403dc43365d1669e5a36829356b1bfddbd39e,417,0,2,4,linux,BIC
6c8774a94e6ad26f29ef103c8671f55c255c6201,3,0,7,2,linux,BFC
e3b4f79025e0a4eb7e2a2c7d24dadfa1e38893b0,2,4,3,1,linux,BFC
51d87bc2bfa7ff5381941654738540fb23cc5f6a,0,0,3,1,linux,BFC
283dd11994cde99447a6dac203d96c0800e85e82,48,8,1,3,linux,BIC
a8c64542b478e61fa17661803b590ed276205914,13,28,49,2,linux,BFC
02dd95fe316936269a52d6ccb971bb956412b40a,1112,0,0,2,linux,BIC
40260b01d029ba374637838213af500e03305326,0,0,1,1,linux,BFC
22ca904ad70afc831d8503e80be1b6558a978759,2,0,1,1,linux,BFC
c82318254d15e5f83c75f60aedf2bb9eb408308f,0,2,1,1,linux,BIC
e14f633b66902615cf7faa5d032b45ab8b6fb158,2,0,0,1,linux,BFC
65ac74f1de3334852fb7d9b1b430fa5a06524276,0,0,8,1,linux,BFC
bee55f2e7a44e7a7676e264b42f026e34bd244d9,40,0,0,1,linux,BFC
d838a110f0b310d408ebe6b5a97e36ec27555ebf,6,0,0,1,linux,BFC
39100ceea79ff2efeb2fb094baf120c73d5ccf47,29,0,12,2,linux,BIC
df964016490b2cf630b1b926a1d5c610833aaa84,18,11,0,4,linux,BIC
c6cd0eefb27b47a3f67ec0adbea14b4f97d72ec9,29,33,7,1,linux,BIC
6610e0893b8bc6f59b14fed7f089c5997f035f88,336,138,92,4,linux,BIC
e54945ae947fb881212a4b97d5599a01bba6ad06,11,0,7,1,linux,BIC
d41efb522e902364ab09c782d511c1bedc388ddd,7,14,9,2,linux,BIC
2058cc9c8041fde9c0bdd8e868c72b137cff8563,15,0,0,1,linux,BFC
cec4e9b28ffbcb9ce04b9e33946c505e5ad7a295,0,0,1,1,linux,BFC
833a426cc471b6088011b3d67f1dc4e147614647,6,0,11,1,linux,BFC
d1c263a031e876ac3ca5223c728e4d98ed50b3c0,46,0,18,1,linux,BIC
e81fb4198e27925b151aad1450e0fd607d6733f8,4,5,21,13,linux,BIC
a54dc27bd25f20ee3ea2009584b3166d25178243,0,0,1,1,linux,BFC
2cb161094ef940f191cf60cd512783269572b4a7,0,0,1,1,linux,BFC
9d1be4f4dc5ff1c66c86acfd2c35765d9e3776b3,4,4,4,2,linux,BFC
60a27b906d1a372474669c914c10d6c993858a4a,1,0,1,1,linux,BFC
cd6fb677ce7e460c25bdd66f689734102ec7d642,2,0,0,1,linux,BFC
586a2c52909df453ed1b6239283744b0851ccf81,1,7,2,1,linux,BIC
577729533cdc4e37a8c230e404a44ad7a3ff4eda,188,0,0,1,linux,BIC
e1cbfd7bf6dabdac561c75d08357571f44040a45,19,0,2,1,linux,BIC
7ce86409adcd2fda652b628173a66e905950ece1,90,0,1,2,linux,BIC
a7588c896b05444929ecb3d0115481988720abf6,0,3,4,2,linux,BIC
463e270f766aa8dd2b782d4b8bd87260eb595aa2,468,0,0,1,linux,BIC
28e6b67f0b292f557468c139085303b15f1a678f,8,1,5,2,linux,BFC
fa7c0d13cb26216f6dec5ef19e028e68b300530d,703,0,0,1,linux,BIC
be1cb55a07bfc528d826962f1e421a44ed5f8311,264,98,25,12,linux,BIC
a7bea8308933aaeea76dad7d42a6e51000417626,0,0,1,1,linux,BIC
01d76b5317003e019ace561a9b775f51aafdfdc4,3,2,3,1,linux,BFC
3dff7c6e37499c87a7ba3f728b2ad1775cbbf725,51,0,0,4,linux,BIC
e6e7376cfd7b3f9b63de3a22792f64d9bfb2ab53,732,0,0,1,linux,BIC
729cac693eecfebdb9e152eaddddd358ae2decb7,63,68,76,2,linux,BIC
4d172f21cefe896df8477940269b8d52129f8c87,4,0,1,1,linux,BIC
912b1c89c5043e163f8cfa568512a131976121b2,0,2,1,1,linux,BFC
a14fbcd4f157a5a97b6013289205559d246c5021,1,0,1,1,linux,BFC
8133534c760d4083f79d2cde42c636ccc0b2792e,2,0,4,1,linux,BIC
dbf9bfe615717d1145f263c0049fe2328e6ed395,8697,0,0,10,linux,BIC
54f7815efef7fad935fdf73dfd8b3116568f2f35,19,9,11,1,linux,BIC
ccc9d90a9a8b5c4ad7e9708ec41f75ff9e98d61d,199,0,125,11,linux,BIC
1c79031f8a75c132bbd42e3ef20267af97b67466,0,4,3,6,linux,BFC
9e0a603cb7dce2a19d98116d42de84b6db26d716,66,0,8,3,linux,BFC
66b662a1760e4c21af6f3aaf8dd575363c174473,81,4,18,2,linux,BFC
694aba690de062cf27b28a5e56e7a5a7185b0a1c,8,1,4,1,linux,BIC
4320f9d4c1831fd4d244a9de8f81bc27ea67699c,0,0,1,1,linux,BFC
69cefc273f942bd7bb347a02e8b5b738d5f6e6f3,1,0,0,1,linux,BFC
4f4e0454e226de3bf4efd7e7924d1edc571c52d5,3,0,1,1,linux,BFC
0ca0ca9805055bb0efc16890f9d6433c65bd07cc,35,0,0,3,linux,BIC
903d23f0a354f226fa78f1c1c34b60aaf992e812,44,0,3,2,linux,BIC
2b6dd600dd72573c23ea180b5b0b2f1813405882,4,0,0,1,linux,BFC
27461da31089ace6966e4f1695cba7eb87ffbe4f,61,0,5,6,linux,BIC
39f71b7e40e21805d6b15fc7750bdd9cab6a5010,0,0,1,1,linux,BFC
57030a0b620f735bf557696e5ceb9f32c2b3bb8f,11,8,12,1,linux,BFC
a7c2b572e217418ad34441202ad3addd8f94d2ea,108,0,3,3,linux,BIC
5d63944f8206a80636ae8cb4b9107d3b49f43d37,5,0,3,1,linux,BFC
48ae80741da4b8a26b6df0f765713912bc7cc480,7,0,1,1,linux,BFC
0556f1d580d4c1d8fd0770c8c379c551fe6d59af,386,9,18,1,linux,BIC
c560a6797e3bec1e04f1f6f9f3c2135db0f5c8ee,5,53,16,3,linux,BIC
f036ebd9bfbe1e91a3d855e85e05fc5ff156b641,0,5,6,1,linux,BFC
3e6c6f630a5282df8f3393a59f10eb9c56536d23,24,0,16,1,linux,BIC
2ce73efe0f8e5947c116870166902bad15c2215c,166,0,0,5,linux,BIC
3958b1da725a477b4a222183d16a14d85445d4b6,15,4,6,1,linux,BIC
527d5cd7eece9f9f5e9c5b6692cd6814a46df6fe,54,0,9,4,linux,BIC
30d9aa4265fe4b2b28239934770b2c2d59858df3,22,5,2,2,linux,BIC
f364c571a5c77e96de2d32062ff019d6b8d2e2bc,5,0,4,1,linux,BFC
d737b25b1ae0540ba13cbd45ebb9b58a1d6d7f0d,0,15,8,1,linux,BFC
d68b850e1bfb9afb24b888a946165a186a710195,5,0,1,1,linux,BFC
5083fd7bdfe6760577235a724cf6dccae13652c2,1,1,3,2,linux,BIC
c9fbcf6815ce24c8da828c2a70cd6a16ce242a1b,0,1,3,1,linux,BFC
0846e1616f0f3365cea732e82e2383932fe644e5,0,3,0,1,linux,BFC
a889580c087a9cf91fddb3832ece284174214183,9,5,4,2,linux,BFC
cb9e880a797a77c21c0f0e7ccd553da8eb4870af,4,0,5,1,linux,BFC
3c9d6296b7aee536a96ea2b53a15d23511738c1c,0,2,0,2,linux,BFC
a75d30c772078546ac00399a94ecdc82df1a4d72,17,35,31,3,linux,BIC
7b320cb1ed2dbd2c5f2a778197baf76fd6bf545a,2,0,0,1,linux,BFC
c4fa6c43ce4b427350cfbb659436bfe3d9e09a1d,8,0,0,1,linux,BFC
177c53d943368fc97644ebc0a250dc8e2d124250,0,0,1,1,linux,BFC
680168a58a9315e1301f4ebb062244470d4919b0,7,0,2,1,linux,BFC
aae733a3f46f5ef338fbdde26e14cbb205a23de0,0,0,14,1,linux,BFC
7112e0b0a58be8575547eba6596c42710922674f,0,0,2,1,linux,BFC
c1f570a6abc192f047550743f9957b617af605af,0,0,1,1,linux,BFC
2e29b9971ac54dec88baa58856a230ec2f2a2dff,0,0,1,1,linux,BFC
2642cc6c3bbe0900ba15bab078fd15ad8baccbc5,2,0,2,1,linux,BFC
8a6b8f4d7a891ac66db4f97900a86b55c84a5802,0,0,2,1,linux,BFC
49527bc0e8d207e87bf3ebe8eb8cce7353372d79,0,0,2,1,linux,BFC
f70ddc07b637e8859dbdc9073fa80c95e218750d,21,0,0,1,linux,BIC
25030321ba2860c56651429a4f28d94a6483d952,205,0,1,2,linux,BIC
d4ac8f83dafec205c5db9b86b21587fba43bc017,0,0,1,1,linux,BFC
e87ffbdf06971a80ad2a11217200bdd936195af1,8,0,6,1,linux,BIC
c7cd4c9bf8df87027e739fe66d0a55951f6875d8,0,0,1,1,linux,BFC
fe6f45f6ba22d625a8500cbad0237c60dd3117ee,6,0,1,1,linux,BFC
3d50503b3b33d87bc929eee6b65d206a36bc4579,2,10,3,2,linux,BIC
134aecbc25fd77645baaea5467b2a7ed8e9d1ea7,0,0,1,1,linux,BFC
a4ffb13c8946abc4b92621275de6718e19db860d,1666,0,0,1,linux,BIC
19906e6b16672178959c4f3e1345c46ed33f83ac,225,0,0,1,linux,BIC
e6244deed843bc001697f37e5beb1c0daf4f46a4,2,0,1,1,linux,BFC
ce0769e0ea4b3e192466243a1a9fd39acf214f1e,2,4,18,1,linux,BFC
f9bfea992e7d7557c40a58e8536ad8c6f177de25,3,0,0,1,linux,BFC
f3bdc62fd82ed93dbe4d049eacba310de7eb2a6a,27,0,0,3,linux,BIC
6a4a4595804548e173f0763a0e7274a3521c59a9,0,0,7,1,linux,BFC
c92c74131a84b508aa8f079a25d7bbe10748449e,0,0,1,1,linux,BFC
eef375960210fdc1ec2786bddc91ff100444ffb8,36,0,0,1,linux,BIC
c1602a1a0fbe12ab8e67deedf32e5a85f8553a07,12,0,6,1,linux,BIC
b0aeba741b2d082e4f0773881af4906ce2bb8231,3,2,1,1,linux,BFC
0d32ef8cef9aa8f375e128f78b77caceaa7e8da0,3,6,2,1,linux,BFC
03591160ca192df258890d411f16fe20ec196940,9,0,2,1,linux,BIC
ed66f991bb19d94cae5d38f77de81f96aac7813f,5,2,19,1,linux,BIC
031e6e6b4e1277e76e73a6ab209095ad9bf3ce52,30,0,4,1,linux,BFC
656ade7aa42a2c6d08b3c5ddff074b54d025ccc2,6,0,0,1,linux,BIC
c5601e0720ce1a3ad895f94a5838530edde01ed3,3,0,2,3,linux,BFC
108dc8741c203e9d6ce4e973367f1bac20c7192b,2,0,3,1,linux,BFC
6d8e0f84f89f99c87608569e374d52cf248978ee,0,0,2,1,linux,BFC
9aea417afa6bf52f15a5b194944b6a646d61af04,0,0,4,1,linux,BIC
e5d8de32cc02a259e1a237ab57cba00f2930fa6a,0,2,3,1,linux,BFC
b74912a2fdae9aadd20da502644aa8848c861954,0,0,1,1,linux,BFC
7ab0760f5178169c4c218852f51646ea90817d7c,0,0,1,1,linux,BFC
188c523e1c271d537f3c9f55b6b65bf4476de32f,0,0,2,1,linux,BFC
0b0ed657fe003fdf4df3766b898e8869950aa1ce,13,16,21,8,linux,BIC
9a11a18902bc3b904353063763d06480620245a6,0,0,1,1,linux,BFC
45c8b7b175ceb2d542e0fe15247377bf3bce29ec,6,0,3,1,linux,BIC
724b9e1d75ab3401aaa081bd4efb440c1b3509db,12,12,0,1,linux,BFC
56f3547bfa4d361148aa748ccb86073bc57f5e6c,57,0,7,5,linux,BIC
a2d6a987bfe4a2e344fae9d255200072eb082427,32,0,1,4,linux,BIC
66715cdc3224a4e241c1a92856b9a4af3b70e06d,1048,0,0,2,linux,BIC
13e787ca82f86663ae83009161d5adae7d2ada29,0,0,1,1,linux,BFC
b854b4ee66437e6e1622fda90529c814978cb4ca,2,0,7,1,linux,BFC
43226e6fe798b7ede55027a25f97fd73b940ce7d,1,0,39,1,linux,BIC
ad6f939ab193750cc94a265f58e007fb598c97b7,41,0,2,4,linux,BIC
a220445f9f4382c36a53d8ef3e08165fa27f7e2c,0,0,1,1,linux,BFC
6c30384eb1dec96b678ff9c01c15134b1a0e81f4,131,27,17,4,linux,BIC
7f82e631d236cafd28518b998c6d4d8dc2ef68f6,1,0,1,1,linux,BFC
53eaa9c27fdc01b4f4d885223e29f97393409e7e,17,8,7,2,linux,BFC
8b0195a30585fefd4c181881077b4181670ca85d,64,38,27,3,linux,BFC
8b10ba783c9d0c69d53e7d78ff7f2cd921f80729,509,0,13,8,linux,BIC
427c4a0680a28f87bb9c7bbfeac26b39ef8682ad,7,0,3,1,linux,BFC
dbf6c6efa7dd9bea4db038ad7351b75615249046,0,0,1,1,linux,BFC
95b9afd3987f91c09151158279e165276a95c597,114,0,0,3,linux,BIC
a1299505162ad00def3573260c2c68b9c8e8d697,0,2,2,1,linux,BFC
9be9db9f78f52ef03ee90063730cb9d730e7032b,0,0,1,1,linux,BFC
b38041d50add1c881fbc60eb2be93b58fc58ea21,0,2,2,3,linux,BIC
ad4e02d5081d9da38b5b91886e5fa71f0505d607,427,0,0,2,linux,BIC
d321ff589c16d8c2207485a6d7fbdb14e873d46e,0,0,4,1,linux,BFC
fbc44a0b34a10e6cbe86b41617aaff25292d9a4c,0,0,1,1,linux,BFC
019cbd4a4feb3aa3a917d78e7110e3011bbff6d5,50,14,27,4,linux,BIC
f502d834950a28e02651bb7e2cc7111ddd352644,4,0,0,1,linux,BIC
1fc10044d76e86b71f724988c7cbd8205bb903a8,0,0,3,1,linux,BFC
904e6b266619c2da5c58b5dce14ae30629e39645,6,0,0,1,linux,BFC
fe26821fa614d1d9dbfa48839b5a357d2d8b6f7d,16,0,0,1,linux,BIC
fd2d2bac6e79b0be91ab86a6075a0c46ffda658a,0,2,3,1,linux,BFC
886fcee939adb5e2af92741b90643a59f2b54f97,9,15,28,5,linux,BIC
838884110f0d69136248d290a51c3b1d4882e092,6,0,10,2,linux,BIC
9a59739bd01f77db6fbe2955a4fce165f0f43568,24,0,15,2,linux,BIC
4e00b339e264802851aff8e73cde7d24b57b18ce,29,0,5,1,linux,BIC
87ed1405ef09d29a14df43295f7b6a93b63bfe6e,4,0,0,1,linux,BFC
37fdffb217a45609edccbb8b407d031143f551c0,14,15,17,6,linux,BIC
d3ab3ffd1d728d7ee77340e7e7e2c7cfe6a4013e,0,1,4,2,linux,BIC
8ccc3279fcad9736b58873b1ad597287ee52757a,95,0,13,1,linux,BIC
2fc88f92359df753fc892f3b3d0e1d69ef6c620c,200,0,8,1,linux,BIC
f6acfcdc5b8cdc9ddd53a459361820b9efe958c4,1,0,0,1,linux,BFC
4c06d35dfedf4c1fd03702e0f05292a69d020e21,0,10,0,1,linux,BFC
aa714d286f2ea5fae3ca8c75acd03d8694fb657e,2,0,1,1,linux,BFC
899447f669da76cc3605665e1a95ee877bc464cc,7,0,2,1,linux,BFC
a2bc2af66a5b656577fc2d71b6c277b73537777e,1,0,0,1,linux,BIC
f90da7818b141e856b723085328d23b36351849d,33,14,23,3,linux,BIC
0a9003f45e9105628a2437ae1d8877e695cb34b8,449,0,3,6,linux,BIC
328aac5ecd119ede3633f7d17969b1ff34ccc784,0,0,1,1,linux,BFC
77331115e220925af1f52e18ac99e37a0b0c10ad,71,29,25,4,linux,BIC
d1753390274f7760e5b593cb657ea34f0617e559,0,0,1,1,linux,BFC
8a87fca8dd5879eb05a0903cb7ea4fd2a3876ae0,4,0,2,1,linux,BFC
ac0e2cd555373ae6f8f3a3ad3fbbf5b6d1e7aaaa,0,1,6,1,linux,BIC
5b92da0443c2585e31b64e86c2e1b8e22845d4bb,236,0,0,1,linux,BIC
f0341e67b3782603737f7788e71bd3530012a4f4,0,34,0,1,linux,BFC
e94591d0d90c13166cb6eb54ce5f96ed13d81b55,6,44,7,3,linux,BIC
209df10bb4536c81c2540df96c02cd079435357f,14,0,5,2,linux,BFC
8db4afe163bbdd93dca6fcefbb831ef12ecc6b4d,5,0,3,1,linux,BFC
efd21e10fc3bf4c6da122470a5ae89ec4ed8d180,0,0,1,1,linux,BFC
b9303bb1990950bd2f49ec1c85c015b5b6aac24b,0,0,2,1,linux,BFC
7f0a34d7900b8403d3068755856b86bcc790c5a3,38,34,11,6,linux,BIC
61c1e0eb8375def7c891bfe857bb795a57090526,1,0,2,1,linux,BFC
135cbd378eab336da15de9c84bbb22bf743b38a5,17,17,2,1,linux,BIC
6c59cb501b86f8cddc486d6846732375f7baef24,16,0,1,1,linux,BIC
71ac860af824ce9ebbbe8de20044e777c0fc33b9,15,12,0,2,linux,BFC
e50c0a8fa60da9ac0e0a70caa8a3a803815c1f2f,789,50,84,31,linux,BIC
236e9f1538523d3d380dda1cc99571d587058f37,9,0,0,1,linux,BFC
7402a4fedc2bc448100c2d086406c708451b16dc,39,5,16,11,linux,BIC
e15d7f2b81d2e7d93115d46fa931b366c1cdebc2,2,0,1,1,linux,BIC
97a60eac33f663d2150ee1b3c69253d87ba53dff,0,0,2,1,linux,BFC
1b2552cbdbe099b51aaffa486c042b0a7bf0a808,0,0,3,1,linux,BIC
e7e83dd3ff1dd2f9e60213f6eedc7e5b08192062,0,0,1,1,linux,BFC
46132e3ac58cb2ee48051ed80bffc0070ad59b2e,0,0,3,3,linux,BFC
cbe08bcbbe787315c425dde284dcb715cfbf3f39,0,3,0,1,linux,BFC
7867299cde34e9c2d2c676f2a384a9d5853b914d,0,0,2,1,linux,BFC
e590928de7547454469693da9bc7ffd562e54b7e,0,0,1,1,linux,BFC
2025a48cfd92d541c5ee47deee97f8a46d00c4ac,0,1,0,1,linux,BFC
da61fcf9d62a05f3508f5646d353a9c2604bac76,41,0,16,2,linux,BIC
699a2d5b1b880b4e4e1c7d55fa25659322cf5b51,0,0,1,1,linux,BFC
bd166ef183c263c5ced656d49ef19c7da4adc774,864,74,119,16,linux,BIC
2a2b6e3640c43a808dcb5226963e2cc0669294b1,0,0,1,1,linux,BFC
d221df4e0faae2b9cc8ad78f3e5e777461b6b542,5,0,1,2,linux,BFC
7101949f36fc77b530b73e4c6bd0066a2740d75b,2,0,6,1,linux,BFC
7ab91f2b03367f9d25dd807ebdfb0d67295e0e41,0,0,2,1,linux,BFC
2ba5e47fb75fbb8fab45f5c1bc8d5c33d8834bd3,0,5,8,1,linux,BFC
a51243860893615b457b149da1ef5df0a4f1ffc2,1,0,1,1,linux,BFC
2330d0a853da260d8a9834a70df448032b9ff623,3,0,0,1,linux,BFC
379349e9bc3b42b8b2f8f7a03f64a97623fff323,0,18,2,1,linux,BFC
f6a26318e3148289717b0f39ee976f9d95a93f4d,0,11,1,1,linux,BFC
7aa0f5aa9030aa97e9d83d834fc977664cf1b066,328,0,1,3,linux,BIC
540c801c65eb58e05e0ca38b6fd644a83d7e2b33,70,0,9,3,linux,BIC
b0c07116c894325d40a218f558047f925e4b3bdb,7,1,0,1,linux,BIC
3b692c55e58d06ba9b17c66784cab5a95ba5be9b,21,0,1,1,linux,BIC
b0e9cb2802d4bf50955cca8a7d87cf94ebf750a5,70,0,12,2,linux,BIC
0b922b7a829c06e3b0790c58cd9ca026de86096e,7,0,1,3,linux,BIC
a1bc1b356a9d21bf29bc7c873718b5cacdf119b4,2,0,1,1,linux,BFC
e39e773ad100ac94f8358d862f20101e802ae54c,3,0,2,1,linux,BFC
10a26e0d5fc3574f63ce8a6cf28381b126317f40,0,2,6,1,linux,BFC
6fce3a406108ee6c8a61e2a33e52e9198a626ea0,0,0,1,1,linux,BFC
f3176ec9420de0c385023afa3e4970129444ac2f,0,0,1,1,linux,BFC
e60aa7b53845a261dd419652f12ab9f89e668843,2,5,28,2,linux,BIC
a7750c3ef0122383901ae48396188aa4b861d32b,29,0,0,1,linux,BIC
05fafbfb3d77f43ae18341ddc61eb5c477896778,786,136,589,14,linux,BIC
659844d391826bfc5c8b4d9a06869ed51d859c76,0,3,3,1,linux,BFC
79ac88655dc0551e3571ad16bdabdbe65d61553e,2,0,0,1,linux,BFC
f6b2db1a3e8d141dd144df58900fb0444d5d7c53,88,1,29,4,linux,BIC
b72fb1dcd2ea9d29417711cb302cef3006fa8d5a,2,0,0,1,linux,BFC
c03079c9d93d593d44524883b6b6127b21978e22,0,0,1,1,linux,BFC
20d96964b51844d4f3bea0249f62db7073c13c30,0,3,1,1,linux,BFC
f80e78aa11ad754de20104233af1ce4cea8f16a5,15,0,1,1,linux,BIC
93b36cf3425b9bd9c56df7680fb237686b9c82ae,21,0,7,9,linux,BIC
45eaf45dfa4850df16bc2e8e7903d89021137f40,4,0,0,1,linux,BFC
55860d96ca59265d35427da0ee7d7f61e404f8e7,1,12,3,1,linux,BFC
acb6a7047ac2146b723fef69ee1ab6b7143546bf,5,1,4,1,linux,BFC
b871656aa4f54e04207f62bdd0d7572be1d86b36,0,0,2,1,linux,BFC
a9f5970767d11eadc805d5283f202612c7ba1f59,0,0,6,2,linux,BFC
fc4f314618923c2bef708a535f8483fa7f7dbad2,285,0,0,1,linux,BIC
74899d92e66663dc7671a8017b3146dcd4735f3b,5,0,0,1,linux,BFC
ea1075edcbab7d92f4e4ccf5490043f796bf78be,16,10,36,11,linux,BIC
54c5b7d311c8e1801f9dcce9f388a7420a25fa90,13,6,2,1,linux,BIC
ac0a73fb526100adc521ec2069623e47ca3997a8,0,0,2,1,linux,BFC
45ac486ecf2dc998e25cf32f0cabf2deaad875be,0,6,1,1,linux,BFC
ce69e563b325f620863830c246a8698ccea52048,3,0,1,2,linux,BFC
cb7cf772d83d2d4e6995c5bb9e0fb59aea8f7080,0,0,3,1,linux,BFC
0de58f852875a0f0dcfb120bb8433e4e73c7803b,0,0,2,1,linux,BFC
ae6017a71115ebc4e5c1a3f0f451319ab3f5c447,0,0,6,1,linux,BFC
cb8092d70a6f5f01ec1490fce4d35efed3ed996c,19,16,3,1,linux,BFC
c83761ff0aac954aa368c623bb0f0d1a3214e834,0,2,0,1,linux,BFC
c918687f5e3962375a19de6ded3c1be85ebdbcd6,0,28,2,1,linux,BFC
2b82435cb90bed2c5f8398730d964dd11602217c,5,0,8,2,linux,BFC
6b430c7595e4eb95fae8fb54adc3c3ce002e75ae,2,0,1,1,linux,BFC
c0c5a60f0f1311bcf08bbe735122096d6326fb5b,0,0,1,1,linux,BFC
bbc2ceeb3220e54c7574f0b5e3a252fd9a62cf8a,12,10,0,1,linux,BFC
030d794bf49855f5e2a9e8dfbfad34211d1eb08b,337,3,6,3,linux,BIC
02ac47d0cdd48c0c859a6ac7a6fad49c8e413ce1,2,0,0,1,linux,BFC
013b6510131568ce4e01856d5360bfdfe9c3632f,179,0,0,6,linux,BIC
cf9a2f632095b3bbca02979b1ad29cb4e4a738aa,0,10,0,1,linux,BFC
14ae42a6f0b13130a97d94d23481128961de5d38,0,8,1,1,linux,BFC
298799a28264ce400d9ff95c51b7adcb123d866e,22,24,6,3,linux,BFC
0c671812f152b628bd87c0af49da032cc2a2c319,1,0,1,1,linux,BFC
1dfdb0e107dbe6ebff3f6bbbe4aad0b5aa87bba4,3,0,0,2,linux,BIC
dc2872247ec0ca048e5a78230ef095011a5c1a2b,62,0,13,4,linux,BIC
8d962507007357d6fbbcbdd1647faa389a9aed6d,73,0,1,6,linux,BIC
3741873b4f73b572b8f8835e6bd114e08316a160,63,0,30,2,linux,BIC
4eda776c3cefcb1f01b2d85bd8753f67606282b5,2,0,1,1,linux,BFC
f5115e8869e1dfafac0e414b4f1664f3a84a4683,9,0,0,1,linux,BFC
1d99f2436d0d1c7741d6dfd9d27b5376cdbbca40,109,113,16,4,linux,BIC
0c38cda64aecb4a821210bb2d3d04092c181c0ae,0,14,0,2,linux,BIC
e458eb97df7aa0865066efc9fb70bbdfab319b59,0,7,0,1,linux,BFC
c500c86b0c75da167b59ee82f78e394fd10cb792,42,5,17,1,linux,BIC
d125f3f866df88da5a85df00291f88f0baa89f7c,0,3,1,2,linux,BFC
fdf4f2fb8e8990c131b2b1a5a9c03681bb16e87a,83,0,4,1,linux,BIC
43170c4e0ba709c79130c3fe5a41e66279950cd0,10,0,4,1,linux,BFC
789b7f43858f1c74a1c528e8b8f78c78624800d8,0,0,1,1,linux,BFC
6cf70ae928bae17077efc0d528dec49bc380438b,5,0,0,1,linux,BFC
2a38e12053b760a8f5e85030eb89512660077c15,0,70,5,8,linux,BIC
4d1014c1816c0395eca5d1d480f196a4c63119d0,2,2,0,1,linux,BFC
4d916140bf28ff027997144ea1bb4299e1536f87,14,14,0,1,linux,BFC
9ca7ad6c7706edeae331c1632d0c63897418ebad,1,0,1,1,linux,BFC
315786ebbf4ad6552b6fd8e0e7b2ea220fcbfdbd,56,0,0,11,linux,BIC
2b021cbf3cb6208f0d40fd2f1869f237934340ed,19,0,2,2,linux,BFC
658f9d9921d7e76af03f689b5f0ffde042b8bf5b,0,0,2,1,linux,BFC
0579fafd37fb7efe091f0e6c8ccf968864f40f3e,21,22,2,3,linux,BFC
d8d663970234fe885f29edf4f06394d0928c89f4,12,2,2,1,linux,BFC
00facc760903be6675870c2749e2cd72140e396e,158,0,0,1,linux,BIC
6758f937669dba14c6aac7ca004edda42ec1b18d,6,0,8,2,linux,BFC
c3cb47a6cc74af0b79579ba167d7124eb669fbaa,0,1,0,1,linux,BFC
9c1eaa27ec599fcc25ed4970c0b73c247d147a2b,0,1,0,1,linux,BFC
a3e0d41c2b1f86b483b202d642140d8b86d677ca,122,66,244,2,linux,BIC
404402abd5f90aa90a134eb9604b1750c1941529,1,0,2,1,linux,BFC
b7bd660a51f0cef91d8d544192a5b96c8854e775,6,2,6,1,linux,BIC
ffdbae28d9d1af70b7d63ffd7827e9795cd8d0df,95,1,12,1,linux,BIC
ba0dc81ed5d9549daa233d7322b4c2809e28fca8,0,0,5,1,linux,BFC
4bbef7e8eb8c2c7dabf57d97decfd2b4f48aaf02,10,24,10,1,linux,BFC
ac3a949fb2fff36bebdc4fab90567ed349ea7245,49,4,7,1,linux,BIC
ee684b6f2830047d19877e5547989740f18b1a5d,13,0,17,5,linux,BIC
df33767d9fe0ca93c606cc9042df05e5045c8158,20,13,0,3,linux,BIC
9ca91a65583c73e4be6e9f53323a7ae04e6803ef,0,1,0,1,linux,BFC
43510ef4ddad39d815f0f9396521a139d69b0baf,20,0,2,6,linux,BIC
29118ab962d5476fdc65fae312ac38db68092d78,5,0,0,1,linux,BFC
19c4aba2d4e23997061fb11aed8a3e41334bfa14,14,3,8,2,linux,BFC
54a7151b1496cddbb7a83546b7998103e98edc88,0,0,1,1,linux,BFC
625993166b551d633917ca35d4afb7b46d7451b4,8,0,8,1,linux,BFC
22d65765f211cc83186fd8b87521159f354c0da9,2,0,1,1,linux,BIC
36bdf3cae09df891b191f3955c8e54a2e05d67d0,5,0,1,1,linux,BIC
f275ee0fa3a06eb87edc229749cf1eb18f0663fa,0,0,1,1,linux,BFC
68890e20942b8693d487a4a2ea882e36523e8193,3,2,3,1,linux,BFC
47c71bd61b772cd72159dff4aae43734257a485a,58,0,7,1,linux,BIC
bbe37e4cb89702aa78e0f44618c5af7f9aaa33f6,271,91,15,4,linux,BIC
70408f755f589f67957b9ec6852e6b01f858d0a2,0,0,2,1,linux,BFC
77cbe925bf77bd3159f49c4db0ea89a2045d9071,1,0,2,1,linux,BFC
1eaa81785a70082213d40de14ec13520b5c6fff2,14,0,1,1,linux,BIC
d4eaa2837851db2bfed572898bfc17f9a9f9151e,19,17,5,4,linux,BFC
668e48af7a94985be7cf3b97a860d9819271d8bf,115,0,23,4,linux,BIC
ace41d7564e655c39f709a78c035188a460c7cbd,33,5,4,1,linux,BIC
2c3d273eabe8b1ed3b3cffe2c79643b1bf7e2d4a,42,0,15,1,linux,BIC
67680d3c046450b3901aa4e5a9cf2f8fbd7ed9a2,26,15,45,3,linux,BIC
ef85bdbec444b42775a18580c6bfe1307a63ef0f,34,11,21,3,linux,BIC
297ae1eb23b04c5a46111ab53c8d0f69af43f402,3,0,0,1,linux,BIC
63fe3fd393dc4e7ea3948e79947362ffbb0fd616,0,0,1,1,linux,BFC
6bf92d70e690b7ff12b24f4bfff5e5434d019b82,5,0,1,1,linux,BIC
20ff3ada476b2fdc2e50f55686a5267526fca605,1,0,0,1,linux,BFC
eebc67fef3eed8c768b9c046273dff6467b22cf4,6,0,0,1,linux,BIC
91276162de9476b8ff32d9452e849210e5dd09e9,30,22,12,6,linux,BIC
6c4110d9f499e2170fbb36723b0a5f50a8116304,1,0,1,1,linux,BFC
7dedd346941d317b6b313de4746ad0354006e68b,50,12,11,7,linux,BIC
5b47348fc0b18a78c96f8474cc90b7525ad1bbfe,0,0,2,1,linux,BFC
c4dfa25ab307a277eafa7067cd927fbe4d9be4ba,58,0,0,2,linux,BIC
b6014f9e5f39e389f0034a6c82b7a6542eb6477e,0,3,8,4,linux,BIC
12a3cc8424fe1237aaeb982dec4f0914ddd22f3e,0,0,1,1,linux,BFC
8634ef5e05311f32d7f2aee06f6b27a8834a3bd6,22,6,24,2,linux,BFC
4e602056559633303d7e5bb2ff624778ca248f68,4,0,0,1,linux,BIC
2d3f6ccc4ea5c74d4b4af1b47c56b4cff4bbfcb7,12,0,7,3,linux,BIC
681429dba99249546dda160e266e56035a2d750b,4,0,0,1,linux,BFC
a77c1aafcc906f657d1a0890c1d898be9ee1d5c9,5,4,6,1,linux,BFC
a6c2f87b8820e956ea0f731dcf0e45949bb37a8b,81,0,0,1,linux,BIC
13799748b957bc5659f97c036224b0f4b42172e2,319,123,15,8,linux,BIC
8dcc0e19dfbd73ad6b3172924d6da8f7f3f8b3b0,0,0,1,1,linux,BFC
b8fdcfb5a17f1d4fd503caef5c457005a765ecd7,0,0,1,1,linux,BFC
1e01979c8f502ac13e3cdece4f38712c5944e6e8,70,0,0,3,linux,BIC
2fe59f507a65dbd734b990a11ebc7488f6f87a24,34,2,7,1,linux,BFC
45cb6653b0c355fc1445a8069ba78a4ce8720511,8,0,1,1,linux,BFC
689c958cbe6be4f211b40747951a3ba2c73b6715,55,0,6,2,linux,BIC
b3d91db3f71d5f70ea60d900425a3f96aeb3d065,3,0,2,1,linux,BFC
3b95206110a2c13076c3a7fa8ddeae36c2dbcf42,18,0,0,1,linux,BIC
9e051720f9d37ef6f878a6106478c82fb9b375d1,6,0,6,1,linux,BFC
472b36a2ab67880e89d6b0cd0e243830e8cb75e1,0,12,0,1,linux,BFC
b4a10c750424e01b5e37372fef0a574ebf7b56c3,13,0,6,1,linux,BFC
6767aced2ff1d4f214b2f0632d04dce02e6b6b2a,1,0,10,1,linux,BFC
dcd79934b0dd803fdb29216fbd6f4a899a66f466,1,7,3,2,linux,BFC
845f2a6d00791f1f8541ae4c69a70a6be6d21fb8,7,0,1,1,linux,BFC
ae1f2a56d2738b8b950e59f09fba2209e540199f,61,11,130,2,linux,BIC
291d1e72b756424eac7b1ea2be326a59f004a580,239,0,0,3,linux,BIC
da471250706e2f103a1627d1d279c9de44325993,16,0,3,2,linux,BFC
4b2312bd0592708c85ed94368c874819e7013309,10,0,1,1,linux,BFC
6d084806c8c107dc0b652d6792c7aea9b6b0d66f,61,0,2,2,linux,BIC
b299cde245b0b76c977f4291162cf668e087b408,5,0,0,1,linux,BIC
345a957fcc95630bf5535d7668a59ed983eb49a7,0,4,1,1,linux,BFC
c4d74f0f978ed5ceee62cd3f6708081042e582a1,1,0,0,1,linux,BFC
b96fba8d5855c3617adbfb43ca4723a808cac954,4,0,1,1,linux,BFC
6cbe45d8ac9316ceedd0749759bd54caf03f7012,0,0,64,1,linux,BFC
5190c08b29899131a183ea5802b9397918cca1ae,485,0,1,2,linux,BIC
8d35a2596164c1c9d34d4656fd42b445cd1e247f,3,36,11,3,linux,BIC
96d170f3b1a607612caf3618c534d5c64fc2d61b,0,5,3,1,linux,BFC
796640778c26f3d99fde173bb7b1d726b5f0d816,387,20,6,12,linux,BIC
753694a8df318f204a0ac1303de136def16f2e9c,8,5,12,2,linux,BFC
47cdf76e44e87d25b91c0f0d0539944c932941ba,738,0,10,1,linux,BIC
c59d73d43fce92e79eddc047e1961054f1284384,1,0,33,1,linux,BFC
b015f6bc9547dbc056edde7177c7868ca8629c4c,97,0,15,1,linux,BIC
e7dd91c456a8cdbcd7066997d15e36d14276a949,20,0,1,1,linux,BFC
41785ce562491db935471b31211481941a65c68f,174,0,1,2,linux,BIC
57bf0f5a162d386cc1a33f8dd492bb7a2cf8e8ac,7,1,6,4,linux,BIC
0fa86fc2e28227f1e64f13867e73cf864c6d25ad,8,0,0,1,linux,BFC
107927fa597c99eaeee4f51865ca0956ec71b6a2,3,0,6,1,linux,BFC
b8056e8434b037fdab08158fea99ed7bc8ef3a74,0,0,1,1,linux,BFC
66aee90088da2f5fb73ba97ee8b5f4fda92e2b53,1271,0,0,1,linux,BIC
dfcab6ba573445c703235ab6c83758eec12d7f28,0,0,1,1,linux,BFC
7c5f64f84483bd13886348edda8b3e7b799a7fdb,76,114,91,4,linux,BIC
f5426d37f654f59fb83e6ff3207cc2b157742670,0,2,0,1,linux,BFC
1efe3c28eba1306b007f4cb9303a5646b47cb11b,0,1,0,1,linux,BFC
4bfcbd7abce2d9b56f10d455ffeab00584cd8045,13,15,3,1,linux,BIC
2661f033c40236aa9d470eccdee35e7a04fc8d1a,53,0,2,1,linux,BFC
d0a859edda46b45baeab9687d173102300d76e2b,1,0,0,1,linux,BFC
eac2f3059e02382d91f8c887462083841d6ea2a3,0,0,7,1,linux,BIC
ff4d90a89d3d4d9814e0a2696509a7d495be4163,48,0,7,3,linux,BFC
aeea3592a13bf12861943e44fc48f1f270941f8d,0,5,1,2,linux,BIC
d3ca587404b36943b02df87406054ce73cc49500,14,5,1,1,linux,BIC
ce657611baf902f14ae559ce4e0787ead6712067,3,0,2,1,linux,BIC
f86b0aaad741c45aba5a84a27277dd56a96808ba,5,2,17,1,linux,BFC
c53593e5cb693d59d9e8b64fb3a79436bf99c3b3,5,0,5,1,linux,BFC
873f9b5bcbf27f6e89e1879714abe4532cacf5d7,18,0,0,1,linux,BFC
6cc3f91bf69fc8c1719704607474f9b9df56f348,10,0,1,1,linux,BFC
518cd62341786aa4e3839810832af2fbc0de1ea4,62,22,8,3,linux,BIC
699b760bd29edba736590fffef7654cb079c753e,0,5,8,2,linux,BFC
e2219db280e3fe52e5cc242e4225dd2685af3c56,269,0,41,5,linux,BIC
4fd9ac6bd3044734a7028bd993944c3617d1eede,2,0,1,1,linux,BFC
20be064ec864086bca7a4eb62c772a397b44afb7,0,0,1,1,linux,BFC
ec626334eaffe101df9ed79e161eba95124e64ad,9,0,0,1,linux,BFC
6b8cb66a6a7cc182b47da6a0a1d4e5da324c0695,9,0,0,2,linux,BFC
10283ea525d30f2e99828978fd04d8427876a7ad,1,0,1,1,linux,BFC
665a990fdbea66a4d2af0287420f8266631be2ab,0,0,1,1,linux,BFC
d3a108a48dc670d539c58d4339d211b914a1e1b5,176,0,21,9,linux,BIC
1f66072503316134873060b24b7895dbbcccf00e,4,2,8,1,linux,BFC
466a62d7642f02f36d37d9b30c19a725538a01ca,81,0,12,2,linux,BIC
7a7b0b4865d3490f62d6ef1a3aa39fa2b47859a4,47,11,32,2,linux,BFC
b8110a87b75f948d978c06e130cc68026645c4a1,0,0,1,1,linux,BFC
6123f1fe53985645992b2ff648b3087b77b3ed16,2,0,1,1,linux,BFC
42cdb338f40a98e6558bae35456fe86b6e90e1ef,20,0,1,1,linux,BFC
ab31fd0ce65ec93828b617123792c1bb7c6dcc42,15,1,6,3,linux,BFC
95adb4e59263d3056d75eb385e79f9e037b5b7bc,0,0,1,1,linux,BFC
1d2e2b65d098c0a321e16b0997eb760439d99500,2,0,0,1,linux,BIC
8223b2f89ca63e203dcb54148e30d94979f17b0b,0,2,0,1,linux,BFC
956a4cd2c957acf638ff29951aabaa9d8e92bbc2,1,0,6,1,linux,BFC
be03b0651ffd8bab69dfd574c6818b446c0753ce,2,0,0,1,linux,BFC
b60fda6000a99a7ccac36005ab78b14b47c06de3,25,5,10,1,linux,BFC
d410a6417e5e4deb4a9c34164addcebebc9099c9,1,0,0,1,linux,BFC
782a624d00fa22e7499f5abc29747501ec671313,43,0,1,3,linux,BIC
83ef73b27eb2363f44faf9c3ee28a3fe752cfd15,5,0,0,1,linux,BFC
e27afb84b4680570b64c958dfcba9e0b3da92fc9,47,1,7,1,linux,BFC
3e47d1474c2b4099f0fadd12a6553fdb2e8feaae,0,6,12,10,linux,BIC
60489f085574157c343fc62a32f997fe7346a659,2,0,0,1,linux,BFC
1502cfe19bac2f8490e4167f2b7cb50b9759b273,73,6,9,1,linux,BIC
53d6471cef17262d3ad1c7ce8982a234244f68ec,6,0,6,3,linux,BIC
95868b85764aff2dcbf78d3054076df75446ad15,88,0,3,3,linux,BIC
3c86794ac0e6582eea7733619d58ea150198502f,20,0,4,2,linux,BFC
c95c34f01bbda4421c25fdc9b04a4a4aab10d36c,0,2,0,1,linux,BFC
7588a511bdb41ee028c009c0d188738f50dbaa93,50,0,0,1,linux,BIC
d79749f7716d9dc32fa2d5075f6ec29aac63c76d,3,0,6,1,linux,BFC
2ab3d86ea1859d1a4b830ce3551cba725620593a,80,0,0,2,linux,BIC
5f22a1d87c5315a98981ecf93cd8de226cffe6ca,0,0,1,1,linux,BFC
62dc45979f3f8cb0ea67302a93bff686f0c46c5a,22,0,15,2,linux,BIC
dc9a16e49dbba3dd042e6aec5d9a7929e099a89b,60,0,0,3,linux,BIC
6da06c6291f38be4df6df2efb76ba925096d2691,0,6,8,5,linux,BFC
ed42989eab57d619667d7e87dfbd8fe207db54fe,1,0,1,1,linux,BIC
23b482252836ab3c5e6b3b20ed3038449cbc7679,59,0,2,2,linux,BIC
823b84201f4a719414d61b105fd23706c5668ab5,1,0,0,1,linux,BFC
9a3c72ee6ffcd461bae1bbdf4e71dca6d5bc160c,0,1,1,1,linux,BFC
6bd1c7bd4ee7b17980cdc347522dcb76feac9b98,1,0,1,1,linux,BFC
cc20ba4ed8576abfa10a17e81cb4521f474624f0,3,0,3,1,linux,BFC
11e2968478edc07a75ee1efb45011b3033c621c2,3,6,0,1,linux,BFC
d3bf75b579b980b9d83a76d3b4d8bfb9f55b24ca,466,0,0,1,linux,BIC
6d32a5119811d2e9b5caa284181944c6f1f192ed,0,0,1,1,linux,BFC
8dd5cd5395b90070d98149d0a94e5981a74cd2ec,34,28,4,1,linux,BIC
67c2315def06c1ef18492b214686531e69682800,1060,28,0,4,linux,BIC
e996e2089f25b84149ae82b5ddf37a263a7fcc71,0,0,1,1,linux,BFC
b0380e13502adf7dd8be4c47d622c3522aae6c63,4,3,6,1,linux,BFC
9d2f53ef42c15f6e47b48246beb0a32c4ff3b3ed,1,1,0,1,linux,BFC
e91793bb615cf6cdd59c0b6749fe173687bb0947,4,3,0,1,linux,BFC
b753e41d9999c040c601de53cc1e072160472d80,0,0,1,1,linux,BFC
11bd7a00c0d8ffe33d1e926f8e789b4aea787186,1,0,0,1,linux,BFC
00e158fb91dfaff3f94746f260d11f1a4853506e,4,0,2,1,linux,BFC
f9293ad46d8ba9909187a37b7215324420ad4596,4,0,0,1,linux,BFC
eb94588dabec82e012281608949a860f64752914,1,0,0,1,linux,BFC
ffc771b3ca8b2c03e5e9faa6335b4862108f111f,118,437,179,2,linux,BIC
69716a2b51aeb68fe295c0d09e26c8781eacebde,1,1,1,2,linux,BFC
ff6e58e648ed5f3cc43891767811d5c3c88bbd41,1,0,1,1,linux,BFC
60fce36afa9c77c7ccbf980c4f670f3be3651fce,0,0,2,1,linux,BFC
25315ebfaefcffd126a266116b37bb8a3d1c4620,3,0,0,1,linux,BFC
0130e4e8e49f9bd0342d3fc14102470ea9e7230e,3,0,1,1,linux,BFC
c713fb071edc0efc01a955f65a006b0e1795d2eb,2,0,2,2,linux,BFC
9aebce6c97bfd7dafd364be2e5b3af7a78af2662,6,0,6,1,linux,BFC
83415669d8d830034c96e1de8ffb09b153a53504,0,0,1,1,linux,BFC
52782d5b63725a6c4bf642557c83507430064110,0,2,0,1,linux,BFC
85d6b66d31c35158364058ee98fb69ab5bb6a6b1,0,0,1,1,linux,BFC
71266d9d39366c9b24b866d811b3facaf837f13f,13,7,6,1,linux,BIC
6c996e19949b34d7edebed4f6b0511145c036404,0,0,2,2,linux,BFC
aa3233ea7bdb6c4004f5032a3a07417ea51dc409,0,0,4,1,linux,BFC
8f6244055bd33695ce28f6b9b454fc1ae05bcd9c,41,29,0,1,linux,BIC
a9ecdc0fdc54aa499604dbd43132988effcac9b4,1,0,8,1,linux,BIC
d7437fc0d8291181debe032671a289b6bd93f46f,8,0,4,1,linux,BFC
1b9e2a8c99a5c021041bfb2d512dc3ed92a94ffd,0,0,1,1,linux,BFC
e279d634f3d57452eb106a0c0e99a6add3fba1a6,2,3,6,1,linux,BFC
bc044e8db7962e727a75b591b9851ff2ac5cf846,26,7,15,3,linux,BIC
b1ce369e820aaca3d91e9d9bbaaf860794d9ab01,0,0,5,1,linux,BIC
9b7632e8fe7f7e0d75a61dccf2917e55022ecb66,8,0,3,1,linux,BFC
dfb87b8bfe09f933abaf387693992089f6f9053e,13,0,0,3,linux,BIC
f99fa50880f5300fbbb3c0754ddc7f8738d24fe7,4,3,3,2,linux,BFC
4078f57571442345d09edddb2ac79c951b9d6db2,1732,0,0,4,linux,BIC
8605131747e7e1fd8f6c9f97a00287aae2b2c640,0,1,2,1,linux,BFC
20ec628e8007ec75c2f884e00004f39eab6289b5,422,0,0,2,linux,BIC
1424a09a9e1839285e948d4ea9fdfca26c9a2086,7,0,1,1,linux,BFC
40fc3054b45820c28ea3c65e2c86d041dc244a8a,0,0,2,2,linux,BIC
83363b917a2982dd509a5e2125e905b6873505a3,4,1,1,1,linux,BIC
09e35a4a1ca8b9988ca9b8557d17948cd6c0808b,2,0,1,1,linux,BIC
0b3e336601b82c6afa0e9cf21db9cb8793e25399,37,0,0,2,linux,BIC
deefc58bafb4841df7f0a0d85d89a1c819db9743,0,0,2,1,linux,BFC
5c211ba29deb84e647b3a87207c8714efd9c11d5,62,81,16,4,linux,BIC
b7e607bf33a2f18507c7f35f7c7abfd45f55047f,76,2507,53,13,linux,BIC
5b354966d0d470488d8dd244f0b5d82e9ecc4e18,0,0,2,1,linux,BFC
183b9b592a622a7719ee38e275fd7ff3aaf74d0d,1939,0,0,6,linux,BIC
89650ad0047f039b3c3bc0f6a5823bb9c9738152,0,0,1,1,linux,BFC
ce8bd03c47fc8328e82a48d332fba69fd538e9bf,0,0,1,1,linux,BFC
a9248de42464e546b624e3fc6a8b04b991af3591,238,19,18,6,linux,BIC
0e0ec7e0638ef48e0c661873dfcc8caccab984c6,139,25,23,4,linux,BIC
cd6428988bf4fcc41d1deb7dae0e92e62c075c57,1,0,1,1,linux,BFC
5d49d3508b3c67201bd3e1bf7f4ef049111b7051,1,0,0,1,linux,BFC
5c9e6c2b2ba3ec3a442e2fb5b4286498f8b4dcb7,11,0,0,1,linux,BFC
d96febedfde250735ac6ed50966ec5453feda355,22,26,4,1,linux,BIC
7472eb8d7dd12b6b9b1a4f4527719cc9c7f5965f,4,0,1,1,linux,BFC
d0585cd815faef50ce3d12cbe173438eb4d81eb8,0,0,1,1,linux,BIC
3d838118c6aa73ae28e49bd9a014e2e9bd6ed3ab,68,0,1,4,linux,BIC
ed527b13d800dd515a9e6c582f0a73eca65b2e1b,1,0,4,1,linux,BFC
2a9127fcf2296674d58024f83981f40b128fffea,39,1,46,1,linux,BIC
a4f24ada636dc0262621213988f0d15beb5596bb,0,0,1,1,linux,BFC
3d0313786470acb414b7d5fdd2202f061acffb02,29,10,16,9,linux,BIC
cdb0e6dccc1fd0f7096d333d90cad0ac81c2b342,1,1,0,1,linux,BFC
92feeabf3f673767c6ee4cfc7fc224098446c1c1,15,7,2,1,linux,BIC
555da9af827d95134656fa459c8f3ece04dd867a,199,0,0,4,linux,BIC
06bbf753476dab23eb262cb5fbab6d6d277a0ba3,0,0,1,1,linux,BFC
df9d4a1780223c3ddd4bf0810079b5a75251554e,40,15,21,3,linux,BIC
27a7ff554e8d349627a90bda275c527b7348adae,1,0,1,1,linux,BFC
2997bfd0492d33d230b1475909a0211157a734bc,0,0,2,1,linux,BFC
0b54122ca1da24902aaaaa8726674a0a4c1a0de8,0,47,24,1,linux,BFC
0b276e470a4d43e1365d3eb53c608a3d208cabd4,2,0,1,1,linux,BFC
a579ba49a9e27bfc1d5cb69b0ea3781d8df46b5b,20,10,0,1,linux,BFC
8272f598523d0975259080d2f9d760b9ce625e18,0,10,0,1,linux,BFC
0f5eb1545907edeea7672a9c1652c4231150ff22,7,0,3,1,linux,BFC
21fdd092acc7ebda0dfe682008592eb79c382707,31,0,1,2,linux,BIC
ff414f31ce3750d259549c3b9eac8e855b5348f0,2,0,0,1,linux,BFC
59e611a566e7cd48cf54b6777a11fe3f9c2f9db5,0,4,3,1,linux,BFC
a6bd4f6d9b07452b0b19842044a6c3ea384b0b88,4,0,0,1,linux,BFC
0690405fef290c3ae9bf466d603731b2ba478053,112,0,2,3,linux,BIC
954b54dea0ebfd2ead48e6bb12a165025227f4b3,0,0,5,1,linux,BFC
e0cea7ce988cf48cc4052235d2ad2550b3bc4fa0,249,87,13,5,linux,BIC
fe1d4c2ebcae994dffe8673cc3cba10102d15d11,59,0,4,5,linux,BIC
b7cccd397f310739fb85383033e95580f99927e0,31,3,0,3,linux,BIC
8bcebc77e85f3d7536f96845a0fe94b1dddb6af0,22,0,0,1,linux,BIC
33ddca08bf9d68086e3e9ad6bef06ce881777894,0,0,1,1,linux,BFC
669de8bda87b92ab9a2fc663b3f5743c2ad1ae9f,43,22,11,2,linux,BIC
949b93250a566cc7a578b4f829cf76b70d19a62c,7,2,3,1,linux,BFC
6cb917411e028dcb66ce8f5db1b47361b78d7d3f,0,0,1,1,linux,BFC
78824fabc72e5e37d51e6e567fde70a4fc41a6d7,4,0,1,1,linux,BFC
b74a29fac6de62f39b594e8f545b3a26db7edb5e,1,0,1,1,linux,BFC
bf7f7efbe051a59e9d0710cd26ea05f7ebc411a2,0,4,0,1,linux,BFC
f704ef44602fbf403e6722c7ed13f62d17e8cb20,107,0,0,3,linux,BIC
773e8a0425c923bc02668a2d6534a5ef5a43cc69,605,0,10,2,linux,BIC
63b1898fffcd8bd81905b95104ecc52b45a97e21,2,0,0,1,linux,BFC
d68d75fdc34b0253c2bded7ed18cd60eb5a9599b,0,0,1,1,linux,BFC
b3fb36ed694b05738d45218ea72cf7feb10ce2b1,4,0,0,1,linux,BFC
d70675121546c35feaceebf7ed9caed8716640f3,944,2,0,4,linux,BIC
67eb4a60782a0e1142a3789fbb49617bbbe32796,0,0,2,2,linux,BFC
274b924088e93593c76fb122d24bc0ef18d0ddf4,3,0,1,1,linux,BFC
ee139385432e919f4d1f59b80edbc073cdae1391,0,0,1,1,linux,BFC
05fed81625bf755cc67c5864cdfd18b69ea828d1,232,1,12,4,linux,BIC
72bbc226ed2ef0a46c165a482861fff00dd6d4e1,1,0,0,1,linux,BFC
88527790c079fb1ea41cbcfa4450ee37906a2fb0,99,2,5,7,linux,BIC
6107c5da0fca8b50b4d3215e94d619d38cc4a18c,0,0,1,1,linux,BFC
bc7f2cd7559c5595dc38b909ae9a8d43e0215994,0,1,1,1,linux,BFC
ded910f368a52b64a3c0eb12da085058b55f61a1,106,0,0,2,linux,BIC
b6b56df519a73e35ac3f7d268affbae63221168b,0,7,0,1,linux,BFC
dccf82ad1775f2b9c36ec85e25e39d88c7e86818,0,16,9,1,linux,BFC
7fb6a36bab6b0b158f93eb13faa1b440f8b26009,1,0,0,1,linux,BFC
803dd9c77ac3a08958535f2a1ad5890104e2c235,4,0,2,1,linux,BIC
fd01eecdf9591453177d7b06faaabef8c300114a,2,0,4,1,linux,BFC
d4ddeefa64ab36d211ff57a64d263c158e017581,0,2,1,1,linux,BFC
e80541ecabd57b69726232b89242e28d8123cccc,43,58,10,8,linux,BIC
25edf91501b878f548ff1c96692e54684b0f586a,53,0,1,2,linux,BIC
b23c0742c2ce7e33ed79d10e451f70fdb5ca85d1,12,1,3,1,linux,BFC
9a6161fe73bdd3ae4a1e18421b0b20cb7141f680,23,16,4,1,linux,BIC
7233982ade15eeac05c6f351e8d347406e6bcd2f,4,0,2,1,linux,BFC
796bcae7361c28cf825780f6f1aac9dd3411394e,109,0,2,4,linux,BIC
37c3347eb247a79a3371d589175f646ea3a488de,108,0,1,1,linux,BIC
919c03ae11b98681aedc2ac7d00110c387b92f16,15,0,2,3,linux,BIC
0e332f033a8216fa03792fde69882f66500848c7,36,0,6,6,linux,BIC
8090d67421ddab0ae932abab5a60200598bf0bbb,5,0,2,1,linux,BFC
97badf873ab60e841243b66133ff9eff2a46ef29,55,0,2,4,linux,BIC
4d58e7034d1971436d44f203cf69d2feb6b82e5c,1,0,0,1,linux,BFC
cca9bab1b72cd2296097c75f59ef11ef80461279,4,0,16,6,linux,BIC
15097c7a1adc0554ce8eb6f5fd6758d063bfea44,31,6,23,3,linux,BIC
c2d6fe6163de80d7f7cf400ee351f56d6cdb7a5a,240,13,32,2,linux,BIC
4b003f5fcadfa2d0e087e907b0c65d023f6e29fb,0,0,2,1,linux,BFC
8238b4579866b7c1bb99883cfe102a43db5506ff,50,0,6,9,linux,BIC
bfc2b7e8518999003a61f91c1deb5e88ed77b07d,2,0,0,1,linux,BFC
6bf6be1127f7e6d4bf39f84d56854e944d045d74,6,0,4,1,linux,BFC
0405f94a1ae0586ca237aec0e859f1b796d6325d,9,0,0,1,linux,BFC
6069da443bf65f513bb507bb21e2f87cfb1ad0b6,3,0,0,1,linux,BFC
9b6a126ae58d9edfdde2d5f2e87f7615ea5e0155,6,0,5,1,linux,BFC
4ac668a3b8c9d3477a3fe162c1cfeb867dd65de8,1,0,2,1,linux,BFC
91160150aba03d0c173b3f5c859a795cc701bb8d,2,0,5,1,linux,BIC
0015437cc046e5ec2b57b00ff8312b8d432eac7c,3,0,5,1,linux,BFC
826fc86b59034b0913976a0ff5901de82a4b66e8,106,141,2,3,linux,BIC
f0f4b0cc3a8cffd983f5940d46cd0227f3f5710a,8,0,1,1,linux,BFC
7081556f81f78c6397a129bd58ceb7ae64750df9,8,0,5,1,linux,BFC
153086644fd1fb07fb3af84d9f11542a19b1e8b6,143,3,16,4,linux,BIC
dec43da46f63eb71f519d963ba6832838e4262a3,3,0,4,1,linux,BFC
5e10da5385d20c4bae587bc2921e5fdd9655d5fc,20,0,4,3,linux,BIC
1980bd4d829a87ccd21b949f8a11ff1b426f5b0b,0,0,1,1,linux,BFC
1bf6ad622b9be58484279978f85716fbb10d545b,59,215,62,19,linux,BIC
dd92d5ea20ef8a42be7aeda08c669c586c730451,6,0,0,1,linux,BFC
7d082987e5e562c07a208503a607a733d50553ba,0,0,1,1,linux,BFC
12b94da411f9c6d950beb067d913024fd5617a61,0,0,2,1,linux,BFC
4551e78ad98add1f16b70cf286d5aad3ce7bcd4c,26,0,0,1,linux,BFC
57999d1107c1e60c2ca7088f2ac0f819e2f554b3,5,0,0,1,linux,BFC
cc9d2566986692e5b6df1aac88fbf65fe340d432,49,6,0,3,linux,BIC
56df70a63ed5d989c1d36deee94cae14342be6e9,8,0,2,1,linux,BFC
f85e04503f369b3f2be28c83fc48b74e19936ebc,5,7,0,2,linux,BFC
41fe242979e463d6ad251077ded01b825a330b7e,1,0,0,1,linux,BFC
c871c10e4ea763e76e30f6ecb64dc9938ae2e6b9,40,35,1,1,linux,BIC
b39b5f411dcfce28ff954e5d6acb2c11be3cb0ec,61,0,1,3,linux,BIC
e01b042e580f1fbf4fd8da467442451da00c7a90,0,0,3,1,linux,BFC
49f9783b0cea9a4e38fdbfe70ca296e6f20914c4,46,12,11,1,linux,BIC
8bcea6cb2cbc1f749e574954569323dec5e2920e,1,0,1,1,linux,BFC
d853d145ea3e63387a2ac759aa41d5e43876e561,68,0,9,3,linux,BIC
ac46d4f3c43241ffa23d5bf36153a0830c0e02cc,58,46,204,17,linux,BIC
89226a296d816727405d3fea684ef69e7d388bd8,6,1,2,1,linux,BFC
fd1de5830a5abaf444cc4312871e02c41e24fdc1,0,6,2,1,linux,BFC
f3c668074a04020c06e434c51b030bad1702aa12,10,38,31,1,linux,BIC
4809146b86c3d41ce588fdb767d021e2a80600dd,15,2,5,3,linux,BIC
7a166854b4e24c57d56b3eba9fe1594985ee0a2c,0,2,2,1,linux,BFC
988d44b1636d7f608bd7926493e0f61a034b61db,54,8,12,1,linux,BIC
303a42769c4c4d8e5e3ad928df87eb36f8c1fa60,135,0,0,2,linux,BIC
27ed2b3f22ed60295c74b4ca3e855823d0e7603b,215,0,0,1,linux,BIC
61741d8699e1fc764a309ebd20211bb1cb193110,0,0,1,1,linux,BFC
e4544b63a7ee49e7fbebf35ece0a6acd3b9617ae,68,0,274,16,linux,BIC
5e6acc3e678ed3db746ab4fb53a980861cd711b6,82,13,4,3,linux,BIC
dec38b5ce6a9edb406c60c2670b26a1a4262fdb9,277,0,0,2,linux,BIC
5c88ee02932a964096cbbcc7c9f38b78d230bacb,1,0,0,1,linux,BFC
ac36856fe4321454b6789c019c96c3ec854094ed,0,0,4,1,linux,BFC
ce90b27128c283df8f14e4604f711f3249d95918,25,0,3,1,linux,BIC
468242724143a8e732f82f664b1e77432d149618,5,7,16,1,linux,BIC
c66d52b1026717135c5030c65e344750161d159b,8,1,5,1,linux,BFC
08feafe8d1958febf3a9733a3d1564d8fc23340e,0,1,2,3,linux,BFC
5d91f31faf8ebed2acfc3a1d6ac344f95c488d66,2,0,6,1,linux,BIC
0814e8d5da2b6f25088fe28d5e23f511d8441883,1,0,0,1,linux,BIC
d8b54110ee944de522ccd3531191f39986ec20f9,1,0,2,1,linux,BFC
f657a6e1313b73a2d93b0a9d160bcc138c69c1be,39,4,9,2,linux,BIC
a6682814f37124ec1e708cca8f44968445fa9dd7,58,0,10,3,linux,BIC
5bc5aaad407ccc49262d9fd3456d6ab332286395,47,0,2,1,linux,BIC
9ebce595f63a407c5cec98f98f9da8459b73740a,9,0,0,1,linux,BFC
bf881170311ea74ff30c3be0be8fb097132ce696,0,0,7,2,linux,BFC
8936ef7604c11b5d701580d779e0f5684abc7b68,1,0,2,1,linux,BIC
2f30ea5090cbc57ea573cdc66421264b3de3fb0a,3,0,3,1,linux,BFC
9ca39411f9a9c833727750431da8dfd96ff80005,3,0,2,1,linux,BFC
2c4066e5d428d47a28f87407b3d73ebe40c06fd4,1081,0,0,1,linux,BIC
34f439e4afcdf4bdb42fda62428535a843bca02d,47,1,10,1,linux,BIC
ffd137f7043cb30067e1bff6fe62a073ae190b23,0,9,2,1,linux,BIC
c602b36fe245f2114153f6690d1222ce1a51e942,1,0,0,1,linux,BFC
ecb8ac8b1f146915aa6b96449b66dd48984caacc,99,1,2,6,linux,BIC
e555a03b112838883fdd8185d613c35d043732f2,0,3,1,1,linux,BFC
70b8170e55d3ca9503a53211967faee6b5f18b19,17,9,1,1,linux,BFC
2b4a8990b7df55875745a80a609a1ceaaf51f322,88,0,0,4,linux,BIC
f9e95555757915fc194288862d2978e370fe316b,2,0,1,1,linux,BFC
daee2024715ddf430a069c0c4eab8417146934cf,8,0,6,1,linux,BIC
85e2414c518a03a21dddd4bc88fec2723c5e1197,397,0,3,6,linux,BIC
c537d3457542a398caa1fe58e0976c5f83cf7281,7,0,1,1,linux,BFC
2cba05451a6d0c703bb74f1a250691404f27c4f1,10,0,4,1,linux,BFC
8aadeb8ad874b3b13431fd08c1ddb6d5e0212c7f,3,1281,34,26,linux,BFC
976a68f06b2ea49e2ab67a5f84919a8b105db8be,0,0,3,1,linux,BFC
22cc1ca3c5469cf17e149be232817b9223afa5e4,0,0,1,1,linux,BFC
d0eae8287cf3dff6670e7e9910159942bda45a20,0,0,2,1,linux,BFC
0ef897be12b8b4cf297b6016e79ec97ec90f2cf6,108,142,39,1,linux,BIC
a5f0edf63bdff339fab5bb35729e0a41e7fe31c1,44,0,4,1,linux,BIC
e66186920bff278b18ebe460c710c7b0e0cfdf6e,0,0,1,1,linux,BFC
1eceb2fc2ca549a170d7ee7cd1fde2daeda646ac,596,0,0,3,linux,BIC
45a481c2176f6acca2efb6477c6018b2c3e3c60f,0,10,2,2,linux,BFC
dcbe35909c8426e1ace74b4b99c4cb403cdaca89,4,0,0,1,linux,BFC
4800e87a2ee886c1972deb73f057d1a6541edb36,8,0,1,1,linux,BFC
ee60ad219f5c7c4fb2f047f88037770063ef785f,4,0,0,1,linux,BFC
fbb77611e95d3d5b2af86a59754a3130877cb667,3,0,4,1,linux,BFC
79b1b30e4c209c2ff1ddd6559b41dba1dfc8bcd8,0,0,1,1,linux,BFC
14ac09a65e19528ca05df56f8e36a4a8d4949795,0,24,16,6,linux,BIC
cdbcf83d29c1bf2aaa65260e74beaac1bcdc231c,40,0,2,1,linux,BIC
a1fcaf07ec718bb1f11e29e952c9a4cb733d57a5,0,0,2,1,linux,BFC
22db4c24452a6681c7e99c6a06b38b5418395bec,0,0,2,1,linux,BFC
23809a726c0d004b9d2474333181f8da07360469,7,8,4,2,linux,BIC
fc43026278b23b3515cf8f909ec29df94b3ae1a2,66,1,6,1,linux,BIC
dafa724bf582181d9a7d54f5cb4ca0bf8ef29269,0,6,9,1,linux,BFC
e4ae0fc3363191f31fb9627fff9f88d43523aac7,44,1,0,2,linux,BIC
4891486fb2c80eaf3bb0f9eb065d15ecd357702f,0,0,1,1,linux,BFC
9f780dab7fb5618ee8bacbf6f91832374231c30c,0,2,0,1,linux,BFC
1b0a83ac04e383e3bed21332962b90710fcf2828,20,0,0,1,linux,BIC
5a8f09748ee79f2ef28e560bd095587a0e204b3d,356,0,1,4,linux,BIC
9972e6b404884adae9eec7463e30d9b3c9a70b18,1,0,1,1,linux,BFC
9cfc7e94e42be9c73072606b84d4574a0a2ec270,33,14,25,1,linux,BIC
163195fc12cae0c8b5c0d74d3ba8d2c5f81773bc,0,0,3,1,linux,BFC
b5a099c67a1c36b91356624ce86eb3f9f48a82c7,8,8,9,1,linux,BIC
97ed9790c514066bfae67f22e084b505ed5af436,3,6,4,2,linux,BIC
92af4fc6ec331228aca322ca37c8aea7b150a151,4,0,4,1,linux,BIC
6a5976f23dc38749afcb62cc3acf5e3e2b53d5ba,0,2,0,1,linux,BFC
1fddf4bad0ac9f4d32c74af286fc1eec2a03c82c,112,14,1,4,linux,BIC
f8d6203780b73c07dc49ee421fedae8edb76b6e4,314,23,23,6,linux,BIC
323a391a220c4a234cb1e678689d7f4c3b73f863,3,0,0,1,linux,BFC
590b52e10d410e1439ae86be9fe19d75fdab628b,1,0,0,1,linux,BFC
b3e78adcbf991a4e8b2ebb23c9889e968ec76c5f,0,0,1,1,linux,BFC
e3b5e1ec75234fb6b27708a316cdf69f9fb176a8,0,45,3,3,linux,BFC
079ad2fb4bf9eba8a0aaab014b49705cd7f07c66,20,7,3,1,linux,BIC
e35000ead491d71e59ab6f7458971321e06150a0,176,2,9,7,linux,BIC
d7c7fc442fa6f6f0cd0115d7b8dbdf6fe2eeea44,0,1,2,1,linux,BFC
1ce87720d456e471de0fbd814dc5d1fe10fc1c44,40,3,70,1,linux,BIC
8c87fe722053658467bcc9e5ea82051ce3d3a693,1,0,17,1,linux,BFC
f687ccea10d23a9b0faed67ceac535b76604669a,2,0,1,1,linux,BFC
ebebbf082357f86cc84a4d46ce897a5750e41b7a,21,5,4,1,linux,BIC
61129dd29f7962f278b618a2a3e8fdb986a66dc8,2,0,0,1,linux,BFC
99ecd64631ef9873619be493c711afb83aff75fc,0,0,1,1,linux,BFC
4af0e5bb95ee3ba5ea4bd7dbb94e1648a5279cc9,0,0,2,1,linux,BFC
ae2917093fb60bdc1ed3e5757b74801420569a9a,30,7,20,3,linux,BIC
0ac569bf6a7983c0c5747d6df8db9dc05bc92b6c,0,0,1,1,linux,BIC
2cb67ab153d59473d67713c709a198922b7e87a3,8,2,35,3,linux,BFC
cf578c8c8e0b1fcd7c7de649effaf2c7625433c5,0,0,1,1,linux,BFC
b5b4453e7912f056da1ca7572574cada32ecb60c,0,0,4,1,linux,BIC
96b1454f2e8ede4c619fde405a1bb4e9ba8d218e,22,28,11,3,linux,BIC
6ecc9d9ff91ff26769e58164b6216c6189cb8302,204,0,0,3,linux,BIC
8c0984e5a75337df513047ec92a6c09d78e3e5cd,0,2,6,74,linux,BIC
ee3da804ad1b1dd4c766199a6e8443542b0aaaef,7,0,0,1,linux,BFC
aa2ba991c4206d5b778dcaa7b4997396e79f8e90,8,0,0,1,linux,BIC
60b93030b44a8c2cd015cebe5624fd7552ec67ec,1,1,2,1,linux,BFC
531eba0fe2b5172ed0ab1cc6a311b2b6b9e6b402,0,0,2,1,linux,BFC
f724c6bee162be3a9cd3b9168414ca106e0cdfe2,0,0,1,1,linux,BFC
3c5f655c44bb65cb7e3c219d08c130ce5fa45d7f,1,0,0,1,linux,BFC
c89e5b80245899fc51fb1d83880e2f5762fcf350,1,0,0,1,linux,BFC
d622f8477a8018974f8df961440dca58224f9c6b,2,0,0,1,linux,BFC
46c5338db7bd45b2cf99570560f00389d60fd6b4,1331,0,0,4,linux,BIC
4fc30ea780e0a5c1c019bc2e44f8523e1eed9051,13,11,0,1,linux,BFC
b5486430bb0fbb4f2bd1e06bd85921395ba357a6,0,0,1,1,linux,BFC
76aefad628aae152207ee624a7981b9aa1a267d8,18,0,2,3,linux,BFC
d1e1f4e42b5df063712ca2926e50c07b95c96b96,189,17,13,2,linux,BIC
a721321446432c3899aeca16cc6ddc30422b7f74,0,0,1,1,linux,BFC
617dc7610d9f5f64ec79cfdbdd4fb42cfcd93ee9,21,2,17,1,linux,BFC
349ce993ac706869d553a1816426d3a4bfda02b1,0,19,20,1,linux,BFC
ea7c8f598c323f6ebaf9ddae01fb2a981fe8c56a,5,0,2,1,linux,BFC
825ca9ed1c9f5516b30292bb1c7ab648c2a01b92,0,2,0,1,linux,BFC
21f82acbb8b4e8812521d405479b6fc3790078de,118,0,1,4,linux,BFC
5f597bb2be5723e1ea5d3337337f671ced4f37bf,421,0,0,1,linux,BIC
7353644fa9df875aee778a802e3d28f1e3578512,3,0,1,1,linux,BIC
dc378a1ab5b6009629a3f8410f8b3030ac6b14c9,5,0,2,1,linux,BIC
ca58d7e64bdfc54f7dfe46713c1e2acc68d7522d,119,21,15,3,linux,BFC
bd11e8bd03cae9e0499c34f67c55408566f6a089,6,0,0,1,linux,BIC
732ae19ee8f58ecaf30cbc1bbbda5cbee6a45043,0,0,1,1,linux,BFC
55eed755c6e30a89be3a791a6b0ad208aadd9bdc,3,0,2,1,linux,BFC
614732eaa12dd462c0ab274700bed14f36afea5e,309,464,30,8,linux,BIC
d6793ca97b76642b77629dd0783ec64782a50bdb,0,0,2,1,linux,BFC
478fcb2cdb2351dcfc3fb23f42d76f4436ee4149,2522,0,0,6,linux,BIC
1a685940e6200e9def6e34bbaa19dd31dc5aeaf8,0,0,2,1,linux,BFC
de2ae403b4c0e79a3410e63bc448542fbb9f9bfc,3,4,4,3,linux,BFC
6178aed011a31b7d242b80ed3e83fcc9b67444e1,0,3,3,1,linux,BFC
7e7126846c95a34f98a1524d5c473af1f0783735,16,2,10,1,linux,BFC
6f68accaa8641b70b698da659216f82f87537869,19,5,1,1,linux,BIC
9a7b7ec3c6f2aedb99c9f39dd9cb63c2deff3437,5,0,4,1,linux,BFC
ea78979d302f7de9bbd59f9dafdb070ecb05ec39,0,0,2,1,linux,BFC
3bcd47726c3b744fd08781795cca905cc59a1382,0,0,1,1,linux,BFC
c8618d65007ba68d7891130642d73e89372101e8,0,3,4,1,linux,BFC
6795bf6264829b6678f646164d5ab5e335a99fb1,28,14,56,3,linux,BIC
74e4b956eb1cac0e4c10c240339b1bbfbc9a4c48,4,0,1,1,linux,BIC
da25a672cf0e2c143bffb40acb507a342e25b4f4,0,0,2,1,linux,BFC
454aee17fd441b8ee8e956196dd3ddc9c8ee96d6,1,22,25,1,linux,BIC
22ba5e99b96f1c0dbdfa4f4e1d9751b4c8348541,0,0,1,1,linux,BFC
713b9825a4c47897f66ad69409581e7734a8728e,12,1,8,1,linux,BFC
4cdb9f80dcd46aab3c0020b4a6920c22735c5d6e,0,27,0,1,linux,BFC
be94215be1ab19e5d38f50962f611c88d4bfc83a,33,0,0,1,linux,BFC
b0e02550346e676e104a47d1f050dc21d46cd35d,0,0,1,1,linux,BFC
b5df9b7a2f965b7903850d8f89846ffe0080b84b,1,0,0,1,linux,BFC
958f2a0f8121ae36a5cbff383ab94fadf1fba5eb,5,0,0,1,linux,BIC
588b7f5df0cb64f281290c7672470c006abe7160,1,1,0,1,linux,BFC
a3fd80198de6ab98a205cf7fb148d88e9e1c44bb,0,0,2,1,linux,BFC
42bb98e420d454fef3614b70ea11cc59068395f6,0,1,1,1,linux,BFC
4cd2bb12981165f865d2b8ed92b446b52310ef74,0,0,2,1,linux,BFC
5a0ff17741c1785b27229a16b5ab77470d71b170,1,0,0,1,linux,BFC
15560a58bfd4ff82cdd16b2270d4ef9b06d2cc4d,0,16,8,4,linux,BFC
eba75c587e811d3249c8bd50d22bb2266ccd3c0f,123,0,1,7,linux,BIC
5fe89a6acd668cbd1817fcdef5caa9fee568c2e8,6,0,1,1,linux,BFC
99fa331dc8629be55ac7a0cca0dc56492070ddac,259,0,0,5,linux,BIC
f683c80ca68e087b55c6f9ab6ca6beb88ebc6d69,57,6,28,4,linux,BIC
bf9e697ecd4214c86ff35764449348db45c697b1,122,18,8,1,linux,BIC
cbe095e2b584623b882ebaf6c18e0b9077baa3f7,0,2,0,1,linux,BFC
9c2670951ed03f8fc6c701d66f5c765929cf1f23,1,0,0,1,linux,BFC
656d1d58d8e0958d372db86c24f0b2ea36f50888,2,0,1,1,linux,BFC
ed43fbac717882165a2a4bd64f7b1f56f7467bb7,0,0,2,1,linux,BFC
4a4064ad79699ee41b74c12fa4f9f960a5bf9b2d,6,6,0,1,linux,BFC
1c0f20b78781b9ca50dc3ecfd396d0db5b141890,0,0,1,1,linux,BFC
8447d0e75099eb54eea9306c2d43ecfc956d09ed,12,0,4,1,linux,BFC
6604c6556db9e41c85f2839f66bd9d617bcf9f87,396,0,0,2,linux,BIC
65fb73676112f6fd107c5e542b2cbcfb206fe881,0,0,1,1,linux,BFC
ecaf97f474447821ade290cebbe82bc9b6b23cff,0,0,1,1,linux,BFC
5b4dc95cf7f573e927fbbd406ebe54225d41b9b2,3,0,0,1,linux,BFC
c034640a32f8456018d9c8c83799ead683046b95,1,0,2,1,linux,BIC
aa340845ae6f019e0a12321a1741c14679bb0664,1,0,1,1,linux,BFC
ca8cf341903f90070e191cc8be8f705ab7af2d4a,3,0,6,1,linux,BIC
cb41c997d4446b39dd03b8a74196125739d7c3ac,5,0,0,1,linux,BIC
baea9ffe64200033499a4955f431e315bb807899,3,0,0,1,linux,BFC
31a4562d7408493c6377933ff2f7d7302dbdea80,2,0,2,2,linux,BFC
e828949e5b42bfd234ee537cdb7c5e3a577958a3,25,40,23,5,linux,BIC
8370c2dc4c7b91be7e1231130f0ae08b5aebecf4,12,42,22,5,linux,BIC
7c5a2df3367a2c4984f1300261345817d95b71f8,2,0,4,1,linux,BFC
3002f467a0b0a70aec01d9f446da4ac8c6fda10b,1,0,0,1,linux,BFC
9dc0033e4658d6f9d9952c3c0c6be3ec25bc2985,8,0,3,1,linux,BFC
721c7fc701c71f693307d274d2b346a1ecd4a534,20,0,18,1,linux,BIC
b333293058aa2d401737c7246bce58f8ba00906d,331,1,60,6,linux,BIC
a4c61b92b3a4cbda35bb0251a5063a68f0861b2c,7,0,0,1,linux,BFC
78362998f58c7c271e2719dcd0aaced435c801f9,1,0,0,1,linux,BFC
3375303e82877552f3b2b42309e8233fe715fd9f,93,0,0,3,linux,BIC
84b3fd1fc9592d431e23b077e692fa4e3fd0f086,0,0,1,1,linux,BFC
8bda81a4d400cf8a72e554012f0d8c45e07a3904,11,0,0,3,linux,BFC
fbde2d7d8290d8c642d591a471356abda2446874,136,0,0,1,linux,BIC
4e48978cd28ce51945c08650e5c5502ca41e1fcc,9,0,3,1,linux,BFC
a7fca4e4037f7e3fa84d4532ea0fd8b00c39c7a2,32,3,6,1,linux,BIC
6e908892025885b07e804dc6c05aab6ce1e06832,901,0,0,2,linux,BIC
c18e9a098605abe5a1dc1c5dd9cfeda322ed36d8,1,0,0,1,linux,BFC
e7d71c943040c23f2fd042033d319f56e84f845b,6,7,0,2,linux,BFC
db1231ddc04682f60d56ff42447f13099c6c4a4c,4,0,9,1,linux,BFC
0560ad576268228c60bf16ab01e0f931ed01707a,511,0,0,1,linux,BIC
0a4e6be9ca17c54817cf814b4b5aa60478c6df27,71,3,5,5,linux,BIC
1a155254ff937ac92cf9940d273ea597b2c667a2,180,0,1,4,linux,BIC
3558fe900e8af6c3bfadeff24a12ffb19ac9b108,483,0,0,1,linux,BIC
977cb0ecf82eb6d15562573c31edebf90db35163,8,0,0,2,linux,BIC
2695578b896aea472b2c0dcbe9d92daa71738484,24,0,4,2,linux,BFC
69d177c2fc702d402b17fdca2190d5a7e3ca55c5,63,0,1,2,linux,BIC
5ab5e4e60accd13b0a505a4a34b6feafde2c8fbf,36,0,1,1,linux,BFC
047d4226b0bca1cda5267dc68bc8291cce5364ac,9,5,7,2,linux,BFC
8074d7829595b7c86beba914c04ed5839cf4b3d6,0,0,1,1,linux,BFC
6dd3b8c9f58816a1354be39559f630cd1bd12159,7,0,5,1,linux,BFC
8d9d46bbf3b6b7ff8edcac33603ab45c29e0e07f,0,0,1,1,linux,BFC
4730f4a6c6b2065589c0822af00aa45e639bbc36,101,265,77,11,linux,BIC
fe2502e49b58606580c77b3d84e42f946de182d8,3,0,6,1,linux,BIC
aceb98261ea7d9fe38f9c140c5531f0b13623832,0,0,1,1,linux,BFC
51d4740f88affd85d49c04e3c9cd129c0e33bcb9,1,0,0,1,linux,BFC
9e58c5e2fcd8d8d8820ea277e0f577f563eed1f1,0,4,0,1,linux,BFC
963a82e07d4e1f95fc423d53912ac0a7fe643b1c,125,9,5,1,linux,BIC
212a58fda9b9077e0efc20200a4feb76afacfd95,1,0,3,1,linux,BFC
20fe17aa52dcafd3bdeb9e37281d027b0c1c5a15,0,11,0,1,linux,BIC
044215d145a7a8a60ffa8fdc859d110a795fa6ea,11,0,1,1,linux,BFC
8ab31da7b89f71c4c2defcca989fab7b42f87d71,0,1,1,1,linux,BFC
fd935fc421e74b9777370a0175bc011b780173d3,17,6,6,1,linux,BIC
02dbb7246c5bbbbe1607ebdc546ba5c454a664b1,0,0,1,1,linux,BFC
cec8d0e7f06e08b981e9d61bef267c8c36d536f5,4,0,8,2,linux,BIC
187024144c6e0c82bc32ebb46f3cd0585264833e,0,1,6,1,linux,BFC
bbef72c630b522a9ffbf62dae19b59c880da6ea1,1,0,0,1,linux,BFC
129eec55df6ab1b5ecdd89fd7db7a2cd103200b5,112,0,1,2,linux,BIC
efb4b01c1c993d245e6608076684ff2162cf9dc6,4,0,11,1,linux,BFC
f511aef2ebe5377d4c263842f2e0c0b8e274e8e5,12,0,2,1,linux,BFC
cc6528bc9a0c901c83b8220a2e2617f3354d6dd9,1,0,1,1,linux,BFC
bf96b515082c4b93ed706aa5edf518772fd7d394,1,0,1,1,linux,BFC
70c05e4cf63054cd755ca66c1819327b22cb085f,3,0,0,1,linux,BFC
dc92843159a7d01e37cf68750745333e944a9e55,27,0,2,1,linux,BFC
bcef83a00dc44ee25ff4d6e078cf6432ddf74dec,141,0,32,7,linux,BIC
3721b9b64676b3377a966f3d96acafd70bb32dd9,115,10,0,3,linux,BIC
0a2ce62b61f2c76d0213edf4e37aaf54a8ddf295,9,0,2,1,linux,BFC
68ad89de918e1c5a79c9c56127e5e31741fd517e,0,1,1,1,linux,BFC
a280ef90af01dc133d0a52387e563015686d6294,3,0,7,1,linux,BFC
e9a9970bf520c99e530d8f1fa5b5c22671fad4ef,2,0,6,1,linux,BFC
22beb839f48d841ec75974872863dc253d37c21c,2,0,0,1,linux,BFC
65294c1f2c5e72b15b76e16c8c8cfd9359fc9f6f,1148,19,4,7,linux,BIC
fbce4d97fd4333bcffd00a73b9d98412be630332,6,0,2,1,linux,BIC
e44fb034b03231cd117d6db73fb8048deab6ea41,0,0,2,1,linux,BFC
a413e39a38573f8738911cfb51a4cd3f3873deda,17,0,4,3,linux,BIC
cfd6d63e596552e1a5bf38bb889997b656475032,2,0,1,1,linux,BFC
9d67412f24cc3a2c05f35f7c856addb07a2960ce,4,0,32,3,linux,BFC
bce776f10069c806290eaac712ba73432ae8ecd7,0,0,1,1,linux,BFC
ca7ab1dcf58dfce5bc851bf7e50fd94822c24665,90,73,4,3,linux,BFC
91a10c52975a8c89e146a4f740e64cd147ba8e8a,8,3,6,3,linux,BFC
cb50ce324e72bfd5d191d0a834a0ead1a08666b7,1,0,0,1,linux,BFC
c29b6b0b126e9ee69a5d6339475e831a149295bd,0,2,0,1,linux,BFC
67e40054de86aae520ddc2a072d7f6951812a14f,5,0,1,1,linux,BFC
04dcbdb8057827b043b3c71aa397c4c63e67d086,31,0,0,5,linux,BIC
ae602786407fef34e1d66b3c8f278a10ed37197e,0,0,3,2,linux,BFC
05f456286fd489558c72a4711d22a5612c965685,11,0,5,1,linux,BFC
b6ac069532218027f2991cba01d7a72a200688b0,13,7,3,1,linux,BFC
5c1a72a0fbe1b02c3ce0537f85f92ea935e0beec,0,0,3,1,linux,BFC
54746dabf770eb268d302f2f770d6dacea24f08a,52,0,0,3,linux,BIC
6f8f89ce1e18de1e391c9c1c14e7738881d1c00c,0,0,1,1,linux,BFC
bca5859bc6c60956585b57220b6ed619e23a6a7b,254,0,0,3,linux,BIC
9dc232a8ab18bb20f1dcb03c8e049e3607f3ed15,4,0,3,1,linux,BFC
ef12fefabf94b6a902ad3abd3eb124b00560c445,75,0,6,1,linux,BIC
b374c562ee7ab3f3a1daf959c01868bae761571c,3,0,2,1,linux,BFC
b10c22e5f9902a329450c2027e9291b71e9f1602,0,0,6,1,linux,BFC
b7f6503830cd8f3f7076635409460861b5ff6310,78,0,0,3,linux,BIC
86247aba599e5b07d7e828e6edaaebb0ef2b1158,23,0,12,1,linux,BFC
6ec9d4d2310e8fc54fc638e4454271d1fcaefa95,2,0,3,2,linux,BFC
68c57bfd52836e31bff33e5e1fc64029749d2c35,0,1,0,1,linux,BFC
aff171641d181ea573380efc3f559c9de4741fc5,116,0,0,2,linux,BIC
7b7e70f979e34ed84d725eab8ea42921ab6f42e3,11,0,3,3,linux,BIC
5fa836a9d85975c5f0f1219669523c1f0ac64349,2,0,1,1,linux,BIC
4976b718c3551faba2c0616ef55ebeb74db1c5ca,161,19,27,6,linux,BIC
fe248c3a5837848717ed566fb4aefe66f43a5e53,120,0,3,3,linux,BIC
e99c63e4d86d3a94818693147b469fa70de6f945,0,0,1,1,linux,BIC
b723bd933980f4956dabc8a8d84b3e83be8d094c,1,0,1,1,linux,BFC
bd0b6723139416fd22acd5849b93edbd32d561f3,41,43,2,1,linux,BIC
627661ced8246c8e833f3bc3817070e934cd79ba,0,0,1,1,linux,BFC
0a0575a12e31657415d1d5f799d4b65f3c9e8ba4,0,0,1,1,linux,BFC
6e6f96630805874fa80b0067e1a57aafc06225f6,3,0,0,1,linux,BFC
e93fd3b3e89e9664039281fe7e56e6f764f2a909,2,2,5,5,linux,BIC
7e3d3620974b743b91b1f9d0660061b1de20174c,4,4,4,1,linux,BFC
6b7e633fe9c24682df550e5311f47fb524701586,0,8,1,1,linux,BFC
8e58041114319ad290e85a7a82077dc9e2f93613,11,0,2,2,linux,BFC
c36b6db5f3e4c1bd21659aee8e67226352d254ae,38,0,0,1,linux,BIC
bcfbd3523f3c6eea51a74d217a8ebc5463bcb7f4,0,0,1,1,linux,BIC
100605035e151c187360670c1776fb684808f145,4,1,7,1,linux,BFC
cf401e2856b27b2deeada498eab864e2a50cf219,2,1,2,1,linux,BFC
469f87e158628fe66dcbbce9dd5e7b7acfe934a9,2,0,0,1,linux,BFC
5a8132761609bd7e42db642d6f157140d5bf2ae8,19,16,5,5,linux,BIC
dde5845a529ff753364a6d1aea61180946270bfa,1882,1788,14,12,linux,BIC
106d45f350c7cac876844dc685845cba4ffdb70b,6,0,2,1,linux,BFC
3057fb9377eb5e73386dd0d8804bf72bdd23e391,0,0,1,1,linux,BFC
16c6c057175cbdcdc6c1251bbce90264a5380240,0,2,0,1,linux,BFC
46cf1954de3f324dc7f9472c12c3bd03b268a11b,2,0,1,1,linux,BFC
107f041212c1dfd3bf72b01c0d2013e98b6f32c2,74,0,6,1,linux,BIC
429c3be8a5e2695b5b92a6a12361eb89eb185495,20,0,0,1,linux,BFC
3138a07ce219acde4c0d7ea0b6d54ba64153328b,0,0,1,1,linux,BFC
40d3f295b5feda409784e569550057b5fbc2a295,212,193,34,9,linux,BIC
0a2a6f498fa060cc0d592d56148da856e9d77bd8,0,0,1,1,linux,BFC
e7562597b46d099a78d45c781ee8d1a7a93c53f1,0,2,1,1,linux,BFC
29681bc5bb4326c2f9eac5dc68d8fad3e88b4bb5,2,2,0,1,linux,BFC
2ea65321b83539afc1d45c1bea39c55ab42af62b,0,4,0,1,linux,BFC
be080a6f43c40976afc950ee55e9b7f8e2b53525,86,29,158,9,linux,BIC
ef1100ef20f29aec4e62abeccdb5bdbebba1e378,2,0,1,1,linux,BFC
175b87c692532ece6c4622628c8c9df726773236,16,0,0,3,linux,BIC
a4a4330db46a17289cf2ca5f9fb153d536267b97,13,0,10,1,linux,BIC
3c763b388897a7398ef797b93cbf6580b6ae49e1,0,3,0,1,linux,BFC
11d2e7edac6ad221eaf14fdc9ea2f0ddf950a839,5,5,0,1,linux,BIC
6c3118c32129b4197999a8928ba776bcabd0f5c4,9,0,0,1,linux,BFC
7b0eb6b41a08fa1fa0d04b1c53becd62b5fbfaee,2,0,1,1,linux,BFC
4765d061d50559ce3addc9a86433c35f48d76085,16,3,0,1,linux,BFC
9eccfe109b276fddf2908d1a70f7f4449b92f08f,223,4,39,3,linux,BIC
3a856c14c31bb8ba35534e9a2f2273c1b322f372,0,1,0,1,linux,BFC
ce9a4186f9ac475c415ffd20348176a4ea366670,2,0,0,1,linux,BFC
8abe4a0a3f6d4217b16a1a3f68cd5c72ab5a058e,170,122,143,5,linux,BIC
0c16d9635e3a51377e5815b9f8e14f497a4dbb42,4,74,8,1,linux,BIC
38720352412a4305a108ff37ae6099dab3f44a38,1,3,1,1,linux,BIC
ceb3284c588eee5ea256c70e4d8d7cf399b8134e,0,3,0,1,linux,BFC
5055376a3b44c4021de8830c9157f086a97731df,4,0,2,1,linux,BIC
aa929ad783c0762f276c8c810f1c7f00b12dca4a,8,0,0,4,linux,BIC
06e8f5c842f2dbb232897ba967ea7b422745c271,9,0,6,1,linux,BIC
970a5a3ea86da637471d3cd04d513a0755aba4bf,7,0,2,1,linux,BFC
1fc79c4bb19ba5068fc42d3a66655c3b175f9934,0,0,1,1,linux,BFC
6692c98c7df53502adb8b8b73ab9bcbd399f7a06,0,0,1,1,linux,BFC
de77503a59403e7045c18c6bb0a10c245a99b648,6,5,4,1,linux,BIC
50b81d77be31a95ba036e6403b921dc918328956,0,0,7,2,linux,BFC
415406380c29694e12b164f05e467659381feca5,0,5,3,1,linux,BFC
e8620cff99946ea1f7891d7bec071a23a1fdaef3,3,0,0,1,linux,BIC
3195c4706b00106aa82c73acd28340fa8fc2bfc1,0,0,1,1,linux,BFC
9b13bd53134c9ddd544a790125199fdbdb505e67,0,6,3,1,linux,BFC
aa31704fd81c84f6a9e0b87f3455246936654ae6,19,0,0,1,linux,BIC
f97decac5f4c2d862e5b848694e3ffb29fc8acdd,1064,23,187,20,linux,BIC
1518ac272e789cae8c555d69951b032a275b7602,4,0,0,1,linux,BIC
f16b7d2a5e810fcf4b15d096246d0d445da9cc88,7,1,2,1,linux,BFC
f6be23264bbac88d1e2bb39658e1b8a397e3f46d,125,25,12,4,linux,BIC
75603a3112664cb1f6b1508e2b489f16863bf153,0,0,2,1,linux,BFC
4daffe3543667419294b6f22901b7255cbdebdf4,1314,0,71,15,linux,BIC
69de4421bb4c103ef42a32bafc596e23918c106f,12,16,0,2,linux,BIC
7ee8e4f3983c4ff700958a6099c8fd212ea67b94,0,0,1,1,linux,BFC
cc20a38612dbc87dc7396affc9758e3bfbe92340,286,0,4,3,linux,BIC
069e4a19f44d82c43d6a3866499f3d4da6ab3dec,0,2,0,2,linux,BFC
6fe729c4bdae41b4c5a5ff21312f021a48c69399,39,0,7,2,linux,BIC
f690f4409ddd79a481efddaf6e4cb65cf1a747cb,19,0,0,2,linux,BIC
4c85609b08c4761eca0a40fd7beb06bc650f252d,0,3,2,1,linux,BFC
ca26d28bbaa39f31d5e7e4812603b015c8d54207,114,0,52,3,linux,BIC
d7012467a95b767b4d3beb2e027aa24a83f12f0f,3,0,0,1,linux,BFC
fb9eb899a6dc663e4a2deed9af2ac28f507d0ffb,1,0,1,1,linux,BIC
9e64cefe4335b0f2799956d3f3cca8bb652d950f,41,0,0,2,linux,BIC
4de7255f7d2be5e51664c6ac6011ffd6e5463571,13,0,4,1,linux,BIC
ca991a7d14d4835b302bcd182fdbf54470f45520,8,3,27,4,linux,BFC
dd37d2f59eb839d51b988f6668ce5f0d533b23fd,12,1,6,1,linux,BFC
cb3f0d56e153398a035eb22769d2cb2837f29747,0,0,2,2,linux,BIC
1b08dfb889b2c584b444538c9500af24ba0a6dc7,0,85,52,11,linux,BIC
419dbd5e1ff0e45a6e1d28c1f7b74d121d2a56e7,3,0,1,1,linux,BFC
783d108dd71d97e4cac5fe8ce70ca43ed7dc7bb7,1,0,0,1,linux,BFC
07464e88365e9236febaca9ed1a2e2006d8bc952,0,0,1,1,linux,BFC
896196dc4e419a9d0782404e0befac17d638fc01,7,0,0,1,linux,BFC
dc1a3e8e0cc6b2293b48c044710e63395aeb4fb4,0,0,1,1,linux,BFC
5e68b86c7b7c059c0f0ec4bf8adabe63f84a61eb,0,8,0,1,linux,BFC
39e6dea28adc874f7021e5580c13cab0b58407ea,110,0,0,2,linux,BIC
a9beb86ae6e55bd92f38453c8623de60b8e5a308,58,0,25,6,linux,BIC
b6a0e72ad3cffabaf30b856deb58fbe64a0f36a8,0,0,2,1,linux,BFC
5411b6187adf62909e3b998ac782e722904c7487,6,0,2,2,linux,BFC
fa962b92120bb70693a4db545f89067eb3373294,121,23,41,8,linux,BIC
7757ddda6f4febbc52342d82440dd4f7a7d4f14f,36,0,4,2,linux,BIC
f786b752098216fedb73ba2905c8cce12358534a,0,0,1,1,linux,BFC
6c9a8cdad48a04795dbc35ac3370afa3180045ae,0,5,24,1,linux,BFC
0afb6b660a6b58cb336d1175ed687bf9525849a4,255,0,0,5,linux,BIC
e1bbdd57047454dad068dc36612dd60a57f4c58f,9,2,3,2,linux,BIC
f6fede8569689dd31e7b0ed15024b25e5ce2e2e5,5,3,1,1,linux,BFC
ef1491e791308317bb9851a0ad380c4a68b58d54,0,0,1,1,linux,BFC
cbdc666f3e842b01d4537933e0a64f1e7cf17017,0,2,0,1,linux,BFC
d91c411c744b55e860fbafc9a499f4f22d64c762,3,0,0,1,linux,BIC
3aafe923987cb4a15e16f03c6185ed4b6a78ca00,0,0,3,1,linux,BFC
1c5e08099022942cd530c99f5f292c735acc288f,3,2,1,1,linux,BFC
513674b5a2c9c7a67501506419da5c3c77ac6f08,10,1,3,4,linux,BIC
f81ef4a920c8e1af75adf9f15042c2daa49d3cb3,972,0,0,2,linux,BIC
6647e6cdba753e71170be7da2acfead7154f56d8,0,6,2,1,linux,BFC
6c3218c6f7e5be6d785486797d48203d54cfd893,959,0,4,4,linux,BIC
f3ee9096fcaf55eae37dfb58603c4dbff6f0a7c9,0,0,1,1,linux,BFC
6592ad2fcc8f15b4f99b36c1db7d9f65510c203b,17,1,16,3,linux,BIC
04b25a495bd68c1dad07263fb91e8b5a31c00a9e,3,0,1,1,linux,BIC
8592eb959ad4878c29b09e82934a25ed7c81e3c7,2,0,0,1,linux,BFC
48eb5b9c3dd2768b6a4de9c1eab606820fd84192,0,2,1,1,linux,BFC
3ae72f6ab9c1f688bd578cdc252dabce65fdaf57,21,2,5,1,linux,BFC
9db419f0cb39a63fb2f645a846cae17b81cd5c96,1,0,1,1,linux,BFC
b9ceca6be43233845be70792be9b5ab315d2e010,0,0,1,1,linux,BFC
76e87d96b30b5fee91b381fbc444a3eabcd9469a,25,65,27,1,linux,BIC
48fa362b6c3f4d69bdb6310b46626049092475e0,4,32,7,2,linux,BIC
dc8ef8cd3a05632bf15ce8714d6b84ece2836fe9,46,2,0,24,linux,BIC
27450653f1db0b9d5b5048a246c850c52ee4aa61,438,0,0,2,linux,BIC
e788a3cd5787aca74e0ee00202d4dca64b43f043,0,0,1,1,linux,BFC
e4f13ad07823b24a1537518d2163bd164292fb10,1,0,1,1,linux,BFC
30c4a5b0aad8aca80fa5c3d6f73229d90fe04d63,43,0,16,1,linux,BIC
3b42055388c30f2761a2d9cd9af2c99611dfe457,34,6,9,1,linux,BIC
573d41757c47cb71cd572236685d4c9e6cacc06c,1,0,0,1,linux,BFC
dc26935fb60e8da8d59655dd2ec0de47b20d7d8f,2,0,0,1,linux,BFC
fcb0ee6a3d331fb23dbb546500021f6e4cac5689,117,0,3,2,linux,BIC
43d05de2bee7561b7958628b7c27c89b779de990,3,0,0,1,linux,BIC
46cfe8eee285cde465b420637507884551f5d7ca,1,0,1,1,linux,BFC
13dfead49db07225335d4f587a560a2210391a1a,0,4,11,2,linux,BFC
721a94b4352dc8e47bff90b549a0118c39776756,9,2,4,1,linux,BFC
71c86cda750b001100e0d6dc04a88449b7381a59,53,39,4,4,linux,BFC
faf1d25440d6ad06d509dada4b6fe62fea844370,16,3,5,2,linux,BIC
fcc86cb45d38ca2f24bcea9c29c7f4742041caed,6,0,0,1,linux,BFC
1c7a4c24fbfd99442cc6e14dc80fcb00f118e8b8,748,0,7,4,linux,BIC
7ba13abbd31ee9265e88d7dc029c0f786e665192,28,8,37,27,linux,BIC
02b0e0c18ba75227e0482600950c6abe71ace30f,99,38,36,2,linux,BIC
6d1f9dfde7343c4ebfb8f84dcb333af571bb3b22,0,0,2,1,linux,BFC
1fc4d33fed124fb182e8e6c214e973a29389ae83,8,1,17,3,linux,BIC
e9748e0364fe82dc037d22900ff13a62d04518bf,1,0,3,1,linux,BFC
787eb485509f9d58962bd8b4dbc6a5ac6e2034fe,0,5,27,1,linux,BIC
fbe7e42515af6c2ecee04b1c851f78de1d190281,0,0,2,1,linux,BFC
d4679ac8ea2e5078704aa1c026db36580cc1bf9a,6,0,4,1,linux,BFC
b3d051477cf94e9d71d6acadb8a90de15237b9c1,14,0,13,5,linux,BFC
583e6361414903c5206258a30e5bd88cb03c0254,16,0,19,7,linux,BIC
4f416db98beaef2f047709e4693b0a4c64d9bbf8,0,11,0,1,linux,BFC
1df3e5b3feebf29a3ecfa0c0f06f79544ca573e4,0,0,1,1,linux,BFC
b27e35ae5b1804078cfd177082429eea9de01885,105,0,0,5,linux,BIC
dfb58b1796d19c8405a38eb457f97669440c59d4,0,0,1,1,linux,BFC
903f2194f74bbd289f3170114035d472a36a8ab4,1,0,0,1,linux,BFC
cfd278c280f997cf2fe4662e0acab0fe465f637b,1,0,1,1,linux,BFC
8c4905b995c649ac71e21611abc2fcefc904b56a,26,0,0,3,linux,BIC
676b2daabaf9a993db0e02a5ce79b984aaa0388b,6,0,4,2,linux,BFC
5db465f235e74293e285e1fa924a55e52ba52a98,0,0,1,1,linux,BFC
a39a6405d5f949bc651694028a55d74c514ef1f9,168,0,1,1,linux,BIC
b166010f6afbadb896efa37ff85eb681a8f89392,0,12,0,1,linux,BFC
fccb4e3b8ab0957628abec82675691c72f67003e,22,0,3,1,linux,BIC
c3497fd009ef2c59eea60d21c3ac22de3585ed7d,16,0,4,2,linux,BFC
384b40caa8afae44a54e8f69bd37097c0279fdce,208,3,13,8,linux,BIC
0af5160edb87b1868eba514422d3991628a018f8,1,0,0,1,linux,BFC
61ab0d403bbd9d5f6e000e3b5734049141b91f6f,0,2,6,1,linux,BFC
d862b44133b7a1d7de25288e09eabf4df415e971,0,9,1,1,linux,BFC
4b68bf9a69d22dd512d61d5f0ba01b065b01ede6,38,6,19,4,linux,BIC
d5c137f41352e8dd864522c417b45d8d1aebca68,1,0,1,1,linux,BFC
acd46a6b6de88569654567810acad2b0a0a25cea,5,0,0,1,linux,BFC
12e510dbc57b29b4314cd792851532bea76b4715,7,0,4,1,linux,BIC
93fe86281259cffe99e84aa945d71497cb7a727f,0,0,2,1,linux,BFC
e7c7faa936680a2f0e78fc6d9683a5728421a150,3,0,3,1,linux,BFC
549985ee9c723fea8fd7759b5046fb8249896d50,53,108,51,2,linux,BIC
7199ddede9f0f2f68d41e6928e1c6c4bca9c39c0,2,0,0,1,linux,BFC
13bec8d49bdf10aab4e1570ef42417f6bfbb6126,31,0,6,1,linux,BIC
30ed49b55b6e44e004c3095671e74fea93ee84cb,0,0,0,1,linux,BIC
aa662fc04f5b290b3979332588bf8d812b189962,10,0,0,1,linux,BFC
66ab33bf6d4341574f88b511e856a73f6f2a921e,2,0,0,1,linux,BFC
a6e62743621ea29bea461774c0bcc68e5de59068,1,0,1,1,linux,BFC
15f8f168952f54d3c86d734dc764f20844e423ac,31,0,0,1,linux,BFC
eddb7732119d53400f48a02536a84c509692faa8,21,1,0,1,linux,BIC
163152cbbe32177154cb6a2832b5c15324669bc1,410,0,0,1,linux,BIC
5abbe51a526253b9f003e9a0a195638dc882d660,13,3,8,6,linux,BFC
1e15f5b911d6a1b4a5677e88527610946bd314dd,16,16,2,1,linux,BIC
721a09e95c786346b4188863a1cfa3909c76f690,0,5,1,1,linux,BFC
883743422ced8c961ab05dc63ec81b75a4e56052,17,15,3,1,linux,BFC
53552d5df6694f68f276b2e86f8162d0ef7cad93,2,0,0,1,linux,BFC
80a2a9026b24c6bd34b8d58256973e22270bedec,9,0,0,2,linux,BFC
7a6a53b2b1a3e68b69cd75a74783f4d8fd5b6fb5,0,0,1,1,linux,BFC
1328c727004d432bbdfba0ffa02a166df04c7305,6,0,0,1,linux,BFC
df86af9133b4958a04c44828d29617eb1a6ff31c,86,6,26,2,linux,BIC
bee3c3c91865d520cb692689500df051e4ca3dd6,97,0,9,3,linux,BIC
b008f4a195af92052f69a10869a06e9c403efe63,1,0,0,1,linux,BFC
c35f78d7a422750917029d20d9e57000b1181d75,0,1,0,1,linux,BFC
f8ee25d7d2395212ba614ba08c12d1255f612f0e,88,0,0,2,linux,BIC
d11913f2fb39af2c1f334fba2dd30d3561c5b3a9,0,0,1,1,linux,BFC
f47cd9b553aaada602449204513b5a5b29cba263,10,0,1,2,linux,BIC
7d82fcc9d9e81241778aaa22fda7be753e237d86,0,0,1,1,linux,BFC
75db7907355ca5e2ff606e9dd3e86b6c3a455fe2,0,0,2,1,linux,BFC
018d4671b9bbd4a5c55cf6eab3e1dbc70a50b66e,3,0,0,1,linux,BFC
38ba64d12d4cf9fa260c45d7398e2a24afaceefa,100,0,0,1,linux,BIC
11c9cc95f818f0f187e9b579a7f136f532b42445,6,0,0,1,linux,BIC
e8a50f8ba44b6933b2a39b6a65528b9a4e8ba5f3,169,0,13,5,linux,BIC
d55d9e7a4572182701ed0b62313b4f22e544e226,12,13,17,1,linux,BIC
d7df2443cd5f67fc6ee7c05a88e4996e8177f91b,3,14,2,1,linux,BFC
cbce91cad4ee39070bf3c7873767194e4be88e16,0,2,0,1,linux,BFC
23c570a67448e803408191f529ed9a83fd34a25a,83,3,15,1,linux,BIC
5341b93dea8c39d7612f7a227015d4b1d5cf30db,4,0,12,1,linux,BFC
32937a82f36c7bbe08db4052de94bc7ade4e3c51,0,0,1,1,linux,BFC
c66d039197e42af8867e5d0d9b904daf0fb9e6bc,0,8,5,3,linux,BIC
03758d60265c773e1d06d436b99ee338f2ac55d6,18,34,14,3,linux,BIC
9df15d842a0f77f2b8ee29386f6d714e4220df57,3,0,1,1,linux,BFC
557ccbf9dfa8de133b9247af42f0c5760bb103f0,240,33,4,3,linux,BIC
e566fc11ea76ec10a42fc92c5561ace4479770dd,16,89,52,2,linux,BIC
c00e1d09e3053c6af6a7f6d405b5b455f247d5d4,1,0,0,1,linux,BFC
012d69fbfcc739f846766c1da56ef8b493b803b5,7,0,4,1,linux,BFC
0d43d7ab277a048c4b1455ee00030933e1bd5fa3,693,0,0,1,linux,BIC
bbb3be170ac2891526ad07b18af7db226879a8e7,11,1,13,3,linux,BFC
2c04c5b8eef797dca99699cfb55ff42dd3c12c23,40,19,14,1,linux,BIC
7078a5ba7a58e5db07583b176f8a03e0b8714731,11,0,0,1,linux,BIC
58995a9a5b292458f94a2356b8c878230fa56fe0,0,0,1,1,linux,BFC
f87bccde6a7dd1bdb219a4045e8ac111590c9314,0,7,5,1,linux,BIC
11023d3f5fdf89bba5e1142127701ca6e6014587,2,0,0,1,linux,BFC
f58423aeab28f861b67933206f322f764f05787d,8,0,0,1,linux,BFC
6347e90091041e34bea625370794c92f4ce71228,33,1,0,2,linux,BIC
23122a4d992b5d5a660155e2c4640e5a93cc957d,43,34,0,3,linux,BIC
23540d6e2f3193b946c4de43e3f9654fa6d23fe7,0,7,7,1,linux,BFC
2fc863a5143d64b8f06576cc3d7fd5622c5cf3b5,2,0,1,1,linux,BFC
bd1248f1ddbc48b0c30565fce897a3b6423313b8,2,0,5,5,linux,BFC
582d37bbb613b8ad86bf82845d3a74a02a5a0fa1,6,0,0,2,linux,BFC
83ba7e895debc529803a7a258653f2fe9bf3bf40,5,0,6,1,linux,BFC
68a24a6cc4a6025e111c282186a2506281d79b4b,36,0,28,5,linux,BIC
712a8038cc24dba668afe82f0413714ca87184e0,5,0,0,1,linux,BFC
74befa447e6839cdd90ed541159ec783726946f9,6,0,0,2,linux,BFC
06282373ff57a2b82621be4f84f981e1b0a4eb28,6,0,0,1,linux,BFC
1bc0eb0446158cc76562176b80623aa119afee5b,20,15,5,1,linux,BIC
c34b961a249211bdb08d03bdecfb31ff22eb002f,134,0,1,2,linux,BIC
2e85abf053b99a6488f1b529d7aa3b8d7478adae,0,2,0,1,linux,BIC
02cf91c113eacd069d58633871a1ccf3b17a33d6,28,29,0,1,linux,BIC
4a8108b70508df0b6c4ffa4a3974dab93dcbe851,2,0,0,1,linux,BFC
286d966b21587b6303081b902f5c5e30b691baf5,0,0,1,1,linux,BFC
4999d703c0e66f9f196b6edc0b8fdeca8846b8b6,2,0,4,1,linux,BFC
1a1ebd5fb1e203ee8cc73508cc7a38ac4b804596,1,0,0,1,linux,BIC
6d69b1f1eb7a2edf8a3547f361c61f2538e054bb,38,0,0,4,linux,BFC
504723af0d85434be5fb6f2dde0b62644a7f1ead,150,0,0,8,linux,BIC
f87f3a328dbbb3e79dd53e7e889ced9222512649,0,0,4,1,linux,BFC
55e55920bbe3ccf516022c51f5527e7d026b8f1d,17,15,8,1,linux,BFC
7dab83de50c7b2b7ceac695a0b56fa6c0f95b0bc,83,0,10,6,linux,BIC
b127315d9a78c011c011b88b92f650510edcfbd2,818,0,0,1,linux,BIC
b6498aad59b091e5618a9f05e7636e2ad2c6732d,0,1,2,1,linux,BFC
3b5ee8dd8bb1a0f820eb5c85e31f92a2897bfa3d,3,0,0,1,linux,BIC
d20e834e13ce349c9b901b9dd8b7013e255083e8,1,0,1,1,linux,BFC
1aca9939bf72893887cb7e3455e44c864bada2f9,1430,0,0,7,linux,BIC
2fb3e82284fca40afbde5351907f0a5b3be717f9,0,12,2,1,linux,BIC
7d7e1eba7e92c2f9c76db80adc24836e7a114bfb,50,25,213,54,linux,BIC
045a282ca41505184e8fc805335d1f5aae0c8a03,124,0,1,1,linux,BIC
6135b71159de3bc66964ad9157f1a62a77590006,0,9,0,3,linux,BFC
228ec87ccd040b620c467cd61d594bfaa4f8a12e,0,0,1,1,linux,BFC
ca1cd36cef00260db6b35b32d863e0c580c0488d,2,6,5,1,linux,BFC
b42b0bddcbc87b4c66f6497f66fc72d52b712aa7,6,0,7,1,linux,BFC
b5d721eaae47eaa4b4c2754699dadacc4cbca2e0,10,7,1,1,linux,BFC
8d09e6b8b9c9969ac59496dc21e10b67fe727e7e,0,0,2,2,linux,BFC
2bda24ef95c0311ab93bda00db40486acf30bd0a,19,0,2,1,linux,BFC
557529494d79f3f1fadd486dd18d2de0b19be4da,0,51,2,1,linux,BFC
77347eda64ed5c9383961d1de9165f9d0b7d8df6,3,0,2,1,linux,BFC
9b7493468fa7eeef2e86b8c646c0535c00eed3e2,0,0,1,1,linux,BFC
7b2b16ee54cc08e268ddae59152cc99ec8275e1c,2,0,1,1,linux,BFC
d3256efd8e8b234a6251e4d4580bd2c3c31fdc4c,103,0,13,1,linux,BIC
df1acc856923c0a65c28b588585449106c316b71,41,18,8,1,linux,BIC
52d210d961a62a9662e27f14d6505d6741b2fb02,0,1,0,1,linux,BFC
540a152da762a2360e0dac18e2eafff2775c4670,2,0,3,3,linux,BIC
e0d78afeb8d190164a823d5ef5821b0b3802af33,0,0,1,1,linux,BFC
d435d53228dd039fffecae123b8c138af6f96f99,158,0,43,1,linux,BIC
9b174527e7b756cda9f5d9e541f87b7fec9cfdf0,9,0,116,116,linux,BFC
50756ebecf69276b8a908409fa32c123bb12420b,2,0,1,1,linux,BFC
c7caf8d3ed7a6617aa0a3083815c439bd952c45c,19,5,13,1,linux,BIC
21f621741a770c119e7529a3f5c0e6b7c91383a3,36,18,8,3,linux,BFC
fcf918ffd3b35e288097036c04af7446b2c6f2f1,0,0,1,1,linux,BFC
1eeb6328e8b3a917ba0be4965f272147dbd4cf55,826,0,2,3,linux,BIC
b721420e8719131896b009b11edbbd27d9b85e98,60,0,0,1,linux,BIC
a44ca8f5a30c008b54d07b00eed4eae7f169fcd0,12,2,1,1,linux,BFC
7b410d9ce460f70e346d91d8cfbdd2cb054eb775,35,0,32,1,linux,BIC
e0917f879536cbf57367429d084775d8224c986c,8,0,12,3,linux,BFC
0fec8617a1df7b676b8a1d7afea2c4af1f4f963e,0,0,1,1,linux,BFC
3bc52c45bac26bf7ed1dc8d287ad1aeaed1250b6,144,0,4,3,linux,BIC
2a682f821941e28fb9ceaa1dd03ccfaea0448101,3,0,0,1,linux,BFC
17ad4662595ea0c4fd7496b664523ef632e63349,3,0,1,1,linux,BFC
d99247f9b542533ddbf87a3481a05473b8e48194,8,0,7,1,linux,BFC
3f9c6d38797e9903937b007a341dad0c251765d6,4,1,2,1,linux,BFC
ad5185735f7dab342fdd0dd41044da4c9ccfef67,2,0,4,2,linux,BFC
ce548396a4334a4c6e9faada8db89dacf35822b2,0,121,0,4,linux,BIC
196639ebbe63a037fe9a80669140bd292d8bcd80,10,15,2,3,linux,BFC
57350bd41c3ac01bcae1d94e2c85d47dd90b6a3f,284,0,0,1,linux,BIC
8490987bdb9a74904c2b0b0e0310809376d7a034,2,0,0,1,linux,BIC
b63aed3ff195130fef12e0af590f4838cf0201d8,1,1,2,1,linux,BFC
ffcc39364160663cda1a3c358f4537302a92459b,152,18,40,5,linux,BIC
6fb6e6371f8c463020a41cc0ed1915e140219c3d,0,0,1,1,linux,BFC
a00cebf51d5ceed8ba9f6fac5fb189b38cd5a7c2,0,0,2,1,linux,BFC
e62a123b8ef7c5dc4db2c16383d506860ad21b47,4,1,4,1,linux,BFC
ff924c5a1ec7548825cc2d07980b03be4224ffac,0,0,1,1,linux,BFC
5c422f0b970d287efa864b8390a02face404db5d,0,0,1,1,linux,BFC
9915672d41273f5b77f1b3c29b391ffb7732b84b,7,0,0,1,linux,BIC
74b2fc882d380d8fafc2a26f01d401c2a7beeadb,0,0,2,1,linux,BFC
04e35f4495dd560db30c25efca4eecae8ec8c375,5,0,1,1,linux,BFC
1c0d32fde5bdf1184bc274f864c09799278a1114,25,109,157,17,linux,BIC
80f2388afa6ef985f9c5c228e36705c4d4db4756,3,0,3,1,linux,BFC
c56ac7a0f468ceb38d24db41f4446d98ab94da2d,5,2,0,1,linux,BFC
1764b992be0f1c4295d2d9572ec46d568bd3fc14,62,8,12,3,linux,BFC
1b43d7125f3b6f7d46e72da64f65f3187a83b66b,2,0,1,1,linux,BFC
58cdbc6d2263beb36954408522762bbe73169306,27,14,14,1,linux,BFC
5e1bc251cebc84b41b8eb5d2434e54d939a85430,4,0,0,1,linux,BFC
c48a11c7ad2623b99bbd6859b0b4234e7f11176f,11,0,0,1,linux,BIC
20366e19e28f9954b25580c020d7a4e0db6055c4,10,0,0,1,linux,BFC
d1ca19cb3bc88318a54643f7a250ec6abab51108,0,0,1,1,linux,BFC
0f8a2b7772f75d155c95ce3d023b81ad911234c9,2,0,0,1,linux,BFC
949fe9b35570361bc6ee2652f89a0561b26eec98,0,1,4,1,linux,BFC
fff8019a08b60dce0c7f2858ebe44c5b84ed493b,51,1,10,2,linux,BIC
30b869e77a1c626190bbbe6b4e5f5382b0102ac3,8,0,1,1,linux,BFC
6da88a82df758de32c2346084b08c18b692481b0,0,0,1,1,linux,BFC
02390b87a9459937cdb299e6b34ff33992512ec7,4,0,6,3,linux,BIC
a6e6b63ee2798f18e0e786feb407cc7846077ea3,9,0,0,1,linux,BFC
09540fa337196be20e9f0241652364f09275d374,0,9,0,1,linux,BFC
9fe6299dde587788f245e9f7a5a1b296fad4e8c7,18,5,8,4,linux,BFC
8c67d06f3fd9639c44d8147483fb1c132d71388f,32,0,0,1,linux,BIC
93cd12d6e88a4c6f9204633ff07781cde741e89e,35,11,7,3,linux,BIC
754a76591b12c88f57ad8b4ca533a5c9566a1922,1,3,3,1,linux,BIC
c6adf77953bcec0ad63d7782479452464e50f7a3,315,0,1,1,linux,BIC
6ab4c3117aec4e08007d9e971fa4133e1de1082d,2,0,0,1,linux,BFC
65038428b2c6c5be79d3f78a6b79c0cdc3a58a41,41,1,11,3,linux,BIC
f79a609ea6bf54ad2d2c24e4de4524288b221666,4,0,2,1,linux,BIC
929a031dfd62aae34bf8e728f712e6751e416d1f,9,15,25,1,linux,BIC
18b915ac6b0ac5ba7ded03156860f60a9f16df2b,0,0,1,1,linux,BIC
39d0099f94390eb7a677e1a5c9bb56a4daa242a1,17,0,0,2,linux,BIC
74c1f1366eb7714b8b211554f6c5cee315ff3fbc,3,0,0,1,linux,BFC
5ea47691bd99e1100707ec63364aff72324e2af4,13,0,6,1,linux,BFC
6b0a249a301e2af9adda84adbced3a2988248b95,78,0,0,4,linux,BIC
42b2547137f5c974bb1bfd657c869fe96b96d86f,49,0,6,1,linux,BIC
7b844cf445f0a7daa68be0ce71eb2c88d68b0c5d,0,2,1,1,linux,BFC
e87569cd6c57cfe8c3fbbd20a5cf5cefb8b14156,9,0,1,1,linux,BIC
b911c97c7dc771633c68ea9b8f15070f8af3d323,360,3,4,5,linux,BIC
e622f2f4ad2142d2a613a57fb85f8cf737935ef5,229,63,923,63,linux,BIC
6389075eff7dc1e6db39203c968394486c13b3e2,0,0,1,1,linux,BFC
35a9f9363a89aa964c85b769c434a42b8b0f4b0d,65,2,2,3,linux,BIC
2e6ce8313a53b757b28b288bf4bb930df786e899,0,0,1,1,linux,BFC
8c14586fc320acfed8a0048eb21d1f2e2856fc36,36,0,2,1,linux,BIC
cc7335786f7278d66bdcf96d3d411edfcb01be51,0,0,1,1,linux,BFC
1fcb6a813c4f67a0ba189b0d057b70ba084f6e1a,0,38,0,3,linux,BIC
6cd18e711dd8075da9d78cfc1239f912ff28968a,2,2,3,4,linux,BIC
e585e6469d6f476b82aa148dc44aaf7ae269a4e2,14,1,3,2,linux,BIC
1d6b1e4649500c170fb6e243c0b92f40bb8a0185,2106,0,0,3,linux,BIC
db6903010aa5b7691d8234a179f4cf71a119445a,17,0,6,2,linux,BIC
de9be772c6794f27d1aa02d90d370b724cb67fd7,0,0,2,1,linux,BFC
87e9201108b7d63cc4a50faca3baad48c4ec99f8,2,0,1,1,linux,BFC
cdb07bdea28ebf1286a979501620745680596365,0,2,1,1,linux,BFC
3c97be6982e689d7b2430187a11f8c78e573abdb,3,4,0,1,linux,BFC
ea5751ccd665a2fd1b24f9af81f6167f0718c5f6,1,2,5,1,linux,BFC
214baf22870cfa437522f3bd4fbae56338674b04,1478,13,34,14,linux,BIC
2284f47fe9fe2ed2ef619e5474e155cfeeebd569,1,0,0,1,linux,BFC
22d5aa3a4570b1419003d19992080c423dbf1734,0,1,2,1,linux,BFC
bbc180a5adb05ee8053fab7a0c0bd56c5964240e,50,43,37,11,linux,BIC
c37a01779b3954d9c8f9ac4f663a03c11f69fded,2,0,2,1,linux,BFC
1cc1e4c8aab4213bd4e6353dec2620476a233d6d,21,0,6,5,linux,BIC
b5563094d7dffac4dda654db476036b97a614e3a,0,0,1,1,linux,BFC
20932750d9c78d307e4f2f18f9c6a32b82b1e0e8,1,0,0,1,linux,BFC
42f2bb1c494543084b764e1ca253c73db910daf2,1,0,0,1,linux,BFC
021b77bee210843bed1ea91b5cad58235ff9c8e5,0,0,1,1,linux,BFC
469ff207b4c4033540b50bc59587dc915faa1367,2,0,6,1,linux,BFC
0c159ffef628fa94d0f4f9128e7f2b6f2b5e86ef,11,12,1,4,linux,BIC
2b405bfa84063bfa35621d2d6879f52693c614b0,1,0,1,1,linux,BIC
11fa7cb86b56d3610043ba2ac6cbd81feab4b7c4,72,0,11,4,linux,BIC
8cf97637ff8891be040bac37b96dd97e5996ca93,12,0,1,1,linux,BFC
1139d336fff425f9a20374945cdd28eb44d09fa8,0,0,1,1,linux,BFC
afa0f557cb15176570a18fb2a093e348a793afd4,0,15,35,9,linux,BIC
3ad1a6cb0abc63d036fc866bd7c2c5983516dec5,0,3,15,1,linux,BFC
eb4b248e152d3ecf189b9d32c04961360dbd938a,111,2,1,3,linux,BIC
3f268f5d6669b61e38ad65095480cdf80389ae40,12,4,23,4,linux,BIC
dbec3af5f13b88a96e31f252957ae1a82484a923,0,0,2,1,linux,BFC
bf8486709ac7fad99e4040dea73fe466c57a4ae1,0,0,1,1,linux,BFC
71878fa46c7e3b40fa7b3f1b6e4ba3f92f1ac359,0,1,1,1,linux,BFC
1822b4dedc4d8cab96fd1d87bf8ff98194e29d9b,0,0,2,1,linux,BFC
cd656375f94632d7b5af57bf67b7b5c0270c591c,10,0,2,2,linux,BFC
8ef5849fa8a2c7894885e27ee8c8fe06e21a88fd,17,0,3,1,linux,BIC
1c87b85162975627d684a234d7347ef630f0e3aa,5,1,8,2,linux,BFC
63ed8de4be81b699ca727e9f8e3344bd487806d7,80,2,114,2,linux,BIC
23e35c0eb81a23d40c079a7eb187fc321fa1deb7,0,0,4,1,linux,BFC
c208505900b232ecdc81dee54cb3a032e75d88d6,60,26,4,3,linux,BIC
8c058b0b9c34d8c8d7912880956543769323e2d8,23,5,4,3,linux,BFC
e2932d1f6f055b2af2114c7e64a26dc1b5593d0c,6,0,5,1,linux,BFC
5778d39d070b4ac5f889928175b7f2d53ae7504e,3,0,1,1,linux,BFC
d29926fa5f580565a7240c4d6a428795c773fb76,0,0,2,1,linux,BFC
07120f1abdff80f3d1351f733661abe28d609535,139,33,58,4,linux,BIC
8bb8aefd5afb54a25a002feb4ec70011812d06a0,0,0,1785,25,linux,BIC
3bc2b2348835f6edd33c383a2fbcf15fe3dac3b2,722,0,2,5,linux,BIC
5e9d398240b2292b1091f921d29bbab374b755fd,0,0,1,1,linux,BIC
6a0d0ae3e8b533d6de627c814c60264b9a85bad6,2,0,3,1,linux,BFC
c3d59cfde9cc1fa699eb6bf0d3ce4156354e3a98,0,0,1,1,linux,BFC
7fc17e909edfb9bf421ee04e981d3d474175c7c7,0,0,1,1,linux,BFC
238965b71b968dc5b3c0fe430e946f488322c4b5,6,0,5,1,linux,BFC
05f224ca669398b567d09feb6e2ceefcb7d7f945,13,0,3,1,linux,BIC
28ec344bb8911bb0d4910456b22ba0dd4f662521,11,0,1,3,linux,BIC
1e1601b38e6e0179fafafc4db2c4ccb71d0854c4,43,22,9,1,linux,BIC
4747639f01c9247250b351e02c179b337de7a159,7,5,5,2,linux,BIC
bbc605cdb1e15aafaec899fedc385dc75dddac0e,350,0,7,5,linux,BIC
2f6adf481527c8ab8033c601f55bfb5b3712b2ac,2,0,3,1,linux,BFC
03c8b234e61a9a3aab8d970b3bf681934ecfe443,59,690,59,14,linux,BIC
a33710bdb6b284f8f1e24f1119d167037b374ebb,14,2,2,1,linux,BFC
1782663897945a5cf28e564ba5eed730098e9aa4,27,0,0,2,linux,BFC
2a6cdbdd4cc0da0b0190b9a43648dff7b44adc0a,50,12,89,3,linux,BIC
716ad0986cbd1d3b2ab3f6d23144a94638dac20b,0,1,2,1,linux,BIC
26984c3bc29aa15b705475177842feddcd3d9df0,0,0,1,1,linux,BFC
6a6d6681ac1add9655b7ab5dd0b46b54aeb1b44f,40,0,0,2,linux,BIC
d78d3343dce7787a5f7fd0b3d522a3510fd26ef9,10,13,1,1,linux,BFC
09aa9e45863e9e25dfbf350bae89fc3c2964482c,0,0,1,1,linux,BIC
96be39ab34b77c6f6f5cd6ae03aac6c6449ee5c4,44,6,19,1,linux,BIC
740aa95703c59d8b59adb78c65efa08714f66ebb,1,15,50,1,linux,BIC
e229c877cde141a4c46cb603a341ce8c909e9a98,3,0,1,1,linux,BFC
1fc7c1ef37f86f207b4db40aba57084bb2f6a69a,1,0,2,1,linux,BFC
45ee50461c249666e1aa050bb8a7d0785f1c79f5,0,0,2,1,linux,BFC
5f6b6ccdbe1cdfa5aa4347ec5412509b8995db27,659,0,0,1,linux,BIC
fd27234f24ae11bd6a79234d9d30033152342085,4,0,0,1,linux,BIC
7055fb11311622852c16463b1ccaa59e7691e42e,1,3,1,2,linux,BIC
bb29b9cccd95feeb43e11e9b1c2479777082e28a,19,0,2,2,linux,BIC
53636068d8d6a08ca99949e2094b2b04ececa2d8,0,12,7,1,linux,BFC
444e38927d9af093de7cdc6afbb7afdc3485da2d,2,0,2,1,linux,BFC
3908fcddc65d04e069b03be49b33fae90e424631,4,0,3,2,linux,BIC
19426bdedb72b965db0ebf2106e95e9eeb3b5935,1,0,0,1,linux,BFC
2c36395430b0443751cf78903e3c3a37cae0f8d1,0,2,3,1,linux,BIC
7458bd540fa0a90220b9e8c349d910d9dde9caf8,4,0,0,2,linux,BIC
a6763625ae6f8aa5ee82fcd8fa4e5e38db20dbc6,0,0,1,1,linux,BFC
64ebb57a3df6c7126532f8acd22b0612867ad3e0,148,0,4,4,linux,BIC
3d1e5039f5f87a8731202ceca08764ee7cb010d3,0,0,1,1,linux,BFC
08a100689d4baf296d6898c687ea8d005da8d234,37,33,15,1,linux,BIC
bbf852b96ebdc6d1be7a67143824523280bbcf44,5,0,6,1,linux,BIC
0b924e5505a568e7a70e07b529a02ed12295ff7c,35,16,1,1,linux,BIC
1a7b12f69a9434a766e77c43d113826f0413b032,32,15,42,1,linux,BIC
a71dcd3757e29cc8b43383ff18595d707cf08345,0,3,0,1,linux,BFC
32ecc75ded72e0425713a7ffe2050fef6e54e564,46,25,2,4,linux,BIC
a47686636d84eaec5c9c6e84bd5f96bed34d526d,0,0,4,1,linux,BFC
9aafabc7fece13c8e2a1f680908c73ee19f0f79b,32,0,3,2,linux,BFC
d5ab95da2a41567440097c277c5771ad13928dad,0,0,1,1,linux,BFC
e44815a295a50027a9953f3ef62827d14631b96b,0,0,1,1,linux,BFC
67bcc2c5f1da8c5bb58e72354274ea5c59a3950a,2,0,6,1,linux,BFC
534fd7aac56a7994d16032f32123def9923e339f,95,0,1,4,linux,BIC
d0cf3dd47f0d5d3bc366063f455215b99b06d62b,3,14,36,2,linux,BFC
3b0c2d3eaa83da259d7726192cf55a137769012f,0,10,1,1,linux,BFC
ee2413eeed767d1fb794651e63e45c5e292c8180,421,0,4,3,linux,BIC
6002059d7882c3512e6ac52fa82424272ddfcd5c,28,0,11,1,linux,BFC
c92d2f38563db20c20c8db2f98fa1349290477d5,10,0,0,1,linux,BFC
d479960e44f27e0e52ba31b21740b703c538027c,73,1,13,7,linux,BIC
e4e6ec7b127c97fbfa92161d0fc69f526f603e97,941,0,0,1,linux,BIC
851c1a18c5412fd321e387cfe60739387cdbf37d,7,14,11,2,linux,BFC
4a5da47d5cb6aba3c26a5cc0dddfb2d577e851e9,51,7,7,6,linux,BFC
93a7e7e837af6846052481da974320c19ab82e5c,0,36,2,3,linux,BIC
d1e9a4f547354ca258b6200ab6b1f0e4909b92e8,78,0,0,2,linux,BIC
63e39aa6ae103451dfffe578c38e219d731e5cca,133,0,3,4,linux,BIC
7d537a8d2e76bc4fc71e34545ceaa463ac2cd928,2,2,2,1,linux,BFC
54db804d5d7d36709d1ce70bde3b9a6c61b290b6,1,0,2,2,linux,BFC
2abc330c514fe56c570bb1a6318b054b06a4f72e,8,0,5,1,linux,BFC
1846ac3dbec0894095520b2756b68c4fd81e3fbb,0,0,20,4,linux,BIC
b1be2e8cd290f620777bfdb8aa00890cd2fa02b5,2,0,0,1,linux,BFC
df5da47fe722e36055b97134e6bb9df58c12495c,148,0,13,1,linux,BIC
97c463b258edaa67f066913dfb25224c78a8d9b4,0,0,1,1,linux,BFC
cb3c7fd4f8393e0c42cbb13367b60454ae4e05f7,407,0,7,5,linux,BIC
85eac4700ede7c583aab29ad6bdfe135f693c29b,3,20,6,7,linux,BIC
fab4f97e1fe33cf08e58c09cf9eee334857d9fe7,5,12,10,1,linux,BFC
ffeee83aa0461992e8a99a59db2df31933e60362,1,0,0,1,linux,BFC
31e07aa33fa7cdc93fa91c3f78f031e8d38862c2,0,0,3,1,linux,BFC
2db1f959d9dc16035f2eb44ed5fdb2789b754d6a,154,4,20,2,linux,BIC
05c74e5e53f6cb07502c3e6a820f33e2777b6605,34,0,1,2,linux,BIC
4f1b1519f7bec44ded3c2c4d46a2594c01446dc8,4,0,0,1,linux,BFC
07bfcd09a288551b4377836a11c6250e1fd01e6d,1091,0,1,4,linux,BIC
4eba7bb1d72d9bde67d810d09bf62dc207b63c5c,1,0,2,1,linux,BFC
9a69f5087ccc20bb411025decab455836df04168,8024,0,0,15,linux,BIC
67a75194bce07669bf11e14a24a95f64ebde8b47,0,2,2,1,linux,BFC
230f5a8969d8345fc9bbe3683f068246cf1be4b8,0,0,1,1,linux,BFC
f8da977989c5d5d2f38e025d4ac1e18243723dbb,1,0,0,1,linux,BFC
11ff030c73655ecd7b153c6bd00d26d27e6cc199,8,0,1,2,linux,BIC
ed6c166cc7dc329736cace3affd2df984fb22ec8,1,0,1,1,linux,BFC
e584cdc1549932f87a2707b56bc588cfac5d89e0,37,0,0,1,linux,BFC
159ace7ffe690bcdc7afbd9bab81e05dac2afeac,1,0,0,1,linux,BFC
d28ca864c493637f3c957f4ed9348a94fca6de60,1,0,0,1,linux,BFC
17cf678a33c6196a3df4531fe5aec91384c9eeb5,0,0,1,1,linux,BFC
b64db1b252e9974a43a51ba083fa7d03e4716167,0,1,1,1,linux,BFC
93ef65e5a6357cc7381f85fcec9283fe29970045,6,1,2,1,linux,BFC
0cad855fbd083ee5fd0584a47c2aaa7dca936fd4,443,0,0,1,linux,BIC
58b35f27689b5eb514fc293c332966c226b1b6e4,0,0,1,1,linux,BFC
6c3c719936dafeb5df3a625cd57a674bf1d6ef31,274,1,3,1,linux,BIC
092b1f0b5f9f797812da0de927c3aa26acbe8762,8,0,6,1,linux,BIC
8796c8923d9c4297723ae51c832ea166964970c1,269,0,48,2,linux,BIC
1c33dc1015be482ca1a248981698d75369ce8cdc,0,0,1,1,linux,BFC
e1435a1feb18e198155d16d3d6b500d46e0625c0,118,0,6,2,linux,BIC
1b9b46d05f887aec418b3a5f4f55abf79316fcda,3,0,0,1,linux,BFC
f6755b80d693c585c87b56d1e3034528609d25c2,39,24,30,2,linux,BIC
a379d1ce32f1c97b19d68cffbd195e025dbb9d43,3,0,0,1,linux,BFC
9cb3500afc0980c5d6d44100d9c8217241e260c2,202,0,0,1,linux,BIC
9003ebb13f61e8c78a641e0dda7775183ada0625,0,0,1,1,linux,BIC
0b76e642f9ad2471e899e2dd71b9543b7e85e9f6,1,0,1,1,linux,BFC
5fe8b1cc6a03c46b3061e808256d39dcebd0d0f0,298,0,0,1,linux,BIC
b9ddd5091160793ee9fac10da765cf3f53d2aaf0,0,0,1,1,linux,BFC
10499986dbd8778e1acf9f9d2e166800dfee44b4,1,1,2,1,linux,BFC
4c5681fcc684c762b09435de3e82ffeee7769d21,0,0,4,1,linux,BFC
3a4f326463117cee3adcb72999ca34a9aaafda93,0,0,2,1,linux,BFC
a7ab085d7c16a7367a0c93ee39d0750d23b537f9,52,1,6,1,linux,BIC
a12f996d3413ae41b6c0952013cd7a11396e14eb,5,0,1,1,linux,BIC
55c8bcaeccaa5c6d9e7a432ebd0a1717f488a3f4,8,0,0,1,linux,BFC
34642650e5bc052674b982433631fcc619237225,0,0,0,2,linux,BIC
61d7437ed13906984c44697970ee792ac6271a31,47,0,10,1,linux,BIC
d9820ff76f95fa26d33e412254a89cd65b23142d,9,68,19,6,linux,BIC
c6503be587e9c5c0aac4e2b45de982352f676a5b,0,0,1,1,linux,BFC
eda080eabf5b9555e4d574ba035b0cb8aa42f052,2,0,1,2,linux,BFC
7425e8167507fe512d8ac0825acda4aebf0a7ca0,1,0,0,1,linux,BFC
759635760a804b0d8ad0cc677b650f1544cae22f,5,6,7,1,linux,BFC
7fa1c842caca3b1d8a55a64033403cab8ca8583a,0,12,2,4,linux,BIC
e95433c73a11759203af1cae5958f998c9673370,170,97,146,9,linux,BIC
f40afdddeb6c54ffd1e2920a5e93e363d6748db6,0,0,3,1,linux,BFC
5e3119e15fed5b9a9a7e528665ff098a4a8dbdbc,5,10,9,1,linux,BFC
0469fc6a1a8715b5c09117a26700da0d67061fb5,7,0,6,2,linux,BFC
2c33645d366d13b969d936b68b9f4875b1fdddea,0,0,6,1,linux,BIC
70b8480812d0a3930049a44820a1fa149b090c10,0,1,2,1,linux,BFC
262f2b782e255b7959b6b8fdfd9347558a7003a2,1,11,16,4,linux,BIC
e641a317830b6bd26e6dc2ef5fe2c1c181dd5cc2,59,76,37,7,linux,BIC
998f637cc4b9ef3fa32b196294a3136ee05271a2,43,0,27,1,linux,BIC
2fef99b8372c1ae3d8445ab570e888b5a358dbe9,1,0,0,1,linux,BFC
e5447d26092c72ef3346615ee558c9112ef8063f,0,2,0,1,linux,BFC
69678bcd4d2dedbc3e8fcd6d7d99f283d83c531a,0,0,4,2,linux,BFC
1f87f7d3a3b42b20f34cb03f0fd1a41c3d0e27f3,153,12,17,10,linux,BIC
f1b82746c1e93daf24e1ab9bfbd39bcdb2e7018b,21,43,43,5,linux,BIC
a55bd29d522729e0cb125474396acdc2a107d4d9,8,0,4,1,linux,BIC
b2bc2200e89bf6be01da8a9972fee800891725c0,0,0,6,1,linux,BFC
5fcd266a9f64bc75707f7ddc96427f2e8caaacd5,18,0,5,1,linux,BIC
9aa9379d8f868e91719333a7f063ccccc0579acc,9,0,5,1,linux,BFC
02837a91ae7584e2ac13df816bd0e82bc71ebe73,0,12,37,3,linux,BIC
a02eb975be78171f66a47c103e57e7940d0860a7,7,0,3,1,linux,BIC
86fc3f7074d029ce23271d492a1c8ffee3067244,0,0,2,1,linux,BFC
9cb026ebb8ab76829a8d8e4bbd057168ac38fb86,1,1,0,1,linux,BFC
2d2f2d7322ff43e0fe92bf8cccdc0b09449bf2e1,55,0,16,5,linux,BIC
76f7eba3e0a248af4cc4f302d95031fa2fb65fab,157,0,0,1,linux,BIC
2c4ee23530ffc022dc22d2fd4b0eb039c6b4c5e9,17,18,24,1,linux,BIC
315852b422972e6ebb1dfddaadada09e46a2681a,0,1,0,1,linux,BFC
ebf4ad955d3e26d4d2a33709624fc7b5b9d3b969,28,0,1,1,linux,BFC
1723c3155f117ee6e00f28fadf6e9eda4fc85806,0,0,2,1,linux,BFC
eb34e98baf4ce269423948dacefea6747e963b48,0,4,0,1,linux,BFC
b0b2bed2a1305c8f977c6b7d5fa162773693a212,67,2,5,1,linux,BFC
f626300a3e776ccc9671b0dd94698fb3aa315966,1,0,1,1,linux,BFC
43e43c9ea60a7a1831ec823773e924d2dadefd44,2,0,13,1,linux,BFC
fca41af18e10318e4de090db47d9fa7169e1bf2f,0,2,3,1,linux,BFC
983d308cb8f602d1920a8c40196eb2ab6cc07bd2,0,0,7,1,linux,BIC
3ad1f3a33286dc67d595f6fab3a3a9e583bc738a,123,0,8,2,linux,BIC
74789aed881417b56e2db9ab736ea83191d0100c,0,0,1,1,linux,BFC
da2cf18ff883b6130b1a6e4a3e9402abcb9f5bc0,1,0,9,1,linux,BFC
aad5b23ebf21573a32b6f07644f028d64492a5d6,2,0,2,2,linux,BFC
09206b600c76f20984e80d99f3b5343c79332a97,190,0,32,6,linux,BIC
31388ab2edac833defa4193172edc1d409868bfb,0,2,2,1,linux,BFC
fd362baad2e659ef0fb5652f023a606b248f1781,1,0,0,1,linux,BFC
c54d481d71c6849e044690d3960aaebc730224cc,1,0,1,1,linux,BFC
314d2b1978bb3d20b1ec239f4e28c394da493f36,0,1,1,1,linux,BFC
862591bf4f519d1b8d859af720fafeaebdd0162a,1,0,1,1,linux,BFC
2026d35741f2c3ece73c11eb7e4a15d7c2df9ebe,0,0,1,1,linux,BFC
b88dd52c62bb5c5d58f0963287f41fd084352c57,5,0,2,1,linux,BFC
594ad54a2c3b215f6fc8873518d59d802f88c10b,170,4,7,5,linux,BIC
a244ec3640e0dfe90f31750033433cb2c99446e8,2,0,0,1,linux,BFC
8a4aeec8d2d6a3edeffbdfae451cdf05cbf0fefd,6,0,8,2,linux,BIC
53b93c0ff71ac6f97c1ab2ad84ee8b540f40cb95,2,0,2,2,linux,BFC
2411a736ff09d349b0d4630ee5ff8a38d852ce3c,249,0,0,1,linux,BIC
be754b101f70076f6375c84db4e8bcc517a4524f,3,50,3,4,linux,BFC
1f3ccc3c3fc26468be00392ef0b2c215f9c9d054,8,0,4,1,linux,BFC
fb7023e0e248a33cb00d0a9cdce0bcedaa1ad284,8,0,2,1,linux,BIC
13cbaa4c2b7bf9f8285e1164d005dbf08244ecd5,1,0,0,1,linux,BFC
587acad41f1bc48e16f42bb2aca63bf323380be8,12,11,6,1,linux,BFC
0a67003b1985c79811160af1b01aca07cd5fbc53,155,0,0,1,linux,BIC
f51ba1148a810a16eead9f0b29bfa2a8f8ab3afb,0,1,0,1,linux,BFC
41962aba2dc622b456aaf3c20e1089084714f73f,0,0,2,1,linux,BFC
b16558579576c8f2781062b638600f68954b1827,10,0,2,1,linux,BFC
6999aeabbb703a81a204cb6f9f8f151759a99ac4,0,1,0,1,linux,BFC
32e74aabebc8d045a11452d2de0ac9d2625fcd45,506,0,0,1,linux,BIC
6d6b0d0d5afc8c4c84b08261260ba11dfa5206f2,3,0,7,1,linux,BFC
f139546fb7d436145cbbffa346de7d5353c84fdf,298,0,0,1,linux,BIC
3896c329df8092661dac80f55a8c3f60136fd61a,0,0,2,1,linux,BFC
a15676ac8f24a9ac5fd881cf17be4be13fa0910a,3,0,0,1,linux,BFC
e331473fee3d500bb0d2582a1fe598df3326d8cd,7,4,5,2,linux,BFC
b0d1f8741b812352fe0e5f3b2381427085f23e19,203,25,3,5,linux,BIC
1d17db08c056c1f7f4abbff6aff8711b7c3a3b7f,14,0,2,1,linux,BIC
fce2ff728f95b8894db14f51c9274dc56c37616f,0,0,1,1,linux,BFC
6010ce07a66cfed043879de31275f5b90b33c4fc,8,8,6,1,linux,BIC
4e1541593017d76cfa04bd666de8e4dbcfe3105d,12,0,2,1,linux,BFC
b7dcf68f383a05567bd16a390907b67022a62d3d,0,0,1,1,linux,BFC
48564135cba806bd0d6d1704c0ea317318966d9f,23,0,2,2,linux,BIC
b837b28394fb76993c28bb242db7061ee0417da6,16,0,1,1,linux,BFC
14b3d926a22b89f779229f88ed16a76b6b641b1c,23,10,2,1,linux,BIC
6a623e07694437ad09f382a13f76cffc32239a7f,68,0,1,1,linux,BIC
b03c2fb97adcc65d3c4098c4aa41fbaa6623ebf2,802,0,0,2,linux,BIC
27c9c3424fc217dab4077122069fe4b4413dbf18,105,2,3,1,linux,BIC
f06aa52cb2723ec67e92df463827b800d6c477d1,0,0,1,1,linux,BFC
0efe11733356273d734cc2c5ab2dc6f5865cbeb6,60,0,1,3,linux,BIC
8bfc478fa455b4908f745df368355b415460c60e,0,0,1,1,linux,BFC
8f868d68d335a17923dffb6858f8e9b656424699,1,1,5,1,linux,BFC
9267bdd8194f8166ddfddd3d5577b6ba1632a165,1,0,0,1,linux,BFC
8ceee72808d1ae3fb191284afc2257a2be964725,10,2,1,1,linux,BFC
eab40cf336065e8d765e006b81ff48c5c114b365,15,0,6,1,linux,BFC
630ef623ed26c18a457cdc070cf24014e50129c2,2,0,2,1,linux,BFC
e4bedf48aaa5552bc1f49703abd17606e7e6e82a,1,0,1,1,linux,BFC
003bd5b4a7b4a94b501e3a1e2e7c9df6b2a94ed4,5,0,2,1,linux,BIC
c008f1d356277a5b7561040596a073d87e56b0c8,0,0,1,1,linux,BFC
e31166f0fd48478866ee9661c36789126435ebe8,604,0,0,2,linux,BIC
d58300c3185b78ab910092488126b97f0abe3ae2,0,0,6,3,linux,BFC
f23e0643cd0b53e68e283b6f26194d56c28a2eb1,9,2,2,1,linux,BIC
cfbb0d90a7abb289edc91833d0905931f8805f12,33,1,1,1,linux,BFC
20224d715a882210428ea62bba93f1bc4a0afe23,72,38,10,2,linux,BIC
c207979f5ae10ed70aff1bb13f39f0736973de99,5,0,0,1,linux,BFC
61dd726131777017348b70bd8576b42994a8ffa2,826,0,0,3,linux,BIC
d3398a4f1887eee46c22b37f6245faa6c51b130b,1,0,0,1,linux,BFC
e279e6d98e0cf2c2fe008b3c29042b92f0e17b1d,5,0,5,1,linux,BFC
cfc4c189bc70b1acc17e6f1abf1dc1c0ae890bd8,3,3,0,1,linux,BIC
93d05d4a320cb16712bb3d57a9658f395d8cecb9,14,18,2,14,linux,BIC
5e6b6651d22de109ebf48ca00d0373bc2c0cc080,3,0,3,1,linux,BFC
8b5e99f02264130782a10ba5c0c759797fb064ee,38,0,1,2,linux,BIC
13c15e07eedf26092054c8c71f2f47edb8388310,6,8,14,1,linux,BFC
4151bb636acf32bb2e6126cec8216b023117c0e9,20,34,0,3,linux,BFC
e92a4047419c805d08ad136fbc72368249d9f091,1437,0,0,1,linux,BIC
36e8164882ca6d3c41cb91e6f09a3ed236841f80,3,0,0,1,linux,BIC
c3a07134e6aa5b93a37f72ffa3d11fadf72bf757,58,182,23,5,linux,BIC
3ee64f39bebe1a181a1af3e4b641a9b0aae1799a,1,68,23,1,linux,BIC
7e3b6e7423d5f994257c1de88e06b509673fdbcf,1,0,1,1,linux,BFC
15ad9762d69fd8e40a4a51828c1d6b0c1b8fbea0,9,12,2,2,linux,BIC
6fd166aae78c0ab738d49bda653cbd9e3b1491cf,134,6,21,7,linux,BIC
a408e4a86b36bf98ad15b9ada531cf0e5118ac67,28,14,6,1,linux,BIC
d46ef750ed58cbeeba2d9a55c99231c30a172764,4,0,1,1,linux,BIC
fd0c0740fac17a014704ef89d8c8b1768711ca59,0,0,1,1,linux,BFC
fa1b85914dfb1cf82edcc1fd5a1fa9d22e8c97e3,0,8,0,1,linux,BFC
874a52f9b693ed8bf7a92b3592a547ce8a684e6f,0,0,1,1,linux,BFC
1008a11590b966b469e60dc3756c9226a685ce12,8,43,18,6,linux,BIC
bcb48cca23ec9852739e4a464307fa29515bbe48,0,1,2,1,linux,BIC
f2a031b66ec6da1512f9db228e4174ad2c7d2688,0,0,2,1,linux,BFC
0f8782ea14974ce992618b55f0c041ef43ed0b78,909,0,0,2,linux,BIC
e6b0a7b357659c332231621e4315658d062c23ee,0,7,1,1,linux,BFC
e492080e640c2d1235ddf3441cae634cfffef7e1,0,4,0,1,linux,BFC
df94121f02ecce435d6b5277071eb94b764caa89,0,1,1,1,linux,BFC
1acb8f2a7a9f10543868ddd737e37424d5c36cf4,1,0,0,1,linux,BIC
6324cf901e14c6662be508f30485e0f09c54694d,269,0,2,1,linux,BIC
2edbff8dcb5da324fd4c4fe953629e4f6ca73c99,300,22,41,7,linux,BIC
3c194923154132836d143d9ba37f5ee94d790c75,2,0,0,1,linux,BFC
c7f755b243494d6043aadcd9a2989cb157958b95,0,1,1,1,linux,BFC
3baafeffa48a12b3cec9a0b6d4049fba02d53cea,1,0,0,1,linux,BFC
712494de96f35f3e146b36b752c2afe0fdc0f0cc,0,3,17,1,linux,BFC
16518d5ada690643453eb0aef3cc7841d3623c2d,5,1,5,2,linux,BIC
abe27a885d9e6575e663a16176dabc58ce9d7188,5,0,0,1,linux,BFC
0abd9976960a5c46b5cc49f2f53281774a8a4a3e,0,0,1,1,linux,BFC
776638e73a195fb266b84ec75a9080c3feb35b68,207,0,0,2,linux,BIC
ecad2ce8c48fcaa23c6efd07e8d1467319a7bf8a,68,0,7,2,linux,BIC
fb087eaaef72061b2bb4e35b70ab43865f541cad,24,2,24,1,linux,BIC
3348ef6a6a126706d6a73ed40c18d8033df72783,1,0,2,1,linux,BFC
d413779cdd934cc3bd281a90df865f5d9bd958a8,28,0,3,1,linux,BIC
3a01f04d74ef7597104f3ace8a053761cb2ac349,46,0,2,1,linux,BIC
15f794bd977a0135328fbdd8a83cc64c1d267b39,1,0,1,1,linux,BFC
8808a793f052c0a67426a24b961402fa20e92814,1111,0,0,1,linux,BIC
d7442f512b71fc63a99c8a801422dde4fbbf9f93,10,14,4,3,linux,BFC
8f7ba3ca12f6f16526fa4a8aaf2cae91563eee69,72,0,1,3,linux,BIC
90683061dd50b0d70f01466c2d694f4e928a86f3,14,7,0,3,linux,BFC
1fca4d12f46371a34bf90af87f49548dd026c3ca,12,0,4,2,linux,BIC
ec9c4215fef37da6668c4105f5ad3891aaa6527a,4,0,0,1,linux,BFC
55435badda8bd8e4c97a8b6c3fa9eef79b02fe44,7,11,21,2,linux,BFC
0d962e061abcf1b9105f88fb850158b5887fbca3,0,0,4,1,linux,BFC
c8e3866836528a4ba3b0535834f03768d74f7d8e,1,0,0,1,linux,BFC
62b4c6694dfd3821bd5ea5bed48238bbabd5fe8b,1,0,0,1,linux,BFC
dad3bdeef45f81a6e90204bcc85360bb76eccec7,5,0,4,1,linux,BFC
df205b5c63281e4f32caac22adda18fd68795e80,30,3,10,1,linux,BFC
8ae4121bd89e3dce27b519ed469efbc15423af18,1,0,0,1,linux,BFC
9cd4f1a4e7a858849e889a081a99adff83e08e4c,14,13,5,1,linux,BIC
e5a340f770278f4de42e8bac19f2ebeb77ddfae4,0,0,1,1,linux,BFC
855ab61c16bf70b646fa9c84e7b07d14a003cd42,26,5,4,1,linux,BIC
7db788ad627aabff2b74d4f1a3b68516d0fee0d7,7,3,1,1,linux,BFC
cd56f35e52d9496cbf5c85d27af9bdb064bec8df,6,31,13,3,linux,BIC
bb0147364850c42db2a0dff5ef018e57413eaf79,22,0,0,3,linux,BIC
7b2f936fc8282ab56d4d21247f2f9c21607c085c,2,2,9,1,linux,BFC
21926d466e3a4f35c2536244d1d56512cc81a0a9,3,0,7,1,linux,BFC
0a30288da1aec914e158c2d7a3482a85f632750f,26,0,1,3,linux,BFC
6a953dc4dbd1c7057fb765a24f37a5e953c85fb0,0,0,6,2,linux,BFC
310862e574001a97ad02272bac0fd13f75f42a27,2,0,1,1,linux,BFC
f328584f7bff86858249bb358f1adcecde48388a,228,0,0,2,linux,BIC
b2057c64017e96f1f9471fe49569508711f7663f,0,0,1,1,linux,BFC
2ca068be09bf8e285036603823696140026dcbe7,1,0,0,1,linux,BFC
a335b1e6bb29300d3bc6749763a4298627e594ba,0,3,0,1,linux,BFC
6fba39cf32a3adc84de531bb8463d208f6d6f2bf,5,55,57,5,linux,BIC
ff84e7bfe1763982e1ada390386dbe4739cee1e2,23,0,0,2,linux,BIC
68ff39c3f8c01b1e640d111abdcf814804a6b236,13,0,5,1,linux,BIC
e9862118272aa528e35e54ef9f1e35c217870fd7,1742,0,5,12,linux,BIC
f9fc1745501e7b91e5b853e790de63ff9e1a3404,77,21,27,1,linux,BIC
c47d7f56e914900410f65835933f9fc4374d0a2b,1,0,0,1,linux,BFC
9f12e37cae44a96132fc3031535a0b165486941a,1,5,2,3,linux,BFC
9d027e3a83f39b819e908e4e09084277a2e45e95,0,0,2,1,linux,BFC
e1364711359f3ced054bda9920477c8bf93b74c5,7,0,2,1,linux,BIC
92ef98a4caacad6d4a1490dda45d81ae5ccf5bc9,11,0,1,1,linux,BFC
657875944726af8f881df7d431afbbe8f50ad4d7,2,0,0,1,linux,BFC
e4dd5608033efe7b6030cde359bfdbaeb73bc22d,0,0,1,1,linux,BFC
f0d540989597d04905253b54d4d0ee53cfe70a42,0,0,1,1,linux,BFC
286e1d3f9ba89c7db5eecd30f47f9e333843ea13,6,12,3,3,linux,BFC
e081c49e30ec2d42ac60e291dff24808fb81a99f,244,0,0,1,linux,BIC
dfb5c1e12c28e35e4d4e5bc8022b0e9d585b89a7,16,7,10,1,linux,BIC
a87eeb900dbb9f8202f96604d56e47e67c936b9d,1,0,2,1,linux,BFC
aa40d5a43526cca9439a2b45fcfdcd016594dece,0,1,1,1,linux,BFC
f952be79cebd49d04154781d99408867a069d375,37,0,13,5,linux,BIC
b5a9b340789b2b24c6896bcf7a065c31a4db671c,7,0,1,1,linux,BFC
1199d7da2d29dac5e3983ea1078dbd4ab107e33f,5,21,25,1,linux,BIC
ae83b56a56f8d9643dedbee86b457fa1c5d42f59,2,0,0,1,linux,BFC
f002f45a00ee14214d96b18b9a555fe2c56afb20,0,0,2,1,linux,BFC
a61674bdfc7c2bf909c4010699607b62b69b7bec,29,0,0,2,linux,BIC
f7b1a8dc1c1ca30d6a9ceb1f23f0e9847668600b,0,2,5,1,linux,BIC
7347180dcaed9c5582732f9372ac940b9b1a907d,1,0,1,1,linux,BFC
2ea15030c3f0554db695f85e4760da8621c183d3,1,0,1,1,linux,BFC
50b4d485528d1dbe0bd249f2073140e3444f4a7b,33,18,13,3,linux,BIC
b196c22af5c3ff784c472c80f6fb4e5fad67b2ac,1,0,0,1,linux,BFC
abf5cdcf235aafceabe7ed9bd9553aa863cba1fb,21,2,1,1,linux,BFC
0a1f59620068fb82a2e2aded202e62f4bb856d52,0,10,5,1,linux,BFC
e2209710ccc5d28d8b88c822d2f3e03b269a2856,25,1,47,3,linux,BIC
0486a063b1ffce4f37ef80970689c64bf7b99e98,17,0,0,2,linux,BIC
86d1d8b72caf648e5b14ac274f9afeaab58bbae1,1,1,0,1,linux,BFC
97ee731da8dc83e98db06848c6f27188613356ce,0,1,0,1,linux,BFC
60d1d93664a0bb3d5af722ed38c57ee165a45bf7,3,0,2,1,linux,BFC
e533dbe9dcb199bb637a2c465f3a6e70564994fe,9,0,2,2,linux,BFC
cc40b7225151f611ef837f6403cfaeadc7af214a,0,0,1,1,linux,BFC
7dcc18adad31d15d528414bdff12bf98d33d9a20,0,0,1,1,linux,BFC
69b6f2e817e5bdb6d536241edaa11d7a67c64d00,42,36,17,1,linux,BIC
74717b28cb32e1ad3c1042cafd76b264c8c0f68d,0,0,1,1,linux,BFC
b6f69c795547f59ddf1db17cddbd2b9a15c656ed,1,0,0,1,linux,BFC
3ffaabecd1a1a014a484f293c311b8ecb0545541,37,0,0,2,linux,BIC
8a1ab5d766396aad0e60cc8796646a1171b419c8,119,1,31,1,linux,BIC
569ccae68b38654f04b6842b034aa33857f605fe,5,0,27,1,linux,BFC
5bc5cc2819c2c0adb644919e3e790b504ea47e0a,114,48,16,3,linux,BFC
df3687ffc6653e4d32168338b4dee20c164ed7c9,33,0,1,4,linux,BIC
972b812bd1e17cb0a9112f565951795f886fcc94,44,36,18,4,linux,BFC
124da8f6118bce3d9aeb5c6f5395ed131141aad5,3,2,1,1,linux,BFC
0c2d6964562835501280409cac5d4ee28e07e8c2,110,103,7,4,linux,BIC
49aa76b166765188af6682cd22985cbda1bb39c2,4,0,4,1,linux,BIC
86790a4fdf4b3d1ad96cd0f8c4e10bad878243d8,90,0,0,3,linux,BIC
a5fdd713d256887b5f012608701149fa939e5645,0,1,1,1,linux,BFC
3186b880447ad3cc9b6487fa626a71d64b831524,0,0,1,1,linux,BFC
d4aeaed80b0ebb020fadf2073b23462928dbdc17,4,0,1,1,linux,BIC
5a2b190cddb9aa69b9037f5b1fd1c2cc8a1d68b9,236,0,1,1,linux,BIC
2453afe3845523d9dfe89dbfb3d71abfa095e260,0,1,2,1,linux,BFC
ab118da4c10a70b8437f5c90ab77adae1835963e,0,13,7,1,linux,BIC
ad789f84c9a145f8a18744c0387cec22ec51651e,21,5,8,1,linux,BFC
d599f714b73e4177dfdfe64fce09175568288ee9,1,0,2,1,linux,BIC
17c1c9ba15b238ef79b51cf40d855c05b58d5934,0,0,1,1,linux,BFC
674f8438c12125d6b4fe51d44b9316bb02b286b5,70,148,31,3,linux,BIC
ab02ad660586b94f5d08912a3952b939cf4c4430,1,0,0,1,linux,BFC
be0461048b60066eaba9046178fb96e78579af21,0,0,1,1,linux,BFC
2fd8d84ce3095e8a7b5fe96532c91b1b9e07339c,2,0,2,1,linux,BFC
47812e00910407a0f14906c0a3bf2d803a616c6f,0,0,1,1,linux,BFC
2173fc7cb681c38b9e5bc526211045caecf96e44,213,0,3,2,linux,BIC
7cf321d118a825c1541b43ca45294126fd474efa,38,0,0,6,linux,BFC
92094ebc385ef52d45e27d23e9a7c32abf8df44e,22,13,1,1,linux,BIC
5b73b799c25c68a4703cd6c5ac4518006d9865b8,12,1,3,1,linux,BFC
fef98671194be005853cbbf51b164a3927589b64,479,432,9,3,linux,BIC
4e09bff3301ac570cb5d68277e755f1759edfeb2,1,0,1,1,linux,BFC
b59f2f2b865cedd6d1641394b9cd84399bd738ff,0,0,1,1,linux,BFC
1f0dc59a6de93586fcfc04696a61946408ffc56a,94,25,67,2,linux,BIC
930e0eaddf810cfa90e114a0df02f48539e1346f,2,0,6,1,linux,BFC
047fe6e6db9161e69271f56daaafdaf2add023b1,19,0,4,1,linux,BIC
b608f11d49ec671739604cc763248d8e8fadbbeb,0,0,1,1,linux,BFC
f6dc1264f1c01976a84239d1038359604ee42001,21,2,3,3,linux,BIC
aa250f1186319f1e0b9b4a1d99022fe32251b8b6,0,18,0,2,linux,BFC
1ea0166da0509e987caa42c30a6a71f2c6ca1875,3,0,1,1,linux,BFC
8d10396342063c79e92c4e46215370ab7b988569,34,0,17,2,linux,BIC
c317d306d55079525c9610267fdaf3a8a6d2f08b,2,0,2,1,linux,BIC
914adbb1bcf89478ac138318d28b302704564d59,0,15,4,1,linux,BFC
f0786af536bb0ba54cb516eee493af03cefdbaa3,3,0,12,5,linux,BIC
9715830157be7a6b2bf7e8e0b111127cf5981665,749,0,0,2,linux,BIC
b357d9717be7f95fde2c6c4650b186a995b71e59,6,1,3,1,linux,BFC
2bff3916fda9145587c0312b6f5c43d82504980c,9,0,18,4,linux,BIC
0abdb0fba07322ce960d32a92a64847b3009b2e2,1,0,1,1,linux,BFC
c4445aedfe092907c2e792ff76ed4338d9a1cd52,23,0,0,1,linux,BIC
f5d8f50f271d1f80c2afd7eada1c91a863c87a06,5,0,4,1,linux,BIC
38369f54d97dd7dc50c73a2797bfeb53c2e87d2d,0,1,2,1,linux,BFC
72655fb942c1e3d9e71e48e87ee439abe52f3a90,4,0,34,2,linux,BIC
79d39fc503b43b566feae5bc9a57dfcffdf41bd1,8,0,12,4,linux,BIC
472d155a0631bd1a09b5c0c275a254e65605d683,21,2,9,4,linux,BIC
83e3c48729d9ebb7af5a31a504f3fd6aff0348c4,20,1,6,3,linux,BIC
5b14557b073c96a7cf79adc4d7b6c4a8c26b2a43,6,0,3,1,linux,BIC
d94b93a9101573eb75b819dee94b1417acff631b,2,1,1,1,linux,BFC
1d427be4a39defadda6dd8f4659bc17f7591740f,2,0,2,1,linux,BIC
6b4f7799c6a5703ac6b8c0649f4c22f00fa07513,42,85,64,7,linux,BIC
833c95456a70826d1384883b73fd23aff24d366f,300,0,0,2,linux,BIC
e95584a889e1902fdf1ded9712e2c3c3083baf96,8,4,11,2,linux,BFC
d854fcbfaeda9748c85de296fbe07b7763a1939c,26,4,16,5,linux,BIC
190873a0ea4500433ae818521cad20d37f9ee059,154,0,0,1,linux,BIC
e20849a8c883abfe4c075f72bf5538d63b7562c4,7,18,15,1,linux,BIC
694c49a7c01cc87194be40cb26404b58b68c291c,0,286,254,16,linux,BIC
83150f5d05f065fb5c12c612f119015cabdcc124,15,0,6,1,linux,BFC
be7f3e59997b7744e8be153b76fca28ac5b71354,3,2,1,3,linux,BFC
aff3d70a07fffc0abb53663e4a4acb059d2f36af,34,3,1,2,linux,BIC
834fcd298003c10ce450e66960c78893cb1cc4b5,3,3,4,1,linux,BFC
5d46dd04cb68771f77ba66dbf6fd323a4a2ce00d,0,0,1,1,linux,BFC
17bc10300c69bd51b82983cdadafa0a7791f074e,1,0,1,1,linux,BFC
20bd723ec6a3261df5e02250cd3a1fbb09a343f2,18,6,0,3,linux,BFC
af503716ac1444db61d80cb6d17cfe62929c21df,8,0,0,1,linux,BIC
6080728ff8e9c9116e52e6f840152356ac2fea56,4,0,3,2,linux,BFC
1064bc685d359f549f91c2d5f111965a9284f328,7,0,0,1,linux,BFC
79d8665b9545e128637c51cf7febde9c493b6481,0,0,1,1,linux,BFC
73f26e526f19afb3a06b76b970a76bcac2cafd05,12,0,2,1,linux,BFC
5d0c938ec9cc96fc7b8abcff0ca8b2a084e9c90c,86,68,7,4,linux,BIC
b88657674d39fc2127d62d0de9ca142e166443c8,5,0,3,1,linux,BIC
0c23c3e705691cfb99c94f2760df2b456fe45194,0,0,1,1,linux,BFC
becd9ca2de656ccd8d02c434742388aead336147,2,0,2,1,linux,BFC
ef75c685869ea2059f85855a7dc00148a704c36c,20,0,0,3,linux,BFC
4fa0e3ff217f775cb58d2d6d51820ec519243fb9,2,0,2,2,linux,BFC
22a7cdcae6a4a3c8974899e62851d270956f58ce,0,0,1,1,linux,BFC
b36f281f4a314de4be0a51d6511b794691f8a244,4,2,0,1,linux,BFC
9e1467002630065ed86c65ea28bfc9194fff6f0e,13,20,10,6,linux,BIC
d29b9d7ed76c0b961603ca692b8a562556a20212,8,0,0,1,linux,BFC
646c4b75494747887f936513b669bb8a2d794459,0,0,1,1,linux,BFC
63c82997f5c0f3e1b914af43d82f712a86bc5f3a,12,0,1,1,linux,BFC
bbf29d3a2e49e482d5267311798aec42f00e88f3,0,0,1,1,linux,BFC
1d1ae3c6ca3ff49843d73852bb2a8153ce16f432,191,0,0,6,linux,BIC
08d60e5999540110576e7c1346d486220751b7f9,0,0,1,1,linux,BFC
9b1bb01c8ae7e308486996f18216bd260258e076,11,146,32,3,linux,BIC
acf138f1b00bdd1b7cd9894562ed0c2a1670888e,8,0,54,1,linux,BFC
fbb8295248e1d6f576d444309fcf79356008eac1,24,10,13,8,linux,BFC
46963e2e0629cb31c96b1d47ddd89dc3d8990b34,7,0,1,1,linux,BFC
dbafc28955fa6779dc23d1607a0fee5e509a278b,18,0,12,1,linux,BIC
c9aa81faf19115fc2e732e7f210b37bb316987ff,1,0,3,2,linux,BFC
0e0e3c5358470cbad10bd7ca29f84a44d179d286,13,0,2,1,linux,BFC
23a09873221c02106cf767a86743a55873f0d05b,3,1,4,1,linux,BFC
c7b884561cb5b641f3dbba950094110794119a6d,0,5,5,1,linux,BFC
f38b0d48cae88395a05e49cb885fa6ce657e1cc9,6,0,1,1,linux,BFC
a1cba0e2deeb0fe5200602658ed1078a714f8667,0,0,1,1,linux,BFC
eade4ccdb087ae6238bcce78e64587d543374ca4,0,0,1,1,linux,BIC
5c4b585d29102c7e6a6217112bbf1be774795cd7,61,0,13,1,linux,BIC
85d9aa705184a4504d0330017e3956fcdae8a9d6,28,3,4,3,linux,BIC
5448d44c38557fc15d1c53b608a9c9f0e1ca8f86,333,0,0,3,linux,BIC
ea0dfeb4209b4eab954d6e00ed136bc6b48b380d,4,1,1,1,linux,BFC
b33fa5ff8190befed1eb0ac4783e15adfa7f7135,0,0,1,1,linux,BFC
e679af627fe875a51d40b9a2b17f08fbde36e0e2,0,20,0,1,linux,BFC
1ec72153ff434ce75bace3044dc89a23a05d7064,7,7,2,1,linux,BFC
34737e1320db6d51f0d140d5c684b9eb32f0da76,0,0,6,1,linux,BFC
cf6d445f68974d0b15a14cf6021be38a91f2b5d8,37,91,161,3,linux,BIC
8434ec46c6e3232cebc25a910363b29f5c617820,1,0,0,1,linux,BFC
fa3748775b92692331cfcab6f7b09a04a23694d9,38,3,10,2,linux,BIC
a0934fd2b1208458e55fc4b48f55889809fce666,0,0,1,1,linux,BFC
22f8e625ebabd7ed3185b82b44b4f12fc0402113,1,0,0,1,linux,BFC
fe6d86b3c3165e6c55d6b0049a13d3b65371163a,38,18,2,3,linux,BIC
472f0a240250df443ffc4f39835e829916193ca1,0,0,2,1,linux,BFC
af808ece5ce9b4382f6844b8e25ef1f841708c06,26,0,0,2,linux,BIC
f115fdfd61bd627e99d636bb61a3d3ff93397048,0,0,1,1,linux,BFC
68abfb8015832ddf728b911769659468efaf8bd9,2,42,25,1,linux,BFC
8535c239ac674f7ead0f2652932d35c52c4123b2,1,0,1,1,linux,BFC
0bc0b97fca73fca19edd0bd1463972144b44abaa,6,0,1,1,linux,BIC
90b2be27bb0e56483f335cc10fb59ec66882b949,0,0,5,3,linux,BFC
c526fd8f9f4f21cb83c0b1c9a1ee9c0ac9be9e2e,10,11,4,2,linux,BIC
411c1e6774e2e1f96b1ccce4f119376b94ade3e4,0,0,1,1,linux,BFC
ce40733ce93de402ed629762f0e912d9af187cef,0,5,5,1,linux,BIC
6b4b8e6b4ad8553660421d6360678b3811d5deb9,5,4,4,1,linux,BIC
836256bf5f379c298ffa99f62e329d9f40f060ac,29,0,27,1,linux,BIC
dcb1394e74e32e33856e877bca1a0e88c78323d8,10,3,4,1,linux,BFC
cc925ece79ada57fe513c514d02abc45bf803819,5,0,0,1,linux,BFC
1f5bd336b9150560458b03460cbcfcfbcf8995b1,41,0,0,2,linux,BIC
27a3f2292ea2508d2d1ddd85846910a69ed95a3f,389,0,0,3,linux,BIC
5e0594fd77e0d4dfd728898814da43a065094ae0,17,4,17,9,linux,BFC
daeba2956f32f91f3493788ff6ee02fb1b2f02fa,11,0,4,1,linux,BFC
f833116ad2c3eabf9c739946170e07825cca67ed,4,0,0,1,linux,BFC
1f97c29beee774e407839768439b7f51831c3ea1,0,23,0,1,linux,BFC
cbcf8722b523dcf0970ab67dc3d5ced1ea7b334e,0,0,7,2,linux,BFC
9167ab79936206118cc60e47dcb926c3489f3bd5,6,8,5,2,linux,BIC
8219d31effa7be5dbc7ff915d7970672e028c701,6,0,0,1,linux,BFC
073350f7b562d06df0aedd36c963508e36437b3c,0,0,1,1,linux,BIC
f5b0cba8f23915e92932f11eb063e37d70556a89,0,0,4,1,linux,BFC
25f815f66a141436df8a4c45e5d2765272aea2ac,101,128,70,24,linux,BIC
2edb769d246e6b549ba1c5e9b283bfd058584cbb,90,2,12,1,linux,BIC
758f2046ea040773ae8ea7f72dd3bbd8fa984501,1,0,5,3,linux,BFC
7a836a2aba09479c8e71fa43249eecc4af945f61,1,0,0,1,linux,BFC
646bb57ce86e4d7b0bd9d33244450ae009411e48,8,8,0,2,linux,BFC
3592d7e002438980f9ce4a399f21ec94cbf071ea,17,0,0,1,linux,BIC
b506923ee44ae87fc9f4de16b53feb313623e146,4,2,1,3,linux,BFC
4cfdd47d6d95aca4fb8d6cfbe73392472d353f82,140,0,4,3,linux,BIC
87796555d48ca1cc681515e065b824ecab9c4282,1,0,1,1,linux,BFC
50551b15c760b3da8ad6284d0518013d1b4f437f,19,106,86,22,linux,BIC
6a6544e520abecd484ab8b67fb50d1fc003f3275,0,32,17,3,linux,BIC
06778d881f3798ce93ffbbbf801234292250b598,4,0,3,1,linux,BFC
99f83c9c9ac994c844ecf3e64e848c2f8dd7dfe0,633,0,0,1,linux,BIC
7867fd7cc44e63c6673cd0f8fea155456d34d0de,0,0,1,1,linux,BFC
2055a99da8a253a357bdfd359b3338ef3375a26c,4,0,2,1,linux,BFC
36a8f01cd24b125aa027c71c1288588edde5322d,782,4,8,5,linux,BIC
96a39aed25e6559b160786117df124084feb9080,0,0,6,1,linux,BIC
e6f988a45857624c949b04b78b0843932d292106,81,11,4,1,linux,BIC
6c6874f401e5a0caab3b6a0663169e1fb5e930bb,0,0,3,1,linux,BFC
92f5b0313e37e2b37aaf8f0bb75b6c50eafb5808,4,4,0,1,linux,BFC
1c1d8d98e1c7067758e624a62eaae30b18683e32,45,2,18,1,linux,BIC
fc66448549bbb77f2f1a38b270ab2d6b6a22da33,47,2,90,2,linux,BFC
c016c7e45ddfa5085b35b644e659ec014969740d,24,0,14,4,linux,BIC
525b108e6d95b643eccbd84fb10aa9aa101b18dd,0,3,0,1,linux,BFC
6c251711b37ff14e2507bbc2401ac3ef0935ceb1,7,0,0,1,linux,BIC
44662f90cda7ce0b65e77a7f1eefe45fb9053a4e,1,0,0,1,linux,BFC
bb93ce4b150dde79f58e34103cbd1fe829796649,3,0,2,1,linux,BFC
1adc86798fda9a9b989433a52640b8ad1446a71d,16,0,7,1,linux,BFC
7e0a9220467dbcfdc5bc62825724f3e52e50ab31,1,2,1,2,linux,BFC
f8523b64d2d2f94bb429c15166d7601d39243c4d,8,0,1,1,linux,BFC
9909a395e9807aa79145c9289d0c13d0133359a2,0,0,1,1,linux,BFC
a30a555d7435a440fab06fe5960cf3448d8cedd3,39,0,5,1,linux,BIC
51fd3673838396844f15de0e906be5333bfbbc8d,46,0,0,3,linux,BIC
f6859014c7e7cc0e7688525741fc3a0e7aee63be,39,0,1,1,linux,BIC
83ffe99f52b8f269b31b21524adcd13b165f7703,0,16,13,1,linux,BFC
b292b50b0efcc7095d8bf15505fba6909bb35dce,1,0,3,1,linux,BFC
530792efa6cb86f5612ff093333fec735793b582,1,0,0,1,linux,BFC
36d5b2913219ac853908b0f1c664345e04313856,3,0,2,1,linux,BFC
4068579e1e098fa81d48db9ba4432ab664c58561,29,4,9,2,linux,BIC
21b2920fb587e570b43973300a11b921c3a61d3e,0,0,1,1,linux,BFC
16f5df8b5d71ef2eaeac067806de7ebd6df3f2d0,0,0,1,1,linux,BFC
e40f97ef12772f8eb04b6a155baa1e0e2e8f3ecc,0,1,2,1,linux,BFC
c56dcfa3d4d0f49f0c37cd24886aa86db7aa7f30,0,0,2,1,linux,BFC
a8ecb93ef03de4c59fb6289f99bc9616a852c917,239,0,8,3,linux,BIC
be7612fd6665f5ef3f6c89e78bb4ec4dbff6cd16,5,0,0,1,linux,BIC
aef4feace285f27c8ed35830a5d575bec7f3e90a,2,0,0,1,linux,BFC
9eecfc22e0bfc7a4c8ca007f083f0ae492d6e891,0,0,4,1,linux,BFC
465aee77aae857b5fcde56ee192b33dc369fba04,23,4,1,1,linux,BFC
a2d0321dd532901ea64118ed5a752fa6e447d1da,18,0,0,1,linux,BIC
25fd86eca11c26bad2aede6dd4709ff58f89c7cb,13,5,20,3,linux,BIC
09215598119ebf89bd204ca4ad8b7059266053d9,62,0,43,1,linux,BIC
b55ca5264b0c0092f238e2f4f33319ba6e9901ab,0,0,3,1,linux,BFC
ed670c3f90a67d9e16ab6d8893be6f072d79cd4c,13,0,2,1,linux,BFC
12064c1768439fa0882547010afae6b52aafa7af,0,33,10,4,linux,BFC
0bbcdb437da0c4acba582058d3d1a84b93bc081d,19,46,6,3,linux,BIC
fac6fce9bdb59837bb89930c3a92f5e0d1482f0b,16,4,1,1,linux,BIC
8c3b55a299c325830a987de21dab6a89ecb71164,0,0,2,1,linux,BFC
808e9df477757955a9644ca323010339be0c40ee,0,0,2,1,linux,BFC
d2d2e3c46be5d6dd8001d0eebdf7cafb9bc7006b,75,0,0,2,linux,BFC
d40e98c13b3e7cb1aa16e9c14f35db3c8c3dd033,33,0,2,2,linux,BIC
be7ecbd240b2f9ec544d3ce6fccf4cec3cd15dca,14,1,30,1,linux,BIC
24369c2e3bb06d8c4e71fd6ceaf4f8a01ae79b7c,47,9,6,2,linux,BIC
5088eb4092df12d701af8e0e92860b7186365279,3,0,0,1,linux,BFC
8c4f3c3fa9681dc549cd35419b259496082fef8b,53,0,9,1,linux,BIC
7fa343b7fdc4f351de4e3f28d5c285937dd1f42f,12,0,5,1,linux,BFC
81a16241114ba4e0b188e517e5e8522951dfeb7b,39,0,1,5,linux,BIC
7cc6169493990dec488eda0a3f6612729ca25e81,1,0,0,1,linux,BFC
da6fb7a9e5bd6f04f7e15070f630bdf1ea502841,1,0,1,1,linux,BFC
f35cec255557d1037ff0d772edfd6e7b1e92cdc0,3,29,14,2,linux,BIC
d7f237df53457cf0cbdb9943b9b7c93a05e2fdb6,1,0,1,1,linux,BFC
68c1a943ef37bafde5ea2383e8ca224c7169ee31,16,0,4,1,linux,BFC
3a63da26db0a864134f023f088d41deacd509997,22,0,1,1,linux,BFC
8ab867cb0806a8e195de161fd8883a0578d1d050,2,0,2,1,linux,BFC
3a407086090bb4fa1908d4dc3739c9ebc8ad6686,240,1,32,1,linux,BIC
649953b5b89dc308747797810812747333d971cd,0,0,1,1,linux,BFC
0604160d8c0b6082727182398d432a68bdd58872,77,0,7,1,linux,BIC
d9a232d435dcc966738b0f414a86f7edf4f4c8c4,4,0,0,1,linux,BFC
de9b277ee0321100ee3299a79e6f09dec56aa05e,11,0,0,3,linux,BIC
80c503e0e68fbe271680ab48f0fe29bc034b01b7,0,0,4,1,linux,BFC
f9fd54f22e79046208ff1656afff7b5f9b7433cb,0,0,1,1,linux,BIC
c4e5ffb6f224c1a4a9eaad82b19645ec22d1b24f,0,0,2,1,linux,BIC
087e3900a060cfc8516e02ea83fe6122da490d23,0,2,2,1,linux,BFC
a3b2cb30f252b21a6f962e0dd107c8b897ca65e4,22,45,0,6,linux,BIC
afb3cc1a397d77771f342691b7e6b032a234d7f2,0,0,3,1,linux,BFC
7d901a1e878a1cf8dd3ba7b4c057ad5eb7a40af0,728,0,0,1,linux,BIC
4c8127cb523982e0a474ad80b14b665dc2f37b3b,0,1,0,1,linux,BFC
0bb9fc4f5429ac970181c073aa32e521e20f7b73,0,1,0,1,linux,BFC
54e03562bb960e78af050d2e550c28d77642ee44,0,0,1,1,linux,BFC
2fdea258fde036a87d3396ec9c0ef66f10768530,3,0,0,1,linux,BFC
d52d3997f843ffefaa8d8462790ffcaca6c74192,124,0,18,4,linux,BIC
b4adc83b07706042ad6e6a767f6c04636db69bcc,79,0,1,4,linux,BIC
43c73221b3b1cdc9156c78287c5f4b29dc085d22,10,0,1,1,linux,BIC
93b1b02fae8abff3efe570243e0f11f61e16e973,0,4,0,1,linux,BFC
df9a21f11f14e393ca48689e1d4b596c4d9200e5,0,0,1,1,linux,BFC
e4c275f77624961b56cce397814d9d770a45ac59,1,0,2,1,linux,BFC
dc71db34e4f3c06b8277c8f3c2ff014610607a8c,10,4,5,3,linux,BFC
1663682cf090b94bd8531a0b9be812e10477143f,0,0,2,1,linux,BFC
5e633302ace1f61f8ea5a3ce21e19a4d79126cca,114,0,0,5,linux,BIC
bc6d201591344aa21d616179ee9ad406a7336267,0,0,1,1,linux,BFC
f34e87f58dabc31eb69f61cf4a79e951d4176743,1,0,0,1,linux,BFC
9fb603050ffd94f8127df99c699cca2f575eb6a0,0,1,3,1,linux,BFC
a0ff4aa6f010801b2a61c203c6e09d01b110fddf,426,0,0,1,linux,BIC
9a6f209e36500efac51528132a3e3083586eda5f,6,0,4,1,linux,BFC
80105befdb4b8cea924711b40b2462b87df65b62,2291,0,0,2,linux,BIC
c36cf07176316fbe6a4bdbc23afcb0cbf7822bf2,588,0,17,2,linux,BIC
4635c0e2a7f7f3568cbfccae70121f9835efa62c,13,0,0,1,linux,BFC
56fe8b6f499167e3f9e0aafc0909efe9fb673323,223,0,0,1,linux,BIC
bed4e9cfab93a0f3d0144cb919820e6d5c40b8b1,0,0,4,1,linux,BFC
606f39939595a4d4540406bfc11f265b2036af6d,14,5,123,1,linux,BIC
1f66dd36bb18437397ea0d7882c52f7e3c476e15,1,0,1,1,linux,BFC
004f85ea8258a2ffecdeecd154bdbe08409c13a4,2,1,14,1,linux,BFC
17d217fe970d34720f4f1633dca73a6aa2f3d9d1,208,17,18,7,linux,BIC
e2042d2936dfc84e9c600fe9b9d0039ca0e54b7d,25,0,3,1,linux,BFC
3c2214b6027ff37945799de717c417212e1a8c54,4,0,8,2,linux,BFC
37af81c5998f4b0f23fb452cffa4b8a1c00ce95b,262,220,66,8,linux,BIC
4d98bb0d7ec2d0b417df6207b0bafe1868bad9f8,11,0,0,1,linux,BIC
ab4d9913632b1e5ffcf3365783e98718b3c83c7f,6,0,0,2,linux,BFC
91828bd89940e8145f91751a015bc11bc486aad0,2,0,2,1,linux,BFC
c0cb8bf3a8e4bd82e640862cdd8891400405cb89,0,0,2,1,linux,BFC
d385c16173f28a18866abf54c764200c276dace0,0,0,3,1,linux,BFC
31e70e527806c546a72262f2fc3d982ee23c42d3,11,2,0,1,linux,BIC
c8992cffbe7411c6da4c4416d5eecfc6b78e0fec,2,346,750,1,linux,BIC
12d656af4e3d2781b9b9f52538593e1717e7c979,3,1,0,1,linux,BFC
39c011a538272589b9eb02ff1228af528522a22c,4,0,0,1,linux,BFC
44e960490ddf868fc9135151c4a658936e771dc2,2,0,3,1,linux,BFC
04fef228fb00dd79475a2313f4ba73b4fbfe2faa,77,1,2,10,linux,BIC
fd35759ce32b60d3eb52436894bab996dbf8cffa,1,0,2,1,linux,BFC
65b1dc99008de592f7c1c8e5fad446824791b4da,0,16,8,1,linux,BFC
81c49d39aea8a10e6d05d3aa1cb65ceb721e19b0,0,2,0,1,linux,BFC
b191f01a3756f8d5d0b92bad0a07dac7e373d8be,0,0,2,1,linux,BFC
9b1b0cb0636166187478ef68d5b95f5caea062ec,0,0,1,1,linux,BFC
6a28fd2bbc94bfca105632e5ef8a9dbe63ba0b39,2,0,0,1,linux,BFC
7cfc4486e7ea25bd405df162d9c131ee5d4c6c93,2,0,0,1,linux,BFC
9d18b5144a0a850e722e7c3d7b700eb1fba7b7e2,21,1,3,3,linux,BIC
7dbdb199d3bf88f043ea17e97113eb28d5b100bc,1,17,8,4,linux,BIC
28e46a0f2e03ab4ed0e23cace1ea89a68c8c115b,0,0,4,1,linux,BFC
b23eb636d7f9f3d7c3ae0dd443cf26c4cc1e18f7,24,0,6,1,linux,BIC
5d4dd65b1e98ff640c3bdb546a169e397805831e,0,0,1,1,linux,BFC
f61e0d3cc4aee194014074471658a5a037e311ce,2,2,1,1,linux,BFC
f8e144971c6834fa1e171be4cd8026f8bc537bca,121,0,7,3,linux,BIC
e646b51f5dd5e92bcb159cb932aa540451ac803f,32,0,0,3,linux,BIC
b0a0c2615f6f199a656ed8549d7dce625d77aa77,17,0,2,6,linux,BIC
e6a59aac8a8713f335a37d762db0dbe80e7f6d38,3,0,0,1,linux,BFC
42caf9cb59370cc6f296c7a9fe39fa66963236ff,6,0,3,1,linux,BIC
f3e90408019b353fd1fcd338091fb8d3c4a1c1a5,2,0,0,1,linux,BFC
95cb64c1fe61e70685a95f6260c8e9cd219fe08c,0,0,1,1,linux,BFC
33b6c39e747c552fa770eecebd1776f1f4a222b1,0,0,1,1,linux,BFC
c63829182c37c2d6d0608976d15fa61ebebe9e6b,62,0,1,4,linux,BIC
ad188458d0123d4e116f14f7eab73d644aed149f,85,0,1,2,linux,BIC
991de2e59090e55c65a7f59a049142e3c480f7bd,4,25,12,5,linux,BIC
bb7000677a1b287206c8d4327c62442fa3050a8f,4,1,7,1,linux,BIC
5195c14c8b27cc0b18220ddbf0e5ad3328a04187,4,2,4,1,linux,BFC
b12e924a2f5b960373459c8f8a514f887adf5cac,4,0,0,1,linux,BFC
2da0aebc74dba6a09ac90b88e38860fbc65d6c0a,0,4,5,1,linux,BFC
c878a628e0c483ec36fa70f4590e4a58e34a6e49,0,0,1,1,linux,BFC
27b3b22dd98caef023cbaa4871b356e4596a81af,140,38,94,13,linux,BIC
0761680d521559813648fb430ddeb479c97ab060,6,0,1,1,linux,BFC
c8b9aff419303e4d4219b5ff64b1c7e062dee48e,10,0,0,1,linux,BFC
ecfbd7b9054bddb12cea07fda41bb3a79a7b0149,5,6,27,1,linux,BFC
be60ca41fbaa93bc8f92b24e34d8cc62af41300d,10,0,0,1,linux,BFC
b4e432f1000a171d901e42551459059831925770,54,0,4,1,linux,BIC
cf3598c23cd09d5f063fa8c12fe9ddd5a352d3d5,0,0,4,1,linux,BFC
1eaa566d368b214d99cbb973647c1b0b8102a9ae,11,0,0,3,linux,BIC
4f74d72aa7067e75af92fbab077e6d7d0210be66,10,0,0,1,linux,BFC
9965db26ac0548648309f506dc155a92daa2158f,0,0,1,1,linux,BIC
ead09dd3aed5cc6a6c6288a87a5bfa9bbc8d5ecf,17,186,91,9,linux,BIC
5eff06902394425c722f0a44d9545909a8800f79,3,0,0,1,linux,BFC
841891ec0c65d9ec81b3c56975d61ecc5b6ca365,20,0,2,1,linux,BIC
09b09cb9c569dcc3577cf064e2561ebf08605454,1,0,2,1,linux,BFC
4954f5b8ef0baf70fe978d1a99a5f70e4dd5c877,26,0,20,1,linux,BFC
ca33784ba4949856a94a545c91429aae5c8b658d,0,0,1,1,linux,BIC
1f330c3279004dd83fcbac5669a858366c51e058,0,5,3,1,linux,BIC
b9f726c94224e863d4d3458dfec2e7e1284a39ce,0,0,1,1,linux,BFC
3d65014146c69bbc4d2947f60dbd722d352cdc46,151,1,88,5,linux,BIC
6e6b904ad4f9aed43ec320afbd5a52ed8461ab41,1,0,2,1,linux,BFC
90edf184b9b7275d248f1b9902733a0000e4ecf8,116,0,0,1,linux,BIC
ac212b6980d8d5eda705864fc5a8ecddc6d6eacc,515,660,71,7,linux,BIC
75bcb8776dc987538f267ba4ba05ca43fc2b1676,1,0,2,2,linux,BFC
d7a261c2d1f233260c48651b4e68987ce1206139,9,2,4,2,linux,BIC
60ab4584f5bf4e496baec7b090a4b382d03b2100,9,0,19,2,linux,BFC
19d8e8c7be1567b92e99f7201b8e9b286d04dc0f,370,0,0,5,linux,BIC
8b9740178f2a380339fc1ce6d780bb442580eb2c,0,0,2,1,linux,BFC
dad8cea7add96a353fa1898b5ccefbb72da66f29,4,0,1,1,linux,BFC
dddb64bcb34615bf48a2c9cb9881eb76795cc5c5,80,0,13,11,linux,BIC
64d950ae0b01eae96eb668b789c6d145c38ac41c,2,0,0,1,linux,BFC
350144069abf351c743d766b2fba9cb9b7cd32a1,2,0,0,1,linux,BFC
fbd45a12988e75a48d392feb8b0e5feb5d612513,14,7,3,1,linux,BFC
b541f9e59a0e56fff840cf983394e59de7bc2d96,0,0,1,1,linux,BFC
e80c47bd738badeaa70b1114d4cd75f892672bd3,1,0,0,1,linux,BIC
957ad9a02be6faa87594c58ac09460cd3d190d0e,4,1,5,1,linux,BFC
6785a1034461c2d2c205215f63a50a740896e55b,0,1,0,1,linux,BFC
85bd23f3dc09a2ae9e56885420e52c54bf983713,1,0,1,1,linux,BFC
51677dfcc17f88ed754143df670ff064eae67f84,0,15,6,1,linux,BFC
21653a4181ff292480599dad996a2b759ccf050f,0,0,1,1,linux,BIC
eda20ba1e25e6d8e7fa0c62d1bd685aa5de8e8ff,2,31,12,1,linux,BIC
5deae9191130db6b617c94fb261804597cf9b508,55,0,18,2,linux,BFC
5cdd929da53dd7347ec86afd94c3b840909c461e,44,0,0,1,linux,BIC
0a67b5a926e63ff5492c3c675eab5900580d056d,4,2,1,1,linux,BFC
cde5e8e9ff1461bcc76a090f762cc38b289b825c,9,0,0,1,linux,BIC
08b49e14ec4f88f87a3a8443fca944dc2768066b,35,4,35,1,linux,BFC
855a70c12021bdc5df60512f1d3f6d492dc715be,345,0,0,1,linux,BIC
3a745b51cddafade99aaea1b93aad31e9614e230,0,7,4,1,linux,BFC
58073b32b0f716cbd894d503ab2408db9d48aed6,0,2,3,1,linux,BFC
e583b5c472bd23d450e06f148dc1f37be74f7666,1,0,1,1,linux,BFC
dccccd332d028f57358a8b64ca88e691fc8be5b7,0,0,1,1,linux,BFC
0862ca422b79cb5aa70823ee0f07f6b468f86070,0,0,2,2,linux,BFC
bb6892b7ce15acc0742f32b740ecaa5594bf31ec,0,0,1,1,linux,BFC
407c85c7ddd6b84d3cbdd2275616f70c27c17913,9,0,6,2,linux,BFC
5b9f57cf47b87f07210875d6a24776b4496b818d,10,0,1,1,linux,BFC
4a49b499dfa0c9e42be6d6fdd771f3434c776278,889,0,0,1,linux,BIC
eca8183699964579ca8a0b8d116bd1f4da0136f7,93,0,1,1,linux,BIC
b416c099472a64949143a1effa369e5c938429ab,131,0,0,2,linux,BIC
54c5639d8f507ebefa814f574cb6f763033a72a5,3,1,1,2,linux,BFC
c921d7db3d1248c9091af070a7fdce2e55baa86a,1,0,0,1,linux,BFC
3f0a06b0368d25608841843e9d65a7289ad9f14a,72,0,0,1,linux,BIC
e4b069e0945fa14c71cf8b5b89f8b1b2aa68dbc2,16,0,4,1,linux,BFC
d1c392c9e2a301f38998a353f467f76414e38725,0,0,2,1,linux,BFC
d19fb70dd68c4e960e2ac09b0b9c79dfdeefa726,3,5,10,3,linux,BFC
13ea657806cf73b379a0109f7042182f47c351a7,67,0,0,1,linux,BIC
18bcf2907df935981266532e1e0d052aff2e6fae,2,0,0,2,linux,BFC
2986c51540ed50ac654ffb5a772e546c02628c91,14,0,0,1,linux,BFC
7f5c6d4f665bb57a19a34ce1fb16cc708c04f219,14,24,66,5,linux,BIC
326087033108e7806e24974f2c8271f95cddaf3a,39,5,402,14,linux,BIC
72ef3a88fa8e225301aaea296ffc95407de21986,21,5,4,4,linux,BIC
ae07970a0621d67a8bc0dc5b44e3fc652bd2ba20,186,0,18,6,linux,BIC
27b67278e007b5475bc14918794bf73cf297a026,199,168,262,15,linux,BIC
143ece654f9f5b37bedea252a990be37e48ae3a5,6,3,8,1,linux,BFC
2457aec63745e235bcafb7ef312b182d8682f0fc,142,87,75,17,linux,BIC
a69755b187749e7cc020e17127a54f395aea4eaa,13,3,10,1,linux,BIC
eaeef1ce55ec9161e0c44ff27017777b1644b421,1,0,0,1,linux,BFC
ceaea851b9ea75f9ea2bbefb53ff0d4b27cd5a6e,2,0,8,1,linux,BFC
a62d69857aab4caa43049e72fe0ed5c4a60518dd,6,0,1,1,linux,BFC
fba2369e6ceb7ae688e91063821bae5140e26393,33,0,45,1,linux,BIC
5829e62ac17a40ab08c1b905565604a4b5fa7af6,1,0,1,1,linux,BFC
14544d0937bf0160018a47ba74fff7fd61c22731,34,1,22,1,linux,BIC
af6fc858a35b90e89ea7a7ee58e66628c55c776b,37,0,14,3,linux,BIC
2a06b8982f8f2f40d03a3daf634676386bd84dbc,10,1,7,1,linux,BFC
dead9f29ddcc69551f35529a252d2704047870d3,2,1,0,1,linux,BIC
ba0aa311b0eb9d0a66a1b6b6fdeaa3b7584b798a,0,0,1,1,linux,BFC
188a486619e6c9d7b8531ba6c4215b31304d293f,0,2,20,1,linux,BFC
5538409ba3935aa1ecaff8255137c3a6a19e0a30,29,0,0,1,linux,BIC
a910b5ab6b250a88fff1866bf708642d83317466,3,0,0,1,linux,BFC
b923ff6af0d5a806a3996dac6d4393cd9792d0f4,81,4,26,6,linux,BIC
a4642e99694a912b32952317e8f4c253ed6be4a9,0,0,1,1,linux,BFC
bd1599d931ca735c1081f11aa4d49006350709f1,8,0,8,1,linux,BFC
d8b212014e69d6b6323773ce6898f224ef4ed0d6,2848,0,0,3,linux,BIC
4d231b76eef6c4a6bd9c96769e191517765942cb,1,0,2,1,linux,BFC
12ae030d54ef250706da5642fc7697cc60ad0df7,0,0,1,1,linux,BFC
00d93611f00219bd142aa119c5121793cac30ff0,40,0,9,1,linux,BIC
8b3bdd99c092bbaeaa7d9eecb1a3e5dc9112002b,1,0,0,1,linux,BFC
9f7406d6b56b4b71a12480b68221755ea7b3e0ee,0,1,0,1,linux,BFC
a372173bf314d374da4dd1155549d8ca7fc44709,0,0,1,1,linux,BFC
3b4929f65b0d8249f19a50245cd88ed1a2f78cff,22,1,8,5,linux,BFC
e5f68b4a3e7b006f209aba078d6a5ff3a78dd783,1,0,2,1,linux,BIC
be857b7f77d130dbbd47c91fc35198b040f35865,20,0,1,1,linux,BFC
6e3f3c239ee547c5b55a85f467c92a6ba7eee83a,7,10,12,5,linux,BFC
a53ab94eb6850c3657392e2d2ce9b38c387a2633,3,0,0,1,linux,BFC
1cb13613735a15b994b680ae5ef18aaf79108b95,1,0,1,1,linux,BFC
299ee123e19889d511092347f5fc14db0f10e3a6,39,32,73,7,linux,BIC
b22a8f7b4bde4e4ab73b64908ffd5d90ecdcdbfd,3,0,2,1,linux,BFC
4f2f61fc507176edd65826fbedc8987dea29b9d5,2,0,2,1,linux,BIC
b851adeac0858c7d257b32eee2142b1519d45ccf,165,0,19,6,linux,BIC
fe4600a548f2763dec91b3b27a1245c370ceee2a,0,0,3,1,linux,BFC
d0ec49d4de90806755e17289bd48464a1a515823,5,0,25,6,linux,BIC
86fe1ac0d563477b1d10d49a92237e3f3d74e7be,0,34,10,6,linux,BFC
95c8bc3609440af5e4a4f760b8680caea7424396,19,0,572,10,linux,BIC
c4d7eb57687f358cd498ea3624519236af8db97e,69,0,4,3,linux,BIC
6b294793e3846988ca1234c324ae256b25cee9cf,18,1,106,4,linux,BIC
87915adc3f0acdf03c776df42e308e5a155c19af,8,0,0,1,linux,BIC
9917f0e3cdba7b9f1a23f70e3f70b1a106be54a8,1,0,0,1,linux,BFC
1a6877b9c0c2ad901d4335d909432d3bb6d3a330,43,12,4,3,linux,BIC
7045465500e465b09f09d6e5bdc260a9f1aab97b,0,4,13,1,linux,BFC
662880f4420340aad4f9a62a349c6c9d4faa1a5d,16,12,17,4,linux,BIC
76100a8a64bc2ae898bc49d51dd28c1f4f5ed37b,32,85,7,3,linux,BIC
d8dbf44f13b91185c618219d912b246817a8d132,56,24,28,3,linux,BIC
4797948071f607c5b43753cb8f1b7ddcf22e146d,1498,9,9,11,linux,BIC
81e7b165c45e94188ae8f1134b57f27d1f35452f,0,0,2,1,linux,BFC
307af6c879377c1c63e71cbdd978201f9c7ee8df,15,37,40,2,linux,BIC
505d9dcb0f7ddf9d075e729523a33d38642ae680,2,0,6,1,linux,BFC
d03477ee10f4bc35d3573cf1823814378ef2dca2,0,0,1,1,linux,BFC
72b7f6c48708e4524765a2f1316063207d8e0cd5,6,0,6,3,linux,BIC
719b7d81f2048477f89f7303e2b4ddec8197e6e3,113,78,3,3,linux,BIC
5faf6e1f58b4488a8b24a722ccf317ed67a8e8d8,332,0,0,1,linux,BIC
74c1bda2f3fa79a93e1c910008649b49b02dc09d,0,0,1,1,linux,BFC
6044eeffafbe35154c5d3b04b73e8938a62e5d39,46,0,9,4,linux,BIC
1d7f5e6c5240c324afa138738a7d50218a7584c5,7,44,14,6,linux,BIC
17652f4240f7a501ecc13e9fdb06982569cde51f,0,0,1,1,linux,BIC
0cf46a653bdae56683fece68dc50340f7520e6c4,1,0,1,1,linux,BIC
c140915c00c92e3ca2a4f8e5748f0b9ef3e5a418,0,0,2,1,linux,BFC
39f81776c6807d605cfec6fa7a2439fa4786034e,0,0,1,1,linux,BFC
f85900c3e13fdb61f040c9feecbcda601e0cdcfb,4,0,0,1,linux,BFC
13525f0a62cc258b2b2266478cc5fec0a45d1e71,0,3,23,1,linux,BFC
83c11c17553c0fca217105c17444c4ef5ab2403f,2,0,7,1,linux,BFC
243a98894dc525ad2fbeb608722fcb682be3186d,0,3,1,1,linux,BFC
9799c50372b23ed774791bdb87d700f1286ee8a9,0,1,0,1,linux,BFC
f967db0b9ed44ec3057a28f3b28efc51df51b835,19,0,0,1,linux,BFC
715c58e94f0d78907bfccde12c2ca5236502c53e,31,0,0,2,linux,BIC
f740c34ee5cf62e1fff5ebec6d0e63efcc3cdfe9,1,0,0,1,linux,BFC
32faa3f0ee509176aeac0009e3ee93f9b15f07a5,42,0,0,1,linux,BIC
31455bbda2081af83f72bb4636348b12b82c37c1,113,107,4,11,linux,BIC
744fdc8233f6aa9582ce08a51ca06e59796a3196,4,0,0,1,linux,BFC
861ce4a3244c21b0af64f880d5bfe5e6e2fb9e4a,1,0,0,1,linux,BFC
bd47a85acd727e27b7283daff557865ad04c59f6,0,0,1,1,linux,BFC
55f53567afe5f0cd2fd9e006b174c08c31c466f8,0,0,2,1,linux,BFC
38b5f68e98117daa221c7df813608f48c374aef4,3,9,1,3,linux,BIC
906746ba26d0b45688f4c3b730c35f765dc958ba,0,0,4,1,linux,BFC
d765955d2ae0b88781a0db3a5bacfe4241925e09,354,0,18,9,linux,BIC
6563139d90ad6178a990d051c7980f0998b5d2e8,0,10,0,1,linux,BIC
1cd25cbb2fedbc777f3a8c3cb1ba69b645aeaa64,19,18,0,1,linux,BFC
789c4aea3f08026360d026c0ea69b33797ac88c2,6,2,2,2,linux,BFC
8ca18eec2b2276b449c1dc86b98bf083c5fe4e09,4,0,4,2,linux,BFC
9cccc76bb49ffcc0370a37a6c01368d69cc3b65b,5,7,0,2,linux,BFC
d76f3351cea2d927fdf70dd7c06898235035e84e,1,0,0,1,linux,BFC
35160421b63d4753a72e9f72ebcdd9d6f88f84b9,0,3,0,1,linux,BFC
e9776d0f4adee8877145672f6416b06b57f2dc27,2,0,1,1,linux,BFC
e9cd7dfd7ef939394436ef6d03ff156e587ba39e,0,1,7,1,linux,BFC
42bbf810e155efc6129a3a648ae5300f00b79d7b,4,0,0,1,linux,BFC
a6361f0ca4b25460f2cdf3235ebe8115f622901e,30,2,19,2,linux,BFC
1a3910c80966e4a76b25ce812f6bea0ef1b1d530,0,0,1,1,linux,BFC
3d52ccf52f2c51f613e42e65be0f06e4e6788093,56,3,5,5,linux,BIC
f575ac2d64e7cedb2d70acd5baa359da216cf718,0,446,43,1,linux,BIC
a939fc5a71ad531633610242400c262e78731532,3312,0,0,4,linux,BIC
68e5ec2ec94576bee4d5280d512ed47e6f876baf,0,1,0,1,linux,BFC
7a6ff4c4cbc3570a1ae483a833b3fb12b1a56a9d,205,0,0,1,linux,BIC
99633ab29b2131b68089a6c7f60458390860e044,134,1,34,7,linux,BIC
28ddd846077a0c7d8382f41cef6840167d236c83,0,0,1,1,linux,BFC
b7297783c2bb6fa7bd557842657bed7e95220978,0,34,0,1,linux,BIC
aee194b14dd2b2bde6252b3acf57d36dccfc743a,13,1,2,1,linux,BFC
32350664497279f4ddd96164caafc8a1b573ca2a,5,0,120,11,linux,BIC
894077d5c871f86e6c88a70ac016b6811a910b23,4,0,3,1,linux,BFC
a9fd053b56c6bb14972ab7a19da0b575fe4c5d66,90,1,11,8,linux,BIC
dfcfac3e4cd94abef779297fab6adfd2dbcf52fa,161,0,22,1,linux,BIC
2e989f82181cd414599c6afbc5a666356a3d1dd1,3,0,1,1,linux,BFC
3559d81e76bfe3803e89f2e04cf6ef7ab4f3aace,0,18,2,1,linux,BIC
d4019f0a92ab802f385cc9c8ad3ab7b5449712cb,35,461,163,40,linux,BIC
3451a495ef244a88ed6317a035299d835554d579,24,9,2,3,linux,BIC
aebe8c22a9121e89cdd5c725f2ebed1ee237ff16,2,0,2,1,linux,BIC
d29ec8241c10eacf59c23b3828a88dbae06e7e3f,98,343,202,3,linux,BIC
1e0cf16cdad1ba53e9eeee8746fe57de42f20c97,2,4,5,3,linux,BFC
bf067f1c51239ba70be714c513820d2c4a5cd457,2,0,0,1,linux,BFC
132d00becb31e88469334e1e62751c81345280e0,3,0,1,1,linux,BFC
c45c1e82bba130db4f19d9dbc1deefcf4ea994ed,3,1,4,1,linux,BFC
f0250618361db1447d66c494c6dd2df815f42c87,42,12,40,1,linux,BIC
dbdd096a5a74b94f6b786a47baef2085859b0dce,6,0,0,2,linux,BFC
6d0f60b0f8588fd4380ea5df9601e12fddd55ce2,5,0,2,1,linux,BFC
5f6de5cbebee925a612856fce6f9182bb3eee0db,13,0,0,1,linux,BIC
a1a745ef980a1b48299ead4ea7990e62c0516f6e,0,0,1,1,linux,BFC
9f9eae5ce717f497812dfc1bda5219bc589b455d,1,1,1,1,linux,BIC
84c6b86875e01a08a0daa6fdd4a01b36bf0bf0b2,20,0,12,2,linux,BIC
aaf83aecd294fd61db6b34051f718f3e7ea34c22,0,0,3,1,linux,BFC
90f33bffa382598a32cc82abfeb20adc92d041b6,29,3,30,2,linux,BIC
31fb632b5d43ca16713095b3a4fe17e3d7331e28,0,0,7,1,linux,BIC
4e8581eefe720f8d990b892a8c9d298875e1a299,0,0,3,1,linux,BFC
ae9287811ba75571cd69505d50ab0e612ace8572,0,0,1,1,linux,BFC
1ee1710cd6bbf49853688e97d6e1d98b48f28586,2,0,1,1,linux,BFC
5b11ebedd6a8bb4271b796e498cd15c0fe1133b6,0,0,1,1,linux,BFC
90681f53b9381c23ff7762a3b13826d620c272de,1,0,1,1,linux,BFC
c24a77edc9a7ac9b5fea75407f197fe1469262f4,2,0,0,2,linux,BIC
23ae3a7877718931474684ef4fbbaf1d1511ee84,209,0,4,1,linux,BIC
09a89cc59ad67794a11e1d3dd13c5b3172adcc51,0,0,1,1,linux,BFC
79c0949e9a09f6a14a6dd18dc8396029423f9b68,420,0,7,5,linux,BIC
66ccbc9c87c2ae96585f9aa5f733609e6f4acf25,70,0,21,1,linux,BIC
8940ba3cfe4841928777fd45eaa92051522c7f0c,2,1,10,2,linux,BFC
54246b9034da08087ceb2083478c0d13403e12b4,13,0,5,1,linux,BFC
3ddf40e8c31964b744ff10abb48c8e36a83ec6e7,0,1,0,1,linux,BFC
e53537653791b4aaa9ec88a9eb5fd187d44ff6ac,23,1,16,4,linux,BIC
65bf2cf95d3ade4b56c35b17bb955a64b7f4b019,27,0,1,3,linux,BIC
1ed0cc5a01a4d868d9907ce96468c4b4c6709556,0,1,1,1,linux,BFC
3aab8884c9eb99189a3569ac4e6b205371c9ac0b,1,1,1,1,linux,BFC
566a9b05e1fa47dcfb93a4459145d0fdc06d3046,95,11,7,2,linux,BIC
85069e95e53161f8bcc1aa266f47c60c1f3e4ec3,166,0,1,4,linux,BIC
41cfd64cf49fc84837341732a142f3d4cdc1e83a,5,2,7,1,linux,BIC
4777ac220c430173e297237b896932ed5fd8aaf3,45,0,11,2,linux,BIC
aeb068c57214858b638d5ee627bb4a831f98771e,972,0,0,1,linux,BIC
1e67ee9344abbbd35ee286d641461faecf43933f,0,1,25,1,linux,BFC
673498b8ed4c4d4b7221c5309d891c5eac2b7528,7,0,2,2,linux,BFC
182b4a2d251305201b6f9cae29067f7112f05835,0,0,1,1,linux,BFC
82adf901138cc0564656dc8dc3a47862a546cb2a,22,0,28,4,linux,BIC
25d387287cf0330abf2aad761ce6eee67326a355,1,0,0,1,linux,BFC
b2de3643c5024fc4fd128ba7767c7fb8b714bea7,2,0,1,1,linux,BFC
68b6dea802cea0dbdd8bd7ccc60716b5a32a5d8a,4,0,4,1,linux,BFC
2d995e5dc283adbfbf9c1eb81bf35ca7af2d22a6,348,0,0,2,linux,BIC
717beb96d969561cff53aad2f09547db20ee6ffd,1,0,1,1,linux,BFC
9b59b8c6f8462cd330fc7fb735c4d864357b3689,1,0,0,1,linux,BFC
6e04b103568983bd699fac96b80a9b96ede68118,144,34,19,5,linux,BIC
c7cc5ec5730321ea6c86f0f87cb562fc3827b0d3,0,2,12,1,linux,BIC
9326e4f1e5dd1a4410c429638d3c412b6fc17040,1,0,1,1,linux,BIC
72a2fbda53d057081d0bca2db221995435fb0d1e,6,8,0,1,linux,BFC
fdd2e570764c28334fcc8728ecec8e401d04294b,139,3,105,6,linux,BIC
142240398e50e5fe3171bcf2459856603be13a39,10,0,23,5,linux,BIC
74b80e841b4da2f83d8f548f32cfe421fde85aca,0,1,0,1,linux,BFC
2dcec57b3734029cc1adc5cb872f61e21609eed4,100,0,17,1,linux,BFC
8b0f92549f2c2458200935c12a2e2a6e80234cf5,1,0,1,1,linux,BIC
b974696da1cfc5aa0c29ed97dc8f6c239899e64b,1,0,0,1,linux,BFC
be7bd03f0201b5a513ced98c08444a140eab92ea,133,64,45,4,linux,BIC
b7268c5eed0ab4f052d614b4b0e3fe8a51c9d5a1,47,11,44,17,linux,BIC
67bf6493449b09590f9f71d7df29efb392b12d25,2,6,0,1,linux,BFC
823dd71f58eb2133c24af85fad056a8dbb1a76e9,0,0,2,1,linux,BFC
509067bbd2644ed8f59b84b5db95a985633004ba,0,0,1,1,linux,BIC
7bc7b7777ee0e3b3d995aebaf26a462d5a23e3d7,1,0,1,1,linux,BFC
cbd50b3ca3964c79dac65fda277637577e029e8c,0,0,1,1,linux,BFC
dedeb4be203b382ba7245d13079bc3b0f6d40c65,2,0,1,1,linux,BFC
836e66c218f355ec01ba57671c85abf32961dcea,28,0,2,4,linux,BFC
8c83d39cc730378bbac64d67a551897b203a606e,0,0,1,1,linux,BFC
6727ad9e206cc08b80d8000a4d67f8417e53539d,33,0,21,12,linux,BIC
ea5ec9fc9eb8bb1eed5ff12dcec328dec918664f,1,0,1,1,linux,BFC
69002c8ce914ef0ae22a6ea14b43bb30b9a9a6a8,3,0,0,1,linux,BFC
0a0e265515db7619d0da9331d74245d02c741f07,593,478,22,3,linux,BIC
1f45f78f8e511203f03138f2ccde3d2cf90d2cbf,29,2,9,8,linux,BIC
68a17f0be6feb8de1f5e26b93f49791031374c4c,25,0,1,4,linux,BIC
102b55ee92f9fda4dde7a45d2b20538e6e3e3d1e,20,5,6,3,linux,BFC
aef25338226660cdd4df908c2eff1abdcfca65e5,88,20,46,5,linux,BIC
fd58156e456d9f68fe04486be378d0bc93641532,1,635,55,1,linux,BIC
7a9e75a185e6b3a3860e6a26fb6e88691fc2c9d9,0,0,1,1,linux,BFC
22ca8a452e5791c9721e1ba61e95651fc00a9e4d,4,0,0,2,linux,BFC
5b8de48e82ba322483c925ce33f193e28e59a5fd,24,0,1,1,linux,BFC
b8c17f7088310e7ee34ca61929f737045adfd449,138,0,11,6,linux,BIC
6ba422c75facb1b1e0e206c464ee121b8073f7e0,3,0,1,1,linux,BFC
5fc177ab759418c9537433e63301096e733fb915,5,0,0,1,linux,BFC
a6e2af64a79afa7f1b29375b5231e840a84bb845,25,9,7,3,linux,BFC
09df6a75fffa68169c5ef9bef990cd7ba94f3eef,6,0,3,1,linux,BFC
4849e0eda387931fe251fe956cbfddeee852dacf,0,6,1,1,linux,BFC
49cb2fc42ce4b7a656ee605e30c302efaa39c1a7,87,2,35,7,linux,BIC
ca0bde28f2ed66c2229ecfb7f4bfa0defa3da4b5,66,54,37,1,linux,BIC
e547f2628327fec6afd2e03b46f113f614cca05b,0,1,2,1,linux,BFC
24d5dd0208ed1cd3ef6bf30a50b347ef366f21ac,51,0,0,2,linux,BIC
943e942e6266f22babee5efeb00f8f672fbff5bd,37,3,2,3,linux,BIC
c2a9737f45e27d8263ff9643f994bda9bac0b944,4,0,0,1,linux,BIC
312434617cb16be5166316cf9d08ba760b1042a1,5,0,2,4,linux,BFC
24672bdfb357b91bed0ea8d432241bf7bdefc8a8,0,0,2,1,linux,BFC
41591a51f00d2dc7bb9dc6e9bedf56c5cf6f2392,0,0,2,1,linux,BFC
2ee5ef9c934ad26376c9282171e731e6c0339815,0,0,2,1,linux,BFC
fc5b775da468e359154795afeb27be79b509b76d,2,0,0,1,linux,BFC
7b8792bbdffdff3abda704f89c6a45ea97afdc62,6,0,2,1,linux,BIC
f9358e12a0af53d107df09d4c0254425b6a10468,481,0,8,4,linux,BIC
36ef0b473fbf43d5db23eea4616cc1d18cec245f,1,0,0,1,linux,BIC
5684514ba9dc6d7aa932cc53d97d866b2386221f,4,11,5,1,linux,BFC
d24c790577ef01bfa01da2b131313a38c843a634,0,1,1,1,linux,BFC
c7b65650c7f41d3946c4e2f0bb56dfdb92cfe127,0,1,0,1,linux,BFC
bc23d0e3f717ced21fbfacab3ab887d55e5ba367,0,0,1,1,linux,BFC
651d44f9679cf49992c59fee5570c2c8b9b8ac4c,0,11,3,2,linux,BIC
54b9430f04b0be3beb7f2711152c61e7d39c58e5,1,0,1,1,linux,BFC
8594a21cf7a8318baedbedc3fcd2967a17ddeec0,18,9,8,3,linux,BFC
06dfe5cc0cc684e735cb0232fdb756d30780b05d,5,1,8,1,linux,BFC
71b7cc601ea7f3ffd95e88f7386e9da8c753a9c8,0,0,1,1,linux,BFC
9c7504aa72b6e2104ba6dcef518c15672ec51175,87,0,42,2,linux,BIC
2f430b4bbae7faa167730f954252eb7db4ac58dd,30,2,1,1,linux,BIC
0f28ede906a8ad44158a6ef9471a5a412343cced,0,3,3,1,linux,BFC
7e1c4058e741c781b262b15a2e86a40602aaa6b6,0,0,2,1,linux,BFC
d429005fdf2c9da19429c8b343eea61bd55b7c00,300,0,75,8,linux,BIC
52775b33bb5072fbc07b02c0cf4fe8da1f7ee7cd,69,0,0,5,linux,BIC
b709e32ef570b8b91dfbcb63cffac4324c87799f,2,0,0,1,linux,BFC
23ba98de6dcec665e15c0ca19244379bb0d30932,0,24,2,3,linux,BFC
d153b153446f7d8832bb2ebd92309c8a6003b3bb,1,104,15,3,linux,BFC
3d0174f78e72301324a5b0ba7d67676474e36fff,10,0,11,3,linux,BIC
a57b70519d1f7c53be98478623652738e5ac70d5,0,1,7,1,linux,BFC
91f6f5fbe87ba834133fcc61d34881cb8ec9e518,29,0,3,3,linux,BIC
2d17d9c7382327d00aeaea35af44e9b26d53206e,0,0,1,1,linux,BFC
16e87459673a5cbef35cc0f2e15c664b10a4cdb6,108,62,51,14,linux,BIC
9026e0d122ac87d329b76a9b631622b03941af64,2174,0,0,14,linux,BIC
b4846fc3c8559649277e3e4e6b5cec5348a8d208,1,0,0,1,linux,BFC
7582207b1059129e59eb92026fca2cfc088a74fc,0,0,1,1,linux,BFC
4a336a23d619e96aef37d4d054cfadcdd1b581ba,0,6,1,1,linux,BIC
0b7959b6257322f7693b08a459c505d4938646f2,7,4,0,1,linux,BIC
609d5a1b2b35bb62b4b3750396e55453160c2a17,0,0,2,1,linux,BFC
3cb1f40dfdc3b9f5449076c96b4e2523139f5cd0,50,0,0,1,linux,BIC
cb7d224f82e41d82518e7f9ea271d215d4d08e6e,7,0,3,1,linux,BIC
5a2e745d4d430c4dbeeeb448c3d5c0c3109e511e,35,0,0,1,linux,BIC
e89ef634f81c9d90e1824ab183721f3b361472e6,8,6,1,1,linux,BFC
31de313dfdcf6971b0a1c30f86eabaa1eede74b3,412,0,0,1,linux,BIC
d2e1c57bcf9a07cbb67f30ecf238f298799bce1c,3,0,0,1,linux,BFC
d836ace65ee98d7079bc3c5afdbcc0e27dca20a3,0,0,1,1,linux,BFC
2ce7135adc9ad081aa3c49744144376ac74fea60,187,0,10,5,linux,BIC
c8b4b477079d1995cc0a1c10d5cdfd02be938cdf,1688,0,0,3,linux,BIC
7903192c4b4a82d792cb0dc5e2779a2efe60d45b,1,8,4,5,linux,BFC
ea823c7cbffa7bae311d78761866ac4db344c89b,2,5,1,2,linux,BIC
7de9b1688c1d4a4c9267e65338ae8d6d0d025625,15,0,0,1,linux,BIC
a46349227cd832b33c12f74b85712ea67de3c6c4,754,23,36,1,linux,BIC
aae538cd03bc8fc35979653d9180922d146da0ca,0,0,1,1,linux,BFC
3c0f99366e34c1b45e4908e151089a8bf93fbe71,3,0,1,2,linux,BIC
b354eaeec8637d87003945439209251d76a2bb95,38,4,17,1,linux,BFC
26cb2be4c7c42644ccd147c786edb9006300ee56,4,0,2,1,linux,BFC
170a315f41c647ce826e389c64047ee1f4cd2dde,23,0,0,4,linux,BIC
c5117a78dd88e5b673897baec0a6eed9ee599e02,12,0,0,1,linux,BIC
9710b2f341a0d96f35b911580639853cfda4677d,70,0,70,1,linux,BIC
8798d36411196da86e70b994725349c16c1119f6,12,0,2,2,linux,BFC
7331ea474e9e7a348541c207bdb6aa518c6403f4,0,0,1,1,linux,BFC
77dcc95e2048765b616b5308863ab1d4d5a8f720,0,0,1,1,linux,BFC
5138ac6748e381501894976f995fb7d1a63f80f4,9,0,7,4,linux,BIC
35ad0d901eac56ac6af2e4d726f255486c1ee36c,0,0,2,1,linux,BFC
e59ef36f0795696ab229569c153936bfd068d21c,0,0,1,1,linux,BFC
bc2ef884320bdca8d2544d517ac5489bb1722896,58,0,30,1,linux,BIC
4714d13791f831d253852c8b5d657270becb8b2a,127,0,0,3,linux,BIC
3c7a52217a8c1e674a9e15b71a7239d71a4d9cfd,2,18,5,2,linux,BFC
2e3a34e9f409ebe83d1af7cd2f49fca7af97dfac,0,1,1,1,linux,BFC
b3d09a06d89f474cb52664e016849315a97e09d9,40,0,0,2,linux,BFC
3d060856adfc59afb9d029c233141334cfaba418,9,13,0,2,linux,BFC
8a7ff14dcb40bade309cd2ad04c746bb1d169c4e,1,0,5,1,linux,BFC
679d94cd7d900871e5bc9cf780bd5b73af35ab42,0,0,1,1,linux,BFC
4a5f8ae50b66a40cd9cec8f72f5f64611504ddc1,128,0,6,3,linux,BIC
9fcd67d1772c43d2f23e8fca56acc7219e991676,0,1,4,1,linux,BIC
6e18cfca678ded520f5d99bde41076b2828463f3,0,0,3,1,linux,BFC
a58946c158a040068e7c94dc1d58bbd273258068,67,0,35,14,linux,BIC
fe98a6137d03a9e51db2197674c355d64eb3b709,244,0,1,4,linux,BIC
299815a4fba9f3c7a81434dba0072148f1690608,0,0,3,1,linux,BFC
503422d95248c1d9698735bb5803b70aa51b18ef,1,0,1,1,linux,BFC
6508497cbdc70b92130fbca57402af6a94e05d20,1,1,1,1,linux,BFC
c1a145a3ed9a40f3b6145feb97789e8eb49c5566,0,0,2,1,linux,BFC
e41b1355508debe45fda33ef8c03ff3ba5d206b9,7,0,0,1,linux,BFC
b527b638fd63ba791dc90a0a6e9a3035b10df52b,8,24,19,1,linux,BFC
a24ca9976843156eabbc5f2d798954b5674d1b61,0,85,14,9,linux,BIC
733e4b69d508d03c20adfdcf4bd27abc60fae9cc,5,6,5,1,linux,BIC
722939528a37aa0cb22d441e2045c0cf53e78fb0,1,0,1,1,linux,BFC
6df4432a5eca101b5fd80fbee41d309f3d67928d,1,0,0,1,linux,BFC
7ee3b7ebcb74714df6d94c8f500f307e1ee5dda5,0,0,2,1,linux,BFC
22ce0a7ccf23d55d1fdaa2974002f8b5ae765665,5,0,26,12,linux,BIC
5dd9f6c703e8161bf69fb9d004528bfb639548ce,4,0,0,1,linux,BFC
3ac6487e584a1eb54071dbe1212e05b884136704,14,0,0,1,linux,BFC
01e2113de9a5288bee805db06a00a48295f7eaab,307,0,0,1,linux,BIC
71293a60e38f44b1d18c14803f0dd2744f6b9a12,0,0,3,1,linux,BFC
fcd2e0deae50bce48450f14c8fc5611b08d7438c,16,0,3,1,linux,BFC
c6d6e9b0f6b4201c77f2cea3964dd122697e3543,3,0,0,1,linux,BFC
5003ae1e735e6bfe4679d9bed6846274f322e77e,0,0,1,1,linux,BFC
e69a66147d49506062cd837f3b230ee3e98102ab,0,0,11,1,linux,BFC
f01098c74b5219f3969d4750eeed1a36bfc038e3,7,0,3,1,linux,BFC
1d565935e3b9ccc682631e0bc6e415a7f48295d9,8,0,0,1,linux,BFC
12fdaf19e05b69992502eb9c97fc3c180f797564,3,3,0,1,linux,BFC
ae092b5bded24d5dc7dae0e0aef4669c169ce874,6,0,2,1,linux,BFC
47b34d2ef266e2c283b514d65c8963c2ccd42474,3,0,0,1,linux,BFC
4bcf59a5dea0f4e768e2b84fc78ce13a7fb27863,19,0,4,1,linux,BIC
98db16bab59fed3834cd0c0f4a3dbca57a61fad5,20,0,4,1,linux,BIC
e325808c0051b16729ffd472ff887c6cae5c6317,0,0,3,1,linux,BFC
a4cdb556cae05cd3e7b602b3a44c01420c4e2258,253,0,0,2,linux,BIC
36f19d5b4f99fa9fa8263877e5f8e669d7fddc14,0,5,0,1,linux,BFC
67b0503db9c29b04eadfeede6bebbfe5ddad94ef,2,0,10,1,linux,BFC
c63586dc9b3ed5d45ba82e16bf9e2170a55521e6,2,0,2,1,linux,BIC
a29c8c0241654d5f3165d52e9307e4feff955621,1,1,0,2,linux,BIC
9012de5089560136b849b920ad038b96160ed8f6,26,0,6,4,linux,BIC
98529b9272e06a7767034fb8a32e43cdecda240a,0,5,7,3,linux,BFC
ba8a5cb234ba3bf0a585fd38e5f36d7e7ce33661,0,0,1,1,linux,BFC
a4239945b8ad112fb914d0605c8f6c5fd3330f61,1049,67,54,9,linux,BIC
ed50995514d319ff27dafe3747f04abab9e87bdf,0,0,1,1,linux,BFC
251b6eebb6c4907659262d069341a31762efc761,39,8,10,1,linux,BIC
81b654c273914704a4bdf580f28d67aaba1094e4,19,12,3,2,linux,BFC
fda871c0ba5d2eed2cd1c881573168129da70058,17,0,7,1,linux,BFC
313ea293e9c4d1eabcaddd2c0800f083b03c2a2e,169,88,41,7,linux,BIC
b5fdf5c6e6bee35837e160c00ac89327bdad031b,10,26,4,1,linux,BFC
72b1e5e4cac72efa6b739b47e41f53e4520b4194,16,11,17,6,linux,BIC
e10cfdc33a0f23dc8449be7267f0a642e96a2a24,69,1,6,3,linux,BFC
1a80dade010c7a7f4885a4c4c2a7ac22cc7b34df,2,0,2,1,linux,BFC
b4ba97e76763c4e582e3af1079e220e93b1b0d76,3,0,2,1,linux,BFC
81c1cd98351bec779c4587865b62bfbac72ee811,0,0,1,1,linux,BIC
fc107a93307165d5bf966767e4456832ef3940ef,20,10,2,1,linux,BIC
588726d3ec68b66be2e2881d2b85060ff383078a,236,18,96,11,linux,BIC
b5cb15d9372abc9adc4e844c0c1bf594ca6a7695,31,0,0,2,linux,BIC
f27bb139c3876806a2c82e979d2dbbece44c66df,280,0,0,5,linux,BIC
0ee4ba13e09c9d9c1cb6abb59da8295d9952328b,0,0,1,1,linux,BFC
688b1ecfb9ed0484754d2653386e3c44c58ede5c,2,2,0,1,linux,BFC
c07bfb4d8fa1ee11c6d18b093d0bb6c8832d3626,2,0,1,1,linux,BFC
98051872fd25077d3b106ab3d2b945fa7025c1ef,0,0,1,1,linux,BFC
a042184c7fb99961ea083d4ec192614bec671969,2,0,0,1,linux,BFC
b8a13e5e8f37eeca28da8ce027df7ab7f4a79cb4,0,22,2,1,linux,BIC
79fba9f51755c704c0a7d7b7f0df10874dc0a744,4,2,1,1,linux,BIC
0564654340e2776843ade007c1aaa8e8f30dd147,8,0,4,1,linux,BIC
60ffc30d5652810dd34ea2eec41504222f5d5791,746,0,0,5,linux,BIC
bb6aeba736ba9fd4d9569eec4bc3f7aecb42162a,4,55,11,2,linux,BIC
7cfc4ea78fc103ea51ecbacd9236abb5b1c490d2,1,0,4,1,linux,BFC
85b06f5e53d17c15844ef3cd45d0c7107f0ae45c,1,0,1,1,linux,BFC
59715171fbd0172a579576f46821031800a63bc5,3,0,0,1,linux,BFC
90ae0b57e4a515342fe74ffa21f6972f5145d645,0,1,15,3,linux,BIC
2eccd4aa19fc88e48e4be4d86f271a266d95e6d0,7,0,0,1,linux,BIC
a0e94598e6b6c0d1df6a5fa14eb7c767ca817a20,0,0,1,1,linux,BFC
49b499718fa1b0d639663cfd03085b9bfd23cdc8,48,0,17,18,linux,BIC
c4a407b91f4b644145492e28723f9f880efb1da0,0,0,1,1,linux,BFC
855af2d74c870d747bf53509f8b2d7b9dc9ee2c3,3,0,0,1,linux,BFC
63bb4e1ebd9876d250eea24d27a2caf3e0e3302c,2,0,1,1,linux,BFC
6e8887f60f6038e822462ff815b30074af62b847,0,251,2,6,linux,BIC
a07231084da2207629b42244380ae2f1e10bd9b4,7,0,0,1,linux,BFC
99158246208b82c0700d09a40d719bb56b32c607,1,0,1,1,linux,BFC
38bdf45f4aa5cb6186d50a29e6cbbd9d486a1519,13,0,0,1,linux,BFC
d6332a176b869df1839abb26c8f80026a66d21d6,0,3,1,1,linux,BFC
4f16cab19a3d57638dd5d962ff6e87c154a6cab2,241,0,4,1,linux,BIC
ab0ee36e90f611f32c3a53afe9dc743de48138e2,13,0,5,1,linux,BFC
052e1f01bfae8be6f31b61ed3a2356edfca855dc,0,2469,0,6,linux,BIC
c9b12b59e2ea4c3c7cedec7efb071b649652f3a9,1,0,4,1,linux,BFC
7654e9d4fd8f160b3736b297c4b35684988c8c62,3,0,1,1,linux,BIC
17e433b54393a6269acbcb792da97791fe1592d8,58,0,1,7,linux,BIC
a5b2b6ebf34b20e70a2bdb5214c371744e7fa260,0,0,1,1,linux,BFC
bb81bb68f472bb0f9afbb483259d91d4efd86bfb,29,3,9,4,linux,BIC
2183de4161b90bd3851ccd3910c87b2c9adfc6ed,2,0,2,3,linux,BFC
548cd3ab54da10f896daa7ca422236847a915734,53,0,8,2,linux,BIC
7ad08a58bf67594057362e45cbddd3e27e53e557,83,10,23,6,linux,BIC
ca65fc0d8e01dca8fc82f0ccf433725469256c71,46,18,21,1,linux,BFC
78aedd327982ddd3cbb6ffc58f6fe0179cb6238b,4,4,2,3,linux,BFC
81b450909bfb4b71b4ae1c07add4feada32892bd,25,3,76,1,linux,BFC
4370b231d1001e0b560f82fd93616c7e54bd5fda,7,0,0,1,linux,BFC
ca3bff70ab320a9132c5524c495455526df4b078,15,11,30,1,linux,BIC
42b7305905be52e467bbc346b0f2f95ad44eb1a0,0,1,4,1,linux,BFC
b781bff882d16175277ca129c382886cb4c74a2c,10,0,0,1,linux,BFC
49b1153adfe18a3cce7e70aa26c690f275917cd0,119,98,16,4,linux,BIC
0eaf228d574bd82a9aed73e3953bfb81721f4227,4,0,2,1,linux,BFC
7ca17b207127240b1e4c8687ba7b9077e655336d,1,0,1,1,linux,BFC
04c5d5a430fca046cffac099a3f41e74816939da,14,0,7,2,linux,BIC
02341a08c9dec5a88527981b0bdf0fb6f7499cbf,4,0,4,1,linux,BFC
70d2f7b1ea19b7e43e36ccc63496f45f9908134d,4,0,5,1,linux,BIC
489a830a25e1730aebf7ff53430c170db9a1771b,1,0,0,1,linux,BFC
aab24a897cfba9dd371f6aac45dbcdae0b23def6,0,0,1,1,linux,BFC
c3336b8ac6091df60a5c1049a8c685d0b947cc61,0,0,2,1,linux,BFC
fd913ef7ce619467c6b0644af48ba1fec499c623,85,0,0,1,linux,BIC
a97e753fd358e23155ae42c61292dfd57eb54c4a,7,0,4,1,linux,BFC
96d8eab5d0a1a9741a4cae1b3c125d75d1aabedf,1049,0,0,1,linux,BIC
39a0876d595bd7c7512782dfcce0ee66f65bf221,6,2,5,1,linux,BFC
c9da02bfb1112461e048d3b736afb1873f6f4ccf,0,0,2,1,linux,BFC
77f7f71f5be1087823296f2dd8114ff7246ae877,3,0,5,1,linux,BIC
0636b938214c90c3a7d145ad86b64a061bb10c50,58,0,0,5,linux,BIC
b24791fe00f8b089d5b10cb7bcc4e1ae88b4831b,7,0,0,1,linux,BFC
3c3bbf014ab3bc9793a51d550a048873e832f2fa,9,5,0,1,linux,BFC
5af9bef72c074dbe946da8b74eabd79cd5a9ff19,1,0,1,1,linux,BFC
bbe89c8e3d598129b728d1388c3ad9abe4e8e261,85,0,6,2,linux,BIC
5e45a2589d24573c564630990c88ac93659f8fe4,0,0,1,1,linux,BFC
2e0b26e1035253bda7587f705f346385352e942d,11,2,2,1,linux,BIC
538cc282a3efb62cdb62ff9e6e44918c11a3c886,2,0,1,1,linux,BFC
309758254ea62e07471abcaeca5b5c2173f4ebc2,15,1,3,1,linux,BIC
f2a2e819d67284d201b49ee08ac8abf22e5f9e61,33,37,44,5,linux,BIC
a07296453bf2778952a09b6244a695bf7607babb,0,0,1,1,linux,BFC
dbe13ae1d6abaab417edf3c37601c6a56594a4cd,13,20,3,1,linux,BFC
652d40b2f8bec14957295f999e3d329c3b53390f,1,2,4,1,linux,BFC
ec96690de82cee2cb028c07b1e72cb4a446ad03a,15,0,0,2,linux,BIC
a4e17d65dafdd3513042d8f00404c9b6068a825c,1,0,1,1,linux,BFC
ea7557013800f41a11a0e1a96360bb946a7b52e0,4,0,1,1,linux,BFC
ced4799d06375929e013eea04ba6908207afabbe,0,0,1,1,linux,BFC
f8f7e0fb22b2e75be55f2f0c13e229e75b0eac07,5,6,0,1,linux,BFC
fe14042358fac0673d4b6362a73796fd64379938,98,49,2,2,linux,BIC
8f89e33bf040bbef66386c426198622180233178,2,0,0,1,linux,BFC
ddfd9dcf270ce23ed1985b66fcfa163920e2e1b8,91,0,0,4,linux,BIC
d197a253855d2d8e507a003880aab35c4e2473db,0,0,1,1,linux,BFC
d04807b80691c6041ca8e3dcf1870d1bf1082c22,220,0,11,1,linux,BIC
c9efb0ba281e88e2faec6ad919be509b6ab8ead6,41,3,11,1,linux,BIC
2722ac986e93c4cabbefde299d01ed24db40a645,46,0,0,3,linux,BIC
38262c01ead40f2b061e8b7e6abe254b538d856c,1,0,1,1,linux,BFC
5c0861989cc197c29433915774f805299a497977,0,0,1,1,linux,BFC
16bf793f86b21959fd683ec28b8d196a0520de2f,126,0,2,1,linux,BIC
c3a7d7eb4c9853bb457b792cef42ddd4a029a914,48,0,1,1,linux,BIC
35c766425adc8e6cd1bdc8554fa540364f218fb7,2,4,4,1,linux,BFC
7a0e27b2a0ce2735e27e21ebc8b777550fe0ed81,2,38,1,4,linux,BIC
41ab999c80f1d368f32a2554ba8f44feff26f54d,82,38,10,4,linux,BIC
acf34954efd17d4f65c7bb3e614381e6afc33222,16,16,1,1,linux,BFC
91db7a3fc7fe670cf1770a398a43bb4a1f776bf1,1,0,2,1,linux,BFC
bc4725d9029e2c8205fbaf1105e193d1c4e463bb,0,0,2,1,linux,BFC
2c69448bbcedebeb8409ddb05fbc7d3fe1cfbda7,221,8,38,5,linux,BIC
7613c922315e308a6486d802abed2eb74443dffd,26,8,11,1,linux,BIC
59dde4d19cf8de232c17c79c08e0db67636b022b,0,0,3,1,linux,BFC
cbebd363b2e92841e2e5ffc52c2d618e7b1003f0,53,10,7,5,linux,BIC
39a66b8d22a36cfa1a48f7f59c6a4639d9c99653,187,0,88,1,linux,BIC
3fe26121dc3a9bf64e18fe0075cd9a92c9cd1b1a,97,0,0,1,linux,BIC
b929926f01f2d14635345d22eafcf60feed1085e,8,0,0,1,linux,BFC
3acd24017563e1ce333eb52d37b7e69480cd4100,0,0,1,1,linux,BFC
57f4959bad0a154aeca125b7d38d1d9471a12422,155,2,17,10,linux,BIC
cfd2b5c1106fa20254d9f24970232cdf24860005,4,0,0,1,linux,BFC
8af52fe9fd3bf5e7478da99193c0632276e1dfce,0,13,6,1,linux,BFC
6af6dc2d2aa654e928ed0a64c28724d1cd2c36c1,334,0,0,1,linux,BIC
73a47bd0da668c99f04e9076f2b02101a5b2749b,20,0,1,1,linux,BIC
172c33cb61da0df5ccbdf1a8e736c8837d165a00,6,0,1,1,linux,BIC
dd5279c71405533d4ddbb9453effc60f0f5bf211,19,1,4,3,linux,BFC
df03e9bd6d4806619b4cdc91a3d7695818a8e2b7,23,0,3,1,linux,BFC
3f2d67b6bd24c615cfe3a6d793613bb2838dd9b9,1,1,0,1,linux,BFC
ca9f4942670c37407bb109090eaf776ce2ccc54c,766,0,0,7,linux,BIC
d0f09d1e4a88647695739d2ff4268e9fdcf5b35d,15,10,8,1,linux,BIC
763679f0eeff0185fc431498849bbc1c24460875,0,0,1,1,linux,BFC
77750bc089e4508ff62f036e6e6626cf8d7384cb,132,0,0,1,linux,BIC
bb83d5fb550bb7db75b29e6342417fda2bbb691c,4,3,1,1,linux,BFC
3059d9b9f6aa433a55b9d0d21b566396d5497c33,0,0,1,1,linux,BFC
09c7570480f7544ffbf8e6db365208b0b0c154c6,0,731,2,12,linux,BIC
2bef9aed6f0e22391c8d4570749b1acc9bc3981e,1,2,1,1,linux,BIC
8201f11a1f75e3aa7d5327d0b1d8cb544aeaa62f,0,0,8,1,linux,BFC
c94f31b526fe658c25dd2d07c90486a85437f01c,2,0,3,1,linux,BFC
8a30b871b6f3804a72c523a2b086b72f1bf6146d,0,0,22,1,linux,BFC
1864de94ec9d6e1ae4d481212847374df9b1be41,42,2,44,1,linux,BIC
7265d50ea20f0dfe7e6d077a2feb50369773c090,0,0,1,1,linux,BFC
891b1dc022955d36cf4c0f42d383226a930db7ed,2,0,0,1,linux,BFC
7cb04004fa371a626c1a5ebe6d977f70285759ed,0,6,3,1,linux,BIC
2418f749641caa59d5bc01b66ba16ec5414b28dc,0,0,1,1,linux,BFC
2a55e7b5e5446c970e00be1bca8536f4a58bf21c,90,36,13,2,linux,BIC
03a8482c17dd0ae3251451d54cbbc03f930f21d5,99,4,27,3,linux,BIC
12478cf0c55e5969f740bb38a24b1a0104ae18d8,47,0,0,2,linux,BIC
865ed67ab955428b9aa771d8b4f1e4fb7fd08945,5,1,2,1,linux,BFC
991d8d8142cad94f9c5c05db25e67fa83d6f772a,0,7,0,1,linux,BFC
bd5305dcabbc208560521bc0617f0a82715e41c9,48,0,0,1,linux,BIC
cac1bd60762c198c537157a78d398edd11aef68c,0,17,0,1,linux,BFC
960366cf8dbb3359afaca30cf7fdbf69a6d6dda7,6008,0,0,13,linux,BIC
d0ac7a30e41174c794fbfa53ea986d9555e5b9f4,3,1,4,1,linux,BFC
1b09d9c232cdaea59fb50ac437d3921ed1f1eafb,0,0,1,1,linux,BFC
dc045a9168c83b2dc590930a0565e066346de382,3,3,0,1,linux,BFC
fa4f99c05320eb28bf6ba52a9adf64d888da1f9e,46,16,1,4,linux,BFC
81fdd7bfeb8e8f76bcdfef9174ec580707c37d38,9,0,5,2,linux,BFC
d853adc7adf601d7d6823afe3ed396065a3e08d1,1,1,5,1,linux,BFC
6be1187dbffa0027ea379c53f7ca0c782515c610,0,0,1,1,linux,BFC
245709ec8be89af46ea7ef0444c9c80913999d99,19,8,1,1,linux,BFC
f87a4f022c44e5b87e842a9f3e644fba87e8385f,5,0,3,1,linux,BFC
e15f2fa959f2cce8a05e8e3a596e75d068cd42c5,127,0,0,2,linux,BIC
8f1a0ac1eba70b811dfcf9034f6d9c977e21cb83,5,95,28,2,linux,BIC
fbf66796a0aedbaea248c7ade1459ccd0dd4cb44,0,0,1,1,linux,BFC
eb01597158ffb1853a7a7fc2c57d4c844640f75e,3,0,0,1,linux,BFC
fbaa48d1853002c2e7bcf12c1fdc0f6fb16d1525,0,0,2,1,linux,BFC
11efd5cb04a184eea4f57b68ea63dddd463158d1,561,1,4,4,linux,BIC
8110668ecd9a9e704b9b412302e76a9c6e1f4ce2,318,94,0,3,linux,BIC
e18696786548244914f36ec3c46ac99c53df99c3,10,2,5,1,linux,BIC
e28a6c8b3fcc166254596bbbf9ebe45facfa48eb,190,0,38,1,linux,BIC
ecbf3f1795fda56122632c1d024cfd0d3f4fe353,16,3,17,1,linux,BIC
fb8e456e547ed2c699f64665bd8a3b9bde7b9728,18,0,1,1,linux,BFC
4185b27b3bef9ce724a3dafd8193c935e845fcdc,69,0,0,2,linux,BIC
19a4fbffc94e41abaa2a623a25ce2641d69eccf0,0,0,1,1,linux,BFC
73a317377303b5ec14d4703d73ba87efffbb779d,0,1,0,1,linux,BFC
5d71afb0084053687da6b66ce8133a3df3e52fc6,2,0,9,1,linux,BIC
c4f7398bee9c49bd79930d4a856fb6291d20cde3,66,0,5,2,linux,BIC
ab31523c2fcac557226bac72cbdf5fafe01f9a26,754,0,0,2,linux,BIC
ee519b3a2ae3027c341bce829ee8c51f4f494f5b,1,6,4,3,linux,BFC
57644431a6c2faac5d754ebd35780cf43a531b1a,0,0,1,1,linux,BFC
df2ef3bff193229973830fd3fd8acf29fa92715e,88,0,1,2,linux,BIC
7fb0413baa7f8a04caef0c504df9af7e0623d296,7,0,1,2,linux,BIC
13099824145a599c282dd9193d10577250f18382,9,3,2,2,linux,BFC
197eb5c416ff0e52d152e6ff59b4e759d2f3e10d,0,0,2,1,linux,BIC
ea4092f3b56b236d08890ea589506ebd76248c53,0,0,1,1,linux,BFC
81a14bedae5ba88e2e2c6a53fd8f62dddabf51d2,0,0,1,1,linux,BFC
3d65b9accab4a7ed5038f6df403fbd5e298398c7,4,0,5,1,linux,BFC
57f0c9cf58ff7fe479137ab847a886d0eed3ad1d,0,2,0,1,linux,BFC
dd65beac48a5259945846956d4b27344dfb73bd9,54,54,0,1,linux,BIC
aa6daacaa113cda96760c8d3157bae937908f6e3,0,1,7,1,linux,BFC
77a1bce84bba01f3f143d77127b72e872b573795,2,0,2,1,linux,BFC
5935839ad73583781b8bbe8d91412f6826e218a4,145,51,68,3,linux,BIC
aa57e77b3d28f0df07149d88c47bc0f3aa77330b,0,0,1,1,linux,BFC
120703f9eb32033f0e39bdc552c0273c8ab45f33,148,27,157,40,linux,BIC
204975036b34f55237bc44c8a302a88468ef21b5,2,0,0,1,linux,BFC
5e6ce1f1a4ca83878f2966dd67afb39b631c4320,50,24,11,2,linux,BFC
7f3414226b58b0df0426104c8ab5e8d50ae71d11,31,19,0,1,linux,BFC
2e47cb415f0a0ec6555d71598361e90f8c144fb2,59,0,2,5,linux,BIC
a1400af755631f5267f7cc3d0fda5ba72f58d7d3,10,0,0,1,linux,BFC
c51b3c639e01f20559531eef3c5919feae23c55a,222,0,0,3,linux,BIC
1bf72720281770162c87990697eae1ba2f1d917a,3,0,0,1,linux,BFC
0b794ffae7afa7c4e5accac8791c4b78e8d080ce,0,0,1,1,linux,BFC
886016835a87757839baced91a7ff09e9636b6b1,0,0,1,1,linux,BFC
6affca140cbea01f497c4f4e16f1e2be7f74bd04,17,8,3,1,linux,BFC
47d53b184aee983ab9492503da11b0a81b19145b,0,0,1,1,linux,BFC
801b7d572c0ad46b116730121e9d3beefb0c7004,225,0,6,3,linux,BIC
e5db673e7fe2f971ec82039a28dc0811c2100e87,2,0,0,1,linux,BFC
f3716b8ae9347797b73896725f192c3a7b0069b5,0,5,0,1,linux,BFC
8dc39cfca32c9a4e6deddaa0e76bd47d56f1876b,2,15,6,2,linux,BFC
103e9625647ad74d201e26fb74afcd8479142a37,9,21,11,1,linux,BIC
dc371700d43e45ed9bf380746e293f063113c2b1,7,0,3,1,linux,BFC
d90f36851d6595136b461773846b76e0c45e3e0c,9,6,3,1,linux,BIC
7a2148dfda8001c983f0effd9afd8a7fa58e99c4,0,1,5,1,linux,BFC
8ccc113172e4c1ebef45c2433f3c32ed6ae1b9c9,0,0,2,1,linux,BFC
2fe0753d49402aee325cc39c476b46fd51a8afec,0,2,4,1,linux,BFC
39947afc6c063940cbd80824e75eb0cf84591c3c,0,0,6,1,linux,BFC
4da5e6a01315fe2a6bc47fe9b076168141c9d9aa,0,0,2,1,linux,BFC
5c0db68ce0faeb000c3540d095eb272d671a6e03,2,0,1,1,linux,BFC
b42686761219036ace45192476d8ab64d86a4ece,103,12,25,1,linux,BFC
184c460fbab4d3bf23d31ac5adba21540f756b6d,0,0,1,1,linux,BFC
10db5bccc390e8e4bd9fcd1fbd4f1b23f271a405,4,0,0,1,linux,BFC
626520f4ba27d92c8caaf2d1f70c4bca4ea3f9de,0,0,1,1,linux,BFC
5887ad43ee02a00f17a6132b7fb256dc6865474c,243,210,15,1,linux,BIC
d2921096e707bdde92bc635cd89ec1fe85a9faee,1,0,0,1,linux,BFC
a9a4c080deb33f44e08afe35f4ca4bb9ece89f4e,0,0,1,1,linux,BFC
316d097c4cd4e7f2ef50c40cff2db266593c4ec4,14,0,1,2,linux,BFC
531f471834227d0321110c071ea352bb14aca36d,170,195,0,4,linux,BIC
6f08a22c5fb2b9aefb8ecd8496758e7a677c1fde,15,8,0,1,linux,BIC
687f9ad43c52501f46164758e908a5dd181a87fc,5,0,9,1,linux,BFC
1547f538c14581346c2eb82f8af0071ee6ec2b30,0,0,1,1,linux,BFC
55d5f62c3fa005a6a8010363d7d1855909ceefbc,1,0,0,1,linux,BFC
ed7c9fef11931fc5d32a83d68017ff390bf5c280,3,0,1,1,linux,BFC
b3ea88fef321de3374648911e1aea65bdd53da3f,11,0,0,2,linux,BIC
cccbce67158290537cc671cbd4c1564876485a65,64,26,98,3,linux,BIC
d2e3a1358c37cd82eef92b5e908b4f0472194481,5,2,3,2,linux,BFC
abc9b4e0549b93fdaff56e9532bc49a2d7b04955,16,12,2,1,linux,BFC
459ac37506d195713b5e82271a2ac44a777e47df,7,8,16,1,linux,BFC
61dfa797c731754642d1ac500a6ac42f9b47f920,0,0,1,1,linux,BFC
ae81feb7338c89cee4e6aa0424bdab2ce2b52da2,1,0,2,1,linux,BIC
fba04a9e0c869498889b6445fd06cbe7da9bb834,0,0,1,1,linux,BFC
d64f69b0373a7d0bcec8b5da7712977518a8f42b,6,0,10,1,linux,BFC
1b19b95169cd52fe82cd442fec0b279fe25cc838,3,0,0,1,linux,BFC
5620b135aea49a8f41c86aaecfcb1598a7774121,1,0,0,1,linux,BFC
77f01bdfa5e55dc19d3eb747181d2730a9bb3ca8,10,4,1,2,linux,BFC
37c3fc9abb25cd767ad5b048358336ac89488c16,3,22,22,3,linux,BIC
13e509a4c1949855ddd5ef2e23bafdfb27b8337a,0,110,9,3,linux,BIC
a9e340dce3c3bceeb42f6b6d33b7858822d76cb6,26,62,50,3,linux,BIC
42a44704367cd18d069c9855cb84090ff90ecd86,0,0,1,1,linux,BFC
cba597ac45170469a9a60c06d20d64b5af5dc48c,0,0,1,1,linux,BFC
dc6e8d669cf5cb3ff84707c372c0a2a8a5e80845,0,9,5,1,linux,BIC
601bbae0bc10d4306857b93d84240b039b3d9a6c,2,0,0,1,linux,BFC
5f09ad8be7bc2d09f2248ad102f0024e6bdb4613,2,0,1,1,linux,BFC
cd86d1fd21025fdd6daf23d1288da405e7ad0ec6,55,0,5,2,linux,BIC
7ef1c871da16125ae58db13716fe82795dcbe3e8,0,9,2,2,linux,BIC
b3b50f05dc501cc2cd90349a7bbfd932af0ceb31,1,4,3,1,linux,BFC
a124d13ef59e09941fc0924fd7c29ae6d7cd77a3,75,0,0,2,linux,BIC
87f0faadc68534668802a85ae670435bc90830b3,79,0,0,1,linux,BFC
4e5bd03ae34652cd932ab4c91c71c511793df75c,14,0,8,1,linux,BFC
213d266ebfb1621aab79cfe63388facc520a1381,0,0,2,1,linux,BFC
eec15edbb0e14485998635ea7c62e30911b465f0,405,20,5,6,linux,BIC
c97617a81a7616d49bc3700959e08c6c6f447093,2,0,1,1,linux,BFC
5405fc44c3377358205ab4095fe9c44716aa0900,16,1,5,6,linux,BIC
de30491e8bfeeba1500bba293333eb51ece529d5,0,0,7,4,linux,BFC
7763baace1b738d65efa46d68326c9406311c6bf,0,0,4,2,linux,BFC
669e859b5ea7c6f4fce0149d3907c64e550c294b,1,0,0,1,linux,BFC
6a241d2923c2c0f6893c78c79421ceb3935691fd,1,0,2,1,linux,BFC
c553ea4fdf2701d64b9e9cca4497a8a2512bb025,12,0,6,2,linux,BFC
37e89e574dc238a4ebe439543c5ab4fbb2f0311b,3,1,4,1,linux,BFC
3ca121c2f4be85f3fbf398583bc8c42a145e3533,0,1,0,1,linux,BFC
6ef982dec7eda9affa81a2bb84f75441deb56d06,3,0,3,1,linux,BFC
69bbd9c7b99974f3a701d4de6ef7010c37182a47,0,0,1,1,linux,BFC
43f93839e359c8044200ec3f6fa455b47ba3aa2c,6,0,10,1,linux,BFC
661412e301e2ca86799aa4f400d1cf0bd38c57c6,0,0,1,1,linux,BFC
0599682b826ff7bbf9d5804fa37bcef36b0c9404,76,0,4,1,linux,BIC
43cc5a0afe4184a7fafe1eba32b5a11bb69c9ce0,9,0,5,1,linux,BFC
859c85fd19715349ce01539459095fd5fc7e483a,0,0,1,1,linux,BFC
b91d9036883793122cf6575ca4dfbfbdd201a83d,2,0,0,1,linux,BFC
4ab34548c55fbbb3898306a47dfaccd4860e1ccb,23,0,0,1,linux,BFC
a580b8c5429a624d120cd603e1498bf676e2b4da,750,0,0,2,linux,BIC
d4ea7e3c5c0e341c15b073016dbf3ab6c65f12f3,0,5,2,1,linux,BFC
a5f276f10ff70da89b349df445e944c8cd87956c,48,0,0,2,linux,BIC
fb9a98e160f10555936e1c7041d4efda4954d1df,2,0,0,1,linux,BFC
37439f2d6e43ae79e22be9be159f0af157468f82,0,2,1,1,linux,BFC
920f91e50c5bfcbc5fe68f46dc72a34a96e0ff16,285,0,0,1,linux,BIC
01fcac8e4dfc112f420dcaeb70056a74e326cacf,5,0,2,1,linux,BFC
9dc2ad1008c9f91f55ec6c89ec0f8639dfc91596,4,4,1,1,linux,BFC
67673ed55084838e9cc53af3f6327bd105f6e861,5,0,50,7,linux,BIC
a603a2b8d86ee93ee2107da8ca75fd854fd4ff32,38,0,0,1,linux,BIC
d9b5ae5c1b241b91480aa30408be12fe91af834a,36,1,7,2,linux,BFC
62c22167dd70b730f61c2b88f950e98154a87980,4,0,0,1,linux,BFC
9a4e9f3b2d7393d50256762c21e7466b4b6b1c9c,166,11,16,4,linux,BIC
628a2918afe42fae2f90749ad3721853fd06b262,24,3,11,1,linux,BIC
5e3dd157d7e70f0e3cea3f2573ed69fb156a19d5,22033,0,0,28,linux,BIC
af8a819a2513df4be461c6a29e3bdee6e23cf3be,0,19,39,1,linux,BIC
aa7a795eecca4cd02557d2fd3cbc128ecc1e93c9,0,0,6,1,linux,BFC
e2b36d591720d81741f37e047a6f0047e8c89369,12,7,6,2,linux,BIC
97387c2f06bcfd79d04a848d35517b32ee6dca7c,0,9,0,1,linux,BFC
db6e3053456800f0a7220b30355bece64764efe7,28,30,0,1,linux,BFC
d4ebfca26dfab2803c31d68a30225be31b2f9ecf,0,0,2,1,linux,BFC
18b380ed61f892ed06838d1f1a5124d966292ed3,1,0,0,1,linux,BFC
b7a2758f20251e1d7f884d96e46ea165810431c3,0,0,1,1,linux,BFC
e5794cf1a270d813a5b9373a6876487d4d154195,71,3,4,5,linux,BIC
a3d9382bd439e7be1858abc3d5f014dd55913448,0,5,1,1,linux,BFC
6783f0a21a3ce60e2ac9e56814afcbb01f98cc2e,32,9,58,4,linux,BIC
5ba5b437efaa7a502eec393c045d3bf90c92c4e9,0,0,1,1,linux,BFC
e5b0d06d9b10f5f43101bd6598b076c347f9295f,2,0,0,1,linux,BFC
4f31c532ad400a34dbdd836c204ed964d1ec2da5,0,0,6,2,linux,BFC
bb6fc620c2ed972f58a0174f64f8dbd22a5911b1,38,0,0,2,linux,BIC
7aab2d534e35177cb08aed4075aa200b368ad496,7,0,7,1,linux,BIC
7a84084c60545bc47f3339344f1af5f94599c966,24,0,6,1,linux,BIC
0ebeea8ca8a4d1d453ad299aef0507dab04f6e8d,2,0,2,1,linux,BIC
b06457c83af669bb9ef71f5b84a3132657dce8a1,45,0,0,1,linux,BIC
5bbbfdf685657771fda05b926b28ca0f79163a28,0,0,2,2,linux,BFC
62530ed8b1d07a45dec94d46e521c0c6c2d476e6,1,0,0,1,linux,BFC
05c03dfd09c069c4ffd783b47b2da5dcc9421f2c,2,0,5,1,linux,BFC
0b089c1ef7047652b13b4cdfdb1e0e7dbdb8c9ab,24,2,54,2,linux,BFC
c5a282e9635e9c7382821565083db5d260085e3e,8,2,52,1,linux,BIC
b9e44fe5ecda4158c22bc1ea4bffa378a4f83f65,0,117,13,1,linux,BIC
61ca2c4afd9d108899e0fa48e7b1cfc9afe80596,1,0,7,1,linux,BIC
6a62c1dfb5c7f6719361180fd0fdf45b15a35d95,0,0,7,1,linux,BIC
fb3b597abdcec889876669e5dea2a80ea0ddbdd0,2,0,0,1,linux,BFC
cc753fbe1ac47560e1517e3e11fb0c8a3c95eef5,48,0,5,4,linux,BIC
72fc2752f91b40312e493afe0a72e7c76ae27990,0,0,1,1,linux,BFC
0c5aae59270fb1f827acce182786094c9ccf598e,3,2,4,3,linux,BFC
a860f6eb4c6a8bb0ca6860d9472f424bad9af9cf,658,0,0,3,linux,BIC
19e0663ff9bce2efb87be8b30f9e46b7843600f3,9,5,10,7,linux,BIC
c33298cb34f555592a030ab828c78c1c3046aa3c,42,0,15,6,linux,BIC
5adff6a0886273eb426360400f120443833760a3,36,11,8,1,linux,BIC
c62adb7def71d7e0b4ba44f8da81a448eb53d6d5,19,0,4,1,linux,BIC
b15d53d009558d14c4f394a6d1fa2039c7f45c43,2,0,0,1,linux,BFC
56e2c94f055d328f5f6b0a5c1721cca2f2d4e0a1,3,3,0,1,linux,BFC
e157c95f589409d32e6e245f6f185069a8c29cbd,5,0,2,1,linux,BFC
248e00ac47d64e153b9c50f45aad73cd61894a73,0,0,1,1,linux,BFC
efbbdaa22bb78761bff8dfdde027ad04bedd47ce,85,0,3,5,linux,BIC
8f44c9a41386729fea410e688959ddaa9d51be7c,5,0,0,1,linux,BFC
203926da2bff8e172200a2f11c758987af112d4a,5,0,1,1,linux,BFC
b15cd800682fcaf27048b05e42f5c208e4c756c0,11,184,117,1,linux,BIC
eec028c9386ed1a692aa01a85b55952202b41619,553,17,18,4,linux,BIC
4ee0d8832c2ecd08fd4ccbaa55484e6a500f2f34,52,0,5,2,linux,BIC
b014e96d1abbd67404bbe2018937b46466299e9e,12,2,6,1,linux,BIC
4f9785cc99feeb3673993b471f646b4dbaec2cc1,4,1,2,1,linux,BFC
6d2d51ecfff13f5f6ffc476dccf4d5b2668072eb,5,0,0,1,linux,BFC
f37099b6992a0b818c7b51b899e435f4006a9f90,51,0,3,1,linux,BIC
39eb028183bc7378bb6187067e20bf6d8c836407,0,0,1,1,linux,BFC
a95c90f1e2c253b280385ecf3d4ebfe476926b28,13,24,11,4,linux,BFC
6ce56e1ac380eaa088d3f4c01446e15e195bd541,11,0,0,4,linux,BIC
074975d0374333f656c48487aa046a21a9b9d7a1,1,35,55,2,linux,BFC
11343099d5ae6c7411da1425b6b162c89fb5bf10,0,9,5,3,linux,BFC
5a8de47b3c250521dd632cdedaac6db88367defa,4,0,0,1,linux,BFC
5e64b862c4823ab53aac028042abd918c2f27041,129,0,0,8,linux,BIC
0f341974cbc2a4efe074dd24c153e439b8430afe,71,0,23,10,linux,BIC
31f1a0edff78c43e8a3bd3692af0db1b25c21b17,9,0,2,2,linux,BIC
c2d202017da18ebd6567862bd9a50392970f048f,154,0,4,6,linux,BIC
2b8c612c6102f751e6e3e1bd425f64e9d3d3f638,23,17,3,1,linux,BFC
6dae6f06f0fc0096213dde2203c335938d3bde99,1,0,0,1,linux,BFC
195a49eaf655eb914896c92cecd96bc863c9feb3,69,0,3,5,linux,BFC
348048e724a0e8f08b63948d728d27596f6d3769,620,5,19,13,linux,BIC
541c571fa2fdfd4782d840276c5aedb535349075,4,5,3,3,linux,BIC
53c31b3437a6400c6ffc2c9315680217ad84cb6d,3,0,0,1,linux,BIC
96621ca578dbadeb12bd190e0733cdc5c76899d8,0,0,1,1,linux,BFC
1ebc589a7786f17f97b9e87b44e0fb4d0290d8f8,0,0,1,1,linux,BFC
13ea525517088b20399aeb410d9fc567741ac27f,8,7,4,1,linux,BFC
12ed8244ed8b31b023ea6d2851fd8b15f2999e9b,15,16,6,8,linux,BIC
9bb627be47a574b764e162e8513d5db78d49e7f5,2,0,1,1,linux,BIC
3864be551405b582ae38fbcdfdbb6e49052f5f6d,3,0,0,1,linux,BFC
6edb9e8d451e7406a38ce7c8f25f357694ef9cdb,1,0,0,1,linux,BFC
62aa281470fdb7c0796d63a1cc918a8c1f02dde2,2,0,2,1,linux,BFC
b1bf66d1d5a8fcb54f0e584db5d196ef015b5172,3,1,8,2,linux,BFC
5ff8eaac1636bf6deae86491f4818c4c69d1a9ac,7,0,4,1,linux,BIC
5a836bf6b09f99ead1b69457ff39ab3011ece57b,65,1,15,2,linux,BIC
9e6c9c0f2ce67534fda1fdd305fb5da3defece3e,0,0,18,1,linux,BFC
dbb16df6443c59e8a1ef21c2272fcf387d600ddf,11,0,2,1,linux,BFC
9922f50f7178496e709d3d064920b5031f0d9061,0,0,1,1,linux,BFC
c22ee5284cf58017fa8c6d21d8f8c68159b6faab,2,0,1,1,linux,BFC
8bdfa145f58220796abddc93b5038efa6e7e90fc,0,5,27,1,linux,BIC
d7bd416d35121c95fe47330e09a5c04adbc5f928,1,0,0,1,linux,BFC
c5211e997eca0e3fc5c7c9e047ac6b073c3d74f4,78,11,30,4,linux,BIC
89d328f637b9904b6d4c9af73c8a608b8dd4d6f8,3,3,7,2,linux,BIC
9dfe1727b21927c6dd8d703e3a9618b505eb6224,0,0,1,1,linux,BFC
712a951025c0667ff00b25afc360f74e639dfabe,10,0,2,1,linux,BIC
d403397c7c0821704a2f4da2694b46e423791261,7,1,11,2,linux,BFC
53c2bd679017277fce41101ae86ab51a234c29f7,0,3,0,1,linux,BIC
1e72e673b9d102ff2e8333e74b3308d012ddf75b,4,0,0,1,linux,BIC
41525f56e2564c2feff4fb2824823900efb3a39f,13,17,5,1,linux,BIC
2b48e96be2f9f7151197fd25dc41487054bc6f5b,0,0,1,1,linux,BFC
f5f8e7e55fbdb4fdddec73518e23c48083108fbb,7,0,1,1,linux,BFC
aaa5d90b395a72faff797b00d815165ee0e664c0,13,0,5,3,linux,BIC
40fa84e10134ef5c892b628e02382349b5db3e0c,0,0,1,1,linux,BFC
19ce33acbbd03c371f2d4b533879c4755686f95f,2,0,0,1,linux,BFC
56dc0a0eac999b77b1d37fe83a3c0409a6066319,0,3,1,1,linux,BFC
0f55f89d98c8b3e12b4f55f71c127a173e29557c,2,0,0,1,linux,BFC
3cf85f9f6bd7b172122865432b4c6f0ec844e22a,3,1,0,1,linux,BFC
5e6c88d28ccbe72bedee1fbf4f9fea4764208598,1,0,1,1,linux,BFC
e8fe3b41c3a36c7a7aa88bdfec112b91530577e4,148,0,0,7,linux,BIC
af8c53c8bc087459b1aadd4c94805d8272358d79,3,0,0,1,linux,BFC
44510939b18dcb39b1d79ecd1240e2e65dbdf78b,0,2,1,1,linux,BFC
470be516a226e851d62a8d3d31dc162500b84487,180,0,2,1,linux,BIC
7dbcda584eaa5bdb4a281c379207dacc1a5e6081,2,0,0,1,linux,BFC
7b0efea4baf02f5e2f89e5f9b75ef891571b45f1,3,0,0,1,linux,BIC
17c82e206d2a3cd876b64921c59116f1ecdce6ad,277,0,1,2,linux,BIC
243918be6393f643e513a26e7882e6ae06ff7717,0,0,1,1,linux,BIC
085e56766f74e8fdafb0e988c150e28464747cdc,17,1,2,1,linux,BIC
a78c6f5956a949b496a5b087188dde52483edf51,1,0,0,1,linux,BFC
6cfa45361d3eac31ba67d7d0bbef547151450106,0,32,0,4,linux,BFC
2d3862d26e67a59340ba1cf1748196c76c5787de,44,1,26,14,linux,BFC
a62bc0739253939d6fce40d51d92412252a9bb55,95,0,28,9,linux,BIC
4a9d46a9fe14401f21df69cea97c62396d5fb053,0,0,1,1,linux,BFC
0a242eb2913a4aa3d6fbdb86559f27628e9466f3,0,0,1,1,linux,BFC
d435c9a7b85be1e820668d2f3718c2d9f24d5548,11,0,0,1,linux,BFC
543b8f8662fe6d21f19958b666ab0051af9db21a,1,0,0,1,linux,BFC
fbb7ddfef253970ec6f29f5931db4d5aa0c28d28,390,0,0,1,linux,BIC
f872e4bc47f100ccbbe9469cd12e5ac78e4b6eda,0,0,1,1,linux,BFC
b95b21193c85db1b2797e38eea4f0fa72c7a087c,42,12,14,3,linux,BIC
5f119ba1d5771bbf46d57cff7417dcd84d3084ba,0,3,12,1,linux,BFC
286e87718103acdf85f4ed323a37e4839a8a7c05,0,0,2,1,linux,BFC
8b515be512a2435bb8aedc6390cbe140167f9eb9,5,2,2,1,linux,BFC
e3e86b5119f81e5e2499bea7ea1ebe8ac6aab789,2,0,1,1,linux,BFC
9550f210492c6f88415709002f42a9d15c0e6231,1,2,16,1,linux,BFC
367d82f17eff53cec531920eb0de9973fac89ec1,0,3,0,1,linux,BIC
fc96df16a1ce80cbb3c316ab7d4dc8cd5c2852ce,20,0,0,1,linux,BIC
df922703574ebe9035045f7c7242a0ec0e11b980,161,0,0,1,linux,BIC
dec8e8f6e6504aa3496c0f7cc10c756bb0e10f44,0,0,1,1,linux,BFC
d74c67dd7800fc7aae381f272875c337f268806c,0,0,2,1,linux,BFC
295d4cd82b0181dd36b145fd535c13d623d7a335,2,1,0,1,linux,BFC
409c3b0c5f030e36e9d6ca747dc3059eadde0cad,8,4,2,1,linux,BIC
1e133ab296f3ff8d9e58a5e758291ed39ba72ad7,1457,1400,4,12,linux,BIC
2a671f77ee49f3e78997b77fdee139467ff6a598,11,0,0,2,linux,BIC
cad5d847a093077b499a8b0bbfe6804b9226c03e,5,0,4,1,linux,BFC
9753c21f55d4ca2b02bbe81448f2a552ce79d068,3,0,0,1,linux,BFC
e815d36548f01797ce381be8f0b74f4ba9befd15,82,0,0,2,linux,BIC
168a8f58059a22feb9e9a2dcc1b8053dbbbc12ef,284,2,25,2,linux,BIC
6f1c819c219f7841079f0f43ab62727a55b0d849,10,19,187,17,linux,BIC
38b9f903f22b9baa5c4b9bfb07c8bbc49f5efbba,205,0,15,6,linux,BIC
bdeced75b13f8a0fc8e32b70e517a8dbb7d51738,756,8,9,3,linux,BIC
053c16ac89050ef0e8ab9dc1edaf157bf104c8c6,5,0,2,1,linux,BFC
47a70e6fc9a80c8d5ef69e978d25582842f9777f,1109,0,0,2,linux,BIC
1ad6f58ea9364b0a5d8ae06249653ac9304a8578,6,1,3,1,linux,BIC
5a1f6d9e9b803003271b40b67786ff46fa4eda01,2,0,0,1,linux,BFC
c63c473f18a7b72ba5cdc37b9a564dc2a4b625d5,22,12,0,3,linux,BFC
3262ad824307c275922161e82c2db1458822f28c,5,0,0,1,linux,BIC
4cb6f22612511ff2aba4c33fb0f281cae7c23772,0,0,1,1,linux,BFC
fd978bf7fd312581a7ca454a991f0ffb34c4204b,286,0,22,2,linux,BIC
f649bd9dd5d5004543bbc3c50b829577b49f5d75,0,0,2,1,linux,BFC
1164284270779e1865cc2046a2a01b58a1e858a9,2,0,1,1,linux,BFC
62bfb932a51f6d08eb409248e69f8d6428c2cabd,0,0,3,1,linux,BFC
47bfc4d128dedd9e828e33b70b87b591a6d59edf,11,0,2,2,linux,BFC
aaf96e51de117cdfa2dc04735639895b46a3da3f,0,0,4,1,linux,BFC
9a8a5dcf20eee254ce490f12d579ef80ee776eb6,0,0,3,1,linux,BFC
e92a7be7fe5b2510fa60965eaf25f9e3dc08b8cc,3,0,15,1,linux,BFC
8b603d0715a372f5827d3a6b19d9568bf854b687,0,0,1,1,linux,BFC
5ba666d56c4ff9b011c1b029dcc689cff8b176fb,0,6,0,1,linux,BFC
a6076fcd187a1cb4900cf970a04401957b4b4ab8,1,2,13,1,linux,BFC
34d11a440c6167133201b7374065b59f259730d7,1,0,1,1,linux,BFC
acff797cd187402d73cf9f290531a41250613294,26,20,134,5,linux,BIC
7bb11dc9f59ddcb33ee317da77b235235aaa582a,47,30,5,1,linux,BIC
d2c2725c2cdbcc108a191f50953d31c7b6556761,2,0,1,1,linux,BFC
f88d8ea67fbdbac7a64bfa6ed9a2ba27bb822f74,230,6,30,8,linux,BIC
d5befb224edbe53056c2c18999d630dafb4a08b9,12,7,0,1,linux,BFC
2eefd8789698e89c4a5d610921dc3c1b66e3bd0d,78,10,0,6,linux,BIC
f9dca80b98caac8b4bfb43a2edf1e9f877ccf322,74,0,9,4,linux,BIC
bb73d5d9164c57c4bb916739a98e5cd8e0a5ed8c,0,0,1,1,linux,BFC
b7321e81fc369abe353cf094d4f0dc2fe11ab95f,7,6,0,1,linux,BFC
9c71b2c53bf56efa2f8aeab4247a86c0178fdcd7,0,0,1,1,linux,BFC
5ff3b30ab57da82d8db4f14662a2858cabfbc2c0,119,0,39,2,linux,BIC
11f10e5420f6cecac7d4823638bff040c257aba9,5,5,5,1,linux,BIC
2241007b3d783cbdbaa78c30bdb1994278b6f9b9,1,0,0,1,linux,BFC
944a83a2669ae8aa2c7664e79376ca7468eb0a2b,2,3,0,1,linux,BFC
9f32d221301c3e754b24c77ab11bf793b19f51b5,11,24,24,1,linux,BIC
291cd54e5b05790b429826f5a49fe8b8c3e39ebd,0,38,2,2,linux,BIC
74070542099c66d87aebeacd7b54dc0e8b6a73f9,12,0,0,1,linux,BFC
bfd9b92bc8f9a3777961d27a08f62872a21ac507,53,0,7,4,linux,BIC
22c9bcad859d5c969289b3b37084a96c621f8f2c,0,2,210,17,linux,BIC
9fcf5ba2ef908af916e9002891fbbca20ce4dc98,0,0,1,1,linux,BFC
56f9eac05489912ac0165ffc0ebff0f8588f77d2,46,0,4,1,linux,BIC
da9a5aa3402db0ff3b57216d8dbf2478e1046cae,0,4,11,2,linux,BIC
9281cf2d584083a450fd65fd27cc5f0e692f6e30,11,0,4,1,linux,BIC
a692933a87691681e880feb708081681ff32400a,0,1,2,1,linux,BFC
8ee36e048c98d4015804a23f884be2576f778a93,347,0,0,5,linux,BIC
b90fcc5bd904fe1ec1b4b0a5ba8299cd2625a16c,34,0,12,2,linux,BIC
a0f1d21c1ccb1da66629627a74059dd7f5ac9c61,0,0,1,1,linux,BFC
48d219f9cc667bc6fbc3e3af0b1bfd75db94fce4,0,0,4,1,linux,BFC
9732f9c7b4a0c18820cbf9c74f7c8abde60f2834,0,11,6,2,linux,BFC
d31e0386a2f122b40b605eb0120a2fbcfca77868,0,0,2,1,linux,BFC
994c393bb6886d6d94d628475b274a8cb3fc67a4,0,0,9,1,linux,BFC
62e0468650c30f0298822c580f382b16328119f6,54,13,6,2,linux,BFC
3514521ccbd25ef3bd47b3c2abc28befbea8cdb1,0,0,1,1,linux,BFC
b15e62631c5f19fea9895f7632dae9c1b27fe0cd,1,0,1,1,linux,BFC
00d51094b8a5856ae790048a332ae24f1dd7c994,1,0,5,3,linux,BFC
89163f93c6f969da5811af5377cc10173583123b,0,0,1,1,linux,BIC
8feaec33b9868582654cd3d5355225dcb79aeca6,0,0,4,1,linux,BFC
32ecd22ba60bbb724c6631d763ce77e5139bd341,550,498,11,3,linux,BIC
5f48f0bd4e368425db4424b9afd1bd251d32367a,0,0,1,1,linux,BIC
a00ebd1cf12c378a1d4f7a1d6daf1d76c1eaad82,8,5,7,1,linux,BFC
6455317e4d0d8395e8e4a2fd1ec8d6502267dd02,14,4,13,1,linux,BFC
96801552f846460fe9ac10f1b189602992f004e1,0,1,0,1,linux,BFC
c8ea9fce2baf7b643384f36f29e4194fa40d33a6,2,4,0,1,linux,BFC
ea83ec50393a6993fa09315e4200240c938c21b3,1,39,2,1,linux,BFC
bac453ab3745eaa64137ea6e77e009b45954f0ae,3,0,5,1,linux,BFC
d3921cb8be29ce5668c64e23ffdaeec5f8c69399,16,0,34,1,linux,BFC
c0e35ed924e47be387205fa4beaf4134b992e0d4,2,0,0,1,linux,BFC
dce47aed20c7de3ee2011b7a63e67f08e9dcfb5e,2,0,15,1,linux,BFC
b901bb89324ae65573c5f5c0a126cb864096b77c,22,0,0,1,linux,BIC
4c4dbb4a7363ce56c77cf8eb2090f67c1b0aa2cc,71,108,25,4,linux,BIC
055c4b34b94f696d9bd9aad53a11378a0fc409c9,5,0,9,5,linux,BIC
b1206122069aadabe1a8c50789277a978aaa4df7,12,569,86,4,linux,BIC
5a8948f8a32ba56c17b3fb75d318ac98157f3ba5,0,0,5,3,linux,BFC
15644f57cb6659349bc1ca7419fa89a28fbcfe61,33,30,0,1,linux,BIC
5a27aa8220290b64cd5da066a1e29375aa867e69,26,43,43,1,linux,BIC
0874f8ec9b0a462cc8787b7bb4b7824a1690da10,1,0,1,1,linux,BFC
777226dac058d119286b4081953cb5aa2cb7394b,7,0,0,1,linux,BIC
2a6fc3cb5cb68597f1072bfeef28d2ca02310220,4,0,2,1,linux,BFC
96b80fcd2705fc50ebe1f7f3ce204e861b3099ab,0,0,1,1,linux,BFC
b9a05b6041cb9810a291315569b2af0d63c3680a,0,0,1,1,linux,BFC
59cf4243e557aa64ab2ef51280454aa1f3828e14,2,0,1,1,linux,BFC
1403cfa69d310781f9548951c97725c67ffcf613,1,0,1,1,linux,BFC
0f64478cbc7a008fe7b7e9ae79a73d8a6904ead8,1683,0,0,1,linux,BIC
0275c9fb0eff3f77d437ab8a95b16e6f8f80b7f2,9,0,0,1,linux,BIC
b952f4dff2751252db073c27c0f8a16a416a2ddc,1,43,92,39,linux,BIC
6452cbd6f04cd57f7e365cc5bc65be0a69e8e40b,2,0,0,1,linux,BFC
7183451f846d22e9fee665756824c9c2cc9cf377,0,0,8,3,linux,BIC
3a7956e25e1d7b3c148569e78895e1f3178122a9,21,0,8,3,linux,BFC
f5739cb0b56590d68d8df8a44659893b6d0084c3,8,0,2,1,linux,BFC
6a02a61e81c231cc5c680c5dbf8665275147ac52,2,0,2,1,linux,BFC
409776fa3c42af4b008b491409fd26cd32cb3466,32,0,0,1,linux,BIC
131ce7014043087fbeddbcb3b8dac8891cd0e0fe,3,1,2,2,linux,BIC
0d13d8f26c4684a077b293b8a4615170253f842c,0,0,1,1,linux,BFC
c13d845e9a69580424d40b7b101c37d4f71bcd63,0,0,1,1,linux,BFC
b5afba2974f9ebbaaa11b5a633e55db9be3cc363,0,0,1,1,linux,BFC
402be8a101190969fc7ff122d07e262df86e132b,1,0,1,1,linux,BFC
883daa1854b61fe3d21d7d9bf2c81d26a07d586b,2,2,0,1,linux,BFC
5e6d243587990a588143b9da3974833649595587,51,0,19,2,linux,BIC
038ac869c9d27fceb6197e775d780ad6aeb45b1f,29,0,7,1,linux,BIC
90fc6ff48be44ece2cb9b0012074bd0e642f48bc,6,0,1,1,linux,BFC
d00d2109c3679bf87d412b1667bcb6d42c1ac12f,10,0,4,1,linux,BIC
80e2f97968b537fc9c1789fce1b7f61609a5aae4,43,35,16,2,linux,BIC
7f100744749e4fe547dece3bb6557fae5f0a7252,110,0,0,3,linux,BIC
7d7402642eaf385aef0772eff5a35e34fc4995d7,7,3,16,5,linux,BIC
0b47afc65453a70bc521e251138418056f65793f,1,0,1,1,linux,BFC
616368735e4aa6e3d25cd3474b746014ee490a7b,0,0,1,1,linux,BFC
963ba7f983767d79e914cd616c3e57be1938677e,0,0,2,1,linux,BFC
8c71139d9f84c1963b0a416941244502a20a7e52,0,2,2,1,linux,BFC
621b08eabcddb7a4ed6076dc91324c607be7e6b4,146,161,135,4,linux,BIC
dcd602cc5fe2803bf532d407cde24ba0b7808ff3,4,0,0,1,linux,BFC
7a682575ad4829b4de3e672a6ad5f73a05826b82,1,1,0,2,linux,BFC
910810945707fe9877ca86a0dca4e585fd05e37b,0,0,2,1,linux,BFC
43f4a20a1266d393840ce010f547486d14cc0071,0,0,5,1,linux,BFC
5d9e06d60eee95e021ffccf0d2c7ed800ae9dc14,3,0,0,1,linux,BFC
b71a52f44725a3efab9591621c9dd5f8f9f1b522,0,0,2,1,linux,BFC
f54755f6a11accb2db5ef17f8f75aad0875aefdc,17,0,0,1,linux,BFC
4324c97ecedcba8a548bcff9d620880e11359425,644,0,0,1,linux,BIC
eeaeb068f1393b4db4861481bf594bcd1c3eda7a,13,1,6,1,linux,BIC
6839a6d96f4ea0254266d60208c1fbbd53ade546,129,2,2,3,linux,BIC
2b2aedabc44e9660f90ccf7ba1ca2706d75f411f,1,0,2,1,linux,BFC
54d4d719fa119c1738f97adc242c05fff224c845,300,44,23,3,linux,BIC
bfeb022f8fe4c5afdcfd7a3d868fac9765f9bcad,29,0,7,10,linux,BIC
ce3015b7212e96db426d0c36f80fd159c91155d1,1,0,0,1,linux,BFC
e103962611b2d464be6ab596d7b3495fe7b4c132,0,0,2,1,linux,BFC
488cdbd8931fe4bc7f374a8b429e81d0e4b7ac76,10,0,0,1,linux,BIC
e1c9a0dc2939e7d51926265123ee93b1caa5e93e,179,0,0,7,linux,BIC
d74361881f0dfe5f9dcac37d1b753a15a2345d8c,153,0,1,3,linux,BIC
00c6cbfd4e8a3279876babbac2f4a3f811d93b1f,3,2,50,5,linux,BIC
623e1528d4090bd1abaf93ec46f047dee9a6fb32,136,121,0,2,linux,BFC
a1a22c12060e4b9c52f45d4b3460f614e00162a2,3,0,2,1,linux,BIC
7045c3689f148a0c95f42bae8ef3eb2829ac7de9,2,0,0,1,linux,BFC
72f208c6a8f7bc78ef5248babd9e6ed6302bd2a0,12,3,11,2,linux,BIC
028926e4ac8f21af343c25794117fd13c08b1712,0,0,1,1,linux,BFC
c970872e59e46774d508777291b2f90910ab695b,1,0,0,1,linux,BFC
7212303268918b9a203aebeacfdbd83b5e87b20d,2,0,2,1,linux,BIC
806a9e39670be4f1f861c346ec102a79e81b90c3,56,4,26,4,linux,BIC
b089cfd95d32638335c551651a8e00fd2c4edb0b,2,0,1,1,linux,BFC
edc15cafcbfa3d73f819cae99885a2e35e4cbce5,96,22,14,2,linux,BIC
2c4656dfd994538176db30ce09c02cc0dfc361ae,0,4,8,1,linux,BFC
3b1903ef97c080a80ead3a6a2305f55108e08269,19,1,9,8,linux,BIC
48b491a5cc74333c4a6a82fe21cea42c055a3b0b,14,1,20,5,linux,BFC
18807ddb7f88d4ac3797302bafb18143d573e66f,6,0,0,1,linux,BIC
4f6c11044f512356cb63d3df0f3b38db79dc6736,0,0,2,1,linux,BFC
1db8f5fc2e5c66a5c51e1f6488e0ba7d45c29ae4,1,0,1,1,linux,BFC
41512e4dc0b84525495e784295092592adb87f1b,0,0,1,1,linux,BFC
92411f6d7f1afcc95e54295d40e96a75385212ec,0,0,2,1,linux,BFC
702346768c68a95be29f5819e8445a3eff30dac0,147,114,12,3,linux,BIC
41797f75486d8ca3b98d7658c2a506ac7879a8e5,2312,0,0,2,linux,BIC
7492ffc90fa126afb67d4392d56cb4134780194a,3,0,0,1,linux,BFC
f699594d436960160f6d5ba84ed4a222f20d11cd,1,13,10,1,linux,BFC
b689f091aafd1a874b2f88137934276ab0fca480,0,0,8,1,linux,BFC
f19c29e3e391a66a273e9afebaf01917245148cd,20,0,4,7,linux,BIC
38787fc209580f9b5918e93e71da7c960dbb5d8d,2,0,0,1,linux,BFC
2c8468dcf8303c68712f11c782d7d8724de07a73,4,0,2,1,linux,BFC
d968f0f2e4404152f37ed2384b4a2269dd2dae5a,2,0,0,1,linux,BFC
d1efe3c324ead77d3f6cd85093b50f6bd2e17aba,51,0,2,2,linux,BIC
c534e093d865d926d042e0a3f228d1152627ccab,14,0,0,2,linux,BIC
df3ed932394488e57e72dd0e73c224d1804fdc8f,0,0,2,2,linux,BFC
e80a91ad302b3b66822756afc61f9f9c1658b9c9,4,0,0,2,linux,BIC
98db803f6413e6d4bf1f590ea57e9e7dfe1eb32b,39,5,19,2,linux,BIC
3c6f9f77e6188ca4d283633d66e91b3821a505ae,125,111,22,1,linux,BIC
f5949141a21ee16edf1beaf95cbae7e419171ab5,5,3,0,2,linux,BFC
ea81fdf0981d9a4a998a015d325bed67624811f7,7,0,0,1,linux,BIC
7e5b92669904c1de13070ab6d8b788eab9d0cf1f,4,0,4,1,linux,BFC
d29f5aa0bc0c321e1b9e4658a2a7e08e885da52a,0,0,1,1,linux,BFC
0dae72d581dfe795aedaf5523c1faeb18958b1a7,6,2,1,1,linux,BFC
4e59dd249cd513a211e2ecce2cb31f4e29a5ce5b,3,0,5,1,linux,BFC
6aa811acdb76facca0b705f4e4c1d948ccb6af8b,1,0,0,1,linux,BFC
8b6e88555971eac384b89fb0bd6c72ee4e1e6a6a,23,0,0,2,linux,BIC
8a24c834c053ef1b0cdefbd9c5bcb487cbc5068f,378,0,0,2,linux,BIC
9aec606c1609a5da177b579475a73f6c948e034a,1,0,0,1,linux,BFC
be7f62eebaff2f86c1467a2d33930a0a7a87675b,6,0,0,1,linux,BFC
f1d6826cae30e97e37a1f2481d7e1dc4faa09ce1,10,0,1,1,linux,BFC
bddc0c411a45d3718ac535a070f349be8eca8d48,36,11,6,2,linux,BFC
23e7b1bfed61e301853b5e35472820d919498278,1,0,1,1,linux,BFC
2d08935682ac5f6bfb70f7e6844ec27d4a245fa4,0,5,1,1,linux,BFC
e2e0e09758a6f7597de0f9b819647addfb71b6bd,9,0,5,1,linux,BFC
af1cbfb9bf0fe079ca328231451fd4db8b3eafec,71,8,16,4,linux,BIC
9fe5d2b2fd30aa8c7827ec62cbbe6d30df4fe3e3,1,0,7,2,linux,BFC
7b9f71f974a12740e79e918cfd58c2fce0b5b580,426,0,0,5,linux,BIC
23f5b3fdd04e89b4c67fd9ffa60a193d239acf0f,12,16,1,1,linux,BIC
09c9bae26b0d3c9472cb6ae45010460a2cee8b8d,2,0,0,1,linux,BIC
74cdad37cd2410c5cec2160d031e04577948aff0,66,0,3,1,linux,BIC
a9ee77af751f435675054f5a7e2d2e69cbfe9e33,7,2,4,1,linux,BFC
fb6723daf89083a0d2290f3a0abc777e40766c84,6,0,0,2,linux,BIC
fba83f34119a74a8ad3f6649d9c697b951562592,0,19,33,3,linux,BIC
478036c4cd1a16e613a2f883d79c03cf187faacb,0,0,1,1,linux,BFC
c0a5a21c25f37c9fd7b36072f9968cdff1e4aa13,138,0,13,6,linux,BIC
787b4271a6a0c09775241770782b22762f40bd6e,672,0,0,2,linux,BIC
2cd097ba8c05c8d06f8a28daf400303ad0e75e41,124,0,23,2,linux,BIC
cc16921351d8ba1eabc1923fd61d4f369fadde56,1,2,8,2,linux,BIC
ca76a3a8052b71c0334d5c094859cfa340c290a8,0,0,1,1,linux,BFC
4f4920669d21e1060b7243e5118dc3b71ced1276,8,0,5,1,linux,BFC
0c8923c0a64fb5d14bebb9a9065d2dc25ac5e600,14,0,0,1,linux,BFC
4c2f2454964477c66ef57745daab203b71783f66,6,16,1,2,linux,BFC
0e799e840a07e9cd843149be6811fd895d20a5a0,8,0,2,2,linux,BFC
bd3191b5d87d5ebc1d4149bbbb42a64ec3d469bf,66,0,1,2,linux,BIC
2a63bbca06b2508a8ae72956cddffbb53605e9b8,301,0,1,6,linux,BIC
cebfcead63de6f6b1414c3b58ee554b5fc8e103c,8,0,2,2,linux,BIC
e4f868191138975f2fdf2f37c11318b47db4acc9,0,0,2,1,linux,BFC
3d9d1d6656a73ea8407734cfb00b81d14ef62d4b,418,24,89,13,linux,BIC
12f62a857c83b2efcbf8d9961aacd352bf81ad3d,0,0,1,1,linux,BIC
184233a5202786b20220acd2d04ddf909ef18f29,0,0,3,1,linux,BFC
97b151e75861674a176ff8fb5e243dc2aa066af4,543,0,0,3,linux,BIC
2904bb37b35d07be7bfa3fb4a0fc1a3daa6678b3,79,0,17,3,linux,BIC
ee907afb0c39a41ee74b862882cfe12820c74b98,19,33,0,2,linux,BFC
993a110319a4a60aadbd02f6defdebe048f7773b,3,0,0,2,linux,BFC
36e6d081cfb2cb64e6d8e5121cffb1e62f894d36,1,0,0,1,linux,BFC
d3b5a87c4a8178b34b93a463870eca549a103aee,5,0,1,1,linux,BFC
cb248819d209d113e45fed459773991518e8e80b,0,5,11,1,linux,BIC
2c97b0d4a757eec7b83acfe3895d94ad4db13827,0,0,2,1,linux,BFC
8fc0d470bc77fa07632b471cec8207baf9704e32,11,11,0,1,linux,BFC
dbe1bdbb39db7dfe80a903f0d267f62cf3f093d2,14,3,6,2,linux,BIC
04f05230c5c13b1384f66f5186a68d7499e34622,29,7,1,2,linux,BIC
99e25d071fca91eb90ffa2f51240547a69137bde,0,0,3,1,linux,BFC
c32f1ebfd26bece77141257864ed7b4720da1557,5,0,2,1,linux,BFC
556a888a14afe27164191955618990fb3ccc9aad,0,5,4,1,linux,BFC
1702877621ff1c8a737857b71d379510267a17db,1,0,0,1,linux,BFC
4fb29bddb57f8f30e7bd565ab8a478d3fb32464a,12,0,3,1,linux,BIC
249de6e074580988d3ee4902236803098e2cda4c,27,0,6,1,linux,BIC
261b3e1f2a01c72b1882cf5bccfbd4bf40ea62e8,3,0,2,3,linux,BIC
d0461794a1dcaf552b507e23788777f718b736a1,0,3,5,1,linux,BFC
bfc133515ffba42cf81389275ec24ea3c744bb17,1,0,0,1,linux,BFC
aa23ca3d98f756d5b1e503fb140665fb24a41a38,30,0,1,1,linux,BIC
917809e2280bb83994be8b642373fd941d40c407,1389,0,0,2,linux,BIC
1fefc8ecb834c88edfc27e712d683872d0c541dd,2,0,0,1,linux,BIC
d0684c8a9354953efdea214b437445c00743cf49,4,0,2,2,linux,BIC
d7de14d74d6551f0d097430f9893ce82ad17e5b8,6,0,1,1,linux,BFC
df30f7408b187929dbde72661c7f7c615268f1d0,14,15,13,2,linux,BFC
a6d190f8c7670068d8c154ef8477eca07b5e3574,7,0,1,1,linux,BIC
a7504ed14f9b5e873599b2487eb95062dd0b65f8,4,0,2,1,linux,BFC
f3ac60671954c8d413532627b1be13a76f394c49,113,106,2,4,linux,BIC
bf17b671982f8bd17bdf63a9bb4eba5b270209e9,0,0,1,1,linux,BFC
1c894225bf5b1cdffac0c6ef935b61273203d7d5,1,0,0,1,linux,BIC
73e2d827a501d48dceeb5b9b267a4cd283d6b1ae,1,0,3,1,linux,BFC
dc49c77236769c571e77d49450b2dfc001d60e33,929,0,0,8,linux,BIC
63a5f483af0ead9e936e8580c6a029b13819b4dc,5,0,2,1,linux,BIC
8b91cdd4f8649560a8ac37b134008fe67d94ad4d,1,0,2,2,linux,BIC
6a2c4232ece145d8b5a8f95f767bd6d0d2d2f2bb,114,31,36,4,linux,BIC
134c37fa250a87a7e77c80a7c59ae16c462e46e0,0,13,0,2,linux,BFC
ebee7885bb12a8fe2c2f9bac87dbd87a05b645f9,0,0,1,1,linux,BFC
37c92dc303dd0977134d1c8501f057de407473ec,2,0,0,2,linux,BIC
21898816831fc60c92dd634ab4316a24da7eb4af,164,0,2,1,linux,BIC
bcc5e6162d66d44f7929f30fce032f95855fc8b4,0,0,1,1,linux,BFC
96cb4eb019ce3185ec0d946a74b5a2202f5067c9,768,0,0,1,linux,BIC
29c7f3e68eec4ae94d85ad7b5dfdafdb8089f513,0,0,1,1,linux,BFC
d3be4d244330f7ef53242d8dc1b7f77d105e767f,15,1,2,4,linux,BFC
98faf436ee05503e258ee934a9de8d8a3472b40f,31,0,4,1,linux,BIC
695fbc08d80f93ecca18a1abd8f52c2ab77fdc8d,38,16,142,12,linux,BIC
135517d3565b48f4def3b1b82008bc17eb5d1c90,27,0,0,1,linux,BIC
e8784c0aec03a2581ee55827ba694e129d6a57ad,332,0,0,1,linux,BIC
536ca245c512aedfd84cde072d7b3ca14b6e1792,5,0,2,1,linux,BIC
9ee8578d953023cc57e7e736ae48502c707c0210,0,6,0,1,linux,BFC
1d44616e7549d0154c1224a3eee3c407029294dc,0,5,0,1,linux,BFC
f943849f720689214abb3930623c31ff91990be9,2,0,1,1,linux,BFC
5c090abf945bf5fd496c861f371410888be8f4de,65,0,1,1,linux,BIC
0b84933db7f2d1349d77d6db2d6ba17f06da1208,2,1,3,3,linux,BFC
1707add815519da406c2d1444a1f10ef8bb4ad5b,1623,35,3,6,linux,BIC
2ffabf50bd0038acc0e92fe78915610a7fded182,2,0,1,1,linux,BFC
4ba3fcdde7e36af93610ceb3cc38365b14539865,369,0,0,5,linux,BIC
65101d8c9108201118efa7e08f4e2c57f438deb9,430,29,43,8,linux,BIC
5705670d0463423337c82d00877989e7df8b169d,74,0,3,2,linux,BIC
8ca011ef4af48a7af7b15afd8a4a44039dd04cea,0,5,3,1,linux,BIC
d06ed0c20960f124642ce77cd80056a35ffebe55,12,0,0,3,linux,BFC
a6c06ed1a60aff77b27ba558c315c3fed4e35565,29,1,0,1,linux,BIC
7bbfe00e025240505db3e04c3b296d7c023b2a26,5,0,15,1,linux,BFC
7bb3a371d199156cb6a863feab377146b80942c5,21,0,23,1,linux,BIC
40baec225765c54eefa870530dd613bad9829bb7,1,0,0,1,linux,BFC
415c79e13b17ce5f0a0815bab4d584f75f4d1171,13,0,0,1,linux,BFC
3c62fd3406e0b2277c76a6984d3979c7f3f1d129,2,1,7,1,linux,BFC
304bfe473e70523e591fb1c9223289d355e0bdcb,0,0,4,2,linux,BFC
ad0d92d7ba6aecbe2705907c38ff8d8be4da1e9c,7,0,0,1,linux,BIC
69fa95905d40846756d22402690ddf5361a9d13b,15,21,1,2,linux,BIC
ab272643d723f531b9caa8a4ac5f85fcd26840d2,178,0,0,1,linux,BIC
ced633266bdaa9173dc237b8f25ba87f5356ef35,1,0,1,1,linux,BFC
82ee41b85cef16b4be1f4732650012d9baaedddd,2,0,1,1,linux,BIC
f5a4941aa6d190e676065e8f4ed35999f52a01c3,16,5,8,1,linux,BFC
51896864579d5a3349740847083f4db5c6487164,1,0,1,1,linux,BFC
c330fb1ddc0a922f044989492b7fcca77ee1db46,0,0,8,1,linux,BIC
0433ae556ec8fb588a0735ddb09d3eb9806df479,11,0,13,3,linux,BFC
a2f10d4a3069fee666dab20fab5458757ba1f22d,2,0,2,1,linux,BFC
c4e070457a93705e56ed06b3910d9e5fe56d3be3,0,0,1,1,linux,BFC
91cbf01178c37086b32148c53e24b04cb77557cf,0,2,1,1,linux,BFC
127f497058236e5f07672e11382232f80cb7e8c4,34,8,2,2,linux,BIC
26f2f4de0bd93cbe891e11307d9e4906253bfda8,2,0,0,1,linux,BFC
ca80c4eb4b01a7f1c2f333d0a329937ef9c7f03a,35,0,3,1,linux,BIC
bc6d33c8d93f5999920e97a8c6330b8910053d4f,6,5,8,1,linux,BIC
2d4a532d385f635ab8243b88db3136bb52a0bc29,11,6,9,1,linux,BIC
6ae6d33280b839a05fd3daf5aef9c721aaa84a56,0,2,2,1,linux,BFC
3a1e92d0896e928ac2a5b58962d05a39afef2e23,13,0,2,1,linux,BFC
5523632aa10f906dfe2eb714ee748590dc7fc6b1,3,0,0,1,linux,BFC
453114319699b6bec2f2ab9bd87617ba25f6215e,1,0,0,1,linux,BIC
8bfbfb0ddd706b1ce2e89259ecc45f192c0ec2bf,1,0,12,3,linux,BFC
774fe0cd838d1b1419d41ab4ea0613c80d4ecbd7,5,0,1,1,linux,BFC
7f94ffbc4c6a1bdb51d39965e4f2acaa19bd798f,134,0,19,3,linux,BIC
880b517691908fb753019b9b27cd082e7617debd,0,0,2,1,linux,BFC
f92b070f2dc89a8ff1a0cc8b608e20abef894c7d,9,4,0,1,linux,BIC
0ab5171b8971282d7562b77f9b14137a827117fc,8,0,1,1,linux,BFC
a4b1b548104baf7059bb70ae9725417e96fc5996,0,3,0,1,linux,BFC
641edddb4f43e8adfd851aea3e48ba35c3b81f4a,10,6,1,1,linux,BIC
eebfb32e26851662d24ea86dd381fd0f83cd4b47,41,10,53,1,linux,BFC
b992f01e66150fc5e90be4a96f5eb8e634c8249e,1,0,2,1,linux,BFC
52e4e36807aeac1cdd07b14e509c8a64101e1a09,16,0,0,1,linux,BFC
cc02e6e21aa5f2ac0defe8c15e5a9d024da6e73d,7,0,0,1,linux,BIC
1fef73597fa545c35fddc953979013882fbd4e55,7,0,0,1,linux,BFC
3c6e099fa15fdb6fb1892199ed8709012e1294f2,0,8,0,1,linux,BFC
70946723eeb859466f026274b29c6196e39149c4,0,0,3,1,linux,BFC
ace55c411b11d9b12f500c7433bf469c26130182,771,0,0,1,linux,BIC
ec5ce0987541087dbea5af346bdb85eb04b0f0a2,27,0,5,1,linux,BIC
bcc71cc3cde1468958a3ea859276d8d1a1a68265,14,0,2,2,linux,BIC
00b86691c77c6576861b82a3cfe4d609800758fe,128,0,0,3,linux,BIC
654b404f2a222f918af9b0cd18ad469d0c941a8e,0,0,1,1,linux,BFC
c81407fe573d8ac3c7150f5373475598c59197de,0,0,1,1,linux,BFC
efc98d08e1ec4fd131f794370b274dceaf32c958,7,34,6,4,linux,BIC
e809d5f0b5c912fe981dce738f3283b2010665f0,73,0,5,3,linux,BIC
c58caaab3bf87a6470c1a4641ea7fa5192e12bdd,4,0,0,1,linux,BIC
d503a43ac06ac0ec66244d565dfc2c54fdb2425c,14,0,2,3,linux,BIC
5a2a961be2ad6a16eb388a80442443b353c11d16,0,1,2,1,linux,BFC
3e0cf4d3fc2985beee011e9a1bbb8374fc02c0a0,164,40,0,1,linux,BIC
7742a5b418c91b1f27a08ebf90cb662cf4c06604,0,0,2,1,linux,BFC
783513eec3209542fcd6ac0cbcb030b3c17a4827,0,0,1,1,linux,BFC
8c46fa96822c28ca81036e26c2d963f1fac9a961,0,0,1,1,linux,BFC
d90c76bb61128ed9022b9418c31c4749764b6cd9,1,0,1,1,linux,BFC
8c3252c06516eac22c4f8e2506122171abedcc09,20,0,0,1,linux,BFC
302c570bf36e997d55ad0d60628a2feec76954a4,9,20,1,1,linux,BFC
1e140df0496541c473e5d40b0da5d2d626b2e343,112,0,0,5,linux,BIC
4d7f75fe8006a1345e6a52b3e3a4c82633f20564,0,0,1,1,linux,BFC
472111920f1c5fbe103022a4b05bfb37128a2a29,111,0,14,14,linux,BIC
0f0fc5c090055983163ed8e7b3a73980e128048c,6,0,0,1,linux,BFC
4f2f76f751433908364ccff82f437a57d0e6e9b7,0,0,1,1,linux,BFC
60937b2cdbf948ddb84cbf5d728012519ff4b321,290,0,8,1,linux,BIC
a4fa458950b40d3849946daa32466392811a3716,1,0,0,1,linux,BFC
337b99bf7edfb2044781447e7ca386edb1fdba9d,76,1,4,4,linux,BIC
74722bb223d0f236303b60c9509ff924a9713780,120,17,3,2,linux,BIC
1dc1eed46f9fa4cb8a07baa24fb44c96d6dd35c9,13,0,1,1,linux,BFC
f98db6013c557c216da5038d9c52045be55cd039,7,0,3,2,linux,BIC
16986074035cc0205472882a00d404ed9d213313,1,0,0,1,linux,BFC
895f7b8e90200cf1a5dc313329369adf30e51f9a,4,0,0,1,linux,BFC
68fc728b01fcc93b26d52f6e884e738962a49a66,0,1,4,3,linux,BFC
0182d1f3fa640888a2ed7e3f6df2fdb10adee7c8,0,0,1,1,linux,BFC
a88638c4e69cfcbfebc7523d777d1273f2fce806,0,0,1,1,linux,BFC
c4409905cd6eb42cfd06126e9226b0150e05a715,0,0,2,1,linux,BFC
15fb7de1a7f5af0d5910ca4352b26f887543e26e,88,0,0,2,linux,BIC
cfcd2271a9076a9891014bc8e18d4fd48acccffe,27,3,6,3,linux,BFC
e8f967c3d88489fc1562a31d4e44d905ac1d3aff,0,0,1,1,linux,BFC
5136a4fd5832af12ec5e5961c52a27a524a0a9d9,2,0,1,1,linux,BFC
04f605906ff00c649751519ca73d3058372cdc78,239,0,0,1,linux,BIC
9efcc4a129363187c9bf15338692f107c5c9b6f0,2,0,0,1,linux,BFC
b91c0922bf1ed15b67a6faa404bc64e3ed532ec2,0,0,1,1,linux,BFC
322f03436692481993d389f539c016d20bb0fa1d,6,17,0,1,linux,BIC
8872481bd04850b19e053dc579de5a11b83b16fc,19,0,10,2,linux,BIC
30b707886aeb89eee4e6b4e0c1aba9fb50e30a5f,114,4,48,4,linux,BIC
663586c0a8929db81e617c775823efb9d65f2bc2,180,0,0,4,linux,BIC
76ce7cfe35ef58f34e6ba85327afb5fbf6c3ff9b,6,7,3,2,linux,BFC
d75fa679b056375494501ad47ea98fca5d712ff0,2,0,1,1,linux,BFC
91cfc88c66bf8ab95937606569670cf67fa73e09,0,0,1,1,linux,BFC
4d99f6602cb552fb58db0c3b1d935bb6fa017f24,16,0,6,3,linux,BIC
fcf1f26895a4f14618b0dc04e0801b123c55e4a3,0,0,1,1,linux,BIC
687ad0191488a067b3b3cc94f670cc21f93811e1,339,0,0,1,linux,BIC
d1a6edecc1fddfb6ef92c8f720631d2c02bf2744,11,0,5,1,linux,BFC
df06b37ffe5a442503b7095b77b0a970df515459,27,21,52,5,linux,BIC
9e17f8a475fca81950fdddc08df428ed66cf441f,24,17,1,3,linux,BFC
6a45ece4c9af473555f01f0f8b97eba56e3c7d0d,13,0,8,1,linux,BFC
5fa54346caf67b4b1b10b1f390316ae466da4d53,18,5,6,1,linux,BFC
df8eb5691c48d3b03b918bdf065caa59c4281cdc,905,0,0,1,linux,BIC
b72e7464e4cf80117938e6adb8c22fdc1ca46d42,1,2,1,3,linux,BIC
69fc58a57e56bf5e39b48809aefffdaa1b04c945,4,4,7,1,linux,BFC
4c9b1bfaa5039fee650f4de514a8e70ae976fc2f,0,0,2,1,linux,BFC
e79b0006c45c9b0b22f3ea54ff6e256b34c1f208,4,0,1,1,linux,BIC
3a368f742da13955bed4a2efed85ed7c1d826bcc,311,1,20,11,linux,BIC
3510c7aa069aa83a2de6dab2b41401a198317bdc,1,0,1,1,linux,BFC
34611e6996f331399ee26382fdbc2bd009f9cdd6,0,2,1,1,linux,BFC
822fbd37410639acdae368ea55477ddd3498651d,0,15,2,1,linux,BFC
87826df0ec36fc28884b4ddbb3f3af41c4c2008f,47,21,6,3,linux,BIC
55ea1cb178ef85677b35126685fbf5d8d649b62e,3,0,0,1,linux,BIC
bb2359f4dbe98e8863b4e885fc09269ef4682ec3,0,0,1,1,linux,BFC
e1f1ae8002e4b06addc52443fcd975bbf554ae92,0,12,2,1,linux,BFC
2bab3cf9104c5ab80a1b9c706d81d997548401e4,474,0,0,2,linux,BIC
757cc3e9ff1d72d014096399d6e2bf03974d9da1,1319,0,0,6,linux,BIC
359f01d1816fc1ea0161e6c30722bef1ed6b8abb,0,7,6,1,linux,BIC
032ee4236954eb214651cb9bfc1b38ffa8fd7a01,52,0,0,5,linux,BIC
eac1e731b59ee3b5f5e641a7765c7ed41ed26226,683,0,8,8,linux,BIC
0626e6641f6b467447c81dd7678a69c66f7746cf,5605,0,0,14,linux,BIC
115b7ac211d11c5995296dc612c4c8fab349d4b9,0,0,2,1,linux,BFC
d031781bdabe1027858a3220f868866586bf6e7c,0,0,1,1,linux,BFC
8795359e35bc33bf86b6d0765aa7f37431db3b9c,2,0,0,1,linux,BFC
0e32b39ceed665bfa4a77a4bc307b6652b991632,898,3,35,11,linux,BIC
e89938902927a54abebccc9537991aca5237dfaf,1,0,0,1,linux,BFC
523f3ec030aa5bf4818ec8dee35b2646abf367fa,2,0,0,1,linux,BFC
ebbeba120ab2ec6ac5f3afc1425ec6ff0b77ad6f,37,19,3,2,linux,BFC
932a9b5870d38b87ba0a9923c804b1af7d3605b9,2,0,0,1,linux,BFC
17ed808ad243192fb923e4e653c1338d3ba06207,1,0,1,2,linux,BFC
1364a4ee9a99f10ebf490aa9be2bb2920989e886,0,5,0,1,linux,BFC
61bd0f66ff92d5ce765ff9850fd3cbfec773c560,1,2,1,1,linux,BFC
46347e3ec61660562d4a4a933713e2c2b74598e2,15,8,6,1,linux,BFC
dfcb9f4f99f1e9a49e43398a7bfbf56927544af1,6,2,0,1,linux,BFC
abc596b9a2f3d24b8b0d637bdb071aae7f09801d,0,0,2,1,linux,BFC
fad3917e361b115f776563366415ffb2fc706bf1,1306,0,0,2,linux,BIC
72f8cef5d1155209561b01e092ce1a04ad50c4cb,1,0,2,1,linux,BFC
c96e6725db9d6a04ac1bee881e3034b636d9f71c,19,0,3,2,linux,BIC
2a5a314874450decec244923209ce6ba97e3ed93,181,0,6,2,linux,BIC
1515a63fc413f160d20574ab0894e7f1020c7be2,3,0,0,1,linux,BFC
644975179c00802936c5afc732d9df7f63f735a0,2,0,1,1,linux,BFC
36735a6a2b5e042db1af956ce4bcc13f3ff99e21,38,2,17,1,linux,BIC
4e719183667e1363b0d81add5212aee2f149d727,3,0,0,1,linux,BFC
a029ccc810b65172e02336d9caa0fe2331dc58b7,1,1,0,1,linux,BFC
78a3bb9e408be6aadcd4a609d14a05038f2a132a,72,0,0,1,linux,BIC
314c459a6fe0957b5885fbc65c53d51444092880,1,0,0,1,linux,BFC
4b91c30a5a19332e8dd10b601d05b72caf657730,97,0,13,3,linux,BIC
3c8ba0d61d04ced9f8d9ff93977995a9e4e96e91,17,6,30,3,linux,BIC
98d948eb833104a094517401ed8be26ba3ce9935,18,0,3,1,linux,BIC
a254eae30b45bb5f03b66e6b1047829cd4337976,2,0,0,1,linux,BFC
578c18eff1627d6a911f08f4cf351eca41fdcc7d,0,1,1,1,linux,BFC
3c82a21f4320c8d54cf6456b27c8d49e5ffb722e,31,3,15,5,linux,BIC
488751a0ef9b5ce572c47301ce62d54fc6b5a74d,3,0,0,1,linux,BFC
2acecd58969897795cf015c9057ebd349a3fda8a,5,0,2,1,linux,BFC
0096214a59a72b3c3c943e27bd03307324d3ce0f,559,0,2,7,linux,BIC
a842e65b25a418363bf8196e2343123a984ee69b,3,0,0,1,linux,BFC
829ee279aed43faa5cb1e4d65c0cad52f2426c53,8,7,1,2,linux,BFC
ce09ccc50208c04a1b03abfd530b5d6314258fd0,1,0,0,1,linux,BFC
8dd9593cc07ad7d999bef81b06789ef873a94881,21,0,0,1,linux,BFC
117777b2c3bb961ba1cb9943dee93f192d7a3abd,64,68,24,7,linux,BIC
c2d88e7d66f9d327593e0d0f9d7f94755b637e5c,1,0,1,1,linux,BFC
55472017a4219ca965a957584affdb17549ae4a4,5,0,0,1,linux,BFC
e22defeb9810d98dfffe9d84e036559af1742d96,0,2,0,1,linux,BFC
ac315f96b3bd6f6b8f18f387816c7c2cc6b32e02,1,0,1,1,linux,BFC
5f8dc33e8ee7e59bee3bc6dc2088807a384b285a,2,0,0,1,linux,BFC
e2d5b2bb769fa5f500760caba76436ba3a10a895,1,0,13,1,linux,BIC
702eddc77a905782083b14ccd05b23840675fd18,33,0,1,1,linux,BIC
c965db44462919f613973aa618271f6c3f5a1e64,8914,7,4,7,linux,BIC
d4c08afafa0469a24771b14528ee179f72861ea3,0,13,18,1,linux,BIC
468f04cfbb4351be3f8188625f77f54de353215a,0,1,1,1,linux,BFC
3d45cefc8edd7f560e6c97a8d9928ad571f76dec,20,21,45,18,linux,BIC
7030a96bd99032c4565889082a8ab67db3b62180,0,3,0,1,linux,BFC
09a1f9a168ae1f69f701689429871793174417d2,2,0,4,1,linux,BFC
74e79da9fd46a59788ad58982e63fe9dbc496cb1,154,0,1,1,linux,BIC
a04aead144fd938c2d9869eb187e5b9ea0009bae,20,0,0,1,linux,BIC
7b188d6ba27a131e7934a51a14ece331c0491f18,0,1,15,1,linux,BFC
8914add2c9e5518f6a864936658bba5752510b39,732,26,41,7,linux,BIC
bc91b0f07ada5535427373a4e2050877bcc12218,40,13,5,3,linux,BIC
4f678a58d335291ce9213c049bbe16e6d24487ed,4,0,2,1,linux,BIC
701521403cfb228536b3947035c8a6eca40d8e58,1,0,2,1,linux,BFC
0feba17bd7ee3b7e03d141f119049dcc23efa94e,3,0,1,1,linux,BFC
1b839187db62aae22a9254fd9e3ce376149b0918,0,2,0,1,linux,BFC
c8dff3aa824177013d90967687f09f713a55d13f,4,0,0,1,linux,BIC
f5c042b23f7429e5c2ac987b01a31c69059a978b,3,0,1,1,linux,BFC
28d6f93d201d20ce47a9e8414655569a78f0353c,19,0,1,3,linux,BIC
7bf7eac8d648057519adb6fce1e31458c902212c,106,26,11,7,linux,BIC
92d499d4905ce79c41a4b9a399ab6b89188f87e9,0,1,7,1,linux,BFC
07ea7a617d6b278fb7acedb5cbe1a81ce2de7d0c,2,0,1,1,linux,BFC
efad661168c7f4c309f17b773ba2017b85348e9b,15,0,2,4,linux,BFC
c653f61a7f3ef05db173fe4132424db17edeee6b,0,0,13,1,linux,BFC
61da6ac715700bcfeef50d187e15c6cc7c9d079b,3,2,0,1,linux,BFC
afba7e6c5fc190b687f3d87bc6d1029d1500c059,108,0,0,4,linux,BIC
5f8895b27da2656e5e2be029acfb68c016f03326,0,0,3,1,linux,BFC
87d3aa28f345bea77c396855fa5d5fec4c24461f,5,0,1,1,linux,BFC
6c58cf40e3a1d2f47c09d3489857e9476316788a,2,0,11,1,linux,BFC
8e71a322fdb127814bcba423a512914ca5bc6cf5,0,55,25,2,linux,BFC
1b4f48494eb2886d42b034b57f0c4005add296b0,80,73,0,1,linux,BIC
46dce4042659755a2b9753369d0c2d8ca33e35cf,1,0,0,1,linux,BFC
d6de0bb1850f6fcefd4f9fed2de69c0915a2c8a9,18,0,5,4,linux,BIC
f5c61225cf29c4f97e544ad7bd088256303acf97,11,0,0,2,linux,BIC
de227ed7965d06dcfcd06376e03c107004a4881c,9,0,5,1,linux,BFC
13ba4c434422837d7c8c163f9c8d854e67bf3c99,1,0,0,1,linux,BFC
f403906da05cdea38c222ef472fdc4df29ece47f,9,0,0,1,linux,BIC
4d3d228e102cce18a1de6ff66761543267882947,4,0,0,1,linux,BFC
9b29a161ef38040f000dcf9ccf78e34495edfd55,0,0,1,1,linux,BFC
40f75ea466b424ff7a8a24e626b97da52387d210,0,1,1,1,linux,BFC
90bf3e28ef51aa3f480d2f2151813be669ba69ce,0,0,1,1,linux,BFC
6bd7cf66578fae18c26d92115058482cc74ca71b,2,0,2,1,linux,BFC
89cf83d4e065ff9fbd2ddc674489c8058eeca758,10,0,0,1,linux,BFC
9a6a4193d65b853020ef0e66cecdf9e64a863883,425,0,0,3,linux,BIC
d3d6dba56dab4cd2fce41ba60ecd7044576750cf,37,0,0,1,linux,BIC
544c5048bcdc5d5c395d99d61ab7a52964a1420b,9,0,5,1,linux,BFC
4c63c2454eff996c5e27991221106eb511f7db38,22,0,2,4,linux,BIC
587f83e8dd50d22bc0c62e32ec49fd319b0912fe,0,3,1,1,linux,BIC
7d67657cb472a80d54457362bc421f2b57ee250b,0,0,1,1,linux,BFC
74601ecfef6e46cd8bc98e881e620bfc81bfddfb,94,0,0,2,linux,BIC
ce1cb0eec85bdd865a788a99274609bcce4ff086,335,0,0,1,linux,BIC
e328140fdacbba43292a59a22fb55d9185288318,70,0,19,3,linux,BIC
03703ed1debf777ea845aa9b50ba2e80a5e7dd3c,9,0,0,1,linux,BFC
9bc19af9dacbb53f6993c81e993b773bf1cef8b4,17,6,0,1,linux,BIC
1697c6a64c49df3ed1a7e81845dcf2edf6ea23db,69,0,98,3,linux,BIC
636e645f1f2a5826beacd23548696f1655b0b5d8,2,0,0,1,linux,BFC
37e384095f20cca728500fe5344cd308aa6fd7ff,0,6,3,3,linux,BFC
983f127603fac650fa34ee69db363e4615eaf9e7,4,21,9,2,linux,BIC
8d425b19b305a77cb1ba67b84e7c1ca547de032f,83,0,0,4,linux,BIC
61b5865d56bbb09dd5887b197dd324d1d4333d47,3,0,0,1,linux,BFC
b6e68ee82585f2ee890b0a897a6aacbf49a467bb,57,0,6,3,linux,BIC
1abbe1106d48ab0ee4980f8afb04ae2c71bbf3cc,0,0,1,1,linux,BFC
1a040eaca1a22f8da8285ceda6b5e4a2cb704867,3,4,0,1,linux,BFC
1f5a5b87f78fade3ae48dfd55e8765d1d622ea4e,243,5,3,2,linux,BIC
5bbc852676ae08e818241cf66a3ffe4be44225c4,2,0,0,1,linux,BFC
108aa503657ee2fe8aa071dc620d96372c252ecd,33,5,6,2,linux,BIC
f38c7e3abfba9a9e180b34f642254c43782e7ffe,0,2,2,1,linux,BFC
36b78402d97a3b9aeab136feb9b00d8647ec2c20,19,0,2,4,linux,BFC
ca4383a3947a83286bc9b9c598a1f55e867871d7,9,0,1,1,linux,BFC
43994049180704fd1faf78623fabd9a5cd443708,71,73,1,2,linux,BFC
61d791365b72a89062fbbea69aa61479476da946,0,0,1,1,linux,BFC
8474b02531c4881a762c52ef869c52429e38633f,43,18,92,10,linux,BIC
8ee236dcaa690d09ca612622e8bc8d09c302021d,0,7,1,1,linux,BFC
4753b46e16073c3100551a61024989d50f5e4874,0,0,2,1,linux,BFC
257c88559f360ef40d251942f1f9f0c55f5f91ca,0,571,0,1,linux,BIC
69d71879d2cf67a381055f698a1d7def00dc4ed7,0,0,1,1,linux,BFC
238e0268c82789e4c107a37045d529a6dbce51a9,2,0,0,1,linux,BFC
8cc7a1b2aca067397a016cdb971a5e6ad9b640c7,4,0,2,1,linux,BFC
bd3cf6f7ce209a48e55670cc4b95f16fa057a0bc,47,0,4,1,linux,BIC
ea930000a6dcd161346c957545f7e67b3f77ec06,223,0,0,5,linux,BIC
9b5a333272a48c2f8b30add7a874e46e8b26129c,0,0,2,1,linux,BFC
b268c699aca5c17d997d358d25256fc6abefd29c,15,9,0,2,linux,BIC
2cf68211664acd2e4bdd1fb66697137b30901981,97,1,12,1,linux,BIC
c451c979eafc3b7ffc1527c724058245ae41b01e,0,0,1,1,linux,BFC
5342e7093ff298d9cbd40f9342b607adb02b2dd0,56,47,7,3,linux,BIC
db37a34c563bf4692b36990ae89005c031385e52,9,0,3,3,linux,BIC
1ac202e978e18f045006d75bd549612620c6ec3a,1,0,2,1,linux,BIC
3193c0836f203a91bef96d88c64cccf0be090d9c,6,0,1,3,linux,BIC
42ea9f1b5c625fad225d4ac96a7e757dd4199d9c,5,0,0,1,linux,BFC
98496ccdf0dd88696203e69542e07ef824c56ead,1,0,1,1,linux,BFC
23effa2479bae2fbea69493afaab9914ee3862ca,15,0,0,1,linux,BIC
c36ff266dc82f4ae797a6f3513c6ffa344f7f1c7,666,0,0,3,linux,BIC
574a5b85dc3b9ab672ff3fba0ee020f927960648,6,0,4,1,linux,BFC
458c70173daaaa823faeb5b4031bf8fa34c7ca16,64,64,0,2,linux,BFC
cfb74916e2ecf018e3189959edd2a1356b2fd89e,0,38,1,1,linux,BIC
49db68d45bdcad06e28a420d5d911e4178389666,2,0,3,1,linux,BFC
0dda8851a88d6c9d6389f1caf69627154c39aceb,0,1,4,1,linux,BFC
4593e772b5020e714e18f6e212d70b24fbe88b79,62,0,4,1,linux,BIC
6c18a6b4e79953ba38bc110e1e42ac45a951b25f,0,0,1,1,linux,BFC
1b9f700b8cfc31089e2dfa5d0905c52fd4529b50,1,0,0,1,linux,BFC
6c85b7bc637b64e681760f62c0eafba2f56745c6,3,0,0,3,linux,BIC
1b3f0b75c39f534278a895c117282014e9d0ae1f,1,0,9,4,linux,BFC
8bdf7b3fe1f48a2c1c212d4685903bba01409c0e,0,0,1,1,linux,BFC
63a6fff353d01da5a22b72670c434bf12fa0e3b8,41,0,14,4,linux,BIC
86f740f2aed5ea7fe1aa86dc2df0fb4ab0f71088,16,0,17,9,linux,BFC
0efaa7e82f02fe69c05ad28e905f31fc86e6f08e,3,9,19,3,linux,BIC
e9538f8270db24d272659e15841854c7ea11119e,0,2,0,1,linux,BFC
6920a1bd037374a632d585de127b6f945199dcb8,0,1,0,1,linux,BFC
5ffff4415f9eeae834960226770963e2947e17eb,16,0,0,1,linux,BFC
714a8d02ca4da1479bf0b778fc1951dc88515c3d,46,0,0,1,linux,BIC
71d6fdba4b2d82fdd883fec31dee77fbcf59773a,4,0,0,1,linux,BFC
12cb908a11b2544b5f53e9af856e6b6a90ed5533,1,1,4,1,linux,BFC
21ddaa53f92dba820a3778978e617f20ecb6ab6f,0,19,3,2,linux,BIC
5ec697446f4630e3c30c6d7a67f4955c7bfd1a11,97,0,11,3,linux,BIC
b400c2f4f4c53c86594dd57098970d97d488bfde,10,0,0,1,linux,BFC
0ce0c3cd2239502187ccfca3b46ab0344799ec4e,13,0,9,1,linux,BFC
05ffcd0d6287ef84dc2bd9ccf1e5b18917adfceb,0,8,3,1,linux,BFC
a0873490660246db587849a9e172f2b7b21fa88a,9,0,0,1,linux,BFC
8f06228733582bcaba5533a5dcae7e017bd18317,0,9,3,1,linux,BIC
a48491c65b513e5cdc3e7a886a4db915f848a5f5,4,0,0,1,linux,BIC
cae7ed3c2cb06680400adab632a243c5e5f42637,15,5,28,1,linux,BIC
4b05528ebf0c3ffd61543cfcca78844f05d8eb9d,133,0,0,1,linux,BIC
45e86b33ec8b33f9ed41d9f9005f9e663018f8f1,23,1,6,4,linux,BIC
0c25db3f7621ce39e959e95b8fea240ea2bfff6a,4,0,0,1,linux,BIC
e2a027109422ee07f2a17ee200cfee821b36dc3f,0,0,1,1,linux,BFC
3d02d7082e5823598090530c3988a35f69689943,1,0,3,1,linux,BFC
cc9cabfdec38d09e6f6a7f750b67043fbfa2eb31,6,12,15,1,linux,BIC
ff61eb422024a4614f898c1c73625e222b219a5d,0,0,2,2,linux,BFC
01933ba42d3d9fd0917573a752b81267ec231849,4,0,0,1,linux,BIC
8c56df372bc1371504bf3cc29fbb3c09967cafff,423,0,0,2,linux,BIC
4fae3a58ab59d8a286864d61fe1846283a0316f2,5,0,0,1,linux,BFC
a3ae549917f1634f85c62984617521801505eb1e,312,0,0,2,linux,BIC
78c1f8d0634cc35da613d844eda7c849fc50f643,42,27,19,4,linux,BFC
7ea0ed2b5be81781ba976bc03414ef5da76270b9,130,8,32,1,linux,BIC
ca34e3b5c808385b175650605faa29e71e91991b,3,6,5,2,linux,BIC
9a1ec4eb6f3722a65a267bb7d14c371d73f66c5b,1,0,1,1,linux,BFC
085d16d5f949b64713d5e960d6c9bbf51bc1d511,0,0,1,1,linux,BFC
1664691a659f6115bae26e6256166e08b50def4e,0,11,0,1,linux,BFC
c3bf9930921b33edb31909006607e478751a6f5e,3,0,0,1,linux,BFC
c5c707f96fc9a6e5a57ca5baac892673270abe3d,329,0,1,6,linux,BIC
0fc1b09ff1ff404ddf753f5ffa5cd0adc8fdcdc9,177,0,8,4,linux,BIC
6d07fe7bcae57ee73d87766b6cd1e026d3fee85d,17,14,36,4,linux,BIC
94aa8a41f1bc807db78567e7031d75998c166150,2,1,7,1,linux,BFC
29f6589140a10ece8c1d73f58043ea5b3473ab3e,4,0,1,1,linux,BIC
3f03396918962b2f8b888d02b23cd1e0c88bf5e5,55,0,0,2,linux,BIC
340b940ea0ed12d9adbb8f72dea17d516b2019e8,2,0,0,1,linux,BFC
e4bd44e89dcf37345e4851c5e775cb5abf38ab62,83,6,28,4,linux,BIC
d5c6909e74606870bb59b962200cf75eb25d6d0b,1278,0,0,4,linux,BIC
86b3de60a0b634cdcef82d0a2091bc5444a00020,0,9,4,1,linux,BIC
2e12f536635f88454fe6344cf9dad092ad7c2d77,0,21,21,1,linux,BIC
3a5c5e81d8128a9e43abc52b75dd21d3da7a0cfc,0,0,1,1,linux,BFC
f3eac426657d985b97c92fa5f7ae1d43f04721f3,28,4,12,3,linux,BIC
51072c0f5b5e98a035c6f63b83ba2afedbb7accd,8,0,16,1,linux,BFC
fc1acf317b01083d47228c0d21cfc0764f37a04e,1116,1,14,4,linux,BIC
026334a3bb6a3919b42aba9fc11843db2b77fd41,0,0,1,1,linux,BFC
6822c29ddbbdeafd8d1b79ebe6c51b83efd55ae1,0,1,0,1,linux,BFC
6cbba1f9114a8134cff9138c79add15012fd52b9,1,0,0,1,linux,BFC
50aca891d7a554db0901b245167cd653d73aaa71,0,0,4,1,linux,BFC
6e82ae6b8d11b948b74e71396efd8e074c415f44,23,3,0,3,linux,BFC
415ba26cb73f7d22a892043301b91b57ae54db02,0,2,0,1,linux,BFC
6c2b74d4774f36ea23f9cc8bb1401c1215fcd671,12,0,0,1,linux,BIC
e9f1db8b6859ceb75f2517cd4b54782d1024360d,0,2,0,1,linux,BFC
607b9df63057a56f6172d560d5366cca6a030c76,5,8,4,2,linux,BIC
7966c5051fc7d52425155ab30ad568d9d97f3b02,0,0,1,1,linux,BFC
db8d93a7a355121d49777c059afbca23c53c8628,0,0,1,1,linux,BFC
b0f205c2a3082dd9081f9a94e50658c5fa906ff1,52,0,13,10,linux,BIC
a2d17962c9ca7ac66a132bbbfc6054559856e14e,3,0,9,1,linux,BIC
b8ac0cc78b56e798851f1435bc673761d3fb877e,0,2,4,1,linux,BFC
55ae465222d0296e81f707c2b9447e715b59b9ac,1,0,1,1,linux,BFC
f06391c45e83f9a731045deb23df7cc3814fd795,4,5,1,1,linux,BFC
cde3fc244b3d2e1bb32fc5869c718ec1cbb79481,0,0,1,1,linux,BFC
47ff3de911a728cdf9ecc6ad777131902cff62b4,458,0,0,1,linux,BIC
add703fda981b9719d37f371498b9f129acbd997,3,12,28,2,linux,BIC
6d7163f2c49fda5658e43105a96b555c89a4548d,4,0,4,1,linux,BIC
7d0eb51dd92c34d9bffdb24c1210907df49de89e,4,0,8,1,linux,BFC
70afdab904d2d1e68bffe75fe08e7e48e0b0ff8e,453,0,0,1,linux,BIC
116d753308cf032159c7b7aa87c9605bb5354784,24,0,2,3,linux,BIC
a710b9ffbebaf713f7dbd4dbd9524907e5d66f33,3,1,0,1,linux,BFC
c0f47c2822aadeb8b2829f3e4c3792f184c7be33,4,0,6,1,linux,BFC
8b1afb7ab0dbbb8f9186e94ecded6660da1161ae,0,4,0,1,linux,BFC
6e2baa44c6d1f455fae887112f0c2926a7d253e4,0,32,8,3,linux,BIC
26f71abef580537d978f6299330689f029ee1e6c,0,0,1,1,linux,BFC
2539650fadbf63a431e76535a9de7bff6ea5e409,27,0,2,2,linux,BIC
546e41ac994cc185ef3de610ca849a294b5df3ba,4,0,1,1,linux,BFC
bd28899dd34f9283c567f7eeb31bb546f10820b5,0,1,2,1,linux,BFC
005c674f705ee308e23b8e4e7047419d12122fde,0,0,5,2,linux,BFC
67732cd34382066ae5df313b6dad65ab14b9735f,26,0,7,2,linux,BFC
ff0a70fe053614e763eb3ac88bfea9c5615fce3b,0,0,2,1,linux,BIC
7678ac50615d9c7a491d9861e020e4f5f71b594c,20,0,10,2,linux,BIC
288e5c8898c488298c39ff4bbf58928d30fbf99f,2,0,0,1,linux,BFC
4dffbfc48d65e5d8157a634fd670065d237a9377,3,2,1,1,linux,BIC
0e11115644b39ff9e986eb308b6c44ca75cd475f,196,0,13,1,linux,BIC
a44a3430d71bad4ee56788a59fff099b291ea54c,39,0,1,1,linux,BIC
a70e63eee1c14257f73ce9ec6d0c9db28f77f9ad,29,29,17,4,linux,BIC
4e64350f42e2ce153bdffd9fe1741333f5a41e57,727,0,0,1,linux,BIC
f7ae02333d13f598da6ff6b94cf643255707f752,24,17,6,4,linux,BIC
b39e077fcb283dd96dd251a3abeba585402c61fe,0,1,0,1,linux,BFC
94dcf29a11b3d20a28790598d701f98484a969da,10,0,6,4,linux,BIC
a6df410d420aa4ff316797d352f69e7ebae5ff98,3489,0,0,5,linux,BIC
2d6ad41b2c210667b803585b62f9c1943bf02c91,1,46,24,1,linux,BIC
26c1126c9b56f0d8b6b03d1c03f0cff3fdb3552b,60,0,20,1,linux,BIC
09a75e8577901489f77a14a3b305a9a1f67bf25b,177,183,33,3,linux,BIC
f9a2348196d1ab92e155bdba705db95d8177e886,963,0,7,10,linux,BIC
2db5054ac28d4ab2eaa6c67e2d9f61fa5ba006b8,103,1,7,1,linux,BIC
8907afb476ac6754a4d1ba8d2dd16dbb0fd4d428,98,2,11,7,linux,BIC
2bf5046bdb649908df8bcc0a012c56eee931a9af,0,2,2,1,linux,BFC
e14fd4ba8fb47fcf5f244366ec01ae94490cd86a,1,0,1,1,linux,BFC
1158632b5a2dcce0786c1b1b99654e81cc867981,0,2,5,1,linux,BFC
efb4650885187425f1da96460e5d2a84650f861a,38,38,15,4,linux,BIC
3ba880a12df5aa4488c18281701b5b1bc3d4531a,0,0,1,1,linux,BFC
7d2b5dd0bcc48095651f1b85f751eef610b3e034,3,2,8,1,linux,BIC
3b2e2904deb314cc77a2192f506f2fd44e3d10d0,8,3,6,1,linux,BFC
7ba89d2af17aa879dda30f5d5d3f152e587fc551,28,0,0,1,linux,BIC
9a6418487b566503c772cb6e7d3d44e652b019b0,1,0,0,1,linux,BIC
ccfa6d35f9233702c924316cdf40c05b6ce88113,4,0,2,1,linux,BFC
9272e5d0028d45a3b45b58c9255e6e0df53f7ad9,3,0,1,1,linux,BIC
9f088dba3cc267ea11ec0da318cd0175575b5f9b,0,0,1,1,linux,BFC
293d8440a0bdd246d523802f62fb1d16c238a485,0,16,7,3,linux,BFC
4a4a79c06caeec47003bcbee1cf3094479f26e24,2,0,1,1,linux,BFC
e6978e4bf181fb3b5f8cb6f71b4fe30fbf1b655c,5,0,5,3,linux,BIC
94668ac796a5de8864bfc1a34edd24f81f3e6a2c,0,145,15,4,linux,BIC
6a3981af3fd97fec57f2c5eeca213cbf5216a3c0,0,2,2,1,linux,BFC
193125dbd8eb292d88feb201f030889b488b0a02,685,0,0,1,linux,BIC
705b6c7b34f2621f95f606d0e683daa10cdb8eb9,4508,0,1,2,linux,BIC
5e1e087457c94ad7fafbe1cf6f774c6999ee29d4,2,0,0,1,linux,BFC
493b2ed3f7603a15ff738553384d5a4510ffeb95,58,9,3,1,linux,BIC
51f30770e50eb787200f30a79105e2615b379334,0,0,1,1,linux,BFC
8a14e46f140230ca889c2b0a4753ae8ea45fd770,6,1,4,1,linux,BIC
d5483feda85a8f39ee2e940e279547c686aac30c,2,0,2,1,linux,BFC
e6fab7af6ba1bc77c78713a83876f60ca7a4a064,6,0,3,1,linux,BFC
f7452a7e96c120d73100387d5f87de9fce7133cb,2,0,3,2,linux,BFC
aa9323dd49b23932a09023012f050556de64f118,3,3,0,1,linux,BFC
02625c965239b71869326dd0461615f27307ecb3,0,0,1,1,linux,BFC
6643773ce1a17c99a3ce29ee8ac2b114d2ba771f,1,0,1,1,linux,BFC
9af9b94068fb1ea3206a700fc222075966fbef14,2,0,11,1,linux,BIC
7f9c136216c745099f36a4e0c3b2e63eedeb442f,16,5,19,2,linux,BIC
03eb3eb4d4d56414efbe05a5521b2fc4ce175cb7,14,0,0,1,linux,BIC
4fda230ecddc2573ed88632e98b69b0b9b68c0ad,12,0,4,2,linux,BFC
03ffbc9914bd1130fba464f0a41c01372e5fc359,3,0,2,1,linux,BFC
bed5ef230943863b9abf5eae226a20fad9a8ff71,1,0,3,1,linux,BFC
2889caa9232109afc8881f29a2205abeb5709d0c,584,261,657,7,linux,BIC
e574978ae52a3fb1346bc37de2f2221dd878c065,0,0,1,1,linux,BFC
8e537d1465e7401f352a6e0a728a93f8cad5294a,0,0,1,1,linux,BFC
1b87bda1f29a91720a410ac0819866a3cf0df32d,0,0,1,1,linux,BFC
fff2d0f701e6753591609739f8ab9be1c8e80ebb,6,0,3,1,linux,BIC
f4f9edcf9b5289ed96113e79fa65a7bf27ecb096,3,0,1,1,linux,BFC
0f4013fb28ec00986f3934bc6c7d0c2a0eec695c,46,23,11,4,linux,BFC
c75e427d9349ec3e0059752cc784e1c301474c2d,0,0,1,1,linux,BFC
585cb132a48190b554aecda2ebc3e2911fcbb665,1,0,3,1,linux,BFC
a4b0350047f1b10207e25e72d7cd3f7826e93769,0,0,1,1,linux,BFC
bc9bbb81730ea667c31c5b284f95ee312bab466f,0,45,3,1,linux,BIC
cf9d5c6619fadfc41cf8f5154cb990cc38e3da85,0,2,1,1,linux,BFC
a0d254820f4305acd01f10eca7efab8c36e33852,25,0,17,1,linux,BIC
0f5c6c30a0f8c629b92ecdaef61b315c43fde10a,9,0,11,1,linux,BFC
5adf349439d29f92467e864f728dfc23180f3ef9,8,5,0,1,linux,BFC
3036facbb7be3a169e35be3b271162b0fa564a2d,1,0,1,1,linux,BFC
dbf9826d57974c2b4e68928528a4a6c354ceddb3,0,66,27,1,linux,BIC
77cc278f7b202e4f16f8596837219d02cb090b96,0,0,5,1,linux,BIC
2b3d942c4878084a37991a65e66512c02b8fa2ad,1050,0,0,2,linux,BIC
ff041727e9e029845857cac41aae118ead5e261b,0,10,1,1,linux,BFC
1d57b17c60ff245b8e50813bf0fd24143ecf26d4,142,0,0,1,linux,BIC
7559950aef1ab8792c50797c6c5c7c5150a02460,33,2,1,1,linux,BFC
05f80300dc8bcfe8566b36256d01482cae5afa02,0,11,4,1,linux,BIC
d9866572486802bc598a3e8576a5231378d190de,1,0,1,1,linux,BFC
1f84a18fc010d7a62667199c9be35872bbf31526,2,0,7,1,linux,BFC
f2d38edc5e3375e56b4a30d5b66cefd385a2b38c,7,0,0,1,linux,BFC
94a9717b3c40e77a54e4afacd8f19a9a86bfeead,42,6,46,3,linux,BIC
e6790fd861100a01838077b9b59bc339a80ee462,0,0,1,1,linux,BFC
b6143d10d23ebb4a77af311e8b8b7f019d0163e6,4,0,9,1,linux,BFC
7ef282e05132d56b6f6b71e3873f317664bea78b,1,1,6,2,linux,BFC
7db5e9e9e5e6c10d7d26f8df7f8fd8841cb15ee7,2,2,0,1,linux,BFC
a5d75538295b06bc6ade1b9da07b9bee57d1c677,30,0,1,2,linux,BFC
600a87490ff9823d065fc15e86c709e707033ecc,207,0,8,6,linux,BIC
763f4fb76e24959c370cdaa889b2492ba6175580,1,0,0,1,linux,BFC
f76e9019913bffee0e49b096068e6f6b12f9b0e0,11,11,20,4,linux,BFC
389a06bc534ec19778598242e40c59bc73d2a87d,4,0,2,1,linux,BIC
20105ca1240c3d3ac8cc79bf195022e5e5c1c3fb,199,0,0,2,linux,BIC
aa7069d840dab6bef4887657b94e439c82ae985a,2,0,0,1,linux,BFC
3bff147b187d5dfccfca1ee231b0761a89f1eff5,6,0,3,2,linux,BFC
eaa03d34535872d29004cb5cf77dc9dec1ba9a25,0,0,3,1,linux,BFC
1458dd951f7cc0127508f928497c9ab06b5e557d,84,0,0,2,linux,BIC
255cd50f207ae8ec7b22663246c833407744e634,2,0,2,1,linux,BFC
97784481757fba7570121a70dd37ca74a29f50a8,0,1,1,1,linux,BFC
17556cdbe6ed70a6a20e597b228628f7f34387f8,0,0,1,1,linux,BFC
b94e02822debdf0cc473556aad7dcc859f216653,5,0,1,1,linux,BIC
fba53f7b571925b8a0d59d460ad6de1fda928a3e,25,5,59,3,linux,BIC
eadf52cf1852196a1363044dcda22fa5d7f296f7,2,0,2,1,linux,BFC
b30f2f65568f840e5ca522d98ba2ad73b8f59cde,1,0,3,3,linux,BIC
03e88ae1b13dfdc8bbaa59b8198e1ca53aad12ac,14,38,18,3,linux,BIC
ea28fd56fcde69af768135e428093f94c5ca6a88,37,0,3,1,linux,BIC
cae058610465029cee113ac41c7f5cf881f5cfed,5,0,1,1,linux,BIC
51c19b4f5927f5a646e93d69f73c7e89ea14e737,95,5,6,3,linux,BIC
9716ac65efc8f780549b03bddf41e60c445d4709,3,0,0,1,linux,BFC
7e604a3d212ca006802f485f7bac9712a5ddd805,2,0,0,1,linux,BFC
14e3062fb18532175af4d1c4073597999f7a2248,4,0,3,2,linux,BFC
74e1f2521f16ffe38f1e49681a96588082f4406b,153,0,1,2,linux,BIC
b6b8a1451fc40412c57d10c94b62e22acab28f94,48,25,11,3,linux,BIC
b1da6a51871c6929dced1a7fad81990988b36ed6,11,1,7,2,linux,BFC
97b27821b4854ca744946dae32a3f2fd55bcd5bc,178,0,0,4,linux,BIC
3c845acd0237caef617f330a0e3b37ad8ae9fea5,4,0,2,1,linux,BFC
f304a809a9f1eec23e023f3aae6c768a08495244,0,0,1,1,linux,BFC
a8fc8cb5692aebb9c6f7afd4265366d25dcd1d01,9,0,1,1,linux,BIC
64f7ef8afbf89f3c72c4d2472e4914ca198c0668,33,0,4,1,linux,BIC
ce67eaca95f8ab5c6aae41a10adfe9a6e8efa58c,1,0,11,1,linux,BFC
30598d925d466c53c4c218a58f80e043cfe9b085,14,0,3,3,linux,BIC
9e77716a75bc6cf54965e5ec069ba7c02b32251c,0,0,3,1,linux,BFC
d2b2cbce99150fbfd7578e341909a40f1764c95d,0,0,2,1,linux,BFC
d597580d373774b1bdab84b3d26ff0b55162b916,224,0,0,3,linux,BIC
6cfec04bcc05a829179c02584bb55f28fee03795,24,7,6,2,linux,BIC
ba1c30bf3f2536f248d262c6f257b5a787305991,0,4,4,1,linux,BFC
0b408baf7f4f3ea94239d021a1f19e60cd8694de,0,0,1,1,linux,BFC
82046702e288bdd81673b81ab5138e498d155918,9,21,16,1,linux,BIC
ea25da48086d3bbebf3a2eeff387ea00ed96f5c4,3701,3589,166,4,linux,BIC
990e4ad3ddcb72216caeddd6e62c5f45a21e8121,2,0,0,1,linux,BFC
5a2f3dc31811e93be15522d9eb13ed61460b76c8,9,4,0,1,linux,BFC
52c198c6820f68b6fbe1d83f76e34a82bf736024,31,0,0,1,linux,BIC
db3a34e17433de2390eb80d436970edcebd0ca3e,41,0,6,1,linux,BIC
da2577fdd0932ea4eefe73903f1130ee366767d2,5,0,2,1,linux,BFC
345e5c8a1cc30ebd527bcc122d9540538942f1ba,147,0,0,1,linux,BIC
668ae7288e82aa8e7f7cc40b8e13248305d752e7,0,0,1,1,linux,BFC
e8907f76544ffe225ab95d70f7313267b1d0c76d,631,1,3,3,linux,BIC
9557727876674893d35940fddbd03d3b505e7ed8,15,0,1,1,linux,BIC
82e10af2248d2d09c99834613f1b47d5002dc379,3,0,1,1,linux,BFC
d72498ca2cbcf15e5038b184a95f061bca21e820,0,0,1,1,linux,BFC
d944b27df121e2ee854a6c2fad13d6c6300792d4,1,5,7,1,linux,BFC
1381a5113caf764f090b912b478663275e7b999e,4,0,5,1,linux,BIC
62a25dc56990a382afeb40891eead0dbf8b598b4,1,0,0,1,linux,BIC
6f8b12d661d09b488b9ac879b8eafbd2cc4a1450,27,0,11,3,linux,BIC
e385b5b787c86ed16fb414139e7068395327a254,0,0,4,1,linux,BFC
00c9fe37a7f27a306bcaa5737f0787fe139f8aba,3,2,2,1,linux,BFC
e08e934d6c289ed0d6bc222271f69dc35fb2caa5,275,0,0,2,linux,BIC
8f0c1c0949b609acfad62b8d5f742a3b5e7b05ab,0,0,5,3,linux,BFC
b37d1c1898b288c69f3dc9267bc2c41af06f4a4b,85,22,21,8,linux,BIC
91b632803ee4e47c5a5c4dc3d8bf5abf9c16107a,0,12,8,2,linux,BIC
181567aa9f0d297804f1ea5d3ff4ba4518e05f2c,91,7,18,4,linux,BIC
ac4b281176a54d17dd3f91b7fb4a4656471d8730,0,1,0,1,linux,BIC
bac8e805a30dc2a29c3fdde9d822e59c75e710d7,52,1,8,4,linux,BIC
c773f70015f6f07f4abe93b486da7f53fde6e878,0,2,1,1,linux,BFC
9de71ede81e6d1a111fdd868b2d78d459fa77f80,27,15,21,1,linux,BIC
0203b14c4f32b9b6e526db910844222705fc6e5f,2,0,4,1,linux,BIC
57e3cebd022fbc035dcf190ac789fd2ffc747f5b,47,4,0,6,linux,BIC
fedf54132d2410c3949036e3f611ab8dd9dbe89e,6,15,25,1,linux,BIC
74a5257a0c175810d620b5e631c4e7554955ac25,0,1,5,1,linux,BFC
444c8263151afc06c01ac8ddcd1204624a7d4bb3,0,1,0,1,linux,BFC
29c2680fd2bf3862ff5cf2957f198512493156f9,18,9,3,3,linux,BIC
0d4370cfe36b7f1719123b621a4ec4d9c7a25f89,7,0,1,2,linux,BFC
43cf3bf084ba097463d67e756ff821505bdaa69d,24,47,57,5,linux,BIC
d392ecd1bc29ae15b0e284d5f732c2d36f244271,2,1,0,1,linux,BFC
2ee507c472939db4b146d545352b8a7c79ef47f8,13,0,0,2,linux,BIC
f59dcab176293b646e1358144c93c58c3cda2813,2,14,16,1,linux,BIC
50b2d49bafa16e6311ab2da82f5aafc5f9ada99b,4,0,0,2,linux,BFC
fb3f0f51d92d1496f9628ca6f0fb06a48dc9ed2a,93,75,143,5,linux,BIC
f60a85cad677c4f9bb4cadd764f1d106c38c7cf8,21,0,10,3,linux,BFC
897e371389e7751438bf59409cc7098b9599ce21,11,39,42,2,linux,BIC
21190b74bcf3a36ebab9a715088c29f59877e1f3,0,1,3,1,linux,BFC
00d674cb35362dd30df7ff1e0003ad6d6c3ebf3a,20,0,17,1,linux,BIC
b88dbe38dca82425a273d126785866af39ba0770,483,0,0,6,linux,BIC
ae02ab00aa3c282a362af8c4496496970747ddf4,849,0,0,3,linux,BIC
c75c9fdac66efd8b54773368254ef330c276171b,227,0,0,2,linux,BIC
704ae091b061082b37a9968621af4c290c641d50,1,0,0,1,linux,BFC
8afda8b26d01ee26a60ef2f0284a7f01a5ed96f8,889,0,0,4,linux,BIC
8d4ba9c931bc384bcc6889a43915aaaf19d3e499,12,0,1,2,linux,BFC
41634aa8d6db9346121f58eed5d94511cdcb0976,5,2,1,4,linux,BIC
68299a42f84288537ee3420c431ac0115ccb90b1,21,0,0,2,linux,BIC
a7de6eac6f6f73d48d97a6c93032107775f4593b,0,0,1,1,linux,BFC
94ce3b64c62d4b628cf85cd0d9a370aca8f7e43a,39,0,15,6,linux,BFC
25614824685247e00b786032a504f10bfab347b1,143,0,6,1,linux,BIC
4b8e6ac41a594ea67ded6af6af5935f03221ea4c,2,0,1,1,linux,BFC
fec8a6a691033f2538cd46848f17f337f0739923,2,0,1,1,linux,BIC
65cc02a8e1d4449daedf3a84e9dfdda2e44a5d97,0,0,1,1,linux,BFC
93b5dce401ccd4a688fe1f0d0bf0d97e63cdf921,1,0,2,1,linux,BFC
70b7ff130224d2d22a158c7f4aa5e7fb1c95949d,2,0,3,1,linux,BIC
c7c3f096eb5e721d8522ba060fa621ea906ef738,1,0,2,1,linux,BFC
81dd4c4be3a765351189c7572ac963711d2bb652,14,0,16,1,linux,BFC
47b5d2a107396ab05e83a4dfbd30b563ecbc83af,0,0,2,1,linux,BFC
1d735eeee63a0beb65180ca0224f239cc0c9f804,1,0,0,1,linux,BFC
46c6d45d7875a0328258a574e376ae75f7b2a64b,0,0,1,1,linux,BFC
fd8d8e63467c922be9ae4452cca2980d473477d9,0,0,2,1,linux,BFC
13439479c7de873f2ad5399b9224249c928decd8,222,0,0,2,linux,BIC
092ead48290b43afe5d548797c73b179dbaf6523,0,2,2,1,linux,BFC
8892b705f58e105b0b4ce3402afa1d1b803fb207,75,4,6,1,linux,BFC
bcfbb6016b3d732d71130db3489888583f692386,4,0,0,1,linux,BFC
43731753c4b7d832775cf6b2301dd0447a5a1851,1,1,3,2,linux,BFC
2081e8dcf1ee7170c67c0891da5487ac7091d2df,91,0,7,5,linux,BIC
5c1ac56b51b9d222ab202dec1ac2f4215346129d,1,0,3,1,linux,BFC
24f7fc83b9204d20f878c57cb77d261ae825e033,110,0,0,3,linux,BIC
a4870f79c228d109c1e51df4a899394515271604,0,0,1,1,linux,BFC
ddfc925851b4f0ae36b21a5b545e4002c4259c42,4,4,0,1,linux,BFC
b1a504a6500df50e83b701b7946b34fce27ad8a3,8,7,6,4,linux,BFC
79e561f0f05afaa10b8d9bd18f89ec7d7168126d,165,4,26,3,linux,BIC
14a3ae34bfd0bcb1cc12d55b06a8584c11fac6fc,15,3,20,4,linux,BIC
98f67156a80f37db70ec64787020b1f9bc8aea8c,65,32,51,1,linux,BIC
0ca6e30e4dd1d97416a7febcc8bf06f72e19f063,12,0,0,1,linux,BFC
f98d67ac427d416d46da5b82be92a2bed0c60be2,14,0,2,1,linux,BFC
b59711e9b0d22fd47abfa00602fd8c365cdd3ab7,0,0,3,1,linux,BFC
13426454b6493a847cebe276fb1ec3a7f1d48d0e,82,47,14,3,linux,BIC
a958937ff166fc60d1c3a721036f6ff41bfa2821,8,0,0,1,linux,BFC
ccdf07219da6bd1f43c6ddcde4c0e36993c7365a,112,0,19,7,linux,BIC
648865a79d8ee3d1aa64aab5eb2a9d12eeed14f9,0,0,1,1,linux,BFC
d1e09f304a1d9651c5059ebfeb696dc2effc9b32,12,0,13,2,linux,BFC
4f0129d13e69bad0363fd75553fb22897b32c379,4,0,1,1,linux,BFC
ef7837ff091c8805cfa18d2ad06c2e5f4d820a7e,9,0,2,2,linux,BIC
008a374487070a391c12aa39288fd8511f822cab,0,0,1,1,linux,BFC
2eb783c43e7cf807a45899c10ed556b6dc116625,4,0,4,1,linux,BFC
f7403abf5f06f407c50252e003f5fb332325147b,10,0,2,3,linux,BFC
fee34dd199384a483f84806a5cbcf8d657a481cc,30,0,4,1,linux,BFC
1cfd3426ef989b83fa6176490a38777057e57f6c,35,39,3,2,linux,BFC
f3cb4a2de5410147b53e53416a3af0ffe26b5f4e,5,0,0,1,linux,BFC
11b34737b18a70c74d5cf13ee58d36e95879013c,114,51,1,3,linux,BIC
3cdf4ad9633e3ca616617e76b46915c02cba426b,3,8,21,3,linux,BIC
bc77b240b3c57236cdcc08d64ca390655d3a16ff,488,42,26,5,linux,BIC
feba16e25a578080af5aad5eb9e469b4e6c23eef,48,0,37,1,linux,BIC
0fe64023162aef123de2f1993ba13a35a786e1de,25,0,0,1,linux,BFC
132226b301b545198515fb8c6b7f537c13b71f4d,4,4,15,1,linux,BIC
4ee895e71abb51de61f8ea4b7cdba68e474ccf16,44,28,14,1,linux,BIC
a8adbf7d0d0a6e3bf7f99da461a06039364e028b,3,0,1,1,linux,BFC
f9a89117fbdc63c0d4ab63a8f3596a72c245bcfe,17,0,4,1,linux,BFC
0785a9aacf9de9cd6a89a628b3b5d6b7e9ce5316,49,0,1,3,linux,BIC
4e59869aa6550657cb148ad49835605660ec9b88,0,4,2,2,linux,BIC
7b3d770c67bc07db5035999e4f864c5f2ff7b10e,0,46,10,1,linux,BFC
4c89cc73d1da42ae48b5c5dfbfd12304d0b86786,1,0,2,1,linux,BFC
aa5c8b25392800bbefa82dd19eeff8ebbf261ace,7,1,0,1,linux,BFC
084a804e01205bcd74cd0849bc72cb5c88f8e648,0,0,1,1,linux,BFC
e139a1ec92f8dbaaa7380d7e7ea17e148d473d06,17,0,6,1,linux,BIC
7b9364050246bd4c24b36b71c8990b2922dcc027,1,0,9,3,linux,BIC
6d9fa35a347a8789aefa8f4dc7aab9d006e8ed4e,0,0,1,1,linux,BIC
eba5cf3dcb844c82f54d4a857e124824e252206d,68,58,5,1,linux,BFC
a17d609e3e216c406f7c0cec2a94086a4401ac06,4,3,2,1,linux,BIC
5480e299b5ae57956af01d4839c9fc88a465eeab,0,0,2,1,linux,BFC
690908104e39d37947f89d76388c876ce4ec5fda,9,0,10,3,linux,BIC
cd55a1fbd21a820b7dd85a208b3170aa0b06adfa,0,0,1,1,linux,BFC
0ac65fc946d3a15ff30cea28b38a00b9ba98217b,396,0,0,3,linux,BIC
c2d9f17757310484ab4fd65954f5f9850f6a1349,3,6,1,3,linux,BIC
daeb725e919c0d2d4b628aeaa1fa053125f888b2,6,0,38,1,linux,BFC
5d7bd8aa7c35873f448d60ffbd996cfa151d2a11,0,87,0,6,linux,BIC
b5ba46b81c2fef00bcf110777fb6d51befa4a23e,2,0,0,1,linux,BFC
d0f33ac9ae7b2a727fb678235ae37baf1d0608d5,0,3,1,2,linux,BFC
9b3b8171f7f4ecbbc28f3c1ae60462826a5d9072,988,0,0,1,linux,BIC
099a884ba4c00145cef283d36e050726311c2e95,16,0,0,1,linux,BIC
fb2b90014d782d80d7ebf663e50f96d8c507a73c,2,0,1,2,linux,BIC
f4aa081949e7b6b01e711229c5a47ee3482a169c,1920,0,0,2,linux,BIC
32e9f56a96d8d0f23cb2aeb2a3cd18d40393e787,1,1,6,1,linux,BFC
00b8c557d096f0930d5c07df618223d3d06902d6,0,20,0,1,linux,BFC
88078d98d1bb085d72af8437707279e203524fa5,15,2,1,2,linux,BIC
1c075b192fe41030457cd4a5f7dea730412bca40,0,0,1,1,linux,BFC
ba37b7caf1ed2395cc84d8f823ff933975f1f789,1187,0,2,6,linux,BIC
3a4b77cd47bb837b8557595ec7425f281f2ca1fe,9,0,0,1,linux,BIC
cf29c5b66b9f83939367d90679eb68cdfa2f0356,319,11,2,6,linux,BIC
50bb467c9e76743fbc8441d29113cdad62dbc4fe,5,0,0,1,linux,BFC
30493cc9dddb68066dcc4878015660fdaa8e0965,6,0,13,1,linux,BIC
cfd577acb769301b19c31361d45ae1f145318b7a,0,0,1,1,linux,BFC
4ef1b2869447411ad3ef91ad7d4891a83c1a509a,7,0,7,3,linux,BFC
e2854a1054ab171a2c5cad6e9b7f0c580bab409d,0,0,2,1,linux,BFC
64a6f1c4987e027339818b9d142257e7ede6dfe0,480,0,0,1,linux,BIC
7d14b0d2b9b317cfc14161143e2006b95a5da9b1,10,0,0,1,linux,BIC
cf90b74341eecc32ceef0c136954a1668e43b1e7,2,0,1,1,linux,BFC
41a336e011887f73e7c879b60e1e3544045435cb,0,1,1,1,linux,BFC
d262271d04830e4b5009f4a5cc64934d86b49832,69,22,51,9,linux,BIC
92ad18ec26611e8a47639e600bd9dc42fbe2edcf,5,1,3,1,linux,BFC
1f7df6f88b9245a7f2d0f8ecbc97dc88c8d0d8e1,482,0,1,5,linux,BIC
4da6a196f93b1af7612340e8c1ad8ce71e18f955,1,0,0,1,linux,BIC
0f44b3275b3798ccb97a2f51ac85871c30d6fbbc,0,0,1,1,linux,BFC
ad55bae7dc364417434b69dd6c30104f20d0f84d,0,0,8,2,linux,BFC
959ca92a3235fc4b17c1e18483fc390b3d612254,33,0,6,1,linux,BFC
eb0dc47ab6810c432e8193beccd9905ba0db8b22,0,0,1,1,linux,BFC
7b358c6f12dc82364f6d317f8c8f1d794adbc3f5,0,3,7,1,linux,BFC
45f750c16cae3625014c14c77bd9005eda975d35,1,0,1,1,linux,BFC
377aa6b0efbaa29cfeecd8b9244641217f9544ca,1,0,1,1,linux,BFC
472a73e00757b971d613d796374d2727b2e4954d,53,0,17,2,linux,BIC
84581bdae9587023cea1d139523f0ef0f28bd88d,4,0,0,2,linux,BFC
aa3d480315ba6c3025a60958e1981072ea37c3df,8,0,0,1,linux,BIC
064ffc7c3939ebc9c152e17bd9f4496d7b318688,973,0,0,2,linux,BIC
a840c93ca7582bb6c88df2345a33f979b7a67874,0,0,1,1,linux,BFC
a64597227d0de5610407fcc95dc835745a53f5d0,0,15,4,1,linux,BFC
6241e71e7207102ffc733991f7a00f74098d7da0,0,0,1,1,linux,BFC
4a24efa16e7db02306fb5db84518bb0a7ada5a46,2,0,2,1,linux,BFC
17866bc6b2ae1c3075c9fe7bcbeb8ea50eb4c3fc,3,0,0,1,linux,BFC
97794170b696856483f74b47bfb6049780d2d3a0,9,0,3,1,linux,BFC
24461d9792c2c706092805ff1b067628933441bd,0,1,1,1,linux,BIC
41e64c1ac73bbc2380d7b85357a4b693043a5ba8,0,1,1,1,linux,BFC
07f6dc4024ea1d2314b9c8b81fd4e492864fcca1,3,0,0,1,linux,BFC
7dbbdd37f2ae7dd4175ba3f86f4335c463b18403,0,0,1,1,linux,BFC
772f4e82b3ffa1eb7412cd531f718a96a0e5474b,1,0,0,1,linux,BFC
c7333972b9b571a03bf9aecd1aeecfab81243e8d,22,0,8,2,linux,BFC
bf3747ae2e25dda6a9e6c464a717c66118c588c8,5,0,1,1,linux,BIC
762bf09893b42d1ac8f7f4c02b86e3143b99e61f,14,0,3,1,linux,BIC
c1f6b1ac00756a7108e5fcb849a2f8230c0b62a5,0,1,1,1,linux,BFC
33d14975e5ac469963d5d63856b61698ad0bff07,0,2,3,1,linux,BFC
7fd56e0260a22c0cfaf9adb94a2427b76e239dd0,3,29,6,7,linux,BFC
96bb2a6ab4eca10e5b6490b3f0738e9f7ec22c2b,1,0,0,1,linux,BFC
dee60c0dbc837ddca8abcb868e53ca3e9d11ea4c,21,12,3,1,linux,BIC
4967082b469320eeba54ffbca632af1962858fb7,1,0,3,2,linux,BFC
aad719dcf379f1413dcb168413a53fea66e2ef90,58,32,29,2,linux,BIC
197c2dac74e4ae3158ad10f848c5402236d6b176,2,0,0,1,linux,BIC
a7bfb93f0211b4a2f1ffeeb259ed6206bac30460,4,0,1,1,linux,BFC
7102ebcd65c1cdb5d5a87c7c5cf7a46f5afb0cac,49,0,14,1,linux,BIC
b97060a99b01b4d706b87df450b69f82962d2fba,119,14,12,11,linux,BIC
a590d0fdbaa56f482ff515e1040b6d9b1b200d63,1,1,6,1,linux,BFC
dfdde1345bc124816f0fd42fa91b8748051e758e,1,0,0,1,linux,BFC
f88fa79a61726ce9434df9b4aede36961f709f17,3,0,3,1,linux,BFC
2ae57c995003a7840cb6b5ec5f0c06193695321b,0,0,1,1,linux,BFC
bd4dadaf04ceafe02f0f397a31f18a5018418e9b,0,0,1,1,linux,BFC
b3583fca5fb654af2cfc1c08259abb9728272538,10,0,1,1,linux,BFC
ae61f61fa802c829fa8d505587f9b337e63ea586,0,9,1,1,linux,BFC
406cc9cdb3e8d644b15e8028948f091b82abdbca,3,0,5,1,linux,BFC
c96614eeab663646f57f67aa591e015abd8bd0ba,0,1,0,1,linux,BFC
69c9e825e812ec6d663e64ebf14bd3bc7f37e2c7,4,0,9,1,linux,BFC
9c29e36152748fd623fcff6cc8f538550f9eeafc,0,0,3,1,linux,BFC
168e9a76200c54c584a23aa88c62c53c4b0edd66,263,0,0,3,linux,BIC
a836839cbfe60dc434c5476a7429cf2bae36415d,9,0,1,3,linux,BFC
fd9373e41b9ba5b609f97e98a04687f4ff136aff,643,0,0,1,linux,BIC
09dfe5810762cd6ac09a24342cc23d94d7a8ab70,92,2,23,1,linux,BIC
be185c2988b48db65348d94168c793bdbc8d23c3,0,2,3,2,linux,BFC
b36e62eb85215a60916f910070f6d494b4f3e73a,0,0,3,1,linux,BFC
22d3e1ed2cc837af87f76c3c8a4ccf4455e225c5,0,1,0,1,linux,BFC
79b11142763791bdead8b6460052cbdde8e08e2f,5,0,1,1,linux,BFC
9fae5c3b60396b8586881a0e7c028ae5bcaeaa3f,15,0,10,4,linux,BFC
8760675932ddb614e83702117d36ea644050c609,0,0,1,1,linux,BFC
d9186330c881468722c005ee772ca745c81a29ef,0,0,6,1,linux,BFC
12fc23a4a3d1dbeaf609c1f27af59755d48cb0fb,0,0,1,1,linux,BFC
2d8be76c16746f1c90f4a01c188b6aad190b747e,1,0,4,1,linux,BIC
44e4439d8f9f8d0e9da767d1f31e7c211081feca,0,2,2,1,linux,BFC
14e50c6a9bc2b283bb4021026226268312ceefdd,1,0,0,1,linux,BIC
1897a9691e384f6e30b8e8e30fc75d00e402e0ca,0,0,1,1,linux,BFC
0365351524d7560d8ed7a42801a15252c6c56f41,276,0,2,1,linux,BIC
1f14a620f30b01234f8b61df396f513e2ec4887f,19,0,2,1,linux,BFC
d104328ce352eec23e608dab875f2ad2fead60fb,0,0,1,1,linux,BFC
c63d6099a7959ecc919b2549dc6b71f53521f819,5,0,0,1,linux,BFC
68f236df93a986379e61191157848b4e7d303285,20,0,8,5,linux,BIC
dbaaff2a2caa03d472b5cc53a3fbfd415c97dc26,3,0,2,1,linux,BFC
6a7f2277313b4a39645c13277efb9337ca441933,126,14,58,8,linux,BIC
138559b9f99d3b6b1d5e75c78facc067a23871c6,31,0,11,2,linux,BFC
494dcdf46e5cdee926c9f441d37e3ea1db57d1da,34,27,2,1,linux,BFC
23c42a403a9cfdbad6004a556c927be7dd61a8ee,135,0,25,3,linux,BIC
cbfc6495586a3f09f6f07d9fb3c7cafe807e3c55,0,0,1,1,linux,BFC
68ff2a00dbf590dc9483c20f85fd1f1faa054604,0,18,6,1,linux,BIC
0fb375fb9b93b7d822debc6a734052337ccfdb1f,41,10,7,1,linux,BIC
77568e535af7c4f97eaef1e555bf0af83772456c,0,0,7,1,linux,BFC
3207f715c34317d08e798e11a10ce816feb53c0f,0,0,1,1,linux,BFC
9fdd78f7bcda3e6a9f53c355529b3bf037c0e24f,4,0,1,1,linux,BIC
d09959e7529451a1c302197fb1396ed5b835f6d3,0,0,1,1,linux,BFC
e253e8fbab01059c25c6d091e4888c68a26691f5,0,1,0,1,linux,BFC
c2579c9c4add3110b2ce81198f8a6bbb5055cfda,0,3,8,1,linux,BFC
968e78dd96443e2cc963c493070574778805e76a,70,9,39,4,linux,BIC
814816d71e29934d0a76ee259b54c0b80c3b0e4a,1,0,1,1,linux,BFC
2ea370a9173f4a3c80b24221049359a5d1518bc0,9,0,0,1,linux,BFC
142d0b24c1b17139f1aaaacae7542a38aa85640f,0,0,1,1,linux,BFC
82a763e61e2b601309d696d4fa514c77d64ee1be,0,42,2,1,linux,BIC
9d82819d5b065348ce623f196bf601028e22ed00,5,0,0,1,linux,BFC
55285e21f04517939480966164a33898c34b2af2,10,3,4,1,linux,BIC
015618c3ec19584c83ff179fa631be8cec906aaf,0,0,2,1,linux,BFC
f606a88e58230c30f5d56a53eff8da6fdbf1e4ee,1548,0,0,4,linux,BIC
d1bd330a229fc8a69f0e7532138dfd42b4542fd4,0,0,2,2,linux,BIC
d4ae3689226e56014320e7bcd0298f7e49cfdd8f,6,0,0,1,linux,BIC
f609cbb8911e40e15f9055e8f945f926ac906924,1,0,1,1,linux,BFC
155e8b3b0ee320ae866b97dd31eba8a1f080a772,60,1,3,1,linux,BIC
fd90bc559bfba743ae8de87ff23b92a5e4668062,1,0,0,1,linux,BIC
6fd0ce79724dabe2cd0bd8aed111cbe94755bf88,16,4,11,1,linux,BIC
996b44fcef8f216ea0b6b6e74468c5a77b5e341f,0,4,5,1,linux,BFC
6817bf283b2b851095825ec7f0e9f10398e09125,8,2,1,1,linux,BIC
6ddf2f0cb1e1931d16e08e30130ed04e5a441f2c,0,0,1,1,linux,BFC
432c6bacbd0c16ec210c43da411ccc3855c4c010,326,69,64,11,linux,BIC
46861e3e88be18846971792b763eaf520a91a802,57,0,0,3,linux,BIC
98a160e898c0f4a979af9de3ab48b4b1d42d1dbb,1,0,0,1,linux,BFC
6fd13d699d24beaa28310848fe65fd898fbb9043,14,0,9,1,linux,BFC
ba019a3e2ad53dcc56f3c0b15e1061b77129b63d,0,7,1,1,linux,BIC
5f65ae344f1493c9c6f0a1748da4ce3af71ab541,0,0,3,2,linux,BFC
00e31cfc8995de2a15352522fc672922a23b435e,1,1,2,1,linux,BFC
d52d165d67c5aa26c8c89909003c94a66492d23d,1,0,0,1,linux,BFC
fdd029630434b434b127efc7fba337da28f45658,20,7,5,2,linux,BIC
0ced7b050224b18ca73e38e7068f36be8e708c06,8,15,3,2,linux,BFC
caf3f2676aaad395903d24a54e22f8ac4bc4823d,3,0,3,1,linux,BFC
b9fd683982c9d190cbccd8a32d885bf84bb4a12d,14,6,1,1,linux,BIC
ce79d54ae447d65117303ca9f61ffe9dcbc2465d,84,0,0,1,linux,BIC
3a665531a3b7c2ad2c87903b24646be6916340e4,2,0,2,2,linux,BIC
cf10bd4c4aff8dd64d1aa7f2a529d0c672bc16af,12,0,3,1,linux,BFC
1c8bc7b3de5e76cb89aacdc7be1475a028af505f,10,8,15,1,linux,BIC
e322ce9365693b417867f6bd700ddf09cca36b37,0,0,1,1,linux,BFC
e0ebdbdcb42a66f49b7587dc50cc6f528ec55cad,9,0,5,1,linux,BIC
58796e67d5d529e2010f6985fae7a5cef02f19a8,0,3,1,1,linux,BFC
5901b6be885e2c9a30fd94803b846b3d33e351dd,0,7,1,2,linux,BIC
34c164de5867659f9162ae4fc9030b940bd40aaa,1,0,10,1,linux,BFC
6fe7c745f2acb73e4cc961d7f91125eef5a8861f,3,0,6,1,linux,BFC
627469e4445b9b12e0229b3bdf8564d5ce384dd7,0,4,0,1,linux,BIC
ec0abae6dcdf7ef88607c869bf35a4b63ce1b370,4,0,19,1,linux,BIC
dbdf0760990583649bfaca75fd98f76afd5f3905,27,83,37,5,linux,BFC
31d9a1c524964bac77b7f9d0a1ac140dc6b57461,1,0,0,1,linux,BFC
f667216c5c7c967c3e568cdddefb51fe606bfe26,10,0,0,1,linux,BFC
b9b7421a01d82c474227fce04f0468f1c70be306,64,0,1,3,linux,BIC
e36299efe7d749976fbdaaf756dee6ef32543c2c,2,7,1,3,linux,BIC
bd1244561fa2a4531ded40dbf09c9599084f8b29,0,3,6,1,linux,BFC
59f0ec231f397001801264063db3b6dcc3eef590,0,13,5,1,linux,BFC
65a102f68005891d7f39354cfd79099908df6d51,0,1,5,1,linux,BFC
f9b4f20c4777bd305ef04f9485294692bc65968c,105,0,39,2,linux,BIC
36bbef52c7eb646ed6247055a2acd3851e317857,168,6,28,6,linux,BIC
17226f1240381812c3a4927dc9da2814fb71c8ac,26,0,0,5,linux,BFC
3f006ac342c033c795aa0ec2d0dde63975e2144b,575,8,41,9,linux,BIC
7559d3d295f3365ea7ac0c0274c05e633fe4f594,15,0,14,1,linux,BFC
cf880423b6a0599499c1f83542cab0b75daa29ba,258,0,1,3,linux,BIC
0138d8f0755b5b28d0acdb0a758bcfcaf441fc58,139,0,1,1,linux,BIC
3eb6d7aca53d81ce888624f09cd44dc0302161e8,0,1,1,1,linux,BFC
ee97b6b99f42285d29d439f2e5376e03b2760e09,14,0,0,1,linux,BIC
235b62176712b970c815923e36b9a9cc05d4d901,142,5,37,2,linux,BIC
f7ed83cc1925f0b8ce2515044d674354035c3af9,4,0,0,1,linux,BFC
9ee7b683ea6313e9cd27bf9c4f70a3d360abe5df,22,5,4,2,linux,BIC
fd7d56270b526ca3ed0c224362e3c64a0f86687a,9,0,0,1,linux,BIC
89c72f4245a8510ffdb0d1980944210b8bc6e49f,151,0,0,8,linux,BIC
f25b119c6c19bbe70a27f7e439ef26ed8acd42ea,171,0,2,5,linux,BIC
eb8409071a1d47e3593cfe077107ac46853182ab,0,0,8,1,linux,BFC
abd6360591d3f8259f41c34e31ac4826dfe621b8,0,6,1,1,linux,BFC
e0f9759f530bf789e984961dce79f525b151ecf3,26,0,5,5,linux,BIC
88913bd8ea2a75d7e460a4bed5f75e1c32660d7e,0,0,1,1,linux,BFC
b27f266f74fbda4ee36c2b2b04d15992860cf23b,3,1,1,1,linux,BFC
d2aea95a1a4d195d939d16303700921be318a2b9,16,0,0,1,linux,BFC
bba18318e7d1d5c8b0bbafd65010a0cee3c65608,0,0,3,1,linux,BFC
5a0f3b5f6d798637b0af5d6d3ab3eb02063e0317,31,25,6,1,linux,BFC
4649b97042c3504e4ae442d1ef56dfe6d711a04d,9,0,0,1,linux,BFC
789b6cc2a5f9123b9c549b886fdc47c865cfe0ba,0,1,3,1,linux,BFC
a92265ce1cea3832a47103ae16afa328a396e9af,0,0,1,1,linux,BFC
2b5aed9ac3f72c9eee3342228349751d6a11a7d6,12,0,3,1,linux,BIC
a2247f19ee1c5ad75ef095cdfb909a3244b88aa8,402,1,7,4,linux,BIC
d2722f8b87fb172ff2f31d3a2816b31d58678d40,0,0,1,1,linux,BFC
d2f82254e4e862662e7820953b049b7d4d660ec7,19,0,15,2,linux,BIC
99c4f70df3a6446c56ca817c2d0f9c12d85d4e7c,0,18,0,2,linux,BFC
324fb7adf61f6dc57cfcefc9783363e35ef9234b,0,2,0,1,linux,BFC
0f734e6e768b4b66737b3d3e13f1769a12ecff86,12,0,1,2,linux,BIC
561b5e0709e4a248c67d024d4d94b6e31e3edf2f,2,0,2,1,linux,BFC
77e2c0f5d471e2b14140f0695a1b6a718f318dd7,2392,0,46,4,linux,BIC
dd4544f05469aaaeee891d7dc54d66430344321e,1881,0,1,4,linux,BIC
c74193787b2f683751a67603fb5f15c7584f355f,2,0,2,1,linux,BFC
75e91c888989cf2df5c78b251b07de1f5052e30e,0,1,1,2,linux,BFC
6256cb69f01d7ba8e3da76ee3e488cd72a6fd7ac,0,0,1,1,linux,BFC
51570a5ab2b74a1b929e5a6c25b4df93652ac0aa,227,0,0,2,linux,BIC
20981a1e6b708536493e10ba90016ae28a9f3749,2,0,0,1,linux,BFC
c3123c431447da99db160264506de9897c003513,14,0,2,2,linux,BIC
cf94db21905333e610e479688add629397a4b384,2,0,1,2,linux,BFC
fc839c6d33c8828514f595822f457e51328507e5,0,0,1,1,linux,BFC
b4536f0c829c8586544c94735c343f9b5070bd01,31,6,18,4,linux,BFC
808cf9e38cd7923036a99f459ccc8cf2955e47af,25,0,0,1,linux,BFC
926d93a33e59b2729afdbad357233c17184de9d2,3,0,0,1,linux,BFC
dcd6589b11d3b1e71f516a87a7b9646ed356b4c0,0,0,1,1,linux,BFC
99c7b309472787026ce52fd2bc5d00630567a872,1,0,1,1,linux,BFC
42d779ffc186f6dd26271fc60a7417cb51aca93e,0,3,6,1,linux,BFC
e27be240df53f1a20c659168e722b5d9f16cc7f4,7,2,28,3,linux,BFC
130128098a4e5ce9a0dfbdf9a7e27a43579901fd,3,1,6,1,linux,BFC
8243edf44152c08c3efa1d551fc48605d674ad18,158,693,0,3,linux,BIC
d80174745ba3938bc6abb8f95ed670ac0631a182,36,10,6,1,linux,BIC
e43ac79a4bc6ca90de4ba10983b4ca39cd215b4b,43,0,2,1,linux,BIC
57ea52a865144aedbcd619ee0081155e658b6f7d,6,0,2,2,linux,BFC
979e1b32e0e202197f182ec0abfadecbdd53b1ec,225,79,10,8,linux,BIC
a8d42fc4217b1ea18f34a6676a60ddcc34248f44,2134,0,0,3,linux,BIC
66c117d7fa2ae429911e60d84bf31a90b2b96189,5,0,0,1,linux,BFC
52fbb2907988aa0583c6d9d53a56aee090b2df7e,4,0,3,2,linux,BFC
b1339ecac661e1cf3e1dc78ac56bff3aeeaeb92c,16,8,2,4,linux,BFC
737ee8bdf682cedb3c42b713d20ffa5c899591fb,0,0,2,1,linux,BFC
f5e03a4989e80a86f8b514659dca8539132e6e09,0,0,2,2,linux,BFC
cba07cce39ace4c719e63b0410a53480aee6aaee,3,0,0,1,linux,BFC
83170f3beccccd7ceb4f9a0ac0c4dc736afde90c,1,0,0,1,linux,BFC
e609a6b85182f8a479d265839d3ff9aad2e67b18,5,0,0,1,linux,BFC
8e7ae2518f5265f0ef09d561748098fde5a87ccd,4,3,13,3,linux,BFC
0f2122045b946241a9e549c2a76cea54fa58a7ff,328,21,16,7,linux,BIC
c9a11c23ceb65db7ecc5735e7428311d70e74ba9,533,0,1,4,linux,BIC
77cf8edbc0e7db6d68d1a49cf954849fb92cfa7c,0,5,2,1,linux,BIC
cb5c6568867325f9905e80c96531d963bec8e5ea,1,1,0,1,linux,BFC
922ff0759a16299e24cacfc981ac07914d8f1826,10,0,7,2,linux,BFC
f856373e2f31ffd340e47e2b00027bd4070f74b3,5,0,0,2,linux,BIC
48ec73395887694f13c9452b4dcfb43710451757,0,0,4,1,linux,BFC
0b7808818cb9df6680f98996b8e9a439fa7bcc2f,7,6,7,1,linux,BFC
cd1a677cad994021b19665ed476aea63f5d54f31,4323,1,29,13,linux,BIC
58f6e78a65f1fcbf732f60a7478ccc99873ff3ba,1,0,0,1,linux,BFC
5208cc83423dde06924121a85368c721a27ca555,3,0,0,1,linux,BIC
ec671b5360b914fb3ad79053593d195996a95dde,0,0,2,1,linux,BFC
027d89d96b6833f37091d858b9dcf92cd9b19aa7,2,0,3,1,linux,BFC
509cd3f2b473330238c768bb21a4f2cdc80393fa,0,16,5,1,linux,BIC
48e0a6559dd8e6aa87841270868423b23076220e,0,1,0,1,linux,BFC
c07fa08f02f4053b51dae1a6ee08bc644dc7846d,0,0,1,1,linux,BFC
b9607de6cf22a5cd268b9206177a9baafb6e8ac8,0,0,1,1,linux,BFC
176377d97d6a3fae971ecb1f47d9b9cb7dab05ef,80,32,13,1,linux,BFC
df828598a755732e717b0adca82f884e44d37576,1073,0,0,2,linux,BIC
3d6a3d3a2a7a3a60a824e7c04e95fd50dec57812,9,0,1,1,linux,BFC
a3058a5d82e296daaca07411c3738a9ddd79f302,0,2,0,1,linux,BFC
4b511d5bfa74b1926daefd1694205c7f1bcf677f,0,0,2,1,linux,BFC
d77de7880e0e08f05ed2d4c533c647a618aa8632,28,0,0,1,linux,BIC
269e633dad16c951449c99cc3bfce46110f5029e,0,0,3,1,linux,BFC
307b00c5e695857ca92fc6a4b8ab6c48f988a1b1,1,0,0,1,linux,BFC
6de783b6f50f7f1db18a3fda0aa34b2e84b5771d,118,0,1,2,linux,BIC
1f3b0f8243cb934307f59bd4d8e43b868e61d4d9,0,1,1,1,linux,BIC
00b2e16e006390069480e90478aa8b6e924996d7,94,1,1,3,linux,BIC
c34c338a40e4f3b6f80889cd17fd9281784d1c32,1,2,0,1,linux,BFC
31c05415f5b471fd333fe42629788364faea8e0d,1,0,0,1,linux,BFC
c4e2fbca374b9797276061840dc95708adf512ed,23,55,47,1,linux,BIC
19cab8872692960535aa6d12e3a295ac51d1a648,6,0,1,2,linux,BIC
1f82f2df523cbc6dc972d1b4b977aebc5333cb0f,24,0,1,1,linux,BIC
9bba96275576da0cf78ede62aeb2fc975ed8a32d,16,1,7,1,linux,BFC
34bfeea4a9e9cdae713637541f240c3adfdfede3,55,0,0,4,linux,BIC
bfdd89f232aa2de5a4b3fc985cba894148b830a8,0,0,1,1,linux,BFC
2e5c888873586400e3e9197514995458c7f4c3e0,93,0,35,1,linux,BIC
f319ca6557c10a711facc4dd60197470796d3ec1,0,0,2,1,linux,BFC
05d817031ff9686a8206039b19e37616cf9e1d44,8,0,8,1,linux,BFC
cfa0ebc9d6d6308564f5174ecb655b9d504b2be5,0,0,1,1,linux,BFC
e3c2f1870af43fc95f6fe141537f5142c5fe4717,0,2,2,1,linux,BFC
4638faac032756f7eab5524be7be56bee77e426b,1,0,0,1,linux,BFC
93c0210671d8f3ec2262da703fab93a1497158a8,0,0,2,1,linux,BFC
c5013ac1dd0e11267f81c855d50bd974fc8f88fe,1289,1260,20,3,linux,BIC
0e6e448bdcf896d001a289a6112a704542d51516,1,0,1,1,linux,BFC
7847628862a808ff3802df96f54e5eab3ff448b6,0,14,8,1,linux,BIC
7b9b1d449a7cef675d6926c4538edee8e601d823,1,0,1,1,linux,BFC
5ffa828534036348fa90fb3079ccc0972d202c4a,2,0,1,1,linux,BFC
dbb988b4e7eb924ffceaa2a7da6e794c868cb2f3,0,0,2,1,linux,BFC
07c7b6a52503ac13ae357a8b3ef3456590a64b65,3,1,13,1,linux,BFC
35e725e1b9d645cc412e06bbc204d63dddb1512b,0,1,1,1,linux,BFC
8878e46fcfd46b19964bd90e13b25dd94cbfc9be,0,2,0,1,linux,BFC
68566a7cf56bf3148797c218ed45a9de078ef47c,11,0,2,1,linux,BFC
b460edb6230ac2877b0d176b9122736fed6f3c6e,116,0,37,3,linux,BIC
3480593131e0b781287dae0139bf7ccee7cba7ff,115,266,382,7,linux,BIC
083f54a7c9c66496b9d9f3c50dfdca24e6aa7012,2,0,0,1,linux,BFC
4f61f133f354853bc394ec7d6028adb9b02dd701,10,8,1,1,linux,BFC
75b49620267c700f0a07fec7f27f69852db70e46,7,0,0,1,linux,BFC
a4dcfbc4ee2218abd567d81d795082d8d4afcdf6,3,0,2,1,linux,BFC
f6bfc46da6292b630ba389592123f0dd02066172,0,0,1,1,linux,BFC
6de3f79112cc26bf24edbb240248d21e1dd85dde,5,0,5,1,linux,BIC
aeaaa55c7368ea0e7c195baa35dea37b806efb11,0,0,8,1,linux,BFC
dc594ecd4185831031d3fef2853ee76908428107,0,0,2,1,linux,BFC
07c72d7d54d138eb2ca37709a5a3d55fbcc01536,0,20,1,1,linux,BFC
fbc1fdaa8338ec4ebd862d918a0ce3e12033e8a3,3,0,0,1,linux,BFC
092c3def24bb68a00ff58c76ed67b9ff448387ce,1,0,1,1,linux,BFC
766a2d9796327b9fe7581b51601c15dec5082885,322,0,0,1,linux,BIC
3b4d9eb2ee74dd5ea7fa36cffb0ca7f5bc4924da,1,1,0,1,linux,BFC
875347fe57563693b29cafe24fdee72f0faf6434,1480,0,0,3,linux,BIC
d3519cb89f6d5949481afa5de3ee0fc6a051e231,118,0,8,5,linux,BIC
11648b8339f840d4b1f4c54a1abec8025d9e077d,0,0,2,1,linux,BFC
a0d0fd70fed5cc4f1e2dd98b801be63b07b4d6ac,63,0,0,2,linux,BIC
7e2f18f06408ff56d7f75e68de8064777137b319,2,0,1,1,linux,BFC
718ad9693e3656120064b715fe931f43a6201e67,21,0,4,1,linux,BFC
4d6e6b0c6d4bed8a7128500701354e2dc6098fa3,0,0,7,4,linux,BFC
56b765b79e9a78dc7d3f8850ba5e5567205a3ecd,56,4,34,1,linux,BIC
4341067cfc20582195f47383cf059589b2641465,0,0,4,1,linux,BFC
ebd71e3a4861849054751779ff5ccd3fb29a1e0a,4,0,3,1,linux,BIC
014c4c77aad7660cc7c16cd23b0c3b114cf070d2,26,14,16,3,linux,BIC
c48a14dca2cb57527dde6b960adbe69953935f10,0,7,22,1,linux,BFC
6855ee839699bdabb4b16cf942557fd763bcb1fa,70,0,21,2,linux,BFC
69fd337a975c7e690dfe49d9cb4fe5ba1e6db44e,480,2,18,15,linux,BIC
4b674b9ac852937af1f8c62f730c325fb6eadcdb,13,0,1,2,linux,BFC
98bbf70c1c41fb9547c3a18c0f1b96f6ebb8eb1d,129,0,2,6,linux,BIC
9b8ae63798cb97e785a667ff27e43fa6220cb734,1,0,2,2,linux,BFC
5474ca7da6f34fa95e82edc747d5faa19cbdfb5c,2,0,0,1,linux,BFC
35016f10c0e5bbcd515416d3a01794d40f69fdc3,47,0,0,1,linux,BIC
6fff607e2f14bd7c63c06c464a6f93b8efbabe28,157,0,1,3,linux,BIC
594cced14ad3903166c8b091ff96adac7552f0b3,3,0,0,1,linux,BFC
af734a26a1a95a9fda51f2abb0c22a7efcafd5ca,2,0,0,2,linux,BIC
1f705bc61aee5fab2826bcf6de152a5d92378a85,87,0,0,4,linux,BIC
2bb90e5cc90e1d09f631aeab041a9cf913a5bbe5,2,0,0,1,linux,BFC
4483d59e29fea65ef428be92a866aed50e28c795,2,0,0,1,linux,BIC
cffaaf0c816238c45cd2d06913476c83eb50f682,0,0,1,1,linux,BFC
a007232066f6839d6f256bab21e825d968f1a163,0,0,1,1,linux,BFC
dbe986bdfd6dfe6ef24b833767fff4151e024357,1,0,0,1,linux,BFC
6606e6a2ff2710b473838b291dc533cd8fc1471f,3,4,11,2,linux,BFC
de7b75d82f70c5469675b99ad632983c50b6f7e7,1,0,1,1,linux,BFC
ca4c6a9858c23b4f330113f391f2eadc983e780f,22,1,10,2,linux,BIC
f6b4c11fc527b9ca98c219fb9a465a08278d4c2b,0,47,0,2,linux,BFC
500ff9f9389dcf4836e2f3b0cd355d16b7860e74,654,80,45,5,linux,BIC
073c662017f2f3ea693bb31e4f5d2332265f1de0,414,1,19,1,linux,BIC
bab632d69ee48a106e779b60cc01adfe80a72807,210,6,10,3,linux,BIC
f4f451a16dd1f478fdb966bcbb612c1e4ce6b962,6,0,10,3,linux,BFC
c34fae003c79570b6c930b425fea3f0b7b1e7056,7,0,1,1,linux,BFC
87e7597b5a3f99238d95d63c44c9f872a41b37ae,2,5,14,1,linux,BIC
45c9a603a4dfde06f53446ce1db218958442849b,0,0,2,1,linux,BFC
f204e0b8cedd7da1dfcfd05ed6b7692737e24029,4453,0,0,10,linux,BIC
6f8fe61ee583f1b75fef81d9c9434b7496a01881,0,0,1,1,linux,BFC
b79e05aaa166755fafbf02db275175edb5175df8,50,0,5,6,linux,BIC
b0a7043d5c2ccdd306959f295bf1a62be025cbf5,17,11,9,1,linux,BIC
d1eb86e59be09c12447fcb959783cbc70a9bec01,264,0,0,1,linux,BIC
54d7a47a008b89fce5a669528274194ca092634d,0,0,1,1,linux,BFC
b7dfa8895f64ffa371d0ed09c1d1ba8c6e19b956,2,0,2,2,linux,BFC
ba78c1c5461c2fc2f57b777e971b3a9ec0df5666,69,0,0,12,linux,BIC
be1283454b61a1f3b089f1a74b73e20532262e32,0,1,0,1,linux,BFC
94e259f81a714c96f381d362228fc4743db49742,26,5,0,1,linux,BFC
ce31b31c68e7e39f29b1257581fbd08ce3ca5589,20,0,0,2,linux,BIC
780feae7eb69388c8d8b661cda6706b0dc0f642b,1,0,5,1,linux,BFC
a6a0b05da9f37ff56faa6b8351ed6e0b55032460,322,3,6,6,linux,BIC
0bf750f4cbe1406d8819cbec2a3ff6beeb824617,904,0,0,2,linux,BIC
250dcd11466e06df64b92520e2c56bdae453581b,8,0,10,1,linux,BFC
3419348a97bcc256238101129d69b600ceb5cc70,0,0,1,1,linux,BFC
c76c6956566f974bac2470bd72fc22fb923e04a1,10,0,1,4,linux,BIC
bee1f753bfcb19660d8ad713b9dd3939630854b6,2,0,1,1,linux,BFC
aee9ddb1d3718d3ba05b50c51622d7792ae749c9,7,0,2,1,linux,BIC
c04cb856e20a8bf68762d60737b84328c1ab5900,1031,0,0,5,linux,BIC
127a7709495db52a41012deaebbb7afc231dad91,0,0,1,1,linux,BFC
75ec69c79ebcae0ad16baf2249e378f5b02bdc12,1,2,3,1,linux,BFC
65ee67084589c1783a74b4a4a5db38d7264ec8b5,32,7,0,2,linux,BFC
5640975003d0234da08559677e22ec25b9cb3267,91,0,0,3,linux,BIC
4ffe713b7587b14695c9bec26a000fc88ef54895,75,29,12,4,linux,BIC
ed7dc973bd91da234d93aff6d033a5206a6c9885,13,0,4,1,linux,BFC
3f2db250099f46988088800052cdf2332c7aba61,0,0,1,1,linux,BFC
1976b2b31462151403c9fc110204fcc2a77bdfd1,66,0,15,5,linux,BIC
de55c8b251974247edda38e952da8e8dd71683ec,3,0,2,1,linux,BFC
7d98386d55a5afaa65de77e1e9197edeb8a42079,1,0,4,1,linux,BFC
d703c7a994ee34b7fa89baf21631fca0aa9f17fc,0,2,0,1,linux,BFC
c1be0bf092bd292ee617622c116f5981a34cce96,161,1,1,5,linux,BIC
81178772b636a0effe65c98f85a50dc32427b436,161,17,17,7,linux,BIC
4ddf4739be6e375116c375f0a68bf3893ffcee21,0,0,1,1,linux,BFC
e20d136ec7d6f309989c447638365840d3424c8e,3,0,0,1,linux,BFC
bab2243ce1897865e31ea6d59b0478391f51812b,95,0,16,2,linux,BIC
1758bde2e4aa5ff188d53e7d9d388bbb7e12eebb,52,0,0,3,linux,BFC
81cb4203a5fec7d3f8cf4f145e8e7077b2dcbc78,0,0,1,1,linux,BFC
3fa72fe9c614717d22ae75b84d45f41da65c10fe,0,0,1,1,linux,BIC
46f5aa8806e34f2e48de852cc7db2c74c3a5cd8d,3,2,107,10,linux,BFC
1bd773c077deeeb2d9ced1fdb6d846169b8e7e4a,0,2,14,1,linux,BIC
5b7eb78486cd9ac58bfbd6d84ea0fe2d9fead03b,62,0,6,4,linux,BIC
49e74c8f9ae635a1c87fab06966da4c713cf9d63,0,0,2,1,linux,BFC
c9ed0a7077306f9d41d74fb006ab5dbada8349c5,9,0,28,3,linux,BFC
230d50d448acb6639991440913299e50cacf1daf,11,2,2,1,linux,BIC
41f04d852e359582518f950d12b2287766613022,7,1,12,1,linux,BIC
3922285d96e79231817227439c214728edfbe406,98,0,21,3,linux,BIC
111b64e35ea03d58c882832744f571a88bb2e2e2,6,0,0,1,linux,BFC
c440eee1a7a1d0f2d5fc2ee6049e4a05da540f01,0,444,143,27,linux,BIC
3895534dd78f0fd4d3f9e05ee52b9cdd444a743e,0,0,2,1,linux,BFC
c211092313b90f898dec61f35207fc282d1eadc3,1585,0,0,2,linux,BIC
67810693077afc1ebf9e1646af300436cb8103c2,15,0,2,1,linux,BFC
a6441ea29cb2c9314654e093a1cd8020b9b851c8,0,0,1,1,linux,BFC
42e99bd975fdd24d2bf1a24ebb8b0b42bab8ba65,5,0,11,1,linux,BIC
1ce6a9fc154935d9db771173ecde03fa9b42df4a,16,0,13,1,linux,BIC
d74c4b5667425c35d74906795a08e02e29df5b46,3,0,0,1,linux,BFC
4208c398aae4c2290864ba15c3dab7111f32bec1,0,0,1,1,linux,BFC
8ae291cc95e49011b736b641b0cfad502b7a1526,20,11,52,1,linux,BFC
b515d2637276a3810d6595e10ab02c13bfd0b63a,11,0,4,4,linux,BFC
bec67592521ec816371f5f072b1a340e1c2ad434,123,37,73,3,linux,BIC
480d42dc001bbfe953825a92073012fcd5a99161,3,0,0,1,linux,BFC
6eb158ec0a45dbfd98bc6971c461b7d4d5bf61b3,4,0,3,1,linux,BFC
f18bc4e53ad60d31321f7a35a714ebadc7135acf,0,7,24,1,linux,BIC
cd68c48ea15c85f1577a442dc4c285e112ff1b37,0,1,3,1,linux,BFC
eb5773201b1c5d603424bd21f161c8c2d1075b42,0,0,1,1,linux,BFC
406493a52f48a20b36b34701d541081cae00b900,0,3,1,1,linux,BFC
4d4fd36126d66d6091ca5aaabab262b5da3849c5,100,0,0,4,linux,BIC
2c95b92ecd92e784785b1db8cccc4f0f2bfa850c,53,209,3,3,linux,BIC
98b7b0ca0828907dbb706387c11356a45463e2ea,6,0,5,1,linux,BFC
fb26eee0600dbd6b2eb20356b7d425cb71413ea2,0,2,2,1,linux,BFC
e9f5d63f84febb7e9dfe4e0dc696adf88053fbf2,0,0,10,1,linux,BIC
fefad2d54beb8aad6bf4ac6daeb74f86f52565de,18,1,4,3,linux,BFC
5b6c1b4d46b0dae4edea636a776d09f2064f4cd7,0,0,2,1,linux,BFC
b74d921b900b6ce38c6247c0a1c86be9f3746493,57,2,23,6,linux,BFC
4c7b70406e5aadc1c78db4d375d5744df65c5b58,0,5,1,1,linux,BFC
b22a4705e2e60f342b1b851c9ebdb3ea02f21f8f,0,0,1,1,linux,BFC
656e5f6549031d31a7c42f9abbbf7c22dfa9348c,31,0,0,2,linux,BIC
ea9aadc06a9f10ad20a90edc0a484f1147d88a7a,24,15,3,3,linux,BFC
c99b9b2301492b665b6e51ba6c06ec362eddcd10,1,0,1,1,linux,BIC
7086605a6ab57a5a37eb613cfe214fc62d2bb87b,2,0,6,2,linux,BIC
81091d7696ae71627ff80bbf2c6b0986d2c1cce3,183,10,27,4,linux,BIC
df88005bd81b80c944d185554e264a4b0f993c37,3,0,1,1,linux,BFC
0f206514749be9988a083ca364b889a7fcff7f78,124,0,0,3,linux,BIC
55eff0eb7460c3d50716ed9eccf22257b046ca92,0,0,2,1,linux,BFC
6007ccb57744fdd393385b135e7b7cea9bd4bd6b,233,0,0,1,linux,BIC
8208d1708b88b412ca97f50a6d951242c88cbbac,1,0,12,1,linux,BIC
8fd456ec0cf03875908d6b67c1cd20cf0a7b4474,22,0,0,1,linux,BIC
b4909252da9be56fe1e0a23c2c1908c5630525fa,0,0,1,1,linux,BFC
61cbfff4b1a7c15a7e403473ca5a290fd13d5656,19,2,0,2,linux,BIC
10ef8277ec658bf6619da9b3fd65c2db7353c2a4,6,0,0,1,linux,BFC
b9c16a0e1f733c97e48798b2a9362c485bb3b731,0,24,11,3,linux,BFC
6191706246de99ff2fac4b6f157f20205a0943cd,73,0,2,2,linux,BIC
601423bc0c06467d019cf2a446962a5bf1b5e330,0,0,1,1,linux,BFC
6eaeedc1aa27a423bd89043705eca39215015bb3,2,0,4,1,linux,BFC
35594bc7cecf3a78504b590e350570e8f4d7779e,14,0,1,1,linux,BFC
6f0841a8197b20d01de9d41cb1eeed09b7b31f9b,270,0,0,1,linux,BIC
c08cfb2d8d78bfe81b37cc6ba84f0875bddd0d5c,1,0,1,1,linux,BFC
68583165f962793a6fe7d11f54713045f43fc8bb,41,8,2,2,linux,BIC
572299f03afd676dd4e20669cdaf5ed0fe1379d4,7,0,1,1,linux,BFC
91c98fe7941499e4127cdc359c30841b873dd43a,11,0,0,1,linux,BFC
c95cc0d95702523f8f361b802c9b7d4eeae07f5d,16,20,23,1,linux,BIC
4b836a1426cb0f1ef2a6e211d7e553221594f8fc,13,0,1,1,linux,BFC
7fb832ae72949c883da52d6316ff08f03c75d300,0,1,0,1,linux,BFC
0456ea170cd665ddbb9503be92e39f96055dd5fa,1,14,4,3,linux,BIC
1ac4329a1cff2e0bb12b71c13ad53a0e05bc87a6,137,3,2,4,linux,BIC
6e1b29c3094688b6803fa1f9d5da676a7d0fbff9,35,39,23,2,linux,BFC
7d611233b01613c866259d6e6f44c67f7f7eb2a3,11,0,1,1,linux,BFC
ffd08731b2d632459428612431060cf902324a8d,1,0,0,1,linux,BFC
26eb2607fa281d98eed28c8c3949f6786695bf7a,120,8,18,3,linux,BIC
4f0400803818f2642f066d3eacaf013f23554cc7,0,0,2,1,linux,BFC
f161ead70fa6a62e432dff6e9dab8e3cfbeabea6,9,0,0,1,linux,BFC
08df0d9a00f7ca07511614dd3b137fadd2de56fc,0,3,4,2,linux,BIC
b9c6f782150c9992308f4474f920586eaaca4cf1,0,0,2,1,linux,BFC
cfbe3650dd3ef2ea9a4420ca89d9a4df98af3fb6,12,0,0,1,linux,BFC
582ec0829b3dd74d8c0f58403a3f9df8cbaa9c7d,1,0,3,1,linux,BIC
b21555786f18cd77f2311ad89074533109ae3ffa,51,1,13,1,linux,BFC
ce814ad4bb52bfc7c0472e6da0aa742ab88f4361,1,2,0,1,linux,BFC
740797ce3a124b7dd22b7fb832d87bc8fba1cf6f,1,0,1,1,linux,BFC
930914b7d528fc6b0249bffc00564100bcf6ef75,129,0,0,4,linux,BIC
40275dc4edb49d7ed543eb847f618dc12e5a024c,29,0,0,2,linux,BIC
bef11c881ba52a6481b64f9a84cca75c3bf9d325,37,0,9,1,linux,BIC
3434f37835804331dd505722cd0010d708305837,860,0,0,1,linux,BIC
11493f26856a6098de6fe2d93e9eefebca3e31d6,3,0,3,1,linux,BFC
0c40ce130e38aeb9ddcee3ddcffbe5a79f27c080,27,0,0,1,linux,BIC
985c73693fe5a0750d90d2a5d2d15a3019e37047,35,78,32,5,linux,BIC
a02875c4cbd6f3d2f33d70cc158a19ef02d4b84f,4,0,0,1,linux,BFC
f7782bb8d818d8f47c26b22079db10599922787a,0,1,3,1,linux,BFC
af3be70a32113787da9f15e4ce8a357ae6caa293,1,0,2,1,linux,BIC
1c8242c3a4b2c1fc36c72c5f479058629f772b65,14,1,54,1,linux,BIC
f6ac8585897684374a19863fff21186a05805286,44,42,41,7,linux,BIC
025cb07bebfaf9e3703f902cce92b4656129a62b,151,0,0,3,linux,BIC
ca7f33c6b4a9b9893a5ba3aac57e7255510a4aac,0,0,4,1,linux,BFC
e76785d092ab8356d24996754f0ff1917021fcb6,3,0,1,1,linux,BFC
39688ce6facd63de796def41a0b9012882b5cc14,9,0,3,1,linux,BIC
c89105c9b39037bbf2aca0614e39afe176e867c5,0,0,8,13,linux,BIC
bd10b0dafdcf0ec1677cad70101e1f97b9e28f2e,0,0,1,1,linux,BFC
74712339a4fc0f4ddc710e6bca836a6b78b7d8de,5,0,0,1,linux,BFC
1204aa17f3b4f63e67ac9b7c9afa9496485969c5,1,0,0,1,linux,BIC
2b8bd606b1e60ca28c765f69c1eedd7d2a2e9dca,9,0,2,1,linux,BIC
f9ac779f881c2ec3d1cdcd7fa9d4f9442bf60e80,10,0,0,2,linux,BIC
7e1b9521f5a8356553f5e58b07952bf346632ea4,5,0,0,1,linux,BFC
4dea170f4fb225984b4f2f1cf0a41d485177b905,4,0,1,2,linux,BIC
7cd49f7576b0c61d6c4a2114cda08cc4d5ce0028,4,0,0,1,linux,BFC
06dc75ab06943fcc126a951a0680980ad5cb75c6,0,33,2,2,linux,BIC
c360867ec46a4ec5cb19e5c329d65dff522cc69d,2,0,0,1,linux,BFC
6996312642d2dad3070c3d276c7621f35e721f30,6,2,2,1,linux,BFC
0af413bd3e2de73bcf0742ed556be4af83c71964,2,3,6,1,linux,BFC
b791da238992436f6269e8743b3bc23305702674,0,0,3,1,linux,BFC
bfbfb6182ad1d7d184b16f25165faad879147f79,4,0,4,1,linux,BFC
11cb2419fafe67f5ab965e2958475bce43c1529a,144,13,24,2,linux,BIC
c620b772152b8274031083bdb2e11c963e596c5c,156,42,220,7,linux,BIC
5b4258f6721f41b092c63f6ee71be76e9616718b,139,0,6,5,linux,BIC
ef6a7bcfb01c9c8df172ad06fb547216ca788711,67,0,6,1,linux,BIC
3ae8f4e0b98b640aadf410c21185ccb6b5b02351,156,0,4,1,linux,BIC
c59eb3cfde1faed960fe6de5040c4bd4310fb1cd,5,0,2,1,linux,BIC
ea315c55074e1a50df391b9ddba92260216b0e98,4,0,0,1,linux,BFC
c599eb4ff6e0f9c525695faab7149d8d48743b1c,1,0,3,1,linux,BFC
35e07d23473972b8876f98bcfc631ebcf779e870,27,16,27,1,linux,BIC
dd3ab126379ec040b3edab8559f9c72de6ef9d29,1,1,6,1,linux,BFC
d1d81d4c3dd886d5fa25a2c4fa1e39cb89613712,3,0,2,1,linux,BIC
f43128c75202f29ee71aa83e6c320a911137c189,0,0,1,1,linux,BFC
2589726d12a1b12eaaa93c7f1ea64287e383c7a5,168,0,13,2,linux,BIC
5adaccac46ea79008d7b75f47913f1a00f91d0ce,1,0,0,1,linux,BFC
da2d072a9ea75dd5babebcfd71144fb5b3aa9913,280,0,0,3,linux,BIC
bc0294696456365f1e80fa8a0a6e13d076316b30,1,0,1,1,linux,BIC
dfed0098ab91f647b5720ab6f1e03b5b55139408,238,0,0,2,linux,BIC
6df1db6b542436c6d429caa66e1045862fa36155,0,19,7,1,linux,BIC
76a832254ab05502c9394cc51ded6f0abe0e0bee,9,16,4,1,linux,BIC
f72300c56c3bedac5fdb22cdc90f6633dc858c84,13,0,5,2,linux,BIC
550f96432e6f6770efdaee0e65239d61431062a1,2,0,1,1,linux,BFC
b3d3fa51990599732571bf1a6b1509f7ee887865,5,0,29,4,linux,BIC
fcee216beb9c15c3e1466bb76575358415687c55,198,30,328,11,linux,BIC
03fca66b7a36b52da8915341eee388267f6d5b73,2,6,4,1,linux,BFC
33a24de37e814572491bcb35f42c0de74ad67586,33,0,18,1,linux,BIC
1e583aef12aa74afd37c1418255cc4b74e023236,0,0,3,3,linux,BFC
07646d9c0938d40b943c592dd1c6435ab24c4e2f,32,0,0,1,linux,BIC
42240901f7c438636715b9cb6ed93f4441ffc091,39,0,18,5,linux,BIC
eed542d6962ba33a689b4007a389f466e407bd74,2,39,24,6,linux,BIC
7784cac697351f0cc0a4bb619594c0c99348c5aa,77,36,6,1,linux,BIC
15a416e8aaa758b5534f64a3972dae05275bc225,49,26,3,3,linux,BIC
f5ecec3ce21f706e9e7a330b2e8e5a2941927b46,6,0,0,1,linux,BIC
315e3bd7ac19b18ba704d96cbb9b79bad485c01f,4,0,0,2,linux,BIC
764aaf44cd64dd1f760268ee0b22d2dc53cd5bc0,27,27,0,1,linux,BFC
b86c86aa9805b25ee70071d084e618b2c40641b5,1,0,0,1,linux,BFC
4051f5ebb11c6ef4b0d3eac2fbbd187c070656c5,0,0,1,1,linux,BFC
c21c839b8448dd4b1e37ffc1bde928f57d34c0db,33,0,15,6,linux,BIC
c710d0bb76ff0795d8b6c1cda1e01e6e1e661a4a,5,0,15,1,linux,BIC
a421d8a99216d46926609611cdcf260fdf900645,299,0,1,1,linux,BIC
3d5fdba1842bdd2eef29364c660558cb4cbb3fe0,0,0,2,1,linux,BFC
0224b2758fb0d8a09c1a034afa6f03f27a8c7cc7,0,0,1,1,linux,BFC
a1041c27b64ce744632147e19701c95fed14fab1,6,0,0,1,linux,BFC
698d0831ba87b92ae10b15e8203cfd59f5a59a35,4,0,3,1,linux,BFC
2b9f28d5e8efad34f472542315911c5ee9a65b6c,1,0,3,2,linux,BFC
0c8e32fe48f549eef27c8c6b0a63530f83c3a643,1,0,1,1,linux,BFC
e5ef784b1e1736ae1e90872217b95f4529dfa422,56,28,31,9,linux,BIC
c0605cd6750f2db9890c43a91ea4d77be8fb4908,0,0,1,1,linux,BFC
7800fb69ddf3a13d2055009c87eacf7f46f907c8,0,8,3,1,linux,BFC
4c8702b3cd43322ca97fdc7f647e273a7388a0c6,0,0,1,1,linux,BFC
0c8ff62504e3a667387e87889a259632c3199a86,1,0,0,1,linux,BFC
6237634d8fcc65c9e3348382910e7cdb15084c68,6,0,0,1,linux,BFC
dfcbc2f2994b8a3af3605a26dc29c07ad7378bf4,1,0,0,1,linux,BFC
d6e646ad7cfa7034d280459b2b2546288f247144,2,2,0,1,linux,BFC
858e284f0ec18bff2620d9a6afe764dc683f8ba1,0,0,1,1,linux,BFC
d89f6048bdcb6a56abb396c584747d5eeae650db,17,0,0,1,linux,BIC
c7fb19428d67dd0a2a78a4f237af01d39c78dc5a,246,0,12,2,linux,BIC
1cbd7a64959d33e7a2a1fa2bf36a62b350a9fcbd,2,0,3,1,linux,BFC
301b1d3a9104f4f3a8ab4171cf88d0f55d632b41,4,0,2,1,linux,BFC
0788aa6a23cb9d693fc5040ec774b979f1e906cd,17,0,11,4,linux,BIC
51fb91ed5a6fa855a74731610cd5435d83d6e17f,5,0,1,1,linux,BIC
cae761b5a6bdc597ba476a040fdcd5b4bc559b85,8,0,0,1,linux,BIC
8954e1eb2270fa2effffd031b4839253952c76f2,19,0,0,2,linux,BIC
d4b6f1562a3c3284adcef81d6e4f183d7d34b8a9,805,13,16,15,linux,BIC
1a8024239dacf53fcf39c0f07fbf2712af22864f,0,0,1,1,linux,BFC
403d50341cce6b5481a92eb481e6df60b1f49b55,2,0,3,1,linux,BFC
b6f3409b2197e8fcedb43e6600e37b7cfbe0715b,5,0,1,1,linux,BIC
d9e9a6418065bb376e5de8d93ce346939b9a37a6,15,0,3,3,linux,BIC
6931007cc90ba94b3c2b29179d0a7cde194dabe8,4,1,2,1,linux,BIC
54526d1fd59338fd6a381dbd806b7ccbae3aa4aa,109,1,0,8,linux,BIC
636752bcb5177a301d0266270661581de8624828,91,0,4,1,linux,BIC
1f700757224effe598690b34e95329aff4e3e362,0,0,3,2,linux,BFC
6e1d849fa3296526e64b75fa227b6377cd0fd3da,0,0,1,1,linux,BFC
3675f052b43ba51b99b85b073c7070e083f3e6fb,1,0,1,1,linux,BFC
73052b0daee0b750b39af18460dfec683e4f5887,1,0,0,1,linux,BFC
a4c2fd7f78915a0d7c5275e7612e7793157a01f2,2,10,15,8,linux,BIC
40d8abf364bcab23bc715a9221a3c8623956257b,5,0,0,1,linux,BFC
a1292595e006075792d6961fcb7de5e862a77aa8,898,0,0,2,linux,BIC
4585fc59c0e813188d6a4c5de1f6976fce461fc2,5,7,10,1,linux,BFC
2f4fe4cab073c60c1a70cb540662c0a91d133946,35,0,0,1,linux,BIC
6b4cd727eaf15ed225b9a3a96ec1d64761ee728a,899,0,0,1,linux,BIC
bf70a77577361c334367a2a2add9d92b716a2481,10,0,1,1,linux,BIC
824d17c57b0abbcb9128fb3f7327fae14761914b,5,4,0,1,linux,BFC
2fe1d55134fce05c17ea118a2e37a4af771887bc,50,1,26,3,linux,BFC
8348db2984962119f29516cfafb775067238c580,216,4,29,5,linux,BIC
bd80d8a80e12895e56a1bb7862b2379942e46167,37,129,89,6,linux,BIC
133dc203d77dff617d9c4673973ef3859be2c476,53,0,0,2,linux,BIC
a4166340a6e4d501c9e3aee81c20a269726ecde0,18,0,1,1,linux,BFC
a31500fe7055451ed9043c8fff938dfa6f70ee37,0,4,8,1,linux,BFC
cb579086536f6564f5846f89808ec394ef8b8621,0,0,1,1,linux,BFC
40e2c4e5a7efcd50983aacbddd3c617e776018bf,2,0,0,1,linux,BFC
cecbc0c7eba7983965cac94f88d2db00b913253b,15,0,2,4,linux,BFC
05f0e38724e8449184acd8fbf0473ee5a07adc6c,13,0,2,1,linux,BIC
5c2f117a22e46a4afee6ddee29b653a7a2a6b41f,4,0,2,1,linux,BFC
bca1c43cb2dbe4212aea0793bfd91aeb4c2d184d,0,1,1,1,linux,BFC
604774add516c6847745cb381d46907e229ab0bf,92,1,1,4,linux,BIC
81c1681cbb9f462eea5282942ea12faf40eaeef3,6,0,0,1,linux,BIC
6449520391dfc3d2cef134f11a91251a054ff7d0,4,2,0,1,linux,BIC
920a9fa27e7805499cfe78491b36fed2322c02ec,22,0,11,3,linux,BFC
c8e2d921aa968bacc869a0e07baac2ff66a5d6c6,1,0,0,1,linux,BFC
7457c0da024b181a9143988d740001f9bc98698d,73,0,4,1,linux,BIC
27a2145d6f826d1fad9de06ac541b1016ced3427,0,0,1,1,linux,BFC
334bb8972a131e604a741e9b284d8867190c723e,2,0,0,1,linux,BFC
57949d033a09c57d77be218b5bec07af6878ab32,6,0,1,1,linux,BFC
a5ae50dea9111db63d30d700766dd5509602f7ad,1,1,4,1,linux,BFC
01de5fcd8b1ac0ca28d2bb0921226a54fdd62684,0,0,2,1,linux,BFC
9765d2d9430971ca89b09af076e7a8ff250df473,447,0,0,1,linux,BIC
c16d4ee0e397163fe7ceac281eaa952e63fadec7,11,6,1,1,linux,BIC
9f9cd7ee2c05881f151e5ee4889e667a031dd8d9,5,0,6,3,linux,BFC
00496fe5e09e8c8bb115540e7e3470553cd07a5c,0,0,1,1,linux,BFC
bdc8cda1d010887c06bd8c29564b74cd61ec0a7b,1796,0,0,3,linux,BIC
c8b502422bfe04422261cb2861977a5cd31cc1da,7,14,27,4,linux,BIC
fde98ae91f79cab4e020f40c35ed23cbdc59661c,1,2,4,1,linux,BFC
644022b1de9efc901494b8931c78700d49d35d3d,7,0,3,1,linux,BFC
77271ce4b2c0df0a76ad1cbb6a95b07e1f88c1ea,29,0,6,3,linux,BIC
d80210f25ff0050245556bb8ce84d280d8fa4ca7,57,0,1,4,linux,BIC
4fde46f0cc71c7aba299ee6dfb4f017fb97b6e70,61,0,0,1,linux,BIC
5ddffa1b62843ffacc1c5cda1cfb72a225ae400a,0,1,0,1,linux,BFC
58319057b7847667f0c9585b9de0e8932b0fdb08,102,0,11,6,linux,BIC
5400261e4d293d741c5b71a07f6eaabe2c8d3f1b,2,1,7,1,linux,BFC
266d0493900ac5d6a21cdbe6b1624ed2da94d47a,0,0,2,1,linux,BFC
704adfb5a9978462cd861f170201ae2b5e3d3a80,2,2,1,1,linux,BFC
f283862f3b5cb1f3dde37b9d21007b299c083e66,74,44,18,1,linux,BIC
8ab16c43ea79098f4126432c6b199a5d6ba24b6d,2,0,7,1,linux,BIC
5c1426df9bb4363ed06bfbb35aaa7cf6076e9953,2,0,1,1,linux,BFC
965386c97616c401b34cba4e9e3bfc9c6b215359,3,1,3,2,linux,BIC
d3566abb1a1e7772116e4d50fb6a58d19c9802e5,4,0,0,1,linux,BFC
ab3300deff6a81cc10887437383fc8a63884c3f9,0,0,2,1,linux,BFC
597911287fcd13c3a4b4aa3e0a52b33d431e0a8e,0,0,2,1,linux,BFC
61fb2482216679b9e1e797440c148bb143a5040a,27,39,44,1,linux,BIC
df10db98ab546e899b79d1b2b8a00a86fe8bb29d,7,7,0,1,linux,BFC
6eb3b8acfd079104571c207d4524743b6acc6550,0,0,1,1,linux,BFC
43c0c03961d0b19bd225a336897606b46e0021a6,0,0,1,1,linux,BFC
12b8d9ca7e678abc48195294494f1815b555d658,2,0,1,2,linux,BFC
e804861bd4e69cc5fe1053eedcb024982dde8e48,18,1,1,1,linux,BIC
30de14b1884ba609fc1acfba5b40309e3a6ccefe,0,6,3,3,linux,BIC
5c70e97142542c4d22e8892568c035bc95049258,0,0,1,1,linux,BFC
1a5c0b28fc56044737f988960f3bc5fdcdba0827,33,0,2,1,linux,BIC
11e0e167d071a28288a7a0a211d48c571d19b56f,2,0,0,1,linux,BFC
18e19f195cd888f65643a77a0c6aee8f5be6439a,0,0,1,1,linux,BFC
81171e7d31a63e0e7f5c83701f097695e60a12db,9,0,4,1,linux,BIC
19162fd4063a3211843b997a454b505edb81d5ce,10,4,1,1,linux,BIC
d173d5417fb67411e623d394aab986d847e47dad,13,0,0,1,linux,BIC
0efc94c5d15c3da0a69543d86ad2180f39256ed6,18,45,0,1,linux,BIC
cda7ea6903502af34015000e16be290a79f07638,9,0,2,1,linux,BIC
d2c21422323b06938b3c070361dc544f047489d7,2,1,5,1,linux,BFC
79e1ca37cc0c056f224cc1dd4a301b9dc2f94167,0,0,1,1,linux,BFC
b06eb0173ef1d9366d14b4ca3e8e38dc72b03e8b,195,0,0,1,linux,BIC
adc589d2a20808fb99d46a78175cd023f2040338,229,117,29,8,linux,BFC
6039892396d845b18228935561960441900cffca,4,0,1,1,linux,BFC
cc3cec8367cba76a8ae4c271eba8450f3efc1ba3,97,2,20,1,linux,BIC
2be8ffed093b91536d52b5cd2c99b52f605c9ba6,13,22,18,3,linux,BFC
8065a779f17e94536a1c4dcee4f9d88011672f97,17,0,4,3,linux,BFC
7d0ed30433aa88c94411b6c078a7985a6e7c889f,0,0,1,1,linux,BFC
c864e9abafca5a5d0e1c1b35d85451b3381c9936,1,2,0,1,linux,BFC
ad9ffdce453934cdc22fac0a0268119bd630260f,10,0,1,1,linux,BIC
0ecb51824e838372e01330752503ddf9c0430ef7,0,1,2,1,linux,BFC
e688b7252f784c2479d559f9f70ca8354752c5e7,51,0,8,3,linux,BIC
ec125cfb7ae2157af3dd45dd8abe823e3e233eec,1,1,1,1,linux,BFC
ae596de1a0c8c2c924dc99d23c026259372ab234,8,8,0,2,linux,BFC
4836193c435c95443fdebb6b9d4a58032999dbb3,282,0,0,1,linux,BIC
256c87c17c53e60882a43dcf3e98f3bf859eaf6f,16,0,7,7,linux,BIC
47beed513a85b3561e74cbb4dd7af848716fa4e0,41,0,2,1,linux,BIC
12822570a29bdc12c69fca2c021753cb5ce319c5,9,0,2,3,linux,BIC
7dd5c56531eb03696acdb17774721de5ef481c0b,0,8,6,2,linux,BFC
ade50296186a1c45311d05a06117a2bd112d37fd,69,0,0,1,linux,BIC
87693645ae89d9f9779e0bc53606bf228ec36411,1,0,1,1,linux,BFC
c1cee4ab36acef271be9101590756ed0c0c374d9,8,0,0,1,linux,BFC
e879f855e590b40fe3c79f2fbd8f65ca3c724120,1,0,0,1,linux,BFC
141731d15d6eb2fd9aaefbf9b935ce86ae243074,0,0,4,2,linux,BFC
3af1dfdd51e0669721510dadd6c1d3ebe78e5868,0,0,1,2,linux,BIC
89b171acb222dc5283c66a1e99f2ac835eab0a3c,1,0,1,1,linux,BFC
154afa5c31cd2de5e6c2c4f35eee390993ee345a,43,0,0,1,linux,BIC
831a0aafe5c39405150d47994fe0a5bcd78fbadc,109,0,20,1,linux,BIC
536d3bf261a2fc3b05b3e91e7eef7383443015cf,2,2,0,1,linux,BIC
9fe757b0cfcee0724027a675c533077287a21b96,516,0,0,2,linux,BIC
dfa8070d7f641e1fb1b5e5fe643faddfa4869e07,50,1,0,1,linux,BIC
7b6061627eb82721f224eb8f971b0c50cf585886,0,2,3,2,linux,BIC
26450608348e91a782691dbfcc836478f4381071,0,13,15,1,linux,BFC
bbf62645255f120bc2e7488c237e3f04da42ec70,2,0,3,1,linux,BFC
f8319dfd1b3b3be6c08795017fc30f880f8bc861,2,0,0,2,linux,BIC
a1b3695820aa490e58915d720a1438069813008b,1360,0,0,2,linux,BIC
0a593fbbc245a85940ed34caa3aa1e4cb060c54b,104,0,4,2,linux,BIC
13369816cb648f897ce9cbf57e55eeb742ce4eb3,6,0,1,3,linux,BFC
7edfd85b1ffd36593011dec96ab395912a340418,212,83,52,1,linux,BIC
6690986da1e21f3bebe1aaa54a70c636f40343b5,0,27,0,16,linux,BFC
d3543b4d1b48afd931ed4afb6f861e6122657b6f,0,1,1,1,linux,BFC
93faccbbfa958a9668d3ab4e30f38dd205cee8d8,28,3,19,13,linux,BIC
c475e11e82d16133304321bae285c5c1d4cfc856,3,0,0,1,linux,BFC
60877a32bce00041528576e6b8df5abe9251fa73,12,0,7,1,linux,BIC
e06cd3dd7cea50e87663a88acdfdb7ac1c53a5ca,56,4,11,1,linux,BIC
a2928d28643e3c064ff41397281d20c445525032,1,40,32,1,linux,BIC
bc43ed4f35abfdb1d52311110d49b545fccce975,2,0,0,1,linux,BFC
e9eaa8052fe71b95f4fea6072fa3e0b2cf0b620f,3,0,0,1,linux,BFC
dd7e8d903e1eef5a9234a2d69663dcbfeab79571,0,0,1,1,linux,BFC
9749a5b6c09f1ad1a791ba702e5b1a4c57a50a6e,2,1,2,2,linux,BIC
dcd79364bff36ce1341a59be8142ded5b7da7d19,5,0,5,1,linux,BIC
52a82e23b9f2a9e1d429c5207f8575784290d008,3,0,0,1,linux,BIC
acb2505d0119033a80c85ac8d02dccae41271667,0,13,11,1,linux,BIC
b702c83e2eaa2fa2d72e957c55c0321535cc8b9f,0,0,2,1,linux,BFC
c1e150ceb61e4a585bad156da15c33bfe89f5858,3,0,0,1,linux,BFC
5fa4accf5efad012731bf36222815d7df8c17ba6,8,9,0,1,linux,BFC
e6c617102c7e4ac1398cb0b98ff1f0727755b520,15,0,0,1,linux,BFC
a07a63b0e24dd1316d11427601a9f83dc955bb40,25,10,3,1,linux,BIC
5f0754ab2751d1935818459e8e71a8fe26f6403c,0,0,1,1,linux,BFC
91a024e80336528d12b67b5a2e636b9e4467d3ec,2,0,3,1,linux,BFC
8a7365c2d41898f2376efa929aadf2723dc281b0,109,0,12,4,linux,BIC
befde0226a595d1a7854c0cbf32904b8279c4fd0,89,0,3,1,linux,BIC
860c707dca155a56dfa115ddd6c00959296144a6,13,6,7,3,linux,BIC
012206a822a8b6ac09125bfaa210a95b9eb8f1c1,0,4,0,1,linux,BFC
8d1cfb884e881efd69a3be4ef10772c71cb22216,0,0,1,1,linux,BFC
36a0f92020dc8794d3aa69b7fb4c5d2bf99b0099,0,2,15,1,linux,BIC
6bd6d8672208e8dc0c18588d6eb4588a195fd788,2,0,0,2,linux,BFC
ad10c381d133d9f786564bff4b223be1372f6c2a,6,0,0,1,linux,BFC
d2b9f12b0f7cf95c43f5fd4a18688d958d39e423,8,9,6,1,linux,BFC
22d0d5ae7a089967e9295a06694aa3e8a812b15e,0,0,1,1,linux,BFC
57ebd808a97d7c5b1e1afb937c2db22beba3c1f8,13,0,1,3,linux,BFC
1cd51b5d200dec292577a4656803d8aeff54ad51,4,13,6,4,linux,BIC
86126b77dcd551ce223e7293bb55854e3df05646,2,0,4,1,linux,BFC
b7898fda5bc7e786e76ce24fbd2ec993b08ec518,178,0,5,3,linux,BIC
cf3b4fb655796674e605268bd4bfb47a47c8bce6,3,5,4,4,linux,BFC
ba61cf167cb77e54c1ec5adb7aa49a22ab3c9b28,15,0,4,1,linux,BFC
109e505ad944dc207aaa9ee134b0994be09d291d,55,22,3,5,linux,BIC
d7085b0faac8330b67e1b10ff2dadd8af6b2564e,45,0,0,1,linux,BIC
41cbb0f5a29592874355e4159489eb08337cd50e,680,10,35,13,linux,BIC
e966eaeeb623f09975ef362c2866fae6f86844f9,0,763,35,4,linux,BIC
f6970f83ef79503cb24ca8324e5cfa1188674f85,19,4,23,1,linux,BIC
7ca3027b726be681c8e6292b5a81ebcde7581710,4,0,10,1,linux,BFC
879785def0f5e71d54399de0f8a5cb399db14171,6,0,7,2,linux,BFC
ba0fbdb95da5ddd8db457ce6ba09d16dd979a294,1,0,2,1,linux,BFC
154b7a489a5b1d808323b933b04864958c2f1056,128,0,74,1,linux,BIC
7222c832254a75dcd67d683df75753d4a4e125bb,1,0,2,1,linux,BFC
7bee31ad8e2f6c276f36993346ac70f4d4c80e45,7,0,0,1,linux,BFC
c7f87f3984cfa1e6d32806a715f35c5947ad9c09,2,2,4,2,linux,BFC
de0a3d094de0858f091cf353c437e912ca41a506,26,8,15,3,linux,BIC
8764c4ca5049d3ae7984a528a428a3f6881a2216,0,2,1,1,linux,BIC
6f991850412963381017cfb0d691cbd4d6a551dc,13,13,0,1,linux,BFC
9d773f103b8953614e4ac28d3974719695580dcf,0,4,6,1,linux,BIC
3b89624ab54b9dc2d92fc08ce2670e5f19ad8ec8,0,0,2,1,linux,BFC
10f2bfb092e3b49000526c02cfe8b2abbbdbb752,0,0,2,1,linux,BFC
be62a32044061cb4a3b70a10598e093f1319102e,24,0,0,3,linux,BIC
d9c728949ddc9de5734bf3b12ea906ca8a77f2a0,24,14,1,1,linux,BIC
47912eaa061a6a81e4aa790591a1874c650733c0,6,0,0,1,linux,BFC
2c991e408df6a407476dbc453d725e1e975479e7,2,0,3,1,linux,BFC
1e1d9d6f119c55c05e8ea78ed3e49046690abffd,74,0,8,3,linux,BIC
664b7c4728821767e0228ee161bab87db2be58f1,0,27,7,2,linux,BFC
dc7b3eb900aab02e5cafbca3948d005be13fb4a5,35,0,0,1,linux,BIC
e971ceb803e147e47c15cbb7c5b84327c6453786,0,0,2,1,linux,BFC
c43aeb198048f64abda8655fdcdebe71cf1877ba,0,0,4,1,linux,BFC
415b6f19e87e350b13585591859d4fdf50772229,2,0,7,1,linux,BFC
2191c00855b03aa59c20e698be713d952d51fc18,1,0,5,1,linux,BIC
cd35ef91490ad8049dd180bb060aff7ee192eda9,0,1,3,1,linux,BFC
3be6bd690da0dafa55eb65279fb25297fcfe19d5,4,0,0,1,linux,BFC
8d460f6156cd55d981d109f01b82cbea8cf80e57,28,0,0,2,linux,BIC
a63fbed776c7124ce9f606234267c3c095b2680e,65,17,13,2,linux,BIC
6f24bb8a157c4af314ea61b29f532e8b4b11b28e,63,91,9,2,linux,BIC
218848835699879ed6260ec49bbb22e9e7839017,0,0,23,2,linux,BFC
71ae0dff02d756e4d2ca710b79f2ff5390029a5f,116,1,13,4,linux,BIC
091a4f91942a4396c67e5747f5cb38c6396d1fc5,33,0,4,3,linux,BIC
55834c59098d0c5a97b0f3247e55832b67facdcf,371,0,15,9,linux,BIC
eb65ccdb083639f8a9b6919c94d1df570396a9a1,83,0,1,2,linux,BIC
e3eea1eb47ac616ee09cf0ae5d1e7790ef8461ea,36,47,14,4,linux,BIC
c12d3362a74bf0cd9e1d488918d40607b62a3104,0,0,3,3,linux,BIC
2093f2e9dfec98e561c83e807910267bcbd8bb7b,8,0,20,1,linux,BIC
5623f751bd9c438ed12840e086f33c4646440d19,23,0,2,1,linux,BFC
d6daef95127e41233ac8e2d8472d8c0cd8687d38,1,0,4,1,linux,BFC
cc20cced0598d9a5ff91ae4ab147b3b5e99ee819,5,0,1,2,linux,BFC
1d658336b05f8697d6445834f8867f8ad5e4f735,1502,0,0,6,linux,BIC
09a7636a5b151670072de60767ddf096dc7bd12e,0,0,1,1,linux,BFC
a3997159133d56e444f0c0f56ab1ae59863912a8,0,0,1,1,linux,BFC
862096a8bbf8f992f6d0a1a8786ffd3fc7437e48,100,8,18,6,linux,BIC
f8b755ac8e0cc3f330269e4c4504514f987167a2,58,0,4,1,linux,BIC
ff175d0b0eab99f512b9afdb571f0ed18b63f533,0,0,1,1,linux,BFC
cef9dd85acd79449d1a5a65543d10f18cb68e56c,136,0,0,1,linux,BIC
061ccb52d23cfa2cf3195546a21c3a87194db5b7,0,0,1,1,linux,BFC
6becfe913bda839ae27224a2ea9d6cfb07c3fa2d,0,3,1,1,linux,BFC
ca321ec74322e3c49552fc1ffc80b42d0dbf1a84,1,0,1,1,linux,BIC
a17dcf3f0124698d1120da71574bf4c339e5a368,6,0,2,1,linux,BFC
39404feee691a2dc524a629ed6eb5cfe5d8898d1,398,0,4,6,linux,BIC
716d53cc7837aec7f439ce2a20fc2597a89dae53,176,0,23,2,linux,BIC
34ad6d9d8c27293e1895b448af7d6cf5d351ad8d,0,0,1,1,linux,BFC
cc635be34eb672a30a4936db30987b7c2e91fb61,8,1,0,1,linux,BFC
7cba17ec9adc8cf6c7e165adc831b4a73570a898,57,4,0,1,linux,BIC
13046370c4d143b629adc1a51659a8a6497fbbe6,16,0,1,1,linux,BIC
3cf25d63b1b9871188c6838e630b337363287e17,2,11,24,1,linux,BIC
2d2e1dd29962ce0e6bc2c35fe804d919bf3e7f68,44,34,13,5,linux,BIC
1320d6c7b0deb7219701a55397e93e6c73d00366,2,0,0,1,linux,BFC
360d749e0c8e689414d9a583102a59f795a6892d,0,0,1,1,linux,BFC
a22612301ae61d78a7c0c82dc556931a35db0e91,0,2,1,1,linux,BFC
4adf7bf7bbaefe71133305193c25d32863115dda,5,0,1,1,linux,BFC
9c8bca2637b8441a18bb846a1d74293cb990724e,20,46,0,4,linux,BIC
7dfb8be11b5d1db4325414ce16b8c164e08f52d8,9,0,5,2,linux,BIC
453a77894efa4d9b6ef9644d74b9419c47ac427c,7,2,0,1,linux,BFC
868a01a27d80a59e719f0c369d1b26b923fc7674,23,5,4,5,linux,BFC
60b7ed54a41b550d50caf7f2418db4a7e75b5bdc,0,0,1,1,linux,BFC
69bef19d6b9700e96285f4b4e28691cda3dcd0d1,2,1,1,1,linux,BFC
687da132234feb70748df04a007bc1820f392254,251,0,38,10,linux,BIC
8128a31eaadbcdfa37774bbd28f3f00bac69996a,0,0,2,1,linux,BFC
86723c8640633bee4b4588d3c7784ee7a0032f65,4,0,0,1,linux,BFC
a80abc94dff78952c7989d42ea2b71825718957f,0,3,0,1,linux,BFC
76e838c9f7765f9a6205b4d558d75a66104bc60d,2,0,0,1,linux,BFC
922a9f936e40001f9b921379aab90047d5990923,47,28,92,1,linux,BFC
f7fa1107f30e13255fb9a5359d357e07d3721b0b,15,0,0,1,linux,BFC
8c1f1c34777bddb633d4a068a9c812d29974c6bd,3,0,1,1,linux,BFC
fb561bf9abde49f7e00fdbf9ed2ccf2d86cac8ee,22,0,0,2,linux,BFC
34d1dc17ce978ae76e676d401b48fe9d004aa948,500,0,0,1,linux,BIC
2c82c7e724ff51cab78e1afd5c2aaa31994fe41e,3,1,8,1,linux,BFC
df934cbcbff7afbc024bf05f02615917c61f6470,0,0,1,1,linux,BFC
046cc2effd1312a23b9e3d8363be7c68f6e91f3c,6,1,6,2,linux,BFC
ce7585f3c4d76bca1dff4b66ae1ea32552954f9e,1,0,1,1,linux,BFC
51446780fc33e45cb790c05a7fa2c5bf7e8bc53b,20,22,3,1,linux,BFC
4782c0a5dd88e3797426e08c5c437e95a3156631,0,12,1,3,linux,BIC
f75fdf22b0a84702d1b72fc1ccd53dcdde121c16,15,12,8,1,linux,BIC
776e726bfb3493f71bb11759f7a60f1b0f6dd2d2,0,0,1,1,linux,BIC
99691c4ac112666fe8aef30cffef1cc9f6f94f79,120,2,7,3,linux,BIC
69449bbd65687e8e5fb968a5a0c46089f6af6001,2,0,0,1,linux,BFC
9e4e5b5c86661e767f3074bedbbf2ca59f8fbd18,0,0,4,1,linux,BFC
ea9a897b8affa0f7b4c90182b785dded74e434aa,0,0,1,1,linux,BFC
937fa62e8a00d0b4bc2c0a40567d7c88ab2b2e8d,3,0,2,1,linux,BFC
6b6fafc1abc7c046c57732a8cd1d2443fd60b370,6,6,0,1,linux,BFC
89c557687a32c294e9d25670a96e9287c09f2d5f,5,0,0,1,linux,BIC
b42fe9ca0a1e2b270c06b3f118f1f9db952d623b,1398,1235,4,10,linux,BIC
66d42ed8b25b64eb63111a2b8582c5afc8bf1105,9,3,2,1,linux,BFC
9838b20a7fb28c69fa66ac8e68d967ffe1d0ecad,11,0,9,4,linux,BIC
2ceb585a956c10c7daf22938c77c48e3a62e0f6d,12,0,7,1,linux,BIC
a67719d182291bf62c6093545b9af27f0431cbeb,359,321,107,4,linux,BIC
dda3ec0aa631d15b12a42438d23336354037e108,107,1,12,1,linux,BIC
fa440d870358fd01eeedd212a1ad918a3b2771d5,91,5,8,2,linux,BIC
4e58e54754dc1fec21c3a9e824bc108b05fdf46e,1,0,2,1,linux,BFC
30a46a4647fd1df9cf52e43bf467f0d9265096ca,2,0,17,1,linux,BFC
9152e0b722b29092115da3bfbf63d26be1a461df,487,48,22,7,linux,BIC
5e386b574cf7e1593e1296e5b0feea4108ed6ad8,6,0,0,1,linux,BIC
47b5d028fdce8f809bf22852ac900338fb90e8aa,183,39,39,3,linux,BIC
107cc0129a685e88d09af88b8a371caec5c51ff0,211,0,0,3,linux,BIC
67b18dfb8cfc6d6c2f45ba8c546088f5c14f5bd5,0,104,7,1,linux,BIC
65f2767a64ab33847d5f028661b82d8d3a4fda99,0,0,1,1,linux,BFC
3b5b005ef7d9e2ff1693c1d14a0f4459dcedb4e0,5,2,6,1,linux,BFC
7be8c56f8f8a58af92f8791c5a09d48e342d7101,0,4,3,1,linux,BFC
9ec05d4723bf83dd272cef5ccf508e5fe4d30fa3,0,0,12,1,linux,BFC
28e1344647349ea215c818072e45bee887f2192a,2,0,3,2,linux,BIC
b850a82114df9b0ec1d191dc64eed1f20a772e0f,26,10,3,1,linux,BFC
a75155faef4efcb9791f77e2652e29ce8906e05a,2,7,3,1,linux,BFC
b56d55a5aa4aa9fc166595a7feb57f153ef7b555,2,0,1,1,linux,BFC
5fcaa0051dfcc5fe77aee95061945d80e465a027,1,0,1,1,linux,BFC
2d4100632fa1947bf3e8d7a091e94e2cf21923af,0,0,1,1,linux,BFC
121e6f3258fe393e22c36f61a319be8a4f2c05ae,169,19,29,3,linux,BIC
73679e50820123ebdedc67ebcda4562d1d6e4aba,0,3,0,1,linux,BIC
3fec4aecb311995189217e64d725cfe84a568de3,0,0,1,1,linux,BFC
2505a981114dcb715f8977b8433f7540854851d8,29,0,4,1,linux,BFC
c57247f940e8ea13a0ec33378304dc3cdc5da4a8,654,0,15,2,linux,BIC
865f03d42ed0c90c9faf3301775176834ba13eba,0,7,0,1,linux,BFC
1328a883258b4507909090ed0a9ad63771f9f780,28,0,0,1,linux,BFC
01e5d3b42e2047dd6bc80e722d9f84b654c7dcfb,1,0,3,1,linux,BFC
37fefadee8bb665ae337a15aa635dabff9f66ade,0,0,1,1,linux,BIC
807553f8bf4afa673750e52905e0f9488179112f,0,2,3,1,linux,BFC
955222ca5281ee7ded6b899605c055b147a15c73,0,9,39,1,linux,BIC
dfddb969edf021f21a45fc6fd019db4f99d12308,2,0,13,2,linux,BIC
c07f5d3da643329f38ff7c2ef2252723453dd9c4,192,0,0,2,linux,BIC
5042d40a264c8a508d58ed71e4c07b05175b3635,5,0,27,1,linux,BIC
3ea566422cbde9610c2734980d1286ab681bb40e,11,10,10,1,linux,BFC
b5891cfab08fe3144a616e8e734df7749fb3b7d0,1,0,0,1,linux,BFC
90001d67be2fa2acbe3510d1f64fa6533efa30ef,123,61,7,2,linux,BIC
f81781835f0adfae8d701545386030d223efcd6f,0,0,1,1,linux,BFC
5d3c537f907036c1f18bd325ffc356e24cde664c,76,0,0,2,linux,BIC
4dee6e4ca50a6c8490b408906bb403dd6aebd721,0,7,3,2,linux,BIC
a3c77c67a443e631febf708bb0c376caede31657,85,149,93,8,linux,BIC
30f347ae7cc1178c431f968a89d4b4a375bc0d39,2,0,1,1,linux,BFC
c152b63efc94d5fd486a39e9df5e61ae77e08e44,16,0,3,1,linux,BFC
fb5a88d4131a9ee8bec3f4bb7c034d7a4e9cf5ea,89,0,4,1,linux,BIC
40767b0dc768060266d261b4a330164b4be53f7c,24,0,6,2,linux,BIC
1acebad3d8db8d5220b3010c2eb160c625434cf2,588,86,244,2,linux,BIC
fe1f71e338d77814da3ef44e9f64d32981a6ccdf,0,2,2,1,linux,BFC
6f599d84231fd27e42f4ca2a786a6641e8cddf00,23,0,0,3,linux,BIC
c68e418c603f011ff0e7f4e1fb0f7edc48a04f7e,0,0,1,1,linux,BFC
e025273b86fb4a6440192b809e05332777c3faa5,245,0,0,2,linux,BIC
d28eafc5a64045c78136162af9d4ba42f8230080,5,0,5,1,linux,BFC
3f6f6343a29d9ea7429306b83b18e66dc1331d5c,0,0,1,1,linux,BFC
c4cba44eeecab9d5ccd3dd2d5520a7d1e5be544f,4,0,4,1,linux,BFC
05690d633f309d7369176754f7362e979c5710a6,20,10,5,1,linux,BIC
6d90aa5cf17b1149115a002d7582b5d28ee43359,3,0,0,1,linux,BIC
0384264ea8a39bd98c9a3158060565f650c056a6,0,3,25,5,linux,BIC
775fd6bfefc66a8c33e91dd9687ed530643b954d,0,0,1,1,linux,BFC
cf64148abcfd5ac1d6b1526950a48a497b180f61,0,0,0,1,linux,BIC
e1c054918c6c7a30a35d2c183ed86600a071cdab,21,21,12,3,linux,BIC
6a34367e52caea1413eb0a0dcbb524f0c9b67e82,29,22,34,3,linux,BIC
beed09067b428a7e84a53b05c1de1f93c8460e91,9,0,2,2,linux,BIC
b90f1333ef08d2a497ae239798868b046f4e3a97,2,0,0,1,linux,BIC
93f64202926f606d67b1095b59137f903c6ab304,0,481,1,5,linux,BIC
a3f7c3fcf60868c1e90671df5d0cf9be5900a09b,1,0,1,1,linux,BFC
380b1e2f3a2f32bfe9c0aa85a68629eb99b043c0,22,3,23,2,linux,BIC
f79959220fa5fbda939592bf91c7a9ea90419040,73,0,4,3,linux,BIC
d0b2b70eb12e9ffaf95e11b16b230a4e015a536c,3,0,1,1,linux,BFC
69056ee6a8a3d576ed31e38b3b14c70d6c74edcc,0,3,2,1,linux,BFC
36a50a989ee8267588de520b8704b85f045a3220,0,3,5,2,linux,BIC
693c6883bbc4f7649750eb9ce49d0b799d073186,133,18,19,2,linux,BIC
69ad0e7fe8452a6bc9b619e3f76a77f19d9687ab,47,1,16,1,linux,BIC
325aa816143228a0b3472074ffb50d55ac3f04fe,0,11,3,2,linux,BFC
1a29b5b7f347a1a9230c1e0af5b37e3e571588ab,1,0,4,1,linux,BIC
7f1b11ba3564a391169420d98162987a12d0795d,8,0,1,1,linux,BFC
69d29f9e6a53559895e6f785f6cf72daa738f132,4,10,46,1,linux,BFC
9bb48c82aced07698a2d08ee0f1475a6c4f6b266,8,4,18,1,linux,BIC
310529e663ed975d564cf029f878583e70c3b8a3,2,4,2,1,linux,BFC
ca0e30dcaa53a3fcb2dfdf74252d30bc40603eea,49,0,6,3,linux,BIC
081195d17a0c4c636da2b869bd5809d42e8cbb13,1,0,0,1,linux,BFC
4e4362d2bf2a49ff44dbbc9585207977ca3d71d0,4,0,0,2,linux,BFC
87c0b9c79ec136ea76a14a88d675a746bc6a87f9,3,0,0,1,linux,BFC
84e60065df9ef03759115a7e48c04bbc0d292165,1,0,1,1,linux,BFC
51f24030358bdeeb9e75a38618dd029c5a53beeb,3,0,0,1,linux,BFC
7383123647566a813692bb37a1389c767ed89158,7,0,1,3,linux,BFC
b1f4c209d84057b6d40b939b6e4404854271d797,0,0,2,1,linux,BFC
920de6ebfab865a5bb2bcc60f6998aa270300b95,5,0,10,1,linux,BIC
60c78668ae50d6b815ead4a62216822a92097125,2,5,7,3,linux,BFC
424fa00ea325b0153c321667f39643f68ae9d1b0,1,0,0,1,linux,BFC
3840538ad384fb7891adeeaf36624f870c51fc0e,2,0,1,1,linux,BFC
c7fcdeb2627c46b7ec3f0bcb2054b10405f9a70e,75,127,88,3,linux,BIC
84e03fa39fbe95a5567d43bff458c6d3b3a23ad1,48,1,24,2,linux,BIC
d32d9bb85c65f52bed99a0149b47e9f6578c44c5,2,1,6,2,linux,BFC
b693e42921e0220c0d564c55c6cdc680b0f85390,6,0,0,1,linux,BFC
377bc0cfabce0244632dada19060839ced4e6949,2,0,0,1,linux,BFC
b6197b93fa4bcba9313cc415934e3fe27e2db9b0,106,0,2,2,linux,BIC
b284909abad48b07d3071a9fc9b5692b3e64914b,2,29,6,6,linux,BFC
44288f1101feba11beef9536b176dadae420d874,1,0,1,1,linux,BFC
23c216b335d1fbd716076e8263b54a714ea3cf0e,9,0,0,1,linux,BFC
f92b40a8b2645af38bd6814651c59c1e690db53d,17,0,0,5,linux,BIC
9104d31a759fbade8505f38f92f4dde719957826,287,7,73,10,linux,BIC
c8742f85125dcfb27a2daa389283fffebffebb00,36,0,1,1,linux,BIC
7f1a546e322287ae948e0f5eb8d12b7b638d93a6,10,0,9,1,linux,BIC
ebbc9570169147740aa39aee1d61b4cc5a631644,17,98,46,4,linux,BFC
863cf89d472fe7a61305b06de84b9ed2dea02611,288,5,118,3,linux,BIC
4a72dafa19ba77a2fb77ae676f8e3a0d6077c37c,147,0,0,4,linux,BIC
4bbb3e0e8239f9079bf1fe20b3c0cb598714ae61,4,0,2,2,linux,BIC
8d41fc618ab804657acd2df8e761ce1001f41513,169,0,0,1,linux,BIC
e8ec1b6e08a2102d8755ccb06fa26d540f26a2fa,34,0,12,1,linux,BIC
9a8f32038a74cb800e9649afbf4b3dba2b7d6539,4,0,0,1,linux,BFC
b401f8c4f492cbf74f3f59c9141e5be3071071bb,7,0,9,1,linux,BIC
945ae909aa76f55ac8c9e95feb3683512d39134a,0,0,2,1,linux,BFC
4001d8e8762f57d418b66e4e668601791900a1dd,17,0,5,5,linux,BFC
dca65818c80cf06e0f08ba2cf94060a5236e73c2,43,0,7,6,linux,BIC
0ff0e219d9b8db047d3e800553f238136ed53ed7,4,4,0,1,linux,BIC
56e9371bc3f3e7d6c1a197a45d550b2ce6af25f6,6,0,7,2,linux,BFC
fd262a6d8a5d8d504e6a0b0183a05deda6bef7a3,0,3,5,1,linux,BFC
dd9eb19b567303e4b92747dcfb5deedb182af111,1550,0,0,1,linux,BIC
da1978ac3d6cf278dedf5edbf350445a0fff2f08,0,0,1,1,linux,BFC
1fcd794518b7644169595c66b1bfe726d1f498ab,5,6,6,1,linux,BFC
b81ff1013eb8eef2934ca7e8cf53d553c1029e84,1,8,1,1,linux,BFC
3b7340f1c89cc488e4df0b033bf7ae502ebbf5b2,0,20,2,1,linux,BFC
79ed05e329c34c68ab2a87f729e666fcf208fdad,148,8,8,1,linux,BIC
d6995da311221a05c8aef3bda2629e5cb14c7302,71,7,25,3,linux,BIC
0cc67945ea5933d53db69606312cf52f553d1b81,6,2,13,2,linux,BIC
2bc39970e9327ceb06cb210f86ba35f81d00e350,147,0,0,4,linux,BIC
7811a339da2e3b741dc19de50bad5a7728b6ef22,1,0,0,1,linux,BFC
87ffea09470d94c93dd6a5a22d4b2216b395d1ea,9,2,27,2,linux,BIC
e89bb4288378b85c82212b60dc98ecda6b3d3a70,124,0,10,4,linux,BIC
b715a2f0c7714a399e7f8e951cc8dea9cd4eeb4b,6,0,4,1,linux,BFC
3b0213d56eb7f78c9a0e78dfcd9ec077bb1cf4e9,252,0,0,1,linux,BIC
663f1b26f9c129aa2912c1a1d3359e3ecd88e814,23,0,4,2,linux,BFC
f8be8e5680225ac9caf07d4545f8529b7395327f,10,0,2,1,linux,BFC
5067c0469c643512f24786990e315f9c15cc7d24,3,0,4,4,linux,BFC
68a564006a21ae59c7c51b4359e2e8efa42ae4af,2,0,4,1,linux,BFC
51cba1ebc60df9c4ce034a9f5441169c0d0956c0,4,0,8,3,linux,BIC
db1005ec6ff8f250bccbc87387a955078891bfe4,0,9,26,1,linux,BIC
fde5de6cb4617a160a6cc5c034284618350c2961,177,133,0,7,linux,BIC
761156ff573d1002983416e4fd1fe8d3489c4bd8,0,2,1,1,linux,BFC
bb29dd84333a96f309c6d0f88b285b5b78927058,4,1,1,1,linux,BFC
67ebd8140dc8923c65451fa0f6a8eee003c4dcd3,0,0,1,1,linux,BFC
945845b54c9cf61809d1963492bb728ce8937964,76,0,0,2,linux,BIC
d397dbe606120a1ea1b11b0020c3f7a3852da5ac,0,0,1,1,linux,BFC
6bad9b210a228d2fe0e0efe26d9b115348529cee,18,0,0,1,linux,BIC
e9fe92ae0cd28aac5cf6d3fb8442825c22fbd3a6,89,30,10,4,linux,BIC
64ff0882426e563ff19d6068cb674594c95b6aa8,30,0,0,3,linux,BIC
d4eecfb28b963493a8701f271789ff04e92ae205,0,0,1,1,linux,BFC
623c10108338b6b4e2c99de9fbc785f30b526c54,4,25,0,4,linux,BIC
f33eb7f29c16ba78db3221ee02346fd832274cdd,0,0,1,1,linux,BFC
134592da021e3a3fba8af68b460249dc2fe0f59c,28,0,3,1,linux,BFC
1e5a15d65d4cecb553d7e81c3ac05b1ffbc4bb27,2,4,7,2,linux,BFC
55022fdeace8e432f008787ce03703bdcc9c3ca9,0,0,1,1,linux,BFC
ed53ae75693096f1c10b4561edd31a07b631bd72,3,0,0,1,linux,BFC
13854e5a60461daee08ce99842b7f4d37553d911,11,0,18,7,linux,BIC
957fe62d7d15f43d49e8cbacafaff8ede7d6cb30,79,2,4,5,linux,BIC
f628c4ed3de499f027d3ae70cbb46c6dfadfc098,0,0,7,1,linux,BFC
30e7d894c1478c88d50ce94ddcdbd7f9763d9cdd,8,0,1,3,linux,BFC
bf3b9f6372c45b0fbf24d86b8794910d20170017,93,0,0,1,linux,BIC
2c78ee898d8f10ae6fb2fa23a3fbaec96b1b7366,89,15,45,19,linux,BIC
7a33ea70e1868ee578fe2e9a85dd300efa1a35d5,10,0,3,2,linux,BIC
ce880cb825fcc22d4e39046a6c3a3a7f6603883d,2,0,1,1,linux,BFC
fcb16d9a8ecf1e9bfced0fc654ea4e2caa7517f4,3,0,0,1,linux,BFC
03aef17bb79b3dc02b1352ee2f55fca799dbad7f,11,22,24,4,linux,BIC
f7aef1c207092770d06d0df21dceafdca2b49c39,44,0,1,1,linux,BFC
19ae333001b375bbc7d1ff9eaa9cbb0a72fff65e,232,3,16,6,linux,BIC
4b77e4abb32cddb9e666e2ac411b0b0d6b8331dd,0,0,1,1,linux,BFC
39bdbf3e648d801596498a5a625fbc9fc1c0002f,0,0,1,1,linux,BFC
8c5a93ebf7ac56d47f879b3c7c2f8c83b40c2cdb,0,2,2,1,linux,BFC
5bc55d654bdd679b8fee0ca7a3b180cbeaa4168d,0,2,5,2,linux,BFC
832e09798c261cf58de3a68cfcc6556408c16a5a,2,0,1,1,linux,BFC
f3bc432aa8a7a2bfe9ebb432502be5c5d979d7fe,0,0,7,1,linux,BFC
90386223f44e2a751d7e9e9ac8f78ea33358a891,21,0,20,1,linux,BIC
05682a0a61b6cbecd97a0f37f743b2cbfd516977,0,0,1,1,linux,BFC
b4b8faa1ded7a3bb34db374c692a51cea29f9080,1015,0,0,3,linux,BIC
4542d66bb26f2d021c70a78e46f183c6675fc4c9,0,0,3,1,linux,BFC
31efcc250a1dea96edca6595a9639d898cf99ae5,0,0,2,1,linux,BFC
95d3befbc5e1ee39fc8a78713924cf7ed2b3cabe,5,0,2,1,linux,BFC
9f17768611ebf81dfac69948dd12622b6f2e45fc,0,0,1,1,linux,BFC
1d5f82d9dd477d5c66e0214a68c3e4f308eadd6d,39,12,6,4,linux,BFC
46a80d62e6e0ccfc9d8a05c5b773405b84a4afd7,219,121,100,18,linux,BIC
492ab0205f500ebd20b4f0c9e95a1ba007b0c542,0,14,0,1,linux,BFC
00512d2930b338fdd42bd90bbd1793fe212c2d31,0,2,0,1,linux,BFC
397dc00e249ec64e106374565575dd0eb7e25998,2,4,0,1,linux,BIC
b6d335a60dc624c0d279333b22c737faa765b028,1,0,0,1,linux,BFC
e8a1ff65927080278e6826f797b7c197fb2611a6,19,19,0,1,linux,BFC
e423414375866a399ebbe55ed044acb39846e8bf,0,0,2,1,linux,BFC
1d069bfa3c78c6d0285e5e370710cf7062c71308,1,8,7,1,linux,BIC
2d902671ce1cd98cdc88d78c481889a1b2996101,12,35,27,8,linux,BIC
b4aa539dd8f2e086f7b03e0781ec85897913c3cb,187,0,0,4,linux,BIC
413b7a320e238d1a79dfca24c35ce4e1a0e7a8d6,7,0,0,1,linux,BFC
492929c547913f77460c20be994482d57bc74840,284,0,0,1,linux,BIC
2fe8890848c799515a881502339a0a7b2b555988,0,1,0,1,linux,BFC
05d4487197b2b71d5363623c28924fd58c71c0b6,1,0,1,1,linux,BFC
2f5db26c2ecb248bdc319feb2990453cb02fc950,1,0,0,1,linux,BFC
d5ac07dfbd2b7f05d8ff43924dee2f09675dacb3,0,3,0,1,linux,BIC
1862d6208db0aeca9c8ace44915b08d5ab2cd667,1,9,5,3,linux,BFC
2e54c14e310f655bb0915413e8e4a3da67c78a66,1380,0,0,4,linux,BIC
211d6f2dc883fe2235532d7ec4ed7e8222957ae0,0,0,1,1,linux,BFC
874bcba65f9a3a2a304b5f520529c046887c3cdc,3220,0,0,6,linux,BIC
f6105c0808880c2c432b79bc81b37cc244c300c8,8,0,2,1,linux,BFC
c94a8ff14de377ab8f24657b27cece4637051fe2,0,0,2,1,linux,BIC
080abad71e99d2becf38c978572982130b927a28,1,0,0,1,linux,BFC
e3a2b7ed018e885721a1b664ed7bf0f3fe29c81c,309,0,0,3,linux,BIC
5691b23489db2b22ea1e87f3d8b1e8260cbb48fc,587,0,0,2,linux,BIC
a6566710adaa4a7dd5e0d99820ff9c9c30ee5951,0,4,0,1,linux,BFC
eca6ba20f38cfa2f148d7bd13db7ccd19e88635b,0,9,2,1,linux,BFC
d24846a4246b6e61ecbd036880a4adf61681d241,2,0,1,1,linux,BFC
329101244f214952606359d254ae883b7109e1a5,0,0,6,1,linux,BFC
08a8a7cf14595f95d5cbb28ef5c15c56a6255fb4,12,0,7,2,linux,BIC
15df03c661cb362366ecfc3a21820cb934f3e4ca,2,0,1,1,linux,BFC
edce2a93dd781ac13bd7f651ee0b5edb8af6c0e4,1,0,0,1,linux,BFC
e644896f5106aa3f6d7e8c7adf2e4dc0fce53555,7,5,8,2,linux,BFC
740a01eee9ada98b6ccdd2bcb1a5b2470f292fc7,97,6,42,1,linux,BIC
867f8d18df4f5ccd6c2daf4441a6adeca0b9725b,13,6,1,1,linux,BIC
cd6851f30386e5e04b5c2253f8e1647ba0ebcd31,335,0,7,7,linux,BIC
ff5ac61ee83c13f516544d29847d28be093a40ee,0,2,2,1,linux,BFC
61e6ba03ea26f0205e535862009ff6ffdbf4de0c,0,3,1,1,linux,BFC
4968ac8fb7c378e2bc40b7e9bd97768fa8c7aa32,214,0,1,9,linux,BIC
d3768874e5fe410d80c45e57bff47e8e708c0516,37,0,12,1,linux,BFC
56f3c1413f5cce0c8f4d6f1ab79d790da5aa61af,6,15,18,7,linux,BIC
a22933221c43bf4bb9f018bc734c1465953d67c2,0,0,1,1,linux,BFC
775c5033a0d164622d9d10dd0f0a5531639ed3ed,1,0,0,1,linux,BFC
6754614a787cbcbf87bae8a75619c24a33ea6791,0,0,2,1,linux,BFC
5c26159c97b324dc5174a5713eafb8c855cf8106,0,0,2,1,linux,BFC
0815291a8fd66cdcf7db1445d4d99b0d16065829,4,1,1,1,linux,BFC
8ac9e476b86851c94e0f33bea758e0a00e3f875e,1,0,1,1,linux,BFC
62bccb8cdb69051b95a55ab0c489e3cab261c8ef,30,11,10,6,linux,BIC
fd867d51f889aec11cca235ebb008578780d052d,61,0,0,2,linux,BIC
bbc09e7842a5023ba5bc0f8d559b9dd464e44006,0,0,1,1,linux,BIC
8e8673a227084923f5b3bb80a68e741aac77948d,2,0,1,1,linux,BFC
e3e847c7f15a27c80f526b2a7a8d4dd7ce0960a0,13,0,0,1,linux,BFC
d3efe08400317888f559bbedf0e42cd31575d0ef,0,0,2,1,linux,BFC
2e1bf3a76576eebc787d8882c3f91fa4ec743efc,13,0,1,2,linux,BFC
65925b65ed98ffdb277cf5ea1af45731dac0b30b,96,11,15,12,linux,BFC
1df94c3c5dadbce3df6cc0e989d8c85d43a903d6,6,0,1,1,linux,BFC
190113b4c6531c8e09b31d5235f9b5175cbb0f72,4,0,10,1,linux,BFC
7a46ec0e2f4850407de5e1d19a44edee6efa58ec,180,0,0,6,linux,BIC
0ab30494bc4f3bc1ea4659b7c5d97c5218554a63,2675,0,0,2,linux,BIC
45cd74cb5061781e793a098c420a7f548fdc9e7d,0,0,4,1,linux,BFC
4b75f80003617fe35771a9e27022e8fbd6a41875,1,0,1,1,linux,BFC
f9575793d44ce68b574d9d8ffb9813eb05c3fd2b,51,0,7,3,linux,BIC
53ea2076d851ee37e4f3954c5ae569439b138248,0,2,6,1,linux,BFC
e2e02cbb5beb5f7bfdfd73558794e3949868267c,1,0,1,1,linux,BIC
d4d6279abe9a4a2d52115bad122118db4995df17,6,0,1,2,linux,BFC
071a43e660996d1517d02ea7724491cc5b93bb03,36,27,10,1,linux,BFC
780019ddf02f214ad61e641b57b8ac30c837e2a7,87,17,39,6,linux,BIC
f3bd847eb0a7744b1a86f6b585149434cc6f57ff,262,0,0,2,linux,BIC
3b8e19a0aa3933a785be9f1541afd8d398c4ec69,2,0,5,1,linux,BFC
43715c9e01eb43050984352f27cae2a65b635f03,0,2,0,1,linux,BFC
72e09ad107e78d69ff4d3b97a69f0aad2b77280f,3,0,1,1,linux,BIC
23f78d4a03c53cbd75d87a795378ea540aa08c86,1175,0,0,9,linux,BIC
a7d85e06ed8033f263451f3aef4159024e7dae5f,353,0,0,1,linux,BIC
b4490c5c4e023f09b7d27c9a9d3e7ad7d09ea6bf,85,0,2,6,linux,BIC
90f192c8241e431d2c3076e4f2cb99ac25bfb1c5,9,0,0,1,linux,BIC
10a7e9d849150a2879efc0b04d8a51068c9dd0c5,0,0,4,4,linux,BFC
dc7e28a3286ed4c4ce79e279c6f8b99f39ab8e68,46,2,10,2,linux,BIC
e70b081c6f376471d7a9fee69e12e8f05ac2925d,13,44,19,1,linux,BIC
249b15ba6380830881b7863ca5dd3f33320adfdb,3,0,0,1,linux,BFC
5b84efecb7d939d06790b7bace5e513537d0767c,95,61,14,1,linux,BIC
27e4b467d94e216b365da388358c9407af818662,9,0,3,4,linux,BFC
612bacad78ba6d0a91166fc4487af114bac172a8,0,1,0,1,linux,BFC
0fc2273b9ab7f07cdef448e99525e481535e1ab0,3,4,0,1,linux,BFC
e2ada66ec41821e54a503776c1ce42fbf4e99fbe,41,0,0,1,linux,BIC
cd430a244cd5d3ca0f4053718eabdf42bc12c517,0,1,3,1,linux,BFC
beaff108e1bf1e38c9def60dd09f7a4ed7910481,0,0,2,1,linux,BFC
4bcd4ec1017205644a2697bccbc3b5143f522f5f,4,0,2,1,linux,BFC
3ce0d5aa265bcc0a4b281cb0cabf92491276101b,2,0,0,1,linux,BFC
303085bc11bb7aebeeaaf09213f99fd7aa539a34,2,0,1,1,linux,BFC
133317479f0324f6faaf797c4f5f3e9b1b36ce35,1,0,0,1,linux,BFC
22981243589c3468481f5cfd04176233d2c7be4b,2273,0,0,2,linux,BIC
c604abc3f6e3030f3a3022b184ed7d3780c34d30,4,0,2,1,linux,BIC
6a760394d7eb70a810bf472289473f915eb6da0d,10,0,4,1,linux,BIC
5a8067c0d17feb7579db0476191417b441a8996e,7,0,16,1,linux,BFC
2ab402dfd65d15a4b25a8756272ababe3ef76884,23,21,4,2,linux,BIC
d647c199510c2c126ac03ecbea51086e10126a40,101,2,9,3,linux,BIC
d0c94692e0a360828745a469bcf90b5c4f9273d0,111,0,2,2,linux,BIC
3e9e38d918bd01068b5ccba17d69a8ae9bf56142,0,0,2,1,linux,BFC
b8b721305770cf85bffbe7ce1e0dc5fb6c4fef47,1,0,0,1,linux,BFC
ab602f799159393143d567e5c04b936fec79d6bd,27,5,7,4,linux,BIC
3c963a3306eada999be5ebf4f293dfa3d3945487,0,7,14,1,linux,BFC
97ede29e80eead50d8bd533cf163401b88c027be,13,3,56,4,linux,BIC
78013a1cf2971684775f6956d5666237ac53a1aa,56,9,16,2,linux,BIC
6f56f6186c18e3fd54122b73da68e870687b8c59,6,0,2,1,linux,BFC
0d12f8a4027d021c9cc942f09f38d28288020c5d,103,55,329,18,linux,BIC
b77eb79acca3203883e8d8dbc7f2b842def1bff8,0,6,0,1,linux,BIC
542cdf4068049458e1411b120bd5a4bbe3ddc49a,0,0,1,1,linux,BFC
d717ea73e36dd5659640fae82605ad85c4117f4d,4,0,2,1,linux,BIC
95c104c378dc7d4cb3fb9f289dc5354bfc285fe0,14,1,26,6,linux,BIC
704c2317cab5571da0e5763cd47ad07f8900aa76,0,4,0,1,linux,BFC
bbf5f037fad47e4affef6696aaf88a40b261e639,75,0,0,3,linux,BIC
659aefb68eca28ba9aa482a9fc64de107332e256,6,9,2,1,linux,BIC
9893b905e743ded332575ca04486bd586c0772f7,3,0,0,2,linux,BFC
097a9d23b7250355b182c5fd47dd4c55b22b1c33,11,11,0,1,linux,BFC
c16211d6226dbde8819b84da07508083a1138a06,1232,0,0,3,linux,BIC
86958dcc5ad706e8e0a3e647df01f6a5c509ff5f,81,0,0,1,linux,BIC
7d907894bfe3848a033aa19a2dbb12105300b8e5,0,0,4,1,linux,BIC
0d632c3d6fe3b909fa481ddd51b5cb76ad18f921,249,0,1,4,linux,BIC
9ad2939a1525962a79a2fd974ec7e3a71455b964,3,4,0,2,linux,BFC
4c80ba392bf603d468ea827d902f8e7b2505fbf4,0,0,2,1,linux,BFC
ac2c7ad0e5d6030452c9af2fafd192e17fd04264,40,0,2,2,linux,BIC
69bb0585ebb0c48c93fc55fc27afbfc06adef2fd,9,3,2,3,linux,BFC
0f0709e6bfc3ce4e8e1c0e8573490c45f76cfeee,55,0,0,2,linux,BIC
c278609bdde9df330b7fe3d61ec1bc1a8cac4a78,0,0,1,1,linux,BFC
6ccb1d8f78bd349a8a5b2aa228d3c8b35ee704a8,1499,0,0,1,linux,BIC
f4cceb2affcd1285d4ce498089e8a79f4cd2fa66,2,0,0,1,linux,BFC
8d52af6795c0480a20272159103976a893603fde,13,1,4,4,linux,BIC
2ec1431ffac9f891a11ac955a9ee914e0547215e,0,1,0,1,linux,BFC
a24b8c3409935bbc8e3c12131c473c92692403cd,0,0,1,1,linux,BFC
50094b5dcd3238c0cf91a5768d0316adaeb32e45,5,0,0,1,linux,BIC
daaecc6541d014dca073473ec8a4120c0babbeb4,3,0,0,1,linux,BFC
1b144df1d7d69d6dd3394205933c8951dd8b6784,653,0,0,1,linux,BIC
232f75d3b4b5456de6f0b671aa86345d62de1473,22,18,0,1,linux,BIC
854b7737199848a91f6adfa0a03cf6f0c46c86e8,4,0,2,1,linux,BFC
841281fe52a769fedcf615880a33a2d0b2062b70,3,359,1,3,linux,BIC
2ab59de7c5ce7c5ed6db07278554901d43fe80a0,72,73,1,5,linux,BIC
bb74fe7e81c8b2b65c6a351a247fdb9a969cbaec,0,1,1,1,linux,BFC
2bcd5b9f357d5359cff2ad6d1e68e0a606d02870,0,0,1,1,linux,BFC
fdadd04931c2d7cd294dc5b2b342863f94be53a3,25,2,8,3,linux,BIC
79ca6f74dae067681a779fd573c2eb59649989bc,21,6,2,3,linux,BIC
45ebcce56823d14d196dbdecd26783b3d5f464a6,43,4,28,3,linux,BFC
5c365d18a73d3979db37006eaacefc0008869c0f,0,0,1,1,linux,BFC
e2bf3723db563457c0abe4eaeedac25bbbbd1d76,0,3,3,1,linux,BFC
0f1c9688a194d22bb81953bd85bd18b0115fd17f,11,0,4,3,linux,BIC
268cb38e1802db560c73167e643f14a3dcb4b07c,174,0,0,2,linux,BIC
a76053707dbf0dc020a73b4d90cd952409ef3691,45,7,221,170,linux,BIC
1125b008711581a8962ee028e2982d7757093600,0,0,2,1,linux,BFC
6cd9e9f629f11b9412d4e9aa294c029dbb36b3cf,22,0,17,10,linux,BIC
7a534ae89e34e9b51acb5a63dd0f88308178b46a,0,7,2,1,linux,BFC
c7e814628df65f424fe197dde73bfc67e4a244d7,0,0,2,2,linux,BFC
3f1ac7a700d039c61d8d8b99f28d605d489a60cf,709,3,77,3,linux,BIC
941a53c39a151e9aceef153cdfaed0f166ba01b7,0,0,1,1,linux,BFC
e18aeea7f5efb9508722c8c7fd4d32e6f8cdfe50,1,0,0,1,linux,BFC
3a34ecfd9d3f3e0c1584a80349cc7c4312ff5e91,28,12,2,1,linux,BIC
5753405e27f8fe4c42c1537d3ddbd9e058e54cdc,0,0,1,1,linux,BFC
4c1b935fea54a4832161f0be2c01ac58be16698f,121,90,19,2,linux,BIC
b1bdcb59b64f806ef08d25a85c39ffb3ad841ce6,2,2,0,1,linux,BFC
4f8672201b7e7ed4f5f6c3cf6dcd080648580582,0,0,2,1,linux,BFC
f82e90b28654804ab72881d577d87c3d5c65e2bc,0,0,1,1,linux,BFC
bacf6b499e11760aef73a3bb5ce4e5eea74a3fd4,8,6,38,1,linux,BIC
feb889fb40fafc6933339cf1cca8f770126819fb,2,0,0,1,linux,BFC
931fc82a6aaf4e2e4a5490addaa6a090d78c24a7,0,6,3,1,linux,BFC
43001c52b603cac041783cc392094ea560bd9444,12,0,0,1,linux,BIC
772439717dbf703b39990be58d8d4e3e4ad0598a,40,3,3,5,linux,BIC
18c841e1f4112d3fb742aca3429e84117fcb1e1c,14,0,1,1,linux,BFC
3740c82590d87714b41b8b48bd3062178cbe0b17,7,0,17,9,linux,BIC
aea92fb2e09e29653b023d4254ac9fbf94221538,6,0,2,1,linux,BFC
bd074e5039ee16d71833a67337e2f6bf5d106b3a,0,0,1,1,linux,BFC
2c334e12f957cd8c6bb66b4aa3f79848b7c33cab,1,0,1,2,linux,BFC
d0edaa28a1f7830997131cbce87b6c52472825d1,0,0,1,1,linux,BFC
c2426d2ad5027397342107b7ff094aa9b234acb8,29,0,5,1,linux,BIC
fbf42729d0e91332e8ce75a1ecce08b8a2dab9c1,4,0,1,1,linux,BIC
364d5716a7adb91b731a35765d369602d68d2881,0,6,6,1,linux,BFC
f40a307eb92c45a4acf813efcda90b17d50d25c3,54,0,6,6,linux,BIC
b25472f9b96159cc0b9b7ed449448805973cd789,41,209,13,13,linux,BIC
5d9649b3a524df9ccd15ac25ad6591089260fdbd,31,3,6,1,linux,BFC
7015f127d821f5658958433e017a742aa6c39941,0,1,2,1,linux,BFC
4aac2caff30fdef1db8403af81e79807811d22ea,0,0,1,1,linux,BFC
a86606268ec0c809f341cda3771ae53460e064ab,13,12,0,2,linux,BFC
114613f62f42e7cbc1242c4e82076a0153043761,4,0,0,1,linux,BFC
a692fc39bf90913f3cea57ee240ea5d6338da235,3,0,1,1,linux,BFC
534b1204ca4694db1093b15cf3e79a99fcb6a6da,0,0,1,1,linux,BFC
1b6ed6bf32fb22ef8e3572fc9c0f6454adf1ca40,0,1,0,1,linux,BFC
9e207ddfa20781e56465ce9a537f0a377c9d34fb,18,0,4,4,linux,BIC
28676d869bbb5257b5f14c0c95ad3af3a7019dd5,26,4,8,1,linux,BIC
ce4f5f9b65ae3d630e375b5e406feca31f682886,0,7,4,1,linux,BIC
c418a84a8c8f98b1a0f30cd68d0cdf40d77aed01,0,0,24,20,linux,BIC
bc1bee3b87ee48bd97ef7fd306445132ba2041b0,180,35,4,3,linux,BIC
41b145024ca717254bb6882f1312299db958bf0c,3,0,4,1,linux,BFC
40cbfa90218bc570a7959b436b9d48a18c361041,227,0,3,5,linux,BIC
939b701ad63314f5aa90dcd3d866f73954945209,27,0,0,2,linux,BIC
494bea39f3201776cdfddc232705f54a0bd210c4,4,0,3,3,linux,BFC
46dc933cee82c8fd18f5fb8dfa10aceb7a29d5ab,0,0,12,3,linux,BIC
975323ab8f116667676c30ca3502a6757bd89e8d,2,0,0,1,linux,BFC
1a0a7853b901c35a742b3bf176cf4701a5c5817c,19,3,8,1,linux,BIC
6db21d8986e14e2e86573a3b055b05296188bd2c,12,10,2,1,linux,BFC
73898db0430125606c86c798c0627aefef9af9ed,22,79,46,9,linux,BIC
004fa08d7aba2a13974446bf212a48c0b3b0d9fd,0,5,1,1,linux,BFC
a88520bfc0ec829973f92b7a1ab0f64eb9a20724,4,0,1,1,linux,BIC
9fd75b66b8f68498454d685dc4ba13192ae069b0,8,0,3,1,linux,BIC
9cbbc451098ec1e9942886023203b2247dec94bd,0,0,4,1,linux,BFC
edd4ab0559316a1efe0881a4e2ccaeb4fec73142,172,0,11,2,linux,BIC
a013c71c6315d6e9d6364d12251b98c75c9a2861,0,1,1,1,linux,BFC
1b83ec057db16b4d0697dc21ef7a9743b6041f72,0,0,1,1,linux,BFC
4889fbd98deaf243c3baadc54e296d71c6af1eb0,0,1,0,1,linux,BFC
4ab39e2f98f2f49e97c8dd8e239697bd0bab8103,29,21,6,1,linux,BIC
95565f884137e5d38caaa674a6813d854713e801,0,0,1,1,linux,BFC
edecfa98f602a597666e3c5cab2677ada38d93c5,29,0,17,4,linux,BIC
5ea7647b333f3580697edaaf2b17a2f6d29a82f1,5,0,5,1,linux,BIC
bbbe775ec5b5dace43a35886da9924837da09ddd,3860,0,0,19,linux,BIC
8f2279d5d908119a08e906be1c6b69c744d0c379,17,0,6,1,linux,BFC
412eb585587a1dc43c9622db79de9663b6c4c238,8,24,56,7,linux,BIC
775711497202fe376368c25b0c7296ed8803e0ba,2,0,0,1,linux,BFC
acf4e84d6167317ff21be5c03e1ea76ea5783701,3,0,0,1,linux,BFC
ba3a1a915c49cc3023e4ddfc88f21e7514e82aa4,2,0,2,1,linux,BFC
6dc9a2568f84084e5e2a606d60a739e0779a5959,1,377,115,16,linux,BIC
b1569e99c795bf83b4ddf41c4f1c42761ab7f75e,239,404,9,3,linux,BIC
0b1e1eb76220afa043b2733dfe61f5927cf0e458,2,0,4,1,linux,BFC
29cadd2bb6670405086b177120593c1291273fb9,0,0,1,1,linux,BFC
6664498280cf17a59c3e7cf1a931444c02633ed1,1,0,0,1,linux,BIC
7e538372694b3e449783eed3981d59d2597c2882,179,81,34,4,linux,BIC
20a3b1c0f603e8c55c3396abd12dfcfb523e4d3c,6,0,5,3,linux,BFC
dbb3e9db8267dd8979b39bb15d70887ad0699e2c,1,0,3,1,linux,BFC
4b1be2fe63b80fd3af591268f1698a495e7f29be,1,0,1,1,linux,BFC
5bdba520c1b318578caffd325515b35d187f8a0e,0,0,9,1,linux,BIC
d43583b890e7cb0078d13d056753a56602b92406,29,0,4,2,linux,BIC
f0cfe17bcc1dd2f0872966b554a148e888833ee9,11,0,0,1,linux,BFC
758556bdc1c8a8dffea0ea9f9df891878cc2468c,1,0,0,1,linux,BFC
8f5c285f3ef5ab3c7cf5288d63bdaa3549be2118,9,0,2,1,linux,BIC
54f1944ed6d2554475f39a4921dc5422fa692c4f,68,62,5,2,linux,BFC
84f60ca7b326ed8c08582417493982fe2573a9ad,0,4,1,1,linux,BFC
1074dd44c5ba377f90e2d0d99a784f73dbea6ff7,14,0,0,1,linux,BFC
e38457c361b30c5a2379cc767877c3e5c2505dc6,23,0,9,1,linux,BIC
bd6327fda2f3ded85b69b3c3125c99aaa51c7881,3,0,1,1,linux,BFC
2d0c418c91d8c86a1b9fb254dda842ada9919513,12,0,0,4,linux,BFC
b6fd77472dea76b7a2bad3a338ade920152972b8,9,0,6,1,linux,BFC
a5688e600e78f9fc68102bf0fe5c797fc2826abe,0,4,3,1,linux,BFC
bdc5f300958062a766518b81d5378f837149d5c1,146,0,0,1,linux,BIC
20dacb71ad283b9506ee7e01286a424999fb8309,23,17,48,6,linux,BIC
943e0da15370341a6e5d9baa5b6a7649c020e105,566,0,13,1,linux,BIC
beb27ca451a57a1c0e52b5268703f3c3173c1f8c,0,11,2,4,linux,BFC
89df6bfc04059716de2eb2fe529f05b3e124fafd,20,0,3,4,linux,BIC
efad8396e906d095521791e0408293c101543e50,2,0,0,1,linux,BFC
ec6a75ef8e33fe33f963b916fd902c52a0be33ff,0,1,1,1,linux,BFC
4d7ea8ee90e42fc75995f6fb24032d3233314528,69,0,25,2,linux,BIC
8312cd3a7b835ae3033a679e5f0014a40e7891c5,3,0,0,1,linux,BFC
4d64bb4ba5ecf4831448cdb2fe16d0ae91b2b40b,34,0,48,1,linux,BFC
646d73e91b4222ea972953bad4374a5ca903e79d,2,4,2,5,linux,BIC
013cc6ebbf41496ce4badedd71ea6d4a6d198c14,5,0,2,1,linux,BFC
2385ebf38f94d4f7761b1e9a4973d04753da02c2,2,0,1,1,linux,BIC
34cadd9c1bcbd5ad5a1f379b013526a8046d4aed,52,0,4,2,linux,BIC
16db3d3f1170fb0efca652c9378ce7c5f5cb4232,30,2,4,3,linux,BIC
4b1bd9db078f7d5332c8601a2f5bd43cf0458fd4,1,0,0,1,linux,BFC
aac51f09d96a0acfb73c1d1c0796358bb47ea07b,405,518,952,3,linux,BIC
9cecb138e54c54989375bceeb448affcdf03497f,1,0,0,1,linux,BFC
5b33e0ec881c609d96c9cce63fe15e0d0af457db,372,0,0,1,linux,BIC
3686637e507b48525fcea6fb91e1988bdbc14530,0,6,0,1,linux,BFC
e30a154b5262b967b133b06ac40777e651045898,7,3,2,1,linux,BFC
544e7c33ec2f8077685c254f5e3b03a85c0e62eb,240,15,11,2,linux,BIC
01eaac7e57134cae4e75b36195a10d525939c7bf,106,123,158,1,linux,BIC
9266d95405ae0c078f188ec8bca3a004631be429,3,0,2,1,linux,BFC
71ab6a7cfbae27f86a3901daab10bfe13b3a1e3a,0,5,5,1,linux,BFC
6608804b3d7f0552a38641b03a4e3aa1852df15b,34,0,0,2,linux,BIC
eefbfa7fd678805b38a46293e78543f98f353d3e,2,0,1,1,linux,BFC
25206111512de994dfc914f5b2972a22aa904ef3,0,3,0,1,linux,BFC
5acab91458ceae0e4b15205fda5437631089f7ee,4,0,2,1,linux,BFC
a4055e74a2ff7c70ccdb6c36254ad5181464f211,5,0,1,1,linux,BIC
ce8bdd6957202a38d67038e5ec940eed50f9f3eb,0,0,1,1,linux,BFC
32da12216e467dea70a09cd7094c30779ce0f9db,0,0,1,1,linux,BFC
c4a359a0049f2e17b012b31e801e96566f6391e5,0,0,1,1,linux,BFC
58bc4c34d249bf1bc50730a9a209139347cfacfe,3,0,0,1,linux,BIC
df66617bfe87487190a60783d26175b65d2502ce,1,0,0,1,linux,BFC
0e7788fd76222dba3229eada9162efab185923fc,181,0,0,2,linux,BIC
409ae5a76e0505c8ffe1424f9c00dbf2ec7b5eea,0,0,1,1,linux,BFC
fad214b0aa726ee21adcac4308d388efcb89d6bd,19,13,13,1,linux,BIC
32262e2e429cdb31f9e957e997d53458762931b7,17,0,0,1,linux,BIC
3f68c01be9a2227de1e190317fe34a6fb835a094,4890,0,2,46,linux,BIC
14e5ce79943a72b9bf0fff8a5867320a9fa3e40d,7,0,6,1,linux,BIC
403c0f681c1964ff1db8c2fb8de8c4067779d081,1,1,7,1,linux,BFC
359a376081d4fadfb073e3ddeb6bd6dc94d98341,64,4,0,2,linux,BIC
aae57773fbe01b573c9447d877964857cfe1d0f0,98,282,534,2,linux,BIC
d5361233e9ab920e135819f73dd8466355f1fddd,20,51,7,1,linux,BIC
24cf3af3fed5edcf90bc2a0ed181e6ce1513d2dc,2,2,3,1,linux,BIC
7044ab281febae9e2fa9b0b247693d6026166293,7,0,6,1,linux,BFC
e95e52a1788d4a8af547261875c0fbae2e6e3028,0,0,1,1,linux,BFC
ff690b2111ba591abf1ea157c543a4e9f91b309e,25,0,4,2,linux,BIC
61b6e2e5321da281ab3c0c04e1962b3d000f6248,4,0,4,2,linux,BFC
c3a72bb213209adfe981a4a92ea5746a778323e4,7,9,3,2,linux,BIC
b9c035aa43b8c074b3bcfdaaa8bea2537d85b7c3,0,0,1,1,linux,BFC
bf6a47644ea0928b2a6589ba9fb1221116d8bfaf,8,6,43,2,linux,BFC
65b6657672388b72822e0367f06d41c1e3ffb5bb,12,0,3,1,linux,BFC
83daab06252ee5d0e1f4373ff28b79304945fc19,0,0,1,1,linux,BFC
f48e91e87e67b56bef63393d1a02c6e22c1d7078,19,0,0,1,linux,BIC
b7a3623d87e912f2633a6010cbcb1a78ab11d26d,0,0,2,1,linux,BFC
528bc7808f4e36a330ec17ef22803f1345091494,7,0,2,1,linux,BIC
7feec7430edddb87c24b0a86b08a03d0b496a755,6,5,3,3,linux,BFC
ce86c239e4d218ae6040bec18e6d19a58edb8b7c,0,0,1,1,linux,BFC
8faeb1ffd79593c9cd8a2a80ecdda371e3b826cb,5,0,2,1,linux,BFC
d25ed413d5e51644e18f66e34eec049f17a7abcb,4,0,0,1,linux,BFC
dd38c72604dc8c49e6057010675651f3567dd3bf,86,14,28,1,linux,BIC
bf61099a21f5a4da3b0551a88d7b3551fa4fff08,7,3,7,2,linux,BFC
96a236ed286776554fbd227c6d2876fd3b5dc65d,44,5,6,4,linux,BFC
fff42928ade591969836ff49888d063b829ac888,0,0,1,1,linux,BFC
d0b9e42ab6155dc05fc83f00af9f45d4dd02264d,79,18,34,8,linux,BIC
c022a4a9572265fbc81e245e1322211c8ab0f4f4,38,48,54,1,linux,BIC
987d1149be7ddcc1380ff946cf236874421a7e1b,4,0,1,1,linux,BFC
628bd85947091830a8c4872adfd5ed1d515a9cf2,0,2,0,1,linux,BFC
bfab00b94bd8569cdb84a6511d6615e6a8104e9c,1,0,1,1,linux,BFC
6fcee03df6a1a3101a77344be37bb85c6142d56c,1,5,2,1,linux,BFC
ed29f894970065402e988088a19698f252b80144,7,0,1,1,linux,BIC
0b680e753724d31a9c45f059d1aad29df54584a1,6,0,1,2,linux,BIC
7f1f3851feb0b2d29fed61b22fc1604fff053483,261,0,14,6,linux,BIC
f4686c26ecc34e8e458b8235f0af5198c9b13bfd,207,127,12,8,linux,BIC
74608d17fe29b2cddceea609033019b32e8a0650,304,7,80,5,linux,BIC
aee16b3cee2746880e40945a9b5bff4f309cfbc4,99,0,0,2,linux,BIC
a1253ef6d3fabfe60838cd417b0624ab53df285e,64,37,19,3,linux,BIC
c062f2a0b04d86c5b8c9d973bea43493eaca3d32,0,0,2,1,linux,BFC
0213b7083e81f4acd69db32cb72eb4e5f220329a,5,18,13,1,linux,BFC
a97c69ba4f30e46abb9cc7be8b98227cb468fdf9,2180,0,0,6,linux,BIC
6aaad58c872db062f7ea2761421ca748bd0931cc,0,0,4,1,linux,BFC
fe121ee531d1362810bfd30f38a1b88b1d3d376c,6,0,0,1,linux,BFC
ef2c41cf38a7559bbf91af42d5b6a4429db8fc68,176,1,38,7,linux,BIC
2f7e489611bc685b8e00aba436032a8aac6cac57,4,0,0,2,linux,BFC
d9191319358da13ee6a332fb9bf745f2181a612a,22,1,3,5,linux,BIC
0b7421f0a6a41a8ce60c4dadf6f9e7c62fbd2f1f,18,85,12,11,linux,BFC
944a45abfabc171fd121315ff0d5e62b11cb5d6f,65,1,9,3,linux,BIC
a96cd0f901eecd9589477cc2cd46bdb4f1f3e49a,47,0,13,4,linux,BIC
308bbc9ab838d0ace0298268c7970ba9513e2c65,4,0,2,1,linux,BFC
f4c34b1e2a37d5676180901fa6ff188bcb6371f8,0,18,0,2,linux,BIC
6d4e56ce977864b0fcd28c61555060e6010aa89b,0,2,2,1,linux,BFC
673aa20c55a138621d1340d343cd6b07c1cb4e92,533,82,0,1,linux,BIC
5bf83c29a0ad2e78683c318b607539dbadbf7a3b,9,0,1,2,linux,BIC
df4d29732fdad43a51284f826bec3e6ded177540,6,2,11,1,linux,BFC
da706e5034c34602e0fb199e5be712ab7bf2c028,5,5,5,1,linux,BFC
712042313b23b5df7451faf4b279beb3025e990c,21,7,36,2,linux,BFC
37afb00032424d684a48d649fcfb8b5e4f17c409,170,1,0,1,linux,BIC
89ccf18f032f26946e2ea6258120472eec6aa745,0,0,2,1,linux,BFC
483bed2b0ddd12ec33fc9407e0c6e1088e77a97c,1,0,1,1,linux,BFC
5af8be6b0c7e49124cd04ad144d3aae615e3daea,0,1,1,1,linux,BFC
84da83a6ffc0b730f64604d869e0697ad106fd42,5,2,19,1,linux,BIC
fa355bb1b0373e7fe087cfc830b1b0b9b6130388,1,0,3,1,linux,BFC
479826cc86118e0d87e5cefb3df5b748e0480924,1,0,0,1,linux,BFC
239071064732bc4a30308cbba11014aa1aab550a,0,1,0,1,linux,BFC
a2d7b2e004af6b09f21ac3d10f8f4456c16a8ddf,0,21,24,1,linux,BIC
4a8937b83892cb69524291cae6cdabad4a8be033,2,2,0,1,linux,BFC
92425c40676d498efccae6fecdb8f8e4dcf7e4a4,0,3,1,1,linux,BFC
b3cffac04eca9af46e1e23560a8ee22b1bd36d43,0,0,3,1,linux,BFC
b2ff0d510182eb5cc05a65d1b2371af62c4b170c,9,0,0,1,linux,BFC
3d6d103538e73a5710ea66d95fa2b652bf6eab77,0,0,1,1,linux,BFC
d1f24712a86abd04d82cf4b00fb4ab8ff2d23c8a,0,1,0,1,linux,BFC
d06cfe3f123c50449a0c3ece21bc16668289c50f,270,302,4,3,linux,BIC
305b37bd01c220a7a6285911d43c9884270257be,0,0,0,1,linux,BIC
1819ef2e2d12d5b1a6ee54ac1c2afe35cffc677c,2,0,0,1,linux,BIC
8de707aeb4524140d9c37a3cf607e57e753d8529,88,0,0,5,linux,BIC
01a14098d3374e1b931d605da666300ee248d3d9,3,0,1,1,linux,BFC
ea7cd59233097984850adc0e4119644f089be734,143,69,71,1,linux,BIC
a4769905f0ae32cae4f096f646ab03b8b4794c74,0,14,0,2,linux,BFC
c164d6abf3841ffacfdb757c10616f9cb1f67276,978,0,0,3,linux,BIC
e3b9e6e3a989904ae062e7a48a9431edc837ea6b,2,0,1,1,linux,BFC
be167862ae7dd85c56d385209a4890678e1b0488,5,0,1,2,linux,BFC
3929502b957ed05575e74134a817f26c42d13e2c,3,0,1,1,linux,BFC
ae36b62927f1cfe81095641d6279cbf23fb64b2a,2,0,2,1,linux,BFC
665c365a77fbfeabe52694aedf3446d5f2f1ce42,2,2,0,1,linux,BFC
581642f32f33017619355b7d91704c152df1fc2d,4,0,2,1,linux,BFC
c2d75e03d6307bda0e14b616818a6f7b09fd623a,4,0,2,1,linux,BIC
5d78e1c2b7f4be00bbe62141603a631dc7812f35,0,0,1,1,linux,BFC
c5c6e589a8c811c7f20024cc22209ae984fc2b98,31,0,6,1,linux,BFC
d8ad55538abe443919e20e0bb996561bca9cad84,0,3,0,1,linux,BFC
d3d239dcb8aae6d7b10642d292b404e57604f7ea,0,0,1,1,linux,BFC
e920dde5160887d07b738f5a7f593b1fa9b1e32e,31,45,35,1,linux,BIC
c56453a00f19ccddee302f5f9fe96b80e0b47fd3,2,0,2,1,linux,BFC
93d8da8d7efbf690c0a9eaca798acc0c625245e6,0,2,0,1,linux,BFC
b9f83ffaa0c096b4c832a43964fe6bff3acffe10,1,0,1,1,linux,BFC
6f121e548f83674ab4920a4e60afb58d4f61b829,294,102,72,12,linux,BIC
c07e6719511e77c4b289f62bfe96423eb6ea061d,9,0,10,1,linux,BIC
562d7b1512f7369a19bca2883e2e8672d78f0481,63,16,49,5,linux,BIC
323b190ba2debbcc03c01d2edaf1ec6b43e6ae43,4,0,2,1,linux,BFC
5f5423ffa223a0beb755563beac67f741662870b,0,0,1,1,linux,BFC
84e7a946da71f678affacea301f6d5cb4d9784e8,1,0,1,1,linux,BFC
8a25c4be583d8a9e38fbadcc49d4de32b1aa8906,18,7,102,30,linux,BIC
c51a564a5b48355f30309b84cdffe3f96d1ae0d3,1415,1297,89,7,linux,BIC
1d3ee7df009a46440c58508b8819213c09503acd,7,0,4,1,linux,BFC
fee7acc361314df6561208c2d3c0882d663dd537,10,1,7,1,linux,BFC
5983a8a4a4dc13b5f192212a5e744eb303cd65c2,0,0,2,1,linux,BFC
f77ebb241ce00ec99ed4e42ff3ab38dd6d1ce6f5,1,2,8,1,linux,BIC
774b514390b1eb8476bc759262790762bd1ef45a,68,0,2,2,linux,BIC
4827d0cf744e7e9cc73f10e1f4eaca904a3868c1,72,0,0,4,linux,BIC
1fcccbac89f5bbc5e41aa72086960059fce372da,174,99,10,10,linux,BIC
d927ccfccb009ede24448d69c08b12e7c8a6979b,6,0,0,1,linux,BFC
dc312349e87526dfe6387c1a82fafded706f0572,1,0,0,1,linux,BIC
1085ba7f552d84aa8ac0ae903fa8d0cc2ff9f79d,0,6,9,1,linux,BIC
975434f8b24a55af31daa4634972890c061a0a0c,3,0,12,1,linux,BIC
c38af9825eff8ff76b9d57dd62ebc7ff6050464c,1,0,1,1,linux,BFC
6d4d367d0e9ffab4d64a3436256a6a052dc1195d,30,0,2,2,linux,BFC
228d120051a2234356690924c1f42e07e54e1eaf,24,24,0,1,linux,BFC
4f4bde1df33bde076f53325bdf2c6430cf85e1bb,0,0,1,1,linux,BFC
28eb119c042e8d3420b577b5b3ea851a111e7b2d,0,0,1,1,linux,BFC
3c2d24a9147e4c041ce94be2d166afe89225ff93,15,0,14,4,linux,BFC
c195d66a8a75c60515819b101975f38b7ec6577f,7,0,3,1,linux,BFC
7b6a70f7376479ee0a185b7c2e57b26243f1052d,3,0,0,1,linux,BFC
5ce2dced8e95e76ff7439863a118a053a7fc6f91,15,0,0,3,linux,BIC
b398123bff3bcbc1facb0f29bf6e7b9f1bc55931,7,0,1,3,linux,BFC
ed16648eb5b86917f0b90bdcdbc857202da72f90,0,0,0,1,linux,BIC
b2ecf00631362a83744e5ec249947620db5e240c,1,0,1,1,linux,BFC
a0e3cc65fa29f497cc97a069c318532c2a48d148,57,0,8,7,linux,BIC
ac6b7e0d9679db908d92fb96605d1ce01e8173d4,1,0,3,1,linux,BFC
f9f76879bc4521019697970bad3bc1dd0bec211f,12,0,1,1,linux,BFC
0dfbdf4102b9303d3ddf2177c0220098ff99f6de,144,63,92,2,linux,BIC
cfda2d8e2314d195902653bdd689e23b287e7d45,98,59,67,4,linux,BIC
52a9dab6d892763b2a8334a568bd4e2c1a6fde66,0,7,2,1,linux,BFC
62b0194368147def8c5a77ce604a125d620fc582,109,11,1,6,linux,BIC
bbcf40816b547b3c37af49168950491d20d81ce1,6,0,0,1,linux,BFC
db60eb5f6506cbfb437cf51be050368e6577a848,1,46,2,1,linux,BFC
8b5026bc16938920e4780b9094c3bf20e1e0939d,0,4,10,3,linux,BIC
59d1d2e8e1e7c50d2657d5e4812b53f71f507968,2,0,1,2,linux,BFC
5bec7ca2be6955ca1aa0d7bae2b981de9b1c9844,1,0,0,1,linux,BFC
051c7b39be4a91f6b7d8c4548444e4b850f1f56c,0,0,3,1,linux,BFC
73b7a6047971aa6ce4a70fc4901964d14f077171,46,0,3,4,linux,BIC
f030e419501cb95e961e9ed35c493b5d46a04eca,1,0,0,1,linux,BFC
45a9c9d909b24c6ad0e28a7946e7486e73010319,3,4,4,2,linux,BIC
22f760941844dbcee6ee446e1896532f6dff01ef,2,0,3,1,linux,BFC
9123c8ffce1610323ec9c0874fa0262353f41fc3,38,25,5,1,linux,BIC
a9b3311ef36b670909ea4443f306c8318082c8f0,0,0,3,1,linux,BFC
bd59380c5ba4147dcbaad3e582b55ccfd120b764,153,0,0,1,linux,BIC
3d5b1ecdea6fb94f8c61554fcb2ba776a2d3d0e6,633,0,1,3,linux,BIC
aca20d5462149333ba8b24a4a352be5b7a00dfd2,78,0,5,3,linux,BIC
b20fd5fa310cbf7ec367f263a34382a24c4cee73,0,1,1,1,linux,BIC
689efb2619b58fa21da6c9b96b74f5d1fb8d2b46,10,0,2,1,linux,BIC
d40a126b16ea851f858f97b0e214d97c8355cecb,12,0,48,1,linux,BIC
0fbc81b3ad513fecaaf62b48f42b89fcd57f7682,251,560,134,10,linux,BIC
6f1a1d103b48b1533a9c804e7a069e2c8e937ce7,47,0,11,2,linux,BFC
bfab7c8ff89a9dddbe9a08299c24f5e2bf3953f9,1,0,0,1,linux,BFC
8b949bef9172ca69d918e93509a4ecb03d0355e0,5,0,1,1,linux,BFC
20314ce30af197963b0c239f0952db6aaef73f99,2,0,0,1,linux,BFC
a712c3ed9b8a4565a200f3e8e09c42079b1666b3,158,0,0,2,linux,BIC
87326e858448c40e32f142c0b8dcc59d7b27c641,1,21,3,1,linux,BIC
bc05f30fc24705cd023f38659303376eaa5767df,7,0,10,1,linux,BFC
43b67309b6b2a3c08396cc9b3f83f21aa529d273,0,0,1,1,linux,BFC
1aa366163b8b69f660cf94fd5062fa44859e4318,25,35,58,3,linux,BIC
76f2e2bc627f7d08360ac731b6277d744d4eb599,0,0,2,1,linux,BFC
fab09aaee80389a37d8ab49396afbb77fa86583a,0,0,1,1,linux,BFC
ca24a648f535a02b4163ca4f4d2e51869f155a3a,273,0,0,1,linux,BIC
5e2e2600a3744491a8b49b92597c13b693692082,0,1,0,1,linux,BFC
103dd2338bbff567bce7acd00fc5a09c806b38ec,4,0,0,1,linux,BFC
2b5b8251bc9fe2f9118411f037862ee17cf81e97,2,0,0,1,linux,BFC
604be85547ce4d61b89292d2f9a78c721b778c16,3499,0,1,8,linux,BIC
05c985436dfe81ab784251a54dd69be5b2dea98a,2,0,5,1,linux,BFC
047487c947e8b96b94579c3a33207bd4e266b4c6,635,0,0,2,linux,BIC
880ac60e2538337f84d9f76ab7b3c13ee7787804,200,0,5,2,linux,BIC
6e4bf586778315b3fc53b728c53eefc247cfc3ff,4,90,5,4,linux,BIC
13443154f6cac61d148471ede6d7f1f6b5ea946a,3,0,3,1,linux,BFC
467ef10c68b90b940412390dcd14bbfe8cc40e73,17,3,4,2,linux,BFC
59dc3d8c867370b4860c9df3eb5483da46823a4b,8,4,0,1,linux,BIC
8ba60924710cde564a3905588b6219741d6356d0,4,0,0,1,linux,BFC
0a6f2f05a2f50cdfea863887ffc3ad315fa4daf1,0,0,1,1,linux,BFC
2df8bee5654bb2b7312662ca6810d4dc16b0b67f,2,5,0,1,linux,BFC
ca4e4efbefbbdde0a7bb3023ea08d491f4daf9b9,0,0,2,1,linux,BFC
968dcfb4905245dc64d65312c0d17692fa087b99,0,0,12,1,linux,BFC
e04527fefba6e4e66492f122cf8cc6314f3cf3bf,0,0,1,1,linux,BFC
cc7b0d495589e03607a925a60a3c969debbc4746,2,0,5,1,linux,BIC
90be7c8ab72853ff9fc407f01518a898df1f3045,0,0,2,1,linux,BFC
3c0dde35e6aee456abc8d8549ff7ee0963274214,0,0,2,1,linux,BFC
831bf664e9c1fc08fc6b3984d00d275cac82f5e9,43,30,20,1,linux,BIC
44d95cc6b10ff7439d45839c96c581cb4368c088,0,0,1,1,linux,BFC
0122af0a08243f344a438f924e5c2486486555b3,6,3,0,1,linux,BFC
b49ea673e119f59c71645e2f65b3ccad857c90ee,8,0,2,2,linux,BIC
08b5a6e2a769f720977b245431b45134c0bdd377,2,0,2,1,linux,BFC
aa4a829bdaced81e70c215a84ef6595ce8bd4308,16,0,0,1,linux,BFC
8cebedb643832586162aa5313cae781173c1f81b,2,0,2,1,linux,BFC
3d849b02336be103d312c1574d6f7314d5c0bc9f,1,0,1,1,linux,BFC
17d33bc9d6ef96008c8e6ee062da8d955fae97f7,0,9,1,1,linux,BIC
939659dfd3ed4ff36dde532782207cfb0e5fbcf6,4,0,0,1,linux,BFC
83d83bebf40132e2d55ec58af666713cc76f9764,136,8,0,3,linux,BIC
ddcc9b7feb451c5c8145d11879a6585a4ddd317d,1,0,3,1,linux,BFC
72a671ced66db6d1c2bfff1c930a101ac8d08204,168,304,180,8,linux,BIC
5f1d00420f46774fea45244effc6dbcd53cb6bdf,221,0,0,1,linux,BFC
6ec4c5eee1750d5d17951c4e1960d953376a0dda,6,0,2,1,linux,BFC
d1558f4e95cb14b0fff5c0b839c15a21f7e8aed0,0,2,2,1,linux,BFC
98c3b32229f2685c13436b652b8959c99dfc5a31,0,0,1,1,linux,BFC
b36f04fa9417c58d53b1c54bf868b9da8f73810f,0,0,10,1,linux,BIC
918e75f77af7d2e049bb70469ec0a2c12782d96a,3,0,3,1,linux,BFC
be8c8facc707d48f367d9313f5972353d24f19be,293,0,0,1,linux,BIC
44f61b5c832c4085fcf476484efeaeef96dcfb8b,25,0,14,2,linux,BFC
2ff969fbe2bfa4486b66226917352d4bb12ec1cb,2,0,2,1,linux,BFC
bd6227a150fdb56e7bb734976ef6e53a2c1cb334,0,0,4,1,linux,BFC
0b2d8a7b638b5034d2d68f6add8af94daaa1d4cd,63,4,1,2,linux,BIC
a8b897c7bcd47f4147d066e22cc01d1026d7640e,13,0,0,2,linux,BFC
2abdc357c55d9e728f6710cf22618889f16a00f6,7,0,0,1,linux,BIC
222b5f044159877504dbac9bc1910f89a74136e2,88,47,43,5,linux,BIC
0361c7e504b1fa3c2901643088e2f29c0354ab31,30,29,7,2,linux,BIC
f9d460b341f23a9bb7df8868975fdfcc2e71aa9b,0,0,1,1,linux,BFC
d1bacf9eb2fd0e7ef870acf84b9e3b157dcfa7dc,142,156,167,1,linux,BIC
3a4d17457dc9d27e4901a087cb5f444b6d83705d,0,0,1,1,linux,BFC
813071438e83d338ba5cfe98b3b26c890dc0a6c0,8,0,5,2,linux,BFC
8262e6f9b1034ede34548a04dec4c302d92c9497,48,0,4,1,linux,BFC
66b8173a197fb754a54798820f1e46f3d9df7819,1206,0,0,1,linux,BIC
2f9237d4f6df49b74c51cdac555b0a9979d0c237,15,0,5,4,linux,BIC
2cad515ece8ad4e8d696ccb5cd46940d7fcca2e3,2,39,67,3,linux,BIC
2f0aea9363609433b38ab13f0f86f38372668c68,20,6,49,3,linux,BIC
b7493e91c11a757cf0f8ab26989642ee4bb2c642,0,0,1,1,linux,BIC
6503a30440962f1e1ccb8868816b4e18201218d4,1,0,0,1,linux,BFC
ccfee1822042b87e5135d33cad8ea353e64612d2,1,0,0,1,linux,BFC
4473710df1f8779c59b33737eeaa151596907761,0,0,14,2,linux,BIC
273500ae71711c040d258a7b3f4b6f44c368fff2,4,0,0,1,linux,BFC
746facd39370cc10038eba695f37269c6a401fda,353,0,10,7,linux,BIC
416ef713631937cf5452476a7f1041a3ae7b06c6,4,0,0,1,linux,BFC
6b24ca4a1a8d4ee3221d6d44ddbb99f542e4bda3,46,30,26,6,linux,BIC
ef42719814db06fdfa26cd7566de0b64de173320,2,0,1,1,linux,BFC
c93d81955005c2ac0ea072f88d376026208410e1,15,0,2,1,linux,BIC
5e4fb6429761ebe8f5acb5a761fa57d02a91ac6f,11,0,0,1,linux,BIC
e3cfc7e6b7bd59e4ce244deedbad4d1b7a609415,74,0,3,4,linux,BIC
57025817eaa42c0b6e2a907f28a125c74e3b2fc6,13,0,1,1,linux,BFC
a38f7907b926e4c6c7d389ad96cc38cec2e5a9e9,425,0,0,3,linux,BIC
34ab17cc6c2c1ac93d7e5d53bb972df9a968f085,0,0,1,1,linux,BFC
e881d3f3fafc849356ecd1e3a2f3bf669476ed2d,0,0,3,1,linux,BFC
dc26c17f743aa8e4720a5fda577dde855f2e36f8,17,5,6,3,linux,BIC
270a8a297f42ecff82060aaa53118361f09c1f7d,0,1,1,1,linux,BFC
b02d196c44ead1a5949729be9ff08fe781c3e48a,1,2,2,1,linux,BFC
d894992502474a6e84644012deb14a0280acbf96,0,0,2,1,linux,BFC
c93faaaf2f67ba5396840316651cdc7640d9fa9e,6,0,0,2,linux,BIC
115865fa0826ed18ca04717cf72d0fe874c0fe7f,0,2,0,1,linux,BFC
a39644b235c1a45f84d6e16603cacb93740ed2d4,0,0,1,1,linux,BFC
301bd140ed0b24f0da660874c7e8a47dad8c8222,12,2,8,2,linux,BFC
df5fbca677c916d1959f814b41b841b65e450027,0,0,1,1,linux,BFC
7b9cae027ba3aaac295ae23a62f47876ed97da73,0,0,1,1,linux,BFC
4cd83037cd957ad97756055355ab4ee63f259380,0,0,2,1,linux,BFC
7f51412a415d87ea8598d14722fb31e4f5701257,95,30,2,5,linux,BIC
4d47ce158efb7b145c680e79cd33e3c6fd773de4,0,3,0,1,linux,BFC
771acc7e4a6e5dba779cb1a7fd851a164bc81033,1,1,0,1,linux,BFC
09073396ea62d0a10b03f5661dcabfd8eca3f098,2,0,2,1,linux,BFC
2a0b965cfb6efc667228831fc3a30308b4f94a87,44,6,2,1,linux,BIC
13370a9b5bb88f7aa90e5be68972d95096b20a6d,128,1,14,1,linux,BIC
91d9f8fcf7cc222f4bc7b5fc6496d137eadf8226,0,2,0,1,linux,BFC
536de747bc48262225889a533db6650731ab25d3,57,0,29,1,linux,BFC
bf1d8edb38bbf0628c1f2de7d13ab98533c1fe60,0,0,2,1,linux,BFC
cb1fa088772e9e331841b10bea88d833ec8c01fa,0,0,1,1,linux,BFC
9d5b86ac13c573795525ecac6ed2db39ab23e2a8,25,14,20,8,linux,BIC
86a2b2043af79deff5cf000c5a08847faa4f2ee0,72,0,19,5,linux,BFC
7a42589654ae79e1177f0d74306a02d6cef7bddf,4,0,2,1,linux,BFC
c85be041065c0be8bc48eda4c45e0319caf1d0e5,4,0,0,1,linux,BFC
5cd24cbe7dca62089ac6228f1dd14729d7da6ed8,18,7,7,1,linux,BFC
70dd83d737d8900b2d98db6dc6b928c596334d37,9,0,0,1,linux,BFC
b8c158395119be62294da73646a3953c29ac974b,3,0,0,1,linux,BFC
53b9ec3fbb7da97d13951debbd42e3a0c4a7c9f7,2,0,1,1,linux,BFC
c4295ab0b485b8bc50d2264bcae2acd06f25caaf,0,5,1,4,linux,BFC
f39ea2690bd61efec97622c48323f40ed6e16317,0,0,1,1,linux,BFC
3e05bde8c3c2dd761da4d52944a087907955a53c,3,2,3,1,linux,BIC
fd7da28b280d0c8b94417e85e49fea3db1ba7965,24,0,1,1,linux,BIC
9b1c0c0e25dcccafd30e7d4c150c249cc65550eb,0,0,2,1,linux,BFC
9ab0233728cab92575eee90a86cda639ef34ba57,0,0,2,1,linux,BIC
bd2f631d7c60502e24e801a3eea1806868951bcc,9,0,0,1,linux,BIC
1278d17a1fb860e7eab4bc3ff4b026a87cbf5105,24,1,7,1,linux,BFC
5eb449e15d2396785a8eb15baf42cea33db9ae13,0,0,1,1,linux,BFC
0fd85869c2a9c8723a98bc1f56a876e8383649f4,12,0,4,1,linux,BIC
b4e2f6ac1281cd3e066919cc762eef4924e9fcc5,13,0,5,1,linux,BIC
14c255d35b25126149fb2fd199b030404229af65,34,6,4,2,linux,BIC
11ea68f553e244851d15793a7fa33a97c46d8271,63,0,3,4,linux,BIC
d12a8727171c770990c246f0682f0af7859bb245,5,5,8,8,linux,BIC
9b41080125176841ece49b661aa133afffe99381,356,53,93,2,linux,BIC
dc23103278c5ad53c177a25e209ef687e6d5d293,60,0,0,1,linux,BIC
bf4e9f24a8d9e63c9cbd9cbeb84fc8a9a46ff1a3,6,0,2,2,linux,BFC
3170a21f7059c4660c469f59bf529f372a57da5f,0,0,2,1,linux,BFC
21f8a99ce61b2d4b74bd425a5bf7e9efbe162788,0,3,0,1,linux,BFC
8e14f610159d524cd7aac37982826d3ef75c09e8,22,0,1,1,linux,BFC
fa83e65885b9147e2f2b89fdd4ecf7b4ff91571d,10,1,2,2,linux,BIC
fd5da3e2cc61b4a7c877172fdc9348c82cf6ccfc,9,0,0,1,linux,BFC
9a7f95ad1c946efdd7a7a72df27db738260a0fd8,58,0,3,2,linux,BIC
3365495c1883561e4a8811f46a3800c512a3c00a,1,0,1,1,linux,BFC
fd24a8624eb29d3b6b7df68096ce0321b19b03c6,1,0,0,1,linux,BFC
10de032a31683585292cd10b598d896d7bcf276f,18,0,9,2,linux,BFC
dcda9b04713c3f6ff0875652924844fae28286ea,39,0,46,23,linux,BIC
3641762c1c9c7cfd84a7061a0a73054f09b412e3,11,0,5,1,linux,BFC
c6995117b60ef3f7afca8fb41f906e9f459d869a,5,0,5,1,linux,BFC
cb626bf566eb4433318d35681286c494f04fedcc,2,0,1,1,linux,BIC
87cbde8d9081b91df86a21d0d743cd700e04890a,4,0,7,1,linux,BFC
639f181f0ee20d3249dbc55f740f0167267180f0,0,0,2,2,linux,BFC
b98def7ca6e152ee55e36863dddf6f41f12d1dc6,2,0,1,1,linux,BFC
a44eb74cd413fa62733d7df89942eabaf26176eb,116,129,1,2,linux,BIC
3ad216ee73abc554ed8f13f4f8b70845a7bef6da,3,0,1,1,linux,BFC
ca41ec1b30434636c56c5600b24a8d964d359d9c,37,0,1,1,linux,BFC
1436a78c63495dd94c8d4f84a76d78d5317d481b,0,0,5,1,linux,BFC
035fbafc7a54b8c7755b3c508b8f3ab6ff3c8d65,0,0,1,1,linux,BFC
bb1860efc817c18fce4112f25f51043e44346d1b,0,2,0,1,linux,BIC
c080128b6f05cb803d830e6bf2ec0b214435ce38,0,0,1,1,linux,BFC
edd96fa0defd3266f6508eda9acb016b71e77c2e,0,0,1,1,linux,BFC
81a4362016e7d8b17031fe1aa43cdb58a7f0f163,119,0,44,4,linux,BIC
367948220fcefcad1bf0d3d595a06efe0694acae,1,145,10,8,linux,BIC
3849e0924ef14a245aa292ecaa9accdc4792012c,0,1,2,1,linux,BFC
5ebf6b1e459606d7fbf4fc67d2c28a6540953d93,5,0,0,1,linux,BFC
3e1740993e43116b3bc71b0aad1e6872f6ccf341,3,0,0,1,linux,BFC
fa76ce7328b289b6edd476e24eb52fd634261720,43,68,130,18,linux,BIC
d3622099c76f623784639e57942c52f8045e47ec,31,0,2,2,linux,BIC
6f542ebeaee0ee552a902ce3892220fc22c7ec8e,3,3,0,1,linux,BIC
84d7f2ebd70d36e9d83e0973d2f4dac56a671f4f,4,0,0,1,linux,BIC
75d31c2372e4a08319919b14bd160c48305373a1,73,0,4,1,linux,BIC
1b10a0316e2d5e278a3cff14adcfcde71792f016,0,0,76,1,linux,BIC
18bceab101adde8f38de76016bc77f3f25cf22f4,143,69,3,1,linux,BIC
7d36b9c102318aa86aceb074359305da88ce9ef9,0,0,1,1,linux,BFC
a913e5e8b43be1d3897a141ce61c1ec071cad89c,5,0,0,1,linux,BFC
85ad1d13ee9b3db00615ea24b031c15e5ba14fd1,21,4,19,6,linux,BIC
6b8562c86e249b6d46d3c1f02afe570368b01e67,17,0,1,2,linux,BIC
7c0a33d61187a413f29f63d106b503b9c91680e8,10,0,1,1,linux,BIC
ed29f9426d9bf1b5ec7e79dfb28f39de7b3a0069,739,0,0,1,linux,BIC
df84fe94708985cdfb78a83148322bcd0a699472,0,0,1,1,linux,BFC
a38d1107f937ca95dcf820161ef44ea683d6a0b1,113,0,7,5,linux,BIC
3b8c4ebb76302af86873158d192d76ba3b260ca8,96,0,3,4,linux,BIC
5d53f4c22d367b214f6f737db5cbe6f4a86db747,12,2,3,1,linux,BFC
501a78cbc17c329fabf8e9750a1e9ab810c88a0e,0,0,1,1,linux,BFC
b08e50dd64489e3997029d204f761cb57a3762d2,0,0,1,1,linux,BFC
ee8f537fd8b71c555d01a89e0834413bbf5373d4,0,9,0,2,linux,BIC
e278af89f1ba0a9ef20947db6afc2c9afa37e85b,0,0,1,1,linux,BFC
c340702ca26a628832fade4f133d8160a55c29cc,7,0,4,1,linux,BFC
d9815bff6b379ff46981bea9dfeb146081eab314,2,0,0,1,linux,BFC
8043c845b63a2dd88daf2d2d268a33e1872800f0,4,1,2,1,linux,BFC
7bc04215a66b60e198aecaee8418f6d79fa19faa,6916,0,0,21,linux,BIC
4f58f0bf155e87dda31a3088b1e107fa9dd79f0e,3,0,6,1,linux,BFC
c7d7ddee7e24eedde6149eefbcfbfbc7125b9ff0,137,39,36,4,linux,BIC
cfe4bd7a257f6d6f81d3458d8c9d9ec4957539e6,20,0,0,1,linux,BFC
4911c5acf9351c4caf692895c7cf6a4fa46c26b0,38,49,35,2,linux,BFC
707e6835f89419ff1c05e828c2d9939fd95a7ad8,1,0,1,1,linux,BFC
6a48faeeca10a57d13deb29069591fc20a6e8117,711,0,5,6,linux,BIC
113156bcea9ef1e6b3bafc53e64f7812c356b21b,273,193,1,1,linux,BIC
13cf199d0088b77ab08a9594df2e73e775317ed2,61,0,2,2,linux,BIC
0af5e0b41110e2da872030395231ab19c45be931,78,0,2,2,linux,BIC
9e8084d3f761413b2d58b2625bc6e332eab2bfce,10,0,0,1,linux,BIC
27603a606fda0806d7c08914bc976931aa42020e,1,0,1,1,linux,BFC
9f794056db5bb1e1add83ed553b6aec57298358c,533,0,0,1,linux,BIC
4f3391ce8f5a69e7e6d66d0a3fc654eb6dbdc919,3,0,2,1,linux,BFC
5c957c7ca78cce5e4b96866722b0115bd758d945,119,0,2,2,linux,BIC
2e917d602acd9e3e8c6e4c43b213c8929d986503,0,0,1,1,linux,BFC
0273ac349f08f4ff9ef88aaaf9c9f2aa6e87d2be,6,0,1,2,linux,BFC
eb45f2110b036e4e35d3f3aaee1c2ccf49d92425,0,8,8,1,linux,BFC
241b888791ee2fa47b97b3b9dc0e857d241db18d,0,0,1,1,linux,BFC
3d05035efaac1e9a4583b62cd70ecb8541399c0f,0,0,1,1,linux,BFC
e00c8cc93c1ac01ecd5049929a50fb47b62bb041,17,11,79,7,linux,BIC
27da0d2ef998e222a876c0cec72aa7829a626266,10,0,4,1,linux,BFC
0cd58e5c53babb9237b741dbef711f0a9eb6d3fd,3,5,0,1,linux,BFC
3366463513f544c12c6b88c13da4462ee9e7a1a1,13,0,8,1,linux,BIC
2d29bcc8c237874795175b2930fa9a45a115175a,0,0,1,1,linux,BFC
d5542923f200f95bddf524f36fd495f78aa28e3c,218,0,0,1,linux,BIC
5789284710aa121416524acc54ac0d8c27c3c2ef,52,21,0,2,linux,BIC
dc4e2801d400b0346fb281ce9cf010d611e2243c,52,2,31,2,linux,BIC
32b41f93dcaf240c4e8241b22dbba6f0dbf4de9d,4,13,14,1,linux,BIC
84135d3d18da2ff17d3ad1a609b2818cc3049552,128,7,59,5,linux,BIC
5cf700ac9d50353dc5b8194a57c6f40bf1fc4424,0,0,4,1,linux,BIC
bad8e64fb19d3a0de5e564d9a7271c31bd684369,8,2,4,1,linux,BFC
14b51ccd26742811ced3ee5e52ee6544f5d6105c,0,9,6,1,linux,BFC
13060b64b819c194909121b90b5f8dd9abb5ea4e,22,0,2,2,linux,BIC
7f1847ebf48b2e5753691cc9e2a404c260383933,5,3,4,1,linux,BIC
e06871cd2c92e5c65d7ca1d32866b4ca5dd4ac30,0,2,4,1,linux,BFC
6cc65be4f6f2a7186af8f3e09900787c7912dad2,0,0,1,1,linux,BFC
3e6a4b3e0289dc9540a2c1d8a20657f4707fbabb,5,0,2,2,linux,BIC
2d9a744685bc3a4bf1d097782550c450ff0c3b04,0,1,1,1,linux,BIC
163e0c27fead96fd6804fa59a55fc4f841d38db8,0,1,0,1,linux,BFC
35e77d21baa04b554bf3dc9a08dfa7e569286e51,10,1,10,5,linux,BIC
30df23c5ecdfb8da5b0bc17ceef67eff9e1b0957,5,0,11,1,linux,BFC
c2e77a18a7ed65eb48f6e389b6a59a0fd753646a,0,0,2,1,linux,BFC
68d1f1d4af188c290087958c75c7b89a816e1137,2,0,0,1,linux,BFC
619a6f1d1423d08e74ed2b8a2113f12ef18e4373,1075,0,0,1,linux,BIC
24a2042cb22fdfc7feef0df9622f0d9d71b8ced1,64,0,1,6,linux,BIC
22d199a53910e2b1666bf873f10779a66844c126,494,0,0,1,linux,BIC
d7f9b2f18eaef74b4f948c7e24e3a8f796f0c90d,870,797,50,5,linux,BIC
db2c24175d149b55784f7cb2c303622ce962c1ae,4,0,10,1,linux,BIC
bcf141b2eb551b3477b24997ebc09c65f117a803,24,0,1,2,linux,BFC
cf0c4eb15e9dfef7abc9d089740c2560856cf127,8,1,0,1,linux,BFC
5e29d1443c46b6ca70a4c940a67e8c09f05dcb7e,2,0,1,1,linux,BFC
0f9866f7e85765bbda86666df56c92f377c3bc10,0,0,3,1,linux,BFC
7540599a5ef1cbe8d20993ca0c3202d8409338e1,8,1,2,3,linux,BIC
4a23d1793f8e268e5867eec6c20abe78ec28ba5f,72,8,50,1,linux,BIC
20dd4c624d25156d5ec3345bbb690b98175ef879,2,0,2,1,linux,BFC
eb8eb02ed850df95ba2224515b95eb311904e992,0,14,29,1,linux,BIC
986eee3a5234fa43b94928f63b9fd8b513cd96e7,0,0,1,1,linux,BIC
6fb34812c2a2a4cdcdad4452b9634892812fa97b,89,0,14,3,linux,BIC
51abcf7fdb70b82b7f8a7c177271f29aed9866bd,3437,0,0,2,linux,BIC
df8eac8cafce7d086be3bd5cf5a838fa37594dfb,45,0,0,1,linux,BIC
c535e923bb97a4b361e89a6383693482057f8b0c,5489,0,0,5,linux,BIC
3f167e1921865b379a9becf03828e7202c7b4917,0,0,1,1,linux,BFC
6ec23aaaac43c9ab2e5f9dbfeedd5290d1803892,180,73,91,6,linux,BIC
bdbc13c204ee3e742289730618002ff9f21109bf,0,0,2,1,linux,BFC
a472e65fc490ab87e30b7fecb8981f02dbb2b865,292,7,1,4,linux,BIC
d62caabb41f33d96333f9ef15e09cd26e1c12760,32,16,31,7,linux,BIC
1c7032258d568f9a7aeb4c541786699d9a219a2a,1,0,0,1,linux,BFC
b28de385b71abf31ce68ec0387638bee26ae9024,0,1,2,1,linux,BFC
6d451367bfa16fc103604bacd258f534c65d1540,0,3,3,1,linux,BFC
6355592e6b55be8c568b62efba5fe5a1c919a2db,0,0,1,1,linux,BFC
8e995bf14fdb7e33681d5c3312b602fa342b878a,0,0,2,1,linux,BFC
5f11723b204aaf461e7a5242fc732222d2f0aa17,0,0,7,1,linux,BFC
febd72f27c02713823cdd011e0087c0e80eb8f62,0,0,2,1,linux,BFC
571ee1b6859869a09ed718d390aac2b9414646a2,17,0,0,4,linux,BFC
b77d8306d84f83d1da68028a68c91da9c867b6f6,0,0,1,1,linux,BFC
099bc4812f09155da77eeb960a983470249c9ce1,2,2,0,1,linux,BFC
141822aa3f79efc8a2ec3ed464f2fd2c93ccd803,5,0,7,1,linux,BFC
5e844cc37a5cbaa460e68f9a989d321d63088a89,75,0,1,2,linux,BIC
547a77d02f8cfb345631ce23b5b548d27afa0fc4,0,0,1,1,linux,BFC
51183d233b5a5f1cfe2a782c86d6fcfc187173fe,62,10,5,1,linux,BIC
08f76547f08d94f079c13c8031c46a69cd01edd6,2,1,8,1,linux,BIC
a1d8d8a51e8317269dd127d94b9de14f67d9563f,1159,0,0,3,linux,BIC
8f3d65c166797746455553f4eaf74a5f89f996d4,30,4,3,4,linux,BFC
03b2b5e8698623c0102ab2ec060f97bf606303a2,251,0,2,1,linux,BIC
99356b03b431f9589bbaec2bc5bacceccb3dd99a,105,99,11,2,linux,BIC
359ee4f834f5b4f8096f7edc0c20ef37d1fca861,27,5,3,3,linux,BIC
73917739334c6509833b0403b81d4a04a8784bdf,3,0,0,1,linux,BFC
620125f2bf8ff0c4969b79653b54d7bcc9d40637,163,0,3,2,linux,BIC
fcdd14b86f6b891b5e894bf1dbeaf02cc79bdbce,8,0,9,1,linux,BFC
4aad0cc5c3f715efc294ac60fd0bf0e90829e18b,7,1,8,1,linux,BFC
efdbd3a5d6e6108f1565ab4dc4c53e77aba6fe0a,45,0,1,1,linux,BIC
2e50b2619538ea0224c037f6fa746023089e0654,0,2,5,1,linux,BFC
debfa496871c181b658def0f2b200302bd9b1216,28,0,10,1,linux,BIC
b75703de16301b80f1eedecafdf37bb02c9e155f,1,0,0,1,linux,BFC
9c55e01c0cc835818475a6ce8c4d684df9949ac8,401,0,0,7,linux,BIC
5cb543dba9867588786f87af2e64fca371b69283,34,0,5,2,linux,BIC
ddd535f1ea3eb27eae71acc21fb0fa4ad2d7535d,1,0,0,1,linux,BIC
d422be5f62ef7986d00afa4cd31eda5534ab7991,9,4,2,2,linux,BIC
4238fad366a660cbc6499ca1ea4be42bd4d1ac5b,44,0,1,2,linux,BIC
c751a3d58cf2dae89ec941a259025b0175d67b0c,0,0,1,1,linux,BIC
102722fc6832a16850c05595b98c9232549d99f3,73,0,0,3,linux,BIC
76e5624f3f9343a621dd3f4006f4e4d9c3f91e33,1,0,0,1,linux,BFC
35faaf0df42d285b40f8a6310afbe096720f7758,0,1,0,1,linux,BFC
944d9fec8d7aee3f2e16573e9b6a16634b33f403,147,3,8,1,linux,BIC
b96fc5416b099a0c2509ca07a80b140d34db2b9b,24,24,2,1,linux,BFC
369b868f4a2ef89ee1c929d630058eac83015189,10,9,0,1,linux,BFC
688ee1d1785c1359f9040f615dd8e6054962bce2,2,0,3,3,linux,BFC
93c098af09455ea7bdc6f0f6b08f6ac14fa06cf4,4,0,7,1,linux,BFC
389f48947a5a37ea283de520abb742d42174edb0,1,0,1,1,linux,BFC
097b9146c0e26aabaa6ff3e5ea536a53f5254a79,12,0,1,1,linux,BIC
7dc7a8b04f3da8aa3c3be514e155e2fa094e976f,1,0,0,1,linux,BFC
37b01d53ceefa390d6eee7a82f3c156b64951bf3,100,71,1,3,linux,BIC
bea0b66efa654aee810d0f1791e8f3264bbc2eb9,0,0,1,1,linux,BFC
6e59419fd0a244dd55e53e798797f0697dec8b1c,0,0,2,1,linux,BFC
01d9cc2dea3fde3bad6d27f464eff463496e2b00,3,3,0,2,linux,BFC
9ffd986c6e4e59c11857cbc78e4217e9569f3725,5,0,2,1,linux,BIC
2614488d1f3cd5989375042286b11424208e20c8,20,7,0,1,linux,BFC
08608adb520e51403be7592c2214846fa440a23a,3,0,0,1,linux,BFC
721fd84ea1fe957453587efad5fdc44dfba58e04,36,0,14,3,linux,BFC
3b1137fe74829e021f483756a648cbb87c8a1b4a,51,0,3,3,linux,BIC
6fb9e1d94789e8ee5a258a23bc588693f743fd6c,1,0,0,1,linux,BFC
77d270967c5f723e5910dd073962b6372d7ef466,17,3,40,3,linux,BFC
c170a5a3b6944ad8e76547c4a1d9fe81c8f23ac8,0,0,1,1,linux,BFC
80982c7e834e5d4e325b6ce33757012ecafdf0bb,6,0,1,1,linux,BIC
53d0e83f9329aa51dcc205b514dbee05cb4df309,1,0,8,1,linux,BFC
f15bdfa802bfa5eb6b4b5a241b97ec9fa1204a35,16,2,2,1,linux,BIC
cae9ff036eea577856d5b12860b4c79c5e71db4a,4,0,2,2,linux,BIC
f8f80be501aa2f10669585c3e328fad079d8cb3a,21,0,0,2,linux,BIC
d3669ca9ff33e1dc6414d1e34891d342e4544e71,0,0,15,1,linux,BFC
6db9246871394b3a136cd52001a0763676563840,8,1,2,1,linux,BFC
a2a5f5628e5494ca9353f761f7fe783dfa82fb9a,0,1,3,1,linux,BFC
92508da7e3daa1cd7ba18685d067a41c89a0f3ec,0,0,1,1,linux,BFC
536fab5bf5826404534a6c271f622ad2930d9119,0,0,1,1,linux,BFC
e47110e90584a22e9980510b00d0dfad3a83354e,2,0,0,1,linux,BIC
9a3634d023012cf54e541f825ed11ff481c6a110,0,16,0,1,linux,BIC
12219fd2bf5304293f5cf014cbc2e6bfdfcab7b5,0,0,1,1,linux,BFC
34166093639b1fc359d364a0d8a30e58d7d95222,0,55,21,1,linux,BIC
cdc1e6e225e3256d56dc6648411630e71d7c776b,1,0,2,1,linux,BFC
6b19b66013cfe608d63f0dab38834bbaceb0217a,0,2,2,1,linux,BFC
b412c63f1cba70b0e21927ae840aa45e024be97f,5,2,0,1,linux,BIC
7f22ced4377628074e2ac25f41a88f98eb3b03f1,1,0,0,1,linux,BFC
1e1132ea21da6d7be92a72195204379c819cb70b,0,0,1,1,linux,BFC
ef5f8e507ec9c226ef961c21ede99bab9fd313d4,34,0,1,4,linux,BIC
19d39a3810e7032f311ef83effdac40339b9d022,47,4,6,1,linux,BFC
2070b2ddea89f5b604fac3d27ade5cb6d19a5706,0,2,2,1,linux,BFC
ec360607a25fae97c81eef2f02268ae8ed3649b4,11,37,8,2,linux,BFC
e8807e4470e6b4230b24c537d7179a945f0f7c40,5,5,3,2,linux,BFC
6897445fb194c8ad046df4a13e1ee9f080a5a21e,41,0,2,5,linux,BIC
8c7a758873577f0d1bb3f879584338f73e6c6bc3,2,0,0,1,linux,BFC
66cb45aa41315d1d9972cada354fbdf7870d7714,28,0,0,4,linux,BIC
767eee362fd72bb2ca44cc80419ca4b38c6d8369,0,0,1,1,linux,BFC
e99e88a9d2b067465adaa9c111ada99a041bef9a,18,131,802,226,linux,BIC
be4c5eb267ee73ef1d70c25c6d648625e96eb477,0,0,2,1,linux,BFC
430a67f9d6169a7b3e328bceb2ef9542e4153c7c,256,0,10,3,linux,BIC
f2e4568ec95166605c77577953b2787c7f909978,0,0,3,1,linux,BFC
742c45c3ecc9255e15eddbbcee44fd8de401cf1c,5,0,1,2,linux,BIC
6bb9681a43f34f2cab4aad6e2a02da4ce54d13c5,0,0,1,1,linux,BFC
85044eb08d0a37b1b6bcb3504bfd660a85ba5b7b,1,0,1,1,linux,BFC
bcbec31ce500fe036f75a19bca5c73bfa6dd420b,2,0,5,1,linux,BFC
d78c16ccde96eddf42942c093b241b5e5135b777,0,2173,12,33,linux,BIC
a49bd4d7163707de377aee062f17befef6da891b,2,38,137,3,linux,BIC
8fc82d456e40a073d7e85d7825a345698f4b5a40,20,0,0,1,linux,BIC
a233547660a3915973d41e2a9a0923d0cf317a62,1,0,7,1,linux,BFC
68a838b84effb7b57ba7d50b1863fc6ae35a54ce,7,5,0,1,linux,BFC
cd48a82087231fdba0e77521102386c6ed0168d6,7,0,2,1,linux,BFC
b0fd4b1bf995172b9efcee23600d4f69571c321c,0,0,1,1,linux,BFC
0bf0ff82c34da02ee5795101b328225a2d519594,0,0,1,1,linux,BFC
52898025cf7d458d029c18773d0ef49b4789d829,7,4,3,1,linux,BIC
f144c49e8c3950add1b051e76ebf40a258984c9d,25,0,0,1,linux,BIC
19c624c6b29e244c418f8b44a711cbf5e82e3cd4,0,0,1,1,linux,BFC
6371a71f3a3b2bc47880dd76c2f176495802d0df,17,0,5,1,linux,BIC
ff15e95c82768d589957dbb17d7eb7dba7904659,0,0,3,1,linux,BFC
fef4912b66d6246d958d97382d20d0dd23bcf0bc,204,19,74,3,linux,BIC
b4678df184b314a2bd47d2329feca2c2534aa12b,0,5,9,1,linux,BFC
91cea6be90e436c55cde8770a15e4dac9d3032d0,4,0,1,1,linux,BFC
d3629af59f41a108d6c552f1dcba31281fb8e6bf,5,5,0,1,linux,BFC
6387ad9caf8f09747a8569e5876086b72ee9382c,0,0,2,1,linux,BFC
8b355e3bc1408be238ae4695fb6318ae502cae8e,39,1,8,3,linux,BIC
0826530de3cbdc89e60a89e86def94a5f0fc81ca,2,25,3,1,linux,BIC
98659487b845c05b6bed85d881713545db674c7c,525,0,2,10,linux,BIC
489d8e559c6596eb08e16447d9830bc39afbe54e,1255,14,37,7,linux,BIC
ad43d528a7ac5636cf113cb09644d3ec18129123,119,0,5,1,linux,BIC
95dbf14b236f3147f716cd159bd29461916c610e,0,6,0,1,linux,BFC
cff5e6f7e83f6271ed75972e9a2920e2c7f62d6c,211,0,0,1,linux,BIC
91537fee001361b1a4d485f1af65d8efa03d49b5,10,0,2,3,linux,BIC
dcdb0a78cab39efbfa00f005fd2691a07335f41e,80,0,0,4,linux,BIC
71b256f8f7a5c09810d2c3ed6165629c2cc0a652,1,0,1,1,linux,BFC
55fbf0d21c443dc98a0c537d3db5a29be54c04de,0,0,2,1,linux,BFC
c30a3c957c885e618ddffc065f888be4f8d5a9bd,1,0,1,1,linux,BFC
6dc4df12d741c0fe8f885778a43039e0619b9cd9,0,13,2,1,linux,BFC
fca3a45d08782a2bb85e048fb8e3128b1388d7b7,2,0,1,1,linux,BFC
80cc7bb6c104d733bff60ddda09f19139c61507c,0,6,0,1,linux,BFC
3d318605f5e32ff44fb290d9b67573b34213c4c8,0,0,1,1,linux,BFC
9d5dcc93a6ddfc78124f006ccd3637ce070ef2fc,0,0,20,2,linux,BFC
6aff67c85c9e5a4bc99e5211c1bac547936626ca,25,10,15,1,linux,BFC
f4cd18c5b2000df0c382f6530eeca9141ea41faf,0,0,1,1,linux,BFC
ed229454856e565c5a7d3287cbc63f2cf077b34f,79,31,20,1,linux,BIC
4881873f4cc1460f63d85fa81363d56be328ccdc,0,0,3,1,linux,BFC
32774a8153b4c62e408297fba352248afb2e0143,0,0,1,1,linux,BFC
6aef70a851ac77967992340faaff33f44598f60a,1,20,58,10,linux,BIC
fd3fc0b4d7305fa7246622dcc0dec69c42443f45,1,0,1,1,linux,BIC
db6c3c064f5d55fa9969f33eafca3cdbefbb3541,6,0,0,1,linux,BFC
19a565d9af6e0d828bd0d521d3bafd5017f4ce52,11,1,2,1,linux,BFC
692a17dcc2922a91c6bcf11b3321503a3377b1b1,27,0,4,1,linux,BIC
9a97ffd49ca9421c17ecde672a58b618d61f4f58,0,1,8,1,linux,BFC
f888f58795b640442165e60a6fa93e8e623d01a5,42,0,1,2,linux,BFC
73884a7082f466ce6686bb8dd7e6571dd42313b4,6,0,5,1,linux,BFC
d791cfcbf98191122af70b053a21075cb450d119,2,4,11,1,linux,BFC
ad297cd2db8953e2202970e9504cab247b6c7cb4,1,0,1,1,linux,BFC
c646d10dda2dcde82c6ce5a474522621ab2b8b19,17,7,1,4,linux,BFC
7c29ada5e70083805bc3a68daa23441df421fbee,21,0,16,1,linux,BFC
f4c7d053d7f77cd5c1a1ba7c7ce085ddba13d1d7,8,0,0,1,linux,BIC
65547661500885dde26ca4a75d4d7f7df587c88e,1,1,6,3,linux,BFC
768b3c745fe5789f2430bdab02f35a9ad1148d97,6,0,4,1,linux,BFC
ae64e42cc2b3a17ac0c11815f53211093a54cf55,0,0,2,1,linux,BIC
121d760d0788f95619049c63449d977065cab69d,3,0,1,1,linux,BFC
94a1fedd63edb672933bef44ca9213937e377c05,78,35,3,2,linux,BIC
c120959387efa51479056fd01dc90adfba7a590c,0,0,1,1,linux,BFC
57629915d568c522ac1422df7bba4bee5b5c7a7c,0,2,0,1,linux,BFC
c8522a3a5832b843570a3315674f5a3575958a51,26,0,42,2,linux,BIC
e6ac075882b2afcdf2d5ab328ce4ab42a1eb9593,17,0,0,1,linux,BFC
165d42c012be69900f0e2f8545626cb9e7d4a832,3,0,1,1,linux,BFC
5841734fa6f997e57e8c29cbb6409bd74a6949e8,0,0,2,1,linux,BFC
1bf4b05810fe38c5f09973295e8d4234a4fd5d87,152,0,1,3,linux,BIC
052831879945be0d9fad2216b127147c565ec1b1,15,0,0,1,linux,BFC
732b74d647048668f0f8dc0c848f0746c69e2e2f,0,0,1,1,linux,BFC
e83031564137cf37e07c2d10ad468046ff48a0cf,0,0,7,1,linux,BFC
9d6dbe1bbaf8bf03804c164fb67a98646bf2f622,0,205,0,1,linux,BIC
2d0b2d64d325e22939d9db3ba784f1236459ed98,0,0,1,1,linux,BFC
c1a81619d73a436f4b796b44c2711c68aec9b787,60,0,8,2,linux,BIC
04850c4d8613127a9b488321c0ad83bff7519311,0,0,10,1,linux,BFC
24bb30c8c894ec7213ad810b46e2a6a4c12136c1,2,0,5,1,linux,BFC
32a1963148277407f7af0160da2b7c0527afc8a4,15,2,58,1,linux,BFC
9da36a7ec42135428e1d41621e3703429bda3b2e,15,0,2,1,linux,BFC
c3829285b2e6a0d5461078d7f6cbb2c2b4bf8c4e,4,0,1,1,linux,BFC
ee78b9360e14c276f5ceaa4a0d06f790f04ccdad,17,8,1,1,linux,BFC
551143d8d954fe398324a5caa276f518466c428b,7,0,4,3,linux,BFC
3c78e9e0d33a27ab8050e4492c03c6a1f8d0ed6b,25,0,0,3,linux,BFC
71d80563b0760a411cd90a3680536f5d887fff6b,7,0,0,1,linux,BIC
2870b52bae4c81823ffcb3ed2b0626fb39d64f48,1418,0,0,3,linux,BIC
c62987bbd8a1a1664f99e89e3959339350a6131e,24,2,5,5,linux,BIC
c9afc1834e8132783772d73007706d3ae3848483,0,3,0,2,linux,BIC
bcb74e132a76ce0502bb33d5b65533a4ed72d159,3,0,6,1,linux,BFC
e09523ad132d754f04474430e92835d24912cf29,0,0,1,1,linux,BFC
2d2595719a97c876f35b1e60e5768e58753b268c,0,0,1,1,linux,BFC
5ccd35287edae4107475a141a477a6a4ecbe1cab,0,0,1,1,linux,BFC
5d9f4262b7ea41ca9981cc790e37cca6e37c789e,61,0,6,6,linux,BIC
1d9d5a9879ad493ee7cf75987df1f365c61fefe5,46,80,55,2,linux,BIC
be47c5555778fa3354950731023deb034a9e445e,20,5,1,2,linux,BFC
1e49a94cf707204b66a3fb242f2814712c941f52,280,0,0,1,linux,BIC
79bfe480a0a0b259ab9fddcd2fe52c03542b1196,0,5,0,1,linux,BFC
d2efabce81db7eed1c98fa1a3f203f0edd738ac3,2,0,1,2,linux,BFC
67234743736a6ac31e3e74f6ec5e6d7bb3073676,1040,16,18,6,linux,BIC
2c2b0a78b373908926e4683ea5571332f63c0eb5,63,0,10,3,linux,BIC
3a844596ed71b7c12ac602f6f6b7b0f17e4d6a90,1,8,3,1,linux,BFC
3addaba8141bc6a4f649a48f46e552af32922147,3,0,0,1,linux,BFC
28b70cd9236563e1a88a6094673fef3c08db0d51,26,1,5,3,linux,BFC
07998281c268592963e1cd623fe6ab0270b65ae4,1,0,1,1,linux,BFC
34276bb062b8449b3b0a208c9b848a1a27920075,0,7,2,1,linux,BFC
1288aa7af20cfa25cb00cf0d77f94d1891644c83,1,0,0,1,linux,BFC
e246b7c035d74abfb3507fa10082d0c42cc016c3,4,3,0,1,linux,BFC
d269d4434c72ed0da3a9b1230c30da82c4918c63,1,0,0,1,linux,BFC
300065f966d30baa59a13849753305aac8c320c3,0,0,1,1,linux,BFC
ab91239942a900e209f724886273060d9288f6fb,3,0,2,1,linux,BIC
3c0ba05ce9c92f94ef5b7f7f1e0102c4a3cd2a77,0,1,1,1,linux,BFC
2997aa4063d97fdb39450c6078bd81a7b0504f22,251,0,2,2,linux,BIC
8e7360f67e75e06f3ea144354243728fb8f54c57,13,0,4,3,linux,BIC
d14fcb8d877caf1b8d6bd65d444bf62b21f2070c,0,0,2,1,linux,BFC
5d832b6694e094b176627ed9918a1b21c56fb742,3,0,0,1,linux,BFC
dfea9fce29fda6f2f91161677e0e0d9b671bc099,0,0,4,1,linux,BFC
ca10a7ebdff1c862ca1ef1d7bd2c6810e3c87e17,13,0,0,1,linux,BIC
31d4c528cea4023cf36f6148c03bb960cedefeef,0,0,1,1,linux,BFC
5cc41e099504b77014358b58567c5ea6293dd220,6,0,3,1,linux,BFC
1edb9ca69e8a7988900fc0283e10550b5592164d,5471,0,0,16,linux,BIC
4787dd582dbde0b7f29eb3dbe59df3da1b350925,0,13,5,3,linux,BFC
524272607e882d04e6d1a70d41fcbed819445ab9,36,3,12,1,linux,BIC
69927fccd96b15bd228bb82d356a7a2a0cfaeefb,86,12,1,2,linux,BIC
7903d4f5e1dec53963cba9b1bc472a76a3532e07,0,0,1,1,linux,BFC
aa8b187eeab5e6757e959b81889ddbfda7d02ad1,0,0,1,1,linux,BFC
17669006adf64d35a74cb21e3c8dfb6fb8be689f,54,0,1,1,linux,BIC
de87b603b0919e31578c8fa312a3541f1fb37e1c,5,0,2,1,linux,BFC
0d40d6e399c12c662eda395fe4f0602327d0d01f,249,0,0,3,linux,BIC
7cb9eb106d7a4efab6bcf30ec9503f1d703c77f5,2,0,1,1,linux,BFC
cac56209a66ea3b0be67aa2966b2c628b944da1e,7,0,3,4,linux,BIC
f7bff017741d98567265ed6a6449311a51810fb6,2,0,2,1,linux,BFC
a8002a35935aaefcd6a42ad3289f62bab947f2ca,0,0,1,1,linux,BFC
4058cf08945c18a6de193f4118fd05d83d3d4285,1,0,0,1,linux,BFC
d10f4b22e912d9771493f71d05337362538eec07,2,0,0,1,linux,BFC
7ba8fa20e26eb3c0c04d747f7fd2223694eac4d5,7,0,3,1,linux,BFC
1921b8925c6f2a171af6294bba6af733da2409b9,0,3,0,1,linux,BFC
3ba98324e81addf5a1089ffc981e3e2b1630b2a7,18,3,1,2,linux,BIC
fbb158cb88b6e4f8279707a1842ee0332f64b1a3,5,22,4,1,linux,BIC
6f6a23a213be51728502b88741ba6a10cda2441d,17,10,14,1,linux,BIC
a397ba829d7f8aff4c90af3704573a28ccd61a59,23,11,1,2,linux,BFC
c5433f026b27cc100985189fac04969dfbf56dba,25,24,6,1,linux,BFC
eef1b3ba053aa68967d294c80a50c4a26db30f52,133,0,1,2,linux,BIC
9db829f485c553a0e677a165b37f877bf74f36ff,348,0,0,1,linux,BIC
424e7834e293936a54fcf05173f2884171adc5a3,6,13,13,3,linux,BFC
0829f6d1f69e4f2fae4062987ae6531a9af1a2e3,41,7,6,4,linux,BIC
c72cb303aa6c2ae7e4184f0081c6d11bf03fb96b,3,0,3,1,linux,BFC
dbea75fe18f60e364de6d994fc938a24ba249d81,28,0,2,1,linux,BFC
15a3204d24a3c01b116fb7c0692b7c670cac631d,0,3,4,1,linux,BIC
ee06b1728b95643668e40fc58ae118aeb7c1753e,31,7,7,2,linux,BIC
41d931459b53e32c67a1f8838d1e6826a69ee745,2,2,0,1,linux,BFC
357a07c26697a770d39d28b6b111f978deb4017d,21,0,0,1,linux,BFC
bd0d97b7191e8f3573681fa854fdb04c1a970c1e,0,21,10,1,linux,BFC
99cb0dbd47a15d395bf3faa78dc122bc5efe3fc0,69,0,48,3,linux,BIC
e16302cb673c13193c582ebcd17965e189bbe72b,4,0,3,1,linux,BFC
365ec8b61689bd64d6a61e129e0319bf71336407,3,0,5,1,linux,BFC
7a28fe3c93d6cd920c84678a1bf45af8b4248577,55,112,4,3,linux,BIC
140ce421217e99f68a0108382e0789c1b1a15547,44,21,5,1,linux,BIC
730eaeb5242614eb202dd3ae4cebad3d2438db38,90,0,15,7,linux,BIC
deb0f6562884b5b4beb883d73e66a7d3a1b96d99,3,0,1,1,linux,BFC
45901a231723a5a513ff08477983f3a274a6a910,1,0,7,1,linux,BFC
93f0750dcdaed083d6209b01e952e98ca730db66,0,6,0,1,linux,BFC
1c54c839935be6abd8889431665f813ec658d776,61,0,2,4,linux,BIC
353f59f4d41e9c5798a15c5c52958f25b579a3d5,0,0,1,1,linux,BFC
cab209e571a9375f7dc6db69a6c40d2d98e57e3b,4,0,2,1,linux,BFC
5149901e9e6deca487c01cc434a3ac4125c7b00b,24,0,0,1,linux,BFC
0d40f728e28393a8817d1fcae923dfa3409e488c,0,0,1,1,linux,BFC
54357f0c9149c871e5e4b83ad385a6f2ad3a749f,18,0,10,3,linux,BIC
912db6a58738e8be502838eb6a88f207ba356cd7,0,25,1,3,linux,BFC
f44b3e74c33fe04defeff24ebcae98c3bcc5b285,0,1,0,1,linux,BFC
0df0f207aab4f42e5c96a807adf9a6845b69e984,4,0,0,1,linux,BFC
cd5861bde0299fd5189a6b9e0d1e31e205064fc6,0,2,3,1,linux,BFC
509c5f33f4f6dc328d96bf4099ef6589739f22d4,100,0,19,2,linux,BIC
ec405641e2b73160e26ef17580d0cf28565d146c,0,0,1,1,linux,BFC
1ebaa0b9c2d47ddc832a74254beaa518f64b9cb4,35,13,3,13,linux,BIC
81459350d581e958ee9c6e76031f77333881c23c,7,0,12,1,linux,BIC
97ca0d6cc118716840ea443e010cb3d5f2d25eaf,14,0,0,1,linux,BFC
b3c702f56bf5520ddacaeec0fcacf5fa94b83fda,44,4,9,3,linux,BIC
5f195ee7d830c271af6fca979b0106b9a053e2c0,36,4,75,1,linux,BIC
0f303db08df0df9bd0966443ad6001e63960af16,1,0,0,1,linux,BFC
f0c8d1f6dc8eac5a1fbf441c8e080721a7b6c0ff,33,0,4,1,linux,BFC
fe1b806f4f7172b1eae18ddeebb7d8fb351043f7,78,63,18,3,linux,BIC
dbffc8ccdf3a1d0c93bc923cb2dce3272d5fd4e8,9,2,0,1,linux,BIC
99cf4a29fa24461bbfe22125967188a18383eb5c,38,4,2,3,linux,BIC
c7070619f3408d9a0dffbed9149e6f00479cf43b,7,0,0,1,linux,BIC
3e14e7a82c1efdd15253a67cf5dccb84b1e9b7f1,13,0,7,1,linux,BIC
dd0150026901b3fc73bd76bb423bacf5cc10393d,27,0,0,1,linux,BIC
a1d88fe498480c3458d668ee23273e5cea16d99b,0,7,48,1,linux,BFC
728279a5a1fd9fa9fa268f807391c4d19ad2822c,31,17,1,7,linux,BFC
121d57af308d0cf943f08f4738d24d3966c38cd9,21,0,0,7,linux,BFC
f0fcf9ade46abd64091fab8891ff5f690f7c8d7d,0,58,0,9,linux,BIC
a758b7c4c6f21f8e117fc8097c56fd9967363c15,0,0,1,1,linux,BFC
9a44c1cc63887627284ae232a9626a9f1cd066fc,663,0,0,2,linux,BIC
42df43b36163ed7d0ab13992e411093252903273,76,0,0,2,linux,BIC
5ca0ef8a56b8c4812ed78ef9ca53052191dab6e7,1,0,0,1,linux,BIC
950649791b8366a4b89f570053d37bba1eb21c02,0,0,1,1,linux,BFC
a760fc1bff03f24485324b9ee0c95a45a8cbc5c8,18,0,0,4,linux,BIC
8674cabe052b9ce23f72abb83058fc1d545e257a,0,1,0,1,linux,BFC
feed5c7be22c25e9c777c821bcf955a13cf010ab,9,7,13,4,linux,BFC
030f9f682e66ea3be214f673ca8ba53294eeecd2,6,8,8,1,linux,BIC
4c7e8084fd467ddb2b0e6c6011f9c1064afb7e56,193,0,36,5,linux,BIC
df55531b8b0eea9d2473f5697ae4f38d0df6bec7,2,0,5,2,linux,BFC
09e805d2570a3a94f13dd9c9ad2bcab23da76e09,4,3,3,1,linux,BFC
ea4ca586b16ff2eb6157fe13969eb72d2403a3a1,45,41,16,4,linux,BIC
422e91cc48f8661273311e96cee9d8b1115aa788,5,20,8,1,linux,BFC
aa649e875daf6919bae8d406f115d38a6f39e59c,20,12,17,1,linux,BIC
6d0d95a1c2b07270870e7be16575c513c29af3f1,0,0,1,1,linux,BFC
af30cbd2f4d6d66a9b6094e0aa32420bc8b20e08,1,0,0,1,linux,BFC
6ae6470bfa330d0b8892e02888bf5dac2272c28d,15,9,6,3,linux,BIC
f9afca4d367b8c915f28d29fcaba7460640403ff,20,0,37,7,linux,BIC
0fd79b1e17bec8460039f6bdb57163a0442110d9,1,0,1,1,linux,BFC
2f31c52529103d8f0e1485272064f982d14ce54a,844,0,0,3,linux,BIC
bb47620be322c5e9e372536cb6b54e17b3a00258,1,0,1,1,linux,BFC
4a58e7c38443154fce1b47910e1a9184f65c5d72,0,22,8,3,linux,BIC
c9449affad2ae0824927df5a207705e07f346fb1,8,0,0,1,linux,BIC
2e13ba54a2682eea24918b87ad3edf70c2cf085b,0,0,3,2,linux,BIC
ac6614b76478e68173ccf7ad4e9e98035cc9c21d,27,38,30,9,linux,BIC
3a14d0888eb4b0045884126acc69abfb7b87814d,0,0,2,1,linux,BFC
f28ca65efa87b3fb8da3d69ca7cb1ebc0448de66,0,0,2,1,linux,BFC
3336288a9feaa809839adbaf05778dc2f16665dc,46,14,18,5,linux,BIC
c071afcea6ecf24a3c119f25ce9f71ffd55b5dc2,0,11,2,1,linux,BFC
fb7861d14c8d7edac65b2fcb6e8031cb138457b2,0,0,1,1,linux,BFC
60b173ca3d1cd1782bd0096dc17298ec242f6fb1,0,0,4,3,linux,BFC
b7e3a28019c92ffe1f55de278c5641de33b6259a,26,0,3,2,linux,BIC
9e3bb9b79a7131a088cfffbdcc30e747dad9d090,37,0,0,2,linux,BIC
1245800c0f96eb6ebb368593e251d66c01e61022,1,0,7,1,linux,BFC
6d297540f75d759489054e8b07932208fc4db2cb,16,0,3,1,linux,BFC
1b3865d016815cbd69a1879ca1c8a8901fda1072,1,0,0,1,linux,BFC
6af1de2e4ec49635905aaed31d073a0d92c8d3bf,0,3,2,1,linux,BFC
c392df194a2d126124128c9ce2109b27e3c43077,131,0,13,1,linux,BIC
b4f47f3848eb70986f75d06112af7b48b7f5f462,0,0,1,1,linux,BFC
aa408f835d025a839033988d3f5a2866314414ef,86,0,14,5,linux,BIC
481bb0432414f790066205fe77226b7d1877385d,7,0,7,4,linux,BFC
cd290ec24633f51029dab0d25505fae7da0e1eda,23,0,6,1,linux,BIC
afe09e43b4000503a50a20577d44e16050ccf6ca,21,0,3,1,linux,BFC
26dbd66eab8080be51759e48280da04015221e22,6,0,2,2,linux,BFC
d8f5537a8816c8f00ea3103e74b65987963a56c6,6,0,1,2,linux,BIC
13718564167da80b6169809185b4c5a32497d0c1,0,0,1,1,linux,BFC
9de4153dbb2416817d341f57e7b194df5111f075,0,0,1,1,linux,BFC
e4df1b0c24350a0f00229ff895a91f1072bd850d,8,0,0,1,linux,BFC
6a4bb04caacc8c2d06f345130e9086e3fea38ca7,57,30,39,11,linux,BIC
e504e74cc3a2c092b05577ce3e8e013fae7d94e6,0,0,6,1,linux,BFC
f1b5bf07365d4d6599ce90f49ef96dd8833fbd90,33,7,40,5,linux,BIC
a2c3c0a54d4cccb35e8071a11e203c4ac06f9e4e,62,0,5,4,linux,BIC
4ada1e810038e9dbc20e40b524e05ee1a9d31f98,0,0,2,1,linux,BFC
883f616530692d81cb70f8a32d85c0d2afc05f69,4,0,1,1,linux,BFC
19f6e424d6150b5eede2277dbc6dfd3bf42e994f,0,4,3,1,linux,BFC
1665c8fdffbb8a6d606ce7eb3e2c98f1b49e2fd3,3,53,75,11,linux,BIC
ac687e6e8c26181a33270efd1a2e2241377924b0,29,0,1,3,linux,BIC
bf638a6513dda3021e3e90bdacb71c606bd0c305,0,0,3,1,linux,BFC
7778c4b27cbe0e24dc016477ec60d63b272f7ea2,20,10,11,1,linux,BIC
09f79fd49d94cda5837e9bfd0cb222232b3b6d9f,29,9,31,2,linux,BIC
cbfbbabb89b37f6bad05f478d906a385149f288d,0,1,0,1,linux,BFC
e0d89728981393b7d694bd3419b7794b9882c92d,113,0,1,2,linux,BIC
b89fb5ef0ce611b5db8eb9d3a5a7fcaab2cbe9e4,37,0,14,3,linux,BIC
47bc94b82291e007da61ee1b3d18c77871f3e158,5,0,5,1,linux,BFC
818d9150f2b22a0053bf568fa11ad3be804ce5c4,0,1,1,1,linux,BFC
c8a2983c4df06c4cd11bea6abfa7e2947bd3113b,0,3,0,1,linux,BFC
43da04a593d8b2626f1cf4b56efe9402f6b53652,62,0,23,5,linux,BIC
d60a2e281e9de2b2f67343b2e39417ca0f4fd54e,3,1,5,1,linux,BFC
4218a9554653bd5be6e3c740749282b57434bd73,0,0,9,3,linux,BIC
14fbbc8297728e880070f7b077b3301a8c698ef9,0,2,2,1,linux,BFC
8e036c8d30a2cd9d8fc7442fbf6824e0a3e986e7,4,0,6,1,linux,BFC
1a7ed1ba4bba6c075d5ad61bb75e3fbc870840d6,8,0,1,1,linux,BFC
a9e9c7153e96ee7f2777b3d5d99a23bf74dcaa21,307,0,0,1,linux,BIC
013e2b722aa9b18649dbae8422ced270c793f9d4,0,0,2,1,linux,BFC
f170acda7ffaf0473d06e1e17c12cd9fd63904f5,0,0,2,2,linux,BFC
b0d4943eec9a42c7ba2065f6cfa949894204dd4a,0,2,0,1,linux,BFC
9be080edcca330be4af06b19916c35227891e8bc,0,0,3,1,linux,BFC
46f2b38a91b08ec7faf1839c3cdcec3cfcc6ad50,26,0,2,1,linux,BIC
ca10989632d8820749fad37e13843750198e450a,59,16,22,1,linux,BIC
6f91ea283a1ed23e4a548ddd62db6deb2c707f82,112,0,0,3,linux,BIC
62d3a8deaa10b8346d979d0dabde56c33b742afa,4,0,2,1,linux,BFC
70ca3c57ff914113f681e657634f7fbfa68e1ad1,0,0,1,1,linux,BFC
f479447ad94879299b08b3f0b40f481baaff7eb7,1,0,0,1,linux,BFC
ed408529679737a9a7ad816c8de5d59ba104bb11,3,9,4,1,linux,BFC
ab9cb729ab0d4151f7ba76dd3ff592242a694754,0,0,11,1,linux,BFC
c20c8f750d9f8f8617f07ee2352d3ff560e66bc2,3,3,3,1,linux,BFC
561fb04a6a2257716738dac2ed812f377c2634c2,36,253,70,2,linux,BIC
d9bb410888ce1354ce29dcde671e1e21cc0c64cd,10,0,0,2,linux,BIC
6500251e590657066a227dce897a0392f302af24,0,0,2,1,linux,BFC
1ea1d6a847d2b1d17fefd9196664b95f052a0775,10,0,4,1,linux,BFC
22c349e8db89df86804d3ba23cef037ccd44a8bf,0,0,4,1,linux,BIC
26c863418221344b1cfb8e6c11116b2b81144281,4,0,1,1,linux,BIC
db0350da8084ad549bca16cc0486c11cc70a1f9b,20,0,4,1,linux,BFC
1f0d9cbeec9bb0a1c2013342836f2c9754d6502b,28,14,6,1,linux,BFC
b708b36afd5b5f32f7cd49b3bd4ab524698c3627,0,0,4,1,linux,BFC
12ebc1581ad114543ae822aa3a12f76072e2f902,14,0,7,2,linux,BIC
c7f1429389ec1aa25e042bb13451385fbb596f8c,13,10,0,1,linux,BFC
425784aa5b029eeb80498c73a68f62c3ad1d3b3f,3,4,0,1,linux,BFC
5c388abefda0d92355714010c0199055c57ab6c7,2,0,2,1,linux,BFC
93583e178ebfdd2fadf950eef1547f305cac12ca,1,0,5,1,linux,BFC
5ab57c7020697942ea15f45ad14c69cecb164329,36,2,1,3,linux,BIC
dcb8f5c8139ef945cdfd55900fae265c4dbefc02,0,0,4,1,linux,BFC
65dc1a5d1efb0ec54ffb715468070890d27d63fc,0,0,6,1,linux,BFC
f09444639099584bc4784dfcd85ada67c6f33e0f,1,0,0,1,linux,BFC
b169424551930a9325f700f502802f4d515194e5,92,6,14,3,linux,BIC
7656cd2177612aa7c299b083ecff30a4d3e9a587,14,0,0,1,linux,BFC
547d2c9cf4f1f72adfecacbd5b093681fb0e8b3e,0,0,1,1,linux,BFC
84bb59d773853bc2dda2ac1ef8474c40eb33a3c6,0,1,0,1,linux,BFC
795130b31986e7dcb9682a37f962f49df5a25e82,0,6,0,1,linux,BFC
1f91ecc14deea9461aca93273d78871ec4d98fcd,2,4,20,2,linux,BIC
7fc7af649ca77fd6a184a0d74269206fd3836a9c,996,0,0,2,linux,BIC
153eb2223c794251b28400f3f74862e090d23f16,0,0,5,1,linux,BIC
45c5c6828214605eaefa6755c47bd1a2c7eb203e,5,0,0,1,linux,BFC
23d99baf9d729ca30b2fb6798a7b403a37bfb800,4,20,5,2,linux,BIC
ada8a8a13b13a2749818524a7949935f68d2b3eb,2804,0,0,7,linux,BIC
4316237bd62728a33e7c069ffb3350399ecdab37,43,74,56,1,linux,BIC
c431f89b18a2bd62f74174829565e6433fc0c109,268,120,25,1,linux,BIC
ea440cd2d9b2df64d77b0419fc1e4f53318d5e55,34,0,0,1,linux,BIC
113f3aaa81bd56aba02659786ed65cbd9cb9a6fc,4,0,1,1,linux,BIC
00904aa0cd59a36d659ec93d272309e2174bcb5b,57,0,27,1,linux,BIC
f19367da96077ceaeeb5cebb97c4b6cf58b60802,0,0,1,1,linux,BFC
077772468ec141b22e1e7c0c58bc09e2f9dc8762,35,15,3,2,linux,BIC
d0e3fc69d00d1f50d22d6b6acfc555ccda80ad1e,8,0,0,2,linux,BIC
cfe7288c276e359eebf057699fe86c2f8af14224,4,5,4,2,linux,BFC
39014ce6d6028614a46395923a2c92d058b6fa87,6,0,0,1,linux,BFC
7267ec008b5cd8b3579e188b1ff238815643e372,132,62,65,3,linux,BIC
263c6d75f9a544a3c2f8f6a26de4f4808d8f59cf,5,0,0,1,linux,BFC
69f8455f6cc78fa6cdf80d0105d7a748106271dc,2,0,0,1,linux,BFC
24b7c77bbb24f129beead93574ff248c3db1288e,0,8,0,1,linux,BFC
23222f8f8dce6a6d014bc5b7107a83ebe2a9c022,45,0,0,2,linux,BIC
9deb193af69d3fd6dd8e47f292b67c805a787010,1,0,1,1,linux,BFC
9c651127445c2fb3dca7b000bce6de97290288ff,15,0,0,2,linux,BIC
0591f04036218d572d54349ea8c7914ad9c82b2b,8,0,0,1,linux,BFC
1bd5bbcb6531776a8f73e2cc6287fc4dd542e1c7,77,1,3,6,linux,BIC
9d06bcb9aa48dc4fc474dc8441a036bc4a090270,7,0,3,1,linux,BFC
f20cc9b00c7b71f9b5e970b6bd4ac93b0d9cfd5b,296,0,0,1,linux,BIC
685e2564daa1493053fcd7f1dbed38b35ee2f3cb,2,0,3,1,linux,BFC
edee52c927ef30d5b0ae871375567f3484f23cee,0,0,2,2,linux,BIC
92f0292b35a09bb5f12a4184ac86668599bc233b,3,0,0,2,linux,BIC
2f9f9f5210887b1019fbd0327ffdf7c3aff271fd,3,0,0,1,linux,BFC
13c164b1a186dfe17d104d9638b86a06be1e40bf,0,0,1,1,linux,BIC
8d4d9c7b4333abccb3bf310d76ef7ea2edb9828f,0,0,6,1,linux,BFC
172b06c32b949759fe6313abec514bc4f15014f4,11,0,0,1,linux,BIC
8753d2bc5e49daad301ce65f5dada57ed924fad6,10,0,1,1,linux,BFC
bbd6528d28c1b8e80832b3b018ec402b6f5c3215,0,2,2,1,linux,BFC
4f1a22ee7b576a38dc5705837c9b0de0c7b5b064,24,85,12,5,linux,BIC
d57d4a1daf5e8393e87244427c9b87dd565bd37c,117,0,23,7,linux,BIC
b9c13fe32faaa71c4e4f8a426d79f8c93495e9f9,24,0,0,2,linux,BIC
b2dd9f2e5a8a4a6afa9d41411cdbfc2f5ceeba71,2,0,0,1,linux,BIC
4fe7ffb7e17ca6ad9173b8de35f260c9c8fc2f79,1,0,1,1,linux,BFC
85e1cd6e769dfc84995270d0a4838021fcb8602d,1,0,0,1,linux,BFC
9db74e51ec08d75c3e97f851299bc25e645cc5ad,0,0,1,1,linux,BFC
ecb6186cf78803663cbd7c70241bfe1af439ca03,1,0,2,1,linux,BFC
030a2c689fb46e1690f7ded8b194bab7678efb28,1,0,0,1,linux,BFC
171ed0fcd8966d82c45376f1434678e7b9d4d9b1,18,1,9,4,linux,BFC
6464b71409511939efce1ae4fb4ec6e3483b11b2,44,16,70,1,linux,BIC
3aa9945a528e7616b5c8fe5d7aa7d4aaf52b0af2,64,43,31,6,linux,BIC
f81f7861ee2aaa6f652f18e8f622547bdd379724,1,0,0,1,linux,BFC
0567fc9e90b9b1c8dbce8a5468758e6206744d4a,0,0,1,1,linux,BFC
206b49500df558dbc15d8836b09f6397ec5ed8bb,0,0,1,1,linux,BFC
28355f81969962cf01aef5b13d7de5b4ab0c5f13,12,0,12,3,linux,BIC
ce61966c05f276294b6be04d1765ad0d827ddefd,0,0,2,1,linux,BFC
a0ff72f9f5a780341e7ff5e9ba50a0dad5fa1980,0,1,0,1,linux,BIC
2a72c46ac4d665614faa25e267c3fb27fb729ed7,0,1,1,1,linux,BFC
68050eb6c611527232fe5574c7306e97e47499ef,0,0,2,1,linux,BFC
8d46e28fb5081b49c5b24c814ad464fb99359d58,206,0,0,3,linux,BIC
a72afb6879bb427143230bd0d892801c16b528ea,18,0,0,1,linux,BIC
fad2083483bb7f743486199f90dc042939323453,0,0,2,1,linux,BFC
4406e977a4a1e997818b6d77c3218ef8d15b2abf,19,0,0,1,linux,BFC
9f24f3c1067c8e4ffbbcd759180b422c9a761b1b,78,0,1,1,linux,BIC
60e7f2c3fe9919cee9534b422865eed49f4efb15,1,0,0,1,linux,BFC
551757eb052986ec81cebcc6301cc1c4f8dca938,2,0,1,1,linux,BFC
63cb44441826e842b7285575b96db631cc9f2505,6,0,1,1,linux,BFC
69e630016ef4e4a1745310c446f204dc6243e907,0,0,1,1,linux,BFC
cecbcddf6461a11ce229e80bb3981415220c9763,1319,0,1,7,linux,BIC
0c94777386495d6e0a9735d48ffd2abb8d680d7f,3,0,2,1,linux,BFC
9bf1903bed7a2e84f5a8deedb38f7e0ac5e8bfc6,0,3,3,1,linux,BFC
f070ef2ac66716357066b683fb0baf55f8191a2e,7,0,0,3,linux,BIC
12baf7721143c83150fa973484b7b5fcd86b23f0,2,0,0,1,linux,BFC
d0f232e823af54a2554e371b5c96189facb1434b,31,0,0,1,linux,BIC
7d988097c546187ada602cc9bccd0f03d473eb8f,299,0,5,8,linux,BIC
e485f6c751e0a969327336c635ca602feea117f0,0,10,0,1,linux,BIC
4773ef33fc6e59bad2e5d19e334de2fa79c27b74,0,0,2,2,linux,BFC
0d035bed2a4a6c4878518749348be61bf082d12a,53,0,5,1,linux,BIC
3dd14c04d77d7d702de5aa7157df4cc9417329f3,15,13,9,1,linux,BFC
f1b44067c19258b7614e3cd09dfe8d8e12ff5895,47,0,0,2,linux,BIC
ac26d1f74cfc19c8dc9d533b5f20e99dbee3d9bd,0,0,1,1,linux,BFC
973170e66726672518eb935eb0dc0e63876d133d,5,0,4,1,linux,BFC
07a0556a3a735f57060c274c55e895682e4055e6,99,2,12,5,linux,BIC
fc7f750dc9d102c1ed7bbe4591f991e770c99033,1,0,2,1,linux,BFC
2b00e30fc33de720cedad69427931aa393cdbaf0,0,0,1,1,linux,BFC
f3621a8eb59a913612c8e6e37d81f16b649f8b6c,2,0,0,1,linux,BFC
a7117f81e8391e035c49b3440792f7e6cea28173,2,0,1,1,linux,BFC
1236af327af476731aa548dfcbbefb1a3ec6726a,0,0,1,1,linux,BFC
713358369382cebf92f6e98ce2005f94e7344931,2,0,3,1,linux,BFC
87bed3d7d26c974948a3d6e7176f304b2d41272b,3,0,0,1,linux,BFC
d183a57cad920087a770c45721e98f45feea0fde,2,0,1,1,linux,BFC
fc8bb91bc83ef82868533e75f5a11abc1158ec81,163,4,11,3,linux,BIC
0fe1329b7b518f67c8f1760711eb0eaf90433fd3,7,0,5,1,linux,BFC
1877f54f75ad16549861ae92a708bd04c23f2a72,37,0,0,1,linux,BIC
1f682dc9fb3790aa7ec27d3d122ff32b1eda1365,60,40,24,7,linux,BIC
6951e5893b4821f68a48022842f67c3033ca7b30,328,64,116,31,linux,BIC
dc8131d846d45dabc39dadac32407b321960791f,50,4,20,3,linux,BIC
a050d20d024dc3e1b988e715e2d811aaa3d5c39c,0,0,1,1,linux,BFC
92ca7da4bdc24d63bb0bcd241c11441ddb63b80a,5,0,2,1,linux,BFC
d979617aa84d96acca44c2f5778892b4565e322f,2,0,2,1,linux,BFC
2fe7857176ad6b70e8b2a318506525410e774f34,0,4,3,1,linux,BFC
09e545f7381459c015b6fa0cd0ac6f010ef8cc25,0,0,1,1,linux,BFC
9a09485d41dbba0f475774587f030a95573032e5,0,0,1,1,linux,BFC
c0c09bfdc4150b3918526660768585cd477adf35,2,6,6,2,linux,BIC
533dd11a12f698c571a12271b20f235792d3e148,1775,0,0,1,linux,BIC
be0499369d6376e70b5b80bbced94c0c32d508b1,2,0,1,1,linux,BFC
8ef44b6fe49d2b8d03ba9aa69063612b474f963b,6,0,4,2,linux,BFC
83e53a8f120f2f273cf0ad717f5372ab79ac24fe,202,0,0,1,linux,BIC
274cb1ca2e7ce02cab56f5f4c61a74aeb566f931,24,0,1,1,linux,BFC
f7d49bce8e741e1e6aa14ce4db1b6cea7e4be4e8,0,5,3,1,linux,BFC
69a10678e2fba3d182e78ea041f2d1b1a6058764,12,0,3,1,linux,BFC
a91eb52abb504a1dd3248a5d07b54e7f95d5fcf1,321,4,302,7,linux,BIC
f840ab18bdf2e415dac21d09fbbbd2873111bd48,8,8,0,1,linux,BFC
f37aa4c7366e23f91b81d00bafd6a7ab54e4a381,34,1,11,4,linux,BIC
385e89d5b20f5a7c33fd7c1904da0e6a8e1b366f,7,6,18,5,linux,BIC
ff74745e6d3d97a865eda8c1f3fd29c13b79f0cc,11,0,14,4,linux,BFC
7ac836ebcb1509845fe7d66314f469f8e709da93,0,1,0,1,linux,BFC
3915f8bddefda1c914d5c3149d329819a988761f,1,0,0,1,linux,BFC
2cd01bd6b117df07b1bc2852f08694fdd29e40ed,6,2,4,1,linux,BFC
2459dcb96bcba94c08d6861f8a050185ff301672,0,0,1,1,linux,BFC
aac64f7de999d5a7fff55f49434fdd87df919829,1,1,0,1,linux,BFC
265280b99822e5562eb431b102f2ba773c7b2a0a,3466,0,5,14,linux,BIC
ee1d6d37b6b884383b501089be93ce94f2153028,77,0,2,5,linux,BIC
72c9925f87c8b74f36f8e75a4cd93d964538d3ca,2,0,0,1,linux,BFC
434392271afcff350fe11730f12b831fffaf33eb,24,23,6,1,linux,BIC
9078204ca5c33ba20443a8623a41a68a9995a70d,0,0,1,1,linux,BFC
40a1dcee2d1846a24619fe9ca45c661ca0db7dda,0,0,1,1,linux,BIC
01b4f510b9f467abfc781e198e810e1ecffb782e,19,7,0,3,linux,BFC
0c47383ba3bd10877956e41149d19644fba937d1,98,0,2,3,linux,BIC
ddf4b773aa40790dfa936bd845c18e735a49c61c,0,3,11,1,linux,BFC
80cd8f0175d03fa166a5b8a3c80ac5059c248188,0,0,5,1,linux,BFC
2bb6a81633cb47dcba4c9f75605cbe49e6b73d60,1,0,0,1,linux,BFC
0df8fc37f6e4a1c25c56741c3fe82970c02b7786,0,0,1,1,linux,BFC
c45d9400a08a4c8e84a3a35adc7533d877e42ffe,4,0,0,1,linux,BFC
7b15515fc1ca3b320fe37793aaaf6f56cc964ef4,0,73,4,3,linux,BFC
5dd9c68a854a77da2091b08d8fb7717b04667c6d,0,70,46,11,linux,BIC
4ae182de39e90d5eb005d3de44963be58fb172a6,0,0,1,1,linux,BFC
b04079837b2094f09e145676eec4b9a56ae8a6aa,1092,51,65,10,linux,BIC
b16de8b9e7d1aae169d059c3a0dd9a881a3c0d1d,6,0,1,1,linux,BFC
f8d9d938514f46c4892aff6bfe32f425e84d81cc,16,11,3,1,linux,BFC
16f17eda8bad3c29db3265298009994ae136237b,63,0,1,1,linux,BIC
d903779b58be442f3afd2c51c46c7cf19c97684e,168,0,0,1,linux,BIC
1b8e6a01e19f001e9f93b39c32387961c91ed3cc,1,0,1,1,linux,BFC
1c1a9ce973a7863dd46767226bce2a5f12d48bc6,53,0,15,4,linux,BIC
90efe05562921768d34e44c0292703ea3168ba8d,75,4,42,3,linux,BIC
0f6c480f23f49b53644b383c5554e579498347f3,15,11,18,9,linux,BIC
7c4f4f197e0c5c93a70329627f17fcc5883f3593,16,0,0,2,linux,BIC
476d98018f32e68e7c5d4e8456940cf2b6d66f10,24,1,5,1,linux,BFC
9c569784a422e9eaa1c6f61e46a41011391e4d1d,3,0,0,1,linux,BFC
ef8444ea01d7442652f8e1b8a8b94278cb57eafd,21,0,13,4,linux,BIC
e74bfeedad08180b968d8613dcde141ffb0720c3,94,0,1,3,linux,BIC
0378123c580091b4c2972a6e4fcb3dcb4686667a,142,0,1,1,linux,BIC
1728ab54b4be94aed89276eeb8e750a345659765,1107,0,27,6,linux,BIC
6c6dd5802c2d6769fa589c0e8de54299def199a7,560,0,0,2,linux,BIC
e2e8009ff72ad2a795b67785f3238af152146368,0,0,1,1,linux,BFC
ad0acfd69add44ab00abcce2240a7523f75bd315,0,38,15,1,linux,BIC
6a7a0bdbfa0c2453fb6c59c41a767d0e5307f793,616,0,1,6,linux,BIC
2fc6de5c6924aea5e84d2edaa40ed744f0720844,0,1,2,1,linux,BFC
315e2d8a125ad77a1bc28f621162713f3e7aef48,0,0,3,1,linux,BFC
475beb9c8de1227ff6ec572f37a05c5c612d94a7,13,7,4,1,linux,BFC
8cd9da85d2bd87ce889043e7b1735723dd10eb89,1,0,1,1,linux,BFC
936f8946bdb48239f4292812d4d2e26c6d328c95,3,2,0,1,linux,BFC
77251e41f89a813b4090f5199442f217bbf11297,0,2,0,1,linux,BFC
a0a966b83873f33778710a4fc59240244b0734a5,0,0,1,1,linux,BFC
3ba76256fc4e2a0d7fb26cc95459041ea0e88972,6,0,0,1,linux,BIC
ed22aaaede44f647477a5048e62855c0ed49c9bd,614,0,0,4,linux,BIC
cffec53daf9f9a87e4e532da1dfaac4bbfcc2e29,0,2,0,1,linux,BFC
d8c22c4697c11ed28062afe3c2b377025be11a23,4,0,0,1,linux,BFC
492a7e67ff83fc59adb768de25ccaecd33d46beb,181,0,6,6,linux,BIC
53ca18acbe645656132fb5a329833db711067e54,14,0,1,1,linux,BFC
6ce14f6416c84bd9c81777edf899b57ac5000c87,0,0,1,1,linux,BFC
0198e5b707cfeb5defbd1b71b1ec6e71580d7db9,0,1,5,1,linux,BFC
defe49f96012ca91e8e673cb95b5c30b4a3735e8,57,28,31,4,linux,BFC
629715adc62b0ad27ab04d0aa73a71927f886910,0,0,1,1,linux,BFC
486efdc8f6ce802b27e15921d2353cc740c55451,6,2,8,1,linux,BFC
888a5c53c0d8be6e98bc85b677f179f77a647873,1,0,1,1,linux,BFC
edd9003f7f9dddd28fdd768e6e7569d996c769cb,0,0,1,1,linux,BFC
1a31833d085a339cf42573de0717209e8b2172e8,2,0,1,1,linux,BIC
2fbb8670b4ff4454f1c0de510f788d737edc4b90,1,0,0,1,linux,BFC
5eb35a6ccea61648a55713c076ab65423eea1ac0,6,0,1,1,linux,BFC
83b8a3fbe3aa82ac3c253b698ae6a9be2dbdd5e0,2,0,0,1,linux,BFC
04abaf07f6d5cdf22b7a478a86e706dfeeeef960,8,0,0,1,linux,BIC
d8f60cfc93452d0554f6a701aa8e3236cbee4636,731,52,23,10,linux,BIC
9b395bc3be1cebf0144a127c7e67d56dbdac0930,40,0,2,3,linux,BIC
d919a1e79bac890421537cf02ae773007bf55e6b,35,5,3,1,linux,BFC
58d516ae95cbf7eed44f85a01cdfad41f17b4197,12,14,4,1,linux,BIC
3eb00f89162e80083dfcaa842468b510462cfeaa,1,0,0,1,linux,BFC
f6145e86d21fccd59bbb87bc1e1eb076658fd79a,39,1,19,3,linux,BIC
c3ab435466d5109b2c7525a3b90107d4d9e918fc,115,8,24,2,linux,BIC
0e27921816ad99f78140e0c61ddf2bc515cc7e22,58,1,5,1,linux,BIC
39ac237ce00968545e7298faa9e07ecb7e440fb5,590,245,46,6,linux,BIC
a860f266a0e19f271b839451d291a6acf6ddcfe8,0,0,4,1,linux,BFC
70debba3ab7d1009e97310268339cee1d5c7d949,31,0,1,2,linux,BIC
954c736f865d6c0c68ae4263a2f3502ee7c447a3,2,0,1,1,linux,BFC
cb0fbbf22aa1e0ffcef3f4a055b75a5b17e01ca5,0,0,2,1,linux,BFC
80340fe3605c0e78cfe496c3b3878be828cfdbfe,4,0,0,2,linux,BIC
b1977682a3858b5584ffea7cfb7bd863f68db18d,1,0,2,1,linux,BFC
6b20b734bbf126781ce27deb236d06961117060c,0,0,2,1,linux,BFC
fe083b3f06e91cf8508f23922867e52348205825,0,0,1,1,linux,BFC
d52fad262041217be0a0e7049253186ec9cfb2a6,48,0,0,2,linux,BIC
4f7af1948abcb18b4772fe1bcd84d7d27d96258c,67,15,3,3,linux,BIC
86b18aaa2b5b5bb48e609cd591b3d2d0fdbe0442,19,0,3,2,linux,BIC
6ff06729c22ec0b7498d900d79cc88cfb8aceaeb,1,0,0,1,linux,BFC
1e1bbd8e7ee0624034e9bf1e91ac11a7aaa2f8a6,75,0,0,2,linux,BIC
e0477b34d9d11c1a7b1f80bfdbcdc8952ce2adb7,18,39,41,17,linux,BIC
09e3c22a86f6889db0e93fb29d9255081a126f64,58,81,7,4,linux,BIC
25bff6d5478b2a02368097015b7d8eb727c87e16,4,4,0,1,linux,BFC
773cd38f40b8834be991dbfed36683acc1dd41ee,0,0,1,1,linux,BFC
eda99e11a097fba938880f1304f1d937d2b49f3a,0,2,0,1,linux,BFC
e9ea0b30ada008f4e65933f449db6894832cb242,3,0,0,1,linux,BFC
b3f7931f5c61ba39e81a5c958bf5d65ebb1838af,1,0,15,1,linux,BIC
2b9c8d2b3c89708d53b6124dc49c212dc5341840,91,0,3,1,linux,BIC
711059b9752ad09ae6bcd4be8e48d30e5db483d8,9,3,7,2,linux,BIC
b9849860675f925da0380f4ea76c3f5041909737,0,0,1,1,linux,BFC
0578fff4aae5bce3f09875f58e68e9ffbab8daf5,103,0,1,2,linux,BIC
87c279e613f848c691111b29d49de8df3f4f56da,2,3,6,1,linux,BFC
0d973388185d49add56b81ca82fa5e4348019df8,104,30,35,1,linux,BIC
834328a8493079d15f30866ace42489463f52571,17,0,4,1,linux,BIC
d7de72674af53c3839eff091899f18c221dd30d2,0,12,2,1,linux,BFC
0e9e61a2815b5cd34f1b495b2d72e8127ce9b794,8,0,0,1,linux,BFC
2efd4fca703a6707cad16ab486eaab8fc7f0fd49,6,0,4,2,linux,BIC
d3b18ad31f93d0b6bae105c679018a1ba7daa9ca,352,4,62,2,linux,BIC
29e247ece5d3edfa71495768a9ab5fc7bba76bd4,5,0,0,3,linux,BFC
2dc4e9e88cfcc38454d52b01ed3422238c134003,1,1,0,1,linux,BFC
87466ccd9401c4ac3971c437b7f634444fa7ace2,648,0,0,1,linux,BIC
fc19cbb785d7bbd1a1af26229b5240a3ab332744,0,0,1,1,linux,BFC
6491d4d02893d9787ba67279595990217177b351,7,0,2,1,linux,BIC
1cde2930e15473cb4dd7e5a07d83e605a969bd6e,18,0,5,1,linux,BIC
f2440d9acbe866b917b16cc0f927366341ce9215,29,35,48,2,linux,BIC
11595db8e17faaa05fadc25746c870e31276962f,7,0,3,1,linux,BIC
fd8f64df95204951c3edd4c4a7817c909d55a100,0,0,1,1,linux,BFC
3bbce531788719749520f28052cabdef16af6b16,2,0,1,1,linux,BFC
005c3490e9db23738d91e02788606c0fe4734723,0,97,3,2,linux,BFC
2290482379278e0254e6edfdb681d88359143fd1,8,0,2,1,linux,BFC
24bfcb100959c8641a627b5604d967243f8f240c,1,0,1,1,linux,BFC
633e27132625a0692440c4db58b901fb3cb67c55,30,17,58,15,linux,BIC
136c8bf374dd9aef0f98e5c26d1cba5b066e2443,0,4,0,1,linux,BFC
9fda25332c4b9e193f11f34130b6f3fdbafc11dc,53,0,8,1,linux,BIC
4b2e6877b8793b60abb75c15abaaa4377807a358,1,0,1,1,linux,BIC
44f2f882909fedfc3a56e4b90026910456019743,0,0,1,1,linux,BFC
4a33bea003144e217d8a3ae666f171dfc2e97bd6,995,0,0,1,linux,BIC
7c8bd2322c7fd973d089b27de55e29c92c667a06,0,19,8,3,linux,BIC
bd780f37a3617d3dda74b97013ae8aa9b07a1d91,275,4,42,5,linux,BIC
665030fd0c1ed9f505932e6e73e7a2c788787a0a,12,0,1,1,linux,BFC
3d1cf435e201d1fd63e4346b141881aed086effd,15,0,1,1,linux,BFC
2e35b25dd8e666b8619355fc3defb1b246a5dc02,3,0,0,1,linux,BFC
2a9a72e290d4a4741e673f86b9fba9bfb319786d,10,0,2,1,linux,BFC
9d50443575fa379c3c72848162af1375a4d43b50,0,2,1,1,linux,BFC
0b6e26ce89391327d955a756a7823272238eb867,2,0,8,5,linux,BFC
b38c395f16562423f438065ad8d88c20ad92cab3,0,1,1,1,linux,BFC
f0940f4b3284a00f38a5d42e6067c2aaa20e1f2e,3,0,1,1,linux,BFC
9d7516b16f2a7ecbddd7940e582c78fcdc9136ef,1,0,0,1,linux,BFC
629d9d1cafbd49cb374561a5a7d7724c4d6b2567,0,0,1,1,linux,BFC
fac026dac0bc4dc3bb2e72309fa47ff3c4dd7c16,1,0,2,1,linux,BFC
4aeec3984ddc853f7c65903bde472ffdef738bae,5,4,4,1,linux,BFC
0d979509539ed1df883a30d442177ca7be609565,0,168,7,8,linux,BIC
9db946284e07bb27309dd546b7fee528664ba82a,3,0,2,2,linux,BFC
8d9eddad19467b008e0c881bc3133d7da94b7ec1,1,4,0,1,linux,BIC
b7169a57982383a81d4227712c894e6ec2516e8c,0,0,1,1,linux,BFC
e814eecbe3bbeaa8b004d25a4b8974d232b765a9,21,7,0,1,linux,BFC
8090f7917b5d7cc2390afe33cb12f819173ef9c8,0,0,1,1,linux,BFC
f1689114acc5e89a196fec6d732dae3e48edb6ad,4,0,0,1,linux,BFC
7215a7857e796c655ae1184b313556102fa8bc40,2,0,3,1,linux,BFC
b43f977dd281945960c26b3ef67bba0fa07d39d9,16,63,0,1,linux,BFC
6045b01dd0e3cd3759eafe7f290ed04c957500b1,3,0,8,1,linux,BFC
c019cd656e717349ff22d0c41d6fbfc773f48c52,11,17,13,1,linux,BFC
55f1ea15216a5a14c96738bd5284100a00ffa9dc,0,0,1,1,linux,BFC
490d7b7c0845eacf5593db333fd2ae7715416e16,5,0,0,1,linux,BFC
f993c123b461ff47c10edfee65465fe651d0521f,0,0,1,1,linux,BIC
b507357f79171fb4fb4e732ca43a1f30bc5aab1d,1,0,0,1,linux,BFC
36ac344e16e04e3e55e8fed7446095a6458c64e6,0,0,1,1,linux,BFC
a491cc8e1597ea25803191cded49d3686702a406,10,17,2,1,linux,BFC
4a9be28c45bf02fa0436808bb6c0baeba30e120e,0,1,1,1,linux,BFC
6a82e23f45fe0aa821e7a935e39d0acb20c275c0,0,1,15,2,linux,BIC
8f86e2eadac968200a6ab1d7074fc0f5cbc1e075,0,1,3,1,linux,BFC
7fafcfdf6377b18b2a726ea554d6e593ba44349f,3,0,1,2,linux,BFC
e7f63771b60e7802c5a9b437c5ab1a8e33a0bb35,73,5,60,3,linux,BIC
7f1d642fbb5c356519617c24757a0cbed7f800a8,1,0,3,1,linux,BIC
0b4f688d53fdc2a731b9d9cdf0c96255bc024ea6,0,2,1,1,linux,BFC
63e8d4394a2d226803f47abd7287dbb6d21bf8e4,4,6,15,2,linux,BFC
f7da677bc6e72033f0981b9d58b5c5d409fa641e,4,0,0,1,linux,BFC
2ef32dee97fcf41987722a37eb6ff1a983915e99,3,2,0,1,linux,BFC
5e722b217ad3cf41f5504db80a68062df82b5242,2,0,3,1,linux,BFC
1a6f854f7daab100ff0a94d31f35a387b462b4d1,192,3,6,1,linux,BIC
7862840219058436b80029a0263fd1ef065fb1b3,8,9,1,1,linux,BFC
d15d662e89fc667b90cd294b0eb45694e33144da,4,0,2,1,linux,BIC
9e32e16e9e989f2c4a11b377c5ed3e1c7be16cfb,385,0,0,2,linux,BIC
4012a6f2fa562b4b2884ea96db263caa4c6057a8,0,1,0,1,linux,BFC
1f5d861f7fefa971b2c6e766f77932c86419a319,0,0,1,1,linux,BFC
7374aec95636ca39409545eba4ef5ff3125c2346,0,0,3,1,linux,BFC
9490f01e247169a93262054074409ad73d71c4da,13,0,0,1,linux,BIC
fd442e5ba30aaa75ea47b32149e7a3110dc20a46,1,0,0,1,linux,BFC
fbcd49838d9094ca45772356e7b33afe4b7c93e7,10,3,7,1,linux,BFC
47733f9daf4fe4f7e0eb9e273f21ad3a19130487,10,0,1,1,linux,BFC
88b4a07e6610f4c93b08b0bb103318218db1e9f6,856,0,3,4,linux,BIC
2a9e92d371db52fb7426fb11041e5bed4dcf6395,624,0,0,1,linux,BIC
80ae7b1a918e78b0bae88b0c0ad413d3fdced968,9,0,0,1,linux,BFC
61febef40bfe8ab68259d8545257686e8a0d91d1,2,0,2,1,linux,BFC
0d136f5cd9a7ba6ded7f8ff17e8b1ba680f37625,0,0,1,1,linux,BFC
78f815c1cf8fc5f05dc5cec29eb1895cb53470e9,61,0,1,2,linux,BFC
789f903fd75036f937409a9a1616a5a5e5cc5bae,2,0,0,1,linux,BFC
d98079c05b5a5411c6030c47b6256cbeeeff77d0,37,0,2,4,linux,BIC
b134cfc3e3276ccd5d29e39de5c848a45b08e410,0,1,0,1,linux,BFC
ddc5911b9bd228dd69de976a4545292420f45e73,1,0,9,2,linux,BFC
5d17d3b4bbf3becb89fd48b74340a50a39736f6d,0,0,12,1,linux,BFC
0d67e0fa1664ad6aaba0552e170608bafb4b6196,9,0,8,1,linux,BIC
0b13efecf5f25ce5e31f2ab3930335015cb65a7d,22,0,10,3,linux,BIC
f154be241d22298d2b63c9b613f619fa1086ea75,2,0,0,1,linux,BFC
ab344fd43f2958726d17d651c0cb692c67dca382,8,0,0,1,linux,BFC
53387c4e22ac33d27a552b3d56bad932bd32531b,2,0,3,1,linux,BFC
d12edf9661a408d04efc9c0a4ff9a15413195d8a,0,0,1,1,linux,BIC
bac0f937c343d651874f83b265ca8f5070ed4f06,0,0,1,1,linux,BFC
f0da93cbaf7af868e34d611d555f4067b748ecdf,1,0,0,1,linux,BFC
4a388f08d8784af48f352193d2b72aaf167a57a1,0,1,0,1,linux,BFC
0f643c88c8d240eba0ea25c2e095a46515ff46e9,2,0,2,1,linux,BFC
d752a4986532cb6305dfd5290a614cde8072769d,23,14,1,3,linux,BIC
03367bf7fd30165bda3b037b3078cfa231ba33b7,6,5,0,1,linux,BFC
615f7b9bb1f8e0e3188470245cec44f175189084,145,0,0,6,linux,BIC
8e8320c9315c47a6a090188720ccff32a6a6ba18,58,21,3,4,linux,BFC
6f5cadee44d83395dcd78d557b577e1021e192e4,7,0,0,1,linux,BFC
713a6b668932213247b394559bc229cd0fec2777,0,0,1,1,linux,BFC
037b91ec7729524107982e36ec4b40f9b174f7a2,0,0,1,1,linux,BFC
7ad81482cad67cbe1ec808490d1ddfc420c42008,2,0,0,1,linux,BFC
9a0ef98e186d86fb3c1ff3ec267a76f067005f74,52,2,11,1,linux,BIC
630c7e4621763220d23789fbb036e0cf227e0b22,2,0,0,1,linux,BFC
16fc8eca1975358111dbd7ce65e4ce42d1a848fb,14,0,0,1,linux,BIC
2d87a0674bd60d855e4008e2d84f5b23d7cb9b7d,28,0,0,4,linux,BIC
b0512faf60828dece9d309ca2516c833430c390d,6,0,0,1,linux,BFC
90f750a81a29587846e907d2c8ed60a0586ce632,8,9,10,1,linux,BIC
b5177ed92bf6f9d90a2493ed51c1327e088be1df,0,0,1,1,linux,BFC
7952d769c29caac4fb51c1f0f0c12434c805b127,111,4,16,2,linux,BIC
82041634d96e87b41c600a673f10150d9f21f742,4,0,7,1,linux,BFC
15f02b91056253e8cdc592888f431da0731337b8,532,0,20,3,linux,BIC
c88fb897c1fb5a590dc6353ac4b01c8f46a347b3,0,0,4,1,linux,BFC
0609e200246bfd3b7516091c491bec4308349055,0,0,3,1,linux,BFC
07b0f00964def8af9321cfd6c4a7e84f6362f728,1,0,1,1,linux,BIC
af32423a2d866a3263552b000a70c11cffbd2b55,235,1,3,2,linux,BIC
898216c97ed2ebfffda659ce12388da43534de6c,129,0,0,1,linux,BIC
0cb65d421a2ad714d336e673d448184ea51bb66a,0,0,1,1,linux,BFC
906ca6353ac09696c1bf0892513c8edffff5e0a6,1,0,0,1,linux,BFC
4623e8bf1de0b86e23a56cdb39a72f054e89c3bd,0,0,1,1,linux,BFC
b58f33d49e426dc66e98ed73afb5d97b15a25f2d,1,0,0,1,linux,BFC
6d5cd068ee59fba58f49bed2fcea3634bc22f4b3,2,0,0,1,linux,BIC
80b3ffce0196ea50068885d085ff981e4b8396f4,0,0,1,1,linux,BFC
c530c471ba37bdd9fe1c7185b01455c00ae606fb,3,0,0,1,linux,BFC
85f517b29418158d3e6e90c3f0fc01b306d2f1a1,2,0,0,1,linux,BFC
c2f12630c60ff33a9cafd221646053fc10ec59b6,7,5,61,10,linux,BIC
44c1ee17644c822842782c5e33bf2df19b67df03,0,0,1,1,linux,BFC
b5e0a9418e09a7b6df1728a26832c7c34aa1adf8,1,0,0,1,linux,BFC
313a5257b84c26b7f080c5d294aabe7d38ca439c,5,0,0,1,linux,BFC
0cdff98b395e5ab71b650c3df154217b1348e9b5,0,11,0,1,linux,BFC
f46ecbd97f508e68a7806291a139499794874f3d,3,0,2,1,linux,BFC
efcfec579f6139528c9e6925eca2bc4a36da65c6,10,0,8,1,linux,BFC
5dbb4c6167229c8d4f528e8ec26699a7305000a3,0,0,1,1,linux,BFC
599b076d15ee3ead7af20fc907079df00b2d59a0,0,0,1,1,linux,BFC
35d06f74785cc8d108dcb1e3324b2404fb39df0b,4,0,4,1,linux,BFC
036b10635739ffd030246eedde3d67f724800177,238,4,64,3,linux,BIC
cf58c9e0915aad684aa8e9b82afd260c67ee7b22,5,0,0,1,linux,BFC
0b79b27748cbec221e1ceabf63578198602bf01d,14,9,18,6,linux,BIC
f87b720a21641d5c5ccd4f5ccc06d96251b7f282,2,0,1,1,linux,BFC
d7b2fdfb53ea09382941c0a4950dc9b00d51d1c7,3,3,2,1,linux,BFC
493b0e9d945fa9dfe96be93ae41b4ca4b6fdb317,87,10,52,3,linux,BIC
237e15dfd5d651868726111c3a9d828bec700490,0,0,5,1,linux,BFC
d9ea48bc4e7cc297ca1073fa3f90ed80d964b7b4,0,1,0,1,linux,BFC
b8e8efaa86399c4424becd96402993cf230dab57,3,0,0,1,linux,BIC
912c0a7f2b5daa3cbb2bc10f303981e493de73bd,19,0,0,1,linux,BFC
7359d482eb4d3967cc8be354405ae6be6eaf732c,6442,0,0,4,linux,BIC
8aae4b02e8a6dd138afd2b54d9984d17685b0364,309,0,0,1,linux,BIC
c3df39ac9b0e3747bf8233ea9ce4ed5ceb3199d3,59,0,7,3,linux,BFC
c6aa3542e01026a94d24713ee2c0dce517e9b6de,47,2,13,3,linux,BIC
be32acff43800c87dc5c707f5d47cc607b76b653,0,1,0,1,linux,BFC
ed17b8d377eaf6b4a01d46942b4c647378a79bdd,0,5,1,1,linux,BIC
3c89a72ad80c64bdbd5ff851ee9c328a191f7e01,10,0,0,1,linux,BFC
855085d9686e107b77a1bdb935224a238a9fd8b9,0,3,0,1,linux,BFC
512d1999b8e94a5d43fba3afc73e774849674742,1,0,0,1,linux,BFC
0a12e80ce4230434c2ed66ad0d65af0b7ccecea8,0,0,1,1,linux,BFC
34c06254ff82a815fdccdfae7517a06c9b768cee,33,23,2,3,linux,BFC
c3788cd9963eb2e77de3c24142fb7c67b61f1a26,0,0,0,1,linux,BFC
ca18d6f769d22e931d3ba1e8d1ae81953547a417,17,30,3,25,linux,BIC
bfabdd6997323adbedccb13a3fed1967fb8cf8f5,1,0,0,1,linux,BFC
f19008e676366c44e9241af57f331b6c6edf9552,25,16,8,4,linux,BFC
b56a2d8af9147a4efe4011b60d93779c0461ca97,72,144,247,4,linux,BIC
70445dee1b4cf44c9fecc580dfa08079011866f1,0,3,5,1,linux,BFC
44039e00171b0fe930c07ff7b43e6023eaf1ed31,8,0,0,1,linux,BFC
1978b3a53a74e3230cd46932b149c6e62e832e9a,18,3,15,1,linux,BIC
e5fbfc1c2d7657eafed645727cb5d74731f6d68c,1,0,0,1,linux,BFC
17f15bf66884b9e33c5005ee0149b039af8f7af2,0,1,0,1,linux,BFC
f01cfbaf9b2971126f094acfbda2589bd2394f4d,14,0,12,1,linux,BIC
59c84b9fcf42c99a945d5fdc49220d854e539690,32,20,66,4,linux,BIC
fd42bfd1bb31f9a521be6b4f1bd89b85abc08d20,12,12,0,1,linux,BFC
b96fb439774e1bfb7d027ad324fa48606167cb52,53,6,19,2,linux,BIC
a7415477a20448bbb7d13765784c0b29249a176f,2,0,1,1,linux,BFC
21c29de1d090488f595c56be77c088c2ceed394b,210,26,173,2,linux,BIC
4d23cc323cdbee1cbcd8a7f059fff9ef2b0c473d,267,10,11,5,linux,BIC
bcfabee1afd99484b6ba067361b8678e28bbc065,4,0,0,1,linux,BIC
c3171e94cc1cdcc3229565244112e869f052b8d9,3,0,1,1,linux,BFC
f025314306ae17a3fdaf2874d7e878ce19cea363,9,0,0,1,linux,BFC
9b32ba71ba905b90610fc2aad77cb98a373c5624,111,0,0,4,linux,BIC
30e0f6cf5acb39cd04316d1eecbf4c6087c7ee02,0,9687,0,18,linux,BIC
0a0f7cc25d4a525a71260cbd453a848c5c8e61c3,197,0,0,2,linux,BIC
e31f7939c1c27faa5d0e3f14519eaf7c89e8a69d,1,1,2,1,linux,BFC
01ce31c57b3f07c91c9d45bbaf126124cce83a5d,0,2,1,1,linux,BFC
ad4a5becc689c3f32bbbc2b37eff89efe19dc2f9,24,2,8,2,linux,BFC
6319a68011b86fa61dc63e94dc4fb716628037f3,8,0,1,1,linux,BIC
aac6a91fea93e6bdd7ac20365d7ecc9187ca61da,0,49,0,1,linux,BIC
add511b38266aa10c1079f9248854e6a415c4dc2,5,0,13,7,linux,BIC
5fce1e43e2d5bf2f7e3224d7b99b1c65ab2c26e2,1,0,0,1,linux,BFC
5b00ca0b8035e49ef7c466e959c5cb457a654351,5,9,6,5,linux,BIC
2b5067a8143e34aa3fa57a20fb8a3c40d905f942,421,0,5,3,linux,BIC
9b4b3f6a062b22550e62523efe5213776cdd426b,0,0,1,1,linux,BFC
0119720a00b20074a51245427f05366ede2fa90a,4,0,2,1,linux,BFC
f81cb2c3ad41ac6d8cb2650e3d72d5f67db1aa28,0,16,1,1,linux,BFC
fa519f701d27198a2858bb108fc18ea9d8c106a7,2,1,2,1,linux,BFC
4c2b5e0fab602b468ce4d8c4d78c99f2caa79a3e,0,0,1,1,linux,BFC
f104060813fe79350565b68c1098fcea050a6504,0,96,17,1,linux,BIC
b9023b91dd020ad7e093baa5122b6968c48cc9e0,0,4,29,1,linux,BFC
2c9fe835525896077e7e6d8e416b97f2f868edef,21,0,0,1,linux,BIC
74fad215ee3d27b6e6aae1acc0c2c4dade7a68b1,2,0,1,1,linux,BIC
c071b0f11e7fb944525b12c80e728af69648d967,0,0,6,1,linux,BFC
37198e93ced70733f0b993dff28b7c33857e254f,1,2,2,3,linux,BFC
bff61f6faedb36db6b135da898840d29aa74cbbb,1,0,1,1,linux,BFC
b93463aa59d67b21b4921e30bd5c5dcc7c35ffbd,119,0,1,5,linux,BIC
ee15e1f38dc201fa7d63c13aa258b728dce27f4d,0,0,1,1,linux,BFC
275bb307865a316cef390e01e6ab5e21e97023a2,16,17,4,3,linux,BIC
6707ba0105a2d350710bc0a537a98f49eb4b895d,0,0,2,1,linux,BFC
2ccb4837c938357233a0b8818e3ca3e58242c952,1,0,1,1,linux,BFC
0416e7af2369b0d12a28dea8d30b104df9a6953d,6,0,1,1,linux,BFC
3840ed9548f778717aaab5eab744da798c3ea055,26,0,0,1,linux,BIC
dac22531bbd4af2426c4e29e05594415ccfa365d,12,0,0,1,linux,BFC
c4371c2a682e0da1ed2cd7e3c5496f055d873554,4,5,25,2,linux,BIC
05075fe7455a210769b266e62a0040ddc98b2739,1,0,0,1,linux,BFC
7ad1437d6ace0e450a6c1167720608ad660b191d,4,1,0,1,linux,BFC
9d09e663d5502c46f2d9481c04c1087e1c2da698,697,0,0,1,linux,BIC
c4028fa2daa059ac9231ab3a4f57cbae814b3625,0,4,0,1,linux,BFC
140d8b335a9beb234fd0ed9a15aa6a47f47fd771,0,0,1,1,linux,BFC
6ce2c05b21189eb17b3aa26720cc5841acf9dce8,10,9,0,1,linux,BIC
23c54263efd7cb605e2f7af72717a2a951999217,8,0,0,1,linux,BFC
7b1d6924f27ba24b9e47abb9bd53d0bbc430a835,0,2,2,1,linux,BFC
2d38dbf89a06d0f689daec9842c5d3295c49777f,30,13,5,3,linux,BIC
25524288631fc5b7d33259fca1e0dc38146be5d6,6,1,3,1,linux,BFC
c4c7d7a43246a42b0355692c3ed53dff7cbb29bb,2,0,1,1,linux,BFC
2b9977470b39e011ee5fbc01ca55411a7768fb9d,0,0,1,1,linux,BFC
5fc4cbd9fde5d4630494fd6ffc884148fb618087,6,3,4,1,linux,BFC
fca91f6d60b6ee53b8d43c8ad5bad153a758961c,8,0,3,1,linux,BIC
e28fb159f1163e76811b9b9024564c33027d9a44,11,0,0,1,linux,BIC
2ecd4154c906b7d60e7d06a515e6384cc58e93ab,244,0,0,1,linux,BIC
7b8589cc29e7c35dcfd2d5138979f17b48f90110,134,0,1,5,linux,BIC
12d807cd34b8620a531f7871979242834039a5dd,2,0,0,1,linux,BIC
b7aade15485a660cbf5161962c284131324a9534,6,3,6,3,linux,BIC
dc76803e57cc86589c4efcb5362918f9b0c0436f,1,0,0,1,linux,BFC
2bb10639f12c925faeed8b4c3678fb92f97b90b7,0,4,1,1,linux,BFC
492667dacc0ac9763969155482b1261b34ccf450,3,37,8,3,linux,BIC
201ae986ead7582f8d9506a5d11459b280b954c8,99,0,39,2,linux,BIC
c30d630d1bcfad8d2f70ff0cbb2a86d5a43bc152,13,0,0,1,linux,BIC
1ad43c0078b79a76accd0fe64062e47b3430dc6b,5,0,6,1,linux,BIC
9a93848fe787a53aec404e4e00d8f7f9bbdaebb4,76,46,24,6,linux,BIC
02da26ad5ed6ea8680e5d01f20661439611ed776,0,0,1,1,linux,BFC
edabf4d9dd905acd60048ea1579943801e3a4876,1,0,0,1,linux,BFC
7afd7f6aa21a2929aff3a059b741933ee1819c6b,14,0,0,2,linux,BIC
f9b7ff0d7f7a466a920424246e7ddc2b84c87e52,0,0,1,1,linux,BFC
720734a0b66f9ca42ec6663a48702b16e49552ee,0,1,4,1,linux,BFC
4449f079722c86d2f6925da039835acdd8e973a8,26,2,2,2,linux,BIC
0b7cfa4082fbf550595bc0e40f05614bd83bf0cd,1,0,5,2,linux,BIC
7746b32f467b3813fb61faaab3258de35806a7ac,88,4,8,4,linux,BIC
8183a538cd95f72f11871b35726256ec3bcb9439,20,0,2,4,linux,BIC
b764a5863fd834836e65e258303e3a4a81c20f38,91,71,25,4,linux,BIC
a05d4fd9176003e0c1f9c3d083f4dac19fd346ab,10,10,6,1,linux,BFC
cd183740480f045600aa1fa38fe70809b5498f05,1,0,0,1,linux,BFC
cba97805cb69d5b1a1d3bb108872c73b5bf0e205,8,0,5,1,linux,BFC
a407c593398c886db4fa1fc5c6fec55e61187a09,41,1,22,4,linux,BIC
acdb04d0b36769b3e05990c488dc74d8b7ac8060,2,1,0,1,linux,BFC
db07cd26ac6a418dc2823187958edcfdb415fa83,90,0,3,2,linux,BIC
a4eff5f86c9c5e7d07d880bd86ce8faad19d7063,73,0,2,2,linux,BIC
6feddb4913011437aaafe34d672aceebdb7c201f,0,0,2,1,linux,BFC
08ae95f4fd3b38b257f5dc7e6507e071c27ba0d5,56,0,14,2,linux,BIC
30e7a65b3fdb53cc49f85c965095e40aceea3961,8,0,0,1,linux,BIC
12551f0239b50c88352e3292dd7703382addbf5e,11,0,2,1,linux,BFC
9a3efb6b661f71d5675369ace9257833f0e78ef3,3,0,4,1,linux,BIC
e3a9667a5bf7e520a1fa24eadccc6010c135ec53,1,0,0,1,linux,BFC
806fd188ce2a4f8b587e83e73c478e6484fbfa55,2,0,0,1,linux,BFC
6458de97fc15530b54477c4e2b70af653e8ac3d9,1,3,14,1,linux,BIC
fa27e2f6c5e674f3f1225f9ca7a7821faaf393bb,1,0,1,1,linux,BFC
077661b6ed24e530dabc9db3ab3ae48fbaf19679,0,0,1,1,linux,BFC
c41d2a075206fcbdc89695b874a6ac06160b4f1a,3,0,3,1,linux,BFC
311ae9e159d81a1ec1cf645daf40b39ae5a0bd84,13,0,1,1,linux,BIC
5a5586112b929546e16029261a987c9197bfdfa2,327,3,4,9,linux,BIC
9d59c6e8ae27638fc733fe759b1a013775e745ee,335,0,0,1,linux,BIC
e42e70ad6ae2ae511a6143d2e8da929366e58bd9,4,0,2,1,linux,BFC
c496f3c08a83e57359509828e5b19eeb920b81b1,4,4,0,1,linux,BFC
48e0d3735aa557a8adaf94632ca3cf78798e8505,44,0,22,6,linux,BIC
f247c17d03e476c47c3de9dab41f0e89391a1e0b,0,3,1,2,linux,BFC
ee17028009d49fffed8cc963455d33b1fd3f1d08,1507,0,0,1,linux,BIC
c09f7471127e9debf3e814ffef4f4012c31a5a3d,159,0,0,1,linux,BIC
7bf52fb891b64b8d61caf0b82060adb9db761aec,0,0,1,1,linux,BFC
f151c147b3afcf92dedff53f5f0e965414e4fd2c,1,0,0,1,linux,BFC
272ceeaea355214b301530e262a0df8600bfca95,56,5,15,2,linux,BFC
2419f30a4a4fcaa5f35111563b4c61f1b2b26841,2,2,0,1,linux,BFC
75be6b98eda46d27b4a218fdbfb034a5b0fb5b12,0,0,2,1,linux,BFC
782f24453536460482f9dd14d3677ade910b1fd1,2,0,4,1,linux,BIC
f9f83202b7263ac371d616d6894a2c9ed79158ef,3,0,1,1,linux,BFC
791b48b642324c4e6bfef27f552aaebead81905f,9,0,6,1,linux,BFC
1d22e05df8183b36b3cc0760344774040abc74d5,951,0,0,3,linux,BIC
02213cec64bbef66d7ad9ddc3b7c47236da64343,1,0,0,1,linux,BIC
01d6c357837918d8186b9f520e167d98e3d560cc,118,4,25,4,linux,BIC
1181412c1a671ed4e8fb1736f17e6ec617c68059,970,0,0,2,linux,BIC
93bde210c4341e79f0cd9cb160d889f4577e40b1,4,0,0,1,linux,BFC
036867e93ebf4d7e70eba6a8c72db74ee3760bc3,2,1,5,2,linux,BFC
bc800e8b39bad60ccdb83be828da63af71ab87b3,6,0,1,1,linux,BFC
ee43a1a0cd2a8f33cddfa1323a60b5cfcf865ba0,0,0,1,1,linux,BFC
72df61d9d66e5bbe7e2c8b5accc240f66276147f,0,0,2,1,linux,BFC
fbbfb3f83e7866d953a26aa9a8c5e75e9ff11952,0,0,2,1,linux,BFC
0a7f54ea0e1ed5a8f666e2adee7943b3991b4987,1,0,1,2,linux,BFC
8cbde6c6a6d2b1599ff90f932304aab7e32fce89,0,0,2,1,linux,BFC
02c952c8f95fd0adf1835704db95215f57cfc8e6,0,0,8,4,linux,BFC
fc9cab05837639ce3372870b09d26334fb15b157,91,0,1,4,linux,BIC
8f14c99c7edaaba9c0bb1727d44db6ebf157cc61,18,0,18,2,linux,BIC
40a4884512d5bf9ed3a9cb162b8a7ec3306b6cfc,9,0,0,2,linux,BFC
a810007afe239d59c1115fcaa06eb5b480f876e9,4,0,0,1,linux,BFC
f37755490fe9bf76f6ba1d8c6591745d3574a6a6,5,0,0,1,linux,BIC
a148866489fbe243c936fe43e4525d8dbfa0318f,38,23,11,6,linux,BIC
07094ae6f9527279de6fd0c59e88f6d0423585b1,106,14,25,3,linux,BIC
46094049a49be777f12a9589798f7c70b90cd03f,0,3,0,1,linux,BFC
d9e79726193346569af7953369a638ee2275ade5,7,0,0,1,linux,BIC
5d1e9c2212ea6b4dd735e4fc3dd6279a365d5d10,4,1,3,1,linux,BFC
73f5c88f521a630ea1628beb9c2d48a2e777a419,3,0,1,1,linux,BFC
f70e2e06196ad4c1c762037da2f75354f6c16b81,121,36,94,4,linux,BIC
6384a4d0dcf9e28f5aa5e0c8a7e58e7b4df19e68,169,0,18,2,linux,BIC
0bca799b92807ee9be0890690f5dde7d8c6a8e25,5,6,5,1,linux,BFC
7353633814f6e5b4899fb9ee1483709d6bb0e1cd,1,0,3,1,linux,BFC
d566e78dd6af957d021eb9550955777268fbc2f2,16,0,2,1,linux,BIC
c95310e1b33eae9767af9698aa976d5301f37203,0,0,1,1,linux,BFC
e19e9c692f81b87dc1414eb7945f4ad5dedbb49c,196,0,1,2,linux,BIC
991589974d9c9ecb24ee3799ec8c415c730598a2,1,0,3,1,linux,BFC
770cbf89f90b0663499dbb3f03aa81b3322757ec,0,0,1,1,linux,BFC
98c27add5d96485db731a92dac31567b0486cae8,85,0,2,1,linux,BIC
0dc016dbd820260b8ea74337980735b8c88d4ef2,365,2,9,7,linux,BIC
1c6e8088d9a74674b4017f8d2090ca9a314954b7,1,0,2,1,linux,BIC
afaa33da08abd10be8978781d7c99a9e67d2bbff,72,0,12,4,linux,BFC
8a6edb5257e2a84720fe78cb179eca58ba76126f,27,10,1,1,linux,BFC
c9bfb460c3e4da2462e16b0f0b200990b36b1dd2,0,0,1,1,linux,BFC
5f36851c36b30f713f588ed2b60aa7b4512e2c76,20,11,26,1,linux,BFC
5b6c7b55cfe26224b0f41b1c226d3534c542787f,16,5,12,2,linux,BFC
e9105f1bead4ec3f64904564c7c6268185d6b363,289,0,0,5,linux,BIC
605f077290a594c75a952ad3b78e53d68c1895ae,2,0,0,1,linux,BFC
55f2503c3b69328735e88031ff8d6ba291bd952b,5,1,26,8,linux,BIC
cf1bce1de7eeb9b48259662cdce5c9d6842a1599,11,1,20,1,linux,BIC
0619f0f5e36f12e100ef294f5980cfe7c93ff23e,143,59,118,1,linux,BIC
eaf6cbe0992052a46d93047dc122fad5126aa3bd,555,0,62,2,linux,BIC
98d11291d189cb5adf49694d0ad1b971c0212697,0,0,1,1,linux,BFC
b3f74938d65665f892d1b7807c51140f68dc911c,36,0,14,3,linux,BFC
e42ee61017f58cd91cb9e30001450be3981e0e83,9,0,8,1,linux,BIC
2ce578ca9444bb44da66b9a494f56e7ec12e6466,0,0,1,1,linux,BFC
7f80a2fd7db9a55894fd841915236aca611291b5,0,1,1,1,linux,BIC
446a8268b7f56830d8c7b562718ba9dc113ab3c1,56,0,2,1,linux,BIC
f237c30a5610d35a584f3296d397b93d80ce374e,20,2,29,1,linux,BIC
8fffd9e5ec9ea046ff45c7974395ffbcb4bbef14,220,0,0,1,linux,BIC
5a848b7c9e5e4d94390fbc391ccb81d40f3ccfb5,1,0,0,1,linux,BFC
7c6893e3c9abf6a9676e060a1e35e5caca673d57,61,0,9,4,linux,BIC
661a88860274e059fdb744dfaa98c045db7b5d1d,5,0,0,1,linux,BFC
e7fb524cfccaf649b257d517f437392f50b3931f,4,0,0,1,linux,BIC
f961134a612c793d5901a93d85a29337c74af978,0,0,1,1,linux,BFC
76497732932f15e7323dc805e8ea8dc11bb587cf,0,0,1,1,linux,BFC
693abe11aa6b27aed6eb8222162f8fb986325cef,43,31,2,1,linux,BFC
8160eac1213fb6d466dee156638647a71da7d7fb,0,0,1,1,linux,BFC
a7e1f67ed29f0c339e2aa7483d13b085127566ab,69,0,0,1,linux,BIC
9903c8dc734265689d5770ff28c84a7228fe5890,0,0,2,1,linux,BIC
b76574300504e56e2878ade185d5f47893512d25,88,0,0,1,linux,BIC
c42b7cddea47503411bfb5f2f93a4154aaffa2d9,0,0,1,1,linux,BFC
fdb8df9933632e177621daf60da74fc693a8c7d1,6,2,0,1,linux,BFC
97730bbb242cde22b7140acd202ffd88823886c9,432,4,8,7,linux,BIC
5b4c189d660a9b8a852f0863360eb40a100226fc,3,0,0,1,linux,BFC
abf545484d31b68777a85c5c8f5b4bcde08283eb,18,17,42,11,linux,BFC
ddf97ccdd7cb7e00daba465a5c947b8d941dc2a4,608,11,138,14,linux,BIC
2de71ee153efa93099d2ab864acffeec70a8dcd5,2,0,4,2,linux,BIC
c23d92b80e0b44d4c17085f0413e7574a7583615,0,0,4,1,linux,BIC
bc2c23549ccd7105eb6ff0d4f0ac519285628673,11,0,0,1,linux,BIC
ba04291eb66ed895f194ae5abd3748d72bf8aaea,10,0,1,2,linux,BIC
3a58ac65e2d7969bcdf1b6acb70fa4d12a88e53e,0,0,1,1,linux,BFC
d7ef0d1e39685b38c97b30daa6de0d50df004839,31,0,0,1,linux,BIC
856e7c3084399fb7e029628dbe43dcb9bb7d7b5b,51,0,3,4,linux,BIC
25d27c4f68d2040c4772d586be3e02ee99eb71af,38,0,0,1,linux,BIC
6fbde6b492dfc761ad60a68fb2cb32b1eb05b786,0,1,0,19,linux,BIC
2a3a93ef0ba5166e8b5766bb232f216fd412d40b,14,0,0,2,linux,BIC
3507273d5a4d3c2e46f9d3f9ed9449805f5dff07,4,0,0,1,linux,BFC
a07876064a0b73ab5ef1ebcf14b1cf0231c07858,29,10,3,3,linux,BIC
58de92d2f95e91162ac036938010bbd8db715bde,89,70,17,1,linux,BIC
c17add7a1c61a15578e4071ed7bfd460fd041c43,1,0,0,1,linux,BFC
5d34d0b32d6c13947b0aa890fc4c68f203491169,194,0,0,3,linux,BIC
26b9f2fa7b1c6aba6fa9b83274a3e54868f69562,3,0,1,1,linux,BIC
69e300283796dae7e8c2e6acdabcd31336c0c93e,0,0,1,1,linux,BFC
79e09ef96b6a5fb888f5241f3aa707e9ad0b1cce,4,0,3,1,linux,BFC
f0501e81fbaa51cfc8c28c60bc3fc7965fde94f4,16,0,0,1,linux,BIC
211710ca74adf790b46ab3867fcce8047b573cd1,0,0,1,1,linux,BFC
f6dd927f34d64014c4b196132b5cdf9f2e2a3ae5,114,14,4,1,linux,BIC
09b3efec81def807fb225359e34a8e72866dd9c4,0,11,2,1,linux,BIC
4407eaa9b0ccbc55408884475301f02280aec402,148,0,0,4,linux,BIC
52c35befb69b005c3fc5afdaae3a5717ad013411,34,0,1,1,linux,BFC
823a7300340e36ee2c1941e672f33c9419928d1c,823,0,0,5,linux,BIC
a05829a7222e9d10c416dd2dbbf3929fe6646b89,477,106,403,39,linux,BIC
73c4ca047f440c79f545bc6133e3033f754cd239,2,2,0,1,linux,BFC
7c8199e24fa09d2344ae0204527d55d7803e8409,506,0,0,2,linux,BIC
a900845e56617edc005fd8f35bfd5a407aaf96c8,1214,0,0,2,linux,BIC
6acd7d5ef264d8e9a8988cebf6eeb3567eaf60c6,55,0,3,3,linux,BFC
5c48a7df91499e371ef725895b2e2d21a126e227,8,25,2,1,linux,BFC
fa6d79d27614223d82418023b7f5300f1a1530d3,88,0,1,1,linux,BIC
04c350b1ae6bdb12b84009a4d0bf5ab4e621c47b,2,0,0,1,linux,BFC
2e3a94aa2bfc6de95a0700f0a868c6f5db3a9592,8,0,11,1,linux,BFC
1892a991886ace2c3450bec801df2cf4028a803a,2,5,6,5,linux,BIC
8571890e1513bc6768495b6541fb8064e046a61c,5,0,5,1,linux,BIC
f068090426ea8d72c408ebd42953a82a88e2282c,8,2,6,6,linux,BFC
c684010115221978b17968dbddc8e31a09da85e7,156,0,1,3,linux,BIC
a672a9dc872ec4eea91bd331f6d55aee4ac48d4f,1204,0,0,5,linux,BIC
4772f26db8d1fb568c4862c538344a1b5fb52081,2,4,0,1,linux,BFC
51dedad06b5f6c3eea7ec1069631b1ef7796912a,8,1,1,1,linux,BIC
66b51b0a0341fd42ce657739bdae0561b0410a85,2,1,1,2,linux,BFC
90b14889d2f9b29d7e5b4b2d36251c13ce3dd13f,7,9,7,2,linux,BIC
34ea38ca27991466a8fff849514b4181b42ae2eb,2,0,0,1,linux,BFC
cdec4d3613230fc15723fae206cb17825b914cee,256,0,5,6,linux,BIC
3b7961a326f8a7e03f54a19f02fedae8d488b80f,18,0,8,1,linux,BFC
7d8e8f3433dc8d1dc87c1aabe73a154978fb4c4d,2,0,2,1,linux,BFC
4b52d010113e11006a389f2a8315167ede9e0b10,0,0,1,1,linux,BFC
8e6a9046b66a7dfb11ae8be226afaaf417649411,268,0,0,4,linux,BIC
f76ee892a99e68b55402b8d4b8aeffcae2aff34d,36023,0,0,52,linux,BIC
7f85e42a6c54c0757f4a2d217ab0d866b4e94697,1029,0,2,6,linux,BIC
060ea4271a82270be6d44e8e9aefe8f155fb5626,1,0,1,1,linux,BFC
aeb6641f8ebdd61939f462a8255b316f9bfab707,1,0,2,1,linux,BFC
d77be68955475fc2321e73fe006240248f2f8fef,0,0,1,1,linux,BFC
473291b3ea0e1df81f7abf13b8ab4b98a346df5e,4,1,5,3,linux,BIC
aa9667e7f626232cde5310435dc96bfbe796f05c,1,0,12,1,linux,BFC
dbde5c2934d10f87cc45ed9a9b95cac6f0c0fdd2,1,36,9,2,linux,BIC
25ccd2429fd0af5b9c2c136c8c593491aeabf162,20,20,0,1,linux,BFC
8cae8cd89f05f6de223d63e6d15e31c8ba9cf53b,3,0,0,1,linux,BFC
084e2f6566d2a39c007ed6473f58b551a2eeefeb,79,0,0,1,linux,BIC
e41b0bedba0293b9e1e8d1e8ed553104b9693656,0,0,1,1,linux,BFC
0b3ea2a06de1f52ea30865e227e109a5fd3b6214,0,0,1,1,linux,BFC
cf754ae331be7cc192b951756a1dd031e9ed978a,1,0,1,1,linux,BFC
970c43d1783539b75a5e234ff5e51fc5c888112f,0,4,3,1,linux,BFC
e701001e7cbe88cdc937037f6f398669eef7e7ff,30,0,5,1,linux,BIC
593876838826914a7e4e05fbbcb728be6fbc4d89,12,0,2,1,linux,BFC
551fa5801ef10298aa1f43e5e95355e2dd5cb3bb,263,0,0,1,linux,BIC
3e2b0af411d4bf85bc0fbc385756fd5968adb9fd,4,2,0,1,linux,BFC
6e7ca09b583de4be6c27d9d4b06e8c5dd46a58fa,3,0,3,1,linux,BFC
176ed98c8a76ee08babf99b25b00992c2a5e7bbc,4,5,8,3,linux,BIC
8137ae26d25303e7b5cfb418fd28b976461e5b6e,1,0,5,1,linux,BFC
80dd33cf72d1ab4f0af303f1fa242c6d6c8d328f,14,7,11,2,linux,BFC
883a030f989a17b81167f3a181cf93d741fa98b4,18,0,3,1,linux,BIC
336d28a8f38013a069f2d46e73aaa1880ef17a47,1,0,0,1,linux,BFC
8358c28a5d44bf0223a55a2334086c3707bb4185,0,0,1,1,linux,BFC
32ae592036d7aeaabcccb2b1715373a68639a768,0,0,1,1,linux,BFC
ed8e50800bf4c2d904db9c75408a67085e6cca3d,2,0,0,1,linux,BFC
5d5b231da7acfa6d65c78b4414158cbff5fc4040,16,11,13,1,linux,BIC
36fc3c8c282c01ad1570bd864de52f128d731b75,4,0,7,2,linux,BIC
3b89ea9c5902acccdbbdec307c85edd1bf52515e,19,0,4,2,linux,BIC
9c6c12595b73e580f103b0812837f015034d460e,51,0,13,5,linux,BIC
245500d853e9f20036cec7df4f6984ece4c6bf26,131,263,428,12,linux,BIC
6d9deb910c8eee8728129326dc88ec109b03b135,5,0,1,1,linux,BFC
154d4899e4111ae24e68d6ba955f46856cb046bc,5,0,0,1,linux,BIC
96d828d45e166d6d6cc240b7ef082d312d6f579f,97,0,4,4,linux,BIC
fa28981b35128132aeb69a0a2ea2ff1c49bea6d9,0,0,10,1,linux,BFC
31d86033a0749a0463ea654130b2de5c163154f1,4,0,1,1,linux,BFC
62d89a7d49afe46e6b9bbe9e23b004ad848dbde4,0,0,1,1,linux,BFC
b8ef7020d6e552cfa5a29e7a411667f636d73185,18,1,24,5,linux,BIC
7a06c66835f75fe2be4f154a93cc30cb81734b81,10,0,12,1,linux,BFC
398af571128fe75f07343f929975b26d57eafd18,8,0,0,1,linux,BIC
77c4ad2d6a9bb6c6744f8f3a25d1c62669d6b656,741,0,0,4,linux,BIC
ec772f01307a2c06ebf6cdd221e6b518a71ddae7,3,0,3,1,linux,BFC
ed2ab35ef1a1f7d42b5dc0d130d359cc0f5e3d9d,1,2,0,1,linux,BFC
c503672abe1348f10f5a54a662336358c6e1a297,6,0,8,1,linux,BFC
ec0160891e387f4771f953b888b1fe951398e5d9,25,0,0,5,linux,BFC
ce593a6c480a22acba08795be313c0c6d49dd35d,16,0,8,1,linux,BIC
a50b7926d015c3b8194ab1d7c8aa86db8e4b7700,13,0,2,1,linux,BIC
eb1231f73c4d7dc26db55e08c070e6526eaf7ee5,41,7,32,1,linux,BIC
9282012fc0aa248b77a69f5eb802b67c5a16bb13,4,0,4,1,linux,BFC
b9acf24f779c778b994a7dc017c977a18560f690,1,0,8,3,linux,BIC
e1cff7002b716bd0b5f5f4afd4273c99aa8644be,1,13,26,5,linux,BFC
bb8e52e4906f148c2faf6656b5106cf7233e9301,4,0,3,1,linux,BFC
98dea8d71931460c189e5001b0faf2180a42db42,42,0,0,2,linux,BIC
e40607cbe270a9e8360907cb1e62ddf0736e4864,3,0,0,1,linux,BFC
a759a909d42d727e918bd5248d6cff7562fa8109,2,0,23,3,linux,BFC
bca243b1ce0e46be26f7c63b5591dfbb41f558e5,3,3,0,1,linux,BFC
c57a91fb1ccfa203ba3e31e5a389cb04de5b0561,3,0,1,1,linux,BFC
6c254bf3b637dd4ef4f78eb78c7447419c0161d7,4,0,1,1,linux,BIC
18788e34642e2e3eae785b0966769d03e7fbe9d2,5,0,1,1,linux,BFC
af1bae5497b98cb99d6b0492e6981f060420a00c,8,0,4,3,linux,BIC
82b3ad7445968ba70edc42d97ba3510c4623679a,0,10,0,1,linux,BFC
a632b2a4c920ce5af29410fb091f7ee6d2e77dc6,42,0,5,2,linux,BIC
8ba6b30ef700e16f3bc668e6f4f8375da9229e4d,0,9,3,1,linux,BFC
26f2a64abdeb44e488e2334d28a380a3ed5a504d,0,0,1,1,linux,BFC
e56d48e92b1017b6a8dbe64923a889283733fd96,5,0,0,1,linux,BFC
8748642751ede505c3d6de1486fa0c1f8eb8be6b,227,0,0,3,linux,BIC
af3826db74d184bc9c2c9d3ff34548e5f317a6f3,79,1,6,5,linux,BIC
ada61aa0b1184a8fda1a89a340c7d6cc4e59aee5,2,0,2,1,linux,BFC
5db7c8b9f9fc2aeec671ae3ca6375752c162e0e7,31,23,45,3,linux,BFC
1b713d14dc3c077ec45e65dab4ea01a8bc41b8c1,3,0,2,2,linux,BFC
eca4cf12acda306f851f6d2a05b1c9ef62cf0e81,5,1,3,1,linux,BFC
f3db0bed458314a835ccef5ccb130270c5b2cf04,14,0,5,2,linux,BFC
093edc2baad2c258b1f55d1ab9c63c2b5ae67e42,1,0,0,1,linux,BFC
64711f9a47d4defa90417f5e8db8ed0060bc3275,164,0,0,2,linux,BIC
d3c6dd1fb30d3853c2012549affe75c930f4a2f9,1,3,6,1,linux,BFC
4065158c4897533abc430c02f5071d2e3ddbb191,0,3,3,1,linux,BFC
41eb5df1cbc9b302fc263ad7c9f38cfc38b4df61,8,1,0,2,linux,BFC
f18da660c095e3fff1690ea3d752f7b7188b35fb,17,3,10,1,linux,BFC
3e467b8e4cf4d56244f92b1fb26a25e405e7d3aa,16,0,7,2,linux,BIC
49113d5e0c3f3fbf409075e69c2d1e157c387ac5,0,0,2,1,linux,BFC
71abf20b28ff87fee6951ec2218d5ce7969c4e87,3,0,0,1,linux,BIC
44c57f205876518b14ab2b4b5d88a181f41260bb,16,1,1,3,linux,BIC
828f84ee8f84710ea1818b3565add268bcb824c8,0,0,1,1,linux,BFC
7c106d7e782bd4805f39da30e81018f861b4b8c5,338,0,0,1,linux,BIC
bc5519c18a32ce855bb51b9f5eceb77a9489d080,0,0,1,1,linux,BFC
fbefe9c2f87fd392f809f7b78e6d54944800a148,41,12,2,4,linux,BIC
7ea5fda2b1325e17528e2648b913244c8be0bcc7,916,80,132,3,linux,BIC
0c3cbbf96def619ef1c766c53a7db5f3602898df,39,0,0,3,linux,BIC
4ca110bf8d9b31a60f8f8ff6706ea147d38ad97c,5,0,2,2,linux,BFC
5a6681e22c1409089132085811857d6da828761b,17264,299,913,38,linux,BIC
bcee7ed09b8e70b65d5c04f5d1acd2cf4213c2f3,804,9,14,1,linux,BIC
2c33c27fd6033ced942c9a591b8ac15c07c57d70,6,0,0,2,linux,BIC
3b9dfa4ef28c7dfb847cd3f8f97e7b92686c3e76,125,0,3,7,linux,BIC
2e5a6266fbb11ae93c468dfecab169aca9c27b43,0,0,1,1,linux,BFC
69d99e6c0d621febb2b6a22e27c4035da970e589,2,11,0,2,linux,BIC
79e3a5bdd9efbdf4e1069793d7735b432d641e7c,195,0,0,1,linux,BIC
ad106a26aef3a95ac7ca88d033b431661ba346ce,0,0,1,1,linux,BFC
275c30bcee66a27d1aa97a215d607ad6d49804cb,0,4,1,1,linux,BFC
c6bfda8d72c485b2eee1642cbcbd92e3fbb93ed3,1,0,0,1,linux,BFC
ec487d1a110abfffebdf116560db5c1d71b94cab,147,0,0,1,linux,BIC
e558a5bd8b74aff4690a8c55b08a1dc91ef50d7c,32,0,3,1,linux,BIC
d345691471b426e540140a4cc431c69f80abfcb6,37,138,192,36,linux,BIC
607954b084d4ad5e6a2e0f795de7803d9c6ae37f,2,0,1,1,linux,BFC
3e25f800afb82bd9e5f82458c0c71f1623b31ee5,9,0,0,1,linux,BIC
53af16f79fbc3f06df76f6d82adcd4ed03b3d752,2,15,5,1,linux,BFC
b12d66278dd627cbe1ea7c000aa4715aaf8830c8,8,0,2,1,linux,BIC
dab4b0e8c9a5a4edc406e6fc24030afeb348383d,0,7,5,1,linux,BIC
35fdc3902179366489a12cae4cb3ccc3b95f0afe,0,6,0,1,linux,BFC
bb9562cf5c67813034c96afb50bd21130a504441,8,0,2,1,linux,BFC
68fe1db04443cee58ddbeae9c506f7262b256168,6,0,3,1,linux,BFC
4262ee88f07f6771eafcc5efa1050a7df1b88cb7,1,10,4,1,linux,BFC
e38b3f20059426a0adbde014ff71071739ab5226,1,0,6,1,linux,BFC
904542dc56524f921a6bab0639ff6249c01e775f,0,0,1,1,linux,BFC
6ff7cb371c4bea3dba03a56d774da925e78a5087,21,25,8,1,linux,BIC
f0cb5fed37ab37f6a6c5463c5fd39b58a45670c8,0,1,0,1,linux,BFC
5eda87b890f867b098e5566b5543642851e8b9c3,12,0,4,1,linux,BIC
51fd2df1e882a3c2a3f4b6c9ff243a93c9046dba,10,0,0,1,linux,BIC
30b9c54a707db4155735cf71f4600241c1b7b6ff,2,0,0,1,linux,BFC
3971c9f6dbf26f077b929dbe14ced60a697ebcf0,43,0,23,1,linux,BIC
24fb190e92e09c819f432cdf366a1540cf52f1f2,470,0,0,2,linux,BIC
6c857ccf4eedfdf8b8cabdd36e3675469f59d31b,0,0,1,1,linux,BFC
eb0a2d2620ae431c543963c8c7f08f597366fc60,4,0,0,1,linux,BFC
664ba5180234593b4b8517530e8198bf2f7359e2,3,3,1,1,linux,BFC
8de66b0e6a56ff10dd00d2b0f2ae52e300178587,19,0,2,1,linux,BFC
806a8afedef82c5f156b1c9b1de1205f9abfd21e,0,0,1,1,linux,BFC
19e16d220f0adbf899a652dfb1fde2e3a95153e9,3,0,9,3,linux,BIC
62f676ff7898f6c1bd26ce014564773a3dc00601,4,0,2,1,linux,BFC
ab99be4683d9db33b100497d463274ebd23bd67e,1,0,1,1,linux,BFC
1e9291996c4eedf79883f47ec635235e39d3d6cd,3,0,2,1,linux,BFC
4ac8918f3a737c21d81e250e4194c12ea2b7eb04,194,0,0,3,linux,BIC
23624935e0c4b04730ed8d7d21f0cd25b2c2cda1,19,5,1,5,linux,BIC
f9317f77a6e06d15604a079a9d35a2f500c60c08,1,0,3,1,linux,BIC
ab9e00cc72fa4c6eb6370757b9e94c4645e91d5d,181,12,24,3,linux,BIC
eb12a5f51f4332bd75a9d35caa4d79e8300af3a7,1,0,0,1,linux,BFC
e73af234a1a26a034dbf92539b54aedc5014dbb2,16,0,30,3,linux,BIC
2f844b61db8297a1f7a06adf2eb5c43381f2c183,4,0,0,1,linux,BFC
fe0a7e3d012738b0034b3c97ddb0e8bc0a3ff0e6,3,0,13,1,linux,BFC
44580a0118d3ede95fec4dce32df5f75f73cd663,3,0,0,1,linux,BFC
93a1e86ce10e4898f9ca9cd09d659a8a7780ee5e,40,0,0,5,linux,BIC
cedeac9df4b8386bc96b589d91e4f40e0b4b441b,4,0,2,1,linux,BIC
6989310f5d4327e8595664954edd40a7f99ddd0d,2,1,1,1,linux,BIC
05eb6e7263185a6bb0de9501ccf2addc52429414,7,1,4,2,linux,BFC
f81dadbcf7fd067baf184b63c179fc392bdb226e,51,0,0,1,linux,BIC
66dfdff03d196e51322c6a85c0d8db8bb2bdd655,148,0,64,3,linux,BIC
290d638e04e7b94ff34d2f5e9426e7ce617e9a59,1,2,0,2,linux,BFC
c54419321455631079c7d6e60bc732dd0c5914c5,1308,1003,280,16,linux,BIC
81f13f2116cd93910d958c58052ef7dc22f1e577,1,4,8,1,linux,BFC
509869a2fec36ecb2b841180915995f41d5a0219,2,0,0,1,linux,BFC
d7cade513752968d894d4d73e0b08fe2d84d6d4b,8,0,3,1,linux,BIC
c4fac9100456995c10b65c13be84554258ed7fc8,153,2,8,8,linux,BIC
1f008d46f1243899d27fd034ab5c41985bd16cee,0,0,1,1,linux,BFC
66b51b801d05ee54a0f23628cb8220189adb715e,0,0,1,1,linux,BFC
74f75cda754eb69a77f910ceb5bc85f8e9ba56a5,1,0,2,1,linux,BFC
0c6c2d3615efb7c292573f2e6c886929a2b2da6c,0,74,0,1,linux,BIC
77ca3951cc37727ae8361d583a30da7a1b84e427,24,0,5,2,linux,BIC
d6dd2fe71153f0ff748bf188bd4af076fe09a0a6,0,0,8,1,linux,BFC
6548c7c538e5658cbce686c2dd1a9b4f5398bf34,9,3,3,1,linux,BFC
6d2c186afa5d5dd416c9e854e428095a117c57b3,441,0,5,4,linux,BIC
a95a4d9b39b0324402569ed7395aae59b8fd2b11,4,0,2,1,linux,BFC
ddd872bc3098f9d9abe1680a6b2013e59e3337f7,67,0,2,2,linux,BIC
6eae35485b26f9e51ab896eb8a936bed9908fdf6,42,0,5,1,linux,BFC
89c67752ae4dedc1244344b266c837ddb4053ebd,0,0,1,1,linux,BFC
867e359b97c970a60626d5d76bbe2a8fadbf38fb,43474,0,0,178,linux,BIC
a8a217c22116eff6c120d753c9934089fb229af0,0,251,2,24,linux,BIC
9b240637eb9b9677a9e9bc2dc568f5e0811e04d6,18,11,4,1,linux,BFC
e2f1f072db8db81e6b5bcbfcf409bb5c91dc9329,125,22,3,2,linux,BIC
09620eeb62c4167d0c206f9a69730fa9e9251aae,133,0,4,5,linux,BIC
7b1f781f2d2460693f43d5f764198df558e3494b,10,0,0,1,linux,BFC
341dd1f7de4c2d91edf0fa4d34a14b4f98717bea,78,34,38,2,linux,BIC
06ecdba319e2b389c94c7b6a9c936d09ec188359,1,0,2,1,linux,BFC
67bbbcb49b968a93251de7b23616d5aff5d3a726,0,0,1,1,linux,BFC
b96f3e7c8069b749a40ca3a33c97835d57dd45d2,1,7,20,14,linux,BIC
dc35a10f68d3781c2345d60b22103785985ca849,1168,0,37,3,linux,BIC
4d0cc9e0e53e9946d7b8dc58279c62dfa7a2191b,0,82,2,1,linux,BFC
b082f2dd80612015cd6d9d84e52099734ec9a0e1,0,8,0,1,linux,BFC
3925f46bb5902ba9f227591584e27acb6a32c9b0,162,0,3,2,linux,BIC
e647e29196b7f802f8242c39ecb7cc937f5ef217,0,0,1,1,linux,BFC
6a45b3628ce4dcf7498b39c87d475bab6e2a9b24,3,0,1,1,linux,BFC
bcf3588d8ed3517e6ffaf083f034812aee9dc8e2,49,0,1,6,linux,BFC
6973886ad58e6b4988813331abb76ae0b364a9c2,743,0,0,2,linux,BIC
6e52a9f0532f912af37bab4caf18b57d1b9845f4,9,7,16,6,linux,BIC
49c007b9ecead37a7c703aac7d161c9c5bc25527,0,0,11,1,linux,BFC
d894be57ca92c8a8819ab544d550809e8731137b,68,108,0,22,linux,BIC
a4859d75944a726533ab86d24bb5ffd1b2b7d6cc,2,0,3,1,linux,BFC
2c8bc91488fc57438c43b3bb19deb7fdbc1e5119,2,0,1,1,linux,BFC
ea522b806162ca947427f8305310d3c8a3d42d7a,10,0,8,4,linux,BFC
977bf062bba3eb8d03f66d5b4e227e5d7ebc1e08,0,0,1,1,linux,BFC
16132529cee586ee9a058bb33cfbdcb5d884f6b3,56,25,48,4,linux,BIC
c361e5d4d07d63768880e1994c7ed999b3a94cd9,12,2,3,1,linux,BFC
71d873cc99309ff68d2488d32094774c77537e50,7,18,3,1,linux,BFC
cefdd52fa0455c0555c30927386ee466a108b060,15,0,0,1,linux,BIC
eed0eabd12ef061821cbfa20d903476e07645320,332,0,0,4,linux,BIC
a931237cbea256aff13bb403da13a97b2d1605d9,4,0,0,1,linux,BFC
aa1f1a639621672b68f654dc815a7d8298ff396f,11,0,2,1,linux,BIC
c538d57f6726022f9810bfbb52c4696cfdaf10a7,3,3,0,1,linux,BFC
f848dbd3bc1a71274241c080b57eb912ff9f0098,310,0,0,1,linux,BIC
a076e6bfe7fe92a3825b3d1448e6f988fd033722,0,0,1,1,linux,BFC
abbaa433de07076fb8ef524b77ce55d94bad5fc5,0,0,1,1,linux,BFC
02de698ca8123782c0c6fb8ed99080e2f032b0d2,369,0,11,2,linux,BIC
b0c568de32bad5dc19722ba90ebe07e358675e51,0,0,1,1,linux,BFC
a2a074ef396f8738d9ee08ceefa8811381a4fe4f,29,171,169,31,linux,BIC
aff51c5da3208bd164381e1488998667269c6cf4,1,0,0,1,linux,BFC
66df1014efbadbdd2a550c6c67a815db9b4d05bd,79,0,24,2,linux,BIC
566d3c57eb526f32951af15866086e236ce1fc8a,18,0,2,1,linux,BFC
3c516f89e17e56b4738f05588e51267e295b5e63,110,0,1,3,linux,BIC
57baf8cc70ea4cf5503c9d42f31f6a86d7f5ff1a,12,14,0,1,linux,BIC
cbd59c48ae2bcadc4a7599c29cf32fd3f9b78251,56,8,29,1,linux,BIC
0fbeae70ee7ce98e18a47337cd1f205dd88589e9,417,0,0,1,linux,BIC
3e034725c0d814370a75b249c0ba794262cacd0f,6,77,142,3,linux,BIC
63238f2cc5518e1c45a3418fc0ac0f560dafe7ef,0,0,1,1,linux,BFC
89652331c00f43574515059ecbf262d26d885717,484,10,104,9,linux,BIC
e595cd706982bff0211e6fafe5a108421e747fbc,64,40,58,3,linux,BIC
7765dfaa22ea08abf0c175e7553826ba2a939632,4,0,3,1,linux,BFC
73bc1b885daeb684fbcd16cc4e979cac6a831b12,630,0,0,1,linux,BIC
6d39d589bb76ee8a1c6cde6822006ae0053decff,2,0,5,1,linux,BFC
c7eb923c3caf4c6a183465cc012dc368b199a4b2,34,0,0,1,linux,BIC
fd17ed684b6e33312cdcd9270b1fece9df266103,0,19,3,2,linux,BFC
dc30b4059f6e2abf3712ab537c8718562b21c45d,3,0,4,1,linux,BFC
959e375464912a32b9d971642d933ae71b9f0267,4,0,2,1,linux,BFC
ff69c97ef84c9f7795adb49e9f07c9adcdd0c288,0,0,2,1,linux,BFC
4d7201cda226d7cffb591d94ca66ca0960891126,10,0,0,1,linux,BIC
95ce9c28601afc5da0c11792601ad32dd14cdd44,64,0,0,2,linux,BIC
7717c6be699975f6733d278b13b7c4295d73caf6,0,0,1,1,linux,BFC
93e5eadd1f6e7f45c31aa327c42ac52e4df5ff6f,135,0,0,2,linux,BIC
c78296665c3d81f040117432ab9e1cb125521b0c,6,2,0,1,linux,BFC
5950bdc88dd1d158f2845fdff8fb1de86476806c,0,0,1,1,linux,BFC
3047211ca11bf77b3ecbce045c0aa544d934b945,1,0,0,1,linux,BFC
50af155b6cabd398bc2dca5aa32ddb879bb9331e,389,0,0,1,linux,BIC
11eeef41d5f63c7d2f7fdfcc733eb7fb137cc384,562,0,1,3,linux,BIC
fe18894930a025617114aa8ca0adbf94d5bffe89,2,0,5,1,linux,BFC
4d9423549501812dafe6551d4a78db079ea87648,213,5,6,3,linux,BIC
63573e359d052e506d305c263576499f06355985,14,0,6,1,linux,BIC
b3f63c3d5e2cbb9c800516ef47e32d8cb0cf237b,329,0,2,5,linux,BIC
55d6af1d66885059ffc2ac23083de52d12be63bb,7,0,0,1,linux,BIC
84e1b4045dc887b78bdc87d92927093dc3a465aa,20,0,0,1,linux,BFC
7bd1d4093c2fa37d1ecab05da3c9d48ea2af2264,1821,0,0,5,linux,BIC
070e64dc1bbc879b7e0e9fffccd9dd139baf89f0,6,0,15,1,linux,BIC
0b3a8b6b53406f2d890cda369aa9d61e30bc4162,11,0,2,1,linux,BFC
580203f10e0e060c35a526c3c67d6c1a44109664,1,0,0,1,linux,BFC
bf655ba212dfd10d1c86afeee3f3372dbd731d46,0,0,1,1,linux,BFC
b1f9d3858f724ed45b279b689fb5b400d91352e3,21,0,2,2,linux,BIC
ca605f97dae4bf070b7c584aec23c1c922e4d823,47,0,0,4,linux,BFC
50b3a818991074177a56c87124c7a7bdf5fa4f67,4,0,1,1,linux,BFC
4a6e3c5def13c91adf2acc613837001f09af3baa,2,0,0,1,linux,BIC
2aaa66558172b017f36bf38ae69372813dedee9d,342,0,13,5,linux,BIC
ba360fd040e3417ed1d90e89d681698f82002207,20,3,12,1,linux,BIC
10c931cdfe64ebc38a15a485dd794915044f2111,0,1,6,1,linux,BFC
7f39dda9d86fb4f4f17af0de170decf125726f8c,2,0,3,1,linux,BFC
0d65fc13042fce6a2d6de58ff0dc9531e8523c07,289,0,17,2,linux,BIC
0e311d237d7f3022b7dafb639b42541bfb42fe94,3,0,0,1,linux,BFC
66aebce747eaf9bc456bf1f1b217d8db843031d0,2,0,0,1,linux,BIC
f37912039eb04979f269de0a7dc1a601702df51a,2,21,9,5,linux,BIC
97e92306357583c1741f0a111c7befe8673b91ee,1,0,0,1,linux,BIC
d3d19d6fc5736a798b118971935ce274f7deaa82,0,0,1,1,linux,BFC
62c9827cbb996c2c04f615ecd783ce28bcea894b,6,1,15,1,linux,BFC
9637b86fd1b75c913b42957b322d0871464f5a1b,0,0,1,1,linux,BFC
940727bf22f74cbdef8de327de34c4ae565c89ea,2,0,1,1,linux,BFC
560b7c3ffec1ca7d5de250d8ca7b1ca2349e98a4,0,1,0,1,linux,BFC
0ca7acd847665f4554ef133c532b3bd855b7bb7f,38,3,7,1,linux,BIC
0eda847953d8dfb4b713ea62420f66157e230e13,1,0,2,1,linux,BIC
585524081ecdcde1c719e63916c514866d898217,0,1,1,2,linux,BIC
458821c72bd02fcd484b9e46526c55e4ab6f57a4,13,0,3,3,linux,BIC
5901f4c279f7ddbd32041ce1166387ffa05b902d,1,91,1,5,linux,BIC
2198d4934ee8b81341a84c9ec8bb25b4b0d02522,0,0,4,1,linux,BFC
381cf6587f8a8a8e981bc0c1aaaa8859b51dc756,16,9,6,3,linux,BFC
960e432dfa5927892a9b170d14de874597b84849,4,0,1,2,linux,BFC
6861428921b51113520cd47897be6c2774e4fc58,0,8,0,1,linux,BIC
502a590a170b3b3d0ad998ee0b639ac0b3db1dfa,19,0,17,1,linux,BIC
1d10da0eb09484ae087836da28258316ef4a02be,0,0,1,1,linux,BFC
45e29d119e9923ff14dfb840e3482bef1667bbfb,0,0,1,1,linux,BIC
004c3cf1a18becf5ce56f43e8821835e34c15865,1,0,1,1,linux,BFC
8b1cce9f5832a8eda17d37a3c49fb7dd2d650f46,0,0,1,1,linux,BFC
d5bf31ddd8b21d2aa0af2500ff4fcda068ad50c7,0,0,1,1,linux,BFC
c3d6fb85b2ed6a57b57b322a470b3b4eefb34fb7,92,1,22,2,linux,BFC
a1f26739ccdcc6967617998bd200dd907f7ff80a,37,9,7,2,linux,BIC
ed221835a7ae8d0c5d9967d70518d0f230b8e9c5,3,0,0,1,linux,BFC
b3e2c72af1d553a646c86bbb4c0be278686a295a,0,17,13,1,linux,BIC
844318dfd31f7c99f6cebbdba5d6f8392c4c115c,0,0,1,1,linux,BFC
06870682087b58398671e8cdc896cd62314c4399,9,3,5,1,linux,BFC
a1150c202207cc8501bebc45b63c264f91959260,9,0,10,2,linux,BFC
c7e64b9ce04aa2e3fad7396d92b5cb92056d16ac,541,0,0,3,linux,BIC
259307074bfcf1ff88016e12c68f057aee6cb694,1870,0,0,1,linux,BIC
c6fe46a79ecd79606bb96fada4515f6b23f87b62,0,0,2,1,linux,BFC
854f31ccdd7964c9c2e68da234a3a8aedb51cf6b,0,0,1,1,linux,BFC
e33c267ab70de4249d22d7eab1cc7d68a889bac2,122,0,45,39,linux,BIC
754265bcab78a9014f0f99cd35e0d610fcd7dfa7,6,0,5,1,linux,BIC
8ff006e57ad3a25f909c456d053aa498b6673a39,6,15,0,4,linux,BFC
ded1f3db4cd64bcd8f2b4f89aa66164a142b2895,32,9,25,1,linux,BIC
e38513905eeaae59056eac2c9ac55a43b1fc41b2,0,3,7,1,linux,BIC
3891a04aafd668686239349ea58f3314ea2af86b,246,11,11,7,linux,BIC
9febd494d15c4a351e9c9cae7184643144eea892,2,0,3,1,linux,BFC
953aa9d136f53e226448dbd801a905c28f8071bf,7,0,2,3,linux,BFC
3300fdd630d4d3d96e3ba9af63a740d3a4e8fc61,64,18,43,6,linux,BIC
d7c51b47ac11e66f547b55640405c1c474642d72,248,0,3,2,linux,BIC
6c211809c87f0de939f3bd60ceec05338ae6eba1,6,0,9,1,linux,BFC
8c213fa59199f9673d66970d6940fa093186642f,46,3,22,5,linux,BIC
b8cb86fd95bb461c3496e1f4b4083b198c963a9c,0,0,4,1,linux,BFC
59b5809655bdafb0767d3fd00a3e41711aab07e6,1,0,4,1,linux,BFC
d49dc5e76fc917e5dfef76cb56fe3b3868deed5d,3,0,67,5,linux,BIC
390b95a5fb84e7999eedb021382c96d1500e01fc,6,2,4,1,linux,BIC
d4ca1d550d052accec85ae26ac5b9d3d8b8f81f1,68,6,0,3,linux,BIC
afa82fab5e136fc64eaf26db9b00c661286e1762,33,2,8,3,linux,BIC
b7834758e6f33da401f584035f1b6b62d0672aab,4,0,7,1,linux,BFC
a1d1e0e3d80a870cc37a6c064994b89e963d2b58,1150,0,0,1,linux,BIC
27cfde795a96aef1e859a5480489944b95421e46,0,0,2,1,linux,BIC
5382033a35227c57a349d74752ad2527780159a9,50,0,4,1,linux,BFC
ea6d962e80b61996aeacb443661cc3adcb605315,18,27,33,1,linux,BIC
2ff40250691eaf28866eab449148843b39f65d7b,4,43,8,6,linux,BIC
bd1777b3a88f98e223392221b330668458aac7f1,0,1,3,1,linux,BFC
0c9888e3c1925ef4b18a04f71fa3a8228a648a08,681,0,0,1,linux,BIC
dc9455ffae02d7b7fb51ba1e007fffcb9dc5d890,2,2,7,1,linux,BFC
031536665f64aaeb7e7439d96689a4011407abb8,3,3,0,1,linux,BFC
b814ec6d453577727e4911331c4e182d80e9ad18,92,5,3,1,linux,BIC
ac61c8aae446b9c0fe18981fe721d4a43e283ad6,0,24,1,1,linux,BFC
c3b8e07909dbe67b0d580416c1a5257643a73be7,0,2,25,1,linux,BFC
7a1e890e2168e33fb62d84528e996b8b4b478fea,12,1,10,5,linux,BIC
26d3e21ce1aab6cb19069c510fac8e7474445b18,12,1,1,2,linux,BFC
afbd8bae9c798c5cdbe4439d3a50536b5438247c,30,0,19,1,linux,BIC
614f94b5416d3fdc3fb96876092a43872eff57a4,0,4,0,1,linux,BFC
8a886b142bd03d36612747e9aefdf0282c8b02dd,4,0,0,2,linux,BIC
6f08e98d62799e53c89dbf2c9a49d77e20ca648c,20,0,0,1,linux,BFC
d91680e687f47984ffd3200c8e5d587903e7bd11,8,10,19,1,linux,BFC
1f935e8e72ec28dddb2dc0650b3b6626a293d94b,1,0,0,1,linux,BFC
8cd07657177006b67cc1610e4466cc75ad781c05,0,0,2,1,linux,BFC
b8f9d7f37b6af829c34c49d1a4f73ce6ed58e403,9,0,0,1,linux,BFC
0bf5eb788512187b744ef7f79de835e6cbe85b9c,799,0,5,9,linux,BIC
23b7869c0fd08d73c9f83a2db88a13312d6198bb,386,0,1,4,linux,BIC
f7a48b68abd9b20ce1ac6298aaaa3c4d158271dd,0,0,6,1,linux,BFC
c5db2cfc6274692d821d33b59acb6ff615e350c1,15,0,0,1,linux,BFC
95244db2d3f743f37e69446a2807dd1a42750542,1,0,1,1,linux,BFC
1fae788ed640e2a961c2edab54bfd56c73e2506a,0,1,3,1,linux,BIC
25a44ae93d1a490f36d88a180f11aa2650bef074,5,0,2,1,linux,BFC
099343c64e1615ae83b0994197027be363ca4899,57,0,3,8,linux,BIC
ba39bd8306057fb343dfb75d93a76d824b625236,61,16,43,1,linux,BIC
52bce7f8d4fc633c9a9d0646eef58ba6ae9a3b73,1,6,20,2,linux,BIC
326fe02d1ed61a63c30fa1f144758f34f0ef11cb,12,4,7,3,linux,BIC
fd7bd80b46373887b390852f490f21b07e209498,2,0,2,1,linux,BFC
189621726bc2f66cce670bebaedaa6c57326b25d,146,4,9,2,linux,BIC
08d1d0e6d0a00c6e687201774f3bf61177741e80,3,0,0,1,linux,BFC
3f94cf15583be554df7aaa651b8ff8e1b68fbe51,24,0,3,1,linux,BFC
c0ee1d5ae8c8650031badcfca6483a28c0f94f38,0,3,1,1,linux,BFC
6fc51504388c1a1a53db8faafe9fff78fccc7c87,0,0,1,1,linux,BFC
708637e65abd487ebb75fb55401c36a466c3135b,2,0,2,1,linux,BFC
9983bed3907c379d1d30b7509bb0a871ed655f9d,141,0,0,2,linux,BIC
32eb6bcfdda9dad240cf6a22fda2b3418b1a1b8e,257,57,28,14,linux,BIC
531ef5ebea96394ddb7f554d4d88e017dde30a59,28,0,0,2,linux,BIC
ce721a70219720f4c574a7e97f912c71a3510369,4,0,12,2,linux,BIC
b0b38a1c6684b10dd0462bef4fef038917115012,2,0,0,1,linux,BFC
96f17e0776c285b7373bdccbfc7300dbeac3878c,191,0,0,3,linux,BIC
8801922cd94c918e4dc3a108ecaa500c4d40583f,1,0,1,1,linux,BFC
3923d4854e189d84c6ec22e66d536d3498f2747c,35,0,1,1,linux,BIC
0d6ea3ac94ca77c5273b064524ac5079312052a0,4,0,1,1,linux,BIC
7fb4898e0cd6e7eba7419790921391e53848a35d,7,0,0,1,linux,BIC
b86bb11e3a79ac0db9a6786b1fe80f74321cb076,3,0,0,1,linux,BFC
f2654a4781318dc7ab8d6cde66f1fa39eab980a9,0,0,1,1,linux,BFC
8eaf40c0e24e98899a0f3ac9d25a33aafe13822a,13,11,0,1,linux,BFC
bfc6bb74e4f16ab264fa73398a7a79d7d2afac2e,124,2,7,3,linux,BIC
6916cf5426d08ea8be50ab4ba7ff86ea022cdff3,0,0,1,1,linux,BFC
84da009f06e60cf59d5e861f8e2101d2d3885517,0,1,2,1,linux,BFC
5c0ec012ca7f7771f4a2dc9e41333411dd2693bc,3,0,0,1,linux,BFC
a687c5765b5ae19fe559e14615ddc87ebb46d409,2,0,0,1,linux,BFC
48483614de97c4f5219abeda630e62b2bebdce62,0,2,3,1,linux,BFC
70d0ba4cf79a0e73485b22d955991c6f27257376,1,0,0,1,linux,BFC
35476311e5292ae0ef00dde5c2cccbe8514660c2,66,0,7,3,linux,BIC
ffde7328a36d16e626bae8468571858d71cd010b,39,0,40,2,linux,BIC
10694ac92c063681246a360a45019f05855ab755,1,0,1,1,linux,BFC
8d6b6d7e135e9bbfc923d34a45cb0e72695e63ed,80,4,12,1,linux,BIC
cee82eb9532090cd1dc953e845d71f9b1445c84e,1,0,0,1,linux,BFC
e521813468f786271a87e78e8644243bead48fad,0,0,1,1,linux,BFC
980fe2fddcff21937c93532b4597c8ea450346c1,52,0,28,7,linux,BIC
b6fb293f2497a9841d94f6b57bd2bb2cd222da43,7,0,2,4,linux,BIC
8ff60eb052eeba95cfb3efe16b08c9199f8121cf,0,0,1,1,linux,BFC
d4131f09770d9b7471c9da65e6ecd2477746ac5c,0,3,7,1,linux,BFC
1dace014928e6e385363032d359a04dee9158af0,0,0,1,1,linux,BFC
71f7347025bf10f5c0b48e149898df57b7f3d414,5,0,0,1,linux,BIC
d510296d331accd4afaa13498220c93ae690628a,470,12,11,5,linux,BIC
7d3ce5ab9430504b6d91027919529f68fd14af9b,25,0,0,1,linux,BIC
9c04cfcd4aad232e36306cdc5c74cd9fc9148a7e,2,0,0,1,linux,BFC
46acf7bdbc72f10bb2e86d69c14189c5d45894f4,14,1,3,1,linux,BIC
1699f65c8b658d434fe92563c906cd1a136c9cb6,7,0,0,1,linux,BIC
0acb0cc7ecc1e4860b056368566c0c2c254ae281,263,13,0,5,linux,BIC
334872a0919890a70cccd00b8e11931020a819be,17,0,0,2,linux,BIC
2e6b836312a477d647a7920b56810a5a25f6c856,0,1,1,1,linux,BIC
7136d457f365ecc93ddffcdd42ab49a8473f260b,99,27,13,3,linux,BIC
3fac10145b766a2244422788f62dc35978613fd8,46,18,7,1,linux,BIC
53e38fe73f941291fd20794c15c3bb7b104a4a17,187,0,0,2,linux,BIC
681cc5e8667e8579a2da8fa4090c48a2d73fc3bb,11,13,1,2,linux,BFC
497158aa5f520db50452ef928c0f955cb42f2e77,3,0,1,1,linux,BIC
a6282d170339f86e05fd24bdf3104ca644a4b3a4,1,11,3,1,linux,BFC
745041e2aaf1d668f293aaab4b0f6ad7daa056a5,39,0,1,2,linux,BIC
96d395020e87607b3454edc2f49a03ddcfbef986,0,0,1,1,linux,BFC
78ccef91234ba331c04d71f3ecb1377451d21056,2,0,1,1,linux,BFC
25cec756891e8733433efea63b2254ddc93aa5cc,6,0,2,1,linux,BFC
49e67dd17649b60b4d54966e18ec9c80198227f0,3,0,0,1,linux,BFC
0198322379c25215b2778482bf1221743a76e2b5,4,0,1,1,linux,BFC
491d5c6a3023e303cc693b91d9b3a4d54471c944,4,11,0,1,linux,BIC
b15bd8cb37598afb2963f7eb9e2de468d2d60a2f,0,0,3,1,linux,BFC
cfc5604c488ccd17936b69008af0c9ae050f4a08,528,114,85,12,linux,BIC
c59a85c07e77a7669e5b4d2ffa878b6894ec3953,4,0,0,1,linux,BIC
f49c35b89b784c20a8868bb6f57f3e25277268c3,0,0,1,1,linux,BFC
8e8efe0379bd93e8219ca0fc6fa80b5dd85b09cb,0,0,3,1,linux,BFC
ca2cad6ae38ea0ff27a7a7a00bfaa571fbe9051f,14,0,1,1,linux,BIC
a80857822b0c2ed608c93504bd3687b78f20c619,74,0,1,3,linux,BIC
291ab06ecf6765aa0c73332b745ffb3a44ed30c6,1963,0,0,8,linux,BIC
ae6c33ba6e37eea3012fe2640b22400ef3f2d0f3,0,0,2,1,linux,BFC
6e9e16e6143b725662e47026a1d0f270721cdd24,24,17,2,1,linux,BFC
f77ac2e378be9dd61eb88728f0840642f045d9d1,45,0,2,1,linux,BIC
56c91a18432b631ca18438841fd1831ef756cabf,0,2,0,1,linux,BFC
40c575d1ec71f7a61c73ba1603a69650c130559c,4,0,2,2,linux,BFC
464d12309e1b5829597793db551ae8ecaecf4036,26,16,7,1,linux,BIC
87d8a9f35202c20411eaada9f4aced6e1781fb51,2,0,0,2,linux,BIC
2099b145d77c1d53f5711f029c37cc537897cee6,14,1,5,1,linux,BFC
ee0db82027eef38d869d22cfa24a18d78b590db9,33,30,2,3,linux,BIC
8c83a4851da1c7eda83098ade238665b15774da3,1,0,1,1,linux,BFC
f962eb46e7a9b98a58d2483f5eb216e738fec732,0,0,1,1,linux,BFC
085d61000845188a9aa9a9524f13a0622a1380d7,9,0,12,1,linux,BIC
0065a79a8698a953e4b201c5fce8db8940530578,70,0,10,1,linux,BIC
c5acdbee22a1b200dde07effd26fd1f649e9ab8a,9,0,1,1,linux,BIC
fd2bb310ca3d3621a0f201e018e1292dca95df6e,34,0,6,3,linux,BIC
ed1182dc004dbcc7cfe64fb0e8ac520b25431715,4,1,6,1,linux,BFC
a1c510d0adc604bb143c86052bc5be48cbcfa17c,96,0,8,6,linux,BIC
ad2c302bc6049c56c85cc2b64a0b4bd8e7ffdc56,0,0,1,1,linux,BFC
07ea4b6026ee8b8dfaf9bbe83a09b3ba905d20fd,1,0,2,1,linux,BFC
99bded02dae5e1e2312813506c41dc8db2fb656c,0,10,0,1,linux,BFC
221e761090b4ffadf41acaca1e1f6dd97d84ef4f,6,0,3,1,linux,BFC
a6c4fb4441f4641609bbb3e40da438ed57629db0,374,0,4,8,linux,BIC
f2200ac311302fcdca6556fd0c5127eab6c65a3e,3,0,0,1,linux,BFC
a6dd04807ce4d7b71920d996e6b84fa3733a1bfd,7,0,3,1,linux,BFC
f3eef46f0518a2b32ca1244015820c35a22cfe4a,0,0,1,1,linux,BFC
caa4b02476e31fc7933d2138062f7f355d3cd8f7,2,8,2,3,linux,BIC
d1a513be1f0a25f094e1577d059b9aebaa279bb2,23,0,17,5,linux,BIC
ca39b449f6d03e8235969f12f5dd25b8eb4304d6,8,0,0,1,linux,BFC
a060c1f12b525ba828f871eff3127dabf8daa1e6,0,0,1,1,linux,BFC
f72ff01df9cf5db25c76674cac16605992d15467,0,2,0,1,linux,BFC
2bf1c98aa5a41651f5e6455117ff06f66ff3cc50,6,4,37,1,linux,BIC
2ff8a1eeb5aa8bb471f3756a695b8b69841eb61f,5311,0,0,3,linux,BIC
0b351c986a5ffedb502632c1b27690c9730d79c4,0,0,2,1,linux,BFC
8b8a84c54aff4256d592dc18346c65ecf6811b45,0,0,1,1,linux,BFC
9b91c96c5d1f9da79438292f8c82f65cbf078645,28,61,9,6,linux,BIC
4c450583d9d0a8241f0f62b80038ac47b43ff843,11,0,7,1,linux,BFC
232cb53a45965f8789fbf0a9a1962f8c67ab1a3c,2,0,2,1,linux,BFC
e20fa6609a0076def469aeb799b1c25558e70042,0,2,0,1,linux,BFC
cc57858831e3e9678291de730c4b4d2e52a19f59,2,0,1,1,linux,BFC
1c2a07f598d526e39acbf1837b8d521fc0dab9c5,134,0,13,1,linux,BIC
1f4dcb3b213235e642088709a1c54964d23365e9,0,0,1,1,linux,BFC
8755d97a09fed0de206772bcad1838301293c4d8,1,0,1,1,linux,BFC
bcd6aa7b6cbfd6f985f606c6f76046d782905820,4,0,0,1,linux,BFC
23493c121912a39f0262e0dbeb236e1d39efa4d5,0,0,1,1,linux,BFC
04a56dd8ed0de401ccc10e7825d5785844c307fa,17,127,231,1,linux,BIC
542cedec53c9e8b73f3f05bf8468823598c50489,4,6,0,1,linux,BFC
bf8dc55b135873d8bc58bb8fbc91c52f3a902eea,229,0,5,1,linux,BIC
3fa58dcab50a0aa16817f16a8d38aee869eb3fb9,0,0,2,1,linux,BFC
df4e817b710809425d899340dbfa8504a3ca4ba5,425,0,0,4,linux,BIC
82c2611daaf010500720a569ca733d216d81968e,109,16,37,4,linux,BIC
e27c506a985ca75ea0a563a30d6c2ac76709e62a,84,0,11,3,linux,BIC
f263f2a2c682fddc7521a1d1efc01d58e1d70d84,2,0,0,1,linux,BIC
7fcf2b033b84e261dca283bc2911aaea4b07b525,38,6,6,2,linux,BIC
bad614b24293ae463e74d2465685f0e4e229baca,75,0,0,3,linux,BIC
dfa687bffc8a4a21ed929c7dececf01b8f1f52ee,0,0,1,1,linux,BFC
2fc6d4be35fb1e262f209758e25bfe2b7a113a7f,0,0,3,1,linux,BFC
10ef6b0dffe404bcc54e94cb2ca1a5b18445a66b,10,9,25,5,linux,BIC
b000abd3b3d2f06e9cc60c19dd4c893cb3531d76,5,7,0,2,linux,BIC
cacde272dd00496c2c1c36606a56b340cd967603,358,0,6,5,linux,BIC
62694735ca95c74dac4eb9068d59801ac0ddebaf,107,1,6,3,linux,BIC
94b3b542303f3055c326df74ef144a8a790d7d7f,9,9,27,7,linux,BIC
b2f6c73561fbccee404b441a5c2d0b4fefaae817,5,0,0,3,linux,BFC
c816d9e7a57bd436b2cff8f48b0e8cff128f05db,2,0,2,2,linux,BIC
f2e9ad212def50bcf4c098c6288779dd97fff0f0,13,0,10,2,linux,BIC
8b328f8002bcf29ef517ee4bf234e09aabec4d2e,7,0,6,1,linux,BIC
aa2cad0600ed2ca6a0ab39948d4db1666b6c962b,0,2,1,1,linux,BFC
15cc78644d0075e76d59476a4467e7143860f660,4,0,1,1,linux,BFC
469aceddfa3ed16e17ee30533fae45e90f62efd8,16,29,6,1,linux,BFC
6492fed7d8c95f53b0b804ef541324d924d95d41,0,3,0,1,linux,BIC
4a245479c2312e6b51862c21af134d4191ab9cf7,0,0,1,1,linux,BFC
c3245a5664003360bd9deda9777be7cea4fe9982,4,0,0,1,linux,BIC
4235b1a4efe19dd0309250170bbf0aa95e559626,1,0,1,1,linux,BFC
c6d43ba816d1cf1d125bfbfc938f2a28a87facf9,2293,0,0,13,linux,BIC
be50b2065dfa3d88428fdfdc340d154d96bf6848,63,0,3,5,linux,BIC
89f3c365f3e113d087f105c3acbbb5a71eee84e3,12,10,1,1,linux,BFC
1c71e03afe4b457a15e50de40006b927dfc00755,45,16,3,5,linux,BIC
db8f37fa3355f249e34446eac0d08c1b89c2ed77,515,93,7,2,linux,BIC
6697255f239f5c04fcd6b819c0d35ae05bbf808c,25,0,0,1,linux,BIC
2fb2799a2abb39d7dbb48abb3baa1133bf5e921a,5,0,0,1,linux,BFC
fa97f303fa4cf8469fd3d1ef29da69c0a3f6ddc8,1,0,0,1,linux,BFC
122c29486e1ff78033c45d0d31c710e7dc8945a5,208,0,1,5,linux,BIC
ce5379963b2884e9d23bea0c5674a7251414c84b,3,0,14,1,linux,BFC
e5f31552674e88bff3a4e3ca3e5357668b5f2973,29,19,1,2,linux,BIC
6d1d427a4e24c403b4adf928d61994bdaa0ca03a,6,0,0,1,linux,BFC
4bbf439b09c5ac3f8b3e9584fe080375d8d0ad2d,5,8,22,1,linux,BFC
7179c3ce3dbff646c55f7cd664a895f462f049e5,0,1,2,1,linux,BFC
aa482ddca85a3485be0e7b83a0789dc4d987670b,15,0,1,1,linux,BFC
52d0b8b18776f184c53632c5e0068201491cdb61,0,0,1,1,linux,BFC
483cbbeddd5fe2c80fd4141ff0748fa06c4ff146,15,0,13,2,linux,BFC
23274739a5b6166f74d8d9cb5243d7bf6b46aab9,1,0,1,1,linux,BFC
69a6d06878f05d63673b0dcdc3c3ef1af2996d46,10,0,0,1,linux,BFC
8e1102d5a1596dca10f51e3de800809944f8816d,25,1,14,2,linux,BIC
4b85d405cfe938ae7ad61656484ae88dee289e3b,27,17,17,1,linux,BIC
36f0b35d0894576fe63268ede80d9f5aa140be09,1,0,2,1,linux,BIC
c12ecc2305648822970002871230979359edb2c0,31,0,2,3,linux,BIC
4141259b56cbd5a8614e487366909a02d702b9dd,0,0,7,1,linux,BFC
9c97921a51a013917cfc387998882ecd0795937c,0,0,4,2,linux,BFC
44ac441a51a77717e7e66d75591be3aa971a7455,0,0,1,1,linux,BFC
ebc3193ae0df723f4d8abd06890cd77354493c79,0,0,3,2,linux,BFC
43946b70494beefe40ec1b2ba4744c0f294d7736,0,0,1,1,linux,BFC
ec279384c6a02cf04a96054e82b1294a7aad6577,0,0,1,1,linux,BFC
e7eeee08434873c2f781dc1afaa42b03a014b95d,8,0,8,2,linux,BFC
f0996bc2978e02d2ea898101462b960f6119b18f,2,5,21,1,linux,BFC
96c804a6ae8c59a9092b3d5dd581198472063184,2,0,6,1,linux,BFC
d25b224f8e5507879b36a769a6d1324cf163466c,0,1,0,1,linux,BFC
74f1d78965ee16a2617d245fd1f7e40964c0d562,1,0,1,1,linux,BFC
b29c457a6511435960115c0f548c4360d5f4801d,6,6,2,4,linux,BFC
832c927d119b5be3a01376b8e3033286eb5797e1,1398,0,0,1,linux,BIC
fe537393b5795ecbe5746eec0e16124bc998a594,0,0,1,1,linux,BFC
fcb6a15c2e7e76d493e6f91ea889ab40e1c643a4,13,0,4,1,linux,BIC
f9b3eeebef6aabaa37a351715374de53b6da860c,4,0,3,2,linux,BFC
aef31718a923338aff610abef41114a9c0fd37ea,4,0,0,1,linux,BFC
07ee2bce6a516e0218dba22581803cb8f11bcf82,5,0,1,1,linux,BFC
5fe0d4bd8f86d19f7f24c1ae5a9b6e6a5a52e51a,0,0,1,1,linux,BFC
6dfb970d3dbd6bf274c4bf003ca8ab4a51dc66c7,8,0,0,1,linux,BIC
b713128de7a17c7173f869323f8a5f0593e52538,1,0,1,1,linux,BIC
6ac98829a4144a2cc78e97b84ee752ce6689e87f,0,0,1,1,linux,BFC
70855603e0a129d1c810947a4e4dd7ecd6f4560d,4,0,7,2,linux,BFC
d36d36ceac11e514f1c313ea6ca7568e2463b6f2,2,0,0,1,linux,BFC
ef295ecf090d3e86e5b742fc6ab34f1122a43773,19,92,127,22,linux,BIC
4f0b776ef5831700fe47567f6d986be410d7b9e4,36,14,27,1,linux,BIC
7215e909814fed7cda33c954943a4050d8348204,0,0,3,1,linux,BFC
cef397038167ac15d085914493d6c86385773709,28,0,0,8,linux,BFC
aa5e899de1dd8d91f4881d0bf533e2302f925973,0,0,1,1,linux,BFC
4ffb4d25ef1251d57881da183d6bec7f2dfe1e32,1,2,0,1,linux,BFC
da3287111ab43b32cec54d7ca6b48640f210a196,13,0,1,2,linux,BFC
21779cc21c732c5eff8ea1624be6590450baa30f,0,0,2,1,linux,BFC
992d2098ef0bc1256016fec86e4082524e2f52cc,49,0,12,1,linux,BIC
5567b1ee29b7a83e8c01d99d34b5bbd306ce0bcf,6,8,5,1,linux,BFC
b0e875bac0fab3e7a7431c2eee36a8ccc0c712ac,1,0,0,1,linux,BFC
04db1d2057c8799ab4e732246ed45ca0b283aa6f,0,0,3,1,linux,BFC
5ef0ae84f02a4dbe0e09f89c6481ac13649cb19b,1,0,2,1,linux,BIC
f4e0c30c191f87851c4a53454abb55ee276f4a7e,15,0,3,3,linux,BIC
7cc851039d643a2ee7df4d18177150f2c3a484f5,1,0,0,1,linux,BIC
65b422d9b61ba12c08150784e8012fa1892ad03e,0,0,1,1,linux,BFC
fde0aa6c175a4d8aa19e82b86ae0f9278bc8563b,358,0,0,2,linux,BIC
4ac695464763ecf696eaba563eff1c2ab994f6d8,137,1,6,2,linux,BIC
328e9f6973be2ee67862cb17bf6c0c5c5918cd72,2,0,1,1,linux,BFC
b2ae0a2db8a2d42a643590c4935faf61fedf553b,1,0,1,1,linux,BFC
834382ea32865a4bdeae83ec2dcb9321dc9489f2,1,0,0,1,linux,BFC
a07f388e2cde2be74b263f85df6f672fea0305a1,3,0,0,1,linux,BFC
91a7d4bf3ee3794d4090cedd17b8e865645f5f79,0,0,1,1,linux,BFC
d8778e393afa421f1f117471144f8ce6deb6953a,19,0,0,1,linux,BFC
e3f0c638f428fd66b5871154b62706772045f91a,5,0,0,1,linux,BFC
3e38e0aaca9eafb12b1c4b731d1c10975cbe7974,12,0,4,1,linux,BIC
41f93af900a20d1a0a358b522b5129c89677e9dc,2883,0,0,4,linux,BIC
1a1c40df2e8074f5c4551137eeacaa64b21a31a4,442,2,11,6,linux,BIC
2ba9f0d8875073a2ed802fca0c25c9bfc4338439,32,0,3,9,linux,BIC
6096d91af0b65a3967139b32d5adbb3647858a26,33,13,2,1,linux,BIC
b7d99235473ad3a550f8eb05bd4469edadf1c8e6,0,0,1,1,linux,BFC
f1e8c67123cf171e2b0357e885e426328b241d7d,42,0,6,2,linux,BIC
b24ee6c64ca785739b3ef8d95fd6becaad1bde39,8,0,0,2,linux,BIC
f5f7ab168b9a60e12a4b8f2bb6fcc91321dc23c1,0,0,2,1,linux,BFC
0d676a6c439028b046610f7593f4ddb62680f1fb,667,0,0,1,linux,BIC
1ad9a00ae0efc2e9337148d6c382fad3d27bf99a,5,6,6,4,linux,BFC
319561669a59d8e9206ab311ae5433ef92fd79d1,12,0,1,1,linux,BFC
ebfd68cd0c1e81267c757332385cb96df30dacce,62,4,6,1,linux,BFC
1ec1e82f2510e2bdcb6268ed74aa79e1a7bc9594,1478,6,0,4,linux,BIC
4b8feff251da3d7058b5779e21b33a85c686b974,154,60,86,5,linux,BIC
467fd0e82b6265b8e6cc078a70bd7592574d5c83,2,0,2,1,linux,BFC
17fa2dcbd6325ab877651bef04fca9dd828a2758,2,0,1,1,linux,BFC
3a5c7e4611ddcf0ef37a3a17296b964d986161a6,3,3,0,1,linux,BIC
beec64d0c9749afedf51c3c10cf52de1d9a89cc0,3,0,1,1,linux,BFC
67e1d5ed85a83e232a9e0b995f5778a86722b96e,10,24,4,5,linux,BFC
0ee0d34985ceffe4036319e1e46df8bff591b9e3,3,9,4,3,linux,BFC
68c3ed6fa7e0d69529ced772d650ab128916a81d,3,0,2,1,linux,BFC
3db152093efb750bc47fd4d69355b90b18113105,2,0,2,1,linux,BFC
785fbda5ba66087bf82905c249ccec1fa53bd266,3,3,0,1,linux,BFC
f7741aa75e76440f4e9ecfe512feebe9bce33ca8,1,0,0,1,linux,BFC
b98cca444d287a63dd96df04af7fb9793567599e,21,145,11,11,linux,BIC
3220c3b2115102bb35f8f07d90d2989a3f5eb452,3,0,4,1,linux,BFC
0580dde59438686d60762b6da9229ebec693b94f,76,12,0,4,linux,BIC
6ad7f2332e84c46f0c94e73e05b5b7c2bc1a6b74,3,1,1,1,linux,BFC
960526d5970f80497ae500441adc2554c72dcf7e,0,0,2,1,linux,BFC
ba4e003d29c1d32776f156695fb00adf7df86ee2,31,3,1,1,linux,BIC
7f04839ec4483563f38062b4dd90253e45447198,47,19,5,1,linux,BFC
8f9bebc33dd718283183582fc4a762e178552fb8,83,14,22,3,linux,BIC
d9e1831a420267a7ced708bb259d65b0a3c0344d,28,2,1,4,linux,BIC
cdf8b4633075f2171d440d2e37c9c2609019a81a,3,0,0,2,linux,BFC
6212437f0f6043e825e021e4afc5cd63e248a2b4,10,0,2,1,linux,BFC
d42b3ad105b5d3481f6a56bc789aa2b27aa09325,7,0,2,1,linux,BFC
2908d778ab3e244900c310974e1fc1c69066e450,18221,0,0,30,linux,BIC
588713006ea49d63d4e01aa147e9e3dcb130c783,5,4,29,5,linux,BIC
e85c14370783bf9339a95cab9da0fa54dc770a72,113,0,10,2,linux,BIC
c926c87b8e36dcc0ea5c2a0a0227ed4f32d0516a,3,0,1,1,linux,BFC
355333a217541916576351446b5832fec7930566,1,0,2,1,linux,BFC
ffd956eef69b212a724b1cc4cdc61828f3ad9104,88,15,8,8,linux,BIC
8418897f1bf87da0cb6936489d57a4320c32c0af,3,0,2,1,linux,BFC
172d59ecd61b89f535ad99a7e531c0f111453b9a,1,0,0,1,linux,BFC
feaf264ce7f8d54582e2f66eb82dd9dd124c94f3,2,0,1,1,linux,BFC
505c170b628d76fc3efc1b0cf3da8499f85a9b77,5,0,0,1,linux,BFC
a7e89326b415b5d81c4b1016fd4a40db861eb58d,0,1,9,4,linux,BFC
96286b57669073e81870e33a3e5ce476433d115f,706,0,0,1,linux,BIC
f99b89eefeb635a675b2883fcd2148b7cfc77319,32,0,12,3,linux,BIC
6aa8b209f5ef3610d470c519ddd6e6b47e9f6248,1,0,0,1,linux,BFC
ae1c75d6ce3aeb0515701fbd68182ea19fed8e8f,0,2,0,1,linux,BFC
64a93dbf25d3a1368bb58ddf0f61d0a92d7479e3,1,14,1,1,linux,BFC
4e2f02bf77dac7b8c841f93ae5a71556d733cb04,6,11,32,1,linux,BIC
f5184d267c1aedb9b7a8cc44e08ff6b8d382c3b5,12,4,27,13,linux,BIC
f26c08b444df833b19c00838a530d93963ce9cd0,3,0,7,1,linux,BFC
a556cfe4cabc6d79cbb7733f118bbb420b376fe6,4,0,1,1,linux,BFC
96d5eaa9bb74d299508d811d865c2c41b38b0301,0,0,1,1,linux,BFC
36acf63a066f7e095ef2322118c2742a177daa65,1,0,0,1,linux,BFC
d374d3b493215d637b9e7be12a93f22caf4c1f97,1,0,1,1,linux,BFC
eea6b7cc53aaecf868e1643058159807c744e04e,859,0,0,4,linux,BIC
f6b50160a06d4a0d6a3999ab0c5aec4f52dba248,0,5,1,1,linux,BFC
f6b8540f40201bff91062dd64db8e29e4ddaaa9d,3,0,4,1,linux,BFC
5651e5e094591f479adad5830ac1bc45196a39b3,0,0,1,1,linux,BFC
eba1a872cb73314280d5448d934935b23e30b7ca,0,0,1,1,linux,BFC
050fc4653c3634762dca4e5cfdeb43a31163f056,5,0,0,2,linux,BIC
dff58530c4ca8ce7ee5a74db431c6e35362cf682,15,0,0,3,linux,BIC
ab0ea257fc58d8742f73f50fba3797dfe001aa3c,294,0,0,1,linux,BIC
0dba1314d4f81115dce711292ec7981d17231064,59,3,5,5,linux,BIC
fd5de2721ea7d16e2b16c4049ac49f229551b290,4,5,0,1,linux,BFC
91ffeaa7e5dd62753e23a1204dc7ecd11f26eadc,12,13,0,1,linux,BFC
a7550f8b1c9712894f9e98d6caf5f49451ebd058,8,5,0,1,linux,BFC
fae8817ae804a682c6823ad1672438f39fc46c28,3,0,2,1,linux,BFC
5264f2f75d8678f3e9683042a4639baa5884bda9,16,5,27,1,linux,BIC
3e0b69bbed7161eee8702eee5dcdc18afc1dc982,0,0,1,1,linux,BFC
5a23e0b1dd51fe0efae666b03fdb15e1301f437a,2,0,0,2,linux,BFC
add461325ec5bc39aa619a1bfcde7245e5f31ac7,101,0,14,4,linux,BIC
fa145d5dfd612ac318a1eb4b443af55e0f5c8ba7,22,0,7,2,linux,BIC
4ac7573e1f9333073fa8d303acc941c9b7ab7f61,1,0,0,1,linux,BFC
b097d11a0fa3f97be88774d09ee9ed1d8532a7b0,31,0,1,1,linux,BIC
5335bfc6eb688344bfcd4b4133c002c0ae0d0719,0,0,1,1,linux,BFC
3bf3eb2b95aaf18eff3080444b24673cda8ff9a2,0,0,2,1,linux,BFC
606a63c9783a32a45bd2ef0eee393711d75b3284,6,0,0,1,linux,BIC
a1a5482a2c6e38a3ebed32e571625c56a8cc41a6,14,0,11,2,linux,BFC
7992c18810e568b95c869b227137a2215702a805,0,0,2,1,linux,BFC
3f5b9959041e0db6dacbea80bb833bff5900999f,0,0,1,1,linux,BFC
ad974baef2a17a170fe837ad19f10dcab63e9470,66,0,17,4,linux,BIC
a0cb2b5c390151837b08e5f7bca4a6ecddbcd39c,0,0,1,1,linux,BFC
e8f267b063208372f7a329c6d5288d58944d873c,4,0,3,1,linux,BFC
096622104e14d8a1db4860bd557717067a0515d2,2,0,0,1,linux,BFC
9f0bbf3115ca9f91f43b7c74e9ac7d79f47fc6c2,1,0,2,1,linux,BFC
61803e984307c767a96d85f3b61ca50e1705fc67,5,0,13,1,linux,BFC
4c247de564f1ff614d11b3bb5313fb70d7b9598b,2,0,0,1,linux,BFC
c3f26a269c2421f97f10cf8ed05d5099b573af4d,52,18,26,7,linux,BIC
a61f80261306ad11d9c8a453307a56417cfeae03,345,0,0,3,linux,BIC
c27c6bd2c4d6b6bb779f9b722d5607993e1d5e5c,5,0,0,1,linux,BFC
3a148896b24adf8688dc0c59af54531931677a40,0,2,4,1,linux,BFC
13651224c00b74a02c731b7840577f14e0311c83,12,0,5,2,linux,BIC
bcca1bbdd412fb6be32d04fc2407c81239de5f8c,27,1,0,2,linux,BIC
4944a4b1077f74d89073624bd286219d2fcbfce3,3,0,0,1,linux,BFC
76346cd93a5eca33700f82685d56172dd65d4c0a,0,1,2,1,linux,BFC
42cd0ab476e2daffc23982c37822a78f9a53cdd5,34,0,0,2,linux,BIC
8edf0047f4b8e03d94ef88f5a7dec146cce03a06,3,6,0,1,linux,BFC
1d22924e1c4e299337e86e290c02c3e3eb43b608,153,0,0,3,linux,BIC
7f28af9cf542f61758b982f8304f951ca99c8f58,3,6,16,1,linux,BFC
1e688dd2a3d6759d416616ff07afc4bb836c4213,56,10,13,6,linux,BIC
265698d7e6132a2d41471135534f4f36ad15b09c,3,0,0,1,linux,BFC
afce615aaabfbaad02550e75c0bec106dafa1adf,0,4,0,1,linux,BFC
10256f000932f12596dc043cf880ecf488a32510,5,2,5,1,linux,BFC
ab5f3404b7762b88403fbddbdda6b1b464bd6cbc,1,0,0,1,linux,BFC
7bdee4158b3778493d81bf09105568c91abce110,240,0,145,2,linux,BIC
dfacc5a23e227cabdff41b6202f510398e90d36b,418,0,6,5,linux,BIC
fe19bd3dae3d15d2fbfdb3de8839a6ea0fe94264,1,20,8,4,linux,BFC
fe1ef6bcdb4fca33434256a802a3ed6aacf0bd2f,0,0,1,1,linux,BFC
fff35d45e16fae125c6000cb87e254cb634ac7fb,4,0,1,1,linux,BFC
43e122b014c955a33220fabbd09c4b5e4f422c3c,37,0,1,3,linux,BIC
32f69e4be269739c3850cd20f1a3322e95c1145f,511,3,39,12,linux,BIC
4ddeacf68a3dd05f346b63f4507e1032a15cc3cc,0,0,7,3,linux,BFC
46f9469247c6f4697cbbf37e4b3961120bf07f29,0,0,7,2,linux,BFC
d6c0256a60e685214cc8cc2b886809f11efc0084,147,0,0,3,linux,BIC
58c909022a5a56cd1d9e89c8c5461fd1f6a27bb5,405,0,0,6,linux,BIC
740dc3e846537c3743da98bf106f376023fd085c,4,3,3,1,linux,BFC
8a77009be4bed02dc00c0a84841c98e320ad2ecf,1399,0,0,1,linux,BIC
fd9e3169e42b7b9e3a5c58ca2bc95a15f9de1d6c,3,0,0,1,linux,BIC
205ad97fc5a6386214323641dd28b822cb6fc624,7,0,1,1,linux,BFC
755bddd1e4eaf9178758bd554c60aaab46fc42ba,2,0,3,1,linux,BFC
44d89409a12eb8333735958509d7d591b461d13d,19,5,2,6,linux,BFC
3ecb10175b1f776f076553c24e2689e42953fef5,3,0,0,1,linux,BFC
518fa4e0e0da97ea2e17c95ab57647ce748a96e2,1,0,2,1,linux,BFC
875138f81d71af3cfa80df57e32fe9efbc4f95bc,13,42,1,11,linux,BIC
38dfa8308cfc43f671a74c753302fec26808edc0,3,0,0,1,linux,BFC
3f9cd874dcc8705b53c03431f0ae46c94e572349,13,0,0,2,linux,BIC
3ac874fa84d1baaf0c0175f2a1499f5d88d528b2,13,0,2,3,linux,BFC
c5fca485320e83b1bb964ad5559ec20f14c943be,30,0,0,1,linux,BIC
26f843848bae973817b3587780ce6b7b0200d3e4,0,2,0,1,linux,BFC
726fb6b4f2a82a14a906f39bdabac4863b87c01a,170,0,1,3,linux,BIC
018d70ffcfec8a01f77b0d840527203d337dd7f9,13,0,26,4,linux,BFC
00500147cbd3fc51353d0d003eaa9d31c72c0d50,71,13,3,4,linux,BIC
70b971118e074d5042715587953f27929e99117a,0,0,1,1,linux,BFC
eb4177116bf568a413c544eca3f4446cb4064be9,0,1,0,1,linux,BFC
973b9e37330656dec719ede508e4dc40e5c2d80c,59,0,1,4,linux,BFC
01c8f1c44b83a0825b573e7c723b033cece37b86,47,0,14,10,linux,BIC
f42907e8a4515635615a6ffd44242454ef843c04,0,0,1,1,linux,BFC
c14829fad88dbeda57253590695b85ba51270621,8,0,3,1,linux,BFC
277f2bb14361790a70e4b3c649e794b75a91a597,4,0,1,1,linux,BFC
cf14be0b41c659ede89abef3f7ec0e98e6cfea5b,3,0,2,1,linux,BFC
d72133e6288030121e425b89584ab3dfb68871cc,0,5,6,1,linux,BIC
8b8642af15ed14b9a7a34d3401afbcc274533e13,1,2,3,2,linux,BFC
fa31b3cb2ae143aa6e26974fcbe75689da60bdbe,99,0,0,4,linux,BIC
259a948c4ba1829ae4a3c31bb6e40ad458a21254,7,0,2,1,linux,BIC
feb45643762172110cb3a44f99dd54304f33b711,1,2,0,1,linux,BFC
3fed382b46baac83703130fe4cd3d9147f427fb9,61,49,10,1,linux,BIC
de17e793b104d690e1d007dfc5cb6b4f649598ca,0,0,1,1,linux,BFC
1c1008c793fa46703a2fee469f4235e1c7984333,2595,0,0,1,linux,BIC
27e0c31c5f27c1d1a1d9d135c123069f60dcf97b,0,12,3,1,linux,BFC
020fb3bebc224dfe9353a56ecbe2d5fac499dffc,2,0,1,1,linux,BFC
dd55ff8346a972cca1ad056c8258ee96d090633e,146,53,28,1,linux,BIC
0f34f30a1be80f3f59efeaab596396bc698e7337,1,0,0,1,linux,BFC
3a8fc53a45c444400259e2e285ba414a87061e3d,2,19,12,7,linux,BIC
6898dd580a045341f844862ceb775144156ec1af,0,0,1,1,linux,BFC
33564bbb2cf1c05cf3882af5d62a0b2b4a09754c,0,0,5,1,linux,BFC
0df4fabe208d9576f2671d31e77cf46d20fdcd01,737,0,0,1,linux,BIC
6ea76bf51339506e9fb00d6caebf5d6b42a571e3,0,0,13,1,linux,BFC
91b66c47ba3468f7882ea4a84d5e0e0c186b638f,2,0,2,1,linux,BIC
5343e674f32fb82b7a80a24b5a84eee62d3fe624,174,148,1,6,linux,BIC
4b842da276a8a1057aed7af6b2a5da471f840dd0,108,7,8,1,linux,BIC
5a228c03d849c86c10ee69d9951695b0649f82ce,0,2,8,1,linux,BFC
e172d10a9c4acc69bb07cbe9142ded2df791ff1f,164,0,0,1,linux,BIC
566d1827df2ef0cbe921d3d6946ac3007b1a6938,0,0,2,1,linux,BIC
2347728934b501b07bea8b1b6e8fa27a56dc098f,1,1,6,1,linux,BFC
fe9233fb6914a0eb20166c967e3020f7f0fba2c9,12,0,1,2,linux,BIC
d3d9dc3302368269acf94b7381663b93000fe2fe,48,0,2,1,linux,BIC
995250959d22fc341b5424e3343b0ce5df672461,0,1,1,1,linux,BFC
603b7bcff824740500ddfa001d7a7168b0b38542,0,2,1,1,linux,BFC
e6c80e601053ffdac5709f11ff3ec1e19ed05f7b,17,0,21,3,linux,BFC
585d42bb57bb358d48906660a8de273b078810b1,1,0,0,1,linux,BFC
d522bb6a105ffabeb765ad890062199fd4d18245,0,2,9,1,linux,BIC
4cb79ef9c6c4413427cd70afbb1f3bc01e9b7abf,2,0,2,1,linux,BFC
d86e9af6336c0ad586a5dbd70064253d40bbb5ff,1,0,1,1,linux,BFC
42641042c10c757fe10cc09088cf3f436cec5007,0,0,1,1,linux,BFC
e0257a01d6689c273a019756ed5e13911cc1bfed,15,4,2,1,linux,BFC
e8a27567509b2439b3d8e5937a11483fb25c0f0c,0,0,3,1,linux,BIC
4b4e973d5eb89244b67d3223b60f752d0479f253,25,0,18,2,linux,BFC
ef74a97f0df8758efe4476b4645961286aa86f0d,0,0,15,1,linux,BFC
3642eb21256a317ac14e9ed560242c6d20cf06d9,0,0,1,1,linux,BFC
469d7d22cea146e40efe8c330e5164b4d8f13934,0,0,1,1,linux,BFC
e33eab9ded328ccc14308afa51b5be7cbe78d30b,0,0,1,1,linux,BFC
9f00baf74e4b6f79a3a3dfab44fb7bb2e797b551,32,0,5,3,linux,BFC
0eb7c33cadf6b2f1a94e58ded8b0eb89b4eba382,0,3,1,1,linux,BFC
71c190249f0ced5b26377ea6bf829ab3af77a40c,0,0,1,1,linux,BFC
40ee6fbef75fe6452dc9e69e6f9f1a2c7808ed67,111,0,0,6,linux,BIC
c42858eaf4926eb2f44f3e26731b276ab966ac28,1,9,4,1,linux,BIC
9bb9ef2b3e5d9d012876e7e2d7757eb30e865bee,2,0,1,1,linux,BFC
12ba8f8ce29fdd277f3100052eddc1afd2f5ea3f,4,0,0,1,linux,BFC
0ed266d7ae5e46de4730ddfb26fe9dde69fc5549,0,259,2,1,linux,BIC
7cf5c2978f23fdbb2dd7b4e8b07e362ae2d8211c,0,103,75,5,linux,BIC
7a64135f3229a808067e4bd29be15fe6856a9ae6,0,0,1,1,linux,BFC
54f0bad6686cdc50a3f4c5f7c4252c5018511459,0,0,1,1,linux,BFC
c00ab4896ed5f7d89af6f90b809e2c0197c6d170,0,6,3,1,linux,BIC
76067459c686c4fc6352613e5a6a54e4ffef2861,238,0,4,10,linux,BIC
2eb278e083549f4eb29838037004054b3b55df62,337,558,195,9,linux,BIC
60fab1076636493cfa2686e712446595fe43bc16,4,0,2,3,linux,BFC
b58afe6d6d3a53af165d5946f12c4b08c95acd58,2,0,2,1,linux,BFC
42827350f75c56d0fe9f15d8425a1390528958b6,3,5,18,3,linux,BFC
72f17baf2352ded6a1d3f4bb2d15da8c678cd2cb,0,3,3,1,linux,BFC
2b01bfaeb41e1563322448d9b392ac924cbf22ef,1,0,0,1,linux,BFC
b5b6e8c8d3b4cbeb447a0f10c7d5de3caa573299,2,55,1,1,linux,BFC
1b6687e31a2df9fbdb12d25c1d1d372777bf96a8,73,57,4,1,linux,BFC
b83d23a2a38b1770da0491257ae81d52307f7816,100,0,3,4,linux,BIC
e23d9c6d0d4912fab12cd2d56070b0a8199772f0,336,0,0,2,linux,BIC
2b24efa8e5c5042b0f126c09622b3e9e3c86a4fa,3,47,11,1,linux,BIC
2170fef78a400ca3c891da5db73db5e70388aba7,5,0,2,1,linux,BIC
4ef3f2aff1267bfa6d5a90c42a30b927b8aa239b,0,0,3,1,linux,BFC
c2a4d9fbabfb9de8259c9467efc74ac85fcce838,96,7,0,6,linux,BIC
f7e54d7ad743a0cf0e400ac185036df6a592567c,143,0,3,2,linux,BIC
05f929b395dec8957b636ff14e66b277ed022ed9,1,0,0,1,linux,BFC
eced51f9babbccac23b398edf7215de82f944b04,377,0,0,2,linux,BIC
1336c662474edec3966c96c8de026f794d16b804,2,0,0,1,linux,BFC
b7f29f8ce170c1b22779d62cbd24bf336ef0372b,0,2,4,1,linux,BFC
afb4c97d90e62f33b9f389aa0023f8478bb89db2,2,0,1,1,linux,BIC
9940d67c93b5bb7ddcf862b41b1847cb728186c4,41,0,2,3,linux,BIC
b5e6c3e170b77025b5f6174258c7ad71eed2d4de,0,48,4,1,linux,BIC
a16be368dd3fb695077cc9bc59c988b548955eec,14,54,13,7,linux,BIC
e3f205a72c4554b58f51d5afd98195c4ff54d215,0,7,1,1,linux,BIC
64897b20eed29cee2b998fb5ba362e65523dba3c,3,20,3,1,linux,BFC
ddcfa710d40b39e3134d318e5fe07ba672288054,5,0,2,1,linux,BIC
4f33ddb4e3e28ade924fbf05ec8bcd7d5c022fee,0,5,11,1,linux,BIC
e2c7b433f729cedb32514480af8cbdf2fe5cf264,0,0,1,1,linux,BIC
87ec9adcca71801a44ddb311185b17df09839ab5,3,0,0,1,linux,BFC
06391eddb60aa2eaaa4ba89c6eafba372db04490,3465,0,0,1,linux,BIC
732b7b93d849f8a44886ead563dfb6adec7f4419,13,0,5,1,linux,BIC
08dbd5660232bede7916d8568003012c1182cc9a,0,9,0,1,linux,BFC
f2686b09269ec1a6f23028b5675d87c3b4579a4c,7,0,4,3,linux,BFC
468a32082b04c7febccfcd55b06ecbc438fcddcc,28,0,0,1,linux,BFC
f00e0d7714895d10790e2bac4df00727ddb9abff,2,0,0,1,linux,BFC
9ce07ae5eb1d968c975a4dace0cac25d9e602c9a,1,0,2,2,linux,BIC
e3f72b749da2bf63bed7409e416f160418d475b6,0,0,4,1,linux,BFC
fb6cec1492d6a693d33224487061e92d0275c6e2,0,18,22,1,linux,BFC
047d50aee341d940350897c85799e56ae57c3849,8,0,3,1,linux,BFC
4b41636878ee32d4c45a49de7749abca9721bd6a,1,0,0,1,linux,BFC
2c91bd4a4e2e530582d6fd643ea7b86b27907151,64,0,0,1,linux,BIC
d004a5e7d4dd6335ce6e2044af42f5e0fbebb51d,0,12,3,3,linux,BIC
d56fd83cf99c5e4b257f5be46531420509ba5066,0,0,4,1,linux,BIC
d69bbf88c8d0b367cf3e3a052f6daadf630ee566,0,0,1,1,linux,BIC
fe586b823372a9f43f90e2c6aa0573992ce7ccb7,1,0,0,1,linux,BFC
c07a48c2651965e84d35cf193dfc0e5f7892d612,6,0,17,2,linux,BIC
92a7e1278005b6bb3459affc50b2b6e2464e7e7c,23,0,0,2,linux,BIC
97904a59855c7ac7c613085bc6bdc550d48524ff,67,0,1,1,linux,BIC
372d5b5607074dc8fa6c495f56a4ae3e9a300f79,3,0,14,1,linux,BFC
23e43f07f896f8578318cfcc9466f1e8b8ab21b6,6,0,0,1,linux,BFC
9ec6bf19ec8bb19f4211f6a2bf62c079d46b54ea,33,22,12,3,linux,BIC
95a1b3ff9a3e4ea2f26c4e802067d58831f415db,9,16,8,1,linux,BFC
d0ff14fdc987303aeeb7de6f1bd72c3749ae2a9b,13,0,1,1,linux,BFC
d8e28654f28de74951ab1b7e59d2bebb442972aa,0,0,3,1,linux,BFC
a112adafcb47760feff959ee1ecd10b74d2c5467,0,0,1,1,linux,BFC
747c7cf1592e226d40543231b26502b332d0ea2f,19,0,2,1,linux,BFC
366697018c9a2aa67d457bfdc495115cface6ae8,69,0,0,1,linux,BIC
08a5bdde3812993cb8eb7aa9124703df0de28e4b,1,0,1,1,linux,BFC
0a432dcbeb32edcd211a5d8f7847d0da7642a8b4,41,38,8,4,linux,BIC
e154b5b70368a84a19505a0be9b0096c66562b56,13,1,10,3,linux,BFC
744d23c71af39c7dc77ac7c3cac87ae86a181a85,6,0,0,1,linux,BIC
9baeea50718fdd55c7ae4d61c15f2a71aef6e050,0,0,2,1,linux,BFC
59545ebe331917afcb1ebbd6f3e5dc3ed51beb05,19,0,2,1,linux,BFC
59dd33f82dc0975c55d3d46801e7ca45532d7673,16,0,6,2,linux,BFC
2c15a154a0f8069830772bacf70de8184065ee93,1,0,1,1,linux,BFC
e5e252ba21d243689a8e8bf2af5bf5579dabfea7,0,1,0,1,linux,BFC
8cf4e6a04f734e831c2ac7f405071d1cde690ba8,3,0,8,1,linux,BFC
a6e2e3522f29141b95c1ef8580c665a3582b3e66,979,0,0,5,linux,BIC
01cefbbe2c51fa94d4221ca63d236907c5e19fe3,12,0,9,1,linux,BFC
428890a3fec131521cc59aac0d3c48bde9d76b7b,4,0,4,1,linux,BFC
9e661cedcc0a072d91a32cb88e0515ea26e35711,0,32,2,1,linux,BFC
7ee3c61dcd28bf6e290e06ad382f13511dc790e9,43,0,8,5,linux,BFC
763dafc520add02a1f4639b500c509acc0ea8e5b,3,0,0,1,linux,BFC
2711ca237a084286ea1c2dcf82ab2aadab23a00d,7,6,2,2,linux,BIC
d0b27fa77854b149ad4af08b0fe47fe712a47ade,296,64,24,6,linux,BIC
27082493e9c6371b05370a619ab9d2877c5f4726,90,126,42,3,linux,BFC
054b8dc381b1c784852ad3e109270d236a58b71d,0,0,2,1,linux,BFC
b092b19602cfd47de1eeeb3a1b03822afd86b136,15,0,3,3,linux,BFC
5390a8df769ec9ba9c995191bb0867430f602ebb,622,0,42,2,linux,BIC
6e20d00158f31f7631d68b86996b7e951c4451c8,3,0,0,1,linux,BFC
d46812bb0bef04efa4e6cba677ba54c2e4f1ae59,4,0,5,1,linux,BIC
d6b6d346e5605ee2af0f0349e71901121b984258,2,0,2,1,linux,BIC
2a2e8202c7a16a85a881ad2b6e32ccbebdc01dda,3,22,2,4,linux,BFC
8d3f1fdf521165cac96a21e35f5a1630147d91b1,0,137,11,2,linux,BIC
f2df84e096a8254ddb18c531b185fc2a45879077,90,13,12,2,linux,BFC
2c2bcabf02e1453c1c8aceb6ee4c0ac62066a3a7,0,2,0,1,linux,BFC
fd8c8caf7e7c8261a92ce0f7f2cd0adb8afd9e0d,13,0,2,3,linux,BIC
51ebf5db67f5c6aed79c05f1aa5137bdf5ca6614,4,0,0,1,linux,BFC
51959d85f32dde9041655936eef206cc3323dc12,0,0,1,1,linux,BIC
95f18c9d1310730d075499a75aaf13bcd60405a7,8,0,0,1,linux,BIC
414c52b7899aa9097c2fa8444654a866e1df4a0c,0,2,1,1,linux,BFC
528b84934eb904ecafea4ed482a1c52e3c814050,102,0,3,2,linux,BIC
d972f3dce8d161e2142da0ab1ef25df00e2f21a9,0,0,2,1,linux,BFC
751465913f045a1120188ec91ed46d90ea5fd539,395,0,5,7,linux,BIC
d35c99ff77ecb2eb239731b799386f3b3637a31e,1,0,3,1,linux,BFC
abbf94fc2942ad913b63455bfff7b09c2f1ed9a0,0,0,1,1,linux,BFC
f07d4b4270670b099a7034936e519d2efecf81ec,0,2,2,1,linux,BFC
aab8445c4e1cceeb3f739352041ec1c2586bc923,5,0,0,1,linux,BFC
3b5f668e715bc19610ad967ef97a7e8c55a186ec,12,0,4,2,linux,BIC
73a5379937ec89b91e907bb315e2434ee9696a2c,4,0,4,1,linux,BIC
e75eafb9b0395c338230b0eef2cc92ca8d20dee2,35,20,52,2,linux,BIC
9620ad86d0e3e8fda4a23efc22e0b2ae4ded1105,3,0,5,1,linux,BFC
d21a580dafc69aa04f46e6099616146a536b0724,1,0,0,1,linux,BFC
bacfa94b08027b9f66ede7044972e3b066766b3e,6,0,5,1,linux,BFC
dab464b60b2435a2aaae3630266db8ad130b7fad,1030,0,0,5,linux,BIC
9254970cbbf542a0085e491810f0144a27885702,24,0,1,3,linux,BIC
56aca23093019843e881e458f005569ce9e96c47,174,0,9,1,linux,BIC
006d3ff27e884f80bd7d306b041afc415f63598f,11,4,2,1,linux,BFC
3aefc722ff52076407203b6af9713de567993adf,3,3,0,1,linux,BFC
25cd9ba0abc0749e5cb78e6493c6f6b3311ec6c5,314,0,30,9,linux,BIC
59f73e2ae185a6ab5c40f63657a83192bf054fb4,6,0,0,1,linux,BIC
b7eeb52721fe417730fc5adc5cbeeb5fe349ab26,1,0,1,1,linux,BFC
53c8036cb715f3577a7fe1db6e6ad06e8697b36f,0,0,1,1,linux,BFC
d8466f73010faf71effb21228ae1cbf577dab130,69,67,1,3,linux,BFC
a728b977429383b3fe92b6e3bff9e69365609e0f,4,0,1,1,linux,BFC
4030b4c585c41eeefec7bd20ce3d0e100a0f2e4d,2,0,3,1,linux,BFC
6fd6ce2056de27090f4723138e0ce0a816f4ba0d,8,0,5,1,linux,BIC
b0853ab4a238c54b8f97ca7dde1ae156e2bbd5e4,77,18,19,1,linux,BIC
06f877d613be3621604c2520ec0351d9fbdca15f,6,0,4,4,linux,BIC
e9024d519d892b38176cafd46f68a7cdddd77412,33,0,1,1,linux,BIC
b5f2ba8a4c794e8349c0e30036352b9f685164c4,0,0,2,1,linux,BFC
ba1f2b2eaa2a529dba722507c55ff3d761d325dd,50,9,20,5,linux,BIC
dc5591dc9c03e4cd22d3f0c3659196cc34668452,0,0,1,1,linux,BFC
2419672f4c96ca678a95d0f733f44d3ee036b5c8,2,0,2,1,linux,BFC
531efd6aa09916ef93f3788a9e67175e18461239,54,116,335,1,linux,BIC
ab412e1dd7db132c2abeb9385b4bf0dc8e6c5a65,90,1,45,5,linux,BIC
53b3495273282aa844c4613d19c3b30558c70c84,0,0,1,1,linux,BFC
1d220435cab3bf74193ca1949059a1975e53619c,209,0,0,1,linux,BIC
bedb404e91bb2908d9921fc736a518a9d89525fc,29,3,1,3,linux,BIC
2383cb9497d113360137a2be308b390faa80632d,0,2,0,1,linux,BFC
fb49c8bbaae70b14fea2b4590a90a21539f88526,0,3,5,1,linux,BIC
4b5923249b8fa427943b50b8f35265176472be38,13,0,3,1,linux,BIC
6d29231000bbe0fb9e4893a9c68151ffdd3b5469,0,0,6,2,linux,BFC
909adfc66b9a1db21b5e8733e9ebfa6cd5135d74,31,0,0,2,linux,BFC
bbe54b1a75a397b62dd528100cfb2ffe558d92ee,2,0,0,1,linux,BFC
fdb4276aae1100aa13f955eff6c944a8200a15ac,0,0,1,1,linux,BFC
10340f8d7b6dd54e616339c8ccb2f397133ebea0,12,0,1,1,linux,BFC
49748264826ff4cc7f0ebbdd6b0d1a36b13b1cee,4,0,1,1,linux,BFC
c753ea31781aaab2dccc3e6f297cfde3c99f0ba1,57,0,8,2,linux,BIC
ca07eda33e01eafa7a26ec06974f7eacee6a89c8,51,23,18,2,linux,BIC
0f75e1a370fd843c9e508fc1ccf0662833034827,0,0,1,1,linux,BFC
450d060e8f752a6ce052a2bffd3f01633472e330,28,0,1,1,linux,BIC
f406270bf73d71ea7b35ee3f7a08a44f6594c9b1,5,0,7,1,linux,BIC
130509213baeb3cada40c19dd87341a6787f8b23,13,1,8,2,linux,BFC
c42fb724cdf608ef7234da7281d66de2eb102a73,0,0,1,1,linux,BFC
ac746729178bd7c08bb7e5242df92bd01593a732,0,1,0,1,linux,BFC
74ee0e8c1bf9925c59cc8f1c65c29adf6e4cf603,1,0,0,1,linux,BFC
dd30706e73b70d67e88fdaca688db7a3374fd5de,1663,2,5,10,linux,BIC
a053fb7e512c77f0742bceb578b10025256e1911,1,0,0,1,linux,BFC
f794809a7259dfaa3d47d90ef5a86007cf48b1ce,20,0,7,4,linux,BFC
cdb324bde5700725f04172bbeb6ef0bbbb6886c3,8,0,2,2,linux,BIC
7fbbe725378d62c30a076742a60a7e1812a2515a,0,6,1,1,linux,BFC
fd58f7df2415ef747782e01f94880fefad1247cf,0,0,4,1,linux,BFC
12dbd1f7578feb51bc95e5a90eb617889cc0b04e,2,0,2,1,linux,BFC
c4436c9149c5d2bc0c49ab57ec85c75ea1c4d61c,76,0,1,1,linux,BIC
cf5c9e6dc70d9d8af00ea45b4ebd67e1fc35764e,26,0,0,1,linux,BIC
316e7f901f5aedb415c72d1eedd7de0846238dd0,11,28,11,3,linux,BIC
c749cdda9089eb1fdb6a9ab98f945124d12f2595,46,0,49,2,linux,BIC
637f23abca87d26e091e0d6647ec878d97d2c6cd,0,0,1,1,linux,BFC
9d958b60ebc2434f2b7eae83d77849e22d1059eb,44,12,1,4,linux,BIC
c302c98da646409d657a473da202f10f417f3ff1,0,0,2,1,linux,BFC
dd4eddc4ba31fbf4554fc5fa12d3a553b50e1469,8,0,4,1,linux,BFC
454c407ec17a0c63e4023ac0877d687945a7df4a,268,0,24,19,linux,BIC
34e88f9e2fff2d46a206e4d94c9e8fdf45b85d9a,4,11,3,2,linux,BFC
6f93e834fa7c5faa0372e46828b4b2a966ac61d7,24,24,0,1,linux,BIC
e84d2f8d2ae33c8215429824e1ecf24cbca9645e,0,0,1,1,linux,BFC
6e4df4c6488165637b95b9701cc862a42a3836ba,3,2,25,1,linux,BIC
03fdfb2690099c19160a3f2c5b77db60b3afeded,6,2,12,1,linux,BIC
7d6c86e3ccb5ceea767df5c7a9a17cdfccd3df9a,10,0,0,1,linux,BFC
59034b9d6af8ccc1de0a265ca90b3aa967bae19f,1,0,0,1,linux,BFC
7063efd33bb15abc0160347f89eb5aba6b7d000e,1,1,0,1,linux,BFC
6a6bef90425e8cba7c53919d923240559b7f247c,44,0,0,3,linux,BIC
52cd91c27f3908b88e8b25aed4a4d20660abcc45,0,0,4,1,linux,BFC
415b6185c541dc0a21457ff307cdb61950a6eb9f,27,0,3,1,linux,BFC
eab521aebcdeb1c801009503e3a7f8989e3c6b36,4,0,2,1,linux,BFC
88248c357c2a8dbff899770dc02e2edf89d989aa,0,0,1,1,linux,BFC
99c07c43c4ea0bc101331401a0fabfc51933c6a3,114,13,22,4,linux,BIC
e25adcca917d7e4cdc1dc6444d0692ffda7594bf,4,0,0,1,linux,BFC
d88fd1b546ff19c8040cfaea76bf16aed1c5a0bb,106,0,4,1,linux,BFC
545c4ab463c2224557e56b2609f88ed5be265405,5,14,18,1,linux,BFC
016f327ce48f9b0b1cdea729ba7080596113563f,0,0,1,1,linux,BFC
165a5e22fafb127ecb5914e12e8c32a1f0d3f820,5,1,0,2,linux,BIC
70f4db639c5b2479e08657392cbf3ba3cceea11c,37,0,9,3,linux,BIC
e8937681797c9af491c8a1e362a9db4f4aa1f471,20,0,20,4,linux,BIC
81a0298bdfab0203d360df7c9bf690d1d457f999,7,0,6,2,linux,BIC
f3076cd8d1d5fa64b5e1fa5affc045c2fc123baa,7,0,0,1,linux,BFC
d340ebd696f921d3ad01b8c0c29dd38f2ad2bf3e,5,3,2,2,linux,BFC
a0d26d5a4fc8e13993279f788deeb08069e73b69,3,0,4,3,linux,BIC
d461933638ae9fa49ad22f60a40de5b3ed414912,27,13,26,3,linux,BIC
2b993ab79b5dc83eb699e747bfac6c04f4f5fc70,0,0,1,1,linux,BFC
05209f457069e595ce0262a9032cbade05398571,1,0,0,1,linux,BIC
4d7c47e34fab0d25790bb6e85b85e26fdf0090d5,0,0,1,1,linux,BFC
36df96f8acaf51992177645eb2d781f766ce97dc,399,4,34,5,linux,BIC
642aafea8889b712fe8e57aaa706d6c05d295059,0,6,4,2,linux,BIC
af68656d66eda219b7f55ce8313a1da0312c79e1,5,4,0,1,linux,BFC
4628142aeccca6e37d8c3dfc9ce8be65512a324f,42,12,9,1,linux,BIC
27df68d579c67ef6c39a5047559b6a7c08c96219,0,0,1,1,linux,BFC
0733424c9ba9f42242409d1ece780777272f7ea1,25,0,0,3,linux,BIC
4ff859fe1dc0da0f87bbdfff78f527898878fa4a,1,0,2,1,linux,BFC
8137d2763bf77d68babb38a7323c5152c945f20e,0,0,1,1,linux,BFC
9787aed57dd33ba5c15a713c2c50e78baeb5052d,0,0,1,1,linux,BFC
35c4cbb178119bcacc720f54d32711da020805d5,18,0,22,1,linux,BIC
7a6a6cbc3e592e339ad23e4e8ede9a3f6160bda8,162,4,6,1,linux,BIC
0fe88461a0ec95a71950b4841f139a62ed63dc81,479,0,0,1,linux,BIC
298ba0e3d4af539cc37f982d4c011a0f07fca48c,16,15,1,1,linux,BFC
b0573dea1fb32ebc72ffa05980fd840df1d80860,56,0,2,22,linux,BIC
b086ff87251b4a4c147bc3af20369514e9d0d9ad,8,0,0,2,linux,BIC
192fba79822d9612af5ccd3f8aa05c922640ee13,6,0,1,1,linux,BFC
dd912306ff008891c82cd9f63e8181e47a9cb2fb,2,0,1,1,linux,BFC
0c8aab8e65e450f2bfea494c1b6a86ded653f88c,0,0,1,1,linux,BFC
72adc61f4637aa3596c1db1129f84d768475a885,81,35,14,6,linux,BIC
2e636d5e66c35dfcbaf617aa8fa963f6847478fe,0,0,2,1,linux,BFC
524e00b36e8c547f5582eef3fb645a8d9fc5e3df,35,378,109,9,linux,BIC
83a7772ba223333755d8afd90ab8b2ea3f57d4e6,12,0,4,3,linux,BIC
b04f9b7e85c7d7aecbada620e8759a662af068d3,2,0,1,2,linux,BFC
8853b2503014aca5c793d2c7f0aabc990b32bdad,1,0,7,1,linux,BFC
8c9108d014c5bd0f0da2e3544eb45dc56a6da92b,403,0,0,1,linux,BIC
1bc2b7bfba6e2f64edf5e246f3af2967261f6c3d,0,1,0,1,linux,BFC
3832125624b75b54567be906e9aa67e1343be569,658,0,0,4,linux,BIC
8cd3c55c629efd91e5f2b3e89d850575c5b90d47,0,0,1,1,linux,BFC
424c3781dd1cb401857585331eaaa425a13f2429,0,1,0,1,linux,BFC
79daec8b9c02e04e2afb11eefa71698b913b2c55,0,2,8,1,linux,BFC
ed1b6cc7f80f831e192704b05b9917f9cc37be15,190,0,0,3,linux,BIC
d61d072e87c8ee4938b2517818e7b6498923d6a4,0,0,2,1,linux,BIC
48d83282db077f93b2cf40de120f4d6f29eb293b,12,0,4,3,linux,BFC
d126d43f631f996daeee5006714fed914be32368,219,0,0,1,linux,BIC
3733be14a32bae288b61ed28341e593baba983af,16,17,11,4,linux,BIC
53de092f47ff40e8d4d78d590d95819d391bf2e0,3,0,1,1,linux,BIC
0b2122e4934c7783d336397864e34ee53aad0965,2,0,2,1,linux,BFC
e4818d615b58f145ace70fefa43aeae8611b55a1,0,0,1,1,linux,BFC
2b12c13637134897ba320bd8906a8d918ee7069b,0,0,1,1,linux,BFC
de89212ddb3dc87152dd6f2b88a20d5176156777,6,0,5,1,linux,BFC
6173f8f4ed9c2bd4184908e35f46755a0d14b0f2,0,16,50,1,linux,BIC
56e4ee82e850026d71223262c07df7d6af3bd872,0,0,1,1,linux,BFC
4b8ac9660af07be6f6602b523929793eed314997,2487,0,0,2,linux,BIC
a8f1f03caa51aa7a69c671aa87c475034db7d368,14,0,15,1,linux,BFC
52c34e6e125c153097befbfe18b8d2918c68a41d,425,0,1,3,linux,BIC
4acb0200ab2b07843e3ef5599add3454c7440f03,13,10,5,1,linux,BFC
cc994bb97587787b8f0c094a9bc6945d82075b1d,0,0,2,1,linux,BFC
ec961cf3241153e0f27d850f1bf0f172e7d27a21,2,0,10,1,linux,BFC
9194d18b0577a63f313a6eb2e0d4723add2c32e6,75,2,2,5,linux,BIC
d2b9775d795ec05fb42504c0f47dd06ba5fd709e,0,7,8,1,linux,BIC
76c714be0e5e60c935a53b31be58939510ba1d0f,10,0,0,1,linux,BIC
d19a7af73b5ecaac8168712d18be72b9db166768,1,0,0,1,linux,BFC
7872168a839144dbbfb33125262dab0673f9ddf5,4,0,6,1,linux,BFC
bedf9fc01ff1f40cfd1a79ccacedd9f3cd8e652a,8,0,1,1,linux,BIC
eff73e16ee116f6eafa2be48fab42659a27cb453,10,2,4,1,linux,BIC
81a76d7119f63c359750e4adeff922a31ad1135f,0,0,1,1,linux,BIC
6f5d1b3016d650f351e65c645a5eee5394547dd0,0,0,1,1,linux,BFC
d38ceaf99ed015f2a0b9af3499791bd3a3daae21,32956,0,0,73,linux,BIC
03400aaa69f916a376e11526cf591901a96a3a5c,1,0,0,1,linux,BFC
270a6c1f65fe68a28a5d39cd405592c550b496c7,23,0,14,3,linux,BIC
ad8a7220355d39cddce8eac1cea9677333e8b821,2,0,3,1,linux,BFC
2eacc608b3bf3519fc353c558454873f4589146d,11,0,2,1,linux,BFC
4929e95a1400e45b4b5a87fd3ce10273444187d4,30,0,0,2,linux,BFC
4e042af463f806b6ef0e44048eba0964f0a5694e,15,13,10,2,linux,BIC
2bfbd35d8ecd97a4a7f1db1754908b54542fa7aa,43,0,1,3,linux,BIC
05aec357871f892eea91d8b808f96a6091dd5310,210,0,0,1,linux,BIC
b00b8daec828dd59af7d1f7a42acd6e5867f80c6,200,0,0,2,linux,BIC
a5afc1678044a3eea48f0295ae7bc2b13d59b128,747,0,0,1,linux,BIC
7cec18a3906b52e855c9386650c0226bbe594a4c,3,1,16,2,linux,BIC
f65802284a3a337510d7f8f916c97d66c74f2e71,4,0,3,1,linux,BFC
639bf4415cadff4c18e13aa5cb0dba2d443e3aa7,8,38,17,4,linux,BFC
5581c2c5d02bc63a0edb53e061c8e97cd490646e,3,0,1,1,linux,BFC
a8fc92778080c845eaadc369a0ecf5699a03bef0,153,0,0,19,linux,BIC
8959b304c7062889b1276092cc8590dc1ba98f65,7,0,1,1,linux,BFC
3114cdfe66c156345b0ae34e2990472f277e0c1b,2,0,1,1,linux,BFC
cc00bcaa589914096edef7fb87ca5cee4a166b5c,12,28,28,5,linux,BIC
4a8e70f5d0d80675fc17b9ba1e62db8ca6b91775,0,0,1,1,linux,BFC
bf5a6b4c474c589244dc25ee1af2c3c829228ef8,0,24,1,3,linux,BFC
b6155eaf6b05e558218b44b88a6cad03f15a586c,34,2,30,1,linux,BFC
e0c16eb4b3610298a74ae5504c7f6939b12be991,1,0,0,1,linux,BFC
c3634d25fbee88e2368a8e0903ae0d0670eb9e71,5,0,5,1,linux,BFC
ce85e13ad6ef47ddcd34684889dc38a9901868ef,162,268,94,1,linux,BIC
3442d9eee459bb565c37a15eed57572b511e9c64,1,0,0,1,linux,BFC
51f57b01e4a3c7d7bdceffd84de35144e8c538e7,0,7,5,2,linux,BFC
7c67cf6658cec70d8a43229f2ce74ca1443dc95e,0,0,1,1,linux,BFC
c953f7500b65f2b157d1eb468ca8b86328834cce,0,0,2,1,linux,BFC
2da4366f9e2c44afedec4acad65a99a3c7da1a35,3714,0,0,8,linux,BIC
6caabe7f197d3466d238f70915d65301f1716626,15,0,1,3,linux,BFC
c0b3dda7ed4d7f08b6a39ff8b35895780a68e384,0,0,1,1,linux,BFC
7605aa5b4198ad819dde7c39b3c968f57ccb568e,1,0,3,1,linux,BFC
e3118ad74d7ef5bbf1a4a17471466e2cafacc752,13,0,13,2,linux,BIC
6e61e10a8a9655424cf03c0fb44d282b40f402a2,0,0,1,1,linux,BFC
2a3eb51e30b9ac66fe1b75877627a7e4aaeca24a,8,0,2,1,linux,BFC
f44e26593aea9b920e892fc490ffd2a1a0b9123f,2,0,2,1,linux,BFC
7d327a9ed6c4dca341ebf99012e0a6b80a3050e6,3,0,2,1,linux,BFC
afe4fd062416b158a8a8538b23adc1930a9b88dc,833,0,0,2,linux,BIC
5c1aab1dd5445ed8bdcdbb575abc1b0d7ee5b2e7,460,6,5,10,linux,BIC
2fcdb2c9e6598e6ced232eca7aa4a61342691f3b,8,23,1,1,linux,BIC
c0071c7aa5fe0a6aa4cfc8426af893307ccd276d,818,0,0,9,linux,BIC
2d5abb9a1e8e92b25e781f0c3537a5b3b4b2f033,0,0,1,1,linux,BFC
f29801030ac67bf98b7a65d3aea67b30769d4f7c,4,0,0,1,linux,BFC
a32762b864f889cff884249c1273819bb79a05bb,1,0,1,1,linux,BFC
d3aa45ce6b94c65b83971257317867db13e5f492,123,5,1,4,linux,BIC
02758cb20dff4852e5dceed6e828f9a2eb34d6e4,2,1,13,1,linux,BFC
18736eef12137c59f60cc9f56dc5bea05c92e0eb,15,0,0,1,linux,BFC
53a92889ec0e6d968a7f4098a16031a672b6fd51,0,0,2,1,linux,BFC
3ba67dabaa58e3223325f0a813a6e830fb5f5cc5,5,0,0,1,linux,BFC
f37044fd759b6bc40b6398a978e0b1acdf717372,2,0,0,1,linux,BFC
facfe0a4fdce3f545a4a883358eda3078b0425c7,6,1,0,1,linux,BIC
3f6ee1c095156a74ab2df605af13020f1ce3e600,1,0,0,1,linux,BFC
39e68d9e7ab276880980ee5386301fb218202192,0,2,2,1,linux,BFC
0ca12be99667265ef8100860601d510e78f22cea,65,0,2,1,linux,BIC
0c6da0733bff3bc7aaa1dcd63fefdbbca5a7a5f8,1,0,0,1,linux,BFC
2528a8b8f457d7432552d0e2b6f0f4046bb702f4,2,1,7,1,linux,BFC
7694a7de22c53a312ea98960fcafc6ec62046531,3,0,0,1,linux,BFC
3c4c37746c919c983e439ac6a7328cd2d48c10ed,5,0,2,1,linux,BFC
074df25160ff03e0e13eff058eca10f98f6197ab,0,0,1,1,linux,BFC
7ad3d4d85c7af9632055a6ac0aa15b6b6a321c6b,43,38,4,3,linux,BIC
6d568ef9a622eaaea549b305b7af9c4d91566c84,6,0,3,1,linux,BIC
dab99af99c7ca4c9dbea7d4d218ef7eb6b183aaf,0,1,0,1,linux,BFC
0cd58eaab1482ab75800f68cd0033286232827f1,47,0,1,4,linux,BIC
4e0b83a567e28ab11e0c41b399615fd82c02664a,120,61,123,3,linux,BIC
9576a36cc107ba206c182a6ae9fb179db6f32bef,25,0,22,1,linux,BFC
cf5ca4ddc37a693b17fdb653cb84b920b1185d71,10,1,9,3,linux,BIC
d4b18c3e00b8d18fbd316abe9639b91ad416e1f3,0,224,1,6,linux,BIC
71dd2fe5dec171b34b71603a81bb46c24c498fde,3,0,3,1,linux,BFC
91572088e3fdbf4fe31cf397926d8b890fdb3237,51,72,30,11,linux,BIC
f77c4839ee8f4612dcb6601602329096030bd813,0,1,1,1,linux,BFC
de10ac47597e7a3596b27631d0d5ce5f48d2c099,5,5,0,1,linux,BFC
d916d923724d59cde99ee588f15eec59dd863bbd,0,0,1,1,linux,BFC
740a4a3aa76ed46a425909ba34cc82c4ddb91252,0,0,20,1,linux,BFC
44f714dae50a2e795d3268a6831762aa6fa54f55,86,0,9,2,linux,BIC
c97a31f66ebcab54c006878142fb683c6116bed1,19,4,1,1,linux,BIC
a4f5ea64f0a818586b9de71803824b43dd01e517,55,36,178,17,linux,BIC
996d3efeb091c503afd3ee6b5e20eabf446fd955,0,0,1,1,linux,BFC
d6fef10c750e64f248543d2eee7c86a4a019f7ec,12,0,5,1,linux,BFC
33eade2cd27a49cd858fd7b21be8447462afe859,0,0,5,1,linux,BFC
d4e7df16567b80836a78d31b42f1a9355a636d67,0,0,1,1,linux,BFC
3fd0824a2f800a2870569d385917ae1102647055,6,4,0,1,linux,BFC
0cf731f9ebb5bf6f252055bebf4463a5c0bd490b,14,7,3,2,linux,BFC
d3f66e4116aff8dd0d5bd4067295b9ddb5e2c29c,2,0,0,1,linux,BFC
2c77734642d52448aca673e889b39f981110828b,0,0,2,1,linux,BFC
e11bbcedecae85ce60a5d99ea03528c2d6f867e0,0,0,2,1,linux,BFC
b858a4844cfba3d90a8d8ffd3a04d9557f76b60f,35,1,2,3,linux,BIC
019191342fecce4a461978a7191a43f313e19e86,11,0,26,5,linux,BIC
656e01f3ab54afe71bed066996fc2640881e1220,26,1,6,1,linux,BIC
bf3c5a93c52368410a521af34ed3bff91a99df44,154,0,0,2,linux,BIC
f60f315d339e14633a51cd2d468500d08055b84b,74,27,4,2,linux,BIC
d26cbdd27f8c4ff2f3df227a8bc5782697ecce51,0,0,1,1,linux,BFC
9a5605505d9c7dbfdb89cc29a8f5fc5cf9fd2334,113,7,14,2,linux,BIC
85816aba460ceebed0047381395615891df68c8f,17,3,16,3,linux,BFC
cdbb096adddb3f42584cecb5ec2e07c26815b71f,25,0,0,1,linux,BFC
924c6b900cfdf376b07bccfd80e62b21914f8a5a,4,0,0,1,linux,BFC
ac69269a45e84c1772dcb9e77db976a932f4af22,5,28,59,12,linux,BIC
6b9227d666f2efe0f8ed234827bb1abdf63f9501,60,0,24,1,linux,BFC
d3252ace0bc652a1a244455556b6a549f969bf99,28,0,0,1,linux,BIC
800fb34a99ce7d22dca839c90f869c7a12b50f70,9,0,1,1,linux,BIC
87e59b36e5e26122efd55d77adb9fac827987db0,38,0,8,2,linux,BIC
c3c06c61890da80494bb196f75d89b791adda87f,2,0,1,1,linux,BFC
6630aad719bc0a46dcc4a6732ab783c4c9b80f88,0,0,1,1,linux,BFC
ab123fe071c9aa9680ecd62eb080eb26cff4892c,14,38,13,1,linux,BIC
adbf4f7ea834671c9d12002136c8162b34e011d5,33,0,6,1,linux,BIC
c210063b40acab74bb7262d2bfae557171884ff2,76,2,6,1,linux,BIC
a0a4bf57a977ed37bcbdfc8027a44485fe086a3d,0,1,1,1,linux,BFC
077a4fa92a615a4d0f86eae68d777b9dd5e5a95b,0,0,2,1,linux,BFC
0d15190f53b4e21aa3d15f1ace4c0807a269a763,0,0,5,1,linux,BIC
f9ec176cd684c83a60638123da0b34c7c82f0c74,1,0,1,1,linux,BFC
c26933639b5402c174c65c01d33f145622784012,188,0,92,17,linux,BIC
6d40500ac9b69b78dace3a498bc1690200682789,0,2,0,2,linux,BIC
90426e89f54dbb8f77d94604a06d0643dd0c3eb9,156,0,0,1,linux,BIC
0df8adbb88db8283f102a2afa91610a502245cb2,0,0,1,1,linux,BFC
4329c8dc110b25d5f04ed20c6821bb60deff279f,4,0,1,1,linux,BFC
65e68edce0db433aa0c2b26d7dc14fbbbeb89fbb,111,12,4,2,linux,BIC
eac3e5b1c12f85732e60f5f8b985444d273866bb,0,1,0,1,linux,BFC
901bb9891855164fdcfcfdd9c3d25bcc800d3f5b,67,0,2,5,linux,BIC
ea94191e584b146878f0b7fd4b767500d7aae870,1,0,0,1,linux,BFC
3c1a427954399fd1bda1ee7e1b356f47b61cee74,6,0,0,1,linux,BFC
d927c59076f505a056e78a9fc9744069aa052cc8,0,0,1,1,linux,BFC
7b0cdf3e56b9b0bd05afa4904dc249c0f22dd30b,0,20,1,1,linux,BFC
d9a42b53bdf7b0329dc09a59fc1b092640b6da19,0,0,2,1,linux,BFC
419386b6299a01bcea20c2244dbaca4585c2ae33,0,2,4,1,linux,BFC
c9c3b1775f80fa21f5bff874027d2ccb10f5d90c,1,0,0,1,linux,BFC
e71a4153b7c256ec103e79875398553808aeffd2,47,16,12,1,linux,BIC
692787cef6515188f25a5b6cdf008cfe10acf89f,86,0,0,3,linux,BIC
fa389a6d77264ae1b1263dc83c63503593e21ca9,8,0,0,2,linux,BIC
d5823511c0f8719a39e72ede1bce65411ac653b7,3,0,0,1,linux,BFC
0c1cc8b2215f5122ca614b5adca60346018758c3,4,0,0,1,linux,BFC
b59d0e782706785b7042539e820e95df3be4d04c,519,0,0,1,linux,BIC
3c9b49b0031aefb81adfdba5ab0ddf3ca3a2cdc9,2,0,1,1,linux,BFC
40d08f774c17add49c1db0083390b6a672030b7d,1,0,0,1,linux,BFC
4094445229760d0d31a4190dfe88fe815c9fc34e,19,0,1,1,linux,BIC
ac05f256691fe427a3e84c19261adb0b67dd73c0,29,16,7,1,linux,BIC
f00d1b16232fbb141048bba7616adba949f46d7b,0,0,1,1,linux,BFC
3400278328285a8c2f121904496aff5e7b610a01,6,0,7,1,linux,BFC
c3d4e5b12672bbdf63f4cc933e3169bc6bbec8da,0,3,3,1,linux,BFC
2db16c6ed72ce644d5639b3ed15e5817442db4ba,2613,0,0,4,linux,BIC
a430c9166312e1aa3d80bce32374233bdbfeba32,0,0,1,1,linux,BFC
b0ee9e7fa5b461a91f24d1d03b10c6bf162c86f9,105,0,23,3,linux,BIC
9461f7b33d11cbbf5ce79c3c03d0da9d42dfce92,13,3,0,1,linux,BIC
b658912cb023cd6f8e46963d29779903d3c10538,0,0,1,1,linux,BFC
6cd34b10cd642c15a8e4b2ed5fc4815c12c41d52,0,0,4,1,linux,BFC
110447f8269a608cd69203fa2ccd801ea92e0a1a,0,0,2,2,linux,BIC
61c503f976b5449e6d7d31f74adbc29d6ce06125,259,0,0,3,linux,BIC
52323ef75414d60b17f683076833eb55a6bffa2b,296,25,37,4,linux,BIC
c7bcbc8ab9cb20536b8f50c62a48cebda965fdba,1,9,0,1,linux,BFC
dd657eae8164f7e4bafe8b875031a7c6c50646a9,6,0,6,1,linux,BFC
7cbb0c63de3fc218fd06ecfedb477772a4d12f76,1533,0,0,1,linux,BIC
542db12a9c42d1ce70c45091765e02f74c129f43,14,0,2,1,linux,BFC
26c5d78c976ca298e59a56f6101a97b618ba3539,2,0,1,1,linux,BFC
f78a97003b8babb1c49e2e4a6b46f15ac31ecf49,13,0,5,1,linux,BFC
efe9711214e6138a5a2a46ca4068bfce50c03444,9,0,10,4,linux,BIC
5ceb9d7fdaaf6d8ced6cd7861cf1deb9cd93fa47,94,64,32,1,linux,BIC
4485a841be171dbd8d3f0701b00f59d389e94ce6,0,1,0,1,linux,BFC
0657cb50b5a75abd92956028727dc255d690a4a6,0,0,1,1,linux,BFC
b293e891b05701fc89fa2b20bba377513ae92021,79,0,0,2,linux,BIC
a5de4be0aaaa66a2fa98e8a33bdbed3bd0682804,31,5,5,2,linux,BIC
6ced5ff0be8e94871ba846dfbddf69d21363f3d7,7,2,0,1,linux,BFC
85144df9ff4652816448369de76897c57cbb1b93,1,0,0,1,linux,BFC
24ac3a08e65845a098140ff270229dec4a897404,62,19,9,2,linux,BIC
b3fdd32799d834e2626fae087906e886037350c6,338,0,0,2,linux,BIC
24311f884189d42d40354a6f38ca218eb9aeb811,31,16,22,3,linux,BIC
4ae5061a19b550dfe25397843427ed2ebab16b16,3,0,0,1,linux,BFC
9ff74384600aeecba34ebdacbbde0627489ff601,91,0,8,4,linux,BIC
e50989527faeafb79f45a0f7529ba8e01dff1fff,7,0,3,1,linux,BFC
405bc8fd12f59ec865714447b2f6e1a961f49025,146,0,0,1,linux,BIC
9fe61450972d3900bffb1dc26a17ebb9cdd92db2,41,0,14,6,linux,BIC
f8951dce10c092075e39ef12c29022548e4c63db,0,6,4,4,linux,BFC
a7dc438b5e446afcd1b3b6651da28271400722f2,4,0,0,1,linux,BFC
2faf852d1be8a4960d328492298da6448cca0279,14,8,5,1,linux,BFC
5cc973f09e21b5a2f746307641879bc9f1da623b,2,0,0,1,linux,BFC
390e5de11284a1615662a2773c73b71884310dbe,0,25,0,1,linux,BIC
06781a5026350cde699d2d10c9914a25c1524f45,0,0,1,1,linux,BIC
af308b94a2a4a5a27bec9028354c4df444a7c8ba,526,0,1,3,linux,BIC
904dcf03f086a2e3b9d1e02cb57c43ea2e588c8c,464,0,0,2,linux,BIC
f6d7c1b5598b6407c3f1da795dd54acf99c1990c,3,0,0,1,linux,BFC
b30eda8d416c8b880b8bd0d422a798c526c549a6,11,0,3,1,linux,BIC
e50e4f0b85be308a01b830c5fbdffc657e1a6dd0,11,9,2,1,linux,BFC
3fc9f5e409319e994d113cf1327ba6ab147423c2,57,62,13,3,linux,BIC
ec484d03ef0df8d34086b95710e355a259cbe1f2,0,4,0,1,linux,BFC
f97982398cc1c92f2e9bd0ef1ef870a5a729b0ac,3,0,1,1,linux,BFC
7b6f9462a3234c35cf808453d39a074a04e71de1,21,0,19,1,linux,BFC
217494e5b780ad85485c1bb6382ce50b5fa2dc26,569,0,0,5,linux,BIC
d72d827f2f2636d8d72f0f3ebe5b661c9a24d343,113,21,7,4,linux,BIC
c04de7b1ad645b61c141df8ca903ba0cc03a57f7,0,1,0,1,linux,BFC
8fdb61f1933a85cd5376ef5daf92f94577186bd9,81,0,3,1,linux,BIC
1ac6870991939c9351d4c5c49c38b52c97ee7e19,24,8,0,1,linux,BFC
8073aefa60823acf205a1e6a5ea118297179d766,0,21,0,2,linux,BIC
68b14d7ea956770818cf21f4e6ed9ca535b4056c,393,0,0,1,linux,BIC
9055a2f591629b952910503e72ddae1371c44bf1,56,2,29,4,linux,BIC
5dc874252faa818426480a7c00fa05738fe05402,1,0,3,1,linux,BFC
17748056ce123ee37fb7382bc698fc721e3c4a09,7,0,0,1,linux,BFC
7a0c18fb5c71c6ac7d4662a145e4227dcd4a36a3,0,0,1,1,linux,BFC
e34645f45805d8308866de7b69f117f554605bb6,116,0,10,5,linux,BIC
44734a594196bf1d474212f38fe3a0d37a73278b,0,0,1,1,linux,BFC
0e7572cffe442290c347e779bf8bd4306bb0aa7c,0,8,2,1,linux,BFC
11a99573079e15f11499ae8d21b07e3e3257fff1,4,0,2,1,linux,BFC
ba3a6120a4e7efc13d19fe43eb6c5caf1da05b72,55,1,30,2,linux,BFC
33cbd54dc515cc04b5a603603414222b4bb1448d,1,0,0,1,linux,BFC
0887aa8744aea22c10cd4c36746596d67fa8da98,5,14,12,1,linux,BFC
3360755ef89ab2a46c58b07c38c6b97bcdc31d85,35,49,1,3,linux,BIC
aaa5f515b16b6b3e137779ffb4c9558bb58c1e75,19,0,6,2,linux,BIC
4f1aef9b806f58ef76fdac0b4d9cfab6e66aeef1,442,0,0,1,linux,BIC
e9c9882556fc92f053f81195f75845ec362a9050,3,0,1,1,linux,BIC
5cf9dd55a0ec26428f2824aadd16bfa305a5b603,498,9,54,8,linux,BIC
280cfc4b74e6d584cd368498742ad0e3c04c3ac9,1646,0,0,2,linux,BIC
86585c61972f0997ed5fef54a2eb5de0b268ad86,3,11,17,1,linux,BIC
5cfe79c8d92ae1c4fcac35723fba43ff0b2e4e48,70,0,9,6,linux,BIC
13afcdd7277eff9ab5c92dc0d8d21335d132ab2f,178,0,1,1,linux,BIC
b42000e4b8741bf6591fcbbbefff6aa745f8eb29,4,0,0,1,linux,BIC
fde35c9c7db5732cc1fbd89fa5eba5a9e0b25f6e,279,0,12,4,linux,BIC
c89b41343862cabcbe3cc85c6c7b675cdd939a29,0,0,4,2,linux,BFC
8c9b3caab3ac26db1da00b8117901640c55a69dd,0,0,1,1,linux,BFC
4088024344672daccfd7fc97ff6e6cc241d4a39e,0,3,0,1,linux,BFC
47ce45906ca9870cf5267261f155fb7c70307cf0,2,0,3,1,linux,BFC
9305706c2e808ae59f1eb201867f82f1ddf6d7a6,9,0,6,1,linux,BFC
4ec0ef3a82125efc36173062a50624550a900ae0,6,0,0,1,linux,BIC
69ea651c40f7f08962d440a0486fd0212be74b73,0,0,1,1,linux,BFC
64d4fc9926f09861a35d8f0f7d81f056e6d5af7b,0,0,1,1,linux,BFC
b72436c4306dfea73c39b1d5f63830d9d03b746f,0,3,0,1,linux,BFC
319109a2d0dde8672323efcf909740c2c6e98be4,5,0,1,1,linux,BFC
5cc59f597c0666c6a7e1c67aac9063895949fd56,0,0,1,1,linux,BFC
1926a6b75954fc1a8b44d10bd0c67db957b78cf7,4,0,4,1,linux,BFC
cb8434f16479b6c00540e23d02d6e078ebe69a52,1,0,2,1,linux,BFC
edb1ed1ab7d314e114de84003f763da34c0f34c0,81,0,0,2,linux,BIC
0aa32f8e572e3efa61107e099fd93c9c5191682b,2,0,2,1,linux,BFC
1a3089565e45af66b995d5fcfb4cca87aff68c7a,2,33,4,1,linux,BFC
1c7e224dffd69491a9dcb59b36731061fec1482e,80,0,0,3,linux,BIC
f8483988cadd7dd22de928db29ed3bcbe02faf78,1,0,0,1,linux,BFC
8a2b7d142e7ac477d52f5f92251e59fc136d7ddd,0,7,2,4,linux,BFC
064a91771f7aae4ea2d13033b64e921951d216ce,0,0,5,1,linux,BFC
6982947045734480b8b57521e8068073fe36bd14,48,47,10,4,linux,BIC
61c806dafe81c58f41fec10fb5cad0d3a4390e3e,0,1,5,2,linux,BFC
5cbedf52608cc3cbc1c2a9a861fb671620427a20,1,0,1,1,linux,BFC
7383d44b84c94aaca4bf695a6bd8a69f2295ef1a,4,3,4,2,linux,BIC
972939e28592ec61e2e8334786152be2c80de677,1,0,2,1,linux,BFC
a49b1dc7ae447d7085360cd587fc1c8b9ec6c871,0,6,10,6,linux,BIC
b922622ec6efad1f28ad13053fd17e744614f77b,0,0,1,1,linux,BIC
069e0c3c405814778c7475d95b9fff5318f39834,15,0,0,3,linux,BIC
bcda771b2f7e4f2a7577eef62ddeb61394e03b69,6,2,6,1,linux,BFC
409017847d2014db8ab1da49dd48182af88344b7,0,0,2,1,linux,BFC
7f54bf2640e877c8a9b4cc7e2b29f82e3ca1a284,0,0,1,1,linux,BFC
2c589d933e54d183ee2a052971b730e423c62031,13,0,0,1,linux,BFC
39b3cffb8cf3111738ea993e2757ab382253d86a,21,0,2,1,linux,BIC
14faa8cce88e18ed4daf5c3643f0faa4198863f9,165,0,0,2,linux,BIC
a3e16937319aea285c64ab5bf8464470afac8dd3,1,0,0,1,linux,BFC
d548b34b062b60b4f4df295a0b4823dfda1f1fc4,0,0,1,1,linux,BIC
53421c2fe99ce16838639ad89d772d914a119a49,35,6,3,3,linux,BIC
1915a718b1872edffcb13e5436a9f7302d3d36f0,2,0,1,1,linux,BFC
875f1d0769cdcfe1596ff0ca609b453359e42ec9,17,0,5,2,linux,BIC
5b236d0fde21d88351420ef0b9a6cb7aeeea0c54,0,6,1,1,linux,BFC
0c2204a4ad710d95d348ea006f14ba926e842ffd,759,32,6,3,linux,BIC
6ff8ec98e12f984b9d62e43f83b0a3c44e2bdc12,0,1,0,1,linux,BFC
8801b3fcb5744dc536272ba4ccfd6faca9b46705,27,55,78,1,linux,BIC
9a0e9802217291e54c4dd1fc5462f189a4be14ec,0,0,1,1,linux,BFC
69840466086d2248898020a08dda52732686c4e6,33,7,3,1,linux,BIC
fbcd253d2448b8f168241e38f629a36c4c8c1e94,3,0,0,1,linux,BIC
7997eff82828304b780dc0a39707e1946d6f1ebf,0,34,1,5,linux,BIC
44d354abf33e92a5e73b965c84caf5a5d5e58a0b,23,0,3,2,linux,BIC
5438ad95a57cbfd95708a5047a27ff3cce345b79,0,0,2,1,linux,BIC
86399ea071099ec8ee0a83ac9ad67f7df96a50ad,1,6,4,1,linux,BFC
cece762f6f3cb1c1687f467e98faef21b0096600,0,4,1,1,linux,BFC
978777d0fb06663523281aa50a5040c3aa31fbe7,164,0,0,3,linux,BIC
978d3639fd13d987950e4ce85c8737ae92154b2c,0,0,2,1,linux,BFC
79caa5fad47c69874f9efc4ac3128cc3f6d36f6e,20,0,2,8,linux,BIC
5ba7dcfe77037b67016263ea597a8b431692ecab,0,0,2,1,linux,BFC
ba062ebb2cd561d404e0fba8ee4b3f5ebce7cbfc,3,0,0,1,linux,BFC
6f566af3462897fc743e3af6ea8cc790a13148ba,0,79,42,1,linux,BFC
39457acda9139bb078d1b8f974651a194a397060,12,14,7,1,linux,BIC
50de2e9ebbc08e1ca27f9b3f0471d92abaaf834a,45,3,7,2,linux,BIC
8633ef82f101c040427b57d4df7b706261420b94,103,104,33,8,linux,BIC
245a396a9b1a67ac5c3228737c261b3e48708a2a,2,0,2,1,linux,BFC
f70b281b59a871545362a494d99a644153fbbaac,0,2,0,1,linux,BFC
4e51bf44a03af6fa19a39a36ea8fedfacb8ccadf,127,108,55,17,linux,BIC
4f14f5c11db161ab89b02f7196496ca32ca5dbf8,0,0,6,1,linux,BIC
8f0b36497303487d5a32c75789c77859cc2ee895,12,0,1,2,linux,BIC
8f18c8a48b736c2f731e3e2255189c98e79bc22a,72,64,102,14,linux,BIC
9d0d887ac7e5a32834cda4f305e1875fccaf67ff,1,0,0,1,linux,BFC
321421b57a12e933f92b228e0e6d0b2c6541f41d,0,0,1,1,linux,BFC
b23c843992b659d537514e6493d673284f5d6724,11,0,1,3,linux,BIC
61e0962d52216f2e5bab59bb055f1210e41f484f,3,0,4,1,linux,BIC
7f87fc2d34d475225e78b7f5c4eabb121f4282b2,163,8,22,3,linux,BIC
721fb891ad0b3956d5c168b2931e3e5e4fb7ca40,0,0,1,1,linux,BIC
3f7e62bba0003f9c68f599f5997c4647ef5b4f4e,14,10,1,1,linux,BFC
6d382616ac2283ed65c7a6a52d05b064488aa8f8,180,10,38,4,linux,BIC
6f1c1e71d933f58a6248f1681aededdd407f32a8,105,339,16,5,linux,BIC
dbec37048d27cee36e103e113b5f9b1852bfe997,3,0,1,1,linux,BFC
271a8b428f8361f3ad4c599835ccd34dd458b212,14,0,0,2,linux,BFC
b01df1c16c9a6f7a14f843d3ac6b9eef5a7bb17e,125,0,0,1,linux,BIC
baebdf48c360080710f80699eea3affbb13d6c65,10,23,50,16,linux,BIC
a6a6fe27bab48f0d09a64b051e7bde432fcae081,73,0,1,4,linux,BIC
719fdd32921fb7e3208db8832d32ae1c2d68900f,9,0,1,2,linux,BFC
3176ff49bc3e56871ec9f338cac759dacd0135e1,100,67,10,9,linux,BIC
fa5b4a509d7bbba5d45c8ea177bddfd0b618876a,13,2,0,1,linux,BFC
6c34df6f350df9579ce99d887a2b5fa14cc13b32,12,32,3,2,linux,BFC
58f2cc57dc6ac89946757b812fc5b93157978c37,105,0,5,1,linux,BIC
7b92b4f61ec49cb1a5813298f35258bd7ecd3667,18,36,17,3,linux,BIC
7db0e0c8190a086ef92ce5bb960836cde49540aa,0,0,1,1,linux,BFC
2d4f27999b8877409f326682fd8cc40c52f47cea,16,22,71,21,linux,BIC
b581f748cce00f4cbd6c76c4f301840403dece7b,0,0,0,1,linux,BIC
faf890985e30d5e88cc3a7c50c1bcad32f89ab7c,9,0,0,1,linux,BFC
930ab3d403ae43f19d7e6d972139e02c9b8a5ec6,171,0,11,1,linux,BIC
bf7f5204abdba94032ff7cae1c9c8c9e7671d246,0,0,1,1,linux,BFC
fe23cb65c2c394ea306f3714a17d46ab2e6a0af1,0,0,1,1,linux,BFC
3df2f59f0aae2f5380a9d8037c91dcab75c4478d,41,0,0,1,linux,BIC
745282256c754ac5ed3dbe2fbef6471dc1373417,26,0,5,1,linux,BIC
a1399f8bb0331a1f50c76c4cac738fe57679b9bb,48,61,56,6,linux,BIC
2f974865ffdfe7b9f46a9940836c8b167342563d,0,0,1,1,linux,BIC
a0a6314ae774f8a5e52a599946aa2ad0db867b83,7,0,0,1,linux,BFC
4a4a5e5d2aadc793be95024f454cf511d115b62d,0,38,0,2,linux,BIC
a4e508cab623951dc4754f346e5673714f3bbade,0,3,0,1,linux,BFC
f22cc87f6c1f771b57c407555cfefd811cdd9507,0,0,1,1,linux,BIC
9d3b2d3e4942cb82630f0d638de4b2253c0af56d,0,0,2,1,linux,BFC
2d53139f31626bad6f8983d8e519ddde2cbba921,1960,0,0,2,linux,BIC
fc0471e3e884a13d293afae53917ef8ff33b8ae5,0,0,1,1,linux,BIC
2f7ca802bdae2ca41022618391c70c2876d92190,1478,0,0,2,linux,BIC
d12040b6933f684a26773afad46dbba9778608d7,48,3,2,5,linux,BFC
8fc5b4d4121c95482b2583a07863c6b0aba2d9e1,85,0,0,2,linux,BIC
0b00a5615dc40c3231e4386f08db1d171872c40a,305,0,0,2,linux,BIC
7441b273388b9a59d8387a03ffbbca9d5af6348c,3,1,0,1,linux,BFC
fa94d0c6e0f3431523f5701084d799c77c7d4a4f,3,0,1,2,linux,BIC
b582ef0990d457f7ce8ccf827af51a575ca0b4a6,155,0,1,4,linux,BIC
041bd12e272c53a35c54c13875839bcb98c999ce,0,0,4,1,linux,BFC
2454a7af0f2a42918aa972147a0bec38e6656cd8,542,0,0,3,linux,BIC
ec76aa49855f6d6fea5e01de179fb57dd47c619d,22,0,1,2,linux,BIC
b2648015d4521de21ed3c9f48f718e023860b8c1,2,3,13,5,linux,BIC
c6bc9e5ce5d37cb3e6b552f41b92a193db1806ab,1,0,0,1,linux,BFC
8781bcbc5e69d7da69e84c7044ca0284848d5d01,8,5,10,1,linux,BFC
b4a1ed0cd18b771e4279b4eb9cf39b565560eea6,0,2,5,3,linux,BIC
ffc9c3ebb4af870a121da99826e9ccb63dc8b3d7,0,0,2,1,linux,BFC
2d433610176d6569e8b3a28f67bc72235bf69efc,1,0,1,1,linux,BFC
5aa3771ded54894ce34f4ec6bc2bb403e6771eb2,2,5,4,3,linux,BIC
f872f73601b92c86f3da8bdf3e19abd0f1780eb9,0,0,1,1,linux,BFC
89b15d00527b7825ff19130ed83478e80e3fae99,2,0,1,1,linux,BFC
74f51b80a0c4ff84fbeb7f12ea43ce66934d29aa,31,53,16,10,linux,BIC
5ba4a25ab7b13be528b23f85182f4d09cf7f71ad,2,0,0,1,linux,BFC
3aed3ddf9639a4f915984177ff8a2253f3f8acfe,0,0,1,1,linux,BFC
9df1e3ff60241ce3fb26db75933970dd1b871213,10,5,1,1,linux,BFC
ff978b09f973db0d0597704eba350a994d7729e6,13,0,2,2,linux,BIC
af8d3c7c001ae7df1ed2b2715f058113efc86187,0,17,6,2,linux,BFC
991fcb77f490390bcad89fa67d95763c58cdc04c,2,0,0,1,linux,BFC
214bba50616f65264dfc30d095daef3ab7500f52,0,7,5,1,linux,BFC
020eb3daaba2857b32c4cf4c82f503d6a00a67de,2,0,0,1,linux,BFC
32302085a8d90859c40cf1a5e8313f575d06ec75,0,1,1,1,linux,BFC
e64855c6cfaa0a80c1b71c5f647cb792dc436668,4,7,12,10,linux,BIC
154b3b2a6ffca445379063ef49f71895104d5a5e,0,0,1,1,linux,BFC
750e76b4f9f63c95bf4c283ccf8e2af0e258d3bb,282,116,44,20,linux,BIC
1a085e23411de188ad0615f40a9399d80d1f7368,19,0,0,1,linux,BIC
db6dd1bee63d1d88fbddfe07af800af5948ac28e,0,24,1,1,linux,BFC
0f2f02d1b57220951b9ae69abbcaa403163ee41b,1,0,1,1,linux,BFC
039bc58e73b77723029fb5147a9d62da9d2ec22d,134,0,0,1,linux,BIC
2abee12c0ab1924a69993d2c063a39a952e7d836,1,1,0,1,linux,BFC
bc2791f857e1984b7548d2a2de2ffb1a913dee62,31,1,9,5,linux,BIC
8c174d1511d235ed6c049dcb2b704777ad0df7a5,50,0,3,3,linux,BFC
acf47d4f9c39b1cba467aa9442fc2efe0b1da741,9,0,1,1,linux,BFC
3a939a671225909c19b09bfcb6e4761109e913d9,11,0,0,3,linux,BIC
dcd1d8302a06b0a0e5d6f9b6851fa4a5579e79b0,0,0,1,1,linux,BFC
288928658583a27256c6c295aeccd95a3ddcefce,8,0,0,1,linux,BFC
aeb445bf2194d83e12e85bf5c65baaf1f093bd8f,1,4,2,1,linux,BFC
af7b29b1deaac6da3bb7637f0e263dfab7bfc7a3,0,2,3,1,linux,BFC
e0ae713023a9d09d6e1b454bdc8e8c1dd32c586e,1,0,1,1,linux,BFC
7219a4b645208734d45b1d30a4c35b6f09a0e9e6,0,0,5,1,linux,BFC
80e73c8ad6e923a9839ba45f820b1346aafc793a,2,0,4,1,linux,BFC
763f191af51f127cf8e69cd361f50bf6180768a5,5,7,5,1,linux,BFC
46583e8c48c5a094ba28060615b3a7c8c576690f,0,1,4,1,linux,BFC
f5ca8eb6f9bd5ea76e11bbcee09528e2d71fa920,38,88,6,5,linux,BIC
832ba596494b2c9eac7760259eff2d8b7dcad0ee,10,0,3,1,linux,BFC
a5e485a95c9c4cdd93b4c6dc53eee3bd1e50de11,34,0,1,1,linux,BFC
9257bd80b917cc7908abd27ed5a5211964563f62,0,0,10,1,linux,BFC
14e3cdbb00a885eedc95c0cf8eda8fe28d26d6b4,3,9,0,2,linux,BFC
50a175dd18de7a647e72aca7daf4744e3a5a81e3,5,0,0,1,linux,BFC
8652f17c658d03f5c87b8dee6e8e52480c6cd37d,0,0,1,1,linux,BFC
9be5f3e92ed5a4176bb4d99b498dc87aaafa622b,0,0,1,1,linux,BIC
05826ff135ee083d28c006fbde6e810f17437166,26,0,2,1,linux,BFC
9ddc959e802bf7555a0be543205ddcba2bae98bf,93,0,1,4,linux,BIC
039403765e5da3c6a4c2cc048c201bfad932033a,38,3,30,1,linux,BIC
2411a336c8ce894e5db26ebe66a6118726b13327,0,18,13,1,linux,BIC
6ba46c7d4d7e2b4f38c9d9891dee4ba1f5338f31,22,2,32,2,linux,BIC
acceb72e90624ec6c3f2fc62e72dab892cd075da,12,0,4,1,linux,BFC
2a166929bc0a3ae754365dabc455039fd1be82ca,0,2,4,1,linux,BFC
5d22fc25d4fc8096d2d7df27ea1893d4e055e764,0,6,30,6,linux,BIC
08f56f8f3799b2ed1c5ac7eed6d86a4926289655,25,0,18,2,linux,BFC
fbb7dc5db6dee553b5a07c27e86364a5223e244c,0,1,1,2,linux,BFC
0be67e0556e469c57100ffe3c90df90abc796f3b,8,0,4,1,linux,BFC
0e7df22401a3dfd403b26dea62dd00e0598b538b,44,0,4,4,linux,BIC
4d75136be8bf3ae01b0bc3e725b2cdc921e103bd,0,0,1,1,linux,BFC
e837dfde15a49c97dcbb059757d96c71e9e7bd54,35,29,16,2,linux,BIC
090e5fe3f0115ff0bcb299bb90cfd8cb82f5cbf8,3,0,1,1,linux,BFC
2c98b8a3458df03abdc6945bbef67ef91d181938,3,0,1,1,linux,BFC
70ca117b02f3b1c8830fe95e4e3dea2937038e11,1,0,0,1,linux,BFC
80140a81f7f833998d732102eea0fea230b88067,0,1,1,1,linux,BFC
b4bc88a868edb878827499f0fb049b9f83fc2710,12,0,0,1,linux,BIC
6daeb8737f8a93c6d3a3ae57e23dd3dbe8b239da,91,0,0,1,linux,BIC
669e846e6c4e13f16d7418973609931e362cb16a,1004,0,0,2,linux,BIC
13462ba1815db5a96891293a9cfaa2451f7bd623,4,0,0,1,linux,BFC
b8437a3ef8c485903d05d1f261328aaf0c0a6cc2,0,0,1,1,linux,BFC
4e239fac7c6b9d703e83c81b52ec9fec00c50129,3,0,1,1,linux,BFC
50ac15a511e3a03d5ade7fad976973560c3d453e,53,5,11,4,linux,BIC
542d3065f2b1a60a0cfc259c9a36faa470761d78,11,10,1,1,linux,BFC
e2f7fc0ac6957cabff4cecf6c721979b571af208,0,0,1,1,linux,BFC
c24930457d4b06903aa5dada50e04a83513e3b6b,0,1,2,1,linux,BFC
2df201e0067d84db5955d07cc0d7ccc3b7295aef,5,0,0,1,linux,BFC
7452a3c745a2e7eb70d09dc5bb870759b1f26c91,57,18,6,4,linux,BIC
5e24e1eca1f2a3aed924e44606134a9381c3ccb9,41,0,0,1,linux,BFC
6419fdbb6f90e147690f8833cba59d289d613da5,11,0,1,1,linux,BFC
d1051d6ebf8ef3517a5a3cf82bba8436d190f1c2,11,0,9,1,linux,BFC
7e9e5ead55beacc11116b3fb90b0de6e7cf55a69,67,31,16,1,linux,BIC
3d6d30d60abb19ba9a20e53ce65b18a9c148fcd1,1,0,0,1,linux,BFC
ce6f0697ebadb90cc37a6ef081384c115bdda196,1,0,2,1,linux,BFC
ab3dd9cc24d4d49739cec0c7763e473ddd22f9c1,12,9,105,1,linux,BIC
80192eff64eee9b3bc0594a47381937b94b9d65a,1,0,0,1,linux,BFC
df7e40425813c50cd252e6f5e348a81ef1acae56,0,0,1,1,linux,BFC
d1bf5dd8f6d510999b8a12687ee2662e26ab720c,41,3,19,7,linux,BIC
94967b55ebf3b603f2fe750ecedd896042585a1c,0,0,1,1,linux,BFC
958ea4e0d64e39d039245e6450f625108833e522,0,0,1,1,linux,BFC
4e9b4a6883dd97aff53ae3b08eb900716a5469dc,94,0,32,1,linux,BIC
bad77c375e8de6c776c848e443f7dc2d0d909be5,17,0,4,1,linux,BIC
8eb8e322ec07392e8c8008437216c38c310ff6c7,0,2,0,1,linux,BFC
8080b462b6aa856ae05ea010441a702599e579f2,3,0,0,1,linux,BFC
17bc4815de586d001c82d0ddf75247283c3f002a,0,83,2,32,linux,BIC
a40a00318c7fcdd23e73cfffac0e33430a43a3e3,20,1,7,1,linux,BIC
1dceb0415aa0c6bc11dacdab47c9ef83a3604166,48,1,8,3,linux,BFC
56cc3af4e8c8eaba91b51efa6081a868adbd97c3,300,0,0,1,linux,BIC
4ec6e863625625a54f527464ab91ce1a1cb16c42,10,0,6,2,linux,BIC
b79109c3bbcf52cac5103979b283b9e5df4e796c,103,9,13,3,linux,BIC
672ff6cff80ca43bf3258410d2b887036969df5f,4,0,0,1,linux,BIC
421c9a0e97314fc9fc9f94aa47af9ecbd6cb65b6,156,0,0,1,linux,BIC
6520ca64cde71b75dae54f3fcb33517a93d82486,58,0,0,2,linux,BIC
d7db7a882debaffc78f91aabedee973aa1f73390,132,0,13,1,linux,BIC
f7af86ccf1882084293b11077deec049fd01da63,2,0,2,1,linux,BFC
e41fc8c5bd41b96bfae5ce4c66bee6edabc932e8,7,0,1,1,linux,BFC
d645552e9bd96671079b27015294ec7f9748fa2b,0,0,1,1,linux,BFC
757d9140072054528b13bbe291583d9823cde195,4,0,0,1,linux,BFC
9c6c35683286ddf47baf8c6d1931f3af63379490,31,13,2,1,linux,BIC
63d443efe8be2c1d02b30d7e4edeb9aa085352b3,2,0,1,1,linux,BFC
bc70682a497c4f3c968c552e465d1d9948b1ff4c,0,4,1,2,linux,BIC
16295bec6398a3eedc9377e1af6ff4c71b98c300,778,0,0,2,linux,BIC
bcb7825a77f41c7dd91da6f7ac10b928156a322e,4,0,2,1,linux,BFC
ea90330fa329e4bee009223a1d5a7d9bcc364df2,1,0,1,1,linux,BIC
d2b10794fc1312f856d67d0a6454aaa3ae96c595,37,37,15,4,linux,BIC
3ff1f6b6ba6f97f50862aa50e79959cc8ddc2566,1,0,0,1,linux,BFC
c2fd4c94deedb89ac1746c4a53219be499372c06,1,1,2,1,linux,BFC
6b9ad1c742bf227b1005a41d8baa315b747e3e8d,110,0,1,3,linux,BIC
871dfbd67d4ecbcc83fc9e80a310ca9bf3c44c40,14,8,4,1,linux,BIC
6ef930f20c30f8a7dcffa50fa9f33a9211727a6e,0,0,1,1,linux,BFC
615c48ad8f4275b4d39fa57df68d4015078be201,0,1,1,1,linux,BFC
7786ab6aff9cea97eb0a8d67705c68e97a664bf3,622,3,43,6,linux,BIC
e9f84ec63c6f0f2fecd3c5bdec0178bb927c0c77,0,0,1,1,linux,BFC
d4d0ad57b3865795c4cde2fb5094c594c2e8f469,8,0,3,1,linux,BFC
4eefd62c17a9a5e7576207e84f3d2b4f73aba750,0,0,1,1,linux,BFC
7fe3976e0f3ab26f8ffd9430d3d2a19a70f2c8d2,74,147,67,1,linux,BIC
4b402fa8e0b7817f3e3738d7828038f114e6899e,4,0,0,1,linux,BIC
4b34968e77ad09628cfb3c4a7daf2adc2cefc6e8,5,0,8,1,linux,BFC
b97a31348379f7beed7664a8d4eab491e227c165,35,0,0,3,linux,BIC
ca465e1f1f9b38fe916a36f7d80c5d25f2337c81,7,0,3,1,linux,BFC
8550ff8d8c75416e984d9c4b082845e57e560984,14,0,0,2,linux,BIC
bc67d371256f5c47d824e2eec51e46c8d62d022e,4,0,1,1,linux,BFC
9c0015ef092879f61129cdffbbe22fd30201d39b,28,0,0,3,linux,BIC
b1b95cb5c0a9694d47d5f845ba97e226cfda957d,8,0,0,2,linux,BFC
2a76f89fa58c769241cfc21f2614705591519ae3,0,0,2,1,linux,BFC
8dd014adfea6f173c1ef6378f7e5e7924866c923,297,0,18,3,linux,BIC
fb7e76ea3f3b6238dda2f19a4212052d2caf00aa,8,0,0,2,linux,BFC
6bc45428635d693ebe3341a331dd8475748f4796,0,0,1,1,linux,BFC
7b01b7239d0dc9832e0d0d23605c1ff047422a2c,0,0,1,1,linux,BFC
b1078c355d76769b5ddefc67d143fbd9b6e52c05,62,0,0,2,linux,BIC
35fa70dfd6e6f270d7aabb3470855208b11ac9fb,0,0,2,1,linux,BFC
8f78515425daead9d69e061cc4d8da8299ed0e88,36,78,92,1,linux,BIC
22a8a4fc93b14b5a8cfc785edbdc6f7bd98bffb6,0,0,1,1,linux,BFC
dd74282df573192e201ee716c8b621eb322c4fab,153,0,0,2,linux,BIC
aab2ee03912be6e12bb5f4810be0b80a82168d3e,3,0,0,1,linux,BFC
59f44069e0527523f27948da7b77599a73dab157,1,12,1,1,linux,BFC
e67665946599abe0ae8d454ceb6bad4b1d1d6189,2,0,3,1,linux,BFC
fe77d8257c4d838c5976557ddb87bd789f312412,2,0,0,1,linux,BFC
9df0eb180c2074451f25556eb566d89c7057c2ac,6,0,4,2,linux,BFC
01f3d5db4a9add67f53630a7f71664538b3b9783,0,1,0,1,linux,BFC
cb93b3e11d405f20a405a07482d01147ef4934a3,5,0,0,1,linux,BFC
5327d6ba975042fd3da50ac6e94d1e9551ebeaec,0,0,1,1,linux,BFC
f9710c357e5bbf64d7ce45ba0bc75a52222491c1,5,0,7,1,linux,BFC
a1235a01e0b208d424c5e72ff2e794dd356f74e4,0,0,1,1,linux,BFC
6160aca443148416994c022a35c77daeba948ea6,0,0,2,1,linux,BFC
d0b912bd4c23fd8589584b1b0d582acb1230c795,0,20,9,1,linux,BIC
2aacace6dbbb6b6ce4e177e6c7ea901f389c0472,2,0,1,1,linux,BFC
27c14b5daa82861220d6fa6e27b51f05f21ffaa7,21,0,3,1,linux,BIC
c2b37f76485f073f020e60b5954b6dc4e55f693c,3,0,8,2,linux,BIC
f0acf637d60ffcef3ccb6e279f743e587b3c7359,3,0,0,1,linux,BFC
57adf5d4cfd3198aa480e7c94a101fc8c4e6109d,2,0,0,1,linux,BFC
6059f71f1e94486a51cef90e872add11fa7b5775,6,0,2,3,linux,BIC
2f7bf4af5c8177f6a27d9b67efdeb48f5bdbf821,0,0,1,1,linux,BFC
19a00869028f4a28a36f90649166631dff6e3ccd,35,0,5,5,linux,BIC
e83b366487b5582274374f8226e489cb214ae5a6,0,0,2,2,linux,BFC
fcd00b68bbe2bf5606cb45c2cd4a250a390bcc1f,62,146,26,4,linux,BIC
fb586f25300f4587c7ebd097a604bf269b25bfa7,8,0,3,3,linux,BIC
e89257e28e844f5d1d39081bb901d9f1183a7705,1,0,0,1,linux,BFC
948dcf96622814d2a850a12851d27824530a9747,29,0,6,2,linux,BIC
503ab8c56ca0ffc64a60f192751f4ce33bbeb9e8,126,0,0,3,linux,BIC
0fc6c4e7bb287148eb5e949efd89327929d4841d,24,4,12,3,linux,BIC
9e884bb19ca84bbba179b8ccccb2694badd4150f,6,1,14,1,linux,BFC
da11f98fd018319f65af9c10174ccc829207d937,1,0,0,1,linux,BFC
b6b1c3ce06ca438eb24e0f45bf0e63ecad0369f5,9,0,0,1,linux,BIC
24754d751cb86f6069315d8d613e23afcab06c91,0,2,4,1,linux,BFC
46612b751c4941c5c0472ddf04027e877ae5990f,0,2,6,1,linux,BFC
9729f10a608f235779f060636f32c87766ec615d,9,9,4,1,linux,BIC
4a98544d182761873381d46bb1a498703ca85bf0,133,80,17,6,linux,BIC
d0c0bce831223b08e5bade2cefc93c3ddb790796,271,1,0,4,linux,BIC
7e51891a237f9ea319f53f9beb83afb0077d88e6,170,0,3,3,linux,BIC
75e8564e919f369cafb3d2b8fd11ec5af7b37416,12,0,5,1,linux,BFC
9ce12ec8ab4846947f3ca822fe9a2eedb2a362a9,0,1,0,1,linux,BFC
6ba34d3c73674e46d9e126e4f0cee79e5ef2481c,21,9,14,1,linux,BFC
655e7aee1f0398602627a485f7dca6c29cc96cae,0,10,0,1,linux,BFC
5b94046efb4706b3429c9c8e7377bd8d1621d588,47,0,1,1,linux,BFC
5de490daec8b6354b90d5c9d3e2415b195f5adb6,135,0,2,2,linux,BIC
3898da947bbaf9e7fd5816e825978d360028bba2,2,3,6,2,linux,BIC
91bb8f45f73f19a0150c233c0f11cdeb6d71d1e9,0,0,1,1,linux,BFC
4464e36e06470e3d68dc26a874f0dbdffa09a6e8,12,10,20,1,linux,BFC
cd0e00c106722eca40b38ebf11cf134c01901086,0,0,7,1,linux,BIC
4b8ab8a7761fe2ba1c4e741703a848cb8f390f79,0,1,10,1,linux,BFC
19d55046cd824baab53534ba7e7f99945c6fdcb1,0,1,0,1,linux,BFC
d6a85c322348aac02eeb11681c1f623145e66697,0,0,2,1,linux,BFC
005d675aa1909ad70456dec8c5b0ba9b60b52d24,7,0,5,2,linux,BFC
61c6f04a988e420a1fc5e8e81cf9aebf142a7bd6,1,0,0,1,linux,BFC
5fff80bbdb6b84a94f90391ba674471d37b57eb2,31,38,17,4,linux,BFC
709a16be0593c08190982cfbdca6df95e6d5823b,0,0,2,1,linux,BFC
13ad59df67f19788f6c22985b1a33e466eceb643,3,3,3,2,linux,BIC
023e1a8dd502405ba378a7fbb1ce62beb0616708,0,1,5,1,linux,BFC
4731210c09f5977300f439b6c56ba220c65b2348,46,6,1,3,linux,BIC
b43c75abfd084b9e961a47c6331e01f2f91176b6,1,0,1,1,linux,BFC
0540d8148d419bf769e5aa99c77027febd8922f0,4,0,5,1,linux,BFC
9ed0985332a6576efbc3e435459a857e50e0d72c,20,0,1,1,linux,BFC
fa441b71aa27d06fa79d5e7f7c329981dccd94d1,3,0,4,1,linux,BFC
06aa151ad1fc74a49b45336672515774a678d78d,1,0,1,1,linux,BIC
ade77a2da81efb5eaff1f7cc1b1bc14cd9380faa,0,0,1,1,linux,BFC
490a421bc575d1bf391a6ad5b582dcfbd0037724,82,0,0,1,linux,BIC
c064ddf318aa51647a30108f7cd151c208c62eef,16,0,4,5,linux,BIC
8c4d5a4387161c58a0f3d4c6c849b59bbb6c098a,0,0,1,1,linux,BFC
70cbc3cc78a997d8247b50389d37c4e1736019da,24,0,10,2,linux,BFC
09aaf6813cfca4c18034fda7a43e68763f34abb1,0,0,1,1,linux,BFC
916cccb5078eee57fce131c5fe18e417545083e2,0,27,11,1,linux,BFC
8c242db9b8c01b252290e23827163787f07e01d1,34,0,1,4,linux,BIC
cee72d5bb48952f2e50acd2610d52ea82f7092c9,129,8,11,4,linux,BIC
b0efe0281234e60c7c4f5fa812712fca50bec1b7,3,0,4,1,linux,BFC
857c9d31f59f0c0e6117518452ca54883e47d859,0,0,1,1,linux,BFC
c856b4b0fdb5044bca4c0acf9a66f3b5cc01a37a,0,1,2,1,linux,BIC
d2b2a132458ebbab02e51dc81190e4092da6b6c3,0,0,1,1,linux,BFC
2a8408e5372503fe4df9b5bbb49fb3af0c212c67,3,0,0,1,linux,BFC
fa97dc2d48b476ea98199d808d3248d285987e99,0,0,1,1,linux,BFC
027d50ccd6a01c6ca8969b49e69f26d64a8f94b2,27,15,2,1,linux,BFC
36bcce430657e6fece0e8dd91557f35dbb69ec67,63,0,6,2,linux,BIC
6177b56c96ff3b5e23d47f6b6c8630f31145da93,0,17,14,1,linux,BIC
91710728d1725de51d06b40674abf6e860d592c7,144,0,0,2,linux,BIC
97f612509294aadabb8b431782794544df10cd13,252,2,48,3,linux,BIC
4bfa07300b9334b487ed4f3d4901c35ebb31b7ca,2,0,0,1,linux,BFC
8e25a0e266b05f414a63bf04b30d9a7e085e94fc,0,0,1,1,linux,BFC
756a024f3983093d26a8756fe4677e34b38bd519,29,0,25,1,linux,BIC
e0437512081282559f5c50591f487149c31f867c,0,0,1,1,linux,BFC
3e322474485931e7ea6e4c5560089991a7f03cbc,3,0,2,1,linux,BFC
b72f02d78e4f257761ed003444ae52083f962076,117,0,2,3,linux,BIC
5b46903d8bf372e563bf2150d46b87fff197a109,574,0,0,1,linux,BIC
e1d7ba8735551ed79c7a0463a042353574b96da3,7,0,3,1,linux,BIC
38c2fa7ae2f25a561a33ac1d0680a92e293c65a5,0,2,0,1,linux,BFC
5b8cd0755f8a06a851c436a013e7be0823fb155a,3,0,0,1,linux,BFC
b2aea95c183360e3a3add84e349915b87f3680b2,0,0,1,1,linux,BFC
e7a44cfd639945a0dec749f896adc1d340c2a6aa,0,0,1,1,linux,BFC
d768bd892fc8f066cd3aa000eb1867bcf32db0ee,29,0,0,5,linux,BIC
844b8292b6311ecd30ae63db1471edb26e01d895,18,0,14,1,linux,BIC
34b2021cc61642d61c3cf943d9e71925b827941b,264,0,0,3,linux,BIC
6cca3869c598e87fccbb506a1310aa5bca29ac84,10,0,0,1,linux,BFC
3c587768271e9c20276522025729e4ebca51583b,1,0,1,1,linux,BFC
53aaaa5d9b1e95eb40e877fbffa6f964a8394bb7,5,0,7,1,linux,BFC
e1167e16114f78f948078749aa1608a785f65807,6,0,3,1,linux,BFC
434776a5fae2633ab524eb7dceb4d105c40852bb,184,0,4,3,linux,BIC
79025e727a846be6fd215ae9cdb654368ac3f9a6,4,0,0,1,linux,BFC
fe7d064fa3faec5d8157029fb8720b4fddc9e1e8,4,0,2,1,linux,BFC
6754172c208d9d3dae208c6494611ac167d56688,4,3,1,1,linux,BIC
d198b27762644c71362e43a7533f89c92b115bcf,3,0,7,4,linux,BFC
0da1ccbbefb662915228bc17e1c7d4ad28b3ddab,0,0,5,1,linux,BFC
1c3d69ab5348b661616992206357a3ebf19b1008,0,0,1,1,linux,BFC
4cd57f97135840f637431c92380c8da3edbe44ed,0,0,2,1,linux,BFC
b7b3c01b191596d27a6980d1a42504f5b607f802,130,75,35,9,linux,BIC
039b1f4f24ecc8493b6bb9d70b4b78750d1b35c2,3,3,0,1,linux,BFC
507cf5a2f1e2cd32feaee6e931e18dd74cfe60ce,1,1,1,1,linux,BIC
8e5bf9759a06be2251fa96cfd8b412f1808c62f9,3,13,7,1,linux,BIC
302169003733f168f9de5c0d677c0cd82d1be107,7,16,17,3,linux,BIC
38d589f2fd08f1296aea3ce62bebd185125c6d81,46,3,9,3,linux,BIC
7c7e9dad7017ff5b5f0524ea6d85dcda3c62431e,26,2,3,1,linux,BIC
952041a8639a7a3a73a2b6573cb8aa8518bc39f8,0,1,2,1,linux,BFC
5a730153984dd13f82ffae93d7170d76eba204e9,0,1,1,1,linux,BFC
8b95599c55ed24b36cf44a4720067cfe67edbcb4,35,3,1,1,linux,BIC
4e39a072a6a0fc422ba7da5e4336bdc295d70211,6,0,0,1,linux,BFC
ebcaa1ff8b59097805d548fe7a676f194625c033,9,0,0,2,linux,BFC
4091af4a09488039049d5bf91221983bdcd5107a,0,0,1,1,linux,BFC
1739f3d56d24a121535b45267d85b7fe6f6cc4ab,0,0,1,1,linux,BFC
ac0f82b1b4956e348a6b2de8104308144ffb6ef7,0,0,1,1,linux,BFC
4f29f9cf092b2d331ba2081566be3272962b7f96,308702,0,0,4,linux,BIC
abba345311a740d9dca1b5eb293b3b1c296715dd,2,2,0,1,linux,BFC
571bb516a869a67accba9cd907242596f3782605,0,23,0,1,linux,BFC
6e14f7c1f2c2e8d783b4bc50e7ac31b468910698,5,1,7,1,linux,BIC
ae677bbb4441309e1827e60413de92363153dccb,14,0,0,5,linux,BIC
aa1c09cb65e2ed17cb8e652bc7ec84e0af1229eb,57,0,25,2,linux,BIC
cb4b12071a4b68df323c339f60805834246b3e9e,7,0,0,1,linux,BFC
8572cea1461a006bce1d06c0c4b0575869125fa4,4,0,0,1,linux,BFC
af2ac3e13e45752af03c8a933f9b6e18841b128b,41,3,62,4,linux,BIC
a5f3d2c17b07e69166b93209f34a5fb8271a6810,199,0,0,5,linux,BIC
4f408e1fa6e10b6da72691233369172bac7d9e9b,16,0,3,1,linux,BIC
c55be305915974db160ce6472722ff74f45b8d4e,49,8,15,1,linux,BIC
b56346ddbd82f674db02453ecce60dd91f97b78c,1,1,1,1,linux,BIC
bad41a5bf1775cdf6026d5a1b233bdc4853f27ca,48,0,8,1,linux,BIC
3c985d31ad661a2cc0ad0a55105046fc56a7b1fd,16,130,10,4,linux,BIC
472d7e55d559aa1cbf58c73b14fcfc4651b1a9f5,0,2,1,1,linux,BFC
9c2791f936ef5fd04a118b5c284f2c9a95f4a647,42,0,7,3,linux,BIC
5801f064e35181c71857a80ff18af4dbec3c5f5c,0,1,0,1,linux,BFC
3a0a7b261009a9eaebd84140e933ee579df18d0c,0,5,3,1,linux,BFC
30da46b5dc3a9a14db11706d841440e28b12bb53,160,0,1,3,linux,BIC
feba2b8146633390f8df44946eceb4274f7377ed,0,0,1,1,linux,BFC
51302f77bedab8768b761ed1899c08f89af9e4e2,0,0,1,1,linux,BFC
65f1b80b33378501ea552ef085e9c31739af356c,11,11,3,2,linux,BFC
f5b6345ba8daf65a96ba4931c63624936908cf0f,1,0,1,1,linux,BIC
7cf81954705b7e5b057f7dc39a7ded54422ab6e1,0,4,1,1,linux,BFC
2e54eb96e2c801f33d95b5dade15212ac4d6c4a5,213,155,274,10,linux,BIC
ced8ecf026fd8084cf175530ff85c76d6085d715,0,38,22,4,linux,BFC
6e8e1c14c61e54253098521127cd5ac0b959dd32,124,0,1,5,linux,BIC
b9c587fed61cf88bd45822c3159644445f6d5aa6,4,0,3,2,linux,BFC
8f932f762e7928d250e21006b00ff9b7718b0a64,17,0,10,5,linux,BFC
b5015854674b653d982f104936ec688e253469b9,10,6,6,1,linux,BIC
5c79de6e79cd8ecfbae28886be3ee49044f3a4d4,173,0,0,1,linux,BIC
c9b254955b9f8814966f5dabd34c39d0e0a2b437,2,0,3,2,linux,BFC
12479f627f7c2017e6fcd50b56c2537592674c50,1,5,1,1,linux,BFC
2756db5e90ac4b881d5926bdeef75e84a128aa8d,0,1,0,1,linux,BFC
c2f58514cfb374d5368c9da945f1765cd48eb0da,0,0,1,1,linux,BFC
3ad20fe393b31025bebfc2d76964561f65df48aa,634,14,3,5,linux,BIC
2b45cef5868a9ad012121f4f7f11c700bfb7f2e4,5,0,1,1,linux,BIC
dfd0743f1d9ea76931510ed150334d571fbab49d,54,96,14,2,linux,BFC
0ad0b3255a08020eaf50e34ef0d6df5bdf5e09ed,1,1,0,1,linux,BFC
75b3cb97eb1f05042745c0655a7145b0262d4c5c,45,32,0,1,linux,BFC
fac9658cabb98afb68ef1630c558864e6f559c07,533,0,9,6,linux,BIC
8c8b9a9be2afa8bd6a72ad1130532baab9fab89d,3,0,2,1,linux,BFC
32dce968dd987adfb0c00946d78dad9154f64759,9,0,1,1,linux,BIC
1e28eaad07ea1e2d6537586529e87cbc1d698ffd,194,0,0,2,linux,BIC
db05ddf7f321634c5659a0cf7ea56594e22365f7,0,0,4,1,linux,BFC
45349821ab3a8d378b8f37e52c6fe1aa1b870c47,2,0,2,1,linux,BIC
9df8ba7c63073508e5aa677dade48fcab6a6773e,10,0,5,1,linux,BFC
b912b5e2cfb35c02c9c79d3f6e31753f3be4dd83,12,0,1,1,linux,BIC
bfb34527a32a1a576d9bfb7026d3ab0369a6cd60,0,3,2,1,linux,BFC
956c3ae411b2746c5018e0454909eb8c662b31ef,0,0,3,1,linux,BFC
dba1d918da025bf48f3aa004058e565db4d09886,324,0,5,4,linux,BIC
fab957c11efe2f405e08b9f0d080524bc2631428,1423,0,0,10,linux,BIC
c8d7b98bec43faaa6583c3135030be5eb4693acb,290,116,1,3,linux,BIC
8824d19b45867be75d375385414c4f06719a11a4,1,0,1,2,linux,BFC
0de449d599594f5472e00267d651615c7f2c6c1d,0,0,1,1,linux,BFC
424ca4c5512173e42b4086322dafd33ee882baf3,30,110,107,1,linux,BIC
f3e827d73ed454053d2ce6a4bf021b5adde3ac54,15,27,6,1,linux,BFC
914309995ed5c6c737df4135ac5ba2b67cff194d,0,0,1,1,linux,BFC
e84efa32b9d2763fb92e73c8942100d8f55ad4ed,2,0,4,1,linux,BFC
67fbb16be69d138a3b6645ec5395b487cb915c58,161,0,0,4,linux,BIC
58e39a2ce4be08162c0368030cdc405f7fd849aa,1,0,0,1,linux,BFC
f16214c102f0f64b2f3546e989498525bd7b7708,0,0,4,1,linux,BFC
9e3a000362aecb27496e1bb45c5a4725cff0ddb2,68,14,2,1,linux,BIC
7b758a111819006ba64dd23aa016d42a20ba8557,1,0,1,1,linux,BFC
ab4056126813c889ee6c8fb24ca8f75b84c981ab,946,0,2,12,linux,BIC
088b8aa537c2c767765f1c19b555f21ffe555786,76,3,9,6,linux,BFC
733ce725aa4bfa9063be053bfe7f4597d76f0dd1,4,0,0,1,linux,BFC
6c342ce2239c182c2428ce5a44cb32330434ae6e,8,1,0,1,linux,BFC
7e842d70fe599bc13594b650b2144c4b6e6d6bf1,33,0,14,2,linux,BFC
2c964c558641a3bddaee5719c9e6d8805f777812,0,2,4,1,linux,BFC
bbb40a0b75209734ff9286f3326171638c9f6569,0,0,2,1,linux,BFC
ca22f32a6296cbfa29de56328c8505560a18cfa8,1,0,1,1,linux,BFC
80c802f3073e84c956846e921e8a0b02dfa3755f,252,260,131,4,linux,BIC
1e1e465c6d23aa7d1858eb2894408f15770af16c,0,55,2,4,linux,BIC
39c116dcfd5f4df42167f06414dd81fba0ffe74c,0,0,1,1,linux,BFC
4655e5e5f387264fd22a835bcfbe4af6691ff774,15,11,1,1,linux,BFC
8b32948690946e89c198e44f8a1252295473f348,0,0,2,1,linux,BFC
c93a59938c11f447ff2964ab3c317311778edf66,0,1,1,1,linux,BFC
d02fcf50779ec9d8eb7a81473fd76efe3f04b3a5,11,0,10,1,linux,BIC
762982db33b23029e98c844611e2e8beeb75bc0d,1,0,1,1,linux,BFC
d9f1212272818420fcde611a940c1ad611a8b785,126,0,0,2,linux,BIC
9a2eba337cacefc95b97c2726e3efdd435b3460e,5,7,0,2,linux,BIC
af1ba291c5e498973cc325c501dd8da80b234571,58,26,157,4,linux,BIC
d6e10bf2ba4783881670731faf8d3705cad488eb,5,1,4,1,linux,BFC
bff52352e0ccc2481f2b6b0d612ff8ff56c50f3a,1,0,0,1,linux,BFC
c5637476bbf9bb86c7f0413b8f4822a73d8d2d07,0,0,2,1,linux,BFC
70b464918e5331e488058870fcc6821d54c4e541,0,3,4,1,linux,BFC
34ca26a98ad67edd6e4870fe2d4aa047d41a51dd,22,20,0,2,linux,BIC
9906890c89e4dbd900ed87ad3040080339a7f411,2,0,2,2,linux,BFC
d7a83bc38d8dd11b3df7e0db3739be6ced1667af,10,0,5,1,linux,BFC
01b3fd5ac97caffb8e5d5bd85086da33db3b361f,1,0,0,1,linux,BIC
81d0848fc8d2058c4cc645d971435c889869433b,333,0,5,3,linux,BIC
d408c01caef41d8ab1b43203164c8b6cbf18d084,1,0,2,1,linux,BFC
b20dae70bfa5014fdf201d0a8589271b888e4927,0,0,1,1,linux,BFC
5aeac7c4b16069aae49005f0a8d4526baa83341b,1,0,2,1,linux,BFC
c0c641d77b9ab0da798ca86d34d2327d6f427f4c,0,0,3,1,linux,BFC
2cf150216e5b5619d7c25180ccf2cc8ac7bebc13,0,7,0,1,linux,BFC
9ca766f9891d23743b4e1a7b1cafdc63723cd6a7,61,95,172,3,linux,BIC
2f86c806a8a89f34c463705d00420acf49302162,5,0,4,1,linux,BIC
5ab03ac5aaa1f032e071f1b3dc433b7839359c03,0,1,7,1,linux,BFC
2543a786aa25258451f3418b87a038c7ddaa2e85,34,0,21,4,linux,BIC
c66e2998c8ca4d5da85d4915612dca29e054ad21,41,65,12,1,linux,BIC
9f37e90efaf0772b8f98bc347b9db77a3f0c27eb,321,277,0,4,linux,BIC
0b3f3143d473b489a7aa0779c43bcdb344bd3014,23,1,15,2,linux,BFC
cebeddd6d0d9f839b9df2930b6a768b54913a763,0,0,2,1,linux,BFC
b27f7bb590ba835b32ef122389db158e44cfda1e,139,117,4,3,linux,BIC
3c4b23901a0c766879dff680cd6bdab47bcdbbd2,1529,0,0,9,linux,BIC
d92c0da71a35dfddccca7bfa932829504311359e,141,0,75,2,linux,BIC
b22823719302e88d0e2a6bb06433bd97b175a8d8,3,0,2,1,linux,BFC
c25a1e0671fbca7b2c0d0757d533bd2650d6dc0c,67,38,10,6,linux,BFC
38b8f823864707eb1cf331d2247608c419ed388c,0,0,1,1,linux,BFC
787d563b8642f35c561e439ebaf7ee5653437d05,6,0,0,1,linux,BIC
d9533f19d8401b7072da2d484a9514af0d473148,16,0,1,1,linux,BFC
b2380577d4fe1c0ef3fa50417f1e441c016e4cbe,1,0,0,1,linux,BFC
e611939fc8ec13387018df88083de7102a438730,4,2,2,1,linux,BIC
f6b99b6e18657aa1222b0c51ad20ac674e764281,1,0,3,1,linux,BFC
aa65d11aa008f4de58a9cee7e121666d9d68505e,16,0,4,1,linux,BFC
37b5e8897eb588a60dada00c33d2dca8a7fec5fc,114,0,13,2,linux,BIC
167790abb90fa073d8341ee0e408ccad3d2109cd,4,1,2,2,linux,BFC
107866a8eb0b664675a260f1ba0655010fac1e08,6,0,0,1,linux,BFC
47c950d1020226179d278297c85ba6a988ee398b,32,0,1,1,linux,BIC
d46183efe3b57d06461c9bea35e1a0262391fe77,0,1,1,1,linux,BFC
4b654acdae850f48b8250b9a578a4eaa518c7a6f,1,0,0,1,linux,BFC
6d2061b981af165d3e45462e0804b5a1f2f4c7bc,0,0,1,1,linux,BFC
1b1e0bc9947427ae58bbe7de0ce9cfd591b589b9,64,18,40,9,linux,BIC
4526fe74c3c5095cc55931a3a6fb4932f9e06002,0,4,1,1,linux,BFC
36a15e1cb134c0395261ba1940762703f778438c,0,0,13,1,linux,BIC
381ceda88c4c4c8345cad1cffa6328892f15dca6,59,0,15,1,linux,BIC
361182308766a265b6c521879b34302617a8c209,0,0,1,1,linux,BFC
2f9ea1bde0d12d8fb5a7bdc7ab6834275d456262,1283,0,0,5,linux,BIC
f4caa6ee736fa8a46c806ba4382c16f7e5a20248,13,0,5,1,linux,BFC
a5073d6054f75d7c94b3354206eec4b804d2fbd4,1403,3,5,5,linux,BIC
af48f1d08a5474184da9aaf8b77f4a2848b1875e,435,0,4,4,linux,BIC
a8a30219ba78b1abb92091102b632f8e9bbdbf03,0,0,1,1,linux,BFC
63346650c1a94a92be61a57416ac88c0a47c4327,0,0,10,1,linux,BIC
db5980d804d7158917ad4b9186c78b2a3f1db4ef,0,0,2,2,linux,BFC
5f35b9cd553fd64415b563497d05a563c988dbd6,0,0,1,1,linux,BFC
06ee7a950b6a342cd79590e7243bdda850141967,118,0,1,2,linux,BIC
18e3b739fdc826481c6a1335ce0c5b19b3d415da,1,0,0,1,linux,BFC
650d9a14715f1968a693bb8282a82ca6c3c22541,5,4,6,1,linux,BFC
22feda47b574c2854cc1a8447a2ae18598752375,0,0,1,1,linux,BFC
8019ad13ef7f64be44d4f892af9c840179009254,51,29,14,4,linux,BIC
60ae5b9f5cdd80c529eda13bfdd600a0fc857afb,277,0,0,1,linux,BIC
c88c395f4a6485f23f81e385c79945d68bcd5c5d,6,0,2,1,linux,BFC
5c458585c0141754cdcbf25feebb547dd671b559,0,1,1,1,linux,BFC
c380d9a7afff0e4c2e5f3c1c2dc7d2f4214dd962,64,0,0,2,linux,BIC
ce3db6aade20e0aef88878ef65f3e066175bf3bc,0,1,2,1,linux,BFC
ce69a784504222c3ab6f1b3c357d09ec5772127a,32,16,24,3,linux,BIC
6c1c36b02c325ecebce6e3b34bce7f1dfe012cf9,0,1,9,1,linux,BFC
42eff6a617e23b691f8e4467f4687ed7245a92db,12,26,1,3,linux,BFC
c87a95dc28b1431c7e77e2c0c983cf37698089d2,4,0,2,1,linux,BFC
209851649dc4f7900a6bfe1de5e2640ab2c7d931,187,5,51,2,linux,BIC
eb70a1ae2339769156f8ecddd7f6cd59ac994888,2,0,0,1,linux,BFC
f5ce817951f38023588b2b8308beca79abe20507,1,0,0,1,linux,BFC
ea0212f40c6bc0594c8eff79266759e3ecd4bacc,4,0,14,1,linux,BIC
a970a9764c773ae6daa94db934dfe3d790bfc977,0,0,1,1,linux,BFC
b717a0392530ae8da0da041abe5c3a6098b55660,1,3,3,1,linux,BFC
2f971a8f425545da52ca0e6bee81f5b1ea0ccc5f,11,17,9,1,linux,BIC
2ba5999f009d7e5e48dd348eab84ce155e13a83f,185,0,0,1,linux,BIC
fae2570d629cdd72f0611d015fc4ba705ae5422b,0,0,1,1,linux,BFC
9b6eb0478dfad3b0e7af6c73523d96826210f4fe,0,0,7,1,linux,BFC
da8252d5805d4a80120a0c2151277e5fb9e8aa9e,6,0,2,1,linux,BFC
14b93bb6bbf08c5002eddda1af1916e72e542eb8,432,422,2,2,linux,BIC
0c4dcd602817502bb3dced7a834a13ef717d65a4,266,73,259,9,linux,BIC
fa686453053b70a8a01b7517df8cfc5872f63196,2,0,2,2,linux,BIC
5bccae6ec4587044779f0b8e6fcb8f87db4181f0,647,0,0,3,linux,BIC
8200fe4347870d4ad6475048bcdf3e7c106c5268,0,0,2,1,linux,BFC
576f1b4bc80220e1f88f1de5ecb25d99a6e9fa04,433,0,0,2,linux,BIC
df78a0c0b67de58934877aad61e0431a2bd0caf1,89,5,5,10,linux,BIC
cf6856d693dd6bd1b9c967e3a97b7ca2184a3e95,178,289,1,4,linux,BIC
b995dcca7cf12f208cfd95fd9d5768dca7cccec7,0,0,1,1,linux,BFC
de77c3a5b95c95a4915142071643d94e3e1ada35,14,9,0,1,linux,BFC
64dd4a5a7d214a07e3d9f40227ec30ac8ba8796e,0,0,1,1,linux,BFC
88be9a0a06b73ecd85a688a7c174c941e9692e92,1638,0,0,5,linux,BIC
5902f4dd6e666c4d160b2f5c4505f7e58642d2bf,1,0,1,1,linux,BFC
cdce844865bea6869b34bacc98af3711774f5bb5,61,0,10,1,linux,BIC
ffb76a86f8096a8206be03b14adda6092e18e275,0,0,1,1,linux,BFC
971afec3a5373f96684ad899579f6a4d51462410,6,3,3,1,linux,BFC
931ef163309ee955611f287dc65248b39a65fc9d,8,40,5,6,linux,BIC
851e6f61cd076954f9d521e0d79b173ad3a2453b,2,0,4,1,linux,BFC
bb0fed1c60cccbe4063b455a7228818395dac86e,4,3,11,1,linux,BIC
d5f49190def61c47b2faff170ba8fbc48bac4371,81,0,18,2,linux,BIC
b93c6a911a3fe926b00add28f3b932007827c4ca,0,14,11,1,linux,BFC
900fc60df22748dbc28e4970838e8f7b8f1013ce,22,9,2,1,linux,BFC
1571d67dc190e50c6c56e8f88cdc39f7cc53166e,12,8,14,1,linux,BIC
c133c7615751008f6c32ccae7cdfc5ff6e989c35,0,0,1,1,linux,BFC
e6249cdd46e43a7d3bdb8cce5fe24565d6c11e94,12,0,4,4,linux,BIC
d259f91c0efb3896daadc1cd0c5207e5c81cb6b7,2,0,0,1,linux,BFC
05fbde3a77a4f1d62e4c4428f384288c1f1a0be5,0,1,0,1,linux,BFC
b6553c71813f57b1bfa775af120169c549f7f090,2,0,1,1,linux,BFC
818a76a55d6e9e7ec7568ae580390e941da84b62,0,1,5,1,linux,BFC
2b7cda9c35d3b940eb9ce74b30bbd5eb30db493d,1,0,4,2,linux,BFC
b8d91399775c55162073bb2aca061ec42e3d4bc1,1,0,0,1,linux,BFC
83540fbc8812a580b6ad8f93f4c29e62e417687e,0,2,7,1,linux,BFC
668da745af3c29d5742238ef278a1b2055c97e51,48,11,3,1,linux,BIC
3a9ad0b4fdcd57f775d3615004c8c64c021a9e7d,14,0,16,4,linux,BIC
24366c2afbb0539fb14eff330d4e3a5db5c0a3ef,3,0,0,1,linux,BIC
d3debfcc4e3f65f1370ad4ca2ab61e7f0ff683cd,7,0,0,1,linux,BFC
6c5a9dc2481b4819c00bbcef8005b59c04d64963,96,0,5,1,linux,BIC
eb3d6175e4a904f7e4b0216c52810ac6065877df,3,0,44,1,linux,BFC
ac43c44a7a375ae0f0e96e10e227e226f2f2cb70,1018,0,0,1,linux,BIC
3ae62a42090f1ed48e2313ed256a1182a85fb575,9,0,13,1,linux,BIC
2a71de2f7366fb1aec632116d0549ec56d6a3940,0,0,1,1,linux,BFC
f9bc51e6cce2171e4d8f28c575278dfa07085b44,41,0,13,1,linux,BIC
34666d467cbf1e2e3c7bb15a63eccfb582cdd71f,108,63,36,14,linux,BIC
555c8a8623a3a87b3c990ba30b7fd2e5914e41d2,50,3,19,5,linux,BIC
45ca3e61999e9a30ca2b7cfbf9da8a9f8d13be31,13,9,0,1,linux,BFC
497008e783452a2ec45c7ec5835cfe6950dcb097,0,0,1,1,linux,BFC
799faa626c71fbd92396abea28f7e3586de3c7f5,244,0,0,2,linux,BIC
9d95aa4bada24be35bb94827a55e1d6e243d866e,2,0,0,1,linux,BFC
6b3ad6649a4c75504edeba242d3fd36b3096a57f,5,0,5,1,linux,BIC
c1bc9644ecd1f663f918d42b33b41a508683b0ee,0,0,11,1,linux,BFC
0df3e42167caaf9f8c7b64de3da40a459979afe8,0,4,7,1,linux,BFC
2ec459f2a77b808c1e5a3616c88b613d3f720c8d,4,4,0,2,linux,BFC
73a7a271b3eee7b83f29b13866163776f1cbef89,0,0,1,1,linux,BFC
e7ae08d398e094e1305dee823435b1f996d39106,3,0,0,1,linux,BFC
ce68acbcb6a5d5dbaa9e76df924e1c191e8c7516,0,0,4,1,linux,BIC
23529049c68423820487304f244144e0d576e85a,15,3,23,4,linux,BIC
22c971db7dd4b0ad8dd88e99c407f7a1f4231a2e,0,8,2,2,linux,BFC
0efaf31dec572d3aac4316c6d952e06d1c33adc4,5,0,1,3,linux,BIC
673c865efbdc5fec3cc525c46d71844d42c60072,0,0,3,1,linux,BFC
36aea60fc892ce73f96d45dc7eb239c7c4c1fa69,6,0,1,1,linux,BFC
e215278548f9ea412e2be794efa1c84c6817c657,0,13,7,1,linux,BFC
0918f18c7179e8cdf718d01531a81b28130b4217,42,0,4,1,linux,BIC
82734c5b1b24c020d701cf90ccb075e43a5ccb07,3,0,8,1,linux,BFC
0178f9d0f60ba07e09bab57381a3ef18e2c1fd7f,12,0,8,2,linux,BFC
f9a87bd7d5b64075af87345ae42f3984c56bddb6,6,5,0,4,linux,BIC
de4784ca030fed17d527dbb2bb4e21328b12de94,19,47,155,33,linux,BIC
a4ffdc2b6726958c07d535318400124e3a3bc19b,4,0,0,1,linux,BFC
91636a82044a2821201b54faac4d1d2425260842,0,0,4,1,linux,BFC
146971e6244b18eca60f614a1b94048844066d23,3,2,0,1,linux,BFC
50ec88120ea16cf8b9aabf8422c364166ce3ee17,4,25,10,4,linux,BIC
227ad6d957898a88b1746e30234ece64d305f066,1,0,2,1,linux,BFC
8ca86fd83eae6c73db5f6b23ee3a63b77d52c8ee,7335,0,0,1,linux,BIC
696d0b2c786161ddc1e80dcddce7d34c2a709566,1,0,0,1,linux,BFC
bd1e3e7b693c17a04e7d2bd9119daa482b7c7720,57,2,25,8,linux,BIC
6956e2385a16175ca350e199f9c760eb1644d5bf,658,0,0,1,linux,BIC
a798c24a69b64f09e2d323ac8155a36373e5d5fd,0,6,3,1,linux,BFC
aef92a8bed25d03b8f03ce499a56e8e8e5e2c05e,6,5,2,1,linux,BFC
2da78092dda13f1efd26edbbf99a567776913750,6,2,9,2,linux,BIC
00fc0e0dda6286407f3854cd71a125f519a5689c,18,104,3,8,linux,BIC
7361d44896ff20d48bdd502d1a0cd66308055d45,0,6,2,2,linux,BFC
70b44595eafe9c7c235f076d653a268ca1ab9fdb,185,6,3,4,linux,BIC
773891ffd4d628d05c4e22f34541e4779ee7a076,0,0,5,2,linux,BFC
54584146cc8cb49ce471011d4afcc03a8a529463,0,0,1,1,linux,BFC
77c38c8cf52ef715bfc5cab3d14222d4f3e776e2,2,0,4,1,linux,BFC
28585a832602747cbfa88ad8934013177a3aae38,10,0,0,1,linux,BFC
13562d1f5e2fbe2cf33b23a00abca3f71264c4ac,2,0,0,1,linux,BFC
3da691bf436690c4bb943d5d16e5934937625578,579,55,22,1,linux,BIC
1ed36ecd1459b653cced8929bfb37dba94b64c5d,1,0,8,1,linux,BFC
9b7a7f921689d6c254e5acd670be631ebd82d54d,10,9,1,1,linux,BFC
51c3b0cc32d2e17581fce5b487ee95bbe9e8270a,6,0,1,1,linux,BFC
d84680d359378a79664fa840cd144ba0f715968d,0,0,2,1,linux,BFC
01b44ef2bf6bc83df8a4703029fd611fbfc31c60,5,0,6,1,linux,BFC
7e5a21dfe5524a85705d3bc7b540c849cc13e9a1,0,1,1,1,linux,BFC
6bcfdabbadffa19fabafb5b6c7bcf41322b62695,8,0,2,3,linux,BFC
0f763ff370a538c07f8f266a787ebc1a63d5c7dc,6,0,1,1,linux,BFC
3c171f496ef57774f8e5d509923372549734877f,391,2,2,6,linux,BIC
18f02ad19e2c2a1d9e1d55a4e1c0cbf51419151c,3,0,3,1,linux,BFC
e49e6f6db04e915dccb494ae10fa14888fea6f89,1,0,4,1,linux,BFC
6a1cac56f41f9ea94e440dfcc1cac44b41a1b194,46,0,3,1,linux,BIC
4ca070ef0dd885616ef294d269a9bf8e3b258e1a,0,0,2,1,linux,BFC
97f6cd39da227459cb46ed4088d37d5d8db51c50,58,0,13,5,linux,BIC
d705117ddd724a9d4877e338e4587010ab6a1c62,0,0,1,1,linux,BFC
5760a97c7143c208fa3a8f8cad0ed7dd672ebd28,7,5,3,1,linux,BFC
d56dbf5bab8ce44c5407bb099f71987f58d18bb4,11,1,2,1,linux,BIC
a03e828915c00ed0ea5aa40647c81472cfa7a984,9,0,0,1,linux,BIC
03679a14739a0d4c14b52ba65a69ff553bfba73b,0,0,2,1,linux,BFC
23b44fc248f420bbcd0dcd290c3399885360984d,4,96,4,1,linux,BIC
97f2650e504033376e8813691cb6eccf73151676,18,10,2,2,linux,BIC
264142bc70ec039e26d8f3b46a717e8037f59ca0,0,0,3,1,linux,BFC
3487896b26269f5430596711490a7c48d2941d9d,0,0,1,1,linux,BFC
cebe85d570cf84804e848332d6721bc9e5300e07,40,63,46,1,linux,BIC
eadff3024472f8a7955fae7e5484d235ed407453,933,0,0,1,linux,BIC
2f556bdb9f2e3794722c0d9186db9799b35071c4,179,0,0,1,linux,BIC
6250cc30c4c4e25393ba247f71bdc04b6af3191b,46,77,67,1,linux,BIC
cc20d7999000996557333910bcc99399b7244cd9,204,0,1,2,linux,BIC
205ee117d4dc4a11ac3bd9638bb9b2e839f4de9a,4,0,2,1,linux,BFC
c4a11827b760ef8dcda26b5731d072b1d8fb7c81,1,0,1,1,linux,BFC
20dd3850bcf860561496827b711fa10fecf6e787,40,63,56,3,linux,BIC
a35daac77a0397d4f23b642d3dc0684682e56cc5,502,0,2,4,linux,BIC
c5dfe0ea6ffa1c568b311c60266484a3316bb085,118,50,11,1,linux,BIC
0584674d7fe407c2db91a009294d5ec19f7cb1d5,1,0,1,1,linux,BFC
32b9b10961860860268961d9aad0c56a73018c37,6,0,0,2,linux,BIC
f9b69d7f62796b33657c98e0d3ca3be763f70fa4,14,0,0,1,linux,BIC
e88c9271d9f8db79d8104f7f7bd14cb8d88cc187,31,3,14,2,linux,BIC
f45ec5ff16a75f96dac8c89862d75f1d8739efd4,31,0,11,6,linux,BIC
f2e3a5f557ad27f6a6f447717090a39cea238d6a,44,0,3,1,linux,BIC
5b87686e3203808cd6442dc3c686b9c90b435bce,8,0,11,1,linux,BIC
dd522a7429b07e4441871ae75ebbfcf53635bdd4,90,31,23,2,linux,BIC
c2b78452a9db438d592bf72af7bb2ae3062cb922,73,4,15,1,linux,BIC
4b0ad8425498ba2374f1682afa4c3409582504d6,0,0,190,1,linux,BIC
a158531f3c92467df0e93e000d58185acae78a6e,1,1,1,1,linux,BFC
d600ad1f2bdbf97c4818dcc85b174f72c90c21bd,64,0,14,6,linux,BIC
06ace26f4e6fcf747e890a39193be811777a048a,0,0,1,1,linux,BFC
645a05a72c366529bf7e566b32ec806744883597,0,0,2,1,linux,BFC
5f888a1d33c48900012e6b4c18296ce7c715dc6c,0,0,2,2,linux,BIC
5320918b9a87865223fd6b228e530bf30bc64d9d,2304,0,0,9,linux,BIC
f60f8ccd54e03c1afafb2b20ceb029a0eaf7a134,26,35,4,3,linux,BFC
ff1f855804cdbbb6db7b9b6df6cab783d1a40d66,8,5,6,2,linux,BFC
8d9c20e1d1e3833b5c4dab33d59cb92ea162da6a,0,42,25,3,linux,BIC
581e7226a5d43f629eb6399a121f85f6a15f81be,5,0,2,1,linux,BFC
368686a95e55fd66b88542b5b23d802a4886b1aa,8,0,0,1,linux,BFC
06a5464be84e4ae48394d34441baf34bf9706827,117,0,0,4,linux,BIC
bb629484d924118e3b1d8652177040115adcba01,4,0,0,1,linux,BIC
b3febdccde3eb086b892485c923cd6b73b2ce9d7,27,0,1,3,linux,BIC
80fe7430c7085951d1246d83f638cc17e6c0be36,115,9,32,4,linux,BIC
25182f05ffed0b45602438693e4eed5d7f3ebadd,46,0,2,3,linux,BIC
2a76fa2830981e15bfa33c2b0e5f2dfd35b0455c,0,1,4,1,linux,BIC
5e4010e36a58978e42b2ee13739ff9b50209c830,3,0,0,1,linux,BFC
b709c0832824da20a32a3119911b9f0cf6970452,16,16,6,2,linux,BIC
4d5422cea3b61f158d58924cbb43feada456ba5c,24,5,11,7,linux,BIC
e81e36a96bb56f243b5ac1d114c37c086761595b,0,0,1,1,linux,BFC
0336d605daeea142c3ec9b143d0131a137f45108,0,0,2,1,linux,BFC
50cfbbb7e627b868f3cf6882d2a9210bb8428737,3255,12,1,9,linux,BIC
f42e4b337b327b1336c978c4b5174990a25f68a0,0,0,2,1,linux,BFC
3796ce1d4d4b330a75005c5eda105603ce9d4071,8,0,1,2,linux,BIC
bccd3b831185e75c4138bc3fd5201f3214dfeb3d,23,0,0,2,linux,BIC
63bdef6cd6941917c823b9cc9aa0219d19fcb716,0,0,1,1,linux,BFC
6bf8f22aea0ddd93af822aed8afeeee4acdf7694,99,0,5,5,linux,BIC
6b2fb79963fbed7db3ef850926d913518fd5c62f,36,0,14,2,linux,BIC
f1ec7ae6c9f8c016db320e204cb519a1da1581b8,1,0,1,1,linux,BFC
0aab2c721d81590012a5021a516f00666646741f,1,0,1,1,linux,BFC
62d4073e86e62e316bea2c53e77db10418fd5dd7,5,0,5,1,linux,BFC
d27f81f061bbde627ac4fbd735114f9ea2c63615,0,0,1,1,linux,BFC
88bd652b3c74997bb436adf6131acf445066243e,115,0,0,1,linux,BIC
71a1fa0df2a3728b8ccb97394be420d1f03df40e,8,0,5,2,linux,BIC
a2bd4097b3ec242f4de4924db463a9c94530e03a,8,0,3,1,linux,BFC
3057224e014c14921de5ab534d5147eb109fd12b,52,0,10,1,linux,BIC
25c020a90919632b3425c19dc09188d56b9ed59a,5,1,12,5,linux,BFC
5a45ab3f248b3489af8b8440eb56b2ebaae59a6c,0,0,1,1,linux,BFC
d4a7a8893d4cdbc89d79ac4aa704bf8d4b67b368,3,0,1,1,linux,BFC
8d88c6ebb34c3e54debe81e9b0d81b60411f8179,22,0,2,3,linux,BIC
f90edfd279f35a5c62003eeee107f03f3b1544bc,96,2,8,3,linux,BIC
2eac7648321f4a08aa4078504d7727af0af7173b,0,1,8,1,linux,BFC
4bc123b18ce6ae6c42c69d0456b5acbd2f7bc8bd,900,1,3,2,linux,BIC
2abae62a26a265129b364d8c1ef3be55e2c01309,1,0,1,1,linux,BFC
bd678e09dc1797bc0e2e536b6b268e7cf46e0184,0,2,0,1,linux,BIC
652defed48757ae0dcc851beeb8fdd484bad40c6,131,0,13,1,linux,BIC
06c9fdf3b9f1acc6e53753c99c54c39764cc979f,3,0,0,1,linux,BIC
2c4e19f873f4a389c2a557a84909cf4b78d3525a,0,2,12,1,linux,BFC
2f249358eedaf81cede7fb0927ed0bd9c1ae2de7,0,0,0,1,linux,BIC
945a36761fd7877660f630bbdeb4ff9ff80d1935,1,0,1,1,linux,BFC
e4c02dced975cbb3e7cb097a0895ce0143b3386a,0,0,20,1,linux,BIC
73606ba9242f8e32023699b500b7922b4cf2993c,5,0,0,1,linux,BFC
1fb7f12d5bec1b0a699c85d724bd5184a01fa2dd,1,0,4,1,linux,BFC
5d8042e95fd471d0e342cf14f127194f1a867a01,27,0,6,1,linux,BIC
998ac6d21cfd6efd58f5edf420bae8839dda9f2a,7,0,0,1,linux,BFC
e8074f75f4449b9f9315f3a81d5d72425fba0a8c,0,3,5,1,linux,BFC
984e9cf1b9eaab08e4f1f082ce49ed2670e99d90,0,0,3,1,linux,BFC
0ae8f4785107eb7f63ac17d86d894be681427dd2,0,0,1,1,linux,BFC
da5984e51063a2c8723a36c29f090e03b3ff2a35,48,0,1,1,linux,BIC
18cffd68e0c44fc09817ea2fb66bebe8a9188093,0,143,51,1,linux,BIC
e5aeee51f6b4fb22e851105ee6d8ad211c40a214,0,0,1,1,linux,BFC
eaadb1caa966a91128297b754e90b7c92b350a00,0,0,1,1,linux,BFC
e8c765811b1064c200829eacf237ac8c25e79cd0,7,0,1,1,linux,BFC
2c0b1df88b987a12d95ea1d6beaf01894f3cc725,20,0,8,1,linux,BFC
f053c83ad5c88427644e06746bfddcefa409c27d,0,70,0,1,linux,BFC
d2c3b14e1f0dcebdb695617c0c1342a36b914a47,0,0,2,1,linux,BFC
ce0d3c0a6fb1422101498ef378c0851dabbbf67f,11,9,0,2,linux,BFC
532f49a6f19a153e202b5a174f8556fd50c36dd4,0,0,1,1,linux,BFC
d87161bea405e3260377026ca8a704a3f68bd67a,7,0,0,1,linux,BFC
257f2935cbbf14b16912c635fcd8ff43345c953b,14,0,2,1,linux,BFC
e78d334a5470ead861590ec83158f3b17bd6c807,0,0,8,1,linux,BFC
11f1a4b9755f5dbc3e822a96502ebe9b044b14d8,55,0,46,2,linux,BIC
097d88e94c44112327011f572c7fff82a44c1d54,0,5,6,1,linux,BIC
bcab3a6e64a9647e022b46182c9687a8c3aa9d11,4,0,1,1,linux,BFC
3e5907a17fe4aa42d32015482132475e2b39ad50,0,4,6,2,linux,BFC
e8c1c76e804b18120e6977fc092769c043876212,25,0,3,1,linux,BIC
99d81e942474cc7677d12f673f42a7ea699e2589,15,7,3,1,linux,BFC
e0b60903b434a7ee21ba8d8659f207ed84101e89,3,0,2,1,linux,BFC
a946506c48f3bd09363c9d2b0a178e55733bcbb6,2,0,0,1,linux,BFC
1ab968d2f1d6d654052dbbf95f9461a6428a5487,3,0,0,1,linux,BIC
f0cfcf1ade201dcfd3365f231efc90e846fa46df,60,0,0,1,linux,BIC
84918a89d6efaff075de570b55642b6f4ceeac6d,2,0,0,1,linux,BFC
81414b4dd48f596bf33e1b32c2e43e2047150ca6,0,2,0,1,linux,BIC
163cd1059a85d225b811ddb4192fabd1553f77f1,6,6,8,4,linux,BFC
211c504a444710b1d8ce3431ac19f2578602ca27,1,0,1,1,linux,BFC
68ce556bd1643498080af310d4544f46f3c4f3df,8,11,0,2,linux,BFC
feb583e37f8a8cd474401b0ec25e8a8217a7efff,274,0,0,1,linux,BIC
652be55162dcf3eb4440a4f7536ffedbe0352dcf,3,0,2,2,linux,BIC
f9bcd60274a565751abef622f9018badd01a17c8,26,0,0,1,linux,BFC
f1c2eddf4cb6a6c8ca5f6e728e7328b9c5bc3e8a,9,2,1,2,linux,BIC
4d208ca429ad424595fd08c0cca323605ebfc38b,3,46,20,1,linux,BIC
85a51673660d43a3f4543f4623f747dc9a51d35b,0,0,2,1,linux,BFC
e8024cb483abb2b0290b3ef5e34c736e9de2492f,0,0,4,1,linux,BFC
e7fef9b45ae188066bb6eb3dde8310d33c2f7d5e,37,0,9,3,linux,BIC
7f47b19bd744c7945ad554fc00665fdbd13794bc,52,0,3,1,linux,BIC
ef0fa5331a73e479a30f73e00937afb5109566d7,3000,0,0,2,linux,BIC
6be0f96d799f487f05eb412d362d5a1747d665c2,0,1,2,1,linux,BFC
395f2e8fd340c5bfad026f5968b56ec34cf20dd1,10,0,0,2,linux,BFC
46216506ceacc36eea7535c4a72b77b38fe4b664,1,4,1,1,linux,BFC
d233c7dd1682437ba4b430b04766aa6eef9aef67,2,0,1,1,linux,BFC
79ea1e12c0b8540100e89b32afb9f0e6503fad35,22,3,7,4,linux,BFC
1494e0c38ee903e83aefb58caf54a9217273d49a,29,6,8,3,linux,BFC
fa694ae532836bd2f4cd659e9b4032abaf9fa9e5,1,0,0,1,linux,BFC
8778372118023e2258612c03573c47efef41d755,6,1,8,2,linux,BFC
deed96605f5695cb945e0b3d79429581857a2b9d,3,0,28,1,linux,BFC
e2bf384d4329bb478ad003eae1ab644756a42266,1,0,11,1,linux,BIC
840110a4eae190dcbb9907d68216d5d1d9f25839,3,0,4,1,linux,BFC
9ddc8ec027a39759c946c3f4944d3e0c5a007ccd,3,0,18,1,linux,BIC
7a5428dcb7902700b830e912feee4e845df7c019,16,7,8,9,linux,BFC
7e98d785ae6184c7580a33619dae8b651769ff08,788,0,0,2,linux,BIC
ac4812c5ffbb88dd3280a6dacd39fcb73e077fe4,61,0,11,1,linux,BIC
2a508c64ad278d022543ec3360449c7f243eb56b,7,28,2,3,linux,BIC
916ef6232cc4b84db7082b4c3d3cf1753d9462ba,25,0,0,3,linux,BFC
7816ec564ec40ae20bb7925f733a181cad0cc491,7,0,4,1,linux,BFC
69646d7a3689fbe1a65ae90397d22ac3f1b8d40f,18,0,3,1,linux,BIC
72f572428b83d0bc7028e7c4326d1a5f45205e44,3,0,2,1,linux,BFC
441ad11d078f35093ceaf510742df423c2d89a3b,8,0,2,2,linux,BIC
33fc42de33278b2b3ec6f3390512987bc29a62b7,267,14,32,3,linux,BIC
5796015fa968a3349027a27dcd04c71d95c53ba5,28,0,0,1,linux,BIC
52e8da704d8d3ca8b951fbc39cf8d6bce5c33db8,0,0,4,1,linux,BFC
e5b92773287c3eb3108a44785986a6c997866df8,138,0,10,6,linux,BIC
56ff337ea433731fa5f04cf9901404705bbbb6e0,137,0,3,3,linux,BIC
289921b03fe5e288cf924a52018f075e1b94f446,81,0,8,4,linux,BIC
71ccea095ea1d4efd004dab971be6d599e06fc3f,17,1,6,1,linux,BIC
a4ace4fa20072dfe60ab48ba227e50bc2d69c246,0,0,4,1,linux,BFC
9c2d255f0e63f8e54bd8345f9c59c4060cf4bbd4,19,0,25,1,linux,BFC
01039fb8e90c9cb684430414bff70cea9eb168c5,1,0,1,1,linux,BFC
4ca04ed36478e21b037fc379a7e6f52d0e6d8d52,6,6,3,1,linux,BFC
cec17c382140a17ad54853a4b57a84588f090806,177,0,1,5,linux,BIC
6f1e9e946f0bc32cf55a7d7c36f80cb365e1877a,49,49,0,2,linux,BIC
f78e5623f45bab2b726eec29dc5cefbbab2d0b1c,45,8,12,1,linux,BIC
89aa075832b0da4402acebd698d0411dcc82d03e,153,0,2,18,linux,BIC
9decacd8b3a432316d61c4366f302e63384cb08d,0,0,1,1,linux,BFC
75feae73a28020e492fbad2323245455ef69d687,0,1,1,1,linux,BFC
c40bdfb2ffa4cf16b818fd6c77856e6d976f52ff,0,20,14,4,linux,BFC
af935746781088f28904601469671d244d2f653b,7625,0,0,20,linux,BIC
28b698b7342c7d5300cfe217cd77ff7d2a55e03d,1,4,3,1,linux,BFC
84c61fe1a75b4255df1e1e7c054c9e6d048da417,506,17,52,5,linux,BIC
54d91b55c7f3f9f2c86e0b6be4501433b32ddc89,0,0,1,1,linux,BFC
95c07247399536f83b89dc60cfe7b279d17e69f6,2,3,4,1,linux,BFC
81921a828b94ce2816932c19a5ec74d302972833,0,0,1,1,linux,BFC
1f97a5265f1ba990c8ac200fb1e31db4f6ff5bea,23,23,0,1,linux,BFC
ebe41da5d47ac0fff877e57bd14c54dccf168827,4,0,3,1,linux,BFC
112bf4aa4afb5608d77ac9208758528bcdfae70d,49,42,61,1,linux,BIC
9c369c6e885599818d98ff7130d6ef62ce6ae8d4,16,16,0,1,linux,BFC
889fa31f00b218a2cef96c32a6b3f57e6d3bf918,9,4,0,1,linux,BIC
144232b34258c1fc19729e077c6fb161e30da07b,4,0,0,1,linux,BFC
3ca1a42a52ca4b4f02061683851692ad65fefac8,2,1,9,1,linux,BFC
323a2ac52227c20f3387ea1cd16c04a844cd1ea1,2,0,1,1,linux,BFC
3bea1cfcff113070655c379cec6d1dde0529bd31,0,1,0,1,linux,BFC
0bf126163c3e7e6d722622073046aed567a5551e,6,0,2,1,linux,BFC
149f6d1a6035a7aa6595ac6eeb9c8f566b2103cd,21,0,9,5,linux,BFC
616badd2fb499320d3ac3b54462f55dededd0e0f,15,0,1,3,linux,BIC
340327a62c4a145e098fd6c1116f12062eeec707,5,0,1,1,linux,BFC
2e2832562c877e6530b8480982d99a4ff90c6777,5,0,3,1,linux,BFC
2871734e85e920503d49b3a8bc0afbe0773b6036,3,0,7,1,linux,BFC
5f6beb9e0f633f3cc845cdd67973c506372931b4,19,0,0,1,linux,BFC
6b3321bacc5a1342e6f3f843234a902f65786b4b,28,0,0,2,linux,BIC
711e26c00e4c7b7cef0420c76a61e6d818e12687,1,0,2,1,linux,BFC
07c8fccbf7fd6adf896db380c5a32c66a5b32aca,0,1,0,1,linux,BFC
12f275cdd1638a163b77b3d65625fc14a81dab2b,63,0,2,5,linux,BIC
b9fc5320212efdfb4e08b825aaa007815fd11d16,1,0,1,1,linux,BFC
b2d3492fc591b1fb46b81d79ca1fc44cac6ae0ae,1,1,1,1,linux,BFC
fa588eba632df14d296436995e6bbea0c146ae77,282,0,0,1,linux,BIC
84b510e22da7926522a257cfe295d3695346a0bd,4,0,3,1,linux,BIC
b6d92b4a6bdb880b39789c677b952c53a437028d,106,18,6,7,linux,BIC
b600bd7eb333554518b4dd36b882b2ae58a5149e,2,0,1,1,linux,BFC
d57febe1a47801ef8a55dbf10672850523dfaa60,276,1,24,8,linux,BIC
289d72afddf83440117c35d864bf0c6309c1d011,2,0,1,1,linux,BFC
0ccce3b924212e121503619df97cc0f17189b77b,30,0,7,1,linux,BIC
9120c879d28873829dfa2f511c68162d52540e6a,0,0,1,1,linux,BFC
aa4f886f3893f88146e8e02fd1e9c5c9e43cbcc1,760,0,0,3,linux,BIC
8008293888188c3923f5bd8a69370dae25ed14e5,1,0,1,1,linux,BFC
fd7b025a238d0a5440bfa26c585eb78097bf48dc,413,0,0,1,linux,BIC
7a1cbfa18059a40d4752dab057384c3ca2de326c,9,8,29,4,linux,BIC
58615a94f6a190f2fb9f9a99f1894d161c4b85b9,114,0,9,1,linux,BIC
ff1586a7ea57a4758a3f10ad7c9cdb26edcbd7f3,7,5,15,2,linux,BIC
ab14961d10d02d20767612c78ce148f6eb85bd58,0,0,3,1,linux,BFC
76d8137a31139f0d69ecc4177497ad6b8d4f016c,1,0,2,1,linux,BIC
660a59953f4ff8a4958e73f7618445ff537582b2,11,10,5,1,linux,BFC
d18580b08b92ec4105eb0ede2d676e8b1f5a66c3,2,0,0,1,linux,BFC
fb1ef622e7a398bb22127eed0684c8cc42650986,9,0,61,1,linux,BIC
747ea55e4f78fd980350c39570a986b8c1c3e4aa,0,0,11,4,linux,BFC
d9cead75b1c66b4660b4f87ff339234042d7c6a5,84,0,20,1,linux,BIC
f654fae47e83e56b454fbbfd0af0a4f232e356d6,3,0,4,1,linux,BFC
b8358d70ce1066dd4cc658cfdaf7862d459e2d78,6,0,7,1,linux,BFC
62f99b62e5e3b88d23b6ced4380199e8386965af,28,9,8,1,linux,BFC
73ba57bfae4a1914f6a6dac71e3168dd900e00af,1,0,0,1,linux,BIC
6b001e682e90d7edf21f93687f5c3b39d412ad6c,0,115,32,1,linux,BIC
8e8e2518fceca407bb8fc2a6710d19d2e217892e,1,0,5,1,linux,BFC
d60229d84846a8399257006af9c5444599f64361,1,0,1,1,linux,BFC
90c29ed7627b6b4aeb603ee197650173c8434512,0,0,1,1,linux,BFC
4d59588c09f2a2daedad2a544d4d1b602ab3a8af,0,1,1,1,linux,BFC
feef318c855a361a1eccd880f33e88c460eb63b4,3,0,1,1,linux,BIC
7ede5a5ba55a696a6e1d8456526e44635e966a81,3,0,0,1,linux,BIC
b1d40991506aa9f1de310a2e74ef8e3bec6ba215,12,8,56,6,linux,BIC
e0217c5ba10d7bf640f038b2feae58e630f2f958,1,9,36,4,linux,BFC
d0e63b343e575e8b74c185565b0d79a93494bcaa,1,0,4,1,linux,BIC
69687432277132c3740bee3a9ae3d375cf6e86db,68,0,1,1,linux,BIC
e82fc7855749aa197740a60ef22c492c41ea5d5f,7,0,0,1,linux,BFC
77b8aeb9da0490357f1f5a2b0d12125e6332c37a,38,0,4,1,linux,BFC
00e27ad85bc9842e2a775765597e6fe4b6beb584,132,0,32,1,linux,BIC
e6125a254d7d2af806752c9b776d1ff4b565ce2e,0,3,0,1,linux,BFC
a46751fbcde505e6aff8622e17995092c8d86ae4,8,0,10,2,linux,BIC
55dda0abcf9d36bf5c3e21c8423b7c00a1125e27,0,0,5,1,linux,BIC
6cc38acaaa995ad229447d87a3c5a181ba0cc161,0,0,25,1,linux,BFC
711ddb625cf051ef980766b0f8887db93274a4f4,3,0,0,1,linux,BFC
c6ac37d8d8843fb1fdc34e4a2a41a4f027ab670c,1,0,5,1,linux,BIC
068885434ccb20542e0d759aebbefe7a6724d85f,17,0,1,5,linux,BIC
e4c3e133294c0a292d21073899b05ebf530169bd,5,0,0,1,linux,BFC
4f9e1ba6de45aa8797a83f1fe5b82ec4bac16899,91,0,1,3,linux,BIC
4af57ef28c2c1047fda9e1a5be02aa7a6a69cf9e,38,0,4,2,linux,BIC
c6b177a3beb9140dc0ba05b61c5142fcec5f2bf7,0,0,1,1,linux,BFC
1179f170b6f0af7bb0b3b7628136eaac450ddf31,0,0,5,1,linux,BIC
06b39e8506f6dd4e11e1d8fc4d314d72d237ad10,3,0,0,1,linux,BFC
30d17c12b0895e15ce22ebc1f52a4ff02df6dbc6,0,1,2,1,linux,BFC
b904cb8dff824b79233e82c078837627ebd52717,1,3,1,2,linux,BFC
537c1445ab0b1e33ca338b669e347652c45f4e8c,394,6,19,1,linux,BIC
5425fb15d8ee645314bddb305b5663c4ebfb495c,569,0,0,4,linux,BIC
b52f00e6a7154308a08d0a2edab621f277801a2c,102,0,24,1,linux,BIC
ef489749aae508e6f17886775c075f12ff919fb1,2,0,0,1,linux,BIC
387122478775be5d9816c34aa29de53d0b926835,0,0,1,1,linux,BFC
21ce2c121fa07b00b0906bd781590ea362e82ea2,25,5,4,1,linux,BFC
2b5960a0e33b5449712abc9a1b144d7ac874e47c,0,0,1,1,linux,BFC
2f32b51b609faea1e40bb8c5bd305f1351740936,99,13,0,4,linux,BIC
6b80b59b3555706508008f1f127b5412c89c7fd8,43,0,0,5,linux,BIC
bcc816dfe51ab86ca94663c7b225f2d6eb0fddb9,1,0,1,1,linux,BFC
b85bfa246efd24ea3fdb5ee949c28e3110c6d299,22,9,1,1,linux,BFC
0fe554a46a0ff855376053c7e4204673b7879f05,29,0,0,2,linux,BIC
aa2f77920b743c44e02e2dc8474bbf8bd30007a2,0,0,1,1,linux,BFC
682fee802843b332f9c51ffc8e062de5ff773f2e,0,95,0,4,linux,BFC
0fa81b304a7973a499f844176ca031109487dd31,274,28,66,3,linux,BIC
552165bcf7060b998b4a9b5b86110b6a5e04dfd9,2,2,5,2,linux,BFC
92c94dfb69e350471473fd3075c74bc68150879e,3,0,0,1,linux,BFC
dea53bb80e07b9e1641b865493908c20cb8df2ac,63,1,50,3,linux,BIC
ac3158cb01084aa654222f1ad970b6c1af3cef98,15,10,3,2,linux,BIC
7ed9e3d97c32d969caded2dfb6e67c1a2cc5a0b1,25,2,46,1,linux,BIC
8fc75643c5e14574c8be59b69182452ece28315a,163,0,9,2,linux,BIC
9ac1eafa885a9b2d3becd4f2e622829b1f5b9b86,0,30,0,1,linux,BFC
f7116e115acdd74bc75a4daf6492b11d43505125,0,0,1,1,linux,BFC
8daee952b4389729358665fb91949460641659d4,8,0,1,1,linux,BFC
7026b1ddb6b8d4e6ee33dc2bd06c0ca8746fa7ab,60,1,217,39,linux,BIC
39a4940eaa185910bb802ca9829c12268fd2c855,3,0,10,1,linux,BFC
2346ef47e871536cf4e36b77859bfdeb39b49024,42,69,13,1,linux,BFC
7f7fd17ed7c5228229f55f2082c0fd784cc4dad4,0,9,4,1,linux,BFC
c1412fce7eccae62b4de22494f6ab3ff8a90c0c6,16,0,0,1,linux,BIC
68ebf8fe3bce8c167cf83fbd681c1eb1ed419c6c,1,1,0,1,linux,BFC
9660dcbe0d9186976917c94bce4e69dbd8d7a974,0,0,1,1,linux,BFC
b27c82e1296572cfa3997e58db3118a33915f85c,53,23,84,18,linux,BIC
77d8f3068c63ee0983f0b5ba3207d3f7cce11be4,185,0,67,3,linux,BIC
e5ea9b54a055619160bbfe527ebb7d7191823d66,0,0,1,1,linux,BFC
d308ae0d299a6bb15be4efb91849582d19c23213,12,10,0,1,linux,BFC
8aa83e6395ce047a506f0b16edca45f36c1ae7f8,14,12,0,1,linux,BIC
242d9c8b9a9348ca3226323161b5e837937f830f,1,8,0,2,linux,BIC
e70feb8b3e6886c525c88943b5f1508d02f5a683,18,0,3,2,linux,BIC
91305f2812624c0cf7ccbb44133b66d3b24676e4,109,0,4,2,linux,BIC
48ea97fabe75c83adf4e6ff9262bbda229e6ee73,0,0,1,1,linux,BFC
f09d1886a41e9063b43da493ef0e845ac8afd2fa,0,4,0,1,linux,BFC
44d8ebf436399a40fcd10dd31b29d37823d62fcc,3,1,3,1,linux,BIC
6fd8b8503a0dcf66510314dc054745087ae89f94,23,0,2,1,linux,BIC
8280daad436edb7dd9e7e06fc13bcecb6b2a885c,472,0,0,1,linux,BIC
8c4f021d806ac52902856d7cbd148a4b24a88f59,325,0,0,1,linux,BIC
94db151dc89262bfa82922c44e8320cea2334667,12,0,3,1,linux,BIC
2a57d83c78f889bf3f54eede908d0643c40d5418,1,0,0,1,linux,BFC
1d080f096fe33f031d26e19b3ef0146f66b8b0f1,0,0,1,1,linux,BFC
3cddb79afc60bcdb5fd9dd7a1c64a8d03bdd460f,7,2,8,1,linux,BFC
f7ade9aaf66bd5599690acf0597df2c0f6cd825a,0,0,1,1,linux,BFC
64a1b95bb9fe3ec76e1a2cd803eff06389341ae4,2,0,1,1,linux,BIC
f1e8866016b53bd0ea108ae9adbb52da1dd53dab,152,1,2,1,linux,BIC
57b962e627ec0ae53d4d16d7bd1033e27e67677a,6,0,3,1,linux,BFC
85e39feead948bdf8322c961d7a9bebc20d629f3,38,0,8,4,linux,BIC
fdcb613d49321b5bf5d5a1bd0fba8e7c241dcc70,2,0,0,1,linux,BFC
bd6742249b9ca918565e4e3abaa06665e587f4b5,1,0,0,1,linux,BFC
19445816996d1a89682c37685fe95959631d9f32,0,95,4,1,linux,BFC
7cb6a2a2c72c1ed8f42fb01f1a661281b568dead,4,5,3,1,linux,BFC
3a62583c2853b0ab37a57dde79decea210b5fb89,9,0,3,1,linux,BFC
33dd3574f5fef57c2c6caccf98925d63aa2a8d09,10,0,1,1,linux,BIC
43f3b8cbcf93da7c2755af4a543280c31f4adf16,7,0,0,1,linux,BFC
c011ec1bbfd69e091ca8d77e13fc251a07be57dc,1148,0,0,3,linux,BIC
f0b429819b5fbcedd1be15da7277292a0431ddd0,9,0,1,1,linux,BIC
9f173b33843552c48e0136e02e7362c8229c8e57,0,0,6,1,linux,BFC
b17884ccf29e127b16bba6aea1438c851c9f5af1,0,1,4,1,linux,BFC
15e1b99aadfb2766f9379a23a0fc1d4336c8cd8e,15,0,4,3,linux,BIC
ca87931755648655e4b57806deefe5c5d38024de,18,7,43,6,linux,BIC
6475e106821babc0dc478a9cb3fc3973739c43fb,7,13,5,1,linux,BFC
310006cab991fa895cc3a42c53609778b0d50d46,1,0,1,1,linux,BFC
6d5fc1957989266006db6ef3dfb9159b42cf0189,43,14,3,4,linux,BFC
409dcf31538ae6ae96b3a0a1d3211e668bfefe8b,285,0,2,4,linux,BIC
dd0f368398ea100e34259bf812bc482e15c81991,948,0,0,5,linux,BIC
5b102782c7f460d88b42d504c78755eeb030894a,4,490,56,3,linux,BIC
7733f6c32e36ff9d7adadf40001039bf219b1cbe,6926,0,0,14,linux,BIC
d6eef886903c4bb5af41b9a31d4ba11dc7a6f8e8,0,2,3,1,linux,BFC
657f1975e9d9c880fa13030e88ba6cc84964f1db,0,0,2,1,linux,BFC
17a29fea086ba18b000d28439bd5cb4f2b0a527b,3,0,2,2,linux,BFC
f8e9ce4a6e85067d7d7cfa89167f5ce5f0ec2a8a,0,6,0,1,linux,BFC
5967bd5c4239be449744a1471daf60c866486c24,3,0,0,1,linux,BIC
5ddfe0858ea7848c5d4efe3f4319e7543522e0ee,26,17,2,3,linux,BFC
7fc2513aa237e2ce239ab54d7b04d1d79b317110,1,0,0,1,linux,BFC
1e4428b6dba9b683dc2ec0a56ed7879de3200cce,1,0,3,1,linux,BFC
9500acc631dbb8b73166e25700e656b11f6007b6,1,1,0,1,linux,BFC
472eb39103e885f302fd8fd6eff104fcf5503f1b,0,0,2,1,linux,BFC
e670de54c813b5bc3672dd1c67871dc60e9206f4,18,0,4,1,linux,BFC
0da4d48d99dfdb2a69172079f6a56e22689d16ce,1,0,2,1,linux,BFC
28c5107aa904ef9db6b023039d20b6b4c4181675,695,0,0,2,linux,BIC
8804517e9fc16c10081ff5e42e7d80704973a8e2,2,0,2,1,linux,BFC
5c437fa29561f5809ef114ba3a5e80556cc43fb3,0,0,3,2,linux,BFC
638267537ad9c751f9f8b4763e616fe237d379c9,1,0,20,1,linux,BIC
cdc3d2abf4387dbd9c690e44b1c9dc62d1873652,0,11,4,1,linux,BIC
f5b51fe804ec2a6edce0f8f6b11ea57283f5857b,11,0,1,1,linux,BFC
72c8117adfced37df101c8c0b3f363e0906f83f0,16,6,15,1,linux,BFC
90df4bfb4d9e00a1ab6885900b808bef2b62a21c,5,0,7,3,linux,BFC
42f272539487e49c9ea830ad97db41eb9937d5dc,414,0,0,3,linux,BIC
8bc69f86328e87a0ffa79438430cc82f3aa6a194,3,0,1,1,linux,BFC
7ad4bd887d27c6b6ffbef216f19c19f8fe2b8f52,1,5,1,1,linux,BFC
a3b46b86ca76d7f9d487e6a0b594fd1984e0796e,1,0,5,1,linux,BFC
e3190868e5f52fb26544f16463593d54ce46ce61,0,0,1,1,linux,BFC
63899c6f8851c32214b19390254fa1ae90b582df,12,0,0,2,linux,BIC
e83636ac333441a17436a1fcd196308f59cd0b51,145,0,28,3,linux,BIC
fe1053b7859dcbe830212de43befe6c7e4f089a8,4,0,41,1,linux,BFC
8d4b31376974855cd4fb176e5d63ba8e0407928e,35,6,1,1,linux,BFC
c22a8086b384025ab97ce07465420a219697d3f2,1,0,0,1,linux,BFC
d4791db527bf397c84c9956c3ece9692ed5322ac,0,0,1,1,linux,BFC
220675eb2e485519afbe7f3b457f7ce883086482,3,0,0,1,linux,BFC
4327bed2ff8e3ddc57beb27fed8ad2faef240d72,115,0,1,3,linux,BIC
3705a6ef4068cbc9c2344561345d09630fd278ec,0,1,1,1,linux,BFC
2f40c46021bbb3ecd5c5f05764ecccbc276bc690,12,0,7,1,linux,BIC
1c1dc8bda3a05c60877a6649775894db5343bdea,29,20,1,1,linux,BFC
dc87740c8a6806bd2162bfb441770e4e53be5601,2,0,1,1,linux,BFC
49221cf86d18bb66fe95d3338cb33bd4b9880ca5,0,0,1,1,linux,BFC
ec9bfa1e1a796ef7acc2e55917c9b8be5a79e70e,19,3,4,1,linux,BIC
f0cf47d939d0b4b4f660c5aaa4276fa3488f3391,5,0,5,1,linux,BIC
a814dcc269830c9dbb8a83731cfc6fc5dd787f8d,3,3,0,1,linux,BFC
d57f3374ba4817f7c8d26fae8a13d20ac8d31b92,16,11,3,1,linux,BIC
f8c6455bb04b944edb69e9b074e28efee2c56bdd,134,0,8,7,linux,BIC
92ce45fb875d7c3e021cc454482fe0687ff54f29,241,0,0,1,linux,BIC
09dba21b432a13369d6d600941c4902237218f20,4,0,0,1,linux,BFC
b0e302b40873c0418aacaad2aa455bf867c9d1a2,0,0,15,1,linux,BFC
90dedce9bc5446411fde1229e212a9d2b07cd263,39,0,0,2,linux,BIC
c6919d5e0cd168a732034d8dc19fdc3dff683a2b,24,0,0,2,linux,BIC
76f38f1f3cf8f81be3c18ecb7a65dd74afb05851,3,0,8,1,linux,BFC
f79bfda3756c50a86c0ee65091935c42c5bbe0cb,4,3,3,1,linux,BFC
8986f223bd777a73119f5d593c15b4d630ff49bb,2,0,0,1,linux,BFC
aa76829171e98bd75a0cc00b6248eca269ac7f4f,17,0,13,1,linux,BFC
0289e9be5dc26d84dda6fc5492f08ca1ff599744,234,0,0,1,linux,BIC
9f342904216f378e88008bb0ce1ae200a4b99fe8,0,1,7,2,linux,BFC
8f78caa2264ece71c2e207cba023f28ab6665138,0,2,0,1,linux,BFC
dbff26e44dc3ec4de6578733b054a0114652a764,0,0,2,1,linux,BFC
f4044dac63e952ac1137b6df02b233d37696e2f5,0,0,2,1,linux,BFC
2840f84f74035e5a535959d5f17269c69fa6edc5,1,0,0,1,linux,BFC
a8b70ccf10e38775785d9cb12ead916474549f99,37,0,0,1,linux,BIC
cf77d79b4e296d3c65aefa094232694a5977ea9a,47,0,2,1,linux,BIC
b7eede757883a9892dcb7bf0280f4890fc74bcf6,2,0,8,2,linux,BFC
70ed91c6ec7f8bf20369634017d887d48ac979d2,80,17,21,3,linux,BIC
9458ceab49179b7fd2d5192fd9dcf316ca195dc0,15,0,0,2,linux,BIC
140d90098fed269eac61551b4e84fdbcc917843e,10,0,0,5,linux,BFC
62ec0d8c4f332dedf19d6fad15ddea639044d5fe,0,0,2,1,linux,BFC
3f42ac6648723e906c1c10edc0c523aff29963cc,0,0,17,1,linux,BFC
61a7e26028b94805fd686a6dc9dbd9941f8f19b0,7,9,6,4,linux,BIC
255b59ad0db213d693028e52a4b69a98f2381db7,32,23,3,2,linux,BIC
dde61c48303afae6d5db50fc2c9f7199413945e5,0,0,1,1,linux,BFC
a04ea6ae7c6728cd834709f3477e75d4f74583da,60,18,22,6,linux,BIC
4ec4762d8ec6edcfe59fd806472d2b7518debe52,355,8,24,8,linux,BIC
5f4a8ef384db1e1e1d6132e3fac9c43fe670a4e8,36,0,1,1,linux,BIC
34563769e438d2881f62cf4d9badc4e589ac0ec0,10,0,6,1,linux,BFC
d52aec97e5bc40b84fbe348f9d0ab56a6f3face4,24,0,1,1,linux,BIC
0a423772de2f3d7b00899987884f62f63ae00dcb,5,0,2,1,linux,BFC
a568231f463225eb31593f71446a267a03ae0528,771,0,0,2,linux,BIC
68c20cc2164cc5c7c73f8012ae6491afdb1f7f72,0,0,1,1,linux,BFC
751035b8dc061ae434c3311bac9cd6d0e5e00f94,15,5,16,4,linux,BIC
93166f5f2e4dc593cff8ca77ef828ac6f148b0f3,0,0,18,1,linux,BFC
a9c8088c7988e3a8a364cac9c26eba9ee2ea6153,0,1,1,1,linux,BIC
03832a32bf8ff0a8305d94ddd3979835a807248f,1,0,0,1,linux,BFC
9054fc6d57e80c27c0b0632966416144f2092c2b,0,5,3,1,linux,BFC
f7879b4cea4b7867e7382efdbd805fbe35835337,1,0,2,1,linux,BFC
a288f105a03a7e0e629a8da2b31f34ebf0343ee2,3,0,0,1,linux,BFC
6c11dc060427e07ca144eacaccd696106b361b06,0,0,3,1,linux,BFC
d9dd833cf6d29695682ec7e7924c0d0992b906bc,20,0,0,1,linux,BIC
fadd94e05c02afec7b70b0b14915624f1782f578,14,0,3,1,linux,BIC
3aa5fa030558e2b0da284fd069aeb7178543c987,0,2,0,1,linux,BFC
a867bde3dd037ea5e9f1c5268d22d4bc4fa399b9,1033,0,0,2,linux,BIC
9f77d19207a0e8ba814c8ceb22e90ce7cb2aef64,5,0,0,1,linux,BFC
ce1050089c969b96c797118f9cb0cf5a421ddc69,17,17,0,2,linux,BFC
17081633e22d83be928a779fd7acd04b247dec90,3,2,0,1,linux,BFC
7e97e4cbf30026b49b0145c3bfe06087958382c5,0,0,1,1,linux,BFC
e7a3ff92eaf19eab14e8149758428e680c61706b,371,0,4,3,linux,BIC
510022a85839a8409d1e6a519bb86ce71a84f30a,71,1,41,6,linux,BIC
583958fa2e522139a5fe8b039069e31502c20d31,71,0,8,1,linux,BIC
3a8a5aba142a44eaeba0cb0ec1b4a8f177b5e59a,7,0,1,2,linux,BFC
c1b972a18d05d007f0ddff31db2ff50790576e92,3,0,0,1,linux,BIC
47fa0336c1b7cfe2003e1e2671f588184ad08e1d,1,0,1,1,linux,BFC
a8939766c75c06b5a0ab691ecbba9347e4e520cf,1,0,1,1,linux,BFC
9d7e8c3a96e5a903a4e0951e08f7fa6957170bef,9,1,7,1,linux,BIC
b378722a3e9bb51318c0de7eeb4d71f2fcd6987f,0,0,2,1,linux,BFC
0843c092ee75bb375fbbb6b97a7c55e0069ae099,1,0,0,1,linux,BFC
64bf0eef0171912f7c2f3ea30ee6ad7a2ad0a511,25,37,4,1,linux,BIC
6cf09958f32b9667bb3ebadf74367c791112771b,0,0,2,1,linux,BFC
7c518460303353084ebcfca99bc4b67ce33745a1,0,0,1,1,linux,BFC
3695310e37b4e571d40593cbe59188b0006a2274,20,36,276,7,linux,BIC
e933836744a2606e6cd42a6a83e5e43da2a60788,127,0,0,1,linux,BIC
1b852bceb0d111e510d1a15826ecc4a19358d512,7,7,3,4,linux,BIC
e4244ebddae27e9200146bba897f12a3950ce722,122,0,0,3,linux,BIC
418d29c8706170c6801998e48341181b274a47a8,25,21,17,8,linux,BIC
541c3bad8dc51b253ba8686d0cd7628e6b9b5f4c,164,0,30,6,linux,BIC
89e4130939a20304f4059ab72179da81f5347528,0,0,4,1,linux,BFC
16994374a6fc6a620aae199243c34ccb9efa0ac7,105,0,0,1,linux,BIC
2d889db7626d2b6d67f402e2478b11f9a49b44e3,0,0,1,1,linux,BFC
0e9a709560dbcfbace8bf4019dc5298619235891,11,5,9,2,linux,BIC
f9c14e46748be9a2adafdb7d216f6cdeb435aadc,8,5,6,3,linux,BFC
1636d1d77ef4e01e57f706a4cae3371463896136,2,0,0,1,linux,BFC
ed797074031a37bb9bf4a70952fffc606b77274d,0,1,1,1,linux,BFC
2048e3286f347db5667708e47448176b5329e8d8,3083,0,0,10,linux,BIC
06d9532fa6b34f12a6d75711162d47c17c1add72,1,0,12,2,linux,BIC
c01b723a56ce18ae66ff18c5803942badc15fbcd,4,0,2,1,linux,BFC
8f18eca9ebc57d6b150237033f6439242907e0ba,4,0,0,2,linux,BIC
a4585ba2050f460f749bbaf2b67bd56c41e30283,2,1,29,1,linux,BIC
ee28b30cbbe0b490f52ba222c9d392b99581545e,0,0,1,1,linux,BFC
abb621844f6a0c93bbc934f9a096752c4c1c5722,1,0,2,1,linux,BIC
f5d39b020809146cc28e6e73369bf8065e0310aa,92,277,118,32,linux,BIC
b5fa57ddc4a2492441a1391f07d5c8a282271249,0,0,2,1,linux,BFC
60797a21dd8360a99ba797f8ca587087c07bb54c,4,0,2,1,linux,BFC
7e10bf427850f2d7133fd091999abd5fc1755cdb,2,6,3,1,linux,BFC
8f1880cbe8d0d49ebb7e9ae409b3b96676e5aa97,0,0,1,1,linux,BIC
782710e333a526780d65918d669cb96646983ba2,1,0,0,1,linux,BFC
aec51758ce10a9c847a62a48a168f8c804c6e053,1,0,1,1,linux,BFC
835da3f99d329b1160a1f7fc82c7ac81163d63d0,0,0,3,1,linux,BFC
7a5bc4e22ecfd74dc3662342beaa909770a3b786,67,23,14,1,linux,BIC
2d4aa21a73ba1019195f2200361c0fabe6f7d261,392,0,0,1,linux,BIC
0ba83aa037da456bb73868e5cc20558c5a644414,10,0,8,1,linux,BFC
b37d83a6a41499d582b8faedff1913ec75d9e70b,33,0,0,2,linux,BIC
0e62fd836e4c2908cc1e32c68806529b4f859955,0,1,0,1,linux,BFC
b30edfd8d0b4b22f9c17c208064b39a3d93e6971,270,22,51,5,linux,BIC
6345016d4bea6a82300c209d99e7f593800e3b4e,1,0,0,1,linux,BFC
570425f8c7c18b14fa8a2a58a0adb431968ad118,8,6,0,1,linux,BFC
e85a96e48e3309c3009541b9b8dd7a27e23fd474,130,0,0,3,linux,BIC
0827444d052ba5347900376dbdbf5d9065d091d4,4,0,0,1,linux,BFC
14aa8b2d5c2ebead01b542f62d68029023054774,0,2,0,1,linux,BFC
5a07168d8d89b00fe1760120714378175b3ef992,4,0,0,1,linux,BFC
3d4fbffdd703d2b968db443911f2147c732a4a48,1,0,1,2,linux,BIC
cc0909248258f679c4bb4cd315565d40abaf6bc6,14,0,0,1,linux,BFC
aa9029479ef3fb88145cad3220e24a110c6ae723,1,1,0,1,linux,BFC
26391e49d5b0f0c33eb4b28a312d2ecc094d7489,9,0,3,1,linux,BFC
a8979cc55c0034fbe129904936cfc4b5bf41e59b,2,2,0,3,linux,BFC
1f81b6d22a5980955b01e08cf27fb745dc9b686f,12,20,19,3,linux,BIC
821996795973fd52703c35811a03db9fec1ac141,0,0,1,1,linux,BFC
75e68e5bf2c7fa9d3e874099139df03d5952a3e1,19,0,2,1,linux,BFC
382409b4c43e5b44ae4a869ff793d3cf01d12004,1,0,0,1,linux,BFC
bbc4d71d63549bcd003a430de18a72a742d8c91e,2,1,14,1,linux,BIC
695dd0d634df8903e5ead8aa08d326f63b23368a,1,0,1,1,linux,BIC
a0eea5f10eeb5180d115452b0d77afa6603dfe18,4,24,8,1,linux,BFC
eb1723a29b9a75dd787510a39096a68dba6cc200,9,178,206,2,linux,BIC
46eb1701c046cc18c032fa68f3c8ccbf24483ee4,34,16,5,1,linux,BFC
df191632f814357ee4d646421662d866028b569d,5,0,4,3,linux,BFC
ae15a41a641449f536578b0d9ec0e4ade130deb5,0,0,1,1,linux,BFC
6f4576e3687b1f93145b89fce49d6a8fec9e7dc2,50,94,42,1,linux,BIC
1ccef350db2f13715040a10df77ae672206004cf,1,0,1,1,linux,BFC
e72bde6b66299602087c8c2350d36a525e75d06e,0,1,0,1,linux,BFC
db9c1007bc07436119aa897959369408b70a6fc4,2,2,6,1,linux,BIC
900ed72c8a190e8c0b87cb17abc645b8ec713011,0,0,2,1,linux,BFC
2f45a4e2897793cc6ae25f5fe78b485ce7fd01d0,0,0,5,1,linux,BFC
63db7c815bc0997c29e484d2409684fdd9fcd93b,14,1,14,2,linux,BFC
db5ae1c155af7a76c9f538bf134066303089679d,15,0,0,1,linux,BIC
3c92db9ac0ca3eee8e46e2424b6c074e2e394ad9,648,0,0,3,linux,BIC
46d2c20b0b10cf07a2a24b047a09195ba96c84f7,0,0,1,1,linux,BFC
fd3a88625844907151737fc3b4201676effa6d27,7,4,9,6,linux,BFC
eec94fdb04806790c7b7e6ea347820064cc6d467,25,8,7,3,linux,BIC
fade56410c22cacafb1be9f911a0afd3701d8366,13,0,9,3,linux,BFC
84a53580c5d2138c7361c7c3eea5b31827e63b35,5,0,0,1,linux,BFC
44b4dc616365d7897808555d415099330e3af9df,566,0,0,2,linux,BIC
33f8b9ecdb15bc8a3c6be0072a7e0f7a345856f1,9,6,4,1,linux,BIC
649cab56de8eb2952498de9b752761ca980cb88a,15,0,19,3,linux,BIC
d2995249a2f72333a4ab4922ff3c42a76c023791,0,0,1,1,linux,BFC
f2113c3020ef9f9bebc4632596ac5a3c3e80dc25,79,0,6,1,linux,BIC
70132763d5d2e94cd185e3aa92ac6a3ba89068fa,0,0,1,1,linux,BFC
f0abc761bbb9418876cc4d1ebc473e4ea6352e42,1,1,0,1,linux,BFC
e74bad6b015b732d8269a8ddfb303c9b33092722,1,0,2,1,linux,BFC
75250eb75c828eebda77e23f44de0f037546ea9a,0,55,1,1,linux,BFC
e46abbcc05aa8a16b0e7f5c94e86d11af9aa2770,24,0,16,4,linux,BIC
414d9ff3f8039f85d23f619dcbbd1ba2628a1a67,9,0,1,1,linux,BFC
82c9a927bc5df6e06b72d206d24a9d10cced4eb5,0,0,1,1,linux,BFC
9e4028935cca3f9ef9b6a90df9da6f1f94853536,0,4,2,1,linux,BFC
609d7ffdc42199a0ec949db057e3b4be6745d6c5,15,0,1,1,linux,BFC
16065fcdd19ddb9e093192914ac863884f308766,13,0,0,1,linux,BIC
d7e2e4a68fc047a025afcd200e6b7e1fbc8b1999,6,0,0,2,linux,BFC
334f485df85ac7736ebe14940bf0a059c5f26d7d,1189,0,6,4,linux,BIC
d384d6f43d1ec3f1225ab0275fd592c5980bd830,341,0,0,4,linux,BIC
e65e1535542931e51189832264cd282e5899e4b9,178,15,6,1,linux,BIC
87760e5eef359788047d6fd54fc12eec74ce0d27,144,0,4,6,linux,BIC
f8fbfd85f5c95fff477a7c19f576725945891d0c,2,0,2,1,linux,BFC
6e4e636e0e3e0b5deffc5e233adcb2cd4e68f2d0,7,0,3,1,linux,BFC
c4159a75b64c0e67caededf4d7372c1b58a5f42a,10,6,8,3,linux,BFC
c6e2bd956936d925748581e4d0294f10f1d92f2c,0,3,5,1,linux,BIC
9641d9bc9b75f11f70646f5c6ee9f5f519a1012e,1,0,4,1,linux,BFC
f701b16d4cc535d24facdfdd21dc97a3691e5576,85,0,0,2,linux,BIC
8efe1223d73c218ce7e8b2e0e9aadb974b582d7f,1,0,0,1,linux,BFC
b5e22886839ae466fcf03295150094516c0fd8eb,1,0,0,1,linux,BFC
1241365f1aeb24ef0ffe82970f7c558022ddc85f,40,0,3,1,linux,BFC
7c3fb70f0341f9d924818e648906774921f4bcb3,19,17,5,2,linux,BIC
8d724823220862ce289be3b50119235e03537597,213,0,1,2,linux,BIC
e954af1343f6334bf7e081f2631cc2902d07a0ee,31,0,22,1,linux,BFC
b18c6c3c7768b7b81c2250bbccd0c3c0aed6b71f,0,44,1,1,linux,BIC
c3c290276927a3ae79342a4e17ec0500c138c63a,1,0,1,1,linux,BFC
247f2f6f3c706b40b5f3886646f3eb53671258bf,3,0,0,1,linux,BIC
6f03055d508ff4feb8db02ba3df9303a1db8d381,6,0,0,1,linux,BFC
9c7ba1d7634cef490b85bc64c4091ff004821bfd,1,0,1,1,linux,BFC
4694ae373dc2114f9a82f6ae15737e65af0c6dea,11,0,0,1,linux,BFC
84894e1c42e9f25c17f2888e0c0e1505cb727538,1,0,0,1,linux,BFC
c65540453e150844367ffe98e45d5175181b2ec1,0,0,2,1,linux,BFC
01e881f5a1fca4677e82733061868c6d6ea05ca7,2,1,0,1,linux,BFC
8d056c48e486249e6487910b83e0f3be7c14acf7,41,0,8,1,linux,BIC
a639bb72c26f1175f56fcd3477a18381ae284ddb,1,0,0,1,linux,BFC
be086e7c53f1fac51eed14523b28f2214b548dd2,2797,791,1435,38,linux,BIC
59b6d859ff0e36872396afdd3d853036408a87dc,32,13,0,1,linux,BFC
9f4ec904dbd4eb1a2db10d5e7dc16eae386fe64d,3,0,1,1,linux,BFC
d434936e4cbb10181463622962f30b989d3e9e19,0,3,1,2,linux,BFC
5d85a822fae2b484f26ddb09815063a88962a0cb,0,0,1,1,linux,BFC
f4056bfd8ccff4475417078d6e5456dfa1962dd3,29,0,1,2,linux,BIC
97c79a38cd454602645f0470ffb444b3b75ce574,17,0,6,5,linux,BIC
67e4145ebf2c161d7404770461b8404f00a6d3bf,3,0,0,1,linux,BIC
797f87f83b60685ff8a13fa0572d2f10393c50d3,11,1,2,1,linux,BIC
b05d4e481eff1b4cdd38d9bb7914d3273b11885b,11,0,5,1,linux,BIC
b884fa46177659166ab6a9fd87640b9cd5f04fe7,374,443,17,9,linux,BIC
1a9e38cabd80356ffb98c2c88fec528ea9644fd5,0,0,1,1,linux,BFC
e261768e9e395b3bd71946104afd5550f77d049b,49,0,25,3,linux,BIC
377e208f44784174f3002d9892d553715a3ab71b,4,0,0,1,linux,BFC
de8fd138430ccac4b8f7b812e5c6f8963b5ccf07,0,0,1,1,linux,BFC
59cb403f38099506ddbe05fd09126f3f0890860b,7,0,2,1,linux,BFC
63987bfebd8869e00b34e2bdd12e59d71909bec0,2,2,0,2,linux,BFC
00ddff431a458bbf143ea7c4c42d022676da1b17,4,0,2,1,linux,BFC
086c921a354089f209318501038d43c98d3f409f,9,0,47,1,linux,BFC
06998a756a3865817b87a129a7e5d5bb66dc1ec3,3,0,0,1,linux,BFC
24919fdea6f8b31d7cdf32ac291bc5dd0b023878,46,1,2,3,linux,BFC
f3da882eae2d6ba6c72062a46344ba096a7c2b3d,0,4,0,1,linux,BFC
55655e3d1197fff16a7a05088fb0e5eba50eac55,1,0,1,1,linux,BFC
d4d75128b8fd727d42c775a16b41634d09409dba,7,0,0,1,linux,BIC
75d11676dccb643de1e850c8a29f5e9aa58157c0,21,0,9,1,linux,BIC
05bc1be6db4b2683bbf5b9394a75d0fb3acfcede,226,58,59,7,linux,BIC
4a9af6cac050dce2e895ec3205c4615383ad9112,31,0,14,2,linux,BIC
f21a9df3f7cb0005947679d7b9237c90574e229a,150,0,76,1,linux,BFC
5c3f18cce08364ef68163228c0b42725d64cd353,22,0,2,2,linux,BIC
40998193560dab6c3ce8d25f4fa58a23e252ef38,0,8,4,1,linux,BIC
c1acb4ac1a892cf08d27efcb964ad281728b0545,0,0,1,1,linux,BFC
adc99fd378398f4c58798a1c57889872967d56a6,3,0,0,1,linux,BFC
7208474d1c7af9f86dfb1f20bfa2abbe22ad2017,0,2,1,1,linux,BFC
2c0f5292d5358c2c5576146071d641110c3c1612,0,8,1,1,linux,BFC
0a94efb5acbb6980d7c9ab604372d93cd507e4d8,7,0,5,2,linux,BIC
4ccc03e28ec309173f434fa38b48b6ad65ff5d1b,0,0,1,1,linux,BFC
6d5f1ef838683efba01bacb7854f6516fbcbae17,0,1,5,1,linux,BFC
fd3307130344ef5fa5af0089d343ca4fc074322e,3,0,5,1,linux,BFC
08f08bfb7b4cc7b7037c8818acb1b6abccf2bd0e,3,289,11,2,linux,BIC
5ef288d42aefef63f728116818a097b3caf000a5,0,0,1,1,linux,BFC
9d5722b7777e64de2d932f46cfee7765fdcc60d6,18,6,14,2,linux,BIC
626d2f07de89bf6be3d7301524d0ab3375b81b9c,3,0,8,1,linux,BFC
b5d29843d8ef86d4cde4742e095b81b7fd41e688,22,20,0,2,linux,BIC
930c532869774ebf8af9efe9484c597f896a7d46,109,39,4,1,linux,BIC
8e0ab8e26b72a80e991c66a8abc16e6c856abe3d,0,1,7,1,linux,BFC
03a3180e5c09e1cd73867f5f561cba1e43abeeb8,177,4,112,6,linux,BIC
e3829d15460feb884805012c72ec4a17402822eb,3,0,5,1,linux,BFC
08820528c9d3ff0d0eda047d7ef5ecac2da1ef6c,0,2,3,1,linux,BFC
17ccae8bb5c928946f6f3af14626ec458f74e6ad,724,0,0,6,linux,BIC
2a86487786b5c9ce7bee21efc9ce196bb7fe0aed,42,0,3,1,linux,BIC
6a2febec338df7e7699a52d00b2e1207dcf65b28,6,0,2,2,linux,BIC
1114e2d3173190be3e7339449c45ef11302d905a,120,0,2,1,linux,BIC
88d06362d1d052e4c844ac95a2ca308ed4d90452,22,1,25,2,linux,BIC
e1a00b5b253a4f97216b9a33199a863987075162,17,3,11,1,linux,BFC
b9e69e127397187b70c813a4397cce7afb5e8cb1,231,78,130,16,linux,BIC
33d04d0fdba9fae18c7d58364643d2c606a43dba,0,1,1,1,linux,BFC
cd2f076f1d7ac20a93029ab38646b303f1c1468e,66,28,44,2,linux,BIC
c7e661a1c2ae98a4754db6a85fc686b4a89322ad,38,6,25,1,linux,BFC
f9324952088f1cd62ea4addf9ff532f1e6452a22,165,150,4,4,linux,BIC
156650083f7d6fa04e580bb148dbb6f9a70c7e1a,0,0,1,1,linux,BFC
8c6123e150f26eda011bc284e7aff221ea4d306b,21,0,0,1,linux,BFC
fd307a4ad332ef50be5569c92490219e7cd84ce5,111,5,25,3,linux,BIC
3ee06a6d532f75f20528ff4d2c473cda36c484fe,0,1,3,1,linux,BIC
e98131222ff931a670739cede00d1fb9d6f83763,442,0,0,3,linux,BIC
5e9859699aba74c0e297645e7d1734cd4b964de7,223,0,0,4,linux,BIC
f9bc5227652df4900eff12a9b8b38e9a8c7c78ea,0,0,2,1,linux,BFC
2fa299a917adb2db2d486b9e4a3072865ce70a03,1,0,1,1,linux,BFC
1ae1df3a119395048a7b2614315d7e88d88a78f3,57,7,46,3,linux,BIC
623fd246bb40234fe68dd4e7c1f1f081f9c45a3d,0,0,1,1,linux,BFC
8c21c54a53ab21842f5050fa090f26b03c0313d6,6,0,1,1,linux,BFC
d0c2f4fa555e70324ec2a129b822ab58f172cc62,26,0,8,3,linux,BIC
3c940660cb1ea6c952bb863040cdacafd5077448,0,0,23,3,linux,BFC
68ac5b3c8db2fda00af594eca4100aceaf927c0e,84,0,3,1,linux,BIC
fee0fb1f15054bb6a0ede452acb42da5bef4d587,2,0,2,1,linux,BFC
7b2f3eb492dac7665c75df067e4d8e4869589f4a,745,0,0,5,linux,BIC
d8aa712c30148ba26fd89a5dc14de95d4c375184,1,0,3,3,linux,BFC
0c1f91b98552da49d9d8eed32b3132a58d2f4598,0,0,2,1,linux,BFC
f6bbf0010ba004f5e90c7aefdebc0ee4bd3283b9,2,0,1,1,linux,BFC
dd9d9f5907bb475f8b1796c47d4ecc7fb9b72136,23,5,9,1,linux,BFC
49d73912cbfcaa3eba109a44ee71200c12fa27ef,0,2,67,10,linux,BIC
2b4dba55b04b212a7fd1f0395b41d79ee3a9801b,3,61,2,1,linux,BFC
71dca5539fcf977aead0c9ea1962e70e78484b8e,1,0,1,1,linux,BFC
8af2a218de38f51ea4b4fa48cac1273319ae260c,92,0,19,4,linux,BIC
0ccdb8407a4660f6dbc5977bc060917d2c3e7986,10,0,3,2,linux,BIC
71cffebf6358a7f5031f5b208bbdc1cb4db6e539,0,3,0,1,linux,BFC
10e62b47973b0b0ceda076255bcb147b83e20517,35,1,1,1,linux,BFC
c2f8d7cb32cd95e3005bed58ce02afa686b9f357,4,0,1,1,linux,BFC
06989c799f04810f6876900d4760c0edda369cf7,6,2,0,1,linux,BFC
3abea10e6a8f0e7804ed4c124bea2d15aca977c8,4,0,0,1,linux,BFC
4a6772f514891eaacf26bcb7c2c808c557d23c6f,1,7,0,1,linux,BFC
b21bd5a4b130f8370861478d2880985daace5913,9,9,0,2,linux,BFC
56841070ccc87b463ac037d2d1f2beb8e5e35f0c,0,0,1,1,linux,BFC
baaf965f94308301d2dc554d72a87d7432cd5ce6,0,0,2,1,linux,BFC
0837e86a7a3422b85aa45c6f4631f6a3f74cbd01,67,0,2,3,linux,BIC
0010d6b444064029f924b4973f74b87579daddc6,91,0,7,1,linux,BIC
e1d2699b96793d19388e302fa095e0da2c145701,11,0,5,2,linux,BFC
bd59b343a9c902c522f006e6d71080f4893bbf42,15,0,0,1,linux,BFC
329f45bc4f191c663dc156c510816411a4310578,28,8,3,4,linux,BIC
9014eab6a38c60fd185bc92ed60f46cf99a462ab,0,0,1,1,linux,BFC
b96af92d6eaf9fadd77aa798c508a8a9d2e60020,113,0,0,2,linux,BIC
4ab6c99d99bb1bf0fbba8ff4e52114c66109992f,96,0,10,2,linux,BIC
490274b47468793e3e157c2df6b2da0e646cc4a9,28,7,1,3,linux,BFC
369d6b7f00977eb9090212d4a47ac71f3ec5c217,0,0,2,1,linux,BFC
63cdbc06b357dcb3a7104a421ee4a4550d7fadfd,3,3,0,1,linux,BFC
e816c201aed5232171f8eb80b5d46ae6516683b9,5,0,2,1,linux,BFC
b8fc780137b4b2d7b84d75488b429fd882e0dd3b,1,0,0,1,linux,BFC
d70262ea0e36af4f7812e67108baa818592cde8f,4,0,0,1,linux,BFC
07096f612fdf2bb5578cd1fecb2884bdbb1cde42,0,0,2,1,linux,BFC
004f6f462d4127350fce1a2822d00990baedf3a0,1,0,1,1,linux,BFC
c16aea129bf788127465771cab97134a94af33e4,3,0,52,1,linux,BFC
16a34574c6ca12bb8fd73ae034acd5b536d3cdaa,0,18,5,3,linux,BIC
e0f46eb9f64ca2e97d242b6e02b8ae2c7fe6dc56,0,0,4,2,linux,BFC
fcc028c106e5750aa66dc43595b3f29f88801ff0,0,0,4,1,linux,BFC
c10d12e3dce8efc24af2478d45b0313796b20387,1707,0,6,8,linux,BIC
31457db3750c0b0ed229d836f2609fdb8a5b790e,2,0,2,1,linux,BFC
044d71bc6cdee8980d0fdc35ec79a0d5818b2ce3,0,0,2,1,linux,BFC
1d78dfde33a02da1d816279c2e3452978b7abd39,3,0,3,1,linux,BFC
ea7a80858f57d8878b1499ea0f1b8a635cc48de7,4,0,5,2,linux,BFC
1eb42f965cedafb700e9c902ddafb1c51e3117f7,2,10,57,3,linux,BIC
d9321a03efcda867b3a8c6327e01808516f0acd7,0,1,0,1,linux,BFC
ed04fe8a0e87d7b5ea17d47f4ac9ec962b24814a,0,5,0,1,linux,BFC
b53548f9d9e4ca9203095afe2fadc97c982d50ee,0,4,0,1,linux,BIC
5037d4ddda31c2dbbb018109655f61054b1756dc,3,0,1,1,linux,BIC
56cbb429d911991170fe867b4bba14f0efed5829,13,16,13,4,linux,BIC
0929249e3be3bb82ee6cfec0025f4dde952210b3,0,0,1,1,linux,BFC
d35dcc89fc93d8f071fc7f88ae87697a77bb99d0,1,0,13,1,linux,BIC
43986798fd504c8cd846e3c65bcf732e3f971938,7,0,0,1,linux,BIC
2aab7a2055a1705c9e30920d95a596226999eb21,0,0,1,1,linux,BFC
e9d0e7511fda92a6511904996dd0aa57b6d7687a,0,0,1,1,linux,BFC
707631ce639651e51bfed9e56326cde86f9e97b8,0,5,4,1,linux,BFC
e97b21e94652f5f0d1c196452c111151f6d15883,14,0,3,1,linux,BFC
f0dd7bf5e33066e554442c509ef6351728b95b51,112,0,1,5,linux,BIC
9842452acd3dae661f4430c4460edd1fc188377f,15,0,2,1,linux,BIC
dd8bcd1768ff76bf2da1154897871adcc4ec078a,97,0,6,2,linux,BIC
2be7828c9fefc8cd205d1948faac48da8ce6c2ef,6,45,11,2,linux,BIC
1d0e850a49a5b56f8f3cb51e74a11e2fedb96be6,6,1,5,2,linux,BFC
29e85f53fb58b45b9e9276dcdf1f1cb762dd1c9f,0,0,2,1,linux,BFC
341f741f04beceebcb30daa12ae2e5e52e64e532,147,27,52,4,linux,BIC
dd9d4e7498de37d79f00cfe562db1daf77bc2651,252,0,0,2,linux,BIC
e7dc481c92060f9ce872878b0b7a08c24713a7e5,0,0,1,1,linux,BFC
f0c2ba1ed4ad868331d8c6ea9119669a729b01a9,38,15,9,1,linux,BFC
63ffcbdad738e3d1c857027789a2273df3337624,7,7,0,1,linux,BFC
1358c13a48c43f5e4de0c1835291837a27b9720c,6,3,7,3,linux,BIC
3d3539018d2cbd12e5af4a132636ee7fd8d43ef0,72,47,1,3,linux,BIC
298447928bb1c6bda9ad6f2ce3958d15c329816b,25,0,0,2,linux,BIC
a7f1e69d4974666ea40886ee4801aebb2729ea81,10,7,9,1,linux,BFC
7f77897ef2b6a5ee4eb8bc24fe8b1f3eab254328,1,0,1,1,linux,BIC
48e01504cf5315cbe6de9b7412e792bfcc3dd9e1,15,17,3,1,linux,BFC
c08e58438d4a709fb451b6d7d33432cc9907a2a8,1,0,5,1,linux,BFC
beb8e5e4f38cc3e4c2839cfc143e0312bf53d0e0,21,0,4,2,linux,BIC
c05b9d7b9f3ece2831e4e4829f10e904df296df8,0,0,1,1,linux,BFC
a61072aae693ba08390f92eed1dd0573fa5c3cd9,1,16,30,5,linux,BIC
eb111869301e15b737315a46c913ae82bd19eb9d,6,0,0,1,linux,BIC
9f34519a82356f6cf0ccb8480ee0ed99b3d0af75,0,1,0,1,linux,BFC
ae5e6c6439c3d0ac8e9c71523790ba1ff6887894,4,24,1,1,linux,BIC
a0ddee65c527d877e798205c1391c6170e580c66,0,1,0,1,linux,BFC
e114e473771c848c3cfec05f0123e70f1cdbdc99,4095,0,3,5,linux,BIC
1f32478f8fe5ac6f2f49670fc909f086c44a4b2f,0,6,0,1,linux,BFC
c05cd3645814724bdeb32a2b4d953b12bdea5f8c,197,0,36,6,linux,BIC
af18fa775d07aeb92d4598df5364a21489aa4141,13,5,3,2,linux,BIC
76c03bf8e2624076b88d93542d78e22d5345c88e,4,0,3,1,linux,BFC
b8000586c90b4804902058a38d3a59ce5708e695,11,0,13,2,linux,BFC
73c5de0051533cbdf2bb656586c3eb21a475aa7d,3,131,174,2,linux,BIC
374eb1b55540c99af4e2417a2d51ff5f56cfdb70,0,0,2,1,linux,BFC
bafa96541b250a7051e3fbc5de6e8369daf8ffec,285,81,24,4,linux,BIC
71680c18c8f22deafbaaf76d1c2d0eed2899a3d2,15,10,19,5,linux,BIC
6463d3930ba5b6addcfc8f80a4543976a2fc7656,0,0,1,1,linux,BFC
ab8384442ee512fc0fc72deeb036110843d0e7ff,1,0,2,1,linux,BFC
1baca4ce16b8cc7d4f50be1f7914799af30a2861,946,0,17,5,linux,BIC
be99c84300950e876074916b215b511f69f83d3b,1,0,1,1,linux,BFC
ca724305a2b02abcbecbf22577536fc8e965ab4f,110,0,6,1,linux,BIC
c2c928c93173f220955030e8440517b87ec7df92,4,0,6,1,linux,BFC
5a12a07e4495d1e4d79382e05c9d6e8b4d9fa4ec,6,0,36,2,linux,BFC
79d0636ac7f839d57680305a462f0d8ff9bb13ec,4,0,8,1,linux,BFC
832d11c5cd076abc0aa1eaf7be96c81d1a59ce41,423,3,4,4,linux,BIC
13dfc0540a575b47b2d640b093ac16e9e09474f6,212,126,13,3,linux,BIC
11e5890b5342c82eefbaa39aec4767ae21ae8803,15,176,206,1,linux,BIC
fea03b1cebd653cd095f2e9a58cfe1c85661c363,1,0,0,1,linux,BFC
f1d981eaecf8ace68ec1d15bf05f28a4887ea6fb,28,0,8,2,linux,BIC
5c6360ee4a0e7f62de34341ad5d3c936f49b391d,0,0,1,1,linux,BFC
e403d00573431e1e3de1710a91c6090c60ec16af,341,0,2,2,linux,BIC
614ab80c96474682157cabb14f8c8602b3422e90,40,9,49,1,linux,BFC
9388093db44356af911adf3d355b7544a13a63cd,8,0,0,1,linux,BFC
41d9d44d725808f27b53f266733e6d17d83020ba,274,0,0,6,linux,BIC
d22d2474e3953996f03528b84b7f52cc26a39403,0,0,6,1,linux,BFC
7cc97d77ee8a90a6389b96a62472cddc02475ffc,34,0,0,1,linux,BIC
ca49bfd90a9dde175d2929dc1544b54841e33804,31,9,41,5,linux,BFC
b91e5492f9d7ca89919cfe8b0c5b5996263182f7,1,0,4,1,linux,BIC
df1036da90108b1a9969721beab34f4c76228bcc,24,0,1,2,linux,BFC
e4bf1b0970ef96135c78c7dcf4e14484ce3b9804,1206,0,0,3,linux,BIC
3a715e80400f452b247caa55344f4f60250ffbcf,3,0,3,1,linux,BFC
13067ef73f337336e3149f5bb9f3fd05fe7f87a0,1,1,0,1,linux,BFC
0c775d5208284700de423e6746259da54a42e1f5,0,0,1,1,linux,BFC
52759c0963510a2843774aac9b65ccaed3308dc0,3,2,0,1,linux,BFC
d5e649a5a53767d48c244ca009168941adf3bb9a,4,0,10,1,linux,BFC
3fc3edf141fd78f624194eb89d7b37ff86138422,2,0,0,2,linux,BFC
51696d346c49c6cf4f29e9b20d6e15832a2e3408,1,0,0,1,linux,BFC
02143c2931c3c0faf088c5859a10de6c2b4f2d96,0,0,1,1,linux,BFC
d710359c0b445e8c03e24f19ae2fb79ce7282260,0,0,2,1,linux,BFC
943c8a80830b88b7b203fa3e2d755620d85129d1,5,0,0,1,linux,BFC
8e601a9f97a00bab031980de34f9a81891c1f82f,5,0,0,1,linux,BFC
09b6816437514e2e857f6ad7fe07c668989b7399,0,0,1,1,linux,BFC
0c8eb2884a42d992c7726539328b7d3568f22143,0,0,1,1,linux,BFC
c09290c5637692a9bfe7740e4c5e693efff12810,2,0,2,1,linux,BFC
0412841812265734c306ba5ef8088bcb64d5d3bd,9,2,3,1,linux,BIC
fd4b204a0971854c35795ab60b3673a5b57dfebc,1,0,0,1,linux,BFC
d094c4d5f5c7e1b225e94227ca3f007be3adc4e8,58,41,13,2,linux,BIC
4cebc1de506fa753301266a5a23bb21bca52ad3a,6,0,2,1,linux,BFC
b34ca60148c53971d373643195cc5c4d5d20be78,7,0,0,1,linux,BFC
97365e81366f5ca16a9ce66cff4dd4c5b0d9f4db,1,0,0,1,linux,BIC
79604c5de2c30b67079b9bfff48dae4bbd05ec4f,0,0,4,1,linux,BFC
65498c6ae2414a1425aa6c4231e79e2998afec05,24,7,5,1,linux,BIC
0abfd494deefdbab66ac03c1181a614285e7d90c,0,0,9,5,linux,BIC
dc30c35be720aa7c62bd9fa4d506be2d686e9165,411,4,7,4,linux,BIC
538c08f4c89580fc644e2bc64e0a4b86c925da4e,1,0,1,1,linux,BFC
a8f7e08a81708920a928664a865208fdf451c49f,0,0,2,1,linux,BFC
69ad4ef868c1fc7609daa235dfa46d28ba7a3ba3,1,0,2,1,linux,BFC
2549cc967ebb4043f3507b55e3dc579f44d3b516,0,0,1,1,linux,BFC
9402c684613163888714df0955fa1f17142b08bf,32,25,5,5,linux,BIC
d607667bb8fa2811679ed2c8a5b09d0d4da8c5b9,47,0,0,1,linux,BIC
c4040212bc97d16040712a410335f93bc94d2262,4,2,0,1,linux,BFC
8061734ab65498f4802578564fc0948ec9aaf933,5393,0,0,2,linux,BIC
c354b54cfdf63587154da4fa0731c1fbda44c589,115,2,11,2,linux,BIC
b926c1daf3bb9bb6cf4843a0007294fe18add491,0,5,1,1,linux,BFC
c61b1607ed4fbbf2ba7c86f29768cff44a1a88f8,104,0,12,1,linux,BIC
7c55e2c5772dcf3cbacd0fa2bcfeefae416b73f7,81,0,0,2,linux,BIC
5baaa59ef09e8729aef101f7bf7d9d0af00852e3,129,81,0,4,linux,BIC
cfc5acd4c80b875d2f739d6a93562034aee5563f,0,0,1,1,linux,BIC
34d1324edd3154105b7a3985c6c4384d602f2ab6,4507,0,0,6,linux,BIC
dc452a471dbae8aca8257c565174212620880093,92,0,4,4,linux,BIC
b847dd96e659c13be9d94c3c19b51cdf0feb1c99,177,0,0,1,linux,BIC
27a69714450f5c9288cec2b20f1ae4f7ad34dacf,0,0,2,1,linux,BFC
423b24c37dd5794a674c74b0ed56392003a69891,16,21,0,1,linux,BFC
bf3b452b7af787b8bf27de6490dc4eedf6f97599,0,0,2,1,linux,BFC
c85d69135a9175c50a823d04d62d932312d037b3,5,52,15,14,linux,BIC
3ee0f0e23e4f290b2ee0a273b34c6e4f95a209a0,21,0,7,1,linux,BIC
bc3c03ccb4641fb940b27a0d369431876923a8fe,8,0,1,1,linux,BIC
2f5e3c9df6938b823664869ec87af3da8df272f6,17,36,3,5,linux,BIC
978cf586ac35f34604e2d252a51b71192c39f1e4,68,56,34,2,linux,BIC
6194114324139dc16f3251c67ed853bd6d4ae056,10,0,1,2,linux,BFC
04dfe19a5ed683e91d8285df5be1dbde2f2f39af,122,134,73,17,linux,BIC
13ab8448d2c9fbb3e0427cb5332f5ddbdf3ffc2a,90,2,40,2,linux,BIC
1c418c4a929cae00780429fbceda7e163b5e0f71,333,8,86,8,linux,BIC
e95d8eaee21cd0d117d34125d4cdc97489c1ab82,0,0,1,1,linux,BFC
47e0a208fb9d91e3f3c86309e752b13a36470ae8,0,0,4,1,linux,BFC
857b6c6f665cca9828396d9743faf37fd09e9ac3,0,0,1,1,linux,BFC
460b360104d51552a57f39e54b2589c9fd7fa0b3,2,0,1,1,linux,BFC
0382a35bef70ecc074db67192ff8d37737d02b21,9,0,0,1,linux,BFC
a69a85da458f79088c38a38db034a4d64d9c32c3,38,0,0,1,linux,BFC
b388fc7405e901c7d6f7817d05193c054e761815,3,0,0,1,linux,BFC
95b2c3ec4cb1689db2389c251d39f64490ba641c,1,0,0,1,linux,BFC
b500c086e4110829a308c23e83a7cdc65b26228a,0,0,1,1,linux,BFC
9a8d03ca2e2c334d08ee91a3e07dcce31a02fdc6,236,0,7,2,linux,BIC
b263b31e8ad65cdbfa5a7f739460f350554a2dc1,10,0,14,2,linux,BIC
10f6d46c943d1ccd1d730d2e915226cbdeaad2d5,12,0,15,1,linux,BFC
985e537a4082b4635754a57f4f95430790afee6a,18,0,0,1,linux,BIC
f5f022e53b874f978dda23847173cbf2589b07f5,3,61,17,1,linux,BIC
e517526195de400158e05a08764d1fb61d579105,791,0,0,1,linux,BIC
091c6e9c083f7ebaff00b37ad13562d51464d175,0,0,1,1,linux,BFC
b55b38f7cc12da3b9ef36e7a3b7f8f96737df4d5,0,0,1,1,linux,BFC
8992da44c6805d53b920fe538992eae4afd6f22e,563,0,0,1,linux,BIC
2efd61a608b0039911924d2e5d7028eb37496e85,5,15,1,3,linux,BIC
440323b6cf5b9896013a78c4f578823e8243a7fd,0,0,1,1,linux,BFC
43243bb3195b0dc27741679471e23baed1efe98e,6,0,1,1,linux,BFC
e5779998bf8b70e48a6cc208c8b61b33bd6117ea,4395,4088,5,26,linux,BIC
b347689ffbca745ac457ee27400ce1affd571c6f,111,0,3,4,linux,BIC
554a5ccc4e4a20c5f3ec859de0842db4b4b9c77e,0,11,3,1,linux,BFC
17e1717c11a34f9b0956e33e0c4a4e4ae8c51a57,0,0,4,1,linux,BFC
23375b13f98c5464c2b4d15f983cc062940f1f4e,9,0,1,1,linux,BFC
8496af50eb385c1cadff9ad396fd5359e96b6c27,119,75,105,6,linux,BIC
9c3a205c5ffa36e96903c2e37eb5f41c0f03c43e,0,0,1,1,linux,BFC
47dd7a540b8a0cdc028914b7351fca0cf0a1d305,5118,0,0,12,linux,BIC
b968e84b509da593c50dc3db679e1d33de701f78,36,0,1,5,linux,BIC
e7ccfc4ccb703e0f033bd4617580039898e912dd,0,6,1,1,linux,BFC
e886274031200bb60965c1b9c49b7acda56a93bd,6,8,8,3,linux,BFC
644a1f19c6c8393d0c4168a5adf79056da6822eb,1,0,1,1,linux,BFC
a60b3f515d30d0fe8537c64671926879a3548103,7,0,5,1,linux,BFC
5bfcbd22ee4e6ad5ae698518fadd0f03ea109537,2,0,2,2,linux,BIC
9d756e408e080d40e7916484b00c802026e6d1ad,1,0,0,1,linux,BFC
427f0c8c194b22edcafef1b0a42995ddc5c2227d,10,0,5,2,linux,BIC
176eb927744201ba95ca9a85c2f9af457559374f,0,3,7,4,linux,BFC
2e85c57493e391b93445c1e0d530b36b95becc64,0,0,1,1,linux,BFC
b98235d3a471e121376bfabce27380dde5add1d9,0,0,1,1,linux,BIC
f53d4c109a666bf1a4883b45d546fba079258717,22,0,3,1,linux,BIC
730c54d59403658a62af6517338fa8d4922c1b28,0,2,0,1,linux,BFC
20aebe83698feb107d5a66b6cfd1d54459ccdfcf,2,2,0,1,linux,BFC
0aa1d18615c163f92935b806dcaff9157645233a,72,13,2,3,linux,BFC
e3818697e1d9140d0b990fecf4429d40c41ca0b5,0,0,1,1,linux,BFC
71bd106d2567675668e253cba3960e3c4bf2e80e,33,0,7,2,linux,BIC
29ca3cdfe13b2792b8624e6f769777e8cb387f9c,1,0,1,1,linux,BFC
f0c0b2b808f232741eadac272bd4bc51f18df0f4,245,0,22,3,linux,BIC
2dfbf9d2873a0f76a6c6ad727711a4391d7936b7,143,6,45,5,linux,BIC
5a3ad937bc784d44259860196ec987949348b83d,0,0,4,1,linux,BIC
6a24f567af4accef6d73b0be407227c537b94a1f,43,0,0,2,linux,BIC
3a4e1f3b3a3c733de3b82b9b522e54803e1165ae,15,19,25,3,linux,BFC
22f83150f03e119f61f4d00d6884639871ba6859,1,0,0,1,linux,BFC
6f8a57ccf8511724e6f48d732cb2940889789ab2,21,0,4,1,linux,BIC
c1fb6816fb1b78dd94b673b0fdaa9a7a16e97bd1,2,0,1,1,linux,BIC
e81e7f9a0eb9536d5976acf5d95290338032a198,97,0,9,5,linux,BIC
1ea47e01ad6ea0fe99697c54c2413d81dd21fe32,100,1,16,4,linux,BIC
c0fc9b1350a317da22b310d68117b0d01cb9065e,4,0,0,1,linux,BFC
e7a5b4aafd82771f8924905c208d5d236ddcb671,9,0,0,1,linux,BIC
7f665b1c3283aae5b61843136d0a8ee808ba3199,28,0,0,1,linux,BIC
deab07261d54b4db7b627d38e0efac97f176c6d6,0,0,1,1,linux,BFC
490e687eb8b274b5d942e1cf61fb01392b86ecce,2733,0,0,3,linux,BIC
e7d5e412160c2143de1f818668774b33b3cdab0b,0,7,1,1,linux,BFC
36cdd0138b7f51f204df871c548b65ea2d59522d,19,103,339,3,linux,BIC
18912c4524385dd6532c682cb9d4f6aa39ba8d47,0,5,5,1,linux,BFC
f2edd9f67b8bdbe8cc3bc5c0ba4992e511147642,0,1,1,1,linux,BFC
19e4e768064a87b073a4b4c138b55db70e0cfb9f,1,1,1,1,linux,BIC
ac05a8a927e5a1027592d8f98510a511dadeed14,0,0,1,1,linux,BFC
71bc0334a6371c7de0e0594439de7d237e4d2d03,0,0,1,1,linux,BIC
994d2cbb08ca05e3c1af954ec63a3ae32a862ac5,34,2,13,3,linux,BIC
2b928749f9ba781085442d1f8832f057cbf458a1,0,0,2,1,linux,BFC
743c97ca9dc989b0b08ca1fbfd134a83b37fe9ec,3,4,4,2,linux,BFC
bee330f3d67273a68dcb99f59480d59553c008b2,58,0,10,3,linux,BIC
2e0bc7f3cb5553812f5808ede2cea746aabfbd03,39,0,16,1,linux,BIC
5ed964f8e54eb3191b8b7b45aeb52672a0c995dc,3,7,0,3,linux,BIC
35d2aeac9810ca717a72a4ff0d8a20d349e73e55,3,5,2,1,linux,BIC
11105693fa05f499532b330da65c78ff93ed4440,909,0,0,2,linux,BIC
2f1a11ae11d222b3a3b41d09a85cb2bf8f83db49,63,0,0,1,linux,BIC
f5b8631c293b9a88e38a152fa9a67f89e2d9b151,40,0,1,3,linux,BIC
66484bb98ed2dfa1dda37a32411483d8311ac269,2,0,1,2,linux,BFC
5cb1f8fdddb7475f38ea9fba48da17c002eec90b,16,5,13,4,linux,BIC
4120fe64dce4f73d1a595253568d9f27674f2071,8,0,0,1,linux,BIC
947c6e11fa4310b31c10016ae9816cdca3f1694e,111,0,0,1,linux,BIC
fd498bba7c5194cdfc3f0d726f99f0fa3b7e51de,0,0,1,1,linux,BFC
1770f0fa978ed691a454fa9d3ba903d5a70630cc,0,1,2,2,linux,BFC
09ae5d37e0935c8f0bcb63d80543347daa209e25,271,0,0,4,linux,BIC
5899ee367ab3fec885aa04d9a2b573bf2e464e7f,101,58,115,4,linux,BIC
0687090acf0d0bee585fa0ec29cf5b1fd48cefee,0,0,2,1,linux,BFC
5fa65524f6e0b9528c6ceac3f33f7e8f0c3a084a,7,8,0,1,linux,BFC
e4a0bd0308f05c1354d28feec8439e869eae6372,0,0,1,1,linux,BFC
465db5dab86d6688fa5132edd1237102f4a20e84,0,71,1,3,linux,BFC
79ad07d45743721010e766e65dc004ad249bd429,0,0,3,1,linux,BFC
cd26da4ff4eb7189921d4e7ad87e8adebb7b416b,0,3,1,1,linux,BFC
6de4f3ada40b336522250a7832a0cc4de8856589,58,8,5,7,linux,BIC
ea8c5356d39048bc94bae068228f51ddbecc6b89,121,28,17,7,linux,BIC
339e7575ade5e961eed3f93609db65bc9d15fc2c,0,0,2,1,linux,BFC
9b27105b4a44c54bf91ecd7d0315034ae75684f7,441,0,2,2,linux,BIC
f6a23d85d078c2ffde79c66ca81d0a1dde451649,1,0,1,1,linux,BFC
125892edfe69915a227d8d125ff0e1cd713178f4,2,0,2,1,linux,BFC
311aa6aafea446c2f954cc19d66425bfed8c4b0b,6,0,0,1,linux,BFC
50b80a12e4ccff46d53b93754d817acd98bc9ae0,164,0,2,2,linux,BIC
2cfa19780d61740f65790c5bae363b759d7c96fa,42,0,0,4,linux,BIC
e85fde5162bf1b242cbd6daf7dba0f9b457d592b,9,0,7,4,linux,BFC
6562e29cf6f0ddd368657d97a8d484ffc30df5ef,0,0,5,1,linux,BFC
f7e7e440550b0b176df3d2ea3e76106bc89915d9,0,2,0,1,linux,BFC
8c7bc6ca3740959edc6abe5d8214e5c84aa8a853,0,11,0,1,linux,BFC
9351ab8b0cb61ffbef30343d28d1855e329c98fb,198,0,0,1,linux,BIC
2383844d4850888cfdf6d202563d2ddb4125a4e9,0,7,2,1,linux,BIC
d4f90d9dca26efef7a1112a8f4258c90b73bb37f,0,0,1,1,linux,BFC
fb170fb4c548c6d9fe9f71db946e216abb5c6641,44,31,36,1,linux,BIC
3482f2c52b77bf6596e24aae82e204a0603eba66,3,0,13,2,linux,BIC
163616cf2f6ab7a8e37452ec00320039ab65bd45,0,0,1,1,linux,BFC
1d325d217c7f190a42fb620ead20bb240fc16af0,5,3,3,1,linux,BIC
f66f049fb7385d01464a2126443addc2db54e473,7,0,0,1,linux,BIC
e08cdf63049b711099efff0811273449083bb958,0,0,2,1,linux,BFC
8d093e02e898b24c58788b0289e3202317a96d2a,14,0,0,1,linux,BFC
db2039fcfd5754d15986340152e4503737f68f8d,4,0,4,1,linux,BFC
e5c0b0fff6b19238eb0f33ec58247db3e5295cdd,8,0,1,1,linux,BFC
e08ad80551b4b33c02f2fce1522f6c227d3976cf,6,0,0,1,linux,BFC
7ec02f5ac8a5be5a3f20611731243dc5e1d9ba10,0,0,1,1,linux,BIC
a1d8854aae4ee19df6161a276a99d3c9c2abc4f3,29,5,59,1,linux,BFC
d2852f2d3e6d6b9de3739f95b5cd9eab3157af37,3,29,22,10,linux,BIC
b2cbae2c248776d81cc265ff7d48405b6a4cc463,266,0,1,4,linux,BIC
85db29d22cc521d9d06de2f5c7832981a55df157,2,0,1,1,linux,BFC
69e9cd66ae1392437234a63a3a1d60b6655f92ef,6,0,1,2,linux,BFC
10e78f03da181b24f33a8a77047fb6798126fb46,0,0,12,1,linux,BFC
4fb7253e4f9a8f06a986a3b317e2f79d9b43d552,0,1,2,1,linux,BFC
e332bc67cf5e5e5b71a1aec9750d0791aac65183,4,2,3,1,linux,BFC
94d5d1b2d891f1fd5205f978246b7864d998b25c,0,0,2,1,linux,BIC
c7aab4f17021b636a0ee75bcf28e06fb7c94ab48,1,10,5,1,linux,BFC
6e78c01fde9023e0701f3af880c1fd9de6e4e8e3,0,0,1,1,linux,BFC
b067fa009c884401d23846251031c1f14d8a9c77,5,2,0,1,linux,BFC
fc07bd8ce19bff9e7479c04077ddb5957d1a27be,12,11,2,2,linux,BFC
e65d4d96334e3ff4fe0064612a93a51c63de08de,117,3,22,11,linux,BIC
5f0ca2fb71e28df146f590eebfe32b41171b737f,8,0,6,1,linux,BFC
3343b7a6d2cd0a980d0c4a0ce02ef48b6bfcc12a,9,20,11,2,linux,BIC
6dbbf84603961d4e8eaea46e3530373c8cffee67,5,0,0,1,linux,BFC
cc62d98bd56d45de4531844ca23913a15136c05b,0,13,0,1,linux,BFC
2cfd72f81cf69c2659c6d2121308b55416229beb,0,0,1,1,linux,BFC
65da3484d9be5664f5f7d2378e438bb2794f40b8,2,0,1,1,linux,BIC
a29c8bb640ca13f5731510ceaf65a6e1fe6055c8,0,2,0,1,linux,BFC
c312ef176399e04fc5f7f2809d9a589751fbf6d9,48,24,23,2,linux,BIC
c9dccf1d074a67d36c510845f663980d69e3409b,22,9,0,1,linux,BIC
4291e9ee618956eeae02b17f35b272193a6cda5a,19,0,3,2,linux,BIC
5e454c67fc594150e6c0da32b388a43d40200759,0,1,1,1,linux,BFC
5a50f52917011365a4a2c0f1d2cea0990c4465cd,26,0,3,1,linux,BIC
5f852be9e11d62223ea063f6ceed4f9677f54051,68,0,4,4,linux,BIC
3d6bdf1625857ba50f433bd140dada387432f051,0,7,0,1,linux,BFC
d7703ddbd7c9cb1ab7c08e1b85b314ff8cea38e9,4,0,0,1,linux,BIC
f2a852d36711bd7c7c717abc66c07751f3e1d482,0,0,1,1,linux,BFC
847d97e013dc8359312e2376c4805ef9d2a52f64,0,0,1,1,linux,BFC
10e9ae9fabaf96c8e5227c1cd4827d58b3aa406d,455,0,0,2,linux,BIC
015105b12183556771e111e93f5266851e7c5582,2,0,0,1,linux,BFC
d2bcbeab4200665b694ec4f92a7a2fd58b70b1e8,63,0,0,1,linux,BIC
0658293012af1e69d8bb8a25e71781470f9b2ac6,25,3,1,2,linux,BIC
06674fc7c003b9d0aa1d37fef7ab2c24802cc6ad,0,0,1,1,linux,BFC
c945623c05c34814c655a0c87155dca81d7e7146,0,64,0,2,linux,BFC
dd36a507c806165c0f725413ee2e24c41d8a520d,18,0,2,2,linux,BIC
c6f3c5ee40c10bb65725047a220570f718507001,36,0,0,1,linux,BIC
5e154dfb4f9995096aa6d342df75040ae802c17e,5,0,1,1,linux,BFC
d73f80f921fd323af8f35644fb9f3b129f465f66,2,0,2,2,linux,BFC
31fde034a8bd964a5c7c1a5663fc87a913158db2,2,0,0,1,linux,BFC
efc95b2ca42424de222119a3a260624f3a050f8e,0,0,1,1,linux,BFC
e4a38402c36e42df28eb1a5394be87e6571fb48a,27,0,14,2,linux,BFC
6e1eb04a87f954eb06a89ee6034c166351dfff6e,0,0,3,1,linux,BFC
c8b17be0b7a45d707fc202c11d257c25bc3952b8,72,27,6,2,linux,BIC
28c1c9fabf48d6ad596273a11c46e0d0da3e14cd,16,0,1,3,linux,BIC
cb7f4a8b1fb426a175d1708f05581939c61329d4,3,3,0,1,linux,BFC
f5e2199ae574245b56b32e047c93625a28fe3b3a,3,0,6,1,linux,BFC
22c7652cdaa8cd33ce78bacceb4e826a3f795873,31,0,15,4,linux,BIC
c0190879323f88be22a0debda814680dc6e66751,0,0,1,1,linux,BFC
21254908cbe995a3982a23da32c30d1b43467043,259,0,1,7,linux,BIC
381932cf61d52bde656c8596c0cb8f46bed53dc0,0,7,0,1,linux,BFC
fc4fad79fc3d8841562e2a85808079da5b4835f6,33,1,4,5,linux,BIC
865ed6a3278654ce4a55eb74c5283eeb82ad4699,6,0,4,1,linux,BIC
19d51588125fb7abe258e85b412710486a3d9219,1,0,0,1,linux,BFC
89c5058090528026f6542e8b12f4262e492bd3a2,188,0,2,2,linux,BIC
9b022a6e0f26af108b9105b16b310393c898d9bd,3,0,0,1,linux,BFC
efe120a067c8674a8ae21b194f0e68f098b61ee2,44,15,313,28,linux,BIC
5afced3bf28100d81fb2fe7e98918632a08feaf5,11,0,7,2,linux,BFC
3eee1f75f2b9c107d4a097e8b640553376a5b171,2,0,5,1,linux,BIC
dcc235279a52d49023d4f1af7c3ed468a97015ae,0,0,1,1,linux,BFC
3a461009e195c3c17f6af73da310b886991309fd,0,0,1,1,linux,BFC
4f6563677ae833baad8003e14353241bc25da4fc,0,37,22,12,linux,BIC
bce679e5ae3a3885d9a66ae90f3a9e9a39e4ec99,39,0,21,1,linux,BIC
a7dcdf6ea1b264ee7655a8cafe844f06eed3906a,0,4,1,1,linux,BFC
1ed5c3b22fc78735c539e4767832aea58db6761c,6,4,2,1,linux,BIC
3cf50c63a76177e0bbe0e46e1abe4eb263128ba4,10,11,6,1,linux,BFC
e7273ff49acf58a5ca9c656f3f0a5dd713390853,5,0,1,1,linux,BIC
4d5ef53f75c22d28f490bcc5c771fcc610a9afa4,4,0,1,1,linux,BFC
1d46ea2a6a405196435ffcc2adb3ef5402a30b3a,30,2,51,1,linux,BIC
13138de01400762f706c5e956e70660770d61962,0,0,1,1,linux,BFC
3be2df00e299821ad255498ac4411906a8d59cfa,22,0,0,1,linux,BIC
c5f09e6bd8a7537beef8ee53cd161a06b04de271,0,0,14,2,linux,BFC
57254b6ebce4ceca02d9c8b615f6059c56c19238,36,0,0,4,linux,BIC
7ec944538dde3d7f490bd4d2619051789db5c3c3,424,0,0,3,linux,BIC
1202d4ba2899e083417b7b4fb9b544942fd2b9b7,0,0,8,3,linux,BFC
37d43acfd79f9c53289e9990c344cbd5b4db4bd4,40,39,34,1,linux,BIC
336bab731be76a90291697e51d2aed0ad67d7cb5,0,0,3,1,linux,BFC
e9cfd259c6d386f6235395a13bd4f357a979b2d0,7,0,4,1,linux,BFC
602b74eda81311dbdb5dbab08c30f789f648ebdc,33,0,0,3,linux,BFC
56fccf21d1961a06e2a0c96ce446ebf036651062,9,0,5,1,linux,BFC
971316f0503a5c50633d07b83b6db2f15a3a5b00,28,0,4,2,linux,BIC
777c6ae57ebd432b59950b3e28bf01676018d1b2,4,0,0,2,linux,BFC
67f1120381df022a7016f4acc8d4880da9a66c03,31,0,9,1,linux,BIC
17ecd246414b3a0fe0cb248c86977a8bda465b7b,18,0,3,1,linux,BIC
0908c5aca31eb5e0c72d7a5dba422629b88e877d,474,45,53,3,linux,BIC
6b5e718cc138ef691e91685535e3ba776acc4893,1,1,1,1,linux,BIC
ff7b05f29fd4db810021d905e2dad95ab4fe2984,0,24,6,1,linux,BIC
acd51562e07d17aaf4ac652f1dc55c743685bf41,20,20,0,1,linux,BFC
a4b2061242ecc024b1ee975e066b6e38db1c6b9e,301,0,0,1,linux,BIC
a5de125dd46c851fc962806135953c1bd0a0f0df,3,0,1,1,linux,BFC
644bf60088955421051e716ab9c8fe7fb7997fd7,3,0,1,1,linux,BFC
8f612d055183545070ca1009ac2eb1f2e044cc20,11,5,5,1,linux,BFC
ce787a5a074a86f76f5d3fd804fa78e01bfb9e89,0,0,1,1,linux,BFC
08422378c4adacf528d573bb1631d4818f8f9a01,160,0,6,3,linux,BIC
528464eaa46ae1bd319882e4dd3495802e55b8c4,1,0,0,1,linux,BFC
cdcb33f9824429a926b971bf041a6cec238f91ff,1,0,1,1,linux,BIC
45a497f2d149a4a8061c61518a79d59f1f3034b2,28,0,1,2,linux,BIC
585e7079de0eac555bcdfe6284e439ee05fb18cb,51,0,0,2,linux,BIC
b513a18cf1d705bd04efd91c417e79e4938be093,1,0,1,1,linux,BFC
f6bf0fa14cf848ae770e0b7842c9b11ce2f01645,0,1,1,1,linux,BFC
63ba1e00f178a4483b473489cadc4eb52a77df2a,44,21,2,2,linux,BIC
4820303480a18773f30e2c5ad1178d5960facdbf,19,0,9,1,linux,BIC
df7b16d1c00ecb3da3a30c999cdb39f273c99a2f,0,1,0,1,linux,BFC
37164571fb25adef80ae2aaf55840b0105c15b22,0,0,1,1,linux,BFC
be35e8c516c1915a3035d266a2015b41f73ba3f9,1,0,0,1,linux,BFC
8250e6cadceddefb8ab32eb7a011b3201adebbb3,1,0,1,1,linux,BFC
3e00a22fdc9a9457f1c64d885532710e174babd8,0,185,2,14,linux,BFC
0fe79f28bfaf73b66b7b1562d2468f94aa03bd12,12,8,4,6,linux,BIC
61a9c11e5e7a0dab5381afa5d9d4dd5ebf18f7a0,1,2,0,1,linux,BIC
c040366bc4a58f719e61111dea4b550b71b2a0b4,0,11,1,1,linux,BFC
a3e340c1574b6679f5b333221284d0959095da52,0,1,1,1,linux,BFC
39c13c204bb1150d401e27d41a9d8b332be47c49,1056,120,690,2,linux,BIC
7a10b66a5df965ea4074aae265068b3483fa9fc6,348,0,0,1,linux,BIC
f98d9ca17fbddd82980bc20abfabd5b405ecade4,0,0,2,1,linux,BFC
d45b1714e25e39b94df3da10ba8e95e63865b278,0,5,0,2,linux,BFC
ad5f498f610fa3fd8bd265139098bc1405cd2783,7,3,0,1,linux,BFC
39631b5f9584672d0b7de92619f85a113837600b,401,0,0,1,linux,BIC
8a187ee52b043f8201e7089e5e538974142722e0,189,0,0,5,linux,BIC
550113d4e9f5c7b62be760fc01178c9e0139c1f4,6,1,2,2,linux,BFC
2ea7b1487f975eb409a7a2df4081d838069cab05,2,0,3,1,linux,BFC
8edc514b01e9cfbc037c708e5260f248cbb4d867,21,12,6,2,linux,BIC
ff615eed1141a9475559fdd60880a54b8cca9bf6,0,3,2,1,linux,BFC
7d7209557b6712e8aa72ac1ce67a3fe209f5f889,458,0,17,1,linux,BIC
52bd05eb7c88e1ad8541a48873188ccebca9da26,0,0,1,1,linux,BFC
cbf86cfe04a66471f23b9e62e5eba4e525f38855,75,11,17,3,linux,BIC
c7f7e2feffb0294302041507dfd5fc15f01afccc,0,1,1,1,linux,BFC
83d74e354200eb27ba88e81e9bd10ff26cbeeb39,18,28,21,2,linux,BIC
e3fa404a261bb8b7795b62be1b9af7b7dc1030f6,0,85,0,15,linux,BFC
34fb4db5abc1fe6708522cbf13f637e0eefb1a50,0,0,1,1,linux,BFC
51bd6f291583684f495ea498984dfc22049d7fd2,364,0,0,1,linux,BIC
a5596d6332787fd383b3b5427b41f94254430827,11,0,2,3,linux,BIC
a28fde308c3c1c174249ff9559b57f24e6850086,0,0,1,1,linux,BFC
90fccb529d241b55829701cfb9eb3086570f38b8,0,0,0,46,linux,BIC
1628fc3f47717fc3c8d9cd5fd6c7bc7d3796927d,9,0,0,2,linux,BIC
c5de00366e3e675f9e321983d9bd357c1fbea0e9,7,35,31,1,linux,BFC
acb4608ad1865a42af8e0a2db332a7c3a381e1f5,35,0,0,1,linux,BIC
919dbca8670d0f7828dfbb2f9b434ac22dca8d2e,2,2,25,2,linux,BIC
3663a2fb325b8782524f3edb0ae32d6faa615109,2,0,0,1,linux,BFC
5bed9f3f63f8f9d2b1758c24640cbf77b5377511,2,0,1,1,linux,BIC
b6e978e50444a063f066f058d134173de877b968,95,0,0,1,linux,BIC
2998b02b2fb58f36ccbc318b00513174e9947d8e,0,0,4,1,linux,BFC
789b5e0315284463617e106baad360cb9e8db3ac,20,22,24,1,linux,BFC
42eca2302146fed51335b95128e949ee6f54478f,0,0,3,1,linux,BIC
7c2fc79250cafa1a29befeb60163028ec4720814,0,0,2,1,linux,BFC
ef0579b64e93188710d48667cb5e014926af9f1b,42,11,18,2,linux,BFC
1becf03545a0859ceaaf9e8c2d9861882a71cb01,5,0,0,1,linux,BFC
3e6414003bf9acd3b7e20474f950779fafb658d5,1362,0,0,2,linux,BIC
cdaa18f9bd98df75d4ce9478f72c0a5d11562249,0,0,1,1,linux,BFC
830218c1add1da16519b71909e5cf21522b7d062,30,0,20,2,linux,BFC
f606b3ef47c9f874af605323099663a10f691b24,0,8,8,1,linux,BIC
d94ecfc399715f06da347922e7979c088b1d8834,35,30,0,4,linux,BFC
76da0704507bbc51875013f6557877ab308cfd0a,4,0,1,1,linux,BFC
784abe24c903b093af04cf1a043140faa556cad7,11,0,1,2,linux,BIC
33006bd4f37f7d2c3d1cf0268b4f327b5fdc2558,39,0,1,4,linux,BIC
f1c8d3720f2e6c8c2b209120678236debd0360e5,0,0,1,1,linux,BFC
10e26e749fd0ba78a913548e2efeca1a157772da,16,1,0,1,linux,BFC
65d78b8d0405fcda02b69fd3c34327e4af5cd465,0,9,0,1,linux,BFC
5c0c4ec9ba61a98ecb79036afc013bba8d5b85e3,0,1,0,1,linux,BFC
82e20b44477ffe90a5866caa209ecc9df818c6a1,0,0,1,1,linux,BFC
5a69aec945d27e78abac9fd032533d3aaebf7c1e,1,0,2,1,linux,BFC
71eae1ca77fd6be218d8a952d97bba827e56516d,1,0,0,1,linux,BFC
6a0a923dfa1480df41fb486323b8375e387d516f,0,0,1,1,linux,BFC
0ecfc7e1ff67899eec3020b4b6d5126f82319ed6,0,0,1,1,linux,BFC
42f8a2735cc218b6b372134684d4cd3c1423f123,3,0,0,1,linux,BFC
21d4120ec6f5b5992b01b96ac484701163917b63,3,0,0,1,linux,BFC
e4df3a0b62285130ac0a35cf07678c154ffb649d,3,0,0,1,linux,BIC
60f5a24c11f7fa0c8c74018cfd4c25a3f432fdaf,0,0,3,1,linux,BFC
b5d250744cccfb40024de663ea1f4da04e6d959c,0,31,4,4,linux,BIC
9acdf4df2fc4680b08fa242b09717892cd687d4a,9,0,0,1,linux,BIC
5fa5e6dec762305a783e918a90a05369fc10e346,18,76,15,1,linux,BIC
ba6bb7e974212ef9c114ad94708fb88a82e240ea,527,0,0,3,linux,BIC
d90b336f3f652ff0441e631a06236f785581c8f7,15,3,13,3,linux,BIC
7c38a551bda1b7adea7e98e5c6786f5bee7100b8,36,0,0,5,linux,BIC
f8ec894945e7d205ce62be59e55e72c4304e4739,26,9,2,2,linux,BIC
cecae747b6208d40d08f8336393345093536b124,8,0,6,1,linux,BFC
20d4e80d255dd7cfecb53743bc550ebcad04549d,5,1,3,1,linux,BFC
be83bbf806822b1b89e0a0f23cd87cddc409e429,32,0,0,1,linux,BIC
163d4cd26a18db7db68a98b4d1ca95d542ca72af,0,0,1,1,linux,BFC
ee84f19cbbe9cf7cba2958acb03163fed3ecbb0f,3,3,0,1,linux,BFC
473baf2e9e8c5b3240f443658e9b59dabba9eb9e,20,0,3,3,linux,BIC
fceb24a73eec7bbc717e516d5420ae786c514d38,0,4,0,1,linux,BFC
b98467fe96d2415836d154ecfe1cd389bf4147b5,14,0,2,1,linux,BFC
30d024b5058e0433914022f87d917a97a9527632,2,0,0,1,linux,BFC
6d058c5643e16779ae4c001d2e893c140940e48f,12,0,9,3,linux,BFC
22e786ea47f8795c561e1a01b6a66bb2cae2fc20,5,0,0,1,linux,BFC
776bac64bf13e20c27f7ad168811abdf3b72f14d,0,1,0,1,linux,BFC
ef4b96a5773d7f6568363b3d0c3c3f371fb690bd,1,0,0,1,linux,BFC
157d2644cb0c1e71a18baaffca56d2b1d0ebf10f,247,217,15,30,linux,BIC
9dc20113988b9a75ea6b3abd68dc45e2d73ccdab,1,0,0,1,linux,BFC
b07e228eee69601addba98b47b1a3850569e5013,2,0,1,1,linux,BIC
1314ef561102e534e14cb1d37f89f5c1df0b2ea7,27,0,0,2,linux,BIC
caf1e3ae9fa648d6dd38468736868d6867cab273,30,21,5,1,linux,BIC
7fabaf303458fcabb694999d6fa772cc13d4e217,2,0,1,1,linux,BFC
68aa0fa87f6d4b2f5e8ad39ecaec8bba9137bb3d,289,0,0,2,linux,BIC
c8bcbfbd239ed60a6562964b58034ac8a25f4c31,0,0,1,1,linux,BFC
7ee656c3ac3d047b4cf1269f83ac9d6c0bba916b,0,24,14,1,linux,BFC
5f5d03143de5e0c593da4ab18fc6393c2815e108,0,5,0,1,linux,BFC
de10eba0f68a161f3176b710b6e27d291d48aac2,0,0,1,1,linux,BFC
83cd92b46484aa8f64cdc0bff8ac6940d1f78519,18,0,11,1,linux,BFC
b43b7e81eb2b188fab1d8bc334b4b725f6d2ae10,22,12,8,1,linux,BIC
2f383041278672332ab57c78570c30c47d6f35fd,9,0,0,1,linux,BIC
f3380ca5d7edb5e31932998ab2e29dfdce39c5ed,2,2,0,1,linux,BFC
fe3e397668775e20ad0962459733158838b926af,76,41,28,3,linux,BIC
a171bc51fa697021e1b2082d7e95c12a363bc0a9,2,1,0,1,linux,BFC
73a533ecf0af5f73ff72dd7c96d1c8598ca93649,1,0,2,1,linux,BFC
6cd6cbf593bfa3ae6fc3ed34ac21da4d35045425,2,0,1,1,linux,BFC
ed309bfb4812e8b31a3eb877e157b8028a49e50c,0,1,3,1,linux,BFC
cb71f1d136a635decf43c3b502ee34fb05640fcd,183,12,23,10,linux,BIC
3f50f132d8400e129fc9eb68b5020167ef80a244,674,86,195,5,linux,BIC
4268ac6ae5870af10a7417b22990d615f72f77e2,0,0,1,1,linux,BFC
1a9070ec91b37234fe915849b767c61584c64a44,29,4,0,5,linux,BFC
423f16108c9d832bd96059d5c882c8ef6d76eb96,88,14,1,3,linux,BIC
1eb123ce985e6cf302ac6e3f19862d132d86fa8f,0,0,3,1,linux,BFC
c49932726de24405d45516b3f8ad2735714fdf05,2,0,2,1,linux,BFC
b54a134a7de461f804cf0e28331d0a43ee82fb13,382,381,21,6,linux,BIC
60fc63981693f807baa0e404104dedea0e8b4e61,21,0,0,1,linux,BIC
e0eb34810113dbbf1ace57440cf48d514312a373,4,0,0,1,linux,BFC
0441729e16379649ea0f393a5be68a19ba384d94,0,0,1,1,linux,BFC
6fa658fd5ab26a769ca7df7bfdd53c212a0ba852,79,115,44,5,linux,BIC
afe3f907d20f39c0eaf81f2baec247ba672f34a9,9,3,0,1,linux,BFC
e37791ec1ad785b59022ae211f63a16189bacebf,1,0,0,1,linux,BFC
81d0aeb0a4fff6c274f956644a837caac14a7c21,538,0,0,5,linux,BIC
508f610648b97012d39f97590e3f3f1059471607,614,0,0,1,linux,BIC
bf6de8e61509f3c957d7f75f017b18d40a18a950,0,0,1,1,linux,BFC
e5460f084b84f06756e558fbfd2313202fb1dbd0,0,3,0,1,linux,BFC
be318363daa2939453b4d80981de3e9c28b66135,6,6,0,1,linux,BFC
02597d39145bb0aa81d04bf39b6a913ce9a9d465,0,0,1,1,linux,BFC
55ff4ea9a853f5ec9a8290c0ccc1d00c97e49f82,3,0,3,2,linux,BFC
0555d41497de66d2f07ae36dcb46a32f0ff90d8d,373,0,0,1,linux,BIC
4e4210402639f16dfbfa5ba277aeb88fff401cec,2,0,5,1,linux,BFC
1736f75d35e47409ad776273133d0f558a4c8253,153,7,7,1,linux,BIC
df2cf4a78e488d26728590cb3c6b4fe4c4862c77,32,0,1,3,linux,BIC
7fe4d6dcbcb43fe0282d4213fc52be178bb30e91,0,8,4,1,linux,BFC
6dd1de12e1243f2013e4fabf31e99e63b1a860d0,2,0,0,1,linux,BFC
82295bc0d192d7e35e0568b18ca66da2c3058fd5,19,8,0,1,linux,BIC
392bf51946c2463436a1ba237c1ec5865b234825,7,0,1,1,linux,BFC
379743985ab6cfe2cbd32067cf4ed497baca6d06,3,0,2,1,linux,BFC
6afb7721e2a0e433eaae3a184e8c69e23b5927ed,26,15,6,1,linux,BIC
30e9e0550bf693c94bc15827781fe42dd60be634,2,0,0,1,linux,BFC
ef2889f7ffee67f0aed49e854c72be63f1466759,11,8,1,1,linux,BIC
be90e344836a3ad6ddd66f0f060a3f5d8c553d69,0,6,1,1,linux,BIC
4ab7cb4bf362dc3b85fd8ddac3b16949404be96b,0,0,1,1,linux,BFC
d51199a83a2cf82a291d19ee852c44caa511427d,0,0,1,1,linux,BFC
c8cdd2be213f0f5372287a764225665f1ac64e56,0,1,4,1,linux,BIC
b62aa70a98c5401ada63657eee7c88da70bdbb27,142,95,30,8,linux,BIC
db7157d4cfce6edf052452fb1d327d4d11b67f4c,0,2,2,1,linux,BFC
5614dc3a47e3310fbc77ea3b67eaadd1c6417bf1,16,18,1,1,linux,BFC
a70a9e998e8e64417c1213572c1dda617e355653,40,0,9,5,linux,BIC
a66098daacee2f354dab311b58011e7076aa248c,3789,0,0,1,linux,BIC
a93e7b331568227500186a465fee3c2cb5dffd1f,48,0,27,2,linux,BIC
0fed4ddd18f064d2359b430c6e83ee60dd1f49b1,1,0,1,1,linux,BFC
b2d0efc4be7ed320e33eaa9b6dd6f3f6011ffb8e,0,0,1,1,linux,BFC
1d3f0cbe0d3a537cbc8fb1a91f6d14407acece62,285,0,1,3,linux,BIC
3ee0cb5fb5eea2110db1b5cb7f67029b7be8a376,17,14,4,1,linux,BFC
a136678c0bdbb650daff5df5eec1dab960e074a7,1,0,0,1,linux,BIC
5bf01b571cf45db12a34f53b1ce96e044c030ae6,0,67,1,3,linux,BIC
18d219b783da61a6cc77581f55fc4af2fa16bc36,0,1,1,1,linux,BFC
4ff376feaf57af94e08c8df769e7c48b805ac897,0,27,8,3,linux,BFC
24aac336ff78eb55aedda043ed982c61dc3ac49a,4,2,3,1,linux,BFC
a939888ec38bf1f33e4a903056677e92a4844244,170,70,4,2,linux,BIC
cbdf451164785c9cf5acd5d2983c1e7c778df4c1,0,8,12,1,linux,BIC
325c50e3cebb9208009083e841550f98a863bfa0,12,0,0,1,linux,BFC
f65968ac191bd5f31091ff132191bf2ce3aed6c8,0,0,2,1,linux,BFC
804fba4e9f508c8004a4bfbdf3f300ca237c56df,7,0,0,1,linux,BFC
ddb4b0102cb9cdd2398d98b3e1e024e08a2f4239,0,0,1,1,linux,BFC
85d31dd07002315c0d1816543fdc392c8cc6b73a,0,0,1,1,linux,BFC
e94bd1736f1f60e916a85a80c0b0ebeaae36cce5,2,0,4,1,linux,BFC
12c4efe3509b8018e76ea3ebda8227cb53bf5887,7,0,8,4,linux,BFC
35f1b4e96b9258a3668872b1139c51e5a23eb876,1,0,1,1,linux,BFC
98cd1552ea27e512c7e99e2aa76042a26e4fb25c,381,0,0,3,linux,BIC
f15863b27752682bb700c21de5f83f613a0fb77e,0,6,2,1,linux,BFC
d2afd57a4b96f3824220bbb8c067558ca215543f,0,0,2,1,linux,BIC
ff63198850f33eab54b2da6905380fd4d4fc0739,6,31,0,1,linux,BFC
c25aeb4e095355eec3beb6a2b2b30322bd6d0dd4,57,0,5,3,linux,BIC
46d0847cdd4a3fc1920e56827b9189b9a105d362,0,0,8,2,linux,BFC
8dc1c444df193701910f5e80b5d4caaf705a8fb0,1,0,5,1,linux,BFC
64e87d4bd3201bf8a4685083ee4daf5c0d001452,2,0,0,1,linux,BFC
ca641bae6da977d638458e78cd1487b6160a2718,9,0,0,1,linux,BIC
f5be79673fc4c925708c99ec37d77e0a2c3cd30b,2,0,0,2,linux,BFC
0385971754f0aa0507ecd7f0a0f4a48781906eda,1,2,0,1,linux,BFC
e82c6d62a1f2347cde69c169fcf37e4d26f89b98,0,2,0,1,linux,BFC
d26c25a9d19b5976b319af528886f89cf455692d,45,0,0,1,linux,BIC
658716d19f8f155c67d4677ba68034b8e492dfbe,49,0,10,3,linux,BIC
7cf64b18b0b96e751178b8d0505d8466ff5a448f,8,0,4,1,linux,BFC
d80d134182ba536ececab8d5fca50d779befc9a6,38,52,11,4,linux,BIC
a4bc64d305af40446d0ac792bb8a9b2cd20af3d3,4,0,0,1,linux,BIC
dfbca61af0b654990b9af8297ac574a9986d8275,32,27,0,1,linux,BFC
95e1b60f8dc8f225b14619e9aca9bdd7d99167db,34,0,2,1,linux,BIC
e163376220169170f3945703a600083f1792aaf8,2,0,0,1,linux,BIC
d625329b06e46bd20baf9ee40847d11982569204,3,0,0,1,linux,BFC
7261851e938f4b0fe8c0f5a8e627ae90e1ba9875,0,0,3,1,linux,BFC
9ca488dd53088d4fcc97258aeeccf21f63b7da1e,0,0,1,1,linux,BFC
fe78627d430435d22316fe39f2012ece31bf23c2,0,0,1,1,linux,BFC
b1f66a5bee07adaab218fb98800928185e5f0f18,198,0,2,3,linux,BIC
ef265c55c1ac0f02c74a33d8e054547f7eafc81b,954,0,0,1,linux,BIC
879753c816dbbdb2a9a395aa4448d29feee92d1a,8,0,8,2,linux,BFC
7a10d8c810cfad3e79372d7d1c77899d86cd6662,10,0,7,2,linux,BFC
77ccee96a67422ac05fc47327cac4e4287fd0d8a,22,87,0,4,linux,BIC
37815bf866ab6722a47550f8d25ad3f1a16a680c,3,0,0,1,linux,BFC
2024439bd5ceb145eeeb428b2a59e9b905153ac3,0,4,0,1,linux,BFC
8a448bf832af537d26aa557d183a16943dce4510,4,4,8,1,linux,BIC
bfcda65c9ba57004533c12673347503f250c3290,0,0,1,1,linux,BFC
1897db2ec3109eb1dd07b357c95c5e03d54e41b9,98,0,0,3,linux,BIC
3615353218744bb60f55170c620ce4dce1a008c7,1,0,6,1,linux,BFC
65d1e3ddeae117f6a224535e10a09145f0f96508,3,0,1,1,linux,BFC
c93a49b9769e435990c82297aa0baa31e1538790,1,0,1,1,linux,BFC
443dfba02483872384354bc0e62c656e3f82b6a9,16,4,1,5,linux,BIC
aacd152ecd7b18af5d2d96dea9e7284c1c93abea,2,0,3,1,linux,BFC
81b4a0cc7565b08cadd0d02bae3434f127d1d72a,0,0,1,1,linux,BFC
9c5b34c2f7eb01976a5aa29ccdb786a634e3d1e0,0,0,1,1,linux,BFC
ed36b4dba54a421ce5551638f6a9790b2c2116b1,2,0,0,1,linux,BFC
50d5aa4cf822887f88841e4d8f8502434af679a9,0,2,0,1,linux,BFC
81196976ed946cbf36bb41ddda402853c7df7cfa,792,15,16,4,linux,BIC
25f02d3242ab4d16d0cee2dec0d89cedb3747fa9,2,0,0,1,linux,BFC
4f435ebe7d0422af61cdcddbbcc659888645a1e1,13,0,0,4,linux,BIC
49f98bc4d44a4ee507737f8d5531d05539787319,162,40,67,6,linux,BIC
e6373f33a6bba0de9f543f4a7faeaaa536c62997,1,0,0,1,linux,BFC
f29b212edb9e253cafcb4a2ab7842a890989f1a5,1,0,0,1,linux,BFC
64165b1affc5bc16231ac971e66aae7d68d57f2c,5,2,6,1,linux,BFC
6c9d9c81924b4b63c7a487e90fddb3b2d0f7d458,12,6,2,3,linux,BFC
eaf99c749d43ae74ac7ffece5512f3c73f01dfd2,74,70,8,7,linux,BIC
f958bd2314d117f8c29f4821401bc1925bc2e5ef,4,0,0,1,linux,BFC
082297e61480c4d72ed75b31077e74aca0e7c799,0,0,1,1,linux,BFC
90cac932976e93b17203b4216ba83bdcd68e0ed0,70,0,25,1,linux,BIC
1689cac5b32a6db6f812e8063ea418a7cf023d03,12,0,0,2,linux,BIC
7672691a08c886e53ccbf8cdca406f8c92ec7a20,89,0,0,5,linux,BIC
73566edf9b91dd085ddb12033d0ea7288979dd10,118,5,77,2,linux,BIC
97eba3260e7c4e65e1c085301c2330110bd6aa2b,0,0,2,1,linux,BFC
32b9ccbc3522811c0e483637b85ae25f5491296f,0,2,2,1,linux,BFC
1b5ac3226a1aa071135fe0ee5d1055d9e88b717c,132,0,3,3,linux,BIC
3739898576a13a41e319cf7d875cb68b9d9d35cc,0,0,1,1,linux,BFC
8d3fd357a28e420b1e154daf1cabdaa103911c08,8,0,3,1,linux,BFC
155d7c733807190258639c66b36340948f369349,14,0,4,2,linux,BIC
d3f89b98e391475419ae2d8834813d3ecbb48f67,49,2,2,2,linux,BFC
ae1ed0093281939b80664a687689f12436c0e874,170,91,33,3,linux,BIC
48111b79b77f9fb1f139e1878b3cfcd56b46b789,0,0,3,1,linux,BFC
3b1efb196eee45b2f0c4994e0c43edb5e367f620,55,2,36,3,linux,BIC
571f316074a203e979ea90211d9acf423dfe5f46,2,0,2,1,linux,BIC
1ec9dd80bedc208c00b18069cfd615a4cbfeab17,22,0,29,1,linux,BIC
b479efb0a94a19d0efb406bc8c82d89a280c3256,0,0,2,1,linux,BFC
f7a1e76d0f608961cc2fc681f867a834f2746bce,0,0,2,1,linux,BFC
39e72bf96f5847ba87cc5bd7a3ce0fed813dc9ad,44,0,4,3,linux,BFC
cba3345cc494ad286ca8823f44b2c16cae496679,1780,0,0,2,linux,BIC
5c5d22a750d4bcf35e9539dccec397b0edcce176,2,2,1,1,linux,BFC
0585244523f0f4de7e4480375e871617a79cab98,1,0,0,1,linux,BFC
ad5149c4f65f7cb984ab85b366c6e7b573eaf48f,14,13,4,2,linux,BFC
858f7a5c45cacbf9965c4735330ee34baa0728f4,69,0,6,5,linux,BIC
03e916fa8b5577d85471452a3d0c5738aa658dae,3,0,3,1,linux,BFC
4e93c1294f4b051d574d6bc59755d2863286990e,0,0,1,1,linux,BFC
94db9cc8f8fa2d5426ce79ec4ca16028f7084224,1,0,0,1,linux,BIC
8799a221f5944a7d74516ecf46d58c28ec1d1f75,1,0,4,1,linux,BFC
7180495cb3d0e2a2860d282a468b4146c21da78f,0,1,0,1,linux,BFC
d2833762f23a62cce1636452108706541a735290,4,0,2,1,linux,BFC
dc659a4e852b591771fc2e5abb60f4455b0cf316,5,0,1,1,linux,BFC
1ff22883b0b2f7a73eb2609ffe879c9fd96f6328,3,21,2,3,linux,BFC
be0f161ef141e4df368aa3f417a1c2ab9c362e75,88,12,18,3,linux,BFC
4842e98f26dd80be3623c4714a244ba52ea096a8,17,10,3,1,linux,BIC
0aaafaabfcba8aa991913cd3280a5dbf7f111a2a,14,0,2,2,linux,BFC
3ec24776bfd09668079df7dca0c0136d80820ab4,69,16,18,4,linux,BIC
158390e45612ef0fde160af0826f1740c36daf21,0,0,1,1,linux,BIC
f9e109a209a8e01e16f37e1252304f1eb3908be4,11,0,8,1,linux,BFC
f7ed45be3ba524e06a6d933f0517dc7ad2d06703,287,0,1,4,linux,BIC
3bf2537ec2e33310b431b53fd84be8833736c256,25,0,1,1,linux,BIC
5517357a4733d7cf7c17fc79d0530cfa47add372,0,0,1,1,linux,BFC
0d0736f76347f7e14a3e5bb7a202a75a53ce1e3b,74,0,0,1,linux,BIC
28394da25888168df379c40910591b95e8e449f7,5,0,0,2,linux,BFC
fb1522e099f0c69f36655af233a64e3f55941f5b,0,77,0,7,linux,BIC
956e759d5f8e0859e86b951a8779c60af633aafd,7,0,4,1,linux,BFC
765047932f153265db6ef15be208d6cbfc03dc62,69,0,0,4,linux,BIC
c223a38d62e57aa60a890ea7247e3c58a54478e6,4,0,2,1,linux,BFC
a528b04ea40690ff40501f50d618a62a02b19620,5,1,2,1,linux,BFC
63474dc4ac7ed3848a4786b9592dd061901f606d,0,13,7,1,linux,BFC
51ba8b3a0e1ab5240e6ed5b73995d0cf16b05b52,1,1,2,1,linux,BFC
6670e152447732ba90626f36dfc015a13fbf150e,25,15,39,7,linux,BIC
235266b8e11c9db12497bdfc6d5e9100f3434c24,0,177,0,1,linux,BIC
6712d2931933ada259b82f06c03a855b19937074,3,0,1,1,linux,BIC
c12837d1bb31032bead9060dec99ef310d5b9fb7,3,0,1,1,linux,BFC
65c5877f64623dcb603082e7b3533a25a2601f1b,2,0,1,1,linux,BFC
8024e02879ddd5042be02c70557f74cdc70b44b4,132,0,0,2,linux,BIC
a9fce374815d8ab94a3e6259802a944e2cc21408,151,0,3,2,linux,BIC
c311c797998c1e70eade463dd60b843da4f1a203,0,0,4,3,linux,BIC
e48e5e198fb6ec77c91047a694022f0fefa45292,1,0,0,1,linux,BFC
63dd5d022f4766e6b05ee611124afcc7cbfbb953,26,1,9,1,linux,BFC
794edf30ee6cd088d5f4079b1d4a4cfe5371203e,7,0,0,3,linux,BIC
c251d85df1d537511a703feb71c6e7c999a95111,0,1,0,1,linux,BFC
3a08ac3e79e892e23c936ffea582a63f3fec6c72,0,0,8,1,linux,BFC
29db9190634067c5a328ee5fcc2890251b836b4b,140,2,38,9,linux,BIC
e49a656b924ef125a2b00945a60df39cd09b8c86,22,30,178,7,linux,BIC
97eda5dcc2cde5dcc778bef7a9344db3b6bf8ef5,7,0,0,2,linux,BFC
245ec9d85696c3e539b23e210f248698b478379c,3,0,0,1,linux,BFC
b3ca32308e46b6384fdcb7e64b3fca4f61aff14b,38,0,5,2,linux,BFC
ccbbfd1cbf365b38d014351d1482fedd26282041,2,2,0,1,linux,BFC
91f7d2dbf952f54442fa81bb62f78ee023179bf9,0,0,1,1,linux,BFC
c378b3aa015931a46c91d6ccc2fe04d97801d060,1,0,1,1,linux,BFC
be38866fbb97f0ee2b144ab1de9ee2833a76e0fb,99,1,7,1,linux,BIC
5ddb0869bfc1bca6cfc592c74c64a026f936638c,0,0,2,1,linux,BFC
a8671493d2074950553da3cf07d1be43185ef6c6,8,0,3,1,linux,BFC
e501b3d87f003dfad8fcbd0f55ae17ea52495a56,1,18,42,11,linux,BIC
303def35f64e37bcd5401d202889f5fbc0241179,118,0,3,4,linux,BIC
6c503150ae33ee19036255cfda0998463613352c,23,19,18,1,linux,BIC
3e09a427ae7ac347e08dca5ffac64c902860d675,6,0,12,4,linux,BIC
009fc857c5f6fda81f2f7dd851b2d54193a8e733,0,0,1,1,linux,BIC
3c32da19a858fb1ae8a76bf899160be49f338506,51,0,5,2,linux,BIC
80f09dfc237f181e92968a72d97b7a4202baa453,213,0,0,4,linux,BIC
1515ab932156257afd8a5864506dab80f63ff38b,551,0,0,1,linux,BIC
f0b964e5e4bb6b0c152f8064bb69a0f3d32a5096,15,2,3,1,linux,BFC
b0c09c7f08c2467b2089bdf4adb2fbbc2464f4a8,2,0,0,1,linux,BFC
5e66e35aab335b83d9ffb220d8a3a13986a7a60e,6,0,1,1,linux,BFC
f1b49fdc1c64db110aa1315831e5fe0f8599fa56,33,2,9,5,linux,BIC
26ab7b384525ccfa678c518577f7f0d841209c8b,16,0,1,2,linux,BFC
8c2eb7b6468ad4aa5600aed01aa0715f921a3f8b,1,0,0,1,linux,BFC
f28a81a3b64270da3588174feff4628c36e0ff4e,1,0,0,1,linux,BFC
e389240ad99292d52a4f8ff30f16830dc9c63779,51,0,0,2,linux,BIC
4383cfcc65e7879e1858da56954dae9fc20dfae9,23,0,2,3,linux,BIC
f0b408eebc993310bea3f2daae286c40bd3f063b,6,0,0,1,linux,BFC
c982c6d6c48b48159db481581cadbb8773219677,0,1,0,1,linux,BIC
bc6e019b6ee65ff4ebf3ca272f774cf6c67db669,1,0,1,1,linux,BFC
b28b1e826f818c30ea732ba751bbecb202dd32a7,1,0,3,1,linux,BIC
90d2ea9f66d3f9f96bc0f41d94b4830c0b2d0a50,1,0,1,1,linux,BFC
1b306f997e2160ff40806fc5b43515f4c135dcb6,0,0,2,1,linux,BFC
fad58190c0ffd72c394722928cd3e919b6e18357,17,0,3,2,linux,BFC
56989f6d8568c21257dcec0f5e644d5570ba3281,0,0,51,35,linux,BIC
8b3fd1f53af3591d5624ab9df718369b14d09ed1,34,0,6,1,linux,BFC
82e39b0d8566fa67077c6941f776d17833c80fea,31,4,7,1,linux,BIC
06996c1d4088a0d5f3e7789d7f96b4653cc947cc,14,1,6,1,linux,BFC
ebc227fd91f26406840543074c2e7a55700a5644,4,0,0,1,linux,BFC
544e92581a2ac44607d7cc602c6b54d18656f56d,1,0,0,1,linux,BFC
c7d13358b6a2f49f81a34aa323a2d0878a0532a2,57,1,18,2,linux,BFC
0401e659c1f922e46887b1bab5a8fe87978d2458,1358,0,0,1,linux,BIC
9a6d5488002fdca7134a0e59b0ae252f61042810,45,24,14,5,linux,BFC
13586b31c749a9b6a55660be433bf077139d32b0,0,0,2,1,linux,BFC
d3683c055212bf910d4e318f7944910ce10dbee6,17,0,0,1,linux,BIC
3e1f4a2e1184ae6ad7f4caf682ced9554141a0f4,2,0,1,1,linux,BFC
4430f7fd09ecb037570119e0aacbf0c17b8f98b2,353,100,216,8,linux,BIC
78d3633ba9c2351fc869271ee00284f46e6b15b2,13,2,12,4,linux,BFC
c4745500e988b393189703bade6c3ec65194e24c,52,0,6,4,linux,BIC
ea64ec02b31d5b05ae94ac4d57e38f8a02117c76,10,13,9,1,linux,BIC
fe190ed0d60260e44f48d8b0b04f26a8c8898a02,0,0,10,1,linux,BIC
1de7ddb3a15c649fd15568d2056af295930656f8,16,0,0,1,linux,BIC
bc551d776b691022f49b5bb5379bd58f7c4eb76a,0,6,0,1,linux,BFC
e2d0576f0c009acdba63e1d763276743ff3788cc,7,0,0,1,linux,BFC
e8a308e5f47e545e0d41d0686c00f5f5217c5f61,6,0,1,3,linux,BFC
415719160de3fae3bb9cbc617664649919cd00d0,42,0,1,1,linux,BIC
0daf0113cff6884ed947ffe0870a926e73d52f79,5,0,5,2,linux,BIC
c1a8fa6e240ed4b99778d48ab790743565cb61c8,0,0,1,1,linux,BFC
a9f2705ec84449e3b8d70c804766f8e97e23080d,7,7,7,3,linux,BFC
d022d18c045fc2ccf92d0f14cf80f98eb0a8e119,29,0,0,3,linux,BIC
a11e5b3e7a59fde1a90b0eaeaa82320495cf8cae,0,0,2,1,linux,BFC
12c1dc8e7441773c74dc62fab76553c24015f6e1,2,0,1,1,linux,BFC
6ebedacbb44602d4dec3348dee5ec31dd9b09521,1,0,0,1,linux,BFC
79a58c06c2d1b93a9d3ec29df08e5b726a8c63e1,11,2,2,2,linux,BFC
d4556f5e99d5f603913bac01adaff8670cb2d08b,5,2,3,1,linux,BFC
eb1f420214adf81fd98d9e8df6b60318ef883102,0,1,0,1,linux,BFC
45068063efb7dd0a8d115c106aa05d9ab0946257,36,1,1,1,linux,BFC
67bc809752796acb2641ca343cad5b45eef31d7c,1,0,15,1,linux,BFC
b0b592cf08367719e1d1ef07c9f136e8c17f7ec3,6,2,3,2,linux,BFC
a76e9bd89ae70fdfff5fd1ca47756a35d10c5f3f,5,0,0,1,linux,BIC
c297561bc98ad0f2a37ce0178ee3ba89ab586d70,89,6,8,1,linux,BIC
1c6b39ad3f01514fd8dd84b5b412bafb75c19388,21,0,1,1,linux,BIC
9a2c33a422d60e8e55c5aff6752522dc39993b16,0,0,1,1,linux,BFC
6bf0577374cfb6c2301dbf4934a4f23ad3d72763,1,0,0,1,linux,BFC
df9c590986fdb6db9d5636d6cd93bc919c01b451,0,0,1,1,linux,BFC
df69ba43217d3cf4215c83c0627ce98a26e56e7c,174,0,0,6,linux,BIC
3a4a32d6d2c6e3bc28eab144dfb13438fac4f29a,9,9,0,1,linux,BFC
f798a1d4f94de9510e060d37b9b47721065a957c,1,0,0,1,linux,BFC
f164f5d8a70245217bee89b246dc4fcfececa526,0,25,0,1,linux,BFC
cfb6eeb4c860592edd123fdea908d23c6ad1c7dc,1631,0,64,13,linux,BIC
73e1ab41a80d36207e8ea7cc2c9897afdeeef387,5,1,2,1,linux,BIC
ed926f9b35cda0988234c356e16a7cb30f4e5338,132,2,16,2,linux,BIC
fcedb589b5a88d73d3155c4a8690d6dda91a3156,0,0,1,1,linux,BFC
e4cf8a38fc0d257b4070066e46a678f4777fecaa,26,0,0,2,linux,BIC
b106776080a1cf953a1b2fd50cb2a995db4732be,1,0,5,1,linux,BFC
6d8c6c0f97ad8a3517c42b179c1dc8e77397d0e2,43,15,12,4,linux,BIC
968bf969b47df2481022b9a05eaab02948eec088,0,0,1,1,linux,BFC
45835a63d039fc3bfb1d6c72cedaf785cd920e4a,6,0,1,1,linux,BFC
cf5d70918877c6a6655dc1e92e2ebb661ce904fd,28,0,1,1,linux,BFC
2d71ee0ce72f2597962fb2e66153f94d692142ba,1,0,0,1,linux,BIC
21d64817c72470ed69483f59279ce557c0658826,0,4,4,1,linux,BIC
687b81d083c082bc1e853032e3a2a54f8c251d27,128,244,10,44,linux,BIC
4aab3fadad32ff4df05832beff7c16fd6ad938aa,216,247,0,3,linux,BIC
63b87c310a8326c2d0721ab6c981493d590aa542,0,0,2,1,linux,BFC
3168c19d7eb17a0108a3b60ad8e8c1b18ea05c63,0,0,1,1,linux,BFC
79e539453b34e35f39299a899d263b0a1f1670bd,10492,2,48,25,linux,BIC
b92826fa8c5a423edf6c9e385b5d433c61375cc8,1,3,21,7,linux,BFC
7471fb77ce4dc4cb81291189947fcdf621a97987,11,0,1,1,linux,BIC
8e1ac4299a6e8726de42310d9c1379f188140c71,1,0,1,1,linux,BFC
e7eb2137e84adc7c6594463fbb41b9962d311f16,11,1,3,1,linux,BFC
fc00bc8ac1dada4085f9308f85f2d6359da0faa8,925,0,0,2,linux,BIC
c9ebd3df43c067b57203737484076345b6df2fb4,5,0,1,2,linux,BFC
a0a931d6a2c1fbc5d5966ebf0e7a043748692c22,3,1,3,1,linux,BFC
f82ef3e10a870acc19fa04f80ef5877eaa26f41e,3,0,1,1,linux,BFC
d3afd28cd2f35b2a1046b76e0cf010b684da2e84,22,0,7,3,linux,BFC
cdb8744d80352b55c622d049a6c91f449cd291f8,0,13,1,1,linux,BFC
15dfc662ef31a20b59097d59b0792b06770255fa,70,0,17,2,linux,BIC
171a42c38c6e1a5a076d6276e94e55a0b5b7868c,65,0,9,3,linux,BIC
ce0e7aeb676b40e765ec5b88d690fa9fa252c373,0,2,5,1,linux,BFC
cbd23144f7662b00bcde32a938c4a4057e476d68,9,0,2,1,linux,BFC
5ec97ba0713d118a1cd03ccc7677a13769253bbd,0,0,6,1,linux,BFC
bb86cf569bbd7ad4dce581a37c7fbd748057e9dc,19,0,0,1,linux,BFC
2ca711caeca2c6a4f3026d9fbdb135b65d7d68b3,17,0,7,1,linux,BIC
1291523f2c1d631fea34102fd241fb54a4e8f7a0,28,0,18,2,linux,BIC
a83da8a4509d3ebfe03bb7fffce022e4d5d4764f,49,8,1,1,linux,BIC
215b823707ce4e8e52b106915f70357fa474c669,22,0,1,2,linux,BIC
87dbdc230d162bf9ee1ac77c8ade178b6b1e199e,23,0,1,1,linux,BFC
7f3697e24dc3820b10f445a4a7d914fc356012d1,11,2,19,1,linux,BFC
51c5d0c4b169bf762f09e0d5b283a7f0b2a45739,375,0,93,4,linux,BIC
5e469dac326555d2038d199a6329458cc82a34e5,3,0,0,1,linux,BFC
cd70d4659ff3ab7e25b29a6f70be5bcfd078db1f,17,54,162,4,linux,BIC
8f416836c0d50b198cad1225132e5abebf8980dc,2,0,1,1,linux,BFC
d110162cafc80dad0622cfd40f3113aebb77e1bb,12,0,5,3,linux,BIC
6e14cf361a0cf3bbe0026557427a7eb2f64d3157,12,0,0,1,linux,BIC
8c978d059224deea079f0ee13640bcb99faa8061,470,0,3,6,linux,BIC
4eb068157121939f4bc16256a37bcd88f5554123,16,0,10,6,linux,BIC
f6c052afe6f802d87c74153b7a57c43b2e9faf07,2,0,2,2,linux,BFC
f5cac8b156e8b7b67bb0fdfd19900855bf9569f3,4,0,1,1,linux,BFC
0866df8dffd514185bfab0d205db76e4c02cf1e4,0,0,1,1,linux,BIC
a01c47737a9ca118ab75c6fd6e75739b824de830,6,0,1,1,linux,BFC
9cbffc7a59561be950ecc675d19a3d2b45202b2b,0,31,0,2,linux,BIC
3e269eeea42736fda3054fb3747b6286691b25a3,6,0,12,1,linux,BFC
dcd54265c8bc14bd023815e36e2d5f9d66ee1fee,7,0,2,1,linux,BFC
dc504774408b8ee6ce4967fbacb8b0d56588dc71,71,16,14,3,linux,BIC
df0062b27ebf473b372914a3e3574d93790e2b72,8,0,0,1,linux,BFC
9c3736a3de21d916a6af0594418b85a112f4bef6,1105,0,0,3,linux,BIC
0f8da75b51ac863b9435368bd50691718cc454b0,2,0,4,1,linux,BFC
c2afad6c6105783a72a2f7b69834a489120a1a7c,1386,0,10,1,linux,BIC
9a5ab8bf1d6d16ef47fdf55dba1683ec00d751ad,41,6,85,5,linux,BIC
bad1e1c663e0a72f9cf7b230a00d821678f80455,36,2,2,5,linux,BIC
88390996c95b879ba365888199b45ace3f5ca80b,2,0,1,1,linux,BFC
f0a955f4eeec0f16bdbdd0fb15d8ec0937d1de23,0,9,20,4,linux,BIC
2e2cdace5a26507a564d319a1338920a838ef52e,1,0,0,1,linux,BFC
8ba0ddd09406e35782259f2ac18187ec77d8c093,0,0,1,1,linux,BFC
113972d2e111304553d4d3226f49d18ea4b7f2f7,4,5,12,1,linux,BFC
1a71fb84fda651105e1e194c2d3a3a13a38210a9,79,0,0,2,linux,BIC
8c0b39155048d5a24f25c6c60aa83729927b04cd,0,0,1,1,linux,BFC
a6e6581942caa0fab059634459c4c349fd7e4cc2,76,0,5,1,linux,BIC
0e88bb002a9b2ee8cc3cc9478ce2dc126f849696,1,0,1,1,linux,BFC
81da8a0b7975c51db482acee750a2dbcb320b97d,0,2,0,1,linux,BIC
4cb6560514fa19d556954b88128f3846fee66a03,0,3,5,1,linux,BIC
e11ffbd57520c3832e05f2f5f19e9ff6adbb7cdc,26,1,5,5,linux,BIC
8dfbda19a21b30475b7e6dcf2141a98ed2a19af5,22,9,11,1,linux,BIC
c349b4137cfd9482f30dcd726748d0c4da1427f3,273,0,0,2,linux,BIC
722ccf416ac2804cdb9b5c84e81524fab775a577,1,0,5,1,linux,BIC
e5cd3abcb31a48d4ea91bd32f0618802ca5f3592,53,42,45,4,linux,BIC
7c84b8b43d3d550fa6f0b57277d03f2e1bafb357,1,0,0,1,linux,BIC
3bd6b8271ee660803c5694cc25420c499c5c0592,2,0,0,1,linux,BFC
c586f30bf74cb580c1748222b05a0bad57d7dcd4,108,0,4,6,linux,BIC
4062090e3e5caaf55bed4523a69f26c3265cc1d2,6,0,3,1,linux,BFC
6f15a2a09cecb7a2faba4a75bbd101f6f962294b,12,13,1,1,linux,BFC
725f22a1477c9c15aa67ad3af96fe28ec4fe72d2,1,0,0,1,linux,BFC
db32e4e49ce2b0e5fcc17803d011a401c0a637f6,0,1,0,1,linux,BFC
5ceaeb99ffb4dc002d20f6ac243c19a85e2c7a76,10,2,6,1,linux,BFC
0f98621bef5d2b7ad41f6595899660af344f5016,37,4,2,1,linux,BIC
31cb5c9e69cedd4bdd7bb7b442582914ceae8c2b,2,0,6,1,linux,BFC
310d1344e3c58cc2d625aa4e52cfcb7d8a26fcbf,8,0,0,1,linux,BFC
e20f469660ad526fcd9bf865e30ee491ae4e4a86,91,0,1,4,linux,BIC
072ed3431f5ba20cccdaf57ee950e36b8693e235,129,116,0,4,linux,BFC
6409e84ec58fc4c0085d8921f8e01815dc871971,0,0,1,1,linux,BFC
88326ef05b262f681d837ecf65db10a7edb609f1,3,0,0,1,linux,BFC
01429183f479c54c1b5d15453a8ce574ea43e525,15,0,2,1,linux,BFC
b0e03950dd71315204c24a3dffb2d9fc477e82de,1,0,1,1,linux,BFC
8010d74b9965b33182651767e9788ed84cf8e5f9,108,49,20,3,linux,BIC
b1bce14a7954790d0fd3bba29375a65aa96fc57c,27,0,7,3,linux,BIC
7f7cca08abf4c6c58ff1037cff5beec5a10a7da3,11,0,9,1,linux,BIC
292924b260247483a58916f6d3550d8c92f32f55,42,0,5,5,linux,BIC
33433913459a6bfbfa808c202d6f5490aa43d7a7,0,0,1,1,linux,BFC
23316316c1af0677a041c81f3ad6efb9dc470b33,0,80,1,5,linux,BFC
7c1deeeb01308426a27a70d5a506aa5fae66dc62,86,0,2,1,linux,BIC
73c5265913b4b11a56d119396f745a57c7c272b7,0,0,1,1,linux,BFC
90b73b77d08ec395311411b545c756ca710aae59,13,10,47,3,linux,BIC
38ea1eac7d88072bbffb630e2b3db83ca649b826,3,0,3,1,linux,BIC
d445bd9cec1a850c2100fcf53684c13b3fd934f2,0,0,8,3,linux,BFC
d39cdd2036a63eef17a14efbd969405ca5612886,15,8,6,3,linux,BIC
1e5ceeab6929585512c63d05911d6657064abf7b,5,0,1,1,linux,BFC
2d30e408a2a6b3443d3232593e3d472584a3e9f8,0,2,1,1,linux,BIC
0fe8bed6e37c259b85d123ef9667f972305c9d6b,0,0,5,1,linux,BFC
0f533e67d26f228ea5dfdacc8a4bdeb487af5208,0,0,21,3,linux,BFC
0ff32bfa0e794ccc3601de7158b522bf736fa63c,0,0,1,1,linux,BFC
cac974a51ebb955f3be260a9633836e1413c8672,99,46,28,1,linux,BIC
04f8ef5643bcd8bcde25dfdebef998aea480b2ba,2,0,1,1,linux,BFC
45f6b6db53c80787b79044629b062dfcf2da71ec,1,5,3,1,linux,BFC
3928aa3f5775fc4e40117077e97d73d8526039c9,84,0,6,3,linux,BIC
fa5a7970d372c9c9beb3a0ce79ee1d0c23387d0a,0,0,1,1,linux,BFC
b2f7605076d6cdd68162c42c34caadafbbe4c69f,19,2,3,1,linux,BIC
6f91f4ba046e5de6a6e579620b32b8ecf56873f7,227,0,6,4,linux,BIC
42073d91a214587717c36a697436bad0f60c4384,38,14,0,1,linux,BIC
892e8ba38f28d68a17122a9e14cf36ea756aa6b8,0,2,1,1,linux,BFC
4bfd9eed15e163969156e976c62db5ef423e5b0f,0,0,1,1,linux,BFC
8ecb506d3476aa58077e79ef1f75395625458fcc,2,0,1,1,linux,BFC
07cccffdbdd37820ba13c645af8e74a78a266557,3,0,3,1,linux,BFC
15be8e89cdd999124a2307ffd6dacb895c3b802e,12,0,0,1,linux,BIC
f7df4923fa986247e93ec2cdff5ca168fff14dcf,10,0,10,1,linux,BFC
3ef3905aa3b5b3e222ee6eb0210bfd999417a8cc,1,0,0,1,linux,BFC
2fb164f0ce95e504e2688b4f984893c29ebd19ab,0,0,2,1,linux,BFC
39f56b757cf9778572041f497f6fad890224c9fb,5,0,0,1,linux,BFC
b9c0ebb867d67cc4e9e1a7a2abf0ac9a2cc02051,0,0,3,1,linux,BFC
90e406f96f630c07d631a021fd4af10aac913e77,0,11,9,1,linux,BFC
07313a2b29ed1079eaa7722624544b97b3ead84b,8,8,1,1,linux,BFC
cbcf0999ae33e7a8e1dba7ca935556634f679ccf,2,2,0,1,linux,BFC
74f47278cb056ffe1d261df3e094d608c3569829,14,0,10,1,linux,BFC
0f9f696a502e1b01fbb137a08f56f157da9d95eb,66,0,0,2,linux,BIC
5673444821406dda5fc25e4b52aca419f8065a19,6,0,0,1,linux,BFC
ff4319dc7cd58c92b389960e375038335d157a60,1,1,2,1,linux,BFC
e7a01876729c3e650c5f6ee446b71a309d1c55ab,30,2,25,1,linux,BIC
1c99502fae359182a93a1c9cf7406edc0e28b6b0,1,8,5,1,linux,BIC
7acef60455c4814a52afb8629d166a3b4dfa0ebb,0,0,1,1,linux,BFC
44d705b0370b1d581f46ff23e5d33e8b5ff8ec58,71,1,29,4,linux,BIC
ec0e5549f3586d2cb99a05edd006d722ebad912c,1206,0,0,1,linux,BIC
b0c19ed6088ab41dd2a727b60594b7297c15d6ce,37,0,14,1,linux,BIC
4bc14f3101364877dd59085f39e068a2a7ec9f2d,1,0,1,1,linux,BFC
905db7470199a39d7a48643df0559ffee26b989e,393,340,20,9,linux,BIC
292c196a3695e57980dc79dea3863462fa4831c4,10,7,3,4,linux,BIC
ef1659ade3590e4a29a999c6f0cb2272857638a6,39,0,0,1,linux,BIC
bc348defcc6eceeb4f7784bf9a263ddb72fd3fb4,5,0,6,5,linux,BFC
2f293651eca3eacaeb56747dede31edace7329d2,0,0,2,1,linux,BFC
a67509c30079f4c5025fb19ea443fb2906c3a85e,260,203,115,1,linux,BIC
9d282c17b023a97516a63255ce7f7ee65c39bec1,49,0,4,1,linux,BIC
09f11b6c99feaf86a26444bca85dc693b3f58f8b,0,8,20,2,linux,BIC
7c9864bbccc23e1812ac82966555d68c13ea4006,1,0,3,1,linux,BFC
9eeee3b0bf190b4f677af27e24ba0cd1c030e49b,146,0,2,5,linux,BIC
81cd7e8489278d28794e7b272950c3e00c344e44,0,4,0,1,linux,BFC
e02a9f048ef79a411904bef075fd3ce4204052a9,0,1,5,1,linux,BFC
bd549d35b4be065c10fbff13256c96877a4f8fac,0,34,2,1,linux,BIC
0878355b51f5f26632e652c848a8e174bb02d22d,14,2,2,1,linux,BFC
5865ccce7eac9bb520d7dacfb48cb72764ed10c3,0,0,1,1,linux,BFC
7f17b4a121d0d50eca22cb1edebf0a157f3e43bf,48,0,11,2,linux,BIC
6ce347af1499deff5890a52aedacd451330af706,2,0,5,1,linux,BFC
aae425efdfd1b1d8452260a3cb49344ebf20b1f5,73,27,1,6,linux,BFC
de702da7a823ab0c4a1e53ed79a2695f0d453855,0,0,1,1,linux,BFC
f5621a01c86beb5dd83407f6e36d7bae43e8a8be,0,0,1,1,linux,BFC
151f0dddbbfe4c35c9c5b64873115aafd436af9d,0,0,2,1,linux,BFC
5a0015d62668e64c8b6e02e360fbbea121bfd5e6,4911,0,0,16,linux,BIC
433f4ba1904100da65a311033f17a9bf586b287e,3,0,1,1,linux,BFC
6f1a4891a5928a5969c87fa5a584844c983ec823,161,2,2,6,linux,BIC
35ca91d1338ae158f6dcc0de5d1e86197924ffda,0,11,3,1,linux,BFC
fc4144e7815b7747b6aba140d7a91da45ee9dd8c,2,0,0,2,linux,BFC
3466a3def2c01e0ee3e2035f2dc988816cfab460,0,0,3,1,linux,BFC
4b3e910d7f430ab76dd37131bb75129878950163,6,8,0,1,linux,BFC
4a4eefcd0e49f9f339933324c1bde431186a0a7d,0,0,1,1,linux,BFC
1339f24b336db5ded9811f3fe7b948e0de207785,39,0,3,2,linux,BIC
d1f20c03f48102e52eb98b8651d129b83134cae4,1,0,1,1,linux,BFC
1650113888fe7b7e16604a5019c32dd3ddeb3af2,78,0,2,1,linux,BIC
7e5cced9ca84df52d874aca6b632f930b3dc5bc6,18,0,2,1,linux,BFC
e7affb1dba0e9068aeb3978e858f39753e0dc20a,14,2,2,5,linux,BIC
ae1ea84b33dab45c7b6c1754231ebda5959b504c,17,6,10,4,linux,BIC
588faa1ea5eecb351100ee5d187b9be99210f70d,2,0,0,1,linux,BFC
be40597a1bc173bf9dadccdf5388b956f620ae8f,5,0,3,1,linux,BFC
940bc471780b004a5277c1931f52af363c2fc9da,1,1,0,1,linux,BFC
5dc76a96e95ae041c1d8e52714bd77576b35919b,168,1,7,4,linux,BIC
8e334c1d89d2e9d367717fbf6008b046c445a1c6,0,1,0,1,linux,BFC
76dd07281338da6951fdab3432ced843fa87839c,0,0,2,1,linux,BFC
6d4e5c570c2d66c806ecc6bd851fcf881fe8a38e,19,12,3,1,linux,BIC
0c5c2d3089068d4aa378f7a40d2b5ad9d4f52ce8,5,0,1,2,linux,BIC
7074d0a92758603369655ef5d4f49e6caaae0b4e,163,0,0,1,linux,BIC
d97cda5f465bacc82659263a885703d73759ea04,0,3,29,1,linux,BFC
217e8b16a43a1780e77607dc019c5f3b26fab48a,4,0,1,1,linux,BFC
0b257734344aa89b565bd148ff94f29aa873ffa6,0,3,6,1,linux,BIC
e85d7ee42003314652ab3ae2c60e3b8cd793b65f,7,1,8,2,linux,BFC
6f6e3c09c0dde7fbaf36f02ffa97bbb13fecd637,0,7,7,1,linux,BFC
d8f74f0975d8360ab15312697585837c989c406b,36,0,0,1,linux,BIC
6099469805c24af14250e182bb9ca082b8a6b716,358,0,0,2,linux,BIC
279290294662d4a35d209fb7d7c46523cfa3d63d,16,3,10,1,linux,BIC
9f5a90c107741b864398f4ac0014711a8c1d8474,3,0,1,1,linux,BFC
99d55638d4b053c549c924959747c58392b2dbea,8,0,2,1,linux,BIC
479ffcccefd7b04442b0e949f8779b0612e8c75f,14,0,21,2,linux,BFC
90b86fcc47b4d186f92cd66393fe51871615b4cc,818,0,0,1,linux,BIC
39abe9d88b30a51029b0b29a708a4f4459034565,11,0,0,1,linux,BIC
1666d49e1d416fcc2cce708242a52fe3317ea8ba,13,4,17,1,linux,BIC
099dc4fb62653f6019d78db55fba7a18ef02d65b,3833,0,0,9,linux,BIC
8c4f13649731576d5f82dfffff465041feae8d60,1,3,4,1,linux,BIC
8c5f9c1ab7cb45f6584ce312b14fb310a8fa28f3,124,1,40,2,linux,BIC
8d78602aa87a3805902bed83157526fdc5b837d4,2366,0,0,2,linux,BIC
317b5684d52269b75b4ec6480f9dac056d0d4ba8,7,0,1,1,linux,BFC
11abbc9f39e002a2b25657e00abac8056cb39e93,13,2,10,1,linux,BIC
0076f029cb2906d32baf3bf4401ef09663071d16,8,0,0,1,linux,BFC
d43f81cbaf43531a977e8b4c4427f19acf8a5061,719,0,3,6,linux,BIC
70ed7148dadb812f2f7c9927e98ef3cf4869dfa9,2,0,1,1,linux,BFC
51e857af9f3f1ab78be10ff6bf5c4a8a56f4e4d6,1,0,2,1,linux,BFC
ed3525eda4c4983fb8509e488de0a351788041ba,1688,0,3,3,linux,BIC
acca789a358cc960be3937851d7de6591c79d6c2,6,0,2,2,linux,BFC
6eb4f08293e971cb1b7b867c7fe994c244b91460,18,13,13,1,linux,BFC
07666c75ad17d7389b18ac0235c8cf41e1504ea8,0,4,0,1,linux,BFC
23c1075ae83adaf14ea3f727c40368799f80bccc,0,0,1,1,linux,BFC
88dee0cc93adcd83db9d089c1163dc88edafd1c1,2,0,0,2,linux,BFC
e90a619fb7e1acb5e18f1ab618c6d10b08f0fc70,0,0,1,1,linux,BFC
44a9ffd4eb99ada6c1496a735a414414fef30696,0,0,2,1,linux,BFC
42e9a92fe6a9095bd68a379aaec7ad2be0337f7a,9490,0,0,10,linux,BIC
e8a4796ee2954db9f7e9b52e5fbc66ef876752f6,4,0,1,1,linux,BFC
5e9c5236b7b86779b53b762f7e66240c3f18314b,0,0,1,1,linux,BFC
3a38bb98d9abdc3856f26b5ed4332803065cd7cf,39,9,13,3,linux,BFC
bc1a7f75c85e226e82f183d30d75c357f92b6029,0,0,4,1,linux,BFC
2bbcaaee1fcbd83272e29f31e2bb7e70d8c49e05,31,0,11,2,linux,BIC
61e0c2bc555a194ada2632fadac73f2bdb5df9cb,1,0,0,1,linux,BFC
52a42cec4b7088599a9f51187c454d45c460167a,17,1,26,1,linux,BIC
284b4d93daee56dff3e10029ddf2e03227f50dbf,2,2,0,1,linux,BIC
500a1d9a43e0a16e3cfc48f4b192ad421d4de376,198,0,0,1,linux,BIC
6455a8a84bdfd34829d23328b9d106c2652885f2,39,74,53,1,linux,BIC
77c436de01c0f29ba0b745196160184b22adaf60,1,9,20,1,linux,BIC
39d637af5aa7577f655c58b9e55587566c63a0af,13,0,8,1,linux,BIC
9ae3fbd109d9d89c442a3412e41fc532a9829ea8,1,0,0,1,linux,BFC
91b3c8dbe898df158fd2a84675f3a284ff6666f7,3,0,1,1,linux,BFC
576d55460e7f209139545a348746c2fcadf61bc3,2,0,0,1,linux,BFC
f5c9571e2265b3cbfad2ed41ba60c3da474daa61,0,0,1,1,linux,BFC
5e9eff5dfa460cd1a74b7c1fde4fced7c04383af,0,5,0,1,linux,BFC
705814b5ea6ff69d4da8ad581c3da5d26d1eae83,38,0,10,1,linux,BIC
88537ddbbe4c755e193aa220a306395edf08a4cf,29,5,18,1,linux,BFC
a2036a1ef2ee91acab01a0ae4a534070691a42ec,2,0,0,1,linux,BFC
943c4d9074aa05b86af89eec25330c1995e807c9,0,0,1,1,linux,BFC
0f181d3cf7d984b1af33d34557a8285852b0d3ec,87,10,42,1,linux,BIC
375561bd6195a31bf4c109732bd538cb97a941f4,1,0,0,1,linux,BFC
5f318dad72d227438f4da4c57afb2dfbd9dacddb,1,0,1,1,linux,BFC
9037c3bde65d339017ef41d81cb58069ffc321d4,0,0,1,1,linux,BFC
3a5d12c9be6f30080600c8bacaf310194e37d029,2,0,0,1,linux,BFC
d4472a4b8c61a76a1fdcca8a03d6470d7565d87c,0,0,1,1,linux,BFC
6acfe68bac7e6f16dc312157b1fa6e2368985013,3,4,4,2,linux,BFC
553552ce1796c32cf4e3d4f45cd5b537de91dd1d,17,0,17,5,linux,BIC
2816e24b0510e0c185c0c46acff1ce7aa4c4443f,1,0,1,1,linux,BFC
b76b51ba0cef13980813373a548a12206e3cd3c9,5,0,16,1,linux,BIC
05840710149c7d1a78ea85a2db5723f706e97d8f,11,0,3,1,linux,BFC
a4675fbc4a7abe072ac6ba38c252f22a91ebcd94,5,30,34,1,linux,BIC
3be232f11a3cc9b0ef0795e39fa11bdb8e422a06,1,0,2,2,linux,BIC
184eccd40389df29abefab88092c4ff33191fd0c,6,0,4,2,linux,BIC
b2d2440430c0fdd5e0cad3efd6d1c9e3d3d02e5b,0,14,0,2,linux,BIC
2d077d4b59924acd1f5180c6fb73b57f4771fde6,0,0,1,1,linux,BFC
a113eaaf86373362b053279049907ff82b5df6c8,47,43,8,2,linux,BIC
45a86681844e375bef6f6add272ccc309bb6a08d,20,0,1,1,linux,BIC
7db2bc925e4642df6255612e5521af0423ada18a,3,67,14,2,linux,BFC
ad5c3d3ffbb26094b0b76751aef4ee4e4854996c,40,21,5,1,linux,BIC
7aaddd96d5febcf5b24357a326b3038d49a20532,0,0,1,1,linux,BFC
708e0ada1916be765b7faa58854062f2bc620bbf,1,2,3,1,linux,BFC
df3cb4ea1fb63ff326488efd671ba3c39034255e,1,0,4,1,linux,BFC
287cdaac5700c5b8970d739f73d742d863d3e2ca,0,0,3,1,linux,BFC
7b39d901846d2548829e7788eefcfe9091224973,1,1,8,1,linux,BIC
fb43d17210baa538e58fc83d2d0f8a32399db73b,12,20,16,5,linux,BIC
cf7221a4f5a53f4975bdf55a9fa5de7a32acfc6d,279,0,1,1,linux,BIC
ba953a9d89a00c078b85f4b190bc1dde66fe16b5,3,0,0,1,linux,BFC
8c97a46af04b4f7c0a0dded031fef1806872e648,4,0,12,4,linux,BIC
24055bb87977e0c687b54ebf7bac8715f3636bc3,0,0,1,1,linux,BFC
36343f6ea721e003ed11b48a6a05d77a255b3a62,22,0,3,2,linux,BFC
0628467f97b5227755428bac10a68257322f7e34,7,0,0,1,linux,BIC
7a0c5c5b834fb60764b494b0e39c239da3b0774b,0,0,1,1,linux,BFC
fed06ee89b78d3af32e235e0e89ad0d946fcb95d,4,0,0,1,linux,BFC
9488585b21bef0df1217e510c7134905d1d376a7,20,1,18,2,linux,BIC
a5ea8e99959728fca3d3b811ffda25975121fdf4,2,0,2,1,linux,BFC
695cf5ab401c1a368fed228ee4a624784cd17fc5,1,0,0,1,linux,BFC
7321ecbfc7cf85211460a1dc6bb0ccfc3dcf9df0,25,31,0,2,linux,BIC
cae422f379f37fe9105d2a113259788f989e7df5,15,16,2,1,linux,BIC
4cd273bb91b3001f623f516ec726c49754571b1a,0,0,1,1,linux,BFC
ab7aa2866d295438dc60522f85c5421c6b4f1507,0,1,5,1,linux,BFC
b44492afd2b123f605c3aa2cbeee3398d9ebbcc5,10,4,3,1,linux,BFC
ca185b260951d3b55108c0b95e188682d8a507b7,0,0,3,1,linux,BFC
56a6c7268312cba9436b84cac01b3e502c5c511d,1,0,1,1,linux,BFC
d745b5062ad2b5da90a5e728d7ca884fc07315fd,0,6,16,1,linux,BFC
fb9f2e92864f51d25e790947cca2ac4426a12f9c,0,0,2,1,linux,BFC
799ee2970485dc206c3bf347d6e6827c04d5e4f9,0,0,1,1,linux,BFC
e61b30bb34b6206f76e623269a41b65cd3989fff,0,0,1,1,linux,BFC
2df8220cc511326508ec4da2f43ef69311bdd7b9,47,23,0,5,linux,BIC
217f6974368188fd8bd7804bf5a036aa5762c5e4,72,0,20,2,linux,BIC
414e7d76af6d3ec2dd4e9079927dbe0e2e4ca914,1,0,1,1,linux,BFC
4cfa6ff24a9744ba484521c38bea613134fbfcb3,1,0,0,1,linux,BFC
bb73c52bad3666997ed2ec83c0c80c3f8ef55008,12,0,2,3,linux,BIC
e716f2eb24defb33b82be763a3ed9a618a210cee,47,31,24,2,linux,BIC
b3d726cb8497c6b12106fd617d46eef11763ea86,0,0,2,1,linux,BFC
a1a0e23e49037c23ea84bc8cc146a03584d13577,37,3,10,3,linux,BFC
36847f9e3e56c192ef95e7669df38189443530a0,0,1,4,1,linux,BIC
6bbd723035badafe4a8eb17ccdecd96eae7a96d5,0,4,0,1,linux,BFC
9049572fb145746725b198a19e27fa2671b80448,0,379,0,1,linux,BIC
ef069b97feec11c2399bbc5f6f347b35482105dc,4,9,0,1,linux,BFC
d4c61c4a16decd8ace8660f22c81609a539fccba,0,0,1,1,linux,BFC
65453d1efbd20f3825beba2a9c93ffb2ec729ece,20,0,1,1,linux,BIC
769acc3656d93aaacada814939743361d284fd87,4,0,0,1,linux,BFC
4ce504c4eb5628073f35d38efe490554a12aee04,0,0,4,1,linux,BFC
5e958e4aacf44e1cc98b0d88d8e66e98f03bbf66,31,0,0,1,linux,BIC
e5c891a349d7c556b7b9dc231d6dd78e88a29e5c,17,0,1,1,linux,BFC
5afeef2366db14587b65558bbfd5a067542e07fb,16,0,0,1,linux,BFC
5a18c2434f8bfc8bc2fb0f8af3e44f7408d63e4f,2,0,0,1,linux,BFC
acbc372e6109c803cbee4733769d02008381740f,5,0,0,1,linux,BFC
2a7275a3d867b228216886aae35e1f64291180b1,4,0,3,1,linux,BFC
9b54470afd836278a7e6f0f08194e2e2dca4b6eb,202,0,0,1,linux,BIC
bd8b82042269a95db48074b8bb400678dbac1815,6,0,0,2,linux,BIC
c41a47678d067efe8c87e8f1cfdcb0147e58ee62,6,0,7,1,linux,BFC
723f268f19daddba56a987b934f3e34a04b6499d,40,31,3,4,linux,BIC
a87532c78d291265efadc4b20a8c7a70cd59ea29,0,11,3,1,linux,BFC
83d3459a5928f18c9344683e31bc2a7c3c25562a,1,0,1,1,linux,BFC
9cbf117662e24c6d33245666804487f92c21b59d,82,0,3,1,linux,BIC
d41b60359ffb24a39c93ea1f4bffaafd651118c3,0,2,3,1,linux,BFC
17c91487364fb33797ed84022564ee7544ac4945,0,0,1,1,linux,BIC
dbf3f09322141b6f04a33949453b7626f62d9e0b,0,0,10,1,linux,BFC
d57019d1858a6f9b3ca05d76d793466ae428cfa3,0,0,3,1,linux,BFC
c25cba3689c7ab5ae6ee7228d1d49a5652429229,1,0,0,1,linux,BFC
f9eb4af67c9dde195bae965a86c35c35402249c0,45,0,16,1,linux,BIC
1b785611e1191751e1fb44ac3e89a0bd68ec7971,51,0,0,1,linux,BIC
201c1db90cd643282185a00770f12f95da330eca,0,0,1,1,linux,BFC
0214f6bbe564632adba299e38023d681c1bd68c5,1,0,1,1,linux,BFC
9bc79bbcd0c526e3ec7b98e08c5d34648bb3c158,527,0,0,1,linux,BIC
b36c598c999c628130f6743dc2362585360de65c,38,91,23,4,linux,BIC
3e07590e7248db951fed6a2039403b5a39010be7,0,1,0,1,linux,BFC
360a3a90c6261fe24a959ff38f8f6c3a8468f23c,0,0,1,1,linux,BFC
1e0a8b13d35510e711fdf72e9a3e30bcb2bd49fa,1,0,0,1,linux,BIC
9889707b06acfe9bb37a6edcaae627d4a5eacc72,5,0,1,1,linux,BIC
c3acd59014148470dc58519870fbc779785b4bf7,2,22,2,1,linux,BIC
14af4a5e9b26ad251f81c174e8a43f3e179434a5,0,8,1,1,linux,BFC
e6929a9020acbeb04d9a3ad9a88234c15be808fd,147,0,5,1,linux,BIC
a7cba0a4d508d2d78f2932ee944feadd38c97c2c,1,0,5,1,linux,BFC
6484a677294aa5d08c0210f2f387ebb9be646115,0,0,1,1,linux,BFC
511cfd580f23b0e0fcd5659931ef14c6e2c062b0,0,0,2,1,linux,BFC
2083d36790e328a364896a2833fbedbf6e1d2317,2,0,0,1,linux,BFC
acf568ee859f098279eadf551612f103afdacb4e,78,0,2,4,linux,BIC
43a4b4dbd48c9006ef64df3a12acf33bdfe11c61,0,0,1,1,linux,BFC
6d684e54690caef45cf14051ddeb7c71beeb681b,7,1,1,2,linux,BIC
457f74abbed060a0395f75ab5297f2d76cada516,3,0,1,1,linux,BIC
b6ba4a9aa59fe99c6e9ca6ec941cd5f9823b0cae,73,0,11,3,linux,BIC
97534127012f0e396eddea4691f4c9b170aed74b,0,1,1,1,linux,BFC
b325d3526e14942d42c392c2ac9fbea59c22894c,12,0,0,1,linux,BFC
54f5c9c52d69afa55abf2b034df8d45f588466c3,0,0,1,1,linux,BFC
57b2c0628b6042b7cfad387fe54951ddf7185fd2,2271,0,0,6,linux,BIC
b7f839d292948142eaab77cedd031aad0bfec872,16,0,4,1,linux,BFC
5a6b06f5927c940fa44026695779c30b7536474c,17,7,4,2,linux,BFC
e3d105055525d9ea9f8e9cb0db8237df3df1bb9f,35,0,19,3,linux,BFC
4f0712ccec09c071e221242a2db9a6779a55a949,0,0,1,1,linux,BFC
ea7fc1bb1cd1b92b42b1d9273ce7e231d3dc9321,81,0,2,6,linux,BIC
519d8ab17682da5f2fae5941d906d85b9fd3593a,1,0,0,1,linux,BFC
6387f866a2ccbf393ed5ffe7e2754eb5d0781441,1940,0,0,3,linux,BIC
33c30a8b68cf837b2be3e885ae0a329b880d7666,1,0,1,1,linux,BFC
907af0f0cab4ee5d5604f182ecec2c5b5119d294,4,0,1,1,linux,BFC
2d772da98d3bb462f6c1930d444f597977448319,0,0,2,1,linux,BFC
ad7c0510c99ef1568fcfd0ac7e2cefca3b30477a,119,0,1,1,linux,BIC
245ca2cc212bb2a078332ec99afbfbb202f44c2d,0,0,1,1,linux,BFC
f2123818ffad0332e03c266ca73fe116e8ea5354,90,26,42,10,linux,BIC
55707294c4eb0d61054468ecccdddef5c5151fc0,676,0,0,1,linux,BIC
70b9b6b3bcb216926d8dcec27f1579abffd047c0,232,0,2,1,linux,BIC
43c93d9bf5e2b195c38de99024d8d9e545a5aae5,10,0,4,3,linux,BIC
dbcf24d153884439dad30484a0e3f02350692e4c,0,0,7,1,linux,BFC
0217ed2848e8538bcf9172d97ed2eeb4a26041bb,5,0,3,1,linux,BFC
e5072053b09642b8ff417d47da05b84720aea3ee,3,2,17,1,linux,BFC
588717061002778158f7e4772b3dfc645612983d,0,0,1,1,linux,BFC
5f00cac921b1219bc9daf00d169385b4cb3916ce,1,0,0,1,linux,BFC
e8a4a2696fecb398b0288c43c0e0dbb91e265bb2,0,0,1,1,linux,BFC
dcdc3018d6357c35eae7d80b323e10bd72253cb7,13,0,3,1,linux,BIC
a48b73eca4ceb9b8a4b97f290a065335dbcd8a04,13,0,14,3,linux,BIC
6cfb3bcc0641109951a124019cd2e0623107d18d,132,3,9,1,linux,BIC
454b0289c6b5f2c66164654b80212d15fbef7a03,0,1,0,1,linux,BFC
7c6d2ecbda83150b2036a2b36b21381ad4667762,1,0,8,1,linux,BFC
c9eb3e0f870105242a15a5e628ed202cf32afe0d,137,0,2,3,linux,BIC
7231ed1a813e0a9d249bbbe58e66ca058aee83e1,11,1,2,1,linux,BFC
ba16a48af797db124ac100417f9229b1650ce1fb,0,1,1,1,linux,BFC
1e6cb72399fd58b38a1c11055ef18fe01f535cda,42,0,5,7,linux,BIC
b7be4ef1365dcb56fdffc6689e41058b23f5996d,8,27,41,3,linux,BIC
bea9b79c2d10fecf7bfa26e212ecefe61d232e39,17,0,2,1,linux,BIC
e3d8d54cd6c5b29f3437f1f00b393267b84d650e,0,0,1,1,linux,BFC
f81f095e87715e198471f4653952fe5e3f824874,0,6,2,1,linux,BFC
80354c29025833acd72ddac1ffa21c6cb50128cd,0,0,1,1,linux,BFC
ceaf2966ab082bbc4d26516f97b3ca8a676e2af8,1,0,0,1,linux,BFC
3ce9b20f1971690b8b3b620e735ec99431573b39,2,0,0,1,linux,BFC
d2a4dd37f6b41fbcad76efbf63124eb3126c66fe,7,7,1,2,linux,BFC
656ed8b015f19bf3f6e6b3ddd9a4bb4aa5ca73e1,4,0,0,1,linux,BIC
a7b3474cbb2864d5500d5e4f48dd57c903975cab,53,0,12,5,linux,BFC
036286e28e8ece7637cc62934f7dbc89e6656940,0,0,1,1,linux,BFC
09134c5322df9f105d9ed324051872d5d0e162aa,1,0,4,4,linux,BFC
11dbb632a45a120ceb64f9f2a733992f947278c8,0,0,2,2,linux,BFC
f95bf346226b9b79352e05508beececc807cc37a,0,0,2,1,linux,BFC
8159ecab0db9095902d4c73605fb8787f5c7d653,5,0,2,1,linux,BFC
0fc801f8018000c8e64a275a20cb1da7c54e46df,0,0,1,1,linux,BFC
7d5905dc14a87805a59f3c5bf70173aac2bb18f8,46,2,21,5,linux,BFC
00b26474c2f1613d7ab894c525f775c67c8a9e8f,280,0,0,2,linux,BIC
f545702b74f93b96bf70cf3fb12f5d68ce6ad677,69,0,1,1,linux,BIC
d6672a5a97918f92bf2f3a2591f25d02bb0897a4,1,0,1,1,linux,BFC
b168cff0b9b216e68215cdb28db999f542482a56,6,0,0,1,linux,BFC
7ad658b693536741c37b16aeb07840a2ce75f5b9,0,3,1,1,linux,BFC
9bdc7304f536f3f77f0a69e7c3a8f5afda561a68,115,0,0,2,linux,BIC
a2fa6f64c26aa0ea75b15116dd4a4f89bb5c869e,7,0,3,1,linux,BFC
d947cdfd4be29c48c6c529c2b5ce7b1988387c67,79,15,58,1,linux,BIC
fac24df7b9a6d9363abdff0e351ade041dd16daa,10,12,15,2,linux,BFC
eb3744a2dd01cb07ce9f556d56d6fe451f0c313a,23,1,21,2,linux,BIC
88145678924891bdb959010de20b1bb4f27542d5,22,31,2,1,linux,BFC
b5e438ebd7e808d1d2435159ac4742e01a94b8da,0,12,3,1,linux,BFC
aaffcfd1e82d3378538408d0310b7424b98d8f81,98,0,0,3,linux,BIC
48f486e13ffdb49fbb9b38c21d0e108ed60ab1a2,2,0,1,1,linux,BFC
f5cedc84a30d2d3d0e0a7f3eb53fbd66d9bf5517,2186,0,4,7,linux,BIC
0ab02ca8f887908152d1a96db5130fc661d36a1e,14,10,6,2,linux,BFC
8a1f1e3d1eecf9d2359a2709e276743a67e145db,11,6,0,1,linux,BFC
91c42b0da8e353697c9b49fe541056c5d0518c49,53,0,39,1,linux,BFC
04d2cc7780d48a212843e38d46402d97fa1f4774,169,199,18,4,linux,BIC
c95c9693b112f312b59c5d100fd09a1349970fab,4,0,2,1,linux,BFC
efc0e69c2feab8efcdbb9efdb9aae892d11b1545,34,0,2,3,linux,BIC
ca298241bc229303ff683db7265a2c625a9c00fe,17,0,6,1,linux,BFC
cbe63bfdc54fa289b8bfa943fbce97e70af04122,3544,0,0,1,linux,BIC
735d37b5424b27aa685276b8b90b7e57c4705ac1,425,0,0,2,linux,BIC
4d4c474124649198d9b0a065c06f9362cf18e14e,11,0,4,1,linux,BIC
09edea4f8fdeb4e292b80d493296070f5ec64e6e,0,1,3,1,linux,BFC
7098356baca723513e97ca0020df4e18bc353be3,3,0,2,1,linux,BFC
b228c9b058760500fda5edb3134527f629fc2dc3,2,0,1,2,linux,BFC
2282cd2c05e281120dedc665a8a6a24053c44662,60,3,3,1,linux,BIC
50431b45685b600fc2851a3f2b53e24643efe6d3,0,0,9,1,linux,BFC
b9eb3ab6f30bf32f7326909f17949ccb11bab514,0,3,14,1,linux,BFC
7985e7c1003bc5cdfa20755f8cfdada946ed8e18,7,0,0,2,linux,BIC
3772aea7d6f36cfa1dae17f04ffed64b4d747aab,42,70,151,1,linux,BIC
c97c4090ff72297a878a37715bd301624b71c885,625,0,0,1,linux,BIC
0902f8366491b7cf66ac01d8508ed3a12a36faa5,2217,0,0,2,linux,BIC
0e75225dfa4c5d5d51291f54a3d2d5895bad38da,0,0,1,1,linux,BFC
06fe39ab15a6a47d4979460fcc17d33b1d72ccf9,0,0,1,1,linux,BIC
b340128432a2b8849cc34f9653d7c43c83102bbd,0,1,1,1,linux,BFC
91986fd3d335a2ea651bc85cf5a03f2f61a2aa34,12,0,5,1,linux,BIC
d05f0cdcbe6388723f1900c549b4850360545201,1,7,19,1,linux,BFC
bd96f1b2f43a39310cc576bb4faf2ea24317a4c9,16,3,4,1,linux,BIC
881d1ee9fe81ff2be1b90809a07621be97404a57,689,0,0,1,linux,BIC
709ffbe19b777e8fc952e2fdcfd8e6f50c8ef08c,0,443,1,5,linux,BIC
cbfece75186d6dae6e0fe2b3492ac76eb380afdb,0,0,28,2,linux,BFC
fbe639b44a82755d639df1c5d147c93f02ac5a0f,1166,0,0,4,linux,BIC
e78f3d15e115e8e764d4b1562b4fa538f2e22f6b,1153,0,0,1,linux,BIC
a168a41c8147fe644f1144031a6ec27a1a13fe37,2,0,1,1,linux,BFC
05e3db95ebfc5c06a29a1d8c7a3e02f46f3a25a7,74,1,1,2,linux,BIC
abbb8a09384f69f7bb05936879e51933c146afba,3,0,0,1,linux,BFC
a7e1abad13f3f0366ee625831fecda2b603cdc17,398,0,0,1,linux,BIC
e0d072782c734d27f5af062c62266f2598f68542,189,22,96,22,linux,BIC
c3941d9e0ccd48920e4811f133235b3597e5310b,12,0,5,3,linux,BIC
c72bcf0ab87a92634e58af62e89af0f40dfd0b88,1,0,1,1,linux,BFC
3b9a19e08960e5cdad5253998637653e592a3c29,11,0,6,3,linux,BIC
8d7fbf01f9afc9ea1381de705013aa3ca453009f,1,4,4,2,linux,BIC
6f14078e3ee59ccc5806f7bff0f25f94a6d3ff80,405,0,20,7,linux,BIC
bd0b230fe14554bfffbae54e19038716f96f5a41,3,3,5,2,linux,BIC
45af29ca761c275e350cca659856bc56f1035ef9,4,0,0,2,linux,BIC
ae860a19f37c686e7c5816e96640168b7174a096,1,0,2,1,linux,BFC
6f3badead6a078cf3c71f381f9d84ac922984a00,13,0,1,1,linux,BIC
5a1b2725558f8a3b4cbf0504f53cffae8e163034,1,6,10,1,linux,BFC
29df7c695ed67a8fa32bb7805bad8fe2a76c1f88,0,0,2,1,linux,BFC
74b0fe80409733055971bbfaf33c80a33fddeeb3,0,0,2,1,linux,BFC
da231338ec9c098707c8a1e4d8a50e2400e2fe17,39,0,0,1,linux,BIC
2836615aa22de55b8fca5e32fe1b27a67cda625e,2,0,1,1,linux,BFC
99b9a678b2e474756770900595cb09c94498bfca,4,6,2,1,linux,BFC
890274c2dc4c0a57ae5a12d6a76fa6d05b599d98,139,0,1,7,linux,BIC
105401b659b7eb9cb42d6b5b75d5c049ad4b3dca,13,0,0,1,linux,BFC
e10038a8ec06ac819b7552bb67aaa6d2d6f850c1,2,0,0,1,linux,BFC
d77ef138ff572409ab93d492e5e6c826ee6fb21d,5,2,0,1,linux,BFC
1e8a6ce9186dbf342eebc07cf14cae5e82164e03,3,0,0,1,linux,BFC
3f4943d422c5febbb3c764670011a00eb2a86238,1,0,0,1,linux,BFC
e93fa3f24353e45b189bae656ba000d0533777a3,0,11,1,1,linux,BIC
90ccf0a0192f7fa06e52de80cb528c5217e3e297,32,15,62,12,linux,BIC
087451f372bf76d971184caa258807b7c35aac8f,39,415,10,6,linux,BIC
bdb7cc643fc9db8d6ed9a2b9e524e27ac5882029,18,19,33,7,linux,BIC
5fc4b067ec082c3127e0156f800769b7e0dce078,3,0,0,1,linux,BFC
e6b422b88b46353cf596e0db6dc0e39d50d90d6e,1,0,17,1,linux,BFC
34a1cd60d17f62c1f077c1478a6c2ca8c3d17af4,128,129,5,1,linux,BIC
2af28b241eea816e6f7668d1954f15894b45d7e3,0,0,6,1,linux,BFC
dc860b88ce0a7ed9a048d5042cbb175daf60b657,7,0,0,1,linux,BFC
e3245a7b7b34bd2e97f744fd79463add6e9d41f4,7,0,1,1,linux,BFC
872f3578241d7e648b3bfcf6451a55faf97ce2e9,88,5,52,5,linux,BIC
c45442055dfdeb265cc20c9eeaa9fd11a75fbf51,0,0,1,1,linux,BFC
d2d00862dfbbd22d80ee67f816cb7eeaea71f03b,93,0,12,1,linux,BIC
d0ee879187df966ef638031b5f5183078d672141,1,0,1,1,linux,BFC
bf2ee8d0c385f883a00473768b67faf2189b2410,14,17,30,4,linux,BIC
aea0a897af9e44c258e8ab9296fad417f1bc063a,3,0,1,1,linux,BFC
0605483f6ace1f6b63e397c819a115ddcd13af0d,5,22,4,4,linux,BFC
be9c64b19b8131459dd7107dc0ae209eeeaa9ce8,0,2,2,1,linux,BFC
e062b571777f52dfbfc15f9edc2d36a45664bb3a,843,0,0,1,linux,BIC
d9e249704084982ac7581a560ffa284e11621d43,3,1,18,1,linux,BFC
e870456d8e7c8d57c059ea479b5aadbb55ff4c3a,76,79,203,1,linux,BIC
12bcaf87d8b66d8cd812479c8a6349dcb245375c,4,0,0,1,linux,BFC
1667e4f9bcfb6785362a300ac4486df0854a72aa,8,0,0,3,linux,BFC
c0d95d3380ee099d735e08618c0d599e72f6c8b0,8,0,1,2,linux,BFC
8dd8f005bdd45823fc153ef490239558caf6ff20,4,1,0,1,linux,BFC
a4ffe6b52d27f42f01c132ed851d121ebec34cfb,97,0,1,1,linux,BIC
f0e8a206a2a53a919e1709c654cb65d519f7befb,3,0,0,1,linux,BFC
83aa025f535f76733e334e3d2a4d8577c8441a7e,5,0,1,3,linux,BIC
398710379f516012c52d2ae396a9ba919bd6a7ab,7,24,2,3,linux,BIC
61d51456f35760a09e8aa1e6ddd247f1547015d3,4,0,1,1,linux,BFC
18fa692d8020083cd57ce031a4b5a7a4ec8bc50a,11,0,3,1,linux,BFC
01f54664a4db0d612de0ece8e0022f21f9374e9b,2,1,6,1,linux,BFC
7ca6740cd1cd410828a01151a044b51910d06eff,75,0,28,3,linux,BIC
a46044a92add6a400f4dada7b943b30221f7cc80,41,11,4,4,linux,BFC
fe066621c7966fe47fa17c6be6fd81adb3c0509f,6,0,1,3,linux,BFC
578bdaabd015b9b164842c3e8ace9802f38e7ecc,0,1715,2,9,linux,BIC
42a2039753a7f758ba5c85cb199fcf10dc2111eb,10,0,17,1,linux,BFC
abfcdc1de9bf38cdde6792a165c75d9037ea35fe,168,5,3,5,linux,BIC
a5bff92eaac45bdf6221badf9505c26792fdf99e,7,0,1,2,linux,BIC
37922ea4a3105176357c8d565a9d982c4a08714a,6,57,54,7,linux,BIC
0fb890c01349c52b55b7adb4a18b362d141303d1,97,0,1,2,linux,BIC
caca285e5ab4a7a19fede51688106ceed6fc45dd,16,1,8,4,linux,BIC
b67a8b29df7e6410c605c2759707c96512b15578,14,0,2,2,linux,BIC
41dc529a4602ac737020f423f84686a81de38e6d,420,32,113,9,linux,BIC
8832cf922151e9dfa2821736beb0ae2dd3968b6e,13,0,37,11,linux,BIC
f657b00df22e231da217ca0162a75db452475e8f,22,0,0,1,linux,BIC
2959c95d510cc45b246ba727eb8fdf8b601c6eec,137,0,0,1,linux,BIC
cb8c20fa53ec28602793ee43ddc7e8883be62e69,20,33,0,3,linux,BIC
34e2c555f3e13c90e9284e23d00f03be8a6e06c5,112,0,1,6,linux,BIC
8dc0aa8cf0f7b51e6c7c342e6f1e61520fb94222,23,0,12,1,linux,BIC
503325f84bc0ee3a07b0831ee59d6eae84cfa695,131,0,1,1,linux,BIC
dd847a7069747f1963962aee56a5694fbcc40caf,0,0,22,5,linux,BFC
b382c08656000c12a146723a153b85b13a855b49,3,0,0,1,linux,BFC
81bd415c91eb966118d773dddf254aebf3022411,2,0,0,1,linux,BFC
7d35496dd98229cdf923238367fd3b3833fbde52,0,0,1,1,linux,BIC
781fa0a954240c8487683ddf837fb2c4ede8e7ca,24,0,0,1,linux,BIC
ba17bb62ce415950753c19d16bb43b2bd3701158,7,4,6,2,linux,BFC
3d5698793897a2b9c0060d899881d1a0591630d5,64,17,8,1,linux,BIC
2780ad42f5fe6739882603c61c8decba6e50eaa2,4,4,3,1,linux,BIC
b7563e2796f8b23c98afcfea7363194227fa089d,4,0,0,1,linux,BFC
55d728a40d368ba80443be85c02e641fc9082a3f,64,0,1,1,linux,BIC
058ec4a7d9cf77238c73ad9f1e1a3ed9a29afcab,16,0,2,1,linux,BFC
9a11aff25fd43d5bd2660ababdc9f564b0ba183a,2,0,3,1,linux,BFC
b289cdecc7c3e25e001cde260c882e4d9a8b0772,0,0,2,1,linux,BFC
fb544d1ca65a89f7a3895f7531221ceeed74ada7,5,6,6,1,linux,BFC
09a99ab16c6050eb1ea74ab39fdb7feedc73dee6,8,0,2,1,linux,BIC
e40543931fe34d7808bf87398a0daca44c919d25,0,1,0,1,linux,BFC
ae46578b963f6daa9853791ab4c6ac1d6375937c,300,0,4,4,linux,BIC
cf0816f6322c5c37ee52655f928e91ecf32da103,3,0,1,1,linux,BFC
b170f7d48443d1ea3e4ffbf409025b5e5b1146fe,6,0,0,2,linux,BIC
e979ce7bced2ee019b5b1a040295484bd7f23680,314,9,54,5,linux,BIC
f626d6dfb709852595e6fb24710819f9d21bc5ae,160,125,7,4,linux,BIC
792bb6eb862333658bf1bd2260133f0507e2da8d,7,0,2,1,linux,BFC
c969c6e7ab8cb42b5c787c567615474fdbad9d6a,2,0,0,1,linux,BIC
ced4913efb0acc844ed65cc01d091a85d83a2082,0,0,1,1,linux,BFC
3a10f999ffd464d01c5a05592a15470a3c4bbc36,0,3,3,1,linux,BFC
943fb61dd66f475c25b1ef5dddb647070f2e89a1,8,0,4,1,linux,BFC
de1482974080ec9ef414bf048b2646b246b63f6e,97,0,17,5,linux,BIC
576a08e008e2e3ed7c7ff3d96b3e813f5fdb2b5e,0,0,6,1,linux,BFC
e669ba2d06c6195662601956454ac959892f0762,0,0,1,1,linux,BFC
6f9885a36c006d798319661fa849f9c2922223b9,20,0,1,2,linux,BFC
3970d0d81816310175b6272e709ee09dd3e05171,0,0,1,1,linux,BFC
a099da8ffcf6d4f6d41719bd41878ff529ab6b55,110,0,8,3,linux,BIC
bd7f14df9492e7d3772812a215fca66e6737e598,7,2,7,1,linux,BFC
99879121bfbb6a815e4699aabd00ae317ca1d215,5,1,2,3,linux,BIC
a035b6bf863e5c42c2746de2a8ed6600140307e7,22,21,1,4,linux,BIC
1423afcb411780c7a6a68f801fdcfb6920ad6f06,57,0,0,1,linux,BIC
52e013d0bffa2238746b246074272817ec8e0807,720,35,55,2,linux,BIC
920c720aa5aa3900a7f1689228fdfc2580a91e7e,6,0,1,1,linux,BFC
8d03ecfe471802d6afe97da97722b6924533aa82,0,17,8,1,linux,BIC
ebff0b0e3d3c862c16c487959db5e0d879632559,3,3,0,1,linux,BFC
8002db6336dd361fc13214e9515fe5d52ff294ee,355,143,321,10,linux,BIC
efc930fa1d844869eb65586f8cdd6a7837db3607,0,0,22,2,linux,BIC
83781f0162d080fec7dcb911afd1bc2f5ad04471,1,0,1,1,linux,BFC
5e8105950a8b3e03e805299b4d05020ee4eda31a,22,0,0,1,linux,BIC
de1135d44f4f25bee5a22d92e7cf2de64ded0dca,6877,0,0,10,linux,BIC
310780e825f3ffd211b479b8f828885a6faedd63,0,0,1,1,linux,BFC
7f5770678b2d0cc8f3ffbf7eb73410f2acba7925,0,0,2,1,linux,BFC
9c95b32ca09364e4687b72c4e17b78dc1c420026,2,0,10,1,linux,BIC
8f2e452730d2bcd59fe05246f0e19a4c52e0012d,0,0,2,1,linux,BFC
835d844d1a28efba81d5aca7385e24c29d3a6db2,22,13,8,3,linux,BIC
3f7320428fa41a4c8be9c6f3d0cc06beeb0b3df8,0,1,3,1,linux,BIC
139653bc6635bcf0923a1d4fa06d3ac594528dd9,0,3,6,1,linux,BIC
401f69308fe344b4353fad5233d99c7efa9deef5,0,1,2,1,linux,BFC
ffe10e679cec9a99f19049459cb27c2fbb1e913a,239,0,5,5,linux,BIC
1acb34e7dd7720a1fff00cbd4d000ec3219dc9d6,0,0,1,1,linux,BFC
8c7128c4cf4e0e6eb67bd65b4dbe619c3d297bb6,212,0,195,18,linux,BIC
964a9b0f611ee7fedc90641bfcc2efe6ce6206aa,106,10,9,1,linux,BIC
2545ac960364d0395802a27374b46f13827b4cf5,1013,897,5,3,linux,BIC
26988efe11b1dc44853035122927ced25578f302,11,0,6,1,linux,BIC
71723a96b8b1367fefc18f60025dae792477d602,29,0,6,2,linux,BIC
d0494135f94c7ab5a9cf7a9094fbb233275c7ba6,0,0,4,1,linux,BFC
46f401c4297a2232a037ad8801b6c83c90414cf7,1,0,0,1,linux,BFC
6f8191fdf41d3a53cc1d63fe2234e812c55a0092,54,62,51,34,linux,BIC
d460bb6c6417588dd8b0907d34f69b237918812a,19,0,0,1,linux,BFC
b847415ce96efef819534b230d84695b1bc6d36b,0,0,2,1,linux,BFC
f9a40b0890658330c83c95511f9d6b396610defc,2,0,2,1,linux,BIC
233c9edcca0136f2b9b304fd4f32e9bb6ce88ea9,0,0,2,1,linux,BFC
2b651ecfc39fb64359ce172c5b589d52cb224ad3,0,0,1,1,linux,BFC
4993e1f9479a4161fd7d93e2b8b30b438f00cb0f,3,1,3,4,linux,BFC
bf726b1c86f2caab70ad614cdf7da3b81ad08e69,80,0,2,2,linux,BIC
fbe776cc3a753618877f7ce87a28ae3480743348,0,0,2,1,linux,BFC
876dbadd53a7102e2a84afc84ea2bd3ee6dc5636,68,89,17,1,linux,BFC
0e6371fbfba3a4f76489e6e97c1c7f8386ad5fd2,16,0,1,3,linux,BFC
5998ea6214249e2fe4d23ad43319f0bf4c7d5903,5,1,12,1,linux,BFC
e681286de221af78fc85db9222b6a203148c005a,0,0,1,1,linux,BFC
b28be59a2e2668b35507553e0de135c29ebd71ef,0,0,3,4,linux,BIC
0215d59b154ab90c56c4fe49bc1deefe8bca18f1,4,0,1,1,linux,BIC
4a4ce82212ef014d70f486a427005b2b5bab8e34,6,0,1,1,linux,BFC
81cdb259fb6d8c1c4ecfeea389ff5a73c07f5755,0,0,3,2,linux,BFC
fb6959ae50176758a073687dbb081d26521f4576,110,0,2,1,linux,BFC
f185063bff914e589b50f1b711fc42218c4790c6,0,1,3,5,linux,BIC
dd3fddb82780bfa24124834edd90bbc63bd689cc,3,3,1,2,linux,BIC
ec378aeef9dfc7c4ba72e9bd6cd4bd6f7d5fd0cc,106,0,2,1,linux,BIC
2f3c7b8137ef6a3f90850d7cb5dbd05d8940403a,301,0,0,1,linux,BIC
50c661670f6a3908c273503dfa206dfc7aa54c07,3,4,2,1,linux,BFC
0e4b8a2349f3aa9b54c217b338ee65d8b2b6b739,1772,0,0,1,linux,BIC
93d10af26bb7159349158b721ba2e258291d53c3,6,11,16,2,linux,BIC
8eabf42ae5237e6b699aeac687b5b629e3537c8d,0,5,2,3,linux,BFC
6449b088dd51dd5aa6b38455888bbf538d21f2fc,62,0,0,1,linux,BIC
c47f892d7aa62765bf0689073f75990b4517a4cf,35,5,2,2,linux,BFC
9ce7bc036ae4cfe3393232c86e9e1fea2153c237,1,1,3,3,linux,BFC
a580c76d534c7360ba68042b19cb255e8420e987,115,0,19,6,linux,BIC
acd244b84b80d53fa2cee98659b55d3f09b4f5a7,21,0,0,1,linux,BFC
096dcfb9cd6fefa7c03884b50c247593dc5f7dd3,23,8,2,2,linux,BFC
cc9da6cc4f56e05cc9e591459fe0192727ff58b3,35,1,5,2,linux,BIC
60dd49298ec5803ca423836d5a724c3fe402cc3f,96,2,44,2,linux,BIC
5c9d706f61336d9f7f285df64c734af778c70f39,2,0,0,1,linux,BFC
fa7c13e5b1e2076b0ec716ed584ab76f9e65b7a6,0,0,4,1,linux,BFC
98fdd0042c7c82e0b4bca6100eec35f73b48878d,3,0,0,1,linux,BFC
b4ded8327fea82b53fcec39e0845011246d020f4,138,15,40,3,linux,BIC
9207f9d45b0ad071baa128e846d7e7ed85016df3,9,3,2,5,linux,BIC
113b261bdf2b4fd34e7769a147a7acd0a4d9137f,0,0,2,1,linux,BFC
c6215745b66a7fbeeda1a826f94dd864a2ccf654,29,0,0,4,linux,BIC
35797e672ff0610224d80e3cc08393fef1032f9a,2,0,7,2,linux,BIC
c09880cef78d0ddf149cdfeb733027a806465ba2,0,0,1,1,linux,BFC
37640adbefd66491cb8083a438f7bf366ac09bc7,0,1,2,1,linux,BFC
2804ecd8d3e3730b4f999cc1ff4b2441e1f4d513,4,1,8,1,linux,BFC
de226ebda96cafa981b9c0fef56888931668b671,0,0,4,1,linux,BFC
1e6a4eba693ac72e6f91b4252458c933110e5f4c,0,0,3,1,linux,BFC
1f17f7742eeba73dbd5ae8bdec1a85ce5877001e,35,11,9,1,linux,BIC
c000a2607145d28b06c697f968491372ea56c23a,3,0,1,1,linux,BFC
e4f6dfa9ef756a3934a4caf618b1e86e9e8e21d0,16,0,3,3,linux,BFC
e8192476de58f044576adb2179dd1a05e3a9e903,0,1,5,2,linux,BFC
7d4553b69fb335496c597c31590e982485ebe071,0,2,1,1,linux,BFC
8176c8332751bf27597488d6e45c9b8f530593bf,1,0,0,1,linux,BFC
22f0d90a34827812413bb3fbeda6a2a79bb58423,75,0,0,4,linux,BIC
ad9a3668a434faca1339789ed2f043d679199309,12,0,0,2,linux,BFC
49725ffc15fc4e9fae68c55b691fd25168cbe5c1,13,10,0,1,linux,BFC
d8971344f5739a9cc53f91f1f593ddd82265b93b,0,0,3,1,linux,BFC
a262ef04364250ac37232349cf9ef33915411b35,0,238,0,1,linux,BFC
f1e80c07416adacc9ba1d9c5a4635c27b571f0df,18,0,14,2,linux,BIC
622582786c9e041d0bd52bde201787adeab249f8,194,60,536,3,linux,BIC
d3d11fe08ccc9bff174fc958722b5661f0932486,0,0,1,1,linux,BFC
6b6c17fe6fa58900fa69dd000d5333b679e5e33e,5,0,2,1,linux,BFC
0a0b152083cfc44ec1bb599b57b7aab41327f998,11,0,11,2,linux,BFC
ae09639e3b2a0291b37b122c94dd4f773cd4e513,1,0,1,1,linux,BFC
7dba402807a85fa3723f4a27504813caf81cc9d7,0,0,1,1,linux,BFC
cf43a757fd49442bc38f76088b70c2299eed2c2f,3,0,2,1,linux,BIC
4071bf121d59944d5cd2238de0642f3d7995a997,0,0,2,1,linux,BFC
a10f361d176ce53c72d5b1b2e2913a1a222ee393,32,116,84,11,linux,BFC
bfc48f1b0505ffcb03a6d749139b7577d6b81ae0,2,0,2,1,linux,BFC
ca460b3c96274d79f84b31a3fea23a6eed479917,245,0,12,3,linux,BIC
823e670f7ed616d0ce993075c8afe0217885f79d,0,0,1,1,linux,BFC
f31ec95fa19e07a8beebcc0297284f23aa57967e,21,0,3,1,linux,BFC
3dfac26e2ef29ff2abc2a75aa4cd48fce25a2c4b,6,2,3,1,linux,BFC
54d48183d21e03f780053d7129312049cb5dd591,2,0,0,1,linux,BFC
3cfc3b97211238ffc1a7885ebe62f899180fe043,13,6,14,2,linux,BIC
e8d5dfd1d8747b56077d02664a8838c71ced948e,22,0,6,1,linux,BFC
e3b1078bedd323df343894a27eb3b3c34944dfd1,90,4,38,6,linux,BIC
cff52e5fc4cfc978b7df898dc14a0492c7ef0ae8,2,0,1,1,linux,BFC
b1f6b4bf416b49f00f3abc49c639371cdecaaad1,12,3,6,1,linux,BFC
1aa24a8f3b5133dae4bc1e57427e345445f3e902,2,0,1,1,linux,BFC
93f93a4404159ecf7e9148f5ad0718ec702ac4cb,4,16,0,13,linux,BIC
ed69a6cb700880d052a0d085ff2e5bfc108ce238,0,1,2,1,linux,BFC
d4d7f59643f795ae2f3233e3dddce3b4f549dcdc,12,0,1,3,linux,BFC
6e1490cf439aa86b104e5124c36275b964238e1f,38,20,20,1,linux,BFC
3c97881b8c8a2aa8afd4d7a379b7ff03884c9e4a,3,0,0,1,linux,BFC
278e2148c07559dd4ad8602f22366d61eb2ee7b7,0,7,1,1,linux,BFC
aaaf5fbf56f16c81a653713cc333b18ad6e25ea9,2627,0,0,2,linux,BIC
326e1b8f83a4318b09033ef754f40c785aed5e68,7,3,9,2,linux,BIC
53cb245454df5b13d7063162afd7a785aed6ebf2,0,0,1,1,linux,BFC
b2a3c12b7442247c440f7083d48ef05716753ec1,60,1,22,3,linux,BIC
5c8971979a10783150e1011ece685333bbec5759,2,2,1,1,linux,BFC
50b433753df69262ed1c098328f692e882a31001,125,65,4,1,linux,BIC
78a722af4ad9cb2d82f230f697220af5aa6723c1,195,0,51,4,linux,BIC
3e7abf8141935ded77abeb622480bf4a14241ece,2032,2217,297,23,linux,BIC
f44c863be282f575becb1aacb69fd42f8ea53c6d,47,40,4,1,linux,BFC
7290f3b3d3e66b54720f23079ffc60e0b7bbb0cc,21,0,11,4,linux,BIC
0f4558ae91870692ce7f509c31c9d6ee721d8cdc,1,1,0,1,linux,BIC
0cd1ad2d7fd41e0de4969fd1dd0aa846c99830d1,1584,1458,61,11,linux,BIC
f59de563358eb9351b7f8f0ba2d3be2ebb70b93d,6,0,0,1,linux,BFC
0470e5e38c9d97e7ce1e804cd54cf59accdf3ac2,0,10,1,1,linux,BFC
7ea1adf30f82a4c0910524ac06f8f1f26281bb23,0,0,1,1,linux,BFC
84e261553e6f919bf0b4d65244599ab2b41f1da5,1,0,1,1,linux,BFC
cbd1998377504df005302ac90d49db72a48552a6,6,0,1,1,linux,BIC
e7be8d1dd983156bbdd22c0319b71119a8fbb697,0,23,10,2,linux,BIC
012d79e6a33f095c293fe2a02b2b3b26d8c6402c,0,5,1,1,linux,BFC
307c858bc245da5229b30186546590e1d472fc8f,6,0,0,1,linux,BFC
dcea1a8107c04b9521dee1dd37971757a22db162,8,1,1,1,linux,BFC
bc6134942dbbf31c25e9bd7c876be5da81c9e1ce,8,0,0,2,linux,BIC
14aefd9011f14ecf1f821fcd1754f009f4ab3df9,31,0,0,1,linux,BFC
92f2b8bafa3d6e89c750e9d301a8b7ab76aaa8b6,18,0,2,1,linux,BFC
ef45fe470e1e5410db4af87abc5d5055427945ac,55,3,2,3,linux,BIC
06a9750edcffa808494d56da939085c35904e618,9,7,12,1,linux,BFC
889ad63d41eea20184b0483e7e585e5b20fb6cfe,3,0,2,1,linux,BFC
f01204ec8be7ea5e8f0230a7d4200e338d563bde,0,3,4,1,linux,BFC
4aa2691dcbd38ce1c461188799d863398dd2865d,38,20,3,2,linux,BIC
7ac8707479886c75f353bfb6a8273f423cfccb23,239,345,32,8,linux,BIC
6fe1010d6d9c02cf3556ab076585104551a6ee7e,48,0,3,1,linux,BIC
3401857ea347e86a51adb844c5e9207dcdc0139b,0,2,5,1,linux,BFC
f45c5b1c27293f834682e89003f88b3512329ab4,4,2,3,1,linux,BFC
4366dd7251259806e57251cb2d699f0863841775,0,0,5,1,linux,BFC
55f4b1f73631a0817717fe6e98517de51b4c3527,1612,0,0,3,linux,BIC
dbfe7d74376e187f3c6eaff822e85176bc2cd06e,0,2,2,1,linux,BIC
4663ff60257aec4ee1e2e969a7c046f0aff35ab8,2,0,2,1,linux,BFC
a229989d975eb926076307c1f2f5e4c6111768e7,21,0,9,4,linux,BFC
dab91783338bd3dd42638f89b5f7e34c57773207,141,0,0,6,linux,BIC
7c9e7f0fe0d8abf856a957c150c48778e75154c1,9,0,3,1,linux,BFC
d30a8f7bdf6498e47bd3a6f31e5028f239deb208,1,6,7,1,linux,BIC
739d0959fbed23838a96c48fbce01dd2f6fb2c5f,1,0,0,1,linux,BIC
0112b7ce68ea85d4e88a5baf32d007c1e3856661,2,0,5,1,linux,BIC
2777e2ab5a9cf2b4524486c6db1517a6ded25261,19,0,16,3,linux,BFC
b189817cf7894e03fd3700acd923221d3007259e,2566,0,15,5,linux,BIC
fcf044891c84e38fc90eb736b818781bccf94e38,4,0,1,1,linux,BFC
ff54571a747bc1fc8e132ef9c512451ec6de3336,65,52,15,2,linux,BIC
4cfac2f9c7f116af8516d0b3d0e7383189eca376,7,18,0,2,linux,BIC
d210a0023590dbebb2f547d1ca3fc845b223430a,70,1,14,1,linux,BIC
3df6fad41f13dce63d9110d39175445a20f27395,2,0,0,1,linux,BFC
09e93f28aa8d37a07d0c2ad742d085a21d845cda,0,0,2,1,linux,BFC
364a9e93243d1785f310c0964af0e24bf1adac03,21,44,7,6,linux,BIC
83e37e0bdd1470bbe6612250b745ad39b1a7b130,4,0,1,1,linux,BFC
bb35e4515411396219431fa235bf21bf9c2794e9,0,0,1,1,linux,BFC
8515ae38435895ba2862840d3e82140fc0a77554,8,0,4,1,linux,BFC
06bd3c36a733ac27962fea7d6f47168841376824,15,9,0,1,linux,BFC
c3b9b165734492b7e42bdd898aba93e1120f9084,109,12,21,4,linux,BIC
a9d7bbcc6bb8358a8e2e7f3e8db918baf221c2bf,0,8,2,1,linux,BFC
28152a238bb60d2577b9d4e7172a83bf4c1bf047,1,0,0,1,linux,BFC
306d6c49ac9ded11114cb53b0925da52f2c2ada1,2,0,0,1,linux,BFC
d9d1f5e7bb82415591e8b62b222cbb88c4797ef3,0,41,3,1,linux,BFC
0f519f0352e37e7d71bdce5559517c74a35f6e33,82,0,0,1,linux,BIC
d04adf1b355181e737b6b1e23d801b07f0b7c4c0,32,0,0,1,linux,BIC
fca11ebde3f0d1c637550a9b231caa385ce35749,206,63,95,3,linux,BIC
bcca852027e5878aec911a347407ecc88d6fff7f,9,0,0,1,linux,BFC
ac0c7cf8be00f269f82964cf7b144ca3edc5dbc4,11,0,13,2,linux,BFC
f8caa792261c0edded20eba2b8fcc899a1b91819,13,0,7,1,linux,BFC
37f319f37d9005693dff085bb72852eeebc803ef,10,0,8,1,linux,BIC
3ab0762d1edfda6ccbc08f636acab42c103c299f,0,2,2,1,linux,BFC
fe965096c9495ddcf78ec163348105e2baf8d185,7,0,0,2,linux,BFC
6ed63d845e7866ff1a0eac9f0fa554fdf2c64e1d,2,2,2,2,linux,BFC
acba2420f9d20082b17d0cbeb1137fcffe0f5b7e,325,0,25,1,linux,BIC
4e1ec56cdc59746943b2acfab3c171b930187bbe,76,0,1,2,linux,BIC
2860583fe840d972573363dfa190b2149a604534,0,31,1,2,linux,BIC
c9aa973884a163ecb6d5d4d3be9137058adcaf8c,656,0,1,3,linux,BIC
ce0183cb6464bacc170ccfddb4d93bbe10d1045b,539,556,5,4,linux,BIC
fcb3029a8d89487470f2e175645a9a993949233c,9,9,0,1,linux,BFC
3471d2a192bace106e4da7bcdcdd5ebcca4267d2,0,0,1,1,linux,BFC
005c34ae4b44f085120d7f371121ec7ded677761,0,8,3,1,linux,BFC
6a04aed6afaefd5fd396f23da184298135f31e37,157,3,10,4,linux,BIC
33d974e76e21e9da8a36b14d2dce6394c36c3e30,2,0,1,1,linux,BFC
bc9627e7e918a85e906c1a3f6d01d9b8ef911a96,4,3,2,1,linux,BFC
b6df8c81412190fbd5eaa3cec7f642142d9c16cd,0,0,2,1,linux,BFC
10bf4e83167cc68595b85fd73bb91e8f2c086e36,0,2,3,1,linux,BIC
1cded9d2974fe4fe339fc0ccd6638b80d465ab2c,5,0,1,1,linux,BFC
1e4df6b7208140f3c49f316d33a409d3a161f350,0,0,1,1,linux,BFC
510f7aef65bb7ed22cf9c7f94f955727f963ede4,32,0,4,1,linux,BIC
d695c12c57feae371c943e019af920bc8b732dfb,28,0,22,1,linux,BIC
530ca2c9bd6949c72c9b5cfc330cb3dbccaa3f5b,0,5,4,1,linux,BFC
add7c65ca426b7a37184dd3d2172394e23d585d6,4,2,2,1,linux,BIC
0db47e3d323411beeb6ea97f2c4d19395c91fd8b,1,0,0,1,linux,BFC
a34a0a632dd991a371fec56431d73279f9c54029,1,0,3,1,linux,BFC
87d71a12877114b4ad60ce5b93482505bac88d6e,0,13,10,4,linux,BIC
c28095bc99073ddda65e4f31f6ae0d908d4d5cd8,7,0,3,1,linux,BFC
f199223cb490be108e3e44a6577fb76bc6ca8bbe,675,0,0,2,linux,BIC
88555b481958083b1b928a4ba5c6e3bc606ce34b,19,0,3,2,linux,BIC
77ce94dbe586c1a6a26cf021c08109c9ce71b3e0,4,0,4,1,linux,BFC
f9cef64fa23f6c1ff177be5082113c5a94e34e5d,183,17,9,3,linux,BIC
72cdd117c449896c707fc6cfe5b90978160697d0,5,0,3,3,linux,BIC
ea3793ee29d3621faf857fa8ef5425e9ff9a756d,27,2,27,2,linux,BIC
d8fd5a1e78db375f2246d43df7833fec07a221cd,2,0,0,1,linux,BFC
296e46db00731b05c796e4f1db4bfe2e0efd80c1,0,2,0,1,linux,BIC
5c2ed62fd447e2c696e222dcf71d1322bbbc58d4,2,0,0,1,linux,BIC
91bc4822c3d61b9bb7ef66d3b77948a4f9177954,214,0,5,4,linux,BIC
3619dec5103dd999a777e3e4ea08c8f40a6ddc57,2,0,2,1,linux,BFC
fac165f22ac947b55407cd3a60a2a9824f905235,0,0,1,1,linux,BFC
4cf0b354d92ee2c642532ee39e330f8f580fd985,3,0,2,1,linux,BIC
ddd0bc756983dc4d19000a4fe021b4c7f9d59aab,11,7,5,6,linux,BIC
0c336d6e33f4bedc443404c89f43c91c8bd9ee11,0,0,1,1,linux,BFC
fc02735b14fff8c6678b521d324ade27b1a3d4cf,35,20,0,5,linux,BIC
880505cfef1d086d18b59d2920eb2160429ffa1f,3,3,0,1,linux,BFC
23edca864951250af845a11da86bb3ea63522ed2,1,1,0,1,linux,BFC
472f263660832b90e53bede2020f68cd14f8b76c,0,1,0,1,linux,BFC
8a5a90a2a477b86a3dc2eaa5a706db9bfdd647ca,1,0,1,1,linux,BFC
8ef418c7178fa611d84e187bacb967880f6f5b69,75,0,3,2,linux,BIC
f8475cef90082bf0902ddab106112de130d90395,91,0,1,3,linux,BIC
f82719790751742be02142a6fa3ff5c62c52a6ae,139,0,1,1,linux,BIC
e4b1eb24ce5a696ef7229f9926ff34d7502f0582,71,0,1,3,linux,BIC
218fe9b7ec7f32c10a07539365488d80af7b0084,2,0,0,1,linux,BIC
8be8f932e3db5fe4ed178b8892eeffeab530273a,0,0,5,1,linux,BFC
a0861c02a981c943573478ea13b29b1fb958ee5b,48,0,2,3,linux,BIC
ec4b0925089826af45e99cdf78a8ac84c1d005f1,101,1,2,3,linux,BIC
a0c5ad307ac09fa1c73b57bfd94f4c3fd6ba92d8,13,4,16,1,linux,BIC
842784e0d15bc21b31ce69f8f3518a8cf86084e3,8,0,2,2,linux,BIC
87114373ea507895a62afb10d2910bd9adac35a8,2,1,1,1,linux,BFC
f60d7270c8a3d2beb1c23ae0da42497afa3584c2,0,0,1,1,linux,BIC
7f26482a872c36b2ee87ea95b9dcd96e3d5805df,86,34,37,5,linux,BIC
50a5065f4474c2dbc1f7462b45a32d33d7b48d88,5,1,1,2,linux,BFC
95393f3e07ab53855b91881692a4a5b52dcdc03c,0,0,1,1,linux,BIC
06c41bda0ea14aa7fba932a9613c4ee239682cf0,7,1,1,1,linux,BFC
39a2a6eb5c9b66ea7c8055026303b3aa681b49a5,7,1,1,2,linux,BFC
92963903a8e11b9576eb7249f8e81eefa93b6f96,0,0,1,1,linux,BFC
f3791f4df569eadb3b1f5f2a247068d031fb91f5,12,0,4,1,linux,BFC
eedf8e88e5f08d95e1c6a33189bb4cdf2db5b79f,1,0,6,1,linux,BFC
e1ee843488d58099a89979627ef85d5bd6c5cacd,3,0,1,1,linux,BIC
05679ca6feebc1ef3bf743563315d9975adcf6fb,0,0,1,1,linux,BFC
a9445e47d897054876b8f43e46dc5a3eca2b844d,0,1,1,1,linux,BIC
2940bc4333707a05e69b3ffd737bda0dc0c3004f,464,0,0,2,linux,BIC
c15c0ab12fd62f2b19181d05c62d24bc9fa55a42,1,0,1,1,linux,BFC
1f62ff34a90471d1b735bac2c79e894afc7c59bc,3,0,2,1,linux,BFC
5d21cc2db040d01f8c19b8602f6987813e1176b4,33,7,74,1,linux,BIC
24d5f16e407b75bc59d5419b957a9cab423b2681,1,0,1,1,linux,BFC
7bc3fa0172a423afb34e6df7a3998e5f23b1a94a,13,0,3,2,linux,BIC
5f6108bb9643949bf5ec0bc9f5cbde588c542c7f,50,0,0,3,linux,BIC
3d5479e92087f6249231e26a2d7327e86a8d0dfc,0,0,1,1,linux,BIC
dd65a941f6ba473a5cb9d013d57fa43b48450a04,1,0,4,1,linux,BIC
916cda1aa1b412d7cf2991c3af7479544942d121,368,3,40,23,linux,BIC
d23a61ee90af38bb4a65decf76e798e65b401482,0,0,4,1,linux,BFC
1b3f7675663384be878c9a32b76daa482e2bbe18,5,110,64,4,linux,BIC
42e67b479eab6d26459b80b4867298232b0435e7,0,0,1,1,linux,BIC
92571a1aae40d291158d16e7142637908220f470,11,9,7,1,linux,BIC
2481104fe98d5b016fdd95d649b1235f21e491ba,123,95,1,1,linux,BIC
5130802ddbb10a73cf17d1117e2044c8d5ba7d65,12,70,14,1,linux,BIC
cefc011f8daf0ff3003208349b85174cda0b708d,10,0,2,1,linux,BIC
7ae19d422c7da84b5f13bc08b98bd737a08d3a53,0,0,1,1,linux,BFC
aa7aeee169480e98cf41d83c01290a37e569be6d,0,3,1,1,linux,BFC
f0a6c68f69981214cb7858738dd2bc81475111f7,0,5,7,2,linux,BFC
ad3a9c0ec2d2baed936cfdd05870f9d1e1f40e0e,6,4,3,1,linux,BFC
6060a6cb05e3223146a3c30a1977f136da6c85e7,0,2,0,1,linux,BFC
f43798c27684ab925adde7d8acc34c78c6e50df8,91,0,3,2,linux,BIC
9d8c3af31607819a61011d746e861b8096ac9761,14,0,0,1,linux,BIC
21d1d192890ced87f2f04f8f4dea92406e0b162a,3,0,4,1,linux,BFC
36fba366cf9fa386e5905976e68380061feabd2e,0,0,1,1,linux,BFC
39f985c8f667c80a3d1eb19d31138032fa36b09e,0,2,3,2,linux,BFC
7f0de8d80816d9620e995cf98acf4b6cd2d7c230,0,59,3,2,linux,BIC
11207b4dc2737f1f01695979ad5eac6c8ecc8031,5,5,0,1,linux,BFC
f7731754fdce33dad19be746f647d6ac47c5d695,5,0,1,1,linux,BFC
b1ca2f63e20b471e8f86e35b4b5f9407f8cb3021,10,0,2,1,linux,BIC
ae6e843fe08d0ea8e158815809dcc20e3a1afc22,31,156,158,9,linux,BIC
b0ae009f3dc14643e56972cfc08c060dd72cc24d,2,0,0,2,linux,BIC
dce793c0ab00c35039028fdcd5ce123805a01361,0,0,1,1,linux,BFC
f48bed16a756f5bc0244acd581f61968f7d7c2a4,61,37,23,2,linux,BIC
e2b87a18a60c02d0dcd1de801d669587e516cc4d,80,0,29,1,linux,BFC
72046a91d13469ef35885323a84938dce35ade94,65,0,2,2,linux,BIC
d444b06e40855219ef38b5e9286db16d435f06dc,5,0,0,1,linux,BFC
39a188b88332545073b8e07633f5e3298e066b61,4,0,2,1,linux,BFC
0ff926c7d4f06f9703226dc09acad17e86f169d6,25,4,2,2,linux,BIC
7f0909db761535aefafa77031062603a71557267,6,0,0,1,linux,BFC
c7e0d6cca86581092cbbf2cd868b3601495554cf,0,0,4,1,linux,BFC
4dcddbb38b640a5c9ecb23e9b9348e36825263f7,394,0,0,1,linux,BIC
4f4bc0abff79dc9d7ccbd3143adbf8ad1f4fe6ab,3,0,1,2,linux,BFC
fac35ba763ed07ba93154c95ffc0c4a55023707f,13,2,17,3,linux,BFC
d04b5ac9e70b2056a8a12f768f4b46773576025e,4,6,1,3,linux,BIC
4819e15f740ec884a50bdc431d7f1e7638b6f7d9,78,0,0,1,linux,BFC
f1e941dbf80a9b8bab0bffbc4cbe41cc7f4c6fb6,1,0,0,1,linux,BFC
44c63a570aaec3c5d5569d63b7c4a31ddd88cae0,2,0,2,1,linux,BFC
c19edb6946d250db6d4a3dbd6146f7b23bf3468b,0,0,3,1,linux,BFC
719c571970109b0d0af24745d31b202affc9365f,6,0,6,1,linux,BIC
630d4e75dd2969bf7da40beb3d4704356d12ae39,2,0,1,1,linux,BFC
6b0b2d9a6a308bcd9300c2d83000a82812c56cea,0,0,6,1,linux,BFC
ddcaf3ca4c3c87b955ad6f57952250030be77791,0,3,4,1,linux,BFC
5d5e100a20348c336e56df604b353b978f8adbb9,4,0,4,1,linux,BFC
6c39d5278e62956238a681e4cfc69fae5507fc57,0,0,1,1,linux,BFC
740499c78408f75c4e76feac848177cb0d0ccf4f,0,0,2,1,linux,BIC
002e062e13db10973adb8302f231e48b477c7ccf,5,0,8,1,linux,BFC
4fa084af28ca905e91895ae237e6cc4a31d2ff4d,228,0,0,2,linux,BIC
cd307124ad9bb01019920c2053696218d161f4a1,8,0,10,1,linux,BFC
77e080e7680e1e615587352f70c87b9e98126d03,3,0,4,1,linux,BFC
9de7eaddfa7f47fbb1cd9cdb9aab405599ef414e,1,14,1,2,linux,BFC
1cd80c06784dd55dca97ce10c5f97bcaa3a417ef,0,0,1,1,linux,BFC
1c343f7b0e177e8ca7f4d4a5dd1fa790f85abbcc,0,0,1,1,linux,BFC
85dda4e5b0ee1f5b4e8cc93d39e475006bc61ccd,0,0,1,1,linux,BFC
0ef58b0a05c127762f975c3dfe8b922e4aa87a29,5,0,1,1,linux,BIC
9d6792ffe140240ae54c881cc4183f9acc24b4df,16,0,1,1,linux,BFC
b7d44c36a6f6d956e1539e0dd42f98b26e5a4684,0,3,1,1,linux,BFC
b688a7629c425d7916f9bde7fce8f7da2f852ceb,0,0,1,1,linux,BFC
03fe003547975680fdb9ff5ab0e41cb68276c4f2,14,0,5,1,linux,BFC
471115ab9804f45cb8e091e426c9c67fe75e41b0,0,0,6,1,linux,BFC
77a40f97030b27b3fc1640a3ed203870f0817f57,45,109,42,11,linux,BIC
53c43c5ca13328ac8f415aa2251791b441a12b51,1290,0,0,4,linux,BIC
af40ff687bc9d351030685fde2f57ba45ab4fc14,0,18,59,4,linux,BIC
15a40b27beb0a85d7f11d747bfc587dbeb69a96c,0,2,23,13,linux,BIC
bfbb307c628676929c2d329da0daf9d22afa8ad2,2,0,1,1,linux,BFC
af7ec13833619e17f03aa73a785a2f871da6d66b,134,0,12,7,linux,BIC
e18321acfb9f14d01c03578e1c498e3f815d20a3,0,0,1,1,linux,BFC
4e6437f12d6e929e802f5599a2d50dfcf92d0f50,80,0,0,1,linux,BIC
09e7af76db02c74f2a339b3cb2d95460fa2ddbe4,4,0,1,1,linux,BFC
8d1513cef51a11dcf8ccb89d089515483a5ad397,107,1,22,1,linux,BIC
e9c18ae6eb2b312f16c63e34b43ea23926daa398,5,12,4,5,linux,BFC
6b6cd2ebd8d071e55998e32b648bb8081f7f02bb,10,1,5,5,linux,BFC
5049307d37a760e304ad191c5dc7c6851266d2f8,0,1,7,1,linux,BFC
9293724192a73f49c722e9685d45649c6df67dfe,0,0,12,1,linux,BFC
8127d82705998568b52ac724e28e00941538083d,0,0,1,1,linux,BFC
29b190fa774dd1b72a1a6f19687d55dc72ea83be,0,0,1,1,linux,BFC
7dc65e3c0ef4b746a583b7c58f99873fddf5ccfa,0,0,1,1,linux,BFC
a095f15c00e2788bd83f4e9aa64ef303cae8e649,664,0,0,1,linux,BIC
7f4d3641e2548d1ac5dee837ff434df668a2810c,1,8,2,1,linux,BFC
291c566a28910614ce42d0ffe82196eddd6346f4,6,4,14,1,linux,BFC
04da811b3d821567e7a9a8a0baf48a6c1718b582,1,0,1,1,linux,BFC
f27ad73a6ef791731fa75ca183d5c64a930b9cc1,0,0,1,1,linux,BFC
3b2a4439e0ae1732f90877a7160bbf42e1beb4b6,2,21,9,1,linux,BIC
ee6154e11eeccd4ae32c4881415dbd902a869592,1,3,0,1,linux,BFC
66aa0678efc29abd2ab02a09b23f9a8bc9f12a6c,87,15,3,2,linux,BIC
749c202cb6ea40f4d7ac95c4a1217a7b506f43a8,5,0,4,1,linux,BFC
