commit_id,lines_added,lines_removed,lines_modified,files_changed,project,commit_role
4d06f92f38b799295ae22c98be7a20cac3e2a1a7,2,0,0,1,linux,BFC
a00e76349f3564bb8129fc0510dfd93248c3084d,1,0,1,1,linux,BIC
de280f403f2996679e2607384980703710576fed,8,1,4,1,linux,BFC
275a9c72b420e5051b0e92e49b26bef06c196f29,16,0,2,1,linux,BFC
f41828ee10b36644bb2b2bfa9dd1d02f55aa0516,0,0,1,1,linux,BFC
7c70b896951c84d63e6d71b82668f9c8b8bbd440,38,0,19,9,linux,BFC
ca37081595a2fa1d67c962d416392d36ae8d05ad,117,0,0,1,linux,BIC
243e6a44b9ca5aa3c9ce47459a53e03b1dc7e665,72,18,8,3,linux,BIC
1d2ac403ae3bfde7c50328ee0d39d3fb3d8d9823,14,1,11,6,linux,BIC
5f9a50c3e55ee887b7a0ccb68045b92579972b55,28,0,26,1,linux,BIC
0ddad21d3e99c743a3aa473121dc5561679e26bb,21,0,30,4,linux,BIC
0b4a7092ffe568a55bf8f3cefdf79ff666586d91,3,0,2,1,linux,BFC
c7a3275e0f9e461bb8942132aa6914aae59e7103,0,0,1,1,linux,BIC
1aa48f088615ebfa5e139951a0d3e7dc2c2af4ec,36,38,15,3,linux,BFC
7002f77541f877a5590615ceb3da32b114f14b62,0,1,0,1,linux,BFC
fe3f1d5d7cd3062c0cb8fe70dd77470019dedd19,0,0,2,2,linux,BIC
c774905d98badddbeb4ad1bc653aedbd7ab024e4,0,0,1,1,linux,BFC
f4a551b72358facbbe5714248dff78404272feee,0,0,1,1,linux,BFC
aa136d9d72c2f9c4925ff86eebc86748fa069beb,6,0,0,1,linux,BIC
6000b8d900cd5f52fbcd0776d0cc396e88c8c2ea,10,0,0,1,linux,BIC
0dfc86b3173feee96f36e71879aa6dd56a4d7925,819,0,221,1,linux,BIC
9e80ed64a0067f407ac0fcb39bb018ebd675187f,1,49,24,1,linux,BIC
0033b34a03ec5cf747cdaf9b1f9dceb91c020f17,1,0,2,1,linux,BFC
bf73537f411b0d4f546adfb028e915eb633032c5,176,30,23,1,linux,BIC
8f1c0fd2c84c8bf738b7139d09d4ea53027f47c3,47,0,8,1,linux,BFC
25a5edea71b7c154b6a0b8cec14c711cafa31d26,4,0,2,1,linux,BFC
7eac3bd38d18cd3317756649921b8264ddfee692,0,2,3,1,linux,BFC
ef18a1ca847b01cb7296f11a728cb2f5ef671760,12,0,0,1,linux,BFC
39a6b9185d305d236bff625509ee63801b50301b,0,0,1,1,linux,BFC
4758fd801f919b8b9acad78d2e49a195ec2be46b,0,0,1,1,linux,BFC
ec649c9d454ea372dcf16cccf48250994f1d7788,1,0,3,1,linux,BFC
4e3b0468e6d7f3c38ce52320803769b49ba87930,526,0,13,3,linux,BIC
c81471f5e95c79c55687282ff6800f112b5d560b,75,12,14,2,linux,BIC
ab21d6063c01180a8e9b22a37b847e5819525d9f,60,0,4,1,linux,BIC
8e9ecb3e1e3366559cd4ed5ab698c391f8236a37,0,5,4,1,linux,BFC
49ba1a2976c8305647f772eec04c9596c12c6d3f,116,0,59,1,linux,BIC
756bbe4205bc63a84ab032a1b76970afe55e2d9d,219,0,0,3,linux,BIC
271dbc31843244e5192f0f8a8be0da26995f944a,2,0,2,1,linux,BFC
6ab405114b0b229151ef06f4e31c7834dd09d0c0,6,0,0,1,linux,BFC
e5645f51ba99738b0e5d708edf9c6454f33b9310,0,3,5,1,linux,BFC
e411072d5740a49cdc9d0713798c30440757e451,1,0,1,1,linux,BFC
ac6800e279a22b28f4fc21439843025a0d5bf03e,2,0,0,1,linux,BFC
8fa655a3a0013a0c2a2aada6f39a93ee6fc25549,0,0,1,1,linux,BFC
4a4b6848d1e932b977e6a00cda393adf7e839ff8,1,19,2,1,linux,BFC
f11a74b45d330ad1ab986852b099747161052526,1,29,19,1,linux,BFC
76a1850e45724e8aca44fc0a245de6782ce42e65,3,0,12,1,linux,BIC
b61f7dcf4eb2653e870c9079b02d11a0834cfe39,5,7,17,4,linux,BFC
d4983983d98710e4927fdb8de8e987c303b3fba3,250,0,0,2,linux,BIC
e71e2ace5721a8b921dca18b045069e7bb411277,0,2,12,1,linux,BFC
a75e2d604da8219d928be010bde37c3ab0ebd466,0,0,2,1,linux,BFC
eace75cfdcf7d9937d8c1fb226780123c64d72c4,476,0,0,3,linux,BIC
1a87f67a66de4ad0c0d79fd86b6c5273143387c3,0,0,1,1,linux,BFC
496245cac57e26d8b738d85c7a29cf9a47610f3f,109,0,0,2,linux,BIC
1897f0b618b0af0eb9dca709ab6bdf9ef1969ef7,3,0,0,1,linux,BFC
07ffaf343e34b555c9e7ea39a9c81c439a706f13,7,0,8,4,linux,BIC
1a3d59579b9f436da038f377309cf2270c76318e,5,13,12,2,linux,BIC
0e7def5fb0dc53ddbb9f62a497d15f1e11ccdc36,4,20,18,3,linux,BFC
d4d2313a3c17eff4aef9a544023c2df5b9f5bedc,0,0,1,1,linux,BFC
7a4697b201a617907e4b440ae34df601d4755bef,0,1,1,1,linux,BFC
7880287981b60a6808f39f297bb66936e8bdf57a,3,0,0,1,linux,BFC
da26ded3b2fff646d28559004195abe353bce49b,4,0,0,1,linux,BFC
a8c4a2522a0808c5c2143612909717d1115c40cf,3,0,1,1,linux,BFC
ead07f6a867b5b1b41cf703735e8b39094987a7d,42,1,6,3,linux,BIC
1da7b54c46bcfe5484af0b27d8c9003b238031b0,3,3,0,1,linux,BFC
6ad4194d6a1e1d11b285989cd648ef695b4a93c0,4,2,9,1,linux,BFC
414d38ba871092aeac4ed097ac4ced89486646f7,22,0,0,1,linux,BIC
221109e64316e089b79e604adaec9057e0c4785a,4,0,0,1,linux,BFC
38ea72bdb65df2f40ec77b2c9d1413e7f5e34465,5,0,6,1,linux,BFC
85faca8ca0f659263b5fb2385e4c231cc075bd84,2,0,0,1,linux,BFC
49c1d07fd04f54eb588c4a1dfcedc8d22c5ffd50,14,0,3,2,linux,BFC
447ae316670230d7d29430e2cbf1f5db4f49d14c,21,1,1,23,linux,BIC
ed2f3532321083cf40e4da4e36234880e0136136,2,0,0,1,linux,BFC
92c65e5553ed0a887735dfc1b86911541ca8be3e,4,0,5,1,linux,BIC
7aa09ff24301535491cd4de1b93107ee91449a12,2,0,1,1,linux,BFC
cfa63688603398e8de4315cd626f81516c88a4c4,18,82,137,6,linux,BIC
c58734eee6a2151ba033c0dcb31902c89e310374,0,0,1,1,linux,BFC
2e102b53f8a778f872dc137f4c7ac548705817aa,0,0,1,1,linux,BFC
6f23ee1fefdc1f80bd8a3ab04a1c41ab2dec14c9,1306,9,45,5,linux,BIC
ac746c8520d9d056b6963ecca8ff1da9929d02f1,133,0,6,3,linux,BIC
4e3fd721710553832460c179c2ee5ce67ef7f1e0,0,0,2,1,linux,BFC
dbb28b5c3d3cb945a63030fab8d3894cf335ce19,8,0,2,1,linux,BIC
9bd6823f5a64b6465708b244eecc9b7dd4b01bfc,2,0,0,1,linux,BFC
f3bb0f796f5ffe32f0fbdce5b1b12eb85511158f,0,0,2,1,linux,BFC
6f6ddbb09d2a5baded0e23add3ad2d9e9417ab30,42,0,8,1,linux,BFC
592594704761c7865bbbc13d89f838735035db84,103,0,9,5,linux,BIC
6b7f6aa75e38ef4e2bfb9e13726f6561e682892f,1,9,3,2,linux,BIC
2bf4ecbcc7d837903c5967c9274f41b1ad29d530,0,0,1,1,linux,BFC
512592779a337feb5905d8fcf9498dbf33672d4a,0,4,2,1,linux,BFC
28b1987ef5064dd5c43538ba1168ef7b801f3cad,97,1,8,3,linux,BIC
ce046e5d9b489554c29ae9277cdc2f86dee76a84,0,2,3,1,linux,BFC
31b22120194b5c0d460f59e0c98504de1d3f1f14,34,12,3,1,linux,BFC
49fbb8e37a961396a5b6c82937c70df91de45e9d,4,0,0,1,linux,BFC
c9fe7db6e884d0ab8c55d4ed4660fb19400acf2e,324,213,30,3,linux,BIC
a3d2ae043f6453aff68b617aabfc6710b1fa675d,0,0,1,1,linux,BFC
754f68044c7dd6c52534ba3e0f664830285c4b15,0,1,2,1,linux,BFC
24b43c99647bf9be4995e6a6c9c3a923c147770a,0,0,1,1,linux,BFC
e266a753bf51b2c3b46d0d230349662c35ac5629,19,0,0,3,linux,BFC
084609bf727981c7a2e6e69aefe0052c9d793300,1,2,2,1,linux,BFC
ec2025095cf6acda3233a4301809596938b47da5,221,81,35,1,linux,BIC
7ab72c597356be1e7f0f3d856e54ce78527f43c8,1,0,1,1,linux,BFC
df41872b68601059dd4a84858952dcae58acd331,1,0,2,1,linux,BFC
7f16d0f3b8e2d13f940e944cd17044ca8eeb8b32,4,0,4,1,linux,BFC
6016cd9dba0ff376e84b67823882850d051312e1,33,0,11,3,linux,BIC
c837e027436df69d20474bd3fdea2c6b3971aa6f,3,0,0,1,linux,BFC
376653435dacf84a8aca87e66aff94079a817cf2,0,1,0,1,linux,BFC
68c03d9193f55dad93036f439b94912c5003a173,0,0,1,1,linux,BFC
92516cd97fd4d8ad5b1421a0d51771044f453a5f,8,0,2,1,linux,BIC
25f700ef0653d7644ed273f8770230e734cae726,1,0,0,1,linux,BFC
58e9cc90cda7bc732856a2ad3210328fbc4f6ca2,2,0,2,1,linux,BIC
8355060f5ec381abda77659f91f56302203df535,12,0,9,1,linux,BFC
33fdef24c9ac20c68b71b363e423fbf9ad2bfc1e,67,37,6,1,linux,BFC
0fd4759c5515b7f2297d7fee5c45e5d9dd733001,24,0,0,1,linux,BFC
1aad39001e851cd7ee2d811eb5fd4b044979d9d5,652,0,0,1,linux,BIC
23a52386fabe0e06ebaf15cd45cf86ef41bffca3,5,36,18,1,linux,BIC
cdb436d181d21af4d273b49ec7734eecd6a37fe9,0,1,1,1,linux,BFC
bb1cc74790eb51f52d23c6e5fd9a3bb16030c3d8,7,1,5,3,linux,BIC
2119f2189df1836d28909fe5a90b3d93638ecf65,71,0,2,1,linux,BIC
ebeb36670ecac36c179b5fb5d5c88ff03ba191ec,3,0,0,1,linux,BFC
fb848db39661a1243f6ae939ef7e9251a765b972,106,0,0,4,linux,BIC
bf17455b9cbd4b10bf30d39c047307e1d774fb1a,0,0,2,1,linux,BFC
be2e2cb1d28195792539ac2539f8c40c39d3dd4c,25,0,4,1,linux,BIC
fc8c70526bd30733ea8667adb8b8ffebea30a8ed,0,0,1,1,linux,BFC
69e3c75f4d541a6eb151b3ef91f34033cb3ad6e1,395,16,100,3,linux,BIC
24568b47d48ec8c906fd0f589489a08b17e1edca,0,5,0,5,linux,BFC
ce6ef68f433f2c97e5d2cf35d2b694e17592d350,41,8,1,1,linux,BIC
75be6f703a141b048590d659a3954c4fedd30bba,36,16,2,2,linux,BFC
b1a79360ee862f8ada4798ad2346fa45bb41b527,29,7,4,2,linux,BIC
2f6821462fe3ace62df3f1b5a9463153e8288298,0,0,1,1,linux,BFC
668af87f995b6d6d09595c088ad1fb5dd9ff25d2,0,0,1,1,linux,BFC
dbfcf3cb9c681aa0c5d0bb46068f98d5b1823dd3,10,0,2,2,linux,BFC
0732484b47b57ef90bb08408d60fddbad0262d82,186,125,8,1,linux,BIC
f250eedcf7621b9a56d563912b4eeacd524422c7,18,31,21,6,linux,BIC
b43f9acbb8942b05252be83ac25a81cec70cc192,1,0,0,1,linux,BFC
27f54b582567bef2bfb9ee6f23aed6137cf9cfcb,14,0,16,6,linux,BIC
40dda3532f903107a063cd6ec1f15e10dd0eccc5,1,9,2,1,linux,BFC
a13c06525ab9ff442924e67df9393a5efa914c56,1,0,1,1,linux,BFC
4ffa1763622ae5752961499588f3f8874315f974,0,1,0,1,linux,BFC
1932fbe36e02f54223ac4c6779b92269ca8b9b60,285,0,0,6,linux,BIC
59d40813328f405976774662ddb530c6e9e9df52,18,0,5,1,linux,BFC
e98042db2cb8d0b728cd76e05b9c2e1c84b7f72b,0,1,1,1,linux,BFC
4d96ba3530750fae3f3f01150adfecde96157815,54,3,16,3,linux,BIC
0e938533d96d656764fbd3fe0e2578873ec6d3e6,1,166,9,6,linux,BIC
252988cbf037f3d446eea222afb46cc134d32c71,6,0,2,1,linux,BFC
11bec9cba4de06b3c0e9e4041453c2caaa1cbec1,30,0,20,1,linux,BFC
a596fcd9cbc78110b150d41829be54e56f5aae7c,2,0,0,1,linux,BFC
51c66ad849a703d9bbfd7704c941827aed0fd9fd,1073,0,0,2,linux,BIC
9024fb08159ae8f3a707c9f1facb878c84aae735,0,0,6,1,linux,BFC
c83d263a89f30d1c0274827c475f3583cf8e477f,0,0,2,1,linux,BFC
98eed3d1ade53596e1c8785e049f03da4480a820,1,1,6,1,linux,BFC
e298aa358f0ca658406d524b6639fe389cb6e11e,11,0,5,1,linux,BFC
ca0e22d4f011a56e974fa3a712d76e86a791559d,22,16,8,2,linux,BIC
e400b6ec4ede4dc0aa8e5640425df5b29796fe0e,20,0,12,7,linux,BIC
63dd00fa3e524c27cc0509190084ab147ecc8ae2,9,0,3,1,linux,BIC
475feec0c41ad71cb7d02f0310e56256606b57c5,0,0,1,1,linux,BFC
78cf1c8bfcb81a21347dfa57ce71d475cea9f595,16,7,56,3,linux,BIC
2626c269702e04bdcaaeac62ac8089281520b5ce,68,32,7,3,linux,BIC
185cca24e977411495d57ec71e43350b69c08e63,5,0,1,1,linux,BFC
8b7d3a9d903ee1d1f5febc8e74223e4e72720e35,15,0,5,1,linux,BIC
304e024216a802a7dc8ba75d36de82fa136bbf3e,34,2,4,1,linux,BIC
908a28be092e425967099a2488ead7fc80572989,0,2,0,1,linux,BFC
6e98095f8fb6d98da34c4e6c34e69e7c638d79c0,0,0,1,1,linux,BFC
7560cc3ca7d9d11555f80c830544e463fcdb28b8,2,1,2,1,linux,BFC
54c7a8916a887f357088f99e9c3a7720cd57d2c8,0,2,6,1,linux,BIC
6d2d73cdd673d493f9f3751188757129b1d23fb7,2,0,1,1,linux,BFC
cff80645d6d3134260d2ef007a7decb1edcfd4a6,54,0,1,1,linux,BIC
1f3279ae0c13cd742731726b0ed195d5f09b14e4,25,7,1,1,linux,BIC
b562c171cf011d297059bd0265742eb5fab0ad2f,0,0,1,1,linux,BFC
205238f4ed3e14aed07a7b0121b94e404e65e78c,0,1,1,1,linux,BFC
727ecd99a4c91cd08cea7301d0e97d81d2d11d20,0,237,0,1,linux,BIC
beff74bc6e0fa910454fecb3fdc3843b1bfdafb9,47,45,14,3,linux,BIC
2922d1cc1696200a3e1fd6d82a7798fcd2cadf12,6,0,0,1,linux,BIC
9674da8759df0d6c0d24e1ede6e2a1acdef91e3c,122,0,0,5,linux,BIC
322e53d1e2529ae9d501f5e0f20604a79b873aef,3,0,2,1,linux,BFC
7d46899d57f8b61eb28701d9a4043b71e3392c26,2,0,0,1,linux,BFC
a0d48505a1d68e27220369e2dd1e3573a2f362d2,0,0,1,1,linux,BFC
300a842937fbcfb5a189cea9ba15374fdb0b5c6b,58,0,2,4,linux,BFC
66f232908de2f7393a1f7c4c300f73534af57f07,88,4,8,1,linux,BIC
81bb773faed7f5f0e82f14cdfcfe4e89fbea0e19,116,0,8,1,linux,BIC
6702bc14744847842a87fed21a795b6e8bab6965,12,0,18,1,linux,BIC
9248e52fec9536590852844b0634b5d20483c1ab,0,9,14,2,linux,BIC
bc1b8492c764fea940fc66206047e37a7f8d77e1,683,0,0,1,linux,BIC
d3b6d3774fc2b636b12f8ef6367ed294861469ed,0,0,1,1,linux,BFC
201b56737f4ea59ee840ebdb88a9970ea6d49cf1,0,0,1,1,linux,BFC
024c9d2faebdad3fb43fe49ad68e91a36190f1e2,7,0,0,1,linux,BFC
47f50d61076523e1a0d5a070062c2311320eeca8,7,0,4,1,linux,BFC
86d37bf31af647760f1f17e7c1afa1bdba075198,6,4,15,1,linux,BIC
a0453f4ed066cae651b3119ed11f52d31dae1eca,1,0,1,1,linux,BFC
23f57406b82de51809d5812afd96f210f8b627f3,0,1,10,1,linux,BFC
74426fbff66eea8e8d1f42c8238c268d1e63a832,901,0,0,7,linux,BIC
a1649a5260631979c68e5b2012f60f90300e646f,0,0,1,1,linux,BFC
59643d1535eb220668692a5359de22545af579f6,0,1,4,1,linux,BFC
22d0b12f3560d3b3264ee79faa1c05a5060fb916,7,0,0,2,linux,BIC
d22002fd37bd970480c59754dfa448866a1f38bd,175,0,0,3,linux,BIC
e8fa5671183c80342d520ad81d14fa79a9d4a680,17,6,0,1,linux,BIC
16808dcf605e6302319a8c3266789b76d4c0983b,0,0,1,1,linux,BFC
02602a18c32d76f0e0f50eefa91b2d53c8a3a751,0,0,1,1,linux,BIC
7770a39d7c63faec6c4f33666d49a8cb664d0482,0,0,1,1,linux,BFC
9e300987d4a81fb95c323f042dd5aa484f4eb3dd,335,17,27,5,linux,BIC
2132b71f78d207b63974fc7d6eced9c5e886c405,3,1,35,3,linux,BIC
151a9706503fe9274254d09742e550466c0b7537,752,21,11,6,linux,BIC
f747c7e15d7bc71a967a94ceda686cf2460b69e8,2,0,0,1,linux,BFC
567e44fb51b4f909ae58038a7301352eecea8426,2,0,0,1,linux,BFC
cd7ebe2298ff1c3112232878678ce5fe6be8a15b,57,7,12,3,linux,BIC
7894c263f200aea33b0be3f8408adc93e3129f0f,0,0,7,1,linux,BFC
71217df39dc67a0aeed83352b0d712b7892036a2,106,108,2,2,linux,BIC
21e330fc632d6a288f73de48045b782cc51d501a,11,0,5,1,linux,BFC
bc994c77ce82576209dcf08f71de9ae51b0b100f,10,11,0,2,linux,BFC
85bfd71bc34e20d9fadb745131f6314c36d0f75b,0,3,2,1,linux,BFC
a4e688535a0829980d5ef1516c0713777a874c62,0,0,1,1,linux,BFC
7b1394892de8d95748d05e3ee41e85edb4abbfa1,0,9,1,1,linux,BFC
b91530f0a39edd82aa1b286bd921d052eb747f31,0,0,1,1,linux,BFC
976c1de1de147bb7f4e0d87482f375221c05aeaf,1,0,0,1,linux,BFC
01f5bbd17a8066b58dba9b5049fad504bce67322,6,1,0,1,linux,BFC
5f2808ff1582202175d3908973eb9e05a5e6625d,2,0,1,1,linux,BFC
5f2c467c54f5437e35b79fa10c73295d1e0ff586,0,0,8,2,linux,BIC
0c165b3c01fefa78f440d5759cef47e8754a7a32,18,0,10,1,linux,BIC
eadf79286a4badebc95af7061530bdb50a7e6f38,21,0,0,3,linux,BIC
a9956d35d199beb406727a4496bc5d7f09c82976,348,0,0,8,linux,BIC
71e41286203c017d24f041a7cd71abea7ca7b1e0,0,19,13,2,linux,BIC
74ae4e104dfc57017783fc07d5f2f9129062207f,119,0,1,1,linux,BIC
ffdde5932042600c6807d46c1550b28b0db6a3bc,2,0,1,1,linux,BFC
52edbb9fb78a24f355830da2e668db13689e3da6,173,0,4,8,linux,BIC
17e96d8516e31c3cb52cb8e2ee79d1d2e6948c11,0,0,2,1,linux,BFC
6401585366326fc0ecbc372ec60d1a15cd8be2f5,10,12,22,16,linux,BIC
4d618b9f3fcab84e9ec28c180de46fb2c929d096,2,0,0,1,linux,BFC
39ad317315887c2cb9a4347a93a8859326ddf136,1,0,1,1,linux,BFC
74a56f2a4a9ec72ef1daceeb2dda8b41370c1419,0,1,0,1,linux,BFC
055276c1320564b0192b3af323b8cc67f9b665e1,1596,0,0,1,linux,BIC
b9cc4598607cb7f7eae5c75fc1e3209cd52ff5e0,2,0,0,1,linux,BFC
61e121047645122c47714fcda684d0ee67f444af,3876,0,0,15,linux,BIC
92dfb27240fea2776f61c5422472cb6defca7767,0,0,1,1,linux,BFC
517bbe1994a3cee29a35c730662277bb5daff582,7,9,1,1,linux,BFC
ed3bb007021b9bddb90afae28a19f08ed8890add,2,0,4,1,linux,BFC
055af0235aef8110a1c44f5fc04c5c206e9e58fb,1,0,1,1,linux,BIC
0ecc1c70dcd32c0f081b173a1a5d89952686f271,0,4,2,1,linux,BFC
844d48746e4b281a933aedc0428048a1219b42f4,8,0,3,2,linux,BIC
d8e9e5e80e882b4f90cba7edf1e6cb7376e52e54,0,0,1,1,linux,BFC
10d91611f426d4bafd2a83d966c36da811b2f7ad,631,143,106,9,linux,BIC
334ae614772b1147435dce9be3911f9040dff0d9,178,649,67,11,linux,BIC
0ce57f8af1782fd12d3a81872a4ab97244989802,0,0,1,1,linux,BFC
0c9efbd5c50c64ead434960a404c9c9a097b0403,8,0,0,1,linux,BFC
8dc60f8da22fdbaa1fafcfb5ff6d24bc9eff56aa,6,0,0,1,linux,BIC
9d1f6447274f2263ff11759ded5fdc7eeb89fc68,4,0,0,1,linux,BIC
659a37844abc00c3dc676bb1faed29c1dacbf59f,1,0,0,1,linux,BFC
50f742dd91474e7f4954bf88d094eede59783883,43,0,4,2,linux,BIC
70479c012b67b89e219c40eddc5dc338b7c447a3,12,0,0,1,linux,BFC
9908859acaa95640d4a07991a93f7cd5bfc18e02,7,0,0,1,linux,BIC
290fe8aa69ef5c51c778c0bb33f8ef0181c769f5,2,0,0,1,linux,BFC
a06d729646e87afc5ce06e539aecf762cc26c6e3,0,0,2,1,linux,BFC
2d37490b82afe1d1b745811e6ce0a4d16bc5e996,80,10,82,5,linux,BIC
f1267798c9809283ff45664bc2c4e465f1500a4b,53,2,17,2,linux,BIC
88574332451380f4b51f6ca88ab9810e714bfb9b,3331,0,0,3,linux,BIC
e561e472a3d441753bd012333b057f48fef1045b,4,6,2,3,linux,BFC
68a9f5e7007c1afa2cf6830b690a90d0187c0684,170,242,16,6,linux,BIC
c64fb01627e24725d1f9d535e4426475a4415753,377,21,8,2,linux,BIC
69b31fd7a61784692db6433c05d46915b1b1a680,0,0,1,1,linux,BFC
108f4664e3449828114780a05393eb8d2be7fdd0,2,0,1,1,linux,BFC
3f3c75541ffe082194e48ea9aa5edf2341f77753,0,0,4,1,linux,BFC
ff53edf6d6ab0970f86595b3f5d179df51848723,271,182,32,3,linux,BIC
538af88ea7d9de241e6b6f006e9049c4d96723bb,16,0,6,1,linux,BIC
738fa1b3123f9a3b4374b4156ad54a2b64273f51,18,0,2,3,linux,BIC
4cd4df8080a3e0d9b5a75dd52fa2133738def213,15,0,7,2,linux,BIC
c6be2bd0a5dd91f98d6b5d2df2c79bc32993352c,58,0,0,3,linux,BIC
824731258b65f58764786f8d776c2007b084e12c,0,0,1,1,linux,BFC
59441fef2b10c651261be08aec558e90fbd594f8,0,0,1,1,linux,BFC
31484d56ca9511e62c08626db338d2aaafb3aa3f,0,3,9,3,linux,BFC
8b9e74bfbf8c7020498a9ea600bd4c0f1915134d,5,0,3,3,linux,BIC
5513b920a4f7869acffc8e6d800aebee608409e0,1004,1,2,8,linux,BIC
b2cab2a24fb5d13ce1d384ecfb6de827fa08a048,0,0,2,1,linux,BFC
7920af5c826cb4a7ada1ae26fdd317642805adc2,4,2,25,1,linux,BFC
9a28dbd65a8882462079d66daf9282234d3fa1a0,593,0,10,4,linux,BIC
75c7b6f3f6bab0432353caf634598dbdba0d6e74,43,0,1,3,linux,BIC
56ae414e9d2718bcbfda9ba3797c39005e2f90fb,4,0,3,1,linux,BFC
d249ff28b1d8478419caf347c4836361a47b0c5b,0,7440,0,15,linux,BIC
13f9d59cef91a027bb338fc79b564fafa7680cd8,0,0,1,1,linux,BFC
cd0f37154443844256709f736754b1bace5b24d8,0,5,1,1,linux,BIC
c6f02ebeea3a0ff4bddddf0fd82303190ebb3dd1,154,1,8,6,linux,BIC
ecb4db5c3590aa956b4b2c352081a5b632d1f9f9,0,0,2,1,linux,BFC
54d7e72a758609da5936d7452320d799cfc6a25c,3,0,2,1,linux,BFC
102af9b9922f658f705a4b0deaccabac409131bf,8,0,5,1,linux,BFC
a3ee79bd8fe17812d2305ccc4bf81bfeab395576,14,0,5,1,linux,BFC
6d2e3ea284463d5ab34e9cf2a41d0b8627b95d02,24,0,3,4,linux,BIC
a270cc137ba942af554c18db551b9487f04f43a4,1,0,2,1,linux,BFC
abf3d98dee7c4038152ce88833ddc2189f68cbd4,2,0,4,4,linux,BFC
9a6944fee68e25084130386c608c5ac8db487581,214,0,1,4,linux,BIC
f47822078dece7189cad0a5f472f148e5e916736,0,0,4,1,linux,BFC
c83dcd0508e231f909be3f52fee5ccf4844896c8,26,0,0,2,linux,BIC
6b39fd590aebca1a6a4c827f29f14d2b6df3939d,9,0,0,1,linux,BIC
ddb6e00f8413e885ff826e32521cff7924661de0,0,0,2,1,linux,BFC
17a7d24aa89d64c325dce97e1e314a8558b26fca,5,35,18,3,linux,BIC
8df1a28f41b9593301353c4f419c0fd93c40a26f,0,2,3,2,linux,BFC
0336369d3a4d65c9332476b618ff3bb9b41045e1,44,0,0,2,linux,BIC
b00b62898631b756c3e123542bbb0487aa343dd9,0,0,8,1,linux,BFC
c575e9113bff5e024d75481613faed5ef9d465b2,1,0,0,1,linux,BFC
8da6d5815c592b713ecaf4f4f8b631f8359c96c4,788,0,0,2,linux,BIC
5e9c16e3760893b3721f599f180795ca7160afef,191,0,0,1,linux,BIC
4f32a39d49b25eaa66d2420f1f03d371ea4cd906,0,0,1,1,linux,BFC
d13a15d544ce51c0d83744ccb638c954e645feea,5,0,2,1,linux,BIC
7d9e6f5aebe8c03f1a5199ca5c30f0c53042af23,18,25,2,1,linux,BIC
a7e52ad7ed82e21273eccff93d1477a7b313aabb,10,0,11,3,linux,BFC
6d81ea3765dfa6c8a20822613c81edad1c4a16a0,0,0,1,1,linux,BFC
63e132528032ce937126aba591a7b37ec593a6bb,1,0,1,1,linux,BFC
39b0332a215832ce3a8f8f57344da4a64370e3ca,0,0,1,1,linux,BIC
51bdc8bb82525cd70feb92279c8b7660ad7948dd,2,0,0,1,linux,BFC
6d709cadfde68dbd12bef12fcced6222226dcb06,49,59,14,4,linux,BFC
4b45cd81f737d79d0fbfc0d320a1e518e7f0bbf0,0,1,11,1,linux,BFC
bb8e93a287a5f5f10fe7a9d8f612f6105c9622ef,36,4,1,3,linux,BIC
c156633f1353264634135dea86ffcae74f2122fc,2607,0,0,2,linux,BIC
6f390916c4fb359507d9ac4bf1b28a4f8abee5c0,1,0,3,2,linux,BFC
51ba60c5bb3b0f71bee26404ddc22d8e4109e88a,0,236,1,17,linux,BIC
a2baf4e8bb0f306fbed7b5e6197c02896a638ab5,0,0,4,2,linux,BFC
2f9dc6a357ff3b82c1e54d29fb5d52b8d4a0c587,4,0,0,1,linux,BFC
dc9f65cf9aea13167bb930d118dbd31ef6f03180,2,0,0,1,linux,BIC
1c5b51dfb7b4564008e0cadec5381a69e88b0d21,8,0,14,1,linux,BFC
0e0abad2a71bcd7ba0f30e7975f5b4199ade4e60,0,0,1,1,linux,BFC
f0e2ce58f853634d7ad1a418a49bd5fbd556227c,38,47,8,1,linux,BFC
2ca10259b4189a433c309054496dd6af1415f992,28,0,0,1,linux,BIC
0029cab3146a53b820e73c9cd70809b831c590d7,8,12,29,1,linux,BFC
a8fe58cec351c25e09c393bf46117c0c47b5a17c,448,0,0,7,linux,BIC
30c078de6f3785fe1dc9f7b4caebddc7f5695647,111,0,0,1,linux,BIC
40c3bd4cfa6fe5756344709b98611a1ddd15bf9d,37,0,19,1,linux,BIC
56b5d4ea778c1b0989c5cdb5406d4a488144c416,0,0,3,1,linux,BIC
50f9495efe308eb25fd921ea7c8c8143ddeeae30,92,8,8,1,linux,BIC
f41d84dddc66b164ac16acf3f584c276146f1c48,4,0,2,1,linux,BFC
7a37245ef23f75223263930e086aa0a8678e161f,307,0,1,5,linux,BIC
17fe95d6df9320409015e5114309a3c05e31b736,487,0,0,1,linux,BIC
f3b0a18bb6cb07a9abb75e21b1f08eeaefa78e81,0,82,10,15,linux,BIC
1ba5478270a5c3a02b08052a3c003c282f2db94a,1,0,2,1,linux,BFC
e669b86945478b3d90d2d87e3793a6eed06d332f,1,0,0,1,linux,BFC
988dc4a9a3b66be75b30405a5494faf0dc7cffb6,2,0,1,1,linux,BFC
65bec836da8394b1d56bdec2c478dcac21cf12a4,4,0,0,1,linux,BFC
2ed077e467eedb033032bc4b6e349365517662d6,441,0,1,5,linux,BIC
fdf6a2f533115ec5d4d9629178f8196331f1ac50,0,6,0,1,linux,BFC
d3b331fb51f326d5b5326010bf2b5841bb86cdc6,17,0,1,2,linux,BFC
9bb86777fb71eeb7cec0c906b6a4d3432c683507,116,0,1,1,linux,BIC
63fd659fb1a52262a37293a9a034a912a2406b26,86,28,57,6,linux,BFC
2b9a820318ebdf81f666be4daf7414d98123fefb,0,3,3,1,linux,BFC
5d8c3e836fc224dfe633e41f7f2856753b39a905,0,0,1,1,linux,BIC
e450e07c14abae563ad13b064cbce9fdccc6bc8d,0,0,1,1,linux,BFC
d30cd83f68535ca21412b1abe8684438690c1c2b,53,0,2,2,linux,BIC
39bf6270f524bbe2682b56f2a979703abf937dd1,0,0,1,1,linux,BIC
3828296ad6242c25d2679d32a377b8e07c6b08c0,1,0,2,1,linux,BFC
07f67a8dedc0788f3f91d945bc6e987cf9cccd4a,0,3,29,1,linux,BIC
9095adaab8c1d82707e4e9961b6ad79b62f3361b,8,0,3,2,linux,BFC
7cad2fabd5691dbb17762877d4e7f236fe4bc181,0,0,15,2,linux,BFC
bc5c6eed0510f19b033ce7a7d3976e695e96785b,7,0,1,1,linux,BFC
b1e7396a1d0e6af6806337fdaaa44098d6b3343c,12,0,4,1,linux,BFC
dd709e72cb934eefd44de8d9969097173fbf45dc,12,0,12,4,linux,BFC
f69f452243e4e16d7a3d0a14e14126b10933d545,55,0,12,4,linux,BIC
0339d25a2807d913f5645b8d5e485640915f9702,0,0,1,1,linux,BFC
c1cd35c6060140cebf85f43f8c702abef9eca997,4,1,0,1,linux,BFC
65a12b3aafed5fc59f4ce41b22b752b1729e6701,0,0,2,1,linux,BFC
2446a68ae6a8cee6d480e2f5b52f5007c7c41312,0,1,1,1,linux,BFC
fb1a3132ee1ac968316e45d21a48703a6db0b6c3,30,7,10,4,linux,BFC
4c494a5769cd0de92638b25960ba0158c36088a6,2,2,0,1,linux,BFC
1574639411b3ce311b846cae7fda56bf1af7d027,0,0,2,2,linux,BFC
5e44fca5047054f1762813751626b5245e0da022,2,0,2,1,linux,BIC
5fcd2d8be43664f1b6a5add3d21a367411add9d4,0,0,1,1,linux,BFC
eed008e605d13ee4fb64668350be58999e85aac7,2,19,19,1,linux,BIC
1453ad81a2be1bef9243671480694d483ab0dad0,0,0,1,1,linux,BFC
a70985f83c625a5eaf618be81621e5e4521a66c6,1,0,1,1,linux,BFC
e624c58cf8eb5116000f84b268932c6414c6999b,7,3,18,3,linux,BIC
21a2545bbea02ce39e91d47c9e3ef0ccd0fb0b14,0,6,4,1,linux,BFC
36a0456fbf2d9680bf9af81b39daf4a8e22cb1b8,50,0,2,6,linux,BIC
78424c927cf194e2eb689b7871780e9182bd8c13,0,0,1,1,linux,BFC
fb8ea062a8f2e85256e13f55696c5c5f0dfdcc8b,20,0,0,1,linux,BFC
c6e3fd22cd538365bfeb82997d5b89562e077d42,10529,0,0,36,linux,BIC
6ac730951104a437bf828683bcf9ba66336c4fa7,2216,0,0,4,linux,BIC
c5b29f885afe890f953f7f23424045cdad31d3e4,24,0,24,4,linux,BIC
444d13ff10fb13bc3e64859c3cf9ce43dcfeb075,46,1,14,4,linux,BIC
915e4e8413dacc086efcef4de04fdfdca57e8b1c,2873,0,0,3,linux,BIC
479dc497db8322ae486f8ee49020f5600a77a680,3,0,6,1,linux,BFC
a561372405cf6bc6f14239b3a9e57bb39f2788b0,0,1,4,1,linux,BFC
13a10da94615d81087e718517794f2868a8b3fab,0,11,2,1,linux,BFC
37ef38f3f83891a2f413fb872bae7d0f9bb95b27,42,8,12,3,linux,BFC
e4e7ede739f7fb468686dfffa2d1e35dca35bacd,7,0,3,1,linux,BFC
56b1b7c667fbb9ee395f7506dfef3c04571e024a,3,0,12,1,linux,BFC
03140dabf584555e96440084d1ac426127bdf8c3,0,0,19,7,linux,BIC
06058632464845abb1af91521122fd04dd3daaec,5,0,0,1,linux,BFC
415fcf1a2293046e0c1f4ab8558a87bad66652b1,10,2,1,1,linux,BIC
bbb68468641547d56c83012670bcaf77f3dacd64,0,0,1,1,linux,BFC
0b1e5b99a48b5b810e3e38f1d6e0d39306b99ec0,171,0,1,8,linux,BIC
6ee27ee27ba8b2e725886951ba2d2d87f113bece,22,0,1,4,linux,BIC
62b5f7d013fc455b8db26cf01e421f4c0d264b92,149,4,3,7,linux,BIC
966da62adaf1792c56fe909fc78f3833208ef5ae,0,0,2,1,linux,BFC
b5f8fa876931c1adfd2c5eca5b189fd2be893238,1,0,2,1,linux,BFC
203f44c475a1a8ace6d30c4c14ab41295081a23f,17,0,0,1,linux,BFC
e36edd9d26cf257511548edaf2b7a56eb4fed854,103,13,6,3,linux,BIC
e5548b05631ec3e6bfdaef1cad28c799545b791b,2,0,1,1,linux,BFC
708fa01597fa002599756bf56a96d0de1677375c,2,0,5,1,linux,BFC
4bfe744ff1644fbc0a991a2677dc874475dd6776,12,0,1,3,linux,BFC
452061fd4521b2bf3225fc391dbe536e5f9c05e2,4,0,2,1,linux,BFC
37cb11acf1f72a007a85894a6dd2ec93932bde46,730,3,95,8,linux,BIC
348b10b075f35828a21bf928edf7f6b1737b1840,0,0,1,1,linux,BFC
3990ed4c426652fcd469f8c9dc08156294b36c28,21,17,6,3,linux,BFC
94a8c4dfcdb2b4fcb3dfafc39c1033a0b4637c86,0,9,1,1,linux,BFC
c66234cfedfc3e6e3b62563a5f2c1562be09a35d,6,0,0,1,linux,BFC
ee1bc694fbaec1a662770703fc34a74abf418938,0,0,1,1,linux,BFC
6f024978e74bda616b27183adee029b65eb27032,34,37,0,4,linux,BFC
fc1e64e1092f62290d59151d16f9de0210e303c8,49,0,1,1,linux,BIC
ac088a88b5d544b7b82f00214b1588b3c88a7fc6,0,0,2,1,linux,BFC
6fafe560ee4ddb79b1c9d6c168d4f2e7eef2a037,0,0,1,1,linux,BFC
f0e56c8d8f7d0e03e571e21c778f02d226aaeb97,31,0,0,3,linux,BIC
4f8206b882868b62dc15ddfc0c17bb031876afb5,136,7,3,2,linux,BIC
2594e9064a57634efc146ff4e89a5de562e05011,418,146,314,9,linux,BIC
a3ce2a21bb8969ae27917281244fa91bf5f286d7,6,5,0,1,linux,BFC
efc21d95067f658a20e51e24c4c86d68f23b7f7f,2,2,2,1,linux,BFC
20347fca71a387a3751f7bb270062616ddc5317a,154,0,40,2,linux,BIC
398e97994f6d2d7165a4aa53c1a0903a2a7d3111,0,12,0,1,linux,BIC
8f905c0e7354ef261360fb7535ea079b1082c105,6,1,17,8,linux,BFC
60083f9e94b2f28047d71ed778adf89357c1a8fb,12,0,0,1,linux,BIC
01e866bf07fbb10e96bff46ea1e5e0410d6e40b9,2,0,1,1,linux,BFC
a6809941c1f17f455db2cf4ca19c6d8c8746ec25,14,9,0,1,linux,BFC
692a8ebcfc24f4a5bea0eb2967e450f584193da6,1,3,0,1,linux,BFC
a45403b51582a87872927a3e0fc0a389c26867f1,0,3,6,1,linux,BIC
60219c563c9b62aac237631a7c9aa092e8396138,14,1,4,3,linux,BIC
0a475ef4226e305bdcffe12b401ca1eab06c4913,6,0,0,1,linux,BFC
c9b8b07cded58c55ad2bf67e68b9bfae96092293,45,1,16,4,linux,BIC
fae1fa0fc6cca8beee3ab8ed71d54f9a78fa3f64,22,0,0,1,linux,BIC
e340c2d6ef2a8cdcc11672f8cc839c30ad360e52,12,0,0,2,linux,BIC
616df645d7238e45d3b369933a30fee4e4e305e2,0,2,2,1,linux,BFC
cd68f6bd53cf89d1d5ed889b8af65e9c3574a079,1,7,1,1,linux,BIC
3818715f62b42b5c0bcf456ded3f59ed3908cd6f,722,0,0,1,linux,BIC
40bb0e904212cf7d6f041a98c58c8341b2016670,0,0,4,1,linux,BFC
9ecbfb06a078c4911fb444203e8e41d93d22f886,13,0,2,1,linux,BFC
86006f996346e8a5a1ea80637ec949ceeea4ecbc,6,0,0,1,linux,BFC
87fce88658ba047ae62e83497d3f3c5dc22fa6f9,0,0,1,1,linux,BFC
b4ccaf5aa2d795ee7f47a6eeb209f3de981e1929,0,0,1,1,linux,BIC
c05a5a40969e63d3490901acf60989979b0fcd27,60,19,8,1,linux,BIC
8fca2b8706f39f86312c086229e0cb364f8b4f97,0,0,1,1,linux,BFC
b35cf1f0bf1f2b0b193093338414b9bd63b29015,4,0,1,1,linux,BFC
17f9c1b63cdd4439523cfcdf5683e5070b911f24,66,8,1,2,linux,BFC
1c2f67308af4c102b4e1e6cd6f69819ae59408e0,10,1,13,1,linux,BFC
9ce4fa548313f585c637aa846f7fc904b676bf43,2,0,2,1,linux,BFC
077ff3be06e8de2657075dd2738b9a21f8ebd890,1,8,6,1,linux,BFC
afc98a0b46d8576a55f18092400cc518d03a79a1,4,0,1,1,linux,BIC
2de8a325b1084330ae500380cc27edc39f488c30,2,0,15,1,linux,BFC
4f0bce1c8888245e006f8c88f44b7419b47a1b4b,516,3,6,9,linux,BIC
a498fbcd8714e21b2c4016ddd04b62d4ac501b18,0,0,1,1,linux,BFC
8fd4ddda2f49a66bf5dd3d0c01966c4b1971308b,543,544,1,3,linux,BFC
24d3dc6d27eae19f422a5e216e25d3a16628d4ff,10,0,0,1,linux,BIC
7387dbbcdb2404e189591435527dcc65463819d7,3,0,0,1,linux,BFC
d2fe28feaebbbbe147e5e6e7bc68857f9bd7f6ad,0,0,2,1,linux,BIC
3b85f5fc75d564a9eb4171dcb6b8687b080cd4d5,20,0,0,1,linux,BIC
e1b7058ece718c0350ad2e5bfbdab17885bd9f39,24,0,0,1,linux,BFC
21a739c64d3e9871186483a0cc3e7b52638c3d59,0,0,1,1,linux,BFC
8ffaadf7429270914b8f146ec13cf305e01df20d,131,2,3,2,linux,BIC
272ecd60a636a8508997ff997ddfa143474e7c81,8,0,4,1,linux,BIC
b3a34dc362c03215031b268fcc0b988e69490231,10,10,0,1,linux,BFC
87750d173c35ff8f1ddc909fdf58393e111e5356,7,7,2,1,linux,BFC
4aeae9cb0dad117f055add68c48decaf489aecf3,999,0,0,1,linux,BIC
b0c883e900702f408d62cf92b0ef01303ed69be9,0,0,1,1,linux,BFC
72f99888944c44de1c899bbe44db1e53bdc9d994,6,0,6,1,linux,BFC
ca16d5bee59807bf04deaab0a8eccecd5061528c,44,0,7,1,linux,BFC
494bef4c2a087876e75f3e95f7f63b06d6a65921,0,0,1,1,linux,BFC
9dd7c46346ca4390f84a7ea9933005eb1b175c15,0,28,1,2,linux,BIC
570a36097f302c0bae4fb5478f1287b9b3626155,21,14,37,9,linux,BIC
b1bd5cba3306691c771d558e94baa73e8b0b96b7,4,0,5,1,linux,BFC
e0b3e0b1a04367fc15c07f44e78361545b55357c,3,0,1,1,linux,BFC
0063ec4459dcf1583c7aa84ada0f7125450d9245,8,0,0,1,linux,BFC
161a582bd1d8681095f158d11bc679a58f1d026b,2,0,1,1,linux,BFC
8d82cee2f8aa8b9bc806907ecd9e1494c6e8526b,0,0,1,1,linux,BFC
f220df66f67684246ae1bf4a4e479efc7c2f325a,116,0,0,1,linux,BIC
1c7f0e349aa5f8f80b1cac3d4917405332e14cdf,4,0,0,1,linux,BFC
956f2d86cb37dc6dae8174001a668cbc8b9bbd1f,0,441,17,10,linux,BIC
191ce17876c9367819c4b0a25b503c0f6d9054d8,0,0,1,1,linux,BFC
5d41be6f702f19f72db816c17175caf9dbdcdfa6,8,0,0,1,linux,BFC
f86dcef87b771935c223334324a93c1d71f7a84c,171,0,0,4,linux,BIC
aabf5cf02e22ebc4e541adf835910f388b6c3e65,64,0,32,4,linux,BFC
68a6772f11dbb1ed8b74d4c8adc2da1f84dd32a6,254,0,0,3,linux,BIC
031b84c407c3153ffbcb4f8f832edf48af988719,19,0,3,4,linux,BIC
8876529465c368beafd51a70f79d7a738f2aadf4,0,2,1,1,linux,BFC
c1c9d41319c35daa099b2e6cd1325e3ae55cfda8,629,0,0,1,linux,BIC
030305d69fc6963c16003f50d7e8d74b02d0a143,7,0,6,1,linux,BFC
e097eb7473d9e70da9e03276f61cd392ccb9d79f,1,0,0,1,linux,BFC
499c8bb4693d1c8d8f3d6dd38e5bdde3ff5bd906,6,0,3,1,linux,BFC
b6dd5acde3f165e364881c36de942c5b252e2a27,1,0,1,1,linux,BFC
de2a60522343a6cab998f61fd906eae445b19963,1,0,3,2,linux,BFC
0ad3bed6c5ec6dbb093a26802c85088a85fb9757,3,3,0,1,linux,BIC
28ab7d35b6e0796dd7a9a382473e2b41a68ff906,13,0,1,1,linux,BIC
eceae147246749c6dbaeefda802b30f804a3c54c,206,2,60,4,linux,BIC
a90b6543bf062d65292b2c76f1630507d1c9d8ec,2,2,0,1,linux,BFC
19d1532a187669ce86d5a2696eb7275310070793,6,0,0,1,linux,BFC
22f8b5df881e9f1302514bbbbbb8649c2051de55,0,2,0,1,linux,BFC
ecbe794e777aab99de3b753110801a9cda747d2d,0,0,1,1,linux,BFC
cfad6425382ec81acd073fdf24361e1c30b4cb36,1587,0,0,1,linux,BIC
bcc26e8dc4327d6b07e4f839c03340b83e7e174b,0,5,2,1,linux,BIC
6a21dfc0d0db7b7e0acedce67ca533a6eb19283c,3,0,0,1,linux,BIC
cdd0a379a6a3f7583ba6eedeef7c522aa4b2c5b3,0,2,2,1,linux,BFC
c91b865cb14d9dd7b0e411bc4546ac115900970d,1,0,2,1,linux,BIC
12de280b36f0e0599c7f170aa7f1058f3aeb6d9d,0,0,1,1,linux,BFC
d4f0006a08f52b5320f038780286ef312535fc64,3,0,1,1,linux,BFC
1c3528232f4ba608cc2c31c7a8a55e0dbd6cb200,157,0,3,1,linux,BIC
ad0a6bad44758afa3b440c254a24999a0c7e35d5,6,0,3,1,linux,BIC
4a219ef8f37071ce0993959fe52ffa5034689f42,70,0,0,1,linux,BIC
b539cc82d493d100606213df459c86e94f342996,7,5,2,1,linux,BIC
b732539efdba1a2c3464a36c0670a17d6b87b317,157,1390,65,5,linux,BIC
83e80a6e3543f37f74c8e48a5f305b054b65ce2a,29,67,82,3,linux,BIC
5f84bb1a4099e26d04d7fe379aa1b825de39d757,128,1,0,1,linux,BIC
46908326c6b801201f1e46f5ed0db6e85bef74ae,0,0,1,1,linux,BFC
e41f501d391265ff568f3e49d6128cc30856a36f,4,0,0,1,linux,BIC
7cdaf587de7c6f494b8433fded19f7728e70e1ef,33,6,3,2,linux,BIC
b69c1df47281ad47bd2037a42b98f5c7115b7fd5,12,1,19,4,linux,BIC
90f59ee41abf587ad4675a70434136c8707fdf4b,0,0,1,1,linux,BFC
5dec597e5cd0f4c3000d120508efa64157d5bd7a,53,24,8,2,linux,BIC
353d6d6c82e5d2533ba22e7f9fb081582bf50dc2,1,0,0,1,linux,BFC
89d01748b2354e210b5d4ea47bc25a42a1b42c82,1,0,0,1,linux,BFC
171476775d32a40bfebf83250136c19b2e842672,80,13,78,5,linux,BIC
1e4189d8af2749e2db406f92bdc4abccbab63138,13,3,1,1,linux,BFC
601f0479c583603900d5872bad6623e8866b0e35,23,14,21,5,linux,BIC
6575257c60e1a26a5319ccf2b5ce5b6449001017,8,0,3,1,linux,BIC
275353bb684ecfeb42f7a353fead81d43a01c519,1,1,2,1,linux,BIC
fe44fb23d6ccde4c914c44ef74ab8d9d9ba02bea,6,0,0,1,linux,BFC
9e49451d7a15365d172a75a7ab8f1c305458253a,0,32,26,1,linux,BIC
bdbd1eb59c565c56a74d21076e2ae8706de00ecd,18,0,4,2,linux,BIC
85328240c625f322af9f69c7b60e619717101d77,5,0,1,2,linux,BFC
2ea62630681027c455117aa471ea3ab8bb099ead,19,9,1,3,linux,BIC
11a18f631959fd1ca10856c836a827683536770c,0,0,1,1,linux,BFC
242e82cc95f6b4e83e1771f9915edcb2a63708e1,1,22,21,4,linux,BIC
c545781e1c55ab680dcc49c37212d5327b9d6812,15,0,6,2,linux,BIC
ecd29dabb2ba2e4a29339bf55129fd1058107206,0,0,3,1,linux,BIC
232af392fdb52aa2739dad4e03fed273b3c3f24a,9,9,0,2,linux,BFC
d5b3f1dccee4dedeff8e264b58fbfe90a6033ecf,25,170,24,9,linux,BIC
6f16c19b115eb6564da7ea882af2afee4e26c213,1,65,23,1,linux,BIC
a2038077de9a9e35f14a72612e2885193d4490d4,336,0,0,1,linux,BIC
dc37fec48314d942003a414a4bab38f4688f09a3,429,0,5,2,linux,BIC
b964bf53e540262f2d12672b3cca10842c0172e7,19,3,4,3,linux,BIC
99aed9227073fb34ce2880cbc7063e04185a65e1,2,0,1,1,linux,BFC
8075411d93b6efe143d9f606f6531077795b7fbf,12,0,1,1,linux,BFC
09dbcf422e9b791d2d43cad8c283d9bdaef019a9,3,1,5,1,linux,BFC
980df249bdab2adc8522d2178bfffceba79c5e6b,27,17,36,4,linux,BFC
1c47f7c316de38c30b481e1886cc6352c9efdcc1,0,0,2,1,linux,BFC
ff878b408a03bef5d610b7e2302702e16a53636e,10,7,13,3,linux,BIC
140ca9d3471c424ab4c4036ab8d8d995f24a9c5b,6,0,0,1,linux,BFC
7d4741eacdefa5f0475431645b56baf00784df1f,39,3,13,1,linux,BFC
f96da09473b52c09125cc9bf7d7d4576ae8229e0,95,81,114,5,linux,BIC
908b050114d8fefdddc57ec9fbc213c3690e7f5f,3,0,0,1,linux,BFC
e8c04ea0fef5731dbcaabac86d65254c227aedf4,0,1,0,1,linux,BFC
10befea91b61c4e2c2d1df06a2e978d182fcf792,42,554,36,8,linux,BIC
0e5ad75b02d9341eb9ca22627247f9a02cc20d6f,0,0,1,1,linux,BFC
0c630a66bf10991b0ef13d27c93d7545e692ef5b,2,0,2,1,linux,BFC
f8c2602733c953ed7a16e060640b8e96f9d94b9b,3,0,0,2,linux,BFC
ff7f2926114d3a50f5ffe461a9bce8d761748da5,1,2,0,2,linux,BIC
2c9017d0b5d3fbf17e69577a42d9e610ca122810,5,0,1,1,linux,BIC
05fe3c103f7e6b8b4fca8a7001dfc9ed4628085b,3,0,1,1,linux,BFC
fdf35a6b22247746a7053fc764d04218a9306f82,7,0,0,1,linux,BFC
dbdaa6754051280d929514a1722b9d5bc7c65a61,90,56,3,4,linux,BIC
00bb9243d346cf749919035f2473d30fe9496153,19,0,1,2,linux,BIC
59c7c3caaaf8750df4ec3255082f15eb4e371514,0,0,1,1,linux,BIC
5b3dc19dda6691e8ab574e8eede1aef6f02a4f1c,9,16,4,1,linux,BFC
221414db1934c1c883501998f510bb75acfbaa51,2,2,0,1,linux,BFC
50291652af5269813baa6024eb0e81b5f0bbb451,1084,0,0,1,linux,BIC
6b4f4bc9cb22875f97023984a625386f0c7cc1c0,50,4,67,1,linux,BIC
c88b093693ccbe41991ef2e9b1d251945e6e54ed,0,0,1,1,linux,BFC
9120ac54cce6c37de7580d7567119d28c8988ebc,1,0,0,1,linux,BFC
d92ca9d8348fb12c89eac5928bd651c3a485d7b9,2,4,11,3,linux,BIC
745f2586e78efc5c226a60cfc8e7fbd735b1c856,53,63,13,1,linux,BIC
abc0b1447d4974963548777a5ba4a4457c82c426,36,0,1,3,linux,BIC
84640e27f23041d474c31d3362c3e2185ad68ec2,2370,0,0,2,linux,BIC
362e4e49abe53e89d87455dfcd7c1bbaf08a839d,1,0,0,1,linux,BIC
16394e998cbb050730536bdf7e89f5a70efbd974,0,0,4,1,linux,BFC
ea00353f36b64375518662a8ad15e39218a1f324,1,0,4,1,linux,BFC
3147b268400adeec63b6253534a6176c99b8af80,35,0,39,6,linux,BIC
5d03a6613957785e94af7a4a6212ad4af66aa5c2,7,1,1,1,linux,BIC
1fb497dd003009be95ce67689ac800c446b7acc5,185,2,10,4,linux,BIC
4585436091cd812b1165aab71bd4847ea1cb08ec,3,0,6,1,linux,BFC
d3575156f6623eecf086a20bcf99a63f1598109c,87,0,1,9,linux,BIC
71cd26e76a9514715df7880db0a8f7c37c17149a,0,1,0,1,linux,BIC
0be0b70df6611205ac392d0e21f7e077f3230ee6,20,0,20,1,linux,BFC
613c0a5810b79610db8535c3816b0c149675f8ee,53,0,0,4,linux,BIC
2d156b78ce8febf15cd58a025d7d9d7b7577126a,38,0,3,1,linux,BIC
747bc8b063ae6b66447918280922253721cb1d9b,20,0,2,1,linux,BIC
869c554808ccf7ddd25be5317073b88ceddb8507,3,1,2,2,linux,BFC
56c90457ebfe9422496aac6ef3d3f0f0ea8b2ec2,1,0,1,1,linux,BFC
02d6a6fcdf68c4de1f28e64b012c54c855294b2a,13,0,18,1,linux,BIC
f746aa5e8636c83e53bbb2d988bb614f732b2b80,0,0,1,1,linux,BFC
4e68a011428af3211facd932b4003b3fa3ef4faa,0,2,0,1,linux,BIC
9376cad2073d2c122864754ea5f80025c8507b0b,0,0,2,1,linux,BFC
7ee686034b8b008f19bfd913473acffc1ad51735,1,0,1,1,linux,BIC
89d9c24b391646308b6c1d3a68c8c521c9b8c8e9,0,0,1,1,linux,BFC
4b83c3caf289b80acecc539c79f10a6937cc42dd,0,2,16,1,linux,BFC
2121aa3e2312ccc1d6299154dc4f07a6ab8beee2,15,0,0,1,linux,BIC
67787b68ec48c239d5ec12f9bf5adaf5c459517a,12,2,12,2,linux,BFC
5a1dd8a4773d4c24e925cc6154826d555a85c370,27,0,5,2,linux,BIC
e87cf35835d933d8c295cc946dae8547d1a6bd63,0,1,0,1,linux,BFC
bab5417f5f0118ce914bc5b2f8381e959e891155,5,0,2,1,linux,BIC
7e8057626640cfedbae000c5032be32269713687,45,277,153,22,linux,BIC
563476ae0c5e48a028cbfa38fa9d2fc0418eb88f,15,18,12,10,linux,BFC
d7127b5e5fa0551be21b86640f1648b224e36d43,1,0,3,1,linux,BFC
21b995a9cb093fff33ec91d7cb3822b882a90a1e,5,0,0,2,linux,BFC
bb2f930d6dd708469a587dc9ed1efe1ef969c0bf,0,0,2,1,linux,BIC
75f4d4544db9fa34e1f04174f27d9f8a387be37d,0,0,1,1,linux,BFC
71171ac8eb34ce7fe6b3267dce27c313ab3cb3ac,7,0,0,1,linux,BFC
26394fc118d6115390bd5b3a0fb17096271da227,0,2,3,3,linux,BFC
fcfb63148c241adad54ed99fc318167176d7254b,0,0,1,1,linux,BFC
d041353dc98a6339182cd6f628b4c8f111278cb3,8,0,2,1,linux,BFC
8676590a159320a9de2a1818df14a3bac3f065a1,159,0,0,2,linux,BIC
c04b6ea4e6097dbe35f50d4302bbcbab5310df31,0,0,1,1,linux,BFC
36d4d68cd658d914ef73ac845705c4a89e7d9e2f,1,0,2,1,linux,BFC
cbcc72e037b8a3eb1fad3c1ae22021df21c97a51,11,0,2,1,linux,BFC
cb746e47837ad0f35c8ae28e9aacc8eb07916d2a,7,0,0,1,linux,BIC
117774fbe6beae3fd4f1fed5b7f596acdd90a2ed,1,0,0,1,linux,BFC
0ddcff49b672239dda94d70d0fcf50317a9f4b51,2,0,1,1,linux,BFC
eb39a7c0355393c5a8d930f342ad7a6231b552c4,1,0,1,1,linux,BFC
c09cc2c319863f620caf5e723db496eed55f7c7f,0,0,1,1,linux,BFC
2372a519f63829b8effcdde5f4564a7e036294f0,0,0,1,1,linux,BFC
a61acbbe9cf873f869fc634ae6f72f214f5994cc,58,45,3,7,linux,BIC
653f0a71daf1a71d55d3af368c28c8114c11c607,0,0,2,1,linux,BFC
8720aeecc246837bc6da64c5118dc3177c162e14,0,5,5,1,linux,BFC
49ce881c0d4c4a7a35358d9dccd5f26d0e56fc61,1,0,1,1,linux,BFC
f751db8adaeaa4a5b200121973633ea45f4bb395,0,3,0,1,linux,BIC
1ecc798c67645e0ee6eb028cb988b71b3edf4b40,29,0,0,2,linux,BIC
44dbcc93ab67145bf8ebe3e91123303443c4a3bf,0,16,1,1,linux,BIC
76c1e1ac2aaeddd5505e4ecfafa963885b5551ab,85,0,3,3,linux,BIC
587443e7773e150ae29e643ee8f41a1eed226565,0,0,1,1,linux,BFC
94ad8f3ac6aff5acde3f6c4719997efc61e0dccf,12,0,0,1,linux,BFC
5acd0cfbfbb5a688da1bfb1a2152b0c855115a35,20,2,5,1,linux,BFC
0b6e522cdc4a76352e5f02fc2d92198f03254425,4,50,1,3,linux,BIC
2db7b2eac7ad55105fe037b3f8f57d8ecac8c3fb,0,1,23,5,linux,BFC
3a9f5957020f87503afd5d4c1d5705253f0b3569,343,0,0,1,linux,BIC
c5eac6ee8bc5d32e48b3845472b547574061f49f,14,23,3,1,linux,BIC
c1ec0cabc36718efc7fe8b4157d41b82d08ec1d2,3,0,0,1,linux,BFC
06517c9a336f4c20f2064611bf4b1e7881a95fe1,0,0,1,1,linux,BFC
7dd9a40fd6e0d0f1fd8e1931c007e080801dfdce,0,0,2,2,linux,BFC
774fec338bfc63fe17233feefd9c6b46ce1673e0,844,0,0,2,linux,BIC
65258b9d8cde45689bdc86ca39b50f01f983733b,4,0,1,1,linux,BFC
45febe0d63917ee908198c5be08511c64ee1790a,0,0,3,1,linux,BFC
a586775f83bd729ad60b56352dbe067f4bb0beee,6,0,5,2,linux,BFC
4140d77a022101376bbfa3ec3e3da5063455c60e,0,91,3,4,linux,BFC
d832d2b246c516eacb2d0ba53ec17ed59c3cd62b,5,0,7,1,linux,BIC
dcb2ff56417362c31f6b430c3c531a84581e8721,1,0,0,1,linux,BFC
cad6fade6e78030e60188da3f18090577daa9243,11,30,40,11,linux,BIC
6305d821e3b9b5379d348528e5b5faf316383bc2,0,0,1,1,linux,BFC
7a78a7f7695bf9ef9cef3c06fbc5fa4573fd0eef,76,0,0,1,linux,BIC
ba3b049f477436b7e4bb19c293c78c9068582d54,19,0,17,2,linux,BIC
054f2400f706327f96770219c3065b5131f8f154,0,0,8,1,linux,BFC
c942cee46bba761ce97ee6d4fc71892e064e8628,36,1,7,4,linux,BIC
912ed8afd6432f1c7c084ccd752139debc2f7014,0,0,1,1,linux,BFC
767bf7e7a1e82a81c59778348d156993d0a6175d,13,0,4,3,linux,BFC
f4f8e73850589008095b1da3c8c17cf68bd1c62a,6,0,1,1,linux,BFC
28e64a68a2ef1c48f30e8b6803725199929069fc,548,532,0,4,linux,BIC
1661bf364ae9c506bc8795fef70d1532931be1e8,18,0,4,2,linux,BIC
de8474eb9d50fd47b8c73816f34739dec5e96754,207,5,31,8,linux,BIC
27d35fc3fb06284edec8a3c9f6872a1ce7405a48,438,0,0,1,linux,BIC
d80b83c911ca9b8d35213bf62e9cf336c78c5d24,9,0,4,1,linux,BFC
ffc385b95adb0e601f6858b06401adabedf59f81,5,0,2,2,linux,BIC
5188f218fc860da15755bfa5cc357baf2114d586,15,17,9,2,linux,BFC
d5fdade9331f57335af97dbef61cf15b4930abc1,1,0,0,1,linux,BFC
2f3f4dda747c0619594d13996e65598ab675c60c,47,0,1,4,linux,BIC
9da06d7bdec7dad8018c23b180e410ef2e7a4367,68,0,0,1,linux,BIC
a2ed0b391dd9c3ef1d64c7c3e370f4a5ffcd324a,5,3,0,1,linux,BFC
3bd532692d93a9c72f4f11e38437b30c0e13007f,1,0,1,1,linux,BFC
6b06314c47e141031be043539900d80d2c7ba10f,256,0,32,2,linux,BIC
edf064e7c6fec3646b06c944a8e35d1a3de5c2c3,26,2,4,2,linux,BIC
856473cd5d17dbbf3055710857c67a4af6d9fcc0,5,0,4,1,linux,BFC
3c6fd1f07ed03a04debbb9a9d782205f1ef5e2ab,16,0,0,1,linux,BIC
2b8b28fd232233c22fb61009dd8b0587390d2875,0,0,2,1,linux,BFC
47922fcde5365a2d37e8d4056e537fc8a7213c39,90,0,15,1,linux,BIC
0c921a894c2f01850f39ad6ecb31dd92a9cc9839,0,2,9,1,linux,BFC
3efe64ef5186c20c9ed4aeb771a7bc3225d0671b,9,0,2,1,linux,BIC
2cbf59fd9026ac82b1c7429bb0de930a42d82063,0,3,0,1,linux,BFC
90b2d4f15ff737fc03432c44cbb741da32ce06c4,0,39,3,1,linux,BIC
c3881eb58d56116c79ac4ee4f40fd15ead124c4b,1,0,1,1,linux,BIC
fab827dbee8c2e06ca4ba000fa6c48bcf9054aba,1,0,1,1,linux,BFC
3047766bc6ec9c6bc9ece85b45a41ff401e8d988,11,0,1,1,linux,BIC
a93c11527528c951b8d8db638162128a09e09ec2,0,0,1,1,linux,BFC
9ba5c404bf1d6284f0269411b33394362b7ff405,2,0,1,1,linux,BFC
7cf245a37ef013b2c1c5ca7ae25061de2ba7ad01,0,0,100,74,linux,BFC
9ae1e990f1ab522b98baefbfebf3cbac1a2cfac2,0,15,0,2,linux,BIC
69012ae425d76ecacc573ecdbd2c360bd8c2b842,10,0,0,1,linux,BIC
fe5b5ab52e9d385d5e6d20e3ce2d2af69175f6ad,24,50,17,5,linux,BIC
289507d3364f96f4b8814726917d572f71350d87,119,13,6,1,linux,BIC
0f3086868e8889a823a6e0f3d299102aa895d947,0,0,3,1,linux,BFC
d9a0540a79f87456907f2ce031f058cf745c5bff,9,0,1,3,linux,BIC
4647e021193d638d3c87d1f1b9a5f7f7a48f36a3,284,0,1,1,linux,BIC
297d716f6260cc9421d971b124ca196b957ee458,780,327,1497,81,linux,BIC
e1f24a79f424ddb03828de7c0152668c9a30146e,86,3,64,6,linux,BIC
5b8c88462d83331dacb48aeaec8388117fef82e0,0,9,2,1,linux,BFC
5685b145c138b2ca696076106d0fb87b7b90b14a,13,4,5,2,linux,BFC
269b7c5ff78264e3728b95828d219e0e0eeaec94,0,0,2,1,linux,BFC
c6eee968d40d319f0ac7a8a63dcbc633d9e6a2ea,109,1,4,6,linux,BIC
b13a3e5fd40b7d1b394c5ecbb5eb301a4c38e7b2,2,0,0,1,linux,BFC
768a711e2d4b5e348962254a1c4f9fbfb6f13904,0,0,1,1,linux,BFC
6b2117ad65f1bca9ece6d4b1ee784b42701a2d86,4,0,0,1,linux,BIC
bf67fad19e493bd3f7267b35b97b860280f87acc,2,14,9,4,linux,BIC
f0e5f57d3ac25aa2afb25dc94d2b42a8defa8a19,81,0,7,1,linux,BIC
f07d9c2864d4ccf0a0b5bd2dd6491f5204eab5fe,0,0,2,1,linux,BFC
c5fb351470e81913163aa0e8692434ad09cb00a7,0,0,3,1,linux,BFC
f6d66fc8cf5f673ea76407be84dc17dbb3eda108,13,0,3,1,linux,BFC
7d0928f18bf890d2853281f59aba0dd5a46b34f9,0,0,3,1,linux,BFC
664a39236e718f9f03fa73fc01006da9ced04efc,125,0,16,2,linux,BIC
6c3090520554d535db04f807c313d9a4b81a285c,76,0,12,2,linux,BIC
8cee32b400404b7ab5219dfcbe412c90bd0c7ada,173,0,0,1,linux,BIC
c1cf1d57d1492235309111ea6a900940213a9166,1,0,5,1,linux,BFC
9fe9efd6924c9a62ebb759025bb8927e398f51f7,23,0,8,1,linux,BFC
cf2f225e2653734e66e91c09e1cbe004bfd3d4a7,1,15,22,3,linux,BIC
81acac8c2c88764c773811d1ec858852f81eb88a,0,0,1,1,linux,BFC
5f89468e2f060031cd89fd4287298e0eaf246bf6,15,8,0,1,linux,BFC
abdb8bc94be4cf68aa71c9a8ee0bad9b3e6f52d3,3,1,0,1,linux,BFC
48d9831627c6a059946085ce42d2fd17fb365b8d,0,6,0,1,linux,BFC
74e1e498e84ea957b7fe3d9842f04c346ca2fcbb,12,0,9,1,linux,BIC
17cfe79a65f98abe535261856c5aef14f306dff7,5,1,1,1,linux,BFC
a1c9f97f0b64e6337d9cfcc08c134450934fdd90,13,0,1,3,linux,BFC
f081bbb3fd03f949bcdc5aed95a827d7c65e0f30,0,0,2,1,linux,BIC
34f4c9554d8b2a7d2deb9503e9373b598ee3279f,130,56,111,2,linux,BIC
f268c3737ecaefcfeecfb4cb5e44958a8976f067,10,0,3,4,linux,BFC
a57e16cf03339c20b09642f46f60190069ff70c7,1222,0,0,2,linux,BIC
4e9a5ae8df5b3365183150f6df49e49dece80d8c,32,0,4,3,linux,BFC
cfb766da54d98ceb145e1bb0bd11c559569dcbfc,1,1,3,2,linux,BIC
3baffc4a84d759ba54c461e8e4583bd8890c749a,49,71,20,1,linux,BIC
186f43608a5c827f8284fe4559225b4dccaa49ef,8,7,42,50,linux,BIC
95224166a9032ff5d08fca633d37113078ce7d01,18,0,4,2,linux,BIC
b7d7f9eeca551f9cf1f6418749cd609d371faf55,45,3,17,5,linux,BIC
c7953ef23042b7c4fc2be5ecdd216aacff6df5eb,16,1,23,1,linux,BIC
fc68e171d376c322e6777a3d7ac2f0278b68b17f,1,7,11,1,linux,BFC
331b6d8c7afc2e5b900b9dcd850c265e1ba8d8e7,4,0,0,1,linux,BIC
71757904efadefdf5505712f675218ce59483c5d,0,7,0,2,linux,BFC
ce4ebfd859c33ea098bfa2e1b4623128046f59c8,62,0,0,2,linux,BIC
c7b8170790c19293acd835dc50b8247ec207d4a3,15,0,2,1,linux,BFC
e33c2482289b0deebb4fdc566ca69583892e74af,574,79,152,4,linux,BIC
3a5facd09da848193f5bcb0dea098a298bc1a29d,4,0,3,1,linux,BFC
ed5cd8163da8d3e02ef83b84e42d555d40bab96a,178,0,0,2,linux,BIC
acf42a957e341abcafd28d5e89a5e8bfffd67989,6,0,0,1,linux,BFC
af2702549d68519ac78228e915d9b2c199056787,0,10,1,1,linux,BFC
1db88c5343712e411a2dd45375f27c477e33dc07,78,2,18,4,linux,BIC
0257be79fc4a16a3252ce80aa13b3640f728c425,260,0,0,4,linux,BIC
4826090719d4bb525b101f1916c68c3b5594910c,264,0,0,4,linux,BIC
dff6139015dc68e93be3822a7bd406a1d138628b,25,6,5,1,linux,BFC
dea2b1ea9c705c5ba351a9174403fd83dbb68fc3,14,12,18,1,linux,BFC
fa896297b31b1100ad13f83a7dd83a715e815042,235,231,0,4,linux,BIC
e51bfdb68725dc052d16241ace40ea3140f938aa,25,0,0,1,linux,BIC
e16b859872b87650bb55b12cca5a5fcdc49c1442,4,0,2,1,linux,BFC
5de691bffe57fd0fc2b4dcdcf13815c56d11db10,974,0,0,5,linux,BIC
8c0e421525c9eb50d68e8f633f703ca31680b746,2,0,2,1,linux,BFC
0bd1bf86ab79555425b9f0b63005e181defe4da6,0,0,1,1,linux,BFC
cf0ee7c60c89641f6e4d1d3c7867fe32b9e30300,35,3,30,3,linux,BIC
50d16d44cce45f172bc4b27dcd353b1107aa7429,225,0,0,1,linux,BIC
0d1bb2b3b838e6731b5900bb3513c10027cb028c,0,0,3,3,linux,BFC
d0cb50185ae942b03c4327be322055d622dc79f6,3,0,7,1,linux,BIC
fa9233699cc1dc236f4cf42245d13e40966938c5,10,0,3,1,linux,BIC
779055842da5b2e508f3ccf9a8153cb1f704f566,7,0,5,1,linux,BFC
892e1f4a3ae58c1cd376d952d45dca6f20dc712c,15,0,6,1,linux,BIC
942f64c4c2be19a1b4a0c4295182b42d153899bf,2,0,0,1,linux,BFC
e9848aed147708a06193b40d78493b0ef6abccf2,0,1,1,1,linux,BFC
ebec18a6d3aa1e7d84aab16225e87fd25170ec2b,49,0,5,5,linux,BIC
e048834c209a02e3776bcc47d43c6d863e3a67ca,17,0,1,1,linux,BFC
d3a7c489c7fd2463e3b2c3a2179c7be879dd9cb4,63,0,11,9,linux,BIC
d01501f85249848a2497968d46dd46d5c6fe32e6,0,0,1,1,linux,BFC
c61e5644c69775ae9d54b86018fca238aca64a9b,1,0,1,1,linux,BFC
8e6ed963763fe21429eabfc76c69ce2b0163a3dd,13,0,7,5,linux,BFC
470decc613ab2048b619a01028072d932d9086ee,8421,0,0,8,linux,BIC
e315cd28b9ef0d7b71e462ac16e18dbaa2f5adfe,353,155,1396,6,linux,BIC
d2ed0a7755fe14c790f398ae55088d00492ef168,108,1,48,13,linux,BFC
5e53be8e476a3397ed5383c23376f299555a2b43,24,23,3,1,linux,BFC
69111bac42f5ceacdd22e30947837ceb2c4493ed,5,0,103,32,linux,BIC
b92ac66a1819602b1427ac72d4a70c10ba7640ad,2336,0,0,3,linux,BIC
538f8d00ba8bb417c4d9e76c61dee59d812d8287,15,0,3,2,linux,BFC
8964193f6bfda5c4cf14eedb7e94892c1f1c34f0,4,0,1,1,linux,BFC
352bfbb3e0230c96b2bce00d2ac3f0de303cc7b6,41,35,20,3,linux,BIC
c1fb3542074fd0c4d901d778bd52455111e4eb6f,0,0,1,1,linux,BFC
6085831883c25860264721df15f05bbded45e2a2,1,0,0,1,linux,BFC
1f31e35f2e88d7e222f8246d2a34db02aa035c60,5,32,6,3,linux,BIC
6d6ce40f63af9860ba12e6540fc9c9feb4338a1d,674,0,0,1,linux,BIC
7aacc42f8d7d3bc9efde159b534d9199d9e2cc87,1,0,0,1,linux,BFC
d80f6de9d601c30b53c17f00cb7cfe3169f2ddad,5,0,0,1,linux,BFC
64adde31c8e996a6db6f7a1a4131180e363aa9f2,2,0,0,1,linux,BFC
941c06d58503b9f2718b20bc45ee7f1d701a1e1e,0,2,0,2,linux,BFC
aa3198819bea60f65f22cd771baf2ff038f59df1,165,0,0,3,linux,BIC
a8a4b7aeaf841311cb13ff0f6c4710c7a00e68d4,6,6,0,1,linux,BFC
46a704f8409f79fd66567ad3f8a7304830a84293,21,0,0,1,linux,BIC
745aef5df1e2277ee9e34d86491084c0d6106338,108,1,22,2,linux,BIC
a0fb3726ba55138ef6fdd5dc67da6d9a70360696,97,1,33,5,linux,BIC
10fea26ce2aaf46c4da834664fb5f8476108a783,70,44,91,1,linux,BIC
28ec02c9cbebf3feeaf21a59df9dfbc02bda3362,7,0,0,1,linux,BIC
e70cc2bd579e8a9d6d153762f0fe294d0e652ff0,1,0,1,1,linux,BFC
0715e6c516f106ed553828a671d30ad9a3431536,10,2,7,1,linux,BFC
b310c178e6d897f82abb9da3af1cd7c02b09f592,1,0,3,1,linux,BFC
a9aecef198faae3240921b707bc09b602e966fce,1,0,3,1,linux,BFC
5223c511eb4f919e6b423b2f66e02674e97e77e3,2,0,0,1,linux,BFC
fe14b546d6e57542dbd4f5ccdb5a382904d26c5a,0,8,0,1,linux,BFC
4c981e28d373e391b76577635e7e216976b71c57,10,5,14,3,linux,BIC
1a3ed0dc3594d99ff341ec63865a40519ea24b8d,5,0,1,1,linux,BFC
b15bb8817f991497d97ae55d8c0e349a9d1e1478,2,0,0,1,linux,BFC
443359aebce0e17148251c0e316801fe69aa7d33,1,0,1,1,linux,BFC
8fd0e2a6df262539eaa28b0a2364cca10d1dc662,2,2,0,1,linux,BIC
5d39051a328c0508b0fb0247227197059edd2da9,8,0,0,1,linux,BFC
c7ed6d0183d5ea9bc31bcaeeba4070bd62546471,0,0,1,1,linux,BFC
5925a0555bdaf0b396a84318cbc21ba085f6c0d3,0,0,1,1,linux,BFC
bb48711800e6d7aedbf4dfd3367e0ab1270a6bea,23,0,0,2,linux,BFC
6f4e02193c9a9ea54dd3151cf97489fa787cd0e6,1,3,17,2,linux,BFC
b96244fad9530a707b732c3650d349aed2c9cfcd,0,2,5,1,linux,BIC
df83d2c9e72910416f650ade1e07cc314ff02731,5,0,1,1,linux,BFC
6ef94cfafba159d6b1a902ccb3349ac6a34ff6ad,33,0,10,5,linux,BIC
f56aad1d98f1c0c6df513abcd275a4d914adc1ef,32,0,0,1,linux,BIC
860433ed2a55dcd18f36c61b3c4fdb12dc76c869,3,0,1,1,linux,BFC
cf02ce742f09188272bcc8b0e62d789eb671fc4c,0,0,1,1,linux,BFC
a421d218603ffa822a0b8045055c03eae394a7eb,5,6,2,1,linux,BFC
bc69b8adfe221def02ea10f7b9ab32e80195334c,38,2,5,1,linux,BIC
c189716b2a7c1d2d8658e269735273caa1c38b54,3,0,0,1,linux,BFC
3106a0847525befe3e22fc723909d1b21eb0d520,10,1,5,2,linux,BFC
349ae63f40638a28c6fce52e8447c2d14b84cc0c,0,0,2,1,linux,BFC
6bc9b56433b76e40d11099338d27fbc5cd2935ca,11,4,10,3,linux,BIC
194b482b5055d50b481e0c5651bab90623deb611,11,0,0,1,linux,BIC
e7e9a307be9d75ecc3bf20b362af88140dfb4304,180,3,0,3,linux,BIC
534da5e856334fb54cb0272a9fb3afec28ea3aed,27,10,6,1,linux,BFC
622d9b5577f19a6472db21df042fea8f5fefe244,1,0,0,1,linux,BFC
52f019d43c229afd65dc11c8c1b05b6436bf6765,7,3,18,4,linux,BIC
637392a8506a3a7dd24ab9094a14f7522adb73b4,19,16,1,1,linux,BFC
19c234a14eafca78e0bc14ffb8be3891096ce147,15,0,3,1,linux,BFC
ca7a03c4175366a92cee0ccc4fec0038c3266e26,1,0,1,1,linux,BIC
45e528d9c479aeef2d3d1db1e619b243f91e324f,6,17,1,1,linux,BFC
3dbe97efe8bf450b183d6dee2305cbc032e6b8a4,4,0,0,1,linux,BFC
cf3c54fb49a4eb5b5b83ddab0b25df47b2e958af,42,2,3,7,linux,BIC
1a33d8a284b1e85e03b8c7b1ea8fb985fccd1d71,1,0,0,1,linux,BFC
e431c92188a9b76c16707302a9fe848a70982c13,24,0,0,1,linux,BIC
07f6842341abe978e6375078f84506ec3280ece5,9,0,0,1,linux,BIC
cc06e67d8fa55d000caeb4613e8873aed2c171ff,60,0,9,3,linux,BIC
9c03b282badb7600058321c80e367f93b4013bd0,212,0,0,2,linux,BIC
9466a1ccebbe54ac57fb8a89c2b4b854826546a8,173,0,0,5,linux,BIC
4a34ec8e470cb126b85f737d73a879726c66259e,1473,0,0,1,linux,BIC
5f0663bb4a64f588f0a2dd6d1be68d40f9af0086,30,10,1,1,linux,BIC
4b638f13bab4dbfe8569c84e374e8201a427115c,0,2,2,1,linux,BIC
33cfdc2aa6969829f42640f758357e4b015e9f7d,13,0,14,1,linux,BIC
809390219fb9c2421239afe5c9eb862d73978ba0,10,0,6,2,linux,BFC
7a1be318f5795cb66fa0dc86b3ace427fe68057f,22,5,6,5,linux,BIC
06d5f3441b2e80eeb6deb0885aefa00589e463c1,69,0,0,1,linux,BFC
56d1fe0979dc9b73c1c12ee07722ac380d42a0c4,20,8,2,2,linux,BIC
1c6bd7173d66b3dfdefcedb38cabc1fb03997509,119,3,14,1,linux,BIC
55ad359225b2232b9b8f04a0dfa169bd3a7d86d2,250,28,42,8,linux,BIC
d07881d2edb0ab783846730629ac2faeaafdf4f1,79,79,0,1,linux,BIC
bd77bf1cb595477528f06f5c52f913f70acd73bb,80,0,0,3,linux,BIC
5666a274a6d54372d6b79b1f78682a9d827e679e,6,0,0,1,linux,BFC
b8da51ebb1aa93908350f95efae73aecbc2e266c,8,0,7,4,linux,BIC
c78e25edbf3ed87b23709c9b0732be5fa00d5f9f,17,11,0,3,linux,BFC
b4330afbed0cdceeba33c4945158c55771047e81,1,0,2,1,linux,BFC
3ed6a4d1de2c5855a9e0164872b6adfd6b7a4215,9,13,29,1,linux,BIC
5b090b430d750961305030232314b6acdb0102aa,23,0,0,1,linux,BIC
c1201444075009507a6818de6518e2822b9a87c8,0,5,3,1,linux,BFC
f40f299bbe806a2e2c8b0d7cdda822fa3bdd171b,2,0,1,2,linux,BFC
27a28d32b4f22a4ae687837aeda6afb42116cca4,881,0,0,1,linux,BIC
8e93f29422ffe968d7161f91acdf0d47f5323727,11,0,22,1,linux,BFC
341fdf2602113a3fd8e05046e2b7a75b5c0f308e,0,0,1,1,linux,BFC
0440d5c0ca9744b92a07aeb6df0a9a75db6f4280,0,0,2,1,linux,BFC
315f02c60d9425b38eb8ad7f21b8a35e40db23f9,0,0,1,1,linux,BFC
f13912d3f014a7f2fa5c35d25ee8c3f96bda6272,27,0,0,1,linux,BIC
2e27e793e280ff12cb5c202a1214c08b0d3a0f26,41,8,9,4,linux,BIC
c998c07836f985b24361629dc98506ec7893e7a0,2,0,0,1,linux,BFC
a0f81bf26888048100bf017fadf438a5bdffa8d8,0,0,1,1,linux,BFC
b89fc26f741d9f9efb51cba3e9b241cf1380ec5a,0,0,1,1,linux,BFC
425e586cf95b83b424bc949ea1c0c8bb2a2be608,69,0,12,1,linux,BIC
c631cc8f11246f1a8075a203d55ff282ee9416db,1,0,0,1,linux,BFC
829dcc0a956a2317631873d946b5a5c2b0bf53ee,4,0,0,1,linux,BIC
496960274153bdeb9d1f904ff1ea875cef8232c1,0,1,1,1,linux,BFC
31ac3bcee47b8628d676bf4080c56b238d0222d1,0,0,2,1,linux,BFC
f5854fad395b93071292bff27c0121b6e32215e0,5,0,4,1,linux,BIC
a57ac7acdcc1665662e369993898194def56e888,0,3,1,1,linux,BFC
8847293992606677d5e446d1e712bd128ea7977f,42,0,7,1,linux,BIC
96312e61282ae3f6537a562625706498cbc75594,3,0,2,1,linux,BFC
2f26e0a9c9860db290d63e9d85c2c8c09813677f,546,4,1,5,linux,BIC
48e48e5984782171ac8d2ec09b7e688e141d7c86,0,3,11,1,linux,BIC
7f9c9b607dc2641c77266efe788fab853d27dbd1,1,0,1,1,linux,BFC
3edfb7bd76bd1cba6b917736943dffd799deed8a,13,14,0,1,linux,BIC
ff72daa371f58fbf16999f4fb3d65d4f650555aa,0,4,0,1,linux,BFC
43858b4f25cf0adc5c2ca9cf5ce5fdf2532941e5,0,21,7,5,linux,BIC
450296f305f139ccb363657efcea439afa4e762a,50,0,41,1,linux,BIC
13135b461cf205941308984bd3271ec7d403dc40,3,0,0,1,linux,BFC
b15cc4a12bed8026bc70f469f514862b027b0c75,137,1,34,1,linux,BIC
171a8e99828144050015672016dd63494c6d200a,13,11,3,1,linux,BFC
9ea40db477c024dcb87321b7f32bd6ea12130ac2,0,2,6,1,linux,BFC
bed8d1c840f0b3ddefc5c27a983a1d587cf873e9,3,3,0,1,linux,BFC
70b42b5845c84f33ed2b79a0fa96134710c652f2,0,0,1,1,linux,BFC
b5a2875605cac14a7d7744ec8254547a26c02612,62,0,0,1,linux,BIC
2fc31465c5373b5ca4edf2e5238558cb62902311,3,0,0,1,linux,BFC
4062b8ffec36df80d808d3bc3352e0f9c9abd3de,79,53,1,2,linux,BIC
171d8b9363725e122b164e6b9ef2acf2f751e387,0,0,1,1,linux,BFC
b5945214b76a1f22929481724ffd448000ede914,0,0,2,1,linux,BFC
b5e7a955a3515bf6b568050533fa9b1b72460a95,8,0,0,1,linux,BFC
72aabfb862e40ee83c136c4f87877c207e6859b7,13,0,1,2,linux,BIC
910c996335c37552ee30fcb837375b808bb4f33b,0,1,7,1,linux,BFC
248b57015f35c94d4eae2fdd8c6febf5cd703900,2,0,1,1,linux,BIC
beca774fc51a9ba8abbc869cf0c3d965ff17cd24,3,0,0,1,linux,BFC
33f60d02605a3a604e56b07a78d80d7d801b2843,0,0,1,1,linux,BFC
1e423bff959e48166f5b7efca01fdb0dbdf05846,26,0,0,1,linux,BIC
009146d117b9b816193fce0f1ed75f015a398721,16,0,1,2,linux,BIC
724d06b437bba9faf280842a983e69c04f244767,0,1,1,1,linux,BFC
9c41e6908660f5d94aac9e63ca673f3fb9ccfc71,24,0,11,1,linux,BFC
277688639f98a9e34a6f109f9cd6129f92e718c1,29,88,2,2,linux,BFC
f019fb6392e59f4d383ff42b4eb39e768f29af5f,32,0,0,2,linux,BIC
f9d4b0c1e9695e3de7af3768205bacc27312320c,48,100,144,1,linux,BIC
341fd15e2e18c24d5c738496cfc3d7a272241201,6,0,1,1,linux,BFC
1a15267b7be77e0792cf0c7b36ca65c8eb2df0d8,1,0,0,1,linux,BFC
a58204ab91ad8cae4d8474aa0ba5d1fc504860c9,0,0,1,1,linux,BFC
4ec236c7c51f89abb0224a4da4a6b77f9beb6600,14,0,0,1,linux,BFC
692fe62433d4ca47605b39f7c416efd6679ba694,10,0,6,1,linux,BIC
9b3d15e6b05e0b916be5fbd915f90300a403098b,3,0,2,1,linux,BFC
81bd1579b43e0e285cba667399f1b063f1ce7672,4,0,0,1,linux,BIC
3cf92f4bfccbb3e378cd86dc46e09c2bc18cda26,11,28,88,2,linux,BFC
4c5dae59d2e9386c706a2f3c7c2746ae277bf568,349,1,16,4,linux,BIC
23c20ecd44750dd42e5fd53285a17ca8d8a9b0a3,6,8,4,1,linux,BIC
85e0c4e89c1b864e763c4e3bb15d0b6d501ad5d9,3,0,1,1,linux,BIC
cbefd24f0aee3a5d787a013f207f6fd31d3c76d2,7,0,0,1,linux,BFC
e88ccf09e79cf33cac40316ba69c820d9eebc82b,0,0,1,1,linux,BFC
74a7baa2a3ee8be200ea5421fe025d5eb8621a6a,228,3,7,7,linux,BIC
68270dab97107b5679080b596aa2f5a360f79873,16,1,4,1,linux,BFC
b0270e91014dabfceaf37f5b40ad51bbf21a1302,1,1,12,10,linux,BIC
88733e3b845024cb2324a68469a4a25fdd9c0a6c,414,88,43,7,linux,BIC
a9d6227436f32142209f4428f2dc616761485112,29,8,12,1,linux,BFC
997dd96471641e147cb2c33ad54284000d0f5e35,18,136,53,1,linux,BIC
43f2517955875be5d96b641fba33d73097fe3cd9,0,6,0,1,linux,BFC
75ed26878b4cc0ca1c9d8ed5a642b45b60c231d9,0,0,1,1,linux,BFC
67ca07e7ac10d7cdc2aa7ac216cab7fb64c95e50,379,0,16,3,linux,BIC
2f361cd9474ab2c4ab9ac8db20faf81e66c6279b,0,0,2,1,linux,BFC
7e86600606cef21beec725039d70377fb364f881,0,0,1,1,linux,BFC
da58a931f248f423f917c3a0b3c94303aa30a738,19,0,4,1,linux,BIC
460df4c1fc7c00829050c08d6368dc6e6beef307,23,0,4,6,linux,BIC
4a23e56ad6549d0b8c0fac6d9eb752884379c391,6,0,3,1,linux,BFC
8d74a623cc3cecda89da628b8f3d115d8cf1ee8f,0,36,21,7,linux,BFC
03b1230ca12a12e045d83b0357792075bf94a1e0,118,26,38,3,linux,BIC
e192be9d9a30555aae2ca1dc3aad37cba484cd4a,308,115,48,4,linux,BIC
aa98d7cf59b5b0764d3502662053489585faf2fe,2744,0,15,27,linux,BIC
fb98cc0b3af2ba4d87301dff2b381b12eee35d7d,2,0,2,1,linux,BFC
c4317b11675b99af6641662ebcbd3c6010600e64,38,16,0,1,linux,BFC
4fcc0c275e3f59cd68f977c57953783f8014ed15,5,2,2,1,linux,BFC
aa6aae38f7fb2c030f326a6dd10b58fff1851dfa,3,5,4,1,linux,BFC
f5a47fae6aa3eb06f100e701d2342ee56b857bee,5,0,2,1,linux,BIC
7abc2110779b133e54ce681a4d0be3d89304eda1,2,0,2,1,linux,BFC
15917b16022427c53755abff4dc7051f3076dd7a,89,0,0,2,linux,BIC
16ad3db3b24cd9f70aa24e93cef0d4a83dece7ac,0,0,1,1,linux,BFC
9cb62fa24e0d22dbe991c315d6c454a341ea3f76,34,0,1,4,linux,BIC
82c89365733e28f39ef4a4d479c124f9f1e63671,0,0,1,1,linux,BFC
a5bfe6b4675e0eefbd9418055b5cc6e89af27eb4,5,0,0,1,linux,BFC
a6c6065511411c57167a6cdae0c33263fb662b51,157,9,19,6,linux,BIC
bcbda81020c3ee77e2c098cadf3e84f99ca3de17,0,0,2,1,linux,BFC
0f25fda840a9420172dfa6a3f333066017b78a04,18,11,13,1,linux,BIC
023dfa9602f561952c0e19d74f66614a56d7e57a,3,0,1,1,linux,BFC
ce96fa6223ee851cb83118678f6e75f260852a80,1,0,1,1,linux,BFC
2bf8d2ae3480da06e64dad3b326ebd2e40c0be86,0,0,1,1,linux,BFC
4b6f99d307ed6c7a28b952bfb7b66fb26a6a4cf0,8,0,11,3,linux,BFC
7e38b03f0fe7c642d26f8bccbead021e9d772bb2,1,6,2,1,linux,BFC
932eaf7c790458bea89830f6801c10dda569c805,9,5,15,1,linux,BIC
14eb0cb4e9a7323c8735cf6c681ed8423ce6ae06,13,0,4,4,linux,BFC
e84ee1a75f944a0fe3c277aaa10c426603d2b0bc,4,0,3,1,linux,BFC
fb092eb63d3aba5b876a51cbe743c1c8a8b37d5b,1,0,0,1,linux,BFC
6fd3134ae3551d4802a04669c0f39f2f5c56f77d,3,3,0,1,linux,BFC
9c63a650bb100e7553d60c991ba0c5db9c743239,15,13,6,2,linux,BIC
58ecb11eab44dd5d64e35664ac4d62fecb6328f4,1,0,1,1,linux,BFC
e28408e98bced123038857b6e3c81fa12a2e3e68,4,0,12,1,linux,BFC
c645e4b80c97adae029e655eccd26644b958f4b6,2,0,2,2,linux,BFC
4833ce06e6855d526234618b746ffb71d6612c9a,0,0,1,1,linux,BFC
b0f5d8db7348a6ce5cdd79fba46ebc91eebc8fd9,0,0,2,1,linux,BFC
e78bfb0751d4e312699106ba7efbed2bab1a53ca,0,1,1,1,linux,BFC
6466ec14aaf44ff14a05369dcf0929d0f01171c6,29,0,0,2,linux,BIC
60ec7fcfe76892a1479afab51ff17a4281923156,8,0,5,3,linux,BFC
e3c42b61ff813921ba58cfc0019e3fd63f651190,0,2,3,1,linux,BFC
e0d795e4f36c2d8949c1355b497fc5425dbb9437,226,25,195,2,linux,BIC
293774413a3f519c826d4eb5313ef02e20515700,10,0,84,2,linux,BFC
bb8872a1e6bc911869a729240781076ed950764b,6,0,3,1,linux,BFC
6e3ba4abcea5681eebbfc10f1b56c9fbe80b6685,53,0,0,4,linux,BIC
145e5637d941daec2e8d1ff21676cbf1aa62cf4d,789,18,41,10,linux,BIC
470b74758260e4abc2508cf1614573c00a00465c,3,2,5,1,linux,BFC
82f76a4a720791d889de775b5f7541d601efc8bd,3,0,0,1,linux,BFC
4683ae86267f22dcd490953400c1d3fa12bcaccd,0,0,1,1,linux,BFC
cefc03e5995e82082b1e4cda4ef565ccdaff1f45,1504,0,0,1,linux,BIC
25fa506b70cadb580c1e9cbd836d6417276d4bcd,0,0,1,1,linux,BFC
18bf591ba9753e3e5ba91f38f756a800693408f4,1,0,0,1,linux,BFC
67b9bcd36906e12a15ffec19463afbbd6a41660e,0,2,3,2,linux,BFC
5babb012c847beb6c8c7108fd78f650b7a2c6054,0,0,23,1,linux,BFC
2ccc1c1ccc671b8bb33ad7845dcf6c75d3c892ae,2,61,221,10,linux,BIC
2afe27c718b669b551895595873611ac39cc31e3,0,30,4,2,linux,BIC
98c90e5ea34e98bdd4bcb67c48a0bdfd59bcd6cd,0,5,4,2,linux,BIC
bc9e9e672df9f16f3825320c53ec01b3d44add28,53,288,25,8,linux,BIC
43e8f76006592cb1573a959aa287c45421066f9c,1,0,1,1,linux,BFC
7e2b10c1e52ca37fb522be49f4be367f9311d0cd,38,0,2,3,linux,BIC
905f6bd30bb6c244f97cdf5fb5d55cf263844490,0,12,3,1,linux,BFC
d15dfd31384ba3cb93150e5f87661a76fa419f74,8,1,2,5,linux,BFC
c0e118c8a1a32eda2a9c66174930afaf304753b4,30,0,1,1,linux,BIC
e163b9823a0b08c3bb8dc4f5b4b5c221c24ec3e5,2,0,2,1,linux,BFC
0a46fff2f9108c2c44218380a43a736cf4612541,7,0,3,1,linux,BIC
7ef32e52368f62a4e041a4f0abefb4fb64e7fd4a,3,0,0,1,linux,BFC
08c04c84a5cde3af9baac0645a7496d6dcd76822,5,0,3,1,linux,BFC
ffe843b18211301ad25893eba09f402c19d12304,0,0,3,1,linux,BFC
e1ab9a468e3b1636d60cebd0a778461270dde208,4,0,6,1,linux,BIC
2701c1bd91dda815b8541aa8c23e1e548cdb6349,19,2,1,1,linux,BIC
2b17c400aeb44daf041627722581ade527bb3c1d,20,3,13,1,linux,BFC
040ee6120cb6706aa840a62f3b7966ebce9bfcd3,32,18,1,1,linux,BIC
fb8543fb863e89baa433b4d716d73395caa1b7f4,1,0,0,1,linux,BFC
a85a6c86c25be2d2a5f9c31491f612ce0edc7869,10,0,15,1,linux,BIC
3e52d71ede206df75b56208e7c7a277ef157bb71,1,0,3,1,linux,BFC
d16046ffa6de040bf580a64d5f4d0aa18258a854,371,0,0,1,linux,BIC
942c9b6ca8de5b7ad675e9b2e0e964449c10c18a,27,62,28,6,linux,BIC
5c13a4a0291b30191eff9ead8d010e1ca43a4d0c,6,13,21,2,linux,BFC
3faf757bad75f3fc1b2736f0431e295a073a7423,3,0,0,1,linux,BFC
eed635699abaacebc9b19a2f9de9ddc688c390c2,0,4,0,1,linux,BFC
7c5a3d813050ee235817b0220dd8c42359a9efd8,0,0,2,1,linux,BFC
f1b937cc86bedf94dbc3478c2c0dc79471081fff,13,0,1,1,linux,BFC
3099a52918937ab86ec47038ad80d377ba16c531,2,0,0,2,linux,BFC
9540724ca29d54b65aaea120072166ebc2d5f4a1,89,0,0,5,linux,BIC
8894891446c9380709451b99ab45c5c53adfd2fc,10,0,8,1,linux,BFC
5c74c54ce6fff719999ff48f128cf4150ee4ff59,36,0,16,4,linux,BIC
fb04a1eddb1a65b6588a021bdc132270d5ae48bb,565,0,2,12,linux,BIC
8fd36358ce82382519b50b05f437493e1e00c4a9,5,0,0,1,linux,BFC
f83a9991648bb4023a53104db699e99305890d51,8102,0,0,18,linux,BIC
8fb5debc5fcd450470cdd789c2d80ef95ebb8cf4,88,0,0,2,linux,BIC
22b1d57b032cea4d612746473ed28cb20665d876,1,0,2,1,linux,BFC
366e37e4da23f9df498cc9577cadcb354f7bd431,1,0,2,1,linux,BFC
385156c5f2a61834666f079ee66338f177c65c28,94,47,29,5,linux,BIC
67d98943408bce835185688cb75ebbb45b91e572,0,0,10,1,linux,BFC
ecadcc47492cc73a9bb92fbf16098192df514b87,1,0,1,1,linux,BIC
95697f9907bfe3eab0ef20265a766b22e27dde64,9,0,1,1,linux,BFC
cdcc108a2aced5f9cbc45920e29bf49819e5477f,1,0,1,1,linux,BFC
61011264c1afd8c075fb9028ccc78e7f2e63ce48,351,0,0,1,linux,BIC
c7450bb211f3ded7cb6e4d305855683ed7d04e60,0,6,3,1,linux,BFC
e7cb072eb988e46295512617c39d004f9e1c26f8,43,0,1,5,linux,BIC
b90e5794c5bdef91d26c623e992257947c506e35,28,0,3,3,linux,BIC
4cd4b50cc2429294c23a1998c33fdfd804db0f37,2,0,2,2,linux,BFC
48abe91ac1ad27cd5a5709f983dcf58f2b9a6b70,0,0,1,1,linux,BFC
d10bcf947a3ea240351a8182d71e4aa9c8ddba56,69,3,26,7,linux,BIC
3287f58bcba6c6fa6167624b443a668782fac26d,56,1,9,1,linux,BFC
dd856d924b2471bf28e7c60df881529525a1192c,0,0,1,1,linux,BFC
af901eb4ab80e6398a79763a17d662234dab06b6,161,190,1,3,linux,BIC
08d8c62164a322eb923034acacf25246b775593a,1194,0,0,1,linux,BIC
373cd784d0fc83f076c899ca7da50ecca7286e42,1904,0,0,5,linux,BIC
fee6d4c777a125e56de9370db3b2bf359bf958d6,7,2,8,3,linux,BIC
2e7bd10e05afb866b5fb13eda25095c35d7a27cc,10,0,1,1,linux,BFC
4c270b55a5afcdcf7624303ef4d287dd48417033,1736,0,0,1,linux,BIC
b5dc8e6c21e7ffba0246bf39cea97805c142bf85,147,4,12,3,linux,BIC
8146875de7d47c632921ea8284097a1ff0601ee7,5,0,1,1,linux,BIC
71c488f32b071bfb5cfe9ddf682cd2e0c310c75d,0,0,1,1,linux,BFC
1a46dfea0841d5ebc08fafe7b3f60d33581f8e27,121,0,21,4,linux,BIC
5dd431b6b92c0db324d134d2a4006dd4f87f2261,22,3,14,11,linux,BFC
556c242045f0c1613aac2e64dc5b2ff0e4bc89e1,0,2,0,1,linux,BFC
8634de6d254462e6953b7dac772a1df4f44c8030,0,0,1,1,linux,BFC
f97017cdefefdb6a0e19266024b0c6f9fd411eeb,5,0,2,1,linux,BIC
94d22763207ac6633612b8d8e0ca4fba0f7aa139,18,2,5,1,linux,BIC
7472c1c69138183fdf90b9850a0f7aad3b66365f,1327,0,0,3,linux,BIC
47057abde515155a4fee53038e7772d6b387e0aa,25,0,9,5,linux,BIC
211565b100993c90b53bf40851eacaefc830cfe0,19,0,2,1,linux,BFC
0ad4dc887d4168448e8c801aa4edd8fe1e0bd534,0,0,1,1,linux,BFC
42470eec8552e51e98fe89742bd95cc732aac28f,0,0,4,1,linux,BFC
ad69b73add8967bc92b62a1cf23a911705781488,0,0,2,1,linux,BFC
a2407f4bd1f3001d6b46f6d32eb1cc98a60f5a43,0,0,1,1,linux,BFC
ffc2b6ee417435605ee8bb1eb4c8f02e9ff4b4a5,0,5,0,1,linux,BFC
abbee6238775c6633a3779962e9e5b5cb9823749,65,0,5,3,linux,BIC
201091ebb2a161a0e10aab36186690b332941f6a,71,0,2,6,linux,BIC
7762902c89c4c78d32ec562f1ada44d02039104b,11,0,7,2,linux,BFC
7284a00f17290114d304528fc49aeee5c2b9b433,1,1,0,1,linux,BFC
d09ae51a4b676151edaf572bcd5f272b5532639f,177,18,68,5,linux,BIC
a3d412d4b9f3e1d016cd7c49dfa31a4711c7db90,1,42,12,1,linux,BIC
5b554ce518afee47d4ba4330ad8fbfd6e29e1c13,0,0,3,2,linux,BFC
3813733595c0c7c0674d106309b04e871d54dc1c,4,0,1,1,linux,BFC
279a0cd0e02aa1e506d9acf94a7ecb530821359c,6,11,1,1,linux,BFC
ce87c98db428e779bf19c9cedc850fda22d58576,0,0,1,1,linux,BIC
ed8885a14433aec04067463493051eaaeef3255f,0,0,6,1,linux,BIC
570e86963a511c1b404e81c72d2c42169faf9324,43,1,35,2,linux,BIC
1dbc6a1e25be8575d6c4114d1d2b841a796507f7,0,0,1,1,linux,BFC
eccffcf4657ab9a148faaa0eb354d2a091caf552,0,0,1,1,linux,BFC
9325d4266afd4e54ff4aae0018d420d596964126,41,0,1,2,linux,BIC
9683e5775c75097c46bd24e65411b16ac6c6cbb3,3,0,0,1,linux,BFC
33d4ae98859873ddd49e22e4ca724387548b3d89,13,1,3,2,linux,BIC
656d1b89e5ffb83036ab0e2a24be7558f34365c7,173,0,0,5,linux,BIC
2f08b23d70324bb0f592c71bd36cdc1d2f12face,2,0,2,1,linux,BFC
1992ded5d111997877a9a25205976d8d03c46814,3,1,1,1,linux,BFC
de94fc104d58ea2f53e46404b0c2b73b9bdf5774,35,0,13,1,linux,BIC
f73b12812a3d1d798b7517547ccdcf864844d2cd,186,0,11,8,linux,BIC
532ed1900d37a47c821718a0d8d28eb05b2c4d28,1,7,7,2,linux,BIC
4ebd92d2e228ceb33bafa273fd9cb2b16615cdd4,46,0,0,1,linux,BIC
42f1bc43e6a97b9ddbe976eba9bd05306c990c75,2,0,1,1,linux,BFC
e88b2c6e5a4d9ce30d75391e4d950da74bb2bd90,0,2,13,1,linux,BFC
3e5b8f87994e1269a7a9ea1862df163b110932eb,0,3,1,1,linux,BFC
eb9d7a62c38628ab0ba6e59d22d7cb7930e415d1,22,19,17,1,linux,BIC
32857cf57f920cdc03b5095f08febec94cf9c36b,59,1,0,2,linux,BIC
cc5b114dcf986bfd8e4c37bf65d1b7b1e5290ac6,23,0,8,1,linux,BIC
d461873272169a3fc3a8d155d7b1c92e9d97b419,0,0,1,1,linux,BFC
307aeb31af0d9ba63346466f88badd64e7ed9786,27,2,11,1,linux,BFC
71d1e5d71cec76e927a92354a7eb9d476e7054ad,6,0,17,1,linux,BIC
57f3ffdc11143f56f1314972fe86fe17a0dcde85,7,0,0,1,linux,BFC
a0e047156cdebbccf253768b39d7e1dbf954c449,79,0,1,4,linux,BIC
a9e445029570ab691a44389d68b9c544338586b5,0,0,2,1,linux,BFC
a2715fbdc6fc387e85211df917a4778761ec693d,2,0,3,1,linux,BFC
bf78980fcc58bad2d61858ce342153a3dd097aa0,2,0,1,1,linux,BFC
de6e5d38417e6cdb005843db420a2974993d36ff,0,6,0,1,linux,BIC
5e0c22d4a9ddae4e784a3e171b9d3d452b37aeb2,1,0,0,1,linux,BFC
263dde869bd09b1a709fd92118c7fff832773689,0,8,12,1,linux,BIC
77fe7f136a7312954b1b8b7eeb4bc91fc3c14a3f,13,13,10,1,linux,BFC
de66514d934d70ce73c302ce0644b54970fc7196,23,0,10,3,linux,BFC
8d152e7a5c7537b18b4e9e0eb96f549b016636dc,53,20,1,10,linux,BIC
efca91e89b67a6f824aca6abcd8a2e5188aa061c,438,6,113,4,linux,BIC
2b43dd7653cca47d297756980846ebbfe8887fa1,5,0,0,2,linux,BIC
242cdad873a75652f97c35aad61270581e0f3a2e,4,1,0,2,linux,BFC
b73c67c2cbb0004e6da9720a167fe42e31f7a6e8,62,0,2,2,linux,BIC
b898ef6d15c04ac5ba453c1b3500b7420e73655a,0,0,2,1,linux,BFC
c770f31d8f580ed4b965c64f924ec1cc50e41734,0,0,2,1,linux,BFC
c80d0f4426c7fdc7efd6ae8d8b021dcfc89b4254,0,0,1,1,linux,BFC
2fd1d2c4ceb2248a727696962cf3370dc9f5a0a4,17,0,15,3,linux,BFC
8e36baf97b252cdcafa53589e8227cbb1e85f0b0,1,0,2,1,linux,BFC
d42fe63d58392f29e82e17c02f10e8cd3f45f17f,40,21,33,1,linux,BIC
f869a6ecf254194d96f82c71f528a2bcc048d44b,108,2,19,3,linux,BIC
b49f8e0e7bd17b968129790e40f9e2566f4f95ec,0,0,1,1,linux,BFC
06dd1888ee58d2529f55916e250f0e272b0b8407,4,0,14,1,linux,BFC
fc2be6968e99b5314f20e938a547d44dcb1c40eb,3,0,2,3,linux,BIC
ecb3f394c5dba897d215a5422f1b363e93e2ce4e,192,0,2,2,linux,BIC
17f934024e84e73cd55dd620a48c1b9e21fac87f,205,0,3,4,linux,BIC
0048fdd06614a4ea088f9fcad11511956b795698,10,1,3,2,linux,BIC
ce8fe7b77bd8ee405295e349c82d0ef8c9788200,24,0,9,1,linux,BIC
2695eae1f6d3a5b513735a1d7f4e187414381bee,2,165,3,4,linux,BIC
8890624a4e8c2c7046d63bfd15d7331af9f55f10,181,0,0,5,linux,BIC
b655f0e96d4061eac42dea2dccd37a3348d1f3f3,0,0,6,1,linux,BFC
bc04b37ea0ec1b8ec1306529f3f6dd0d6a5098f1,106,0,0,2,linux,BIC
1b3b22507e0d45dedc6a54b26d56e0b8c4d36875,0,0,1,1,linux,BFC
a512360f45c930e14a262056e5f742797bc5d3f2,126,120,0,2,linux,BFC
597cfe48212a3f110ab0f918bf59791f453e65b7,323,0,0,7,linux,BIC
9eb029893ad5bf9303ed7f145860b312cbe5f889,3,5,34,5,linux,BIC
def4cd43f522253645b72c97181399c241b54536,10,0,0,1,linux,BFC
ce95ab775f8d8e89a038c0e5611a7381a2ef8e43,0,1,1,1,linux,BFC
1fdf41941b8010691679638f8d0c8d08cfee7726,1,0,0,1,linux,BFC
6eb0233ec2d0df288fe8515d5b0b2b15562e05bb,0,18,0,2,linux,BIC
37b06e5078975bb4efe3cbd91e254112851b125f,0,1,4,1,linux,BFC
c50de4af1d635fab3a5c8bd358f55623c01f7ee5,97,65,37,3,linux,BIC
c4512c63b1193c73b3f09c598a6d0a7f88da1dd8,0,0,1,1,linux,BFC
e6afc8ace6dd5cef5e812f26c72579da8806f5ac,29,8,12,5,linux,BIC
5ca173974888368fecfb17ae6fe455df5fd2a9d2,12,0,0,1,linux,BFC
b94cbc909f1d80378a1f541968309e5c1178c98b,2,0,5,1,linux,BFC
ce574c27ae275bc51b6437883fc9cd1c46b498e5,27,2,3,1,linux,BIC
1f12fa34e5dc57433e63e7137d11afa0df4c5b8f,8,1,2,1,linux,BIC
0cbd4b34cda9dfd36b6c26b692dee181e0100b67,1364,0,6,6,linux,BIC
7c6d659868c77da9b518f32348160340dcdfa008,9,0,4,1,linux,BFC
c7e7c04274b13f98f758fb69b03f2ab61976ea80,22,7,13,1,linux,BIC
9afd30dbc82a9dbea4101aba57beb2a2a7e1b8d5,0,1,1,1,linux,BFC
5c83545f24ab3dd67e0ae0e2b795fea750f08c34,88,0,0,3,linux,BIC
a01ab81b09c55025365c1de1345b941a18e05529,92,13,4,3,linux,BIC
89287c169f8ff79d466b274da1d5c862e8b29152,6,4,19,5,linux,BIC
7235560ac77a2516b84b86946debaa4fb951ed9b,37,0,5,3,linux,BIC
43a1b0cb4cd6dbfd3cd9c10da663368394d299d8,0,0,1,1,linux,BFC
e439bedf6b24264f620cc05627e23a90054bde41,11,10,0,5,linux,BIC
994bf9cd78aa382c0c3c70b7cf9c00f7529176c2,0,0,1,1,linux,BFC
95219afbb980f10934de9f23a3e199be69c5ed09,11,0,1,1,linux,BIC
0eaecea6e4878abbf1d3e8de3e4eeabc856133d4,13,0,2,1,linux,BIC
09f736aa95476631227d2dc0e6b9aeee1ad7ed58,7,0,7,1,linux,BFC
1107ba885e46964316c083d441d5dd185b6c9e49,681,2,6,7,linux,BIC
235b6ac306951fd4e8c31861d79ca68a643cab8a,4,0,0,1,linux,BIC
46cecd130d553f7340d033a4019839e9c018200d,1,0,2,1,linux,BFC
9c80c5a8831471e0a3e139aad1b0d4c0fdc50b2f,1,0,0,1,linux,BFC
a3fb01ba5af066521f3f3421839e501bb2c71805,4,0,0,1,linux,BIC
88b0193d9418c00340e45e0a913a0813bc6c8c96,6,0,0,1,linux,BIC
863e9fde1a7061dad09bb299c65bed5f1ccb44ff,4,0,0,1,linux,BFC
a5898e97f01acfbcafe9e90196b1c811a46ebf44,0,0,3,1,linux,BFC
bc137dfdbec27c0ec5731a89002daded4a4aa1ea,1,0,1,1,linux,BFC
cf72fa63162c9adbc690d0145daa8b1dce9eaf6f,0,0,4,2,linux,BFC
bd55f8ddbc437c225391ca8f487e7ec10243c4cc,0,0,1,1,linux,BFC
9b151fec139d32ab3acce5da5761d868e205fadd,132,0,0,1,linux,BIC
95839225639ba7c3d8d7231b542728dcf222bf2d,4,0,7,3,linux,BFC
071304772fc747d5df13c51f1cf48a4b922a5e0d,2,0,0,1,linux,BFC
519d8bd4b5d3d82c413eac5bb42b106bb4b9ec15,7,0,2,1,linux,BFC
eb95f52fc72d15566fe06807c9e0cabbcd3480f1,0,0,3,1,linux,BIC
f71e0ca4db187af7c44987e9d21e9042c3046070,15,20,28,2,linux,BIC
bb292ac1c6028344013309a309b44dc691581825,12,0,0,2,linux,BIC
dcb23bbb1de7e009875fdfac2b8a9808a9319cc6,3,1,0,1,linux,BFC
cc3ae7b0af27118994c1e491382b253be3b762bf,3,2,10,10,linux,BIC
326e2357553d39769aacf737fd19650f2d81671a,172,0,7,1,linux,BIC
b1a27eac7fefff33ccf6acc919fc0725bf9815fb,0,0,1,1,linux,BFC
92b39ad440968bab38eb6577d63c12994601ed94,14,3,5,1,linux,BFC
bf2b83425b599d897e64a2509388f16da2ce6fd4,1,1,4,1,linux,BIC
d48051c5b8376038c2b287c3b1bd55b8d391d567,1,28,8,1,linux,BFC
6e0e99d58a6530cf65f10e4bb16630c5be6c254d,117,0,3,7,linux,BIC
66a0e2d579dbec5c676cfe446234ffebb267c564,149,17,69,6,linux,BIC
4d87716cd057bde3f90e304289c1fec88d45a1cc,2,0,2,1,linux,BFC
66570e966dd9cb4fd57811d0056c6472a14a2c41,90,0,5,5,linux,BIC
8765c5ba19490c9167fe0c4e05c2dfdcc39873a3,74,13,81,1,linux,BIC
ef2cb4f0ce479f77607b04c4b0414bf32f863ee8,0,4,0,1,linux,BFC
b754b35b089ddfea3ff7b9b1d2e99e61d726d177,109,99,15,2,linux,BIC
ce2612b6706b4d0a70732795253722e3bd4ed953,12,13,3,3,linux,BFC
0168b9e38c4213e162b15444c071d4198ff470e8,1,15,64,4,linux,BIC
de2c45314d9bb8839f226dcf989b2582591921f5,0,2,0,1,linux,BFC
a2c8f92bea5f8f1a87fc3caf063d67876dbf5d47,46,0,3,1,linux,BIC
f14312a93b34b9350dc33ff0b4215c24f4c82617,0,0,1,1,linux,BFC
10de795a5addd1962406796a6e13ba6cc0fc6bee,11,0,3,1,linux,BFC
00bfe05889e91b5112893b001e4a47b0a0f8bdd7,29,2,2,3,linux,BIC
79eee41085414c25c788cd98b78e8776551d837f,13,0,0,2,linux,BIC
49dfc304ba241b315068023962004542c5118103,1,10,7,1,linux,BIC
6ee1b77ba3ac0a79fc6f3273f3b27b13240a355e,171,0,0,1,linux,BIC
e019cb536d046ea1c7ba5d370845ea362610b348,0,0,1,1,linux,BFC
9136291f1dbc1d4d1cacd2840fb35f4f3ce16c46,21,0,26,2,linux,BFC
4f5bdde386d3b8e9317df5562950e1b4fa177599,1,5,4,2,linux,BFC
501586ea5974a9dafee41f54a66326addb01a5ac,2,1,1,1,linux,BFC
6ebc97006b196aafa9df0497fdfa866cf26f259b,2,0,1,1,linux,BFC
67a51780aebb683c3b217b2867e25102cdb0afbc,4,0,5,1,linux,BIC
16292bed9c56a20715d942fd5d9e025f01fa65fe,1,0,3,1,linux,BIC
3265f421887847db9ae2c01a00645e33608556d8,58,0,9,1,linux,BIC
3efb960f056d855d4b1f07095df1f313c05765f4,23,6,10,3,linux,BIC
c795f3052b60b01e80485fad98c53e5e67d093c9,3,0,0,1,linux,BFC
4974c839d45e2ac89ce0e82b49d548cc12e02a9c,0,0,1,1,linux,BFC
02b03846bb2befc558bfd0665749d6bb26f4c2f1,172,0,0,1,linux,BIC
1193081710b361ddb4b81d3e2f929b6d6e1f89e1,45,66,46,6,linux,BFC
19a7b6940b781256ea8821e803d1e5f2933224b1,250,0,6,1,linux,BIC
6e8cfd6d9d8049e2fd5b2de8a328519dc58ea1e6,0,0,1,1,linux,BFC
17743798d81238ab13050e8e2833699b54e15467,16,2,4,1,linux,BFC
f811980444ec59ad62f9e041adbb576a821132c7,1,0,4,1,linux,BFC
4f4925a7b23428d5719af5a2816586b2a0e6fd19,14,0,0,1,linux,BFC
82ecff655e7968151b0047f1b5de03b249e5c1c4,1,0,0,1,linux,BFC
da0f1f4167e3af69e1d8b32d6d65195ddd2bfb64,0,4,8,1,linux,BIC
33c8d8870c67faf3161898a56af98ac3c1c71450,0,11,0,1,linux,BFC
56d942de59ebfa2e970a6cd33299d1984710b6c0,0,0,1,1,linux,BFC
0cbc0eb14e99eeac8b34625aa1a5ab83671af6a7,1,0,0,1,linux,BFC
0eb9f683336d7eb99a3b75987620417c574ffb57,161,0,1,1,linux,BIC
0e33d15f1dce9e3a80a970ea7f0b27837168aeca,0,0,1,1,linux,BFC
cc2f8ab5334a736fa0e775cfccf06c1e268667f0,0,0,1,1,linux,BFC
6a27b656fc0210e976db362e1368c56db05c8f08,66,2,18,1,linux,BIC
824afd55e95c3cb12c55d297a0ae408be1779cc8,4,0,0,1,linux,BFC
b77e81fbe5f5fb4ad9a61ec80f6d1e30b6da093a,1,0,1,1,linux,BFC
d07de8bd1709a80a282963ad7b2535148678a9e4,0,0,1,1,linux,BFC
eda908967feecf7575a8ab74f1695b0445cf324e,0,2,12,1,linux,BFC
7b3d853ead8187288bf99df38ed71ee02773a65f,0,0,2,1,linux,BFC
64ae572bc7d0060429e40e1c8d803ce5eb31a0d6,2,0,1,1,linux,BFC
bc235cdb423a2daed6f337676006a66557429cd1,53,0,12,5,linux,BIC
0b8c82190c12e530eb6003720dac103bf63e146e,0,0,2,1,linux,BIC
1afcadfcd184c3b52e38bae15c247a5fa4a0e054,10,10,2,3,linux,BIC
74e579bf231a337ab3786d59e64bc94f45ca7b3f,0,0,9,1,linux,BFC
d3e01c51598b2639a4830549058500e5f2ace86f,7,12,3,1,linux,BFC
c1288b8338815d6d17577b6b6a1267e7be8bc409,1,0,0,1,linux,BIC
f9addd85fbfacf0d155e83dbee8696d6df5ed0c7,0,0,1,1,linux,BFC
446499743b26958a58891a8f9a061deb5cce7c82,1,0,0,1,linux,BFC
69c9961387f244077101de3ce4e272717617dc87,0,4,13,1,linux,BFC
b868db94a6a704755a33a362cfcf4625abdda115,333,0,0,1,linux,BIC
52012619e5a2ca0491426c3712fb9054692d4a3c,1,0,0,1,linux,BFC
891afcf2462d2cc4ef7caf94215358ca61fa32cb,2,0,1,1,linux,BFC
d2935de7e4fd3f873976f1872b505584b727574c,30,6,28,1,linux,BIC
1c245358ce0b13669f6d1625f7a4e05c41f28980,0,0,2,1,linux,BFC
10bc6a6042c900934a097988b5d50e3cf3f91781,9,0,0,1,linux,BIC
0e334db6bb4b1fd1e2d72c1f3d8f004313cd9f94,0,3,1,1,linux,BIC
6a4d8cc6bbbfea4469a063bff0ff0114507df524,19,0,0,1,linux,BIC
370f06c88528b3988fe24a372c10e1303bb94cf6,0,0,1,1,linux,BFC
6cd392a082deca8accec5c50b5b3fc1a9de5bfa2,58,0,3,3,linux,BIC
f77810f744139572a63e5a85ab6a8c10c2d44fb1,1,0,5,1,linux,BFC
68d41d8c94a31dfb8233ab90b9baf41a2ed2da68,1,0,2,1,linux,BIC
f30ebc312ca9def25650b4e1d01cdb425c310dca,0,4,6,2,linux,BIC
e0639dc5805a9d4faaa2c07ad98fa853b9529dd3,302,0,24,7,linux,BIC
84b1ca2f0e68e89186f552ab839dc8da7c3ddc87,23,11,97,9,linux,BIC
d0b68629bd2fb61e0171a62f2e8da3db322f5cf6,1,0,0,1,linux,BFC
18cde299df33ff73908f7e5dcebf321fb79ed36c,0,0,11,1,linux,BFC
6a1faa4a43f5fabf9cbeaa742d916e7b5e73120f,5,13,13,1,linux,BFC
6937602ed3f9ebd46ed6a6b5e609c0ae4ed99008,482,0,0,2,linux,BIC
cc30c16344fc3a25153175c7eb9037b2136cd466,25,0,0,2,linux,BIC
8564d6372a7d8a6d440441b8ed8020f97f744450,110,0,0,6,linux,BIC
237ed86c693d8a8e4db476976aeb30df4deac74b,16,0,8,3,linux,BIC
062a33b1ad7c8df9f8f03f7b01c18e31a794a01d,0,1,0,1,linux,BFC
474d1ec4a3d7775b071e60fdbe431cae37b84ff3,67,0,1,4,linux,BIC
ed77d88752aea56b33731aee42e7146379b90769,0,8,0,1,linux,BFC
6042a1652d643d1d34fa89bb314cb102960c0800,0,0,1,1,linux,BFC
e39c5add322184de3be052d438dfd24375bfeaea,1928,0,9,9,linux,BIC
c612fe7808033ca2c7000fa06a4abb12a5e3e253,0,1,1,1,linux,BFC
88557685cd72cf0db686a4ebff3fad4365cb6071,1,0,1,1,linux,BFC
6a3717544ce9ee8a2058fbc75c67060515435937,0,0,1,1,linux,BFC
5c7fb56e5e3f7035dd798a8e1adee639f87043e5,20,0,27,7,linux,BIC
b0d97557ebfc9d5ba5f2939339a9fdd267abafeb,1,0,1,1,linux,BFC
ce87fc6ce3f9f4488546187e3757cf666d9d4a2a,21,0,2,2,linux,BFC
bf07aa730a04a375bc10d09df1e81357af1d4477,47,9,3,4,linux,BIC
378e3f81cb5653b28100d3231db6da07b0581ff4,49,0,3,6,linux,BIC
d08f3010f4a32eec3c8aa771f03a1b342a1472fa,1,0,1,1,linux,BFC
f87d0fbb579818fed3eeb0923cc253163ab93039,1203,0,0,2,linux,BIC
732256b9335f8456623bb772d86c2a24e3cafca2,1,0,0,1,linux,BFC
a9e10e58730432e5de840eb3ddd55c75f29341b3,49,6,41,10,linux,BIC
a44092e326d403c7878018ba532369f84d31dbfa,57,4,3,3,linux,BIC
e89d469e3be3ed3d7124a803211a463ff83d0964,0,5,1,1,linux,BFC
2c2086afc2b8b974fac32cb028e73dc27bfae442,19,0,9,1,linux,BIC
2f9130709d2c19e2eef336bda0fb0c807cbc1f64,47,0,3,2,linux,BIC
54c6e2dd00c313d0add58e5befe62fe6f286d03b,2,0,1,1,linux,BFC
9d3918f7c0e516bb8782915cdb2f8cbdbf6c4f9b,130,0,0,2,linux,BIC
1c6829cfd3d5124b125e6df41158665aea413b35,0,0,1,1,linux,BFC
5f9fc3325ef95398c363b9b7813a7e99d4d85d7d,38,36,0,1,linux,BFC
4898e640caf03fdbaf2122d5a33949bf3e4a5b34,499,0,0,2,linux,BIC
039f49c4cafb785504c678f28664d088e0108d35,1,0,0,1,linux,BFC
f2ddaf8dfd4a5071ad09074d2f95ab85d35c8a1e,13,0,1,1,linux,BIC
c58ad0f2b052b5675d6394e03713ee41e721b44c,0,0,3,1,linux,BFC
29927dfb7f69bcf2ae7fd1cda10997e646a5189c,0,11,0,1,linux,BFC
edafccee56ff31678a091ddb7219aba9b28bc3cb,364,0,15,5,linux,BIC
de24aceb07d426b6f1c59f33889d6a964770547b,3,0,0,1,linux,BFC
71ddeac8cd1d217744a0e060ff520e147c9328d1,1,3,0,1,linux,BFC
be8719a610003297c28b140f1ebd4445aef1d613,1,0,1,1,linux,BFC
6248ce991f8eed4f2f0fdec694f5749156105629,4,1,12,4,linux,BFC
302d5a80d232134246032bc4263fd7facdddb8f1,2,0,4,1,linux,BFC
e1717d2ea09fb83f3211bcc9ceeaf42fce58fae5,7,1,11,1,linux,BFC
0e01491de646000567bc202cc70026dc4b7f7d7a,482,0,0,5,linux,BIC
a5281feafd7b1e352c1472143dcbc05ba30cfb1c,1,5,10,1,linux,BFC
80b892fc8a90e91498babf0f6817139e5ec64b5c,4,0,3,1,linux,BFC
c79aa080fb0f60a0e24c87014dc9c2f373e1379b,90,0,9,2,linux,BIC
12fcfd22fe5bf4fe74710232098bc101af497995,303,29,69,7,linux,BIC
f4ca8c88c2c7ea3ea17c6fdfcc1af4b007403833,0,2,2,1,linux,BIC
5a00b6c2438460b870a451f14593fc40d3c7edf6,0,0,1,1,linux,BFC
ebc08a6f47ee76ecad8e9f26c26e6ec9b46ca659,67,0,0,1,linux,BIC
7a3007d22e8dc7d0c14f711c5d370dc41226ac55,76,3,3,4,linux,BIC
dc15e71eefc766373833602c353cf6b4f49da036,22,0,2,1,linux,BIC
487ee861de176090b055eba5b252b56a3b9973d6,0,0,2,1,linux,BFC
c8dc55956b09b53ccffceb6e3146981210e27821,0,0,1,1,linux,BFC
3039bcc744980afe87c612122e47a27306483bc2,176,108,138,6,linux,BIC
6320e693d98c7430653866b7ca6679338134cb79,71,0,0,5,linux,BIC
2813893f8b197a14f1e1ddb04d99bce46817c84a,97,22,1,8,linux,BIC
310eb252a78307fc2ac4c4c755290a578c0304d0,3,0,0,1,linux,BFC
4a98795bc8ea148b1ebbbf001283e06430cffe36,0,1,0,1,linux,BFC
16bbdfe5fb0e78e0acb13e45fc127e9a296913f2,3,0,0,1,linux,BFC
773aaadcd474d0a4f85915787118891d47b60983,0,2,1,1,linux,BFC
f19501aa07f18268ab14f458b51c1c6b7f72a134,30,0,7,1,linux,BFC
951c6db954a1adefab492f6da805decacabbd1a7,4,0,2,1,linux,BIC
08b6e22b850c28b6032da1e4d767a33116e23dfb,1,0,2,1,linux,BFC
99de64984c3a7c9bf56a50e6dcc51006c9485620,0,0,2,1,linux,BFC
a6853b9ce81a8f32f3c13c30ae951bb6830a896a,0,2,2,1,linux,BFC
cad3193fe9d1f0af4d05ed86693f99984409b188,178,0,1,4,linux,BIC
5f94c1741bdc7a336553122036e8a779e616ccbf,269,0,0,5,linux,BIC
ce07d891a0891d3c0d0c2d73d577490486b809e1,25,0,3,2,linux,BIC
d852ed98f62e0d44f594adb850b3d6cedb5c9292,0,9,4,2,linux,BFC
eda814b97dfb8d9f4808eb2f65af9bd3705c4cae,0,0,1,1,linux,BFC
7845989cb4b3da1db903918c844fccb9817d34a0,28,0,1,1,linux,BIC
a95069ecb7092d03b2ea1c39ee04514fe9627540,1,0,1,1,linux,BFC
b1b9d366028ff580e6dd80b48a69c473361456f1,1,1,0,2,linux,BFC
f996bd10a049e897255ef3029f9ad94055009996,0,0,2,1,linux,BFC
546d30099ed204792083f043cd7e016de86016a3,0,0,1,1,linux,BFC
c5adbb3af051079f35abfa26551107e2c653087f,4,0,2,1,linux,BFC
3b6761d18bc11f2af2a6fc494e9026d39593f22c,23,1,7,3,linux,BIC
faa2541f5b1afa8b6d777a73bc2f27d5c8c98695,64,0,0,2,linux,BIC
754a58db6a556e6e5f5e32f3e84e7d67b5bf9c8e,5,0,0,1,linux,BFC
5d0ab06b63fc9c727a7bb72c81321c0114be540b,0,0,1,1,linux,BFC
e991d0ed0b7a4c135236ec41ba7df7ea99ea9247,0,28,0,5,linux,BFC
2b7aa91ba0e86b8643f5d3c83874c80599c731d7,0,2,2,1,linux,BFC
b270491eb9a033a1ab6c66e778c9dd3e3a4f7639,14,16,13,5,linux,BIC
b97e92574c0bf335db1cd2ec491d8ff5cd5d0b49,55,1,9,3,linux,BIC
c336c022503d1be719ca06f2526c211709e3d2d3,2,0,2,1,linux,BFC
7ca5ce896524f5292e610b27d168269e5ab74951,1479,0,0,3,linux,BIC
12aa8a9467b354ef893ce0fc5719a4de4949a9fb,5,0,0,1,linux,BFC
af9b028e270fda6fb812d70d17d902297df1ceb5,183,62,15,8,linux,BIC
74aab849f3423f3f783a8e5e9767572c2b59b353,26,6,16,1,linux,BIC
b76fee1bc56c31a9d2a49592810eba30cc06d61a,3,0,0,1,linux,BFC
5bbaf9d1fcb9be696ee9a61636ab6803556c70f2,28,0,1,1,linux,BIC
b10e3e90485e32e4cea9e35d2295ee7bffaeff73,2,0,2,1,linux,BFC
e918188611f073063415f40fae568fa4d86d9044,46,0,1,3,linux,BIC
8270d9c21041470f58348248b9d9dcf3bf79592e,49,0,1,2,linux,BIC
1dac3b1bc66dc68dbb0c9f43adac71a7d0a0331a,33,2,1,3,linux,BFC
4e103134b862314dc2f2f18f2fb0ab972adc3f5f,31,0,1,1,linux,BIC
b06d43f7a3db3ea4d62b3e0a299855c2a29ea18d,290,0,0,1,linux,BIC
275e88b06a277ccf89d9c471a777e9b4f8c552b0,21,18,8,1,linux,BIC
a04cd1600b831a16625b45226b90a292c8f6e8d9,0,0,2,2,linux,BFC
37a78445763a5921bb54e9bad01937d0dfa521c1,0,0,1,1,linux,BFC
495c24808ce71429d6c746390e5798896fc4ad88,9,5,2,2,linux,BIC
c1302e8ce517ed9c417aa4eb19776df4efbbebf4,0,0,2,1,linux,BFC
829600ce5e4e985a8a49c445c5e5c72ca613ce41,44,16,16,3,linux,BIC
b6cb20fdc2735f8b2e082937066c33fe376c2ee2,12,5,4,3,linux,BFC
713946d16f45ad0509434970ae6ff71529faab4b,17,0,1,1,linux,BFC
81a0bc39ea1960bbf8ece6a895d7cfd2d9efa28a,110,0,1,3,linux,BIC
d50ccc2d3909fc1b4d40e4af16b026f05dc68707,111,19,37,12,linux,BIC
334e6413134bf8335ec93a9e60213cbc61ef7a62,1,0,1,1,linux,BFC
5219aa33caec2f7b68eda2b7e4ab8e276f323254,3,0,4,1,linux,BFC
23f0703c125be490f70501b6b24ed5645775c56a,3378,0,0,2,linux,BIC
c1572b75606623551dfbf9301cb769e60eaeda3b,0,4,1,1,linux,BFC
24ac1ecd524065cdcf8c27dc85ae37eccce8f2f6,73,0,6,4,linux,BIC
c113187d38ff85dc302a1bb55864b203ebb2ba10,34,12,3,1,linux,BFC
27333dadef57ad36199945fa47f4206d60a4866c,5,0,5,1,linux,BIC
a2ea07465c8d7984cc6b8b1f0b3324f9b138094a,8,10,6,3,linux,BIC
cf23705244c947151179f929774fabf71e239eee,0,6,5,1,linux,BFC
4ca1085c9573ea08767521dabce62456e3fc2fd0,0,1,0,1,linux,BFC
2b9ac22b12a266eb4fec246a07b504dd4983b16b,1,0,0,1,linux,BFC
50e7e7f6f2d040dd16a636f408eab9184abc63f8,14,0,1,1,linux,BFC
16e19e11228ba660d9e322035635e7dcf160d5c2,4,2,40,1,linux,BFC
26f4712aedbdf4b9f5e3888a50a2a4b130ee4a9b,449,355,0,4,linux,BIC
9cb78c16f5dadefd8dc5ba0ae5a2f26cd59419b3,29,20,409,86,linux,BIC
dd220a00e8bd5ad7f98ecdc3eed699a7cfabdc27,367,0,9,5,linux,BIC
7d3d6e0645dd3689e625161b9e312108e66b2b51,0,12,0,3,linux,BFC
225353c070fda18a23785e34e1eec2be508a3a3c,4,0,1,1,linux,BFC
65f20301607d07ee279b0804d11a05a62a6c1a1c,2,0,1,1,linux,BFC
1723fdec5fcbc4de3d26bbb23a9e1704ee258955,2,0,0,1,linux,BFC
2d85a1b31dde84038ea07ad825c3d8d3e71f4344,0,0,1,1,linux,BIC
e2bcd8b0ce6ee3410665765db0d44dd8b7e3b348,0,22,17,1,linux,BIC
0faf890fc519a10573472ae6b5c244156cf0bff3,0,2,0,1,linux,BIC
54199009958fab50af7ea308b435438f307214eb,2,1,0,3,linux,BFC
a0ca97b808c06793fd9dfb69243ce945c9fff501,5,5,0,1,linux,BFC
74afa30630976861a1308c5ec93391f8b037a2ae,2,0,5,1,linux,BFC
89e357d83c06b6fac581c3ca7f0ee3ae7e67109e,30,0,8,1,linux,BFC
aec55325ddec975216119da000092cb8664a3399,7,0,0,1,linux,BFC
2a8780be9c26457b84d786f7ac9ed110625dde92,126,129,0,3,linux,BIC
744ad9a357280d03d567538cee7e1e457dedd481,0,0,2,1,linux,BFC
dc04db2aa7c9307e740d6d0e173085301c173b1a,71,1,34,1,linux,BIC
cdc7893fc93f1969038ed333b33eac1452c8d255,35,19,95,9,linux,BIC
73e30a62b19b9fbb4e6a3465c59da186630d5f2e,4,0,1,1,linux,BFC
09bb839434bd845c01da3d159b0c126fe7fa90da,62,98,35,1,linux,BFC
abaef5374e53be81ca46ef76d9c03e103b49da51,0,3,2,1,linux,BFC
98b0f80c2396224bbbed81792b526e6c72ba9efa,1,0,0,1,linux,BIC
23ceb8462dc6f4b4decdb5536a7e5fc477cdf0b6,0,0,2,1,linux,BFC
9f87eb4246994e32a4e4ea88476b20ab3b412840,0,0,2,1,linux,BFC
24e1eb5c0d78cfb9750b690bbe997d4d59170258,3,0,1,1,linux,BFC
d1bf0e2cc4a6e66c2bff48176b8b2930098468ef,34,0,1,2,linux,BIC
1544c42ed9904835cce14ec917e7678c92191614,2,0,1,1,linux,BFC
964bac9455bee7c1a0812dfbc212182c1a86c274,132,110,4,3,linux,BIC
c76ae845ea836d6128982dcbd41ac35c81e2de63,89,0,3,1,linux,BIC
299b0685e31c9f3dcc2d58ee3beca761a40b44b3,4,1,0,1,linux,BFC
ed911c9f9dcb26849fa688225f002ef2f2c50cf4,0,0,2,1,linux,BFC
156473a0ff4f9c209114b4c3ad968099eb541e33,51,0,0,1,linux,BIC
590df78bc7d1d0425196a8e11ce6676d7023fb26,8,3,1,1,linux,BFC
ba6ddab94fc63813ad582c55dd95ed596420d101,85,0,7,3,linux,BIC
9a9a54ad7aa2c7420c96c6fd33538f55d81775cb,575,0,0,2,linux,BIC
03f16c5075b22c8902d2af739969e878b0879c94,0,0,2,1,linux,BFC
6f7a251a259e5bf58a9ff334bdcfa3e42b6cb7a3,157,0,20,8,linux,BIC
cc833acbee9db5ca8c6162b015b4c93863c6f821,50,14,180,1,linux,BIC
726b85487067d7f5b23495bc33c484b8517c4074,2678,551,436,13,linux,BIC
6cc89bad60a673a24386f1ada83de8a068a78909,23,18,4,3,linux,BIC
24319258660a84dd77f4be026a55b10a12524919,5,0,4,1,linux,BFC
5ecd5a0c7d1cca79f1431093d12e4cd9893b0331,186,175,76,1,linux,BIC
b5565a2efc12e2cc04081a6de79ff537a530d64d,4,0,12,2,linux,BIC
3ff3874fa0b261ef74f2bfb008a82ab1601c11eb,26,4,8,4,linux,BFC
fd0b19ed5389187829b854900511c9195875bb42,0,1,1,1,linux,BFC
ba8c423488974f02b538e9dc1730f0334f9b85aa,0,2,1,1,linux,BFC
165e3e17fe8fe6a8aab319bc6e631a2e23b9a857,4,0,0,1,linux,BFC
45acebf8d6a6fc85d7b3c62aea1936686c0c9531,19,1,17,3,linux,BIC
135b4957eac43af2aedf8e2a277b9540f33c2558,0,0,1,1,linux,BFC
1a1aa356ddf3f16539f5962c01c5f702686dfc15,21,0,11,1,linux,BFC
cb7a8384dc0202d5490302b7e948ede498aad720,41,30,6,1,linux,BIC
25a443f74bcff2c4d506a39eae62fc15ad7c618a,14,0,19,1,linux,BFC
e7065e20d9a6a8ee4a8b31ebe71d6c00a0f45354,0,1,28,2,linux,BIC
acf3766b36d8e59ecbc307894c6d05703ee48014,0,0,1,1,linux,BFC
5a6a0445d1edb28fc89fd12b49cda2d5114e2665,38,0,8,1,linux,BFC
0341d5e3d1ee2a36dd5a49b5bef2ce4ad1cfa6b4,1,0,0,1,linux,BFC
935dc35c75318fa213d26808ad8bb130fb0b486e,0,0,1,1,linux,BFC
16bdce2ada5a4c3c91b7c4e81780d2de50bd6ab5,0,0,2,1,linux,BFC
f8f1becfa4ac3231da55de68698cf7facf089646,0,0,4,2,linux,BIC
c26b5aa8ef0d46035060fded475e6ab957b9f69f,5,11,12,1,linux,BFC
831568214883e0a9940f776771343420306d2341,6,0,2,1,linux,BFC
c8f325a59cfc718d13a50fbc746ed9b415c25e92,1,9,2,1,linux,BFC
ce0f17fc93f63ee91428af10b7b2ddef38cd19e5,0,0,1,1,linux,BFC
837d9e49402eaf030db55a49f96fc51d73b4b441,0,0,4,1,linux,BFC
da6d57948fa23f6d3aa7405b9f1c1de96f7e450e,1,0,3,1,linux,BFC
56c14fb4086b2de6921dd70251b19b364b909ea1,5,1,4,1,linux,BFC
b166a20b07382b8bc1dcee2a448715c9c2c81b5b,2,5,3,1,linux,BFC
11dd34f3eae5a468013bb161a1dcf1fecd2ca321,0,0,1,1,linux,BFC
43b5240ca6b33108998810593248186b1e3ae34a,11,9,0,1,linux,BFC
1025c8c0c6accfcbdc8f52ca1940160f65cd87d6,313,5,1,9,linux,BIC
cf5eebae2cd28d37581507668605f4d23cd7218d,3,0,1,1,linux,BFC
4ea0c32f5f42f7ef33a7ecfb9b61ff0cad9b3c08,2,3,3,3,linux,BIC
3e7077067e80cdded012b7db19b7aae33ceb01e9,20,0,1,1,linux,BIC
2ab110cbb0c0cb05c64f37f42b78f5bc11699b0e,6,0,2,1,linux,BIC
a7965d58ddab0253ddfae58bd5c7d2de46ef0f76,16,0,12,1,linux,BIC
c8a6153b6c59d95c0e091f053f6f180952ade91e,1952,0,0,2,linux,BIC
d824bf3fe2d352fc2c52b7ede05b1a0e95d946be,1,0,2,1,linux,BFC
104daea149c45cc84842ce77a9bd6436d19f3dd8,257,106,4,8,linux,BIC
bab1be79a5169ac748d8292b20c86d874022d7ba,10,6,5,2,linux,BFC
a43ae8057cc154fd26a3a23c0e8643bef104d995,3,0,7,1,linux,BFC
f9f0e9ed350e15d51ad07364b4cf910de50c472a,28,8,0,1,linux,BFC
697e5a47aa12cdab6f2a8b284cc923cdf704eafc,132,0,0,4,linux,BIC
eeed018cbfa30c0bde89075b06b62fc198afb51c,972,1,12,8,linux,BIC
c61b93fe51b1330cfc4d73084b924931bd65c8f0,19,0,4,3,linux,BIC
2f63715138233db9f1c2afff33f7d8192a29ff91,2,0,0,1,linux,BFC
37070d6c940e582a39fd9287e06bb40b9f336184,7,0,0,7,linux,BFC
326349f82461918830ed59913a3ccd8ffa9ac46f,38,4,4,1,linux,BIC
6339a3889ad4d0dd930ed7a1e873fb81d3e690f7,0,0,1,1,linux,BFC
571c5af06e303b4a69016193fd6b5afbc96eac40,1,0,1,1,linux,BIC
242ec1455151267fe35a0834aa9038e4c4670884,20,0,0,3,linux,BFC
81b76485afb54e3efeb1de5edbef761f4ad2830e,2,0,2,1,linux,BFC
5ff0348b7f755aac2770bbfc244f5371e4e55224,0,0,1,1,linux,BIC
33511b157bbcebaef853cc1811992b664a2e5862,11,0,0,1,linux,BIC
14bdb047a54d7a44af8633848ad097bbaf1b2cb6,0,0,2,1,linux,BFC
a98959fdbda1849a01b2150bb635ed559ec06700,0,0,2,1,linux,BFC
6979e56cec9782db0d7b5700058c0d60dc31b7cc,90,0,0,1,linux,BIC
a3fd4bfe85fbb67cf4ec1232d0af625ece3c508b,0,0,2,2,linux,BFC
80b3671e9377916bf2b02e56113fa7377ce5705a,4,0,0,1,linux,BFC
9c4604a298e0a9807eaf2cd912d1ebf24d98fbeb,33,0,6,2,linux,BFC
5c8bb71dbdf816f9da7447557070d344edca8942,1,0,3,1,linux,BFC
ca92e173ab34a4f7fc4128bd372bd96f1af6f507,0,0,1,1,linux,BFC
38fd98afeeb79d3b148db49f81f2ec6a37a4ee00,35,2,18,2,linux,BFC
3c413f594c4f9df40061445667ca11a12bc8ee34,0,0,1,1,linux,BFC
3ce827bf9cfecaf2cbfd9a9d44f0db9f40882780,2,0,0,1,linux,BFC
72a64c2fe9d8a08c9c57fc22adc1b44d13f97cac,13,0,17,1,linux,BIC
40ba9a938fb40e69d14c8e102d2c675ccc6868cc,74,0,0,3,linux,BFC
edf188bee1d908ea8181d2067ddaeefab9264688,3,12,14,5,linux,BIC
9df16efadd2a8a82731dc76ff656c771e261827f,2,2,2,2,linux,BIC
265e43530cb2eb14d5b78e89d310c79959e0eb26,5,0,3,2,linux,BFC
8ff3571f7e1bf3f293cc5e3dc14f2943f4fa7fcf,0,0,1,1,linux,BFC
2bc13b83e6298486371761de503faeffd15b7534,22,0,4,2,linux,BIC
ea8af0d2f2b5b16da4553205ddaf225e0a057e03,12,0,0,1,linux,BFC
e096bbc6488d3e49d476bf986d33752709361277,0,17,8,1,linux,BIC
67f68f977a12657028e866c013d43dd87320d210,4,35,29,3,linux,BFC
26a11deea685b41a43edb513194718aa1f461c9a,11,0,11,3,linux,BFC
7db20ecd1d9700e2c240dee505162eb56ab55b5b,16,0,16,10,linux,BIC
89e2b4373ae5215f5c5d1b7726549950daa77018,17,0,4,1,linux,BFC
f20ef34d71abc1fc56b322aaa251f90f94320140,0,0,1,1,linux,BFC
6cfe7ec02e854278fb341e62db54d49a2b199c62,24,8,5,4,linux,BIC
45c9a30835d84009dfe711f5c8836720767c286e,0,0,2,1,linux,BFC
6ae373394c4257bad562817aa60464ff7fe8f9c4,78,19,7,3,linux,BIC
82869ac57b5d3b550446932c918dbf2caf020c9e,473,0,0,3,linux,BIC
91bfaa15a379e9af24f71fb4ee08d8019b6e8ec7,0,0,1,1,linux,BFC
678e315e78a780dbef384b92339c8414309dbc11,26,2,9,1,linux,BIC
f69e8091c4a2ae291e1f55225e8116fef05dc156,0,1,3,1,linux,BFC
ed9724ddde863ab650f7aaf61d577920dd2b3e15,8,2,4,1,linux,BFC
599d0c954f91d0689c9bb421b5bc04ea02437a41,133,47,253,29,linux,BIC
1f7319c7427503abe2d365683588827b80f5714e,115,84,69,1,linux,BIC
4e8c36c3b0d73d46aa27cfd4308aaa445a1067df,1,0,2,1,linux,BIC
2e1534f395e73152e2051332034bff61a56a8368,0,2,4,1,linux,BFC
2323736dca72ff368ff47ea23d1a710020db0618,179,2,47,3,linux,BIC
ec62b1ab0f4ccbc48aa8b9852cc25b38a1f12d1e,3,0,0,1,linux,BFC
46e85af0cc53f35584e00bb5db7db6893d0e16e5,4,0,1,1,linux,BFC
e15db62bc5648ab459a570862f654e787c498faf,0,2,6,1,linux,BFC
3e5b72ac2f298423902169db7893fef43365e0a6,168,0,8,6,linux,BIC
79b1011cb33d166f531a1347a17e6602954e4eb1,161,0,0,2,linux,BIC
1cc04d195dc245457a45df60e6558b460b8e4c71,0,0,6,2,linux,BIC
29cbcd85828372333aa87542c51f2b2b0fd4380c,23,55,79,21,linux,BIC
ecf1e2253ea79c6204f4d6a5e756e8fb4aed5a7e,0,0,3,1,linux,BFC
03224678c0134bd5811b81919a4d39a8fbe03244,17,0,2,3,linux,BIC
dfea275e06c26690b1ef27399fd84ce50372b85c,5,10,40,7,linux,BIC
e9901043b25000ed21c7073373a7d9fd64f3d1e3,3,0,0,1,linux,BFC
d7857e4ee1ba69732b16c73b2f2dde83ecd78ee4,0,2,5,1,linux,BIC
c2fe61d8be491ff8188edaf22e838f819999146b,2,0,11,1,linux,BFC
7edf3b5e6a4544b42d3572a7058f8ffe96349ee8,52,0,8,2,linux,BIC
f0ba3d05c9c647ab42ed6a0dbdfdeae42bfbd6de,26,20,0,1,linux,BFC
f18ddc13af981ce3c7b7f26925f099e7c6929aba,0,0,2,1,linux,BFC
45209046c47b93fadf26dc59a9da724f387b9cf2,5,5,3,2,linux,BIC
4b1c70aa8ed8249608bb991380cb8ff423edf49e,1,0,0,1,linux,BFC
3d45670fab3c25a7452721e4588cc95c51cda134,1,0,0,1,linux,BFC
bc3bdb12bbb3492067c8719011576370e959a2e6,3,0,2,1,linux,BIC
6d03a68f8054430cba28e49d9e46c1cd4db39a70,61,71,1,1,linux,BIC
4f680cb9f1bb6c2b5cd3574533702334709e50ad,1,0,7,1,linux,BFC
b9826a4929bbd4dcb245429fd7434145c4fcdc9b,5,0,3,1,linux,BFC
e04b2cfe61072c7966e1a5fb73dd1feb30c206ed,2,1,0,1,linux,BFC
ed8fb4b262aed95974ccd624402a482c4d59c888,75,0,4,6,linux,BIC
2ea3ffb7782a84da33a8382f13ebd016da50079b,837,0,3,8,linux,BIC
56ce097c1caede1f9c191a7c9699b950e7c36ad9,6,0,5,1,linux,BFC
6c6ea53725b357fa3deac96d8d2d4ee785b67c6b,125,18,48,3,linux,BIC
fad09c73c27020001cd472343efdacf60a93f8ea,18,7,712,2,linux,BIC
4288ea006c73e37c2a4f60dfaef20dd167b8df31,0,0,1,1,linux,BFC
1f2db3034c9f16ed918e34809167546f21d0fcb4,65,0,0,2,linux,BIC
aed5041ef9a3f594ed9dc0bb5ee7e1bbccfd3366,3,0,0,1,linux,BFC
2bc54aaa65d2126ae629919175708a28ce7ef06e,3,3,0,1,linux,BFC
2e91fa7f6d451e3ea9fec999065d2fd199691f9d,23,39,17,7,linux,BIC
b850b7a8b369322adf699ef48ceff4d902525c8c,0,0,1,1,linux,BFC
97e719a82b43c6c2bb5eebdb3c5d479a332ac2ac,4,1,4,3,linux,BFC
a4690afeb0d2d7ba4d60dfa98a89f3bb1ce60ecd,1,0,0,1,linux,BFC
2e6e9058d13a22a6fdd36a8c444ac71d9656003a,1,0,1,1,linux,BFC
55cef88bbf12f3bfbe5c2379a8868a034707e755,2,0,4,1,linux,BFC
6f01cc692a16405235d5c34056455b182682123c,40,43,2,1,linux,BIC
b753a9faaf9aef1338c28ebd9ace6d749428788b,347,0,0,1,linux,BIC
66e89522aff70fb2701ba8f6845fdcd365dd2ade,1085,0,0,1,linux,BIC
f1925d78d7b710a1179828d53e918295f5f5d222,4,0,3,1,linux,BFC
02ed051fe1fd2fc8dbafec23ddd4814936121650,0,0,1,1,linux,BFC
6b1f72e5b82a5c2a4da4d1ebb8cc01913ddbea21,6,0,0,1,linux,BFC
404bfb78daf3bedafb0bfab24947059575cbea3d,140,2,37,7,linux,BIC
7d3142e5d64a2bdcd382dac979407f6afc83d685,20,0,3,3,linux,BFC
eaf4bfad6ad8cb9b9b2dcffa648ab13b1a9e46ef,65,7,62,2,linux,BIC
04fa3e680b4dd2fdd11d0152fb9b6067e7aac140,0,0,1,1,linux,BFC
0534d40160cb9505073b0ecf5e7210daee319a66,0,0,4,1,linux,BFC
542fbda0f08f1cbbc250f9e59f7537649651d0c8,1,0,1,1,linux,BFC
bac63f1239aceb092e94fee3ef112dbaea79b372,11,0,0,1,linux,BFC
c3a65808f04a8426481b63a4fbd9392f009f6330,0,142,152,1,linux,BIC
f00af5cc58ec5aae83ce4860e4912d61fb143d5e,4,0,0,1,linux,BFC
26d81b29249273d39e753cc0c7b0ca62c6a6283f,0,0,1,1,linux,BFC
b255188f90e2bade1bd11a986dd1ca4861869f4d,0,3,4,1,linux,BIC
d7a947d289dc205fc717c004dcebe33b15305afd,0,1,1,1,linux,BFC
886a862d3677ac0d3b57d19ffcf5b2d48b9c5267,7,0,1,2,linux,BFC
8955b26d227263a0938daae77f981da927e19513,0,1,0,1,linux,BFC
1444232152ea33f5ae41fc14bade3e74d642b634,4,0,2,1,linux,BFC
6a072128d262d2b98d31626906a96700d1fc11eb,3,0,1,1,linux,BFC
81fe48e9aa00bdd509bd3c37a76d1132da6b9f09,0,0,1,1,linux,BFC
1d53864c3617f5235f891ca0fbe9347c4cd35d46,1,0,1,1,linux,BFC
75748837b7e56919679e02163f45d5818c644d03,50,0,0,1,linux,BIC
7d5cb45655f2e9e37ef75d18f50c0072ef14a38b,113,143,67,2,linux,BIC
ffe51f0142a291a957eebb9687cafb15f2b3fc14,7,0,6,1,linux,BFC
c47e388cfc648421bd821f5d9fda9e76eefe29cd,0,2,10,1,linux,BFC
fd90e3808fd2c207560270c39b86b71af2231aa1,0,0,2,1,linux,BFC
0053102a869f1b909904b1b85ac282e2744deaab,1,0,0,1,linux,BFC
14639a22de657eabbb776f503a816594393cc935,0,0,3,1,linux,BFC
29ae0952e85f3ef2ac87eb39f9cc867e2458a0ad,1404,0,0,1,linux,BIC
4d4ba014ac4b3772ed39c15cd2ceacbb071c26f6,80,0,0,2,linux,BIC
1d693155607329adff57f5307d35a3a8320d4e7f,760,0,0,1,linux,BIC
2a87bd73e50d1c71392c036b0b31c9b2418981d0,414,6,50,11,linux,BIC
794c3dffacc166f7a8f7a555ff7e75fcdb644a51,105,32,60,3,linux,BIC
e0d02285f16e8d5810f3d5d5e8a5886ca0015d3b,11,32,5,3,linux,BIC
4423eb5ae32ec613af3fceee2fe84234e417ee55,17,0,1,1,linux,BIC
f3699e2c77455a6cccc977b391c553f2c816f639,120,30,18,3,linux,BIC
472b444eef934eb7e90334efdd7fc7954cfe5132,17,9,0,1,linux,BFC
fc9e38c0f4d38bfc68b405cf48365d65f7b6319e,30,79,3,2,linux,BIC
b69f63ebf553504739cc8534cbed31bd530c6f0b,0,0,1,1,linux,BFC
1866aa0d0d6492bc2f8d22d0df49abaccf50cddd,32,0,0,4,linux,BFC
04094226d6ce8c0cb590891e13872109aa6722f1,0,12,3,1,linux,BFC
1637c315282e97efcb95cc7dfafbb15efa9fa27f,0,0,2,1,linux,BFC
74bb746407bf0d7c7d126c7731dbcd66d467619b,0,0,4,1,linux,BFC
5b8f15f78e6fdd572f9265ef24618c10267de318,58,0,0,1,linux,BIC
d135e5750205a21a212a19dbb05aeb339e2cbea7,10,0,10,2,linux,BFC
eda6bc27ccc852d34393739009486932f3ba70ae,0,0,1,1,linux,BFC
7de32556dfc62b9e1203730cc26b71292da8a244,3,53,43,1,linux,BFC
76d001603c509562181f3787a7065b8e163bc7b9,1,0,4,1,linux,BFC
7764d56baa844d7f6206394f21a0e8c1f303c476,1,0,0,1,linux,BFC
da1de8dfff09d33d4a5345762c21b487028e25f5,0,0,1,1,linux,BFC
da4410d4078ba4ead9d6f1027d6db77c5a74ecee,9,0,6,1,linux,BFC
b014e9fae7e7de4329a7092ade4256982c5ce974,337,0,0,1,linux,BIC
8fbdccd2b17335e1881a23865e98c63fcc345938,127,0,14,1,linux,BIC
2dc240a3308b269ac344036e2f41fc48532c2f04,32,0,1,1,linux,BIC
d1220efd23484c72c82d5471f05daeb35b5d1916,5,0,3,1,linux,BFC
c4d029f2d43b39de7b9299e8b58102a442ba86f8,2,0,8,1,linux,BFC
6fb08f1a5f7e5cdde1ce00104788e602f4299b99,0,0,1,1,linux,BFC
1c401078bcf34e91e183b61b2d926972fc03b548,55,65,8,3,linux,BIC
e8cde625bfe8a714a856e1366bcbb259d7346095,7,0,2,1,linux,BFC
80110bbfbba6f0078d5a1cbc8df004506db8ffe5,42,0,0,3,linux,BIC
1002573ee33efef0988a9a546c075a9fa37d2498,1,0,2,1,linux,BFC
8d559a64f00b59af9cc02b803ff52f6e6880a651,1,0,1,1,linux,BIC
0171b6b78131110a6870d4b7296bc9dfc392116a,17,0,0,1,linux,BFC
ad211f3e94b314a910d4af03178a0b52a7d1ee0a,8,3,1,1,linux,BIC
f7dc0157e4b5f23780559c6b71d3f7282f6c7f1b,37,13,4,5,linux,BIC
385386cff4c6f047907655e05791d88198c4c523,7,8,12,7,linux,BIC
cc07e60b0811eeeca769fb342aa6e13da5977657,0,0,1,1,linux,BFC
2b74e5be17d25fbca4be236a19efcd2ecae81cb2,24,0,0,2,linux,BIC
a579121f94aba4e8bad1a121a0fad050d6925296,0,0,2,1,linux,BFC
df492896e6dfb44fd1154f5402428d8e52705081,13,0,0,1,linux,BFC
57f04815fd95bb8c46f6ec5c9d25430bb52d419f,2,1,1,1,linux,BFC
41c9c06c491a92e186e41ff64163fa74f08e15e6,0,2,3,1,linux,BIC
703f261dd77f3afb8058a927ca2f4651691f0495,1111,0,1,6,linux,BIC
e63aaaa6be54c956b9603590ea436b003407bb3e,2,0,1,1,linux,BFC
c3494801cd1785e2c25f1a5735fa19ddcf9665da,3,0,0,1,linux,BIC
c9b37458e95629b1d1171457afdcc1bf1eb7881d,733,0,0,2,linux,BIC
0564fd36f6f54ed552de5a01331bd36168507841,0,0,1,1,linux,BFC
63135ee0a6e5f5a5ad1345e48099e62d3d617a81,1,0,0,1,linux,BFC
a18656ea39855519495c9b996205b5fe9cf86123,2,0,0,1,linux,BFC
ddbd89deb7d32b1fbb879f48d68fda1a8ac58e8e,9,0,1,2,linux,BIC
37d59d10a80132406279001b1fbe9eb88be5a30a,78,0,7,1,linux,BFC
6ffe5de35b05907faf4edb66cfd8ddf3c47e099f,167,1,5,3,linux,BIC
ca74823c6e16dd42b7cf60d9fdde80e2a81a67bb,114,0,2,4,linux,BIC
70f92521584f1d1e8268311ee84413307b0fdea8,332,1,3,4,linux,BIC
b50255c83b914defd61a57fbc81d452334b63f4c,13,3,0,1,linux,BFC
a72c01a94f1d285a274219d36e2a17b4846c0615,13,0,8,1,linux,BFC
4c27fe4c4c84f3afd504ecff2420cc1ad420d38e,121,0,0,2,linux,BIC
52df157f17e564ec22afc3e4a89b21828220f576,12,16,20,3,linux,BIC
4bb586bc33b9845d76fc8d4efc2910e37876c399,11,5,11,4,linux,BIC
10246fa35d4ffdfe472185d4cbf9c2dfd9a9f023,60,21,12,2,linux,BIC
f6f0e2f5d79dc2ff6eb63b890276d4f4284f6d57,0,0,1,1,linux,BFC
9ab3b598d2dfbdb0153ffa7e4b1456bbff59a25d,0,2,0,1,linux,BFC
e1595d89ae8180e0d3815cc75336ac3484de0aa0,6,0,1,1,linux,BFC
73b0140bf0fe9df90fb267c00673c4b9bf285430,16,0,57,34,linux,BIC
497ad9f5b2dc86b733761b9afa44ecfa2f17be65,0,0,4,1,linux,BFC
c129412f74e99b609f0a8e95fc3915af1fd40f34,177,0,1,6,linux,BIC
7114cd749a12ff9fd64a2f6f04919760f45ab183,0,17,9,1,linux,BIC
6960d133f66ecddcd3af2b1cbd0c7dcd104268b8,50,0,24,2,linux,BFC
b014d0430bcfae581d07d2e90a939b0af783d3a9,0,0,1,1,linux,BFC
b5730061d1056abf317caea823b94d6e12b5b4f6,3,2,0,1,linux,BFC
e4400bbf5b15750e1b59bf4722d18d99be60c69f,3,1,11,1,linux,BFC
5ad59bf0960b807f01cb6ef8c54f68b3476a1546,5,0,0,1,linux,BFC
769a8089c1fd2fe94c13e66fe6e03d7820953ee3,10,4,0,2,linux,BIC
0ececcfc9267b3dc007113d0deb314e4f94244a0,1,0,1,1,linux,BIC
2f7659a314736b32b66273dbf91c19874a052fde,1,0,0,1,linux,BFC
435e53fb5e21ad1820c5c69f208304c0e5623d01,99,0,4,6,linux,BIC
30582c25a4b4e0a5e456a309fde79b845e9473b2,8,0,1,3,linux,BFC
20b2af32ff3f0ac74f2bfd0bc2c175b56002d1f1,368,0,0,1,linux,BIC
9077f052abd5391a866dd99e27212213648becef,1,0,0,1,linux,BFC
9d3cd19be3e2675f5b30172f3305f79ddcb91023,1,0,0,1,linux,BFC
5c4e8d3781bc00363183b639cf3b603bd16d3994,98,0,2,1,linux,BIC
50248a3ec0f5e5debd18033eb2a29f0b793a7000,4,3,2,1,linux,BFC
c9f838d104fed6f2f61d68164712e3204bf5271b,14,7,17,2,linux,BFC
e17ae5cdd10ad957de5b03bfa832cfcad3b46248,1,0,0,1,linux,BFC
c365c292d05908c6ea6f32708f331e21033fe71d,44,6,5,3,linux,BIC
feb9df3462e688d073848d85c8bb132fe8fd9ae5,14,5,3,2,linux,BIC
768acd64d68b232e0d2b9623d9846457355f0c27,0,0,2,1,linux,BFC
6f4441ef7009b9ec063678d906eb762318689494,18,0,7,1,linux,BIC
77715b7ddb446bd39a06f3376e85f4bb95b29bb8,2,0,1,1,linux,BFC
12a78b026f870c575d3a98998b25084aac5b3c61,3,0,1,1,linux,BFC
e7b48a32dc5db48ca14e6472b920102c7e53f5aa,58,22,9,2,linux,BFC
5a16c535409f8dcb7568e20737309e3027ae3e49,0,0,1,1,linux,BFC
bb304a5c6fc63d8506cd9741a3a5f35b73605625,2,6,18,1,linux,BIC
eefca584140b42551e642277515ca26be0ca5ef3,0,0,1,1,linux,BFC
b4335ec0a3ee6229a570755f8fb95dc8a7c694f2,4,0,2,1,linux,BFC
102afde62937de32758a023655ed90545c292245,26,11,2,1,linux,BIC
c373fff7bd252ec36e8a895c58a584088f1d38bc,0,17,13,3,linux,BIC
e38af4faf01d0b35df6995fb395e5fa4a4898289,84,0,5,7,linux,BIC
88541cb414b7a2450c45fc9c131b37b5753b7679,2,8,2,1,linux,BFC
4965b8cd1bc1ffb017e5c58e622da82b55e49414,11,4,2,2,linux,BFC
3c2172c1c47b4079c29f0e6637d764a99355ebcd,0,1,1,1,linux,BFC
97ed3e509ee6d098730d137759c627a8d674cf55,17,0,5,2,linux,BIC
c4ec1f0353b342473b93637fd0c3fb524bedbb2d,0,1,0,1,linux,BFC
25f77a3aa4cb948666bf8e7fd972533ea487c3bd,14,0,3,1,linux,BFC
e4b469c66f3cbb81c2e94d31123d7bcdf3c1dabd,0,0,1,1,linux,BFC
117328680288b55d5eb43f4c697d841fb4abf67a,456,0,0,3,linux,BIC
64bd9c8135751b561f27edaaffe93d07093f81af,3,0,2,1,linux,BFC
e93f8a0f821e290ac5149830110a5f704db7a1fc,34,8,67,9,linux,BIC
6e86000c2c63123e174b7e198735fbb12f0258ea,0,4,2,2,linux,BFC
bc155c6c188c2f0c5749993b1405673d25a80389,8,0,0,1,linux,BFC
94bfaafac9d2a3c0bcca00d01e38f7597b741799,0,0,5,1,linux,BFC
6b99c68ec1f979ef6ea956516a87afa9bb5551ca,8,59,60,1,linux,BIC
2eb5dd418034ecea2f7031e3d33f2991a878b148,0,0,1,1,linux,BFC
cb02ffc76a53b5ea751b79b8d4f4d180e5868475,3,2,0,1,linux,BFC
6c5c7b9f3352728af490183f71d350bb658ffb75,0,1,3,1,linux,BFC
37b8d27de5d0079e1ecef2711061048e13054ebe,17,0,4,1,linux,BIC
372a1786283e50e7cb437ab7fdb1b95597310ad7,3,0,5,1,linux,BIC
296e3a2aad09d328f22e54655c3d736033fe1ae8,1,0,1,1,linux,BFC
5dfb6335cbecbd59040275c8396c2d0af0bbd549,0,0,2,1,linux,BFC
3df034081021fa4b6967ce3364bc7d867ec1c870,3,8,22,2,linux,BIC
81c0ed21aa91230ab6c0de945155aa5c0626d001,15,0,6,1,linux,BIC
6a5c7be5e484bda5b2639fedf7dbe3f25c15c962,95,0,1,6,linux,BIC
910e1ca6f36f48b7911e72dc8b6667d652031d97,0,0,2,1,linux,BFC
10eec60ce79187686e052092e5383c99b4420a20,1,0,0,1,linux,BFC
03f16cd020eb8bb2eb837e2090086f296a9fa91d,0,0,18,6,linux,BIC
5b8481fa42ac58484d633b558579e302aead64c1,0,0,1,1,linux,BFC
858e5400e682370d0f8d217fcd6fd6ae5b256f5f,6,4,7,1,linux,BFC
8b893ef190b0c440877de04f767efca4bf4d6af8,0,0,1,1,linux,BFC
9e4d04adeb1a957be212aace20ac5cee6f14013c,19,10,2,1,linux,BIC
2780f3c8f0233de90b6b47a23fc422b7780c5436,0,0,1,1,linux,BFC
edc660fa09e2295b6ee2d2bf742c2a72dfeb18d2,123,40,7,1,linux,BIC
4f95dd78a77edc42454de55bb32332be293fb461,108,62,168,7,linux,BIC
c3ed3877625f10d600b0eca2ca48a68c46aed660,55,0,15,3,linux,BIC
54784ffa5b267f57161eb8fbb811499f22a0a0bf,4,0,1,1,linux,BFC
5eec71829ad7749a8c918f66a91a9bcf6fb4462a,0,0,8,2,linux,BFC
1e2020aa0da00051d94c4690c023c45d8f3834bd,1,0,0,1,linux,BFC
9ef34630a4614ee1cd478f9859ebea55d55f10ec,13,0,3,1,linux,BFC
3fb52041a832a253f708c845dff081a0c4fef35e,0,0,1,1,linux,BFC
46ca7da7f1e8592af6059419176dd58c10dcdb5b,7,0,11,1,linux,BIC
05c974669ecec510a85d8534099bb75404e82c41,25,7,5,2,linux,BIC
ab408b6dc7449c0f791e9e5f8de72fa7428584f2,22,6,11,3,linux,BIC
951d223c6c16ed5d2a71a4d1f13c1e65d6882156,28,20,0,1,linux,BFC
bc7d811ace4ad39a3941089ca871633366878719,37,1,28,1,linux,BIC
2b04bd4f03bba021959ca339314f6739710f0954,2,0,1,1,linux,BFC
76f43b4c0a9337af22827d78de4f2b8fd5328489,0,15,0,3,linux,BIC
149ac2e7ae1845191bd18b66a725392ac83a0c47,3,0,2,1,linux,BFC
2aa40aef9debc77d55cc87a50d335b6fe97fbeb0,128,24,45,15,linux,BIC
d97c78a1908e59a1fdbcbece87cd0440b5d7a1f2,50,8,0,4,linux,BIC
7e7dc66adcf490a619bc3c7763a8cebadfba73e3,0,0,2,1,linux,BFC
f0c86a2bae4fd12bfa8bad4d43fb59fb498cdd14,3,2,0,1,linux,BFC
34d4ef5775f776ec4b0d53a02d588bf3195cada6,76,0,0,5,linux,BIC
33863c938caa2538397170f1a355885f1ea1564e,62,0,4,1,linux,BIC
76db5a27a827c2c89e5120a3d486472da847863b,1027,0,0,2,linux,BIC
8023e0e2a48d45e8d5363081fad9f7ed4402f953,7,0,1,1,linux,BFC
8c72c65b426b47b3c166a8fef0d8927fe5e8a28d,5,0,7,1,linux,BIC
2a8d6065e7b90ad9d5540650944d802b0f86bdfe,2,0,4,1,linux,BFC
dd1df24737727e119c263acf1be2a92763938297,0,1,0,1,linux,BFC
2342b8d95bcae5946e1b9b8d58645f37500ef2e7,4,0,1,1,linux,BFC
73c0ca1eee3d2c96898e05a16be49da2a6d590b2,4,0,3,3,linux,BIC
4e85e535e6cc6e8a96350e8ee684d0f22eb8629e,300,0,0,1,linux,BIC
2f0af8600e82e9f950fc32908386b9c639f88d48,0,0,2,1,linux,BFC
d9fdd0adf932c8d615cfe52bbc689c373a95377f,0,0,1,1,linux,BFC
7e01c8e5420b6c7f9d85d34c15d8c7a15c9fc720,10,0,0,2,linux,BIC
ab28f51c77cd46189aa5726c98d5153052567a3c,179,0,1,2,linux,BIC
bcef3fd57019e5fc0c8df402b040a52826422a4b,48,7,12,1,linux,BIC
3edbc7dabab8ce85aa75c5e290ecda7a3692ebc9,4,0,4,1,linux,BFC
841e86728615baa77b0ea9d8b357e66052c75fe5,0,0,2,1,linux,BIC
09954bad448791ef01202351d437abdd9497a804,5,1,14,1,linux,BIC
5710ab79166504013f7c0ae6a57e7d2fd26e5c43,0,50,9,3,linux,BFC
8dfa4b5a9b44714d7710f9f452f65763629f10df,3,14,68,6,linux,BIC
8f6a90421c7637984fb352da079fb13172176bfd,1,2,3,3,linux,BFC
232b51948b99dfcc95e81d8a289bc0409b3ff5b3,13,33,62,3,linux,BIC
ce0210c12433031aba3bbacd75f4c02ab77f2004,6,20,1,2,linux,BFC
8db6c34f1dbc8e06aa016a9b829b06902c3e1340,258,0,22,5,linux,BIC
02ca527ac5581cf56749db9fd03d854e842253dd,0,0,1,1,linux,BFC
e1e3e7008a90f9ffe0161191bd64a4c06f0d417a,1,0,2,1,linux,BFC
b7f5e880f3774ff1934ce272e1c3b673a3a9c414,533,0,0,1,linux,BIC
1a6e55ca8f3684d7e1fe646396303233bf1c1ed7,0,1,0,1,linux,BFC
18ece75d7d74eb108f6a7325cf247077a666cba8,0,0,2,1,linux,BFC
94bc1e522b32c866d85b5af0ede55026b585ae73,2,0,2,2,linux,BFC
ffa1bf97425bd511b105ce769976e20a845a71e9,589,0,0,5,linux,BIC
8431350eee2e27ae60f5250e0437ab298329070e,2,0,1,1,linux,BFC
3e6fe5ce4d4860c3a111c246fddc6f31492f4fb0,5,2,58,1,linux,BIC
861aae786f2f7e1cab7926f7bb7783cb893e7edb,5,0,2,2,linux,BIC
d6a9996e84ac4beb7713e9485f4563e100a9b03e,107,3,10,7,linux,BIC
1697599ee301a52cded6499a09bd609f7f63fd06,13,2,0,2,linux,BIC
0d86ee35097ae0f1c2c50f2b8035ef480e25e4f1,3,4,16,4,linux,BIC
286e04b8ed7a04279ae277f0f024430246ea5eec,77,0,4,5,linux,BIC
e3e9ced5c93803d5b2ea1942c4bf0192622531d6,0,1,0,1,linux,BFC
3e2a3a0830a2090e766d0d887d52c67de2a6f323,0,0,3,1,linux,BFC
370a81fb89cbb1a7f3ef119f84b3bd6d0ffebcf6,2,95,6,4,linux,BFC
859086ae3636eae0bf9f0fbbce2daf4d41ae9474,37,11,2,1,linux,BIC
05f8740a0e6fcd97fe462c7012dff2eed821b529,32,0,0,1,linux,BIC
c4bd48699beb92d6bb99d6139d1e9737cca73480,0,0,2,1,linux,BFC
2ce13640b3f4c8721e6820476cb380fbbfaedc18,10,0,8,1,linux,BIC
c4b4c2a78a9fc0c532c58504e8cb5441224ff1d9,0,2,1,3,linux,BFC
91b0383fef06f20b847fa9e4f0e3054ead0b1a1b,44,0,0,1,linux,BIC
d4257295ba1b389c693b79de857a96e4b7cd8ac0,1,0,0,1,linux,BFC
e30028ace8459ea096b093fc204f0d5e8fc3b6ae,1,0,0,1,linux,BFC
30787a417086df301c7eb2f4ae14f2acab70e4b2,0,0,1,1,linux,BFC
82f4f66ddf11fd4bd2e9b589fd69d0ec6ea777fc,1,42,1,1,linux,BIC
8ff2d7ca4a55dfabf12e876369835bd024eb4621,1,0,0,1,linux,BFC
4ec8179c212fb1530df4a1df6db75756c06da5f6,42,29,4,1,linux,BIC
3ddeabd1536a71abf2b66a577c90df84514a0af2,0,0,1,1,linux,BFC
e925e0cd2a705aaacb0b907bb3691fcac3a973a4,0,0,1,1,linux,BFC
3d07ffcaf32006486f8743ef35c4706d4c776661,150,0,12,1,linux,BIC
0c65b2b90d13c1deaee6449304dd367c5d4eb8ae,62,10,139,53,linux,BIC
ca49df96f9f5efd4f0f1e64f7c4c0c63a3329cb9,0,0,1,1,linux,BFC
eca81f09145d765c21dd8fb1ba5d874ca255c32c,2,0,3,1,linux,BFC
2ae34111fe4eebb69986f6490015b57c88804373,0,3,2,1,linux,BIC
b981513f806d26b2cc971eb65ced14bede67558b,4,0,10,1,linux,BIC
9494a8dd8d22cbff8ce358aaa223fffe1b070cb0,2799,0,115,12,linux,BIC
500e6807ce93b1fdc7d5b827c5cc167cc35630db,9,0,0,1,linux,BFC
9c32fea836928d7a25a83b337f268e533cfc5c3d,36,2,31,1,linux,BIC
b997e3edca4fb4ab7732ab7240c545da0c360a44,12,2,4,4,linux,BFC
d1fe176ca51fa3cb35f70c1d876d9a090e9befce,0,0,2,1,linux,BFC
fa4b3ca60e8011d3046765b3de8d3f1ffc53af28,19,26,2,1,linux,BIC
931b3c1a832621b4bdcbaf783096fc267eb36fbe,0,1,1,2,linux,BFC
3c6bf6bddc84888c0ce163b09dee0ddd23b5172a,2,0,0,1,linux,BFC
3b6e7088afc919f5b52e4d2de8501ad34d35b09b,0,0,2,1,linux,BFC
35dac627471938eda89fa39ee4ead1f7667e0f57,12,0,0,1,linux,BFC
f8b45b74cc6229d9f8780fd962dab84d810b6f17,94,0,0,2,linux,BIC
835764ddd9af0d943a2ac7fb4597800e8b0871d2,1056,990,2,3,linux,BIC
e9310aed8e6a5003abb2aa6b9229d2fb9ceb9e85,1,7,1,1,linux,BFC
5f94e3571459abb626077aedb65d71264c2a58c0,11,0,0,1,linux,BFC
2ad74f40dacc411546d737ce92197384cd8587bd,241,0,0,2,linux,BIC
ebf04f331fa15a966262341a7dc6b1a0efd633e4,1,0,1,1,linux,BFC
babd04386b1df8c364cdaa39ac0e54349502e1e5,18,0,0,2,linux,BIC
09007af2b627f0f195c6c53c4829b285cc3990ec,1,0,3,1,linux,BFC
f60e8bb84282b8e633956cfe74b4f0d64ca73cec,5,4,4,1,linux,BFC
621e49f6d80a731dd3073569571c4579352cfb1c,0,0,2,1,linux,BFC
b8f5482c9638915c19963f06d2f4094e276aaab6,94,0,0,1,linux,BIC
dbee3d02458b129b847c21f5fa60baba3eafc6f7,3,0,0,1,linux,BFC
ef29440b3ccb93f44cf664311b30fbd5f84d9683,31,0,2,1,linux,BFC
be81a85f5f87d3c7ae994b646d00b1d828e754a1,30,0,0,1,linux,BIC
786534b92f3ce68f4afc8a761c80b76887797b0a,22,0,19,4,linux,BIC
148965df1a990af98b2c84092c2a2274c7489284,0,0,2,1,linux,BFC
e02b5cc9e898ad6f223a69df63397beae60390ff,255,0,12,7,linux,BIC
5369c71f7ca24f6472f8fa883e05fa7469fab284,0,7,8,2,linux,BIC
9d87e41a6d644d4cee66a72fd1656fac5b7850d1,0,1,0,1,linux,BFC
47bef386511517449e2f24a89a41084af53616f8,11,0,0,1,linux,BIC
b00ccb27f97367d89e2d7b419ed198b0985be55d,0,0,1,1,linux,BFC
c2bc26f7ca1ff1165bb6669a7a4cccc20ffd2ced,0,0,1,1,linux,BIC
6f5c27f9c6f89226f5b97476797e5abedd61912c,1,0,2,1,linux,BFC
bffc124b6fe37d0ae9b428d104efb426403bb5c9,6,0,3,1,linux,BFC
cb7f27601c81a1e0454e9461e96f65b31fafbea0,1,0,0,1,linux,BFC
25432eba9cd8f2ef5afef55be811b010a004b5fa,5,5,0,1,linux,BFC
e179d78ee11a70e2675bc572f9f4e33d97233b23,2,71,28,8,linux,BIC
a47c397bb29fce1751dc755246a2c8deeca5e38f,0,5,0,1,linux,BFC
6536993371fab3de4e8379649b60e94d03e6ff37,44,0,0,5,linux,BIC
83fbae5a148cc1cd53e5be1a28edb3b6701b7af2,40,0,0,2,linux,BIC
0ae45f63d4ef8d8eeec49c7d8b44a1775fff13e8,156,5,30,13,linux,BIC
81a1905382a380beeba201ce41276afd9035dc64,4,0,0,1,linux,BFC
98025a62cb00778a467dbc359d647c9515d51b4e,57,1,14,8,linux,BIC
e3a5de6d81d8b2199935c7eb3f7d17a50a7075b7,1,0,1,1,linux,BFC
a8184003c0bb1d6362c2af76c560b3caae6832cb,9,6,1,1,linux,BFC
6edf0aa4f8bbdfbb4d6d786892fa02728d05dc36,0,0,3,2,linux,BFC
41d107ad92b4b8abf103b62269c34da80320f212,0,0,2,1,linux,BFC
291073a566b2094c7192872cc0f17ce73d83cb76,0,1,0,1,linux,BFC
a77eedbc871ee3b435bffc30b123b60eecca402c,0,0,1,1,linux,BFC
24a0f5c539f944248cbb2e3502830dcb7fd2a96e,130,1,3,5,linux,BIC
96e93eab20337d063c70d537bd7bc70d90e04fa3,52,10,13,2,linux,BIC
304b65cbdc8d6d73b12ea798099b7ca64f491795,303,299,3,2,linux,BIC
2b5160b12091285c5aca45980f100a9294af7b04,2,0,1,1,linux,BFC
48596a8ddc46f96afb6a2cd72787cb15d6bb01fc,3,1,21,10,linux,BIC
2520d039728b2a3c5ae7f79fe2a0e9d182855b12,0,0,1,1,linux,BFC
ca26475bf02ed8562b9b46f91d3e8b52ec312541,0,8,9,4,linux,BFC
06e67b849ab910a49a629445f43edb074153d0eb,0,1,2,2,linux,BFC
41e5c0f81d3e676d671d96a0a1fafb27abfbd9d7,44,0,0,4,linux,BIC
712d361d59efa6349a9538f4fd9a49073f0e8127,0,0,1,1,linux,BFC
db507b3ffd9b7a1c87e732ac6e2c3a5d0babb15a,0,0,1,1,linux,BFC
cf8ccbc72d6109eddf6ae04196addf62cf716639,23,0,9,2,linux,BIC
7986e2273c1ed987ff34f1c318d5a2b18e8c0fee,0,1,0,1,linux,BFC
b1d21a24df458c897911af51cb637460c1ac5d95,0,0,1,1,linux,BFC
9018eacbe623b2c3535da37035e5f22d3d70b6ce,125,0,0,1,linux,BIC
751438bc0f10f75633144acd6ff145f7260706d5,0,8,1,1,linux,BFC
8ce7aaaa9797f944ad2f50e5160c8a20a473aedf,3,0,0,1,linux,BFC
915623a80b5a0e4f214197519740c0faa297f6d8,102,159,8,4,linux,BIC
53e8785c248df097364b75e550d06bbc58db8af8,1,2,20,1,linux,BFC
a17b9e4c9c5e9c4da4385908af0377af11529266,12,0,0,1,linux,BFC
75294442d896f2767be34f75aca7cc2b0d01301f,2,0,0,1,linux,BFC
c333fa0c4f220f8f7ea5acd6b0ebf3bf13fd684d,6,1,11,5,linux,BFC
0daaf99d8424f12cdf87e00c435c9cb93667f519,12,0,0,1,linux,BIC
f4b3c395540aa3d4f5a6275c5bdd83ab89034806,4,0,3,1,linux,BFC
e97824ff663ce3509fe040431c713182c2f058b1,0,1,3,1,linux,BFC
47db6b42991e6d5645d0938e43085aaf88cdfba4,26,37,53,3,linux,BIC
7235acdb1144460d9f520f0d931f3cbb79eb244c,13,24,8,1,linux,BIC
1bcf34fdac5f8c2fcd16796495db75744612ca27,16,13,5,1,linux,BIC
1604cb2aa7fafd83e11f9257f765a5f5dd7c19d3,2,0,3,1,linux,BFC
39d1e3340c73e8f7eb1d6a8cae561c255ca7b1b0,113,0,5,2,linux,BIC
597798e438371128519fa94dacdc42311b4254a6,0,0,1,1,linux,BFC
e3a33673e845f609977970d147d5f8e094c52c73,409,0,0,2,linux,BIC
55307fcb925846d760ed80f4a8359dd4331c52bd,1033,21,31,8,linux,BIC
454b0ec8bf992b35895eb86a4b62ec3ba7be190c,1,0,2,1,linux,BIC
d7ea53395b723b1a87b9c0afb3301cc33fbe35e6,120,0,0,2,linux,BIC
7afa232e76ced910a191a3f6669d8f48bcb46b3e,1491,0,0,8,linux,BIC
4de462ab63e23953fd05da511aeb460ae10cc726,0,4,2,2,linux,BFC
59c3b76cc61d1d676f965c192cc7969aa5cb2744,6,0,0,1,linux,BFC
a3c812f7cfd80cf51e8f5b7034f7418f6beb56c1,1,0,11,1,linux,BFC
ce5e098f7a10b4bf8e948c12fa350320c5c3afad,0,1,3,1,linux,BFC
b2c3fa546705944e748666b474ffdaebaec0569f,0,0,1,1,linux,BFC
d515684d78148884d5fc425ba904c50f03844020,1,1,0,1,linux,BFC
3116f59c12bd24c513194cd3acb3ec1f7d468954,24,0,0,1,linux,BFC
3546b9b8eced9799b35ef953f766a0973b17fda2,0,0,2,1,linux,BFC
528c943f3bb919aef75ab2fff4f00176f09a4019,3,0,0,1,linux,BFC
ac4f6eee8fe8f9f9bbd421d1c9a3ec9a0a6daa0b,960,0,0,1,linux,BIC
2dc016599cfa9672a147528ca26d70c3654a5423,0,0,5,1,linux,BIC
5f40b4ed975c26016cf41953b7510fe90718e21c,0,0,1,1,linux,BFC
57b2d834bf235daab388c3ba12d035c820ae09c6,6,0,2,1,linux,BFC
5f8bb004bca43f7b5043c02b4aa5b9b43e15fe50,4,0,1,1,linux,BFC
65a166201552113f9e1e8d1bb4a55a1eb70cb19c,1,0,0,1,linux,BFC
662a0221893a3d58aa72719671844264306f6e4b,8,0,2,1,linux,BIC
86f6cf41272de9d6ffa05ab46028b15d160a6f3e,47,0,0,3,linux,BIC
cd6d421e3d1ad5926b74091254e345db730e7706,2597,0,1,23,linux,BIC
edbd7f318cd66cec4588a28ba6985b014456dbca,3,0,3,2,linux,BFC
dcc7d3446a0fa19bd7e8074920b8f9ef3b7ec00c,237,0,0,2,linux,BIC
d0f4bce2bce7e998abc906f3590e9032af7a41ba,0,0,2,1,linux,BFC
df823b02970172f3e4003063699e333295b9b32d,0,0,2,1,linux,BFC
50f3f2d73e3426ba5aac0fe62098870579a0b357,13,0,12,3,linux,BIC
e726c8511c052ba40dc943517b54011e42c2dfa3,0,0,1,1,linux,BFC
a3a10ce3429e5dee623ad5c8407ea58e204fcb0a,8,0,9,2,linux,BIC
46f3e0421ccb5474b5c006b0089b9dfd42534bb6,1,0,0,1,linux,BFC
f93178291712772983845700b12fc1c8b32f2eb1,1,0,0,1,linux,BIC
5a756aadf5f7472422bbbfa373cdf090bcb343ec,0,0,3,1,linux,BFC
ef7baf5e083c09b66af500331cbb2be0dae37468,60,0,25,1,linux,BIC
a6bc3875f176f52c4a247c341e80d52dd4f5e356,91,12,11,4,linux,BIC
ec49d83f245453515a9b6e88324e27bbcb69fbae,3,0,0,1,linux,BFC
c050f5e91b47f8f5ae67b9158afd66f8be48f3dc,48,0,0,1,linux,BFC
e7d9560aeae51415f6c9bc343feb783a441ff4c5,0,8,2,1,linux,BIC
5018ada69a04c8ac21d74bd682fceb8e42dc0f96,0,0,1,1,linux,BFC
696c541c8c6cfa05d65aa24ae2b9e720fc01766e,0,0,2,1,linux,BFC
1d7d15d79fb4660bec3a86e748c50aac7c5d2121,50,0,0,1,linux,BIC
2a48602615e0a2f563549c7d5c8d507f904cf96e,1,0,1,1,linux,BFC
c91d46065209bfe6124396fc409765ced0601b59,0,1,5,1,linux,BFC
c42850f1ae7e70056f852e67bb9dddf927853b47,1,0,10,1,linux,BFC
9a2688e42638f2e057dbdfce82e221b38bfba0a7,646,0,0,1,linux,BIC
d57ea877af38057b0ef31758cf3b99765dc33695,48,56,17,1,linux,BIC
737ef7d32cb41d19f0e1fd4d9ad0916f42d2f448,12,0,0,1,linux,BIC
8f21a62475258ba07b032f5006fb26fd6501f314,0,0,4,1,linux,BFC
de3ee99b097dd51938276e3af388cd4ad0f2750a,0,120,12,6,linux,BIC
7fcac980717532a20762e03f0d228bfc58393ed3,10,11,20,1,linux,BIC
ab6ead7d07ca87e3e66e6d524c8aa311732878de,0,4,2,1,linux,BFC
a19577808fd33d9e64e015808fbca2769a96721b,0,0,1,1,linux,BFC
25ca180ad380a0c7286442a922e7fbcc6a9f6083,3,1,1,1,linux,BFC
e59dbe09f8e6fb8f6ee19dc79d1a2f14299e4cd2,28,0,1,8,linux,BIC
b0eaf4506f5f95d15d6731d72c0ddf4a2179eefa,2,0,3,1,linux,BFC
6667e6d91c88a788d5ab1b1e999d245473e84a90,67,0,0,2,linux,BIC
718e05ed92ecac0d9d3954bcc8064527c3ce7565,53,0,17,4,linux,BIC
5132ede0fe8092b043dae09a7cc32b8ae7272baa,0,6,1,1,linux,BFC
1dac6f5b0ed2601be21bb4e27a44b0c3e667b7f4,0,0,2,1,linux,BFC
7d293f56456120efa97c4e18250d86d2a05ad0bd,0,0,3,1,linux,BFC
71b3c126e61177eb693423f2e18a1914205b165e,54,0,4,2,linux,BIC
59bee45b9712c759ea4d3dcc4eff1752f3a66558,2,0,0,1,linux,BFC
9ce8853b4a735c8115f55ac0e9c2b27a4c8f80b5,16,0,0,1,linux,BFC
448b4482c6713c5b62828622b7bf46900ff9569b,10,0,2,1,linux,BIC
ae680bcbd06ae9189e0102f8cdb5fd938b00725f,80,0,2,1,linux,BIC
0697f8441faad552fbeb02d74454b5e7bcc956a2,0,2,4,1,linux,BFC
868941b14441282ba08761b770fc6cad69d5bdb7,0,10,4,6,linux,BIC
6b7e9cde49691e04314342b7dce90c67ad567fcc,5,0,4,2,linux,BFC
0ddf3fb2c43d2e65aee5de158ed694ea11ef229d,9,0,2,1,linux,BIC
b038ced7b3705bf0ac9b30e118af0f56ab48b847,9348,0,0,18,linux,BIC
8a3ab38c36926ddbda3d2a3086c0a741fa175cff,5,0,0,1,linux,BFC
c37f3c2749b53225d36faa5c583203c5f12ae15b,414,32,74,1,linux,BIC
30927520dbae297182990bb21d08762bcc35ce1d,16,0,0,1,linux,BIC
d2f33f0c3ad7b0d5262d9b986f1353265fad7a08,1,0,0,1,linux,BFC
545fbd0775bafcefc8f7bc844291bd13c44b7fdc,1,0,0,1,linux,BIC
024c1fd9dbcc1d8a847f1311f999d35783921b7f,0,2,2,1,linux,BFC
4ffb879ea648c2b42da4ca992ed3db87e564af69,4,0,23,1,linux,BFC
774268f3e51b53ed432a1ec516574fd5ba469398,2,0,4,1,linux,BFC
5e0baca8b3247f459af50947eaafc68bb8168b33,0,0,1,1,linux,BFC
2647d2827f2af6e054742f687cb21efaccab44f0,4,0,5,2,linux,BFC
cef35af34d6dc3792333075115c7deb7062b6e18,204,0,0,5,linux,BIC
ac669251087d876d6e51eb648f98e575f0d0499d,0,0,1,1,linux,BIC
a1c484b3a09bda3d2a0c3c1f38691a625e4d016a,8,6,0,1,linux,BFC
ff44fe3e67e41795cd2ef11b7d579a689ea57775,0,0,2,2,linux,BFC
49ec8f5b6ae3ab60385492cad900ffc8a523c895,0,0,1,1,linux,BFC
f6bafc6a1c9d58f0c234ac5052b9c09b0747348c,14,79,83,3,linux,BIC
ce41b41e190b04a0c147fbde02c04379a6331d0a,0,0,6,1,linux,BFC
7cc8cbcf82d165dd658d89a7a287140948e76413,12,0,3,1,linux,BFC
62a193edaf90df38356e292f47a17f28e0cee3f1,2,0,2,1,linux,BFC
fa7fe29a645b4da08efe8ff2392898b88f9ded9f,0,2,1,1,linux,BFC
f600c6088018d1dbc5777d18daa83660f7ea4a64,0,0,1,1,linux,BFC
8a03a3692b100d84785ee7a834e9215e304c9e00,2,0,0,1,linux,BFC
9cae5b3189eb9cd12a9c3f6e8afda2d81958640b,4,0,0,1,linux,BFC
6eefa839c4dddf2149e9f5f6f1aa3e1191c8db9c,0,0,1,1,linux,BIC
99803171ef04037092bf5eb29ae801e8b4d49a75,16,0,0,2,linux,BIC
7edd5c9a8820bedb22870b34a809d45f2a86a35a,68,1,3,1,linux,BFC
5256426247837feb8703625bda7fcfc824af04cf,0,0,2,1,linux,BFC
4336b9337824a60a0b10013c622caeee99460db5,2,0,4,2,linux,BIC
3966c3feca3fd10b2935caa0b4a08c7dd59469e5,18,8,4,2,linux,BIC
413489c8337bf86b7787248484b1e845111809be,1,1,5,1,linux,BFC
64bb568488671048d25d7b3ada058bb6c7cb1d5d,0,0,1,1,linux,BFC
1cf6e8fc8341e54f28aad706544a1d50c3a82ddc,48,17,13,1,linux,BIC
cb77085b1f0a86ef9dfba86b5f3ed6c3340c2ea3,6,0,0,1,linux,BFC
0078117c6d9160031b866cfa1853514d4f6865d2,8,0,2,2,linux,BIC
7caa56f006e9d712b44f27b32520c66420d5cbc6,1,0,1,1,linux,BFC
c1918196427b917d1fbf064b07538410807f8b03,10,0,19,1,linux,BIC
e91455a1495ada59e90ae26bc3e68be3b7656570,168,158,0,2,linux,BIC
884be12f85666c6e9ff1cf3ead06a7371f6863dc,84,36,9,3,linux,BIC
156f721704b5c9e8fae02270f606f09d710ff27e,54,86,17,9,linux,BIC
1980c05844830a44708c98c96d600833aa3fae08,0,0,1,1,linux,BFC
78f3ff524fca63e7d2a57149a34ade23d2c12798,0,0,1,1,linux,BFC
127ea380acc9de16c2cbd57ed99475944c9917ec,90,0,7,5,linux,BIC
488a9b48e398b157703766e2cd91ea45ac6997c5,7,3,5,2,linux,BIC
a4f582f5c5fe3e8eaef7ce637c894619bdee650e,80,0,0,2,linux,BIC
6f5097e3367a7c0751e165e4c15bc30511a4ba38,0,0,1,1,linux,BFC
d275880abce9ac66cb842af828fbc2b1ba8082a0,2,0,0,1,linux,BFC
1a426f8b40fca920f15558c9d2fa6efab6921002,47,0,6,4,linux,BIC
8d3b6a4001ceaeef1aaac39e6cb5380780b4ef9c,0,11,1,1,linux,BIC
c21cabb0fd0b54b8b54235fc1ecfe1195a23bcb2,0,1,1,1,linux,BFC
60587bd0680507f48ae3a7360983228fd207de8a,0,0,1,1,linux,BFC
dbe9e61b8e4306df24b3e8370a62f7954a81ff5d,137,0,0,2,linux,BIC
7be6296fdd75f716f7348251433ea68c4b362cf3,544,0,0,2,linux,BIC
7c607944bc65761666dcccc1170398f17d1f919e,8,0,0,1,linux,BIC
792254a77201453d9a77479e63dc216ad90462d2,16,0,11,2,linux,BFC
9c959c863f8217a2ff3d7c296e8223654d240569,79,0,0,2,linux,BIC
d2cc01e1794bd13199f7568298614f1bdcea1683,11,0,0,1,linux,BFC
d43e85b7d7c759a01f92fa09bba5d6eb6e406795,5,0,0,1,linux,BFC
40b717bfcefab28a0656b8caa5e43d5449e5a671,39,0,8,3,linux,BFC
a115d0ed7201a5904c084ae6f07913fe2b9396a6,1,0,0,1,linux,BFC
a794d8d876d21d165721b5460264ca811245f5bd,317,18,44,3,linux,BIC
283f1b9a0401859c53fdd6483ab66f1c4fadaea5,0,0,1,1,linux,BFC
7aeb353802611a8e655e019f09a370ff682af1a6,63,0,9,2,linux,BFC
8cda7a4f96e435be2fd074009d69521d973d7d31,150,0,3,6,linux,BIC
a0b845ffa0d91855532b50fc040aeb2d8338dca4,1,2,0,1,linux,BFC
adf58458bcb2890efe94e5a58506c27bfecf518d,0,3,0,2,linux,BFC
598c6cfe06900505ae16a355599e9f08432f4d7a,4,3,3,1,linux,BIC
3ac8e38015d4fd1c12e4e048a01a9f059a2053a2,21,0,7,3,linux,BIC
5dda3897fd90783358c4c6115ef86047d8c8f503,2,0,0,1,linux,BFC
fe80536acf8397827be77f9b8ada384b90e790d0,13,0,6,3,linux,BIC
01cd267bff52619a53fa05c930ea5ed53493d21a,8,6,0,2,linux,BFC
3b0541791453fbe7f42867e310e0c9eb6295364d,2,0,0,1,linux,BFC
82e6c96f04e13c72d91777455836ffd012853caa,51,0,0,1,linux,BIC
5f1f79bbc9e26fa9412fa9522f957bb8f030c442,1734,0,0,3,linux,BIC
31bf11de146c3f8892093ff39f8f9b3069d6a852,4,4,5,1,linux,BFC
ee55f75e4bcade81d253163641b63bef3e76cac4,0,1,1,1,linux,BFC
00c18640c2430c4bafaaeede1f9dd6f7ec0e4b25,7,0,1,1,linux,BFC
050c7950fd706fec229af9f30e8ce254cea9b675,8,0,7,2,linux,BIC
6e8bed6a3e2fd6f1e82ea9b1f705bbc82060a2b7,10,0,1,1,linux,BFC
a4e187d83d88eeaba6252aac0a2ffe5eaa73a818,9,0,1,2,linux,BIC
7ee31a3aa8f490c6507bc4294df6b70bed1c593e,8,28,19,4,linux,BFC
0e3c1f30b03599f2ee8ff3327eca53c99564ba13,0,1,0,1,linux,BFC
5652b807b7576f14c8b96e769470affef3287b7e,6,0,0,1,linux,BFC
18c532e44939caa17f1fa380f7ac50dbc0718dbb,2,0,7,1,linux,BFC
77d36398d99f2565c0a8d43a86fd520a82e64bb8,0,0,2,1,linux,BFC
93b289b9aff66eca7575b09f36f5abbeca8e6167,2,0,0,1,linux,BFC
9c29a2f55ec05cc8b525ee3b2d75d3cd37911123,3,0,12,1,linux,BIC
07721feee46b4b248402133228235318199b05ec,0,0,1,1,linux,BIC
7e961c12be424c6c1e355d469cc1b82dbf3af718,161,0,0,1,linux,BIC
67791202c5e069cf2ba51db0718d56c634709e78,2,0,3,1,linux,BFC
7369c10f81172b55b284944caa2f51f595bbdb84,0,0,1,1,linux,BFC
4ea748e1d2c9f8a27332b949e8210dbbf392987e,0,15,3,1,linux,BFC
f2f3df5501391bc784c8462dc97d989c2194fb74,147,103,32,12,linux,BIC
245dc5121a9bf6a0a12ac1e72f47822fc3fa8cae,33,1,19,1,linux,BIC
a77660d231f8b3d84fd23ed482e0964f7aa546d6,1,1,1,1,linux,BFC
35b71a34ada62c9573847a324bf06a133fe11b11,31,13,1,4,linux,BIC
d9a81a225277686eb629938986d97629ea102633,3,0,0,1,linux,BFC
1415b49bcd321bca7347f43f8b269c91ec46d1dc,1,0,1,1,linux,BFC
48b0ae046ee96eac999839f6d26c624b8c93ed66,143,0,6,3,linux,BIC
3a1cebe7e05027a1c96f2fc1a8eddf5f19b78f42,0,0,1,1,linux,BFC
64914da24ea95d2b2f7017d014d74c26005d8780,5,10,1,2,linux,BIC
439adf885e6dd3b2a64941a167b4c18d3728c6dc,10,0,0,1,linux,BFC
08e18eab0c579ad84399c1899c11899734854eb2,25,8,7,4,linux,BIC
36815b416fa48766ac5a98e4b2dc3ebc5887222e,0,0,2,1,linux,BFC
29afbd769ca338fa14cbfbbc824f7dc457ed7f2e,7,0,14,1,linux,BFC
7c31335a03b6afff1c474c693c3187f13b8587cc,1032,0,0,2,linux,BIC
3fa8cad82b94d0bed002571bd246f2299ffc876b,0,26,0,3,linux,BIC
a294c199455187d124b0760fa8f86c13cdaa4b25,109,0,2,4,linux,BIC
2ef0170e90391f1adb31c449059b8efdc923707c,0,0,1,1,linux,BFC
504c7bd85c6f9b14b6c7f03cb5885c0818e805ad,4,1,5,1,linux,BFC
4efb2f69411456d35051e9047c15157c9a5ba217,76,16,9,2,linux,BIC
a9a931e2666878343782c82d7d55cc173ddeb3e9,12,2,6,7,linux,BIC
b37bbc8c82517498c52fa07a3963561a60cdfadc,29,38,73,5,linux,BIC
fecbd4a317c95d73c849648c406bcf1b6a0ec1cf,8,0,3,1,linux,BFC
6bdf6abc56b53103324dfd270a86580306e1a232,5,0,0,1,linux,BFC
d19f958db23c14c857e3eaa0cefa6a9c55e1468d,5,1,1,1,linux,BIC
e94bda14325ccf1a519ffb516738d1201457f97f,0,5,7,1,linux,BFC
579006944e0d675361e987c646b83d2d1725966c,129,4,7,5,linux,BIC
d9724772e69cb8076231202292665ca74eec13e1,1,0,11,1,linux,BFC
00d21f325d58567d81d9172096692d0a9ea7f725,0,2,1,1,linux,BFC
ba9989069f4e426b1e0ed7018eacc9e1ba607095,7,0,14,1,linux,BIC
03d92e4779b82e03f3fbf6631156eb0727fc75d4,0,0,8,4,linux,BIC
65816025d46169973d308d83fbcf5c3981ed5621,216,0,0,3,linux,BIC
0ff78adeef117a9aa547e737f635cae8ca2f0c90,4,0,1,1,linux,BIC
15d09e830bbc16880840ac8b01941465602807f4,1736,0,0,1,linux,BIC
233a7cb235318223df8133235383f4c595c654c1,19,20,4,3,linux,BIC
648ef4b88673dadb8463bf0d4b10fbf33d55def8,604,0,5,7,linux,BIC
20a34e78f0d71cab058a943b2e9601b97b761227,5,15,0,1,linux,BIC
4fd1bd443e80b12f0a01a45fb9a793206b41cb72,0,1,0,1,linux,BFC
cea2f7cdff2af520dfeb99eec7a0a0d729a3720f,46,0,7,3,linux,BIC
cfd4921049269ee6765b4a1cb820b95d0df5dda5,4,5,18,3,linux,BFC
08a75f10679470552a3a443f9aefd1399604d31d,0,0,3,2,linux,BFC
58a94a62a53ff76085f8b3face7d9b929b6a34ee,2,0,0,1,linux,BFC
7e6f461efe2554e35b740f3faea2994fc9551947,47,0,16,3,linux,BIC
d8a2c51cdcaee0131c88f49d64b84f1c7361d72c,4,4,33,6,linux,BIC
67314ec7b0250290cc85eaa7a2f88a8ddb9e8547,1,0,0,1,linux,BIC
34c4da6d5dfba48f49f891ebd75bb55999f0c538,0,0,1,1,linux,BFC
b69c2e20f6e4046da84ce5b33ba1ef89cb087b40,0,3,26,1,linux,BIC
8af7779f3cbc1f6720d15f00abc797493710d1ab,4,0,1,2,linux,BIC
5f49f18d27cd6d49c52f2805cd79c2362710a2e9,20,0,0,1,linux,BIC
cc74074ad9369ef54ba5d3b45edc28e9677911e7,2,0,1,1,linux,BFC
eaf5a92ebde5bca3bb2565616115bd6d579486cd,0,5,2,1,linux,BFC
b2d5e9de77c8774a5a6cff59d928f2fa38cbc642,0,0,1,1,linux,BFC
0bf7800f1799b5b1fd7d4f024e9ece53ac489011,3,0,5,1,linux,BIC
e0c0afd8aa4e2f0ecfb7f6d9c4c7f87e07d54132,232,0,0,5,linux,BIC
9a5f91a1d63f3e1fbd2148ffdce5b9ba98cbd88c,4,0,0,1,linux,BFC
2546da99212f22034aecf279da9c47cbfac6c981,2,0,1,1,linux,BFC
77cfe950901e5c13aca2df6437a05f39dd9a929b,0,0,1,1,linux,BFC
85d091a794f883ea19b421c38e158558f9b24b60,2,0,0,1,linux,BFC
ad7f8a1f9ced7f049f9b66d588723f243a7034cd,3221,0,0,2,linux,BIC
63d63cbf5e03f47c99baa0a1ba1c345fe426e3bd,5,0,0,1,linux,BIC
f0fbb114e3025f3f737a1e1c5c39c5b2b2e671bd,52,0,12,4,linux,BIC
265aeb511bd590f193661c6cffff43a8a80755e4,62,0,0,2,linux,BIC
d123fab71f63aae129aebe052664fda73131921a,0,0,2,1,linux,BFC
3ca44c16b0dcc764b641ee4ac226909f5c421aa3,16,22,5,2,linux,BIC
bd9f55ea1cf6e14eb054b06ea877d2d1fa339514,0,0,1,1,linux,BFC
1f6620f87006dc02c608466cd990778aaadf386a,2,0,0,1,linux,BFC
dca4d60f5f8c9263f8f66724fa4750abd32d8db0,2,0,1,1,linux,BFC
003b686ace820ce2d635a83f10f2d7f9c147dabc,4,0,1,1,linux,BFC
35e8c7ba0863acadd4b9badd09740af7a8331125,70,0,1,1,linux,BFC
6a1015b0b4b1f3a0de9e40d2ba86877d13f50918,0,0,1,1,linux,BFC
df513a7711712758b9cb1a48d86712e7e1ee03f4,1,0,1,1,linux,BFC
cb185d5f1ebf900f4ae3bf84cee212e6dd035aca,6,0,3,1,linux,BFC
3e50d2da5850dd126b3e6a6e4387620d55b71db4,74,0,0,1,linux,BIC
33c309ebc797b908029fd3a0851aefe697e9b598,0,0,2,1,linux,BFC
fc3325701a6353594083f08e297d4c1965c601aa,7,5,4,1,linux,BFC
bdd9968d35f7fcdb76089347d1529bf079534214,0,0,1,1,linux,BFC
2af5ae372a4b6d6e2d3314af0e9c865d6d64f8d3,4,1078,26,9,linux,BIC
4b048178854da11656596d36a107577d66fd1e08,0,0,1,1,linux,BFC
db7683d7deb25d6edc9c59ac45c56c6a48a45514,63,36,48,1,linux,BIC
f84f5b6f72e68bbaeb850b58ac167e4a3a47532a,5,5,0,1,linux,BFC
61b9a047729bb230978178bca6729689d0c50ca2,77,12,11,4,linux,BFC
4538c5ed0f7e892f1b643472e48146757d1e60c5,2,0,0,1,linux,BFC
ac9a3d84e121196263636f2d38d439a45888005a,2,0,0,1,linux,BFC
cdb672795876d7bc1870aed9a2d7cb59f43d1d96,42,21,7,1,linux,BFC
c6a8b171ca8e338a3012420041346f0e50f7f649,14,0,5,1,linux,BIC
09938ea9d136243e8d1fed6d4d7a257764f28f6d,0,0,1,1,linux,BFC
814b84971388cd5fb182f2e914265b3827758455,1,0,0,1,linux,BFC
0e71def252815d732f86d11d87d63f7186d9d3be,270,0,0,3,linux,BIC
5eea3a63ff4aba6a26002e657a6d21934b7e2b96,0,0,1,1,linux,BFC
a995e6bc0524450adfd6181dfdcd9d0520cfaba5,22,0,4,1,linux,BIC
01f795f9e0d67adeccc61a8b20c28acb45fa5fd8,120,20,45,2,linux,BIC
0be0debe4a8a6ff0c7b79ca7c16a656204651a69,1,0,0,1,linux,BFC
7bdf4de1267780aa194b3a28c85a6c4d617b0bdb,3,0,16,4,linux,BFC
64989ca4b27acb026b6496ec21e43bee66f86a5b,2,0,3,1,linux,BFC
745d8ae4622c6808b22e33a944c7decb30074be4,28,4,4,4,linux,BIC
e088a685eae94a0607b8f7b99949a0e14d748813,195,0,4,6,linux,BIC
1abe186ed8a6593069bc122da55fc684383fdc1c,1,0,1,1,linux,BFC
839b63860eb3835da165642923120d305925561d,4,0,2,1,linux,BFC
ff974e4083341383d3dd4079e52ed30f57f376f0,41,0,0,1,linux,BIC
5d77aa07bd2f4aa940c80a0d97471201b4a6a282,5,1,1,2,linux,BFC
18db229d30cd19c987885b79b90344ae061e870e,0,0,1,1,linux,BFC
e211288b72f15259da86eed6eca680758dbe9e74,10,0,5,1,linux,BIC
78fd584cdec0518075cf3aa75e5ec491cc8f3ff3,161,0,6,5,linux,BIC
de92cd6cf4899c0876a8f5519769a786ad7cdeea,0,2,1,1,linux,BFC
0369f6a34b9facd16eea4236518ca6f9cbc9e5ef,245,0,0,1,linux,BIC
5b35047eb467c8cdd38a31beb9ac109221777843,5,3,11,1,linux,BFC
1d1c3436119a6fb92adb8ae72d9a1bcb7f5d0d6a,2,0,0,1,linux,BFC
69baf338fc16a4d55c78da8874ce3f06feb38c78,6,0,1,2,linux,BFC
9cbadf094d9d479413dc8cfa77dff9e732184337,7,0,1,3,linux,BIC
0496743b202ac0f2710ae243a493118ca5096c04,5,0,15,1,linux,BFC
5b7b30864d1d18605e9ad81f2cd1eee6927399df,38,29,1,1,linux,BIC
cb2f97d89f383dafa822bce66f0c3514dfb135b8,3,2,24,2,linux,BFC
f9f28cdf21679792c30d9f5eebd01b7e04fe658f,20,0,3,2,linux,BIC
b9b9f9fea21830f85cf0148cd8dce001ae55ead1,1,0,6,1,linux,BFC
5e0fab57fb3e0e553758067a15eefdc796ef0a76,1,0,0,1,linux,BFC
500a32abaf818b3f4afe5b7f0ba9ca9b7a3aa65e,1,0,1,1,linux,BIC
342ed2400b78072cc01c0130ce41240dec60d56d,0,1,0,1,linux,BFC
21c00e5df4397870ee835c974bf50570f9d24253,36,4,12,1,linux,BIC
4664610537d398d55be19432f9cd9c29c831e159,0,0,1,1,linux,BFC
b74ae9618b15de8e9d5a08bc1fb2eeaf504986d4,0,0,3,1,linux,BFC
5939eaf4f9d432586dd2cdeea778506471e8088e,0,0,1,1,linux,BFC
d6b636ebb1c9f412687a7b6ed97c996247cc2380,28,9,3,4,linux,BIC
5b01e4b9efa0b78672cbbea830c9fbcc7f239e29,20,0,1,4,linux,BIC
615d66c37c755c49ce022c9e5ac0875d27d2603d,12,0,6,1,linux,BIC
fdc12231d885119cc2e2b4f3e0fbba3155f37a56,0,0,1,1,linux,BFC
034263a3b9a9d02de81ebafe40e77c6cde80d23f,0,0,12,2,linux,BFC
8b4c3cdd9dd8290343ce959a132d3b334062c5b9,16,0,4,1,linux,BIC
49bd54b390c2095708faec9c4d2f9fde4acf2f59,23,0,0,4,linux,BIC
9578bcd0bb487b8ecef4b7eee799aafb678aa441,1,0,1,1,linux,BFC
ca69e2d165eb3d060cc9ad70a745e27a2cf4310b,101,6,4,1,linux,BIC
fbed9d2be292504e04caa2057e3a9477a1e1d040,9,3,3,1,linux,BIC
8b3f2eb038d3098b37715afced1e62bbc72da90f,0,0,1,1,linux,BFC
10d83e11a582631a14579a087a55608075c6f539,3,2,11,1,linux,BIC
da1ce0670c14d8380e423a3239e562a1dc15fa9e,90,0,41,5,linux,BIC
a33912061607979380e070af63a9adeef0a16246,4,2,1,1,linux,BFC
667298ceaf042e28b856478e02cfa2cbe8ed83c6,6,2,0,1,linux,BFC
1cd472bf036ca038e783ef5f058f54e45b7e8180,161,0,0,2,linux,BIC
95fb6144bb2222b4c0189e76c1aae006b0a02bff,0,0,1,1,linux,BFC
b7ce40cff0b9f6597f8318fd761accd92727f61f,7,5,26,2,linux,BIC
bc561632dddd5af0c4444d919f01cbf6d553aa0a,0,0,2,1,linux,BFC
67f29896fdc83298eed5a6576ff8f9873f709228,7,0,0,1,linux,BFC
98012849e0cbf980326f8e34d571f4474866a88e,30,32,28,2,linux,BFC
db1d36a27324d51e62944f702a4d2d50548896ee,137,0,2,1,linux,BIC
cf21e9ba1eb86c9333ca5b05b2f1cc94021bcaef,1,0,0,1,linux,BFC
6d3b5d8d8dd1c14f991ccab84b40f8425f1ae91b,0,0,1,1,linux,BFC
2cea3ec5b0099d0e9dd6752aa86e08bce38d6b32,2,0,0,1,linux,BFC
c7b205fbbf3cffa374721bb7623f7aa8c46074f1,0,0,2,1,linux,BFC
74e21484e40bb8ce0f9828bbfe1c9fc9b04249c6,1,0,1,1,linux,BFC
e185934ff94466b4a449165e5f1c164a44d005f2,1,0,0,1,linux,BFC
cb011044e34c293e139570ce5c01aed66a34345c,6,0,3,1,linux,BIC
d7abd054201377aa441411ca081bd903fba82ce0,27,3,9,1,linux,BFC
57b0e31453209d746c99e513d80b3d0c44a80891,2,0,0,1,linux,BFC
f8817f61e8215b0ff1b73a0d33fa04ef9e6bce8b,7,16,4,1,linux,BFC
d4c26eb6e721683a0f93e346ce55bc8dc3cbb175,2,0,0,1,linux,BFC
3501f0c663063513ad604fb1b3f06af637d3396d,1,0,0,1,linux,BFC
9c34e38c4a870eb30b13f42f5b44f42e9d19ccb8,9,0,4,1,linux,BFC
55e77a3e8297581c919b45adcc4d0815b69afa84,0,0,1,1,linux,BFC
9251345dca24b62b14e4e53e6ee3387ae7d9c790,324,0,0,6,linux,BIC
30e103fe24debce6f35f2e53cc763ed7be292df3,181,34,19,4,linux,BIC
d668dbaebe430af8843ca6e83c1e44fd1efb20aa,4,4,2,3,linux,BFC
3993a799fc971bc9b918bd969aa55864447b5dde,0,0,1,1,linux,BFC
cea15316ceee2d4a51dfdecd79e08a438135416c,0,0,1,1,linux,BFC
a6dbe442755999960ca54a9b8ecfd9606be0ea75,5,6,2,1,linux,BIC
55e610cdd28c0ad3dce0652030c0296d549673f3,0,2,1,1,linux,BFC
1104d9ba443a3972052ea4eaa01e51f9ee084652,15,3,1,2,linux,BIC
4fae16dffb812f0e0d98a0b2b0856ca48ca63e6c,10,5,1,2,linux,BFC
33cdce6293dcc0b10dcaa8bb5e6fdc8e56b5968f,42,0,14,1,linux,BIC
fcc77f507333776eaa336ab4ff49c23422f53703,9,0,8,2,linux,BIC
e8478e80e5a74f4ce47b043735f0066588fb64c7,19,22,4,3,linux,BIC
27de77cec985233bdf6546437b9761853265c505,3,0,2,2,linux,BFC
8d1e3dca7de6e8513872799a748a1d47d8dce60d,246,0,0,2,linux,BIC
71ad7490c1f32bd7829df76360f9fa17829868f3,55,4,2,1,linux,BIC
c5e483b77cc2edb318da152abe07e33006b975fd,0,7,1,1,linux,BFC
476dec012f4c6545b0b7599cd9adba2ed819ad3b,40,2,57,1,linux,BIC
7eb6b35d93c356f1afebbfb808bc296d6351e708,0,49,0,1,linux,BFC
490d84f6d73c12f4204241cff8651eed60aae914,2,0,0,1,linux,BFC
49f1c68e048f1706b71c8255faf8110113d1cc48,46,0,21,1,linux,BIC
4c4a39dd5fe2d13e2d2fa5fceb8ef95d19fc389a,6,0,3,3,linux,BFC
0b4f5c95fba2ec004960e2bcf849548a863f7495,44,5,21,1,linux,BFC
008095e065a85a13ffb41b9c98149456267c30b8,586,10,14,5,linux,BIC
db34a4714c013b644eec2de0ec81b1f0373b8b93,2,1,0,1,linux,BFC
501db511397fd6efff3aa5b4e8de415b55559550,0,2,0,1,linux,BFC
3696c952da0733b843c8da3441345055b1cbacd9,0,0,1,1,linux,BFC
c925dc162f770578ff4a65ec9b08270382dba9e6,0,0,1,1,linux,BFC
2572ac53c46f58e500b9d8d0f99785666038c590,23,11,102,32,linux,BIC
2d57b4f142e0b03e854612b8e28978935414bced,7,0,0,1,linux,BFC
1739c7017fb1d759965dcbab925ff5980a5318cb,56,0,0,1,linux,BFC
d0b7721c5e0d940a514fbff40b9d7bae92735f7a,0,0,1,1,linux,BFC
ad05df399f3343b10664827a3860669a8a80782d,0,1,0,1,linux,BFC
34c2c4f632f232ed2fdb66d4e42cc72d322273fe,9,0,2,2,linux,BFC
4d4e41aef9429872ea3b105e83426941f7185ab6,0,0,1,1,linux,BFC
8d726c5128298386b907963033be93407b0c4275,4,0,2,1,linux,BFC
f16f5be31009e228ed8366cd6cd24341040063bb,140,0,8,5,linux,BFC
52414d3302577bb60e4ba3c21b7957da7c7a8d21,0,0,1,1,linux,BFC
1c90308e7a77af6742a97d1021cca923b23b7f0d,7,4,7,1,linux,BIC
624cf5b538b507293ec761797bd8ce0702fefe64,16,0,2,1,linux,BFC
d92e279dee56b4b65c1af21f972413f172a9734a,16,0,0,1,linux,BIC
14ea4a470494528c7e88da5c4116c24eb027059f,0,40,4,1,linux,BFC
deb0814b43f370a448a498409d949e38c9d8f02e,30,1,3,3,linux,BIC
fea23fb591cce99546baca043d2a068228e87a79,1,67,45,3,linux,BIC
8c3a8181a46b55ec0ab9dee3c178ba2b2b6ed77b,0,2,11,1,linux,BFC
3d63b7e4ae0dc5e02d28ddd2fa1f945defc68d81,3,0,5,1,linux,BFC
372ee16386bbf6dc5eeb0387e1ede963debba82a,83,145,131,13,linux,BIC
4f3882177240a1f55e45a3d241d3121341bead78,8,0,4,1,linux,BIC
aa54ea903abb02303bf55855fb51e3fcee135d70,2,0,0,1,linux,BFC
f870c1ff65a6d1f3a083f277280802ee09a5b44d,5,0,0,1,linux,BFC
907b7835799f741bf80e18b635555dc332ca9863,107,0,0,3,linux,BIC
7c1a80e80cde008f271bae630d28cf684351e807,10,0,0,1,linux,BFC
e89f5b37015309a8bdf0b21d08007580b92f92a4,3,4,2,2,linux,BFC
d3b9e8ad425cfd5b9116732e057f1b48e4d3bcb8,2,1,9,1,linux,BFC
bf00dc22bc7a72d58fd1945814321b30948dc83b,95,0,1,3,linux,BIC
0d25d35c987d7b0b63368d9c1ae35a917e1a7bab,0,0,1,1,linux,BFC
c3c28d24d910a746b02f496d190e0e8c6560224b,2,0,0,1,linux,BFC
dc7005831523d674be11a98f3256e0cc871157d6,148,0,0,1,linux,BIC
c2a3831df6dc164af66d8d86cf356a90c021b86f,0,0,1,1,linux,BFC
1e321fa917fb2d30d39ff1c6ea89d6f1cf4f34a5,12,4,4,2,linux,BIC
c6ca7616f7d5c2ce166280107ba74db1d528fcb7,1010,130,37,3,linux,BIC
d4568fc8525897e683983806f813be1ae9eedaed,6,0,10,2,linux,BFC
bc341a1a98827925082e95db174734fc8bd68af6,0,0,1,1,linux,BFC
b90dc17a5d14a881f9bb3b58edb3d71075d58afb,14,0,0,2,linux,BIC
85704cb8dcfd88d351bfc87faaeba1c8214f3177,5,0,4,1,linux,BIC
adb3dccf090bc53ce177cd30bbe5b985336a6f66,141,22,13,4,linux,BIC
a3094fc1a15eff0f69f6fdc335b1b21081b27a74,87,0,0,1,linux,BIC
856c7ccb9ce7a061f04bdf586f649cb93654e294,0,0,3,1,linux,BFC
fffdaef2eb4a7333952e55cf97f1fc0fcc35f981,487,8,5,7,linux,BIC
b614d55b970d08bcac5b0bc15a5526181b3e4459,0,0,1,1,linux,BFC
de37458f8c2bfc465500a1dd0d15dbe96d2a698c,2,0,6,1,linux,BFC
faebad853455b7126450c1690f7c31e048213543,0,2,1,1,linux,BFC
33c162a980fe03498fcecb917f618ad7e7c55e61,15,0,9,3,linux,BIC
da96cfc133350024ba68ef3289faeb539ee13872,6,6,1,1,linux,BFC
2fc2b430f559fdf32d5d1dd5ceaa40e12fb77bdf,25,1,7,1,linux,BFC
ee7bc3cdc2702ba36930d477b76dacd5b18e8956,10,0,9,1,linux,BFC
c950fd6f201aea649932898206a850f0a7f25603,11,0,10,5,linux,BIC
5b61178cd2fd67890a70ae9febbd4df20bbd8c40,7,0,0,1,linux,BFC
361f8aee9b093526297d567a9dc2f6cbf746e5f9,93,0,0,1,linux,BIC
3486d2c9be652a31033363bdd50391b0c8a8fe21,2,0,2,2,linux,BFC
3fd3a6ffe279827543cbf4063e307ed18bad6763,2,7,46,2,linux,BIC
e1354400b25da645c4764ed6844d12f1582c3b66,8,0,1,2,linux,BIC
ec60d95b4faccd61c7ce10316ebc9333f2d7674a,33,0,0,1,linux,BIC
779c88c94c34bd3b521da97b456a1aa51d870dec,0,0,1,1,linux,BIC
33c74535b03ecf11359de14bc88302595b1de44f,1,0,0,1,linux,BFC
104ea556ee7f40039c9c635d0c267b1fde084a81,367,23,57,7,linux,BIC
ce4f17d076f02b0c97416115948314dfb95aa85a,1,0,0,1,linux,BFC
bf25dac38f71d392a31ec074f55cbc941f1eaf1d,0,0,2,1,linux,BFC
4e3ec9e407ad5058003309072b37111f7b8c900a,1361,0,0,1,linux,BIC
4ad48e6ab18c86255f534a2cdcba5a4ead57a15f,498,0,0,1,linux,BIC
fb59a9209cba7d2bc9eaf3e8b54bdde89640b0b4,7,0,0,3,linux,BFC
958d104e3d40eef5148c402887138f6594ff7e1e,4,0,3,1,linux,BFC
5b83683f32b113d07edfb67a33ce389fc624423d,733,0,3,6,linux,BIC
7c8d9e7c8863905951d4eaa7a8d277150f3a37f7,112,91,38,6,linux,BIC
30cc4587659e1c9b1bfade8b2a757d91e04758ab,0,65,4,6,linux,BIC
297c4f3dcbffe11ce899a7d068ea18079094403b,50,1,8,1,linux,BIC
7f0cc34b5349cfb2867358737b3338cb2fcbc354,10,0,0,2,linux,BIC
08d4ca2a672bab34e6640ffa946844d09d4f6f60,29,4,2,1,linux,BIC
e780149bcd4be171421535db0514fa9ff556cb87,6,0,7,1,linux,BFC
c2d405aa86b451f197ee95cb08887130b86b765e,595,0,0,1,linux,BIC
047fdea6341966a0898e3b16c51f54d4f5ba030a,1,0,0,1,linux,BFC
46e700abc44ce215acb4341d9702ce3972eda571,6,0,0,1,linux,BIC
fa729c4df558936b4a1a7b3e2234011f44ede28b,35,0,1,2,linux,BFC
6922110d152e56d7569616b45a1f02876cf3eb9f,1,0,2,1,linux,BFC
c8895e271f7994a3ecb13b8a280e39aa53879545,107,2,28,1,linux,BIC
fbfdc1b6f80abc40cb1f7bac68248b899754d8be,0,0,1,1,linux,BFC
ffeb883e5662e94b14948078e85812261277ad67,33,12,11,3,linux,BIC
31e87b39ba9d47cf31f5a91dd3cc9680f5987d12,3,6,18,3,linux,BIC
8c297fbdc3a412f6874afade72540470b6ab34ee,1,0,0,1,linux,BFC
0ff50e83b5122e836ca492fefb11656b225ac29c,3,0,2,1,linux,BIC
4363f3d3ce8f5440dfbcd66b6a6800b42a58ba6a,32,0,14,5,linux,BIC
c7302f204490f3eb4ef839bec228315bcd3ba43f,235,66,65,16,linux,BFC
2de0147d77168d6a227c00eb9c5a49374e1582a3,19,12,7,2,linux,BFC
ae3696c167cc04d32634c4af82f43b446c5176b0,2,0,8,1,linux,BFC
098ce840c9ef7b474437a766a0f9759b5c3e1ae6,136,0,17,2,linux,BIC
84965ff8a84f0368b154c9b367b62e59c1193f30,7,0,1,1,linux,BIC
13769ebad0c42738831787e27c7c7f982e7da579,38,0,0,1,linux,BFC
040d2bb318d1aea4f28cc22504b44e446666c86e,9,0,0,4,linux,BIC
0dcf8febcb7b9d42bec98bc068e01d1a6ea578b8,13,21,5,2,linux,BFC
2eda7f11000646909a10298951c9defb2321b240,5,0,1,1,linux,BFC
9332f3b1b99a7cb738755b138988838d33ba6748,13,16,57,1,linux,BIC
8e0428a7e7a8e521540f7f87ce1c55ae04acd708,0,0,1,1,linux,BFC
fae3fde65138b6071b1b0e0b567d4058a8b6a88c,102,135,66,3,linux,BIC
c4842d4d0f744bf419a1b011fa3ce0ed98fcdc10,129,78,4,4,linux,BIC
aba7d14ba18c93a2ab37d50b057a885964ef285c,0,2,0,2,linux,BFC
51a630a7051f7f4f1cfdd64c20c7110f9907c230,2,0,2,1,linux,BFC
a6f402e4990145252ce4fde59b273fa7e4f91e1b,11,2,15,2,linux,BIC
987c658a61f432804c4662b736dbd5fc5939af1f,1,0,2,1,linux,BFC
66922f850910056a2a3193388dd69b900e824717,0,0,1,1,linux,BFC
d9cdc903318171571f1cd1e5737fd0cab94186be,22,0,1,1,linux,BIC
61c40f35f5cd6f67ccbd7319a1722eb78c815989,38,0,0,1,linux,BIC
3f26c88bd66cd8ab1731763c68df7fe23a7671c0,0,0,3,1,linux,BFC
7c30f352c852bae2715ad65ac4a38ca9af7d7696,1,6,2,1,linux,BIC
a225762057d6818e4a75ad5c2c16495662d71495,0,0,2,1,linux,BFC
51cb8e206afd463e66f16869e5ddc95bef107142,0,0,1,1,linux,BFC
3510955b327176fd4cbab5baa75b449f077722a2,0,0,1,1,linux,BFC
175302f6b79ebbb207c2d58d6d3e679465de23b0,0,1,1,1,linux,BFC
eb1d969203eb8212741751f88dcf5cb56bb11830,8,0,0,1,linux,BFC
2fe1bc1f501d55e5925b4035bcd85781adc76c63,26,0,1,2,linux,BIC
6dc080eeb2ba01973bfff0d79844d7a59e12542e,0,0,1,1,linux,BFC
545e5c571662b1cd79d9588f9d3b6e36985b8007,1,0,0,1,linux,BFC
9d2aa6dbf87af89c13cac2d1b4cccad83fb14a7e,0,0,1,1,linux,BFC
4bba66899ac654cb7c940a3af35d496a0b1952f0,232,0,0,1,linux,BIC
43537b8e2dc515e037e855504db3f6c7cf73c79f,3,0,0,1,linux,BFC
8e24edddad152b998b37a7f583175137ed2e04a5,4,2,0,1,linux,BFC
cd3bafc73d11eb51cb2d3691629718431e1768ce,1,0,0,1,linux,BFC
e2dcdfe95c0bd67e37db6057edd9c4ee1f1c7b17,17,0,0,2,linux,BIC
4d97f7d53da7dc830dbf416a3d2a6778d267ae68,8,0,2,3,linux,BIC
6ac04bdc5edb418787ab2040b1f922c23464c750,88,0,13,5,linux,BIC
971f10eca186cab238c49daa91f703c5a001b0b1,25,8,5,4,linux,BIC
4ce20abc645fc1822e86d9845a8562347e877b36,21,15,1,1,linux,BIC
f13cff6c25bd8986627365346d123312ee7baa78,1,0,2,1,linux,BFC
b28f047b28c51d0b9864c34b097bb0b221ea7247,47,0,3,5,linux,BIC
95ff4ca26c492fc1ed7751f5dd7ab7674b54f4e0,124,24,5,3,linux,BIC
b9abbdfa88024d52c8084d8f46ea4f161606c692,0,2,1,1,linux,BFC
bf2a952d31d2cd28bb3454f15645a76fda70addd,3861,0,0,2,linux,BIC
e6e094e053af75cbc164e950814d3d084fb1e698,1,0,2,2,linux,BIC
c86a2d9058c5a4a05d20ef89e699b7a6b2c89da6,1,0,3,1,linux,BFC
59a4e0d5511ba61353ea9a4efdb1b86c23ecf134,1,0,1,1,linux,BFC
d7400a2f3e295b8cee692c7a66e10f60015a3c37,0,0,1,1,linux,BFC
df24e1783e6e0eb3dc0e3ba5a8df3bb0cc537408,199,54,111,15,linux,BIC
fbd185986ebafaeac900a1af1829fed2bf03242e,10,2,2,3,linux,BIC
40b960831cfa8ee34d4b1035ddd7074bc5b01ecf,25,1,4,2,linux,BIC
4a7695429eade517b07ea72f9ec366130e81a076,330,0,0,1,linux,BIC
3baf7528d6f832b28622d1ddadd2e47f6c2b5e08,2,3,15,5,linux,BFC
368494093354ac613a80c2e1d77602aa12473cf0,59,2,1,2,linux,BIC
5948378b26d89f8aa5eac37629dbd0616ce8d7a7,0,0,1,1,linux,BFC
37850e37fcfb4dd831bc9e33221e8c49a732956f,21,7,2,1,linux,BFC
4296adc3e32f5d544a95061160fe7e127be1b9ff,0,0,2,1,linux,BFC
363887a2cdfeb6af52a9b78d84697662adf6f8d5,17,0,1,2,linux,BIC
58874c7b246109d8efb2b0099d1aa296d6bfc3fa,1,0,0,1,linux,BFC
7b73ce9d4cd851b81e43025b44813de9920d0b7d,0,0,3,1,linux,BFC
6f82b25587354ce7c9c42e0b53d8b0770b900847,0,31,15,1,linux,BIC
c6894dec8ea9ae05747124dce98b3b5c2e69b168,8,0,0,1,linux,BFC
a1d032a49522cb5368e5dfb945a85899b4c74f65,4,0,1,1,linux,BFC
4c761ebfcb2d04ee36783c4c8c45ae00caf59d36,0,0,2,2,linux,BFC
3b14c15a333b8225ea38479e13c0366539d3374a,0,0,30,7,linux,BIC
3c1c0f5dc80bbde5baef2403cc6a0d33c9824d2d,4,7,1,1,linux,BIC
3f6e3246db0e6f92e784965d9d0edb8abe6c6b74,6,0,0,1,linux,BIC
76385a665ff5cfdf0a6dda43ec9bce7e7d5387d3,0,0,1,1,linux,BFC
d37823c3528e5e0705fc7746bcbc2afffb619259,5,0,33,3,linux,BFC
dbd138dfeb74f6e5e80496702d37c89248faaec4,4,2,0,1,linux,BFC
0eadf37afc2500e1162c9040ec26a705b9af8d47,3,26,11,1,linux,BIC
9d2ee0a60b8bd9bef2a0082c533736d6a7b39873,55,0,3,1,linux,BFC
2a0cb4e2d423c8aeafa79945279246f6b35ea8cf,137,0,0,3,linux,BIC
85a7555575a0e48f9b73db310d0d762a08a46d63,1,0,2,1,linux,BFC
998c0bd2b3715244da7639cc4e6a2062cb79c3f4,15,0,0,2,linux,BFC
b4576de87243c32fab50dda9f8eba1e3cf13a7e2,0,0,1,1,linux,BIC
7959cf3a7506d4a2100d5d6f37f605c2f54af488,38,0,11,1,linux,BIC
23cbb41c939a09a4b51eabacdb1f68af210c084d,38,27,3,1,linux,BIC
ef65c702d40637ed9ee25edc8e8a994168a32377,3,0,3,1,linux,BFC
7607c44c157d343223510c8ffdf7206fdd2a6213,6,0,3,1,linux,BFC
db3e1c40cf2f973fbdd52ae0b59a9472b1c04f4a,630,0,0,3,linux,BIC
ba6c4c094470dc83a7275000bac2fbd46bd5ab69,7,0,2,1,linux,BFC
cfe355c56e3a5eb993fd4ea807b60f34f91b0cde,10,0,16,1,linux,BFC
ab482c6b66a4a8c0a8c0b0f577a785cf9ff1c2e2,1,1,1,2,linux,BFC
649671c90eaf3cbbd0cd03460b6a92c0b674a32e,0,8,20,1,linux,BIC
c2f89219f559502c9292d79f695bab9dcec532d1,2,0,0,1,linux,BFC
bb4785551f64e18b2c8bb15a3bd2b22f5ebf624d,1097,0,0,2,linux,BIC
a70587b3389ae4a97f2b51153cc86b4c1769dcf5,48,0,11,1,linux,BIC
b7a78a8adaa8849c02f174d707aead0f85dca0da,0,0,2,1,linux,BFC
3eb4ee68254235e4f47bc0410538fcdaede39589,6,0,0,1,linux,BFC
421c8d9a20da92deed2dac227e7ebdee7eb3e88f,42,0,0,3,linux,BIC
d9539752d23283db4692384a634034f451261e29,26,0,0,3,linux,BFC
ff6c923dbec332dd6c6f649b754f4edd8f0a3c50,2,0,3,1,linux,BIC
6c53b45c71b4920b5e62f0ea8079a1da382b9434,6,6,0,1,linux,BFC
e0e0747de0ea3dd87cdbb0393311e17471a9baf1,0,0,1,1,linux,BFC
83f0a0b7285b299e006b0698a0ddc1ffacff3e43,18,0,5,2,linux,BIC
1c8fce27e275fd7c6b75bc6455745f02d3903ee6,687,571,0,5,linux,BIC
80c9abaabf4283f7cf4a0b3597cd302506635b7f,467,0,0,4,linux,BIC
175ad2ec89feb8c01f87be64882af67481b1b1f5,30,25,2,4,linux,BFC
5e2f30b756a37bd80c5b0471d0e10d769ab2eb9a,11,10,21,2,linux,BIC
995891006ccbb73c0c9c3923cf9d25c4d07ec16b,0,0,1,1,linux,BFC
1fadee0c364572f2b2e098b34001fbaa82ee2e00,28,0,2,2,linux,BIC
93a97c50cbf1c007caf12db5cc23e0d5b9c8473c,2,0,1,1,linux,BFC
af505cad9567f7a500d34bf183696d570d7f6810,0,0,1,1,linux,BFC
90db8bf24d133654032a1c7dd46aa5096627b9ff,0,0,1,1,linux,BFC
864dc729d528560e8d204267d66dae59972f462c,15,11,18,1,linux,BIC
6c5aa6fc4defc2a0977a2c59e4710d50fa1e834c,316,0,10,1,linux,BIC
468c398233da208521a0f84c2068012a66a7489d,18,16,13,4,linux,BIC
317314527d173e1f139ceaf8cb87cb1746abf240,2,0,6,1,linux,BFC
8f9a5249e3d96f7698ea9661da4ba14700b3c01b,7,0,7,1,linux,BIC
0cbb4f9c69827decf56519c2f63918f16904ede5,0,0,1,1,linux,BFC
6ebc16e206aa82ddb0450c907865c55bcb7c0f43,10,0,1,1,linux,BFC
5351fbb1bf1413f6024892093528280769ca852f,0,0,2,1,linux,BFC
6583f6fb82296b737053dff154a1e7a9c174754e,1,0,0,1,linux,BFC
0feaf86d4e69507ab9b2af7dcc63a6886352d5db,3005,0,7,11,linux,BIC
2227816e647ae9f55935719f0ef05453eaf3fac7,39,0,4,2,linux,BIC
53e20f2eb161fbe9eea28b54dccc870cec94eca2,0,0,1,1,linux,BFC
db21997379906fe7657d360674e1106d80b020a4,16,0,9,2,linux,BIC
860dafa902595fb5f1d23bbcce1215188c3341e6,1,0,25,3,linux,BFC
a0e813f26ebcb25c0b5e504498fbd796cca1a4ba,6,0,11,6,linux,BFC
9a231caa77c3afdf775bcc9b7c403244deb3d539,0,0,1,1,linux,BFC
0e4e729a830c1e7f31d3b3fbf8feb355a402b117,4,1,2,1,linux,BFC
250b044e1a584887c06e6ba79446e523ffa3cc9c,1,0,0,1,linux,BFC
a93b632c4531ff50c43d658447a45cbc11f488fd,0,0,1,1,linux,BFC
c16edf5ff8ece9c4135175da4103cee1bec360be,0,7,1,1,linux,BFC
65101aeca52241a05e66f23c96eb896c9412718d,45,26,15,3,linux,BIC
769fc8d4182c1d1875db7859852afeb436714c5c,6,0,2,1,linux,BFC
f3c0eba287049237b23d1300376768293eb89e69,19,0,0,2,linux,BIC
e862825dcf74203c5ab60335c341766808f47507,2,0,2,1,linux,BFC
995df527f3990d91fe8f3d7d1917a7adc3938320,19,0,0,1,linux,BIC
4a2c94c9b6c03af61b04993340bd9559e2277de4,7,0,0,3,linux,BIC
c9a3545b1d771fb7b06a487796c40288c02c41c5,8,0,0,1,linux,BFC
a0ffc51e20e90e0c1c2491de2b4b03f48b6caaba,3,0,1,1,linux,BFC
383fb3ee8024d596f488d2dbaf45e572897acbdb,59,13,2,4,linux,BIC
2fbb397f584077e3c90abd06829f5a1f66fdd5f4,2,2,2,1,linux,BFC
a0302ff5906ac021d1d79cecd7b710970e40e588,0,2,5,1,linux,BIC
24ded292a5c2ed476f01c77fee65f8320552cd27,7,0,3,1,linux,BFC
0556cbdc2fbcb3068e5b924a8b3d5386ae0dd27d,0,7,0,1,linux,BIC
401891a9debaf0a684502f2aaecf53448cee9414,4,4,2,2,linux,BFC
791eccd94965a8029ae09c5530bcb9a76794e408,4,0,0,1,linux,BFC
b66eb3a6e427b059101c6c92ac2ddd899014634c,0,0,3,1,linux,BFC
179e44d49c2f6f4e90479f0a98d896e415742c96,87,0,1,2,linux,BIC
a99a3e2efaf1f4454eb5c9176f47e66de075b134,12,12,1,3,linux,BIC
33dccbb050bbe35b88ca8cf1228dcf3e4d4b3554,96,31,22,3,linux,BIC
a8ea8bdd9df92a0e5db5b43900abb7a288b8a53e,2061,0,10,13,linux,BIC
c62b37d96b6eb3ec5ae4cbe00db107bf15aebc93,51,38,100,34,linux,BIC
4ea3711aece423a160c5b341ba531ccc81c009d1,61,0,19,1,linux,BIC
55231e5c898c5c03c14194001e349f40f59bd300,0,0,1,1,linux,BFC
9c7248bb8de31f51c693bfa6a6ea53b1c07e0fa8,7,0,3,1,linux,BFC
c8c16f59b3d814a72d81e291d101d093b1383056,0,5,1,1,linux,BFC
43a942d27eaaf33bca560121cbe42f3637e92880,22,0,0,1,linux,BFC
6c89928ff7a0f7b4ebc2ac1acab9f99d5f50ed75,39,8,10,1,linux,BIC
ebbbe23fdf6070e31509638df3321688358cc211,1,0,0,1,linux,BFC
f6279f113ad593971999c877eb69dc3d36a75894,5,0,0,1,linux,BFC
64403612b73a94bc7b02cf8ca126e3b8ced6e921,0,12,22,4,linux,BIC
3bb8b653c86f6b1d2cc05aa1744fed4b18f99485,10,0,2,1,linux,BFC
e02d026f08f1fedb8c94d6f659ccc7c6ce1043f3,0,0,1,1,linux,BFC
daf3999c12dcef14151710052fca9adfbc3967bc,72,0,2,2,linux,BFC
730c5fd42c1e3652a065448fd235cb9fafb2bd10,55,22,17,4,linux,BIC
eca4205f9ec3bea2d5aad0493c19f5d2675a20fc,256,0,0,2,linux,BIC
be4b61ec45b3efe5e9077525fc92d544305eb2a6,1,0,0,1,linux,BFC
144cb08864ed44be52d8634ac69cd98e5efcf527,1,0,0,1,linux,BFC
44ba9786b67345dc4e5eabe537c9ef2bfd889888,0,0,1,1,linux,BFC
645603844270b69175899268be68b871295764fe,0,0,1,1,linux,BFC
acf69c946233259ab4d64f8869d4037a198c7f06,5,0,1,1,linux,BFC
81eef6ca92014845d40e3f1310e42b7010303acc,0,30,10,1,linux,BIC
06b4501e88ad10f02849a3f9d7408ed6ae15a53f,428,0,0,2,linux,BIC
b81bede4d138ce62f7342e27bf55ac93c8071818,2,0,0,1,linux,BFC
e0b212ec9d8177d6f7c404315293f6a085d6ee42,2,0,1,1,linux,BFC
b7079eeac5da0d50a89a73969ff390e8cdecec44,51,0,4,4,linux,BIC
805dc614d58a8fb069ed079005e591247df85246,127,0,98,3,linux,BIC
61a6d854b9555b420fbfae62ef26baa8b9493b32,0,0,1,1,linux,BFC
34243b9ec856309339172b1507379074156947e8,3,0,1,1,linux,BFC
7e87d11c9bda75816ced8d0895e8d24e5c52833a,348,0,0,1,linux,BIC
579d1b3faa3735e781ff74aac0afd598515dbc63,6,6,1,1,linux,BFC
3bf8bdcf3bada771eb12b57f2a30caee69e8ab8d,21,7,20,1,linux,BFC
d7cce96c449e35bbfd41e830b341b95973891eed,3,0,0,1,linux,BFC
1d5bfe1ffb5b9014ea80bcd8a40ae43a3e213120,4,0,2,1,linux,BFC
d173b65aa75fe8d97bccf429c001633910d20bfb,0,0,1,1,linux,BFC
eea8148c69f3aecbf297b12943a591467a1fb432,7,2,3,5,linux,BFC
a9471e25629b02f8a110232994dc4b63788e766f,760,0,1,5,linux,BIC
4931e0c93e124357308893a3e5e224cbeeabc721,2,0,1,1,linux,BFC
e1f469cd5866499ac40bfdca87411e1c525a10c7,0,0,11,1,linux,BFC
53d374979ef147ab51f5d632dfe20b14aebeccd0,0,12,0,1,linux,BFC
00e27eeb75bb91798225cfb1ab9f6b9e13d3d639,12,3,2,1,linux,BFC
ce25d66ad5f8d921bac5fe2d32d62fa30c0f9a70,0,0,11,2,linux,BFC
39323e788cb672adba8709ca407bd6763aae577d,0,0,2,1,linux,BIC
1388875b391689459659335a1fdbe5c5d45f3500,43,0,2,1,linux,BIC
3c293f4e08b58ad5b78f78d89ca1fd41f87f8729,19,1,1,1,linux,BIC
08fe7ae1857080f5075df5ac7fef2ecd4e289117,0,0,1,1,linux,BFC
7b464c9fa5cc2723508d394e389f72f0def24705,17184,0,0,6,linux,BIC
796f2da81bead71ffc91ef70912cd8d1827bf756,3,0,5,1,linux,BFC
533b4f3a789d49574e7ae0f6ececed153f651f97,0,0,1,1,linux,BFC
5357402398784bec925391e8d6b79d380e7b2f50,8,0,2,1,linux,BFC
d0b040f5f2557b2f507c01e88ad8cff424fdc6a9,0,0,1,1,linux,BFC
d5f871f89e21bb71827ea57bd484eedea85839a0,122,13,55,4,linux,BIC
4c3ef6d79328c0e23ade60cbfc8d496123a6855c,91,0,3,4,linux,BIC
2a49a78ed3c8d7c8319595270110c69f99c61a74,317,14,128,4,linux,BIC
3855ba2d834d8f7727b7f992ff781fa66cc09f96,1,0,1,1,linux,BFC
1281b7459657abcd6db74fbfbf9b20717de8966c,5,5,0,1,linux,BFC
0cfe75c5b011994651a4ca6d74f20aa997bfc69a,68,7,0,1,linux,BIC
acc6c5953af1949fc17c09cacd4842f149b4569d,117,46,31,4,linux,BIC
f614fc15ae39ceb531586e3969f2b99fd23182a0,0,0,1,1,linux,BFC
1a8e9cf40c9a6a2e40b1e924b13ed303aeea4418,1,0,0,1,linux,BFC
2b2985a417c7ca1752a4f0b2631cf916dabd43b5,47,15,0,3,linux,BFC
cf9dc09d0949f0b5953fb08caa10bba0dc7ee71f,20,0,13,1,linux,BIC
b7c747d4627462f25b3daabf49c18895a6722faa,0,0,1,1,linux,BFC
00b9737caa5aaed5cf45a7c7498edf5957efa3b2,0,0,1,1,linux,BFC
62fcb99bdf10fed34b4fe6e225489fe4be2d0536,18,9,28,14,linux,BIC
ad75b7d32f2517a6cc92a5d70569c33455157453,263,0,1,7,linux,BIC
1c8a946bf3754a59cba1fc373949a8114bfe5aaa,0,0,1,1,linux,BFC
3397623b370494fd7e0bca62b7578051482d058d,1,13,15,1,linux,BFC
ddc665a4bb4b728b4e6ecec8db1b64efa9184b9c,0,0,4,1,linux,BFC
d23d12484307b40eea549b8a858f5fffad913897,8,0,0,1,linux,BIC
f871d26807078cf4cc0a64a97ee2c6bb513a4397,0,0,2,2,linux,BFC
2e43f95dd8ee62bc8bf57f2afac37fbd70c8d565,3,0,1,1,linux,BFC
b2cfd8ab4add53c2070367bfee2f5b738f51698d,114,20,53,1,linux,BIC
266423e60ea1b953fcc0cd97f3dad85857e434d1,14,11,2,1,linux,BIC
df95467b6d2bfce49667ee4b71c67249b01957f7,5,0,2,1,linux,BFC
4b187fceec3c731815ff8e6a7317fd5ba50d1d5d,250,73,64,4,linux,BIC
154c978d484c610468727c361576b7cfe9c3fec7,44,0,1,2,linux,BIC
9280a601e6080c9ff658468c1c775ff6514099a6,0,1,2,1,linux,BFC
aaefa29270d9551b604165a08406543efa9d16f5,0,0,5,1,linux,BFC
f0e0d04413fcce9bc76388839099aee93cd0d33b,6,3,2,1,linux,BFC
6bb0942e8f46863a745489cce27efe5be2a3885e,0,15,2,2,linux,BIC
fc31c4e347c9dad50544d01d5ee98b22c7df88bb,2,0,1,1,linux,BFC
0aa94eea8d955c82014e5368a843da93f1dc58f8,16,0,0,1,linux,BIC
a57f68ddc8865d59a19783080cc52fb4a11dc209,0,0,1,1,linux,BFC
c706ebdfc8955b850e477255a8c0f93f9f14712d,28,5,13,3,linux,BIC
d7bf353fd0aa3e12060ce64c8a7b4aaf4336145c,1562,0,0,2,linux,BIC
85a12d7eb8fe449cf38f1aa9ead5ca744729a98f,14,17,8,3,linux,BFC
ceabbf94c317c6175dee6e91805fca4a6353745a,0,0,1,1,linux,BFC
445aeeb569f8d7904f8cf80b7c6826bb651ef80e,0,4,8,1,linux,BFC
fa12167cedea353e71dfb776023b84381305b4d9,0,4,0,1,linux,BFC
5483b904bf336948826594610af4c9bbb0d9e3aa,9,0,0,1,linux,BFC
3289959b97cac205df006fc79c88f042bf2765ab,212,23,41,2,linux,BIC
f827ba9a641b481f01d1bdc0771a7afc3776cc0b,0,0,2,1,linux,BFC
d048c098218e91ed0e10dfa1f0f80e2567fe4ef7,22,41,22,1,linux,BFC
45caeaa5ac0b4b11784ac6f932c0ad4c6b67cda0,6,0,8,4,linux,BFC
16436f70abeebb29cd99444e27b310755806c1fa,1,0,1,1,linux,BFC
77360f9bbc7e5e2ab7a2c8b4c0244fbbfcfc6f62,60,0,3,1,linux,BIC
7adf4eaf60f3d8c3584bed51fe7066d4dfc2cbe1,3,0,17,1,linux,BFC
c963050259f2daccb7141ee58bc0fc0b760836ba,2,0,2,1,linux,BFC
35782b233f37e48ecc469d9c7232f3f6a7fad41a,4,10,13,3,linux,BIC
4bb05f30483fd21ea5413eaf1182768f251cf625,6,0,1,1,linux,BFC
06988949df8c3007ad82036d3606d8ae72ed9000,7,3,2,1,linux,BFC
1846430c24d66e85cc58286b3319c82cd54debb2,9,0,0,1,linux,BFC
5b03006d5c58ddd31caf542eef4d0269bcf265b3,0,1,4,1,linux,BFC
c4d09226d5c484665e5f394bd8d278e071c5e2ee,0,0,2,1,linux,BFC
43413a975d06e5e34016751fac27e29ec3d4d10f,109,0,2,6,linux,BIC
ed51efd2ce44091a858ad829f666727e7c95695e,1,0,1,1,linux,BFC
db6ed4d23dd10a5bfbe922f23fc284bd4b4b0a1d,489,0,0,1,linux,BIC
d4011239f46ac6e407af61e3f74d1e3874fc9394,3,0,2,1,linux,BFC
732bc2ff080c447f8524f40c970c481f5da6eed3,0,0,1,1,linux,BFC
49159a9dc3da83f17be00acbc7b2ab84ffec1aa7,2,0,0,1,linux,BIC
740b0f1841f6e39085b711d41db9ffb07198682b,57,52,117,17,linux,BIC
1cb26030f3494a8bb3c953d45cffba838ec4d454,9,0,0,1,linux,BFC
ac322f86b56cb99d1c4224c209095aa67647c967,0,1,0,1,linux,BFC
c8c16d3bae967f1c7af541e8d016e5c51e4f010a,11,0,0,1,linux,BFC
b8d3c4c3009d42869dc03a1da0efc2aa687d0ab4,86,0,6,3,linux,BIC
ef3534a94fdbdeab4c89d18d0164be2ad5d6dbb7,4,3,0,2,linux,BFC
0b355eaaaae9bb8bb08b563ef55ecb23a4d743da,0,0,1,1,linux,BFC
1a3fbd3fdec55007f1b18cf96c4a9e486c6e875b,1,0,0,1,linux,BFC
b4f3d5f06e29b7020f19cc788b2c2de750e888a1,1,0,0,1,linux,BFC
edd3bdbe9db1415f744bb5da0752675ddbd9eee0,2,9,16,1,linux,BIC
c46f3405692de1ac82240d927b9c7a0f9d6a4a36,150,0,14,5,linux,BIC
d7ba858a7f7a95d1617756a83ff0717767f624fd,11,0,11,1,linux,BIC
7973353e92ee1e7ca3b2eb361a4b7cb66c92abee,96,46,3,1,linux,BIC
781a08d9740afa73357f1a60d45d7c93d7cca2dd,1,14,11,1,linux,BIC
1eeef2d7483a7e3f8d2dd2a5b9939b3b814dc549,8,0,9,1,linux,BIC
25093bdeb6bcae728e12e3795261dbd3677060a9,48,0,1,2,linux,BIC
d936377414fadbafb4d17148d222fe45ca5442d4,23,13,8,8,linux,BFC
51c3c62b58b357e8d35e4cc32f7b4ec907426fe3,9,0,0,3,linux,BIC
3f3177bb680fc08300e6f2341f44755ff90a358a,4,0,2,1,linux,BFC
b7eaf1aab9f8bd2e49fceed77ebc66c1b5800718,40,0,0,3,linux,BIC
6d5e78406991a144b7c44cd57b21e290fdb1d227,10,7,0,1,linux,BIC
3e1166b94e661ed51af1fe1fe5f74bd83450b50f,0,0,2,2,linux,BFC
01eca2842874b9a85b7cd1e1b0e5b34a5d53a21f,1,0,1,1,linux,BFC
961632d5416389a6f2e7478b674ac645c7e3ff01,3,0,3,1,linux,BIC
52e4bec15546d58f2a14dc74a6b8be128aa7db0a,1,2,1,2,linux,BIC
e337bf19f6af38d5c3fa6d06cd594e0f890ca1ac,52,0,0,1,linux,BIC
db3a7fd7a9027efac3e4f7cb2582e142cd6b9d47,0,4,0,1,linux,BFC
745649c59a0d1fde9dcc02286f23f8c78a1f724d,0,0,2,1,linux,BFC
9f940d8ecf921d2638b05da60eec0d25459be170,27,1,9,10,linux,BIC
bc7477fc2ab4882ee20cc58a514f6991c1dfc636,0,0,2,1,linux,BIC
3bfb450ee7b52d41ce2117738ee9c155f3c75237,0,3,0,1,linux,BFC
ed0dfffd7dcd3f517b1507929642c2aed4ef00fb,20,0,22,2,linux,BFC
a890d01e4ee016978776e45340e521b3bbbdf41f,1,2,1,1,linux,BFC
c4312c27c826cb2b05dbbda614fa3c735c2c4cca,0,2,0,1,linux,BFC
6c3a823e1e9c645f30c5b03fefe87fea8881060b,22,10,4,2,linux,BIC
3c2217a675bac22afb149166e0de71809189850d,4,4,0,1,linux,BFC
ccfc569347f870830e7c7cf854679a06cf9c45b5,3,0,3,1,linux,BFC
3249b1e442a1be1a6b9f1026785b519d1443f807,4,0,17,1,linux,BFC
ae5a4e46916fc307288227b64c1d062352eb93b7,0,0,1,1,linux,BFC
1d6736c3e162061dc811c76e605f35ef3234bffa,2,0,2,2,linux,BFC
3d32e4dbe71374a6780eaf51d719d76f9a9bf22f,0,0,4,1,linux,BFC
faa8bd6e12e6aeea289d8e6ba74777b72a69434c,0,0,2,1,linux,BFC
edf1aaa31fc52ade0da7b6d1f2dffc17f0bdb9ff,233,0,0,1,linux,BIC
8ea3819c0bbef57a51d8abe579e211033e861677,0,0,1,1,linux,BFC
066a4a73cee9a44a906b98825e70c47de5bd8b5c,0,0,4,1,linux,BFC
dce5b0bdeec61bdbee56121ceb1d014151d5cab1,2,0,0,1,linux,BFC
7113469dafc2d545fa4fa9bc649c31dc27db492e,2,0,1,1,linux,BFC
d2353bad2c1eef7a1228645fbb21e7887c633d12,0,10,0,1,linux,BFC
aca5b9ebd096039657417c321a9252c696b359c2,11,0,5,1,linux,BFC
c331879ce8ea4508260c5e9da5ea4b1a7d20e381,39,68,9,1,linux,BIC
bbe65865aa05fdbd20e37bbd3b2c95a0e9e24416,13,82,145,1,linux,BIC
3e37b005580b9db89d7f335e121d52d3bd58e234,374,0,0,2,linux,BIC
7d18a07897d07495ee140dd319b0e9265c0f68ba,0,2,2,1,linux,BFC
6d74119f1a3efad9dc7f79a16c201242324b731f,23,1,5,2,linux,BIC
e9cb4239134c860e5f92c75bf5321bd377bb505b,0,0,1,1,linux,BFC
ba68e9941984792f7e8a7be90b8245eb0d2b4d7b,0,6,0,1,linux,BFC
786a8959912eb94fc2381c2ae487a96ce55dabca,21,0,0,1,linux,BIC
739604734bd8e4ad71a6a902473109b2d2904890,0,2,0,1,linux,BIC
b25bcf1bcaf6687991ae08dd76cd784bf9fe3d05,10,0,2,1,linux,BFC
0647bf564f1e35975e84f152dcba1a1ad54fbe7e,19,21,17,1,linux,BIC
6e3837668e00fb914ac2b43158ef51b027ec385c,3,2,0,1,linux,BFC
506cac15ac86f204b83e3cfccde73eeb4e7c5f34,0,0,51,1,linux,BFC
ebb3f994dd92f8fb4d70c7541091216c1e10cb71,5,0,2,1,linux,BFC
ee909d0b1dac8632eeb78cbf17661d6c7674bbd0,2,13,2,4,linux,BFC
35f4f99ccbc1ccf3a1f1157a5f2f14d6a7d1848f,0,1,1,1,linux,BFC
55a93b3ea780908b7d1b3a8cf1976223a9268d78,30,12,26,4,linux,BIC
7f7a144fc553055ecc850a82cf7fc74b6b636d6e,1,0,0,1,linux,BFC
834de5c1aa768eb3d233d6544ea7153826c4b206,3,2,0,1,linux,BFC
077cdb355b3d8ee0f258856962e6dac06e744401,1,0,0,1,linux,BFC
355cf31912014e6ff1bb1019ae4858cad12c68cf,24,0,81,1,linux,BFC
09d12157b3bf3b42f74b7871930064eee3e080a3,0,2,1,1,linux,BFC
542c25b7a209697f383b781da2762154fb59eaa8,0,4,2,1,linux,BIC
0e8554b5d7801b0aebc6c348a0a9f7706aa17b3b,9,0,9,1,linux,BFC
4e6fdafa7ac395ad47a80a0e7b4fd1e11550f862,81,0,0,2,linux,BFC
e384200e70664cd690cdadb72b2a1bc9dfcdec1a,0,1,1,1,linux,BFC
f54d801dda14942dbefa00541d10603015b7859c,1,0,0,1,linux,BFC
02219b3abca59fca81711bfe7ee78df7abad97ce,256,7,16,8,linux,BIC
879cf8006475642b747aaaa4d06f7044ab2de794,0,0,1,1,linux,BFC
4c14d7043fede258957d7b01da0cad2d9fe3a205,7,0,1,2,linux,BIC
7e6daf50e1f4ea0ecd56406beb64ffc66e1e94db,2,0,1,1,linux,BFC
a1fc1920aaaaeadc7cf9d80fc16e6b8eca722b44,8,0,0,1,linux,BIC
0c8916c34203734d3b05953ebace52d7c2969f16,102,0,0,3,linux,BIC
64bdc0244054f7d4bb621c8b4455e292f4e421bc,2,0,1,2,linux,BFC
0d45e86d2267d5bdf7bbb631499788da1c27ceb2,1,0,0,1,linux,BIC
6cfd39e212dee2e77a0227ce4e0f55fa06d79f46,0,10,16,1,linux,BFC
b8f1f65882f07913157c44673af7ec0b308d03eb,1,0,1,1,linux,BFC
fee645033e2c57fdbd8bace4d5ddc2b18bc4032a,16,0,2,1,linux,BIC
925dc1cf58edcd6fa239c2b97f1aedb795f214d0,57,47,70,3,linux,BIC
3507d612366a4e81226295f646410130a1f62a5c,8,0,1,1,linux,BIC
f9e3dc786a585e1ec371c446c62dcc77d0548629,1,0,3,1,linux,BFC
6db2983cd8064808141ccefd75218f5b4345ffae,0,0,2,1,linux,BFC
c090959b9dd8c87703e275079aa4b4a824ba3f8e,5,0,1,1,linux,BFC
b886f54c300d31c109d2e4336b22922b64e7ba7d,0,0,1,1,linux,BFC
29dd19e3ac7b2a8671ebeac02859232ce0e34f58,0,1,0,1,linux,BFC
e7500b3ede2c66380a7e9faa6a81e6df2f8e4e55,0,0,6,2,linux,BFC
983de5f97169ab59d4cb0f60d9d9157778ce4a5e,2610,0,0,3,linux,BIC
5bf35ddfee052d44f39ebaa395d87101c8918405,0,1,7,1,linux,BFC
7d67af2c013402537385dae343a2d0f6a4cb3bfd,121,0,1,2,linux,BIC
ea6bb99ed5860c8906f2ae281da391227f1f027c,1,0,0,1,linux,BFC
736c3b94474eb3146d7accd8cc0e0ca27f1c4368,186,0,24,6,linux,BIC
eab2404ba798a8efda2a970f44071c3406d94e57,152,0,0,5,linux,BIC
52db882f3fc2903014e638ee91e690085fe37fdb,0,35,15,5,linux,BIC
5e619b48677ca8c9fb907c58383859cea78705c9,235,221,2,3,linux,BIC
a497a4363706b3eb208c64e66e5b485bb3b186ac,2041,0,0,2,linux,BIC
f987ed6ebd991009cd9f6190ce319e8b50d6be1f,36,0,21,3,linux,BIC
be51da0f3e346eb520c4ffdaecb8ba6fb4337a76,2,7,83,2,linux,BIC
128639395b2ceacc6a56a0141d0261012bfe04d3,19,0,13,1,linux,BFC
3620c8821ae15902eb995a32918e34b7a0c773a3,0,0,1,1,linux,BFC
eac4eed3224b1bc769489ae2e146105cbba3a8ad,32,1,16,5,linux,BIC
3a9236e97207f2469254b4098995159b80174d95,0,0,1,1,linux,BFC
675716400da6f15b9d3db04ef74ee74ca9a00af3,3,6,1,1,linux,BIC
08f738be88bb7a0163afd810a19b9cb13c79808f,202,0,4,1,linux,BIC
44fe4895f47cbe9f4692e1d3cdc2ef8352f4d88e,0,30,6,5,linux,BIC
39b0c705195e9409dc8a40cc82b11d81405a4a4b,37,0,0,1,linux,BIC
c8183f5489020afc08dd9d88c3e4ee0e3c820733,20,0,8,3,linux,BFC
d9261898a4b2c143c28568dc686a1becfc637a99,1,0,1,1,linux,BFC
5d435933376962b107bd76970912e7e80247dcc7,32,0,1,1,linux,BFC
6f7ac8285371fb0df58aba861eaab387f79ed04d,1,0,2,1,linux,BFC
bc8c20acaea154efc558f5f4122ed65d396f6156,23,0,7,1,linux,BIC
20441614d89867142060d3bcd79cc111d8ba7a8e,18,0,1,1,linux,BFC
063afacd8730be3d9a3d50f9ea730f840265aba0,80,0,6,3,linux,BIC
790ab249b55d75fdb427b92f81964cd7cb525eec,17,0,0,1,linux,BFC
82c3cefb9f1652e7470f442ff96c613e8c8ed8f4,6,5,2,1,linux,BFC
d36cb0205f034e943aa29e35b59c6a441f0056b5,0,0,1,1,linux,BFC
4f661542a40217713f2cee0bb6678fbb30d9d367,1,7,6,2,linux,BIC
67c99a72e3006e4276e91d7282a3d6734fc77a0b,4,4,0,1,linux,BFC
d6ff94afd90b0ce8d1715f8ef77d4347d7a7f2c0,5,3,0,1,linux,BFC
0f163546a772d62250f59bad6a9338a0e3a2605c,25,42,70,6,linux,BIC
989634fb49ad070671b5a4714d178d238f493868,20,0,5,1,linux,BIC
e3559442afd2a3d9b09eedc236f19698c515472e,14,9,16,1,linux,BIC
5447d78623da2eded06d4cd9469d1a71eba43bc4,3,0,3,1,linux,BFC
6a468d5990ecd1c2d07dd85f8633bbdd0ba61c40,4,10,3,1,linux,BFC
8570f9e881e3fde98801bb3a47eef84dd934d405,21,0,2,1,linux,BFC
32cf3a610c35cb21e3157f4bbf29d89960e30a36,0,0,4,1,linux,BFC
b866455423e040813f113d8b87e8297778ee2014,14,0,0,1,linux,BIC
4b732a0016853eaff35944f900b0db66f3914374,4,1,2,1,linux,BFC
007773e16a6f3f49d1439554078c3ba8af131998,0,0,1,1,linux,BFC
c730c477176ad4af86d9aae4d360a7ad840b073a,28,0,0,3,linux,BFC
69277c98f5eef0d9839699b7825923c3985f665f,9,0,5,1,linux,BIC
44b153ca639f7299a94c27fc48708bbbeccf5050,63,0,0,2,linux,BIC
d3377b78cec6eb32241a2ac3dc0c43a0bf71129a,6,0,0,1,linux,BIC
6259c8441c4de3f1727a0db61465a8dc8f340c05,0,0,1,1,linux,BFC
34b5e6a33c1a8e466c3a73fd437f66fb16cb83ea,1,0,2,1,linux,BIC
30d6e0a4190d37740e9447e4e4815f06992dd8c3,40,416,90,21,linux,BIC
05c8d802fa52ef17dbcce21c38b72b4a313eb036,3,0,3,1,linux,BIC
4d8f9065830e526c83199186c5f56a6514f457d2,22,0,12,1,linux,BFC
bd1e336aa8535a99f339e2d66a611984262221ce,0,18,2,2,linux,BIC
2263063fc4880d544a1eb87713f642384fe03cb7,0,12,35,1,linux,BFC
0568e6122574dcc1aded2979cd0245038efe22b6,1,0,0,1,linux,BIC
8ee82bda230fc972c7ee3bb15ce1260eefb4721c,153,0,1,1,linux,BIC
43cfed71bd528cdd07ae2e54e294d1a1972c210f,1,0,0,1,linux,BFC
a73d511c4867c5aa75a9ab50f7e73d5086c48cda,142,0,0,1,linux,BIC
ebb75b1b43d3e2bafc4d33eb4b1ae9c8d2759771,0,0,1,1,linux,BFC
9bef72bdb26e291d6dffb04768741a0e49582666,40,41,37,4,linux,BIC
62ba568f7aef4beb0eda945a2b2a91b7a2b8f215,5,0,4,1,linux,BIC
ca064bd89363a6e7e71b1c5226ff1b718957a9d4,3,0,0,2,linux,BFC
dabf54dd1c6369160f8d4c793a8613dfb4e7848a,37,75,51,2,linux,BIC
26c013108c12b94bc023bf19198a4300596c98b1,0,1,6,1,linux,BFC
487e2e22ab7968f2c0c82f37b5ca5883efd1a354,0,0,2,1,linux,BIC
80a5052db75131423b67f38b21958555d7d970e4,2,0,0,1,linux,BIC
de39bec1a0c4e35a679da87127effea817deb07d,0,17,0,1,linux,BIC
71c9ce27bb57c59d8d7f5298e730c8096eef3d1f,10,0,3,1,linux,BFC
f30520c64f290589e91461d7326b497c23e7f5fd,0,0,1,1,linux,BFC
bf2f1eeed0b5461ecda385f1716c2b65add54579,2,0,1,1,linux,BFC
db88977894aba193deee70b335c3db58b7ac6393,75,0,0,1,linux,BIC
b5f0549231ffb025337be5a625b0ff9f52b016f0,0,0,1,1,linux,BFC
16358542f32f47f372ad48e4cdf61ab245c9f49d,45,0,23,2,linux,BIC
075d8a75daedec14f2337c2881186aabd8fa4fda,5,0,2,1,linux,BFC
c082b04c9d40f69dacd93a151db114299f5de6eb,84,0,0,1,linux,BIC
66ab05c75642712f382a17a887eb558caa6646e1,1,0,2,1,linux,BFC
344e3c7734d5090b148c19ac6539b8947fed6767,0,6,0,1,linux,BFC
531705a765493655472c993627106e19f7e5a6d2,0,0,1,1,linux,BFC
1b97871b501f1bac0fd39a073c4c8473ee457a55,2,8,0,2,linux,BIC
9e1ccb4a7700fcb3ddfe2767e0bbb6131f8ab54e,8,0,0,1,linux,BIC
d9873969fa8725dc6a5a21ab788c057fd8719751,0,0,1,1,linux,BFC
617fe29d45bdfffba2739e6512c83e766e6ae72c,6,1,1,2,linux,BIC
93937669e9b5873808e4f5dfd6cace53bdc57f17,289,0,0,1,linux,BIC
112f9cb65643caf7b922e1a66dc752bfab40aeb1,2,2,26,1,linux,BIC
7c77bf7de1574ac7a31a2b76f4927404307d13e7,11,1,6,2,linux,BFC
de8cd0dc834f2294bcf20240ea037c3864bc4f9a,44,1,3,3,linux,BFC
707816c8b0508ba7afcee9a13b02bb4261e4bd8c,0,4,0,2,linux,BFC
250fdabec6ffcaf895c5e0dedca62706ef10d8f6,0,0,1,1,linux,BFC
0530bd6e6a3d5a0292a1a5f33ea980ae7e8b56ca,2,0,2,2,linux,BFC
c980216dd224c52b5c70172753c209b653d84958,10,0,1,2,linux,BFC
25a1433216489de4abc889910f744e952cb6dbae,0,0,6,1,linux,BFC
67b06ba01857ed077e1a66bfa139156e7c68bab2,4,41,50,2,linux,BIC
c7fc46fd1410a7452db29ee8cd1f85c233000ec9,0,0,1,1,linux,BFC
a31d73c3a7218539bc25fc298ac6cd5b66d96b86,3,3,0,1,linux,BFC
1e1caa9735f90b5452fc48685c23552e56aa1920,8,2,6,1,linux,BIC
25cc8f0763c972911b1a65099cd10d9f8a45a7b0,1,0,1,2,linux,BFC
7dd50e205b3348dc7784efbdf85723551de64a25,2,0,0,1,linux,BFC
be20bbcb0a8cb5597cc62b3e28d275919f3431df,21,0,0,1,linux,BIC
0ff027027e05a866491bbb53494f0e2a61354c85,1,0,0,1,linux,BFC
d8966fcd4c25708c3a76ea7619644218373df639,193,34,847,57,linux,BIC
d59814a5b4852442e1d03c569a4542f8b08356a7,0,0,1,1,linux,BFC
7e4379eae0e31994ea645db1d13006ea8e5ce539,0,1,0,1,linux,BFC
7017996951fde84698ddfe7fd47f92bd9d9eb85d,509,0,5,6,linux,BIC
8a406c89532c91ee50688d4e728474dd09a11be3,25,0,13,2,linux,BIC
28bc24fc46f9c9f39ddefb424d6072041805b563,36,37,203,13,linux,BIC
8098bd69bc4e925070313b1b95d03510f4f24738,8,6,1,1,linux,BFC
8cdb283371241d298332c44d7c722e26d9858ec1,18,0,0,2,linux,BIC
bae115a2bb479142605726e6aa130f43f50e801a,6,0,0,1,linux,BFC
d87ce76402950b8e4d5117276d44465658e886a4,157,80,18,3,linux,BIC
def596e9557c91d9846fc4d84d26f2c564644416,262,0,9,2,linux,BIC
421572175ba54fe7dab77ca5cec7e7a615e3c58a,151,0,0,7,linux,BIC
d1df41eb72efbd132df5196e265a5fa1165b3255,16,54,81,2,linux,BIC
7b0a0e3c3a88260b6fcb017e49f198463aa62ed1,803,81,452,33,linux,BIC
edbe83ab4c27ea6669eb57adb5ed7eaec1118ceb,63,0,8,2,linux,BIC
bfcfdb59b6699053541d3fda60ef021f4708caa5,164,3,3,3,linux,BIC
8e4d86e241cf035d6d3467cd346e7ce490681937,1,0,9,1,linux,BFC
d4ee7f195e2de2f881a0d0d9412394a14a02c4c8,2,0,2,1,linux,BFC
e6023367d779060fddc9a52d1f474085b2b36298,12,0,5,2,linux,BIC
31dd83b966410915a56358a8a3fc13c54d016fb3,63,0,0,1,linux,BIC
8eb456be75af7e5a7ac0cd223eaa198cf7ee2ac1,0,0,1,1,linux,BFC
2b232e0c3b3a09f3e33750aa20e314f1b80e5361,0,0,2,1,linux,BFC
c9c9762d4d44dcb1b2ba90cfb4122dc11ceebf31,0,4,4,1,linux,BFC
cce69aff689ee53c64b19d052d88f5bbbfd322f6,187,3,10,3,linux,BIC
6ccd83714a009ee301b50c15f6c3a5dc1f30164c,7,0,0,1,linux,BFC
1021dcf19db1387bc0db26d14bbcba719923a466,6,0,1,1,linux,BFC
b9b7cee405797cc395f699d8dee4747b96b1e0a8,127,0,0,1,linux,BIC
5197f3499c470ccc4b247db66ff883e597e3adda,2,0,0,2,linux,BFC
f3ed97f9ae7df6a36025b94e1943492e73691f7c,2,37,12,1,linux,BIC
a8f62399daa6917e7f9efeb79bce4dd2cd494a1e,1,1,1,1,linux,BFC
d0f9f16788e15d9eb40f68b047732d49658c5a3a,10,3,1,3,linux,BFC
83728cbf366e334301091d5b808add468ab46b27,0,0,1,1,linux,BFC
c292a337d0e45a292c301e3cd51c35aa0ae91e95,0,0,3,1,linux,BFC
b4c45fe974bc5fa6240a729ea1f77db8b56d132a,1724,0,0,3,linux,BIC
0e3e206a3e127417d492cb959b3b53522255dfd0,3,0,4,1,linux,BIC
180d8cd942ce336b2c869d324855c40c5db478ad,108,2,37,9,linux,BIC
e49c7b2f6de7ff81ca34c56e4eeb4fa740c099f2,1145,1330,1502,20,linux,BIC
f771b55731fc82b1e8e9ef123f6f1b8d8c92bc63,30,0,1,3,linux,BIC
3e7c67d90e3ed2f34fce42699f11b150dd1d3999,7,0,0,1,linux,BFC
e1618d461ca18d40f9c3ef70598abb72e75d27ae,11,5,0,1,linux,BFC
ed5c2f5fd10dda07263f79f338a512c0f49f76f5,0,1087,645,618,linux,BIC
3be6d8ce639d92e60d144fb99dd74a53fe3799bb,0,0,1,1,linux,BFC
254da0d753fbebb6f4604bc266acd5f4c84bf6f5,421,28,96,1,linux,BIC
c28d76d360f9f7af1f910342bde27939873bc45e,1,0,1,1,linux,BFC
70e123373c05e336f3f769b32c6132bdc2d6f5ac,310,0,0,1,linux,BIC
7855f675e6cbccb565c41dfeef708b8d7e6444ff,4,1,9,1,linux,BFC
2bcbc81421c511ef117cadcf0bee9c4340e68db0,0,0,1,1,linux,BFC
f0beb4ba9b185d497c8efe7b349363700092aee0,0,3,0,1,linux,BIC
b3bf5666a51068ad5ddd89a76ed877101ef3bc16,11,0,2,1,linux,BIC
976932e40036179d71d40c76fc559b4b19912bac,0,0,3,1,linux,BIC
5d88aa85c00bb4026dd986430dc496effc637d42,57,3,22,4,linux,BIC
2c0928c9e004589dc9e7672c40a38d6c4ca12701,0,26,6,1,linux,BFC
d3e669f31ec35856f5e85df9224ede5bdbf1bc7b,1,0,0,1,linux,BFC
171316a68d9a8e0d9e28b7cf4c15afc4c6244a4e,0,0,2,1,linux,BFC
10b9d99a3dbbf5e9af838d1887a1047875dcafd9,165,5,59,3,linux,BIC
0f8a206df7c920150d2aa45574fba0ab7ff6be4f,0,0,1,1,linux,BFC
274659029c9de5b11678d3a52a45e3dbc9177a48,209,0,24,1,linux,BIC
f7f3dd5b4cbb138ed4559b0d096bab76a8f476de,0,0,2,1,linux,BFC
91adec9e07097e538691daed5d934e7886dd1dc3,8,0,1,1,linux,BFC
f42d79ab67322e51b92dd7aa965e310c71352a64,1,2,1,2,linux,BFC
17b96a5cbe3d0c743c49776e90d892844c226a56,5,0,0,1,linux,BFC
5a23e8b0fd6010e25ae58362292235cc9213ca57,3,0,6,1,linux,BFC
733ef7f056a5e23b66e8e7bb3508ca882db388f0,0,2,0,1,linux,BFC
f12725d98cbe862c7680c63fd1f8b381af965f7b,80,0,2,4,linux,BIC
da27e0a0e5f655f0d58d4e153c3182bb2b290f64,6,0,1,1,linux,BFC
80a9201a5965f4715d5c09790862e0df84ce0614,65,27,25,8,linux,BIC
428ac5fc056e06dc0b4ed82d5979add9a8c62b35,1,67,2,1,linux,BIC
143d34a6b387b96aba42c49cb76d18ad3e3863e5,28,0,1,1,linux,BIC
eb2c6ca2db8c9cf112f0b604c1edfe21b5725f17,0,2,6,1,linux,BFC
d717e4509af0380a94dbc28b61839df39f17e1eb,0,0,1,1,linux,BFC
28ba1b1da49a20ba8fb767d6ddd7c521ec79a119,1,0,1,1,linux,BFC
200f3a3bcb293d8d55b860632b9d5c9b5e763273,3,0,0,1,linux,BFC
1d373d4e8e15b358f08de52956b32e0e38a11f84,1221,0,0,3,linux,BIC
08529078d8d9adf689bf39cc38d53979a0869970,28,0,0,1,linux,BFC
e433715b116553892ecad8796018ae4b64304252,1,0,2,1,linux,BFC
7e1dc5e926d57a5bc4ac97d6e061e2fe29c266c0,0,0,7,4,linux,BIC
46bbe5c671e06f070428b9be142cc4ee5cedebac,0,1,0,1,linux,BIC
f57ad6a9885e8399897daee3249cabccf9c972f8,0,31,0,1,linux,BFC
5f74d8b7b8546255db6af45b017e9cbb18aed609,0,0,1,1,linux,BFC
44653c400615a3fa3658caa72d765233cc897d80,0,0,1,1,linux,BFC
3b780bed3138c2a8061c218df7e321beec9a6ec9,2,0,1,1,linux,BIC
29bbb14bfc80dd760b07d2be0a27e610562982e3,0,0,4,1,linux,BIC
3418bd7cfce0bd8ef1ccedc4655f9f86f6c3b0ca,4,0,6,1,linux,BFC
0330f7aa8ee63d0c435c0cb4e47ea06235ee4b7f,55,0,0,1,linux,BIC
2cd896a5e86fc326bda8614b96c0401dcc145868,2,0,1,1,linux,BFC
8764a8267b128405cf383157d5e9a4a3735d2409,0,0,1,1,linux,BFC
eb52c0333f06b88bca5bac0dc0aeca729de6eb11,0,33,8,2,linux,BIC
0ab163ad1ea0bb0ccd4ada2a54834041611d76f1,11,0,3,1,linux,BIC
a7eaaa9d1032e68669bb479496087ba8fc155ab6,0,4,0,1,linux,BFC
3b9334ac835bb431e2186645230c9f1eb94b5d49,353,503,157,10,linux,BIC
78b562fbfa2cf0a9fcb23c3154756b690f4905c1,0,0,2,1,linux,BFC
469981b17a4f8ddac91837bd74ebc98578f2ddbf,270,0,0,2,linux,BIC
12ea20f61637539dfac6e6e41beb07c21ba890d8,0,15,3,3,linux,BFC
2307af1c4b2e0ad886f30e31739845322cbd328b,19,4,2,1,linux,BFC
e9fb7cc63801d3dc71b60ca11c4d08f68f879a53,0,4,0,1,linux,BFC
08e8331654d1d7b2c58045e549005bc356aa7810,8,0,1,1,linux,BFC
df561f6688fef775baa341a0f5d960becd248b11,31,101,2635,1147,linux,BIC
0ccf7f168e17bb7eb5a322397ba5a841f4fbaccb,5,0,2,1,linux,BIC
e9576fe8e605c4413beb91b290b8a473985710de,105,9,30,2,linux,BIC
d583691c47dc0424ebe926000339a6d6cd590ff7,122,44,4,3,linux,BIC
be0bd3160165e42783d8215f426e41c07179c08a,0,0,1,1,linux,BFC
835d1c3a98799914db8aee0973018af21128cd1e,0,1,0,1,linux,BFC
7d65f82954dadbbe7b6e1aec7e07ad17bc6d958b,1,0,1,1,linux,BFC
0eee4995f40573f65ed67cea4d20fcf389d353de,0,0,5,1,linux,BFC
bf07ef86e882013522876f7c834c8eea085f35b4,0,10,0,1,linux,BFC
76bfc7ccc2fa9d382576f6013b57a0ef93d5a722,25,0,29,1,linux,BIC
1559b4aa1db443096af493c7d621dc156054babe,155,0,1,4,linux,BIC
c037239c2373f79613dac32d0fb20c07f12f719b,0,7,8,1,linux,BFC
dff10bbea4be47bdb615b036c834a275b7c68133,1,0,0,1,linux,BFC
e72455b898ac678667c5674668186b4670d87d11,17,0,0,1,linux,BFC
a285860211bf257b0e6d522dac6006794be348af,7,0,0,1,linux,BFC
e4b1045bf9cfec6f70ac6d3783be06c3a88dcb25,1,0,1,1,linux,BFC
b9ac0f9dc8ea4b91362694e82a1e66313a6c6dc6,1,30,0,15,linux,BIC
36e1be8ada994d509538b3b1d0af8b63c351e729,7,0,10,2,linux,BFC
a731ebe6f17bff9e7ca12ef227f9da4d5bdf8425,0,0,1,1,linux,BFC
4f6626b0e140867fd6d5a2e9d4ceaef97f10f46a,0,19,1,1,linux,BFC
88700d1396bae72d9a4c23a48bbd98c1c2f53f3d,50,14,172,1,linux,BFC
f6ddd094f5793447d594aa9f42032a7aba12b4d2,707,0,0,3,linux,BIC
527139d738d7f2e9f929c752eebf3cbf0f74c754,28,38,1,2,linux,BIC
7bc5a2bad0b8d9d1ac9f7b8b33150e4ddf197334,24,0,0,2,linux,BIC
fec47d863587c272d6fbf4e50066209c953d5e60,51,0,3,2,linux,BIC
eb73390ae2413bbd5d56a396dfd79fe57de6b5ae,87,8,0,1,linux,BIC
84c6f99e39074d45f75986e42ca28e27c140fd0d,0,0,1,1,linux,BFC
d08e973a77d128b25e01a08c34d89593fdf222da,971,0,0,1,linux,BIC
a7faf81d7858b504279713d6cb98053f0ff00082,15,1,3,2,linux,BIC
9dd732e0bdf538b1b76dc7c157e2b5e560ff30d3,6,0,0,1,linux,BIC
025822884a4fd2d0af51dcf77ddc494e60c5ff63,0,0,1,1,linux,BFC
fac829fdcaf451a20106cbc468ff886466320956,2,0,0,1,linux,BIC
e963408e8ff439e2b9da20e5399d7dca21462fcc,8,0,3,1,linux,BFC
4b5f4d3fb40898a9f2ccf58030e69ea11fbd6eed,49,13,93,19,linux,BIC
37717b8c9f0e8c4dd73fc522769cc14649b4f657,0,94,1,1,linux,BFC
a64a62ce9a380213dc9e192f762266d70c9b40ec,45,0,24,5,linux,BFC
b11d77fa300d98704519238a2161bc6352c28245,1,15,58,15,linux,BIC
3eb450367d0823226515ee24712ed08eccb33eb9,55,0,17,11,linux,BIC
cd4f24ae9404fd31fc461066e57889be3b68641b,5,0,2,2,linux,BFC
cc726268e4dcec33c6ed65d664d70b9e13cb4760,45,89,3,7,linux,BIC
e9c9481f373eb7344f9e973eb28fc6e9d0f46485,13,0,2,1,linux,BFC
bb32baf76e56cdb348633f4d789a93e81b975c47,11,0,0,1,linux,BIC
de3bb771f471ba7c745a913b95eee70d5fb199b1,10,0,0,1,linux,BIC
2ae50ad68cd79224198b525f7bd645c9da98b6ff,7,2,2,3,linux,BIC
1629224324b6cab6f7f96e839c9b57b74cfd8349,132,0,0,8,linux,BIC
264613b406eb0d74cd9ca582c717c5e2c5a975ea,27,3,12,3,linux,BIC
4ee1135615713387b869dfd099ffdf8656be6784,0,0,1,1,linux,BFC
0c3dc787a62aef3ca7aedf3797ec42fff9b0a913,30,4,4,31,linux,BIC
16bbebd35629c93a8c68c6d8d28557e100bcee73,4,0,0,1,linux,BFC
9a30ae2df29c27eca58581862928ee2c7bbdfa76,0,0,1,1,linux,BFC
de5d0dcef602de39070c31c7e56c58249c56ba37,0,0,1,1,linux,BFC
fbd4a28b4fa66faaa7f510c0adc531d37e0a7848,0,0,1,1,linux,BFC
2afdb4c41d7876e430b9bc6e2d7e2fe28609fd6a,2,0,2,1,linux,BFC
e9c195aaeed1b45c9012adbe29dedb6031e85aa8,0,0,1,1,linux,BFC
0afacde3df4c9980f505d9afd7cb0058389732ca,142,10,6,3,linux,BIC
6a62974b667f3976ec44e255bed31746cca1ff51,584,0,0,1,linux,BIC
933fcd01e97e2ba29880dd5f1239365e40094950,52,22,8,1,linux,BFC
4296f23ed49a15d36949458adcc66ff993dee2a8,0,6,7,1,linux,BFC
7759ca3aac79648d01c9edcb3b00503c02bec2f5,1,0,0,1,linux,BFC
bea6a94a279bcbe6b2cde348782b28baf12255a5,0,0,1,1,linux,BFC
14d9a675fd0d414b7ca3d47d2ff70fbda4f6cfc2,0,0,2,1,linux,BIC
a3ac249a1ab57552cb2a63e70556ee87610a591d,173,63,22,10,linux,BIC
a9e821b89daa55cc940c546b124101939d3f0451,12,5,1,1,linux,BIC
5def925dbb60bcdd8ce6f860d80abc749dd5e1ef,0,0,1,1,linux,BFC
09864c1cdf5c537bd01bff45181406e422ea988c,945,0,0,2,linux,BIC
7c0482e3d055e5de056d3c693b821e39205b99ae,13,0,0,1,linux,BIC
c9626a2cbdb20e26587b3fad99960520a023432b,684,0,6,9,linux,BIC
ff1522bb7d98450c72aea729f0b4147bc9986aed,2,2,1,1,linux,BIC
8b318f30ab4ef9bbc1241e6f8c1db366dbd347f2,0,0,1,1,linux,BFC
a3a57ddad061acc90bef39635caf2b2330ce8f21,0,0,1,1,linux,BFC
9d2ce78ddcee159eb6a97449e9c68b6d60b9cec4,4,0,1,1,linux,BFC
9ad1a37493338cacf04e2c93acf44d151a7adda8,2826,0,0,2,linux,BIC
cc52d9140aa920d8d61c7f6de3fff5fea6692ea9,6,0,1,1,linux,BFC
099d705dd161897e98c6d7b99b8ca740f3bc747a,0,1,1,1,linux,BFC
39d9c1c103d3061ac94219ac12c04753860b337e,0,0,1,1,linux,BFC
64f4a62e3b17f1e473f971127c2924cae42afc82,4,5,0,1,linux,BFC
fa62ee25280ff6ae1f720f363263cb5e7743a8c8,0,0,5,1,linux,BFC
ca37faf3d7005b5588f045edfac1d82799c408a7,16,16,0,1,linux,BFC
413d5e09caa5a11da9c7d72401ba0588466a04c0,26,0,1,4,linux,BFC
54ffd790792898f05e215dce5aa593473e80e92f,0,0,2,2,linux,BFC
1b92ee3d03af6643df395300ba7748f19ecdb0c5,4,0,6,1,linux,BFC
7d8faaf155454f8798ec56404faca29a82689c77,144,0,3,9,linux,BIC
60edfad4fd0b6e3264e237f2aa8732f8e195405a,49,0,0,1,linux,BIC
76aaf8a96771c16365b8510f1fb97738dc88026e,4,0,0,1,linux,BFC
0c3f6f655487d12c7a0c16914c98c599043e88d3,136,8,12,7,linux,BIC
229d495d8189ae785dacee72e5633a58edc25ddf,37,0,4,1,linux,BIC
d0d012509f2ecee9af1857ccacac33b2266c6ce8,0,5,4,1,linux,BFC
ee0f309263a69c3860882e41d3e1829c2ffb6479,57,0,0,1,linux,BIC
55b5ee3357d7bb98ee578cf9b84a652e7a1bc199,15,0,5,1,linux,BFC
e9247e2ce5778678c8d631e26ef79dbccedbe6d0,3,0,1,1,linux,BIC
670105a25608affe01cb0ccdc2a1f4bd2327172b,3,0,4,1,linux,BFC
078a85f2806f0ffd11289009462a6a390f9adb5c,86,0,8,3,linux,BIC
3c4fb9f169214290ec9a943907321e6265b36f65,298,2,147,1,linux,BIC
a71d9eff9394d24f05cbe115309152fb4543cd6c,0,0,1,1,linux,BFC
8480657280ee769ad23101297e1e6be0f8d205ec,0,0,1,1,linux,BFC
fae80edeafbbba5ef9a0423aa5e5515518626433,59,0,7,7,linux,BFC
7f68127fa11f08c5468537eb28ca6b8b95d70f08,10,0,0,1,linux,BIC
5453343a88ede8b12812fced81ecd24cb888ccc3,6,0,0,1,linux,BFC
4e2905adac9f0fdc25154ac83719a986c2367a14,3,0,0,1,linux,BFC
da5fb83fb8dc5f95d4ab3a9f4641821fab34ce58,0,1,1,1,linux,BFC
b5ac0146492fc5c199de767e492be8a66471011a,2,0,6,1,linux,BFC
322cff70d46c6c230a722684fd65ae6b5f57436e,69,0,4,1,linux,BIC
bfcccfe78b361f5f6ef48554aed5bcd30c72f67f,3,34,5,1,linux,BFC
ad6eecbfc01c987e0253371f274c3872042e4350,1,0,0,1,linux,BFC
3a732c65de427fdae67a243fd331356034b5a1e8,3,1,2,4,linux,BFC
0f70db70339df1966ba3058cf594e2fddbaa133c,89,55,39,5,linux,BFC
fa180eb448fa263cf18dd930143b515d27d70d7b,0,0,3,1,linux,BIC
2d27e52841092e5831dd41f313028c668d816eb0,2,0,0,1,linux,BFC
f97fc7ef414603189d5ba6f529407c5341c03c2a,6,0,1,3,linux,BFC
fda5d0cf8aef12f0a4f714a96a4b2fce039a3e55,2,0,5,1,linux,BFC
eb217359ebeae7b9ac51045d50f7a516925bc5c2,0,0,1,1,linux,BFC
38e0257e0e6f4fef2aa2966b089b56a8b1cfb75c,1,8,15,1,linux,BFC
d281da7ff6f70efca0553c288bb883e8605b3862,46,4,15,5,linux,BIC
ea2f35c01d5ea72b43b9b4fb4c5b9417a9eb2fb8,156,7,11,4,linux,BIC
2c67521821acd900d7508f37e49d0b494011106d,0,0,4,1,linux,BFC
63b945091a070d8d4275dc0f7699ba22cd5f9435,3759,0,0,5,linux,BIC
d82e2c249c8ffaec20fa618611ea2ab4dcfd4d01,105,90,0,7,linux,BIC
fae5c9f3664ba278137e54a2083b39b90c64093a,17,71,13,2,linux,BIC
879c7220e828af8bd82ea9d774c7e45c46b976e4,1,0,1,1,linux,BIC
62da98656b62a5ca57f22263705175af8ded5aa1,31,24,1,5,linux,BFC
0c441cb6f3eeed8ac07fd8c3fd5a0dd2ac568362,1,0,0,1,linux,BFC
fece2029a9e65b9a990831afe2a2b83290cbbe26,5,0,1,1,linux,BFC
c9cf4c2a3bd35f4e90e840979ba7872932f9f120,226,0,1,2,linux,BIC
63ac3328f0d1d37f286e397b14d9596ed09d7ca5,0,0,1,1,linux,BFC
df38d852c6814cbbd010d81e84efb9dc057d5ba6,5,0,2,1,linux,BFC
3ed21c1451a14d139e1ceb18f2fa70865ce3195a,0,0,1,1,linux,BFC
aad4b4d15f30de087c5972cfb767fadb5dbc3c52,0,0,1,1,linux,BFC
c7de8500fd8ecbb544846dd5f11dca578c3777e1,0,7,0,1,linux,BFC
0eacac22034ca21c73fe49e800d0b938b2047250,18,5,2,2,linux,BIC
2ffc48fc7071da4b2d881b0f21d37ed05feb697b,10,0,0,2,linux,BIC
3b7610302a75fc1032a6c9462862bec6948f85c9,4,3,4,1,linux,BFC
a1ff1e3f0e1cb8e314220e7af8eb3155da343bf9,4,6,2,1,linux,BFC
9ccba66d4d2aff9a3909aa77d57ea8b7cc166f3c,14,0,2,3,linux,BFC
9f7b16afab9b47de471f4ef6a0c6c337f0a53566,0,0,2,1,linux,BFC
334bb773876403eae3457d81be0b8ea70f8e4ccc,23,0,0,2,linux,BIC
eecacf73a40f37e74dc9d0453283c79b91f34d51,2,0,0,1,linux,BFC
e1c6edcbea13de025c3406645b4cce4ac3baf973,397,0,0,1,linux,BIC
8e404fefa58b6138531e3d4b5647ee79f75ae9a8,135,0,8,5,linux,BIC
1f7096f0fdb2ac5ae6f1e290dfdd2fb7bbb074d3,0,0,2,1,linux,BFC
7f0f1f3ef62ed7a40e30aff28115bd94c4211d1d,0,0,2,1,linux,BFC
785545c8982604fe3ba79d16409e83993be77d5e,24,24,0,1,linux,BFC
c544815a212f15dd787f0783720518178346f7d7,0,2,0,1,linux,BFC
8034f715f0a5fce97b14bacd47eefb1513316b17,10,32,7,1,linux,BIC
79e1ad148c844f5c8b9d76b36b26e3886dca95ae,68,0,18,2,linux,BIC
47c16ac27d4cb664cee53ee0b9b7e2f907923fb3,78,74,16,3,linux,BIC
158e61865a31ef7abf39629c37285810504d60b5,0,0,1,1,linux,BFC
4bedceaed1ae1172cfe72d3ff752b3a1d32fe4d9,12,4,7,3,linux,BFC
8bb45252bb5108485f590a08291d1f4641abc77e,6,2,0,1,linux,BFC
bdc54d8e3cb4a41dddcabfd86d9eb3aa5f622b75,0,2,3,1,linux,BFC
77b0f5d67ff2781f36831cba79674c3e97bd7acf,19,0,0,2,linux,BIC
beb7f2de5728b0bd2140a652fa51f6ad85d159f7,2,0,0,1,linux,BFC
d839bae4269aea46bff4133066a411cfba5c7c46,41,56,6,1,linux,BIC
9bdda4e9cf2dcecb60a0683b10ffb8cd7e5f2f45,0,7,3,1,linux,BFC
a5a3d94fc4edecb894bc79810aea511ff9261c09,1,0,0,1,linux,BFC
a989ea01cb10a12bcf339ddcbbea9c49e098609f,4,4,1,1,linux,BIC
67def4ef8bb9b03795def42448b8a6fdfe4e90cc,129,98,3,3,linux,BIC
60f59ce0278557f7896d5158ae6d12a4855a72cc,1,0,0,1,linux,BFC
8ac495f624a42809000255955be406f6a8a74b55,3,0,0,1,linux,BFC
33aa69ed8aacd92dea12671e52eb3ca6ac2d7a49,7,0,0,2,linux,BFC
bf4407f081f33466ef0b06e213c04264d356aa35,0,0,2,1,linux,BFC
39fec6889d15a658c3a3ebb06fd69d3584ddffd3,0,1,4,1,linux,BFC
bcd623d8e9fa5f82bbd8cd464dc418d24139157b,7,6,0,1,linux,BIC
aee2b3ccc8a63d1cd7da6a8a153d1f3712d40826,0,26,0,1,linux,BFC
19bbb49acf8d7a03cb83e05624363741a4c3ec6f,1,0,0,1,linux,BFC
e8a747d0884e554a8c1872da6c8f680a4f893c6d,0,0,2,1,linux,BFC
2dfa6688aafdc3f74efeb1cf05fb871465d67f79,0,0,4,1,linux,BFC
237405ebef580a7352a52129b2465c117145eafa,23,0,7,1,linux,BIC
a6dab6607d4681d227905d5198710b575dbdb519,4,0,4,1,linux,BFC
1685bde6b9af55923180a76152036c7fb7176db0,0,4,3,1,linux,BFC
58db5785b0d76be4582a32a7900acce88e691d36,2,0,3,1,linux,BFC
be068f29034fb00530a053d18b8cf140c32b12b3,0,0,1,1,linux,BFC
904cb3677f3adcd3d837be0a0d0b14251ba8d6f7,19,0,0,3,linux,BIC
59414c989220825f970f38dbcbf11f18e817d73c,155,0,0,2,linux,BIC
4c8dc00503db24deaf0b89dddfa84b7cba7cd4ce,2,2,0,1,linux,BFC
12a3670887725df364cc3e030cf3bede6f13b364,6,0,4,3,linux,BFC
a7d19b05ce817d60ae672c4c112e77892978dc3c,255,0,1,2,linux,BIC
0cf736a18a1e804037839bd8df9e36f0efdb8745,29,0,2,3,linux,BFC
9c98f7ec01d78b5c12db97d1e5edb7022eefa398,3,0,1,1,linux,BFC
dc2df00af951569689ec39ce0a41b1dff7e3595e,0,0,1,1,linux,BFC
0a7f682d04652fd91de0cbc1ea3d7aa1e45611c7,0,2,3,1,linux,BFC
3ef0c7a730de0bae03d86c19570af764fa3c4445,7,1,22,1,linux,BFC
393c3714081a53795bbff0e985d24146def6f57f,35,1,62,6,linux,BIC
862e2b6af9413b43ef044979b934cab07bfd33e5,30,0,6,1,linux,BIC
0cc068e6ee59c1fffbfa977d8bf868b7551d80ac,0,0,1,1,linux,BFC
36cfd3a6e52bd65d42b1d04fbff30ac427f80cbd,46,27,5,1,linux,BIC
63aae7b17344d4b08a7d05cb07044de4c0f9dcc6,0,3,1,1,linux,BFC
b5685d2687d6612adf5eac519eb7008f74dfd1ec,2,0,1,1,linux,BFC
a6f8e68e238a15bb15f1726b35c695136c64eaba,2,0,2,1,linux,BFC
85550c83da421fb12dc1816c45012e1e638d2b38,0,2,0,1,linux,BFC
3b2a1ebceba3e03b17ef0970bb7757a3a64cdc8b,1,0,0,1,linux,BIC
6b3ba9146fe64b9bebb6346c9dcfe3b4851de2d7,29,0,14,3,linux,BIC
e249e42d277ef4993230b193880fbe9a307084eb,12,36,16,1,linux,BIC
7de6d09f51917c829af2b835aba8bb5040f8e86a,4,0,14,5,linux,BFC
fdc69e7df3cb24f18a93192641786e5b7ecd1dfe,1,0,1,1,linux,BFC
14455eabd8404a503dc8e80cd8ce185e96a94b22,5,29,22,3,linux,BFC
e2c693934194fd3b4e795635934883354c06ebc9,6,0,1,1,linux,BFC
99298de5df92699b1f709dc35c8636d15be21e2e,15,13,5,1,linux,BIC
f07602ac388723233e9e3c5a05b54baf34e0a3e9,14,0,2,2,linux,BIC
c8d3bcbfc5eab3f01cf373d039af725f3b488813,2,0,2,1,linux,BFC
28f8bfd1ac948403ebd5c8070ae1e25421560059,0,0,6,4,linux,BIC
ba1ed9e17b581c9a204ec1d72d40472dd8557edd,65,13,11,3,linux,BFC
1bcda09d291081a7732fcaa9d1745312404a4e36,131,0,1,2,linux,BIC
410982303772993a86bb7a9cfa7ece34522b2636,14,2,7,1,linux,BFC
4ba281d5bd9907355e6b79fb72049c9ed50cc670,5,0,1,1,linux,BFC
1f549009b5b2f26db01e334dc00db160ee12c0e1,6,2,8,3,linux,BIC
f19f5c49bbc3ffcc9126cc245fc1b24cc29f4a37,9,0,1,1,linux,BFC
dc596e3fe63f88e3d1e509f64e7f761cd4135538,7,0,4,1,linux,BFC
e5babdf928e5d0c432a8d4b99f20421ce14d1ab6,0,0,2,1,linux,BFC
28f5275e4aab97680c8243ec26e202e44c99e5bf,2,0,0,1,linux,BFC
f29dfa53cc8ae6ad93bae619bcc0bf45cab344f7,6,0,1,1,linux,BFC
81ddd8c0c5e1cb41184d66567140cb48c53eb3d1,1,0,0,1,linux,BFC
dc366364c4ef809dccd063919314301f8ba01ac2,18,13,20,3,linux,BIC
8d178f460772ecdee8e6d72389b43a8d35a14ff5,14,0,11,1,linux,BFC
302df2694b97e6a56f7956c1105630809b141ea0,8,0,21,1,linux,BFC
f23a5350e43c810ca36b26d4ed4ecd9a08686f47,0,0,1,1,linux,BFC
3aab91774bbd8e571cfaddaf839aafd07718333c,0,1,1,1,linux,BFC
047de3f17a8321065c32ee3f6272a6dba16d6bcf,10,13,0,1,linux,BIC
68816e16b4789f2d05e77b6dcb77564cf5d6a8d8,13,0,0,1,linux,BFC
a69a168a1bd470cb8a8c5f2ff4b54463de615226,88,0,2,3,linux,BIC
96fafe7c6523886308605d30ec92c7936abe7c2c,0,2,4,2,linux,BFC
13407376b255325fa817798800117a839f3aa055,1,0,0,1,linux,BFC
ad0ab027fc6da08cbd34070d816ff3b7986c64ae,3,0,6,1,linux,BFC
f3d384e36630e2a552d874e422835606d9cf230a,2,0,1,1,linux,BFC
5db06a8a98f515f67446a69c57577c4c363ec65d,6,0,1,3,linux,BIC
e90dd264566405e2f1bbb8595a4b5612281f6315,2,270,740,11,linux,BIC
5502b218e00161efd20ff1a789f51a332f13f8cd,0,22,1,1,linux,BIC
7c8d42fdf1a84b1a0dd60d6528309c8ec127e87c,2,0,2,1,linux,BFC
1119a72e223f3073a604f8fccb3a470ccd8a4416,0,8,4,1,linux,BFC
ac5a72ea5c8989871e61f6bb0852e0f91de51ebe,67,1,4,2,linux,BIC
a5f785ce608cafc444cdf047d1791d5ad97943ba,1,0,2,1,linux,BFC
a017c567915fd7a017006f8c210e2c6b30ab6fad,0,0,1,1,linux,BFC
c5ab131ba0df8c1f1f52ffa6214d60aafeeddbd0,61,48,6,4,linux,BIC
28e33f9d78eefe98ea86673ab31e988b37a9a738,5,1,1,1,linux,BFC
499afaccf6f3d5d3180f4155e85becf15d09ff71,37,7,25,5,linux,BIC
21974061cfb3c4b0b1a83447fb5e7cdcd06e56dc,0,0,9,1,linux,BFC
d7f7633557503bd231347d8896b9a6fb08f84e00,0,0,2,1,linux,BFC
1511949c61ec63e4b646c34d602ac6990b38ce30,1,0,0,1,linux,BFC
ae0e5df4d1a4a2694c9c203cc25334aaaf9f2dfa,1,1,0,1,linux,BFC
054d4b7b577de6f5d25a0d443f0d59410bf156ad,0,59,31,1,linux,BIC
18c9a99bce2a57dfd7e881658703b5d7469cc7b9,0,0,1,1,linux,BFC
dfc2507b26af22b0bbc85251b8545b36d8bc5d72,3,0,0,1,linux,BFC
619764cc2ec9ce1283a8bbcd89a1376a7c68293b,4,0,18,1,linux,BFC
e76ea26142821894bf78b0b311c8f7aceff0aa9b,11,8,0,1,linux,BFC
51af96b53469f3b8cfcfe0504d0ff87239175b78,0,0,1,1,linux,BFC
8ed1fb790ea24bb223e3b30e2b22bccf5b0a76c9,57,30,4,4,linux,BIC
dd85ebf681ef0ee1fc985c353dd45e8b53b5dc1e,1,0,1,1,linux,BFC
c7674c001b1143a5bc6b36efc7adc4bdd8ff5e76,8,3,10,3,linux,BIC
521ca5a9859a870e354d1a6b84a6ff4c07bbceb0,1,0,1,1,linux,BFC
01c377bfe21a1050fd7cfd33699f7d8049dc2723,0,0,3,1,linux,BFC
528379902337102b0264fe5343eafb3d6c59fa45,62,0,0,2,linux,BIC
97ad2bdcbe8598a69ee1f372ed6c0fbdb2869218,46,1,45,8,linux,BIC
560b32842912f9271ea47879f9b374693b724721,338,0,0,2,linux,BIC
cc8a677a76f419016b5e231207d09b073f9b1d3f,5,0,2,2,linux,BFC
6e6eae04f5123b7b2f4265f7a702b5200fa5863b,0,0,3,1,linux,BFC
1f171f4f1437f7811b7610ef959e4340b9212a11,131,4,1,4,linux,BIC
e30ca4bcf0d9ad2c6f5716d6098b935f0d584c76,0,0,2,1,linux,BFC
c68df2e7be0c1238ea3c281fd744a204ef3b15a0,0,0,1,1,linux,BIC
9c79a8ab5f124db01eb1d7287454a702f0d4252f,1,0,2,1,linux,BFC
658f4c8296888c135e394cc21f94386958c36ac7,29,0,8,2,linux,BIC
21afaf181362b4aeb5be72705d2914673b336149,0,0,8,13,linux,BIC
c288983dddf714216428774e022ad78f48dd8cb1,2,0,1,1,linux,BFC
6d066734e9f09cdea4a3b9cb76136db3f29cfb02,3,1,11,1,linux,BIC
c6e50787889c8d55db65c769dccee98c7fcd1732,0,4,0,1,linux,BFC
9b1b234bb86bcdcdb142e900d39b599185465dbb,0,0,1,1,linux,BFC
ad5b353240c8837109d1bcc6c3a9a501d7f6a960,33,8,38,2,linux,BIC
de5107f473190538a65aac7edea85209cd5c1a8f,2,0,4,1,linux,BFC
7c759040c1dd03954f650f147ae7175476d51314,12,0,1,1,linux,BFC
f8aab60422c371425365d386dfd51e0c6c5b1041,23,14,6,2,linux,BIC
ab646f54f4fd1a8b9671b8707f0739fdd28ce2b1,0,0,1,1,linux,BFC
5961d6a12c13df834343e56e37672169fe88756b,57,16,25,1,linux,BIC
7a4228bbff769ebf449981a4248616db9f0cffec,3,0,1,1,linux,BIC
1d5859ef229e381f4db38dce8ed58e4bf862006b,1,0,1,1,linux,BFC
6496bbf0ec481966ef9ffe5b6660d8d1b55c60cc,6,0,1,1,linux,BFC
20955746320e252b41c6b3505587766012e3e06d,0,0,8,1,linux,BFC
b7e97872a65e1d57b4451769610554c131f37a0a,13,0,2,1,linux,BFC
7ae2f3db6167aa7184529fdacd1de72619baf93b,6,0,4,1,linux,BFC
270ef41094e9fa95273f288d7d785313ceab2ff3,18,0,2,1,linux,BFC
cc18da79d9b7faf1ec617e2478d57d25d7b2f93a,32,0,8,1,linux,BIC
facee1be7689f8cf573b9ffee6a5c28ee193615e,0,0,1,1,linux,BFC
05459ca81ac3064cb040d983342bc453cccec458,2,31,16,4,linux,BIC
7eec67869893bc34bd3a3126e5124a4ef017e0cd,0,0,2,1,linux,BFC
ac5d15b4519f418818036e1e23a392e3d78095f6,15,7,16,2,linux,BIC
e361d1f85855ded967bd4803e8293445a6ce301a,0,3,18,2,linux,BIC
444f901742d054a4cd5ff045871eac5131646cfb,3,0,1,1,linux,BFC
011620688a71f2f1fe9901dbc2479a7c01053196,4,0,6,1,linux,BIC
7873e98c614aa8dd2c3429aa2e25dc0e9ccadffa,0,0,1,1,linux,BFC
1d7ae53b152dbc5ba0a4f6a83ecc42ac66f52d11,5,0,2,2,linux,BIC
5ab2ba931255d8bf03009c06d58dce97de32797c,8,7,12,1,linux,BFC
508541146af18e43072e41a31aa62fac2b01aac1,28,9,10,8,linux,BIC
0f4f2afd4402883a51ad27a1d9e046643bb1e3cb,2,0,0,1,linux,BFC
b9ae51273655a72a12fba730843fd72fb132735a,0,0,1,1,linux,BFC
8aab336b14c115c6bf1d4baeb9247e41ed9ce6de,2,0,0,1,linux,BFC
d59fb2856223219ccaa73bd2e96021f02ea5c266,3997,0,0,3,linux,BIC
3418c56de81fd73f2265c8915f4b910bcc141cb7,0,0,1,1,linux,BFC
efebf0aaec3de4df2bdb2949ebaacacd82de37db,19,2,8,1,linux,BIC
a347c7ad8edf4c5685154f3fdc3c12fc1db800ba,0,1,1,1,linux,BFC
3aa6bce9af0e25b735c9c1263739a5639a336ae8,2,0,0,1,linux,BFC
9809889c708ebffe240608eef39b667082f2c945,66,2,7,1,linux,BFC
60e2dde1e91ae0addb21ac380cc36ebee7534e49,1,0,0,1,linux,BFC
76443456227097179c14826425f88a95d81a892e,3,1,13,2,linux,BIC
79dd0c69f05fccb0396bdcd861ad4686ce888cda,111,19,10,4,linux,BIC
09e31cf0c528dac3358a081dc4e773d1b3de1bc9,19,1,5,1,linux,BFC
23216d387c40b090b221ad457c95912fb47eb11e,6,0,0,1,linux,BFC
7bc08056a6dabc3a1442216daf527edf61ac24b6,9,0,1,1,linux,BFC
7c62940165e9ae4004ce4e6b5117330bab94df68,3,0,2,1,linux,BFC
25708278f8100b9e5e79b2f24637c8f222256729,58,0,2,1,linux,BIC
7bcb9c8d0bc9f3cab8ac2634b056c2e6b63945ca,3,0,0,1,linux,BFC
a4370c777406c2810e37fafd166ccddecdb2a60c,112,11,91,6,linux,BIC
67ec1072b053c15564e6090ab30127895dc77a89,12,0,2,1,linux,BIC
314139f9f0abdba61ed9a8463bbcb0bf900ac5a2,1,0,3,1,linux,BFC
8732d85a69a0411f16a4b78df8fdc7b09c50a849,1,0,0,1,linux,BFC
ebe41ab0c79d5633123f6faa3265a1a63c5f22d8,63,0,0,1,linux,BIC
1c2cdf0b603a3b0c763288ad92e9f3f1555925cf,2,0,1,1,linux,BFC
a6bff3cb19b7d57e297a11d844ffb71be9fd9d80,158,0,2,5,linux,BIC
7230f7e99fecc684180322b056fad3853d1029d3,1,0,0,1,linux,BFC
af54aed94bf3a1cf0b847bbbf00f9a58e278b338,0,0,1,1,linux,BFC
66cb2a36a96f6facbcb4ef1db967b8e9ea6910fe,0,0,1,1,linux,BFC
9d49169c5958e429ffa6874fbef734ae7502ad65,1,0,1,1,linux,BFC
cc98963dbaaea93d17608641b8d6942a5327fc31,1,0,1,1,linux,BFC
94f339147fc3eb9edef7ee4ef6e39c569c073753,10,0,15,1,linux,BFC
16e8d74d2da9920f874b10a3d979fb25c01f518f,93,1,0,1,linux,BIC
90ae409f9eb3bcaf38688f9ec22375816053a08e,11,7,4,4,linux,BFC
1233d4d68af23526e5b90f345f7bf6e4961d47c0,0,0,1,1,linux,BFC
3d30544f02120b884bba2a9466c87dba980e3be5,45,0,4,1,linux,BIC
cbba45d43631d0414266d7e79827da3f491f1b1e,49,25,34,2,linux,BIC
ac132852147ad303a938dda318970dd1bbdfda4e,8,0,8,1,linux,BFC
927265bc6cd6374c9bafc43408ece4e92311b149,1,0,8,2,linux,BFC
bdf03299248916640a835a05d32841bb3d31912d,3,2,1,1,linux,BFC
9cf6cdba586ced75c69b8314b88b2d2f5ce9b3ed,0,0,2,1,linux,BFC
c7ee6ce1cf60b7fcdbdd2354d377d00bae3fa2d2,5,0,1,1,linux,BFC
881a3a11c2b858fe9b69ef79ac5ee9978a266dc9,0,0,1,1,linux,BFC
fe5595c074005bd94f0c7d1644175941149f6768,23,0,7,2,linux,BIC
d04afe14b23651e7a8bc89727a759e982a8458e4,0,0,1,1,linux,BFC
0a4cad9c11ad46662ede48d94f08ecb7cd9f6916,257,0,0,1,linux,BIC
f7b2e34b4afb8d712913dc199d3292ea9e078637,2,0,0,1,linux,BFC
1b9394e5a2ad48be7906557ea6a500c5e8e91ee1,117,0,3,1,linux,BIC
063246641d4a9e9de84a2466fbad50112faf88dc,4,0,27,19,linux,BIC
f49a51bfdc8ea717c97ccd4cc98b7e6daaa5553a,7,2,1,2,linux,BFC
8404d7a674c49278607d19726e0acc0cae299357,0,0,1,1,linux,BFC
7c044adca272768d821921f11d3da4587dcec68a,55,71,2,1,linux,BIC
d9d6a9aed3f66f8ce5fa3ca6ca26007d75032296,16,2,2,1,linux,BIC
7e10cc25bfa0dd3602bbcf5cc9c759a90eb675dc,17,12,2,1,linux,BIC
6fa45a22689722dac9f0e90c0931d4b34b334ede,352,1,27,4,linux,BIC
6e88e672b69f0e627acdae74a527b730ea224b6b,4,0,2,1,linux,BFC
8a254d90a77580244ec57e82bca7eb65656cc167,1,20,4,3,linux,BFC
efdfeb079cc3b6c7d9c19959c5ed65ce2510dd1d,153,28,35,21,linux,BIC
3ce62a84d53cd3d3cc5377bbf339e9b08ddf9c36,3,0,0,1,linux,BIC
dc17147de328a74bbdee67c1bf37d2f1992de756,4,3,5,1,linux,BFC
d2aa37411b8e65d57d2c5ae36f0222274292020d,16,0,5,1,linux,BIC
051172e8c1ceef8749f19faacc1d3bef65d20d8d,0,0,7,1,linux,BFC
d9c148cfaf0a99296ad7c92fb8b65952196053ec,4,0,0,1,linux,BFC
8f3d749685e48c44dbe877ac9781079d85f914c8,4,0,6,1,linux,BFC
b5a0faa3572ac70bd374bd66190ac3ad4fddab20,24,0,2,1,linux,BFC
ae5c631e605a452a5a0e73205a92810c01ed954b,1,0,0,1,linux,BFC
88b3d5c90e9685be54dd5bc441970044020eca76,54,1,24,6,linux,BIC
f9481b08220d7dc1ff21e296a330ee8b721b44e4,7,5,0,1,linux,BFC
81cac64ba258ae823f52cfaec0cad26ecb31adc3,44,0,1,1,linux,BIC
b6f2b2e600a27b79801bae0bf73e3c34438dc0ae,12,12,0,1,linux,BFC
84f44df664e9f0e261157e16ee1acd77cc1bb78d,37,10,1,1,linux,BFC
91f7d2e89868fcac0e750a28230fdb1ad4512137,9,6,1,1,linux,BFC
4838ec0d80b110a5f30c7e3169dc5021efd203d4,2,0,2,1,linux,BFC
6e02318eaea53eaafe628c4ffc254f57b2704561,48,0,2,1,linux,BIC
db3f1f9b5d88d8d7f9eaa486f71784dd319285ff,2,0,0,1,linux,BFC
8ccb5bf7619c6523e7a4384a84b72e7be804298c,1,0,1,1,linux,BFC
c6a58ffed53612be86b758df1cdb0b0f4305e9cb,134,9,1,1,linux,BIC
84d26fda52e2eb1ee75dd6a2df9d8e595994b8f8,166,201,48,4,linux,BIC
e831c7aba950f3ae94002b10321279654525e5ec,2,0,1,1,linux,BFC
82813ba9b4b31cd445a2ec1a1404de6e78f32b35,8,0,4,1,linux,BFC
919c2299a8930229f2c56a2de27dcacdae0a373f,0,3,0,1,linux,BIC
29fb608396d6a62c1b85acc421ad7a4399085b9f,0,1,1,1,linux,BFC
f2d3b9a46e0ed4742abaa00506b18bb2ca9179d8,127,150,18,1,linux,BIC
7b07cbefb68d486febf47e13b570fed53d9296b4,9,0,9,4,linux,BIC
f729c8c9b24f0540a6e6b86e68f3888ba90ef7e7,21,2,17,3,linux,BIC
f6c8e432cb0479255322c5d0335b9f1699a0270c,3,1,0,1,linux,BIC
f030304fdeb87ec8f1b518c73703214aec6cc24a,2,0,0,1,linux,BFC
69d04ca999499bccb6ca849fa2bfc5e6448f7233,2,0,1,1,linux,BFC
add710eaa88606de8ba98a014d37178579e6dbaf,129,0,11,4,linux,BIC
cfb9a34d147b8d002d4330ddb53a3eb79565d17c,10,10,3,1,linux,BFC
d43810b2c1808ac865aa1a2a2c291644bf95345c,2,0,1,1,linux,BFC
5a35b85c2d92f7205d2f9f3878662fefd70b9a65,111,0,0,1,linux,BIC
f4bd542bcaee551fbc5b53061bd252b878712d4a,53,0,1,1,linux,BIC
d391c58271072d0b0fad93c82018d495b2633448,0,0,6,4,linux,BIC
78954700631f54c3caae22647eb1f544fc4240d4,90,61,9,3,linux,BIC
eefffb42f6659c9510105f3e4ebf2a8499d56936,0,1,1,1,linux,BIC
bcecb4bbf88aa03171c30652bca761cf27755a6b,5,0,1,1,linux,BFC
bc0ae0e737f5167348579612493e2754e2122dfb,335,0,0,1,linux,BIC
dd3ecf17ba70a70d2c9ef9ba725281b84f8eef12,0,0,3,1,linux,BFC
5baecbcd9c9a2f491afe1369fc22e7363f9c94d5,9,0,0,1,linux,BIC
3b89e4b77ef9c2f985964fab17032db98f074ed0,3,0,0,1,linux,BFC
efbd9129dfe87fdeaa3c44e8246b019a775c484b,0,19,0,1,linux,BFC
c8b0507f40deea3d5014b5b4989b6a06ffedde70,2,0,8,1,linux,BIC
79c823c57e69d9e584a5ee4ee6406eb3854393ae,98,1,0,1,linux,BFC
819f7427bafd494ef7ca4942ec6322db20722d7b,1,0,0,1,linux,BIC
b330e6a49dc3e9145de5c986b29bbbb884351e92,4,14,42,3,linux,BIC
79962a5c8ba5b33f49d88a058e2124bf2ff3c034,1,3,0,2,linux,BFC
99243b922c9ddb4976b8db2eeffb0aed6e06c6f9,0,0,1,1,linux,BFC
822eaf7cfb7c4783375bceadbc7651137346ac00,0,0,3,1,linux,BFC
1605de1b3ca66e3eddbca4b3c353c13c26476fe2,46,0,16,1,linux,BFC
a832d35762a0b3e3ad1d4ce8e4dc3915056c853b,3,3,0,1,linux,BFC
67bf2541f4b9a091e928d75eca544bca4c5db142,41,1,4,2,linux,BIC
36472341017529e2b12573093cc0f68719300997,48,0,0,3,linux,BIC
4ec7cece87b3ed21ffcd407c62fb2f151a366bc1,6,0,0,1,linux,BIC
d220b942a4b6a0640aee78841608f4aa5e8e185e,2,1,0,1,linux,BFC
3c9d082064b5ec5876f7e20bc50959d1915c5ab0,4,4,0,1,linux,BFC
2dcb8e8782d8e4c38903bf37b1a24d3ffd193da7,1974,0,0,4,linux,BIC
b1a17513a2d60f9e933016bed04d0eeb8651a915,45,0,6,3,linux,BIC
5483bfcb169cf3e68196bb6f28a43107fb48022c,13,2,7,2,linux,BIC
0679d29d3e2351a1c3049c26a63ce1959cad5447,1,0,0,1,linux,BIC
8812022cb2fdaa1c6d7e0c3e028b45ca039650ea,112,0,0,1,linux,BFC
f9f5bbf5783cd63369d3e6c8cf27e2bd7c5ac2c3,0,0,2,1,linux,BFC
d4af56c5c7c6781ca6ca8075e2cf5bc119ed33d1,402,3,33,9,linux,BIC
011f09d1205285b215003a6c65408609ef78abac,23,0,9,4,linux,BIC
30f7ea1c2b5f5fb7462c5ae44fe2e40cb2d6a474,34,16,15,1,linux,BIC
2b3d2987d800cc6dd8f6459971bc332354bd6a31,1,0,13,2,linux,BIC
90b93f1b31f86dcde2fa3c57f1ae33d28d87a1f8,87,0,0,6,linux,BIC
1bf3751ec90cc3174e01f0d701e8449ce163d113,0,1,9,1,linux,BIC
250091409a4ac567581c1f929eb39139b57b56ec,0,3,6,1,linux,BFC
99147e64428b9c3bfcd97e545ae478906c79e6a8,2,0,2,1,linux,BFC
eccb4422cf97a4b0daf97b3f3d68044514fea7bd,368,0,7,4,linux,BIC
5d5b74aa9c766f0dd37d5cc1a2a7a94586130501,36,0,1,1,linux,BIC
de5bc7b425d4c27ae5faa00ea7eb6b9780b9a355,0,0,3,1,linux,BFC
28673b33c75621b52971b5d5aeed0be59de0bda5,8,0,3,2,linux,BFC
00d6c019b5bc175cee3770e0e659f2b5f4804ea5,0,42,15,1,linux,BIC
2a154903cec20fb64ff4d7d617ca53c16f8fd53a,2,0,4,1,linux,BFC
7c5c2c2d18d778e51fd8b899965097168306031c,0,0,1,1,linux,BFC
73a757e63114dfd765f1c5d1ff7e994f123d0234,41,0,10,4,linux,BIC
18353c87e0e0440d4c7c746ed740738bbc1b538e,2,0,2,1,linux,BFC
8a4b06d391b0a42a373808979b5028f5c84d9c6a,35,0,0,3,linux,BIC
9f7d653b67aed2d92540fbb0a8adaf32fcf352ae,219,0,4,6,linux,BIC
3a9e204d4e36904a464a2e53206b053a7ffc7bad,41,0,2,2,linux,BIC
700465fd338fe5df08a1b2e27fa16981f562547f,1,0,2,2,linux,BFC
dbd0b42350d5717786cb8257fbe5b528f3af9772,2,1,13,1,linux,BFC
1c3f9df77a506355b3c7761039b53e55ce746f17,2,0,0,1,linux,BFC
3a316ec4c91cfe03093d708369f9ab57000c96c3,30,37,160,3,linux,BIC
e00a5c331bf57f41fcfdc5da4f5caeafe5e54c1d,2,0,0,1,linux,BFC
e7a36d27f6b9f389e41d8189a8a08919c6835732,13,14,4,1,linux,BFC
e13ad1443684f7afaff24cf207e85e97885256bd,3,0,0,1,linux,BFC
eff849b2c669ebf0df88762f082bcb252f8e883c,27,52,9,5,linux,BIC
e1e1b5356eb48dce4307f5cae10e4d6d5bd3df74,0,0,5,1,linux,BFC
c59a1f106f5cd4843c097069ff1bb2ad72103a67,80,0,18,5,linux,BIC
88c8e05ed5c0f05a637e654bbe4e49a1ebe7013c,3,5,5,2,linux,BFC
1e434b703248580b7aaaf8a115d93e682f57d29f,0,0,1,1,linux,BIC
95881a54b8b175be56adbcd86a473d8e8d5be2aa,0,0,1,1,linux,BFC
dfbd379ba9b7431eec46f1dbc2603491be98619a,5,2,4,1,linux,BIC
32a19de21ae40f0601f48575b610dde4f518ccc6,17,0,16,1,linux,BFC
56e57cb6c07f124911dfe9a6b496f541ed166931,808,0,0,1,linux,BIC
f0a30dca5f84fe8048271799b56677ac2279de66,0,0,1,1,linux,BFC
cde9319e884eb6267a0df446f3c131fe1108defb,0,0,1,1,linux,BFC
2f0472a1f80e6230f126aa0af76e89f85abc37bd,0,0,1,1,linux,BFC
dcce50e6cc4d86a63dc0a9a6ee7d4f948ccd53a1,0,0,4,2,linux,BFC
0854fa82c96ca37a35e954b7079c0bfd795affb1,6,0,13,6,linux,BFC
55707d531af62bd87c1b7e8d66fd9798094f9b3b,12,0,0,2,linux,BIC
a894cf6c5a82c7ddcb1bad82d1e0af3d0ead9a41,93,95,12,1,linux,BIC
c7721e15f434920145c376e8fe77e1c079fc3726,1,0,1,1,linux,BFC
da321133b53caf7889ed3ca1dabe4cc368db2604,0,6,1,1,linux,BFC
fa0866625543b4d8b3d026e4e0ef5ec25a453920,311,7,24,8,linux,BIC
764643a6be07445308e492a528197044c801b3ba,1,0,1,1,linux,BFC
e0d0059169945c8ee16790d2e7244cea397dfd56,32,0,2,1,linux,BIC
1a9e7a03c761b57652ea532fa940264aa9dd699f,167,0,23,1,linux,BIC
2ea89c7f7f7b192e32d1842dafc2e972cd14329b,5,0,2,2,linux,BFC
4afa60d3a88aae3d052e0e8e1e62d6fc15a2be82,0,0,2,1,linux,BFC
fa28237cfcc5827553044cbd6ee52e33692b0faa,316,2,15,8,linux,BIC
280771252c1bae0947215c59fb9ea6a8d9f8399d,74,0,0,5,linux,BIC
e53b868b3cf5beeaa2f851ec6740112bf4d6a8cb,0,0,1,1,linux,BFC
6e41766a6a504b605a105cc5ab8d276ea20052ba,60,0,0,2,linux,BIC
32ce3862af3c42a3890e99846a8d1ad8871a49f9,34,0,0,1,linux,BIC
9898cb24e454602beb6e17bacf9f97b26c85c955,0,1,0,1,linux,BFC
358ed624207012f03318235017ac6fb41f8af592,3,0,0,1,linux,BFC
09dd629eeabb8af4d261ba9eb4b21d7e440362bc,14,7,11,1,linux,BIC
232a5adc5199891efde6c844fd15b8d4d18245e6,10,0,4,1,linux,BIC
74d905d2d38ad00246e1f22c6ccad7ebb5731839,50,0,3,1,linux,BIC
603e989ebee21bfa9cddf8390d0515a07324edc8,1,0,3,1,linux,BFC
3244867af8c065e51969f1bffe732d3ebfd9a7d2,3,0,2,1,linux,BFC
50ceca6894adb834126ae644920902473bdc2d33,5,0,3,1,linux,BFC
816873eaeec63ba2e58bbd514d15a7efc6e572f7,192,0,1,2,linux,BIC
f20a46c3044c3f75232b3d0e2d09af9b25efaf45,8,0,19,1,linux,BFC
6bd082af7e36cfeeaf2434a3cd0dbb3331cf6e1a,27,193,23,1,linux,BIC
49f971bd308571fe466687227130a7082b662d0e,0,2,1,1,linux,BFC
39ce8150a079e3ae6ed9abf26d7918a558ef7c19,13,2,3,1,linux,BIC
b40341fad6cc2daa195f8090fd3348f18fff640a,0,2,2,1,linux,BFC
ad4b1eb5fb3350c979a4f86eacfe7aac0595f335,84,0,0,1,linux,BIC
d51507098ff91e863b6e0a8047507741d59b8175,10,0,0,1,linux,BFC
3c3e4b3a708a9d6451052e348981f37d2b3e92b0,2,0,1,1,linux,BFC
ac9eafbe930abb589e9289842a99cc575cadb854,30,10,5,3,linux,BIC
1c84e7f9d5dc596bef22204131e561c4b3addf0a,77,12,12,2,linux,BIC
0c83b277ada72b585e6a3e52b067669df15bcedb,2,2,0,1,linux,BFC
3840edc8033ad5b86deee309c1c321ca54257452,47,42,0,3,linux,BIC
0111def915b280c64c05f73f01b59ca404255aa3,0,0,1,1,linux,BFC
843f38d382b1ca2f6f4ae2ef7c35933e6319ffbb,55,0,5,2,linux,BIC
6ac734d2242949f41eb1346ca0fd4ed010c937aa,1,0,1,1,linux,BFC
25c07e2c5ec80a1c7390b41e2b03ca3d0e31fc01,2,0,0,1,linux,BFC
bb765d1c331f62b59049d35607ed2e365802bef9,1,0,2,1,linux,BFC
056f9c7f39bf517d58f32797f1eb1465bb6f6ef2,261,0,0,3,linux,BIC
43dc0aa84ef74e3acd908b6d5eaa8ae15d7ecc8a,0,1,1,1,linux,BFC
47010c040dec8af6347ec6259104fc13f7e7e30a,0,0,13,8,linux,BIC
7324f5399b06cdbbd1520b8fde8024035953179d,0,7,0,1,linux,BFC
3919357fb0bbdbc18366cf59cbf0f16c608f81fe,92,19,6,1,linux,BIC
ca26893f05e86497a86732768ec53cd38c0819ca,446,29,137,2,linux,BIC
cd2567b6850b1648236a4aab0513a04ebaea6aa8,6,1,7,1,linux,BIC
a96295965b600f2dc6ad661c4803c86e87db3d7b,3,0,0,2,linux,BFC
fd567653bdb908009b650f079bfd4b63169e2ac4,7,0,0,1,linux,BIC
50d899808d33a5b0aa82be23e824119944042689,0,0,1,1,linux,BFC
98184612aca0a9ee42b8eb0262a49900ee9eef0d,4,0,0,1,linux,BFC
d6781e490179f7ba710dd924187109da70c185b0,0,16,0,1,linux,BIC
0dca060c2a5a83dc8bd28eb2d8b559bd33238175,0,0,1,1,linux,BFC
faef080f6db5320011862f7baf1aa66d0851559f,0,0,1,1,linux,BFC
dc8af3a827df6d4bb925d3b81b7ec94a7cce9482,0,0,1,1,linux,BFC
ec0bb482de0ad5e4aba2a4537ea53eaeb77d11a6,2,2,0,1,linux,BFC
c1bea0a840ac75dca19bc6aa05575a33eb9fd058,1,0,0,1,linux,BFC
719c7d563c17b150877cee03a4b812a424989dfa,1,1,0,1,linux,BIC
5d037b4d3df7b77ecd22fa8e10f5000bdc42cc8b,4,0,4,1,linux,BFC
b2e63555592f81331c8da3afaa607d8cf83e8138,179,94,148,26,linux,BIC
4a91cb61bb995e5571098188092e296192309c77,72,0,0,2,linux,BIC
55d940430ab91b89ff5fc7240555544d86475783,26,15,23,1,linux,BIC
51f6463aacfbfd322bcaadc606da56acef644b05,36,0,0,1,linux,BIC
dc12baacb95f205948f64dc936a47d89ee110117,49,2,2,1,linux,BFC
5f31dbeae8a88f31c3eb4eb526ab4807c40da241,6,0,1,1,linux,BFC
be25152c0d9e236076323abbe9def9714234b761,230,75,176,7,linux,BIC
18e962ac0781bcb70d433de3b2a325ff792b4288,0,0,4,1,linux,BFC
2585cd62f0986a6e6d9c83363ed6dbcc66bc9f32,0,1,1,1,linux,BFC
328de1c519c5c0925151cae47944a1c1a0333bcd,169,0,0,1,linux,BIC
6533af4d4831c421cd9aa4dce7cfc19a3514cc09,3,0,2,1,linux,BFC
59dc76b0d4dfdd7dc46a1010e4afb44f60f3e97f,0,89,42,3,linux,BIC
23f4984483623cf8621246004228f08fcabf51e4,51,52,8,4,linux,BIC
36e8169ec973359f671f9ec7213547059cae972e,12,0,11,1,linux,BFC
7bed8adcd9f86231bb69bbc02f88ad89330f99e3,38,0,6,1,linux,BFC
f058e46855dcbc28edb2ed4736f38a71fd19cadb,21,0,6,1,linux,BIC
b24e7598db62386a95a3c8b9c75630c5d56fe077,13,0,0,1,linux,BFC
2a50edbf10c8c56e930bfb53d8f9f00a33fd837e,41,0,2,5,linux,BIC
a0aab9e1404ac9f8a300b4546cac3c38e04d07bf,1185,0,0,1,linux,BIC
4e66934eaadc83b27ada8d42b60894018f3bfabf,213,0,0,2,linux,BIC
f76c8f6d257cefda60221c83af7f97d9f74cb3ce,2,0,0,1,linux,BIC
1907920324f1f3ebb6618344417c03a2863bba01,238,0,11,4,linux,BIC
2e57d56747e601b3e0ff6697e524025d0504d161,190,10,31,7,linux,BIC
0db3dfa03c0881fc98d3ff2f88dcca2bc69c0003,95,0,3,4,linux,BIC
0a6e21056eaa859353945c4b164f3ef574d84271,0,0,1,1,linux,BFC
dbe246209bc1a2a870250499b8f584251838d5b4,3,12,5,1,linux,BIC
18644cec714aabbab173729192c7594ee57a406b,7,9,4,1,linux,BIC
dde25846925765a88df8964080098174495c1f10,72,0,1,1,linux,BIC
8e8e923a49967b798e7d69f1ce9eff1dd2533547,1,0,1,1,linux,BFC
ae26aa844679cdf660e12c7055f958cb90889eb6,0,0,1,1,linux,BFC
1a23f81b7dc3115b29cff0e4f58b5dd04a6242ad,623,565,10,4,linux,BIC
7d1202738efda60155d98b370b3c70d336be0eea,0,0,2,1,linux,BFC
c01163dbd1b8aa016c163ff4bf3a2e90311504f1,11,24,2,2,linux,BFC
9b1f2982360579cbdb3069fa026f6cfc31c4388b,50,0,0,1,linux,BIC
266fa2b22294909ddf6e7d2f8acfe07adf9fd978,1,0,6,1,linux,BFC
4aff53ef18e4a444dea060ab5d25128f87093d54,10,0,1,1,linux,BIC
9603b61de1eee92977d74ff42541be20c0c5b1a7,300,112,198,9,linux,BIC
ee1c60b1bff8f258fa530def3459726f8e922caf,99,169,38,6,linux,BIC
144e2643e2f57d29804cacb5403708cd22984b73,0,1,1,1,linux,BFC
ce46ae0c3e31400dc89d1e4620a812647cab9c72,0,6,1,1,linux,BFC
7a9e10253e9e52451bbe80ddb2874368dbd240a3,1,1,0,1,linux,BFC
c0eb05585d4184596453622b5abba7d13dd20667,1,0,5,1,linux,BFC
aa7abd312c11744f9718338a40ebaaf0685a768a,0,3,2,1,linux,BIC
8379f0a8ea84f1a904e116b65751681a48a763ea,1,0,0,1,linux,BFC
3c96ec56828922e3fe5477f75eb3fc02f98f98b5,7,0,1,1,linux,BFC
f404da6e1d46ced7d3b53377f1e140c486ea7350,136,0,14,1,linux,BIC
c623c95afa56bf4bf64e4f58742dc94616ef83db,5,0,0,1,linux,BFC
133d68e0ed4d822ccfa276ff7d2d1753477de1a8,2,0,2,1,linux,BFC
db0503e4f6751f2c719d002ba1becd1811633e6e,19,0,0,1,linux,BIC
19250f5fc0c283892a61f3abf9d65e6325f63897,2,0,1,1,linux,BFC
6f1b228529ae49b0f85ab89bcdb6c365df401558,4,0,9,1,linux,BIC
66bda1a68ba162c91817f755323c377e19e63913,1,0,1,1,linux,BFC
2ffd48f2e7ae06c3d7b2bcde9a0cb211d1a32468,807,12,2,4,linux,BIC
9fe9b252c7c022df8e503435e778f15c04dfa3bf,0,0,1,1,linux,BFC
d8bdcff2876424d44d08a4d16a54fee518f9d5b8,80,10,11,1,linux,BIC
fe4034a3fad748d2fce87fe635359dcde83f188b,2,0,3,1,linux,BIC
7f6e1f3072b6842b2491b2cce28360e8cfea12ad,9,5,12,1,linux,BFC
34cc0aa2545603560c79aaea3340d8ff3a71bd10,698,0,0,4,linux,BIC
e02119d5a7b4396c5a872582fddc8bd6d305a70a,3267,63,140,16,linux,BIC
f2bbc96e7cfad3891b7bf9bd3e566b9b7ab4553d,825,2,74,4,linux,BIC
f6aa45f67aaa03bd294040508218bc72c5958ad6,8,3,3,2,linux,BFC
2ea29c5abbc27147c2d9e2ab5e05436aca706b65,11,0,4,2,linux,BIC
1f23816b8eb8fdc39990abe166c10a18c16f6b21,133,0,2,2,linux,BIC
0e1614ac84f1719d87bed577963bb8140d0c9ce8,2,0,0,1,linux,BFC
79593c086eb95eb2886f36ee6f78a1d6845e1bdf,1,0,0,1,linux,BFC
c992fa1fd52380d0c4ced7b07479e877311ae645,0,0,1,1,linux,BFC
0550cfe8c2c6f8e7a4c348b6603a794576db12dd,12,0,2,1,linux,BFC
c8061689ffadde941f9c3756f1362bd2b97311c8,1,0,0,1,linux,BFC
7d79aa8628fe5045ad9379ccd5b992b04237ea52,1,108,7,3,linux,BIC
750dc2f622192c08664a15413bc9746d9cbc4361,2,0,4,1,linux,BFC
878d8def0603eebf11e19903e7a8886b3e9728e4,180,1,53,2,linux,BIC
53b29c336830db48ad3dc737f88b8c065b1f0851,3,0,2,1,linux,BFC
63434888aaf1b2e73780f3ada9dcf09bf0f206e1,33,1,11,1,linux,BIC
00bb6ae5006205e041ce9784c819460562351d47,12,0,0,1,linux,BFC
e15ce4b8d11227007577e6dc1364d288b8874fbe,1,0,0,1,linux,BFC
20fa2ff0441eabc8e6263b428191228d9599ea9d,1,0,6,1,linux,BFC
dd5abb742071a962be4403f171063ed1e9d4202d,1,0,0,1,linux,BFC
5d72b4fba40ef4b3f7a1a11d6aacc85d9af81561,21,0,2,2,linux,BIC
9db22d928ca92629f0deb18efed265c4b7c2aa5e,0,0,1,1,linux,BFC
da7a35062bcccd3f67779a357065ba707b02ff2b,0,0,1,1,linux,BIC
4e0b1ab72b8af961bcaca9ec1475279c1cd9579c,178,0,4,9,linux,BIC
22090f84bc3f8081e0ec180ccaedc85820085376,16,16,0,3,linux,BIC
af64d2aa872a174772ffc00e2558083f70193acb,7,0,0,1,linux,BIC
d6543c0f3964f20cd6f585d4794d07b7b31207c0,0,0,1,1,linux,BFC
ea6873a45a22f35c8ab0f9c025df6a6c6dd532f3,221,0,0,1,linux,BIC
72d6b2459dbd539c1369149e501fdc3dc8ddef16,2,0,3,1,linux,BFC
9bc146acc33125cd9f365b92f1c02ec89f639977,4,0,11,1,linux,BIC
684284b64aae96c8d5de0dc0d6e4b72f8b3502ce,48,0,0,1,linux,BIC
9fcf78cca198600b27c44b4e50f00f8af3927f17,93,48,17,4,linux,BIC
93d0c1ab23281fda96490f23cd6f2a1966fdc030,4,0,3,1,linux,BFC
13edc237200c75425ab0e3fe4b4c75dafb468c2e,162,1,24,1,linux,BIC
51d05e1b29676a0425749a1533b87e3ad3c6f176,1,0,0,1,linux,BFC
27d4073f8d9af0340362554414f4961643a4f4de,2,0,2,1,linux,BFC
a86d5c682b798b2dadaa4171c1d124cf3c45a17c,9,0,2,2,linux,BFC
e2803e610aecb36ea4fec5a04861547664580d0c,50,0,0,2,linux,BIC
c0e5ddab6e985c83714b31a88098e76c39ff084a,1,0,0,1,linux,BFC
7ccc4fe5ff9e3a134e863beed0dba18a5e511659,48,54,3,1,linux,BFC
d9771f5ec46c282d518b453c793635dbdc3a2a94,7,0,2,1,linux,BFC
9baf30972b5568d8b5bc8b3c46a6ec5b58100463,8,0,2,3,linux,BIC
5bba129eaa002b8e1be0bd0e33d9937ae0d80805,0,0,1,1,linux,BFC
8ac6f5d7f84bf362e67591708bcb9788cdc42c50,0,64,5,7,linux,BIC
61243c03dde238170001093a29716c2369e8358f,3,0,1,1,linux,BFC
bb5dbf2cc64d5cfa696765944c784c0010c48ae8,527,295,424,8,linux,BIC
8723d5ba8bdae1c41be7a6fc8469dc9aa551e7d0,6,0,0,1,linux,BFC
dd7d958ae9126b2d4a96e41340579049afebd2bf,0,6,0,1,linux,BIC
846de4371fdfddfa49481e3d04884539870dc127,0,0,3,1,linux,BFC
0b884fe71f9ee6a5df35e677154256ea2099ebb8,6,0,1,1,linux,BFC
dd820ed6336ad37c870ef2f11e34dcf1a8ff2aa1,5,0,2,1,linux,BIC
a25717d2b604347d9af8da81deea7b08e8c94220,45,11,51,6,linux,BIC
0c22056f8c43265da21a3dfe7b7e1379e5ff7c72,3,0,2,1,linux,BFC
77be00f194b6e1647cddb644b7023b352c2c6ee8,15,1,4,1,linux,BFC
032dc41ba6e2744a8105e1743607fc4ee155278d,57,3,1,2,linux,BIC
07f081fb5057b2ea98baeca3a47bf0eb33e94aa1,20,0,0,3,linux,BIC
d012a06ab1d23178fc6856d8d2161fbcc4dd8ebd,0,31,1,1,linux,BIC
07bb80d40b0e6a43aafb422296d33baed255569a,132,0,0,2,linux,BIC
cfee6b5874654fe4e7388bc3112d3afb76cd8b9e,1,0,0,1,linux,BFC
6e1276a5e613d25af71e3494b2dcb331d24f06ce,37,0,2,3,linux,BIC
7f16cb676c006d87a97ed2e51815daf1fa17eb29,880,0,0,1,linux,BIC
afe759511808cd5bb508b598007cf0c7b0ca8e08,155,0,1,6,linux,BIC
ccc7d5a1cdae78ccd623540dc87e281135a1c053,0,0,3,2,linux,BFC
e76ca27790a514590af782f83f6eae49e0ccf8c9,6,0,0,1,linux,BFC
c004a6fe0c405e2aa91b2a88aa1428724e6d06f6,147,45,66,1,linux,BIC
b2345a8a4342cf83316a2198fa915c7c99b7d6c7,41,7,3,1,linux,BFC
93700458ff63836ff73d3301e5e98d2e0bb01e98,27,0,14,1,linux,BIC
aafeb14e9da29e323b0605f8f1bae0d45d5f3acf,45,0,0,1,linux,BIC
07bfd9bdf568a38d9440c607b72342036011f727,1,0,1,1,linux,BFC
54b9a2bb6c013a34cfdb5a6241367b003773662f,0,0,1,1,linux,BFC
5a4e33c1c53ae7d4425f7d94e60e4458a37b349e,0,0,1,1,linux,BFC
6e0565697a106f2453b636da1ca481d9fe068bac,8,2,1,1,linux,BIC
2808801aab8a595b5bb66c43e2f8b3f3a025cf79,14,0,0,1,linux,BIC
6afbd7b3c53cb7417189f476e99d431daccb85b0,4,39,5,1,linux,BFC
ae259a9c8593f98aa60d045df978a5482a67c53f,509,0,10,4,linux,BIC
178657139307126b22d226df0823223d6dfe91ba,374,0,5,7,linux,BIC
c84dc6e68a1d2464e050d9694be4e4ff49e32bfd,37,0,54,5,linux,BIC
75e73224665a20adee9e9e9adbfa2c845664f5a0,0,0,1,1,linux,BFC
3a253caaad11cf4ac371dd6549a9ec6e2f2152fa,790,0,0,1,linux,BIC
1b5daf11b015123108686a9060ee6de705a03e76,510,26,147,3,linux,BIC
80cbc848c4fa03580954ab6598e415b6b56a66ac,17,0,0,1,linux,BIC
a9d019573e881472aa62f093fa599ad68cd0fc1e,132,0,0,1,linux,BIC
35714565089e5e8b091c1155517b67e29118f09d,59,6,16,1,linux,BIC
51a11b14c29c6c7cc985c6ce7dd9e20f61cf7f0a,11,0,0,2,linux,BFC
60a1cd10b222e004f860d14651e80089c77e8e6b,0,0,1,1,linux,BFC
44b02da39210e6dd67e39ff1f48d30c56d384240,2,0,1,1,linux,BFC
46c039d06b6ecabb94bd16c3a999b28dc83b79ce,1,1,1,2,linux,BFC
b245be1f4db1a0394e4b6eb66059814b46670ac3,32,0,1,4,linux,BIC
201af55da8a3986297d7c3493f839dfc96ffd7db,36,0,0,1,linux,BIC
5ead723a20e0447bc7db33dc3070b420e5f80aa6,32,0,2,1,linux,BIC
ed993c6fdfa7734881a4516852d95ae2d3b604d3,4,0,0,1,linux,BFC
e367925e80b5a0a7d8db5b629c767f288f0aed4b,21,0,0,2,linux,BFC
cb1eeb75cf3dd84ced81333967200583993dfd73,10,0,11,3,linux,BFC
1bd6a1c4b80a28d975287630644e6b47d0f977a5,63,3,14,2,linux,BIC
56d7df8716b2e7a138af89bffe4923e15cf9bf68,951,0,0,1,linux,BIC
0ef71ee1a5b92c038abefd8991d5368e6031d7de,68,50,19,1,linux,BIC
7083abbbfc4fa706ff72d27d33a5214881979336,7,0,4,1,linux,BIC
da3a9e9a6aa96ef589c153078f66e0646bf06b55,0,0,1,1,linux,BFC
fc12bccda8b6f5c38139eceec9e369ed78091b2b,2,1,2,1,linux,BFC
3c8c20db769cd68e299b487035825e026b1a6ce9,406,356,0,12,linux,BIC
0a9eb80e643064266868bd2fb2cd608e669309b0,0,1,3,1,linux,BFC
2c7d3dacebd4b432acc5011bf69a986f366d851d,0,12,9,4,linux,BIC
56efaed524dc2c3571f66d296cb1efbd59cb2996,3,0,0,1,linux,BFC
66f133ceab7456c789f70a242991ed1b27ba1c3d,0,0,2,1,linux,BFC
e446f9dfe17bbaa76a1fe22912636f38be1e1af8,13,0,5,3,linux,BFC
a08c2a5a31941131c41feaa0429e4c8854cf48f2,6,0,14,3,linux,BIC
fddcbbb02af42a5d6ec0c6ed38f823cc9dba1414,89,141,87,8,linux,BIC
8744daf4b0699b724ee0a56b313a6c0c4ea289e3,0,9,15,2,linux,BIC
358f70da49d77c43f2ca11b5da584213b2add29c,5,2,5,3,linux,BIC
1302fcf0d03e6ea74846c7fee14736306ab2ce4b,0,3,0,1,linux,BIC
eee47538ec1f26198cf5da675975b61d7f16135b,159,0,0,2,linux,BIC
66189961e986e53ae39822898fc2ce88f44c61bb,52,0,10,2,linux,BFC
697d3899dcb4bcd918d060a92db57b794e56b077,445,4,53,10,linux,BIC
cf5701bf749683cc85827fd68c0890838a2b7fd4,1,0,3,1,linux,BFC
a8e8b7ff35175ab0a55ef0fa8560c3d5ffdb2818,35,0,0,2,linux,BIC
6baee4bd63f5fdf1716f88e95c21a683e94fe30d,0,10,4,1,linux,BFC
f7db8fd03a4bc5baf70ccf8978fe17cb54368b97,63,8,23,3,linux,BIC
97b31a6f5fb95b1ec6575b78a7240baddba34384,3,0,1,1,linux,BFC
93b167c13a3afa389eaa1af277e94add976ea43f,305,0,7,6,linux,BIC
b85149f6f5d5a9279f29a73b2e95342f4d465e73,0,3,0,1,linux,BFC
c4fa368466cc1b60bb92f867741488930ddd6034,5,0,3,1,linux,BFC
d46e416c11c88ef1deb5c7f19271806a5be597fe,6,0,3,2,linux,BIC
41b80db227993394f210f0eb705a326db5f605b6,2,1,0,1,linux,BFC
97d49c59e219acac576e16293a6b8cb99302f62f,3,0,0,1,linux,BIC
4fc701ead77ede96df3e8b3de13fdf2b1326ee5b,1,0,1,1,linux,BFC
78c0f050847cac4c43dbfc1916a63d1557c74ac0,0,2,0,1,linux,BFC
979934da9e7a0005bd9c8b1d7d00febb59ff67f7,98,22,130,3,linux,BIC
fe2308328cd2f26ebc986f543796e7d13ae00bc4,13,0,2,4,linux,BIC
fc6ddbecce440df74fb4491c17c372b52cf5be83,0,0,1,1,linux,BFC
854236363370995a609a10b03e35fd3dc5e9e4a1,2,0,0,1,linux,BFC
ac4dfccb96571ca03af7cac64b7a0b2952c97f3a,0,0,2,1,linux,BFC
3be0f80b5fe9c16eca2d538f799b94ca8aa59433,64,8,39,2,linux,BIC
928130532e19f2f920840e41bd6b1cae742ea63b,0,0,3,1,linux,BFC
07ff2ed03bb874a5bb97361a5a07ee28f1afa574,2,0,0,1,linux,BFC
dc1d06e699b5fe58f97df7123996ba8556b386c9,0,3,0,2,linux,BFC
964fff7491e4923e18ff08f2a254c4b94e3f83d6,0,36,3,1,linux,BIC
260249f929e81d3d5764117fdd6b9e43eb8fb1d5,156,0,0,1,linux,BIC
2f57d4975fa027eabd35fdf23a49f8222ef3abf2,5,0,4,1,linux,BFC
1bbf3aed25e0fc256e825da1f5c45d7b4daa828e,0,3,3,1,linux,BFC
e8f887ac6a45ecb7f881f278a3fed1fbf002ef0b,220,0,1,4,linux,BIC
cfee9eddcd61e28b73468647fc4aa7ff2d706254,12,12,0,2,linux,BFC
5afe0e62a548a0aa7d2095a98530b68f3d2c64e6,1,0,0,1,linux,BFC
1ff78076d8dd182c883e6caa285479ae7db32ef8,21,127,38,2,linux,BIC
cc90bc68422318eb8e75b15cd74bc8d538a7df29,2,0,1,1,linux,BIC
92d95ba91772279b6ef9c6e09661f67abcf27259,25,243,158,1,linux,BIC
16b374ca439fb406e46e071f75428f5b033056f8,745,0,1,4,linux,BIC
6d2f8909a5fabb73fe2a63918117943986c39b6c,0,0,1,1,linux,BFC
8208d21bf309551686b7a76d19059ae182a956d0,0,0,7,2,linux,BFC
951531691c4bcaa59f56a316e018bc2ff1ddf855,0,0,1,1,linux,BFC
bf4f059954dcb221384b2f784677e19a13cd4bdb,337,0,1,2,linux,BIC
fc948409ccc1e8afe8655cee77c686eedbfbee60,8,0,2,1,linux,BFC
b4411616c26f26c4017b8fa4d3538b1a02028733,1,0,1,1,linux,BFC
04f41c68f18886aea5afc68be945e7195ea1d598,4,0,0,1,linux,BFC
0df9433fcae02215c8fd79690c134d535c7bb905,3,0,1,1,linux,BFC
94d4bffdda21baa2c749bc229c41811a7559dd15,0,0,1,1,linux,BFC
3cfc4332edbc0e96af99be9c1cadf10c8b7113fb,9,0,0,1,linux,BFC
0a944e8a6c66ca04c7afbaa17e22bf208a8b37f0,4,0,4,1,linux,BIC
171d449a028573b2f0acdc7f31ecbb045391b320,1,0,1,1,linux,BFC
14826673247eaf36b16fd821fac27efa663f3fa6,3,0,2,1,linux,BIC
d421e466c2373095f165ddd25cbabd6c5b077928,14,0,1,4,linux,BFC
aa58fedb8c7b6cf2f05941d238495f9e2f29655c,3,0,0,1,linux,BFC
2a9de9c0f08d61fbe3764a21d22d0b72df97d6ae,64,155,256,14,linux,BIC
db1ae0314f47e88ae06679270adf17ffa245afd4,0,0,1,1,linux,BFC
35ebf65e851c6d9731abc6362b189858eb59f4d3,34,1,15,5,linux,BIC
8ac7132704f3fbd2095abb9459e5303ce8c9e559,10,7,2,1,linux,BFC
c483739430f107c14b3fa316e9cdd3d1e065864a,222,32,224,1,linux,BIC
1f8cbb9c8365061d8b866e9b4f4403e029d57989,2,0,3,1,linux,BFC
4225fc8555a992c7f91d174ef424384d6781e144,1,3,27,3,linux,BIC
9d76b10ac643f1115121d2054f0d47f2e295f743,1,0,2,1,linux,BFC
2399d6143f85b155ae84ccd94237befd36b8f6c7,14,0,0,1,linux,BIC
91bf82ca9eed1aa3e700a1b9fcaaa7922df6a4c7,48,2,4,2,linux,BIC
cc5d0db390b0ff0f5da95b643a2b070da15a9c3e,279,0,0,2,linux,BIC
48d9cc9d85dde37c87abb7ac9bbec6598ba44b56,5,0,2,1,linux,BIC
79e6e2f3f3ff345947075341781e900e4f70db81,79,0,21,1,linux,BIC
27ba3e8ff3ab86449e63d38a8d623053591e65fa,58,0,14,5,linux,BFC
25612477d20b522a3203707ff23575b99f639fff,39,0,4,4,linux,BIC
4af5f2e0301311f88c420fcfc5f3c8611ade20ac,10,21,11,1,linux,BIC
1a412fb1caa2c1b77719ccb5ed8b0c3c2bc65da7,107,25,17,3,linux,BIC
52e9bae93802bd29c33be11e9e758ad7daac805f,9,8,0,2,linux,BFC
88d7fcfa3b1fe670f0412b95be785aafca63352b,5,0,19,1,linux,BFC
b16ea8b9492e99e03b1269fe93ebdbf8e4eabf8a,2,0,7,1,linux,BFC
ddc473916955f7710d1eb17c1273d91c8622a9fe,2,0,14,1,linux,BFC
7bcffde02152dd3cb180f6f3aef27e8586b2a905,19,0,0,1,linux,BFC
1dc6558062dadfabd2fb3bd885fa6e92ec7196f2,158,0,0,3,linux,BIC
f1900fb5eca2cf9b96837e4931165003918d7d29,4,0,1,2,linux,BFC
2be8989d0fc29659b2b05580dd280a75212c46b7,24,0,4,1,linux,BIC
5edc24ac876a928f36f407a0fcdb33b94a3a210f,2,0,2,1,linux,BFC
1a944729d8635fa59638f24e8727d5ccaa0c8c19,0,0,4,1,linux,BFC
74d4b4e0f43e5ffb61b63f4e3cfcfad3d7398765,0,0,1,1,linux,BFC
2a596fc9d974bb040eda9ab70bf8756fcaaa6afe,8,0,0,1,linux,BFC
eba0549bc7d100691c13384b774346b8aa9cf9a9,1,0,4,4,linux,BFC
779e6e1c724d30e0fd1baca78b852e41e3a23c1d,3197,4268,675,19,linux,BIC
ea6af39f3da50c86367a71eb3cc674ade3ed244c,3,3,0,1,linux,BFC
82034c23fcbc2389c73d97737f61fa2dd6526413,4,0,6,1,linux,BFC
7ce9c3d363ac1af38fb7add7ef2db7e8509a5962,9,9,0,1,linux,BFC
5b9cce4c7eb0696558dfd4946074ae1fb9d8f05d,24,21,12,3,linux,BIC
661dfc65f7981481ba2e31aaa702371e82336e56,0,0,3,1,linux,BFC
f366d322aea782cf786aa821d5accdc1609f9e10,22,4,0,2,linux,BFC
16ed828b872d12ccba8f07bcc446ae89ba662f9c,2,0,0,1,linux,BFC
3eb3c3e32eef50e3a3375bf1636e05f5ec4b1210,0,0,2,1,linux,BFC
9dfcb7599084382884fec6d0fd9ca33945fa7578,1,1,21,5,linux,BIC
1eec34e9f25664cf71e05321329d128e0565beae,8,0,1,1,linux,BFC
3f6e138d41ddff196f452993528cfe75762ede0f,0,0,1,1,linux,BFC
8167e6fa76c8f7174dc9643f60c63bc083b35787,200,2,22,5,linux,BIC
fc05481b2fcabaaeccf63e32ac1baab54e5b6963,1,1,0,1,linux,BFC
0d7d6c8183aadb1dcc13f415941404a7913b46b3,1,0,0,1,linux,BFC
558a9ef94a329a1ac75613407ad15d0d0071ff4c,0,1,0,1,linux,BFC
f4e3a12bf2d1983b8f352b7719794c52be7e0990,2,0,1,1,linux,BFC
aad983913d77af2c3394f29b88d7bb75ebd7d172,18,33,54,1,linux,BIC
6e00f7dd5e4edc2443f030b226f66fe4f1267667,0,0,1,1,linux,BIC
0621df315402dd7bc56f7272fae9778701289825,2,0,0,1,linux,BFC
adc0daad366b62ca1bce3e2958a40b0b71a8b8b3,3,4,4,3,linux,BIC
943b881e35829403da638fcb34a959125deafef3,0,0,4,1,linux,BFC
c333dfe8dba7d3e47e97e1cee3c38123e19ae73c,1,0,0,1,linux,BFC
7cc4214c27cf8d664358db402a179bf6ab2db862,0,0,1,1,linux,BIC
bb4031b8af804244a7e4349d38f6624f68664bd6,9,0,0,1,linux,BFC
3c02934b24e37344b8c1c6f9df55efc8891e6251,124,0,3,4,linux,BIC
e4d8a29997731b3bb14059024b24df9f784288d0,3,0,3,1,linux,BFC
aa52619ccbe056999d7c7231c8a1a11cedfccc6a,3,0,6,1,linux,BFC
0530ef6b41e80c5cc979e0e50682302161edb6b7,1,0,0,1,linux,BFC
bf50082c15eb2bc47d1922e70f424c57f36646d5,1,0,3,1,linux,BFC
5ad74d39c51dd41b3c819f4f5396655f0629b4fd,5,0,2,1,linux,BFC
b7a5eb6aafa95fce45fc4dcbc195cb232fa1b76d,1,1,0,1,linux,BFC
dc07628bd2bbc1da768e265192c28ebd301f509d,4,0,6,1,linux,BFC
9a9023f314873241a43b5a2b96e9c0caaa958433,5,3,6,1,linux,BFC
ee02c26993262c96cc39d0f831f7589b10a44fd7,3,0,1,1,linux,BFC
c193fa91b9182465a4a01665ad4096a6cdb4db2d,0,0,1,1,linux,BIC
24ebec25fb270100e252b19c288e21bd7d8cc7f7,21,13,5,1,linux,BFC
0b3dd7dfb81ad8af53791ea2bb64b83bac1b7d32,2,0,2,1,linux,BFC
9a225f81f540f65225e4b820e303d40d9e747e78,741,0,24,8,linux,BIC
60b2b4ee2bc01dd052f99fa9d65da2232102ef8e,3,0,4,1,linux,BIC
d5318d302e7cf6583ec85a2a8bfbb3a3910ae372,4,4,4,2,linux,BFC
be193f5e21d0ec674badef9fde8eca71fb2d8546,4,0,4,1,linux,BFC
61bf40ef51aa73f6216b33563271b6acf7ea8d70,0,0,6,1,linux,BFC
b483a4a5a7117ac7d21397770d5adb458c157dbe,1,16,4,2,linux,BFC
4114fbfd02f12d7a58cc4bd6fc36e0925266f9f7,49,5,14,3,linux,BIC
de8f3a83b0a0fddb2cf56e7a718127e9619ea3da,259,5,37,18,linux,BIC
8038bdb8553313ad53bfcffcf8294dd0ab44618f,7,0,1,1,linux,BIC
b89f6d1fcb30a8cbdc18ce00c7d93792076af453,8,0,0,1,linux,BFC
ac6f120369ffe66058518fabf90cdd53b2503a82,53,0,1,2,linux,BIC
56dd918ff06e3ee24d8067e93ed12b2a39e71394,0,0,1,1,linux,BFC
67f455486d2ea20b2d94d6adf5b9b783d079e321,7,1,11,1,linux,BIC
9a5a85972c073f720d81a7ebd08bfe278e6e16db,1,0,4,1,linux,BFC
319fa1a52e438a6e028329187783a25ad498c4e6,34,0,0,1,linux,BFC
9ce762e85bc95fd7aa1fb5f8cfc38ce5a228fc95,0,0,2,1,linux,BFC
fe4326c8d18dc8a54affdc9ab269ad92dafef659,0,1,8,1,linux,BFC
02db99548d3608a625cf481cff2bb7b626829b3f,0,0,10,1,linux,BFC
eb7b3a056cd8130e45c4494fb27de54d53ce9f31,1206,0,1,4,linux,BIC
be1b577d01787c67acc6dd1257588183386a08f4,98,75,14,2,linux,BIC
01ca9fd41d6f2ad796a6b109b5253e06b6ae6dc7,49,0,0,1,linux,BIC
a306aba9c8d869b1fdfc8ad9237f1ed718ea55e6,3,0,0,1,linux,BFC
44ce9a9ae977736fe7f470a7b1e506028375165a,34,34,1,1,linux,BIC
26270bc189ea4b5a8356ec99561357fc87f00b32,20,26,43,1,linux,BIC
405945588feedac8d7609113de9c62e72575a0ef,1,0,0,1,linux,BFC
b23584d6ce0212b9ad6cb7be19a7123461ed9e09,0,0,1,1,linux,BFC
c7323a5ad0786371f61dca49fc26f7ab3a68e0da,146,18,34,1,linux,BIC
b0dc635d923cd5aafa4e99973f529bf68c582738,8,0,0,1,linux,BIC
ce19f91eae43e39d5a1da55344756ab5a3c7e8d1,0,0,2,1,linux,BFC
8e41f8726dcf423621e2b6938d015b9796f6f676,1,1,4,1,linux,BFC
5e4f99a6b788047b0b8a7496c2e0c8f372f6edf2,7,0,5,1,linux,BFC
6e4c21894673baabdbef03c3ac2458a28246128b,0,0,5,2,linux,BFC
5bb0ecddb2a7f638d65e457f3da9fa334c967b14,1,0,0,1,linux,BFC
daf229b15907fbfdb6ee183aac8ca428cb57e361,3,0,0,1,linux,BFC
77f972a7077d06d565243ecc192f45e1e5813cf1,0,25,0,4,linux,BIC
231f91ab504ecebcb88e942341b3d7dd91de45f1,13,34,3,3,linux,BFC
d7c51706d0956472b7c0530b1bf8fba32d82ee6b,125,43,50,2,linux,BIC
5188d5453bc9380ccd4ae1086138dd485d13aef2,38,36,15,3,linux,BIC
15a3e845b01ce2342cf187dc123c92c44c3c8170,16,0,1,1,linux,BIC
183747ab52654eb406fc6b5bfb40806b75d31811,7,0,0,1,linux,BFC
8d3289f2fa1e0c7e2f72c7352f1efb75d2ad7c76,0,0,4,2,linux,BFC
12186be7d2e1106cede1cc728526e3d7998cbe94,14,3,3,1,linux,BIC
e1a3a60a2ebe991605acb14cd58e39c0545e174e,0,0,1,1,linux,BFC
0a0f0d8be76dcd4390ff538e7060fda34db79717,189,167,33,63,linux,BIC
7e1751001818209b214b8c3df0b3c91fae250ea2,0,2,2,1,linux,BFC
fba97dc7fc76b2c9a909fa0b3786d30a9899f5cf,2,0,1,1,linux,BFC
6845d64d51cf69c096176e34864e161429bcb664,18,0,0,1,linux,BFC
a430e67d9a2c62a8c7b315b99e74de02018d0a96,0,0,2,2,linux,BFC
add2d73631070c951b0de81a01d1463a15cfbd47,4,0,3,2,linux,BFC
f6e71efdf9fb1044361edbb89ff59d89120af6a6,16,0,9,1,linux,BIC
230bb836ee88683052b01e3bff3885c440a785b1,0,2,0,1,linux,BIC
12b6fcd0ea7f3cb7c3b34668fc678779924123ae,24,23,0,2,linux,BFC
e61576c4b9ff59aea2719e3681c4a8809998555e,1,0,1,1,linux,BFC
0f83f9296d5c91d08cf46cf1ba8a17fb870dedf0,236,0,0,1,linux,BIC
9eec1c01a073fe1fdba4e50e53bd953d1c59ad00,11,0,0,1,linux,BFC
a84277bf3efcc7bb5b5a5eec62de5c134cb47ee5,0,2,1,1,linux,BFC
59a68d4138086c015ab8241c3267eec5550fbd44,7,0,0,2,linux,BFC
4ea52e25089724abf7ee2d6c0c52064e49252b64,0,0,2,1,linux,BFC
bdd6e155e0d641c3607bb59169d6caa10235bb40,237,0,1,1,linux,BIC
d4f49983fa3944416c28379c35fbe10c68455ea4,2,0,1,1,linux,BFC
eb96cc15926f4ddde3a28c42feeffdf002451c24,0,0,1,1,linux,BFC
acbf74a763002bdc74ccfcdac22360bf18e305c5,1,62,21,1,linux,BIC
f6cbb368bcb0bc4fa7c11554d5293658bb4b26a2,219,57,62,9,linux,BIC
49644e68f472c6480e015253fa4d7448c6cfa2aa,8,0,2,2,linux,BIC
f5aba91d7f186cba84af966a741a0346de603cd4,15,0,1,1,linux,BFC
5ac825c3d85e6c1cb8e43d67d8cb95a2a1e2bc60,68,0,0,1,linux,BIC
c72fc9093718a3f8597249863a1bac345ba00859,1,1,0,1,linux,BFC
107dec2749fed1b4172f77c091961b15221419db,148,22,172,6,linux,BIC
aa6555622cdf443f0b001352fdc3afb6e7bce20d,1,0,0,1,linux,BFC
e4ad1accb28d0ed8cea6f12395d58686ad344ca7,3,0,0,1,linux,BIC
d79b6df6b10a206e2fe14a13318283712cd42b71,273,0,0,1,linux,BIC
b82f8c3f1409f1c97621e9e4b3a24c627b7651ac,95,0,0,2,linux,BIC
955c1dd15d3b044c736a4f9353e04c1c23d02d0c,0,2,2,1,linux,BFC
f2899788353c13891412b273fdff5f02d49aa40f,36,28,1,1,linux,BIC
ae1add247bf8c22facacbd818142f1f66e735802,41,0,1,1,linux,BIC
01b6961410b76af228eb993220024ff6db6ba80c,349,16,26,4,linux,BIC
d326d99aa00f284e4320aededb3f7c663f5b4c87,2,0,4,1,linux,BFC
7d1a5ce46e475378761432263e9b1a385968a9af,236,5,3,5,linux,BIC
caacf05e5ad1abf0a2864863da4e33024bc68ec6,65,0,4,4,linux,BIC
828affc27ed43441bd1efdaf4e07e96dd43a0362,12,0,0,1,linux,BFC
60e2364e60e86e81bc6377f49779779e6120977f,58,0,5,3,linux,BIC
251888398753924059f3bb247a44153a2853137f,0,4,1,1,linux,BFC
2d2ccf24939cf369f7473c7e4ea309891be91848,6,7,0,2,linux,BFC
b6eae0f61db27748606cc00dafcfd1e2c032f0a5,4,0,0,1,linux,BFC
c60f83b813e5b25ccd5de7e8c8925c31b3aebcc1,27,7,35,4,linux,BIC
a1c77abb8d93381e25a8d2df3a917388244ba776,5,10,12,4,linux,BFC
fdc63ff0e49c588884992b4b2656345a5e878b32,1,0,2,1,linux,BFC
384632e67e0829deb8015ee6ad916b180049d252,46,0,10,1,linux,BFC
d8630bb95f46ea118dede63bd75533faa64f9612,8,16,20,7,linux,BIC
c2be9dc0e0fa59cc43c2c7084fc42b430809a0fe,3,0,0,1,linux,BFC
1e181b92a2da30ba1f80c61a41cfb9ef02f43b79,219,0,0,1,linux,BIC
1ca20f33df42ee61a4ae1bf4f2abf8e5f77a16fc,34,0,0,3,linux,BIC
588b9e85609bcb2f84a2be83591480aa943943b6,208,0,0,3,linux,BIC
5bf2b19320ec31d094d7370fdf536f7fd91fd799,602,0,0,4,linux,BIC
67edf21e5adfd336f2ff08668eb09850943666d3,20,2,1,2,linux,BFC
ddf89ab10a93e8bb0ecf91a563a71d1cfb604c9f,57,0,0,3,linux,BIC
e61ab42de874c5af8c5d98b327c77a374d9e7da1,1,9,0,2,linux,BFC
60b01bcce97191f473fa869df2713143936d6ef4,1,0,0,1,linux,BFC
444d8ad4916edec8a9fc684e841287db9b1e999f,2,0,1,1,linux,BFC
1cc9bc6e586782921f2bc31fd9f121e8fe2de100,3,6,36,1,linux,BIC
eb6933b29d20bf2c3053883d409a53f462c1a3ac,0,0,1,1,linux,BFC
1dd728f5d4d4b8b53196c1e0fcf86bbaaee39cef,1216,0,0,1,linux,BIC
85d071e7f19a6a9abf30476b90b3819642568756,5,0,3,1,linux,BFC
df137bc125b6155e54e6725faf0462b791a34c31,0,0,1,1,linux,BFC
bc1a09b8e334bf5fca1d6727aec538dcff957961,107,0,102,20,linux,BIC
0326195f523a549e0a9d7fd44c70b26fd7265090,2,0,3,1,linux,BFC
44379b986424b02acfa6e8c85ec5d68d89d3ccc4,0,0,1,1,linux,BFC
d52888aa2753e3063a9d3a0c9f72f94aa9809c15,2,2,9,3,linux,BIC
3ddf9b431b931544dc2f94e8f6a055ff501436fa,1,0,0,1,linux,BFC
5c850d31880e00f063fa2a3746ba212c4bcc510f,6,0,3,1,linux,BFC
058a3996b888ab60eb1857fb4fd28f1b89a9a95a,1,0,2,1,linux,BFC
5188cd44c55db3e92cd9e77a40b5baa7ed4340f7,44,1,0,4,linux,BIC
c3e302edca2457bbd0c958c445a7538fbf6a6ac8,25,0,1,1,linux,BIC
668e3b014afb66ab29e134bca7c258527273ac75,5,4,0,2,linux,BFC
e0097cf5f2f1b7b8a594beaa32a604776d3ca6ce,15,22,7,5,linux,BIC
56e0d71ef12f026d96213e45a662bde6bbff4676,2,0,1,1,linux,BFC
d520de6cb42e88a1d008b54f935caf9fc05951da,2,0,0,1,linux,BFC
8c11ea5ce13da0252fc92f91e90b0cb0c8fe5619,8,0,9,1,linux,BFC
86c5dd6860a60e9b69558ecfce2c4769045d110c,4,0,0,1,linux,BIC
3d96208c30f84d6edf9ab4fac813306ac0d20c10,4,0,0,1,linux,BFC
029ab30b4c0a7ec587eece1ec07c3981fdff2bed,11,0,6,4,linux,BIC
d14e078f23cc9711acd299c91e77076c3f1ddddb,20,8,15,1,linux,BIC
86f35dc39ef9cdc5d33548e2d4ddac815a39e542,0,0,1,1,linux,BFC
ce4dade7f12a8f3e7918184ac851d992f551805d,156,0,22,2,linux,BIC
942491c9e6d631c012f3c4ea8e7777b0b02edeab,5,0,8,1,linux,BFC
184f337e6d859c20e0d3c6954980cbb744e014fb,0,1,5,1,linux,BFC
a502b343ebd0eab38f3cb33fbb84011847cf5aac,0,0,12,1,linux,BIC
2d003ec15396cc8ffa2a887605c98a967de3078d,0,0,1,1,linux,BFC
eb3621798bcdd34ba480109bac357ba6a784d3e2,0,1,0,1,linux,BFC
a0f65be6e880a14d3445b75e7dc03d7d015fc922,5,0,0,1,linux,BIC
527008e5e87600a389feb8a57042c928ecca195d,0,0,2,1,linux,BFC
7dc2993a9e51dd2eee955944efec65bef90265b7,7,10,4,4,linux,BFC
e3eeacbac4ad34fac93f82a7cf15402bba83d22e,0,0,1,1,linux,BFC
bb5b052f751b309b5181686741c724a66c5cb15a,32,0,0,1,linux,BIC
d894ba18d4e449b3a7f6eb491f16c9e02933736e,48,0,3,3,linux,BIC
2c6deb01525ac11cc03c44fe31e3f45ce2cadaf9,1,2,1,2,linux,BIC
1e89106da25390826608ad6ac0edfb7c9952eff3,344,0,1,1,linux,BIC
5a7745b96f43c69f9b4875bcf516a0341acbc3fb,33,0,0,2,linux,BIC
73de86a38962b18edad3205c2358599dd9c83e9f,109,79,1,11,linux,BIC
0e88904cb700a9654c9f0d9ca4967e761e7c9ee8,3,0,6,1,linux,BFC
1a1ccc96abb2ed9b8fbb71018e64b97324caef53,0,29,0,2,linux,BIC
d3736d82e8169768218ee0ef68718875918091a0,6,0,7,1,linux,BFC
e478d40540544e229c843fe0c698ebc7d0ca07e6,1951,2,0,3,linux,BIC
1beb7830d3b285b28f7cde3644d59d2590a47e51,13,0,9,1,linux,BFC
dda1ec9fc7f8383cb469a82614dbce61f357f3f8,10,0,0,1,linux,BFC
7ea8250406a6abe2f057c2096249c63b788b728f,91,0,0,1,linux,BIC
3d2ed431b8f39483477bc3c3a2aefbc9778ffe12,1,0,0,1,linux,BFC
e030759a1ddcbf61d42b6e996bfeb675e0032d8b,0,8,2,1,linux,BFC
0722069a5374b904ec1a67f91249f90e1cfae259,7,0,0,1,linux,BFC
3946688edbc5b629110c339b3babf10aa9e7adad,5,0,6,3,linux,BFC
3f8b2667f257c21a992bda33bfb919ee164a429c,0,0,1,1,linux,BFC
08fbd8a5fb24e504ffd278208576afdeefc93a2d,2,0,2,1,linux,BFC
2de89fd989584c54f5f3fcea808504c0149ba837,258,0,0,1,linux,BIC
f0414087a1b9933adac40974c3ea50261227b5f0,0,0,1,1,linux,BFC
f6581f5b55141a95657ef5742cf6a6bfa20a109f,19,0,0,2,linux,BFC
f000565adb770b14cebbafde0a4f3e61a3342a63,52,0,0,1,linux,BIC
e708e35ba6d89ff785b225cd07dcccab04fa954a,0,0,1,1,linux,BFC
f2165627319ffd33a6217275e5690b1ab5c45763,0,0,1,1,linux,BIC
ebe10026210f9ea740b9a050ee84a166690fddde,0,4,0,1,linux,BFC
21729f81ce8ae76a6995681d40e16f7ce8075db4,98,0,25,15,linux,BIC
6654f9dfcb88fea3b9affc180dc3c04333d0f306,6,2,4,1,linux,BFC
b00df840fb4004b7087940ac5f68801562d0d2de,0,0,1,1,linux,BFC
b4d9145b0154f8c71dafc2db5fd445f1f3db9426,29,1,5,2,linux,BFC
e6cd859dc65f19567fdc5e2653cbd543ada2f53c,4,1,0,1,linux,BFC
ac80cd17a615e472e3dcff0a5446a58540e64e6d,22,0,1,2,linux,BIC
ecabae71319695fd1434f72840dd00898cb1c4dd,32,3,1,1,linux,BIC
aab9c4067d2389d0adfc9c53806437df7b0fe3d5,96,56,76,3,linux,BIC
221c5eb2338232f7340386de1c43decc32682e58,264,0,1,2,linux,BIC
d114c6feedfe0600c19b9f9479a4026354d1f7fd,28,0,7,3,linux,BIC
a15f2c08c70811f120d99288d81f70d7f3d104f1,37,0,0,1,linux,BIC
6c3b7af1c975b87b86dcb2af233d1ae21eb05107,128,16,2,2,linux,BIC
e50fcff15fe120ef2103a9e18af6644235c2b14d,76,0,2,4,linux,BIC
b09b5224fe86b3c9adef1bd9f0bd81800e8ff0b3,6,0,0,1,linux,BIC
8e3b688301863fba914883e3531b406c68cb7501,0,95,5,3,linux,BIC
1e941d39493f1820475d80729a03cd7ab8c3c86d,0,13,16,5,linux,BIC
9f056ed8ee01ad6898db49707cdc70ce923be3d0,261,1,9,5,linux,BIC
7913145afa51bbed9eaf8e5b4ee55fa9884a71e5,0,0,1,1,linux,BFC
f957be9d349a3800940f823b16e12b0405cc305b,53,123,26,11,linux,BIC
a10a61e807b0a226b78e2041843cbf0521bd0c35,21,0,3,2,linux,BIC
7935799e041ae10d380d04ea23868240f082bd11,0,0,1,1,linux,BFC
5a9fa73072854981a5c05eb7ba18a96d49c2804f,1,6,6,2,linux,BIC
e1eed5847b09fe41d4db4b86f9d840aba869c905,4,0,1,1,linux,BIC
ca2c1418efe9f7fe37aa1f355efdf4eb293673ce,3,3,5,3,linux,BFC
7c90705bf2a373aa238661bdb6446f27299ef489,43,0,12,5,linux,BIC
adb92db857ee2a0a2b925ccfbd560203c3f88aae,19,0,4,1,linux,BIC
8e4bac0671054ba1ad2e3d41aa568ac55f51affd,39,0,4,4,linux,BIC
cbbaa2727aa3ae9e0a844803da7cef7fd3b94f2b,6,0,2,1,linux,BIC
744ea4e3885eccb6d332a06fae9eb7420a622c0f,2,0,0,1,linux,BFC
2cbc61a1b1665c84282dbf2b1747ffa0b6248639,0,1,2,1,linux,BFC
a1367e4adee207fee7f14fdf2166022461fe76c4,43,1,1,3,linux,BIC
3759739426186a924675651b388d1c3963c5710e,0,1,1,1,linux,BFC
d0998eb84ed3cc02c15f92b07223735ddbbe9b06,3,31,25,5,linux,BIC
faa2ad09c01c48012fe4c117d3256e354e0f9238,38,19,1,1,linux,BIC
320100a5ffe5ec781ec3dc190a57ce5e32885855,0,10,0,1,linux,BIC
a2267f8a52eea9096861affd463f691be0f0e8c9,1,0,0,1,linux,BFC
c6e5b73242d2d9172ea880483bc4ba7ffca0cfb2,75,84,9,2,linux,BIC
3e5d2fdceda172554e681b68c853bf5d08205bbf,1,0,9,1,linux,BIC
abaed0112c1db08be15a784a2c5c8a8b3063cdd3,0,0,1,1,linux,BFC
948a7287b29e06b8c629f5e70235d857a175ceaf,0,0,1,1,linux,BFC
a46387712da12b61bf1ce1a3f63b60a17b098960,0,0,1,1,linux,BFC
770b03c2ca4aa44d226cf248f86aa23e546147d0,3,1,2,1,linux,BFC
43d3d092c7cbd1685e1c8ff25ae0b89b5b729388,12,0,1,1,linux,BFC
0eef6b0415f58ed16aff95af8c92514ce5c01258,0,0,1,1,linux,BIC
b488893a390edfe027bae7a46e9af8083e740668,97,0,144,32,linux,BIC
555a893303872e044fb86f0a5834ce78d41ad2e2,2,0,0,1,linux,BFC
6a806a214af42ac951e2d85e64d1bf4463482e16,2,0,0,1,linux,BFC
7f7c536f23e6afaa5d5d4b0e0958b0be8922491f,87,46,40,99,linux,BIC
cac4a185405d4415eca269cae976438b44a37ae0,8,0,0,2,linux,BFC
7fae6655a0c897875bd34501ec092232b526d3e4,2,0,1,1,linux,BFC
fc37a1632d40c80c067eb1bc235139f5867a2667,2,0,1,1,linux,BFC
c974bdbc3e7734e72d6347afc49f806342578e75,0,0,4,1,linux,BIC
0ca10b60ceeb5372da01798ca68c116ae45a6eb6,0,5,2,1,linux,BFC
7317a03df703f7cdae3ae9e9635a0ef45849fe09,65,31,12,4,linux,BIC
ef17f6e212caeebcbbb5da9e147eb3739061f4a1,110,0,8,1,linux,BIC
f155dfeaa4ee21bce3f8f76b2addaec396b41b39,6,1,0,1,linux,BIC
e9add8bac6c69edb4bf391e537faa659b2ed70d2,3,0,2,1,linux,BIC
1afbd1e283d6a5449d8c24ce8ccae8ccb15ee943,0,0,5,3,linux,BFC
07d13a1d6120d453c3c1f020578693d072deded5,18,0,0,1,linux,BIC
c80a0c52d85c49a910d0dc0e342e8d8898677dc0,90,63,11,1,linux,BIC
bb6eddd1d28c9c42b1372f023088a8913f3ea7e4,6,0,9,1,linux,BIC
56a9a8068637b624f6724f58c6137f4410616558,2,0,0,1,linux,BFC
af7888ad9edbd8ba7f6449d1c27ce281ad4b26fd,57,1,14,3,linux,BFC
5b1faa92289b53cad654123ed2bc8e10f6ddd4ac,0,0,4,1,linux,BFC
2a60637f06ac94869b2e630eaf837110d39bf291,9,0,3,1,linux,BFC
6016f7d54bc49e3c570d5c7adbb463fe87e19dd7,19,0,2,1,linux,BFC
47cdfb5e1dd60422ec2cbc53b667f73ff9a411dc,4,0,0,1,linux,BFC
6b4f92af3d59e882d3ba04c44a815266890d188f,10,1,5,3,linux,BFC
08a84410a04f05c7c1b8e833f552416d8eb9f6fe,8,0,0,1,linux,BFC
3fbbfc27f95530fccbcfb3a742af0bce6c59f656,198,0,21,1,linux,BIC
42c5814c9c9828a7fcbe25f69c5c8cbbf29ed957,2,0,1,1,linux,BFC
ca8c0f4bede6098f9d531365d2ad9d7a598327f6,31,4,19,4,linux,BIC
b2f68b6306dbdbfd9b8cf46c697b52efa78f9ad6,0,0,1,1,linux,BFC
0637d41786a3a9551f33ad8e15bdb40416362028,6,0,0,1,linux,BFC
5b4285c57b6f9b41f6c1def6b624da3a9b000dc6,0,8,2,1,linux,BIC
d9411e57dc7fcdbf28eb825d090b06b4248a95bc,100,0,1,1,linux,BIC
4fa0b1f971fc0a3af08f2041b7feeeb024c08101,0,0,1,1,linux,BFC
56ab29ec6ff6c1441fda6ddcca0193be32d395b7,1,0,5,4,linux,BFC
2b3c7f0db8b4518713bad16e99271439d22dbc9d,9,9,1,1,linux,BFC
21635d7311734d2d1b177f8a95e2f9386174b76d,0,49,10,1,linux,BFC
e6487833182a8a0187f0292aca542fc163ccd03e,14,4,0,2,linux,BFC
ef88f89c830f4832e58c454dc8bd1d759373adc4,62,1,0,1,linux,BIC
7c075ce221cf10a7aaef96b002d1d4c5dc715822,253,0,0,4,linux,BIC
2bdaf386f99c4a82788812e583ff59c6714ae4d6,21,32,83,6,linux,BIC
91000fdf82195b66350b4f88413c2e8b5f94d994,3,0,1,1,linux,BFC
0e23daeb640773adf5528e5e08e7cb81fc12775d,0,1,21,4,linux,BIC
c02a81fba74fe3488ad6b08bfb5a1329005418f8,409,0,0,3,linux,BIC
a407846ef7c6e7905ab0d1ebc0c86fbebb065b87,13,0,0,1,linux,BIC
f564650106a6e85702660fefd59fdff0877ab46a,23,0,21,12,linux,BIC
8d254a340efb12b40c4c1ff25a48a4f48f7bbd6b,0,11,0,1,linux,BFC
2fcd82e9be133e4ec777f66fd67a8fb8e7748b1b,18,0,6,1,linux,BFC
233c96fc077d310772375d47522fb444ff546905,0,0,1,1,linux,BFC
6e347b5e05ea2ac4ac467a5a1cfaebb2c7f06f80,3,1,20,3,linux,BFC
53c5eaabaea9a1b7a96f95ccc486d2ad721d95bb,3,1,4,1,linux,BFC
7e79dadce222e06e0c30a77280f3426014bee185,1,0,0,1,linux,BFC
8704fd73bf5658bf4b827643f7f526481082d83f,0,1,88,1,linux,BIC
a010d79b6683b6b1e66be2ea7204944f1323661c,1,0,0,1,linux,BFC
2692c1c63c29cad3bec090c3e6ed9e692ca66683,308,0,0,1,linux,BIC
3e779a2e7f909015f21428b66834127496110b6d,8,0,1,2,linux,BFC
05d51e42df06f0211c7029ab9aa46c492ee85043,454,0,17,13,linux,BIC
18f92bc02f1739b5c4d5b70009fbb7eada45bca3,57,4,6,1,linux,BFC
39a6ac11df6579df0361922f05c43f0fac8daa37,29,0,5,1,linux,BIC
30928e9baac238a7330085a1c5747f0b5df444b4,0,9,0,1,linux,BIC
c3c9402373fe20e2d08c04f437ce4dcd252cffb2,53,0,5,2,linux,BIC
ffac30be2a06b2516b2ce2afa2dcb2cf8af65a52,1,0,2,1,linux,BFC
b2cf86e1563e33a14a1c69b3e508d15dc12f804c,9,0,2,1,linux,BFC
5ed74b03eb4d08f5dd281dcb5f1c9bb92b363a8d,2,0,1,1,linux,BFC
9536eba03ec7f64fc65144b1323aef7c5e9aafcd,182,0,0,1,linux,BIC
d218a8a3003e84ab136e69a4e30dd4ec7dab2d22,11,0,3,1,linux,BFC
b9b8a41adeff5666b402996020b698504c927353,0,1,2,1,linux,BFC
029e2476f9e6755ca6cc91922d1d75e856c0820a,29,0,0,1,linux,BIC
e61fbfca8055eef18f11727f431e1e3e5221291e,1,0,3,1,linux,BFC
c47914c00be346bc5b48c48de7b0da5c2d1a296c,0,0,2,1,linux,BFC
47d506d1a28fd10a9fb1f33df5622d88fae72095,0,9,16,1,linux,BFC
a517e87c3dfccc8b7a655e6208829ad7b04e16df,23,17,30,1,linux,BIC
bb25f071fc92d3d227178a45853347c7b3b45a6b,0,0,3,1,linux,BFC
0bf476fc3624e3a72af4ba7340d430a91c18cd67,23,0,1,1,linux,BFC
59f042f644c5aa10b65b7881966bed78c5c82923,15,0,11,3,linux,BIC
d52eb0d46f3606b9de9965cebb2beb2202a0dc62,0,4,28,1,linux,BIC
a541a9559bb0a8ecc434de01d3e4826c32e8bb53,2,0,4,1,linux,BFC
1b8b062a99dc76ba55b3ded97e90717768da47a9,25,0,3,2,linux,BIC
21206c8f2cb5c4bb6b4a306ce129eadf842e0600,0,46,0,1,linux,BIC
5a698243930c441afccec04e4d5dc8febfd2b775,0,0,1,1,linux,BFC
7c236d93c6764dcaca7ab66d76768a044647876d,2,1,1,1,linux,BFC
7e7292dba2155c1433ce9f9a819f1acb9090747b,232,0,0,1,linux,BIC
8dbdcc7269a83305ee9d677b75064d3530a48ee2,2,0,1,1,linux,BFC
256fbe111218ccc3de4aff1aab44c9b08cd06c92,1,0,0,1,linux,BFC
35140d399db2b67153fc53b51a97ddb8ba3b5956,2,1,1,1,linux,BFC
d1a819a2ec2d3b5e6a8f8a9f67386bda0ad315bc,20,0,0,1,linux,BFC
794a6711764658a1adc0fed95abed628ea72091d,1419,0,0,3,linux,BIC
f2055e145f2975a75dace8e386fad9364828cdb4,0,0,13,26,linux,BIC
a955318fe67ec0d962760b5ee58e74bffaf649b8,0,0,2,1,linux,BIC
82abdcaf3ededf5ad18644ac7a416f5e4f95a7fe,15,0,3,2,linux,BIC
196d941753297d0ca73c563ccd7d00be049ec226,0,0,3,1,linux,BFC
6cb6982f42cbfaf5e50af1069451a8828231ffb9,38,0,0,3,linux,BIC
1da7d7131c35cde83f1bab8ec732b57b69bef814,1,0,3,1,linux,BIC
989ef49bdf100cc772b3a8737089df36b1ab1e30,1,0,0,1,linux,BFC
877ccce7cbe8409256616f5e6bdedb08ce2e82db,0,24,21,6,linux,BIC
48ef23a4f686b1e4519d4193c20d26834ff810ff,0,5,0,2,linux,BFC
ef0915cacd04c9e35be5f9d62a4e4b5b4b9bcfd1,0,3,2,2,linux,BFC
898c0a15425a5bcaa8d44bd436eae5afd2483796,4,8,3,1,linux,BFC
7df40c2673a1307c3260aab6f9d4b9bf97ca8fd7,24,11,1,1,linux,BFC
c7c386fbc20262c1d911c615c65db6a58667d92c,6,0,3,1,linux,BFC
e2127ae7a5e80eb53ad431c39145767391da40cd,1,0,0,1,linux,BFC
1bacb0487d0ed914a9fd08fa7c24fa6c4b27cacc,186,40,0,4,linux,BIC
1e948479b3d63e3ac0ecca13cbf4921c7d17c168,0,0,1,1,linux,BFC
893621e0606747c5bbefcaf2794d12c7aa6212b7,0,0,1,1,linux,BFC
eae4ad1b0c9a77ef0cbac212d58d46976eaacfc1,4,5,2,1,linux,BFC
af76e806b5b72da66b7c37d792ec422bafa14c22,211,0,0,2,linux,BIC
621b24b09eb61c63f262da0c9c5f0e93348897e5,1,0,0,1,linux,BFC
f8017317cb0b279b8ab98b0f3901a2e0ac880dad,0,0,1,1,linux,BFC
d545caca827b65aab557a9e9dcdcf1e5a3823c2d,28,0,28,5,linux,BIC
7ea6bf2e6c409e245a31b9ac6a4ba24949ad442f,0,0,1,1,linux,BFC
a35fffbf98189ba8359f19073286b2ea816255c5,2,0,3,1,linux,BFC
55347cc9962fbf2048a3cf78e92c3f52035ac524,78,14,4,1,linux,BIC
43e64bf301fd8c54f0082d91c6ffd4de861baf96,23,0,1,3,linux,BIC
87f825e6e246cee0cdeaafd5bba4ef8c6df2748d,330,0,0,8,linux,BIC
3accbfdc36130282f5ae9e6eecfdf820169fedce,3,1,1,1,linux,BFC
444d7be9532dcfda8e0385226c862fd7e986f607,9,0,1,1,linux,BFC
5dba51754b04a941a1064f584e7a7f607df3f9bc,2,0,1,1,linux,BFC
ec623ff014c4e9c52d8ebf068d9801f5f9ab7348,0,87,1,1,linux,BIC
778be232a207e79088ba70d832ac25dfea6fbf1a,1,87,41,10,linux,BIC
7181ebafd4306c9328fa1cd0ead69afa397ffe75,2,5,17,1,linux,BFC
1c3b3e6527e57156bf4082f11c2151957560fe6a,3,0,0,1,linux,BFC
01bb12e49b85ee99fa8445cbbc450092cd34afc9,0,0,1,1,linux,BFC
a5c8b2ae2e5123c8a6b291e2c56ba5c39b645a95,202,0,2,1,linux,BIC
b67fd72e84a88cae64cea8ab47ccdaab3bb3094d,5,0,9,1,linux,BFC
9d046ccb98085f1d437585f84748c783a04ba240,0,0,5,1,linux,BIC
a276a4d93bf1580d737f38d1810e5f4b166f3edd,0,0,1,1,linux,BFC
e86fa21b77f4ef840213ecd33230c7c16879a4ac,2,0,0,1,linux,BFC
91820da6ae85904d95ed53bf3a83f9ec44a6b80a,82,0,0,3,linux,BIC
af959b7b96b87aee13ed5b0041fc14ca2e72cc84,27,0,3,1,linux,BIC
5e75ea9c67433a065b0e8595ad3c91c7c0ca0d2d,2,0,0,1,linux,BFC
fe35ec58f0d339221643287bbb7cee15c93a5389,2,0,1,1,linux,BIC
60c7ec9ee4a3410c2cb08850102d363c7e207f48,24,1,2,3,linux,BFC
3bb869c8b3f1a11f1854cd74ebdeb60753614cf8,256,0,0,3,linux,BIC
be0366f168033374a93e4c43fdaa1a90ab905184,3,0,0,1,linux,BFC
5f7f0317ed28b86bdae9baf65bb72d405b6f79ee,335,0,0,1,linux,BIC
79fae987518a3aa6c3c7b2e3ad5fe1e4080c12bc,17,9,0,1,linux,BFC
de818bd4522c40ea02a81b387d2fa86f989c9623,10,0,0,1,linux,BFC
c4ac38c6539b6cccfda7e8cf8da50edf7877c865,75,0,2,1,linux,BIC
197eecb6ecae0b04bd694432f640ff75597fed9c,1,0,0,1,linux,BFC
ba6f7da99aaf00042b4ed2d8850ed7534492009e,0,3,1,2,linux,BIC
37923ed6b8cea94d7d76038e2f72c57a0b45daab,610,0,1,4,linux,BIC
3b0f31f2b8c9fb348e4530b88f6b64f9621f83d6,61,367,7,36,linux,BIC
34ac3c3eb8f0c07252ceddf0a22dd240e5c91ccb,2,0,0,1,linux,BIC
0803e6051c1562e1525c3e044313390bf8b35c2b,2,0,0,1,linux,BFC
7efe48df8a3df6d089d2e9a1d429c82cc5dcf2de,239,0,4,1,linux,BIC
5ad4d8957b69f3ebf95ac02212c388bda75aeb30,166,0,0,4,linux,BIC
2092767168f0681aa03727448b801600a364c013,70,0,0,2,linux,BIC
06d4d450db770a70b29fa0244d50390c85e7e3c7,1,4,7,1,linux,BFC
7591c532b818ef4b8e3e635d842547c08b3a32b4,0,0,1,1,linux,BFC
e7e7e0d7beafebd11b0c065cd5fbc1e5759c5aab,10,0,0,1,linux,BFC
22fb85ffaefb80a22c815008a500273b3f61bba3,25,0,8,3,linux,BIC
5903f61e035320104394f721f74cd22171636f63,2,0,3,1,linux,BFC
a924eae75106258c0797706a0578c5af499c9ff5,0,0,3,1,linux,BFC
08d835dff916bfe8f45acc7b92c7af6c4081c8a7,1,0,2,1,linux,BFC
acfdd18591eaac25446e976a0c0d190f8b3dbfb1,35,4,14,2,linux,BIC
d947fb4c965cdb7242f3f91124ea16079c49fa8b,39,0,3,1,linux,BIC
adeaa21a4b6954e878f3f7d1c5659ed9c1fe567a,1,0,0,1,linux,BFC
6c0795f1a52410f2dccc63cd0993ae1a38856c77,7,0,1,2,linux,BIC
a2ed4fd685cd23e98922f933d5dbccfbe82a4f08,1,0,4,1,linux,BFC
aacf2f9f382c91df73f33317e28a4c34c8038986,5,1,3,1,linux,BFC
2e08437160d1e8f2cd3f0d56d59e74423602116e,14,8,17,5,linux,BFC
95c55ff425faa190fd8ba55090fbdf33d8b2f0ae,1,0,0,1,linux,BFC
559e50fd34d1c556d42016cbb9affce89cee9ea4,212,0,0,3,linux,BIC
01aecd917114577c423f07cec0d186ad007d76fc,73,32,6,1,linux,BIC
28961998f858114e51d2ae862065b858afcfa2b2,8,7,0,2,linux,BIC
303090b513fd1ee45aa1536b71a3838dc054bc05,0,0,1,1,linux,BFC
c7edc9e326d53ca5ef9bed82de0740c6b107d55b,537,0,1,7,linux,BIC
97113eb39fa7972722ff490b947d8af023e1f6a2,0,0,2,1,linux,BFC
cf36de4fc5ce5502ce5070a793addd9d49df4113,0,0,2,1,linux,BFC
89316fa34ab8afac8d693f41a5bc268673f1da15,18,0,0,1,linux,BFC
c485658bae87faccd7aed540fd2ca3ab37992310,0,5,2,2,linux,BFC
7978db344719dab1e56d05e6fc04aaaddcde0a5e,1,0,0,1,linux,BFC
58956317c8de52009d1a38a721474c24aef74fe7,56,2,32,2,linux,BIC
cd5f336f1780cb20e83146cde64d3d5779e175e6,3,1,2,1,linux,BFC
f5a4670de96678be275c7dd7f469a9d98938d68a,25,0,13,2,linux,BIC
fac2807946c10b9a509b9c348afd442fa823c5f7,412,10,15,6,linux,BIC
f5ddcbbb40aa0ba7fbfe22355d287603dbeeaaac,8,0,5,3,linux,BFC
ea4c1787685dbf9842046f05b6390b6901ee6ba2,40,0,4,1,linux,BIC
5a8d7f126c97d04d893f5e5be2b286437a0d01b0,5,0,2,1,linux,BFC
52e8c38001d8ef0ca07ef428e480cd4a35e46abf,2,0,2,1,linux,BIC
b33394ba5c0974a578c24b2fecbb91a984da5e09,0,0,2,1,linux,BFC
f1037ec0cc8ac1a450974ad9754e991f72884f48,5,2,1,1,linux,BIC
b4b9e3558508980fc0cd161a545ffb55a1f13ee9,62,0,6,3,linux,BIC
ba6771c0a0bc2fac9d6a8759bab8493bd1cffe3b,9,33,36,3,linux,BFC
06f5553e0f0c2182268179b93856187d9cb86dd5,0,0,1,1,linux,BFC
356f0a30860d44de7ac021708caa0c8bd5688dbe,14,0,21,1,linux,BIC
a65a97b48694d34248195eb89bf3687403261056,4,0,0,1,linux,BFC
2142754f8b9c619e22e1c9d1973cacc4a214695c,516,0,2,5,linux,BIC
b3b02eac33eddda88992962d920b46348bb086da,139,0,1,4,linux,BIC
2ba2dfa1fcc7ce5d2bf1716ec3d32b6fa0882e68,0,43,31,6,linux,BIC
3f6e6986045d47f87bd982910821b7ab9758487e,4,0,1,1,linux,BFC
57ea2a34adf40f3a6e88409aafcf803b8945619a,10,1,1,1,linux,BIC
03334ba8b425b2ad275c8f390cf83c7b081c3095,0,0,2,1,linux,BFC
d37aa2efc89b387cda93bf15317883519683d435,0,0,5,5,linux,BFC
1438c2f60ba955114cff3717f1a334878c7886a9,11,17,25,2,linux,BIC
fd141d1a99a300944dc42a7820afb8c1bafd4035,9,29,19,2,linux,BIC
177602b006414b02152d3ef670746beb2bfde9cd,19,0,0,1,linux,BIC
c541a51b8ce81d003b02ed67ad3604a2e6220e3e,0,0,1,1,linux,BFC
ff20783f7b9f35b29e768d8ecc7076c1ca1a60ca,2,0,40,1,linux,BFC
387125fc722a8ed432066b85a552917343bdafca,129,12,5,2,linux,BIC
314e01a6d7ddf04608440beb087b21d8aa32f03f,1,51,1,1,linux,BFC
4276fd0dddc98ee7d6c1a469b3f35b8ab51ddc2f,0,5,1,2,linux,BIC
7fcd07506878db19510b6e7bd1f9153bce6702e3,0,2,0,1,linux,BFC
301428ea3708188dc4a243e6e6b46c03b46a0fbc,2,2,0,1,linux,BIC
73fed0ef8567f1e1cba079994353e60208ded964,2,0,5,1,linux,BFC
dfa042fa310caa475667b8c38d852f14439e0b01,0,0,3,1,linux,BFC
992da01aa932b432ef8dc3885fa76415b5dbe43f,19,4,17,2,linux,BIC
eae5820b852f2b434fc7734b5b1226bcc4ae9b92,4,0,1,1,linux,BIC
5cbdae10bf11f96e30b4d14de7b08c8b490e903c,0,0,2,1,linux,BFC
47a846536e1bf62626f1c0d8488f3718ce5f8296,7,0,0,1,linux,BFC
426fb5e72d92b868912e47a1e3ca2df6eabc3872,6,1,0,1,linux,BFC
ac29c64089b74d107edb90879e63a2f7a03cd66b,46,3,34,12,linux,BIC
2f0513d487d2619c751fd08f5b7c64e759435ff4,4,0,0,1,linux,BFC
73d9c8d4c0017e21e1ff519474ceb1450484dc9a,3,0,3,1,linux,BFC
5e33a23ba4b56c109b732d57a0a76558a37d9ec5,10,0,24,6,linux,BFC
adefc0a2ff465f4ac4a88450fe69d336c8b074c5,2,0,2,1,linux,BFC
00a2916f7f82c348a2a94dbb572874173bc308a3,2,2,0,1,linux,BFC
dd4dff8b035f6dda69ece98e20d4c2d76b9f97d1,0,0,1,1,linux,BIC
8d9fdb6011b4d413271eba3a62e10f89efecc419,0,0,2,1,linux,BFC
c7cbdbf29f488a19982cd9f4a109887f18028bbb,50,207,25,33,linux,BIC
304c92e8fcf5863a40de60baf0576cab6b046bcf,0,2,2,1,linux,BFC
f7f12b25823c0dce1165b390522d29f99c4585b4,2,0,1,1,linux,BIC
4c73e8926623ca0f64c2c6111289ab8096fa647a,8,0,0,8,linux,BIC
75a357341e7c9d3893405ea6f9d722036012dd1f,0,0,1,1,linux,BFC
047b2f62cda57eba73751b29f3cf3ef6d17ae84f,0,1,1,1,linux,BFC
503ceaef8e2e7dbbdb04a867acc6fe4c548ede7f,24,0,1,1,linux,BIC
d97828072d0bcecb6655f0966efc38a2647d3dfb,0,0,1,1,linux,BFC
36f988e978f81ffa415df4d77bbcd8887917f25c,278,0,0,2,linux,BIC
cec4e5cbb91bf3d6e238e4983398ba443b6ffdfa,0,0,1,1,linux,BFC
67ec6dd0b257bd81b4e9fcac89b29da72f6265e5,12,1,3,1,linux,BFC
316f710172461c501f9b73f3b2fc7ce8aa5b84a5,1,0,0,1,linux,BFC
27ab92d9996e4e003a726d22c56d780a1655d6b4,2,0,6,1,linux,BFC
28081b72859f0fa3d5b56cfd84b2f5ba578765d2,261,0,3,1,linux,BIC
11536442a3b4e1de6890ea5e805908debb74f94a,2,0,1,1,linux,BFC
159f6dd619d953e2a137bfb42cbce7cbed621c76,39,16,1,2,linux,BFC
69d92293274b3ae60c54271bf6e029e3d1d582e8,46,0,2,1,linux,BFC
4c06c4e6cf63d7f3d5dfe62593a073253d750a59,27,13,6,3,linux,BIC
65c001df517a7bf9be8621b53d43c89f426ce8d6,0,0,2,1,linux,BFC
30f5312d2c722107364f266cfa98ef4f0857c1fb,2,0,0,1,linux,BFC
155b0f690051345deefc653774b739c786067d61,1,0,0,1,linux,BFC
408b56ca5c8eea1e46d2094818de8acc7215cf58,0,43,25,1,linux,BIC
3ee82c6e41f3d2212647ce0bc5a05a0f69097824,0,0,1,1,linux,BFC
023a062f238129e8a542b5163c4350ceb076283e,0,0,1,1,linux,BFC
8d22a9351035ef2ff12ef163a1091b8b8cf1e49c,1,1,1,1,linux,BFC
f2c2e717642c66f7fe7e5dd69b2e8ff5849f4d10,1245,0,0,2,linux,BIC
502ab004e6c4426b91460d8be8b9d4a4bf206657,0,0,1,1,linux,BFC
4a49ae94a448faa71e89fac8f0b276261123387e,98,1,21,6,linux,BIC
1ee14820fd8ee79c4fc191155f48c985f28040e2,0,116,3,11,linux,BIC
14c07b1358ede1664652bb9b28d9ace5fe6f7f92,91,0,2,6,linux,BIC
939cf46c3a32c969392c66a6218593a38e1c7bf1,6,1,2,1,linux,BFC
f34727a1351362c8f349d29efcd0e72702571e6a,2,0,1,1,linux,BFC
e84fce0f8837496a48d11086829bdbe170358b7a,1288,0,0,1,linux,BIC
1d18538e6a09265003a0a94ca779d7a6127cb76c,100,0,24,9,linux,BIC
34d3a78c681e8e7844b43d1a2f4671a04249c821,22,0,6,2,linux,BIC
a581483b1e5466d28fc50ff623fba31cea2cccb6,0,6,2,1,linux,BFC
62ade1bed27c26c2ea9280174ae6d6c7a9e825b2,0,0,1,1,linux,BFC
974f51e8633f0f3f33e8f86bbb5ae66758aa63c7,8,9,2,1,linux,BFC
35b99dffc3f710cafceee6c8c6ac6a98eb2cb4bf,4,0,1,1,linux,BFC
febf71588c2a750e04dc2a8b0824ce120c48bd9e,1,2,0,2,linux,BIC
f1897b3cd1af1dce8d6c06b06f02551c71112003,0,0,3,1,linux,BFC
25848c9015964d9d97dffd48bbb88b75a25d0a1b,14,2,9,2,linux,BIC
b72656dbc491484765776a16eeb55ef2e90efea6,8,9,34,1,linux,BIC
83f40318dab00e3298a1f6d0b12ac025e84e478d,161,28,48,2,linux,BIC
88f01a1bd0e0dbd01b65907023dbe53cf524ea2a,13,0,2,1,linux,BFC
9656b346b280c3e49c8a116c3a715f966633b161,2,0,0,1,linux,BFC
1bd8bb7d2dfc44509acf729e636523c3c2b729df,2,2,0,1,linux,BFC
f3f0e1d2150b2b99da2cbdfaad000089efe9bf30,493,10,7,4,linux,BIC
8c6ae46150a453f8ae9a6cd49b45f354f478587d,0,0,1,1,linux,BFC
667c769246b01c53ad0925d603d2a2531abd3ef2,24,11,1,2,linux,BIC
af356afa010f3cd2c8b8fcc3bce90f7a7b7ec02a,18,32,16,5,linux,BIC
c724f776f048538ecfdf53a52b7a522309f5c504,0,0,1,1,linux,BFC
603113c514e95c3350598bc3cccbd03af7ea4ab2,0,0,7,1,linux,BFC
3e347261a80b57df792ab9464b5f0ed59add53a8,8,10,24,2,linux,BIC
a0765597c986ad52c9bc93319987d41bc17f59ef,1,0,1,1,linux,BFC
0d228ece59a35a9b9e8ff0d40653234a6d90f61e,2,0,0,1,linux,BFC
55a4d2eac327fca4b22544f98d86d6e7b7981913,2,0,4,1,linux,BFC
a748c6975dea325da540610c2ba9b5f332c603e6,61,0,3,2,linux,BIC
e0beec88397b163c7c4ea6fcfb67e8e07a2671dc,0,0,2,1,linux,BFC
f09bddbd86619bf6213c96142a3b6b6a84818798,1,0,0,1,linux,BFC
4f0496d8ffa3ed5956a2ddee5d84f0246977799d,8,0,0,1,linux,BIC
259800135c654a098d9f0adfdd3d1f20eef1f231,15,0,3,1,linux,BFC
ed75e8f60bb1d41d751ccad470e15bc2a57adee6,0,4,0,1,linux,BFC
32ab688b280301f7cee9e547564cb74e33e06322,1,0,0,1,linux,BFC
2166e5edce9ac1edf3b113d6091ef72fcac2d6c4,10,0,5,1,linux,BFC
79dde73cf9bcf1dd317a2667f78b758e9fe139ed,4,3,3,1,linux,BIC
b1e18768ef1214c0a8048327918a182cabe09f9d,0,0,1,1,linux,BFC
00ee5927177792a6e139d50b6b7564d35705556a,0,0,1,1,linux,BFC
8498a30e1b9484629598cce97d200f517445e26b,1129,0,0,3,linux,BIC
5903f594935a3841137c86b9d5b75143a5b7121c,3,0,0,1,linux,BFC
8e458fe2ee05cf3fb1fb6bf9857e71e15c4d7441,139,37,43,3,linux,BIC
1a48ff81b3912be5fadae3fafde6c2f632246a4c,148,8,9,1,linux,BIC
bf4cc40e9343bbe6c7400ff6f4feb46fb9338087,2,0,0,2,linux,BFC
afb585a97f81899e39c14658789f02259d8c306a,92,2,9,2,linux,BIC
cd813e1cd7122f2c261dce5b54d1e0c97f80e1a5,0,0,1,1,linux,BFC
d68adc8f85cd757bd33c8d7b2660ad6f16f7f3dc,0,0,1,1,linux,BFC
086df54e20bec27ccc4a1df926039faf44e1037d,36,0,1,6,linux,BIC
f4d15fb6f99af9b99f688bd87579137be44f85ee,34,0,0,3,linux,BIC
d39de9919a0cded8ddb1655441cf403ad5690d6d,14,0,6,4,linux,BFC
aba57a823d2985a2cc8c74a2535f3a88e68d9424,0,0,2,1,linux,BFC
4f2d7af70256b258a6a5729a1d33d5ecb2330f8f,0,0,1,1,linux,BFC
b4e70d8dd9ea6bd5d5fb3122586f652326ca09cd,12,0,3,3,linux,BFC
c327a310ec4d6ecbea13185ed56c11def441d9ab,1,0,1,1,linux,BFC
7576750f036b5ec913aac2a165ce75ab3b7beee3,2,0,0,1,linux,BFC
debdd8e31895fdd1e2cfeb7a5aff1c83e49a91ba,1,1,0,1,linux,BFC
6fcf0c72e4b9360768cf5ef543c4f14c34800ee8,3,0,1,1,linux,BIC
9bedd36e9146b34dda4d6994e3aa1d72bc6442c1,5,0,2,1,linux,BIC
1ca3dec2b2dff9d286ce6cd64108bda0e98f9710,9,0,0,1,linux,BIC
73effccb9196ccc0241c3fb51dfd8de1d14ae8ed,10,0,2,1,linux,BFC
c2a20711fc181e7f22ee5c16c28cb9578af84729,0,1,4,1,linux,BFC
100719dcef447aa0c90301f919e81ae477b32bf2,395,56,18,1,linux,BIC
df66b6ebc5dcf7253e35a640b9ec4add54195c25,0,3,12,1,linux,BFC
bb42f2d13ffcd0baed7547b37d05add51fcd50e1,206,66,24,6,linux,BIC
0759011157b0d666b02b03b986d3de005d84027e,2,0,0,1,linux,BFC
0ef1905ecf2e0e9b2ff8903ea3150b4dd2faa6c0,329,0,12,9,linux,BIC
b1350132fef7e1f0ddfd5a985d516a6ed7a329fc,2,1,1,1,linux,BFC
b2c094582e38d667444a13404271752e5fafb2e2,3,0,3,1,linux,BFC
33aa46f252c703e42c81a76696cd0c240f2281e4,2,1,0,1,linux,BIC
88aa7cc688d48ddd84558b41d5905a0db9535c4b,10,0,6,5,linux,BIC
b1353d1c1d4555b7c40066fa2cacc7da266e9904,591,0,0,1,linux,BIC
3c8a63e22a0802fd56380f6ab305b419f18eb6f5,1994,0,0,1,linux,BIC
36941dfe0e8c3e2da7851b9648fd74bd3a3e78ce,1,0,0,1,linux,BFC
f9ffcb0a21e1fa8e64d09ed613d884e054ae8191,2,9,0,1,linux,BFC
c345ec6a50e9f5d2800da2179adc8f6ea1dfe042,8,0,2,1,linux,BIC
46682cb86a37da435e5668db98555a1de0f0448b,68,0,1,5,linux,BIC
5c83746a0cf2831d4b59f5cf99ef5fbf138564e4,464,82,65,4,linux,BIC
5957324045ba2c127c9401fa3ac61ac52e043ca8,0,0,1,1,linux,BFC
8788392995e7f1ea87d4efa03c14d872b05f9f25,0,0,1,1,linux,BFC
a6059ab98130fb561157682d320c51c5ccd4b647,55,0,2,2,linux,BIC
202700e30740c6568b5a6943662f3829566dd533,0,8,4,1,linux,BFC
d7a669dd2f8ba07a17423f4ad586dfc0379882f7,82,71,18,1,linux,BIC
cbab791c5e2a58c123d84bd9202c054e5449bc96,1865,0,0,4,linux,BIC
37564ed834aca26993b77b9b2a0119ec1ba6e00c,35,0,1,1,linux,BIC
f122d103b564e5fb7c82de902c6f8f6cbdf50ec9,0,0,5,1,linux,BFC
618c808968852609d2d9f0e5cfc351a4807ef8d0,8,0,2,1,linux,BFC
c4de6d7e4319ffb52d6db3138057712749540191,36,37,11,1,linux,BIC
5b43bd184530af6b868d8273b0a743a138d37ee8,5,0,3,1,linux,BFC
7495e22bb165e7030bae4d9c6e84addb5ea17b29,26,42,8,8,linux,BIC
f386509e49594591f80af2e5a73d4c9ce389aa29,2388,0,0,3,linux,BIC
c8489668065a283d3027e86e877b103a87f99d22,56,46,16,1,linux,BFC
1f1496a923b6ba16679074fe77100e1b53cdb880,1,0,0,1,linux,BIC
bcf87f1dbbec0d9abaf89073dd761a41876bc6c1,17,0,3,2,linux,BIC
d49f7d7376d0c0daf8680984a37bd07581ac7d38,34,0,0,1,linux,BIC
bbeb97464eefc65f506084fd9f18f21653e01137,10,0,0,1,linux,BFC
5cc244a20b86090c087073c124284381cdf47234,0,1,1,1,linux,BFC
62336cc666b0e0f1f2bebd682c1741b9a439095a,0,0,1,1,linux,BFC
4e80c8f505741cbdef3e10862ea36057e8d85e7c,911,0,0,1,linux,BIC
f046bd0ae15d8a0bbe57d4647da182420f720c3d,2,4,0,3,linux,BFC
7fc38225363dd8f19e667ad7c77b63bc4a5c065d,35,8,4,6,linux,BIC
aad4742fbf0a560c25827adb58695a4497ffc204,1,0,0,1,linux,BFC
e2ef75445340ca7ec2c4558f84ae6c8c5d650fc8,11,6,15,1,linux,BFC
0629cb06cdf8f1a403ce71bce5b83380ae898e1a,48,45,0,3,linux,BFC
bee07b33db78d4ee7ed6a2fe810b9473d5471fe4,20,0,10,2,linux,BIC
c65626c0cd4d3e2f43a5f62fcde4fcd594959938,0,22,8,3,linux,BIC
1b9fbe813016b08e08b22ddba4ddbf9cb1b04b00,2,0,1,1,linux,BFC
a813c47d22b0a0c51567292bc198a39bdcdc3799,0,0,1,1,linux,BFC
868f036fee4b1f934117197fb93461d2c968ffec,8,0,11,2,linux,BFC
5f3e2bf008c2221478101ee72f5cb4654b9fc363,13,1,1,4,linux,BIC
8e9faa15469ed7c7467423db4c62aeed3ff4cae3,0,0,1,1,linux,BIC
7a68d9fb851012829c29e770621905529bd9490b,13,0,3,1,linux,BIC
fa3ed4d981b1fc19acdd07fcb152a4bd3706892b,1,0,2,1,linux,BFC
3cd1cfcba26e2ebbadcd84ba118e785b8963e11b,139,0,0,7,linux,BIC
e7a2ad7eb6f48ad80c70a22dd8167fb34b409466,22,0,2,1,linux,BIC
c29390c6dfeee0944ac6b5610ebbe403944378fc,9,0,1,4,linux,BFC
17e1be342d46eb0b7c3df4c7e623493483080b63,0,0,2,1,linux,BFC
f098a045350ecd6045f2f2d5a50fecf2a98962d7,0,1,0,1,linux,BFC
b2d3bef1aa7858b2ae5e0d01adb214121ba00b9f,38,0,3,4,linux,BIC
7f9b34f36cf6b2099f19e679a9e8315c955ef2ee,0,0,1,1,linux,BFC
5701659004d68085182d2fd4199c79172165fa65,3,7,3,1,linux,BIC
00db63c128dd3daf38f481371976c24d32678142,2,0,3,1,linux,BFC
7a623c039075e4ea21648d88133fafa6dcfd113d,104,360,346,5,linux,BIC
00ff801bb8ce6711e919af4530b6ffa14a22390a,3,0,1,3,linux,BFC
fd41e60331b13b8fb35cc5048185a46de98db77c,24,1,11,3,linux,BIC
3f4b57ad07d9237acf1b8cff3f8bf530cacef87a,2,0,0,1,linux,BFC
1dbd0d373ac338903d27fab5204b13122cc5accd,0,0,1,1,linux,BFC
c9a81e6864d48f81797397bbd65d299bf20c6148,1,0,0,1,linux,BFC
8fb4792f091e608a0a1d353dfdf07ef55a719db5,0,0,1,1,linux,BFC
4963674c2e71fc062f8f089f0f58ffbb5533060b,1,0,0,1,linux,BFC
7e700d2c59e5853c9126642976b4f5768f64c9b3,8,0,1,1,linux,BFC
8c49b5d43d4c45ca0bb0d1faa23feef2e76e89fa,413,0,0,1,linux,BIC
968162204adf5f2292214356978357e9dcd35de1,0,0,1,1,linux,BFC
1de3821ace8200432993821bfda043827029de2a,14,0,4,8,linux,BIC
461a6946b1f93f6720577fb06aa78e8cbd9291c9,6,1,0,7,linux,BIC
4f0955fcc052b556446f6f041ad8c83d70c3b253,54,0,0,1,linux,BIC
a47970ff7814718fec31b7d966747c6aa1a3545f,7,0,2,1,linux,BIC
ba95e5dfd36647622d8897a2a0470dde60e59ffd,0,1,6,1,linux,BFC
e2860e1f62f2e87d268403a749ba1f19663ef19f,10,0,0,1,linux,BIC
0e14c7777acb6d58250cb746685dde0a74d60fe8,872,0,0,3,linux,BIC
e80ddeb2f70ebd0786aa7cdba3e58bc931fa0bb5,0,0,1,1,linux,BIC
18e1db67e93ed75d9dc0d34c8d783ccf10547c2b,0,0,1,1,linux,BFC
c98e16b2fa1202dd8c66900823591cd110a1a213,10,0,7,4,linux,BIC
a4ca8b7df73c6d78b8b5aa8246a7d794b25c25ce,6,0,5,1,linux,BIC
f0c04c276739ed8acbb41b4868e942a55b128dca,1,0,1,1,linux,BFC
247bc9470b1eeefc7b58cdf2c39f2866ba651509,1,0,0,1,linux,BIC
e7030878fc8448492b6e5cecd574043f63271298,49,0,4,6,linux,BIC
17ec4cd985780a7e30aa45bb8f272237c12502a4,2,1,2,1,linux,BIC
7e78dd816e458fbc2928a068d70009178d5d070d,22,0,0,2,linux,BFC
482d2e9c1cc7c0e154464e3e052db09e5e62541f,33,0,0,3,linux,BIC
61023658760032e97869b07d54be9681d2529e77,136,0,2,7,linux,BIC
b44cdca7fd792c6b6203fd33a3030bdc43dfaee6,1,0,0,1,linux,BFC
cda0f85bfa5e5fddc51b94cfd6680c6697707a89,137,2,13,5,linux,BIC
63ef91f24f9bfc70b6446319f6cabfd094481372,4,0,19,1,linux,BFC
682ae59ca2876f83396ccc5674235da99beed06c,0,0,2,1,linux,BFC
cab36da4bf1a35739b091b73714a39a1bbd02b05,2,0,1,1,linux,BFC
84b3adc2430eafd2eb703570075c3c141ea0ff13,1,11,2,3,linux,BFC
879791ad8bf3dc5453061cad74776a617b6e3319,0,0,1,1,linux,BFC
f8176e0bb83ff8dcc6d9fa8595a0966e631d2ba7,13,0,0,1,linux,BIC
c32dfec6c1c36bbbcd5d33e949d99aeb215877ec,35,0,0,1,linux,BFC
eac2c68d663effb077210218788952b5a0c1f60e,0,1,1,1,linux,BFC
239f3c2ee18376587026efecaea5250fa5926d20,3,0,2,1,linux,BFC
0b39578bcde4298a392fb2df16235c316d932127,30,2,36,6,linux,BIC
ce62df2290bb86b39f826a835d6060bc3b43dae7,0,0,1,1,linux,BFC
a4f2dacbf2a5045e34b98a35d9a3857800f25a7b,3,0,2,1,linux,BFC
7bf9c4a88e3e33cf593b2452776361c6db0f28b0,0,0,3,1,linux,BIC
c3a2e8370534f810cac6050169db0ed3e0f94f0b,2,9,5,3,linux,BFC
9e88dd431d2345acdb7a549f3e88aaf4c2a307a1,0,0,1,1,linux,BFC
1da7e0022784b0e05b49bf73521fa2cc4633af85,0,0,1,1,linux,BFC
68ad361285a9cc73b259f59adbaafde196c15987,8,0,1,1,linux,BFC
0ae79c6fe70d5c5c645733b7ed39d5e6021d8c9a,3,0,2,1,linux,BFC
7aa1aa6ecec2af19d9aa85430ce3e56119e21626,2,1,68,39,linux,BIC
d54762cc3e6abb08f5ae31e3fa6a249768c07617,1,184,42,8,linux,BIC
2be84f73785fa9ed6443e3c5b158730266f1c2ee,1,0,0,1,linux,BFC
cbda56d5fefcebc01448982a55836c88a825b34c,32,0,3,4,linux,BIC
aa0cd28d057fd4cb686fbdd2475a6a3f609dd581,1,0,0,1,linux,BFC
a661b571e3682705cb402a5cd1e970586a3ec00f,5,1,2,1,linux,BFC
dac84a388528ab002b517213be47f53dc0fd978a,53,0,0,4,linux,BIC
c1a411268a4b17ecdf271f0cefed53e10e9fa166,55,32,8,1,linux,BIC
f159c647b13b3cc9ae682f455b2858d2e1abd6be,0,0,1,1,linux,BFC
fa4d75c1de13299c61b5e18a1ae46bc00888b599,28,0,0,2,linux,BIC
688fcbfc06e4fdfbb7e1d5a942a1460fe6379d2d,6,4,17,2,linux,BIC
d21ba5d6217bd5a6a696678385906ed1994b380b,5,2,1,1,linux,BFC
b29dd96b905f3dd543f4ca729447286adf934dd6,4,0,3,1,linux,BFC
c537a1c5ff63d3553617a9ff80ef5ed1493028e2,124,0,0,1,linux,BIC
4136214f7c46839c15f0f177fe1d5052302c0205,4208,28,0,11,linux,BIC
25b5d6fd6d13b2de3780a0ae247befc43c4576fe,4,1,0,1,linux,BFC
8791585837f659943936b8e1cce9d039436ad1ca,13,4,14,4,linux,BIC
2f20640491edda3c03eb6b899d0b92630d3d4c63,53,0,2,2,linux,BFC
a6a7cc4b7db6deaeca11cdd38844ea147a354c7a,6,4,7,2,linux,BIC
0f32d9eb38c13c32895b5bf695eac639cee02d6c,0,0,1,1,linux,BFC
b5f57384805a34f497edb8b04d694a8a1b3d81d4,108,44,1,2,linux,BIC
bf59fddde1c3eab89eb8dca8f3d3dc097887d2bb,0,0,1,1,linux,BFC
1be9a950c646c9092fb3618197f7b6bfb50e82aa,1,0,0,1,linux,BFC
b7ffc4a839a553b07b34543684e79526f2ffecb8,1,0,1,1,linux,BFC
3dc6ddfedc2818eaaa36842fbb049191e0c5e50f,2,0,0,1,linux,BFC
3b4fa9640ccded07fff6d563d3ac1b2f3f111d97,46,15,15,8,linux,BIC
e717f8c6dfec8f76be032fc2a7516de6e31a56a1,376,0,0,1,linux,BIC
11e349143e3289ab99f1b4858649f60703b7bf35,28,5,9,3,linux,BFC
528d28138f91009f230903bd89ccd44719667831,0,0,1,1,linux,BFC
9e3d62d55bf455d4f9fdf2ede5c8756410c64102,6,0,3,1,linux,BFC
8cbf89db294166cc13d90a89422605e0c9f8bbc2,98,0,2,2,linux,BIC
ddb4b9a1328ea89733133e86cf1972d23891abfc,0,2,2,1,linux,BIC
7892032cfe67f4bde6fc2ee967e45a8fbaf33756,2,0,19,1,linux,BFC
0afda3a888dccf12557b41ef42eee942327d122b,0,0,1,1,linux,BFC
e1a4541ec0b951685a49d1f72d183681e6433a45,76,0,0,1,linux,BIC
bbc396993a97246403f5979036f1b4637a56ef72,0,0,0,1,linux,BFC
2cabf10dbbe380e2ef27a69ce2059bcab7c8b419,11,0,14,4,linux,BIC
9c6dfed92c3e86d6f84780625c0595ba56d03986,154,0,13,1,linux,BIC
26f1fe858f2744edfc75e92d34a6be0af5e8b45d,15,5,20,1,linux,BIC
b6ff1b14cdf4b4cb5403f3af2c3272f7e609a241,212,14,161,2,linux,BIC
2c394ca79604b404fe60218670ab301ecb758b34,2836,0,0,3,linux,BIC
4d486f18d91b1876040bf87e9ad78981a08b15a6,0,0,1,1,linux,BFC
0cfe5a6e758fb20be8ad3e8f10cb087cc8033eeb,41,5,7,2,linux,BIC
ae6eeb534924ecc2afd5a394964fd6de0ca54d39,0,0,1,1,linux,BFC
78e4d342187625585932bb437ec26e1060f7fc6f,0,1,0,1,linux,BFC
49230b49c4398765feba809ac27ae09562cbead1,0,0,1,1,linux,BFC
7d29f349a4b9dcf5bc9dcc05630d6a7f6b6b3ccd,60,0,9,3,linux,BIC
65e318e17358a3fd4fcb5a69d89b14016dee2f06,0,1,0,1,linux,BFC
6110dff776f7fa65c35850ef65b41d3b39e2fac2,7,0,0,1,linux,BFC
7ad15440acf8b5a889c60216dfc91370b90f455d,44,8,15,3,linux,BIC
b99152d4f04b379e31db6c1a2dda6b272c92039b,119,45,23,1,linux,BIC
00d3b7a4533e367b0dc2812a706db8f9f071c27f,791,85,153,17,linux,BIC
4ee3bd4a8c7463cdef0b82ebc33fc94a9170a7e0,0,0,2,1,linux,BFC
7030d8530e533844e2f4b0e7476498afcd324634,1,0,0,1,linux,BFC
7acf8a1e8a28b3d7407a8d8061a7d0766cfac2f4,13,0,1,5,linux,BIC
faa3ffce78298b2b782297765cffd05f52fed9d4,83,0,0,2,linux,BIC
337710b3121a4f4183c38ff056f6f9ef516cc34f,0,0,2,1,linux,BFC
9cbfa2f64c04d98ad2bbce93066e2e021d12a24b,140,0,0,4,linux,BIC
42fc541404f249778e752ab39c8bc25fcb2dbe1e,14,0,14,9,linux,BIC
3cc2e57c4beabcbbaa46e1ac6d77ca8276a4a42d,1,0,0,1,linux,BFC
39bfcb8138f6dc3375f23b1e62ccfc7c0d83295d,9,2,28,4,linux,BFC
f43b9876e857c739d407bc56df288b0ebe1a9164,62,10,19,13,linux,BIC
73681f4f1426847b421649c6aa6c2dc303acc7c8,31,2,4,2,linux,BFC
707abf0695481ad19b0b74af65f30c71123d6154,139,0,0,5,linux,BIC
1996d47a0db27a3071f1a6587123185ba98c4585,8,0,3,1,linux,BFC
def435c04ee984a5f9ed2711b2bfe946936c6a21,2,0,0,1,linux,BFC
3af71f649d22f359790b4032446456a967a81742,16,9,12,3,linux,BFC
10c55cacb8b20518fddf92de43fbfb198f288eb2,48,0,4,4,linux,BIC
47605df953985c2b792ac9f3ddf70d270b89adb8,140,11,150,7,linux,BIC
f36a74b9345aebaf5d325380df87a54720229d18,0,0,2,1,linux,BIC
f369fdf4f661322b73f3307e9f3cd55fb3a20123,9,0,0,1,linux,BFC
4a9c8bb2aca5b5a2a15744333729745dd9903562,13,0,10,1,linux,BFC
f491fe3fb41eafc7a159874040e032ad41ade210,55,22,61,1,linux,BIC
60b1af64eb35074a4f2d41cc1e503a7671e68963,0,0,1,1,linux,BFC
48e8adde8d1c586c799dab123fc1ebc8b8db620f,12,0,4,2,linux,BFC
320c88a3104dc955f928a1eecebd551ff89530c0,0,0,1,1,linux,BFC
9d452cebd7d69e9eb22b4c0482fdbb6fc762167f,0,1,3,1,linux,BFC
d5a3c7a4536e1329a758e14340efd0e65252bd3d,1,2,3,1,linux,BFC
3e448e13a662fb20145916636127995cbf37eb83,2,0,0,1,linux,BFC
f10f582d28220f50099d3f561116256267821429,0,2,2,1,linux,BFC
79eed03e77d481b55d85d1cfe5a1636a0d3897fd,22,12,0,1,linux,BFC
646e76bb5daf4ca38438c69ffb72cccb605f3466,31,0,0,1,linux,BIC
162f98dea487206d9ab79fc12ed64700667a894d,8,0,1,1,linux,BIC
03c0ad4b06c3566de624b4f4b78ac1a5d1e4c8e7,2,0,1,1,linux,BFC
b1312b85012245923b5cb59ac324a5649eefefcb,0,0,3,1,linux,BFC
e11e865bf84e3c6ea91563ff3e858cfe0e184bd2,2,0,4,1,linux,BFC
80abf8880cc6e1594c11b7c417f22dde60e25312,8,0,2,1,linux,BFC
c45e3e4c5b134b081e8af362109905427967eb19,0,0,1,1,linux,BFC
3881ee0b1edce0ece72d24b7c74f46b73bd6dcba,0,21,41,1,linux,BIC
0d4a6608f68c7532dcbfec2ea1150c9761767d03,0,1,1,1,linux,BIC
17f74b145af3db5823c1a5d6ac9e34f983b789d4,0,0,2,1,linux,BFC
cedf788459683b84800fd3ecc63c63e2e3a5be33,1,10,4,2,linux,BFC
ca0e89406ba18e9ba98d28413b50469f631bb583,0,0,1,1,linux,BFC
f0ab0bf250da5a115d5675a686117f21984f0760,186,0,0,1,linux,BIC
ababb08938df7ac245d30a58b95b94ecf8dc04fc,2,0,1,1,linux,BFC
7eded018bfeccb365963bb51be731a9f99aeea59,1,0,4,1,linux,BFC
3fe89b3e2a7bbf3e97657104b9b33a9d81b950b3,7,2,1,2,linux,BFC
2d52527e80c2dc0c5f43f50adf183781262ec565,1,4,0,1,linux,BFC
fa2d8ff4e3522b4e05f590575d3eb8087f3a8cdc,0,2,1,1,linux,BFC
973b393fdf073a4ebd8d82ef6edea99fedc74af9,0,0,2,1,linux,BFC
79136a016add1acb690fe8d96be50dd22a143d26,1,1,0,1,linux,BFC
0b29643a58439dc9a8b0c0cacad0e7cb608c8199,0,0,2,1,linux,BIC
23bb7b49597139d38f4da9392df28a24229697b6,1,0,5,1,linux,BFC
e7fd41792fc0ee52a05fcaac87511f118328d147,12125,0,0,35,linux,BIC
da32b28c95a79e399e18c03f8178f41aec9c66e4,31,0,0,3,linux,BIC
e287bd005ad9d85dd6271dd795d3ecfb6bca46ad,5,9,4,4,linux,BFC
190d7cfc8632c10bfbfe756f882b6d9cfddfdf6a,19,5,33,1,linux,BIC
bbda4b6c7d7c7f79da71f95c92a5d76be22c3efd,14,0,0,1,linux,BFC
ac31565c21937eee9117e43c9cd34f557f6f1cb8,0,1,3,1,linux,BIC
93274f1dd6b0a615b299beddf99871fe81f91275,29,2,6,3,linux,BFC
31e0456de5be379b10fea0fa94a681057114a96e,19,12,1,1,linux,BIC
13776f9d40a028a245bb766269e360f5b7a62721,4,0,1,1,linux,BFC
e14ab23dde12b80db4c94b684a2e485b72b16af3,836,390,340,3,linux,BIC
d8a22773a12c6d78ee758c9e530f3a488bb7cb29,34,0,1,1,linux,BIC
80a316ff16276b36d0392a8f8b2f63259857ae98,6,0,1,1,linux,BFC
15d157e874437e381643c37a10922388d6e55b29,40,18,9,2,linux,BIC
fc385b7ac48089ed1c6866cdc0dceb4ae1fa54de,168,0,0,4,linux,BIC
32a267e9c057e1636e7afdd20599aa5741a73079,8,0,1,1,linux,BFC
6b6948dda798637aea237df0d0c8bcba8fa653bc,0,0,2,1,linux,BFC
e453df44f0d6574e99fae990c89a22c6ec6bbb62,307,0,0,3,linux,BIC
dbe3ece1287dafe4113c64ada3113c39f344c64a,18,6,7,2,linux,BFC
b5be853181a8d4a6e20f2073ccd273d6280cad88,1,0,0,1,linux,BFC
3a240b21b5ccb77fcbece7a617f333cd31097776,1,0,1,1,linux,BFC
5f4c8cafe1148f8a91287072815df8f0b66f0e5c,0,0,8,1,linux,BFC
d4953f7ef1a2e87ef732823af35361404d13fea8,1,0,3,2,linux,BIC
4b83a9049a983b20b1ec2757727c5e39f5847ad2,0,0,3,2,linux,BFC
8842604446d1f005abcbf8c63c12eabdb5695094,3,0,3,1,linux,BIC
4837fe37adff1d159904f0c013471b1ecbcb455e,12,0,6,4,linux,BFC
a21ee6055c30ce68c4e201c6496f0ed2a1936230,13,4,39,6,linux,BIC
299c2a904b1e8d5096d4813df6371357d97a6cd1,0,0,1,1,linux,BFC
d5ff18bcd4b5e66396eab7e8271172157ee1253e,0,0,2,1,linux,BFC
83d4ca8148fd9092715fd8ef75b30bbfd67fd2a9,3,1,2,1,linux,BIC
5cb8db4a4cbc6dff56959a6331e9d62fd461f719,833,0,3,8,linux,BIC
15893fa40109f5e7c67eeb8da62267d0fdf0be9d,63,16,0,1,linux,BIC
1d23d16a88e6c8143b07339435ba061b131ebb8c,0,0,8,1,linux,BIC
76cc33d79175a1b224bf02d3ff6c7be53fc684d5,2,3,17,1,linux,BIC
6ebf75774f823ddbdbd10921006989d4df222f4a,0,0,1,1,linux,BFC
a350d2e7adbb57181d33e3aa6f0565632747feaa,0,0,1,1,linux,BFC
b76becde2b84137faa29bbc9a3b20953b5980e48,35,0,5,1,linux,BFC
282d8998e9979c2186af7f7d22366f2fc3149838,36,0,6,2,linux,BIC
320bdbd816156f9ca07e5fed7bfb449f2908dda7,0,0,2,1,linux,BFC
8c473dd61bb55f4d1576b50947b54d101553517b,39,0,26,1,linux,BIC
7948d301c24887a27ff560ca91f8b4cf4cd8e0c8,0,0,1,1,linux,BFC
982b7c140ecd0a5607df24706252f2d34377a959,8,5,5,1,linux,BFC
11af96a47beda880e07b6f2f68efaae60794ae78,21,0,0,3,linux,BFC
abeb2e9414d7e3a0d8417bc3b13d7172513ea8a0,3,0,0,1,linux,BFC
68905a14e49c97bf49dacd753e40ddd5b254e2ad,2140,0,0,1,linux,BIC
54ff9ef36bdf84d469a098cbf8e2a103fbc77054,23,59,28,11,linux,BIC
856f5b135758ad80053a49f7ce9d1dc0166e3006,69,0,0,4,linux,BIC
a5397d68b2dbdb8f725ab2ff420171fbde39dbe5,1,0,1,1,linux,BFC
a746407af158e0c9a5f1078a3b3de11b0c77cf03,1,0,1,1,linux,BFC
bd976e52725965ddcceb9abecbcc7ca46863665c,20,18,26,12,linux,BIC
478ece9573f04aed834e05e0bbf034320d240f9f,1,0,0,1,linux,BFC
d8aa7eea78a1401cce39b3bb61ead0150044a3df,35,0,2,3,linux,BIC
79d2c8bede2c93f9432d7da0bc2f76a195c90fc0,76,0,0,2,linux,BIC
eb441337c7147514ab45036cadf09c3a71e4ce31,21,53,2,1,linux,BFC
c8508713c71c21f5a16469dcc75ffb4381fbfeb4,2,0,0,1,linux,BFC
ca6c21327c6af02b7eec31ce4b9a740a18c6c13f,90,4,39,3,linux,BFC
c96b63a6a7ac4bd670ec2e663793a9a31418b790,1,0,4,1,linux,BFC
47c1b19c160fe1641469c145dba78fbbe48b996a,120,0,1,1,linux,BIC
341b29b9cd2fa470f2a2a55d7ef07cc167be93da,0,22,3,1,linux,BIC
4b200b4604bec3388426159f1656109d19fadf6e,1,0,1,1,linux,BFC
fff8c10368e64e7f8960f149375c12ca5f3b30af,2,0,0,1,linux,BFC
90a88d6ef88edcfc4f644dddc7eef4ea41bccf8b,2,0,2,1,linux,BFC
9df085f3c9a2d4658a9fe323d70c200aa00ede93,28,1,3,2,linux,BIC
9a43be9cedd516f188e6333d3b43402386723eff,0,0,1,1,linux,BFC
31e33a5b41bb158f27c30e13b12d6e5e6513ea05,3,35,6,2,linux,BFC
c17852a8932f70d5ba3a487f52a7379e3b73cf30,27,0,1,3,linux,BIC
2761121af87de45951989a0adada917837d8fa82,3,0,0,1,linux,BFC
ad07dfcddf1394e6fed094e7fb426b4242a6814e,31,17,3,5,linux,BFC
78ddb79cab178534b2c1d9ab95823f2af882ee8e,1,1,3,1,linux,BFC
4bc034d35377196c854236133b07730a777c4aba,25,82,37,2,linux,BFC
b6da197a2e9670df6f07e6698629e9ce95ab614e,0,0,1,1,linux,BFC
fc539459e900a891dda5b586d7b5e3fd5db14218,33,0,0,2,linux,BIC
155f0ac2c96bc5dbfa26c14b397915443980e01d,0,5,0,2,linux,BIC
851e99ebeec3f4a672bb5010cf1ece095acee447,2,1,1,1,linux,BFC
3cc2c646be0b22037f31c958e96c0544a073d108,209,95,27,2,linux,BFC
f5cc9ace24fbdf41b4814effbb2f9bad7046e988,23,5,4,1,linux,BFC
7c7900f89770d7fba96100d8a9e18043a1af3973,209,0,0,3,linux,BIC
198bc3252ea3a45b0c5d500e6a5b91cfdd08f001,0,0,1,1,linux,BFC
6d07d1cd300f4c7e16005f881fea388164999cc8,0,0,1,1,linux,BIC
de462e5f10718517bacf2f84c8aa2804567ef7df,50,15,2,1,linux,BIC
f3c893e3dbb5d94f94072f7b1f2a8aece6240e7e,14,0,2,1,linux,BIC
3b24d854cb35383c30642116e5992fd619bdc9bc,49,78,85,10,linux,BIC
18734958e9bfbc055805d110a38dc76307eba742,148,14,14,1,linux,BIC
a70d9245759a48e57bb1dc9f63213dcf3017db32,1147,0,2,1,linux,BIC
1fb17dfc258ff6208f7873cc7b8e40e27515d2d5,4,0,4,1,linux,BFC
3b17fbf87d5dadf123d328ab072334da285748c1,28,0,12,3,linux,BIC
7d82bf3419c103dbb730e7834186fc5d577b9da1,0,2,2,1,linux,BFC
6b9cb42752dafba3761dde0002ca58ca518b6311,16,0,2,2,linux,BIC
7c2763c42326a071220077513a9cae90db46b818,29,17,18,9,linux,BIC
fd3b6975e9c11c4fa00965f82a0bfbb3b7b44101,0,0,1,1,linux,BIC
eb100b8fa8e8b59eb3e5fc7a5fd4a1e3c5950f64,0,0,1,1,linux,BFC
585625c955b1dcdda55036bee6fbda5bc5d97bd2,95,0,3,1,linux,BIC
8dea75e11380fc59656fe965766ac192a831455f,190,34,56,2,linux,BIC
e4912459bd5edd493b61bc7c3a5d9b2eb17f5a89,1,0,1,1,linux,BFC
b665d98edc9ab295169be2fc5bb4e89a46de0a1a,0,7,4,1,linux,BIC
a872ab303d5ddd4c965f9cd868677781a33ce35a,13,0,1,2,linux,BFC
9fd229c478fbf77c41c8528aa757ef14210365f6,6,2,4,1,linux,BFC
3ae30f4ce65e9d4de274b1472169ab3c27f5c666,1,0,0,1,linux,BFC
25f2d0e7791e71cc89c58a7c2231768ad200764b,3,0,13,1,linux,BFC
84168d1b54e76a1bcb5192991adde5176abe02e3,8,0,0,1,linux,BFC
330dada5957e3ca0c8811b14c45e3ac42c694651,0,0,1,1,linux,BFC
be7e87f92b5802df9302af7856990172091a385f,41,24,10,4,linux,BIC
016d1ca3f6ad05676fd9e418715ddce1f4ab5a73,2,0,1,1,linux,BFC
fa91e4aa1716004ea8096d5185ec0451e206aea0,0,3,10,1,linux,BFC
0cdea4455acd350a7f62406478e3d6d1f764cef9,110,14,5,2,linux,BIC
21a447637d28eb824a1163c1fc5f41ffa4b28e33,1,0,1,1,linux,BFC
576680cd014b5c6fd6d50abd8a43af83b016088f,3,0,0,1,linux,BFC
6ff958edbf39c014eb06b65ad25b736be08c4e63,12,0,2,5,linux,BIC
df3654236e31f6cf425ed2ee5a74ceac366a7a9e,3093,0,0,5,linux,BIC
23566c3798f315058862564ab3d01882316054eb,0,3,0,1,linux,BFC
b069b37adb1472b58f44606c8bdfe9d8da71a28c,28,0,10,2,linux,BFC
9b2d9f05cddfee7ff7d5f0bdf6970ba1d2e794da,11,0,0,3,linux,BIC
ddde3c18b70061cc09b84a52624909349c212822,16,3,1,2,linux,BIC
433986c2c265d106d6a8e88006e0131fefc92b7b,3,0,0,1,linux,BFC
730926c3b0998943654019f00296cf8e3b02277e,157,21,25,6,linux,BIC
5d917cba3201e5c25059df96c29252fd99c4f6a7,1,0,0,1,linux,BFC
822703354774ec935169cbbc8d503236bcb54fda,2,3,10,4,linux,BFC
7e5b5ef8dca3229a5226eabf53bdc7b67ebd07ad,16,2,6,2,linux,BIC
8a7b1227e303d7e927214ee0f260041aef44bb58,0,2,0,1,linux,BIC
aafd56fc79041bf36f97712d4b35208cbe07db90,0,1,0,1,linux,BFC
67aa27431c7f871962fccdb70ae1f3883691e958,360,1760,50,9,linux,BIC
f66a6a69f97a24546664541237a82b288c2713f6,39,0,16,5,linux,BIC
3b1b975003e4a3da4b93ab032487a3ae4afca7b5,462,44,14,4,linux,BIC
c069d2756c01ed36121fae6a42c14fdf1325c71d,4,0,1,1,linux,BFC
a1166b2653db2f3de7338b9fb8a0f6e924b904ee,92,0,4,2,linux,BIC
9e3d6223d2093a8903c8f570a06284453ee59944,35,0,8,3,linux,BIC
674c242c9323d3c293fc4f9a3a3a619fe3063290,1,0,0,1,linux,BIC
50be28de6febbec4535fad2cf0870afbc524e735,0,1,6,3,linux,BFC
448d479747b85eb2e284c29622d31f5485db6819,0,4,15,1,linux,BIC
8f59ee9a570c2e9dec2b934d924264a64230d5d0,33,29,9,5,linux,BIC
8ff590903d5fc7f5a0a988c38267a3d08e6393a2,640,0,0,1,linux,BIC
215ab0f021c9fea3c18b75e7d522400ee6a49990,2,0,0,1,linux,BFC
a62fbccecd62bacb4416fc427239f5b43b25d05e,60,39,26,8,linux,BIC
1b0008450f23632b029e9fde9a71be90f119ec35,0,0,2,1,linux,BFC
141e70fef4eea939a78b62517bda9ea01d936aad,30,12,1,1,linux,BIC
c8e5695eae9959fc5774c0f490f2450be8bad3de,59,1,11,2,linux,BIC
05da45583de9b383dc81dd695fe248431d6c9f2b,230,0,32,6,linux,BIC
05b849111c07454fd2f5b074ca7eb56ccdb8828c,166,14,12,4,linux,BIC
8f96a5bfa1503e0a5f3c78d51e993a1794d4aff1,2,0,8,1,linux,BIC
a5df70c354c26e20d5fd8eb64517f724e97ef0b2,34,0,7,1,linux,BIC
babf985d1e1b0677cb264acd01319d2b9c8f4327,5,11,1,1,linux,BFC
f25e1392fdb556290957142ac2da33a02cbff403,0,0,1,1,linux,BIC
6a2aeab59e97101b4001bac84388fc49a992f87e,1,1,0,1,linux,BFC
6088beef3f7517717bd21d90b379714dd0837079,3,0,1,1,linux,BFC
858259cf7d1c443c836a2022b78cb281f0a9b95e,681,104,34,11,linux,BIC
f14f4e621b1b4a33ea4af5ca95a8169a8d2c598c,135,0,1,1,linux,BIC
48d9b0d43105e0da2b7c135eedd24e51234fb5e4,2,3,2,2,linux,BIC
6a29ab57f4e903264ea7b6663352244379c0a8e5,0,2,0,1,linux,BFC
d2ee2cfc4aa85ff6a2a3b198a3a524ec54e3d999,1,0,1,1,linux,BFC
73e6551699a32fac703ceea09214d6580edcf2d5,23,0,2,1,linux,BFC
a33547cc764ca994d27a8fcc5fc61fbf4b2f7361,0,0,1,1,linux,BFC
9d9cdbf3f9edbcc0d4f2b4d17f3329315c5f84ad,1,0,1,1,linux,BFC
86464859cc77ecfd989ad5c912bef167b1128b0b,520,0,0,1,linux,BIC
2afe38d15cee01b2bb8f22383571f7f4a95f2d99,6,0,11,3,linux,BIC
14ba87304bf98a0a0c069708bb14e92a616420d1,0,64,73,3,linux,BIC
7c7fedd51c02f4418e8b2eed64bdab601f882aa4,0,0,1,1,linux,BFC
e404f945a6101a6f0f2a29aade6dc32015471daa,51,30,58,14,linux,BIC
161c51ccb7a6faf45ffe09aa5cf1ad85ccdad503,0,7,1,1,linux,BFC
91d9ed8443b88cc50b81cf5ec900172515270f6f,4,0,0,1,linux,BFC
d84e7bc0595a7e146ad0ddb80b240cea77825245,2,0,1,1,linux,BFC
24157bc69f45e8340af5ed72422afe8a248e0153,171,6,4,4,linux,BIC
762c330d670e3d4b795cf7a8d761866fdd1eef49,15,0,0,1,linux,BIC
de19433423c7bedabbd4f9a25f7dbc62c5e78921,2,3,10,2,linux,BFC
e929e3da537e3c2d97aabbd00530040997dde9ce,12,2,27,1,linux,BFC
8a2b307c21d4b290e3cbe33f768f194286d07c23,0,0,1,1,linux,BFC
e4d71f79cf5c10fa8bc6f5d3bebea570c9c438f1,0,0,2,1,linux,BFC
e5d76075d9300a483619f7f308a693311af9c2cb,255,0,0,2,linux,BIC
116984a316c3a3200f8a7912110cc4a6d6c0989e,0,0,2,1,linux,BIC
18858511fd8a877303cc34c06efa461b26a0e070,2,0,1,1,linux,BFC
5422e95103cf9663bc86cf1056a3ea44c2e2f09e,89,0,12,5,linux,BIC
ee0a49a6870ea75e25b4d4984c1bb6b3b7c65f2b,0,0,7,1,linux,BIC
2c7230446bc90bc883890007e2a5da60c399e88a,27,0,0,1,linux,BIC
5b5ab1bfa1898c6d52936a57c25c5ceba2cb2f87,0,0,1,1,linux,BFC
19a8d6b7604df85402deecae01d7861cb1d40c89,4,2,58,32,linux,BFC
8e0d09b1232d0538066c40ed4c13086faccbdff6,1,1,1,1,linux,BFC
bb08a7d489bd22a9b6e489f8c8449b0bc92594d0,1,0,1,1,linux,BIC
def97da136515cb289a14729292c193e0a93bc64,2,2,0,1,linux,BFC
411a99adffb4f993eee29759f744de01487044ac,2,10,4,2,linux,BIC
290af86629b25ffd1ed6232c4e9107da031705cb,34,2,2,4,linux,BIC
0812545487eca362126cc1ef6b7798ecac693629,49,0,4,2,linux,BIC
809232619f5b15e31fb3563985e705454f32621f,1,0,4,1,linux,BFC
dc88e34d69d87c370deaa9d613dac8e3a0411f59,2,0,0,1,linux,BIC
b63e132b6433a41cf311e8bc382d33fd2b73b505,15,0,15,1,linux,BFC
3894e9e82dfdc87fa35dc7976e0472d220228826,0,0,1,1,linux,BFC
425cf5c1350a98b81f3ddda160b99c3be613a213,3,0,0,1,linux,BFC
c5b635203032462603c503ecce91a7021c1ad44a,1,0,0,1,linux,BFC
2919fa54ef643364eab69bfff5a72e4aa50d3e39,792,0,0,2,linux,BIC
e59f755ceb6d6f39f90899d2a4e39c3e05837e12,0,0,1,1,linux,BFC
059d2a1004981dce19f0127dabc1b4ec927d202a,0,2,0,1,linux,BFC
54f180d3c181277457fb003dd9524c2aa1ef8160,5,0,13,3,linux,BIC
1f0819979248bfc995e392bb1f4e2a508ecef0f4,0,0,1,1,linux,BIC
a79ebea620109cf5e58711077177b34d60960898,7,0,28,4,linux,BIC
e63b063ecd248ad9f54a961ddf2a6d97da944456,0,0,4,3,linux,BFC
6c503d0d88db9d57c1dc4c87175c94766b6a6c61,0,3,18,1,linux,BFC
b5ab1f1be6180a2e975eede18731804b5164a05d,1,0,0,1,linux,BFC
34c0989c05314b0288b058a4d1f6e58e2d320929,0,0,1,1,linux,BFC
a37f232b7b65789cadc9834d389f6390de11b583,148,0,0,2,linux,BIC
e1d85334d62386e9503e4a0d5d022e2d8e0011a0,0,0,5,1,linux,BFC
c80ca4707d1aa8b6ba2cb8e57a521ebb6f9f22a2,10,0,1,1,linux,BFC
836df24a7062719002f4246019b44cc2c5184830,0,0,2,1,linux,BFC
4fdd5b4e9aba5fbbc6d3072a5a87fa1d3f3fc030,26,12,5,5,linux,BFC
887feae36aee6c08e0dafcdaa5ba921abbb2c56b,139,0,32,12,linux,BIC
c470bdc1aaf36669e04ba65faf1092b2d1c6cabe,1,0,1,1,linux,BIC
d6d261bded8a57aed4faa12d08a5b193418d3aa4,5,0,0,2,linux,BIC
0237616173fd363a54bd272aa3bd376faa1d7caa,0,0,3,1,linux,BFC
0c958ecc69c277b25f38f72bc6d18ab145e8167c,0,0,4,2,linux,BFC
ffa3fd21de8ab0db7962b612d4c6e17c0d88e9c2,29,0,3,2,linux,BIC
a2ca752055edd39be38b887e264d3de7ca2bc1bb,0,2,0,1,linux,BFC
73d5e2b472640b1fcdb61ae8be389912ef211bda,9,0,0,1,linux,BIC
15d28d0d11609c7a4f217b3d85e26456d9beb134,6,9,6,1,linux,BFC
696beef77521d3e418a2780859d1522c3c39d9b5,0,0,1,1,linux,BIC
5be2a5011c039506e2862650c928acfb2e3d7b9c,0,0,1,1,linux,BFC
f5c2f0215e36d76fbb9605283dd7535af09f5770,10,0,1,1,linux,BIC
7ef969a042281bdcdba31f1b69daeea4f0789ed1,28,13,0,2,linux,BFC
919e3bd9a87593520a2c5dfda27bd3e6599852ed,63,0,0,4,linux,BIC
d279505b723cba058b604ed8cf9cd4c854e2a041,7,0,0,2,linux,BFC
999e4bf1d736611b84b6b695531ce29b9319241f,0,0,1,1,linux,BFC
312ec92daee499f4f1be86aaf07d6d9bfdaed795,0,0,1,1,linux,BFC
6c6da92808442908287fae8ebb0ca041a52469f4,3,0,3,1,linux,BFC
24af7c34b290dc0da62349dfb050bb4a8e16c6c1,1,197,1,4,linux,BIC
5765cee119bf5a36c94d20eceb37c445508934be,17,0,4,1,linux,BFC
4b6ab94eabe4f55371cff4569750bb3996c55db6,0,0,55,59,linux,BIC
d77c555d325d6ece7d352995c97460988c152f58,0,0,3,3,linux,BFC
370d9192719e6c174167888cf9240df2542e3b4b,0,0,1,1,linux,BFC
e624e6c3e777fb3dfed036b9da4d433aee3608a5,215,0,0,1,linux,BIC
2cd8b14aaa667f5c6b7918e8d769872fa9acb0ac,11,106,26,2,linux,BIC
98ceba7559280cdd09feccc7af4406d93187fbfb,1,0,0,1,linux,BFC
58e207e4983d7acea39b7fbec9343d8a6d218a18,5,0,0,1,linux,BFC
1babaf77f49d7d8b6991ac948ef24899aa15eca4,220,31,18,2,linux,BIC
b19062a567266ee1f10f6709325f766bbcc07d1c,12,0,0,1,linux,BIC
2beb4a53fc3f1081cedc1c1a198c7f56cc4fc60c,27,6,5,2,linux,BFC
d670ffd87509b6b136d8ed6f757851a8ebe442b2,0,17,2,1,linux,BFC
139c949f7f0ac0dd1c0da132675be80e6d76c65d,28,3,4,4,linux,BIC
9cd20ef7803cc53a00c6eb7198b3d870ac7b3766,69,0,3,6,linux,BIC
28158cd1b75180343efa7c4d7d2f8e74ccc63b8f,55,0,0,1,linux,BIC
ff27668ce8092c74965f21b5c02ebc6b6764db95,5,3,6,3,linux,BIC
30d2617fd7ed052c30d1c21ddd4af4703d922be8,56,0,1,1,linux,BIC
53f474e6a8d74d5dc0c3a015d889471f9a157685,5,0,1,1,linux,BFC
11a0b5e0ec8c13bef06f7414f9e914506140d5cb,0,0,1,1,linux,BFC
54fde91f52f515e0b1514f0f0fa146e87a672227,5,0,8,1,linux,BFC
3d3e88e336338834086278236d42039f3cde50e1,0,1,6,1,linux,BFC
7b6586562708d2b3a04fe49f217ddbadbbbb0546,0,1,0,1,linux,BFC
e57725eabf87c9c75bc73bd19ea00e887155e43f,131,0,2,2,linux,BIC
7fa32329ca03148fb2c07b4ef3247b8fc0488d6a,26,2,19,1,linux,BIC
9b6bf4d6120adfe8c631830dbe1c7c6c64e07ce5,1,0,0,1,linux,BFC
609be1066731fea86436f5f91022f82e592ab456,14,18,61,19,linux,BIC
8172f41859cf7516e73eb957297e6752b3073119,0,0,1,1,linux,BFC
2f10f1a7884e97a68e52c4b6f7866e29cf3fe7e6,10,2,1,2,linux,BFC
719f82d3987aad4cc9f46d19c35f362672545cad,18401,0,0,23,linux,BIC
1bb7ab402da44e09b4bb3f31cfe24695cdb1b7df,3,0,1,1,linux,BFC
a8ae0a773d38b4b1d4566b0edcb6bb63f4a9d22f,0,2,0,1,linux,BFC
9144adc5e5a99577bce0d4ee2ca3615f53b9d296,7,1,10,3,linux,BIC
f8c7f7ddd8ef0855d06cff5d1cc7713b556006a7,743,0,0,1,linux,BIC
6700acc5f1fe97b5705832f2678cba9e9756a0dc,36,9,14,2,linux,BIC
8497376707be6d2ab30f6d6662f42ab0c15d2ba1,19,1,5,1,linux,BFC
9d0c75bf6e03d9bf80c55b0f677dc9b982958fd5,1,2,2,1,linux,BFC
50e09460d9f8dee9fbaaa3194c7921753d75cd96,43,0,6,1,linux,BIC
7ff4034e910fe00a90d985f0d05bacf60c162f02,0,0,1,1,linux,BFC
e9d4f0b9f55920821845b8e063ed593422c18d8a,5,0,2,1,linux,BIC
d13e36d7d2227e6fe91bc063d473f97d43f9442f,933,0,0,7,linux,BIC
05eb06d86685e7d9dac60e6bbb46d7f4c30b056e,38,20,9,5,linux,BFC
4eb6a3bdb4629b610a39dd222a0170c72ef1c690,7,0,4,1,linux,BFC
98732d1b189b626a7593afd02dc3d2dc3f6c545a,0,6,6,1,linux,BIC
da343fc776e0bcb238b65d9d24610819b95d0ef4,0,1,1,1,linux,BFC
29a5d29ec181ebdc98a26cedbd76ce9870248892,42,0,6,2,linux,BIC
d6c75c295f67b26fad8ba2e72db80e0f744e9da9,0,0,8,4,linux,BFC
bab0557c8dca97b651a09a987337dbb55945d534,16,0,2,2,linux,BIC
c0a636e4cc2eb39244d23c0417c117be4c96a7fe,0,0,1,1,linux,BFC
2cefe4dbaadf83b236caab46705b4b5a4958e3b6,50,0,0,2,linux,BIC
b975abbd382fe442713a4c233549abb90e57c22b,2,0,1,1,linux,BFC
2aed489d163a6559e07dbc238882c9970ae0f65b,2,0,0,1,linux,BFC
e9f930ac88a8936ccc2d021110c98810cf5aa810,2,0,1,1,linux,BFC
cf6b83664895a5c7e97710df282e220bd047f0f5,20,18,16,2,linux,BIC
f2e383b5bb6bbc60a0b94b87b3e49a2b1aefd11e,7,1,11,4,linux,BFC
a089439478734a6a0aa2eabbc03113e0c34db282,575,0,0,1,linux,BIC
6929cb00a5017633aa54c6a9071cc0abfd573b47,29,0,0,1,linux,BIC
b9cf625d6ecde0d372e23ae022feead72b4228a6,0,1,2,1,linux,BFC
4a267aa707953a9a73d1f5dc7f894dd9024a92be,1,0,1,1,linux,BFC
6b0431d6fa20bd1b600a1e6df76bf7425fe178b5,195,78,82,4,linux,BIC
344717a14cd7272f88346022a77742323346299e,2,0,6,1,linux,BFC
e1cbbfa5f5aaf40a1fe70856fac4dfcc33e0e651,33,0,2,1,linux,BIC
8aa64be019567c4f90d45c5082a4b6f22e182d00,0,0,2,1,linux,BFC
9ec092d2feb69045dd289845024301fb91c064ee,69,8,8,1,linux,BIC
0ae3eb7b4611207e140e9772398b9f88b72d6839,228,41,99,1,linux,BIC
1397a2eb52e20e20363cc0a1cb707d5eb473dbb7,258,1,32,4,linux,BIC
a600852a9d00be08c539307a42729fd46b0a654e,2,0,4,1,linux,BFC
b94ba0328d3b36ff95f5074c0e9b44f90dc56bb5,103,0,0,1,linux,BIC
c11e99396d0f77b5a6adc25f7c7bd84750194724,1,0,1,1,linux,BFC
f844eb485eb056ad3b67e49f95cbc6c685a73db4,422,0,135,12,linux,BIC
ade8a86b512cf8db0d0e975a971ce356953cfcb3,19,0,2,4,linux,BIC
39be40ce066da4d5d59bf53f72b914018bc84029,0,0,3,1,linux,BIC
7709b0dc265f28695487712c45f02bbd1f98415d,0,0,1,1,linux,BFC
7afeb84d14eaaebb71f5c558ed57ca858e4304e7,15,0,17,1,linux,BFC
9c9a3b9da891cc70405a544da6855700eddcbb71,21,5,5,3,linux,BIC
7dd3876205df92e07d824fe2264b38e0b8a9eec1,6,1,12,1,linux,BFC
59e1947ca09ebd1cae147c08c7c41f3141233c84,4,0,4,1,linux,BFC
2e72448b07dc3ff1b7593e9bfff91db182262857,305,0,0,9,linux,BIC
0c6949c3d1b284d90473834f2fb865368a12f30a,4,2,9,1,linux,BFC
f5deb79679af6eb41b61112fadcda28b2a4cfb0d,59,40,5,2,linux,BIC
443dc85ad13eeb0340fa3a555c04a6c04c9b61ed,6,3,4,4,linux,BFC
faf79934e65aff90284725518a5ec3c2241c65ae,0,0,2,2,linux,BFC
7227ff4de55d931bbdc156c8ef0ce4f100c78a5b,0,7,8,4,linux,BFC
f9df085ce1be5c599e4df590ff7ba853786c6d95,1,0,0,1,linux,BFC
4f7f5551a760eb0124267be65763008169db7087,8,6,15,1,linux,BFC
8aa6348634d1bc81801329e6ea98cd88ec07fb10,0,0,1,1,linux,BFC
49f39cb0ef198ae3c73765c9b9ee3034e4c9f076,1,0,3,2,linux,BFC
4363890079674db7b00cf1bb0e6fa430e846e86b,0,0,13,1,linux,BFC
55b71f6c29f2a78af42dd453dfed895eba516cb4,2,0,3,1,linux,BFC
8fbf28934acfdac08073a2d5697c7cacae8d3997,8,0,0,1,linux,BFC
4f566194cec37d5abe0a18f9d9bb013b4bc3496b,0,0,4,1,linux,BFC
8083b1bf8163e7ae7d8c90f221106d96450b8aa8,114,2,18,1,linux,BIC
8832317f662c06f5c06e638f57bfe89a71c9b266,3,0,0,1,linux,BFC
444d66a23c1f1e4c4d12aed4812681d0ad835d60,0,0,2,1,linux,BFC
40f39777ce4f8e65ca16c10f1b895bbe8306a42f,0,97,51,1,linux,BIC
a7a12b5a0f950bc6b9f7153390634ea798738db9,0,0,1,1,linux,BFC
2874b7911132f6975e668f6849c8ac93bc4e1f35,2,0,0,1,linux,BFC
fc16f56b7bfd5bfe812ba2cd3a4c8943977e8306,14,10,0,1,linux,BFC
5dd0b16cdaff9b94da06074d5888b03235c0bf17,0,2,0,1,linux,BIC
95582b00838837fc07e042979320caf917ce3fe6,103,1,345,79,linux,BIC
4ade0818cf048bb166e875ed4f8b456e6c2c7b3c,91,2,8,4,linux,BIC
8ed716ca7dc91f058be0ba644a3048667a20db13,0,0,2,1,linux,BFC
bff1b208a5d1dbb2355822ef859edcb9be0379e4,8,14,20,5,linux,BIC
028822b714bd3a159d65416c53f1549345b53d9e,1,0,0,1,linux,BFC
ee142889e32f564f9b5e57b68b06693ec5473074,37,1,12,2,linux,BIC
6df0580be8bc30803c4d8b2ed9c2230a2740c795,14,0,3,4,linux,BIC
76551a3c3df151750a842b003c6899e9c62e0fd2,16,0,7,2,linux,BIC
c84750906b4818d4929fbf73a4ae6c113b94f52b,2,2,2,1,linux,BFC
d291f1a6523292d916fe1659c67f6db061fbd1b5,888,0,8,10,linux,BIC
91f9e850d465147197280cbeaf51d3fb51f61ca0,33,0,3,1,linux,BIC
49e6979e7e92cf496105b5636f1df0ac17c159c0,1,0,1,1,linux,BFC
e55f3c37cb8d31c7e301f46396b2ac6a19eb3a7c,1,0,1,1,linux,BFC
17c3060b1701fc69daedb4c90be6325d3d9fca8e,1,0,0,1,linux,BFC
2a9e9857473bfc5721092ff274bc1e371e5a0d2f,28,17,10,5,linux,BIC
3fe6e52f062643676eb4518d68cee3bc1272091b,19,91,8,5,linux,BIC
173632358fde7a567f28e07c4549b959ee857986,1,0,0,1,linux,BFC
1f71addd34f4c442bec7d7c749acc1beb58126f2,0,0,5,1,linux,BFC
20f829999c38b18e3d17f9e40dea3a28f721fac4,48,43,3,2,linux,BIC
6b16cf7785a4200b1bddf4f70c9dda2efc49e278,25,0,18,2,linux,BIC
efd9e03facd075f5b76bf82e6c785bd45d5cbf4f,16,0,3,3,linux,BIC
ec18e8455484370d633a718c6456ddbf6eceef21,2,0,11,1,linux,BIC
3f127ce11353fd1071cae9b65bc13add6aec6b90,0,0,1,1,linux,BFC
55cafd4ba42cf495268f955dd38e277fc4b4381e,0,0,1,1,linux,BFC
71fbe886ce6dd0be17f20aded9c63fe58edd2806,0,0,1,1,linux,BFC
b91fbdc1df15befb3e51b9795b15d71fa4298602,0,0,1,1,linux,BFC
41657e5507b13e963be906d5d874f4f02374fd5c,0,0,1,1,linux,BFC
38987a872b313e72f7a64e91ec0b8084eaec0f10,0,0,1,1,linux,BFC
97e24b095348a15ec08c476423c3b3b939186ad7,4,0,1,1,linux,BFC
32ad11127b95236dfc52375f3707853194a7f4b4,0,0,2,1,linux,BFC
5d26a6a6150c486f51ea2aaab33af04db02f63b8,2,0,0,1,linux,BFC
4a630fadbb29d9efaedb525f1a8f7449ad107641,3,0,3,1,linux,BIC
5c166bef4fa138da45d756dc77a8cb29fced1714,7,0,2,1,linux,BFC
4f838ab2081260119677df3ba94dbbd4f8cb7183,174,0,0,3,linux,BIC
4d712ef1db05c3aa5c3b690a50c37ebad584c53f,5,1,5,2,linux,BIC
8f4e3d48bb50765ab27ae5bebed2595b20de80a1,0,2,4,1,linux,BFC
2f5bc307be2480ba89e4c5d118f406f04a4a7299,3,0,0,1,linux,BFC
a00593737f8bac2c9e97b696e7ff84a4446653e8,1,0,1,1,linux,BFC
8878b126df769831cb2fa4088c3806538e8305f5,1339,1,25,3,linux,BIC
7423e01741dd6a5f1255f589145313f0fb1c8cbe,21,1,10,2,linux,BIC
c031d3de80a4f6127fc7b953fdaeead934e61c1a,4,3,0,1,linux,BFC
f4ca2e2595d9fee65d5ce0d218b22ce00e5b2915,4,0,6,1,linux,BFC
0104d52a6a69b06b0e8167f7c1247e8c76aca070,0,1,0,1,linux,BFC
8075c3005e4b1efa12dbbf6e84bc412a713de92c,1,0,0,1,linux,BFC
626f971b5b07298e24359999970d0f758253af1e,55,0,0,1,linux,BIC
444261ca6ff201fa03de97a5041237e67a9d8d31,0,2,1,1,linux,BFC
78ce248faa3c46e24e9bd42db3ab3650659f16dd,11,28,28,9,linux,BIC
82e5d378b0e4736899e7f8f9f0f03138228f9a45,19,12,9,1,linux,BIC
461d8deb26a7d70254bc0391feb4fd8a95e674e8,11,0,2,1,linux,BIC
382d8dfe8b1b4eb3b3f9f830ef52b58780290d32,0,0,1,1,linux,BFC
b0bd407e94b036d597c6060d64c22094ff85b13c,813,0,0,1,linux,BIC
ead165fa1042247b033afad7be4be9b815d04ade,65,5,64,1,linux,BIC
c42d28ce3e16dbd88e575c0acfda96d221dae2c9,1,3,10,4,linux,BFC
4d9570158b6260f449e317a5f9ed030c2504a615,0,0,1,1,linux,BFC
ac33906c67e22edeabe3f0150ffeb367462e754f,9,1,3,1,linux,BIC
6e1caaf8ed22eb700cc47ec353816eee33186c1c,0,0,1,1,linux,BIC
38b7631fbe42e6e247e9fc9879f961b14a687e3b,12,0,2,3,linux,BIC
4e16f283edc289820e9b2d6f617ed8e514ee8396,0,0,1,1,linux,BFC
1fc3b37f34f69ee3fd61ca624fc005fb0bfe3984,498,0,0,1,linux,BIC
f255935b976729dbd8ddd079b96ddb6ecb1895bc,0,2,10,1,linux,BIC
464e86b4abadfc490f426954b431e2ec6a9d7bd2,12,2,13,3,linux,BFC
b8f3bff057b017309fbd61fe74712b1f185b5399,6,0,0,1,linux,BIC
aa53e3bfac7205fb3a8815ac1c937fd6ed01b41e,17,4,1,3,linux,BFC
5fb091e8130bdd3649ca80957e59c87defbb13f9,12,0,0,1,linux,BIC
1fc44d9b1afb0afe46acd99bdfdf793805a850e1,99,94,188,18,linux,BIC
bc717d5e92c8c079280eb4acbe335c6f25041aa2,0,2,4,1,linux,BFC
e5dec38ac5d05d17a7110c8045aa101015281e4d,17,0,1,1,linux,BFC
50db64b090d0f457a3266fe80e2c841eba621b9d,0,0,2,1,linux,BFC
f1342709d18af97b0e71449d5696b8873d1a456c,15,0,12,3,linux,BIC
51a4756519eabb67c8bb94746462b3d4e72213ce,0,0,1,1,linux,BFC
6900de507cd471492d83aabd48f13abb9c016d4d,0,1,8,1,linux,BFC
9b45a7738eec52bf0f5d8d3d54e822962781c5f2,2,0,0,1,linux,BFC
19b752a19dcec188f404a070f4d4c33607ea493b,53,0,7,1,linux,BIC
ad0c2748059fff13e8295ae91f51073d6c0311b7,25,8,0,1,linux,BFC
7442ddcedc344b6fa073692f165dffdd1889e780,0,0,6,1,linux,BFC
79b2fe5e756163897175a8f57d66b26cd9befd59,0,0,1,1,linux,BFC
97b50a654d5de505ccf972c6b7ea7bfda1c0c475,70,25,24,1,linux,BIC
faa041a40b9fa64913789fcc0161c7c73161f57e,11,5,7,2,linux,BIC
802b7c06adc7186da59110ad136d88919fdb180b,1,33,9,1,linux,BIC
33872d79f5d1cbedaaab79669cc38f16097a9450,1,0,0,1,linux,BFC
996478ca9c460886ac147eb0d00e99841b71d31b,22,8,6,1,linux,BFC
f839f14e24f27ccb1b822dd52f2ff4db340da52a,140,0,0,1,linux,BIC
291b5c9870fc546376d69cf792b7885cd0c9c1b3,0,0,1,1,linux,BFC
987f6c69dd923069d443f6a37225f5b1630a30f2,1,0,2,1,linux,BFC
1fa0f68c9255092c862f9280072ab0b947773b02,37,4,2,2,linux,BIC
6d6dc980e07d1f891cff4fbf7beedc81af800ff5,44,15,43,4,linux,BIC
1240ea0dc3bb7066299689c82ebe2861c90a0254,0,3,5,2,linux,BIC
d1fe85ec7702917f2f1515b4c421d5d4792201a0,1,0,3,1,linux,BFC
ac496bf48d97f2503eaa353996a4dd5e4383eaf0,44,0,9,1,linux,BIC
bc85734b126f813ba46265c2d3a84c8839cb2e54,7,0,0,1,linux,BIC
38db37ba069f9d801ef56b820cfc7c247a7ffc02,136,0,0,4,linux,BIC
5f5560b1c5f3a80e91c6babb2da34a51943bbdec,28,14,5,1,linux,BFC
1558727a1c1b65459cb9ae31f36ace45d56c6767,44,0,0,2,linux,BIC
d109e61bfe7a468fd8df4a7ceb65635e7aa909a0,1,0,1,1,linux,BFC
7781203416ffc4e731619f8a8b93a37599a8f502,0,0,4,1,linux,BFC
f48235900182d64537c6e8f8dc0932b57a1a0638,0,6,10,1,linux,BIC
6a2d2ddf2c345e0149bfbffdddc4768a9ab0a741,33,38,13,16,linux,BIC
d375b356e687f2eefb51ddc3f1f2414cfa498f86,54,12,18,3,linux,BIC
5380e5644afbba9e3d229c36771134976f05c91e,1,0,0,1,linux,BFC
9ae5cc75ceaacf69cc50b9fd4713276c2aa62eb9,9,3,9,2,linux,BIC
7106e02baed4a72fb23de56b02ad4d31daa74d95,2,0,0,1,linux,BIC
49b1255603de5183c5e377200be3b3afe0dcdb86,1,0,0,1,linux,BFC
df3f7a6e8e855e4ff533508807cd7c3723faa51f,21,0,1,1,linux,BIC
0cc61e64e21cfc24fa0d938fd148aba4a595163b,1,0,2,3,linux,BFC
a9901899b649dc80ef75c14d6d78059cae14def7,117,0,4,7,linux,BIC
f511ab09dfb0fe7b2335eccac51ff9f001a32e4a,2,2,0,1,linux,BFC
dd40438fc6be7454c906093fe2a1b69ca98946fb,0,0,1,1,linux,BFC
098507ae3ec2331476fb52e85d4040c1cc6d0ef4,0,0,1,1,linux,BFC
0bc1f8b0682caa39f45ce1e0228ebf43acb46111,4,3,1,1,linux,BIC
11a766ce915fc9f8663714eac6d59239388534ea,0,0,1,1,linux,BIC
509c583620e9053e43d611bf1614fc3d3abafa96,11,0,1,1,linux,BFC
0b698c838e84149b690c7e979f78cccb6f8aa4b9,0,2,1,1,linux,BFC
bdcf0a423ea1c40bbb40e7ee483b50fc8aa3d758,12,1,1,8,linux,BIC
ee92a2099f79d47e1d6d4857ab308f5b15a00549,0,0,2,1,linux,BFC
27871f7a8a341ef5c636a337856369acf8013e4e,388,0,0,2,linux,BIC
e73c23ff736e1ea371dfa419d7bf8e77ee53044a,51,1,33,2,linux,BIC
311eab8d5900ea9088513d4c6b4570058958edb5,7,0,1,1,linux,BFC
e262eb9381ad51b5de7a9e762ee773bbd25ce650,0,0,1,1,linux,BFC
d87ff75863e92a500538ab53318c5740f196631e,7,0,4,1,linux,BFC
185e0bebb44fc1e8978fabac1267c27fbcd16ee2,8,0,3,1,linux,BFC
bed570307ed78f21b77cb04a1df781dee4a8f05a,74,1,14,3,linux,BFC
a9b693cd77d70fb93dad8cbce667a49cd9b87352,71,68,1,1,linux,BIC
f1d3c5323772a215d910aeaf697d210a3671cf81,16,2,2,5,linux,BIC
d709b2a186761bc038c99c2f744c7218f2d249bd,8,0,1,1,linux,BFC
2a813f1aaaf00a7eb65bef8da2fe9fcec0aabaaa,0,0,4,1,linux,BFC
d3a6abccbd272aea7dc2c6f984bb5a2c11278e44,0,4,1,1,linux,BFC
861f92cb9160b14beef0ada047384c2340701ee2,18,0,21,1,linux,BFC
c297493336b7bc0c12ced484a9e61d04ec2d9403,0,18,101,1,linux,BIC
523f11b5d4fd72efb72b04cd7006bfd1d1d4f341,84,63,4,1,linux,BIC
37e117c07b89194aae7062bc63bde1104c03db02,28,0,6,4,linux,BFC
bdcc02cf1bb508fc700df7662f55058f651f2621,1,0,0,1,linux,BFC
68e5fc4a255a7f453b8d156b89d1e37a0ad61465,30,27,6,1,linux,BIC
65c71efe1c59c111a7b9e6d9540f111663b975b2,8,0,2,1,linux,BIC
73714c05df97d7527e7eaaa771472ef2ede46fa3,5,10,2,1,linux,BFC
54d9469bc515dc5fcbc20eecbe19cea868b70d68,64,0,3,1,linux,BIC
758a7f0b32ab890831d321145c3fe72bb85c0350,0,1,2,1,linux,BFC
cedde71cc61bdf5e2f386f06bada29fe9fe11b78,17,0,0,2,linux,BFC
ba44dc04300441b47618f9933bf36e75a280e5fe,624,0,0,2,linux,BIC
68497092bde9f53e35cafeb52fa9a267ebe0d9b1,13,0,5,3,linux,BIC
02f36911c1b41fcd8779fa0c135aab0554333fa5,1,0,0,1,linux,BFC
35f6befc8441d20724a41bafc810b7c8f5a92986,370,14,5,8,linux,BIC
b3f820b905c931a969d7d7cfb30f1ab1b071c425,5,0,1,1,linux,BIC
6556bdacf646fcaa0586123ba85412de1c8f0eee,191,0,8,2,linux,BIC
1bff77f41a805b16b5355497c217656711601282,5,0,2,1,linux,BFC
103a8542cb35b5130f732d00b0419a594ba1b517,7,15,7,3,linux,BFC
c99f0802e42fcd38e84ee4d306691805ebed204f,7,0,1,1,linux,BFC
9f6ce4240a2bf456402c15c06768059e5973f28c,1408,0,0,2,linux,BIC
050fc01fb1d916058605569cd7f4e15152afc3af,0,0,2,1,linux,BFC
ed31ee7cf1fea2463d9600ac91ed74691b88131f,9,3,38,1,linux,BIC
ffe000217c5068c5da07ccb1c0f8cce7ad767435,1,0,6,1,linux,BFC
293ba3b4a4fd54891b900f2911d1a57e1ed4a843,19,30,11,1,linux,BFC
d76d65fd26951498144029c24852c4d54ee512d9,5,0,0,1,linux,BIC
b22ef2a0979f2b91cfeeabb086e4d665183a93a1,0,0,1,1,linux,BFC
b444153fb5a647448c2080ad28656ad183cae4fc,47,0,0,3,linux,BIC
632bfb6323799c087fcb4108dfe59518609667a7,8,8,1,1,linux,BFC
f7aff1a93f52047739af31072de0ad8d149641f3,0,0,4,1,linux,BFC
6613d18e90385db5cdbe32fe47567a3c11575b2d,0,1,0,1,linux,BIC
dd0f0cf58af70dc9267409f113bea772d57f675c,1,2,1,1,linux,BFC
b3c11ac267d461d3d597967164ff7278a919a39f,16,21,66,17,linux,BFC
3504caa17b596c8ec62d923b2ed7d4a19d56d816,0,0,14,1,linux,BFC
b2569260d55228b617bd82aba6d0db2faeeb4116,1,0,0,1,linux,BFC
9798f4ea71eaf8eaad7e688c5b298528089c7bf8,0,2,3,2,linux,BFC
4dd0d5c33c3ebf24a07cae6141648aeb7ba56072,4,0,0,1,linux,BIC
f48e2df8a877ca1c19d92cfd7e74cc5956fa84cb,2,10,23,3,linux,BIC
f7d5991b92ff824798693ddf231cf814c9d5a88b,0,7,0,1,linux,BFC
78a743cd82a35ca0724179fc22834f06a2151fc2,11,1,17,2,linux,BFC
d08f1f0d596c51430ab14d2236f6cc6b0337f5c5,131,0,2,3,linux,BIC
e336d85e5b08c9d206a89b2b95c0c7bb47c64a56,3,0,0,1,linux,BFC
0783ac95b4a09a18e702c8359053762649b34c94,0,0,1,1,linux,BFC
789f558cfb3680aeb52de137418637f6b04b7d22,21,338,48,11,linux,BIC
d460c2718906252a2a69bc6f89b537071f792e6e,21,1,3,3,linux,BFC
1057d35ede5dbf7ed7842357564fb42c9b54ba50,211,0,0,6,linux,BIC
72d1e611082eda18689106a0c192f2827072713c,24,0,19,4,linux,BIC
c205fb7d7d4f81e46fc577b707ceb9e356af1456,16,12,1,3,linux,BIC
dd91642ac71208fe972a9c577ed52b6b3ba7b732,4,0,4,1,linux,BFC
776a39b8196dbca4afb69669db0d9926ffac29ab,3,0,0,1,linux,BIC
4b7da3d808f91cdad3e34059cd68ba3dfe4c3695,12,15,1,2,linux,BFC
6ac311ae8bfb47de09f349e781e26373944d2ee3,12,0,0,1,linux,BIC
8ef49f7f8244424adcf4a546dba4cbbeb0b09c09,3,0,1,1,linux,BFC
4e96c97742f4201edf1b0f8e1b1b6b2ac6ff33e7,22,0,3,2,linux,BIC
54de9af9f0d7a91e898b6e02199be16dc26a4870,0,0,1,1,linux,BFC
8550e2fa34f077c8a87cf1ba2453102bbbc9ade9,1,0,4,2,linux,BFC
18549bf4b21c739a9def39f27dcac53e27286ab5,0,2,2,1,linux,BFC
9f7e62815cf3cbbcb1b8cb21649fb4dfdb3aa016,1,0,0,1,linux,BFC
b8ce1b9d25ccf81e1bbabd45b963ed98b2222df8,5,0,0,1,linux,BFC
79d102cbfd2e9d94257fcc7c82807ef1cdf80322,9,0,0,1,linux,BFC
a629c08fdb98ebb184d745553af9dda4f05941bf,1,1,0,1,linux,BFC
644bda6f346038bce7ad3ed48f7044c10dde6d47,1,5,7,1,linux,BIC
826d253d57b11f69add81c8086d2e7f1dce5ec77,77,0,0,3,linux,BIC
14ae4ec1ee1466b701e0518f9acbb0bbd8ab0684,2,0,5,1,linux,BFC
d0af71a3573f1217b140c60b66f1a9b335fb058b,2,0,0,1,linux,BFC
4f738adba30a7cfc006f605707e7aee847ffefa0,843,7,14,8,linux,BIC
21b97f538765996ac76b3a99adf371d0da5450f9,1,4,2,2,linux,BIC
7b3e42ea2eadd41cc9d6363a9813b8ba8ab6f0e6,63,3,56,13,linux,BIC
129b7532a0edc3f381a6c5f3bb1a155e743d141b,3,0,0,1,linux,BFC
2f0eaad91005b00e774a118595a573a9e0fd30fc,2,2,2,4,linux,BFC
21aa3983d619055cc3ecd0f0ceea4981dc8ee751,11,0,3,1,linux,BIC
12dd19c159659ec9050f45dc8a2ff3c3917f4be3,1,0,1,2,linux,BFC
d152c682f03ceb65c0d9663d4ba6ee2d46aa784d,4,4,22,9,linux,BFC
cc0f42122a7e7a5ede9c5f2a41199128b8449eda,0,0,5,1,linux,BIC
fba7cd681b6155e2d93e7862fcd6f970336b83c3,4,0,2,1,linux,BFC
c39c4d98dc658f5d44b96982333f3611d9cc2be7,327,0,0,2,linux,BIC
28c5609fb236807910ca347ad3e26c4567998526,1,7,5,1,linux,BFC
d6ed935513202e1922071979bee96777f9c37229,1595,0,0,1,linux,BIC
c54f9f0e8c81192b17e2ae2eb7af6a037fd250a5,9,3,13,2,linux,BFC
9cb726a212a82c88c98aa9f0037fd04777cd8fe5,1,0,5,1,linux,BFC
7736627b865defff2430e95df235b4aa2450bc37,27,0,2,1,linux,BIC
c65f7f00c587828e3d50737805a78f74804972de,3,9,4,2,linux,BIC
525dd5aed67a2f4f7278116fb92a24e6a53e2622,0,1,6,1,linux,BFC
8b42057e62120813ebe9274f508fa785b7cab33a,3,0,0,1,linux,BFC
4dd31f1ffec6c370c3c2e0c605628bf5e16d5c46,0,8,3,1,linux,BFC
322cf7e3a4e89236ae386cb5668ae0d787d21136,99,0,0,2,linux,BIC
b8c1049c68d634a412ed5980ae666ed7c8839305,7,0,5,1,linux,BFC
92f53e2fda8bb9a559ad61d57bfb397ce67ed0ab,2,0,1,1,linux,BFC
d8e874980241dd1cee68e85c39d8e5372bbad494,60,163,80,1,linux,BIC
d72e31c9374627068df29da8085ca18c92ae35d3,616,70,33,4,linux,BIC
bff5e8071533e8a298a060ff4a257eb5e818661b,73,3,1,1,linux,BIC
cbe7e76d94f59e89302bd514e4b685e03d1ebbe4,1,0,1,1,linux,BFC
3c5777c372b6eb2e17802b3dc4bd5ebea45d9bcc,4,0,1,1,linux,BFC
3b4130418f62b0e7a4685cc2c03bb41c6cb8922d,6,0,4,1,linux,BFC
0caecaa87202b667591d57e8ca233ee1b548ba13,129,2,1,1,linux,BIC
a4eae3a506ea4a7d4474cd74e20b423fa8053d91,1,0,0,1,linux,BIC
a6bc92803e7f765e02c923cf37c8e280e729642a,0,0,6,1,linux,BFC
70f59c90c8199e888b306edb16e20f651a1fce55,390,0,0,1,linux,BIC
db20fd2b01087bdfbe30bce314a198eefedcc42e,281,0,0,3,linux,BIC
b16b67689baa01a5616b651356df7ad3e47a8763,16,30,12,1,linux,BFC
0c2c7c069285374fc8feacddc0498f8ab7627117,34,0,4,1,linux,BIC
3c36a2aded8c9ef06bd09183bd6905f6b55f9886,69,0,4,3,linux,BIC
d501d37841d3b7f18402d71a9ef057eb9dde127e,24,4,18,1,linux,BFC
9bb36cf66091ddf2d8840e5aa705ad3c93a6279b,31,11,8,3,linux,BFC
95c169251bf734aa555a1e8043e4d88ec97a04ec,0,0,2,1,linux,BFC
deddc9e8c0e05c2a770d3c9e6683c7ae216741ca,54,0,0,1,linux,BFC
bd421dab75151eaeea83a5145108bfacd0e1613a,199,0,275,3,linux,BIC
7b094968ccbb55da9e9fa749bdfd9b90b57d64e5,0,0,2,1,linux,BFC
1e0083bd0777e4a418a6710d9ee04b979cdbe5cc,5,17,49,3,linux,BFC
af3aab9ce2989d7378e468c4d6a4eb39e0479c9b,0,6,48,1,linux,BIC
200a88c69d26cafc00b1d4a729f19341a16734e8,0,0,9,2,linux,BFC
f0bfa76a11e93d0fe2c896fcb566568c5e8b5d3f,43,29,35,1,linux,BIC
3c0185046c0ee49a6e55c714612ef3bcd5385df3,5,1,1,1,linux,BFC
c9896acc7851109d4e84c1e3a54cb1b9794dea6b,23,0,1,4,linux,BIC
0e742e927571946e08e877d3629e6efd4891ed95,3,0,2,1,linux,BIC
ebfb4988f0378e2ac3b4a0aa1ea20d724293f392,3,0,1,1,linux,BFC
43ad944cd73f2360ec8ff31d29ea44830b3119af,0,0,2,1,linux,BFC
1a0fad630e0b7cff38e7691b28b0517cfbb0633f,1,0,0,1,linux,BFC
0c94d657d2a416c861df4789fd310f09f5dfad59,0,0,3,1,linux,BFC
e55aeb6ba4e8cc3549bff1e75ea1d029324bce21,3,2,0,1,linux,BFC
beb58aa39e6e5a52875defe12c7697b0bfa95d4c,426,0,0,1,linux,BIC
8428a8ebde2db1e988e41a58497a28beb7ce1705,0,0,2,1,linux,BIC
c5de60cd622a2607c043ba65e25a6e9998a369f9,7,0,2,1,linux,BFC
aeb4a5e8b350d481dcb082ac9a102e0fea3f4065,0,0,1,1,linux,BFC
1c51a9159ddefa5119724a4c7da3fd3ef44b68d5,76,19,8,1,linux,BIC
f46f84931a0aa344678efe412d4b071d84d8a805,3,3,23,1,linux,BFC
e5eb01344e9b09bb9d255b9727449186f7168df8,2,0,1,1,linux,BFC
602805fb618b018b7a41fbb3f93c1992b078b1ae,0,0,2,1,linux,BFC
586a0787ce35f2e32d399b7e344e634e07de2997,0,9,9,1,linux,BIC
0fe3dbbefb74a8575f61d7801b08dbc50523d60d,0,0,1,1,linux,BFC
ca9a563805f7ae821e3303b1bdbc65d3a3c783ff,212,0,5,2,linux,BIC
9739f6ef053f104a997165701c6e15582c4307ee,35,0,4,2,linux,BIC
35edfdc77f683c8fd27d7732af06cf6489af60a5,3,0,0,1,linux,BFC
431f9a77a4a62694ce90742d1f4c5abe1b8b6612,2,0,0,1,linux,BFC
8bfb181c17d20956f156e84638912e00e1aaca86,23,5,18,2,linux,BIC
dc3b8ae9d271897e09b27fa4e4e0000de98590d1,0,1,3,1,linux,BFC
26f4e759ef9b8a2bab1823d692ed6d56d40b66e3,0,0,1,1,linux,BFC
5cf92bbadc585e1bcb710df75293e07b7c846bb6,39,27,6,3,linux,BFC
0e9a5edf5d01356fa4a561772a25d97b3fd13de6,12,0,2,2,linux,BIC
7eced5ab5a7366ee7ca5360b3eca9d220c2b2887,22,0,8,2,linux,BIC
108b4d928c032b6fc3b9b10197154ee35d59961d,7,0,0,1,linux,BIC
d6d36b55a0f394a3895349285ed6980278809489,2,0,1,1,linux,BFC
d073bfa56bb74128802f5ffd444721774e03ac6d,0,22,0,1,linux,BFC
1c2d14212b15a60300a2d4f6364753e87394c521,11,0,14,1,linux,BIC
566d136289dc57816ac290de87a9a0f7d9bd3cbb,0,0,1,1,linux,BFC
f66dcb32af19faf49cc4a9222c3152b10c6ec84a,0,5,1,1,linux,BFC
f9cf22882c606f3ffe06f620bb6d03b9eff18d3d,135,0,0,3,linux,BIC
dd7445ad6be3809565272b0e724f2f00c2de1989,6,0,2,2,linux,BFC
4d339989acd730f17bc814b5ddb9c54e405766b6,7,0,6,3,linux,BFC
c3f1576810affced47684e04a08c1ffa845144c9,1,0,1,1,linux,BFC
67b985b6c75530bd3dccd55d61d2c9027ab2ca38,0,0,4,2,linux,BIC
8962842ca5abdcf98e22ab3b2b45a103f0408b95,5,0,5,1,linux,BIC
3cdaa5be9e81a914e633a6be7b7d2ef75b528562,3,0,0,1,linux,BIC
29535f7b797df35cc9b6b3bca635591cdd3dd2a8,2,0,3,1,linux,BFC
ff0e498bfa185fad5e86c4c7a2db4f9648d2344f,96,0,46,5,linux,BIC
d25a0fc41c1f927bb914e72a03c1898052557406,173,0,9,9,linux,BIC
faa2f72cb3569256480c5540d242c84e99965160,91,0,3,3,linux,BFC
711d4547793176fa0773c9cdf7af838417f14ef9,1,0,0,1,linux,BIC
e12b202f8fb9b62a3997cad8e93401f85293390c,2,0,5,1,linux,BIC
b0d50c7b5d807ce6f7ba58e42b260e92bd7d88fb,14,0,3,1,linux,BFC
2dba5eb1c73b6ba2988ced07250edeac0f8cbf5a,63,9,8,9,linux,BIC
02a198777e646a12a8aabae5639f1d33d81d79ef,0,0,2,1,linux,BFC
ed78f56e1271f108e8af61baeba383dcd77adbec,24,11,0,1,linux,BFC
388cc7a281c06e484afcc3c5125b3271316209ef,103,0,5,1,linux,BIC
cddcd5472abb7b8a9c37ccbcf0908b79740a01b5,18,0,1,3,linux,BFC
4b7a632ac4e7101ceefee8484d5c2ca505d347b3,0,0,1,1,linux,BFC
d7466a5adbd61d79610981903eec19aaf8ac935d,41,1,7,1,linux,BFC
4146d2d673e8d6abf9b30a5b5dd8cd95f29632eb,116,12,18,1,linux,BIC
6c5403173a13a08ff61dbdafa4c0ed4a9dedbfe0,2,0,2,1,linux,BFC
473cf939ff3442dc86d531f3bb152a2f129ea9d1,208,0,0,1,linux,BIC
c59ae0a1055127dd3828a88e111a0db59b254104,0,0,1,1,linux,BFC
9aa36b399a50bf8a1c9dae33c25164afae14e1e3,31,33,0,2,linux,BIC
742379c0c4001fd2a6e02005c1ffa1ff611b28fa,388,184,489,11,linux,BIC
06c2d368fc36bc557855fc1234f3f2d9fc6c6988,17,0,3,1,linux,BIC
ed93dfc6bc0084485ccad1ff6bd2ea81ab2c03cd,2,2,2,1,linux,BIC
6525b5ef65fdaf8a782449fb5d585195b573c2c1,0,1,1,1,linux,BFC
7e31d6dc2c78b2a0ba0039ca97ca98a581e8db82,4,0,0,1,linux,BFC
aae03dc981772ce8fca7eb4f899a22014bc4c38e,403,0,0,1,linux,BIC
38ceaa00d02dceb22c6bdd5268f5a44d5c00e123,159,0,3,4,linux,BIC
52109584202783e90a83c95103307a9a03ba7d9e,6,26,94,2,linux,BIC
4255b07f2c9c43540149ed823faf5ac8476cccee,3,0,0,2,linux,BIC
908a0d7c588ef87e5cf0a26805e6002a78ac9d13,37,27,112,2,linux,BIC
0805909f59e02036a4e2660159f27dbf8b6084ac,2,0,0,1,linux,BFC
945ab8f6de94430c23a82f3cf2e3f6d6f2945ff7,5,0,0,1,linux,BFC
ae85bf92effc1e4d4f5b3a3a291d2440a7200e25,52,44,20,1,linux,BIC
0720d1f052dc1576396a39b327da6e60082c4efa,2571,0,0,3,linux,BIC
5a1a99cd2e4e15571a74f65facf05f806d5303fd,114,0,3,3,linux,BIC
8fbcba6b999beb9fd0b95cd2efe00a1215e36406,5,1,6,1,linux,BIC
a68e9da48568a0adf5dc817ef81971c0d1aa0672,43,0,0,4,linux,BFC
feb40824d78eac5e48f56498dca941754dff33d7,0,0,1,1,linux,BFC
6a61d4dbf4f54b5683e0f1e58d873cecca7cb977,0,2,3,1,linux,BFC
af0670b0bf1b116fd729b1b1011cf814bc34e12e,0,1,1,1,linux,BFC
c862dcd199759d4a45e65dab47b03e3e8a144e3a,0,0,2,2,linux,BFC
b82bf9b9dc305d7d3d93eab106d70dbf2171b43e,0,0,4,1,linux,BFC
214bb1c78a4dd94ba748f1707ecc70041abe1fd3,0,9,0,2,linux,BFC
65803c2059832fb99b992728157f7924c2e42d4b,12,6,10,2,linux,BIC
915f9666421cf65cc30668fd42760b6f78f9744d,3,0,0,1,linux,BIC
442ce0499c0535f8972b68fa1fda357357a5c953,0,0,1,1,linux,BFC
687775cec056b38a4c8f3291e0dd7a9145f7b667,2,0,2,1,linux,BFC
801b67f3eaafd3f2ec8b65d93142d4ffedba85df,4,0,4,1,linux,BFC
77efe48a729588527afb4d5811b9e0acb29f5e51,0,0,3,1,linux,BFC
0b243c003e11897bd443ae9be4eda76a57ff732a,0,0,1,1,linux,BFC
5854a09b49574da5a77a0f36ad7b021a2661321d,0,8,6,1,linux,BIC
9c9f5a2f1944e8b6bf2b618d04b31e1c1760637e,28,7,2,2,linux,BIC
ca4438442ef263cbaa3ae62a712143132cf508c1,4,0,3,2,linux,BFC
4928b480cbed50da28eba06bff7eec6a274a3914,2,0,0,1,linux,BFC
ed754e5deeb17f4e675c84e4b6c640cc7344e498,170,10,40,3,linux,BIC
a8295b982c46d4a7c259a4cdd58a2681929068a9,33,0,14,1,linux,BIC
6b789c337a5963ae57cbc7fe9e41488c40a9b014,5,0,4,1,linux,BFC
966580ad236e825483abd956c99edbdc0b06476c,12,0,0,1,linux,BIC
9d350d806a8bc26b3b4b9f3682bbfe085944a54e,0,0,2,1,linux,BFC
d7a5118635e725d195843bda80cc5c964d93ef31,30,25,2,3,linux,BFC
c8ee038bd14881e3ceac1cafa551f260fd0acd29,23,0,0,1,linux,BIC
39b07096364a42c516415d5f841069e885234e61,190,7,16,7,linux,BIC
b220c049d5196dd94d992dd2dc8cba1a5e6123bf,0,0,1,1,linux,BIC
145cb2f7177d94bc54563ed26027e952ee0ae03c,0,0,3,1,linux,BIC
c501d0b149de1248fa9c29c906bf70f3b87b8bd8,490,0,35,1,linux,BIC
e3ed8939644166a7560a33c46f508584a7f1756a,1,0,13,5,linux,BIC
adb72394e2abe9c3a2af5c4a9e18d6592e17b34b,0,36,0,1,linux,BIC
a37eef63bc9e16e06361b539e528058146af80ab,3,1,2,1,linux,BFC
19110cfbb34d4af0cdfe14cd243f3b09dc95b013,5,0,4,2,linux,BIC
10950929e994c5ecee149ff0873388d3c98f12b5,0,2,3,1,linux,BFC
eed467b517e8c6987e3f227758ff3e67c889e17b,3,1,8,1,linux,BFC
c177db2d0d5e751d52d3827b8cfdb6ef92a95a2d,1,0,0,1,linux,BFC
1ac2f9789c4b76ad749870c25ffae0cbcd1f510f,0,2,2,1,linux,BFC
e43b3b58548051f8809391eb7bec7a27ed3003ea,3,0,1,2,linux,BFC
4856bfd230985e43e84c26473c91028ff0a533bd,3,0,0,1,linux,BIC
4cf808e7ac32120b3db95d824acd52f586bfdd1d,1,21,0,1,linux,BIC
126f40298446a82116e1f92a1aaf72b8c8228fae,2,0,4,1,linux,BFC
c47452194641b5d27c20e557c84a46c85fd7ce37,0,0,1,1,linux,BFC
f8b32a6daf35f54f6260df7446e4069af64f0fcc,8,12,1,1,linux,BFC
e3da2ce04e120b4b035793f6eb87b459a505e88b,0,0,1,1,linux,BFC
56b991849009f5def0443bfb2f48c8321d888e15,4,14,44,4,linux,BIC
e477e940dad1836c6f6d23353e424665b9316b6e,2,0,0,1,linux,BFC
707293a56f95f8e7e0cfae008010c7933fb68973,18,0,6,1,linux,BFC
7e4d2f30df3fb48f75ce9e96867d42bdddab83ac,1,0,0,1,linux,BFC
8c388ac8f1866e61a811a81eb8bff429f3865512,0,1,1,1,linux,BFC
6d7a793aabf31d7ba2b16fc13a94ccf0b90e4be0,15,0,1,1,linux,BFC
61c08aa9606d4e48a8a50639c956448a720174c3,0,0,1,1,linux,BFC
e2d118a1cb5e60d077131a09db1d81b90a5295fe,49,0,40,31,linux,BIC
357f5ef64628c2d6c532e7a6bfc0bc3830b4c221,2,14,10,1,linux,BIC
6082d9c9c94a408d7409b5f2e4e42ac9e8b16d0d,0,6,4,2,linux,BIC
62e5d00684ef81b4be35d23e54eec92ee38db7b8,0,1,1,1,linux,BFC
d26c0cc53950464a24adfa76867f1d71f0cbbea6,0,2,2,1,linux,BFC
86ce2a71539c47241dc8f471d8724f5bd1e41ae6,295,271,5,16,linux,BIC
4b50bcc7eda4d3cc9e3f2a0aa60e590fedf728c5,0,0,2,2,linux,BFC
4704dea36dd9e5b4bf37ed20f7f15e70632ccdd0,0,0,1,1,linux,BFC
ad483ed9dd5193a54293269c852a29051813b7bd,1,1,0,1,linux,BFC
adfc3ed7dcb98f7411d3632e3bdf81690294fe7d,0,0,1,1,linux,BFC
773ea9a801328b042eb6376cd4530292625a3de1,20,56,11,1,linux,BIC
8eb06d7e8dd853d70668617dda57de4f6cebe651,2,0,6,1,linux,BIC
0b9f7d93ca6109048a4eb06332b666b6e29df4fe,12,0,1,3,linux,BIC
f1becbed411c6fa29d7ce3def3a1dcd4f63f2d74,1,0,1,1,linux,BFC
acb35b177c71d3d39b9a3b9ea213d926235066e3,2,0,0,1,linux,BFC
251e5c8694db01cd10828e39c07f90d958d7b303,5,1,2,1,linux,BFC
77677cdbc2aa4b5d5d839562793d3d126201d18d,3,0,0,1,linux,BFC
de3578c198c6d846448c8c989bd0ee7a05f3b601,155,0,9,1,linux,BIC
fb03082a54acd66c61535edfefe96b2ff88ce7e2,4,0,0,1,linux,BFC
a051246b786af7e4a9d9219cc7038a6e8a411531,0,1,1,1,linux,BFC
c8415833ec242b9ddf73bf9e1057e12f9b0fcd16,0,0,2,1,linux,BFC
b9eb3b14f1dbf16bf27b6c1ffe6b8c00ec945c9b,0,0,1,1,linux,BFC
83e840c770f2c578bbbff478d62a4403c073b438,8,0,1,1,linux,BIC
a851b2bd363220feacbf36adb49616a49edc99fb,74,59,4,3,linux,BIC
285cb4f62319737e6538252cf1a67ce9da5cf3d5,0,2,0,1,linux,BFC
446981e5fcad3d64a27358d6591928da4a55a156,4,0,1,1,linux,BFC
cefc7ca46235f01d5233e3abd4b79452af01d9e9,322,0,0,5,linux,BIC
4bb3c7a0208fc13ca70598efd109901a7cd45ae7,408,1,2,13,linux,BIC
acc0f67f307f52f7aec1cffdc40a786c15dd21d9,33,0,12,3,linux,BIC
b0617e7b35001c92c8fa777e1a095d3e693813df,12,0,0,1,linux,BIC
399040847084a69f345e0a52fd62f04654e0fce3,88,0,1,2,linux,BIC
24bab491220faa446d945624086d838af41d616c,100,0,2,4,linux,BIC
34bde9d8b9e6e5249db3c07cf1ebfe75c23c671c,112,0,3,3,linux,BIC
46b97aed5484a3f44584a10f9e0691bf89d29064,0,9,0,1,linux,BFC
849e149063bd10eb6211c14617491a0bc9516c2f,46,88,53,6,linux,BIC
6f15f84c38d1d4f389f41b947b9b884d32ddb884,0,1,1,1,linux,BFC
f5f02fde9f52b2d769c1c2ddfd3d9c4a1fe739a7,2,0,7,1,linux,BFC
3a4b1cc28fbdc2325b3e3ed7d8024995a75f9216,6,0,6,6,linux,BIC
6a97a99db848748d582d79447f7c9c330ce1688e,0,1,4,1,linux,BFC
1034ce707b5734d79d1abd39f18d4d46bd9f10ca,3,0,1,1,linux,BFC
234fdce892f905cbc2674349a9eb4873e288e5b3,6,0,1,1,linux,BFC
edbe77462302ec0b11a90244de13f9012118c538,0,0,3,1,linux,BFC
dad41997063723eaf5f77bc2015606a5a9bce320,1,0,2,1,linux,BIC
5ce8f7444f8fbb5adee644590c0e4e1890ab004c,1,0,1,1,linux,BFC
7cb95eeea6706c790571042a06782e378b2561ea,20,0,0,1,linux,BFC
01e055c120a46e78650b5f903088badbbdaae9ad,121,70,10,4,linux,BIC
15ff0b450b6541120803de40af5ca96dde1b56b2,5,0,2,1,linux,BFC
16fc3cef33a04632ab6b31758abdd77563a20759,0,1,0,1,linux,BIC
18a25da84354c6bb655320de6072c00eda6eb602,21,6,3,1,linux,BIC
2104180a53698df5aec35aed5f840a26ade0551d,424,19,1,6,linux,BIC
aeed8aa3874dc15b9d82a6fe796fd7cfbb684448,29,0,16,2,linux,BFC
d62145929992f331fdde924d5963ab49588ccc7d,0,0,4,1,linux,BFC
fc62113b32c95906b3ea8ba42e91014c7d0c6fa6,1,0,0,1,linux,BFC
fd559a943e3ad919b47ee480e3edb230a818a6b1,0,0,4,1,linux,BFC
94182167ec730dadcaea5fbc6bb8f1136966ef66,1,0,0,1,linux,BFC
b6eea9ca354aeb80d358ff52d046bb8a26bd2b17,202,0,0,1,linux,BIC
6bb45f2b0c868281311e14d9c6fb94c15eabe13a,0,1,1,1,linux,BIC
1d5c7880992a06679585e7e568cc679c0c5fd4f2,2,0,1,1,linux,BFC
2dc1e488e5cdfd937554ca81fd46ad874d244b3f,70,0,2,5,linux,BIC
13c044e91678d6ef099285705261418bb7b0c748,76,0,3,2,linux,BIC
59d49076ae3e6912e6d7df2fd68e2337f3d02036,2,0,2,2,linux,BFC
df480633b891cf03301d87e56024a8ec3251da5b,15,2,23,4,linux,BIC
566f165d28760580690d7244c1150357264f9593,0,7,2,3,linux,BFC
7a4a04f4e90d746928501a6d551de87d02c28323,0,0,2,1,linux,BFC
71e2d666ef85d51834d658830f823560c402b8b6,9,0,1,1,linux,BIC
09b15e35071d35947b6e6da5b1a1d0cab73c12a6,0,2,0,1,linux,BFC
e039e2f5b4dab9a90bb5441a154c01a051b1abfa,92,1,3,4,linux,BIC
bb949ed9b16ba4575c76f7be55d4279e35ddccc1,1,7,32,1,linux,BIC
79ee2e8f730411a30b271d5f9cdeae189fa66174,18,0,6,3,linux,BFC
ef3631220d2b3d8d14cf64464760505baa60d6ac,90,8,8,2,linux,BIC
650d1603825d8bac13557d1c0e971e9f93b386f3,2055,0,0,1,linux,BIC
2e19bb35ce15a8b49f4a809469163f668e2d539f,0,0,2,2,linux,BFC
05fb3c199bb09f5b85de56cc3ede194ac95c5e1f,0,1,11,1,linux,BFC
780d2a9c86dc12594e263752cd8426a5794f1cc8,0,0,1,1,linux,BFC
94ff9ebb49a546b7f009ed840bafa235c96d4c4b,67,8,4,1,linux,BIC
58035432d60616cc2ef6514a3d0e6d6ad01bf705,2,2,0,1,linux,BFC
e87c6bc3852b981e71c757be20771546ce9f76f3,213,14,42,9,linux,BIC
3b33e3f4a6c0296812a7ee757bdae83290e64aed,5,0,2,1,linux,BFC
f3c01d2f3ade6790db67f80fef60df84424f8964,1,0,1,1,linux,BIC
9c04a8ff03def4df3f81219ffbe1ec9b44ff5348,0,0,1,1,linux,BFC
8e04187c1bc7953f6dfad3400c58b1b0b0ad767b,43,0,3,2,linux,BIC
f163fed2764e66511fb5c489bf87e532ad7606fb,0,9,1,1,linux,BFC
42378a9ca55347102bbf86708776061d8fe3ece2,5,0,2,1,linux,BFC
2137490f2147a8d0799b72b9a1023efb012d40c7,2,2,0,1,linux,BFC
121d947d4fe15bcec90bcfc1249ee9b739cb9258,154,0,8,3,linux,BIC
0697694564c84f4c9320e5d103d0191297a20023,43,0,0,1,linux,BIC
0ce5671c4450527f90d2bfb31302f78580587983,4,0,0,1,linux,BFC
00fd44a1a4700718d5d962432b55c09820f7e709,10,2,7,2,linux,BIC
eed7ec52f214bac2f25395ccaad610fbeb842a6e,9,0,0,1,linux,BFC
d16e7b62c5adcd13832c6b0ba364c3468d21b856,3,0,0,1,linux,BFC
10a5ce98539948affbdc28dc0f39a1b6b2307f9d,0,2,1,2,linux,BFC
49c5c0769a919549d814de52f7aceaa1c86a3fc7,1,0,1,1,linux,BFC
57f01796f14fecf00d330fe39c8d2477ced9cd79,0,0,1,1,linux,BFC
d6ee54a9d7c807cdb8eb77d7f019cce344c2162c,15,4,24,4,linux,BFC
ac1ebc2190f575fce6685941f5eeecac808ba467,2478,0,0,3,linux,BIC
ed2b5a8e6b98d042b323afbe177a5dc618921b31,113,43,6,1,linux,BIC
5f0b6ac3905fc961f3b685a08eb4962ff071ea7d,6,10,4,1,linux,BIC
2f3fead62144002557f322c2a7c15e1255df0653,1,0,0,1,linux,BFC
411ea23a76526e6efed0b601abb603d3c981b333,1,0,0,1,linux,BFC
ed7208706448953c6f15009cf139135776c15713,60,4,20,6,linux,BIC
47a7b0d8888c04c9746812820b6e60553cc77bbc,0,4,4,1,linux,BFC
2ca495ac27d245513c11fed70591b1838250e240,0,0,1,1,linux,BFC
0471559c2fbd2c19d183fc0f51ce88aefa0a13c8,51,9,8,3,linux,BIC
4dfec0d1d7b9970f36931de714b379dbeaed83f8,0,4,2,1,linux,BFC
744a4cf63e528c29840f45811d6fb93fd129b87d,8,0,2,1,linux,BIC
9ee644c9326cd5ad5080408820075465b51c9c16,0,4,1,1,linux,BIC
7aba4f5201d1b7b3ddb0b03883d9edf69851ddad,0,0,2,1,linux,BFC
7ade4805e296c8d1e40c842395bbe478c7210555,1,0,0,1,linux,BFC
c195438f1e84de8fa46b4f5264d12379bee6e9a1,5,0,3,1,linux,BFC
8919dfcb31161fae7d607bbef5247e5e82fd6457,0,6,1,1,linux,BFC
df732b29c807640cada8092d76c87e1ed5ce9bba,66,74,24,1,linux,BIC
947d70597236dd5ae65c1f68c8eabfb962ee5a6b,7,3,13,2,linux,BIC
cc16f00f6529aa2378f2b949a6f68e9dc6dec363,155,0,1,5,linux,BIC
17f81f9d4b41d57e474975c3a5ca2a2c4c01e2ec,2,0,2,1,linux,BFC
1dac891c1c95a8528f3558b481fbb9a45d653619,6,4,4,4,linux,BIC
d00bdc0a8839de9a5c9be5af2a79dbf8e0087689,0,5,0,1,linux,BFC
74f2a5f0ef643b7b277f7a270f85573f88d930d1,319,0,0,1,linux,BIC
7fd785685e2243bb639b31557e258d11464c3489,0,0,15,1,linux,BFC
b0f16b46988fde02a1e32078f66a3059d7e53bfc,1,0,0,1,linux,BFC
a6ae2fe5c9f9fd355a48fb7d21c863e5b20d6c9c,0,0,1,1,linux,BFC
6493c4b777c2bca7fcfaabca2388d82f186f9be3,1452,0,0,3,linux,BIC
71a963cfc50b0309ca3192c7258569e0d5477ab0,0,0,2,2,linux,BIC
e198987e7dd7d3645a53875151cd6f8fc425b706,4,0,2,1,linux,BIC
f998a1180e14d0a10d2ffeccec25779ace879c2a,0,0,2,2,linux,BFC
e6631814fb3ac454fbbf47ea343c2b9508e4e1ba,483,0,0,2,linux,BIC
87ac0d600943994444e24382a87aa19acc4cd3d4,5,1,7,1,linux,BFC
834e772c8db0c6a275d75315d90aba4ebbb1e249,24,15,9,1,linux,BIC
71f68fe7f12182ed968cfbbd1ef018721e4dee30,341,0,0,1,linux,BIC
5952dde723077e5e0db43cbc9dfb00a4f47c42ef,0,0,2,1,linux,BIC
8053f924cad30bf9f9a24e02b6c8ddfabf5202ea,0,2,0,2,linux,BIC
402d5840b0d40a2a26c8651165d29b534abb6d36,0,0,1,1,linux,BFC
87c48fa3b4630905f98268dde838ee43626a060c,52,10,12,7,linux,BIC
dd827abe296fe4249b2f8c9b95f72f814ea8348c,2,0,0,1,linux,BFC
4236f4b99ee0dcefea909ab2a179dc6a0abcb8d6,50,0,0,2,linux,BFC
96dabe99cae8a1b5fc645f213eeac928541d3899,15,13,9,1,linux,BFC
54708d2858e79a2bdda10bf8a20c80eb96c20613,8,0,3,1,linux,BFC
7bf2e4d5ca1c94a9b0f730498b3d01768a72dcbd,1,0,0,1,linux,BFC
70cac501b576710b426f3e9f67fcd0a0558df72c,2,0,0,1,linux,BFC
32b48bf8514c28cdc89cd8069eceeb6e6cff0612,20,1,16,3,linux,BIC
cf30ae726c011e0372fd4c2d588466c8b50a8907,0,0,1,1,linux,BFC
98e3862ca2b1ae595a13805dcab4c3a6d7718f4d,4,0,18,1,linux,BIC
f482aa98652795846cc55da98ebe331eb74f3d0b,0,37,0,4,linux,BFC
e232657661242cc8a169595160847b3e66aa7056,0,0,3,1,linux,BFC
83fe9a966111b51a34f10c35e568e45bff34de48,0,1,1,1,linux,BFC
79b4499524ed659fb76323efc30f3dc03967c88f,4,2,10,1,linux,BFC
b77d537d00d08fcf0bf641cd3491dd7df0ad1475,3,0,0,1,linux,BFC
5918036cfa8ded7aa8094db70295011ce2275447,1,0,0,1,linux,BFC
752c2ea2d8e7c23b0f64e2e7d4337f3604d44c9f,9,2,4,1,linux,BFC
c77a6edb6d4d35204673cad7389c317bfb17492e,16,9,1,1,linux,BFC
4b898d5cfa4d9a0ad5bc82cb5eafdc092394c6a9,112,416,131,1,linux,BFC
b202d4e82531a62a33a6b14d321dd2aad491578e,5,0,0,1,linux,BFC
ff64aa1e630087381511c4d25de0657824f40efa,0,0,1,1,linux,BFC
1ff2fb982c52ed6c3478adc944441d6ea065d8fb,3,3,0,1,linux,BFC
22fe5b0439dd53643fd6f4c582c46c6dba0fde53,36,27,18,5,linux,BIC
ae9d1b5fbd7b7ee1c2d2f62a7cee3c0455e06f94,54,0,1,1,linux,BIC
7862a6134456c8b4f8c39e8c94aa97e5c2f7f2b7,4,1,3,1,linux,BFC
5160fb4bbd7add491b93fbf859cae5804f3de8bf,0,0,1,1,linux,BFC
1861a7f07e02292830a1ca256328d370deefea30,4,0,1,1,linux,BFC
c967590457cae5ba4f018704c341641bdcecfdcf,11,12,19,1,linux,BFC
9afecfbb95198ec3ea6d52cca4711ea314f29ec6,71,0,0,1,linux,BIC
ec60d54cb9a3d43a02c5612a03093c18233e6601,22,0,2,2,linux,BFC
5f64ce5411b467f1cfea6c63e2494c22b773582b,11,11,6,1,linux,BFC
b799207e1e1816b09e7a5920fbb2d5fcf6edd681,9,1,0,1,linux,BFC
87aaf2caed8496404d3809edc30d38d4a4a5d273,3,0,0,1,linux,BFC
c595c4330da06fff716337239a8d5e528341a502,213,0,0,5,linux,BIC
1c5af5cf9308fff327f52c7efd2dfa732d370871,0,0,1,1,linux,BIC
6c65fb318e8bbf21e939e651028b955324f1d873,106,0,0,2,linux,BIC
8096f80a5c09b716be207eb042c4e40d6cdefbd2,0,0,2,1,linux,BFC
8dd55245836119ee3636543b6c2597efd78e643d,53,0,0,1,linux,BIC
7d485c451fc82f8ae431cdb379521bc6d0641064,0,18,3,2,linux,BFC
57240a78be90d0ecdf6956e925d673bbcced5c32,2,0,1,1,linux,BFC
dc8276b789174071ca3fbfe887a95718b3f9b888,15,0,3,1,linux,BIC
4aed89d6b515b9185351706ca95cd712c9d8d6a3,0,0,1,1,linux,BIC
ec1fcd7b7e6f50dd6e259ca76c6e41e2346b3afe,7,0,3,1,linux,BFC
c1090bb10d5e15906d296936e64317e35c43f21d,2,2,3,2,linux,BFC
dc5723b02e523b2c4a68667f7e28c65018f7202f,3,0,4,1,linux,BIC
6b8a94332ee4f7d9a8ae0cbac7609f79c212f06c,12,0,3,1,linux,BFC
23e8b470c7788da972d0be90d6ac20b4a2da2782,168,0,1,4,linux,BIC
db1b9037424b8219449a6754e9b7e97b0523c426,779,0,0,1,linux,BIC
525a294e6080a6d99722e58419a6830754b57ff3,1,0,4,1,linux,BFC
1ffbc7ea91606e4abd10eb60de5367f1c86daf5e,3,0,0,1,linux,BFC
d08de8e2d86744f91d9d5d57c56ca2b6e33bf6ec,181,12,52,8,linux,BIC
d400a6cf1c8a57cdf10f35220ead3284320d85ff,4,1,2,1,linux,BFC
03a91c9af2c42ae14afafb829a4b7e6589ab5892,4,0,1,1,linux,BFC
74073c9dd29905645feb6dee03c144657a9844cd,5,0,2,1,linux,BFC
b1c17a9a353878602fd5bfe9103e4afe5e9a3f96,2,0,0,1,linux,BFC
e28ce90083f032ca0e8ea03478f5b6a38f5930f7,51,99,92,7,linux,BIC
502aa0a5be633e6558574ebcf63b65afdfbfcd7a,3,0,3,1,linux,BFC
5a1328d0c3a757cdd8c65f4dfe0a02502a5810bc,17,1,26,2,linux,BIC
9e9714742fb70467464359693a73b911a630226f,4,0,10,2,linux,BFC
f30d4968e9aee737e174fc97942af46cfb49b484,3,9,3,1,linux,BFC
14cfbb7a7856f190035f8e53045bdbfa648fae41,0,0,1,1,linux,BFC
73e6aafd9ea81498d31361f01db84a0118da2d1c,0,18,7,2,linux,BIC
49e4a2293035b420e807e739999d59c8ec1488e9,0,0,5,1,linux,BFC
d52ef88a9f4be523425730da3239cf87bee936da,2,0,2,1,linux,BFC
cb13aa16f34f794a9cee2626862af8a95f0f0ee9,0,0,6,1,linux,BFC
f287d3d19769b1d22cba4e51fa0487f2697713c9,2,0,0,1,linux,BFC
bea1898f65b9b7096cb4e73e97c83b94718f1fa1,22,0,6,1,linux,BFC
f15358885dda65ed930885f9c19d37398fb06d48,89,0,0,1,linux,BIC
9216477449f33cdbc9c9a99d49f500b7fbb81702,131,0,17,7,linux,BIC
96567d5dacf47fd628bc3115c8a7d81866674cd3,48,0,2,2,linux,BIC
8dfb839cfe737a17def8e5f88ee13c295230364a,0,1,0,1,linux,BFC
2df7b2d20622f98bca2f001bb0e8d8bee01782ac,0,0,6,1,linux,BFC
15add06841a3b0b4734a72847a73c71fd09ebe52,62,0,2,1,linux,BIC
ad67b74d2469d9b82aaa572d76474c95bc484d57,72,5,2,1,linux,BIC
6742064aef7f1fba8e68d30b2e726918a5d66790,36,0,15,3,linux,BIC
f2eb478f2f322217aa642e11c1cc011f99c797e6,31,0,5,6,linux,BIC
c10a485c3de5ccbf1fff65a382cebcb2730c6b06,2,0,0,1,linux,BIC
912288442cb2f431bf3c8cb097a5de83bc6dbac1,0,0,2,1,linux,BFC
b726ddf984a56a385c9df406a66c221f3a77c951,1,0,1,1,linux,BFC
125e550fd2573ed114076f7e0d7e9834e6cb0734,355,0,0,1,linux,BIC
014580ffab654bb83256783a2b185cf6c06dffaa,0,0,1,1,linux,BFC
d39f0010e40964d959c5157be02839da8a178015,6,0,3,1,linux,BIC
549b32af9f7c4b3a924ddf4feb3b09aae6d8c867,6,103,23,1,linux,BIC
c7de87ff9dac5f396f62d584f3908f80ddc0e07b,0,0,2,1,linux,BFC
8b94d0517902d179879fdb8a96edc5c0ab2e7c62,0,4,0,1,linux,BFC
d6956a7dde6fbf843da117f8b69cc512101fdea2,29,0,2,1,linux,BIC
6802f3adcb3f201b81a3f396d82aa0ddb5923cd5,4,0,2,1,linux,BFC
184744e9a0142f30d66ee369502c8f47d25a6928,0,0,4,1,linux,BFC
2abc66cd499aa16876e45c6438788902f7d1ce22,8,0,0,1,linux,BFC
79fb0518fec8c8b4ea7f1729f54f293724b3dbb0,13,0,2,1,linux,BFC
89355274e1f7f218186bb15a9f0c4b4a026a84d3,290,0,0,1,linux,BIC
3e72be177cf19ab3d62b3084d424dce7e71d847f,0,1,1,1,linux,BFC
2ca3d1ecb8c432ee212d80fa7615cdd5d1df62e3,30,0,4,4,linux,BIC
e91b65b36fde0690f1c694f17dd1b549295464a7,1,0,0,1,linux,BFC
8cebe750c4d9acdfdce41ee0a83a58be973ebc5e,1,0,2,1,linux,BIC
0de50e40fc685fed4d6896a379b123f859ffb17b,45,35,11,7,linux,BFC
03026197bb657d784220b040c6173267a0375741,2,0,1,1,linux,BFC
db9d7d36eecc8926f03a8f2e46781887577b3353,4012,3878,197,6,linux,BIC
14929c5ae8b6dc4ad89d4888cfc0bd7678eee04c,0,0,16,1,linux,BFC
38d715f494f2f1dddbf3d0c6e50aefff49519232,0,53,1,1,linux,BIC
6969019f65b43afb6da6a26f1d9e55bbdfeebcd5,0,0,2,1,linux,BFC
9ab91e7c5c514b675470d9b57393cbe455722060,0,4,1,1,linux,BFC
d0a5fdf4cc83dabcdea668f971b8a2e916437711,3,0,1,1,linux,BFC
0367f205a3b7c0efe774634eef1f4697c79a4132,25,0,2,1,linux,BIC
2f010b55884efad9c2be572070cb7377a5388fcd,53,0,2,1,linux,BIC
e03fd3f300f6184c1264186a4c815e93bf658abb,0,6,0,1,linux,BIC
51d35631c9704b5e5219de15904809367a774297,33,0,0,1,linux,BIC
02afa9c66bb954c6959877c70d9e128dcf0adce7,0,0,3,1,linux,BFC
70216e18e519a54a2f13569e8caff99a092a92d6,86,1,17,4,linux,BIC
9e54ba7c3752f27456ca691acc3f154e2597478c,38,2,4,3,linux,BFC
3c9e9f7320f0138497ef7879c0903246746e0ed3,3,0,1,1,linux,BFC
6a564338a23cefcfc29c4a535b98402d13efdda6,0,0,3,3,linux,BFC
4ce362711d78a4999011add3115b8f4b0bc25e8c,3,0,0,1,linux,BFC
4933f6753b50367b581084927bf19efa1bcaac86,31,0,0,4,linux,BIC
840a3cbe89694fad75578856976f180e852e69aa,0,61,3,3,linux,BIC
242c1a28eb61cb34974e8aa05235d84355940a8a,0,19,2,3,linux,BIC
a89936cce87d60766a75732a9e7e25c51164f47c,11,2,3,1,linux,BFC
6f20785b760119dfc9e5ad569110a9b0e6b3fe35,0,0,1,1,linux,BFC
23ec9f42241a4625b954023aae3591c0baa12ea1,1,0,0,1,linux,BFC
be23fb9a2c1d33037c1499a04e93bb0c03cf73d6,0,0,1,1,linux,BFC
2c08ab3f2504bc7ba816ce6fde051b8bd5f028e4,2,0,0,1,linux,BFC
83bf79b6bb64e686ccf0b66b6828b7bfe9f70ae9,15,0,4,1,linux,BIC
bc6d65e6dc89c3b7ff78e4ad797117c122ffde8e,0,0,1,1,linux,BFC
53568438e381d680bc84f1fe1d3ed2ac8d7ae85c,35,0,0,2,linux,BIC
6ff6064605e96db40c7e95c4924518028cd827bf,0,22,12,1,linux,BIC
77c570a1ea85ba4ab135c61a028420a6e9fe77f3,0,2,1,1,linux,BIC
5aae9265ee1a30cf716d6caf6b29fe99b9d55130,1,0,1,2,linux,BFC
ad0112f2d54cafee839e2ee99ec0b5fb9ce5c4b8,0,0,2,1,linux,BFC
2608a2f831c47dfdf18885a7289be5af97182b05,3,0,0,1,linux,BFC
e8ef967a54f401ac5e8637b7f7f8bddb006144c4,181,12,16,4,linux,BIC
cc9a903d915c21626b6b2fbf8ed0ff16a7f82210,2,8,1,3,linux,BIC
be3518a16ef270e3b030a6ae96055f83f51bd3dd,7,0,0,2,linux,BIC
12051b318bc3ce5b42d6d786191008284b067d83,0,10,3,2,linux,BFC
35d5d20efad8a04c8c002c7f31241dff973977a6,16,0,15,1,linux,BIC
7e14069651591c81046ffaec13c3dac8cb70f5fb,1,0,3,1,linux,BFC
85cb928787eab6a2f4ca9d2a798b6f3bed53ced1,2,0,4,1,linux,BFC
6f29e04938bf509fccfad490a74284cf158891ce,27,0,11,1,linux,BIC
bdcd81707973cf8aa9305337166f8ee842a050d4,18061,0,0,22,linux,BIC
69ef4a192bba0d76216198ec6d5fe82375337903,10,0,3,1,linux,BIC
02256930d9b80c3c8ada90ea36fd0488a91735d0,1,0,10,2,linux,BIC
753195a749a6c849dbd05cb82a2deb4190a06257,5,0,7,2,linux,BIC
3784d449d795ba11a92681bd22d183329f976421,9,0,0,1,linux,BFC
90b28ded88dda8bea82b4a86923e73ba0746d884,8,0,0,1,linux,BIC
b7c4145ba2eb0717db0ddac1b5f7f48012189c53,5,6,5,2,linux,BIC
cede24d1b21d68d84ac5a36c44f7d37daadcc258,2,0,0,1,linux,BFC
ffd29195ed720188789a6c7ada5e212b9c59e1af,0,293,1,2,linux,BIC
f927767978d201d4ac023fcd797adbb963a6565d,0,0,5,1,linux,BFC
1cc47f2d46206d67285aea0ca7e8450af571da13,91,42,1,3,linux,BIC
14f9f4790048f684c2b151c899895feae0b5731a,53,0,0,4,linux,BIC
fbc416ff86183e2203cdf975e2881d7c164b0271,0,0,2,2,linux,BIC
cc47ae0830264f07442070b36fe0d0a4d4e3c313,26,11,4,3,linux,BIC
8a2ee44a371c8cbef587ea609908c3cbf1645231,0,6,1,2,linux,BIC
d8fa2fd791a72087c1ce3336fbeefec4057c37c8,4,0,0,1,linux,BFC
b497fff6f59ec4ab2816439e7ab976a90b7bab5c,0,0,2,1,linux,BFC
e38c0ac55ee67cf3626cfbc2283f8873dc44d370,1,0,0,1,linux,BFC
51bd7125f740a1bc9e79cd117d7d50f1dc67a446,0,0,6,3,linux,BFC
1abd18d1a51a95bf90c10459f1ed5c692660408e,13,13,5,1,linux,BIC
17266ee939849cb095ed7dd9edbec4162172226b,88,4,6,6,linux,BIC
7ed5b31f4a6695a21f617df07646e9b15c6c1d29,24,1,10,2,linux,BIC
21f8b2fa3ca5b01f7a2b51b89ce97a3705a15aa0,3,0,0,1,linux,BIC
3ce85cc4fbb71739f98806b9c9d63950a60cd8ae,33,0,1,1,linux,BIC
a58a057ce65b52125dd355b7d8b0d540ea267a5f,4,0,2,1,linux,BFC
b2065fb21d9a789b14f737ea90facedabadeb8a4,0,8,0,1,linux,BFC
a196fa78a26571359740f701cf30d774eb8a72cb,0,0,1,1,linux,BFC
a6e3918bcdb1253083f962d747ec699bdb4bacd9,0,6,3,1,linux,BIC
136ce7684bc1ff4a088812f600c63daca50b32c2,0,0,1,1,linux,BFC
7b83355f6df9ead2f8c4b06c105505a2999f5dc1,0,1,1,1,linux,BFC
968ea0dffa9396e9f8e00f12fd69be95f5a09191,0,0,2,1,linux,BFC
98d917047e8b7f4bb2ff61d81b0ccd94a00444f9,360,0,0,1,linux,BIC
88b7d370bb4b1280717ebdacd6748456f9ba484f,5,9,2,1,linux,BFC
745fd50f3b044db6a3922e1718306555613164b0,21,15,2,1,linux,BFC
59f81c35e0df840f7112cb296dde48df84a67c79,55,23,5,2,linux,BFC
6e8bd39d7227747f13c891bc5a5fea00373d4bb9,1,0,1,1,linux,BFC
28b34f01a73435a754956ebae826e728c03ffa38,2,0,0,1,linux,BFC
6a27b2c40b4829e625bc1dfdd0705c5ece720ab4,45,18,43,6,linux,BIC
21b3ddd39feecd2f4d6c52bcd30f0a4fa14f125a,73,10,66,6,linux,BIC
33e059a2e4df454359f642f2235af39de9d3e914,21,0,5,4,linux,BFC
0ccc42a2fd5107a7f58e62c8b35b61de9a70ce82,69,0,0,4,linux,BFC
6740a4e70e5d1b9d8e7fe41fd46dd5656d65dadf,0,0,2,1,linux,BFC
37d318d7805f25b672bfd74fc694f19a2ee9665d,59,19,78,1,linux,BIC
bd2cba07381a6dba60bc1c87ed8b37931d244da1,1,0,0,1,linux,BFC
d49187e97e94e2eb613cb6fed810356972077cc3,19,29,57,11,linux,BIC
1660a26adbb3aab6af0bb067e15a831f926c163a,8,0,3,2,linux,BFC
c46ab7e08c79be7400f6d59edbc6f26a91941c5a,4,1,3,1,linux,BFC
c25491747b21536bd56dccb82a109754bbc8d52c,3,9,5,2,linux,BIC
bc93e19d088bb14e116756ab270deea6ee62d782,1696,0,0,1,linux,BIC
5b61de757535095c99212c1ed857c3a0e0bbe386,11,8,2,1,linux,BIC
897861479c0640ed93ec82db78f8d839df32c4ac,28,0,0,3,linux,BIC
cc29d4f67757f2bce7fca1a0eab8e40d748b0ead,73,0,2,2,linux,BIC
42cd402b8fd4672b692400fe5f9eecd55d2794ac,21,0,6,3,linux,BIC
1b39e3f813b4685c7a30ae964d5529a1b0e3a286,9,2,4,5,linux,BIC
4e232818bd32b29f15bef532f320a14367d172b4,37,13,14,1,linux,BIC
dadfab7272b13ca441efdb9aa9117bc669680b05,2,0,0,1,linux,BFC
62441a1fb53263bda349b6e5997c3cc5c120d89e,3,1,1,1,linux,BIC
2076b7bdc5290141cea809c8462b769836bd2757,1,0,1,1,linux,BFC
7ecbfff6711fb331591003ac32c002ce55a0758f,255,0,0,1,linux,BIC
a740a423c36932695b01a3e920f697bc55b05fec,7,0,2,1,linux,BFC
cfd2aff711aa9de301258d322a0b5a3c64010220,13,2,2,3,linux,BFC
171c0091837c81ed5c949fec6966bb5afff2d1cf,0,1,2,1,linux,BFC
e9de0018d1fa97f8db9a39fcb69b55266c52835b,0,1,0,1,linux,BFC
e2f34e26710bfaa545a9d9cd0c70137406401467,5,0,5,2,linux,BIC
7f7bf1606fa8fa0e3aecdeac0ba8005f2a0fbdef,4,0,1,2,linux,BFC
5bc1701881e395cec51811d07ec6961f3d1b2612,80,0,18,4,linux,BIC
ae9ea9ed38c9c8f6cf19c669d7b032cab3dadede,58,36,12,1,linux,BIC
477b53f3f95ba5341b4320f8b7a92cedc5a67650,13,2,9,2,linux,BFC
c10b13325ced237f6129e8ee73cd8c72e1bd10ed,834,0,0,2,linux,BIC
174fe5ba2d1ea0d6c5ab2a7d4aa058d6d497ae4d,0,0,2,1,linux,BFC
192b6a780598976feb7321ff007754f8511a4129,2,0,5,1,linux,BFC
ff164ae39b82ee483b24579c8e22a13a8ce5bd04,0,0,1,1,linux,BFC
6d0d1b5a1b4870911beb89544ec1a9751c42fec7,0,0,2,1,linux,BFC
2d7007153f0c9b1dd00c01894df7d26ddc32b79f,407,23,1240,137,linux,BIC
bccd06223f21654eb268e153426a77deb117c1e8,94,5,25,7,linux,BIC
08865514805d2de8e7002fa8149c5de3e391f412,2,3,0,2,linux,BIC
784daf2b9628f2d0117f1f0b578cfe5ab6634919,5,0,0,1,linux,BIC
d8f5c29653c3f6995e8979be5623d263e92f6b86,2,3,0,1,linux,BFC
e6f30c731718db45cec380964dfee210307cfc4a,90,0,0,2,linux,BIC
7abad1063deb0f77d275c61f58863ec319c58c5c,27,0,6,1,linux,BIC
32d6e4b6e4ea589cf46518e99f8e6a25ccef023e,4,0,0,2,linux,BIC
9cad39fe4e4a4fe95d8ea5a7b0692b0a6e89e38b,4,0,0,1,linux,BFC
ad4c938c92af91302e363b1842c82f1cc4a6c4fd,199,0,0,1,linux,BIC
83e32a5910772e1475d3640a429b7686695f04d1,3,0,0,1,linux,BIC
952f89f098c75ae4147fc440aaa3b9a209240cea,0,10,3,1,linux,BIC
32d736abed4febff4b6bf85d5d240ee24d254322,6,0,0,1,linux,BFC
e123705e58bf171be8c6eb0902ebfb5d6ed255ad,2,0,2,1,linux,BFC
c2e6048fa1cf2228063aec299f93ac6eb256b457,9,0,12,1,linux,BIC
281eaa8cb67c27e56da1e7fd6b55c6cd3e8c4638,8,1,3,1,linux,BIC
beead698b1736dfa4061dd2e3fe3efef6d0c49b4,385,0,2,6,linux,BIC
4db7a23605973ac4a2cb24e759bebaaa82054f21,100,78,50,3,linux,BIC
50cb99fa89aa2bec2cab2f9917010bbd7769bfa3,9,0,2,1,linux,BFC
46c26662d2fb8377f5d387cf2e5ee3246af780b7,37,0,23,2,linux,BIC
c7807b27d510e5aa53c8a120cfc02c33c24ebb5f,0,0,2,1,linux,BFC
0792ec82175ec45a0f45af6e0f2d3cb49c527cd4,9,0,9,1,linux,BFC
537b361fbcbcc3cd6fe2bb47069fd292b9256d16,3,0,2,1,linux,BFC
03de19212ea3bce221e0e79dba8752ddc5b350cb,50,0,0,2,linux,BIC
560f78559006a4bab20455ae7eca33d8417c38fc,146,0,0,3,linux,BIC
cd3394317653837e2eb5c5d0904a8996102af9fc,83,0,2,7,linux,BIC
7faee5c0d514162853a343d93e4a0b6bb8bfec21,11,16,20,5,linux,BIC
05b252cccb2e5c3f56119d25de684b4f810ba40a,3,0,1,1,linux,BFC
5c8a47a5a91d4d6e185f758d61997613d9c5d6ac,338,185,33,4,linux,BIC
939c7a4f04fcd2162109744e8bf88194948a6e65,130,0,24,1,linux,BIC
0fca931a6f21c11f675363b92b5a4fe86da59f30,627,0,0,2,linux,BIC
160da20b254dd4bfc5828f12c208fa831ad4be6c,0,0,1,1,linux,BFC
b7f406bb883ba7ac3222298f6b44cebc4cfe2dde,0,0,2,1,linux,BFC
dfc8e9165cfe0b50438f51df5a82ab1dcc08baf4,0,0,2,1,linux,BFC
73d2c6678e6c3af7e7a42b1e78cd0211782ade32,2,0,0,1,linux,BFC
094009531612246d9e13f9e0c3ae2205d7f63a0a,0,0,1,1,linux,BFC
89fcbb564f4a64c439d597c2702f990eed49c8a1,0,0,2,1,linux,BFC
ac9b8236551d1177fd07b56aef9b565d1864420d,9,36,4,6,linux,BIC
3e77e59bf8cf105d64f70133e41c38daf482acc3,1303,3,9,8,linux,BIC
80a254394fcfe55450b0351da298ca7231889219,16,0,0,1,linux,BFC
5e769e444d262f7202a6bb88dba98bf5fd6c8f3c,2,0,10,1,linux,BIC
2b8b2e31555cf55ba3680fb28e2b382e168d7ea1,0,0,1,1,linux,BFC
d2d489b7d851785dd4833880d31d80bd70ffa6c3,9,4,19,1,linux,BIC
2f44e29cef006a4b0a4ecf7d4c5aac7d0fbb505c,10,1,0,1,linux,BFC
933e8c91b9f5a2f504f6da1f069c410449b9f4b9,0,0,1,1,linux,BFC
dc6276f57617344c9e78332c682ea1e982527e09,1,1,0,2,linux,BFC
f0ad97ac12f0e91cf3846025256ca97845bcfccd,0,0,3,1,linux,BFC
367a8ce896f14018cc2c6cf2681aa440fff274f4,6,0,6,3,linux,BFC
196a888ca6571deb344468e1d7138e3273206335,7,0,0,1,linux,BFC
f8585539df0a1527c78b5d760665c89fe1c105a9,4,0,2,1,linux,BFC
3a47d5124a957358274e9ca7b115b2f3a914f56d,8,0,6,1,linux,BIC
6198dd8d7a6a7f40dc4599cb0676101d9cb82776,0,1,15,5,linux,BIC
47196620c82f8d8cef0dc61b87b76f18278537dd,140,0,1,1,linux,BIC
2b3374306b315be02db0f67d3102a0d1e1357270,0,0,2,1,linux,BFC
97ef77c52b789ec1411d360ed99dca1efe4b2c81,0,2,4,1,linux,BFC
b7c1fadd6c2eead56d0664a3a921980120de0c11,0,4,16,1,linux,BIC
e4e7f10bfc4069925e99cc4b428c3434e30b6c3f,434,0,0,1,linux,BIC
85a8ce62c2eabe28b9d76ca4eecf37922402df93,40,23,1,3,linux,BIC
d82a6ac3002f1701de3199da944910a353f29611,8,1,0,1,linux,BFC
e785fa0a164aa11001cba931367c7f94ffaff888,3,0,0,1,linux,BFC
93c4adc7afedf9b0ec190066d45b6d67db5270da,28,1,2,4,linux,BIC
4e46c410e050bcac36deadbd8e20449d078204e8,12,9,8,1,linux,BIC
1340cc631bd00431e2f174525c971f119df9efa1,3,0,6,1,linux,BFC
8ba007a971bb236be017cb8351c383ce6eadf095,6,0,0,1,linux,BIC
dbc2b5e9a09e9a6664679a667ff81cff6e5f2641,14,2,15,1,linux,BIC
9b4eedf627045ae5ddcff60a484200cdd554c413,2,0,1,1,linux,BFC
5f368ddea6fec519bdb93b5368f6a844b6ea27a6,0,0,1,1,linux,BFC
a7297a6a3a3322b054592e8e988981d2f5f29cc4,6,0,0,1,linux,BFC
93456b6d7753def8760b423ac6b986eb9d5a4a95,17,5,23,2,linux,BIC
f8f482deb078389b42768b2193e050a81aae137d,0,2,3,1,linux,BFC
94583a41047eb9489f576344b8ba9370cf4cbfb7,160,69,54,3,linux,BIC
a0b8a1fe34430c3a82258e8cb45f5968bdf31afd,77,11,10,3,linux,BFC
a9384a4c1d250cb40cebf50e41459426d160b08e,0,0,4,1,linux,BFC
6194f7e6473be78acdc5d03edd116944bdbb2c4e,0,0,1,1,linux,BFC
d6174299365ddbbf491620c0b8c5ca1a6ef2eea5,1,1,1,2,linux,BFC
1dbf5d68af6ffdb1c8b0d38ee565768e22e2c3ab,19,0,4,2,linux,BIC
bc18e31c3042f14fa5f2ff5c21136e2fdf4140f8,27,1,19,2,linux,BIC
0351b93992aa463cc3e7f358ddec2709f9390756,33,0,2,1,linux,BIC
0e1ffef02cf94e46f95957af0f822531fecf741c,1,0,0,1,linux,BFC
a5a86a7f87d7b684f0369e1f207bb294cfa58dde,0,0,2,1,linux,BFC
a7faaa0c5dc7d091cc9f72b870d7edcdd6f43f12,1,0,2,1,linux,BFC
ead3b768bb51259e3a5f2287ff5fc9041eb6f450,0,3,0,1,linux,BFC
c4b68e513953c3370ce02c3208c1c628c0b86fd3,0,1,1,1,linux,BFC
501edc42446e89fa67fb6ef2c9afb50792c310c0,0,0,2,1,linux,BIC
cd7f30e174d09a02ca2afa5ef093fb0f0352e0d8,1,0,1,2,linux,BFC
109980b894e9dae66c37c3d804a415aa68b19c7e,34,1,1,2,linux,BIC
8edbfaa19835cf0bd2a9b3e5e328ba20a927d10b,82,7,4,6,linux,BIC
008258d995a637c77c10a5d087d134eed49a6572,0,0,2,1,linux,BIC
179d8609d8424529e95021df939ed7b0b82b37f1,0,1,0,1,linux,BFC
e338d263a76af78fe8f38a72131188b58fceb591,232,8,117,7,linux,BIC
04a238e9c51118962203f2e332aa464eb563278d,1,0,0,1,linux,BFC
e7820e39b7d19b9fe1928fc19de9361b44150ca6,0,11,6,1,linux,BFC
1033be58992f818dc564196ded2bcc3f360bc297,7,0,1,1,linux,BFC
85a8181329a919d58b7ef99211251f47d5e1049e,1,0,3,1,linux,BFC
284260f278b706364fb4c88a7b56ba5298d5973c,6,1,0,1,linux,BFC
cd77e75b5e4632d05d61fec5383052713c8ede2b,1,0,0,1,linux,BFC
77d5bc7e6a6cf8bbeca31aab7f0c5449a5eee762,8,0,21,7,linux,BFC
9efc9b2b04c74e459eb63ad64251239268ff0837,191,0,0,1,linux,BIC
9768095ba97ce946838e8210f0b44f2fd36ec31d,29,4,9,1,linux,BIC
8bd719587d1215dad42d48d725eb1858987112c8,0,3,0,1,linux,BFC
f2a424f6c613a98560dc49fd9984589401d51648,13,29,10,1,linux,BIC
04c4f2ee3f68c9a4bf1653d15f1a9a435ae33f7a,0,0,5,1,linux,BFC
bec500777089b3c96c53681fc0aa6fee59711d4a,19,21,1,2,linux,BFC
f5c29d83866d75585f9c89754de0b86b45ceab89,14,0,3,1,linux,BFC
cfab87c2c2715763dc7e43d9968bdaa01cde4bc3,4,0,3,2,linux,BFC
36f1031c51a2538e5558fb44c6d6b88f98d3c0f2,4,0,1,1,linux,BIC
b2d89ad9c9682e795ed6eeb9ed455789ad6cedf1,11,0,0,1,linux,BFC
43bfeb45109ad154df4dde67d3d04a8876a3bfc1,0,0,1,1,linux,BFC
f6f58d9d93fdb53f24b0086ce1c51d3388aa6e53,0,2,4,1,linux,BFC
37ac39bdddc528c998a9f36db36937de923fdf2a,49,0,0,1,linux,BFC
ddd9b5e3e765d8ed5a35786a6cb00111713fe161,3,0,2,1,linux,BFC
d19b8bc82fc232d17ec45ca148388e4ba05ac4b9,1,1,0,1,linux,BFC
7ee99fc5ed2e5e299ef46a9ca9d24d93be08c461,4,12,2,2,linux,BIC
73f5c66df3e26ab750cefcb9a3e08c71c9f79cad,9,0,16,1,linux,BIC
5679582c2fad11733ba65c12d127f9d703390e55,1,0,1,1,linux,BFC
1fa11ee2d9d0ccd58a6b56a9e490e336c99e98bf,38,0,9,4,linux,BIC
66ee95d16a7f1b7b4f1dd74a2d81c6e19dc29a14,2,0,0,1,linux,BFC
596fd8dffb745afcebc0ec6968e17fe29f02044c,0,0,1,1,linux,BFC
da8e393e23efb60eba8959856c7df88f9859f6eb,19,0,0,1,linux,BIC
68a958a915ca912b8ce71b9eea7445996f6e681e,16,86,21,2,linux,BIC
c818c03b661cd769e035e41673d5543ba2ebda64,10,0,0,4,linux,BIC
40008e921133f95685ca4dfd7233b3df96af2bd6,0,1,1,1,linux,BFC
8840e3bd981f128846b01c12d3966d115e8617c9,35,0,6,3,linux,BFC
9395a4500404e05173eda9a2d198b6fa500e90c5,2,8,3,2,linux,BIC
d94a155c59c98c19b98ee949eaab6a0312bbd6be,20,12,0,1,linux,BIC
5264a522a597032c009f9143686ebf0fa4e244fb,7,1,13,1,linux,BIC
979ebc54cf13bd1e3eb6e21766d208d5de984fb8,5,5,0,1,linux,BFC
1f9c6e1bc1ba5f8a10fcd6e99d170954d7c6d382,0,0,7,1,linux,BFC
0aa525d11859c1a4d5b78fdc704148e2ae03ae13,1,0,5,1,linux,BIC
1033665e63b6d98e91c1b938bad2dc624a72c137,27,0,15,3,linux,BIC
c5a9707672fe22865d90fc04ac2fbc4f812666f3,0,53,0,8,linux,BIC
b9439491055a18ee075614139abadfd74c1b887f,77,48,5,3,linux,BIC
849c0fe9e831dcebea1b46e2237e13f274a8756a,6,0,5,1,linux,BIC
ce99f7206c9105851d97202ed08c058af6f11ac4,11,0,1,1,linux,BFC
beb89d1d49e9ae1188356d6e37581e5f0b5f62b4,0,0,2,1,linux,BFC
05ce3e53f375295c2940390b2b429e506e07655c,5,0,4,1,linux,BFC
8c4bca10ceafc43b1ca0a9fab5fa27e13cbce99e,10,0,1,1,linux,BFC
1dd34b5ad8aebaff17b625fc0126e18243008a3f,1,0,0,1,linux,BFC
788e67f18d797abbd48a96143511261f4f3b4f21,13,0,10,1,linux,BFC
f9dfb5e390fab2df9f7944bb91e7705aba14cd26,43,22,3,2,linux,BFC
d52fdbb735c36a209f36a628d40ca9185b349ba7,4,0,8,1,linux,BIC
b859ebedd1e730bbda69142fca87af4e712649a1,1,0,0,1,linux,BFC
75ec1db8717a8f0a9d9c8d033e542fdaa7b73898,12,2,0,1,linux,BFC
a4a8c2c4962bb655e7152c53a0eb6ca31c47f159,0,76,1,1,linux,BIC
7d5509fa0d3ddfe252b4418513e493ac98de3317,11,0,1,2,linux,BIC
87263968516fb9507d6215d53f44052627fae8d8,2,0,2,1,linux,BFC
96d1327ac2e3dc3ac4204fe3656dad0043fc0efd,0,13,1,1,linux,BIC
d299ce149c1aa6a2e2c8db44974a6a1c07d7303b,0,0,1,1,linux,BFC
1db6295db904c736c2013efdf0a493105d62c332,0,161,0,1,linux,BFC
aaca8373c4b1e010b8d748fc99d929de1bf860b8,76,3,17,2,linux,BIC
a8ff48cb70835f48de5703052760312019afea55,9,3,1,1,linux,BIC
c6a3aea93571a5393602256d8f74772bd64c8225,0,0,1,1,linux,BFC
6d48ceb27af1420882f092495fc796cfcbf92a14,13,0,1,3,linux,BIC
1d4f1d53e1e2d5e38f4d3ca3bf60f8be5025540f,0,1,0,1,linux,BFC
2a6c9c65b2fe1023f8bec543d3c70a107fd8b9fb,3,0,4,1,linux,BFC
8280b38e01f71e0f89389ccad3fa43b79e57c604,24,8,2,1,linux,BFC
a3350f9c57ffad569c40f7320b89da1f3061c5bb,0,0,1,1,linux,BFC
4ac85de9977e7361ef10be23a33313f3cf56e073,9,13,14,1,linux,BIC
efb94790852ae673b18efde1b171d284689ff333,1,0,0,1,linux,BFC
934002cd660b035b926438244b4294e647507e13,12,2,3,1,linux,BFC
8604895a34d92f5e186ceb931b0d1b384030ea3d,1,0,1,1,linux,BFC
60a6b73dd821e98fe958b2a83393ccd724b306b1,0,0,1,1,linux,BFC
7cb33d1bc1ac8e51fd88928f96674d392f8e07c4,2,0,3,1,linux,BFC
b626f2cb75cfc9ab707fce6e60df0d94650a4abf,0,0,1,1,linux,BFC
b875194679b0f88ffdb2e2d68435572296628551,4,0,0,1,linux,BFC
62773112acc55d29727465d075fc61ed08a0a532,8,65,13,3,linux,BIC
3a19109efbfa7d887996a74257556a46e00525c2,4,0,10,1,linux,BIC
7b7eba0f3515fca3296b8881d583f7c1042f5226,0,0,2,1,linux,BFC
1c668e1c0a0f74472469cd514f40c9012b324c31,0,0,2,1,linux,BFC
4853f128c13ed2731625dff2410b7fdbe540fb26,2,0,0,1,linux,BFC
25db2eaf1097ff6b9169d288e9532072069adb7c,1,0,0,1,linux,BFC
7cc765a67d8e04ef7d772425ca5a2a1e2b894c15,26,3,6,1,linux,BIC
b0063aad5dd86308c9b9c433ac8f3ab5b49aab1b,11,0,5,1,linux,BIC
d07dcf9aadd6b2842b439e8668ff7ea2873f28d7,497,0,0,5,linux,BIC
1a2d397a6eb5cf40c382d9e3d4bc04aaeb025336,1,26,9,3,linux,BIC
84af7649188194a74cdd6437235a5e3c86108f0f,110,8,7,2,linux,BIC
9243fc4cd28c8bdddd7fe0abd5bbec3c4fdf5052,0,2,0,2,linux,BFC
ab676b7d6fbf4b294bf198fb27ade5b0e865c7ce,3,0,0,1,linux,BIC
e73aca5184ad9fc948ba22b4d35dce11db35bb25,2,0,1,1,linux,BFC
01fd12bb189a0772301dd37e9b31e53761269a1b,95,0,17,6,linux,BIC
633593a808980f82d251d0ca89730d8bb8b0220c,1,4,2,1,linux,BFC
549d7b317c761dbf4ed0c2945aec3acc9ca7ae14,6,0,3,1,linux,BFC
d3392f41f6d3cd0a034bd0aca47fabea2b47218e,24,15,8,2,linux,BFC
2f8f1336a48bd5186de3476da0a3e2ec06d0533a,33,4,9,3,linux,BIC
4492d1a2e9566495858d25b35093e11509707407,2,0,0,1,linux,BFC
7da5b13dccd99cfdc42940fc7adcb88647023292,3,0,0,1,linux,BFC
9d3a4de4cb8db8e71730e36736272ef041836f68,9,1,14,7,linux,BIC
75382aa72f06823db7312ad069c3bae2eb3f8548,22,14,8,2,linux,BIC
c610afaa21d3c6e7b02040c8563ffc01c7fc0570,309,0,0,1,linux,BIC
f8df13e0a901fe55631fed66562369b4dba40f8b,7,0,0,1,linux,BIC
419df06eea5bfa815e3a78e0aad6cfb320c1654f,0,0,3,1,linux,BIC
9751a9e449da2a7749d89968039d532c615beeaa,0,1,1,1,linux,BFC
e4b0e41fee948ad327f9c912160aa4b50a6a4340,0,8,4,1,linux,BFC
26f4b1f7a8da3eaa6c32e12f87c9f5388196dc67,1,0,1,1,linux,BFC
0e7d6f94016407fd7e1ae472e254d64d4454e9c8,1,0,0,1,linux,BIC
713fced8d10fa1c759c8fb6bf9aaa681bae68cad,0,1,3,1,linux,BFC
5f310f739b4cc343f3f087681e41bbc2f0ce902d,13,0,2,1,linux,BIC
110b32f065f3c66a7a1626ca57b64641ed6a578e,375,8,4,6,linux,BIC
78c44d910d3e5f96dc6b3695fc1e4efd7c46a455,0,0,9,1,linux,BIC
6cc27341b21a81052f36c137bc44cf55f83e46ff,11,0,1,3,linux,BIC
19abcd790b51b26d775e1170ba2ac086823cceeb,0,9,3,2,linux,BFC
be0aa8d4b0fcb4532bf7973141e911998ab39508,0,28,2,1,linux,BFC
356b57752c91cffb35356abe6647065bf0edcad1,1,0,0,1,linux,BFC
83bdc7275e6206f560d247be856bceba3e1ed8f2,0,0,2,2,linux,BIC
1da4d377f943fe4194ffb9fb9c26cc58fad4dd24,21,0,1,1,linux,BIC
09756af46893c18839062976c3252e93a1beeba7,231,5,15,5,linux,BIC
9012d011660ea5cf2a623e1de207a2bc0ca6936d,0,1,1,1,linux,BIC
867ac9d737094e46a6c33213f16dd1ec9e8bd5d5,1,22,13,4,linux,BFC
7deea450eb912f269d999de62c8ab922d1461748,0,0,1,1,linux,BFC
aa116b810ac9077a263ed8679fb4d595f180e0eb,1,0,2,1,linux,BFC
46c99ac66222aed719f26835eae4946d72880cbe,24,4,6,1,linux,BIC
1a2a14444d32b89b28116daea86f63ced1716668,10,9,5,1,linux,BFC
3cadfa2b9497abbd3ae11a790d53ed51b4cf8ac5,0,20,6,1,linux,BIC
68a381746f20e5435206173e22d0a011ef78790e,1,0,0,1,linux,BFC
0986b16ab49b18063d29a9e02e9c7fab1928bc8e,0,2,4,1,linux,BFC
aa1a43262ad5df010768f69530fa179ff81651d3,0,7,8,1,linux,BFC
499ada5073361c631f2a3c4a8aed44d53b6f82ec,48,36,0,2,linux,BFC
298e59d322954e89ed2a556c601a04a4c007d1b3,3,2,4,1,linux,BFC
95f3ce6a77893ac828ba841df44421620de4314b,0,0,1,1,linux,BFC
06289949b8dd6ed959c2b09d5911e98f6434e501,0,0,1,1,linux,BIC
7a05c5a0c883ed6353f82699dff8d789dae6b673,8,0,2,2,linux,BFC
71d9f6149cac8fc6646adfb2a6f3b0de6ddd23f6,0,0,1,1,linux,BFC
fc94cf2092c7c1267fa2deb8388d624f50eba808,2,0,0,1,linux,BFC
880cb3cddd164128522146d1c087fbd1811ed0cc,67,0,62,1,linux,BIC
4a28d77e359009b846951b06f7c0d8eec8dce298,0,0,1,1,linux,BFC
08adf452e628b0e2ce9a01048cfbec52353703d7,0,2,13,1,linux,BFC
de7b2efacf4e83954aed3f029d347dfc0b7a4f49,0,0,1,1,linux,BFC
72a74c8f0a0df12c7d7ea012aa70d95152858dea,4,0,0,2,linux,BIC
8c7424cff6bd33459945646cfcbf6dc6c899ab24,12,1,3,2,linux,BIC
dc7bd30b97aac8a97eccef0ffe31f6cefb6e2c3e,0,1,2,2,linux,BFC
bf7d28c53453ea904584960de55e33e03b9d93b1,0,0,2,1,linux,BFC
7c7a532ba3fc51bf9527d191fb410786c1fdc73c,0,0,1,1,linux,BFC
12e364b9f08aa335dc7716ce74113e834c993765,9032,0,0,29,linux,BIC
2e22502c080f27afeab5e6f11e618fb7bc7aea53,0,29,4,1,linux,BIC
e7ee96dfb8c2687a29d2c5c3b06c967fa54b839c,20,10,34,15,linux,BIC
b7fc1a9b7e62dcae40d51e83390cbb678ae5c6c2,2,0,1,1,linux,BFC
1d7c49037b12016e7056b9f2c990380e2187e766,0,0,2,1,linux,BFC
613d09b30f8b589d5a9b49775054c8865db95d1c,16,0,2,5,linux,BIC
d3e3b7eac886fb1383db2f22b81550fa6d87f62f,135,0,1,7,linux,BIC
3d4cf35bd4fab56c3aa0ec4323fccb24970aaf79,0,2,5,1,linux,BIC
33c3cc7acfd95968d74247f1a4e1b0727a07ed43,124,0,4,3,linux,BIC
219626924222b6b41bf2264896b34a6abaaeecf0,2,0,0,1,linux,BFC
da0363f7bfd3c32f8d5918e40bfddb9905c86ee1,1,1,5,1,linux,BIC
8e09f21574ea3028d5629e5de759e0b196c690c5,2108,711,1007,17,linux,BIC
0e1d6eca5113858ed2caea61a5adc03c595f6096,6,0,0,1,linux,BFC
c6c7d83b9c9e6a8b3e6d84c820ac61fbffc9e396,0,19,1,3,linux,BFC
f7e7ce93aac13118281bcef8407b5df1a6b16822,53,0,3,1,linux,BIC
eea1c227b9e9bad295e8ef984004a9acf12bb68c,1,0,5,1,linux,BFC
c3b75d4734cb82f7dfd42b0a8243f37bca85bd95,34,31,6,1,linux,BIC
d39268ad24c0fd0665d0c5cf55a7c1a0ebf94766,0,27,5,1,linux,BFC
90045fc9c78855bdc625a0ab185d97b72a937613,15,0,2,3,linux,BFC
f222449c9dfad7c9bb8cb53e64c5c407b172ebbc,0,0,2,1,linux,BFC
76a66ba101329316a5d7f4275070be22eb85fdf2,10,0,1,1,linux,BFC
a4cbb465bcc98f1c5740c887d4be3a68f1a47279,0,0,1,1,linux,BFC
c17c3dc9d08b9aad9a55a1e53f205187972f448e,0,0,1,1,linux,BFC
cf2c0fe7408404b17c039f4683bce939210d1989,2,26,11,1,linux,BIC
41e76c85660c022c6bf5713bfb6c21e64a487cec,1,0,0,1,linux,BFC
778e23a9e05b7a59e9dbd3f9d9c9395f2f977fc7,12,0,0,1,linux,BFC
d7a773e8812bcf7a5412e4baebc6eb1c11242551,39,0,60,2,linux,BIC
9aaf5a5f479bd68699f2e6f6e5e5f1253377b6da,107,0,1,1,linux,BIC
a56ba8fbcb55f3c5fc06f803469e7412f9e13c18,763,0,0,1,linux,BIC
6619c0075f784d7720fc9810279c956d51b22aaf,2,0,3,2,linux,BIC
f7a344468105ef8c54086dfdc800e6f5a8417d3e,2,0,2,1,linux,BFC
338d0be437ef10e247a35aed83dbab182cf406a2,1,0,1,1,linux,BFC
82b4e03e01bc8def546b52707962809f04ae5c7a,0,0,2,1,linux,BIC
861262ab862702061ae3355b811a07b15d1b2fc0,37,0,0,2,linux,BIC
903ce4abdf374e3365d93bcb3df56c62008835ba,1,0,0,1,linux,BFC
6605b730c061f67c44113391e5af5125d0672e99,509,0,1,3,linux,BIC
c961cb3be9064d1097ccc019390f8b5739daafc6,0,2,0,1,linux,BFC
bf895295e9a73411889816f1a0c1f4f1a2d9c678,0,0,1,1,linux,BFC
476bdb04c501fc64bf3b8464ffddefc8dbe01577,0,0,1,1,linux,BFC
1d2e733b13b450e5854f4a8f8efcd77fa7362d62,8,0,22,7,linux,BIC
a762fe656b1d59a3d597c0556aa6c029c569364a,8,0,12,2,linux,BFC
583d18336abdfb1b355270289ff8f6a2608ba905,2,0,1,1,linux,BFC
36c7c9da40c408a71e5e6bfe12e57dcf549a296d,0,0,1,1,linux,BFC
01769c4700d8ca156b4a331b16be9eda575dfde9,1,0,0,1,linux,BFC
a77e0c7b2774fd52ce6bf25c2c3ffdccb7b110ff,87,0,0,3,linux,BIC
70e61199559a09c62714694cd5ac3c3640c41552,231,14,33,3,linux,BIC
4d763b168e9c5c366b05812c7bba7662e5ea3669,6,0,2,1,linux,BIC
fed42c198b45ece0b37eb25d37cbc4a9959c6522,101,0,0,1,linux,BIC
589bb62be316401603453c7d2d3c60ad8b9c3cf3,0,8,3,1,linux,BFC
e92bc4cd34de2ce454bdea8cd198b8067ee4e123,2,2,0,2,linux,BFC
de7b45babd9be25138ff5e4a0c34eefffbb226ff,66,131,17,4,linux,BIC
9cb1c5ddd2c432834dd4f40c0170d6b639e8e5c3,0,1,5,1,linux,BIC
761333f2f50ccc887aa9957ae829300262c0d15b,0,0,1,1,linux,BFC
097da1a44d1aef15739214fecf8f4c63792bb665,0,0,7,3,linux,BFC
be77e999e3937322b7e15274b8fc7da309a040a0,0,0,10,4,linux,BFC
a948b1142cae66785521a389cab2cce74069b547,0,32,0,2,linux,BFC
f5e8e215869eed6163d5fdd309f0e674a0f23df6,0,0,1,1,linux,BFC
712183437ebebc89cd086ef96cf9a521fd97fd09,37,1,1,1,linux,BFC
70dcb2e3dc6aa827d74e09c830ea06c660274880,220,0,0,3,linux,BIC
bdd72f41333d9f61a22e4c4494e95782e9731fdb,2,0,1,1,linux,BFC
544abd44c7064c8a58a6bd2073d757f6b91d98c5,82,0,34,6,linux,BIC
04d2b75537085cb0c85d73a2e0e50317bffa883f,0,0,3,1,linux,BFC
380c966c093e7239e42a81f165b20b2bad2658bc,629,0,8,1,linux,BIC
2626206963ace9e8bf92b6eea5ff78dd674c555c,0,0,2,1,linux,BFC
e4457a45b41c1c2ec7fb392dc60f4e2386b48a90,0,0,2,1,linux,BFC
efa90c11f62e6b7252fb75efe2787056872a627c,12,0,2,1,linux,BFC
ff023aac31198e88507d626825379b28ea481d4d,778,0,73,5,linux,BIC
92e10465acaffcf65e803f40e884ffa86fd3ff2f,0,0,2,1,linux,BFC
9fbc5a3245f8b32ef941e39597ba7b5e15b07376,0,1,0,1,linux,BFC
8fc75bed96bb94e23ca51bd9be4daf65c57697bf,1,0,4,1,linux,BIC
bf44f488e168368cae4139b4b33c3d0aaa11679c,0,0,4,1,linux,BFC
4303741f99d617c1fc3c9069195d3d620c2f88c4,0,0,2,1,linux,BFC
a03675497970a93fcf25d81d9d92a59c2d7377a7,0,0,1,1,linux,BFC
93fbe91b552194af970256ce72934745d01df435,404,0,0,2,linux,BIC
cbb2fb5c72f48d3029c144be0f0e61da1c7bccf7,2,0,0,1,linux,BFC
36cc2b9222b5106de34085c4dd8635ac67ef5cba,2,0,1,1,linux,BFC
ab4911b7d411ab2ef3b38322178b9138e156c393,14,0,1,1,linux,BFC
8cbfe939abe905280279e84a297b1cb34e0d0ec9,231,0,23,17,linux,BIC
29dd908d355f565bc2c1ab475f0322b29e9cf3eb,1,0,0,1,linux,BIC
bd961c9bc66497f0c63f4ba1d02900bb85078366,11,0,9,1,linux,BFC
73e6c5d854d3f7f75e8b46d3e54aeb5d83fe6b1f,0,1,1,1,linux,BFC
38fcdcbd3def356f3d637b68a2aeebd9dcdfdba3,0,0,7,1,linux,BFC
54e08d9a95ca54a192a9aef76742a4f7e81f6780,78,0,10,2,linux,BIC
e50293ef9775c5f1cf3fcc093037dd6a8c5684ea,16,0,3,1,linux,BIC
7e9081c5aac73b8a0bc22e0b3e7a12c3e9cf5256,0,0,8,3,linux,BFC
6529007522ded00b8912c079250620fa7a732166,136,0,0,2,linux,BIC
595a334148449bd1d27cf5d6fcb3b0d718cb1b9f,0,0,2,1,linux,BFC
dcb351c03f2fa6a599de1061b174167e03ee312b,3,0,8,1,linux,BFC
ea6f3af4c5e63f6981c0b0ab8ebec438e2d5ef40,16,0,3,1,linux,BIC
af309226db916e2c6e08d3eba3fa5c34225200c4,5,0,1,1,linux,BFC
39fc8830eb96a559be8554b8df1e0c31f375feaf,0,0,1,1,linux,BFC
727d6a8b7ef3d25080fad228b2c4a1d4da5999c6,8,4,0,1,linux,BFC
6a9e261cbbee08c499f2331910027e8c40c8f81f,2,2,1,2,linux,BFC
5eab5a7ee032acaab3da8fc95a3614fec14687ac,14,0,0,1,linux,BIC
fbef103fad5009827965b10aedbecb1786904f4d,0,8,4,2,linux,BIC
3765d35ed8b9363cbf72ffe2282002d717a40843,6,1,7,1,linux,BIC
fad73a1a35ea61f13607a391aca669caad8c04ca,9,3,6,2,linux,BFC
dba9e3467425800f9d3a14e8b6a0f85c731c1650,0,0,4,1,linux,BFC
036e126c72eb29b9464e5868c1ac86f8fd9c8a80,35,15,5,1,linux,BIC
829adda597fef2fe133d57aac681580b2e292268,53,0,0,1,linux,BIC
87f92ac4c12758c4da3bbe4393f1d884b610b8a6,0,0,1,1,linux,BFC
b3748ddd80569ec753f62e709629b8c639143222,262,0,0,1,linux,BIC
fab9adfb71fc8690e20c3c280d39d49c8f4a3f0a,0,0,1,1,linux,BFC
59e9fcf8772bd97b6d681706fb8c9a972500c524,31,0,2,1,linux,BFC
b30d0040f06159de97ad9c0b1536f47250719d7d,2,0,1,1,linux,BFC
032d57960176ac01cc5adff5bcc5eb51317f8781,0,0,1,1,linux,BFC
1d8ca002456b6c504b0af2d159c4776ba6b1ad81,8,2,24,4,linux,BIC
2bb8ad9b44c528a7f8c0e9120b85b9ecc69b2bbe,210,0,7,1,linux,BIC
2a42eb9594a1480b4ead9e036e06ee1290e5fa6d,25,2,20,2,linux,BIC
dbe173079ab58a444e12dbebe96f5aec1e0bed1a,27,22,1,1,linux,BFC
dd65030295e20338bbb8238454c2e9546b6e5e17,0,0,2,1,linux,BIC
0b59970e7d96edcb3c7f651d9d48e1a59af3c3b0,0,2,0,1,linux,BFC
fe2d9b1a0e7805384770ec0ddd34c9f1e9fe6fa8,1,0,0,1,linux,BFC
7482d9cb5b974b7ad1a58fa8714f7a8c05b5d278,1,0,4,1,linux,BFC
df5a8ec64eed7fe45b556cfff503acd6429ab817,0,0,5,1,linux,BFC
f272285f6abb9178d029375599626baf3d5f4e8a,0,0,1,1,linux,BFC
dd0cf235d81f24c1ba80c4a000bafc9f2dce3840,9,0,3,1,linux,BIC
bef0057b7ba881d5ae67eec876df7a26fe672a59,2,0,0,1,linux,BFC
6cc7b38c0ca3187abd07af849ec179b42337bcf6,2,0,3,1,linux,BFC
64324bac750b84ca54711fb7d332132fcdb87293,0,1,0,1,linux,BFC
7545b6c2087f4ef0287c8c9b7eba6a728c67ff8e,8,0,11,1,linux,BFC
02333de90e5945e2fe7fc75b15b4eb9aee187f0a,1,0,2,1,linux,BFC
28c988c3ec29db74a1dda631b18785958d57df4f,0,10,0,1,linux,BFC
fca3d33d8ad61eb53eca3ee4cac476d1e31b9008,7,0,0,1,linux,BFC
c6f02291d114b76b081930ba0e0bacd655ad4128,8,0,18,1,linux,BFC
99cbbe56eb8bede625f410ab62ba34673ffa7d21,3,0,0,1,linux,BFC
18b9c9403758ff68d93ee2f593096778d58e6f76,0,0,4,1,linux,BFC
0bbea75c476b77fa7d7811d6be911cc7583e640f,0,0,4,1,linux,BFC
b061c38bef43406df8e73c5be06cbfacad5ee6ad,7,4,1,1,linux,BFC
06f55fd2d22742ed7e725124dfea68936d12ce40,8,0,1,1,linux,BFC
2818fa0fa068bcbc87d6bd9064e3c1f72d6fcc2a,9,0,6,1,linux,BFC
07acf909ee33983fe22334446dd5c2adf0fdca26,71,2,14,4,linux,BFC
d358aa9a7a2d5f91b1d33d5d4e27c2e46638d123,9868,0,0,11,linux,BIC
609070133aff1f2b533561758aa97c947fa534c8,76,54,10,3,linux,BIC
2e616d9f9ce8d469db4cd0a019cdc2ff3feab577,3,0,0,1,linux,BFC
f0774d884bad7007b54cfffb5c93c23420c75aa6,3,0,0,1,linux,BFC
c673b7f59e940061467200f1746820a178444bd0,0,0,2,1,linux,BFC
70e12560126685e982ee680e0e40049edbd66cf0,3,0,1,1,linux,BFC
46fcb57e6b7283533ebf8ba17a6bd30fa88bdc9f,10,0,1,1,linux,BFC
f62caccd12c17e4cb516d43a6e4dd8a3abc1f7e0,274,0,6,1,linux,BIC
b50bb8ba369cdc8814e82558117711c12ef3af3d,15,12,21,1,linux,BIC
8d63bee643f1fb53e472f0e135cae4eb99d62d19,0,0,3,3,linux,BFC
2249357459c0a52608678c27ebc74c4238204057,1,2,0,1,linux,BFC
ab24a01b276508dc884761bcb8e2759c36702377,0,0,1,1,linux,BFC
23715275e4fb6f64358a499d20928a9e93819f2f,6,0,1,1,linux,BFC
13262fc26c1837c51a5131dbbdd67a2387f8bfc7,3,0,1,1,linux,BFC
3d787b392d169d4a2e3aee6ac6dfd6ec39722cf2,2,2,0,1,linux,BFC
64e86fec54069266ba32be551d7b7f75e88ab60c,1,0,5,1,linux,BFC
cdfa835c6e5e87d145f9f632b58843de97509f2b,48,4,26,1,linux,BIC
4102b53392d6397d80b6e09b516517efacf7ea77,197,0,22,5,linux,BIC
25fff58cb24c8880090d8b8ef7746001a135e876,0,3,1,1,linux,BFC
9e4bec5b2a230066a0dc9f79f24b4c1bcb668c5a,112,0,11,4,linux,BIC
045e36780f11523e26d1e4a8c78bdc57f4003bd0,1856,0,0,4,linux,BIC
6690e86be83ac75832e461c141055b5d601c0a6d,16,0,0,3,linux,BFC
77ef38574beb3e0b414db48e9c0f04633df68ba6,6,2,10,6,linux,BFC
a9a6b52ee1baa865283a91eb8d443ee91adfca56,4,0,1,1,linux,BIC
b92b4fb5c14257c0e7eae291ecc1f7b1962e1699,0,0,1,1,linux,BFC
9fcf986cc4bc6a3a39f23fbcbbc3a9e52d3c24fd,4,1,17,4,linux,BFC
3452239effed2b6ea25835f93bdb8a31f6829ffe,1,0,1,1,linux,BFC
cb6d3c0f1baeaa554557a4203fe40142e2d67b92,0,1,2,1,linux,BFC
8414809c6a1e8479e331e09254adb58b33a36d25,37,0,16,1,linux,BIC
a92a90ac62d3284a8deaef43c6ea4dbd5dd878b0,1,0,1,1,linux,BFC
95bb633048fab742230eb2cdf20b8e2676240a54,0,0,2,1,linux,BFC
071657d2c38c54bf047cf2280fc96e4a3e8a91f2,64,0,0,1,linux,BIC
db4a555f7c4cfcca26ca3a4ff5f9ee9bd6a78f98,377,0,178,1,linux,BIC
0bf02a0d80427f263195c1e5a4c8ada14bd5d261,466,1,4,5,linux,BIC
4a8f71014b4d56c4fb287607e844c0a9f68f46d9,4,8,1,1,linux,BIC
9b7becf103e2689d7f005895130ccf89a153fef1,0,1,1,1,linux,BFC
bfe860351e31e71913d4e6c46aae5724b661a519,7,28,98,6,linux,BIC
f94b47c6bde624d6c07f43054087607c52054a95,9,0,3,2,linux,BIC
47e6ab24e8c6e3ca10ceb5835413f401f90de4bf,1,0,1,1,linux,BFC
6be7fa3c74d1e0cd50f2157b5c1524f152bf641e,57,4,9,3,linux,BIC
091c12e1f50cce93b1af90e56cad88787ec86dfb,247,0,1,2,linux,BIC
2840f710f23a3a867426637393acbdfa1f4f1d59,1,0,0,1,linux,BFC
17e83a0a1e134401616120b6976f65234e7ccc45,0,0,2,1,linux,BFC
37c4b91f955fdd5f4ad771956b97d35f1321098e,0,0,1,1,linux,BFC
ba4bc32eaa39ba7687f0958ae90eec94da613b46,0,0,2,2,linux,BFC
a39ca6ae0a08994a59d017a445939e164bc77fd5,5,55,17,1,linux,BIC
e662e14d801b01a976e58bc3f8d9fe49b9fcec3a,368,0,2,4,linux,BIC
68f60538daa4bc3da5d0764d46f391916fba20fd,9,0,0,1,linux,BFC
2a30f9440640c418bcfbea9b2b344d268b58e0a2,12,0,9,1,linux,BFC
969447f226b451c453ddc83cac6144eaeac6f2e3,2,0,1,1,linux,BFC
5fa99cbe7b666dce6dd8ac55b253778893b9c5df,5,10,1,1,linux,BFC
8cb125566c40b7141d8842c534f0ea5820ee3d5c,1,0,0,1,linux,BFC
8793d0a664a8a2c5e18e929c1f995c784c105705,38,0,0,2,linux,BIC
437ef802e0adc9f162a95213a3488e8646e5fc03,1,0,1,1,linux,BFC
0ea9de0ea6a4e4a1d343130b2a159b4f986e288e,0,9,2,2,linux,BIC
aff76ab795364569b1cac58c1d0bc7df956e3899,4,0,0,1,linux,BFC
4f4c4a3ee53cc20569158a05f99b6c2d1f9c998a,16,5,13,2,linux,BIC
1b26cb8a77a49d8f8b5b723ef1db4cd6d2434dfc,344,0,0,2,linux,BIC
f83e4f9896eff614d0f2547a561fa5f39f9cddde,313,0,1,2,linux,BIC
ad2b6e01024ef23bddc3ce0bcb115ecd8c520b7e,13,0,0,1,linux,BFC
920d2b5ef2157e169d85cb778feca558c56b8370,645,0,0,6,linux,BIC
22123a0e4974fe03d1d8446b132a6c455f95a516,0,8,1,1,linux,BFC
1210d1e6bad1e7ccccb19627b880a50d7c15dd51,465,0,1,4,linux,BIC
3cea33b6f2d7782d1be17c71509986f33ee93541,2,0,0,1,linux,BFC
7dc839fe47611e6995f370cae37b9797cf7d2672,0,0,1,1,linux,BFC
6687aeb9cd3d40904d1f9e884d2145603c23adfa,5,0,8,1,linux,BFC
6de5f7f6a1fa2288552d46b3effbb6d5571413e5,73,0,4,6,linux,BIC
f262f28c147051e7aa6daaf4fb5996833ffadff4,1157,0,0,4,linux,BIC
bcc3f2a829b9edbe3da5fb117ee5a63686d31834,0,0,2,1,linux,BFC
09e61b4f78498bd9f213b0a536e80b79507ea89f,52,14,21,3,linux,BIC
af48d7bc3756a0cd882d65bff14ab39746ba57fe,1,0,0,1,linux,BFC
155fc6ba488a8bdfd1d3be3d7ba98c9cec2b2429,0,0,2,1,linux,BFC
fb653827c758725b149b5c924a5eb50ab4812750,1,0,1,1,linux,BFC
8d8bb85eb7d859aa9bbe36e588690a1d22af7608,38,9,2,1,linux,BFC
8646e53633f314e4d746a988240d3b951a92f94a,10,0,4,2,linux,BFC
7dd06a2548b2bf516ef2e79873a9cdd00b354b99,0,5,6,1,linux,BFC
dcd208697707b12adeaa45643bab239c5e90ef9b,2,0,1,1,linux,BFC
300ad8992913025b4294d4fc37b6bfff4a8b7ad1,21,0,2,1,linux,BFC
b1335f5b0486f61fb66b123b40f8e7a98e49605d,0,47,31,1,linux,BFC
8467dda0c26583547731e7f3ea73fc3856bae3bf,0,0,1,1,linux,BFC
4e71dcae0c4cd1e9d19b8b3d80214a4bcdca5a42,1,0,4,3,linux,BFC
9c315e4d7d8c3bddad3893777bbab4164b298818,2,0,10,1,linux,BIC
6ee50c8e262a0f0693dad264c3c99e30e6442a56,2,0,2,1,linux,BFC
fb7c02445c497943e7296cd3deee04422b63acb8,13,0,8,2,linux,BIC
1f0b63866fc1be700260547be8edf8e6f0af37f2,40,0,0,3,linux,BIC
246bb4aaa4f4314816ae6835f3c6cc6dc7a10f4f,4,7,5,1,linux,BFC
2bdf6acbfead7e9aa69f36ee5682d1e5c8f70367,168,0,0,1,linux,BIC
c060c72ffeb448fbb5864faa1f672ebfe14dd25f,1,0,1,1,linux,BFC
7ff0d4490ebadae8037a079a70c5cac13385a808,0,2,4,2,linux,BFC
ac461122c88a10b7d775de2f56467f097c9e627a,0,2,1,1,linux,BFC
b7999b07726c16974ba9ca3bb9fe98ecbec5f81c,0,1,1,1,linux,BFC
5cb289bf2d7c34ca1abd794ce116c4f19185a1d4,1,0,1,1,linux,BFC
d4261e5650004d6d51137553ea5433d5828562dc,3,0,0,2,linux,BIC
1022a5498f6f745c3b5fd3f050a5e11e7ca354f0,17,13,14,1,linux,BIC
ff53664daff2a65f4bf2479ac56dfb3e908deff0,9,0,0,1,linux,BIC
d3683eeb9d2b4aa5256f830721655ef2ee97e324,2,0,1,1,linux,BFC
d4a96bec7a7362834ef5c31d7b2cc9bf36eb0570,30,0,22,4,linux,BFC
4ff4ebac3f1378f4ba6e11fe5ad4a4ac590bb8a4,3,0,1,1,linux,BFC
b7429ea53d6c0936a0f10a5d64164f0aea440143,2,0,0,1,linux,BIC
cd7f5ca33585918febe5e2f6dc090a21cfa775b0,92,0,1,4,linux,BIC
72fb96e7bdbbdd4421b0726992496531060f3636,26,0,2,3,linux,BFC
25db26a91364db00f5a30da2fea8e9afe14a163c,402,0,0,3,linux,BIC
e5b6b07a1b45dd9d19bec1fa1d60750b0fcf2fb0,10,0,3,2,linux,BIC
5934d9a0383619c14df91af8fd76261dc3de2f5f,0,0,1,1,linux,BFC
b268d9fe0f10544f5f7a1b7015e2b97075e6215d,0,0,1,1,linux,BFC
7fa6d59816e7d81cfd4f854468c477c12b85c789,4,0,2,1,linux,BFC
371d5e9d99e1e6051ce8bd02ab3db4d43be62b85,0,0,1,1,linux,BFC
2c91f8fc6c999fe10185d8ad99fda1759f662f70,49,1,15,3,linux,BFC
2fb541c862c987d02dfdf28f1545016deecfa0d5,32,14,1,1,linux,BFC
60a6531bfe49555581ccd65f66a350cc5693fcde,0,0,3,1,linux,BFC
a2b7a622d6292b693544d7c94bb5d11c3f4676f8,0,0,1,1,linux,BFC
f7a1337f0d29b98733c8824e165fca3371d7d4fd,0,0,1,1,linux,BFC
ed4a6d7f0676db50b5023cc01f6cda82a2f2a307,42,0,0,3,linux,BIC
d5421ea43d30701e03cadc56a38854c36a8b4433,3,0,0,1,linux,BFC
158bc148a31ea22a2ef8cbaf4d968476bddefbc0,1,53,13,2,linux,BIC
ab9dbf771ff9b6b7e814e759213ed01d7f0de320,45,22,0,6,linux,BIC
fa51b16d05583c7aebbc06330afb50276243d198,0,0,1,1,linux,BFC
2e64ff154ce6ce9a8dc0f9556463916efa6ff460,1,0,12,3,linux,BFC
ffed1b94cbf869e81de0525608193f367db2ba36,12,0,15,1,linux,BFC
78e0ea6791d7baafb8a0ca82b1bd0c7b3453c919,4,4,5,1,linux,BFC
f22084b662e5029f3ec31a9871d9c1c01aaa76de,5,31,7,2,linux,BIC
c76f2481b60a62814f4cb1678e48efa3385895aa,1,0,1,1,linux,BFC
2471c98165494173a3cd03231b216b909c063e41,0,0,1,1,linux,BFC
45a2966fd64147518dc5bca25f447bd0fb5359ac,27,4,10,4,linux,BIC
5d424d5a674f782d0659a3b66d951f412901faee,308,19,18,9,linux,BIC
4a06825839889cc1756d0dd8a52d6b1071ee0263,120,0,0,6,linux,BIC
73669cc556462f4e50376538d77ee312142e8a8a,0,8,6,3,linux,BIC
7617af3d1a5e0938eb1fd2742f19bcea772c7f8d,53,0,0,2,linux,BIC
10c7e20b2ff3caa5a8c0e7d60aef5a9c86e60ce8,20,1,5,2,linux,BIC
47be61845c775643f1aa4d2a54343549f943c94c,4,1,1,1,linux,BIC
b33c448c4f920d5399acea9ccbb508baec272f6f,0,5,3,1,linux,BFC
ba830b3d093580f424fd31b7cd693046a86cf030,0,3,0,1,linux,BFC
fb1fe1041c04ee5ba362cf239e83a7c559beb0f3,157,21,23,1,linux,BIC
b66ccc571319627931e3e61a72747329387eab45,21,0,1,1,linux,BFC
38b4fe320119859c11b1dc06f6b4987a16344fa1,4,4,2,1,linux,BFC
536a6c8e05f95e3d1118c40ae8b3022ee2d05d52,9,0,7,1,linux,BFC
4886460c4d1576e85b12601b8b328278a483df86,0,0,2,1,linux,BFC
141d170495beb4772fad653312364dac6f4716f5,10,0,0,1,linux,BFC
621e55ff5b8e0ab5d1063f0eae0ef3960bef8f6e,35,4,9,2,linux,BFC
1a037782e79047ec3386d8ba94c103cbdfb851d0,7,0,5,1,linux,BFC
aae458725412332825f31121a5feb8fd887cac5a,0,0,1,1,linux,BFC
e2194a1744e8594e82a861687808c1adca419b85,6,0,7,1,linux,BFC
2e7c8fb8942773f412fe12f3b63e8bb92c18ab3f,1,0,0,1,linux,BFC
bd019427bf3623ee3c7d2845cf921bbf4c14846c,3,15,6,2,linux,BFC
ea9c260514c15f14d43a4c099646c44238dccf1e,446,0,0,4,linux,BIC
887a65c4ab1511a9afc8a20e5507bec3d074f867,0,0,1,1,linux,BFC
944b28aa2982b4590d4d4dfc777cf85135dca2c0,0,6,7,1,linux,BIC
fa2bf86bab4bbc61e5678a42a14e40075093a98f,1,0,0,1,linux,BFC
7c2dcfa295b149a58010632c7eb7e73bd0626a7a,75,0,0,2,linux,BIC
362f4562466c3b9490e733e06999025638310d4a,13,3,12,1,linux,BFC
8d7e8240e66cecc84a375aceb26942d02b291198,0,137,11,3,linux,BIC
0603eac0d6b77acac5924a2734228cbaf072f993,41,0,4,2,linux,BIC
8b0c93c20ef78f15d8b760964ff79bda7f68c610,15,0,1,1,linux,BIC
91bc0d5272d3a4dc3d4fd2a74387c7e7361bbe96,3,0,2,1,linux,BFC
64e03ff72623b8c2ea89ca3cb660094e019ed4ae,0,2,2,2,linux,BFC
1389309c811b0c954bf3b591b761d79b1700283d,37,2,3,2,linux,BIC
87108dc78eb8935b5cebab70f8158807d5a7617f,23,0,14,1,linux,BIC
bb364890323cca6e43f13e86d190ebf34a7d8cea,5,1,6,1,linux,BIC
383a32cde4172db19d4743d4c782c00af39ff275,1,0,0,1,linux,BFC
061701540349c30d72e48a201449a840c77ad509,51,2,5,3,linux,BIC
6d5b988e7dc56bb97c39bdcbc006fadcd6ca371b,51,0,6,6,linux,BIC
cc7cf991e9eb54cac7733dc7d8f3a8591ba6e1c3,55,4,21,1,linux,BIC
c89d362541553de8977732b8cff9bcbc6db701c1,126,40,9,2,linux,BIC
070ad7e793dc6ff753ee682ef7790b3373b471f6,17,14,56,1,linux,BIC
438c84c2f0c794f75ab55ce65c505b01bfce4480,58,6,11,3,linux,BIC
bb5cf3386327c9cb5ca3fbb85242e940751649c8,4,0,0,1,linux,BFC
a9c342ab77ab6e8ab662105335ae1e44e01271d4,0,1,0,1,linux,BFC
c5d343b6b7badd1f5fe0873eff2e8d63a193e732,0,2,6,3,linux,BFC
97341ef7070d984305aaefe8b713491e3213d6ab,0,0,2,1,linux,BFC
f5e2bb4f5b2252e8f170f59bece2cf9a2efc8e6a,0,9,5,1,linux,BIC
db8268df0983adc2bb1fb48c9e5f7bfbb5f617f3,175,0,3,6,linux,BIC
07115449919383548d094ff83cc27bd08639a8a1,1,2,7,1,linux,BIC
804c2f3e36ef60e6f50e6101ae06b02fbaa14b9a,54,53,15,4,linux,BIC
b48c104d2211b0ac881a71f5f76a3816225f8111,47,0,0,2,linux,BIC
bb55362bd6976631b662ca712779b6532d8de0a6,1,1,0,1,linux,BFC
59dc5bfca0cb6a29db1a50847684eb5c19f8f400,105,15,157,40,linux,BIC
0881954965e3d9af1e715519404cea66a794207e,67,19,36,7,linux,BIC
469998c861faaa9f228701557fe8454f75a12e5c,29,5,9,2,linux,BIC
cb47d16ea21045c66eebbf5ed792e74a8537e27a,6,0,3,1,linux,BFC
afe0b1c86458f121b085271e4f3034017a90d4a3,0,1,5,2,linux,BFC
f33a8a51602c84cc7d5cadd2655835ba3b7d03f9,28,70,19,11,linux,BIC
fba4c330c5b9d1beeae08a42ed4430f5055e7f27,8,0,0,1,linux,BIC
924a9bc362a5223cd448ca08c3dde21235adc310,5,0,1,1,linux,BIC
9eefe520c814f6f62c5d36a2ddcd3fb99dfdb30e,60,3,16,3,linux,BIC
dc87f6dd058a648cd2a35e4aa04592dccdc9f0c2,0,0,1,1,linux,BFC
dcf097e7d21fbdfbf20e473ac155f4d154018374,1,0,0,1,linux,BFC
6c6aa15fdea52aa4a19cc0b5478884af591c9351,2,8,19,1,linux,BIC
73956fc07dd7b25d4a33ab3fdd6247c60d0b237c,0,1,0,1,linux,BFC
4dce82c1e84007d38747533673c2289bfc6497d2,207,0,0,1,linux,BIC
5ae48040aa479e9bb4f2e4630867725edca1a1c3,43,0,0,1,linux,BIC
3e721aeb3df3816e283ab18e327cd4652972e213,2,0,8,1,linux,BIC
834ec3e1ee65029029225a86c12337a6cd385af7,2,0,1,1,linux,BFC
5b029624948d6864053166da1263df74c0c443df,7,28,8,1,linux,BIC
e924be7b0b0d1f37d0509c854a92c7a71e3cdfe7,2,0,3,1,linux,BFC
bfe5b1b1e013f7b1c0fd2ac3b3c8c380114b3fb9,2,0,1,1,linux,BFC
db57656b0072415488a08332ba46494a5e334b37,84,15,190,5,linux,BIC
661d2b0ccef6a63f48b61105cf7be17403d1db01,0,2,2,1,linux,BFC
ee023de05f35484691f7d9e5c1f92195ac4d64d2,12,0,0,2,linux,BIC
c100e47caa8efe818f92c55f50933632f0af0e93,320,0,2,1,linux,BIC
7dffbdedb96a076843719d4ea5b2cd666481c416,27,3,12,3,linux,BIC
63634aa679ba8b5e306ad0727120309ae6ba8a8e,1,0,0,1,linux,BFC
d8a64313c171464aedd6289378a51c8f0f524acb,0,0,1,1,linux,BFC
1fa3e2eb9db07f30a605c66d1a2fdde4b24e74d5,0,0,2,1,linux,BFC
bf3f5e98559360661a3d2af340d46522512c0b00,1,0,0,1,linux,BFC
69228338c9c3f0519f0daeca362a730130211c83,8,4,10,3,linux,BFC
255489f5b33ccec046be689dd45b5ccdec2b2a32,64,0,4,2,linux,BIC
0ab4c9594812c4bc5606daf0677ae304bf7ec8c8,0,0,3,1,linux,BFC
0d4ced1c5bfe649196877d90442d4fd618e19153,4,3,1,1,linux,BFC
f917c04fac45b70ff38633675f86ab4b51782205,0,0,1,1,linux,BFC
65fe1f0f66a57380229a4ced844188103135f37b,147,2,9,7,linux,BIC
84a21dbdef0b96d773599c33c2afbb002198d303,0,2,2,1,linux,BFC
019d9329e7481cfaccbd8ed17b1e04ca76970f13,0,0,4,2,linux,BFC
b096f626a6827ad2ced5ebdbdc04e62422d463f6,141,5,3,2,linux,BIC
9d39f05490115bf145e5ea03c0b7ec9d3d015b01,0,0,2,1,linux,BFC
84696cfaf4d90945eb2a8302edc6cf627db56b84,0,2,0,1,linux,BFC
a1c4cd67840ef80f6ca5f73326fa9a6719303a95,0,0,2,1,linux,BFC
73348fed35d023e998cbd303a28400f2c0ec30a3,6,0,20,1,linux,BIC
d1f4c966475c6dd2545c6625022cb24e878bee11,3,0,0,1,linux,BFC
bd84dff0217414d9f9b829a3b75b2487aff857b7,1,0,1,1,linux,BFC
915593a7a663b2ad08b895a5f3ba8b19d89d4ebf,4,1,1,1,linux,BFC
66d29985fab8207b1b2c03ac34a2c294c5b47a30,104,55,36,8,linux,BIC
cf09a8ee19ad1f78b4e18cdde9f2a61133efacf5,6,0,10,5,linux,BIC
c788ef61ef2ae51dc9cbd589e118f827585c156f,9,0,0,1,linux,BFC
01cf387b1c7f60527c91627528370f463bcb84f3,1,9,35,2,linux,BFC
6565c182094f69e4ffdece337d395eb7ec760efc,0,0,1,1,linux,BFC
1085fdc68c6097244627a02a56bd2d8fe58a1a9c,146,0,3,8,linux,BIC
bbd00f7e2349e53345d0a151c04c8cb7e10bf2e7,161,0,2,2,linux,BIC
02a10f061a3f8bca1b37332672f50a107198adbe,0,0,2,1,linux,BFC
8b797490b4db09492acda4b4a4a4355d2311a614,9,6,1,1,linux,BIC
45102048f77ef72a57a877efad0f012b917d4df7,388,0,0,3,linux,BIC
0ae349a0f33fb040a2bc228fdc6d60111455feab,868,0,0,1,linux,BIC
5292afa657d0e790b7479ad8eef9450c1e040b3d,2,0,2,1,linux,BFC
69ca2d771e4e709c5ae1125858e1246e77ef8b86,5,0,0,1,linux,BFC
195a4b4298a7951c845dac2b326585c66add3435,603,0,0,1,linux,BIC
d59c5e025081a4c1f4528010524a37ddc5a986be,0,124,0,1,linux,BFC
1368ead04c361bb4595ace9122c79dd75e54a650,95,2,51,1,linux,BIC
d5d9696b03808bc6be723cc85288c912c3a05606,1248,0,0,1,linux,BIC
fa417f7b520ee60b39f7e23528d2030af30a07d1,615,9,99,6,linux,BIC
9804501fa1228048857910a6bf23e085aade37cc,16,3,9,3,linux,BIC
200fd27c8fa2ba8bb4529033967b69a7cbfa2c2e,35,0,0,2,linux,BIC
457c52d87e5dac9a4cf1a6a287e60ea7645067d4,2,3,15,3,linux,BFC
dbb0569de852fb4576d6f62078d515f989a181ca,4,0,0,1,linux,BIC
aa4ea675528f3fa11e9663e5a32f55a81c34dcac,6,0,2,2,linux,BFC
67147e96a332b56c7206238162771d82467f86c0,4,0,7,1,linux,BFC
926234f1b8434c4409aa4c53637aa3362ca07cea,8,0,6,1,linux,BFC
d744318574090c3b796915d9d710bdb17db191a1,0,1,3,1,linux,BFC
1f0f1e80fdd3aa9631f6c22cda4f8550cfcfcc3e,1,0,0,1,linux,BFC
919d2b1dbb074d438027135ba644411931179a59,253,5,3,2,linux,BIC
c0fabd12a8570cb932f13d9388f3d887ad44369b,8,0,3,1,linux,BFC
7067b2619017d51e71686ca9756b454de0e5826a,1,0,0,1,linux,BFC
31cb50b5590fe911077b8463ad01144fac8fa4f3,0,26,1,1,linux,BIC
e0c42ce590fe331ab78368c6edc6cc8701e2aece,5,10,5,1,linux,BIC
c3abb51bdb0eb08500856ef897ec1ceab8711d95,22,0,17,4,linux,BIC
7ee7e87dfb158e79019ea1d5ea1b0e6f2bc93ee4,0,0,2,1,linux,BFC
ee02f73e04c0e690600f621a3a1d2245834af7fe,0,0,1,1,linux,BFC
e3ee15dc5d19d060012d0a89b085d56e50d40a2b,37,12,5,1,linux,BIC
fc5f33768cca7144f8d793205b229d46740d183b,6,0,1,1,linux,BFC
d194fd265e78ca1b2a4607918778446de44818b2,2,0,4,2,linux,BFC
0a5e7370be139ecf52e09edb053be781a81ca3c1,0,0,1,1,linux,BFC
a8636c89648ab12e59d8f3aa667ec76fc96fd643,10,0,1,1,linux,BIC
719d13415f5977710afeb5f4e622c5c9c18976fa,67,101,9,3,linux,BIC
a3b658cfb66497525278cbf852913a04dbaae992,20,6,3,3,linux,BIC
85225e6f0a76e6745bc841c9f25169c509b573d8,0,0,1,1,linux,BFC
128227e7fe4087b60f1bd31f762e61237eb23790,6,0,1,3,linux,BFC
1264d7fa3a64d8bea7aebb77253f917947ffda25,0,0,1,1,linux,BFC
558d52b2976b1db3098139aa83ceb9af9066a0e7,77,0,3,2,linux,BFC
96147375d49f9b523e6462992ddcfb753835c42f,1,0,1,1,linux,BFC
09bdcd6e1784da3d14b3b8d4b6760610dffeb269,0,0,1,1,linux,BFC
bd3524feac214f0ab9693c6d4c0cb5be8e1318b9,8,8,4,3,linux,BFC
94b3334cbebea34d56a7e6321c6fe9d89b309a49,12,0,0,1,linux,BFC
883a2a80f79ca5c0c105605fafabd1f3df99b34c,24,28,1,1,linux,BIC
c04148f915e5ba7947752e6348e0da4cdab1329e,884,0,0,1,linux,BIC
166b6a46b78bf8b9559a6620c3032f9fe492e082,1,0,0,1,linux,BFC
59438b46471ae6cdfb761afc8c9beaf1e428a331,74,27,0,7,linux,BIC
68c5634c4a7278672a3bed00eb5646884257c413,0,5,0,1,linux,BFC
a88e03cf3d190cf46bc4063a9b7efe87590de5f4,0,0,1,1,linux,BFC
51b0be640cf6e2cb63a7cf4d9c7c4acd3ad5afd0,0,0,1,1,linux,BFC
a7f80189e41c96c0c6210e9198a31859c91eb3e5,0,1,2,2,linux,BFC
70bce993a7aa57c00798d8f13ebbbddd81cbbef9,7,0,0,1,linux,BFC
dfb9a8857f4decbba8c2206e8877e1d741ee1b47,19,7,1,1,linux,BFC
e3a920afc3482e954834a4ed95908c4bc5e4c000,0,0,1,1,linux,BFC
d3b990b7f327e2afa98006e7666fb8ada8ed8683,12,11,18,1,linux,BIC
93b884f8d82f08c7af542703a724cc23cd2d5bfc,6,0,2,1,linux,BFC
3cd7957e85e67120bb9f6bfb75d81dcc19af282b,46,56,15,3,linux,BFC
1b7e38b92b0bbd363369f5160f13f4d26140972d,2,0,0,1,linux,BFC
96de900ae78e7dbedc937fd91bafe2934579c65a,5,0,0,2,linux,BFC
181d8d2066c000ba0a0e6940a7ad80f1a0e68e9d,0,14,5,2,linux,BFC
d7e64c6d9c60f8c72d46c82af185336eaa2a1989,2,0,1,1,linux,BFC
4da9152a4308dcbf611cde399c695c359fc9145f,6,0,11,1,linux,BFC
3c27b0c6ea48bc61492a138c410e262735d660ab,13,25,0,3,linux,BFC
db31c55a6fb245fdbb752a2ca4aefec89afabb06,0,0,2,2,linux,BIC
5f61385d2ebc2bd62bc389c7da0d8d2f263be1eb,563,0,23,3,linux,BIC
4cf1bc1f10452065a29d576fc5693fc4fab5b919,434,0,1,9,linux,BIC
8b3405e345b5a098101b0c31b264c812bba045d9,10,0,0,1,linux,BIC
76c2145ded6b83488dec4afc46a29a57cee90552,1006,0,0,2,linux,BIC
e0535ce58b92d7baf0b33284a6c4f8f0338f943e,17,8,15,1,linux,BFC
8780cf1142a59568a3aa77959cbd76b2edb6fd81,16,1,0,1,linux,BIC
fa658a98a2d08352c514758b3394caf91360aa44,94,0,33,4,linux,BIC
15ae1375ea91ae2dee6f12d71a79d8c0a10a30bf,0,3,0,2,linux,BIC
e5fdabacbffc5d321bf9f51410fe0db0834606eb,14,0,2,1,linux,BFC
4fe81669df50889ff1072c030c59df5f1fa6534e,0,0,1,1,linux,BFC
610d2b601bbab632e91c6edfb15c44790ad85d32,0,27,0,3,linux,BIC
3d70fb03711c37bc64e8e9aea5830f498835f6bf,2,0,1,1,linux,BFC
7d2a5f9ae41e3d3b50cd32b9fb307fab88064daf,2298,0,0,4,linux,BIC
dbcf929c0062b758fbb6312ccaf30716c0c0a608,143,0,0,3,linux,BIC
89ba879e95582d3bba55081e45b5409e883312ca,72,30,33,2,linux,BFC
c041098c690fe53cea5d20c62f128a4f7a5c19fe,0,0,1,1,linux,BFC
b65c466220b336f5044c1be75ebc771d087ee7ca,873,0,0,1,linux,BIC
960632ece6949be1ab6f7a911faa4fa6e8305f4a,212,39,95,9,linux,BIC
20b1e22d01a4b0b11d3a1066e9feb04be38607ec,39,1,3,4,linux,BFC
c291ee622165cb2c8d4e7af63fffd499354a23be,77,0,2,5,linux,BFC
f765f45f29107fd51fc705f952542677e038758e,1,0,0,1,linux,BFC
d8b9605d2697c48fb822c821c5751afbb4567003,12,0,13,8,linux,BIC
d3f2e33c875de5052e032a9eefa64c897a930ed1,0,0,2,1,linux,BFC
203f8c250e2195371d418b1e8466e4caf1a0ed51,12,0,2,1,linux,BFC
275d7d44d802ef271a42dc87ac091a495ba72fc5,4,0,2,1,linux,BFC
8ea8cf89e19aeb596b818ee5f2bec8a8b0586b60,77,0,50,4,linux,BIC
f4b4aae1828855db761bf998ce37d3062b1d6446,0,0,1,1,linux,BIC
5c21c4ccafe85906db809de3af391fd434df8a27,180,6,28,4,linux,BIC
4838a54050284daac15dfeb1d65677e4dacf1bf5,8,0,3,3,linux,BFC
7caa47151ab2e644dd221f741ec7578d9532c9a3,2551,0,0,4,linux,BIC
c6c1e30a789b08de2e075cbd9705e81af3d2c7cc,3,0,2,1,linux,BFC
b7f14132bf58256e841774ae07d3ffb7a841c2bc,3,0,0,1,linux,BFC
cbad52e92ad7f01f0be4ca58bde59462dc1afe3a,0,0,1,1,linux,BFC
ade7db991b47ab3016a414468164f4966bd08202,0,2,1,1,linux,BFC
94c4b4fd25e6c3763941bdec3ad54f2204afa992,7,0,1,1,linux,BFC
e067ee336a9d3f038ffa9699c59f2abec3376bf7,1,0,0,1,linux,BFC
d11dfed5d700b8973d5742300e04b2aaa9d11217,11,9,3,1,linux,BIC
4bba3925924148c24fb0c7636a04ad69a6a56b84,0,0,1,7,linux,BIC
e284fc280473bed23f2e1ed324e102a48f7d17e1,464,6,6,4,linux,BIC
ee13cb249fabdff8b90aaff61add347749280087,95,0,5,3,linux,BIC
c9ee94965dce7b66964c5f0b0db892055757d608,18,53,0,3,linux,BIC
08736e83079929bdbff8ba91c6bdb3d3e57e0abd,0,0,1,1,linux,BFC
a226abcd5d427fe9d42efc442818a4a1821e2664,7,0,0,1,linux,BFC
d806e334d0390502cd2a820ad33d65d7f9bba618,13,0,1,1,linux,BFC
53b3947ddb7f309d1f611f8dc9bfd6ea9d699907,5,0,1,1,linux,BFC
1e51764a3c2ac05a23a22b2a95ddee4d9bffb16d,32780,0,0,32,linux,BIC
a0da4bc166f21d88400ec91e01b815054561804e,79,32,12,6,linux,BIC
f2a772c51206b0c3f262e4f6a3812c89a650191b,7,0,0,1,linux,BFC
a3ff9582369e71439ad2bf40e70474b9f1b85c55,0,0,2,1,linux,BIC
97df5e5758f7d1dd0ca97e3210696818fc45bdb3,169,44,23,2,linux,BFC
87e8657ba99cac87b84c7f8ead91b44d88345504,17,0,0,1,linux,BIC
1037ebbbd262227a91dfdd558159e345d4edf6b7,6,0,1,1,linux,BFC
d84ea2123f8d27144e3f4d58cd88c9c6ddc799de,9,0,5,1,linux,BFC
bb17d110cbf270d5247a6e261c5ad50e362d1675,35,24,5,4,linux,BIC
c7fa7f567cab6532be285a5df104617d80bce245,0,0,4,1,linux,BFC
00cb41d5ad3189f52a59f42766918557693f94fa,13,0,0,1,linux,BIC
6364e693f4a7a89a2fb3dd2cbd6cc06d5fd6e26d,3,0,1,1,linux,BFC
4a41c421f3676fdeea91733cf434dcf319c4c351,21,5,3,2,linux,BIC
b60205c7c558330e4e2b5df498355ec959457358,15,0,7,1,linux,BIC
d000e9b5e4a23dd700b3f58a4738c94bb5179ff0,4,0,2,1,linux,BFC
96a9c425e234aac193afb9da6ca11fafc679c7e2,0,0,1,1,linux,BFC
9374e8f5a38defe90bc65b2decf317c1c62d91dd,714,0,0,1,linux,BIC
4398d3c31b582db0d640b23434bf344a6c8df57c,0,0,1,1,linux,BFC
768c0b19b50665e337c96858aa2b7928d6dcf756,5,0,1,1,linux,BFC
40fafc8eca3f0d41b9dade5c10afb2dad723aad7,3,2,5,1,linux,BFC
0ff0f15a32c093381ad1abc06abe85afb561ab28,6,0,6,1,linux,BFC
18e601d6adae5042f82d105ccd3d4498050f2ebf,2,0,0,2,linux,BFC
2a36ab717e8fe678d98f81c14a0b124712719840,105,0,31,4,linux,BIC
773bda96492153e11d21eb63ac814669b51fc701,1297,2,44,1,linux,BIC
f62b8bb8f2d30582f30f51e85a8c0e1260125d7e,3195,23,1,8,linux,BIC
6f72ed75e5c572640ca45b439f27ffbb0a50e8c8,1,0,0,1,linux,BFC
c5b367835cfc7a8ef53b9670a409ffcc95194344,102,8,36,10,linux,BIC
c6d67fb037f4eaafeec495611dd909c51d33f6a2,89,0,12,1,linux,BIC
0f440524b69787ec2a843bc474a786beabc0bfa9,0,1,0,1,linux,BFC
92735b1b3313c97d24b54492a21083c75206e6ed,0,7,3,1,linux,BFC
4243219141b67d7c2fdb2d8073c17c539b9263eb,0,0,1,1,linux,BFC
afcb50ba7f745eea32f91d7f63d6aa88f929f9c4,2,0,0,1,linux,BFC
e4e835c87bb5ef7e7923e72da57c923bfcade418,0,8,0,1,linux,BFC
e0bb4ab9dfddd872622239f49fb2bd403b70853b,0,0,1,1,linux,BFC
9030a9e571b3ba250d3d450a98310e3c74ecaff4,0,0,1,1,linux,BFC
bdb2ce82818577ba6e57b7d68b698b8d17329281,0,4,5,2,linux,BFC
398391071f2576bbc6351bcb92c78fc432190ac3,50,63,47,6,linux,BIC
2f57b8d57673af2c2caf8c2c7bef01be940a5c2c,0,3,4,1,linux,BFC
4d7ba312dd1f94cce23f1f93f33bdf92db090688,8,0,0,1,linux,BIC
672ff5e3596ee27b64edcc73251f4ae1c8ab12ac,13,7,5,2,linux,BIC
f4710445458c0a1bd1c3c014ada2e7d7dc7b882f,21,0,20,1,linux,BIC
cf8ee6de2543a0fa6d9471ddbb7216464a9681a1,0,4,12,1,linux,BIC
94d7a86c21a3d6046bf4616272313cb7d525075a,0,3,0,1,linux,BFC
5c6144a0eb5366ae07fc5059301b139338f39bbd,9,0,0,1,linux,BFC
5799dac9c38a9585bc021bcb965623b835f24b1f,2,14,18,1,linux,BFC
20b329129009caf1c646152abe09b697227e1c37,11,0,1,1,linux,BIC
14d39461b3f4f0f827db64a2f1fc7bc44c452684,188,118,7,3,linux,BIC
763802b53a427ed3cbd419dbba255c414fdd9e7c,30,0,13,6,linux,BFC
0d0bd89435d19faa3f2fd73f7ee11c64ac9304f4,1,0,0,1,linux,BFC
17f78dd1bd624a4dd78ed5db3284a63ee807fcc3,2,0,0,1,linux,BFC
ba7af5ec5126dca17cdc8cfdb6740cdfb4bad70c,19,20,0,3,linux,BIC
a59388668d0ce19dadea909e09f4eb905a27b1ce,4,0,2,1,linux,BFC
7a074e96dee62586c935c80cecd931431bfdd0be,121,4,7,6,linux,BIC
8efd249babea2fec268cff90b9f5ca723dbb7499,0,0,1,1,linux,BFC
ec02ace8ca0a50eef430d3676de5c5fa978b0e29,3,0,1,1,linux,BFC
2e1139d613c7fb0956e82f72a8281c0a475ad4f8,1,0,1,1,linux,BFC
69842cba9ace84849bb9b8edcdf2cefccd97901c,290,6,0,5,linux,BIC
c47e6403fa099f200868d6b106701cb42d181d2b,5,0,1,1,linux,BFC
5eeb8c63a38ff20285f3bbe7bcfe5e7c33c8ba14,30,212,57,6,linux,BIC
94b6ada401cbcf2e81f34ac7c5c4ca82154fd22e,9,0,2,1,linux,BFC
75c05a74e745ae7d663b04d75777af80ada2233c,3,0,9,1,linux,BFC
c82c06ce43d372e0127982414539d1601d5f9ce3,0,2,1,1,linux,BIC
016eb55157166132b094e53434748cae35e18455,0,0,1,1,linux,BFC
7127d24372bf23675a36edc64d092dc7fd92ebe8,3,0,11,1,linux,BFC
210782038b54ec8e9059a3c12d6f6ae173efa3a9,1,0,1,1,linux,BFC
0bf059f3532bb39c52d917142206a8554fc2f1c5,6,0,0,2,linux,BIC
63ce8449bc1081711eef1add68909e9bd758de62,9,0,9,3,linux,BFC
e766fde6511e2be83acbca1d603035e08de23f3b,19,0,0,1,linux,BFC
14a3aacf517a9de725dd3219dbbcf741e31763c4,1,0,0,1,linux,BFC
592fafe644bf3a48b9e00e182a67d301493634fc,52,0,1,4,linux,BIC
ef0ff68351be4fd83bec2d797f0efdc0174a55a4,45,17,3,3,linux,BIC
7aae231ac93b9d9c45487dcafd844fa756069f3b,2,0,0,1,linux,BFC
c1f664d2400e73d5ca0fcd067fa5847d2c789c11,0,0,1,1,linux,BFC
fb2a6fc56be66c169f8b80e07ed999ba453a2db2,10,1,36,1,linux,BIC
07d51580ff6594dc7261821ee40b37392040db2a,13,0,2,2,linux,BIC
bea10413934dcf98cb9b2dfcdc56e1d28f192897,12,0,8,4,linux,BFC
082d4bd72a4527c6568f53f4a5de74e804666fa7,8,1,18,1,linux,BIC
33a7c831565c43a7ee2f38c7df4c4a40e1dfdfed,1,0,0,1,linux,BFC
320b8b0d13b81f3697acff5b6ddb47f88a09c118,2353,0,0,4,linux,BIC
9b432630e0150b777c423fdef6a7b8d17dfa70b6,0,0,1,1,linux,BFC
9d7b18668956c411a422d04c712994c5fdb23a4b,122,1,10,2,linux,BIC
d50b3f43db739f03fcf8c0a00664b3d2fed0496e,0,0,3,1,linux,BFC
fea7372cbc40869876df0f045e367f6f97a1666c,2,0,1,1,linux,BFC
c5d66587b8900201e1530b7c18d41e87bd5812f4,1,2,9,2,linux,BFC
b83699ea1e62951857c2d8648bd93a4744899eb7,4,0,0,1,linux,BFC
a46624580376a3a0beb218d94cbc7f258696e29f,6,0,0,1,linux,BFC
2e1fcac52a9ea53e5a13a585d48a29a0fb4a9daf,0,0,1,1,linux,BFC
6179045ccc0c6229dc449afc1701dc7fbd40571f,48,0,0,2,linux,BIC
68c9a46e9ee8e9f673c7e0d1bbf483a289b5a86f,5,0,1,1,linux,BFC
0ba6f37012db2f88f881cd818aec6e1886f61abb,19,10,3,3,linux,BIC
1940265ede6683f6317cba0d428ce6505eaca944,2,0,11,1,linux,BFC
f344dae0fe9f88d3c7ec45f2d7bba84d6ce1ac00,0,3,2,1,linux,BFC
66dfd10173159cafa9cb0d39936b8daeaab8e3e0,7,0,0,1,linux,BFC
fe13192911507c49002fc4882ef11f75f529a010,2,0,6,1,linux,BIC
542228db2f28fdf775b301f2843e1fe486e7c797,24,5,1,2,linux,BFC
116e7111c8e3cc65ceef9664741bd593483e9517,1,0,0,1,linux,BFC
333ed74689b8fca097574124fef7fa0e3d7f79d4,0,0,1,1,linux,BFC
fa48494cce5f6360b0f8683cdf258fb45c666287,8,0,0,1,linux,BFC
92cb3e5980638a37c56091e605aa837d0af05a9d,22,0,1,1,linux,BFC
4f693b55c3d2d2239b8a0094b518a1e533cf75d5,82,0,6,3,linux,BIC
b03bcde962606d2ee59a4e9dd470db9ad53c5418,0,0,1,1,linux,BFC
eb7d78c9e7f6418932bd5fbee45eb46d5ab05002,7,3,4,1,linux,BFC
bf7491f1be5e125eece2ec67e0f79d513caa6c7e,0,0,1,1,linux,BFC
50fdcb56c41904c3535687a0e1e1dbd9423a8f9a,1,0,0,1,linux,BFC
5e4a7ccc965d951b0885875e903a32c6d4368573,13,2,22,1,linux,BFC
722c0f00d4feea77475a5dc943b53d60824a1e4e,3,0,0,1,linux,BFC
fa914e9c4d9485f06b3676791a74587d2642fca3,21,15,2,1,linux,BIC
6ba1f9e1772f3ff9dc18e81fc01fa97c059b1d06,25,0,0,2,linux,BIC
dbf8e63f48af48f3f0a069fc971c9826312dbfc1,0,5,1,1,linux,BIC
2a4d84c11a872551a335cfe3ee8b60af67ded109,17,6,0,1,linux,BIC
bb9c2e5433250f5b477035dc478314f8e6dd5e36,27,0,0,3,linux,BIC
80253168dbfd256bca97cf7f13312863c5a7f2e5,17,0,0,1,linux,BIC
2fd37688455857b7b92bc2b1379a4c48aa9af147,52,25,16,2,linux,BIC
623760257b39632ffc5051fc88167b546dcfa791,2,0,1,1,linux,BFC
6bb2a2af8b1b38a5e33984f5fdda2638317ed8fd,1,21,15,1,linux,BIC
c03b04dcdba1da39903e23cc4d072abf8f68f2dd,2,0,1,1,linux,BFC
eb48d42198792f1330bbb3e82ac725d43c13fe02,0,2,1,1,linux,BFC
522239b445a2de988edb81672963708a6aaf9046,0,0,1,1,linux,BFC
f34a55e497e81347ffbdc6e828f123520d33ce5d,95,0,3,3,linux,BIC
ff4cff962a7eedc73e54b5096693da7f86c61346,1,0,0,1,linux,BFC
cbe3e1d103793705204b29c6952faed537c41fe1,9,0,0,2,linux,BFC
043ca389a3181565b5c19d43a55eae111977d13d,0,46,8,1,linux,BIC
0259f522e04f19b433a4dc7586d80da106afbbcc,4,2,4,1,linux,BIC
994b15b983a72e1148a173b61e5b279219bb45ae,6,0,3,2,linux,BFC
90be48bd9d29ece3965e5e8b21499b6db166e57b,10,0,0,1,linux,BFC
932f19de6af9f45784d7fb730dea50525b3b5aac,12,0,0,1,linux,BIC
e5bbf30733f930a1d17b4ccf19eac88e30a39cc7,5,0,1,1,linux,BIC
59b9023c356c54e5f468029fa504461d04c0f02b,6,8,1,1,linux,BFC
8d8bef50365847134b51c1ec46786bc2873e4e47,1,0,1,1,linux,BFC
12d41a023efb01b846457ccdbbcbe2b65a87d530,2,9,11,1,linux,BFC
de2d9b5284bcb5c159c5882ac69f6bfd4dec7c67,21,0,0,1,linux,BFC
a33fcba6ec01efcca33b1afad91057020f247f15,3,0,1,1,linux,BFC
d453ceb6549af8798913de6a20444cb7200fdb69,108,0,0,2,linux,BIC
e3a35d03407cb3ef9488835aa861e07b45638d0b,50,0,3,1,linux,BIC
792f497b22afd0563b94dd8fa129a05f762a2c25,1,0,2,1,linux,BFC
41703a731066fde79c3e5ccf3391cf77a98aeda5,1,0,0,1,linux,BFC
b97b5331b8ab7f60fb880e0c31c9b09b73d2fa4e,166,0,1,2,linux,BIC
228ebc41dfab5b5d34cd76835ddb0ca8ee12f513,0,0,1,1,linux,BFC
79bb5b7ee1776a244484a1be6671d89fbd7c0c9f,4,0,1,1,linux,BFC
c2c24819b28087f2a62750957e8dfa889d1f8bb2,0,1,4,1,linux,BIC
f6aad2615c8c4ed806e70693adacb6c93f13564a,0,0,1,1,linux,BFC
a521c44c3ded9fe184c5de3eed3a442af2d26f00,0,5,0,1,linux,BFC
9238e380e823a39983ee8d6b6ee8d1a9c4ba8a65,6,0,2,1,linux,BFC
59c43748c7c82de9fb537fe790cbfc71734333ad,5,22,0,2,linux,BFC
54228356667920658cd33a63e12b7bff3e13c880,0,0,1,1,linux,BIC
3bc61cfd6f4a57de32132075b15b0ac8987ced1d,1288,0,0,1,linux,BIC
325d5c5fb216674296f3902a8902b942da3adc5b,1,1,4,1,linux,BFC
0040e606e35a0db80fc3fac04ccc7c7176a8e2b1,5,1,1,1,linux,BFC
f91072ed1b7283b13ca57fcfbece5a3b92726143,1,0,3,1,linux,BFC
93286261de1b46339aa27cd4c639b21778f6cade,136,0,1,5,linux,BIC
b859c579cdff00a6458d69442a19f85a403fd71b,0,0,2,1,linux,BFC
727fec790ead3d75e2735f66209949c2163523ea,56,49,14,4,linux,BIC
d08c9e589300b015e72e5b41ff4dfed6eb8e7421,8,0,4,1,linux,BFC
4f2921ca21b71a9faaecd84a9fc74401d3a8d275,3,0,2,2,linux,BFC
fe864b76c2ab9503b4ff90d5d8785716a0b8d815,39,0,0,2,linux,BIC
4320c2a22df12f954edd4997f71ca3a4216312b2,2,0,0,1,linux,BFC
b690020a498e33c098dd2b5554a7a59fc08b5ca4,1,0,0,1,linux,BFC
f3b9e8cc8b09ba3b41bb068c24a1061e8a70d26f,0,0,4,1,linux,BFC
0b8f73e104285a4badf9d768d1c39b06d77d1f97,26,118,58,2,linux,BIC
6a2968aaf50c7a22fced77a5e24aa636281efca8,2109,0,0,7,linux,BIC
a8db854be28622a2477cb21cdf7f829adbb2c42d,5,0,1,1,linux,BFC
6a829eb8619fbdde6d7d627ad582fe119805f39d,22,0,0,1,linux,BFC
d4721339dcca7def04909a8e60da43c19a24d8bf,0,0,2,1,linux,BFC
dcde237319e626d1ec3c9d8b7613032f0fd4663a,0,5,0,2,linux,BIC
7b6d864b48d95e6ea1df7df64475b9cb9616dcf9,116,0,166,125,linux,BIC
4f6ec8602341e97b364e4e0d41a1ed08148f5e98,1,6,1,1,linux,BFC
e7d087fce63fada387afcc6c31a2eaf81452baee,1,0,2,1,linux,BFC
99534023490686ce4453c45e5cb813535b9bff95,0,0,1,1,linux,BFC
8bfc3b4c6f9de815de4ab73784b9419348266a65,6,0,0,1,linux,BFC
56a5b7910e965c6905d112ce94fd9a9f5561f326,980,0,0,4,linux,BIC
f2bc09e9519181c7ca7ad4778d46b804c5b4c8c9,3,0,0,1,linux,BFC
1e1f9ff406fd5f6003a5dab2ab5a26c4c5bb8cbd,53,51,9,1,linux,BIC
2d0e60ee322d512fa6bc62d23a6760b39a380847,15,0,3,1,linux,BFC
f8b7530aa0a1def79c93101216b5b17cf408a70a,0,0,3,1,linux,BFC
04896a77a97b87e1611dedd61be88264ef4ac96c,887,0,0,3,linux,BIC
f1748b1ee1fa0fd1a074504045b530b62f949188,4,0,2,1,linux,BFC
43c6494fa1499912c8177e71450c0279041152a6,0,6,7,1,linux,BFC
8c7138b33e5c690c308b2a7085f6313fdcb3f616,7,2,1,1,linux,BFC
c3d64ad4fea66d07e878b248b803ccd12c45e18c,2,0,3,1,linux,BFC
17189d9138fec95a7caacc0d6f602a5793d8f5dd,0,0,2,1,linux,BFC
50f9ad607ea891a9308e67b81f774c71736d1098,2,0,1,1,linux,BFC
02b6fdc2a153e61b957937772a562fb6357dc861,695,3,1,5,linux,BIC
26467b0f8407cbd628fa5b7bcfd156e772004155,4,0,0,1,linux,BFC
d48834f9d4b4e7611cc84ac2c5018f1b420d59c2,18,0,10,8,linux,BIC
d8ec92005f806dfa7524e9171eca707c0bb1267e,1,0,2,1,linux,BFC
10f0577aa5cb03c81cf6ddc2ff7de1b6d6152d0b,0,0,1,1,linux,BIC
5e8034364c22050b8564060e79947d094a65d45e,0,0,1,1,linux,BFC
2f78227874754b1e10cd348fd6e7693b0dabb3f6,1,0,1,1,linux,BFC
66d6dd45eee2893f249a13406e112a35cc86c987,1,1,2,1,linux,BFC
5ed92a8ab71f8865ba07811429c988c72299b315,27,39,32,4,linux,BIC
0706f17c307b056ff6f1848320ba82d76945a6ff,41,1,18,3,linux,BIC
f88359e1588b85cf0e8209ab7d6620085f3441d9,32,0,0,2,linux,BIC
2cddd20147826aef283115abb00012d4dafe3cdb,9,0,5,1,linux,BFC
e1d027dd97e1e750669cdc0d3b016a4f54e473eb,0,2,0,1,linux,BFC
3b8599a6f4817bdd7c5e7145f2972b7f22f00a9d,3,0,1,1,linux,BFC
39c0a53b114d0317e5c4e76b631f41d133af5cb0,0,0,1,1,linux,BFC
482e48440a0e0a6260d026b92de99034ac4d7b52,59,38,14,3,linux,BIC
de6f83f85be94e0b7d0d324c29ccc9d78a6bb4e7,2,0,2,1,linux,BFC
4d7659bfbe277a43399a4a2d90fca141e70f29e1,1,0,0,1,linux,BFC
7b301750f7f8f6503e11f1af4a03832525f58c66,8,11,10,3,linux,BIC
12205a4b79bef56ef618a4b7caa840c5c971cff2,0,54,0,3,linux,BFC
4f956c97d26be65aea580e943f470ec70f7b0bb6,6,13,6,1,linux,BIC
0994c64eb4159ba019e7fedc7ba0dd6a69235b40,3,0,2,1,linux,BFC
b71e571adaa58be4fd289abebc8997e05b4c6b40,3,0,4,1,linux,BFC
a7da92c2c8a1faf253a3b3e292fda6910deba540,3,3,0,1,linux,BFC
d5bdf66108419cdb39da361b58ded661c29ff66e,7,0,5,1,linux,BFC
262e2bfd7d1e1f1ee48b870e5dfabb87c06b975e,0,0,1,1,linux,BFC
0a75aff178df005b0619703cf7886d5c8e28e486,4,0,0,1,linux,BFC
186fadc132f0d634c7b43202a240fbd3654b6623,49,0,5,5,linux,BIC
2a189f9e57650e9f310ddf4aad75d66c1233a064,1,0,0,1,linux,BFC
9cc5f232a4b6a0ef6e9b57876d61b88f61bdd7c2,11,0,37,1,linux,BFC
43f89877f26671c6309cd87d7364b1a3e66e71cf,7,7,0,1,linux,BFC
a3fbfae82b4cb3ff9928e29f34c64d0507cad874,31,28,9,6,linux,BIC
09c2d251b70723650ba47e83571ff49281320f7c,23,0,4,7,linux,BIC
6bfec6d94556683c91c937a20576118183af9e1d,0,3,6,1,linux,BFC
a7c41b4687f5902af70cd559806990930c8a307b,58,0,10,2,linux,BIC
71b21f5f8970a87f034138454ebeff0608d24875,12,0,4,2,linux,BFC
ce662b44ce22e3e8886104d5feb2a451d7ba560f,81,1,11,3,linux,BIC
249801360db3dec4f73768c502192020bfddeacc,14,0,3,2,linux,BFC
a99ab6f395a9e45ca3f9047e9b88d6e02737419f,603,0,0,2,linux,BIC
c378b5119eb0ea25bfd3348a06b51fca654d9903,33,25,53,1,linux,BIC
902c2d91582c7ff0cb5f57ffb3766656f9b910c6,5,0,1,3,linux,BIC
b16918a5fd87983d421a7e2241a1314e877c4ea2,5,0,0,1,linux,BFC
a307a1e6bc0da1ea1e5960fb386b2bbc3587e808,0,14,5,3,linux,BIC
233947ef16a18952d22786770dab1ddafa1ac377,0,0,2,2,linux,BFC
e6dab5ffab59e910ec0e3355f4a6f29f7a7be474,46,0,14,11,linux,BIC
44f4daf8678ae5f08c93bbe70792f90cd88e4649,0,0,1,1,linux,BFC
7c22ce6e218403fc8746f7915b5a391d8227f7e1,125,0,0,2,linux,BIC
fc57062f98b0b0ae52bc584d8fd5ac77c50df607,6,0,6,1,linux,BFC
853b74071110bed344bad1ca9d8de27731b1c574,39,0,6,1,linux,BIC
5e91f6ce4c584d231763437a3ea3aded8e672363,0,0,1,1,linux,BFC
d37bd5e81ed0d58f0ebe2e01658c26722e0c033e,3,0,3,2,linux,BFC
fd901b6e814afcbd54ca65a854f666bd6fe98b8f,1,0,2,1,linux,BFC
c1fb1bf64bb63a1d6ae3311a9a3581a527c1f185,4,0,0,1,linux,BIC
ea0371f7879987cff70e21d808e3e9fea624c051,2,0,0,1,linux,BFC
2ea46dc6864261e94441e4d141058fc538d0de6b,0,0,4,1,linux,BFC
e8ac9389f0d7c74fd988a5ce77765588f74dacd2,0,0,1,1,linux,BIC
6762965d0214df474e3a58e1d4d3ab004c5da0ea,0,0,4,1,linux,BFC
b092201e0020614127f495c092e0a12d26a2116e,66,0,1,1,linux,BIC
ac1496980f1d2752f26769f5db63afbc9ac2b603,0,12,3,1,linux,BFC
9688f9b020263c4a17471d09bb18e34eccc1c0a5,0,0,1,1,linux,BFC
dfe66a18780dab02ccf6e148df4f28f389669c30,163,0,0,2,linux,BIC
8bc3b5e4b70d28f8edcafc3c9e4de515998eea9e,0,0,1,1,linux,BFC
767cd17a5cc5ce2d5342f5c4bd6c5d36b812c7a7,3,2,0,1,linux,BFC
12472af89632beb1ed8dea29d4efe208ca05b06a,3,0,9,2,linux,BFC
884a3b647809cb31cf6bd948f814e93753b38502,1,0,0,1,linux,BFC
a20c7f36bd3d20d245616ae223bb9d05dfb6f050,5,0,1,1,linux,BIC
b5c37b798f2d29b9b2926e0abf008a13ce6c91fe,61,71,32,2,linux,BIC
271fca025a6d43f1c18a48543c5aaf31a31e4694,30,1,1,1,linux,BFC
7ba0fee247ee7a36b3bfbed68f6988d980aa3aa3,36,0,0,2,linux,BIC
ee534378f00561207656663d93907583958339ae,0,13,6,1,linux,BFC
6df765dca378bddf994cfd2044acafa501bd800f,10,0,2,1,linux,BFC
6e83985b0f6e30b928eee26eb41d276814a698aa,3,0,4,1,linux,BIC
3b132ab67fc7a358fff35e808fa65d4bea452521,1,1,1,1,linux,BFC
800c55cb76be6617232ef50a2be29830f3aa8e5c,43,24,7,3,linux,BFC
da9556a2367cf2261ab4d3e100693c82fb1ddb26,102,217,14,3,linux,BIC
88c380df84fbd03f9b137c2b9d0a44b9f2f553b0,0,0,1,1,linux,BFC
eec53143b7fe1ccaace434e03b5959c9117bf9c5,0,0,1,1,linux,BFC
968996c070ef080ee7d6150faa98a4e562ce4625,70,6,4,3,linux,BIC
0212a0483b0a36cc94cfab882b3edbb41fcfe1cd,5,0,0,1,linux,BFC
d7f7e0018b96fd1a30a968faa9464eb57372c1ec,0,0,1,1,linux,BFC
b3e64e5b077841f99a0ab27e99a1c4f942e1dd87,8,8,11,1,linux,BIC
b77eab7079d9e477489d2416cceda05d3c1cf21f,4,0,16,1,linux,BIC
befdf8978accecac2e0739e6b5075afc62db37fe,25,6,71,2,linux,BIC
825a2ff1896ec3ead94bebef60c71f57254da58a,990,0,0,3,linux,BIC
324e1c402069e8d277d2a2b18ce40bde1265b96a,6,1,6,3,linux,BFC
392fb8df528b97a06e19312772afd38aec542b96,4,0,2,1,linux,BFC
6d745ee8b5e81f3a33791e3c854fbbfd6f3e585e,3,0,1,1,linux,BFC
fa20105e09e97e81aadf02f722c31195e4a75c84,21,3,31,14,linux,BIC
7fb4b407a1242dbc85ea3ed1be065dca8f9a6f5b,9,12,6,1,linux,BIC
fda784e50aace694ec2e4e16e2de07b91a938563,17,0,0,2,linux,BIC
f0ef31264cde8b489a0b87149ebc3a72cef4c58a,0,0,44,1,linux,BFC
7f565d0ead264329749c0da488de9c8dfa2f18ce,26,0,0,3,linux,BFC
04bf9ab3359ff89059509ee5c35446c45b9cdaaa,2,0,1,1,linux,BFC
b684822a44469fe44b80aef5cdca52cd979a4ecb,3,0,0,1,linux,BFC
4598a0a6d22fadfb7b37f2b44ee7fdcb24632fcf,69,3,2,3,linux,BIC
3136ef49a14ccc148becf813074e08fc92fc9b23,95,0,13,5,linux,BIC
a4751f157c194431fae9e9c493f456df8272b871,0,0,2,1,linux,BFC
79ebe9110fa458d58f1fceb078e2068d7ad37390,1,0,1,1,linux,BFC
efbabc11650040c64884ff3019b88c7bcc0ceb1d,360,28,120,11,linux,BIC
cfbf654efc6d78dc9812e030673b86f235bf677d,0,0,1,1,linux,BFC
08f588fa301bef264576fc915da6bf31b585a824,266,0,0,3,linux,BIC
5d41ce29e3b91ef305f88d23f72b3359de329cec,0,0,1,1,linux,BIC
d1c859d314d87c6f4dc09c3d7cf6f3ec9f44bcc5,0,0,1,1,linux,BIC
ddd2b8de9f85b388925e7dc46b3890fc1a0d8d24,0,0,1,1,linux,BFC
430380b4637aec646996b4aef67ad417593923b2,7,0,3,1,linux,BFC
bd1060a1d67128bb8fbe2e1384c518912cbe54e7,182,0,9,6,linux,BIC
1ba904b6b16e08de5aed7c1349838d9cd0d178c5,2,0,0,1,linux,BFC
039cf38166486ac42ce54df3c4cb951561e91617,0,2,0,1,linux,BFC
d7df09f5e7b46af0eb927c065113faa57411d100,38,17,26,4,linux,BIC
5195b904264098839144d08d23c600811de2e2da,10,17,0,2,linux,BIC
6f928ab8ee9bfbcb0e631c47ea8a16c3d5116ff1,0,1,0,1,linux,BFC
021aed845303989f5deb40b950e80342531876ce,25,144,120,6,linux,BIC
bd35a4adc4131c530ec7d90242555eac7b3dbe3f,205,0,0,3,linux,BIC
c1c6156fe4d4577444b769d7edd5dd503e57bbc9,2,0,1,1,linux,BFC
988d7a14408db4183202f16bb02b8149b9da3727,1,0,0,1,linux,BFC
2bcf2e92c3918ce62ab4e934256e47e9a16d19c3,4,0,0,1,linux,BFC
9571b25df1dbf4db17191b54f59734e8b77fd591,0,1,1,1,linux,BFC
ba4a76f703ab7eb72941fdaac848502073d6e9ee,0,0,2,1,linux,BFC
5fe71d271df8c05e1060c0184764eba18b17a96f,3,0,0,1,linux,BIC
325f85f37e5b35807d86185bdf2c64d2980c44ba,3,0,0,1,linux,BFC
c23ca66a4dadb6f050dc57358bc8d57a747c35bf,0,1,3,1,linux,BFC
caa841360134f863987f2d4f77b8dc2fbb7596f8,9,2,2,3,linux,BIC
9d27e39d309c93025ae6aa97236af15bef2a5f1f,3,0,1,1,linux,BFC
44ea8dfce021db1db6a31970b1f13a80366a1f21,16,1,18,2,linux,BIC
c2da19ed50554ce52ecbad3655c98371fe58599f,8,1,0,2,linux,BFC
0d994cd482ee4e8e851388a70869beee51be1c54,20,7,20,2,linux,BIC
c205d53c4923e4b32b4a2a2773618f08e176a250,28,0,5,1,linux,BIC
32cf21ac4edd6c0d5b9614368a83bcdc68acb031,2,0,2,1,linux,BFC
a0d54c3899aaeb047969d9479263c6bcf385c331,1,0,1,1,linux,BFC
1305f2b2f52af5986f44dfbb1a6fe58ae875aa61,1,0,1,1,linux,BFC
7f511d514e8c34b6dd0c17b5496e48b2a6a2626c,75,0,1,1,linux,BIC
1703659dada8a5bfe9c31db6436792cbca1e26ea,0,0,1,1,linux,BFC
639448912ba17a9af9e759efbab37d36c6e29dea,24,0,0,2,linux,BIC
325a31c920309d2225311573a05c2f4dd402b2ed,4,10,4,1,linux,BFC
79a5ccd97209264630a8ff4277089746124f130c,11,0,1,1,linux,BIC
c4c4637eb57f2a25c445421aadeb689a2538b20b,1175,0,0,1,linux,BIC
a347dfa10262fa0a10e2b1970ea0194e3d4a3251,115,0,34,1,linux,BFC
3b7658679d88b5628939f9bdc8e613f79cd821f9,0,4,0,1,linux,BFC
5ce39985c60418579fab1d4ee81427d12bf9e64f,16,16,0,1,linux,BFC
854701ba4c39afae2362ba19a580c461cb183e4f,0,2,4,1,linux,BIC
f747632b608f90217a4e9ebb1deba8a37612aa32,102,103,16,5,linux,BIC
42c625a486f367ad57d4257de6d9459daf9484a0,0,0,10,1,linux,BFC
e33f9f5f2d3a5fa97728a43708f41da2d4faae65,1,0,2,1,linux,BFC
1099f48457d06b816359fb43ac32a4a07e33219b,18,0,3,1,linux,BIC
d6a4c185660cb978f76e46e3f5f6b08dc00ecc8f,302,0,6,1,linux,BIC
4ab526468344c11d2d1807ae95feb1f5305dc014,3,0,1,1,linux,BFC
b7c568752ef3b36afa78e1a1866dc049d175993b,0,0,6,2,linux,BFC
a0e710a7def471b8eb779ff551fc27701da49599,10,0,3,1,linux,BFC
a14054ce0b8ada03a7ddea14e51812e2fd583c94,0,0,2,1,linux,BFC
17529d43b21c72466e9109d602c6f5c360a1a9e8,1,0,2,1,linux,BFC
d785e1fec60179f534fbe8d006c890e5ad186e51,10,0,0,2,linux,BFC
f19d5870cbf72d4cb2a8e1f749dff97af99b071e,300,2,40,5,linux,BIC
6aa8b732ca01c3d7a54e93f4d701b8aabbe60fb7,9768,0,0,14,linux,BIC
1cd50181750f4bde1e4305812a8df5a5731ed28a,972,0,0,2,linux,BIC
078000d02d57f02dde61de4901f289672e98c8bc,0,10,16,3,linux,BIC
a7773363624b034ab198c738661253d20a8055c2,0,0,1,1,linux,BFC
155f7e0441cd121b1e673d465a35e99f4b9b2f0b,3,0,3,1,linux,BFC
0e36a09faea25f4564d41a0c28938199b605148e,1,0,3,1,linux,BFC
24981fa336b61f2c5b305ab62e571c7196323cfb,5,3,2,1,linux,BFC
a9191579ba1086d91842199263e6fe6bb5eec1ba,21,0,3,1,linux,BFC
339c21d7c459238135d87da8fefbfd25d98bc375,16,0,4,1,linux,BFC
aa6a5f3cb2b2edc5b9aab0b4fdfdfa9c3b5096a8,95,0,1,3,linux,BIC
c4e8ba7390346a77ffe33ec3f210bc62e0b6c8c6,62,4,20,6,linux,BFC
3dcc0571cd64816309765b7c7e4691a4cadf2ee7,6,27,13,5,linux,BIC
5d3043586db428b5b4b3df89fa0c2db9731e934c,2875,0,0,2,linux,BIC
b3be4520d81e7dc820de5fdab0d7d697231cf517,0,0,2,1,linux,BFC
51b0bdedb8e784d0d969a6b77151911130812400,11,1,2,3,linux,BIC
cf3af0a4d3b62ab48e0b90180ea161d0f5d4953f,7,0,1,1,linux,BFC
a644ccb819bcf3e4038064fb601b2a07ccd0c315,283,0,0,1,linux,BIC
bcff4cba41bcd7dfe535a2b7278b9fb8214a2a8f,251,0,0,1,linux,BIC
47830c1127ef166af787caf2f871f23089610a7f,0,0,1,1,linux,BFC
4a4d2d372fb9b9229327e2ed01d5d9572eddf4de,13,3,5,3,linux,BFC
8a8efa22f51b3c3f879d272914e3dbbc2041bf91,76,15,42,2,linux,BIC
315e9c767d9a4668ad68cde1b57a14f916c90668,0,0,1,1,linux,BFC
33748744f15a110a233b6ae0380f476006e770f0,0,1,1,1,linux,BFC
949cf8b1dd39f6d306a681503b6031299fd7ced8,0,1,0,1,linux,BFC
713baf3dae8f45dc8ada4ed2f5fdcbf94a5c274d,0,0,1,1,linux,BFC
11548f5a5747813ff84bed6f2ea01100053b0d8d,1,0,0,1,linux,BFC
3d77d84044783533581eec7b6229df1154c0b55f,140,20,11,2,linux,BIC
99df541dcc97ce4436528a4eeb23165d8c672a64,0,2,0,1,linux,BFC
ece64fec164f523bfbe874abdef2a0e6ff376251,14,6,12,4,linux,BIC
0ac24c320c4d89a9de6ec802591398b8675c7b3c,3,3,0,1,linux,BFC
e002103b36a695f7cb6048b96da73e66c86ddffb,2,0,3,1,linux,BFC
51e1440d309a74a3e4e252019a00f9d0df329945,12,0,4,1,linux,BFC
f5249461b504d35aa1a40140983b7ec415807d9e,78,0,17,3,linux,BIC
d6815c5c43d4f9d18e557d27fd27ae8d9cfd450c,74,0,2,1,linux,BIC
287980e49ffc0f6d911601e7e352a812ed27768e,3,4,99,38,linux,BIC
61f68816211ee4b884dc0dda8dd4d977548f4865,65,0,12,1,linux,BIC
0202a665bf17fbe98fed954944aabbcb4f14a4cc,30,23,21,4,linux,BFC
b41ba2ec54a70908067034f139aa23d0dd2985ce,0,4,4,1,linux,BFC
0ad49045f28474b3cbc1f27ec7a4238970734764,14,0,2,1,linux,BFC
2ed99e39cb9392312c100d9da591c20641c64d12,0,0,2,1,linux,BFC
c68a28a9e2798a4602dde1c77046a3b577eb31f4,3,0,4,1,linux,BFC
57c70d8740f740498a52f9c0c0d7295829b944de,2,0,6,3,linux,BFC
00d4e14d2e4caf5f7254a505fee5eeca8cd37bd4,4,0,3,1,linux,BFC
a7542b87607560d0b89e7ff81d870bd6ff8835cb,5,0,0,1,linux,BIC
1d277a637a711af44574229c544c44126ad5bf32,95,0,0,1,linux,BIC
0a14842f5a3c0e88a1e59fac5c3025db39721f74,744,59,3,7,linux,BIC
dd0273284c7474100bcd331887443f0e4b1dcce8,1096,0,0,2,linux,BIC
fdb7cee3b9e3c561502e58137a837341f10cbf8b,4,0,1,1,linux,BFC
72e27c38abb3dc8da7c05f829d44b3f3c46d06da,2,0,1,1,linux,BFC
d2a5dca8404871be683c6bbc175ebf9c56dd2865,7,0,2,1,linux,BFC
6fba2b3767ea6e3e1204855031492415cc4dce4f,0,7,5,2,linux,BIC
39db9815da489b47b50b8e6e4fc7566a77bd18bf,42,4,3,2,linux,BIC
d46e137c44974938bc08700000a4b1231491ca8a,0,0,1,1,linux,BFC
bff1cef5f23afbe49f5ebd766980dc612f5e9d0a,34,10,3,1,linux,BIC
e5fb5d2c5a03e229ded1f45aa2a42f2c288689c7,25,0,15,2,linux,BIC
2732be90235347a3be4babdc9f88a1ea93970b0b,0,0,1,1,linux,BFC
243a5263014a30436c93ed3f1f864c1da845455e,1,9,21,1,linux,BIC
7c0ea5930c1c211931819d83cfb157bff1539a4c,0,0,4,1,linux,BFC
e53a3b267fb0a79db9ca1f1e08b97889b22013e6,38,12,32,1,linux,BIC
d52fb0193ffb78a4a21a095bd9dbf6ec4058bd71,0,0,1,1,linux,BFC
b89d5ad00e789967a5e2c5335f75c48755bebd88,2,0,1,1,linux,BFC
19610184693c547b4c12738df4156589892c4018,0,0,1,1,linux,BIC
06b0d7fe7e5ff3ba4c7e265ef41135e8bcc232bb,0,0,1,1,linux,BFC
752bcf80f5549c9901b2e8bc77b2138de55b1026,1,0,2,1,linux,BFC
a7b76002ae78cd230ee652ccdfedf21aa94fcecc,11,0,1,1,linux,BFC
d30b214d1d0addb7b2c9c78178d1501cd39a01fb,2,0,0,1,linux,BIC
271612d72da5b46715447bc18add4a1cf7d87687,0,4,0,2,linux,BFC
0be88e367fd8fbdb45257615d691f4675dda062f,4,0,0,1,linux,BFC
fe6a2804e65969a574377bdb3605afb79e6091a9,0,0,1,1,linux,BFC
379169740b0a955972cebb4994b2607b264a4b41,7,0,3,1,linux,BFC
bc701a28c74e78d7b5aa2b8628cb3608d4785d14,0,197,0,3,linux,BFC
1609faa9e675c8168b640697c82c7b31befd2658,1,0,3,1,linux,BFC
24cfdc1ac7d4260aa8416505b9cb6316c9e89021,8,0,1,1,linux,BFC
21eb93f432b1a785df193df1a56a59e9eb3a985f,11,0,6,1,linux,BFC
4bc94d5dc95d3a2159d821b39277477e69507f67,17,0,37,1,linux,BIC
76bb5db5c749dfe19d779aac076133e821b859dd,6,2,5,2,linux,BIC
723288836628bc1c0855f3bb7b64b1803e4b9e4a,19,3,13,1,linux,BFC
80f03e27a309f3e32ebdd9629ac0320005a2180b,5,3,6,1,linux,BFC
d139bca4b824ffb9731763c31b271a24b595948a,9,0,5,1,linux,BFC
a708fb7b1f8dcc7a8ed949839958cd5d812dd939,29,0,10,3,linux,BIC
2637baed78010eeaae274feb5b99ce90933fadfb,172,1,8,4,linux,BIC
e9e7d165b4b0413c5b7db74515e4981a226b78a0,174,0,3,2,linux,BIC
93b570464cce0079c15832cbb8ea17debd541585,38,0,4,1,linux,BIC
bf4dc0b2beebfd9338df7c0bcf473b356f67cf66,40,8,25,1,linux,BFC
3d604da1e9547c09c9dcc0ee443c306c9ae1a480,11,0,0,1,linux,BIC
438a50618095061920d3a30d4c5ca1ef2e0ff860,1,0,1,1,linux,BIC
91495329dcf83f126791be20c493bacf6c2d550a,1,0,0,1,linux,BFC
a6a361c4ca3cc3e6f3b39d1b6bca1de90f5f4b11,0,0,1,1,linux,BFC
ae699ad348cdcd416cbf28e8a02fc468780161f7,43,8,18,5,linux,BIC
01cfbad79a5e2b835abf6a8154a341d75a6fc8cd,0,44,106,34,linux,BIC
3990a8fffbdad5765f47ea593f9de66c91762059,165,15,25,4,linux,BIC
775ea4ea2fd9a4554c5c01fcc5e53da2308e6f35,44,5,21,1,linux,BIC
bb8ffe61ea454a565e4fb1f450ef71237c9f032c,20,0,2,1,linux,BIC
fb2a311a31d3457fe8c3ee16f5609877e2ead9f7,9,0,12,1,linux,BIC
0e32dfc80bae53b05e9eda7eaf259f30ab9ba43a,78,28,6,6,linux,BIC
b087dfab4d3902681550fd1f5ff9c3e942059478,231,0,0,3,linux,BIC
ec35e48b286959991cdbb886f1bdeda4575c80b4,23,0,11,1,linux,BFC
54328e64047a54b8fc2362c2e1f0fa16c90f739f,27,0,0,4,linux,BIC
546bed631203344611f42b2af1d224d2eedb4e6b,1,0,0,1,linux,BFC
e0b26cc997d57305b4097711e12e13992580ae34,19,5,14,2,linux,BIC
ced5c03d360aeebaac6faa7dd8d6d0a77733ab16,492,629,3,3,linux,BIC
240686c1368775b5dc80aae863301189b25f9bfa,6,0,0,1,linux,BIC
80488a6b1d3c3509b69d38d7c5ac7615889ea7e0,150,1,62,2,linux,BIC
6d85028134d3f4f946924e2f9f0aaff47d9de840,0,0,1,1,linux,BFC
9c3b2689d01ff03e2b8e8d47538881dbff756d78,24,9,1,2,linux,BIC
84b66b2116031fc4e5b73ce304c6a6a2e08778a3,35,0,0,1,linux,BIC
9a73a7d24d51eaf9e43c771c53cf7b594e5b5334,6,0,3,1,linux,BFC
1a853e36871b533ccc3f3c5bdd5cd0d867043a00,129,0,17,1,linux,BIC
0c06fa156006c746bbde36961119143596dd1425,34,1,7,5,linux,BIC
6b66ca0bac1b9cee7608d7c4dc59b699458b4cb8,0,0,1,1,linux,BIC
8a64e557f399090f5d1917b2f32a065da2b12be1,0,0,1,1,linux,BFC
7cd3e9dbdd4c0025d0e37c8c73a2ac8641fc55bc,2,1,0,1,linux,BFC
34d5ac2af644a10958e144b7bb937d289dfd158d,0,0,1,1,linux,BFC
52929cad329328f534d37b803f7fb78bbfe7ee3d,0,0,1,1,linux,BFC
1638b8f096ca165965189b9626564c933c79fe63,1,0,4,1,linux,BFC
9f08a5d896ce43380314c34ed3f264c8e6075b80,25,0,1,1,linux,BFC
df06824767cc9a32fbdb0e3d3b7e169292a5b5fe,0,14,1,2,linux,BFC
4c83f0a788ccf58864f781585d8ae7c7e6a7e07d,80,11,4,2,linux,BFC
6985bd5e21901c2d2bfc924b114887e20c002901,0,0,2,1,linux,BFC
6720b38420a01d40dbeb8ee575eb601d612de691,88,0,0,2,linux,BIC
1a8a763b218cef8cf881fc0d1d739283db24c167,17,0,0,2,linux,BFC
302d6424e4a293a5761997e6c9fc3dfb1e4c355f,1,0,0,1,linux,BFC
496f8931b6460febac1dc91c03e86530f938483a,0,1,2,1,linux,BFC
8a0f6ebe8494c5c6ccfe12264385b64c280e3241,51,2,28,6,linux,BIC
cd10bb89b0d57bca98eb75e0444854a1c129a14e,6,0,2,1,linux,BFC
9f0b3e0cc0c88618aa9e5cecef747b1337ae0a5d,0,0,16,8,linux,BFC
3f3f87325dcb3c201076c81490f4da91ad4c09fc,2,0,2,1,linux,BFC
3dfaf0071ed74d7a9c6b3c9ea4df7a6f8e423c2a,2,19,58,1,linux,BFC
5b933e28d8b1fbdc7fbac4bfc569f3b152c3dd59,0,0,3,1,linux,BFC
660a5d517aaab9187f93854425c4c63f4a09195c,496,0,2,4,linux,BIC
73ed5d25dce0354ea381d6dc93005c3085fae03d,18,0,0,1,linux,BFC
343a3e8bc635bd4c58d45a4fe67f9c3a78fbd191,0,0,11,1,linux,BFC
8dc23658b7aaa8b6b0609c81c8ad75e98b612801,1,2,1,1,linux,BFC
424fe7edbed18d47f7b97f7e1322a6f8969b77ae,0,0,1,1,linux,BFC
118032be389009b07ecb5a03ffe219a89d421def,1,0,1,1,linux,BFC
b1a5a73e64e99faa5f4deef2ae96d7371a0fb5d0,161,0,39,1,linux,BIC
d407302895d3f3ca3a333c711744a95e0b1b0150,7,4,0,1,linux,BFC
bb90d4bc7b6a536b2e4db45f4763e467c2008251,18,14,0,2,linux,BIC
d98985dd6c2dc69e2ad5f5482a5237fb9487ed99,4,0,3,1,linux,BFC
84ac7260236a49c79eede91617700174c2c19b0c,7,1,5,1,linux,BFC
d6aed57481c5b746f91792c8a977f537c09e52c5,2,1,5,4,linux,BFC
0c17d1d2c61936401f4702e1846e2c19b200f958,23,13,4,1,linux,BFC
bcc27fab8cc673ddc95452674373cce618ccb3a3,4,0,2,1,linux,BFC
3349b3d0c63b8b6fcca58156d72407f0b2e101ac,15,0,1,1,linux,BFC
b7f5dd36e0c5cb9ca1070a5e0f22f666bcff07ef,1,0,4,1,linux,BFC
abb4e4349afe7eecdb0499582f1c777031e3a7c8,1,0,2,1,linux,BFC
2e0ab8ca83c122f275b21ea917d52fee506910bf,264,0,0,1,linux,BIC
0c5b7a501e7400869ee905b4f7af3d6717802bcb,2,0,1,1,linux,BFC
6674ff145eef1f158e3d1d065cb1e19f315d909b,19,0,2,2,linux,BIC
656d571193262a11c2daa4012e53e4d645bbce56,8,0,0,1,linux,BFC
2122b40580dd9d0620398739c773d07a7b7939d0,0,0,1,1,linux,BFC
d9f4bb1a0f4db493efe6d7c58ffe696a57de7eb3,67,3,20,1,linux,BFC
3907ccfaec5d9965e306729936fc732c94d2c1e7,6,0,1,1,linux,BFC
c51ba246cb172c9e947dc6fb8868a1eaf0b2a913,0,0,1,1,linux,BFC
eb64522100a1d4adc89bce11b935a30c4401e234,0,0,2,1,linux,BFC
5f775498bdc44f294c37eaa7a205335e3b6667df,592,0,4,3,linux,BIC
9dda66acddcbcd5c9e94a1292c679738ba999345,5,3,3,1,linux,BFC
5af4e8d448a8c78fdb7d63a4f55b7acd1f7fa974,2,0,1,1,linux,BFC
d26d0cd97c88eb1a5704b42e41ab443406807810,73,0,4,1,linux,BFC
4deabfae643d8852c643664d9088a647abfaa5d0,25,0,5,1,linux,BFC
3669ef9fa7d35f573ec9c0e0341b29251c2734a7,34,0,2,2,linux,BFC
e1e6bd2995ac0e1ad0c2a2d906a06f59ce2ed293,25,3,8,1,linux,BFC
3743d55b289c203d8f77b7cd47c24926b9d186ae,22,0,2,4,linux,BIC
c7dacf5b0f32957b24ef29df1207dc2cd8307743,3,1,4,1,linux,BIC
cd188af5282d9f9e65f63915b13239bafc746f8d,5,3,1,1,linux,BFC
511eea5e2ccdfdbf3d626bde0314e551f247dd18,4,0,2,1,linux,BFC
5f0456b43140af9413397cc11d03d18b9f2fc2fc,242,128,35,10,linux,BIC
21e722c4c8377b5bc82ad058fed12165af739c1b,1,0,1,1,linux,BFC
e9153311491da9d9863ead9888a1613531cb4a1b,10,0,15,2,linux,BIC
26d6c16bed536be526cbfcf67ceefb410d62f252,99,30,7,5,linux,BIC
79f920fbff566ffc9de44111eb1456a3cef310f0,386,116,8,8,linux,BIC
7361fac0465ba96ec8f7559459e3c70818ba6c78,5,2,4,4,linux,BIC
70c4997f34b6c6888b3ac157adec49e01d0df2d5,0,0,2,1,linux,BFC
d6bbd4eea243951d2543a0f427c9a6bf2835b6f5,349,0,5,6,linux,BIC
51ae253870f55e14ba2854ce9577ac2920efef0c,0,0,1,1,linux,BFC
169adc2b6b3c5e86391921117b4ab3aaeb3c6ee1,0,0,2,1,linux,BIC
6519c3d7b8621c9f4333c98ed4b703029b51ba79,24,0,11,1,linux,BFC
607ca3bd220f4022e6f5356026b19dafc363863a,0,1,1,1,linux,BIC
95fb8bb3181bbe1ee87c95e91dff94f74f148c33,0,0,1,1,linux,BIC
d547c1b717fc5a1e062307e1efdf81590ba9f6c1,1,0,0,1,linux,BFC
f72b84c677d61f201b869223a8d6e389c7bb7d3d,30,28,0,2,linux,BFC
29cf1351d450f95957eb0ef2e8cc0c7765fc5785,64,0,0,2,linux,BIC
634a81609561f05266e1f625b6f2567c2e0b0419,10,3,2,1,linux,BFC
faa4e04e5e140a6d02260289a8fba8fd8d7a3003,0,2,4,1,linux,BFC
1a699476e25814343766342672c655fb135224cc,23,79,34,6,linux,BIC
2a1c6029940675abb2217b590512dbf691867ec4,30,28,4,3,linux,BIC
802a7dc5cf1bef06f7b290ce76d478138408d6b1,0,0,9,4,linux,BFC
d2394860b45c3c1484e4b0a5d09909a1e3f6569e,4,0,2,1,linux,BFC
14ca1a4690750bb54e1049e49f3140ef48958a6e,4,0,0,1,linux,BFC
8528547bcc33622176a27963dc8a2513d116b832,665,0,0,1,linux,BIC
ed0739b577f2ddd53835f1e20d014fccab195c42,2,0,0,1,linux,BFC
e44e3eacccfd2294a1ce279f68452b1635d7fa82,1,0,1,1,linux,BFC
97e8c3f5e76582d63026585c79d39c1d1fb960e5,1,1,5,1,linux,BFC
c01d4d0a82b71857be7449380338bc53dde2da92,4,0,5,2,linux,BFC
7ba2d9d8de96696c1451fee1b01da11f45bdc2b9,19,0,6,1,linux,BFC
4ca82dabc9fbf7bc5322aa54d802cb3cb7b125c5,0,0,1,1,linux,BFC
488968a8945c119859d91bb6a8dc13bf50002f15,18,5,0,1,linux,BFC
c829c394165f981d49f05a9be228404d7a9398d4,49,18,2,4,linux,BIC
119a9c01a5922600a78106d9bbdd6aaafc851a27,3,0,0,1,linux,BIC
284fb78ed7572117846f8e1d1d8e3dbfd16880c2,5,5,0,1,linux,BFC
38327424b40bcebe2de92d07312c89360ac9229a,0,0,1,1,linux,BFC
456a9dace42ecfcec7ce6e17c18d1985d628dcd0,2,0,0,1,linux,BFC
68600f623d69da428c6163275f97ca126e1a8ec5,5,0,2,2,linux,BIC
4152b387da81617c80cb2946b2d56e3958906b3e,0,0,1,1,linux,BFC
74f78fc5ef43d2bb676f212ffa4ad693dffc4141,11,2,28,1,linux,BIC
115b943a6ea12656088fa1ff6634c0d30815e55b,1,0,0,1,linux,BFC
eb8dbe80326c3d44c1e38ee4f40e0d8d3e06f2d0,0,0,3,1,linux,BFC
8eab7035b231aa3ac27b20ec77f85375e4413083,0,1,0,1,linux,BFC
f35ec35e5e726e7137deaee0dec24f8cbf07a48f,1,0,0,1,linux,BFC
e233516e6a92baeec20aa40fa5b63be6b94f1627,10,0,1,1,linux,BFC
fca05d4d61e65fa573a3768f9019a42143c03349,8,1,2,3,linux,BFC
f9cedf1a9b1cdcfb0c52edb391d01771e43994a4,4,0,2,1,linux,BFC
46d3ceabd8d98ed0ad10f20c595ca784e34786c5,187,0,1,10,linux,BIC
69eaab04c675ef2d0127a80b3395aa90dfd1061f,37,43,9,1,linux,BIC
70e35125093b05b0e607ba1f5358ddf76946756c,0,1,1,1,linux,BFC
2d6ec25539b0e7a4b4ad670abbcb3ec27b33e8ce,0,1,0,1,linux,BFC
ee201011c1e1563c114a55c86eb164b236f18e84,2,0,0,1,linux,BFC
c22a3f48ef99ea4b02389f7f53080ed3ba220e77,84,5,36,2,linux,BIC
7e44fc289d54aa3f1f37d6c9e5157f79011c6476,4,0,1,1,linux,BFC
f25a96c8eb46b86744540ade61c2dbc844c23dbd,3,0,0,1,linux,BIC
9f31d1063b434c2d54317461d78285b08538c01a,679,0,1,5,linux,BIC
6afd33e4384060e692705912337b184c1e159aff,1,5,1,1,linux,BFC
eed0030e4caa941cfbdfca00981395d85e6b3c3e,4,0,1,1,linux,BFC
5ef7e0ba1039d65c4eefde92056769548b214273,0,0,1,1,linux,BFC
8ba89a3c7967808f33478a8573277cf6a7412c4c,0,1,1,1,linux,BFC
6645d42d79d33e8a9fe262660a75d5f4556bbea9,0,0,1,1,linux,BFC
9e4b7a99a03aefd37ba7bb1f022c8efab5019165,2,0,17,1,linux,BFC
bc360b0b1611566e1bd47384daf49af6a1c51837,3,0,1,1,linux,BIC
30d2bfd093839cf6eef93f9c2cbdc347c7bf8b20,0,6,5,1,linux,BIC
209c65b61d94344522c41a83cd6ce51aac5fd0a4,1,0,0,1,linux,BIC
2a7e1713cd652e7d2fdb54057fb6b2508cab15dc,2,0,4,1,linux,BFC
6703052fe30fa0d85f1fbbf50171486cb0148d2d,4,1,11,1,linux,BFC
e95b6c3ef1311dd7b20467d932a24b6d0fd88395,9,0,18,1,linux,BFC
5aba2ba5030b66a6f8c93049b718556f9aacd7c6,2,0,0,1,linux,BFC
9f614197c744002f9968e82c649fdf7fe778e1e7,0,0,2,1,linux,BFC
b4b7e67c917fa8e2171b2ee7717b44efd7a52c47,1569,0,0,2,linux,BIC
9aaff3864b603408c02c629957ae8d8ff5d5a4f2,0,0,1,1,linux,BFC
bed81ee181dd6b21171cffbb80472cc5b774c24d,50,0,3,4,linux,BIC
26dca996ea7b1ac7008b6b6063fc88b849e3ac3e,11,0,0,1,linux,BFC
2a4a62a14be1947fa945c5c11ebf67326381a568,2,0,2,1,linux,BFC
a53bcc19876498bdd3b4ef796c787295dcc498b4,0,0,2,1,linux,BFC
ff8107200367f4abe0e5bce66a245e8d0f2d229e,1,0,1,1,linux,BFC
33b4b015e1a1ca7a8fdce40af5e71642a8ea355c,2,0,1,1,linux,BFC
b11e19694dc9ffc35091e0c4485c4a622a8f2f4e,113,81,22,6,linux,BIC
ee8ba94f9cc9afab570fd71ad421292f6360983c,0,0,1,1,linux,BFC
f2916ae9a1bc80aa8e9e8a00b75682f5df6fd59c,5,6,0,1,linux,BFC
08a32902a56e1670850fe5d518d8203e9ce354b8,0,0,1,1,linux,BFC
564e73d283af9d4c1d642079d5c7ac601876162f,335,0,0,1,linux,BIC
ad7fcbc308b050e3c27c545021663d2cd73f8b23,655,0,0,1,linux,BIC
34ee55075265d68ca858f2426e165733664385b4,542,0,0,1,linux,BIC
0f73a559f916b618c0c05186bd644c90cc9e9695,1,0,0,1,linux,BFC
ccf11dbaa07b328fa469415c362d33459c140a37,3,0,2,1,linux,BFC
1cd916d0340d0f45b151599c24ec40b5b2fd8e4a,1,0,1,1,linux,BFC
d28ea556267c4f2ec7264ab49f1b1296834321ec,13,0,0,4,linux,BIC
0a727b459ee39bd4c5ced19d6024258ac87b6b2e,0,0,1,1,linux,BFC
30062bd13e3659a309d249a06d5f4ebb4a5c5251,2477,6,21,8,linux,BIC
3fba05a2832f93b4d0cd4204f771fdae0d823114,1,0,0,1,linux,BFC
33f0c47b8fb4724792b16351a32b24902a5d3b07,99,0,0,1,linux,BIC
4a445b7b6178d88956192c0202463063f52e8667,25,0,4,1,linux,BFC
424f6c4818bbf1b8ccf58aa012ecc19c0bb9b446,1,0,0,1,linux,BFC
ac964d7a594290e230f8c1038934692e30c76fc8,0,5,0,2,linux,BFC
8db8be9cfc89935c97d791c7e6264e710a7e8a56,3,0,1,1,linux,BFC
1fa4da043a5cc2a29a98c20f67d5c999819a2b6b,1,0,1,1,linux,BFC
ab615a5b879292e83653be60aa82113f7c6f462d,3,0,1,1,linux,BFC
ca91a2758fcef6635626993557dd51cfbb6dd134,85,30,5,2,linux,BIC
0401e8548eace5bdb8adfa3e82f56165982cb3ad,30,19,1,3,linux,BIC
1db2b0d0a39102238fcbf9092cefa65a710642e9,3,6,11,4,linux,BFC
dabcefab45d36ecb5a22f16577bb0f298876a22d,29,0,8,1,linux,BIC
0c3aae9bd59978fb8c3557d7883380bef0f2cfa1,9,0,2,2,linux,BFC
7d0b130cbbfa4651cc1ab9268a2956c1b9d82ff9,2,0,0,1,linux,BFC
3f2ab135946dcd4eb6af92a53d6d4bd35e7526ca,6,0,2,1,linux,BFC
d9c10e5b8863cfb6886d1640386455075c6e979d,0,1,1,1,linux,BFC
f0a5e4d7a594e0fe237d3dfafb069bb82f80f42f,2,2,9,2,linux,BFC
01fe904c9afd26e79c1f73aa0ca2e3d785e5e319,3,0,2,1,linux,BFC
d8355240cf8fb8b9e002b5c8458578435cea85c2,188,0,0,4,linux,BIC
809805a820c6445f7a701ded24fdc6bbc841d1e4,44,67,32,2,linux,BIC
c49edecd513693ea7530ab18efbd7d6d5b7cbf90,3,0,1,1,linux,BFC
fec1faf221f61118aa52f44c65a13c3e173a64c2,2,0,1,1,linux,BFC
cc7cc02bada84f0d707aa5b6d2ef8728a2e1f911,31,0,2,3,linux,BIC
58a57569904039d9ac38c0ff2a88396a43899689,9,5,6,1,linux,BFC
2eb8d6d2910cfe3dc67dc056f26f3dd9c63d47cd,0,0,4,2,linux,BFC
3958b9c34c2729597e182cc606cc43942fd19f7c,1,0,0,1,linux,BFC
6b3944e42e2e554aa5a4be681ecd70dccd459114,13,1,9,5,linux,BFC
e813dde6f83343012239a44e433eacc22de1079c,0,8,4,1,linux,BIC
2610e88946632afb78aa58e61f11368ac4c0af7b,9,1,0,1,linux,BFC
289de35984815576793f579ec27248609e75976e,2,0,0,1,linux,BFC
64d23ff38ac9ea822c9810b60a616e39e2c2c82d,3,2,1,1,linux,BFC
3c88c692c28746473791276f8b42d2c989d6cbe6,5,112,35,13,linux,BIC
e5313c141b49c1b1af43d1ca81398185d66ad1a6,0,2,2,1,linux,BFC
be8499c48f115b912f5747c420f66a5e2c31defe,0,0,3,1,linux,BFC
ac663db3678a62f69a2a73126e51a9a302b27ff2,53,0,42,1,linux,BIC
e6db818a3f51781ba12ac4d52b8773f74d57b06b,1,0,0,1,linux,BFC
1cce8f73a561c944ba69419044222a6797b547d2,284,0,0,1,linux,BIC
5434ee8d28575b2e784bd5b4dbfc912e5da90759,0,0,1,1,linux,BFC
6736fde9672ff6717ac576e9bba2fd5f3dfec822,3,11,1,1,linux,BFC
60faa8f1ac6e0588d53eb9a345adcdbcc96a8f47,2,0,0,2,linux,BIC
c9ca43d42ed8d5fd635d327a664ed1d8579eb2af,3,0,1,2,linux,BFC
34b99df4e6256ddafb663c6de0711dceceddfe0e,19,0,2,2,linux,BFC
ff59c4563a8d1b39597aab4917959146c61f09b0,93,19,9,4,linux,BIC
9dfbd7319909a948146f5c3438f7bd86c2c53cb6,0,0,1,1,linux,BFC
2f0db87901698cd73d828cc6fb1957b8916fc911,6,0,2,1,linux,BFC
1cd6718272903c72f36ac23a7e72ed4cebf1f8e8,2,32,4,1,linux,BIC
6d97c6e31b553bc9f58b83ac3c4c79c17affbda8,40,0,7,2,linux,BIC
eb6984fa4ce2837dcb1f66720a600f31b0bb3739,6,0,0,1,linux,BFC
c12e0643a05d978657877630d4da1ace06ea3720,0,0,1,1,linux,BFC
ab57bd7570d4393beb5a91bf092ed54e9c3574a2,48,63,0,5,linux,BIC
1f2cfdd349b7647f438c1e552dc1b983da86d830,0,0,1,1,linux,BFC
1bd303dc04c3f744474e77c153575087b657f7e1,20,15,174,1,linux,BFC
df9b0e30d44c901ac27c0f38cd54511b3f130c6d,25,0,1,3,linux,BIC
e6d701dca9893990d999fd145e3e07223c002b06,0,0,2,1,linux,BFC
8fae856c53500a89809875d2eb3c0d8a41b9696d,1464,0,0,1,linux,BIC
c199105d154e029cd8c94cccd35bd073e64acc45,0,3,2,2,linux,BFC
eb8df543e444492328f506adffc7dfe94111f1bd,6,0,0,1,linux,BFC
b90f7c9d2198d789709390280a43e0a46345682b,19,8,1,1,linux,BFC
2242ddfbf4d699b58d12467bbebae167d7563700,2588,0,0,3,linux,BIC
5f83d86cf531d737ba2ca9c3cc500ff331fbd43e,7,16,10,1,linux,BIC
af8e15cc85a253155fdcea707588bf6ddfc0be2e,4,0,1,1,linux,BIC
38a2d0d429f1d87315c55d9139b8bdf66d51c4f4,5,745,80,2,linux,BIC
286f3f478796fb4f9e003e9f7d649f3c33f08d2f,0,0,1,1,linux,BFC
b13468dc577498002cf4e62978359ff97ffcd187,0,0,1,1,linux,BFC
013923477cb311293df9079332cf8b806ed0e6f2,2,0,2,1,linux,BFC
2bba782002c5dab6ca8d608b778b386fb912adff,0,0,1,1,linux,BFC
669a5db411d85a14f86cd92bc16bf7ab5b8aa235,17891,5,106,41,linux,BIC
9bcf065e28122588a6cbee08cf847826dacbb438,0,0,1,1,linux,BFC
1b9beda83e27a0c2cd75d1cb743c297c7b36c844,2,0,0,1,linux,BFC
cb47b9f8630ae3fa3f5fbd0c7003faba7abdf711,22,21,0,1,linux,BFC
7feb2f786a46d34cac760d5e246dfbdafafa0e96,105,82,88,12,linux,BIC
b418f74170d7e066bad802e8563cabdb1b6032c6,128,0,0,1,linux,BIC
9d68db5092c5fac99fccfdeab3f04df0b27d1762,16,0,0,1,linux,BFC
5c3de777bdaf48bd0cfb43097c0d0fb85056cab7,0,0,1,1,linux,BFC
df06fd678260bca919ea894281ec54ce10e45ce6,5,0,0,1,linux,BIC
130f4caf145c3562108b245a576db30b916199d2,3,0,0,1,linux,BIC
e6c4dcb308160115287afd87afb63b5684d75a5b,5,0,1,1,linux,BFC
4cfc86f3dae6ca38ed49cdd78f458a03d4d87992,0,2,7,1,linux,BFC
f6ab1f7f6b2d8e48c5fc47746a67363b20d79a1d,2,0,14,5,linux,BIC
2463e073497385ef63c220571013a2b89e9b95cc,1,0,0,1,linux,BFC
63bd62a08ca45a0c804c3c89777edc7f76a2d6da,0,2,4,1,linux,BIC
0fe9933804eb860b7c26fd3fcd5839dc6bb66533,58,0,9,4,linux,BIC
124cf9117c5f93cc5b324530b7e105b09c729d5d,105,1,7,6,linux,BIC
a98e2802a654e240d9020546fd29e5632da5f848,1,0,21,4,linux,BFC
0071f56e46dadb88dc3ad1f8d9cf9c3ae014735d,7,7,0,1,linux,BIC
a9fe8e29945d56f35235a3a0fba99b4cf181d211,16,6,10,3,linux,BIC
ded711c87a0411a7f3f56f8c575d7b642ee0110e,5,0,4,1,linux,BIC
2d6a0e9de03ee658a9adc3bfb2f0ca55dff1e478,11,0,7,1,linux,BFC
fb692ec4117f6fd25044cfb5720d6b79d400dc65,6,7,6,1,linux,BFC
82c9ae440857840c56e05d4fb1427ee032531346,0,1,6,1,linux,BIC
dab8fe7ea267711cf28bb7c87361fa3c2293fa97,2,0,0,1,linux,BFC
48a70e1ca85e3b484791e100bb403c05ef9d37c8,0,0,1,1,linux,BFC
6b6e89636f51581895922780c3c4fd51bb9e1483,0,0,1,1,linux,BFC
79c5623f1cb85f33403eb9f1e45124e9f56181f8,3,0,2,1,linux,BFC
b7662eef14caf4f582d453d45395825b5a8f594c,3,0,0,1,linux,BFC
020580ff8edd50e64ae1bf47e560c61e5e2f29fc,0,0,2,1,linux,BFC
1b44c5a60c137e5fd0c2c8b86e58fdbc9cd181ce,3260,0,0,5,linux,BIC
ebfa440ce38b7e2e04c3124aa89c8a9f4094cf21,15,0,1,1,linux,BFC
2df8d3807ce7f75bb975f1aeae8fc6757527c62d,5,0,3,1,linux,BFC
efd7f40082a0dfd112eb87ff2124467a5739216f,8,0,0,1,linux,BFC
2788cf3bd90af3791c3195c52391bcf34fa67b40,0,3,1,1,linux,BFC
2b9366b669679f1388457ec5a62f9dd1d0a78b08,11,0,0,1,linux,BIC
1fac7ca4e63bf935780cc632ccb6ba8de5f22321,11,0,1,3,linux,BIC
5c968f48021a9b3faa61ac2543cfab32461c0e05,2,0,1,1,linux,BFC
5790b53390e18fdd21e70776e46d058c05eda2f2,2,0,0,1,linux,BFC
81ce8f04aa96f7f6cae05770f68b5d15be91f5a2,0,0,1,1,linux,BFC
d09d747ae4c25a89aa04c0881ea52e90a09bedfd,9,2,38,3,linux,BIC
9c455a8c1e146dac3a6d1405fe6a7096177b9546,78,51,20,6,linux,BIC
37995116fecfce2b61ee3da6e73b3e394c6818f9,3,0,1,1,linux,BFC
33d0fcdfe0e87070d96c678e554d711ae15b9fa6,55,0,3,3,linux,BIC
d98ef43bfb65b5201e1afe36aaf8c4f9d71b4307,1,0,0,1,linux,BFC
abda288bb207e5c681306299126af8c022709c18,1,0,0,1,linux,BFC
3cc624beba6310a8a534fb00841f22445a200d54,193,0,27,2,linux,BIC
9d4296a7d4b329016e6b5b59a7fb3f8afa36ac05,57,0,9,1,linux,BIC
e3b49ea36802053f312013fd4ccb6e59920a9f76,5,0,0,2,linux,BIC
58617014405ad5c9f94f464444f4972dabb71ca7,0,0,4,2,linux,BFC
6924089c488e9deab2ecc43a263a09a2d8a3f4cb,22,0,1,1,linux,BIC
03aaa9e2677ee25bb31fb9f54ea72b4dacbe0df8,0,0,1,1,linux,BFC
aec17e1e249567e82b26dafbb86de7d07fde8729,5,0,0,1,linux,BFC
9e68cb0359b20f99c7b070f1d3305e5e0a9fae6d,0,0,1,1,linux,BFC
1636295a9f6931e8524c416ae333cd9ff7ef4661,35,0,25,1,linux,BFC
e531f76757eb9f3314957cee24e6e9a0fa4aa98c,66,8,46,2,linux,BIC
985f7337421a811cb354ca93882f943c8335a6f5,0,0,1,1,linux,BFC
d651ce8e917fa1bf6cfab8dca74c512edffc35d3,4,15,8,1,linux,BFC
cfd80687a5388e731b3db65ad6a557ede9b45905,0,0,1,1,linux,BFC
6fedafacae1b951af104d862888a446b6c3f3a39,158,0,0,3,linux,BIC
997153b9a75c08d545ad45e6f8ceb432435d2425,69,3,8,7,linux,BIC
32f13521ca68bc624ff6effc77f308a52b038bf0,44,0,33,1,linux,BIC
0ae03893623dd1ddf17c1210265e5d7f9e2f3ed6,1,0,14,5,linux,BIC
e6b03ab63b4d270e0249f96536fde632409dc1dc,4,2,0,2,linux,BFC
d30710b8cce3a581c170d69002e311cc18ed47d3,0,0,2,1,linux,BFC
8c7f01025f7becd577bed9af93f974fc6798c5a3,44,0,0,1,linux,BIC
c45361abb9185b1e172bd75eff51ad5f601ccae4,5,1,5,2,linux,BIC
36eb93509c45d0bdbd8d09a01ab9d857972f5963,0,0,1,1,linux,BFC
22e5fe2a2a279d9a6fcbdfb4dffe73821bef1c90,13,16,31,1,linux,BFC
f167675486c37b88620d344fbb12d06e34f11d47,0,0,1,1,linux,BFC
fa4a2fd17dc5d2d1fbad7ace78d39d7fea20d78e,0,0,2,1,linux,BFC
3007098494bec614fb55dee7bc0410bb7db5ad18,268,0,0,4,linux,BIC
ed06aeefdac348cfb91a3db5fe1067e3202afd70,271,240,278,11,linux,BIC
e467cde238184d1b0923db2cd61ae1c5a6dc15aa,359,0,0,2,linux,BIC
fc5d1073cae299de4517755a910df4f12a6a438f,0,38,0,3,linux,BFC
6c6f9f31ecd47dce1d0dafca4bec8805f9bc97cd,0,0,1,1,linux,BFC
b741269b275953786832805df329851299ab4de7,79,0,1,4,linux,BIC
a4fbfdd7a160eccaafc093eb5b34f838b1ca0bf0,22,16,3,1,linux,BFC
b2e3a1af8cce4117de06ff1a4eab0749753ede27,2,0,2,1,linux,BFC
69d012345a1a32d3f03957f14d972efccc106a98,0,0,1,1,linux,BFC
9517b95bdc4699d94c2ffc6a520bb0ccec396f5b,119,1,16,1,linux,BIC
8adabb8928bcf75d6dc3f81b30a82884e70599cf,0,0,1,1,linux,BFC
0e517c93dc027e49d4523fe32631606b12f0752d,0,1,1,1,linux,BIC
e1706720408e72fb883f6b151c2b3b23d8e7e5b2,2,0,2,2,linux,BFC
f3779cb190a5a12d2e26fd5af724fb1384a9144f,30,0,0,2,linux,BIC
6818600ff094ca255a7fe31838ad50c29656c3c5,0,3,5,1,linux,BFC
83348ba84ee0d5d4d982e5382bfbc8b2a2d05e75,45,56,11,6,linux,BFC
ef39d632608e66f428c1246836fd060cf4818d67,3,0,0,1,linux,BFC
e76bf3c4b4e456fa8f2c729fa1e8c644857529a8,1,0,11,3,linux,BIC
4a2c4da1250d09c1477eff8e14a82b2573481f32,4,0,0,1,linux,BIC
0202d293c2faecba791ba4afc5aec086249c393d,0,0,2,1,linux,BFC
461c1a7d4733d1dfd5c47b040cf32a5e7eefbc6c,49,0,4,2,linux,BIC
6fb1ca92a6409a9d5b0696447cd4997bc9aaf5a2,7,0,1,1,linux,BIC
e029c5f2798720b463e8df0e184a4d1036311b43,13,0,2,2,linux,BFC
3dd4eb83a9c08ed6af482a5417323a6c8f4fc7a7,141,140,0,2,linux,BIC
2dedea035ae82c5af0595637a6eda4655532b21e,0,0,1,1,linux,BFC
5a19b178d7b4dd162b3d4c7e729f30348f2eb177,2,0,2,1,linux,BIC
daf158d0d544cec80b7b30deff8cfc59a6e17610,2,0,1,1,linux,BFC
c4b65157aeefad29b2351a00a010e8c40ce7fd0e,77,0,17,3,linux,BIC
a33c72faf2d73a35d85c8da4b65402a50aa7647c,111,5,4,2,linux,BIC
3d0818f5eba80fbe4c0addbfe6ddb2d19dc82cd4,9,0,0,1,linux,BFC
f635e48e866ee1a47d2d42ce012fdcc07bf55853,1,0,0,1,linux,BFC
7d73cd946d4bc7d44cdc5121b1c61d5d71425dea,3,0,1,1,linux,BFC
7671edeb193910482a9b0c22cd32176e7de7b2ed,12,0,9,1,linux,BFC
b5d667eb392ed901fc7ae76869c7a130559e193c,69,4,25,3,linux,BIC
0303e1b77c4db2fd11e9005836f1baaa0ffacb7b,0,0,3,1,linux,BFC
76e81d6d50481144824237e6843122824b0a55c0,182,0,3,6,linux,BIC
dcd87999d415d39cf2ae510bfed6b8206d778e1c,14,6,0,2,linux,BIC
c1c7af60892070e4b82ad63bbfb95ae745056de0,27,0,0,3,linux,BIC
efacb568c962470894dcda2bc51ea42af96a39eb,96,8,8,1,linux,BIC
de9f8eea5a44b0b756d3d6345af7f8e630a3c8c0,88,22,11,5,linux,BFC
5153723388c8691b886eb9ad28dde92c01f9b191,0,1,0,1,linux,BFC
e1067a07cfbc5a36abad3752fafe4c79e06db1bb,152,0,0,1,linux,BIC
cdec2141c24ef177d929765c5a6f95549c266fb3,2,0,11,1,linux,BFC
537bddd069c743759addf422d0b8f028ff0f8dbc,0,0,1,1,linux,BFC
ddfd1730fd829743e41213e32ccc8b4aa6dc8325,5,0,1,1,linux,BFC
d6810d730022016d9c0f389452b86b035dba1492,7,0,8,1,linux,BIC
8f716c9b5febf6ed0f5fedb7c9407cd0c25b2796,211,0,7,5,linux,BIC
44942b4e457beda00981f616402a1a791e8c616e,1,0,1,2,linux,BFC
d82bccc69041a51f7b7b9b4a36db0772f4cdba21,1,0,0,1,linux,BFC
615510fe13bd2434610193f1acab53027d5146d6,25,155,72,2,linux,BIC
6712abc168ebac90b46088b89798aa31a1bc79f9,88,0,11,2,linux,BIC
dfd55ad85e4a7fbaa82df12467515ac3c81e8a3e,1,0,5,2,linux,BIC
999b874f4aa39b7abf45662ff0900f943ddb2d02,70,28,4,1,linux,BIC
3c1a4322bba79aad2d3f6f996b7e1c336bd909b3,41,22,8,5,linux,BIC
204cc5c44fb695ece1eab15dd6fb92340028106d,53,0,0,3,linux,BIC
ed57256f6fe8882cf6dde8d99f5fac5fd84c5a2d,2,5,1,1,linux,BIC
7c95d8893fb55869882c9f68f4c94840dc43f18f,35,0,84,6,linux,BIC
70e37988db94aba607d5491a94f80ba08e399b6b,0,0,2,1,linux,BFC
bd583fe30427500a2d0abe25724025b1cb5e2636,2,0,0,1,linux,BFC
1b3bd8592780c87c5eddabbe98666b086bbaee36,1265,0,0,4,linux,BIC
f28cad86ada1a7345d7bbd379bef5a8babfa791b,1,0,1,1,linux,BFC
785f742223c03ec70f9dcf36b87f59e9df2067e0,0,0,1,1,linux,BFC
c7e9d39831a31682285cc31ddf7dd06c0fe59138,4,0,5,1,linux,BFC
1e5654de0f51890f88abd409ebf4867782431e81,2,0,3,1,linux,BFC
570a752b7a9bd03b50ad6420cd7f10092cc11bd3,0,4,1,1,linux,BIC
e1c3e5014040869abd6ef2cdf987e7c74cb40ada,0,4,4,1,linux,BIC
4ed11aeefda439c76ddae3ceebcfa4fad111f149,20,0,15,1,linux,BFC
82d9d54a6c0ee8b12211fa4e59fd940a2da4e063,301,45,7,6,linux,BIC
5de719e3d01b4abe0de0d7b857148a880ff2a90b,17,0,7,4,linux,BFC
cb8563f5c735a042ea2dd7df1ad55ae06d63ffeb,1,0,1,1,linux,BFC
d47924417319e3b6a728c0b690f183e75bc2a702,4,4,0,1,linux,BFC
25c440704661c1e842516f9364c9cb022a44c5b9,1,1,8,2,linux,BIC
b19f009d451060ee820deffa1afba029797fa654,8,5,50,2,linux,BIC
e233d54d4d975760073700b15de975ef702e8194,0,0,3,1,linux,BIC
6835302853169441069e11bc4642300c22009c2e,5,0,4,1,linux,BIC
840798a1f52994c172270893bd2ec6013cc92e40,60,0,0,3,linux,BIC
89bf26cbc1a09476c4c4740d16a0ffdfa2192b9c,197,0,0,4,linux,BIC
89d8fd44abfb9019bb37a858532d6633e2590cac,16,0,0,1,linux,BIC
c3bf8e21b38a89418f2e22173b229aaad2306815,92,20,9,5,linux,BIC
b14c06ec024947eaa35212f2380e90233d5092e0,0,0,7,1,linux,BFC
05faa64e73924556ba281911db24643e438fe7ba,0,2,3,1,linux,BFC
d98ef99e378b0d5c42be928d6f2abe08a5f9ce53,7,0,9,1,linux,BIC
9b0cdefa4cd5dca85967f66da8ab376c0321b845,108,0,0,1,linux,BIC
1538d82f4647c686f09888b36604dca2fc2bdaf6,104,52,135,1,linux,BIC
4e0f5cc65098ea32a1e77baae74215b9bd5276b1,6,0,1,1,linux,BIC
3dabfa2bda48dab717986609762ce2a49335eb99,0,0,1,1,linux,BFC
1222a16014888ed9733c11e221730d4a8196222b,9,0,5,1,linux,BIC
84158b7f6a0624b81800b4e7c90f7fb7fdecf66c,31,2,3,1,linux,BFC
1967c12896e09599e77cd62f660a99bef4e3ab19,0,0,1,1,linux,BFC
6b301a059eb2ebed1b12a900e3b21a38e48dd410,2867,0,0,4,linux,BIC
e72e4032637f4646554794ac28a3abecc6c2416d,8,1,1,3,linux,BFC
f95af4a9236695caed24fe6401256bb974e8f2a7,69,34,1,1,linux,BFC
7816e4a98ce3bc7c562807240b4f14171e177420,0,0,3,1,linux,BFC
4ba1cb39fce4464151517a37ce0ac0a1a3f580d6,9,0,61,1,linux,BFC
b16cd900de7911f96af17327a081a2141a0b763f,0,0,1,1,linux,BFC
2f819db565e82e5f73cd42b39925098986693378,0,0,1,1,linux,BFC
7ba08e81cb4aec9724ab7674a5de49e7a341062c,0,1,2,1,linux,BFC
b312be3d87e4c80872cbea869e569175c5eb0f9a,0,0,1,1,linux,BFC
a792866ad2dafb8f272e4fdfb98a93fdbfff2277,0,27,13,1,linux,BFC
5aa02366773376a1fd3a5c6a815e5f6e026ab391,5,0,1,1,linux,BFC
2c22120fbd017d78ad2b6825ba573db3ef539bca,111,1,1,3,linux,BIC
17f09d3f619a7ad2d2b021b4e5246f08225b1b0f,4,0,4,1,linux,BIC
a6b65983dabceb7ccb1801ee7f5bd421c2704d16,2,0,1,1,linux,BFC
c1986ee9bea3d880bcf0d3f1a31e055778f306c7,2144,0,0,2,linux,BIC
54b6f35c99974e99e64c05c2895718355123c55f,2,0,4,2,linux,BIC
4cb433e856bce5974ea035181cc8eb406496dccc,4,0,8,1,linux,BFC
7cb001d4c4fa7e1cc1a55388a9544e160dddc610,0,0,6,1,linux,BFC
4f340efcb21220b7a0afcea3884e66f79e6f2306,0,0,2,1,linux,BFC
3bbdc083262dc082e5c8e7b0646faf8f4ef894dd,0,6,3,1,linux,BIC
6e8a4f9dda3823274fa8a4c1aa5e6a93f9775749,0,0,1,1,linux,BFC
114346978cf61de02832cc3cc68432a3de70fb38,6,0,1,1,linux,BIC
4c71d6abc4fc0e1171ac078687a98cca1537bbaa,316,0,0,2,linux,BIC
f555befd185dc097ede887eb7b308c2e1c1369d4,0,0,1,1,linux,BFC
3aa8b8bbc142eeaac89891de584535ceb7fce405,2,0,0,2,linux,BFC
80ef4464d5e27408685e609d389663aad46644b9,2,1,1,1,linux,BFC
33f93e1ebcf5acfaef06cda2d3e373730519e33e,6,5,0,1,linux,BIC
77ea733884eb5520f22c36def1309fe2ab61633e,112,75,15,4,linux,BIC
eddac5af06546d2e7a0730e3dc02dde3dc91098a,1173,0,0,2,linux,BIC
6e28099d38c0e50d62c1afc054e37e573adf3d21,1,0,0,1,linux,BFC
f09555ffe379aeef7fa83c459bbe29e8bce8ec50,0,0,4,1,linux,BFC
4caf4ebfe4cf0ea262eb9e829bb254a6a6d58acc,0,1,2,2,linux,BFC
1ac210d128ef6e92698dd3aa4e2e03e831bc9906,130,2,2,5,linux,BIC
7c305de2b9548ab6b65fce342c78618bbed5db73,4,0,1,1,linux,BIC
e27c5b9d23168cc2cb8fec147ae7ed1f7a2005c3,2,0,4,1,linux,BFC
be238fbf78e4c7c586dac235ab967d3e565a4d1a,0,0,1,1,linux,BFC
1f83f4d15d285689176a825c298e9e1c95c90a20,0,5,0,1,linux,BFC
c85f533d51ca42a461a61303322b0cf74fb75a6b,0,12,1,1,linux,BFC
02ded5a173619b11728b8bf75a3fd995a2c1ff28,1,0,0,1,linux,BFC
3cb98f84d368b3bbe07a2d5bf938e31f74567620,16,0,8,3,linux,BIC
a149d2a5cabbf6507a7832a1c4fd2593c55fd450,16,0,16,1,linux,BFC
51199405f967207de372d9b60989eb87d7ae8809,16,0,0,1,linux,BIC
22396941a7f343d704738360f9ef0e6576489d43,0,0,1,1,linux,BFC
b80b32b6d5e79798b85cd4644206aaa069059390,3,0,2,1,linux,BFC
1a5daead217c4b2243e6ab061e19a1190e4325ac,86,7,8,2,linux,BIC
e036c4cabaa8d24375262ced3a191819a8077b74,0,0,3,1,linux,BFC
8a271746a264c1bd05fd98da1d96d97b79799970,50,2,18,2,linux,BIC
aa1dd80f80ccf3a47227ab42625e7bbacd5ff272,2,0,2,1,linux,BFC
cd63c0288fd760ce7de247fba618e2bbcfc0c35c,6,0,0,1,linux,BIC
3721924c81541d828d73d0e36dcbae8fd93f0885,68,0,0,2,linux,BIC
1fb3672eaf6ec95fb34c22734feffd6041531c5b,0,0,1,1,linux,BFC
003f01c780020daa9a06dea1db495b553a868c29,0,0,1,1,linux,BFC
e3a7c2947b9e01b9cedd3f67849c0ae95f0fadfa,8,0,1,1,linux,BFC
75d18385394f56db76845d91a192532aba421875,0,8,0,1,linux,BFC
d69e3bcf79764ed833e0cc6e0645dc87589cec22,30,0,1,2,linux,BIC
1d509f2a6ebca1aea3089c769f6375f01a832e9b,94,46,66,5,linux,BIC
3af9256150b3ecc597c5428711f87ce105d1d58e,0,0,1,1,linux,BFC
6958b027435aa54d82bbef09a007fd287f439977,3,0,1,1,linux,BFC
a6097180d884ddab769fb25588ea8598589c218c,9,0,2,3,linux,BFC
faec18dbb0405c7d4dda025054511dc3a6696918,360,332,4,13,linux,BIC
ca925cf1534ebcec332c08719a7dee6ee1782ce4,62,36,41,6,linux,BIC
2e5c93d6bb2f7bc17eb82748943a1b9f6b068520,2,0,1,1,linux,BFC
33af3a7ef9e6fb6fa5f0168c3c67f51776dafc54,59,8,7,1,linux,BIC
ab7965de1725cd8514f0edbced5c2fb793846078,2,0,1,1,linux,BFC
b636401f0ec9bbf7931774e00f3adf7ee9214cce,13,5,1,3,linux,BFC
f9d041271cf44ca02eed0cc82e1a6d8c814c53ed,27,42,7,5,linux,BIC
3948f0e0c999a6201e9898bb8fbe3c6cc1199276,3168,0,0,3,linux,BIC
906c6caaf586180261ea581915e1cf8bc466bd69,19,0,3,1,linux,BIC
44e29e64cf1ac0cffb152e0532227ea6d002aa28,0,0,1,1,linux,BFC
a3508fbe9dc6dd3bece0c7bf889cc085a011738c,792,0,1,6,linux,BIC
dfff24bde7fb8d57482e907d5dfb0be3a9e28119,6,1,7,7,linux,BFC
2b63482185e6054cc11ca6d6c073f90160c161fd,6,0,2,1,linux,BIC
7189b3c11903667808029ec9766a6e96de5012a5,0,0,4,1,linux,BFC
276e93279a630657fff4b086ba14c95955912dfa,9,0,0,1,linux,BFC
ede5f3e7b54a4347be4d8525269eae50902bd7cd,0,0,4,1,linux,BFC
ce97e2bb6687d3af675ecf2e836a9122def53578,0,1,0,1,linux,BFC
21faaea1343f2f8dc6539302c92231afc6d999a5,21,0,0,1,linux,BIC
a3e4d3f97ec844de005a679585c04c5c03dfbdb6,22,1,43,2,linux,BIC
d183e4efcae8d88a2f252e546978658ca6d273cc,1,0,0,1,linux,BIC
000ae7b2690e20b45480d2008757d54a66a38397,68,24,54,1,linux,BIC
6e846239e5487cbb89ac8192d5f11437d010130e,16,0,0,2,linux,BFC
7041d9c3f01b365daa50340a5d2dce84a09ea813,14,0,1,1,linux,BIC
e3011776af16caf423f2c36d0047acd624c274fa,0,0,2,1,linux,BFC
71e909c0cdad28a1df1fa14442929e68615dee45,14,0,2,1,linux,BFC
cda7005ba2cbd0744fea343dd5b2aa637eba5b9e,11,2,6,1,linux,BFC
17f65658c8adce6233f9e53be59d399af6180059,0,0,2,1,linux,BFC
93ad0fc088c5b4631f796c995bdd27a082ef33a6,1,0,0,1,linux,BFC
bd31ecf44b8e18ccb1e5f6b50f85de6922a60de3,2,0,0,1,linux,BFC
5a924b8951f835b5ff8a3d9f434f3b230fc9905f,31,48,40,6,linux,BIC
57b0c9d49b94bbeb53649b7fbd264603c1ebd585,3,0,6,1,linux,BFC
c9b3292eeb52c6834e972eb5b8fe38914771ed12,7,0,0,1,linux,BFC
f398e4240fce962d0dd74dc11c59fe20860e7a71,591,0,0,1,linux,BIC
bb07b16c44b2c6ddbafa44bb06454719002e828e,7,0,1,1,linux,BFC
bac8486116b0ee3d5eba07532b4cbba02834979a,14,0,30,2,linux,BIC
738cbe72adc5c8f2016c4c68aa5162631d4f27e1,66,69,6,4,linux,BIC
7bd39bc6bfdf96f5df0f92199bbc1a3ee2f2adb8,0,0,1,1,linux,BFC
29217a4746835fef35279abbd12c1a1efe83bfca,200,0,0,3,linux,BIC
b48c05ab5d32af2af4bc63851c153782d1c6ba42,10,0,0,3,linux,BIC
c497176cb2e478f0a5713b0e05f242276e3194b5,235,2,3,6,linux,BIC
deeb4b5393e106b990607df06261fba0ebb7ebde,243,0,0,1,linux,BIC
e5fc9753b1a831466be9b45d0bf926eeaa8b84a0,864,0,1,3,linux,BIC
5c75633ef751dd4cd8f443dc35152c1ae563162e,12,0,0,1,linux,BFC
c3f8ad57a01a31397e5a0349a226a32f35ddc19c,0,10,1,1,linux,BFC
802d4d207e75d7208ff75adb712b556c1e91cf1c,9,0,2,1,linux,BFC
442f04c34a1a467759d024a1d2c1df0f744dcb06,3365,0,0,15,linux,BIC
6c41a7606967803702d0b5c2ba57acce71ec8d9d,78,0,0,2,linux,BIC
fec9434a12f38d3aeafeb75711b71d8a1fdef621,38,0,5,1,linux,BIC
ae6874ba4b43c5a00065f48599811a09d33b873d,83,0,9,3,linux,BIC
292fed1fc89509bab2c0b291d5d395dea5b6ab2f,0,0,1,1,linux,BFC
c2f34a65a61cd1ace3b53c93e8b38d2f79f4ff0d,4,0,0,1,linux,BFC
1d1898f65616c4601208963c3376c1d828cbf2c7,0,0,3,1,linux,BFC
669cbc708122fc7a02282058a09f096200cee090,15,134,21,24,linux,BIC
0b87d6bcd6482b4502d8fd21561380981dad501f,268,0,7,2,linux,BIC
4d07ae22e79ebc2d7528bbc69daa53b86981cb3a,40,9,28,3,linux,BFC
6671507f0fbd582b4003f837ab791d03ade8e0f4,9,0,3,1,linux,BIC
1e8795b1b20d2721620165434cdcf427ecd2ba85,0,0,1,1,linux,BFC
10b4f09491bfeb0b298cb2f49df585510ee6189a,4682,0,1,8,linux,BIC
a3ba26ecfb569f4aa3f867e80c02aa65f20aadad,3,0,1,2,linux,BFC
228aa0121c8897d97fd0864d4ee4851545f7ebac,1,0,1,1,linux,BFC
9201ab5f55223760ce7e8890815b1beaf41e2e7a,3,0,1,1,linux,BFC
84cb8eb26cb9ce3c79928094962a475a9d850a53,14,0,1,1,linux,BFC
ef2f5d0aa1214940f123721794f244f7287633ba,4,1,2,1,linux,BIC
41de4be6f6efa4132b29af51158cd672d93f2543,0,0,1,1,linux,BFC
13ad1125b941a5f257d9d3ae70485773abd34792,5,0,1,3,linux,BFC
38dc5079da7081e8b09b14e255e9da82c451a531,1,0,1,1,linux,BIC
b8a75eaddae9410767c7d95a1c5f3a547aae7b81,2,0,2,1,linux,BFC
b488517b28a47d16b228ce8dcf07f5cb8e5b3dc5,0,0,10,1,linux,BFC
35f735c665114840dcd3142f41148d07870f51f7,1,0,0,1,linux,BFC
4dd2b82d5adfbe0b1587ccad7a8f76d826120f37,7,0,3,1,linux,BFC
ffb810563c0c049872a504978e06c8892104fb6c,4,0,0,1,linux,BIC
03bb2d65900c87a6cc860310b4d598c68fb83393,46,79,35,1,linux,BIC
82277eeed65eed6c6ee5b8f97bd978763eab148f,0,0,2,1,linux,BFC
c4c129db5da8f070147f1757e16196d377ccf20b,0,9,5,4,linux,BIC
39307f8ee3539478c28e71b4909b5b028cce14b1,4,0,0,1,linux,BFC
1c2977c094998de032fee6e898c88b4a05483d08,3,0,2,1,linux,BIC
142639a52a01e90c512a9a8d2156997e02a65b53,24,4,7,3,linux,BIC
0d2006bbf09e817f125ba1e42b2549bc2c5d7351,0,8,0,4,linux,BIC
f0da47118c7e93cdbbc6fb403dd729a5f2c90ee3,0,0,1,1,linux,BFC
a83d958504734f78f42b1e3392d93816297e790a,0,0,1,1,linux,BFC
2a574cc05d380665648c067689ce300168169a68,79,0,8,4,linux,BIC
baefd7015cdb304ce6c94f9679d0486c71954766,1,0,1,1,linux,BFC
6c0867022352027409f5a9fee1d3c6923f9e083e,0,0,2,1,linux,BFC
2bc5ff0bdc00d81d719dad74589317a260d583ed,3,0,1,1,linux,BFC
65f1a0d39c289bb6fc85635528cd36c4b07f560e,5,0,4,1,linux,BFC
78484d7c747e30468b35bd5f19edf602f50162a7,0,0,1,1,linux,BFC
69db7009318758769d625b023402161c750f7876,26,0,8,1,linux,BFC
1c30fbc76b8f0c07c92a8ca4cd7c456612e17eb5,4,0,0,1,linux,BFC
3a8e9ac89e6a5106cfb6b85d4c9cf9bfa3519bc7,133,0,0,3,linux,BIC
1a512c0882bd311c5b5561840fcfbe4c25b8f319,73,0,0,2,linux,BFC
783f3b4e9ec50491c21746e7e05ec6c39c21f563,0,10,1,1,linux,BFC
9c25af250214e45f6d1c21ff6239a1ffeeedf20e,1,1,8,1,linux,BFC
904044dd8fff43e289c11a2f90fa532e946a1d8b,0,0,1,1,linux,BFC
8c2425932398a160f687534efe71f0ec4b92833e,13,0,5,1,linux,BFC
c891c24c62b376e508a45eeeb9f37e1b94173126,3,0,3,1,linux,BFC
839b0f1c4ef674cd929a42304c078afca278581a,0,5,1,1,linux,BFC
5eb29f0d13a66502b91954597270003c90fb66c5,24,23,2,1,linux,BFC
c4dc63f0032c77464fbd4e7a6afc22fa6913c4a7,2,0,1,1,linux,BFC
96d9d1fa5cd505078534113308ced0aa56d8da58,7,0,0,1,linux,BFC
7e059158d57b79159eaf1f504825d19866ef2c42,42,2,8,6,linux,BIC
68c0c1c7f9668e7a7f2e18dbf951cfee57af1c0e,54,11,1,2,linux,BIC
84c4e1f89fefe70554da0ab33be72c9be7994379,24,32,12,2,linux,BFC
2de9d8e0d2fe3a1eb632def2245529067cb35db5,7,0,5,1,linux,BFC
3a87177eb14113bbe8cd95a276af2c412eced6ac,698,1,50,5,linux,BIC
bdf1ee5d3bd38d0c44bd7baa74e07adcbe4ceab1,118,132,0,5,linux,BIC
8e6a75c102f8e232b599a06e06731d8c5d5f2c5d,0,0,4,1,linux,BFC
b1201e44f50b017a4972a337058b36b40c90abca,1208,0,0,1,linux,BIC
7713e62c8623c54dac88d1fa724aa487a38c3efb,0,0,2,1,linux,BFC
6374e57ad8091b9c2db2eecc536c7f0166ce099e,0,1,24,10,linux,BFC
78864ed5f3a743a36e9000db94709eca960efdcb,0,4,11,1,linux,BFC
d5919dcc349d2a16d805ef8096d36e4f519e42ae,3,29,31,7,linux,BFC
fc398bec03879a7469f0c8e16567698b7d5d814c,18,0,2,3,linux,BIC
8ac9134161d9d09ac5cc9df844e35156c54285cb,0,2,3,1,linux,BFC
df79cf44191029a72a6fca908437e5be6f81b878,28,5,18,3,linux,BIC
30ac0d3b0702ea3b6ad19b0c1452831526fe03d5,64,0,0,1,linux,BIC
3b765c0b765d2cc03ef02276f1af2658a03b3ced,0,0,5,2,linux,BFC
9bbb94e57df135ef61bef075d9c99b8d9e89e246,4,5,0,1,linux,BIC
782832f25404b03de1aa745fe9c26d373dc1198a,10,130,55,2,linux,BIC
479a322fb729d657d34706ccf8dd12916f36628f,13,0,0,2,linux,BFC
3c67d44de787dff288d7f2a51c372b22f7356db6,30,2,1,2,linux,BIC
9ba828861c56a21d211d5d10f5643774b1ea330d,12,0,1,1,linux,BIC
bebe4681d0e7e1be2608282dc86645728bc7f623,40,0,8,2,linux,BFC
e32ea127d81c12882f39c2783d78634597ff21a2,8,0,0,1,linux,BFC
8dc4194474159660d7f37c495e3fc3f10d0db8cc,52,3,6,2,linux,BIC
cfd355145c32bb7ccb65fccbe2d67280dc2119e1,2,0,0,1,linux,BFC
0ede79e1322479221fb0d0a7d2828d8ed033f060,0,0,2,1,linux,BIC
7623ed6772de31cadcc474b87bcbc1db84cc1e8e,78,0,0,1,linux,BIC
b529ef2464ad3c9fcfa260c98d258b51d61418f0,2,0,0,1,linux,BIC
dda1c41a07b4a4c3f99b5b28c1e8c485205fe860,1,1,0,1,linux,BFC
6e068270b7883836e4717e262d96d1c43690862a,1,0,0,1,linux,BFC
760a898d8069111704e1bd43f00ebf369ae46e57,5,0,0,1,linux,BFC
9e5b2fc1d39b3122e2028849d0edc5df1d1a4761,0,0,4,1,linux,BFC
74bf71ed792ab0f64631cc65ccdb54c356c36d45,2,0,4,1,linux,BFC
bfebd1cdb497a57757c83f5fbf1a29931591e2a4,202,14,59,4,linux,BIC
1e5301196a88961b02fe43c73a952f78b2c84712,216,0,0,3,linux,BIC
568f06036ee23a003542227975f69a75ac172ba2,54,29,21,8,linux,BIC
0bec90571cb95afee80beb98c12cd82bd9136ac6,0,0,1,1,linux,BFC
0f4c7a138dfefb0ebdbaf56e3ba2acd2958a6605,0,0,2,1,linux,BFC
be659b8d3c79afc54e087ebf8d849685d7b0d395,2,0,2,2,linux,BFC
9db5f87f6723678a7e7e5e3165439c5c4378edbb,21,0,1,1,linux,BFC
bfa603aa5e6b40641442b2d67bab39ee2dbfb140,8,14,8,1,linux,BFC
2dff1962242111cc4517119f690587b87573ffc5,7,0,2,1,linux,BIC
873ffe154ae074c46ed2d72dbd9a2a99f06f55b4,0,0,2,1,linux,BFC
59749e6ce53735d8b696763742225f126e94603f,2,0,2,1,linux,BFC
49502b23e0e45b57b776490cfdfd95ea7fecd7c7,56,0,0,1,linux,BFC
65f936f3535950d2643eac5bf34a735a0e428cdd,7,0,8,1,linux,BFC
d105ef8120dd522c3233a1395ee0b318ed0929e8,0,0,2,1,linux,BFC
8bb177d18f114358a57d8ae7e206861b48b8b4de,0,8,0,1,linux,BFC
c84786fa8f912e1450727f49375b3f0fe2b13afc,55,18,34,1,linux,BIC
6849e29ed92ebd0d8c6909fb04b78bd1f869eac2,13,0,6,2,linux,BIC
824ead03b78403a21449cb7eb153a4344cd3b4c8,17,17,0,1,linux,BFC
d5c6a1e024dd5acd6ad2e1a6eb6a2fd5c15c50f1,0,0,3,1,linux,BIC
0e597e2affb90d6ea48df6890d882924acf71e19,0,1,1,1,linux,BFC
2849d4e7a1beb483e9ebab3904f03010c0bc1daf,48,0,0,4,linux,BIC
959c2199d4c0e330d17f1f5234527e87132d5e07,1,1,5,3,linux,BFC
92a61f6412d3a09d6462252a522fa79c9290f405,65,0,5,2,linux,BIC
e671765e521c571afec3157a7e17502d54f6a43e,3,0,0,1,linux,BFC
37324e6bb120bc3cb7cbaa87512ff3a93dbcf5c4,19,0,2,3,linux,BIC
fd8383fd88a2fd842a9431df5ed353bd7129eecc,54,133,75,1,linux,BIC
19453ce0bcfbdf7332a104eebf5d835977af7284,54,5,22,7,linux,BIC
6f612af57821c637b7eaca4374ac7b85f800d6e2,45,14,29,1,linux,BIC
31bfdb036f1281831db2532178f0da41f4dc9bed,1,740,31,1,linux,BIC
fc0ae524b5fd2938c94d56da3f749f11eb3273d5,3,0,0,1,linux,BFC
46ef5b89ec0ecf290d74c4aee844f063933c4da4,1,0,5,1,linux,BFC
12aece8b01507a2d357a1861f470e83621fbb6f2,0,0,1,1,linux,BFC
19bfbe22f59a207417b2679e7e83c180419c9ec5,8,0,2,1,linux,BFC
b3597945c8a78bd1c4ad7e7ed4f972fdf78650f1,1,0,0,1,linux,BFC
7ea0d2d79da09d1f7d71c96a9c9bc1b5229360b5,2,0,3,1,linux,BFC
c630d1fe6219769049c87d1a6a0e9a6de55328a1,0,0,3,1,linux,BFC
ac1e6bc146d45e15f0a5c0908338f918f6261388,2,0,4,1,linux,BFC
13ce3297c5766b9541b6a7a255794c5168a7ae1a,275,0,6,5,linux,BIC
b3a5402cbcebaf5a9db4d6a3268070e4a099355d,2,0,1,1,linux,BFC
3c201b5a84edd6ee2f9a8548efaa813980839b46,0,18,16,1,linux,BIC
4fae92797879bd58bd5d4e39c790b515bce4a1af,2,0,2,2,linux,BFC
00bb820755ed8ee996f076f193d2eadbfba50a2e,34,0,35,6,linux,BIC
4870e704d901602e4ae5de462c4e65732cf2ed6c,9,0,1,1,linux,BFC
583feb08e7f7ac9d533b446882eb3a54737a6dbb,0,0,1,1,linux,BIC
10d7bf1e46dc19d964f0f67d2a6d20df907742d1,42,5,5,2,linux,BIC
b82875ee07e530c4965def046b81ca53900e2f36,635,0,0,2,linux,BIC
3407a4198faf01c9d7596c45b8606834b8dfc2b7,0,1,1,1,linux,BFC
a9c676bc8fc58d00eea9836fb14ee43c0346416a,5,5,3,1,linux,BFC
483d805191a23191f8294bbf9b4e94836f5d92e4,1,0,1,1,linux,BFC
36c7c640ffeb87168e5ff79b7a36ae3a020bd378,0,0,2,1,linux,BFC
fbbd7f1a51965b50dd12924841da0d478f3da71b,0,1,13,1,linux,BFC
42dc938a590c96eeb429e1830123fef2366d9c80,3,0,0,1,linux,BFC
51397dc6f283bb570e1cf8226017d300d8ea1f5b,0,0,1,1,linux,BFC
673903495c85137791d5820d690229efe09c8f7b,22,0,6,1,linux,BIC
bf3a28cf42412c0a85631da94f198048bb37a8e5,51,0,6,1,linux,BIC
0e80707d94e4c88f9879bdafcbaceb13432ec1f4,0,0,1,1,linux,BIC
1ffc8f5f7751f91fe6af527d426a723231b741a6,2,0,1,2,linux,BFC
32a66374487bbd78115747f0084cea5e8fca4c80,0,3,1,1,linux,BFC
af9d842c13549cf306259b7b9c932c6c885ba94b,324,0,1,3,linux,BIC
75944fda1dfe836fdd406bef6cb3cc8a80f7af83,226,0,0,5,linux,BIC
6765bd6dd28eb3c087e5011a2944c00872dd5906,11,0,3,1,linux,BFC
25ec8710d9c2cd4d0446ac60a72d388000d543e6,290,0,0,1,linux,BIC
59c2b6d51803ad6b7af28f2a60a843b24374e692,0,3,0,1,linux,BFC
7f78c68aa796af9e8b98880aa2079daf14e88ebf,0,0,29,1,linux,BFC
18a6c85fcc78ddb63b0646a302e5ec8d6a9e29d6,1929,0,0,2,linux,BIC
741880e1f2f59b20125dc480765d2546cec66080,2,0,4,1,linux,BFC
9755f055f5121c40c481c1d5dd02a1c3fb0e7953,61,0,0,3,linux,BIC
f44d85389e17b2e960620c1c6d89bda978a11f2b,0,0,7,1,linux,BFC
cddb339badb03dd96a5272195eec17e7899df154,1,30,7,2,linux,BIC
bcb2293d8106994b1da1f8246421e13fd015dbcb,0,0,1,1,linux,BFC
7af4ac8772a8f9af40f998671e6d09f5de137854,2,140,45,1,linux,BIC
ab6bf4e5e5e4298e8649e635bee25542cccbfd97,42,0,7,1,linux,BIC
9f1ab18672bee992b6169bbfa2b5ae86b42e88a8,3,7,5,1,linux,BFC
93a76530316a3d8cc2d82c3deca48424fee92100,3010,0,0,5,linux,BIC
86be89939d11a84800f66e2a283b915b704bf33d,25,2,4,1,linux,BFC
59936430e6a6acb0ef943e9306506b2e9c2e45a8,1,0,15,4,linux,BFC
dd4f10722aeb10f4f582948839f066bebe44e5fb,1,0,7,1,linux,BFC
e21be0d1d7bd7f78a77613f6bcb6965e72b22fc1,2,0,0,1,linux,BFC
d8c444d540beaa39aff834c5b83df7e86a1ae765,4,0,1,1,linux,BFC
ddec3bdee05b06f1dda20ded003c3e10e4184cab,0,0,1,1,linux,BFC
a15932f4377062364d22096afe25bc579134a1c3,0,1,4,1,linux,BFC
8da1170a16e4d4b49fa07d1f75ad480847ff7eca,1937,0,2,4,linux,BIC
e1a5382f978b67b5cc36eec65e6046730ce07714,94,74,138,8,linux,BIC
7995bd13296111d672d8c5959f5e81dbbbda5286,0,0,1,1,linux,BFC
1cef1150ef40ec52f507436a14230cbc2623299c,23,15,13,4,linux,BFC
086d08725d34c6b3333db710344ae9c4fdafb2d5,83,0,4,4,linux,BIC
5563bb5743cb09bde0d0f4660a5e5b19c26903bf,1,0,0,1,linux,BFC
b253a0680ceadc5d7b4acca7aa2d870326cad8ad,11,0,3,2,linux,BFC
45ba7b195a369f35cb39094fdb32efe5908b34ad,0,0,1,1,linux,BFC
2761ba6c0925ca9c5b917a95f68135d9dce443fb,186,0,2,4,linux,BIC
805dbe17d1c832ad341f14fae8cedf41b67ca6fa,2,0,1,1,linux,BFC
b2a0f274e3f7e5ad3b5546e4293ca1cf25126f51,0,20,6,1,linux,BIC
a25bd72badfa793ab5aeafd50dbd9db39f8c9179,89,0,14,5,linux,BIC
a3c278807a459e6f50afee6971cabe74cccfb490,4,0,1,3,linux,BFC
c15c2ec07a26b251040943a1a9f90d3037f041e5,0,0,1,1,linux,BFC
a7f4df4e21dd8a8dab96e88acd2c9c5017b83fc6,440,0,10,7,linux,BIC
e9991434596f5373dfd75857b445eb92a9253c56,583,0,2,4,linux,BIC
052f744f44462cc49b88a125b0f7b93a9e47a9dd,1,0,1,2,linux,BFC
bdfb95c4baab7ce58cb40dae71003a457b359772,0,1920,2,16,linux,BIC
4012e7d09d99b62d80046790657c0b0e32310d50,3,0,3,1,linux,BFC
75c994e6943c2aa887871eb6e6cea6c073b1cfd3,37,31,4,1,linux,BFC
20f505f2253106f695ba6fa0a415159145a8fb2a,153,28,9,3,linux,BIC
4d14c5cde5c268a2bc26addecf09489cb953ef64,1,0,2,2,linux,BFC
206704a1fe0bcaaa036d3e90358bb168fac8bea1,2,0,0,1,linux,BFC
d6124b409ca33c100170ffde51cd8dff761454a1,12,0,3,2,linux,BFC
02361bc7788852f33dd0a05235a52b9ccf097916,8,1,7,1,linux,BIC
2647a9b07032c5a95ddee1fcb65d95bddbc6b7f9,10,4,14,7,linux,BIC
7d10f0774f9e32aa2f2e012f7fcb312a2ce422b9,1,0,0,1,linux,BFC
9f4c8f9607c3147d291b70c13dd01c738ed41faf,43,0,5,1,linux,BIC
0db232765887d9807df8bcb7b6f29b2871539eab,0,0,1,1,linux,BFC
9656eeebf3f1dd05376c4c923797369746d9a618,3,0,0,1,linux,BFC
1987a08cd989fd9e5690e90a04e70046e93315f4,0,1,1,1,linux,BFC
8d60526999aace135de37220ec94ba40bc792234,14,5,51,1,linux,BIC
a9b72c90fc1a7cd547a333e382b3a7c2201fc3e4,57,15,3,1,linux,BFC
6b0da5c9c1a39eeead9c75eef3a0f2f62c375b2f,18,2,11,1,linux,BIC
d92cfdbbeaefb467de4fac98679fa6c33461d250,1,0,1,1,linux,BFC
ecf091171b70787f92b18eeaa4ddc74f9221fa56,0,0,3,1,linux,BFC
4a22fc534f2f55808c41197cf17d829099032acb,0,0,4,1,linux,BFC
3d2ec9dcd5539d421a6814ded10a1a3008e70548,1472,0,0,2,linux,BIC
48715f7001742e0d1cb20cffab1a0d75f5f7ad72,0,0,4,1,linux,BIC
122541f2b10897b08f7f7e6db5f1eb693e51f0a1,5,0,3,1,linux,BFC
423511ec23e2a6fa7830ed76b0283268e795d09d,1,16,6,2,linux,BFC
9ae05fd1e7910f046ecf15ae702f6a33a698bf82,1,0,0,1,linux,BIC
3d372c4edfd4dffb7dea71c6b096fb414782b776,6,0,1,1,linux,BFC
63b6da39bb38e8f1a1ef3180d32a39d6baf9da84,34,15,51,1,linux,BIC
05c773f52b96ef3fbc7d9bfa21caadc6247ef7a8,190,10,9,5,linux,BIC
da58b23cb976ab83a80d358102e139afe94f0c56,0,0,3,1,linux,BFC
663f146f2ecfcc47934cb9f9543f664eeb6adb46,2,0,4,1,linux,BFC
4cbc325ed6b4dce4910be06d9d6940a8b919c59b,51,1,6,2,linux,BIC
5f3e3b85cc0a5eae1c46d72e47d3de7bf208d9e2,0,0,1,1,linux,BFC
c0bf3d8a943b6f2e912b7c1de03e2ef28e76f760,39,0,12,1,linux,BFC
fe27f16794f313f5fc16f6d2f42d8c2b2f4d70cc,2,2,0,1,linux,BFC
ac917a81117ce0286847666b55dd265f6cda8383,6,0,0,2,linux,BIC
47aef6010b837657e1433021bfdeeee7a26a174c,8,9,4,1,linux,BFC
c9fbb2d25295a566b97d62e6904741e8e1702d83,7,0,0,1,linux,BFC
20aedafdf4926e7a957f8b302a18c8fb75c7e332,2123,0,0,2,linux,BIC
73db2fc595f358460ce32bcaa3be1f0cce4a2db1,4,0,1,1,linux,BIC
d452088cdfd5a4ad9d96d847d2273fe958d6339b,1,0,0,1,linux,BFC
dd8de84b57b02ba9c1fe530a6d916c0853f136bd,0,0,3,1,linux,BFC
3993f2cb983b2100409851f7b2abb21d685ea19c,42,0,16,4,linux,BIC
ae0ac0ed6fcf5af3be0f63eb935f483f44a402d2,29,0,19,5,linux,BIC
43f5b111d1ff16161ce60e19aeddb999cb6f0b01,14,0,4,3,linux,BFC
7ba716698cc53f8d5367766c93c538c7da6c68ce,10,0,0,2,linux,BFC
02b45b47fbe84e23699bb6bdc74d4c2780e282b4,9,2,0,1,linux,BFC
1dd144cf5b4b47e12438c2c6883925ce1a9b499f,198,0,20,6,linux,BIC
455b6c9112eff8d249e32ba165742085678a80a4,6,0,0,1,linux,BFC
e94236cde4d519cdecd45e2435defba33abdc99f,164,0,29,2,linux,BIC
163f1e93e995048b894c5fc86a6034d16beed740,0,0,63,2,linux,BIC
0395ffc1ee0509df11ad830772c22d13627e02ec,212,0,2,1,linux,BIC
4d8ec041d9c454029f6cd90622f6d81eb61e781c,0,1,2,1,linux,BFC
a977049dacdef6a9e69fb4872b42a68e93a69956,4143,0,0,2,linux,BIC
ec6e618c8c018c1361d77789a100a5f6f6317178,6,0,1,1,linux,BFC
1b52ce99e9f2dcda868a1a7026bfb58d04bd6bc8,0,6,0,1,linux,BFC
b8204ad878ce7f49870669283de348e458a97ac4,53,3,11,4,linux,BIC
affe93dd5b35bb0e7b0aa0505ae432dd0ac72c3f,12,0,1,1,linux,BFC
f5723cfc01932c7a8d5c78dbf7e067e537c91439,8,0,0,1,linux,BFC
8c7e7b8486cda21269d393245883c5e4737d5ee7,0,0,2,1,linux,BFC
24d476db6dfb0f85130e348ca1bbd14afb73a8be,0,4,0,1,linux,BFC
0689ea432a85ad1a108f47c3d90b6feae322c7f9,3,0,0,1,linux,BFC
6ea67769ff33018195e3ec2a610b8ecc03efe504,9,0,0,1,linux,BFC
7dd7eb9513bd02184d45f000ab69d78cb1fa1531,2,2,10,3,linux,BFC
a5398bffc01fe044848c5024e5e867e407f239b8,36,0,4,2,linux,BFC
61367d0b8f5edf5146059ba8b79ce4e4485340b2,11,0,4,1,linux,BIC
6c8ea8b8cd4722efd419f91ca46a2dc81b7d89a3,38,0,0,1,linux,BFC
85a1c77fb8c4ae91d203fd0e8c3b54b50662d3c6,0,1,3,1,linux,BFC
80897aa787ecd58eabb29deab7cbec9249c9b7e6,0,0,1,1,linux,BFC
8d3a0578ad1aaadb1c2a2fcc4c51454cbbce2eca,66,0,7,1,linux,BIC
6edbe024ba17777b065e0d0b8aeca9789a4d880b,699,0,0,1,linux,BIC
e02b99e9b79ff272e8c299a3ee53bdb194ca885e,31,17,9,3,linux,BFC
0c24613cda163dedfa229afc8eff6072e57fac8d,0,0,2,1,linux,BFC
6e6030bd5412182e064139821ffb09c373e46829,1156,0,0,5,linux,BIC
85cbaf032d3cd9f595152625eda5d4ecb1d6d78d,0,0,1,1,linux,BFC
f8d7ab2bded897607bff6324d5c6ea6b4aecca0c,2,0,4,2,linux,BFC
2a7cec538169ada48a7810e77abff2ca99dbb098,16,0,14,1,linux,BIC
d95e329a55baaea8c00d1b3e0ce22c974d447524,118,26,7,5,linux,BIC
4af4206be2bd1933cae20c2b6fb2058dbc887f7c,17,0,0,2,linux,BFC
cd2621d07d517473611b170c69beb6524c677740,0,0,1,1,linux,BFC
bee038a67487598ebbe995f85bf60c3a5b2e9099,183,50,95,3,linux,BIC
6cdf30375f82fbc1d30252096440265426c0993c,3,1,16,4,linux,BIC
4c25b7a39005c9243a492b577c3e940eeac36a25,8,0,5,1,linux,BFC
d121f125af22a16f0f679293756d28a9691fa46d,0,0,2,1,linux,BFC
4c050286bb202cffd5467c1cba982dff391d62e1,0,4,2,1,linux,BFC
eb368de6de32925c65a97c1e929a31cae2155aee,0,0,1,1,linux,BFC
050569fc8384c8056bacefcc246bcb2dfe574936,1,0,1,1,linux,BFC
768b954922e69a92a363bd4041cb93040ae4e9cf,3,0,1,1,linux,BFC
2fe8d4b87802dcde7fa015229c84bb726f631b4d,88,0,8,1,linux,BIC
c18e2760308e30f007fa24b558b87c39d7e86ff1,179,0,2,2,linux,BIC
cc5277fe66cf3ad68f41f1c539b2ef0d5e432974,1,0,0,1,linux,BFC
b05ea3314390e9cb3c27cf2928d48e38fef97050,10,0,0,1,linux,BFC
76e2a55d16259b51116767b28b19d759bff43f72,9,37,8,1,linux,BIC
34e49994d0dcdb2d31d4d2908d04f4e9ce57e4d7,0,0,1,1,linux,BFC
b09ab054b69b07077bd3292f67e777861ac796e5,9,0,2,1,linux,BFC
45c5d2a4f39ce15fabd8e0485854b3448f1ef3b8,3,8,3,1,linux,BFC
117d96a04f007ce8fc2e292369056c3bd09f6f63,187,0,6,5,linux,BIC
68c3cd925597842c4744fd93d61f8cd2496cdfc8,24,0,0,1,linux,BFC
38b1751913c0244056205e456afc07d01fb2ee58,0,0,2,1,linux,BFC
a718c92219b35e8a75175fde85c4566ac5730273,0,0,1,1,linux,BFC
527a7f52529fd661d200e6c4412b6d2528d1a6e8,2,0,0,1,linux,BFC
cc7da0ba9c96699592d0a69d7d146ac6adcc18e7,3,0,6,1,linux,BFC
6bc546e71e50b8dd49130033f066676504c29b0c,31,46,12,1,linux,BIC
a04a480d4392ea6efd117be2de564117b2a009c0,33,0,11,6,linux,BIC
61132bf7fbe3a802df1f68ad08e8ca10d6b30ddc,6,0,10,1,linux,BFC
f9677e0f83080bb4186865868c359e72e1fac1ea,61,0,1,3,linux,BIC
bb43d40d7c830da5f623e3938fef908b003b7523,14,0,0,1,linux,BIC
958e8e14fd24c0aa1fe6a6beb2b985cb638577d6,8,0,2,2,linux,BFC
cd956722167ba4fdba9c1ce3eed251b04ea2e10f,2,0,1,1,linux,BFC
0970f5b3665933f5f0d069607c78fb10bd918b62,7,1,13,3,linux,BFC
039fbc47f9f1ec4fb2a25aa121750f84ae8b1332,12,8,11,1,linux,BIC
6d0c5de2fd84a0ad07f0cecea24def3987675192,14,37,9,4,linux,BIC
f1896d45fee90a868dfd0b3cc119e4cc1bbd7ca2,2,0,0,1,linux,BFC
cc38ef936840ac29204d806deb4d1836ec509594,0,0,1,1,linux,BFC
c58b6b0372de0d4cd0536d6585addd1b36b151ae,5,3,1,2,linux,BFC
1604986c3e6bd84f3f3fd709c1a619c6fc9d79a9,11,2,8,3,linux,BIC
1f1e70efe53c01844ce76d77c3383c2bcb6beb49,0,3,0,1,linux,BFC
3fd07aecb75003fbcb0b7c3124d12f71ffd360d8,1,3,6,1,linux,BIC
373e915cd8e84544609eced57a44fbc084f8d60f,1,0,0,1,linux,BFC
18efb2f9e897ac65e7a1b2892f4a53e404534eba,32,13,5,3,linux,BIC
9d26d3a8f1b0c442339a235f9508bdad8af91043,197,3,2,8,linux,BIC
d67739268cf0ee928cdc5e8224090c59efacd653,18,0,0,1,linux,BIC
d58e468b1112dcd1d5193c0a89ff9f98b5a3e8b9,288,0,3,10,linux,BIC
c49c33637802a2c6957a78119eb8be3b055dd9e9,373,0,0,2,linux,BIC
5feb5d2003499b1094d898c010a7604d7afddc4c,0,0,1,1,linux,BFC
747df19747bc9752cd40b9cce761e17a033aa5c2,3,0,0,1,linux,BFC
dc1eb7c9c290cba52937c9a224b22a400bb0ffd7,1,0,1,1,linux,BFC
79fb218d97980d4fee9a64f4c8ff05289364ba25,7,0,5,3,linux,BFC
90f92c631b210c1e97080b53a9d863783281a932,7,0,0,1,linux,BFC
551adc60573cb68e3d55cacca9ba1b7437313df7,53,0,18,2,linux,BFC
f273ad4f8d90bb87d2259fe37caee82e9aa7906c,0,205,22,2,linux,BIC
0075fa0fadd0ac6daf5c26a153e7bfa56fc9b4f3,805,0,5,3,linux,BIC
7ef224d1d0e3a1ade02d02c01ce1dcffb736d2c3,879,0,0,6,linux,BIC
9c5d3afac436beef91b7a6312068e9360c7d8446,5,0,0,1,linux,BFC
84c9c8f2ac3c22924d30643894fcf7597c633d3e,2,1,4,1,linux,BFC
8c8a743c5087bac9caac8155b8f3b367e75cdd0b,181,12,1,6,linux,BIC
0e5d5ae837c8ce04d2ddb874ec5f920118bd9d31,10,0,0,2,linux,BIC
8c7aa698baca5e8f1ba9edb68081f1e7a1abf455,0,0,1,1,linux,BIC
097930e85f90f252c44dc0d084598265dd44ca48,1,0,3,1,linux,BFC
77cad9dbc957f23a73169e8a8971186744296614,0,0,1,1,linux,BFC
5729b6e5a1bcb0bbc28abe82d749c7392f66d2c7,15,0,0,1,linux,BFC
9b17f5884be4484e4d9090a9dccf17e763e0589b,100,8,53,5,linux,BIC
390862f45c85b8ebbf9c5c09192bf413a8fb72f8,41,0,0,3,linux,BIC
386512d18b268c6182903239f9f3390f03ce4c7b,0,0,5,1,linux,BFC
320ae51feed5c2f13664aa05a76bec198967e04d,2838,58,49,17,linux,BIC
6b03d1304a32dc8450c7516000a0fe07bef7c446,20,3,1,3,linux,BFC
922a5eadd5a3aa0b806be0c18694b618d41d0784,6,0,4,1,linux,BIC
2e4cfae2a8e3f9ce3925c9b6e9e865fe8476fc4f,9,9,0,1,linux,BFC
36cda08f98b1a97159ae8b3b23937d9c324e5437,3,0,1,1,linux,BFC
1cef21842ff3b6043c459b6462183e70295b5b19,7,0,0,1,linux,BFC
0b17ad25d8d102ffb83dcc99ebd24719194ebf4f,11,12,4,1,linux,BFC
4c67e2bfc8b7121d51434362fa7c2d012f8bcf1b,151,0,0,2,linux,BIC
5455491bf13f6f7d5e337aada51bbfa43842df93,0,0,1,1,linux,BFC
8de309e7299a00b3045fb274f82b326f356404f0,1,0,5,2,linux,BFC
c3a6cf19e695c8b0a9bf8b5933f863e12d878b7c,0,35,29,2,linux,BIC
216646e4d82e847791f0ba66c439dedd36cb119f,0,1,1,1,linux,BIC
cbaf3f6af9c268caf558c8e7ec52bcb35c5455dd,10,10,5,1,linux,BFC
ecc133c6da60377c54a117841d630612d9f49964,33,21,22,3,linux,BIC
f606b77f1a9e362451aca8f81d8f36a3a112139e,215,0,1,2,linux,BIC
b9208492fcaecff8f43915529ae34b3bcb03877c,1,0,0,1,linux,BFC
cf3591ef832915892f2499b7e54b51d4c578b28c,2,0,1,1,linux,BFC
c68a0cd1735fe09fa7c1a7de1f11a5b674f1c549,2,1,2,3,linux,BFC
2dc509305cf956381532792cb8dceef2b1504765,8,0,0,1,linux,BFC
34fbdee086cfcc20fe889d2b83afddfbe2ac3096,13,0,0,2,linux,BFC
7b98da66174416a1c7ada93e1eb382e8a4424f87,3,0,8,3,linux,BFC
dc2d01c754c378a4748ac72c5516d45da7640123,0,0,2,1,linux,BFC
f967488d095ef30d62771a84d86211b44825a743,171,0,2,5,linux,BIC
320661b08dd6f1746d5c7ab4eb435ec64b97cd45,3,0,1,1,linux,BFC
100cb9ff40e0c9eba1d88e3c9c21e9670faeb896,91,0,3,1,linux,BIC
dfd718a2ed1f678e66749ffe41bdeafedf3f4314,9,0,0,1,linux,BIC
707c4602cda6624940761b66a4119f1909492385,338,8,9,6,linux,BIC
0ee991be4cdd88587aedbf68cdacd1765f57236a,0,0,2,2,linux,BFC
874c8ca1e60b2c564a48f7e7acc40d328d5c8733,1,34,208,39,linux,BFC
a3cd5ec55f6c72834f812f9150deb38ddc019782,427,174,1,2,linux,BIC
a98bf57391a24a68ec8381b9d35b60c2bee79150,28,1,27,1,linux,BIC
ace488268a903f9841c8039baeaa8eaf7b9ee422,0,0,1,1,linux,BFC
80f0497c221112fc25845a8b68f1c5b4a23b3567,0,0,1,1,linux,BFC
4a826c83db4edc040da3a66dbefd53f0cfcf457d,518,1,1,6,linux,BIC
fbda4b38fa3995aa0777fe9cbbdcb223c6292083,1,0,0,1,linux,BFC
f96416cea7bce9afe619c15e87fced70f93f9098,3,0,1,1,linux,BFC
7e36feeb04676c7eed0b3fe9196543608bc7ecae,83,0,12,4,linux,BIC
78c7d49f55d8631b67c09f9bfbe8155211a9ea06,2,2,0,1,linux,BFC
5631e8576a3caf606cdc375f97425a67983b420c,0,3,3,1,linux,BFC
763aea17bf575ecea62e4e18c29a8452a770cb1e,5,0,4,1,linux,BIC
ba2def29285282f535f41acf9aac849553b71f25,0,1,0,1,linux,BFC
081db89b13cb26f9ef1f5b1752f7fcb775191cbe,1,5,4,1,linux,BIC
18b13ff23fab34a9d35cec60ed19aceab61dc3f9,1058,0,0,1,linux,BIC
f2f46b878777e0d3f885c7ddad48f477b4dea247,11,2,0,3,linux,BFC
102bbe34b31c9159e714432afd64458f6f3876d7,1,0,0,1,linux,BFC
b0a43db9087a21d96e1a0b716b8d9963064b2d58,114,0,7,1,linux,BIC
6b285a5587506bae084cf9a3ed5aa491d623b91b,1,0,1,1,linux,BFC
156c8b58ef5cfd97245928c95669fd4cb0f9c388,4,0,4,2,linux,BFC
a00839395103d5e2d132a6c4a9680256580ed3d1,1,3,7,5,linux,BIC
f25caaca424703d5a0607310f0452f978f1f78d9,1,0,0,1,linux,BFC
86d7331299fda7634b11c1b7c911432679d525a5,10,0,2,1,linux,BIC
b1b02fe97f75b12ab34b2303bfd4e3526d903a58,5,0,0,1,linux,BFC
84676c1f21e8ff54befe985f4f14dc1edc10046b,0,0,15,1,linux,BIC
7df19bd26cc0b85ff997cc9e2aaea712836b5460,0,0,1,1,linux,BFC
6094f86fb3713e1b7d0c7f264c3a76263745efae,103,0,1,2,linux,BIC
805250982bb5c5ce4a6e52e1d87204c5feea0dd1,957,0,0,3,linux,BIC
4892c9b4ada9f9a71a0da7a268f95e988d88064b,42,4,23,5,linux,BIC
2f02fd3fa13e51713b630164f8a8e5b42de8283b,4,1,0,1,linux,BIC
45010c080e6e7434fcae73212b0087a03590049f,4,0,1,1,linux,BFC
264fb4d332f5e76743818480e482464437837c52,139,0,9,2,linux,BIC
16a5dcf7fbc2f5cd10c1e6264262bfa3832fb7d5,3,0,5,1,linux,BFC
d2c4c1569a7d7d5c8f75963bf2d62d7aeac30e2a,3,15,5,1,linux,BFC
77087a04c8fd554134bddcb8a9ff87b21f357926,1,0,0,1,linux,BFC
b0afd44bc192ff4c0e90a5fc1724350bcfc32b33,275,0,0,3,linux,BIC
0cea0e1148fe134a4a3aaf0b1496f09241fb943a,0,0,1,1,linux,BFC
7d94a50585884180a487ce17e8ddbfa37f7694b6,61,0,6,1,linux,BIC
0b67808ade8893a1b3608ddd74fac7854786c919,0,0,1,1,linux,BFC
71ca54b6e87df90ecab3ce1968d60543750c7507,0,0,2,1,linux,BFC
d9fbc7f6431fc0e5c0ddedf72206d7c5175c5c9a,0,44,8,1,linux,BIC
bbc8222dc49db8d49add0f27bcac33f4b92193dc,6,0,0,1,linux,BFC
f4a26a9b311d7ff9db461278faf2869d06496ef8,0,0,1,1,linux,BFC
a95a0a1654f16366360399574e10efd87e867b39,11,0,0,1,linux,BFC
853745f5e6d95faaae6381c9a01dbd43de992fb3,0,0,1,1,linux,BFC
dc82673f0cb5175dcec87041441cdb107932cd07,2,0,2,1,linux,BFC
ec0f6a4c4a987aa20b2e77e0db2ae555276e45e6,0,1,0,1,linux,BFC
a45adbe8d35247a5911c8ee05e4154089cda6872,76,0,25,1,linux,BIC
56244ef151c3cd11f505020ab0b3f45454363bcc,8,1,9,1,linux,BFC
83b09a1807415608b387c7bc748d329fefc5617e,0,0,4,1,linux,BFC
6d5afe20397b478192ed8c38ec0ee10fa3aec649,1,0,0,1,linux,BFC
338151e066084d92d89f44311e5521ef847a50b9,25,2,2,3,linux,BIC
f76936d07c4eeb36d8dbb64ebd30ab46ff85d9f7,0,0,1,1,linux,BFC
7e7a436ecb6e703a232df0613b5f24accbe3d7d2,256,1,3,1,linux,BIC
86df5de5c632d3bd940f59bbb14ae912aa9cc363,2,0,8,1,linux,BFC
cec9d101d70a3509da9bd2e601e0b242154ce616,0,9,4,1,linux,BFC
7c3809181468a219aa2abd25910bd3b02b89b0de,62,48,5,2,linux,BIC
7896248983ef4eec18c8bd301a81d8672dbc9955,52,0,8,4,linux,BIC
bef69bd7cfc363ab94b84ea29102f3e913ed3c6c,3,0,0,1,linux,BFC
25ccd24ffd9119c452d711efa2604a7a0c35956e,4,0,14,1,linux,BFC
fc611f47f2188ade2b48ff6902d5cce8baac0c58,29,0,6,7,linux,BIC
a0a2a6602496a45ae838a96db8b8173794b5d398,1,0,6,1,linux,BFC
104a1c13ac66e40cf8c6ae74d76ff14ff24b9b01,183,0,0,2,linux,BIC
302d3deb20682a076e1ab551821cacfdc81c5e4f,80,1,10,5,linux,BIC
488e13a489e9707a7e81e1991fdd1f20c0f04689,28,6,2,3,linux,BFC
6eb9b758e307481b116704fc5ea9f9fe84d7094b,760,0,1,7,linux,BIC
aee3776441461c14ba6d8ed9e2149933e65abb6e,12,0,1,1,linux,BIC
219b65dcf6c0bad83d51bfa12e25891c02de2414,16,7,8,1,linux,BIC
67207bab9341418698ae1029b28a44b58c39257e,23,0,12,6,linux,BIC
ed543f5c6a988d8a863d2436794230cef2c82389,1,0,0,1,linux,BFC
f913cfce4ee49a3382a9ff95696f49a46e56e974,10,2,2,1,linux,BIC
2e72eb438ce5ea9fa118edfd9a5f628c2a69111a,5,0,4,1,linux,BFC
8644772637deb121f7ac2df690cbf83fa63d3b70,0,0,4,1,linux,BFC
5793b46521553774d66653993cfdc132846bb23d,0,6,5,1,linux,BIC
1d1945d261a2af4e1ddaf609308c30b83143c2da,181,0,1,1,linux,BIC
3bfe6106693b6b4ba175ad1f929c4660b8f59ca8,74,156,42,4,linux,BIC
073cd7816685ac77c6d8b4d321a5586c9177b76a,18,0,7,1,linux,BFC
6e141772e6465f937458b35ddcfd0a981b6f5280,0,0,1,1,linux,BFC
6ca8ac773e97e2dfa5734ae435c40e672dd19ac4,0,0,1,1,linux,BFC
2a54f2c7793409736f2e5ea101e050b3f1997088,406,0,0,2,linux,BIC
924610607f191bee4379bc3775b0fd025ad7e922,2,1,0,1,linux,BIC
84ab41db1734c7764a4f29a99d3106586495638c,0,1,1,1,linux,BFC
7f23f6f6e388d2003c4ecf5d558f3c2191e12530,6,0,4,1,linux,BIC
0d02dbd68c47b66367130b696baef7246720791c,190,0,0,1,linux,BIC
be2861dc36d77ff3778979b9c3c79ada4affa131,67,0,3,7,linux,BIC
1ee516ffa73107f96c1355cce5880b6c38d22d51,0,1,1,1,linux,BFC
b4bbce660a3694811b5500c40b9cd69513b50d38,39,0,3,1,linux,BFC
917d59ac5e26a45dce8b00d38bb0a338a7f22f23,1,0,0,1,linux,BFC
bc83f79bd2119230888fb8574639d5a51b38f903,8,12,4,1,linux,BFC
d09b0137d204bebeaafed672bc5a244e9ac92edb,0,0,2,1,linux,BFC
32c10bbfe914c76d8802be33c97b59be9582df1b,5,0,1,1,linux,BFC
7a36e4918e30fbd3c820f723ef53d8505283c9e0,0,26,24,4,linux,BIC
ec5ae61076d07be986df19773662506220757c9f,341,122,52,4,linux,BIC
ee3707ae2c1f1327ad5188836b7ab62ed2c93b28,2,0,0,1,linux,BFC
84fef62d135b6e47b52f4e9280b5dbc5bb0050ba,126,0,0,3,linux,BIC
bc79c9a7216562a2035d2f64f73626613c1300d0,24,17,2,3,linux,BIC
45fef4c4b9c94e86d9c13f0b2e7e71bb32254509,6,0,0,1,linux,BFC
47f07f03b5ee436fe074c4fb1fb28d013c36a0d8,2,0,1,1,linux,BFC
81b6c999897919d5a16fedc018fe375dbab091c5,3,0,1,1,linux,BFC
534420c6ff87d3052540f1fd346e0adcff440819,1,7,3,1,linux,BFC
108e4d4de2b58011eafd14581b6ea7469f1fc467,16,0,5,1,linux,BFC
ed713ce242545388849e411da24cd72c15b2e8e6,0,0,1,1,linux,BFC
877bd862f32b815d54ab5fc10a4fd903d7bf3012,138,0,0,2,linux,BIC
da9a796f5475b4d3a339083af719982b7ab4a12b,7,0,2,3,linux,BIC
05e489b1596f0aa1025a1fa572676631cd9665da,6,0,0,1,linux,BFC
714db045cf30f7897dded6417cf70f9426c6b87b,0,1,10,1,linux,BFC
5c0701a0e791868f7dbf20111c18e08ab6a867a9,0,0,3,1,linux,BIC
f3d83317a69e7d658e7c83e24f8b31ac533c39e3,1,0,1,1,linux,BFC
d582799fe5de1c1ca127d7f364db12a660cf46d4,0,0,1,1,linux,BFC
037e966f2d63896129220112644f32962af6d115,6,6,1,1,linux,BFC
fea3ffa48c6d42a11dca766c89284d22eaf5603f,4,0,0,1,linux,BFC
d93c4130a7d049b234b5d5a15808eaf5406f2789,1,0,2,1,linux,BFC
a126750fc86546bf86c7536923a77cfecc15e5e3,1226,0,0,4,linux,BIC
120496ac2d2d60aee68d3123a68169502a85f4b5,137,0,0,3,linux,BIC
37a366face294facb9c9d9fdd9f5b64a27456cbd,0,0,1,1,linux,BFC
d58299a478c416c0b48e4b31c6332fe7beb63000,1,0,3,1,linux,BFC
531d3040bc5cf37dea01b118608347cca9325f9d,5,0,3,2,linux,BFC
69204174cc5cb3905f18a3a123f8b95c6622dba2,44,0,0,3,linux,BIC
ccf9844e5d99c1ee9a5b8c4f1332ac5211cbce03,0,0,1,1,linux,BIC
b712941c8085e638bb92456e866ed3de4404e3d5,3,0,1,1,linux,BFC
c7211ff3be0fa98a55920f876608cc9e13c9eb5f,2,0,0,1,linux,BFC
2e2b8d15adc2f6ab2d4aa0550e241b9742a436a0,0,0,1,1,linux,BFC
bbc3e471011417598e598707486f5d8814ec9c01,0,3,0,1,linux,BFC
0443f36b0de026143a78c858aac773572f7dd5db,0,0,1,1,linux,BFC
2c3f4b97eea5ce405baf2591715445da6ed05851,0,0,1,1,linux,BFC
dacbb35e930f8348f70f2daf58ea6eb42b140a0b,69,0,1,1,linux,BIC
5f6c6430e904d21bfe5d0076b1ff3e8b9ed94ba0,386,0,0,2,linux,BIC
f4bb7704699beee9edfbee875daa9089c86cf724,1,0,2,1,linux,BFC
a1462351b590a4fa8eed6e5bf14245425635be0d,11,2,6,2,linux,BIC
10856d88f7653b42196ca5b2775bbc1f15122a58,0,0,1,1,linux,BFC
9d7019e43ee67a48cef63f8f23f002233064d390,0,0,1,1,linux,BFC
546d3c74277398a3d76d059bd2db47186bb47fc8,12,0,5,1,linux,BFC
509f89652f83e834b3ef7a083e2eeac812b055f0,2,0,0,1,linux,BIC
f1d3cbfaafc10464550c6d3a125f4fc802bbaed5,98,102,8,3,linux,BFC
6acdf7e19b37cb3a9258603d0eab315079c19c5e,0,0,1,1,linux,BFC
232e0f6ddeaee104d64675fe7d0cc142cf955f35,407,0,0,1,linux,BIC
31320beaa3d3c5190e7db08144f37a2d519f6d6d,7,0,0,1,linux,BIC
ce062a0adbfe933b1932235fdfd874c4c91d1bb0,18,4,4,1,linux,BIC
2a48d96fd58a666ae231c3dd6fe4a458798ac645,0,0,2,1,linux,BFC
b5639bb4313b9d455fc9fc4768d23a5e4ca8cb9d,2,0,11,3,linux,BFC
68accac392d859d24adcf1be3a90e41f978bd54c,0,0,1,1,linux,BFC
a39c7cd0438ee2f0b859ee1eb86cdc52217d2223,13,0,10,1,linux,BIC
91fcfbe8852edb929ff8702534525031a15d0aa6,5,0,7,6,linux,BFC
9ee11f0fff205b4b3df9750bff5e94f97c71b6a0,556,0,0,12,linux,BIC
452420d22d5b41256a0bb82402a797295e525da9,35,76,133,9,linux,BIC
569dac6a5a0da48b7dd3e9439fbb5d57bc8fe72d,31,0,15,2,linux,BIC
d191bd678153307573d615bb42da4fcca19fe477,0,3,0,1,linux,BFC
aa9887608e77b835d51f05a54940380391cd4e21,13,4,0,2,linux,BFC
b6973637c4cc842c1aa7d6c848781b4bdeb4415b,0,2,25,1,linux,BIC
4716023a8f6a0f4a28047f14dd7ebdc319606b84,1,1,4,1,linux,BFC
dac56212e8127dbc0bff7be35c508bc280213309,19,1,11,6,linux,BIC
c43a87f537d19499e51a6f013331f196d8f0ddbe,4,2,6,1,linux,BFC
625eb8e85e913273cd9441329a82b4e3496b30cd,1,0,0,1,linux,BFC
748b82c23e25310fec54e1eff2cb63936f391b24,2,0,1,1,linux,BFC
1c9b1420ac137a0060dc67d3840bdaae9bcf4bae,0,3,0,1,linux,BFC
38506ecefab911785d5e1aa5889f6eeb462e0954,295,24,310,5,linux,BIC
fe69a2dd88b2c741bd55336d74dd484d7b848679,0,0,2,1,linux,BFC
83a0b8639185f40ab7fc9dd291a057150eb9d238,57,2,0,6,linux,BIC
0229cdafb6f67064a217591d48b0f6abf14e8385,2,0,1,2,linux,BFC
e51db73532955dc5eaba4235e62b74b460709d5b,18,8,15,7,linux,BIC
92d12f9544b7b133b54cb64f687f3f45fce0043c,54,72,23,2,linux,BIC
3bc7d4a352efe5b596883ef16b769055320db1f6,26,0,0,3,linux,BIC
73e6ff71a7ea924fb7121d576a2d41e3be3fc6b5,9,0,3,1,linux,BFC
6ef2d665f64d8bb8c37b1d33381ef47378a5f915,6,0,25,1,linux,BIC
a6f86f724394de3629da63fe5e1b7a4ab3396efe,9,0,3,1,linux,BFC
5169a9851daaa2782a7bd2bb83d5b1bd224b2879,41,0,1,1,linux,BIC
8f38302c0be2d2daf3b40f7d2142ec77e35d209e,0,0,2,1,linux,BFC
1f45ebe0d8fbe6178670b663005f38ef8535db5d,3,0,5,1,linux,BIC
310d9b9d37220b590909e90e724fc5f346a98775,0,0,4,1,linux,BFC
cc8a635e24acf2793605f243c913c51b8c3702ab,0,0,2,1,linux,BFC
1e793f6fc0db920400574211c48f9157a37e3945,0,3,5,1,linux,BIC
82d8ba717ccb54dd803624db044f351b2a54d000,0,0,1,1,linux,BIC
4d10046613333508d31fe926c545c8c0b620508a,18,6,1,1,linux,BFC
7a4b51947475a7f67e2bd06c4a4c768e2e64a975,1,0,0,1,linux,BIC
8880c13734af33635118a1e9567dadc7f9ddb7a8,0,0,1,1,linux,BFC
786537063bbfb3a7ebc6fc21b2baf37fb91df401,1,2,1,1,linux,BFC
ad930a75613282400179361e220e58b87386b8c7,0,0,2,1,linux,BFC
dfb09f9b7ab03fd367740e541a5caf830ed56726,128,15,3,5,linux,BIC
d808097627e51d53cf9b1aa13239b5c4a6adaefb,0,741,6,4,linux,BFC
338aa96d5661048b3c0cafc6d91876025603cacf,9,1,32,7,linux,BIC
a10c1c8191e04c21769656c2ca8e1c69a6218954,37,0,4,1,linux,BIC
b2fa7baee744fde746c17bc1860b9c6f5c2eebb7,4,0,6,1,linux,BFC
65bbdabe2a27a4f46387a3b6976d2355d67f9706,0,0,1,1,linux,BFC
24e1f056677eefe834d5dcf61905cce857ca4b19,2,2,3,2,linux,BFC
099ec97ac92911abfb102bb5c68ed270fc12e0dd,0,0,1,1,linux,BFC
0e34d5de961d5a8a84cf77878ca871c6e8104620,617,0,0,1,linux,BIC
59caaed7a72a0e3750dfb84636dae6b781559310,73,0,3,4,linux,BIC
08d072599234c959b0b82b63fa252c129225a899,1,0,1,1,linux,BFC
bbe14f54297467ddb23b7d1db564a2468c6ae151,0,0,2,2,linux,BFC
53bc8d2af08654659abfadfd3e98eb9922ff787c,7,0,3,1,linux,BFC
989561de9b5112999475b406557d9c7e9e59c041,35,0,19,10,linux,BIC
03bf3aeb03a8562a7ad6ed629e49953f132217c1,0,0,2,1,linux,BFC
299e9780b9196bcb15b26dfdccd3244eb072d560,0,0,3,1,linux,BFC
11fc7d5a0a2d458cae8ce5d5ee3ebfdabe2cb35a,10,0,2,1,linux,BFC
da17d6905d29ddcdc04b2fdc37ed8cf1e8437cc8,2,0,2,1,linux,BFC
5d2be1422e02ccd697ccfcd45c85b4a26e6178e2,1,0,1,1,linux,BIC
206c2f812fee530f7eda8ad0e97126aec3cd7c43,7,6,4,3,linux,BFC
fd3edd4a9066f28de99a16685a586d68a9f551f8,15,27,4,1,linux,BFC
40304b2a1567fecc321f640ee4239556dd0f3ee0,311,0,3,9,linux,BIC
9383b33771e566fa547daa2d09c6e0f1aaa298c3,1,0,1,1,linux,BFC
805b28c05c8e0496f679f180e2d276cce8b949b0,29,0,7,3,linux,BIC
11f054c114f261ae04fc0b2ad9c1d4e1becd8b14,0,0,1,1,linux,BFC
84e7051c0bc1f2a13101553959b3a9d9a8e24939,4,2,2,1,linux,BFC
eda01dab53b1126a20da98b5d691f3e55d79f21d,54,0,28,3,linux,BIC
d3d4d028afb785e52c55024d779089654f8302e7,13,0,0,1,linux,BFC
902a9f9c509053161e987778dc5836d2628f53b7,8,0,10,2,linux,BIC
16736e11f43b80a38f98f6add54fab3b8c297df3,0,0,1,1,linux,BFC
b8776051529230f76e464d5ffc5d1cf8465576bf,0,0,1,1,linux,BFC
eff858c178fcc513e620bb803b4e3bfb9727856c,0,0,1,1,linux,BFC
55168470835688e5da5828cdcf1b1498d7baadb1,7,0,0,1,linux,BFC
f024cf085c423bac7512479f45c34ee9a24af7ce,1,0,0,1,linux,BFC
e82553c10b0899994153f9bf0af333c0a1550fd7,2,3,0,1,linux,BFC
889d0e7dc68314a273627d89cbb60c09e1cc1c25,0,0,1,1,linux,BFC
721cabf6c6600dbe689ee2782bc087270e97e652,487,217,0,2,linux,BIC
ec78b3bd66bc9a015505df0ef0eb153d9e64b03b,1,0,1,1,linux,BFC
31c5bda3a656089f01963d290a40ccda181f816e,0,0,2,1,linux,BFC
2b531d71595d2b5b12782a49b23c335869e2621e,25,0,8,1,linux,BFC
489dd102a2c7c94d783a35f9412eb085b8da1aa4,8,0,8,1,linux,BFC
a993db88d17d20ccf77f7e609935f28bb9bca1c2,51,0,15,5,linux,BIC
baa41469a7b992c1e3db2a39854219cc7442e48f,907,74,157,9,linux,BIC
4fa406caf950fd46ae06bccf9a4c72171401d203,0,2,0,1,linux,BIC
d775f26b295a0a303f7a73d7da46e04296484fe7,0,10,9,1,linux,BFC
19ab500edb5d6020010caba48ce3b4ce4182ab63,0,3,0,1,linux,BFC
46c9ea1d4fee4cf1f8cc6001b9c14aae61b3d502,4,2,1,1,linux,BFC
c583bcb8f5edd48c1798798e341f78afb9bf4f6f,13,1,4,1,linux,BIC
9912bbf6440ba0555e91d3306520da01872c7c1d,5,0,1,1,linux,BFC
96d10d5b192e7f064457fd957e6a3ce8c2dce4b4,0,0,2,1,linux,BFC
7a3cc2a7b2c723aa552028f4e66841cec183756d,0,0,1,1,linux,BFC
332e081225fc2a657aa587c42943d5f5a7dae88b,188,0,0,1,linux,BIC
6f7c8ee585e9db54cb29af1bdb93f29837824933,26,0,62,61,linux,BIC
43c6afee48d4d866d5eb984d3a5dbbc7d9b4e7bf,112,0,0,1,linux,BIC
48189d6aaf1ed1b382666289a94a50e5269a8946,12,12,16,7,linux,BIC
d5d284b829a6eb7127df24d1bd3896a698981e62,294,367,14,10,linux,BIC
39bab83b119faac4bf7f07173a42ed35be95147e,0,3,0,1,linux,BFC
6db0c87a0a8ee1f0748856d936073619cb1440cd,1,0,33,3,linux,BIC
3a7244152f9c22f32f37dfba2a9b070a90bf877a,246,0,40,5,linux,BIC
bab9f954aaf352127725a9b7920226abdb65b604,6,6,0,1,linux,BFC
cfdf5b6cc5985014a7ce891093f4fd0ae2d27ca6,6,0,0,1,linux,BIC
57bf5a8963f80fb3828c46c3e3a5b2dd790e09a7,7,31,0,12,linux,BIC
590c7567a2895f939525ead57b0334c6d47986f0,5,0,0,1,linux,BFC
a7b778357ca48df71bbaad6612beaca30bd96e54,2,4,20,1,linux,BFC
023b13a50183d9cfc4fc5a66cb1f773ace22024c,9,0,6,2,linux,BIC
20cc05ba04a93f05d6c50789fe35d762a2db4e96,12,0,16,6,linux,BIC
a0855054e59b0c5b2b00237fdb5147f7bcc18efb,2,0,11,1,linux,BIC
14bb211d324d6c8140167bd6b2b8a80757348a2f,83,11,14,3,linux,BIC
680532c50bca0f591ea90f4e820c5c1ce48adbfd,20,2,13,2,linux,BIC
a431ecd2d459da3c91a612061f09eb422ffe78e2,0,5,0,1,linux,BFC
3e01ae2612bdd7975c74ec7123d7f8f5e6eed795,1,0,2,1,linux,BFC
7acc487ab57e076c823b2b7559aa9e3997962ca2,42,55,175,2,linux,BIC
af58e7ee6a8d83726ad8a2696e98d86400a7639c,7,0,5,1,linux,BFC
84601dbdea36634a300c24f93b149a251fc64fed,95,69,5,5,linux,BIC
8cefc107ca54c8b06438b7dc9cc08bc0a11d5b98,173,17,275,7,linux,BIC
ba86af3733aece88dbcee0dfebf7e2dcfefb2be4,3,0,0,1,linux,BFC
a4fe9b6db6f93694fa14b41e764a2c0f147f13da,3,0,2,1,linux,BFC
75070c6a3311e320508427bbc779c4de6942872e,0,0,1,1,linux,BFC
fdfc5c8594c24c5df883583ebd286321a80e0a67,17,7,3,1,linux,BIC
140adfba5280617487a848a0fa84f7523d999cf3,121,3,2,2,linux,BIC
71d122629c04707eb7f65447fb2f5bd092d98ce3,5,4,0,1,linux,BFC
9a9e77495958c7382b2438bc19746dd3aaaabb8e,0,0,1,1,linux,BFC
3b2c1710fac7fb278b760d1545e637cbb5ea5b5b,0,8,1,1,linux,BFC
5191955d6fc65e6d4efe8f4f10a6028298f57281,23,0,0,3,linux,BIC
243cfe3fb8978c7eec24511aba7dac98819ed896,0,0,1,1,linux,BFC
abeae421b03d800d33894df7fbca6d00c70c358e,0,11,0,1,linux,BFC
2f70cbf79e3ffa65ab2faeec9ba7e6e587e6cad9,4,0,1,1,linux,BFC
3fabb43818c9bfe7c4084badfa21d4e8187021a6,3,0,3,1,linux,BFC
2f25d8ce09b7ba5d769c132ba3d4eb84a941d2cb,0,0,4,1,linux,BFC
bc7c36eedb0c7004aa06c2afc3c5385adada8fa3,1,0,0,1,linux,BFC
8698e3bab4dd7968666e84e111d0bfd17c040e77,21,13,2,2,linux,BFC
b9a5e5e18fbf223502c0b2264c15024e393da928,1,3,1,1,linux,BIC
77ecd10d0a8aaa6e4871d8c63626e4c9fc5e47db,7,0,0,1,linux,BFC
0c545ac4815657e0b062344c690ea35a11eeaec8,8,0,1,1,linux,BFC
16b8fe4caf499ae8e12d2ab1b1324497e36a7b83,1,2,0,1,linux,BFC
7fa9d974f3c2a016b9accb18f4ee2ed2a738585c,0,4,4,1,linux,BIC
1fac52da5942c58dd3e337fd7c5a550925ca752e,176,0,0,2,linux,BIC
adb2653b3d2e91e3053c807710615f532781b61f,4,1,1,1,linux,BIC
579cea5f30f2c70215492e987bb439a3e50c6371,331,0,0,3,linux,BIC
0d95c1bec906dd1ad951c9c001e798ca52baeb0f,0,0,1,1,linux,BFC
0e22bfb7c046e7c8ae339f396e78a0976633698c,0,0,1,1,linux,BIC
a3f74617340b598dbc7eb5b68d4ed53b4a70f5eb,2,0,0,1,linux,BIC
ca9c74ae9be5e78541c2058db9a754947a7d4a9b,0,0,1,1,linux,BFC
a089301d8dbf738e716e444f02f93a63e181b47d,0,2,2,1,linux,BFC
4d66e5e9b6d720d8463e11d027bd4ad91c8b1318,0,0,6,1,linux,BFC
34802a42b3528b0e18ea4517c8b23e1214a09332,18,3,31,3,linux,BIC
03aaaa9b941e136757b55c4cf775aab6068dfd94,0,0,1,1,linux,BFC
76bd5c016ef49683d626a48748ef1764aaf8ba63,39,0,6,2,linux,BIC
c0a581d7126c0bbc96163276f585fd7b4e4d8d0e,23,0,0,1,linux,BFC
0808831dc62e90023ad14ff8da4804c7846e904b,0,1,3,1,linux,BFC
da1b0029f527a9b4204e90ba6f14ee139fd76f9e,43,0,20,5,linux,BIC
f4fd77fd87e9b214c26bb2ebd4f90055eaea5ade,11,0,3,1,linux,BFC
4f3316c2b5fe2062c26c9b66915b5a5c80c60a5c,15,1,51,5,linux,BIC
3906b91844d603153c094f636205ec9aa5454b2f,17,2,4,1,linux,BIC
f0b444b349e33ae0d3dd93e25ca365482a5d17d4,1,0,0,1,linux,BFC
e73f57b70a214ab730ac9c7910b85ad372841673,1,0,0,1,linux,BFC
5d73d1e320c3fd94ea15ba5f79301da9a8bcc7de,18,16,4,1,linux,BFC
cabe1c81ea5be983425d117912d7883e252a3b09,2,35,7,4,linux,BIC
639cd58be7a4bfdf3514877b064b3308bb7800ba,0,0,2,1,linux,BFC
aa7519af450d3c62a057aece24877c34562fa25a,16,16,2,4,linux,BIC
90a9631cf8c27a2b4702af600cad390fcabb88fb,0,4,7,1,linux,BFC
f27b405ef43319a3ceefc2123245201a63ed4e00,3,0,0,1,linux,BFC
8be0cfa4d352167df508acd571eb19afd8a2ce93,1,0,0,1,linux,BFC
df0e91d488276086bc07da2e389986cae0048c37,11,0,1,1,linux,BFC
21f54ddae449f4bdd9f1498124901d67202243d9,0,0,2,1,linux,BFC
cec2b18832e26bc866bef2be22eff4e25bbc4034,0,0,1,1,linux,BFC
5ead97c84fa7d63a6a7a2f4e9f18f452bd109045,1257,0,0,10,linux,BIC
ca037701a025334e724e5c61b3b1082940c8b981,652,243,19,4,linux,BIC
5748f4eb01a4df7a42024fe8bc7855f05febb7c5,0,0,1,1,linux,BFC
be9e6229d67696f94c2f2331a2e207beff9bfc7f,471,0,0,1,linux,BIC
ca1aa54f272d47bec77baa292f803df7a81f966b,0,0,1,1,linux,BFC
72cd7b44bc99376b3f3c93cedcd052663fcdf705,1,3,0,2,linux,BIC
bf32e7dbfce87d518c0ca77af890eae9ab8d6ab9,13,0,36,4,linux,BFC
368e21aebe9535c1643b272aaa9819298a6bc3e5,1,0,2,1,linux,BFC
ff30ef40deca4658e27b0c596e7baf39115e858f,6,7,5,1,linux,BFC
3ef2f119bd3edf12469632629d5ae33f255dbaa5,4,0,2,2,linux,BIC
5011c5a663b9c6d6aff3d394f11049b371199627,17,0,1,1,linux,BFC
5ada4ea9be1614644687d61dd4a2ae771964f8b5,154,1,3,2,linux,BIC
fbb5d0353c62d10c3699ec844d2d015a762952d7,84,0,0,6,linux,BIC
cb04fc3b6b076f67d228a0b7d096c69ad486c09c,1,0,2,1,linux,BFC
ee424f7d3960152f5f862bbb6943e59828dc7917,0,0,1,1,linux,BFC
704d33e7006f20f9b4fa7d24a0f08c4b5919b131,2,0,0,1,linux,BFC
ed2a80ab7b76f11af0b2c6255709c4ebf164b667,3,0,1,2,linux,BFC
d02fd5f7709f1296bad5d92e7e8515ef1a05dec4,0,1,0,1,linux,BFC
984f3be5910c640bbff469bb3d4679036fce6395,1,1,6,1,linux,BFC
8a2d8e4fed6d5829ec3681af313d63e02bc22dad,6,0,6,1,linux,BFC
fe3333f6953848f1c24e91a1cf70eed026dc3a86,0,0,2,1,linux,BFC
c718af2d00a37587b09e5958d142da7569f3d55b,2,0,9,1,linux,BFC
37e2d99b59c4765112533a1d38174fea58d28a51,9,0,2,1,linux,BIC
f3f1c054c288bb6e503005e6d73611151ed20e91,33,0,1,2,linux,BIC
cb39ccc5cbe1011d8d21886b75e2468070ac672c,0,3,2,1,linux,BFC
d49c2197fd70c37d57982804465268440a33183a,2,0,3,1,linux,BFC
f90205b95368ee2b56fc523abda6c4d514901d9b,1,0,0,1,linux,BFC
7cbf1722d5fc5779946ee8f338e9e38b5de15856,101,9,7,3,linux,BIC
09854ba94c6aad7886996bfbee2530b3d8a7f4f4,0,25,17,1,linux,BIC
467d12f5c7842896d2de3ced74e4147ee29e97c8,0,0,2,1,linux,BFC
198de51dbc3454d95b015ca0a055b673f85f01bb,6,1,0,1,linux,BIC
58e8494eb033eb9134989dbc52e2a236e3f8a462,6,0,1,1,linux,BFC
2925c2fdf1e0eb642482f5b30577e9435aaa8edb,0,2,0,1,linux,BFC
6ad1e29fe0aba843dfffc714fced0ef6a2e19502,3,0,9,1,linux,BFC
1dc0fffc48af94513e621f95dff730ed4f7317ec,4,0,2,2,linux,BIC
77ea887e433ad8389d416826936c110fa7910f80,476,0,8,5,linux,BIC
35577079b9943e158c7032afe1dde6faf4385222,1,0,0,1,linux,BFC
4e587ea71bf924f7dac621f1351653bd41e446cb,4,0,7,4,linux,BFC
18b683bff89d46ace55f12d00c0440d44d6160c4,139,0,8,2,linux,BIC
7de086909365cd60a5619a45af3f4152516fd75c,13,0,0,1,linux,BFC
2b79b15c258a90c216efc14f0a5d4b88b4b2494d,0,0,1,1,linux,BFC
f21916ec4826766463fe9fb55a5f43d2a365811d,17,10,11,1,linux,BIC
08f6680e627edf913c6d6adb9bb9ecc9d57a408d,12,0,0,6,linux,BIC
d174ea75c96a12287354af53dc17cb24f328f90a,103,1,6,4,linux,BIC
3e4d6f91cae689b01865aedb71c1ad88a118084f,0,2,2,1,linux,BFC
c9e716eb9b3455a83ed7c5f5a81256a3da779a95,5,3,0,3,linux,BFC
92539d3eda2c090b382699bbb896d4b54e9bdece,16,11,8,1,linux,BFC
abf82e8f7e9af40a49e3d905187c662a43c96c8f,5,0,3,1,linux,BFC
2e04172875c9daf929659eb5c3ef4b98fdf34396,46,0,1,1,linux,BIC
b428081282f85db8a0d4ae6206a8c39db9c8341b,3,1,3,1,linux,BFC
e57655e66806750785f9121c98a962404d02395b,2,3,1,1,linux,BFC
248c944e2159de4868bef558feea40214aaf8464,0,0,1,1,linux,BFC
fe78fcc85a2046c51f1535710996860557eeec20,0,3,2,1,linux,BFC
a6032120d341badd9b034cb64411e7089d8f4285,1,0,1,1,linux,BFC
6917d0689993f46d97d40dd66c601d0fd5b1dbdd,10,23,8,4,linux,BIC
030f4e1cb86f059185572fd1678a55b5e8ff0d08,1,0,3,1,linux,BFC
ba54d4d4d2844c234f1b4692bd8c9e0f833c8a54,5,2,4,1,linux,BFC
f6eb433954bf32ab582208d9b58ec397f7814e5a,15,0,9,3,linux,BIC
0f041b8592daaaea46e91a8ebb3b47e6e0171fd8,11,0,0,1,linux,BFC
4e60a9568dc6f411d4f631fe33b5553d080b7e8c,784,0,0,1,linux,BIC
c20383ad1656b0f6354dd50e4acd894f9d94090d,27,39,3,2,linux,BFC
0086fc217d5d7ac2939c500733d1d046b9ac5012,83,0,1,2,linux,BIC
e87b5039511a7780f3483a7202b4e67a8493c181,594,0,0,2,linux,BIC
3174b0c9a62bb3738b4a2a506b8a075d4430e353,0,5,0,1,linux,BFC
1bafeb378e915f39b1bf44ee0871823d6f402ea5,175,0,0,1,linux,BIC
4b2ffc205cb9964e7270abc7c8bcbd6127dfcf5e,7,0,2,1,linux,BIC
2f6c9bf31a0b16aeccb42b73f8d0ddf9bea88f3f,41,22,25,6,linux,BIC
27399eeec28ff33a0c5216a80cf57cbc6ba3c15e,0,0,4,1,linux,BFC
3ae0819079f2a914aa785268d856cf4d1e2fd6e1,0,0,3,1,linux,BFC
2908f5e101e3fb1d478cff1c556966e1af816641,14,1,107,6,linux,BIC
5fa6863ba69265cb7e45567d12614790ff26bd56,41,0,0,1,linux,BIC
34796417964b8d0aef45a99cf6c2d20cebe33733,2,0,0,1,linux,BFC
848ca9182a7d25bb54955c3aab9a3a2742bf9678,12,0,4,2,linux,BIC
db0d32d84031188443e25edbd50a71a6e7ac5d1d,9,0,4,1,linux,BFC
28607b426c3d050714f250d0faeb99d2e9106e90,2,0,3,1,linux,BFC
48cec73a891cca087fbc7791c4753784180991a9,4,0,0,1,linux,BFC
f8ad8187c3b536ee2b10502a8340c014204a1af0,1,0,0,1,linux,BFC
520bd7a8b4152aacfbd34eb7f7a447354b631039,0,15,8,1,linux,BIC
0ac2491f57af5644f88383d28809760902d6f4d7,191,188,0,2,linux,BIC
f342d940ee0e3a2b5197fd4fbade1cb6bbc960b7,298,0,0,3,linux,BIC
66339f2fba3fa05b0507e1887e4c6abcfc6228a3,8,0,6,1,linux,BFC
9353afbbfa7b10779a1aa108fcc23e32fd625990,93,5,16,1,linux,BIC
88409d0c863b3ba7d9e3090fb46cdce16207a1d8,5,0,0,1,linux,BFC
63ff4c50ac5667f697799d780c0fe7b74585e28b,6,0,0,1,linux,BFC
c259b4fb33ee6e7667bf1d34bf0803b7c5fdbdce,1,0,0,1,linux,BFC
f75df8d4b4fabfad7e3cba2debfad12741c6fde7,4,0,2,1,linux,BFC
9a8074e3bcd7956ec6b4f7c26360af1b0b0abe38,0,0,1,1,linux,BFC
d2ddc776a4581d900fc3bdc7803b403daae64d88,1897,1676,897,25,linux,BIC
65d003cca335cabc0160d3cd7daa689eaa9dd3cd,7,0,12,1,linux,BFC
0dd2d7494cd818d06a2ae1cd840cd62124a2d25e,21,0,0,3,linux,BIC
d8db60cb23e49a92cf8cada3297395c7fa50fdf8,0,3,24,1,linux,BFC
34171dc0d623be2c1032416bf7d3819f388ed70d,1,0,0,1,linux,BFC
428f977a6a6b43154928571b01fa8415c11a9244,0,0,1,1,linux,BFC
8586d2744ff3065e05d04f4c526402ce00e1f7ac,33,0,6,1,linux,BIC
c2b46d679b30c5c0d7eb47a21085943242bdd8dc,10,15,3,3,linux,BIC
6bdba81979b2c3c8fed0be62ca31c32c3129d85f,0,4,0,1,linux,BFC
e91c25111aa373af7439d97ab0e606bcffd599ef,1,13,4,3,linux,BIC
43b2cd547edcba4733bf21ea2b3f6600e3bdc514,6,0,0,1,linux,BFC
5b7d67853832c78a4815dd5516d604d640c9d130,0,3,0,1,linux,BFC
96eca145cb51f4e0132a3ea8066dfc6fdf75f24a,3,0,2,1,linux,BFC
2ca8e6285250c07a2e5a22ecbfd59b5a4ef73484,11,0,8,1,linux,BIC
59165d16c699182b86b5c65181013f1fd88feb62,3,0,1,1,linux,BIC
49d28ebdf1e30d806410eefc7de0a7a1ca5d747c,5,1,14,1,linux,BFC
dde3c6b72a16c2db826f54b2d49bdea26c3534a2,2,0,1,1,linux,BIC
946746d1ad921e5f493b536533dda02ea22ca609,1,0,0,1,linux,BFC
262cfb74ffdaed06e65b8b20e10241768a9a2e18,13,0,1,1,linux,BIC
d6f83370ed978d5570b7c8c22988310cb9376202,387,0,0,1,linux,BIC
ab5c4f71d8c7add173a2d32e5beefdaaf1b7cbbc,80,0,2,4,linux,BIC
2ff0682da6e09c1e0db63a2d2abcd4efb531c8db,10,1,19,3,linux,BIC
9b8a233bc294dd71d3c7d30692a78ab32f246a0f,2,0,0,1,linux,BFC
98c4c20142e985faeb693d8546e53d2ff7eebe26,780,0,0,2,linux,BIC
f5e85ce8e733c2547827f6268136b70b802eabdb,0,0,1,1,linux,BFC
bbac1c94880cb8c7e093718897f4822f3933dd3c,2,0,1,1,linux,BFC
d7bf31a0f85faaf63c63c39d55154825a1eaaea9,0,0,2,1,linux,BFC
deab6b1cd9789bb9bd466d5e76aecb8b336259b4,39,42,0,6,linux,BFC
d6ed083f5cc621e15c15b56c3b585fd524dbcb0f,0,0,1,1,linux,BFC
b150c3862d21a4a9ce0f26d8067b9dcd41e2050c,143,25,78,2,linux,BIC
4bd5e02a2ed1575c2f65bd3c557a077dd399f0e8,21,2,7,2,linux,BFC
b8b90c17602689eeaa5b219d104bbc215d1225cc,5,0,0,1,linux,BFC
41db63a7efe1c8c2dd282c1849a6ebfbbedbaf67,3,0,0,1,linux,BFC
0c824ec094b5cda766c80d88c2036e28c24a4cb1,16,0,0,1,linux,BFC
f96315f2f17e7b2580d2fec7c4d6a706a131d904,16,18,10,1,linux,BFC
8c08652614cb7468620a6328b37ca2965cd48283,5,0,0,1,linux,BFC
64447506f152cf0f88a0fc23140ca1c5f7ff34a8,0,0,1,1,linux,BFC
d0e13a1488ad30dc3c2c9347b931cb10f892e3a4,6,0,3,1,linux,BIC
276aae377206d60b9b7b7df4586cd9f2a813f5d0,44,14,0,2,linux,BIC
0d665e7b109d512b7cae3ccef6e8654714887844,40,6,19,2,linux,BFC
87590ce6e373d1a5401f6539f0c59ef92dd924a9,55,0,0,2,linux,BIC
478cfbdf5f13dfe09cfd0b1cbac821f5e27f6108,113,0,2,5,linux,BIC
9509941e9c534920ccc4771ae70bd6cbbe79df1c,2,0,0,1,linux,BFC
ef513be0a9057cc6baf5d29566aaaefa214ba344,51,0,1,3,linux,BIC
ab6f6d85210c4d0265cf48e9958c04e08595055a,372,0,6,2,linux,BIC
73c1b41e63f040e92669e61a02c7893933bfe743,0,0,77,59,linux,BIC
8755d57ba1ff910666572fab9e32890e8cc6ed3b,0,2,2,1,linux,BFC
fa13680f5668cff05302a2f4753c49334a83a064,15,15,0,1,linux,BFC
f950c85e782f90702468bba8243cc97a8d0d04b0,3,0,0,1,linux,BFC
c134d1f8c436d96b3f62896c630278e3ec001280,6,2,8,1,linux,BIC
4104ca776ba38d81bd6610256d3b0d7e6a058067,11,0,0,1,linux,BIC
5a1a2f63d840dc2631505b607e11ff65ac1b7d3c,8,3,0,1,linux,BFC
71baba4b92dc1fa1bc461742c6ab1942ec6034e9,3,0,68,38,linux,BIC
93a3545d812ae7cfe4426374e00a7d8f64ac02e0,2,0,1,2,linux,BIC
8997c27ec41127bf57421cc0205413d525421ddc,0,2,0,2,linux,BFC
27029b4b18aa5d3b060f0bf2c26dae254132cfce,2,0,3,1,linux,BFC
185be5aef1739fff0298f59b54f2ef7ccf5a849d,4,0,1,1,linux,BFC
31e77c93e432dec79c7d90b888bbfc3652592741,79,10,8,1,linux,BIC
08ae5d4a1ae96b72222e7b02d072bb997ff29dac,0,7,13,1,linux,BFC
8a66487506161dbc1d22fd154d2de0244e232040,0,0,7,2,linux,BFC
68444d73d6a5864ede12df6366bd6602e022ae5b,0,0,1,1,linux,BFC
4bbaf2584b86b0772413edeac22ff448f36351b1,4,0,0,1,linux,BFC
54b7feb93fc33c48619472d8b7fce41cc5acafc9,0,0,1,1,linux,BFC
ea111545843e657504193e4f726e1116b96b8141,4,0,0,1,linux,BFC
09515ef5ddad71c7820e5e428da418b709feeb26,62,37,0,6,linux,BIC
98f6d57ced73b723551568262019f1d6c8771f20,13,0,1,1,linux,BIC
b4a9a149f91ea345da76bcfe3f8a39715ac346a6,2,0,0,1,linux,BFC
e4840d537c2c6b1189d4de16ee0f4820e069dcea,1,0,0,1,linux,BFC
8308a09e87d2cb51adb186dc7d5a5c1913fb0758,2,0,1,1,linux,BFC
67f29e07e131ffa13ea158c259a513f474c7df27,40,12,11,4,linux,BIC
29d9bef13085e8477f4c9e21aca342edd50847d0,0,0,3,1,linux,BFC
dc1b5d9aed1794b5a1c6b0da46e372cc09974cbc,7,5,0,1,linux,BFC
832ce924b1a14e139e184a6da9f5a69a5e47b256,2,0,2,1,linux,BFC
0ebea8ef3559b545c37b016f44e84c3b33e47c39,38,2,31,6,linux,BIC
6cffd79504ce040f460831030d3069fa1c99bb71,192,0,0,2,linux,BIC
dd3b8353bae79395b12a178de057b183ff0122eb,39,3,5,1,linux,BIC
2aad3cd8537033cd34f70294a23f54623ffe9c1b,96,1,50,1,linux,BIC
e46bb55dbc94b06f5ee466e2f50723b56781e661,23,1,1,1,linux,BFC
1491b73311a15bb5beeab5d30e03bff761ef6c18,25,0,1,1,linux,BFC
69af7e23a6870df2ea6fa79ca16493d59b3eebeb,1,0,1,1,linux,BFC
c877154d307f4a91e0b5b85b75535713dab945ae,0,7,7,1,linux,BIC
4b01a9674231a97553a55456d883f584e948a78d,18,0,1,3,linux,BIC
45dcbb6f5ef78b0a9c1b91bea2f6f227642a65aa,17,11,0,2,linux,BIC
b053b439b72ad152257ecc3f71cfb4c619b0137e,479,0,17,8,linux,BIC
6b550f9495947fc279d12c38feaf98500e8d0646,42,0,4,2,linux,BIC
71bad7f086419dc674244b91ca35a12bfa4cb597,12703,0,0,30,linux,BIC
a0ae5cd235cc32daa0aeb58fa466da2f1042fc8e,0,0,1,1,linux,BFC
56ea37da3b93dfe46cb5c3ee0ee4cc44229ece47,21,0,26,1,linux,BFC
dec214d00e0d78a08b947d7dccdfdb84407a9f4d,598,30,264,7,linux,BIC
6f15a9c9f94133bee0d861a4bf25e10aaa95219d,1138,0,0,1,linux,BIC
540f4c0e894f7e46a66dfa424b16424cbdc12c38,2,0,2,1,linux,BFC
c610d65c0ad00f1b7bfe2f1eb8f867ca74741685,2,0,3,1,linux,BIC
d5c32c89b208e39a39cd8639aa21c012ce0daf4d,66,11,64,3,linux,BFC
3181c38e4df257852a0c0a53552fd5c869402886,0,2,0,1,linux,BFC
18b0362e87dfa09e355093b897b9db854e360d28,9,5,2,1,linux,BFC
2b2bf6b7faa9010fae10dc7de76627a3fdb525b3,0,2,3,1,linux,BFC
5361448e45fac6fb96738df748229432a62d78b6,1,0,1,1,linux,BFC
a9084d888fbaaed65ded56f11d052cf8b04519a5,0,0,1,1,linux,BFC
8562d4fe34a3ef52da077f77985994bb9ad1f83e,35,0,0,1,linux,BIC
345857bb493fbff15632a6bdf04713163ccd6fe6,71,5,3,3,linux,BIC
9d570741aec1e1ebd37823b34a2958f24809ff24,6,0,0,1,linux,BFC
007649375f6af242d5b1df2c15996949714303ba,22,19,5,1,linux,BIC
09d6ac8dc51a033ae0043c1fe40b4d02563c2496,2,0,1,1,linux,BFC
b7cc176c9eb3aa6989ac099efd8bdd6d0eaa784a,76,0,20,4,linux,BIC
33e54450683c5e970ac007489d7921ba792d093c,39,0,11,1,linux,BIC
88753cc19f087abe0d39644b844e67a59cfb5a3d,0,0,1,1,linux,BFC
61009f82a93f7c0b33cd9b3b263a6ab48f8b49d4,1,2,5,1,linux,BFC
8fe120b5a665fc869c23f86e4964b801f6e53486,5,105,36,2,linux,BIC
4c116e1ae43955a0a38555dfd4d136a222a8996b,14,0,0,2,linux,BFC
d84c572de1a360501d2e439ac632126f5facf59d,0,4,7,2,linux,BIC
c17eb4dca5a353a9dbbb8ad6934fe57af7165e91,2,0,2,1,linux,BFC
6489f8d0e1d93a3603d8dad8125797559e4cf2a2,0,0,1,1,linux,BFC
240c1948491b81cfe40f84ea040a8f2a4966f101,0,1,0,1,linux,BFC
37bde79979c3862c79294c62ddcef7efc477e4bf,67,0,2,2,linux,BIC
89dca86d29b46f2a5f38ea6476cfd441bd205d25,0,0,1,1,linux,BFC
c5fb912653dae3f8785d7aa0ae156b0eb56fc76f,56,0,0,1,linux,BIC
033555f6eb60787bd40e34d7abeacaebdcd4c54e,0,0,1,1,linux,BFC
8a10b4e3601eaefa4b7c8de9b62a0e15ccd4d99e,34,0,0,1,linux,BIC
27bf91d6a0d5a9c7224e8687754249bba67dd4cf,240,14,36,7,linux,BIC
e80e7edc55ba711f3fe23975061b3f1c336ceb95,3,7,1,3,linux,BFC
d2fd6e81912a665993b24dcdc1c1384a42a54f7e,1,0,1,1,linux,BIC
42a7b32b73d6bf22e4bdd7bf68746e2d71f4cd8d,9,0,20,4,linux,BIC
bf263c35b2ebe7f1674205f6b36487250299b5a7,5,0,2,1,linux,BFC
4054ab64e29bb05b3dfe758fff3c38a74ba753bb,0,0,1,1,linux,BFC
9d186cac7ffb1831e9f34cb4a3a8b22abb9dd9d4,12,7,2,3,linux,BFC
bdb06cbf77cb01911694cc9076ffa8196b7b9b61,0,0,2,1,linux,BFC
11d8d645343efba0c975aefe7c2cf3b33c836c75,0,0,1,1,linux,BFC
2e5de7e0c8d2caa860e133ef71fc94671cb8e0bf,0,0,2,1,linux,BFC
0aa802a79469a86ebe143019144cd4df8ae852e4,17,45,4,4,linux,BIC
81d9eca502fcc360950ef476124626d97856e139,25,0,0,1,linux,BFC
3697649ff29e0f647565eed04b27a7779c646a22,14,18,10,4,linux,BIC
c83f6bf98dc1f1a194118b3830706cebbebda8c4,123,0,9,5,linux,BIC
07d25971b220e477eb019fcb520a9f2e3ac966af,0,0,1,1,linux,BFC
92beafb76a31bdc02649eb44e93a8e4f4cfcdbe8,0,12,3,1,linux,BFC
fdacd57c79b79a03c7ca88f706ad9fb7b46831c1,113,44,91,13,linux,BIC
dcf496a6a608733ef18a2f757b55111df9eadca6,14,1,14,2,linux,BIC
68a8357ec15bdce55266e9fba8b8b3b8143fa7d2,0,175,23,1,linux,BFC
abbdb5a74cead60e20b79c960c1772955f0b6b81,0,0,1,1,linux,BFC
100ec4bf09679583d45316fcf13611f66a8d0f88,1,0,0,1,linux,BFC
ffce41962ef64b8e685e5b621caf24bf381addd9,68,0,0,2,linux,BIC
586b7ccdb7143b6a9b975d2c6ad52b6ca5c162b9,0,0,2,1,linux,BFC
b57dc7c13ea90e09ae15f821d2583fa0231b4935,1099,0,0,6,linux,BIC
5fdfc3dbad099281bf027a353d5786c09408a8e5,0,0,3,1,linux,BFC
41e36f2f85af758fd2f4be76112ebe649d07a801,44,16,10,4,linux,BIC
92923ca3aacef63c92dc297a75ad0c6dfe4eab37,21,1,0,3,linux,BIC
040036bb0bc142c8262236e8d17ff053c635328f,13,7,22,1,linux,BIC
567c8fc4a0d28b63f81549af2f77ee9b5c260b80,12,0,0,1,linux,BIC
39fbef4b0f77f9c89c8f014749ca533643a37c9f,1,0,2,1,linux,BIC
5e7923acbd86d0ff29269688d8a9c47ad091dd46,0,0,1,1,linux,BFC
b784a88e523a7c1912fc75486ce8c029ee6fe523,0,0,1,1,linux,BFC
ca5e9aba753ed15d173c7a7b88e4d402b7ca8121,40,34,1,2,linux,BFC
b7e27bc1d42e8e0cc58b602b529c25cd0071b336,1,0,1,1,linux,BFC
84e54fe0a5eaed696dee4019c396f8396f5a908b,335,0,0,5,linux,BIC
f4b98e314888cc51486421bcf6d52852452ea48b,1,0,0,1,linux,BFC
4ca87a5f58454711cc8cc550a7844efebd9bc001,1,1,0,2,linux,BFC
934458c2c95df4077b426a00bfd9d62e818f914e,2,3,3,2,linux,BIC
e224ef76fa8aa2410731f0df13c93dffa443a970,18,0,0,2,linux,BIC
4fe40b8e1566dad04c87fbf299049a1d0d4bd58d,1,19,3,2,linux,BFC
7dd01aef055792260287c6708daf75aac3918f66,63,0,1,4,linux,BIC
d9d05217cb6990b9a56e13b56e7a1b71e2551f6c,45,1,8,1,linux,BIC
ef4459a6da0955b533ebfc97a7d756ac090f50c9,3,0,8,4,linux,BIC
5e82c9e4ed60beba83f46a1a5a8307b99a23e982,1,0,0,1,linux,BFC
42c76c9848e13dbe0538d7ae0147a269dfa859cb,2,0,1,1,linux,BFC
01f2ee7e325611524078009d70392a5d5eca0945,0,1,7,1,linux,BFC
acc18c147b2281ff85f93862eb8c768df1bfb7df,358,0,2,6,linux,BIC
8f2d8961640f0346cbe892273c3260a0d30c1931,3,0,0,1,linux,BIC
5888fc9eac3c2ff96e76aeeb865fdb46ab2d711e,0,7,1,1,linux,BIC
0af021678d5d30c31f5a6b631f404ead3575212a,164,13,115,1,linux,BIC
be7d9f05c53e6fc88525f8e55cf2dae937761799,1,0,1,1,linux,BFC
532f9cd6ee994ed10403e856ca27501428048597,1,0,0,1,linux,BFC
ffb1308b88b6023205249f11332ebff83610899a,303,306,93,1,linux,BIC
8b3656af2a37dc538d21e144a5a94bacae05e9f1,1,0,1,1,linux,BFC
6ed30a7d8ec29d3aba46e47aa8b4a44f077dda4e,5,0,8,2,linux,BIC
2813b9c0296259fb11e75c839bab2d958ba4f96c,68,0,4,7,linux,BIC
3af4da165f487a3956fe5a7b4ee08b12c7a3a9af,0,0,5,1,linux,BFC
f8c549afd1e76ad78b1d044a307783c9b94ae3ab,3,0,0,1,linux,BFC
5b3ec8134f5f9fa1ed0a538441a495521078bbee,6,0,5,1,linux,BFC
fbaf94ee3cd5cfa85fe2d4d04be968820cb00556,5,0,3,1,linux,BFC
58a7e1c140f3ad61646bc0cd9a1f6a9cafc0b225,0,0,1,1,linux,BFC
88fee1c9007a38c19f2c558dc0ab1ddb4c323dc5,0,0,2,1,linux,BFC
5aac9108a180fc06e28d4e7fb00247ce603b72ee,10,0,1,1,linux,BFC
b32cab09707bb7fd851128633157c92716df6781,0,0,1,1,linux,BFC
b1151b74ff68cc83c2a8e1a618efe7d056e4f237,14,0,12,2,linux,BFC
f80fe8944e085a1065f4829a14af8394cad1c30f,0,14,0,3,linux,BFC
9020be114a47bf7ff33e179b3bb0016b91a098e6,0,0,2,1,linux,BFC
eebab60f224fcfd560957715d08c31564d8672ed,0,4,6,3,linux,BFC
a5d32b358254ff90f5dcd7ae2798b5d40503013a,479,0,0,2,linux,BIC
f2edaaaa392bc21c24f532ea9bcc952a54a22367,6,0,10,2,linux,BFC
9669fffc1415bb0c30e5d2ec98a8e1c3a418cb9c,12,0,0,4,linux,BFC
ad32bb41fca67936c0c1d6d0bdd6d3e2e9c5432f,0,0,2,1,linux,BFC
45190f01dd402112d3d22c0ddc4152994f9e1e55,39,16,15,1,linux,BIC
c9520be3839063bbb50aabec531cc0d0b8595564,0,0,1,1,linux,BFC
1b3e7ede1365a24db1b4fd837e58a595f52fa4ad,106,0,0,1,linux,BIC
3304033a1e69cd81a2044b4422f0d7e593afb4e6,9,0,3,1,linux,BFC
26aec25593c2ee2e24f9facabcf85abba54bdb37,503,0,0,1,linux,BIC
78051e3b7e35722ad3f31dd611f1b34770bddab8,0,0,2,1,linux,BIC
d5d24bcc0a10a755ee77149e2f311c4ddafc19db,6,1,7,1,linux,BIC
a45c0eccc564649541305c71539350c7a890226e,180,170,0,2,linux,BIC
caa575a86ec1f177730cafa089d69ab4e424860c,7,0,1,1,linux,BIC
721066dfd4d5c0fee5772c777d6930d0f423b4eb,12,4,4,1,linux,BFC
3bbb7b2e9bbcd22e539e23034da753898fe3b4dc,2,0,5,1,linux,BFC
898e4e57adaeeefcfcf23f5d83360e513b69172f,10,0,1,2,linux,BFC
a00e41bf2f47343b8d0a265cc7710f89e9233dcd,2,0,0,1,linux,BFC
845da6e58e19b932b8364ec3678b8f7f80d6b6a9,4,0,0,2,linux,BIC
18f53fe0f30331e826b075709ed7b26b9283235e,2,2,0,2,linux,BFC
e0ee9c12157dc74e49e4731e0d07512e7d1ceb95,13,0,6,1,linux,BIC
30d5f85895fad1b3fec34b86cb779d4f56f85e32,223,0,1,5,linux,BIC
116138c3bd34f92e550431d495db515f5ea19f13,0,0,7,2,linux,BFC
7d3477d801808a5037a511cf5a5aae5718e7ecce,6,0,0,1,linux,BFC
b131c96496b369c7b14125e7c50e89ac7cec8051,23,0,8,3,linux,BIC
588bff95c94efc05f9e1a0b19015c9408ed7c0ef,21,42,22,3,linux,BIC
23695e41a1cac017edad2b38607f33678a31b877,8,0,1,3,linux,BFC
556dd1b9c3134501aba707fab66cf4d739e40061,9,1,1,1,linux,BIC
c456d64449efe37da50832b63d91652a85ea1d20,6,0,0,1,linux,BFC
1b4977c793d3d9818ff04df1a09f3c60166626fa,7,0,1,1,linux,BIC
ead1a57457c0324a167f3f9e3a70e26c2d75fb12,0,0,1,1,linux,BFC
c46a7c817e662a820373bb76b88d0ad67d6abe5d,50,24,25,8,linux,BIC
2c5a5748105a6bb901579d365c6f93e79f282b69,51,0,12,2,linux,BIC
91a6b841a5c000107147fc53a4666bd6e4b6cb77,8,1,3,3,linux,BFC
cbfcd13be5cb2a07868afe67520ed181956579a7,37,45,40,1,linux,BFC
865d506155b117edc7e668ced373030ce7108ce9,7,0,5,2,linux,BIC
f07d4276892d97671e880190ff195a288b2d8d92,1,0,0,1,linux,BFC
96d0df79f2644fc823f26c06491e182d87a90c2a,0,0,1,1,linux,BIC
d887c52d6ae43aeebd249b5f2f1333e60236aa60,285,167,157,1,linux,BIC
35adacd6fc48d658419522f192a3c8b2785612da,32,10,6,5,linux,BFC
7de414a9dd91426318df7b63da024b2b07e53df5,4,0,4,1,linux,BFC
bf77ae4c98d721a9aae3840970d46669a78e034a,0,0,1,1,linux,BFC
fe0e58048f005fdce315eb4d185e5c160be4ac01,0,17,1,1,linux,BFC
b3026767e15b488860d4bbf1649d69612bab2c25,9,0,6,2,linux,BFC
4f0e8eef772ee4438f304b2178bc28c958b6c13d,54,1,3,6,linux,BIC
928150fad41ba16df7fcc9f7f945747d0f56cbb6,14,0,1,1,linux,BFC
4d0f16d059ddb91424480d88473f7392f24aebdc,0,0,1,1,linux,BFC
82b3fba2316469f28ee1e042f6fb8e4c39ec9b25,0,0,1,1,linux,BFC
7e1f049efb86bd86c06b80eeac0ef80cdeb8c0e7,11,38,2,4,linux,BIC
38b256973ea90fc7c2b7e1b734fa0e8b83538d50,54,0,0,1,linux,BFC
8869477a49c3e99def1fcdadd6bbc407fea14b45,6,2,0,1,linux,BIC
41e46b3c2aa24f755b2ae9ec4ce931ba5f0d8532,0,5,1,1,linux,BIC
ccbf035ae5de4c535160fc99f73feb44cc55b534,757,45,182,1,linux,BIC
66a2d927cb0eb6767529454316ac36511cdffdac,44,3,13,1,linux,BIC
31d848aa1d85530770f0bdf1b61a042335d340ad,0,0,1,1,linux,BFC
ee2636b8670b1ab2a02a65923a9bef59e9199c37,27,0,0,3,linux,BIC
e809c22b8fb0282048fc008cfcdd017186090dbc,240,0,0,1,linux,BIC
a5c3b9ffb0f404ba90622ea4a25c06035dd01249,312,0,0,1,linux,BIC
f1168d1e207cd1bef5bcb1c25f9958fba09f3388,764,0,1,3,linux,BIC
546c4402c57497a6ffdf5373aff75bc89f0866bc,1,0,0,1,linux,BFC
1698a7f1511267a0d07a783dd467eab19bf498f3,0,16,5,1,linux,BIC
a6024562ffd7e0f31bc6671817840ad1e91de7b4,28,17,23,7,linux,BIC
10550bea44a8d7cec8a503c8f91fb6014e7849e9,21,145,13,3,linux,BIC
db7515783b99f6ae8b21470cab9ee871956b57fb,12,0,6,1,linux,BFC
c05b8c4474c03026aaa7f8872e78369f69f1bb08,7,0,0,2,linux,BIC
03fbdb2fc2b8bb27b0ee0534fd3e9c57cdc3854a,0,0,0,7,linux,BIC
0a97e8a5bf0a79c9f82f6c22d9845f7c179ea758,0,3,10,1,linux,BFC
5ae890780e1b4d08f2c0c5d4ea96fc3928fc0ee9,3,0,1,1,linux,BFC
92d773324b7edbd36bf0c28c1e0157763aeccc92,13,0,4,2,linux,BIC
8224b2734ab1da4996b851e1e5d3047e7a0df499,259,0,0,3,linux,BIC
af42b8d12f8adec6711cb824549a0edac6a4ae8f,33,5,10,3,linux,BIC
2fb75ceaf71a4a198fc67b984aa95527c993fa1a,0,1,1,1,linux,BFC
f5b8abf9fc3dacd7529d363e26fe8230935d65f8,1081,0,0,1,linux,BIC
0e0c3fee3a59a387aeecc4fca6f3a2e9615a5443,10,0,7,1,linux,BIC
8411b6442e59810fe0750a2f321b9dcb7d0a3d17,52,3,4,4,linux,BIC
28f836b6777b6f42dce068a40d83a891deaaca37,19,2,94,4,linux,BIC
a2fd940f4cff74b932728bd6ca12848da21a0234,24,0,8,1,linux,BIC
bba787a860fa8c7b4ab3cefbfcb2b214b2aed30c,5,0,2,1,linux,BIC
d9a251a029f23e79c1ac394bc551ed5d536bc740,6,0,5,1,linux,BFC
16ea9b8ac45bf11d48af6013283e141e8ed86348,2,0,1,1,linux,BFC
0db89fa243e5edc5de38c88b369e4c3755c5fb74,749,0,0,2,linux,BIC
4b149e417463bbb6d1d9b805f729627ca2b54495,16,0,5,1,linux,BFC
b617158dc096709d8600c53b6052144d12b89fab,14,0,2,2,linux,BFC
b0f27fca5a6c7652e265aae6a4452ce2f2ed64da,0,3,4,1,linux,BFC
42f46148217865a545e129612075f3d828a2c4e4,9,1,4,2,linux,BIC
9a61c54b9bff88e692ac7b1245546539ac5274a1,54,35,92,3,linux,BIC
bd4cd03c81010dcd4e6f0e02e4c15f44aefe12d1,2,0,0,1,linux,BFC
bf8feb39642b4c71c644e2d534ce53029bd2219b,42,0,0,2,linux,BIC
4e0f718daf97d47cf7dec122da1be970f145c809,3,0,3,1,linux,BIC
a672b2e36a648afb04ad3bda93b6bda947a479a5,9,0,3,2,linux,BFC
168a2f776b9762f4021421008512dd7ab7474df1,1,0,2,1,linux,BFC
4b663366246be1d1d4b1b8b01245b2e88ad9e706,3,0,3,1,linux,BFC
258545449b7b410727b516b782256f8a3bde8bf2,110,10,0,5,linux,BIC
fbee97feed9b3e4acdf9590e1f6b4a2eefecfffe,105,0,4,5,linux,BIC
4ea7e38696c7e798c47ebbecadfd392f23f814f9,144,0,5,6,linux,BIC
4cc7b9544b9a904add353406ed1bacbf56f75c52,7,5,18,1,linux,BIC
25e5ef302c24a6fead369c0cfe88c073d7b97ca8,0,0,1,1,linux,BFC
5c8946330abfa4c0476b94070d8833cfbbca5b28,13,0,3,7,linux,BIC
a7d4b8f2565ad0dfdff9a222d1d87990c73b36e8,2,0,4,1,linux,BFC
1aa12bdf1bfb95db7e75bfecf0e39a65f4e8fbf8,102,66,1,2,linux,BIC
06a23fe31ca3992863721f21bdb0307af93da807,6,0,0,1,linux,BIC
0bceffa236af401f5206feaf3538526cbc427209,0,2,1,1,linux,BFC
d4ead6b34b67fd711639324b6465a050bcb197d4,58,143,75,5,linux,BIC
63d04348371b7ea4a134bcf47c79763d969e9168,0,2,1,1,linux,BIC
ec0e8fc416f70645608c146dcf90d264b2ad6e3c,5,0,2,1,linux,BFC
47307c31d90ae7d52cebbbc7c1d4ff213213d4e9,2,1,0,1,linux,BFC
273df864cf7466fb170b8dcc1abd672cd08ad8d3,54,0,6,5,linux,BIC
3ff340e24c9dd5cff9fc07d67914c5adf67f80d6,6,0,7,1,linux,BIC
a455589f181e60439c736c6c6a068bb7e6dc23f0,0,66,194,36,linux,BIC
6c8702c60b88651072460f3f4026c7dfe2521d12,513,0,0,7,linux,BIC
c865204e84a1a5c35e055b45971524efe4616e31,2,0,0,1,linux,BFC
4440e46d5db7b445a961a84444849b2a31fa7fd1,138,89,2,7,linux,BIC
8bed4ed5aa3431085d9d27afc35d684856460eda,2,0,0,1,linux,BFC
859e364302c510cfdd9abda13a3c4c1d1bc68c57,6,0,9,1,linux,BIC
64512a66b67e6546e2db15192b3603cd6d58b75c,0,3,2,1,linux,BFC
18129a24983906eaf2a2d448ce4b83e27091ebe2,0,0,1,1,linux,BFC
a01ba2a3378be85538e0183ae5367c1bc1d5aaf3,5,0,0,1,linux,BFC
6343a2120862f7023006c8091ad95c1f16a32077,0,0,1,1,linux,BFC
8887ca5474bd9ddb56cabc88856bb035774e0041,0,6,5,1,linux,BIC
730affed24bffcd1eebd5903171960f5ff9f1f22,0,2,1,1,linux,BFC
b4cb4d31631912842eb7dce02b4350cbb7562d5e,0,0,1,1,linux,BFC
335e4dd67b480c8fa571ea7e71af0d22047fcfb7,7,0,4,2,linux,BIC
6493792d3299b3e33f887ef8a150099d271faf9c,63,46,37,3,linux,BIC
eaa090538e8d21801c6d5f94590c3799e6a528b5,6,0,1,1,linux,BFC
eb8703e2ef7c311900174818e884bd49f64d4511,0,16,32,1,linux,BIC
351e1581395fcc7fb952bbd7dda01238f69968fd,371,1,37,5,linux,BIC
761e9f4f80a21a4b845097027030bef863001636,0,1,3,1,linux,BFC
048058399f19d43cf21de9f5d36cd8144337d004,8,0,0,1,linux,BFC
9597152d98840c2517230740952df97cfcc07e2f,0,1,0,1,linux,BFC
d710734b06770814de2bfa2819420fb5df7f3a81,0,11,16,1,linux,BIC
e944eab37a72bf171647d691dda4614f7151191f,0,0,5,1,linux,BFC
db7f5eef3dc0866320a4a92c38c58d6fb8dfdd34,20,18,6,1,linux,BIC
d3f48ec0954c6aac736ab21c34a35d7554409112,0,0,2,1,linux,BFC
f62f3c20647ebd5fb6ecb8f0b477b9281c44c10a,19,0,3,1,linux,BFC
a6adb106225f9e2f177d3d883596e011df321965,5,0,2,1,linux,BFC
3347a80965b38f096b1d6f995c00c9c9e53d4b8b,2,0,0,1,linux,BIC
53451b6da8271905941eb1eb369db152c4bd92f2,0,0,1,1,linux,BFC
ebb22a05943666155e6da04407cc6e913974c78c,0,0,4,2,linux,BIC
c66549ffd666605831abf6cf19ce0571ad868e39,16,0,4,1,linux,BFC
3cf2b61eb06765e27fec6799292d9fb46d0b7e60,4,0,0,1,linux,BFC
3c47d54170b6a678875566b1b8d6dcf57904e49b,425,5,5,4,linux,BIC
9a6cb70f40b0268297024949eb0a2689e3b7769b,0,0,2,2,linux,BFC
47311db8e8f33011d90dee76b39c8886120cdda4,15,0,8,1,linux,BFC
ebf905fc7a6e7c99c53b5afc888d8f950da90aff,0,0,2,1,linux,BFC
7ef4783e19a84fe1e8b58f4c27b858dfdcaef207,1,0,0,1,linux,BFC
df80152265cd8d3c61f4f7b9146f28967930fcc4,0,1,0,1,linux,BFC
47c122e35d7e43b14129ceb9ed3a7e67599978fa,95,19,14,5,linux,BIC
ddf8abd2599491cbad959c700b90ba72a5dce8d0,2640,0,0,2,linux,BIC
3fdc13c7a3cbd5788daad4cf1ddc619856e2f1c0,71,0,30,1,linux,BIC
52f87f3ca251f5e43b42e78ab9816b2b07718bfe,0,0,2,1,linux,BFC
e7cd7ef58e1fedb09b16720919869a81d7a2b867,46,0,4,1,linux,BIC
fc0c3fe7486f2d3eacef7ef13571f79e92e139cd,37,0,5,3,linux,BIC
7f7ccdea8c730ff85ba9abc2297b9e2954d3ed19,62,27,14,2,linux,BIC
6e87abd0b8cbb23ed9ffe5cc9f790fb5cac45eae,200,0,0,2,linux,BIC
ca80d5d0a8175c9be04cfbce24180b8f5e0a744b,1,0,1,1,linux,BFC
09a26e832705fdb7a9484495b71a05e0bbc65207,14,0,1,2,linux,BFC
fc9375e3f763b06c3c90c5f5b2b84d3e07c1f4c2,0,2,1,1,linux,BFC
3e802e90ffcce333127d928eaefdfcc34af233e8,0,0,2,2,linux,BFC
4e140f59d285c1ca1e5c81b4c13e27366865bd09,15,0,6,3,linux,BIC
a22a6ac2ff8080c87e446e20592725c064229c71,27,11,1,1,linux,BFC
e22579713ae1384a3dff545369cebe42b01370fa,9,0,0,1,linux,BIC
f61bf13b6a07a93b9348e77808d369803f40b681,29,0,6,2,linux,BIC
37bc3cb9bbef86d1ddbbc789e55b588c8a2cac26,0,0,1,1,linux,BFC
08ac85521cb2e26f25b885492180815ce8eaf4b7,0,0,1,1,linux,BFC
cb60e5f5b2b19284479825cdaa6dd6b7078cf5d2,92,0,6,1,linux,BIC
2895b2cad6e7a95104cf396e5330054453382ae1,12,3,3,1,linux,BIC
f4772dee101c7ac66e395d07b3140d457901fa18,0,0,2,1,linux,BFC
ed0df618b1b06d7431ee4d985317fc5419a5d559,4,0,0,1,linux,BFC
7b34be71db533f3e0cf93d53cf62d036cdb5418a,0,1,63,61,linux,BIC
f2f69bf65df12176843ca11eab99949ba69e128b,3,1,10,1,linux,BFC
671bb35c8e746439f0ed70815968f9a4f20a8deb,1,0,3,1,linux,BFC
53044f357448693f218cc4f053affe92ed414f9d,104,0,1,2,linux,BIC
8ac456495a33d9466076fea94594181ceefb76d9,9,1,3,1,linux,BIC
d59b60564cbfe77d85c2f51b29941d8ed14984d1,129,0,0,1,linux,BIC
47afbdd2fa4c5775c383ba376a3d1da7d7f694dc,61,0,16,1,linux,BFC
1a3db27ad9a72d033235b9673653962c02e3486e,1,0,0,1,linux,BFC
985427f997b6a31155cce841eb395d43c64771c5,118,16,21,3,linux,BIC
383de108157c881074f32914b61125e299820bd2,4,0,3,2,linux,BFC
7a0cf094944e2540758b7f957eb6846d5126f535,39,26,1,1,linux,BFC
bc9eff67fc35d733e2de0e0017dc3f5a86e8daf8,6,0,3,1,linux,BFC
f4d6aca0c80f09f4c780136a64ee039560a2c39b,0,2,0,1,linux,BFC
2b81f8161dfeda4017cef4f2498ccb64b13f0d61,0,0,1,1,linux,BFC
c48254fa48e5bad589fbbf1578dae960cedcafcf,44,66,14,3,linux,BIC
b6866318657717c8914673a6394894d12bc9ff5e,21,0,5,4,linux,BIC
8f86a5b4ad679e4836733b47414226074eee4e4d,16,12,0,1,linux,BIC
60e05d1cf0875f0cf73472f7dff71d9933c5b697,120,0,4,4,linux,BIC
6798acaa0138d8b12f1c54402ebcb66fea3deb03,0,2,1,1,linux,BFC
6c1cb4393cc7e7107e4e94a9a0744451296ca8a6,0,0,1,1,linux,BFC
0b834ba00ab5337e938c727e216e1f5249794717,0,0,1,1,linux,BFC
2e11f8296d22134c4fca7eb022eea2b09facd307,8,0,0,1,linux,BIC
dcf269b3f703f5dbc2101824d9dbe95feed87b3d,0,0,4,1,linux,BFC
93396936ed0ce2c6f44140bd14728611d0bb065e,8,0,2,3,linux,BFC
944de4847af1544856486afa6a99c946c28eda57,4,0,24,1,linux,BFC
24cee8ab41eec51ea4cabd19c311719038084648,0,0,1,1,linux,BFC
d665e12aa713e598a1100a320e5679c3f73823ed,0,0,1,1,linux,BFC
4ca68e023b11e4d5908bf9ee326fab01111d77d5,32,0,0,4,linux,BIC
6988eb2a9b7772d57b1d09bdf769db4c697869ea,99,1,3,2,linux,BIC
403e0689d2a9eb33d9281db4079e964eb65ba9ef,127,0,46,1,linux,BIC
a2addf94a8f05171ecb98ac22d335bde09ed9f36,1,0,3,1,linux,BFC
037250f0a45cf9ecf5b52d4b9ff8eadeb609c800,2,3,0,1,linux,BIC
af167bc42d86907a39a761539cb2990120ebbc8e,0,1,2,1,linux,BIC
c8f72b98b65e012d82a731d8e5f42e4bce006ccb,0,2,0,1,linux,BFC
0cb42c0265837fafa2b4f302c8a7fed2631d7869,5,0,3,1,linux,BFC
ba9c1201beaa86a773e83be5654602a0667e4a4d,1,0,0,1,linux,BFC
7d64c40a7d96190d9d06e240305389e025295916,0,0,5,2,linux,BFC
2a2830703a2371b47f7b50b1d35cb15dc0e2b717,9,0,7,1,linux,BIC
bb7f0f989ca7de1153bd128a40a71709e339fa03,48,0,2,2,linux,BFC
0de6e914a035076b1241f5738c06c9d3820abd6e,0,0,1,1,linux,BFC
c2999f7fb05b87da4060e38150c70fa46794d82b,10,1,6,1,linux,BFC
c4e1f7d92cd609e4929b2b3d8abe5eb21b9823ef,11,0,0,1,linux,BIC
8b03ad30e314691f7bfccc0f9fae0dffd498b667,21,77,9,3,linux,BIC
9765a32cd802709d152a0d73d0cbfd07c9f49808,7,15,0,1,linux,BIC
8dc5efe3d17cd572328ac4f1ebde629c83317f54,680,0,0,5,linux,BIC
3a2c20024a2b47adbf514e7f3ab79342739c3926,1,0,0,1,linux,BFC
1abe729f783fece81d93e9a0253fd8079f19d7f6,3,0,0,3,linux,BIC
fd800f646402c0f85547166b59ca065175928b7b,0,0,3,1,linux,BFC
d7458bc0d8b409460713228d2ed279addb38947a,1,0,1,1,linux,BFC
ae20b254306a6a47054ea0eb8444e0bd8e71fe12,65,0,4,3,linux,BIC
c25c210f590e7a37eecd865d84f97d1f40e39786,53,0,3,1,linux,BIC
e43d110cdc206b6df4dd438cd10c81d1da910aad,0,0,1,1,linux,BFC
9fe4e0d3cbfe90152137963cc024ecb63db6e8e6,4,0,4,1,linux,BFC
ac45bd93a5035c2f39c9862b8b6ed692db0fdc87,1,0,1,1,linux,BFC
eae00c5d6e48ccb2d78ae5873743d7d1a572951b,4,0,4,1,linux,BFC
9be6a5d788b0f236e3b30827187e5db33231fa74,78,17,23,3,linux,BIC
d4e7cd36a90e38e0276d6ce0c20f5ccef17ec38c,17,1,8,1,linux,BFC
88ff5d466c0250259818f3153dbdc4af1f8615dd,2,0,1,1,linux,BFC
ebb299a51059017ec253bd30781a83d1f6e11b24,1,1,0,1,linux,BFC
73516a33588cde0bfa4742d857f8849da28bddd2,96,0,0,1,linux,BIC
0aed55af88345b5d673240f90e671d79662fb01e,199,1,6,11,linux,BIC
3fcbf1c77d089fcf0331fd8f3cbbe6c436a3edbd,4,8,2,1,linux,BIC
6ea8c546f3655a81f82672f24b66dad6095bdd07,26,0,74,2,linux,BIC
9d9491a7da2a4ce9fed32bd8611992ea3471523a,5,0,1,1,linux,BIC
6eb61d587f4515e4be5669eff383c0185009954f,29,0,521,31,linux,BIC
1264b951463a00efebe1bb596499aaad620ec8af,2928,0,0,2,linux,BIC
12eeeb4f4733bbc4481d01df35933fc15beb8b19,6,4,0,1,linux,BIC
7247645f686584552ec0f8ade7267bf7a4907624,0,1,3,4,linux,BIC
547fde8b5a1923050f388caae4f76613b5a620e0,1,0,0,1,linux,BFC
552416c146fadc67cd9b53ef7adf88d3381c43a6,0,0,1,1,linux,BFC
936523441bb64cdc9a5b263e8fd2782e70313a57,26,0,1,1,linux,BFC
d6f2134a383168bfb28ac458f7e4311e58482439,32,13,13,2,linux,BIC
31135eb3887daf2ed3e88fbefc36243357a9008f,0,1,1,1,linux,BFC
93efb0c656837f4a31d7cc6117a7c8cecc8fadac,0,0,1,1,linux,BIC
6446b3155521aab37f5a2b99ac264803ea7dced8,73,0,0,2,linux,BIC
76a95bd8f9e10cade9c4c8df93b5c20ff45dc0f5,6,0,1,1,linux,BFC
e5eaac2beb54f0a16ff851125082d9faeb475572,3,21,6,2,linux,BFC
3a77df62deb2e62de0dc26c1cb763cc152329287,0,0,1,1,linux,BFC
772f7bb75dffd4ec90eaf411f9e09dc2429f5c81,1,0,0,1,linux,BFC
4e84139e14af5ea60772cc4f33d7059aec76e0eb,1,0,6,1,linux,BFC
3be88125d85df587085b0be0a5c0e9953eb5ed6b,28,0,0,2,linux,BIC
9e7c5b396e98eed859d3dd1ab235912a296faab5,2,2,0,1,linux,BFC
cb5cd0ea4eb3ce338a593a5331ddb4986ae20faa,9,1,1,1,linux,BFC
39e3622edeffa63c2871153d8743c5825b139968,18,14,0,1,linux,BFC
8e484ebb1edc8329e1f7c527d556038a395f654e,3,0,2,1,linux,BFC
874ec9f7e568ecae01564703287d33c890da4169,0,0,1,1,linux,BFC
0c980a006d3fbee86c4d0698f66d6f5381831787,3,3,0,1,linux,BFC
76da8706d90d8641eeb9b8e579942ed80b6c0880,4,0,0,1,linux,BFC
8b7008620b8452728cadead460a36f64ed78c460,3,1,4,2,linux,BIC
5ed8d41023751bdd3546f2fe4118304357efe8d2,6,0,1,1,linux,BFC
86bcfa2e87c42b8af77188e7a939e952199d4da1,17,0,1,2,linux,BIC
05e258c6ec669d6d18c494ea03d35962d6f5b545,0,0,2,1,linux,BFC
8ca07176ab00a6d06a9b254dcbb2514b4d607e9c,246,0,0,2,linux,BIC
0326f5a94ddea33fa331b2519f4172f4fb387baa,650,1,14,9,linux,BIC
2efbb2f099fb75d95150bf2f4029b641ecbd1503,255,0,0,1,linux,BIC
33da54fa86e29b87fe1e83bd0f15b4ef2be53ecb,3,0,0,1,linux,BFC
d3062a21093093bc77a8ebf1b555e380993993e7,44,12,10,2,linux,BIC
7781607938c8371d4c2b243527430241c62e39c2,5,0,3,1,linux,BFC
13e6f2da1ddf61582eb1f54f7d8e3ba9f16f12a9,9,0,0,1,linux,BIC
9cbc948b5a20c9c054d9631099c0426c16da546b,450,5,31,3,linux,BIC
349e8d2611316cce11c0b9d0830ebb585c9b82b8,157,0,13,5,linux,BIC
b073d7f8aee4ebf05d10e3380df377b73120cf16,392,0,2,10,linux,BIC
ae28d1aae48a1258bd09a6f707ebb4231d79a761,0,26,43,1,linux,BFC
86a3ae587980f857284a11b86ef345f47298aade,0,0,1,1,linux,BFC
d984457b31c4c53d2af374d5e78b3eb64debd483,49,5,9,6,linux,BIC
885892fb378dc096693557ba4f2b875188619b36,6,0,6,1,linux,BFC
8e59b5cfb9a6f43753236b554d785e8efca62db7,5,0,8,1,linux,BIC
09571c7ae30865adfa79dccd12a822a65d2c4b5a,42,0,7,1,linux,BIC
10377bb293358c4fe06204ed596264f69f85102a,0,0,2,2,linux,BFC
c2d2e6738a209f0f9dffa2dc8e7292fc45360d61,5,0,1,1,linux,BFC
3dd8ba961b9356c4113b96541c752c73d98fef70,2,0,0,1,linux,BFC
13b18d35909707571af9539f7731389fbf0feb31,5,0,1,1,linux,BFC
066c67624d8ca2a2465690d4a7b7f52b880e9925,127,0,3,1,linux,BIC
6342adcaa683c2b705c24ed201dc11b35854c88d,9,10,4,5,linux,BFC
7c8f4e6dc30996bff806285730a0bb4e714d3d52,8,0,0,1,linux,BFC
6a9e9cea4c51dd7137f381710bb42e2ad6e7e285,1,0,1,1,linux,BFC
33d41c9cd74c56643a710810703b6bce6eb25efa,23,9,14,1,linux,BIC
eb414681d5a07d28d2ff90dc05f69ec6b232ebd2,917,0,6,12,linux,BIC
4ec5b96775a88dd9b1c3ba1d23c43c478cab95a2,1,0,0,1,linux,BFC
b9590ad4c4f2fedc364016613f2af74ea7758bea,0,10,2,2,linux,BIC
0b2e9e7947e7bfd08c512e15ae02645cf9cd38c5,25,7,65,5,linux,BIC
88d60d7d94bfab00abef3596fbf54b460c2a45ec,6,0,0,1,linux,BFC
212925802454672e6cd2949a727f5e2c1377bf06,19,29,4,4,linux,BIC
92b18252b91de567cd875f2e84722b10ab34ee28,3,0,0,1,linux,BFC
2b8ac062f33781edbefb482c6abebfde6b373eed,80,0,0,2,linux,BIC
dd45483981ac62f432e073fea6e5e11200b9070d,0,8,8,1,linux,BFC
62c455ca853e3e352e465d66a6cc39f1f88caa60,1226,0,0,3,linux,BIC
b7b57a5643c2ae45afe6aa5e73363b553cacd14b,4,0,1,1,linux,BFC
3bdac362a2f89ed3e148fa6f38c5f5d858f50b1a,2,6,1,1,linux,BFC
7df28718928d08034b36168200d67b558ce36f3d,2,0,0,1,linux,BFC
8f518d43f89ae00b9cf5460e10b91694944ca1a8,5,0,0,1,linux,BFC
fccff0862838908d21eaf956d57e09c6c189f7c5,18,0,0,1,linux,BFC
94f69966faf8e70bd655ea25f9dd5b9400567b75,1921,0,0,5,linux,BIC
b45396afa4177f2b1ddfeff7185da733fade1dc3,0,0,2,1,linux,BIC
f8a00cef17206ecd1b30d3d9f99e10d9fa707aa7,14,0,0,1,linux,BFC
e3b929b0a184edb35531153c5afcaebb09014f9d,0,0,1,1,linux,BFC
2f90c7e5d09437a4d8d5546feaae9f1cf48cfbe1,14,0,9,1,linux,BIC
aada9ce644e53410954daa6beb1f7c4ca158abd7,0,0,2,1,linux,BFC
1f59a4581b5ecfe9b4f049a7a2cf904d8352842d,1,0,1,1,linux,BFC
506247825c5e877741f33a2c657d351e5c7943ba,0,0,1,1,linux,BFC
b1edeb102397546438ab4624489c6ccd7b410d97,157,188,78,8,linux,BIC
96da09192cda57a356467bd7c91a3641a2e78490,25,0,7,3,linux,BIC
d5c8ffb966377b6f8c0e1a8b9b040ade89b151b1,0,0,4,1,linux,BFC
d10ec006dcd7b20b2eb7e9ef32fc6f83b0112893,71,66,11,3,linux,BIC
a4ae16f65c335f8be58b67b78628c788c4b325a5,1,0,1,1,linux,BFC
b91083a45e4c41b8c952cf02ceb0ce16f0b1b9b1,0,0,4,1,linux,BFC
c4fdb6cff2aa0ae740c5f19b6f745cbbe786d42f,6,0,0,1,linux,BFC
83d43305a1df2aa2976e3ccf012e4cf0dc29673d,557,0,0,4,linux,BIC
0689dcf3e4d6b89cc2087139561dc12b60461dca,0,0,2,1,linux,BFC
b954d83421d51d822c42e5ab7b65069b25ad3005,40,38,1,2,linux,BFC
6c17c1c3099d7367e67d51290884846dfeecf7bf,2,0,0,1,linux,BFC
9a2ea132df860177b33c9fd421b26c4e9a0a9396,1,0,0,1,linux,BFC
dea6dd2ba63f8c8532addb8f32daf7b89a368a42,3,0,2,1,linux,BFC
41040cf7c5f0f26c368bc5d3016fed3a9ca6dba4,49,0,9,4,linux,BFC
75e33c55ae8fb4a177fe07c284665e1d61b02560,0,0,2,1,linux,BFC
8772c0bb58bbf98a6fdd94ddb67e23468a4338bd,66,38,7,2,linux,BIC
69c90cf1b2faf5fa08fe5e18e4b47b044474506e,2,0,1,3,linux,BIC
e049ff5af04b18bfb4105787be198d58c841fc99,3,3,2,1,linux,BFC
fcbc51e54d2aa9d402206601f4894251049e5d77,755,0,0,1,linux,BIC
3cc2dac5be3f23414a4efdee0b26d79bed297cac,8,17,6,2,linux,BIC
6ff3d9ffdcbbe24e8185b254d92d6db44ad55506,346,0,0,3,linux,BIC
ed01e50acdd3e4a640cf9ebd28a7e810c3ceca97,10,3,1,1,linux,BFC
96b777452d8881480fd5be50112f791c17db4b6b,10,0,2,1,linux,BFC
8c6239f6e95f583bb763d0228e02d4dd0fb3d492,7,0,2,1,linux,BFC
7b146cebe30cb481b0f70d85779da938da818637,141,0,0,8,linux,BIC
f4518a8a75f5be1a121b0c95ad9c6b1eb27d920e,1,0,1,1,linux,BFC
7218524d3ea00dda75d2f0989ab4dcb631f00b61,0,0,1,1,linux,BFC
0a3a84360b376e474f8cc0b6d03b7fcf2dd5c592,25,0,0,1,linux,BIC
9852ae3fe5293264f01c49f2571ef7688f7823ce,23,0,4,3,linux,BIC
030b995ad9ece9fa2d218af4429c1c78c2342096,0,0,1,1,linux,BFC
4358bcb54bb9ede559e60685b9e544e723197ca1,2,0,2,1,linux,BFC
1c743127cc54b112b155f434756bd4b5fa565a99,4,0,3,1,linux,BFC
68579b32e786f9680e7c6b6c7d17e26943bb02b3,28,20,17,1,linux,BFC
730623f4a56fa42d4559715ff2f4a5c32b3ae8bf,17,0,0,1,linux,BIC
76d10256a97a7cab72b123d54b766a3c17da658c,31,0,1,1,linux,BFC
5490b32dce6932ea7ee8e3b2f76db2957c92af6e,4,0,0,1,linux,BFC
71fbd556adde2795787a6ca4c16871e57efba847,0,0,2,1,linux,BIC
09fbca8e6240e945c663af1ac2c5d5ef1456bad7,2,3,0,1,linux,BIC
cefc4e18785123326c5d4d985085e32160fef7f5,30,0,7,1,linux,BFC
2f3035da4019780250658d1ffe486bc324e04805,0,0,13,3,linux,BFC
7224fa482a6daa0558792e03a209e08d34690a26,23,4,7,4,linux,BIC
b4c625c67362b3940f619c1a836b4e8329106658,602,0,0,1,linux,BIC
e6f6d63ed14c20528aa6df05a8f0707c183c6ba3,34,4,10,3,linux,BIC
18cb261afd7bf50134e5ccacc5ec91ea16efadd4,128,2,0,2,linux,BIC
dc98b8480d8a68c2ce9aa28b9f0d714fd258bc0b,7,0,0,1,linux,BFC
47dceb8ecdc1c3ad1818dfea3d659a05b74c3fc2,102,0,2,3,linux,BIC
3c9d31c715948aaff0ee6d322a91a2dec07770bf,5,0,0,1,linux,BFC
d1fc4c6feac18f893e55aeefa267a281e132c7b7,5,0,1,1,linux,BFC
cbaadf0f90d6d406a36bb389fbdea524d6d89d8d,11,17,0,1,linux,BIC
9fba8e30f704d49627ab8a4a57213862206b3e5f,0,0,1,1,linux,BFC
e6a54d6f221301347aaf9d83bb1f23129325c1c5,2,2,5,2,linux,BFC
5f42df013b8bc1b6511af7a04bf93b014884ae2a,2,0,3,1,linux,BFC
09cbd1df7d2615c19e40facbe31fdcb5f1ebfa96,6,0,2,1,linux,BFC
adf7341064982de923a1f8a11bcdec48be6b3004,6,0,0,1,linux,BFC
66affb7bb0dc0905155a1b2475261aa704d1ddb5,6,0,0,1,linux,BFC
fd27b571c9f6cf95ddbdf9de7cf0aa8c8cfe8066,0,1,3,1,linux,BFC
83910ad3f51fbc0e6546b60aafa90697b5127a8a,23,54,83,21,linux,BIC
b410f04eb5b482b5efc4eee90de81ad35d3d923b,0,0,1,1,linux,BFC
48bb5697269a7cbe5194dbb044dc38c517e34c58,1,1,0,1,linux,BIC
c8e9b30ccae605bf1dbeaf03971f9b83f70b928d,1,0,1,1,linux,BFC
c27927e372f0785f3303e8fad94b85945e2c97b7,5,0,4,1,linux,BFC
8009ce956c3d28022af6b122e50213ad830fc902,20,22,4,1,linux,BIC
1c74b89171c39eabc0faba7eb0500c3d73a0e1d1,84,3,8,2,linux,BIC
c6e0d91464da214081af546496dd3a4b6d19db70,2460,0,0,1,linux,BIC
c485e2c97dae4e13f239ccad455070e99213dd4b,65,32,45,2,linux,BIC
0583272d91f0f4e21f1eb666786286863185be7e,2,0,1,1,linux,BFC
b99fdcdc36369d2a3a26bf44736d420eb629d8b7,166,0,3,3,linux,BIC
a3c529a835890b0eecd324d9f0c37c67345f84e2,27,99,39,6,linux,BIC
f6f13c125e05603f68f5bf31f045b95e6d493598,3,0,1,2,linux,BFC
8a2b22203f8596729c54eba221b4044351bfe167,1,2,1,1,linux,BFC
939b90b20bc87e199b6b53942764b987289b87ce,11,1,1,1,linux,BFC
6ea3c9d5b042edf14eac1e21af21c41f81f3491e,2,0,1,1,linux,BFC
f0fbe652e8529a180630617a17cd5922298c4f13,0,1,0,1,linux,BFC
f6176473a0c7472380eef72ebeb330cf9485bf0a,2,0,6,1,linux,BFC
ff0e50d3564f33b7f4b35cadeabd951d66cfc570,6,0,4,1,linux,BIC
264904ccc33c604d4b3141bbd33808152dfac45b,6,0,1,1,linux,BIC
c7226e407b6065d3bda8bd9dc627663d2c505ea3,0,9,1,2,linux,BFC
8e586137e6b63af1e881b328466ab5ffbe562510,103,0,107,28,linux,BIC
608b4adab17889576c6636311f495b1a52418c69,4,4,0,1,linux,BFC
c26844eda9d4fdbd266660e3b3de2d0270e3a1ed,4,1,10,1,linux,BIC
72b4868211a85d040c42444620f2197bb0094ac8,4,0,0,1,linux,BFC
8425c41d1ef762cc15d9501d7117f009a79f3fe9,100,0,66,4,linux,BIC
ec6698c272debe16c8825c88a5b3c3f68a12ef4a,855,0,0,1,linux,BIC
c4e84bde1d595d857d3c74b49b9c45cc770df792,6970,0,0,5,linux,BIC
2161536516edcc0be31109eb1284939119e7ba6d,113,146,46,27,linux,BIC
5db1856781e45c9610f7652a19cc656b984235e7,0,5,3,1,linux,BFC
9e02977bfad006af328add9434c8bffa40e053bb,1,0,1,1,linux,BFC
3034ebe26389740bb6b4a463e05afb51dc93c336,126,0,0,2,linux,BIC
f5a28a7d4858f94a2d8b5271ffee607de30050e4,0,0,1,1,linux,BIC
61c1d33daf7b5146f44d4363b3322f8cda6a6c43,4,0,4,3,linux,BFC
9f77a60669d13ed4ddfa6cd7374c9d88da378ffa,4,0,1,1,linux,BFC
827473268ee492b30b576ef156ab524a2b9f3520,0,2,2,1,linux,BFC
384ca3c6a28d27030ec971f20b775c596ff87ae5,35,16,47,1,linux,BIC
ae7d292324b4be60b6d39d2e06bf2a63752f3fcd,0,0,1,1,linux,BFC
7fbe824a0f0e6a73de5b589a6690294f7cb9dae3,4,0,1,3,linux,BIC
6689638025a91bd795204c01b25a561fa93f11e8,17,2,16,2,linux,BFC
db6516a5e7ddb6dc72d167b920f2f272596ea22d,4,0,5,1,linux,BFC
fbd4bfd1d9d21664a1c2a6730e8bc1a577f1e171,20,0,0,1,linux,BIC
d13a31770077a841dfa33f741079e82255ee0100,70,0,9,2,linux,BIC
1374901b850c8f2ff1ee0e62ffafbc4030572fc6,0,0,1,1,linux,BFC
4405bdf3c57ec28d606bdf5325f1167505bfdcd4,1,0,0,1,linux,BFC
9db176bceb5c5df4990486709da386edadc6bd1d,0,0,1,1,linux,BFC
1727fd5015d8f93474148f94e34cda5aa6ad4a43,0,0,1,1,linux,BFC
88e41cf928a6e1a0eb5a9492e2d091ec6193cce4,40,0,18,2,linux,BIC
4cdd2450bf739bada353e82d27b00db9af8c3001,35,0,6,6,linux,BIC
4494ce4fb4ff42946f48bbc8a5ac55ee18dca600,3,4,0,2,linux,BIC
f681e08f671a8e68b085ba66190b8661deab4d85,0,0,1,1,linux,BFC
d9e9da64c4a762493c5ac24b3b2bbc43c2754786,0,4,4,1,linux,BFC
877b911a5ba0733f62239055ee869f2e117b57da,18,0,3,1,linux,BIC
638772c7553f6893f7b346bfee4d46851af59afc,1488,0,0,3,linux,BIC
7c7ff885c7bce40a487e41c68f1dac14dd2c8033,0,0,1,1,linux,BFC
c10f778ddfc161f5c58a8d6de4ad92235ea2eeba,3,1,5,1,linux,BFC
f4c7d8948e866918d61493264dbbd67e45ef2bda,14,9,1,2,linux,BFC
2a67fcfa0db6b4075515bd23497750849b88850f,3,0,0,1,linux,BFC
e23947bd76f00701f9407af23e671f4da96f5f25,28,67,20,6,linux,BIC
7df3e59c3d1df4f87fe874c7956ef7a3d2f4d5fb,5,0,27,1,linux,BFC
965b2aa78fbcb831acf4f669f494da201f4bcace,0,0,6,1,linux,BIC
b02cf0c4736c65c6667f396efaae6b5521e82abf,0,0,1,1,linux,BFC
d349c4a5ae1f17be8d6d5de30135ce17e0a8623b,0,0,3,1,linux,BIC
1c05839aa973cfae8c3db964a21f9c0eef8fcc21,0,0,3,1,linux,BFC
f0df2e650e3eee5ff79c06dedb98c318ff177a95,0,0,2,1,linux,BFC
ec8684847d8062496c4619bc3fcff31c19d56847,1,0,0,1,linux,BFC
1dc09e120c83143bdccf2e445f604666e7eebc11,0,0,1,1,linux,BIC
774560cf28fe115f106b6176c54ec641491136ac,1,0,0,1,linux,BFC
791a17ee19736fc6d4e35c4bf9f8efd1001be77c,0,0,2,2,linux,BIC
f30e10caa80aa1f35508bc17fc302dbbde9a833c,0,0,2,1,linux,BFC
1ae71d997a672739b22572cbe72d61a0eed8c42c,0,1,5,1,linux,BFC
a46182b00290839fa3fa159d54fd3237bd8669f0,18,0,1,1,linux,BIC
730633f0b7f951726e87f912a6323641f674ae34,102,2,35,6,linux,BIC
7c03b5d45b8eebf0111125053d8fe887cc262ba6,82,19,6,1,linux,BIC
ab5b526da0485ac4af3d395e5ce1c04b1bfbb89c,6,0,11,1,linux,BIC
4711b57317f0ff5ca9fbd5e2df6c73b2c07ddc53,2,0,1,1,linux,BFC
1669a941f7c4844ae808cf441db51dde9e94db07,0,0,1,1,linux,BFC
f3df44e7c9869b7691a4a0b57fa39ca47060b424,2,0,10,1,linux,BFC
ab1b79159ad5a6dc4e4994b49737f7feb13b7155,0,11,15,1,linux,BFC
b3e456fce9f51d6276e576d00271e2813c1b8b67,6,6,0,1,linux,BIC
f6f586102add59d57bcc6eea06fdeaae11bb17a1,75,0,2,3,linux,BIC
c724417baf162bd3e035659e22cdf990cfb0d917,0,2,3,1,linux,BFC
e82edcc75c4e2389a3d7223c4ef1737bd9a07e5d,237,0,0,1,linux,BIC
fcabb09e59a71ee7878ca3681828eed6e2c15cd2,0,2,9,1,linux,BIC
83dee2ce1ae791c3dc0c9d4d3a8d42cb109613f6,60,2,36,1,linux,BIC
517ca93a7159eb94eeef829f6ca036456050115c,23,0,2,1,linux,BIC
d04c02f8aa96d82e4cbe783f85a820aae820e746,1,0,1,1,linux,BFC
56a0b978d42f58c7e3ba715cf65af487d427524d,0,0,1,1,linux,BFC
72f6d71e491e6ce269b564865b21fab0a4402dd3,24,0,3,4,linux,BIC
3e29cd0e6563d5fefd59e7225750ee9922f2dad5,845,0,0,2,linux,BIC
9b93ab981e3bf62ff95a8cbb6faf652cd400decd,113,10,20,4,linux,BIC
9db3bbf58be59ab496ccd1c7528f4b0e8835c5b1,27,0,3,1,linux,BFC
8ab183deb26a3b79f8021afa9e83cc1bbd812031,88,2,15,2,linux,BIC
3d20c6246690219881786de10d2dda93f616d0ac,0,0,1,1,linux,BIC
b87f7936a93246804cf70e7e2e0568799c948bb1,84,0,3,4,linux,BIC
b4e3c935b2313b3e557066b630efd0367c7fb34c,1,1,2,1,linux,BFC
3006a5224f15cf68edc4878799ac6d6089861518,38,0,0,2,linux,BIC
909172a149749242990a6e64cb55d55460d4e417,11,0,4,2,linux,BFC
0191c271debfc3d171e8b2d81875d7036982d02c,9,0,0,1,linux,BFC
4d4e9907ff572bb1d1c0f6913ad6e3d6d4525077,34,1,3,2,linux,BIC
6751edeb870034d95dc227716863c4e5572e35b6,0,18,7,1,linux,BIC
28172739f0a276eb8d6ca917b3974c2edb036da3,23,5,66,18,linux,BIC
c06ece6ba6f1bb2e01616e111303c3ae5f80fdbe,46,2,90,6,linux,BIC
4078e637c12f1e0a74293f1ec9563f42bff14a03,5,6,0,1,linux,BFC
adbd2969afbb9868f9a480cee4234455577a93c8,0,0,5,1,linux,BFC
86bde74dbf0944444aea43eb9e647f1ce16c7ade,2,106,38,2,linux,BIC
6d2e16a3181bafb77b535095c39ad1c8b9558c8c,2,4,0,1,linux,BFC
867de40c4c23e6d7f89f9ce4272a5d1b1484c122,4,0,1,1,linux,BFC
c9a1b80daeb50e39f21fd7e62f7224f317ac85f0,3,0,1,1,linux,BFC
d32c3e260f95f5d8ed42c64dc2d9ec79cc36da1e,1,0,0,1,linux,BFC
83736352e0caaa74f80a6dfbb856869d6873531d,60,0,0,1,linux,BIC
f141a422159a199f4c8dedb7e0df55b3b2cf16cd,2,0,1,1,linux,BFC
28a04c7b7bbecaab642fcb6a2d7354eb70ea7fbe,3,2,0,1,linux,BFC
92912b175178c7e895f5e5e9f1e30ac30319162b,2,0,0,1,linux,BFC
0ce7cf4127f14078ca598ba9700d813178a59409,9,5,13,2,linux,BIC
cec4f328c929f72ad634e8f385b589bd6eac80e5,2,0,7,1,linux,BFC
d9496f3ecfe4823c1e12aecbcc29220147fa012c,0,0,2,1,linux,BFC
21677cfc562a27e099719d413287bc8d1d24deb7,2417,0,0,1,linux,BIC
0b9e79431377df452348e78262dd5a3dc359eeef,4,15,15,3,linux,BIC
cdb31c29d397a8076d81fd1458d091c647ef94ba,0,3,2,1,linux,BFC
0ae60d0c4f191c4241377cc3fc5931dc90ca3bbd,0,0,1,1,linux,BFC
c2910c00fee4cbb7b222d6e02846adef9ae4135a,0,0,2,1,linux,BFC
4c578dce58038a5b3cb7ffc77a5f62ef2c5d0856,0,1,2,1,linux,BFC
edd2410b165e2ef00b2264ae362edf7441ca929c,7,7,4,6,linux,BFC
1aec69ae56be28b5fd3c9daead5f3840c30153c8,3,0,2,1,linux,BFC
68a33b1794665ba8a1d1ef1d3bfcc7c587d380a6,1,0,9,5,linux,BFC
62942e9fda9fd1def10ffcbd5e1c025b3c9eec17,0,0,1,1,linux,BFC
ddef08dd00f5548f943422c86e4ffe67dd040b6c,20,0,0,1,linux,BIC
131280a162e7fc2a539bb939efd28dd0b964c62c,29,254,76,2,linux,BIC
be4363bdf0ce9530f15aa0a03d1060304d116b15,0,1,0,1,linux,BFC
cd8d3d321285a34b4e29cb7b04e552c49cc0f018,896,0,1,4,linux,BIC
623621a9f9e1a2f4bf1c69d066b7de3de2b12df6,848,0,0,4,linux,BIC
506f0e09ce36477ac610b6e9b52cbd4d5ead0c01,0,9,0,1,linux,BFC
b490207017ba237d97b735b2aa66dc241ccd18f5,1,0,0,1,linux,BFC
afd427048047e8efdedab30e8888044e2be5aa9c,15,10,0,1,linux,BFC
2530236303d9e705db6a28eb9a10c8d79b288b37,388,0,0,4,linux,BIC
9772b54c55266ce80c639a80aa68eeb908f8ecf5,0,0,2,1,linux,BFC
fefe6733e516f2fdc4afeb060ad5b5e45afbcfbd,5,3,1,1,linux,BIC
72bb17b37b9076e12b388feee4a52e85ef8f6620,0,0,1,1,linux,BFC
80ef08670d4c28a06a3de954bd350368780bcfef,9,0,0,1,linux,BFC
d7b028f56a971a2e4d8d7887540a144eeefcd4ab,28,0,1,1,linux,BFC
c0d46b89ddeae419ee3ee8679fe6836119a83e14,0,0,1,1,linux,BFC
02a56c81cf33dea892da1f8a5231b0f7d7e714fe,46,0,46,1,linux,BFC
52cde85acc23f61b09dd0376c61eb891125c6990,41,0,1,3,linux,BIC
fe5a708267911d55cce42910d93e303924b088fd,13,9,5,3,linux,BFC
380375b937211376f1dba4543460a14d3df9f04d,0,0,1,1,linux,BFC
cb53c517285f8d2548d11422173ca8ec7b9c8f44,10,0,0,1,linux,BFC
1413b2bc0717036a5a653eef20cc3ae4cc66501a,0,0,1,1,linux,BIC
8b032a55c1bd5d47527263445aba9dc45144b00d,293,11,5,5,linux,BIC
b27a6a3f97b90f05ed145f553de46d5d9d47d78d,772,0,0,2,linux,BIC
07f7175b43827640d1e69c9eded89aa089a234b4,0,13,1,1,linux,BFC
ec3f06b542a960806a81345042e4eee3f8c5dec4,0,0,1,1,linux,BFC
3f0c625c6ae714cf4dbab534b4c399f1d720e5db,15,0,0,1,linux,BIC
63907290faa916ffab1c8455141c79ca8e3a79bb,0,0,1,1,linux,BFC
684d984038aa2b8ec3ab4b9d314257879a3fbfbd,84,0,0,2,linux,BIC
2c292dbb398ee46fc1343daf6c3cf9715a75688e,9,0,7,1,linux,BFC
9594dc3c7e71b9f52bee1d7852eb3d4e3aea9e99,70,2,14,1,linux,BFC
325347d965e7ccf5424a05398807a6d801846612,1,1,3,1,linux,BFC
ccdde7c74ffd7e8bdd3cf685bbfa41231c8e3131,193,11,93,8,linux,BIC
4687fdbb805a92ce5a9f23042c436dc64fef8b77,18,0,0,1,linux,BIC
9d8506cc2d7ea1f911c72c100193a3677f6668c3,44,19,6,1,linux,BFC
c12f4d761dd2313ae4f457041df3ec0c603aa76a,0,0,5,1,linux,BFC
64c47b624f64cf8594cc5dc3330e161848eaa15b,2,0,0,1,linux,BIC
d4f23164cff08de41abfd95ad8610b94137cdf9c,0,0,1,1,linux,BFC
23f62d7ab25bd1a7dbbb89cfcd429df7735855af,16,12,8,4,linux,BIC
8e6af454117a51dbf6c8a47c00180a0c235052fe,2,0,2,1,linux,BFC
fa3a03da549a889fc9dbc0d3c5908eb7882cac8f,0,0,1,1,linux,BFC
6bae9de622d3ef4805aba40e763eb4b0975c4f6d,602,72,120,8,linux,BIC
bcc2661e3243fe75b91ec682de01e7cbedfbe7f9,0,0,5,1,linux,BFC
b19218b27f3477316d296e8bcf4446aaf017aa69,0,0,1,1,linux,BFC
72ad937abd0a43b7cf2c557ba1f2ec75e608c516,39,37,24,2,linux,BIC
85f08c17de26f117be6ca7aa260d2ec02a2248ba,33,0,0,2,linux,BIC
5ae74f2cc2f150c1a5cee54cabbd71dd0661285a,292,283,2,5,linux,BIC
41ba17f20ea835c489e77bd54e2da73184e22060,0,0,6,1,linux,BFC
0d8391f3d60f0b544951b4014f433b4c068da293,0,0,2,1,linux,BFC
bf109c64040f5b6bfe8a7044667e11d62dff6d91,102,0,3,4,linux,BIC
8bf94e6414c9481bfa28269022688ab445d0081d,4,1,1,1,linux,BFC
0c5f6c0d8201a809a6585b07b6263e9db2c874a3,44,53,6,2,linux,BFC
93b31f48b3ba84cc5fc310c9765d11ebbeede7b5,5,8,9,1,linux,BIC
8f6aca0e0f26eaaee670cd27896993a45cdc8f9e,18,0,17,2,linux,BFC
a180bd1d7e16173d965b263c5a536aa40afa2a2a,0,1,0,1,linux,BFC
4539f14981ce02d48b212786a41c8bcfb62851b4,2,1,3,1,linux,BIC
9d4b98af8a2eb2ddb7779f2929700b5c174e9cc9,0,0,2,1,linux,BFC
735302665c353d6756e7fa2a2cf41b039299f732,0,1,3,1,linux,BFC
27ee441a43392ebe5b027fe5d78640e839673d21,9,0,3,1,linux,BFC
36f2e7207f21a83ca0054116191f119ac64583ab,5,3,0,1,linux,BFC
f12d07d6e9f22bbe65d158de1435ec515acfb50a,0,0,1,1,linux,BFC
f33e7bb3eb922618612a90f0a828c790e8880773,44,0,1,1,linux,BIC
06ee60eb507f00fb3643876ec05318c63332dc88,1,1,2,1,linux,BFC
57ea884b0dcf1e59661955919976ef138ec9cdb0,3,0,0,1,linux,BFC
e644fa18e2ffc8895ca30dade503ae10128573a6,0,0,1,1,linux,BFC
b6eba86030bf2fa3abcf9a0e3fb04527330da52e,46,0,0,1,linux,BIC
7832f6d12fa25cd4cfc18eaae67eb5e2dbaa2c34,1,0,1,1,linux,BFC
a4cb5bdb754afe21f3e9e7164213e8600cf69427,1,0,1,1,linux,BFC
38e8a5c040d3ec99a8351c688dcdf0f549611565,1,0,1,1,linux,BFC
52a3974feb1a3eec25d8836d37a508b67b0a9cd0,15,0,0,1,linux,BIC
51a08bdeca27988a17c87b87d8e64ffecbd2a172,0,13,0,1,linux,BFC
d03f2170546d2f0c236a42706d211e15ffb64184,95,1,2,3,linux,BIC
656164181eece68a2f99f0b8a1c5558184b67d7b,0,0,1,1,linux,BFC
b89fbfbb854c9afc3047e8273cc3a694650b802e,101,2,11,6,linux,BIC
c15b1ccadb323ea50023e8f1cca2954129a62b51,94,1,51,2,linux,BIC
205983c43700ac3a81e7625273a3fa83cd2759b5,1,1,0,1,linux,BIC
251b6fd38bcb9c8fafdc67851d09fddb79efb049,116,58,3,2,linux,BIC
3c7f255039a2ad6ee1e3890505caf0d029b22e29,328,0,0,2,linux,BIC
8315ada7f095bfa2cae0cd1e915b95bf6226897d,196,0,9,2,linux,BIC
faaa87680b25d9ec91a308d4c957f5b9305c7b59,18,0,1,6,linux,BIC
e1188aacad17302510d9235adcfbc6d45e5dde7c,16,0,0,1,linux,BIC
f6b1340dc751a6caa2a0567b667d0f4f4172cd58,0,0,2,1,linux,BFC
4a8737ff068724f509d583fef404d349adba80d6,1,0,1,1,linux,BFC
46d372af9935eb350117241153154b1e2bddd476,89,0,0,5,linux,BIC
50d34a0d151dc7abbdbec781bd7f09f2b3cbf01a,2,0,0,1,linux,BFC
dd242a080d178c36442a0bb28b6acf6f126d0569,14,0,0,1,linux,BFC
c0940e95f7a78be0525c8d31df0b1f71e149e57e,0,0,2,1,linux,BFC
c62dd44901cfff12acc5792bf3d2dec20bcaf392,0,0,2,1,linux,BFC
54a66265d6754b37fb4baf1d970ec88a6225a988,82,4,17,5,linux,BIC
d7a304e9d018c99dda80f4c16ec0fe817b5be4a1,2,0,0,2,linux,BFC
638c133e5f52a3793cb5494897df008f5cef0ddd,0,0,4,2,linux,BFC
45c1380358b12bf2d1db20a5874e9544f56b34ab,2,0,1,1,linux,BFC
17f5d57915be108b4967b7770c9ea87c493b30a7,32,1,4,5,linux,BIC
0e4364560361d57e8cd873a8990327f3471d7d8a,0,0,1,1,linux,BFC
a7e3033fcdb60ad51b03896ae99ad9447389bed0,2,0,0,1,linux,BFC
af38d07ed391b21f7405fa1f936ca9686787d6d2,0,0,1,1,linux,BFC
4d7d39a18b8b81511f0b893b7d2203790bf8a58b,0,0,1,1,linux,BFC
538f4f022a4612f969d5324ee227403c9f8b1d72,30,0,0,1,linux,BFC
955315b0dc8c8641311430f40fbe53990ba40e33,0,0,0,5,linux,BIC
84472b436e760ba439e1969a9e3c5ae7c86de39d,3,0,2,1,linux,BIC
a2390348c19d0819d525d375414a7cfdacb51a68,1,0,0,1,linux,BFC
7871aa60ae0086fe4626abdf5ed13eeddf306c61,3,0,0,1,linux,BIC
0874758ecb2b3faa200a86dda45dbc29335f883e,7,12,21,1,linux,BIC
9a30a26122c3fb249a4f509fb2253de259e58cd0,72,133,26,1,linux,BFC
035a14e71f27eefa50087963b94cbdb3580d08bf,4,0,1,1,linux,BFC
a8a717963fe5ecfd274eb93dd1285ee9428ffca7,8,0,0,1,linux,BFC
306f354c67397b3138300cde875c5cab45b857f7,3,0,0,1,linux,BFC
fe64ba5c6323538ef0a74c7213fe5e18117b1c85,0,9,3,1,linux,BIC
30877961b1cdd6fdca783c2e8c4f0f47e95dc58c,1,0,1,1,linux,BFC
5bfbe3ad5840d941b89bcac54b821ba14f50a0ba,36,0,5,5,linux,BIC
39553065f77c297239308470ee313841f4e07db4,0,3,0,1,linux,BFC
9b78d8fadeee078ca947a3b44157f42035fdf8b1,0,0,1,1,linux,BFC
1ebe1eaf2f02784921759992ae1fde1a9bec8fd0,14,0,1,1,linux,BFC
cc26ad455f57b42dd40ca01c4c220516218390f6,329,0,0,1,linux,BIC
579ca1a27675485a99da50cd7fedc14232f817c3,2,4,10,1,linux,BIC
33b347503f014ebf76257327cbc7001c6b721956,273,0,1,3,linux,BIC
c6fd3511c3397dd9cbc6dc5d105bbedb69bf4061,4,7,14,1,linux,BFC
d83a7cb375eec21f04c83542395d08b2f6641da2,751,1,24,11,linux,BIC
f336ae03149725bb5844166c7b04f7f65f17eec9,2,0,1,1,linux,BFC
f327c686d3ba44eda79a2d9e02a6a242e0b75787,690,0,0,1,linux,BIC
6679f4c5e5a6a783b004577a987f9815b877abce,66,0,2,1,linux,BIC
253e05724f9230910344357b1142ad8642ff9f5a,70,0,2,3,linux,BIC
f761312023a1f0d625e34daadd54c3f9cb2a4ac2,2,0,1,1,linux,BFC
98473f9f3f9bd404873cd1178c8be7d6d619f0d1,0,0,1,1,linux,BFC
df6a58c5c5aa8ecb1e088ecead3fa33ae70181f1,14,0,7,1,linux,BIC
920b0442b9f884f55f4745b53430c80e71e90275,0,0,0,1,linux,BFC
1ba1a4a90fa416a6f389206416c5f488cf8b1543,0,0,5,1,linux,BFC
ddd0ce87bfdebbc92c639286a2bf1241f335e6c8,0,45,0,5,linux,BIC
a1d4ef1adf8bbd302067534ead671a94759687ed,4,0,8,1,linux,BFC
5719df243e118fb343725e8b2afb1637e1af1373,7,0,0,1,linux,BFC
f82eed45239988db125d1fc8c52994f3684324c6,0,2,1,1,linux,BFC
83a8afa72e9c0a200d9d400ce83a0cb5193b0e3d,246,21,17,1,linux,BIC
43c8f131184faf20c07221f3e09724611c6525d8,11,0,7,1,linux,BIC
e5222d408de2a88e6b206c38217b48d092184553,43,10,19,1,linux,BFC
aaa29bb01cc4bf5a87dbdb219efba3b09f259d8e,3,0,0,1,linux,BFC
9caafbe2b4cf4c635826a2832e93cf648605de8b,77,0,0,4,linux,BIC
5dae222a5ff0c269730393018a5539cc970a4726,18,4,6,5,linux,BIC
0dafa60eb2506617e6968b97cc5a44914a7fb1a6,2,0,1,1,linux,BFC
9ee971a0b8efbae472882b1d3e8e736f4d6e3da9,0,0,1,1,linux,BFC
7de712ccc096b81d23cc0a941cd9b8cb3956605d,0,0,1,1,linux,BFC
9db33d221efcca9503ac481edcbf2b3f4404bdb8,270,0,0,1,linux,BIC
73600b619bf8b9803a0610624a0e11f5ed8f761e,0,1,1,1,linux,BFC
fea3fdf975dd9f3e5248afaab8fe023db313f005,3,0,1,1,linux,BFC
57bc3d3ae8c14df3ceb4e17d26ddf9eeab304581,10,0,29,1,linux,BIC
58359193193c4261d340b2f7f028e5096d4e4d15,0,0,2,1,linux,BFC
4b83eff81c817d7e4c75605670320722611315b9,28,0,81,1,linux,BIC
d487ee77740ccf79d7dc1935d4daa77887283028,215,24,119,2,linux,BIC
9431f7c199ab0d02da1482d62255e0b4621cb1b5,5,0,0,1,linux,BFC
8e227b198a55859bf790dc7f4b1e30c0859c6756,7,0,0,1,linux,BFC
dbd66558dd28e69471cac7c1431bb0d8df221498,0,0,1,1,linux,BFC
afff0d2321ea2beb6f4dcd029d4667acf73dec25,82,0,175,1,linux,BIC
92eb6c3060ebe3adf381fd9899451c5b047bb14d,20,0,3,2,linux,BFC
fa1edf3f63c05ca8eacafcd7048ed91e5360f1a8,2,0,0,1,linux,BFC
34371d236eab28933eefc0d77bd1e3df62fc585b,0,0,1,1,linux,BFC
45f10dabb56bc5dee52df47dccd3bfab1e58eea1,4,0,8,1,linux,BIC
30d621f6723b1c98a142861f7a52849d286bc7fa,160,0,0,2,linux,BIC
24d7275ce2791829953ed4e72f68277ceb2571c6,22,0,9,1,linux,BFC
82a9ac7130cf51c2640800fb0ef19d3a05cb8fff,1,0,0,1,linux,BFC
403cd12e2cf759ead5cbdcb62bf9872b9618d400,13,1,20,2,linux,BIC
7bd0cef5dac685f09ef8b0b2a7748ff42d284dc7,4,0,2,1,linux,BFC
61c11656b67b0a30f702f240aabe81fd93e702ac,0,1,2,1,linux,BFC
e83068a5faafb8ca65d3b58bd1e1e3959ce1ddce,123,83,36,7,linux,BIC
68af4fa8f39b542a6cde7ac19518d88e9b3099dc,2,0,1,1,linux,BFC
9fcf024dd6fae082f05e8c1fcdae23972b2f6971,0,0,3,2,linux,BFC
f5d7872a8b8a3176e65dc6f7f0705ce7e9a699e6,0,0,1,1,linux,BFC
0bbcc0a8fc394d01988fe0263ccf7fddb77a12c3,0,5,1,1,linux,BFC
8f033d2becc24aa6bfd2a5c104407963560caabc,4,0,0,2,linux,BFC
0e3d3e5df07dcf8a50d96e0ecd6ab9a888f55dfc,0,3,3,1,linux,BIC
aac5c4226e7136c331ed384c25d5560204da10a0,0,4,2,1,linux,BFC
c21004cd5b4cb7d479514d470a62366e8307412c,0,42,50,1,linux,BIC
438ac88009bcb10f9ced07fbb4b32d5377ee936b,3,6,21,5,linux,BIC
075ab8adaf4e7443159bee6412cb85434c63ed15,43,0,0,2,linux,BIC
5b6b8fe64053b2649660ded2f3c5be25ebddbfdb,47,0,4,2,linux,BIC
7b668c064ec33f3d687c3a413d05e355172e6c92,2,0,1,1,linux,BIC
2dd2a1740ee19cd2636d247276cf27bfa434b0e2,9,0,0,1,linux,BFC
72139dfa2464e43957d330266994740bb7be2535,16,22,16,1,linux,BIC
4396a73115fc8739083536162e2228c0c0c3ed1a,1,0,0,1,linux,BFC
dee1bc9c23cd41fe32549c0adbe6cb57cab02282,20,0,1,1,linux,BFC
d589e785baf5e48ee80a4fbfed96661a4c7c8c8d,23,0,6,2,linux,BIC
957ccc2bc8f9ebfe8b19112cdc6c2bb20fd7bcf8,1,1,0,1,linux,BFC
77f99ad16a07aa062c2d30fae57b1fee456f6ef6,28,15,4,1,linux,BFC
9c97c88d2f4b221d99491c3196da42004c195fb5,2,0,15,1,linux,BIC
292e8d8c853889140ed77b7b37c66979b13080ae,33,34,2,3,linux,BIC
7b7a119e8546e27227a7969883a3c34ed7dbb0cf,2,0,1,1,linux,BFC
33280b4cd1dc0bc7df8d6d3bd1b64c377c9e44d9,88,0,0,2,linux,BIC
7abf38d6d13c9e3e3b9e4d7d8d7a68a353279d11,45,12,5,1,linux,BIC
d31ed3f05763644840c654a384eaefa94c097ba2,0,0,5,1,linux,BFC
06d129946a71f3159b3b40ee95549183edf2c79d,2,0,1,1,linux,BFC
1dd2058f902eb2d8bd5bedab0b190a21d5245e71,0,0,4,1,linux,BFC
505623a2be48b36de533951ced130876a76a2d55,0,0,3,1,linux,BFC
10ad3e998fa0c25315f27cf3002ff8b02dc31c38,0,0,1,1,linux,BFC
64bf3d4bc2b0725b3c5ffadd982a9746bfc738b7,41,0,1,3,linux,BIC
96b96a96ddee4ba08ce4aeb8a558a3271fd4a7a7,66,0,0,1,linux,BIC
37b2a6510a48ca361ced679f92682b7b7d7d0330,1,0,8,4,linux,BFC
e471486c13b82b1338d49c798f78bb62b1ed0a9e,4,0,1,1,linux,BFC
4690803b09c6f1da33058336844091f8b7f3118f,7,0,0,1,linux,BFC
33a8f7f2b3a3437d016d1b4047a4fd37eb6951b3,43,0,0,3,linux,BIC
f756e362d938410a1143485cfcc44d7a8e6e3caf,259,0,0,1,linux,BIC
d092a87073269677b7ff09e71a8d91912b7f969a,0,48,3,13,linux,BIC
da653498c20ba5b185214d8ae43b4e8e9594f520,5,0,0,1,linux,BFC
c57529e1d5d882fbd6383163e2cb2e4ba3118174,911,733,512,4,linux,BIC
65bc2fe86e667077b38a63ce6cb40677be09bc4f,52,84,259,14,linux,BIC
e65ef56db4945fb18a0d522e056c02ddf939e644,20,4,15,1,linux,BIC
9a6b06c8d9a220860468aadb2f1c726570813bf9,57,0,0,2,linux,BIC
af8f3fb7fb077c9df9fed97113a031e792163def,4,4,0,1,linux,BFC
278175aba363dcc5b0978abe16fa39dcdca67ffb,0,27,14,4,linux,BFC
4441eb02333a9b46a0d919aa7a6d3b137b5f2562,2,0,0,1,linux,BFC
95f0b77efa5749f19e7acfedcb8521da4b13ed0e,109,0,3,1,linux,BIC
8877ecb0fc8d7662218a8e7ebb0650f320467935,2,0,2,1,linux,BFC
96748823c483c6eed8321f78bd128dd33f09c55c,13,0,2,1,linux,BFC
365ab499153cdb2007d54e7e62bcbf2c67f7ab8f,0,1,4,1,linux,BFC
bccfb96b59179d4f96cbbd1ddff8fac6d335eae4,0,6,0,1,linux,BFC
1e9e2622a149e88bd636c9f8fb346a6e6aefeae0,67,0,11,5,linux,BIC
0c81ffc60d5280991773d17e84bda605387148b1,6,0,1,1,linux,BFC
60c6a14b489baa0b591d19093ab886bec7f7fe36,32,0,0,4,linux,BIC
dfb4a70f20c5b3880da56ee4c9484bdb4e8f1e65,42,0,21,5,linux,BIC
7d6b61c394a42b8385858bb9e306d48a0112823c,0,1,2,1,linux,BFC
5b177234e9fde7d4208e8163debc109b86e3f68d,30,0,9,1,linux,BIC
d237a7f11719ff9320721be5818352e48071aab6,0,1,4,1,linux,BFC
3d91e50ff58364f6572ad268b508175d27800e51,0,0,3,1,linux,BFC
d1cbfd771ce8297fa11e89f315392de6056a2181,43,24,2,2,linux,BIC
6ba48ff46f764414f979d2eacb23c4e6296bcc95,31,0,21,8,linux,BIC
51f661ef9a106e908097262ff5034a85ce15b122,39,0,2,1,linux,BIC
1c89a8e3d9a235454169e189ea6c463bfa8749ab,2,0,1,1,linux,BFC
e52a632195bf43d1a91ae699e7536a6ead736aa7,494,0,0,1,linux,BIC
0d05d7d913892cd093acc5a0ac884ebab9fda67c,8,0,0,1,linux,BFC
3d679d5aec648f50e645702929890b9611998a0b,136,0,0,3,linux,BIC
6bc950beff0c440ac567cdc4e7f4542a9920953d,1,0,0,1,linux,BFC
1f0723a4c0df36cbdffc6fac82cd3c5d57e06d66,9,0,0,1,linux,BIC
efeda80da38d0b4afd77a12bd4a44f657567d26c,110,18,5,4,linux,BIC
6ed46d1247a595c58b6c04481fa77cf532f45de0,6,0,7,4,linux,BFC
011593480d2931392bc167f7a20c82a6c34114fd,0,0,1,1,linux,BFC
880de403777376e50bdf60def359fa50a722006f,0,2,13,1,linux,BFC
1d10602d306cb7f70545b5e1166efc9409e7d384,12,32,42,1,linux,BFC
ce4b4f228e51219b0b79588caf73225b08b5b779,0,0,2,1,linux,BFC
e9a823fb34a8b0fcba6e112aa1003258a1a5af50,6,0,0,2,linux,BIC
ced185824c89b60e65b5a2606954c098320cdfb8,4,1,4,1,linux,BFC
37cdd991fac810a727cd285629d1640fcf53cd19,57,48,86,5,linux,BIC
23902e49c999353f75f15b7d8483bff70746b97d,30,0,9,2,linux,BIC
09a93ef3d60f5a439613cd6a806bba265c3663ed,2,0,3,1,linux,BFC
c9c095874ab4446be6dec6755d8f68862fdeae48,33,0,6,3,linux,BIC
8764522e5251b76666aa39e207069c43f742801d,0,0,4,1,linux,BIC
cb78d1b5efffe4cf97e16766329dd7358aed3deb,1,0,1,1,linux,BFC
bc7cc5999fd392cc799630d7e375b2f4e29cc398,12,2,3,1,linux,BIC
468dfca38b1a6fbdccd195d875599cb7c8875cd9,475,5,28,1,linux,BIC
0566752c3e8681ec47fee37374cb38081d801e95,5,0,3,1,linux,BFC
f0295e047fcf52ccb42561fb7de6942f5201b676,17,1,25,1,linux,BFC
7ddacfa564870cdd97275fd87decb6174abc6380,3,0,2,1,linux,BFC
3d65492a86d4e6675734646929759138a023d914,6,0,0,1,linux,BFC
0336f8ffece62f882ab3012820965a786a983f70,0,1,1,1,linux,BFC
1bbe0ecc2a1a008bcfeb7fd2d8f95c8e9a1867c6,865,0,0,4,linux,BIC
a89d1f921c15932b4c9a70861d134290f1a14a10,149,301,206,19,linux,BIC
3c1dae0a07c651526f8e878d223a88f82caa5a50,0,2,8,1,linux,BFC
3fe37204c9a233d1bd852b98bca43ec61854ba78,0,0,2,1,linux,BFC
e13e979b2b3dafc9b5e7a4ec0ff17c875fedcf67,4,0,0,1,linux,BIC
2990f223ffa7bb25422956b9f79f9176a5b38346,2,0,1,1,linux,BFC
646cafc6aa4d6004d189de1cdc267ab562069ba9,16,0,48,13,linux,BIC
2f2fad0897cbfda4e384a7b9eab73654974015ac,114,0,1,3,linux,BIC
a50ea34d6dd00a12c9cd29cf7b0fa72816bffbcb,2,0,1,1,linux,BFC
ae150435b59e68de00546330241727f2fec54517,0,0,0,12,linux,BIC
a5e6e6505f38f7bce1d3576503a2bffff3fa888c,1406,0,0,1,linux,BIC
0cac21b02ba5f3095fd2dcc77c26a25a0b2432ed,4,0,0,1,linux,BFC
f7d9f6370e006400655ff96cb148f56598492d91,4,3,9,3,linux,BFC
e08d3fdfe2dafa0331843f70ce1ff6c1c4900bf4,0,0,1,1,linux,BFC
6d7e7e02a044025237b6f62a20521170b794537f,8,0,3,1,linux,BFC
da6d2128e56a50a0d497c8e41ca1d33d88bcc0aa,1,2,1,2,linux,BFC
38e9791a02090414d1e3433549001689cad71098,181,0,0,1,linux,BIC
93e530d2a1c4c0fcce45e01ae6c5c6287a08d3e3,0,0,1,1,linux,BFC
f279294e9ee22a8f306fdc8e4181cf555e6f0f70,41,0,2,1,linux,BIC
65db869c754e7c271691dd5feabf884347e694f5,9,0,2,1,linux,BFC
46abc02175b3c246dd5141d878f565a8725060c9,75,0,4,2,linux,BIC
5155e118dda982342c2d21ecb292c8cc8b566e8d,25,126,137,8,linux,BIC
380cf5ba6b0a0b307f4afb62b186ca801defb203,20,0,3,5,linux,BIC
50de596de8be6de75401a2190b90a822e8a1bab2,73,0,8,8,linux,BIC
37bf34e10ccf71667af5f89a645289796d2c92f4,11,0,13,1,linux,BFC
13adefbe9e566c6db91579e4ce17f1e5193d6f2c,0,12,0,1,linux,BIC
c2002f983767ea0a53acbb3e21f771e7a7e2ed28,1,0,0,1,linux,BFC
049ceac308b0d57c4f06b9fb957cdf95d315cf0b,0,0,3,1,linux,BFC
ed56c5193ad89d1097cdbdc87abeb062e03a06eb,6,4,2,3,linux,BIC
6ef81c55a2b6584cb642917f5fdf3632ef44b670,28,0,55,21,linux,BIC
4b7fe92c06901f4563af0e36d25223a5ab343782,132,73,7,1,linux,BIC
aa2f80e752c75e593b3820f42c416ed9458fa73e,0,3,2,1,linux,BIC
d63d61c16972c667d770f713c21aa04e2c0489d2,18,0,3,5,linux,BIC
50e76632339d4655859523a39249dd95ee5e93e7,23,1,5,4,linux,BFC
96a539fa3bb71f443ae08e57b9f63d6e5bb2207c,5,0,1,1,linux,BFC
05e487d905ab29b5756d6d1e47e27eefa6693fb3,38,0,0,1,linux,BIC
b7abf78b7a6c4a29a6e0ba0bb883fe44a2f3d693,2,0,3,1,linux,BFC
7c6c86b36a36dd4a13d30bba07718e767aa2e7a1,0,0,1,1,linux,BFC
026bdb2b96525edd1fb5cc6f24587ff08d277d5c,2,2,0,1,linux,BFC
b441f79532ec13dc82d05c55badc4da1f62a6141,1,0,3,3,linux,BFC
ec52c7134b1fcef0edfc56d55072fd4f261ef198,5,0,5,1,linux,BFC
595571cca4dec8ac48122a6d2733f790c9a2cade,14,6,37,2,linux,BIC
4c3024debf62de4c6ac6d3cb4c0063be21d4f652,0,0,6,2,linux,BFC
3126b731ceb168b3a780427873c417f2abdd5527,0,0,1,1,linux,BFC
461b43a8f92e68e96c4424b31e15f2b35f1bbfa9,10,0,1,1,linux,BFC
5a0793ac66ac0e254d292f129a4d6c526f9f2aff,0,0,6,1,linux,BFC
7d715a6c1ae5785d00fb9a876b5abdfc43abc44b,898,0,0,8,linux,BIC
263c61581a38d0a5ad1f5f4a9143b27d68caeffd,0,0,5,1,linux,BFC
338635340669d5b317c7e8dcf4fff4a0f3651d87,0,1,1,1,linux,BFC
3be2a49e5c08d268f8af0dd4fe89a24ea8cdc339,82,0,0,2,linux,BIC
7b5362a603a1ecc9a25b97dafd702b8098090f41,1,0,7,1,linux,BIC
22d45f01a836c2f5826b8b4b9e029e5f79afec57,1,1,18,1,linux,BIC
4ba5c086a1d8e38d6927967ae1a3271a6ab7a927,24,2,8,2,linux,BFC
6d3a7d9e3ada345948f72564ce638c412ccd8c4a,5,0,5,1,linux,BIC
623b9988bfd146a438e55816dbfdf8f9a5290dd5,25,9,1,4,linux,BFC
008ba2a13f2d04c947adc536d19debb8fe66f110,10,4,1,1,linux,BFC
e9a7faf11af94957e5107b40af46c2e329541510,2,2,3,1,linux,BFC
7dbc849b2ab3b8ea8f767361c46f914bb2b7779d,65,17,15,2,linux,BFC
ede3e9d47cca565d96613bea9213eccf91c7a2a7,152,3,1,1,linux,BIC
76cdc5c5d99ce4856ad0ac38facc33b52fa64f77,18,0,0,2,linux,BFC
dfd2b74530e90831afdc4b361623de4be06018ea,1,0,0,1,linux,BIC
47a4fb46797016228198e63a7aa679841f80889c,0,17,0,1,linux,BFC
bc8784f348836ab8967e6116486c5079c7025999,0,0,3,1,linux,BFC
74c3354bc1d89d53e8da2dcc6f9f6bfc28b2900f,13,2,2,1,linux,BIC
f4c63ea91c6f6d9a1a3062071ff6cc4910ebb8a9,0,6,0,1,linux,BFC
8f48de49795ca52f70c96558ccc6a0c174504779,25,18,3,1,linux,BFC
4721031c3559db8eae61df305f10c00099a7c1d0,409,388,2,22,linux,BIC
230c079fdcf45efacd316a76c3132b9f42cd3565,0,0,9,4,linux,BIC
8fd524b355daef0945692227e726fb444cebcd4f,1,6,23,5,linux,BIC
d2182a660808d9053a605e3ebc8c46a323ec6e5d,2,0,2,1,linux,BIC
8d3d7e2b35ea7d91d6e085c93b5efecfb0fba307,7,2,7,3,linux,BIC
5fa5b16be5b319184378870467352eab6700b1de,0,2,1,1,linux,BIC
234ff0b729ad882d20f7996591a964965647addf,8,0,6,2,linux,BFC
42de9ad400afadd41ee027b5feef234a2d2918b9,18,0,1,1,linux,BIC
2c1ccc993707ecb0830ef0aebb7c8061f7704aa3,0,0,1,1,linux,BFC
bd8036eb15263a720b8f846861c180b27d050a09,7,0,0,1,linux,BFC
103a07d4278203d6299798cd74cdc4d209801cac,0,0,2,1,linux,BFC
7514e3688811e610640ec2201ca14dfebfe13442,0,0,1,1,linux,BFC
008cfe4418b3dbda2ff820cdd7b1a5ce458ae444,17,0,0,3,linux,BIC
1edf8abe04090c4f41a85e42c66638be1ee69156,1,0,1,1,linux,BFC
2315ec12ee8e8257bb335654c62e0cae71dc278d,4,4,1,1,linux,BFC
061870800efb4e3d1ad4082a2569363629bdfcfc,2,0,2,1,linux,BFC
67a95e2022c7f0405408fb1f910283785ece354a,4,0,0,1,linux,BIC
46f934c9a12fc565fe2ae82c709162fa002a2998,62,0,1,1,linux,BIC
3bce7703c7ba648bd9e174dc1413f422b7998833,9,0,1,1,linux,BFC
ad3e14d7c5268c2e24477c6ef54bbdf88add5d36,6,7,0,1,linux,BIC
70e4da7a8ff62f2775337b705f45c804bb450454,0,1,4,1,linux,BFC
71389703839ebe9cb426c72d5f0bd549592e583c,28,27,3,5,linux,BIC
30d085039314fcad2c2e33a2dfc8e79765ddf408,0,0,4,1,linux,BFC
67fecaf8e9cc28812042f61194ac0e0a9737f897,2,0,2,1,linux,BFC
641e0efddcbde52461e017136acd3ce7f2ef0c14,0,1,1,1,linux,BFC
f0d9c8924e2c33764dca0c3a4f693a345ecf6579,1963,0,0,4,linux,BIC
9c80e79906b4ca440d09e7f116609262bb747909,1,0,4,1,linux,BFC
2ec6f20b33eb4f62ab90bdcd620436c883ec3af6,42,7,12,5,linux,BFC
32d31c79a1a4fbc48aab594a4dc9ffa087ab59a3,1739,0,0,1,linux,BIC
423852f89034492cc40920c00908f6de7d2dbe4f,16,0,9,2,linux,BFC
42e85f90171a4ba59a1e1cedbbc30ce3f68f2317,0,1,0,1,linux,BFC
91f4acb2801ce4985483b0fa174bbe995d105417,7,0,5,2,linux,BIC
80fcaf46c09262a71f32bb577c976814c922f864,12,0,3,2,linux,BIC
1b5853dfab7fdde450f00f145327342238135c8a,0,0,2,1,linux,BFC
4c461d89db4f8f40509b044b0daf3ac6edf4fbd7,1037,0,1,3,linux,BIC
7ad28e0df7ee9dbcb793bb88dd81d4d22bb9a10e,2,0,1,1,linux,BFC
8f9cc1ee296275d27770245cbd247a4952bbb2be,0,0,1,1,linux,BFC
1944015fe9c1d9fa5e9eb7ffbbb5ef8954d6753b,0,0,2,1,linux,BFC
f81134163fc785622f58af27363079ba1de7c7aa,0,1,22,1,linux,BIC
24bce201d79807b668bf9d9e0aca801c5c0d5f78,273,0,0,3,linux,BIC
c1b16b45607976c76a3c41b8a319172b8b83f996,3,0,1,1,linux,BFC
cc8e8342930129aa2c9b629e1653e4681f0896ea,5,0,0,1,linux,BFC
0be0bfd2de9dfdd2098a9c5b14bdd8f739c9165d,26,4,22,2,linux,BIC
76f7dec08fd64e9e3ad0810a1a8a60b0a846d348,5,0,4,1,linux,BIC
9d32e4e7e9e11b1dd0ed0d6c294258879ac4d1af,147,1,12,3,linux,BIC
f979b13c3cc51584882bffa32965f34e5afa3b9b,49,4,8,4,linux,BIC
1e4854e96c356288a80a0dcd35aa8240df1156c3,796,0,1,4,linux,BIC
d36d4a1d75d2a8bd14ec00d5cb0ce166f6886146,2,1,0,1,linux,BFC
50a487e7719caa07e951dfcfd983b2c5517e2f76,3,23,65,37,linux,BIC
e682adf021be796940be6cc10c07be7f7398c220,14,0,6,2,linux,BIC
c7a402599504384efe0e5232a4c78cb8eb7cb3d0,46,15,20,1,linux,BIC
70605ea545e88fd5106545c42cac33e5a8f54317,212,0,0,1,linux,BIC
58472f5cd4f6ff02488c8da3cdbf719e9dd21e48,127,0,5,3,linux,BIC
23d12335752fc08877d64719a679723d7e0a3962,98,0,56,1,linux,BFC
eb25cb9956cc9384b7fa0d75dec908c9fac8c444,9,0,12,5,linux,BIC
e5bca8c5d2cd3502c15170a57c81a7587a38e957,17,28,1,1,linux,BIC
c635eaacbf77bd6dae917925ef1e76d044b0da07,1,10,11,4,linux,BIC
bca5f557dcea50a32ba789c4b4a438af7f49a61f,0,2,5,2,linux,BIC
19e38336d71d22e27b60e70334ad572d4e3d0042,2,0,0,1,linux,BFC
cc88116da0d18b8292f5437dbc0c4683c8a34ac1,35,0,3,3,linux,BIC
7b87ea704fd9606eaafa9150116536d72f5c4b1f,323,0,0,2,linux,BIC
237483aa5cf43105d148d3f03b29eed47c3e6cf9,947,0,0,3,linux,BIC
aaf45bd83eba804adfa5c4ff5b17ca0c88884c6f,53,53,97,2,linux,BIC
e5b1c6c6277d5a283290a8c033c72544746f9b5b,0,4,2,1,linux,BFC
0dd5759dbb1c9a862e7d90c09d6cf398c45f1100,0,1,0,1,linux,BIC
e13d918a19a7b6cba62b32884f5e336e764c2cc6,4,0,9,1,linux,BFC
fb8621d3bee88badeb25dccce0fb59ad145dba9e,9,0,5,1,linux,BIC
1b301e8343d24a7345bb84831f92e13afe6afeef,0,7,0,1,linux,BFC
5958d19a143eb229e9ece20bd4c781ad41cb7d24,10,0,10,1,linux,BIC
10c873334febaeea9aa0c25c10b5ac0951b77a5f,4,0,3,1,linux,BIC
4945af5b264fbdbdb5a9021b8a6a179d0c7a33b2,135,2,7,6,linux,BIC
7e56f627768da4e6480986b5145dc3422bc448a5,0,3,15,1,linux,BFC
7e956304eb8a285304a78582e4537e72c6365f20,2,0,0,1,linux,BFC
ce85aef570df406fc8cb360e7351024570ef7d4f,8,0,1,1,linux,BIC
c03d982670335d732e5d623af31c126387ae126a,58,12,21,5,linux,BFC
daa5c4d0167a308306525fd5ab9a5e18e21f4f74,6,0,0,1,linux,BFC
eecd6857709e08781e41f3eb0e0c669d9ca07d87,0,0,1,1,linux,BFC
feb3c766a3ab32d233aaff7db13afd9ba5bc142d,1,1,20,5,linux,BFC
e26b6d4341476f6944f57bb78fffcdf332c5948b,285,287,46,17,linux,BIC
e3793468b4660a9825eb3a149aab1bcd0de7a4f2,53,4,17,12,linux,BIC
33d72f3822d7ff8a9e45bd7413c811085cb87aa5,2,0,0,1,linux,BIC
06f6e365e2ecf799c249bb464aa9d5f055e88b56,1,0,0,1,linux,BFC
5857dbfabc15ae9e17fd5a355c4920b46295ff1f,0,0,1,1,linux,BFC
717902cc93118119a6fce7765da6cf2786987418,2,0,1,1,linux,BFC
70cd4c10b290dd77fff6dc702a9a2c8c679df121,2,0,3,2,linux,BFC
ef95a90ae6f4f21990e1f7ced6719784a409e811,0,0,3,1,linux,BFC
41b3588dba6ef4b7995735a97e47ff0aeea6c276,3,0,2,1,linux,BFC
6d717134a1a6e1b34a7d0d70e953037bc2642046,1,0,2,1,linux,BFC
b37f9e1c38017f35876df149033df6372ae3591d,14,0,8,1,linux,BIC
f8e28a0dec1dad2f68d754340dd80f1685941a4b,0,0,2,1,linux,BFC
f03c9b7884720973d1673fbb64f808897ca88a12,22,0,5,1,linux,BIC
8d0980704842e8a68df2c3164c1c165e5c7ebc08,30,0,0,1,linux,BFC
4d107d3b5a686b5834e533a00b73bf7b1cf59df7,18,34,4,1,linux,BFC
3b90f4072730c619809a0cbf597bf1b3bf76a2ec,4,4,0,1,linux,BFC
e43dcf20215f0287ea113102617ca04daa76b70e,18,1,3,1,linux,BFC
c99a259b4b5192ba30d37fe25f09632d4c52f5d7,25,0,0,3,linux,BIC
c0226eb8bde854e016a594a16f5c0d98aca426fa,2,0,3,1,linux,BFC
9e343e87d2c4c707ef8fae2844864d4dde3a2d13,0,8,61,1,linux,BIC
bf39c00a9a7f3cdb5ce7d6695d9f044daf8f0b53,4,0,0,1,linux,BIC
26f1fad29ad973b0fb26a9ca3dcb2a73dde781aa,7633,0,0,3,linux,BIC
ee1c27977284907d40f7f72c2d078d709f15811f,71,9,52,9,linux,BIC
29a25b9246f7f24203d30d59424cbe22bd905dfc,11,0,13,1,linux,BFC
59a3991984dbc1fc47e5651a265c5200bd85464e,0,1,1,1,linux,BFC
80b28791ff0416a472e5a555a4b6f5f39df2fc24,8,0,8,4,linux,BIC
1d5a474240407c38ca8c7484a656ee39f585399c,10,0,0,2,linux,BFC
e048cb32f69038aa1c8f11e5c1b331be4181659d,0,3,6,1,linux,BFC
eef347f846ee8f7296a6f84e3866c057ca6bcce0,0,1,0,1,linux,BFC
4320f6b1d9db4ca912c5eb6ecb328b2e090e1586,1,0,0,1,linux,BFC
10248dcba1205042a3a0ea65eb441030702d97cd,14,0,0,2,linux,BIC
aceeffbb59bb91404a0bda32a542d7ebf878433a,91,0,13,2,linux,BIC
6be88670fc59d50426f90f734a36b90e1de7d148,415,0,0,1,linux,BIC
0bee106716cfb2c6da81916b968395db22bd7755,11,0,0,2,linux,BIC
7a6a723e98aa45f393e6add18f7309dfffa1b0e2,0,1,0,1,linux,BFC
de5bfae2fd962a9da99f56382305ec7966a604b9,0,0,6,1,linux,BFC
9b8737788af6c76ef93e3161ee2cdc4ddcc034ca,16,0,16,1,linux,BFC
e6e22e6cc2962d3f3d71914b47f7fbc454670e8a,10,0,2,1,linux,BFC
594a30fb12424717a41c62323d2a8bf167dbccad,4,0,1,1,linux,BFC
d8a719059b9dc963aa190598778ac804ff3e6a87,33,55,1,4,linux,BFC
1adb1563e7b7ec659379a18e607e8bc3522d8a78,103,0,0,4,linux,BFC
70d932985757fbe978024db313001218e9f8fe5c,80,73,66,8,linux,BIC
24a63fe6d45d6527db5ab87bcd1da6921f10e89e,0,0,1,1,linux,BFC
ddefc033eecf23f1e8b81d0663c5db965adf5516,3,5,23,1,linux,BFC
efb74461f5a66c0004d0c13ef59c86bcf5961477,0,0,2,1,linux,BIC
d5929835080a60f9119d024fa42f315913942f76,26,0,3,1,linux,BFC
03b2cbb6ea3c73e08fcf72d9ef8e286c4dcbd1fe,0,0,2,1,linux,BFC
76f1017757aa0c308a0b83ca611c9a89ee9a79a4,238,0,0,1,linux,BIC
f47d0742515748162d3fc35f04331c5b81c0ed47,2,0,0,1,linux,BFC
00b7c2abb6a25437be472b9402feb90ab32798ae,0,0,2,1,linux,BFC
9c9c6d0ab08acfe41c9f7efa72c4ad3f133a266b,0,0,1,1,linux,BIC
8da58553cc63f6e9afcab0db033c79e554334c13,11,1,13,1,linux,BIC
30acf549ca1e81859a67590ab9ecfce3d1050a0b,0,0,1,1,linux,BFC
dbc97bfd3918ed9268bfc174cae8a7d6b3d51aad,25,0,15,2,linux,BIC
ef0bc2e83966b5aed055acb6d16a3788de5205f4,0,0,2,1,linux,BFC
9d29f14db1095f52ca00b8162b242d6fce07d19f,4,0,2,1,linux,BFC
7c5b019e3a638a5a290b0ec020f6ca83d2ec2aaa,0,0,1,1,linux,BFC
41d707b7332f1386642c47eb078110ca368a46f5,7,0,13,1,linux,BIC
4579a1ba692af81da7ea6ce197f8169ddc0c327f,9,0,3,1,linux,BFC
3b80d106e110d39d3f678954d3b55078669cf07e,0,0,1,1,linux,BFC
5829d70b0b6cd055e7a9af3abe573927e919e30b,6,0,6,1,linux,BIC
d4c9354b4015aa8d1b032c368682dd20a00f4e1f,0,0,2,1,linux,BFC
f3aefb6a7066e24bfea7fcf1b07907576de69d63,0,3,0,1,linux,BFC
ec233ede4c8654894610ea54f4dae7adc954ac62,120,0,0,3,linux,BIC
cee7413d84044a0c1919a7c70a2d761ae24390de,19,7,31,4,linux,BFC
da353fac65fede6b8b4cfe207f0d9408e3121105,10,6,5,2,linux,BFC
234055fd9728e6726787bc63b24b6450034876cf,171,2,4,1,linux,BFC
4b6b08f2e45edda4c067ac40833e3c1f84383c0b,0,0,3,1,linux,BFC
1195892c091a15cc862f4e202482a36adc924e12,2,0,0,1,linux,BFC
8af1c6fbd9239877998c7f5a591cb2c88d41fb66,2,0,0,1,linux,BFC
99f0c3807973359bba8f37d9198eea59fe38c32a,0,0,1,1,linux,BFC
ea25f914dc164c8d56b36147ecc86bc65f83c469,1,0,0,1,linux,BFC
993f0d93f8538c15bd5c12a1a9fd74c777efea1b,5,0,11,1,linux,BFC
8837cbbf854246f5f4d565f21e6baa945d37aded,22,0,0,4,linux,BFC
e59986de5ff701494e14c722b78b6e6d513e0ab5,0,0,1,1,linux,BFC
154298e2a3f6c9ce1d76cdb48d89fd5b107ea1a3,2,2,2,1,linux,BFC
25da4618af240fbec6112401498301a6f2bc9702,60,21,20,4,linux,BIC
ef78618b9d29d40c95ca7092493545b8487e226c,16,2,3,1,linux,BFC
1d148e218a0d0566b1c06f2f45f1436d53b049b2,1,0,1,1,linux,BIC
a6f7bfdc78ddd8d719d108fef973b4e4a5a6ac6b,12,0,9,1,linux,BFC
ffb0753b954763d94f52c901adfe58ed0d4005e6,40,12,5,3,linux,BFC
856e152a3c08bf7987cbd41900741d83d9cddc8e,12,16,2,1,linux,BFC
d08d42de6432d5064045159aed060e3db9fa7807,60,5,17,3,linux,BIC
2f4df0017baedd535254d987c6b10f855f1fb11f,2,0,0,1,linux,BIC
df006dd4b1dca8c486f73ae76fb77c06afae83f2,569,0,0,6,linux,BIC
cc92f6818f6e771d02ab5025262760d1a21aae95,43,0,0,1,linux,BIC
a0fd361db8e508b8ce71c284b5ae3961759a0b3b,34,241,13,15,linux,BIC
0123a75e1d57c3df31e536868339c98c02c14917,0,121,2,2,linux,BFC
0d1aadfe10ba17ebdeb96abb9638eb0f623f9b55,0,1,3,1,linux,BFC
886129a8eebebec260165741fe31421482371006,0,0,1,1,linux,BIC
8c328a262f513c042f97fcd2f2797a6d69fc0773,0,9,6,1,linux,BIC
ab2cbeb0ed301a9f0460078e91b09f39958212ef,0,0,1,1,linux,BFC
5333499c6014224756e97fa1a1047dfa592d76d3,2,0,1,1,linux,BFC
31d8b8d41a7e3e8db081972a63ef1de276ef8ab4,4,6,2,2,linux,BIC
f6697df36bdf0bf7fce984605c2918d4a7b4269f,34,0,23,1,linux,BIC
a48d189ef53146a8df132a327a637c4182f50a16,4,11,0,2,linux,BFC
cb6a115188500a448709df1f2d7698a4e1b7a099,0,1,0,1,linux,BFC
748164802c1bd2c52937d20782b07d8c68dd9a4f,2,0,7,2,linux,BFC
e10dcb1b6ba714243ad5a35a11b91cc14103a9a9,3,0,0,1,linux,BIC
bc70852fd10415cda727577f12ea93e502eb1027,0,7,4,1,linux,BIC
cc16eecae687912238ee6efbff71ad31e2bc414e,11,2,14,1,linux,BFC
ea2583529cd17ab313dfe3cabf2215f38c6399a7,83,26,3,2,linux,BIC
50ac7479846053ca8054be833c1594e64de496bb,5,0,0,1,linux,BFC
0b044a999e86ed1aa8791f8bd11a6d7083b33438,0,1,2,1,linux,BFC
6e5e959dde0d92d177f035652aeaa77f9330c9c6,135,23,161,6,linux,BIC
5e391dc5a8d801a2410d0032ad4a428d1d61800c,0,0,1,1,linux,BFC
371805522f870986144fcd88727a47858e364a2c,260,0,1,1,linux,BIC
4f8c6aba37da199155a121c6cdc38505a9eb0259,22,0,12,1,linux,BFC
cfe9011a05a8de56f97d15a24977639fe6534e9c,6,139,18,2,linux,BIC
29abfbd9cbba798a89c9f9f977d7d63bff5a5d04,18,8,1,7,linux,BIC
d0264c01e7587001a8c4608a5d1818dba9a4c11a,1,0,10,1,linux,BFC
efdf0e393e76aa18e9c2ec0ca9b3a71ad410994b,0,0,1,1,linux,BFC
a79f40cccd4644c32f6d5ae1ccf091a262e1dc57,41,0,1,2,linux,BFC
fdd10499de0dbcd2cdfe8108ed162bb00fe6f276,15,0,5,1,linux,BFC
c8cb5b854b40f2ce52ccd032fa19750f4181d5fc,535,0,17,7,linux,BIC
8222dbe21e79338de92d5e1956cd1e3994cc9f93,0,12,2,1,linux,BIC
9d9b1ee0b2d1c9e02b2338c4a4b0a062d2d3edac,8,1,6,6,linux,BFC
fa8dda1edef9ebc3af467c644c5533ac97171e12,588,0,2,4,linux,BIC
dfe11a11d52388576d78e307514f9020630505ac,1122,0,0,1,linux,BIC
88a172526c326b357eb6c19e0f90d8cf5bd4473d,521,0,0,2,linux,BIC
912cc87a654d3d30f5da6220489a97a5beb7d313,54,0,1,2,linux,BIC
fa9ad96d4905c3e2013bcce18c104108275c4c08,131,9,18,1,linux,BIC
1b66e94e6b9995323190f31c51d8e1a6f516627e,730,0,0,1,linux,BIC
08de214138cdea438a0dfcb10d355a6650c6017c,0,0,1,1,linux,BFC
622c36f143fc9566ba49d7cec994c2da1182d9e2,33,5,45,3,linux,BIC
6c1ee66a0b2bdbd64c078fba684d640cf2fd38a9,0,0,10,1,linux,BIC
dc1b3f657f25798b2dc9ed8928b80eb3183019a2,29,0,1,1,linux,BFC
7fbc3c373eefc291ff96d48496106c106b7f81c6,0,0,7,1,linux,BFC
5072010ccf0592950f7cfae0eb3c4008e8bf36f7,132,6,19,4,linux,BIC
0c9d5b127f695818c2c5a3868c1f28ca2969e905,2,0,0,1,linux,BIC
944b9a41e004534f3634335aa1d6bec16700028f,1,0,34,1,linux,BIC
51ce3e2145cc3927c9551b8c3623610114b41651,0,0,1,1,linux,BFC
3d23a05c75c7e2f45efb4f2550ce17a150c88b2d,11,0,1,1,linux,BIC
aa748949b4e665f473bc5abdc5f66029cb5f5522,1,0,4,1,linux,BFC
033853325fe3bdc70819a8b97915bd3bca41d3af,0,0,2,1,linux,BIC
db5dfbf5b201df65c1f5332c4d9d5e7c2f42396b,0,2,3,4,linux,BFC
9a7fe54ddc3a70a25a773cb1e275cb7f7d2c6526,5551,0,0,3,linux,BIC
1f7fe5121127e037b86592ba42ce36515ea0e3f7,0,0,3,2,linux,BFC
2efc021060c2aa55e1e8f7b98249d3ea63232fc7,0,0,2,1,linux,BFC
a14ef24b07b63669d58c16d836ddbadcce3e7ad0,0,0,1,1,linux,BFC
3cc3dd73c420dc70cd366f91a680035ef47edf4f,0,0,3,1,linux,BFC
00c8ebb360937bbc5da02929d62fcbf6a72801eb,0,0,3,1,linux,BFC
1b11e893eda0907fc9b28696271e2d9c4337e42d,1,60,20,1,linux,BIC
738678817573ce45698e1bb13222f2e53622c555,46,54,372,7,linux,BIC
173943b3dae570d705e3f5237110a64a28c0bf74,174,0,1,2,linux,BIC
afcd950cafea6e27b739fe7772cbbeed37d05b8b,1,0,2,1,linux,BIC
e745f992cf4b030ef73c5cdceecd03d9d3c727e9,249,174,23,2,linux,BIC
187ac53e590c87b9c3f967c601b062393dcd7a73,41,22,4,1,linux,BIC
fc6c7cd3878641fd43189f15697e7ad0871f5c1a,0,0,7,1,linux,BFC
c25badc9ceb612c6cc227a6fc4b0aaf678e3bcf9,0,3,2,1,linux,BFC
3282a3da25bd63fdb7240bc35dbdefa4b1947005,112,18,18,2,linux,BIC
5eb8c768f49361dfd72ac55c82051695b7ed5ee3,0,0,2,1,linux,BFC
3582dd291788e9441c3ba9047e55089edb98da5c,37,1,24,4,linux,BIC
659fefa0eb177ae7377206a7a5a59161b0668c58,304,34,38,1,linux,BIC
58b74555afc8affe4ae4f57d396349158433fc80,0,1,2,1,linux,BFC
f8ede0f700f5478851f242f291d203cde54ca6cf,498,0,1,8,linux,BIC
4abb951b73ff0a8a979113ef185651aa3c8da19b,4,0,0,1,linux,BIC
127aaef460ebb715f22d185db2b4d4149bd91c89,0,0,1,1,linux,BFC
fa9730b4f28b7bd183d28a0bf636ab7108de35d7,9,0,0,1,linux,BFC
8520f38099ccfdac2147a0852f84ee7a8ee5e197,71,0,10,1,linux,BIC
47e039413cacee70229ebbf6de5a8e3b27e6f057,25,0,6,2,linux,BFC
5ede3ada3da7f050519112b81badc058190b9f9f,4,0,0,1,linux,BFC
96c26e04581667e3cd17ed74c2fc3499afea49b8,0,0,2,1,linux,BFC
975bb8b4dc93364bb47fcdb58812fa6cb0accc81,20,0,0,3,linux,BIC
3ab33d6dc3e98e83b55732049e1d1d488207bb6d,39,0,6,1,linux,BIC
bc81426f5beef7da863d3365bc9d45e820448745,7,0,4,2,linux,BFC
dc7b8d98ac003c9f1e83a5f927c372dac6f114a1,4,0,0,1,linux,BFC
c5febea0956fd3874e8fb59c6f84d68f128d68f8,59,1,57,25,linux,BIC
c2096537d40f026672c4c6adfcd7247ce5799604,2,1,4,1,linux,BFC
2e11737a772b95c6587df73f216eec1762431432,0,0,1,1,linux,BFC
3ce465e04bfd8de9956d515d6e9587faac3375dc,6,0,0,1,linux,BFC
665bc53969d79af9cfd080e25b91b0415a2b5eec,16,40,127,3,linux,BIC
bd41c445b7b96e46efb799ff33bdf870479488cf,22,0,4,1,linux,BFC
473d924d7d46cb57aa4c1863261d18366af345af,14,0,2,2,linux,BIC
4af0e6e39b7ed77796a41537db91d717fedd0ac3,0,2,0,1,linux,BFC
e5e7010e5444d923e4091cafff61d05f2d19cada,0,3,0,1,linux,BFC
91b11610af8d61acd618ab1532cf34a4901fee1e,320,0,0,1,linux,BIC
11ffff752c6a5adc86f7dd397b2f75af8f917c51,16,21,1,2,linux,BFC
95bd09eb27507691520d39ee1044d6ad831c1168,61,0,7,6,linux,BIC
ddc502dfed600bff0b61d899f70d95b76223fdfc,6,0,3,1,linux,BFC
78becab98b8f2f7d22e615675d1a701a67a885af,1,0,4,1,linux,BFC
aff3fb18f957de93e629c7d3d2c4ef1f360aa511,233,155,32,6,linux,BIC
7ae61c5f16671ecaf23526feb6892c8249d0c2d7,14,0,0,2,linux,BFC
085461c8976e6cb4d5b608a7b7062f394c51a253,0,0,1,1,linux,BFC
9cc02ede696272c5271a401e4f27c262359bc2f6,4,0,15,1,linux,BFC
33e7a975103cebb20e7dee743adc8f9335958139,366,0,26,9,linux,BIC
f3b0946d629c8bfbd3e5f038e30cb9c711a35f10,15,0,0,3,linux,BIC
b0f60193632e4eab4c9663101bb435dd7bc27ae8,97,49,10,1,linux,BIC
2dd7e7bc02829eded71be2342a93dc035f5223f9,37,1,1,1,linux,BFC
856cb4bb337ee50427e2b8daaf3a8d61de8a4f44,2497,0,0,1,linux,BIC
fc3a69ec68d37dabaa0c2044197a01c4db7c8046,15,5,0,1,linux,BIC
09c8b9718a7af674036643fa2e0dbb2f09aba75e,1,0,1,1,linux,BFC
036c07c0c3b8a57d5c96e1f2aab62da0056f8f21,0,0,4,1,linux,BFC
2f606da78230f09cf1a71fde6ee91d0c710fa2b2,1,0,0,1,linux,BFC
5f543a54eec08228ab0cc0a49cf5d79dd32c9e5e,1,3,5,2,linux,BFC
f3eab7184ddcd4867cf42e3274ba24a66e1e093d,38,0,19,2,linux,BFC
0d66548a10cbbe0ef256852d63d30603f0f73f9b,1784,0,0,6,linux,BIC
4ebb15a15799da4954f1d4926fcd3263ea46e417,13,0,0,1,linux,BIC
67d6d681e15b578c1725bad8ad079e05d1c48a8e,14,0,16,1,linux,BFC
2b0219898b8684075ff66027551fb02ea12f652b,2,0,1,1,linux,BFC
ad9b10d1eaada169bd764abcab58f08538877e26,61,0,0,1,linux,BIC
0188b87899ffc4a1d36a0badbe77d56c92fd91dc,4,0,0,1,linux,BFC
a1e79188628580465ac6d7a93a313336ee3364f1,0,0,1,1,linux,BFC
3e29027af43728c2a91fe3f735ab2822edaf54a8,248,0,0,3,linux,BIC
f68d2b1b73cc3d8f6eb189c11ce79a472ed27c42,229,0,0,2,linux,BIC
1e1db2a97be57702fecd859efbe6e60fafc9b349,203,231,109,14,linux,BIC
f90be42fb383f39aa814b8e14de138da8973e5c1,1,14,5,1,linux,BIC
014562071c96524b518d4d3513fcde072c8e63b5,0,0,1,1,linux,BFC
3c4287f62044a90e73a561aa05fc46e62da173da,2105,0,0,3,linux,BIC
afcd666d9db0ebfbf2751cce1e07b548547ca82e,28,16,23,1,linux,BIC
ef8a2e27289ee1b24e743c4302a053b128e16284,21,2,2,1,linux,BFC
c943a586f6e49998b323afbd7f788afabf6ed89b,29,0,0,1,linux,BIC
b5ce31b5e11b768b7d685b2bab7db09ad5549493,0,0,1,1,linux,BFC
54505a1e2083fc54cbe8779b97479f969cd30a00,90,0,22,2,linux,BFC
6de7dd31ded078b31a3812a46d8874f871b4e82f,18,0,1,1,linux,BFC
ddfd534528146660de75ee84d6db10f10e778f95,16,0,10,3,linux,BFC
6f6aea7e966cda5a817d091e938c2d9b52209893,6,0,0,1,linux,BFC
46ebb7af7b93792de65e124e1ab8b89a108a41f2,3,0,3,1,linux,BFC
fbe96f29ce4b33e0a22219cc7f5996d9157717e3,1259,1,34,11,linux,BIC
902eb748e5c3d32ad955eef439e0911905758166,8,34,35,2,linux,BIC
6c4e79d99e6f42b79040f1a33cd4018f5425030b,11,6,13,5,linux,BFC
86c3a3e964d910a62eeb277d60b2a60ebefa9feb,0,0,4,1,linux,BIC
3e081438b8e639cc76ef1a5ce0c1bd8a154082c7,9,0,0,1,linux,BFC
ba8fb6c844553950b6e646a4e2f711a7b2ec20ad,1,0,0,1,linux,BFC
4bb3f73a2da740e38f2e418bd0c468826046687a,0,0,1,1,linux,BFC
af36370569eb37420e1e78a2e60c277b781fcd00,0,0,1,1,linux,BFC
ff06e45d3aace3f93d23956c1e655224f363ebe2,0,0,2,1,linux,BFC
602e57c9799c19f27e440639deed3ec45cfe1651,0,0,3,1,linux,BIC
1d8e5b0f3f2c6d05697f8192aac7255e6be1e715,15,0,0,2,linux,BIC
d6de3097592b7ae7f8e233a4dafb088e2aa8170f,28,0,0,2,linux,BIC
5df099e8bc83f4f3af8711ee0b9b8faef359ffff,158,0,1,9,linux,BIC
69b3e546139a21b3046b6bf0cb79d5e8c9a3fa75,0,0,7,1,linux,BIC
b36f09c3c441a6e59eab9315032e7d546571de3f,93,0,1,2,linux,BIC
71e2f4dd5a65bd8dbca0b77661e75eea471168f8,3158,0,2,55,linux,BIC
35e4c6c1a2fc2eb11b9306e95cda1fa06a511948,6,0,3,1,linux,BFC
687a2e76186dcfa42f22c14b655c3fb159839e79,0,0,1,1,linux,BFC
dcf068da7eb29362adf13f20e5c44a18d98ed9a3,11,2,5,1,linux,BIC
32a25f2ea690dfaace19f7a3a916f5d7e1ddafe8,6,2,1,1,linux,BFC
70cd94e60c733e3afc18b0e6aab789c13b5571da,54,0,2,1,linux,BIC
8c82d6ec5abcf9691d37f329bf5f42f6868405db,2,0,1,1,linux,BFC
1b5c7ef3d0d0610bda9b63263f7c5b7178d11015,1,0,0,1,linux,BFC
45d58b40292b16ab847497dcd299e315a2ad7956,104,0,0,5,linux,BIC
5b54dac856cb5bd6f33f4159012773e4a33704f7,471,1,33,4,linux,BIC
fe32d3cd5e8eb0f82e459763374aa80797023403,10,6,12,5,linux,BFC
211ed630753d2f0553ff642346e9995503bc240d,520,0,0,1,linux,BIC
540623caa6c769d9d19e6044949f5fa2fe1a33a6,15,0,14,4,linux,BFC
a657182a5c5150cdfacb6640aad1d2712571a409,1,3,3,1,linux,BFC
00720f0e7f288d29681d265c23b22bb0f0f4e5b4,1,16,7,2,linux,BFC
d22524a4782a943bb02a9cf6885ac470210aabfc,18,12,21,6,linux,BIC
3d1d57debee2d342a47615707588b96658fabb85,0,16,0,2,linux,BFC
57fb32e632be4d406b4594829e3befdae1100c12,15,0,0,2,linux,BIC
903882c767051a17c1535b2a820e2931ee44b8fb,0,0,2,1,linux,BFC
492b200efdd20b8fcfdac873f3cd8d4902386581,91,0,0,2,linux,BIC
6d5f26f2e045f2377b524516194657c00efbbce8,11,1,14,1,linux,BIC
a87036add09283e6c4f4103a15c596c67b86ab86,8,9,9,3,linux,BIC
4e8975cbb516c5e4d1a5d026ffab1638409447d5,0,0,2,1,linux,BFC
14f4946d55d335692462f6fa4eb4ace0bf6ad1d9,36,0,2,2,linux,BFC
063345aede9905beb9b73129da7a0e9d5933b078,1,0,0,1,linux,BFC
75353bcd2184010f08a3ed2f0da019bd9d604e1e,3,12,6,1,linux,BFC
ff9f9c6e74848170fcb45c8403c80d661484c8c9,1,0,1,1,linux,BFC
bcd66b10b5e956b3e81f76a61abfed2501ff4038,0,0,0,1,linux,BFC
bc715ee4dbc5db462c59b9cfba92d31b3274fe3a,0,12,2,1,linux,BFC
52dfd86aa568e433b24357bb5fc725560f1e22d8,48,0,0,1,linux,BFC
044a43256a357e43bb3669ed46346f273a8d3e9c,21,11,3,1,linux,BIC
a41cdb693595ae1904dd793fc15d6954f4295e27,2,0,4,1,linux,BFC
f4fd84ae0765a80494b28c43b756a95100351a94,1,0,1,1,linux,BFC
6e7545ddb13416fd200e0b91c0acfd0404e2e27b,0,0,1,1,linux,BFC
b8f95e5d13f5f0191dcb4b9113113d241636e7cb,18,0,4,3,linux,BIC
f41e57af926ad840d114439d34cafc0533bf25f0,0,0,1,1,linux,BFC
290271de34f6c22ec2337e3293224575459747d6,5,0,7,1,linux,BIC
f59a66c1915e644c0f77de894dac0ce15f7edad4,0,0,1,1,linux,BFC
e6fa8a79fe03e1734c26287474b1ac09287fdeb7,2,2,5,1,linux,BFC
5cad5a507241b4b72b7cad27cf769ac645e53d45,0,0,1,1,linux,BFC
3aff9b5492475621e13ca83bdbf3dc8b823fc5a3,0,0,16,1,linux,BFC
5951a2b9812d8227d33f20d1899fae60e4f72c04,45,12,11,3,linux,BIC
bf2aebccddef890c4385d1ef19f9fee62d51bcc2,10,0,0,2,linux,BFC
fe94bac626d9c1c5bc98ab32707be8a9d7f8adba,8,0,0,1,linux,BFC
9a08ecfe74d7796ddc92ec312d3b7eaeba5a7c22,0,10,3,4,linux,BIC
9abc44ba4e2f27c4d8db8cbe7e9b180c9f37e921,3,12,3,4,linux,BIC
9c974c77246460fa6a92c18554c3311c8c83c160,10,0,7,2,linux,BFC
09c438139b8f5b832823db2e2a8a29f990647fc5,32,1,3,1,linux,BIC
32c92c15ad3dca6f7cca8643766ad79fa3ab3d17,0,1,0,1,linux,BFC
b48c24c2d710cf34810c555dcef883a3d35a9c08,4753,0,0,3,linux,BIC
5b79bcdf03628a3a9ee04d9cd5fabcf61a8e20be,0,0,2,2,linux,BIC
da379f3c1db0c9a1fd27b11d24c9894b5edc7c75,9,13,39,2,linux,BIC
c1932cdb275e65cbef2f230f0df0c490fdd03c62,13,0,0,1,linux,BIC
8a0ed250f911da31a2aef52101bc707846a800ff,5,2,1,1,linux,BIC
7ef3d06f1bc4a5e62273726f3dc2bd258ae1c71f,3,27,9,3,linux,BFC
525e2f9fd0229eb10cb460a9e6d978257f24804e,1,0,2,1,linux,BFC
bbc8a99e952226c585ac17477a85ef1194501762,1,0,1,1,linux,BFC
6ee334559324a55725e22463de633b99ad99fcad,0,0,1,1,linux,BFC
f01f5559cac89e57f2420aa77abf35f2e7b09104,9,6,12,2,linux,BIC
89b34254bb61d0ad5c701413572cf3d993c9bff8,10,0,4,2,linux,BFC
ca5beb76c32af33e5be4e01c85c8bd5a067c4543,0,48,11,1,linux,BIC
a38d21488097f9823ebd297d56b24f431ee7acaa,3,0,0,1,linux,BFC
e14da77113bb890d7bf9e5d17031bdd476a7ce5e,0,0,6,1,linux,BFC
edbee095fafb4b727b51032bdc41e345f95bbc20,962,0,0,4,linux,BIC
149fc791a452df5e8fa155f553b3027a874adf62,176,0,6,1,linux,BIC
2eb150558bb79ee01c39b64c2868216c0be2904f,112,0,7,2,linux,BIC
6869e0004fe16184acd6488f0c637e0081a84a8a,3,0,1,1,linux,BFC
aef85b56c3c1693571940ebaee986c26a2dab99b,0,0,4,1,linux,BIC
e3f0cc1a945fcefec0c7c9d9dfd028a51daa1846,7,0,1,1,linux,BFC
7228918b34615ef6317edcd9a058a057bc54aa32,119,0,47,5,linux,BFC
01e99aeca3979600302913cef3f89076786f32c8,13,0,16,4,linux,BIC
c53a846c48f21c909102677c127ece94b1247668,98,0,1,2,linux,BIC
6691dffab0ab6301bb7b489b1dcf9f5efdef202f,98,0,1,2,linux,BIC
2e15ea390e6f4466655066d97e22ec66870a042c,191,3,25,6,linux,BIC
c56675750d7c45ce6cc21a67770629aaf41d1491,1,3,3,4,linux,BIC
ff06342cbca0ec2c0d5da8685d2691e2d0e9764a,2,0,2,2,linux,BFC
d052d1d685f5125249ab4ff887562c88ba959638,1,0,1,1,linux,BFC
0aa698787aa2a9e8840987e54ba2982559de6404,24,0,7,4,linux,BIC
c79ee2b2160909889df67c8801352d3e69d43a1a,25,1,3,1,linux,BFC
770911a3cfbb43b67b5ea3189b624e4fe2cb27c1,12926,182,0,7,linux,BIC
42e6cae1b35b186650f5abc7b24c20ab6986c5a0,4,0,2,1,linux,BFC
57d6567680edf9075d14b7fad9473e9c4a4b337e,64,0,0,1,linux,BIC
cf12e6f9124629b18a6182deefc0315f0a73a199,0,0,1,1,linux,BFC
1ff30dd85e63bbf4c83805d8830b85ef0824d271,0,0,2,1,linux,BFC
4153d789e299b29cbc57276d687c92f3a098e59b,4,0,3,1,linux,BFC
350a5c4dd2452ea999cc5e1d4a8dbf12de2f97ef,9,0,0,2,linux,BFC
95ca2cb57985b07f5b136405f80a5106f5b06641,506,0,0,8,linux,BIC
82d5902d9c681be37ffa9d70482907f9f0b7ec1f,219,2,17,9,linux,BIC
3f8601f0f5716c4e63a9f215bbc581df42859d61,0,0,2,1,linux,BFC
3d7d0c85e41afb5a05e98b3a8a72c38357f02594,4,0,1,1,linux,BFC
41191cf6bf565f4139046d7be68ec30c290af92d,2,0,6,1,linux,BFC
bad07ff74c32829defce8c83d7ff6ea69c329441,61,1,7,1,linux,BIC
c3f4ec050f56eeab7c1f290321f9b762c95bd332,2,0,1,1,linux,BFC
9472aff16ca0fd9351eea7773facef364743088f,4,0,31,1,linux,BFC
29148543c52146bbbb3f918c5312f6fb7eef21af,16,4,47,1,linux,BIC
93a3d05f9d68015f425c8f019c3ba1f489a0c0cd,25,0,3,2,linux,BIC
2a2361228c5e6d8c1733f00653481de918598e50,1,0,2,1,linux,BFC
1a7915501ca94a1f10288defe333cd5ade210b63,30,23,2,1,linux,BFC
58586680ffadc37636120d9f59955aa5f7a32b7d,15,0,0,2,linux,BIC
edeec420de2407618de097977e76b572d9de1bcf,35,0,5,1,linux,BIC
1b30dfd376e28e7f37eda5e2033f6823cdda222b,4,0,0,1,linux,BFC
a9a8344ee1714f835ba394077e8c13d751e2f148,7,7,7,4,linux,BIC
403271548a840dd4f884088d6333e09f899be5ff,1,0,1,1,linux,BFC
08d78658f393fefaa2e6507ea052c6f8ef4002a2,10,0,0,1,linux,BIC
f0c2982aaf98ff508b3a25ffabbb6e23ff7e6d9a,418,0,2,9,linux,BIC
a998a3db530bff8094476e82e28c801b09f7aa9e,2,7,20,1,linux,BIC
0fcc2bdc8aff6e7feb3222930edb78b4b820cd3e,93,0,0,2,linux,BIC
290df4d3ab192821b66857c05346b23056ee9545,0,0,4,1,linux,BFC
edef1ef134180149694b86386277076f566d165c,5,0,2,1,linux,BFC
b09763da4dd8434171c63b32e0b89cf3d689f4b9,6,0,0,1,linux,BIC
712f210a457d9c32414df246a72781550bc23ef6,2,0,1,2,linux,BFC
a882d20cdb7775ff8b4aac880255eff6a2c1c85e,2,0,1,1,linux,BFC
170a9e341a3b02c0b2ea0df16ef14a33a4f41de8,7,0,1,1,linux,BFC
9a23fcf79dc647627b3780284a156cc6e7bbd7c4,4,0,2,2,linux,BFC
12d6066c3b29c5606c4a2466f964fbd9ede803c5,31,0,4,2,linux,BIC
0419d8c9d8f8d825576a41b2bb1e6043f34d1ae0,374,0,7,8,linux,BIC
3a91d29f20276fa7cd4d0c9c7f3e78b30708159d,2,0,1,1,linux,BFC
14a2de14dc0619bf926c56cd12e29e0245d12abc,0,15,4,1,linux,BIC
0c36ec31473593aa937ff04f3b3b630e81512734,348,0,0,2,linux,BIC
d2c8ac187fc922e73930a1b2f6a211e27f595d01,497,0,21,2,linux,BIC
5c5ec66858062a857cf51f57cbe52b36330f7ae6,7,0,0,3,linux,BIC
81fa6fd13b5c43601fba8486f2385dbd7c1935e2,3,0,1,1,linux,BFC
213f428f5056affa627056a5953eec58e3adf5a3,219,2,27,1,linux,BIC
a860352e9dd02552e04a0503d0982cf9a4d3a0f4,3,0,0,1,linux,BFC
e7a04894c766daa4248cb736efee93550f2d5872,2,0,1,1,linux,BFC
a11ddb37bf367e6b5239b95ca759e5389bb46048,6,0,6,3,linux,BFC
cb81698fddbcc9a3ee75857e99dfc29caa96135b,9,8,5,1,linux,BFC
f9bb2da11db805fca899a18d7d1bb97860fc2cd5,465,13,6,5,linux,BIC
1ea7812326004afd2803cc968a4776ae5120a597,16,0,0,2,linux,BFC
14bc241443e126c62fcbf571b7d4c79740debc58,0,2,1,1,linux,BFC
13c9d934a5a1d04f055c20c2253090e9afd9a5d1,0,0,1,1,linux,BFC
7c6a4f3b1641195119ddbb531200f4dc4cecbafa,0,0,1,1,linux,BFC
bb2bc55a694d45cdeda91b6f28ab2adec28125ef,3,0,0,1,linux,BFC
b6cdf09f51c20a25b7952773b61116452de66189,210,0,2,7,linux,BIC
fe87bef01f9be5d968badb35648a527fa37888c1,0,0,1,1,linux,BIC
130d9c331bc59a8733b47c58ef197a2b1fa3ed43,0,0,3,1,linux,BFC
9fbf082f569980ddd7cab348e0a118678db0e47e,2,2,0,1,linux,BFC
00c43088aa680989407b6afbda295f67b3f123f1,2208,0,0,6,linux,BIC
119a3cb6d687259f2be333351c1c5d634204e68b,213,4,0,3,linux,BIC
4945f1fdc14ef090abe50d1b5682bfc1e4763c06,0,0,1,1,linux,BFC
8937d762396d22bdb59f02732a66db6b58e746b1,35,0,1,1,linux,BIC
96264230a6817bcd4a7ae0fc30c60bfb46499f68,0,0,1,1,linux,BFC
3e1f02123fba086d32dfd5729e6f4e2b54654acc,429,2,1,3,linux,BIC
6459ae386699a5fe0dc52cf30255f75274fa43a4,1,0,0,1,linux,BFC
033ddf12bcf5326b93bd604f50a7474a434a35f9,274,10,20,4,linux,BIC
2657e16d8c52fb6ffc7250b0b6536f93886e32d6,4,0,0,1,linux,BFC
8cced9eff1d413c28efac9c5ac5a75793c9251cf,0,16,0,1,linux,BIC
d1ff2559cef0f6f8d97fba6337b28adb10689e16,1,0,0,1,linux,BFC
e3de300d1212b42aa9d0d6031b12fca06ac00dd9,2,0,2,1,linux,BFC
15381bc7c7f52d56f87c56dd7c948ad78704b852,56,0,0,4,linux,BIC
df446f7e6ec0ed474dab2e6f19e4618116907f29,0,0,1,1,linux,BFC
45fb6b6f2aa3f6b22b81078db0dba4b26c9d0bdb,720,0,0,1,linux,BIC
6172180c6b37ea164bf8a9bad70bb348d0a16563,0,0,1,1,linux,BFC
5c57c099f442acab13129c9e15ad2a0c31151c98,3,4,0,1,linux,BFC
5738d49fa47e0046050f5e62e4921d667b7ee3c3,0,0,2,1,linux,BFC
71ab8323cc357c68985a2d6fc6cfc22b1dbbc1c3,0,0,1,1,linux,BFC
1a1c116f3dcf1658ee1e395bd13a556187d547f2,0,15,6,1,linux,BIC
c876ad7682155958d0c9c27afe9017925c230d64,17,1,3,4,linux,BIC
6e962bfe56b99843ab716dc8a9438039476c99e2,2,0,0,1,linux,BIC
d1dec0cae5539d678c1e265ba4fcf783c8ec4733,1,0,0,1,linux,BFC
60de2d2dc284e0dd1c2c897d08625bde24ef3454,5,0,0,1,linux,BFC
effbf6ca7eafdadbb8a423ce40886d364632bbca,0,2,0,1,linux,BIC
0f26922fe5dc5724b1adbbd54b21bad03590b4f3,1,0,2,1,linux,BFC
5fcfb6d0bfcda17f0d0656e4e5b3710af2bbaae5,0,0,4,1,linux,BIC
b69dd5b3780a7298bd893816a09da751bc0636f7,0,0,2,2,linux,BFC
36cd0e696a832a00247fca522034703566ac8885,13,0,5,2,linux,BFC
290ffeafcc1a953aa287c8a7bf7f6d9af25b7e77,1522,0,9,25,linux,BIC
6680427791c94e611220a6cb34ae47dac9e3aa98,13,64,13,2,linux,BIC
e3d4571955050736bbf3eda0a9538a09d9fcfce8,6,1,2,1,linux,BFC
5e5168461c22c8738d31d4ee12a5cbc2ab0aa440,334,2,5,4,linux,BIC
488f94d7212b00a2ec72fb886b155f1b04c5aa98,50,0,12,6,linux,BIC
03fc7f9c99c1e7ae2925d459e8487f1a6f199f79,36,10,16,5,linux,BIC
50ff477a8639fa1fbbeecb5a6f2f8b6c5557ecec,352,0,4,6,linux,BIC
bee1abc9cc021f50b90f22a589d9ddc816a80db0,0,0,1,1,linux,BFC
139d3a212a1f009251ffaef174c0638f646dbae8,58,6,16,1,linux,BIC
8c0826756744c0ac1df600a5e4cca1a341b13101,9,0,2,1,linux,BFC
ebb11d1d9fe2d6b4a47755f7f09b2b631046e308,0,0,1,1,linux,BFC
a8811ec764f95a04ba82f6f457e28c5e9e36e36b,164,0,16,2,linux,BIC
b61fbc887af7a13a1c90c84c1feaeb4c9780e1e2,16,0,11,1,linux,BFC
57deb8fea01f732d83711ab3b3310204d0026ba8,0,12,1,1,linux,BIC
fbc571290d9f7bfe089c50f4ac4028dd98ebfe98,3,0,1,1,linux,BFC
950271d7cc0b4546af3549d8143c4132d6e1f138,0,0,1,1,linux,BFC
aacb455dfe01b7a24a792a2fbe7a04112ce8321d,41,0,0,1,linux,BFC
7724105686e718ac476a6ad3304fea2fbcfcffde,57389,0,0,53,linux,BIC
72f1aa6205d84337b90b065f602a8fe190821781,2,0,0,1,linux,BFC
5dc1ef858c12f865e3676727e03519bece4ce6c1,104,1,16,6,linux,BIC
2119bda642c49c732409574ce699e4845e95df48,10,0,3,1,linux,BIC
87ab207981ec54dc2f2a1511cd2fbfc9bc6599ec,54,12,4,1,linux,BIC
f9e61d365bafdee40fe2586fc6be490c3e824dad,1,0,6,1,linux,BFC
3ac70bfcde812b1b97d8a88a832df59941fa293f,19,0,12,3,linux,BIC
6988f31d558aa8c744464a7f6d91d34ada48ad12,11,0,2,1,linux,BFC
04e6863b19c72279bcbeffa26d85d649ab9c8205,20,0,13,3,linux,BIC
57116ce17b04fde2fe30f0859df69d8dbe5809f6,14,0,2,1,linux,BFC
f45d1225adb0479478cee989e2ae2d7d2c62b31b,39,12,12,2,linux,BIC
75bcbd6913de649601f4e7d3fb6d2b5effc24e9e,1,0,3,1,linux,BFC
21ee543edc0dea36ab58d24523fcd42b8a270df8,14,0,11,1,linux,BIC
4e50573f39229d5e9c985fa3b4923a8b29619ade,1,0,1,1,linux,BFC
f97bb5272d9e95d400d6c8643ebb146b3e3e7842,15,1,0,1,linux,BFC
1a2dcbdde82e3a5f1db9b2f4c48aa1aeba534fb2,0,0,1,1,linux,BFC
d2aaa8d8bfba93237ac944ee058fb98e2c2ef983,17,26,13,3,linux,BFC
aae32b784ebdbda6f6055a8021c9fb8a0ab5bcba,0,0,4,1,linux,BFC
481f17c41803985446fd12887b2c042f9c43b0d5,7,0,3,1,linux,BIC
c1995e5afaf6abf3922b5395ad1f4096951e3276,4,0,0,1,linux,BFC
b9979db8340154526d9ab38a1883d6f6ba9b6d47,0,0,1,1,linux,BFC
280c0f7cd0aa4d190619b18243110e052a90775c,6,0,1,1,linux,BFC
ac1788cc7da4ce54edcfd2e499afdb0a23d5c41d,1,0,2,1,linux,BFC
72a0b329114b1caa8e69dfa7cdad1dd3c69b8602,4,0,3,1,linux,BFC
9a34af4a33270acbd60a85f819553463866aecbb,54,39,31,2,linux,BIC
bfccd9a71a08627bcccd40277967516ddd9d5db2,0,0,1,1,linux,BIC
ff1f48ee3bb3af226f1f8993af0103794b4d4eab,78,92,16,1,linux,BIC
2afe72ead5ab672c8012bda83cbe65f8145568e0,0,13,4,1,linux,BFC
2bb4b98b60d7dc89fc0a5bb64534be348ab654df,401,0,0,1,linux,BIC
06fb9336acdc388d186e943319d6a211dab06300,0,24,31,1,linux,BIC
438cc81a41e8c2905d0f4f300d4690445b2ab240,34,0,0,3,linux,BIC
240001d4e3041832e8a2654adc3ccf1683132b92,0,0,1,1,linux,BFC
d30d3d5f58c4b328513204dfb7dd7ed1a125195f,0,0,4,1,linux,BFC
09731280028ce03e6a27e1998137f1775a2839f3,85,0,9,2,linux,BIC
0a5ad4322927ee4aaba6facc0e4faf1ab6c0d48e,1,3,2,1,linux,BFC
3593030761630e09200072a4bd06468892c27be3,0,2,2,1,linux,BIC
d2fa0c337d97a5490190b9f3b9c73c8f9f3602a1,0,0,1,1,linux,BFC
a34cd9dfd03fa9ec380405969f1d638bc63b8d63,0,0,3,1,linux,BFC
82a06429ae215b39320e925dfae72419865d6029,0,0,1,1,linux,BFC
35adf9a4e55e0b0a9d5e313e65ad83681dc32e9a,9,0,3,1,linux,BFC
b14c8e6afd873cae97060272efaac376efec77a4,0,0,1,1,linux,BFC
32def4120e4876b5367ad58eb3a641bf6915979b,98,14,26,10,linux,BIC
10df5a13ac6785b409ad749c4b10d4b220cc7e71,0,0,2,1,linux,BFC
e6ea2d16fc615e82bbd9c022c6a4302f22f418bf,248,0,0,2,linux,BIC
b0d65a8cbcb097d2110885c3660add97b0125867,3,0,0,1,linux,BFC
652e7df485c6884d552085ae2c73efa6cfea3547,1,0,1,1,linux,BFC
e029f541039ff0768960ede62b946bcf4a163dec,0,1,2,1,linux,BFC
59cd826fb5e7889515bf5771e295e0624c348571,19,1,4,3,linux,BFC
e11c4e088be4c39d17f304fcf331670891905f42,1,0,2,1,linux,BFC
7cbf9d017dbb5e3276de7d527925d42d4c11e732,1,0,1,1,linux,BIC
736de651a83640c3a7597926625e48c882df8efa,43,0,0,3,linux,BIC
2d070eab2e8270c8a84d480bb91e4f739315f03d,95,0,8,5,linux,BIC
ec8add2a4c9df723c94a863b8fcd6d93c472deed,8,8,1,1,linux,BFC
b91c3e4ea756b12b7d992529226edce1cfd854d7,517,42,36,4,linux,BIC
7d6d4aaf2809f209c7d6bcab2f9ae76797051cfa,0,3,3,1,linux,BFC
773ca82fa1ee58dd1bf88b6a5ca385ec83a2cac6,46,0,3,2,linux,BIC
fadead80fe4c033b5e514fcbadd20b55c4494112,17,8,10,3,linux,BFC
95cca2b44e54b00a3ed6ed7dc869717cd6807e81,8,2,3,4,linux,BIC
1daa8790d0280d2c719658e39bd59fce65efa909,0,1,2,1,linux,BFC
57ff2df1b952c7934d7b0e1d3a2ec403ec76edec,12,11,2,1,linux,BFC
4a26aafe4886a4ec9965171c280ce16df30dc362,0,0,2,1,linux,BFC
be45bf5395e0886a93fc816bbe41a008ec2e42e2,11,1,4,1,linux,BFC
43fc9396cac3f7498e07a22e6a987b911462fa58,0,0,1,1,linux,BFC
07b26c9454a2a19fff86d6fcf2aba6bc801eb8d8,49,6,20,6,linux,BIC
7c6a329e444725f24c02192ac493d8a7cd9fa638,3,0,0,1,linux,BIC
7302b9d90117496049dd4bfa28755f7c2ed55b27,1285,0,0,1,linux,BIC
f5aac71c032719ef9159dae10bc83192bddd2424,123,0,0,2,linux,BIC
43fe8b8eb81eee713400340716cf945f59d21496,8,0,8,1,linux,BFC
966af20929ac24360ba3fac5533eb2ab003747da,0,0,1,1,linux,BFC
8cdb15924252e27af16c4a8fe0fc606ce5fd04dc,3,0,5,1,linux,BFC
a54895fa057c67700270777f7661d8d3c7fda88a,0,18,39,8,linux,BIC
bdb85cd1d20669dfae813555dddb745ad09323ba,68,33,20,4,linux,BIC
a7e8de822e0b1979f08767c751f6c8a9c1d4ad86,1,0,0,1,linux,BFC
c9386bfd37d37f29588de9ea9add455510049c33,1,0,0,1,linux,BFC
33d99113b1102c2d2f8603b9ba72d89d915c13f5,10,0,2,1,linux,BIC
34a4c95abd25ab41fb390b985a08a651b1fa0b0f,5,0,1,1,linux,BFC
f51778db088b2407ec177f2f4da0f6290602aa3f,1,0,0,1,linux,BFC
43b9e127406079d187794a5140a2411fbc6df2df,12,0,8,4,linux,BIC
3d4725194de6935dba2ad7c9cc075c885008f747,4,0,3,1,linux,BFC
7cb0d6c17b96b8bf3c25de2dfde4fdeb9191f4c3,42,0,4,4,linux,BIC
f3c4ebe65ea149ec892f94474233cfebe9cbe299,98,9,38,6,linux,BIC
01e31bea7e622f1890c274f4aaaaf8bccd296aa5,2,2,1,1,linux,BFC
fc40724fc6731d90cc7fb6d62d66135f85a33dd2,0,3,2,1,linux,BFC
a08bf91ce28ed3ae7b6fef35d843fef8dc8c2cd9,0,0,2,1,linux,BIC
2f7ee2a72ccec8b85a05c4644d7ec9f40c1c50c8,0,0,1,1,linux,BFC
babbbdd08af98a59089334eb3effbed5a7a0cf7f,0,0,1,1,linux,BFC
ccb4214f7f2a8b75acf493f31128e464ee1a3536,3,0,8,1,linux,BFC
f41b233de0ae32b836b6ebadfe37017507077ea4,0,0,1,1,linux,BIC
fa812ce96a46efc27cae4dcad866aaee9cb25d28,7,0,7,2,linux,BFC
128f6ec95a282b2d8bc1041e59bf65810703fa44,2,0,1,1,linux,BFC
94160108a70c8af17fa1484a37e05181c0e094af,51,10,9,2,linux,BIC
3d1e236022cc1426b0834565995ddee2ca231cee,0,0,3,1,linux,BIC
5d704992189fe8683a23f583a2f4f137a9b9d28b,30,0,0,1,linux,BIC
afece3ab9a3640f9c1e064f56c8cdd4d783f6144,35,0,0,2,linux,BIC
66841672161efb9e3be4a1dbd9755020bb1d86b7,3,1,0,1,linux,BFC
0b41ce991052022c030fd868e03877700220b090,0,6,6,1,linux,BFC
c751798aa224fadc5124b49eeb38fb468c0fa039,6,0,12,1,linux,BFC
8fba54aebbdf1f999738121922e74bf796ad60ee,1,0,3,1,linux,BFC
a532293fcba4b6b041c1a91674bc284d51280eb7,0,0,1,1,linux,BFC
fd4e788e971ce763e50762d7b1a0048992949dd0,0,2,4,1,linux,BFC
7d41963759feb3cfa4c1164b8b9db5d1f055932d,90,0,6,2,linux,BIC
7b13558f242747db90e52fdc510441a2ed0bafba,0,0,5,1,linux,BFC
ffa13d2d94029882eca22a565551783787f121e5,2,0,1,1,linux,BFC
f68aa100d815b5b4467fd1c3abbe3b99d65fd028,7,0,0,1,linux,BFC
151e0e0fdb4d6365305598af3b9072d44e896ef0,3,0,1,2,linux,BFC
822b3b2ebfff8e9b3d006086c527738a7ca00cd0,63,12,0,2,linux,BIC
fa92754e9c47cf3e5607c0865f4cf59d090cda37,3,0,0,2,linux,BIC
44016b3466407ff2766aeccb0ef2adca677c5106,0,0,12,1,linux,BFC
15b4511a4af633dca0762ae5646fdf05f1dea99a,331,0,6,2,linux,BIC
31f40f86526b71009973854c1dfe799ee70f7588,0,0,1,1,linux,BFC
bcc84ec65ad1bd9f777a1fade6f8e5e0c5808fa5,80,1,3,5,linux,BIC
fb9f7190092d2bbd1f8f0b1cc252732cbe99a87e,2,0,0,1,linux,BFC
e2fddf5e96df4ac26f2e9ce63053d51cdf3cfe1e,4,0,1,1,linux,BIC
585d7cba5e1fcd8703a120042f35695165986b9b,153,0,0,2,linux,BIC
902829aa0b722511369e4e6193e66390bc58e0a2,361,0,0,1,linux,BIC
126bdb606fd2802454e6048caef1be3e25dd121e,14,0,6,1,linux,BIC
0e4b52942b1c76f89e0dcb829f72e123d0678f54,4,0,0,1,linux,BFC
50b8a742850fce7293bed45753152c425f7e931b,10,0,2,1,linux,BFC
ebda44da44f6f309d302522b049f43d6f829f7aa,1,0,2,1,linux,BFC
23e7b5c2e2715947cf1ff57124dd3e96caf48521,10,0,3,1,linux,BIC
fb99886224294b2291d267da41395022fa4200e2,14,12,4,1,linux,BFC
aa79293517b395c6094a382779c911689e8c9a8b,11,0,5,1,linux,BIC
f64ab8e4f368f48afb08ae91928e103d17b235e9,0,2,0,1,linux,BFC
1d11911a8c572041880c8d86229f6ed971f6f7e2,3,0,0,1,linux,BIC
d8ac7b85236b04d14fa80328726cd4d098b4a2a7,53,0,15,1,linux,BIC
b6b1bb980ec4e82bbef9b4c98efbb0df6740bb53,0,0,1,1,linux,BIC
3f79f6f6247c83f448c8026c3ee16d4636ef8d4f,6,0,2,1,linux,BFC
5920cda627688c3229fd63157ff031f3f174175e,425,204,5,4,linux,BIC
613d0776d3fe7eb28c695a63a5533a1ec8258c86,27,0,0,5,linux,BIC
10d6bdf532902be1d8aa5900b3c03c5671612aa2,3,0,0,1,linux,BFC
285ca9e948fa047e51fe47082528034de5369e8d,5,0,31,1,linux,BIC
c40e89fd358e94a55d6c1475afbea17b5580f601,50,0,3,1,linux,BIC
0cd39f4600ed4de859383018eb10f0f724900e1b,34,11,4,29,linux,BIC
cfb23ed622d040619abb91e625fcba74d356b8a8,126,30,31,1,linux,BIC
1c58bed4b7f7551239b9005ad0a9a6566a3d9fbe,0,0,25,1,linux,BFC
6df5a128f0fde6315a44e80b30412997147f5efd,10,1,6,3,linux,BIC
6cd33649fa83d97ba7b66f1d871a360e867c5220,25,0,0,1,linux,BIC
ebe24cea95ab969f76f2922032f6c390fdc816f2,33,8,1,3,linux,BFC
54e19bc74f3380d414681762ceed9f7245bc6a6e,28,0,9,2,linux,BIC
16096c25bf0ca5d87e4fa6ec6108ba53feead212,8,0,1,1,linux,BFC
c4f5627f7eeecde1bb6b646d8c0907b96dc2b2a6,10,0,7,5,linux,BFC
55130287875c96b1e4669ee9713621e7d7f055b2,0,0,1,1,linux,BFC
8373cd38a8888549ace7c7617163a2e826970a92,30,2,7,2,linux,BFC
64b9e4d803b154a78a2e76bd466bb32ad6f383de,14,0,2,1,linux,BIC
a15cf34fed779d3d49d76e3a7e63bd0132b6a458,0,0,1,1,linux,BFC
8598eb781cf68fd6cb67c479f1479ae58bd54fb9,1,3,1,1,linux,BFC
7c2c3e63e1e97cf8547c5818544312fb916dd0b9,44,11,23,1,linux,BFC
38320c70d282be1997a5204c7c7fe14c3aa6bfaa,347,180,242,3,linux,BIC
4b91428699477532ab1255c2dd5819713e9e8985,86,0,24,8,linux,BIC
01c8d337d195ed105cabab95bc4dcb9e145bf5ea,0,0,1,1,linux,BFC
c7ea20c9da5b94e400c8dcc0adb99411f2e430a6,31,2,19,3,linux,BIC
0c5fd887d2bb47aa37aa9fb1eb1d1d2abac62972,105,18,46,7,linux,BIC
e33de7c5317e2827b2ba6fd120a505e9eb727b05,2,0,1,1,linux,BFC
82a44ae113b7b35850f4542f0443fcab221e376a,2,0,5,1,linux,BFC
b809ec869b2cf2af053ffd99e5a46ab600e94aa2,0,0,1,1,linux,BFC
20d1c86a57762f0a33a78988e3fc8818316badd4,240,20,36,4,linux,BIC
8605212a7c37b5d786544263bae5e697c1aaaa16,0,0,3,1,linux,BFC
7fd0b1a2593647aba4538196dd80314fd134877b,2,0,0,1,linux,BIC
1ae9ae5f7df726c67736c643c1f03f7bdfe748eb,4,0,6,2,linux,BIC
ae2bf61ff39e78ce926de37d22dc7d5159c610cd,4,0,0,1,linux,BIC
36453c852816f19947ca482a595dffdd2efa4965,1,22,5,1,linux,BFC
e0e328c4b330712e45ba799dc589bda751323110,0,1,0,1,linux,BFC
98ae70cc476e833332a2c6bb72f941a25f0de226,1,0,1,1,linux,BFC
345599f9a292899bf5474651f3cea9b7a0576436,3,18,22,1,linux,BIC
4775cc1f2d5abca894ac32774eefc22c45347d1c,6,0,0,1,linux,BFC
903b85d3adce99a5301d5959c4d3c9d14a7974d4,11,0,4,1,linux,BFC
315c562536c42aa4da9b6c5a2135dd6715a5e0b5,62,0,3,3,linux,BIC
73dbd4a4230216b6a5540a362edceae0c9b4876b,0,0,1,1,linux,BFC
222ec45f4c69dfa8cd02c72928147ac06dffffa2,194,15,12,3,linux,BIC
6392ff3c8e4c23d0a09b0ae9f94feb3effed490b,0,0,1,1,linux,BFC
27730c8cd60d1574d8337276e7a9d7d2ca92e0d1,0,0,1,1,linux,BFC
e78c21d157f2f0278696f5903713133e83ac47c6,0,0,1,1,linux,BFC
96f0e6fcc9add1f063984be32073fe8b1d39b664,3,310,1,5,linux,BIC
09e54440979c1cfa7b3f84db00835449c9f63a3a,0,1,0,1,linux,BFC
e1dba01ca620bb0b3864d5237c1c597d9e012ebf,71,0,0,2,linux,BIC
da10bcdd6f70dc9977f2cf18f4783cf78520623a,12,0,0,2,linux,BFC
2630cde26711dab0d0b56a8be1616475be646d13,4,0,1,1,linux,BFC
c1fa0768a8713b135848f78fd43ffc208d8ded70,0,0,1,1,linux,BFC
c7b3690fb1522b926557e59c6581ce849bcf9947,179,1,102,1,linux,BIC
bc66c99a7e65d3964b4c5d10f574d462f40ae48e,5,0,1,1,linux,BFC
f8e608982022fad035160870f5b06086d3cba54d,0,0,1,1,linux,BIC
619e96f4bf9d3d79836c324d59803e3f22606a06,0,1,2,1,linux,BFC
58a1c9f9a9b6b9092ae10b84f6b571a06596e296,0,0,1,1,linux,BFC
734882a8bf984c2ac8a57d8ac3ee53230bd0bed8,2,5,2,1,linux,BIC
cbf2642872333547b56b8c4d943f5ed04ac9a4ee,0,1,2,1,linux,BFC
2a59a0411671ef9daf17ba21da57809c696f4119,15,13,4,1,linux,BIC
ac58e4fb03f9d111d733a4ad379d06eef3a24705,0,0,1,1,linux,BIC
3054426dc68e5d63aa6a6e9b91ac4ec78e3f3805,10,0,1,1,linux,BFC
f143647a02825038d8d6251422e1d0ebdcb6d9ea,5,0,0,1,linux,BFC
9498da46d1cef51ae29f595a9621341acecfa9ab,32,0,7,3,linux,BFC
f4790083c7c23b419f6a15170556950fd6a884a2,45,0,0,1,linux,BIC
5b3b396c77677b51a6bd1aacd0fe2a04d1efa0ff,0,4,0,1,linux,BFC
7401bc18d1ee39e46b668341097e0183975c02eb,126,0,5,4,linux,BIC
1e7913ff5f9f1b73146ad8522958bd266f22a510,2,0,0,1,linux,BFC
bad4c3e66543b94b4abb18b6e49fe147684b7064,6,0,0,3,linux,BFC
8ee4646038e47d065d35703e3e343136c4cd42aa,22,0,0,2,linux,BIC
5c9dc6379f539c68a0fdd39e39a9d359545649e9,11,0,4,1,linux,BFC
ffeafdd2bf0b280d67ec1a47ea6287910d271f3f,2,0,0,1,linux,BFC
6836829c8ea453c9e3e518e61539e35881c8ed5f,0,0,1,1,linux,BFC
ec0acb09313074ba1a4976945791d9c6815f39fb,2,2,8,1,linux,BFC
2763ea0585c999f0bd98d67cbeadee8d872103a2,204,0,14,3,linux,BIC
55b3209acbb01cb02b1ee6b1afe80d83b1aab36d,0,0,1,1,linux,BFC
665636b2940d0897c4130253467f5e8c42eea392,0,4,0,1,linux,BFC
cacbce45f5df9840f672129bdccd3f3e02343c0e,0,0,2,1,linux,BFC
f1e39a4a616cd9981a9decfd5332fd07a01abb8b,109,1,5,3,linux,BIC
1e029b836108d0b68ba574482604247c97cb4757,2,158,1,3,linux,BFC
ac2b9f34f02052709aea7b34bb2a165e1853eb41,3,0,0,1,linux,BFC
d494c257271153633a05c11e6dec85ddfc7700ee,1,0,0,1,linux,BFC
ec520911ecc7eaf01a69d278185ddc99bba901e1,0,0,81,3,linux,BFC
9db1ff0a415c7de8eb67df5b2c56ac409ccefc37,14,13,0,1,linux,BFC
4bb02e9572af1383038d83ad196d7166c515f2ee,33,0,4,3,linux,BFC
846a3351ddfe4a86eede4bb26a205c3f38ef84d3,4,0,0,1,linux,BFC
27a5e7d36d383970affae801d77141deafd536a8,2,0,2,1,linux,BFC
7d8c70d8048c7b4307dff95d9300d6b1ea7a3547,1,0,7,5,linux,BIC
b7d95040c13f61a4a6a859c5355faf583eff9658,1,1,6,1,linux,BFC
fa89782b4f9c40d40e3f7d9ad7ef14e0bb0c3ca0,2,2,0,1,linux,BFC
eed38eeee734756596e2cc163bdc7dac3be501b1,26,5,23,1,linux,BFC
7bb8a0cf49d5fede1104afdcb43bd2f8a1df3253,0,19,0,1,linux,BFC
04bcc4275e601d5928beaf21e888017d4b7ad3d1,74,0,0,1,linux,BIC
fecfcbc288e9f4923f40fd23ca78a6acdc7fdf6c,7,0,5,1,linux,BFC
350f8be5bb402a1d6804adeba0031926ad246bf1,0,132,9,1,linux,BIC
7f3d6c8e8f5f041c86c0a9f64e4b4ab7c6373ac2,10,0,2,1,linux,BFC
0047b6e5f1b45b391244d78097631eb09a960202,0,0,1,1,linux,BFC
4a29c0db69e58b20cd7a2efce997627c6b376244,0,0,1,1,linux,BFC
89eb1906a9530ef694b2a5817c9498997722754f,37,0,0,2,linux,BIC
a135dfb5de1501327895729b4f513370d2555b4d,358,0,4,1,linux,BIC
a1d7c393c4711a9ce6c239c3ab053a50dc96505a,8,0,15,1,linux,BIC
673deb0beba5d39c2e0bc6536e00b03b6ef59cc0,1,2,1,2,linux,BFC
d826eb14ecef3574b6b3be55e5f4329f4a76fbf3,13,7,15,6,linux,BIC
e7fa1fb39b118cc8415a946fd2e6bc0f6b6c05c9,4,0,1,2,linux,BIC
363a5328f4b0517e59572118ccfb7c626d81dca9,1,0,1,1,linux,BFC
b303e7c15d53cd8ef6b349b702e07eee3f102792,1,0,1,1,linux,BFC
f4bd73b5a950866f6c6fc98a7b684d307c5d586a,15,0,17,1,linux,BFC
4cab5dfd15b77cde2b965bbf71a86876a42684da,0,0,4,1,linux,BFC
e0f841f5cbf2a195c63f3441f3d8ef1cd2bdeeed,10,0,8,1,linux,BFC
164d7cb2d5a30f1b3a5ab4fab1a27731fb1494a8,4,3,0,1,linux,BFC
f1bcddffe46b349a82445a8d9efd5f5fcb72557f,1,0,1,1,linux,BFC
1a2f474d328f292ee706414824ec4ca690cdf5ba,31,0,8,1,linux,BIC
945fd17ab6bab8a4d05da6c3170519fbcfe62ddb,23,16,9,6,linux,BFC
b951d80aaf224b1f774e10def672f5e37488e4ee,0,0,2,1,linux,BFC
6361d72b04d1f77736142bc3911a32b814370729,25,9,14,1,linux,BIC
805b21b929e29192fb5de16154f616bfc1116e3e,24,0,9,4,linux,BIC
e1a7bfe3807974e66f971f2589d4e0197ec0fced,37,27,8,1,linux,BIC
2f9a174f918e29608564c7a4e8329893ab604fb4,11,0,0,1,linux,BIC
206bbcf76121664e95a42e1c014c3fe168d07a3d,3,0,0,1,linux,BFC
17a3dd2f5fc75fc12d0a2ebf05327cf965bdf84b,1,0,0,1,linux,BIC
caba248db2863466a886735cb8d5704048063ac9,13,0,0,1,linux,BIC
22233f7bf2c99ef52ec19d30876a12d2f725972e,0,0,1,1,linux,BFC
164a08cee1358e360c47fcb26a7720461d5853a5,4,1,12,6,linux,BIC
6b428b4fbf986077d218287dd6f805f371cdf48f,54,5,10,6,linux,BFC
e984fd61e860ce3c45e79d69cf214b8cc6cae7d9,2,1,12,4,linux,BIC
fd5ed3066bb2f47814fe53cdc56d11a678551ae1,0,0,3,1,linux,BFC
250a42b6a764a7954a7a7a137bc71883f05657cb,24,0,4,3,linux,BIC
546d87e5c903a7f3ee7b9f998949a94729fbc65b,2,0,0,1,linux,BFC
e58ba4544c7771591d1e3157bc01b4a8e4d1c3fc,192,0,0,2,linux,BIC
e70956a2498dc81d8f2522cba074f55ae910e13c,0,0,1,1,linux,BFC
335f62e7606a7921775d7cc73f0ad8ffd899bc22,0,0,6,1,linux,BFC
5e004460f874fa590e622b200859e419f5127f5c,38,7,22,1,linux,BIC
ea84aa776fb996130662ac16f59218117a39a311,5,0,0,1,linux,BFC
7f6335c6a258edf4d5ff1b904bc033188dc7b48b,2,0,4,1,linux,BIC
fb51f1cd06f9ced7b7085a2a4636375d520431ca,5,0,2,1,linux,BFC
7f7aeea7cf30368b9fdb86dcc9d2c8a3ebc65dfb,1,0,1,1,linux,BFC
7b06a56d468b756ad6bb43ac21b11e474ebc54a0,0,0,2,1,linux,BFC
5b73151fff63fb019db8171cb81c6c978533844b,22,20,5,3,linux,BIC
ee1dfad5325ff1cfb2239e564cd411b3bfe8667a,0,19,2,1,linux,BFC
54d431176429e9cf064461589e5174349a9f73da,4,0,0,1,linux,BFC
68a66d149a8c78ec6720f268597302883e48e9fa,3,0,1,1,linux,BFC
7fdbc5f014c3f71bc44673a2d6c5bb2d12d45f25,2,0,0,1,linux,BFC
4a93025cbe4a0b19d1a25a2d763a3d2018bad0d9,0,0,9,1,linux,BFC
910524004383863bb1d2888e510dd61fd00119d0,2,0,0,1,linux,BFC
1ca8311949aec5c9447645731ef1c6bc5bd71350,33,0,0,1,linux,BFC
19a38d8e0aa33b4f4d11d3b4baa902ad169daa80,1072,0,0,2,linux,BIC
460bbf2990b3fdc597601c2cf669a3371c069242,5,5,5,1,linux,BIC
066cfd0770aba8a9ac79b59d99530653885d919d,4,0,8,1,linux,BFC
045ee45c4ff2422a6f47e9fad7dd6cb537de940c,22,6,19,1,linux,BIC
5396fdac56d87d04e75e5068c0c92d33625f51e7,17,9,4,3,linux,BIC
e1038535106e73e48204ec3bfe5a428fe6cb35cb,0,0,1,1,linux,BFC
8fca9494d4b4d6b57b1398cd473feb308df656db,6,1,4,2,linux,BIC
b16bef60a9112b1e6daf3afd16484eb06e7ce792,0,3,9,1,linux,BFC
20e883204f0268b423799781e5efed786f8a11ba,0,0,1,1,linux,BFC
25ae837e61dee712b4b1df36602ebfe724b2a0b6,0,0,3,1,linux,BFC
6be687395b3124f002a653c1a50b3260222b3cd7,0,2,2,3,linux,BFC
d50264f1fef92967e2d2c9d91bdb05de214ddacf,11,1,0,1,linux,BFC
1aae1394294cb71c6aa0bc904a94a7f2f1e75936,0,2,0,1,linux,BFC
8c0f693c6effbc3f42f77a9e81209af9af20910c,5,5,0,2,linux,BFC
c9bb86338a6bb91e4d32db04feb6b8d423e04d06,1,0,0,1,linux,BFC
55cdf0a283b876050f0c502685adc346180d7a2f,44,1,2,3,linux,BIC
ce5c9c20d364f156c885efed8c71fca2945db00f,62,0,0,4,linux,BIC
f612acfae86af7ecad754ae6a46019be9da05b8e,0,0,1,1,linux,BFC
7cbe08a930a132d84b4cf79953b00b074ec7a2a7,7,1,2,1,linux,BFC
7fcdccd4237724931d9773d1e3039bfe053a6f52,1,0,1,1,linux,BFC
f6c8a317ab208aee223776327c06f23342492d54,2,0,6,1,linux,BFC
a867e9d0cc15039a6ef72e17e2603303dcd1783f,0,1,1,1,linux,BFC
d3ec4ef669379bf69891415b4f1397a26a81932c,13,25,7,2,linux,BIC
7daf59300999693b85233762b847f1b2313cccbd,11,10,0,1,linux,BFC
1175b6b8d96331676f1d436b089b965807f23b4a,44,9,28,2,linux,BIC
3ebc170068885b6fc7bedda6c667bb2c4d533159,29,0,12,3,linux,BIC
8ce62f85a81f57e86bc120ab690facc612223188,10,3,16,3,linux,BIC
be227f8e99a663d097536e9f9bc935fb26bdbc41,9,21,4,3,linux,BFC
1f6ae47ecff7f23da73417e068018b311f3b5583,6,6,0,1,linux,BFC
1e97743fd180981bef5f01402342bb54bf1c6366,4,4,0,1,linux,BFC
d41861942fc55c14b6280d9568a0d0112037f065,63,108,10,6,linux,BIC
eabe861881a733fc84f286f4d5a1ffaddd4f526f,4,0,3,1,linux,BFC
91ca10d6fa0720e35596c720e494d9c18624418a,389,0,1,3,linux,BIC
df41460a21b06a76437af040d90ccee03888e8e5,0,0,2,1,linux,BFC
ca4c6ebeeb50112f5178f14bfb6d9e8ddf148545,0,0,1,1,linux,BFC
dcfc861d24ec19f0d0d3d55bb016646794571fbb,0,6,3,1,linux,BIC
a8af8694a5e8ddaaef4bd7b6426c12b7759c846c,20,15,8,1,linux,BFC
f7ec554b73c5239a96afb9a9c3eb18cb11f539b7,4,0,1,1,linux,BFC
828857f6709f1b13582049a1ef84eadb07f50c05,0,0,3,1,linux,BFC
565020aaeebfa7c8b3ec077bee38f4c15acc9905,5,7,2,3,linux,BFC
b2fbd04498789def80ceba3d5bbc5af7f2f70a5f,11,0,11,4,linux,BFC
80a94bb357813901e61f2dc80deae2015c50fdcd,0,0,3,1,linux,BFC
dbdda842fe96f8932bae554f0adf463c27c42bc7,106,0,1,1,linux,BIC
0d7c83463fdf7841350f37960a7abadd3e650b41,0,0,2,1,linux,BFC
5992e30034c43917968f2327d2948d22be6d4603,343,0,0,4,linux,BIC
7f866986e7052197396d8a663fa009209af18aee,191,0,0,1,linux,BIC
d0be12274dad242271fb2055275d10b67a0d7649,24,13,42,1,linux,BIC
8ac9dfd58b138f7e82098a4e0a0d46858b12215b,2,0,1,1,linux,BFC
52e597d3e2e6e5bfce47559eb22b955ac17b3826,0,0,1,1,linux,BFC
6aec21f6a8322fa8d43df3ea7f051dfd8967f1b9,277,5,17,6,linux,BIC
fba1296624bf95fc07057da1e26beee8a733180c,3,0,0,1,linux,BFC
a68d59ff4d67ec182926aaa82daaa66b3d465c9a,0,32,9,1,linux,BFC
b0c783b32318bef29d64086fa812e8c659cb5b37,1,1,0,1,linux,BFC
7dea8165f1d6434dc7572004363f86339f0f4322,0,0,2,1,linux,BIC
557c44be917c322860665be3d28376afa84aa936,4,0,1,2,linux,BFC
47e3a5edc6538d66e470aaed3b7c57255cb37ca1,0,0,1,1,linux,BFC
207cdd565dfc95a0a5185263a567817b7ebf5467,0,10,5,1,linux,BFC
e9ee186bb735bfc17fa81dbc9aebf268aee5b41e,60,0,0,5,linux,BIC
15038e14724799b8c205beb5f20f9e54896013c3,7,0,0,1,linux,BFC
70022da804f0f3f152115688885608c39182082e,3,1,0,1,linux,BFC
2972495699320229b55b8e5065a310be5c81485b,14,0,0,1,linux,BIC
21f965221e7c42609521342403e8fb91b8b3e76e,1,0,2,1,linux,BFC
980bbf7ca72012d317617fcdbfabe8708e4cef29,0,0,5,2,linux,BFC
07758747a2d7963593421b4e782b0f20a80f58d3,1,0,0,1,linux,BFC
5eb9a07a4ae1008b67d8bcd47bddb3dae97456b7,8,0,8,1,linux,BFC
e9816ddf2a33f3afdf3dfc35c21aafad389ee482,0,44,0,10,linux,BIC
f76254a845a661ccdb9fa246ee72197f90a8d3dd,1,1,1,1,linux,BFC
880a6fab8f6ba5b5abe59ea68533202ddea1012c,179,0,3,5,linux,BIC
03d1cac6eefef523fa6118f156e811252e6276b4,5,0,4,1,linux,BFC
b87a2f9199ea82eaadca5bcc596b62cb8214cc0a,76,0,0,1,linux,BIC
0b56e9a7e8358e59b21d8a425e463072bfae523c,0,0,0,59,linux,BIC
98f4a14676127397c54cab7d6119537ed4d113a2,0,0,1,1,linux,BIC
0b484c91911e758e53656d570de58c2ed81ec6f2,0,0,1,1,linux,BFC
7d8785bc7adbb4dc5ba8ee06994107637848ded8,1,0,0,1,linux,BFC
8b97d73c4d72a2abf58f8e49062a7ee1e5f1334e,1,0,1,1,linux,BFC
cfc1d277891eb499b3b5354df33b30f598683e90,0,0,3,4,linux,BIC
ae31fe51a3cceaa0cabdb3058f69669ecb47f12e,0,6,2,1,linux,BFC
22f6bbb7bcfcef0b373b0502a7ff390275c575dd,0,0,8,3,linux,BFC
11745ecfe8fea4b4a4c322967a7605d2ecbd5080,16,0,1,1,linux,BFC
f90c6bdb690bb12f3dbe8eaa5650a9ce952d0290,33,0,0,1,linux,BIC
41e3928f8c58184fcf0bb22e822af39a436370c7,0,0,1,1,linux,BFC
7307616245babb12c923151d8ef69af02e46c255,2,0,0,1,linux,BFC
0d76bcc960e6057750fcf556b65da13f8bbdfd2b,0,5,0,1,linux,BFC
4cfafd3082afc707653aeb82e9f8e7b596fbbfd6,26,17,16,6,linux,BFC
b10790434cf2a40017bd796a99d5c4a6e949d616,27,0,0,1,linux,BIC
af9617b419f77cf0b99702a7b2b0519da0d27715,8,0,3,1,linux,BFC
bb76dc09ddfc135c6c5e8eb7d3c583bfa8bdd439,82,3,16,3,linux,BIC
50e741bb3b15fd5410bac379bdb4bc795d62b45c,7,3,15,1,linux,BFC
cb88a0588717ba6c756cb5972d75766b273a6817,8,0,1,3,linux,BFC
d72e9a7a93e4f8e9e52491921d99e0c8aa89eb4e,0,0,2,1,linux,BFC
862cd659a6fbac664f1fcdd7149046040a7a7e9c,2830,0,0,13,linux,BIC
305ac5a766b1d0dd8a4052c8c92e5464888eaa10,72,0,0,2,linux,BIC
e9de475723de5bf207a5b7b88bdca863393e42c8,7,7,2,1,linux,BFC
a57caf8c527f63459c1c70eb3cf55ac373adb88e,0,1,0,1,linux,BFC
e6db98db8a9595f8001958e489ff07ed97a15a54,29,11,4,1,linux,BIC
4c87540940cbc7ddbe9674087919c605fd5c2ef1,4,2,1,1,linux,BFC
01b2a52171735c6eea80ee2f355f32bea6c41418,22,0,0,1,linux,BFC
e4648309b85a78f8c787457832269a8712a8673e,4,0,3,1,linux,BIC
c5cf9a9147ff6fc9f87251a8f8a5b6ac8b8bdcdc,8,0,4,4,linux,BIC
9cade1a46c77dfc96d57a3ea6354e95b2a7fcf61,390,241,34,4,linux,BIC
a927444aa953f757eaea5bb3615916fba6db58bf,0,0,1,1,linux,BFC
39a963b457b5c6cbbdc70441c9d496e39d151582,0,0,2,1,linux,BFC
7f94b69ece515ac82defa60ef7cba2cf26180216,0,2,0,2,linux,BFC
08b9939997df30e42a228e1ecb97f99e9c8ea84e,10,10,0,1,linux,BFC
6a18c312320766b6d13a12c681f77df04894f1a5,0,0,1,1,linux,BFC
88fa95278503523df5fbb18b4e98526e61e13218,0,0,1,1,linux,BFC
32cb7d27e65df9daa7cee8f1fdf7b259f214bee2,2,0,0,1,linux,BFC
5b78ed24e8ec48602c1d6f5a188e58d000c81e2b,9,0,4,3,linux,BIC
e23f33367882450c66f7de8805b98ce7665a7ba9,81,35,9,2,linux,BIC
59347d9982411d6f4cef831dbbc7a338c5f9119d,1,0,0,1,linux,BFC
4edf8249bcd1c554b1a34166ca4ea5630031ecf5,4,0,0,1,linux,BFC
d6efa938ac366fe8cb92d6157f74d43cc35f1c67,5,0,0,1,linux,BFC
5ae2efb1dea9f537453e841714e3ee2757595aec,0,0,1,1,linux,BFC
80ca8c3a84c74a87977558861bb8eef650732912,9,0,3,1,linux,BFC
dc6e0818bc9a0336d9accf3ea35d146d72aa7a18,0,4,1,2,linux,BIC
79c4ac0d759b6baaca22d7f37f6594a677030976,3,0,0,1,linux,BFC
bf2ae2e4bf9360e07c0cdfa166bcdc0afd92f4ce,28,5,5,6,linux,BIC
64120615d140c88d110c6ffc964d9e6cd8bf5395,0,7,9,1,linux,BIC
5bd2182d58e9d9c6279b7a8a2f9b41add0e7f9cb,242,0,6,6,linux,BIC
0a7bdbc23d8a1d5e6f6f74abf00ba572f7369dd6,127,99,4,3,linux,BIC
f4713a3dfad045d46afcb9c2a7d0bba288920ed4,13,8,3,4,linux,BFC
075e264fa33e7838680802ba514a8d67433e48d1,0,0,1,1,linux,BFC
8f13621abcedb278cfecf9703583743f9c474c97,12,23,0,2,linux,BIC
b00481bdca2d77fdae5f71517c09fd3b30eba57d,0,0,1,1,linux,BFC
a086bb8317303dd74725dca933b9b29575159382,4,2,0,1,linux,BFC
e840b4baf3cfb37e2ead4f649a45bb78178677ff,1,0,0,1,linux,BFC
e3cdaab5ff022874e65df80ae8b8382ccc0a4fe0,5,2,18,2,linux,BFC
555c50a4a19b28bee81ad257e0cdc0fcf6e8dab5,19,44,58,2,linux,BIC
6c90731980655280ea07ce4b21eb97457bf86286,1,0,1,1,linux,BFC
9f3768e02335ddd6ebe1d85d5cb3a68ee6264004,0,0,1,1,linux,BFC
ef75e14a6c935eec82abac07ab68e388514e39bc,4,0,3,1,linux,BFC
f7a621728a6a23bfd2c6ac4d3e42e1303aefde0f,2,0,0,1,linux,BFC
dd040b6f6d5630202e185399a2ff7ab356ed469c,0,0,1,1,linux,BFC
5133550296d43236439494aa955bfb765a89f615,0,1,2,2,linux,BFC
9dbdfd4a9f3416c84d22623e6b5bfe1966e336b7,4,0,1,1,linux,BFC
88bae7149a5e980dc5a7488fba2fcb41286fd82e,24,55,177,1,linux,BIC
f1b449748760e333a6aeef2455f3875be07c9b5a,0,1,0,1,linux,BFC
02e389e63e3523828fc3832f27e0341885f60f6f,0,0,4,1,linux,BIC
4c38f2df71c8e33c0b64865992d693f5022eeaad,223,0,12,3,linux,BIC
0e395b3cb1fb82f5d056fd5425025a77da4d4f62,451,9,44,7,linux,BIC
4bbb04abb4ee2e1f7d65e52557ba1c4038ea43ed,1,1,11,1,linux,BIC
f77621cc640a7c50b3d8c5254ecc5d91eaa99d0d,67,1,25,1,linux,BIC
d46fe2cb2dce7f5038473b5859e03f5e16b7428e,2,0,4,1,linux,BIC
a6c0fd3d5a8bac08b0d79301be23f961e9038d60,3,0,0,1,linux,BIC
dca59f4a791960ec73fa15803faa0abe0f92ece2,4,0,2,1,linux,BFC
ec2088b66f7a143eb14063f598d0bb3f64654c38,35,25,8,1,linux,BIC
2873d4d52f7c52d60b316ba6c47bd7122b5a9861,0,8,7,1,linux,BFC
b1231760e44324d4cdb1b02116670c1ad2126e54,22,18,46,4,linux,BIC
bd4b827cec1d4eec7a916dc4da0ca65939f80f4b,1,0,1,1,linux,BFC
e0029dcb5b6e1c23e68f578ce7a3d6c5caba0501,0,0,1,1,linux,BFC
d4c7c5c96c9254017a1aff596a1f43b5bcef7bef,9,0,1,1,linux,BIC
b382a324b60f4923e9fc8e11f023e4f493c51318,83,27,42,3,linux,BIC
1a11a88cfd9a97e13be8bc880c4795f9844fbbec,44,0,9,1,linux,BIC
f004ec065b4879d6bc9ba0211af2169b3ce3097f,0,0,1,1,linux,BFC
237c0ee4742b6462cb41cdb3fda1ca55011e4aaf,0,3,1,1,linux,BFC
e5d5db1a79a5929b9ced99472f9a748a243d6a69,4,1,1,1,linux,BFC
b088b53e20c7d09b5ab84c5688e609f478e5c417,1,2,5,1,linux,BFC
a7e1f04905e5b2b90251974dddde781301b6be37,13,0,6,2,linux,BIC
7496946a88ab48830f3101c08f8e770cc0902bbb,88,0,0,2,linux,BIC
ea740059ecb37807ba47b84b33d1447435a8d868,4,0,2,1,linux,BFC
103db8b2dfa5dad182d2e5a9cc96b13646634c17,24,7,12,1,linux,BIC
5c0ecc2e81ecfd9eba8a4945d49c401615c167ca,6,0,3,1,linux,BFC
50f44ee7248ad2f7984ef081974a6ecd09724b3e,23,31,13,6,linux,BIC
98591a68736f3d2431384b5284713fb98da488a6,15,15,0,1,linux,BFC
bfee71fb7376081349117fdc89f685a9e14a58c2,6,0,1,1,linux,BFC
c56caa9db8abbbfb9e31325e0897705aa897db37,66,15,24,6,linux,BIC
6c7515c61ffa0985c57abd8892c7928b52b9a306,0,0,3,1,linux,BFC
82b5d164415549e74cfa1f9156ffd4463d0a76e2,1,0,1,1,linux,BFC
4dd147471dae02e21db317fff02b7cf98694b22f,0,3,11,1,linux,BFC
935c6912b198f60a812b7dada21027b5aac7c461,52,2,21,2,linux,BIC
eee28109f871ea43f65cb19f429ed95ddda79343,19,0,0,1,linux,BIC
1b00adce8afdb842615a5bf3774510f14a9b769a,41,2,22,1,linux,BFC
5f1411265e16b257a945a5c9044aecbc7bb99443,113,0,0,2,linux,BIC
f3cdfd239da56a4cea75a2920dc326f0f45f67e3,262,88,20,6,linux,BIC
d3b43eb505bffb8e4cdf6800c15660c001553fe6,2,0,0,1,linux,BFC
21ca087a3891efab4d45488db8febee474d26c68,35,0,16,1,linux,BIC
097129c9e62540122b63cba79c1843a2602bec37,12,0,4,4,linux,BIC
32cc92c7b5e52357a0a24010bae9eb257fa75d3e,4,0,2,2,linux,BFC
665c157e0204176023860b51a46528ba0ba62c33,0,3,0,1,linux,BIC
a7f71a2c8903f8599312f75233946287c558d9f6,233,0,0,4,linux,BIC
30e9672ac37f7b8b9e1379d25882798d8e76a96f,0,0,3,1,linux,BFC
054e44ba99ae36918631fcbf5f034e466c2f1b73,134,0,1,1,linux,BIC
52893733f2c5886fc74be6c386d12b59a3f581df,154,16,15,3,linux,BIC
5555ebbbac822b4fa28db2be15aaf98b3c21af26,1,0,0,1,linux,BFC
0f987e25cb8a9c23bfd70942a580c2698444e4b4,12,14,0,1,linux,BIC
56fd16cabac9cd8f15e2902898a9d0cc96e2fa70,0,0,1,1,linux,BFC
434b73e61cc65cdd26618af6fa4736c2ba1eb29b,2,7,7,4,linux,BIC
6cd29ec6ae5e3694b779e02da9f3e50ae4398b59,3,0,4,1,linux,BIC
4282d60689d4f21b40692029080440cc58e8a17d,565,0,0,3,linux,BIC
4a9e7b9ea252842bc8b14d495706ac6317fafd5d,2,1,0,2,linux,BFC
a04c50aaa916f8c5704ef8292928095ccb4469b6,0,40,8,1,linux,BIC
8c290e60fa2a51806159522331c9ed41252a8fb3,15,17,56,1,linux,BIC
5c6f0f456351f5ca7d3b1a82060821eac4a7dc5c,12,0,0,1,linux,BIC
b629be5c8399d7c423b92135eb43a86c924d1cbc,17,12,2,1,linux,BIC
71c365bdc4396893798c8e1c9247663096ff4829,22,0,13,3,linux,BIC
635319a4a7444ca97124d781cd96deb277ff4d40,57,0,1,2,linux,BIC
3b0041f6e10e5bdbb646d98172be43e88734ed62,24,0,0,1,linux,BFC
36fa30636fb84b209210299684e1be66d9e58217,110,0,17,3,linux,BIC
2ca210112ad91880d2d5a3f85fecc838600afbce,11,0,0,1,linux,BFC
e36ba817fa966f81fb1c8d16f3721b5a644b2fa9,149,0,4,5,linux,BFC
2e6d793e1bf07fe5e20cfbbdcec9e1af7e5097eb,0,18,9,1,linux,BIC
8236b0ae31c837d2b3a2565c5f8d77f637e824cc,17,0,1,2,linux,BFC
5df09c15bab98463203c83ecab88b9321466e626,0,0,2,1,linux,BFC
8b66a6fd34f519f4ad42c4ab0152c3c0782a7dbd,6,0,0,1,linux,BIC
e6e771b3d8975ec88009f03826c6921d78edc9bf,10,92,10,4,linux,BIC
7cbb16b2122c09f2ae393a1542fed628505b9da6,0,2,2,1,linux,BFC
d2fb0a0438384fee08a418025f743913020033ce,73,46,8,1,linux,BIC
5c2d0a6a0701ba86a4bb0bf1876266c751e328bd,46,3,3,1,linux,BIC
54e200ab40fc14c863bcc80a51e20b7906608fce,5,0,0,1,linux,BFC
d2582a03939ed0a80ffcd3ea5345505bc8067c54,0,13,3,3,linux,BFC
6a79d848403ded2245fbe4aaf50b33118d12daf0,31,7,15,1,linux,BIC
6603523bf5e432c7c8490fb500793bb15d4e5f61,12,0,7,3,linux,BFC
19e43f1276b38716ad558c2018535e475cb9f3cf,74,0,20,1,linux,BFC
98b5a0f4a2282fb82907bee467636b8114677472,23,0,4,2,linux,BIC
47e6fb4212d09f325c0847d05985dd3d71553095,0,2,2,1,linux,BFC
b212921b13bda088a004328457c5c21458262fe2,0,7,3,1,linux,BFC
4ebb9d7f901027e1740f69829cf10af0193e8e17,2,0,3,1,linux,BFC
64551ede6cd1c9f814951914e23ef1d2a9498f71,373,0,2,5,linux,BIC
8a5a75e5e9e55de1cef5d83ca3589cb4899193ef,8,0,1,1,linux,BIC
452c0bf8754fbeffdf579465b82a3c2bbe373c95,0,0,1,1,linux,BFC
377228accbbb8b9738f615d791aa803f41c067e0,2,0,1,1,linux,BFC
db8edaa09d7461ec08672a92a2eef63d5882bb79,3,0,0,1,linux,BFC
9ce5884e5139037445d0efcf37aeba21008011ad,55,37,43,7,linux,BIC
2d797e9ff95ecbcf0a83d657928ed20579444857,1,3,5,1,linux,BFC
d65dfc81bb3894fdb68cbc74bbf5fb48d2354071,3,4,0,1,linux,BFC
bfddcfe155a2fe448fee0169c5cbc82c7fa73491,1,0,0,1,linux,BFC
9c7d9017a49fb8516c13b7bff59b7da2abed23e1,19,0,0,1,linux,BFC
f62ca4e2a863033d9b3b5a00a0d897557c9da6c5,602,0,0,1,linux,BIC
793c8232937610ae00bc174b87d7fc324346eaea,2,0,14,1,linux,BFC
477d08478170469d10b533624342d13701e24b34,4,2,4,1,linux,BFC
1bd27b11c1df33a1dc3277e2a0abbf6bd33cc817,123,0,1,2,linux,BIC
942859d969de7f6f7f2659a79237a758b42782da,0,2,1,1,linux,BFC
04ca37d5ade99aaf49b662da8142926c981d154f,3,0,11,1,linux,BFC
dc513a405cade3e47bcda8de27c7a7bf6eeddd18,5,0,0,1,linux,BFC
ef025d7ec2fc433e7db76afd74493aaa9a59d921,0,0,2,1,linux,BFC
8a98ae12fbefdb583a7696de719a1d57e5e940a2,0,0,1,1,linux,BFC
298e54fa810e027f1b0800d789eb862592721f08,84,0,0,3,linux,BIC
99e6f6e8134b0c9d5d82eb2af1068a57199125e4,0,0,1,1,linux,BFC
4813497b537c6208c90d6cbecac5072d347de900,0,1,4,1,linux,BFC
e0c16233577fb8dde90760632df535d7b7846267,22,23,11,3,linux,BFC
b1a1347912a742a4e1fcdc9df6302dd9dd2c3405,4,0,1,1,linux,BIC
77cd62e8082b9743b59ee1946a4c3ee2e3cd2bce,61,22,28,2,linux,BIC
776338e121b9db3156bfb4e21622a0219bbab9d4,4285,32,19,31,linux,BIC
84318a9f01ce13650ea23eb6362066bb95ccc9fe,658,6,34,10,linux,BIC
83a092cf95f28696ddc36c8add0cf03ac034897f,12,0,0,1,linux,BIC
a448fcf19c9c5d3ddd9066accbd8d28c4950bb9f,0,4,23,1,linux,BIC
b704441e38f645dcfba1348ca3cc1ba43d1a9f31,8,0,5,1,linux,BFC
5052de8deff5619a9b7071f00084fd0264b58e17,15,11,88,9,linux,BIC
4cdbfb59c44a0df58ab321e4ddd9710cd0823584,6,0,0,2,linux,BIC
c461ad6a63b37ba74632e90c063d14823c884247,6,0,0,1,linux,BFC
aed93e0bf493535c25c27270001226bb1dd379b2,150,0,0,2,linux,BIC
67fc209b527d023db4d087c68e44e9790aa089ef,24,0,8,1,linux,BIC
c2deae44616dab0112d965a0dc72d053b5727b4b,0,0,1,1,linux,BFC
00b7a4d4ee42be1c515e56cb1e8ba0f25e271d8e,5,0,0,1,linux,BFC
dcb1ecb50edf8219c3bd851de35897fb024c423b,32,0,37,7,linux,BIC
f0e7e9ed379c012c4d6b09a09b868accc426223c,7,0,7,1,linux,BFC
678d9b6dddea3869e78996a94ade8dc6d1b5fe68,240,10,131,7,linux,BIC
da2d48808fbd1eddefefe245c6c0e92a9195df8b,0,0,2,1,linux,BFC
d1a73c641afd2617bd80bce8b71a096fc5b74b7e,6,0,0,2,linux,BIC
eefc1b1d105ee4d2ce907833ce675f1e9599b5e3,2,2,0,2,linux,BFC
2aa717473ce96c93ae43a5dc8c23cedc8ce7dd9f,14,0,4,1,linux,BFC
8a363970d1dc38c4ec4ad575c862f776f468d057,40,16,25,8,linux,BIC
8a0a9c7e9146781defc96f6743e7ee14ccc9ab23,82,45,0,4,linux,BIC
7be8ef2cdbfe41a2e524b7c6cc3f8e6cfaa906e4,25,0,75,18,linux,BFC
9c74360f9adb63f8b77d2107c20c972827c2676f,1,0,0,1,linux,BFC
a1fdbfbb1da2063ba98a12eb6f1bdd07451c7145,3,2,0,2,linux,BFC
42bf029a55a9bb8036f1d738a28dba2f7ec1e79d,6,0,3,1,linux,BFC
d6142b91e9cc249b3aa22c90fade67e2e2d52cdb,0,1,0,1,linux,BFC
69110e3cedbb8aad1c70d91ed58a9f4f0ed9eec6,21,28,92,4,linux,BIC
62d85b3bf9d978ed4b6b2aeef5cf0ccf1423906e,72,52,1,1,linux,BFC
bbe4f4245271bd0f21bf826996c0c5d87a3529c9,6,0,5,3,linux,BFC
42e4089c7890725fcd329999252dc489b72f2921,107,0,10,5,linux,BIC
31833ead95c2c0a374f35a8ae8148c00459a0d49,88,13,16,7,linux,BIC
1323061a018a7514287894a552c4ec2a5f0cb0cd,797,0,1,2,linux,BIC
ee6c6e7342471d468096a16bee9f89b5a6c1e39d,0,0,1,1,linux,BFC
7a2f2974f26542b4e7b9b4321edb3cbbf3eeb91a,6,0,0,1,linux,BFC
daab3d0e8e2b2a6aecbb7c1a11e1148446e2ef30,18,50,5,3,linux,BIC
49b1f22b567ba1d7d8174950be4398a69d0effb7,2,0,1,1,linux,BFC
7d0e6329dfdcfe48311f8888d6a8dfa73bee00a9,3,26,24,1,linux,BIC
510d7b6ae842e59ee00d57e5f07ac15131b6d899,4,0,3,1,linux,BFC
9952d90ea2885d7cbf80cd233f694f09a9c0eaec,126,0,0,4,linux,BIC
3a194f3f8ad01bce00bd7174aaba1563bcc827eb,34,0,3,2,linux,BIC
b96b1db039ebc584d03a9933b279e0d3e704c528,6,0,2,1,linux,BFC
f457055a7922154bb786e5d55f75b461fa645e9a,0,0,1,1,linux,BFC
b28503a3fe6400757817e4460090f96bc1b9d6e7,0,17,1,3,linux,BFC
19b73d8efaa459a66665b5e0a3e7acedd05f4901,2,0,0,1,linux,BIC
906dceb48dfa1e7c99c32e6b25878d47023e916b,0,0,4,1,linux,BFC
c7d855c2aff2d511fd60ee2e356134c4fb394799,5,0,9,1,linux,BFC
baf8b9f8d260c55a86405f70a384c29cda888476,0,0,2,1,linux,BFC
89d5dcc48c08b4669a503e99e5f8dc7b5bcd2242,3,1,4,1,linux,BFC
f13efafc1a2cf30d4a74c00f40210d6de36db2d0,2,0,1,1,linux,BFC
301c8f5c32c8fb79c67539bc23972dc3ef48024c,16,0,2,2,linux,BFC
78b8e5b847b4c80b731d2ad8a9ce1a377ea68ef2,13,13,2,1,linux,BIC
12e1e7af1a55b9f911025365af4c689b3933c22a,0,0,2,1,linux,BFC
db46e3a88a09c5cf7e505664d01da7238cd56c92,5,3,1,1,linux,BFC
c3afd6e50fce824f551914c690f6b905787783cf,144,0,0,1,linux,BIC
2517b32bd9e178b0701f18f9ae8cc043f464dcea,1,0,11,1,linux,BFC
a37a1a428431d3e7e9f53530b5c56ff7867bd487,133,0,1,1,linux,BIC
a64d49c3dd504b685f9742a2f3dcb11fb8e4345f,6,3,0,1,linux,BIC
c5e58c4545a69677d078b4c813b5d10d3481be9c,4,0,9,1,linux,BFC
eddbf5d0204e550ee59de02bdc19fe90d4203dd6,1,0,0,1,linux,BFC
aa759fd376fbbfc34d5bf21b8f280ce68c17d064,28,0,0,1,linux,BIC
a725e514dbb444f2a39c2bc5de72eb5efbeb7d5e,15,4,25,1,linux,BIC
03715ea2e3dbbc56947137ce3b4ac18a726b2f87,4,0,0,1,linux,BFC
1d7b051891722a36ee0b228bc940dd245f161ab1,0,0,1,1,linux,BFC
0be0ae144109a43266631b94adef5c806c56a4b1,3,0,3,1,linux,BFC
c9ddf73476ff4fffb7a87bd5107a0705bf2cf64b,18,0,2,1,linux,BFC
fa43bc2a5a041c8935c1f6f5f8ab2d57efdd9644,0,0,2,1,linux,BFC
11aff183225c5cf48fae074cd99d8f18ba84ed34,1,0,0,1,linux,BFC
f072218cca5b076dd99f3dfa3aaafedfd0023a51,0,1,0,1,linux,BIC
cca7f12b939bd75f3a5e2b0fa20e3de67d1d33b1,0,0,1,1,linux,BFC
d08106796a78a4273e39e1bbdf538dc4334b2635,0,0,1,1,linux,BIC
880cd276dff17ea29e9a8404275c9502b265afa7,1,0,0,1,linux,BFC
909346433064b8d840dc82af26161926b8d37558,1,0,1,1,linux,BFC
30f33e6dee80c6ded917f978e4f377d1069d519d,112,5,5,2,linux,BIC
c1e0ab3789215a3dfbe95f226955e93ea4803391,13,6,12,4,linux,BFC
4d03e00a21409f63668349ae4123f5707d9a28cf,518,0,0,5,linux,BIC
15f36ebd34b5b296c274ef67024f14c2d394a507,49,2,1,2,linux,BIC
d3c89bbc7491d5e288ca2993e999d24ba9ff52ad,0,0,2,1,linux,BFC
41e8d7983752f2a0ada01fac11cbac7413e7beec,72,5,25,1,linux,BIC
b153cbc507946f52d5aa687fd64f45d82cb36a3b,4,0,1,1,linux,BFC
dd5a927e411836eaef44eb9b00fece615e82e242,2,0,0,1,linux,BFC
24c8e27e63224ce832b4723cb60632d3eddb55de,0,0,1,1,linux,BFC
14c127c957c1c6070647c171e72f06e0db275ebf,2,8,13,7,linux,BIC
83826469e36b9c8219f88c16713a755b2cea6ff5,1,0,0,1,linux,BFC
6c00612d0cba10f7d0917cf1f73c945003ed4cd7,27,0,1,3,linux,BFC
c238980efd3b35af70fc926066cf7440f50a97a9,3,3,0,1,linux,BFC
aab73d278d49c718b722ff5052e16c9cddf144d4,0,0,1,1,linux,BFC
e0afe91443a5fddef9213e7f429ab7f12756e769,6,0,1,1,linux,BFC
98e527af30a62cfb1e26f2a0ca76289bc7aba4d2,0,0,2,1,linux,BFC
4a067cf823d9d8e50d41cfb618011c0d4a969c72,1,0,0,1,linux,BFC
f081fda293ffba54216a7dab66faba7275475006,26,0,2,3,linux,BIC
6794c78243bfda020ab184d6d578944f8e90d26c,93,2,0,2,linux,BIC
fd364541319749c9880bf3ad613eac80fc6ea91e,15,15,7,1,linux,BIC
132e3209789c647e37dc398ef36af4de13f104b4,0,2,1,1,linux,BFC
700d4796ef59f5faf240d307839bd419e2b6bdff,8,8,10,6,linux,BIC
b1f896ce3542eb2eede5949ee2e481526fae1108,0,1,1,1,linux,BFC
7ecced0934e574b528a1ba6c237731e682216a74,2,0,0,1,linux,BIC
3e249d3bed677f18a8a9b87b2b9cf1beaeef886c,6,5,3,3,linux,BFC
b0cd324faed23d10d66ba6ade66579c681feef6f,2,13,2,3,linux,BIC
319e4dd11a207bac2eaa9b96060145cd0d4c12d2,65,0,0,8,linux,BIC
b475bf0ec40a2b13fb32ef62f5706576d5858460,0,0,1,1,linux,BFC
211f8304fa21aaedc2c247f0c9d6c7f1aaa61ad7,1,0,0,1,linux,BFC
0fde22c5420ed258ee538a760291c2f3935f6a01,1,0,0,1,linux,BFC
b56e7d45e80796ca963ac10902245b244d823caf,7,0,7,1,linux,BFC
896fbe20b4e2333fb55cc9b9b783ebcc49eee7c7,249,203,244,1,linux,BIC
d315e9e684d1efd4cb2e8cd70b8d71dec02fcf1f,0,4,9,1,linux,BFC
1b48773f9fd09f311d1166ce1dd50652ebe05218,2,0,2,1,linux,BFC
4435ff2f09a2fc43d1201d732e6e606b4d4b1ad5,289,0,6,1,linux,BIC
d5dba1376e2bafec0f4408dc65706c5908964083,1,0,0,1,linux,BFC
4c6980462f32b4f282c5d8e5f7ea8070e2937725,1,0,7,1,linux,BFC
008b30408c40ede5985397e7daac45d30b375a01,462,0,0,3,linux,BIC
db96c2cb4870173ea9b08df130f1d1cc9b5dd53d,1,0,4,1,linux,BFC
9afd85c9e4552b276e2f4cfefd622bdeeffbbf26,467,158,30,7,linux,BIC
26fc0ea74fcb9b76b41f5e9b89728cd1c01559cd,0,46,9,12,linux,BIC
7af5a14371c1cf94a41f08eabb62a3faceec8911,5,0,0,1,linux,BFC
2ca342d391e3d8b56ed64626db8cfba8101b7c1d,104,0,7,1,linux,BIC
1b777d4d9e383d2744fc9b3a09af6ec1893c8b1a,0,0,1,1,linux,BFC
e2efc424549eb66d227dfe6d073d1789a24bc698,0,2,7,1,linux,BFC
d95c9760d9c8e046b09b54a3bb6dd0c9aa7a0eff,12,0,0,1,linux,BFC
104a493390940e85fb7c840a9fd5214aba5cb3bd,0,3,1,1,linux,BFC
7eac35ea29dc54cbc8399de84c9bf16553575b89,4,4,2,1,linux,BFC
7a77dad7e3be1280456508841ccdd2a091b1906a,2,1,0,2,linux,BFC
3d5564e91025bd17d93d0a23ebf8e22309652591,22,3,4,4,linux,BIC
f21c8a276c2daddddf58d483b49b01d0603f0316,90,7,11,4,linux,BIC
f03984ca4fcfb356ee0765ae49a36288e6cdb165,0,0,2,1,linux,BFC
1f74e613ded11517db90b2bd57e9464d9e0fb161,1,0,1,1,linux,BFC
1fd224e35c1493e9f5d4d932c175616cccce8df9,0,2,2,1,linux,BFC
457f1864b569c4a5d49046fb9a88ab82e108cdfd,44,0,2,3,linux,BIC
f4c697e6406da5dd445eda8d923c53e1138793dd,4,0,1,1,linux,BIC
595a438c78dbdc43d6c9db4f437267f0bd1548bf,1,0,1,2,linux,BFC
e689e998e102100bdf7991763d4c244704846f2d,7,4,0,2,linux,BIC
6c782a5ea56a799658e213a78dc1455264938afa,0,0,4,1,linux,BFC
30abbe7727b23c6661daeea5d36be36ed7a41665,0,0,1,1,linux,BFC
49b7624eda6867d2803bcc5bbf6f25936184304a,2,4,2,1,linux,BFC
07e6124a1a46b4b5a9b3cacc0c306b50da87abf5,11,0,6,1,linux,BIC
7d007d21e539dbecb6942c5734e6649f720982cf,51,0,5,1,linux,BIC
c469652bb5e8fb715db7d152f46d33b3740c9b87,5,0,0,1,linux,BIC
7e96adc46633b7283b20dc58bc9ab3693cea0df4,40,0,0,3,linux,BIC
fd16931a2f518a32753920ff20895e5cf04c8ff1,1,0,0,1,linux,BFC
a46bfdc83fee0a83aae54390729df12abce57f45,0,5,3,1,linux,BIC
57cc732479bac2a3cbd759fb07188657c871d5c1,1,0,0,1,linux,BIC
43b6573bac95d7cc8a7fb51efe8468c994f5cf56,40,21,3,3,linux,BIC
701e48a43e1578c6095d8298ffd1afd8d0ae63be,113,0,56,9,linux,BIC
a8de85d557004d6d4e4cf79ecd6b97339b986fe9,11,0,32,2,linux,BIC
98744b408c757901df57fa50cbd5826245dc3a1f,1,0,0,1,linux,BFC
1e75629cb964b5b2fdf79553da8d1a3c72b62faa,7,0,0,3,linux,BIC
279b7e8a62cc4f524dac49ac3ab5bc401a965422,395,0,0,1,linux,BIC
71f3871657370dbbaf942a1c758f64e49a36c70f,24,0,2,3,linux,BFC
c405f5c15e9f6094f2fa1658e73e56f3058e2122,5,0,0,1,linux,BFC
b4ee8a913e617a2d0f19226225bc025c8640bf34,54,0,9,2,linux,BIC
ce222748078592afb51b810dc154531aeba4f512,13,0,7,1,linux,BFC
2ec13df167040cd153c25c4d96d0ffc573ac4c40,17,0,3,1,linux,BIC
8eed292bc8cbf737e46fb1c119d4c8f6dcb00650,1,0,1,1,linux,BFC
b0adca4d50169d9a05912e208a89cdd615da40d4,7,1,0,2,linux,BFC
5da889c795b1fbefc9d8f058b54717ab8ab17891,0,0,1,1,linux,BFC
38e71240e2ff97184cdcdaf877cf62d3f16678e2,0,0,1,1,linux,BFC
87562fcd134214a68e58d0714b820f2f2da75b1f,86,0,9,2,linux,BIC
81a56f6dcd20325607d6008f4bb560c96f4c821a,15,1,10,1,linux,BIC
d1a2930d8a992fb6ac2529449f81a0056e1b98d1,0,0,1,1,linux,BFC
a54dc4a4904568fe2c6b2ba249dcc97612affebb,16,3,2,1,linux,BIC
05645366f3893c160bd39ca49f3fe2f2f026f58b,0,0,1,1,linux,BFC
dd6028a3cb5da85d6c8ff20a593a7a70d10d650c,0,0,1,1,linux,BFC
053d20f5712529016eae10356e0dea9b360325bd,16,5,3,1,linux,BFC
a35ba2f74df5481cb4db1e9d582c708efeb9880d,3,3,0,1,linux,BFC
6ae5fd381251993a650a7fad51bd9318c19a6c80,2,0,10,1,linux,BIC
1fc766b5c08417248e0008bca14c3572ac0f1c26,0,0,2,1,linux,BFC
b5b5b4dc6fcd8194b9dd38c8acdc5ab71adf44f8,7,1,2,1,linux,BFC
41ab43c9c89e06ff08a4750d1b09e227ea97894f,10,0,0,1,linux,BIC
de3b7a06dfe15bda3e66a52285d422b954bb4832,0,0,1,1,linux,BIC
1d316e658374f700fdfff9299c70ce65d8d145e6,19,5,47,3,linux,BIC
a32c94af5e64f686dda524ad2171e6cd03120a8a,0,0,4,1,linux,BFC
f42f8eb27e5077cb1881da8f006bff19a8924a9f,0,0,1,1,linux,BFC
060d0bf491874daece47053c4e1fb0489eb867d2,2,0,0,1,linux,BFC
8cfa272b0d321160ebb5b45073e39ef0a6ad73f2,1,0,0,1,linux,BFC
50066a042da5457ae5b6397425f0a7ca556231e3,27,0,2,2,linux,BIC
026d9835b62bba34b7e657a0bfb76717822f9319,0,0,1,1,linux,BFC
77cf3f5dcf35c8f547f075213dbc15146d44cc76,8,0,1,1,linux,BFC
68553f1a6f746bf860bce3eb42d78c26a717d9c0,2,0,5,1,linux,BFC
d0eed1545fe75f115a548691a008e94b0e7abc45,5,14,12,1,linux,BIC
21fb26bfb01ffe0d9a9a967ffe061092128bbffe,42,32,4,5,linux,BIC
c1a8d0a3accf64a014d605e6806ce05d1c17adf1,1,0,0,1,linux,BFC
dd926880da8dbbe409e709c1d3c1620729a94732,5,0,0,1,linux,BFC
ab1068d6866e28bf6427ceaea681a381e5870a4a,1,1,4,1,linux,BFC
9ced12182d0d8401d821e9602e56e276459900fc,0,0,1,1,linux,BFC
bcd7726f7d4f3c7d9c7e6d0a833520c61dd9eb21,6,0,3,1,linux,BFC
f4363e64c204411c8f446921e0ac06d18806652c,0,0,3,1,linux,BFC
c74dd88e77d3ecbc9e55c78796d82c9aa21cabad,2,0,1,2,linux,BFC
802c2125689d1ceedd9671a8f728e85eacdac077,105,0,12,2,linux,BIC
5ff8dda3035d95df5bf6979136eb82b0e301726b,0,0,3,1,linux,BIC
21431f70f6014f81b0d118ff4fcee12b00b9dd70,0,0,2,1,linux,BFC
6cdae8173f6771977c3863bac7f1455c96bb1f6e,190,0,0,1,linux,BIC
c2198943e33b100ed21dfb636c8fa6baef841e9d,33,2,2,1,linux,BIC
45f0bbdafd26d6d772172563b30bff561cec9133,3,0,1,1,linux,BFC
644d711aa0e16111d8aba6d289caebec013e26ea,251,0,1,1,linux,BIC
ba7f4f557eb67ee21c979c8539dc1886f5d5341c,4,0,2,1,linux,BIC
9659281ce78de0f15a4aa124da8f7450b1399c09,0,0,1,1,linux,BFC
9169051617df7fca597274e9e43324332cb8f0ee,10,0,3,1,linux,BIC
341487ab561f3937a5283dd77c5660b1ee3b1f9e,111,0,1,2,linux,BIC
66929812955bbec808c94d7a3916f41638a98a0a,99,0,0,2,linux,BIC
eb5f6b8ee9e4fcdda3807aff02a3df2d7ca51bbf,9,1,2,1,linux,BFC
7d36db0be3b9f906b291c40c805746a63754a455,3,102,7,3,linux,BIC
022b02b4505ecea5eda02b18683531e49f7d8eb7,16,0,1,3,linux,BFC
ccc9e67ab26feda7e62749bb54c05d7abe07dca9,10,10,0,1,linux,BIC
d69843e416d315123aea4831c3a7dfb299526681,19,0,2,1,linux,BIC
fb2d9505c0dbd4f5e00db70f7ca0ca7a3d75ca63,3,2,16,1,linux,BFC
dce9446192439eaac81c21f517325fb473735e53,2,0,0,1,linux,BFC
b9c32fb2717094231b31a7d7dcf5fd7f3638ac2f,15,0,13,2,linux,BIC
64701dee4178eb4a771b8b36cd86560f5b0e2460,12,0,0,1,linux,BIC
8a46f71d343814a07f37d209e6b15b2a6573f8da,0,0,1,1,linux,BFC
0254e953537c92df3e7d0176f401a211e944fd61,1,4,7,3,linux,BIC
964af639ad699404cbe36d0c1fc85970700e6107,40,0,0,3,linux,BIC
2888b080d05c819205bbfe52c624a639f44c266a,4,0,1,1,linux,BFC
bfa709bc823fc32ee8dd5220d1711b46078235d8,2,0,1,1,linux,BIC
dadf33c9f6b5f694e842d224a4d071f59ac665ee,0,0,1,1,linux,BFC
70693f470848f05fae04144675e6e41b105d45fe,12,0,1,5,linux,BIC
408eccce32044ee3285a7f6a812723ba3540c3e7,143,73,23,6,linux,BIC
33d63b1f4d3a47f4697f86ab83b1c7221da4236e,2,0,4,1,linux,BFC
7903a70867230d9edbd5e886cd8b8a2b248f418f,2,0,12,1,linux,BIC
ce748eaa65f2e9392ba82726503c8d994ffd6393,30,0,36,18,linux,BIC
c7da2782abca7fc1a143a8246ddf3d3175d7fbf6,0,0,1,1,linux,BFC
39e5d2df959dd4aea81fa33d765d2a5cc67a0512,41,0,1,4,linux,BIC
527f721478bce3f49b513a733bacd19d6f34b08c,6,0,0,1,linux,BFC
44d6f2ef94f9825e6eb9072f1611e0ea4cd81fa1,317,0,0,1,linux,BIC
27d6b4d14f5c3ab21c4aef87dd04055a2d7adf14,37,172,7,4,linux,BIC
38ea9def5b62f9193f6bad96c5d108e2830ecbde,6,0,0,1,linux,BFC
ec7957a6aa0aaf981fb8356dc47a2cdd01cde03c,2,0,1,1,linux,BFC
531d2410635ce290bee215f4bf9ec8ca98cf7302,2,4,1,4,linux,BIC
49525e5eecca5e1b4a83ac217868e8d8b843539f,720,0,0,2,linux,BIC
4565af0d406bed44bc8756230eae8f7caa5e0334,0,2,1,1,linux,BIC
9996b049f64125dbf05916e80a06546e92185f9f,23,79,23,3,linux,BFC
2196dfea896f7027b43bae848890ce4aec5c8724,0,0,4,1,linux,BFC
a8876c22eab9a871834f85de83e98bbf7e6e264d,2,3,0,2,linux,BFC
0b295a1eb81f37dc7d4f4f2ee9ef375fb36ab5d8,21,10,17,9,linux,BIC
29040d1ac569606fece70966179de272cfc0d4db,8,0,1,2,linux,BFC
395f41e2cdac63e7581fb9574e5ac0f02556e34a,6,0,4,1,linux,BFC
0ce267ff95a0302cf6fb2a552833abbfb7861a43,7,0,1,3,linux,BFC
8bad3bf23cbc40abe1d24cec08a114df6facf858,0,0,1,1,linux,BFC
f86c3ed55920ca1d874758cc290890902a6cffc4,152,6,46,2,linux,BIC
95278ddaa15cfa23e4a06ee9ed7b6ee0197c500b,0,9,26,3,linux,BFC
12d057bad683b1c60476681ecc835c858018df60,45,0,2,1,linux,BIC
f52d166819a4d8e0d5cca07d8a8dd6397c96dcf1,94,0,2,3,linux,BFC
f88a333b44318643282b8acc92af90deda441f5e,0,3,2,2,linux,BFC
97cc16943f23078535fdbce4f6391b948b4ccc08,3,0,0,1,linux,BFC
29debab0a94035a390801d1f177d171d014b7765,4,0,0,1,linux,BFC
1837b2e2bcd23137766555a63867e649c0b637f0,24,2,2,3,linux,BFC
9cc31b3a092d9bf2a18f09ad77e727ddb42a5b1e,25,2,7,4,linux,BFC
6115c11fe1a5a636ac99fc823b00df4ff3c0674e,1,0,1,1,linux,BFC
3b2549a3740efb8af0150415737067d87e466c5b,0,0,1,1,linux,BFC
d0af683407a26a4437d8fa6e283ea201f2ae8146,1,0,2,1,linux,BFC
a50134b1983b8860e0e74e41579cbb19a7304ca7,13,8,24,11,linux,BIC
8bf26aa10a8e158be1bf92efd12da316f6d30687,0,0,1,1,linux,BFC
a2083eeb119fb9307258baea9b7c243ca9a2e0b6,3,0,2,1,linux,BFC
d28c74c107518c4f9452e6c8f55a65125a8d6588,97,0,0,1,linux,BIC
951ef0e19f0736b45d1c4d81f4dfa04a43f87df5,0,0,1,1,linux,BFC
8ced390c2b18364af35e3d3f080e06f8ea96be9a,6,0,26,8,linux,BIC
068396bb21c8aa3b2f797c58eb9e623d7cf271bb,48,4,16,3,linux,BFC
f42752729e2068a92c7d8b576d0dbbc9c1464149,0,0,1,1,linux,BFC
9540d977618c31586035870a56bd2d1cc2b4a9ba,13,0,8,1,linux,BFC
864150dfa31dceab6ec5ca4579a2d35ede985cb7,15,0,2,4,linux,BFC
a7150e382267d5d2bb3e1a2a07776e97646b0952,1,0,2,1,linux,BFC
6556ff32f12d0a5380dd2fa6bbaa01373925a7d1,2,0,14,3,linux,BIC
51cf07a7b6cd99d9b910932e2af4e7282782e3fe,0,2,0,1,linux,BFC
c421530bf848604e97d0785a03b3fe2c62775083,13,0,4,1,linux,BIC
9a27a33027f22a716ce362be48d70ae0eb012ab7,103,0,2,3,linux,BIC
a04e23d42a1ce5d5f421692bb1c7e9352832819d,4,0,0,2,linux,BFC
21a268069203cc72d1b2990bc68386516fabc274,2,0,1,1,linux,BFC
bcd8a45223470e00b5f254018174d64a75db4bbe,11,0,0,1,linux,BFC
90d000288e115ca63452813c423f9dfd9f521c96,0,1,0,1,linux,BFC
c4b78169e3667413184c9a20e11b5832288a109f,21,18,0,1,linux,BFC
3411f9f01b76bd88aa6e0e013847ab6479cb4f24,275,0,0,5,linux,BIC
091311debcf02ff80a76d70b524eba4b2ffe66f1,0,1,1,1,linux,BFC
01bb630319337be15fc50c211126180198d4e157,0,2,5,1,linux,BFC
7cc3965fde74c9c725ed01de4ac35bc7d562d16a,0,0,14,2,linux,BIC
8068df3b60373c390198f660574ea14c8098de57,7,0,1,1,linux,BFC
ea6763c104c93acb6554659fe4a3c9e9328a4b51,110,95,0,3,linux,BIC
e0aa1563f8945d9b8f472426d100bed190a4308f,200,0,4,1,linux,BIC
739f79fc9db1b38f96b5a5109b247a650fbebf6d,34,0,17,3,linux,BFC
ce210d35bb93c2c5c8857878123275ecdcfd7018,667,0,1,2,linux,BIC
7caff0fc4296eba5e2e473e6719726c65f1b7c31,1413,0,0,1,linux,BIC
04c2721d3530f0723b4c922a8fa9f26b202a20de,0,2,1,1,linux,BFC
8626816e905e8e131663dfcae27d307df8c220d0,414,0,0,2,linux,BIC
02a3307aa9c20b4f6626255b028f07f6cfa16feb,2,2,1,1,linux,BFC
b3d91800d9ac35014e0349292273a6fa7938d402,18,5,10,2,linux,BIC
eed7624552ca55c346a4e9ccaa9ab0723841aee6,1,0,0,1,linux,BFC
10462b3558d418929dad8312dd8ae5d40116c1eb,0,0,1,1,linux,BFC
763a47b8e1abc7cee0a0f550330124ef1199d58d,0,33,49,3,linux,BIC
033745189b1bae3fc931beeaf48604ee7c259309,4,0,1,1,linux,BIC
98da0106aac0d3c5d4a3c95d238f1ff88957bbfc,8,0,3,1,linux,BFC
0c89649a70bed679fd408c1eb82fa99dbe1354a0,13,0,0,1,linux,BFC
ae66fb2ba6c3dcaf8b9612b65aa949a1a4bed150,16,0,4,2,linux,BIC
7aae6e2df127f9f7a96c21e21a277dd7ff063e6a,472,0,0,1,linux,BIC
c0955bf957be4bead01fae1d791476260da7325d,0,0,1,1,linux,BFC
357ca38d47519c1b90eebfe58e188dd299ee2cef,1,0,2,1,linux,BIC
2e6f11a797a24d1e2141a214a6dd6dfbe709f55d,2,0,0,1,linux,BFC
1db1a862a08f85edc36aad091236ac9b818e949e,0,0,2,1,linux,BFC
9384167070713570a25f854d641979e94163c425,15,73,14,2,linux,BIC
51d3cfaf992ff52c2e922dc935a78f415038a2da,0,0,1,1,linux,BFC
cb6b771b05c3026a85ed4817c1b87c5e6f41d136,0,0,1,1,linux,BIC
9db299c736eea35ea97dbc9d80a58befc067bcd8,0,0,2,1,linux,BFC
7a9795b31049b7e233d050a82b00094155a695c7,2,0,0,1,linux,BFC
98721b84bc8319ffcbc450ca7de032702248b2ba,1,0,0,1,linux,BFC
ccff2dfaceaca4517432f5c149594215fe9098cc,1,0,3,1,linux,BFC
6b8b42585886c59a008015083282aae434349094,1,0,2,1,linux,BFC
f00817df2b428ec13711bd27729f992b8c3af054,92,0,0,3,linux,BIC
4ff753feab021242144818b9a3ba011238218145,37,17,32,1,linux,BFC
c3f1ee292f23cf49b43c0e9cf8c52bec821b6649,0,0,1,1,linux,BFC
0c7aecd4bde4b7302cd41986d3a29e4f0b0ed218,243,0,0,4,linux,BIC
4e4b08e55889da97dec750759f3ade8cc92b4644,1,0,1,1,linux,BFC
ec7981e6c614254937b37ce0af9eac09901c05c5,30,0,1,1,linux,BFC
049e5feae18fe07df0687dc14582f338dde3fb56,0,1,0,1,linux,BFC
c6564c13dae25cd7f8e1de5127b4da4500ee5844,5,0,1,1,linux,BFC
eef9ffdf9cd39b2986367bc8395e2772bc1284ba,0,0,1,1,linux,BFC
5ba1071f7554c4027bdbd712a146111de57918de,0,0,4,2,linux,BIC
815425567dea6c54494e85050631d6bdda907c5d,3,0,2,1,linux,BFC
917cc5945f18fc9464d597b4c1bb50ac745d78b6,0,0,1,1,linux,BFC
6f6f42466d902c92f21b46a45e6af22d1d663607,9,1,0,1,linux,BFC
07740c92ae57ca21204f1e0c6f59272cdf3190cc,27,0,0,2,linux,BIC
56eb3a2ed9726961e1bcfa69d4a3f86d68f0eb52,86,67,8,2,linux,BIC
e6471a65fdd5efbb8dd2732dd0f063f960685ceb,4,0,0,1,linux,BFC
7252a3603015f1fd04363956f4b72a537c9f9c42,40,67,10,2,linux,BIC
c48300c92ad9f029f4dcbcf5d71ad880e3acf2fa,0,0,1,1,linux,BFC
3c7151275c0c9a80c3375f9874b1c7129a105eea,4,0,1,2,linux,BIC
0ea683931adb27d588fa74c30ac242ed2414e438,49,32,61,1,linux,BIC
a3e2acc5e37b22b6808a0b8e46887c3577de9c9e,150,0,1,2,linux,BIC
67bbceedc9bb8ad48993a8bd6486054756d711f4,6,0,0,1,linux,BFC
e19233955d9e9a9ae202723b9a38ef38e755b5c0,1623,0,0,1,linux,BIC
e4b89fcee45508bba5e051aaf9ef8fe66fc477dc,12,0,5,3,linux,BFC
6a43074e2f461c2c49a607f9f6f5218d53f97d1e,42,0,8,1,linux,BIC
93ad42020c2d3fb4a277cc04c014e1ea0d8b0850,63,0,7,1,linux,BIC
4f3530f4a41d49c41015020cd9a5ed5c95b5d2db,0,0,3,1,linux,BFC
66ddc69373a8d5a08fe4341d9e912bfdac602248,3,0,0,1,linux,BFC
807eaf99688ce162a98a7501477644782d4af098,3,0,2,1,linux,BFC
23380e4d53305765789fd1a2cf6bddb07239cd3b,12,0,5,1,linux,BFC
64a67d4762ce3ce4c9466eadd152d825fbf84967,6,0,8,1,linux,BFC
99e40204e014e06644072c39001a269d9689e0d1,2,6,1,2,linux,BFC
6d622692836950b3c943776f84c4557ff6c02f3b,15,6,1,1,linux,BIC
011e4b02f1da156ac7fea28a9da878f3c23af739,8,0,1,2,linux,BFC
9edf723fd85822c7b7d8ef4f41a74c5a33eeca0c,170,0,0,2,linux,BIC
0215466a8585b6d9c132f9d9e46da3966a84eabb,1,0,0,1,linux,BFC
47fdee60b47fc2836b256761ab60ada26788b323,7,31,21,1,linux,BIC
58b1a45086b5f80f2b2842aa7ed0da51a64a302b,0,7,8,1,linux,BFC
352ded44fbd8622670ff95e90ca732a5b036ce79,0,0,2,1,linux,BFC
9c7f96fd77b0dbe1fe7ed1f9c462c45dc48a1076,1,0,5,1,linux,BFC
84dad55951b0d009372ec21760b650634246e144,0,2,2,1,linux,BFC
826c387d015247df396a91eadbaca94f0394853c,0,101,2,2,linux,BFC
6c73358c83ce870c0cf32413e5cadb3b9a39c606,0,0,1,1,linux,BFC
33a48927c193d030c80ecaeb3e021b7ed85f9c78,51,43,8,1,linux,BIC
43b18595d6603cb4197fb9b063915cd7802141a6,23,11,46,9,linux,BIC
3d63a47a380a873408dad10ca62bd8299b2208f1,29,28,0,1,linux,BIC
3106c580fb7cf26691c1ce3aba2223f3ae56d846,92,15,20,4,linux,BIC
190df4a212a708fdd18f6cabfdd82594c91fdf25,266,1,5,4,linux,BIC
616bf80d381da13fbb392ebff06f46f946e3ee84,0,3,0,1,linux,BIC
c39ea5cba5a2e97fc01b78c85208bf31383b399c,3,3,0,1,linux,BFC
169b803397499be85bdd1e3d07d6f5e3d4bd669e,0,0,1,1,linux,BFC
40ac790d99c6dd16b367d5c2339e446a5f1b0593,0,0,2,1,linux,BFC
9253e11503b4c091509c723f3330119b4fc8c7f0,40,0,0,2,linux,BFC
876dcf2f3aaa0f68d437b368b93a4c4b81521191,13,0,2,2,linux,BFC
b135e324d7a2e7fa0a7ef925076136e799b79f44,0,1,1,1,linux,BFC
fb5c2029f8221e904e604938171c4a8ef169aadb,5,0,3,1,linux,BFC
aa5d1b81500e6059190f18fe25a7617682321910,8,0,4,2,linux,BIC
9f255b632bf12c4dd7fc31caee89aa991ef75176,14,0,1,2,linux,BIC
e8e0f0f484780d7b90a63ea50020ac4bb027178d,0,3,2,1,linux,BFC
8e731ee5e2a5aa37b736c05ee2562e1169af866e,0,1,1,1,linux,BFC
193ba03141bb987c3af985f6479840030fec0534,0,3,1,1,linux,BIC
34043d250f51368f214aed7f54c2dc29c819a8c7,0,0,1,1,linux,BFC
b28d7b2dc27f0eef1ae608b49d6860f2463910f1,0,0,1,1,linux,BFC
2c9fa49e100f962af988f1c0529231bf14905cda,116,102,32,4,linux,BIC
eabf0fad81d52b8e23f3a6eb5d2c8cac452f50ee,561,0,0,4,linux,BIC
c4ee06251d4212a0d55e2371f2db464f6a1e0901,41,35,44,5,linux,BIC
941d935ac7636911a3fd8fa80e758e52b0b11e20,60,21,5,1,linux,BFC
02f3afd97556017872a2d01d03d4ce66f8421a65,2,0,41,6,linux,BFC
057996380a42bb64ccc04383cfa9c0ace4ea11f0,275,0,1,4,linux,BIC
54cb31901b831befb4f9347dd002dcc8ff2cc263,23,29,44,4,linux,BIC
4f350c6dbcb9000e18907515ec8a7b205ac33c69,36,20,39,1,linux,BIC
1f47b61fb4077936465dcde872a4e5cc4fe708da,32,0,6,1,linux,BIC
09b25812db10fcbd7937c1b7ca279c5c0d77ba9d,12,0,4,3,linux,BIC
0e58af4e1d2166e9e33375a0f121e4867010d4f8,22,0,0,1,linux,BIC
78cdfcea289a59026a8410284e972658410e3447,0,1,0,1,linux,BFC
582f3503f96543f3afbaaaa085755fd167a0f71e,6,3,9,1,linux,BFC
4f7a0728b5305e2d865f543fbcffd617e03c7674,55,12,101,2,linux,BIC
a2befe9380dd04ee76c871568deca00eedf89134,4,0,3,1,linux,BFC
22da1d56e982151e0bdfafe9de6fe94098a51356,99,15,17,1,linux,BIC
23446cb66c073b827779e5eb3dec301623299b32,0,0,1,1,linux,BFC
303cc749c8659d5f1ccf97973591313ec0bdacd3,0,0,1,1,linux,BFC
b2b1dab6884e39c9cea2650b0c399e1990cd855a,269,0,2,2,linux,BIC
870e3a634b6a6cb1543b359007aca73fe6a03ac5,0,0,4,2,linux,BFC
51c05340e407b14b7d8ca5c6ad7027f269fc617b,16,0,5,1,linux,BIC
6e3f62f0793ebff3f91076490ff0fbb107939701,6,0,1,1,linux,BIC
ac8cfc7bb836835bd68c3ab9da242747e9df9542,0,1,0,1,linux,BFC
e95a1b656a9809acd8ba8eb867ac6a7759d6180e,6,25,69,2,linux,BIC
d41a3c2be178783c85e05025265ab58fbb4d4ce1,21,0,1,1,linux,BFC
ed5e484b79e8a9b8be714bd85b6fc70bd6dc99a7,18,18,5,3,linux,BFC
030e4138d11fced3b831c2761e4cecf347bae99c,1,0,0,1,linux,BFC
5ea428595cc53677a0a5bacd950307463c40411f,784,0,0,4,linux,BIC
917de180379da229c8c37fa790b76d0353576581,11,23,29,4,linux,BIC
3f2b9c9cdf389e303b2273679af08aab5f153517,5,38,3,2,linux,BIC
a07c45312f06e288417049208c344ad76074627d,0,0,7,1,linux,BFC
fa04b769f2832bf1aeb2e04b8865f6b688a752fd,0,0,1,1,linux,BFC
5515c3448d55bdcb5ff8a1778aa84f34e4205596,24,22,2,1,linux,BFC
38340cb2ac4a814e74f36d80752a343b4747afc5,0,4,0,1,linux,BFC
1bdb8970392a68489b469c3a330a1adb5ef61beb,1,0,1,1,linux,BFC
37d33114240ede043c42463a6347f68ed72d6904,0,3,2,2,linux,BFC
36b312792b97933dc07abe074f50941199bd357c,6,0,0,1,linux,BIC
c4f3db15958277c03d1c324894255ea3ecbf86e1,64,34,18,8,linux,BIC
8c9d956ab6fbd10413398eeb81f433b07c1c23d7,22,0,20,3,linux,BIC
7373de9adb19aebed2781d3fdde576533d626d7a,0,1,0,1,linux,BFC
4fb13499d3a0cc74cf9820c052481f0ccda2bb23,5,0,4,1,linux,BFC
0032ce0f85a269a006e91277be5fdbc05fad8426,1,0,1,1,linux,BFC
6ad1c94e1e7e374d88f0cfd77936dddb8339aaba,5,0,0,1,linux,BFC
5b596e0ff0e1852197d4c82d3314db5e43126bf7,0,0,1,1,linux,BFC
7d4c85b7035eb2f9ab217ce649dcd1bfaf0cacd3,0,0,3,1,linux,BFC
b318e8decf6b9ef1bcf4ca06fae6d6a2cb5d5c5c,32,10,42,2,linux,BFC
5e6bdd37c5526ef01326df5dabb93011ee89237e,181,0,12,3,linux,BIC
55606310e77f5099d01b59ea9a25401f521c5713,5,0,3,1,linux,BIC
c58e81341aecf79c8ce6ea79fee31b3193cd6e78,6,0,1,1,linux,BFC
422b67e0b31a0ed132f8091b6f3d5465d9df9387,16,0,0,1,linux,BIC
8bab797c6e5724a43b7666ad70860712365cdb71,0,1,0,1,linux,BFC
a9b6de77b1a3ff729f7bfc54b2e17711776a416c,16,0,10,1,linux,BFC
0164e0d7e803af3ee1c63770978c728f8778ad01,0,1,1,1,linux,BFC
b5d3755a22e0cc4c369c0985aef0c52c2477c1e7,3,6,3,4,linux,BFC
68f6f492c4fae8b5f0204de99689408f524c8b14,78,0,11,4,linux,BIC
6e49412016f5f28ae36c3eaa5a36ec787b788951,1,0,1,1,linux,BFC
5df275cd4cf51c86d49009f1397132f284ba515e,21,0,15,1,linux,BFC
cbc336c09b6d6dfb24d20c955599123308fa2fe2,0,0,1,1,linux,BFC
ee73f9a52a34377887acfa3b76169709e80d577c,9,0,17,7,linux,BIC
7e63c87fc2dcf3be9d3aab82d4a0ea085880bdca,20,0,7,3,linux,BFC
357b2f3dd9b7e220ddbaef5bcc108f0359dc0fcf,73,0,11,4,linux,BIC
7af4cc3fa158ff1dda6e7451c7e6afa6b0bb85cb,1118,0,0,5,linux,BIC
74c66120fda6596ad57f41e1607b3a5d51ca143d,0,0,1,1,linux,BFC
2778797037a658be71a6c55b54700bf58ba21eb7,2,0,0,1,linux,BIC
4a1e7c0c63e02daad751842b7880f9bbcdfb6e89,122,0,20,5,linux,BIC
d1b3e72d549094317c12c79c7817861a97004a56,3,0,4,3,linux,BIC
3a12500ed5dd21a63da779ac73503f11085bbc1c,4,0,0,1,linux,BIC
2ac0d686971aad123bb5be07183b7623e99e4e68,31,3,12,1,linux,BFC
664d5df92e88b6ef091048a802b3750f4e989180,241,11,61,1,linux,BIC
f9d34595ae4feed38856b88769e2ba5af22d2548,4,0,0,1,linux,BFC
cc4598cf179ff636d7634008045905a88480bb88,0,0,2,1,linux,BFC
8ba0f9bd3bdea1058c2b2676bec7905724418e40,0,0,4,1,linux,BFC
5bf5635ac1705b8d58fdef5ff0666ef0e72b4629,32,6,2,2,linux,BIC
9dad325f9d57508b154f0bebbc341a8528e5729c,314,10,4,9,linux,BIC
d2c19b06d6ea16c715a18a60037992331ba4083d,39,43,43,1,linux,BIC
5706cb3c910cc8283f344bc37a889a8d523a2c6d,0,0,1,1,linux,BIC
23127296889fe84b0762b191b5d041e8ba6f2599,127,18,50,8,linux,BIC
09a80f2aef06b7c86143f5c14efd3485e0d2c139,1,0,0,1,linux,BFC
bb0db70f3f75e0d994a627f22c3ff2d8ec6191c4,620,461,8,3,linux,BIC
f23a566bbfc0896c97b1949216eb87fcdcb154bb,0,0,2,1,linux,BFC
915d7e5e5930b4f01d0971d93b9b25ed17d221aa,276,0,1,6,linux,BIC
e7b11dc7b77bfce0a351230a5feeadc1d0bba997,7,3,2,1,linux,BIC
0f84a156aa3b9c9889c64a31d36b533508fabcb7,156,0,0,5,linux,BIC
2beb6d2901a3f73106485d560c49981144aeacb1,0,0,4,1,linux,BFC
4e45f712d82c6b7a37e02faf388173ad12ab464d,0,0,12,1,linux,BFC
dfa758638fd2d1184760deb2693abf76e982c53a,4,0,0,1,linux,BFC
282420eed23f237963f2033b2f2bedb90fbcc5e1,51,72,69,1,linux,BIC
bccec89f0a35f65302734d1cdb01479df0f33ac9,162,0,1,1,linux,BIC
6871af29b3abe6d6ae3a0e28b8bdf44bd4cb8d30,103,0,0,4,linux,BIC
bbd9f9ee69242f23c6063f0102bbb98f5bd23521,120,0,6,2,linux,BIC
56bb7c28ad00e7bcfc851c4e183c42d148d3ad4e,0,0,1,1,linux,BFC
198d83bb3becf2e9c6c4fa744f35296c20da795a,8,0,1,1,linux,BIC
5a7bd25992e48aacdbd73c09a54f15cd163e92cd,3,1,14,1,linux,BFC
8f90161a66bc3d6b9fe8dde4d9028d20eae1b62a,1,0,0,1,linux,BFC
597399d0cb91d049fcb78fb45c7694771b583bb7,6,1,5,2,linux,BIC
ebb5e78cc63417a35254a791de66e1cc84f963cc,626,18,105,12,linux,BIC
9236f57a9e51c72ce426ccd2e53e123de7196a0f,0,0,4,1,linux,BFC
d6ab93364734bd88a1011432faa9253680f7e9da,15,36,6,1,linux,BIC
bd9240a18edfbfa72e957fc2ba831cf1f13ea073,79,0,0,1,linux,BIC
76dc3769d7c3cdcfa7c4c7768a7cb87cd91af12f,1,0,3,1,linux,BFC
e436fd61a8f62cb7a16310a42b95ab076ff72eff,1,0,0,1,linux,BFC
caa8422d01e983782548648e125fd617cadcec3f,2,0,1,2,linux,BIC
856a0a6e2d09d31fd8f00cc1fc6645196a509d56,0,0,1,1,linux,BFC
1d22b6033ea113a4c3850dfa2c0770885c81aec8,0,3,3,2,linux,BFC
f54b311142a92ea2e42598e347b84e1655caf8e3,49,0,13,5,linux,BIC
45bfcfc168f84f498d9825ec20ff3f4ee9208e04,75,0,0,2,linux,BIC
c00e14cd4d3fbc5469d6e367371f9e4786a08c03,3,0,0,1,linux,BFC
0f6a30150ca2e0cf4f893e7173d61434a3c02e0e,77,0,3,4,linux,BIC
37f12202c5d28291ba5f83ce229771447ce9148f,0,0,1,1,linux,BFC
d4aef1e122d8bbdc15ce3bd0bc813d6b44a7d63a,8,1,0,1,linux,BFC
cfe0d370e0788625ce0df3239aad07a2506c1796,1,0,0,1,linux,BFC
34393529163af7163ef8459808e3cf2af7db7f16,8,0,2,1,linux,BIC
47e4dc4e63e1dcb8eec01c4214bcefc248eb72ed,0,0,2,1,linux,BFC
4511781f95da0a3b2bad34f3f5e3967e80cd2d18,6,0,0,1,linux,BFC
8642b31ba9eef8a01845146a26682d4869e62513,3,0,1,1,linux,BFC
a1ba9da8f0f9a37d900ff7eff66482cf7de8015e,2,0,10,1,linux,BFC
2562756dde550901c224e3805102bdfc17e7d13a,527,0,0,2,linux,BIC
d8a080c3746c0b60905a88ca56e83a8239c184e0,0,0,1,1,linux,BFC
51d7cccf07238f5236c5b9269231a30dd5f8e714,34,1,17,6,linux,BIC
ed3af5fd08ebe3b39cdd37ec2a473ef98e05ce39,71,0,0,2,linux,BIC
4f1dd973acffeb67142d39f3bfbc4dd0569f2da6,5,0,0,1,linux,BFC
a0a6d4ffd2adc76c192ebe7ef89b81e3f2f4a078,70,0,0,1,linux,BIC
ddf30f7ff840d4467ef45ec0b443575f9e95bec6,1051,0,9,10,linux,BIC
a38923f2d088d1a5cbaa86818abe039b2f87093d,0,3,2,1,linux,BFC
d2cabd2dc8da78faf9b690ea521d03776686c9fe,0,0,1,1,linux,BFC
4bbfed9112ca9da88ac83d5ffe62c988f7169e9f,0,0,1,1,linux,BFC
cc8f12996e24b102a086a253055ecc58c437c31d,0,0,1,1,linux,BFC
af9f691f0f5bdd1ade65a7b84927639882d7c3e5,1,0,0,1,linux,BFC
9208c707650354dff5b164b586837454f7285124,0,0,1,1,linux,BFC
5f527ba962e277963b08f4c7f12fbeeac3f34e3c,25,1,1,2,linux,BIC
dfb06cba8c73c0704710b2e3fbe2c35ac66a01b4,0,0,1,1,linux,BFC
651740a502411793327e2f0741104749c4eedcd1,8,0,0,1,linux,BFC
b8ebf250997c5fb253582f42bfe98673801ebebd,0,0,4,1,linux,BFC
d9853490176c88fff71d03ec9a174b77011f5026,2,2,3,1,linux,BIC
6782f26c0d4062bfd594a401e517fb9ed7d928d0,3,0,0,1,linux,BFC
3168be5d66ac6c3508a880022f79b5a887865d5d,0,1,0,1,linux,BFC
877f919e192a09e77962a13d7165783027dee5fd,9,0,1,1,linux,BFC
84524d1232ecca7cf8678e851b254f05cff4040a,1,0,1,1,linux,BFC
d450abd81b081d45adb12f303a07dd44b15eb1bc,2,0,2,1,linux,BFC
0d466901552a8b4e80cb3c0968e344751c2c9ac3,36,3,1,2,linux,BIC
ecb29abd4cb0670c616fb563a078f25d777ce530,0,0,2,1,linux,BFC
5d7047ed6b7214fbabc16d8712a822e256b1aa44,0,2,0,1,linux,BFC
2955bcc8c309bb8f2c773db4798649aa802a491f,3,3,0,1,linux,BFC
4289861d88d6c7b5e4c8cc7fe2ad6cdf0cdfc366,2,0,0,1,linux,BFC
1328f02005bbbaed15b9d5b7f3ab5ec9d4d5268a,0,0,1,1,linux,BFC
81875979f0b29e56e385b9211666ea1b086024b6,0,0,11,1,linux,BIC
881cc731df6af99a21622e9be25a23b81adcd10b,0,0,13,1,linux,BFC
4a17c441c7cb06ac1e5fd3409a64d8ce78151983,179,0,34,4,linux,BIC
7f6c411c9b50cfab41cc798e003eff27608c7016,0,1,3,1,linux,BFC
7112d127984bd7b0c8ded7973b358829f16735f5,4,0,0,1,linux,BFC
089d83418914abd4d908db117d9a3eca7f51a68c,17,0,0,1,linux,BFC
7db143b89137de06ed289cf8b302f3bbbc5baa1f,31,0,5,2,linux,BFC
86c28b2d69f93a218a9a5cef146ed0097a98687f,9,0,4,1,linux,BFC
1e78f723d6a52966bfe3804209dbf404fdc9d3bb,12,0,0,2,linux,BFC
f8c2afa66d5397b0b9293c4347dac6dabb327685,6,0,0,1,linux,BFC
96b14536d935848cffd904f583f67c66169002d8,260,0,10,3,linux,BIC
681ab4696062f5aa939c9e04d058732306a97176,0,0,1,1,linux,BFC
f79c8e4136eac37255ead8875593ae33a2c16d20,32,0,11,1,linux,BIC
160f99db943224e55906dd83880da1a704c6e6b9,0,0,1,1,linux,BFC
1699b4d502eda3c7ea4070debad3ee570b5091b1,1,0,2,1,linux,BFC
dda8b2af395b2ed508e2ef314ae32e122841b447,0,1,0,1,linux,BFC
948d4f214fde43743c57aae0c708bff44f6345f2,360,0,7,1,linux,BIC
72e2fb07997c5ca2c73114624fd64c41be013bdc,48,0,13,4,linux,BIC
5fd4617840596884334332f36cabfe0deabe85c8,3,4,10,1,linux,BIC
a52db659c79ceede44e2d5ca63ca058d49df8dea,0,1,2,1,linux,BIC
180dccb0dba4f5e84a4a70c1be1d34cbb6528b32,57,1,9,3,linux,BIC
726be2c72efc0a64c206e854b8996ad3ab9c7507,5,3,0,1,linux,BFC
2f072d75d1ab32e9c7c43a54398f4360a0a42d5e,590,0,23,3,linux,BIC
95ad1f4a9358dff1dcf84bf5c9cc84caa9215f7f,14,29,51,8,linux,BIC
afd2daa26c7abd734d78bd274fc6c59a15e61063,433,0,0,3,linux,BIC
11d8d98cbeef1496469b268d79938b05524731e8,2,0,0,2,linux,BIC
e7ec96fc7932f48a6d6cdd05bf82004a1a04285b,7,0,5,1,linux,BIC
e6f0330106f4aa51e377b183c759758242ccab6c,3,0,0,1,linux,BIC
51f1954ad853d01ba4dc2b35dee14d8490ee05a1,0,0,8,1,linux,BFC
6e54e1c5399a22e30f69771dfd70d5a847c809b4,126,0,8,10,linux,BIC
8bfcbbbcabe02310885a26ebd02550a928c306ca,749,0,0,1,linux,BIC
7dcc37b3eff97379b194adb17eb9a8270512dd1d,34,2,13,2,linux,BIC
4d8602b8ec16f5721a4d1339c610a81f95df1856,12,0,6,1,linux,BFC
4ea9496cbc959eb5c78f3e379199aca9ef4e386b,0,0,2,1,linux,BFC
6ef0505158f7ca1b32763a3b038b5d11296b642b,12,0,0,1,linux,BFC
fc66127dc3396338f287c3b494dfbf102547e770,0,1,0,1,linux,BFC
fb9e7f0bba151281d7587c1262fae8bdf0497296,2,0,0,1,linux,BFC
afd55e6d1bd35b4b36847869011447a83a81c8e0,7,3,4,2,linux,BFC
2aeb8c86d49967552394d5e723f87454cb53f501,12,0,1,1,linux,BIC
02d88b40cb2e9614e0117c3385afdce878f0d377,1,1,0,2,linux,BFC
8dad53a11f8d94dceb540a5f8f153484f42be84b,2,0,0,1,linux,BFC
e3dde080ebbdbb4bda8eee35d770714fee8c59ac,6,0,0,2,linux,BFC
8c0637e950d68933a67f7438f779d79b049b5e5c,80,19,55,9,linux,BIC
004a5d0140ce1d05c1f5fce5df4baa2717a330e0,2,0,0,2,linux,BFC
97bf3a9aa60f0d25541738feeb28e39decc41b76,1,0,0,1,linux,BIC
4eaffdd5a5fe6ff9f95e1ab4de1ac904d5e0fa8b,2,1,6,1,linux,BFC
fa84f89395e0383b94ae2822003d8940fdb24d3c,4,0,1,1,linux,BIC
75e43355cbe4d5948a79bd592f2ffecb9f75f75d,2,0,1,1,linux,BFC
887839e6960ddae0f34e2dd1b631d41e5672c738,48,0,5,1,linux,BIC
7055a29471eebf4b62687944694222635ed44b09,1,0,0,1,linux,BFC
e3a33af812c611d99756e2ec61e9d7068d466bdf,2,0,1,1,linux,BIC
5d2917d469faab72ac6efd95ef1f8319c16a29eb,51,21,22,1,linux,BIC
5e3cc1ee1405a7eb3487ed24f786dec01b4cbe1f,29,6,24,5,linux,BFC
57e62324e469e092ecc6c94a7a86fe4bd6ac5172,21,254,145,2,linux,BIC
9afd895271d91cd6ed743d22fce043f8c28b30ce,0,0,2,1,linux,BFC
d63c25e4245aaf9507bf9484b58910bd89c76ef3,0,7,1,1,linux,BIC
8cfac9a6744fcb143cb3e94ce002f09fd17fadbb,12,16,1,1,linux,BFC
4bef85d4c9491415b7931407b07f24841c1e0390,3,0,1,1,linux,BFC
a4891f10583748933a9985fac7aa7c073cc59c85,14,0,10,1,linux,BIC
2aaf51dd39afb6d01d13f1e6fe20b684733b37d5,3,0,3,1,linux,BFC
a770d946371ec7710cbbcf523fccf8e05ef3927e,23,0,0,1,linux,BIC
25d8c0d55f241ce2d360df1bea48e23a55836ee6,38,5,83,17,linux,BIC
356ba2a8bc8d9f9bd2ee969df0e07b285aebb559,55,0,2,3,linux,BIC
4ad3ea1c69354328edcccb83c8a4d7d2f55e3c6a,1,2,1,1,linux,BFC
59ca4e58b9176989b11b1311c903b3a05e6b87a1,34,0,0,1,linux,BIC
a56cad694767ebdb7d80f27ffc239db46fff64de,24,24,70,6,linux,BFC
e30ab185c490e9a9381385529e0fd32f0a399495,1,6,1,1,linux,BFC
82b0a434b436f5da69ddd24bd6a6fa5dc4484310,32,0,6,1,linux,BIC
8cc196d6ef86bbab01dbf16f6c596cf56aa0839e,9,4,1,1,linux,BIC
4394fbcb78cfe190988d2c1beaaaccc97dcf8c5f,427,0,0,3,linux,BIC
d10715be03bd8bad59ddc50236cb140c3bd73c7b,263,0,0,1,linux,BIC
ec0286dce78c3bb0e6a665c0baade2f2db56ce00,0,0,2,1,linux,BFC
55d8ec35398e7ab001989473cf6ed6f40b5ef4a6,103,1,19,9,linux,BIC
2774c131b1d19920b4587db1cfbd6f0750ad1f15,26,43,24,10,linux,BIC
b5571449e6186bd37e8da16e7bce53f621c05e72,0,9,0,1,linux,BIC
47e0e14eb1a688c0868385e02db263093d2df6db,4,14,15,1,linux,BIC
63513232f8cd219dcaa5eafae028740ed3067d83,1,2,3,1,linux,BFC
d56a8f32e4c662509ce50a37e78fa66c777977d3,209,0,9,2,linux,BIC
c8e470280a5c875468dd4eb41d8c4b44c87ebbcf,12,12,1,1,linux,BIC
615755a77b2461ed78dfafb8a6649456201949c7,235,0,22,2,linux,BIC
892df0191b29a2309d2dc9e30252b289630a8b4e,170,0,0,1,linux,BIC
1e6af546ee66b2870c5c21f4430910a27c26b5bb,27,27,26,3,linux,BIC
d4478e92d6186ce37947a36994de407c27446266,14,0,0,2,linux,BIC
f6350da41dc728da5a27044bde6f770525ba97d6,31,0,0,1,linux,BIC
d3a4e4da54c7adb420d5f48e89be913b14bdeff1,3,2,0,1,linux,BFC
b65c32ec5a942ab3ada93a048089a938918aba7f,9,0,0,1,linux,BFC
d3b0ffa1d75d5305ebe34735598993afbb8a869d,2,0,1,1,linux,BFC
b835d6953009dc350d61402a854b5a7178d8c615,0,0,4,1,linux,BIC
339ba878cfb01b68de3d281ba33fd5e4c9f76546,0,2,13,1,linux,BFC
8383f1748829e1a6a07988863ed13a47fb653387,3,0,0,1,linux,BIC
ca1b5d77b1c69df7d7b92860c61daa82c8bfde34,58,40,10,2,linux,BIC
239708a3af44064366f1af0eea02dc1e8991c11b,69,15,15,2,linux,BIC
059b5eb5d9554dea689430ad3872dcb37a35053d,32,11,1,3,linux,BIC
d94d8158e1841813624e9fecf93a12e64e004dd8,116,0,1,8,linux,BIC
83d5782681cc12b3d485a83cb34c46b2445f510c,67,0,3,1,linux,BFC
a43c1590426c44a5c6bbaf51b70a36a5c6d86914,78,0,6,9,linux,BIC
cb6aeb07929453d5ae127b536b14f6bd3d4c5942,181,0,35,3,linux,BIC
cdb1876192dbe680b3ac955717fdf7f863c1762d,24,40,3,1,linux,BIC
311accb64570db45604dd8929af6f7da735835c9,188,0,0,1,linux,BIC
2f4b829c625ec36c2d80bef6395c7b74cea8aac0,146,0,2,2,linux,BIC
dbcd861f252d727ac856a3da2cba8a480a36ab2e,9,0,1,1,linux,BIC
37d40a21473fdf1d0194089eb259b8ceeec2a4b9,5,0,4,1,linux,BFC
6710e1126934d8b4372b4d2f9ae1646cd3f151bf,574,0,1,6,linux,BIC
2c5d42769038045b92160a849aad43c4b3170e2a,131,0,3,2,linux,BIC
afba9dc1f3a5390475006061c0bdc5ad4915878e,1,0,0,1,linux,BFC
37bfc7c1e83f1589bcdc5918c7216422662644ee,563,0,2,1,linux,BIC
df5d4b616ee76abc97e5bd348e22659c2b095b1c,1,0,0,1,linux,BFC
4a2b947f56b33cde68d6e0543160ea09ce651fd9,38,0,0,2,linux,BIC
6e4eab577a0cae15b3da9b888cff16fe57981b3e,53,0,7,3,linux,BIC
b776b0f00f246d093c595bac4453c6e51541d5c5,19,3,5,1,linux,BIC
679cc377a03ff1944491eafc7355c1eb1fad4109,4,0,3,1,linux,BFC
3f518509dedc99f0b755d2ce68d24f610e3a005a,6393,0,0,1,linux,BIC
bdcc2cd14e4e86f1fb19c78e191a1b8da3d6dea0,17,0,1,1,linux,BIC
cada0b6dbb8c07ab353d209437243bec8cc7c64a,0,0,1,1,linux,BFC
bc7a9091e5b927ecc20dbb3bc07a5a09783fc27b,12,10,0,1,linux,BIC
3dddf65b4f4c451c345d34ae85bdf1791a746e49,8,0,0,1,linux,BFC
42a49f965a8d24ed92af04f5b564d63f17fd9c56,16,0,0,1,linux,BIC
c780e86dd48ef6467a1146cf7d0fe1e05a635039,60,0,37,3,linux,BIC
7bff9779d76917adfa7c67712aa6ae3b7e5098ba,8,7,3,1,linux,BFC
3e1eeb9808225fb050582a1fc9b5d8e00390581c,5,1,1,1,linux,BIC
65759097d804d2a9ad2b687db436319704ba7019,9,1,19,1,linux,BFC
d14eece945a8068a017995f7512ea2beac21e34b,16,0,6,1,linux,BFC
4dd86b901d1373ef8446ecb50a7ca009f3475211,6,5,0,1,linux,BFC
dbdcda634ce384938805549bd1b3f3eaed50af5e,4,0,2,1,linux,BIC
17909c1b3058b315698965aeb33ed6434501567c,93,0,0,2,linux,BIC
9058cbe1eed29381f84dec9f96980f5a4ea1025f,100,0,1,2,linux,BIC
00c1d17aab513d3b8117fb84644eba39434b33e4,1,24,6,2,linux,BIC
f0af34317f4ba30794a19fd6ad7e30e801d53b07,20,0,9,1,linux,BIC
96fbc13d7e770b542d2d1fcf700d0baadc6e8063,671,0,2,4,linux,BIC
a13e831fcaa7e8af0387aef629d1835cf39c59f0,28,53,2,2,linux,BIC
213320a67962ff6e7b83b704d55cbebc341426db,1,0,0,1,linux,BFC
ae6b3e54aa52cd29965b8e4e47000ed2c5d78eb8,1,18,1,1,linux,BFC
0749aa25af82c690395a96e799cd2c6e54c459cf,3,1,3,1,linux,BIC
e4484d9df5000a18916e0bbcee50828eac8e293e,3,0,5,4,linux,BFC
e8e6d37e73e6b950c891c780745460b87f4755b6,3,0,0,1,linux,BFC
d3938ee23e97bfcac2e0eb6b356875da73d700df,5,4,6,1,linux,BFC
e905eabc90a5b787d8708df164543ee295bea5f2,3,0,1,1,linux,BFC
093b8886f446c9351c4de512cb1d4afe30e37f6f,4,2,15,4,linux,BFC
6c4128f658571b2dc7e01058ad09a8e947bc0159,0,25,5,4,linux,BIC
66339c31bc3978d5fff9c4b4cb590a861def4db2,10,0,0,1,linux,BIC
854fd9209b20837ab48c2e6714e5e44dd8ea33a2,16,13,7,1,linux,BIC
2c87c1a49c9d113a9f3e8e951d7d64be5ff50ac1,7,1,0,1,linux,BFC
171865dab096da1ab980a32eeea5d1b88cd7bc50,0,3,2,1,linux,BFC
8ecef7890b3aea78c8bbb501a4b5b8134367b821,0,0,1,1,linux,BFC
7bdb04ed0dbf9f0e94110be43db4f8bb7df58de2,18,21,14,6,linux,BIC
6da3eced8c5f3b03340b0c395bacd552c4d52411,1,0,0,1,linux,BFC
a3c23a8ad4dc07100d916d75ca30c982288b868d,53,0,0,1,linux,BIC
190cc65e912de7e8f7ebddcecfbf55a610281a8c,0,0,4,1,linux,BFC
cbdcf7f78900625de35173961b9b95cde22bce45,0,5,1,1,linux,BFC
5c0517fefc92d636e409141ed75c29c3f1969107,4,0,0,1,linux,BIC
f0dfaa982b7936dfd751502bf89fbd8c07e02943,0,0,1,1,linux,BFC
9e081031303834bf86d8cfeccd44df09b2c21377,5,0,2,1,linux,BFC
d9d9cec02835778e97a4ddc1d601d6b518ddfe89,0,1071,43,6,linux,BIC
1dfa76390bf056a49c1105b11f815a35a693b77c,1,0,1,1,linux,BIC
792f232d57ff28bbd5f9c4abe0466b23d5879dc8,5,0,2,1,linux,BFC
842d9346b2fdda4d2fb8ccb5b87faef1ac01ab51,17,8,13,2,linux,BFC
d207b0b355e7c970889bcd04b93f42fab5c1a553,0,0,1,1,linux,BFC
427ab6385cf302b35ea1dc53ebca938e0a8328b9,7,5,8,1,linux,BIC
2e517d681632326ed98399cb4dd99519efe3e32c,0,0,1,1,linux,BFC
9f78c607600ce4f2a952560de26534715236f612,9,0,0,1,linux,BFC
4a03749f140cbee6fee66b674ba763942d1446f2,0,1,2,1,linux,BIC
11c0269017b212fd47c593307d2dc3eb9713b2d0,382,0,0,1,linux,BIC
a06afe8383080c630a7a528b8382fc6bb4925b61,7,0,0,1,linux,BFC
c52661d60f636d17e26ad834457db333bd1df494,2626,0,0,2,linux,BIC
9843ead08f18270948498f37eb95d6189eed31af,992,0,5,12,linux,BIC
a4b1b5877b514b276f0f31efe02388a9c2836728,16,0,2,2,linux,BIC
48044eb490be71c203e14dd89e8bae87209eab52,1,1,3,1,linux,BFC
394f51abb3d04f33fb798f04b16ae6b0491ea4ec,1,0,1,1,linux,BIC
e6ae8687a87b1fe5c25e824c8ad300f5587eb622,24,0,0,1,linux,BIC
53f8dd434b6fe666b1c4e0be80a8727e8fa9839f,2,7,17,1,linux,BFC
a0a3408ee614848c27b0d36c2fe490da3b387b8d,41,7,3,1,linux,BIC
1f459bdc20076fd6d103f5920a4704c5f8ba378b,5,0,0,1,linux,BIC
449dd6984d0e47643c04c807f609dd56d48d5bcc,316,0,43,10,linux,BIC
c1a800e88dbffca4ef48000cb3f9ad618dc7ad89,46,0,5,1,linux,BIC
a73881c96d73ee72b7dbbd38a6eeef66182a8ef7,18,0,2,2,linux,BIC
77516d25f54912a7baedeeac1b1b828b6f285152,2,0,3,1,linux,BFC
8b1b558d690aa37e4dd36420d01d1cbd20f11eaa,33,0,0,1,linux,BIC
ff90bdfb206e49c8b418811efbdd0c77380fa8c2,2,0,0,1,linux,BFC
9ff684342ee7d3ea2755c6e9b60bc43085baa3ad,0,0,1,1,linux,BFC
9864cd5dc54cade89fd4b0954c2e522841aa247c,13,0,7,1,linux,BFC
5e89cfac2e1e74df075047ca5162a4df1aa11f63,20,3,18,2,linux,BFC
74216699ddcca13541e8494cb2b995e6a44a04d9,4,4,0,2,linux,BFC
6bccf755ff53241d46c01c229b3c2452b9029ec4,114,15,20,2,linux,BIC
f8df5c2c3e2df5ffaf9fb5503da93d477a8c7db4,1,0,1,1,linux,BFC
bd9d6e0371d147b710f549b55d7b44008264aa06,0,2,0,1,linux,BFC
a415c0f10627913793709ddb75add09d2ea334dc,21,4,0,5,linux,BFC
bf0ffea336b493c0a8c8bc27b46683ecf1e8f294,40,0,1,1,linux,BFC
a560002437d3646dafccecb1bf32d1685112ddda,3,0,0,1,linux,BFC
4440a2ab3b9f40dddbe006331ef0659c76859296,15,0,4,3,linux,BIC
505013bc9065391f09a51d51cd3bf0b06dfb570a,0,6,4,1,linux,BFC
9460ae2ff3081b43e4f93126cfd26a27cda1b6a1,219,0,0,2,linux,BIC
dc23a5110b106da13502de5735399ad83ed1a682,0,0,1,1,linux,BFC
5e7c8b067621256ef961242928e0819e5936e4c1,1,0,0,1,linux,BFC
2220eedfd7aea69008173a224975e10284fbe854,184,12,7,9,linux,BIC
c4aec381ab98c9189d47b935832541d520f1f67f,0,2,0,1,linux,BFC
9cb2ff11171264d10be7ea9e31d9ee5d49ba84a5,1,0,13,1,linux,BIC
9c349892ccc90c6de2baaa69cc78449f58082273,7,8,12,5,linux,BIC
f5f82476090fd2c6fc4fde03ba61aef984900009,248,0,1,5,linux,BIC
d874e6c06952382897d35bf4094193cd44ae91bd,3,0,7,1,linux,BFC
3f65555c417c9c2eee235a137b5e5088a65439e4,23,15,2,4,linux,BIC
d229d48d183fbc1391908decc7d2bcf09ca2f38f,82,0,2,5,linux,BIC
703066188f63d66cc6b9d678e5b5ef1213c5938e,6,0,1,1,linux,BFC
2c4ea6e28dbf15ab93632c5c189f3948366b8885,0,0,1,1,linux,BFC
fc9e4477f924e84d7798f7a1d41401d699de1219,2,0,1,1,linux,BFC
4607f6d26950ffb3c4c8e5b2db42f364f19dd26c,144,3,2,3,linux,BIC
490fba90a90eb7b741f57fefd2bcf2c1e11eb471,24,51,0,1,linux,BFC
732d591a5d6c12478a14083011f59dce6a1e48d4,39,16,14,1,linux,BIC
fb776f5d57ee0f54924fec977657795cb82186dd,25,0,1,5,linux,BIC
1532d9e87e8b2377f12929f9e40724d5fbe6ecc5,183,14,8,6,linux,BIC
41603d78b3626cf0da8aa562ecc2a276033db76c,16,7,37,4,linux,BIC
cb9b870fba3eba57cf3bcd7c6c4d4aa88bc5fe70,0,3,2,1,linux,BIC
918fc3855a6507a200e9cf22c20be852c0982687,8,0,1,1,linux,BFC
a0897ebca669f09a2e02206a9c48a738af655329,0,0,1,1,linux,BFC
564883bb4dc1a4f3cba6344e77743175694b0761,0,0,1,1,linux,BFC
903869bd10e6719b9df6718e785be7ec725df59f,11,11,0,1,linux,BFC
7ff775aca48adc854436b92c060e5eebfffb6a4a,11,3,8,1,linux,BIC
d474f96104bd4377573526ebae2ee212205a6839,0,4,15,1,linux,BIC
bff453921ae105a8dbbad0ed7dd5f5ce424536e7,1,0,1,1,linux,BFC
3fcc5530bcb2a879e32bd940e6eafee328ac3647,4,1,1,1,linux,BFC
e7942d0633c47c791ece6afa038be9cf977226de,0,260,2,8,linux,BIC
a2cafdfd8cf5ad8adda6c0ce44a59f46431edf02,1,0,3,1,linux,BFC
f9036bd43602562f549ace170391c932f28446cd,21,9,7,1,linux,BIC
419dd626e357e89fc9c4e3863592c8b38cfe1571,1,0,1,1,linux,BIC
cb10c7c0dfd9e6fd3d69ced98b05cbd198c48cf6,139,0,2,4,linux,BIC
097b8a7c9e48e2cb50fd0eb9315791921beaf484,112,91,128,9,linux,BIC
ee9397a6fb9bc4e52677f5e33eed4abee0f515e6,2,0,4,1,linux,BFC
caeccd5180930eb8586771bb1935f4f2e456a8e8,0,0,1,1,linux,BFC
4c47af4d5eb2c2f78f886079a3920a7078a6f0a0,29,0,50,1,linux,BIC
92f58b5c0181596d9f1e317b49ada2e728fb76eb,0,11,3,1,linux,BFC
5d7bdeb1eeb250222304cb7b8126892cc47980a8,16,0,0,2,linux,BIC
4d94282afd957a31bce51778cc31fc3b32099e79,270,0,0,3,linux,BIC
fb7a0b9addbdbbb13b7bc02abf55ee524ea19ce1,279,0,0,2,linux,BIC
1e73359a24fad529b0794515b46cbfff99e5fbe6,0,0,1,1,linux,BIC
c1d2a31397ec51f0370f6bd17b19b39152c263cb,10,0,2,1,linux,BFC
b9618c0cacd7cf56cc3d073c1e9e9a8a3a12864e,1253,0,0,5,linux,BIC
3cdc5c2cb924acb43a93241e75c61570eab71614,128,0,5,3,linux,BIC
28324936f3d672bbf83472fece8f36a158a52276,0,0,1,1,linux,BFC
ae58d882bfd3e537b1ed4a4c3577ca9ba853f0d8,0,13,1,3,linux,BFC
6ad3122a08e3a9c2148873665752e87cf4f393cc,13,0,1,2,linux,BIC
c0382d049d2def37b81e907a8b22661a4a4a6eb5,1,0,0,1,linux,BFC
b68f0cbd3f95f2df81e525c310a41fc73c2ed0d3,1,0,4,1,linux,BFC
e62e51af3430745630f0cf76bb41a28d20c4ebdc,2,0,0,1,linux,BFC
a084303a645896e834883f2c5170d044410dfdb3,0,0,1,1,linux,BFC
879dce79531ea82f78d662c4651be07761c6e41a,0,0,2,1,linux,BFC
b4ebe6063204da58e48600b810a97c29ae9e5d12,8,6,5,2,linux,BIC
a9730fca9946f3697410479e0ef1bd759ba00a77,6,28,10,2,linux,BFC
c31432fa7f825de0e19838f1ac7746381c509ec4,0,2,1,1,linux,BFC
9ddbc2a00d7f63fa9748f4278643193dac985f2d,0,1,0,1,linux,BFC
2ba546ebe0ce2af47833d8912ced9b4a579f13cb,10,0,1,1,linux,BFC
108a459ef4cd17a28711d81092044e597b5c7618,0,0,1,1,linux,BFC
4f117ce4aefca0e90cd44680219d4c261c1381b9,2,0,0,1,linux,BFC
65120de26a547298d2718e7c4e8bdb7b3adc0cb7,25,0,2,4,linux,BIC
28a821c306889b9f2c3fff49abedc9b2c743eb73,10,0,3,2,linux,BIC
d0edc7bf397a5e0f312bf8a1e87cfee0019dc07b,0,0,1,1,linux,BFC
0348c1ab980c1d43fb37b758d4b760990c066cb5,14,3,6,1,linux,BFC
0eac259db28fde88767cab5fd0380f4024e08c02,298,0,0,1,linux,BIC
09f16cf59fbf825130c216c3af189253505dc9d9,9,9,0,1,linux,BFC
75e99bf5ed8fa74bc80d693d8e0a24eeaa38202b,0,0,1,1,linux,BIC
797a8b4d768c58caac58ee3e8cb36a164d1b7751,17,6,7,1,linux,BIC
c8c3735997a3aa184fa81742bb6c4062a26af2f3,21,0,5,3,linux,BIC
ca58fbe06c54795f00db79e447f94c2028d30124,41,0,10,2,linux,BIC
9b0436c3f29483ca91d890b0072c0c02e2e535ed,5,0,5,1,linux,BFC
a0646c88ed3ac527b71cf365b03ff4fc729d35b6,15,0,0,3,linux,BFC
a1ce35fa49852db60fc6e268038530be533c5b15,1,2366,74,17,linux,BIC
d6a2b9535d1e52bea269c138614c4801469d10e1,0,0,1,1,linux,BFC
22569b881d373153ce0a214f89920851918dd77d,3,0,0,1,linux,BIC
199fa087dc6b503baad06712716fac645a983e8a,0,2,3,1,linux,BFC
26c53379f98d22d6a3e50bb146651dc7824334d7,475,0,1,1,linux,BIC
571426631acf46e2999c7ecd1e9d048172969a43,2,0,1,1,linux,BFC
129cc83a0b7ed9429d896e4f215d1f6a8c58ba40,0,0,1,1,linux,BFC
e3b7ca18ad7b2f47ebd3b6e6ce58a42c6ec24746,139,0,0,3,linux,BIC
0a8b43b12dd78daa77a7dc007b92770d262a2714,42,0,2,1,linux,BFC
92040c6daaa46027c2d11aab0a5366ab667c5358,15,0,1,2,linux,BFC
9c66d15646760eb8982242b4531c4d4fd36118fd,367,19,25,4,linux,BIC
1bc6664bdfb949bc69a08113801e7d6acbf6bc3f,26,0,13,3,linux,BIC
52862ab33c5d97490f3fa345d6529829e6d6637b,10,0,1,1,linux,BFC
6da95b52b8ea4944ed1e596ee6db176ee83ddbeb,4,4,4,3,linux,BFC
3f85f2aaabf785e53bbcd242cb92aeda28990ef5,208,0,1,3,linux,BIC
838bfa6049fb84dc66c9c9bbeb3a968ec987fd3d,22,0,4,1,linux,BIC
16a26b20d2afd0cf063816725b45b12e78d5bb31,67,0,14,7,linux,BIC
a6de7b32b686a6bda835c7c0f2de98eddbf48321,0,0,1,1,linux,BFC
dbd0f6d6c2a11eb9c31ca9cd454f95bb5713e92e,0,0,1,1,linux,BFC
b7e945e228d7df1b1473ef6fd2cdec67433065fb,0,0,1,1,linux,BFC
601b6e93304a65f8f7c37168763ab9ba5b195ce5,7,1,6,2,linux,BIC
c60427dd50ba9b20063ccaed0e98d62e886d7a3b,7,0,0,3,linux,BIC
e688c3db7ca69bea1872c5706aec6a7fdf89df17,17,5,8,1,linux,BFC
017b1660df89f5fb4bfe66c34e35f7d2031100c7,89,0,5,4,linux,BIC
2afc5d61a7197de25a61f54ea4ecfb4cb62b1d42,0,0,2,1,linux,BFC
90be64e27621dda449b102f95f795392828d3627,11,4,2,1,linux,BIC
b1308dc015eb09cf094ca169296738a13ae049ad,11,0,0,2,linux,BIC
ed3573bc3943c27d2d8e405a242f87ed14572ca1,2,0,0,1,linux,BFC
73dec95e6ba37d8138bb111be5c9b8a1f3a622ae,11,113,614,12,linux,BIC
33cfaaa8f36ffbee9ad259264334325b5449f5fe,271,372,191,4,linux,BIC
f4e23cf9477452640d2522f3286db5df6fcfe45a,3,1,9,1,linux,BFC
5e5da1e9fbeecdf9d7a7495d7ae2a37453e38499,0,0,1,1,linux,BIC
17c3df7078e3742bd9e907f3006a9e3469383007,9,0,3,1,linux,BFC
b6e44b4c74ef75f729f0147d43d189173fe463c9,7,5,0,1,linux,BFC
a623a7a1a5670c25a16881f5078072d272d96b71,0,0,5,5,linux,BFC
c122fda271717f4fc618e0a31e833941fd5f1efd,2,0,1,1,linux,BFC
4256f43f9fab91e1c17b5846a240cf4b66a768a8,17,0,0,3,linux,BIC
7a474c36586f4277f930ab7e6865c97e44dfc3bc,2,0,0,1,linux,BFC
23a50861adda26a3f3b3ec5fbca0583133d89538,7,5,6,1,linux,BIC
d1fdd9138682e0f272beee0cb08b6328c5478b26,76,0,0,2,linux,BIC
d49597fd3bc7d9534de55e9256767f073be1b33a,29,1,1,1,linux,BIC
c54849ddd832ae0a45cab16bcd1ed2db7da090d7,0,0,1,1,linux,BFC
ed1f5b58ea01757c5878ecff762e884767da9bab,5,0,0,1,linux,BIC
10cb21f4ff3f9cb36d1e1c39bf80426f02f4986a,14,8,0,1,linux,BFC
d4088803f51140e9324f66453bdd24e48f982a1e,0,2,134,1,linux,BIC
31922f62bb527d749b99dbc776e514bcba29b7fe,136,136,0,3,linux,BFC
f30741cded62f87bb4b1cc58bc627f076abcaba8,0,0,2,1,linux,BFC
a39128bcd6f1e56c6514abf489b40b67d226093b,21,3,2,1,linux,BFC
c98e9daa59a611ff4e163689815f40380c912415,20,0,5,2,linux,BFC
2e70ef525b7309287b2d4dd24e7c9c038a006328,28,2,1,1,linux,BFC
ebe4582281d6e90972f057318a6edea14810ea48,9,0,2,1,linux,BFC
1a03bb532934e90c7d662f7c59f4f66ea8451fa4,0,0,2,1,linux,BFC
9a77c4a0a12597c661be374b8d566516c0341570,0,0,1,1,linux,BFC
050237e6b0bea0fafbf7d3d57e717c6fa1e4e819,0,0,1,1,linux,BFC
e2d1e2aec572a2138dea74d53be54a1406d419c0,68,66,2,2,linux,BIC
8fa7b6100693e0b648ffd34564f6f41226502a19,31,0,34,1,linux,BIC
fbe4112791b8fe12bb3cae0b1e11830519f9dcfa,45,10,13,4,linux,BIC
9d33efd9a791041bbe3a9e879925ef8fbb94d812,27,0,4,1,linux,BIC
58c1721787be8a6ff28b4e5b6ce395915476871e,1,0,1,1,linux,BFC
a6b5058fafdf508904bbf16c29b24042cef3c496,99,0,5,5,linux,BIC
5e9a97b1f4491b8b65874901ad084348fcaba327,15,0,2,1,linux,BIC
6cd18453b68942913fd3b1913b707646e544c2ac,0,0,2,1,linux,BFC
242cd9b5866aa2caf9ff770283b85ddb35d52f90,5,43,1,1,linux,BIC
adf3442cc890f04af1e8e2c0b335c84e5092dca9,26,0,1,2,linux,BIC
0bd465765f8d1300040de627f0a0971a8849d654,0,0,1,1,linux,BFC
24c4cbcfac09f803507c9cefba4233b977d22f0d,748,0,0,1,linux,BIC
989ebe7bc4463002c210db0010c8475797a9098f,38,53,54,3,linux,BIC
e96f46ee8587607a828f783daa6eb5b44d25004d,0,0,1,1,linux,BFC
1c407cb5d70568a57a32a0e6f5aee27c5083ef37,22,2,6,16,linux,BFC
3e87e78383283119a7d41f8a4cab8ef0a5c9acab,486,0,0,1,linux,BIC
cf41a8f1dc1e471a378a1a0c46d72e2fbe7598d6,19,56,36,14,linux,BIC
9a2ff8009e53296e47de72d5af0bc31cd53274ff,1,2,1,1,linux,BFC
2c813ad66a7218a64db68f0a4bfa8d2d9caef4c0,380,1,12,3,linux,BIC
10314e09d044296bc50dec831aa85b3ae1acedf0,17,0,0,2,linux,BIC
caff1fa4118cec4dfd4336521ebd22a6408a1e3e,5,9,0,1,linux,BFC
40a708bd622b78582ae3d280de29b09b50bd04c0,2,6,8,2,linux,BFC
63ee04c8b491ee148489347e7da9fbfd982ca2bb,1337,0,1,6,linux,BIC
52ef8efcb75e8a8aab88e74c1376c2785d9a5452,7,22,6,2,linux,BIC
8127d661e77f5ec410093bce411f540afa34593f,3240,3,13,10,linux,BIC
8869016d3a58cbe7c31c70f4f008a92122b271c7,4,0,24,1,linux,BFC
a6bf9e933daf9609c3673e8348e7f95f3ef325c7,103,0,0,1,linux,BIC
db28b6c77f4050f62599267a886b61fbd6504633,0,0,2,1,linux,BIC
e4c7ed415387cf718ffbec305396c30cee092987,477,3,145,4,linux,BIC
1b53734bd0b2feed8e7761771b2e76fc9126ea0c,0,0,4,1,linux,BFC
ff06c5ffbcb4ffa542fb80c897be977956fafecc,1,0,2,1,linux,BFC
6cb59afe9e5b45a035bd6b97da6593743feefc72,7,0,0,1,linux,BFC
2027f114686e0f3f1f39971964dfc618637c88c2,0,0,2,2,linux,BFC
abf221d2f51b8ce7b9959a8953f880a8b0a1400d,0,6,3,1,linux,BFC
f7e47677e39a03057dcced2016c92a9c868693ec,176,0,28,10,linux,BIC
c216477363a37a7d0a388315a2eb6c1bd965bdb8,1416,0,2,9,linux,BIC
594a116b2aa1985dbb5318c2be39b64b74ebff84,6,74,144,3,linux,BIC
95fb5b0258b7bd2d540102771e31cfd76b72aa7b,51,0,21,3,linux,BIC
1be4f21d9984fa9835fae5411a29465dc5aece6f,0,1,6,1,linux,BFC
d088fabace2ca337b275d1d4b36db4fe7771e44f,2,0,0,1,linux,BFC
c18ce101f2e47d97ace125033e2896895a6db3dd,794,0,0,2,linux,BIC
e2a71bdea81690b6ef11f4368261ec6f5b6891aa,0,0,2,1,linux,BFC
2b9a8c40836930a45f42f06f98731eb9614ba86b,4,0,5,2,linux,BFC
bc0eb9a333918d2cc4f42f7f4cf09eaf029ac9de,1,0,0,1,linux,BFC
b2b2e584ceabeddbc5ea1965ca6ca435726f5de0,0,0,7,1,linux,BIC
be8c1001a7e681e8813882a42ed51c8dbffd8800,0,0,1,1,linux,BFC
31cae1eaae4fd65095ad6a3659db467bc3c2599e,33,2,12,5,linux,BIC
1212767e23bbaba164cc7ea3a64115b3ae335063,8,6,23,4,linux,BIC
4d6501dce079c1eb6bf0b1d8f528a5e81770109e,12,5,0,1,linux,BIC
4b927b94d5df24381e850dc1a3ecb34b3136d545,15,6,5,2,linux,BIC
682c6c2188f39d13548ccdc89c9888fbcb547889,3,0,0,1,linux,BIC
95e444098a7b9d42dee36c80b75fe4500e7cf1e5,403,0,0,1,linux,BIC
46e4e5ffbc2af8a6f7935648ab286902b406a01d,0,1,0,1,linux,BFC
bb7e22a8ab00ff9ba911a45ba8784cef9e6d6f7a,13,0,3,1,linux,BFC
3b7b314053d021601940c50b07f5f1423ae67e21,25,12,2,2,linux,BIC
e685c689f3a84e5e24a5867afc5e7b5857efa3e4,1853,0,0,2,linux,BIC
fc56be47da8cb111add373c36230b0139139898f,129,70,36,6,linux,BFC
4f0b4352bd26eff85f972ccf12bcdf9236a42175,20,6,2,1,linux,BIC
d418ff56b8f2d2b296daafa8da151fe27689b757,3,0,2,1,linux,BFC
a2d6cbb0670d54806f18192cb0db266b4a6d285a,5,2,2,1,linux,BFC
93a2207c254ca102ebbdae47b00f19bbfbfa7ecd,15,0,0,1,linux,BFC
0536fcc039a8926ec12ec587f41a83f7acafeb82,7,32,28,9,linux,BIC
6501aa4e3a45075360e72784a48fcd5c32a4eb24,700,0,0,8,linux,BIC
714a3a1ebafe6e23af55a5c694c308f4044a7e00,24,0,2,1,linux,BIC
759a0cc5a3e1bc2cc48fa3c0b91bdcad8b8f87d6,276,1,38,1,linux,BIC
c56cba5daf45d2d091ef1cfe2f1d6a930446687b,0,0,1,1,linux,BFC
9a19bad70cf16b0cdf3576efda7deb490e7aa529,1,0,0,1,linux,BFC
f4e9894b6952a2819937f363cd42e7cd7894a1e4,12,0,0,1,linux,BIC
1ec17c26bc06289d368e2523c0e95b5038c6eeb5,429,0,0,1,linux,BIC
9d92cfeaf5215158d26d2991be7f7ff865cb98f3,0,0,6,1,linux,BFC
7d840545e5b933028e7423b127459d0d5e5e04fb,60,0,38,1,linux,BIC
39a846db1d574a498511ffccd75223a35cdcb059,297,1,3,2,linux,BIC
6476b60f32866be49d05e2e0163f337374c55b06,4,3,0,1,linux,BFC
b74aa02d7a30ee5e262072a7d6e8deff10b37924,0,0,1,1,linux,BFC
8e5481d98bbf1de0ff06a3e488b668572d578e61,0,0,2,1,linux,BFC
797047f875b5463719cc70ba213eb691d453c946,357,0,0,1,linux,BIC
ee190ca6516bc8257e3d36187ca6f0f71a9ec477,0,0,1,1,linux,BFC
3d055d8d1c24093bdd40e000570a59b841c2bb0b,10,0,0,1,linux,BIC
765cf9976e937f1cfe9159bf4534967c8bf8eb6d,0,7,18,2,linux,BIC
15fd2ea9f4f3d85fef787ba7db1b87939d0a2754,11,0,3,1,linux,BFC
8017ea35d33f9e0950d369773ab48bcb1efb9ba0,0,0,1,1,linux,BFC
809c79137a192d7e881a517f803ebbf96305f066,0,1,0,1,linux,BFC
5d996132d921c391af5f267123eca1a6a3148ecd,0,0,3,1,linux,BFC
6c29230e2a5ff84df2b1358681414bad3e4bd220,57,9,44,2,linux,BIC
d7aa1b149b8fc04d802879cf4662010aa4a42deb,4,1,2,1,linux,BFC
528a9539348a0234375dfaa1ca5dbbb2f8f8e8d2,0,0,1,1,linux,BFC
3235b0f20a0a4135e9053f1174d096eff166d0fb,56,5,16,1,linux,BIC
a1934772719333afc47d776049b65231c2704317,30,6,10,4,linux,BFC
c774d57fd47c71675bb8c41a4dc2aafd78baa39d,464,0,0,6,linux,BIC
ad9f151e560b016b6ad3280b48e42fa11e1a5440,32,31,11,1,linux,BFC
04c00956ee3cd138fd38560a91452a804a8c5550,7,0,3,1,linux,BFC
77e30e10ee28a53c8af95809866ee8493583e29a,82,0,19,3,linux,BIC
955bcb6ea0df0d9ace89ac475405f1295ced5962,163,7,123,25,linux,BIC
8d4e7e80838f45d3466d36d4fcb890424825faa9,4,0,1,2,linux,BIC
6c777e8799a93e3bdb67bec622429e1b48dc90fb,25,4,12,5,linux,BFC
2ca4f6ca4562594ef161e4140c2a5e0e5282967b,4,0,4,1,linux,BFC
bf30ca922a0c0176007e074b0acc77ed345e9990,12,1,8,3,linux,BIC
ba4939f1dd46dde08c2f9b9d7ac86ed3ea7ead86,0,0,2,1,linux,BFC
1d0fcef732832432aee47cb75bf4a2cb3107be64,0,53,34,1,linux,BIC
d8652956cf37c5caa8c19e0b99ce5ca235c6d5de,2571,0,0,4,linux,BIC
d909f9109c301f4e9e41678025c45d719ab8f7d7,108,0,0,2,linux,BIC
1220f6a76e77af8ac14fe67a11fcd7806764ea46,9,6,17,2,linux,BIC
d4a384cb563e555ce00255f5f496b503e6cc6358,0,0,2,1,linux,BFC
b89eb1fcf2d4c068f088c39100f5e3067d8cccc9,5,0,0,1,linux,BFC
800d78bfccb3d38116abfda2a5b9c8afdbd5ea21,82,0,4,5,linux,BIC
a2c2a622d41168f9fea2aa3f76b9fbaa88531aac,1,0,0,1,linux,BFC
d1e2775e9b9690b3f4488ee8e44773b580654d68,111,0,5,4,linux,BIC
15e668070a64bb97f102ad9cf3bccbca0545cda8,0,0,5,1,linux,BIC
fed91613c9dd455dd154b22fa8e11b8526466082,11,0,8,2,linux,BFC
1afac08b39d85437187bb2a92d89a741b1078f55,0,1,1,1,linux,BFC
457c25efc592bb5539e18161c505f7a865013fb7,217,4,0,2,linux,BIC
b59f38dbfd5d19eb7e03d8b639f0c0d385ba8cc5,1,0,0,1,linux,BFC
811a2407a3cf7bbd027fbe92d73416f17485a3d8,7,0,0,1,linux,BFC
7d0dc9576dc3817c483b408715e506c3e9f37bed,82,0,4,4,linux,BIC
07e7fcf1714c5f9930ad27613fea940aedba68da,1,0,0,1,linux,BFC
3f43926f271287fb1744c9ac9ae1122497f2b0c2,0,2,1,1,linux,BFC
d19987ccf57501894fdd8fadc2e55e4a3dd57239,3,0,1,1,linux,BFC
cea0f76a483d1270ac6f6513964e3e75193dda48,1,0,0,1,linux,BIC
682e62c45406ccf81216481be59c2f7ca5a883d4,21,36,20,3,linux,BIC
60b6645ef1a9239a02c70adeae136298395d145a,0,0,2,1,linux,BFC
403d2d116ec011942a8505068b943c5c6cd91176,246,0,0,1,linux,BIC
8d20a1f0ecd5ff66ebf23829688c2a8d7133704e,14,0,0,1,linux,BFC
8fc8598e61f6f384f3eaf1d9b09500c12af47b37,49104,0,0,64,linux,BIC
f37f710353677639bc5d37ee785335994adf2529,2,0,0,1,linux,BFC
da5d2748e4a4512237764d2a53bdf686eccee18b,4,0,0,1,linux,BFC
bb509a6ffed2c8b0950f637ab5779aa818ed1596,1,0,0,1,linux,BFC
d983ea6f16b835dcde2ee9a58a1e764ce68bfccc,13,2,22,11,linux,BIC
b978962ad4f7f9c06e5aa07b2a9b22f6d600456c,24,0,5,3,linux,BIC
e546e281d33d1fc275651aa06f0659045db67e68,693,0,1,9,linux,BIC
b0c6ae0f8948a2be6bf4e8b4bbab9ca1343289b6,2,0,1,1,linux,BFC
497e1e16f45c70574dc9922c7f75c642c2162119,3,0,0,1,linux,BFC
326fb6dd1483c985a6ef47db3fa8788bb99e8b83,18,0,0,1,linux,BFC
d21fc5dfc3dfe51429b7b55f23e79db7815048c7,106,1,6,7,linux,BIC
038c95a313e4ca954ee5ab8a0c7559a646b0f462,0,0,6,1,linux,BFC
5aa95d8834e07907e64937d792c12ffef7fb271f,3,0,0,1,linux,BFC
d06feaf02fe659ed579dfb10580683ecb6264ca0,56,9,4,1,linux,BIC
732e49850c5e15231e11a0a464748bcbade5e3c2,6,2,5,3,linux,BIC
d67ae825a59d639e4d8b82413af84d854617a87e,2309,7,5,10,linux,BIC
7f7f1ba33cf2c21d001821313088c231db42ff40,24,1,17,3,linux,BIC
54d50897d544c874562253e2a8f70dfcad22afe8,37,28,2,3,linux,BIC
b1c849276b5e199f94501101c07ee9cb6ced4935,0,2,2,1,linux,BFC
8ab17fc92e49bc2b8fff9d220c19bf50ec9c1158,12,0,0,3,linux,BFC
e647b532275bb357e87272e052fccf5fcdb36a17,115,0,0,3,linux,BIC
2d33b7d631d9dc81c78bb71368645cf7f0e68cb1,50,40,5,1,linux,BFC
e701a25840360706fe4cf5de0015913ca19c274b,0,0,1,1,linux,BFC
8fae47705685fcaa75a1fe4c8c3e18300a702979,10,0,1,3,linux,BIC
899f24ed8d3a6d87734dc4252b4c3511b1128ad4,1098,0,0,1,linux,BIC
2b2c47d9e1fe90311b725125d6252a859ee87a79,7,0,0,1,linux,BIC
4cce60f15c04d69eff6ffc539ab09137dbe15070,0,0,3,2,linux,BFC
1b69e7e6c4da1e84edc2496fa91db289e5e493b0,105,0,16,1,linux,BIC
762c2e46c0591d207289105c8718e4adf29b2b34,13,24,22,1,linux,BIC
9a2fe9b801f585baccf8352d82839dcd54b300cf,1093,41,153,11,linux,BIC
067a436b1b0aafa593344fddd711a755a58afb3b,0,1,1,1,linux,BFC
6e644626945c7c1a7f4d4f83b806b898297846d0,22,20,14,3,linux,BIC
8df4b0031067758d8b0a3bfde7d35e980d0376d5,0,1,0,1,linux,BFC
54a40fc3a1da21b52dbf19f72fdc27a2ec740760,18,0,0,1,linux,BFC
eb608fb366de123a97227437e5306f731f4a63c5,117,17,12,8,linux,BIC
624f5ab8720b3371367327a822c267699c1823b8,0,0,2,1,linux,BFC
721fdc83b31b1b22c34b2d77304890877c624c6b,85,0,1,1,linux,BIC
0775a9cbc694e8c7276688be3bbd2f386167ab54,310,14,166,4,linux,BIC
1cf3817bf1f52e57b3f5eb0413ee0d7f0c2e9829,395,0,0,1,linux,BIC
08ebf903af57cda6d773f3dd1671b64f73b432b8,6,0,3,1,linux,BFC
288e7560e4d3e259aa28f8f58a8dfe63627a1bf6,0,0,4,1,linux,BFC
82771882d96022369ac8092dc3ee3ef5a91b3ca6,1072,0,0,1,linux,BIC
a145abf12c9f7d30d8c330c9d8a97428cbf0589b,72,6,1,6,linux,BFC
ad202348fe3fa8187c43af5ab5b86fe6de057bd3,2,0,0,1,linux,BFC
661710bfd5039267f911e42675ab743760b6449d,2,0,1,1,linux,BFC
182cdf23dbf6672954ac646871bf5902050268c7,47,74,3,1,linux,BIC
30612cd90005d8c4a3c53c7acadcf934a46c13df,726,0,0,2,linux,BIC
13f392ebc37e31568fae72a73ee378ae22a9740f,4,1,1,1,linux,BFC
5dc21f0c0b1c02ea2c9014cbe7cd3b28884ff306,17,0,0,1,linux,BFC
bd02ef8eec0b98abe6d5efe280c87903b2eb9874,2,0,13,1,linux,BFC
a6653fb584b5f6ac60ddd5d86ddd49a1f3945a04,0,0,2,1,linux,BFC
7f0cd23615040b9e53bb4980c986b721cba08bbc,2,0,0,1,linux,BFC
6eff272dbee7ad444c491c9a96d49e78e91e2161,2,0,0,1,linux,BIC
89da619bc18d79bca5304724c11d4ba3b67ce2c6,2,0,0,1,linux,BFC
8d925b1f00e6894e4c601cb1d395dab3bd66c374,0,6,3,1,linux,BIC
a6f2f0fdc73aacc6e10ae48ae78634dba26702d4,0,0,1,1,linux,BFC
173a3efd3edb2ef6ef07471397c5f542a360e9c1,38,0,6,8,linux,BIC
f58a83c207b791c6586b9675a589db5c6ac7909e,3,0,2,1,linux,BFC
03607ace807b414eab46323c794b6fb8fcc2d48c,318,5,8,5,linux,BIC
0488a6121dfe6cbd44de15ea3627913b7549a1e9,7,4,1,1,linux,BFC
e11f5bd8228fc3760c221f940b9f6365dbf3e7ed,84,0,4,4,linux,BIC
842f4be95899df22b5843ba1a7c8cf37e831a6e8,14,0,7,1,linux,BFC
59807685a7e77e8c8fe5925613968841538d53d7,32,0,1,3,linux,BIC
4982223e51e8ea9d09bb33c8323b5ec1877b2b51,17,15,0,1,linux,BIC
74be39ebba36e98a973ddb914fb41dc9e5129e36,0,2,4,1,linux,BFC
21e8868e661ededd2c45c8ec27f6fd5354b88b71,0,2,2,2,linux,BIC
0e50b51aa22fea0b6762f9d932541ec6f922928f,101,0,0,1,linux,BIC
aec89f78cf01647d8f60713ac1a324ab1a7e2e31,2300,0,0,1,linux,BIC
8fa3b8d689a54d6d04ff7803c724fb7aca6ce98e,1,0,0,1,linux,BFC
23aa6d5088e3bd65de77c5c307237b9937f8b48a,2,0,2,1,linux,BFC
544460c33821b44c2f0c643121303c3dc3f66ef1,484,140,111,7,linux,BIC
8f77150c15f87796570125a43509f9a81a3d9e49,61,0,13,3,linux,BIC
75ca56409e5b35aa6ceef94462f39ef4f533fc41,22,57,74,4,linux,BIC
427b6514d0953bfc1d3fd8c404dcf839bdd8196a,39,8,2,2,linux,BIC
cf3f89214ef6a33fad60856bc5ffd7bb2fc4709b,48,0,1,3,linux,BIC
388bc26226807fbcf4c626b81bb17a2e74aa4b1b,4,7,16,1,linux,BIC
8921778241188e9752aeac2aa54584795c043ce0,0,3,2,1,linux,BFC
dc32b5c3e6e2ef29cef76d9ce1b92d394446150e,0,3,9,1,linux,BFC
426071f1f3995d7e9603246bffdcbf344cd31719,0,0,1,1,linux,BFC
1ecd5b129252249b9bc03d7645a7bda512747277,2,0,4,1,linux,BFC
b38434145b341c148b8d98cfbfc1e87bb4d9e2d9,0,1,1,2,linux,BIC
d06957d7a6929e6a4aa959cb59d66f0c095fc974,121,110,1,1,linux,BIC
2ea872490e18cb0d6558de518d8fc35f5671567d,0,0,1,1,linux,BFC
ce028702ddbc69743d958f9e20ad0306e4a428fe,40,32,26,1,linux,BIC
942e7e5fc1ea4625d971e62f00b5ae3d2f8855de,1,0,2,1,linux,BFC
84ec048ba133c2a570273e90622d8fac4930553e,5,0,14,1,linux,BFC
03fd01ad0eead23eb79294b6fb4d71dcac493855,9,6,8,1,linux,BIC
fa073f13a218627f1cfd5bca223d5938ee6cd985,0,0,1,1,linux,BFC
8e2d8e204247aa9eeb87893f6b8bf0cf29428b31,0,0,1,1,linux,BFC
150085791afb8054e11d2e080d4b9cd755dd7f69,2,0,4,1,linux,BFC
3a33d030daaa7c507e1c12d5adcf828248429593,4,0,4,1,linux,BFC
df323337e507a0009d3db1ea25948d4c7f320d62,110,57,54,5,linux,BIC
950cc0d2bef078e1f6459900ca4d4b2a2e0e3c37,23,5,8,7,linux,BFC
f35a1abd9e7a0d37a1bcc1149eaf2aa737d7ea21,1,0,1,1,linux,BFC
cd1678f963298a9e777f3edb72d28bc18a3a32c2,1252,0,0,2,linux,BIC
1417cff96ef8ae2108df7084f035b90d2eabbba3,0,0,1,1,linux,BFC
82a4e71b1565dea8387f54503e806cf374e779ec,6,0,2,1,linux,BFC
2fc1c63d2763ad7562ea7d241da79b42538a557b,0,0,1,1,linux,BFC
94abbccdf2916cb03f9626f2d36c6e9971490c12,521,0,0,3,linux,BIC
cd50065b3be83a705635550c04e368f2a4cc44d0,2,0,2,3,linux,BFC
f614629f9c1080dcc844a8430e3fb4c37ebbf05d,0,0,1,1,linux,BFC
239d886601e38d948a28f3b2a1c9ce5f01bf75f2,12,0,1,1,linux,BFC
6098475d4cb48d821bdf453c61118c56e26294f0,4,6,5,2,linux,BIC
a5ada3dfe6a20f41f91448b9034a1ef8da3dc87d,0,0,1,1,linux,BFC
dcd6c87cc59af1b4fe7664b35c6344bbe1c9928f,0,4,0,4,linux,BFC
11924ba5e671d6caef1516923e2bd8c72929a3fe,1,0,2,2,linux,BFC
7f3f317a66cac307f6fbc1b5dd74902fb1b48860,17,5,0,3,linux,BIC
d4d0e40977ac450f32f2db5e4d8e23c9d2578899,0,0,1,1,linux,BFC
892f396c8e68faab7f76ff49cf39e9fbbeea4097,56,0,6,3,linux,BFC
1ba98d086fe3a14d6a31f2f66dbab70c45d00f63,21,0,1,1,linux,BIC
2af104290da5e4858e8caefa068827d7392c6a09,24,0,9,11,linux,BIC
645874e5807ae5ffa09fba2ccd23f01e4eb16d58,249,0,7,6,linux,BIC
4b190675ad06f5a6ecbeef0b01890c5fb372e3eb,12,0,2,3,linux,BIC
508f2e3dce454843ffd689bb2cf0739a954dd1e9,39,34,29,6,linux,BIC
0cf5ec41839d82ee7f8fbb47f137b7afc562b9f1,12,9,0,1,linux,BFC
ca0367ca5d9216644b41f86348d6661f8d9e32d8,0,2,3,1,linux,BFC
4e50d9ebaeaa3c6761d2b513ef7039510c8cf213,1,0,1,1,linux,BFC
8c838788775a593527803786d376393b7c28f589,10,9,46,1,linux,BFC
8da2d74c10fd71cc04e2585fe8bb3ced325f8e25,0,0,2,1,linux,BFC
2a0674fffb6bc1a7c0f46bb2e0b1bcf1d49c2232,24,6,5,1,linux,BIC
d29d87f7e61226c339d1212beff6b82f653acd67,31,24,1,3,linux,BIC
c51f8f88d705e06bd696d7510aff22b33eb8e638,315,187,3,4,linux,BFC
803e74be04b32f7785742dcabfc62116718fbb06,6,0,2,1,linux,BIC
710ae72877378e7cde611efd30fe90502a6e5b30,5,0,0,1,linux,BFC
66feed61cdf6ee65fd551d3460b1efba6bee55b8,42,10,9,3,linux,BIC
f627caf55b8e735dcec8fa6538e9668632b55276,12,0,26,1,linux,BIC
8d212a9ea65af7082adc577ec46b6d1372d0a8f3,4,7,2,2,linux,BFC
05ad917561fca39a03338cb21fe9622f998b0f9c,6,0,2,1,linux,BFC
da7bb43ab9da39bcfed0d146ce94e1f0cbae4ca0,18,3,11,1,linux,BIC
0c850344d3882886f842bf0b50a9ff23001adb7e,47,0,26,1,linux,BIC
42a68012e67c2613e0570d462c5a0bd9a1527048,115,0,1,2,linux,BIC
f43c00c04bbf01be0822ef9f0281cc69b56c4e40,31,14,28,3,linux,BIC
fa152f626b24ec2ca3489100d8c5c0a0bce4e2ef,2,0,2,1,linux,BFC
25cf0d8aa2a3440ed32bf1f8df1310d6baf3f1e8,42,6,41,2,linux,BIC
297db731847e7808881ec2123c7564067d594d39,0,0,1,1,linux,BFC
5c3320d7fece4612d4a413aa3c8e82cdb5b49fcb,0,5,5,3,linux,BFC
891ab0642fe816adac88141e3561493071400367,0,0,2,1,linux,BFC
51239600074bc9979b0a0e83b72c726d7dcc3132,227,0,33,3,linux,BIC
988f01683c7f2bf9f8fe2bae1cf4010fcd1baaf5,5,0,0,2,linux,BFC
aceb16dc2da58341bda939defaff0682fac13747,2475,0,0,3,linux,BIC
1f59adb1766d0261085327d97ec185f502d359ab,0,0,1,1,linux,BIC
9832fb87834e2bd925d30020962c81b05948fa7b,81,16,6,1,linux,BIC
ab3f5faa6255a0eb4f832675507d9e295ca7e9ba,4,0,2,1,linux,BFC
cdec9cb5167ab1113ba9c58e395f664d9d3f9acb,2681,0,0,14,linux,BIC
266098b841d48f7f0db40424bdbc072e4db14e9b,0,10,0,1,linux,BFC
515b399c9a204da70d54916d23c1748ff7083fb8,0,0,1,1,linux,BIC
63c51453c82cddc27556233ff41041ea9fc49fe0,12,0,0,1,linux,BIC
40507e7aada8422c38aafa0c8a1a09e4623c712a,0,0,1,1,linux,BFC
b65e3d7be06fd8ff5236439254f338fe1a8d4bbd,15,0,0,1,linux,BIC
0f36163d3abefbda1b21a330b3fdf3c2dc076d94,149,2,121,1,linux,BIC
139ed6c6c46aa3d8970a086b8e0cf1f3522f5d4a,12,0,2,1,linux,BFC
cf144f81a99d1a3928f90b0936accfd3f45c9a0a,12,0,0,1,linux,BFC
ea78b9511a54d0de026e04b5da86b30515072f31,0,0,1,1,linux,BFC
4f5bb7ff8b8d4bafd91243fc969ed240e67aa1ca,1,0,1,1,linux,BFC
0145a7141e597e14c60f7561add76bea874768b2,559,0,0,1,linux,BIC
38dd7c494cf604879e187e9b56690d25f876cf69,0,9,16,1,linux,BIC
7adb2c8aaaa6a387af7140e57004beba2c04a4c6,0,0,1,1,linux,BFC
def7343ff03bbb36ce7a34dcb19cab599f0da446,0,0,1,1,linux,BFC
e66dd48e8b0dee104d16417d30361074b08baca8,3,1,9,1,linux,BFC
46669e8616c649c71c4cfcd712fd3d107e771380,1,0,1,1,linux,BFC
f38837b08d23e66de17d46d030e0d9ac5172ad1f,6,0,0,1,linux,BFC
8ec6d97871f37e4743678ea4a455bd59580aa0f4,0,0,1,1,linux,BFC
bf6313a0ff766925462e97b4e733d5952de02367,461,579,155,6,linux,BIC
293a92c1d9913248b9987b68f3a5d6d2f0aae62b,0,0,3,1,linux,BFC
af2f464e326ebad57284cfdecb03f1606e89bbc7,28,0,0,2,linux,BIC
1ffc54220c444774b7f09e6d2121e732f8e19b94,20,0,2,1,linux,BIC
00cfaa943ec30abbc7109b0b918e0b6a0eef07dc,0,4,9,3,linux,BIC
93e0dfb2c52f9cb7a7899156475b4e7b0bee7de3,45,18,1,1,linux,BIC
54cb43199e14c1181ddcd4a3782f1f7eb56bdab8,4,0,5,1,linux,BFC
93161922c658c714715686cd0cf69b090cb9bf1d,6,0,0,2,linux,BFC
62a063b8e7d1db684db3f207261a466fa3194e72,2,0,0,1,linux,BIC
896567ee7f17a8a736cda8a28cc987228410a2ac,2,0,5,1,linux,BFC
c7272c2f1229125f74f22dcdd59de9bbd804f1c8,4,0,2,1,linux,BIC
a015dafcaf5b0316654a39bc598a76804595af90,5,14,6,3,linux,BIC
ab599eb11882f834951c436cc080c3455ba32b9b,12,0,3,1,linux,BFC
5a601f89e846c1b6005ab274d039e5036fc22015,0,0,4,1,linux,BFC
96362fb474bad694812c18cbc9943fe0f7e2ce31,1,0,0,1,linux,BFC
f990f7fb58ac8ac9a43316f09a48cff1a49dda42,1,1,2,1,linux,BFC
29d1df72ce2ac187d457990fe445a16212dcfa19,0,0,1,1,linux,BFC
5f763b3b59602735993149330ffa7e348bc85bc0,0,2,1,1,linux,BFC
84588a93d097bace24b9233930f82511d4f34210,1,0,0,1,linux,BFC
9069a3817d82b01b3a55da382c774e3575946130,596,0,17,3,linux,BIC
ede4ac7b67eb27482ae5fe8f8173554eb45ced66,0,0,2,1,linux,BFC
8c728940487945e25cdfe020d58da42143aa98c1,1,0,2,1,linux,BFC
b93b1fe3b5323d5418b151dd620c4eb80270f683,1,0,1,1,linux,BIC
35307b9a5f7ebcc8d8db41c73b69c131b48ace2b,99,18,5,7,linux,BIC
6b1bbf94ab369d97ed3bdaa561521a52c27ef619,1,0,1,1,linux,BIC
acfb3b883f6d6a4b5d27ad7fdded11f6a09ae6dd,0,0,2,1,linux,BIC
f8210e34887e1feb977a9b6b8caa086855af40c9,1,1,3,1,linux,BIC
8ccb6dc6e999008bc5d50bdb5badedd636f58e1c,0,0,16,1,linux,BFC
86c83365ab76e4b43cedd3ce07a07d32a4dc79ba,5,0,0,1,linux,BFC
2399ac42e762ab25c58420e25359b2921afdc55f,1,0,0,1,linux,BFC
9520ed8fb8410dcb6babf751561a08f73ca03812,0,0,11,6,linux,BIC
279094079a442c19ff7e7c0fd9511d9404cb2518,101,0,3,5,linux,BIC
90c7afc96cbbd77f44094b5b651261968e97de67,4,2,0,1,linux,BFC
a264df74df38855096393447f1b8f386069a94b9,12,0,0,1,linux,BFC
c6d9c35d16f1bafd3fec64b865e569e48cbcb514,0,0,2,1,linux,BFC
52c50ca75c534c0772b71900a29b3a71439b32ef,30,19,12,1,linux,BFC
476d96ca9cc59ad07dc452184880b635e4e29b06,82,0,15,1,linux,BIC
e2a5e8448e7393e96ccde346c68764b40a52cc10,22,13,2,1,linux,BFC
314b57fb0460001a090b35ff8be987f2c868ad3c,13,21,14,5,linux,BIC
ce52ad5dd52cfaf3398058384e0ff94134bbd89c,0,0,2,1,linux,BFC
246eba8e9041c4774738645c72b6efac7601db22,213,0,3,14,linux,BIC
4b9852f4f38909a9ca74e71afb35aafba0871aa1,42,0,4,5,linux,BIC
1da4a0272c5469169f78cd76cf175ff984f52f06,0,0,1,1,linux,BFC
31bafc49a7736989e4c2d9f7280002c66536e590,1,0,3,1,linux,BFC
ef299cc3fa1a9e1288665a9fdc8bff55629fd359,0,0,2,1,linux,BFC
123a0f125fa3d2104043697baa62899d9e549272,1,0,1,1,linux,BFC
b38d85ef49cf6af9d1deaaf01daf0986d47e6c7a,22,15,14,6,linux,BIC
7fbf359bb2c19c824cbb1954020680824f6ee5a5,17,0,1,1,linux,BIC
c1ff5a7aa3c385aea6badd1351cf92b02a65f145,2,8,1,1,linux,BIC
ab5df7b953d87efddba4f9df83862f7dcb39b8d5,48,0,1,3,linux,BIC
96b731412d51c6d19c5269f8e6bf2b6621d3b994,0,3,2,1,linux,BFC
83ab7dad06b74e390c2ce0e7b5136daf286e1f5e,1,0,2,1,linux,BFC
43c4cab006f55b6ca549dd1214e22f5965a8675f,4,0,0,1,linux,BFC
8e8cda6d737d356054c9eeef642aec0e8ae7e6bc,106,43,136,9,linux,BIC
c957f8b3e2e54b29f53ef69decc87bbc858c9b58,4,0,8,1,linux,BFC
f9a10440f0b1f33faa792af26f4e9823a9b8b6a4,0,5,1,1,linux,BFC
2d1a8bfb61ec0177343e99ebd745e3e4ceb0d0d5,19,22,12,1,linux,BFC
9f9b2792b6d38fbc8028f31b41ebd38a3f28a401,4,30,5,3,linux,BIC
f5c20e4a5f18677e22d8dd2846066251b006a62d,10,0,5,1,linux,BFC
7df89e92a56a3d2c8f84aa76c61471e4a7bc24f9,0,0,1,1,linux,BFC
9d239d353c319f9ff884c287ce47feb7cdf60ddc,0,0,2,1,linux,BFC
ac03d8b3a592a0b562fce2376030baf9a572f7c1,15,0,14,1,linux,BFC
28a758c861ff290e39d4f1ee0aa5df0f0b9a45ee,2,0,2,1,linux,BFC
83c4919058459c32138a1ebe35f72b7013a9ddbc,1,0,1,1,linux,BFC
c5eafd790e1317f5bfc69845207f69f6447b4b2b,0,0,1,1,linux,BFC
f5e056e1e46fcbb5f74ce560792aeb7d57ce79e6,0,0,1,1,linux,BFC
27d231c0c63bb619997a24bab85d54d90ca71110,1,0,0,1,linux,BFC
f53bad0881a35c45d89bd8c552dc0498b96403c5,2,19,54,1,linux,BFC
bf52dc49ba0101f648b4c3ea26b812061406b0d4,0,0,2,1,linux,BFC
482c23fbc7e9bf5a7a74defd0735d5346215db58,0,33,0,1,linux,BFC
022e9d6090599c0593c78e87dc9ba98a290e6bc4,0,0,1,1,linux,BFC
47e20577c24d206730bef085cb53d9812efca6f4,971,0,0,1,linux,BIC
20dfbde463c84d5e0eb32b9f3f84992eb583a698,28,1,30,8,linux,BIC
c3300aaf95fb4e5be41e731fa6427d0d996d32ac,20,0,18,1,linux,BIC
dc2f4189dcd2c87e211d30d9524ae8ebe19af577,2,0,0,1,linux,BFC
c10e8031d5b34cde06b039ca2e8af87a33d5ba11,9,4,2,1,linux,BFC
df70aeef60839cb2732913fa41e61aba52ca942c,322,0,0,4,linux,BIC
66f5d6ce53e665477d2a33e8f539d4fa4ca81c83,111,8,222,5,linux,BIC
6b7f2d82d5dc30fd4a31faf44f701b683c28715e,2,0,0,1,linux,BFC
56292e8609e39537297a7468dda4d87b9bd81d6a,59,36,7,1,linux,BFC
782d422bcaee4680c640fbc8ce8c45524fd11790,15,20,4,1,linux,BFC
73a13d8dbe33e53a12400f2be0f5af169816c67f,42,64,21,2,linux,BFC
2a4443a699347cb5ac442491421ce7cd7a12e3e2,47,13,1,3,linux,BIC
5ee759cda51b9b1c28994ea36e314427a58cb6d7,0,6,14,2,linux,BIC
48c6b5c9c1180b7f8b35edeaef9b3aa3e3b6c9d5,1,0,3,1,linux,BFC
45c2fdde01299b02a6e3225e848598a3c1e55539,2,1,0,1,linux,BFC
4b9a3932e7ba929baa231231e61874c7a56f8959,1,0,1,1,linux,BFC
61622cc6f29034d0479f7ac16f3d48f1eeabf3a1,15,0,2,1,linux,BFC
8ead9dd54716d1e05e129959f702fcc1786f82b4,0,31,28,5,linux,BIC
17f6bac2249356c795339e03a0742cd79be3cab8,0,0,1,1,linux,BFC
2e5809a4ddb15969503e43b06662a9a725f613ea,0,0,1,1,linux,BFC
87dda67e7386ba7d2164391ea58b34e028d8157b,70,29,51,4,linux,BIC
a501b048a95b79e1e34f03cac3c87ff1e9f229ad,10,0,0,1,linux,BFC
c6f9288ee460565b94994aaf3261318199c2a674,2,0,1,1,linux,BFC
bd63acf9e9a6b48e9c6c15f0f413f85a481cb5ef,1,0,0,1,linux,BFC
c6e939c63c80c26460b25cf1150ebe8396e8adcf,0,0,2,1,linux,BFC
0a3b53305c8ff427bbc1d9d5bd78524007f19600,4,0,0,1,linux,BFC
6b9ea5a64ed5eeb3f68f2e6fcce0ed1179801d1e,152,3,23,1,linux,BIC
d72500f992849d31ebae8f821a023660ddd0dcc2,36,19,16,2,linux,BFC
33182d15c6bf182f7ae32a66ea4a547d979cd6d7,3,0,0,1,linux,BFC
16ad2ffb822cd28e2330284a60fdfec8bb90bbb0,82,0,5,5,linux,BIC
c6eb58435b98bd843d3179664a0195ff25adb2c3,2,0,0,1,linux,BIC
99e98d3fb1008ef7416e16a1fd355cb73a253502,35,29,19,7,linux,BIC
d25fde64d1c271277b801c57a954037f80babbd1,0,0,2,1,linux,BFC
9db09e3bad65393dc23b0279beb7f3754d77065c,0,0,3,1,linux,BFC
e9f5f1e456084fc3a2611b3a40ef8b036b2961cb,0,4068,0,9,linux,BIC
6e5f68fe3f2d35046856572fa037a5149d55a070,685,0,0,2,linux,BIC
0f5cb0e6225cae2f029944cb8c74617aab6ddd49,3,0,0,1,linux,BFC
5fbd0418eef283269f2cc1b90b63d88f20c887bf,20,3,0,5,linux,BIC
74ac57806af124b57af30f2ca9fc9df0afe6269e,0,33,21,2,linux,BFC
abd49676c70793ee0a251bc3d8fe1604f9303210,511,0,12,7,linux,BIC
5d43001ae43606dc525f55c482c545afba01bb55,58,0,0,4,linux,BIC
e02737d5b82640497637d18428e2793bb7f02881,183,0,0,2,linux,BIC
7dc3c5a0172e6c0449502103356c3628d05bc0e0,3,0,3,1,linux,BIC
0536478cba710bedf798602df85c28953b69cf76,0,0,10,2,linux,BFC
76a3c92ec9e0668e4cd0e9ff1782eb68f61a179c,0,687,5,13,linux,BIC
f7a33e608d9ae022b7f49307921627e34e9484ed,1149,0,0,1,linux,BIC
f20ed39f53145e45edd27ff9fba5a60429c40bac,46,480,14,1,linux,BIC
3d1bec99320d4e96897805440f8cf4f68eff226b,73,0,0,3,linux,BIC
67a948779067f5b2e4e0c5aa67d010c525c8a0ad,0,3,3,1,linux,BFC
f88f1466e2a2e5ca17dfada436d3efa1b03a3972,2,0,2,1,linux,BFC
567b9b549cfa1cbc202762ae97b5385c29ade1e3,18,0,3,1,linux,BFC
12593b7467f9130b64a6d4b6a26ed4ec217b6784,55,4,40,3,linux,BIC
f41f0824224eb12ad84de8972962dd54be5abe3b,36,16,6,3,linux,BFC
d7e23b887f67178c4f840781be7a6aa6aeb52ab1,3,0,2,1,linux,BFC
5f09a5cbd14ae16e93866040fa44d930ff885650,2,0,0,1,linux,BIC
d433889cd5a0933fbd90f1e65bff5a8d7963cc52,0,0,1,1,linux,BFC
dd75080aa8409ce10d50fb58981c6b59bf8707d3,0,1,1,1,linux,BFC
677b9eb8810edc6c616a699018a83e24ed0cccab,104,0,15,3,linux,BIC
82b2425fad2dd47204b3da589b679220f8aacc0e,3,0,0,1,linux,BFC
42b1bd33dcdef4ffd98f695e188bab82f9fa46d8,0,0,2,2,linux,BFC
b474959d5afda6e341a02c85f9595d85d39189ae,0,0,1,1,linux,BFC
91356fed6afd1c83bf0d3df1fc336d54e38f0458,0,0,1,1,linux,BFC
7527810573436f00e582d3d5ef2eb3c027c98d7d,159,0,4,5,linux,BIC
166afb64511eef08e13331b970c44fe91cea45ef,5,6,4,3,linux,BIC
3a3a11e6e5a2bc0595c7e36ae33c861c9e8c75b1,16,0,11,2,linux,BFC
ccd57b1bd32460d27bbb9c599e795628a3c66983,90,0,6,2,linux,BIC
795bbbb9b6f80306be3d45c79527324036a68509,25,0,1,1,linux,BIC
277afbde6ca2b38729683fc17c031b4bc942068d,0,3,2,1,linux,BFC
aa9e3fa4992d83acb7311fc86d11d0d53e7ffb8e,2,0,0,1,linux,BFC
7d99429afa9393968261a425b1e1b57298e48a75,0,0,1,1,linux,BFC
beecf11bc2188067824591612151c4dc6ec383c7,102,10,17,3,linux,BIC
4e4636cf981b5b629fbfb78aa9f232e015f7d521,1,0,1,1,linux,BFC
4396393fb96449c56423fb4b351f76e45a6bcaf6,10,0,3,2,linux,BFC
7f080c3f2ff091c095248f670bb34308f141ff7a,172,0,20,4,linux,BIC
16466f4284154311f163a58b77379eb186274f87,0,15,0,2,linux,BFC
e95a7f3ddc1b47838e5c131f77eb9525724c3e73,1,0,0,1,linux,BFC
b38d08f3181c5025a7ce84646494cc4748492a3b,18,21,19,2,linux,BIC
29dc267f270a4ad5ae1341e7fdc8539ac7dc907a,0,0,1,1,linux,BFC
f9535d28ac93c3cc326f7215fccd0abe1d3a6083,3,0,1,1,linux,BFC
b5efec00b671c5d7e9cb9e73a1d4925dd6ce8dcd,62,31,1,7,linux,BIC
681370f4b00af0fcc65bbfb9f82de526ab7ceb0a,21,10,1,3,linux,BFC
26736a08ee0fb89a4f09bfb2c9f0805028ff63aa,0,0,1,1,linux,BFC
bc0ee476036478a85beeed51f0d94c8729fd0544,363,0,8,7,linux,BIC
ee88d363d15617ff50ac24fab0ffec11113b2aeb,57,0,7,3,linux,BIC
64531a3b70b17c8d3e77f2e49e5e1bb70f571266,1,0,1,1,linux,BFC
a32ea51a3f17ce6524c9fc19d311e708331c8b5f,3,0,0,1,linux,BFC
51aab12631dd7700385d275846ca49dc0b8c2124,39,12,6,2,linux,BIC
27f78cb245abdb86735529c13b0a579f57829e71,48,6,43,2,linux,BFC
c14f8a4032efa73d9c4e155add47c19252b3bdf4,18,0,4,1,linux,BFC
ac90aa02d5b9a9bde6bcd9ac3ee181a4d212d355,266,3,2,4,linux,BIC
e7445ceddfc220c1aede6d42758a5acb8844e9c3,6,0,4,1,linux,BFC
f0798d6a04867ad8db8b41ddea45627d2c8cffe3,0,0,1,1,linux,BFC
f648661bc7de497634c474a38608a715a0af4bbd,0,0,2,1,linux,BFC
5aa3afe107d9099fc0dea2acf82c3e3c8f0f20e2,15,0,1,3,linux,BIC
6c25539cbc460f7f594e30ac6db88d5e61e8baff,347,0,0,1,linux,BIC
04c0a5fcfcf65aade2fb238b6336445f1a99b646,4,2,0,3,linux,BIC
7cc560dea4152139e16bea6e56ffa9e1bc461082,273,0,0,1,linux,BIC
89aef8921bfbac22f00e04f8450f6e447db13e42,0,920,13,3,linux,BIC
fd8aa9095a95c02dcc35540a263267c29b8fda9d,491,210,181,4,linux,BIC
66b3923a1a0f77a563b43f43f6ad091354abbfe9,309,31,4,5,linux,BIC
2442ee15bb1e726e0db1b90faf02211f88fb5d71,0,0,1,1,linux,BFC
d5008ef5b5a21177d3042816542f1afd5ae36152,6,1,8,1,linux,BFC
12de2eadf87825c3990c1aa68b5e93101ca2f043,3,0,2,1,linux,BFC
886201c70a1cab34ef96f867c2b2dd6379ffa7b9,7,0,1,1,linux,BFC
9b6f7e163cd0f468d1b9696b785659d3c27c8667,58,4,3,2,linux,BIC
6a9e461f6fe4434e6172304b69774daff9a3ac4c,17,0,2,1,linux,BIC
5f093ee76c8fc1ec82de8da04bd087663c853e7b,0,0,5,2,linux,BFC
5eb620c81ce35aa0c533131bf4d06c4c8c2bfadf,133,0,0,2,linux,BIC
5899593f51e63dde2f07c67358bd65a641585abb,17,0,4,1,linux,BFC
05da75fc651138e51ff74ace97174349910463f5,0,0,1,1,linux,BFC
ea49f3e73c4b7252c1569906c1b2cd54605af3c9,135,0,0,1,linux,BIC
f3925032d7fd4aa627ff10e780430269b3829f83,1,0,5,1,linux,BIC
f141e251474d673f75e8c16dbdabeb4da3939d7e,32,18,11,3,linux,BIC
fefdd3c91e0a7b3cbb3f25925d93a57c45cb0f31,0,19,2,2,linux,BIC
b413b0cb008646e9f24ce5253cb3cf7ee217aff6,12,0,3,2,linux,BFC
d878970f6ce127a0b5288e1ef20fbbbff7676792,110,5,13,1,linux,BIC
d651aa1d68a2f0a7ee65697b04c6a92f8c0a12f2,7,0,0,1,linux,BFC
8d70136e2dc76f085b7423b993e13527f5a1fd7e,0,0,1,1,linux,BFC
7745ff9842617323adbe24e71c495d5ebd9aa352,0,0,2,1,linux,BFC
c56b593d2af4cbd189c6af5fd6790728fade80cc,17,0,13,5,linux,BFC
1a763fd7c6335e3122c1cc09576ef6c99ada4267,0,0,3,1,linux,BIC
15ecbe94a45ef88491ca459b26efdd02f91edb6d,0,0,2,1,linux,BFC
aaaa93eda64b004c20d55049c3b7b61c4d647559,1576,0,0,3,linux,BIC
c8294da2ed0be726bb87019eba3a6367c7f1c922,0,0,1,1,linux,BFC
918f3c1fe83c5baa4892b943d3f5ac7191d8fb74,22,0,3,2,linux,BIC
b44d5c0c105aa84b46caff9fdd606dc9a7b86419,0,71,8,2,linux,BIC
b50ae26c57cb2fe8811574f6c1f92b16968e0dca,21,2,3,2,linux,BIC
d3f3baa3562a5d09f3e87f5fdf84952112807753,1,0,3,1,linux,BIC
7482d6ecc68e16a2b8272b0c9cbcc5c50edf013f,206,0,5,2,linux,BIC
113f304dbc1627c6ec9d5329d839964095768980,7,2,0,1,linux,BFC
79d08f89bb1b5c2c1ff90d9bb95497ab9e8aa7e0,14,0,9,4,linux,BFC
5d317b2b6536592a9b51fe65faed43d65ca9158e,34,0,1,5,linux,BIC
a992b20cd4ee360dbbe6f69339cb07146e4304d6,198,29,25,4,linux,BIC
bbfbf7a5e77e4c899982c7df4cf3197cb6f99be4,0,2,1,1,linux,BFC
955e84fc0b6df6cfb95ee6f569be809af49d8287,218,0,0,3,linux,BIC
97bb69e1e36e960b0ecfa2be5ea75ec357a61c3f,42,10,58,1,linux,BIC
f8884711f78fa946041cf04492e218c377479a9c,0,0,1,1,linux,BFC
74373977d2ca26e5735377f8874be70bc2f030f5,178,0,0,1,linux,BIC
fbcd13df1e78eb2ba83a3c160eefe2d6f574beaf,0,4,0,1,linux,BFC
46ed5fc33db966aa1a46e8ae9d96b08b756a2546,69,54,19,2,linux,BIC
7a023fd239498edd269838784f12888147d970da,0,0,1,1,linux,BFC
5e1a99eae84999a2536f50a0beaf5d5262337f40,10,0,7,4,linux,BIC
4220a07264c0517006a534aed201e29c8d297306,6,9,32,2,linux,BFC
75bd4bff300b3c5252d4a0e7a959569c62d1dbae,0,0,2,1,linux,BFC
a86b06d1ccd218a6a50d6a3a88fbd2abcd0eaa94,2,17,10,2,linux,BFC
7f1931b35f0909695543a8c12f72ccd2d20ff241,1,1,0,1,linux,BFC
cd63f3cf1d59b7ad8419eba1cac8f9126e79cc43,7,0,3,1,linux,BIC
c5eae692571d6c44efeb27fe78a5ed8b5ded9b4a,13,13,13,1,linux,BIC
90bbaf66ee7b946952f1e82a0069639dea5fd893,18,14,7,3,linux,BIC
f5a3cb90b802da2dee8bc1dc39339b6521c33652,18,1,7,4,linux,BIC
1eb643d02b21412e603b42cdd96010a2ac31c05f,1,0,0,1,linux,BFC
e0936c3471a8411a5df327641fa3ffe12a2fb07b,0,0,3,1,linux,BFC
9f49f6dd0473c8fab4522e2e2cb16e93ffb8f3f0,2,0,0,1,linux,BIC
b2c02c63ac254530cffe3a7dc7d4e433da1b3a67,0,0,4,1,linux,BFC
6b207ce8a96a71e966831e3a13c38143ba9a73c1,0,0,4,1,linux,BFC
f97c3dc3c0e8d23a5c4357d182afeef4c67f5c33,0,0,1,1,linux,BFC
b26af9304467d8e7844397e702b51a4bdc74bedd,0,0,1,1,linux,BFC
b60620cf567b79da46096a0ba29b39f23b6e7f1c,130,2,0,2,linux,BIC
e5a1dadec3648019a838b85357b67f241fbb02e8,0,0,1,1,linux,BFC
5f58591323bf3f342920179f24515935c4b5fd60,10,3,0,1,linux,BIC
54d87913f147a983589923c7f651f97de9af5be1,3,0,0,1,linux,BFC
90bc9fb15942ad08b46cd003d8d1b51f3d43e322,1,0,3,1,linux,BFC
c9be804c8c7a2d3fcd8e236407c8623be0356a01,109,149,16,12,linux,BIC
53e60650f74ed42957bea947ea791b6dea215b01,7,5,6,1,linux,BIC
d207af2eab3f8668b95ad02b21930481c42806fd,2,0,0,1,linux,BFC
1481ecf1941a35a3e82d0f3e8fe9a2bdce28ee6f,1,0,0,1,linux,BFC
5b9fbeb75b6a98955f628e205ac26689bcb1383e,0,0,4,1,linux,BFC
58ba07ec79e62054dd2b2f1cea082a542aa01c44,59,0,2,1,linux,BIC
43622697117c39357a3fecf849416df181ce4621,0,0,55,1,linux,BIC
d72ebbcc446086cbc1116f83d6da063b2dc24fe4,0,0,43,1,linux,BFC
6ce901eb61aa30ba8565c62049ee80c90728ef14,16,0,0,1,linux,BIC
6fde8f037e604e05df1529e4689041715d6d55d2,18,0,12,2,linux,BIC
6a628fa43810f861da50c593c69f2ead1c829231,0,0,1,1,linux,BFC
11878b40ed5c5bc20d6a115bae156a5b90b0fb3e,8,10,3,3,linux,BIC
1ff412ad7714f6952f76ffd77f0a7f2f563288a1,4,27,3,1,linux,BIC
21d2b122732318b48c10b7262e15595ce54511d3,0,4,1,1,linux,BFC
044cd9750fe010170f5dc812e4824d98f5ea928c,3,0,37,1,linux,BFC
9cd803d496e72cd1dd3287c9a6cb4afa636ee16a,64,0,0,3,linux,BFC
98409b2bbca36b578be8e66758e6acb96e4c91da,0,0,2,1,linux,BFC
491f10d08fdae10a177edf6af4f43b83b293114b,3,0,1,1,linux,BFC
59dd13ad310793757e34afa489dd6fc8544fc3da,13,15,0,1,linux,BFC
e097dc624f784debbde49701a493bf920bc422c7,241,1,0,4,linux,BIC
61864d844c296933d40c02683252bbea5193b101,0,0,0,24,linux,BIC
15420269b02a63ed8c1841905d8b8b2403246004,6,0,2,1,linux,BFC
829eb208e80d6db95c0201cb8fa00c2f9ad87faf,142,0,5,4,linux,BIC
ba2fc167e9447596a812e828842d0130ea9cd0e4,204,0,0,1,linux,BIC
0b0e2ff10356e7e2ffd66ecdd6eee69a2f03449b,0,0,1,1,linux,BIC
5286132324230168d3fab6ffc16bfd7de85bdfb4,0,0,1,1,linux,BFC
40a1926022d128057376d35167128a7c74e3dca4,2,4,2,3,linux,BFC
65598c13fd66c3b5eac16d5b8eacc704aa17ce40,10,0,3,1,linux,BIC
f10ee3dcc9f0aba92a5c4c064628be5200765dc2,7,5,16,3,linux,BFC
901d3765fa804ce42812f1d5b1f3de2dfbb26723,1,1,2,1,linux,BFC
b500afff11f64227ca69fd2d05986d08d9573935,153,0,4,2,linux,BIC
6479450f72c1391c03f08affe0d0110f41ae7ca0,47,15,2,1,linux,BFC
92c70a958b0b6b7e729a47a7c85762636859eee9,7,8,49,9,linux,BIC
4ca8ca9fe7dc792000c3762de5081a4d6dc33667,0,9,12,1,linux,BFC
480136343cbe89426d6c2ab74ffb4e3ee572c7ee,0,0,1,1,linux,BFC
8be64b6d87bd47d81753b60ddafe70102ebfd76b,2,0,0,1,linux,BFC
6459b8469753e9feaa8b34691d097cffad905931,52,64,1,4,linux,BIC
a0fd72d2c95b56c78feec0867f2077b5ff5991e6,0,0,1,1,linux,BFC
e3b9fc7eec55e6fdc8beeed18f2ed207086341e2,0,0,2,1,linux,BFC
9021c317b77024fb2642af7e84ad944769ae0949,3944,0,0,13,linux,BIC
f899fc64cda8569d0529452aafc0da31c042df2e,249,227,192,21,linux,BIC
6b32391ed675827f8425a414abbc6fbd54ea54fe,0,0,1,1,linux,BFC
f759546498d820670934c901a2fdf1ce948d2e5c,0,2,3,1,linux,BFC
cd043c613e21bb6f039057043da759471706adf5,0,0,2,1,linux,BFC
b44eeb8cbdf2b88f2844f11e4f263b0abed5b5b0,0,1,1,1,linux,BFC
60a8fc017103325db4b56e4f175f060a6aaac147,1339,0,0,2,linux,BIC
50f2959113cb6756ffd73c4fedc712cf2661f711,1,2,2,1,linux,BFC
1fcd03946b52b8a57a6692fedd4406b45baedfe6,34,0,34,5,linux,BIC
a853c0a0b013af3fee0f028cff3c44e275ce9abd,0,0,4,1,linux,BFC
5adaf8629b193f185ca5a1665b9e777a0579f518,0,0,2,1,linux,BFC
c82064f26f44ea13f097dfb58d5ffd4359dcabbb,4,4,0,1,linux,BFC
79169f14865503fb3c1571ae3f9c456c3ca74865,0,1,1,1,linux,BFC
48739afaac2a5a71a132cd43fd6bd5722680a9b1,0,0,1,1,linux,BFC
4cbeaebb8af1c86691d1a2d3328d82a01f4380a5,30,0,0,2,linux,BIC
87b94026ff31b90a382d368123d31b2c4888069b,3,31,20,3,linux,BFC
6282675e6708ec78518cc0e9ad1f1f73d7c5c53d,42,1,4,1,linux,BFC
0da0035942d47766c32843143fb5dba7a29cb48c,423,0,3,8,linux,BIC
0861e5b8cf80038e91942f1005c8dfce79d18c38,108,1,3,2,linux,BIC
4d8be21112f6fa2ac4b8a13f35866ad65b11d48c,3,0,2,1,linux,BFC
efa70f2fdc842e63a0a13223e0e83cedcc2117f1,195,18,11,22,linux,BIC
b3f5c7bc88bab134e9649e42d30be15e3775f00d,0,0,3,1,linux,BIC
6d7cd8c1373746a93dc868ee9d38a82df78b38aa,0,3,2,1,linux,BFC
aeb309b81c6bada783c3695528a3e10748e97285,8,0,2,1,linux,BFC
e87474a6e697857df21cff0707a2472abceca8b3,1,0,6,1,linux,BFC
ae4f8ae16a07896403c90305d4b9be27f657c1fc,5,27,2,1,linux,BIC
b38d732477e4211351b2680e805d944f66bceec9,632,0,35,10,linux,BIC
86f4ff7a0c0cd8e391ffa4dd0edb82ae0eedcc9e,7,0,0,1,linux,BIC
e4c5c4dfaa88e49f33e8c11b52c65c630c0b12a7,108,0,0,1,linux,BIC
a6a5993243550b09f620941dea741b7421fdf79c,1,0,6,1,linux,BFC
3d3ced2ec5d71b99d72ae6910fbdf890bc2eccf0,13,0,0,1,linux,BFC
809ff97a677ff85dfb7ce2b63be261d1633dcf29,39,1,3,1,linux,BFC
ebef8abc963b9e537c0a0d619dd8faf1b8f2b183,1,0,0,1,linux,BFC
c1fe190c06723322f2dfac31d3b982c581e434ef,71,0,7,5,linux,BIC
e76bdfd7403aae582461901955d0136381e34435,455,0,2,1,linux,BIC
b929a500d68479163c48739d809cbf4c1335db6f,0,2,0,1,linux,BFC
118f3663fbc658e9ad6165e129076981c7b685c5,0,28,0,4,linux,BIC
d9cb73300ac0001832c048a489c592263fc28193,0,13,3,2,linux,BFC
87e780db2253a1759822c2c9ea207135fcc059de,0,0,2,1,linux,BFC
e8ba1e05bdc016700c85fad559a812c2e795442f,419,0,0,1,linux,BIC
bfbcc81bb82cbbad8bf4e40cea274f42b50674e2,17,7,5,3,linux,BIC
8fdd60f2ae3682caf2a7258626abc21eb4711892,3,8,1,1,linux,BFC
60c6b305c11b5fd167ce5e2ce42f3a9098c388f0,0,2,0,1,linux,BFC
2f17dd34ffed09823d6598903276b867bb238f95,281,0,0,1,linux,BIC
d66777caa57ffade6061782f3a4d4056f0b0c1ac,0,0,1,1,linux,BFC
11df4d95b3ad9e6a6a6e0907bb200610a4d24887,0,0,1,1,linux,BFC
88b0cfad288831a86ffd79b6d00b689489598186,0,0,2,1,linux,BIC
fa8dac3968635dec8518a13ac78d662f2aa88e4d,0,4,0,1,linux,BFC
4adc0423de92cf850d1ef5c0e7cb28fd7a38219e,0,6,0,2,linux,BFC
4087d11cd9455cd28da0795504451d1188633a0d,10,0,2,1,linux,BIC
bec3c11bad0e7ac05fb90f204d0ab6f79945822b,1,40,12,6,linux,BIC
33692f27597fcab536d7cbbcc8f52905133e4aa7,56,0,7,30,linux,BIC
5632874311dbf432c698fcbe0cf7a49e01ebf324,3,11,25,3,linux,BIC
eb4fd29afd4aa1c98d882800ceeee7d1f5262803,15,0,0,1,linux,BIC
6de8ad9b9ee0ec5b52ec8ec41401833e5e89186f,17,0,7,1,linux,BIC
ea75a342aed5ed72c87f38fbe0df2f5df7eae374,4,0,2,1,linux,BFC
81fe8e5b73e3f4de578ac7f53c1d956d4f58b8d4,32,0,23,9,linux,BIC
edd45cba5ed7f53974475ddc9a1453c2c87b3328,0,0,6,1,linux,BFC
69c93f9674c97dc439cdc0527811f8ad104c2e35,0,0,1,1,linux,BFC
aa0813581b8d37bdd91cd40b67ef79ffa45104b2,8,0,0,1,linux,BIC
6ac1dc736b323011a55ecd1fc5897c24c4f77cbd,0,0,1,1,linux,BFC
58bf4db695287c4bb2a5fc9fc12c78fdd4c36894,4,0,0,1,linux,BFC
b40971426a837e9dc9c66e1b6bbcb3874eafe4e0,61,0,28,3,linux,BIC
829c67319806009abfe3b0b82b3b8b153a2c5e32,30,0,0,1,linux,BIC
2b2f5ff00f63847d95adad6289bd8b05f5983dd5,14,0,1,1,linux,BIC
14d1b9a6247c4548015d940ca92dbea05c0245bb,1280,0,0,5,linux,BIC
0efea3c649f0a50d473a4afe2d17c2bbcee639e1,0,0,3,1,linux,BIC
8f97339d3feb662037b86a925e692017c0b32323,164,0,0,2,linux,BIC
80e457699a8dbdd70f2d26911e46f538645c55fc,7,0,0,1,linux,BFC
43bcfd2bb24abf7307634bc7194386b38d6f264f,59,7,10,1,linux,BIC
c7ba65d7b64984ff371cb5630b36af23506c50d5,45,50,3,2,linux,BIC
13303c0fb1481e40377d072a29570e005e7bd032,0,17,14,6,linux,BIC
123f6d3ae773f769695830518690ac3e4a477e82,4,0,10,1,linux,BFC
f427939391f290cbeabe0231eb8a116429d823f0,0,3,2,1,linux,BFC
d354eb85d61803e07831b68d1985cd9cfe2f8b59,6,14,3,1,linux,BIC
a0d2f20650e81407d8e51ad2cbdc492861c74e9c,408,2,3,3,linux,BIC
17b206c27366f3cee816eaf86fafc6a11f628ecf,3,0,9,1,linux,BFC
4a8c99c73777afd2fe785a39ffd2dd44f7c21d27,0,0,1,1,linux,BFC
ec23189049651b16dc2ffab35a4371dc1f491aca,23,0,0,14,linux,BIC
31b6298fd8e29effe9ed6b77351ac5969be56ce0,1,0,3,1,linux,BFC
0171c41835591e9aa2e384b703ef9a6ae367c610,1,0,2,1,linux,BFC
b0e29063dcb3bf14f515f95e748b60e4bab45e7c,2,46,2,2,linux,BIC
5ca05345c56cb979e1a25ab6146437002f95cac8,0,0,1,1,linux,BFC
5c2c85315948c42c6c0258cf9bad596acaa79043,9,0,2,4,linux,BIC
3657f729b6fb5f2c0bf693742de2dcd49c572aa1,0,1,1,1,linux,BFC
863a42b289c22df63db62b10fc2c2ffc237e2125,1,0,0,1,linux,BFC
3b91edd624ab1ab694deef513a45eb9e9d49d75f,1,0,5,1,linux,BFC
89320020d967e8f7affbc4488b85860b3a64c4c4,0,0,1,1,linux,BFC
da08d8cb8cfc58a340fc5e163385b5dfd714d762,10,0,8,1,linux,BFC
1f7f9ab7900ec92c0beac0660cdce37d6af02d38,136,0,6,7,linux,BIC
e51a7dda299815e92f43960d620cdfc8dfc144f2,63,0,4,1,linux,BFC
0705e8d1e2207ceeb83dc6e1751b6b82718b353a,58,97,6,4,linux,BFC
e3afa96365c916319a1068ac50b838b2256cc6df,10,0,3,2,linux,BFC
478a2db82863db9f1c135111e78298e6ed5022f3,0,0,2,1,linux,BFC
baff8da6e1636420ce04cadd6df56e137fa6e005,0,0,1,1,linux,BFC
b53e84eed08b88fd3ff59e5c2a7f1a69d4004e32,13,0,0,1,linux,BFC
3f9fbe9bd86c534eba2faf5d840fd44c6049f50e,9,0,0,1,linux,BFC
af7cf057933f01dc7f33ddfb5e436ad598ed17ad,4,20,31,7,linux,BIC
809a9b63323278e94f73d8b1f85b64e347f639ba,0,0,2,1,linux,BFC
a102172c7f818bfb32c0652552983e262d11990e,3,0,0,1,linux,BFC
7d23dcdf213c2e5f097eb7eec3148c26eb01d59f,0,5,3,2,linux,BFC
400c40cf78da00c16e561a3a253ca272455c42ef,666,0,0,1,linux,BIC
1d15d9098ad12b0021ac5a6b851f26d1ab021e5a,27,0,8,3,linux,BIC
a57e5de476be0b4b7f42beb6a21c19ad9c577aa3,827,0,2,2,linux,BIC
8518e694203d0bfd202ea4a80356785b6992322e,0,0,1,1,linux,BFC
1e7710f3f6563940bb6bbc94aa8eadfd344a86af,148,39,109,6,linux,BIC
0ec84df4953bd42c6583a555773f1d4996a061eb,6,0,0,1,linux,BIC
51087a8617fef1fb15e5b7a8805cfbab3583944d,326,11,174,5,linux,BIC
8f7fc5450b64210b08cb3daabb3473dbad197e54,5,6,4,1,linux,BIC
6b8a69131dc63df2eab3fc6f5f91b60bdd5301ff,10,0,0,1,linux,BIC
d1d1ebf4120db07a6706faed970be7460303834e,19,4,15,1,linux,BFC
f93bfeb55255bddaa16597e187a99ae6131b964a,25,18,28,1,linux,BFC
76bc080ef5a34aedb63e1691f28c6b42f3468e4e,34,1,9,1,linux,BIC
404ca80eb5c2727d78cd517d12108b040c522e12,5,0,1,1,linux,BFC
b15a9f37be2bc90f46f7e6b0c615c80e72e96431,963,0,3,7,linux,BIC
377cb248840907adc407324b4d23f97b3ee70c98,0,0,1,1,linux,BFC
a08ad6339e0441ca12533969ed94a87e3655426e,1,0,2,1,linux,BFC
b81e3140e4128921f25119a2b5ae0049f8373d1a,8,6,0,1,linux,BIC
a7e6e5d8b221e57fed9fda6ec81153fda773c073,1,0,0,1,linux,BFC
2233bf7a92e784f20d1a4a1d39438dcf51e75161,83,29,162,1,linux,BIC
4fd5f812c23c7deee6425f4a318e85c317cd1d6c,44,35,6,2,linux,BIC
b0f2044c61d9ef309252d25d16d6cce6e8fcae6b,0,2,3,1,linux,BFC
cbbdf8433a5f117b1a2119ea30fc651b61ef7570,1,0,1,1,linux,BIC
3a52fb7e7953f0b13df8c05d0d74b56a66888f30,17,20,18,4,linux,BFC
09ac2694b0475f96be895848687ebcbba97eeecf,0,0,2,1,linux,BFC
af2a0c51b1205327f55a7e82e530403ae1d42cbb,5,8,11,5,linux,BIC
a61007a83a4671da77210790997d5c8c92ed87ea,21,22,9,1,linux,BIC
6399ebcccffa12e65bc15eda039d37673264ebce,2,3,7,1,linux,BFC
8c95f773b4a367f7b9bcca7ab5f85675cfc812e9,619,0,12,4,linux,BIC
b40f4757daa1b28e586fddad76638c98e2edfc34,432,118,146,5,linux,BIC
ec31abf6684ebe1134eb3320c96fb92e566eff74,233,26,51,4,linux,BIC
55e49dc43a835b19567e62142cb1c87dc7db7b3c,0,0,2,1,linux,BIC
0a5143f2f89cc88d8a3eada8e8ccd86c1e988257,767,82,136,10,linux,BIC
af3f606e0bbb6d811c50b7b90fe324b07fb7cab8,0,0,1,1,linux,BFC
497b0c5a7c0688c1b100a9c2e267337f677c198e,16,4,29,3,linux,BIC
84905dfe78d28b597a1c991bfc05722a8fba1184,118,2,23,3,linux,BIC
dd1d1a8a6b29b6b472fd0d449b29eb806c411dd2,1,0,3,1,linux,BFC
9a5a668dc348f98de464114411421c4e9381cf21,1,0,3,1,linux,BFC
d04e84b9817c652002f0ee9b42059d41493e9118,6,0,2,1,linux,BFC
566ca99af026d43c7cf7ab72f78463dbcc7e6ac2,5,0,0,2,linux,BIC
e94cb37b34eb8a88fe847438dba55c3f18bf024a,457,0,2,4,linux,BIC
9184dc8ffa56844352b3b9860e562ec4ee41176f,0,0,8,1,linux,BFC
ccbe80bad571c2f967ad42b25bbb3ef7a4a24705,32,1,4,3,linux,BIC
4be3a4fa51f432ef045546d16f25c68a1ab525b9,16,5,6,1,linux,BIC
ac5d77864cfcb0f034221c2b3dac828ae24c722e,22,6,23,2,linux,BIC
8f266a5d878ad38fbd43e41e22847650f51d4734,39,0,6,2,linux,BIC
0361a28d3f9a4315a100c7b37ba0b55cfe15fe07,314,15,88,6,linux,BIC
ed0022da8bd9a3ba1c0e1497457be28d52afa7e1,15,4,13,2,linux,BIC
6e998916dfe327e785e7c2447959b2c1a3ea4930,22,25,2,5,linux,BIC
3fd63734bca51c6b7bb6615fc10eefa620ca58a0,0,32,0,1,linux,BFC
13caf7bea4432e8d192d412eae9ee8efb2f47fe8,0,0,9,1,linux,BFC
062b829c52ef4ed5df14f4850fc07651bb7c3b33,1,0,1,1,linux,BFC
2ba5fbd62b2534335f4e3b844ecc7860115525a3,59,0,6,1,linux,BIC
a5c69204dafc77cde34317e34f2f4fc93afd36df,0,0,1,1,linux,BFC
