commit_id,lines_added,lines_removed,lines_modified,files_changed,commit_role
4c7124413aa759b8ea0b90cd39177e525396e662,0,35,0,2,BFC
840a3cbe89694fad75578856976f180e852e69aa,1,62,2,3,BIC
6ce14f6416c84bd9c81777edf899b57ac5000c87,0,0,1,1,BFC
3ff4cbec87da48b0ec1f7b6196607b034de0c680,1,0,0,1,BFC
f2654a4781318dc7ab8d6cde66f1fa39eab980a9,0,0,1,1,BFC
f411a6160bd4278508b5892949ba1a7db6f73489,109,0,0,1,BIC
4cc6feb715c223d59c8cad0dc71bce1a574a2c67,2,1,0,1,BFC
0a46ddd57c9ef9fb5376d4bff65d07e0aea30f35,24,0,2,2,BIC
99df13b6ea811a63eeacb278d05a5b914ce28073,0,3,0,1,BFC
1bf6ad622b9be58484279978f85716fbb10d545b,76,232,45,19,BIC
8c7a758873577f0d1bb3f879584338f73e6c6bc3,2,0,0,1,BFC
4c9f7086ac6d069d5b79ba37ef4f1ed4fa3dc3f7,96,0,0,1,BIC
abeae421b03d800d33894df7fbca6d00c70c358e,0,11,0,1,BFC
bbdf0b2ff32aa75c7bd167569130e9391d2e6282,11,0,0,1,BIC
ac73661c6222faef1a97ec44f424234f165e4710,2,0,0,1,BFC
0fb890c01349c52b55b7adb4a18b362d141303d1,98,1,0,2,BIC
814feed316e9d15b0ae869ca729370e7630b8d13,1,1,0,1,BFC
2e2adb05736c3101a0b301e39bf5adabb8b5fb22,260,6,12,4,BIC
76cc0d3282d4b933fa144fa41fbc5318e0fdca24,4,3,7,1,BFC
265698d7e6132a2d41471135534f4f36ad15b09c,3,0,0,1,BFC
8564e38206de2ff005a27c8d7c2ce3869a44f0dd,44,3,10,3,BIC
63ecc3d9436f8012e49dc846d6cb0a85a3433517,1,0,0,1,BFC
d39d938c8228a4c5860138a53cf2b9ae4c4baec2,31,18,9,1,BIC
c45e2d2547cb2ba0ee8391d8cb2fd2f7cdc016f5,0,1,1,1,BFC
a6d7514b14a6ea2a3868bdcb2fca7b2410738595,72,7,0,1,BIC
b0ade85165b3caeb0cd908cffe5921a39f25c243,3,3,3,1,BFC
8073e960a03bf7b5d5ebfc5ff18ac475e1688f46,20,8,4,1,BIC
c3eec59659cf25916647d2178c541302bb4822ad,0,0,1,1,BFC
ee0ec1946ec2aa11930bfa62a2b12d35256122c2,30,31,3,6,BIC
bf563b01c2895a4bfd1a29cc5abc67fe706ecffd,2,1,0,1,BFC
3d713e0e382e6fcfb4bba1501645b66c129ad60b,48,0,0,2,BIC
4ec1cd3eeeee7ccc35681270da028dbc29ca7bbd,1,1,0,1,BFC
9da5a1092b13468839b1a864b126cacfb72ad016,69,0,0,5,BIC
c6b8e79306f515b5483eb11076e0fbfc140434a8,8,4,2,1,BFC
452562abb5b76c14449dead2a7113f641893e8bc,0,0,6,1,BFC
2ef7a2953c81ee6b341e3ffb33570adc894cf4a5,243,415,8,3,BIC
1298d51c44fddcb609ea6c9fa37b76028593963b,0,0,1,1,BFC
4395890a48551982549d222d1923e2833dac47cf,258,33,16,3,BIC
6878e7de6af726de47f9f3bec649c3f49e786586,38,5,3,1,BFC
1455cf8dbfd06aa7651dcfccbadb7a093944ca65,8,0,0,3,BIC
93dc1774d2a4c7a298d5cdf78cc8acdcb7b1428d,14,0,4,2,BFC
f4757af8516d95aaf9c6a1238887c34914e54622,10,9,0,1,BIC
d53bebdf4d779497b29e1aad26e19cac1d446f42,1,0,0,1,BFC
7a4408c6bd3eb1dafba67986259191be081e3efb,188,9,18,1,BIC
52b81611f209da5f49019260522633e994e241b5,0,1,0,1,BFC
372e3147df7016ebeaa372939e8774a1292db558,264,22,115,2,BIC
1c363eaece2752c5f8b1b874cb4ae435de06aa66,0,0,3,1,BFC
e8d2ed7db7c3cfbe92923c49cc5e830b0a0ee374,0,0,0,0,BIC
a931b9ce93841a5b66b709ba5a244276e345e63b,0,1,1,1,BFC
04c5d5a430fca046cffac099a3f41e74816939da,17,3,4,2,BIC
73600b619bf8b9803a0610624a0e11f5ed8f761e,0,1,1,1,BFC
0b4773fd1649e0d418275557723a7ef54f769dc9,0,14,12,1,BIC
74378c5c8cdaf0ce9f65e67cbd0613286f2c3bad,0,0,1,1,BFC
55168470835688e5da5828cdcf1b1498d7baadb1,7,0,0,1,BFC
4a71fcb8ac5f94c07bf47a43b13258a52e4fe3ad,2,0,3,1,BIC
974d4d03fc020af4fa4e9e72a86f0fefa37803c5,2,0,2,1,BFC
e1bf28868ab0bfd1fc73dd8d5e642d88456c30e9,3,2,6,2,BFC
0a51fb7174f2b7866b4d7a4a5c23b685b674beb6,2,0,0,1,BFC
17b694a5476de09e119c517dcc3b71eff6835bdf,1,0,1,1,BFC
4d26f012ab591d7671237a6b5e990cbbfd50b0b8,5,0,2,1,BIC
0e0f4d47288a8e56ed2586699b89573afcb1bf72,0,0,0,0,BFC
171f2ef82284f61b763a620747806ec2724d1a84,0,0,0,0,BIC
fc9655e65160936e32adae0d0e8aae25eb12c4e0,0,0,0,0,BFC
bfa4133795e5a0badd402dd3f58b13b3cec64a4b,30,0,3,1,BFC
b8f3911610529ba531b99d1e109c7a40fb071f0a,9,0,0,1,BFC
1368f155a972eab037f81b5dea82afd544227552,2,0,0,1,BFC
95907fea4fd8ccc736e0a428e52159b4d42b9958,169,0,0,4,BIC
a2048e34d4655c06d31400646ae495bbfeb16b27,0,0,3,1,BFC
cf7de27ab35172a9240f079477cae3146a182998,11,1,0,3,BIC
4ba55e65f471d011d3ba2ac2022180ea0877d68e,7,6,0,1,BFC
72c0098d92cedb11c7e0151e84918840a4e96b31,49,0,0,4,BIC
b8b7abaed7a49b350f8ba659ddc264b04931d581,8,8,0,2,BFC
cba4671af7550e008f7a7835f06df0763825bf3e,10,0,1,2,BIC
6d57339890c9a9dfcd4ba4f8931b911b962968e3,2,3,7,1,BFC
d35b0996fef3bfe76665e87bbff7d95c6807350a,14,2,11,1,BIC
a231d2783c332ef3e3ba238e82dbe599ff41ba14,0,0,0,0,BFC
9a26882a7378ade6a74f845d439c8ef39b1a4712,0,0,0,0,BIC
70641ccad7d19b8229bf1cac33f5b8e03fdc7c5a,0,0,1,1,BFC
62d212bdb022deeb875f92f6e376c799e3f35eca,9,9,0,1,BFC
9cb067ef8a10bb13112e4d1c0ea996ec96527422,0,0,1,1,BFC
df85b2d767aad90fd2746f993fcd66dd322768f8,0,0,0,0,BFC
8e29f97979c300406c21994986bdfcdb67fe4ff7,1,0,1,1,BFC
65e65ec137f4abe78b6c90c72c0a6ca7474e9ae6,0,0,1,1,BIC
fc22579917eb7e13433448a342f1cb1592920940,2,3,1,1,BFC
5c756065e47dc3e84b00577bd109f0a8e69903d7,1,0,0,1,BFC
6d368e532168cb621731b3936945cd910cb25bd0,1825,164,112,17,BIC
e67b8a685c7c984e834e3181ef4619cd7025a136,1,0,1,1,BFC
8c7c19a55e41ae69d1cd18ab56e6e9b66a679a7c,0,1,0,1,BFC
0a1eb2d474edfe75466be6b4677ad84e5e8ca3f5,5,4,0,1,BIC
cbea8f02069533ea2ad4e5b3bfbcdb0894c20354,5,1,1,1,BFC
1dfa76390bf056a49c1105b11f815a35a693b77c,1,0,1,1,BIC
7095c973453e56efa0903e863b59cd89c75e62dc,0,3,0,1,BFC
ecf091171b70787f92b18eeaa4ddc74f9221fa56,0,0,3,1,BFC
51ae253870f55e14ba2854ce9577ac2920efef0c,0,0,1,1,BFC
70e61199559a09c62714694cd5ac3c3640c41552,255,38,9,3,BIC
5d9da759f7587c87252ef98e70bc0b4a89e4d036,0,0,1,1,BFC
820608548737e315c6f93e3099b4e65bde062334,0,0,1,1,BFC
274ad65c9d02bdcbee9bae045517864c3521d530,6,0,8,3,BIC
3a8b0677fc6180a467e26cc32ce6b0c09a32f9bb,5,0,2,1,BFC
efc644048ecde54f016011fe10110addd0de348f,121,0,0,4,BIC
65d1e3ddeae117f6a224535e10a09145f0f96508,3,0,1,1,BFC
33d72f3822d7ff8a9e45bd7413c811085cb87aa5,2,0,0,1,BIC
97dab2ae7e8473a821f72a039ead0f36b12ba22d,5,0,1,1,BFC
e01e71fc49d4c95090a04f898a3fe788c652a04b,0,3,0,1,BFC
e785fa0a164aa11001cba931367c7f94ffaff888,3,0,0,1,BFC
e5497d766adb92bcbd1fa4a147e188f84f34b20a,193,0,0,5,BIC
0f50a49e3008597abed0fff052d487f77db89093,2,11,0,1,BFC
40f11adc7cd9281227f0a6a627d966dd0a5f0cd9,11,2,0,1,BIC
fd536998314a9dc54f384fa16287321edb81602a,0,0,3,1,BFC
74fa80ee3fae5f749ee34bb82421a4c45ac199e3,1,0,5,1,BIC
1bc944cee663f232e3c37b15a6b2f9185bca413c,0,0,1,1,BFC
f3ee9096fcaf55eae37dfb58603c4dbff6f0a7c9,1,1,0,1,BFC
1a7dd6e2f192960229dd3113a35c74690e503ea2,11,0,76,1,BIC
6d5574ed5c8b1a1f31fcbdab5d26e15533c442ca,3,0,0,1,BFC
5f13e58767a53ebb54265e03c0c4a67650286263,0,0,3,1,BFC
e675c5ec51fe2554719a7b6bcdbef0a770f2c19b,3,13,4,1,BIC
b5accbb0dfae36d8d36cd882096943c98d5ede15,25,17,3,1,BFC
4cf97582b46f123a4b7cd88d999f1806c2eb4093,187,0,1,1,BFC
f8d9422ef80c5126112284493e69c88753c56ad1,53,1,138,1,BIC
9a6e7c39810e4a8bc7fc95056cefb40583fe07ef,19,0,9,1,BFC
7c90705bf2a373aa238661bdb6446f27299ef489,43,0,12,5,BIC
f2ca0b55710752588ccff5224a11e6aea43a996a,116,12,9,2,BIC
d0dbf771309fecd73f4ac1566c1400cb12807ee2,0,0,1,1,BFC
c1e7e466120b80ce49e91af0c9da1ce6dee4844a,913,0,3,5,BIC
8185f5708d2488393dc2acec21d19ac53d61b4a0,0,0,0,0,BFC
60ef690018b262ddcd0d51edf10e40710deb9c9f,32,0,0,1,BIC
6dec0dd4a627d15510c9435c4dbf4b9f4ffeeeb7,0,1,0,1,BFC
1240ea0dc3bb7066299689c82ebe2861c90a0254,0,3,5,2,BIC
c848c49a62b37bfb426086e248810dbcb14b85ff,4,1,0,1,BFC
6b2bbb08747a56dcf4ee33606a06025eca571260,91,36,33,4,BIC
a47f68d6a944113bdc8097db6f933c2e17c27bf9,1,1,0,1,BFC
6fa9c623a03c560178e0dcec23f59dbfd29b21b9,0,0,0,0,BFC
8e6569af3a1b8264c37a2c93a37bef48eb300160,0,0,0,0,BIC
ca558e185972d8ecd308760abf972f5d408bcff0,0,0,2,1,BFC
b95a2d831b815189618d18e3e89bcfa5072351a1,13,0,0,1,BFC
92380b572d95caf48f8424746aeee63c5a2b1922,0,0,1,1,BFC
993f0d93f8538c15bd5c12a1a9fd74c777efea1b,5,0,11,1,BFC
255cd50f207ae8ec7b22663246c833407744e634,2,0,2,1,BFC
a85a970af265f156740977168b542234511b28a8,91,122,207,27,BIC
5153723388c8691b886eb9ad28dde92c01f9b191,0,1,0,1,BFC
021086e383fa408a219f6c6541b37f495f59d576,1,0,0,1,BFC
3898da947bbaf9e7fd5816e825978d360028bba2,6,7,2,2,BIC
2f173d2688559a6f85643d38a2ad6f45eb420c42,4,0,0,1,BFC
460df4c1fc7c00829050c08d6368dc6e6beef307,23,0,4,6,BIC
49a8afca386ee1775519a4aa80f8e121bd227dd4,1,0,0,1,BFC
f6511935f424b9a25059ae18e91ad11dd24980e6,68,13,2,3,BIC
fc3100d64f0ae383ae8d845989103da06d62763b,4,1,2,1,BFC
e585513b76f7b05d08ca3fb250fed11f6ba46ee5,115,509,5,6,BIC
23e9fcfef1f3d10675acce023592796851bcaf1a,2,0,2,1,BFC
7e9e9202bccc3a8224ae10ad5d69cac8627f9c7b,2,0,0,1,BIC
f44e354f857f207cd361269c5e38e1f96e0b616c,2,0,0,1,BFC
33c8d8870c67faf3161898a56af98ac3c1c71450,0,11,0,1,BFC
c7ad5ad297e644601747d6dbee978bf85e14f7bc,45,41,5,4,BFC
f34902c5c6c08024371202a680ce69f2d488776d,19,0,1,1,BFC
8b426dc54cf4056984bab7dfa48c92ee79a46434,13,1,0,1,BIC
6c1cb4393cc7e7107e4e94a9a0744451296ca8a6,1,1,0,1,BFC
833a8b405465e935a1ff7ab086b54a3ef90437ca,1,1,0,1,BFC
e2ef75445340ca7ec2c4558f84ae6c8c5d650fc8,18,13,8,1,BFC
744a4cf63e528c29840f45811d6fb93fd129b87d,8,0,2,1,BIC
ebb516af60e18258aac8e80bbe068740ef1579ed,49,46,2,3,BIC
5829e62ac17a40ab08c1b905565604a4b5fa7af6,1,0,1,1,BFC
9c0827317f235865ae421293f8aecf6cb327a63e,1,2,4,1,BFC
b31ff3cdf540110da4572e3e29bd172087af65cc,8,1,0,1,BFC
f538d4da8d521746ca5ebf8c1a8105eb49bfb45e,145,14,45,12,BIC
2800486ee34825d954f64c6f98037daea328f121,6,0,0,1,BFC
939ae4efd51c627da270af74ef069db5124cb5b0,7,4,0,1,BFC
b9ac5c274b8c9d642567022c0e319bca4db31956,38,3,6,3,BIC
0b6e9ea041e6c932f5b3a86fae2d60cbcfad4dd2,28,2,7,4,BIC
c3881128cb672cf484a52fbb36b5daa9044d9168,2,0,0,1,BFC
a9a1a4833613b8a2e8dd79f860ea1871f17da02c,22,19,0,1,BFC
dc749a09ea5e413564115dee742c3bc958248707,5,22,1,1,BIC
4ce504c4eb5628073f35d38efe490554a12aee04,0,0,4,1,BFC
41470c379b4f8d9a1513d930338fadfbccc287b6,4,0,3,1,BFC
b0e07da3f5c8d069d186a7983ff64eaebf2ea230,9,5,10,1,BFC
3538e80a869be74764ae7db484b371894f04d0f8,15,71,1,1,BIC
67f8a8c1151c9ef3d1285905d1e66ebb769ecdf7,0,0,0,0,BFC
a25bd72badfa793ab5aeafd50dbd9db39f8c9179,97,8,6,5,BIC
cf5f6f3125241853462334b1bc696f3c3c492178,2,0,0,1,BFC
468808bd35c4aa3cf7d9fde0ebb010270038734b,31,3,2,3,BIC
d222af072380c4470295c07d84ecb15f4937e365,2,3,2,3,BFC
2c4fb78f78b6e420604ee1b05bdfb5c1d637869f,10,1,0,1,BIC
157f377beb710e84bd8bc7a3c4475c0674ebebd7,23,1,0,3,BFC
230cfd2dbc228a6992287d31c5d93bc6c2552024,0,0,1,1,BFC
8113c095672f6504b23eba6edf4a57b5f7f744af,28,38,113,14,BIC
33e34e735fd4227b49735f1fc059dc9646abd1c6,0,4,0,1,BFC
5829d70b0b6cd055e7a9af3abe573927e919e30b,10,4,2,1,BIC
96c5508e3012ed0984ab93821d64ac1ff3279c09,20,6,8,2,BFC
6103aa96ec077c976e851e0b89cc2446cb76573d,46,1,1,3,BIC
c6644d07eff6588b2dedf881279fb0d1c7783970,3,0,0,1,BFC
39467fc1054a91efa697162a94e5b0e1a4b7b580,0,0,2,1,BFC
c899afedf168b6735911997d8366b7f23e7e59bc,71,82,44,2,BIC
0b045bd1c1c2819b33f4522e3efa4666d1ecf1a4,2,0,2,1,BFC
1359798f9d4082eb04575efdd19512fbd9c28464,0,11,2,1,BFC
01f33c336e2d298ea5d4ce5d6e5bcd12865cc30f,30,0,0,1,BIC
09c2c359be546df45be0b158ea1d3cc8ea83c876,1,1,1,1,BFC
615d22a51c04856efe62af6e1d5b450aaf5cc2c0,14,1,4,1,BIC
f8e9ec16611baa8db77a7d46facd2ba7aa525955,0,1,2,1,BFC
c3ca015fab6df124c933b91902f3f2a3473f9da5,10,70,7,8,BFC
abebfbe2f7315dd3ec9a0c69596a76e32beb5749,70,0,0,6,BIC
b5e8ad92c3ac0b073bbf08ffd1a6a31d3449caae,10,10,0,1,BFC
cd8084f91c02c1afd256a39aa833bff737631304,54,0,1,2,BIC
8a50b9bd5679d5788f2f7add576fbd8e3ad6fed6,1,0,2,1,BFC
927cad9869fecbef6455672efe01d254e74032bc,0,1,0,1,BFC
40ee6fbef75fe6452dc9e69e6f9f1a2c7808ed67,111,0,0,6,BIC
a32c94af5e64f686dda524ad2171e6cd03120a8a,0,0,4,1,BFC
3ee45a3b533a20ed9fcc11ddb880fc4b30d28f51,75,2,0,2,BIC
37875d6b3af702425ce292de81b77faf94766616,1,1,0,1,BFC
67a63387b1417b5954eedb15f638f1f0bee3da49,1,0,0,1,BFC
c5d4d7d83165ae863954b113c7f403d8b58febed,1,0,0,1,BFC
4c2b5e0fab602b468ce4d8c4d78c99f2caa79a3e,0,0,1,1,BFC
1f4f554a72be0d8c164c2f5bc6ba939a1c624fb4,4,6,0,1,BFC
04c3c982fcc0151ed3574d7ae4f1e62278054d72,0,0,2,1,BFC
86652d2eb347080a991968c9d68708dc010ac56c,27,13,9,1,BIC
1469619d29d752759a2c9604a74091f92757830a,14,0,0,1,BFC
b317fa3ba11a10eee45c3e64d6396015ff87e8dc,51,4,0,1,BIC
a010a2f6540ecc39f8701c6f7d35e22992c03fb6,2,0,2,1,BFC
95b80bf3db03c2bf572a357cf74b9a6aefef0a4a,0,2,2,1,BIC
bbbe211c295ffb309247adb7b871dda60d92d2d5,10,3,6,1,BFC
0f693f1995cf002432b70f43ce73f79bf8d0b6c9,0,0,2,1,BFC
196639ebbe63a037fe9a80669140bd292d8bcd80,10,15,2,3,BFC
919e3bd9a87593520a2c5dfda27bd3e6599852ed,63,0,0,4,BIC
4714fb51fd03a14d8c73001438283e7f7b752f1e,10,31,1,3,BIC
deccf497d804a4c5fca2dbfad2f104675a6f9102,2,0,3,1,BIC
0547fa5851c921eb1f64286f6b2ae7ab5df24e6e,0,0,0,0,BFC
3beb42eced39c00011ba4d608d52718af765e5d4,0,0,0,0,BIC
bc9ae2247ac92fd4d962507bafa3afffff6660ff,1,0,4,1,BFC
7ad3d4d85c7af9632055a6ac0aa15b6b6a321c6b,45,40,2,3,BIC
8606a1a94da5c4e49c0fb28af62d2e75c6747716,0,0,1,1,BFC
54f180d3c181277457fb003dd9524c2aa1ef8160,5,0,13,3,BIC
f19360f015d338a80bec4d56c2e4fc01680ffd8f,1,0,1,1,BFC
83d4ca8148fd9092715fd8ef75b30bbfd67fd2a9,3,1,2,1,BIC
b4ccec41af82b5a5518c6534444412961894f07c,0,0,1,1,BFC
de0c799bba2610a8e1e9a50d76a28614520a4cd4,5,5,0,1,BFC
bae473a423f65e480db83c85b5e92254f6dfcb28,167,208,303,9,BIC
ba1cc08d9488c94cb8d94f545305688b72a2a300,19,6,0,1,BIC
1f3b359f1004bd34b7b0bad70b93e3c7af92a37b,2,2,4,2,BFC
d624d276d1ddacbcb12ad96832ce0c7b82cd25db,4,4,0,2,BIC
3aea311c1b4002bd730a09530f80f2f2ad3bf495,0,0,0,0,BFC
bb3290d91695bb1ae78ab86f18fb4d7ad8e5ebcc,129,1,0,3,BIC
d57294c1f8bad1bf5432105814ddb57a1bef6337,0,3,1,1,BFC
7906b00f5cd1cd484fced7fcda892176e3202c8a,1,0,1,1,BFC
fb586f25300f4587c7ebd097a604bf269b25bfa7,10,2,1,3,BIC
8b2c7e7a3cb2093bf3257c146c5822437fdf3124,1,0,3,1,BFC
c9901724a2f14128ef6a57986babcbfbcf61a257,69,108,43,6,BIC
90c4ae4e2c1da9f1eaf846136861af43d4c1ff34,5,3,2,1,BFC
74585d4f84379528347630253c42518c5002d2f9,0,0,1,1,BFC
d3ad2c17b4047747bcec074814c08b00795afc85,53,0,3,1,BIC
58f09b78b730cf0d936597272bf35b3d615e967c,55,22,64,5,BIC
bfaa1ce809bbcd12b1399409ab1dbf0cdaba6e27,2,0,0,1,BFC
b917c6d18c031cfce11ec35139033845f205b1d0,4,0,1,1,BFC
8fb83b142823cdd1f85f78dcf9e861e9033919f9,15,0,1,2,BIC
01f5bbd17a8066b58dba9b5049fad504bce67322,6,1,0,1,BFC
304419d8a7e9204c5d19b704467b814df8c8f5b1,64,190,14,4,BIC
1cc4a018669f2fb18c10010f1a7ab3f6fb688cef,3,0,2,1,BFC
5e26b1b3abce05c177feb589260031519a1bc7b1,16,10,7,1,BIC
f957dd3c8db2781c8a334b166800788feb618625,1,0,1,1,BFC
9fe929aaace6a3019dd64a70063cc7b0bb956a4e,82,1,1,3,BIC
5f90472c00ddf1e64c2865f71cced297bd5f80a2,1,0,3,1,BFC
3f497de997c7ed34ad8a90b64f1ca53a41d428b4,1,1,0,1,BFC
732d06e9d9cf96c39cd1c0cd16472930a5583bb7,62,44,1,1,BIC
8458e48ac7ad86a5ab7f3d1a8cacd9205a9a97ce,0,0,1,1,BFC
7e39a00d593133ca8fcd3eef0409685e7c895ee6,10,0,1,1,BIC
bd800e41a3de5c7e56b2fd27088bdaf5e228d227,5,0,3,3,BFC
0fe8bed6e37c259b85d123ef9667f972305c9d6b,4,4,1,1,BFC
eb045e6e0389eabfd704dd7a76d8b2a892970e85,2,1,3,1,BIC
ca2c1418efe9f7fe37aa1f355efdf4eb293673ce,4,4,4,3,BFC
0ddf3fb2c43d2e65aee5de158ed694ea11ef229d,10,1,1,1,BIC
80532384af4ccb6d6cc965fa9232aaa2c456362c,4,4,5,1,BFC
7089ae634c50544b29b31faf1a751e8765c8de3b,127,7,3,7,BIC
e973b1a5999e57da677ab50da5f5479fdc0f0c31,0,0,3,1,BFC
18290650b1c8655cfe6e0d63dd34942a037a130b,9,6,6,1,BIC
87d8a9f35202c20411eaada9f4aced6e1781fb51,2,0,0,2,BIC
a33fcba6ec01efcca33b1afad91057020f247f15,3,0,1,1,BFC
bcd37f4a0831fb4f3f7e1c9c7baccdf3d97b7064,23,6,8,1,BIC
21d9bb4a05bac50fb4f850517af4030baecd00f6,5,0,7,3,BFC
21729f81ce8ae76a6995681d40e16f7ce8075db4,99,1,24,15,BIC
50e76632339d4655859523a39249dd95ee5e93e7,25,3,3,4,BFC
deb7aa308ea264b374d1db970174f5728a2faa27,68,81,36,1,BIC
12ac1d0f6c3e95732d144ffa65c8b20fbd9aa462,4,14,3,1,BFC
a05a900a51c7622ebd8ddb41f14f8bf9db599d8d,13,18,1,1,BIC
a731ebe6f17bff9e7ca12ef227f9da4d5bdf8425,0,0,1,1,BFC
90001d67be2fa2acbe3510d1f64fa6533efa30ef,127,65,3,2,BIC
10af6235e0d327d42e1bad974385197817923dc1,71,3,15,5,BIC
170b3b1050e28d1ba0700e262f0899ffa4fccc52,1,1,0,1,BFC
277ba04461c2746cf935353474c0961161951b68,141,0,1,3,BIC
26db62f179d112d345031e14926a4cda9cd40d6e,22,31,1,3,BIC
f113e64121ba9f4791332248b315d9f57ee33a6b,0,0,1,1,BFC
79b63f12abcbbd2caf7064b294af648a87de07ff,8,3,12,1,BFC
c10f778ddfc161f5c58a8d6de4ad92235ea2eeba,6,4,2,1,BFC
e64855c6cfaa0a80c1b71c5f647cb792dc436668,16,19,0,10,BIC
bcd7726f7d4f3c7d9c7e6d0a833520c61dd9eb21,8,2,1,1,BFC
5fbd0418eef283269f2cc1b90b63d88f20c887bf,20,3,0,5,BIC
389e0d3d3f7ea0dc37dddfa678cd7680f0347ed9,0,0,1,1,BFC
f723fa4e69920f6a5dd5fa0d10ce90e2f14d189c,7,0,1,1,BFC
d684a90d38e24dcaf95fdb32c83efe05f80d152a,46,12,15,3,BIC
bde59c475e0883e4c4294bcd9b9c7e08ae18c828,15,1,13,3,BFC
699cb58c8a52ff39bf659bff7971893ebe111bf2,36,67,10,7,BIC
0db8c961209153498fe7e279b8f0d3deb81808f0,8,2,1,1,BFC
41885b02127c7ae169dc94542de4a8eed175495a,0,2,7,1,BFC
34c2f668d0f6b2ca1c076d8170d6cd4f2235a9d4,1089,178,23,2,BIC
cea8cd498f4f1c30ea27e3664b3c671e495c4fce,0,0,2,2,BFC
bb9bc4689b9c635714fbcd5d335bad9934a7ebfc,55,12,8,1,BIC
a0ae2b08331a9882150618e0c81ea837e4a37ace,5,1,2,1,BFC
b332fec0489295ee7a0aab4a89bd7257cd126f7f,0,0,1,1,BFC
11887ed172a6960673f130dad8f8fb42778f64d7,5,2,1,1,BFC
4e0854a74f08e6a9d847f2c2cfae7b07c931d125,16,0,2,1,BFC
b0d7aa59592b4270531de5ce65dcf18338a2d98c,187,18,1,8,BIC
a18097b7676bf5fb2677bf5e6cc24e721d7c2596,3,0,0,1,BFC
3f0a06b0368d25608841843e9d65a7289ad9f14a,72,0,0,1,BIC
386787b1fcab2dd3d16ca3f46729aaafdef306e3,3,0,0,1,BFC
f8ede0f700f5478851f242f291d203cde54ca6cf,498,0,1,8,BIC
1b495faec231980b6c719994b24044ccc04ae06c,3,0,0,1,BFC
585e0e9d02a690c29932b2fc0789835c7b91d448,3,0,0,1,BFC
780019ddf02f214ad61e641b57b8ac30c837e2a7,104,34,22,6,BIC
596a7a1d0989c621c3ae49be73a1d1f9de22eb5a,1,0,2,1,BFC
2145ac9310b60c1c11294b7bea10fe154009be1d,42,0,0,2,BIC
d252f4a10fb9c8f7187c6c936ff530039f8cb799,64,1,4,1,BFC
50066a042da5457ae5b6397425f0a7ca556231e3,28,1,1,2,BIC
60a221869803a0864c4b1683395ef574ee15aba6,17,0,1,1,BIC
b63c4c2718d641ba9bec888994f0cb0c23a1ef45,0,0,3,1,BFC
74aebed6dc13425233f2224668353cff7a112776,3,0,0,1,BFC
a50aac7193f18a5a997588556f1212b0d1ba029b,68,7,10,3,BIC
ce06760ba46b66dae50f2519ae76bd15e89b5710,0,0,2,1,BFC
67a3b63a54cbe18944191f43d644686731cf30c7,0,0,1,1,BFC
026abc333205c1fff80138b8c2cac3d0347685f4,6328,0,0,20,BIC
3c8f3e96af3a6799841761923d000566645f0942,1,0,0,1,BFC
7073f46e443ecb5a48221160aa39773ccb520b0f,129,0,0,1,BIC
96a39aed25e6559b160786117df124084feb9080,0,0,6,1,BIC
2c8468dcf8303c68712f11c782d7d8724de07a73,4,0,2,1,BFC
8b949bef9172ca69d918e93509a4ecb03d0355e0,5,0,1,1,BFC
fbca164776e438b639af592c522b8b0506b54dcc,2,3,2,1,BIC
5d621672bc1a1e5090c1ac5432a18c79e0e13e03,0,0,1,1,BFC
45b679c9a3ccd9e34f28e6ec677b812a860eb8eb,91,0,2,3,BIC
1efdf1776e2253b77413c997bed862410e4b6aaf,0,0,0,0,BFC
42776561a1def5d96699574efd7c9cbbd2e0fbc4,0,0,0,0,BFC
9bc7ffb08dafb31f744898b0d224e298368b5d37,0,0,0,0,BIC
908a610557f4d8b46a0f82c01e31b30f5c998580,0,0,1,1,BFC
d3238691ed5f7be29f7b8b7cf7c68bbb2924361d,19,0,2,1,BFC
5eba8c5d1fb3af28b2073ba5228d4998196c1bcc,20,2,9,3,BIC
aed9eb1b21e85a846c805bc299bbb9d039d4a95b,0,0,1,1,BFC
5e405595e5bf4c09fab9ca1e7dbe5b62872757b5,6,6,2,3,BIC
4bce4e98c20a45d3adf7a25881f4e6329d239fc9,1,1,0,1,BFC
4d470f7359c4bf22518baa30700ad45649371a22,17,7,7,1,BIC
6910d85250cd6e7790db3968225fd7472e4683c2,0,0,1,1,BFC
a338d5f8765f22e97421eb18a186a4af85d4efb2,0,0,4,1,BFC
4e34935fcf691b2f553fdc34502d649bf979a06f,23,0,2,2,BIC
2c08ab3f2504bc7ba816ce6fde051b8bd5f028e4,2,0,0,1,BFC
0dd5759dbb1c9a862e7d90c09d6cf398c45f1100,0,1,0,1,BIC
fd0c88b70060e03a2215259ed29b4b31497ad205,12,0,0,2,BFC
51564585d8c6de28931ceff51f73eb800147221d,5,0,0,1,BIC
96e5ae4e76f1ea950d493f510399b49308bea731,2,1,0,1,BFC
7685ab6c58557c6234f3540260195ecbee7fc4b3,0,0,1,1,BFC
ba83bfb1e86501d21077b570e10e443f1605be64,0,0,2,1,BFC
66cd794e3c30b8af3b6befe42a378557efb3114a,55,1,1,3,BIC
979e1f08042b83152dfe3d76df10db31eb7edf98,4,0,0,1,BFC
fbf1c41fc0f4d3574ac2377245efd666c1fa3075,0,0,1,1,BFC
0a94efb5acbb6980d7c9ab604372d93cd507e4d8,8,1,4,2,BIC
4cd7d6c957b085d319bcf97814f95854375da0a6,0,22,0,2,BFC
286fe1ca3fa1b6fcc7ce8695b7c8d681e6e1c3b7,0,7,0,1,BIC
13adefbe9e566c6db91579e4ce17f1e5193d6f2c,0,12,0,1,BIC
580b71e9f64e0e6e9063466fce4564c56156695d,0,0,0,0,BFC
12f92866f13f9ca12e158c07978246ed83d52ed0,0,5,1,1,BFC
d2180e0cf77dc7a7049671d5d57dfa0a228f83c1,2,1,0,1,BIC
bfc133515ffba42cf81389275ec24ea3c744bb17,1,0,0,1,BFC
da22013f7df4e1f49b03d763aae7b12b1cd805d7,20,44,5,3,BIC
a607f51e5a4c421e2097077db88105402099c528,4,0,0,1,BFC
5be2b76a9ca4ea5fd3e221114d62eeb0d78267ca,0,4,0,1,BIC
2436bdcda53ff4abb7897c87fa29ef3de8055344,12,52,39,10,BIC
0d95c883bab5c5507fac3c34bc506f735971a2ee,1,1,0,1,BFC
b5dd3eac8407f0d62d63cc2ecec7f3cb2445ee3a,0,0,0,0,BFC
70b074df4ed15e46c05ff6c177e694a3e3bbb56e,0,0,0,0,BIC
b01e9348e106544e50691252bf58cde239681f19,27,5,1,1,BFC
5165238460068e53c740eaa621ebb6623dc4a50d,230,0,0,3,BIC
4d9ed62ab1425d85b25d04096cb4e74117e6dc24,20,0,6,3,BFC
7cf0a66f32eddd5224a288df427f9dfce11f570c,158,0,0,1,BIC
993dc737c0996c163325961fb62a0ed9fd0308b4,0,0,2,1,BFC
16fa3dc75c22f9769d418f19c45e11b118aab2eb,477,0,0,2,BIC
d9018976cdb6eefc62a7ba79a405f6c9661b08a7,0,10,0,1,BFC
ff00d7a32a1b88b772981a13fc198e0d29300666,95,0,0,2,BIC
b0f3ab20e76499db12b0bbadb5737d9870f10418,68,6,24,4,BFC
fe9d7cb22ef3a26a74e49730c0efdbdae4b17d4b,401,0,0,2,BIC
7e312ffdd7aa68f0110f5d95416f78ea29ceb984,0,0,0,0,BFC
204ae2963e101344e50e3a679912f795e6b852c5,0,0,0,0,BIC
574897dc14736ea0d57b3c70ec42d82c6e55152f,0,0,15,1,BFC
ba16db36b5dd6a0f053ba7d50745f29678b4ca8f,223,1,1,1,BIC
d02fd5f7709f1296bad5d92e7e8515ef1a05dec4,0,1,0,1,BFC
9c3a16c887f0f8f62813d841f028eabc153581f3,45,10,23,4,BIC
d9e3cb2f9ed91020b780ee662bdec692a3f276c9,3,0,0,2,BFC
00fc0e0dda6286407f3854cd71a125f519a5689c,19,105,2,8,BIC
873f9b5bcbf27f6e89e1879714abe4532cacf5d7,18,0,0,1,BFC
ed43d098f9020d6669a00bd26fac807d5c19e202,0,2,1,1,BFC
dacbb35e930f8348f70f2daf58ea6eb42b140a0b,69,0,1,1,BIC
88c6060f5a7f3fc1530b2722d5964945e5174358,42,0,0,1,BIC
906cf29cfab5806d32c2a274f86f3d076c0a48be,1,1,0,1,BFC
c23aa71bcfe8a9d597ae5fe4c1527fac20254d0a,0,0,1,1,BFC
cc91ceaf3efd9a2364463b5f85d9f391f1ddaa9d,5,1,1,1,BFC
7051334672e54fae67e02d5d3296fb62b3343be7,0,0,2,1,BFC
8f1e5bf9b4408e91942b94c76583eaf098f19382,3236,0,0,2,BIC
f31877a16b0926dea4d1d9b72917a3eca9be19b6,4,0,0,1,BFC
6431a7e36652517df82855ee79c8240001812a55,3,0,1,1,BFC
f5c97c7b0438bec0aad9738af1baa698dae5bc09,11,0,4,1,BIC
b24a5f293058b512f1685930f2983a20ee3e15ab,0,61,0,2,BFC
020c5260c2b16469b99c65c37982b4be4c435b56,6,921,65,2,BIC
4716e488abc22d487e298ee6c0c7d7dada9fcb64,0,0,0,0,BFC
61bf5490ec47f61b522ecf24958c835aefa38812,0,8,3,1,BFC
009e1b2b7a302219562999f3b273bd4cbf4d9b40,0,2,2,3,BFC
2dff1962242111cc4517119f690587b87573ffc5,7,0,2,1,BIC
6d9c153a0b84392406bc77600aa7d3ea365de041,0,0,1,1,BFC
f026bc29a8e093edfbb2a77700454b285c97e8ad,13,21,4,4,BFC
f3c66d4e144a0904ea9b95d23ed9f8eb38c11bfb,30,11,2,2,BFC
5a63643e583b6a9789d7a225ae076fb4e603991c,2,30,11,5,BFC
6d7b857d541ecd1d9bd997c97242d4ef94b19de2,18,6,2,2,BIC
1d6119baf0610f813eb9d9580eb4fd16de5b4ceb,33,13,11,6,BIC
fb452a1aa3fd4034d7999e309c5466ff2d7005aa,7,21,3,2,BFC
c73c8b1e47ca275388f774fd36560ab7e994e99e,88,87,71,6,BIC
542deb88b0e3696ec9986e804628158169200776,1,0,1,1,BFC
64327fc811268d4a24de03dac242ea29de6be75f,1,0,3,1,BFC
9df16efadd2a8a82731dc76ff656c771e261827f,3,3,1,2,BIC
26f2f4de0bd93cbe891e11307d9e4906253bfda8,2,0,0,1,BFC
78f35473508118df5ea04b9515ac3f1aaec0a980,16,0,0,2,BIC
dd92d5ea20ef8a42be7aeda08c669c586c730451,6,0,0,1,BFC
7ba9df54b09117c0a062f9eac4a36b0e70893387,459,0,0,1,BIC
c65e3d6ef4bfdc4c8460509f08507cf7dc026974,13,0,1,2,BFC
3af75db12e3d3537bc01c06bbdc876cb17e82b35,2,0,3,1,BFC
d9f39babd8ba258820539982969cabd56c02ba51,406,1,1,1,BIC
1f7f51a63114bab3a05920f4b1343154e95e2cb6,5,0,7,3,BFC
fb087eaaef72061b2bb4e35b70ab43865f541cad,27,5,21,1,BIC
864150dfa31dceab6ec5ca4579a2d35ede985cb7,15,0,2,4,BFC
04b1d4e50e82536c12da00ee04a77510c459c844,249,61,31,12,BIC
90a9631cf8c27a2b4702af600cad390fcabb88fb,3,7,4,1,BFC
487234cc1954a1c09115a82b45ebcc2086657572,14,0,1,2,BFC
389a06bc534ec19778598242e40c59bc73d2a87d,5,1,1,1,BIC
5debc53ffecf79ca1c2d6fc194764cb6a8fa91a9,0,3,0,1,BFC
6e31cdcfe17d8a25530924183d4a843602baebb1,0,0,4,1,BFC
73c950da6ec523136090d6d4d6907a6ea8e8b67b,5,7,0,1,BFC
6dc669a22c77ad9c812bef82e186b3ab254470cb,7,0,0,1,BIC
4fec0a5a193666279635eeb0257984b7a88ee332,0,0,1,1,BFC
1e140df0496541c473e5d40b0da5d2d626b2e343,112,0,0,5,BIC
138e4ad67afd5c6c318b056b4d17c17f2c0ca5c0,23,13,3,1,BFC
971316f0503a5c50633d07b83b6db2f15a3a5b00,31,3,1,2,BIC
12cce594fa8f12e002e7eb5d10141853c1e6a112,26,0,0,2,BIC
99c794c639a65cc7b74f30a674048fd100fe9ac8,3,0,1,3,BFC
bb3be7e7c1c18e1b141d4cadeb98cc89ecf78099,20,0,0,1,BIC
799ea9e9c59949008770aab4e1da87f10e99dbe4,14,1,0,4,BFC
17c12bcd3030e4b3247d0c961ce598c731a9dcf9,29,0,0,6,BIC
63ce8449bc1081711eef1add68909e9bd758de62,10,1,8,3,BFC
034263a3b9a9d02de81ebafe40e77c6cde80d23f,0,0,12,2,BFC
a21960339c8c107eae99d68c85e6355189b22192,2,2,15,4,BIC
43d57414b6e9f31809c2bd25b0545b887ce6ab09,0,0,2,2,BFC
a85066840d29fc68d95ce7dbd6bcf15ef2775d66,73,3,11,2,BIC
54706fa973b592eb8b3a6e04ac888d5fbb704d0a,0,0,1,1,BFC
25edf91501b878f548ff1c96692e54684b0f586a,53,0,1,2,BIC
5b2eff59160e017c6091ecda1ee2c84f8c914143,0,0,1,1,BFC
e8a732d1bc3ac313e22249c13a153c3fe54aa577,0,0,1,1,BFC
dce4551cb2adb1ac9a30f8ab5299d614392b3cff,24,15,16,2,BIC
79e99bdd60b484af9afe0147e85a13e66d5c1cdb,3,0,0,1,BFC
d3b6d3774fc2b636b12f8ef6367ed294861469ed,0,0,1,1,BFC
41c32e5da3ff3922490341a988b2a3ae46d0b6a8,0,0,12,2,BFC
0db1aa424e3ee91fcb9d583edb30a933c64c5b88,0,0,2,2,BFC
0abd9976960a5c46b5cc49f2f53281774a8a4a3e,0,0,1,1,BFC
46320a6acc4fb58f04bcf78c4c942cc43b20f986,0,0,1,1,BFC
95950c2ecb31314ef827428e43ff771cf3b037e5,216,0,1,3,BIC
ef13ecbc134d7e0ca4ab4834d08bd20885b53c62,1,1,1,1,BFC
aa8188253474b4053bc2900d9fcb545ce68bdf5c,69,0,1,3,BIC
11b86a84bc535a602fcf72ba6b3aa4eaa748764f,0,0,2,1,BFC
39163c0ce0f48557d0672fa2dd4cd7625e2cbaf7,35,2,8,2,BIC
723288836628bc1c0855f3bb7b64b1803e4b9e4a,28,12,4,1,BFC
09515ef5ddad71c7820e5e428da418b709feeb26,62,37,0,6,BIC
957ccc2bc8f9ebfe8b19112cdc6c2bb20fd7bcf8,1,1,0,1,BFC
bab9f954aaf352127725a9b7920226abdb65b604,6,6,0,1,BFC
c9f6f4ed95d47e3319dedaf8cc31d744ac67fe6f,45,6,4,1,BIC
f1bbb99f41e06d5ba93ea8eafacd96a7a71d0c7d,10,8,0,1,BFC
e27f71e5ff3c2ec5db96fc9aeb831b7bb31e3b6d,8,0,0,1,BIC
e8a27f836f165c26f867ece7f31eb5c811692319,5,0,0,1,BFC
d60b479d177a5735b6b4db6ee5280ef6653f50e7,169,27,3,2,BIC
2316a7a33408b6e7b24e9d2a9a7c24af9a012289,2,0,2,1,BFC
bca9690b942654f668ffb5124b2bbd0ba0f007bb,74,19,65,2,BIC
9fa7231b1979f792b2cbc395c52e197158494948,0,0,3,1,BFC
72ea48610d43c59507d9ad39083d40085400ba12,486,0,0,4,BIC
e66186920bff278b18ebe460c710c7b0e0cfdf6e,0,0,1,1,BFC
828d4cdd012c8ffbf76625c3ff164312e8666784,0,0,1,1,BIC
c03567a8e8d5cf2aaca40e605c48f319dc2ead57,4,0,1,1,BFC
c7acec713d14c6ce8a20154f9dfda258d6bcad3b,5,1,2,1,BIC
c461ad6a63b37ba74632e90c063d14823c884247,6,0,0,1,BFC
479f854a207ce2b97545a0a83856778b541063d0,41,5,23,1,BIC
355627f518978b5167256d27492fe0b343aaf2f2,8,2,0,2,BFC
7c051267931a9be9c6620cc17b362bc6ee6dedc8,4,0,1,1,BIC
b38e51cd167927225ae0c26bd404403b7b1cd2f3,1,0,2,2,BFC
468138d78510688fb5476f98d23f11ac6a63229a,132,45,36,12,BIC
60361e12d01676e23a8de89a5ef4a349ae97f616,0,0,2,1,BFC
8aaf1ee70e19ac74cbbb81098edfa328d1ab4bd7,39,39,4,2,BIC
86c0f046a8b0c23fca65f77333c233a06c25ef9a,0,0,0,0,BFC
ba35018593547eac69998e2571fc95cf620f2220,0,0,0,0,BIC
ef1d4deab953ecb1dfcf9f167043bda8b3f14a11,1,0,0,1,BFC
f7eaf6e00fd581043bb540dfe865f1d81769b189,18,13,0,2,BIC
3edcf18ec2a8665fec060a05535fca6be16a61de,0,0,2,2,BFC
306da4e685b415f5c875cef275001b5cdc182da9,42,7,8,4,BIC
f5308d1b83eba20e69df5e0926ba7257c8dd9074,14,0,5,1,BFC
81093c9848a781b85163d06de92ef8f84528cf6a,101,13,0,1,BIC
e8f345e08d391827f2cba5d172af990cc7afb062,0,0,1,1,BFC
231d069fcde22bd0582c2c9564f1b334d280c7d7,11,3,1,1,BFC
682c6c2188f39d13548ccdc89c9888fbcb547889,3,0,0,1,BIC
12219fd2bf5304293f5cf014cbc2e6bfdfcab7b5,0,0,1,1,BFC
22f12f0df802cea865672d8f39fbebdc03981050,3,4,0,1,BFC
1fe565517b57676884349dccfd6ce853ec338636,446,0,1,3,BIC
d68b42e30bbacd24354d644f430d088435b15e83,5,0,1,1,BFC
17fab473693e8357a9aa6fee4fbed6c13a34bd81,18,10,1,1,BIC
14d6c3a83fbcd9c3d19e24d8d5820a912f2615c9,1,1,0,1,BFC
c0cc00f250e19c717fc9cdbdb7f55aaa569c7498,0,0,1,1,BFC
9f5bcfe93315d75da4cc46bd30b536966559359a,6,4,3,2,BIC
93b2d3cf3733b4060d3623161551f51ea1ab5499,0,0,1,1,BFC
8ab867cb0806a8e195de161fd8883a0578d1d050,2,0,2,1,BFC
9b11c7912d00d0e5fe0d7f8973b77dac4f69d3df,22,47,10,1,BIC
0b89ede629637c03b9a728fb08bfe6ed51de9be7,5,0,0,1,BFC
faaaba065298faeb62ea83cd3a1cc19764becab1,0,0,1,1,BFC
0515760fa1159ffa863c7b2b73466aaff7d11a80,2,1,0,1,BFC
260ea95cc027500ee5086e2ef568b8c915e66fb5,2,0,3,1,BIC
afb5519fdb346201728040cab4e08ce53e7ff4fd,4,0,0,1,BFC
c21f515c743687c6c2b3d38227e6ad8e6b733409,18,8,4,1,BIC
594a30fb12424717a41c62323d2a8bf167dbccad,4,0,1,1,BFC
8598112d04af21cf6c895670e72dcb8a9f58e74f,0,0,2,1,BFC
4e903450bcb9a6bc90733b981d7cb8b3c4996a0e,4,0,0,1,BFC
ab6e23a4e388f5f2696b8e92c350f845142da118,118,0,0,2,BIC
197267d0356004a31c4d6b6336598f5dff3301e1,11,1,0,2,BFC
7bb5d91a4dda92e28b2704a3e7ebe94260ccd6f1,3,3,0,2,BIC
22259a6e800cdb8e06e65432fcd019983214be0c,11,1,1,1,BFC
0f4bc0932e51817105fdee77a4668069a89581d5,6,8,1,2,BIC
c47a94031e81bd497704a535d60d0262a3155dbf,0,0,16,1,BFC
1846193b178dcc58435fdc57352db7b74826ef37,31,0,0,1,BIC
8d046759f6ad75824fdf7b9c9a3da0272ea9ea92,0,0,1,1,BFC
2af59f7d5c3e342db4bdd28c59090aee05577aef,73,0,7,3,BIC
c65540453e150844367ffe98e45d5175181b2ec1,0,0,2,1,BFC
d49747bdfb2ddebea24d1580da55b79d093d48a9,470,0,0,5,BIC
70412c55d419e971785094e9f7880fdbcd690520,29,9,0,3,BFC
6d2061b981af165d3e45462e0804b5a1f2f4c7bc,0,0,1,1,BFC
a4faf2e77a565432278430deaaba2f3295b6a2df,0,0,0,0,BFC
2f2724630f7a8d582470f03ee56b96746767d270,0,0,0,0,BIC
d32041ec9524fe75a4b2418c05ff55e3250139c1,2,0,0,1,BFC
b7cc176c9eb3aa6989ac099efd8bdd6d0eaa784a,77,1,19,4,BIC
0208eeaa650c5c866a3242201678a19e6dc4a14e,2,0,0,1,BFC
be0cf6ca301c61458dc4aa1a37acf4f58d2ed3d6,53,14,11,1,BIC
ebc8254aeae34226d0bc8fda309fd9790d4dccfe,0,3,0,1,BFC
7ad813f208533cebfcc32d3d7474dc1677d1b09a,3,0,0,1,BIC
5f5423ffa223a0beb755563beac67f741662870b,0,0,1,1,BFC
44f6df922a260f1906abca8c0771e1811fff8443,38,16,4,1,BIC
df191632f814357ee4d646421662d866028b569d,9,4,0,3,BFC
351050ecd6523374b370341cc29fe61e2201556b,4,0,0,1,BFC
752b06946cc99534a7a4a11b7196e9a1e3d7e098,1,1,0,1,BFC
c2d6511e6a4f1f3673d711569c00c3849549e9b0,1,0,2,1,BFC
0fbbeb1ba43bd04f0f1d4f161b7f72437a1c8a03,1,0,0,1,BIC
e232657661242cc8a169595160847b3e66aa7056,0,0,3,1,BFC
634576a1844dba15bc5e6fc61d72f37e13a21615,0,0,2,1,BFC
30c31d746d0eb458ae327f522bc8e4c44cbea0f0,0,2,1,1,BFC
3501d059921246ff617b43e86250a719c140bd97,7,3,0,1,BFC
3bdac362a2f89ed3e148fa6f38c5f5d858f50b1a,3,7,0,1,BFC
8d55373875052b891ae72c9bcaf9c2d7178676c0,8,0,0,1,BIC
32db864d33c21fd70a217ba53cb7224889354ffb,3,0,0,1,BFC
e89d469e3be3ed3d7124a803211a463ff83d0964,0,5,1,1,BFC
f07d1501292b3b0d3276ee0e537005526a45e242,5,0,4,1,BIC
88c2ace69dbef696edba77712882af03879abc9c,3,2,0,1,BFC
fa3722f6496640b472bed1613e76da325211d757,13,0,1,3,BFC
18db229d30cd19c987885b79b90344ae061e870e,0,0,1,1,BFC
e8837d98d268792ab4c5a488368acd908458bcc0,35,15,29,1,BFC
0168bdfc9c53a27a81bbe6c061dc118c1dd95a36,0,1,5,1,BFC
e2a2aa36a5090e38bdbdd3f85a216a19c334a6de,3,0,3,1,BIC
3b24e7e8109bcf2089b3052d2ddd301e33042034,12,2,1,4,BFC
9c8eb2d5cbdb8a97a0b2a4da2825a2c4c0a202dc,1,3,0,1,BFC
ca18d51d77eba6120f56761e5a0e541dbb07fa50,29,10,1,2,BIC
1213ad28f9595a08e3877248bbba1a25c40225d6,1,0,0,1,BFC
6a9764efb255f49a91e229799c38d5c1c9361987,79,92,249,8,BIC
ae76715d153e33c249b6850361e4d8d775388b5a,53,4,0,3,BIC
191220396db840822fc818edf03c49f0c02eb237,0,0,1,1,BFC
08820528c9d3ff0d0eda047d7ef5ecac2da1ef6c,2,4,1,1,BFC
5a8e12678c767ccf8bb16d6237569e4a707d655b,3,1,1,1,BFC
8bf3686204861d39803797ebbd1e264442421907,9,0,2,1,BIC
0556ce72ab16156af6c94cdc7964e4310acc97c0,0,0,1,1,BFC
10a8d00707082955b177164d4b4e758ffcbd4017,0,3,0,2,BFC
5fc7197d3a256d9c5de3134870304b24892a4908,32,5,4,3,BIC
b3cb5388499c5e219324bfe7da2e46cbad82bfcf,0,3,3,2,BFC
672d0880b7798a917bcc622308f25a0fbb991dab,1,1,5,1,BFC
af1ba291c5e498973cc325c501dd8da80b234571,150,118,65,4,BIC
9e10bf1d349787f373484d835efe2dbb5f9c5614,12,8,1,2,BFC
3a6a931dfb8e49a7377825b465d84e110fe89f68,368,0,2,4,BIC
33c52b6718d2a6cb414440c98560818910d896dc,3,0,0,1,BFC
e207b7e991768b724f6d216de49c9b800e203eed,93,27,1,3,BIC
1b4a56cd7f5c2f835ffae2a8204fb95597269b10,1,1,0,1,BFC
dedfaa1eedc7309252989a7defab4d565a9f481b,6,0,5,1,BIC
2ec4cf4057fcb98cb4cabdd57fa12357e438ae98,0,0,1,1,BFC
303ba6955499ef757ca5ddcc816e370cc7581cb5,35,15,29,1,BFC
83ec489193894e52bd395eec470f4f7c4286d4a5,3,0,1,1,BFC
0270639e899e21ad0531621f23a238d4bff63653,7,2,3,1,BFC
3528608f3a7919ab34a4fe60aaea5996260ef75e,87,3,23,3,BIC
11b93ebfa03e1cf45d9ad508eaf2c4d3547e06ca,1,0,1,1,BFC
96302d89a03524e04d46ec82c6730881bb755923,7,4,0,1,BFC
0b480e447006144ffcfaf178574b9a13344588a6,25,0,0,1,BIC
1fe165b7e9c3e1b1cfa98310979db0814c7445ea,0,0,2,1,BFC
626d84db64d746f63eadf5e241fc2211419e11b8,36,0,0,1,BIC
3313faf1053ee6cb90045f6877f11e2f61ead63a,55,0,2,1,BIC
b6615659827839f3031c6bd4c1599c3c705778ac,1,1,0,1,BFC
ed36b4dba54a421ce5551638f6a9790b2c2116b1,2,0,0,1,BFC
5fc1efd5de1a1685e68d80981c7676c4d323d93c,0,0,1,1,BFC
183ece30053f1597120ee30174955d7a971bc146,4,10,39,4,BIC
a0ac89b57207ccc87d76f4e6aa9a83026743861b,0,0,0,0,BFC
bcab3a6e64a9647e022b46182c9687a8c3aa9d11,4,0,1,1,BFC
68b4acd322494444803a3f49884ae889c8ec6689,15,33,4,1,BIC
844c8a75f476696e5e472d904d155d5f583f915d,20,3,9,1,BFC
130b4bd8f94889e092b8d2fc3c3fe2b483c749a8,1,1,0,1,BFC
098dc66adeba4aaa8797124c10c2a77fd2e89584,0,0,0,0,BFC
223694b9ae8bfba99f3528d49d07a740af6ff95a,0,0,1,1,BFC
4033f35d174af4804a79fd5731d9e6be976f9f28,11,11,0,1,BFC
87ad72a59a38d1df217cfd95bc222a2edfe5d399,185,0,2,1,BIC
99c14fc360dbbb583a03ab985551b12b5c5ca4f1,19,0,0,1,BFC
a0ffec3d4aff071534d61d8e743562223a0cf8a4,3,0,1,1,BFC
a7057270c280a5904d747f40e53b5402e7dddc0e,83,1,4,1,BIC
2c0e8382386f618c85d20cb05e7cf7df8cdd382c,3,0,1,1,BFC
a7c17d8ae4918afe527c141cc20ed34dfe18e7db,1,1,2,1,BFC
17ece345a042347224e50032e959ad3959638b21,0,0,0,0,BIC
3e56eadfb6a1f28d753afa9fe27296258ae240e5,215,22,55,8,BIC
075d8a75daedec14f2337c2881186aabd8fa4fda,5,0,2,1,BFC
92b0f7b26b313b23cc9bef0bd406607f4566c0c0,8,5,3,1,BIC
b69a784f5e2308d6360a76eceae450e96751f3e4,0,1,5,1,BFC
b07b9146635e90b72551bc8992eb85ecbaa0e593,1,0,0,1,BFC
d081a16db80ef7a260fb178aa1199e01f7432625,0,0,1,1,BFC
e7562597b46d099a78d45c781ee8d1a7a93c53f1,1,3,0,1,BFC
02082701b974eea3afdb4ac25ab613adabebe41a,167,5,10,5,BIC
6d3f58e09f0c1457aa5a6c60e5da08786dd8a18e,6,0,0,1,BFC
98c4c20142e985faeb693d8546e53d2ff7eebe26,780,0,0,2,BIC
bd8ed4415ff8584ccdd1f61c8d7279dc1f9e623e,0,5,18,4,BFC
0a402e7b9725611069dad4c873d1516f8c805f38,12,0,0,2,BFC
64fc7953ffd9424726988dd04945c28141ee41af,2,0,0,1,BFC
278175aba363dcc5b0978abe16fa39dcdca67ffb,3,30,11,4,BFC
edbd58be15a957f6a760c4a514cd475217eb97fd,6,0,3,1,BFC
31975e27a4b5ca3ff1ca42d7d12bc936d3166d4c,0,0,56,15,BIC
187782eb58a89ea030731114c6ae37842a4472fe,0,0,1,1,BFC
7817cedce04325bed7b618386a245fb461233746,1,0,0,1,BFC
3cc2dac5be3f23414a4efdee0b26d79bed297cac,12,21,2,2,BIC
e8d411d2980723b8f8ba8e4dd78b694c5fd9ea3e,0,1,0,1,BFC
f970bd9e3a06f06df8d8ecf1f8ad2c8615cc17eb,110,0,0,2,BIC
0adf6a1b796777f5d19a9b7442172016aeb8020a,0,0,1,1,BFC
608514deba38c8611ad330d6a3c8e2b9a1f68e4b,99,6,14,4,BIC
7de967e76fce652f9e8f3594c97ae132e3a0833a,1,0,0,1,BFC
945ffb60c11dfb228130f3f2bdde961cecb76671,553,0,0,1,BIC
26b4cf2497e380c5cc64b9ad6a7b84a8648320cd,1,0,0,1,BFC
ea25da48086d3bbebf3a2eeff387ea00ed96f5c4,3702,3590,165,4,BIC
f143647a02825038d8d6251422e1d0ebdcb6d9ea,5,0,0,1,BFC
69fc01296c92814b62dbfba1600fe7ed2ed304f5,3,0,2,1,BFC
c51d0ac59f24200dfdccc897ff7c3c9446c7599a,96,46,4,4,BIC
2c29461e273abaf149cf8220c3403e9d67dd8b61,0,0,1,1,BFC
3d729deaf287c43e415c5d791c9ac8414dbeff70,1,3,3,1,BFC
669c4092225f0ed5df12ebee654581b558a5e3ed,19,1,1,1,BIC
2cfa58259f4b65b33ebe8f167019a1f89c6c3289,69,14,25,1,BFC
b3b8e1eb27c523e32b6a8aa7ec8ac4754456af57,27,47,23,2,BFC
7cf64ce4d37f1b4f44365fcf77f565d523819dcd,34,2,0,2,BFC
0c64fe6348687f0e1cea9a608eae9d351124a73a,40,0,2,2,BFC
e840be6e7057757befc3581e1699e30fe7f0dd51,16,66,25,2,BFC
304bfe473e70523e591fb1c9223289d355e0bdcb,0,0,4,2,BFC
3444c4eb534c20e44f0d6670b34263efaf8b531f,12,4,0,4,BFC
1a41b3b441508ae63b1a9ec699ec94065739eb60,16,0,6,4,BFC
aabf5cf02e22ebc4e541adf835910f388b6c3e65,72,8,24,4,BFC
15560a58bfd4ff82cdd16b2270d4ef9b06d2cc4d,0,16,8,4,BFC
e78bf0dc4789bdea1453595ae89e8db65918e22e,104,8,8,4,BFC
631aebfee8261d66597ce0f88ba046c77a0e415e,0,8,0,1,BFC
eaa2f87c6b840b83827c40db6eb8481689570259,0,3,2,1,BFC
d07bdfd322d307789f15b427dbcc39257665356f,106,9,8,5,BIC
a575c6761757232ea2c7dc9f370640754b90cc69,12,2,1,4,BFC
6e0b52d406f64d2bd65731968a072387b91b44d2,0,0,0,0,BFC
c7848399ec7612c2fa4dc0c2eeb9e0b89d00afef,0,0,1,1,BFC
6d3c8c0dd88a5ffc7e3695997641e4b6d4c11065,10,18,30,8,BIC
fbf252335f8e2bd39d4ce59b1db0836a40ab227b,1,0,1,1,BFC
af167bc42d86907a39a761539cb2990120ebbc8e,0,1,2,1,BIC
fa2d9d6e894e096678a50ef0f65f7a8c3d8a40b8,0,0,1,1,BFC
89fd2576cba4bacd1a1a8738313a913d4ca95855,2,0,1,1,BFC
70855603e0a129d1c810947a4e4dd7ecd6f4560d,5,1,6,2,BFC
ef9a5a62c63456cbba1beef2fc1372fce105fbbc,0,0,1,1,BFC
5c50f1d18f6bdd8ff8d274479b8bf0d89ab5a47d,5,0,1,1,BFC
13eb1e21d6198c9068eab7e7cb68c6d5c6834d1b,0,0,6,1,BFC
1223a1af75a85356ec5f5e5a097b60d26f25ff15,2,0,1,1,BFC
1217197142d1681a8b8aaa88cdf4b245b76974cd,6,0,0,2,BIC
2418adaed1ab614438d7995c500b1d219b138add,0,0,1,1,BFC
4ed6ad1eb30e20baf819ae4090b7978519beb3a9,55,0,4,2,BIC
825a51a4af82fd90c1fd98b080439d8593972457,0,5,2,1,BFC
48c22be4abaf3925e8ff74fb3ce5214b082ca989,0,0,1,1,BFC
b9109b7ddb13a52b379c3e57d9b1d74d7445e94d,7,1,0,2,BFC
d45d29567f87492e467ec854e0e81ad847c9b840,0,0,1,1,BFC
cffec53daf9f9a87e4e532da1dfaac4bbfcc2e29,0,2,0,1,BFC
bfc3ae05660e928b34034e668a82c334111c0c22,24,0,0,4,BFC
9eb7f8e44d13cd2a565a5f088c8a842810270757,5,3,0,1,BFC
fda85ce912401750e1e80757627af2784c7cc5a7,3,0,0,1,BIC
d518a44d317d92f4c297ea26a308b1ac1a980d33,2,0,0,1,BFC
e8206d2baa41a4c7cf4590929f8819f8309b564d,7,0,3,2,BFC
a8ec3ee861b6e4e6b82a98777c65510ae63766c1,15,0,1,2,BIC
79de3cbe9a974e03a02b71da80da9ee0eb15a2d0,1,5,0,1,BFC
464d62421cb8b2a6812dcb8c45184ff17b1bc5da,3,37,2,1,BIC
10bfec0a2b4b9d3b81e09b43266ebe370bb17760,15,0,0,1,BFC
a86f030915f247b70da051506a0e3d889a4002d8,247,0,0,1,BIC
c6b4ee9eba97b64750d5e8be31c04b70592592b7,1,1,1,1,BFC
ce808b746325975192d8cd1d29f1ec03d5b6b0fc,81,0,1,1,BIC
4e587ea71bf924f7dac621f1351653bd41e446cb,7,3,4,4,BFC
1d5d820b8fe83b5f859d1ebb028a09ada426447e,0,0,1,1,BFC
b4e008dc53a31cb4bf6a12d9dbaf1d5c6070a838,28,2,4,1,BIC
0f3086868e8889a823a6e0f3d299102aa895d947,0,0,3,1,BFC
7f080c3f2ff091c095248f670bb34308f141ff7a,187,15,5,4,BIC
f740c34ee5cf62e1fff5ebec6d0e63efcc3cdfe9,1,0,0,1,BFC
6afd33e4384060e692705912337b184c1e159aff,2,6,0,1,BFC
74af5975108f54f9443952c0b4d52487031a7569,19,0,0,1,BFC
a7cd39e0c7805a93eaa4256370bcd48c506d46c1,25,13,68,2,BFC
cc8737a5fe9051b7fa052b08c57ddb9f539c389a,0,0,2,1,BFC
4ab6c99d99bb1bf0fbba8ff4e52114c66109992f,98,2,8,2,BIC
5aabd3b0077e0577f60a1ca6b8bdad62f23353d8,3,0,1,1,BFC
514ab34dbad6c6fa824a1f56984c196e59082346,0,0,1,1,BIC
1a8d2903cb6a92ce47cfc8841951b8227c09e505,257,0,0,1,BIC
447ef990ad9e909443ec16edb837c6e37664f5ba,1,1,0,1,BFC
d503187b6cc4e41c21c02e695e0e7b5acdd066de,4,10,1,3,BIC
ee1c90cc2cea80638f559c552371ee6893ca9d9e,3,1,0,1,BFC
a2d6a987bfe4a2e344fae9d255200072eb082427,32,0,1,4,BIC
3f3dac7e4d815cb7f929c0ed98c3a45a86852e53,0,3,0,1,BFC
1bd187de536494a27925902b9653e9ef0ace4774,0,1692,0,6,BIC
63e8d4394a2d226803f47abd7287dbb6d21bf8e4,5,7,14,2,BFC
fddceb8b5399083bcc042266f188116cc779fc80,23,0,3,3,BIC
e702c1204eb57788ef189c839c8c779368267d70,3,0,9,1,BFC
4e4b21da3acc68a7ea55f850cacc13706b7480e9,6,3,9,1,BFC
8c0e421525c9eb50d68e8f633f703ca31680b746,2,0,2,1,BFC
bb0a32ce4389e17e47e198d2cddaf141561581ad,2,0,2,1,BFC
9ee369a405c57613d7c83a3967780c3e30c52ecc,2,4,0,1,BFC
4c22868264516fe0c42817a87f37efb44254e7a9,0,0,1,1,BFC
2697582144dd813b0e071ac18e4e59b4f53192de,59,10,8,1,BIC
81374aaa2693f8d3cd6cf3656a02ac8cf5c7ebea,3,0,0,1,BFC
d26e597d87635d90128fafb3f6bb0a14d972d952,3,0,3,1,BFC
464bc0fd6273d518aee79fbd37211dd9bc35d863,34,53,20,9,BFC
3f9db52dc87b003a1732f3e03f7f5fc8701ef4ad,17,12,3,1,BFC
6c53694fb2223746738d1d0cea71456ca88c8fb2,64,18,169,2,BIC
1aff64715edb8565e99337b842d814d636641b50,1,0,1,1,BFC
6b5dc98e8fac041a3decfc3186e08c1c570ea691,68,0,0,2,BIC
02729d17b1b818cc38a6b6319231a0cd86b132e4,0,0,1,1,BFC
d7f781bfdbf4eb7c5706c9974b8bf6d3c82e69c1,451,49,22,3,BIC
1c23484c355ec360ca2f37914f8a4802c6baeead,0,1,0,1,BFC
604407890ecf624c2fb41013c82b22aade59b455,6,33,6,2,BFC
71a16736a15e3fd11d283c42aa86bf704f6d25ff,19,0,4,2,BIC
68515cc72191f5c5d86f6ef7091dc8ba714d96e4,0,1,0,1,BFC
54385bf75cc6451f29f3a149582584d5015d2c98,0,0,1,1,BFC
8bd719587d1215dad42d48d725eb1858987112c8,0,3,0,1,BFC
6e644626945c7c1a7f4d4f83b806b898297846d0,24,22,12,3,BIC
9f7a9a448da7cf7951fb9e33eadd4dea173000fe,1,1,0,1,BFC
111a10bf3e53aeda5f14297a4c2dbacf3023de45,5,5,77,1,BIC
4788e613a65df19dbfc481473859c70b23eb5404,2,3,3,1,BFC
987a9f128b8ad8e7019229300e8d91d37ca55933,95,26,16,1,BIC
e6b422b88b46353cf596e0db6dc0e39d50d90d6e,4,3,14,1,BFC
ec62b1ab0f4ccbc48aa8b9852cc25b38a1f12d1e,3,0,0,1,BFC
6ce5b0f22d6061b33aaf302f73302f402fea0c17,0,2,2,1,BFC
931e79d7a7ddee4709c56b39de169a36804589a1,1,0,0,1,BFC
d51d081d65048a7a6f9956a7809c3bb504f3b95d,222,2,8,2,BIC
50329c8a340c9dea60d837645fcf13fc36bfb84d,1,0,0,1,BFC
0603eac0d6b77acac5924a2734228cbaf072f993,43,2,2,2,BIC
5fe0d4bd8f86d19f7f24c1ae5a9b6e6a5a52e51a,1,1,0,1,BFC
082df8be455ade361748f0385aa6c9c8d07be167,10,8,0,1,BFC
c338412b5dedf405d3f8ba3af1a61fa623319e1d,12,0,1,1,BIC
a1fc1920aaaaeadc7cf9d80fc16e6b8eca722b44,8,0,0,1,BIC
1c4d0b4e18068b49e0eb9bf5125ff25c6d1452cd,0,6,0,1,BIC
1919b0562bfcd383caf87a13c346d65ce6d519aa,1,2,0,1,BFC
2ffabf50bd0038acc0e92fe78915610a7fded182,2,0,1,1,BFC
092c3def24bb68a00ff58c76ed67b9ff448387ce,1,0,1,1,BFC
3ca121c2f4be85f3fbf398583bc8c42a145e3533,0,1,0,1,BFC
b03679f6a41a6981ab6838cf5110c8e4822f744b,4,17,3,3,BIC
9e14de1077e9c34f141cf98bdba60cdd5193d962,3,0,1,1,BFC
ac4b281176a54d17dd3f91b7fb4a4656471d8730,0,1,0,1,BIC
94b282267c2f3af725b154c91275ed374c1f11de,3,0,0,1,BFC
facdf0ed4f594485fb2a1d2d024a150924c6b01c,40,0,0,1,BIC
a8b169afbf06a678437632709caac98e16f99263,5,4,0,1,BFC
537b5c840c2f53991fcb00164ee09dfd8cfc2099,0,0,0,0,BFC
0cc3b0ec23ce4c69e1e890ed2b8d2fa932b14aad,1,1,1,1,BFC
c2a9737f45e27d8263ff9643f994bda9bac0b944,4,0,0,1,BIC
3db4b68e4693bc2421a0cbb7777bd7e60e412549,0,0,0,0,BFC
2fcfd317f66c6e6cf0e05351e7641898d767dfa4,416,1,3,4,BIC
87e9201108b7d63cc4a50faca3baad48c4ec99f8,2,0,1,1,BFC
d90b336f3f652ff0441e631a06236f785581c8f7,17,5,11,3,BIC
0b56d1c8fd8991b0ae5255151c54ed20deb49a28,0,0,4,1,BFC
4a3039e26eba2f25cf66cb0f4b30e17a6ab13511,0,113,4,10,BFC
9a5a6911aa3fb679f4640d5cf2346d095a7641f1,1,1,11,1,BIC
428359cbfe086f43cb84b7ab7b48e7e7862700e2,0,11,9,1,BFC
b7aaf8220aee35490751cd43861a3f61d63bda67,0,0,0,0,BFC
5160fb4bbd7add491b93fbf859cae5804f3de8bf,0,0,1,1,BFC
9211434bad302be53a2203db4341fabe29db9197,54,2,25,2,BIC
801e3659bf2c87c31b7024087d61e89e172b5651,0,0,1,1,BFC
850d24a5a861238f583f59cd39de4dfe5142a4c9,105,0,0,2,BIC
ad3cdf3e1f37299fc1422f7828243635249a3dde,2,1,4,2,BFC
4ee236219f6da367093b503b52fcceb609397c6f,5,7,13,2,BIC
1526c704b3c32640b5e6cdc1662b0698603e9d4f,0,0,2,2,BFC
b24f021579c5384ea9ba22decec84e757d5fbd09,4,0,3,1,BFC
0bcdc0987cce9880436b70836c6a92bb8e744fd1,0,2,1,1,BFC
fc6eead7c1e2e5376c25d2795d4539fdacbc0648,20,17,9,3,BIC
908b6e6e8ab4c1e0c3783be4c4b437ac6fa374ea,1,3,0,1,BFC
ea2800ddb20d6e66042051a61f66e6bea4fa0db7,24,0,4,2,BFC
ec15ecdee5eb9e33a565e1e8eaef39fd4de565cb,0,0,2,1,BFC
76eb1b1de5b6467c78bb72311dbf29eea1f10a3a,21,1,1,1,BIC
64f0f5d18a47c703c85576375cc010e83dac6a48,11,0,3,3,BFC
5425077d73e0c8e7e9267ca8397cc0e2293c1fb9,59,0,0,1,BIC
7a4b813cb739ce598ffbad2e84d19d13fa23e25d,0,0,2,1,BFC
cac4b22f3d6a2601d896e9ae5147d173342c66f8,0,2,3,1,BIC
eb781397904e5d6b90c80463eaa9dc592831bdae,0,0,2,1,BIC
1089650d8837095f63e001bbf14d7b48043d67ad,0,1,0,1,BFC
bd9dfc54e39266ff67521c09d37e838077385b21,0,1,1,1,BFC
306b13eb3cf9515a8214bbf5d69d811371d05792,86,4,9,7,BIC
ebfa00c5745660fe7f0a91eea88d4dff658486c4,9,5,9,4,BFC
7d8697afae5c61a9495fff54a1c5d053dea4505f,2,1,0,1,BFC
3614364527daa870264f6dde77f02853cdecd02c,0,0,1,1,BFC
91b540f98872a206ea1c49e4aa6ea8eed0886644,0,0,1,1,BFC
2b7e8665b4ff51c034c55df3cff76518d1a9ee3a,1,0,0,1,BFC
263630e8d176d87308481ebdcd78ef9426739c6b,0,0,1,1,BFC
435c0b87d661da83771c30ed775f7c37eed193fb,0,0,2,1,BFC
5a6e75f8110c97e2a5488894d4e922187e6cb343,167,0,1,4,BIC
07a191f762a7b8d0db13c38036380927116e29bb,0,4,1,1,BFC
565180723294b06b3e60030033847277b9d6d4bb,110,26,31,3,BIC
b33394ba5c0974a578c24b2fecbb91a984da5e09,1,1,1,1,BFC
6bc6d4abd22e890cf69a05554fa8f8f83f351515,1,1,0,1,BIC
20c4d49c0f304f3f945bbd560b26afa98f75a0c4,0,0,2,1,BFC
ce8bdd6957202a38d67038e5ec940eed50f9f3eb,0,0,1,1,BFC
0d3f54257dc300f2db480d6a46b34bdb87f18c1b,124,1,6,4,BIC
ba74b6f7fcc07355d087af6939712eed4a454821,7,3,0,1,BFC
0b0f9dc52ed0333fa52a9314b53d0b2b248b821d,117,81,31,2,BIC
71c488f32b071bfb5cfe9ddf682cd2e0c310c75d,0,0,1,1,BFC
f44d85389e17b2e960620c1c6d89bda978a11f2b,0,0,7,1,BFC
db1689aa61bd1efb5ce9b896e7aa860a85b7f1b6,147,0,0,4,BIC
ccd5b3235180eef3cfec337df1c8554ab151b5cc,0,2,1,1,BFC
39a0526fb3f7d93433d146304278477eb463f8af,11,0,7,2,BIC
38cfd5e3df9c4f88e76b547eee2087ee5c042ae2,11,0,6,2,BFC
1be0e61c1f255faaeab04a390e00c8b9b9042870,23,0,0,1,BIC
c469268cd523245cc58255f6696e0c295485cb0b,1,1,0,1,BFC
54ffd790792898f05e215dce5aa593473e80e92f,0,0,2,2,BFC
36ff0dd39f9b88ca83e1733b735e9f22b7be893b,6,4,0,2,BFC
9b4e946ce14e20d7addbfb7d9139e604f9fda107,6,1,0,1,BFC
122a5f6410f49c28e901e4a911a110b675b8bd55,6,3,3,1,BIC
3fd87127073292538047adf1c9c757e9cab0dd56,5,6,7,4,BFC
60d1d93664a0bb3d5af722ed38c57ee165a45bf7,3,0,2,1,BFC
29042e19f2c602fabe4705b5b719550b4627639c,19,5,29,3,BIC
256fbe111218ccc3de4aff1aab44c9b08cd06c92,1,0,0,1,BFC
eabf0fad81d52b8e23f3a6eb5d2c8cac452f50ee,561,0,0,4,BIC
551143d8d954fe398324a5caa276f518466c428b,7,0,4,3,BFC
7b9364050246bd4c24b36b71c8990b2922dcc027,2,1,8,3,BIC
be3e83e3471cd0faff2c2d88fe9cfc73d9a9745a,12,1,0,1,BFC
f9ce2eddf1769a2cf93e87332c55063537e69119,325,0,2,1,BIC
b974696da1cfc5aa0c29ed97dc8f6c239899e64b,1,0,0,1,BFC
5346c27c5fed6b30aff35e1fcb595625097e646c,130,56,0,1,BIC
b2e8ae3f0e342a3308b4573790bd42528e51885a,0,0,1,1,BFC
fcc5b5cd726c0779cd689362aea82cc9d5a61346,1,1,0,1,BFC
e6373f33a6bba0de9f543f4a7faeaaa536c62997,1,0,0,1,BFC
b7edfa235effb4b4a9816c2345620b11609c123e,1,0,2,3,BFC
6e98095f8fb6d98da34c4e6c34e69e7c638d79c0,0,0,1,1,BFC
c4a9b538ab2a109c5f9798bea1f8f4bf93aadfb9,12,6,4,5,BIC
c2062ee3d9615828109ffe8089fbf69bed394d05,2,0,0,1,BFC
d4fec855905fa8bd5fb1c59f73ad2d74a944876a,0,0,3,1,BFC
d6707bec598649450ee0887bf11896e525777874,22,35,21,1,BIC
f48bed16a756f5bc0244acd581f61968f7d7c2a4,75,51,9,2,BIC
4e458debbb69af0cbde5bd6430d64519d5f59274,0,1,0,1,BFC
a5192c52377e6d283abb5dcd5d25d65bf2316f62,0,1,1,1,BIC
c45182eb967af11e9482168be5be41aa22e5d321,0,0,1,1,BFC
790c6056686cc4dd5b149b330bbd5ae208d4d721,0,1,1,1,BFC
ffd3cdccf214cf0df08856a6738544076c4cd548,14,8,5,3,BIC
e593beaf60e003c4e0d65e6ea9ceb75c2971afbc,0,0,7,1,BFC
2411a736ff09d349b0d4630ee5ff8a38d852ce3c,249,0,0,1,BIC
e7348396c6d51b57c95c6646c390cd078e038e19,52,7,9,2,BIC
e6b4c525d94e6fb28d5c4b9eb4016caa12f68841,2,1,0,1,BFC
c8da9be4a75f1f63024a16b976c5be47405c13dc,15,7,8,1,BIC
7b4cdaae73ee833975a767cf54a3354d355b3f8d,1,0,4,1,BFC
5942d8ae411775b76e5e1ab0cce57b0666516f2d,1,1,3,1,BFC
e58f95831e7468d25eb6e41f234842ecfe6f014f,0,0,1,1,BFC
a61f80261306ad11d9c8a453307a56417cfeae03,345,0,0,3,BIC
84305d71d6ca9a2e6a33d9b403639f1cdeeee846,1,1,1,1,BFC
40b24403f33ed8e9401b087e25f46d002fc8f396,9,0,0,1,BIC
fab773cb51150ea29ec041d5d001845fac026a3b,0,0,1,1,BFC
f9bfea992e7d7557c40a58e8536ad8c6f177de25,3,0,0,1,BFC
b23673f86fd0d9ccbc088e88e29899b4d3f0f055,0,1,1,1,BFC
078b3573030346df0cdc46d798c0f434dc53c2cc,0,2,4,2,BFC
400b1ebcfe31279895f1baa8ecaa390d9a4a0eef,466,12,45,4,BIC
c3f1ee292f23cf49b43c0e9cf8c52bec821b6649,0,0,1,1,BFC
fe248c3a5837848717ed566fb4aefe66f43a5e53,121,1,2,3,BIC
5d50f400e56fbc7a14ef3f8d42ba47710e455881,4,10,5,3,BFC
c7845bcafe4d2ecd5c479fa64d1b425c21dde17c,129,2,7,3,BIC
55f2467cd717241dd941153d4db1e23c91aecf98,0,0,1,1,BFC
ea30b966f7dd6bcfb20c98a7f99608c7bb10bfac,32,3,5,4,BIC
fba02e6cb775078bc0bdf207197e0a44b1f85aca,0,0,1,1,BFC
5ab2d89b85a6c5c2d7604c9674f77a68f3d24f91,0,0,2,1,BFC
3c7f67d1880db4bda8eed12ca603c92b5434390e,0,0,1,1,BIC
2fb44600fe784449404c6639de26af8361999ec7,1,1,0,1,BFC
61e8d462457f202bf0c6393133425ad387825e22,0,0,1,1,BIC
1d31e9c09f41f9ffa53eaf8457b3e77a1d527f1e,1,0,0,1,BFC
19098df2da784c851532c78bd570cb1c8f4aff52,81,29,66,3,BIC
498ca3c82a7b11e152a46c253f6b2087c929ce00,11,2,3,3,BFC
79964dbaf662229253b281c42e82e2675a9d3b80,0,0,2,1,BFC
e9c6da270aaae54fb67aeb5858c456f3beffa6d9,35,0,0,1,BIC
8c2a75e5687e0137ddbb35454c7a1a468079f790,7,2,3,1,BFC
bc575064d688c8933a6ca51429bea9bc63628d3b,15,35,8,1,BIC
08ab58d9de3eb8498ae0585001d0975e46217a39,2,0,0,1,BFC
0634c2958927198797bf9e55d26fb51cce4c22b4,15,13,9,7,BIC
1c08c22c874ac88799cab1f78c40f46110274915,1,0,0,1,BFC
7dbdb199d3bf88f043ea17e97113eb28d5b100bc,6,22,3,4,BIC
9ce76511b67be8fbcdff36b7e1662e3887bb7377,1,0,0,1,BFC
a36afb0ab6488eaa2c9672d6c20a966a7c08ef65,9,1,0,1,BIC
58efbc9f5463308c43d812fd0748a4dee44c8a16,27,23,37,5,BFC
3ffff01749928ea5ffdae2cecad561898c3b0f71,13,0,1,3,BFC
97e05463e0dfa8df709009625302fa5c5049b016,3,0,1,1,BFC
ab6dd1beac7be3c17f8bf3d38bdf29ecb7293f1e,1,1,0,1,BFC
4440a2ab3b9f40dddbe006331ef0659c76859296,17,2,2,3,BIC
8b0db1a5bdfcee0dbfa89607672598ae203c9045,4,0,0,1,BFC
38b78eb855409a05f9d370228bec1955e6878e08,116,115,26,1,BIC
475bb3c69ab05df2a6ecef6acc2393703d134180,5,2,2,1,BFC
a8f0f9e49956a74718874b800251455680085600,4,0,0,1,BFC
8861dd303cba879bae9a9dcee74042fb642bf03b,8,1,0,3,BIC
3c0045837d613984c7948775fa315beb68703b5c,0,0,1,1,BFC
ad5b39a95c8339d069be46f13562a0b6a20d5185,2,0,0,2,BIC
d1bbc823781f9b325fb25b4af83cf1afd314e6d5,1,0,0,1,BFC
5ce783025c827340cdc966508a0d445dcd591ba9,59,50,1,1,BIC
8a4b5784fac2af93ad6a8c08fb56d021e0c0416b,0,1,0,1,BFC
bd0fdb191c8523a9126bb14ac1b22cb47698ebf5,0,0,0,0,BFC
d382b9c007827987c7939e2bd828af43c7af9668,28,0,0,4,BFC
c815fdebef444d591f57a1e90dcfa0e2f8112e10,9,3,15,1,BIC
d776fc86b82ffd7cfe9eb4182cc398cb8ab4199c,27,9,20,1,BIC
2fe59f507a65dbd734b990a11ebc7488f6f87a24,35,3,6,1,BFC
1cf85b2327a9b03bde5266e72ee64a38d085256d,1,3,0,1,BFC
0cc0c38e91392d2da769c9831739df43787d99e3,6,5,0,1,BIC
a22a6ac2ff8080c87e446e20592725c064229c71,28,12,0,1,BFC
4a21b49b34c01137a67bf0fe185c5d0fff747e4d,9,11,3,3,BIC
146ed3c5b87d8c65ec31bc56df26f027fe624b8f,2,0,0,1,BFC
87e9b3778c94694c9e098c91a0cc05725f0e017f,1,0,0,1,BFC
38413406277fd060f46855ad527f6f8d4cf2652d,116,11,6,4,BIC
46f1c52e66dbc0d7a99f7c2a3c9debb497fe7b7b,2,2,0,1,BFC
1b688a19a92223cf2d1892c9d05d64dc397b33e3,2,20,10,2,BFC
63f45f840634ab5fd71bbc07acff915277764068,5,0,2,1,BFC
ee6c88bb754e3d363e568da78086adfedb692447,3,1,3,2,BFC
257a73031d29447ee82fe06d2b97d8564f63276d,0,3,0,1,BFC
627d2d6b550094d88f9e518e15967e7bf906ebbf,29,8,18,8,BIC
1691a4c0f4634d50ffeb74373fdeec63495c911e,4,4,1,1,BFC
326ce603015eefaa86fc6e490f43638e1010a838,11,5,3,1,BFC
d6e1ab9ea3514840e4f32957c457b094646c2e9d,1,3,6,1,BFC
6d48ceb27af1420882f092495fc796cfcbf92a14,13,0,1,3,BIC
49716679248a0bf64d8914711b2d1ea48751853e,4,2,2,1,BFC
e71cb9e00922902ba0519f37d09145f117dc02b3,6,1,3,1,BIC
47c4ccd3086139d2085e0f1e59c0f26e8ce4ff46,2,0,6,1,BFC
89ff9d58e6b61bc90638157ae9ec21f6e3186a5a,0,0,0,0,BFC
56bde846304ea05d5f8c8de0e3a42627a7a92be6,16379,0,0,22,BIC
03fef6c5c2296ee6d43f59af57973e82c229039c,0,2,1,1,BFC
a084cda42ece32c83c190db0681f4675d9c41021,3,6,4,1,BFC
302ef8ebb4b2ca10b06268c2ef5fbc4d1f061a51,1756,0,0,7,BIC
de2245540ed84c56ba3d71d1ce8e14fdaf332720,0,0,1,1,BFC
a2e8272f3f898bedfc78e20b373a9d7356e16608,64,0,0,2,BIC
5904c9d3c9bd52f79718d1806175271b4bd20718,4,0,0,1,BFC
1673c81d9435bcf758da6ccaa291513e34c1cb82,132,0,9,1,BIC
9149916f1e8c912c585ddebf12a98e99bd81aafe,0,0,1,1,BFC
f77d443c4c299aff5ad9c74811dd063f4d8bebcf,12,0,7,1,BIC
0d30176819c8738b012ec623c7b3db19df818e70,0,0,1,1,BFC
37a441dcd5f4db7f769fee50ba7a2c602903a052,32,0,0,2,BIC
dbeb0c8e84805b78f3979b53a4a12751403e4520,12,0,0,1,BFC
cc7a938f5f308eeb6f8fe3cec28e1800aa81facb,0,0,0,0,BIC
d8a9b320a26c1ea28e51e4f3ecfb593d5aac2910,9,1,3,1,BFC
892dd1831392adbdf4e55d0c284c3aea6ba4d855,2,1,5,1,BFC
fd213b5bae800dc00a2930dcd07f63ab9bbff3f9,0,0,2,1,BFC
78f3482d74809f278614470fb68536db16152ec8,202,12,7,1,BIC
3bff08dffe3115a25ce04b95ea75f6d868572c60,3,2,1,1,BFC
a894cf6c5a82c7ddcb1bad82d1e0af3d0ead9a41,103,105,2,1,BIC
10777de570016471fd929869c7830a7772893e39,0,0,1,1,BFC
92d499d4905ce79c41a4b9a399ab6b89188f87e9,3,4,4,1,BFC
c0b3dda7ed4d7f08b6a39ff8b35895780a68e384,0,0,1,1,BFC
c830da8cbc7b1b319fa688aaeb751d8c6e66b16b,0,0,6,1,BIC
3ff2dcc058946c48afd3f2c8cd9e3a880b466c5b,15,22,1,4,BFC
68a17f0be6feb8de1f5e26b93f49791031374c4c,25,0,1,4,BIC
f3f7df7635bd5fb6dbc8de150613d327a3bd6171,0,1,0,1,BFC
2a8bd83af30e3045b8b251191e759a2be9877816,0,67,0,5,BIC
ffeaf9aaf97b4bdaf114d6df52f800d71918768c,0,0,1,1,BFC
894cf7d156346986946cc573dc8c251804dc8321,20,12,8,1,BIC
bd46fc406b30d1db1aff8dabaff8d18bb423fdcf,0,0,1,1,BFC
109bade9c625c89bb5ea753aaa1a0a97e6fbb548,32,57,29,1,BIC
4f9adc8f91ba996374cd9487ecd1180fa99b9438,0,0,1,1,BFC
26549d17741035b604048770f354c8c6b5e25ac9,51,32,22,1,BIC
33ba43ed0afc13a29b1314e3e45a9938d310ba13,15,11,2,1,BFC
bcc6b1b7ebf857a9fe56202e2be3361131588c15,132,0,2,5,BIC
cd36c3a21a400cac9c457394b9adf94e0027c136,15,11,2,1,BFC
4a00aa057759d713e1296ecbc614fa560d569977,1,0,0,1,BFC
8d8d18c3283f0cf72f6ac41f337d5b6f818649b6,13,13,1,1,BIC
fcd03e362b1cd17de487953aac34f2d4574895cf,2,0,2,1,BFC
30d65e8f96ad01d9f998039e9af9ce5545e5a4ee,2,2,1,1,BFC
fd6055a806edc4019be1b9fb7d25262599bca5b1,1,1,0,1,BFC
78362998f58c7c271e2719dcd0aaced435c801f9,1,0,0,1,BFC
d094c4d5f5c7e1b225e94227ca3f007be3adc4e8,59,42,12,2,BIC
458be024ef5f72f1697d5d55289c4ed45f8ee910,4,9,3,1,BFC
139bb36f754adbf6d3c836db09d6459e25167b38,2,7,0,1,BIC
4eb6a3bdb4629b610a39dd222a0170c72ef1c690,7,0,4,1,BFC
b5212f57da145e53df790a7e211d94daac768bf8,0,0,1,1,BFC
9b40eebcd339c47921ff8b04c77af7c762b74216,4,0,3,1,BFC
2d2a954375a0405fc721928f0dcc5ad1418996bc,21,2,8,1,BIC
414e7d76af6d3ec2dd4e9079927dbe0e2e4ca914,1,0,1,1,BFC
7be05753ccc27ce056d45f06a50d150927a88ed7,0,0,4,2,BFC
b6422bc01259aea7e4e11f1cd052e80acdf1275b,8,2,4,1,BFC
626c077c025f9da6dce809b5a8300ed44ef02b6f,4,1,0,2,BIC
ecdb19f4b513033e6f2c4326cd5b81e04393e5e1,0,1,0,1,BFC
53526500f301bfc2cde0cd6cf734ebce5020d6b7,3,10,0,2,BIC
e093111ddb6c786e32b882108c1c08ef83d781f4,20,17,26,4,BFC
565197dd8fb1354509fa983658b54d63a2ecc5d6,137,18,17,4,BIC
65159c051c45f269cf40a14f9404248f2d524920,0,0,1,1,BFC
3de33e1ba0506723ab25734e098cf280ecc34756,0,2,2,1,BFC
6399f1fae4ec29fab5ec76070435555e256ca3a6,4,0,2,1,BIC
d1f08d82176246c6d8a2f1dc26be3638ed4a6083,0,0,2,1,BFC
6e05899dc80af26a21746485bb72e9410f03ad36,0,1,0,1,BFC
8d6f08272b6f1742d537640313b256c8c9929813,0,8,1,6,BIC
a067d94d37ed590fd17684d18c3edf52110d305a,2,6,1,1,BFC
afd0e5a876703accb95894f23317a13e2c49b523,5,1,2,1,BIC
4a23e56ad6549d0b8c0fac6d9eb752884379c391,6,0,3,1,BFC
08cdac619c81b3fa8cd73aeed2330ffe0a0b73ca,0,0,3,1,BIC
096622104e14d8a1db4860bd557717067a0515d2,2,0,0,1,BFC
674c242c9323d3c293fc4f9a3a3a619fe3063290,1,0,0,1,BIC
828f193dd62a40ade5ea8b24cb8b0a22c30df673,8,8,5,1,BFC
2826478a6660158d261bc49ad8954a8f5c39be07,0,0,0,0,BFC
af3df2cf17f5df079189c3cc88870d28e219496b,0,0,1,1,BIC
f628c4ed3de499f027d3ae70cbb46c6dfadfc098,0,0,7,1,BFC
3a6f9dce6116cc54e31dc10d176ceecb1a7e4e7f,14,0,0,1,BIC
88c54cdf61f508ebcf8da2d819f5dfc03e954d1d,0,0,1,1,BFC
8aa9b586e42099817163aba01d925c2660c4dbbe,109,10,23,3,BIC
fe4600a548f2763dec91b3b27a1245c370ceee2a,0,0,3,1,BFC
0ff926c7d4f06f9703226dc09acad17e86f169d6,27,6,0,2,BIC
d0a133f7f5bc3583e460ba6bb54474a50ada5201,0,0,3,1,BFC
804e73adf5cf4b3aea3b6ce058f4dc0191143821,10,0,1,2,BFC
1899ccc041069e86557d6952d97f3b41b7333d87,20,0,3,1,BFC
838adb576d4a3da03d4e35a3149dc015dfeec299,558,0,0,1,BIC
27a451e83e78e1167f58cddba189fae4b4fa0d5b,0,0,1,1,BFC
0f0fc5c090055983163ed8e7b3a73980e128048c,6,0,0,1,BFC
b77eb79acca3203883e8d8dbc7f2b842def1bff8,0,6,0,1,BIC
4de437265eaac18f880d827f8e105b10de9b87a3,5,0,2,1,BFC
9ae433bc79f97bae221d53bb1a8e21415ea58625,15,35,49,3,BIC
dea3eb8b452e36cf2dd572b0a797915ccf452ae6,2,0,1,1,BFC
4816c9406430d0d3d4fa58a212a7a869d429b315,7,7,0,1,BIC
7a1de063028aeb766e19bdc4f37233fc1a586911,0,0,0,0,BFC
626a630e003c10c800a816cb994b3f9e505a88a9,23,0,9,1,BIC
e65a4955b0bb70ab66e2fbfd5509747fe51d8bf9,1,0,1,1,BFC
3fcece12bc1b6dcdf0986f2cd9e8f63b1f9b6aa0,39,6,11,5,BIC
225bd1de16fb2e330be5bad261d427d00293c55e,0,0,1,1,BFC
e9f66ae23c209eec617130126a23bf547bf7a6d8,68,48,14,17,BIC
fc1111b885437f374ed54aadda44d8b241ebd2a3,3,0,1,1,BFC
e80c47bd738badeaa70b1114d4cd75f892672bd3,1,0,0,1,BIC
deecd4d71b12626db48544faa66bb897e2cafd07,24,0,1,1,BFC
857b8de96795646c5891cf44ae6fb19b9ff74bf9,3,0,1,1,BFC
4a4eefcd0e49f9f339933324c1bde431186a0a7d,0,0,1,1,BFC
d83c2dbaa90a9bd6346e234d9802080a9c7b2fea,41,4,2,1,BFC
9820a5b1110126142c50a779622abab560d3fcc1,1,0,2,1,BIC
a04e6bae9e6f12c3a2aa4c84d50d1dcb79ce9814,9,0,1,1,BIC
07144be9c156103e19a336c35213bd393392d401,5,0,0,1,BFC
d13ffb5630443e6112df0263969cbdfc8ab9ab57,19,32,0,6,BIC
03619844d81d7459874e88034f0f36d959f0e2df,0,1,0,1,BFC
11e5890b5342c82eefbaa39aec4767ae21ae8803,102,263,119,1,BIC
d41a3c2be178783c85e05025265ab58fbb4d4ce1,21,0,1,1,BFC
821ed7df6e2a1dbae243caebcfe21a0a4329fca0,163,77,22,10,BIC
a93c11527528c951b8d8db638162128a09e09ec2,0,0,1,1,BFC
9e8730b178a2472fca3123e909d6e69cc8127778,0,0,0,0,BFC
8f91869766c00622b2eaa8ee567db4f333b78c1a,0,0,0,0,BIC
e2b5602af76dec75f474e4173afb4215007ecfa5,5,0,1,1,BFC
b388f15fd14c3ae62deb9a059464aa99b524ea4a,9,0,2,1,BIC
c7fdd3f52944b81d807ce7a5fde7d1ca8a2a0919,0,1,0,1,BFC
68a66d149a8c78ec6720f268597302883e48e9fa,3,0,1,1,BFC
86a7996cc8a078793670d82ed97d5a99bb4e8496,29,78,0,13,BIC
274043c6c95636e62f5b2514e78fdba82eb47601,5,7,0,1,BFC
4cc7b9544b9a904add353406ed1bacbf56f75c52,18,16,7,1,BIC
d4dd2d75a26ef07cadc2949efeea9fabc2a5c299,0,0,0,0,BFC
014cd0a368dc6351c65d51e4ee34f8573a4a1543,0,0,0,0,BIC
8c97023cf0518f172b8cb7a9fffc28b89401abbf,0,0,0,0,BFC
971a69db7dc02faaeed325c195f5db5da597cb58,0,0,0,0,BIC
34ff1bf4920471cff66775dc39537b15c5f0feff,0,0,1,1,BFC
53a75f22e78a601321c2e1fd16266ecdae2f2309,5,1,3,1,BFC
e68fd7c8071d541d3f2f7eed5814b63e865dd277,9,1,2,1,BIC
8b35a5f87a73842601cd376e0f5b9b25831390f4,0,2,0,1,BFC
a9fd053b56c6bb14972ab7a19da0b575fe4c5d66,93,4,8,8,BIC
541ee9b24fca587f510fe1bc58508d5cf40707af,1,1,0,1,BFC
a359bb2a55f384bb93349ddf9d30b20b37e02e8a,0,0,1,1,BFC
9eba381bf83b42b312cbae8050e357138782ba9a,61,0,0,1,BIC
86fe1ac0d563477b1d10d49a92237e3f3d74e7be,1,35,9,6,BFC
3f5c4c73322e4d6f3d40b697dac3073d2adffe41,2,0,1,1,BIC
48b2de1971c766a8dc0aec668742e17cb0c75127,20,21,1,3,BFC
a874aabef9337f26c589858e7ea0ec6a6adbb129,2,0,0,1,BFC
6c83c1d8e7058a22840b22f54f3b1acad2c2207c,1,1,0,1,BFC
6c96dbbc2aa9f5b4aed8792989d69eae22bf77c4,471,16,49,5,BIC
19dc3e08663767545181e32d4386d2bf3fd13ef8,6,2,0,1,BFC
1c84e7f9d5dc596bef22204131e561c4b3addf0a,88,23,1,2,BIC
65d5c96dd8c1c87003a073f3d0dd67ac09d28766,0,0,1,1,BFC
14a2de14dc0619bf926c56cd12e29e0245d12abc,0,15,4,1,BIC
1d1c3436119a6fb92adb8ae72d9a1bcb7f5d0d6a,2,0,0,1,BFC
076b0936e5fb8dd5513c1472a2c1d487b64d1580,228,10,26,5,BIC
8fbbe2d7cc478d1544f41f2271787c993c23a4f6,0,0,2,1,BFC
3b8e29a82dd16c1f2061e0b955a71cd36eeb061b,159,0,1,2,BIC
f9bce791ae2a1a10a965b30427f5507c1a77669f,35,0,0,2,BIC
8387c576b713bf677d59b7f16be64adb6b2de660,3,6,3,1,BFC
dbd7396b4f24e0c3284fcc05f5def24f52c09884,1,0,0,1,BFC
0c264af7be2013266c5b4c644f3f366399ee490a,5,0,1,1,BFC
324540c4e05c09c007f9e358cacb30b38f296bcc,49,4,18,2,BIC
8865a31e0fd8beb157b99e78cdf1f0241a67bd54,58,4,20,2,BIC
7d3c1d5901aac873d13c0a03b29ee2bda183383f,85,29,18,2,BIC
04a2c73c97ebb224dfb411ab35bb18d7b8245e39,110,68,21,2,BIC
b59fb1900b4feedd2fa9256326e65b5632627465,99,27,18,2,BIC
2479c631d16c53b01f897fe6a4666c04f71075fb,0,0,1,1,BFC
114cf5802165ee93e3ab461c9c505cd94a08b800,160,3,6,3,BIC
1547f538c14581346c2eb82f8af0071ee6ec2b30,0,0,1,1,BFC
16a4362573782115096799aebd9862f8bb140169,1,0,0,1,BFC
9a19bad70cf16b0cdf3576efda7deb490e7aa529,1,0,0,1,BFC
ca3d89a3ebe79367bd41b6b8ba37664478ae2dba,2,2,0,1,BFC
76e39ccf9c36352a8fc7c084ec25b735010685fd,14,2,4,1,BIC
b6f6d56c91f5261c55edef2df300698c4486b669,0,1,4,1,BFC
a99b646afa8a02571ea298bedca6592d818229cd,57,0,0,3,BIC
c56d4450eb6886225a5a0bb231ad2cea9f03284a,82,0,0,3,BIC
cdbeb633ca71a02b7b63bfeb94994bf4e1a0b894,0,1,1,1,BFC
6ba8a3b19e764b6a65e4030ab0999be50c291e6c,152,13,13,11,BIC
bc3aae2bbac46dd894c89db5d5e98f7f0ef9e205,7,0,2,1,BFC
b61798130f1be5bff08712308126c2d7ebe390ef,9,0,2,1,BIC
383143f31d7d3525a1dbff733d52fff917f82f15,4,0,0,1,BFC
a4c6bbcb9e99bcfb8546db7941d9b6c9be1b4a81,0,0,0,0,BFC
ff244c6b29b176f3f448bc75e55df297225e1b3a,3,0,0,1,BFC
02445990a96e60a67526510d8b00f7e3d14101c3,6,6,0,1,BIC
704b862f9efd6d4c87a8d0a344dda19bda9c6b69,3,0,5,1,BFC
da094e42848e3c36feaa3b5271e53983fd45424f,0,0,1,1,BFC
f318dd083c8128c50e48ceb8c3e812e52800fc4f,18,0,7,6,BIC
6b31d5955cb29a51c5baffee382f213d75e98fb8,59,29,5,3,BFC
5b53a6ea886700a128b697a6fe8375340dea2c30,10,0,1,1,BFC
3f70dc38cec2ad6e5355f80c4c7a15a3f7e97a19,22,0,0,3,BIC
f6ba488073fe8159851fe398cc3c5ee383bb4c7a,2,1,0,1,BFC
3b7b314053d021601940c50b07f5f1423ae67e21,26,13,1,2,BIC
768dc4e48420955518974d8486c1b00ec05e7274,0,0,0,0,BFC
64b671204afd71591e774e7237b7c862ac5bbd97,0,0,0,0,BIC
2ba293c9e7db150943f06b12d3eb7213e7fae624,22,1,1,1,BFC
6d7964a722afc8e4f880b947f174009063028c99,7,9,0,1,BIC
92e5aae457787d0bc6b255200d2fb116edf69794,0,0,0,0,BFC
739f79fc9db1b38f96b5a5109b247a650fbebf6d,38,4,13,3,BFC
62cccb8c8e7a3ca233f49d5e7dcb1557d25465cd,7,36,81,12,BIC
d2896116dbc7be7cabd5db414e008aef4a5e0a00,0,0,2,1,BFC
d314ac222829c4e5cf7c0f505f207cb8848e0b8f,60,107,1,4,BIC
64f09f00caf0a7cb40a8c0b85789bacba0f51d9e,21,0,1,1,BFC
699a2d5b1b880b4e4e1c7d55fa25659322cf5b51,0,0,1,1,BFC
5f8a4db715ca21c3195b5eea24e26574c0f5acfa,1,0,1,1,BFC
a120d9ab65354727559b9db75ded8071b7ef19e2,0,0,1,1,BFC
83f18a557c6d6cdc03c7821e0b596c8f8b7bdb9f,1366,8,14,6,BIC
401481e06099533892b3d8f1db498cbc480b5b24,3,1,1,1,BFC
121622dba8da9c709b72d801eae7664fa7da7c36,5,0,1,1,BIC
1898d4e404a5f0095071fa3ae178a1d066360fbb,6,0,4,1,BFC
9db85f33c0d724ce9251ad80dff49aa7bdbd95af,15,4,33,1,BFC
d36d36ceac11e514f1c313ea6ca7568e2463b6f2,2,0,0,1,BFC
7f3b39dafc6234dc1565fafe6adb15a6c4932182,0,0,6,6,BFC
a2e8da9378cc09e2e922a0b3d481bd9d07c3d245,30,9,0,8,BIC
eac2c68d663effb077210218788952b5a0c1f60e,0,1,1,1,BFC
acc8b31665b4cc17b35c4fa445427f7e2f6dc86b,0,0,1,1,BFC
ae2b27b859a144f503d382580320873c0beb09c7,1,1,1,1,BFC
f3621a8eb59a913612c8e6e37d81f16b649f8b6c,2,0,0,1,BFC
d02fd93e2cd800fa944bf775ec97deac45fe9923,19,0,0,1,BIC
30c6d7ab92d9384ee258d9aae0766244e44d2646,0,0,2,1,BFC
cf5c9e6dc70d9d8af00ea45b4ebd67e1fc35764e,26,0,0,1,BIC
8a0d53ce10053ce39b9512a054ab4c0bef2e2cc3,1,2,0,1,BFC
01c85629f5e99958606da816f1df058c0722a570,0,0,0,0,BFC
0c4a5bcea4609948375173cdea8d73783110a75e,52,5,18,4,BIC
cd55a1fbd21a820b7dd85a208b3170aa0b06adfa,0,0,1,1,BFC
f2f5c0610fbc251b127a6fffda6c651288695430,39,14,1,7,BFC
7edaeb6841dfb27e362288ab8466ebdc4972e867,68,0,0,3,BFC
58687acba59266735adb8ccd9b5b9aa2c7cd205b,614,7,7,7,BIC
e8f241893dfbbebe2813c01eac54f263e6a5e59c,6,0,2,1,BFC
1e2a7d78499ec8859d2b469051b7b80bad3b08aa,19,3,2,2,BIC
4dd6a9973b8aaffac4bf37c5bb70e8eae5a7afb4,2,0,0,1,BFC
52835d59fc6cc7f3c3cfdb4a194ddc9ebd6c0c31,202,0,0,1,BIC
1464d0b1defe421aef8c8877e19c7ae011e32eb9,2,0,0,1,BFC
4055dc75d6b51c23602b11c6f716e59b8947ffbf,0,5,1,1,BFC
142bc7d99bcfd17a9bc66b46eb1b5d1b93364549,77,0,1,5,BIC
0b36f2bd28d040acedb52f4327eb2441afe4f514,8,0,3,1,BFC
d42fe63d58392f29e82e17c02f10e8cd3f45f17f,41,22,32,1,BIC
ed993c6fdfa7734881a4516852d95ae2d3b604d3,4,0,0,1,BFC
e9d8a0fdeacd843c85dcef480cdb2ab76bcdb6e4,1,2,1,1,BFC
920d13a884c0595451658a7b48af8ac16918628f,14,10,12,1,BIC
2262a65f0bcdfe372b088d20c325c1987cec4332,3,0,0,1,BFC
c40bc54fdf2d52a80f66b365f1eac9d43b32e107,0,0,0,0,BFC
3faa1bb2e89cebd8ee0a2260ba770660a2862650,0,0,0,0,BIC
8204f8ddaafafcae074746fcf2a05a45e6827603,11,10,0,2,BFC
90e2b22dee908c13df256140a0d6527e3e8ea3f4,27,0,3,2,BIC
d6d4fc6fefda26a88eb99d30e87a8834c59c144a,0,0,1,1,BFC
017037ff3d0b11842012878a546fe2df47822259,87,23,5,1,BIC
98529b9272e06a7767034fb8a32e43cdecda240a,4,9,3,3,BFC
2a5708409e4e05446eb1a89ecb48641d6fd5d5a9,88,13,10,3,BIC
c712bb58d8278465b1a91f362a08f5c79ad077e4,14,0,0,1,BIC
976d28bfd1f62a3f8e5370c5e7127ff5b3499359,1,0,1,1,BFC
1ab2de2bfed3ab2073ed1e7afa2b1134930d2b70,0,0,1,1,BFC
f5a5d8b417fbe8d94df962d40431c8217a8798aa,0,0,0,0,BFC
0f0b21a83ad2285cd14082c7cfae57a0288dd813,0,0,0,0,BIC
fd07a62d58c16b1fdd46f4099791c5bd242908c3,1,1,0,1,BFC
788ff4b6cfd90fcd9608beccec9c5ed1ff8c4041,13,2,0,1,BFC
0ae797a8ba05a2354db5e81c1d7df04671dd1c25,432,0,0,5,BIC
18b3f5ac6b55f5f3f60723a58f14ec235a5b8cfe,0,8,0,1,BFC
3f09b8d2ea9940041557fffd55244da5bc434a99,0,0,0,0,BFC
be9bac020cacd0cdf758b4a6d847a0ba835475b9,0,0,1,1,BFC
c4aee3e1b0de8e732fafd0d13e75ab7bdbc606ef,51,169,20,2,BIC
711bd207a233141308d0aea0d2e286ee6b4b23cd,0,0,2,1,BFC
c3a937bbdd91618ede7a582fe5c0d21d5722c3fa,0,0,0,0,BFC
4dad6dcdae7bdfb21377b6bccd13c51e70124970,0,0,0,0,BIC
1c422b4c501ec329802a5d00f664821d3b58e11d,0,0,0,0,BIC
ee7b1f31200d9f3cc45e1bd22e962bd6b1d4d611,2,2,2,1,BFC
9a6d7298b0833614c411f774c46514efb1bd5651,10,0,3,1,BIC
c80267324938a5517fd31fa4bbd2d63c564401f9,7,2,1,2,BFC
b836439faf04b16c80ffd9a0699a2354ebde13e1,164,15,36,2,BIC
6bdc9c4c31c81688e19cb186d49be01bbb6a1618,12,1,0,3,BFC
cf56e3b98c5358883c8df5ed8e04661481225a8f,3,0,0,1,BFC
d978db8dbebb60a51492da966689dfc0c9216c44,0,0,1,1,BFC
2572ac53c46f58e500b9d8d0f99785666038c590,49,37,76,32,BIC
494bea39f3201776cdfddc232705f54a0bd210c4,4,0,3,3,BFC
ccea74457bbdafe33dce8bffcb5cb183aeb5f2bb,32,5,5,4,BIC
47ac5484fd961420e5ec0bb5b972fde381f57365,0,0,2,1,BFC
db5980d804d7158917ad4b9186c78b2a3f1db4ef,0,0,2,2,BFC
47f078339be902e97d0ad828ca1d614a5a95334b,0,0,3,1,BFC
b93ad9a067e1515af42da7d56bc61f1a25075f94,0,0,3,1,BIC
c7b725be84985532161bcb4fbecd056326998a77,8,0,1,1,BFC
79db795833bf5c3e798bcd7a5aeeee3fb0505927,0,0,0,0,BFC
1b4af13ff2cc6897557bb0b8d9e2fad4fa4d67aa,0,0,0,0,BIC
870201f95fcbd19538aef630393fe9d583eff82e,1,1,0,1,BFC
b9f27afbc0b8c664c083def0319050466de9621a,0,0,2,1,BFC
d4ba61d218822578dcf6c2453a38e000b0ea01e6,0,0,1,1,BFC
ee30f7d507c0f3b3499bbe84d14849a6b5ac9484,4,3,7,3,BIC
5b59a3969e95cd9be3699ecf7149ae8ef103b6f5,2,0,1,1,BFC
31c1a7b8f966470ce136710a95afcf5822fecef8,0,0,2,1,BFC
ff15947e0f02ceccfffa8f342472765404d161b6,0,0,1,1,BIC
7c648bde211baeda7a029bd6be4957e8be48d8c9,6,3,3,1,BFC
bb1d132935c2f87cd261eb559759fe49d5e5dc43,15,0,1,1,BIC
211b7aac5443d347ff7b6dabf54702b40228cfaf,0,0,1,1,BFC
90198355b83c79e2158ec591085858b191f08502,181,0,2,5,BIC
a7d2e03928c1936004750c56faf7534c8534f875,16,1,0,1,BFC
acf58d4e965d40fc014252292b0911b4c9fe6697,0,0,2,1,BFC
b5273d72750555a673040070bfb23c454a7cd3ef,6,3,3,1,BFC
6c6b5a39c4bf3dbd8cf629c9f5450e983c19dbb9,2,0,0,1,BFC
b382a324b60f4923e9fc8e11f023e4f493c51318,97,41,28,3,BIC
2419672f4c96ca678a95d0f733f44d3ee036b5c8,2,0,2,1,BFC
3dfeb631a15db17f187f1e5cc522207f46506611,70,24,15,1,BIC
3c612d2c1059c87c02966a73cddbf7678f5a935e,3,3,6,1,BFC
30cd1c462da97c308d8f5fd82202368a5ac15214,1,4,1,1,BFC
ae03c4ececa5f5b79aeaae1df8a6072d98f0a31f,0,0,5,1,BFC
67c836b85d8fb755f769977aa3a3060e88eb156d,0,0,18,1,BFC
bad7cc19f2d7c4aafd185ad5ee29082385449355,0,0,2,1,BFC
eada11ac23438d368fd431eb8e902caa96b80902,0,0,3,1,BFC
712f36fbb7738a60df0622e950726b6977dd41f3,0,0,1,1,BFC
50d83156e84ee5112fa07a0033eef4e58110709d,0,0,1,1,BFC
5a69aec945d27e78abac9fd032533d3aaebf7c1e,2,1,1,1,BFC
72cd7b44bc99376b3f3c93cedcd052663fcdf705,1,3,0,2,BIC
42819eb7a0957cc340ad4ed8bba736bab5ebc464,0,6,0,1,BFC
88a5c690b66110ad255380d8f629c629cf6ca559,29,3,1,1,BFC
0e405232871d67bf1b238d56b6b3d500e69ebbf3,1,0,3,1,BFC
61deee962896f7eb547adc66ef09c8f1e7ddf7d7,5,1,1,1,BFC
0a2ab4d988d75a42f3997343d1f0a767b9fdec3d,2,0,0,1,BIC
7324157b8af19ff797b550b7b1543aa1c9c07b48,0,0,1,1,BFC
325d5dc3f7e7c2840b65e4a2988c082c2c0025c5,3,0,1,1,BFC
898904226b5a6dee657f23cf51e385f50da22596,8,0,4,4,BFC
187e5b3ac84d3421d2de3aca949b2791fbcad554,4,2,3,1,BFC
3fb07daff8e99243366a081e5129560734de4ada,29,7,16,5,BIC
df9a21f11f14e393ca48689e1d4b596c4d9200e5,0,0,1,1,BFC
b5f3e0d430122a551cbc2b88068dae8b2c2c0031,16,2,2,1,BIC
3c60e01a12461c89db2349b95c77c9eb36fdd439,1,2,4,1,BFC
90634e8540790461a55450595d5b49cc1854f616,22,12,2,1,BIC
c8a827285c33e7a19e81dfbff2740e1e67ca42df,0,0,0,0,BFC
3521f3bc9dae4a79cfb9cc9ffcf6d961bbb7cbac,0,0,0,0,BIC
7612b3b28c0b900dcbcdf5e9b9747cc20a1e2455,8,0,0,1,BFC
fad214b0aa726ee21adcac4308d388efcb89d6bd,19,13,13,1,BIC
2ce3f5dcdf2787e2bd777ddc3eaefd370dc6c050,0,0,1,1,BFC
98a7f88ce9a9ed26cea939558f33e3d483cfb4f0,45,19,1,3,BIC
2db93bea4bba79d35ac4576d4acef2101a62288d,2,0,0,1,BFC
da4b02750a9fe1d1c4d047d14e69ec7542dddeb3,18,19,11,1,BFC
879dce79531ea82f78d662c4651be07761c6e41a,0,0,2,1,BFC
a8f83aefcd5a5ec6e420077946d88833a594eb42,40,0,0,1,BIC
c5b3955828baa4d7ae44ec075529d66fa7bdf903,55,0,0,1,BIC
d683878dbeab3cd5cd073e40b41f24a4c7f62415,0,0,1,1,BFC
d5553c26198f0eea3e6f1d13c51cb548a0a4f260,0,0,0,0,BFC
2d7a548a3eff382da5cd743670693b7657327714,835,0,0,1,BIC
d05d7f40791ccbb6e543cc5dd6a6aa08fc71d635,0,0,0,0,BIC
3fc9d690936fb2e20e180710965ba2cc3a0881f8,0,0,0,0,BIC
3280d66a6363af0df0441709bc0bc302bd9a2510,0,1,2,1,BFC
1ad43c0078b79a76accd0fe64062e47b3430dc6b,5,0,6,1,BIC
2926a2aa5c14fb2add75e6584845b1c03022235f,22,0,15,4,BFC
0a445945be6d10c5e6fd5599a27e43b6a7fdf14d,30,0,24,1,BFC
b5565a2efc12e2cc04081a6de79ff537a530d64d,5,1,11,2,BIC
14a8d4bfc2102f85ce097563d151370c91c1898a,1,1,0,1,BFC
b8b9c974afee685789fcbb191b52d1790be3608c,18,1,6,1,BIC
a0ffc51e20e90e0c1c2491de2b4b03f48b6caaba,3,0,1,1,BFC
d34f20d6e2f21bd3531b969dc40913181a8ae31a,364,2,2,6,BIC
5b6c133e0801007117cf4a466cb56de86e186138,2,2,0,2,BFC
de3b87611dd1f3c00f4e42fe298457260ea781e0,33,3,14,5,BIC
0152b29c89650654abf4f0e96bbf2566b85ae55d,6,0,3,1,BFC
fa2016a8e7d846b306e431646d250500e1da0c33,0,0,0,0,BFC
d59814a5b4852442e1d03c569a4542f8b08356a7,0,0,1,1,BFC
7e1d90f60a0d501c8503e636942ca704a454d910,8,9,6,3,BFC
4842e98f26dd80be3623c4714a244ba52ea096a8,19,12,1,1,BIC
8fac365f63c866a00015fa13932d8ffc584518b8,4,0,0,2,BIC
42b7305905be52e467bbc346b0f2f95ad44eb1a0,2,3,2,1,BFC
b65ac44674dd9c9c1ad11ebb3ec9e8882990bdb4,96,4,7,1,BIC
fd851ba9caa9a63fdbb72a2e6ed5560c0989e999,2,0,0,1,BIC
e5645f51ba99738b0e5d708edf9c6454f33b9310,1,4,4,1,BFC
36f41f8fc6d8aa9f8c9072d66ff7cf9055f5e69b,5,1,21,1,BFC
ba51b6be38c122f7dab40965b4397aaf6188a464,0,0,23,1,BIC
539a06baedd06127389b254f6b9f016ca072da13,3,3,4,1,BFC
0116ced91d3a70d386968a3bf3255208db958b75,0,0,0,0,BFC
03274850279c8da86358adfdad1422a850b066ac,0,0,0,0,BIC
f1c0b7e448b9e66dd9a7343bab58a3d3a477e104,1,0,2,1,BFC
5afe0e62a548a0aa7d2095a98530b68f3d2c64e6,1,0,0,1,BFC
2c87d63ac853550e734edfd45e1be5e5aa44fbcc,1,0,1,1,BFC
ba52d61e0ffbb8538d5f07071d38a78afb920176,3,2,1,1,BIC
781cc76e0c2469cb7ac12ba238a4ea006978e321,7,0,0,1,BFC
221fe7994554cc3985fc5d761ed7e44dcae0fa52,38,18,2,5,BIC
430ffaf46c05bda56535893f38e684f5418c4c93,5,4,3,1,BFC
f9326be5f1d3ff2c689de8a1754bdafd03879b58,15,76,16,5,BIC
e8a9c58fcd9a5081f71f57f370af1347ed6a310b,128,194,23,14,BIC
7eceb9d04966435ed2d03f5554413715ab3cb34a,0,0,1,1,BFC
cf54ca8bc5674049889d208131cb1b0e15161a2c,177,2,0,3,BIC
1dd7a3e7af70ebdd0cdd937b180726d15a4f0948,1,1,0,1,BFC
c7ae7e9ab2078ed987903bc6c308abe57d575a59,0,1,3,1,BIC
a0125a932e917cb507b682cb66645efdca1f8cab,4,0,0,1,BFC
20fe17aa52dcafd3bdeb9e37281d027b0c1c5a15,0,11,0,1,BIC
26a72e8a8d0707f1d49133a19c027a3af9fcfdcb,0,1,0,1,BFC
90f4fcd56bda1f52381bbd5034e8fb32688e779b,0,61,0,4,BIC
97154ec242c14f646a3ab3b4da8f838d197f300d,7,0,0,1,BFC
7f5d6dac548b983702dd7aac1d463bd88dff50a8,2,0,2,1,BFC
beaf5af48034c9e2ebb8b2b1fb12dc4d8aeba99e,207,41,4,5,BIC
17a512486bab646109770f6577396810e83acfbb,1,1,0,1,BFC
15381bc7c7f52d56f87c56dd7c948ad78704b852,56,0,0,4,BIC
f547b3de907d45683fc4ff15315e11cb0a3df32d,1,0,0,1,BFC
56d9e4a76039afd504919cc5ec329fb0ce35812f,321,0,0,1,BIC
98c01b19b85d8d87927e8cfa09c4a2a14add9ba2,0,0,1,1,BFC
7a4228bbff769ebf449981a4248616db9f0cffec,3,0,1,1,BIC
48e43b3e895fc6115f3c525a33d91666e58aad14,3,1,0,1,BFC
f9367793293d2262460942b0a4904c21857a1a8b,4639,0,0,1,BIC
bba2e8712602e2d8192f748f588910d1534e4baf,2,1,2,1,BFC
cbff0c4d27f4f4b7dc11d137d51ac7b139a94d50,1577,0,0,3,BIC
e3829d15460feb884805012c72ec4a17402822eb,3,0,5,1,BFC
aa543888ca8c033a7f06499b93cdfec84ad6ab27,10,7,4,2,BIC
3f13b6a24f192da3096389b82202f16eff2c11ee,0,0,1,1,BFC
90b05b0598c698252d5f7dcdce335c5a546e9047,6,0,2,1,BFC
0e9a5edf5d01356fa4a561772a25d97b3fd13de6,12,0,2,2,BIC
32aaf194201e98db4235b7b71ac62a22e2ac355f,4,2,0,1,BFC
daf8328172dffabb4a6b5e1970d6e9628669f51c,14,12,12,1,BIC
b80b32b6d5e79798b85cd4644206aaa069059390,4,1,1,1,BFC
2df2c3402fc81918a888e1ec711369f6014471f2,4,3,2,1,BIC
b3376dcc6c62452fe24e76d8fc35bb13eb7ee178,0,0,1,1,BFC
ab2675d6acec03aec4a866f7d293fdbcd77d2be1,0,0,0,0,BFC
968159c0031ac1e07ab4426397e786c9c483f068,0,0,24,13,BIC
8df4b0031067758d8b0a3bfde7d35e980d0376d5,0,1,0,1,BFC
b4576de87243c32fab50dda9f8eba1e3cf13a7e2,0,0,1,1,BIC
163616cf2f6ab7a8e37452ec00320039ab65bd45,0,0,1,1,BFC
f944b5a7aff05a244a6c8cac297819af09a199e4,8,11,2,5,BIC
e9bf53ab1ee34bb05c104bbfd2b77c844773f8e6,2,0,2,1,BFC
d86e63e1f0b7868c55c8d4a54854b85e2bac690b,0,0,0,0,BFC
4e36de179f27d1017e60e25e429f50ed8382f195,0,0,0,0,BIC
11e9d7829dd08dbafb24517fe922f11c3a8a9dc2,1,0,3,1,BFC
b5bf0f5b16b9c316c34df9f31d4be8729eb86845,5,0,1,1,BIC
3be6bd690da0dafa55eb65279fb25297fcfe19d5,4,0,0,1,BFC
7f07ec0fa17ae6b4acf031d4c20a7da4f3fbc407,834,0,0,1,BIC
7576750f036b5ec913aac2a165ce75ab3b7beee3,2,0,0,1,BFC
08426eda58e07af44aac7c9900ec8a6a62e16b2f,820,0,0,1,BIC
ed562b2f39244d8ffdb3abe3875facc87e6a7223,0,0,0,0,BFC
12124bea5b82dc1e917304aed703c27292270051,5,4,3,1,BFC
4303741f99d617c1fc3c9069195d3d620c2f88c4,0,0,2,1,BFC
23cde4d65cc7d11e2048d2b240cdf13927ac50d0,114,1,39,19,BIC
dcdb0a78cab39efbfa00f005fd2691a07335f41e,80,0,0,4,BIC
ef0bc2e83966b5aed055acb6d16a3788de5205f4,0,0,2,1,BFC
931878405b869093c90d57a0a34f0c2b3641c4ea,78,2,5,4,BIC
e039e2f5b4dab9a90bb5441a154c01a051b1abfa,92,1,3,4,BIC
c44245b3d5435f533ca8346ece65918f84c057f9,0,0,1,1,BFC
bd169565993b39b9b4b102cdac8b13e0a259ce2f,89,1,26,2,BIC
2ed46ce45ec02f6b2188419acdf372a144e06fb5,2,0,0,1,BFC
f96da09473b52c09125cc9bf7d7d4576ae8229e0,150,136,59,5,BIC
bb3afda4fc4ea690ff92a36eef4c0afe4d19da04,0,4,2,1,BFC
948faa46c05b5fb48f0bd39df426596197fa5d7e,277,0,3,4,BIC
9537e7cbf20787416b25833f2f9886166d8148f2,0,0,1,1,BFC
ad729bc9acfb7c47112964b4877ef5404578ed13,7,0,2,2,BFC
c4adfc822bf5d8e97660b6114b5a8892530ce8cb,7,3,7,1,BIC
d18c2a1b159d107e341206500747dceabe8501fb,0,0,1,1,BFC
50946c89850db13bd672c664aec6cf4551f71fe9,0,0,1,1,BFC
8a9d6e964d318533ba3d2901ce153ba317c99a89,0,0,0,0,BFC
adb4f11e0a8f4e29900adb2b7af28b6bbd5c1fa4,0,0,2,1,BFC
6acc71ccac7187fc0ef85f10bd09c2058f21fab5,32,5,18,2,BIC
28765bf263fcfef2f1508d603a7171b8263a3d68,0,0,0,0,BFC
e8210cefb7e1ec0760a6fe581ad0727a2dcf8dd1,0,0,0,0,BIC
aac64f7de999d5a7fff55f49434fdd87df919829,1,1,0,1,BFC
b89b41d0b8414690ec0030c134b8bde209e6d06c,17,7,0,1,BIC
bf4d1a83758368c842c94cab9661a75ca98bc848,13,7,18,2,BFC
12b25729a194198e3c4289adaddc4115b10b094e,0,0,3,1,BFC
2406b296a3a80ba1c78707f205556f2388d474ff,0,0,0,0,BFC
4d3a869333b74352c372077f316756d38cae09b1,0,0,0,0,BFC
0181307abc1d2eb2a0dead93870bcffadddb827c,0,0,0,0,BIC
7640d91d285893a5cf1e62b2cd00f0884c401d93,12,11,6,1,BFC
02507a80b35edd720480540d917e9f92cc371009,36,39,17,2,BIC
5d4a3d0a2ff23799b956e5962b886287614e7fad,3,1,1,2,BFC
9cb78c16f5dadefd8dc5ba0ae5a2f26cd59419b3,57,48,381,86,BIC
fdb7cee3b9e3c561502e58137a837341f10cbf8b,4,0,1,1,BFC
8a36e4532ea10471f0a8605207d071361d7be2c3,1249,387,47,8,BIC
2e261af84cdb6a6008a9c361443e35ea646ec683,60,32,7,3,BIC
250a1352b95e1db3216e5c5d4f4365bea5122f4a,75,208,57,5,BIC
1a5d999ebfc7bfe28deb48931bb57faa8e4102b6,4,0,2,1,BFC
9fe5d2b2fd30aa8c7827ec62cbbe6d30df4fe3e3,1,0,7,2,BFC
975171b4461be296a35e83ebd748946b81cf0635,8,0,3,2,BFC
aceeffbb59bb91404a0bda32a542d7ebf878433a,94,3,10,2,BIC
2c55b750a884b86dea8b4cc5f15e1484cc47a25c,50,167,35,5,BIC
a099b7b1fc1f0418ab8d79ecf98153e1e134656e,4,0,1,1,BFC
553448f6c4838a1e4bed2bc9301c748278d7d9ce,249,1828,146,12,BIC
71b8e45da51a7b64a23378221c0a5868bd79da4f,1,0,1,1,BFC
ef3eb71d8ba4fd9d48c5f9310bc9d90ca00323b4,178,23,7,9,BIC
aac2fea94f7a3df8ad1eeb477eb2643f81fd5393,12,4,18,1,BFC
c7ab0d2fdc840266b39db94538f74207ec2afbf6,29,31,108,2,BIC
d041353dc98a6339182cd6f628b4c8f111278cb3,8,0,2,1,BFC
af54aed94bf3a1cf0b847bbbf00f9a58e278b338,0,0,1,1,BFC
bb01b64cfab7c22f3848cb73dc0c2b46b8d38499,0,0,1,1,BIC
16af97dc5a8975371a83d9e30a64038b48f40a2d,15,2,11,4,BFC
20841405940e7be0617612d521e206e4b6b325db,62,0,7,8,BIC
9eeb52ae712e72141c4c1d173048a606ba8f42f6,2,0,3,1,BFC
1203c8e6fb0aa1e9c39d2323607a74c3adc34fd8,9,11,6,2,BIC
d507e2ebd2c7be9138e5cf5c0cb1931c90c42ab1,1,0,10,4,BFC
385386cff4c6f047907655e05791d88198c4c523,7,8,12,7,BIC
4ae2bd4b3ada3dfd80ca8110b4f567752966ca1e,1,3,0,1,BFC
e5f8efa5c8bf86c1fa698551d54db8f6aee221fd,402,0,0,2,BIC
7ea1adf30f82a4c0910524ac06f8f1f26281bb23,1,1,0,1,BFC
260d9f2fc5655a2552701cdd0b909c4466732f19,0,1,1,1,BFC
0cb64249ca50033ec22e63582837f94202c63d9f,7,0,0,1,BIC
90d41e74a9c36a84e2efbd2a5b8d79299feee6fa,24,2,6,1,BFC
bba3a87e982ad5992e776ca1fc409326915d6b44,34,0,7,2,BIC
e44565f62a72064e686f7a852137595ec94d78f2,3,5,2,1,BFC
5b029624948d6864053166da1263df74c0c443df,12,33,3,1,BIC
84a095e41398efdb245e99cb811bcc0bc24fa504,0,2,0,1,BFC
40f75ea466b424ff7a8a24e626b97da52387d210,1,2,0,1,BFC
caf5ef7d15c511bbef691d0931adad56c2967435,0,0,2,1,BFC
d50e071fdaa33c1b399c764c44fa1ce879881185,35,0,1,5,BIC
c27927e372f0785f3303e8fad94b85945e2c97b7,5,0,4,1,BFC
85f1bd9a7b5a79d5baa8bf44af19658f7bf77bfa,3,0,7,3,BFC
e89e9cf539a28df7d0eb1d0a545368e9920b34ac,300,0,6,8,BIC
8caa38b56c56ef48af48f8c70fcd7cb4580e0c24,6,0,0,1,BFC
6853dd488119a42d01ad994060dc10b95c687c76,52,43,13,1,BIC
d38a65125f93b2fbd17cd37ccc5ec0f0b799cc55,5,0,1,1,BFC
019a316992ee0d9832b1c480c899d6bdf2a0a77e,12,0,1,1,BIC
8515ae38435895ba2862840d3e82140fc0a77554,9,1,3,1,BFC
5c2bb9b6e27d9207c2e12b9cdb6bfc171afa663e,0,0,2,1,BFC
e1fa6d216dd134c7fca6dc5f0a10553c36503901,2,23,2,1,BIC
377cb248840907adc407324b4d23f97b3ee70c98,0,0,1,1,BFC
a008873740a3d44946c7e72e456f15146cfd7287,1,0,0,1,BFC
deac7fc1c87f24099d7e15d8b662446497f57465,15,3,0,1,BIC
fdf6e7a8c96ebe115b6460768c82dd136ecbd8db,30,6,1,1,BFC
dbd2b826723319eb6e4bee5214f8901e336c06be,74,0,1,1,BIC
213691c7e873206742b39751895d15b41a02b3d1,18,17,1,1,BFC
701172dca15ba9860ba73d3e18082fbd2a78f2c9,4,3,5,1,BIC
90de9634a5d57b92d8af4ec23aa2c9b297ec8168,0,10,0,1,BFC
3522bf7bfa248b99eafa2f4872190699a808c7d9,10,1,1,1,BIC
88a19814de71aafe4de4868e1e13cd8b9a06a861,0,0,1,1,BFC
4d023737b2efcaac36e4e6bbfdce3a3b377f3946,2,3,1,1,BIC
6f38f125ffc4d87768129644fb485eca7382f0b1,0,2,1,1,BFC
5884e17ef3cb3dac2e83e466246cf033bfba0e2f,47,7,19,1,BIC
64531a3b70b17c8d3e77f2e49e5e1bb70f571266,1,0,1,1,BFC
147277540bbc54119172481c8ef6d930cc9fbfc2,25,0,4,3,BIC
d197f7988721221fac64f899efd7657c15281810,0,0,1,1,BFC
c2743a36765d337fad589b5c30b47c297a207194,73,0,3,1,BIC
93fc5ca9a0048c17b47582051940bfdcb516f9f2,0,0,9,2,BFC
34922527a2bcb36bee9b4e9b813cf7af1e4ada1d,55,0,0,1,BIC
70a7e720998d5beaf0c8abd945234e065a49336b,27,24,10,4,BFC
efe881afdd9996ccbcd2a09c93b724f4ffc25991,40,32,1,3,BIC
75eb767e4c417379abde72435c50f25c454f3099,0,0,0,0,BFC
1a367063ca0c1c6f6f54b5abd7b4836b0866a07b,32,21,0,1,BFC
943db62c316c578f8e2cc6fb81a5f641096b29bf,35,13,2,1,BIC
af79ded44b7c5eee46b433a9269fcf899372225b,3,1,3,1,BFC
39358a033b2e4432052265c1fa0f36f572d8cfb5,408,7,6,5,BIC
a030d7381d8b3adabde724e3077bb6cb32d1b3ee,24,24,0,1,BFC
536bd00cdbb7b908573e5a93bae67b64cbae60d8,7,0,1,1,BIC
bfe334924ccd9f4a53f30240c03cf2f43f5b2df1,0,2,12,3,BFC
1e0fb9ec679c9273a641f1d6f3d25ea47baef2bb,16,0,0,2,BIC
21cfa0e96d1d521bec4e2f22a19437080e1357e7,47,0,0,1,BFC
5d7bdeb1eeb250222304cb7b8126892cc47980a8,16,0,0,2,BIC
1c78f7735b2bdd0afbe5d14c5c8b6d8d381b6f13,2,6,5,1,BFC
56a9155074b4d23aa07a98c35c6f107dd50a9367,0,0,0,0,BFC
96219b00486538853214fd9ba67576e1ce4e4607,0,0,0,0,BIC
dff751c68904cf587d918cfb6b2f5b0112f73bc9,0,0,0,0,BFC
97023943749367111b9a88e09d1b9bd157dd3326,0,0,0,0,BIC
7dc88d2afb6e5c6bd6bbedc394eb43c1e3114bdd,0,0,0,0,BFC
96d9703050a0036a3360ec98bb41e107c90664fe,1,1,0,1,BFC
1714020e42b17135032c8606f7185b3fb2ba5d78,7,6,0,2,BFC
dcd87999d415d39cf2ae510bfed6b8206d778e1c,14,6,0,2,BIC
50ddfbafcd1e1f95185dfaa4ad794f742b0beaf8,4,0,0,1,BFC
f86e28c4dc8d475cb82ca8d018daaa1564534aad,1,2,1,1,BFC
c775d2098d35bd130a883bbdf6af9401a8c4cb2d,3,0,1,1,BFC
0a4a060bb204c47825eb4f7c27f66fc7ee85d508,5,0,2,1,BFC
ccaffff182027078e9443d912b5af461850965f4,2,2,0,1,BFC
a91dbff551a6f1865b68fa82b654591490b59901,54,0,1,3,BIC
88c5f476bac964eb96e751b004f5684c90629eab,4,9,6,3,BFC
f4ca70ef931fc7191d6de2feedffb81eccec1982,4,13,2,2,BFC
4c9706dc2f29b678b8b48ddf900854724a54cd63,26,5,0,5,BIC
0bef1b83d35566e9bc757469c823c126862a65d3,6,0,0,1,BFC
00f481bd895a826058d301b3093e86e819497b51,86,34,0,2,BIC
e0936c3471a8411a5df327641fa3ffe12a2fb07b,0,0,3,1,BFC
1f8754d4daea5f257370a52a30fcb22798c54516,5,0,0,1,BIC
7ba190be873a86b2b90a25daca93ca1ced6c4423,0,0,0,0,BFC
cb87481ee89dbd6609e227afbf64900fb4e5c930,24,10,2,1,BFC
b67067f1176df6ee727450546b58704e4b588563,38,21,42,4,BIC
46cecd130d553f7340d033a4019839e9c018200d,1,0,2,1,BFC
2848e039c562a5278cd2ebc5b005c0f1a381b34e,10,0,5,1,BIC
81993e81a994504f4c8b97d3410c9a052cdbcc9d,33,55,42,7,BIC
aadd41485bb227a16f964833a4fd55c091f4a729,0,0,1,1,BFC
7310d5c8c55e8987a854507f71022f8de676bbf4,0,0,0,0,BFC
ac360faf955125d362128835e479da0e2646b341,0,0,0,0,BFC
d634baea628af60d20a82db911b9dc99a5f16244,2,1,0,1,BFC
6ba46c7d4d7e2b4f38c9d9891dee4ba1f5338f31,33,13,21,2,BIC
8861249c740fc4af9ddc5aee321eafefb960d7c6,0,0,1,1,BFC
b82ce24426a4071da9529d726057e4e642948667,0,0,1,1,BIC
28389575a8cf933a5f3c378556b9f4d3cce0efd2,0,0,3,1,BFC
0f987e25cb8a9c23bfd70942a580c2698444e4b4,12,14,0,1,BIC
3f8b23a09a87aa65df3e13129cb2d9cffcb394db,2,0,0,1,BFC
7c84b8b43d3d550fa6f0b57277d03f2e1bafb357,1,0,0,1,BIC
09c2a7dc4ca2755892b74858fe3bf62b652ff9d0,0,0,1,1,BFC
9b0aa14e31555b64460c1ee323d0e19bf891958b,5,1,5,2,BIC
36ae4f3aafe7768d00510a18e5ad17a55a4849a5,0,0,1,1,BFC
1afb0ae4217423f7864cba0684362de99782fa4e,55,0,3,6,BIC
503ab8c56ca0ffc64a60f192751f4ce33bbeb9e8,126,0,0,3,BIC
7f5770678b2d0cc8f3ffbf7eb73410f2acba7925,0,0,2,1,BFC
a600852a9d00be08c539307a42729fd46b0a654e,5,3,1,1,BFC
24afba7690e49714795a1e8ee25e617ea0fb566b,469,4,12,9,BIC
8d63bee643f1fb53e472f0e135cae4eb99d62d19,0,0,3,3,BFC
b2504a5dbef3305ef41988ad270b0e8ec289331c,7,1,2,1,BIC
bbae08e592706dc32e5c7c97827b13c1c178668b,4,0,1,1,BFC
3df3ba2d4dc12be2788f9d6ec6943ba3eccb7add,4,0,1,1,BFC
51ce3e2145cc3927c9551b8c3623610114b41651,0,0,1,1,BFC
69a60b0579a4bf63871dfcfaca44a4e20c7d05f8,20,21,1,1,BIC
0a0e1a85c83775a648041be2b15de6d0a2f2b8eb,6,4,4,1,BFC
8ba60924710cde564a3905588b6219741d6356d0,4,0,0,1,BFC
19f6d3f3c8422d65b5e3d2162e30ef07c6e21ea2,102,2,9,9,BIC
ec0acb09313074ba1a4976945791d9c6815f39fb,4,4,6,1,BFC
ecb2421b5ddf48e6e116fced7f74c985bb546138,49,33,9,15,BIC
7b83f52047e8a3d551a9495b0267df5d0754c5bf,17,37,11,3,BFC
e718fe450e616227b74d27a233cdf37b4df0c82b,9,2,9,1,BFC
f8c6455bb04b944edb69e9b074e28efee2c56bdd,134,0,8,7,BIC
2691cb4e42063ff3960d4f502b6031914aad38bf,0,0,0,0,BFC
ed75d6a969056cc8f5dd2df3af6c75b792b9116b,0,0,0,0,BIC
fb95992af1d779806da9a380b14f76ad13764c2f,0,0,108,6,BFC
83753117f1de4f6ef7588fac9545065eed1e85e2,146,0,1,5,BIC
97ee731da8dc83e98db06848c6f27188613356ce,0,1,0,1,BFC
656fa22f9ceabbae74ea4628dd02d297aa07104b,15,129,5,1,BIC
2cbf59fd9026ac82b1c7429bb0de930a42d82063,0,3,0,1,BFC
ea46708f079d031f9e356b71a493940fd13fc2cf,0,2,0,1,BFC
8bcd3dd417660dce8cf38a731a888f09e8028190,135,2,2,2,BIC
a1ffc2d25ae98878f37445d223b3344686b5c822,0,0,0,0,BFC
f47e07bc5f1a5c48ed60a8ee55352cb4b2bf4d51,0,0,0,0,BIC
51d96dc2e2dc2cf9b81cf976cc93c51ba3ac2f92,0,0,1,1,BFC
eecabf567422eda02bd179f2707d8fe24f52d888,37,15,2,1,BIC
d06bfd1989fe97623b32d6df4ffa6e4338c99dc8,13,2,0,1,BIC
180efde0a3f43dbe533e4be203c2918793482d4e,0,0,2,1,BFC
2b5bebccd282f2527d17ac90cf3ad0d486dd89d8,6,0,1,1,BIC
81fe48e9aa00bdd509bd3c37a76d1132da6b9f09,0,0,1,1,BFC
33182d15c6bf182f7ae32a66ea4a547d979cd6d7,3,0,0,1,BFC
802673d66f8a6ded5d2689d597853c7bb3a70163,4,0,0,1,BFC
bd69cddcdf47919a8f7145779c5da2db3c543bca,0,6,4,1,BFC
0026b32d723e958bac8f335ba3f47825b11b7287,6,0,2,1,BIC
6345016d4bea6a82300c209d99e7f593800e3b4e,1,0,0,1,BFC
9a629fafe7d8a486f8f02e2788c5368319f2dd0c,4,0,0,2,BIC
0f59b2d0138b936d8d65ecbe193d512196199806,1,1,0,1,BFC
6a1560ecaa8c6c775b16c928fc56fe8089a7f82e,68,41,15,2,BIC
f57cdbd34cb435ed3b7d38be6276f7f389e8d0e9,0,0,2,2,BFC
97bbdf02d905a0a48cb3c953ea352d7f4994643c,65,0,11,5,BIC
fa31c1175f0ef7c9b2820d122c77ee1ed50f20c8,0,0,0,0,BFC
4560cb4a0c9969260356b0ac9473c45bb1c1101d,0,0,0,0,BFC
d74ce54885714f1427966d9ad7f6c60358358dba,1,0,0,1,BFC
785a12afdb4a52903447fd890633c82fdda4b6f7,45,0,3,2,BFC
1e1601b38e6e0179fafafc4db2c4ccb71d0854c4,43,22,9,1,BIC
64d0a506fbdd64906f168539bee32ac7dcabb521,0,0,0,0,BFC
d300627c6a53693fb01479b59b0cdd293761b1fa,0,9,0,1,BIC
68fd77cf8a4b045594231f07e5fc92e1a34c0a9e,0,0,0,0,BFC
3a2419f865a65b2a4cb27f8640376ecb862be0e8,11,399,10,1,BIC
8d411cbf46e515ca2b7ceb3d2b3f43e22813edac,7,1,0,1,BFC
3ee25e8ff52156c8c74a0893e10430ed93aec7a8,0,0,0,0,BFC
516b7db593f3a541e2e98867575c3c697f41a247,0,0,0,0,BIC
735302665c353d6756e7fa2a2cf41b039299f732,0,1,3,1,BFC
1c3c5eab171590f86edd8d31389d61dd1efe3037,13,1,1,3,BIC
13ead5c4f2e3b649156c74892f3cf4b62c8e3d0c,1,0,1,1,BFC
8b0949d407431559f7c80a02f5382f5e1c77b8d1,0,0,0,0,BFC
ec2c6726322f0d270bab477e4904bf9496f70ee5,0,0,2,1,BFC
87e7597b5a3f99238d95d63c44c9f872a41b37ae,14,17,2,1,BIC
2a32ca138e24836d01918797018b0fd0302c6b3f,1,4,11,1,BFC
56e2ff0346a39b8f0433456b7ec3dd31038d2ec1,0,0,0,0,BFC
3107fa5bcfb2408b02203a7e318496c6adcbc50b,0,0,0,0,BIC
13d04f20935cc4e334576a520069d6e7b85a82f2,0,0,0,0,BIC
5aeda7bf8a1effd9902efc11e56687c242acbd5d,0,0,0,0,BIC
1d8ece6639e1ebe008a8b53dcc04366cae7ac2d2,0,0,0,0,BIC
8dbcad020f2e7f38125ab1e73771a2bcb6564e8d,0,0,0,0,BIC
fe29133df37ac31de9e657ad91bcf74cdfe8c4cd,0,1,0,1,BFC
f9ea3225ddafa269cf1f6b495d132c26fde93903,0,0,0,0,BFC
18f3d6be6be124316d3abfee667c5e8b88dec100,0,0,0,0,BIC
5ad3f3f6eb1fbec716a61dbe46565dcd9ca94387,0,0,1,1,BFC
376b3ff54c9a1cd54d71b1102e061fccf56d535e,4,14,1,4,BIC
dfc8e9165cfe0b50438f51df5a82ab1dcc08baf4,0,0,2,1,BFC
68fe55680d0f3342969f49412fceabb90bdfadba,0,0,0,0,BFC
3021773c7c3e75e20b693931a19362681e744ea9,0,0,0,0,BIC
0cca6c8920ade95e2741b2062cf1397dc546fb0f,0,0,3,2,BFC
5d996132d921c391af5f267123eca1a6a3148ecd,0,0,3,1,BFC
c017d21147848fe017772764a77a7f32c5b017f9,1,0,0,1,BFC
6b67c3906cd74d88da4f6717b4b294bd52fce56a,0,0,1,1,BFC
9ac6e7ccc11e795a6e3eecc1f59346a99e51cd07,12,1,5,1,BFC
b399ee28c29c07f6a7ad87dade9148828757e6e9,4,2,0,1,BFC
0b523a85e134d41f57ddd8c5193bd9f0a5e20b0d,23,1,0,1,BIC
11cefd5ac25f242349994140a3bce3a20db0c751,1,0,0,1,BFC
8d7313bfb1bb7d71a6ebc503215e4fb4a8964741,0,0,1,1,BFC
d6f3710a56e10b42945ed2dbcca71d2748174299,869,0,0,4,BIC
1e2ba788787c86f527eca6ffd9adb97d691a810e,0,0,1,1,BFC
6dda730e55f412a6dfb181cae6784822ba463847,135,8,12,3,BIC
cd82f37a9ddaaafb33d8bc3f44857edbad5d52bf,6,1,2,1,BFC
290271de34f6c22ec2337e3293224575459747d6,5,0,7,1,BIC
b5fa57ddc4a2492441a1391f07d5c8a282271249,0,0,2,1,BFC
ae5b0675942ab30cde96099c68a2290bd1aafcca,2,0,0,1,BFC
296e46db00731b05c796e4f1db4bfe2e0efd80c1,0,2,0,1,BIC
81a67e52763d1db6b3200c648d1efa16daddc536,97,1,0,3,BFC
15f6847923a87040ebe962e34eea48711c5d0582,180,3797,125,7,BIC
00e06297b351d286199c6cf542ea70b8fbabafee,0,0,1,1,BFC
5279fc7724ae3a82c9cfe5b09c1fb07ff0e41056,1,0,0,1,BFC
d6086598d34e1cf9091c7be201f5b2041dc6203e,0,0,1,1,BFC
65f9f6febf12ed5bbcebd3599698eb78b03e5b69,137,104,10,3,BIC
8cd7b51ff57c74260b20c97623b0e0d420c22be8,0,0,0,0,BFC
8a8f181d2cfdbff772ff2cc895f59bb28beafbdf,0,0,0,0,BIC
61690e09c3b4a40401bdaa89ee11522cc0dc4b11,1,2,0,1,BFC
a351a1b03bf169f77891060be30036ef71cbe618,139,17,7,4,BIC
f1ee87fe55c86d4c5adc804db15b3ed06169fba5,359,293,2,4,BIC
07c9f1e57839c678c867b89aa9dcb2220e579b13,17,13,3,3,BFC
6f08a22c5fb2b9aefb8ecd8496758e7a677c1fde,15,8,0,1,BIC
1cf76c4eeb07ba31a03066c6540d96fd64d7a34f,2,0,0,1,BFC
c698316661096e036b54448039b35e1c2c5809f0,490,0,0,2,BIC
4ff0308f06da5016aafb05330ed37809b54f81ae,0,0,2,2,BFC
fca11ebde3f0d1c637550a9b231caa385ce35749,241,98,60,3,BIC
383d0350f2cc5e5b3a2003c46e15c0b98432037b,220,98,26,3,BIC
fb84af8a4397ee664a51c2da1dd64fb3d582ee24,10,2,0,1,BFC
5f6b4e14cada6ddc662b80cbd670d9cd2922aea1,35,1,24,3,BFC
f613ed665bb3ec49edc4907bd8799e3a2de47df5,30,0,9,3,BIC
b3e6b82a0099dfef038e40c630a554ed1e402504,30,0,0,2,BIC
fbb77611e95d3d5b2af86a59754a3130877cb667,5,2,2,1,BFC
8f13621abcedb278cfecf9703583743f9c474c97,12,23,0,2,BIC
aec51758ce10a9c847a62a48a168f8c804c6e053,2,1,0,1,BFC
e45105772db41c5318b2a7ec1c420183183414e3,2,0,1,1,BFC
a015434480dcdbfdc188df9b3633348af745e1b1,87,40,13,4,BIC
8317562097acec4c9e9750eb91115687931bca35,0,0,0,0,BFC
92f651f39b4285446005ea7b0f94f5e98876ca7a,0,0,0,0,BIC
9e01e2d56db23485a75864b6aeee8e443f024ddb,7,6,1,1,BFC
2c460621bb2e6baf8a475c407cdb29029b2497ac,0,0,0,0,BFC
56bdf855e676f1f2ed7033f288f57dfd315725ba,3,1,4,1,BFC
58f88ca2df7270881de2034c8286233a89efe71c,44,4,8,5,BIC
ea7bd56fa309d10a41b1041827a63c0746c47554,1,0,0,1,BFC
4560e78f40cb55bd2ea8f1ef4001c5baa88531c7,86,36,2,7,BIC
5db465f235e74293e285e1fa924a55e52ba52a98,0,0,1,1,BFC
aaf83aecd294fd61db6b34051f718f3e7ea34c22,0,0,3,1,BFC
0db01097cabd97897d123b4c5d805d1a7b061d82,2,0,10,1,BIC
56ce097c1caede1f9c191a7c9699b950e7c36ad9,8,2,3,1,BFC
931b3c1a832621b4bdcbaf783096fc267eb36fbe,1,2,0,2,BFC
17d2f88f92ce39b348f125f6b2e6eeb6b0906ac7,51,21,18,3,BIC
f7a6cb7b38c6845b26aaa8bbdf519ff6e3090831,0,0,1,1,BFC
33b9b3ee9709b19c4f02ab91571d53540d05c3d1,54,0,8,6,BIC
f381bf6d82f032b7410185b35d000ea370ac706b,0,0,0,0,BIC
b0a0c2566f28e71e5e32121992ac8060cec75510,2,1,0,1,BFC
852cfeed0ebe93a1c1e0c153c04a57221f72bd7e,12,1,0,1,BFC
17b334a876fe121abbd6634ace83ca58deea4bc5,0,0,12,1,BFC
967b2e2a76e380abdebe7f3c7ab17e8831accd21,1,0,1,1,BFC
b8c17f7088310e7ee34ca61929f737045adfd449,145,7,4,6,BIC
864dc729d528560e8d204267d66dae59972f462c,16,12,17,1,BIC
0ede1c401332173ab0693121dc6cde04a4dbf131,0,0,0,0,BFC
ee841d0aff649164080e445e84885015958d8ff4,0,0,0,0,BIC
7605aa5b4198ad819dde7c39b3c968f57ccb568e,1,0,3,1,BFC
3c277c247eabeb0c869c06580c11efe12094a32f,55,0,1,2,BIC
004f6f462d4127350fce1a2822d00990baedf3a0,1,0,1,1,BFC
4087bd4b21702dce65c3e5179308dead2e96e06d,70,0,1,2,BIC
1f6f1dcb8d1c3340f73c5ba01d474fa07942ec2b,2,0,0,1,BFC
a70c6e06ed7c8c84612c7e3dada9d6895b65c70a,4,0,0,1,BIC
de2bc4178b8d475fb0bc06c280606fdf816a3f6c,1,0,0,1,BFC
e92f7cca446ec503251b58ad9a8b5592a2d927de,52,73,2,3,BIC
6d332747fa5f0a6843b56b5b129168ba909336d1,5,4,3,1,BFC
66dbd6e61a526ae7d11a208238ae2c17e5cacb6b,55,0,0,2,BIC
e9d7486eac949f2a8d121657e536c8abdd4ea088,0,0,1,1,BFC
6cb0c6ad9e07f2c7971c4e8e0d9b7ceba151a925,6,1,2,1,BFC
28152a238bb60d2577b9d4e7172a83bf4c1bf047,1,0,0,1,BFC
985333b0eef8603b02181c4ec0a722b82be9642d,0,0,0,0,BFC
cad008b8a77e66b799db3aa128873542b3fb9256,0,0,0,0,BIC
db3a7fd7a9027efac3e4f7cb2582e142cd6b9d47,0,4,0,1,BFC
1f59adb1766d0261085327d97ec185f502d359ab,0,0,1,1,BIC
02b6ed44304e458d68e454493ab272f4e3c3c53a,36,17,3,3,BFC
913c3d85b4b562e38242765baa95113c8c7f1c14,0,0,1,1,BFC
48d5eb619c15847aba6757deb5c2c8badca2aece,11,0,0,1,BFC
3db40c312c2c1eb2187c5731102fa8ff380e6e40,14,1,0,1,BFC
e0e0d6b7390b61feb06350ef4a9594bcf84ad204,9,5,0,1,BIC
a2815817ffa68c7933a43eb55836d6e789bd4389,4,8,1,1,BFC
e1a10ef7fa876f8510aaec36ea5c0cf34baba410,11,4,0,2,BFC
b91d532928dff2141ea9c107c3e73104d9843767,3,8,0,1,BFC
c2ed1880fd61a998e3ce40254a99a2ad000f1a7d,2,0,0,1,BIC
01d928e9a1644eb2e28f684905f888e700c7b9dc,0,0,2,1,BFC
2dda640040876cd8ae646408b69eea40c24f9ae9,1,0,1,1,BFC
d06c3583c2cf6c27a56ee05aa128a950e31b224a,0,5,0,1,BFC
45f119bf936b1f9f546a0b139c5b56f9bb2bdc78,6,215,4,6,BIC
5e0594fd77e0d4dfd728898814da43a065094ae0,20,7,14,9,BFC
d503a43ac06ac0ec66244d565dfc2c54fdb2425c,14,0,2,3,BIC
cbbb90b0c084d7dfb2ed8e3fecf8df200fbdd2a0,0,0,1,1,BFC
906eff7fcada4186cde54eb89572fb774ab294a0,23,1,10,5,BIC
d99a6b5eef072dc2c758c79c00cd08d59817a966,8,0,6,1,BFC
2427b3037710d4aa71c9c1cdfcd542805e0c53f3,107,6,33,8,BIC
9ff067ff4c4a08d412e51307f11f7de3fb3045e7,1,1,1,1,BFC
1d9b168d8ea9a0f51947d0e2f84856e77d2fe7ff,2,16,8,2,BFC
f70e4df2b384d21e36a7c30a591639592692e0ec,18,0,6,2,BIC
b7d44c36a6f6d956e1539e0dd42f98b26e5a4684,0,3,1,1,BFC
11432050f070810ba139d0226344eef120c3a559,3,0,0,1,BIC
2acecd58969897795cf015c9057ebd349a3fda8a,5,0,2,1,BFC
de18757e272d0e948bfa3e083a1771887f719c05,66,2,2,4,BIC
aca5b9ebd096039657417c321a9252c696b359c2,11,0,5,1,BFC
39bbf40227bcd37e02f7983b2d06696c10cec43a,1,1,0,1,BFC
957b8dffa4e3d191f0f1571d006d0e520790dcb9,45,0,1,3,BIC
2d80bd3f7eb69204cd5dec4fa7fe7e12cbfaed13,7,0,0,1,BFC
2a8209fa68236ad65363dba03db5dbced520268a,14,1,3,1,BIC
7bab09631c2a303f87a7eb7e3d69e888673b9b7e,6,0,0,1,BFC
60c4081ec4195389f4fa1fce83eaad5e4b948748,1,1,0,1,BFC
42ef3bedf30020a3b5298c2b918ccd7b6e1794d3,3,3,0,1,BFC
f54d2cd3c1a231e00732442fca329341d4f4250b,34,16,8,1,BFC
b745c0794e2ff20c7589600f5fa904fc201bcc0c,724,0,0,1,BIC
19ec8e48582670c021e998b9deb88e39a842ff45,12,12,0,1,BFC
1ee1c3f5b5cff959e0ac95a125bd15eaf88cc638,0,2,0,1,BFC
2947ba054a4dabbd82848728d765346886050029,115,509,5,6,BIC
5a18b64e3f02125be1c0ef777501ae38aafe2a24,3,0,0,1,BFC
ade9f91b32b964e83d294f4973d50083b08ef6fc,6,2,1,3,BFC
89affbf5d9ebb15c6460596822e8857ea2f9e735,18,2,0,2,BFC
46e700abc44ce215acb4341d9702ce3972eda571,6,0,0,1,BIC
9d95aa4bada24be35bb94827a55e1d6e243d866e,2,0,0,1,BFC
96333187ab16215888f2bce01985ca5a823da8ba,2,0,0,1,BIC
167d0f258fedbfc859ad4105b1ea236818d41bdd,2,0,0,1,BFC
3f906ba23689a3f824424c50f3ae937c2c70f676,13,72,3,2,BIC
b0ba2d0faf6520dd0e534a9410114e043e9ab084,7,0,0,1,BFC
23955622ff8d231bcc9650b3d06583f117a6e3ba,22,0,11,5,BIC
3189c82056beeaf26733296be21043c091743cd9,0,1,0,1,BFC
cf8e0fedf0784ef4bc1889380b09eda295e3d109,11,33,4,1,BIC
b22823719302e88d0e2a6bb06433bd97b175a8d8,3,0,2,1,BFC
897ab3e0c49e24b62e2d54d165c7afec6bbca65b,115,0,45,15,BIC
2be7cfed995e25de1ffaffe14cc065b7ffb528e0,1,4,2,1,BFC
9a291a7c9428155e8e623e4a3989f8be47134df5,24,12,0,3,BIC
5694785cf09bf0e7bd8e5f62361ea34fa162a4a0,2,0,0,1,BFC
a7e52ad7ed82e21273eccff93d1477a7b313aabb,14,4,7,3,BFC
147d88e0b5eb90191bc5c12ca0a3c410b75a13d2,1,0,0,1,BFC
b32614c03413f8a6025d8677c2b7c0ee976e63d4,35,60,31,4,BIC
4bb0f0e73c8c30917d169c4a0f1ac083690c545b,0,0,1,1,BFC
bff0c6840c135c14675404ba697aae2638c37cb6,1,0,0,1,BFC
c7c122ed67e47a7d8033ae21f0cb22a21686194a,5,0,0,2,BIC
f9fb9d0b8519a795eeaca5108205593b66068cce,0,0,1,1,BFC
7c3d21c8153c6bfb5690e35e086b0522c42442d9,69,4,9,6,BIC
5886259c127026ee4a6a7093d6c320440d833fda,0,0,1,1,BFC
fd10ed8e6f4246ac5e18b921ba50562959502117,213,3,7,6,BIC
c994f778bb1cca8ebe7a4e528cefec233e93b5cc,11,2,5,5,BFC
14c07b1358ede1664652bb9b28d9ace5fe6f7f92,91,0,2,6,BIC
aa6c16c43b73b0e4042d84fece85111da1a8087f,0,0,0,0,BFC
5af74bb4fcf8935cff38757400c25ae10eed4fd6,0,0,0,0,BIC
95696d292e204073433ed2ef3ff4d3d8f42a8248,0,0,0,0,BFC
adbc3695d9e487fa07214140a46b68ac3156fb78,0,0,0,0,BIC
d7a65c4905bc9c304ecf3d8aa566802f6119480f,0,0,0,0,BFC
afda007feda5cfe7463f3281dfeee703a5dc7ca3,0,0,0,0,BIC
8a5a90a2a477b86a3dc2eaa5a706db9bfdd647ca,1,0,1,1,BFC
979990c6284814617d8f2179d197f72ff62b5d85,25,0,1,2,BIC
d9cb73300ac0001832c048a489c592263fc28193,0,13,3,2,BFC
04fa2c6bb51b1bf34a49007e0cd824bde39eeac0,80,8,6,4,BIC
09a92bc8773b4314e02b478e003fe5936ce85adb,1,0,0,1,BFC
f29bb7861a5107cc1afbf5a565c3109aa88d5984,0,0,1,1,BFC
9e9509e38fbe034782339eb09c915f0b5765ff69,1,1,2,1,BFC
3c92db9ac0ca3eee8e46e2424b6c074e2e394ad9,648,0,0,3,BIC
6d29231000bbe0fb9e4893a9c68151ffdd3b5469,0,0,6,2,BFC
204e7ecd47e26cc12d9e8e8a7e7a2eeb9573f0ba,32,0,1,2,BIC
a11bf5ed951f8900d244d09eb03a888b59c7fc82,2,0,1,1,BFC
d8e725dd831186a3595036b2b1df9f68cbc6efa3,165,2,2,2,BIC
791eccd94965a8029ae09c5530bcb9a76794e408,4,0,0,1,BFC
2d43457f79e48ee427666fdbfe9a53f35d3a1672,11,7,0,1,BIC
f7f8c1756e9a5f1258a7cc6b663f8451b724900f,6,0,1,1,BFC
41b207a70d3a86b9e2eede155e87838234c7cbd5,91,44,5,2,BIC
87173cd6cf242f2340db187d82bd47a48fe5e5fe,0,0,1,1,BFC
4a0dee1ffe0e8f4101e704a325e97f8997b0abcc,2,0,0,1,BFC
6c80f3fc2398aef22798e8ac4258454b1062f3fb,70,34,23,3,BIC
790cb2ebb3f9c5d26a320117d5d13cafe479484d,0,0,1,1,BFC
7ceb781a1aa0356086e2bdc76bcd953fcb7ac377,2,0,0,1,BFC
7c3a4626eb65e78ebe208f48ffa21a5002f7f38e,4,0,0,1,BFC
4197aa7bb81877ebb06e4f2cc1b5fea2da23a7bd,47,11,1,2,BIC
7d6d067790289e4f61f59fa60550ca5918aa25bd,2,0,0,1,BFC
980e9b1186424fa3eb766d59fc91003d0ed1ed6a,82,2,13,4,BIC
e43c9f23efadade684773a855675c99da278c862,1,0,0,1,BFC
eeda8585522bcc173f91d6254dfa63e871087c54,19,2,39,2,BIC
8f93e043d048b671c32c6f0a5102fefa800c4618,21,49,2,2,BFC
7c65817e6d38fad8ed4ae8632b3615980a2197b4,181,1,1,4,BIC
bdab8e8b2bc89dce73b6bcabcd295806ce2e5ef9,3,8,0,1,BFC
1bff8a0c1f8c236209ee369b7952751c04eaa71a,1,0,0,1,BFC
b7fe10e5ebac2a3f37e95535e616494b65fa020f,35,24,18,3,BIC
be73b3043bf465455d4c9b88f68e03b6447bcfb0,1,0,0,1,BFC
51391caf99e34d2d75ffc428845062d93aa739c6,6,4,1,1,BFC
bff589be59c50924a9715951160578e570cba5c6,45,41,25,1,BIC
baa5480b0509d8af06c37fff03edbb5a6815cef1,6,4,1,1,BFC
fd40559c8657418385e42f797e0b04bfc0add748,1,4,5,3,BFC
8d89bd70bc93914359fca3f7fbe2bde9556bcf76,115,62,19,1,BIC
d4cea38ebb4de90913085391ce4febde1a4ba9aa,7,7,0,1,BFC
b62aa70a98c5401ada63657eee7c88da70bdbb27,154,107,18,8,BIC
71e3dfa167b105d3c06e76fee1d0e2fd1e502cf6,3,1,2,1,BFC
65e93108891e571f177c202add9288eda9ac4100,0,0,2,1,BFC
4a630fadbb29d9efaedb525f1a8f7449ad107641,3,0,3,1,BIC
5149616e7a4ef4eae19cdbfe5e21143d5052b51d,0,0,0,0,BFC
ef8d2ffedf1878e4dc8d19d83371cef8e2457a44,0,0,0,0,BIC
0eb46345364d7318b11068c46e8a68d5dc10f65e,0,0,0,0,BFC
f3fd2afed8eee91620d05b69ab94c14793c849d7,0,2,1,1,BFC
84f766855f61ed2e5d07f0ec737b15ee687afb92,7,0,1,1,BIC
4690faf00cf838392ce038202a85ac0d5f1df598,0,0,3,1,BFC
986e89898acb3d8f750f259a90cb73afca426b58,4,1,2,1,BFC
8cb441c0545dfd4dafeedc1e2d7157e1072413ac,142,8,12,3,BIC
c0a480d1acf7dc184f9f3e7cf724483b0d28dc2e,26,10,8,5,BFC
0ef472a973ebbfc20f2f12769e77a8cfd3612778,29,8,0,2,BIC
2692c1c63c29cad3bec090c3e6ed9e692ca66683,308,0,0,1,BIC
1689333f8311f5952ee69d64adf242028dc7e6c6,67,0,0,2,BIC
34f41c0316ed52b0b44542491d89278efdaa70e4,0,0,1,1,BFC
46c8f0b077a838eb1f6169bb370aab8ed98f7630,3,0,1,1,BIC
df1e76f28ffe87d1b065eecab2d0fbb89e6bdee5,0,1,4,1,BFC
ad537b822577fcc143325786cd6ad50d7b9df31c,1,0,1,1,BIC
a589e211bd74715a63f507dade294ba618259ff7,0,0,3,2,BFC
380b1e2f3a2f32bfe9c0aa85a68629eb99b043c0,33,14,12,2,BIC
bf11ecb7eebd28d70bf5aa3170c6fe7156c33c5b,0,2,0,1,BFC
007b6a54c305688d1db7255e5c724e3d76ba5aa4,265,0,0,1,BIC
bb68cfe2f5a7f43058aed299fdbb73eb281734ed,7,12,4,1,BFC
f6aa45f67aaa03bd294040508218bc72c5958ad6,10,5,1,2,BFC
c1b68c194ed72a5df55e7344b19c50ccb357f690,0,0,3,1,BFC
bec9522aa57421984cb4e1e87eee195bae1ccb25,2,1,2,1,BFC
d6d517b7730c2dada199db83ebbc670c50fa9952,99,26,8,6,BIC
9d14201c7444bbdf89413e88d91b73150c3de38b,0,0,0,0,BFC
09dc28acaec74d7467c7c9b81dc8676e5bc957ce,8,12,19,1,BIC
8addabf8e6e299f790038fdc92ddceaaf76adab8,1,0,1,1,BFC
5bc5aaad407ccc49262d9fd3456d6ab332286395,48,1,1,1,BIC
e9fb92e13d5e743a6ff13d3206c0f9e5e8cbc1f4,1,0,13,3,BFC
5da083d1922c23b75e921c85b687c8e112e8280e,19,2,15,3,BIC
af45a9003f1f14af24804f7747f14238e8d51163,167,0,0,2,BIC
3f25bb4b7f7718d391321608f947840a79934568,7,1,1,1,BFC
5e6a98dc4863e50a010ebdf09fa63c1e11929a85,130,4,3,4,BIC
cb891fa6a1d5f52c5f5c07b6f7f4c6d65ea55fc0,16,0,1,3,BFC
67a51780aebb683c3b217b2867e25102cdb0afbc,4,0,5,1,BIC
1d42460a49347af4d1db345197e5d1277336b312,4,0,4,4,BFC
89a3dfb787072438f72de95ff3fe7b58213e08c1,163,0,0,2,BIC
b655f36e2071a9a380477e2f07893c31cbf88f59,0,0,5,1,BFC
1e92ae651e766603d9c582ff356abf96ae90d933,3,0,2,1,BFC
d77e8135b3405dd08a6bf05613d765cbd0bfd5a6,10,0,0,2,BIC
b64dfec01050a010fa764dae3746353bdbdecfe1,12,0,2,1,BFC
f1d6cb2d8cdfb210f9b4a0f59e9168ac0f5db774,8,6,0,1,BFC
04df41e343db9ca91a278ea14606bbaaf0491f2e,64,0,1,1,BIC
00d51094b8a5856ae790048a332ae24f1dd7c994,1,0,5,3,BFC
28b45910ccda7b3e4de61b24a6f34d5fb1da90d2,0,1,5,3,BIC
1daa8790d0280d2c719658e39bd59fce65efa909,1,2,1,1,BFC
680557cf79f82623e2c4fd42733077d60a843513,29,32,14,1,BIC
cfbcb61f6c2ac9aeb7731d2ec59fe3bf53786c49,0,0,1,1,BFC
71ed7ee35ad2c5300f4b51634185a0193b4fb0fa,0,0,1,1,BFC
982acb97560c8118c2109504a22b0d78a580547d,40,0,0,2,BIC
a390d1f379cf821248b735f43d2e1147ebb8241d,6,26,6,2,BIC
5b30850bd6bda5188eedec60d364256617a87343,0,0,8,1,BFC
9842452acd3dae661f4430c4460edd1fc188377f,15,0,2,1,BIC
902d886d4474a4d2661ae337f3c30dc7a8e59f28,0,0,5,1,BFC
88555b481958083b1b928a4ba5c6e3bc606ce34b,19,0,3,2,BIC
62ce94a7a5a54aac80975f5e6731707225d4077e,47,0,7,4,BFC
967de35826070026e51e66dcf020059ef6ce26b5,1,0,0,1,BFC
7b4dfbe7880cf2092db3c94c6a34ae6ffa8aa344,0,1,0,1,BFC
278cba7eaf5422510fc4a6b5a4d447f17b00506e,0,22,0,4,BIC
99f828436788f0155798145853607ca8f0e6de93,3,1,2,2,BFC
f1e8c67123cf171e2b0357e885e426328b241d7d,42,0,6,2,BIC
e9083420bbacce27e43d418064d0d2dfb4b37aaa,535,0,0,8,BIC
d81ece747d8727bb8b1cfc9a20dbe62f09a4e35a,1,0,0,1,BFC
f2821b1ca3a21c21e8c1256ab45d70b00d1d6398,1039,995,0,3,BIC
da10c06a044b3752f9162a88b7d26ed2409c5314,10,2,0,1,BIC
d62c1d7213b77eb4952a873ad57727e991ac3306,0,0,1,1,BFC
b962e2cd357f2a529fe14387092401e6552f43d6,6,3,1,1,BFC
c92883a61d850606dcc8dd52807ce469380dd664,0,0,3,1,BFC
cc491f1d3583146eaee635c86b9c9227fa835c6c,0,0,0,0,BFC
0c106e57dea709395b5b5eb004987b7ddad251ad,0,2,1,1,BFC
23493c121912a39f0262e0dbeb236e1d39efa4d5,0,0,1,1,BFC
4792adbac9eb41cea77a45ab76258ea10d411173,2,0,2,1,BIC
191eac33009e6a6d31e87cfa425a20d0e79704b4,1,0,0,1,BFC
a3bb2d5587521eea6dab2d05326abb0afb460abd,15,13,0,1,BFC
df823b02970172f3e4003063699e333295b9b32d,0,0,2,1,BFC
50dbe1f4b453b2860ef0e3d48054b9fd24d5ae97,1,1,4,1,BFC
62cbe860c5c381432f0d46f08f39d205074c5edf,0,0,1,1,BFC
ed2f549dc0f687f5d454cb20754340e83e5b9c4f,5,0,0,1,BIC
9275036ec08f76f04542d2058e9dd065542569ee,0,0,6,2,BFC
32c8728d87dcd59949800d838e4e7dce0c625062,218,152,37,7,BIC
37ef38f3f83891a2f413fb872bae7d0f9bb95b27,50,16,4,3,BFC
5a0722b898f851b9ef108ea7babc529e4efc773d,19,4,4,1,BIC
065ea0a7afd64d6cf3464bdd1d8cd227527e2045,1,0,2,1,BFC
acc0f67f307f52f7aec1cffdc40a786c15dd21d9,33,0,12,3,BIC
c420f167db8c799d69fe43a801c58a7f02e9d57c,36,0,5,5,BIC
ff3aa88a4d61468baece3fc2bb54e2a3bea6360f,0,0,1,1,BFC
18edac2e22f47e24815f2c32abdcee183a349e6a,160,0,22,1,BIC
06e3fe89988b1c99a3d9953b1d3b1faf3f047017,8,1,3,1,BFC
1987a08cd989fd9e5690e90a04e70046e93315f4,0,1,1,1,BFC
50b39608efb1e60f334f9b59128fd6d970bfd5a6,4,1,1,1,BFC
f7f3dd5b4cbb138ed4559b0d096bab76a8f476de,0,0,2,1,BFC
6e14cf361a0cf3bbe0026557427a7eb2f64d3157,12,0,0,1,BIC
f8475cef90082bf0902ddab106112de130d90395,91,0,1,3,BIC
9975a54b3c9ecf029cbf5dd7a8c9701b1d74029e,0,0,1,1,BFC
1e270976908686ec25fb91b8a34145be54137976,172,17,2,3,BIC
89b096898a8450b0a5b97d521e000ae9f94f81f9,1,1,0,1,BFC
17f0d42c931b2c43d84440ebc16978bc76ef1201,0,0,0,0,BFC
81f6bf81270ce1052b5cd4d60b9edc40cd5ceefa,1,0,0,1,BFC
db1fc97ca0c0d3fdeeadf314d99a26188438940a,3,1,2,2,BFC
8312a3fe84b96e30a010fa20f933606d976ac002,0,0,0,0,BFC
3589211e9b0316884f55acf3aeb0a979db79db9c,1095,0,0,1,BIC
fce8dc5e50e44d8f644e0f7854e6d7d518fedb68,5,1,0,1,BFC
663fbb52159cca6ffb049cb15b9f9d1cd7ad7d8a,147,0,0,1,BIC
0d0d4d21a09981e65b2bd386c999e8c0ecc6444e,1,1,1,1,BFC
99859541a92de570eb624c2488754d2406375c74,0,0,1,1,BFC
39ae5f1e4b86333b2ca97a278a93640d61fcf77d,1,1,0,1,BFC
b7dbcc0e433f0f61acb89ed9861ec996be4f2b38,0,0,1,1,BFC
c3327bde514d5945f5de1e28bed3eaa0c4d622ec,2,0,0,1,BFC
1110a2dbe69831abdcf119c3a9a4c4ef2d0905f8,85,2,10,1,BIC
29dc267f270a4ad5ae1341e7fdc8539ac7dc907a,0,0,1,1,BFC
48cc33085253d607706e68a67ac98fe2a6abdd3d,1,0,2,1,BFC
461c17f00f400f95116880d91d20a7fcd84263a9,10,2,3,2,BIC
d28ac7be15c70343cb270648e252f54d770eca6a,0,0,1,1,BFC
fe0c94be77a0b69456d6a35c838ee23d68204ba2,2,1,0,1,BFC
a2ca85ad721de50b90d50f3a11b67c4776a1236d,186,72,7,2,BIC
e6249e15fea2f915ddfcbee8efd9120cb64ed93d,7,0,1,1,BFC
b97e9b94ad75caf8d9fcb6a20cd1e3d7f1e67ae8,253,1,1,5,BIC
523b724a769b69963ef46efa14b8b730b40419d5,1,0,2,2,BFC
75cb8e939cf30ebdfffd9b28566d8aead95138a8,12,3,7,3,BFC
d35f2dc9a2a84f4985d8b16b47040fd6291788ad,0,1,1,1,BFC
99f499cd650405bbe6a9b5386d4b11ee81514fb7,54,0,3,2,BIC
054e532f8f90daaf9d70a2cf2ce31e69a4e68031,18,41,15,1,BFC
776bac64bf13e20c27f7ad168811abdf3b72f14d,0,1,0,1,BFC
87b132bc0315fdfe7677449da1fb1ce12c5dda35,47,64,6,4,BIC
65c5ec11c25eff6ba6e9b1cbfff014875fddd1e0,0,0,0,0,BFC
147c05168fc86e824ccd1c0a02b40843e3cbca88,12,0,0,1,BIC
21ec3bf6aeb4033210747837421e63286ba32646,0,0,0,0,BFC
5b8de48e82ba322483c925ce33f193e28e59a5fd,24,0,1,1,BFC
649ea4d5a624f061a111b1f1cb0e47cfdc3ac21b,87,19,7,5,BFC
d1091c7fa3d52ebce4dd3f15d04155b3469b2f90,64,5,6,4,BIC
08e1c01d6aedf00af04d9571a0a5d5867298b719,143,1,0,2,BIC
c9c98bc5cc2ab4e0d5c9ad58286fa7e1670dfded,9,1,0,1,BFC
d630213f2a47933e1037909273a20023ba3e598d,1,1,0,1,BFC
ebc9446135671b89c2397f438af45d9cef0d1368,67,368,28,14,BIC
245db3c349e0b413e0fec8d6179f6b767649ad63,0,0,0,0,BFC
af850e14a7ae493e85090723eb9cf85dafb8b243,103,0,1,1,BIC
4c3464a8c31829e6e7efbf8258dc062f761509d7,0,0,0,0,BFC
c2e3af11a979688bc9b9229867688e89e343a465,0,0,0,0,BFC
22baebd489c78cf7d02030bf50b0c99e4fcb6748,0,8,0,1,BFC
82b4e03e01bc8def546b52707962809f04ae5c7a,1,1,1,1,BIC
1d20d8a9fce8f1e2ef00a0f3d068fa18d59ddf8f,0,0,0,0,BFC
82427de2c7c39ee7bcaa4cb0260b4e9b9ab19eb8,0,0,0,0,BIC
e9ba4032a2568ef5b360de95eb6e09195a1b2efd,0,0,2,1,BFC
d555cb5827d603244969e08444340e3db78c8a37,39,8,1,2,BIC
7b98da66174416a1c7ada93e1eb382e8a4424f87,3,0,8,3,BFC
77ae9957897df86e627089688265e0db029dd0df,31,0,1,3,BIC
adf27835a583470707debc55554b638dd85cb8a9,2,2,1,1,BFC
bed8d1c840f0b3ddefc5c27a983a1d587cf873e9,3,3,0,1,BFC
a6c00779b2b03f2568c2c697afb1c2cd7f90cac6,0,0,1,1,BFC
20dfbde463c84d5e0eb32b9f3f84992eb583a698,52,25,6,8,BIC
5846a73f26a1efa45e2c2edd36aa2ed0a6ad380a,0,0,2,1,BFC
283d6860d64f5091565bf729b0a6d6af14ae6c27,7,7,0,1,BFC
a1b2278e4dfcd2dbea85e319ebf73a6b7b2f180b,225,17,10,3,BIC
3d91142528db7d4ea34e3233c261acc48c164b9a,0,0,0,0,BFC
c5cf9a9147ff6fc9f87251a8f8a5b6ac8b8bdcdc,11,3,1,4,BIC
4706ca779a723913469a47bbdd63ede01681f0c4,16,40,2,1,BFC
739748939974791b84629a8790527a16f76873a4,90,39,21,2,BIC
442ce0499c0535f8972b68fa1fda357357a5c953,1,1,0,1,BFC
ca0daa277acac1029f74d9fea838c9e507398226,31,14,15,2,BIC
fea20995976f4b2e8968f852a18e280487d42f0d,7,1,0,1,BFC
3f5b4b79d4c0fa71fd7d74c2a44bbc0869c04c9b,0,0,0,0,BFC
d30a8f7bdf6498e47bd3a6f31e5028f239deb208,6,11,2,1,BIC
cdbacdaf89226db73aeed157d287a4702a4a09d3,0,0,0,0,BFC
5c602531feb3db3926cdd76dda89314f0634c9e7,31,293,28,6,BIC
883338aa8d3009d67868af53c6a7b8f5f1ff7e2d,0,0,0,0,BFC
d12c6216c4a58f9fd2a58bc489783a095d84b2fc,0,0,0,1,BIC
9cfbc97d9931fa87c3dfc42174b46605d99c556b,0,0,0,0,BFC
ae9d60bb440295bdcf87274ff298c54b815f50f9,0,0,0,0,BFC
3c0aee084eb24408721da21fc401cd0c389b237b,0,0,0,0,BFC
f879fc32aa0c96fbac261b3d857a1239d554ad01,0,0,0,0,BIC
b217113362f9e24e68ce849fc2fef7a1d2e40b82,0,0,0,0,BFC
3ee803641e76bea76ec730c80dcc64739a9919ff,0,0,0,0,BIC
71adc330aa7d88e7c64c66d28ff7b71ddab25465,0,0,0,0,BFC
80fab06e258da76232356d8a0b390d4bc25e6917,0,0,0,0,BIC
16f5df8b5d71ef2eaeac067806de7ebd6df3f2d0,0,0,1,1,BFC
bcec601f30fb41e9233674942fa4040a6e63657a,0,0,1,1,BFC
74491de937125d0c98c9b9c9208b4105717a3caa,133,13,241,14,BIC
f08c39ed0bfb503c7b3e013cd40d036ce6a0941a,1,2,4,1,BFC
d439c84509a510e864fdc6166c760482cd03fc57,1,0,1,1,BFC
cf5033089b078303b102b65e3ccbbfa3ce0f4367,21,1,0,3,BFC
49c5031ca6f0628ef973a11b17e463e088bf859e,20,3,26,1,BFC
fa3676885e3b5be1edfa1b2cc775e20a45b34a19,28,2,8,4,BFC
0b794ffae7afa7c4e5accac8791c4b78e8d080ce,0,0,1,1,BFC
0242f4a0bb03906010bbf80495512be00494a0ef,0,0,1,1,BFC
58569ef8f619761548e7d198f59e8ebe3af91d04,10,4,1,1,BFC
508541146af18e43072e41a31aa62fac2b01aac1,28,9,10,8,BIC
219c81f7d1d5a89656cb3b53d3b4e11e93608d80,16,1,1,1,BFC
061870800efb4e3d1ad4082a2569363629bdfcfc,2,0,2,1,BFC
dc798b4cc0f2a06e7ad7d522403de274b86a0a6f,3,8,7,1,BFC
079adf05398f12371ea91dd53fdf61ee6352bc01,6,0,1,2,BFC
6b6adee3dad25bbe568ee24fc843372d02fb425f,45,75,56,4,BIC
8397913303abc9333f376a518a8368fa22ca5e6e,11,1,2,2,BFC
77f85e66aa8be563ae5804eebf74a78ec6ef5555,0,0,1,1,BIC
2b1be689f3aadcfe0a768314c80e43483c784659,5,7,4,1,BFC
4c30c6f566c0989ddaee3407da44751e340a63ed,0,0,1,1,BIC
28676d869bbb5257b5f14c0c95ad3af3a7019dd5,26,4,8,1,BIC
a3287c41ff405025bc57b165a0f6cd698bbbc1be,25,7,7,3,BFC
3cf7ee98b8489fd2ff58374e3882a666f81d629f,6,5,0,1,BIC
8b9740178f2a380339fc1ce6d780bb442580eb2c,0,0,2,1,BFC
231ce279e6e37960f8c61d99f86e4937733ed96b,0,0,4,2,BIC
fe89168c4065885700fa4f755a5157392aaae03c,0,0,0,0,BFC
4c2c2e39713b8cfbb73d304c830e883f5b2ad9ec,187,0,0,2,BIC
5f5d03143de5e0c593da4ab18fc6393c2815e108,0,5,0,1,BFC
4d7928959832ea41f7f91456b76da19cad01bd09,252,192,30,10,BIC
58f36b4526add4870476e1dc97a8467cf16aeee6,0,0,1,1,BFC
270a6c1f65fe68a28a5d39cd405592c550b496c7,31,8,6,3,BIC
459c35148ef6b65c25bc9d005cc87c4c26850898,1,0,0,1,BFC
3f37ec79dd21fbdbbab8143a48a87272b22fef22,30,1,2,2,BIC
4b5dde2d6234ff5bc68e97e6901d1f2a0a7f3749,6,0,1,2,BFC
bf35443314acb43fa8a3f9f8046e14cbe178762b,129,0,3,7,BIC
d34cfebbf9cca8308e7bba3636a1a0fd79131051,11,1,0,1,BFC
75343a44c901b681328b22ae50bcf5efdf6c988f,5,7,10,1,BIC
7728124af30e04b9c2c3e3125e28963b065867c2,0,0,1,1,BFC
1f727d9e725a408ef58d159c20fb2e51818ff153,2,2,1,1,BFC
1da7b54c46bcfe5484af0b27d8c9003b238031b0,3,3,0,1,BFC
67fddd902b8e37b15a905c287ce4e40f52a564af,0,0,1,1,BFC
a8e45a1c42d11597e975f3e5f2fe182f90cdaa7f,0,0,2,1,BFC
d1d1ebf4120db07a6706faed970be7460303834e,25,10,9,1,BFC
c64992e035d7cb2b469f933e33ee89625df97df5,6,4,3,2,BIC
5fb9dadf336f3590c799e8cbde348215dccc2aa2,7,7,0,1,BFC
2b49e7210efcb5b977cffafa5e651e1b5c8555a3,1,0,0,1,BFC
0364cd19d61caad7292cc4e87f5001595b6c7642,7,9,0,1,BFC
a1ef70e144534777965426393dcaa1721e908e83,76,4,34,3,BIC
b4f3e1631f5e8fcfb1da84cbd5d3ec581480954a,2,3,0,1,BFC
6b84202c946cd3da3a8daa92c682510e9ed80321,0,0,2,1,BFC
b1f5bfc27a19f214006b9b4db7b9126df2dfdf5a,4,0,0,1,BIC
0da12a7a81f1e2255e89dc783c565e84801475a2,1,1,0,1,BFC
dad6f37c2602e4af6c3aecfdb41f2d8bd4668163,2,1,0,1,BIC
722477c4f2c50bc8d800d293a3bc5aa843f16e8d,11,12,0,2,BFC
3c5da94278026a4583320f97f6547573fb3a93aa,29,0,1,5,BIC
7e1751001818209b214b8c3df0b3c91fae250ea2,0,2,2,1,BFC
9be7e9898444f74e6fd90eb2773e28105163915a,137,51,3,1,BIC
861b27eca78355aa0a9712612c3ccd7d847a1614,0,2,0,1,BFC
625e63e27c5bec5bbcec8aeaea82d0b1975d2cf4,2,9,1,1,BIC
1e6f209515a08de29ec53b653eac73b50efd949c,5,1,3,1,BFC
bd8b2441742b49c76bec707757bd9c028ea9838e,5,2,2,2,BIC
d94708a553022bf012fa95af10532a134eeb5a52,2,0,0,1,BFC
64831a21db13495008665b33878e31b48c1e3dc7,6,1,0,2,BFC
d49dadea78624353d1df660efb49f187bd5c5971,21,0,5,2,BIC
273752c9ff03eb83856601b2a3458218bb949e46,42,0,0,3,BFC
87a420c8f6ffa85edc1e95f7e84a75932f3bec52,9,2,1,1,BFC
89ed025d5c53f4ca0193ed71bfaf007259be2a8f,7,1,0,2,BIC
a512177ef3bb92dbec8a96fe337b11c126bf9c91,0,0,2,1,BFC
f85c758dbee54cc3612a6e873ef7cecdb66ebee5,0,0,2,1,BIC
fdeaf7e3eb37c6dbc4b4ac97dbe1945d239eb788,4,14,9,2,BFC
286de8f6ac9202f1c9012784639156c6ec386eb8,69,0,0,1,BIC
9688f9b020263c4a17471d09bb18e34eccc1c0a5,0,0,1,1,BFC
74ddda71f44c84af62f736a77fb9fcebe5bb436a,0,0,1,1,BFC
8033120f36c0b7212825f621a54e2d0f5ce72f72,0,0,3,3,BFC
115b7ac211d11c5995296dc612c4c8fab349d4b9,0,0,2,1,BFC
7b065c554ca55fbc96eced98c7cec0f442ab018a,0,0,1,1,BFC
813a7e1604eaad1c2792d37d402e1b48b8d0eb3f,4,1,1,1,BFC
839ca903f12ef8f09374e0b655456482536a733e,750,60,29,3,BIC
da05d52d2f0f6bd61094a0cd045fed94bf7d673a,0,18,2,1,BFC
5f15fbb68fd774780a7fa8fe25a88e4c9e518109,1207,0,0,3,BIC
377a22d3caec3d2cda0cc996101121145ac43ff2,22,34,17,4,BFC
b8f9bdc151e4a61eaa385900e580aad1e68f094b,1,1,0,1,BFC
76724b30f222067faf00874dc277f6c99d03d800,0,0,0,0,BIC
eb918f915f5bdf0d78479567dab016dfa975673e,0,2,2,1,BFC
6c17c1c3099d7367e67d51290884846dfeecf7bf,2,0,0,1,BFC
b40b2386bce982ad97f3683b2b34e589c3be5c5a,0,0,0,0,BFC
efe0160cfd40a99c052a00e174787c1f4158a9cd,0,0,0,0,BIC
4fd1bd443e80b12f0a01a45fb9a793206b41cb72,0,1,0,1,BFC
0829f6d1f69e4f2fae4062987ae6531a9af1a2e3,43,9,4,4,BIC
4813497b537c6208c90d6cbecac5072d347de900,3,4,1,1,BFC
52dfc8301248f5008d64a680e832e2f99c55ec9a,1868,0,0,2,BIC
80d887dbb673f007938c467fbfa118bba3e9f37d,28,5,5,1,BFC
60b86665af0dfbeebda8aae43f0ba451cd2dcfe5,5,28,5,1,BIC
67a75194bce07669bf11e14a24a95f64ebde8b47,0,2,2,1,BFC
afce615aaabfbaad02550e75c0bec106dafa1adf,0,4,0,1,BFC
1d325d217c7f190a42fb620ead20bb240fc16af0,6,4,2,1,BIC
62e6039f02888efdd824e8c596c4927616a97ce3,0,0,0,0,BFC
84d1d8a12df33a3e707866b9a1f9872058c3d1fb,220,0,0,1,BIC
b6eb66fd3430a1a0d1c89cf4bdb01062bdb9b738,1,0,0,1,BFC
53f70b8b5aa06db53eb06f092342e6073891729a,2,4,2,2,BFC
c124a62ff2dde9eaa9e8083de8206a142535c04e,88,0,1,3,BIC
e408ebdc41aa53f0aa552132384daaa5f5c6301d,1,1,0,1,BFC
d3e3becedc43adc8b8fb12e7507dd4e5aae4d17d,34,0,0,2,BFC
783692558a60cd69d8d86900b33846263598ca6c,0,0,0,0,BFC
e859afe1ee0c5ae981c55387ccd45eba258a7842,0,0,0,0,BIC
5c0338c68706be53b3dc472e4308961c36e4ece1,10,0,0,1,BIC
3ef0c7a730de0bae03d86c19570af764fa3c4445,19,13,10,1,BFC
b16c29191dc89bd877af99a7b04ce4866728a3e0,25,9,10,5,BIC
0a463c78d25b9464b77311d9dda297550a2d6aa5,24,2,3,3,BIC
f520e55241e1cf0c10d308ccf47513f28533f60a,9,0,3,2,BFC
c9c2877d08d9aa0ca0a5c227ac795fbb76269300,311,10,5,8,BIC
50cdb7c61b019a732fe34635a7cbf2a7487f5e90,0,0,3,1,BFC
2fd4167fadd1360ab015e4f0e88e51843e49556c,0,0,1,1,BFC
eb793e2c9286cca415423edff4942e4ba28e3cd4,316,17,6,3,BIC
1ee6f00d1164955b7bdadd36fc0f2736754784d9,16,16,0,1,BFC
aa5d1b81500e6059190f18fe25a7617682321910,8,0,4,2,BIC
5d90faf45427dd76fadbe7a4dc4fce3b6f87b550,0,0,0,0,BFC
209045adc2bbdb2b315fa5539cec54d01cd3e7db,702,0,0,3,BIC
cd8dd032f61abeb08d2c03bab4968a9de231a1be,3,1,2,1,BFC
79c5fe6db8c70558d3a64959f55596d137ccc6e6,1,1,4,2,BIC
585d93c5ffccced26689e34095c0d74ef20a07d6,0,0,1,1,BFC
edc11d49f88e3281457853a530c9e5a5540b355a,0,1,1,1,BFC
bc86a41e96c5b6f07453c405e036d95acc673389,5,0,0,1,BFC
cfa0ebc9d6d6308564f5174ecb655b9d504b2be5,0,0,1,1,BFC
8017c279196ab29174bafc104ac4ebbd42c7ca7f,83,20,4,2,BIC
79962a5c8ba5b33f49d88a058e2124bf2ff3c034,1,3,0,2,BFC
efe6f241602cb61466895f6816b8ea6b90f04d4e,1,0,0,1,BFC
d98de49a53e48f51332e97568127e722415e1232,39,1,9,3,BIC
867ac9d737094e46a6c33213f16dd1ec9e8bd5d5,3,24,11,4,BFC
9cfffb116887b1b7c51cd4e3fa5790dc52a0758f,26,31,0,1,BIC
a90e049cacd965dade4dae7263b4d3fd550e78b6,0,0,1,1,BFC
e50fcff15fe120ef2103a9e18af6644235c2b14d,76,0,2,4,BIC
bc88055ab72c0eaa080926c888628b77d2055513,1,1,0,1,BFC
2c67521821acd900d7508f37e49d0b494011106d,0,0,4,1,BFC
cd069bb9f9ff13b23492fda6ccdb458ac4f641ca,0,0,0,0,BFC
7d7080335f8d93a51e8238b6e85be8af4ba452b6,15,8,2,4,BIC
cc20c29ebc70a227c8bffa46ffc672f81fefa6d7,0,0,0,0,BFC
c57ec8fb7c025322f25a077afc94e0ef18cc3d89,646,0,0,3,BIC
fd763ad96ae5a4aa76ce00b4090b6044c63c18ed,0,1,0,1,BFC
3962981f4822aaf284234efd0500041417faea86,12,7,3,4,BIC
9f9e772da2db279c8d8c9206d271b8009c9093f4,1,0,6,1,BFC
14be36c2c96cd18cfa036f230b57ea78d82a303f,15,18,1,2,BIC
d5eb89cf68d674d165e36c49b486b5a487172d1c,34,0,3,1,BIC
a28b1b90de8322ecc45d58f1c08da12197dad17f,1,0,1,1,BFC
06dc75ab06943fcc126a951a0680980ad5cb75c6,0,33,2,2,BIC
69ec932e364b1ba9c3a2085fe96b76c8a3f71e7c,5,2,0,1,BFC
241a974ba2c0d98e2104012cb80ed4494c0e66a7,1,0,0,1,BFC
1bb79284fcf9ebacff16ea0b81b3d5b86528cfd4,1,1,0,1,BFC
9749fed5d43d84b86f1c98b70167c31c296bb6a6,24,24,25,4,BIC
864d9664245565a6b9df86a68c7664a25a4fcd58,1,0,2,1,BFC
ffb07550c76f70b8fa5e57352e7e299f4811f0a0,7,10,7,1,BIC
1819ae3dfebe7bb2ade39dbf04518448c922dc51,7,0,0,1,BFC
9aecce1c7d977e52759167a4916d71e80aaf5070,313,88,90,1,BIC
f4a3e90ba5739cfd761b6befadae9728bd3641ed,0,0,0,0,BIC
9305706c2e808ae59f1eb201867f82f1ddf6d7a6,9,0,6,1,BFC
749fb263b304faf60adbbf34988624fa7f33db1b,0,0,0,0,BFC
1dbdcc810928a2c1acdd0bbfce9495f63610a0d1,0,0,0,0,BIC
637f23abca87d26e091e0d6647ec878d97d2c6cd,0,0,1,1,BFC
867e359b97c970a60626d5d76bbe2a8fadbf38fb,43474,0,0,178,BIC
3fffc82ad6c78fcc9d5d4eca089f00db14ab0358,1,2,0,2,BFC
4c25b7a39005c9243a492b577c3e940eeac36a25,10,2,3,1,BFC
8561eae60ff9417a50fa1fb2b83ae950dc5c1e21,4,0,2,1,BIC
0e4324a4c36b3eb5cd1f71cbbc38d888f919ebfc,1,1,1,1,BFC
7dfb8be11b5d1db4325414ce16b8c164e08f52d8,10,1,4,2,BIC
17024ad0a0fdfcfe53043afb969b813d3e020c21,0,4,0,1,BFC
7e7dc66adcf490a619bc3c7763a8cebadfba73e3,1,1,1,1,BFC
8e0861fa3c4edfc2f30dd4cf4d58d3929f7c1b23,67,0,2,4,BIC
648b8eba20d0bdce9de41df97677e70aa53693ea,2,2,0,1,BFC
a09209acd6a808794bdd7866af3678d1fd1d90e7,82,1,6,1,BIC
8b35bf5927b1e89e9b2f9ddbd701bd9b27456e78,0,0,0,0,BFC
0c9888e3c1925ef4b18a04f71fa3a8228a648a08,681,0,0,1,BIC
9735ee9e3cc3ba113ac96b0368ef3f1a73092a23,0,0,1,1,BFC
38115f2f8cec8087d558c062e779c443a01f87d6,8,0,1,1,BFC
003002e04ed38618fc37b92ba128f5ca79d39f4f,7,1,3,1,BIC
ef42719814db06fdfa26cd7566de0b64de173320,2,0,1,1,BFC
e47057151422a67ce08747176fa21cb3b526a2c9,2,0,0,1,BFC
46a704f8409f79fd66567ad3f8a7304830a84293,21,0,0,1,BIC
b9670ca20abcdd1587c15f8cf2d39edce5d2f37d,0,0,0,0,BFC
b6705157b2db521ec7ff3b3ac205230f231798a6,0,0,0,0,BIC
8820b68bd378db1821b23b93dbb5a1a06cbbdfdd,91,81,14,8,BIC
1b355094b308f3377c8f574ce86135ee159c6285,0,1,0,1,BFC
dc892e17bbae670a3d7aa6ab8bd1033b15b24645,4,2,4,1,BFC
58e9cc90cda7bc732856a2ad3210328fbc4f6ca2,2,0,2,1,BIC
d2e46fccc3e3d73a741efe433f00960331280696,1,1,0,1,BFC
68e995a295720439ad2bf8677114cdf9d262d905,169,12,31,4,BIC
f6f58d9d93fdb53f24b0086ce1c51d3388aa6e53,4,6,0,1,BFC
b7079eeac5da0d50a89a73969ff390e8cdecec44,52,1,3,4,BIC
a7ee8cf190ecc8f118f0b7839912564117524d85,3,0,2,1,BFC
531da74075a7805768ce3cd323e37e3548cbf6c5,0,0,1,1,BFC
cf601774c9f23078010adc9e6cd29470fafa5678,4,0,6,1,BFC
e399396a6b061ba9e68e64e2867cc3a0f26f0ace,15,24,38,1,BIC
ecd5f9959d2c9540482977ff1208ea67fbfb8cc9,0,1,0,1,BFC
fd36f3dd79331b9610664b867ff205465bf9ce68,13,8,16,4,BIC
3ffbc1d65583394be12801655781dd2b079ce169,2,0,0,1,BFC
3d4762639dd36a5f0f433f0c9d82e9743dc21a33,0,0,2,1,BIC
ecc7b435d2beb025d7506af74cf749af2cef5734,0,0,1,1,BFC
1c5876ddbdb401f814ef717394826e7dfb6704d4,34,5,10,13,BIC
364e93ca5dd6f4d266c3a5ff169961d2caac19fb,0,0,2,1,BFC
a729526720059ae019803acc953f07d9c17ae234,89,0,0,1,BIC
7b758a111819006ba64dd23aa016d42a20ba8557,1,0,1,1,BFC
5462bcd8c9dc7e7ff2dd54c3f1bb5a9a729f7a73,0,0,2,1,BFC
0c4cb7314d15d63fbc96e60c57443f3ef83b9c5e,21,2,1,1,BIC
2388bd7b133504fa0991f483db66fad3a0de8694,1,0,1,1,BFC
61dd8a8a6a0c3cbfb6b02ab652c4f4efb93f3d79,12,0,0,1,BFC
10b2b2019d810f6cc6cc1461615371014d0d11c8,182,1,12,6,BIC
2aeb1883547626d82c597cce2c99f0b9c62e2425,5,0,0,1,BFC
ba5213ae6b88fb170c4771fef6553f759c7d8cdd,8,3,2,1,BIC
271612d72da5b46715447bc18add4a1cf7d87687,0,4,0,2,BFC
f95d95a7cd5514549dcf6ba754f0ee834cce3e1f,4,0,0,2,BIC
0a16628212b8b0daac643b6a0f1caa4e9482afc8,2,1,0,1,BFC
d9cf48416596717184b36d96c313311ad39dac05,0,0,0,0,BFC
df33767d9fe0ca93c606cc9042df05e5045c8158,20,13,0,3,BIC
d2939424ff89f1ee3aeefdd030cba6ba163e77ac,1,57,6,3,BFC
560a758d39c616f83ac25ff6e0816a49ebe6401c,57,1,6,3,BIC
7d9a1e418c962c2b25b8835dd3a6c68f81912fcd,0,32,1,3,BFC
ae25eceab616d16a07bcaa434b84463d58a3bdc3,32,0,1,3,BIC
cd84aff1d981bc34ed3166f3071916ca9ceefadf,0,0,0,0,BIC
a00c69632a90a0e5ce195dd3115566772f237294,0,0,0,0,BFC
13bb0fd5519db658860ce3b3c89a7631a3ed1077,100,0,0,1,BIC
cbf5ecb305601d063dc94a57680dfbc3f96c188d,1,1,0,1,BFC
8799a221f5944a7d74516ecf46d58c28ec1d1f75,1,0,4,1,BFC
7b1a74fdbb9ec38a9780620fae25519fde4b21ee,79,13,13,6,BIC
7f9b80529b8a2ad8b3273b15fb444a0e34b760a9,11,9,17,4,BIC
be35e8c516c1915a3035d266a2015b41f73ba3f9,1,0,0,1,BFC
4cabc5b186b5427b9ee5a7495172542af105f02b,84,3,11,2,BFC
6759b019eeacd7de034d4093177f7205abc16d79,0,18,2,1,BFC
a6e2d36bf6b7e2f821ce89dc6e5fb9b4dfe2970c,22,34,17,4,BFC
0399b696f7f4ad4c48d59850d0e6adbed43c1d88,1,1,0,1,BFC
552636be7afc86531d1931b5104d7002850d3af7,0,0,2,1,BFC
163f1e93e995048b894c5fc86a6034d16beed740,0,0,63,2,BIC
c75d3ec8c0ee469de79ae83c1a827d753603e49f,8,0,4,1,BFC
266098b841d48f7f0db40424bdbc072e4db14e9b,0,10,0,1,BFC
db1b5ddd53365a07a7754803bdba370ebb84ba19,5,4,86,4,BIC
f0c6e88288d65c93bbc7da4fb6f7d51b2733228a,1,0,0,1,BFC
dd75cfa6d3216c79c695f5af13e52208afe374ad,1,0,1,1,BFC
45e86b33ec8b33f9ed41d9f9005f9e663018f8f1,26,4,3,4,BIC
9064d6055c14f700aa13f7c72fd3e63d12bee643,1,2,3,1,BFC
13a239330abdda5afcb1161fce68ec214af2cc90,33,6,16,2,BIC
6ebedacbb44602d4dec3348dee5ec31dd9b09521,1,0,0,1,BFC
6031e079aa4656743298ea235b894ee883f45c71,2,0,1,1,BFC
653f0a71daf1a71d55d3af368c28c8114c11c607,2,2,0,1,BFC
880a66275ef4d1e08e5d4dcf4cec768de18c68ef,14,2,1,3,BFC
b00c9b7aa06786fc5469783965ff3e2a705a1dec,2,1,2,1,BFC
b00a726a9fd82ddd4c10344e46f0d371e1674303,36,23,6,1,BIC
0c96b27305faf06c068b45e07d28336c80dac286,11,1,0,1,BFC
5b7aa87e0482be768486e0c2277aa4122487eb9d,291,0,0,2,BIC
db9108e054700c96322b0f0028546aa4e643cf0b,1,0,0,1,BFC
ccfe9e42e451232dd17a230d1b4e979c3d15311e,12,8,9,2,BIC
6f8fe61ee583f1b75fef81d9c9434b7496a01881,0,0,1,1,BFC
1f63139c3f8af1d6a09de5dd355c8b5695407c79,18,65,63,1,BIC
576d55460e7f209139545a348746c2fcadf61bc3,2,0,0,1,BFC
0f1d832ed1fb9527a4cc5fcb8511e85fd0a85185,87,0,0,2,BIC
a5ec7fe81a6ec38cb8b8a798d0552cbcadce7aa9,0,0,0,0,BFC
0d70262a2d60886da6fe5b1fc8bbcd76cbbc306d,10,4,1,2,BFC
4cabd1d9625c7d88acd143f4021fbef75394f154,21,0,1,1,BIC
42d720d1731a9d7035c2812437c35e271ec4dd78,2,2,2,1,BIC
325cdacd03c12629aa5f9ee2ace49b1f3dc184a8,0,0,18,9,BFC
19d436268dde95389c616bb3819da73f0a8b28a8,30,3,22,10,BIC
8e517e762a826d16451fb6ffb0a8722e4265582e,9,0,1,1,BFC
523d7423e21bfe78452a640878d1de189ac45d91,4,21,10,1,BIC
1d88f183734c0d916428911df006e645a6162cab,14,6,17,4,BFC
09d8b586731bf589655c2ac971532c14cf272b63,35,50,44,8,BIC
ce87ea15ebc60a9f8f156b2549f7b2cf7fe48d04,16,40,2,1,BFC
e708e35ba6d89ff785b225cd07dcccab04fa954a,0,0,1,1,BFC
4467715a44cca2fa41d25f3d32b737bd2331a8d9,29,49,48,3,BIC
2901215920aa7f984a273104d97ac808a8cbc090,0,4,4,1,BFC
3bda69c1c3993a2bddbae01397d12bfef6054011,7,0,0,1,BFC
bb0a2675f72b458e64f47071e8aabdb225a6af4d,1,0,0,1,BFC
f39908d3b1c45208c6898550167bfa766fdd6bb8,84,0,0,4,BIC
d12fe87e62d773e81e0cb3a123c5a480a10d7d91,0,0,0,0,BFC
65e3c766359992f6cbe3fa1ef0a19546ecbdf380,0,0,0,0,BFC
80d6076140b2bc0e6b9951f6aacc3de55ceb37fd,0,0,0,0,BIC
9dd59727dbc21d33a9add4c5b308a5775cd5a6ef,2,0,4,1,BFC
3aa0907675a38498d8f2d343e94207ad28a117cf,3,12,3,1,BFC
74dcb29a38e4419a8e4217caa7e35ccc1b31e5a4,0,0,0,0,BFC
955f645aea04f3130d39c7889e2c5bd7f6d638a3,0,0,0,0,BIC
57d8ba0f0f6a4cfd6b6e0ce112fb1db2fbdcd397,0,0,0,0,BFC
68803ad4522f5defc091c29f75665d942f2d5e82,334,0,0,1,BIC
e33bf72361bdd764c827e160249a3e06d2a8e2fe,0,1,1,1,BFC
8ee8c2d62d5f9e7d1e592426d3d0b941df29f688,7,0,0,1,BIC
56d27666f8fa21835724217b0c67d42b769b5723,0,0,0,0,BFC
5f09a9c8ab6b16eefbcf81635330d68481af1edc,63,26,12,7,BIC
914cea93dd89f00b41c1d8ff93f17be47356a36a,14,13,0,1,BFC
4c16bd327c74d6678858706211a0c6e4e53eb3e6,246,6,13,1,BIC
975e83cfb8dc16e7a2fdc58188c77c0c605876c2,4,4,0,1,BFC
f104e1e5ef5788f02de2053bfbd0f02d629b6036,33,30,2,1,BIC
54d20ed1fff23c7d2633f01fc788111bf9c51c5d,0,0,2,1,BFC
ec0aef9881d18aa781268ec9cba8eba5b202f5b4,0,0,0,0,BFC
973020fd9498db8637463c92df4fd6d52caab05c,0,0,0,0,BIC
3840538ad384fb7891adeeaf36624f870c51fc0e,2,0,1,1,BFC
ce4ff76c15a877a62097807a35518fc808c1853c,36,4,15,1,BIC
59a0879a0e17b2e43ecdc5e3299da85b8410d7ce,2,0,1,1,BFC
ca8a282a5373f96d0ea002d97a168211448e8526,62,3,2,1,BIC
44fed277f81ba22e3f2fbcf1501c3b14aeb9f8e4,0,0,0,0,BFC
509051ea8427b2f73f065a1b0a1ef871727c9cb2,1,1,3,4,BIC
8526bafc149ee4d0df5eabca0f440164ec705c99,0,0,0,0,BFC
8e5dc848356ecf6ea8d27d641c4d7ad8d42fe92b,0,0,0,0,BIC
bbb3be170ac2891526ad07b18af7db226879a8e7,13,3,11,3,BFC
98a29c39dc689298d2f834f40102cba752eb49c0,51,1,8,3,BIC
d31fd43c0f9a41e2678a1e78c0f22f0384c6edd3,7,0,0,1,BFC
282a4e4ce5f99e3c166abac929498885a711e19f,73,0,3,1,BIC
e3ccf1d1dee5129beb839fe05c61eb134131bdd6,2,0,0,1,BFC
26dd3e4ff9ac1aa576c97d23d7425d2544dbc5bf,16,25,53,73,BIC
073dd5ad34b1d3aaadaa7e5e8cbe576d9545f163,0,0,2,1,BFC
cf56c2f892a8a1870a8358114ad896772da7543a,0,152,0,2,BIC
9bcf66c72d726322441ec82962994e69157613e4,8,7,0,1,BFC
7dcc18adad31d15d528414bdff12bf98d33d9a20,0,0,1,1,BFC
5e9c16cc83a708a031f3999ac84f57101123d109,127,0,0,2,BIC
18bcf2907df935981266532e1e0d052aff2e6fae,2,0,0,2,BFC
58d607d3e52f2b15902f58a1161da9fb3b0f6d47,12,4,2,6,BIC
af0b0baa89953aed07034725023371b2fa50a1e6,0,0,4,1,BFC
8b1bd11c1f8f529057369c5b3702d13fd24e2765,48,27,51,6,BIC
84969465ddc4f8aeb3b993123b571aa01c5f2683,12,6,6,1,BFC
cee7413d84044a0c1919a7c70a2d761ae24390de,22,10,28,4,BFC
579c183e4fe01d493f2efef8a335a9607376f754,0,0,0,0,BFC
ebe6b2b81464a2c083542feb1a1a6c78a2268151,6,0,0,1,BFC
2d4aa21a73ba1019195f2200361c0fabe6f7d261,392,0,0,1,BIC
80584efcc6bc99871433cc5b8f639cc0154962ea,0,0,1,1,BFC
5747ff3091f7328a0c3e63eafedafe80d7953be8,1,0,0,1,BFC
36cda08f98b1a97159ae8b3b23937d9c324e5437,3,0,1,1,BFC
1ed289f7b78c34565a33dbe6f8c482e71f493934,1,1,0,1,BFC
972b812bd1e17cb0a9112f565951795f886fcc94,44,36,18,4,BFC
84ea95436b83884fa55780618ffaf4bbe3312166,0,0,1,1,BFC
610e1ae9b533be82b3aa118b907e0a703256913d,2,2,0,1,BFC
b56fa687e02b27f8bd9d282950a88c2ed23d766b,29,20,10,1,BIC
029d9252b116fa52a95150819e62af1f6e420fe5,39,0,0,8,BFC
8d4514173211586c6238629b1ef1e071927735f5,0,0,0,0,BFC
928413bd859c0936f03f6a3504c4721e83a3d1d7,0,0,0,0,BIC
76127d6fe00062bddb25515d8a4f44633c41fe14,0,0,1,1,BFC
db88977894aba193deee70b335c3db58b7ac6393,75,0,0,1,BIC
41cdf7a45389e01991ee31e3301ed83cb3e3f7dc,5,0,0,1,BFC
efc856edfd66acc5da34fec92d7feca6fd0f9add,0,0,0,0,BFC
a7e6e5d8b221e57fed9fda6ec81153fda773c073,1,0,0,1,BFC
5a3cf86978a1ac433407704ec280919751aa2699,0,0,4,2,BFC
5fe599e02e41550c59831613a11c8ae057897c29,12,0,3,2,BIC
b0529becebde629ff6abf2afdca6def6824f4fa9,6,4,1,1,BFC
4c07f9046e48c3126978911239e20a5622ad0ad6,0,0,1,1,BFC
ddac9c5bfa75029ed4b58e81d8d3c49694598ff6,0,2,0,1,BFC
76fc0cfcc5b0f520062ca6d7225b224d4a8aa828,0,0,0,0,BFC
acd7d8cef01537062e318143d700357d5a92bd6b,0,0,0,0,BIC
46f55cffa47330b99537985a50d92945d4b34658,20,5,0,1,BFC
d515e027a9bcadbabfb95fa15fde94bd372d48bd,0,2,0,1,BFC
00f64b58874e14dec2b9c02f7d63147315e0a09b,615,0,0,2,BIC
56012e1cada54460f9e456cd77276e765e06ce6c,2,0,0,1,BFC
fa12167cedea353e71dfb776023b84381305b4d9,0,4,0,1,BFC
1e17de9049da5ef482ec8f6a875a83bec96bed3e,150,0,0,2,BIC
32f2fea6e77e64cd4045ec2d5deb879aada3b476,8,0,2,1,BFC
dc11bae78529526605c5c45c369c9512fd012093,241,0,0,2,BIC
df39a9f106d53532443a804352894480ca6ca5fd,0,0,1,1,BFC
a696712c3dd54eb58d2c5a807b4aaa27782d80d6,12,10,0,3,BFC
f905293d655cbb8be833261ef390aaba71b44307,14,0,0,1,BFC
7e700d2c59e5853c9126642976b4f5768f64c9b3,8,0,1,1,BFC
4e3f0701f25ab194c5362576b1146a1e6cc6c2e7,1,0,3,1,BFC
cb0fbbf22aa1e0ffcef3f4a055b75a5b17e01ca5,0,0,2,1,BFC
eff793687792d3eed594d147aceef2000fb9ca3d,0,0,3,1,BFC
91fa953ea6f465828b5bc5df5fa027960326a6eb,0,0,0,0,BFC
8f306cfe438372c7e490b0511a75e068e215d17b,0,0,0,0,BIC
bc240eec4b074f5dc2753f295e980e66b72c90fb,0,0,1,1,BFC
443b9a14ecbe811071467d54d6f2f1182835cc4d,233,18,69,5,BIC
bebb2a473a43c8f84a8210687d1cbdde503046d7,5,1,0,1,BFC
565edd1d555513ab5d67a847d50d7c14c82ef6c3,18,2,7,3,BIC
c8c16d3bae967f1c7af541e8d016e5c51e4f010a,11,0,0,1,BFC
318d311e8f016dbbf22160d7b1c19a290a95ad9d,16,0,9,2,BIC
99975cd4fda52974a767aa44fe0b1a8f74950d9d,0,0,1,1,BFC
c6325179238f1d4683edbec53d8322575d76d7e2,0,0,8,8,BFC
6509f3096263ca2714ec938439a832b302a3a65e,41,42,1,1,BFC
36ac344e16e04e3e55e8fed7446095a6458c64e6,0,0,1,1,BFC
ec0e3f01114ad327112432a4da8840eb22fed577,15,19,5,4,BIC
97772bcd56efa21d9d8976db6f205574ea602f51,3,2,6,1,BFC
870190a9ec9075205c0fa795a09fa931694a3ff1,59,47,12,3,BIC
5b20a436835a3e4d0a8118594a864bc88ea53f93,1,1,1,1,BFC
cc5d0db390b0ff0f5da95b643a2b070da15a9c3e,279,0,0,2,BIC
651e9268fb9b9944e063d731b09c0d2ad339bedb,4,0,0,1,BFC
f1013cdeeeb978e3d8ef254bee1f007da4c862f3,0,4,0,1,BIC
c641e5b207ed7dfaa692820aeb5b6dde3de3e9b0,3,48,6,3,BFC
99b04f4c4051f71bc0665a66e11b8fbed17c8958,43,2,7,3,BIC
cc84b824e489ef001597ea0ba0ddcec17fb1f05d,1,1,1,1,BFC
998849967c57705b2cb013d4aea439e7e76e2d8a,0,0,1,1,BFC
a3b02a9c6591ce154cd44e2383406390a45b530c,687,0,0,3,BIC
8038e09be5a3ac061118bd80c7a505829920b50f,13,0,0,1,BFC
e8fa5671183c80342d520ad81d14fa79a9d4a680,17,6,0,1,BIC
ceb8a12ff2d4b085f7cee1ac44523ee63ce51e20,0,0,1,1,BFC
2b37c3e285f9dfd76735b0b4b26e0ada949e97b5,75,0,0,1,BIC
496f8931b6460febac1dc91c03e86530f938483a,0,1,2,1,BFC
0508ad1fff11a8b0acdf0333b5fe108d7bd5fce4,60,0,0,2,BIC
799ee2970485dc206c3bf347d6e6827c04d5e4f9,1,1,0,1,BFC
f2ad99fc46d5454e097692c8c8202fd5bc46c809,0,0,1,1,BFC
59d6b7189a968d627af37fc26a410dced0854b99,6,0,0,1,BIC
6463a4571ceefc43908df4b016d8d5d8b8e85357,2,0,0,1,BFC
dad72a1d28442b03aac86836a42de2d00a1014ab,2,28,2,3,BIC
eba9718ed25b2f8a3c066bf985edd5046485a018,7,10,0,1,BFC
7f1d4e58dabb2668dd89547619ae4138996a8e26,79,47,9,1,BIC
7c40b22f6f84c98a1d36e6d0a4346e58f05e45d8,2,0,2,1,BFC
5240d9f95dfe0f0701b35fbff1cb5b70825ad23f,27,10,6,2,BIC
914902af4f271884968f72c4fa144c723be2a699,3,0,1,1,BFC
a02a946dfe9633d7e0202359836f6b5217a62824,737,0,0,8,BIC
f5cc6898650210a90669437d2d9a3fd564ff7d88,1,1,0,1,BFC
6f428df47dae2c8ea31fd4c0c74a12a8a5ac2d1d,162,2,2,3,BIC
c2acfd95d0c7df0bf6826d9d1ca3796160728a42,5,4,7,1,BFC
278b1d709c6acc6f7d138fed775c76695b068e43,63,22,0,2,BIC
00c8ebb360937bbc5da02929d62fcbf6a72801eb,0,0,3,1,BFC
e67ae2b7b23b283e657865b498b151e6a17b919d,0,0,4,1,BFC
f179d3ba8cb9073c2d96315b79ff7bc658a1feee,165,73,2,1,BIC
06168a64b1ae346816fcd0a0c3ea5276c778408b,1,0,2,1,BFC
2a0c316bf3ccd910dc58ec62465ff620c664b5e4,1,1,0,1,BIC
3ee5447e8cd9a65d08fbb49fa9767cbf7fef6d91,15,9,0,1,BFC
0d6fce904452636540949d0babd8fd398002af73,24,17,3,1,BIC
a70b487b07cf4201bc6702e7f646fa593b23009f,0,0,1,1,BFC
edd9003f7f9dddd28fdd768e6e7569d996c769cb,0,0,1,1,BFC
635f56c342cd195a8059f24296fe7fd795aaa33d,1,23,4,1,BFC
1acfc104cdf8a3408f0e83b4115d4419c6315005,44,35,20,4,BIC
4ab3c51e0540ba8464fe34d84cc35821bb77ae92,8,4,0,1,BFC
2b01bfaeb41e1563322448d9b392ac924cbf22ef,1,0,0,1,BFC
6929cb00a5017633aa54c6a9071cc0abfd573b47,29,0,0,1,BIC
91a024e80336528d12b67b5a2e636b9e4467d3ec,3,1,2,1,BFC
0ad4c07edd413cb64abed217355d51af3649c5a3,464,0,0,1,BIC
86be7f7b2d940ddc18143061e77989b017d93bf8,1,0,0,1,BFC
26cb2be4c7c42644ccd147c786edb9006300ee56,4,0,2,1,BFC
9a37e53e451eff5790ae15341031e39777105127,6,0,0,1,BIC
8ff235fe7a8c4a5824c223b9996457174442e73a,0,0,0,0,BFC
bf1a8aa0a2d6b0a6d8736de7ac07c886b092cbad,0,0,4,1,BFC
78864ed5f3a743a36e9000db94709eca960efdcb,1,5,10,1,BFC
e56c513a7a2afad84bd1eba3a361a1d6d6abf5ce,0,1,1,1,BFC
8921778241188e9752aeac2aa54584795c043ce0,1,4,1,1,BFC
f21b4fca14ad00a64fbb4460e14172ce9ced9c97,0,0,2,1,BFC
6fb1870912f84b1d81fd21cdfe8c9a75f8aa1669,0,0,18,1,BFC
5d26ee5172dc6b0ddceac835a6a1d838cfd7f135,0,0,2,1,BFC
dda7e6ce8e58328053242b5dbe6f9f10a673302c,0,0,3,1,BFC
04ee2ab395db733c04f02b6ba0d8f13aa0a5d744,0,0,1,1,BFC
7aa36a334dc3f11188d9cc024cfa06debb5cf7e6,0,0,1,1,BFC
b6db6bfe7188058b34b6385ea68c0be37cff5714,0,0,1,1,BFC
4753231cc94683903135b9ca6d71eaab79f81349,913,0,0,1,BIC
1554b989e58c8e5327da5391ea66b6b166f09d8e,0,0,1,1,BFC
70070190871f831ceb46cce6c2b9a1038d1802cf,0,0,2,1,BFC
e2ab17707689c2e5bea735bc66260ecb42a81483,0,0,2,1,BFC
2ebedd8d5ca8747fc7efd8a97129802bc6965468,3,0,0,1,BFC
c6d67fb037f4eaafeec495611dd909c51d33f6a2,92,3,9,1,BIC
a992f2d38e4ce17b8c7d1f7f67b2de0eebdea069,19,11,3,1,BFC
6883cd7f68245e43e91e5ee583b7550abf14523f,7,5,0,1,BFC
cdb55b39fab82b5d48c9a7aa0348268f07b993ed,11,8,1,1,BIC
bee91869436dfb0e444139a52228cef0ce758cd8,0,0,1,1,BFC
dd02ea5a33059e4a753ae8bb877b698c54ee2907,29,92,21,6,BIC
2a596fc9d974bb040eda9ab70bf8756fcaaa6afe,8,0,0,1,BFC
d1510a2e5ab6cb3a67f1c55ca5e7a6d2c6dec340,0,0,0,0,BFC
ae58d1e406986f31d1e88b32f5ac601506c196d8,320,0,0,2,BIC
ccdb2d17df9f07c291d43b0aeea7c90e4c020489,0,0,1,1,BFC
2647a9b07032c5a95ddee1fcb65d95bddbc6b7f9,12,6,12,7,BIC
87b2c3fc63175bb32c96d4ec58152d4fdd5a4ae1,0,0,1,1,BFC
9f42ef4bc26b83bd33feb9a9fa55e25e5752a495,0,2,2,2,BFC
a86054236d356b973b360c43c4d43fef6555db13,0,0,1,1,BFC
011ce71609e9cd0751b495e24ff8c83fa8d7c7db,0,0,1,1,BFC
5b29aaaa1e3c33829ab19a0da43fa637f0685603,1,1,9,1,BIC
15d5193104a457d5151840247e3bce561c42e3e9,0,1,1,1,BFC
080e6795cba316663a5eb4f49500937eca4f32cd,252,59,66,1,BIC
876dbadd53a7102e2a84afc84ea2bd3ee6dc5636,78,99,7,1,BFC
ea6c3077678f969577e0f75aecda9478c3840912,0,0,0,0,BFC
07d4510f5251a9992bff642f4fe84386bd55adc7,0,0,0,0,BIC
c925dc162f770578ff4a65ec9b08270382dba9e6,0,0,1,1,BFC
5ffff2854a0b88fdd279fdb9cbf053d16c8fb2d6,0,3,1,1,BFC
05969566e6d64113a861adc6c17cbba685c640b3,0,0,0,0,BFC
184f39b57cab6fd00b045689d300070ca0ceac78,0,0,0,0,BIC
32984565574da7ed3afa10647bb4020d7a9e6c93,8,0,1,1,BFC
1d3648eb5d1fe9ed3d095ed8fa19ad11ca4c8bc0,0,1,0,1,BFC
79135b89b8af304456bd67916b80116ddf03d7b6,18,5,0,1,BFC
f19fd62dafaf1ed6cf615dba655b82fa9df59074,11,3,0,1,BFC
4aea287e90dd61a48268ff2994b56f9799441b62,1,2,0,1,BFC
105967ad68d2eb1a041bc041f9cf96af2a653b65,0,0,1,1,BFC
29148543c52146bbbb3f918c5312f6fb7eef21af,45,33,18,1,BIC
37511fb5c91db93d8bd6e3f52f86e5a7ff7cfcdf,0,0,1,1,BFC
bd726c90b6b8ce87602208701b208a208e6d5600,7,4,1,1,BIC
a6664433d383eeb71cbdeb9aea2c66eeea76e742,2,0,0,1,BFC
d63d61c16972c667d770f713c21aa04e2c0489d2,21,3,0,5,BIC
4acadda74ff8b949c448c0282765ae747e088c87,0,0,5,1,BFC
528e3d178f257e36001345d4d61ae5af35422017,94,3,4,5,BIC
59a74990f85bb372c9117e40c6cd27693b6df670,2,0,1,1,BFC
7799953b34d1838b30e3d69fd36aa3288ac1e89d,134,10,18,5,BIC
f34e87f58dabc31eb69f61cf4a79e951d4176743,1,0,0,1,BFC
272eda8298dc82eb411ece82bbb2c62911087b24,25,0,0,3,BFC
1ed134e6526b1b513a14fba938f6d96aa1c7f3dd,43,23,0,1,BFC
34c8ea400ff6383b028f63df2453914163afc07c,11,25,1,1,BIC
10b3bf54406bb7f4e78da9bb2a485c5c986678ad,0,0,2,1,BFC
c28445c3cb07ba1da2c1dc7b5f3066c686a6acc6,26,0,2,6,BIC
c98b0537f0d962b46c62c27b6c2d783257f7400f,2,0,4,1,BFC
03eb3eb4d4d56414efbe05a5521b2fc4ce175cb7,14,0,0,1,BIC
ccd4eb49f3392ebf989d58bd013a7bf44cdca4d6,2,4,0,1,BFC
31a4562d7408493c6377933ff2f7d7302dbdea80,2,0,2,2,BFC
8580e2117c06ac0c97a561219eaab6dab968ea3f,45,6,6,3,BIC
40fbbce007cb458da4c15cbf53beacf6b755cedc,1,0,1,1,BFC
230cd1279d0019d52f9529c7d91c96d095cae755,0,0,1,1,BFC
633547973ffc32fd2c815639d4675e1531f0896f,2,2,65,21,BIC
457839ed3e78618cf0354cf79a1f47fe6eb26aef,1,1,1,1,BFC
00f06b246a3056bbaa901a90a5a93c9f81ab8e36,69,5,18,3,BFC
95844d20ae024b5d553c9923a0d3145c3956bf69,122,43,5,4,BIC
6e34e1f23d780978da65968327cbba6d7013a73f,17,0,2,1,BFC
ffb810563c0c049872a504978e06c8892104fb6c,4,0,0,1,BIC
5d89fb33223e0be32e4100623b915048b02beeec,1,2,0,1,BFC
5361e209dd30040dade51ea7c8f97f4090b30116,1,1,0,1,BIC
ea3dad18dc5f778cfd931311a91a9315aa0065a3,14,0,4,1,BFC
ee1d6d37b6b884383b501089be93ce94f2153028,78,1,1,5,BIC
8fc646b44385ff0a9853f6590497e43049eeb311,1,0,0,1,BFC
3fe6e52f062643676eb4518d68cee3bc1272091b,21,93,6,5,BIC
1f541895dae956df0be14a3190f507b601ac3fcc,7,10,10,2,BFC
42fe28f607634841e870acf16b10469824594463,2,0,0,2,BIC
505bbe64dd04b105c1377703252758ac56f92485,106,137,29,5,BIC
8d75483a232aea9c3224b8146edf45b3bbb552fd,10,7,3,1,BFC
d7a21c1bed54adcf96e1713019a6ad87e90fbbc3,58,36,2,1,BIC
431af645cf662652bc43c7a26f87cb40aedb01d9,68,15,16,4,BFC
68791649a725ac58c88b472ea6187853e67b3415,16,0,0,1,BIC
a80d66c9e0d1ac31fa3427340efa0bf79b338023,0,1,5,2,BFC
451d26e151f0792601d10378a608c52304b6a357,10,11,16,4,BFC
4b196dc6fee9ba838ebabf824e294a429c79b27d,27,4,1,4,BFC
04d25b7d5d1b43fbaffe4ad4bb21288f0f305338,1,0,0,1,BFC
cc89684c9a265828ce061037f1f79f4a68ccd3f7,5,1,5,2,BFC
bafc9b754f752ea798c39f9b099a228fd56604e0,2,32,2,1,BIC
a0bc01e0f1fa39702b5244b3bac699bea0d4f413,1,0,1,1,BFC
fabbbee0eb0f4b763576ac1e2db4fc3bf6dcc0cc,0,0,1,1,BIC
2eb3aea7d9c43325a12df312adfc7fb25bbd636b,1,0,0,1,BFC
8ef9b0b9e1c02879c9a41246437a23f513e4378b,9,15,5,1,BIC
266530b34cb679188d5b2bd6e580b8105f4cb593,3,0,0,1,BFC
012c6741c6aa916e276a0dd2f1c0020041540206,14,23,4,3,BIC
b20dae70bfa5014fdf201d0a8589271b888e4927,0,0,1,1,BFC
107c1d0a991abe632a051de697c5acc33c03fd96,6,1,0,2,BIC
56a91c4932bd038f3d1f6555ddc349ca4e6933b0,2,2,2,1,BFC
edb1ed1ab7d314e114de84003f763da34c0f34c0,81,0,0,2,BIC
9aea7779b764a11e357d3c74af6aee3cf90f2045,6,0,0,1,BIC
4cf56a89c696e66d10612b43b7e95852611e76c2,3,11,1,1,BFC
bbdc74dc19e09ac4e71bfb219596b3d5bc786720,1,0,0,1,BFC
76cde7e495904064d612cf3eb4bf6d9e76ff8191,46,5,5,1,BIC
89c5b53b16bf577079d4f0311406dbea3c71202c,0,0,5,1,BFC
7c60c48f58a78195acc1f71c9a9d01958c02ab89,43,93,43,1,BIC
91a90140f9987101d730b7dad8c6406321285da8,0,0,1,1,BFC
16981d763501c0e06e434cf6b59f964c520e0ccc,23,6,6,1,BIC
d93b07f8a689cde962d4f97668a74ab76f55734d,2,6,1,1,BFC
1c2fa5f846832cbed8b8e6151471436071972e41,6,2,1,1,BIC
c70d68150f71b84cea6997a53493e17bf18a54db,2,4,1,1,BFC
12fb0da45c9a077dd76d9848f791fbdd4b8d4050,166,38,42,1,BIC
68c59fcea1f2c6a54c62aa896cc623c1b5bc9b47,3,0,1,1,BFC
a680f1d463aeaeb00d22af257a56e111967c2f18,1,0,0,1,BFC
25d1d50e23275e141e3a3fe06c25a99f4c4bf4e0,24,0,0,1,BIC
0ce3fcaff92908c370334ce3b9111aeea71159d6,8,5,3,3,BFC
dc15e71eefc766373833602c353cf6b4f49da036,22,0,2,1,BIC
eeac8cda2c957e156093933b860eec09e488fe15,4,1,3,1,BFC
bc88ac47d5cb11c7dd9896781f793fae519d53fa,136,1,2,5,BIC
949c033694864082db9b3f5304723a6d7407f8e2,0,0,1,1,BFC
34d5ac2af644a10958e144b7bb937d289dfd158d,0,0,1,1,BFC
ae13cb9b1926e821ab8b5f00995f829f10d9fa20,16,6,0,1,BIC
5fa99cbe7b666dce6dd8ac55b253778893b9c5df,6,11,0,1,BFC
3af18d9c5fe95a6b377dca7b9ff9c6d3ab7f0969,58,3,8,1,BIC
fa43bc2a5a041c8935c1f6f5f8ab2d57efdd9644,0,0,2,1,BFC
dd7d958ae9126b2d4a96e41340579049afebd2bf,0,6,0,1,BIC
6409e84ec58fc4c0085d8921f8e01815dc871971,0,0,1,1,BFC
011067b05668b05aae88e5a24cff0ca0a67ca0b0,24,36,21,18,BIC
8f44c9a41386729fea410e688959ddaa9d51be7c,5,0,0,1,BFC
18e2f61db3b708e0a22ccc403cb6ab2203d6faab,359,2,2,5,BIC
76b825ab870be3281edac4ae8a414da6e54b0d3a,7,5,2,1,BFC
2e3d232e139a7128e2494a840a8a00fb9ab65f45,1,1,1,1,BFC
4f75ba6982bc7e37e7738b2f1257d21a9c9e5d31,61,0,1,1,BIC
88f0f09b3ab7d817b897cedbd7a05a565ff4f75a,0,0,1,1,BFC
abfcdc1de9bf38cdde6792a165c75d9037ea35fe,170,7,1,5,BIC
6f497930af73863b32e8c73947a52d1003af31e2,6,0,0,1,BFC
af061378924f6d2f368b3769fd59fd95875dc942,138,0,1,3,BIC
a9265b804dfdfca4e2ce3730fe0528da9c01dbf7,0,3,0,1,BFC
10e23eb299fa39c6f343bffc9e3d77c7d9f0492f,0,44,0,2,BIC
7387dbbcdb2404e189591435527dcc65463819d7,3,0,0,1,BFC
599cf8f95f221aa03ac5a6e5e3ee4bc97a6eade5,31,1,6,1,BIC
a4e75b76b2ce47e3d964c87689962abb83cc4958,1,0,0,1,BFC
a8c9701427987d959fec3f99bb2811d943686b7b,39,21,10,1,BIC
2e028c4fe12907f226b8221815f16c2486ad3aa7,0,0,1,1,BFC
f0a3b154bd7d969feaac1f4645e4177433e5f46a,3,20,7,1,BIC
2ca30331c156ca9e97643ad05dd8930b8fe78b01,2,0,0,1,BFC
2d984ad132a87ca2112f81f21039493176a8bca0,190,23,11,5,BIC
d4436c0dba8d4d780588179a2e192a867d266a10,0,0,1,1,BFC
1a4fe38add8be45eb3873ad756561b9baf6bcaef,34,22,29,1,BIC
01e6a61aceb82e13bec29502a8eb70d9574f97ad,0,0,2,1,BFC
a6cf7ed5119fb22f54584a9f867b638edd3c4384,58,1,0,1,BIC
e8158b486d5f3f55cf372c5a32b42f263bf7f123,4,0,3,2,BFC
2294b3af05e9b3fe0b84a78971e709037bd7593c,27,0,0,5,BIC
d30283057ecdf8c543ae757ae34db3d7fd2d7732,0,0,1,1,BIC
c3a696b6e8f8f75f9f75e556a9f9f6472eae2655,26,28,6,2,BIC
7459e1d25ffefa2b1be799477fcc1f6c62f6cec7,0,0,2,2,BFC
045e36780f11523e26d1e4a8c78bdc57f4003bd0,1856,0,0,4,BIC
4c1ec1f9301549db229bc6dce916f8a99d1f82d6,238,186,3,5,BIC
19d39a3810e7032f311ef83effdac40339b9d022,49,6,4,1,BFC
46e48e257360f0845fe17089713cbad4db611e70,15,8,0,1,BIC
64e756c55aa46fc18fd53e8f3598b73b528d8637,13,0,0,1,BFC
6888199f7fe5ea496f48bb6de67b9b7f05b8071b,43,0,1,1,BIC
87c4b83e0fe234a1f0eed131ab6fa232036860d5,2,0,2,1,BFC
cf87c3f6b64791ce5d4c7e591c915065d31a162d,61,0,0,2,BIC
69449bbd65687e8e5fb968a5a0c46089f6af6001,2,0,0,1,BFC
d7fbf8df7ca0a5c7e85db79f7005f99cb461c525,93,0,0,1,BIC
b11fb73743fc406204e0749ead18560aeda8b136,9,0,8,1,BFC
ffa423fb3251f8737303ffc3b0659e86e501808e,1,1,8,1,BFC
d9f1f61c0801a73ff36d416a7ede54229b231e1d,83,7,19,3,BIC
6a146f3a5894b751cef16feb3d7903e45e3c445c,27,13,9,2,BFC
6941f7cc71a719089f7add4afc82bb80fc5a281d,1,1,0,1,BFC
63c3aa6b68782ee5ddb6588d95aacf1ab33e528b,1,1,0,1,BFC
dea1d0f5f1284e3defee4b8484d9fc230686cd42,2,1,0,1,BFC
9cd4f1a4e7a858849e889a081a99adff83e08e4c,17,16,2,1,BIC
fdf99b3ffcdd8471ee3104512198a178b7351a02,2,1,3,1,BFC
373fb0873d4325a7afa04aec29ced0c122d1f8a9,214,4,8,7,BIC
9b0436c3f29483ca91d890b0072c0c02e2e535ed,9,4,1,1,BFC
de68f5de56512a2ff5d5810ef4d54c53470c3c45,2,3,3,1,BIC
3b6b34df342553a7522561e34288f5bb803aa9aa,3,4,5,4,BFC
391be5c2736456f032fe0265031ecfe17aee84a0,80,0,3,4,BIC
f9b76ebd49f97458857568918c305a17fa7c6567,17,2,0,2,BFC
2fd1d2c4ceb2248a727696962cf3370dc9f5a0a4,21,4,11,3,BFC
d6cffbbe9a7e51eb705182965a189457c17ba8a3,51,19,0,4,BIC
aab2ee03912be6e12bb5f4810be0b80a82168d3e,3,0,0,1,BFC
7432b49b54cd931743f0b6e9f652bc329e4a242a,0,0,1,1,BFC
20dd4c624d25156d5ec3345bbb690b98175ef879,3,1,1,1,BFC
78b4416aa249365dd3c1b64da4d3a232014320b0,33,3,4,2,BIC
e5f5a5b06e51a36f6ddf31a4a485358263953a3d,0,0,1,1,BFC
515a6393dbac4f4492237c7b305bbf9c4c558a1c,9,0,1,2,BIC
5fdc66e046206306bf61ff2d626bfa52ca087f7b,0,0,1,1,BFC
db8466c581cca1a08b505f1319c3ecd246f16fa8,46,10,8,3,BIC
828db212bf4b63c68c51f6519435c48e8d79bd00,7,0,0,1,BFC
d218af78492a36a4ae607c08fedfb59258440314,0,0,0,0,BIC
becddba9f80f26a2b9ebe9bad2806304ed5e00e1,0,0,1,1,BFC
1d7bf993e0731b4ac790667c196b2a2d787f95c3,40,1,2,4,BIC
4f32a39d49b25eaa66d2420f1f03d371ea4cd906,0,0,1,1,BFC
54eca7eccc5e149825f831859123b692a565bca9,0,0,0,0,BFC
fb59e394c30caa7760142996d2f96ec12901e4d7,0,0,0,0,BIC
50740024bc393b608f7e391ac35e70f33938dd24,1,1,0,1,BFC
9a148a96fc3a654ddcf142a7ab7db37b972ba5d8,17,0,1,1,BIC
0cf5ec41839d82ee7f8fbb47f137b7afc562b9f1,12,9,0,1,BFC
8f1117abb408808af9cc4c948925c726bec4755a,26,9,7,1,BIC
2400fd822f467cb4c886c879d8ad99feac9cf319,0,0,1,1,BFC
859deea949c382d9ccb6397fe33df3703ecef45d,48,9,14,5,BIC
d1fd836dcf00d2028c700c7e44d2c23404062c90,2,21,4,3,BIC
561b5e0709e4a248c67d024d4d94b6e31e3edf2f,2,0,2,1,BFC
e048cb32f69038aa1c8f11e5c1b331be4181659d,2,5,4,1,BFC
b5be83e308f70e16c63c4e520ea7bb03ef57c46f,13,0,3,1,BIC
a0715cc22601e8830ace98366c0c2bd8da52af52,28,2,1,4,BIC
23a003bfd23ea9ea0b7756b920e51f64b284b468,2,1,1,1,BIC
80f62589fa52f530cffc50e78c0b5a2ae572d61e,0,0,1,1,BFC
944e1abed9e1c04e410ddfee849529eedd3e534a,50,0,4,2,BIC
97365e81366f5ca16a9ce66cff4dd4c5b0d9f4db,1,0,0,1,BIC
ac1ca3ba9faae7e32f189edda14f6f147053d719,0,0,0,0,BFC
73d7ee2e831f106ca5c745b2cf4fdbac5a4e9e4e,0,0,0,0,BIC
7cee9384cb3e25de33d75ecdbf08bb15b4ea9fa5,0,0,14,4,BFC
ac6424b981bce1c4bc55675c6ce11bfe1bbfa64f,3,0,206,92,BIC
de92cd6cf4899c0876a8f5519769a786ad7cdeea,0,2,1,1,BFC
5dfd87b67cd98375896890e01437edefeb45a707,3,1,0,1,BIC
5b43af6d25461d7de293e0704d3b4631dda9b1e8,8,0,0,1,BFC
f6e6ab1d16ec9dafa65557b5637f5217b32702ef,23,2,2,1,BIC
accd04738f90c02c537378124de7c3cb5a511027,0,0,0,0,BFC
be4e456ed3a5918f4e75f532837bb19128a690c9,1026,0,0,3,BIC
4ebb9d7f901027e1740f69829cf10af0193e8e17,3,1,2,1,BFC
f01fc4177352614743ce3fe289687387fcf9e6c6,1,1,0,1,BFC
97ad2bdcbe8598a69ee1f372ed6c0fbdb2869218,76,31,15,8,BIC
ff0fa73247e442518936baa43c3f037b17f10fa7,10,8,4,1,BFC
b49defe83659cefbb1763d541e779da32594ab10,13,7,2,1,BFC
7a97cec26b94c909f4cbad2dc3186af3e457a522,21,1,11,5,BIC
42a6e0996084972574e0a2b23e7326b78b0f64c5,3,0,0,1,BFC
697e5a47aa12cdab6f2a8b284cc923cdf704eafc,132,0,0,4,BIC
77d1f615c78a73a04254fa2bff07ee9fa27145d9,1,1,0,1,BFC
c43aeb198048f64abda8655fdcdebe71cf1877ba,0,0,4,1,BFC
aa28de275a248879f9828cb9f7ee7e119c72ff96,48,0,16,2,BIC
c6bb0b8d426a8cf865ca9c8a532cc3a2927cfceb,6,0,3,1,BFC
9f22774c214ada7b951e312ca39a00e3878c560a,0,0,0,0,BIC
7581d5ca2bb269cfc2ce2d0cb489aac513167f6b,1,0,5,1,BFC
fabef825626d7bd05a321e4427fdf31a169b5173,12,21,5,1,BIC
2ee0e4ed5ca24c0642a7b72d75b4fe6dfc0a8db8,1,0,2,1,BFC
6011208d8ad794e9c30e9e4c95669c977b1e274b,6,0,0,2,BFC
1e52fefc9b0c481f8ca860e19781720fb5404383,97,0,0,3,BIC
bbf5f037fad47e4affef6696aaf88a40b261e639,75,0,0,3,BIC
3acddf74f807778f0593ab4aaf26189c93e55ff1,86,0,0,3,BIC
8f1a357d41a22009150cf404b5aa5876efdb59b1,2,0,0,1,BFC
6e38cf3b442120a84e69faf1ac9a7b4cd79d1ad6,4,0,0,1,BIC
634a81609561f05266e1f625b6f2567c2e0b0419,10,3,2,1,BFC
67d7ddded322db99f451a7959d56ed6c70a6c4aa,46,86,18,1,BIC
610467270fb368584b74567edd21c8cc5104490f,11,4,23,2,BFC
a906c1aa43fa9f3785240fda03269d4283635df2,7,3,1,1,BFC
397fc9e5cefee0c33b86811fbddb0decb7288c52,161,0,1,1,BIC
11bafd547712ebff79636d0cc008e9335d8ec75b,0,0,0,0,BFC
7e13318daa4a67bff2f800923a993ef3818b3c53,4,17,33,19,BIC
27463ad99f738ed93c7c8b3e2e5bc8c4853a2ff2,5,7,8,2,BFC
13ac695e7ea16cb27b804fadf2ff569dbcab6af1,550,57,139,14,BIC
ebe8d359c90d6e237527f4d0544b62bdcc0ff286,0,0,1,1,BFC
5b904d39406a61c056c3fe1b45867f0161827ef1,520,185,0,2,BIC
242fc35290bd8cf0effc6e3474e3a417985de2f3,0,0,8,1,BFC
e2d1e2aec572a2138dea74d53be54a1406d419c0,69,67,1,2,BIC
d1aa245354ae4605d1183f542ed8d45811c439f6,7,0,11,2,BFC
aaec2b1d18792a5f27b69ff37f34f43f89f5aa3b,31,0,28,6,BIC
17369ba08c065967b7b8c48253f20b73acc0b9f5,0,0,2,1,BFC
4a234c5fae1686c8327edeaabc0f2d6fb86db470,15,22,22,3,BIC
d7f13f7450369281a5d0ea463cc69890a15923ae,4,0,0,1,BFC
2a5193119269062608582418deba7af82844159a,1513,350,32,20,BIC
8feb69c7bd89513be80eb19198d48f154b254021,1,0,0,1,BFC
3b1c5a5307fb5277f395efdcf330c064d79df07d,112,0,1,4,BIC
0a27844ce86d039d74221dd56cd8c0349b146b63,0,0,1,1,BFC
9361df14d1cbf966409d5d6f48bb334384fbe138,0,1,1,1,BFC
67fbb16be69d138a3b6645ec5395b487cb915c58,161,0,0,4,BIC
df7c7dd2509f5f8e1f230ac71dfbf2846cc1dc0f,1,0,0,1,BFC
f610c9d68b1a47f539b7764f4b5ce07d32fb9ae1,0,1,1,1,BFC
087cdfb662ae50e3826e7cd2e54b6519d07b60f0,332,0,1,7,BIC
a750cfde1397dbbee1efe7737c2e952d6fc2d878,1,0,1,1,BFC
8f408ab64be6319cb7736cbc6982838dcc362306,109,0,0,5,BIC
79d0636ac7f839d57680305a462f0d8ff9bb13ec,4,0,8,1,BFC
f128480f39166c0a4475b6937e7e3e148b1caecc,1,0,2,1,BFC
aa77ea0e43dc5bb0c1dcc9bad76afaa7faca8cab,3,3,2,1,BIC
13b47cfcfc60495cde216eef4c01040d76174cbe,1,0,1,1,BFC
0883743825e34b81f3ff78aaee3a97cba57586c5,228,231,38,2,BIC
74d6b3ceaa17d111220c3f09f50f901bf955d7c8,21,26,13,5,BIC
f77af15165847406b15d8f70c382c4cb15846b2a,6,0,1,2,BFC
8c4d5a4387161c58a0f3d4c6c849b59bbb6c098a,0,0,1,1,BFC
d56a8f32e4c662509ce50a37e78fa66c777977d3,209,0,9,2,BIC
bbf29ffc7f963bb894f84f0580c70cfea01c3892,0,0,1,1,BFC
24e52b11e0ca788513b945a87b57cc0522a92933,4,3,0,1,BFC
e1cbfd7bf6dabdac561c75d08357571f44040a45,19,0,2,1,BIC
dd242a080d178c36442a0bb28b6acf6f126d0569,14,0,0,1,BFC
bf7696a12071afaca0139d7b8b9eadfc77252876,14,0,0,1,BIC
04434ab5120a362c11ae6e6cf196fc6a98c3365d,17,0,0,1,BIC
d0a67c372df410b579197ea818596001fe20070d,0,0,1,1,BFC
0a89b55364e0a4fd4be9bc2c9a697f9b027eb395,4,5,3,1,BIC
d466d3c1217406b14b834335b5b4b33c0d45bd09,0,0,1,1,BFC
a775427632fd4cb84b12c1176849bf61ea7b4c7c,711,0,0,1,BIC
a7b8829d242b1a58107e9c02b09e93aec446d55c,70,0,0,4,BFC
ddc05fa286068a2d0cf87a47739b155806d46670,8,0,0,4,BIC
0e2ff11311d1d4c85dd9ad9ba4347775f628e94a,8,0,0,1,BFC
ca18d6f769d22e931d3ba1e8d1ae81953547a417,19,32,1,25,BIC
f630c38ef0d785101363a8992bbd4f302180f86f,6,5,0,1,BFC
fd7b2be8cbcf6cd6d9c9e843ffff36fb91388e51,7,3,3,1,BFC
d968f0f2e4404152f37ed2384b4a2269dd2dae5a,2,0,0,1,BFC
fb000f781783867ab442971c63f0005c2547c72b,0,0,0,0,BFC
111a676367699dc8e3bc567ab17ab573ade54f0d,0,0,0,0,BFC
2a41d15b7906e8f749d3656e1bdc2a5ee7dd65ff,0,0,2,1,BFC
c8af01692e4950504fb2e5c65ca87acbe73027cb,0,0,1,1,BFC
c43051d72a8dc4a00d49db27292a76d26e8df7af,61,0,0,4,BIC
aa07b633846db4192e6bb35675fbdaf6e78c98c7,1,0,0,1,BFC
52ec462eca9b87b8036209483efe1c6cf9c49d9a,258,1,1,6,BIC
ddfc925851b4f0ae36b21a5b545e4002c4259c42,4,4,0,1,BFC
3d05035efaac1e9a4583b62cd70ecb8541399c0f,0,0,1,1,BFC
8a56aa107f1e812347cc1209aa674e1361375af8,353,0,0,1,BIC
e8f37d57dff20a455abb36942e326073dd47738d,0,0,3,1,BFC
6797318e623da68dfbacd0cb5c246f5ecd2baf6e,54,0,16,3,BIC
f06b7549b79e29a672336d4e134524373fb7a232,10,11,0,3,BFC
19e42e45150672124b6a4341e2bc7982d247f0ac,32,0,3,3,BIC
05a6b4cae8c0cc1680c9dd33a97a49a13c0f01bc,0,0,2,2,BFC
c0eab5b3580af67196b6b4a59db8ed44fc5ed46c,68,3,43,3,BIC
8df3e07e7f21f2ed8d001e6fabf9505946b438aa,33,20,12,3,BIC
ecca790a1aabd4a0e6fcdf7c3a0c81f3a4f38b6a,2,0,0,1,BFC
a370f60a58ec7bad7045803041524ccdc4d79c75,31,0,6,1,BIC
d7f673d8a0776f3f791fd795b409060ba808b62a,0,0,0,0,BFC
966681c9f029afd5decee069b7658bb58ad0a863,0,0,2,1,BFC
19dfc1f5f2ef03a52aa30c8257c5745edef23f55,13,0,5,1,BIC
a78ff1112263fdd871d3506dbcff44f6f12e8423,52,6,10,6,BIC
b6024b21fec8367ef961a771cc9dde31f1831965,12,1,20,3,BIC
f44f1e7da7c8e3f4575d5d61c4df978496903fcc,0,0,0,0,BFC
a7df4716d19594b7b3f106f0bc0ca1c548e508e6,0,0,0,0,BIC
2192b0baea395274ffcd38ec70e284389e3c243d,5,0,2,1,BFC
bda250dbaf39f67f8910e183853e4e6a9e5ce899,11,33,11,1,BIC
69d71879d2cf67a381055f698a1d7def00dc4ed7,0,0,1,1,BFC
7c1da8d0d046174a4188b5729d7579abf3d29427,37,2,5,1,BIC
a0c4acd2c220376b4e9690e75782d0c0afdaab9f,0,0,2,1,BFC
17fcbd590d0c3e35bd9646e2215f86586378bc42,9,3,2,1,BIC
64a919a9440fe080b0ad1814ce86366010d4a9ef,8,1,0,1,BFC
f9380629fafcf05cb188cbce5e028f0e99f8f49d,0,0,2,2,BIC
2eb333c4b442c4bcab79ada53019d4a47f252e46,4,6,8,3,BFC
ec8b1fbe682deb376062c5ed04ef9c78160ffbf0,136,7,0,4,BIC
6d3f06a0042ebd59a5e9d4ba6e8a85596901e140,1,0,0,1,BFC
13bf96411ad2bd162a4f9470d58c6bb579c96e21,8,0,0,2,BIC
ca4a1cd930d74370cc64a8dd4491fba365986bb1,0,1,1,2,BFC
99c13b8c8896d7bcb92753bf0c63a8de4326e78d,13,9,7,3,BFC
9cd25aac1f44f269de5ecea11f7d927f37f1d01c,34,8,26,4,BIC
ea4d12dabf872b496218cdc8e7874feef8676cdd,0,0,1,1,BFC
e23947bd76f00701f9407af23e671f4da96f5f25,38,77,10,6,BIC
af3eb27433356ed4b6e124fd446a425a0ccf4e49,1,0,0,1,BFC
be2ea53330f1865ac5b00377f2074f8e255bf74c,1,2,0,1,BFC
8c3a8181a46b55ec0ab9dee3c178ba2b2b6ed77b,1,3,10,1,BFC
f869a6ecf254194d96f82c71f528a2bcc048d44b,124,18,3,3,BIC
7f8d1ade1b19f684ed3a7c4fb1dc5d347127b438,18,2,1,1,BIC
bf72acefebb459af3c805a386cd7e5456e3ad6ee,1,0,0,1,BFC
fc18282cdcba984ab89c74d7e844c10114ae0795,0,0,1,1,BFC
dba9b7b6ca1af60fd21137c18795a81a5652c5ae,15,7,12,2,BIC
15727ed0d944ce1dec8b9e1082dd3df29a0fdf44,1,0,5,1,BFC
fad2083483bb7f743486199f90dc042939323453,0,0,2,1,BFC
2372a519f63829b8effcdde5f4564a7e036294f0,1,1,0,1,BFC
277867ade8262583f4280cadbe90e0031a3706a7,0,0,2,1,BFC
3d61467f9bab36aee786f762730b73565dbef3bf,30,0,0,2,BIC
469bcef53c546bb792aa66303933272991b7831d,0,1,0,1,BFC
b2f579b58e93ded5916fb69a28cfc86e0ab951a6,21,0,0,2,BIC
b63def9112cd8b91477a06ba5318c8a01ac474f1,2,0,1,1,BFC
a912b54d3aaa011266dc266e3694f782f27233cf,83,9,20,7,BIC
7597b266c56feaad7d4e6e65822766e929407da2,12,0,8,1,BFC
cf6b8e1eedffd9ef9a22c0c9453d752b07daf89a,110,1,1,4,BIC
2de5148ffb12ff6b4088125f44818771e78e6830,1,0,0,1,BFC
f979b13c3cc51584882bffa32965f34e5afa3b9b,49,4,8,4,BIC
7bc7b7777ee0e3b3d995aebaf26a462d5a23e3d7,1,0,1,1,BFC
1c86380248467b99a0d9a9f7fdd0834fa0c6c5aa,357,318,161,10,BIC
8046e1955465e3f24e9154d0f2a2e0a8e3f8dccf,3,1,0,1,BFC
aff98ba1fdb8150a1a7afe61503772f61b9a2132,18,0,0,1,BIC
7d3d6e0645dd3689e625161b9e312108e66b2b51,0,12,0,3,BFC
5cdf6c09ca9de3f037ba2d770206f3374459602d,77,0,1,4,BIC
58be77537aa12ca0c6c91eaf37902ad5f8c812bd,1,0,0,1,BFC
bdd0384a5ada8bb5745e5f29c10a5ba88827efad,57,0,0,1,BIC
5ecce4c9b17bed4dc9cb58bfb10447307569b77b,8,0,0,1,BFC
67cdb40ca444c09853ab4d8a41cf547ac26a4de4,572,1,0,3,BIC
88cda00733f0731711c76e535d4972c296ac512e,0,0,0,0,BFC
04941829b0049d2446c7042ab9686dd057d809a6,4,4,2,1,BFC
d79651522e89c4ffa8992b48dfe449f0c583f809,1470,17,12,4,BIC
c379b897ba1a7f786419e8c36a3438ce856f016a,0,0,1,1,BFC
2347728934b501b07bea8b1b6e8fa27a56dc098f,1,1,6,1,BFC
46c26662d2fb8377f5d387cf2e5ee3246af780b7,37,0,23,2,BIC
4ec654bf3a63d503e3c5336eade5c369ae17db56,17,7,7,1,BFC
4ff4b44cbb70c269259958cbcc48d7b8a2cb9ec8,270,70,41,10,BIC
1a13a2ec3eb360c80e1ea88b9b7616fa64d4e278,1,1,2,1,BFC
6cca22ede8a448d341b3e4565943f54bd8b8dcd0,299,0,0,2,BIC
dc8cca5ef25ac4cb0dfc37467521a759767ff361,7,2,2,1,BFC
7f6d498ed3354740cfd100e4aa99e388f1a95be7,1,0,1,1,BFC
9abcc981de9775659a0f6e4a52a3448ea72e59da,10,2,1,1,BIC
e71ff982ae4c17d176e9f0132157d54973788377,10,1,0,1,BFC
e58e87adc8bf92e9c6abb1dc1f4af2500aa07ff3,8,3,6,3,BIC
81667e9c8ad827365f2d1e8b924caf062a19c593,2,0,1,1,BFC
7ec4a37c5d71f0a0bfeb1346d4e832a090ca292d,129,175,24,3,BIC
717d1e993ad8d24a711775d8f2afbcdc76a520a1,2,1,4,2,BIC
987f8c444aa2c33d98e7030d0c5f0a5325cc84ea,4,4,2,1,BFC
4b4c21fad6ae6bd58ff1566f23b0f4f70fdc9a30,17,1,15,1,BFC
8ed66f0e8235118a31720acdab3bbbe9debd0f6a,338,22,57,2,BIC
69e766612c4bcb79e19cebed9eed61d4222c1d47,18,0,12,2,BFC
b1be00a6c39fda2ec380e168d7bcf96fb8c9da42,82,21,21,3,BIC
889ce937c98f1f969137a8a2ee78627c1537d4b3,4,1,2,1,BFC
ec8add2a4c9df723c94a863b8fcd6d93c472deed,8,8,1,1,BFC
3c21edbd113788b110116141c8078623a0900b6a,62,7,3,2,BIC
00c14757f6abacd78cad9b2690a0e1f42e4b76c8,0,0,2,1,BFC
4086d90cffb8f48400d51fbab575fe50458512e3,1,0,0,1,BFC
db8f6403e88a9664e1ffae2e60d19e10120921b6,96,0,0,3,BIC
fcc6c877a01f83cbce1cca885ea62df6a10d33c3,16,0,0,1,BIC
0cb259c47a4df466d641c1f07ae3eccaa9ba3ccb,0,0,1,1,BFC
3906b91844d603153c094f636205ec9aa5454b2f,20,5,1,1,BIC
40aa52c46288ebe37117bea84b1da8edb38e8604,0,0,2,1,BFC
47ff3de911a728cdf9ecc6ad777131902cff62b4,458,0,0,1,BIC
36c8fb2c616d9373758b155d9723774353067a87,4,0,1,1,BFC
e3ee15dc5d19d060012d0a89b085d56e50d40a2b,40,15,2,1,BIC
12bf85a71000af7419b19b5e90910919f36f336c,0,0,5,1,BFC
5c5cd7b502595f6b90509b8aa4bba6f81b69315c,837,13,4,4,BIC
ff73e8611e95ebcb9e88b533d9a666bc13c82a88,61,8,0,1,BFC
762227721fe6225be5b6d233ef681aea5871f5f3,14,0,0,2,BIC
5d6dec6fba38c3e2d408df108bb92ef4ac201f18,0,6,0,1,BFC
29dee3c03abce04cd527878ef5f9e5f91b7b83f4,268,254,11,2,BIC
bcda771b2f7e4f2a7577eef62ddeb61394e03b69,8,4,4,1,BFC
88e96174206e09e8eef7636067f4e24a9e67139a,0,1,0,1,BFC
547077a44b3b49f56c0f05c0b46c8c617dea591d,77,14,29,6,BIC
c4031db72b4fd2640ff3a7240701397abaacf048,0,0,10,1,BFC
966bb5b7119607cf3d9a0d668eb67af67c2bab45,55,6,34,5,BIC
acfeb23b29894deaee65d63c55bea09183f6b538,0,1,0,1,BFC
a834a36b57d93b31f683a5d2cf7d87e3e617cb70,210,0,2,3,BIC
f9279c968c257ee39b0d7bd2571a4d231a67bcc1,6,0,4,3,BFC
f05795d3d771f30a7bdc3a138bf714b06d42aa95,4,0,0,3,BIC
5ae948f3874dd5a3bdd2627c926d0fc85ea5d0ad,0,0,0,0,BFC
bf2d8581b1b3ddd72a679e06157b57c1e2dd7b23,0,0,0,0,BIC
13718564167da80b6169809185b4c5a32497d0c1,0,0,1,1,BFC
872e79add7561645b130fba63aa7ca12098a9361,705,0,0,5,BIC
45a4e4220bf4927e321e18750e47c576bf62b000,8,0,6,4,BFC
9444a300c2be3ce6266462e3171ceb6636cc62e8,83,0,0,1,BIC
a0657716416f834ef7710a9044614d50a36c3bdc,0,4,4,4,BIC
6aa734a2f38e2e17ac4de3561770b8676b27af2e,19,6,2,2,BFC
975750a98c26769fe54785579f4b26c961a7a6f4,28,1,1,5,BIC
7e5a21dfe5524a85705d3bc7b540c849cc13e9a1,0,1,1,1,BFC
3ae3d67ba705c754a3c91ac009f9ce73a0e7286a,17,6,36,7,BIC
1fe3854a83b580727c9464b37b62ba77ead1d6f6,0,1,0,1,BFC
79298acc4ba097e9ab78644e3e38902d73547c92,2,0,1,1,BFC
2513cbf9d622d85268655bfd787d4f004342cfc9,6,8,0,1,BFC
8224cbd80be15908ecb6351b90291596e8bdcf79,1,1,2,1,BFC
796a3bae2fba6810427efdb314a1c126c9490fb3,0,0,0,0,BFC
380cf5ba6b0a0b307f4afb62b186ca801defb203,23,3,0,5,BIC
478a2db82863db9f1c135111e78298e6ed5022f3,0,0,2,1,BFC
fcace3b9b727e25ffa3f7ad2c96e76b8584a9f3e,0,0,1,1,BFC
3fa53ec2ed885b0aec3f0472e3b4a8a6f1cd748c,0,4,0,1,BFC
f6a8249f9e55d45a47777d2a3cc69defa23c87bb,62,4,2,2,BIC
ea4083165fbb322b69a59588a283b7c98bd42db3,0,3,0,1,BFC
46b5a4d249ac6798cee28de9f51ef80777d16a3e,0,0,1,1,BFC
98faf436ee05503e258ee934a9de8d8a3472b40f,35,4,0,1,BIC
2a26d31b1bae5d07b97fc05755053295da686ec7,2,67,8,3,BIC
bc0d5a89fbe3c83ac45438d7ba88309f4713615d,13,0,2,1,BFC
3d28ebceaffab40f30afa87e33331560148d7b8b,51,48,96,6,BIC
fcc88d91cd36d1343a0ccc09444b21f6b0dad2d8,21,21,5,2,BIC
8a063a27815a759b99ad710402da1ccd1b0987f7,0,27,0,2,BFC
474a41e94dfc85167e1761bfbb8bf180f90633b2,26,1,2,3,BIC
8eabf42ae5237e6b699aeac687b5b629e3537c8d,2,7,0,3,BFC
8391c73c96f28d4e8c40fd401fd0c9c04391b44a,40,24,24,3,BIC
65a5c3dd3e11225a0d0e0df97d23fa64ab2d4ed2,7,37,3,1,BFC
edd3bdbe9db1415f744bb5da0752675ddbd9eee0,14,21,4,1,BIC
9e52b32567126fe146f198971364f68d3bc5233f,3,7,2,1,BFC
413d37d1eb69c1765b9ace0a612dac9b6c990e66,1250,0,0,3,BIC
854236363370995a609a10b03e35fd3dc5e9e4a1,2,0,0,1,BFC
81a76d7119f63c359750e4adeff922a31ad1135f,0,0,1,1,BIC
d8550860d910c6b7b70f830f59003b33daaa52c9,0,0,0,0,BFC
161c51ccb7a6faf45ffe09aa5cf1ad85ccdad503,0,7,1,1,BFC
3179d37ee1ed602770a8b8ed975bd30faa85b4a3,770,0,0,3,BIC
785b62167d2fb9f2b98432627e503d3759a48de9,1,0,0,1,BFC
2b286b09a048df80fd5f7dfc5057c2837679a1ab,3,1,2,1,BFC
cd52c2a4b5c43631e429d06dce12e08b0cab477f,312,0,0,1,BIC
c13c43d54f2c6a3be1c675766778ac1ad8dfbfcc,3,0,3,1,BFC
9e25ebfe56ece7541cd10a20d715cbdd148a2e06,1,1,3,1,BFC
965278dcb8ab0b1f666cc47937933c4be4aea48d,0,0,10,1,BIC
bb43dbc5e09d52c6085dfee65f4f923b3fbcd1d4,0,0,0,0,BFC
98eed3d1ade53596e1c8785e049f03da4480a820,1,1,6,1,BFC
d58299a478c416c0b48e4b31c6332fe7beb63000,3,2,1,1,BFC
0ccb998bf46d8dc9799b60ea0090fb08c37e96ad,23,11,7,1,BIC
e44699d2c28067f69698ccb68dd3ddeacfebc434,14,4,3,1,BFC
d7e8883cfcf4851afe74fb380cc62b7fa9cf66ba,32,1,1,4,BIC
6bdf6abc56b53103324dfd270a86580306e1a232,5,0,0,1,BFC
1be7f75d1668d6296b80bf35dcf6762393530afc,113,8,7,5,BIC
8007e40a24e12d35189203370268c7278f29ab74,2,0,1,1,BFC
b870aa901f4be1d32c13faf9e8f40bf2a8562e19,24,2,7,1,BIC
80c65fdb4c6920e332a9781a3de5877594b07522,0,0,1,1,BFC
fff4b87e594ad3d2e4f51e8d3d86a6f9d3d8b654,84,100,7,2,BIC
848c23b78fafdcd3270b06a30737f8dbd70c347f,8,12,4,1,BFC
4751832da990a927c37526ae67b9226ea01eb99e,120,0,2,1,BIC
b7f8a09f8097db776b8d160862540e4fc1f51296,7,6,0,1,BFC
acb4b7df48b539cb391287921de57e4e5fae3460,0,0,1,1,BFC
6374e57ad8091b9c2db2eecc536c7f0166ce099e,1,2,23,10,BFC
70e7af244f24c94604ef6eca32ad297632018583,0,0,2,1,BIC
51da3d8b94485a8397ae7af3bfdb65feaf582202,3,0,1,1,BFC
3ee0f0e23e4f290b2ee0a273b34c6e4f95a209a0,24,3,4,1,BIC
6e46496302df7e63158fa1476cf9a30d5ee59dee,0,8,0,1,BFC
e3118ad74d7ef5bbf1a4a17471466e2cafacc752,16,3,10,2,BIC
6344436e9d3f4fb4878c12169477d4beb5b825ea,2,0,4,1,BFC
4f555e602b42826b3d79081c9ef8b8e8fe29fc49,5,5,0,1,BFC
bb81bb68f472bb0f9afbb483259d91d4efd86bfb,30,4,8,4,BIC
37e474acc9b6f645d92d8dc35014ff1baed3b1bc,10,0,2,3,BFC
6b27c8adf27edf1dabe2cdcfaa101ef7e2712415,3,0,0,1,BFC
99724c18fc6609a9ac593ce00c1e13188f6a8ddf,345,218,12,3,BIC
c1a4872ebfb83b1af7144f7b29ac8c4b344a12a8,1,0,1,1,BFC
91af6ba7ff16bd7e5919aedfe70aad73a3375619,1,0,0,1,BFC
7643507fe8b5bd8ab7522f6a81058cc1209d2585,19,2,2,4,BIC
deaa0a976b829af8a7886d8e2528a675cbe4dac8,14,0,0,2,BFC
c51d39010a1bccc9c1294e2d7c00005aefeb2b5c,29,62,8,7,BIC
a85406afeb3e045b001b2aac5b4f89f4266fede3,28,61,6,6,BIC
53b1a742ed251780267a57415bc955bd50f40c3d,2,0,2,1,BFC
478fcb2cdb2351dcfc3fb23f42d76f4436ee4149,2522,0,0,6,BIC
27bad5b9a7caf4f2b144fcd862f6b2685c671079,0,0,1,1,BFC
4f0955fcc052b556446f6f041ad8c83d70c3b253,54,0,0,1,BIC
0f17976568b3f72e676450af0c0db6f8752253d6,17,3,2,4,BFC
d2afd57a4b96f3824220bbb8c067558ca215543f,0,0,2,1,BIC
138b87fa43b629ed14429e2e056fe4d5ef132921,0,0,1,1,BFC
3fcdcb270936ae69a069bab4c52ebd9fde594669,34,29,16,13,BIC
e6835942a7414ef4fd07b59851ad1fca7560dec1,5,2,2,1,BFC
92c4dca6f5fd3d29d8c1daf02e210dd48dc756ac,14,1,1,1,BFC
a571f5f635ef40ff3a5e85acc7f20daa58bcf06a,92,1,0,3,BIC
b092c9f25d45972cf401ad8bcfee2429bf189e2b,0,0,1,1,BFC
b93b1fe3b5323d5418b151dd620c4eb80270f683,1,0,1,1,BIC
806911da64404a6a6348c4840a47218c3bb64a3c,0,0,2,1,BFC
9f9af3d7d303a5f622ceb219bd03bba3af553e76,186,9,19,5,BIC
0607512d0a8d7fac86667466b884095e04b10a59,3,1,4,1,BFC
297b64c74385fc7ea5dfff66105ab6465f2df49a,87,2,0,5,BIC
e9279e83ad1f4b5af541a522a81888f828210b40,59,0,1,5,BIC
37a2f8e5522abd8e206a0da1622034382aa6683d,4,0,0,1,BFC
ff801b716effd652f420204eddb36f6e4a716819,2,0,0,1,BFC
27fe2200dad2de8207a694024a7b9037dff1b280,0,0,1,1,BFC
5f9f41c474befb4ebbc40b27f65bb7d649241581,13,0,2,3,BIC
a60b1a5bf88a250f1a77977c0224e502c901c77b,10,15,5,1,BFC
8467ca0122e20f3f8e73d34907b8b30461af5d4e,22,0,1,3,BIC
84fef630127aa90ef547ddd018d3dc47b1e79a1e,18,0,1,3,BIC
69b9a2fd05a308b9b1e1f282f3b772491603c582,15,0,1,3,BIC
28d6f93d201d20ce47a9e8414655569a78f0353c,19,0,1,3,BIC
c893ce38b265d5787d03850b36221f595b224538,20,0,1,3,BIC
fef40be6da856afead4177aaa9d869a66fb3381f,2,6,2,1,BFC
319824eabc3f1c1aab67f408d66f384fbb996ee2,76,0,13,2,BIC
7b82c1058ac1f8f8b9f2b8786b1f710a57a870a8,1,0,3,1,BFC
11a3799dbeb620bf0400b1fda5cc2c6bea55f20a,0,3,1,1,BFC
fb6883e5809c08e43de23581759af4570ca91b0f,100,3,2,2,BIC
a9db101b735a9d49295326ae41f610f6da62b08c,1,0,0,1,BFC
13769ebad0c42738831787e27c7c7f982e7da579,38,0,0,1,BFC
102cedc32a6e3cd537374a3678d407591d5a6fab,853,60,40,7,BIC
a7e2d1bce4c1db471f1cbc0c4666a3112bbf0994,0,0,2,1,BFC
17926551c98a4ff5d7fa3a574c60534fedb3f2c6,42,0,0,2,BIC
b556b15dc04e9b9b98790f04c21acf5e24f994b2,0,0,2,1,BFC
aa42240ab2544a8bcb2efb400193826f57f3175e,341,0,0,2,BIC
c6e83cac3eda5f7dd32ee1453df2f7abb5c6cd46,0,0,2,1,BFC
f721889ff65afa6243c463832c74dee3bed418d5,572,0,0,2,BIC
9ae3b3f52c62ddd5eb12c57f195f4f38121faa01,12,2,2,3,BFC
675734baa361cf044033bb60594dea33d8d8da36,5,0,0,1,BFC
69551f5f370cc20342fab17ca54716b6ec7e332d,2,1,1,1,BFC
27d7f47756f40fb1bc3159e09217f740f5c5b5b1,0,0,14,7,BIC
58828680af495bc4863af3a006f2018c71714665,2,0,0,1,BFC
9920322ccd8e04733335d8f9c1ad34c2aae34951,178,14,0,5,BIC
015e367494c1d5f5d6405eae5419f7932e96139a,13,10,0,3,BIC
bcf741cb779283081db47853264cc94854e7ad83,1,0,0,1,BFC
284a0f6e87b0721e1be8bca419893902d9cf577a,0,16,0,1,BIC
4d0d7c02df680740da41f5f92a238c35796ca5be,0,0,0,0,BFC
9d29250136f60438fc0839871bae0a0e9cbbd47e,0,0,0,0,BIC
84a21dbdef0b96d773599c33c2afbb002198d303,0,2,2,1,BFC
fbaf94ee3cd5cfa85fe2d4d04be968820cb00556,5,0,3,1,BFC
e85f82ff9b8ef503923a3be8ca6b5fd1908a7f3f,8,8,4,1,BFC
01ad3eb8a07385bc8849f0ee7c800e7c8bd7287e,29,2,2,1,BIC
c544815a212f15dd787f0783720518178346f7d7,0,2,0,1,BFC
de5cc8155cd250a31da67dea49aff7637ce98887,9,0,0,1,BIC
d3f616346def161cfb0e4153692713f066755639,0,0,0,0,BFC
c11e3b48dbc367e38dfaea6e8a61d3b39f476685,103,80,1,4,BIC
a34e93882de4e50e349d2d23b20dde5257d42f94,13,35,1,3,BIC
7afd2a5aec2ea27ba87b3a423c5d782fe0f2b96b,13,80,1,3,BIC
49955d84cd9ccdca5a16a495e448e1a06fad9e49,6,0,0,1,BFC
f1e39a4a616cd9981a9decfd5332fd07a01abb8b,111,3,3,3,BIC
2ec420b26f7b6ff332393f0bb5a7d245f7ad87f0,0,0,1,1,BFC
351b0940d473146923711bc943fc881354a4c1f3,9,5,7,1,BFC
861667dc82f561e65336ea67f73021b782b4ff74,2,2,5,2,BIC
04211a574641e29b529dcc84e75c03d7e9e368cf,28,2,4,2,BIC
d94815f917da770d42c377786dc428f542e38f71,6,0,2,2,BFC
d068ebc25e6e1360510ad8023fe7bca3dacd204e,302,129,32,9,BIC
f03293d8fc97f07dbe4c54ce495c8dac172dc6e1,0,0,0,0,BFC
3d774d5ef066971aee1839150bf47d100d8e43d3,3,8,14,8,BIC
c4758fa59285fe4dbfeab4364a6957936d040fbf,0,0,2,1,BFC
8014370f1257619226b79cb6de8e28563fbbc070,47,35,12,3,BIC
a8f20fd25bdce81a8e41767c39f456d346b63427,1,0,0,1,BFC
3a65bcdc577a338712c2eaefc194909de79d4982,21,11,1,1,BIC
d89f473ff6f84872e761419f7233d6e00f99c340,0,0,1,1,BIC
d9f2950006f110f54444a10442752372ee568289,21,24,3,1,BFC
920b4530fb80430ff30ef83efe21ba1fa5623731,24,10,1,1,BIC
f62f9ffdb5ef683ef8cffb43932fa72cc3713e94,7,0,1,1,BFC
334ae614772b1147435dce9be3911f9040dff0d9,207,678,38,11,BIC
bd171930e6a3de4f5cffdafbb944e50093dfb59b,1,1,0,1,BFC
2e80dbe7ac51a911e8a828407b1a48c5ba938cd2,59,7,6,1,BIC
244e3dea58818e9520bf3dbaf4404a60b105bfb1,0,0,1,1,BFC
d4ca1d550d052accec85ae26ac5b9d3d8b8f81f1,68,6,0,3,BIC
8ba358756aa08414fa9e65a1a41d28304ed6fd7f,2,1,4,3,BFC
ebef7368571d88f0f80b817e6898075c62265b4e,1,0,1,1,BFC
25d8b92e0af75d72ce8b99e63e5a449cc0888efa,0,0,0,0,BFC
315e9c767d9a4668ad68cde1b57a14f916c90668,0,0,1,1,BFC
f993c123b461ff47c10edfee65465fe651d0521f,0,0,1,1,BIC
6f64ec74515925cced6df4571638b5a099a49aae,0,0,3,1,BFC
caf586e5f23cebb2a68cbaf288d59dbbf2d74052,19,27,7,11,BIC
6e7333d315a768170a59ac771297ee0551bdddbf,15,0,1,5,BIC
019b13ae85260cfab9d7ccb6ca58f094d18a24fd,0,0,1,1,BFC
5d6a312e8f99f0a0bf793256c203fa17c97a15e1,0,0,2,1,BFC
405c84308c4335ee7cb58b9304b77b85e61f7129,132,3,2,4,BIC
12e9a6d62236dacb87a6b2dd84dd9c29bb5be1de,2,1,1,1,BFC
ade69e2432b795c76653e1dfa09c684549826a50,583,1715,22,6,BIC
57c00f2fac512837f8de73474ec1f54020015bae,2,1,0,1,BFC
5c22fb85102a751e5a305d8fd13a1856a725bf01,87,7,6,5,BIC
dca2307ed6250e7be6993e165570fa4097903a58,4,3,0,3,BFC
7c3f5317b8c2828ab10e8cf87c8ab5232d1966d0,1,1,2,1,BFC
8ff93de7668bd81bc8efa819d1184ebd48fae72d,0,2,0,1,BFC
269e6b3af3bfbc4e50b497924c2abb1c4cf3364e,30,3,3,1,BIC
5e44fca5047054f1762813751626b5245e0da022,2,0,2,1,BIC
8ce59b16b4b6eacedaec1f7b652b4781cdbfe15f,0,0,1,1,BFC
6c780a0267b8a1075f40b39851132eeaefefcff5,10,0,2,1,BIC
5ac5895a84d92bd2b3db490f8ee242ccb4d77e96,179,76,4,4,BFC
c5f228ef6ccddbc3ebc346e2cfb2b11c1762696f,125,7,56,7,BIC
fa1b85914dfb1cf82edcc1fd5a1fa9d22e8c97e3,0,8,0,1,BFC
b0b03b8119633de0649da9bd506e4850c401ff2b,20,0,0,2,BIC
49368a47f6dc1b256e3b83813da5c9b0731fe268,2,2,1,1,BFC
c799d519bf088c0c5deb481b0190990417ace1bc,78,0,0,2,BIC
1d32a62c74b3bcb69822b0f4745af5410cfec3a7,1,0,1,1,BFC
5cc973f09e21b5a2f746307641879bc9f1da623b,2,0,0,1,BFC
32288daf3f2439f57167c03cd679c2eba28923b7,0,0,1,1,BFC
d6bd8194e2867e85ac2de63486d3b83ccfae4e62,0,6,1,1,BFC
3448890c32c32c482c3ec20baa8fdd2ab4f94cc0,3,85,6,2,BIC
38cb266ad1a24e037220dc563ab46364595b17b6,0,0,35,1,BFC
611cdf3695a307fdca3ff3779a1e6cca935e2d31,11,0,3,1,BFC
bdbbf7d619d1fd2f1fa9eb529b7817e4faf73f5e,1,0,0,1,BFC
b88eb199544bd23b709bd56bb9cae8bd114869b0,0,0,1,1,BFC
33b92c1e1f27078c83920fe2f38144f97536e248,16,0,0,2,BFC
62d02fd1f807bf5a259a242c483c9fb98a242630,42,4,6,2,BFC
2c7367626733e27d6f6d9906db7a31ada587566b,5,1,0,1,BFC
1d2ac403ae3bfde7c50328ee0d39d3fb3d8d9823,14,1,11,6,BIC
c84455b4baccce89384e45c53198c3c948bd97b6,25,14,7,6,BIC
d8462d0ad350ccd399899de051060ee562a5e537,5,0,0,1,BFC
b0decaf75bd902a11c932005c88924947ac00b8c,88,21,3,5,BIC
a718d1392700bb7420ba26051ec35c20107ac981,0,0,3,2,BFC
eea9833453bd39e2f35325abb985d00486c8aa69,26,1,0,1,BIC
d747a7a51b00984127a88113cdbbc26f91e9d815,2,0,0,1,BFC
e3c42b61ff813921ba58cfc0019e3fd63f651190,1,3,2,1,BFC
52a82e23b9f2a9e1d429c5207f8575784290d008,3,0,0,1,BIC
64b2f72671a9a8cbea1aa575d3ea3998987e8c53,0,0,1,1,BFC
c7b7b483ccc9d64ae577a04d490aa9a975afe891,226,19,15,5,BIC
188986c70e09f0f3cd88e6fe14c89e439474e3ec,2,2,0,1,BFC
0f2f02d1b57220951b9ae69abbcaa403163ee41b,1,0,1,1,BFC
c51831be99e13f117721d6e1908d12849e31cab9,4,3,38,1,BFC
50cfbbb7e627b868f3cf6882d2a9210bb8428737,3256,13,0,9,BIC
1a3fc2c402810bf336882e695abd1678dbc8d279,9,10,1,1,BFC
add6e6ab3ee0e237822e0951476d3df039b49ec8,0,0,1,1,BFC
0a0c1b823cbc0b72eb6e0c2cfe5704cf80fe842d,2,4,6,1,BFC
ca33784ba4949856a94a545c91429aae5c8b658d,0,0,1,1,BIC
ea6a69defd3311014d8a0ea89245410593c8d00c,2,1,0,1,BIC
be78b59e4806337b447a07a5042f4ef84b047c1a,0,1,0,1,BFC
9ae05fd1e7910f046ecf15ae702f6a33a698bf82,1,0,0,1,BIC
26fcd952d5c977a94ac64bb44ed409e37607b2c9,0,1,1,1,BFC
dee863b571b0a76e9c549ee99e8782bb4bc6502b,11,3,1,2,BIC
98da7d08850fb8bdeb395d6368ed15753304aa0c,21,1,3,1,BFC
b6a2fea39318e43fee84fa7b0b90d68bed92d2ba,429,328,125,15,BIC
8818efaaacb78c60a9d90c5705b6c99b75d7d442,11,4,6,2,BFC
743b5f1434f57a147226c747fe228cadeb7b05ed,17,3,3,1,BIC
bf5eb3de3847ebcfd1fea7bc14072ef9f21d4e8d,8,0,5,3,BIC
1eb643d02b21412e603b42cdd96010a2ac31c05f,1,0,0,1,BFC
9973c98ecfda3a1dfcab981665b5f1e39bcde64a,261,11,5,3,BIC
633d612bda6a37e1d5f5f878ec5a22a11599f800,0,0,0,0,BFC
85c21e5c3ee74fb75d690c57f7066bae7e2dca55,0,0,0,0,BIC
cc110221918d5564c9dd415cebe62cae4f8d5df5,0,0,0,0,BFC
41cff161fe99d1c6a773becc2250a1dc3ac035ff,0,0,0,0,BIC
6dff86a30d1475a42d9bc0f0b4bba9b8f51c3776,0,0,0,0,BFC
8064c616984eaa015f018dba595d78cd24a0cc8c,0,0,3,1,BFC
db9d8b29d19d2801793e4419f4c6272bf8951c62,1,1,0,1,BFC
81e8f2e930fe76b9814c71b9d87c30760b5eb705,17,0,0,1,BIC
ac55cd619335c577f29eea599a6a35b6b48797e8,2,0,4,1,BFC
926f38e9744b2ee6d92085c28ebb50744e9e1182,1,0,0,1,BFC
888db9a6e02c8bf82c2753acf146c71b662c5ba5,0,0,1,1,BFC
ac669251087d876d6e51eb648f98e575f0d0499d,0,0,1,1,BIC
a5cb659bbc1c8644efa0c3138a757a1e432a4880,2,1,1,2,BFC
e4c5e13aa45c23692e4acf56f0b3533f328199b2,0,0,1,1,BIC
687644209a6e95576ea453977b26dbd6248cadda,4,0,6,1,BIC
8c66ac6a28a460273e1ad263bb05056dc0e68760,1,14,3,1,BFC
9bd780f5e0663035d41a95a6b87eced011ba7e2a,7,0,10,1,BFC
affd250dec1717e225fa2015ad6b238a43d5aca5,0,0,0,0,BFC
81959d996a3b6ea542ebffc7e394530f4638c6ca,3,1,1,1,BIC
d6b6d346e5605ee2af0f0349e71901121b984258,3,1,1,1,BIC
6dc59e7a195fc8852e98d64805f44c46c35e40cd,3,1,1,1,BIC
71bb23c707c141b176bc084179ca5ee58d5fd26a,50,7,14,2,BFC
5ba6c9ff961a79809ec0daf2713e8d39e3f77199,30,78,31,2,BIC
a509a248bb31ea013c4c2b6801297a2d82eecd43,0,2,2,1,BFC
b6eaa45aa18bf010fd54cdac0e3007dfdd7f3f8a,97,1,11,6,BIC
d490e09784a9d0a63f831e5f1104b4826e666b0c,2,1,0,1,BFC
ab02165ccec4c78162501acedeef1a768acdb811,96,2,25,9,BIC
8790fce4f696ed55195283d26685cc0edaea63a8,8,5,8,3,BFC
206eea7833859f9e39c8a7439196743a2d8dfc9b,70,8,7,5,BIC
797625deaedd9a0621376817db2813244b3246e3,33,23,24,6,BFC
1ea1516fbbab2b30bf98c534ecaacba579a35208,0,0,1,1,BFC
76d33bca5581b1dd5c3157fa168db849a784ada4,98,103,30,1,BIC
682430e87734799ff2d71311d29f04e86f10f2cc,0,0,0,0,BFC
e1038535106e73e48204ec3bfe5a428fe6cb35cb,0,0,1,1,BFC
837eb4d21ecde7bde7a1fe523594fdf509055f3f,37,9,2,1,BIC
6ad0435991482107664f65b7ae3fd588f10149d4,15,3,2,2,BFC
0636b938214c90c3a7d145ad86b64a061bb10c50,58,0,0,5,BIC
f8565f3329d62dab724b43db3f6ed60b608333fa,0,0,1,1,BFC
c5ceaba74083daf619bdb34d4871e297a177eebf,2,2,0,1,BFC
7598f8bc1383ffd77686cb4e92e749bef3c75937,0,0,1,1,BFC
613f050d68a8ed3c0b18b9568698908ef7bbc1f7,24,5,13,3,BIC
bb53f4d4f5116d3dae76bb12fb16bc73771f958a,0,0,4,1,BFC
9b41080125176841ece49b661aa133afffe99381,376,73,73,2,BIC
b92b7d3312033a08cae2c879b9243c42ad7de94b,1,1,1,1,BFC
2b01888d1b453096b5b13c0d4b73e630411198b4,21,50,29,2,BIC
60abc0be96e00ca71bac083215ac91ad2e575096,3,2,0,1,BFC
176c39af29bc4edaf37f663553eeaacd47b5bc9c,8,29,1,1,BIC
787e30750d60b4384d34e2dbe0ebe07e09adde15,0,0,0,0,BFC
6d659237657c64e9e2a930865da4c777239b678e,0,0,1,1,BFC
2da55390a96ad2245edfaca77669c10088523d39,0,0,1,1,BFC
030a89028db07a7987f1f3bd6ee43114e36f5060,72,0,0,1,BIC
76da0704507bbc51875013f6557877ab308cfd0a,4,0,1,1,BFC
242d3a49a2a1a71d8eb9f953db1bcaa9d698ce00,14,2,0,3,BIC
b866203d872d5deeafcecd25ea429d6748b5bd56,2,0,0,1,BFC
51d05e1b29676a0425749a1533b87e3ad3c6f176,1,0,0,1,BFC
137ffd15f71ec29ff1a57728081569698591225a,0,0,1,1,BFC
1f97a5265f1ba990c8ac200fb1e31db4f6ff5bea,23,23,0,1,BFC
fd7da28b280d0c8b94417e85e49fea3db1ba7965,24,0,1,1,BIC
bce2b2bf66825a56f66229980a30884704cba3d2,7,8,0,2,BFC
1bfecfca565c0505d04dbf5fdd3d2fbb951827c0,109,99,24,3,BIC
78aedd327982ddd3cbb6ffc58f6fe0179cb6238b,6,6,0,3,BFC
addb63c18a0d52a9ce2611d039f981f7b6148d2b,1,4,5,1,BFC
3218f7094b6b583f4f01bffcf84572c6beacdcc2,56,1,9,3,BIC
664d00d187608c66904e62ff2f24e7df49611ba5,0,0,0,0,BFC
b8b88b70875af786d9f346d766fa2b0630e2cf41,766,0,0,2,BIC
f2339eb9b9b01c6728ed36c274ca381bc6c452c0,6,3,3,1,BFC
6c782a5ea56a799658e213a78dc1455264938afa,0,0,4,1,BFC
054b62d9f25c903958749e4cea25261324a7a2a4,19,0,11,1,BIC
ca3a1b856636f596c691ab5b3764045a142186db,25,0,0,1,BFC
fcc8487d477a3452a1d0ccbdd4c5e0e1e3cb8bed,0,0,0,0,BIC
d0318fb3c388a4082a4ea2b94fc242cd5c064cea,0,0,2,1,BFC
b7dcc4eacc45263ac5d3a0bd78c64e9ff7c94c13,2,3,0,1,BFC
e4330d8bf669139a983255d1801733b64c2ae841,35,27,4,2,BFC
f406270bf73d71ea7b35ee3f7a08a44f6594c9b1,5,0,7,1,BIC
f4cb767d76cf7ee72f97dd76f6cfa6c76a5edc89,2,0,2,1,BFC
303abfdf76ea41c228e8b3da73ed3807121a9ca6,2,0,4,1,BFC
30a5b5367ef9d5c9055414e12ec2f02d9de2e70f,371,0,0,5,BIC
8e8320c9315c47a6a090188720ccff32a6a6ba18,58,21,3,4,BFC
e293915a6edf3c57bd9f8101249221f5fc5f8bfe,0,0,6,1,BFC
654cdd3229cd1d3f2bfb9df57baf88ba382a52be,327,0,0,1,BIC
22a884cfe5a49b6fd63f10ff137906028b4cf923,0,0,1,1,BFC
5c484cee7ef9c4fd29fa0ba09640d55960977145,2,30,1,23,BIC
da2e9cf03b8fccbb69dd1e215bb1e554ce8e8cbe,0,0,1,1,BFC
bbfcd1e8e1677b1e692144c5709945e1dfe1ed30,1,0,100,5,BIC
083a0326aee480008d52612d5118ff9c13301f6a,1,5,0,1,BFC
609805d809733d0c669f21f710bdac308cc63cba,3,0,1,1,BFC
0e9350de2ecdf22f003107d3d21db59e17c521ad,1,1,0,1,BFC
e1d20e22dd67cc2df0c235668ed42e91e6dddd58,0,0,1,1,BFC
b952f4dff2751252db073c27c0f8a16a416a2ddc,6,48,87,39,BIC
0caf81b5c53d9bd332a95dbcb44db8de0b397a7c,5,1,0,1,BFC
760a898d8069111704e1bd43f00ebf369ae46e57,5,0,0,1,BFC
e94ac3510b6a0f696f2c442c4fc4051c8101ef12,18,16,2,1,BFC
91eefc05f0ac71902906b2058360e61bd25137fe,41,30,22,2,BIC
517a6e43c4872c89794af5b377fa085e47345952,2,0,1,1,BFC
026e93dc0a3eefb0be060bcb9ecd8d7a7fd5c398,308,0,10,9,BIC
ecf3411a121e7a653e309ff50a820ffa87c537f8,0,0,1,1,BFC
ccf7f4088af2dd6733bfcbc40b488e2484345ae5,139,0,0,3,BIC
8a7b0d8e8d9962ec3b2ae64dd4e86d68a6fb9220,0,0,1,1,BFC
6685c5e2d1acae8e7d3b63b1a205f58420ce7150,117,25,14,2,BIC
25ffaa67459e988e73210543f7e05dfbf3f16163,0,0,1,1,BFC
b4846fc3c8559649277e3e4e6b5cec5348a8d208,1,0,0,1,BFC
c38b7d327aafd1e3ad7ff53eefac990673b65667,5,0,8,1,BIC
57f0c9cf58ff7fe479137ab847a886d0eed3ad1d,0,2,0,1,BFC
671b53eec2edcbfac3e53d02cf3d0c6d9ecc07de,5,0,6,1,BIC
db833d40ad3263b2ee3b59a1ba168bb3cfed8137,2,0,0,1,BFC
cbda10fa97d72c7a1923be4426171aa90e8c6dab,26,0,0,4,BIC
07f615574f8ac499875b21c1142f26308234a92c,2,13,5,2,BFC
73ba57bfae4a1914f6a6dac71e3168dd900e00af,1,0,0,1,BIC
9e69672e90ccff10dab6f0c9545226a886e5973c,0,0,0,0,BFC
8f9359c6c6a00b43273480a5cf5b0f240aa3b648,0,0,0,0,BIC
e27a9eca5d4a392b96ce5d5238c8d637bcb0a52c,4,0,1,1,BFC
57e3869cfaaec712f6ea1855ab7ba868f6f306ed,31,8,5,3,BIC
42f1ea48efd99394a4790e8ab956f1fb8e0a931e,0,0,1,1,BFC
6c7515c61ffa0985c57abd8892c7928b52b9a306,0,0,3,1,BFC
c133c7615751008f6c32ccae7cdfc5ff6e989c35,0,0,1,1,BFC
99e8b9ca90d688c3ac7d3a141b701c9694a93925,186,0,0,3,BIC
1b3b22507e0d45dedc6a54b26d56e0b8c4d36875,0,0,1,1,BFC
fe2a5cd8aa038e2b02fda983afc2083e94c04b4f,5,4,1,1,BIC
cde50a67397c0da7d11795d4b4418384022ab8e6,1,0,1,1,BFC
f5694788ad8da5da41b501f3d6d2ae22379c4ef9,45,2,12,5,BIC
e7f4c4bf99ad5edca35ccc18105daf5279b54919,1,1,1,1,BFC
1bd303dc04c3f744474e77c153575087b657f7e1,23,18,171,1,BFC
336306ee1f2d3cef4a249bd1ac868dc118802a97,1037,0,0,1,BIC
70f2f9c4cf256f4cc3c6df196bfef5d6dfaf52dd,956,0,0,1,BIC
16f2e0c6ffdfaf964bb0a6d5e67253a1c8116f0e,0,0,1,1,BFC
208489032bdd8d4a7de50f3057c175058f271956,1380,0,0,2,BIC
c592742468517228faf3688d64f0cee109816de4,0,1,0,1,BFC
b9269fdd4f61aa4d185c982b0f84a3e7b7ccb4d2,32,5,2,2,BIC
9816c09e2c889dfc962f142805eb03fba32debb3,15,24,0,1,BFC
527a27591312e4b3a0f8179f321f9e85c0850df0,9,8,7,1,BIC
29681bc5bb4326c2f9eac5dc68d8fad3e88b4bb5,2,2,0,1,BFC
583359646fde8526ea9456618cc24dc359b34094,3,0,0,1,BIC
b7f8101d6e75fefd22c39624a30c9ed3d7a72463,3,0,1,2,BFC
5611a5ba8e5435740df99235b262b553f687b13b,4,4,1,2,BIC
1f588aeb60b4412019546ce596f179635abc2ac3,16,0,0,2,BFC
f136e090c73ed2ed568dcd013c8e51ed4693a279,0,0,0,0,BFC
c61f13eaa1ee17728c41370100d2d45c254ce76f,250,0,1,2,BIC
e7156c833903fbfc77407816af56a97945b86b3a,184,0,0,5,BIC
88931ec3dc11e7dbceb3b0df455693873b508fbe,0,36,7,1,BFC
8c874cc140d667f84ae4642bb5b5e0d6396d2ca4,34,0,7,1,BIC
5eb449e15d2396785a8eb15baf42cea33db9ae13,0,0,1,1,BFC
783dfa6cc41b710b8b0c1979c6100417d0d6c3b2,700,2,3,2,BIC
8e8496e0e9564b66165f5219a4e8ed20b0d3fc6b,2,2,0,1,BFC
cb827ee6ccc3e480f0d9c0e8e53eef55be5b0414,0,0,2,1,BFC
07b0b22b3e58824f70b9188d085d400069ca3240,0,0,0,0,BFC
94fc795454f461134cdffb88bef4eb9f788c0b5d,0,0,0,0,BFC
8a7b6a778a8519a879c7b6764a11c0d39eead95f,0,0,0,0,BIC
28785f70ef882e4798cd5706066a55dbf7adf80e,0,0,1,1,BFC
4ec5cf781b13ef9bcacfd96e108adb61629aa97a,5,0,0,1,BFC
258545449b7b410727b516b782256f8a3bde8bf2,110,10,0,5,BIC
b5ca62a53d2df30432118edeff61acc8717d2515,0,0,0,0,BFC
6cf02dbb4b71f1c0c9acec89ae2df3b2318135f4,0,0,0,0,BIC
0798af5451b8a8f4dab3a43f710b1e80a81e0b8c,0,0,0,0,BFC
a4240d3af6771339c3557afe261a8a89573980a9,0,0,0,0,BIC
d37d2b3c0ec2708abd64222a04deb1bebab8213f,0,0,0,0,BIC
0b03c32db03d63de695c1e0ab1950eb12b135fa7,0,0,0,0,BIC
b7f5dd36e0c5cb9ca1070a5e0f22f666bcff07ef,2,1,3,1,BFC
17b206c27366f3cee816eaf86fafc6a11f628ecf,4,1,8,1,BFC
ce2c58724f7d07e76dadfeba53d6877a9e67341d,14,1,0,1,BFC
24f8e00a8a2eae92491f8668939dbfdc123d6e75,9,0,3,1,BIC
b8d5a9ccfba5fc084b50b00b9f5b587a8e64b72c,22,14,7,1,BFC
a21ef715fbb8210c50b1d684145f8acdf2339596,31,7,17,5,BFC
d55ac5bf97c6b00539526e2aad8c938376681786,53,19,4,5,BIC
c8e4e5bdb62a5ac6f860ebcaaf7b467b62f453f1,0,0,1,1,BFC
357fb60502ede168fa1b76b996298e0045e24b59,165,0,1,2,BIC
d427caee5a3f04938f47bec6fdec97a52668ee53,3,0,1,1,BFC
46f8cd9d2fc1e4e8b82b53a0007f6c92e80c930b,2,2,0,1,BFC
d0607aa4aee88cb097b694caa619e68f1e0a39c6,3,0,0,1,BFC
45dd39b974f6632222dd5cdcbea7358a077ab0b0,2,0,7,1,BFC
e5834ac22948169bbd7c45996d8d4905edd20f5e,3,0,2,1,BFC
0cbe40112f42cf5e008f9127f6cd5952ba3946c7,5,2,6,1,BFC
b2fe288eac7247f83b52377b4134ecc5cd856bf2,3,0,0,1,BIC
4a2b947f56b33cde68d6e0543160ea09ce651fd9,38,0,0,2,BIC
15e0c59f1535926a939d1df66d6edcf997d7c1b9,1,1,3,1,BFC
7eda8b8e967781cfa5a04962502f9aa428f67e5f,16,7,1,2,BIC
e41b1355508debe45fda33ef8c03ff3ba5d206b9,7,0,0,1,BFC
1a937693993ff10d7e80cca6ddd55f3000aa6376,34,0,2,3,BIC
063345aede9905beb9b73129da7a0e9d5933b078,1,0,0,1,BFC
df5da47fe722e36055b97134e6bb9df58c12495c,149,1,12,1,BIC
06d4d450db770a70b29fa0244d50390c85e7e3c7,3,6,5,1,BFC
a29342e739115211615acc33616e547b2d3e0663,15,0,2,5,BIC
3c226c637b69104f6b9f1c6ec5b08d7b741b3229,6,0,1,1,BFC
b8916634b77bffb233d8f2f45703c80343457cc1,27,11,3,1,BIC
7258ae5c5a2ce2f5969e8b18b881be40ab55433d,3,0,1,1,BFC
524fca1e7356f8f9f92c51ca52727187872fc5f5,19,2,3,1,BIC
79eb80b70c4e05defb4d6f6e68840a052e73ae2d,0,0,0,0,BFC
b60e1157d8faa7a44556fcda2d4f06e71e839fd3,0,0,0,0,BIC
1cdd1257949c85c5ddff8313fe3b1e39c5bee8b8,1,1,2,1,BFC
1919cbb23bf1b3e0fdb7b6edfb7369f920744087,27,0,1,1,BIC
f1925ca50deb48eddafc01bc12c2a17bfbf54425,2,0,0,1,BFC
469f87e158628fe66dcbbce9dd5e7b7acfe934a9,2,0,0,1,BFC
071750e550af46b5d3a84ad56c2a108c3e136284,10,0,0,1,BFC
ffe8f53f9cc73fb25c8f78d4aed7ddf285503a60,0,0,3,1,BFC
c0c0d9eeeb8df43964601a2c4666f0c49bedacb4,307,7,9,4,BIC
e27ab73d17ef90db3e586a02ce2f03eb660451cd,51,40,16,6,BFC
a6a7cc4b7db6deaeca11cdd38844ea147a354c7a,11,9,2,2,BIC
10223df2c183df65674ec584dd95e2adced40d99,1,0,1,1,BFC
630d30a4ee27997323bc0b38843e5b159dd5b2ed,225,266,55,4,BIC
bf05fc25f268cd62f147f368fe65ad3e5b04fe9f,1,0,1,1,BFC
ed4a4ef85cf5b75231079501030db28dd59f920a,104,0,0,1,BIC
d89ba5353f301971dd7d2f9fdf25c4432728f38e,0,0,0,0,BFC
caca285e5ab4a7a19fede51688106ceed6fc45dd,18,3,6,4,BIC
a4979a7e71eb8da976cbe4a0a1fa50636e76b04f,0,0,0,0,BFC
a9f8553e935f26cb5447f67e280946b0923cd2dc,11,0,0,1,BFC
6794c78243bfda020ab184d6d578944f8e90d26c,93,2,0,2,BIC
20223f0f39ea9d31ece08f04ac79f8c4e8d98246,0,0,1,1,BFC
793b80ef14af56d20c998265287648ad34239b6f,8,0,23,4,BIC
35abcd4f9f303ac4f10f99b3f7e993e5f2e6fa37,0,1,1,1,BFC
6d0507a777fbc533f7f1bf5664a81982dd50dece,17,3,17,5,BIC
a093c92dc7f96a15de98ec8cfe38e6f7610a5969,0,0,1,1,BFC
f26dee15103f4040bfe21c910131db0cfe6624fc,0,0,1,1,BIC
5499473c86503bb8e307ff7b554643a99a9478c2,0,0,1,1,BFC
321f5c5f2c494f3c94cec2289c8add678657ba2d,14,28,4,3,BIC
7ceaa6dcd8c6f59588428cec37f3c8093dd1011f,0,0,0,0,BFC
e4b7778769c25f773c514dcc99afcf7c74a9b3e4,19,11,0,1,BFC
d44005672d83f89d7d797efc490a751a696e7d91,0,0,1,1,BFC
6c42778780c40c7db0ee2bb56436cae86e4c1ba4,2,2,6,1,BIC
ebc88870dab343ef3d16832e40d53bd21f1bf0e5,0,0,1,1,BFC
9a30a26122c3fb249a4f509fb2253de259e58cd0,77,138,21,1,BFC
bb9d85f6e9de8fef5236c076530eab67a2f2431b,138,77,21,1,BIC
31ac93386d135a6c96de9c8bab406f5ccabf5a4d,1,0,1,1,BFC
9cfb4f719264f3eeb68122371ad70fd5bf2e10bb,0,1,0,1,BFC
9d1cef196b2687e9338c4268a3aa0ca521686bc9,33,30,7,1,BFC
5f195c2c5cba60241004146cd12d71451d6b0fc4,2,0,0,1,BFC
a6f402e4990145252ce4fde59b273fa7e4f91e1b,15,6,11,2,BIC
f0b381178b01b831f9907d72f467d6443afdea67,0,0,4,1,BFC
e3297246c2c8cf8548ba722da3e3a8104cdcd035,33,0,1,3,BIC
988c7322116970696211e902b468aefec95b6ec4,0,1,2,1,BFC
a2b7a622d6292b693544d7c94bb5d11c3f4676f8,1,1,0,1,BFC
fc0471e3e884a13d293afae53917ef8ff33b8ae5,1,1,0,1,BIC
7366af81da3d064365f5bb7a484925fd46081484,0,0,1,1,BFC
78c16834234ec3e3171d7f80446da574f3e8d39b,196,29,15,5,BIC
bfd20f1cc85010d2f2d77e544da05cd8c149ba9b,22,0,0,3,BIC
17e83549e199d89aace7788a9f11c108671eecf5,0,0,1,1,BFC
13f35ac14cd0a9a1c4f0034c4c40d0ae98844ce9,963,0,0,1,BIC
916335036d4fe33f9806240cb0d1900f4975b959,0,0,1,1,BFC
25642705b2359a705784bbbf1655c25a8f8efde2,2,0,8,3,BFC
f6262bda462e81e959b80a96dac799bd9df27f73,0,10,0,1,BFC
da1d0e265535634bba80d44510b864c620549bee,2,1,3,1,BFC
aecd36b8a16b2302b33f49ba3fa24c955f1e32f7,4,1,8,1,BFC
6ac1571b4c60cb73a1f174b15ea93f7e38d74a88,12,0,9,1,BFC
33a8eb8d40ee7fc07f23a407607bdbaa46893b2d,98,62,9,2,BIC
d6c153ec85856f5ad29adc20739ec28edeb7c042,0,0,1,1,BFC
bdd2f9cd10eb842be96418cc226bc33744d358b0,85,19,29,2,BIC
1066a8959d04785b9d2e9cbb91aaef922b710c4a,0,12,4,1,BFC
59e04bc20de4bd1bd5bfa810bf04a4e50a27b9c1,0,0,1,1,BFC
e0733e975385d25d88c1384dafb8ea4dcf7513c0,0,0,2,1,BFC
c61872c9833d17d3807fb999096917c1f9eaada0,4,0,0,3,BIC
4068367c9ca7b515a209f9c0c8741309a1e90495,2,0,0,1,BFC
4f757f3cbf54edef7b75c68d6d6d2f1a0ca08d2e,48,5,2,3,BIC
bcd7c45e0d5a82be9a64b90050f0e09d41a50758,0,0,0,0,BFC
cf2a5e0bb4c66e8c43caf9f1be93a1bd7fd07b17,0,0,0,0,BIC
1a73d9310e093fc3adffba4d0a67b9fab2ee3f63,2,0,1,1,BFC
02d50cdaff36c135d222015cffdca3ff11d168ea,1,3,0,1,BFC
4c3bb4ccd074e1a0552078c0bf94c662367a1658,7,0,2,1,BFC
849a44de91636c24cea799cb8ad8c36433feb913,5,1,2,2,BFC
c0303efeab7391ec51c337e0ac5740860ad01fe7,71,27,11,2,BIC
f5165a5492237d33239176e7e171c7a8991583cb,1,0,0,1,BFC
c4f65b09b459c6f0ec27b1a1a65302f7fea5c96f,2,0,1,1,BFC
0331402aeaefe858709b0a4d44ade15f82d3a119,0,0,1,1,BFC
bbe3f233ec5ea99049f33471c0c0d0d2a78e2116,85,1,3,4,BIC
4542d66bb26f2d021c70a78e46f183c6675fc4c9,0,0,3,1,BFC
9baa0b0364103dd726384c71db30b74044754743,210,45,5,5,BIC
560b7c3ffec1ca7d5de250d8ca7b1ca2349e98a4,0,1,0,1,BFC
b53d4566cc117d9ab8d20b365ba7c2a519439725,3,0,0,1,BFC
022d038a163f9e889428789d681b97bf07730fb7,5,0,3,2,BFC
ab156afd3eeb68ce7b875ec8d9ff4f64d1427776,8,0,2,2,BFC
7a759cd8e8272ee18922838ee711219c7c796a31,0,0,1,1,BFC
0a943cb10ce783a1c55adf6f52f62bcbd5f49314,0,0,0,0,BIC
7a1ac110c22eb726684c837544a2d42c33e07be7,12,0,0,1,BFC
18e7a45af91acdde99d3aa1372cc40e1f8142f7b,4,0,0,1,BIC
3bc1630774bc9f202308ae04608a32c366b41caf,6,0,0,1,BFC
b9c13fe32faaa71c4e4f8a426d79f8c93495e9f9,24,0,0,2,BIC
2a498168218605f00866db8dd4fbbbbdaf9816f5,0,0,0,0,BFC
7142afb3a186ed2cd028318205a4852f04283380,449,0,0,1,BIC
93023c14049ef404cfa656c53dcc651bbc46dbc3,0,0,0,0,BFC
ed29f9426d9bf1b5ec7e79dfb28f39de7b3a0069,739,0,0,1,BIC
cd307124ad9bb01019920c2053696218d161f4a1,13,5,5,1,BFC
983de5f97169ab59d4cb0f60d9d9157778ce4a5e,2610,0,0,3,BIC
047385b3dd85622768a882fc457a37e040640389,1,0,0,1,BFC
55f61a040e1b1ea0ba962e53ae341b4c51915bd1,15,6,0,3,BFC
e6b9a6c84b936e61f1ccff779494f3bd38775503,12,12,3,3,BIC
bea10413934dcf98cb9b2dfcdc56e1d28f192897,20,8,0,4,BFC
d63c277dc672e0c568481af043359420fa9d4736,16,16,4,4,BIC
ed6456afef0da57edfd87ce9142813d08a571137,1,1,0,1,BFC
e747f64336fc15e1c823344942923195b800aa1e,1,0,0,1,BFC
1e3d0c2c70cd3edb5deed186c5f5c75f2b84a633,8,0,4,1,BFC
eaf41801559a687cc7511c04dc712984765c9dd7,14,1,0,1,BFC
f2e95355891153f66d4156bf3a142c6489cd78c6,0,0,2,1,BFC
9795e0e8ac0d6a3ee092f1b555b284b57feef99e,5,0,2,1,BFC
9c2fc0de1a6e638fe58c354a463f544f42a90a09,24,1,5,1,BIC
37d43acfd79f9c53289e9990c344cbd5b4db4bd4,51,50,23,1,BIC
377aa6b0efbaa29cfeecd8b9244641217f9544ca,1,0,1,1,BFC
4c3b89effc281704d5395282c800c45e453235f6,12,0,0,1,BIC
a09c0fc3f5d775231f1884e0e66c495065a461ee,0,0,1,1,BFC
0fb6a55cc31ff216ef86332404ad3e425cb669eb,7,1,1,1,BIC
881b556f6cf22d37be9340f293f2db10ce7ae8bf,15,0,9,1,BFC
cec0154556f8fe6d3a7f5d370f715283888d1c02,23,0,0,2,BIC
0483fff4d0ae0c7cd4cddb121983352bd2b3aad9,0,0,0,0,BFC
138bc7969c24c6cbba28e919c2376ad10a46fc60,132,0,0,4,BIC
fc0e132229a7ef5a8096e2876463403df0767b1b,2,4,0,1,BFC
00194826e6be333083ba9ddbd6e83fb423206f8a,65,26,39,1,BIC
d27f81f061bbde627ac4fbd735114f9ea2c63615,0,0,1,1,BFC
436c4c45b5b9562b59cedbb51b7343ab4a6dd8cc,0,31,0,1,BFC
5ab92a7cb82c66bf30685583a38a18538e3807db,31,0,0,1,BIC
4f02b50ece11dcf75263fb7a4cfe8a5df1cfabea,0,0,2,1,BFC
fd7b025a238d0a5440bfa26c585eb78097bf48dc,413,0,0,1,BIC
4798a714d6a78171d7df48c921dddd0dc004f0a0,23,23,0,2,BFC
ace17c369295f088dc8ac8ff468602646fa5cced,0,0,1,1,BFC
665fff2923323e348728e03a7cdb0ce56f316d39,0,0,0,0,BFC
2f686f1d9beee135de6d08caea707ec7bfc916d4,0,0,1,1,BFC
9fe373f9997b48fcd6222b95baf4a20c134b587a,20,0,0,1,BIC
92a16c86299c64f58f320e491977408ba31b8c3c,0,0,1,1,BFC
55d728a40d368ba80443be85c02e641fc9082a3f,64,0,1,1,BIC
da1dbec1be2b54c16649e33e479708a55156e311,0,0,1,1,BFC
841fd94c43a4034f08eb830ef7b93a441b4d7378,26,0,4,1,BIC
d62890885efbc48acea46964ea3af69b61c8c5eb,4,0,0,1,BFC
c833484e5f3872a38fe232c663586069d5ad9645,163,1,0,6,BIC
3f3f87325dcb3c201076c81490f4da91ad4c09fc,2,0,2,1,BFC
ec4664b3fd6d565a79eb562e4339528f74eb1cca,165,0,0,1,BIC
2bf698671205bb6f898db348b788d16f6976e086,1,3,1,2,BFC
dc5878abf49c06b9c1d3d161760957a98ab970bf,1,1,0,2,BIC
51fa91475e431e75b802dbab7c056f2829dc9410,15,0,0,1,BIC
ed032c1bede83ec9bd5f7e803e663cb7f76e5947,3,0,0,1,BFC
ab78029ecc347debbd737f06688d788bd9d60c1d,154,1,3,6,BIC
e271b2c909a22a2c13b2d5f77f2ce0091b74540c,2,0,0,1,BFC
69bec725985324e79b1c47ea287815ac4ddb0521,64,0,0,3,BIC
b3dd8279659f14f3624bb32559782d699fa6f7d1,2,0,0,1,BFC
f69931748730763f8c8095fa88394cf9af75a578,12,1,1,1,BIC
204a7dbcb27bc4b461f42d7f96fdc875eb677f2f,0,0,1,1,BFC
da6a4352e7c867f81d7336f6517e819b3cce06bf,120,109,62,40,BIC
1c2d6bbf0433ddf7c978ac5f2bd582e9e7d34687,24,12,0,1,BFC
b63a16f6cd8911e74816a307f8078e29564eadc0,142,43,10,3,BIC
9a775e0308b575e3a17c66a586ed049b07f48199,5,3,3,1,BFC
023f108dcc187e34ef864bf10ed966cf25e14e2a,1,2,1,1,BFC
e0007529893c1c064be90bd21422ca0da4a0198e,172,102,32,7,BIC
5ea59db8a375216e6c915c5586f556766673b5a7,1,2,2,1,BFC
3bdae810721b33061d2e541bd78a70f86ca42af3,2,0,1,1,BIC
ca8efa1df1d15a1795a2da57f9f6aada6ed6b946,15,0,0,1,BFC
4fae52b5a30b6f2cfc8ecf22524cedc1ece5b774,0,0,2,1,BFC
b95b9452aacf80659ea67bf0948cbfa7e28e5e0b,4,0,1,2,BIC
8e6882545d8c06f99e9e117741cc87f3338b0bef,22,10,8,2,BFC
e9c787e65c0c36529745be47d490d998b4b6e589,82,381,13,6,BIC
6964e53f55837b0c49ed60d36656d2e0ee4fc27b,3,1,6,4,BFC
47994c119a36e28e1779efabc92d6ab5329a6f75,8,22,30,4,BIC
fa07ab72cbb0d843429e61bf179308aed6cbe0dd,2,0,1,1,BFC
c1bacbae8192dd2a9ebadd22d793b68054f6c6e5,32,0,1,2,BIC
98dbf5af4fdd142f6184dbb4e4164a8d1850d526,0,0,0,0,BFC
8a524f803a3e0290cdba6d373361b2cef9752934,4,0,1,3,BFC
67edab48caeb75d412706f4b9d3107afd1e07623,13,0,0,1,BFC
eae1c4ae275fe3e024454c012a548ee0d700f54c,39,20,61,1,BIC
5c7a3a3d20a4e175304c0e23809e3d70be8fed8a,2,0,0,1,BFC
eabdec04385376d560078992710104cc7be2ce1b,2,6,0,2,BIC
57de72125d34f83bfd39615fcc3cc25ca3b9c0ec,0,24,0,1,BFC
530e9b76ae8f863dfdef4a6ad0b38613d32e8c3f,0,314,1,4,BIC
c6503be587e9c5c0aac4e2b45de982352f676a5b,0,0,1,1,BFC
91d57bae08689199c8acc77a8b3b41150cafab1c,39,5,10,1,BIC
e0090a9e979de5202c7d16c635dea2f005221073,0,0,1,1,BFC
60ce2858514ed9ccaf00dc7e9f4dc219537e9855,0,0,0,0,BFC
06a4b6d009a1b74a6ec46c5418b46cc53a79fcb8,0,0,0,0,BIC
3500cd73dff48f28f4ba80c171c4c80034d40f76,0,0,1,1,BFC
4a4857b1c81ef39a9dc719af6b498cd39d1c1eb0,18,4,4,1,BIC
3db1200ca21f3c63c9044185dc5762ef996848cb,0,0,2,1,BFC
c389d701dfb70154edf896f0f9c40d2857ca2d90,118,17,27,1,BIC
b2cdd8e1b54849477a32d820acc2e87828a38f3d,2,0,1,1,BFC
97735da074fdd3fe39d975cad8760807df0d4388,3,0,0,1,BIC
b8e11f7d2791bd9320be1c6e772a60b2aa093e45,0,0,2,1,BFC
138437f591dd9a42d53c6fed1a3c85e02678851c,3,4,0,3,BFC
35db0691218959f05efbe26fd623ee67581ebff6,4,0,0,1,BIC
371294fc42c1f9cd634685a515da9eb247fd7d35,0,0,0,0,BFC
24835611a96e9b41ad57dd5024915106293be7e9,9,0,0,1,BFC
d758619ba6a5d250914b06b2b923a65e48bdd002,0,0,0,0,BFC
80e2f97968b537fc9c1789fce1b7f61609a5aae4,50,42,9,2,BIC
4b1f0d33db7d5bf92b5623e3ea2066e2de3999e3,9,11,6,1,BFC
800c55cb76be6617232ef50a2be29830f3aa8e5c,46,27,4,3,BFC
a2cc5198dac102775b21787752a2e0afe44ad311,8,0,0,1,BFC
a3af7c18cfe545a711e5df7491b7d6df71eba2ff,58,0,0,3,BFC
661d2b0ccef6a63f48b61105cf7be17403d1db01,2,4,0,1,BFC
2d2c600a917127f16f179d5a88fc44ba3ed263ed,2,0,0,1,BFC
418df30f7e9e8f4795fb2f3abf9744e5886df5ca,26,15,0,1,BFC
a77c1aafcc906f657d1a0890c1d898be9ee1d5c9,8,7,3,1,BFC
c83761ff0aac954aa368c623bb0f0d1a3214e834,0,2,0,1,BFC
93b1b02fae8abff3efe570243e0f11f61e16e973,0,4,0,1,BFC
d62511689de5d34d3a07c43db1f46a234bb77b5f,829,0,0,5,BIC
103a07d4278203d6299798cd74cdc4d209801cac,1,1,1,1,BFC
91828bd89940e8145f91751a015bc11bc486aad0,3,1,1,1,BFC
f502d834950a28e02651bb7e2cc7111ddd352644,4,0,0,1,BIC
53acd76ce571e3b71f9205f2d49ab285a9f1aad8,9,5,2,2,BFC
f729860a177d097ac44321fb2f7d927a0c54c5a3,0,7,2,1,BFC
bedb7c909c1911270fcb084230245df4a00bd881,38,0,1,2,BIC
3fece5d676939f42f434c63dfe1bd42d7d94e6f0,4,5,1,1,BFC
fd76ee4da55abb21babfc69310d321b9cb9a32e0,42,4,3,2,BIC
57f35c93a2072c1f66ab1728a77a9ee4bc33bf42,0,0,1,1,BFC
b3ba51498bddd72a526d9067b8b0ecf4932ce57e,83,20,30,8,BIC
252d2a4117bc181b287eeddf848863788da733ae,0,0,1,1,BFC
f98db6013c557c216da5038d9c52045be55cd039,7,0,3,2,BIC
4d801cca0bb7011699c2d29f0139902dcfb3482d,0,1,2,1,BFC
ac4691fac8ad9bbb72268b6e4c73a168e670a196,6,9,6,2,BIC
a704bb5c052bbd6b77c6530a2e83cef42486e335,19,8,0,1,BFC
a786841df72e37d574b6135b05ebcdb903034224,124,5,64,1,BIC
56b8aae959499508090b2d2db6961ed905f38164,7,26,7,1,BFC
581409dacc9176b0de1f6c4ca8d66e13aa8e1b29,0,0,2,1,BFC
9b3dc0a17d7388c4fb83736ca45253a93e994ce4,1,0,6,1,BFC
7b7c0719cd7afee725b920d75ec6a500b76107e6,47,101,46,5,BIC
1b8b02f0d084a2d9a966d5ae004d49c8e76aa8cc,0,0,1,1,BFC
71d1e5d71cec76e927a92354a7eb9d476e7054ad,14,8,9,1,BIC
3bca64c1b9d2f6e7af4512bd9bfef6909d09cdbc,1,0,0,1,BFC
db6c43bd2132dc2dd63d73a6d1ed601cffd0ae06,87,241,44,9,BIC
d0417849152cb5ae08407bcc32b85b55b5b9f591,5,1,0,1,BFC
7829451c695e5b795fef95d72cd258e78d52f62d,99,14,4,1,BIC
2f3ca449a4f9a54d2bf39c873269e68ad5f34acb,5,0,0,1,BFC
50a207147fceb64ad24c1e08e4a2a75535922e81,90,14,13,8,BIC
c7a61cba71fd151cc7d9ebe53a090e0e61eeebf3,1,0,0,1,BFC
a2e8bbd2ef5457485f00b6b947bbbfa2778e5b1e,0,0,0,0,BFC
95b9afd3987f91c09151158279e165276a95c597,114,0,0,3,BIC
fad07430bc03415a468d4ab28621ca71ae86c583,0,0,0,0,BFC
d4c9354b4015aa8d1b032c368682dd20a00f4e1f,0,0,2,1,BFC
33d4c4821323729b463e45d0b2d32f6a87dcba5b,3,0,9,2,BFC
fd6720aefde06eacf17404eed2cad65c6ec103e1,10,0,4,2,BFC
d2042052a0aa6a54f01a0c9e14243ec040b100e2,10,8,27,1,BIC
b9d39d17e4819ca2e69ad1f14acaad12240a1de5,5,0,2,1,BFC
d0c55cdf4fc02483a4851f86e3f010a061d8c9cc,111,36,13,3,BFC
763a47b8e1abc7cee0a0f550330124ef1199d58d,36,69,13,3,BIC
b040ad9cf6a169cc000a5324fcada695dfa1f4b3,1,0,1,1,BFC
f2c6df7dbf9a60e1cd9941f9fb376d4d9ad1e8dd,35,0,6,3,BIC
fc5b775da468e359154795afeb27be79b509b76d,2,0,0,1,BFC
0d7e2d2166f6b0b7d1959ca858052a15feb574cc,60,0,0,2,BIC
792ef14df5c585c19b2831673a077504a09e5203,24,0,1,1,BFC
7b0a911478c74ca02581d496f732c10e811e894f,34,29,25,6,BIC
aca4e68acf3a08561f2a413322cbb232edad8764,0,0,0,0,BFC
afda08c4caa9489511557def51e322a5f2142a2f,157,0,0,1,BIC
3360acdf839170b612f5b212539694c20e3f16d0,8,5,0,1,BFC
eace75cfdcf7d9937d8c1fb226780123c64d72c4,476,0,0,3,BIC
e827756d64773515fa7de5e7e942a6d1494bf64e,0,0,2,1,BFC
9d59c6e8ae27638fc733fe759b1a013775e745ee,335,0,0,1,BIC
bea8be656185a2808a2f255f4a91ff18215a9d0c,7,0,4,1,BFC
68227c03cba84a24faf8a7277d2b1a03c8959c2c,0,0,1,1,BFC
37fb3a30b46237f23cfdf7ee09d49f9888dd13bf,28,0,4,4,BIC
b7c747d4627462f25b3daabf49c18895a6722faa,0,0,1,1,BFC
aceb16dc2da58341bda939defaff0682fac13747,2475,0,0,3,BIC
fc7a90686777e7d2da7a08cf0202c21f3b96febb,7,0,0,1,BFC
c528eb27a3be2600e724c8a57cb69eab1fd9afa2,0,0,1,1,BFC
4c8127cb523982e0a474ad80b14b665dc2f37b3b,0,1,0,1,BFC
b73f22695f4445114bd354df19ef84201ead22fe,0,0,0,0,BFC
43d3d092c7cbd1685e1c8ff25ae0b89b5b729388,12,0,1,1,BFC
3c8e42a7935f720c403612abf896d962a7aa1495,0,0,0,0,BFC
92347cfd62c174ab91ad97dd4bfbaa1d4aa28e67,2,5,2,1,BFC
63a0b0509e700717a59f049ec6e4e04e903c7fe2,1,2,1,1,BFC
4d8c0250b841159b128785f7a7efbaff40cc8501,2,3,2,1,BIC
4e880168e9ffb1cdbdb72b3b48ab0324b30c2d62,1,0,0,1,BFC
097d3c9508dc58286344e4a22b300098cf0c1566,29,1,3,1,BFC
9cc91f212111cdcbefa02dcdb7dd443f224bf52c,0,0,1,1,BFC
85323a991d40681023822e86ca95f38a75262026,4,21,0,1,BIC
78a5a93c1eeb4e6933d1f62b33e5496d53b46c5a,0,0,0,0,BFC
43bcf707ccdc79ee63edb953fcf72e6dc244cfa1,0,0,0,0,BIC
3fcd64cfa0e9cb72b99aaba5c6bc13af9c03417f,9,0,0,1,BFC
c7c550670afda2e16f9e2d06a1473885312eb6b5,18,0,0,1,BFC
c9a70d43461d83818825ae065bb8fc887421e150,4,0,1,1,BIC
0db47e3d323411beeb6ea97f2c4d19395c91fd8b,1,0,0,1,BFC
7f00feaf107645d95a6d87e99b4d141ac0a08efd,730,0,0,5,BIC
3619ef76b37d4803bc9daee9d03d82c8526db378,8,0,1,1,BFC
6ebd2547dd24daf95a21b2bc59931de8502afcc3,8,0,1,1,BIC
1123a6041654e8f889014659593bad4168e542c2,1,4,1,2,BFC
719d93cd5f5c5c8775b7a38192069e8e1d1ac46e,28,16,23,5,BIC
cdf7abc4610a7f1c43d06cda246c5f748a4fd267,4,4,2,2,BFC
8397ed36b7c585f8d3e06c431f4137309124f78f,6,0,0,2,BFC
a1a22c12060e4b9c52f45d4b3460f614e00162a2,3,0,2,1,BIC
19d90ece81da802207a9b91ce95a29fbdc40626e,18,0,4,1,BFC
23fbb5a87c56e98a7a4cfac9d6f2ac70f135c4df,22,2,6,1,BIC
6460495709aeb651896bc8e5c134b2e4ca7d34a8,3,0,0,1,BFC
b5dd2f6047ca108001328aac0e8588edd15f1778,170,166,4,2,BIC
13132b3f44d3600983aceb7e9920b8ebb55a7cf8,0,0,0,0,BFC
ffd2f9a5afb730b9f6c1d1938934213c3cfcf249,0,0,0,0,BIC
698b851073ddf5a894910d63ca04605e0473414e,1,0,1,1,BFC
c1bf207d6ee1eb72e9c10365edbdc7c9ff7fb9b0,687,0,2,6,BIC
87051ec120bb9abd9e57aecf2569c00d587b6f33,0,14,5,1,BFC
42c269c88dc146982a54a8267f71abc99f12852a,56,0,1,5,BIC
f7a31b5e7874f77464a4eae0a8ba84b9ae0b3a54,5,1,0,1,BFC
4e88a8621301b992e8e3422e08bfb604772f3338,21,0,0,9,BIC
fd716fca10fc3dc0f18b8c16d4ecfa6d93f010d2,50,0,2,1,BIC
e12854174bbe5bab7b8f3e378e05dc0700112112,0,0,3,1,BFC
c94d4ed017ae6e2630647b917e775ab2fd8ea0f3,210,0,0,1,BIC
c6ee9619e2edd9912316f7e2eaf9ffa14fafe9f9,0,0,0,0,BFC
92d9dfda8b547cc292af27e11e11c9eff3bb574f,9,10,6,4,BFC
f6eedbba7a26fdaee9ea8121336dc86236c136c7,15,1,5,3,BIC
cec422c11caeeccae709e9942058b6b644ce434c,0,3,2,1,BFC
0712dc7e73e59d79bcead5d5520acf4e9e917e87,56,10,15,2,BIC
c4a8952612f6c1c28bab200c45d773e08dfd24d5,3,0,2,1,BFC
3950bf3dbff1010e3309416f9fe2acbea03156d5,207,179,90,7,BIC
ae83b56a56f8d9643dedbee86b457fa1c5d42f59,2,0,0,1,BFC
df8eac8cafce7d086be3bd5cf5a838fa37594dfb,45,0,0,1,BIC
ce4a4e565f5264909a18c733b864c3f74467f69e,2,101,2,7,BIC
bcbc2265f269cc57924371e3bce8c3220d0270c5,1,1,0,1,BFC
94116f8126de9762751fd92731581b73b56292e5,20,60,79,23,BIC
833521ebc65b1c3092e5c0d8a97092f98eec595d,5,0,1,1,BFC
2800209994f878b00724ceabb65d744855c8f99a,57,34,21,3,BIC
14fc42fa1b3e7ea5160c84d0e686a3a0c1ffe619,0,0,0,0,BFC
cff68e582237cae3cf456f01153202175961dfbe,0,0,0,0,BIC
1bf8d5a4a5da19b1f6e7958fe67db4118fa7a1c1,0,0,0,0,BFC
c02514850d67be8db6b2b6658cbc23ac1fbf8bc7,27,9,7,1,BIC
26ddb8722df865aa67fbe459107d2f3f8e5c6829,0,0,0,0,BFC
34d4453dac257be53c21abf2f713c992fb692b5c,0,0,0,0,BFC
c76132dc5182776b98e946d674cb41c421661ea9,0,0,1,1,BFC
133dc4c39c57eeef2577ca5b4ed24765b7a78ce2,1,1,33,8,BIC
d89269a89ebb6a74512f3f40e89cd12017f60a75,0,0,0,0,BFC
ee391de876ae4272926b8632be04ed4a460321e3,0,0,0,0,BIC
5e7c8b067621256ef961242928e0819e5936e4c1,1,0,0,1,BFC
42794b27cc628d44db28f62f3333bd12416b597f,56,72,14,7,BIC
7005cade1bdbb423413f8aafcbf17a1ec614a585,3,0,2,1,BFC
e173db36e3090d90651d97ab4bc45ace7f8cc0c6,0,2,0,1,BFC
2af168e171f75c783366164c7c810e8ee1440405,2,13,0,1,BFC
bed41005e6174d079948aa6c7796982c2dae6d8e,799,0,0,4,BIC
79e25959403e6a79552db28a87abed34de32a1df,0,8,1,1,BFC
eea40b8f624f25cbc02d55f2d93203f60cee9341,2,2,0,1,BIC
ff9b47a02a4239d7f3b6b34d8108e69cc9d94b17,0,2,0,1,BFC
96160a8071b2d76b5dfe6c2478684207cc758553,6,141,8,1,BIC
123387d5efa6a8aff141c9dbf29f68dc1126aa99,0,0,0,0,BFC
d281e13b0bfe745a21061a194e386a949784393f,0,1,1,1,BFC
119a9c01a5922600a78106d9bbdd6aaafc851a27,3,0,0,1,BIC
4531662d1abf6c1f0e5c2b86ddb60e61509786c8,5,0,0,2,BFC
0dd376e709975779cf43f368498c5c0eec843b02,6,0,1,2,BIC
4439af9f911ae0243ffe4e2dfc12bace49605d8b,10,2,0,2,BFC
a8b6fda38f80e75afa3b125c9e7f2550b579454b,0,1,0,1,BFC
da8999d31818fdc8508d527ba3aac2e128005af4,21,1,1,4,BIC
8604889f83381cac42b849acc6c420af6df9b35b,10,0,5,1,BFC
a41e82e6c4575b6c0a48bcc25a3feae4b2910934,95,10,4,1,BIC
a41b816c174409417d91b4ceef0145c9f0bef67c,0,0,1,1,BFC
297e3d854784821d3b8ff3ae117f20d71f125504,52,1,21,3,BIC
1065467ed8e2601bf2d7018cf47c557ccbea3769,5,10,2,1,BFC
27fe407cb5122f12cfe976813686e8206425c32a,1,1,0,1,BFC
a13233804686886726aeeb084141d9a759c0b859,5,6,5,1,BIC
5857dbfabc15ae9e17fd5a355c4920b46295ff1f,0,0,1,1,BFC
2c3a3f44dc13a7c964e93385e1c1ca848656bed0,24,11,10,3,BIC
957870f9341201b176e41eb5fa8a750b13e501aa,102,88,25,2,BIC
d90c98905afd00c15d5d255d845b646a37173ce9,1,0,1,1,BFC
7c3f86b6dc51b38ee30aaac00cdf39d20b2e7b38,55,38,2,5,BIC
4e3aed844547f63614363a386de126e6304e55fb,9,0,0,1,BFC
98d39494d3759f84ce50e505059bc80f54c1c47b,105,0,0,4,BIC
6ab92afc95c9bd6877cb42e7b24f65be887a5440,9,0,0,1,BFC
d14d2a8453d650bea32a1c5271af1458cd283a0f,0,75,0,3,BIC
bd709898a50184de4fe418bf85486c5b1e002901,1,0,2,1,BFC
acf45d11050abd751dcec986ab121cb2367dcbba,7,6,1,1,BIC
d9533f19d8401b7072da2d484a9514af0d473148,17,1,0,1,BFC
5400367a864ddafdfb9d5d04cf6f9979665ef349,36,0,0,3,BIC
e0da1963fe84ee86b59dc4b9ff1a69cb4e1275c7,4,0,0,1,BFC
25112b64b3d261c192369acb56727d44840a5d30,25,2,1,1,BIC
4c4c565513cca1c53a12956640b5915727431631,0,1,0,1,BFC
85ee17ebeedd1af0dccd98f82ab4e644e29d84c0,138,0,1,4,BIC
4ca9a5821972b431cb94c6a1ac69a64aefe1c17d,0,2,0,1,BFC
774439e12b53daff3c97d71669a233d6e5290e79,0,3,2,2,BIC
cc20ba4ed8576abfa10a17e81cb4521f474624f0,3,0,3,1,BFC
fe052da49201ec95bdb0e1c97d574180f8905174,199,0,0,1,BIC
2d5a6ce71c72d98d4f7948672842e3e8c265a8b7,2,0,0,1,BFC
f0c62e9878024300319ba2438adc7b06c6b9c448,2,0,0,1,BFC
753c09b5652bb4fe53e2db648002ec64b32b8827,1,1,1,1,BFC
c5f6ce97c12104668784ee17fb927c52a944d3d8,11,7,2,1,BIC
b81f884a547b5c264c13fdfaa3b65cf994bf1dcf,3,4,1,2,BFC
92046578ac88e0a93f8ef03240e6c832b0189aa7,0,1,0,1,BFC
fb9a307d11d62749d75b404f15517d73f5d6e148,1,0,0,1,BIC
d220b942a4b6a0640aee78841608f4aa5e8e185e,2,1,0,1,BFC
a1702857724fb39cb68ce581490010df99168fd0,1134,0,0,2,BIC
1020ce3108cc26fbf09d70550ea2937cb1a211d2,0,0,1,1,BFC
5461bd41fd93829fdd726c01f43799c743aba9a0,0,0,1,1,BFC
56995cbc3540797142ebdcd25b55c74bd362c450,311,41,8,4,BIC
79514ef670e9e575a1fe36922268c439d0f0ca8a,12,12,0,1,BFC
a47b70ea86bdeb3091341f5ae3ef580f1a1ad822,59,43,5,1,BIC
a00cebf51d5ceed8ba9f6fac5fb189b38cd5a7c2,0,0,2,1,BFC
aa43112445f0f3b7b30ea2189218fcbd437c28ec,472,0,0,1,BIC
be8408e1440cbc86683e4e1c65270ad517b4274a,0,0,1,1,BFC
73714c05df97d7527e7eaaa771472ef2ede46fa3,5,10,2,1,BFC
fce5adf568abb1e8264d677156e2e0deb529194d,24,12,0,1,BFC
d96a7d2adb040a67e163a82dad6316f9f572498a,5,3,3,1,BFC
c2d1a0ced2603c4a17fa9c53c37e415905cf5a6d,1,1,0,1,BFC
26f4b1f7a8da3eaa6c32e12f87c9f5388196dc67,1,0,1,1,BFC
e011c663b9c786d115c0f45e5b0bfae0c39428d4,1,5,3,1,BIC
8c218578fcbbbdb10416c8614658bf32e3bf1655,0,0,2,1,BFC
8d911904f3ce412b20874a9c95f82009dcbb007c,4,0,1,2,BIC
ba4a648f12f4cd0a8003dd229b6ca8a53348ee4b,14,0,2,2,BFC
8c272261194dfda11cc046fbe808e052f6f284eb,6,13,0,2,BIC
90df4bfb4d9e00a1ab6885900b808bef2b62a21c,5,0,7,3,BFC
2302e5591a4ad2d66107c75b6be170121bff5ccd,0,0,0,0,BFC
5f2c467c54f5437e35b79fa10c73295d1e0ff586,8,8,0,2,BIC
5ebb6dd36c9f5fb37b1077b393c254d70a14cb46,0,0,1,1,BFC
e23ccc0ad9258634e6d52cedf473b35dc34416c7,1776,0,0,2,BIC
e0f2e5eb14668dc798942ff5f4241d9bd17f9655,1,0,0,1,BFC
0f314f6c2e77beb1a232be21dd6be4e1849ba5ac,388,0,0,1,BIC
4b0755e90ae03ba40174842af6fa810355960fbc,0,0,1,1,BFC
3538aa6ecfb2dd727a40f9ebbbf25a0c2afe6226,13,9,12,1,BIC
2aae918c7a21fb8388ab30b8abd4d9240e8ebd7f,2,0,2,2,BFC
f8b45b74cc6229d9f8780fd962dab84d810b6f17,94,0,0,2,BIC
9e6c9c0f2ce67534fda1fdd305fb5da3defece3e,0,0,18,1,BFC
0da36b9774cc24bac4bff446edf49f31aa98a282,13,5,176,11,BIC
d19cb64b9222a93498c9dc8447503bfa87863d99,18,9,46,8,BIC
58d876fa7181f2f393190c1d32c056b5a9d34aa2,4,0,2,1,BFC
594ff7d067ca42676e27e2a7b5dcc0ff039d08ca,596,3,1,6,BIC
7f22ced4377628074e2ac25f41a88f98eb3b03f1,1,0,0,1,BFC
e36aecba54bf24387271f2d7b989cc686a389931,1,1,0,1,BFC
47c298f792992c6eda26fc4e4630c7ca54dcec47,4,7,1,1,BFC
fd8e597ba4afb769a8fb642555a6e0c5349a6ae8,0,0,6,1,BFC
311191297125156319be8f86d546ea1c569f7e95,0,0,6,2,BIC
24ad2a9209a0bf1ec37fac25a011c98551865abb,0,0,1,1,BFC
5944701df90d9577658e2354cc27c4ceaeca30fe,0,4,0,3,BIC
000ba1f2ebf0d6f93b9ae6cfbe5417e66f1b8e8c,0,8,5,1,BFC
b90fa8763560aab7c75697fb324ffc73fb813ecc,55,0,1,2,BIC
440aeca4b9858248d8f16d724d9fa87a4f65fa33,1,0,0,1,BFC
2a3cdead8b408351fa1e3079b220fa331480ffbc,2,97,9,5,BIC
650df439cfb96c303328935559b2d06127a5a0b0,0,0,0,0,BFC
e76b4284b520ba3b83d2f3df1451c0cbb897b85d,0,0,0,0,BIC
cbf52a3e6a8a92beec6e0c70abf4111cd8f8faf7,0,0,0,0,BFC
923e02ecf3f8db19d52176723fefa0ffe6e9a3cd,0,0,0,0,BIC
a415c0f10627913793709ddb75add09d2ea334dc,21,4,0,5,BFC
6a08d83e4324fcb23994dfd481acedf49e37cc06,0,0,0,0,BFC
6c9c6d6301287e369a754d628230fa6e50cdb74b,71,0,4,3,BIC
15098803d38778070b8edfa5a3d5fc4fef10d0a1,0,0,4,2,BFC
4b87e5af638b6056bd6c20b0954d09a5a58633be,5,87,31,14,BIC
71793b7d3eb0897ca0dc4a109ede608d3e2c70ed,0,3,5,1,BFC
cd4d23c1ea9bb3769f2859b3b7b9ef24355bcba4,5,2,0,1,BIC
d9954405758a0cbbe258d9b4d4dc12a06fa48a28,2,0,3,1,BFC
5c89e7bc557e1dd5650946a0fe4940166bc62abf,200,0,0,6,BIC
7948b87308a489c2caa23574ea3c72298288c374,0,1,2,1,BIC
c72c37b7f392ad7edc10b6092fa48c632ba6f4ed,3,0,1,1,BFC
097129c9e62540122b63cba79c1843a2602bec37,13,1,3,4,BIC
501e7a4689378f8b1690089bfdd4f1e12ec22903,1,0,1,1,BFC
dff25ddb48086afcb434770caa3d6849a4489b85,33,5,12,5,BIC
269f9883fe254d109afdfc657875c456d6fabb08,16,4,1,2,BFC
08068cd5683f11e4505aa9c8cc6ed5942f8ad299,27,0,3,6,BIC
6044bd4a7d580d4459b992bc6631c817486a1514,4,0,2,1,BFC
2f878491b3674b7c61d9b214aec35c66e5946da9,5,0,0,1,BFC
8ec1507dc9d16ecd9ada2f67efa95f8d586335fb,0,0,0,0,BFC
57caf4ec2b8bfbcb4f738ab5a12eedf3a8786045,1,0,2,1,BFC
c5a2ee7dde893e0a06044e75c16711f08d5c011d,63,78,22,1,BIC
7ef4783e19a84fe1e8b58f4c27b858dfdcaef207,1,0,0,1,BFC
00d2904ffeac067d7fe29c04edcfa0216102b4c2,1,20,0,2,BIC
108744c45fd8a51e763e976d9e5b2cc265d4a847,2,0,0,1,BFC
75dd602a5198a6e5f75534db52b6e6fbaabb33d1,29,3,1,3,BIC
3752466b6bf04868296ac6bc27ea1765008636d8,7,0,0,1,BFC
e7904a28f5331c21d17af638cb477c83662e3cb6,73,1,67,9,BIC
1195892c091a15cc862f4e202482a36adc924e12,2,0,0,1,BFC
70fe3d980f5f14d8125869125ba9a0ea95e09c6b,81,11,0,3,BIC
89c557687a32c294e9d25670a96e9287c09f2d5f,5,0,0,1,BIC
b699d0035836f6712917a41e7ae58d84359b8ff9,1,0,0,1,BFC
77d4b1d36926a9b8387c6b53eeba42bcaaffcea3,1,0,3,4,BFC
b07ac9894644202614ca87c69f3f45e424a82fef,2,0,1,1,BFC
9520ed8fb8410dcb6babf751561a08f73ca03812,5,5,6,6,BIC
e3e86b5119f81e5e2499bea7ea1ebe8ac6aab789,2,0,1,1,BFC
2423496af35d94a87156b063ea5cedffc10a70a1,12,2,4,4,BIC
9a1c44d989bff4c992b8b9a112d9fda275ea5515,0,0,1,1,BFC
9b4437a5b870cb3875a63beceae5d1984ee19a22,138,224,125,1,BIC
f5f99309fa7481f59a500f0d08f3379cd6424c1f,0,1,0,1,BIC
5f733ee68f9a4df94775299ac6a7ab260704f6ed,3,0,0,1,BFC
5f348fa35a28b19cf7ee1eaa420757341a724c86,2,2,24,1,BFC
4d58e7329fdd87d37f04b319d6a5165aaff5d75c,0,1,0,1,BFC
f70b281b59a871545362a494d99a644153fbbaac,0,2,0,1,BFC
7e5930aaef5d4c8664ce4a36b05c63e8b25c1f3f,64,0,0,1,BIC
95adb4e59263d3056d75eb385e79f9e037b5b7bc,0,0,1,1,BFC
06073ee26775809f949823ae18a3affd5f376ee0,154,0,1,1,BIC
32829da54d9368103a2f03269a5120aa9ee4d5da,0,0,1,1,BFC
b299cde245b0b76c977f4291162cf668e087b408,5,0,0,1,BIC
1a3389ffc538a3a7b73335e84f33120a2f636f55,23,8,1,1,BFC
513510ddba9650fc7da456eefeb0ead7632324f6,88,46,2,3,BIC
e279e6d98e0cf2c2fe008b3c29042b92f0e17b1d,6,1,4,1,BFC
90efa75f7ab0be5677f0cca155dbf0b39eacdd03,19,15,3,3,BIC
f7a320ffebe2bdce3a189ecb531a401c653f754f,0,18,0,1,BFC
40da1b11f01e43aad1aa6cea64681b6125e8a2a7,2,2,0,1,BFC
757c989b9994f51b42d6be1bd33c7c12d16a3ac7,57,0,8,1,BIC
e5aeee51f6b4fb22e851105ee6d8ad211c40a214,0,0,1,1,BFC
a63fbed776c7124ce9f606234267c3c095b2680e,73,25,5,2,BIC
8d4b31376974855cd4fb176e5d63ba8e0407928e,36,7,0,1,BFC
9b13a4ca8d2c44ca659d8df65f15c48c2e9b9316,9,0,3,1,BIC
70feee0e1ef331b22cc51f383d532a0d043fbdcc,2,1,1,1,BFC
1ebb7cc6a58321a4b22c4c9097b4651b0ab859d0,3,3,0,1,BIC
c288983dddf714216428774e022ad78f48dd8cb1,2,0,1,1,BFC
9a67f6488eca926f8356b2737fc9f8f6c0cbed85,49,36,3,1,BIC
57ddfdaa9a72fe726a44d26d99db31bc137dbeff,0,0,0,0,BFC
60b0a8c3d2480f3b57282b47b7cae7ee71c48635,10,0,1,2,BFC
1bde33e051233f0ed93a8bc67137016ab38c3d2d,0,0,1,1,BFC
7e7844226f1053236b6f6d5d122a06509fb14fd9,15,1,0,3,BIC
a7306c3436e9c8e584a4b9fad5f3dc91be2a6076,0,1,1,1,BFC
f765f540598a129dc4bb6f698fd4acc92f296c14,9,46,1,1,BIC
7f696942a7e52df2a99410bf23da513f9aad04fb,1,0,0,1,BFC
553c942f8b2cbc7394b4d4fa2f848b23a8f07451,213,53,21,6,BIC
f0c3192ceee3c16154e70dfb373f66ed86c6fea9,1,0,2,1,BFC
d85b758f72b05a774045545f24d70980e3e9aac4,24,2,2,1,BIC
a53cb29b0af346af44e4abf13d7e59f807fba690,13,6,0,1,BFC
56ef9c909b40483d2c8cb63fcbf83865f162d5ec,27,78,24,1,BIC
6e80ac5cc992ab6256c3dae87f7e57db15e1a58c,4,0,0,2,BFC
428c9de583921c4b699622272c04af4e362c474c,4,5,0,2,BFC
766e6a4ec602d0c107553b91b3434fe9c03474f4,250,0,0,4,BIC
75fb636324a839c2c31be9f81644034c6142e469,5,0,1,1,BFC
a39be606f99d877838a34f5dd8c8be4f0a26ea2b,1,3,0,1,BIC
ac2629a4797fdc839f7a4775cc141e6f53e064cf,47,47,0,2,BFC
a6a71f19fe5e05a90e0bd2487b87aba60a7bfbe0,827,767,0,4,BIC
d31353cd753c443ace5723d6878a39f393a0c136,3,0,2,1,BFC
cb7cf772d83d2d4e6995c5bb9e0fb59aea8f7080,1,1,2,1,BFC
81d9eca502fcc360950ef476124626d97856e139,25,0,0,1,BFC
afbbc7913a288c29616bd31ae612548f6475151a,1,1,0,1,BFC
940f538a100c84c6e72813e4ac88bd1753a86945,22,0,3,1,BFC
067d6fdc558d2c43f0bfdc7af99630dd5eb08dc5,0,3,0,1,BFC
cdc876877ebc3f0677b267756d4564e2a429e730,6,6,0,1,BFC
3c29b6038828c1f4c9ecbfec14d4fc5e25f1c947,1,1,0,1,BFC
f2a0bd3753dad7ea4605ebd5435716b39e9f92bb,1411,9,1,8,BIC
c488dd2048662f35c56d002379221edf1a2a9404,0,10,2,1,BFC
6ad11bc3a0b84deb39f581ed36e19f82b9393695,183,0,2,4,BIC
d3957b86a40612826ef935f474b31359d66cbdca,5,25,10,5,BFC
79bb5b7ee1776a244484a1be6671d89fbd7c0c9f,4,0,1,1,BFC
f937d93a9122d1510ca6e4bb8d860aedcf9408c3,0,0,4,1,BFC
95c2ef50c726a51d580c35ae8dccd383abaa8701,0,0,1,1,BFC
9294000d6d895ad609f3cc4aff98c9c6175b466f,9,0,5,1,BIC
8c490669deb0133dfb6bfe7a80d7cfef3bbbd92f,0,0,1,1,BFC
eed7624552ca55c346a4e9ccaa9ab0723841aee6,1,0,0,1,BFC
4bbfabede50849f87b913a1fc07c02ecc96b6c57,1,1,0,1,BFC
bb58d07964f2f09e133b46541447c567a7306dc1,51,10,9,2,BIC
761e19a504afa55ec0ede0ed490cddb99b2596a5,6,0,3,1,BIC
e165bc02a02c70e40d5c811c705ba269aeca0497,0,0,1,1,BFC
0266f79778de0afadd070941aae493c28529d974,0,0,0,0,BFC
35cf2845563c1aaa01d27bd34d64795c4ae72700,17,3,0,1,BFC
0c1d70af924b966cc71e9e48920b2b635441aa50,40,0,8,2,BIC
1151f838cb626005f4d69bf675dacaaa5ea909d6,13,6,0,1,BFC
4dffbfc48d65e5d8157a634fd670065d237a9377,3,2,1,1,BIC
aeb073241fe7a2b932e04e20c60e47718332877f,1,0,1,1,BFC
6d18c732b95c0a9d35e9f978b4438bba15412284,1,0,1,2,BIC
ada7c19e6d27bf4bb6a242960ac6e76f9f21cdd7,0,0,1,1,BIC
a9b3311ef36b670909ea4443f306c8318082c8f0,0,0,3,1,BFC
896533a7da929136d0432713f02a3edffece2826,1,0,0,1,BFC
6ab0a2029ceaedb78af807871820708b7353e3be,235,2,3,4,BIC
cc2b702c52094b637a351d7491ac5200331d0445,2,2,0,1,BFC
fc4adbff823f76577ece26dcb88bf6f8392dbd43,70,6,1,3,BIC
20bb377106af69d16269b1837e9a945b9f508a2e,0,0,1,1,BFC
789f35d70c33b5c3809907d586f080c62ada7365,4,0,4,1,BFC
73b0ca8ec76d593d8ebb9d3a5e4021da852310e7,92,0,0,3,BIC
b312b2b25b6ac9e2eb03f4ca651b33108752de3a,1,0,1,1,BFC
dd59239a9862a42e4b8d47e4aaa8d595d08c29ab,11,8,0,3,BIC
dc421b200f91930c9c6a9586810ff8c232cf10fc,2,0,0,1,BFC
5f97b2a0d176a94815ee1d3a0511d91a5575bf4a,264,0,1,1,BIC
6f553912eedafae13ff20b322a65e471fe7f5236,2,1,0,1,BFC
937daafca774b05633f436c19885c8cb3cbdcc8a,0,5,4,1,BIC
99acc9bede06bbb2662aafff51f5b9e529fa845e,2,0,0,1,BFC
7b1f4020d0d16a17b9c48570bdb7b4ad99be3553,8,37,12,1,BIC
ee177c5d6369f8e5d3e4793dce501cf4431313a1,0,0,1,1,BFC
2885c3b2a3da7902314fa1d0a5b603eeea7c7302,1,0,2,1,BIC
7374aec95636ca39409545eba4ef5ff3125c2346,0,0,3,1,BFC
1dbf647f31751a4e94fa0435c34f0f5ad5ce0adc,0,0,1,1,BFC
6e84ab604bdedaa16239bd1c6e5fcb5660309f02,4,0,0,1,BIC
cb60606d835ca8b2f744835116bcabe64ce88849,1,0,1,1,BFC
a186493237a9d8559997c2f97c33c4716d602fd2,0,0,1,1,BFC
8e56133e5c7b7a7a97f6a92d92f664d5ecd30745,0,1,1,1,BFC
d2c3b14e1f0dcebdb695617c0c1342a36b914a47,0,0,2,1,BFC
63691587f7b0028326ddd1226c378aaaeca4d4e4,1,0,0,1,BIC
367d73d2806085bb507ab44c1f532640917fd5ca,9,0,0,1,BFC
526b4d3e8b5af7195a2aba596b8ec1622c8da564,0,0,1,1,BFC
4cd3b6ebff8510b2139d64024411207090cfe0a9,4,0,2,1,BFC
a465537ad1a4423e542f9427e4f684334b4b40a5,58,0,1,3,BIC
9094367a9161858004eacb7373aa2bf48c51c16d,0,0,2,1,BFC
19b58d9473e8e3d38e7f3602a07c8febfbd07bc1,101,13,23,5,BIC
47eaa23b4c27d735cb797be71c711a99f99e9ff6,1,0,0,1,BFC
eefbde7e10026273a81f54ab3b76e959f4f0ef09,282,4,3,7,BIC
c2e8471d98f072f0f18acdd7df5b401ed0d29a2c,0,0,1,1,BFC
39eb8cd1758886072ceb93607827722a11592ba2,24,2,9,2,BIC
1b8f8694bb4992135dac150bf44a6c139e573970,13,0,0,1,BFC
c0405563a61312cda8aa9ccda28c807974670ed6,0,0,0,0,BIC
898805e0cdf7fd860ec21bf661d3a0285a3defbd,0,2,0,1,BFC
be937f1f89cacd833bd242c35af911b971225cf0,119,0,5,1,BIC
66d6dd45eee2893f249a13406e112a35cc86c987,1,1,2,1,BFC
f6525b96dd9f68efe374e5aef864975e628de991,2,0,1,1,BFC
2a2b0acf768cfb2a9cf6c3b42b0e0eb25cbb5814,16,2,6,1,BIC
4a16d1cb245c56e72fd40a28f3cdb394cde4b341,3,0,1,1,BFC
9abdcccc3d5f3c72f25cd48160f60d911353bee9,42,11,15,2,BIC
9831724a08f06f9560fcc3f1132cbd290e5f9149,0,0,0,0,BFC
4efdd92c921135175a85452cd41273d9e2788db3,1,67,0,2,BIC
5a8948f8a32ba56c17b3fb75d318ac98157f3ba5,0,0,5,3,BFC
b685d3d65ac791406e0dfd8779cc9b3707fea5a3,6,0,4,2,BIC
5be6b75610cefd1e21b98a218211922c2feb6e08,13,0,2,1,BFC
9a7f38c42c2b92391d9dabaf9f51df7cfe5608e4,33,34,103,1,BIC
63db7c815bc0997c29e484d2409684fdd9fcd93b,16,3,12,2,BFC
9c7504aa72b6e2104ba6dcef518c15672ec51175,93,6,36,2,BIC
ff0361b34ac63ef80c785c32d62e0e9d89a2cf89,2,0,5,5,BFC
869e188a35c93f1bad7bf16c32f34a6feb5f79f1,11,0,0,1,BFC
a5b8444e289c9e759927f9bf2e82f10719729fe7,10,2,2,1,BIC
adfdf85d795f4d4f487b61ee0b169d64c6e19081,9,0,0,1,BFC
155b0f690051345deefc653774b739c786067d61,1,0,0,1,BFC
e7cc23de3e4e9222ae4fd24a00583aa5d2ed7610,0,0,0,0,BFC
617163fc2580da3d489b6c1bacb6312e0e2aac02,0,0,1,1,BFC
64188cfbe5245d412de2139a3864e4e00b4136f0,2,2,2,1,BFC
89b593c30e83ee19b7e7c6c7d6092669bebf343e,2,2,2,1,BIC
ffe406457753a7ca2061ecc8c4d3971623066911,1,1,0,1,BFC
665dff997e166c67663f2e0fce16392c70d31511,0,0,0,0,BFC
5704520d7880ee8b5d759e83df6090ea9f1a9b06,237,0,0,1,BIC
073570dcb5687f6dd0bbc541f68c03c08a57ec58,0,2,0,1,BFC
923a654c186c43734cfac5d7af6940093051bcbc,1,2,1,1,BIC
adeac77549ec13dc3bf87ec21f1b8a00f069bb1c,0,0,0,0,BFC
64ac43e6fa283f556f0a8f69ad52d6e7d550307d,0,0,4,3,BIC
7ed1c5e5ddbb87aef9df7f8a8a714bcffe90f0eb,7,1,2,1,BFC
08fd5e76c268b7a5353302825b6b63a6027ddd0a,0,0,0,0,BFC
9ef366a45629c80a612e41bd5c6d926aff7013b0,0,0,0,0,BFC
c328666d58aac4880bf0934eb915f9c5d1801360,0,0,0,0,BIC
f4c406d55c2f3eb993ed383c959a9a0e94acfe68,0,0,0,0,BFC
fb0fe92294a944e7f7dad5ab7751ceaf76e7ba54,0,0,0,0,BIC
d79a079c4dd41d1d9fca1b7a887824d72e570c76,0,0,0,0,BFC
84412e4e857f24c26682f1d7f8fd505e52fa9e33,0,0,0,0,BIC
e4dc2b32df5573b077f6723e01cf761d236d5113,8,0,1,1,BFC
f0d7ae95fff4ab444b8433f07afc4b077ef1a285,1,2,1,1,BFC
b665d98edc9ab295169be2fc5bb4e89a46de0a1a,2,9,2,1,BIC
59b2c3140f329e5817197f84860f3fa61a742fdf,0,0,3,1,BFC
c21fbe29f8588991b4fbf209ad4f6ecd4b550cdb,0,0,3,1,BIC
bef8c056fba09aa4629fe5a2d3efe64068d049db,1,0,2,1,BFC
512c7840cd692fdac0333684249753ebf3c819f9,1,0,1,1,BFC
6c75424612a724d842f45d9d48cb648a73f184ac,127,5,0,6,BIC
863e9fde1a7061dad09bb299c65bed5f1ccb44ff,4,0,0,1,BFC
05930d18c8240482d6332c57b4aba87e846444c9,2,0,1,1,BFC
49632b5822ea2af0e9531f8d20dcd5fb786093a9,17,2,3,2,BIC
d935bc84c9403f30afedc2212e6dafe7669a738d,0,0,0,0,BFC
1851f93fd2ee3dc0f3a6813385010a5d7ec1aabd,61,4,1,4,BIC
cbf712792b6e61317b93dd56dd5c0784363c9ac9,52,78,5,1,BFC
6affcbedcac79b01c8d01948a693461040133e46,34,55,69,5,BIC
fa9765323a93473d3853d04c9903958453c92ad4,1,0,0,1,BFC
5ea8d10802ec4c153a6e21eebaf412e2abd29736,160,71,103,1,BIC
d3e01c51598b2639a4830549058500e5f2ace86f,7,12,3,1,BFC
4dac3210c54a04be9c187dd31b4debb46e3d792b,8,8,0,1,BFC
5a1bb638d5677053c7addcb228b56da6fccb5d68,42,3,5,5,BIC
a93a121a96531b99d6feb8db96417b49e1bb28e8,6,1,0,2,BFC
058f8c3fb44d028ba44c2e3635d8bee9787018d6,8,2,0,2,BFC
a37b19a384914c60b7e1264a6c21e7bf96b637e8,8,2,0,2,BFC
7b07cbefb68d486febf47e13b570fed53d9296b4,11,2,7,4,BIC
573d41757c47cb71cd572236685d4c9e6cacc06c,1,0,0,1,BFC
4b1c88984c8ac894c2c411570757bed7fa5f3226,1,0,0,1,BFC
0051c10acabb631cfd439eae73289e6e4c39b2b7,0,1,0,1,BFC
67d20418088680d22037119d914982cd982b5c5a,2,0,0,1,BFC
a7cd88da97040513e17cd77ae3e57764e854bae4,28,18,0,4,BIC
2755551188d240f0098cdc6f1a2984f8a1785689,2,0,0,1,BFC
6c77003677d5f1ce15f26d24360cb66c0bc07bb3,1,0,0,1,BFC
ce1bcfe94db895cbd6876e176af5824742b29e25,1,12,4,1,BIC
2ea65321b83539afc1d45c1bea39c55ab42af62b,0,4,0,1,BFC
174cc7187e6f088942c8e74daa7baff7b44b33c9,197,31,23,7,BIC
67a7d5f561f469ad2fa5154d2888258ab8e6df7c,7,0,0,2,BFC
b0f5a8f32e8bbdaae1abb8abe2d3cbafaba57e08,0,3,0,2,BFC
4d6501dce079c1eb6bf0b1d8f528a5e81770109e,12,5,0,1,BIC
b31e85eda38c58cae986162ae2c462b53b0a2065,14,0,12,4,BFC
9a86cda07af2c63649932f0a4fc757701ef54c42,11,0,0,1,BIC
6ac56951dc10232e24419f6972fc8131dd0166e0,2,0,0,1,BFC
93c1defedcae701512957c279b850659d1dae78f,0,1,0,1,BIC
24a0f5c539f944248cbb2e3502830dcb7fd2a96e,130,1,3,5,BIC
b11ec68fe12cf3645c64892fe30f559ce7eddfd8,0,0,2,1,BFC
b840d649f9ec7ede484e47b1a53d16ae6f3d0085,18,0,0,1,BIC
13586b31c749a9b6a55660be433bf077139d32b0,0,0,2,1,BFC
2899adf0422a29a92c7314fc5b427817c084beee,31,0,0,1,BIC
34e61801a3b9df74b69f0e359d64a197a77dd6ac,1,0,0,1,BFC
aa9556956653f85baaadeb4846dc571414f13e36,1,0,0,1,BFC
95264c8c6a9040e84edda883dbbe9d193c41f46c,0,4,1,1,BFC
6572389bcc1121b4e4112632e289a57a1136989d,67,51,0,1,BIC
7425826f4f7ac60f2538b06a7f0a5d1006405159,3,0,0,1,BFC
684e3f965d0be8c26fedefe94f637374242aba08,0,0,2,1,BFC
de8cb458625c164bb3f93c4e415e479afce8fa9d,81,54,4,6,BIC
289d72afddf83440117c35d864bf0c6309c1d011,2,0,1,1,BFC
02373d7c69b4270bbab930f8a81b0721be794347,11,2,9,1,BIC
5568363f0cb358305b90ab3d3330f757943f6d0d,11,0,0,1,BIC
523a89041c319bc0f6df60627ccb2413f441fb84,1,6,6,1,BFC
04aca9938255fc7097b3fb5700f408524656f2e2,36,2,6,1,BIC
134ccada7ac59156761ce05afd1c0b1d02ebd928,2,2,0,1,BFC
98db803f6413e6d4bf1f590ea57e9e7dfe1eb32b,46,12,12,2,BIC
786813c343cb619d23cb0990e152e350b826d810,3,2,0,1,BFC
9626014258a5957ff120b3987ee72decdbe0c798,31,0,0,5,BIC
ac20fa0a96c32ff40c8a127dfd58140f1df44a9b,0,0,0,0,BFC
b6b3b80fceb175c825ad6c72659e0a72e201fc5f,2,0,0,1,BFC
d3ba5a9a345b1243276f8a982e1bce557c2504fd,65,88,86,5,BIC
b3addcf0d1f04f53fcc302577d5a5e964c18531a,5,0,0,1,BFC
2f3fd2c5bde1f94513c3dc311ae64494085ec371,16,2,2,1,BIC
c93f5cf571e7795f97d49ef51b766cf25e328545,9,0,1,2,BFC
d0381c81c2f782fa2131178d11e0cfb23d50d631,7,0,0,2,BIC
f9797c2f20c0160edd718aa467101f3301e57e59,0,0,1,1,BFC
a056bdaae7a181f7dcc876cfab2f94538e508709,14,0,2,1,BFC
cb20d5188366f04d96d2e07b1240cc92170ade40,57,9,2,1,BIC
4f8caa60a5a13a78f26198618f21774bd6aa6498,15,21,22,1,BFC
12735f881952c32b31bc4e433768f18489f79ec9,33,3,11,3,BIC
449e2f9e95d803961635d725f6482e5e995b7554,6,6,0,1,BFC
4b103883473964bbb7b0b6934999b283ee234a8a,18,0,0,1,BIC
2860583fe840d972573363dfa190b2149a604534,1,32,0,2,BIC
825a2ff1896ec3ead94bebef60c71f57254da58a,990,0,0,3,BIC
90427ef5d2a4b9a24079889bf16afdcdaebc4240,5,0,0,1,BIC
83b4605b0c16cde5b00c8cf192408d51eab75402,1,1,2,1,BFC
56b74ed9c1e8050408b9beeee25888a49a458997,0,0,0,0,BFC
8584d4fcab2222e2501e1c95b4d063cd4a76891d,0,0,0,0,BIC
702644ec1cab10ffefcebb4060d4da46d4ef2c7f,2,2,0,1,BFC
dd759d93f4dd4fd2f345a78ad1223bb3edf3ee7b,22,0,0,1,BIC
370d9192719e6c174167888cf9240df2542e3b4b,0,0,1,1,BFC
a316338cb71a3260201490e615f2f6d5c0d8fb2c,3,0,0,3,BFC
41703a731066fde79c3e5ccf3391cf77a98aeda5,1,0,0,1,BFC
36bbef52c7eb646ed6247055a2acd3851e317857,172,10,24,6,BIC
1ad2f5838d345e1c102bd1cd27c4f4c1349b0dc8,7,6,3,1,BFC
d1174416747d790d750742d0514915deeed93acf,77,4,15,2,BIC
5990baaa6d7b437dfcf58b7021ca56b1d6b35869,0,0,1,1,BFC
7d472a59c0e5ec117220a05de6b370447fb6cb66,2,1,3,1,BIC
ba615f675281d76fd19aa03558777f81fb6b6084,3,0,2,1,BFC
e45423d76f1c229b1a30ddde205a72774cdb12c6,0,0,1,1,BFC
5375023ae1266553a7baa0845e82917d8803f48c,4,15,5,1,BFC
d126d43f631f996daeee5006714fed914be32368,219,0,0,1,BIC
367a8ce896f14018cc2c6cf2681aa440fff274f4,7,1,5,3,BFC
717902cc93118119a6fce7765da6cf2786987418,2,0,1,1,BFC
093d24a204425f71f4f106b7e62c8df4b456e1cc,5,2,5,1,BIC
1d10602d306cb7f70545b5e1166efc9409e7d384,22,42,32,1,BFC
2ee1cc70552e5520a275254427c0c37fc81728d2,0,0,2,1,BFC
ce57cba37f3721c21e46adf21c61292dfd7a9c04,0,0,1,1,BFC
7f53de2069c801776f0f5d1a1d665324967a4fab,0,0,1,1,BFC
40fbb23881291bb57e4e25e859de8e2287426dac,4,1,2,1,BFC
a5061d028594a31dbf70f4554e0b7d83e5ce770f,34,3,5,1,BIC
6265539776a0810b7ce6398c27866ddb9c6bd154,7,0,2,1,BFC
d75e4919cc0b6fbcbc8d6654ef66d87a9dbf1526,3,1,0,1,BFC
ac29c64089b74d107edb90879e63a2f7a03cd66b,54,11,26,12,BIC
d957fb4d173647640a2b83e7c7e56a580e7fc7e7,2,0,0,1,BFC
17a3dd2f5fc75fc12d0a2ebf05327cf965bdf84b,1,0,0,1,BIC
415ba3c157b9de7edc59468d19d48c1d15972a75,0,1,2,1,BFC
3d51b956267343a65498704ada854c33c0f5e946,0,0,0,0,BFC
6df765dca378bddf994cfd2044acafa501bd800f,10,0,2,1,BFC
e61c38d85b7392e033ee03bca46f1d6006156175,22,12,1,1,BIC
cb590700e04d4f59179c44f360217f5ad04ae262,0,0,1,1,BFC
e5465795cac48233c9b606a7a419f4190a91851e,0,0,1,1,BFC
2f590f8419c6abb6d87d89c99931a13404a7dbe1,0,0,1,1,BFC
7b52db39a4c27c0020ff953a4bb0aa8bbe55e4a2,21,20,10,1,BIC
3083696a1ee68f4845f8e9a21b91e343ff25eff3,0,0,1,1,BFC
ce682ef6e3e019f98cafbdc7058668e0ea8f4a13,5,9,6,1,BFC
9a568de4818dea9a05af141046bd3e589245ab83,86,107,92,17,BIC
76884679c644a34ead40d74f4df6075a61d51990,132,0,12,1,BIC
3ab2137915aea0ce7b3ec02e0f260ecc0f1c289d,3,1,0,1,BFC
3dbcc105d5561e18ccd0842c7baab1c835562a37,40,12,5,4,BIC
ddff7ed45edce4a4c92949d3c61cd25d229c4a14,4,4,0,1,BFC
e578618934cbbdfdb02c5e2382be281fc8af1135,0,0,1,1,BFC
f66509e3d7c2ebbacfe1e9767e8e605ec7e9927b,89,10,13,2,BIC
16d571bb0fe6aa7fed82e19166ca1542026c9c06,3,9,155,1,BFC
9b7becf103e2689d7f005895130ccf89a153fef1,0,1,1,1,BFC
219fb0c1436e4893a290ba270bc0e644d02465a3,1,15,5,2,BIC
5fa4accf5efad012731bf36222815d7df8c17ba6,8,9,0,1,BFC
ba50f1df13c8f1a7bbd301cacde4b668b4a3b1bb,12,1,0,1,BIC
2e0bb5b38f32eb21fe25e845721a205370adeffe,3,1,2,1,BFC
791ff39ae32a34816cdca40891f142f4122ad409,406,0,0,3,BIC
d38162e4b5c643733792f32be4ea107c831827b4,0,4,0,1,BFC
75f6dfe3e652e1adef8cc1b073c89f3e22103a8f,7,30,0,8,BIC
b49c15f97c936ef5a536821f97e4dd8568369802,0,1,0,1,BFC
14d1bbb0ca425c4fdd9a38eaac346c028661b752,52,61,3,1,BIC
662f9a105b4322b8559d448f86110e6ec24b8738,1,0,0,1,BFC
6d3b5d8d8dd1c14f991ccab84b40f8425f1ae91b,0,0,1,1,BFC
e092693443b995c8e3a565a73b5fdb05f1260f9b,31,34,5,5,BIC
d8747d642ec4ce96adf17ae35652a5e4015cfe02,0,0,2,1,BFC
0f0b9b63e14fc3f66e4d342df016c9b071c5abed,0,0,1,1,BFC
ca83d5840cb641b2efb04db0b70fa56955dd1453,3,1,2,1,BFC
fefa92679dbe0c613e62b6c27235dcfbe9640ad1,5,0,1,1,BFC
d205dc40798d97d63ad348bfaf7394f445d152d4,6,12,8,2,BIC
c9525a3fab63fbe091007494f8b7a06438eea6a7,0,0,0,0,BFC
519fb5c3350d1b5225b27b1cac55144f79351718,32,1,8,1,BFC
c32c47c68a0ae701088c5b2c3798856ed16746ae,15,1,1,1,BIC
ebd574994c63164d538a197172157318f58ac647,0,0,0,0,BFC
ff3f7e2475bbf9201e95824e72698fcdc5c3d47a,0,0,0,0,BIC
c4b379d0640a35b6c87200c3bdac0df2e6137022,0,0,1,1,BFC
ef1d87e06ab4d3f9a95f02517ecc50902dc233a7,53,0,0,1,BIC
0648a07c9b22acc33ead0645cf8f607b0c9c7e32,0,2,4,1,BFC
43fe8b8eb81eee713400340716cf945f59d21496,8,0,8,1,BFC
e7ea7c9806a2681807257ea89085339d33f7fa0b,6,1,1,1,BIC
f3c0eb05e258c6a48c2d1ef2fa71ffb6ff63cd18,6,3,0,1,BFC
cf6e007eef83476c5d541453d84e08b07befe124,32,0,0,1,BIC
293dffaad8d500e1a5336eeb90d544cf40d4fbd8,1,0,0,1,BFC
f24e9980eb860d8600cbe5ef3d2fd9295320d229,2436,0,0,4,BIC
46936fd65c107ed935e21bfa6fc00b4f510b1714,1,1,3,1,BFC
7f363145992cebf4ea760447f1cfdf6f81459683,1,0,1,1,BIC
29226b198bb26f8e23985d011a9301cee5550da8,1,1,2,1,BFC
9da5ac236de6ab2189c999eb9ddddeef1431ab68,3,0,4,2,BIC
7fcd07506878db19510b6e7bd1f9153bce6702e3,0,2,0,1,BFC
94d7fb4982d2145c5784e33fa973ffb9ebb086ac,0,33,9,1,BIC
c1dd8016ae02557e4f3fcf7339865924d9357f76,6,0,4,1,BFC
cec17c382140a17ad54853a4b57a84588f090806,177,0,1,5,BIC
efad8396e906d095521791e0408293c101543e50,2,0,0,1,BFC
31efcc250a1dea96edca6595a9639d898cf99ae5,0,0,2,1,BFC
7bd897cfce1eb373892d35d7f73201b0f9b221c4,2,0,1,1,BFC
6d1d8050b4bc89d0165d29b58e894aeba2564a97,71,1,5,5,BIC
823b84201f4a719414d61b105fd23706c5668ab5,1,0,0,1,BFC
371805522f870986144fcd88727a47858e364a2c,260,0,1,1,BIC
296990deb389c7da21c78030376ba244dc1badf5,61,0,1,1,BFC
a05964f3917c7c55368c229d7985f8e7c9977e97,112,4,16,5,BIC
99b19d16471e9c3faa85cad38abc9cbbe04c6d55,62,34,26,3,BFC
0c56fe31420ca599c90240315f7959bf1b4eb6ce,28,1,2,2,BIC
570487d3faf2a1d8a220e6ee10f472163123d7da,28,1,4,3,BFC
1064f874abc0d05eeed8993815f584d847b72486,95,47,16,4,BIC
db058a186f98b057c19c42f7b10d9a96fd3b5d59,104,8,13,3,BIC
9cba4ebcf374c3772f6eb61f2d065294b2451b49,9,22,24,1,BIC
b57fe691961cc8f00541f9a435c70df45d41e514,6,0,1,1,BFC
e3ca4e0583a02a04503d9c827fb5c5d50abc4ff5,2,2,5,1,BFC
d824bf3fe2d352fc2c52b7ede05b1a0e95d946be,1,0,2,1,BFC
cdc5a7f363be34287ac6c2345e5d1d3b37cf4a23,0,0,1,1,BFC
c70d9d809fdeecedb96972457ee45c49a232d97f,9,0,9,2,BFC
1b57b6210f4e52904393be97c62122aae69bc8aa,2,2,2,1,BFC
b34939b9836950d261610132853311054b507247,32,14,45,16,BIC
f63078abff0d2927c2f58f22b1082520def70865,1,0,1,1,BFC
77f0d0e925e8a0f17a927a1f4e266d1f0e95cb72,86,53,40,7,BIC
7903d4f5e1dec53963cba9b1bc472a76a3532e07,0,0,1,1,BFC
ffaa36448985ac948031d1e99997cb4c78bbbb50,0,0,1,1,BFC
da6c2addf66d7ff7d0b090d6267d4292f951e4e6,12,4,0,1,BFC
17723111e64fbcc327846ff0b33532bcf1d40f56,1325,0,0,4,BIC
5c3c2ea6887176c5ae812c9f0350ff65b10e9485,0,6,4,1,BFC
615cd03373a02a17b82b253ff5e02e3a83b224f8,7,1,4,1,BIC
9a752b4c9ab924033bfdb8784c680d50b2bd5684,26,8,10,1,BFC
dcdc3018d6357c35eae7d80b323e10bd72253cb7,15,2,1,1,BIC
896bbb2522587e3b8eb2a0d204d43ccc1042a00d,1,1,1,1,BFC
dbc7f069b93a249340e974d6e8f55656280d8701,4,23,19,1,BIC
36cc2b9222b5106de34085c4dd8635ac67ef5cba,2,0,1,1,BFC
f928543404bdf6bb4e8d6a6c3ced5edebd0d6f38,3,2,0,1,BFC
29dc0d1de18239cf3ef8bab578b8321ed340d81c,18,1,1,1,BIC
ad258fb918dae8b1ec79a85b4c7f518e4f902869,0,0,1,1,BFC
9d6408433019bfae15e2d0d5f4498c4ff70b86c0,2,0,8,1,BIC
c10e8031d5b34cde06b039ca2e8af87a33d5ba11,9,4,2,1,BFC
76cc9580e3fbd323651d06e8184a5a54e0e1066e,44,53,32,5,BIC
a61072aae693ba08390f92eed1dd0573fa5c3cd9,17,32,14,5,BIC
8c1e2162f27b319da913683143c0c6c09b083ebb,1,0,2,1,BFC
d224e938189771dbd1e3b68ee8603a949bee76bb,1,6,3,1,BIC
415b6185c541dc0a21457ff307cdb61950a6eb9f,28,1,2,1,BFC
cc7b0d495589e03607a925a60a3c969debbc4746,2,0,5,1,BIC
665f37e7eec33223bdc50cc1b3e00bca97a30aea,1,1,1,1,BFC
6f9a22bc5775d231ab8fbe2c2f3c88e45e3e7c28,11,10,5,3,BFC
dfef358bd1beb4e7b5c94eca944be9cd23dfc752,10,0,0,1,BIC
04dc1b2fff4e96cb4142227fbdc63c8871ad4ed9,17,5,1,1,BFC
38d589f2fd08f1296aea3ce62bebd185125c6d81,46,3,9,3,BIC
2d76b2f8b54abd16225cd80afca36ed43f113c41,0,1,0,1,BFC
985538eee06f169bb13c7ecb1a7fcdeb700b05c7,0,1,1,1,BIC
72ccc471e13b8266d2ee2104521df5b92ba08e9c,0,1,2,1,BFC
dc9c4d0fe023b508f1b41dbe2a3f3133f81b4d29,5,6,0,1,BIC
f52236e0b0a0820e938e16a776309e76b7bd6c43,0,0,2,1,BFC
f5f968f2371ccdebb8a365487649673c9af68d09,1,0,1,1,BFC
664b7c4728821767e0228ee161bab87db2be58f1,3,30,4,2,BFC
6e7edabfc6a8ac5dce8c55363a7bb1576fc9348f,2,3,1,2,BFC
61df56bef97e1708bfbc006b307b00834ad61fe8,19,0,0,2,BIC
3c89a72ad80c64bdbd5ff851ee9c328a191f7e01,10,0,0,1,BFC
15be8e89cdd999124a2307ffd6dacb895c3b802e,12,0,0,1,BIC
66b54e3a5a64925d9819eae86b8f36e90e60037f,4,0,4,1,BFC
bf5a530971afbe959348af4d84d17636108e6abf,39,4,7,2,BIC
6bdba81979b2c3c8fed0be62ca31c32c3129d85f,0,4,0,1,BFC
a9de080bbcd5c4e213a3d7bbb1e314d60980e943,1,0,1,1,BFC
7036502783729c2aaf7a3c24c89087c58721430f,22,0,2,1,BIC
df563c85de690ec0a1c7e49bd1d43ff743dfb1ce,3,0,0,1,BFC
5ae4cb94b3133d00857bb2909dae779782db40cb,271,0,5,1,BIC
e2c824924cdb41528932c550647406ad81336b18,0,0,1,1,BFC
e8fa49b5d974846d367b103edc026c4d2b90ebfd,1,1,1,1,BFC
60cf0ce14b09b54e7ee79dc3ef498de6ef0e41e9,8,0,7,1,BFC
2761b4f12b017f6d3e5add386733a700a490df47,1,0,0,1,BFC
d24197907454b902908e025bce4b8bc677d3ba6b,3,0,0,1,BFC
8fc82d456e40a073d7e85d7825a345698f4b5a40,20,0,0,1,BIC
787710492911e21148975e1d1914c7409fb32c7e,22,2,7,1,BFC
626994e0748019f9987ac520f1dcfd0adb7e34c6,355,0,1,1,BIC
014580ffab654bb83256783a2b185cf6c06dffaa,0,0,1,1,BFC
f752413e26bdc9f73a8a12e280770646555c82fc,6,9,0,1,BFC
21898816831fc60c92dd634ab4316a24da7eb4af,164,0,2,1,BIC
e480eabae232b92ff44ce63678280373713920a4,0,0,1,1,BFC
7ffb0ce31cf90c21dfa496c19c2c795534b12e76,4,0,3,2,BIC
887a9730614727c4fff7cb756711b190593fc1df,2,1,1,1,BFC
9651e6b2e20648d04d5e1fe6479a3056047e8781,7,2,7,1,BFC
adb7ef600cc9d9d15ecc934cc26af5c1379777df,9,0,19,1,BIC
7d95eddf313c88b24f99d4ca9c2411a4b82fef33,4,26,10,1,BFC
c8c0df241cc2719b1262e627f999638411934f60,330,0,2,1,BIC
b4709067ac0944e4a5b94eabdc26155c6f2efbd7,6,0,0,1,BFC
81378da64de6d33d0c200885f1de431c9a3e5ccd,14,0,0,2,BIC
4ab688793e086ef6d1744a0f803fe9770a1ae5d0,1,0,1,1,BFC
76b91c32dd86f624b5df038dcb68cddd5a18d355,14,0,4,3,BIC
88fa95278503523df5fbb18b4e98526e61e13218,0,0,1,1,BFC
08737a3fa30a4c6c10b4c4b682125c7d3c494094,19,0,2,4,BIC
82237f268281d338aa35cd014be8ffb0b5445482,12,4,10,1,BFC
7cc3bff4efe6164a0c8163331c8aa55454799f42,0,0,2,1,BFC
7ac702b3144b635a8f7770e628d88ea1cbeda7ee,308,1,5,1,BIC
f7d86ecf83cb66d3c4c6ac4edb1dd50c0919aa2b,0,0,4,1,BFC
4324c97ecedcba8a548bcff9d620880e11359425,644,0,0,1,BIC
4eecbe81885180c9f6217ecfd679b1f285967218,1,0,1,1,BFC
d5d24bcc0a10a755ee77149e2f311c4ddafc19db,8,3,5,1,BIC
3780578761921f094179c6289072a74b2228c602,0,0,0,0,BFC
98f78525371b55ccd1c480207ce10296c72fa340,0,0,0,0,BIC
202021c1a63c6ed69b3260e0fe10530c51f1e53e,27,1,8,1,BIC
0109808145180d0ed3da05361f80839e6c80caeb,5,0,0,1,BFC
47624cc3301b6033d51b84a1381c2d69fda9b1a0,582,0,1,2,BIC
34b0dadbdf698f9b277a31b2747b625b9a75ea1f,0,0,1,1,BFC
f0367ee1d64d27fa08be2407df5c125442e885e3,2,0,0,1,BFC
1aa366163b8b69f660cf94fd5062fa44859e4318,29,39,54,3,BIC
f746aa5e8636c83e53bbb2d988bb614f732b2b80,0,0,1,1,BFC
9eac361877b3c96c8f68dffd7a7a3e92a2b85d0b,77,74,1,1,BIC
bd698d24b1b5790d0a22d44a0705dabd47235ad4,15,2,7,1,BIC
6bf1c2d26716dcd483699cc62474e49d164c5563,0,0,0,0,BFC
d5d332d3f7e8435e264a71b90178dee69428d630,0,0,0,0,BIC
4afc67be8e203ee8f5e95e829c0777eae7a14702,0,2,0,1,BFC
a1a745ef980a1b48299ead4ea7990e62c0516f6e,1,1,0,1,BFC
9e794b6bf4a2c65d698d7433ddfabc54a5d53a88,20,1,2,1,BIC
36d4d68cd658d914ef73ac845705c4a89e7d9e2f,3,2,0,1,BFC
c384ea3ec930ef11060a7308fbbd02b4871384f9,323,0,2,6,BIC
bd7e31bbade02bc1e92aa00d5cf2cee2da66838a,0,0,1,1,BFC
21677cfc562a27e099719d413287bc8d1d24deb7,2417,0,0,1,BIC
c32e3d1b490e89c592d0c59f10fd267c4847cbaf,0,0,2,1,BFC
d1fec5bdeb18ff98fbe317a9454bcd1fe8da1bee,2,3,0,1,BFC
fe06fe860250a4f01d0eaf70a2563b1997174a74,0,0,0,0,BFC
96d016108640bc2b7fb0ee800737f80923847294,2,0,6,2,BIC
5466c34f8425ccd24124ebdae6e3b6552195956d,0,0,0,0,BFC
10f5c8438475909a27b5fb1c3270d58ae5178ce2,0,0,0,0,BIC
53bf9590151e06e3f74212fea8da2eca2385db76,3,3,3,1,BFC
fedf266f9955d9a019643cde199a2fd9a0259f6f,2,1,0,1,BFC
6adb730dc2085c16c52a2f991cc1661e4a7fd6d5,268,0,0,1,BIC
76cefef8e838304a71725a0b5007c375619d78fb,1,0,1,1,BFC
0527873b29b077fc8e656acd63e1866b429fef55,0,0,6,6,BFC
19c233b79d1af7b5af1ec68c1172848648184449,0,0,50,40,BIC
899e4aad15e93315fa18ab9e9c88904ad237cfa0,0,0,1,1,BFC
aca69344c8a99e7374d913e42ba9120c398ee16f,1,1,0,1,BFC
4027494ae6e351951d618c6505592b971b3883e9,0,0,0,0,BIC
58d96125103c77686271f515d2ffad0d6d0dedc8,0,0,0,0,BFC
743e1c8ffe4ee5dd7596556dcc3f022ccde13d7b,1785,0,0,1,BIC
e41e53cd4fe331d0d1f06f8e4ed7e2cc63ee2c34,12,0,0,1,BFC
bdbc29c19b2633b1d9c52638fb732bcde7a2031a,10,0,0,1,BIC
a351e40b6de550049423a26f7ded7b639e363d89,4,1,0,1,BFC
541c571fa2fdfd4782d840276c5aedb535349075,4,5,3,3,BIC
27902f08065ba61514c331b7d6e85635c1655d82,2,2,2,1,BFC
6d0af07d5f4579ed8d43eb2de91c84c79c780755,1,0,0,1,BFC
14e3995e63759b80eb22a3c06958d105db4d3f79,1,1,1,1,BFC
71ebd71921e451f0f942ddfe85d01e31ddc6eb88,281,0,0,1,BIC
b17b8a20c5cd4a264601eacf1fda29008047d05a,4,4,2,1,BFC
46c319b848268dab3f0e7c4a5b6e9146d3bca8a4,3,0,0,1,BFC
d8f1deaa5256aba3296025e103e8abb96f3e6479,0,0,0,0,BFC
c0e01eac7ada785fdeaea1ae5476ec1cf3b00374,0,2,2,1,BFC
12f1501e7511958b3a7244e24f290803d0a3c41f,27,5,3,1,BIC
5f5c5449acad0cd3322e53e1ac68c044483b0aa5,0,0,1,1,BFC
daacf03f0bbfefee3df107c3f7659d22e22538a7,8,10,1,1,BIC
6b1206bbbce6092b2ec412125300889e6e551bc2,3,0,0,1,BFC
e0c0afd8aa4e2f0ecfb7f6d9c4c7f87e07d54132,232,0,0,5,BIC
6dd4aba36f2dca00c3b6976a0d59c5cee16ad545,1,0,1,1,BFC
6bee9b78a7a5ea257b24d93974538938c82b1169,8,16,6,1,BFC
6bdc00d01e202ae11fa1cae0dacbef895434483d,19,7,0,2,BFC
6fe729c4bdae41b4c5a5ff21312f021a48c69399,39,0,7,2,BIC
88e2582e90bb89fe895ff0dceeb5d5ab65d07997,0,0,1,1,BFC
8ee3fde047589dc9c201251f07d0ca1dc776feca,12,0,0,1,BIC
1e948479b3d63e3ac0ecca13cbf4921c7d17c168,0,0,1,1,BFC
72d4724ea54c360115bca7979167850dfa37ec65,51,1,2,1,BIC
2c0ac5b48a3586f612b85755b041ed7733dc8e6b,8,7,2,1,BFC
172c33cb61da0df5ccbdf1a8e736c8837d165a00,7,1,0,1,BIC
be40597a1bc173bf9dadccdf5388b956f620ae8f,6,1,2,1,BFC
aee5da7838787f8ed47f825dbe09e2812acdf97b,10,5,0,1,BFC
4c4fc90964b1cf205a67df566cc82ea1731bcb00,1,1,0,1,BFC
fa01e2ca9f531b4a5693469a196eb1574b8d7d8a,21,94,8,3,BIC
dcab5fb7a5b0472e035da7dfe21168802c1b9d3b,0,0,1,1,BFC
e76bf3c4b4e456fa8f2c729fa1e8c644857529a8,1,0,11,3,BIC
58f30d650c7f5275d4d57e62862970e1078af462,23,15,5,2,BIC
de321ed38471257ee45eac145bfd539254d13954,4,8,7,2,BFC
65101aeca52241a05e66f23c96eb896c9412718d,50,31,10,3,BIC
a3f96c47c8d4c38be71fdbb440a99968c764ba62,0,2,4,4,BFC
850cbaddb52dfd4e0c7cabe2c168dd34b44ae0b9,25,58,8,4,BIC
c915fe13cbaae5c7aa7b44f367d05addd60c9008,7,2,1,5,BIC
b12f601fe5f0e0cf37c4efd00c41a033dff67664,0,0,0,0,BFC
a285860211bf257b0e6d522dac6006794be348af,7,0,0,1,BFC
0f963b7592ef9e054974b6672b86ec1edd84b4bc,18,5,3,4,BIC
64f5102dcb811b27d673eccc8cc0d76ce90981a4,0,0,1,1,BFC
6dfb4367cd911d2b03878fffa045d545ba4507f6,16,0,10,1,BIC
8137ae26d25303e7b5cfb418fd28b976461e5b6e,2,1,4,1,BFC
42f269b925405d9dd45014823e5057786d6ca452,7,6,18,1,BIC
0687090acf0d0bee585fa0ec29cf5b1fd48cefee,0,0,2,1,BFC
2eccd4aa19fc88e48e4be4d86f271a266d95e6d0,7,0,0,1,BIC
ac0a73fb526100adc521ec2069623e47ca3997a8,0,0,2,1,BFC
6df2b42f7c040d57d9ecb67244e04e905ab87ac6,5,0,4,1,BFC
3c50ffef25855a9d9e4b07b02d756a8cdd653069,2,1,3,1,BFC
d8e5f0eca1e88215e45aca27115ea747e6164da1,2,5,0,1,BIC
604d02a2a66ab7f93fd3b2bde3698c29ef057b65,0,0,9,3,BFC
0b7c105a04ca793acf5d39ff9bafebe89182fc6b,25,58,99,4,BIC
d8db7ae4eeebb278aa68a231a003e7102f635a4d,0,0,1,1,BFC
f4c3a88e5f044e0200cd4b03a4d86cd6b6306ec4,0,0,1,1,BIC
171d8b9363725e122b164e6b9ef2acf2f751e387,0,0,1,1,BFC
ff685975d97f8cb28e2fe4e6d90a71fd93244815,25,19,2,2,BIC
c42c88e6c84d081397965a024fa09ab9b11e7938,0,0,0,0,BFC
7bb318680e868cd049922f6761170b42ff89687d,820,0,0,1,BIC
76c4969fecb174c37db4ec8a8e245e0e1c0b07ba,0,0,0,0,BFC
0ad4dc887d4168448e8c801aa4edd8fe1e0bd534,0,0,1,1,BFC
4681ee21d62cfed4364e09ec50ee8e88185dd628,0,5,0,1,BFC
c053b5a506d3afc038c485a86e3d461f6c7fb207,16,10,0,1,BIC
751a9c763849f5859cb69ea44b0430d00672f637,6,1,7,1,BFC
324318f0248c31be8a08984146e7e4dd7cdd091d,6,0,7,3,BIC
f2c61f98e0b5f8b53b8fb860e5dcdd661bde7d0b,0,0,1,1,BFC
ef6ff8f47263b1a98b7c3a8d7ee30c1d5b0afdfa,0,0,1,1,BFC
be321a82bf8ee2e59734dd0d1fa1183a55a81d5d,1,0,0,1,BFC
71e22ed1e22ff4bd83ed9743083cc8381ada1702,0,0,0,0,BFC
5c621744b4270976f2dba71c49d92883afaf1604,0,0,1,1,BFC
552c9f47f8d451830a6b47151c6d2db77f77cc3e,10,1,4,3,BFC
1aab6f468c10a1ec3977fb6f7bc12869174d516e,69,8,3,7,BIC
15a9b363de232236a31922d5a928d1830bc42060,4,3,0,1,BFC
c459bd7beda0295ea67db0ce2004a49addb2f765,22,2,20,1,BIC
9933e113c2e87a9f46a40fde8dafbf801dca1ab9,38,0,1,1,BFC
4e6c3df4d729f85997cbf276bfa8ffd8579b8e77,400,0,7,4,BIC
7dd7eb9513bd02184d45f000ab69d78cb1fa1531,4,4,8,3,BFC
30e7d894c1478c88d50ce94ddcdbd7f9763d9cdd,8,0,1,3,BFC
aa1f058d7d9244423b8c5a75b9484b1115df7f02,4,0,2,1,BFC
3f124d233e97db96d9471d1fb346335d43d8650d,47,4,7,5,BIC
579f1d926c66cc0bd3bd87b1fe2e091084b07430,0,0,0,0,BFC
0a5539f66133a02b24f9cc43da5b84b7e6f3f436,0,0,0,0,BIC
9d4f97f97bb8adc47f569d995402c33de9a4fa19,1,1,0,1,BFC
9142e9007f2d7ab58a587a1e1d921b0064a339aa,0,3,0,1,BFC
b6c41cb050d5debc7e4eaa0a81cbdbad72588891,4,2,0,1,BFC
dcd1912d21a02534d1f0a9005d5ba3283f164780,38,0,14,4,BIC
c26db7aa9c75596b05fdcae4f10d3eadb1d14eda,0,0,0,0,BFC
b77b40babc4fedabe475608dfc5a7065379260fd,0,0,0,0,BFC
bb51b5350d2fe38f30f8e416541f32dde195d7d8,0,0,0,0,BIC
e0e216ebaa2abdfc6c47c705f6c839eae7a344f9,0,0,0,0,BFC
ab3943fe57a23526ed5a89b3260b5a57d7746e63,0,0,0,0,BIC
19e16750a5362f744660b48a98f23532fd1ff32a,0,0,0,0,BFC
ab5b24fdd2d551ea729e8e19e47811a646260331,0,0,0,0,BIC
05d8cba4a1e8c7e2d1f91a24a2f3d26852938a04,0,0,0,0,BFC
61562f981e9284ff7dfb2769d89c750986a5f677,0,0,0,0,BIC
49e67dd17649b60b4d54966e18ec9c80198227f0,3,0,0,1,BFC
fe14042358fac0673d4b6362a73796fd64379938,99,50,1,2,BIC
69c8ebf83213e6165b13d94ec599b861467ee2dc,7,0,1,1,BFC
5f7f7543f52eee03ed35c9d671fbb1cdbd4bc9b5,6,25,11,3,BIC
7e1b9521f5a8356553f5e58b07952bf346632ea4,5,0,0,1,BFC
745b6e74704782488dd875292bc49e24d23e81fd,1,0,0,1,BFC
208480bb273e15f42711bd47f70dc0fbfa2570b8,1,2,0,2,BIC
f73a7eee900e95404b61408a23a1df5c5811704c,3,0,1,1,BFC
091d42e43d21b6ca7ec39bf5f9e17bc0bd8d4312,204,1,1,1,BIC
1cc896ed61fa0441dffef726ff678fd82a9e6265,6,3,2,1,BFC
a44e6657585b15eeebf5681bfcc7ce0b002429c2,17,25,8,1,BIC
5667c86acf021e6dcf02584408b4484a273ac68f,3,0,5,2,BFC
9b395bc3be1cebf0144a127c7e67d56dbdac0930,40,0,2,3,BIC
95d7c1f18bf8ac03b0fc48eac1f1b11f867765b8,2,0,0,1,BFC
aa9aa1ec2df6ffb270cf98b848570ed58e11a1f9,38,93,5,6,BIC
93491ced3c87c94b12220dbac0527e1356702179,9,0,1,2,BFC
dbe79bbe9dcb22cb3651c46f18943477141ca452,97,4,44,17,BIC
bec444cd1c94c48df409a35ad4e5b143c245c3f7,5,0,4,1,BFC
2c25a2c818023df64463aac3288a9f969491e507,4,0,2,1,BFC
ec963b412a54aac8e527708ecad06a6988a86fb4,6,1,2,1,BFC
04679b3489e048cd5dae79e050a3afed8e4e42b6,2157,0,0,5,BIC
d81182ce30dbd497a1e7047d7fda2af040347790,0,0,3,1,BFC
a7415477a20448bbb7d13765784c0b29249a176f,2,0,1,1,BFC
d4d75128b8fd727d42c775a16b41634d09409dba,7,0,0,1,BIC
1f873d857b6c2fefb4dada952674aa01bcfb92bd,2,0,1,1,BFC
5d3043586db428b5b4b3df89fa0c2db9731e934c,2875,0,0,2,BIC
dd14a3e9b92ac6f0918054f9e3477438760a4fa6,0,0,1,1,BFC
1a744d2eb76aaafb997fda004ae3ae62a1538f85,1,0,0,1,BFC
feb26ac31a2a5cb88d86680d9a94916a6343e9e6,13,2,6,4,BIC
dd5ca753fa92fb736b1395db892bd29f78e6d408,0,0,1,1,BFC
63afd5cc78775018ea2dec4004428dafa5283e93,0,0,1,1,BFC
e4a886e811cd07dd5c6f389eae4d35870ec2a483,14,1,1,1,BIC
7cdfe4ddea47dbc66306edf802fd2ef86a6c8867,0,0,1,1,BFC
d705ff38189fcfbbfa6aa97363d30c23348ad166,24,16,26,8,BIC
41318a2b82f5d5fe1fb408f6d6e0b22aa557111d,1,0,2,1,BFC
0bd193d62b4270a2a7a09da43ad1034c7ca5b3d3,1,0,0,1,BFC
942a48730faf149ccbf3e12ac718aee120bb3529,17,0,10,1,BIC
f3f6cc814f9cb61cfb738af2b126a8bf19e5ab4c,3,0,1,1,BFC
b98ae9ad559fea64dee5fcc8e3ba4bf936ceb5e6,4,0,3,1,BFC
9b5d3865b3b410d21213807642b47e84a3fc081b,55,3,0,1,BIC
bfb9956ab4d8242f4594b5f4bee534b935384fd9,4,3,0,1,BFC
563ad2b640955a0da21aedce1aaa332c7d016dde,2,0,1,1,BFC
9d896f3e41a6093a843ce668c97159367c1e4573,174,126,41,7,BIC
cae9ff036eea577856d5b12860b4c79c5e71db4a,4,0,2,2,BIC
0d83539092ddb1ab79b4d65bccb866bf07ea2ccd,0,0,4,1,BFC
75f0aef6220dc1e73bed238e57b20544ef4f38ec,4,0,6,1,BIC
a20cfc1cde76047657045fc5976834f57422a8c5,0,0,0,0,BFC
2432a3fb5cff026005aaad24e42226402f7fd0aa,0,0,0,0,BFC
6f61dd3aa35179043f1fcdb0965c5d56278ab724,1,7,2,1,BFC
125cc42baf8ab2149c207f8a360ea25668b8422d,28,63,96,6,BIC
bafbb9c73241760023d8981191ddd30bb1c6dbac,1,1,0,1,BFC
c7caf8d3ed7a6617aa0a3083815c439bd952c45c,19,5,13,1,BIC
bff5baf8aa37a97293725a16c03f49872249c07e,0,0,1,1,BFC
5dca6eea91653e9949ce6eb9e9acab6277e2f2c4,2,0,0,1,BIC
8d91012528b3c95c159e6b6779e367421df9cbb5,2,0,4,1,BFC
b72d7451209a0bad4264f5f4cb389e7f71cc5ad4,0,0,0,0,BFC
0352d1d852017953a5bdc5d735e3b9ff24fe63bd,3624,0,0,5,BIC
5d47c31b59f6c2c7ddce0fcb1be0f85ad39a56fe,0,0,0,0,BFC
b97f193abf83e30ef43317ba4883ce3a82f8e8b2,0,0,0,0,BIC
1e029b836108d0b68ba574482604247c97cb4757,2,158,1,3,BFC
bdfb95c4baab7ce58cb40dae71003a457b359772,1,1921,1,16,BIC
f1d6826cae30e97e37a1f2481d7e1dc4faa09ce1,10,0,1,1,BFC
d567232cbd9ec2a289ddffea4013b7265bbcc3d5,0,0,1,1,BFC
9a09485d41dbba0f475774587f030a95573032e5,0,0,1,1,BFC
a8b9370fc79c1ec043194452a455b0b590be609a,66,0,5,1,BIC
dbed87a9d3a857a86f602775b5845f5f6d9652b5,0,0,0,0,BFC
e8ec032b182cd4841605de4fc297a8edffe55972,1,0,0,1,BFC
53fd5b6487e4438049a5da5e36dfb8edcf1fd789,31,0,0,2,BIC
d2e19368848ce6065daa785efca26faed54732b6,2,0,0,1,BFC
c36b6db5f3e4c1bd21659aee8e67226352d254ae,38,0,0,1,BIC
fa16b69f1299004b60b625f181143500a246e5cb,3,0,0,1,BFC
28f1f9b26cee161ddd3985b3eb78e3ffada08dda,10,0,0,1,BIC
9a445bbb1607d9f14556a532453dd86d1b7e381e,0,0,1,1,BFC
0c1c8ff32fa29e425b4938934c21afdb81104431,910,0,0,1,BIC
d04c02f8aa96d82e4cbe783f85a820aae820e746,1,0,1,1,BFC
22d8b3dec214cd43a773f621f95d254c50d2a092,8,0,0,1,BIC
bbb075ddf7d58762040ca413ad82e9974713def3,0,0,0,0,BFC
17ed4c8f81da2bf340d33a8c875f4d6b1dfd9398,36,0,0,3,BIC
ece0728037b15f4d31198f12b359104bcb5db4c8,1,0,0,1,BFC
412445acb6cad4cef026daae37c4765fb9942c60,3,4,4,3,BIC
9fce894d03a98ec8e8e8106a964644633d2772ee,8,2,8,1,BFC
8d4d159f25a79bdaf1f8ae5536471ba9b26b26c2,4,1,2,1,BIC
68118e0e73aa3a6291c8b9eb1ee708e05f110cea,7,0,5,1,BFC
b3fdd32799d834e2626fae087906e886037350c6,338,0,0,2,BIC
4769886baf39b6a307eb8f9e39848823ca6c5939,0,0,1,1,BFC
9081d0805638aa7d4f9cbc05c881217d3eaf30e8,0,2,4,1,BFC
4797948071f607c5b43753cb8f1b7ddcf22e146d,1501,12,6,11,BIC
1938852de55d3235c2d1a8be5787160a00d5c378,1,0,3,3,BFC
f50169324df4ad942e544386d136216c8617636a,90,67,0,2,BIC
2f720aac936dc7a301b757d3b197d86c333d59b8,4,0,4,1,BFC
668e3b014afb66ab29e134bca7c258527273ac75,5,4,0,2,BFC
0b6b524f3915f88eb4562e8d927528224a8eab41,4,2,0,1,BIC
9b5fed0daa2a9ea3355ef06bb9e87ce800e71df6,0,1,3,1,BFC
4644848369c0c06352e9ba3bad830c9dd7281380,184,0,11,1,BIC
f77bc5b23fb1af51fc0faa8a479dea8969eb5079,4,13,2,1,BIC
d110a3942aca78d14929bc648aeb83ee0b245a61,4,0,0,1,BFC
9a08ecfe74d7796ddc92ec312d3b7eaeba5a7c22,0,10,3,4,BIC
6c5ed91b0ca6480642eed4fd9862e2bb238f35ae,4,3,1,1,BFC
6aeb75e6adfaed16e58780309613a578fe1ee90b,3,0,1,1,BFC
26cede343656c0bc2c33cdc783771282405c7fb2,0,0,1,1,BFC
af2ac1a091bc8bee73d7837b73ebfb00b917aece,38,3,8,2,BIC
ad0ccac76dcc92c3331f4c94c9fc54f8bf1ab20c,3,0,9,1,BFC
ff92b9e3c9f85fa442c430d70bf075499e1193b7,9,2,10,1,BFC
cf9caf1929882b66922aee698e99e6c8f357bee5,76,42,17,1,BIC
3d6e77ad1489650afa20da92bb589c8778baa8da,7,0,0,1,BFC
59529f69f5048e50dcde3434661981c01f8208b4,207,0,5,4,BIC
ddf42d068f8802de122bb7efdfcb3179336053f1,7,0,0,1,BFC
140b086dd19771410915a924db2e635c2b51a0f4,189,0,0,4,BIC
43e24e82f35291d4c1ca78877ce1b20d3aeb78f1,4,0,0,1,BFC
8c50b72a3b4f1f7cdfdfebd233b1cbd121262e65,0,0,0,0,BIC
f83914fdfcc3ecb62a5a83eeb609ff59a9c2052d,0,0,1,1,BFC
72d42504bd7faa6de1c1644b5e46652933e040a6,0,0,0,0,BFC
bb246681b3ed0967489a7401ad528c1aaa1a4c2e,0,0,1,1,BFC
557aaa7ffab639d0190b935a041b16ae44606342,57,31,3,1,BIC
c19db4c9e49a049054594272d408e101aaf41b27,1,2,0,1,BIC
1676330ecfa840113a37b25a49afda068380d19c,10,0,6,1,BFC
e3589f6c81e4764d32a25d2a2a0afe54fa344f5c,121,18,11,3,BIC
73bb059f9b8a00c5e1bf2f7ca83138c05d05e600,16,0,1,1,BFC
0372dd2736e02672ac6e189c31f7d8c02ad543cd,0,0,1,1,BFC
f9fccdb9efef60dbcf84d493514b475c41aa866f,8,0,2,2,BFC
e93e59ce5b85e6c2b444f09fd1f707274ec066dc,7,3,1,1,BIC
c5c3bdaacebd42a96cca0bd67967ce3b28499efd,13,0,13,1,BFC
5573d194128b47334e3edb2db87cb471449d445a,101,0,50,1,BIC
5ed793b3b29c064f0b84c19a94d4e17831cc1dc2,0,9,2,1,BFC
9127d54bb89471592b3c8af6c6273c21db6de6a6,266,0,0,3,BIC
b93e7eb5ed86983acece9aad8a1f82db1020d62b,0,4,0,1,BFC
b7c563c489e94417efbad68d057ea5d2030ae44c,17,2,2,1,BFC
7c4163aae3d8e5b9bd72508f542a44d707f308b5,0,0,0,0,BIC
0dce5454d5c258582a7da5590332d9e085886bf7,80,0,0,1,BIC
01630ab8543f21df30b0dca19087b85744f61aee,1,0,4,2,BFC
35d2d5d490e2dc98ec07f899577b2a5451f413e8,264,250,9,9,BIC
e23c7f7d57831fdae444be9d507e67716ab601d4,0,0,0,0,BFC
d8581c7c8be172dac156a19d261f988a72ce596f,0,0,0,0,BFC
54183bd7f7662930ec52ef6bbe20ed1a805262d7,0,0,0,0,BIC
2fe4bff3516924a37e083e3211364abe59db1161,0,0,0,0,BFC
e1ffceb078c6bc8a674077b29aee0926bbb54131,0,0,0,0,BIC
5ba5b437efaa7a502eec393c045d3bf90c92c4e9,0,0,1,1,BFC
fea89e2dfceaf78d132b12a4aab3db3c04fb5639,1,3,1,1,BIC
90b4f30b6d15222a509dacf47f29efef2b22571e,14,0,0,1,BFC
e00ca5df37adc68052ea699cbd010ee4e19e39e4,13,41,16,1,BIC
b2d3c270f9f2fb82518ac500a9849c3aaf503852,4,0,0,1,BFC
9dd4f319bac25334a869d9276b19eac9e478fd33,0,25,0,1,BFC
44d5887a8bf1e86915c8ff647337cb138149da82,4,16,1,1,BFC
ab2c5f0a77fe49bdb6e307b397496373cb47d2c2,3,3,0,1,BFC
bc473da1ed726c975ad47f8d7d27631de11356d8,18,6,4,1,BFC
2aab4e18152cd30cb5d2f4c27629fc8a04aed979,3,9,1,1,BFC
eb8df543e444492328f506adffc7dfe94111f1bd,6,0,0,1,BFC
be0408d74d9c95de1baf6c2563b6e6d1dfb17b88,0,0,0,0,BFC
19678ffb9fd6f216f530714e62fb469a961874db,20,105,0,2,BIC
216c4e9db4c9d1d2a382b42880442dc632cd47d9,1,0,0,1,BFC
75d2364ea0cab3a95be3f8d1f8dabd20ac4b1b2a,1008,0,0,2,BIC
5360fd473c23f18b42722cdb13a1c6ec7acd96ff,4,0,0,1,BFC
8f493ffd88eac1b45685f0f21005b65352320b8a,66,27,17,4,BIC
20b6a1c78280dbeb45214c463cf9cbccb3665146,0,0,1,1,BFC
6f9485af4020a858ac91adc5286411b6dd3c2f06,10,6,2,1,BIC
e3c19503712d6360239b19c14cded56dd63c40d7,0,1,1,1,BFC
665bc53969d79af9cfd080e25b91b0415a2b5eec,124,148,19,3,BIC
b383b544f2666d67446b951a9a97af239dafed5d,4,0,1,1,BFC
9f3b777f1de9ff5d17f7259b8f7da5e9d4303e87,0,0,3,1,BFC
b56ffae8998f7c3fc892f11b32b4dd1975efd993,0,0,1,1,BFC
666d5b4c742ba666eb68b467d777b7862f362ae5,37,0,0,2,BIC
27a655c4bd8d9851c0f2ef9ec0d3793d068acbe9,0,0,68,1,BFC
33ada14a26c8f174dac8765f4236ca66c64ae5be,6912,0,0,3,BIC
03ba791df98d15d07ea74075122af71e35c7611c,0,0,2,1,BFC
4a6180ea7399b945cd380dc63e2e8118f9b432d3,1234,0,0,2,BIC
38b8f823864707eb1cf331d2247608c419ed388c,0,0,1,1,BFC
31d848aa1d85530770f0bdf1b61a042335d340ad,0,0,1,1,BFC
bd0faf08dc7fcb3e555b35f556c9012b3c93de3b,9,0,0,1,BIC
0c2aa0e4b308815e877601845c1a89913f9bd2b9,16,12,4,1,BFC
44127b771d9c31dcb5ab90d9093a4d48877738bc,289,0,0,1,BIC
856c7ccb9ce7a061f04bdf586f649cb93654e294,0,0,3,1,BFC
f80835875d3d1a4764711a90f6cc2669f037f527,27,1,7,1,BIC
f5705aa8cfed142d980ecac12bee0d81b756479e,23,3,10,4,BFC
ef51042472f55b325fd7f2b26a2e29fd89757234,99,68,2,7,BIC
967b08c25a091867b04261fa34addedc950256f1,0,0,1,1,BFC
60d4553bdc1a0099adb544e12cafd7bbc7f1d484,3,4,2,1,BFC
8a537ece3d946227e4afa81eae0e43fa47439c7d,24,7,15,2,BIC
9d109081c261d87fc84e0cce245796796ae4c460,2,0,0,1,BFC
3fd37226216620c1a468afa999739d5016fbc349,6,2,0,1,BFC
c876ad7682155958d0c9c27afe9017925c230d64,18,2,2,4,BIC
b9a985db98961ae1ba0be169f19df1c567e4ffe0,0,0,1,1,BFC
6347e90091041e34bea625370794c92f4ce71228,33,1,0,2,BIC
cd1230070ae1c12fd34cf6a557bfa81bf9311009,8,4,1,1,BFC
faaf946a7d5b79194358437150f34ab4c66bfe21,227,2,3,7,BIC
791b48b642324c4e6bfef27f552aaebead81905f,10,1,5,1,BFC
3db65812d68883d1acfd20a9f2bc2cd13a7cd5c5,1,15,3,1,BIC
876f29460cbd4086b43475890c1bf2488fa11d40,14,14,0,1,BFC
9f141d6ef6258a3a37a045842d9ba7e68f368956,56,45,10,1,BIC
13e451fdc1af05568ea379d71c02a126295d2244,14,14,2,1,BFC
fb26a1cbed8c90025572d48bc9eabe59f7571e88,13,0,4,1,BFC
cd656375f94632d7b5af57bf67b7b5c0270c591c,12,2,0,2,BFC
c6dcf52c23d2d3fb5235cec42d7dd3f786b87d55,111,10,14,3,BIC
4636e70bb0a8b871998b6841a2e4b205cf2bc863,2,35,1,3,BFC
8594a21cf7a8318baedbedc3fcd2967a17ddeec0,19,10,7,3,BFC
1f5307b1e094bfffa83c65c40ac6e3415c108780,19,10,1,2,BIC
18365225f0440d09708ad9daade2ec11275c3df9,7,0,1,2,BFC
0a31bc97c80c3fa87b32c091d9a930ac19cd0c40,329,592,54,15,BIC
f369fdf4f661322b73f3307e9f3cd55fb3a20123,9,0,0,1,BFC
ecb10b694b72ca5ea51b3c90a71ff2a11963425a,0,9,0,1,BIC
42e6cae1b35b186650f5abc7b24c20ab6986c5a0,4,0,2,1,BFC
75cf067953d5ee543b3bda90bbfcbee5e1f94ae8,1,1,0,1,BFC
8ef80aef118e405f2b6505f623830e6e73224f85,68,115,77,2,BIC
1f23475c893a85c934143cd64865ebb9b6af383f,4,0,4,1,BFC
9459a04b6a5a09967eec94a1b66f0a74312819d9,0,3,1,1,BFC
a6c2f87b8820e956ea0f731dcf0e45949bb37a8b,81,0,0,1,BIC
5ba9b0a14132d0b8d97affe909f324045a968d03,4,1,2,1,BFC
216646e4d82e847791f0ba66c439dedd36cb119f,0,1,1,1,BIC
7b8cd3363e8a0e6b90a7067f75aaeaae61a7d612,3,0,2,1,BFC
e1edbd44e23b4119161fe4accc967878bae93831,9,1,1,1,BIC
df0c8d911abf6ba97b2c2fc3c5a12769e0b081a3,3,3,0,1,BFC
b451e5d24ba6687c6f0e7319c727a709a1846c06,3,2,2,1,BFC
adb92db857ee2a0a2b925ccfbd560203c3f88aae,19,0,4,1,BIC
f2f872f9272a79a1048877ea14c15576f46c225e,20,3,1,3,BIC
3af9256150b3ecc597c5428711f87ce105d1d58e,0,0,1,1,BFC
6af6dc2d2aa654e928ed0a64c28724d1cd2c36c1,334,0,0,1,BIC
d8b54110ee944de522ccd3531191f39986ec20f9,1,0,2,1,BFC
2d2ebb3ed0c6acfb014f98e427298673a5d07b82,36,5,15,7,BFC
f20e6657a8758fe8d074889a6f1883674f01c7f2,15,5,8,4,BIC
0fe20fafd1791f993806d417048213ec57b81045,0,0,1,1,BFC
2dcd5d95ad6b281fca6f2d5e252bbf7e8e20655b,58,41,31,2,BIC
8d66c30b12ed3cb533696dea8b9a9eadd5da426a,3,1,3,1,BFC
a00ebd1cf12c378a1d4f7a1d6daf1d76c1eaad82,8,5,7,1,BFC
bdfafc4ffdd24e491119d81f85ddc4393fa49803,12,88,24,6,BIC
df3ed932394488e57e72dd0e73c224d1804fdc8f,1,1,1,2,BFC
17a70355ea576843a7ac851f1db26872a50b2850,1,1,5,5,BIC
73cc0b9aa9afa5ba65d92e46ded61d29430d72a4,0,5,0,1,BFC
e84b83b9ee2187817cf895471675f1ccdf64cd53,0,0,2,1,BFC
cccbce67158290537cc671cbd4c1564876485a65,107,69,55,3,BIC
b26b78cb726007533d81fdf90a62e915002ef5c8,6,1,2,1,BFC
75976de6556f593f6c2a18bbbcfb1e594cc7598a,49,32,7,1,BIC
ff26ffa8ee267dcbd27a5d81cb21d1c41bfdb44a,2,2,0,1,BFC
0564654340e2776843ade007c1aaa8e8f30dd147,9,1,3,1,BIC
25dc1d6cc3082aab293e5dad47623b550f7ddd2a,0,0,0,0,BFC
b72e7464e4cf80117938e6adb8c22fdc1ca46d42,1,2,1,3,BIC
d3738123986954ba3abbd96b595f5176b50c3f5d,4,1,6,1,BFC
fba704b494fdc6816a039a66887274b4e5c00eeb,1,0,1,1,BFC
8e79b5cb1d3b8eceaf6862995952dd4de431dd99,183,103,188,7,BIC
960013762df0a214b57f2fce655422fb52bdfd2c,4,0,0,1,BFC
38b19ed7f81ec930f3ad2066ae088f574970c814,17,0,0,1,BIC
0fe397f0c65d478eea3798ac361736fd91da7022,0,0,0,0,BFC
8a8a602fdb834ffce9cf3e9f6021a86cdada78f0,0,0,0,0,BIC
6f92120892d94ef6c551da5aa2cf7bc9401c9903,10,6,4,3,BFC
351b7c490700747d1dba1b0a10fbfe3448d11c35,90,13,6,4,BIC
8376efd31d3d7c44bd05be337adde023cc531fa1,0,0,1,1,BFC
11e63f6d920d6f2dfd3cd421e939a4aec9a58dcd,31,11,0,1,BIC
55de49f9aa17b0b2b144dd2af587177b9aadf429,2,1,0,1,BFC
bd35a4adc4131c530ec7d90242555eac7b3dbe3f,205,0,0,3,BIC
a06040d7a791a9177581dcf7293941bd92400856,1,0,1,1,BFC
0aea86a2176c22647a5b683768f858d880d5e05b,297,0,0,1,BIC
994870bead4ab19087a79492400a5478e2906196,14,4,1,1,BFC
47933ad41a86a4a9b50bed7c9b9bd2ba242aac63,233,1,1,11,BIC
878a84d5a8a18a4ab241d40cebb791d6aedf5605,16,0,0,1,BIC
fee960bed5e857eb126c4e56dd9ff85938356579,0,0,1,1,BFC
305d454aaa292be3a09a9d674e6c35f5b4249a13,238,129,133,4,BIC
f0e421b1bf7af97f026e1bb8bfe4c5a7a8c08f42,0,0,0,0,BFC
d50240a5f6ceaf690a77b0fccb17be51cfa151c2,1,0,0,1,BIC
276e93279a630657fff4b086ba14c95955912dfa,9,0,0,1,BFC
7dcd9dd8cebe9fa626af7e2358d03a37041a70fb,3,0,3,2,BFC
81cddd65b5c82758ea5571a25e31ff6f1f89ff02,0,0,2,1,BFC
7dd01aef055792260287c6708daf75aac3918f66,64,1,0,4,BIC
cf1e22891bee39f50e058bee0827086fd75a8717,0,5,3,1,BFC
ba09c01d2fa866f22e42ac2af405fe386f491879,31,31,10,1,BIC
be47c5555778fa3354950731023deb034a9e445e,20,5,1,2,BFC
40b8c45492efc97d9d397475bf475d497fbb9174,5,0,0,1,BIC
a82dadbce47395747824971db08a128130786fdc,0,0,1,1,BFC
5f027d7a48aee110e5f66ef5f9e2d90d214cd06b,2,0,2,1,BFC
1226337ad98ffc7982244a67a47faab1eacaca33,136,129,6,6,BIC
92c43eb41669d8edbbfa3db45e89d2edcc55e2de,3,0,0,1,BFC
cb6aeb07929453d5ae127b536b14f6bd3d4c5942,186,5,30,3,BIC
83bd5118a119cabba47e194bba96641e303aadff,8,0,4,2,BFC
c3abb51bdb0eb08500856ef897ec1ceab8711d95,27,5,12,4,BIC
820672812f8284143f933da8ccc60e296230d25d,389,0,0,2,BIC
505a9249c23988768983aaa0766ce54e0dbe037d,2,1,0,1,BFC
2613af0ed18a11d5c566a81f9a6510b73180660a,81,33,25,1,BIC
6102c005a71b4a7a6433d43b887662fb0780746d,0,0,0,0,BFC
1945bc4549e5cb1f9aa873ec29191aa54dc851d2,1,0,0,1,BIC
24e0bfbf63bac18495b0ad76115269f2158e9234,0,0,0,0,BFC
f188d0524d7e09f7ec801df9761dc1d898b1a1c0,0,0,0,0,BIC
f63d947c1673930bfc5f2f9bd1073a02c179a890,0,0,1,1,BFC
861ce4a3244c21b0af64f880d5bfe5e6e2fb9e4a,1,0,0,1,BFC
dc16ecf7fd1fad7436832121435d4926a81d469e,11,3,1,3,BIC
07cc1ccfb84320582c9ac389a21cd81df82bc123,0,0,0,0,BFC
cba06e6de4038cd44a3e93a92ad982c372b8a14e,124,1,3,2,BIC
0d618cf4f24cebb822eaf57c27985266e4110176,0,0,1,1,BFC
1c5b12f76301b86d0e5828c7d11ec7c36ffd0195,85,27,25,5,BIC
4492b739c9ccfaf828bd7c02dc779ec2a5e55ff4,16,3,4,3,BFC
96418b5e2c8867da3279d877f5d1ffabfe460c3d,65,2,4,5,BIC
62be1511b1db8066220b18b7d4da2e6b9fdc69fb,2,1,0,1,BFC
a8161d1ed6098506303c65b3701dedba876df42a,47,42,10,1,BIC
81be3dee96346fbe08c31be5ef74f03f6b63cf68,0,0,1,1,BFC
779302e67835fe9a6b74327e54969ba59cb3478a,8,0,4,1,BIC
8128a31eaadbcdfa37774bbd28f3f00bac69996a,1,1,1,1,BFC
65131cd52b9e7c5814298e05c3b7843f13e78d24,158,0,0,1,BIC
922c60e89d52730050c6ccca218bff40cc8bcd8e,3,0,1,1,BFC
efcd24147fa03817485dab9ff9d5542a0f28684b,3,0,0,1,BFC
a1437e57af1c07ef01b921c4a1ab8efd5134b597,4,0,0,1,BFC
a8f5102af2a7740a4b3200a27beddf27f23f921a,126,0,0,7,BIC
05c5d0041972d3f3c6d881e94aa351f89a62eb2a,4,0,0,1,BFC
26d6851fd24ed5d88580d66b4c8384947d5ca29b,4,0,0,1,BIC
0d0e57697f162da4aa218b5feafe614fb666db07,12,1,4,1,BFC
cbd357008604925355ae7b54a09137dabb81b580,238,0,1,3,BIC
cf9806f32ef63b745f2486e0dbb2ac21f4ca44f0,2,0,0,1,BFC
259307074bfcf1ff88016e12c68f057aee6cb694,1870,0,0,1,BIC
8ce7aaaa9797f944ad2f50e5160c8a20a473aedf,3,0,0,1,BFC
ac45bd93a5035c2f39c9862b8b6ed692db0fdc87,1,0,1,1,BFC
1b1fc3fddabfb8739ef2c8f04e05a9858b42c1f7,4,0,2,2,BFC
c0402760f565ae066621ebf8720a32fba074d538,16,1,3,3,BIC
82486aa6f1b9bc8145e6d0fa2bc0b44307f3b875,18,1,0,2,BFC
3013c4983eb15f4ce8958e81922cdfd80f771d3e,2,0,2,1,BFC
ebd768579552a10682c2cbdfa657779dea62a01d,0,0,1,1,BFC
2719aa217e0d025dbfce74ac777815776ccec072,15,0,5,1,BIC
2e84611b3f4fa50e1f4c12f2966fcc7fb955d944,2,0,2,1,BFC
6406c91943a0f29b6e8786921aaa038663e08055,1,1,0,1,BFC
f1f3e9e2a50a70de908f9dfe0d870e9cdc67e042,2,0,0,1,BFC
abcff6ef01f9ffa6958e50457574132f8f786308,78,9,2,5,BIC
2c1497bbc8fdee897341ab48ee9c9209b421b8c0,0,0,1,1,BFC
d90c902449a7561f1b1d58ba5a0d11728ce8b0b2,0,0,1,1,BFC
629b1b2e0e6c8285fdc21624af60e8190fa4417e,0,0,3,1,BFC
2e13f33a2464fc3aa7783022a90309cabeca8935,2,2,0,1,BIC
91276162de9476b8ff32d9452e849210e5dd09e9,36,28,6,6,BIC
9122b54f266ddee09654fe3fbc503c1a60f4a01c,1,1,1,1,BFC
394e4f5d5834b610ee032cceb20a1b1f45b01d28,1,0,0,1,BFC
17a9be31747535184f2af156b1f080ec4c92a952,3,0,6,1,BIC
af8baf1518d8b3d086ac6d11d8f6acd57e9cab99,0,0,26,3,BFC
bce23e00f3369ce8c32c90f087e37c01f83002d1,65,0,0,4,BIC
2c041afc5af93a47b8bae2b1190a7b6ed028b706,0,0,2,1,BFC
f3297f686db084465347c83edfcd1527994e7a9f,39,65,15,2,BIC
84b114b98452c431299d99c135f751659e517acb,48,12,40,8,BFC
95a22caee396cef0bb2ca8fafdd82966a49367bb,16,1,19,11,BIC
34bf129a7f068e3108dbb051b4b05674e2a270e7,0,0,0,0,BFC
17085a934592585bd878884dee04b850a367be10,0,0,0,0,BIC
9051247dcf9ecee156d2ddac39a4f1ca591f8428,4,0,0,1,BFC
b6cb5ac8331b6bcfe9ce38c7f7f58db6e1d6270a,12,0,4,6,BIC
99f906e9ad7b6e79ffeda30f45906a8448b9d6a2,19,2,6,6,BIC
2ac97f0f6654da14312d125005c77a6010e0ea38,2,1,21,1,BFC
2a6cdbdd4cc0da0b0190b9a43648dff7b44adc0a,55,17,84,3,BIC
92f66f84d9695d07adf9bc987bbcce4bf9b8e87c,44,11,5,1,BFC
08865514805d2de8e7002fa8149c5de3e391f412,2,3,0,2,BIC
61baf15555129f69720334f232b153890895ef71,5,0,0,1,BFC
d5483feda85a8f39ee2e940e279547c686aac30c,3,1,1,1,BFC
658922e57b847bb7112aa67f6441b6bbc6554412,7,0,3,1,BIC
a528d35e8bfcc521d7cb70aaf03e1bd296c8493f,679,91,120,65,BIC
af5df5fb59ee01e78fd334c3d6202d9e7bcfddd3,0,0,1,1,BFC
290d638e04e7b94ff34d2f5e9426e7ce617e9a59,1,2,0,2,BFC
461a6946b1f93f6720577fb06aa78e8cbd9291c9,6,1,0,7,BIC
35f4f99ccbc1ccf3a1f1157a5f2f14d6a7d1848f,0,1,1,1,BFC
6ffa8ace7092a5414d5d387c54a66118eb90482b,0,0,1,1,BFC
3ae5f06681fc0e9ce6a0ac4f909aa7695e1f3228,0,0,2,1,BFC
4f700a5285dc8f9dde4ad02542bc42fe9f97cfcf,0,0,1,1,BFC
6b06cdee81d68a8a829ad8e8d0f31d6836744af9,0,0,5,3,BFC
5de0b4d0cd153c471640b13aae6ae6d18d0a4603,106,161,43,5,BIC
8b485ce69876c65db12ed390e7f9c0d2a64eff2c,1,0,0,1,BFC
7db92362d2fee5887f6b0c41653b8c9f8f5d6020,9,0,3,1,BIC
00473374b72a6e5aba01af083f0d5100f3151210,0,0,1,1,BFC
ce1d64e84dbea98d41deaf5db0fe91fd729ad2cd,4,0,1,1,BFC
1e6e7eae8a3a66f5fee4f44ef165ffcf31f0c40e,2,0,0,1,BFC
120010cb1eea151d38a3e66f5ffc79a0c3110292,13,7,1,4,BIC
805b151a1afd24414706a7f6ae275fbb9649be74,0,0,0,0,BFC
3c8a67f50a1e68b912d1d74db6b455cac54ec4b4,80,0,0,2,BIC
d1f7b0234ec7743899321aaaba379b2f5f9d0500,0,0,1,1,BFC
0fcb1da4aba6e6c7b32de5e0948b740b31ad822d,67,0,0,2,BIC
538c08f4c89580fc644e2bc64e0a4b86c925da4e,2,1,0,1,BFC
920f91e50c5bfcbc5fe68f46dc72a34a96e0ff16,285,0,0,1,BIC
453d0744f6c6ca3f9749b8c57c2e85b5b9f52514,5,0,1,1,BFC
f775ff7d89f33fc9ba63f6f70df3bcc98c2d9828,44,0,1,2,BFC
ce4586063f1af780b1c6b7e344907e6f9c1ba59a,1,0,0,1,BFC
8bba077066d6d0a135b7be1970691522075bf905,0,3,0,1,BIC
9b3eb54106cf6acd03f07cf0ab01c13676a226c2,0,57,0,2,BFC
9d6ec938019c6b16cb9ec96598ebe8f20de435fe,12,5,219,14,BIC
0e78a87306a6f55b1c7bbafad1de62c3975953ca,4,1,0,1,BFC
67d349ed603d5ce4a6f1722b1736e2bcef0e8690,1,0,0,1,BIC
d8a6e505d6bba2250852fbc1c1c86fe68aaf9af3,2,0,0,1,BFC
0de1f4c6f6c028249579d8d80fa0a4f6322b2227,98,6,0,3,BIC
286c469a988fbaf68e3a97ddf1e6c245c1446968,8,0,0,1,BFC
8bcb74de764aaa261d6af3ce5ac723e435f00ff4,3,9,9,2,BFC
aa2369f11ff77317b9af388ae3527f1b85981e0d,0,0,1,1,BFC
a5f6a6a9c72eac38a7fadd1a038532bc8516337c,1,2,4,1,BFC
c515e1fd361c2a08a9c2eb139396ec30a4f477dc,32,0,0,5,BIC
55635ba76ef91f26b418702ace5e6287eb727f6a,0,6,19,2,BFC
59dc76b0d4dfdd7dc46a1010e4afb44f60f3e97f,24,113,18,3,BIC
d75da004c708c9fca7b53f7da293a295522414d9,2,0,1,2,BFC
7c5f64f84483bd13886348edda8b3e7b799a7fdb,124,162,43,4,BIC
6d7225f0cc1a1fc32cf5dd01b4ab4b8a34c7cdb4,3,0,1,1,BFC
934f3072c17cc8886f4c043b47eeeb1b12f8de33,2,0,2,1,BIC
d450abd81b081d45adb12f303a07dd44b15eb1bc,3,1,1,1,BFC
599d0c954f91d0689c9bb421b5bc04ea02437a41,176,90,210,29,BIC
33496c3c3d7b88dcbe5e55aa01288b05646c6aca,0,0,4,1,BFC
45b997737a8025be2825e464e9e9dd5d07160dc3,36,282,64,2,BIC
3adc5fcb7edf5f8dfe8d37dcb50ba6b30077c905,0,0,3,3,BFC
5b4236e17cc1bd9fa14b2b0c7a4ae632d41f2e20,6,2,1,2,BFC
b63236972e1344b247750451e2be0a06cd125f21,4,4,0,1,BIC
9f993737906b30d7b2454a38637d1f70ffd60f2f,0,16,8,3,BIC
6026685de33b0db5b2b6b0e9b41b3a1a3261033c,2,0,0,1,BFC
834170c85978b0e85805364f623393968f7a9b5e,72,2,0,4,BIC
0e5c795592930d51fd30d53a2e7b73cba022a29b,1,0,0,1,BFC
4e335d9e7ddbcf83d03e7fbe65797ebed2272c18,3,0,55,4,BFC
bbd6411513aa8ef3ea02abab61318daf87c1af1e,0,3,55,4,BIC
ab71632c457269a6f3ec5a233c7a83682ae27019,0,0,1,1,BFC
b3a5db109e0670d6d168e9cd9de4d272a68f7c35,33,0,2,2,BIC
86f8e247b960d6cf4cad8b65162e73301c5a58ec,0,0,0,0,BFC
37a7fdf2892be124545ddaf99b85de576121476c,0,4,0,1,BFC
92feeabf3f673767c6ee4cfc7fc224098446c1c1,17,9,0,1,BIC
1c2dd16add7ebd7fc6a47f21a42f502cfed5ec2f,0,0,0,0,BFC
6d717134a1a6e1b34a7d0d70e953037bc2642046,2,1,1,1,BFC
156450d9d964447adfb44a231c634d2f5609d110,120,34,35,1,BFC
ee320b33b4a316e22612ad6409517fc647f2a37c,0,0,1,1,BFC
81d0848fc8d2058c4cc645d971435c889869433b,333,0,5,3,BIC
6b3d12a948d27977816a15eb48409a298902a548,8,0,6,3,BFC
616badd2fb499320d3ac3b54462f55dededd0e0f,15,0,1,3,BIC
4512c7bccb7794fb6d6ff37ae449154413bd4963,2,0,0,1,BFC
d93b0ac01a9ce276ec39644be47001873d3d183c,4,2,0,2,BFC
27ea2c420cad57386c25668cb9a9f0f082635586,2,0,0,1,BIC
b98e1995e4fa9030474a61ed0dbc033464fe5ea0,0,0,1,1,BFC
564277eceeca01e02b1ef3e141cfb939184601b4,3,3,0,1,BFC
1bd5bbcb6531776a8f73e2cc6287fc4dd542e1c7,77,1,3,6,BIC
9da3242e6a83b6f315aa9c394c939da8e4ad7774,14,1,1,2,BFC
e0ee84ded79623ac063a4e817367d61ab7650b6c,25,0,0,1,BIC
a9f11f963a546fea9144f6a6d1a307e814a387e7,3,1,1,1,BFC
7c106d7e782bd4805f39da30e81018f861b4b8c5,338,0,0,1,BIC
ddc665a4bb4b728b4e6ecec8db1b64efa9184b9c,2,2,2,1,BFC
8eee539ddea09bccae2426f09b0ba6a18b72b691,1,0,3,1,BIC
8a8b56638bcac4e64cccc88bf95a0f9f4b19a2fb,17,9,7,1,BFC
373cd784d0fc83f076c899ca7da50ecca7286e42,1904,0,0,5,BIC
24b43c99647bf9be4995e6a6c9c3a923c147770a,1,1,0,1,BFC
eb6211d3606971a957fea28f7532687f9d0f93f2,0,0,3,1,BFC
51570a5ab2b74a1b929e5a6c25b4df93652ac0aa,227,0,0,2,BIC
5c0aea0e8d98e38858fbb3a09870ed8487a01da2,16,18,3,7,BFC
1df6ddede10a1cacbf1da4cdfca3342510db1882,3,0,0,1,BIC
daeba2956f32f91f3493788ff6ee02fb1b2f02fa,11,0,4,1,BFC
8a6b1bc70dbb538cb8a39e8c5be9c3dfd7b1f40e,111,17,1,2,BIC
4f58f0bf155e87dda31a3088b1e107fa9dd79f0e,5,2,4,1,BFC
ea9a26d117cf0637c71d3e0076f4a124bf5859df,17,2,0,1,BFC
e3bf4c61da801c7967d0efff0c3f6b22d2c0e544,1,0,1,1,BFC
41dc750ea67f317c0deedde713d1728425524ef2,1,0,1,1,BFC
bb8313b603eb8fd52de48a079bfcd72dcab2ef1e,21,2,5,3,BIC
87f0faadc68534668802a85ae670435bc90830b3,79,0,0,1,BFC
67fd38973513c341c84654ae2f819089b840a39b,0,0,1,1,BFC
2093f2e9dfec98e561c83e807910267bcbd8bb7b,19,11,9,1,BIC
565851c972b50612f3a4542e26879ffb3e906fc2,5,21,7,1,BFC
d7fe1a67f658b50ec98ee1afb86df7b35c2b2593,94,0,0,1,BIC
5b8481fa42ac58484d633b558579e302aead64c1,0,0,1,1,BFC
89a23c8b528bd2c89f3981573d6cd7d23840c8a6,0,0,2,1,BIC
152afb9b45a8af4a93699a15925c392a28182a26,4,1,2,1,BFC
0a49f2c31c3efbeb0de3e4b5598764887f629be2,0,0,1,1,BFC
ff2ba9936591a1364ae21adf18366dca7608395a,34,44,32,19,BIC
a6a5993243550b09f620941dea741b7421fdf79c,4,3,3,1,BFC
3278682123811dd8ef07de5eb701fc4548fcebf2,5,0,9,1,BIC
0119dc6132d2110df8f3545bd0ffe29aa0752d6b,1,1,1,1,BFC
41ee7caf59e1c68d696162523cdf1fa7f717a731,7,0,0,1,BIC
3071e9dd6cd3f2290d770117330f2c8b2e9a97e4,0,0,1,1,BFC
b1e455260c9187b16dd4ebc428b817ebac322043,47,115,16,3,BFC
7179eb5acd59d64cb8bef2d8788af8e9647f6986,58,0,3,3,BIC
07ff2ed03bb874a5bb97361a5a07ee28f1afa574,2,0,0,1,BFC
d179bd1699fccd9d5b9bc38470bab7343a441ea0,19,15,0,3,BIC
452bae0aede774f87bf56c28b6dd50b72c78986c,7,0,11,4,BFC
8c2f7e8658df1d3b7cbfa62706941d14c715823a,823,47,52,11,BIC
f76254a845a661ccdb9fa246ee72197f90a8d3dd,1,1,1,1,BFC
3993f2cb983b2100409851f7b2abb21d685ea19c,44,2,14,4,BIC
6387d0111ca4740b69a082a92fc373185af11133,2,1,9,4,BFC
633e8799ddc09431be2744c4a1efdbda13af2b0b,22,17,5,1,BFC
b2998049cfae4f4a81c4bb048814d34912017bb9,292,0,0,2,BIC
6254a6a94489c4be717f757bec7d3a372cba1b6e,0,0,0,0,BFC
33863c938caa2538397170f1a355885f1ea1564e,66,4,0,1,BIC
8b20839988f1ed5e534b270f3776709b640dc7e0,4,0,0,1,BFC
34a109610e2a78b56be22fa314054c09669075eb,49,2,2,2,BIC
8eeef2350453aa012d846457eb6ecd012a35d99b,0,9,3,2,BFC
58073b32b0f716cbd894d503ab2408db9d48aed6,0,2,3,1,BFC
7e26bf45e4cb4ffaa113dc4a95a3d78bcc51e4cb,3,0,0,1,BIC
5010e948420ea1cff85f6c2f64ec7a011aea3d07,26,4,5,1,BFC
39f37095990a39a0ee24f7621d06e9a6da6cd815,3,2,1,1,BFC
a50fe0ffd76fbd17af36209a16caf0b8ad901fef,2,0,0,1,BIC
66117a9d9a8ca948680d6554769ef9e88f936954,1,1,0,1,BFC
b0bccb69eba3629949eaa28017be56c8b1319b45,69,13,21,1,BIC
5e0740c445e6ae4026f5e52456ff8d0be9725183,0,0,1,1,BFC
d074bf9600443403aa24fbc12c1f18eadc90f5aa,6,2,1,1,BFC
d68be71ea14d609a5f31534003319be5db422595,0,0,1,1,BFC
d1f496fd8f34a40458d0eda6be0655926559e546,0,0,1,1,BFC
8f917bba0042f1e3b7693743fbe9782709e936e7,8,0,2,2,BIC
ae3696c167cc04d32634c4af82f43b446c5176b0,3,1,7,1,BFC
83a77e9ec4150ee4acc635638f7dedd9da523a26,180,0,5,3,BIC
f958315358bc37aede49dc3cd7e27e037994ae84,1,0,0,1,BFC
58771c1cb0023fdd744e76d6cad7716dc4f579ee,250,870,7,6,BIC
66772eda0edbfbbbe7767a6b5d07e09dae84403d,5,13,4,1,BFC
303e8954af8daa087e4f42788672d280337071ab,4,0,0,1,BIC
351d74e4d7eacaab2ed0092b855355d5e2907117,0,0,1,1,BFC
9fe9c71192832a1c63fb94120cb6c2541aca694f,47,45,4,4,BIC
65ed0a8d1f24abd79be149253025de8949321900,0,0,1,1,BFC
76c2145ded6b83488dec4afc46a29a57cee90552,1006,0,0,2,BIC
49b2e27ab9f66b0a22c21980ad8118a4038324ae,0,0,1,1,BFC
9a397f473657ad47449b6ab94ff2bb3f1f2de48f,59,6,2,1,BIC
79361b2b98b7b64bcf71e0aa4e4dac497bcb94bc,422,84,4,3,BIC
3dfc3eb581645bc503c7940861f494a0d75615da,1,0,1,1,BFC
763d9a302ab18da0a0078c9788ed6566d0c974e3,24,2,9,2,BFC
76e1f77f9c26ec96ce58f46cc74ad07c731bd7ba,25,12,3,1,BIC
8b8642af15ed14b9a7a34d3401afbcc274533e13,4,5,0,2,BFC
5093bb965a163fe288c3e5db0275165f86c895c2,19,120,3,4,BIC
fd615f69a18a9d4aa5ef02a1dc83f319f75da8e7,0,0,0,0,BFC
1cb6e064924857e600d13b4f6be5511145ecb560,1,1,1,1,BIC
5052b069acf73866d00077d8bc49983c3ee903e5,0,0,1,1,BFC
c52c47e4b4fbe4284602fc2ccbfc4a4d8dc05b49,13,0,1,1,BFC
1eaa566d368b214d99cbb973647c1b0b8102a9ae,11,0,0,3,BIC
4fa55cefee1bbecadb4c9f47d40a92f65dc44351,0,0,1,1,BFC
27c0e3748e41ca79171ffa3e97415a20af6facd0,67,0,1,2,BIC
929562b144783b9212625305eadcbbd800809643,0,0,1,1,BFC
37f8aa16da8e9239092429e7a6dadf352897a92d,20,3,1,2,BFC
d66bb1607e2d8d384e53f3d93db5c18483c8c4f7,1,0,0,1,BFC
eb6d38d5427b3ad42f5268da0f1dd31bb0af1264,34,1,1,4,BIC
8d13c0290655b883df9083a2a0af0d782bc38aef,2,0,1,1,BFC
e046114af5fcafe8d6d3f0b6ccb99804bad34bfb,69,0,4,3,BIC
5a0f3b5f6d798637b0af5d6d3ab3eb02063e0317,33,27,4,1,BFC
23e0563e48f7e9e98003df5b43d6a48e162782c6,12,0,0,1,BIC
e841cfc9ff530d37617e589490caac59a1d94200,0,0,0,0,BFC
70bb510e42797792d9fc4842f01fa2fb685717b6,0,0,0,0,BIC
5d4dd65b1e98ff640c3bdb546a169e397805831e,1,1,0,1,BFC
19cdead3e2ef8ed765c5d1ce48057ca9d97b5094,0,0,1,1,BFC
54ef313714070b397d3857289f0fd099b7643631,5,0,1,1,BIC
fc791b6335152c5278dc4a4991bcb2d329f806f9,40,19,24,5,BIC
9b83e0319840eca758ef586776a427284ff767bf,3,0,0,1,BFC
504926df6df5383cad25146de3ed0a45e02c0901,0,0,0,0,BFC
07fef3623407444e51c12ea57cd91df38c1069e0,0,0,0,0,BIC
37821613626e99828491302c3a59a094ec427395,0,0,0,0,BIC
b2518c78ce76896f0f8f7940bf02104b227e1709,15,2,10,1,BFC
719994660c249a086a7493205c7f1562e30c38cb,62,0,0,5,BIC
a590b90d472f2c176c140576ee3ab44df7f67839,10,0,6,1,BFC
f9ac89f5ad613b462339e845aeb8494646fd9be2,2,3,2,1,BFC
98d610c3739ac354319a6590b915f4624d9151e6,15,1,3,1,BIC
3417f3528a2c7f8824cad7f0c35425961e98886b,1,6,5,1,BFC
6c0afb503937a12a8d20a805fcf263e31afa9871,121,173,143,24,BIC
ee495ada5c5681e66c20e9927fa35252bdf7fba0,3,1,3,2,BFC
08af5916b3b0ace9c97e5bf5d89122a0c7aa5c58,0,0,1,1,BFC
a498fbcd8714e21b2c4016ddd04b62d4ac501b18,0,0,1,1,BFC
8764522e5251b76666aa39e207069c43f742801d,1,1,3,1,BIC
0c33aeedb2cf99d877ad9adc7c3df07870f60293,7,1,5,1,BIC
36c02d0be4c3c8804e51f9740f0d768e17f3b566,0,0,0,0,BFC
02ae2bc6febd90cf3de61b6a1bdf491966ed410f,61,0,0,2,BIC
20c7840a77ddcb2ed2fbd66e8197db2868495751,6,1,3,1,BFC
f4e401562c11c7ca65592ebd749353cf0b19af7b,76,0,23,3,BIC
f0bb2d44ca26b7090dc7bade8877b77005f07dfc,0,0,1,1,BFC
119a8e708d16d38eedfa3d920b89b709dda41a8f,113,3,2,3,BIC
11270059e8d0b6f80801fac910c4ef751ca05c4c,7,4,17,1,BFC
d3269bdc7ebcf8bce7969a68d7108ec5890d8173,448,0,0,1,BIC
2d2ab658d2debcb4c0e29c9e6f18e5683f3077bf,1,0,5,1,BFC
6d684e54690caef45cf14051ddeb7c71beeb681b,7,1,1,2,BIC
3acbec03b3c51559d01c879e9564d9c9610fe8ce,0,1,3,1,BFC
5795a9a5fed75a729444f9d83fab597ec131d282,1,9,2,1,BFC
5162e1ae0c58dcf98ae322a92d60360142d0ae00,0,0,0,0,BFC
184f8e0981ef37a63fc0c3203f8546768c1d7b87,0,121,0,4,BIC
c96d886d7b2efaba804a125e95c0f599a4c9974e,0,0,1,1,BFC
b58f45c8fc301fe83ee28cad3e64686c19e78f1c,0,1,1,1,BFC
784047eb2d3405a35087af70cba46170c5576b25,0,0,1,1,BFC
f55a6d457b215e5a382d6001a166ae2089fc81b6,8,5,54,11,BFC
c45112e467ab0a5dbc13f36b0420518e1ee9c072,5,3,9,3,BFC
1442f6f7c1b77de1c508318164a527e240c24a4d,17,5,0,1,BFC
09571c7ae30865adfa79dccd12a822a65d2c4b5a,42,0,7,1,BIC
b86c86aa9805b25ee70071d084e618b2c40641b5,1,0,0,1,BFC
d69843e416d315123aea4831c3a7dfb299526681,19,0,2,1,BIC
7b4ccb3c466f62bbf2f4dd5d6a143d945a6f3051,5,0,0,1,BFC
527c02f66d263d2eeff237a2326c3278cfc03d3b,98,0,0,2,BIC
83977443938122baeed28dc9f078db3da9855f7c,12,1,5,1,BFC
e85ec6c3047be0646e7c572e24869c212b685c7c,7,6,3,1,BIC
ed6473ddc704a2005b9900ca08e236ebb2d8540a,50,3,5,3,BFC
bb6aeba736ba9fd4d9569eec4bc3f7aecb42162a,14,65,1,2,BIC
041939c1ec54208b42f5cd819209173d52a29d34,1,0,0,1,BFC
c950fd6f201aea649932898206a850f0a7f25603,14,3,7,5,BIC
adeb45cbb5057731ce9c47aad93756135d7947bf,3,1,1,1,BFC
4b726e81dab2cefefd2c1cb00e3074ac0eec4b15,1,0,0,1,BFC
7c1c7308592f0f261836a96e37b7835ffd10d85b,0,3,4,1,BIC
275292d3a3d62670b1b13484707b74e5239b4bb0,0,0,2,1,BFC
6ed071f051e12cf7baa1b69d3becb8f232fdfb7b,19,6,5,3,BFC
a584539b24b87dc8be83a713006396cabec47833,14,3,2,3,BIC
6c01bbd2cf8cbc1906818b402b10bca2283c4e7e,37,0,11,1,BFC
ab6241ae07c3c698543b565e4ea41995a29a3f62,0,0,3,1,BFC
d81ca730e3e40f4fd59ab3dfcad29aed6257944d,714,0,0,1,BIC
8b8a84c54aff4256d592dc18346c65ecf6811b45,0,0,1,1,BFC
cb710ab1d8a23f68ff8f45aedf3e552bb90e70de,3,0,1,1,BFC
2b6d83e2b8b7de82331a6a1dcd64b51020a6031c,644,0,0,3,BIC
cc6eeaa3029a6dbcb4ad41b1f92876483bd88965,0,0,3,1,BFC
c61b781ee084e69855477d23dd33e7e6caad652c,0,0,1,1,BFC
cfcf99f987ba321a3d122580716beb9b08d52eb8,0,0,1,1,BFC
be269180c9335c257a2763c3fd3a44e65c90c1f0,0,1,0,1,BFC
56e1d40d3beab2f247d48574bf51fc5daeebc285,551,0,0,2,BIC
5a88d4120029601a0868e20774382d312952d3b5,3,0,0,1,BFC
ac89473213c602b98172d92e40f5e78032b1aba0,1,1,0,1,BFC
c0369698e6455c734a772e3acb09cff9a0c8ed9f,9,4,4,1,BFC
8824ee8573483e1c91691b5be3d3730e75551dce,133,0,0,3,BIC
8461cf20d17e0090e9236b73d25b31be4f7fadc5,0,0,0,0,BFC
c894acc7bf400d039bf740420b22f0b71b7fb504,0,0,2,1,BFC
5d9854eaea776441b38a9a45b4e6879524c4f48c,40,2,3,3,BIC
1741937d475d91ed95abb37f07e8571e23b9a7fe,0,4,2,1,BFC
0de0e198bc7191a0e46cf71f66fec4d07ca91396,4,1,1,1,BFC
1e2f82d1e9d12223b4cbd1feb3f2b5596f8049eb,4,5,2,1,BFC
d852ed98f62e0d44f594adb850b3d6cedb5c9292,0,9,4,2,BFC
2a76f89fa58c769241cfc21f2614705591519ae3,2,2,0,1,BFC
856c634dd204581710157d539a37b7340fb60894,2,2,0,1,BFC
c1201444075009507a6818de6518e2822b9a87c8,0,5,3,1,BFC
199ab00f3cdb6f154ea93fa76fd80192861a821d,2,0,16,1,BFC
ea3dc9601bda69d8d695b57c4f7a997cd7039781,39,0,1,1,BIC
4c5e7a2c0501bd531aad1d0378c589a92cb3cc31,0,0,0,0,BFC
5294b83086cc1c35b4efeca03644cf9d12282e5b,17,2,5,1,BFC
321beec5047af83db90c88114b7e664b156f49fe,3,0,0,1,BIC
88326ef05b262f681d837ecf65db10a7edb609f1,3,0,0,1,BFC
52e542090701ab983a695cc33ecba19e6a0335a2,132,0,2,4,BIC
96dabe99cae8a1b5fc645f213eeac928541d3899,18,16,6,1,BFC
41ce405e689491658cb68dfca620dc199130c5f6,3,3,1,1,BIC
b2736695886931ede25de3d21726dea7b2e8e9f2,5,3,1,1,BIC
b162d47e142581bfae356d9474856c972c40adbe,0,0,0,0,BFC
66d9cb5d805af70229ffe6f961bf06adc511f469,5,0,0,2,BIC
5af9e672b84f006695b820f791f2eceecca59bbc,0,0,0,0,BFC
0daf0113cff6884ed947ffe0870a926e73d52f79,9,4,1,2,BIC
dde7b00e4c85db74a4ae02ec31752cc8be3c75f1,8,1,0,1,BFC
45b21cfeb22087795f0b49397fbe529efeb99baf,9,2,2,2,BFC
b866cc2199d6a6cdcefe4acfe4cfca3ac3c6d38e,69,56,23,14,BIC
bdb57b8dca8e77f85c4cd9aecabd0591e6b26b2d,0,0,1,1,BFC
440df938b482801c62722cc9460ee55b9a4bd847,20,11,0,1,BFC
a5509abda48ecfc133fac6268e83fc1a93dba039,22,11,8,2,BIC
d445aaaac0879a4c4400bf59f20465ba3e8445f1,14,1,0,1,BFC
c81d46138da658b6a4edc53d5d9aaf62d56d764b,201,16,2,5,BIC
1676a2b35cd5a548da17d1106fb0d4d238c0d191,3,3,0,1,BFC
fe3288b5da2c1286a7aac1fb1b2234caa752a81b,17,0,1,2,BIC
4a99f3c83dc493c8ea84693d78cd792839c8aa64,0,0,1,1,BFC
97c684cc911060ba7f97c0925eaf842f159a39e8,10,0,2,1,BIC
6d80594936914e798b1b54b3bfe4bd68d8418966,0,0,0,0,BFC
6a8146f420be2e59cf511c5a046b762142ff201d,0,0,0,0,BIC
9f41ebfb7e395650f001c2f711833ef1a37ac0d4,0,0,1,1,BFC
d6299b6efbf66c27d2d8cda009e6d49b53dc4cfe,41,0,1,1,BIC
dbd68d8e84c606673ebbcf15862f8c155fa92326,0,2,1,1,BFC
e7b52ffd45a6d834473f43b349e7d86593d763c7,77,12,37,8,BIC
e6ab9c4d437764c7fb728d428dc9e717cdb183d0,3,3,0,1,BFC
f2a6a7050109e0a5c7a84c70aa6010f682b2f1ee,275,15,126,11,BIC
35fa70dfd6e6f270d7aabb3470855208b11ac9fb,1,1,1,1,BFC
6272c0de13abf1480f701d38288f28a11b4301c4,2,4,0,1,BFC
83c4919058459c32138a1ebe35f72b7013a9ddbc,1,0,1,1,BFC
b409946b2a3c1ddcde75e5f35a77e03f4d354be0,0,0,1,1,BFC
9fea59bd7ca541e5d0851f0b6dbca83c60ea90cd,4,3,2,1,BIC
c773f70015f6f07f4abe93b486da7f53fde6e878,0,2,1,1,BFC
00c5f80c2fad5368cd5bfa6c9d90e75a9041ac16,149,0,0,3,BIC
8bf8f2e8c786f37991bd27332c75edcc524d2232,0,0,0,0,BFC
08a1e650cc631ccc8cfe670beb38b2f9c58402cd,1,0,0,1,BIC
d3bb910c15d75ee3340311c64a1c05985bb663a3,3,4,3,1,BFC
88c5c13a5027b36d914536fdba23f069d7067204,26,1,4,2,BIC
91a10c52975a8c89e146a4f740e64cd147ba8e8a,8,3,6,3,BFC
54cbd6b0c6b9410782da3efe7377d43bb636faaf,67,15,11,4,BIC
9378b274e1eb6925db315e345f48850d2d5d9789,1,0,0,1,BFC
e2ac236c0b65129f12fef358390f76cc3cacb865,103,113,11,5,BIC
f99a6abe59e096cc2c753e667c19f22022e3bef4,2,2,0,1,BFC
9415af7f306bfd5555552f059ea0a476c44c816a,48,9,3,5,BIC
cd50ac0f31d111cf6c2a7b953a67703d5522ef55,0,3,0,1,BFC
8976672736d6089ae011fda3482e30e4380276f8,216,5,2,6,BIC
4df4a5bac3264efa0595b52b2a9cd5274b32f0d4,0,3,4,1,BFC
523791d7c5eb4533ded3ba3de3517431243c0de5,0,9,1,1,BFC
438b228e03740957d94198417d28a6ebea6672ed,1,0,1,1,BFC
bd174fc2ca63f1c833a09f930796d789fb1f5361,0,0,1,1,BFC
5b0ff9a00755d4d9c209033a77f1ed8f3186fe5c,1,0,0,1,BFC
8048ced9beb21a52e3305f3332ae82020619f24e,11,1,1,1,BFC
19445816996d1a89682c37685fe95959631d9f32,0,95,4,1,BFC
833415a3e781a26fe480a34d45086bdb4fe1e4c0,95,0,4,1,BIC
b1b9d366028ff580e6dd80b48a69c473361456f1,1,1,0,2,BFC
e10177abf842d0c40dfecc43bd57a0a762a2fccf,21,6,1,3,BIC
ec9c4215fef37da6668c4105f5ad3891aaa6527a,4,0,0,1,BFC
5136a4fd5832af12ec5e5961c52a27a524a0a9d9,2,0,1,1,BFC
2f7878c06e2d227aa5c405ddde356403b83e3509,0,0,1,1,BFC
fdfb70d275223b9d69d5d3abe1f88507da579139,1,3,3,2,BFC
b58a185801dab4eefccad868c466296795c5bae7,3,15,5,1,BIC
df6438f9a726c8f803e03708c83928e439fd5e2f,0,0,0,0,BFC
88baa78d1f318e57c7cccbfe55d485befd1ce696,0,0,0,0,BIC
05ff8378975a9d5fdde19104b62163d2902926fb,0,0,1,1,BFC
10724cc7bb7832b482df049c20fd824d928c5eaa,90,30,32,5,BIC
3364d61c92ecca7a8da990659c4b0ae1fcf0fcfb,1,1,0,1,BFC
b7d6df57516f8e6a1c847b822ec2a62555455f88,4,2,0,1,BFC
0b2c9f88b94cd40f6a27641f0bac02a7ba185e39,0,0,2,1,BFC
9f2cf73ed65b598514e4858ca3d602710718ab93,9,0,0,1,BIC
72ec0bc64b9a5d8e0efcb717abfc757746b101b7,4,0,2,1,BFC
a53d26eb888ab1c41779c443daf1af948c641e0b,4,0,1,2,BFC
dd248f1bc65b49cba622a7e925d90d790e572996,6,0,0,1,BIC
f6478218e6edc2a587b8f132f66373baa7b2497c,10,1,0,1,BFC
260916dfb48c374f7840f3b86e69afd3afdb6e96,7,1,1,1,BIC
e6ba9992de6c63fe86c028b4876338e1cb7dac34,39,7,20,5,BFC
9d2ee0a60b8bd9bef2a0082c533736d6a7b39873,58,3,0,1,BFC
2d283ede59869159f4bb84ae689258c5caffce54,9,0,0,1,BFC
c9711ec5250b22fd94e9b34c17c095e001a90e66,129,108,24,4,BIC
277a292835c196894ef895d5e1fd6170bb916f55,2,3,0,1,BFC
b655f0e96d4061eac42dea2dccd37a3348d1f3f3,3,3,3,1,BFC
543b334d145e59d4379ccdde312bc30c470b1087,0,0,0,0,BFC
97b50a654d5de505ccf972c6b7ea7bfda1c0c475,80,35,14,1,BIC
bc042fdfbb92b5b13421316b4548e2d6e98eed37,5,2,2,1,BFC
f284a4f23752d0334e482d04e0a584d19c9c8cd0,84,34,3,5,BIC
bfcda65c9ba57004533c12673347503f250c3290,0,0,1,1,BFC
991a36bb464589f169d6c9e3d01f5b99299a73fa,21,0,0,3,BIC
3fb22b0534e412569dd67dec625b4a051c7c2d7e,24,0,1,2,BFC
a424f0de61638cbb5047e0a888c54da9cf471f90,14,0,0,2,BFC
cfd2aff711aa9de301258d322a0b5a3c64010220,13,2,2,3,BFC
c5ce0abeb62845352d7428d6b82e5b52e8728f12,5,7,1,7,BIC
e791ce27c3f6a1d3c746fd6a8f8e36c9540ec6f9,2,0,0,1,BFC
1bc0eb0446158cc76562176b80623aa119afee5b,21,16,4,1,BIC
3397623b370494fd7e0bca62b7578051482d058d,6,18,10,1,BFC
f0a955f4eeec0f16bdbdd0fb15d8ec0937d1de23,4,13,16,4,BIC
d66450e77350d47ac865a56fec4a62dfcc7756ae,0,0,29,1,BFC
54c2258cd63a81283cf88b2bd9457c61ee2cd66f,168,121,11,2,BIC
ec5ab8933772c87f24ad62a4a602fe8949f423c2,2,2,0,1,BFC
455e5cd6f736478d63a076086c732d287623e366,19,1,2,1,BIC
c82feeec9a014b72c4ffea36648cfb6f81cc1b73,4,0,2,1,BFC
28856a9e52c7cac712af6c143de04766617535dc,71,53,0,13,BIC
90fdc561b08ce292f1d39a62f70012f150583b98,40,7,18,3,BFC
172f638c93dd0b90b231d07662e64025b1e53e38,84,7,1,3,BIC
ee200a7377fb6ce5ea6d631af0905883f0dca6d2,1,0,3,1,BFC
6fe0c3b43804c9803a4a31c9d2ed8c2014bc0dc3,47,7,23,2,BIC
58c4c6a3f7cb3a142674ba34e7e67e2d585b9787,3,0,0,1,BFC
fc1f8f4f310ac65b1337e2d7ba52ae4ff2b7c849,1,0,1,1,BFC
5cb04436eef62aa8f5c482f8ec8deba391dea465,17,0,0,4,BIC
6bd3d1929246bb0cf4f3bd6e25a0ba442b0de845,1,1,0,1,BFC
834184b1f3a4635efbdfdae5fb437f109f6605fa,133,18,3,9,BIC
53b56da83d7899de375a9de153fd7f5397de85e6,32,12,1,2,BFC
76507f69c44ed199a1a68086145398459e55835d,54,24,19,6,BIC
88be4c09d9008f9ff337cbf48c5d0f06c8f872e7,6,6,6,1,BFC
ca7433df3a672efc88e08222cfa4b3aa965ca324,23,13,56,7,BIC
54a5f9d9abab639039eb7288bdc26c9c67f4e79b,5,0,0,1,BFC
e920dde5160887d07b738f5a7f593b1fa9b1e32e,40,54,26,1,BIC
66e5a6b18bd09d0431e97cd3c162e76c5c2aebba,16,0,5,1,BFC
893e093c786c4256d52809eed697e9d70a6f6643,2,3,2,1,BIC
cf5d70918877c6a6655dc1e92e2ebb661ce904fd,28,0,1,1,BFC
9199cb7677b388b42e3d95c755090dfc5ab2b11a,2,1,2,1,BFC
a0d2f20650e81407d8e51ad2cbdc492861c74e9c,410,4,1,3,BIC
cd183740480f045600aa1fa38fe70809b5498f05,1,0,0,1,BFC
44f22bd91e88f9a1203a6e564a237e593f5f2f74,64,0,0,3,BIC
b7c8487cb3d99509220092fe77a2464dff43f015,2,1,0,1,BFC
9d43f5e8df6804ae271407500af9062e9278167a,7,0,1,1,BFC
bdd97ca63faa374c98314d53c0bcaedb473c5a33,1,8,1,1,BIC
e883d09c9eb2ffddfd057c17e6a0cef446ec8c9b,0,0,0,0,BFC
26a37ab319a26d330bab298770d692bb9c852aff,0,0,0,0,BIC
11faa7b0359aaf7efd406b7a6a077fda2b037d8e,0,0,1,1,BFC
eea221ce48803a92e2319270b2b7b8e21cd470ca,1592,351,323,2,BIC
1510d728639e183b60bd1285b09a49c393923ba5,1,1,1,1,BFC
f4edce1afd537327012189c1481ad66260b195ff,0,1,0,1,BFC
755b5bc681eb46de7bfaec196f85e30efd95bd9f,30,73,13,4,BIC
e76ca27790a514590af782f83f6eae49e0ccf8c9,6,0,0,1,BFC
f86e4718f24b83be0c42894d2b97accc993d65d3,2,0,0,1,BIC
68baf692c435339e6295cb470ea5545cbc28160e,0,1,0,1,BFC
64c6a71126fdeb2d60e193b93e24ea5ffa9c40ba,0,0,1,1,BFC
11598d1740500e3c1848122f3e77ab017aa38b77,26,0,2,1,BIC
9842119a238bfb92cbab63258dabb54f0e7b111b,18,0,0,2,BFC
a86bd139f2ae02f960caeb0c1dd5f871d3e087cd,28,9,4,1,BIC
73dbd4a4230216b6a5540a362edceae0c9b4876b,0,0,1,1,BFC
f0aac63b873b354c1a16bef03563cbc3941ce7ad,28,2,5,1,BIC
2a2a251f110576b1d89efbd0662677d7e7db21a8,141,0,8,1,BFC
400c40cf78da00c16e561a3a253ca272455c42ef,666,0,0,1,BIC
e892d2d40445a14a19530a2be8c489b87bcd7c19,0,8,2,2,BFC
a44f53faf4674d84cba79f7ee574584e18ab8744,17,2,20,7,BFC
be388d9fbd4e09582e31c3ee82a022e368208ae3,8,6,1,1,BFC
33db9fd46ea8e3e6d4757d99a3f97bd1a0c919f3,3,0,0,1,BFC
f3236cef5a206c27a624b8a813ddc1ebc4c6637a,0,0,1,1,BFC
3dc001f343659e4732b4ff6da1c28edbd56c6e15,2,2,1,1,BFC
05d7839aa290901429d8edcd8f7974c9df2bcaa5,0,0,1,1,BFC
5e82c9e4ed60beba83f46a1a5a8307b99a23e982,1,0,0,1,BFC
f913a72aa008777d4a92f82acafb17cce9aed4dc,47,0,0,3,BIC
cbad8cddb6ed7ef3a5f0a9a70f1711d4d7fb9a8f,0,0,1,1,BFC
5ae85b0edaa597b063ee9d8f48b830519a6e0c0f,1,0,0,1,BFC
a6d51b68611e98f05042ada662aed5dbe3279c1e,277,0,2,4,BIC
225aabaffe9ab42b2dd8770359442f019083275e,9,5,14,1,BFC
32f3671f6951836cfe9d84e1a6554908b85c61d7,9,5,14,1,BFC
c415f704c8276bc686abcb0497bf2606038ca73c,19,6,7,2,BFC
bffaa916588ebb065cfa0287195d9ad35612eecf,148,0,0,4,BIC
55378a238e04b39cc82957d91d16499704ea719b,1,1,0,1,BFC
5d05e81516cfe7606ee0cd8278fe225314dccfbe,0,2,2,1,BFC
dab5aec64bf5907f65926675807e4ebe83b3b10e,23,0,5,1,BIC
ade0b0c965f59176daddbef9c4717354034f9bce,3,0,0,1,BFC
1fb78fb6c6ad3751cce18d37e773d07858c1ced9,0,0,0,0,BFC
f2edd9f67b8bdbe8cc3bc5c0ba4992e511147642,0,1,1,1,BFC
fc04f27dfc4280ef35540ab40fa14c24ff8cc799,6,6,0,1,BFC
c17435c56bb1feb7365ebffcfbe98baae50a0fb4,27,0,0,2,BIC
2158a09395b3751db99663b2efdcce0ae09ca133,5,1,1,1,BFC
473adbf4e02857a6b78dfb3d9fcf752638bbadb9,15,0,0,1,BIC
659226eb630ff522b30d8b8a82c9e722756e6bd4,0,0,3,1,BFC
5bf1e1ee6269f4db307bdfce45d196d6c9bc818a,0,0,1,1,BFC
58688a7525b6b4224347f5d1c16d92e4a3db2559,0,0,0,0,BFC
1cd706df8a9c93f4c7234f285e316a239d6d27ea,143,0,0,1,BIC
19b7ccf8651df09d274671b53039c672a52ad84d,1,20,1,4,BFC
239c599a5f553d65ddc933d06bbbed95aaad9dd0,0,0,0,0,BFC
be4e119f991451a3f3385b4d167c016c6eb49e78,113,0,0,1,BIC
ea8ffc0818d8a47ffda423f61f1d8ad1caca8986,6,0,1,3,BFC
4493b81bea24269df898339dee638d7c5cb2b2df,2,2,0,1,BIC
6f60f438108c66988c944894e5f673ab5d04fbc1,2,0,1,1,BFC
89087c456fb5cb5e534edf1c30568a8baae4c906,0,0,0,0,BFC
df570f577231407d929bdc6f59ae2f53e0028e8a,0,0,0,0,BIC
8d77bb8276062ff2d991bec71389520dd0156cc3,13,1,5,1,BFC
abc25a693091e61537e40dfe24e8ee5deaf08208,2,1,0,1,BFC
b00c53e8f411a0b2be036c41852c6858541afbf7,4,3,2,1,BIC
763dbf6328e41de7a55851baf5ee49e367552531,87,81,47,13,BFC
1e052be69d045c8d0f82ff1116fd3e5a79661745,76,0,23,12,BIC
557c44be917c322860665be3d28376afa84aa936,5,1,0,2,BFC
43170c4e0ba709c79130c3fe5a41e66279950cd0,14,4,0,1,BFC
ca1cb28da00448fdbddc99ee6d410f461bb619b5,0,2,0,1,BFC
50c0add534d2f56547201c9f566ad4b4f40c3049,195,163,81,5,BIC
6bc6895bdd6744e0136eaa4a11fbdb20a7db4e40,0,5,2,1,BFC
4a476bd6d1d923922ec950ddc4c27b279f6901eb,443,0,0,1,BIC
d4ca73591916b760478d2b04334d5dcadc028e9c,0,5,2,1,BFC
d532c1082f68176363ed766d09bf187616e282fe,0,5,2,1,BFC
c9b37458e95629b1d1171457afdcc1bf1eb7881d,733,0,0,2,BIC
a9e840a2081ed28c2b7caa6a9a0041c950b3c37d,0,3,2,1,BFC
cc28a20e77b261eb4e80c84abd621e810302f435,354,0,0,1,BIC
b7c6d2675899cfff0180412c63fc9cbd5bacdb4d,0,4,2,1,BFC
95b9b88d2da5e43e025400afcb492643933bf858,0,1,0,1,BFC
1ababeba4a21f3dba3da3523c670b207fb2feb62,284,0,0,7,BIC
550b349af0f0e33fedb252aca8dc144299aca308,0,0,4,2,BFC
b8c722ddd548186db3f62e64f727af4db1cf9517,126,0,1,4,BIC
3f89a643eb29543af0838d37604bbc29a4e1eb60,63,7,6,2,BIC
362c59436c143edbcdd4cc2ee0e9856eb6a93bc4,0,0,0,0,BFC
e6a33532affd14c12688c0e9b2e773e8b2550f3b,0,0,1,1,BFC
d8c2dab8381d58376d127c64553e499569f4d22a,525,0,0,1,BIC
0f750966dca8ad3999e759e516f601d0d8acc8e1,29,5,5,1,BFC
038d2ef87572757861a177b19f9d489def2c48b8,516,0,1,3,BIC
44f2e99ecdb76cb91293dd822fbe3952b8db5345,0,0,1,1,BFC
00b7c2abb6a25437be472b9402feb90ab32798ae,0,0,2,1,BFC
dac388ef4cc7a9250e59b4093b78e33da9495c6d,6,0,1,1,BFC
1377661298d2820d675553d186c31b6f46c140d0,1,0,0,1,BFC
ecc7d83be3243835c9396a1a2fb8ce95f205207b,0,0,2,1,BFC
ca37a664a8e4e9988b220988ceb4d79e3316f195,2,0,0,1,BFC
ae184ddeca5db6d60ba9067ba1c9e940fa01d400,148,0,2,2,BIC
22c3653d04bd0c67b75e99d85e0c0bdf83947df5,0,0,2,1,BFC
fb7a91746af18b2ebf596778b38a709cdbc488d3,1,0,1,1,BFC
b9c5d6a643589ad39064f652938baa698f0e884a,1278,5,6,4,BIC
99e68909d5aba1861897fe7afc3306c3c81b6de0,1,0,0,1,BFC
e605b743f33d697ad885f99ac8aac480ab6aa6de,89,0,0,3,BIC
b312be3d87e4c80872cbea869e569175c5eb0f9a,0,0,1,1,BFC
55aeed06544f675f25aef06a8c47b0b6b8850f4f,54,73,14,4,BIC
7738613e7cb419179545910744b1777d87edac5c,239,27,10,15,BIC
3026050179a3a9a6f5c892c414b5e36ecf092081,1,0,2,1,BFC
dc7bf5d7186849aa36b9f0e42e250a813a7b0bdb,1233,0,0,2,BIC
3e31a490e01a6e67cbe9f6e1df2f3ff0fbf48972,4,5,1,1,BFC
08bc327629cbd63bb2f66677e4b33b643695097c,12,2,5,1,BIC
c2904141696ee19551f1553944446f23cdd5d95e,51,1,12,1,BIC
3dd14c04d77d7d702de5aa7157df4cc9417329f3,18,16,6,1,BFC
95c55ff425faa190fd8ba55090fbdf33d8b2f0ae,1,0,0,1,BFC
4dda4735c581db6ee8e8c0dcc8b94563dfafff2f,5,2,5,2,BIC
0f89f6e188fa929b6de49c00c73f5731a6bd6bac,3,0,0,1,BFC
b01df1c16c9a6f7a14f843d3ac6b9eef5a7bb17e,125,0,0,1,BIC
7e207d8550644c1076ceb070f40abf52701253ec,1,1,0,1,BFC
dc912c303517b01960dcee6875a78b2999f7c098,0,0,0,0,BFC
644e0e8dc76b919976c44d3929164d42cbe656bc,0,0,0,0,BIC
339e7575ade5e961eed3f93609db65bc9d15fc2c,0,0,2,1,BFC
a9a42886d0b3b989166472b7ea59b1c157d90f9b,43,37,325,10,BIC
0206319fdfee7c36b97aa6c0561bab206132f813,8,4,5,3,BFC
720b8ccc45002708c7db1165f72a2d3c6996dba0,32,7,3,1,BIC
a4d907b6a33ba22adbbfc443e22eb3c1aa2c73f6,5,26,10,1,BIC
fc280fe871449ead4bdbd1665fa52c7c01c64765,0,0,1,1,BFC
6afcf8ef0ca0a69d014f8edb613d94821f0ae700,11,23,3,2,BIC
3a07bb1d7676ea24bc1585ba2a80604852c005e7,9,0,1,1,BFC
e0535ce58b92d7baf0b33284a6c4f8f0338f943e,23,14,9,1,BFC
1045ba77a5962a22bce7777678ef46714107ea63,57,0,0,4,BIC
6905e5a5c8d552ace1d65cacb43499a0eb1e0b89,1,0,2,1,BFC
f6ca26f26837f90727a1450f010a1638834e34e1,1,0,1,1,BFC
9d386cd9a755c8293e8916264d4d053878a7c9c7,0,2,0,1,BFC
4b063258ab9360207a4f6913d31d761bd85631ab,7,3,5,1,BIC
0bd84065b19bca12f07f288c8ea470e2c1b2de7a,13,7,2,1,BFC
c1f8d0f98c3bc12393821c1bf00d8eaa0bd58bd8,0,0,0,0,BFC
4d7b9dc1f36a99423a6171d393040165fb135530,0,0,0,0,BIC
260f32adb88dadfaac29f47f761a088238ca164c,1,1,0,1,BFC
a33e4b036d4612f62220f37a9fa29d273b6fd0ca,42,0,6,6,BIC
1edb632133efb6226b6bef3e7d9fa8c7134ac4e2,0,0,0,0,BFC
6bebcecb6c5bf65cde18739a4fe57af25c179e44,0,0,0,0,BIC
56e0d71ef12f026d96213e45a662bde6bbff4676,2,0,1,1,BFC
ae97aa524ef495b6276fd26f5d5449fb22975d7c,7,0,4,1,BFC
00bfa30abe86982ce1929e9cabd703e5546106bd,63,95,11,5,BIC
1f84ccdf37d0db3a70714d02d51b0b6d45887fb8,0,0,1,1,BFC
0bcbf039f6b2bcefe4f5dada76079080edf9ecd0,64,28,3,5,BIC
43b7d964ed30dbca5c83c90cb010985b429ec4f9,2,0,2,1,BFC
e0fcc61113c17a2eae0dea7e9e67ac71849475b5,3,7,2,1,BFC
c52d8114d1a58f6fe4bfb9af39d262dd8f21e50e,0,6,1,1,BFC
d9edfc5a4f81165e64d4ad6e423a8554c88dd0de,0,0,1,1,BFC
f025c48958104868a9fceb04696cdfdb056794c9,5,5,7,1,BFC
30004b861afd99aebf34237373cb8ee9e890418e,10,7,38,2,BFC
75ba4ada8286d415bcaab993ce1f11125b8aa13e,1,0,0,1,BFC
7d1ef2f408abecc05f9dfaec1095098a090879dc,1,1,6,1,BIC
f8dcd9e81797ae24acc44c84f0eb3b9e6cee9791,2,0,5,1,BFC
2af70a962070fd2e6f3b1a259b652faa3fd1a122,175,1,4,1,BIC
b72f8051f34b8164a62391e3676edc34523c5952,0,0,1,1,BFC
3412386b531244f24a27c79ee003506a52a00848,0,0,1,1,BIC
e3a973c69b3e3d877db982ff11f930cf845fe728,0,0,1,1,BFC
eb64522100a1d4adc89bce11b935a30c4401e234,0,0,2,1,BFC
01d3e3ff26080040cb02ec4989a0da36d069f1e9,29,4,1,2,BIC
5b560525add78e15fd5b75e5d03ea1ff988e6747,0,0,0,0,BFC
bc845e4fbbbbe97bab3f1bcf688be0b5da420717,1,0,0,1,BIC
fa8323bf49f5c92363fe7c3c80b6b342f5430baa,2,0,4,1,BFC
17909c1b3058b315698965aeb33ed6434501567c,93,0,0,2,BIC
6f05d0761af612e04572ba4d65b4c0274a88444f,6,5,0,1,BFC
80d6b0c2eed2a504f6740cd1f5ea76dc50abfc4d,76,0,1,4,BIC
a5f4c561b3b19a9bc43a81da6382b0098ebbc1fb,97,6,5,4,BIC
6f107fab8f18228936cd3df88a3bb6050865c2c8,10,0,0,1,BFC
2310b3c952c5dc56c2e08f71b907b8e23ab3270d,0,0,0,0,BFC
9ae3fbd109d9d89c442a3412e41fc532a9829ea8,1,0,0,1,BFC
c742e623e9415d3e1e5af00470ae5086fa6dd233,32,42,1,2,BIC
3c8cb9ad032d737b874e402c59eb51e3c991a144,7,0,0,1,BFC
7e2f18f06408ff56d7f75e68de8064777137b319,2,0,1,1,BFC
c2a8f0ff9c6ca8d04adb68b7959a56a3cbb665b3,37,0,1,4,BIC
a050d20d024dc3e1b988e715e2d811aaa3d5c39c,0,0,1,1,BFC
1707dd161349e6c54170c88d94fed012e3d224e3,60,8,8,1,BIC
686978b15cef8314c3b3f38f0124e070b98eae37,1,0,0,1,BFC
718ceb22a0ccd0b3a02a4bd401d944a1eb16f3ce,3,0,1,1,BFC
97b00d877bb8c2e499b9d0c07b65bd92b4e91ddd,2,1,1,1,BFC
9b1ea16763d37080892e4425831ca9c6298f4f5c,4,0,0,1,BFC
78f7a45dac2a2d2002f98a3a95f7979867868d73,12,0,2,1,BFC
651e22f2701b4113989237c3048d17337dd2185c,2,7,4,1,BIC
073c516ff73557a8f7315066856c04b50383ac34,1,0,0,1,BFC
80d136e138f59de35aafb0440e8ab2f51c40ccd5,0,1,1,1,BFC
ce612879ddc78ea7e4de4be80cba4ebf9caa07ee,24,18,8,4,BIC
fe8c470ab87d90e4b5115902dd94eced7e3305c3,1,0,0,1,BFC
61b79e16c68d703dde58c25d3935d67210b7d71b,0,0,0,0,BIC
f4d1047914ea05e0f8393944da18f6ee5dad24c4,0,0,3,1,BFC
5d43eab6632df3a5b5bfc79025860dc4583ed0f4,22,1,5,3,BFC
c7f82ea8605627b3088f166d9f4a5ca7857e8383,3,1,0,1,BFC
fd476fa22a1f432658b799b023f351f291f2db8b,26,1,11,4,BIC
892c7788c72480e8282b8aafe0783a244cc9f47f,3,2,1,1,BFC
7613c922315e308a6486d802abed2eb74443dffd,32,14,5,1,BIC
8c925b263584e5a37244297ea9bd072020265fd4,0,0,0,1,BFC
4f04f68e1598087a8110e8946bfb321eebe115c9,0,2,0,2,BIC
df62db5be2e5f070ecd1a5ece5945b590ee112e0,2,0,3,1,BFC
77fd5c15e3216b901be69047ca43b05ae9099951,110,1,0,1,BIC
ef697902a1328e4a205585612c98f476f25b97ef,0,0,1,1,BFC
8973aa4aecac223548366ca81818309a0f0efa6d,0,0,1,1,BFC
f7225a832dde995325b486b41728dfbe4634311c,360,0,0,2,BIC
6dcca6df4b73d409628c7b4464c63d4eb9d4d13a,0,1,0,1,BFC
91529834d1dea9afccb72843c3e547e703ec177f,0,18,1,2,BIC
4c38c8f5d2c8c48dcf502cd039f30cb1f82fe63c,0,0,1,1,BFC
8ab596afb97bc9e2f9140dc1d993e81749acff42,250,0,0,3,BIC
b7dcf68f383a05567bd16a390907b67022a62d3d,0,0,1,1,BFC
ab5c4f71d8c7add173a2d32e5beefdaaf1b7cbbc,81,1,1,4,BIC
286f3f478796fb4f9e003e9f7d649f3c33f08d2f,0,0,1,1,BFC
26ecfe01790381c4caa65ec9cce484c623f092c4,0,0,0,0,BFC
acf8ac41dd733508b9e77483f96e53610c87fa64,25,10,29,5,BIC
939cf46c3a32c969392c66a6218593a38e1c7bf1,7,2,1,1,BFC
1d1a9774e40414148ecebbdb713746bfb6f9a561,25,1,12,2,BIC
242b0c4cc96f97d0a3b96343acd21613b63fa4a6,0,0,0,0,BFC
14d66538716574f8899b22bff24a68301e65f08d,4,0,0,2,BIC
ca80d5d0a8175c9be04cfbce24180b8f5e0a744b,1,0,1,1,BFC
7dccfbc325bb59f94521d544a8ae12148622b4f2,21,0,1,2,BIC
2384d2d7adc41463a69d3eb0720896cc2d5d1f55,0,0,1,1,BFC
c3ab300ea55541014348561e7690c41c79966ac6,48,9,3,5,BIC
e889e96e98e8da97bd39e46b7253615eabe14397,2,2,0,1,BFC
2e5bbb5461f138cac631fe21b4ad956feabfba22,75,1,3,2,BIC
321f7d29e5163d7f1c9c0b705acc45bd1be34aa6,3,0,3,2,BFC
95dbdf4fa09823e35b29eab8f7093984daa6a913,6,2,0,1,BFC
be77e999e3937322b7e15274b8fc7da309a040a0,4,4,6,4,BFC
fbfef9027c2a7ad9277755509fdb849dbccfe8c1,11,10,2,4,BIC
8d1b48ef580097e111c2644e6fc6041b9784d218,0,0,0,0,BFC
8f92e03ecca390beed3d5ccc81023d050f0369fd,2,1,4,2,BFC
ffa6f571e4e20bbe5b3d8b5e112e66b3b6c29632,0,0,1,1,BFC
18a8cc9815746b8f0ae6f78733877d3846058d1c,1,3,0,1,BFC
c3630cc40b4f0fe004e21f19bfb5cd2231c105f8,6,4,3,2,BIC
32fe905c17f001c0eee13c59afddd0bf2eed509c,7,0,0,1,BFC
0dc9c639e6553e39c13b2c0d54c8a1b098cb95e2,0,11,5,3,BFC
395102db441abb8fd18fec5dd81428b5120232af,0,0,3,1,BFC
e6b5f1be7afe1657c40c08082c562b1a036a54c1,0,0,0,0,BIC
ea00353f36b64375518662a8ad15e39218a1f324,3,2,2,1,BFC
df17e62e5bff60aeefd0e81165c62f9e46f33217,77,0,0,1,BIC
75cccac4028cede6d064699abae903c9e338004f,8,10,0,1,BFC
97bf3a9aa60f0d25541738feeb28e39decc41b76,1,0,0,1,BIC
a6db2c86033bc41329770e90c20d4f1fec3824e4,7,0,2,1,BFC
312ec92daee499f4f1be86aaf07d6d9bfdaed795,0,0,1,1,BFC
d422be5f62ef7986d00afa4cd31eda5534ab7991,9,4,2,2,BIC
c90722b54a4f5e21ac59301ed9a6dbaa439bdb16,0,1,1,1,BFC
43530b69d758328d3ffe6ab98fd640463e8e3667,9,32,23,1,BIC
e53e597fd4c4a0b6ae58e57d76a240927fd17eaa,20,1,1,1,BIC
ec1dafe8ec5f846d6b1b280309d8b03d25b096fd,2,2,8,1,BFC
a6ff6cbf1fabe7500d8ac25e133e3346db0a0fca,45,21,0,1,BIC
c9f838d104fed6f2f61d68164712e3204bf5271b,24,17,7,2,BFC
be5c5e843c4afa1c8397cb740b6032bd4142f32d,0,0,4,1,BFC
9e1ba4f27f018742a1aa95d11e35106feba08ec1,0,0,0,0,BFC
be96f63375a14ee8e690856ac77e579c75bd0bae,541,303,57,2,BIC
418d59ef229290a1da80aa25222f9da2ac2fa6a5,1,2,1,1,BFC
c821ee6d2bb4cfc9991bf285f53103cde9d3593a,0,0,2,1,BFC
8453d674ae7e63f629a91fe4124df7a7dc9c74cd,535,0,0,5,BIC
e335bb51cc15e80ac180701a0d335ef1c050828e,2,2,1,2,BFC
7c7900f89770d7fba96100d8a9e18043a1af3973,209,0,0,3,BIC
d879d0b8c183aabeb9a65eba91f3f9e3c7e7b905,12,0,0,3,BFC
0c8916c34203734d3b05953ebace52d7c2969f16,102,0,0,3,BIC
c2002f983767ea0a53acbb3e21f771e7a7e2ed28,1,0,0,1,BFC
17bedab2723145d17b14084430743549e6943d03,56,0,11,13,BIC
6b1bb01bcc5be91452bd3b5bda4300f179fd4053,7,0,0,1,BFC
ff936a04e5f28b7e0455be0e7fa91334f89e4b44,41,8,10,5,BIC
af3b5158b89d3bab9be881113417558c71b71ca4,8,0,0,1,BFC
19d5a26f5ef8de5dcb78799feaf404d717b1aac3,0,0,2,1,BIC
7a7a9bd7aceea77dc2397bc58a1e88197ed759cb,14,4,0,1,BFC
1dbba4cb8df73844ea0d7c1fd11e1ea35f1670b7,0,0,1,1,BFC
1ee6b9bc6206cd0837bc16e46f580e40fe663384,43,2,6,2,BIC
bfe72442578bb112626e476ffe1f276504d85b95,2,15,0,1,BFC
426c87caa2b4578b43cd3f689f02c65b743b2559,0,0,1,1,BFC
1862d6208db0aeca9c8ace44915b08d5ab2cd667,3,11,3,3,BFC
829ae9d611651467fe6cd7be834bd33ca6b28dfe,36,0,5,3,BIC
bf05b65a9fe5f6a6dd3e72cab2aacd8b5b96e41d,2,0,0,1,BFC
e91455a1495ada59e90ae26bc3e68be3b7656570,168,158,0,2,BIC
271a8b428f8361f3ad4c599835ccd34dd458b212,14,0,0,2,BFC
8ceee660aacb29721e26f08e336c58dc4847d1bd,12860,0,0,31,BIC
a83827d04f081b1a73845553c7f60ab9cfd13767,0,2,2,1,BFC
05b93417ce5b924c6652de19fdcc27439ab37c90,107,0,3,2,BIC
acceb72e90624ec6c3f2fc62e72dab892cd075da,12,0,4,1,BFC
59df055f1991c9fc0c71a9230663c39188f6972f,265,0,0,2,BIC
409c1b250e30ad0e48b4d15d7319b4e18c046c4f,0,0,0,0,BFC
554bfeceb8a22d448cd986fc9efce25e833278a1,0,455,3,1,BIC
82cc4fc2e70ec5baeff8f776f2773abc8b2cc0ae,12,0,4,1,BFC
a88086e09876f468356cfec5319ff62004e36a1b,0,0,1,1,BFC
b1a951fe469eb51646bf2e6d2c5f4a19fe1d4627,109,0,0,2,BIC
5a8d75a1b8c99bdc926ba69b7b7dbe4fae81a5af,24,0,4,1,BFC
729204ef49ec00b788ce23deb9eb922a5769f55d,20,0,1,1,BIC
95123fc43560d6f4a60e74f72836e63cd8848f76,1,1,0,1,BFC
dd4cae8bf16611053ee7b00e20aa4fa945b92b99,181,0,0,1,BIC
835d89e92fa77b6a1effea3db80202e1ffec413a,1,1,0,1,BFC
b98938d16a108d0201d54b8db1337dac71aebfdd,91,8,2,3,BIC
e68d490def9f7d726eea6dc62ebd692af64ec8b5,0,15,0,1,BFC
561eb9d09a93d71ca97ca401b3b71bf7725738b1,9,172,11,10,BIC
03a32da5ca63d418ab95063b06687e00a6df9855,0,0,2,1,BFC
dd3bf50b35e3e111d6325207177b12af88aec824,332,0,0,1,BIC
441ac2f33dd7860295cf1d225358ec01d38408b2,10,18,21,1,BIC
a8983d01f9b7d600fbdb3916899edf395954cc83,63,10,6,1,BFC
5362544bebe85071188dd9e479b5a5040841c895,10,63,6,1,BIC
75eb5e1e7b4edbc8e8f930de59004d21cb46961f,2,0,0,1,BFC
fd583ad1563bec5f00140e1f2444adbcd331caad,2,1,1,3,BFC
8077eca079a212f26419c57226f28696b7100683,10,0,0,1,BIC
97181f9bd57405b879403763284537e27d46963d,2,0,1,1,BFC
cfafcd117da0216520568c195cb2f6cd1980c4bb,55,35,7,3,BIC
05296e7535d67ba4926b543a09cf5d430a815cb6,9,46,10,1,BFC
a481db34b9beb7a9647c23f2320dd38a2b1d681f,96,72,22,1,BIC
a8b7a92318b6d7779f6d8e9aa6ba0e3de01a8943,27,8,1,2,BFC
f2200ac311302fcdca6556fd0c5127eab6c65a3e,3,0,0,1,BFC
135c5612c460f89657c4698fe2ea753f6f667963,55,1,6,3,BIC
dfb00a56935186171abb5280b3407c3f910011f1,0,0,1,1,BFC
585d7cba5e1fcd8703a120042f35695165986b9b,153,0,0,2,BIC
e7661a8e5ce10b5321882d0bbaf3f81070903319,2,2,0,1,BFC
fd3fc0b4d7305fa7246622dcc0dec69c42443f45,1,0,1,1,BIC
85d492f28d056c40629fc25d79f54da618a29dc4,0,0,1,1,BFC
3783689a1aa82ef27a6418b043dd7a077b8330c5,104,152,138,2,BIC
d72e9a7a93e4f8e9e52491921d99e0c8aa89eb4e,2,2,0,1,BFC
42e99bd975fdd24d2bf1a24ebb8b0b42bab8ba65,8,3,8,1,BIC
4ca82dabc9fbf7bc5322aa54d802cb3cb7b125c5,0,0,1,1,BFC
8c7f01025f7becd577bed9af93f974fc6798c5a3,44,0,0,1,BIC
ff8c0c53c47530ffea82c22a0a6df6332b56c957,2,0,1,1,BIC
bdd9968d35f7fcdb76089347d1529bf079534214,0,0,1,1,BFC
fe50543c194e2e1aee2f3eba41fcafd187b3dbde,0,0,1,1,BFC
79e09ef96b6a5fb888f5241f3aa707e9ad0b1cce,4,0,3,1,BFC
cb1b69b0b15b2897daeba8674c14c85a23a3347f,156,0,0,2,BIC
be02f7556447a0dee672acb5e462f03377b98ae8,0,0,0,0,BFC
332518706195007f9fbafa69652aa5b3cf72df24,0,0,1,1,BFC
ae1e2d1082ae6969ff8c626ef80804d950bf256b,44,15,10,6,BIC
e1053963984318f67c60c629664c5f09b93cc1c4,4,1,2,1,BFC
cef9dd85acd79449d1a5a65543d10f18cb68e56c,136,0,0,1,BIC
c40c461e1944b9cfb520e04184ec1e5c80fb210b,76,30,3,1,BFC
bccec89f0a35f65302734d1cdb01479df0f33ac9,162,0,1,1,BIC
05b7278d510a6a1c23624caee5b0a9667a72e745,1,1,0,1,BFC
2282cd2c05e281120dedc665a8a6a24053c44662,62,5,1,1,BIC
ecd7eb7c2bcf99f6c23d68ad56ce15949da848a1,0,0,2,1,BFC
0cb52aac4d19510d13410ee4232c0248fabe750e,6,0,0,1,BIC
4cca0457686e4ee1677d69469e4ddfd94d389a80,1,0,0,1,BFC
8fb2e440b223b966f74a04a48f6f71f288fa671b,81,3,14,4,BIC
7149c1becddf49022fe0aad2fa395377cd8f753e,0,1,1,1,BFC
95ad8ed9c87fae043c347ba6cba05aabe5b04d76,3,3,0,2,BFC
2beaa601c849e72683a2dd0fe6fd77763f19f051,6,1,15,6,BIC
4162c5ce52e593acd6b53efa09eb945650e2e729,0,0,11,4,BFC
a87a4d23e86b7ff9b3f1300774c942de139ba16a,16,1,5,1,BFC
126cfa2f5e15ae2ca7f70be71b07e6cd8d2b44d1,1,0,0,1,BIC
3a753b9efebf870e8253c24d60d8fd49253f7de8,1,0,0,1,BFC
6f6266a561306e206e0e31a5038f029b6a7b1d89,4,0,0,1,BFC
8e80632fb23f021ce5a6957f2edcdae4645a7030,1,13,3,1,BIC
5ad59bf0960b807f01cb6ef8c54f68b3476a1546,5,0,0,1,BFC
d650ac06023796ade7cb5ec4d5650c67dc494ed0,59,0,0,2,BIC
3c87f372695592bf86e9dab7b1ec7d439fda577b,9,0,0,1,BFC
6b11d1d677132816252004426ef220ccd3c92d2f,12,25,17,10,BIC
10c7e20b2ff3caa5a8c0e7d60aef5a9c86e60ce8,24,5,1,2,BIC
c4a3fa261b16858416f1fd7db03a33d7ef5fc0b3,14,0,2,1,BFC
27622b061eb4bb4d16b5d61219ac10a792010321,10,24,2,1,BIC
edb0b6a0b4490014924d56c4c7117c7c8fc608ca,0,0,1,1,BFC
23dac14d058fcd7cb2b4e6389139ca065855afe7,6,6,0,2,BIC
84bbabc3a452e8085cfbd745ff0bff2b89074417,0,0,1,1,BFC
fdd3d8ce0ea62c32b039af45cc5538b728e366d9,34,3,11,1,BIC
48ae80741da4b8a26b6df0f765713912bc7cc480,8,1,0,1,BFC
5de490daec8b6354b90d5c9d3e2415b195f5adb6,136,1,1,2,BIC
956a4cd2c957acf638ff29951aabaa9d8e92bbc2,2,1,5,1,BFC
162b270c664dca2e0944308e92f9fcc887151a72,28,10,5,1,BFC
8854700115ecf8aa6f087aa915b7b6cf18090d39,374,1,0,5,BIC
dcb9cfaa5ea9aa0ec08aeb92582ccfe3e4c719a9,12,1,0,1,BFC
74cdad37cd2410c5cec2160d031e04577948aff0,66,0,3,1,BIC
95065a61e9bf25fb85295127fba893200c2bbbd8,4,1,0,1,BFC
bac06cf0fb9dfd79877a4eaa2ec7c09a6b853ffa,0,1,1,1,BFC
0d2808f338c7cb0ccf6b087dd7be0e4fa0c865e0,22,0,5,1,BIC
a2d6cbb0670d54806f18192cb0db266b4a6d285a,5,2,2,1,BFC
6a923934c33c750a595868af6bef5f1a1fa90054,140,0,12,3,BIC
a62ca337b36e31621b582cbe8f17d9404a48e120,0,0,1,1,BFC
7e824d507909e3683699dfc0bba14a5c971984f9,174,0,0,2,BIC
ac03d8b3a592a0b562fce2376030baf9a572f7c1,23,8,6,1,BFC
861adc44d2905469f2b9a2e053f3dc64728091ee,124,3,2,1,BIC
d5a0945fdf89ad293ccaa2be588635f4bfc0cd62,0,0,1,1,BFC
8cb68c83ab99a474ae847602f0c514d0fe17cc82,0,0,1,1,BFC
eb8eb02ed850df95ba2224515b95eb311904e992,7,21,22,1,BIC
ef18910479b7b4c5e8132f8a40a2a8176ef076f1,8,1,2,1,BFC
83135ad3c517f2b4b59321886efe19e6c6cff54a,334,17,0,1,BIC
45abdf35cf82e4270328c7237e7812de960ac560,1,0,1,1,BFC
f3cd1b064f1179d9e6188c6d67297a2360880e10,2,2,0,1,BIC
c46f59e90226fa5bfcc83650edebe84ae47d454b,0,0,1,1,BFC
46490b572544fa908be051f7872beb2941e55ede,157,82,37,2,BIC
e0211327f068901ce654ba78951c35bc69fdc1de,1,0,0,1,BFC
827456e71036681039e2c89f58e29f950ef3eb05,0,4,0,1,BIC
9e4114b3913cff37be509224116b6f58a2a3918f,0,0,1,1,BFC
aaa229529244a1135b29353fefb001c430db79f0,14,0,2,1,BFC
70538eaa70c36340b4bb27206cad31839e916f40,13,0,0,1,BFC
03dfee6d5f824d14e3ecb742518740de69e603cc,2,6,0,2,BFC
80248559992a05573b2db7865490eb82c745db87,2,0,0,1,BFC
d91750f12c79101028cb93dc35eed6989fae4405,0,0,0,0,BFC
bbb56c27228d4ad64aca858c5af49d0f2f11c645,0,0,0,0,BIC
5ed386ec09a5d75bcf073967e55e895c2607a5c3,0,8,1,1,BFC
fe3d197f84319d3bce379a9c0dc17b1f48ad358c,396,3,3,11,BIC
12ee4022f67f8854061b46e5c0a7ad6258ab66c2,2,0,1,1,BFC
b6677449dff674cf5b81429b11d5c7f358852ef9,19,14,0,1,BIC
b6fe0440c63716e09cfc0d1484e3898a0f29d1d1,20,11,1,4,BFC
911e572e98656056ebbbb4274d8fe61434188646,10,4,0,2,BFC
5c63f7f710bdde6454d304a84146a5338962a509,140,1,0,2,BIC
a8e9a419c337a655e23b4bab422e85e47ee86c92,4,0,0,1,BFC
2ca9faa551c4c97610bb0209e20c7231a93712ff,4,0,1,2,BIC
3393af24b665cb0aea7353b05e522b03ab1e7d73,5,0,0,1,BFC
4b6fad7097f883335b6d9627c883cb7f276d94c9,60,14,1,3,BIC
77e6fe7fd2b7cba0bf2f2dc8cde51d7b9a35bf74,1,0,1,1,BFC
388bc26226807fbcf4c626b81bb17a2e74aa4b1b,14,17,6,1,BIC
099bd73dc17ed77aa8c98323e043613b6e8f54fc,4,0,1,1,BFC
7e9c8e7dbf3b9cc94947d76cb57985682517cc6e,1,0,0,1,BIC
e679af627fe875a51d40b9a2b17f08fbde36e0e2,0,20,0,1,BFC
3ec24776bfd09668079df7dca0c0136d80820ab4,79,26,8,4,BIC
cb6bf9cfdb5e26dfb7eb9b955b2f24d82703e27d,0,0,1,1,BFC
bb8d521f77f3e68a713456b7fb1e99f52ff3342c,2,0,0,1,BFC
e77852b32d6d4430c68c38aaf73efe5650fa25af,6,0,0,1,BFC
786c1b51844d858041166057c0c79e93c2015013,85,5,18,5,BIC
bfedc31c4f2c1af3b509bbdc0aae051e8ad7d3ae,0,0,0,0,BFC
02b312d05d1b51008e37f72f5a30c88e11c51ea5,2,2,3,1,BFC
6976e74b5fa12430b36c3b0f8afd7e8e695be0ab,5,0,0,1,BIC
337b775b6cf5d093295961c1aa6ac76693b5f847,0,0,0,0,BFC
3f5f0a4475e13345326061f00c68f428232ba2bc,87,411,8,10,BIC
3d3d18f086cdda72ee18a454db70ca72c6e3246c,1,1,0,1,BIC
63987bfebd8869e00b34e2bdd12e59d71909bec0,2,2,0,2,BFC
1c777c5d1dcdf8fa0223fcff35fb387b5bb9517a,26,26,0,2,BIC
47c950d1020226179d278297c85ba6a988ee398b,32,0,1,1,BIC
6e253d0fbc665b36192b8ed3cecdbb65b413a1eb,0,0,0,0,BFC
bc49d1d17dcffd38bd872a4089e86bb7b2bb7eee,0,0,0,0,BIC
7f00f388712b29005782bad7e4b25942620f3b9c,0,0,1,1,BFC
60ec2440c63dea88a5ef13e2b2549730a0d75a37,258,0,0,3,BIC
dd224085d73ab04d14fe78a5fd9970fa808a60fb,0,0,1,1,BFC
4c3362f44980aba8e1e69cd6970effbd9f17dc69,157,0,1,1,BIC
4aa5615e080a9855e607accc75b07ab79b252dde,8,0,1,1,BFC
82bf1037f2cab2d6960a08ae08513f2c3c0b335a,23,1,3,1,BIC
0beb2012a1722633515c8aaa263c73449636c893,6,0,0,1,BFC
4868e3508d1934d28961f940ed6b9f1e347ab52c,0,0,1,1,BFC
c12e6f24d4137822d5019c1f78ac65bd27a3447d,57,0,0,4,BIC
abfe8026b505d66dad7a3e5ebe7235f12c29b67d,0,0,0,0,BFC
2e52d449bcec31cb66d80aa8c798b15f76f1f5e0,40,7,3,2,BIC
b670883bb9e55ba63a278d83e034faefc01ce2cf,2,0,1,1,BFC
ab5a98b132fd1a08ca35e95498fb45f4a8f3b0c4,8,0,0,1,BIC
af8d8e6f031589ccf32b08eea91def53db8cfa95,7,6,3,2,BIC
9d826ce8122fc634c1b67bc6f8985ccfbd565d86,6,0,0,1,BFC
d40e98c13b3e7cb1aa16e9c14f35db3c8c3dd033,35,2,0,2,BIC
4f57d27be2a5a10ad042fcfd97c5ea9f4d5215f7,0,0,2,1,BIC
f6f0e2f5d79dc2ff6eb63b890276d4f4284f6d57,0,0,1,1,BFC
55606310e77f5099d01b59ea9a25401f521c5713,5,0,3,1,BIC
c06989da39cdb10604d572c8c7ea8c8c97f3c483,7,0,2,1,BFC
b0b49f2673f011cad7deeabf7a683b388c351278,6,211,16,4,BIC
0c08aaf873174c95e674cf21ffcd041c589d2e5b,0,0,1,1,BFC
dec38b5ce6a9edb406c60c2670b26a1a4262fdb9,277,0,0,2,BIC
583da48e388f472e8818d9bb60ef6a1d40ee9f9d,4,2,0,1,BFC
edbe83ab4c27ea6669eb57adb5ed7eaec1118ceb,65,2,6,2,BIC
43c0c03961d0b19bd225a336897606b46e0021a6,0,0,1,1,BFC
f51e80804f084de269954d875c0892b081b7df3c,13,17,22,12,BIC
1531a208ed861e4bd287444f9466ffcf98383de2,1,0,0,1,BFC
ff7e97c94d9f7f370fe3ce2a72e85361ca22a605,16,19,3,5,BIC
9d7f29cdb4ca53506115cf1d7a02ce6013894df0,1,1,0,1,BFC
1fa405552e33f2169d173cdb7ca0c03e094904f6,78,0,2,1,BIC
3425382288fbd13b60581f20076aebd0ef414282,22,4,13,2,BFC
b915bd24a034e9af1860bcab397e777fabd8200e,20,0,0,1,BIC
441a681b8843474c9796b50c35794ff102701f37,18,1,6,1,BFC
f3b5a8d9b50d71b8c9fb72aa9c8ea948ad1a4ef9,217,0,0,1,BIC
e6534aebb26e32fbab14df9c713c65e8507d17e4,2,2,4,1,BFC
ef0579b64e93188710d48667cb5e014926af9f1b,48,17,12,2,BFC
ab6bf4e5e5e4298e8649e635bee25542cccbfd97,45,3,4,1,BIC
4702bbeefb490e315189636a5588628c1151223d,16,0,0,1,BFC
aa4a829bdaced81e70c215a84ef6595ce8bd4308,16,0,0,1,BFC
360a3a90c6261fe24a959ff38f8f6c3a8468f23c,0,0,1,1,BFC
7bc5edb00bbd02449576289a50d2900f58e7187a,196,2,3,3,BIC
65f921647f4c89a2068478c89691f39b309b58f7,13,0,2,1,BFC
fff1abc4d54e469140a699612b4db8d6397bfcba,10,7,4,1,BFC
0cd273bb5e4d1828efaaa8dfd11b7928131ed149,35,0,5,1,BFC
eacb975b48272f54532b62f515a3cf7eefa35123,7,0,1,1,BFC
2a9f8b5d25beacd034369fca416b548cbf931561,69,4,11,3,BIC
d5823511c0f8719a39e72ede1bce65411ac653b7,3,0,0,1,BFC
9eec1c01a073fe1fdba4e50e53bd953d1c59ad00,11,0,0,1,BFC
4cfffcfa5106492f5785924ce2e9af49f075999b,29,0,0,1,BIC
dbc9d69edfa0fc3b44156f32747a5add3fbdfb8b,0,11,40,2,BFC
7f36f5d11cda050b118f76d774151427a18d15ef,0,0,0,0,BIC
266061b7637b189ac82ee3a75116ff2dcb031e0b,0,0,1,1,BFC
cdb8b80b60935515b86cfe534f69934b13937052,352,0,0,4,BIC
37cabc74e57d15d683a8e49159bc8dcd5a50516a,0,0,1,1,BFC
eb976a55c744befe8ea8f6a6132d752d2b12cb98,1,0,0,1,BFC
17c3060b1701fc69daedb4c90be6325d3d9fca8e,1,0,0,1,BFC
cd8ae85299d54155702a56811b2e035e63064d3d,70,1,0,7,BIC
3173d5b8c89e67fa3176292ff9af06f09f365348,7,2,3,1,BFC
f95d7a46bc5722767c30ee223c8b67dd0f2e8793,9,0,4,1,BIC
425fffd886bae3d127a08fa6a17f2e31e24ed7ff,2,0,0,1,BFC
9581539e30dcc0255e8bab0c40177f7f61b59a29,0,0,0,0,BFC
fdc81b7910ad5153bf257e5f7861be71f75a02ef,0,0,0,0,BIC
500fcc08a32bfd54f11951ba81530775df15c474,22,5,2,1,BFC
768d64f491a530062ddad50e016fb27125f8bd7c,1,2,3,1,BFC
a33fd4c27b3ad11c66bdadc5fe6075297ca87a6d,3,0,0,1,BFC
6c248aad81c8903981db9f12fd74189fa01b3789,8,0,1,2,BIC
7064dc7fc13b2994d33ae540ffb7a3a05ac463bf,0,0,0,0,BFC
9a49a528dcf3c2022ff89f700d5d0345b9abf288,27,1,6,3,BIC
c7c3f096eb5e721d8522ba060fa621ea906ef738,1,0,2,1,BFC
dd9502a9e9156dd854dd0bec0dd385b4662bab3e,0,0,0,0,BIC
f580ff0e404e5aad83f02093cd22f2475cad6e71,1,0,0,1,BFC
8ff0c5664a634bab05c646960c1730b7fd33ed90,0,1,1,1,BFC
132c93d4215c5ea12f8bb291249ede159d507b6e,0,0,3,1,BIC
c8a139d001a1aab1ea8734db14b22dac9dd143b6,2,0,2,1,BFC
65da3484d9be5664f5f7d2378e438bb2794f40b8,2,0,1,1,BIC
17d0774f80681020eccc9638d925a23f1fc4f671,6,0,1,1,BIC
cf903e9d3a97f89b224d2d07be37c0f160db8192,0,0,0,0,BFC
321a52a39189d5e4af542f7dcdc07bba4545cf5d,5,0,1,1,BFC
364700cf8fd54f54ad08313464105a414e3bccb7,0,2,0,1,BFC
1f1120a5427c9e7894be63baaab828755e45a1c0,0,1,1,1,BFC
ce22f5a2cbe3c62746da7d3f8272abd03e8c975a,13,11,9,8,BIC
3bec247474469f769af41e8c80d3a100dd97dd76,2,2,1,1,BIC
8e25a0e266b05f414a63bf04b30d9a7e085e94fc,0,0,1,1,BFC
0c3eaf1fbdd9eacf8bf7819737e4e609d5fe8505,2,0,0,1,BFC
b5f103ab98c77ca5998b39533c2b46959fbd37d9,938,3,6,7,BIC
b0512faf60828dece9d309ca2516c833430c390d,6,0,0,1,BFC
5b6f9b95f7aeddf8a77a991bf1657a84ca281ab0,3,29,0,1,BIC
97fbfef6bd597888485b653175fb846c6998b60c,1,0,0,1,BFC
91360b02ab483fc96a70b8c3016838f5d3725f99,0,0,1,1,BIC
bde654a55adca166641361332e1f141de5197b02,0,0,1,1,BFC
4fad7fb6b0279a85e16e6a63e0f1f7d98cedddf1,0,0,6,1,BFC
5402e97af667e35e54177af8f6575518bf251d51,6,0,4,1,BFC
9899d11f654474d2d54ea52ceaa2a1f4db3abd68,58,8,6,3,BIC
1f06b81aea5ecba2c1f8afd87e0ba1b9f8f90160,0,0,1,1,BFC
11fb998986a72aa7e997d96d63d52582a01228c5,51,58,104,24,BIC
d75450ff40df0199bf13dfb19f435519ff947138,5,4,3,1,BFC
bf6061b17a8d47ef0d9344d3ef576a4ff0edf793,5,0,1,1,BFC
6780414519f91c2a84da9baa963a940ac916f803,2,1,0,1,BFC
ca369d51b3e1649be4a72addd6d6a168cfb3f537,45,31,6,5,BIC
c98cdff94a6a7877923dec1329c2b76d6247d076,5,1,0,1,BFC
b8dfa821c27046ede9bf8eb14cc8109d379428e9,1,5,0,1,BIC
2e0641631f233b5af09f0bfeaa6220d10cad75e7,0,0,4,1,BFC
b95ff0319a829d5e707d64a3994c75f012f6b6ec,19,91,5,4,BIC
5380e5644afbba9e3d229c36771134976f05c91e,1,0,0,1,BFC
b609338b26f5653aa211fc7af83477e2df6e3f0b,0,0,1,1,BFC
1c50da4f27cbfb588b59684b55eb7a087bb26ed1,104,0,0,2,BIC
88e4ac68ea9a09e105c86070ebfa01ca482ca4c2,10,6,5,1,BFC
3c1a427954399fd1bda1ee7e1b356f47b61cee74,6,0,0,1,BFC
ebe8bddb6e30d7a02775b9972099271fc5910f37,9,3,1,1,BFC
4e68a011428af3211facd932b4003b3fa3ef4faa,0,2,0,1,BIC
28bf28887976d8881a3a59491896c718fade7355,12,0,0,1,BFC
cd7764fe9f73530b20a0f2310fa753af635fabb3,14,0,1,2,BIC
2055997f983c6db7b5c3940ce5f8f822657d5bc3,2,0,2,1,BFC
c743d09dbd018dd6345519fb3264b16bdaa41746,8,0,0,1,BIC
14de9d114a82a564b94388c95af79a701dc93134,13,0,0,2,BIC
8f612d055183545070ca1009ac2eb1f2e044cc20,16,10,0,1,BFC
4749228f022893faf54a3dbc70796f78b7d4f342,3,0,0,1,BFC
6dd7a82cc54ebd2936763befd3dcd4beb727a704,179,0,0,2,BIC
6bffa7e1631d55b56f4de82510157fe8fa97e359,0,0,1,1,BFC
e20c29aa722a90f3b8092b340362eabe488dbfc4,0,0,2,1,BFC
97ba26b8a9343008504d4e3a87d212bc07b05212,0,0,2,1,BFC
e566fc11ea76ec10a42fc92c5561ace4479770dd,29,102,39,2,BIC
457fcd8a11f7f7f2483b2366d8a98f269c085302,4,4,0,1,BFC
53552d5df6694f68f276b2e86f8162d0ef7cad93,2,0,0,1,BFC
2ceb585a956c10c7daf22938c77c48e3a62e0f6d,13,1,6,1,BIC
2f78227874754b1e10cd348fd6e7693b0dabb3f6,1,0,1,1,BFC
d1db799e968bf6677ac88a90729945ce0eb3ede5,0,0,1,1,BFC
5865ccce7eac9bb520d7dacfb48cb72764ed10c3,0,0,1,1,BFC
827d240a232d27cc12e9657d012f2e5ba953e98a,1,0,0,1,BFC
053ee0a7035781a27eedb2b06cac638c8c65ce83,0,2,2,1,BFC
9008ae074885ddaa2470f4c106245ddea4ae2a67,24,22,2,2,BIC
92f9170621a13e4ba4eda6dfb070318d5405a0cf,1,1,0,1,BFC
9d262d95114cf2e2ac5e0ff358347fa2e214eda5,1,0,0,1,BFC
cb8864559631754ac93d5734b165ccd0cad4728c,0,0,4,2,BIC
7a38dc0bfb4cc39ed57e120e2224673f3d4d200f,45,0,1,4,BFC
18a4d0a22ed6c54b67af7718c305cd010f09ddf8,135,7,2,7,BIC
75106523f39751390b5789b36ee1d213b3af1945,5,1,1,2,BFC
08024885a2a3ed432716e9d50046a620a5b2df05,127,3,6,3,BIC
a900152b5c29aea8134cc7a4c5db25552b3cd8f7,27,1,6,1,BFC
2bf1c98aa5a41651f5e6455117ff06f66ff3cc50,26,24,17,1,BIC
b997e3edca4fb4ab7732ab7240c545da0c360a44,12,2,4,4,BFC
10d56a4cb1c6c894c60acbaec0f8aa44aba833b0,38,4,5,1,BIC
3c1460e934f371bf91963b49a2cf173ee73c2cae,7,0,1,1,BFC
b89b4b7a3d0adab8de1062579e4305d05a028c31,1,0,0,1,BIC
b268d9fe0f10544f5f7a1b7015e2b97075e6215d,0,0,1,1,BFC
fd08923384385400101c71ac0d21d37d6b23b00d,2,2,0,2,BFC
f40d6560eba65b2a2b84805d2927fed96978669a,1,0,0,1,BFC
4c67b20c98a1a711cc010bff4927129d82a851c7,0,14,0,1,BFC
eda6f4e868e74adfae8ac6b06a863a090affbb14,0,0,3,1,BFC
8e3ba95f41901e0da0bb3151ed696dca6f7ec511,18,32,7,1,BIC
540fca35e38d15777b310f450f63f056e63039f5,0,0,1,1,BFC
5cb8db4a4cbc6dff56959a6331e9d62fd461f719,834,1,2,8,BIC
ad01a91a820cd9f0d880c407bf556b67298dcc93,0,0,2,2,BFC
590801c1a3b19883b0d0e4c60241cbed8a916d47,97,55,21,4,BIC
83bce9c2baa51e439480a713119a73d3c8b61083,0,0,2,2,BFC
a34f83639490a5cc11a9d5c1b3773d4b6eb69a9e,1,0,1,1,BFC
c383bdd14f91562babd269aa7c36b46fee7b6c75,1,0,1,1,BFC
ecde8f36f8a05a023b9d026e9094571aab421d36,1,0,1,1,BFC
5b33504bada4d85092b69b3aaa7048c398b21dbb,0,1,1,1,BFC
5992e30034c43917968f2327d2948d22be6d4603,343,0,0,4,BIC
a5cb00eb4223458250b55daf03ac7ea5f424d601,1,0,0,1,BFC
af935746781088f28904601469671d244d2f653b,7625,0,0,20,BIC
3d016d57fdc5e6caa4cd67896f4b081bccad6e2c,0,0,2,1,BFC
fb897ad315643e5dc1092a115b3cec914b66df9d,4,1,1,1,BFC
673b975f1fbad5382f76afdb987e7513c5f4b71b,81,7,1,4,BIC
0c32b8ec02832df167e16ad659cb11dc148f2ddf,2,6,2,1,BFC
0fad6e2372074e69b7c2048fec86f5a4bcbb3edb,0,1,0,1,BFC
446aba663b8240b24202cb8902b0d5c8f91aa3da,2,7,14,14,BIC
f8da4aad552ec9423ca723404472cc3db0c125d7,1,0,0,1,BFC
aa58fedb8c7b6cf2f05941d238495f9e2f29655c,3,0,0,1,BFC
b517af722860dcf9878754217575137be35ea0cc,654,0,0,2,BIC
1732b0ef3b3a02e3df328086fb3018741c5476da,208,26,23,5,BIC
def34eaae5ce04b324e48e1bfac873091d945213,3,3,2,1,BFC
2a1c6029940675abb2217b590512dbf691867ec4,34,32,0,3,BIC
b884a190afcecdbef34ca508ea5ee88bb7c77861,24,0,24,1,BFC
2c0b1df88b987a12d95ea1d6beaf01894f3cc725,24,4,4,1,BFC
fd40eee1290ad7add7aa665e3ce6b0f9fe9734b4,0,0,4,1,BFC
563ddc1076109f2b3f88e6d355eab7b6fd4662cb,13,33,13,2,BFC
3f3c278c94dd994fe0d9f21679ae19b9c0a55292,2,5,3,1,BFC
c800460086d1db3579b747d9297cecd2bbf70119,2,0,1,1,BFC
4ed1eea82a21ba460e53468cc1c73cfdf83d0e00,245,101,35,2,BIC
781159fb9c61b7a3b197c2046745fec4773806b4,0,0,1,1,BFC
fb8ea062a8f2e85256e13f55696c5c5f0dfdcc8b,20,0,0,1,BFC
2257211942bbbf6c798ab70b487d7e62f7835a1a,4,6,0,1,BFC
62277de758b155dc04b78f195a1cb5208c37b2df,2,2,2,1,BFC
6c43e554a2a5c1f2caf1733d46719bc58de3e37b,319,0,0,1,BIC
40c98cb57cdbc377456116ad4582c89e329721b0,1,0,1,1,BFC
33fa46d7b310e06d2cb2ab5417c100af120bfb65,0,0,1,1,BFC
ec360607a25fae97c81eef2f02268ae8ed3649b4,15,41,4,2,BFC
313ea293e9c4d1eabcaddd2c0800f083b03c2a2e,189,108,21,7,BIC
755b37c93a069ff0882411630a06e90b3193d092,28,9,4,3,BFC
1e0e653f1136a413a9969e5d0d548ee6499b9763,14,0,0,1,BFC
9d1ccbe70e0b14545caad12dc73adb3605447df0,2,25,9,2,BIC
65547661500885dde26ca4a75d4d7f7df587c88e,3,3,4,3,BFC
88b1bf7268f56887ca88eb09c6fb0f4fc970121a,5,2,0,1,BFC
4c6d9acce1f4ca815881f0e3adca192795eca1c5,6,0,1,2,BIC
8f5f525d5b83f7d76a6baf9c4e94d4bf312ea7f6,0,0,0,0,BFC
721aeaa9fdf35a672eef8ebdc4cd04bde38c3cea,0,0,0,0,BIC
9822504c1fa5c557ea8776765f03fd16eb4de4c9,8,0,0,2,BIC
cfac6dfa42bddfa9711b20d486e521d1a41ab09f,0,0,2,1,BFC
a4455082dc6f0b5d51a23523f77600e8ede47c79,26,0,0,2,BIC
5f4c8cafe1148f8a91287072815df8f0b66f0e5c,0,0,8,1,BFC
ebeb36670ecac36c179b5fb5d5c88ff03ba191ec,3,0,0,1,BFC
540f4c0e894f7e46a66dfa424b16424cbdc12c38,2,0,2,1,BFC
68f37d862403e8f95337b2eca90af15d0b8cd5d7,10,6,1,1,BFC
d05c748bd73015aa4aa10bafc178fc2be46a02cb,1057,0,0,4,BIC
25eb035c3f22bde1eff43fe5c59b207d54a3d520,44,10,8,1,BFC
99094a5e941fe88d95cbd594e6a41bee24003ecb,4,2,1,2,BFC
fe514739d8538783749d3ce72f78e5a999ea5668,1,56,10,1,BFC
486a68f5449521edf5ea8a198481fc021da4a3e0,0,0,1,1,BFC
451bc8eb8fe61ee89ebf44e7ee290ab88bb2b2d5,68,12,14,2,BIC
99147e64428b9c3bfcd97e545ae478906c79e6a8,2,0,2,1,BFC
2a5071056e6a601efafe628a2f8162e16397ee2d,101,30,31,2,BIC
0f987cd0d78ead344a07c6fe215234f3be51d051,4,0,0,1,BFC
ad4febd9b7a5b3e86090e5223a6ddf946a63998f,0,0,1,1,BFC
249ee819e24c180909f43c1173c8ef6724d21faf,0,0,1,1,BFC
f1f39f91102733bcde2462c6a138f636ee541ea8,12,0,0,4,BIC
e08293a4ccbcc993ded0fdc46f1e57926b833d63,16,0,11,5,BFC
ebf06af55c7594ed1fc18469a5cddf911c40e687,0,0,0,0,BFC
cd21cb46e14aae3a5d4f044c07f2c1f9d89fcd1a,0,0,0,0,BIC
895203044067af64400cedbc055898bcec98d102,20,11,0,1,BFC
4fd14a49545159e281d7da4ef3727eaac9bc9710,0,0,0,0,BFC
ca257b9e2d807ab6cb2678ecc7b74aaf4651f597,0,1,1,1,BFC
5de85b9d57aba3ed2e04759e6db3b9e826dd0b06,23,5,1,3,BIC
62e24c5775ecb387a3eb33701378ccfa6dbc98ee,22,6,8,2,BFC
bb475230b8e59a547ab66ac3b02572df21a580e9,38,2,27,2,BIC
1fb883bb827ee8efc1cc9ea0154f953f8a219d38,12,0,0,1,BFC
843e4330573cc5261ae260ce0b83dc570d8cdc05,217,0,1,5,BIC
ac4cde398a96c1d28b1c28a0f69b6efd892a1c8a,3,1,0,1,BFC
5584ea250ae44f929feb4c7bd3877d1c5edbf813,31,41,28,14,BIC
ab007cc94ff9d82f5a8db8363b3becbd946e58cf,3,0,0,1,BFC
1116d5a7aff205b6d9879a6458788cac20d0cdf3,0,0,4,1,BFC
8dce89a1c2cf458875e0a703f3671bdb72b54c53,10,4,2,1,BIC
f342d940ee0e3a2b5197fd4fbade1cb6bbc960b7,298,0,0,3,BIC
794a8604fe6e4a311373cde57a86ad4aab9d32b8,8,0,0,2,BFC
442ec4c04d1235f8c664a74004dae54a7a574d18,245,60,421,15,BIC
a7980a640cbd339aa80f406d1786a275a2c320bc,14,1,0,1,BFC
257ab443118bffc7fdcef38f49cf59be68a3e362,4,0,2,1,BFC
09a6adf53d42ca3088fa3fb41f40b768efc711ed,18,12,6,1,BFC
52d7523d84d534c241ebac5ac89f5c0a6cb51e41,7,0,1,1,BIC
b1becb88268beb72df6495e35d3d76c138d215bb,3,3,0,1,BFC
0cbdc11482d72ad164e33ef7cc57b01e8b61e40d,0,0,3,1,BFC
58439280f84e6b39fd7d61f25ab30489c1aaf0a9,0,0,1,1,BFC
3908632fb829d73317c64c3d04f584b49f62e4ae,1,0,3,1,BFC
da7a692fbbab07f4e9798b5b52798f6e3256dd8f,3,0,0,1,BFC
daffad2123fc3efcc2c70bd6e905960a31886556,8,1,2,1,BFC
105664df51648d6376bda2895a890e786d0426ee,8,0,1,1,BFC
3c2bdc912a1cc050db7e858aabe564cb382c9c30,4,109,10,1,BIC
ac6a3722fed67c658a435187d0254ae119d845d3,0,0,1,1,BFC
55733350e5e8b70c5e54a30dbf98148c695f21f5,76,0,0,2,BIC
feb199ebef488a9f2c3550fb10524f3dac9d8abe,8,2,0,1,BFC
9abb27c7594a62bbf6385e20b7f5a90b4eceae2f,54,2,0,1,BIC
a5fef535c529b64b622f9d7eafb3ab86850f5f8f,0,0,1,1,BFC
280489daa68bd20364b322c11e3f429a0212c611,2,0,0,1,BFC
8569defde8057258835c51ce01a33de82e14b148,0,1,1,1,BFC
5cc0101d1f88500f8901d01b035af743215d4c3a,1,0,0,1,BFC
591e48c26ced7c455751eef27fb5963e902c2137,14,5,44,1,BFC
e110cc69dc2ad679d6d478df636b99b14e6fbbc9,6,6,12,1,BFC
975094ddc369a32f27210248bdd9bbd153061b00,5,0,0,1,BFC
f848f2143ae42dc0918400039257a893835254d1,17,56,7,1,BFC
4bf4b4ed9de40eb58232a9f576391fdc5e13a7b4,0,0,0,0,BFC
c1f92b4b04ad7006bdcbd1d5bb63f2864b06b7f8,63,37,7,3,BIC
302a6ad7fc77146191126a1f3e2c5d724fd72416,3,1,1,1,BFC
aec04cbdf7231c1b0da76172de82dfa2388a80d7,67,1,22,1,BIC
3dd09d5a8589c640abb49cfcf92b4ed669eafad1,8,0,1,1,BFC
f6f08c55cced6885f1e1448cd0806098e836c5f5,9,1,10,1,BFC
8eb92e5c91338eb19f86ffb2232258337ebf905b,335,0,2,3,BIC
232b8e3b1d4946a45e3b9dd4c282b12a085dd39d,1,4,1,1,BFC
cd1836f583d78bdd15ef748f4d85bf007569c7ad,6,0,0,3,BIC
7b39e985cfc18bba43646240b10a830046382abf,0,1,0,1,BFC
1cd9028027c7a7c10b774df698c3cfafec6aa67d,0,0,0,0,BFC
072d326542e491874c31adda10bf513b371e560c,2,0,0,1,BIC
16fe68dcab5702a024d85229ff7e98979cb701a5,0,0,0,0,BFC
ee9141522dcf13f861ed3cef6490c6cbfaafefb9,26,0,0,1,BIC
d13d4e063d4a08eb1686e890e9183dde709871bf,0,0,0,0,BFC
bcde37225438687231bb9510c07e60dcb8db1988,26,0,0,1,BIC
91a7c50cb4fabfba218549dfa84356069918bfbf,0,0,0,0,BFC
969244f9c72057b2c32b650b2d75a04d612c603c,3,0,0,1,BIC
89e357d83c06b6fac581c3ca7f0ee3ae7e67109e,32,2,6,1,BFC
83321d6b9872b94604e481a79dc2c8acbe4ece31,79,17,12,1,BIC
d3fbff306c215946cdbcf9ace4d0b78e9f72b5c4,0,0,1,1,BFC
6c7c98bad4883a4a8710c96b2b44de482865eb6e,5,2,0,2,BIC
2ccc15036d812e75f334c0fb813104ef765a2c77,11,0,15,1,BFC
bba6d9e47f3ea894e501f94b086a59ffe28241ac,10,0,0,1,BFC
73c6768b710a1621903f2bc179ae9c7789d41e9f,435,0,0,4,BIC
be2d73208606bc5d52e60dea223da77f49d58340,0,0,0,0,BFC
862d1d89ad9e5b117f1fb2a472cef6fc92c0007a,2,1,0,1,BFC
0e377f3b9ae936aefe5aaca4c2e2546d57b63df7,60,9,4,2,BIC
f1dd03a84dbf3e5ca91295a3d04c882b8bd86251,0,0,1,1,BFC
b35ba01ea6979125e9c23fb322517748278f15e6,21,3,4,2,BIC
2777e2ab5a9cf2b4524486c6db1517a6ded25261,22,3,13,3,BFC
5e6a9e5a3554a5b3db09cdc22253af1849c65dff,2,0,2,1,BFC
33f72e6f0c67f673fd0c63a8182dbd9ffb8cf50b,86,4,6,2,BIC
57377d63547861919ee634b845c7caa38de4a452,7,0,4,1,BFC
61b9a047729bb230978178bca6729689d0c50ca2,77,12,11,4,BFC
768bfa2a061f0a3aeb1080015deffd57f294c55d,0,0,0,0,BFC
96567d5dacf47fd628bc3115c8a7d81866674cd3,49,1,1,2,BIC
ca42fb9e52d155547e6cf18cf26bce3e1a6af4ea,1,2,1,1,BFC
d916d923724d59cde99ee588f15eec59dd863bbd,0,0,1,1,BFC
79adffcd6489ef43bda2dfded3d637d7fb4fac80,23,5,15,1,BFC
fce366a9dd0ddc47e7ce05611c266e8574a45116,1,0,0,1,BFC
6f56f6186c18e3fd54122b73da68e870687b8c59,6,0,2,1,BFC
329f45bc4f191c663dc156c510816411a4310578,30,10,1,4,BIC
d8a4995bcea168dfac8ee41c28c79109907e4fba,78,3,4,2,BIC
aa4ce4493c88dc324911152d1ccd25469366dba3,3,0,3,1,BFC
579cea5f30f2c70215492e987bb439a3e50c6371,331,0,0,3,BIC
c9d398fa237882ea07167e23bcfc5e6847066518,2,0,2,1,BFC
e66f17ff71772b209eed39de35aaa99ba819c93d,35,19,18,5,BIC
0cefabdaf757a6455d75f00cb76874e62703ed18,0,0,1,1,BFC
0a6b76dd23fa08c5fd7b68acdb55018a37afd4aa,14,1,5,3,BIC
4b0ece6fa0167b22c004ff69e137dc94ee2e469e,3,0,2,1,BFC
3fe87967c536e828bf1ea14b3ec3827d1101152e,11,31,30,1,BIC
fdad4e7a876a2cb3d2c1f04e5418c324e79fffef,0,0,6,1,BFC
c2a6bbaf0c5f90463a7011a295bbdb7e33c80b51,8,0,1,1,BIC
5f09ad8be7bc2d09f2248ad102f0024e6bdb4613,2,0,1,1,BFC
8490ae207f1d1dd6765e89dd7c189c2c975ee3bc,9,2,1,2,BIC
86e3e83b443669dd2bcc5c8a83b23e3aa0694c0d,3,3,0,1,BFC
cae303df3f379f04ce7efadb2e30de460918b302,0,0,1,1,BFC
9c312e79d6afb673114ebe7aabd5594e79827eea,0,0,1,1,BIC
63d63cbf5e03f47c99baa0a1ba1c345fe426e3bd,5,0,0,1,BIC
49e1590c2ead870f4ae5568816241c4cb9bc1606,0,0,0,0,BFC
497e1e16f45c70574dc9922c7f75c642c2162119,3,0,0,1,BFC
89d8232411a85b9a6b12fd5da4d07d8a138a8e0c,11,0,0,1,BIC
7a0c5c5b834fb60764b494b0e39c239da3b0774b,0,0,1,1,BFC
4257e085e26edaba0bf516ea231bd5122e3f3e6f,11,0,0,1,BIC
42969893b45a7a1864192f5634a8d2626e546a7b,4,0,0,1,BFC
7cd3e9dbdd4c0025d0e37c8c73a2ac8641fc55bc,2,1,0,1,BFC
3f3a46951e02a89961f47db97624767b5b9befec,2,2,0,1,BIC
cfa6eb239154315e6efcdda1d929e024097f927b,16,3,3,1,BFC
d2b9775d795ec05fb42504c0f47dd06ba5fd709e,2,9,6,1,BIC
e9d7a45a039913497a57887d85f5decfda4679f0,14,0,1,1,BIC
5f76895e4c712b1b5af450cf344389b8c53ac2c2,4,0,0,1,BFC
33f50ffc253854cf6cd556786ae893c7454a1a67,81,5,2,1,BIC
ecf8e89917d600fe846ebda911a9e690c6babfd0,11,0,0,1,BFC
1383aeca92b72f4179420820c3a64dfb5909cc97,0,0,1,1,BFC
1233e2db199dea015391db03d3478b3392201c41,81,45,33,5,BIC
9ba2a6261de49588714a25f49db80bbe961b870a,0,7,0,1,BFC
729a0cd45c886a8d1ae0b3063b20d525fc729523,0,0,1,1,BFC
d1a513be1f0a25f094e1577d059b9aebaa279bb2,26,3,14,5,BIC
6c9a8cdad48a04795dbc35ac3370afa3180045ae,11,16,13,1,BFC
20311bd35060435badba8a0d46b06d5d184abaf7,161,12,4,8,BIC
2f726aec19a9d2c63bec9a8a53a3910ffdcd09f8,10,0,1,1,BFC
59ec4b57bcaede46546d54d037a21004b9aa5cef,6,0,0,1,BIC
78aefd2d5911c4e0b5dc0b0578b3b8c7673be1d2,2,0,0,1,BFC
b77d537d00d08fcf0bf641cd3491dd7df0ad1475,3,0,0,1,BFC
9739e7464691456dd7c297b92ef0783fe13f6ba5,0,0,1,1,BFC
142c6594acbcc32391af9c15f8cd65c6c177698f,7,2,1,1,BFC
5f0c5f73e5efaee2928c4cabcf48b03f6ba99fc8,15,0,28,2,BIC
bf4907c05e615f6a1811d61c58d56da52f7e9954,12,1,2,1,BFC
031e5896dfdc24839d60f168f6e8560e294674d3,1,0,0,1,BFC
893dc68f1b18451e6d550b1884fc6be76e1bb90c,2,0,2,1,BFC
335d2c2d192266358c5dfa64953a4c162f46e464,0,0,1,1,BFC
5c492c3f5255bd34f7ff8867515ecf98dcba2a2e,30,0,0,2,BIC
d8dbf44f13b91185c618219d912b246817a8d132,71,39,13,3,BIC
d43e85b7d7c759a01f92fa09bba5d6eb6e406795,5,0,0,1,BFC
648ea0134069cda7d4940f397bcc6901fb88752a,143,0,0,7,BIC
7b81ef8b14f80033e4a4168d199a0f5fd79b9426,0,0,0,0,BFC
f5f4c615982ddf9b898439cd039e5af6697c1c3e,3,1,0,1,BFC
43dc7fe2b2118c76fbc2808dec0c57b3158e6dc0,8,3,6,1,BIC
05506b5be081b728353f1612b05c8ff689772832,11,0,0,1,BFC
228ec87ccd040b620c467cd61d594bfaa4f8a12e,0,0,1,1,BFC
f85726905745fb4f6e15c68e2ade9da5390f8d89,0,3,0,1,BFC
fd64be636708d808852c4c8c1efce0a0a51c24c5,111,0,1,5,BIC
8b4073596997f2ccbf68d8e72e07b827388a4536,8,8,0,1,BFC
a2e1319d1f496888c2eaca57fbfc17180b0dae95,0,5,0,1,BFC
2c77bb29d3985e73f8c780cfd20fdb2f491943ee,10,0,3,2,BIC
1fa4da043a5cc2a29a98c20f67d5c999819a2b6b,2,1,0,1,BFC
38b6441e4e75c0b319cfe4d9364c1059fc1e3c2b,2,20,0,2,BIC
44fe84459faf1a7781595b7c64cd36daf2f2827d,5,0,8,2,BFC
a9ebf306f52c756c4f9e50ee9a60cd6389d71344,123,0,0,4,BIC
c3d9fda688742c06e89aa1f0f8fd943fc11468cb,0,3,0,1,BFC
f03b8ad8d38634d13e802165cc15917481b47835,81,0,42,22,BIC
70579a86e3c8eb2ce57999e594a73b4dfe095959,7,3,0,1,BFC
d09c5373e8e4eaaa09233552cbf75dc4c4f21203,0,0,1,1,BFC
c9ca78415ac1cbb0e9846111d5f01376266cf6f3,30,0,0,1,BIC
fd2d2b191fe75825c4c7a6f12f3fef35aaed7dd7,0,0,4,1,BIC
b79c52aef3cdee903017c1e9834b53996d70010e,45,3,3,4,BFC
865f03d42ed0c90c9faf3301775176834ba13eba,0,7,0,1,BFC
bf39ec335eb8cc51b4e1c9303ef92b380d204bb1,0,0,1,1,BFC
8bb74d36613322ac473ff6e3d8559c66ca531533,0,0,0,0,BFC
7c594f0407de5d3c76e281aaedfcb441b5a5c776,66,3,2,2,BIC
a28b259b43914b04746184cec318c67bded7234c,1,0,0,1,BFC
634a9585f49c7c92d6416128a18ea134eb9ac381,284,41,114,1,BIC
3ed3a83e3f3871c57b18cef09b148e96921236ed,6,1,4,1,BFC
c61fb99cae51958a9096d8540c8c05e74cfa7e59,110,4,14,2,BIC
476e75a44b56038bee9207242d4bc718f6b4de06,2,0,0,1,BFC
73580dac7618e4bcd21679f553cf3c97323fec46,2,0,0,1,BIC
d0281a56b00c63ad51ebb550fba0351807475c47,38,12,4,3,BFC
3cc070c1c81948b33ebe2ea68cd39307ce2b312d,3,0,1,1,BFC
f8300a0b5de08c09db105db3c34a2a1c618e147e,49,1,1,1,BIC
e91793bb615cf6cdd59c0b6749fe173687bb0947,4,3,0,1,BFC
9e9cb6221aa7cb04765484fe87cc2d1b92edce64,4,2,3,1,BIC
94d7ee0baa8b764cf64ad91ed69464c1a6a0066b,2,0,4,2,BFC
a3c18422a4b4e108bcf6a2328f48867e1003fd95,6,4,6,2,BIC
675b11d94ce9baa5eb365a51b35d2793f77c8ab8,9,9,12,1,BFC
baffab28b13120694fa3ebab08d3e99667a851d2,28,0,1,6,BIC
02ba8893ac9aa34fcb4ce2a9baef5615b190335a,3,1,0,1,BFC
0c9539a431bd4e4cbe475eb17e587f3ac06f2ae2,0,4,0,1,BFC
a83b576c9c25cf771fb0b15ec5eb2e7510ec2f5a,7,4,1,2,BIC
d9853490176c88fff71d03ec9a174b77011f5026,3,3,2,1,BIC
dd68f2ba0720e76c3a5bfa3f639c546f926792f5,8,0,2,2,BFC
a3aabe86a3406b9946a4f7707762a833a58dfe9c,53,32,9,1,BIC
457ae7268b29c33dee1c0feb143a15f6029d177b,5,0,1,1,BFC
f5ecec3ce21f706e9e7a330b2e8e5a2941927b46,6,0,0,1,BIC
7d65f82954dadbbe7b6e1aec7e07ad17bc6d958b,1,0,1,1,BFC
80a83cfc434b1e3afe38974570b460db4898bec6,54,37,12,7,BIC
18afa288920475a9f95d70920b0c54b43b5256a7,0,24,0,2,BFC
6c943de6686f181fe28df7586aedd0917b4a9fe0,24,0,0,2,BIC
fd086045559d90cd7854818b4c60a7119eda6231,8,1,1,2,BFC
26988efe11b1dc44853035122927ced25578f302,12,1,5,1,BIC
aa62acfd63e7367872291c15290cb9c29d140926,6,2,0,1,BFC
4e5f713ffc202c49a4374897cb0d2b218b391ff7,1,0,1,1,BFC
9e1764309f577a88a0d5250fea6a080a6ad43556,8,0,1,3,BFC
944397f04f24eaf05125896dcb601c0e1c917879,39,47,34,6,BIC
a79a524e9260d4ffaff88348615e70fb3d393692,11,16,13,1,BFC
77c1c03c5b8ef28e55bb0aff29b1e006037ca645,7,2,0,1,BFC
ef493bd930ae482c608c5999b40d79dda3f2a674,36,1,1,2,BIC
a7f12a21f6b32bdd8d76d3af81eef9e72ce41ec0,0,0,1,1,BFC
fd567653bdb908009b650f079bfd4b63169e2ac4,7,0,0,1,BIC
b768b16de58d5e0b1d7c3f936825b25327ced20c,1,1,1,1,BFC
dd41d33f0b033885211a5d6f3ee19e73238aa9ee,27,0,2,2,BIC
8bcad07a45637fb88e799466e4eee83859e8ffd3,0,0,4,1,BFC
e5c1ff14757afe21733ddee9cc4bbaeaeadbf803,0,0,0,0,BIC
23abec20aa7034c5d49b62c0a668f7291c819fab,1,0,0,1,BFC
5283b03ee5cd28d516646298bead09b238d92ddc,21,0,6,4,BIC
e497ec680c4cd51e76bfcdd49363d9ab8d32a757,1,0,2,1,BFC
589a1a2e63163bdd59f983d6cd89cec5f9457823,0,0,2,1,BFC
4ea0c32f5f42f7ef33a7ecfb9b61ff0cad9b3c08,3,4,2,3,BIC
c541a51b8ce81d003b02ed67ad3604a2e6220e3e,0,0,1,1,BFC
b9cd20619e359d199b755543474c3d853c8e3415,11,1,0,1,BIC
7d64f82cceb21e6d95db312d284f5f195e120154,1,0,0,1,BFC
81e88fdc432a1552401d6e91a984dcccce72b8dc,292,48,36,6,BIC
e3d5092b6756b9e0b08f94bbeafcc7afe19f0996,6,0,0,1,BFC
c183619b63ec934110e3a173a34b414e26869f96,239,0,0,3,BIC
a2940f36a8ff4d7710913f4780d65cc5fa8e8aec,0,0,0,0,BFC
2f45d9fcd5317b88837adb6a49405f8e84df10bd,0,0,0,0,BIC
f0bb2d50dfcc519f06f901aac88502be6ff1df2c,2,0,0,1,BFC
9564e138b1f6eb137f7149772438d3f3fb3277dd,94,1,7,2,BIC
de85ec8b07f82c8c84de7687f769e74bf4c26a1e,1,0,4,1,BFC
07ec51480b5eb1233f8c1b0f5d7a7c8d1247c507,75,114,31,2,BIC
26bfad63ca896fde674918e36a8b8fd7039a0119,0,0,0,0,BFC
0d4cb3ccee589a18306b73be6274bf79209a4dcd,0,0,0,0,BIC
090e5fe3f0115ff0bcb299bb90cfd8cb82f5cbf8,3,0,1,1,BFC
5a4c6f1b1b2d91c5252cedf1c7b68a894c3f117e,95,69,95,6,BIC
403fe77e22eb72c962c3889efc9d4fa62e454737,0,0,0,0,BFC
84e734f497cd48f60c16c400d14b8da08cd281dc,0,0,0,0,BIC
7f698bf60e3a13c991577f5360f371e2a41cf40e,0,0,0,0,BFC
876e7fb9f418fd86719af345febf8656c47e833c,0,0,0,0,BIC
89675f36c9e17512812b9d14d9824f8ef92782c3,0,0,0,0,BFC
46c4f13d04d729fa79f7df2dd1978f9fc0ee6d6a,0,0,0,0,BIC
2beb6dad2e8f95d710159d5befb390e4f62ab5cf,10,0,0,3,BFC
0eb05bf290cfe8610d9680b49abef37febd1c38a,114,0,0,4,BIC
0a309f9e3dfaa4f5db0bf1b0cab54571744b491a,6,2,0,1,BFC
7ed23e1bae8bf7e37fd555066550a00b95a3a98b,9,0,0,1,BFC
2a3563b023e5f99e1ec48b66b4caeac94584e7c7,0,0,0,0,BIC
7ad658b693536741c37b16aeb07840a2ce75f5b9,0,3,1,1,BFC
7ca29de21362de242025fbc1c22436e19e39dddc,12,0,2,1,BIC
22f880ca8246c6c80c4f48731c6a7d5d15042f56,1,0,1,1,BFC
cc66afea58f858ff6da7f79b8a595a67bbb4f9a9,6,1,0,1,BFC
cd9c57cad3fe89ea949b9266cddc947c0838f7af,42,2,4,1,BIC
b03b99a329a14b7302f37c3ea6da3848db41c8c5,4,0,1,1,BFC
86ef58a4e35e8fa66afb5898cf6dec6a3bb29f67,36,0,5,5,BIC
6faecba0b3da7b617bf72bef422bf0d3bb6dfe7d,0,0,2,1,BFC
904b296f308dc70d5560a2b4311bbe255de12fd7,64,41,4,1,BIC
703ba88548082f91970ee91c9fb64ab582e391cd,3,2,2,1,BFC
ed0e894de7c1339be55ca0dcc11783d923ac5248,873,4,5,6,BIC
ce4b4f228e51219b0b79588caf73225b08b5b779,0,0,2,1,BFC
2a85aedd117cab38fd29c2c1a15b4c7338850d53,23,0,1,1,BIC
01412261d99497021353c4b1d67e8df6c9cdc3c6,77,12,19,4,BIC
a431ecd2d459da3c91a612061f09eb422ffe78e2,0,5,0,1,BFC
5946fdaee4ba449e8fbb5d403e1ed69437f916e8,5,0,0,1,BIC
d4ea7e3c5c0e341c15b073016dbf3ab6c65f12f3,0,5,2,1,BFC
3251885285e15e4b0ff1b0501a49380b24204f35,55,11,15,1,BIC
10b6c0c2e2bb8cd1be682f8d36ef597e3419cb88,0,0,0,0,BFC
6a93792774fc72861b7e8efaa3545a88272b4413,0,0,0,0,BIC
e1be65a5e426460ab567076107311e83532904e9,0,0,0,0,BFC
843b2287fb77f0b1966fa90912e093a0d417b27b,0,0,0,0,BFC
ec8542cb8a628fd10522f8421182207277f90185,0,0,0,0,BFC
4464e36e06470e3d68dc26a874f0dbdffa09a6e8,18,16,14,1,BFC
3a1c1ef2fd62087c3d6521de217ddb9360776658,157,85,96,1,BIC
450362d3fe866b14304f309b5fffba0c33fbfbc3,8,0,3,2,BFC
9a29dd85a09d825cb28dcaacd36ed0ee0be49699,9,1,6,1,BFC
14a6bbf9e5359568f782a936c22a46502c258107,5,2,0,2,BIC
75c689dca98851d65ef5a27e5ce26b625b68751c,0,17,1,1,BFC
93557f53e1fbd9e2b6574ab0a9b5852628fde9e3,180,61,8,6,BIC
f4ce766f28cd0efa0cb4d869a84905d573ef7e70,8,0,1,3,BFC
71cc2b184c0c1b7b4983091e65f102c6817aada9,1,0,1,1,BFC
47c21d9a1a7b4b3177dde686ce0eb71cdf25e07b,48,6,3,1,BIC
3b5724d702ef24ee41ca008a1fab1cf94f3d31b5,10,0,1,1,BIC
0abfe7e2570d7c729a7662e82c09a23f00f29346,2,0,0,1,BFC
7b09cc5a9debc86c903c2eff8f8a1fdef773c649,1,0,4,1,BFC
5680d8094ffa9e5cfc81afdd865027ee6417c263,59,28,6,1,BIC
d7fd724e01939f777781a86d078c3b7142fb9c03,0,0,3,1,BFC
2db2c250dd3d1e74a50d4ab5f44c44ca5cb4e42b,0,0,0,0,BFC
8ce371f9846ef1e8b3cc8f6865766cb5c1f17e40,25,0,2,4,BFC
383776fa7527745224446337f2dcfb0f0d1b8b56,70,29,7,5,BIC
834a61d455ff8069552f44140b2c1de85e6bc84d,1,0,0,1,BFC
5483bfcb169cf3e68196bb6f28a43107fb48022c,18,7,2,2,BIC
a17f1861b5ea4327f9f35e9edb3c5fadceaa7c64,1,0,2,1,BFC
1f5fa2dd1cfa4c1356e83ff4bdd82561cad95278,67,4,0,4,BIC
cf6c77323a96fc40309cc8a4921ef206cccdd961,0,0,1,1,BFC
3c97c08b5735ac05ebc0cbd0aa7722393f50b846,2172,0,0,2,BIC
b1977682a3858b5584ffea7cfb7bd863f68db18d,1,0,2,1,BFC
969bf05eb3cedd5a8d4b7c346a85c2ede87a6d6d,437,5,3,3,BIC
43a6684519ab0a6c52024b5e25322476cabad893,1,0,2,1,BFC
f6aafac184a3e46e919769dd4faa8bf0dc436534,0,0,1,1,BFC
28ee1b746f493b7c62347d714f58fbf4f70df4f0,29,2,0,1,BFC
ded260235308f340b979258a4c736e06ba12c747,0,0,1,1,BFC
68e498554f598d8a6596c85bb661e9a68cafd673,0,0,0,0,BFC
6a18c312320766b6d13a12c681f77df04894f1a5,0,0,1,1,BFC
5b441ac8784c1e7f3c619f14da4c3f52e87348d5,82,1,7,4,BIC
a80db69e47d764bbcaf2fec54b1f308925e7c490,0,0,3,1,BFC
a5af83925363eb85d467933e3d6ec5a87001eb7c,6,2,1,1,BFC
8b230ed8ec96c933047dd0625cf95f739e4939a6,21943,0,0,26,BIC
5d73bb863c2ef3aa1a28b5885c85ede7307df8ea,2,0,0,2,BFC
386aff88e32ec3f82e3f032217bad0c8c8846349,10,0,1,4,BFC
9f0dd8c322e89f137c44b437d6fbecc9dea12204,1,0,0,1,BFC
ea0504f554c8f989eab58549300d15582d36f039,12,0,4,1,BFC
1adbddef118ae8bf6409c13208645d28c29731c1,0,5,0,1,BFC
49d52e8108a21749dc2114b924c907db43358984,1,1,0,1,BFC
00db8189d984d6c51226dafbbe4a667ce9b7d5da,2897,0,1,11,BIC
971edb0a0087b65bd3726d23b2dffff405d48f72,1,0,0,1,BFC
e984fd61e860ce3c45e79d69cf214b8cc6cae7d9,4,3,10,4,BIC
4d339989acd730f17bc814b5ddb9c54e405766b6,7,0,6,3,BFC
251fe09f13bfb54c1ede66ee8bf8ddd0061c4f7c,2,0,0,1,BFC
c91b865cb14d9dd7b0e411bc4546ac115900970d,1,0,2,1,BIC
a95600294157ca7527ee7c70249fb53e09d8c566,0,0,1,1,BFC
65e254821cee1a63f3f6d23270e90b33432b2bef,115,3,4,9,BIC
d64069ee1869b9f77eef0bf9dfceffee2bfd7692,0,0,20,1,BFC
0d13d8f26c4684a077b293b8a4615170253f842c,0,0,1,1,BFC
42d5c176b76e190a4a3e0dfeffdae661755955b6,3,2,0,1,BFC
28b62b1458685d8f68f67d9b2d511bf8fa32b746,57,20,25,1,BIC
74d1cf4897f919837efc4e34d800b996936eb38e,0,0,0,0,BFC
52060836f79080849dd90e3ae1aeb288411f3def,0,0,0,0,BIC
f3e4559781bf0c393364baa6b772233088a711db,0,0,0,0,BFC
79170fda313ed5be2394f87aa2a00d597f8ed4a1,23,0,0,4,BIC
03eb2a557ed552e920a0942b774aaf931596eec1,1,1,1,1,BFC
069f3b10aed966b2da6bb1161af41da0e8880724,0,0,2,1,BFC
90ab5ee94171b3e28de6bb42ee30b527014e0be7,16,10,455,283,BIC
3932197c01e4ca7d743d07728656d938f1ae93d5,0,0,0,0,BFC
854fbd6e5f60fe99e8e3a569865409fca378f143,1,0,0,1,BFC
aa1f1a639621672b68f654dc815a7d8298ff396f,11,0,2,1,BIC
5a42d1198901a13ff46e1d13b91a338d74224dbe,1,5,6,1,BFC
15c3de4e188b567ab60dbff674002a7f4380af6a,0,0,1,1,BFC
3a317f523570adfc9c5bf6d65dc4f831dada97b9,0,10,0,1,BFC
55b0baa2542f1dbaf33989eab5a26a23a8aca345,1,1,0,1,BFC
0b408baf7f4f3ea94239d021a1f19e60cd8694de,0,0,1,1,BFC
3418d036c81dcb604b7c7c71b209d5890a8418aa,823,3,1,5,BIC
f35ec35e5e726e7137deaee0dec24f8cbf07a48f,1,0,0,1,BFC
81caa91b72fd6a0b8dfc5eb10942c34f7efd2bc5,0,0,1,1,BFC
5fcaa0051dfcc5fe77aee95061945d80e465a027,1,0,1,1,BFC
4816c4c7b82b55bb46cb9b85ef8e6780fc618592,40,0,0,1,BIC
ac572452156963588b285049ba3895bef0f17642,0,0,1,1,BFC
a2125d02443e9a4e68bcfd9f8004fa23239e8329,3,0,0,1,BFC
2c03d07ad54db03b813bb98c469790c07ca9f5dd,1010,4,0,3,BIC
6f359f99b8c2ff3b09329611da00fe39a7c10e7e,0,0,3,1,BFC
be086e7c53f1fac51eed14523b28f2214b548dd2,3323,1317,909,38,BIC
06e1a5cc570703796ff1bd3a712e8e3b15c6bb0d,0,0,0,0,BFC
5e3447a29a3811c4eba677c0cc559ce81ae6f0d7,0,0,0,0,BIC
e93f8a0f821e290ac5149830110a5f704db7a1fc,61,35,40,9,BIC
63cb6d5f004ca44f9b8e562b6dd191f717a4960e,2,1,2,1,BFC
223b78ea212852726dfa86ef267a9c8a323d5cc2,14,8,2,2,BFC
1d9d5a9879ad493ee7cf75987df1f365c61fefe5,64,98,37,2,BIC
2b65e18202fd0f109b739dd6717286edca7a2b0d,623,0,5,3,BIC
eb94588dabec82e012281608949a860f64752914,1,0,0,1,BFC
85b29008d8af6d94a0723aaa8d93cfb6e041158b,16,17,2,2,BIC
12ffed96d4369f086261ba2ee734fa8c932d7f55,0,0,3,1,BFC
e448054b5c63b834bba874453d1f2da4e7d39461,2,0,0,1,BFC
62c58af32c935a98a1e8d8ceb39a3a47b36fbbcd,198,1,1,5,BIC
d223760f38b13f3c0a14978b6c4261b9bd690494,0,0,1,1,BFC
57822dc6b9cfeb5300e467ff83d8371aead90047,258,67,5,6,BIC
ee56874f23e5c11576540bd695177a5ebc4f4352,4,7,1,1,BFC
eea628199d5b12429c47db17035a954b0062e554,57,2,1,2,BIC
5d4bac5503fcc67dd7999571e243cee49371aef7,2,0,0,1,BFC
4ca8c1d4979cc60cc129318ce0a89d075c9eb49f,2,0,1,1,BFC
40149f00fb55263cf10066bafc8470d33b1ddcfc,0,0,1,1,BFC
d7402de48efae57bbb0072e53d3800c30de57ea5,30,0,0,1,BFC
5303f7827fcd41d1cf4da9ca9b6b7d360bc07bb7,0,0,1,1,BIC
a6566710adaa4a7dd5e0d99820ff9c9c30ee5951,0,4,0,1,BFC
59f34e80c4910bc69ca643a2bb93fcce51366d83,8,1,2,1,BFC
baafacab092e282c69f57a90dc2c4ed25b083e22,1,2,1,1,BIC
aa4ea675528f3fa11e9663e5a32f55a81c34dcac,7,1,1,2,BFC
69218e47994da614e7af600bf06887750ab6657a,86,1,28,17,BIC
bc4278987e3874da62edf585fe8b3bdd9b53f638,33,0,3,1,BFC
4e5160766fcc9f41bbd38bac11f92dce993644aa,6,0,0,1,BIC
d7921a5ddab8d30e06e321f37eec629f23797486,3,3,0,1,BFC
8a8c69c32778865affcedc2111bb5d938b50516f,141,82,30,3,BIC
698eff6355f735d46d1b7113df8b422874cd7988,11,5,17,5,BFC
c34cd35ed98ffc2c6312c7fd19acd2bad55ff045,0,0,0,0,BFC
6e9e6cc8f4e4f2cd67931510c9f39abf3d9e0d3b,0,0,0,0,BFC
e27ee2b16bad0c2ae648f5ee67d0555e0cd799d6,0,0,0,0,BIC
fad73a1a35ea61f13607a391aca669caad8c04ca,10,4,5,2,BFC
81ed18ab3098b6519274545e80a29caacb77d160,74,1,3,5,BIC
1d2a6a5e4bf2921531071fcff8538623dce74efa,2,0,1,1,BFC
a97e50cc4cb67e1e7bff56f6b41cda62ca832336,6,0,0,1,BFC
278571baca2aecf5fb5cb5c8b002dbfa0a6c524c,22,30,23,3,BIC
b4f0a66155564aaf7e98492e027efad9f797c244,3,3,0,1,BFC
6deee2221e110f6574988120dba6cab7e7313f44,103,58,21,3,BIC
93aa2a1c25e562cc0ca69c3175333fe33fdf055b,21,3,10,1,BFC
31739eae738ccbe8b9d627c3f2251017ca03f4d2,0,15,0,1,BFC
6ac3ce8295e6763b86e5a7bfd61275f51e0a3fd3,0,15,0,3,BIC
31c7ba9eff5d8a9f20057082eb44cc3c6a1fb3d6,1,3,1,1,BFC
65e0ace2c5cdd7aa898fea17d6e7bdc909394bf9,7341,0,0,7,BIC
d515684d78148884d5fc425ba904c50f03844020,1,1,0,1,BFC
c14ac9451c34832554db33386a4393be8bba3a7b,52,8,41,16,BIC
8ab7e2ae15d84ba758b2c8c6f4075722e9bd2a08,4,0,0,1,BFC
d3a4e4da54c7adb420d5f48e89be913b14bdeff1,3,2,0,1,BFC
5f40b4ed975c26016cf41953b7510fe90718e21c,0,0,1,1,BFC
1ad9a00ae0efc2e9337148d6c382fad3d27bf99a,5,6,6,4,BFC
4a25730eb202893cd79b885df8f6fa1e8174742f,6,0,4,3,BIC
09c91ddf2cd33489c2c14edfef43ae38d412888e,2,0,2,1,BFC
375f51e2b5b7b9a42b3139aea519cbb1bfc5d6ef,9,0,0,2,BFC
d85cdccbb3fe9a632ec9d0f4e4526c8c84fc3523,55,17,3,3,BFC
1f30a86c58093046dc3e49c23d2618894e098f7a,4,0,0,1,BFC
557d054c01da0337ca81de9e9d9206d57245b57e,6,1,0,1,BFC
c7cd4c9bf8df87027e739fe66d0a55951f6875d8,0,0,1,1,BFC
7c1b8eb175b69add8eac105409d2a59723574675,82,0,0,4,BIC
1511949c61ec63e4b646c34d602ac6990b38ce30,1,0,0,1,BFC
baa73d9e478ff32d62f3f9422822b59dd9a95a21,165,2,8,11,BIC
be9ca0d33c850192198c22518eeb1f41401268e8,0,0,0,0,BFC
6246168b4a38357b135d07370464f27d4f3a68ce,441,4,7,3,BIC
3588f29e061cef19ac0092e4f6917717fed5b1d4,1,0,0,1,BFC
424fa00ea325b0153c321667f39643f68ae9d1b0,1,0,0,1,BFC
a05d4fd9176003e0c1f9c3d083f4dac19fd346ab,11,11,5,1,BFC
3b13758f51de30618d9c7f3fc174d8d1a3cb13cd,12,2,6,1,BIC
f0c0cb99f74c03e2407ea553f6d46eb611e262b5,0,0,0,0,BFC
dddc3c9d7d02e500feb041a85217b2f2dd8c188a,0,0,0,0,BIC
e79249143f468f8d3365dbbd1642c045bdcc98c5,0,0,0,0,BIC
efc877676d3f63743a0bf6d451b77d5305be3403,0,0,0,0,BIC
938f1bbe35e3a7cb07e1fa7c512e2ef8bb866bdf,0,1,1,1,BFC
fade1ec055dc6b6373e7487906b7899b41d0c46f,24,0,4,4,BIC
d30ddcaa7b028049cdfee3a40248002d07b2bbf3,8,0,0,2,BIC
cd37a296a9f890586665bb8974a8b17ee2f17d6d,3,0,1,1,BFC
740a01eee9ada98b6ccdd2bcb1a5b2470f292fc7,112,21,27,1,BIC
7d2aa6b814476a2e2794960f844344519246df72,3,0,1,1,BFC
66a7ed84b345d676d7f60f0d397705ccb1c5c7e2,137,8,9,1,BIC
1e9b71d53ddc3b8df81ef6be052e31b70442a47f,6,1,7,1,BFC
8af7779f3cbc1f6720d15f00abc797493710d1ab,4,0,1,2,BIC
6e2e0eea072f6f82ac0afbcfa8dc38dcc3a29fa4,0,0,1,1,BFC
d2fe28feaebbbbe147e5e6e7bc68857f9bd7f6ad,0,0,2,1,BIC
5003ae1e735e6bfe4679d9bed6846274f322e77e,0,0,1,1,BFC
1c387188c60f53b338c20eee32db055dfe022a9b,15,0,1,2,BIC
ca260ece6a57dc7d751e0685f51fa2c55d851873,3,0,0,1,BFC
4fd4dd8bffb112d1e6549e0ff09e9fa3c8cc2b96,0,0,1,1,BFC
68cc795d1933285705ced6d841ef66c00ce98cbe,12,7,2,2,BIC
0861b5a754fd5539f527b445aaa61538185c8264,2,3,0,1,BFC
af51160ebd3cc1c8bf0d37a48f13ac0dbe8a6e5f,70,32,6,7,BIC
d82c0d12c92705ef468683c9b7a8298dd61ed191,13,10,6,1,BFC
06c0dd72aea3985d0ea036f771ebb1d1083bf69f,2,2,2,1,BIC
8358378b22518d92424597503d3c1cd302a490b6,14,0,5,1,BFC
e84bd9535e2bb59624091bc8c1eddae7cc82d260,22,3,12,1,BIC
dd7406dd334a98ada3ff5371847a3eeb4ba16313,1,1,0,1,BFC
ea33c2c2051a266f68d9cd920c789cec828c8f11,0,0,0,0,BFC
03749eb88e635ad67818827adde8e5eea7b64571,0,0,0,0,BIC
a83d50bc16c4f5d0a359790015b5b32f3f0e52db,1,0,1,1,BFC
f1e8866016b53bd0ea108ae9adbb52da1dd53dab,153,2,1,1,BIC
fc7d5bc427219eab268edb75cc9bfc7fdd8174e4,0,6,0,1,BFC
3cf4574705b4e1a1a0aeaae0332e8c2c8b56cc8f,39,1,1,3,BIC
4ef1b2869447411ad3ef91ad7d4891a83c1a509a,9,2,5,3,BFC
1c885808e45601b2b6f68b30ac1d999e10b6f606,75,0,5,19,BIC
8605330aac5a5785630aec8f64378a54891937cc,21,0,1,2,BFC
23bb09cfbe04076ef647da3889a5a5ab6cbe6f15,2,3,3,1,BFC
486a43db2e26b87125b5629e1ade516f90833934,1,2,2,1,BFC
c86a773c78025f5b825bacd7b846f4fa60dc0317,29,8,8,9,BIC
3dc857f0e8fc22610a59cbb346ba62c6e921863f,2,0,1,1,BFC
e74bad6b015b732d8269a8ddfb303c9b33092722,1,0,2,1,BFC
92552fdda557d1a9d7a819a79d0e356d439e8cfc,26,10,31,1,BIC
13e2d5187f6b965ba3556caedb914baf81b98ed2,1,1,0,1,BFC
7afc5dbde09104b023ce04465ba71aaba0fc4346,824,1,2,9,BIC
aea92fb2e09e29653b023d4254ac9fbf94221538,8,2,0,1,BFC
4c30719f4f550d9b3034d9c00da9cb7fb99e6c0b,15,4,0,1,BIC
7df9c24625b9981779afb8fcdbe2bb4765e61147,9,8,0,1,BFC
6209344f5a3795d34b7f2c0061f49802283b6bdd,51,8,11,3,BIC
64897b20eed29cee2b998fb5ba362e65523dba3c,5,22,1,1,BFC
001c76f05b01cc8ceb2098c9ff5de2609bec7f76,155,9,15,1,BIC
10047f537c8fb33599bae599ed0e1d9551639d80,2,1,0,1,BFC
22ad0b6ab46683975c6da032f1c2593066c7b3bd,212,1,19,6,BIC
b71deadbc4d0271cd3b298e57ad8be70b0c391c3,3,1,0,1,BFC
5f35a2cd5b503e59ac949283a423f868e94fb36b,12,0,4,1,BIC
6ef90877eee63a0d03e83183bb44b64229b624e6,0,0,1,1,BFC
08b3c894e56580b8ed3e601212a25bda974c3cc2,41,0,0,1,BIC
fb2155e3c30dc2043b52020e26965067a3e7779c,0,0,0,0,BFC
f12401d7219f5a1e361ded834016e5777a10262b,5,2,1,2,BIC
65b1adebfe43c642dfe3b109edb5d992db5fbe72,5,3,0,1,BFC
7292ae3d5a18fb922be496e6bb687647193569b4,0,0,0,0,BFC
35f860f9ba6aac56cc38e8b18916d833a83f1157,0,0,0,0,BIC
0ca10b60ceeb5372da01798ca68c116ae45a6eb6,0,5,2,1,BFC
7d8d00140715a115193bf502fa3b0cfe620f0dd9,0,0,2,1,BFC
cf43e6be865a582ba66ee4747ae27a0513f6bba1,424,0,2,9,BIC
28787bf47b11b08290918dcf91b08764cb5fe122,0,0,0,0,BFC
590379aef2e3fb7d00a093ed556c0a2714f86916,23,28,4,7,BFC
3c7ba6359d70f780de3141c8ab81ac37ad624f05,29,0,0,4,BIC
0eafec6d3244802d469712682b0f513963c23eff,166,5,8,4,BIC
70946723eeb859466f026274b29c6196e39149c4,1,1,2,1,BFC
dddc7ee32fa13efc66afa71ebd83bce545c8392a,1,0,4,1,BIC
b6b1f19b06b7d4dcc261a88d74c5fb0a53988b4e,2,0,1,1,BFC
5b779fc52020ac6f5beea31c5eafc3d25cf70dc1,2,0,0,1,BIC
49cc4c217c0dbb7d09c402472d1f85a81c093f9f,0,0,2,1,BFC
c6736a94d0e527ddc0d1eb99dbc59886a9ecf471,0,0,0,0,BFC
287599cf2d7719c812774ff49db9ae8ca4fa844a,1297,0,0,2,BIC
cc638a488a5205713b51eabd047be6ea641cc328,0,0,0,0,BFC
65c059bcaa73197ca71e8d4cc9a6c903560506c1,0,0,0,0,BIC
272bce17cc3ef4629e28c38324d81ca72a862115,10,1,0,1,BFC
935a2f776aa523cd6ad20c9b7c7d019ba9418759,360,0,3,2,BIC
3091ae775fae17084013021d01513bc1ad274e6a,3,0,0,1,BFC
0c151062f32c9db819c2ca3081d6f98194d61e78,18,1,0,3,BIC
4324b6084f45b9faebda8d6563d8625d22b4b5df,0,0,2,1,BFC
a56069c46c102710721e003e2423ca377d99687b,255,0,0,1,BIC
467221bc60c1b500b2f7dc1df77f1a88c725cd4a,1,0,2,1,BFC
cdc3a45390341e579421957257e3607c017a0785,0,1,2,1,BIC
d582799fe5de1c1ca127d7f364db12a660cf46d4,0,0,1,1,BFC
17a6e1b8e8e8539f89156643f8c3073f09ec446a,3,2,29,6,BIC
66e303e988c8df9f43cb7e61a7ec6d1b44ad0bb2,0,0,1,1,BFC
31de73501ac92ef62971d4b7f6c941508422f3af,106,10,6,3,BIC
ce95e3a9c59916d248df0a1a80494969777565df,0,0,0,0,BFC
6bbfe4a761583d60eb16aee3d9d2817e29167305,0,0,0,0,BIC
9b7edbb60bb8ee2b9a0c93dd776be82a6b0ea666,0,0,0,0,BFC
19740d6840b558bae61d5cbe75c6f430ad1e71b0,0,0,0,0,BFC
418eaad30eea3183f8a4338d1603877596f34b08,0,0,0,0,BFC
902ea5fcd577417af0b779b79272a45a3a3b7f5b,0,71,0,6,BFC
a22933221c43bf4bb9f018bc734c1465953d67c2,0,0,1,1,BFC
72d2b01e84b25a5ff66662bcd97201c800130169,2,1,17,1,BFC
b5563094d7dffac4dda654db476036b97a614e3a,0,0,1,1,BFC
ed01e50acdd3e4a640cf9ebd28a7e810c3ceca97,11,4,0,1,BFC
f07d9c2864d4ccf0a0b5bd2dd6491f5204eab5fe,1,1,1,1,BFC
b93c2e8b5d9d1fb8241d9a9ef13a9f4ed01c93e6,26,2,6,1,BIC
ac7ce78ba036c0f9952d9706b1941c7d80c78680,0,0,1,1,BFC
4a53148868493bd5e0b18a9814aaa20bf74e3b26,0,0,1,1,BFC
4296f23ed49a15d36949458adcc66ff993dee2a8,1,7,6,1,BFC
21ca6d2c52f8ca8638129c1dfc489d0b0ae68532,47,2,2,1,BIC
fe0b0cd97b4f210ecd1693edba6eec10820e11f2,1,1,9,2,BFC
b3f5c7bc88bab134e9649e42d30be15e3775f00d,0,0,3,1,BIC
c3104aae5d8cc443556f8613466e16737326e215,0,0,0,0,BFC
4b48921a8f74e7dfff5b39ab966c86f99717db3a,12,0,0,2,BIC
7f1b21591a632c6caefd9aa53b630808f4f477e1,20,1,6,1,BIC
f0a30dca5f84fe8048271799b56677ac2279de66,0,0,1,1,BFC
42bba263eb58800b6239a0cb35ac17fd29379277,130,2,8,3,BIC
d2c14c64d678713fced6f2261ce7d398b4351de5,1,0,1,1,BFC
ea9936f32435699907807aaac87f993482208578,40,0,0,2,BIC
6be3b6cce1e225f189b68b4e84fc711d19b4277b,0,0,1,1,BFC
ebee76f7fa46851775942624fe6c7b80559a408a,282,1,0,7,BIC
3a270e4dcc8a0ee808fd1f2af52d45e8bcfeb9a6,2,0,0,1,BFC
85eac4700ede7c583aab29ad6bdfe135f693c29b,3,20,6,7,BIC
720037f939fa50fc3531035ae61b4cf4b0ff35e5,6,0,0,1,BFC
9702c67c6066f583b629cf037d2056245bb7a8e6,0,0,1,1,BFC
ff2aeb1eb64c8a4770a6304f9addbae9f9828646,110,114,83,16,BIC
fdfe4a393e9cd8c92f4489ca207d410f44d05043,2,0,1,1,BFC
c9203e82773a3cc965292bdf13eee422682fc018,1,0,0,1,BFC
4485a841be171dbd8d3f0701b00f59d389e94ce6,0,1,0,1,BFC
6d98ce0be541d4a3cfbb52cd75072c0339ebb500,0,0,0,0,BFC
1706567117ba93cfa27f6fcc0846b1606e039cc5,0,0,0,0,BIC
b467e08a15563dede0d37d3233baa24fb97a7310,0,0,1,1,BFC
e66f81bbd7464621215219b72a0523f1b1078fae,55,5,24,8,BIC
f363a06642f28caaa78cb6446bbad90c73fe183c,0,0,1,1,BFC
0cdefd5b5485ee6eb3512a75739d09a4090176ed,0,0,0,0,BFC
d7b9eaff5f0ca00726336b4c0c3c29decf30412a,0,0,0,0,BIC
45fc8757d1d2128e342b4e7ef39adedf7752faac,95,54,1,5,BIC
6985bd5e21901c2d2bfc924b114887e20c002901,0,0,2,1,BFC
0e34079cd1f674449749aafe4be07336177de90d,0,0,0,0,BFC
d27509f19b5f93ea3425cfef782bb3c6541cd44d,0,0,0,0,BIC
7de32556dfc62b9e1203730cc26b71292da8a244,10,60,36,1,BFC
a240c4aa5d0f9c8bb0db380ab9c1ec1f68b923ad,3,12,1,1,BIC
47e6fb4212d09f325c0847d05985dd3d71553095,0,2,2,1,BFC
4777ac220c430173e297237b896932ed5fd8aaf3,46,1,10,2,BIC
aeaa881f9b17823028b464893b89c42db797b717,7,0,0,1,BIC
63513232f8cd219dcaa5eafae028740ed3067d83,1,2,3,1,BFC
eed50879d64ab1b9f76445dbab822e43a098b309,2,1,0,1,BFC
38a33101dd5fb8f07244e7e6dd04747a6cd2e3fb,2,0,2,1,BFC
67911c8f18b595040f5c2df0550c69a7c9397891,36,0,6,3,BIC
facbecad717155dbe57eced608fba5dcc1c972aa,10,3,3,1,BFC
6b7f6aa75e38ef4e2bfb9e13726f6561e682892f,2,10,2,2,BIC
e7ede72a6d40cb3a30c087142d79381ca8a31dab,0,0,1,1,BFC
2e538c4a1847291cf01218d4fe7bb4dc60fef7cf,159,45,42,1,BIC
b7ede5a1f5905ac394cc8e61712a13e3c5cb7b8f,46,8,21,2,BFC
35fa91eed817d2c65c59ef5a9737011313be6ac0,5,31,19,2,BIC
2958b9013fcbabeeba221161d0712f5259f1e15d,1,1,1,1,BFC
3dce2aca02929f180ab66171b333fa48fe485a03,0,12,1,1,BFC
5dc855d44c2ad960a86f593c60461f1ae1566b6d,0,0,2,1,BFC
7911d3f7af14a614617e38245fedf98a724e46a9,55,16,3,4,BIC
71472fa9c52b1da27663c275d416d8654b905f05,2,1,4,1,BFC
892d1fa7eaaed9d3c04954cb140c34ebc3393932,13,18,12,3,BIC
77dae6134440420bac334581a3ccee94cee1c054,0,5,1,1,BFC
1d1d14da12e79a6c05fbe1a975401f0f56c93316,18,0,1,3,BIC
7b2db29fbb4e766fcd02207eb2e2087170bd6ebc,0,0,1,1,BFC
890dae88672175f1d39f6105444d9bdc71c89258,27,0,0,1,BIC
e14b4db7a567ff507453ecd9c64da51bbc2b6d23,3,0,2,1,BFC
46b4f7f5d1f7410de48128540ef2d1aab913a619,27,25,7,3,BIC
d12c917691b45d9dffcfe7c2362d25caa40905fd,1,10,0,2,BFC
410b3d48f5111a28bb8d4c3d3dc5984c1baf7fc9,13,0,0,2,BIC
a25557f2472c958536ef8b6a5bf340a008a651b3,0,0,1,1,BFC
2e47c53503eb9faff42b3cfa144a833344dd1f89,4,0,2,1,BFC
687e0687f71ec00e0132a21fef802dee88c2f1ad,8,0,1,1,BFC
5b775f672cc993ba9dba5626811ab1f2ac42883b,1130,0,0,2,BIC
4ee39733fbecf04cf9f346de2d64788c35028079,2,0,0,1,BFC
58c4fb86eabcbc385d954843a635b7f4327be6b0,7,1,3,2,BIC
61733c91c454a61be0ffc93fe46a5d5f2f048c1c,10,3,0,1,BFC
c89359a42e2a49656451569c382eed63e781153c,147,16,12,2,BIC
bc9ab9231ec8c08352ea860480523d88a221a68f,1,0,0,1,BFC
4cbe4dac82e423ecc9a0ba46af24a860853259f4,23,0,0,3,BFC
d585df1c5ccf995fcee910705ad7a9cdd11d4152,13,0,1,3,BIC
966fa72a716ceafc69de901a31f7cc1f52b35f81,1,0,1,1,BFC
f83f3c515654474e19c7fc86e3b06564bb5cb4d4,13,4,1,1,BIC
d0f33ac9ae7b2a727fb678235ae37baf1d0608d5,0,3,1,2,BFC
3e761a42e19c63b624ebac94d918d8a15e07e2a7,2,1,0,1,BIC
5be9b730b09c45c358bbfe7f51d254e306cccc07,1,0,0,1,BFC
71af2ed5eeea639339e3a1497a0196bab7de4b57,0,1,0,1,BIC
271df90e4e530c17f237b27034d6341cb2c2f536,1,0,0,1,BFC
5a27aa8220290b64cd5da066a1e29375aa867e69,38,55,31,1,BIC
65e9e65cebbea755db638875a44b227a1027570e,0,2,1,1,BFC
acfa28b3649ec07775efaac0c00de2db39d71634,0,0,0,0,BFC
b1aaf88bb7dc64fef21b853b404c267c7a2bc6c1,0,0,0,0,BIC
10baed1cdfca0bd6357a3a9048e8b72c844d29ec,0,0,0,0,BIC
088e3148cff387af5f56605bd8fa387eace46b06,0,0,0,0,BIC
e3227c128990deb8a9a12236fe4796a5951d0d22,0,0,0,0,BIC
2f8bc002e069a10e777ab92b9ac53d3669b3d8d3,0,0,0,0,BIC
f27eacf247da6a10deee9a9f8a75b749be921471,0,0,0,0,BIC
92461f5d723037530c1f36cce93640770037812c,3,0,0,1,BFC
ba340d7b83703768ce566f53f857543359aa1b98,3,0,0,1,BFC
bba5394ad3bd23fff6987fc8bc3aaf9d12433c63,374,0,0,3,BIC
5cc4a1a9f5c179795c8a1f2b0f4361829d6a070e,4,0,0,1,BFC
aca951a22a1d93ebe31b54052b3eb9a8196df2fc,1419,0,0,3,BIC
1916d319271664241b7aa0cd2b05e32bdb310ce9,4,0,0,1,BFC
628329d52474323938a03826941e166bc7c8eff4,1900,0,0,1,BIC
ac2ee9ba953afe88f7a673e1c0c839227b1d7891,4,0,0,1,BFC
c04148f915e5ba7947752e6348e0da4cdab1329e,884,0,0,1,BIC
8f3dbfd79ed9ef9770305a7cc4e13dfd31ad2cd0,2,0,0,1,BFC
b46f6ded906ef0be52a4881ba50a084aeca64d7e,49,0,38,18,BIC
bdd3c25423cb42171446940bca0946e0443e1a84,0,0,0,0,BFC
4400d9ac05ee5100ecff2ad0ed1f0dea390bc349,0,0,0,0,BIC
b334e19ae9381f12a7521976883022385d2b7eef,0,0,0,0,BFC
a76bcf557ef408b368cf26f52a60865bfc27b632,0,0,0,0,BIC
e72e2dfe7c16ffbfbabf9cb24adc6d9f93a4fe37,0,0,0,0,BIC
2e8f9d322948406fb3aa0b27bda4d40a34e57123,65,2,1,3,BFC
5611ef280d814042825ee17688f5751266fc538b,1,0,0,1,BFC
3fc03069bc6e6c316f19bb526e3c8ce784677477,23,28,4,7,BFC
efd4b81abbe1ac753717f2f10cd3dab8bed6c103,0,0,2,1,BFC
181302dc7239add8ab1449c23ecab193f52ee6ab,3,0,0,1,BFC
53f3a9e26ed5a94bd3caf732e7635692cd3c4402,566,0,0,1,BIC
f1a880a93baaadb14c10a348fd199f1cdb6bcccd,15,1,0,2,BFC
e7cc4865f0f31698ef2f7aac01a50e78968985b7,3,2,0,1,BFC
889ff0150661512d79484219612b7e2e024b6c07,117,41,36,2,BIC
e552a8389aa409e257b7dcba74f67f128f979ccc,11,0,0,1,BFC
c6e5b73242d2d9172ea880483bc4ba7ffca0cfb2,79,88,5,2,BIC
15c344f4d0cbebd6215c94d2011863b4aa302a02,9,37,4,1,BFC
1c8782dd313ed7ca72719ebea1cfce82059e7da2,47,11,15,1,BIC
8c75704ebcac2ffa31ee7bcc359baf701b52bf00,22,2,13,1,BFC
6e9b5e76882cbdd99caaea50ef3917a31edead75,4,24,11,1,BIC
69db7009318758769d625b023402161c750f7876,30,4,4,1,BFC
31b2a73c9c5f1f02c896c4e434957b831dd50a7f,6,32,5,1,BIC
c3423563c68fc454b805b46cb69fd4816db933e2,0,0,2,1,BFC
3bb434cdcc6af3d4e70ba041e6f596e465d11e14,15,57,5,2,BIC
9a69645dde1188723d80745c1bc6ee9af2cbe2a7,7,0,2,1,BFC
8b7d3a9d903ee1d1f5febc8e74223e4e72720e35,17,2,3,1,BIC
03270c6ac6207fc55bbf9d20d195029dca210c79,2,0,2,1,BFC
6fa45a22689722dac9f0e90c0931d4b34b334ede,361,10,18,4,BIC
d47996082f52baa0ca8b48d26b3cbef5ede70a73,57,5,3,5,BIC
ba1c7e45ec224cc8d2df33ecaee1946d48e79231,2,2,2,1,BFC
2e02b5814217b734fed1054aac4d1e256acbe6a9,4,6,5,5,BIC
4e841d3eb9294ce4137fdb5d0a88f1bceab9c212,17,17,2,1,BFC
abda288bb207e5c681306299126af8c022709c18,1,0,0,1,BFC
ed4a6a7ca853253f9b86f3005d76345482a71283,222,36,22,6,BIC
5e030d5ce9d99a899b648413139ff65bab12b038,6,3,2,1,BFC
ccb61f8a99e6c29df4fb96a65dad4fad740d5be9,44,0,0,3,BIC
5a16dfc855127906fcd2935fb039bc8989313915,2,0,0,1,BFC
e9c18ae6eb2b312f16c63e34b43ea23926daa398,6,13,3,5,BFC
5a66fecbf6aa528e375cbebccb1061cc58d80c84,4,0,0,1,BIC
20951c7535b5e6af46bc37b7142105f716df739c,4,0,0,1,BIC
d77044d142e960f7b5f814a91ecb8bcf86aa552c,4,0,0,1,BIC
631e63a9f346cb657761ae22138f294718696501,59,91,5,7,BIC
8200f2085abe7f29a016381f3122000cc7b2a760,12,0,4,3,BFC
11623fce0f9afef30c45e3f2120b063de3809a8f,0,0,2,1,BFC
3bb502f83080ad28abdd7404f29aa2fc743b28b5,39,5,14,4,BIC
7bb6313d011f16405b338a228f540d3ab5aee58a,0,0,1,1,BFC
7676b72428e84f344bd64fecc1d4c840e57a68d8,0,0,1,1,BIC
53044529769b38daf7af3a185f6f13890a6fe738,0,0,1,1,BFC
5629ff0ffe77ce4e5037e45e8d9f2877754d00c7,0,0,4,1,BFC
e31447f934d3f053d21ebc3bfa0780eff9f287de,3,3,12,1,BIC
bc44a73e17374d23b84ad3021bb3ed5f126eac23,0,2,0,2,BFC
f07d4b4270670b099a7034936e519d2efecf81ec,1,3,1,1,BFC
e498520edec6655e93ac5e768b04f4fd2299fe4d,5,7,1,1,BFC
113156bcea9ef1e6b3bafc53e64f7812c356b21b,274,194,0,1,BIC
5f7c2beef819d9ea2d1b814edf6f5981420e9cf8,1,0,1,1,BFC
1535aa75a3d8320374f82d198e3900d5b0969d7e,9,0,0,1,BIC
22a0e18eac7a9e986fec76c60fa4a2926d1291e2,5,5,0,1,BFC
5371bbf4b295eea334ed453efa286afa2c3ccff3,2,0,2,1,BFC
cc013fb4889892cd6058cfb122c43aeea7d930e8,10,1,1,1,BIC
3d20f1f7bd575d147ffa75621fa560eea0aec690,0,0,1,1,BFC
6b26ba3a7d952e611dcde1f3f77ce63bcc70540a,50,1,36,2,BIC
a5cae7b8edefe01a77ad6288367026f65fbfb91d,2,1,6,1,BFC
e1c0c91bdaec0702ebbfdc546926989dd63d19ef,10,2,5,1,BIC
429732e860fda07fc1bb96fe23c43146c27e08e0,17,17,0,1,BFC
56299fb7d9047cc1d25362827073b2ac0984ed21,49,34,5,6,BIC
186ecf14e58befba434f0774eea89e35f64d3c6a,1,0,1,1,BFC
09b871ffd4d8ddc005a9480fb69ff1897caaeb1f,1,5,0,1,BIC
e83bb3e6f3efa21f4a9d883a25d0ecd9dfb431e1,11,0,1,1,BFC
ca9a563805f7ae821e3303b1bdbc65d3a3c783ff,212,0,5,2,BIC
cd9cb405e0b948363811dc74dbb2890f56f2cb87,7,6,5,2,BFC
f0c9fd5458bacf7b12a9a579a727dc740cbe047e,36,67,14,1,BIC
b9cf625d6ecde0d372e23ae022feead72b4228a6,1,2,1,1,BFC
3c47d54170b6a678875566b1b8d6dcf57904e49b,425,5,5,4,BIC
1b53cf9815bb4744958d41f3795d5d5a1d365e2d,4,50,7,4,BFC
b7236e21d55ff9008737621c84dd8ee6c37c7c6d,154,254,92,11,BIC
4494dbc6dec37817f2cc2aa7604039a9e87ada18,1,0,1,1,BFC
edee4f1e92458299505ff007733f676b00c516a1,142,0,1,1,BIC
e67351d56a709853046fbe652b981fb7ca4c3dcc,0,1,0,1,BFC
49ec8f5b6ae3ab60385492cad900ffc8a523c895,0,0,1,1,BFC
87a6b2975f0d340c75b7488d22d61d2f98fb8abf,27,3,3,1,BFC
acb4608ad1865a42af8e0a2db332a7c3a381e1f5,35,0,0,1,BIC
d434936e4cbb10181463622962f30b989d3e9e19,0,3,1,2,BFC
6b116b1d6a521a1907b3c18cb7a8592a655f660c,3,0,0,1,BFC
fc831825f99eb3a2f1bf3fe7307b392513b642a5,1597,1,1,9,BIC
db31d330e8b0ad8926725eb2af6f6422c07ca7ab,2,0,0,1,BFC
1df2adedcce17ad4a39fba74f0e2b611f797fe10,1,0,4,1,BFC
4621ceb279d065151eb940ce8a4728b10c0646c7,28,0,0,1,BFC
752ecb2da11124a948567076b60767dc8034cfa5,2,0,0,1,BFC
3ef310a7d99216e0fbdff29f0cb13bc54180373a,1,2,1,1,BFC
f3e48119b97f56fb09310c95d49da122a27003d7,1,0,1,1,BFC
e9093b1183bbac462d2caef3eac165778c0b1bf1,0,0,1,1,BFC
a4feea74cd7a8f12d9fae67014533a4220135760,67,0,0,1,BIC
f004ec065b4879d6bc9ba0211af2169b3ce3097f,0,0,1,1,BFC
b2e345f9a454f6e435f1a61b02f0e4f0125b94e3,146,0,0,1,BIC
dc434e056fe1dada20df7ba07f32739d3a701adf,11,11,3,1,BFC
8ecc34448e24e9e8a8f3a9b37be70b43c6af5288,1,0,1,1,BFC
4e1f780032c56894e8d7b6685b029b718588f483,12,5,0,1,BIC
2602b740e45cc64feb55d5a9ee8db744ab3becbb,1,0,0,1,BFC
15520111500c33a012aeec28ece8c5f2dcbf6b5e,2,4,3,1,BIC
773dc118756b1f38766063e90e582016be868f09,1,1,0,1,BFC
3d4ef329757cfd5e0b23cce97cdeca7e2df89c99,1,1,1,1,BIC
16681037e75ce08f2980ac5dbb03414429c7a55d,4,8,1,1,BFC
e3ec3a3d11adf33c2e6ead1642b7e601b7a1b2df,224,0,0,1,BIC
bd784b7cc41af7a19cfb705fa6d800e511c4ab02,1,1,0,1,BFC
1b2e5ea0b7061be3ffdcd85918c2f428edace4ba,0,0,1,1,BFC
da9a796f5475b4d3a339083af719982b7ab4a12b,7,0,2,3,BIC
43c27940227039223abbb5107a2eb3d799c8a2ec,2,2,0,1,BFC
f5985bf9cadd4e3ed8d5d9a9cbbb2e39cdb81cd9,10,49,1,2,BIC
8f68d591d4765b2e1ce9d916ac7bc5583285c4ad,7,23,25,3,BFC
43cf3bf084ba097463d67e756ff821505bdaa69d,61,84,20,5,BIC
35a3abfd198e6c69a6644784bb09a2d951fc6b21,15,3,3,2,BFC
19625e85c6ec56038368aa72c44f5f55b221f0fc,82,6,6,5,BIC
4565bf58d45b8aded94e446666839955cdb5030c,15,0,0,1,BFC
60b89f1928af80b546b5c3fd8714a62f6f4b8844,16,0,1,1,BFC
017b5522d5e31a0b2c2f54f566aa8887838bccc7,1,0,0,1,BIC
bc1e2154542071e3cfe1734b143af9b8bdacf8bd,0,0,1,1,BFC
0090114d336a9604aa2d90bc83f20f7cd121b76c,19,0,2,1,BFC
a655f481d83d6d37bec0a2ddfdd24c30ff8f541f,104,1,4,1,BIC
4ce362711d78a4999011add3115b8f4b0bc25e8c,3,0,0,1,BFC
daf229b15907fbfdb6ee183aac8ca428cb57e361,3,0,0,1,BFC
de520b8bd5525d33e6a6f36b297836125736bd2a,911,0,0,1,BIC
03ace948a4eb89d1cf51c06afdfc41ebca5fdb27,3,0,0,1,BFC
df3654236e31f6cf425ed2ee5a74ceac366a7a9e,3093,0,0,5,BIC
f259ca3eed6e4b79ac3d5c5c9fb259fb46e86217,5,0,0,1,BFC
1dc56c52d2484be09c7398a5207d6b11a4256be9,4,0,0,1,BFC
ce21bfe603b3401c258c415456c915634998e133,460,0,0,1,BIC
b0addd3fa6bcd119be9428996d5d4522479ab240,3,0,0,1,BFC
942c56ad07d111714899ec4bfb32212a65f40ac5,0,2,0,1,BFC
b20e2d54789c6acbf6bd0efdbec2cf5fa4d90ef1,12,0,3,1,BFC
cc9da6cc4f56e05cc9e591459fe0192727ff58b3,37,3,3,2,BIC
45caeaa5ac0b4b11784ac6f932c0ad4c6b67cda0,6,0,8,4,BFC
ceb3320610d6f15ff20dd4c042b36473d77de76f,23,5,7,2,BIC
3c9101766b502a0163d1d437fada5801cf616be2,2,0,4,1,BFC
542ed784671d4678406c77ed6dd01593a0cdbea1,0,0,1,1,BFC
b15bfbe6427712d1b992bf806a6df9c05002a0a4,2,0,0,1,BFC
6a171b29937984a5e0bf29d6577b055998f03edb,1,2,1,1,BIC
09498087f922bb623b66db9e89c6fd11a3799867,4,1,1,1,BFC
39c116dcfd5f4df42167f06414dd81fba0ffe74c,0,0,1,1,BFC
c80498e36d4ef3e24599d363c622fbf22a1293cc,38,31,2,1,BFC
8bcdc4f3a20be949df54b67e5ae2734daabb5792,162,5,108,1,BIC
91864f5852f9996210fad400cf70fb85af091243,3,3,0,1,BFC
002d8a1a6c11b9b2a8ac615095589111dd52749b,10,2,1,1,BIC
be3606ff739d1c1be36389f8737c577ad87e1f57,2,0,0,2,BFC
ef7f0d6a6ca8c9e4b27d78895af86c2fbfaeedb2,241,0,3,5,BIC
6e7408acd04d06c04981c0c0fb5a2462b16fae4f,1,0,0,1,BFC
a4675fbc4a7abe072ac6ba38c252f22a91ebcd94,25,50,14,1,BIC
c42f8218610aa09d7d3795e5810387673c1f84b6,0,0,1,1,BFC
0f3a8c3f34f728e7c96651bb7271e1c388c9aac2,252,0,0,2,BIC
a13b2082ece95247779b9995c4e91b4246bed023,1,21,0,2,BFC
34666d467cbf1e2e3c7bb15a63eccfb582cdd71f,116,71,28,14,BIC
6e526fdff7be4f13b24f929a04c0e9ae6761291e,3,0,0,1,BFC
f398e4240fce962d0dd74dc11c59fe20860e7a71,591,0,0,1,BIC
68c32f9c2a36d410aa242e661506e5b2c2764179,3,0,0,1,BFC
cf7776dc05b89885a7ec6beff8409d48b077a3ac,2365,0,0,1,BIC
67e194007be08d071294456274dd53e0a04fdf90,2,0,0,1,BFC
44fee88cea43d3c2cac962e0439cb10a3cabff6d,2,0,0,1,BFC
f9677e0f83080bb4186865868c359e72e1fac1ea,62,1,0,3,BIC
bfe41c678d49f440de3ae80b945f7f94d5dbd340,0,0,1,1,BFC
6387f866a2ccbf393ed5ffe7e2754eb5d0781441,1940,0,0,3,BIC
5bd933fe4481688d595ae1dd0440006c8675a1a8,0,0,0,0,BFC
9ddf82521c86ae07af79dbe5a93c52890f2bab23,1,0,0,1,BIC
998d6fb5123d5b27edd3abd85b767c822bf766fc,0,2,3,1,BFC
4cd9899f0d16b475e31b20771de6f580b977daa4,53,15,30,4,BIC
ce70df089143c49385b4f32f39d41fb50fbf6a7c,0,0,1,1,BFC
6aef660370a9c246956ba6d01eebd8063c4214cb,4,5,2,1,BFC
003342a50021132603180d98e49bd17d63e38ccf,14,20,11,2,BIC
3a0d137de035cc8c70194d9988ded61825b5ff8a,0,3,0,1,BFC
c331879ce8ea4508260c5e9da5ea4b1a7d20e381,44,73,4,1,BIC
aac66bf5f916f645bd57029490a72c3f91f2c274,4,4,0,1,BFC
625d988acc28f3fe1d44f3798426561c17387a59,73,28,33,8,BIC
3ef5b4023c64c16c793a066a7a2ed6ea3767e0d7,0,0,1,1,BFC
341487ab561f3937a5283dd77c5660b1ee3b1f9e,111,0,1,2,BIC
366a1569bff3fe14abfdf9285e31e05e091745f5,0,2,0,1,BFC
a974deee477af89411e0f80456bfb344ac433c98,1,1,0,1,BIC
4b0b3aa6a2756e6115fdf275c521e4552a7082f3,5,0,0,1,BFC
0e332f033a8216fa03792fde69882f66500848c7,38,2,4,6,BIC
6f1f622019f95d79d6e2f8bb3781144ad0aff75f,0,0,1,1,BFC
686a816ab6bedb99a892f3171f6c9ccecabff180,35,38,22,1,BIC
ef47a0e0f49d5302819ea7a30920af05399ee4d5,4,0,1,1,BFC
170a1fb9c01bc40b7e8fd57a32ac9a0e131ec5b6,4,0,2,2,BFC
a9e419dc7be6997409dca6d1b9daf3cc7046902f,11,9,17,7,BIC
fd89b23a4632d3cbdee398048497e026edadfb71,10,3,7,1,BFC
1257e0f804b7c2191691c0dbd455775944b9107f,2,1,5,1,BFC
6e32ab3d47776247526ca83e434d6d0a746cfd64,93,0,0,1,BIC
337ba7fbf0fbc12242359c4af114878618b90951,0,0,19,1,BFC
ef6503e8919430bb05bae2155b29fb62bcdf87b3,0,0,0,0,BIC
80354c29025833acd72ddac1ffa21c6cb50128cd,0,0,1,1,BFC
78a3bb9e408be6aadcd4a609d14a05038f2a132a,72,0,0,1,BIC
e33cc31630c3ca1de47c2470ec8d41dee0683b11,0,0,1,1,BFC
79099aab38c8f5c746748b066ae74ba984fe2cc8,1,0,1,1,BFC
e37791ec1ad785b59022ae211f63a16189bacebf,1,0,0,1,BFC
0189197f441602acdca3f97750d392a895b778fd,426,0,0,5,BIC
52491c7607c5527138095edf44c53169dc1ddb82,3,0,0,1,BFC
7ce101246655935b014b11d81f815342921f5654,5,13,2,3,BFC
d8e18ee0fa9679e24aa1dacb1edc7bf934c8ddd4,24,5,3,1,BIC
ecd052250b51c8cee4d9720adea05690dfc77c64,0,0,1,1,BFC
36a4a50f4048f21b7c2694b37804dfc1d9890ab4,17,68,8,1,BIC
088db931e065bd3b159fa2e588eab859ef0d9d23,6,4,5,1,BFC
ae606089621ef0349402cfcbeca33a82abbd0fd0,3,44,8,1,BIC
2c4ea6e28dbf15ab93632c5c189f3948366b8885,0,0,1,1,BFC
f5fe1b51905df7cfe4fdfd85c5fb7bc5b71a094f,18,2,27,4,BFC
79bd99596b7305ab08109a8bf44a6a4511dbf1cd,19,2,2,1,BIC
0acf611997d9d05dbfb559c3c6e379c861eb5957,3,0,0,2,BFC
90858794c96028ec1294fda12488a19f3a2b1d4a,0,1,0,1,BIC
0134ed4fb9e78672ee9f7b18007114404c81e63f,15,0,0,1,BFC
40c50c1fecdf012a3bf055ec813f0ef2eda2749c,57,25,14,8,BFC
72042a8c7b01048a36ece216aaf206b7d60ca661,0,0,5,1,BIC
0e4c0e6ea7d4a988a5ae2791c7cb5769b5256dad,0,0,1,1,BFC
af391b15f7b56ce19f52862d36595637dd42b575,1,5,8,5,BIC
ea29bd304d7b522f6162a36f394e690c579b5a63,0,3,1,1,BFC
65ba8fb7d5c6803ec236bb8d6650465fed7f9769,13,10,5,1,BFC
33e21c59526e9147d7c68913995298f10c35cd6f,3,3,2,1,BFC
5d47f6c89d568ab61712d8c40676fbb020b68752,2,1,1,1,BFC
05ac2c0b7438ea08c5d54b48797acf9b22cb2f6f,35,2,3,3,BIC
af36370569eb37420e1e78a2e60c277b781fcd00,0,0,1,1,BFC
eccec8da3b4e6f403040c7187338a46d2ea27c20,0,0,3,1,BIC
e0e8c7cb6eb68e9256de2d8cbeb481d3701c05ac,7,23,25,3,BFC
bba8376aea1dcbbe22bbda118c52abee317c7609,0,0,1,1,BFC
90b28ded88dda8bea82b4a86923e73ba0746d884,8,0,0,1,BIC
188540137a74980ae2f52092e82c01b35fbc5ed5,0,0,2,1,BFC
953c7f82eb890085c60dbe22578e883d6837c674,499,6,1,6,BIC
296739839fa2851e6badc77dcfc45050094cb102,0,15,0,1,BFC
0b04680fdae464ee51409b8cb36005f6ef8bd689,417,0,3,1,BIC
46f401c4297a2232a037ad8801b6c83c90414cf7,1,0,0,1,BFC
5657933dbb6e25feaf5d8df8c88f96cdade693a3,1,23,47,36,BIC
6d22fe14005ce66d1a120495ac16499b944feb95,9,7,2,1,BFC
89316fa34ab8afac8d693f41a5bc268673f1da15,18,0,0,1,BFC
6be371b053dc86f11465cc1abce2e99bda0a0574,8,0,0,1,BFC
07c52d6a0b955a8a28834f9354793cfc4b81d0e9,22,13,22,2,BFC
7627409cc4970e8c8b9de6945ad86a575290a94e,4,0,0,1,BFC
eca4bad73409aedc6ff22f823c18b67a4f08c851,6,6,0,1,BFC
b04a2f5b9ff5460a0bfbc97c9d6dd0017ad0cbe5,22,0,1,1,BIC
1ad3d225e5a40ca6c586989b4baaca710544c15a,4,1,3,1,BFC
ffff71328a3c321f7c14cc1edd33577717037744,50,0,10,2,BFC
4b3b45edba9222e518a1ec72df841eba3609fe34,0,0,2,2,BFC
c146066ab80267c3305de5dda6a4083f06df9265,0,0,1,1,BIC
f89c56ce710afa65e1b2ead555b52c4807f34ff7,0,0,1,1,BIC
3c2217a675bac22afb149166e0de71809189850d,4,4,0,1,BFC
40e952f9d687928b32db20226f085ae660a7237c,5,0,3,1,BFC
0b8f73e104285a4badf9d768d1c39b06d77d1f97,46,138,38,2,BIC
8346242a7e32c4c93316684ad8f45473932586b9,7,6,0,1,BFC
c9a1b80daeb50e39f21fd7e62f7224f317ac85f0,3,0,1,1,BFC
ef947b2529f918d9606533eb9c32b187ed6a5ede,5,1,1,1,BFC
d19469e8415813cceaa494b6f538e327b9a95f3b,15,1,6,3,BFC
c137a2757b88658ce61c74b25ff650ecda7f09d8,41,3,4,1,BIC
52c50ca75c534c0772b71900a29b3a71439b32ef,36,25,6,1,BFC
4fe8435909fddc97b81472026aa954e06dd192a5,45,0,34,3,BFC
9f691549f76d488a0c74397b3e51e943865ea01f,15,0,5,1,BFC
294acf1c01bace5cea5d30b510504238bf5f7c25,4,0,2,2,BFC
38720352412a4305a108ff37ae6099dab3f44a38,1,3,1,1,BIC
5be083cedc087b2d457ef2e9c2d5698c94d3d5e4,2,1,4,1,BFC
beb1afac518dec5a15dc92ba8f0ca016dcf457b4,99,11,6,2,BIC
5427290d64c752b97d6a2af7506771c7d10eb750,1,0,0,1,BFC
6e347b5e05ea2ac4ac467a5a1cfaebb2c7f06f80,6,4,17,3,BFC
c3245a5664003360bd9deda9777be7cea4fe9982,4,0,0,1,BIC
f95e60a7dbecd2de816bb3ad517b3d4fbc20b507,0,0,1,1,BFC
04abb6de28250d619ec5aa53695f12a1e4265e1a,38,1,3,3,BIC
9ad224744218a352964f31007a1420f2420a08a0,2,1,0,1,BFC
7999eecb7e5675c3c7c2981a3ba9be6fc8e2ee27,26,1,0,1,BIC
d6c098a1db468b7fd4635e831f276851dfd8852c,4,0,2,1,BFC
d38146b9ee16264ff9a88bf3391ab9f2f5af3646,0,3,0,1,BFC
1a09b6a7c10e22c489a8b212dd6862b1fd9674ad,0,0,0,0,BFC
9994a33865f4d55c44c9731c01e1f891543278de,0,0,0,0,BIC
11d94e026b962eee6e1fbc4237f2cbfbec839067,0,0,2,1,BFC
cf0adb8e281b69801fb8faef18c14443d9d41d3c,285,0,0,1,BIC
2f6821462fe3ace62df3f1b5a9463153e8288298,0,0,1,1,BFC
2d380889215fe20b8523345649dee0579821800c,7,3,2,1,BIC
de46e56653de7b3b54baa625bd582635008b8d05,8,0,0,1,BFC
b7321e81fc369abe353cf094d4f0dc2fe11ab95f,7,6,0,1,BFC
4ec0ef3a82125efc36173062a50624550a900ae0,6,0,0,1,BIC
85550f9148a852ed363a386577ad31b97b95dfb8,2,2,0,1,BFC
2e2aa1bc7eff90ecc1dddfc593aef07c57e539d0,81,0,1,2,BIC
5a8cf90d743f2d05433c6109f6c1b9b904b0cdb7,20,12,1,1,BFC
6f0f02dc56f18760b46dc1bf5b3f7386869d4162,32,1,1,3,BIC
edd06b8353772dca7afcd4640dafa83b521edd55,0,10,1,1,BFC
bfd16b2a23dc99f2af3f5c4f54aa153347f2dc3c,55,25,15,3,BIC
4e6fdafa7ac395ad47a80a0e7b4fd1e11550f862,81,0,0,2,BFC
fe115628d567ba83a1498c585604d9035842b57c,49,158,73,1,BIC
0d9dc306e15b59bf50db87ebcb1e2248586d4733,3,0,3,1,BFC
38230243ef316ac696956d75dc78a22e3aa789b9,3,1,4,1,BFC
20a34e78f0d71cab058a943b2e9601b97b761227,5,15,0,1,BIC
8c9923707f30ff56d9fd242053594b18f38d8036,33,16,4,1,BFC
59bfa1248e22d65e6273eec6f8043c8e4450c2ba,102,160,47,5,BIC
b717a0392530ae8da0da041abe5c3a6098b55660,2,4,2,1,BFC
b0ee9e7fa5b461a91f24d1d03b10c6bf162c86f9,107,2,21,3,BIC
1d972d6021a1388021df51a58248e68372ce2b5d,1,0,0,1,BFC
e9c9882556fc92f053f81195f75845ec362a9050,3,0,1,1,BIC
89cf83d4e065ff9fbd2ddc674489c8058eeca758,10,0,0,1,BFC
e95433c73a11759203af1cae5958f998c9673370,245,172,71,9,BIC
fe65cbdbc97929e4a522716ed279a36783656142,4,4,0,1,BFC
a5dd8f5a5041ee98374a897bf32e53d14bd9a7b4,6,1,1,1,BFC
8d28ba4568f4973b7fc5b12100a720979c16b4f0,365,0,0,2,BIC
c73f8c00330f59ce9b1ace9ff698aca83390d358,0,0,1,1,BFC
f7887d40e541f74402df0684a1463c0a0bb68c68,1,0,1,1,BFC
3331aa378e9bcbd0d16de9034b0c20f4050e26b4,1,0,0,1,BFC
b793f081674e363f71699b0b32fc9a1890e52db2,12,3,5,1,BFC
a577ca6badb5261d3fa1bcbb3332ae7874f1a3a2,248,4,3,2,BIC
c7c3f568beff2b72f02a7807ec48b0bc66a7ead6,77,6,2,2,BIC
f04d108029063a8a67528a88449c412aecf4d3d8,2,0,0,1,BFC
27593d72c4ad451ed13af35354b941bcd0abcec6,3,0,1,3,BIC
67b0503db9c29b04eadfeede6bebbfe5ddad94ef,5,3,7,1,BFC
43fab9793c1f44e665b4f98035a14942edf03ddc,7,0,6,1,BIC
5b5554c51d38a227c4c5bee6e57026e4ebb0bde9,3,0,0,1,BFC
754c9fd5764909bc7c3ba9779355d55cb357be8a,125,15,30,7,BIC
03d1cac6eefef523fa6118f156e811252e6276b4,5,0,4,1,BFC
e0033faac39b814d23e11249d32b4e22daeeff33,0,0,0,0,BFC
8c27ceff3604b249a9efafbd1bd8b141b79e619d,0,0,13,9,BIC
b4fb8f66f1ae2e167d06c12d018025a8d4d3ba7e,1,0,1,1,BFC
13ad59df67f19788f6c22985b1a33e466eceb643,3,3,3,2,BIC
df23de55615fa7a190a85f49a950ccecdd9102f3,20,14,1,1,BFC
165a5e22fafb127ecb5914e12e8c32a1f0d3f820,5,1,0,2,BIC
b6f8fec4448aa52a8c36a392aa1ca2ea99acd460,7,0,0,1,BFC
3b0277f198ac928f323c42e180680d2f79aa980d,0,0,1,1,BFC
2de3ec4f1d4ba6ee380478055104eb918bd50cce,16,1,5,1,BFC
2501c1bb054290679baad0ff7f4f07c714251f4c,4,0,1,1,BFC
71ccea095ea1d4efd004dab971be6d599e06fc3f,21,5,2,1,BIC
99c014a87979c9244806685f3c3fc7767f79f645,0,0,0,0,BFC
6e98d1b4415fe681ceb245e1374ed5e1942a332b,0,0,0,0,BIC
8c76d7cd520ebffc1ea9ea0850d87a224a50c7f2,5,0,0,1,BFC
654b404f2a222f918af9b0cd18ad469d0c941a8e,1,1,0,1,BFC
8c209e6782ca0e3046803fc04a5ac01c8c10437a,0,0,2,2,BIC
30572418b445d85fcfe6c8fe84c947d2606767d8,0,6,0,1,BFC
4a90f09b20f4622dcbff1f0e1e6bae1704f8ad8c,239,134,74,37,BIC
0b1d250afb8eb9d65afb568bac9b9f9253a82b49,6,0,0,1,BFC
12aff99723901bcc0e2a6a34343a4f62c371fdd9,0,0,0,0,BFC
76e691fc7653b85d390e58710e5c7db73ca49367,0,0,0,0,BIC
0c7e2bc87ea6c2eb6f369998f74a0278e64863e4,1,0,0,1,BFC
f780d89a0e820a529cf91fb78b52565e1b37b774,4,1,0,3,BIC
c3f8ad57a01a31397e5a0349a226a32f35ddc19c,0,10,1,1,BFC
7c5a3d813050ee235817b0220dd8c42359a9efd8,0,0,2,1,BFC
2e6c7747730296a6d4fd700894286db1132598c4,0,0,0,0,BFC
4e9d324d4288b082497c30bc55b8ad13acc7cf01,0,0,0,0,BIC
fc69910f329d61821897871e0e957eda39beb3d8,20,0,0,14,BFC
1827adb11ad26b2290dc9fe2aaf54976b2439865,0,0,0,0,BIC
69eb1596b4df8ca834ba6f9a3df40f78943f6dca,0,1,0,1,BFC
66812da3a689e3fea8a2e3899dd8b5f53aab2261,0,2,17,4,BIC
b985735be7afea3a5e0570ce2ea0b662c0e12e19,11,0,1,1,BFC
761c2510283066324cab7859930777ee34cbca78,0,0,1,1,BFC
45c2fdde01299b02a6e3225e848598a3c1e55539,2,1,0,1,BFC
aa2be9b3d6d2d699e9ca7cbfc00867c80e5da213,0,0,1,1,BFC
62f8f4d9066c1c6f2474845d1ca7e2891f2ae3fd,15,6,2,2,BFC
62bccb8cdb69051b95a55ab0c489e3cab261c8ef,35,16,5,6,BIC
dd4f10722aeb10f4f582948839f066bebe44e5fb,4,3,4,1,BFC
bf7fa551e0ce507b82935055f4b4aa229be73eeb,5,7,4,2,BIC
4e5462ee843c883790e9609cf560d88960ea4227,3,0,3,1,BFC
f98c7bce570bdbe344b74ff5daa7dfeef3f22929,4,2,0,1,BFC
544714d8e17c33822319d5a1a00e5ddc4db502b6,4,4,0,1,BFC
e7cd7ef58e1fedb09b16720919869a81d7a2b867,46,0,4,1,BIC
e9a330c4289f2ba1ca4bf98c2b430ab165a8931b,1,1,0,1,BFC
109704492ef637956265ec2eb72ae7b3b39eb6f4,2,2,4,2,BIC
76d5692a58031696e282384cbd893832bc92bd76,5,3,2,1,BIC
d1a6fe41d3c4ff0d26f0b186d774493555ca5282,0,0,1,1,BFC
abb740033b56a2f57582e8e26bb9ea3650b6a3cc,94,0,1,2,BIC
ea2a2ad17ca1e9dbb01ac935f1b1b53f99f73b13,0,0,1,1,BFC
85825d5e886912655f6c1896d76035ce1316254b,120,0,0,1,BIC
9b1b23f03abdd25ffde8bbfe5824b89bc0448c28,0,0,1,1,BFC
5190c08b29899131a183ea5802b9397918cca1ae,485,0,1,2,BIC
b581a5854eee4b7851dedb0f8c2ceb54fb902c06,0,1,0,1,BFC
930c532869774ebf8af9efe9484c597f896a7d46,113,43,0,1,BIC
9afd30dbc82a9dbea4101aba57beb2a2a7e1b8d5,0,1,1,1,BFC
66a0e2d579dbec5c676cfe446234ffebb267c564,152,20,66,6,BIC
fa3aa7a54fe6d3abf128f13cd4bbd40eaa48fed2,0,0,1,1,BFC
93825f2ec736f30e034ab7c9d56b42849c5b00da,11,11,5,1,BIC
5c51f4ae84df0f9df33ac08aa5be50061a8b4242,23,1,2,3,BFC
3732710ff6f2ce2b1b7f044937a422b717d4f953,7,0,2,1,BIC
bb35e4515411396219431fa235bf21bf9c2794e9,0,0,1,1,BFC
c3edc4010e9d102eb7b8f17d15c2ebc425fed63c,516,497,4,12,BIC
80aa1a54f054a1c71cc88e0cad6cfa0d20a10f23,0,0,1,1,BFC
1fbdbcea80056acfc8c8506594744f5ec52208c1,0,0,1,1,BFC
57a4fd420c6e8a04b6a87ff24d34250cd7c48f15,0,0,0,0,BFC
1561f20760ec96db4d6808b09f3a691edc22f937,0,0,0,0,BIC
d165856de103a6d317a9c9a5782eacd5dc90a9dc,0,0,0,0,BFC
6f7bf82cc912441f5824f0b1a6497164e5ebe079,0,0,0,0,BIC
65d0b7ed40f8a3a41a0ac5ed5ca4d1874c6aaf2d,0,0,0,0,BFC
34ea4b4a827b4ee76295501b7df61fc904ab8ae3,0,0,0,0,BIC
beffa8872a3680ef804eb0320ec77037170f4686,0,0,0,0,BFC
ad53f5f00b095a0d42b65bf578eb1c1b026c5b99,0,0,0,0,BIC
a0504f0880c11da301dc2b5a5135bd02376e367e,0,0,0,0,BFC
5d6a2165abd4635ecf5ece3d02fe8677f00d32c5,0,0,0,0,BFC
6f9314ce258c8504975d96fa509763245fff287b,0,0,0,0,BIC
d492909c84b895564d7ac413546ae988945c68db,0,0,0,0,BFC
2c3de36700d4f3a5da1eb67e9340bfccfce19fdb,0,0,0,0,BIC
51c00a9f730dd27da23e9dec593c22c0f9f5a1b1,0,0,0,0,BFC
c95360247bdd67d39b55f7e743153efa64e4efe3,0,0,0,0,BIC
37f0c804e57ac93ca37a98aa5a210c6b73e6572a,0,0,0,0,BFC
34e8d993a68ae459ad98c27afc07647e439deacc,0,0,0,0,BIC
cdaf6417b723e380501f46e555abf0c1c3090124,0,0,0,0,BFC
b0da45c60d2f7b08128a6cd1216ac0ac7d8954c7,0,0,0,0,BIC
c527de41aea24c2cdb6638818008d810013b4d39,0,0,1,1,BFC
2e48e3491189c40dc9ea9d4a53412d2b66c87555,23,56,15,2,BIC
934767c56b0d9dbb95a40e9e6e4d9dcdc3a165ad,0,0,1,1,BFC
c421530bf848604e97d0785a03b3fe2c62775083,15,2,2,1,BIC
bd571195c9535c0b074fc7cd1b541b93817ed647,6,0,15,4,BFC
6cca3869c598e87fccbb506a1310aa5bca29ac84,10,0,0,1,BFC
3190e58dafaf10cedab3005f3859ee0c16700c14,41,0,0,1,BIC
47f6cdd2cb0bed3d8337626d45efc9301337bf1d,1,1,0,1,BFC
79c1da7c3bf74be9b1dae9450ef79f32dd22def6,133,0,0,2,BIC
040757f738e13caaa9c5078bca79aa97e11dde88,8,4,4,2,BFC
f6b2db1a3e8d141dd144df58900fb0444d5d7c53,95,8,22,4,BIC
8a1df543de8ad879d3c80bdda4c67ac4f82e7ee0,0,1,3,1,BFC
fbbb7f4e149f6dd19a8dbebc9fa5c5b72173c6de,3,46,22,1,BIC
320661b08dd6f1746d5c7ab4eb435ec64b97cd45,3,0,1,1,BFC
b539b87fed37ffc16c89a6bc3beca2d7aed82e1c,109,5,5,2,BIC
1d18c2747f937f1b5ec65ce6bf4ccb9ca1aea9e8,1,1,0,1,BFC
135b8b37bd91cc82f83e98fca109b80375f5317e,32,0,1,1,BIC
0913750f9fb6f26bcd00c8f9dd9a8d1b8d031246,1,0,0,1,BFC
d2728fb3e01f9265571a5f7a5feeac4493d2a365,2,4,4,1,BIC
4242820277b5378c9e4064e79306f326d731472f,0,0,2,1,BFC
741d2558bf0aa8da9c0834ad43e1b9a1b16aa515,200,20,13,2,BIC
5bbc852676ae08e818241cf66a3ffe4be44225c4,2,0,0,1,BFC
b66255f0f77902ef41b09163a6a092d2d905e151,17,29,1,1,BIC
67b807a892302d184f6987b0c3cc2dc2505e4a2d,106,45,19,4,BIC
a687c5765b5ae19fe559e14615ddc87ebb46d409,2,0,0,1,BFC
ac797b95f53276c132c51d53437e38dd912413d7,69,6,15,1,BIC
fa6256db033067b57318decdc1c583512a1f8f68,0,0,0,0,BFC
567f0792a6ad11c0c2620944b8eeb777359fb85a,3,1,4,1,BFC
d9321a03efcda867b3a8c6327e01808516f0acd7,0,1,0,1,BFC
9c7a00868c3a77c86ab07a2c51f3bb4897bd8550,0,0,2,1,BFC
98a5f361b8625c6f4841d6ba013bbf0e80d08147,57,0,1,4,BIC
6ba422c75facb1b1e0e206c464ee121b8073f7e0,3,0,1,1,BFC
e2827fe5c1566f66a922dd7493cbe4522c50580a,51,54,68,6,BIC
a69e2fb70350a66f91175cd2625f1e8215c5b6e9,24,3,0,2,BFC
d74361881f0dfe5f9dcac37d1b753a15a2345d8c,153,0,1,3,BIC
ad20bb6868f1d29f9c911f14087be4f93c098604,0,0,0,0,BFC
e0d2da54c4d01ba27a4f50c9da94f7a011c6056b,0,0,0,0,BIC
c8290f9f2e1d119512e1821fc13d1d145aa23f77,0,0,0,0,BFC
809c01342691469456489bbe87d2d79ed9638631,0,0,0,0,BIC
2e46565cf622dd0534a9d8bffe152a577b48d7aa,0,0,1,1,BFC
8e17858a8818b40d66e83de2bf3724c64eaad72d,5,1,4,1,BFC
36fc579761b50784b63dafd0f2e796b659e0f5ee,3,0,0,1,BFC
7a0baa6234468aa387f9b8a1a79dc2a4b4821f67,0,1,1,1,BIC
9ad0bb39fce319d7b92c17d306ed0a9f70a02e7d,0,0,1,1,BFC
69c9ae5041309553472ee798d7683be31bcdc434,0,0,0,0,BFC
ac8616e4c81dded650dfade49a7da283565d37ce,8,0,0,1,BFC
2ab836db5097427c3bfa58f9bd7230513c2f3665,235,0,0,2,BIC
f5de310cf4f0eddd7e6c63ddd9f47f244516e27a,0,0,0,0,BFC
162718cb1a76f75d76e4b335034e341e8b656a5c,0,0,0,0,BIC
0878fff1f42c18e448ab5b8b4f6a3eb32365b5b6,4,0,1,2,BFC
f38837b08d23e66de17d46d030e0d9ac5172ad1f,6,0,0,1,BFC
0c2bf9f95983fe30aa2f6463cb761cd42c2d521a,0,0,0,0,BFC
e51b999e11b84a766d78347afe9287e2c5b91c97,0,0,0,0,BFC
cdc36b22f0e4b8badf3db14395f0aa44dcbce4b3,0,0,0,0,BIC
d74b19929130c9b5395a497030dcf161353cd526,0,0,2,1,BFC
1443ebbacfd7f8d84fbbbf629ef66a12dc8a4b4e,12,0,1,1,BIC
cd59b4bed9d11a2aefc4bb44eed9de0e6c1eea06,9,0,6,1,BFC
111b8b3fe4fae35d4a85e9f524b077f5c4951e65,7,9,7,1,BIC
6c4f0fa643cb9e775dcc976e3db00d649468ff1d,2,2,2,1,BFC
5cbea46984d67f614c74c4401b54b9d681861e80,16,1,7,1,BIC
9e10889a3177340dcda7d29c6d8fbd97247b007b,0,0,0,0,BFC
cab43282682e0f46d6a74dd4f54f52595af5eefa,0,0,0,0,BIC
1a9070ec91b37234fe915849b767c61584c64a44,29,4,0,5,BFC
1c2bcc766be44467809f1798cd4ceacafe20a852,6,0,7,1,BFC
2a9c4f40ab2c281f95d41577ff0f7f78668feb73,0,0,0,0,BFC
ab9bad0ead9ab179ace09988a3f1cfca122eb7c2,0,28,14,4,BIC
f78ef7cd9a0686b979679d0de061c6dbfd8d649e,1,0,0,1,BFC
6407829901f074cf6beef566d6af9a0b0e238f0d,5,3,0,1,BFC
7f17326fc0b69afbda7aed6c4ce8e2328b74203b,0,10,0,1,BFC
2bc756e7dde20972300bb8e2e46dd430d6d2d5db,3,0,2,1,BFC
6d43131c158f42e2138d83495d19c70ed5cc0ffe,0,0,1,1,BFC
d58cebb79b62ff84b537a35423b8d6b7f0746985,1,1,1,1,BFC
9383b33771e566fa547daa2d09c6e0f1aaa298c3,1,0,1,1,BFC
c0f031bc88660e8b96060b76aa72fbe8859bdcc8,51,19,31,3,BIC
fa42245dff4a5f2f8f208da542acbd80c22f7c65,4,0,1,1,BFC
4e209001b86c53f51980292f0efd1933c0e55d66,25,8,0,1,BIC
16206524f6ea57d6dcd56fe46f9f4a06d4a1b113,28,3,6,2,BFC
f9fa0f2bebaa629aff839b7b992298b1fce453d2,5,3,7,1,BFC
24754d751cb86f6069315d8d613e23afcab06c91,3,5,1,1,BFC
bf7165cfa23695c51998231c4efa080fe1d3548d,1,0,0,1,BFC
b8007ef7422270864eae523cb38d7522a53a94d3,1,0,1,1,BIC
cd8d860dcce906cd477be7d0648ba6f56a52eaa6,0,0,2,1,BFC
3821fd35b58dba449bd894014fbf4e1c43c9e951,128,20,14,2,BIC
92ad18ec26611e8a47639e600bd9dc42fbe2edcf,8,4,0,1,BFC
da2f27e9e615d1c799c9582b15262458da61fddc,0,2,0,1,BFC
82de0be6862cdca2e6802267bda57cfc8844d3a7,122,138,43,7,BIC
c919a3069c775c1c876bec55e00b2305d5125caa,19,1,10,1,BFC
05ca5270005c18ec46decacef87992ea968f9fce,71,17,14,1,BIC
227dc9b6bfdfe994ea67b26e6c8d72e4c21bd743,0,0,1,1,BFC
6830733d53a4517588e56227b9c8538633f0c496,2,7,2,1,BFC
5df62771c556e4ec9d7ecea1f070ff6da4bce151,7,7,2,1,BFC
7ff2c2bc259e1032dc385a427c58afce4a38956b,71,52,10,1,BIC
413808685dd7c9b54bbc5af79da2eaddd0fc3cb2,4,0,2,1,BFC
acc1c3c688ed8cc862ddc007eab0dcef839f4ec8,0,74,0,2,BIC
c1305a40722f3e02f3d971acc22f5991aff239a6,1,0,2,1,BFC
97c129747af52c23a4dd9c6fc8c73ab8be3b9038,95,23,1,1,BIC
20717e1ff52672e31f9399c45d88936bbbc7e175,27,8,17,8,BIC
424f8acd328a111319ae30bf384e5dfb9bc8f8cb,0,0,2,1,BFC
09206b600c76f20984e80d99f3b5343c79332a97,195,5,27,6,BIC
31c05415f5b471fd333fe42629788364faea8e0d,1,0,0,1,BFC
9d6acb3bc9058d1fd7a5297d71f14213679bb4bd,6,0,0,1,BFC
e3330039ea28dc199e3b2da993895ff742a91adf,6,2,3,1,BFC
0ae8133586ad1c9be894411aaf8b17bb58c8efe5,36,0,3,2,BIC
5be6e33400992d3450e1c8234a5af353e1560580,1,4,2,1,BFC
ca39b449f6d03e8235969f12f5dd25b8eb4304d6,8,0,0,1,BFC
3131d970f0d86bea41811766d55fc638e382daf3,7,57,0,4,BFC
c00def71efd919e8ae835a25f4f4c80a4b2d36d3,22,78,17,3,BIC
2e4d88009f57057df7672fa69a32b5224af54d37,17,0,1,1,BFC
15f36ebd34b5b296c274ef67024f14c2d394a507,49,2,1,2,BIC
a5a79d00017c9eee68a9bcb40d5dfd6f45f17461,3,1,1,1,BFC
b1d2dc5659b41741f5a29b2ade76ffb4e5bb13d8,11,5,0,3,BIC
e02898b423802b1f3a3aaa7f16e896da069ba8f7,8,7,0,1,BFC
6a8a21546507a3ec88e81c2ec927a3fb63efa8ff,2,0,1,1,BFC
9561a7ade0c205bc2ee035a2ac880478dcc1a024,173,78,70,2,BIC
25afdf89ad8c8751be25100b55ee7f09fddaa52e,1,3,2,1,BFC
349ab9192cc32e578ce981936c6ab99ae3a96165,12,0,8,1,BIC
f79f26921ee12c6fc14d0df61b1eb27a5070b959,161,16,2,3,BIC
9ce53745edd515ebfc1d5f9bd3ded77dabce27fd,1,0,0,1,BFC
c998e8a0f43a9e73c65f6f3e969805090cf4ac93,5,3,2,1,BFC
a746095c2db08d765222bf0058e76fb329d69e0e,3,0,0,1,BFC
62b695662a2413286a25df418b0af665bf2899c5,88,0,29,5,BIC
2b232e0c3b3a09f3e33750aa20e314f1b80e5361,2,2,0,1,BFC
f2a5fec17395f259d54daa8833d81b00cceb15c3,140,0,0,1,BIC
acb04058de49458010c44bb35b849d45113fd668,26,22,7,11,BIC
0ba87bb27d66b78e278167ac7e20c66520b8a612,6,1,2,1,BFC
49ee576809d837442624ac18804b07943267cd57,0,1,2,1,BIC
4ec3dd89052a437304e1451733c989b8cec681af,1,0,0,1,BFC
12d14cc43b34706283246917329b2182163ba9aa,376,6,2,4,BIC
13baa00ad01bb3a9f893e3a08cbc2d072fc0c15d,29,2,2,1,BFC
b90e5794c5bdef91d26c623e992257947c506e35,29,1,2,3,BIC
8953de2f02ad7b15e4964c82f9afd60f128e4e98,1,0,1,1,BFC
c46f09175dabd5dd6a1507f36250bfa734a0156e,17,15,0,2,BFC
f2e767bb5d6ee0d988cb7d4e54b0b21175802b6b,15,0,0,1,BIC
449809a66c1d0b1563dee84493e14bf3104d2d7e,13,1,3,2,BFC
df2c43343b47a7138431f431118eb5819e205365,0,0,1,1,BFC
e390f9a9689a42f477a6073e2e7df530a4c1b740,1,0,5,4,BFC
a717e3f740803cc88bd5c9a70c93504f6a368663,2,0,0,1,BFC
fceb9c3e38252992bbf1a3028cc2f7b871211533,27,4,7,1,BIC
56de859e9967c070464a9a9f4f18d73f9447298e,6,2,0,1,BFC
dd689287b977597a46adf8c3de19d40212f0ea9f,35,5,7,4,BFC
24dbf51a5517b79de9585dd216488aed09fd5ee8,26,45,33,3,BIC
9aceb5c15d84d4b960f5f80fba846c753554d092,8,8,0,1,BFC
b2d0fe35471d1a71471f99147ffb5986bd60e744,0,0,1,1,BFC
745d8ae4622c6808b22e33a944c7decb30074be4,29,5,3,4,BIC
f7df4923fa986247e93ec2cdff5ca168fff14dcf,11,1,9,1,BFC
6b75c4807db3047b15c248026f07054951b911ce,242,0,0,2,BIC
5179b26694c92373275e4933f5d0ff32d585c675,3,0,0,1,BFC
0ad3bed6c5ec6dbb093a26802c85088a85fb9757,3,3,0,1,BIC
9ad82f117f057ed04643cc60ce16fbf59e1b167f,0,0,0,0,BFC
9297b652bd0a11e29251ffaac93369b8ad45932d,0,0,0,0,BFC
ed4a9eca66720366d117d9b39f2335ca9b0a7aae,0,0,0,0,BFC
2672b7e01abbe147a0a391216bc0dbd656608e0a,0,0,0,0,BFC
3eafee95643360d22c6725ea2188bd700c09c986,0,0,0,0,BFC
6fb303a81a0b106e7f5522df929bbf4596780c48,0,0,0,0,BFC
0369fdf2e1169896529bd53c3b5fb15511768276,0,0,0,0,BFC
d0e32fba85d5b7902db2715a9d5540fb0efdba83,0,0,0,0,BFC
55149d06534ae2a7ba5f7a078353deb89b3fe891,0,0,1,1,BFC
1c68bb0f62bf8de8bb30123ea840d5168f25abea,0,0,1,1,BFC
0bc5a6c5c79a947e47af9655b0e3cc7e7a2bd0ca,1389,195,78,2,BIC
73667e31a153a66da97feb1584726222504924f8,0,0,1,1,BFC
d9fcf2a1cbd1ff65d0109b1b400938808007fcd5,0,0,0,0,BFC
34525e1f7e8dc47834b52d19b02c94b250df6f1f,0,0,0,0,BIC
75013fb16f8484898eaa8d0b08fed942d790f029,0,0,5,3,BFC
464846888d9aad186cab3acdae6b654f9eb19772,5,8,10,1,BIC
eaf961536e1622ad21247ac8d44acd48ba65566e,267,3,2,8,BIC
6f8830f5bbab16e54f261de187f3df4644a5b977,25,0,1,2,BFC
659743b02c411075b26601725947b21df0bb29c8,50,5,156,9,BIC
70cd4c10b290dd77fff6dc702a9a2c8c679df121,4,2,1,2,BFC
9e04ba69beec372ddf857c700ff922e95f50b0d0,157,1,1,5,BIC
e99833448c5fa198a120db6d7087dd17149dc273,31,2,0,3,BIC
d36a19541fe8f392778ac137d60f9be8dfdd8f9d,10,0,1,1,BFC
9dbd1aa3a81c6166608fec87994b6c464701f73a,420,31,27,1,BIC
ad47047220777460c6d7dc8333808591f29e5c17,2,0,2,1,BFC
105db5991240cb2675f193589130ef0c8a4f70fe,1,0,3,1,BIC
2a7275a3d867b228216886aae35e1f64291180b1,4,0,3,1,BFC
eb5767122feba117bbc4735b63831857e8153d36,6,11,0,1,BIC
6d74b86d3c0f9cfa949566a862aaad840e393249,6,2,1,1,BIC
f5432f01240ef69a391940d623b6a51768aefd65,0,0,0,0,BFC
50e95b6b854cf4c996d3b91ef3f19d779a2a7020,0,0,0,0,BIC
b7a42b9d38063e58cdf201c575da75943f71051e,5,0,2,2,BFC
a7fdb6e648fb10a4174483b5fc4dac9c25bd2093,5,0,6,1,BFC
c3a49c8991212e1ef795c7a46881ac5cc7766993,13,34,9,1,BFC
fb1fe1041c04ee5ba362cf239e83a7c559beb0f3,161,25,19,1,BIC
29e09229d9f26129a39462fae0ddabc4d9533989,1,0,3,1,BFC
3b30460c5b0ed762be75a004e924ec3f8711e032,3,2,0,1,BFC
f15f05b0a5de667c821a9727c33bce9d1d9b26dd,200,93,44,1,BIC
4e4636cf981b5b629fbfb78aa9f232e015f7d521,1,0,1,1,BFC
825c6abbc316f496cd2b66e1fa72892cf4b49a9f,0,0,6,1,BFC
01649561a8b4b77247bd234f240d737367bb8a52,2405,33,2,12,BIC
90ec7c9dff07d676c0b9b499286b931005c6b051,0,0,32,1,BFC
fd5bb66cd934987e49557455b6497fc006521940,9,3,4,1,BFC
c99b42c3529e5e1bff00f68250dc869f7de3bd5f,18,18,22,1,BIC
01cddfe99008da87dd4f6b8fbfa31e09257b9133,1,0,1,1,BFC
a2d581675d485eb7188f521f36efc114639a3096,54,56,20,9,BIC
dcc235279a52d49023d4f1af7c3ed468a97015ae,0,0,1,1,BFC
5a45a4c5c3f5e36a03770deb102ca6ba256ff3d7,5,17,0,3,BIC
8b107f5b97772c7c0c218302e9a4d15b4edf50b4,2,0,0,1,BFC
36abef4e796d382e81a0c2d21ea5327481dd7154,67,0,4,8,BIC
3c62be17d4f562f43fe1d03b48194399caa35aa5,254,51,23,5,BIC
727ebb091e1778cc3a4842ae04f8f54da111eee0,1,1,1,1,BFC
2c237ebaa440b8c641c61cf66802521a917fc30c,0,0,3,1,BIC
0ec4a5b647fca5a5649573c23d31230b25fdc827,0,3,0,1,BFC
ba38c27eb93e2d36bf940ca65c145f6e2aaa6d5c,115,12,6,2,BIC
6dbf5cea05a7098a69f294c96b6d76f08562cae5,8,2,1,3,BFC
9908859acaa95640d4a07991a93f7cd5bfc18e02,7,0,0,1,BIC
31c7effa39f21f0fea1b3250ae9ff32b9c7e1ae5,33,16,4,1,BFC
2f7399af94a2d6f6459373969d266708e6a7fc38,12,1,0,1,BFC
bf75d59eff679d2e2b7af5c6958a088f8a458f7a,15,0,11,1,BFC
c5d092a4293fa33559d5464c5bd58a2e3a44d6d7,26,84,12,2,BIC
0328edc77d4f35014b35f32b46be0a7e16aae74f,1,0,0,1,BFC
89027579bc6c2febbcc9c2f9d5069adf71539e4b,6,4,2,1,BFC
c884b36816c131906038cdac4773f6c84a5bf3ee,0,0,0,0,BFC
7dee9f618790d0b723b29c46da10bffc7974a772,0,0,0,0,BIC
f7f9482e370981ebeeeac30bbdb9960807e332ee,0,0,0,0,BFC
ceb4afb3086ab08f0d1d9cb3da536a18ea2e5918,0,0,0,0,BIC
1ecc9ad02c3d4cf44bc94bffcb3b12e7861b00a7,19,6,2,1,BFC
f894cbf847c9bea1955095bf37aca6c050553167,28,0,15,7,BIC
c4d2603dac3a555e4bb324daf5cb5cdb5694eedd,1,0,2,1,BFC
37f1c63e3e29181ad412485eec2200cffc1dc70f,1,1,1,1,BFC
edb9d1bff4bbe19b8ae0e71b1f38732591a9eeb2,0,3,1,1,BFC
f97017cdefefdb6a0e19266024b0c6f9fd411eeb,6,1,1,1,BIC
2e3ce5bc2aa938653c3866aa7f4901a1f199b1c8,4,0,1,1,BFC
b8607805dd157d5f93372f338b3f3b9018c507d7,6,0,0,2,BIC
47d3a07528ecbbccf53bc4390d70b4e3d1c04fcf,8,11,0,2,BFC
31c128b66e5b28f468076e4f3ca3025c35342041,19,6,0,1,BIC
13aa5a8f498dacd5f1a8e35be72af47e630fb8c6,0,0,1,1,BFC
f4082c6f28a8e77dcb694c6f23de9e533251051d,3,0,2,1,BFC
dc7ffefdcc28a45214aa707fdc3df6a5e611ba09,0,0,1,1,BFC
9899cb68c6c23d58b27035c237b2d425f4c6133c,1,1,0,1,BIC
6e28099d38c0e50d62c1afc054e37e573adf3d21,1,0,0,1,BFC
89aef8921bfbac22f00e04f8450f6e447db13e42,7,927,6,3,BIC
8bcfd0925ef15f072ba1e7bee2c25e9e1b5fd6ca,3,2,1,2,BFC
8351badf349b22b47c9696f54656db65d7834e42,0,0,2,1,BFC
b391667eb45a5a888bc9372462c5f647418c31af,46,0,1,1,BIC
9e89f9ee3b16cca56bed5fa45e63f422d3ac2c3a,24,5,17,1,BFC
c0464062bfea9cd2ef6643d93429eafe8f6c2a4a,18,0,0,10,BFC
7fb668ac7b498f7e8ba2de373fe8a8648bd39a4c,0,0,1,1,BFC
4dee62b1b9b43c9bbf49c93cd114e1bf1334fb6a,1,3,2,1,BIC
9c57b5808c625f4fc93da330b932647eaff321f7,4,0,0,1,BFC
b1123ea6d3b3da25af5c8a9d843bd07ab63213f4,69,128,17,7,BIC
dd8416c47715cf324c9a16f13273f9fda87acfed,3,0,2,1,BFC
dd6bd0d9c7dbb3951005db4e424abbd37c4ff801,19,0,1,1,BIC
9a8b300f2f7812ebf4630b8b40499da38b38e882,0,0,1,1,BFC
e02dc017c3032dcdce1b993af0db135462e1b4b7,0,0,1,1,BFC
5f7a75acdb24c7b9c436b3a0a66eec12e101d19c,2,16,0,2,BIC
d6d8c8a48291b929b2e039f220f0b62958cccfea,0,0,2,1,BFC
a96dfddbcc04336bbed50dc2b24823e45e09e80c,13,2,10,3,BIC
c2f83143f1c67d186520b72b6cefbf0aa07a34ee,1,0,0,1,BFC
1d82de618ddde0f1164e640f79af152f01994c18,69,159,32,1,BIC
b5d24fda9c3dce51fcb4eee459550a458eaaf1e2,6,0,0,1,BFC
f931ab479dd24cf7a2c6e2df19778406892591fb,4,0,0,1,BIC
027d89d96b6833f37091d858b9dcf92cd9b19aa7,2,0,3,1,BFC
6924089c488e9deab2ecc43a263a09a2d8a3f4cb,22,0,1,1,BIC
61febef40bfe8ab68259d8545257686e8a0d91d1,2,0,2,1,BFC
eb8db831be80692bf4bda3dfc55001daf64ec299,51,310,34,8,BIC
1158632b5a2dcce0786c1b1b99654e81cc867981,0,2,5,1,BFC
272d96a5ab10662691b4ec90c4a66fdbf30ea7ba,11,5,7,1,BIC
65f2767a64ab33847d5f028661b82d8d3a4fda99,0,0,1,1,BFC
25149ef9d25cafc4f4fe9f4461f18f876f397417,21,0,7,3,BIC
4e37d6911f36545b286d15073f6f2222f840e81c,0,0,1,1,BFC
dfcb9f4f99f1e9a49e43398a7bfbf56927544af1,6,2,0,1,BFC
2dcab598484185dea7ec22219c76dcdd59e3cb90,1,0,1,1,BIC
ea6eac904f0a5a0c223bcfb133ec880ba9c70ae3,0,0,0,0,BFC
96b777452d8881480fd5be50112f791c17db4b6b,10,0,2,1,BFC
2f5177f0fd7e531b26d54633be62d1d4cb94621c,4,11,10,1,BIC
8cb68b343a66cf19834472012590490d34d31703,2,8,2,1,BFC
4d25b35ea3729affd37d69c78191ce6f92766e1a,8,0,1,1,BIC
7bbba0eb1af34694868d028b80475981f90e6bee,2,0,0,1,BFC
7fce250915efca0f8f51dddee3ae89bf30d86ca5,1,0,0,1,BIC
76b42abbf7488121c4f9f1ea5941123306e25d99,4,11,2,1,BFC
2559a1ef688f933835912c731bed2254146a9b04,0,0,0,0,BFC
6e9ae6d560e1a60113ef2a4d27eeb4931048b674,18,56,19,1,BIC
6682c14bbe505a8b912c57faf544f866777ee48d,0,0,1,1,BFC
bf118a342f10dafe44b14451a1392c3254629a1f,68,27,21,5,BIC
a56e574067c20d01d8fc74863fa187dd66da7b94,0,3,1,1,BFC
6223a39fe6fbbeef0877a56dc427a6351f22ef6c,153,0,7,3,BIC
1afca6b5f31616d330fb64a0c87060640a75ff6a,0,0,7,2,BFC
427345d61297f5a501114b2c02e6af06a9768788,1,0,0,1,BFC
9c4713701c01e4cef6e2315c2818abc919ffb0de,0,0,2,1,BFC
4de16969523c15fb53cf8945dfc6b495d01d1512,40,0,1,1,BIC
9dd46c02532a6bed6240101ecf4bbc407f8c6adf,0,2,0,1,BFC
ea4348c8462a20e8b1b6455a7145d2b86f8a49b6,10,7,2,1,BIC
fc5e8c283999168942baa5ef7f3805444f80be2b,3,1,0,1,BFC
541cc39433a81d581f2738f59f7bd310ff1d512a,1,0,0,1,BIC
efe0220fc2d2cc1cbd6c663dd3d652ac2b9afd1a,3,1,0,1,BFC
00d3c14f14d51babd8aeafd5fa734ccf04f5ca3d,2,0,0,1,BFC
056996b95686324fdc00e72f8cea01be2356ef62,129,0,0,2,BIC
7f0137e2ef9f32143df623001a96f7aab61a9595,4,4,0,1,BFC
dceeab0e5258fccad5dbf95b54821ae4e919e0b6,1,0,1,1,BIC
6ed63d845e7866ff1a0eac9f0fa554fdf2c64e1d,2,2,2,2,BFC
95f1ba9a24af9769f6e20dfe9a77c863f253f311,0,2,0,1,BFC
3c439b5586e9200f7e6287ee77c175c4d5b0eeed,42,8,8,4,BIC
8f7ba3ca12f6f16526fa4a8aaf2cae91563eee69,72,0,1,3,BIC
c12f4d761dd2313ae4f457041df3ec0c603aa76a,0,0,5,1,BFC
ea3ebc73b46fbdb049dafd47543bb22efaa09c8e,3,0,0,2,BFC
a50a05f497a2a6e772900ffe93246fb7243d86d8,7,0,0,3,BIC
50ab3af16c48bc14a6787ab2f506c403d9d1bfad,0,0,0,0,BFC
44091d29f2075972aede47ef17e1e70db3d51190,452,0,0,2,BIC
36154be40a28e4afaa0416da2681d80b7e2ca319,2,3,4,1,BFC
6dc4b54e77282caf17f0ff72aa32dd296037fbc0,3,0,1,4,BFC
b0d4660b4cc52e6477ca3a43435351d565dfcedc,3,1,0,1,BFC
4078e637c12f1e0a74293f1ec9563f42bff14a03,5,6,0,1,BFC
e4b85508072b32682ba84df32cac5cf6a4f6178e,3,0,2,1,BIC
18bcf742fbb0ddaf68d58ebf50b248748c983cea,2,0,0,2,BFC
a5570fe5c2ca012f92666eb790973827554e19df,0,1,1,1,BFC
7ee686034b8b008f19bfd913473acffc1ad51735,1,0,1,1,BIC
19c3164db457e0fc65d4501fd354506228576241,1,0,0,1,BFC
d8e9b2b9097c117880dc22933239d05199c60b96,0,0,1,1,BFC
77759137248f34864a8f7a58bbcebfcf1047504a,3,1,2,1,BFC
64150adf89df2ed165d6760f414fa6df07d22628,44,5,2,3,BIC
dc5e1d628a7bb631450ea661553a8bb496891f47,2,2,0,1,BFC
4e986d3705dfb3fd16b54b795b2427a48af22674,409,25,4,4,BIC
083fb8edda0487d192e8c117f625563b920cf7a4,0,1,0,1,BFC
2457aec63745e235bcafb7ef312b182d8682f0fc,185,130,32,17,BIC
71ab6cfe88dcf9f6e6a65eb85cf2bda20a257682,0,0,2,1,BFC
b2e18757f2c9d1cdd746a882e9878852fdec9501,43,12,12,1,BIC
4d7d39a18b8b81511f0b893b7d2203790bf8a58b,1,1,0,1,BFC
b6ff1b14cdf4b4cb5403f3af2c3272f7e609a241,307,109,66,2,BIC
f170396c14243d307e2f479af142fd7356b3bd2a,0,0,2,1,BFC
0dba1314d4f81115dce711292ec7981d17231064,63,7,1,5,BIC
67f2db8792f96d8f7521461635d25f9c80245d80,3,0,2,1,BFC
17e5fc58588b5e3df8220c90a9d8af55201d6b45,10,3,2,2,BIC
d0d2c68b759bbf678e078fd0c71b5fde65a9392c,1,0,1,1,BFC
093df73771bac8a37d607c0e705d157a8cef4c5c,41,19,9,4,BIC
f54f2cb540b53d55a81d620e816810d59be5cb1b,2,7,2,1,BFC
ed10858eadd4988260c6bc7d75fc25176342b5a7,1,3,2,1,BFC
d844752e1801099f92c178845f56412861a2b4af,1,1,0,1,BFC
e8b12f0fb8352237525961f14ec933e915848840,851,12,46,12,BIC
849ac6a591bf7b5777fdb6ce65030f32a7c73e1a,0,0,1,1,BFC
3d77d84044783533581eec7b6229df1154c0b55f,145,25,6,2,BIC
a7e2c642844cfefd570cb54a8d9fe7b85605311b,2,1,1,3,BFC
495c021767bd78c998a46cf8cdd7a4ebf3a9cfd1,420,22,85,6,BIC
1bff5abca65d4b9761fcc992ab6288243220003d,13,7,8,1,BFC
f3ef4a74dc3712ef0ce60d652aa87b1ba70cb2a4,0,0,1,1,BFC
d7276e321ff8a53106a59c85ca46d03e34288893,3,0,5,1,BFC
b25e67161c295c98acda92123b2dd1e7d8642901,20,7,1,1,BIC
eee2faabc63d863a129000b698a2bca54dff643d,1,0,1,1,BFC
ee684b6f2830047d19877e5547989740f18b1a5d,13,0,17,5,BIC
00355fa5bb89840c48eb11eb6d84c6c3b128a839,8,0,12,2,BFC
9f3768e02335ddd6ebe1d85d5cb3a68ee6264004,0,0,1,1,BFC
e7f340ca9c0709508e6f590ac64f341058df241d,0,189,2,2,BIC
fda2d27db6eae5c2468f9e4657539b72bbc238bb,0,0,0,0,BFC
fe036a0605d60d6c81ffdcd6241e9ae0013fe235,29,9,1,5,BIC
f558b37bf4c35a54e1949f6533f39c64091bf60d,0,0,0,0,BFC
762df10bad6954b353ee649c387a8ffacf6dc347,11,4,0,2,BIC
ec7cb62d18d854ea09df8b7194e7e710985f8b9a,12,0,0,2,BFC
f2bf415cfed703de5ba94d25cdb160920c01fb00,10,1,3,2,BIC
12d656af4e3d2781b9b9f52538593e1717e7c979,3,1,0,1,BFC
2b551c6e7d5bca2c78c216b15ef675653d4f459a,1,0,0,1,BIC
4deaa6fd00be2bf408dd06cdf0c40a1b59237879,0,0,0,0,BFC
4c5d7bc63775b40631b75f6c59a3a3005455262d,0,0,0,0,BIC
2e38bea99a80eab408adee27f873a188d57b76cb,1,0,0,1,BFC
5a18ec176c934ca1bc9dc61580a5e0e90a9b5733,43,1,7,2,BIC
9d8cacbf5636657d2cd0dda17438a56d806d3224,21,10,16,1,BFC
df3ab232e462bce20710596d697ade6b72497694,7,6,0,1,BFC
90816d1ddacfb5a8b783f67e2c1a1bc77dc50ff4,14,6,2,1,BIC
c74fd80f2f41d05f350bb478151021f88551afe8,0,9,7,1,BFC
af42b8d12f8adec6711cb824549a0edac6a4ae8f,34,6,9,3,BIC
e2810d76c5f3b0152fa0f7c40170e123b33e058c,36,51,3,2,BFC
c37a01779b3954d9c8f9ac4f663a03c11f69fded,2,0,2,1,BFC
b0119e870837dcd15a207b4701542ebac5d19b45,73,0,4,8,BIC
01625cc5e65f420dbea57f7de6b9552a0f807a84,0,0,2,2,BFC
7f0dd07a9b29cfadffcd2fa08902a844f5c94e86,85,92,13,4,BIC
e7fd25226295270cc248254e7406d1e19181aea9,78,44,12,1,BIC
ccd0657c33b2c3701c5b14725284b7e671d3fb93,0,0,1,1,BFC
0135c03df914f0481c61f097c78d37cece84f330,9,0,0,1,BIC
2fa299a917adb2db2d486b9e4a3072865ce70a03,1,0,1,1,BFC
279967a65b320d174a507498aea7d44db3fee7f4,1,0,1,1,BIC
72cedf599fcebfd6cd2550274d7855838068d28c,0,0,0,0,BFC
1f458d53f76c25a8240736294453e95bd9a34e18,412,0,0,1,BIC
4b49f0f7ee1f5de8ea6d1210dfebf2c86f72507f,0,0,0,0,BFC
5dab11d89777230b3ff38f19ee1b6fbba9688b23,2609,3,3,4,BIC
5a1f6d9e9b803003271b40b67786ff46fa4eda01,2,0,0,1,BFC
2cebf82883f49fd26148da5d9a43d1b4363f1d59,38,11,7,1,BIC
3089c1df10e2931b1d72d2ffa7d86431084c86b3,12,0,0,1,BFC
cbe12e74ee4e29b6cb4e63fa284e80b73ad57926,47,9,3,1,BIC
bd1599d931ca735c1081f11aa4d49006350709f1,12,4,4,1,BFC
005c3490e9db23738d91e02788606c0fe4734723,0,97,3,2,BFC
f2593cb1b29185d38db706cbcbe22ed538720ae1,97,0,3,2,BIC
0e67db2f9fe91937e798e3d7d22c50a8438187e1,51,2,6,4,BIC
a5544880aff90baf1bd4443ac7ff65182213ffcd,1,0,0,1,BFC
e180a6b7759a99a28cbcce3547c4c80822cb6c2a,42,2,5,4,BIC
ee5242360424b9b967454e9183767323d10cf985,0,0,1,1,BFC
e623a9e9dec29ae811d11f83d0074ba254aba374,2,0,1,1,BFC
34b88a68f26a75e4fded796f1a49c40f82234b7d,3,3,16,1,BIC
9d876e79df6a2f364b9f2737eacd72ceb27da53a,13,4,1,4,BFC
51c6b429c0c95e67edd1cb0b548c5cf6a6604763,6,6,0,1,BFC
248e23b50e2da0753f3b5faa068939cbe9f8a75a,2,0,3,1,BFC
ca4ef4574f1ee5252e2cd365f8f5d5bafd048f32,3,3,1,1,BFC
ad6f939ab193750cc94a265f58e007fb598c97b7,42,1,1,4,BIC
171ed0fcd8966d82c45376f1434678e7b9d4d9b1,26,9,1,4,BFC
14a3ae34bfd0bcb1cc12d55b06a8584c11fac6fc,29,17,6,4,BIC
017b29c38c0dc8aece778b44fad32adf8862c188,1,13,7,1,BFC
2de2f7f40ef92313d76c3df7f545be5d0899b1aa,106,10,19,1,BIC
ec999072442ad531cccbecbd6d5a569b0af6c8e3,0,14,0,1,BIC
bd8562626c8e170691d6457fe4e8dfb45607a48d,0,0,0,0,BFC
aad800403a8761073511abb93075738302983956,0,0,0,0,BIC
e3941cd9f59d1d5508c29eb1712a732722885ee7,0,0,0,0,BFC
730c4c053012b058ccb5393bbc1691e4e872e741,0,0,0,0,BIC
34371d236eab28933eefc0d77bd1e3df62fc585b,0,0,1,1,BFC
02ed051fe1fd2fc8dbafec23ddd4814936121650,0,0,1,1,BFC
ababb08938df7ac245d30a58b95b94ecf8dc04fc,2,0,1,1,BFC
3608b13ccc51d06e499dfe12b27f134de1286e28,2,1,0,1,BFC
2317c6b51e4249dbfa093e1b88cab0a9f0564b7f,5,2,1,1,BFC
193e30967897f3a8b6f9f137ac30571d832c2c5c,17,1,5,1,BIC
580203f10e0e060c35a526c3c67d6c1a44109664,1,0,0,1,BFC
72db33355c1431fefcabb06c9c25705e8226eed5,5,14,3,1,BIC
95cb64c1fe61e70685a95f6260c8e9cd219fe08c,0,0,1,1,BFC
5a55b527af43423fea51e9927185a1a6e9c80ee7,1,0,1,1,BFC
9f0c18aec620bc9d82268b3cb937568dd07b43ff,0,0,0,0,BFC
3b27a0c85d7068130ed8e3977a2e977ade986841,0,0,0,0,BIC
e92f0051c0c65d7bee989884a233cfcd80303bdf,0,1,0,1,BFC
c97c4604c008f3d489cc3201de80e313aeb501d6,2,9,1,1,BFC
f8260afa444b670016f22f2ba1440d9d2e74dcb6,550,0,0,1,BIC
3ecc16c82c068885cef5697d2f056a8fc317cf45,1,0,0,1,BFC
64b2ae74e83c0294f66ab8db9c99c274fa1a5f1a,0,0,1,1,BFC
39e2afa8d042a53d855137d4c5a689a6f5492b39,0,0,2,1,BFC
c3f8de0b334c96cdbd7aa6c1c9d5578300ad68b0,60,0,4,1,BIC
3900dea4cda7c28d7921370bc4d22b08463ed94c,1,1,1,1,BFC
00ea1ceebe0d9f2dc1cc2b7bd575a00100c27869,2,0,2,1,BFC
ec5e3b0a1d41fbda0cc33a45bc9e54e91d9d12c7,3,0,0,1,BIC
e84b4a84e52d4cd8770b4242cd09df0133333f63,1,1,0,1,BFC
8cff66791a6bfc8fb98f93e4e7c13fd06afecf7a,0,0,0,0,BFC
22f0708a718daea5e79de2d29b4829de016a4ff4,2,0,2,1,BFC
81efbaddd687f1b478c15665716fd545e2e4401e,0,0,1,1,BFC
aa48b6f708868ab9c22ca737f27a0da832bf7f08,19,12,2,3,BIC
9c568fd8844ec3986eb19b0b5d97536243d10d46,19,11,0,5,BFC
e283546c0465dd3026bc94f7b1a9de7f6b8969ec,120,9,13,10,BIC
afcb50ba7f745eea32f91d7f63d6aa88f929f9c4,2,0,0,1,BFC
98687f426bb3e93b9dbbfb614ba331192beae482,17,11,0,1,BFC
88ffbf3e037e67b52c46d528aca1618489c21f68,79,143,23,2,BIC
785f35775d968e0f45231b754e945fcb3ed6bded,0,0,1,1,BFC
2bd624b4611ffee36422782d16e1c944d1351e98,19,6,3,1,BFC
6664498280cf17a59c3e7cf1a931444c02633ed1,1,0,0,1,BIC
9c72fd0ff092526ea25c5a59d4a6ed94aeb4a66f,0,0,3,2,BFC
c52d9e4e677b0407fe553e9211802e2505a2f244,28,0,2,2,BIC
bdfdaf1a016ef09cb941f2edad485a713510b8d5,6,0,2,1,BFC
3be972556fa14b5bffec0ff076a8f82dbe799f8e,456,0,0,1,BIC
650a2b29cd4aeff6e4d27d823c5f0dcea6566c8b,0,0,0,0,BFC
daa10170da271ed82b34c39a5f10f993569eec79,0,0,0,0,BIC
b617649468390713db1515ea79fc772d2eb897a8,0,0,0,0,BFC
59d302b342e5d451c4448479e82e1105864a3112,0,0,0,0,BIC
a726f1d2dd4fee179aa4513176d688ad309de6cc,0,0,0,0,BFC
6e4ad1b413604b9130bdbe532aafdbd47ff5318e,1,6,3,1,BIC
774f0c6419bb8f9d83901d33582c7fe3ba6a6cb3,0,0,4,1,BFC
95135bfa7ead1becc2879230f72583dde2b71a0c,7,0,21,1,BIC
884b426917e4b3c85f33b382c792a94305dfdd62,0,0,0,0,BFC
49f4b08e61547a5ccd2db551d994c4503efe5666,6,0,8,1,BFC
360aebd85a4c946764f6301d68de2a817fad5159,216,0,0,2,BIC
303529d6ef1293513c2c73c9ab86489eebb37d08,8,0,0,1,BFC
36c7c9da40c408a71e5e6bfe12e57dcf549a296d,0,0,1,1,BFC
e5a1dadec3648019a838b85357b67f241fbb02e8,0,0,1,1,BFC
7da33a37b48f11ffcb4a718f29a3d4552423fea1,33,2,4,1,BIC
5f1eb69446f4ec2401560d252c9a95991e80797d,1,0,0,1,BFC
867341b95891ca176e9cb5fcc3c68b325f0eb306,17,0,0,2,BIC
fc12bccda8b6f5c38139eceec9e369ed78091b2b,4,3,0,1,BFC
deb65870b5d9d939bb319661dd489272a6de665d,2,0,1,1,BIC
939ada5fb587840ae4db47846087be4162477b13,22,0,1,1,BFC
8fcd0950c021d7be8493280541332b924b9de962,0,0,1,1,BFC
9644347c5240d0ee3ba7472ef332aaa4ff4db398,0,0,0,0,BFC
dd62245e73de9138333cb0e7a42c8bc1215c3ce6,0,1,1,1,BFC
353fe445f5efd58dfec6e06bf4747a9c28374adc,0,0,1,1,BFC
ebf55872616c7d4754db5a318591a72a8d5e6896,122,29,44,5,BIC
448c077eeb02240c430db2a2c3bf5285a4c65d66,0,0,0,0,BFC
999f934de195a1506089b52c77429fdba25da688,10,0,2,2,BIC
dfcfac3e4cd94abef779297fab6adfd2dbcf52fa,171,10,12,1,BIC
f59de563358eb9351b7f8f0ba2d3be2ebb70b93d,6,0,0,1,BFC
b6face404f38f783c4428d953efa4eeb68d7cc24,28,0,0,1,BIC
f5e2199ae574245b56b32e047c93625a28fe3b3a,6,3,3,1,BFC
23b028c871e1131c96aa8c2bd8cc7e0d15f5efcd,2618,0,0,6,BIC
021fbaa5fb5b2f0c2d9938ee16c79358ba9bf06b,0,0,1,1,BFC
e8411302b44b844b4f619e8064735c70b7490ee8,0,0,2,1,BFC
acad2b2a7b7040b3e9e3a3239f137b7c67dea37b,61,0,0,1,BIC
d74c67dd7800fc7aae381f272875c337f268806c,0,0,2,1,BFC
6b16cf7785a4200b1bddf4f70c9dda2efc49e278,34,9,9,2,BIC
5d7f5ce15156af205e175e8fa5c669ba40bf0c5e,10,9,3,1,BFC
2f44e29cef006a4b0a4ecf7d4c5aac7d0fbb505c,10,1,0,1,BFC
b8f02af096b1fc9fd46680cbe55214e477eb76d3,15,0,0,1,BIC
84588a93d097bace24b9233930f82511d4f34210,1,0,0,1,BFC
d82718e348fee15dbce8f578ff2588982b7cc7ca,6,34,3,1,BIC
636deb5b2277cf57bb0f5e00fc9687de9a96061e,0,0,2,1,BFC
9f2bdb006a7e432726434aabf67a9cc0b62d266b,91,27,20,2,BIC
44a027058b24541cc7ec499e6fb91db4b130648a,5,0,1,1,BFC
3e52d71ede206df75b56208e7c7a277ef157bb71,2,1,2,1,BFC
2ce5179fe8260f8ad60da4d3f594cfda3f9ad57b,66,1,7,1,BIC
ec62ed3e1d93843b382c222bc0d81546f12c97b8,70,6,11,4,BFC
26d12c619476ccbc6725aa4a17dcb1d41d5774e7,1,0,1,1,BFC
1769ae83c8cb32166d1e208f7cefbf334085bd58,0,0,1,1,BFC
2d2cfc12b1270c8451edc7d2dd5f79097b3a17d8,22,13,1,1,BFC
920cf4194954ec6f971506013c7fe3b7def178b6,183,11,13,6,BIC
5584f1b1d73e9cc95092734c316e467c6c4468f9,9,1,1,1,BIC
262fd485ac6b476479f41f00bb104f6a1766ae66,15,3,3,2,BFC
e3dc847a5f85b43ee2bfc8eae407a7e383483228,4,0,2,1,BFC
3f91a89d424a79f8082525db5a375e438887bb3e,2,1,0,1,BFC
d1da522fb8a70b8c527d4ad15f9e62218cc00f2c,2,2,5,1,BFC
33203bc4d61b33f1f7bb736eac0c6fdd20b92397,332,27,18,4,BIC
40a4c2c392593b57a2e6f6438794492596279838,0,0,1,1,BFC
def0eab3af8651e8951c5cf1b17ece0d26827636,68,0,4,3,BIC
6ff8ec98e12f984b9d62e43f83b0a3c44e2bdc12,0,1,0,1,BFC
f84775c2d5d92581f2df60d53b574b0405c85be3,4,1,0,1,BFC
e70d59700fc32c9249b26acd4120303c497e84f1,42,0,0,2,BIC
a578884fa0d2768f13d37c6591a9e1ed600482d3,0,0,0,0,BFC
5477fb3bd1e8e43299761850318fe0057172a24a,176,0,0,1,BIC
e7480b34ad1ab84a63540b2c884cb92c0764ab74,0,0,2,1,BFC
5cf92c8b3dc5da59e05dc81bdc069cedf6f38313,5,0,0,1,BIC
0c921a894c2f01850f39ad6ecb31dd92a9cc9839,1,3,8,1,BFC
51b0be640cf6e2cb63a7cf4d9c7c4acd3ad5afd0,0,0,1,1,BFC
425df17ce3a26d98f76e2b6b0af2acf4aeb0b026,2,0,0,1,BFC
7627ae6030f56a9a91a5b3867b21f35d79c16e64,1,0,1,1,BFC
2a4501ae18b52fcdf553404286e6cefabd1d17ec,3,0,0,2,BIC
8ae70032552a8082734d0b8550848cf6bf92e1d5,6,0,0,1,BFC
cf1facda2f61bc3e9ffd985b6d624dec6ad3f279,34,26,0,15,BIC
acf138f1b00bdd1b7cd9894562ed0c2a1670888e,8,0,54,1,BFC
123c1407af877b9b036b852b77013a6f9f6049b0,16,16,53,1,BIC
cd224553641848dd17800fe559e4ff5d208553e8,4,0,3,1,BFC
bb81b2ddfa194b6d12761a350b5b5985cecae0a9,1041,0,0,1,BIC
6cf18e6927c0b224f972e3042fb85770d63cb9f8,3,0,5,1,BFC
e809c22b8fb0282048fc008cfcdd017186090dbc,240,0,0,1,BIC
47512cfd0d7a8bd6ab71d01cd89fca19eb2093eb,12,0,1,1,BFC
ddd70cf93d784af3698c86315aa0ded87ca0a0c5,51,0,0,1,BIC
afe3e4d11bdf50a4c3965eb6465ba6bebbcf5dcf,12,0,0,1,BFC
d7def20400773c7c0be8dcee58434ddbb0f6f8d9,0,14,1,1,BIC
04be87a83db6cbb7586db95b591467c58ae09aee,0,0,0,0,BFC
455b82f03f5204d28dc820ee451554da7c9b93e2,0,0,0,0,BIC
6df6b4a9ce43deb57d3e23b0e79a529464b5cf37,4,0,0,1,BFC
2b0841766a898aba84630fb723989a77a9d3b4e6,15,11,2,1,BFC
8f0994bb8cbde5452e58ce0cacdbf6cb58079d01,1,1,1,1,BFC
81dc9f0ef21e40114cc895894c7acf3055f6d1fb,217,0,0,2,BIC
eb583cd484f9a76c3716c0539bd06340943eeff9,0,0,1,1,BFC
4046bf023b0647d09704a32d9fe8aecbcee3e4c3,15,13,1,2,BIC
521c646108ed199d19c5c73978aaca3e18ca8f81,1,1,0,1,BFC
77c97b4ee21290f5f083173d957843b615abbff2,107,0,0,4,BIC
8b6e70fccff27121430114b4507f0adfb790752f,3,1,1,1,BFC
116c81f427ff6c5380850963e3fb8798cc821d2b,70,2,1,7,BIC
f705d954634d161db5923fc86cacf0f9e301f73a,0,0,0,0,BFC
829d2bd1339220b742e5e61a5f1975eb6f74cad3,0,0,0,0,BIC
f222449c9dfad7c9bb8cb53e64c5c407b172ebbc,1,1,1,1,BFC
0bf43f15db857e83daf4134aa062c8b157a80ee0,2,0,0,1,BIC
4e03f628b464e0580abadf5161eaa38c61d20943,0,0,1,1,BFC
ff6af28faff53a7389230026b83e543385f7b21d,283,0,0,1,BIC
9050d50e2244331f3095e86eca899ac624fdb38f,6,0,0,1,BFC
d9ae4f18c0d2a4781c1338e6ca0f21a1e96cdb03,0,0,0,0,BIC
bb08c04dc867b5f392caec635c097d5d5fcd8c9f,0,0,1,1,BFC
dfda0df3426483cf5fc7441f23f318edbabecb03,42,3,17,2,BIC
6ba4d2722d06960102c981322035239cd66f7316,4,0,0,1,BFC
c9f1e32600816d695f817477d56490bfc2ba43c6,0,0,2,1,BFC
add295a4afbdf5852d004c754c552d692b0fcac8,6,3,0,1,BIC
2447e2cad75239ae407c0f98acf12511354208c5,2,2,2,1,BFC
853402a0082315f6c4f38feeba2c6c81a393557c,70,72,3,5,BIC
d0c424971f70501ec0a0364117b9934db039c9cc,12,0,2,1,BFC
d7d55536c6cd1f80295b6d7483ad0587b148bde4,4,0,1,1,BFC
36b390fd624a7f3a64bda5de54fa58ebcf956ffc,6,0,1,1,BFC
438cc81a41e8c2905d0f4f300d4690445b2ab240,34,0,0,3,BIC
2ba3e6e8afc9b6188b471f27cf2b5e3cf34e7af2,0,0,1,1,BFC
3a4b77cd47bb837b8557595ec7425f281f2ca1fe,9,0,0,1,BIC
a9f5a62a112b6cedcb0d13925a3b6e728caac002,0,0,0,0,BFC
87ec02e7409d787348c244039aa3536a812dfa8b,5,0,1,1,BFC
32686d34f8fb6919df491ddb7ad8a0d6a9164624,51,25,28,1,BIC
cfb725f6d3d31355fa4510da7d7bdce807045b42,0,16,1,1,BFC
e70ac171658679ecf6bea4bbd9e9325cd6079d2b,0,0,2,1,BFC
a725eb15db80643a160310ed6bcfd6c5a6c907f2,2,3,1,1,BFC
47c3e7783be4e142b861d34b5c2e223330b05d8a,5,6,1,1,BIC
e225c20eb0fd0b6657e640408f11ee392dc82b5b,21,61,29,3,BFC
12688dc21f71f4dcc9e2b8b5556b0c6cc8df1491,2,26,9,2,BFC
63d0f0a6952a1a02bc4f116b7da7c7887e46efa3,26,2,9,2,BIC
6ac7c5481168324d2d46479476cd781d847cf3a3,3,0,9,2,BFC
4cba68507cf58db99752cf79198beb4a85a9f8ce,26,0,1,3,BIC
8d4d0d700dda04c5095a08e91f59f537995aa024,2,0,0,1,BIC
5481c8fb1da2a573861095fbea078f30c664d0bd,8,0,0,1,BIC
99cf4a29fa24461bbfe22125967188a18383eb5c,40,6,0,3,BIC
cc4ceb484b37b9369e0d4e8682b7ae1849ae4579,700,1,7,3,BIC
d199fab63c11998a602205f7ee7ff7c05c97164b,8,3,22,1,BFC
a60ced990e309666915d21445e95347d12406694,0,0,1,1,BFC
606f39939595a4d4540406bfc11f265b2036af6d,14,5,123,1,BIC
a937eaf8242a44f402f63a8ed135026bdc2ab0e9,0,0,3,1,BFC
73dec95e6ba37d8138bb111be5c9b8a1f3a622ae,344,446,281,12,BIC
179125085bd4ca70e8e028913193a93653bd12f7,20,0,0,1,BFC
d9d9cec02835778e97a4ddc1d601d6b518ddfe89,0,1071,43,6,BIC
1ca6270b8d932475636364b989c6d2c2318fbabe,0,1,0,1,BFC
71c365bdc4396893798c8e1c9247663096ff4829,23,1,12,3,BIC
cd27b96bc13841ee7af25837a6ae86fee87273d6,2,0,2,1,BFC
98e3862ca2b1ae595a13805dcab4c3a6d7718f4d,4,0,18,1,BIC
07460b92db7c2d0808cfaae02b325a52c2f7c7a8,0,0,1,1,BFC
a6e56d749f1b4c89f24d8cb008385d648fa52582,5,25,11,1,BFC
63fefa050477b0974ab34f650e21a7cfc3b02d96,273,26,30,9,BIC
a532293fcba4b6b041c1a91674bc284d51280eb7,0,0,1,1,BFC
7be52c03bbf7c8f53211ed13810d64dcb2bc7168,1,0,1,1,BFC
d2e202c06ca42d353d95df12437740921a6d05b5,3,0,1,1,BIC
1427228d5869f5804b03d47acfa4a88122572a78,2,1,0,1,BFC
3c97f5de1f282492335a6aec1f94b77f7f899b8c,131,68,28,8,BIC
5939eaf4f9d432586dd2cdeea778506471e8088e,0,0,1,1,BFC
fed06ee89b78d3af32e235e0e89ad0d946fcb95d,4,0,0,1,BFC
aad7e08d39bda94aedc594a82576980941306fc9,63,1,6,3,BIC
a748d60df32ec5da31626a140be1795eefa04282,26,18,6,1,BFC
4c3eb3ca13966508bcb64f39dcdef48be22f1731,168,3,25,8,BIC
d8030b0de03ec6bdf3665e1d915fa0f02e5ec89d,3,0,1,1,BFC
5fe9dec0d045437e48f112b8fa705197bd7bc3c0,42,204,17,10,BIC
d7cf52c249d7aa797ea27808e1526604309ec142,1,0,0,1,BFC
40c81b25b16cd871afe70630c131bd2544848d1f,1,5,8,1,BIC
ed88451e1f2d400fd6a743d0a481631cf9f97550,30,0,0,3,BFC
1e0e50b6177bbc83e8cf673a29b2842c769f90f4,6,0,0,1,BFC
c43f1112c068f3b4b20a0a9d461c341d9caeb376,46,0,0,3,BFC
45bded2c216da6010184ac5ebe88c27f73439009,4,0,5,1,BFC
0837e86a7a3422b85aa45c6f4631f6a3f74cbd01,67,0,2,3,BIC
12bbf1ea7e3b35892dbb8636b978160bc9576b61,1,0,2,1,BFC
e6631814fb3ac454fbbf47ea343c2b9508e4e1ba,483,0,0,2,BIC
0fd27a88c2e4f548937fd7d93fc6e65c4ad7c278,1,6,2,1,BFC
68bd42d97c30d51217b8c3b2b22fede577d8371c,0,0,0,0,BFC
2e8ec87dad68059876c6079e27912d819061bb4e,0,0,0,0,BFC
634ce97cdfa94a0c5444489b656a662fcc344536,0,0,0,0,BFC
2047f1d8ba287d208272b6e26360d1a53f7ebf7d,0,0,0,0,BFC
d83c3ba0b9263592d1314df924b6c568f7683d29,0,0,0,0,BFC
d2d1501625e96170958f38646a9fcc9b69bbc2df,2,2,0,1,BFC
d892e9398ecf6defc7972a62227b77dad6be20bd,0,0,2,1,BFC
9606de36b21fe1fafb7b68a8ed5cfaf128871e97,0,1,0,1,BFC
7c0f6ba682b9c7632072ffbedf8d328c8f3c42ba,0,0,1079,1079,BIC
dba9a0babdd938a51d11ae81f9c40d07ca613f43,2,0,0,1,BFC
9e3d6223d2093a8903c8f570a06284453ee59944,36,1,7,3,BIC
577fb13199b11d8cd75609183649be4b5561243f,212,174,26,4,BIC
a05ef161cdd22faccffe06f21fc8f1e249565385,1,1,0,1,BFC
aad71e3928bec48639a70facd21814ea28d27dcb,8,0,0,2,BFC
2194bd1080210c6e85ea262cda9ad0135b3f3c87,0,0,1,1,BFC
c4e7beea21921733026b6a1bca0652c883d84680,119,81,0,3,BIC
9dbbfb0ab6680c6a85609041011484e6658e7d3c,23,11,0,2,BFC
6a25478077d987edc5e2f880590a2bc5fcab4441,17,11,0,1,BFC
4f24ecff0153047a4a8b53c31d8001ee79e1cab7,0,2,2,1,BFC
173943b3dae570d705e3f5237110a64a28c0bf74,174,0,1,2,BIC
251af29c320d86071664f02c76f0d063a19fefdf,1,0,1,1,BFC
0bf0ee8ef9a6c120f7f320b9fb5fe1270965d828,3,0,0,1,BFC
c25f8064c1d5731a2ce5664def890140dcdd3e5c,0,0,0,0,BFC
dda45f701c9d7ad4ac0bb446e3a96f6df9a468d9,0,0,0,0,BIC
6e5b95cdbd0e9a87bc4b6ca173ae7f4f6a0f3e37,0,0,0,0,BFC
4828b5f56f9596f014567ceef0e5c200fb582e13,3,1,0,1,BFC
ef462f3b64e9fb0c8e1cd5d60f5bd7f13ac2156d,85,0,0,1,BIC
f229454d34e000e714280e767811304e29d96bea,2,0,2,1,BFC
7170bdc777556dad87f92e6a73a6cc557bf3290e,17,2,18,1,BIC
379f831a927817c130a62e3ca0082ae685557324,0,0,1,1,BFC
a92e7c3d82a1313ab1954e5cdfd8f04efdb4ca78,8,0,1,2,BIC
663deb47880f2283809669563c5a52ac7c6aef1a,15,0,12,3,BIC
6308f1787fb85bc98b7241a08a9f7f33b47f8b61,0,0,3,1,BFC
1c47f7c316de38c30b481e1886cc6352c9efdcc1,0,0,2,1,BFC
9356863c9409efc79029c01a85d015efae977e69,7,0,0,1,BFC
cbd1998377504df005302ac90d49db72a48552a6,6,0,1,1,BIC
35879ee4769099905fa3bda0b21e73d434e2df6a,1,2,2,1,BFC
7e0739cd9c40752fc9d31cac86e3a31d5537be18,1,0,3,1,BIC
deab2b0524aa1d7d081a1b17d283a76f11c45b1b,1,0,2,1,BFC
02e74fc0401ae3f952423b04bea773195f2372ce,348,0,0,1,BIC
fd254a23cadaa4513f248a5f6b211ea63fdabe91,0,0,1,1,BFC
aa1dd80f80ccf3a47227ab42625e7bbacd5ff272,2,0,2,1,BFC
04cc058f0c5261c5bd6fa5febf79056db4a187a6,17,0,1,2,BIC
a53210f56d7f3f75d1edc1b3a069ddb87b72a919,2,1,3,1,BFC
a45c6cb816474cefe56059fce422a9bdcd77e0dc,1242,0,0,1,BIC
e13934bdf45935f51243515c275629922dc43839,6,9,2,3,BFC
64b12a68a9f74bb32d8efd7af1ad8a2ba02fc884,10,0,1,1,BIC
1d309634bcf4e3ce1c2b112bb04fcdec82ac70e1,0,0,1,1,BFC
1f7b847d72c3583df5048d83bd945d0c2c524c28,15,0,0,1,BIC
fa04b769f2832bf1aeb2e04b8865f6b688a752fd,1,1,0,1,BFC
93e9324431c9628224886f979dcd59d377b0818a,36,1,1,1,BIC
202461e2f3c15dbfb05825d29ace0d20cdf55fa4,6,7,1,1,BFC
29d7bbada98e0969dd2ea159104aa55052a1c439,1,2,0,1,BIC
a79a5276aa2f844bd368c1d3d5a625e1fbefd989,0,0,1,1,BFC
d1e7925e6d80ce5f9ef6deb8f3cec7526f5c443c,40,45,12,3,BIC
8b74d439e1697110c5e5c600643e823eb1dd0762,6,0,0,2,BFC
376c7311bdb6efea3322310333576a04d73fbe4c,2,0,0,1,BIC
7f677633379b4abb3281cdbe7e7006f049305c03,62,9,22,7,BFC
3007098494bec614fb55dee7bc0410bb7db5ad18,268,0,0,4,BIC
f7bf6f58675a76c08e6eee7fa5c264884eb5c599,0,5,7,1,BFC
d257f2980feb431ac7f0ffa1978fb694f56c7782,5,16,13,1,BIC
6d7919a7bacf549259d38d118b0207896dac68b5,0,0,35,2,BFC
98eb253cbde7e860fad83fa759058269ca69916d,0,3,0,1,BFC
90d2ea9f66d3f9f96bc0f41d94b4830c0b2d0a50,1,0,1,1,BFC
a0ee3541483767e82bf26b8269693eec25c01cba,119,7,12,4,BIC
b061f1a57c3d2e6ab0fc3988619eaab77917592b,0,0,0,0,BFC
7527a6ed033dc23048e21e5e8ddee681d204dd1e,0,0,0,0,BFC
1a8f324aa1f2237caef1c6633734785bbdcffeed,4,0,0,2,BIC
ca8d8e03b4c9ad447d1e882cc8014e538f653018,0,0,1,1,BFC
6a6e1d56a0769795a36c0461c64bf5e5b9bbb4c0,1,0,0,1,BFC
3017d90e8931fbd5dbde06b4e793aebb141e4977,211,0,0,1,BIC
51239600074bc9979b0a0e83b72c726d7dcc3132,230,3,30,3,BIC
9cf6cdba586ced75c69b8314b88b2d2f5ce9b3ed,2,2,0,1,BFC
d66777caa57ffade6061782f3a4d4056f0b0c1ac,0,0,1,1,BFC
36c4d98a7883d4c51252d0f4ebf2c667fa7f879f,76,2,18,1,BIC
6e78b3f7a193546b1c00a6d084596e774f147169,10,1,14,1,BFC
974b1adc3b103fae1dbc1fe6a8aceeca2878f20e,9,66,46,4,BIC
72fb96e7bdbbdd4421b0726992496531060f3636,26,0,2,3,BFC
7c13f97ffde63cc792c49ec1513f3974f2f05229,50,20,13,9,BIC
85584672012ee0c3b7b8e033a1ecf7c11878e45f,39,26,4,1,BIC
3adfb572f2978a980b250a9e1a56f84f3a031001,0,0,1,1,BFC
b977b644ccf821ab1269582f7efe1d0d85faa1f6,2,2,0,2,BFC
46c0ee8bc4ad3743de05e8b8b20201df44dcb6d3,24,15,10,3,BIC
655fec6987be05964e70c2e2efcbb253710e282f,187,165,20,5,BIC
c95a3c6b88658bcb8f77f85f31a0b9d9036e8016,1,0,1,2,BFC
677eb17e94edfbbea3b7e628d8aa046930f102c3,42,2,0,1,BIC
b5f0afbea4f2ea52c613ac2b06cb6de2ea18cb6d,10,8,6,3,BFC
24abdf1be15c478e2821d6fc903a4a4440beff02,4,6,0,1,BFC
dc371700d43e45ed9bf380746e293f063113c2b1,8,1,2,1,BFC
7aa0f5aa9030aa97e9d83d834fc977664cf1b066,329,1,0,3,BIC
56ff337ea433731fa5f04cf9901404705bbbb6e0,139,2,1,3,BIC
d158694f452252d0fef335a775aeb3eb74fe7af0,3,3,0,1,BFC
9b06e1018abc65585b07c75c5b3f406dbabe7005,0,0,2,1,BFC
352c9624242d5836ad8a960826183011367871a4,43,43,0,2,BIC
cb97fbbcac15982406e0c74cd5512a8b6fcf10b3,10,6,16,1,BFC
ff1586a7ea57a4758a3f10ad7c9cdb26edcbd7f3,13,11,9,2,BIC
5b5f252d67afd7bd5b923c664206d60800bf5054,2,6,7,1,BFC
14faa8cce88e18ed4daf5c3643f0faa4198863f9,165,0,0,2,BIC
24572af4fb6ce0726dbe12b0286de11d25ff008b,3,0,0,1,BFC
2c9f1af528a4581e8ef8590108daa3c3df08dd5a,3,0,2,1,BFC
5d704992189fe8683a23f583a2f4f137a9b9d28b,30,0,0,1,BIC
370a81fb89cbb1a7f3ef119f84b3bd6d0ffebcf6,3,96,5,4,BFC
f169660ed4e57a03e6f6ed07fe192dbcb7687a0d,81,1,0,4,BIC
451d24d1e5f40bad000fa9abe36ddb16fc9928cb,10,5,5,1,BFC
d6a2f9035bfc27d0e9d78b13635dda9fb017ac01,25,1,1,2,BIC
09aa98ad496d6b11a698b258bc64d7f64c55d682,20,3,11,1,BFC
182e3042e15de759e81618d11fe4f62f5259d982,79,0,4,6,BIC
9ff464db50e437eef131f719cc2e9902eea9c607,20,0,2,1,BFC
496e9cb5b2aa2ba303d2bbd08518f9be2219ab4b,0,0,0,0,BFC
a7e0fb6c2029a780444d09560f739e020d54fe4d,0,0,0,0,BFC
c49f63530bb689744932be88fecb3fd850300876,129,0,0,2,BIC
57cb17e764ba0aaa169d07796acce54ccfbc6cae,0,0,1,1,BFC
2dfa6688aafdc3f74efeb1cf05fb871465d67f79,2,2,2,1,BFC
8af8e1c22f9994bb1849c01d66c24fe23f9bc9a0,4,0,2,1,BFC
78cbccd3bd683c295a44af8050797dc4a41376ff,25,0,0,2,BIC
8b9b22ba75907dcced88c815a5427ec0b4298aec,0,4,0,1,BFC
50f008e583d11b3133f23f29b05a0fcac2af3b40,0,0,0,0,BFC
f515f192ab4f45bb695146b82432d63d98775787,76,0,0,5,BIC
ddc24ae1fd6ae2638365b0b824750b5b2ef13ca5,213,0,0,1,BIC
15c2e102412d95af4fe88e5b28b3eba124545bbf,0,5,0,1,BFC
575e93f7b5e622edfd031ebda660f5f3064f39a3,17,24,12,9,BIC
119aecbae57e6f10b85b7cd5e070eef006dbcd74,16,1,1,1,BFC
538d92912d3190a1dd809233a0d57277459f37b2,9,1,2,1,BFC
90c311b0eeead647b708a723dbdde1eda3dcad05,0,0,1,1,BIC
6d9f66ac7fec2a6ccd649e5909806dfe36f1fc25,18,6,2,1,BFC
8672aed7bd865774257efd40929702759a869329,0,0,1,1,BFC
2e2bbc039fad9eabad6c4c1a473c8b2554cdd2d4,0,0,0,0,BFC
945aea220bb8f4bb37950549cc0b93bbec24c460,0,0,0,0,BIC
bbb27fc33d44e7b8d96369810654df4ee1837566,3,1,4,1,BFC
701dc207bf551d9fe6defa36e84a911e880398c3,22,0,0,1,BIC
f43128c75202f29ee71aa83e6c320a911137c189,0,0,1,1,BFC
6b66a6f27e799d9441ef2c0b1e00913a6a070fa5,0,0,0,0,BFC
e7065e20d9a6a8ee4a8b31ebe71d6c00a0f45354,1,2,27,2,BIC
8ef81a9a453f9048c1683e40b540a4221986a2d1,4,0,0,1,BFC
f181d6a3bcc35633facf5f3925699021c13492c5,1,1,1,1,BFC
ffab9188e444854882dbc291500d576d6bad7b7b,88,1,0,2,BFC
9fa1cebdbfff3db8953cebca8ee327d75edefc40,17,8,0,3,BIC
10d258c51869916347adce4312e6fe41fa5144ad,2,0,0,1,BFC
84472ecd7074576143aaf2772a304138fa4f1a09,0,0,1,1,BFC
5182c2cf2a9bfb7f066ef0bdd2bb6330b94dd74e,2,0,1,1,BFC
969bb72cbfd906d347cf76dc9b8c8dbaf83ba27a,5,0,1,1,BFC
e81ecb5e31db6c2a259d694738cf620d9fa70861,2,1,2,1,BFC
c282222a45cb9503cbfbebfdb60491f06ae84b49,5,5,0,1,BFC
31bb90f1cd084e0ca1359455eaf74bb64b5c5c82,2,0,0,1,BFC
a2e2f29970aa1e53219e3499382c41d61c8959f8,20,0,0,1,BIC
9b256714979fad61ae11d90b53cf67dd5e6484eb,39,0,3,4,BFC
90c1e3c2fafec57fcb55b5d69bcf293b1a5fc8b3,0,4,1,1,BFC
96ed1fe511a8b4948e53f3bad431d8737e8f231f,5,0,0,2,BIC
8434a2ec13d5c8cb25716950bfbf7c9d7b64628a,1,0,0,1,BFC
daeecbc0c431f15f492fb8d704080a02de6e2918,34,0,0,3,BIC
a69261e4470d680185a15f748d9cdafb37c57a33,0,1,0,1,BFC
34ee55075265d68ca858f2426e165733664385b4,542,0,0,1,BIC
a810007afe239d59c1115fcaa06eb5b480f876e9,4,0,0,1,BFC
4d59b6ccf000862beed6fc0765d3209f98a8d8a2,0,0,4,1,BFC
513e3d2d11c9f05db1edc70deb18a82555cf9309,1,1,6,1,BIC
49d29a077af8d2ee3b291ccd8d053541bebe09d7,0,0,1,1,BFC
7abc7d47510c75dd984380ebf819616e574c9604,2,2,0,1,BIC
3efb9722475e56c8878ce09395dd8ccb7a1a3611,4,7,3,1,BIC
5f478e4ea5c5560b4e40eb136991a09f9389f331,5,0,2,1,BFC
a13f35e8714009145e32ebe2bf25b84e1376e314,38,28,16,3,BIC
14816b16fa0adac24f82492f18fa62c55acabbbe,1,0,0,1,BFC
4a510969374ab8853451c337e43d28fb864e43fd,3,4,12,3,BIC
b05d0cfa1932376dc388a0fe67564572a84374a3,5,9,2,1,BFC
382e1eea2d983cd2343482c6a638f497bb44a636,1,0,0,1,BFC
aba7d14ba18c93a2ab37d50b057a885964ef285c,0,2,0,2,BFC
be99bb11400ce02552c35a6d3bf054de393ce30e,86,142,35,5,BIC
c502faf94153bd0fedc5389a936f728a659cc6ab,21,3,6,1,BFC
8ef9594764617e3fd4500205b080b53c45c14c4b,2,4,14,1,BFC
2f7db55579943cb7723e7567bd9b9927d3777d29,0,0,1,1,BFC
fbef103fad5009827965b10aedbecb1786904f4d,3,11,1,2,BIC
73d2c6678e6c3af7e7a42b1e78cd0211782ade32,2,0,0,1,BFC
217e6fa24ce28ec87fca8da93c9016cb78028612,6,0,0,3,BFC
2bd137de531367fb573d90150d1872cb2a2095f7,4,1,0,1,BFC
646ebd4166ca00bdf682a36bd2e1c9a74d848ac6,6,1,2,1,BFC
2a362249187a8d0f6d942d6e1d763d150a296f47,4,2,0,1,BFC
4c63c2454eff996c5e27991221106eb511f7db38,22,0,2,4,BIC
0c8d0a4770cb6863f78a25c8d211f42e9c82251c,2,6,6,1,BFC
19f63c531b85281003d7775490fd16d1579e2519,12,0,7,2,BIC
04fa3e680b4dd2fdd11d0152fb9b6067e7aac140,1,1,0,1,BFC
0cd58eaab1482ab75800f68cd0033286232827f1,48,1,0,4,BIC
0488a6121dfe6cbd44de15ea3627913b7549a1e9,7,4,1,1,BFC
8b4c0009313f3d42e2540e3e1f776097dd0db73d,23,0,2,3,BIC
93c7018ec16bb83399dd4db61c361a6d6aba0d5a,0,4,0,1,BFC
f9ad86e42d0303eeb8e0d41bb208153022ebd9d2,1,1,0,1,BFC
4cd4df8080a3e0d9b5a75dd52fa2133738def213,16,1,6,2,BIC
24f76b2c87ed68f79f9f0705b11ccbefaaa0d390,1,0,0,1,BFC
cfe63423d9be3e7020296c3dfb512768a83cd099,69,0,1,2,BIC
f21b9a92ca7c29382909eaab9facc2cf46f2cc0b,2,0,0,1,BFC
eaa434defaca1781fb2932c685289b610aeb8b4b,116,0,1,2,BIC
fe0a7ef74d1f65b86820a54636323df2b31e0c3f,0,2,0,1,BFC
be8f185d8af4dbd450023a42a48c6faa8cbcdfe6,64,0,0,1,BIC
e875bd66dfb68f4e898e9a43ef42858c504a7f23,38,43,12,1,BIC
0d1270df836fe9f5cc7e8001b7372ca4fa3f00f6,22,0,0,2,BFC
47d65372b3b699e2327230bf7ef8e97b9703d397,606,0,0,2,BIC
992b39872b800babcee278bb2b4b7a2d503ba984,295,0,0,2,BIC
e3c484b183d3bbef0f0df527e10359163f0bb1db,0,1,0,1,BFC
f5c1434c217fd72ac0d24d3142d09e49a3d4e72e,35,5,24,2,BIC
4920e3cf77347d7d7373552d4839e8d832321313,0,0,1,1,BFC
bcfcbb6bae649c870037cc8c4e2685b2a8927c3d,19,0,0,1,BIC
d7df2443cd5f67fc6ee7c05a88e4996e8177f91b,4,15,1,1,BFC
1d18ad026844b60d933c25ae38360f86a8cf41eb,7,0,0,1,BIC
9b200653518ea9ccc331b204c7d555d2440570d1,2,0,2,1,BFC
5baecbcd9c9a2f491afe1369fc22e7363f9c94d5,9,0,0,1,BIC
6e7eb1783be7f19eb071c96ddda0bbf22279ff46,0,0,6,1,BFC
a5f0edf63bdff339fab5bb35729e0a41e7fe31c1,44,0,4,1,BIC
83bf6d55c132d5c4f773e5a04149c05f4aa0c2ad,11,2,0,2,BFC
7c108fd8feac9a4f380c22444ff8527e8d25bc75,25,11,3,4,BIC
789ea12500e5ce3911d0a6a822277c3133451927,1,0,1,1,BFC
a277ca7dc01df9c7b8fe5b1d992d2bcc02e2ec23,62,23,43,2,BIC
853277481178fdf14d1a4e9e6ac7174d6046176f,1,0,1,1,BFC
22dea0be50b2eb0bafd3c82e1fb080113e0c889e,9,1,2,4,BIC
7152187159193056f30ad5726741bb25028672bf,9,1,1,1,BFC
e3818697e1d9140d0b990fecf4429d40c41ca0b5,1,1,0,1,BFC
5351fbb1bf1413f6024892093528280769ca852f,0,0,2,1,BFC
e5510fac98a706c424034950f55bb5e819c46f51,41,0,0,2,BIC
5351f9ab254c30d41659924265f1ecd7b4758d9e,2,1,0,1,BFC
0690405fef290c3ae9bf466d603731b2ba478053,112,0,2,3,BIC
c56108b58ab870892277940a1def0d6b153f3e26,3,4,0,1,BFC
d7270d619aaf4ce0e3d079fbdcae274476883e47,14,3,4,1,BFC
038c95a313e4ca954ee5ab8a0c7559a646b0f462,0,0,6,1,BFC
b2347a322d1f6f93f1a39fe17ed08628fc959351,7,0,2,1,BFC
4a5eccaa93505cd186939a01d7c115568b1881a6,27,0,0,1,BIC
bfeda41d06d85ad9d52f2413cfc2b77be5022f75,1,5,3,1,BFC
413d37326700aaf708730b940b04192c36e13ef4,0,0,0,0,BFC
d7ddad0acc4add42567f7879b116a0b9eea31860,0,0,0,0,BIC
80a94bb357813901e61f2dc80deae2015c50fdcd,3,3,0,1,BFC
d1ef4da8487fa698ab619a14b8ab6394bb5156ca,152,29,109,9,BIC
6bd0dcfacf2875f234483d57acc16b015cd313f3,81,48,5,1,BIC
c0dcb203fb009678e5be9e7782329dcfbbf16439,70,6,11,4,BFC
c6057e101a2d09d24d84a3d2d701fd5e71f5e26a,0,0,0,0,BFC
4b483ed0be8b4aa8006300d502148aa4548fb261,0,195,0,4,BIC
9bcdef3288f2f4d8b05d522128198fdcb3f07885,0,0,1,1,BFC
a8cab863a75f2d353588d4c3c37dc37c77b96c83,0,0,1,1,BFC
6f29a130613191d3c6335169febe002cba00edf5,4,0,1,1,BIC
bb580ad698aeb4e5455d701c228c50355f84c056,0,0,4,1,BFC
ee467fbaaf8eed86efc335753bd95971aa444f7a,0,0,1,1,BFC
930a42ded3fede7ca3acafc9153f4f2d0f56a92c,22,0,0,1,BFC
6f01cc692a16405235d5c34056455b182682123c,40,43,2,1,BIC
51ce8bd4d17a761e1a90a34a1b5c9b762cce7553,2,13,0,2,BFC
5110effee8fde2edfacac9cd12a9960ab2dc39ea,29,23,9,6,BIC
f2bb4bedf35d5167a073dcdddf16543f351ef3ae,62,4,39,3,BIC
c3a2e8370534f810cac6050169db0ed3e0f94f0b,2,9,5,3,BFC
a524c218bc94c705886a0e0fedeee45d1931da32,0,0,1,1,BFC
9aed02feae57bf7a40cb04ea0e3017cb7a998db4,1,0,1,1,BIC
bd4ce941c8d5b862b2f83364be5dbe8fc8ab48f8,3,0,1,1,BFC
07841f9d94c11afe00c0498cf242edf4075729f4,26,2,0,3,BIC
32677207dcc5e594254b7fb4fb2352b1755b1d5b,0,0,0,0,BFC
c5dacb88f0a6410b3270f77e3d1e1b159afc4adc,0,0,0,0,BIC
8d1fb01df8f64af14c833805dcbd05bf4582e028,0,0,0,0,BFC
98d0f7b9acda0cf15259f83ca1758ad6017c0942,122,0,0,3,BIC
2d6a0e9de03ee658a9adc3bfb2f0ca55dff1e478,11,0,7,1,BFC
7926aff5c57b577ab0f43364ff0c59d968f6a414,20,0,7,1,BFC
5593523f968bc86d42a035c6df47d5e0979b5ace,21,0,4,1,BFC
51f8f3c4e22535933ef9aecc00e9a6069e051b57,5,1,1,1,BFC
1175b6b8d96331676f1d436b089b965807f23b4a,47,12,25,2,BIC
e0ec3ec698851a6c97a12d696407b3ff77700c23,11,2,0,2,BFC
1df989242d3d790aec79e72d12874bf763c958e1,0,0,2,1,BFC
182cdf23dbf6672954ac646871bf5902050268c7,48,75,2,1,BIC
03c95dbef64264b6d86d50c0f0d90fdf989e528e,24,0,1,2,BFC
886039036c2004154f03c963c65cb94bdc300a92,71,13,10,5,BIC
f3d83317a69e7d658e7c83e24f8b31ac533c39e3,1,0,1,1,BFC
f6a0dd107ad0c8b59d1c9735eea4b8cb9f460949,0,1,1,1,BIC
a5b60de6972decc6b50a39abb376077c3c3621c8,0,2,0,1,BFC
e57f1734d87aa0e9a00905ed08888f0c62f56227,377,1,11,6,BIC
6232c17438ed01f43665197db5a98a4a4f77ef47,13,15,0,2,BFC
8676caa4fb7fc02b2c76842a0024919d0caa4b8d,0,0,1,1,BFC
8c9105802235c28b03359d779cbd0557b7b66e70,34,8,10,5,BIC
da8fd820f389a0e29080b14c61bf5cf1d8ef5ca1,2,2,1,1,BFC
a5ecdad4847897007399d7a14c9109b65ce4c9b7,1,0,0,1,BFC
984d7a1ec67ce3a46324fa4bcb4c745bbc266cf2,10,0,6,2,BIC
b14c8e6afd873cae97060272efaac376efec77a4,0,0,1,1,BFC
ccf7abb93af09ad0868ae9033d1ca8108bdaec82,6,0,0,1,BFC
9c55e01c0cc835818475a6ce8c4d684df9949ac8,401,0,0,7,BIC
8c87fe722053658467bcc9e5ea82051ce3d3a693,8,7,10,1,BFC
19641f2d7674fbf2891e9579f61c1b23821086e8,118,0,0,1,BIC
09bdcd6e1784da3d14b3b8d4b6760610dffeb269,0,0,1,1,BFC
783ab76ae553abc23f80ef7511052d055697531b,454,0,0,4,BIC
f3f1ea34fe18c781c67c1b2fdba4c622e97bcf55,0,0,0,0,BFC
321fa4ffd94e333657e54037d2511c862ec92f6f,1,1,1,1,BFC
2ffe80aa442461eb2fa3cd4c5dda81832e5dd291,21,2,1,2,BFC
86aa7e760a6709789a21bdf186bd0c3635da6b9a,5,0,0,1,BIC
5e5afa6cbdae5cc2ceda232a68a9ddc943d1d5ce,1,1,0,1,BFC
846f0e9e74a034750123860804e247c13c5ee2ec,151,0,0,1,BIC
030abd8a5d33057524c6c11c28d3191f3b5c63f6,0,0,3,1,BFC
618f535a60623c9e7c596b208a57bf094766b9f6,39,0,0,1,BIC
16620b483eaf7750413bae472f4363b6b959fcaa,1,19,4,1,BFC
4db2299da213d1ba8cf7f4c0a197ae7ba49db5cb,47,2,1,1,BIC
a6bb1e17a39818b01b55d8e6238b4b5f06d55038,14,9,0,1,BFC
166ceb69075066cba196434482370f1e0318bc3e,7,12,9,1,BIC
94c3e614df2117626fccfac8f821c66e30556384,16,4,9,2,BFC
2c6262b754f3c3338cb40b23880a3ac1f4693b25,0,4,2,1,BFC
96a6497bc3ed1c19d877e5f4f95f2cfa27448abe,288,46,34,6,BIC
05e5a7e58d3f8f597ebe6f78aaa13a2656b78239,19,36,3,2,BFC
bd05a5bd6b11d7fd26a668de83c5cb996de05f8f,12,2,3,1,BFC
b3f2d07f4649adcf6905953a10d217b5683e4077,0,4,2,1,BFC
511e6bc071db1484d1a3d1d0bd4c244cf33910ff,9785,0,0,16,BIC
73cfb2a2e49e166c569360ee60fe023b3efe3cf6,0,0,1,1,BFC
1f8176f7352abfe1a424ac7eb845b4c2e7c31e5f,29,14,2,3,BIC
3e8b571a9a0881ba3381ca0915995696da145ab8,1,0,3,1,BFC
eeeefd41843218c55a8782a6920f044d9bf6207a,4,5,0,1,BFC
e73c23ff736e1ea371dfa419d7bf8e77ee53044a,68,18,16,2,BIC
245c5c7b0863eda23e8cb1907e74579a42185888,0,0,0,0,BFC
aa00f2c8aff7b85f882b6fd1706fc4241046aba7,0,0,0,0,BIC
4b0b0d9d05aba12b42b2e5006627fa6821bcec62,0,0,0,0,BFC
609afe6b49ef3b4b58886f7b82013a2f35f59a57,0,0,0,0,BIC
04b709117271d9f2f09cfeca09c34f63863beafe,0,0,0,0,BFC
ec868e4ee2bcebb9e4c03979d90e0ac0b79fe05a,0,0,0,0,BIC
85bd9020d86bf51f9c300225d0c4d7d1b5aa9e48,0,0,0,0,BFC
606b9ac81a63ab3adb7e61206b9ae34ee186a89d,0,0,0,0,BIC
cd21379b169827bb4314b72641511593ed9ba2b6,0,0,0,0,BIC
ebf6c9cb23d7e56eec8575a88071dec97ad5c6e2,12,10,1,1,BFC
04da811b3d821567e7a9a8a0baf48a6c1718b582,1,0,1,1,BFC
e1e8a9624f7ba8ead4f056ff558ed070e86fa747,3,0,0,1,BFC
304c92e8fcf5863a40de60baf0576cab6b046bcf,0,2,2,1,BFC
2b24efa8e5c5042b0f126c09622b3e9e3c86a4fa,9,53,5,1,BIC
ba318c61a9719577b6f451c055f364e4116874b2,20,12,1,1,BFC
eb955eee27d9dc176871540c43c9070ee4701642,32,1,1,3,BIC
7a654172161c8c9c7d59cbd0054d9e63c7411219,33,12,54,3,BIC
fd551bac4795854adaa87bad7e5136083719802b,1,0,0,1,BFC
da7061c82e4a1bc6a5e134ef362c86261906c860,1,1,0,1,BFC
082ebb0c258d28af7452b19df9ef8b7553f37690,183,49,13,4,BIC
01fba20b5976e445676febbdf6dc78d71c6d7b62,0,0,2,1,BFC
39404feee691a2dc524a629ed6eb5cfe5d8898d1,398,0,4,6,BIC
e479ab651f071dbd1518ce8fb121c7f42f2bb97d,0,0,1,1,BFC
7892032cfe67f4bde6fc2ee967e45a8fbaf33756,13,11,8,1,BFC
8ad253fc0a090e9477b8466c0dba90045f4e02a6,1,0,1,1,BFC
6fe5efa1415c841dfd22b29fd31133a28d548b5c,1,15,3,2,BIC
17fa2dcbd6325ab877651bef04fca9dd828a2758,2,0,1,1,BFC
d71b7896886345c53ef1d84bda2bc758554f5d61,8,0,0,2,BFC
20e2a86485967c385d7c7befc1646e4d1d39362e,28,1,0,1,BIC
34b2cef20f19c87999fff3da4071e66937db9644,7,0,1,1,BFC
d826eb14ecef3574b6b3be55e5f4329f4a76fbf3,23,17,5,6,BIC
bfb34527a32a1a576d9bfb7026d3ab0369a6cd60,0,3,2,1,BFC
619e96f4bf9d3d79836c324d59803e3f22606a06,2,3,0,1,BFC
1736f75d35e47409ad776273133d0f558a4c8253,159,13,1,1,BIC
4a04e371228937d104fd03d5219f8c25fda29757,2,4,2,1,BFC
68dee8e2f2cacc54d038394e70d22411dee89da2,1,1,0,1,BFC
8fd524b355daef0945692227e726fb444cebcd4f,20,25,4,5,BIC
6e7bc478c9a006c701c14476ec9d389a484b4864,2,1,2,1,BFC
d1908f52557b3230fbd63c0429f3b4b748bf2b6d,8,0,0,2,BFC
d7b028f56a971a2e4d8d7887540a144eeefcd4ab,29,1,0,1,BFC
90b0fc26d5dbe21c7a21668320b276af9b2281d7,122,6,7,1,BIC
0d5415b489f68b58e1983a53793d25d53098ed4b,0,7,0,1,BFC
c7070619f3408d9a0dffbed9149e6f00479cf43b,7,0,0,1,BIC
5fa8bbda38c668e56b0c6cdecced2eac2fe36dec,7,12,6,1,BFC
a118cf2a5b5a0d4541d04e8e8fcde8564803330c,1,1,0,1,BFC
7d761119a914ec0ac05ec2a5378d1f86e680967d,6,1,0,2,BFC
e471486c13b82b1338d49c798f78bb62b1ed0a9e,4,0,1,1,BFC
7ae0fa439faff000744b234d04cb470bfd83593b,62,0,0,4,BIC
00c87e9a70a17b355b81c36adedf05e84f54e10d,1,0,0,1,BFC
df1daba7d1cb8ed7957f873cde5c9e953cbaa483,83,7,0,1,BIC
0d4b729dac35bb265533c79b554578a5ec6df384,5,0,3,1,BFC
f5b0cba8f23915e92932f11eb063e37d70556a89,4,4,0,1,BFC
d98e0929071e7ef63d35c1838b0ad0805ae366dd,4,10,2,2,BFC
68db9bc814362e7f24371c27d12a4f34477d9356,10,4,2,2,BIC
4b70f07686d75d1eb5d956812cc810944e0b29b2,22,1,2,2,BFC
a6c4fb4441f4641609bbb3e40da438ed57629db0,375,1,3,8,BIC
01796ff2fa6e81b0d806e735308d8171bcbfbec7,67,30,2,1,BFC
9794c64f302d6d544acbb5ab69a327d694a70fcb,388,5,10,5,BIC
6574dc943fc32a2fce69fab14891abca7eecb67c,4,2,2,1,BFC
1059b687d002526452366b2307b2f94e30dd59cf,0,0,3,1,BFC
21c29de1d090488f595c56be77c088c2ceed394b,241,57,142,2,BIC
52da22e7aba155be238faff4f6e97b2eb9de64f3,0,0,1,1,BFC
1e4a382fdc0ba8d1a85b758c0811de3a3631085e,0,0,4,1,BFC
a63f53e34db8b49675448d03ae324f6c5bc04fe6,0,0,1,1,BFC
dd22f551ac0ad366f92f601835f6623b83adc331,56,31,21,6,BIC
0aab2c721d81590012a5021a516f00666646741f,1,0,1,1,BFC
26d2bf1e71525f4c0f644820c30d1344633159e2,0,0,1,1,BFC
70a251f68dea16eab3c502261f3a2e957751e2ab,21,105,69,11,BIC
b90fa9ae8f51f098ee480bbaabd6867992e9fc58,195,13,9,4,BIC
eac6f8b0c7adb003776dbad9d037ee2fc64f9d62,0,0,0,0,BFC
7b4010edff09929c253e6626ab19cade9e250505,0,0,0,0,BFC
e1ef962bf1255cea2f165f3a7374766a7ceb4308,0,0,0,0,BFC
305b37bd01c220a7a6285911d43c9884270257be,0,0,0,1,BIC
bb96dcf5830e5d81a1da2e2a14e6c0f7dfc64348,22,13,1,1,BFC
062c5fff31be2e5324067859ef24a748f59ca029,0,0,1,1,BFC
dc12b124353b2b4d8d46b2d0826f4f7905d44612,81,0,0,2,BIC
30f895a9e1df6a44cef6e4e0fad70762026b8512,0,1,1,1,BFC
3785bc170f79ef04129731582b468c28e1326d6d,0,0,0,14,BIC
aea9a80ba98a0c9b4de88850260e9fbdcc98360b,1,1,0,1,BFC
6689638025a91bd795204c01b25a561fa93f11e8,32,17,1,2,BFC
da8ec560e3b4e25d73c64a9e08f9f90ebfbfbf7c,34,6,37,4,BIC
a994ce2d7e66008381a0b184c73be9ae9b72eb5c,0,4,1,1,BFC
f8e9f34f80a21540ebf8ba26877568124ca096b0,28,6,23,14,BIC
453785c64e090d9b4169636b7276fcd6d7489d33,0,4,0,1,BFC
1865a9c382ede507065cf1575308b53495814c7d,0,0,1,1,BIC
753dfd23612dfb4b585b7814a94237987fdf3359,1,1,1,1,BFC
2fc305be364ed2a4ea4bdf83554a2a76521dc6c4,58,0,2,1,BIC
749860ce242798fb090557a5a7868dee40af9268,29,3,0,2,BFC
ebec18a6d3aa1e7d84aab16225e87fd25170ec2b,53,4,1,5,BIC
fd3984e6e78a569cd72d94687860501f7e73594c,1,1,0,1,BFC
770f82253dbd7e6892a88018f2f6cd395f48d214,20,0,7,3,BFC
47a38e155037f417c5740e24ccae6482aedf4b68,102,4,0,3,BIC
f32b20e89e82c9ff1825fc5c5d69753ff5558ccd,2,6,0,1,BFC
e17354961bb50931ec7b33f59c0713dcf98ac7d2,0,0,1,1,BFC
dc3b17cc8bf21307c7e076e7c778d5db756f7871,6,2,84,33,BIC
1f3d62090d3ba4d0c14e5271be87812fc577b197,48,56,0,3,BFC
43b3cf6634a4ae2eac3b6f08019db8f19a114811,620,0,0,2,BIC
7d0928f18bf890d2853281f59aba0dd5a46b34f9,0,0,3,1,BFC
da8d02d19ffdd201af632c755a473b6df4b3e4cc,53,13,7,2,BIC
1a902f6b70c55171ca2419d946b85274e35c9757,0,0,0,0,BFC
6cfd3cd8d8365cf78db1d25cd276d3d900eb8541,0,0,0,0,BIC
07e4fead45e6e1932f0b960655ab554b6aab6a08,200,0,0,5,BIC
a428d314ebcf65842fd64ad850c02c280586e74d,0,4,3,2,BFC
62c2a7d969f30163f733c81158254b3095b23e72,55,58,0,4,BIC
402723ad5c625ee052432698ae5e56b02d38d4ec,23,3,9,2,BIC
26a346f23c5291d1d9521e72763103daf2c6f0d1,0,0,1,1,BFC
f18f97ac43d72ae84fe012dd4f19fe3f8f901469,12,5,1,1,BIC
aa33b9b9a2ebb00d33c83a5312d4fbf2d5aeba36,20,0,2,3,BFC
84c2cafa288939e11d21c7830e32b2aee21b723e,28,2,10,6,BIC
a1c9f97f0b64e6337d9cfcc08c134450934fdd90,13,0,1,3,BFC
21e6d8428664293f203be3004dcd8d70f68ebdb9,1,1,0,1,BIC
8381cdd0e32dd748bd34ca3ace476949948bd793,4,0,0,1,BFC
3f931f2c4274565fd6c6a642b16387358cbe6266,0,20,8,1,BIC
3aac4acb89710fe782c9e78e7b1febf76e112c6c,1,0,1,1,BFC
156650083f7d6fa04e580bb148dbb6f9a70c7e1a,0,0,1,1,BFC
757b9bd074312090107bc2582b27c04ea0eb2b88,0,0,3,1,BIC
7dd551e20ea2e27fc0579ad0be9e3c660e1147af,0,0,2,1,BFC
0cec463e391e05b807a5114e9f0635e4980b805e,18,40,4,4,BIC
b07525b89f95060dc2d8d954a7a77df4918d8bb8,0,0,3,1,BFC
fe822dc6c12b1e3be3e820d088d431b55d57693b,0,0,0,0,BFC
3ad13763b5f4db9b8310ebd857136479c94413e5,0,0,0,0,BFC
97b35807cc4d3d0cf1d2c61f5ed0727551416ad0,0,0,0,0,BIC
e64d5fbe56259c94df504af8ce804cfc6a022adb,0,0,0,0,BFC
0b1c764339ef35dccaa49d8466ec2bb08362c233,0,0,1,1,BFC
023b13a50183d9cfc4fc5a66cb1f773ace22024c,10,1,5,2,BIC
dd01b690f8f4b1e414f89e5a9a5326bf720d6652,2,0,2,1,BFC
d9cdc903318171571f1cd1e5737fd0cab94186be,23,1,0,1,BIC
c8f325a59cfc718d13a50fbc746ed9b415c25e92,3,11,0,1,BFC
abfb7b686a3e5be27bf81db62f9c5c895b76f5d1,50,33,6,2,BIC
601bbbe0517303c9f8eb3d75e11d64efed1293c9,8,0,6,1,BFC
e9904990e8e70a51574e6ec6b872f3c705ec75f0,0,0,1,1,BFC
1ffb3c40ffb5c51bc39736409b11816c4260218e,67,24,12,1,BIC
7a7b5df84b6b4e5d599c7289526eed96541a0654,10,14,1,1,BFC
18569c1f134e1c5c88228f043c09678ae6052b7c,33,0,0,1,BFC
cf626c3b252b2c9d131be0dd66096ec3bf729e54,1,1,0,1,BFC
07cd12945551b63ecb1a349d50a6d69d1d6feb4a,5,8,0,1,BFC
f09444639099584bc4784dfcd85ada67c6f33e0f,1,0,0,1,BFC
880a38547ff08715ce4f1daf9a4bb30c87676e68,2,0,6,1,BFC
9955ac47f4ba1c95ecb6092aeaefb40a22e99268,8,2,1,1,BIC
8dca4a41f1ad65043a78c2338d9725f859c8d2c3,0,1,0,1,BFC
3bfd44306c65d073008b9ca8f062249f35576b61,14,7,6,2,BIC
1cb51a15b576ee325d527726afff40947218fd5e,21,0,2,1,BFC
6b8ac63847bc2f958dd93c09edc941a0118992d9,1,0,0,1,BFC
0f2ff82e11c86c05d051cae32b58226392d33bbf,1,0,1,1,BFC
6d90aa5cf17b1149115a002d7582b5d28ee43359,3,0,0,1,BIC
36356a669eddb32917fc4b5c2b9b8bf80ede69de,4,0,1,1,BFC
321027c1fe77f892f4ea07846aeae08cefbbb290,54,4,0,1,BFC
bef13315e990fd3d3fb4c39013aefd53f06c3657,6,7,0,1,BFC
6f78193ee9ea5575180d4462f0f7273a22dd5057,677,0,0,3,BIC
6d104af38b570d37aa32a5803b04c354f8ed513d,30,0,12,1,BFC
33ab91103b3415e12457e3104f0e4517ce12d0f3,31,3,7,1,BFC
79d5b4c3cd809c770d4bf9812635647016c56011,7,3,1,1,BIC
96051572c819194c37a8367624b285be10297eca,29,0,2,1,BIC
283c95d0e3891b64087706b344a4b545d04a6e62,127,0,1,1,BIC
a580982f0836e079171f65f22d82768a12f85570,131,43,33,2,BIC
c4e490cf148e85ead0d1b1c2caaba833f1d5b29f,3,3,1,1,BFC
c7ce4f60ac199fb3521c5fcd64da21cee801ec2b,167,0,2,2,BIC
da0510c47519fe0999cffe316e1d370e29f952be,0,0,0,0,BFC
61e9c905df78c253752971e200f0ac6d8667dda6,1164,0,0,1,BIC
146cc8a17a3b4996f6805ee5c080e7101277c410,2,1,3,1,BFC
93362fa47fe98b62e4a34ab408c4a418432e7939,2,1,0,1,BFC
f0c3b5093addc8bfe9fe3a5b01acb7ec7969eafa,66,271,218,9,BIC
ce07d891a0891d3c0d0c2d73d577490486b809e1,25,0,3,2,BIC
8d9ba388f35b3c681975a6b3f6ba60bb42c98f8d,0,6,17,1,BFC
67c75057709a6d85c681c78b9b2f9b71191f01a2,5,0,3,1,BFC
d64ff406e51e4f359afedbf2468a10440d6d8cef,26,15,28,6,BIC
f0c16ba8933ed217c2688b277410b2a37ba81591,6,0,1,1,BFC
1174fce8d1410d13b665cb7693250cc789637b9a,161,0,2,3,BIC
09756af46893c18839062976c3252e93a1beeba7,236,10,10,5,BIC
a0f1d21c1ccb1da66629627a74059dd7f5ac9c61,0,0,1,1,BFC
af25756de972d0f05246f9e6869f395ee0302c02,0,1,0,1,BFC
021e2927586dafc0a682b7f95d75bd06cc4fb703,2,0,1,1,BIC
daaa7d647f81f3f1494d9a9029d611b666d63181,27,41,15,4,BIC
13de9cca514ed63604263cad87ca8cb36e9b6489,200,1,2,1,BIC
0ab5171b8971282d7562b77f9b14137a827117fc,8,0,1,1,BFC
2ffc871a574daa760ef4f7750e0a36187a45754a,18,4,8,2,BIC
9b57da0630c9fd36ed7a20fc0f98dc82cc0777fa,1,1,2,2,BFC
79dc7e3f1cd323be4c81aa1a94faa1b3ed987fb2,2,0,2,1,BFC
5d41ce29e3b91ef305f88d23f72b3359de329cec,0,0,1,1,BIC
10ad1d754a434c024ce7eeb1cec9f69fd3ecc863,2,0,1,1,BFC
193e87143c290ec16838f5368adc0e0bc94eb931,0,0,1,1,BFC
f5527fffff3f002b0a6b376163613b82f69de073,5,0,1,1,BFC
81cdb259fb6d8c1c4ecfeea389ff5a73c07f5755,0,0,3,2,BFC
2117d5398c81554fbf803f5fd1dc55eb78216c0c,6,20,5,1,BFC
d1442d85cc30ea75f7d399474ca738e0bc96f715,66,8,22,1,BIC
e4e38121507a27d2ccc4b28d9e7fc4818a12c44c,12,0,1,3,BIC
0a8eccefcb3423b45dc0a5a527b4799520e2bc94,0,0,0,0,BIC
32c231164b762dddefa13af5a0101032c70b50ef,6,4,0,2,BFC
c51ce49735c183ef2592db70f918ee698716276b,36,0,3,2,BIC
fda4e2e85589191b123d31cdc21fd33ee70f50fd,12,47,6,3,BIC
a813104d923339144078939175faf4e66aca19b4,2,0,1,1,BIC
841e3558b2de6d8c53dae4f01c7a81cd53e42e5c,0,2,0,1,BIC
d9092f52d7e61dd1557f2db2400ddb430e85937e,1,1,0,1,BFC
41061cdb98a0bec464278b4db8e894a3121671f5,9,4,0,2,BIC
183b9b592a622a7719ee38e275fd7ff3aaf74d0d,1939,0,0,6,BIC
bba1574c2f11d674bf343f3cf307b33d19f73d9d,6,6,0,1,BFC
53342023eed997503c497cedc18b0441b0674b6e,174,0,1,2,BIC
514877182b537372352c14a0a50822572f66e831,0,2,2,1,BFC
56fb2d6eb63acd48b50437b415b6f7d2fcffe75d,0,0,1,1,BFC
7df3e59c3d1df4f87fe874c7956ef7a3d2f4d5fb,18,13,14,1,BFC
10df8e6152c6c400a563a673e9956320bfce1871,2,0,9,4,BFC
49788fe2a128217f78a21ee4edbe6e92e988f222,446,0,0,1,BIC
e7cb08e894a0b876443ef8fdb0706575dc00a5d2,0,0,1,1,BFC
4eb6753c3324873752f56543e149956e39dd32b6,1,0,0,1,BFC
ca09fb9f60b5f3ab2d57e761aaeea89a5147d784,0,0,0,0,BIC
84c911523020a2e39b307a2da26ee1886b7214fe,86,52,26,1,BIC
1e1b37273cf719545da50b76f214f983a710aaf4,0,0,0,0,BIC
f7eca278a8f81e701848392b522f80078bf2589f,3,3,1,1,BFC
04ca6973f7c1a0d8537f2d9906a0cf8e69886d75,28,9,4,3,BIC
c98c1822ee13e4501bf48a9e3184fb9a84c149c0,82,19,1,1,BIC
344bacca8cd811809fc33a249f2738ab757d327f,9,0,0,1,BFC
4bacc9c9234c7c8eec44f5ed4e960d9f96fa0f01,35,28,6,8,BIC
9e4aabe2bb3454c83dac8139cf9974503ee044db,15,5,11,5,BIC
e895cdce683161081e3626c4f5a5c55cb72089f8,3,0,2,1,BFC
ce29856a5e1aabe52e18b2c60db1490769a6ab55,7,5,0,3,BFC
972939e28592ec61e2e8334786152be2c80de677,3,2,0,1,BFC
1f47b61fb4077936465dcde872a4e5cc4fe708da,32,0,6,1,BIC
230633d109e35b0a24277498e773edeb79b4a331,9,1,0,1,BIC
f79a917e69e1f5cd86e864b67f06147f1b0340f4,0,0,0,0,BIC
5e580523d9128a4d8364fe89d36c38fc7819c8dd,0,0,0,0,BIC
