commit_id,lines_added,lines_removed,lines_modified,files_changed,project,commit_role
0f15adbb2861ce6f75ccfc5a92b19eae0ef327d0,133,0,1,7,linux,BIC
30152245c63b59f835193b37212991bc24669645,0,6,2,1,linux,BIC
e2cb1dec9779ba2d89302a653eb0abaeb8682196,1653,0,0,2,linux,BIC
d06b1cf28297e27127d3da54753a3a01a2fa2f28,9,0,1,1,linux,BFC
1d8efc741df80be940e1584b5ac613dc03d58bd6,318,0,54,8,linux,BIC
bcc93a23ca595fb1d7d7540bec68196a3715da13,17,24,12,3,linux,BFC
201f3c803544c052aa1bab9e562e0ada4aefe03d,26,0,0,1,linux,BIC
8ebf6da9db1b2a20bb86cc1bee2552e894d03308,0,0,4,3,linux,BFC
85686d0dc1946bd9903efb1c130d634f963e4843,10,0,1,1,linux,BIC
7d929989bb7c476b3ef01dc5cd111622e42e78ea,2,0,1,2,linux,BFC
629ed3f7dad2a914b3a89fad49b358e363e3e6d1,9,37,8,3,linux,BIC
e3d550c2c4f2f3dba469bc3c4b83d9332b4e99e1,0,0,2,1,linux,BFC
fb8baefc7b2d7b93ad96abacbe63fa99e3d213d6,0,0,2,1,linux,BFC
fce52ad3483281930dc9215a68d69837f219f889,8,6,0,2,linux,BFC
ddd8d94ca31e768c76cf8bfe34ba7b10136b3694,12,0,0,2,linux,BFC
522498f8cb8c547f415a9a39fb54fd1f7e1a1eda,812,0,0,1,linux,BIC
5e0724d027f0548511a2165a209572d48fe7a4c8,55,5,47,14,linux,BFC
f2e78affc48dee29b989c1d9b0d89b503dcd1204,4,0,0,1,linux,BFC
abc1c94471450de4fa085f5b1269837f97b1adc5,0,0,2,1,linux,BFC
6acc71ccac7187fc0ef85f10bd09c2058f21fab5,27,0,23,2,linux,BIC
2c9292336a09f7bf019689580ceea9a2d116b999,0,0,2,1,linux,BFC
9f492c4cb2351c43e5ea64285e729a21392950df,55,21,15,1,linux,BIC
4e13f6706d5aee1a6b835a44f6cf4971a921dcb8,0,0,1,1,linux,BFC
1151f838cb626005f4d69bf675dacaaa5ea909d6,7,0,6,1,linux,BFC
320a36063e1441210106aa33997ad3770d4c86b4,0,0,1,1,linux,BFC
2d2c2331673cf7c525b44f31c766930bad18007a,14,9,0,1,linux,BIC
6bf21b54a596d60905cfc7e8af8e2fe16d9fe7e9,7,0,4,1,linux,BFC
c7ab0b8088d7f023f543013963f23aecc7e47efb,35,4,5,4,linux,BIC
4ddc9204572c33f2eb91fbdb1d99d8078388b67d,0,0,1,1,linux,BFC
0e8edb9aed03892844713bb76a8e1d2d138f3175,2,0,0,1,linux,BFC
45ac774c33d834fe9d4de06ab5f1022fe8cd2071,1,0,1,1,linux,BFC
3b9fb6791e7113679b1eb472e6ce1659e80f5797,0,0,1,1,linux,BFC
327b34f2a97d72c41d4854d61336c9ae6ffe4a44,0,49,1,8,linux,BIC
5a3840a470c41ec0b85cd36ca80370330656b163,3,0,1,1,linux,BFC
b26864cad1c9f66f4966726ba7bc81d2b9b8f990,20,0,10,6,linux,BIC
2b789435d7f36ed918d92db647f3a2f3fec9bb1f,375,0,0,1,linux,BIC
4afa0c22eed33cfe0c590742387f0d16f32412f3,6,0,1,1,linux,BFC
47d3a07528ecbbccf53bc4390d70b4e3d1c04fcf,7,10,1,2,linux,BFC
44abff2c0b970ae3d310b97617525dc01f248d7c,94,25,74,33,linux,BIC
dd3bd23eb438919aeeb73a7116642731ef8f73a8,1695,0,0,1,linux,BIC
6e91b578bf3f9e19c250835cba97a4be38ffcb31,10,13,9,2,linux,BIC
0cb7af474e0dbb2f500c67aa62b6db9fafa74de2,4,0,0,1,linux,BFC
fc7222c3a9f56271fba02aabbfbae999042f1679,1,0,1,1,linux,BFC
3af5a67c86a30f8cd8bfd6202709be21cedd2756,1,18,0,3,linux,BIC
ef3a6b70507a2add2cd2e01f5eb9b54d561bacb9,4,4,0,1,linux,BFC
17a8e03e7e97d3445ec60a16a234149ca51e96fb,46,15,67,2,linux,BIC
786fa584eda86d6598db3b87c61dc81f68808d11,7,0,10,1,linux,BFC
2f49de21f3e96d869d00659581394f106fa66371,67,0,115,1,linux,BIC
cc8870bf4c3ab0af385538460500a9d342ed945f,0,3,0,1,linux,BIC
05b466bf846d2e8d2f0baf8dfd81a42cc933e237,9,0,0,1,linux,BFC
5c4193669b6f20b990f99cb8e15cdea80f865ac1,3,0,1,2,linux,BFC
b27a939e8376a3f1ed09b9c33ef44d20f18ec3d0,23,88,6,2,linux,BFC
6ba9fc8e628becf0e3ec94083450d089b0dec5f5,4,9,4,2,linux,BFC
72fcd2bed719c6587dfea74e30bcdf6f9b64b18e,8,6,0,1,linux,BFC
ae6a45a0868986f69039a2150d3b2b9ca294c378,18,0,4,1,linux,BFC
50d6281ce9b8412f7ef02d1bc9d23aa62ae0cf98,0,0,1,1,linux,BFC
d9edfc5a4f81165e64d4ad6e423a8554c88dd0de,0,0,1,1,linux,BFC
fe9bc1644918aa1d02a889b4ca788bfb67f90816,2,0,1,1,linux,BFC
9def249dc8409ffc1f5a1d7195f1c462f2b49c07,0,0,2,1,linux,BFC
a5ae8fc9058e37437c8c1f82b3d412b4abd1b9e6,8,0,0,2,linux,BIC
71e0779153968c79038a8ed53610d69624115fca,27,11,8,1,linux,BIC
9dbe33cf371bd70330858370bdbc35c7668f00c3,7,0,0,1,linux,BFC
027063b1606fea6df15c270e5f2a072d1dfa8fef,93,27,18,6,linux,BFC
d2c92705c54c9c24f2b8be57b968ad21a30412e5,6,0,0,5,linux,BFC
8e52a602b5126183f7a6487c4d48f6a00af4e4fd,13,0,0,1,linux,BFC
078a6506141a4ce76bee6c257e9b14f5c606ee4c,17,13,22,1,linux,BIC
9adc89af724f12a03b47099cd943ed54e877cd59,9,6,3,2,linux,BIC
73625ed66389d4c620520058d828f43a93ab4d0c,0,0,1,1,linux,BFC
aff093d4bbca91f543e24cde2135f393b8130f4b,4,0,2,1,linux,BFC
2ea2f62c8bda242433809c7f4e9eae1c52c40bbe,19,7,6,3,linux,BFC
3853c35e243d56238159e8365b6aca410bdd4576,74,3,23,2,linux,BIC
e0a25b6d18624140905d79775f9e1b05c12502f5,799,0,0,2,linux,BIC
b257b48cd5830c5b1d0c347eb281f9c28056f881,4,0,1,1,linux,BFC
7e2556e40026a1b0c16f37446ab398d5a5a892e4,11,1,1,1,linux,BIC
9026cae1c6d6c288dff0dc1d8350a949432819d8,0,0,1,1,linux,BFC
ab9f2115081ab7ba63b77a759e0f3eb5d6463d7f,176,0,1,2,linux,BIC
686dc2db2a0fdc1d34b424ec2c0a735becd8d62b,17,6,1,1,linux,BFC
d68894800ec5712d7ddf042356f11e36f87d7f78,1,0,2,1,linux,BFC
61bb6cd2f765b90cfc5f0f91696889c366a6a13d,2,1,0,2,linux,BFC
8a414f943f8b5f94bbaafdec863d6f3dbef33f8a,2,0,8,1,linux,BFC
3372de5813e4da8305002ff6ffbfc0c7012cb319,463,593,23,5,linux,BIC
99c14fc360dbbb583a03ab985551b12b5c5ca4f1,19,0,0,1,linux,BFC
c77804be53369dd4c15bfc376cf9b45948194cab,7,10,0,1,linux,BFC
0b1eddc1964351cd5ce57aff46853ed4ce9ebbff,0,0,1,1,linux,BFC
f58d2598cf70d41f73e761b62a114d2e8f94a676,34,0,0,2,linux,BIC
3d97ff63f8997761f12c8fbe8082996c6eeaba1a,104,13,18,2,linux,BIC
0572054617f32670abab4b4e89a876954d54b704,7,0,1,1,linux,BFC
82ed08dd1b0e0e0728f9188f66795c49dffe437d,256,0,0,1,linux,BIC
c5dfb000b90442e52f735bef4c2fc3f67783eaeb,11,0,1,3,linux,BIC
62611abc8f37d00e3b0cff0eb2d72fa92b05fd27,12,0,4,1,linux,BFC
07a5f69248e3486e387c40af64793466371c7d91,33,3,19,2,linux,BFC
2b6d83e2b8b7de82331a6a1dcd64b51020a6031c,644,0,0,3,linux,BIC
f97b8b9bd630fb76c0e9e11cbf390e3d64a144d7,0,1,0,1,linux,BIC
f1d4ef7d88832444e8dfeb0e85e19d3b6ecb5011,43,9,24,1,linux,BIC
6917ff0b5bd4139e08a3f3146529dcb3b95ba7a6,34,36,23,3,linux,BIC
f81393a5b252df772b934cde81b7e16273afbd43,0,0,3,1,linux,BFC
dbb152267908c4b2c3639492a94b6838821bc195,261,0,0,1,linux,BIC
3cc44feb9861d2f5267af9b962ae92c5ea1b48fd,13,0,4,1,linux,BFC
2de3ec4f1d4ba6ee380478055104eb918bd50cce,15,0,6,1,linux,BFC
80c33624e4723c4e22d9917cd676067ebf652dc2,6,0,0,1,linux,BFC
42bf50a1795a1854d48717b7361dbdbce496b16b,4,1,11,1,linux,BIC
b07b9146635e90b72551bc8992eb85ecbaa0e593,1,0,0,1,linux,BFC
abb6d479e22642c82d552970d85edd9b5fe8beb6,0,27,17,6,linux,BIC
20ab67a563f5299c09a234164c372aba5a59add8,0,0,1,1,linux,BFC
6093e348a5e2475c5bb2e571346460f939998670,0,2,4,1,linux,BFC
4732f2444acd9b7eabc744f20eb5cc9694c0bfbd,10,5,7,8,linux,BFC
457fed775c97ac2c0cd1672aaf2ff2c8a6235e87,0,1,2,1,linux,BFC
283cb41f426b723a0255702b761b0fc5d1b53a81,0,3,0,1,linux,BFC
10b0046685ab410847f420d740acf604c8cb4eec,149,4,67,5,linux,BIC
b21f502f84be082fb63cca8e7ab6eb8f7ee88024,15,0,1,1,linux,BIC
245268c19f701c7222dedcb6a383bc73d63925d4,8,0,2,1,linux,BIC
0a48db562c6264da2ae8013491efd6e8dc780520,6,0,2,1,linux,BFC
26f968d7de823ba4974a8f25c8bd8ee2df6ab74b,22,0,7,2,linux,BIC
01dbb362f0a114fbce19c8abe4cd6f4710e934d5,18,0,4,1,linux,BFC
3ef0eb0db4bf92c6d2510fe5c4dc51852746f206,24,5,9,5,linux,BIC
7bd0650be63cbb9e45e394d689c81365fe48e495,3,0,4,2,linux,BFC
7351a4822d42827ba0110677c0cbad88a3d52585,500,114,105,11,linux,BIC
9f4c7448f46b881119998702530676b3400752a9,0,5,1,1,linux,BFC
87f8c988636db0d477bb63fddfaefb5be9b1c386,2373,0,0,3,linux,BIC
9a4e7849b5e4e8742d71fa90fbf0722dd0710a56,2,0,2,1,linux,BFC
121f2faca2c0a1b3af5581213c04817b3f3ceeb9,2,9,11,3,linux,BIC
732f794c1baf58e1eb2be4431635829c3da655bd,20,0,0,2,linux,BIC
40fbbce007cb458da4c15cbf53beacf6b755cedc,1,0,1,1,linux,BFC
a43555ac908c604f45ed98628805aec9355b9737,0,0,1,1,linux,BFC
4ae7ebe9522a9e3626e28b4d268dae712738573d,8,2,2,2,linux,BIC
445ecdf79be0c71ca248f7611aeefceaea3ec59f,3,0,3,1,linux,BIC
cd17d230dd060a12f7451c0caeedb3fd5158eaf9,8,0,7,1,linux,BFC
efb8a170a367fa898d7848c4e74c1c20222e0d91,6,0,0,1,linux,BFC
af58e1fca9840192f14b6f03c59595d64bff9127,1,5,4,1,linux,BFC
506a8e87d8d2746b9e9d2433503fe237c54e4750,86,0,25,6,linux,BIC
b0c26a79d6993b280931f8e2b406ca4b220bb58f,0,0,1,1,linux,BFC
abd66e9f3cc50c9c3ba4cf609749374090a2f215,3,0,2,1,linux,BFC
188db4435ac64f0918def7ba0593d408700ecc4b,4,12,8,3,linux,BIC
68e7c510fdf4f6167404609da52e1979165649f6,2,0,1,1,linux,BFC
0a36fd6cef5e3a11a273300e777a26cb26274547,0,0,2,1,linux,BFC
9bc6165d608d676f05d8bf156a2c9923ee38d05b,9,3,9,1,linux,BFC
98d39494d3759f84ce50e505059bc80f54c1c47b,105,0,0,4,linux,BIC
ac16ec835314677dd7405dfb5a5e007c3ca424c7,94,0,35,1,linux,BIC
992d8a4e38f0527f24e273ce3a9cd6dea1a6a436,0,1,5,1,linux,BFC
ebe48d368e97d007bfeb76fcb065d6cfc4c96645,12,0,0,3,linux,BFC
0ee59413c967c35a6dd2dbdab605b4cd42025ee5,56,0,10,5,linux,BFC
635d9398178659d8ddba79dd061f9451cec0b4d1,2,0,2,1,linux,BFC
4822827a69d7cd3bc5a07b7637484ebd2cf88db6,0,0,1,1,linux,BIC
0f8839f5f323da04a800e6ced1136e4b1e1689a9,14,0,0,1,linux,BFC
40d4071ce2d20840d224b4a77b5dc6f752c9ab15,0,0,1,1,linux,BFC
5aa93bcf66f4af094d6f11096e81d5501a0b4ba5,192,0,15,9,linux,BIC
b326614ea2159ea5c835d320f261d05d080cd201,35,0,1,3,linux,BIC
970a2e9864b0ba45f639aebf464a5edcaabb5be0,434,0,0,2,linux,BIC
166d3863231667c4f64dee72b77d1102cdfad11f,2,0,2,1,linux,BFC
c3d4879e01bec484f50a78c108341f039d470e96,46,0,0,2,linux,BIC
ce31513a9114f74fe3e9caa6534d201bdac7238d,4,0,1,1,linux,BFC
5cf02612b33f104fe1015b2dfaf1758ad3675588,1,0,0,1,linux,BFC
355a8b13f87a8964ebe785b065f1388a1bd00c7e,2,0,31,4,linux,BFC
3cbfe80737c18ac6e635421ab676716a393d3074,0,0,1,1,linux,BFC
d71ef28636e435079028c1ed255fa92d8ff6ed76,73,10,5,5,linux,BFC
e277adc5a06cfc95ad3e1a6b80bcd97ab4b01ea6,39,28,5,3,linux,BIC
ecff88e819e31081d41cd05bb199b9bd10e13e90,4,0,0,1,linux,BFC
b881145642ce0bbe2be521e0882e72a5cebe93b8,0,0,1,1,linux,BFC
30172efbfb842cd898e34fea8694ed250200eaab,0,0,8,1,linux,BIC
dde7b00e4c85db74a4ae02ec31752cc8be3c75f1,7,0,1,1,linux,BFC
d70f2a14b72a4bc094cf3a92e4794644a7adc590,236,232,2,2,linux,BIC
a063057d7c731cffa7d10740e8ebc2970df8dbb3,31,7,0,2,linux,BIC
18cc1814d4e7560412c9c8c6d28f9d6782c8b402,160,410,0,24,linux,BIC
04544222886881cb0865040dcdf747fe7e025947,94,0,0,1,linux,BIC
2c4779eff837f1035f6f9650d246905daadd9528,1,0,5,1,linux,BIC
018af9be3dd54e6f24f828966bdd873f4d63ad9b,9,0,10,1,linux,BFC
037116c8f047a1912b33b7e9411e755864a7b7c5,0,1,4,1,linux,BFC
8beeb00f2c8498686eee02b8edcd1488b903c90b,45,0,1,1,linux,BIC
c8ebfad7a063fe665417fa0eeb0da7cfe987d8ed,27,0,0,1,linux,BFC
2554a48f44370a8a73e23c58c389ae9d33effb4b,91,0,5,4,linux,BIC
49126ac1f8d26fed4d87fb6d62c1507a499f907e,72,117,2,4,linux,BIC
426c87caa2b4578b43cd3f689f02c65b743b2559,0,0,1,1,linux,BFC
3080c21a043abc83e56da9bb5942eb3f4b92c90e,20,0,10,1,linux,BIC
eebe6d00e9bf1216fb381b64146e1b7e50d90b3f,674,1,0,5,linux,BIC
5a811126d38f9767a20cc271b34db7c8efc5a46c,3,0,0,1,linux,BFC
f240ec09bb8a08003a6e2cb51682705ab19b78cd,0,1,9,7,linux,BIC
97cdcf37b57e3f204be3000b9eab9686f38b4356,32,12,6,3,linux,BIC
9fd4dcece43a53e5a9e65a973df5693702ee6401,124,3,2,4,linux,BIC
d0022c0ef29b78bcbe8a5c5894bd2307143afce1,0,0,1,1,linux,BFC
39e7213edc4f31b0650dcc5630e175a6bd278b9b,24,33,150,1,linux,BIC
e32da7adaf3c511e7e6ffa0d5b680e07201630b8,6,0,1,1,linux,BFC
f3fe412b0a634286a6a3753c3f9ff201e6bec716,0,2,7,4,linux,BFC
4c6a23188e26339fd3dbc78e6ce6fe0fc4009553,5,3,2,1,linux,BFC
59211bd3b6329c3e5f4a90ac3d7f87ffa7867073,78,35,29,1,linux,BIC
39290b389ea2654f9190e3b48c57d27b24def83e,20,0,5,3,linux,BIC
13765de8148f71fa795e0a6607de37c49ea5915a,1,0,5,1,linux,BFC
fd1ef88049de09bc70d60b549992524cfc0e66ff,2,0,1,1,linux,BFC
6e8cf7751f9fb913095d6142d068f41fbf0424bb,302,0,84,4,linux,BIC
1a8cfa24e21c2f154791f0cdd85fc28496918722,0,0,1,1,linux,BFC
d5d92b64408443e113b9742f8f1c35278910dd4d,7,12,0,1,linux,BFC
b2c68a2f1bab3e3d3bf4ab2b5fcd94cd37f61b41,38,0,28,12,linux,BIC
20744617bdbafe2e7fb7bf5401f616e24bde4471,43,0,0,1,linux,BFC
413daa1a3f4a50af7172a862f391867711e9bc04,7,0,0,1,linux,BFC
09db51241118aeb06e1c8cd393b45879ce099b36,0,0,2,2,linux,BFC
58439280f84e6b39fd7d61f25ab30489c1aaf0a9,0,0,1,1,linux,BFC
5957cc557dc5d52c3448be15c2474f33224b89b6,1,1,0,1,linux,BFC
5eb8ba90958de1285120dae5d3a5d2b1a360b3b4,1,0,0,1,linux,BFC
5f08318f617b05b6ee389d8bd174c7af921ebf19,640,0,0,7,linux,BIC
d65dd85281fbf7fc66a936b0aa8979614a7ba150,3100,0,0,5,linux,BIC
e4a70e3e7d846a8db8e20c18a4d8a6cf35bcf29c,1164,0,0,5,linux,BIC
f4d7e40a5b7157e1329c3c5b10f60d8289fc2941,437,5,148,2,linux,BIC
af99a7507469d4fa6dd4d8d633e093b1ff7aff6e,670,0,0,4,linux,BIC
557862535c2cad6de6f6fb12312b7a6d09c06407,1,0,0,1,linux,BFC
138bc7969c24c6cbba28e919c2376ad10a46fc60,132,0,0,4,linux,BIC
8017b8fd37bf5ed4e9c0596f83295b019ff1c287,115,0,0,2,linux,BIC
695e2f5c289bb7f8b85351dcfa35fa236e0200a4,47,8,18,2,linux,BIC
c2f9a4e4a5abfc84c01b738496b3fd2d471e0b18,0,0,1,1,linux,BFC
fc9c2029e37c3ae9efc28bf47045e0b87e09660c,0,0,1,1,linux,BFC
8de8c4608fe9edc046c31bf82b2b7ebc1daae015,20,0,4,1,linux,BIC
0ab52b2bd7be8fd49c8ade7703c1faa15359c6c5,1,0,2,1,linux,BFC
e5c9469efcb18a6b7aed5e6f32e478b0298ad968,40,0,0,1,linux,BIC
8ffea2599f63fdbee968b894eab78170abf3ec2c,1,0,0,1,linux,BFC
e2c0cb7c0cc72939b61a7efee376206725796625,0,0,1,1,linux,BFC
a9bc3390327317345dd4683b70970c83ab400ea3,7,1,8,4,linux,BFC
ccd025eaddaeb99e982029446197c544252108e2,1,0,0,1,linux,BFC
53e0961da1c7bbdabd1abebb20de403ec237ec09,102,0,0,2,linux,BIC
471af006a747f1c535c8a8c6c0973c320fe01b22,59,26,4,2,linux,BFC
5000d37042a61ca556fde2782ca40dbfa802ea16,971,0,0,1,linux,BIC
b24346a240b36cfc4df194d145463874985aa29b,3,0,0,1,linux,BFC
20b50d79974ea3192e8c3ab7faf4e536e5f14d8f,2,0,1,1,linux,BFC
9e895cd9649abe4392c59d14e31b0f5667d082d2,1,0,0,1,linux,BFC
69135c572d1f84261a6de2a1268513a7e71753e2,3,0,0,1,linux,BIC
1a426d6116467e09954289ee8c273e1bcc003adc,0,0,1,1,linux,BFC
ca3fde5214e1d24f78269b337d3f22afd6bf445e,0,0,2,1,linux,BFC
0ead2510f8cec11ce96308d79a1b4ee272fb5238,118,13,30,3,linux,BIC
175f435f44b724e389f23c154d94fda45870c1f6,40,1,7,1,linux,BIC
c16015f36cc128244c910152663de45c3b99f551,46,1,0,3,linux,BIC
3415ec643e7bd644b03026efbe2f2b36cbe9b34b,4,0,1,1,linux,BFC
b0536f9826a5ed3328d527b4fc1686867a9f3041,0,0,1,1,linux,BFC
a0b0fd53e1e67639b303b15939b9c653dbe7a8c4,307,4,47,2,linux,BIC
d0031e6fbed955ff8d5f5bbc8fe7382482559cec,4,0,0,1,linux,BFC
09d97da660ff77df20984496aa0abcd6b88819f2,4,4,0,3,linux,BIC
3812ce895047afdb78dc750a236515416e0ccded,0,1,0,1,linux,BFC
664088f8d68178809b848ca450f2797efb34e8e7,3,3,0,1,linux,BFC
75e47206512bf98ad3d5cd4ef18f3d92b9050a45,0,0,1,1,linux,BFC
dcad7854fcce6a2d49b6a3ead5bbefeff047e559,0,4,10,1,linux,BIC
f0f3a6cecf3b98990985cd42f7bf5a0313894822,0,1,1,1,linux,BFC
ae994ea972473c0ace9d55f718b60f0727af1381,10,0,1,1,linux,BFC
a168b8f1cde6588ff7a67699fa11e01bc77a5ddd,35,0,3,2,linux,BIC
4375ada01963d1ebf733d60d1bb6e5db401e1ac6,2,0,1,1,linux,BFC
0b9e2988ab2261fd6d4a0039edf81ed1e3662be8,6,100,39,3,linux,BIC
9cfe015aa424b3c003baba3841a60dd9b5ad319b,13,0,10,9,linux,BIC
9106cf1747cc16ea5ef301a215e336f88e2ce1e8,0,0,1,1,linux,BFC
4f86a06e2d6ece5316e4c42fbf946ee22acb30f3,29,4,9,2,linux,BIC
556cc1c5f528dcc87733920de17d61b6ebe8999d,298,0,0,1,linux,BIC
08a46c6420013c4ecb61262b4869fdd7e82f918a,33,27,0,3,linux,BIC
54261af473be4c5481f6196064445d2945f2bdab,0,0,1,1,linux,BFC
3a2419f865a65b2a4cb27f8640376ecb862be0e8,0,388,21,1,linux,BIC
ae674792c32bc54832e52706ec669d59cbea7ab6,0,0,3,1,linux,BFC
f53a2ce893b2c7884ef94471f170839170a4eba0,5,0,3,1,linux,BIC
855ae87a2073ebf1b395e020de54fdf9ce7d166f,4,0,1,1,linux,BFC
234266a5168bbe8220d263e3aa7aa80cf921c483,4,0,2,1,linux,BFC
734c78e7febf879a79e9b34e38df35cc63794350,36,0,3,1,linux,BIC
4e39883d9c7426f8246ef86a32dc6a6f06f5aace,0,0,1,1,linux,BFC
da5ec7f22a0f1a10a5a9c3063421e73ae054649d,32,32,157,1,linux,BIC
134e63756d5f3d0f7604dfcca847b09d1b14fd66,164,4,59,9,linux,BIC
78b1beb0998437107ed144b341fbe1252188916b,0,0,15,4,linux,BFC
e7c1c2c46201e46f8ce817196507d2ffd3dafd8e,361,0,26,14,linux,BIC
80df4706357a5a06bbbc70273bf2611df1ceee04,0,0,1,1,linux,BFC
1f65ea411cc7b6ff128d82a3493d7b5648054e6f,8,0,5,1,linux,BFC
4a59ed546c0511f01a4bf6b886fe34b6cce2513f,13,0,2,1,linux,BFC
0b416c3e1345fd696db4c422643468d844410877,14,2,12,1,linux,BFC
0416e494ce7dc84e2719bc9fb7daecb330476074,3,1,2,2,linux,BIC
eb918f915f5bdf0d78479567dab016dfa975673e,0,2,2,1,linux,BFC
7fd70c65faacd39628ba5f670be6490010c8132f,2,5,3,2,linux,BIC
142cd25293f6a7ecbdff4fb0af17de6438d46433,0,11,3,1,linux,BFC
fc8cec113904a47396bf0a1afc62920d66319d36,0,0,1,1,linux,BFC
de8f5e4f2dc1f032b46afda0a78cab5456974f89,243,0,47,14,linux,BIC
f85de6666347c974cdf97b1026180995d912d7d0,8,1,2,1,linux,BFC
639505d4397b8c654a8e2616f9cb70ece40c83f9,1,0,2,1,linux,BFC
8a8633978b842c88fbcfe00d4e5dde96048f630e,83,120,54,4,linux,BIC
2f2dafe77df2c78e189a9fa6b1879dffd06ae5a1,1,5,10,1,linux,BIC
2095b1426c9c8088f7be28d70c6d7eb432640baa,15,6,0,3,linux,BFC
3e032c0e92aa0c4c0b46c5e2d6d41706c8fce488,47,95,47,8,linux,BIC
20ae1d6aa159eb91a9bf09ff92ccaa94dbea92c2,33,0,1,4,linux,BFC
f07cbad29741407ace2a9688548fa93d9cb38df3,0,0,1,1,linux,BIC
236c32eb109696590b7428957eda50cc05e22af8,0,8,6,3,linux,BIC
29b52027ac354f2a0e5c4d17ca1b621a1644949d,0,46,0,1,linux,BFC
ba60eb25ff6be6f8e60488cdfd454e5c612bce60,72,0,4,3,linux,BIC
1ad3aaf3fcd2444406628a19a9b9e0922b95e2d4,12,0,5,2,linux,BIC
51b66a6ce12570e5ee1a249c811f7f2d74814a43,405,0,0,1,linux,BIC
65f7052b6c38f767d95ebfa4ae4b389b6da6a421,5,0,1,1,linux,BFC
556351f14e74db4cd3ddde386457edce7bf0b27f,86,0,0,2,linux,BIC
289caf5d8f6c61c6d2b7fd752a7f483cd153f182,7,0,9,1,linux,BFC
a68ee0573991e90af2f1785db309206408bad3e5,1,0,1,1,linux,BFC
73cc0b9aa9afa5ba65d92e46ded61d29430d72a4,0,5,0,1,linux,BFC
cfd799837dbc48499abb05d1891b3d9992354d3a,0,0,3,1,linux,BFC
94d202d5ca39d0eb757d16ef2624b013fb64f64d,29,6,3,1,linux,BIC
0ea9fc15b1d7d6636d429e74ffe3f86bf2f2f7d6,0,0,2,1,linux,BFC
baf76f0c58aec435a3a864075b8f6d8ee5d1f17e,0,0,1,1,linux,BFC
c33165253492b91337f88c84b11733a4a2d55b60,16,0,0,1,linux,BIC
ebe2b1add1055b903e2acd86b290a85297edc0b3,28,0,14,1,linux,BFC
963fee1656603ce2e91ebb988cd5a92f2af41369,19,0,1,1,linux,BIC
3edce1cf813aa6a087df7730cec0e67d57288300,42,0,0,3,linux,BIC
0c51ef8684e30333ee2a7cef359258d91727166b,2,0,4,1,linux,BFC
984d74a72076a12b400339973e8c98fd2fcd90e5,7,1,5,1,linux,BIC
c3973b401ef2b0b8005f8074a10e96e3ea093823,2,81,6,6,linux,BIC
1c4f29ec878bbf1cc0a1eb54ae7da5ff98e19641,0,0,2,1,linux,BFC
db2a8b6f1df93d5311970cca03052c01178de674,13,0,1,1,linux,BFC
8e007b367a59bcdf484c81f6df9bd5a4cc179ca6,8,0,4,1,linux,BFC
cd1cb3350561d2bf544ddfef76fbf0b1c9c7178f,4,0,2,2,linux,BFC
4e6b86b409f9fc63fedb39d6e3a0202c4b0244ce,2,0,0,1,linux,BFC
3f7e82759c692df473675ed06fb90b20f1f225c3,30,35,70,5,linux,BIC
0792a2c8e0bbda3605b8d42c6b9635be7b19982a,98,163,8,6,linux,BIC
a4ca0c439f2d5ce9a3dc118d882f9f03449864c8,4,0,0,1,linux,BFC
41cdc741048b0d04604c02aad9ec19f7d9130b70,0,0,3,1,linux,BFC
640b50fa8c349135cb97d7430b8f8f0f87e56047,11,0,0,1,linux,BFC
986499b1569af980a819817f17238015b27793f6,2,0,2,1,linux,BFC
dfdc0a714d241bfbf951886c373cd1ae463fcc25,1,0,0,1,linux,BFC
83a8441f8d8e2e47e9bf2aead3aca625ab95d5ad,0,1,5,1,linux,BFC
77507aa249aecd06fa25ad058b64481e46887a01,101,0,7,5,linux,BIC
cf93e15eca0bcb457b6a85b3480c1e379407dd26,0,0,2,1,linux,BFC
42acb06b01b12a2205757a46d3ff75e38840968f,68,67,3,1,linux,BIC
3ae5f06681fc0e9ce6a0ac4f909aa7695e1f3228,0,0,2,1,linux,BFC
17f8607a1658a8e70415eef67909f990d13017b5,2,0,0,1,linux,BFC
fe3d197f84319d3bce379a9c0dc17b1f48ad358c,396,3,3,11,linux,BIC
882214e2b12860bff1ccff15a3ec2bbb29d58c02,552,0,12,6,linux,BIC
2cec11d871814cd65702ccd3591232ee9f185360,0,10,93,12,linux,BFC
2efbc58f157a39ad9e9199b92d9c47736023a2fe,71,0,0,2,linux,BIC
f152bdad62083f654e22ba4840c5131865de9dca,2,0,0,1,linux,BFC
daaadbf07433b15c452b2ff411a293b2ccd98e03,0,4,2,1,linux,BFC
e1e8c1fdce8b00fce08784d9d738c60ebf598ebc,5,2,0,1,linux,BIC
2ac97f0f6654da14312d125005c77a6010e0ea38,1,0,22,1,linux,BFC
2730214ddb889c54d5f6a734e2fe584c295cbd9b,0,0,2,1,linux,BFC
25dcca7fedcd4e31cb368ad846bfd738c0c6307c,0,0,1,1,linux,BFC
130c58606171326c81841a49cc913cd354113dd9,2,0,1,1,linux,BFC
320fcd6bbd2b500923db518902c2c640242d2b50,0,3,4,1,linux,BFC
68a1fdf2451f38b4ada0607eb6e1303f8a02e0b7,0,1,7,1,linux,BFC
6b9dbedbe3499fef862c4dff5217cf91f34e43b3,1,0,1,1,linux,BFC
2febd254adc4958b2388c7a49ddc85227f41a158,42,10,5,2,linux,BIC
906010b2134e14a2e377decbadd357b3d0ab9c6a,156,27,35,2,linux,BIC
d51b6ce441d356369387d20bc1de5f2edb0ab71e,1898,0,0,1,linux,BIC
b1f195fc49812359296a901e26cc7c0b761d8a70,0,0,1,1,linux,BFC
c6883985d46319e0d4f159de8932b09ff93e877d,0,0,4,1,linux,BFC
317d359df95dd0cb7653d09b7fc513770590cf85,0,0,3,1,linux,BFC
f00cbf1968145afbae385a867a66c69845e30711,34,0,0,2,linux,BIC
4e35c1cb9460240e983a01745b5f29fe3a4d8e39,16,0,0,1,linux,BIC
fca18e62984a0d797da8379a422a6bb644d68244,33,0,0,3,linux,BIC
a14390fde64e862c4fe8b92ecb293ee4b12d5bfe,57,0,1,1,linux,BIC
59c4bd853abcea95eccc167a7d7fd5f1a5f47b98,0,0,1,1,linux,BFC
95590a6286c547b7287d01c55515fb96b904aa03,0,0,3,1,linux,BFC
7d09c7606346db9a48b62b4e02454a6b8f323043,0,6,0,1,linux,BFC
759c01142a5d0f364a462346168a56de28a80f52,62,0,2,4,linux,BIC
2e480058ddc21ec53a10e8b41623e245e908bdbc,65,0,0,4,linux,BIC
ee28bb56ac5b4c0c08ef10d33cc7adb749bbf4c6,4,0,6,1,linux,BIC
d21b0be246bf3bbf569e6e239f56abb529c7154e,131,4,10,3,linux,BIC
2a03c1314506557277829562dd2ec5c11a6ea914,10,7,10,1,linux,BIC
215d08a85b9acf5e1fe9dbf50f1774cde333efef,0,0,1,1,linux,BFC
042b67799e2991e301df8269e166d8bc5944495e,19,0,0,1,linux,BFC
7a12b5031c6b947cc13918237ae652b536243b76,1259,49,2,4,linux,BIC
21a75f0915dde8674708b39abfcda113911c49b1,17,0,11,1,linux,BIC
084ea4d611a3d00ee3930400b262240e10895900,80,0,0,2,linux,BIC
fb377eb80c80339b580831a3c0fcce34a4c9d1ad,23,22,16,3,linux,BFC
f43348a3db89305bb1935da9fe4499fdcdde9796,32,0,0,2,linux,BFC
f25cbb7a95a24ff9a2a3bebd308e303942ae6b2c,39,3,14,7,linux,BIC
c2c9c5661a48bf2e67dcb4e989003144304acd6a,121,0,2,3,linux,BFC
8064c616984eaa015f018dba595d78cd24a0cc8c,0,0,3,1,linux,BFC
5d47ec02c37ea632398cb251c884e3a488dff794,2,3,4,1,linux,BIC
29ad20b22c8f3ab35e91c2f68b4c7956cee30fd0,18,0,2,2,linux,BIC
31e63d31eaf066651efac299913591b04c5aaa18,0,1,1,1,linux,BFC
64d114f0a7507ad479091d4ce469e85b49e76df6,27,0,9,1,linux,BIC
d5b1a78a772f1e31a94f8babfa964152ec5e9aa5,3235,0,1,11,linux,BIC
fd1c07861491abf5e0e9ca06799bb5c48f99b64d,16,0,0,1,linux,BIC
b27ff5c187dd18cdc0b78ad5f5a78069d168c860,0,1,0,1,linux,BFC
671c450b6fe0680ea1cb1cf1526d764fdd5a3d3f,15,0,6,2,linux,BFC
1be08f458d1602275b02f5357ef069957058f3fd,5,0,1,1,linux,BFC
0c8c1ae155b89be7e0cd7e74494dfc83554c56d2,0,0,1,1,linux,BFC
91b228107da3e41558449a62cd93816b47b3b4b5,1085,0,0,1,linux,BIC
76a1049b84dd57bad6260b51455bbd17053b2eb4,263,0,5,3,linux,BIC
14cf9bc6085dfd5bff61db917d6d20f558979f27,0,0,1,1,linux,BFC
79e5ad2ceb00673e5f2d278a892adcbf596a6b5a,9,160,147,1,linux,BIC
9f42ef4bc26b83bd33feb9a9fa55e25e5752a495,0,2,2,2,linux,BFC
03c4749dd6c7ff948a0ce59a44a1b97c015353c2,0,90,22,2,linux,BIC
4ad6429d2713924afe10cd960535600b241560a3,7,20,2,2,linux,BFC
0e1824c98a0ffd7fd9ffb2a3da01ec49ff1348a2,0,0,4,1,linux,BFC
6404674acd596de41fd3ad5f267b4525494a891a,0,0,2,1,linux,BFC
6c05561c541843b2bec2189f680bed6d20afc25b,2,0,9,1,linux,BFC
2791c1a4390085789e37347fc49f7d189fedae88,28,0,26,1,linux,BIC
19508b2047403cc88d2255118e2640ab1d3bf8a1,207,0,0,3,linux,BIC
93e1b7d42e1edb4ddde6257e9a02513fef26f715,11,0,1,1,linux,BIC
d46f329a3f6048e04736e86cb13c880645048792,0,0,1,1,linux,BFC
5c346525d3591cb032eca86d0f904cc01f1069ff,0,3,1,1,linux,BFC
0b8c97a1d8c1bb6a853b8bb1778e8fef17b86fc9,8,0,6,1,linux,BFC
0855c9c9ec28451858aeb1e512d2d25fd8397828,0,0,2,1,linux,BFC
2ff349c5edfe3ea3c017dab28a1912f337a6500c,26,0,0,3,linux,BIC
d4d80e69927ab5da67026c1c94e23c305dbc799e,1,1,2,1,linux,BFC
ec14121931a24f8d3678b8a9c408adee3b21d465,0,1,1,1,linux,BFC
d5ed76adb926a90fada98f518abc1ab6ef07d28f,4,0,0,1,linux,BFC
184f8e0981ef37a63fc0c3203f8546768c1d7b87,0,121,0,4,linux,BIC
43725feb593127b16318b871e3a9bf89a96d66cb,1,0,2,1,linux,BFC
2dec3a7a7beb23ec11b23986e0e331913d621ff1,0,0,1,1,linux,BFC
def0bfdbd6039e96a9eb2baaa4470b079daab0d4,0,48,14,7,linux,BIC
2f8a786f472445d66348859af8795aa6ffd9ff8c,2,0,1,1,linux,BFC
04db1580b5e48a79e24aa51ecae0cd4b2296ec23,2,0,0,1,linux,BFC
1174fce8d1410d13b665cb7693250cc789637b9a,161,0,2,3,linux,BIC
02f117134952c06faef2adb322630c51fcd3c197,3,0,4,1,linux,BIC
efc36d3c344a36fe73cda93c55763058629e0f2c,1,0,1,1,linux,BFC
256dd44bd897055571c131703afdd02b2e4f1f29,0,2623,1,10,linux,BIC
dcdfdf56b4a6c9437fc37dbc9cee94a788f9b0c4,4,0,2,1,linux,BFC
b833d0df943d70682e288c38c96b8e7bfff4023a,2,0,0,1,linux,BFC
3f77f244d8ec28e3a0a81240ffac7d626390060c,3,0,1,1,linux,BFC
ee91cb570d9b12ae8cfcb96f7ea6fb80983b6a0a,10,0,1,1,linux,BFC
cd33c830448baf7b1e94da72eca069e3e1d050c9,2603,0,0,4,linux,BIC
fdc6b21e2444290b69ac9ffa936bf583830dc0de,238,0,0,1,linux,BIC
24b0e3e84fbf460ea904f4eb85e414e6001c8f37,33,92,33,6,linux,BIC
867341b95891ca176e9cb5fcc3c68b325f0eb306,17,0,0,2,linux,BIC
f8ea5c7bceeb6ce6e7b3e7fb28c9dda8c0a58dcb,0,0,1,1,linux,BFC
06635a35d13d42b95422bba6633f175245cc644e,95,12,134,12,linux,BIC
df5c82a8dcca1a5f23fefebae973d2dd0bf5aa11,0,0,1,1,linux,BFC
1aa25ec227a4be21515594f485b0f4985109f0d8,1,0,1,1,linux,BFC
528c4d10673714a6ae7f877bb12413e31fa66ce5,0,4,0,1,linux,BFC
38622010a6de3a62cc72688348548854ed82dcf5,121,3,4,6,linux,BIC
ef3072cd1d5c2ea229f7abf8d6475e0c200eeb71,11,0,5,1,linux,BIC
f2e0a53271a439a2ab142645867f0cde45b2b3cd,223,0,0,2,linux,BIC
e120a5f1e78fab6223544e425015f393d90d6f0d,5,0,0,1,linux,BFC
c779273b37bec14c33feeab11c4d457a24bc64e0,5,0,9,4,linux,BFC
7544b3ff745b0b8fde5f41f381a273287b373f13,82,64,2,1,linux,BIC
985cafccbf9b7f862aa1c5ee566801e18b5161fb,283,0,786,1,linux,BIC
25d0e2db3d8f4f79fddd436dcc848d912e98b485,0,1,0,1,linux,BFC
d12e3aae160fb26b534c4496b211d6e60a5179ed,2,1,3,1,linux,BFC
4aa9c692e052cf6db99db62a8fe0543e5c455da7,13,0,5,3,linux,BIC
ca0edb131bdf1e6beaeb2b8289fd6b374b74147d,4,0,4,1,linux,BFC
204bddcb508fe3bca5c97a9f528bafd7ba8fcec8,0,96,258,1,linux,BIC
5461999848e0462c14f306a62923d22de820a59c,0,0,2,1,linux,BFC
b653db77350c7307a513b81856fe53e94cf42446,2,0,0,2,linux,BIC
e538e8649892a5890dcc2b2b157f3876573a7773,2,0,0,1,linux,BFC
2e642afb61b24401a7ec819d27ddcd69c7c29784,31,11,0,7,linux,BFC
c7c5e6ff533fe1f9afef7d2fa46678987a1335a7,10,0,2,2,linux,BFC
fb8dc5fc8cbdfd62ecd16493848aee2f42ed84d9,0,0,1,1,linux,BFC
f1ecaf8f9c9924badd4c8f690e39632d31edb500,1,0,0,1,linux,BFC
2dc702c991e3774af9d7ce410eef410ca9e2357e,106,1,2,2,linux,BIC
93636d1f1f162ae89ae4f2a22a83bf4fd960724e,0,3,1,1,linux,BFC
537de0c8ca2b2fd49046e06194425f56e6246148,0,0,1,1,linux,BFC
7df4ae9fe85567a1710048da8229bd85e0da9df7,544,0,2,4,linux,BIC
b3205dea8fbf6db9b1e46a0dad19a0712fdff44f,55,71,5,5,linux,BIC
1f9dec1e0164b48da9b268a02197f38caa69b118,7,0,0,1,linux,BIC
c077dc5e0620508a29497dac63a2822324ece52a,0,1,1,1,linux,BFC
13de9cca514ed63604263cad87ca8cb36e9b6489,199,0,3,1,linux,BIC
4492b739c9ccfaf828bd7c02dc779ec2a5e55ff4,13,0,7,3,linux,BFC
63f13937cbe9b00982dfc8e578b1aec8e5037333,2,0,2,2,linux,BIC
a2b4198cab7e3edcb78fce77e0e8aca130435403,0,0,1,1,linux,BFC
40bb9d3147b2de4c6380f25e6a75e54013beeef4,19,0,0,1,linux,BIC
ea24b19562fe5f72c78319dbb347b701818956d9,1,0,0,1,linux,BFC
031097d9e079e40dce401031d1012e83d80eaf01,3,3,17,4,linux,BFC
633e8799ddc09431be2744c4a1efdbda13af2b0b,5,0,22,1,linux,BFC
f5992b72ebe0dde488fa8f706b887194020c66fc,3,0,0,1,linux,BIC
ae148243d3f0816b37477106c05a2ec7d5f32614,0,0,1,1,linux,BFC
2e8e70d249e8c5c79bf88bbb36bb68154ab15471,2,0,0,1,linux,BFC
c1e3330f22bc3c53e6a2c4282dd5a1dc6e6bcca1,3,0,2,1,linux,BFC
7b6ece968fca4ec9e42d34caff7e06dc84c45717,3,0,0,1,linux,BFC
2d151d39073aff498358543801fca0f670fea981,109,0,6,5,linux,BIC
8c79d8223bb11b2f005695a32ddd3985de97727c,4,0,2,1,linux,BFC
ae8637e13185ab05b45bcf35f769f7f627c6714c,50,0,1,5,linux,BIC
3645a34f5b962aeedeb02f30cdf048eaae9b5f5c,2,0,1,1,linux,BFC
55dd6f93076bb82aa8911191125418dcfcbf2c9b,117,0,19,2,linux,BIC
0cf737808ae7cb25e952be619db46b9147a92f46,31,28,5,1,linux,BIC
500462a9de657f86edaa102f8ab6bff7f7e43fc2,204,97,265,2,linux,BIC
fd15dd0586896392f6f29daa5b9eeb6c1b18df6a,0,0,2,1,linux,BFC
19e506b317497a8c2b3ec2f12314d355d2f00ad0,0,2,12,1,linux,BFC
5e388e95815408c27f3612190d089afc0774b870,16,0,10,3,linux,BFC
3be63b1e1838e35ce93e83f19573e949f4b389b4,3,0,2,1,linux,BFC
2ee84cfefb1e72541d3981e0255fba1dee907ff7,0,156,0,2,linux,BIC
46c7405df7de8deb97229eacebcee96d61415f3f,1,0,0,1,linux,BFC
cfee8793a74dc3afabb08fc9ed5bbe2045709dbb,67,2,6,4,linux,BIC
98fd72fe82527fd26618062b60cfd329451f2329,0,1,0,1,linux,BFC
c69c1b6eaea1b3e1eecf7ad2fba0208ac4a11131,62,0,0,1,linux,BIC
ae2778a64724f77fd6cad674461a045fb3307df7,4,0,1,1,linux,BFC
1d8ef0c07664dc48f2ff19a90b62dd3f6f425547,0,0,1,1,linux,BFC
f54bcf2ecee982da47c2baf8bd87fd9ad9984651,314,274,15,5,linux,BIC
5c06147128fbbdf7a84232c5f0d808f53153defe,5,2,0,1,linux,BFC
fb2caa50fbacd21719a90dd66b617ce3cb4fd6d7,18,0,1,1,linux,BIC
1625f4529957738be7d87cf157e107b8fb9d23b9,1,0,7,2,linux,BIC
9992a078b1771da354ac1f9737e1e639b687caa2,12,0,3,1,linux,BFC
3cded41794818d788aa1dc028ede4a1c1222d937,49,22,5,9,linux,BIC
2d69fbf3d01a5b71e98137e2406d4087960c512e,55,0,4,1,linux,BFC
95778c2d0979618e3349b1d2324ec282a5a6adbf,8,0,1,1,linux,BFC
ddea6cf7b619ec4b9a630d0073c4fc64d0ac2b9c,38,17,62,1,linux,BIC
b1394e745b9453dcb5b0671c205b770e87dedb87,25,0,0,3,linux,BIC
a43508995a913893c5f303e56415d06432b15619,0,0,2,1,linux,BFC
1aa6c4f6b8cd84b8b36ebf43c6861ca87eab4da0,104,0,1,1,linux,BIC
4c22b80f61540ea99d9b4af0127315338755f05b,2,0,0,1,linux,BFC
d4d6fb5787a6ef6e1dab731d617ebda6be73d561,1,0,3,1,linux,BIC
758ff03387228824617cef9507e5682488bf9e0c,167,0,0,1,linux,BIC
ff1712f953e27f0b0718762ec17d0adb15c9fd0b,14,13,0,1,linux,BFC
3713a4e1fdb8da86f96a3e770b08e278d97529b4,0,1,1,1,linux,BIC
c7b6a566b98524baea6a244186e665d22b633545,1,1,0,1,linux,BFC
b57b08e6f431348363adffa5b6643fe3ec9dc7fe,0,0,2,1,linux,BFC
607ca46e97a1b6594b29647d98a32d545c24bdff,32037,29500,229,576,linux,BIC
15adb20f64c302b31e10ad50f22bb224052ce1df,3,0,9,1,linux,BFC
10d5509c8d50a2c2f761a08a616530dced35e2d8,258,187,493,28,linux,BIC
d69129b4e46a7b61dc956af038d143eb791f22c7,23,20,2,1,linux,BIC
520da69d265a91c6536c63851cbb8a53946974f0,0,0,1,1,linux,BFC
08d3ffcc0cfaba36f6b86fd568cc3bc773061fa6,0,2,2,2,linux,BFC
08f051eda33b51e8ee0f45f05bcfe49d0f0caf6b,165,22,8,7,linux,BIC
7599a896f2e46e9c072e02a8299a67d4d2f96675,5,3,0,1,linux,BFC
d28e4dff085c5a87025c9a0a85fb798bd8e9ca17,33,0,6,1,linux,BFC
76ff5cc91935c51fcf1a6a99ffa28b97a6e7a884,13,0,2,2,linux,BIC
c63b0968946b2d72178a92793bcc9439e19b385f,16,1,5,1,linux,BFC
1af20714fedad238362571620be0bd690ded05b6,0,2,0,1,linux,BFC
560655247b627ac74f5ec0c023b31c5a1f621a62,230,0,12,1,linux,BIC
1ff2775a32ef105d9bdbb5f00f20293244a2accc,19,23,4,2,linux,BFC
9f058fa2efb10cd75884c4ee6c357bab07715f02,116,0,24,1,linux,BIC
f86e4718f24b83be0c42894d2b97accc993d65d3,2,0,0,1,linux,BIC
72b603ee8cfc6be587f301568d79ce38e7ed735d,42,0,0,1,linux,BFC
f4d0b39c842585c74bce8f8a80553369181b72df,0,0,2,1,linux,BFC
216902ae770e21e739cd3b530b0b3ab3c28641d3,6,0,13,1,linux,BFC
8c5c660529209a0e324c1c1a35ce3f83d67a2aa5,0,18,2,5,linux,BFC
6a7c59c6d9f3b280e81d7a04bbe4e55e90152dce,0,0,2,1,linux,BFC
e505edaedcb9e7d16eefddc62d2189afaea0febc,2445,0,0,1,linux,BIC
da93d2913fdf43d5cde3c5a53ac9cc29684d5c7c,0,3,1,1,linux,BFC
10b89c43a64eb0d236903b79a3bc9d8f6cbfd9c7,24,0,12,1,linux,BFC
66064dbc0c787b11dacb3b07ee5157edf084870b,0,2,4,3,linux,BFC
5d804a5157dbaa64872a675923ae87161165c66b,0,0,1,1,linux,BFC
141bc9abbbffa89d020957caa9ac4a61d0ef1e26,3,0,1,1,linux,BFC
f1774cb8956a35269f539efcee99fe7eda838b77,107,0,28,7,linux,BIC
10da65423fdbee185da5bb65f829a9d9312c1198,50,0,9,1,linux,BIC
2f201ae14ae0f91dbf1cffea7bb1e29e81d4d108,5,0,0,1,linux,BFC
92c9d5627a79b02299dd13e3e0ec695475726cf8,1,0,0,1,linux,BFC
475c3f599582a34e189f047ed3fb7e90a295ea5b,0,0,22,1,linux,BFC
4c44abf43d00d81f5c648f376c436a9405980efc,104,0,3,5,linux,BIC
4c2c8f03a5ab7cb04ec64724d7d176d00bcc91e5,1,0,4,1,linux,BIC
05669b63170771d554854c0e465b76dc98fc7c84,1,0,12,3,linux,BFC
0d2808f338c7cb0ccf6b087dd7be0e4fa0c865e0,22,0,5,1,linux,BIC
c775d2098d35bd130a883bbdf6af9401a8c4cb2d,3,0,1,1,linux,BFC
47669fb6b5951d0e09fc99719653e0ac92b50b99,0,0,2,1,linux,BFC
a08a53ea4c97940fe83fea3eab27618ac0fb5ed1,69,2,59,5,linux,BIC
4fd62f15afa0d0da4823f429a2fb4c3492a84edf,0,1,2,3,linux,BIC
e6d4ef7d58aa7e64aa735e1b3c7b670e4fb34d6f,94,0,0,1,linux,BIC
9a9acdccdfa430457986db608ee4ae4840107057,1,0,0,1,linux,BFC
8b9f9d4dc511309918c4f6793bae7387c0c638af,0,1,4,1,linux,BIC
4bacc9c9234c7c8eec44f5ed4e960d9f96fa0f01,31,24,10,8,linux,BIC
b4711098066f1cf808d4dc11a1a842860a3292fe,3,0,0,1,linux,BFC
9c936e3f4c4fad07abb6c082a89508b8f724c88f,2,0,9,2,linux,BFC
3d7c8257d999bdf8fa77ffd9be775c7b58cc7b69,1,12,22,1,linux,BFC
18fce56134c987e5b4eceddafdbe4b00c07e2ae1,8,0,0,1,linux,BFC
7e777b1b012e977cfd04347fb347f3f5d097f99e,3,0,1,1,linux,BFC
deab2b0524aa1d7d081a1b17d283a76f11c45b1b,1,0,2,1,linux,BFC
387181dcdb6c1ee254efab4744846a7a53d4c4cb,28,8,0,2,linux,BIC
c9613335bf4fe259a654aa0e9701f0c4cddc12ba,1072,576,28,6,linux,BIC
2d62e6b038e729c3e4bfbfcfbd44800ef0883680,0,0,1,1,linux,BFC
63d42708320d6d2ca9ed505123d50ff4a542c36f,0,0,1,1,linux,BFC
7a32f2962c56d9d8a836b4469855caeee8766bd4,2,0,2,1,linux,BFC
67b38de646894c9a94fe4d6d17719e70cc6028eb,0,5,2,1,linux,BFC
636e36b19d3fac05a21f6a1d2236a2e0b04fe52d,0,0,1,1,linux,BFC
2d7ce0e8a704d1aedc4462817a4eade1c3b00fbe,76,0,2,4,linux,BIC
909e9c9c428376e2a43d178ed4b0a2d5ba9cb7d3,0,0,1,1,linux,BFC
6051d3bd3b91e96c59e62b8be2dba1cc2b19ee40,7,0,1,1,linux,BFC
f30785db7546520acd53aac7497d42352ff031e0,2,0,1,1,linux,BFC
f965333e491e36adb0fa91e389fba8685b704fb6,394,0,0,4,linux,BIC
f1815650b547db745bef35f74395e113fcf62cac,0,0,1,1,linux,BFC
815581c11cc29f74af252b6306ea1ec94160231a,22,0,0,2,linux,BIC
9816ef6ecbc102b9bcbb1d83e12c7fb19924f38c,0,0,1,1,linux,BFC
984cf355aeaa8f2eda3861b50d0e8d3e3f77e83b,6,0,0,1,linux,BFC
700cb70730777c159a988e01daa93f20a1ae9b58,2,1,1,1,linux,BFC
6d4f3e2bfc4968eba13ea41bd3040ed76733324b,0,0,1,1,linux,BFC
0ea488ff8d23c93da383fcf424825c298b13b1fb,88,0,9,3,linux,BFC
76ed0b803a2ab793a1b27d1dfe0de7955282cd34,0,0,1,1,linux,BFC
6eefb79d6f5bc4086bd02c76f1072dd4a8d9d9f6,0,4,1,1,linux,BFC
51b910c3c70986a5a0a84eea11cb8e904e37ba8b,3,3,0,1,linux,BFC
acc02a109b0497e917c83f986a89c51e47d0022c,190,0,0,2,linux,BIC
f414854c884364b8a563760054be615555a62b3a,34,2,15,3,linux,BIC
3a6684385928d00b29acac7658a5ae1f2a44494c,0,0,1,1,linux,BFC
1571875beecd5de9657f73931449bda1b1329b6f,4,12,11,8,linux,BFC
c7d8669f46ba97f6a8e14d6e9b8d6c39e2c07727,10,0,4,1,linux,BFC
ddabfa5c2e33f1b495f3e0176de7057850915c0b,0,19,0,2,linux,BFC
b94f9ac79a7395c2d6171cc753cc27942df0be73,2,0,27,1,linux,BFC
4e0400525691d0e676dbe002641f9a61261f1e1b,100,0,3,1,linux,BIC
12db3c8083fcab4270866a88191933f2d9f24f89,0,0,1,1,linux,BFC
10f0d2f57705350bbbe5f28e9292ae3905823c3c,195,0,0,2,linux,BIC
387f989a60db00207c39b9fe9ef32c897356aaba,1,0,0,1,linux,BFC
937e3133cd0b99b0724aebd081fed372441c9915,4,0,11,1,linux,BIC
95978df6fa328df619c15312e65ece469c2be2d2,9,0,1,1,linux,BFC
1e7107c5ef44431bc1ebbd4c353f1d7c22e5f2ec,1,3,1,3,linux,BFC
13cf4cf030183dd9a8731f3fe32456e83b6c7b68,0,0,5,3,linux,BFC
e20cf8d3f1f763ad28a9cb3b41305b8a8a42653e,80,9,19,5,linux,BIC
ae3272ec5e9772de143b6326b2c3a61529786ddd,0,3,3,1,linux,BFC
397862855619271296e46d10f7dfa7bafe71eb81,64,3,15,3,linux,BFC
de1d657816c6fbb70f07b01d50ec669dff0d4e60,0,0,1,1,linux,BFC
e24c3bec3e8e254a3784b3e4c97bd3a76fbcc807,551,0,0,4,linux,BIC
e4502c63f56aeca887ced37f24e0def1ef11cec8,8,0,1,2,linux,BIC
869712fd3de5a90b7ba23ae1272278cddc66b37b,9,0,0,1,linux,BFC
fbfa97b4d79f26042f188b84959065213e9d3e99,26,0,7,4,linux,BIC
2bc5bab9a763d520937e4f3fe8df51c6a1eceb97,6,0,0,1,linux,BFC
2874211fcdb751e2962d68cdb9783fa1ff8eb340,0,0,1,1,linux,BFC
b43a9e76b4cc78cdaa8c809dd31cd452797b7661,0,0,1,1,linux,BFC
75b28affdd6aed1c68073ef53907c7bd822aff84,51,50,77,1,linux,BIC
fd9c40f64c514bdc585a21e2e33fa5f83ca8811b,6,4,65,4,linux,BFC
b59320cc5a5e6ceaa17f0895ffbe0711ebad7adf,651,0,0,2,linux,BIC
f4745a92781b872455f32feb01d1dce92aefcb6c,0,2,1,1,linux,BFC
aecd6f44266c13b8709245b21ded2d19291ab070,3,10,4,1,linux,BIC
54a4b2b45817ea2365b40c923c098a26af0c0dbb,1,0,1,1,linux,BFC
9407f5a7ee77c631d1e100436132437cf6237e45,1,5,5,1,linux,BFC
83753117f1de4f6ef7588fac9545065eed1e85e2,146,0,1,5,linux,BIC
c7b7bd07404c52d8b9c6fd2fe794052ac367a818,64,0,3,5,linux,BIC
629c66a22c21b692b6e58b9c1d8fa56a60ccb52d,8,4,2,1,linux,BFC
41ca302a697b64a3dab4676e01d0d11bb184737d,4,0,1,1,linux,BFC
6e7408acd04d06c04981c0c0fb5a2462b16fae4f,1,0,0,1,linux,BFC
6d3865f9d41f15ddbcecaa6722871fc0db21d7ab,182,0,87,3,linux,BIC
7cce8e4efe5e782e130f79f8d55fdad48f2db52d,2,0,4,1,linux,BFC
6a537d48461deacc57c07ed86d9915e5aa4b3539,39,0,0,1,linux,BIC
41c89b64d7184a780f12f2cccdabe65cb2408893,94,0,0,4,linux,BIC
ed3655729182a59b9bef1b564c6fc2dcbbbe954e,0,0,1,1,linux,BFC
4ade8f31c25bef7ce7ed4d7cbac17df7c4bad850,15,6,5,1,linux,BFC
473971187d6727609951858c63bf12b0307ef015,6,0,1,1,linux,BFC
c58d9c1b26e3ab2933abc7d5444e945ddad44809,79,0,30,2,linux,BIC
0daf2bf5a2dcf33d446b76360908f109816e2e21,3,0,0,1,linux,BFC
fcf4793e278edede8fcd748198d12128037e526c,3,0,0,1,linux,BIC
29042e19f2c602fabe4705b5b719550b4627639c,15,1,33,3,linux,BIC
ee32f32335e8c7f6154bf397f4ac9b6175b488a8,61,4,12,3,linux,BFC
b806c94ee44e53233b8ce6c92d9078d9781786a5,0,0,1,1,linux,BFC
37fbd834b4e492dc41743830cbe435f35120abd8,3,0,0,1,linux,BFC
fb448ce87a4a9482b084e67faf804aec79ed9b43,1,0,0,1,linux,BFC
e85ec6c3047be0646e7c572e24869c212b685c7c,2,1,8,1,linux,BIC
69f6a34bdeea4fec50bb90619bc9602973119572,0,0,6,2,linux,BFC
4fd5750af02ab7bba7c58a073060cc1da8a69173,0,2,23,1,linux,BFC
0df5bef739601f18bffc0d256ae451f239a826bd,2,26,4,2,linux,BFC
4df0bfc79904b7169dc77dcce44598b1545721f9,12,1,1,1,linux,BFC
e335bb51cc15e80ac180701a0d335ef1c050828e,0,0,3,2,linux,BFC
ddcd945e556e2cc6be8f88ef0271b56927ffbe98,0,0,1,1,linux,BFC
f38a9eb1f77b296ff07e000823884a0f64d67b2a,104,9,8,6,linux,BIC
283d736ff7c7e96ac5b32c6c0de40372f8eb171e,1,0,1,1,linux,BFC
acceb12a9f8b97ff0e76d3febed4e9941674e571,82,14,56,6,linux,BIC
d58b0c39e32f1b410af4d070f9d1a1416057c166,51,112,163,5,linux,BIC
24dcb3d90a1f67fe08c68a004af37df059d74005,114,0,0,5,linux,BIC
8bef0af09a5415df761b04fa487a6c34acae74bc,1,0,2,1,linux,BFC
bb0de3131f4c60a9bf976681e0fe4d1e55c7a821,62,0,8,4,linux,BIC
44870a9e7a3c24acbb3f888b2a7cc22c9bdf7e7f,14,2,0,1,linux,BFC
afba937e540c902c989cd516fd97ea0c8499bb27,749,0,0,2,linux,BIC
fe8d9571dc50232b569242fac7ea6332a654f186,0,32,21,1,linux,BFC
ad6d66bcac77e5145eb67449f8354ed0f936258c,7,0,37,1,linux,BIC
5993b9887ac3b80fba78e1a488ac748d6e4429c1,8,0,5,1,linux,BFC
66eefe5de11db1e0d8f2edc3880d50e7c36a9d43,6,6,0,1,linux,BFC
8a1ac5dc7be09883051b1bf89a5e57d7ad850fa5,10,0,0,1,linux,BFC
7ede0b0bf3e2595d40d6195b6fe4c4dcef438830,845,0,0,9,linux,BIC
ea7cb8293874f8d9cf36c9e5387e2247f15373dc,4,5,16,3,linux,BIC
c13de2386c78e890d4ae6f01a85eefd0b293fb08,2,2,0,1,linux,BFC
0adbdfde8cfc9415aeed2a4955d2d17b3bd9bf13,6,4,8,2,linux,BFC
a03fe72572c12e98f4173f8a535f32468e48b6ec,58,0,25,1,linux,BFC
64ec6ccb76e6ef13c40ad68e125545f8807a26c8,6,6,0,1,linux,BFC
e9af4ea2b9e7e5d3caa6354be14de06b678ed0fa,20,2,3,3,linux,BIC
ffba2123e1714a27e9362fda57c42155dda37efc,7,0,0,1,linux,BFC
46936fd65c107ed935e21bfa6fc00b4f510b1714,1,1,3,1,linux,BFC
1b5a42d9c85f0e731f01c8d1129001fd8531a8a0,0,1,3,1,linux,BFC
d2fa87c3af0df7ed10463afc588affdab954fa92,1,0,0,1,linux,BFC
8ce371f9846ef1e8b3cc8f6865766cb5c1f17e40,25,0,2,4,linux,BFC
f2adbae0cb20c8eaf06914b2187043ea944b0aff,1,0,0,1,linux,BFC
1298d51c44fddcb609ea6c9fa37b76028593963b,0,0,1,1,linux,BFC
ca95c1411198c2d87217c19d44571052cdc94725,3,0,0,1,linux,BFC
0ca4e20ba3de1a1077ee36df22176c2055497923,2,0,1,1,linux,BFC
d2154b0afa73c0159b2856f875c6b4fe7cf6a95e,0,0,1,1,linux,BFC
82a9928db560c429807f02467d22394f944a8916,4,0,8,1,linux,BIC
9675931e6b65d160d16bcc9472c1acef15524def,0,5,0,1,linux,BFC
4ee39733fbecf04cf9f346de2d64788c35028079,2,0,0,1,linux,BFC
15a07b33814d14ca817887dbea8530728dc0fbe4,175,0,26,4,linux,BIC
231609785cbfb341e7d6d24a74d6ab8cc518835f,0,0,5,1,linux,BIC
cd1dbf76b23d5ab2cba5e657fe20b1e236a408cc,231,0,0,7,linux,BIC
3d2e7aec70130af53289eccd41696c15ce2c3e89,0,0,4,1,linux,BIC
7882c895b71b8cd6c81946fcc8e13d15a2841de7,6,0,2,1,linux,BFC
8114865ff82e200b383e46821c25cb0625b842b5,19,0,0,2,linux,BFC
e12d6218fda20d03960f3f2cca44741ba8d5e9a8,9,79,32,2,linux,BIC
60ba032ed76e851d30d4fa514847285252147d07,0,30,19,3,linux,BIC
2253efc850c4cf690516bbc07854eeb1077202ba,4,2,6,1,linux,BIC
4e1a720d0312fd510699032c7694a362a010170f,1,0,1,1,linux,BIC
bab715bdaa9ebf28d99a6d1efb2704a30125e96d,0,0,1,1,linux,BFC
9c481b908b011398b1491752271cd1e2c9ad5758,2,0,1,2,linux,BFC
a0ccdc4a77a1b36b682ae60361879eca0a0f88d6,65,0,1,2,linux,BIC
2e315dc07df009c3e29d6926871f62a30cfae394,31,4,12,3,linux,BIC
e93530ae0e5d8fcf2d908933d206e0c93bc3c09b,34,0,31,2,linux,BFC
041444458835d7fb2c9f042598bfe16bf375b15d,30,8,9,2,linux,BFC
479bcc7c5b9e1cbf3278462d786c37e468d5d404,705,634,632,1,linux,BIC
04ced159cec863f9bc27015d6b970bb13cfa6176,16,18,16,1,linux,BIC
1752c9ee23fb20e5bfdbedf677e91f927f2b8d80,0,2,11,3,linux,BIC
c5413ad815a675b5c98a002353d8e96b44b164e9,1165,0,0,1,linux,BIC
536a6f88c49dd739961ffd53774775afed852c83,174,0,10,2,linux,BIC
578620f451f836389424833f1454eeeb2ffc9e9f,2,0,1,1,linux,BFC
00cc1633816de8c95f337608a1ea64e228faf771,7,0,4,1,linux,BFC
1ed7d0c0fdbacc679d8a934e27161bc0787533c4,916,0,0,3,linux,BIC
550b349af0f0e33fedb252aca8dc144299aca308,0,0,4,2,linux,BFC
b2bf1e2659b1cba5e65f81781cfd530be447f80b,5,0,14,2,linux,BIC
da765a2f599304a81a25e77908d1790414ecdbb6,200,0,12,4,linux,BIC
11b717d6152699623fb1133759f9b8f235935a51,145,0,11,4,linux,BIC
e86bb8acc0fdca82d22d12d46ef5482ecc408b26,19,1,9,1,linux,BIC
5b33f48842fa1e13e9c0ea8cc59c1d0df19042db,80,0,1,4,linux,BIC
88b7b7c0c2ba2c1f2c589ee883050717fe91af22,0,0,1,1,linux,BFC
3acb50c18d8d6650f10919464ade4dcdaf41d62f,25,13,18,2,linux,BIC
0cef8e2c5a07d482ec907249dbd6687e8697677f,2,0,0,1,linux,BFC
126534141b45d9d1b205fbe3f2321200074b76fd,277,0,2,3,linux,BIC
ef7ec41f17cbc0861891ccc0634d06a0c8dcbf09,0,0,1,1,linux,BFC
85a1c11913312132d0800ca2c1c42a011f96ea92,0,0,1,1,linux,BFC
8fd2e0b505d124bbb046ab15de0ff6f8d4babf56,7,0,0,1,linux,BIC
0fb52a27a04ad88a68a89b1bed32892fb16fa100,3,12,5,1,linux,BIC
7fb6f78df7003234d8df4f90aeecc432d7d0c804,1,0,0,1,linux,BFC
92f66f84d9695d07adf9bc987bbcce4bf9b8e87c,42,9,7,1,linux,BFC
b47bea2b5c3bf17270defe8529774dad114bcee5,0,0,1,1,linux,BFC
802bfb19152c0fb4137c6ba72bcf042ee023e743,16,0,2,2,linux,BIC
a3fb1e330dd21d96c2e07dda513ad7e9af8b6ccf,29,0,3,1,linux,BIC
1f14b57ffc0adcbba0cf35214b0a6129ceae9d09,0,0,3,1,linux,BFC
3c37745ec614ff048d5dce38f976804b05d307ee,36,17,18,1,linux,BIC
1321a6af30e45e467d0a5da00e8480c48cb627ee,1,0,5,1,linux,BFC
d8bf0c01642275c7dca1e5d02c34e4199c200b1f,6,5,0,1,linux,BFC
238734262142075056653b4de091458e0ca858f2,0,2,1,1,linux,BFC
502f389a0fd2d987ea7405cb57c02817328b6f7a,0,2,1,1,linux,BFC
27fad74a5a77fe2e1f876db7bf27efcf2ec304b2,4,0,0,1,linux,BFC
3ef240eaff36b8119ac9e2ea17cbf41179c930ba,76,0,15,1,linux,BIC
e751732486eb3f159089a64d1901992b1357e7cc,4,1,2,1,linux,BIC
3ed0a1d563903bdb4b4c36c58c4d9c1bcb23a6e6,2,0,0,1,linux,BFC
ef60031022eb6d972aac86ca26c98c33e1289436,5,0,1,1,linux,BFC
41657514c796e1f0a8cf289780aff8f79643b7e5,137,0,0,1,linux,BIC
137a5258939aca56558f3a23eb229b9c4b293917,1,0,0,1,linux,BFC
944d671d5faa0d78980a3da5c0f04960ef1ad893,1,1,3,1,linux,BFC
cb3ef7b00042479277cda7871d899378ad91f081,0,0,9,1,linux,BFC
7ea96eefb0097d243af62fc672be9f17b10338b3,29,2,0,1,linux,BFC
fd63031b8c0763addcecdefe0e0c59d49646204e,2,0,0,1,linux,BFC
7b051f665c32db3339ac9b6d9806ef508d09647f,0,4,2,1,linux,BIC
de72a20dc3714918b208430dd426c9f6a23ffaec,14,0,0,1,linux,BFC
f24e9980eb860d8600cbe5ef3d2fd9295320d229,2436,0,0,4,linux,BIC
762f899ae7875554284af92b821be8c083227092,10,0,8,6,linux,BFC
123521b6b260d901937d3fb598ab88d260c857a6,0,0,2,1,linux,BFC
d254586c34538c0014280806c5d4795697cf21e5,207,0,0,2,linux,BIC
332fbf576579a78a769209a9e588dae0c8fc0bdb,256,95,75,3,linux,BIC
2d32cd3315f37a20cd4753a2bad7e28be183e748,0,0,1,1,linux,BFC
a580982f0836e079171f65f22d82768a12f85570,114,26,50,2,linux,BIC
15f7cfae912ea1739c8844b7edf3621ba981a37a,44,0,1,2,linux,BFC
fdf433121f82766ff508a6f06665d2aca3e258d5,3,0,1,1,linux,BFC
e2d79cd8875fa8c3cc7defa98a8cc99a1ed0c62f,1,0,0,1,linux,BFC
1b523ca972edba2025e45080b08385928a29aa30,23,0,26,2,linux,BIC
943126417891372d56aa3fe46295cbf53db31370,0,9,0,2,linux,BFC
8ceee660aacb29721e26f08e336c58dc4847d1bd,12860,0,0,31,linux,BIC
033b87d24f7257c45506bd043ad85ed24a9925e2,6,0,15,1,linux,BIC
e9d3009cb936bd0faf0719f68d98ad8afb1e613b,7,0,2,2,linux,BIC
2087ced0fc3a6d45203925750a2b1bcd5402e639,113,1,26,5,linux,BFC
d1dcd678257603e71cf3f3d84c70e2b6f0f14bb8,204,42,9,1,linux,BIC
ef834f7836ec0502f49f20bbc42f1240577a9c83,3694,0,0,6,linux,BIC
05a82481a3024b94db00b8c816bb3d526b5209e0,0,0,1,1,linux,BFC
1dc7b1f10dcbbaf875a0770b2b26d63bc326d92a,52,60,34,2,linux,BIC
b39a982ddecf1d95ed96f8457c39d3ea11df93f6,3768,0,1,6,linux,BIC
7dad16913b765f2e3ab0cd54b2c4a2f3a5e83e95,0,1,0,1,linux,BFC
6ae4edab2fbf86ec92fbf0a8f0c60b857d90d50f,0,0,1,1,linux,BFC
201c910bd6898d81d4ac6685d0f421b7e10f3c5d,480,0,0,4,linux,BIC
4f7cce2724031a1c302cd6b2bed677c2acebba83,7,0,0,1,linux,BIC
4e05d5f24b2c0cdb8adb3c3b93dc05fe7facae66,0,0,1,1,linux,BFC
d6a9000b81befd436fe4bcdae76322928bda724c,136,2,1,2,linux,BIC
581bb050941b4f220f84d3e5ed6dace3d42dd382,483,36,17,10,linux,BIC
7298de9cd7255a783ba93533acbf1c2b0a9c582d,79,0,4,1,linux,BIC
57cd6d157eb479f0a8e820fd36b7240845c8a937,10,0,6,1,linux,BFC
84316ca4e100d8cbfccd9f774e23817cb2059868,1,0,0,1,linux,BFC
93f8244431adf2e205f9b12dda099dcf6d83a7b5,170,21,84,8,linux,BIC
0e7ca83e82d021c928dadf4c13c137d57337540d,0,0,41,1,linux,BFC
0e2d2aaaae52c247c047d14999b93486bdbd3431,73,46,39,3,linux,BIC
7264235ee74f51d26fbdf97bf98c6102a460484f,1,0,0,1,linux,BFC
c08b1f45d7d193b3e6dcbbf30d403cb49b667b8c,79,0,0,2,linux,BIC
5b9e70b22cc5927e29871492d801155373682b55,82,16,21,5,linux,BIC
053f2b85631316a9226f6340c1c0fd95634f7a5b,0,0,1,1,linux,BFC
20b8264394b33adb1640a485a62a84bc1388b6a3,0,0,2,1,linux,BFC
21f6f946938693628721d68f13b8ea2afa789b4a,1,0,0,1,linux,BFC
0dd1e3773ae8afc4bfdce782bdeffc10f9cae6ec,0,0,1,1,linux,BFC
bea74641e3786d51dcf1175527cc1781420961c9,254,0,31,3,linux,BIC
ed2a1002d25ccdb6606c8ccb608524118bd30614,10,0,14,1,linux,BIC
f941d3e41da7f86bdb9dcc1977c2bcc6b89bfe47,25,0,0,3,linux,BIC
1b9867eb6120db85f8dca8ff42789d9ec9ee16a5,0,0,1,1,linux,BFC
45dd0e55317ccb27fe8eae639275c2b3a2fb52e5,217,0,0,2,linux,BIC
97f69747d8b11c76df321894344beeae6bafc301,192,0,0,1,linux,BIC
19ab78ca86981e0e1e73036fb73a508731a7c078,1,0,1,1,linux,BFC
a683012a8e77675a1947cc8f11f97cdc1d5bb769,0,0,3,1,linux,BFC
420bd9e2d93e4a4121d5bdf3a051b0ddefa9c1cc,0,8,1,3,linux,BFC
8a1e918d833ca5c391c4ded5dc006e2d1ce6d37c,4,0,2,1,linux,BFC
1f4613cdbe7739ce291554b316bff8e551383389,3,0,2,1,linux,BFC
eab0c6089b68974ebc6a9a7eab68456eeb6a99c7,27,16,34,5,linux,BIC
275e928f19117d22f6d26dee94548baf4041b773,4,0,0,1,linux,BFC
2632f174a2e1a5fd40a70404fa8ccfd0b1f79ebd,18,15,25,7,linux,BFC
b39c0615d0667b3a6f2f5c4bf99ffadf3b518bb1,2,1,0,1,linux,BFC
cfb444552926989f9f558f8863270e50e3efb4a3,2,0,2,1,linux,BIC
79962038dffab28094782406d8e27b095a26ce51,0,0,1,1,linux,BIC
b56774163f994efce3f5603f35aa4e677c3e725a,0,0,1,1,linux,BIC
cca19f0b684f4ed6aabf6ad07ae3e15e77bfd78a,9,0,12,1,linux,BFC
11af6de4799ee6eeae3730f18fd417414d212e2d,1,0,1,1,linux,BFC
a204aef9fd77dce1efd9066ca4e44eede99cd858,2,0,5,1,linux,BFC
dafd6c496381c1cd1f5ba9ad953e810bdcc931bc,2,0,1,1,linux,BFC
4165bf015ba9454f45beaad621d16c516d5c5afe,0,0,1,1,linux,BFC
b4dd04ac6ef88259ddb59ca809ca5845c7892139,0,32,20,1,linux,BIC
4424c35ead667ba2e8de7ab8206da66453e6f728,0,0,1,1,linux,BFC
9c87ae1a0dbeb5794957421157fd266d38a869b4,0,0,2,1,linux,BFC
5586cf61e108019565bb936daeb296e53df1c1d6,63,0,1,3,linux,BIC
47b8ff194c1fd73d58dc339b597d466fe48c8958,9,0,5,2,linux,BIC
9183671af6dbf60a1219371d4ed73e23f43b49db,36,0,4,1,linux,BFC
ecb2caae6aa7e33a8b413479d802a6b818316f97,3,0,1,1,linux,BFC
ed0907e3bdcfc7fe1c1756a480451e757b207a69,2,0,7,2,linux,BFC
003002e04ed38618fc37b92ba128f5ca79d39f4f,6,0,4,1,linux,BIC
ca2b46dacbf5caaa070c0195c794a35b49b189d1,57,0,0,1,linux,BIC
d5e75500ca401d3128c82c5b0dee2f9b259d5b5c,416,4,46,1,linux,BIC
9b7e6242ee4efcd7f9ef699bf1965e3a5343f216,421,0,0,1,linux,BIC
1e797f556c616a42f1e039b1ff1d3c58f61b6104,8,5,11,5,linux,BIC
594a81b39525f0a17e92c2e0b167ae1400650380,2,0,0,1,linux,BFC
59eb87cb52c9f7164804bc8639c4d03ba9b0c169,79,0,4,2,linux,BFC
4f2a8f5898ecd806cc0ccece1df4c0f143f80a74,656,0,0,4,linux,BIC
f5c2cb583abe8a5049a32c7b093e2852f344a3e9,2,0,0,1,linux,BFC
87173557d2f6d28ba6e19f8aaf6b7f3d45d51511,274,279,219,8,linux,BIC
81239c6f7972d4909a6862d08ed1d2943983ffd4,1,0,0,1,linux,BFC
1a1f460ff151710289c2f8d4badd8b603b87d610,46,0,2,2,linux,BIC
d8a441e53e2434b1401e52dfd66b05263e442edc,1,0,1,2,linux,BFC
f501b6a2312e27fffe671d461770426fe5162184,0,0,1,1,linux,BFC
e585513b76f7b05d08ca3fb250fed11f6ba46ee5,114,508,6,6,linux,BIC
b0c664cc80e8780fdc06cf2e1281d7fcc1ab536f,33,0,0,1,linux,BIC
2d653936eb2cf613526290caa512b46e4c0d71ae,10,0,1,2,linux,BIC
6206b7981a36476f4695d661ae139f7db36a802d,11,0,6,1,linux,BIC
b59fb1900b4feedd2fa9256326e65b5632627465,90,18,27,2,linux,BIC
31975e27a4b5ca3ff1ca42d7d12bc936d3166d4c,0,0,56,15,linux,BIC
eaf4722d4645c6b5a0cacd1f7bbe03ab1af14f6b,3047,0,0,3,linux,BIC
ec44610fe2b86daef70f3f53f47d2a2542d7094f,36,0,8,4,linux,BIC
49b2e27ab9f66b0a22c21980ad8118a4038324ae,0,0,1,1,linux,BFC
ebcd210e93b2a984b7a7b82d45f7f0d21b7ec2d2,0,0,2,1,linux,BFC
fe2ed42517533068ac03eed5630fffafff27eacf,1,0,1,1,linux,BFC
dd98fbc558a035728beed08a16c443f9fd37eb2b,64,16,27,1,linux,BIC
3d17b9b5ab11556b2fea07d4f24154095a685ad2,285,0,6,3,linux,BIC
64b5b97b8cfff64409fcc234ae3151bc8de0c4d6,1,6,1,1,linux,BFC
ad6bf88a6c19a39fb3b0045d78ea880325dfcf15,1,1,6,4,linux,BIC
d62e7fbea4951c124a24176da0c7bf3003ec53d4,0,0,1,1,linux,BFC
3791b3f6fb74d265c93d493d9bbf29c1e769ceae,2,0,1,1,linux,BFC
b896b03bc7fce43a07012cc6bf5e2ab2fddf3364,0,0,18,1,linux,BFC
53c26181950ddc3c8ace3c0939c89e9c4d8deeb9,0,0,1,1,linux,BFC
a7f79f99541eff4e6bcae0014eb08d3019337565,136,0,0,1,linux,BIC
75ccae62cb8d42a619323a85c577107b8b37d797,21,25,17,4,linux,BIC
6b27c8adf27edf1dabe2cdcfaa101ef7e2712415,3,0,0,1,linux,BFC
ee0b27a3a4da0b0ed2318aa092f8856896e9450b,0,0,2,1,linux,BFC
954a8e3aea87e896e320cf648c1a5bbe47de443e,2,0,5,1,linux,BFC
26e495f341075c09023ba16dee9a7f37a021e745,2,0,0,1,linux,BIC
039f50629b7f860f36644ed1f34b27da9aa62f43,5,27,51,12,linux,BIC
09b5dfff9ad68f3619ea5b656ba5f941226f6afe,13,2,23,1,linux,BIC
c15d5a645875bc9b89f68f5d3fb608f691ac78d7,0,0,1,1,linux,BFC
bc3931557d1d55584100b1ffefc248137b5cb7e1,29,0,0,2,linux,BIC
e69e72faa3a0709dd23df6a4ca060a15e99168a1,26,0,1,5,linux,BIC
7c1ddcee5311f3315096217881d2dbe47cc683f9,6,0,1,2,linux,BFC
c04a1f17803e0d3eeada586ca34a6b436959bc20,14,19,0,1,linux,BFC
6f7f0b3df6d49316c6f27390bb5ec250255be548,817,0,4,5,linux,BIC
bac04454ef9fada009f0572576837548b190bf94,0,0,1,1,linux,BIC
34fad54c2537f7c99d07375e50cb30aa3c23bd83,5,0,3,1,linux,BIC
a577ca6badb5261d3fa1bcbb3332ae7874f1a3a2,247,3,4,2,linux,BIC
c490513c818d1ec61aff1614f5d0e38de680665f,2,0,0,2,linux,BFC
71ae40e4cf3323b89ea910b82947d5e5e08c94bf,0,19,65,1,linux,BIC
1916d319271664241b7aa0cd2b05e32bdb310ce9,4,0,0,1,linux,BFC
556755a8a99be8ca3cd9fbe36aaf9b3b0339a00d,10,2,0,1,linux,BFC
e284df705cf1eeedb5ec3a66ed82d17a64659150,4,0,1,1,linux,BFC
ccf7f4088af2dd6733bfcbc40b488e2484345ae5,139,0,0,3,linux,BIC
7b9de97711225559af213dc52b6ea883ef1ea7a8,0,2,0,1,linux,BFC
a925aa00a55e3b72bd38bfdd3d6f97c0d900c949,50,0,1,1,linux,BIC
eb15c78b05bd9fbac45ee5b56aaf29b2570b5238,0,1,10,3,linux,BFC
e09ee853c92011860a4bd2fbdf6126f60fc16bd3,7,3,5,1,linux,BFC
769e0de6475e5512f88bfb4dbf6d6323fd23514f,2,0,2,1,linux,BFC
e6a9a2c3dc4377f62650faf1c978d073c55d62ec,23,0,0,3,linux,BIC
6baca7601bdee2e57f20c45d63eb53b89b33e816,0,2,1,2,linux,BIC
66ba7c88507344dee68ad1acbdb630473ab36114,2,0,3,1,linux,BFC
b2832b96fcf50270d69dae3f95bf14949ff638e4,7,0,2,1,linux,BIC
68187872c76a96ed4db7bfb064272591f02e208b,2,2,9,1,linux,BFC
39f4034693b7c7bd1fe4cb58c93259d600f55561,1006,0,0,4,linux,BIC
bd18bffca35397214ae68d85cf7203aca25c3c1d,151,18,2,1,linux,BFC
16b1941eac2bd499f065a6739a40ce0011a3d740,0,3,0,1,linux,BFC
780aa1209f88fd96d40572b62df922662f2b896d,0,0,1,1,linux,BFC
1d0dcb3ad9d336e6d6ee020a750a7f8d907e28de,8,7,9,1,linux,BIC
ca66dca5eda6bd16b7b27fed2a034f2396df5627,676,0,0,3,linux,BIC
6f51fdfd8229d5358c2d6e272cf73478866e8ddc,2,1,1,1,linux,BFC
d22558dd0a6c888b1829f9d3a0a627e330e27585,31,0,10,2,linux,BIC
8ffccd119a5908b240a26182be44c0ff3d1e3d85,1,0,6,1,linux,BFC
22466da5b4b7a82d3e5a9c21c752cae91a21dc91,0,3,6,1,linux,BIC
2589c4025f1301ccf7421d9c2f0001a4f87380ea,1,1,16,3,linux,BIC
753c4dd6a2fa2af81f5d809d610d29f2d9dd9bc1,101,0,28,5,linux,BIC
c09cb1293523dd786ae54a12fd88001542cba2f6,10,0,1,2,linux,BFC
92e074acf6f7694e96204265eb18ac113f546e80,2,0,4,1,linux,BFC
d6e71a43b11c67cae3f3c595beef020899ec68e9,8,8,4,1,linux,BFC
c7ff0e918a7cb39f6bfb2a7bdc30199986ff1571,6,0,7,2,linux,BIC
6e34d358b24ffc40764eb3681164c79091765429,1,0,9,1,linux,BFC
8f5bc1ec770c2bdc8c604ba4119a77d81d8f3529,2,0,1,1,linux,BFC
f6efc675c9dd8d93f826b79ae7e33e03301db609,50,0,0,4,linux,BIC
652b7b6740eb52d98377a881c7730e36997f00ab,0,1,0,1,linux,BFC
85af74c474b21940e88483fd48f6094145c89d97,1,0,0,1,linux,BFC
ee6373ddf3a974c4239f56931f5944fd289146e7,2262,0,0,2,linux,BIC
cb9f753a3731f7fe16447bea45cb6f8e8bb432fb,12,0,26,19,linux,BIC
e58eeb5a7335218498218cde8e96bcf3b7ae4a4a,0,0,2,1,linux,BFC
58556204662812f4beec1bc8ee7685884037e0a4,447,0,0,1,linux,BIC
c9d61dcb0bc26a761dc84a87bd8a0d3b3c432f10,10,0,6,1,linux,BIC
353def80c3d37a8e4a196b6856df4bc8c67304bf,20,0,4,1,linux,BFC
f7e6b19bc76471ba03725fe58e0c218a3d6266c3,47,9,0,1,linux,BIC
22843545b20007ae33bc3774043303e0b44e3d65,40,5,0,2,linux,BIC
0a353c2e9435ecea39f8ffbe09dc88fd931e88fd,0,0,1,1,linux,BFC
7be91e02ed578234b1c29a0f5fa9e5ecdd954e06,1526,0,0,1,linux,BIC
72a7a9925e2beea09b109dffb3384c9bf920d9da,4,0,1,1,linux,BFC
65e412a01bc0161175a962abd5a7fef6a62d5c8e,0,0,2,1,linux,BFC
6d329f14a75f3858a1254abca8b94d4fab556a9a,1078,7,6,1,linux,BIC
324e4f85070f89b58c5f9926370ad19dea907dc7,44,0,1,3,linux,BIC
90b5363acd4739769c3f38c1aff16171bd133e8c,28,31,8,3,linux,BIC
da1c4f85692476ab038e3279209f07b8f4b7641e,125,0,0,2,linux,BIC
679152d3a32e305c213f83160c328c37566ae8bc,1,0,18,1,linux,BFC
e848dbd364aca44c9d23c04bef964fab79e2b34f,7,0,0,1,linux,BIC
05296e7535d67ba4926b543a09cf5d430a815cb6,1,38,18,1,linux,BFC
c7f91bd4102902384137dd5c50d04bfed27050dd,8,0,2,1,linux,BFC
3aee8a3a88fa533b74fb75640ca23001358e5476,24,19,0,1,linux,BFC
43a44c5322d1030d8f36ad679307c61f5b4e3716,21,0,17,2,linux,BFC
ba236455ee750270f33998df57f982433cea4d8e,0,0,1,1,linux,BFC
4bb18054adc4939a3c1f895d8d0a1556a5f8b26a,30,0,1,3,linux,BIC
738d9edcfd44f154924692e54109fb439fcf8bdd,22,0,8,1,linux,BIC
09c6bbf090ecb52c8d670fa4d5730be134a8ec8b,49,21,13,1,linux,BIC
81658ad0d92306ceb271994b90cd49ffde10eeda,318,0,0,1,linux,BIC
42a9a53bb394a1de2247ef78f0b802ae86798122,0,0,1,1,linux,BFC
3c9c797534364593b73ba6ab060a014af8934721,0,0,1,1,linux,BFC
6c389fc931bcda88940c809f752ada6d7799482c,8,0,6,1,linux,BIC
48ec7014c56e5eb2fbf6f479896143622d834f3b,1,0,1,1,linux,BFC
ec5d31e3c15d5233b491400133c67f78a320062c,69,0,20,2,linux,BIC
b1728ff617f88a1f7a5d8c8f21fe17a2f6af5d16,0,1,1,1,linux,BFC
dbb26055defd03d59f678cb5f2c992abe05b064a,64,0,2,1,linux,BFC
662f24826f954d49d56211822bcd7b3109287961,1261,0,0,1,linux,BIC
726cb3ba49692bdae6caff457755e7cdb432efa4,86,0,0,3,linux,BIC
00f7f90c51dfc2403257e2c7410d453e72bf6a41,1,14,3,1,linux,BFC
7fa6be4fd2f60399f3f3370a87629e102407a724,32,0,53,6,linux,BIC
3d7250667ea96e7f9738caa6d5af85d87982066e,27,2,30,4,linux,BIC
cd3a4907ee334b40d7aa880c7ab310b154fd5cd4,7,0,4,1,linux,BFC
cd6ef7eebf171bfcba7dc2df719c2a4958775040,0,0,2,1,linux,BFC
c508f41da07882602d7eda9268febbefc095695a,410,0,0,1,linux,BIC
a89d69a44e282be95ae76125dddc79515541efeb,4,2,0,1,linux,BFC
8f815cdde3e550e10c2736990d791f60c2ce43eb,0,0,1,1,linux,BFC
65f8b80053a1b2fd602daa6814e62d6fa90e5e9b,29,6,16,1,linux,BFC
450f0f6a8fb499a6ef3d10ab5c29a7c4650a9958,71,4,1,3,linux,BIC
aca1ebf491518910df156f3dab6a66306bb52e28,15,15,1,1,linux,BFC
7f503169cabd70c1f13b9279c50eca7dfb9a7d51,99,0,0,3,linux,BIC
59564e117356d5bb6df6876c03d7d650361781c9,3,0,1,1,linux,BFC
f75a697e091375c96c35f733a664e3557171f28b,29,0,6,2,linux,BIC
b5e82e3c89c78ee0407ea8e8087af5519b6c7bae,1,1,0,1,linux,BFC
fec7b6690541b8128663a13c9586b1daf42b0a6c,375,0,0,1,linux,BIC
1137e61dcb99f7f8b54e77ed83f68b5b485a3e34,1,0,5,1,linux,BFC
79b63f12abcbbd2caf7064b294af648a87de07ff,5,0,15,1,linux,BFC
2f2ff0ee5e4303e727cfd7abd4133d1a8ee68394,243,0,10,5,linux,BIC
3f1c7aa28498e52a5e6aa2f1b89bf35c63352cfd,0,1,8,1,linux,BFC
dda4b8f73231e70df32f3a218b7ceb6704ec860c,2,0,9,1,linux,BFC
ae3f011fc25104a218caf4448b1d47ef1c9b3a42,4,0,6,1,linux,BIC
8b89637dbac2d73d9f3dadf91b4a7dcdb1fc23af,2,0,0,1,linux,BFC
3da88fb3bacfaa33ff9d13730d17110bb2d9604d,9,4,10,2,linux,BIC
5f110ac4bed8693adb21146067149a48c2b9bd07,2,0,4,1,linux,BIC
d6c4f0298cec8c4c88d33aca17c066995e92fe91,574,131,94,7,linux,BIC
60cf46ae605446feb0c43c472c0fd1af4cd96231,13,0,6,1,linux,BIC
a0b957f306fa4d0a39f4ffe5e5e25e856e6be46e,22,20,33,1,linux,BIC
fd45bb77ad682be728d1002431d77b8c73342836,2,2,0,1,linux,BFC
9b40eebcd339c47921ff8b04c77af7c762b74216,4,0,3,1,linux,BFC
5649607a8d0b0e019a4db14aab3de1e16c3a2b4f,2,0,0,1,linux,BFC
43de81b0601df7d7988d3f5617ee0987df65c883,1,0,0,1,linux,BFC
2167e2399dc5e69c62db56d933e9c8cbe107620a,0,3,0,1,linux,BIC
986c1748c84d7727defeaeca74a73b37f7d5cce1,4,0,0,1,linux,BFC
e57358873bb5d6caa882b9684f59140912b37dde,0,0,2,2,linux,BIC
5f9c55c8066bcd93ac25234a02585701fe2e31df,6,0,0,1,linux,BIC
a124692b698b00026a58d89831ceda2331b2e1d0,7,5,8,1,linux,BIC
c67df11f6e48061e43e9bf9dade83fe268b47d27,117,1,5,1,linux,BIC
44b321e5020d782ad6e8ae8183f09b163be6e6e2,2,0,1,2,linux,BFC
78cc6e7ef957037d7562e56d4463cf26da4e9e0e,0,0,2,2,linux,BIC
2d5a9c72d0c4ac73cf97f4b7814ed6c44b1e49ae,15,5,6,1,linux,BIC
089bf1a6a924b97a7e9f920bae6253a8ad581cf3,128,6,2,2,linux,BIC
11d49ce9f7946dfed4dcf5dbde865c78058b50ab,0,2,3,1,linux,BFC
f6ec01da40e4139b41179f046044ee7c4f6370dc,7,0,13,1,linux,BFC
8935f57e68c40c6469efe03f996bfb6150e18c6b,1,2,1,1,linux,BIC
a658c929ded7ea3aee324c8c2a9635a5e5a38e7f,0,0,3,1,linux,BFC
9c43f3865c2a03be104f1c1d5e9129c2a2bdba88,0,20,7,3,linux,BFC
2228f19cf90ef796c8d84f54f3a5db2dcc85c83f,0,0,2,1,linux,BFC
5c2dbebb446539eb9640bf59a02756d6e7f1fc53,4,0,0,1,linux,BFC
3e749f5199e1604bedc67ed479c01332b91c0129,0,0,4,1,linux,BFC
a322b3377f4bac32aa25fb1acb9e7afbbbbd0137,6,0,2,1,linux,BFC
ab703f818ac36b9e74f61b8890f14e5446b7c012,14,85,34,2,linux,BIC
ae47d009b5088a61f13c9b87a5d1eb37ecb38e85,36,0,1,1,linux,BIC
3ee593adbbb46d9e1bb1320915943926f4744483,0,0,1,1,linux,BFC
783f3db030563f7bcdfe2d26428af98ea1699a8e,2,0,0,1,linux,BFC
2c0df9f9eddbc87fa2ef8da86264995404d816b9,0,0,1,1,linux,BFC
61a461fcbd62d42c29a1ea6a9cc3838ad9f49401,3,0,0,1,linux,BFC
c4735d990268399da9133b0ad445e488ece009ad,2,0,2,1,linux,BFC
786c1b51844d858041166057c0c79e93c2015013,84,4,19,5,linux,BIC
93dd5f185916b05e931cffae636596f21f98546e,0,1,6,1,linux,BFC
94c752f99954797da583a84c4907ff19e92550a4,1,0,1,1,linux,BFC
eaa27e7fe43f16fe587c3e93fd5c25ce86be3c43,0,0,1,1,linux,BFC
66940061a52fba730fdb49e133502e19be684202,5,0,9,2,linux,BFC
2288a9a68175cec9f91afb52948ba585b690774b,13,9,8,1,linux,BFC
cf4ac3fef33883a14131d8925d7edfbdb7d69b68,4,4,3,1,linux,BIC
5d510ed78bcfcbbd3b3891cbe79cd7543bce1d05,0,3,0,1,linux,BFC
ff7ee93f47151e23601856e7eb5510babf956571,3,0,2,1,linux,BIC
1a913270e57a8e7f1e3789802f1f64e6d0654626,0,0,1,1,linux,BFC
11249e73992981e31fd50e7231da24fad68e3320,3,0,3,1,linux,BFC
70837ffe3085c9a91488b52ca13ac84424da1042,0,0,1,1,linux,BFC
1ba398041f5b5a15456ea20a9ba3ff80b6a4e7d1,5,0,1,2,linux,BFC
230ec83d4299b30c51a1c133b4f2a669972cc08a,10,0,2,1,linux,BFC
ab7d763e477c5be33ac9cffc68e808bbd69371f7,1,0,4,1,linux,BIC
2c87d63ac853550e734edfd45e1be5e5aa44fbcc,1,0,1,1,linux,BFC
6b278c0cb378079f3c0c61ae4a369c09ff1a4188,7,5,2,1,linux,BIC
ada49d64fb3538144192181db05de17e2ffc3551,6,0,1,1,linux,BFC
9f5afeae51526b3ad7b7cb21ee8b145ce6ea7a7a,77,8,141,8,linux,BIC
9fb8d5dc4b649dd190e1af4ead670753e71bf907,4,0,1,1,linux,BIC
4f9f4f0f6261e4b162dfcaf91e08824a7c93da07,0,1,0,1,linux,BFC
92046578ac88e0a93f8ef03240e6c832b0189aa7,0,1,0,1,linux,BFC
799ea9e9c59949008770aab4e1da87f10e99dbe4,14,1,0,4,linux,BFC
64afe6e9eb4841f35317da4393de21a047a883b3,1,1,0,1,linux,BFC
7af3ea189a9a13f090de51c97f676215dabc1205,47,11,14,2,linux,BIC
f7225172f25aaf0dfd9ad65f05be8da5d6108b12,4,0,4,1,linux,BFC
bd5632b0989b180db1199f7fc6969dd4ca45643d,0,0,1,1,linux,BFC
8d465bb777179c4bea731b828ec484088cc9fbc1,1,0,0,1,linux,BFC
3c9101766b502a0163d1d437fada5801cf616be2,2,0,4,1,linux,BFC
0755e85570a4615ca674ad6489d44d63916f1f3e,1,0,2,1,linux,BFC
ae75ff8145384000e27eaa805c12e6971e3bec45,733,0,0,2,linux,BIC
b41c232d33666191a1db11befc0f040fcbe664e9,13,0,3,1,linux,BIC
b8a0dbe3a90b2debd72cd9a304eacac55c44e5a4,110,0,2,4,linux,BIC
c3ddfe66d2bb511f7fbcdc8e64952c7859e7e69d,0,15,0,1,linux,BFC
bfed1074f213051e94648bfad0d0611a16d81366,51,0,0,2,linux,BIC
f07fed82ad7994cc4d779ee79bdf7a46848c4b8f,0,16,3,1,linux,BIC
02316e963a5a2217aa13f64bb5fc37a3a6d0f5ef,10,0,3,2,linux,BIC
531958f6f357cf7f812974152954484ff77d3964,63,65,1,8,linux,BIC
5368512abe08a28525d9b24abbfc2a72493e8dba,1,0,1,1,linux,BFC
0ce611c906bff3d6c3d72f3d5d8de79ea0490fa0,0,1,6,1,linux,BFC
9933e113c2e87a9f46a40fde8dafbf801dca1ab9,38,0,1,1,linux,BFC
40aa583ea345624967c5b6232082d7b839de537c,1,0,0,1,linux,BFC
31d2350d602511efc9ef626b848fe521233b0387,0,0,1,1,linux,BFC
4b1fb9352f351faa067a914907d58a6fe38ac048,0,0,2,1,linux,BFC
97154ec242c14f646a3ab3b4da8f838d197f300d,7,0,0,1,linux,BFC
3209f9d780d137cdb54c85e0a776cb19e723a170,3,0,1,1,linux,BIC
277867ade8262583f4280cadbe90e0031a3706a7,0,0,2,1,linux,BFC
d4e991313bd5e10bfa66cd280b8fce6dc3f2d897,0,0,1,1,linux,BFC
4d023737b2efcaac36e4e6bbfdce3a3b377f3946,1,2,2,1,linux,BIC
ed54ffbe554f0902689fd6d1712bbacbacd11376,0,0,2,1,linux,BFC
986430446c917ba89de5f2beadfec7a90e6a1b2b,15,0,5,1,linux,BIC
6874f48bb8b050b695698f1145e6846ba08baa75,31,135,48,7,linux,BIC
4a519b83da16927fb98fd32b0f598e639d1f1859,1,0,1,1,linux,BFC
46f20a353b80d02492655d99714f0566018a17e8,2,0,0,1,linux,BFC
8de2ae2a7f1fd71dc56d6b014029f93093e9c5d5,323,0,0,1,linux,BIC
ec16b6bbdab1ce2b03f46271460efc7f450658cd,1,0,2,1,linux,BFC
fff7b8ab225547828db9c57cdf05a03d5b4a7153,601,0,0,1,linux,BIC
b0e8b3417a620e6e0a91fd526fbc6db78714198e,0,44,25,3,linux,BIC
76d2703649321c296df7ec0dafd50add96215de4,7,0,6,1,linux,BIC
b399cf64e318ac8c5f10d36bb911e61c746b8788,0,0,1,1,linux,BFC
34333cc6c2cb021662fd32e24e618d1b86de95bf,6,0,3,1,linux,BFC
d427caee5a3f04938f47bec6fdec97a52668ee53,3,0,1,1,linux,BFC
c3b7112df86b769927a60a6d7175988ca3d60f09,1,0,2,1,linux,BFC
e59bf547a7dd366f93bfebb7487959580ca6c0ec,0,8,6,1,linux,BFC
a31b2f939219dd9bffdf01a45bd91f209f8cc369,25,0,0,2,linux,BFC
98479ada421a8fd2123b98efd398a6f1379307ab,13,0,0,1,linux,BIC
49d52e8108a21749dc2114b924c907db43358984,0,0,1,1,linux,BFC
388e201d41fa1ed8f2dce0f0567f56f8e919ffb0,19,0,9,3,linux,BFC
d2788d34885d4ce5ba17a8996fd95d28942e574e,12,42,19,3,linux,BIC
c57d117f2b2f2a19b570c36f2819ef8d8210af20,6,0,1,1,linux,BFC
b53df2e7442c73a932fb74228147fb946e531585,37,12,0,2,linux,BFC
27f7ed2b11d42ab6d796e96533c2076ec220affc,2,0,0,1,linux,BFC
da7c9561015e93d10fe6aab73e9288e0d09d65a6,2,0,1,1,linux,BFC
a7ee22ee1445c7fdb00ab80116bb9710ca86a860,459,0,0,1,linux,BIC
5488dc16fde74595a40c5d20ae52d978313f0b4e,325,0,4,8,linux,BIC
ba814fdd0eac312be9cf204066760ef8d0f57221,7,0,8,1,linux,BIC
bfaa9f8553d5c20703781e63f4fc8cb4792f18fd,0,0,1,1,linux,BFC
b192571d1ae375e0bbe0aa3ccfa1a3c3704454b9,0,0,2,1,linux,BIC
a383b68d9fe9864c4d3b86f67ad6488f58136435,6,6,2,2,linux,BFC
eb4f5213251833567570df1a09803f895653274d,0,0,2,1,linux,BFC
93de056babc5f0e3df04f0c3cf29e54204d0e65d,0,0,1,1,linux,BFC
caf62492f479585296e9d636c798d5ac256b7b04,0,4,0,1,linux,BFC
33fc379df76b4991e5ae312f07bcd6820811971e,2,2,0,1,linux,BFC
484cea4f362e1eeb5c869abbfb5f90eae6421b38,0,7,1,1,linux,BFC
b05e106698d9966de524e78d9da1bf6407fe0c32,46,0,1,4,linux,BIC
1ae1602de028acaa42a0f6ff18d19756f8e825c6,54,403,226,16,linux,BIC
99cda45426c9a2c59bb2f7cb886a405440282455,1,0,3,1,linux,BFC
d3e014ec7d5ebe9644b5486bc530b91e62bbf624,0,0,1,1,linux,BIC
ca684386e6e21ba1511061f71577cdb6c3f2b3d3,578,0,0,1,linux,BIC
6603249dcdbb6aab0b726bdf372d6f20c0d2d611,8,0,6,2,linux,BIC
ad0b9d94182be8356978d220c82f9837cffeb7a9,0,2,0,1,linux,BFC
bdd75729e5d279d734e8d3fb41ef4818ac1598ab,0,0,1,1,linux,BFC
addc80f0bba9f015208132b804397d9d08399465,5,0,1,1,linux,BFC
6745d356ab393b9cd1e54370054a9899c92f42af,0,67,21,2,linux,BIC
c2a7d2a115525d3501d38e23d24875a79a07e15e,110,0,6,2,linux,BIC
4fa3999ee672c54a5498ce98e20fe3fdf9c1cbb4,0,2,1,1,linux,BFC
bbf9f7d90f21e05e31b7cdd95b32f64dd2819dfe,37,0,9,3,linux,BIC
5a32bfd563e8b5766e57475c2c81c769e5a13f5d,2,0,1,1,linux,BFC
4e46f271c37415323f2b650d02ef50c87ff8d092,0,0,1,1,linux,BFC
38740a5b87d53ceb89eb2c970150f6e94e00373a,1,2,1,1,linux,BFC
15f03ffe4bb951e982457f44b6cf6b06ef4cbb93,1,0,0,1,linux,BFC
ccea5e8a5918110a45c5f1c42ccd56affa0febcb,128,0,0,1,linux,BIC
fd709721352dd5239056eacaded00f2244e6ef58,4,2,3,1,linux,BFC
cee2688e3cd60e0d1ab2f049e31cf11fa3f62540,35,1,8,8,linux,BIC
462e1ead9296a8452499fb10cf3b51903ffe24ac,2,0,0,1,linux,BFC
7f1d4e58dabb2668dd89547619ae4138996a8e26,71,39,17,1,linux,BIC
6e5ebc96ec651b67131f816d7e3bf286c635e749,1,0,3,1,linux,BFC
45d39448b4d0260743f25d88fd929451ec8296f2,4,0,0,1,linux,BIC
02bef8f98d26e9774b49c78a42b29b168e8876fc,10,0,3,1,linux,BIC
27f4e1e9425e1e98d8e1b690edf06b56cd018bef,14,13,0,1,linux,BFC
4f8c55c5ad491dbc7b52ce08bb702ca39ce944cf,0,12,4,5,linux,BIC
5feef64f4c67068c49f5409d43c67cabf2327f66,21,0,18,1,linux,BFC
c1340e8aa628d65bcb5c5b7e332bde8a17851ebf,0,0,8,1,linux,BIC
a4d907b6a33ba22adbbfc443e22eb3c1aa2c73f6,1,22,14,1,linux,BIC
70f1fcbc83582419fd753701c5abe674e05db785,0,3,0,1,linux,BFC
029a374348807222a872ba4baaf6e3e96846aa16,2,20,5,1,linux,BIC
764fa6e686e0107c0357a988d193de04cf047583,0,0,1,1,linux,BFC
b26500274767bacbe571c75926fee2489f91ba28,176,0,0,2,linux,BIC
b9e718e950c3dfa458bbf9180a8d8691e55413ae,399,0,0,1,linux,BIC
1f323127cab086e4fd618981b1e5edc396eaf0f4,0,0,1,1,linux,BFC
6ac16e403900a98f9b330daa5f0d89f76a24c6eb,3,0,0,1,linux,BFC
7c2645a2a30a45d3dc4c98b315a51be44ec69a67,3,0,1,1,linux,BIC
6bd36e0822ca841bbb21d050e80cd690209bd322,0,0,1,1,linux,BFC
55635ba76ef91f26b418702ace5e6287eb727f6a,0,6,19,2,linux,BFC
acef159a0cb2a978d62b641e2366a33ad1d5afef,5,1,5,1,linux,BFC
a40c7f61d12fbd1e785e59140b9efd57127c0c33,1,0,0,1,linux,BFC
660da7c9228f685b2ebe664f9fd69aaddcc420b5,36,0,0,3,linux,BIC
4c5e354a974214dfb44cd23fa0429327693bc3ea,4,0,3,1,linux,BFC
aa37c51b9421d66f7931c5fdcb9ce80c450974be,23,14,5,1,linux,BIC
83ee9f23763a432a4077bf20624ee35de87bce99,0,0,5,1,linux,BFC
f02d4086a8f36a0e1aaebf559b54cf24a177a486,0,0,2,1,linux,BFC
cc4255eff523f25187bb95561642941de0e57497,4,1,0,1,linux,BFC
5b2f94b27622d5b92d1cebf4bb5a627db4444607,171,0,2,2,linux,BIC
75d2b2b06bd8407d03a3f126bc8b95eb356906c7,3,0,0,1,linux,BIC
373c4557d2aa362702c4c2d41288fb1e54990b7c,4,0,1,1,linux,BFC
8bafae202c82dc257f649ea3c275a0f35ee15113,18,0,0,1,linux,BIC
df6b92fa40050e59ea89784294bf6d04c0c47705,0,0,1,1,linux,BFC
6dfacadd5858882eee1983995854d4e1fb1b966e,6,0,1,2,linux,BIC
c3322022897ca528b57e8854cd4fc40c61f81eb6,5,0,2,1,linux,BIC
4b45efe8526359a11ca60a299bef3aebf413fd77,783,0,0,4,linux,BIC
0b7029b7e43fda1304c181a3ade0b429b9edcd9d,0,0,1,1,linux,BIC
ea5d8cfa33d2b34fda24e9bb0baad46685e0ef1a,0,5,1,1,linux,BFC
75478b3b393bcbdca4e6da76fe3a9f1a4133ec5d,0,8,0,1,linux,BFC
9d609649bb29a882e7e6bf502adb45dcac178fe5,8,0,2,1,linux,BIC
15da78084d584977547e7ba46d8253c27d17507c,0,0,2,1,linux,BFC
1380f5754cb0cc4b765629b153fc0e7030b86da2,14,0,3,4,linux,BIC
e4c82eafb609c2badc56f4e11bc50fcf44b8e9eb,1,0,2,1,linux,BFC
a7d4b171660cadd0b410be132759267731da11bb,120,0,4,1,linux,BIC
858e26a515c28df3ef542d9c09493b54a329d6cf,1,0,3,1,linux,BIC
e6fbb97da5212ceab7149896832d35fa1ab02f34,0,0,1,1,linux,BFC
b7a49f73059fe6147b6b78e8f674ce0d21237432,50,9,19,5,linux,BIC
777c6e0daebb3fcefbbd6f620410a946b07ef6d0,1,8,4,2,linux,BFC
6cf3c971dc84cb36579515ddb488919b9e9fb6de,152,0,1,3,linux,BIC
d9e1397783765a275c3a7930250dcdb7e9480d7d,100,22,10,3,linux,BIC
325b008723b2dd31de020e85ab9d2e9aa4637d35,11,1,1,1,linux,BFC
bb20b31dee1a6c329c2f721fbe21c51945cdfc29,33,3,9,4,linux,BFC
4fbae7d83c98c30efcf0a2a2ac55fbb75ef5a1a5,174,0,7,4,linux,BIC
f9dfed1c785734b95b08d67600e05d2092508ab0,0,2,2,1,linux,BFC
a7889c6320b9200e3fe415238f546db677310fa9,0,28,0,6,linux,BFC
e87473bc1b6c2cb08f1b760cfc8cd012822241a6,13,2,27,5,linux,BIC
3ef5b4023c64c16c793a066a7a2ed6ea3767e0d7,0,0,1,1,linux,BFC
0021d22b73d69f2121b89987a94d5ef5c4e14271,0,7,53,3,linux,BIC
a6cec0bcd34264be8887791594be793b3f12719f,9,0,1,2,linux,BIC
33a04454527edd33d4a6332a2944d2b4f46fbb18,1062,3,10,1,linux,BIC
81dae1f34d56b5a25659d03ffe63be69aca87352,0,0,1,1,linux,BFC
ed0b86a90bf91d0c41f6b373befd2ce98658b49e,33,0,27,5,linux,BIC
e875bd66dfb68f4e898e9a43ef42858c504a7f23,29,34,21,1,linux,BIC
88ba95bedb7958a89ba107a11d9863ca58b64f22,134,11,2,1,linux,BIC
26dee028d365fbc0e3326606a8520260b4462381,0,0,3,1,linux,BFC
393f203f5fd54421fddb1e2a263f64d3876eeadb,56,1,4,6,linux,BIC
d371b7c92d190448f3ccbf082c90bf929285f648,29,0,0,1,linux,BIC
83e416f458d532f173f822be823354ba7e68dc50,833,673,0,3,linux,BIC
b6615659827839f3031c6bd4c1599c3c705778ac,0,0,1,1,linux,BFC
14e23bd6d22123f6f3b2747701fa6cd4c6d05873,2,6,12,1,linux,BIC
5839ee7389e893a31e4e3c9cf17b50d14103c902,5,0,1,1,linux,BFC
a347306fbec5dcaf7c276777b11d530eab6a4526,7,0,1,1,linux,BFC
e0ad032e144731a5928f2d75e91c2064ba1a764c,2,0,0,1,linux,BFC
c285a2f01d692ef48d7243cf1072897bbd237407,14,0,4,3,linux,BFC
be1c2bb3ba5a39c20b1d54e01ffbcb2b1ca7e46c,5,0,1,1,linux,BFC
343dfaa198e98e8195a962c53206ad88076a6066,0,7,1,1,linux,BFC
ae1c696a480c67c45fb23b35162183f72c6be0e1,0,1,3,1,linux,BFC
6760bf2ddde8ad64f8205a651223a93de3a35494,5,0,3,1,linux,BFC
1eda8bab70ca7d353b4e865140eaec06fedbf871,133,9,19,2,linux,BIC
670c672608a1ffcbc7ac0f872734843593bb8b15,718,0,4,4,linux,BIC
f10fe9d85dc0802b54519c917716e6f0092b4ce7,0,6,0,1,linux,BFC
c82965f9e53005c1c62632c468968293262056cb,6,0,0,1,linux,BIC
e828e56684d61b17317e0cfdef83791fa61cb76b,0,17,0,1,linux,BFC
d6a9efece7248d3cbd7bf65d3a8325e8e5dceec0,71,16,4,5,linux,BIC
4b73e4ebd43ce48101a4c09bf13d439a954d61c5,1,75,12,4,linux,BFC
2e52d449bcec31cb66d80aa8c798b15f76f1f5e0,38,5,5,2,linux,BIC
0ce205d4660c312cdeb4a81066616dcc6f3799c4,6,0,3,1,linux,BFC
a9e90d9931f3a474f04bab782ccd9d77904941e9,10,15,38,5,linux,BFC
abee7c494d8c41bb388839bccc47e06247f0d7de,9,0,0,1,linux,BFC
40609d4820b21ff0bb0a58e196601a6747fd55b7,40,195,74,6,linux,BIC
3597dfe01d12f570bc739da67f857fd222a3ea66,0,0,1,1,linux,BFC
95a6432ce903858a2f285d611275340aa574c6ac,500,0,1,5,linux,BIC
2fd215b8fdbe4d3a609adbe3a323696393cb1e53,0,0,1,1,linux,BFC
bd03d440e2589b9c328f40ce60203adf2b19d2e2,2,0,0,1,linux,BFC
853277481178fdf14d1a4e9e6ac7174d6046176f,1,0,1,1,linux,BFC
fd311d880c76dec61fdc6f4b1f3b6653bb189029,6,0,0,2,linux,BFC
b3a5db109e0670d6d168e9cd9de4d272a68f7c35,33,0,2,2,linux,BIC
7304e8f28bb2f3cb2baf37c1bb2caa0f54ca4e43,0,0,1,1,linux,BIC
3256a2d6ab1f71f9a1bd2d7f6f18eb8108c48d17,5,0,2,1,linux,BFC
45392ff6881dbe56d41ef0b17c2e576065f8ffa1,0,1,1,1,linux,BFC
ef46c7af93f98d07cd0ed891f93a26d135785526,18,23,4,5,linux,BIC
e1218b8c0cc1f8108be67ba3783d63eb4a50d792,63,1,9,2,linux,BIC
d6e65bb7ff0d360c4c5462c3d0b237f2a07e5312,2913,0,0,2,linux,BIC
38cb266ad1a24e037220dc563ab46364595b17b6,0,0,35,1,linux,BFC
9c6f19421c935db05c414bdbb3645375cd600f8d,5,0,2,1,linux,BFC
103d0244d29fcaf38f1339d4538919bbbc051490,14,14,4,1,linux,BFC
bfeaec7f7d2f6b09764a1b48e88e9ca3d5076419,0,0,1,1,linux,BFC
7c5925afbc58c6d6b384e1dc051bb992969bf787,262,186,28,11,linux,BIC
949ca6b82e43b342dba153a9fd643fb1b5e9f034,15,11,5,3,linux,BFC
6e852651f28eee851069c7d40989281fae4bf9d2,7,0,0,1,linux,BIC
5638b067d370583c6c455f019129ce33340b4142,0,3,4,3,linux,BFC
e6005436f6cc9ed13288f936903f0151e5543485,6,12,8,1,linux,BFC
20951c7535b5e6af46bc37b7142105f716df739c,4,0,0,1,linux,BIC
5caaed151a68ae36aca2981cc245f5960a0a7603,24,2,13,7,linux,BIC
0d630f58989a1ac741dc6cb0afd49daa95aac0fc,137,1,15,4,linux,BIC
1f2856cde64baa78475e6d3c601fb7b7f693a161,3,0,8,1,linux,BFC
7ff379ba2d4b7b205240e666601fe302207d73f8,2,0,3,1,linux,BFC
9d2e5e9eeb59524a59b461fe256139826d464e1e,7,4,1,4,linux,BIC
9c11b12184bb01d8ba2c48e655509b184f02c769,0,2,8,1,linux,BFC
eb8db831be80692bf4bda3dfc55001daf64ec299,42,301,43,8,linux,BIC
640cde65b48ae6c773f00cbbdece7e67945b3f34,0,0,1,1,linux,BFC
68e4f238b0e9d3670a1612ad900a6e98b2b3f7dd,3,0,5,1,linux,BFC
d223760f38b13f3c0a14978b6c4261b9bd690494,0,0,1,1,linux,BFC
757976ab16be0d07e316998182d82ea7fcf561e2,5,0,5,1,linux,BIC
0237199186e7a4aa5310741f0a6498a20c820fd7,0,2,3,1,linux,BIC
ed24d568bd9190cee046ae64df5890494dea2ca4,16,0,1,1,linux,BFC
fdeb8e1547cb9dd39d5d7223b33f3565cf86c28e,52,33,97,3,linux,BIC
70ed85232a93af5253bff4802ef4ead1e83faa5f,162,0,10,1,linux,BIC
bfa4133795e5a0badd402dd3f58b13b3cec64a4b,30,0,3,1,linux,BFC
3be29eb7b5251a772e2033761a9b67981fdfb0f7,21,3,15,3,linux,BFC
6bda529ec42e1cd4dde1c3d0a1a18000ffd3d419,30,0,0,1,linux,BIC
47cdee29ef9d94e485eb08f962c74943023a5271,30,51,2,3,linux,BIC
1bd3bc745e7f02f471fbf6e3f5f2ac5d788c9f39,37,0,1,3,linux,BIC
f18ec422311767738ef4033b61e91cae07163b22,0,0,3,2,linux,BIC
4167ac8a657e4f0860419adf24d4b91a26580488,10,0,3,1,linux,BIC
627fce14809ba5610b0cb476cd0186d3fcedecfc,885,10,11,12,linux,BIC
a0a777b9409fdb61ec4a752f8f9e88f5916e0a70,96,8,28,7,linux,BIC
46ef6090dbf590711cb12680b6eafde5fa21fe87,7,0,1,1,linux,BFC
8a2c9a5ab4b933efd611af0a1313ec7892f5df1a,72,37,20,3,linux,BIC
03c229906311f3b7232ce134fdd6405288780ed3,0,0,6,1,linux,BIC
32646db8cc2862a14788de1bb4c365d0a27fb532,41,0,1,2,linux,BIC
c73c8b1e47ca275388f774fd36560ab7e994e99e,66,65,93,6,linux,BIC
1ef7286e7f36020e655ebeb82386911b617c5aee,0,195,335,1,linux,BIC
3ff44563dbb02456a33f2a42000f04db4ef19a8f,0,2,2,1,linux,BFC
20feb881988cdf5f53304c355ae8ee3bf82e80ec,71,0,11,2,linux,BIC
5e0fb5df2ee871b841f96f9cb6a7f2784e96aa4e,24,0,6,1,linux,BFC
04d075b7aa8433dc3c98e14c571705effc318cd8,0,2,0,1,linux,BFC
32dba76a7a3104b2815f31b1755f4c0ba1f01a78,3,0,0,1,linux,BFC
ba608c4fa12cfd0cab0e153249c29441f4dd3312,24,0,0,1,linux,BIC
8d021d71b3247937a26ffdf313fd53a9d58778b7,207,0,0,5,linux,BIC
12235da8c80a1f9909008e4ca6036d5772b81192,110,11,27,8,linux,BIC
438b3d3fae4346a49fe12fa7cc1dc9327f006a91,3,0,2,1,linux,BFC
19401a9441236cfbbbeb1bef4ef4c8668db45dfc,6,0,2,1,linux,BFC
32960613b7c3352ddf38c42596e28a16ae36335e,52,4,2,1,linux,BIC
4df910620bebb5cfe234af16ac8f6474b60215fd,14,14,0,1,linux,BFC
9e67600ed6b8565da4b85698ec659b5879a6c1c6,13,0,1,2,linux,BIC
04b25a5411f966c2e586909a8496553b71876fae,0,4,2,1,linux,BFC
9aebfd4a2200ab8075e44379c758bccefdc589bb,979,0,0,1,linux,BIC
fe3fccde8870764ba3e60610774bd7bc9f8faeff,3,1,0,1,linux,BFC
108b249c453dd7132599ab6dc7e435a7036c193f,30,9,13,6,linux,BIC
6af4b60033e0ce0332fcdf256c965ad41942821a,41,0,0,3,linux,BFC
b0d0ce8b6b91a0f6f99045b6019fc4c824634fb4,343,7,0,2,linux,BIC
42a1b73852c4a176d233a192422b5e1d0ba67cbf,15,3,20,5,linux,BIC
e09d168f13f0d63df7fe095d52be04c16cbe1cef,231,0,0,2,linux,BIC
79d0895140e937ba111e6420b4cd83ee75efa788,0,2,10,1,linux,BFC
0df35026c6a527e65b53bc895ad672d648a248f3,3,0,0,1,linux,BIC
a3580ac9b7a394a7d780448ba75cc5348d8a9e04,4,0,2,1,linux,BFC
2da8eb834b775a9d1acea6214d3e4a78ac841e6e,2,0,2,1,linux,BFC
b9a24bb76bf611a5268ceffe04219e6ad264559b,116,9,65,11,linux,BIC
f199b2605c25a0076cdd5c6a9e7eece77f95ce61,0,0,2,1,linux,BFC
40e084a506eba78310cd5e8ab700fd1226c6130a,590,0,2,9,linux,BIC
72e4d07d9499d979a3fc38c77f4120707c709ea5,0,0,1,1,linux,BFC
3084558658c2f9a48d7c460d57aeb30964c06b7e,7,1,4,2,linux,BFC
7f635ff187ab6be0b350b3ec06791e376af238ab,4,0,0,1,linux,BFC
ae4745730cf8e693d354ccd4dbaf59ea440c09a9,2,0,2,1,linux,BFC
c81cfb6256d90ea5ba4a6fb280ea3b171be4e05c,1,0,1,1,linux,BFC
3428fbcd6e6c0850b1a8b2a12082b7b2aabb3da3,0,0,2,1,linux,BFC
05962f95f9ac7af25fea037ef51b37c0eccb5590,2,67,32,1,linux,BFC
f663ad98623926b8d7bdef4b4648d10c0229aebe,12,7,5,2,linux,BFC
c9b0299034665d594e56ee343f28033d1b24de6d,0,23,112,42,linux,BIC
178942b69f4eb695bfb92742b6082052d6730ca0,0,1,0,1,linux,BFC
a7e26f356ca12906a164d83c9e9f8527ee7da022,115,0,0,1,linux,BIC
39715bf972ed4fee18fe5409609a971fb16b1771,0,0,1,1,linux,BFC
da4d4517ba70216799e3eb3b9bd71aa9dca065da,4,0,0,2,linux,BFC
bb94b55af3461e26b32f0e23d455abeae0cfca5d,0,2,7,1,linux,BFC
f889491380582b4ba2981cf0b0d7d6a40fb30ab7,97,5,21,2,linux,BIC
fb9987d0f748c983bb795a86f47522313f701a08,6361,0,0,15,linux,BIC
9177514ce34902b3adb2abd490b6ad05d1cfcb43,2,6,5,1,linux,BIC
0c17ba73c08ff2690c1eff8df374b6709eed55ce,67,0,21,1,linux,BIC
a36e506711548df923ceb7ec9f6001375be799a5,4,0,0,1,linux,BFC
abb99cfdaf0759f8a619e5fecf52ccccdf310c8c,114,25,4,1,linux,BFC
a60c090361ea211625c27052dbbc11c5222e20e4,118,0,0,5,linux,BIC
cdf0b86b250fd3c1c3e120c86583ea510c52e4ce,12,0,2,1,linux,BIC
29693efcea0f38cf40d0055d2401490a4f9bf8be,1,0,0,1,linux,BIC
d8b5524242108cb7d28c9b8b9aded7c1edd0e8a8,22,0,6,1,linux,BFC
66abf5fb4cf713c6fdfccfbbabdcdf834f8bb9e2,0,0,1,1,linux,BFC
6a73b571b63075ef408c83f07c2565b5652f93cc,4,0,0,1,linux,BFC
af641713e97da4126439c3fb1dee031f7e497654,56,17,4,2,linux,BIC
68f5d3f3b6543266b29e047cfaf9842333019b4c,1016,0,4,8,linux,BIC
0b7f41f68710ccbf7d029c749616e5d26ae8f74d,3,0,1,1,linux,BFC
7d6a1ab6a2db180122dee8db6c201f2dcf677813,6,0,1,1,linux,BFC
60b6a7e6a0f4382cd689f9afdac816964fec2921,5,6,1,1,linux,BFC
41e8c7205cfd38014d4849b2c1d81f5712ec2c56,0,0,2,1,linux,BFC
fa164e40c53b3811bb3a83c47eabbdf345e21e5e,1501,1453,8,4,linux,BIC
d121e1d34b72c4975ff0340901d926c0aaf98174,4,0,0,1,linux,BFC
02bcd1577400b0b2eab806ccb9f72d6b5ec7bcca,83,2,5,5,linux,BIC
6acb416bf49f818dbf0aa71aee9f6cae93a505a4,20,0,0,1,linux,BFC
96ee111a659e0f0bdfc48402b9d4162e14016ff1,15,0,4,1,linux,BIC
0014cc04e8ec077dc482f00c87dfd949cfe2b98f,0,0,6,1,linux,BFC
4d906839d321c2efbf3fed4bc31ffd9ff55b75c0,12,0,0,1,linux,BFC
7aefd8b53815274f3ef398d370a3c9b27dd9f00c,0,0,1,1,linux,BFC
2c0e8382386f618c85d20cb05e7cf7df8cdd382c,3,0,1,1,linux,BFC
22cc6c5e1958e5a08b4c44203d1810ab07ce5a16,19,7,11,2,linux,BIC
82abbf8d2fc46d79611ab58daa7c608df14bb3ee,0,34,34,1,linux,BIC
6a37c49a94a95d4cd8ce4e7466f3bbb17e80ca64,2,9,9,1,linux,BIC
8a8ae62f8296760a2a1eee7009a1444c327603e0,23,0,0,2,linux,BIC
0be310979e5e1272d4c5b557642df4da4ce7eba4,1,2,6,1,linux,BFC
1651925d403e077e3fc86f961905e27c6810e132,5,0,2,1,linux,BFC
61fc060c40e6b92350c08a210619fc7d93c61e42,8,0,10,1,linux,BIC
21b5f672fb2eb1366dedc4ac9d32431146b378d3,6,0,0,1,linux,BFC
90c44207cdd18091ac9aa7cab8a3e7b0ef00e847,0,3,0,1,linux,BFC
d0debb76df18f05ecc65579d37203703ffdec44d,0,0,1,1,linux,BFC
5334a3b12a7233b31788de60d61bfd890059d783,1,0,0,1,linux,BFC
24adbc1676af4e134e709ddc7f34cf2adc2131e4,22,0,4,3,linux,BIC
f8885ac89ce310570e5391fe0bf0ec9c7c9b4fdc,2,0,1,1,linux,BFC
802141462d844f2e6a4d63a12260d79b7afc4c34,0,1,1,1,linux,BFC
afa17a500a3667f66df450100538d06769529bba,1240,0,0,3,linux,BIC
e2aa165cd0163cef83cb295eb572aa9fb1604cf4,0,0,1,1,linux,BFC
f7a40873d2fa04d7e87bd829074da9b0f32a33ed,3,2,3,3,linux,BIC
f76502aa9140ec338a59487218bf70a9c9e92b8f,0,0,1,1,linux,BFC
94fcdf829793b141dc93e20a2bbd9eeaa44ea25f,21,0,1,2,linux,BIC
c699b05c408656e7a714ede1f73a1996bef95c4b,0,2,0,1,linux,BFC
aeb7c75cb77478fdbf821628e9c95c4baa9adc63,78,1,12,2,linux,BFC
a59b7e0246774e28193126fe7fdbbd0ae9c67dcc,2,0,4,1,linux,BFC
6444e2a5f1e680278b58ced3568bdff84afe14a5,18,1,2,1,linux,BFC
7ce82f4c3f3ead13a9d9498768e3b1a79975c4d8,1,1,15,7,linux,BFC
57a1681095f912239c7fb4d66683ab0425973838,6,6,12,1,linux,BFC
d9ca1de8c0cd7a8ca2a0506e1741418741848e53,85,113,104,1,linux,BIC
6e7e63cbb023976d828cdb22422606bf77baa8a9,19,9,0,1,linux,BFC
09c61d24f96dfef7791debfcaf96efe067ab2ba8,42,0,0,3,linux,BIC
d532c1082f68176363ed766d09bf187616e282fe,0,5,2,1,linux,BFC
00e2573d2c10813d4192cc8e5969edc4b250a26e,306,2,19,2,linux,BIC
ebd722275f9cfc6752e29d2412fa3816ca05764b,0,878,11,5,linux,BIC
123f62de419f2a49449629ef822ed2c393a4781c,29,0,0,5,linux,BIC
d3ba58bb895915f7f9105e0844441d2ca7d83340,20,4,11,1,linux,BFC
a3ea40d5c7365e7e5c7c85b6f30b15142b397571,43,0,4,5,linux,BIC
050e57fd5936eb175cbb7a788252aa6867201120,4,0,15,1,linux,BIC
e9d3f80935b6607dcdc5682b00b1d4b28e0a0c5d,2,0,2,1,linux,BFC
6a939f365bdb03a74b4617bdb4402fc08da088b9,53,9,2,1,linux,BIC
72b05b9940f00fbfd71a1cb8ea80eb2cc1f90255,33,15,124,2,linux,BIC
21e27ac82db637d2f48f07b3777aae8e7ca52613,8,0,1,1,linux,BFC
5539d31a04b3b9ac5f55edb766f1d21de683fad1,0,0,1,1,linux,BFC
1086db71a1dbbfb32ffb42cf0d540b69956f951e,0,10,4,1,linux,BIC
0be3a1595bf8c7f39153be02c9aae61dd2108576,172,0,0,1,linux,BIC
34f5affd04c4a16d9df19c369bcec6e873e57ffe,95,3,64,4,linux,BIC
2112b8f4fb5cc35d1c384324763765953186b81f,22,0,0,1,linux,BFC
7216436420414144646f5d8343d061355fd23483,69,0,20,6,linux,BIC
9e8990dea9266af68a668b1503dc6f55c56f1bb6,35,0,5,2,linux,BIC
f659b10087daaf4ce0087c3f6aec16746be9628f,2,6,8,1,linux,BFC
f6675872db57305fa957021efc788f9983ed3b67,2,0,2,1,linux,BFC
ef72706a0543d0c3a5ab29bd6378fdfb368118d9,9,0,1,1,linux,BIC
e2bcbd7769ee8f05e1b3d10848aace98973844e4,0,229,0,1,linux,BIC
9e635c2851df6caee651e589fbf937b637973c91,2,0,5,2,linux,BFC
9046625511ad8dfbc8c6c2de16b3532c43d68d48,6,0,0,1,linux,BFC
6532923237b427ed30cc7b4486f6f1ccdee3c647,6,0,20,1,linux,BFC
2796728460b822d549841e0341752b263dc265c4,12,0,21,1,linux,BFC
66077adb70a2a9e92540155b2ace33ec98299c90,1,0,1,1,linux,BFC
3c3292634fc2de1ab97b6aa3222fee647f737adb,1,0,0,1,linux,BFC
4bf79cb089f6b1c6c632492c0271054ce52ad766,5,0,4,1,linux,BFC
a545f5308b6cf476def8a9326f7e82f89623bb03,48,75,17,7,linux,BIC
cfcf99f987ba321a3d122580716beb9b08d52eb8,0,0,1,1,linux,BFC
1f6f1e959a85ee999fbc86f4b094827f63194c7f,34,21,14,1,linux,BFC
753ffad3d6243303994227854d951ff5c70fa9e0,9,0,0,1,linux,BFC
977f739b7126bf98b5202e243f60cbc0a1ec2c3b,3,0,0,1,linux,BIC
6461b446f2a0f40c038f1d09c69d1e5565a84a43,91,0,0,8,linux,BIC
11527f3c4725640e6c40a2b7654e303f45e82a6c,0,0,2,1,linux,BFC
993e4c929a073595d22c85f59082f0c387e31c21,5,0,6,1,linux,BFC
687cb0884a714ff484d038e9190edc874edcf146,2,1,2,1,linux,BFC
289b3b005cb9d9dd6b30297b52c2b4596bc878b2,0,4,3,1,linux,BIC
dc377e013bec20dfedaec5d1f6327e4d57da359b,0,0,2,1,linux,BFC
c74c26f6e398387cc953b3fdb54858f09bfb696b,29,27,17,1,linux,BFC
e74d93e96d721c4297f2a900ad0191890d2fc2b0,3,0,0,1,linux,BFC
d0054a470c33902f5ae88835ed8a8ecc3cf8faa4,194,0,2,2,linux,BIC
579a25a854d482bc9d0f9ab0e07ba32fb66bd9e3,107,16,49,5,linux,BIC
6e1ff618737a2ffa12191dcd99f83ef07fac2e45,25,44,90,3,linux,BFC
b4e76f7e6d3200462c6354a6ad4ae167459e61f8,0,0,1,1,linux,BFC
4bb11d012ab248d0e383008d725be0d26a74fac2,23,0,16,3,linux,BIC
764d3be6e415b40056834bfd29b994dc3f837606,6,0,6,1,linux,BFC
19deaa217bc04e83b59b5e8c8229eb0e53ad9efc,1,0,2,1,linux,BFC
492f5add4be84652bbe13da8a250d60c6856a5c5,10,0,1,1,linux,BIC
68f5c12abbc9b6f8c5eea16c62f8b7be70793163,0,0,1,1,linux,BFC
9774dc218bb628974dcbc76412f970e9258e5f27,0,1,1,1,linux,BFC
ffd9115f6548c51d347489e76bfb7d10e728f43d,60,0,4,1,linux,BFC
36735783fdb599c94b9c86824583df367c65900b,0,0,1,1,linux,BFC
0a3f27b9a6a8f76f1df270e1a18b096f8f5d5dbc,0,1,5,1,linux,BIC
b6240a4df0186c03e5ffff6f61570ed31a1a5172,20,0,0,4,linux,BIC
d0695e2351102affd8efae83989056bc4b275917,4,0,1,1,linux,BFC
0b2b66514fc9971b3a6002ba038d74f77705fd34,31,0,4,2,linux,BIC
293f8995948330e1df9228519535593618b5ec0e,35,0,10,1,linux,BIC
7d1a3d08c8a6398e7497a98cf3f7b73ea13d9939,6,0,0,1,linux,BFC
ec538eb838f334453b10e7e9b260f0c358018a37,3,0,0,1,linux,BFC
ee8665e28e8d90ce69d4abe5a469c14a8707ae0e,34,0,2,1,linux,BIC
90144dd8b0d137d9e78ef34b3c418e51a49299ad,10,11,0,1,linux,BFC
501b125a29f7cd8983960c5f3c80b337b1359cc3,0,0,1,1,linux,BFC
4aa1464acbe3697710279a4bd65cb4801ed30425,14,0,0,1,linux,BFC
5fd56f11838da1580cc77743c08cf02c9cd48380,0,0,1,1,linux,BFC
a772f116702e3f0afdd7e6acadc1b8fb3b20b9ff,0,2,23,3,linux,BIC
5e77b4ef1b19a4ce4051ff2afb706ee675e4b412,106,0,0,1,linux,BIC
e1ceb25a1569ce5b61b9c496dd32d038ba8cb936,0,25,1,2,linux,BIC
e0db94fe87dacd72be0699adcc29e321db7f1689,37,0,18,2,linux,BIC
d145c9031325fed963a887851d9fa42516efd52b,0,8,2,1,linux,BFC
a571bc28326d9f3e13f5f2d9cda2883e0631b0ce,6,0,0,1,linux,BFC
3ed8e1c2ac9914a2fcb08ec13476b85319536cea,49,6,38,1,linux,BIC
77affa31722be7c584b4b1be792423079e64a47d,2,0,20,1,linux,BIC
9c5a559d9495bba6e5b6c5ee4e8e2f2b71088684,1,0,5,1,linux,BFC
9cf94eab8b309e8bcc78b41dd1561c75b537dd0b,2,0,3,4,linux,BFC
ab7b7c715e9a3b74d4e2ee33e6cd5d1bde5332cc,1,0,0,1,linux,BFC
39af663b5fd25c9dd427e12e106763b6b4f9572c,0,1,0,1,linux,BFC
56350fb8978bbf4aafe08f21234e161dd128b417,1,0,1,1,linux,BFC
926172d46038d7610b6b8d84e40db727cefb482d,238,0,3,4,linux,BIC
0b9111922b1f399aba6ed1e1b8f2079c3da1aed8,2,0,2,1,linux,BIC
34f243e9fb5ace1ca760c72e366247eaeff430c0,32,0,4,1,linux,BFC
c493b09b2792336f471d2206be180a4b4c1fc9ba,5,0,0,1,linux,BFC
76c47d1449fc2ad58fec3a4ace45e33c3952720e,19,0,14,1,linux,BIC
9087c37584fb7d8315877bb55f85e4268cc0b4f4,44,8,5,4,linux,BFC
808175e21d9b7f866eda742e8970f27b78afe5db,3,3,4,1,linux,BFC
1899c111a535e43046b14ae13639747d9d2544d6,35,33,5,2,linux,BIC
ab4200c17ba6fe71d2da64317aae8a8aa684624c,8,0,0,1,linux,BFC
5d14c304bfc14b4fd052dc83d5224376b48f52f0,0,0,1,1,linux,BFC
9cd883f07a54e5301d51e259acd250bb035996be,333,110,45,7,linux,BIC
b3d08a4b1e46cd8146eaf6d6cb3779f756f0b3f3,0,0,7,1,linux,BFC
d2263de1372a452cb64666990043b8be5c40b2a1,0,0,1,1,linux,BFC
8f6b5392856a4b74224e257f3e0874a163b04603,2,0,1,3,linux,BFC
c5a9262fa8bfed0dddc7466ef10fcd292e2af61b,2,0,0,1,linux,BFC
88c22088bf235f50b09a10bd9f022b0472bcb6b5,78,0,4,1,linux,BIC
cf949bbe22bee8749078e0b810ee2dc60a983746,0,0,1,1,linux,BFC
1bb4f2e868a2891ab8bc668b8173d6ccb8c4ce6f,1,0,0,1,linux,BFC
62a1efb9f868690d68b11ffb22dc598e547aa184,217,0,0,1,linux,BIC
3bd229976f64bea64c60803f9fc8d9f0059ba2f2,7,0,9,1,linux,BFC
a0aae821ba3d35a49d4d0143dfb0c07eee22130e,169,16,57,4,linux,BIC
c1e329ebec8d0895942e292b64e432b33c93a173,193,0,0,4,linux,BIC
d4e6c054fa953d06025b606b26939468df477fbf,3,0,0,3,linux,BFC
07c3b1a1001614442c665570942a3107a722c314,2,0,0,1,linux,BIC
e8e9f1e6327005be9656aa135aeb9dfdaf6b3032,0,0,1,1,linux,BFC
8a160e2e9aeb8318159b48701ad8a6e22274372d,45,3,30,1,linux,BIC
e7c799e76f070b4ac13498e532574466064ad6a5,0,0,13,1,linux,BFC
0881e22c06e66af0b64773c91c8868ead3d01aa1,5,0,0,1,linux,BFC
d5681f59ee3d4a2e60b9234e94c163cbbf559d0a,2,0,1,1,linux,BFC
be0f272bfc83797f70d44faca86954df62e2bbc0,14,0,7,3,linux,BIC
598c13b21e25542c804dd19b193ca86ca3f5b8c1,0,0,2,1,linux,BIC
bdced7ef7838c1c4aebe9f295e44b7f0dcae2109,34,0,36,2,linux,BIC
6f3da20e151f4121548cf598730ae0f9559ae45d,83,3,37,4,linux,BIC
4eb8080143a9d9fd513bacc65b2466c57983aaae,717,0,0,8,linux,BIC
c649c41d5d0f7d153bd5d5d9c093fec16ee03e00,0,0,5,1,linux,BFC
d934423ac26ed373dfe089734d505dca5ff679b6,13,0,9,1,linux,BFC
1b328a2e095a009518ebac05e937cc0fc242fede,0,1,1,1,linux,BFC
a647a02512ca346bb399d7dc4f57e327f2475286,68,23,60,1,linux,BIC
fc94733e56481d1e3d1ed0038f87cf105793effa,0,0,1,1,linux,BFC
3420ea88509f9d585b39f36e737022faf0286d9a,3,0,0,1,linux,BFC
eb1b2985fe5c5f02e43e4c0d47bbe7ed835007f3,9,0,2,1,linux,BFC
a30dc6cf0dc51419021550152e435736aaef8799,2,0,2,1,linux,BFC
227a3a2fc31d8e4bb9c88d4804e19530af245b1b,10,0,2,1,linux,BFC
a29a7506600d9511dc872a82a139dcfb71c49640,2,0,0,1,linux,BFC
c4f224076d00ccf30c7bd3561cceaed82628c8ce,6,6,0,1,linux,BFC
a3de94e3d61ec6e6c57ee066ec4d28ebc260dafa,24,0,0,3,linux,BIC
007e6e5c5f01d379da91e0e30f83245022fd2579,174,0,6,3,linux,BIC
cfa869438282be84ad4110bba5027ef1fbbe71e4,1,0,0,1,linux,BFC
041549b7b2c7811ec40e705c439211f00ade2dda,0,0,1,1,linux,BFC
9ceee7d0841a8f7d7644021ba7d4cc1fbc7966e3,1,0,1,1,linux,BFC
1d661bf5327a2c059ec967f850e89362e637f4e6,0,0,1,1,linux,BFC
a197f3c7d48c0c1f45076ea47533a76ba9b1a959,3,0,2,1,linux,BFC
12d810c1b8c2b913d48e629e2b5c01d105029839,132,142,104,15,linux,BIC
be9fc0971a5c27b791608cf9705a04fe96dbd395,2,0,1,1,linux,BFC
9037c57681d25e4dcc442d940d6dbe24dd31f461,0,0,1,1,linux,BFC
7a001dbab4ade869a149318f5f112c4f185a40dc,87,0,3,1,linux,BIC
583d6535cb9dadfd2678acfad27231076eeccf8e,1,13,4,1,linux,BFC
0d8f3c67151faaa80e332c254372dca58fb2a9d4,3,0,2,1,linux,BFC
8ca5104715cfd14254ea5aecc390ae583b707607,2,0,0,1,linux,BFC
4df2ef85f0efe44505f511ca5e4455585f53a2da,1,0,0,1,linux,BFC
06ec313eea4f7dcda209b7136618b802c5b30ef8,9,0,3,1,linux,BFC
9493755d7c1156b00b58376752d4c3df7c0a01ec,0,1,0,1,linux,BFC
053ae6499a5634c0dc5fa18437e1af3d2f2ec98e,1,0,0,1,linux,BFC
a43bf604446414103b7535f38e739b65601c4fb2,10,0,1,3,linux,BFC
3ef8b5e19ead5a79600ea55f9549658281415893,1,0,1,1,linux,BFC
0fe42512b2f03f9e5a20b9f55ef1013a68b4cd48,1,0,2,1,linux,BFC
59dd45d550c518a2c297b2888f194633cb8e5700,71,0,0,4,linux,BIC
477d9b2e591b8da6901b7c64cc2f08ce7499cfb6,62,40,23,2,linux,BIC
7fbe078c37aba3088359c9256c1a1d0c3e39ee81,0,0,1,1,linux,BFC
6a02ad66b2c44155d529f430d4fa5c6c66321077,20,4,3,2,linux,BIC
9306e996574f7f57136a62e49cd0075f85713623,0,1,0,1,linux,BFC
c6ad9482fcb85178c44f0368c39f1324a78b8fc2,131,0,0,3,linux,BIC
dd5e3fbc1f472951afd7e7643ace5d1672b31358,141,29,11,3,linux,BIC
21e9b3e931f78497b19b1f8f3d59d19412c1a28f,20,2,28,3,linux,BIC
48f8eaee3f59848809644507fc47363b37e54450,5,0,0,1,linux,BFC
a1a8e4a85cf7daff8b26c7b8698442ef677b4f97,0,1676,0,2,linux,BIC
56cb4e5034998b5522a657957321ca64ca2ea0a0,0,26,2,2,linux,BFC
457920817e645a7dee42c2a75c81c5ed8e12ee1c,0,1,0,1,linux,BFC
61c6de667263184125d5ca75e894fcad632b0dd3,7,0,0,1,linux,BFC
202aabe84a8fd809e8f401bc05e20f35a5102ece,3,0,6,1,linux,BFC
c6d3a278cc1201a93677737db565c25c58b2cfe0,18,0,0,1,linux,BIC
6453073987ba392510ab6c8b657844a9312c67f7,39,0,1,1,linux,BIC
c09440f7dcb304002dfced8c0fea289eb25f2da0,3297,0,0,1,linux,BIC
708a39aaca2204dcacc96dec1401373063801213,36,11,4,6,linux,BIC
2831231d4c3f999d2d062b23dfbc8b0faa4bc6e0,4,0,5,4,linux,BIC
d25088932227680988a6b794221e031a7232f137,2,0,2,1,linux,BFC
d549107305b4634c81223a853701c06bcf657bc3,2,0,0,1,linux,BFC
1b9f35adb0ffa143c7972a8459d6979c77d6c3c0,375,1,18,3,linux,BIC
cf1fac943c6341dfed1db1293864c9fcad47bac3,24,24,23,1,linux,BIC
336e8eb2a3cfe2285c314cd85630076da365f6c6,0,0,1,1,linux,BFC
d1de9a88074b66482443f0cd91618d7b51a7c9b6,4,0,1,1,linux,BFC
564b6bb9d42d31fc80c006658cf38940a9b99616,0,0,2,1,linux,BFC
41c0e939d70ddb6860e340e7532df8984783f867,312,0,0,1,linux,BIC
9a4b7d4c769e7513dec8f441de1f521ec4ead4b6,58,0,3,5,linux,BIC
31fc835fc787aad38e8985d593f8ad0d18825323,4,0,2,2,linux,BFC
1f7c51660034091dc134fcc534b7f1fa86a6e823,2180,0,0,1,linux,BIC
04a1839950d92ab6519479bc95710e89ae6cbc77,727,1,11,11,linux,BIC
952c48b0ed18919bff7528501e9a3fff8a24f8cd,1,1,3,1,linux,BFC
232a37ea3aee9cb37bbc154fb1440a66ae4743f4,0,2,0,1,linux,BFC
631aebfee8261d66597ce0f88ba046c77a0e415e,0,8,0,1,linux,BFC
11c0d8fdccc56fa15cb15906480b4737c31dd085,2972,0,0,1,linux,BIC
01fa662091bd24830ae4cd35bd0ce5c1f030424c,1,0,1,1,linux,BFC
0fb2ed66a14c8c34096d6a8cff5112356c5e9ea2,348,1,17,3,linux,BIC
01091c496f920e634ea84b689f480c39016752a8,3,0,4,2,linux,BFC
9f5a802b1d51dc80a27d828a5f7dcc8ec4a72f03,0,0,1,1,linux,BFC
5a0dc7365c240795bf190766eba7a27600be3b3e,12,0,0,1,linux,BIC
53fc7ad6edf210b497230ce74b61b322a202470c,22,0,3,1,linux,BIC
cae3af62b33aa931427a0f211e04347b22180b36,12,0,1,1,linux,BFC
d986294ee55d719562b20aabe15a39bf8f863415,3,0,0,1,linux,BFC
739748939974791b84629a8790527a16f76873a4,77,26,34,2,linux,BIC
c51ce49735c183ef2592db70f918ee698716276b,36,0,3,2,linux,BIC
9dab1868ec0db4bce44db2759beadf1b2156085a,97,93,131,4,linux,BIC
5824ce8de7b1c0a75e5942e4df4652d04f3e263d,14,0,0,1,linux,BIC
00a588f9d27fc64f0c64dcd4abc8e35ed331afb8,290,0,0,1,linux,BIC
2faef64aa6b3c94c940c3a62ed22f3af4980223a,18,0,0,1,linux,BIC
2f05cced7307489faab873367fb20cd212e1d890,0,0,1,1,linux,BFC
02a6efcab675fe32815d824837784c3f42a7d892,9,0,1,1,linux,BIC
df909df0770779f1a5560c2bb641a2809655ef28,2,0,1,1,linux,BFC
c37d721c68ad88925ba0e72f6e14acb829a8c6bb,3,3,0,1,linux,BFC
86b1d8ecb5f1f271a660ce0b882658447f85904a,0,1,1,1,linux,BFC
d719870b41e00baf64d028c2668ae1fc3eb50e79,0,0,1,1,linux,BIC
3d879e81f0f9ed5d33b5eda0fe5226c884bb8073,6362,0,0,3,linux,BIC
f54912b228a8df6c0133e31bc75628677bb8c6e5,2,0,1,1,linux,BFC
fa7943449943124e40cabcd453b08c3f8221c454,70,0,1,1,linux,BIC
541656d3a5136ae830d604e237f29f406d42c592,3,1,3,1,linux,BIC
753c09b5652bb4fe53e2db648002ec64b32b8827,0,0,2,1,linux,BFC
192132b9a034d87566294be0fba5f8f75c2cf16b,12,0,9,4,linux,BIC
cf8cddd38bab31b284af8d51fee536be9914f6ef,24,3,46,9,linux,BIC
d678cbd2f867a564a3c5b276c454e873f43f02f8,1,8,2,2,linux,BIC
9808f9be31c68af43f6e531f2c851ebb066513fe,5,0,12,1,linux,BFC
7d321bd3542500caf125249f44dc37cb4e738013,6,0,0,1,linux,BFC
f21a21983ef13a031250c4c3f6018e29a549d0f1,36,13,7,1,linux,BIC
0979cf95d201f7e9c7c060b96795f39733d2ed6e,0,15,6,3,linux,BFC
518d8a2e9bad83c6040eccebc3d1f7388fc034e7,51,0,0,2,linux,BIC
ee33baa83109612d9a31fc2c2a7b74967767b358,35,6,19,11,linux,BFC
a2809d0e16963fdf3984409e47f145cccb0c6821,65,0,0,4,linux,BIC
baaabecfc80fad255f866563b53b8c7a3eec176e,0,2,7,2,linux,BFC
edc82a99437a93c36b0ae18eb6daac0097fc6bd3,0,0,1,1,linux,BFC
d0281a56b00c63ad51ebb550fba0351807475c47,35,9,7,3,linux,BFC
a2f611a3dc317d8ea1c98ad6c54b911cf7f93193,9,0,3,1,linux,BFC
18d405af30bf6506bf2fc49056de7691c949812e,0,0,1,1,linux,BFC
6ba2fd391ac58c1a26874f10c3054a1ea4aca2d0,0,0,1,1,linux,BFC
4e5763f03e105fedfcd7a83bec1dccae96e334dd,16,8,4,1,linux,BIC
b7503e0cdb5dbec5d201aa69d8888c14679b5ae8,13,0,0,4,linux,BIC
9064aeb2df8e8185f649afa4600edcd8f6a9f6fd,980,3,8,10,linux,BIC
73ac9f5e5b43a5dbadb61f27dae7a971f7ec0d22,47,0,0,3,linux,BIC
56c1723426d3cfd4723bfbfce531d7b38bae6266,0,1,1,1,linux,BFC
27e0fe00a5c618571ab1533aec5c48b7200efb09,35,0,7,1,linux,BIC
372c187b8a705c0b52c230653ac7bc38ef62182f,162,26,766,13,linux,BIC
100f6d8e09905c59be45b6316f8f369c0be1b2d8,4,0,5,3,linux,BIC
f3d301c1f2f5676465cdf3259737ea19cc82731f,0,0,1,1,linux,BFC
41f469cac2663a41a7b0c84cb94e8f7024385ae4,1,0,2,1,linux,BFC
259bdba27e32368b4404f69d613b1c1014c07cbf,0,0,1,1,linux,BFC
2e7d31704c7fe9141b0b27ec1ece254d9993fe2d,1,0,0,1,linux,BFC
c491a0c7bbf3a64732cb8414021429d15ec08eec,16,0,0,1,linux,BFC
fe09dd8eb2310ec658f49a5431df2259f11cbe9e,0,22,0,1,linux,BFC
03f69725749f453b9a4d454a92805f8eb5f095c2,0,0,2,1,linux,BFC
54e418106c765c5f3c378c770b0f8518632830da,728,0,3,5,linux,BIC
f5dfbfc0ae00c2c2c0518da9e1f9a8cca50ae544,4,0,0,1,linux,BFC
fc17b6534eb8395f0b3133eb31d87deec32c642b,8,19,123,18,linux,BIC
a33e4b036d4612f62220f37a9fa29d273b6fd0ca,42,0,6,6,linux,BIC
9705db1eff38d6b9114121f9e253746199b759c9,2,0,0,1,linux,BFC
f2748bdfe157343eb8cf910a1d89ccf2fd20100b,0,31,7,3,linux,BIC
057cbf49a1f08297877e46c82f707b1bfea806a8,1729,0,0,2,linux,BIC
7d0a06586b2686ba80c4a2da5f91cb10ffbea736,3,0,1,1,linux,BFC
763eab7074f6e71babd85d796156f05a675f9510,2,0,0,1,linux,BFC
55131dec2b1c7417d216f861ea7a29dc7c4d2d20,0,16,7,1,linux,BFC
7f556a44e61d0b62d78db9a2662a5f0daef010f2,5,0,49,1,linux,BIC
13bea898cd9153be91baa92de68ec32ff0b99362,0,0,2,1,linux,BFC
a3efe3f6d0eb64363f74af4b0e8ba6d19415cef2,0,0,1,1,linux,BFC
f83606f5eb007adc33bc8541ede00590f477bdeb,0,0,1,1,linux,BFC
2c676f378edb16cb68f7815581c8119fc43a4b85,812,0,7,2,linux,BIC
3615a34ea1a6c1040744449b3da223569f3221b0,110,0,0,1,linux,BIC
c848c49a62b37bfb426086e248810dbcb14b85ff,3,0,1,1,linux,BFC
f780429adfbc222a4d8a227a2a550ba627c7338b,2,8,2,3,linux,BIC
d50eaa18039b8b848c2285478d0775335ad5e930,47,34,7,1,linux,BIC
350aba9a74cc3e74ce53642daa9c94326d08c6c3,2,0,4,1,linux,BFC
5b5800fad072133e4a9c2efbf735baaac83dec86,2,0,0,1,linux,BFC
a5f5774c55a2e3ed75f4d6c5556b7bfcb726e6f0,152,39,17,2,linux,BIC
7f7aa94bcaf03d0f18a6853d8f7dad6a4d25bbd6,92,0,0,1,linux,BIC
7fb5e508319068de1d69e6d7230416c390cb3cbb,0,3,0,1,linux,BFC
6146dd453e235c487d85ae4dc6cc08978a1c890f,0,0,4,1,linux,BFC
e2f9dc3bd213792ac006e83f50a5453f23b8c354,2,0,2,1,linux,BFC
bd1ed17d19eba00792cb29f369b8c29da1008d38,0,0,1,1,linux,BFC
a6ed3ea65d9868fdf9eff84e6fe4f666b8d14b02,63,1,10,1,linux,BIC
497bfb706844892d07495f2ed5dff977fede5e25,0,6,0,2,linux,BFC
84205d00934394076552e2f597cf04a835df3364,5,0,0,1,linux,BFC
757fed1d0898b893d7daa84183947c70f27632f3,0,2,1,1,linux,BFC
6e9fc177399f08446293fec7607913fdbc95e191,136,0,2,1,linux,BIC
33de865f7bce3968676e43b0182af0a2dd359dae,1,0,5,1,linux,BFC
ffb9c3698d18eeb6c25f02d92e5234625416b1fa,0,0,1,1,linux,BFC
905ca51e63be794331e09ff74ccddd44393d3378,150,0,0,1,linux,BIC
ff2e5c700e085f4f9357e128c3fe9eb61e9df752,189,0,0,1,linux,BIC
af8bbf7300686961f74e72e2dc10a76672603cb3,34,0,264,14,linux,BIC
1be3c1fae6c1e1f5bb982b255d2034034454527a,0,0,1,1,linux,BFC
24fdaeeb294c14ea743ec99ada92380c060a428a,1,0,0,1,linux,BFC
149c86e74fe44dcbac5e9f8d145c5fbc5dc21261,2,0,2,2,linux,BIC
2f131de361f6d0eaff17db26efdb844c178432f8,0,5,0,1,linux,BIC
55f261b73a7e1cb254577c3536cef8f415de220a,0,0,2,1,linux,BFC
dc421b200f91930c9c6a9586810ff8c232cf10fc,2,0,0,1,linux,BFC
0c6de0c943dbb42831bf7502eb5c007f71e752d2,5,5,6,3,linux,BFC
7072337e52b3e9d5460500d8dc9cbc1ba2db084c,41,0,10,1,linux,BFC
f891b7cdbdcda116fd26bbd706f91bd58567aa17,16,5,3,2,linux,BIC
ca3dcd3ff5b13a31a09a0119dc484b97ec19c4c8,0,1,1,1,linux,BFC
7a82ecf4cfb854955198945340ae13558b64e1af,234,0,1,4,linux,BIC
31d5a79d7f3d436da176a78ebc12d53c06da402e,37,1,6,3,linux,BIC
ace283a04a4a6c2e04814c43251191ef8f229b26,0,0,2,1,linux,BFC
7913ecf69e24bd7575e0d0325eda3b43c8cfa749,5,0,0,1,linux,BFC
59024c936561090d766370e839a880dd42232c33,11,1,219,1,linux,BFC
0dc924c5f2a3c4d999e12feaccee5f970cea1315,0,0,1,1,linux,BFC
922983c2a1a2f679cd576eb7162f413c15a4e979,0,0,1,1,linux,BFC
f8ccac0e44934ff9414b31cc3167a5c828afec73,45,28,16,2,linux,BIC
10ccaf178b2b961d8bca252d647ed7ed8aae2a20,0,0,2,1,linux,BFC
2985a5d88455a3edd51358fc77f61b684d0e9265,0,0,0,4,linux,BIC
5d1f7354faad4b6210fac9192d0ca4c16b00ae7e,0,0,1,1,linux,BFC
2b3062e4d997f201c1ad2bbde88b7271dd9ef35f,0,2,1,1,linux,BFC
801efd0f7522244b5c09fc4c6630dc55fb37c26c,0,0,1,1,linux,BFC
3c5c3cfb9ef4da957e3357a2bd36f76ee34c0862,321,1,8,7,linux,BIC
714f3cbd70a4db9f9b7fe5b8a032896ed33fb824,0,11,0,1,linux,BFC
625110b5e9dae9074d8a7e67dd07f821a053eed7,31,0,0,2,linux,BFC
c665b394b9e8c534e220da876adbd4db990b4c1b,94,0,0,2,linux,BIC
a6498d51821edf9615b42b968fb419a40197a982,0,3,6,1,linux,BFC
dffa9051d54672a7d7f5951e074c4393672c03e9,871,0,3,3,linux,BIC
86c2a0f000c1059dc45ddbb6fb469ef188e7f598,8,8,3,1,linux,BIC
5663d8f9bbe4bf15488f7351efb61ea20fa6de06,0,4,4,1,linux,BFC
ebb70442cdd4872260c2415929c456be3562da82,3,2,1,2,linux,BFC
9de93b04df16b055824e3f1f13fedb90fbcf2e4f,8,0,4,1,linux,BFC
b954f94023dcc61388c8384f0f14eb8e42c863c5,16,21,2,2,linux,BFC
2cf1ba9a4d15cb78b96ea97f727b93382c3f9a60,61,0,1,1,linux,BIC
ba92222ed63a12d09120df9b92f56cc990abac19,832,0,0,1,linux,BIC
4decb9187589f61fe9fc2bc4d9b01160b0a610c5,2,0,5,1,linux,BFC
ebdf8321eeeb623aed60f7ed16f7445363230118,0,0,1,1,linux,BFC
2f43129127e62b25f56ff82a37c40b42c0e6f883,15,37,58,4,linux,BIC
70f400d4d957c2453c8689552ff212bc59f88938,67,32,5,5,linux,BIC
d9f2950006f110f54444a10442752372ee568289,21,24,3,1,linux,BFC
8e947c8f4a5620df77e43c9c75310dc510250166,2,0,0,1,linux,BFC
3ba9d300c925d89914d15beff2180064ac7ee6f6,0,0,1,1,linux,BFC
3ad1c8ef083bef96ec922688966484be1039e6b5,2,0,0,1,linux,BFC
ae3488ff37dc4f21985111f442d26a8805e56d45,66,0,0,2,linux,BIC
5f5d2536be8d5b5d3df925228ce7a6f4054d5956,3,0,1,1,linux,BFC
af92058ff021d5d8b0523baf76e709fe2fc3aa0c,0,38,45,3,linux,BFC
12864ff8545f6b8144fdf1bb89b5663357f29ec4,9,1,8,1,linux,BIC
75c689dca98851d65ef5a27e5ce26b625b68751c,0,17,1,1,linux,BFC
eec450713e5c5cafa9b8565c84548580080b1f64,9,0,28,1,linux,BIC
671f2fa8a2b2d15940d80be4a2baf22758724647,0,0,4,1,linux,BFC
fefa06811cc7b1c25904579833b4f319cde3ce7f,11,9,3,1,linux,BFC
63f6982075d890d7563e2469643f05a37d193f01,2,0,0,1,linux,BFC
16ea52c44e7a56c983a2a49e218af5a9dbbd8965,1,0,1,1,linux,BFC
a60d64b15c20d178ba3a9bc3a542492b4ddeea70,78,164,55,8,linux,BIC
6a5cb53aaa4ef515ddeffa04ce18b771121127b4,45,0,6,1,linux,BIC
9c33ae0c614c7a4e64c2781f473057a273b57544,0,0,4,1,linux,BFC
5bc6bb603b4d0c8802af75e4932232683ab2d761,5,0,1,1,linux,BIC
5b22f62724a0a09e00d301abf5b57b0c12be8a16,1,0,0,1,linux,BFC
1c71dbc8a179d99dd9bb7e7fc1888db613cf85de,1,0,1,1,linux,BFC
207777dc306a732cff76ab63bf19a7e0851410b3,0,2,2,1,linux,BFC
ba61539c6ae57f4146284a5cb4f7b7ed8d42bf45,2,0,6,1,linux,BFC
19b43a432e3e47db656a8269a74b50aef826950c,21,0,0,3,linux,BFC
22d8b3dec214cd43a773f621f95d254c50d2a092,8,0,0,1,linux,BIC
e21cf43406a190adfcc4bfe592768066fb3aaa9b,0,0,1,1,linux,BFC
d2890c3778b164fde587bc16583f3a1c87233ec5,0,0,1,1,linux,BFC
9ef8eb6104527bfe9ed31f7a4ffa721390adf9a8,8,0,4,3,linux,BFC
b1a402e75a5f5127ff1ffff0615249f98df8b7b3,2,0,2,1,linux,BFC
2e23acd99efacfd2a63cb9725afbc65e4e964fb7,1,0,3,2,linux,BFC
cda195f13abd77fe024bbe1a2cb9ac99b9915270,65,6,8,4,linux,BIC
5f57e0909136f912b1a8ed677ef6eed8cbb3ec4f,2,0,0,1,linux,BIC
e9fa1495d738e34fcec88a3d2ec9101a9ee5b310,25,12,17,1,linux,BFC
bdcdaa13ad96f1a530711c29e6d4b8311eff767c,0,0,1,1,linux,BFC
9c27bc97aff8bbe62b5b29ebf528291dd85d9c86,0,0,1,1,linux,BFC
7b6c7a877cc616bc7dc9cd39646fe454acbed48b,12,0,0,2,linux,BFC
8f3f5792f2940c16ab63c614b26494c8689c9c1e,1,0,1,1,linux,BFC
1f166439917b69d3046e2e49fe923579d9181212,759,0,0,1,linux,BIC
b19ab4b38b06aae12442b2de95ccf58b5dc53584,2,0,1,1,linux,BFC
a65120bae4b7425a39c5783aa3d4fc29677eef0e,8,0,4,2,linux,BFC
a3cde9534ebdafe18a9bbab208df724c57e6c8e8,4,0,2,1,linux,BIC
c77f85bbc91acafeafd4143a23a225fe81c7e294,1,0,0,1,linux,BIC
d9b13c4dde6cacd8f2c4385cd6d293b0ac622e0b,37,0,0,2,linux,BIC
cef8cdc0d0e7c701fe4dcfba4ed3fd25d28a6020,3,0,1,1,linux,BFC
c744b63b6c422776293cc526ef7887623926f33e,2,0,0,1,linux,BFC
ba3224db78034435e9ff0247277cce7c7bb1756c,0,0,1,1,linux,BIC
b3e9431854e8f305385d5de225441c0477b936cb,41,0,12,1,linux,BFC
0225daea08141b1dff681502d5af70b71e8b11ec,5,0,2,1,linux,BFC
694a296024d4cd5e637fa679c4c7e4c63a7c24f3,0,0,1,1,linux,BFC
c58b1ff20ffd0f48b1618cb664bc95a98dd2bf85,0,0,1,1,linux,BFC
c43fce4eebae257ca413733690e2076757282093,11,0,11,1,linux,BFC
485f2251782f7c44299c491d4676a8a01428d191,2,4,1,1,linux,BFC
c01d6a18023b94fdd0cb7cf11bbfe769bf71653f,1,1,4,1,linux,BIC
059500940defe285222d3b189b366dfe7f299cae,52,25,13,2,linux,BIC
4f28945da0c502c794eb4e4d535d3ba65d3c9769,2,0,1,1,linux,BFC
65a10e28aee72903a41670170cd5330ad73c490e,2,0,4,1,linux,BFC
c7c1abfd6d42be8f09d390ab912cd84983000fa2,2,0,2,1,linux,BFC
e9868505987a03a26a3979f27b82911ccc003752,11,0,2,1,linux,BIC
3071e9dd6cd3f2290d770117330f2c8b2e9a97e4,0,0,1,1,linux,BFC
8d98ae6eb0d51f75a7af51758072558ffbb8270f,68,0,2,1,linux,BIC
e3263ab389a7bc9398c3d366819d6f39b9cfd677,207,0,0,3,linux,BIC
e1ff9e82e2ea53d01540692a85c16a77e1089537,84,75,14,4,linux,BIC
140fc4e406fac420b978a0ef2ee1fe3c641a6ae4,0,0,1,1,linux,BFC
2b9ea5a8cf1bdc82f494da5a90191aa8b042980d,1,0,1,1,linux,BIC
cc43368a3cde151739ad20cbf71139530bd53f1a,55,0,2,1,linux,BIC
64d2ab32efe39354c29e1ecefea3769586026979,0,0,3,1,linux,BIC
ea5f1cd7ab494f65f50f338299eabb40ad6a1767,19,11,4,3,linux,BIC
854508c0d0bbcf2f80fa1f79af5cb9ce219b2e9c,1,0,0,1,linux,BFC
4e7e8017a80e1810100c9b416b86e3baef900285,147,15,18,1,linux,BIC
b2bab426dc715de147f8039a3fccff27d795f4eb,0,0,1,1,linux,BFC
1cf65c45183a6c8b4703675d40e709f7ffed935c,20,0,3,7,linux,BIC
d31353cd753c443ace5723d6878a39f393a0c136,3,0,2,1,linux,BFC
a86f030915f247b70da051506a0e3d889a4002d8,247,0,0,1,linux,BIC
25962e1a7f1d522f1b57ead2f266fab570042a70,0,0,2,1,linux,BIC
7c40b22f6f84c98a1d36e6d0a4346e58f05e45d8,2,0,2,1,linux,BFC
19052a3b7710c469b478d470deecdebc0e93cb99,1,0,1,1,linux,BFC
4cd48bb3b07730214d4e56abd6030c5159eb2572,1,0,6,1,linux,BFC
4f06dd92b5d0a6f8eec6a34b8d6ef3e1f4ac1e10,18,0,12,2,linux,BFC
3a46f34d20d453f09defb76b11a567647939c0aa,0,0,1,1,linux,BFC
cebbd29e1c2f7a969919f19f74583070840163d7,0,225,33,1,linux,BIC
d5a73ec96cc57cf67e51b12820fc2354e7ca46f8,11,0,5,1,linux,BFC
3c13e2ac747a37e683597d3d875f839f2bc150e1,0,0,1,1,linux,BIC
783735f84fea6aad9b1e5931d6ea632796feaae3,0,0,6,1,linux,BFC
e4b27ebc780fa7fa951d81d241912755532568ff,1525,0,0,3,linux,BIC
053842a8bffed47fab386954e2e9d0a00e13ae2c,1,0,1,1,linux,BFC
2f7399af94a2d6f6459373969d266708e6a7fc38,11,0,1,1,linux,BFC
3358a5c0c1578fa215f90a0e750579cd6258ddd9,0,0,1,1,linux,BFC
c35b6810c4952ae5776607e2c1d6a587425d5834,325,0,0,1,linux,BIC
a0a22cf14472fa5cd44c8d107eba1a827df9549c,223,0,0,1,linux,BIC
7ad82572348c39ce19ba5ab8afe21e560a8d2c96,0,2,1,1,linux,BIC
b5ee771c84082b4e54cc39d9d9a2dd239e4f6b86,0,0,1,1,linux,BFC
fb6bab6a5ad46d00b5ffa22268f21df1cd7c59df,7,0,12,1,linux,BFC
673c96e5af99b6f8eab3ce37afa11cb28c14cf2f,14,0,8,2,linux,BIC
672ecbe1c977616aa720c9397589665b33e72610,0,0,1,1,linux,BFC
e583649d87ec090444aa5347af0927cd6e8581ae,7,0,0,1,linux,BFC
b61b1595124a1694501105e5dd488de0c0c6bc2a,20,1,14,4,linux,BIC
292749915743758013e290c994f41de196d47498,1,0,2,1,linux,BFC
ce45b873028fdf94a24f0850cd554e6fda593e16,23,1,5,2,linux,BIC
46c34a348b0ac74fc9646de8ef0c5b8b29f09da9,0,12,2,1,linux,BIC
3bb434cdcc6af3d4e70ba041e6f596e465d11e14,0,42,20,2,linux,BIC
a1e5388b4d5fc78688e5e9ee6641f779721d6291,0,0,1,1,linux,BFC
668f69a5f863b877bc3ae129efe9a80b6f055141,0,0,1,1,linux,BFC
9b91b6b019fda817eb52f728eb9c79b3579760bc,45,0,1,1,linux,BFC
89271c65edd599207dd982007900506283c90ae3,0,0,1,1,linux,BFC
860975c6f80adae9d2c7654bde04a99dd28bc94f,3,0,1,1,linux,BFC
1c8782dd313ed7ca72719ebea1cfce82059e7da2,38,2,24,1,linux,BIC
ab0ac0959b028779ea43002db81daa12203cb57d,2,0,1,1,linux,BFC
93c4a162b014d238a287f8264adb25c009c79e61,1,0,0,1,linux,BIC
a1b7f2f6367944d445c6853035830a35c6343939,0,8,2,1,linux,BFC
06764dc931848c3a9bc01a63bbf76a605408bb54,3,0,0,1,linux,BFC
1dc925568f015edfdbb89e20ad41755bb70538b9,13,2,2,3,linux,BIC
8e57f8acbbd121ecfb0c9dc13b8b030f86c6bd3b,13,11,21,6,linux,BFC
1a00d999971c78ab024a17b0efc37d78404dd120,26,0,2,1,linux,BIC
bbd0d59809f923ea2b540cbd781b32110e249f6e,372,11,2,9,linux,BIC
552636be7afc86531d1931b5104d7002850d3af7,0,0,2,1,linux,BFC
f0a3b154bd7d969feaac1f4645e4177433e5f46a,1,18,9,1,linux,BIC
2380f1e8195ef612deea1dc7a3d611c5d2b9b56a,20,1,1,2,linux,BFC
8aefa9b0d9105d70eb8799d2b4feffd784e22bae,6,0,0,1,linux,BIC
1f4642b72be79757f050924a9b9673b6a02034bc,26,1,10,2,linux,BIC
76eb1b1de5b6467c78bb72311dbf29eea1f10a3a,20,0,2,1,linux,BIC
27ae7997a66174cb8afd6a75b3989f5e0c1b9e5a,354,47,16,9,linux,BIC
dd006921d67f4a96f3d1fa763aad4d5dcd86959b,231,0,0,1,linux,BIC
de2c6f98817fa5decb9b7d3b3a8a3ab864c10588,2,0,6,1,linux,BIC
5833112df7e9a306af9af09c60127b92ed723962,4,0,0,1,linux,BIC
ec5a97624a8de4f44b090cf53bd48c05458e0b17,14,0,0,1,linux,BFC
553a282cb25eb62fdda1f3425d48b12372366e03,2,0,0,1,linux,BFC
73153fe533bc6209802521fc62d3e3648581a121,103,7,25,2,linux,BIC
7149c1becddf49022fe0aad2fa395377cd8f753e,0,1,1,1,linux,BFC
78482af095abd9f4f29f1aa3fe575d25c6ae3028,2,13,19,1,linux,BFC
36c6aadaae863024eae31dfce94db20a4514563d,123,0,0,1,linux,BIC
4e046de0f50e04acd48eb373d6a9061ddf014e0c,0,0,2,1,linux,BFC
8c2c2358b236530bc2c79b4c2a447cbdbc3d96d7,2,0,4,1,linux,BFC
4d5ec89fc8d14dcdab7214a0c13a1c7321dc6ea9,261,0,0,3,linux,BIC
284b01897340974000bcc84de87a4e1becc8a83d,111,0,0,2,linux,BIC
bb77f36ac21d226b8ae4311daceb983be764f746,387,0,0,5,linux,BIC
07d6688b22e09be465652cf2da0da6bf86154df6,0,0,1,1,linux,BFC
94033cd8e73b8632bab7c8b7bb54caa4f5616db7,59,18,20,3,linux,BIC
c611152373e84a7677cd7d496e849de4debdab66,1,0,1,1,linux,BFC
47303f9438954bc7bca593310ac8685d11297725,2,0,1,1,linux,BFC
f1533cce60d1f84378c1dd925f9ef1038fa93507,14,2,1,1,linux,BIC
0fd5ed8d897cffdc74903931bd7fcc9d8d154460,2,0,1,1,linux,BFC
c9d27c9e8dc7ccced65007a4d5d3640cad42adfc,0,27,14,1,linux,BIC
a0ec8d1dc42e4255307cb1b95345c01c327a10a6,193,0,6,1,linux,BIC
59365b9efd48b113badfa9dafbb391ef84fa7b08,0,0,1,1,linux,BFC
7e77ef8b8d600cf8448a2bbd32f682c28884551f,0,1,1,1,linux,BFC
5069185fc18e810715a91d80fcd075e03add600c,1494,0,0,2,linux,BIC
be055b2f89b5842f41363b5655a33dffb51a8294,40,0,0,2,linux,BIC
10199e90ee20e68859f8128331ec8d85b036d349,20,0,10,1,linux,BFC
a0db8a7516d9eb9ebb7400df21fc061fe472b8ad,0,0,2,1,linux,BFC
f3038ee3a3f1017a1cbe9907e31fa12d366c5dcb,7,0,2,1,linux,BIC
e72a060151e5bb673af24993665e270fc4f674a7,48,8,22,7,linux,BFC
974cb0e3e7c963ced06c4e32c5b2884173fa5e01,2,0,0,1,linux,BIC
c26830b6c5c534d273ce007eb33d5a2d2ad4e969,0,16,5,1,linux,BFC
31bf92881714fe9962d43d097b5114a9b4ad0a12,4,0,5,1,linux,BFC
0e865f0c31928d6a313269ef624907eec55287c4,11,0,2,1,linux,BFC
37667f6e57712cef5652fa67f1cbd1299e204d94,0,4,4,1,linux,BFC
a07479147be03d2450376ebaff9ea1a0682f25d6,0,0,1,1,linux,BFC
6bf3bbe1f4d4cf405e3c2bf07bbdff56d3223ec8,16,0,0,1,linux,BFC
6725a88f88a7e922e91c45bf83d320487810c192,9041,0,0,9,linux,BIC
2225e79b9b0370bc179f44756bee809b5e7b4d06,47,0,83,1,linux,BIC
80acbed9f8fca1db3fbe915540b756f048aa0fd7,2,0,8,2,linux,BFC
5429ef62bcf360aae06740cbe065be01e5cfb6fc,1,2,1,1,linux,BIC
d4ed8f8d1fb7d59eb63d2eada9a32c2f8c3795e2,4,20,50,3,linux,BIC
05ff8378975a9d5fdde19104b62163d2902926fb,0,0,1,1,linux,BFC
6fe0c3b43804c9803a4a31c9d2ed8c2014bc0dc3,44,4,26,2,linux,BIC
cc9f07a838c4988ed244d0907cb71d54b85482a5,0,0,2,1,linux,BFC
f4f155e5ec04d381b2f0870817d93dbdc259aa63,4,0,1,1,linux,BFC
3b4979cabd4b49b84f794d8dd1625bbdb1213b05,0,16,18,1,linux,BIC
53dad6d3a8e5ac1af8bacc6ac2134ae1a8b085f1,35,19,29,5,linux,BIC
90634e8540790461a55450595d5b49cc1854f616,10,0,14,1,linux,BIC
d8e44e4dd221ee283ea60a6fb87bca08807aa0ab,0,0,1,1,linux,BFC
eca3654e3cc7d93e9734d0fa96cfb15c7f356244,18,2,12,3,linux,BIC
b65f370d0671c4980ffe866c41e327b88893245c,0,4,13,1,linux,BFC
02373d7c69b4270bbab930f8a81b0721be794347,9,0,11,1,linux,BIC
c191eca110a372897b23caeaa6e688fdbb78f01f,28,47,4,12,linux,BIC
41a55567b9e31cb852670684404654ec4fd0d8d6,0,0,1,1,linux,BFC
fae21608c31ca987d9dfc0422ac9b5bd21c213a6,9,0,17,3,linux,BIC
76a109fac206e158eb3c967af98c178cff738e6a,9,0,0,1,linux,BFC
25c21d20bcfdb97ba869007b284a5dbf5328ffe2,1,0,0,1,linux,BFC
7dd76d1feec70a23e1de2b55c0c2a9c592fa8423,51,16,8,2,linux,BIC
bf35443314acb43fa8a3f9f8046e14cbe178762b,129,0,3,7,linux,BIC
d975cb7ea915e64a3ebcfef8a33051f3e6bf22a8,0,0,1,1,linux,BFC
e56c513a7a2afad84bd1eba3a361a1d6d6abf5ce,0,1,1,1,linux,BFC
239d6de307b0dd1d48ec9b935b57531f07f6db11,1,0,0,1,linux,BFC
036a7584bede317d0df6b854e4f531b7a2dd8b33,429,0,0,1,linux,BIC
eb32b3f53d283e8d68b6d86c3a6ed859b24dacae,1,0,0,1,linux,BFC
612bc3b3d4be749f73a513a17d9b3ee1330d3487,2,0,3,1,linux,BFC
c053b5a506d3afc038c485a86e3d461f6c7fb207,11,5,5,1,linux,BIC
658a0c632625e1db51837ff754fe18a6a7f2ccf8,0,1,0,1,linux,BFC
65c4189de8c1d995f6bc2cc96b22206405466b53,1,0,3,1,linux,BFC
7d12f8d5a1645275dd452138bf1fe478be736704,92,0,5,3,linux,BIC
4ec331c3ea7ec94f28aa1c62a279cfa1cfe3c91b,136,0,0,2,linux,BIC
2ff0e566faa4e92cba8138c5b396d6ba96a215f1,3,0,3,2,linux,BFC
c78eaeebe855fd93f2e77142ffd0404a54070d84,0,2,1,1,linux,BFC
dd22f551ac0ad366f92f601835f6623b83adc331,43,18,34,6,linux,BIC
1373fefc6243cc96b3565f0ffffadfac4ccfb977,11,0,3,1,linux,BIC
ae24082331d9bbaae283aafbe930a8f0eb85605a,117,0,13,8,linux,BIC
b61abd49c5dd07d3b97b638128982c3feef99a93,0,0,2,1,linux,BFC
c474c775716edd46a51bf8161142bbd1545f8733,18,0,35,1,linux,BIC
fe6653460ee7a7dbe0cd5fd322992af862ce5ab0,2,0,1,1,linux,BFC
cc0d47b8eeb061cdb7715be1c4b90caf8d112142,0,0,2,1,linux,BFC
7a1ac110c22eb726684c837544a2d42c33e07be7,12,0,0,1,linux,BFC
83c83e658863e4e57f4defe6cc1bc05f3d968e2a,33,60,23,1,linux,BIC
130206a615a9831a65e186484a5a332f9f6d29c8,103,0,0,4,linux,BIC
e164471dcf19308d154adb69e7760d8ba426a77f,1,5,3,1,linux,BFC
5d74325a2201376a95520a4a38a1ce2c65761c49,1,0,0,1,linux,BFC
ba7cd5d95f25cc6005f687dabdb4e7a6063adda9,1,0,0,1,linux,BFC
4a321de239213300a714fa0353a5f1272d381a44,1,0,0,1,linux,BFC
258c430456ba5f0005043762e14fc3be35983aaf,103,0,9,3,linux,BFC
ada09af92e621ab500dd80a16d1d0299a18a1180,11,0,0,1,linux,BFC
c5c46f59e4e7c1ab244b8d38f2b61d317df90bba,110,0,1,1,linux,BIC
0577e4853bfb4c65f620fa56d3157692df7f766e,1136,0,0,4,linux,BIC
3e06db4d62a80932395fea36e4081a4c15116bae,0,1,1,1,linux,BFC
e6aaeafd56e33345f1d242cde33dd92614734be8,0,0,3,1,linux,BFC
e3b924224028c6fc31545e3812eecbe2ddbf35f6,402,0,0,2,linux,BIC
946ef68ad4e45aa048a5fb41ce8823ed29da866a,0,0,1,1,linux,BIC
7961c5b60f23dff5d82a523f9aeb8ebf34cf9926,64,0,14,4,linux,BIC
bc2b7dab629a51e8beb5fda4222c62a23b729f26,211,5,108,67,linux,BIC
219cc084c67061ee7eafc47e68874d451fa2fff8,135,0,0,3,linux,BIC
a0f884f5abcde966af7b99766d2de8a729d6c6fd,2,0,0,1,linux,BFC
0a3b8b2b215f9e84b82ae97df71292ccfd92b1e7,1,0,0,1,linux,BFC
0a58d2ae572adaec8d046f8d35b40c2c32ac7468,5,0,4,1,linux,BFC
331494eb51002d0ee99414e3918e06d5e9a3962d,0,1,42,1,linux,BFC
1dd73601a1cba37a0ed5f89a8662c90191df5873,0,0,1,1,linux,BFC
7e7c005b4b1f1f169bcc4b2c3a40085ecc663df2,17,0,1,1,linux,BFC
8224cbd80be15908ecb6351b90291596e8bdcf79,0,0,3,1,linux,BFC
0abb60c1c5c32be56e5a67fcc437fcd18e38c2b2,3,0,3,1,linux,BIC
f6ba524970c4b73b234bf41ecd6628f5803b1559,22,0,3,1,linux,BFC
9ad22e165994ccb64d85b68499eaef97342c175b,1,4,17,1,linux,BFC
eabfdda93477f6ee5e153f560560e9cb1c617fd7,0,0,1,1,linux,BFC
ab4a0b8fcb9a95c02909b62049811bd2e586aaa4,2,1,0,1,linux,BFC
2d8b39a62a5d386a73f339e46fe05354a3a4895b,4,0,8,2,linux,BFC
31fdf18401703df246e20fc0382ed3594e6cf8d8,0,16,2,1,linux,BIC
3277e8aa2504d97e022ecb9777d784ac1a439d36,1401,0,0,2,linux,BIC
092f45b13e51666fe8ecbf2d6cd247aa7e6c1f74,1,1,0,1,linux,BFC
5468cbcddf47f674829c6ada190283108a63d7b5,7,9,0,1,linux,BFC
90ab96f3872eae816f4e07deaa77322a91237960,0,0,2,1,linux,BFC
1685ddbe35cd4637f7f841d5f9755dd0470bd68d,28,26,4,2,linux,BIC
cbc9355a939b90263c58beb855f8151b56634c42,3,3,15,2,linux,BFC
d47e8238cd76f1ffa7c8cd30e08b8e9074fd597e,16,0,19,2,linux,BIC
0d9b1ffefabee93727bae68201593fac80a79002,19,0,2,3,linux,BIC
1f05f65bddd6958d25b133f886da49c1d4bff3fa,2,0,4,1,linux,BFC
03c0e84f9c1e166d57d06b04497e11205f48e9a8,13,6,20,1,linux,BIC
79a7f8bdb159d9914b58740f3d31d602a6e4aca8,89,0,0,6,linux,BIC
9db810ed2d37b880a317a76ad6a87357678263d8,1588,0,0,1,linux,BIC
577fb13199b11d8cd75609183649be4b5561243f,190,152,48,4,linux,BIC
1c6fb1d89e73cd3bbfae7c400f1c615272aa435f,13,0,0,1,linux,BIC
7193a141eb74579ce7ff242c9f842a5c36c4bf69,2,0,2,1,linux,BIC
8759f9046550f463098148bf577ccd32cdb895e3,0,0,3,1,linux,BFC
ab2f336cb7e629de74d8af06bcaf6b15e4230e19,1,0,3,1,linux,BFC
e41b49b7e4d4ad9755af4813a57b5f6a09e357d7,1,0,0,1,linux,BFC
01f84f0ed3b431b9aa40ad0af7d6849056fd3064,24,0,7,1,linux,BIC
1a3f060c1a47dba4e12ac21ce62b57666b9c4e95,172,0,0,2,linux,BIC
5babefb7f7ab1f23861336d511cc666fa45ede82,29,2,6,1,linux,BIC
83a2881903f3d5bc08ded4fb04f6e3bedb1fba65,21,13,18,1,linux,BFC
95ed6c707f26a727a29972b60469630ae10d579c,74,0,10,1,linux,BIC
da314c9923fed553a007785a901fd395b7eb6c19,18,1,11,2,linux,BIC
de14c5f541e78c59006bee56f6c5c2ef1ca07272,47,0,2,1,linux,BIC
7d38d9dc4ecc44e210a602f6e99d0831589f6dd8,27,0,0,2,linux,BIC
31f3248a75932b111bc90c66b1f6c7d89eedca8e,0,0,1,1,linux,BFC
f1de1c7803595e937ce9b922807f499851225021,11,0,0,1,linux,BFC
19f8a84713edc1d27ea05be00effb97b8f1ef207,21,0,3,4,linux,BIC
85456054e10b0247920b00422d27365e689d9f4a,56,48,15,1,linux,BFC
523d7423e21bfe78452a640878d1de189ac45d91,3,20,11,1,linux,BIC
6c2e8ac0953fccdd24dc6c4b9e08e8f1cd68cf07,454,35,115,10,linux,BIC
d5eabf0c8faf8ce8f8c5cfcba67c40592cbb498d,0,0,1,1,linux,BFC
17bd6e66d8f677b1b250d098097fbed6e70175ef,0,0,3,1,linux,BFC
4c7d0c9cb713a28b133b265d595de2a93ee09712,9,0,9,1,linux,BFC
967de35826070026e51e66dcf020059ef6ce26b5,1,0,0,1,linux,BFC
de39078779cb08b21e7e3d2daa7d3b64a53a8d20,0,129,1,1,linux,BIC
8d6c3f7d8f60c36b4399ed02ca20e5021131dbfa,2,0,0,1,linux,BFC
449d777d7ad6d7f9ac5ed8f618fa13e6ff36c32f,9,4,2,1,linux,BIC
ebaf31c46cce0dc8a6ed690b5456b295aa7586a6,0,0,2,1,linux,BFC
8024b5a9fc2bed9a00f0bdba60b443fa3cc4bb5d,0,0,6,1,linux,BFC
d611b4a0907cece060699f2fd347c492451cd2aa,10,0,4,1,linux,BFC
e355477ed9e4f401e3931043df97325d38552d54,70,27,21,5,linux,BIC
b40c2e665cd552eae5fbdbb878bc29a34357668e,356,8,12,8,linux,BIC
0693ffebcfe5ac7b31f63ad54587007f7d96fb7b,8,7,2,1,linux,BIC
70c8327c11c6d4080d4a774f531c6a6521592568,2,0,3,1,linux,BFC
d4362225e8cbd4416ab08f3b4b98622b70817d6a,1,0,5,1,linux,BIC
3542dcb15cef66c0b9e6c3b33168eb657e0d9520,13,1,3,3,linux,BFC
e6f8b6c12f03818baacc5f504fe83fa5e20771d6,34,3,0,1,linux,BIC
fe7c2423570dca4ffb9adc53225344ffd4a9f49a,3,0,6,1,linux,BIC
5a45a4c5c3f5e36a03770deb102ca6ba256ff3d7,2,14,3,3,linux,BIC
edc475bee00b18f6de16ce3e6da8fdec8b476302,0,0,1,1,linux,BFC
13bdff337e4ea467a547df771a825dd9b4ed6dd9,0,0,3,1,linux,BFC
906402a44b5d090e9c330c562b8aa65c80790ccc,1,0,1,1,linux,BFC
f6a6f203d507aae3a06a8de79c6f0ecc4658b81c,2,0,4,1,linux,BFC
c6cc142dac52e62e1e8a2aff5de1300202b96c66,122,70,51,3,linux,BIC
63ed4e0c67df332681ebfef6eca6852da28d6300,117,126,0,5,linux,BIC
f66c0447cca1281116224d474cdb37d6a18e4b5b,3,1,0,1,linux,BIC
8ddbda76245f5d10e00020db34455404019efc91,1,0,1,1,linux,BFC
fd71143645a9958e437c8cf394be2c44a6acb23a,0,3,0,1,linux,BFC
8979f428a4afc215e390006e5ea19fd4e22c7ca9,21,3,5,1,linux,BFC
7a7a933edd6c3a6d5d64e08093f2d564104cefcd,907,22,5,8,linux,BIC
983df5f2699f83f78643b19d3399b160d1e64f5b,4,0,0,3,linux,BFC
50642709f6590fe40afa6d22c32f23f5b842aed5,4,0,0,1,linux,BIC
00bfe94e388fe12bfd0d4f6361b1b1343374ff5b,0,0,3,1,linux,BFC
4741da925fa3e5acdd4da154f4803dad383e882f,9,0,10,3,linux,BIC
5ffd229c02731a91d08ca21e76b503c5bbb5c095,412,0,0,3,linux,BIC
b318b82455bd9b2899a61108a6d84d4a2d4b6df8,101,94,48,2,linux,BIC
a46ecb116fb7f722fa8cb2da01959c36e4e10c41,10,0,8,1,linux,BFC
98d67f250472cdd0f8d083830be3ec9dbb0c65a8,2,0,1,1,linux,BFC
5571e8c9f2419c19916d4a707ba359602e0a85d7,314,0,1,5,linux,BIC
12e7f517029dad819c45eca9ca01fdb9ba57616b,0,148,6,5,linux,BIC
c571feca2dc972dc5afeba9036d08239f1c51af1,19,99,36,6,linux,BIC
1e2517d126171a41f801738ffd19687836cd178a,28,0,8,1,linux,BFC
1e9258c389ee58b34238abaa600c10270b081af8,0,0,4,2,linux,BIC
d74fcfc1f0ff4b6c26ecef1f9e48d8089ab4eaac,2,0,0,1,linux,BFC
94d4a1a671ec4887e8052badb34fb06312ce3158,0,0,2,1,linux,BFC
4c203b0454b5b6bfafe2c4ab1b5472d4a7a8a0f2,0,6,14,4,linux,BIC
3ad7b1477ef9b01988ac052b02be9cd410c95157,0,0,2,1,linux,BFC
5b53a6ea886700a128b697a6fe8375340dea2c30,10,0,1,1,linux,BFC
554bfeceb8a22d448cd986fc9efce25e833278a1,0,455,3,1,linux,BIC
363bdb114434d021360c770871c2410df3965308,0,0,2,1,linux,BFC
cf590b07839133146842d2d3d9a68f804c2edc4b,737,0,9,3,linux,BIC
0b94c57717054811dd836d582585d3fb4856b43f,16,0,11,1,linux,BIC
6fa9201a898983da731fca068bb4b5c941537588,34,0,19,1,linux,BIC
b876d708316bf9b6b9678eb2beb289b93cfe6369,0,7,4,1,linux,BFC
7aafac11e308d37ed3c509829bb43d80c1811ac3,3,0,0,1,linux,BIC
c03101ff4f74bb30679c1a03d551ecbef1024bf6,0,0,2,1,linux,BFC
1511cc750c3d9a1c402d71e3522c9cf1fad0ad9c,182,0,0,1,linux,BIC
46c264daaaa569e24f8aba877d0fd8167c42a9a4,7,0,20,9,linux,BFC
aebf5a67db8dbacbc624b9c652b81f5460b15eff,1,0,0,1,linux,BFC
94f8c46566485974c155c5cb4507f03873cf4d71,0,2,0,1,linux,BFC
5c66d1b9b30f737fcef85a0b75bfe0590e16b62a,3,0,6,1,linux,BFC
9a1ac2288cf16f9406ca54ef221bfcf262393b15,15,37,2,2,linux,BIC
d624833f5984d484c5e3196f34b926f9e71dafee,0,1,1,1,linux,BFC
ffa0160a103917defd5d9c097ae0455a59166e03,88,0,2,6,linux,BIC
e95d73c437a09e7febea18f8e998f958ef6d7a72,0,0,1,1,linux,BFC
e7a0444aef4a1649bc155fd5c6d6ab3f8bdc88ab,26,0,7,1,linux,BIC
9cdbe14fb468586454d26d7ff878e7b698449727,0,0,1,1,linux,BFC
79e8c421a099bfbcebe59740153e55aa0442ced6,0,0,12,1,linux,BFC
bb67dd1878de5766c24fe7a4002d1a12c14da518,0,0,1,1,linux,BFC
07509e10dcc77627f8b6a57381e878fe269958d3,3,2,1,1,linux,BFC
08913a8e458e03f886a1a1154a6501fcb9344c39,0,0,1,1,linux,BFC
008ee9eb8a11bcabf12c91771dd4f470b082bd44,0,3,23,1,linux,BFC
fd4b8243877250c05bb24af7fea5567110c9720b,9,1,1,1,linux,BFC
c89e843a11f1075d27684f6b42256213e4592383,0,0,4,1,linux,BFC
d55c3ee6b4c7b76326eb257403762f8bd7cc48c2,2,0,0,1,linux,BFC
e6e1e7b19fa132d23d09c465942aab4c110d3da9,0,0,3,1,linux,BFC
eadd1befdd778a1eca57fad058782bd22b4db804,7,0,1,1,linux,BFC
3d26eb8ad1e9b906433903ce05f775cf038e747f,0,2,3,1,linux,BFC
112dc0c8069e5554e0ad29c58228f1e6ca49e13d,0,0,3,1,linux,BIC
1ef6f7c9390ff5308c940ff8d0a53533a4673ad9,390,5,15,7,linux,BIC
26dac3c49d56642b06c07c80a2184abbf510920f,0,113,0,1,linux,BIC
97c8c3aa48ca8eb85d1806e08f882f90d78b1856,4,0,2,1,linux,BFC
8b464eac9765dfc84d0327fa3f3668faa439d1ce,6,0,11,1,linux,BFC
a892819560c4985a699486f9c17db065c266d2da,34,15,25,2,linux,BIC
ad3eb2c89fb24d14ac81f43eff8e85fece2c934d,14,0,13,1,linux,BIC
82c3ba31c370b6001cbf90689e98da1fb6f26aef,0,0,1,1,linux,BFC
b90d9398d6ff6f518f352c39176450dbaf99e276,14,27,5,3,linux,BFC
a94cf2a614f8bc5b2b33c708626ce695bf71e424,5,0,1,2,linux,BIC
37f96694cf73ba116993a9d2d99ad6a75fa7fdb0,2,0,2,1,linux,BIC
20841405940e7be0617612d521e206e4b6b325db,62,0,7,8,linux,BIC
8bfdbddd68249e0d8598777cca8249619ee51df0,3,0,5,2,linux,BFC
af9a1f61ac331c2f910d9186767d02f8e982c38e,11,7,4,1,linux,BFC
0e12af84cdd3056460f928adc164f9e87f4b303b,0,0,1,1,linux,BFC
6f7b0bad88397ad5d7901ce63696163ac8b481ce,6,15,5,1,linux,BIC
137641287eb40260783a4413847a0aef06023a6c,10,1,0,1,linux,BIC
21fcdeec09ff461b2f9a9ef4fcc3a136249e58a1,0,0,1,1,linux,BFC
3bb4852d598f0275ed5996a059df55be7318ac2f,6,0,0,1,linux,BFC
c5198db82d4c257d4d9fb9dc0db329482f3d08b9,107,0,0,1,linux,BIC
03856e928b0e1a1c274eece1dfe4330a362c37f3,8,2,0,1,linux,BIC
955921289dcdbc49b46a731ec07978fb7d4e1fc7,1,0,0,1,linux,BFC
c9f621524e70774688db3cec60d85fa4c7de52e3,11,6,8,1,linux,BFC
e8ba2906f6b9054102ad035ac9cafad9d4168589,6,5,42,7,linux,BFC
6c0a8f6b5a45ac892a763b6299bd3c5324fc5e02,1,4,4,1,linux,BFC
e799035609e1526761aa2f896a974b233d04d36d,66,0,0,1,linux,BIC
b432e5cfd5e92127ad2dd83bfc3083f1dbce43fb,200,2,8,2,linux,BIC
7eaf1f37b8817c608c4e959d69986ef459d345cd,1,0,1,1,linux,BFC
c5d4355d10d414a96ca870b731756b89d068d57a,36,1,11,6,linux,BIC
27c7003697fc2c78f965984aa224ef26cd6b2949,5,0,1,1,linux,BFC
d55564cfc222326e944893eff0c4118353e349ec,16,47,28,1,linux,BIC
1ee6f00d1164955b7bdadd36fc0f2736754784d9,16,16,0,1,linux,BFC
382d020f4459cd77237c5463098935fd64afdab3,0,12,4,4,linux,BIC
930c8dfea4b8f320bd7f6a3e5e721ac20e444e03,3,0,0,1,linux,BIC
63960260457a02af2a6cb35d75e6bdb17299c882,5,0,19,3,linux,BFC
b2676e1482af89714af6988ce5d31a84692e2530,6,0,3,1,linux,BFC
c528fcb116e61afc379a2e0a0f70906b937f1e2c,9,0,5,1,linux,BIC
827b0913a9d9d07a0c3e559dbb20ca4d6d285a54,17,0,6,1,linux,BFC
97a4d46b1516250d640c1ae0c9e7129d160d6a1c,0,0,1,1,linux,BFC
eca1e006cf6f6f66a1a90c055a8a6d393475c3f9,0,0,1,1,linux,BFC
76d92ac305f23cada3a9b3c48a7ccea5f71019cb,34,18,19,4,linux,BIC
88ec7cb22ddde725ed4ce15991f0bd9dd817fd85,1,0,1,1,linux,BFC
9eb8bc593a5eed167dac2029abef343854c5ba75,0,2,5,1,linux,BFC
fbb3abdf2223cd0dfc07de85fe5a43ba7f435bdf,7,0,0,1,linux,BFC
03e4d5d56fa5cbd47d0a8964db3722e7977723a3,998,0,0,1,linux,BIC
b6fe0440c63716e09cfc0d1484e3898a0f29d1d1,20,11,1,4,linux,BFC
7de62bc09fe6d100ebd6c931c3f9a6fa7e6ed10f,10,0,0,2,linux,BIC
44bfa9c5e5f06c72540273813e4c66beb5a8c213,0,2,12,1,linux,BFC
bff589be59c50924a9715951160578e570cba5c6,23,19,47,1,linux,BIC
ee50e67ba0e17b1a1a8d76691d02eadf9e0f392c,1,0,1,1,linux,BFC
cafe19db7751269bf6b4dd2148cbfa9fbe91d651,241,4,24,5,linux,BIC
9c5137aedd112f78a968bdd2325de2ea06df46c0,296,1,2,5,linux,BIC
04d36d748fac349b068ef621611f454010054c58,32,10,30,5,linux,BFC
425df17ce3a26d98f76e2b6b0af2acf4aeb0b026,2,0,0,1,linux,BFC
53dc20b9a3d928b0744dad5aee65b610de1cc85d,27,0,8,1,linux,BFC
b25e67161c295c98acda92123b2dd1e7d8642901,19,6,2,1,linux,BIC
e13aaa0643da10006ec35715954e7f92a62899a5,1,0,0,1,linux,BFC
716b840c76417e608af3a8d354028604045ec46f,109,0,9,8,linux,BIC
1109c00547fc66df45b9ff923544be4c1e1bec13,40,2,92,1,linux,BIC
a9e79b116cc4d0057e912be8f40b2c2e5bdc7c43,14,40,7,2,linux,BFC
9a25344d5177c2b9285532236dc3d10a091f39a8,6,0,1,1,linux,BFC
f1b0a8ea9f12b8ade0dbe40dd57e4ffa9a30ed93,11,0,0,2,linux,BFC
8ec7791bae1327b1c279c5cd6e929c3b12daaf0a,15,0,2,1,linux,BFC
a4d5613c4dc6d413e0733e37db9d116a2a36b9f3,11,0,1,1,linux,BIC
b9684a71fca793213378dd410cd11675d973eaa1,3,0,4,3,linux,BIC
b95044b38425f563404234d96bbb20cc6360c7e1,0,0,1,1,linux,BFC
64bed6cbe38bc95689fb9399872d9ce250192f90,0,0,15,6,linux,BFC
9aac5887595b765b6f64b2af08b785e82e095b57,168,0,0,2,linux,BIC
931d0a8b201a46aedb7767087438ea9e4467b6cd,0,0,1,1,linux,BFC
8a138aed4a807ceb143882fb23a423d524dcdb35,595,0,30,6,linux,BIC
475d6f98804c09a48b5c815f7bd466fb4c1e743e,0,5,3,3,linux,BIC
81291383ffde08b23bce75e7d6b2575ce9d3475c,9,0,3,1,linux,BFC
1bc8cde46a159c928f62ac48981cf230582e4b78,67,0,0,1,linux,BIC
7dd8ade24dc2a35e683c5eccdb81ee9e279b0348,33,0,0,1,linux,BIC
99974aedbd73523969afb09f33c6e3047cd0ddae,4,0,1,1,linux,BFC
956060a52795a060833e8de2d1bb89209e61bed2,322,0,0,3,linux,BIC
6650cdd9a8ccf00555dbbe743d58541ad8feb6a7,226,1,2,8,linux,BIC
643d213a9a034fa04f5575a40dfc8548e33ce04f,7,0,3,1,linux,BFC
b4df02b562f4aa14ff6811f30e1b4d2159585c59,15,0,5,1,linux,BIC
3f8fd02b1bf1d7ba964485a56f2f4b53ae88c167,9,0,0,1,linux,BIC
39c2d639ca183a400ba3259fa0825714cbb09c53,8,8,0,2,linux,BIC
bcd53f858d87f52843cc87764b283999126a50d6,0,0,2,1,linux,BFC
4d65f9b6869a756e89172d858671688349e77671,3,0,9,1,linux,BFC
628c534ae73581fd21a09a27b7a4222b01a44d64,27,38,13,1,linux,BIC
46f55cffa47330b99537985a50d92945d4b34658,20,5,0,1,linux,BFC
c5a54bbcececa36852807c36157a86d808b62310,9,0,0,2,linux,BIC
7313f5a93d2017f789909a7a727a6cab48ea6d20,0,0,1,1,linux,BFC
fc8d0590d9142d01e4ccea3aa57c894bd6e53662,223,7,14,2,linux,BIC
691204bd66b34ba982e19988e6eba9f6321dfe6c,2,0,1,1,linux,BFC
8df1d0e4a265f25dc1e7e7624ccdbcb4a6630c89,25,0,7,6,linux,BIC
1d3e0980782fbafaf93285779fd3905e4f866802,17,0,5,1,linux,BFC
a4e75b76b2ce47e3d964c87689962abb83cc4958,1,0,0,1,linux,BFC
2580d3f40022642452dd8422bfb8c22e54cf84bb,2,2,7,2,linux,BFC
2501c1bb054290679baad0ff7f4f07c714251f4c,4,0,1,1,linux,BFC
0087f2013188d8b332cee2f74fd3c6754a49f620,0,4,1,1,linux,BFC
a622435fbe1a230d656d47edbb50370a432aec80,0,2,2,1,linux,BIC
4573240f0764ee79d7558d74fc535baa1e110d20,17,46,2,2,linux,BIC
6b31afcef51e578e936e66c347ab333c024963da,3,0,3,2,linux,BFC
c95072b3d88fac4be295815f2b67df366c0c297f,1,0,3,1,linux,BFC
a2618360abd7dfebe18862860fcc44787874528e,0,1,0,1,linux,BFC
8291fd04d86b97869bd34e796bcac3141b9d5432,0,0,1,1,linux,BFC
7abab7b9b498650404800a08765f44929fee8f31,2,0,0,1,linux,BFC
58d4d29823d9a6c4593c48a1a24e6a9dcec8e3ff,2,0,2,2,linux,BFC
dafabb6590cb15f300b77c095d50312e2c7c8e0f,3,0,3,1,linux,BIC
c56a8be7e7aa855ebcccf0e9d9eba2216514d399,408,40,18,5,linux,BIC
7c553f8b5a7dcf45f7a06da23b45e431aafbbdba,0,104,9,7,linux,BIC
7eefda7f353ef86ad82a2dc8329e8a3538c08ab6,3,3,0,1,linux,BFC
40f2f3e94178d45e4ee6078effba2dfc76f6f5ba,2,0,0,1,linux,BFC
57efa1fe5957694fa541c9062de0a127f0b9acb0,41,0,1,7,linux,BFC
a0862a40364e2f87109317e31c51c9d7bc89e33f,1,0,1,1,linux,BFC
18b3f5ac6b55f5f3f60723a58f14ec235a5b8cfe,0,8,0,1,linux,BFC
e5f5a66c9aa9c331da5527c2e3fd9394e7091e01,4,1,0,1,linux,BFC
9f6dc633761006f974701d4c88da71ab68670749,20,7,5,2,linux,BFC
15060aba717115dc9f204c02213a7c6bf341163e,50,0,0,2,linux,BIC
dfe8266b8dd10e12a731c985b725fcf7f0e537f0,19,0,3,1,linux,BFC
b12f031043247b80999bf5e03b8cded3b0b40f8d,0,2,0,1,linux,BFC
2e050e648ad6c74a2f0a28f645155128be0626ca,0,0,1,1,linux,BFC
665e985c2f41bebc3e6cee7e04c36a44afbc58f7,0,0,1,1,linux,BFC
2c6fcbb211494f1ff6ef384776944b9e04f4c14c,769,0,0,1,linux,BIC
58ea8abf490415c390e0cc671e875510c9b66318,884,0,3,5,linux,BIC
7d717558dd5ef10d28866750d5c24ff892ea3778,5,1,3,1,linux,BFC
f1eec3b0d0a849996ebee733b053efa71803dad5,1,0,1,1,linux,BFC
31c128b66e5b28f468076e4f3ca3025c35342041,18,5,1,1,linux,BIC
604faf9a2ecd1addcc0c10a47e5aaef3c4d4fd6b,0,0,2,1,linux,BFC
3f2640ed7be838c3f05c0d2b0f7c7508e7431e48,0,1,1,1,linux,BFC
431bca24308c5a82575571023a7128a881f716b2,1,2,3,1,linux,BFC
5a371cf87e145b86efd32007e46146e78c1eff6d,1,1,0,1,linux,BFC
7fde2dbe03f41fd9ce0f38ebf9879e02487e5bdc,0,0,1,1,linux,BFC
b6a619a883c38e3f01749afe13dd23395c94a058,15,2,0,1,linux,BIC
243bce09c91b0145aeaedd5afba799d81841c030,0,0,2,1,linux,BFC
ca0b04db14a51893322a2a4638a41dc79c2cf98a,5,23,12,3,linux,BIC
578aa8a2b12cb4cc3cfdb6ccd56af9f5f0dd6118,17,14,2,1,linux,BIC
906d441febc0de974b2a6ef848a8f058f3bfada3,35,0,0,1,linux,BFC
8e6882545d8c06f99e9e117741cc87f3338b0bef,12,0,18,2,linux,BFC
f951380a6022440335f668f85296096ba13071ba,111,0,35,8,linux,BIC
206b8cc514d7ff2b79dd2d5ad939adc7c493f07a,0,0,1,1,linux,BFC
a0bc01e0f1fa39702b5244b3bac699bea0d4f413,1,0,1,1,linux,BFC
fcc00621d88b274b5dffd8daeea71d0e4c28b84e,6,0,3,1,linux,BIC
1dced996ee702e6af82a57c7b6c56b0cceaa6425,7,0,1,1,linux,BIC
e5e35e754c28724d5c619f2ec805fd221f8d59ce,16,2,5,2,linux,BFC
dcf257e92622ba0e25fdc4b6699683e7ae67e2a1,1,3,1,1,linux,BIC
a3200debde5fda3e25f7e22cb2bc17a9280f7811,0,0,1,1,linux,BFC
66be4e66a7f422128748e3c3ef6ee72b20a6197b,0,2,2,1,linux,BFC
deba25800a12b99e1a68bc83d33709be4b9a40b7,746,0,0,1,linux,BIC
79539f34743d3e14cc1fa6577d326a82cc64d62f,2,0,2,1,linux,BFC
4927b1ab2047dc12b3c16f7b84ab95145cd3b79d,0,28,24,2,linux,BIC
2074f9eaa58795a99e9da61c10f93180f810cfd6,0,0,1,1,linux,BFC
0853695c3ba46f97dfc0b5885f7b7e640ca212dd,44,73,58,18,linux,BIC
29555fa3de865630570b5f53c847b953413daf1a,1,4,20,3,linux,BFC
b8128656a5edd23a91542c9da849cd878a54148d,0,0,2,1,linux,BFC
3412386b531244f24a27c79ee003506a52a00848,0,0,1,1,linux,BIC
058f2e4da79b23afb56ce3d03d907d6cdd36f2b8,2,0,4,1,linux,BFC
17cdec960cf776b20b1fb08c622221babe591d51,14,4,17,3,linux,BIC
6a7f5bd6185e1c86256d5e52c3bb7a4d390d6e19,5,0,1,1,linux,BFC
2a8a0147cb523ff8c21e57195dae1833b35dafaf,1,0,1,1,linux,BFC
a864e8f159b13babf552aff14a5fbe11abc017e4,41,0,9,2,linux,BIC
eeb0cfb6b2b6b731902e68af641e30bd31be3c7b,0,0,2,1,linux,BFC
31739eae738ccbe8b9d627c3f2251017ca03f4d2,0,15,0,1,linux,BFC
1c73213ba991d26a91282e775d1f5a60e41e5184,0,0,2,1,linux,BFC
7a56673b58f2414679e926bba80309a037a4fd35,0,0,1,1,linux,BFC
a4b3518d146f150d633f7dc815bb8ee2fbc162e9,7,0,0,2,linux,BIC
84ff7a09c371bc7417eabfda19bf7f113ec917b6,0,0,8,1,linux,BFC
75743649064ec0cf5ddd69f240ef23af66dde16e,1,0,1,1,linux,BFC
8c03a1c21d72210f81cb369cc528e3fde4b45411,0,1,0,1,linux,BFC
82547469782a952452c84c055c7911e635c77cd0,31,207,17,2,linux,BIC
fd4e994bd1f9dc9628e168a7f619bf69f6984635,2,0,2,1,linux,BFC
12e26969b32c79018165d52caff3762135614aa1,7,0,7,1,linux,BFC
17006e86a7641fa3c50324cfb602f0e74dac8527,6,6,33,5,linux,BFC
bf5d10dcae3549b779490672c705c6ac79cf68a3,0,2,0,1,linux,BFC
1ad53d9fa3f6168ebcf48a50e08b170432da2257,0,0,1,1,linux,BIC
dbe2256ddd8e8420c254c79f4045c41cb5f4bd6b,69,0,0,2,linux,BIC
3e759425cc3cf9a43392309819d34c65a3644c59,10,0,1,1,linux,BFC
0cf1725676a97fc8b4dd88794ea0acc1325b4fb7,2,0,2,1,linux,BIC
c08fbdc57741026a440d01593e09e11b60b3e210,32,2,12,2,linux,BFC
fd1a5b04dfb899f84ddeb8acdaea6b98283df1e5,0,13,5,2,linux,BIC
481221775d53d6215a6e5e9ce1cce6d2b4ab9a46,1,0,0,1,linux,BFC
e7b169f34403becd3c9fd3b6e46614ab788f2187,5,0,1,1,linux,BFC
db570d7deafb47ee635981f403a6531844c18ba5,95,18,25,3,linux,BIC
2df26639e708a88dcc22171949da638a9998f3bc,0,7,4,1,linux,BFC
ccc89737aa6b9f248cf1623014038beb6c2b7f56,0,0,5,1,linux,BFC
115c215a7e5753ddf982c8760ce7904dd3fbb8ae,3,0,2,1,linux,BFC
5c9d9a1b3a540779ba3f2d5e81150b2d92dcb74a,120,17,29,2,linux,BIC
c1432423a16825ef94e019808ed7330ee33ffc69,33,1,5,3,linux,BFC
376d68929d5bb5edc57be5fb38daaff3f3375f64,0,0,4,1,linux,BFC
ffea9fb319360b9ead8befac6bb2db2b54fd53e6,1,0,0,1,linux,BFC
b4d8a58f8dcfcc890f296696cadb76e77be44b5f,0,0,1,1,linux,BFC
f1df7956c11f93b2a90ceae78cdc4bfc00f5e38d,56,0,59,1,linux,BIC
f8f97b0c5b7f7c801d80ac78165edf25fff1f5e0,79,61,213,15,linux,BIC
2e8e79c416aae1de224c0f1860f2e3350fa171f8,3,2,0,1,linux,BFC
0838aa7fcfcd875caa7bcc5dab0c3fd40444553d,45,28,6,5,linux,BIC
4cfffcfa5106492f5785924ce2e9af49f075999b,29,0,0,1,linux,BIC
197af5f2131101f9a6118b238901cb1988f5d7f9,0,1,0,1,linux,BFC
30572418b445d85fcfe6c8fe84c947d2606767d8,0,6,0,1,linux,BFC
fd5736bf9f235d26c83cac8a16c70bbdafa55abe,137,2,23,3,linux,BIC
b0921d5c9ed6ffa8a4d6afc5ee5f136b87445f14,15,0,0,2,linux,BFC
c17f27167b4cb4988ae035fb8dce0c314e9de155,19,0,4,4,linux,BFC
3af409ca278d4a8d50e91f9f7c4c33b175645cf3,1,0,2,1,linux,BFC
aae67158da3677cde569919d66c6521f7b3a4502,0,4,0,1,linux,BFC
1bd54d851f50dea6af30c3e6ff4f3e9aab5558f9,5,0,0,1,linux,BIC
b13431ed6eab808affbd796a7c8caf05c7ae4cdd,0,26,0,1,linux,BFC
c7d776f85dfe5159ebf621ee1e50e555237b1a25,3,0,1,1,linux,BFC
cc663f4d4c97b7297fb45135ab23cfd508b35a77,4,0,8,1,linux,BIC
e405f9fcb63602d35f7a419ededa3f952a395a72,5,0,0,1,linux,BFC
d1a1af2cdf19770d69947769f5d5a16c39de93e6,28,0,0,1,linux,BIC
d23b8ad8ab23f5a18b91e2396fb63d10f66b08d6,261,0,0,3,linux,BIC
1f39b1dfa53c84b56d7ad37fed44afda7004959d,133,9,8,9,linux,BIC
159f3cd92f17c61a4e2a47456de5865b114ef88e,59,23,8,1,linux,BFC
7c80b038d23e1f4c7fcc311f43f83b8c60e7fb80,4,0,4,1,linux,BFC
4d2e11d42fe4117c24e79a012904cf0fa7fdcfe3,0,0,1,1,linux,BFC
e91b162d2868672d06010f34aa83d408db13d3c6,0,0,1,1,linux,BFC
15b71abe7b52df214785dde0de9f581cc0216d17,93,0,2,2,linux,BIC
493cfaeaa0c9bc0c79ce5751193d49fdac9aaaec,11,85,22,2,linux,BIC
e7eef1d7633a875977705d203e6f651893582374,535,0,0,1,linux,BIC
3cef2e31b54b5975f45dfd7f88204bb78b03d535,82,0,11,1,linux,BIC
aff6f8cb3e2170b9e58b0932bce7bfb492775e23,12,0,5,3,linux,BFC
2e9ca760c289e1f992eb2cd053e217db7934ab0a,2,36,2,1,linux,BFC
4a482f34afcc162d8456f449b137ec2a95be60d8,55,0,1,3,linux,BIC
6209624b9a5c1e417b142e9688f5fc96c1e0cd58,235,0,0,2,linux,BIC
5265047ac30191ea24b16503165000c225f54feb,7,1,2,2,linux,BIC
fa1202ef224391b6f5b26cdd44cc50495e8fab54,117,8,9,2,linux,BIC
8a95c8994509c55abf1e38c0cc037b1205725e21,0,0,1,1,linux,BFC
eec6e3ee636ec3adaa85ebe4b4acaacfcf06277e,6,0,4,1,linux,BFC
ba49cbd0936e12eac245c0fb420a291e8505f639,25,0,0,2,linux,BIC
110e48725db6262f260f10727d0fb2d3d25895e4,0,0,1,1,linux,BFC
163a3ef681e5e9d5df558e855d86ccd4708d6200,2,0,1,1,linux,BFC
7b9762a5e8837b92a027d58d396a9d27f6440c36,4,0,3,1,linux,BFC
3176bf2d7ccd64da9be7b07036e0ba8293179906,140,1,40,2,linux,BIC
8aa41952ef245449df79100e1942b5e6288b098a,2,0,1,1,linux,BFC
abdf5a5ef9652bad4d58058bc22ddf23543ba3e1,0,0,1,1,linux,BFC
6f934afa6a980bb8d3ce73836b1a9922685e50d7,0,7,6,1,linux,BFC
01a69cab01c184d3786af09e9339311123d63d22,2,0,2,1,linux,BFC
0b33a33bd15d5bab73b87152b220a8d0153a4587,1,0,2,1,linux,BFC
7c390d350f8b677df3236afef4ced80dba6c3201,63,0,8,3,linux,BIC
49cdc4c74918a5576cb93b679629714d8a9ef399,6,0,0,1,linux,BFC
dec63a4dec2d6d01346fd5d96062e67c0636852b,0,0,4,2,linux,BFC
b8c8bf47da5576657370798da6f18a8cb0245d5b,5,0,1,2,linux,BFC
21ab095cbc069a351fa9cef919f2dafc43a8fde7,0,0,1,1,linux,BFC
1859bac04fb696b858dbbff59503c945ec871bd9,10,0,1,1,linux,BIC
14c68c43b7695cbcfe148bf3c513b598c2886e7d,0,0,1,1,linux,BFC
ec7ce653d9f6eb22404dee468bf63d8fcaff9c42,26,0,2,3,linux,BFC
b48e1b6ffd28a2af57620c4876abe7b956314e87,103,0,1,1,linux,BIC
f0e81fecd4f83de7854262c8a6b3af19dfa99bf9,19,0,6,2,linux,BIC
9abdcccc3d5f3c72f25cd48160f60d911353bee9,38,7,19,2,linux,BIC
f741494363c6c90e6744117d2771bbdf0fb3c455,0,0,2,1,linux,BFC
923b352f19d9ea971ae2536eab55f5fc9e95fedf,51,6,19,6,linux,BFC
ecb10b694b72ca5ea51b3c90a71ff2a11963425a,0,9,0,1,linux,BIC
541cd3ee00a4fe975b22fac6a3bc846bacef37f7,20,0,2,1,linux,BIC
7197e77abcb65a71d0b21d67beb24f153a96055e,2,13,8,1,linux,BIC
bf8d5d52ffe89aac5b46ddb39dd1a4351fae5df4,129,0,48,5,linux,BIC
8115b750dbcbeb3aa412f18b7a8b0aee4d35b079,3,4,8,2,linux,BIC
1ec92e9742774bf42614fceea3bf6b50c9409225,38,25,0,1,linux,BFC
809d5fc9bf6589276a12bd4fd611e4c7ff9940c3,3,0,1,3,linux,BIC
05912a3c04ebca217507b4323b679c60eda4ac11,2,23,2,4,linux,BIC
eef243d04b2b69e032f145e1f165afb4160be3e5,124,0,0,1,linux,BIC
b12422362ce947098ac420ac3c975fc006af4c02,8,7,0,1,linux,BFC
f6d0cbcf09c506b9b022df8f9d7693a7cec3c732,821,0,0,6,linux,BIC
01e985e900d3e602e9b1a55372a8e5274012a417,0,0,4,1,linux,BFC
04df41e343db9ca91a278ea14606bbaaf0491f2e,64,0,1,1,linux,BIC
48504619a65977fb2a4c7182eab637867f1e6548,2,0,0,1,linux,BFC
1391b9cfd35bb8f10785a17cb4bb5ea8d10faaae,9,0,0,1,linux,BFC
6517798dd3432a0002109809bf74e4fcf9bb0c7d,130,54,44,7,linux,BIC
d4e64c2909231222ceba0999d921e7ac8908f656,1,0,0,1,linux,BFC
ba91c49dedbde758ba0b72f57ac90b06ddf8e548,4,0,1,1,linux,BFC
b3509b6ed7a79ec49f6b64e4f3b780f259a2a468,27,0,5,3,linux,BFC
bf6dba76d278d296b385b436d3ac7de56c190d44,12,1,2,1,linux,BIC
193c04374e281a56c7d4f96e66d329671945bebe,35,0,0,1,linux,BFC
dea0a82f3d22ad8a4e113a60ca94aa173af36756,293,0,0,2,linux,BIC
a24cae7012b59bfe1aed01fe3fc13d81b7b97b08,1,0,5,4,linux,BFC
559271146efc0bf125e6390191f683eab884e4a1,53,9,19,1,linux,BIC
f4f84ff8377d4cedf18317747bc407b2cf657d0f,5,0,0,1,linux,BFC
c8560b7c917f8738f5d80dd516930edc1d05e4e4,4,0,1,1,linux,BIC
e552af058148498c8a0874edf6b022caea9cb2b7,52,0,0,4,linux,BIC
23278bf54afe180967069bdc8c0f1c7a365fc63e,1230,0,0,1,linux,BIC
3fd87127073292538047adf1c9c757e9cab0dd56,4,5,8,4,linux,BFC
1be37d3b0414e3db47f6fcba6c16286bbae0cb65,93,2,14,2,linux,BIC
800179c9b8a1e796e441674776d11cd4c05d61d7,142,0,0,3,linux,BIC
c318840fb2a42ce25febc95c4c19357acf1ae5ca,12,1,11,1,linux,BIC
3ecdda3e9ad837cf9cb41b6faa11b1af3a5abc0c,2,0,2,1,linux,BFC
336bf30eb76580b579dc711ded5d599d905c0217,4,85,43,4,linux,BFC
8e3cca12706231daf8daf90dbde59f1665135e48,2,0,0,1,linux,BFC
f43c887cb7cb5b66c4167d40a4209027f5fdb5ce,9,1,3,1,linux,BFC
de231388cb80a8ef3e779bbfa0564ba0157b7377,221,0,0,1,linux,BIC
7aa0557fae5ce26dddc877869c7ad934e71f30db,14,2,10,1,linux,BFC
485734f3fc77c1eb77ffe138c027b9a4bf0178f3,0,2,0,1,linux,BFC
ca84bd058daefef1d184dd0a7b6b43c67339e72c,8,0,0,1,linux,BIC
d1c803a9ccd7bd3aff5e989ccfb39ed3b799b975,2,0,1,1,linux,BFC
e0d369d1d969fc9e4fd08a20f6dad04d369aceea,244,8,0,2,linux,BIC
f47e4e3e71724f625958b0059f6c8ac5d44d27ef,5,0,7,1,linux,BFC
f1013cdeeeb978e3d8ef254bee1f007da4c862f3,0,4,0,1,linux,BIC
9a34b45397e5a389e25a0c5d39983300d040e5e2,98,0,14,1,linux,BIC
3bd14ae9da9194d369334556a70a7ff73ef94491,0,0,2,1,linux,BIC
aac8a70db24bd3916b9ddce1761e500771356b6b,11,1,5,1,linux,BIC
769c500dcc1edb6e65f84b2a7304589b748a3e35,455,26,3,10,linux,BIC
ceeeb99cd821a2f7493e1e0e1eca5afc7a205213,7,0,8,3,linux,BIC
0df952873636a6df4b7469a4eb4da1e477031e3a,106,0,3,3,linux,BIC
ab3948f58ff841e51feb845720624665ef5b7ef3,21,0,5,4,linux,BIC
282d16b628e4979eee692f5f93a936e5d613c926,0,0,1,1,linux,BFC
5a606223c6b5b7560da253ed52e62c67fa18e29b,12,0,1,1,linux,BFC
52414e27d6b568120b087d1fbafbb4482b0ccaab,0,2,0,1,linux,BFC
613f050d68a8ed3c0b18b9568698908ef7bbc1f7,22,3,15,3,linux,BIC
540d1e15393d92288d133fca2ea245d8d38227e6,444,0,0,1,linux,BIC
56fb2d6eb63acd48b50437b415b6f7d2fcffe75d,0,0,1,1,linux,BFC
1351e69fc6db30e186295f1c9495d03cef6a01a2,161,28,59,6,linux,BIC
3eee6c7d119cd8563ad25898f94d6c1b514da548,78,9,14,2,linux,BIC
8764ed55c9705e426d889ff16c26f398bba70b9b,18,0,2,2,linux,BFC
dbfee5aee7e54f83d96ceb8e3e80717fac62ad63,2,0,2,1,linux,BFC
d7037ad73daa9598b8caa7d5fdf41e8ceee6ef73,22,0,16,3,linux,BIC
5a2414bc454e89e0515b47500734a65aa40cf9fe,942,0,0,3,linux,BIC
41a0be3f8f6be893860b991eb10c47fc3ee09d7f,0,0,3,1,linux,BFC
5e63e6baa159fa8c787cf783dbf3d77fbea97331,1,0,1,1,linux,BFC
7d2c3f54e6f646887d019faa45f35d6fe9fe82ce,35,25,4,4,linux,BIC
3e5e479a39ce9ed60cd63f7565cc1d9da77c2a4e,18,0,7,1,linux,BFC
3ab0598e6d860ef49d029943ba80f627c15c15d6,13,0,0,1,linux,BFC
98b008dff8452653909d9263efda925873e8d8bb,0,0,1,1,linux,BFC
4a39156166b90465da0f9a33b3442d63b5651bec,4,0,2,1,linux,BFC
af7651e67b9d5f7e63ea23b118e3672ac662244a,6,0,0,1,linux,BFC
8d6b006e1f51c99016aa39ca9e03947cbdd024e3,21,0,1,2,linux,BIC
3ea7daa5d7fde47cd41f4d56c2deb949114da9d6,853,4,19,2,linux,BIC
f2c1061a3677b400a945d9238f17bf33d669acff,0,2,0,1,linux,BFC
046e5ccb4198b990190e11fb52fd9cfd264402eb,4,0,3,1,linux,BFC
07bd14ccc3049f9c0147a91a4227a571f981601a,2,0,1,1,linux,BFC
9b36627acecd5792e81daf1a3bff8eab39ed45fb,3,12,6,3,linux,BIC
c64be2bb1c6eb43c838b2c6d57b074078be208dd,543,0,0,4,linux,BIC
4a21b49b34c01137a67bf0fe185c5d0fff747e4d,2,4,10,3,linux,BIC
24572af4fb6ce0726dbe12b0286de11d25ff008b,3,0,0,1,linux,BFC
850bea2335e42780a0752a75860d3fbcc3d12d6e,0,58,1,23,linux,BIC
77b9900ef53ae047e36a37d13a2aa33bb2d60641,718,0,0,2,linux,BIC
b116517055b7ebde85fa8ee8704071e31ea25dc3,331,0,0,1,linux,BIC
3368d001ba5df44930d986e82b1b497d4da285ba,88,0,7,5,linux,BIC
807e5eda2078327d1adaf213cf7d6b3862cad1f4,0,4,0,1,linux,BFC
5d220ff9420f8b1689805ba2d938bedf9e0860a4,90,0,1,1,linux,BIC
3f01daecd545e818098d84fd1ad43e19a508d705,36,0,0,1,linux,BIC
7a3a4d763837d3aa654cd1059030950410c04d77,16,0,4,1,linux,BFC
dbc049eee73004db996cc8f63754f8dd5f86d0f7,1601,0,4,2,linux,BIC
ae45cd5efc1202448e4df97e342727f025f35444,5,0,0,1,linux,BIC
0cb5950f3f3b51a4e8657d106f897f2b913e0586,29,0,1,1,linux,BFC
503ee5aad43054a26cfd5cc592a31270c05539cd,36,0,21,1,linux,BIC
403b9636fe9f59124d1a437a297b330729061252,0,0,2,1,linux,BFC
c548e62bcf6adc7066ff201e9ecc88e536dd8890,66,35,30,5,linux,BIC
d0869c0071e40c4407d1a4d7c9497653cf47253b,29,0,1,1,linux,BIC
13bd691421bc191a402d2e0d3da5f248d170a632,8,0,0,1,linux,BFC
b3cc73d2bf14e7c6e0376fa9433e708349e9ddfc,6,0,0,1,linux,BFC
cb32f511a70be8967ac9025cf49c44324ced9a39,21,0,8,11,linux,BIC
6f60eade2433cb3a38687d5f8a4f44b92c6c51bf,47,0,9,3,linux,BIC
5debf02131227d39988e44adf5090fb796fa8466,0,0,1,1,linux,BFC
e654dfd38c1ecf58d8d019f3c053189413484a5b,0,2,5,1,linux,BFC
7f502361531e9eecb396cf99bdc9e9a59f7ebd7f,4,3,10,2,linux,BIC
1e21270685ae4c14361dd501da62cdc4be867d4e,0,0,2,1,linux,BFC
16c243e99d335e1ef3059871897119affc98b493,36,0,7,1,linux,BIC
c1ed2fb9d9c0e6a2245f013df76587ee3e78be46,23,0,5,2,linux,BFC
67288f74d4837b82ef937170da3389b0779c17be,2,0,0,1,linux,BFC
25058d1c725c70e52c7750a3fafabb78cadefd9b,0,0,3,1,linux,BIC
02e64276c6dbcc4c5f39844f33d18180832a58f3,2,0,0,1,linux,BFC
f75587b8ca69768c6cf8a38a0b61e68e1bea3d36,0,1,1,1,linux,BFC
bffaa916588ebb065cfa0287195d9ad35612eecf,148,0,0,4,linux,BIC
ab6fd5d44aa21ede9e566f89132f7bdda7f33093,1,0,0,1,linux,BFC
c392bccf2c1075b5d2cc9022d0116a516acb721d,0,0,1,1,linux,BFC
e99833448c5fa198a120db6d7087dd17149dc273,29,0,2,3,linux,BIC
3fa0e8f6f9609ba195b8b3e4cf3e61420451fc7b,233,0,0,1,linux,BIC
95b80bf3db03c2bf572a357cf74b9a6aefef0a4a,0,2,2,1,linux,BIC
61a1d87a324ad5e3ed27c6699dfc93218fcf3201,0,0,1,1,linux,BFC
4b7f7ee2a5f523cf002328c6c02cb3e28a0fb30b,2,8,0,3,linux,BFC
dff9bc42ab0b2d38c5e90ddd79b238fed5b4c7ad,9,2,0,1,linux,BFC
d85d71dd1ab67eaa7351f69fec512d8f09d164e1,4,0,4,1,linux,BFC
a53085c1d20f914590fe446d01d4546150758983,1,1,6,1,linux,BFC
780f66e59231fcf882f36c63f287252ee47cc75a,1,0,3,1,linux,BFC
cce2ea8d90fec72ed954830e73f5d4995cc79193,129,21,29,1,linux,BIC
a44f7cb937321d4961bfc8f28912126b06e701c5,5,0,5,1,linux,BIC
3888bb741177718177c49a6b1b7c174b5b18c1be,5,6,1,1,linux,BFC
3143504918105156d03e8f927e127f7b9ea260d2,0,0,0,1,linux,BIC
955818cd5b6c4b58ea574ace4573e7afa4c19c1e,0,2,5,1,linux,BFC
3240eac4ff20e51b87600dbd586ed814daf313db,0,0,2,1,linux,BFC
e0e474a83c18f134e42c4845e19d0ef0751f43f0,174,0,8,2,linux,BIC
d081e021fd62497412f8c0c16ea6644cc7d4a154,3,2,0,1,linux,BFC
b92ce55893745e011edae70830b8bc863be881f9,139,10,11,6,linux,BIC
c2cd650b5b2bd6b57f2f62be65b1a8a576d4de6d,1,0,1,1,linux,BFC
85d0966fa57e0ef2d30d913c98ca93674f7a03c9,62,34,22,18,linux,BFC
a08ed9aae8a3d2321ef378d6581cc87a3fb75b44,4,0,8,1,linux,BFC
3e8c6bc608480010f360c4a59578d7841726137d,0,4,6,1,linux,BFC
172067e0bc8721af3e8626596f91b03f691e88a8,166,0,0,1,linux,BIC
309c4848c0481f71f4cb20290e6f5bded1e54131,3,0,2,1,linux,BFC
3af9571cd585efafc2facbd8dbd407317ff898cf,4,0,3,1,linux,BFC
95110ac88d5139c73eef6ede37eff23c4089f4f2,0,1,3,1,linux,BFC
b6328a07bd6b3d31b64f85864fe74f3b08c010ca,0,1,1,1,linux,BFC
2705cd7558e718a7240c64eb0afb2edad5f8c190,2,0,0,1,linux,BFC
ba35f8588f474d5bf8988615b04ee722a2684fd2,47,3,49,3,linux,BIC
37cabc74e57d15d683a8e49159bc8dcd5a50516a,0,0,1,1,linux,BFC
088ec26d9c2da9d879ab73e3f4117f9df6c566ee,16,0,0,1,linux,BFC
995e9bcb42f99b68a45400f51bbbf41bb871ba2f,13,3,3,2,linux,BFC
e904c2ccf9b5cb356eec754ffea05c08984f6535,0,0,2,1,linux,BFC
759a7c6126eef5635506453e9b9d55a6a3ac2084,0,9,1,1,linux,BFC
95e16b4792b0429f1933872f743410f00e590c55,41,0,16,2,linux,BFC
f348c252320b98e11176074fe04223f22bddaf0d,161,0,23,5,linux,BIC
a551d91473e5e3a591f6fe86ac5a5fb460c3f96a,27,272,37,9,linux,BIC
2b679ca1136129b0601f3d439965f83bd33d9eda,39,2,6,1,linux,BFC
6cd6356206605f283f82210918049465d0a08670,0,0,6,1,linux,BFC
9d497e2941c30a060ba62d5485b3bc9d91ffb09e,7,16,15,2,linux,BIC
a1d33b70dbbc2c331c788ae12d5d54ac36c6744d,26,56,70,1,linux,BIC
2dc2f761dea65069485110d24eaa5b0d5d808b07,5,0,2,1,linux,BFC
617f3e1b588c802517c236087561c6bcb0b4afd6,30,5,17,3,linux,BIC
d2e4d593516e877f1f6fb40031eb495f36606e16,0,2,4,1,linux,BFC
5ce783025c827340cdc966508a0d445dcd591ba9,59,50,1,1,linux,BIC
8c47eb86679cca23860c6fc64d5190fd28755da6,2,0,2,1,linux,BFC
09e0dbbeed82e35ce2cd21e086a6fac934163e2a,10,0,2,1,linux,BFC
343d8a30851c48a4ef0f5ef61d5e9fbd847a6883,51,0,2,5,linux,BFC
a0ee3541483767e82bf26b8269693eec25c01cba,112,0,19,4,linux,BIC
98229aa36caa9c769b13565523de9b813013c703,43,0,10,1,linux,BIC
1e3a3abd8b28cfda9d0d0167e50e0fe11bc372a9,13,5,62,1,linux,BIC
4da74db0d9a6ffe053d3a3efa756906e0afc4cf7,0,0,2,1,linux,BFC
c46302ec554c575e79d791c7c84fd4c795e97680,382,0,0,5,linux,BIC
4cc6feb715c223d59c8cad0dc71bce1a574a2c67,1,0,1,1,linux,BFC
c54c1c5ee8e73b7cb752834e52e2129b1dab00bd,0,0,3,1,linux,BFC
2d1d4c1e591fd40bd7dafd868a249d7d00e215d5,14,4,10,1,linux,BIC
025ffe88ee605acb03dba0d920908dff5ec15dd0,0,0,5,1,linux,BIC
b7fa0554cf1ba6d6895cd0a5b02989a26e0bc704,583,0,6,11,linux,BIC
4fa8fcd3440101dbacf4fae91de69877ef751977,2,0,1,1,linux,BFC
e3156048346c28c695f5cf9db67a8cf88c90f947,72,7,4,1,linux,BFC
696ca779a928d0e93d61c38ffc3a4d8914a9b9a0,4,5,11,2,linux,BFC
147ccfd451024de2785d678863a6a6889cb2db60,8,40,14,2,linux,BIC
ad97bc37426c1eec1464649062352196138d5d0c,129,45,5,1,linux,BIC
90d52d57ccace5cd590ae642765b510240986546,306,0,0,1,linux,BIC
f876df9f12cda68e68995b33b36491d78fd3ecce,10,0,1,1,linux,BFC
3921a81c31df6057183aeb7f7d204003bf699d6f,2,2,2,1,linux,BFC
33dd70752cd76f4d883a165a674f13121a4155ed,38,8,3,5,linux,BIC
49afd7289bd937401c5f7faa193054bc3c41dad6,0,0,2,1,linux,BFC
f1a090f09f42be5a5542009f0be310fdb3e768fc,0,3,0,1,linux,BFC
905889b4a34c753a538015f0b2cdaa0c9e3a4fd5,0,0,1,1,linux,BFC
d701658a50a471591094b3eb3961b4926cc8f104,59,11,2,3,linux,BFC
f048c399e0f7490ab7296bc2c255d37eb14a9675,10,0,0,2,linux,BIC
f6514be5fe7fe796041b673bad769510414ff2b9,0,0,2,1,linux,BFC
5660e13d2fd6af1903d4b0b98020af95ca2d638a,205,0,1,7,linux,BIC
1c3aa6bd0b823105c2030af85d92d158e815d669,0,0,1,1,linux,BFC
2541517c32be2531e0da59dfd7efc1ce844644f5,217,0,1,7,linux,BIC
288ac524cf70a8e7ed851a61ed2a9744039dae8d,0,0,1,1,linux,BFC
42cd4ed888393b2bc8ddfd277aa2d0ec0c7e0259,0,0,1,1,linux,BFC
f334430316e7fd37c4821ebec627e27714bb5d76,3,51,13,7,linux,BIC
3f2ce83ddba936568de2d057bbd29d74cd2de80d,2,0,0,1,linux,BFC
f875a792abe933d0b4553ab6e29c624b58932e41,2,0,2,2,linux,BIC
3ad3f8f93c81f81d6e28b2e286b03669cc1fb3b0,55,0,6,6,linux,BIC
2e9fe539108320820016f78ca7704a7342788380,1,0,1,1,linux,BIC
43fab9793c1f44e665b4f98035a14942edf03ddc,7,0,6,1,linux,BIC
4191db26b714e077e6faddd82d575ae4a8ae7d63,5,5,0,2,linux,BIC
89d58aebe14a365c25ba6645414afdbf4e41cea4,2,0,0,1,linux,BFC
fe631457ff3e19e7bb28f4ad65c65726203fdb64,5,29,17,1,linux,BIC
b2cdeb19f16ad984eb5bb9193f793d05a8101511,1,0,4,1,linux,BFC
11632d4aa2b3f126790e81a4415d6c23103cf8bb,25,9,3,1,linux,BIC
cd0d83eab2e0c26fe87a10debfedbb23901853c1,0,0,2,1,linux,BFC
ed57cac83e05f2e93567e4b5c57ee58a1bf8a582,75,1,7,3,linux,BIC
a61ecd329cfa951b7d36c13e9e2a07e7761c0e89,0,0,1,1,linux,BFC
823f4e53f0f2beef4ae43b0a8b33e27b0761b840,2,0,1,1,linux,BFC
4d46a67a3eb827ccf1125959936fd51ba318dabc,33,13,2,2,linux,BIC
3306145866b62ff9087b4fde489df4b3ee8755c1,121,74,42,1,linux,BIC
34ca70ef7d3a9fa7e89151597db5e37ae1d429b4,0,0,11,1,linux,BFC
bf53fc6b5f415cddc7118091cb8fd6a211b2320d,22,0,5,1,linux,BIC
6ed0993a0b859ce62edf2930ded683e452286d39,9,0,3,1,linux,BFC
7cfc5c653b07782e7059527df8dc1e3143a7591e,2,0,7,1,linux,BFC
2f3abe6cbb6c963ac790b40936b6761c9f0497b4,932,0,0,3,linux,BIC
0e3b74e26280f2cf8753717a950b97d424da6046,105,0,3,1,linux,BFC
30c08efec8884fb106b8e57094baa51bb4c44e32,12,39,2,1,linux,BIC
d27e623ace6af259075b6e0437380ee8d6268c5d,2,0,0,1,linux,BFC
9cba4ebcf374c3772f6eb61f2d065294b2451b49,0,13,33,1,linux,BIC
3f8fe40ab7730cf8eb6f8b8ff412012f7f6f8f48,12,0,0,2,linux,BFC
c2d1812600f5a8c9341b2db7c863cd2725444de5,1,0,0,1,linux,BFC
2a5193119269062608582418deba7af82844159a,1491,328,54,20,linux,BIC
18eeef46d3593e3bc3d6a8f7a6f94ace356578ff,66,0,13,1,linux,BIC
2a7e582f429bd983816ad366cf0f1fcf87ec6ba6,1,0,1,1,linux,BFC
3e4d9a485029aa9e172dab5420abe775fd86f8e8,0,4,1,1,linux,BFC
23b6904442d08b7dbed7622ed33b236d41a3aa8b,17,0,0,2,linux,BIC
5aeab2bfc9ffa72d3ca73416635cb3785dfc076f,0,0,1,1,linux,BFC
f091d7c5fe6cc39e916b50f90e3cac67a032d0be,0,0,1,1,linux,BFC
8e3784dfef8a03143b13e7e4011f276a954f1bc6,16,1,0,1,linux,BFC
0604475119de5f80dc051a5db055c6a2a75bd542,45,19,10,10,linux,BIC
b26b0d1e8b1de83bbce81c8d119260ac91031ebd,61,21,21,6,linux,BIC
74fa750e63a9b962583213d161a79991188c6ec8,0,1,0,1,linux,BFC
40b53b771806b1770837169cd32d1bf167fbccaf,130,0,40,4,linux,BIC
0bb12606c05fe9737e3056fe76d6e4b9c2a87b57,934,0,0,1,linux,BIC
d50a7d8acd780f54c48703ab1069c2e64a24e4a0,14,0,24,1,linux,BIC
07d7e12091f4ab869cc6a4bb276399057e73b0b3,0,0,1,1,linux,BFC
63963d0f9d17be83d0e419e03282847ecc2c3715,0,5,6,1,linux,BFC
18bf3c3ea8ece8f03b6fc58508f2dfd23c7711c7,33,0,1,2,linux,BIC
87b7e5c05c98c5f3947345d7fba68472e43cf611,0,3,0,1,linux,BFC
cb23389a2458c2e4bfd6c86a513cbbe1c4d35e76,1,0,0,1,linux,BFC
889f84798c5b975125f5f7de910ed222ca8b2677,1,0,0,1,linux,BFC
a5a3a828cd00788a78da686c57c6d1f66191d8af,22,0,0,1,linux,BIC
ac4f83482afbfd927d0fe118151b747cf175e724,8,0,0,1,linux,BFC
fb61bb82cb46a932ef2fc62e1c731c8e7e6640d5,6,0,0,1,linux,BFC
18ee4ce63e0f32cc63dcadb1062e7a3446ead338,433,58,93,7,linux,BIC
4e8aea30f7751ce7c4b158aa0c04e7744d281cc3,70,0,0,4,linux,BIC
c83b8fab06fc8c80d6440649f117bb7541df5fd0,17,0,1,1,linux,BIC
6deee2221e110f6574988120dba6cab7e7313f44,95,50,29,3,linux,BIC
ed3f9fd1e865975ceefdb2a43b453e090b1fd787,0,0,1,1,linux,BFC
43675ffafd3c3373f82691f539df3dc7403877fe,0,0,2,1,linux,BFC
c66df701e783bc666593e6e665f13670760883ee,18,473,61,9,linux,BIC
9deba33f1b7266a3870c9da31f787b605748fc0c,26,8,8,3,linux,BFC
8539b37acef73949861a16808b60cb8b5b9b3bab,7,0,12,1,linux,BIC
ef7f38359ea8b3e9c7f2cae9a4d4935f55ca9e80,127,5,20,9,linux,BIC
85cd39af14f498f791d8aab3fbd64cd175787f1a,14,0,2,1,linux,BFC
783bf7b8b641167fb6f3f4f787f60ae62bad41b3,0,0,2,1,linux,BFC
479f5547239d970d3833f15f54a6481fffdb91ec,3,0,2,1,linux,BFC
61b87cae6361ea6af161c1ffa549898892707b19,9,0,1,1,linux,BFC
80ad623edd2d0ccb47d85357ee31c97e6c684e82,0,1,0,1,linux,BIC
4e4106f5e942bff65548e82fc330d40385c89220,10,0,11,1,linux,BIC
951e2736f4b11b58dc44d41964fa17c3527d882a,6,0,0,1,linux,BFC
da3761feaec3cfc4f247b6cb9e366b8d40b3c356,0,1,6,1,linux,BFC
3c60e01a12461c89db2349b95c77c9eb36fdd439,1,2,4,1,linux,BFC
10825410b956dc1ed8c5fbc8bbedaffdadde7f20,4,0,2,1,linux,BFC
049e43b9fd8fd2966940485da163d67e96ee3fea,4,0,12,1,linux,BFC
e615a191216e3fb4e9c0d239007f2b0cd48f28bf,2,0,1,1,linux,BFC
46d08f55d24e69e921456b5a40717da09199267b,1,0,3,1,linux,BIC
20edec388277b62ddfddb8b2b376a937a2cd6d1b,2,1,2,1,linux,BFC
0ea15e98cfbe56147e227360282ccd311e824b61,0,0,1,1,linux,BFC
09d23174402da0f10e98da2c61bb5ac8e7d79fdd,11,0,0,3,linux,BIC
63495f6b4aede26e6f8fe3da69e5cfdd8a4ccc3b,15,0,0,1,linux,BIC
4a293eaf92a510ff688dc7b3f0815221f99c9d1b,0,0,1,1,linux,BFC
debd1c065d2037919a7da67baf55cc683fee09f0,16,1,9,1,linux,BFC
e2e9b6541dd4b31848079da80fe2253daaafb549,108,2,50,3,linux,BIC
eb6296dec19f304199ae389e6863ecc1fc74b7c7,0,2,0,1,linux,BFC
6548c884a595391fab172faeae39e2b329b848f3,6,0,0,1,linux,BFC
ce722da66d3e9384aa2de9d33d584ee154e5e157,1,0,1,2,linux,BFC
05e6ea2685c964db1e675a24a4f4e2adc22d2388,1,0,0,1,linux,BFC
74827ee29565f86e2a64495a5e3e58d3371d74ee,0,13,0,1,linux,BFC
afc8de0118be84f4058b9977d481aeb3e0758dbb,4,0,0,1,linux,BFC
d517b3983dd3106ca92d6c5d0d09415a4a09481c,61,0,4,2,linux,BIC
ac4bac99161e8f7a7a9faef70d8ca8f69d5493a9,3,0,0,1,linux,BFC
032062f363b4bf02b1d547f329aa5d97b6a17410,0,0,1,1,linux,BIC
279c12df8d2efb28def9d037f288cbfb97c30fe2,1,0,0,1,linux,BFC
1b385cbdd74aa803e966e01e5fe49490d6044e30,0,0,1,1,linux,BFC
5371bbf4b295eea334ed453efa286afa2c3ccff3,2,0,2,1,linux,BFC
a7cd39e0c7805a93eaa4256370bcd48c506d46c1,13,1,80,2,linux,BFC
051074867434cc520c08f188479d4757dcfdaef8,3,0,0,1,linux,BFC
e2b5602af76dec75f474e4173afb4215007ecfa5,5,0,1,1,linux,BFC
9e0a1fff8db56eaaebb74b4a3ef65f86811c4798,101,0,33,3,linux,BIC
9d1cef196b2687e9338c4268a3aa0ca521686bc9,13,10,27,1,linux,BFC
06a17bbe1d47fec6232505c355b367797f6a635c,1,0,0,1,linux,BFC
00ce756ce53acdb82d408346e6a7b734ca9e5bad,26,24,14,1,linux,BIC
43016d02cf6e46edfc4696452251d34bba0c0435,0,2,4,3,linux,BFC
c46c24bb6b115b0d74789cf089894384875189c7,199,0,0,2,linux,BIC
d75846ed08e6f4135ec73778575c34d9c0ace993,0,0,5,1,linux,BFC
754bc547f0a79f7568b5b81c7fc0a8d044a6571a,4,0,0,1,linux,BFC
36b232c880c99fc03e135198c7c08d3d4b4f83ab,0,1,1,1,linux,BFC
0f687d826736a5b4eee03170382fe54d413b912a,6,0,15,2,linux,BFC
022152aaebe116a25c39818a07e175a8cd3c1e11,10,0,4,1,linux,BFC
ff1c08e1f74b6864854c39be48aa799a6a2e4d2b,3,0,4,2,linux,BFC
43bf087848ab796fab93c9b4de59a7ed70aab94a,0,1,4,1,linux,BFC
ec988ad78ed6d184a7f4ca6b8e962b0e8f1de461,10,0,3,1,linux,BIC
48e1dc10a9440872c0fc07a7fbcfce177f996fd4,6,3,4,1,linux,BFC
460f26d3ee70ec25b3bf8d08e0c79936212d36b6,6,0,1,1,linux,BFC
761c2510283066324cab7859930777ee34cbca78,0,0,1,1,linux,BFC
888964a05d13f014d21deeb7414904c82afcd82b,0,4,1,1,linux,BFC
215e362dafede7cc691d8a573d2b31bc7138a770,0,0,3,1,linux,BIC
9422de3e953d0e60eb95f5430a9dd803eec1c6d7,83,25,103,13,linux,BIC
558ab2e8155e5f42ca0a6407957cd4173dc166cc,0,0,2,1,linux,BFC
ec15e27cc8904605846a354bb1f808ea1432f853,4,0,3,1,linux,BIC
c4c0009e0b56ef9920020bcade1e45be52653bae,2,2,15,3,linux,BIC
04a9cd51d3f3308a98cbc6adc07acb12fbade011,0,0,1,1,linux,BFC
7d3fdfff23852fe458a0d0979a3555fe60f1e563,16,0,4,1,linux,BFC
e5690f263208c5abce7451370b7786eb25b405eb,0,0,4,1,linux,BFC
2b68392e638dfa5cf4f7b558f62e3ea4def2e605,63,0,3,1,linux,BIC
432979b5034208890e323e86724417f02825abb7,2,0,0,1,linux,BFC
42beaccb2a66d7dc4a051a686122ed41c9a2ce1a,1,0,0,1,linux,BFC
075973c7d7bb866a5bb37f96027ef99bf7244c83,0,4,1,1,linux,BFC
7464b6e3a5fb213e7826d2fde4a2daf05abb6822,0,0,1,1,linux,BFC
ab1c637cc6d80c0ee1d5d15f7ec8977f49feee75,2,0,1,1,linux,BFC
16d51a590a8ce3befb1308e0e7ab77f3b661af33,16,0,8,4,linux,BFC
e3dc847a5f85b43ee2bfc8eae407a7e383483228,4,0,2,1,linux,BFC
352c9624242d5836ad8a960826183011367871a4,43,43,0,2,linux,BIC
365bd7ef7ec8eb9c2e081cd970a5cdfa237dc243,144,4,114,1,linux,BIC
ac289c7ec0bc9cf426036a8adbe36f72be53d0ae,270,0,0,2,linux,BIC
324420bf91f60582bb481133db9547111768ef17,47,0,0,2,linux,BIC
31de73501ac92ef62971d4b7f6c941508422f3af,101,5,11,3,linux,BIC
99b77fef3c6c69bb7664f1ac97a69d5b17968dae,4,0,4,1,linux,BFC
28e2c4bb99aa40f9d5f07ac130cbc4da0ea93079,0,1,0,1,linux,BFC
025768a966a3dde8455de46d1f121a51bacb6a77,33,17,3,2,linux,BIC
f04d108029063a8a67528a88449c412aecf4d3d8,2,0,0,1,linux,BFC
5ba1278787225629fb0b58de768e744714215678,7,4,5,1,linux,BIC
f4e6960f4f16b1ca5da16cec7612ecc86402ac05,3,0,2,3,linux,BFC
67eae54bc227b30dedcce9db68b063ba1adb7838,0,0,3,1,linux,BFC
633d27399514e7726633c9029e3947f0526d2565,6,4,16,1,linux,BIC
cc6576029aedc79ce87b9fcb22cbd396d47f2852,0,3,2,1,linux,BIC
9bde425e70b6d6b49f3206a1d3817bccb92a893d,0,0,1,1,linux,BFC
c370bb474016ab9edfdabd7c08a88dd13a71ddbd,0,0,2,1,linux,BFC
d339727c2b1a10f25e6636670ab6e1841170e328,1,0,1,1,linux,BFC
41c128cb25cee72be66397fae8ceb8dc0c2c6984,8,0,0,4,linux,BIC
561ec1603171cd9b38dcf6cac53e8710f437a48d,3,0,3,1,linux,BIC
23084545dbb0ac0d1f0acad915bdeed7bd5f48cd,3,0,0,1,linux,BIC
809b1e4945774c9ec5619a8f4e2189b7b3833c0c,9,0,3,1,linux,BFC
7ceb40027e19567a0a066e3b380cc034cdd9a124,3,5,0,1,linux,BFC
bc87a0036826a37b43489b029af8143bd07c6cca,2,0,2,1,linux,BFC
5718458b092bf6bf4482c5df32affba3c3259517,0,11,12,1,linux,BFC
13ee9fdba96577eb1583dcd7b15767ef623fae12,14,4,19,1,linux,BFC
5b54e16f1a54cee8e590cb039b5c067914ae5081,18,0,11,1,linux,BIC
d34cfebbf9cca8308e7bba3636a1a0fd79131051,10,0,1,1,linux,BFC
4b0c9948a4c2f446a11bd592bd7d23f06ad75d8e,0,0,3,3,linux,BFC
a3cb01e2fe3793b8ffcb9cc7f7c7f2ca55793e62,0,2,0,1,linux,BFC
ad703c2b9127f9acdef697ec4755f6da4beaa266,21,10,20,2,linux,BIC
86d35f87ebaa31052e24818131dfacd4bfc1fe1d,0,0,1,1,linux,BFC
453f617a30aa1298fe19728026e9d24098fdae03,4,0,1,1,linux,BIC
75da2163dbb6af9f2dce1d80056d11d290dd19a5,717,17,30,9,linux,BIC
bb5790b71bad6c14c8952e9c111aef84889e78ec,25,67,88,3,linux,BIC
7fbf909668d69d7ab4428f6f55cb53fe4451b9b1,4,0,1,1,linux,BFC
56d23ed7adf3974f10e91b643bd230e9c65b5f79,27,0,3,2,linux,BFC
4c83f170b3ac08357de253097d95b6942393f63b,36,5,14,4,linux,BIC
f30f0601eb934dda107decd2e57b37168096fd74,133,0,0,2,linux,BIC
6025e2fae3dde3c3d789d08f8ceacbdd9f90d471,16,0,3,1,linux,BFC
b269c229b0e89aedb7943c06673b56b6052cf5e5,3,0,2,2,linux,BIC
a60109dc9a954ef9eddba6577e2d2e9e7952e487,73,2,22,2,linux,BIC
ca50c197bd9610ea984cfc0dc6855f183cbb46f8,449,0,0,2,linux,BIC
fad61ad4e755f5dd13c7702a87cd907207392534,14,0,1,2,linux,BIC
6c493f8b28c6744995e92801a20dca192635dd22,139,563,224,5,linux,BIC
f99a6abe59e096cc2c753e667c19f22022e3bef4,2,2,0,1,linux,BFC
861667dc82f561e65336ea67f73021b782b4ff74,2,2,5,2,linux,BIC
fa443bc3c1e4b28d9315dea882e8358ba6e26f8b,40,0,0,3,linux,BIC
d36a19541fe8f392778ac137d60f9be8dfdd8f9d,10,0,1,1,linux,BFC
111f4c3309397370f1fd9579754f06b82055041d,0,0,1,1,linux,BFC
39f13ea2f61b439ebe0060393e9c39925c9ee28c,5,3,3,1,linux,BFC
775fec69008d30ed5e4ce9fa7701c5591e424c87,3408,0,0,13,linux,BIC
78228cbdeb0aa5c96e2a721e7e0d6953b416b5a3,0,0,1,1,linux,BFC
10b17004a74c384c6f410af355b0d6d7a168f613,2,0,5,1,linux,BIC
b3e3893e1253692c3d2b8e8ebd5a26183ed30443,39,147,7,23,linux,BIC
f2791e7eadf437633f30faa51b30878cf15650be,1,5,14,1,linux,BIC
aa9664ffe863f470efdbe40ea20ce96f2887ebcd,94,6,19,4,linux,BIC
bdd1b147b8026df0e4260b387026b251d888ed01,5,0,0,1,linux,BFC
26146b0e6b6869c6cd8a45ab3a4a5562e7a91b23,7,0,2,1,linux,BFC
31b33dfb0a144469dd805514c9e63f4993729a48,1,0,5,2,linux,BFC
acee08aaf6d158d03668dc82b0a0eef41100531b,8,0,0,1,linux,BFC
ba9e04a7ddf4f22a10e05bf9403db6b97743c7bf,1,0,1,1,linux,BFC
a3e5fd9314dfc4314a9567cde96e1aef83a7458a,23,4,3,3,linux,BFC
8afc7e471ad3c92a9c96adc62d1b67de77378bb6,9,4,4,4,linux,BFC
9951379b0ca88c95876ad9778b9099e19a95d566,3,0,0,1,linux,BFC
5c99eaecb1fce76e86cf74020624e36fbb63c3bf,57,11,2,3,linux,BIC
b2d0fe35471d1a71471f99147ffb5986bd60e744,0,0,1,1,linux,BFC
def8c222f054d18aac1fd065a50b9db5feaefa9d,91,0,4,10,linux,BIC
dbbc93576e03fbe24b365fab0e901eb442237a8a,8,5,0,1,linux,BFC
ba2bbfbf63075850bb523e2adb815d45e3509995,10,256,52,2,linux,BIC
5bad95a1e55f4d5bb41e130db859d57eaf1b1549,2,0,0,1,linux,BFC
d443a0aa3a291e5f78072f2fa464e03bc83fafad,1,0,0,1,linux,BIC
fd57770dd198f5b2ddd5b9e6bf282cf98d63adb9,21,1,9,3,linux,BIC
7df9c24625b9981779afb8fcdbe2bb4765e61147,9,8,0,1,linux,BFC
0eef304bc9f7d079a1165e8cd2f24b078e9e1f2a,0,0,5,1,linux,BFC
07bf34a50e327975b21a9dee64d220c3dcb72ee9,61,0,0,2,linux,BIC
9c706a49d660653625d206f6972541c1f60ea2b0,9,8,0,1,linux,BFC
a27b421f1d04b201c474a15ee1591919c81fb413,3,7,0,1,linux,BIC
305d568b72f17f674155a2a8275f865f207b3808,24,0,0,2,linux,BFC
15cc10453398c22f78f6c2b897119ecce5e5dd89,54,0,0,3,linux,BIC
ec0d215f9420564fc8286dcf93d2d068bb53a07e,12,16,12,1,linux,BIC
c6cdd51404b7ac12dd95173ddfc548c59ecf037f,1,0,1,1,linux,BFC
e025da3d7aa4770bb1d1b3b0aa7cc4da1744852d,1,0,2,1,linux,BFC
e9d97b05a80f27d5ba7379b108db19b0d93cf267,599,0,0,1,linux,BIC
d95d6320ba7a51d61c097ffc3bcafcf70283414e,3,0,15,3,linux,BFC
4b486b535c33ef354ecf02a2650919004fd7d2b0,11,0,1,1,linux,BIC
bdc476413dcdb5c38a7dec90fb2bca327021273a,37,0,0,2,linux,BIC
85b85c853401da56e15ef500552c1c2e795122ed,99,1,16,6,linux,BIC
92c14bd9477a20a83144f08c0ca25b0308bf0730,2,0,2,1,linux,BFC
a2a591fb76e6f5461dfd04715b69c317e50c43a5,131,0,0,3,linux,BIC
80bb8d983224337b713a93babfffedb376031034,1,0,0,1,linux,BFC
35f7d5225ffcbf1b759f641aec1735e3a89b1914,0,0,7,2,linux,BFC
8a1949455aaa22b3ff581766a640ed7f92cf8cef,1,0,4,1,linux,BFC
48827e1d6af58f219e89c7ec08dccbca28c7694e,42,0,0,1,linux,BIC
c9dfadeee89d4c5d335969356c4e63e9b279d038,0,0,1,1,linux,BFC
1a9c561aa35534a03c0aa51c7fb1485731202a7c,0,0,1,1,linux,BFC
2617120f4de6d0423384e0e86b14c78b9de84d5a,3,0,0,1,linux,BFC
8f9e05fb298f16c0cda2e7e78b603331a79f9c10,18,0,3,2,linux,BIC
3b8786ff7a1b31645ae2c26a2ec32dbd42ac1094,0,0,1,1,linux,BFC
1fb7f8973f51ca1a7ffe61a2c779ed15f57f3d82,32,32,744,107,linux,BIC
732042821cfa106b3c20b9780e4c60fee9d68900,0,0,3,1,linux,BFC
0e56315ca147b3e60c7bf240233a301d3c7fb508,20,208,80,1,linux,BFC
4730f33f0d822fd8d0f5d2229793a5df674fed5c,603,0,0,1,linux,BIC
029d727b4f5d7c82f78e0395a0d220271c2f92b8,0,0,1,1,linux,BFC
f41b2d67d767f34bcd29fab83efaddb7f1e54579,2,0,1,1,linux,BFC
c92445fadb9179d811b5cb044947ad4712403541,59,0,3,1,linux,BIC
68fe8e6e2c4b04e2733d77834f55a4a0e172b770,160,0,0,1,linux,BIC
3fe931b31a4078395c1967f0495dcc9e5ec6b5e3,0,0,1,1,linux,BFC
2b2b31c845d3dec6f9960db92d0993ddfc2d2b7f,1,0,2,1,linux,BFC
dabfdd89eaa9283ef3db49a528f27782f829a39f,140,8,21,4,linux,BIC
c98ef8dbca18db133bb4bc7643b975ee2612be2f,2,0,1,1,linux,BFC
cc31d43b4154ad5a7d8aa5543255a93b7e89edc2,5,0,0,2,linux,BFC
c3021629a0d820247ee12b6c5192a1d5380e21c6,157,11,30,1,linux,BIC
cc22b4c18540e5e8bf55c7d124044f9317527d3c,20,16,2,15,linux,BIC
e558464be982af2546229dcbef746d24e942abaa,3,0,1,1,linux,BFC
27a655c4bd8d9851c0f2ef9ec0d3793d068acbe9,0,0,68,1,linux,BFC
a53268be0cb9763f11da4f6fe3fb924cbe3a7d4a,13,0,1,1,linux,BIC
e40da86a37f64c73b810bc7a63d77c44dc61accb,547,0,0,2,linux,BIC
da42bb271305d68df6cbf99eed90542f1f1ee1c9,2,0,5,1,linux,BFC
57d7713196ccd83010fcaa82b9f02d740c9e6bb2,0,1,0,1,linux,BFC
f580ff0e404e5aad83f02093cd22f2475cad6e71,1,0,0,1,linux,BFC
70a251f68dea16eab3c502261f3a2e957751e2ab,5,89,85,11,linux,BIC
5c8107dc9a9f33a88a380aea79be564597d00663,14,8,17,5,linux,BFC
e8e095b3b37004a4048af69de60c9af2d2268a1d,753,0,4,6,linux,BIC
02b92adbe33e6dbd15dc6e32540b22f47c4ff0a2,2,0,0,1,linux,BFC
05f00505a89acd21f5d0d20f5797dfbc4cf85243,32,0,37,3,linux,BFC
cb6a552846297094aac942a588fe7ed7922a6c11,501,0,0,2,linux,BIC
c04571251b3d842096f1597f5d4badb508be016d,9,5,1,1,linux,BFC
6ca2350e11f09d5d3e53777d1eff8ff6d300ed93,0,0,1,1,linux,BFC
cc591d77aba12ee69fedd12140b3dfa0816c178a,3,0,0,1,linux,BIC
f47f9b2e9c7b6a208558f2cfa60b4945db1be69e,8,0,2,1,linux,BFC
ba3e1847d6471f30241f11069d8f153ed8cb052b,0,4,2,1,linux,BFC
010ddb813f3554cbbf8bd13b731452236a2c8017,9,8,1,1,linux,BIC
afe8792fec69c693060c0db43ed4bf05d92ce45b,14,0,24,1,linux,BIC
4a7f4110f79163fd53ea65438041994ed615e3af,2,0,1,1,linux,BFC
414d3b49d9fd4a0bb16a13d929027847fd094f3f,0,0,1,1,linux,BFC
1a63cb91f0c2fcdeced6d6edee8d1d886583d139,0,0,1,1,linux,BFC
453972283dcbf61fa33c8c0540d9b5e0caf9d570,5,1,0,1,linux,BFC
e7c15cd8a113335cf7154f027c9c8da1a92238ee,605,0,1,5,linux,BIC
8129e2a1cb39bf0df12cc13c9dc7bb581296bd7b,0,0,2,1,linux,BFC
fe8eb820e388ca81643443b6208001ab516d1cf6,0,0,1,1,linux,BFC
7cd71202961090d8f2d2b863ec66b25ae43e1d39,1,0,0,1,linux,BFC
2f9d9a852f426cdc56ebd5c05c2333ea2012cc97,0,1,0,1,linux,BFC
3d774d5ef066971aee1839150bf47d100d8e43d3,3,8,14,8,linux,BIC
51865fda28e585bdcc164474ff6438a9ccdbfada,47,0,4,4,linux,BIC
fe60e8c534118a288cd251a59d747cbf5c03e160,110,0,0,2,linux,BIC
807b9515b7d044cf77df31f1af9d842a76ecd5cb,0,7,2,2,linux,BFC
9ed4050c0d75768066a07cf66eef4f8dc9d79b52,429,1,58,3,linux,BIC
a60eac3239f01838bdd34eaac8c486c4c6e84551,93,12,27,2,linux,BIC
c729696bcf8b23450043dd9c9972c15e53419ae4,427,1,3,4,linux,BIC
0f9bdfe3c77091e8704d2e510eb7c2c2c6cde524,0,0,3,1,linux,BFC
4016ba85880b252365d11bc7dc899450f2c73ad7,0,0,2,1,linux,BFC
f13a82d87b21a3b7c2c3e3c75fe9cf810c332a09,5,0,7,3,linux,BIC
5ec983e924c7978aaec3cf8679ece9436508bb20,2,1,4,1,linux,BFC
2548d546d40c0014efdde88a53bf7896e917dcce,12,9,4,1,linux,BFC
38683148828165ea0b66ace93a9fedc2d3281e27,8,0,0,1,linux,BFC
098333a9c7d12bb3ce44c82f08b4d810c44d31b0,2,0,0,1,linux,BFC
83476bfaf6ac1cebf0cc5a3bdcf5031ef875cf42,0,0,1,1,linux,BFC
52c9f93a9c482251cb0d224faa602ba26d462be8,0,0,2,1,linux,BFC
4c71ce50d2fe7f1b142113ffa412c9ed6677d52c,6,0,0,2,linux,BIC
60765a47a433d54e4744c285ad127f182dcd80aa,4,0,0,1,linux,BFC
9900c48c46d8bcf497972024c5fe366e6d9771f3,1,0,5,1,linux,BFC
877afadad2dce8aae1f2aad8ce47e072d4f6165e,10,0,3,3,linux,BIC
cd00ed5187bff03d4c2ba143a5993383dd6ed66c,274,0,17,1,linux,BIC
05af40e885955065aee8bb7425058eb3e1adca08,0,0,2,1,linux,BFC
da5c8507821573b8ed6e3f47e009f273493ffaf7,68,0,0,4,linux,BIC
f0690a25a140b853b1842fa80faf828601bb47e8,4176,0,0,5,linux,BIC
13be2efc390acd2a46a69a359f6efc00ca434599,2,0,0,1,linux,BFC
aa371e96f05dcb36a88298f5cb70aa7234d5e8b8,0,28,20,1,linux,BFC
599be01ee567b61f4471ee8078870847d0a11e8e,19,19,1,1,linux,BIC
5addcf0a5f0fadceba6bd562d0616a1c5d4c1a4d,364,3,40,13,linux,BIC
6c14133d2d3f768e0a35128faac8aa6ed4815051,6,0,1,1,linux,BIC
6442793abf75a8081aa1f5da439529c08af2a5be,0,0,2,1,linux,BFC
cd2c9fcf5c66fd21f7b83455806fdd14ab9236ee,20,24,5,1,linux,BFC
e01e71fc49d4c95090a04f898a3fe788c652a04b,0,3,0,1,linux,BFC
4f4a8185011773f7520d9916c6857db946e7f9d1,8,0,2,1,linux,BFC
14073ce951b5919da450022c050772902f24f054,3,2,13,4,linux,BFC
e6f3862fa1ecea6579dd1727869655e88be7a5ef,36,0,40,1,linux,BIC
67681d02aaa1db9044a16df4ca9c77cde1221a3e,0,0,1,1,linux,BFC
d506a65d56fd5287cf9219de7f3af5004b38fc6f,10,0,1,2,linux,BIC
5acc7d3e8d342858405fbbc671221f676b547ce7,6,0,4,1,linux,BFC
aacae8c469f9ce4b303a2eb61593ff522c1420bc,7,6,3,3,linux,BFC
f167989c673096c8d823b1292c6ee51ed266d178,0,0,1,1,linux,BFC
7698799f9554deeb0f3abb22857c3deb41c10db8,38,0,0,2,linux,BIC
e393aa2446150536929140739f09c6ecbcbea7f0,0,1,6,1,linux,BFC
3b5dd3a49496220b35af83c96e3d2ff5716550ae,14,51,20,2,linux,BIC
f42f25526502d851d0e3ca1e46297da8aafce8a7,0,8,8,1,linux,BFC
e8acf011f2e7e21a7e2fae47cbaa06598e533d40,22,0,0,1,linux,BFC
c805ec7eb21034008da764e9401f791f6ea86506,22,44,4,1,linux,BIC
af612e43de6d27df51a7636229be7d33fe3ab7b5,39,0,0,1,linux,BIC
37ac86c3a76c113619b7d9afe0251bbfc04cb80a,5,1,4,3,linux,BIC
e151db8ecfb019b7da31d076130a794574c89f6f,0,0,1,1,linux,BIC
f9d19a7494e5341a7f256823e32788ae560ca22f,0,4,2,1,linux,BIC
43dd388b21c722616413781bd434522376e117cc,0,0,1,1,linux,BFC
39d118677baa531cd9ee4c025a34f243746a3d18,3,0,5,1,linux,BIC
8979ef70850eb469e1094279259d1ef393ffe85f,2,0,2,1,linux,BFC
0508ff8934f40b52a78313049b96eec29a46ba49,50,0,1,1,linux,BFC
df2ec7641bd03624a7e54cc926e8c3f75c7a84d8,0,0,1,1,linux,BFC
bda420b985054a3badafef23807c4b4fa38a3dff,18,0,1,2,linux,BIC
cf3cb246e277d98987aa8d62ef2730dbee2f5fa7,20,0,0,1,linux,BIC
f036c7fa0ab60b7ea47560c32c78e435eb1cd214,29,0,1,3,linux,BIC
1b99d0c80bbe1810572c2cb77b90f67886adfa8d,5,0,2,1,linux,BFC
2757a4dc184997c66ef1de32636f73b9f21aac14,5,0,21,4,linux,BFC
081664ef3e43dce93710ed5ece326478edbe0934,0,12,67,6,linux,BFC
c24d37322548a6ec3caec67100d28b9c1f89f60a,40,12,3,1,linux,BFC
01d7c2a2de47890934faba91a71d183795e4348d,0,0,1,1,linux,BFC
74ba89c08e309bfeb2b2f401bf588ab54a1542fe,6,0,0,1,linux,BFC
6cec9b07fe6a0c4dfbcdcee7c6283529f087c521,1756,0,0,1,linux,BIC
c59870e2110e1229a6e4b2457aece6ffe8d68d99,2,2,0,1,linux,BFC
9425c595bd513948537ef355c07a65595dd2c771,2,0,0,1,linux,BFC
e9085e0ad38a333012629d815c203155d61ebe7e,65,0,17,6,linux,BIC
a6e3f2985a80ef6a45a17d2d9d9151f17ea3ce07,2,2,0,1,linux,BFC
ccdc1f0836f8e37b558a424f1e491f929b2e7ede,1,0,2,1,linux,BFC
ae6ee2fd47f76db5a1cd02c23378057bd21c2c8d,0,0,3,1,linux,BFC
0fed3fcef48aff793f00aca44f366ff77fa95a01,0,0,1,1,linux,BFC
7729c7a232a95360fa17ffe8beb1adb621bc0ba0,62,24,24,2,linux,BIC
2958a995edc94654df690318df7b9b49e5a3ef88,148,1,33,6,linux,BIC
44d00dc7ceab1732ebd5f5aae601b24dacdf10c5,0,7,5,1,linux,BFC
17cf0ea455f1a4a7e8436ef96236999e9c452a93,82,0,1,5,linux,BIC
5ae85b0edaa597b063ee9d8f48b830519a6e0c0f,1,0,0,1,linux,BFC
ff08fbc22ab32ccc6690c21b0e5e1d402dcc076f,4,0,3,1,linux,BFC
9ca8581e79e51c57e60b3b8e3b89d816448f49fe,0,0,1,1,linux,BFC
6ae0a4d8fec551ec581d620f0eb1fe31f755551c,3,0,0,1,linux,BFC
8a1a0be894da0d06bfbb496cc2dc3057fa83e103,74,34,13,3,linux,BIC
0ecee66990644c3482209ff7c12faa7bc40449b1,2,3,5,1,linux,BFC
7e6d9788aa02333a4353058816d52b9a90aae0d3,0,4,1,1,linux,BFC
2baec2c3f854d1f79c7bb28386484e144e864a14,195,56,160,11,linux,BIC
fae7548f25a41443f1f074fcc6d3fed220a42a34,0,1,0,1,linux,BFC
99859541a92de570eb624c2488754d2406375c74,0,0,1,1,linux,BFC
04216820fe83d5e27322065ba989de27dbfc104d,135,16,5,6,linux,BIC
17eabd42560f4636648ad65ba5b20228071e2363,3,0,1,1,linux,BFC
b2590bdd0b1dfb91737e6cb07ebb47bd74957f7e,1,0,8,1,linux,BFC
1cada2f307665e208a486d7ac2294ed9a6f74a6f,0,1,1,1,linux,BFC
7569459a52c95bc6e82c0b4075c4380df55cd343,39,0,0,1,linux,BIC
50a4b824be9e4a01f3b87790865e26b1546fcbb8,626,558,99,7,linux,BIC
71810db27c1c853b335675bee335d893bc3d324b,24,24,28,6,linux,BIC
09b1a4e4b583b4c54c819563717949807fdbb640,8,0,0,1,linux,BFC
813050e0a9b871ac575abfd3d321f74916df609d,8,0,2,1,linux,BFC
61a3855bb726cbb062ef02a31a832dea455456e0,12,0,4,1,linux,BFC
ddd56dfe52c987d82964595902db0600970ef406,431,0,0,4,linux,BIC
fae3006e4b42eafbed4af714e93cf6c2b92ff793,96,6,11,1,linux,BIC
c3a340f7e7eadac7662ab104ceb16432e5a4c6b2,12,0,9,3,linux,BIC
4c5ea0a9cd02d6aa8adc86e100b2a4cff8d614ff,40,0,6,2,linux,BFC
5bb89b4702e22981445ae01af733a57d1cae2018,40,1,7,9,linux,BIC
ea8608d401def015e83c2c32ed6c32996abb3ed2,5,1,3,1,linux,BFC
845adfe40c2a75e67ddae6639fc2b987338b7983,13,0,5,2,linux,BIC
2289adbfa559050d2a38bcd9caac1c18b800e928,1,0,2,1,linux,BFC
1c6e288da6cc3c72579ff0062b5a5684fb9ef90e,0,15,0,1,linux,BIC
f530c1961af27f68a009b5fa532a4ed14f9c0e8c,2,0,1,1,linux,BIC
3bf1311f351ef289f2aee79b86bcece2039fa611,41,4,44,3,linux,BIC
06c1e3902aa74b7432a7e82bb4a5aca233a42839,22,10,6,4,linux,BIC
8dbdd5049cfa8f8848711ba83c9bbf67e08f5b2d,5,0,0,1,linux,BFC
f4544e5361da5050ff5c0330ceea095cb5dbdd72,0,9,2,1,linux,BFC
f96bdf564f3e7511aecdd4c35cc18ac5e0750a2f,23,1,16,4,linux,BIC
175006956740f70ca23394c58f8d7804776741bd,4,0,0,1,linux,BFC
544fe7c2e654124870e774157d99da357dce22dc,326,0,0,6,linux,BIC
5bdea6060618cfcf1459dca137e89aee038ac8b9,3,0,2,1,linux,BFC
839930ca1bd0c79cdf370d11462ef4a81b664e44,0,0,1,1,linux,BFC
d2060bd42e4482b15c35f961a294ee57f369027d,17,1,1,3,linux,BFC
e159e592872edc0536f55ec242dbc5b70a593265,2,0,2,1,linux,BFC
8b92c4ff4423aa9900cf838d3294fcade4dbda35,0,7,7,1,linux,BFC
eef3c2ba0a42a6aa709828e968b64bd11f4aeb19,492,0,0,1,linux,BIC
ff75332b260cd33cc19000fdb5d256d9db4470d1,6,0,2,1,linux,BFC
4377748c7b5187c3342a60fa2ceb60c8a57a8488,0,0,1,1,linux,BFC
6af112b11a4bc1b560f60a618ac9c1dcefe9836e,1,0,0,1,linux,BFC
0bde3a95eaa90f130dbb71a846243aa6f0e678cf,187,180,10,1,linux,BIC
e5654455795f2f89328f7b301dacb6926e57e2b8,0,0,1,1,linux,BFC
2482b1bba5122b1d5516c909832bdd282015b8e9,0,0,2,1,linux,BIC
c41a4e877a185241d8e83501453326fb98f67354,0,0,1,1,linux,BFC
d2662072c094be6dd7544c7752a36a5dc030076c,28,0,3,3,linux,BIC
8cfd36a0b53aeb4ec21d81eb79706697b84dfc3d,4,0,2,1,linux,BIC
32c0a6bcaa1f57e80f67bf3ae2b35d00cea8361a,9,2,2,2,linux,BIC
63a613fdb16cc2efba7222b1eb8cee0aba070fb2,7,0,12,3,linux,BIC
b32c012e4b98f0126aa327be2d1f409963057643,0,0,1,1,linux,BFC
5068c7a883d1694f0fb3631b664827644153cd08,496,0,0,2,linux,BIC
32ce3b320343acf8871c63b98e72778f5f60cefc,366,0,0,1,linux,BIC
4ab688793e086ef6d1744a0f803fe9770a1ae5d0,1,0,1,1,linux,BFC
8c0de6e96c9794cb523a516c465991a70245da1c,12,3,2,3,linux,BFC
4a0dee1ffe0e8f4101e704a325e97f8997b0abcc,2,0,0,1,linux,BFC
b68e182a3062e326b891f47152a3a1b84abccf0f,44,12,12,1,linux,BFC
8a866d527ac0441c0eb14a991fa11358b476b11d,32,18,1,1,linux,BIC
9f4ce5d72b8e7a1f750598407c99f9e39dfb12fc,4,0,0,1,linux,BFC
7f9e40eb18a99979f194aa1bdc9bf1c358d3111a,36,0,0,1,linux,BIC
8674a8aa2c399cb4014052796ba4bd0fbd6f3c03,98,0,2,2,linux,BIC
5feba0e905c495a217aea9db4ea91093d8fe5dde,1,2,7,1,linux,BFC
e1e8a020c6b88931d541ccd44043285ab93324d3,182,0,4,4,linux,BIC
c489dfefe739d37dde1cd7b26cd324607cedd934,0,20,8,1,linux,BFC
13175303024c8f4cd09e51079a8fcbbe572111ec,4,0,3,2,linux,BFC
03a9d11e6eeb30363971a9e372b4d61b6e817882,53,0,0,1,linux,BIC
73bf20ef3df262026c3470241ae4ac8196943ffa,4,0,0,1,linux,BFC
bced870152161435cc59a53e77f3699f8e8f22ca,1,0,1,1,linux,BFC
c01044cc819160323f3ca4acd44fca487c4432e6,77,60,3,4,linux,BIC
8d488a8c7ba22d7112fbf6b0a82beb1cdea1c0d5,15,1,0,1,linux,BFC
4f98186848707f530669238d90e0562d92a78aab,31,31,7,3,linux,BIC
723de0f9171eeb49a3ae98cae82ebbbb992b3a7c,12,7,26,4,linux,BIC
348923665a0e50ad9fc0b3bb8127d3cb976691cc,1,0,1,1,linux,BFC
aa387cc895672b00f807ad7c734a2defaf677712,374,0,0,3,linux,BIC
0dc4b3286125797a3ff03c4e3d7522e6bebadf63,146,1,56,8,linux,BIC
13047a092c6d3f23b7d684b5b3fe46b2b50423b9,0,5,0,1,linux,BFC
cf46eacbc156a82d6643eb10afe8969abad5a35f,0,2,0,1,linux,BFC
0a79cdad5eb213b3a629e624565b1b3bf9192b7c,10,6,9,2,linux,BIC
4504ab0e6eb801555368cbb3011ab0530f659d4b,2,4,0,2,linux,BFC
77cd0d7b3f257fd0e3096b4fdcff1a7d38e99e10,175,0,20,6,linux,BIC
199d101efdbae654ab86c5251e35a175f11ddaac,24,0,0,1,linux,BIC
a7e429a6fa6d612d1dacde96c885dc1bb4a9f400,12,2,7,3,linux,BFC
3960c8c0c7891dfc0f7be687cbdabb0d6916d614,76,82,3,3,linux,BIC
d507e2ebd2c7be9138e5cf5c0cb1931c90c42ab1,1,0,10,4,linux,BFC
136d769e0b3475d71350aa3648a116a6ee7a8f6c,2,0,0,1,linux,BFC
948c436e463d34e0d716aff0f333bb74471e5399,3,0,3,1,linux,BFC
aa9f7d5172fac9bf1f09e678c35e287a40a7b7dd,4,0,1,1,linux,BFC
8592a7eefa540303dd9e60fa49340d09ca9376b4,157,7,27,1,linux,BIC
63b53b0b99cd5f2d9754a21eda2ed8e706646cc9,7,10,15,3,linux,BFC
c4d7c51845af9542d42cd18a25c570583abf2768,4,0,4,1,linux,BFC
903a72eca4abf241293dcc1385896fd428e15fe9,1,0,5,1,linux,BFC
0a52566279b4ee65ecd2503d7b7342851f84755c,2,0,0,1,linux,BFC
e30cc79cc80fd919b697a15c5000d9f57487de8e,12,9,5,1,linux,BFC
da001fb651b00e1deeaf24767dd691ae8152a4f5,196,0,0,3,linux,BIC
381d34e376e3d9d27730fda8a0e870600e6c8196,7,1,4,1,linux,BIC
d8f7750a08968b105056328652d2c332bdfa062d,62,9,8,1,linux,BIC
e25c252a9b033523c626f039d4b9a304f12f6775,0,103,0,1,linux,BFC
951ad4700313984a45c95a33ec6abba6b3054525,51,6,8,1,linux,BIC
589918df93226a1e5f104306c185b6dcf2bd8051,0,10,4,1,linux,BFC
03324507e66c7664c754b1ef92c5c3be24c78aa2,9,0,8,2,linux,BIC
d18b8eadd83e3d8d63a45f9479478640dbcfca02,6,0,1,1,linux,BFC
cf16b05c607bd716a0a5726dc8d577a89fdc1777,2,0,1,2,linux,BIC
c0c7c103756fee25aadfd5c36f7b86e318f9abb4,18,0,1,1,linux,BFC
ff52a57a7a4237ad5e089d32c7d621a68f4a7610,152,7,392,1,linux,BIC
a12486ebe104190a6c10557134014290afa98370,1,0,0,1,linux,BFC
ba378ca9c04a5fc1b2cf0f0274a9d02eb3d1bad9,14,2,4,1,linux,BFC
d8558ac8c93d429d65d7490b512a3a67e559d0d4,0,0,1,1,linux,BFC
1a0db7744e453844aa2db3f2959aea4a378025ea,9,2,6,1,linux,BFC
a57ac411832384eb93df4bfed2bf644c4089720e,6,0,3,1,linux,BFC
801d728c10db4b28e01590b46bf1f0df930760cc,62,0,0,3,linux,BIC
dc6057ecb39edb34b0461ca55382094410bd257a,0,4,3,1,linux,BFC
b52649aee6243ea661905bdc5fbe28cc5f6dec76,3,0,1,1,linux,BFC
a8e8f851e8299703a005cf23dfb9ec854a2611e5,2,0,0,1,linux,BFC
39bd16df7c31bb8cf5dfd0c88e42abd5ae10029d,2,0,0,1,linux,BFC
5ff365fb6aed4c7ee5aae7b0239ce0b514aefabc,0,0,1,1,linux,BFC
a35faec3db0e13aac8ea720bc1a3503081dd5a3d,0,0,1,1,linux,BFC
e0bb4659e235770e6f53b3692e958591f49448f5,3,0,1,1,linux,BFC
64ff90cc2e6f42596d7a0c37e41dc95292bb63b1,0,0,1,1,linux,BFC
a24e7917e1758daf9ac0da4fac0f7b48f0b4b624,2,0,1,1,linux,BFC
e276d62dcfdee6582486e8b8344dd869518e14be,3,0,0,1,linux,BFC
83be0b84fe846edf0c722fefe225482d5f0d7395,0,0,1,1,linux,BFC
f4b09d8d67efcc0620a9395b7a180bbd44066939,4,0,0,1,linux,BFC
87e1d789bf55b12fa7c1cdce024499aee3bc0af0,71,1,4,1,linux,BIC
9f2168367a0ab73e57e365f980a9283d478c41ee,37,5,43,1,linux,BIC
443810fe6160542c78e24c66047edd7a3cc830c6,200,0,1,3,linux,BIC
842a2eb28f14b184c7a653448f402f5273e6ff5c,1,0,2,1,linux,BFC
3477326277451000bc667dfcc4fd0774c039184c,0,0,2,1,linux,BFC
70f041b6e1ff508750988ffd034ac6117d34d4d7,1,0,8,1,linux,BFC
40cc394be1aa18848b8757e03bd8ed23281f572e,0,0,1,1,linux,BFC
0d2602ca30e410e84e8bdf05c84ed5688e0a5a44,216,7,20,9,linux,BIC
4b2f1e59229b9da319d358828cdfa4ddbc140769,0,0,1,1,linux,BFC
bbfcd77631573ac4a9f57eb6169e04256a111bc1,5,0,0,1,linux,BFC
29838144f280fc03ca06a621568f34e1d0a65a4f,3,0,3,1,linux,BFC
854e9ed09dedf0c19ac8640e91bcc74bc3f9e5c9,213,1,8,8,linux,BIC
6bf625a4140f24b490766043b307f8252519578b,2,1,1,2,linux,BFC
047491ea334a454fa0647ec99dadcc6dd38417e0,6,0,5,1,linux,BFC
9a2b5b301d2a61f5dbd32cf0d908fd328436083d,0,1,0,1,linux,BFC
4cd79f614b501e496ee8e4181d528c0cc1cb4e18,3,21,10,3,linux,BIC
387e3746d01c34457d6a73688acd90428725070b,12,0,17,2,linux,BIC
3e4f574857eebce60bb56d7524f3f9eaa2a126d0,2,3,16,1,linux,BIC
8ef80aef118e405f2b6505f623830e6e73224f85,4,51,141,2,linux,BIC
e0bb96db96f8ca94349344a2ea7bebc6f8cefdae,50,0,1,2,linux,BIC
a421ce088ac8eb3591d2a1ae0ded2dcece72018f,54,0,1,1,linux,BIC
4194b583c104922c6141d6610bfbce26847959df,0,0,1,1,linux,BFC
4fee7dab07bb2c7dfc3369e0f0e28e3fd4fc00c4,0,0,7,1,linux,BFC
294a3317bef52b189139c813b50dd14d344fa9ec,3,1,2,1,linux,BFC
be318fd85bf2c73c10850a6ce50a87e6f0068926,1,0,0,1,linux,BFC
cbbde7e8d98542dc1777ac42ec2a08875aea26ee,0,0,1,1,linux,BFC
977697e20b3d758786b67edc33941e5c410ffe4d,88,4,119,58,linux,BIC
d9e5c3e9e75162f845880535957b7fd0b4637d23,0,0,1,1,linux,BFC
ebf7d1f508a73871acf3b2bfbfa1323a477acdb3,195,6,49,6,linux,BIC
b33c8ff4431a343561e2319f17c14286f2aa52e2,0,0,1,1,linux,BFC
d02fd93e2cd800fa944bf775ec97deac45fe9923,19,0,0,1,linux,BIC
a54ba3465d86fa5dd7d41bb88c0b5e71fb3b627e,0,4,1,1,linux,BFC
bb5c43428252f27b875c764451321a83a531d6e5,2,0,1,1,linux,BFC
b48420c1d3019ce8d84fb8e58f4ca86b8e3655b8,66,0,1,3,linux,BIC
daa5abc41c80e32ebaf069bd482b7561e0ada71d,277,0,0,1,linux,BIC
656c8e9cc1badbc18eefe6ba01d33ebbcae61b9a,1,1,7,1,linux,BIC
9323ac367005d6aa4d579311917c636c43206b53,10,0,0,1,linux,BFC
bb6a6e8e091353770074608c1d1bfde0e20b8154,3,0,0,1,linux,BFC
edaa26334c117a584add6053f48d63a988d25a6e,7,0,1,1,linux,BFC
761ad8d7c7b5485bb66fd5bccb58a891fe784544,70,40,12,1,linux,BIC
c731b84b51bf7fe83448bea8f56a6d55006b0615,3,0,2,1,linux,BFC
9bd81acdb648509dbbc32d4da0477c9fae0d6a73,32,0,47,3,linux,BIC
0f01017191384e3962fa31520a9fd9846c3d352f,53,50,1,2,linux,BIC
1d8f062ebc972053318c3a0e0470c7e0ddc1ebee,0,0,1,1,linux,BFC
015760563ec77bf17cec712fa94afdf53b285287,5,0,0,1,linux,BFC
a4f3407c41605d14f09e490045d0609990cd5d94,0,11,1,1,linux,BFC
fc78941d8169cba40e420eb24a88789b0406c738,18,0,0,2,linux,BIC
dbe7633c394be4a500b887fe8f9ad486dcba9d77,10,0,2,1,linux,BFC
482715ff0601c836152b792f06c353464d826b9b,2,0,6,1,linux,BFC
466a85336fee6e3b35eb97b8405a28302fd25809,3,0,1,1,linux,BFC
bd74a7f9cc033cf4d405788f80292268987dc0c5,5,3,0,1,linux,BFC
ebeaf084ad5c0eeaf8ea3314f62cc28cb79d529f,27,4,10,3,linux,BIC
160fbcf3bfb93c3c086427f9f4c8bc70f217e9be,0,0,1,1,linux,BFC
5245dafe3d49efba4d3285cf27ee1cc1eeafafc6,0,0,2,1,linux,BFC
4b3ef9daa4fc0bba742a79faecb17fdaaead083b,70,13,9,4,linux,BIC
a74d5307caba42fe9bbc180feb03003f14f9f45c,503,292,65,9,linux,BIC
c2be3865a1763c4be39574937e1aae27e917af4d,1,6,5,3,linux,BFC
426aca16e903b387a0b0001d62207a745c67cfd3,3,0,1,1,linux,BFC
df9ec2fc8e70e01532fd9161cd98711969561ff6,5,13,2,3,linux,BFC
ec5bc2cc69b4fc494e04d10fc5226f6f9cf67c56,0,1,0,1,linux,BFC
b61387cb732cf283d318b2165c44913525fe545f,9,15,13,4,linux,BFC
815117adaf5b87155a73d2b4b9c556977bad51cb,6,2,27,1,linux,BIC
d9608eab1e661fe5138581c2d4ebeae9c76685d4,1,0,0,1,linux,BFC
969f843946041a8ac10a5af06127a68ab7880ad5,219,9,28,5,linux,BIC
842470c4e211f284a224842849b1fa81b130c154,6,0,1,1,linux,BFC
1c9114f9c0f10f58dd7e568a7152025af47b27e5,4,1,1,1,linux,BIC
597dbae77ee5a2347b1b800c25c89a9181dd8a57,0,3,0,1,linux,BFC
fd552e0542b4532483289cce48fdbd27b692984b,1,0,2,1,linux,BFC
2c8045d48dee703ad8eab2be7d6547765a89c069,4,0,8,1,linux,BFC
83b89a75de9bf71203fddca00dc1cd8c9f5e6fd2,10,8,0,1,linux,BFC
f43ea76cf310c3be95cb75ae1350cbe76a8f2380,27,0,9,1,linux,BFC
4febced15ac8ddb9cf3e603edb111842e4863d9a,8,0,0,1,linux,BFC
b51033e06c2ebbad322370f4a35c84488e61b342,41,0,1,4,linux,BFC
52b042ab9948cc367b61f9ca9c18603aa7813c3a,0,10,7,1,linux,BFC
a629df7eadffb03e6ce4a8616e62ea29fdf69b6b,0,0,1,1,linux,BFC
bb30b8848c85e18ca7e371d0a869e94b3e383bdf,4,2,2,1,linux,BIC
10a6de19cad6efb9b49883513afb810dc265fca2,0,0,1,1,linux,BFC
d258d00fb9c7c0cdf9d10c1ded84f10339d2d349,7,0,1,1,linux,BIC
81f3ddf2547d40c3d4878aa66ce837177665ce3c,69,0,1,3,linux,BIC
172d931910e1db800f4e71e8ed92281b6f8c6ee2,1,0,0,1,linux,BIC
7b48221cf41a90cf4bfc36e6d699b7fa4169c970,0,2,12,3,linux,BFC
bc93763f178fd04f484ee3e521bbdae57fddb891,25,0,16,1,linux,BFC
1f306ecbe0f66681bd87a2bb9013630233a32f7f,0,0,22,4,linux,BIC
c36b16d29f3af5f32fc1b2a3401bf48f71cabee1,1,0,2,1,linux,BFC
1d58a17ef54599506d44c45ac95be27273a4d2b1,26,0,1,3,linux,BFC
cd2a6e7d384b043d5d029e39663061cebc949385,0,0,1,1,linux,BFC
1e460bf9eaa59047183689ac28a772147eb747c9,2,0,4,1,linux,BFC
fe2da6ff27c73c1d102ec2189f94e8bc729d1a9b,91,0,0,5,linux,BIC
a2d581675d485eb7188f521f36efc114639a3096,51,53,23,9,linux,BIC
c80a29f0fe9b6f5457e0788e27d1110577eba99b,0,0,2,1,linux,BFC
782eddd748d9c4be3272b946085e3099266c3043,15,32,22,2,linux,BIC
f65886606c2d3b562716de030706dfe1bea4ed5e,3,0,9,1,linux,BIC
156bdac99061b4013c8e47799c6e574f7f84e9f4,1,0,0,1,linux,BIC
d660f4f42ccea50262c6ee90c8e7ad19a69fb225,0,0,1,1,linux,BFC
0e635c2a8713e3e013b4adcb7cb7e28a048b7c42,2,1,0,3,linux,BFC
9169757ae67bc927750ae907624e65cc15b4fe5a,0,0,2,1,linux,BFC
27161db0904ee48e59140aa8d0835939a666c1f1,0,0,1,1,linux,BFC
6ac43272768ca901daac4076a66c2c4e3c7b9321,30,28,0,2,linux,BIC
29e2d9eb82647654abff150ff02fa1e07362214f,6,0,1,1,linux,BFC
89dc891792c2e046b030f87600109c22209da32e,0,0,1,1,linux,BFC
6bf3b630d0a733b74f7167a1cfac457358e67074,34,10,10,5,linux,BIC
dc19e4e5e02fb6b46cccb08b2735e38b997a6ddf,173,3,16,1,linux,BIC
9bf11ecce5a2758e5a097c2f3a13d08552d0d6f9,2,1,0,1,linux,BFC
83621b7df6a646e550fd3d36db2e301cf9a5096b,0,0,2,1,linux,BFC
bca684e69c4ced7cd141ee3ad0486446eef628a2,29,0,0,1,linux,BIC
b00978de90752ba7ff73a3cab2de3fa1264ab932,15,0,3,3,linux,BFC
4068367c9ca7b515a209f9c0c8741309a1e90495,2,0,0,1,linux,BFC
cfc03eabda8224c681087a4c6c51d1cc595ebfaf,3,0,6,1,linux,BFC
8510895bafdbf7c4dd24c22946d925691135c2b2,0,1,2,1,linux,BFC
46dae32fe625a75f549c3a70edc77b778197bb05,0,0,3,2,linux,BFC
2aae918c7a21fb8388ab30b8abd4d9240e8ebd7f,2,0,2,2,linux,BFC
f46b195799b5cb05338e7c44cb3617eacb56d755,840,0,0,1,linux,BIC
03de6b273805b3c552ff158f8688555937375926,78,3,8,4,linux,BIC
a1854fae1414dd8edfff4857fd26c3e355d43e19,36,32,42,5,linux,BIC
8392df5d7e0b6a7d21440da1fc259f9938f4dec3,0,0,1,1,linux,BFC
2867298dd49ee84214b8721521dc7a5a6382520c,2,0,2,2,linux,BFC
f5b3f433641c543ebe5171285a42aa6adcdb2d22,6,0,0,1,linux,BFC
be1a4b2c56db860a220c6f74d461188e5733264a,0,0,2,1,linux,BFC
36541f0499fe02541de8edbcb05e6536104b11d2,329,19,48,1,linux,BIC
30e0c6a6bee24db0166b7ca709277cd693e179f2,136,3,97,16,linux,BIC
45d59d704080cc0c914b7cff24ccf19f12b9ce23,984,0,0,5,linux,BIC
5c1d824cda9f6059ee5fb6cc83cd4f47c85cf215,395,0,0,1,linux,BIC
1aeb6b563aea18cd55c73cf666d1d3245a00f08c,1,0,0,1,linux,BFC
5f6bb7e32283b8e3339b7adc00638234ac199cc4,0,3,0,1,linux,BFC
946c0d8e6ed43dae6527e878d0077c1e11015db0,1,0,0,1,linux,BFC
7b4ec8dd7d4ac467e9eee4d49f2c9574d773efbb,1,0,0,1,linux,BFC
53839b51a7671eeb3fb44d479d541cf3a0f2dd45,1,0,0,1,linux,BFC
183a45087d126d126e8dd1d9b2602fc129dff9ad,6,0,1,1,linux,BFC
459b1e8c8fe97fcba0bd1b623471713dce2c5eaf,0,0,1,1,linux,BFC
f3f4c4d68a2862c361fd9890998275da5ef02724,5,4,2,1,linux,BFC
8fc618c52d163baa7ae020e4c92474159b6006b7,6,0,7,1,linux,BIC
0f54761d167f98dd93cb19a16edbc47bb6574a28,59,14,53,7,linux,BIC
b692cb83b14d2f741f513221f5f78042c674c2a9,0,1,0,1,linux,BFC
acde891c243c1ed85b19d4d5042bdf00914f5739,0,0,1,1,linux,BFC
4e09fc873d92398001e267f7b60c36c963f825b3,1,0,4,2,linux,BIC
b15efc38626f20f3fc8b831b826b50740d90dab9,5,2,5,1,linux,BFC
e58725d51fa8da9133f3f1c54170aa2e43056b91,37,0,0,1,linux,BIC
01d5d7fa8376c6b5acda86e16fcad22de6bba486,0,22,34,1,linux,BFC
129c6cda2de2a8ac44fab096152469999b727faf,1,0,2,1,linux,BFC
8468e937df1f31411d1e127fa38db064af051fe5,9,0,1,1,linux,BFC
9cb8e048e5d93825ec5e8dfb5b8df4987ea25745,12,12,0,1,linux,BIC
e943c43b32ce15ef23cc6b4574567b045c96c23b,0,0,0,1,linux,BIC
d981cb5b9fa0da9da6a6c8b9ae7cbe789c3b3214,12,0,4,1,linux,BFC
bedd8d78aba300860cec3f85d6ff549b3b7f2679,25,0,0,1,linux,BIC
f646cf94520e22cb11eb5d2e9a35b33bfe4bea1b,2948,0,0,2,linux,BIC
5ff3e7a224d40f9dd73625b91377787034a8b35e,6,0,0,1,linux,BFC
e7e1e880b114ca640a2f280b0d5d38aed98f98c6,0,0,1,1,linux,BFC
40b3a52ffc5bc3b5427d5d35b035cfb19d03fdd6,0,0,1,1,linux,BIC
725522b5453dd680412f2b6463a988e4fd148757,4,0,8,4,linux,BIC
3fe6d228a0b45a205849daa110b908e8a4dbed80,0,3,1,1,linux,BFC
bfea603bc54c0a736d45bc60b188a8cdae9aaaa3,0,0,1,1,linux,BFC
01365f549c8899a60bd6d30f31602b15f4270629,74,0,0,4,linux,BIC
39ae5f1e4b86333b2ca97a278a93640d61fcf77d,0,0,1,1,linux,BFC
04211a574641e29b529dcc84e75c03d7e9e368cf,26,0,6,2,linux,BIC
b588479358ce26f32138e0f0a7ab0678f8e3e601,1,0,0,1,linux,BFC
dc6982ff4db1f47da73b1967ef5302d6721e5b95,81,134,38,1,linux,BIC
620d5eaeb9059636864bda83ca1c68c20ede34a5,7,7,0,1,linux,BFC
72bf80cf09c4693780ad93a31b48fa5a4e17a946,0,8,22,2,linux,BIC
089bca2caed0d0dea7da235ce1fe245808f5ec02,7,2,1,2,linux,BIC
80a32e5b498a7547073e5e4b2b804edc7219979d,102,0,0,3,linux,BIC
fd99f796a20b1a805c80ee51d7349d65103e7aaf,0,0,2,1,linux,BFC
40115bbc40e2fd2de0e01ef2a28e0d09a1b5d0d1,1904,0,3,11,linux,BIC
c1a06df6ebf6ca98fb7a672fe447c7469d6c1968,13,0,3,2,linux,BFC
8e6d5df3cb32dddf558a52414d29febecb660396,1,1,25,1,linux,BFC
fe286893ed34b12684659d3efb907d47fe18559b,0,5,3,1,linux,BIC
aeaadcde1a60138bceb65de3cdaeec78170b4459,3,2,0,2,linux,BFC
4d9273c978d4c1af15d7874c10c732ec83d444d0,1,0,1,1,linux,BFC
8b70f45e2eb275da886b9c9dee190436d12d876a,12,0,0,1,linux,BIC
eb0955935e2ae3aa1fc9c34ec684ffe086e81da7,5,0,3,1,linux,BFC
b07ef35244424cbeda9844198607c7077099c82c,0,0,1,1,linux,BFC
5cc19b7c5e71bdd1214813c6d65a1dd5b37807ac,2,0,1,1,linux,BFC
e6e12df625f23e8011a804250fc22a0c3c9e2463,273,198,55,7,linux,BIC
a1ff57416af9a7971a801d553cd53edd8afb28d6,16,0,2,3,linux,BFC
17d489019c5249d059768184c80e9b2b0269b81e,1,0,2,1,linux,BFC
367fe04eb64760fab400bdc990cc6067071e1e39,0,0,1,1,linux,BFC
48881ed56b395bdf2cff6c102039016223ca4da6,2,0,0,2,linux,BFC
4c55215c05d252e975930fe08ff418d02e002ceb,659,0,0,6,linux,BIC
dbfdb6d1b369b88253af1cd71723437d152b0b50,12,0,8,2,linux,BIC
39797a279d62972cd914ef580fdfacb13e508bf8,4,0,4,1,linux,BFC
2c012a4ad1a2cd3fb5a0f9307b9d219f84eda1fa,0,0,3,1,linux,BFC
9f7d09fe23a0112c08d2326d9116fccb5a912660,0,0,1,1,linux,BFC
6f6f28bf5d8e070c1e4a10d62d2a1af264683042,0,0,1,1,linux,BFC
2dcd5d95ad6b281fca6f2d5e252bbf7e8e20655b,22,5,67,2,linux,BIC
fe19c04ca13737a48277fad28d912efbd72c1772,0,11,1,8,linux,BIC
a09db883e5d938b525a86a4630fc04f98ff1063d,125,0,3,5,linux,BIC
988896bb61827345c6d074dd5f2af1b7b008193f,11,3,5,3,linux,BIC
6ac93117ab009d3901ed5d3d0f79056eb5fc0afd,3,0,5,1,linux,BIC
f83f3c515654474e19c7fc86e3b06564bb5cb4d4,10,1,4,1,linux,BIC
34b0e9b767bfa09ae233ca0d6ceb299bf2e24600,13,0,1,1,linux,BFC
5e1a3149eec8675c2767cc465903f5e4829de5b0,4,27,44,1,linux,BFC
675053115e4e809643e12ca817dc9147562a70d6,2,0,0,2,linux,BFC
bb7262b295472eb6858b5c49893954794027cd84,2,0,2,1,linux,BFC
35074df65a8d8c5328a83e2eea948f7bbc8e6e08,0,0,6,1,linux,BFC
7e6b27a69167f97c56b5437871d29e9722c3e470,8,2,3,1,linux,BFC
8c03b8bff765ac4146342ef90931bb50e788c758,0,0,1,1,linux,BFC
6e20a0a429bd4dc07d6de16d9c247270e04e4aa0,125,0,0,2,linux,BIC
6aa734a2f38e2e17ac4de3561770b8676b27af2e,17,4,4,2,linux,BFC
9d9effca9d7d7cf6341182a7c5cabcbd6fa28063,0,0,1,1,linux,BFC
8cb339f1c1f04baede9d54c1e40ac96247a6393b,0,0,8,1,linux,BIC
1d32a62c74b3bcb69822b0f4745af5410cfec3a7,1,0,1,1,linux,BFC
5fe68a4d85bfd7d0ed1a4bcfb12120e2b7dd26f5,0,0,1,1,linux,BFC
7d95f22798ecea513f37b792b39fec4bcf20fec3,0,0,2,1,linux,BFC
31c64f78767948986c6c4c6f488803722c6b0e7a,0,0,1,1,linux,BFC
08724ef69907214ce622344fe4945412e38368f0,34,2,2,2,linux,BIC
60e2a7780793bae0debc275a9ccd57f7da0cf195,130,0,6,7,linux,BIC
0e7736c6b806b24c693367196a076c78328ed742,0,0,1,1,linux,BFC
3b5236cc5d086dd3ddd01113ee9255421aab9fab,0,0,1,1,linux,BFC
0fc2dc58896f182daeeb4a7b5fc8d763afec3117,292,3,33,13,linux,BIC
f5d7837f96e53a8c9b6c49e1bc95cf0ae88b99e8,24,0,5,2,linux,BIC
6e2b7044c199229a3d20cefbd3184968238c4184,6,0,5,1,linux,BFC
4255ff0544ee307e9a8acf66000e6fd49e9203f8,0,0,1,1,linux,BFC
79ad3b5add4a683af02d1b51ccb699d1b01f1fbf,663,0,1,4,linux,BIC
6b1c5eaf5cfd994bc364ce367ab4cd1f572cc476,0,0,2,1,linux,BFC
63a8eef70ccb5199534dec56fed9759d214bfe55,54,0,5,1,linux,BFC
1ddf776b498c922935d0ec3283b9817dd33aedf7,0,5,6,1,linux,BFC
6c984b066d84bb6e8f5a739ffb1dc4858df017a3,4,14,10,3,linux,BIC
3c75c0ea5da749bd1efebd1387f2e5011b8c7d78,28,0,3,3,linux,BFC
9625bf39bd4140cebd60cc658846505f4ab6c8ca,0,0,1,1,linux,BFC
4d1368f7faf7949a96fd75fa552ebc9cf4dc4e77,0,0,1,1,linux,BFC
240ce7f6428ff5188b9eedc066e1e4d645b8635f,6,0,2,1,linux,BFC
49bae2f3093b0a7bc5e1a158d89697a73cdb0243,18,0,1,5,linux,BFC
36c67349a1a1c88b9cf11d7ca7762ababdb38867,6,0,0,1,linux,BFC
a446ae2c6e6555048301f2339cfd97b8eed6d0b7,107,0,3,4,linux,BIC
3e3affe549ebd228501d160886c1b3999d99e0c6,2,0,0,1,linux,BFC
e19680f8347ec0e335ae90801fbe42d85d7b385a,0,1,1,1,linux,BFC
8f014550dfb114cc7f42a517d20d2cf887a0b771,24,1,6,6,linux,BIC
58b4c1a07ada7fb91ea757bdb9bd47df02207357,13,0,4,1,linux,BIC
c1545f1a200f4adc4ef8dd534bf33e2f1aa22c2f,0,0,1,1,linux,BFC
395102db441abb8fd18fec5dd81428b5120232af,0,0,3,1,linux,BFC
749564ffd52d91ddf9917315e6fba2a3dcf3137e,51,2,15,1,linux,BIC
3a02764c372c50ff7917fde5c6961f6cdb81d9d5,0,1,3,2,linux,BIC
82b1df1b083ff1b1c45fcdf5a844351cdca03ed8,2,2,2,1,linux,BFC
b5be83e308f70e16c63c4e520ea7bb03ef57c46f,13,0,3,1,linux,BIC
58fb7c643d346e2364404554f531cfa6a1a3917c,0,0,1,1,linux,BFC
e0ee84ded79623ac063a4e817367d61ab7650b6c,25,0,0,1,linux,BIC
6a2a94041052dd4616a56b6a9aa25dd2ad51c772,0,0,1,1,linux,BFC
881d1c25f765938a95def5afe39486ce39f9fc96,98,0,6,7,linux,BIC
1a1c851bbd706ea9f3a9756c2d3db28523506d3b,100,0,5,1,linux,BIC
d247568bb21b6665cc32dee8b0a9716d44bd11a7,0,1,0,1,linux,BFC
aca951a22a1d93ebe31b54052b3eb9a8196df2fc,1419,0,0,3,linux,BIC
a9407000038805e5215a49c0a50c9e2b2ff38220,14,4,8,1,linux,BIC
e7f860e2106a4c288d98308c59545ddd350e4739,0,0,22,1,linux,BFC
8b60ed2b1674b78ebc433a11efa7d48821229037,1,0,1,1,linux,BFC
f57ab9a01a36ef3454333251cc57e3a9948b17bf,13,0,0,1,linux,BFC
2a3407607028f7c780f1c20faa4e922bf631d340,32,18,3,3,linux,BIC
521348b011d64cf3febb10b64ba5b472681bef94,72,0,0,1,linux,BIC
bb07698fc8d13ec74f4f5bd87b04953777ee6982,0,0,3,1,linux,BFC
bdd015f7b71b92c2e4ecabac689642cc72553e04,0,0,1,1,linux,BFC
70282c90d4a202aa32162732081387ac6cb6bb4b,123,0,0,1,linux,BIC
7de241f3b705396fe21f45d38ba1247c522aae81,0,4,3,2,linux,BFC
aee9caa03fc3c8b02f8f31824354d85f30e562e0,58,0,2,3,linux,BIC
f663b60f5215b44d147ee0c07d17ffd7e9f3f881,8,0,11,1,linux,BIC
d6c0511300dcff19969844495ba293c4efb50b42,2,0,1,3,linux,BIC
c33b7c0389e17da3619434d46be9adf3fa0eba85,222,12,11,8,linux,BIC
b35475c5491a14c8ce7a5046ef7bcda8a860581a,9,0,0,1,linux,BFC
1f110e7cae09e6c6a144616480d1a9dd99c5208a,1,0,1,1,linux,BFC
f63c2c2032c2e3caad9add3b82cc6e91c376fd26,2,0,1,1,linux,BFC
d6834b4b58d110814aaf3469e7fd87d34ae5ae81,35,0,0,1,linux,BFC
aa67db24b6761277d731cc3434420283479927ca,7,1,2,1,linux,BFC
e5e884b42639c74b5b57dc277909915c0aefc8bb,10,0,3,1,linux,BIC
9dd1953846c7cd58100a5c6bd90db54e2c60668a,45,0,2,2,linux,BIC
039d4926379b1d1c17b51cf21c500a5eed86899e,12,3,5,3,linux,BFC
c8c74939f791ccbbfff988aec5f929374dbef2a6,176,0,10,1,linux,BIC
418ca5992e2f91050e0673b3a3a78197f0122bf8,20,13,2,2,linux,BIC
550b9fc4e3af5f0af687d9e7bf168c8b48cf5495,5,4,7,1,linux,BIC
04acadcb4453cf8011dd3d4ce8d97fecac42d325,569,0,0,4,linux,BIC
42ec15ceaea74b5f7a621fc6686cbf69ca66c4cf,0,0,10,1,linux,BFC
794200d66273cbfa32cab2dbcd59a5db6b57a5d1,3,0,0,1,linux,BIC
1396500d673bd027683a0609ff84dca7eb6ea2e7,5,0,0,1,linux,BFC
086f332167d64b645d37405854f049b9ad7371ab,46,0,12,3,linux,BIC
ff44f672d74178b3be19d41a169b98b3e391d4ce,2,0,2,1,linux,BFC
939d749ad6649c4123daf63a8bc053ea97ad2218,288,16,81,5,linux,BIC
7703238ef7e56b96eb0d23e629245b1d56241224,0,5,1,1,linux,BFC
6403298c58d4858d93648f553abf0bcbd2dfaca2,0,0,1,1,linux,BFC
86a559787e6f5cf662c081363f64a20cad654195,314,11,22,2,linux,BIC
5cba288466e9b229feb68295675246e7522fb5eb,33,0,7,1,linux,BFC
e722ec82374b7a0c0cfa954e4f780221139c5f93,75,34,0,1,linux,BIC
0ca06a00e206b963587ac471e6d1c52bf33b9a18,120,0,0,3,linux,BIC
43076c1e074359f11c85d7d1b85ede1bbb8ee6b9,5,8,0,1,linux,BFC
64ed6588c2ea618d3f9ca9d8b365ae4c19f76225,0,0,1,1,linux,BFC
46acef048a6568ba490f636db8682a1461ed223c,7,0,0,1,linux,BIC
68b78dcdf93a845d68e34918d17c125924240584,2,0,0,1,linux,BFC
a7efd7773e31b60f695816c27393fc717a9df127,776,0,1,6,linux,BIC
2170dd04316e0754cbbfa4892a25aead39d225f7,3,0,0,1,linux,BIC
db9ee384f6f71f7c5296ce85b7c1a2a2527e7c72,1,0,0,1,linux,BFC
c8f33d0bec999a4f2b5c3f9380361b88ce6f6ab0,4,0,1,1,linux,BIC
75db5b07f8c393c216fd20f7adc9a167fc684c23,0,8,23,1,linux,BIC
b5a756a722286af9702d565501e1f690d075d16b,0,0,47,1,linux,BFC
67122a7910bf2135dc7f7ececfcf16a5bdb362c1,0,1,1,1,linux,BFC
68aab823c223646fab311f8a6581994facee66a0,0,0,1,1,linux,BFC
6845667146a28c09b5dfc401c1ad112374087944,0,0,3,1,linux,BFC
764f4eb6846f5475f1244767d24d25dd86528a4a,8,0,0,1,linux,BIC
ee467fbaaf8eed86efc335753bd95971aa444f7a,0,0,1,1,linux,BFC
b43aaee69d4327d05e7624d9471c17d015b4d67d,0,4,8,1,linux,BFC
5a0b8cb46624cc17fda676d6ae44fb72504f0ad9,7,8,0,5,linux,BIC
229fae38d0fc0d6ff58d57cbeb1432da55e58d4f,6,1,2,1,linux,BFC
8c313e3bfd9adae8d5c4ba1cc696dcbc86fbf9bf,1,0,0,1,linux,BFC
17e5fc58588b5e3df8220c90a9d8af55201d6b45,7,0,5,2,linux,BIC
f2d90e07b5df2c7745ae66d2d48cc350d3f1c7d2,0,0,2,1,linux,BFC
1c73daee4bf30ccdff5e86dc400daa6f74735da5,6,2,7,1,linux,BFC
e4edd4fcbf4daf9d4319bef0bfaf350cb672239a,10,0,2,1,linux,BFC
4f0087812648b7611157ae22954acfaed820d24e,11,38,18,4,linux,BIC
24512228b7a3f412b5a51f189df302616b021c33,13,0,0,1,linux,BFC
752b927951eaa6297bffc12efe603df10496566e,335,0,49,1,linux,BIC
c6fe81191bd74f7e6ae9ce96a4837df9485f3ab8,17,0,2,1,linux,BFC
1db43d3f3733351849ddca4b573c037c7821bfd8,3,0,0,1,linux,BFC
8b2ded1c94c06f841f8c1612bcfa33c85012a36b,3,0,1,1,linux,BFC
028474876f472c3b6eee633aed528a1206609657,115,0,15,4,linux,BIC
ef2820a735f74ea60335f8ba3801b844f0cb184d,4,66,21,5,linux,BIC
1d1f898df6586c5ea9aeaf349f13089c6fa37903,8,0,6,1,linux,BFC
d3202d1981dc5a5f03f9afc96480619b48b60124,102,0,0,2,linux,BIC
1dcaf30725c32b26daa70d22083999972ab99c29,1,0,0,1,linux,BFC
943ebae781f519ecfecbfa1b997f15f59116e41d,179,14,26,3,linux,BIC
a55e5663761366fb883f6f25375dd68bc958b9db,0,0,2,1,linux,BFC
50aec2c3135efd985291adc2e4d1278d52b03de9,44,0,4,3,linux,BIC
d182c2e1bc92084c038b44c618f29589a4de9f66,47,50,1,2,linux,BIC
d9847eb8be3d895b2b5f514fdf3885d47a0b92a2,8,7,4,2,linux,BFC
ebc88870dab343ef3d16832e40d53bd21f1bf0e5,0,0,1,1,linux,BFC
e659ba31d806fbb523a2b78f092bfe9708f2a121,105,0,3,1,linux,BIC
2413ffbf19a95cfcd7adf63135c5a9343a66d0a2,1,0,0,1,linux,BFC
b0b477c7e0dd93f8916d106018ded1331b81bf61,41,5,7,1,linux,BIC
379eb01c21795edb4ca8d342503bd2183a19ec3a,4,0,0,1,linux,BFC
cfe4894eccdc7fa5cd35bf34e918614d06ecce38,9,0,1,3,linux,BIC
09f4136c5d6b4c5144a965bd086009863d58ff08,13,0,0,1,linux,BFC
bee3d51156113363e952674504833b4bc92cf15e,380,0,0,1,linux,BIC
71bc7cf3be65bab441e03667cf215c557712976c,0,0,1,1,linux,BFC
936a5fe6e6148c0b3ea0d792b903847d9b9931a1,106,0,19,4,linux,BIC
6f4eea90465ad0cd5f3d041b9b2c728426f2b8d4,278,0,0,9,linux,BIC
2cd0d743b05e87445c54ca124a9916f22f16742e,0,0,1,1,linux,BFC
21753583056d48a5fad964d6f272e28168426845,0,4,1,2,linux,BFC
27fe73394a1c6d0b07fa4d95f1bca116d1cc66e9,7,0,5,1,linux,BFC
64ed5771aca2fcfb8ea440fc679741054011fd7e,5,0,0,1,linux,BFC
0c36820e2ab7d943ab1188230fdf2149826d33c0,0,3,1,1,linux,BFC
c62f61b58f6e41cab9c07557213b61d71e6b221c,0,4,2,1,linux,BFC
f4b39e88b42d13366b831270306326b5c20971ca,2,0,4,1,linux,BFC
d62d813c0d714a2d0aaf3d796a7a51ae60bf5470,1,5,0,1,linux,BFC
9d123a35d7e97bb2139747b16127c9b22b6a593e,2,0,1,1,linux,BFC
a689554ba6ed81cf606c16539f6ffc2a1dcdaf8e,3408,0,0,6,linux,BIC
6390d42c21efff0b4c10956a38e341f4e84ecd3d,2,0,1,1,linux,BFC
a9214b0b6ed245b0c5239e0576b7de509815c2a0,0,18,1,3,linux,BIC
c31f26c8f69f776759cbbdfb38e40ea91aa0dd65,3,3,2,1,linux,BFC
4068e5182ada260d8a09f35db79fc2582e08baec,843,0,0,1,linux,BIC
8b5327975ae171ca54dfd93e6c042d1292945867,127,9,30,3,linux,BIC
2c1382840c194533399818d0ed39dfc94f906187,9,0,5,1,linux,BIC
47c1697508f2ec9f6b31ce6c825fe1017871dea6,96,9,198,5,linux,BIC
da1adea07576722da4597b0df7d00931f0203229,5,0,2,1,linux,BIC
b9a0866a5bdf6a4643a52872ada6be6184c6f4f2,3,0,1,1,linux,BFC
81d5dfe6d8b3ba48ffcaa882783185c07b5d2384,84,39,3,1,linux,BIC
af5ce95282dc99d08a27a407a02c763dde1c5558,40,0,4,5,linux,BIC
0a1eb2d474edfe75466be6b4677ad84e5e8ca3f5,1,0,4,1,linux,BIC
5e3ca0ec76fce92daa4eed0d02de9c79b1fe3920,91,0,1,1,linux,BIC
38fb6d0ea34299d97b031ed64fe994158b6f8eb3,6,6,18,1,linux,BFC
e7f73a1613567ac82314f33956c0f3810bf1efb2,336,0,0,2,linux,BIC
3ff67445750a84de67faaf52c6e1895cb09f2c56,5,1,10,1,linux,BIC
8defc2a5dd8f4c0cb19ecbaca8d3e89ab98524da,1,0,2,1,linux,BFC
e64681b487c897ec871465083bf0874087d47b66,2,0,1,1,linux,BFC
763e34e74bb7d5c316015e2e39fcc8520bfd071c,291,0,7,2,linux,BIC
b150a4f10d8786a204db1ae3dccada17f950cf54,61,0,5,2,linux,BIC
f610a5a29c3cfb7d37bdfa4ef52f72ea51f24a76,2,0,1,1,linux,BFC
5f5e6a3e8b1df52f79122e447855cffbf1710540,6,0,3,1,linux,BFC
7f5f4de83ca30a4922bb178b80144e2778faad01,1,0,1,1,linux,BFC
8505e729a2f6eb0803ff943a15f133dd10afff3a,36,0,0,2,linux,BFC
31537cf8f3f95d45360b995ad8be2c870edc5b02,1,0,1,1,linux,BFC
820eeb9de62f1f479c04fc6575d874611b1e2095,18,8,3,1,linux,BFC
6d91017a295e9790eec02c4e43f020cdb55f5d98,1,0,0,1,linux,BFC
3f2a43c98d72bcb236f3db7e3a8355dd5e1311d8,221,0,0,1,linux,BIC
cbdaeaf050b730ea02e9ab4ff844ce54d85dbe1d,0,1,2,1,linux,BFC
bbe11fab0b6c1d113776b2898e085bf4d1fdc607,11,0,6,1,linux,BFC
18bb8bbf13c1839b43c9e09e76d397b753989af2,183,0,2,10,linux,BIC
55cd9f67f1e45de8517cdaab985fb8e56c0bc1d8,3,0,0,1,linux,BFC
757932e6da6de05b91cc4cb85493b17de48c2667,30,0,17,2,linux,BIC
82ff8e6b78fc4587a4255301f0a283506daf11b6,0,15,5,1,linux,BIC
69d2480456d1baf027a86e530989d7bedd698d5f,0,2,7,2,linux,BIC
3ea67d06e4679a16f69f66f43a8d6ee4778985fc,32,0,7,3,linux,BIC
435cc1138ec94af7497ea68c8eb8b0c17cfcf002,20,0,0,3,linux,BIC
8c709f9a06938f6dd743e0b968245d900fa4759e,0,0,2,1,linux,BIC
9f438d4d7fa2f59570cd58bca24ac82e7172d63b,0,3,1,1,linux,BFC
da15c03b047dca891d37b9f4ef9ca14d84a6484f,97,12,11,5,linux,BIC
a4b349540a26af9a544e2e858223140fb9ddc35c,0,0,37,1,linux,BIC
5cbc198ae08d84bd416b672ad8bd1222acd0855c,12,3,7,2,linux,BFC
58189ca7b27411c3dc9a5cb9eeee0906da684c59,5,0,4,6,linux,BIC
0fcc4c8c044e117ac126ab6df4138ea9a67fa2a9,0,0,1,1,linux,BFC
f95d95a7cd5514549dcf6ba754f0ee834cce3e1f,4,0,0,2,linux,BIC
44c3d0c1c0a880354e9de5d94175742e2c7c9683,1,0,2,1,linux,BFC
07a5d38453599052aff0877b16bb9c1585f08609,1,0,1,1,linux,BFC
235a96e92c16c954f885a6970b4d5441d306d800,0,0,1,1,linux,BIC
ca15a078bd907df5fc1c009477869c5cbde3b753,33,1,5,1,linux,BIC
09d6217254c004f6237cc2c2bfe604af58e9a8c5,0,3,6,1,linux,BFC
6124607acc88fffeaadf3aacfeb3cc1304c87387,6,0,2,1,linux,BFC
b7d5dc21072cda7124d13eae2aefb7343ef94197,9,7,18,1,linux,BIC
1112cf4c4109473fd8a30a4678d25f9321ef5d67,1,0,0,1,linux,BFC
630e4576f83accf90366686f39808d665d8dbecc,0,1,4,2,linux,BFC
db9f11d3433f7a66ae9d9f8d3e09eb90f33d3b4e,13,4,14,5,linux,BIC
e8b7db38449ac5b950a3f00519171c4be3e226ff,210,0,9,4,linux,BIC
59a7c828d7e7d5a1be224a0d68a41ca2302843ea,4,0,0,1,linux,BFC
e722a295cf493388dae474745d30e91e1a2ec549,0,3080,0,15,linux,BIC
1035f4a65f58407951d8d2f54c289c2b252e499c,15,0,0,3,linux,BIC
3f4836beb2ebeb0211d9911d878a267d687e0e6e,0,7,0,1,linux,BFC
f16a005cde3b1f31cad5ecba0cc810652c3874ec,0,0,20,5,linux,BFC
61c78eea9516a921799c17b4c20558e2aa780fd3,2,0,1,1,linux,BFC
8c3b1ba0e7ea9a80b0ee4b4445ea59c806787813,86,0,3,7,linux,BIC
50b29d8f033a7c88c5bc011abc2068b1691ab755,0,0,1,1,linux,BFC
74b6b20df8cfe90ada777d621b54c32e69e27cd7,2,0,2,1,linux,BFC
d118ac2062b5b8331c8768ac81e016617e0996ee,37,0,0,1,linux,BFC
4f9b9bba1dd1489909f4cb339233ced979663297,269,0,0,1,linux,BIC
09210c4bcc065d9d91ef3c051902ad18252cd3c0,0,5,1,1,linux,BFC
3ded9f2b35f02ca00523c79f88f6cf5050622384,0,0,1,1,linux,BFC
2c4eca3ef7161f6632959c00c8eae182f4398901,2,1,13,9,linux,BIC
634092b1b9f67bea23a87b77880df5e8012a411a,26,0,1,1,linux,BFC
89781d0806c2c4f29072d3f00cb2dd4274aabc3d,4,0,1,3,linux,BFC
22b70e6f2da0a4c8b1421b00cfc3016bc9d4d9d4,4,0,2,1,linux,BFC
7ddda2614d62ef7fdef7fd85f5151cdf665b22d8,1,0,0,1,linux,BFC
ed0450cef00d2c76bcb8778721df947ba7ff4147,0,0,1,1,linux,BFC
88e22159750b0d55793302eeed8ee603f5c1a95c,0,0,2,1,linux,BFC
ad49aee401dd1997ec71360df6e51a91ad3cf516,3,0,4,1,linux,BFC
0c4d268029bf3ca78a57d934bdeb43bfdfd4790e,17,0,24,3,linux,BIC
7f6cade5b6bf47daa315118a05aab613c73462ff,0,0,2,1,linux,BFC
0eb3b4ab762df44f2cff982ddb8f42b3085f4e52,0,0,1,1,linux,BFC
849d540ddfcd4f232f3b2cf40a2e07eccbd6212c,92,0,6,1,linux,BIC
7bf168c8fe8c6166b5dc10005fe7f250164da0ad,0,15,8,1,linux,BIC
334ecdd0ba45bb68bce0f1429a4a1e9584ba437e,26,0,9,2,linux,BFC
60ee9be2557124aa007e6e12e78def2f55d1b64b,40,4,12,1,linux,BIC
ed888cb0d1ebce69f12794e89fbd5e2c86d40b8d,4,0,2,1,linux,BFC
67ae482a59e951c346b5a55a756504bc58ce7cfa,15,0,1,3,linux,BIC
55f0a4894484e8d6ddf662f5aebbf3b4cb028541,0,0,1,1,linux,BFC
4def49da620c84a682d9361d6bef0a97eed46fe0,0,3,0,1,linux,BFC
6b93b400aa88e94f253f03e6095cd560854a5268,123,31,72,5,linux,BIC
b1e3a5607034aa0a481c6f69a6893049406665fb,0,0,1,1,linux,BFC
0bc5a6c5c79a947e47af9655b0e3cc7e7a2bd0ca,1370,176,97,2,linux,BIC
3eb616b26408ac813c67280cf883f36d98b8441d,0,21,1,1,linux,BFC
d4f63a4741a808c0bf25d92884713008706fca16,43,42,21,1,linux,BIC
2e78fc620f5c62e94cab4a8240b2a76de38cd514,0,0,2,1,linux,BFC
785a12afdb4a52903447fd890633c82fdda4b6f7,45,0,3,2,linux,BFC
622fecbccfe86a8052dea6b512d3821dcce29994,0,0,1,1,linux,BFC
d321cd014e51baab475efbdec468255b9e0ec822,8,0,7,1,linux,BFC
74784081aac8a0f3636965fc230e2d3b7cc123c6,248,0,1,7,linux,BIC
ee5cd41c9117df7b6ceae454a0354601cad155b5,6,0,8,2,linux,BIC
32d6378cab2df64eea74e8758192d7ad7d0e1515,0,0,2,1,linux,BFC
11ae76e67a179f25ae8f772d62a7ddf717b1cdf3,158,0,3,3,linux,BIC
f0b594dfa47555d8d69e6865c882d65a9054cb81,0,1,0,1,linux,BFC
7bf60c52e093d9309752dbc3569fa213a80fb815,322,0,0,2,linux,BIC
ad4e1e48a6291f7fb53fbef38ca264966ffd65c9,0,0,1,1,linux,BFC
6c2d2176a85eb2fd65eb7cfe94b3bad0acce99c0,12,0,10,1,linux,BFC
933b11aeeda111c6af7a7350cbe0bc331b833d41,0,1,3,3,linux,BFC
c09767a8960ca0500fb636bf73686723337debf4,1,0,1,1,linux,BFC
a11e1d432b51f63ba698d044441284a661f01144,101,232,199,78,linux,BIC
4c2602ba8d74c35d550ed3d518809c697de08d88,0,1,0,1,linux,BFC
a54754ec9891830ba548e2010c889e3c8146e449,8,0,1,1,linux,BFC
94dfd7edfd5c9b605caf7b562de7a813d216e011,117,13,17,2,linux,BIC
ef38de9217a04c9077629a24652689d8fdb4c6c6,3,0,0,1,linux,BFC
4c048af708a8d562d02c5a2c8f46e01de6d81e34,0,0,2,1,linux,BFC
6c1c280805ded72eceb2afc1a0d431b256608554,0,0,5,1,linux,BFC
30ca9b04747ea865cbb5a7d05e10ef0a3761bf19,0,0,1,1,linux,BFC
535fb49e730a6fe1e9f11af4ae67ef4228ff4287,0,0,1,1,linux,BFC
4f62568c1fcf0f7da49e7c22bdd01645aa508e80,51,0,0,1,linux,BIC
5e31ba0c0543a04483b53151eb5b7413efece94c,0,12,0,1,linux,BIC
b877e9849d41e7d2100d2933e0a3971d0ddec011,36,7,6,4,linux,BIC
53b16dd6ba5cf64ed147ac3523ec34651d553cb0,3,0,0,1,linux,BFC
18dfb5326370991c81a6d1ed6d1aeee055cb8c05,0,2,2,1,linux,BFC
ea2a2ad17ca1e9dbb01ac935f1b1b53f99f73b13,0,0,1,1,linux,BFC
963abe5c8a0273a1cf5913556da1b1189de0e57a,5,0,0,1,linux,BFC
0ac64c39490041cb684350823803e6476815a3fb,0,0,2,1,linux,BIC
739ffee97ed550a2899a925ed3f260fa1e8fa955,76,48,11,3,linux,BIC
7a0058ec78602da02b34fa2ae3afc523e90d1ab2,8,21,12,4,linux,BIC
1d7a5cbf8f74edee0b1d9ee479367b5d876bf627,209,0,2,4,linux,BIC
853eab68afc80f59f36bbdeb715e5c88c501e680,1,0,1,1,linux,BFC
f35838a6930296fc1988764cfa54cb3f705c0665,1,0,0,1,linux,BFC
82fa8f581a954ddeec1602bed9f8b4a09d100e6e,2,0,0,1,linux,BFC
9b125c27998719288e4dcf2faf54511039526692,2,0,1,2,linux,BIC
66ff14e59e8a30690755b08bc3042359703fb07a,0,10,0,1,linux,BIC
a1e1cb72d96491277ede8d257ce6b48a381dd336,16,0,0,1,linux,BFC
4daf1ef3c681754159411bd7ee0aecf2d43acf59,0,0,2,1,linux,BIC
da0f0b2c3ad2ad9533c8c5cae84ad88d57a5e8dc,3,0,4,1,linux,BIC
384426bd101cb3cd580b18de19d4891ec5ca5bf9,0,1,3,1,linux,BFC
2b67f944f88c29e71efdcfc4d0c21ab28fbf23ae,72,0,5,1,linux,BIC
1d3351e631fc34d73b530a67263188062fe598ba,127,0,0,7,linux,BIC
7543f16a04465db95e83e8409e246f49f35c874a,0,0,2,1,linux,BFC
53dd5c709b335545eec76e3a401ad82764d42b6a,2,0,0,1,linux,BFC
f4340622e02261fae599e3da936ff4808b418173,27,0,14,1,linux,BIC
1a59c9c55585e1ec5b352d31b3f8402f196eae94,2,0,1,1,linux,BFC
d5efd9cc9cf2e422d064c912c7d5d985f52c1b2c,50,0,4,2,linux,BIC
cb820f8e4b7f73d1a32175e6591735b25bb5398d,50,45,1,3,linux,BIC
46c22ffd2772201662350bc7b94b9ea9d3ee5ac2,0,0,1,1,linux,BFC
349e7a85b25fa6ee82902d9be2cc5f3bec815120,510,0,0,1,linux,BIC
820ee17b8d3b2a57b1ea20b247cc6a1dddaf8b8d,78,0,0,3,linux,BIC
085ebfe937d7a7a5df1729f35a12d6d655fea68c,0,0,1,1,linux,BFC
31028cbed26a8afa25533a10425ffa2ab794c76c,0,0,1,1,linux,BFC
42dcfd850e514b229d616a53dec06d0f2533217c,1,1,0,1,linux,BFC
941f5f0f6ef5338814145cf2b813cf1f98873e2f,9,4,1,2,linux,BFC
a218dc82f0b5c6c8ad3d58c9870ed69e26c08b3e,22,5,22,4,linux,BIC
064c9c32b17ca9b36f95eba32ee790dbbebd9a5f,9,0,3,1,linux,BFC
5116a8ade333b6c2e180782139c9c516a437b21c,0,0,1,1,linux,BFC
02186d8897d49b0afd3c80b6cf23437d91024065,1,0,2,1,linux,BFC
6399aea629b02a23364efcb6eea1319b8e9d1abf,5,0,2,1,linux,BIC
bbbf962d9460194993ee1943a793a0a0af4a7fbf,1,0,0,1,linux,BFC
2357672c54c3f748f675446f8eba8b0432b1e7e2,156,0,31,5,linux,BIC
4d820543c54c47a2bd3c95ddbf52f83c89a219a0,0,0,1,1,linux,BFC
69c42d493db452ea87c1ac56e83c978512f4e6ec,0,10,6,3,linux,BIC
ca08d0eac020d48a3141dbec0a3cf64fbdb17cde,6,0,0,1,linux,BFC
e50abbf788c239d529f9ab81e325f8e8f8432c9d,0,0,1,1,linux,BFC
076b862c7e4409d2dcacfda19f7eaf8d07ab9200,15,0,6,1,linux,BIC
8ecb1a29e11e24c458ee4ee59447d0ddf8274589,27,15,5,1,linux,BFC
cee236e1489ecca9d23d6ce6f60d126cc651a5ba,49,0,19,1,linux,BIC
52bba9809a954d72bc77773bd560b9724b495eb7,0,4,0,1,linux,BFC
851b09369255a91e77f56d83e3643439ac5b209a,0,0,1,1,linux,BFC
7fe2f6399a84760a9af8896ac152728250f82adb,7998,0,0,46,linux,BIC
b1c41ac3ce569b04644bb1e3fd28926604637da3,0,0,3,1,linux,BFC
ec97d23c8e22c96e8c9cad7d3f93d593abfc8b06,798,0,0,4,linux,BIC
20d29d7a916a47bf533b5709437fe735b6b5b79e,582,0,0,2,linux,BIC
849920c703392957f94023f77ec89ca6cf119d43,2,0,2,1,linux,BFC
8387ee21f972debce15d92e98a37455ae7e035e4,13,0,9,1,linux,BIC
f8cd9f632f4415b1e8838bdca8ab42cfb37a6584,0,0,3,1,linux,BFC
1e75550648da1fa1cd1969e7597355de8fe8caf6,27,85,77,5,linux,BIC
46e831abe864a6b59fa3de253a681c0f2ee1bf2f,0,2,1,1,linux,BIC
1da8c681d5c122afe9fbadc02e92a0f9e3f7af44,0,2,5,3,linux,BFC
073570dcb5687f6dd0bbc541f68c03c08a57ec58,0,2,0,1,linux,BFC
98f5f932254b88ce828bc8e4d1642d14e5854caa,6,0,1,1,linux,BFC
523e594d9cc03db962c741ce02c8a58aab58a123,49,0,1,2,linux,BIC
4494346392204ab4387d08eb5e089be8e7e1b74e,0,0,2,1,linux,BFC
b6e8e12c0aeb5fbf1bf46c84d58cc93aedede385,0,0,1,1,linux,BFC
105db5991240cb2675f193589130ef0c8a4f70fe,1,0,3,1,linux,BIC
aeec766133f99d45aad60d650de50fb382104d95,3,0,0,1,linux,BFC
3aec7f871c65eb5f76b4125fda432593c834a6f2,6,0,0,1,linux,BFC
af6219590b541418d3192e9bfa03989834ca0e78,0,0,4,1,linux,BFC
e4788edc730a0d2b26e1ae1f08fbb3f635b92dbb,7,3,7,2,linux,BFC
e698aaf37f9fac419ac6c1867137cce83c90c80b,0,0,2,1,linux,BFC
4001d7b7fc271052ebff43f327c26dc64806bbdf,31,9,28,2,linux,BIC
f89672cc3681952f2d06314981a6b45f8b0045d1,0,0,1,1,linux,BFC
1dd5b6f2020389e75bb3d269c038497f065e68c9,3,0,1,1,linux,BFC
1fd24a4702d2af0ea4d5845126cf57d4d1796216,0,0,1,1,linux,BFC
0356e6283c7177391d144612f4b12986ed5c4f6e,650,0,22,2,linux,BIC
11ecf8c55b91806e4dc6a1b9fe7cbf68cdc9b006,247,0,0,3,linux,BIC
fc96256c906362e845d848d0f6a6354450059e81,3,1,1,1,linux,BFC
b70765463665e26cfc44359547923fdfd1d75b62,53,55,3,4,linux,BFC
9f79b78ef74436c7507bac6bfb7b8b989263bccb,58,0,35,1,linux,BIC
3c9fa24ca7c9c47605672916491f79e8ccacb9e6,12,0,14,3,linux,BFC
b416e872be06fdace3c36cf5210130509d0f0e72,0,0,1,1,linux,BFC
330567b71d8716704b189454553c2696e1eceb6c,2,0,2,1,linux,BFC
e950564b97fd0f541b02eb207685d0746f5ecf29,4,0,2,1,linux,BIC
67fba3f1c73b83569d171ae1fa463a537bbfe0a8,4,0,10,3,linux,BFC
9e210178267b80c4eeb832fade7e146a18c84915,10,0,13,3,linux,BIC
c8692ad416dcc420ce1b403596a425c8f4c2720b,0,0,2,1,linux,BFC
7d6475051fb3d9339c5c760ed9883bc0a9048b21,27,6,10,1,linux,BFC
8267d8fb4819afa76b2a54dca48efdda6f0b1910,0,0,1,1,linux,BFC
68f23b89067fdf187763e75a56087550624fdbee,11,3,18,4,linux,BIC
0d4fad3e57df2bf61e8ffc8d12a34b1caf9b8835,39,0,2,5,linux,BIC
63238173b2faf3d6b85a416f1c69af6c7be2413f,0,6,0,1,linux,BIC
130d1f956ab367bab855336279afa3b19acdc9a1,2,23,9,7,linux,BIC
492adcf481292521ee8df1a482dc12acdb28aa15,2,0,3,1,linux,BFC
454fa271bc4e71090ef55087027c3f8701fadc5b,619,0,0,1,linux,BIC
aac426562f568520b674f0d5ae3929977be9f1c0,47,0,0,1,linux,BIC
362b646062b2073bd5c38efb42171d86e4f717e6,12,0,1,1,linux,BIC
66f92bcff0f90405150f685e4ef78fd548275f10,0,0,1,1,linux,BFC
9e3ecb5b16818abd0bc5f3997cf4d641a710f837,266,0,0,1,linux,BIC
c779e849608a875448f6ffc2a5c2a15523bdcd00,53,63,41,12,linux,BIC
f946964a9f79f8dcb5a6329265281eebfc23aee5,1,0,0,1,linux,BFC
6bba2e89a88cd37d87a1a60dbcfc5ef73059bc48,0,23,2,4,linux,BIC
7001ec560a82d1cc2ba5c0c9ac1f7fcca820b27e,39,0,26,1,linux,BFC
17f2142bae4b6f2e27f19ce57d79fc42ba5ef659,2,85,56,2,linux,BIC
12c255b5dad115e87f81ea45708b5f82b9a55253,127,61,130,12,linux,BIC
1e293d1ae88cd0e2a0ad4c275f5dc2d8ae7b4387,0,0,1,1,linux,BFC
9558f2500a2028ffc05cfd8fceaa0fe0a0a3804e,9,0,0,1,linux,BIC
e8b74035d8032dd8cc8fe8ff6eaecb20827227c2,1,0,0,1,linux,BFC
ae56942c14740c2963222efdc36c667ab19555ef,4,2,17,2,linux,BFC
f09ce741a03ad7de591aa47e760fbeee28567b63,20,55,10,4,linux,BIC
1e1c50a929bc9e49bc3f9935b92450d9e69f8158,1,0,0,1,linux,BFC
25f269f17316549e026c5dd0db7526411a504de6,7,6,34,1,linux,BIC
e7d65803e2bb5bc739548b67a5fc72c626cf7e3b,23,0,1,3,linux,BIC
dbc4f989c878fe101fb7920e9609e8ec44e097cd,0,3,18,1,linux,BIC
d09c548dbf3b31cb07bba562e0f452edfa01efe3,3,0,0,1,linux,BFC
4f2b30fd9b4bd6e3620fe55786df7fc5f89ad526,14,0,1,1,linux,BFC
506de00677b84dfc6718cbbd3495b1d90df5d098,0,0,1,1,linux,BFC
405e2f98637d79b17434afc2596f5a49f418cc72,23,2,1,1,linux,BFC
d24458e43b103c7eb7b2fd57bcac392fd7750438,0,0,1,1,linux,BFC
0959bc4bd4206433ed101a1332a23e93ad16ec77,10,0,11,1,linux,BFC
c8907043c6ac9ed58e6c1a76f2824be714b42228,173,155,1,5,linux,BIC
06392e3b21a20e66b668cd58d28f6b8ff920ef17,0,0,1,1,linux,BFC
e78bf0dc4789bdea1453595ae89e8db65918e22e,96,0,16,4,linux,BFC
e8cb909ac3abbcac5184825638903a2b9a225725,40,0,11,1,linux,BIC
45a4521dcbd92e71c9e53031b40e34211d3b4feb,4,0,5,1,linux,BFC
d939cd96b9df6dcde1605fab23bbd6307e11f930,1,0,0,1,linux,BFC
e31abf76f4d4d3202ca16b9668b11178df23d473,0,0,2,1,linux,BFC
399c01aa49e548c82d40f8161915a5941dd3c60e,25,9,1,1,linux,BFC
231147ee77f39f4134935686e9d7e415bdf48149,2,0,7,1,linux,BIC
ddb826c2c92d461f290a7bab89e7c28696191875,0,6,3,1,linux,BFC
7fedb63a8307dda0ec3b8969a3b233a1dd7ea8e0,27,12,17,1,linux,BIC
2bb9f7566ba7ab3c2154964461e37b52cdc6b91b,1,0,3,1,linux,BFC
07a9da51b4b6aece8bc71e0b1b601fc4c3eb8b64,37,15,6,4,linux,BIC
904b296f308dc70d5560a2b4311bbe255de12fd7,50,27,18,1,linux,BIC
81dedaf10c20959bdf5624f9783f408df26ba7a4,0,6,0,1,linux,BFC
402e0b8cd00284a25c6eb8c0a43319bc8430b1c7,0,0,1,1,linux,BFC
3a65bcdc577a338712c2eaefc194909de79d4982,12,2,10,1,linux,BIC
dcbaf72aa4232a7aa5db5e483972a6fe4ba2b41c,0,5,1,2,linux,BFC
076437c9e360737c85d443bbf81d5ea02b3d182d,23,19,4,8,linux,BIC
0fc4dd452d6c14828eed6369155c75c0ac15bab3,2,0,1,1,linux,BFC
aba120cc101788544aa3e2c30c8da88513892350,11,0,12,1,linux,BFC
727ba748e110b4de50d142edca9d6a9b7e6111d8,11,0,2,1,linux,BIC
8700e3e7c4857d28ebaa824509934556da0b3e76,12979,0,0,32,linux,BIC
dc3632a1adf51d34dcaf708a4f686d9ce29d53b3,23,0,1,2,linux,BFC
3717ca3e0cc8683f93b41d3f06ca79631eb58715,0,0,1,1,linux,BFC
623da5ca70b70f01cd483585f5cd4c463cf2f2da,0,0,3,2,linux,BFC
9797484ba83d68f18fe1cbd964b7cd830f78f0f7,15,0,0,1,linux,BFC
4743f83990614af6adb09ea7aa3c37b78c4031ab,16,14,0,1,linux,BIC
a2c21668a0fe6640bd6b3069bb569e3b201ef92d,0,0,1,1,linux,BFC
d7fb38ae36a2dc97924b075ad1d1a88792777ea9,1,0,0,1,linux,BFC
3cb96f0c97330834929abe9bd2ca3c252a83def0,140,36,27,3,linux,BIC
549af00833028b5803528553a4743e0cd1fdbee9,21,19,35,3,linux,BFC
eb252c3a24fc5856fa62140c2f8269ddce6ce4e5,3,0,2,1,linux,BFC
57f5ef14a5ffbf4bad7d761e844efede21a1c975,0,1,0,1,linux,BFC
280ffdb6ddb5de85eddd476a3bcdc19c9a80f089,46,0,7,1,linux,BFC
460181217a2496defc6c279b0a7eb810b05b9145,14,0,1,1,linux,BIC
cb4bfda62afa25b4eee3d635d33fccdd9485dd7c,0,1,1,1,linux,BIC
190eda1a9dbc47409073bec79b81f362e21973b6,1,0,0,1,linux,BFC
7c94a8b2ee8cfe915f332575566b4870976ab8f4,863,0,0,1,linux,BIC
fe557319aa06c23cffc9346000f119547e0f289a,16,0,121,49,linux,BIC
9415743e4c8a029bfa46654e3a0a681a8db473f8,28,0,0,1,linux,BIC
b3528b4874480818e38e4da019d655413c233e6a,2,0,1,1,linux,BIC
3966922548f0ea297a219c5a1c548058d2bd59f6,3,4,0,1,linux,BFC
2f3877d609e7951ef96d24979eb9d163f1f004f8,0,0,5,1,linux,BFC
a0a5ac3ce8fe6bf26694f49f9ba42ed859487424,0,8,12,1,linux,BIC
d7aefb2887601cf1fc3f86f55d43b2c9aece5e8f,0,0,2,1,linux,BFC
073db4a51ee43ccb827f54a4261c0583b028d5ab,5,0,0,1,linux,BIC
159133c8247295750320292ac7749e79603ef2e9,2,0,2,1,linux,BFC
ad3f993a0857ad3b792e7463828eb0d90cdd6f4d,1,0,2,1,linux,BFC
3149efcdf2c6314420c418dfc94de53bfd076b1f,9,0,2,1,linux,BFC
a1f091f8ef2b680a5184db065527612247cb4cae,2,15,41,8,linux,BIC
010fd37fddf659ea7525b1191381e6f8c3ccab14,3,8,4,3,linux,BIC
909dadf21aae8f7e604973218907ed39e10499e6,826,898,89,2,linux,BIC
154d0c810c539cd4de84de07192930cce91b2565,311,16,96,8,linux,BIC
e1502ba41699736c578ba9d61ae6285d49f6921b,0,0,1,1,linux,BFC
5a1e59533380a3fd04593e4ab2d4633ebf7745c1,0,0,1,1,linux,BFC
d5ad78436a8829c9951d82b1b0bdec761dbabfa9,2,0,0,1,linux,BFC
2680d6da455b636dd006636780c0f235c6561d70,4,0,5,1,linux,BFC
6cca22ede8a448d341b3e4565943f54bd8b8dcd0,299,0,0,2,linux,BIC
c8729cac2a11e4bc170f5d0041d5561bb7fe82a0,111,23,24,5,linux,BIC
f363938c70a04e6bc99023a5e0c44ef7879b903f,2,0,6,1,linux,BFC
ce682ef6e3e019f98cafbdc7058668e0ea8f4a13,0,4,11,1,linux,BFC
fc37a3b8b4388e73e8e3525556d9f1feeb232bb9,1,0,5,1,linux,BIC
36356a669eddb32917fc4b5c2b9b8bf80ede69de,4,0,1,1,linux,BFC
30b8feb730f9b9b3c5de02580897da03f59b6b16,30,0,19,1,linux,BIC
6bf74cddcffac0bc5ee0fad724aac778d2e53f75,2,0,0,1,linux,BFC
a23dae79fb6555c808528707c6389345d0b0c189,0,0,1,1,linux,BFC
26112ddc254c98681b224aa9ededefc01b6e02d2,12,0,0,1,linux,BFC
960f428ca0a04a59e74639571126245a3efc4bcf,2,0,2,1,linux,BFC
1e2ef05bb8cf851a694d38e9170c89e7ff052741,17,6,6,1,linux,BIC
3e9ad24b0e91c066311a958afbd6210dda8a43eb,0,40,8,2,linux,BFC
a8cf7f272b5a28a62ecfc39d6f7d75b4f486e350,24,1,8,2,linux,BIC
611d23c559a328ca3f84ac120c02d5a9f88c08f5,0,0,2,1,linux,BFC
3243ff2a05eca0437e633355628a0f3606b931ef,0,5,2,1,linux,BIC
f92055ae0acb035891e988ce345d6b81a0316423,0,0,1,1,linux,BFC
707e7e96602675beb5e09bb994195663da6eb56d,1,0,2,2,linux,BIC
2d172691515961cad2abb4bf1b15d187bf2106cf,1029,0,0,3,linux,BIC
381ba6a6baf104b572379c6b2deab884555104d4,0,0,1,1,linux,BFC
5c756065e47dc3e84b00577bd109f0a8e69903d7,1,0,0,1,linux,BFC
f155d15b64e36b45ca89e3521fe0c1ccad5e5ff0,1,0,4,1,linux,BFC
3d49807870f08d6f3406b77efd94bb3788372162,185,1,16,3,linux,BIC
d07c849cd2b97d6809430dfb7e738ad31088037a,22,0,2,1,linux,BFC
f8e579f3ca0973daef263f513da5edff520a6c0d,0,0,1,1,linux,BFC
27cd7e3c9bb1ae13bc16f08138edd6e4df3cd211,2,0,0,1,linux,BFC
ac21753a5c2c9a6a2019997481a2ac12bbde48c8,8,9,5,1,linux,BFC
f39b683d35dfa93a58f1b400a8ec0ff81296b37c,1,0,1,1,linux,BFC
5a3cf86978a1ac433407704ec280919751aa2699,0,0,4,2,linux,BFC
39cb9faa5d46d0d0694f4b594ef905f517600c8e,3,0,0,1,linux,BFC
507b460f814458605c47b0ed03c11e49a712fc08,100,0,0,4,linux,BIC
0b8d616fb5a8ffa307b1d3af37f55c15dae14f28,8,0,11,1,linux,BFC
b0b59b0056acd6f157a04cc895f7e24692fb08aa,1,0,0,1,linux,BFC
2a38c0f10e6d7d28e06ff1eb1f350804c4850275,0,0,1,1,linux,BFC
67b12f792d5eaeb8b4fca3b2053e6b819eb3bf0f,0,4,3,1,linux,BFC
e2a33c34ddff22ee208d80abdd12b88a98d6cb60,17,0,5,1,linux,BFC
e8e4f5280ddd0a7b43a795f90a0758e3c99df6a6,47,0,1,4,linux,BIC
97fce126e279690105ee15be652b465fd96f9997,20,2,1,4,linux,BFC
2a71fabf6a1bc9162a84e18d6ab991230ca4d588,1,0,0,1,linux,BFC
72a58a63a164b4e9d2d914e65caeb551846883f1,4,0,0,1,linux,BFC
c48f64ab472389df6f48171899c9d337adfadc5b,34,1,3,3,linux,BIC
6f0078ae704d94b1a93e5f3d0a44cf3d8090fa91,16,0,12,1,linux,BFC
bea0c5c942d3b4e9fb6ed45f6a7de74c6b112437,3,0,2,1,linux,BFC
a02e8964eaf9271a8a5fcc0c55bd13f933bafc56,33,0,0,1,linux,BIC
8e74475b0e0ac2fd3634f3c1b9a109fb1d6269f7,11,4,1,1,linux,BIC
05559f10ed797b79f7fa47313682c48919a2b111,95,0,4,3,linux,BIC
bb8c13d61a629276a162c1d2b1a20a815cbcfbb7,29,15,12,1,linux,BIC
ce2e6db554fad444fa0b3904fc3015336e0ef765,51,0,6,1,linux,BIC
49a10c7b176295f8fafb338911cf028e97f65f4d,2,0,0,1,linux,BFC
1b80fec7b043552e01609bae7d0aad07aa742adc,3,0,1,1,linux,BFC
8b3dd882bfd2cf00da986bb0cf5c607e23c0f110,1,4,8,1,linux,BFC
d3a569fccfa087ac685b17fc378547846891e7b4,91,1,2,2,linux,BIC
f50e5d670c622349277a46996a70386cc3661b10,2,0,1,1,linux,BFC
93be1bae759e1c9d610835469c631913bfa42001,0,1,0,1,linux,BFC
e1262cd2e68a0870fb9fc95eb202d22e8f0074b7,2,0,1,1,linux,BFC
5327c7dbd1a7fd980608f44789076a636e5ee5fc,4,1,1,2,linux,BFC
f9929f69de94212f98b3ad72a3e81c3bd3d333e0,0,0,1,1,linux,BFC
da2f0f74cf7d074e5a8918c8efdf6aba4a989b4a,24,0,4,5,linux,BIC
19fe43a54fb67b6cc8857e65c78e1dc8aa2e97a3,0,0,2,1,linux,BFC
801a6e0af0c6cedca2e99155e343ad385a50f08e,197,0,7,5,linux,BIC
454911333b1d86e1d58a557be271bc6b7e9e7f10,0,0,1,1,linux,BFC
34acb833cc83bdea912a160ff99b537e62bb4cf3,53,0,7,1,linux,BFC
4c3bb4ccd074e1a0552078c0bf94c662367a1658,7,0,2,1,linux,BFC
af2984e9e6251fb51fa86a0f1e1cfa9ce7088a7c,48,0,2,3,linux,BIC
2539fc82aa9b07d968cf9ba1ffeec3e0416ac721,8,1,0,1,linux,BFC
897fab7a726aa461ad0dcda7c345d5261bb6a0ca,1,0,2,1,linux,BFC
dbaf788e710d1f65340c5f46a706fee5b634493c,1,0,0,1,linux,BFC
9eca53508a157c6b6fdb6e06796902cf8a920d29,2,1,4,1,linux,BFC
29b0b5d56589d66bd5793f1e09211ce7d7d3cd36,0,5,16,1,linux,BFC
c7821c2d9c0dda0adf2bcf88e79b02a19a430be4,6,0,7,1,linux,BFC
a51645f70f6384ae3329551750f7f502cb8de5fc,0,0,45,45,linux,BIC
7443dcd1f1718a355e9c4ebeb7e95c3f9f27bb5f,100,0,0,3,linux,BIC
479c03a7173d07b2967f9b521159271543d99e2f,3,0,5,1,linux,BFC
b8720ed0b87d32c269b41146718253fed7cf3c59,0,46,2,2,linux,BIC
6960b0d909cde5bdff49e4e5c1250edd10be7ebd,8,7,6,2,linux,BIC
a8b92b8c1eac8d655a97b1e90f4d83c25d9b9a18,0,0,2,1,linux,BFC
f10e4bf6632b5be11cea875b66ba959833a69258,0,34,1,1,linux,BIC
3faf5246f0cd2c1fe82a2c4ba5ad857fa6941909,0,0,1,1,linux,BFC
a915deaa9abe4fb3a440312c954253a6a733608e,1,0,1,1,linux,BFC
c72efb658f7c8b27ca3d0efb5cfd5ded9fcac89e,3,0,1,1,linux,BFC
5a51fcd1f30c0f93bb54cec7201a3690032470cb,17,0,7,1,linux,BIC
bc3410f250219660a7be032c01c954a53b2c26ab,3,0,0,1,linux,BFC
72f669c0086fbbbbebc92ce7390125722c4c0ec5,4,4,0,1,linux,BIC
5bbb71cda6da51d5dd1ca6efd7e0626ad3e2f669,5,0,4,1,linux,BFC
417b9c51f59734d852e47252476fadc293ad994a,0,1,0,1,linux,BFC
1090340f7ee53e824fd4eef66a4855d548110c5b,5,0,1,1,linux,BFC
56d99e81ecbc997a5f984684d0eeb583992b2072,0,15,1,1,linux,BFC
f8d858e607b2a36808ac6d4218f5f5203d7a7d63,8,3,17,2,linux,BFC
885848186fbc2d1d8fb6d2fdc2156638ae289a46,15,21,2,1,linux,BFC
9abc2a08a7d665b02bdde974fd6c44aae86e923e,18,59,25,2,linux,BIC
e0c755a45f6fb6e81e3a62a94db0400ef0cdc046,3,0,4,1,linux,BFC
d15ec0b482ff502e4e19e43d15aa5072e4290199,0,0,1,1,linux,BFC
9e2c2e27301266dee805dda2e6d171931d752087,206,0,1,4,linux,BIC
9d89c257dfb9c51a532d69397f6eed75e5168c35,15,260,234,5,linux,BIC
b76889ff51bfee318bea15891420e5aefd2833a0,0,44,4,1,linux,BFC
68cd6e5b206b21ff5226c806c55fd8c718d5bde5,47,18,56,5,linux,BIC
7fa294c8991ce0ed4e713f08209eb2ce3e1044ac,3,0,4,1,linux,BIC
3a84fd1ed53582b31e843a152ee3219e9e4ccb8c,0,0,5,3,linux,BFC
b7306b42beaf6abdbcb49849b5254ad06321abd1,12,0,1,2,linux,BIC
e7868a85e1b26bcb2e71088841eec1d310a97ac9,1,0,3,1,linux,BIC
f9c34bb529975fe9f85b870a80c53a83a3c5a182,37,39,4,5,linux,BIC
d9ff1096a840dddea3d5cfa2149ff7da9f499fb2,0,0,1,1,linux,BFC
d3d3fdcc4c90fed42b400999721a5b535a310533,82,0,0,2,linux,BIC
9e4dde28e9cd34ee13a6b7247f0857fb49fd3f19,94,17,16,10,linux,BIC
e6652a8ef3e64d953168a95878fe29b934ad78ac,3,3,1,1,linux,BFC
37dcc673d065d9823576cd9f2484a72531e1cba6,3,0,0,1,linux,BFC
6f553912eedafae13ff20b322a65e471fe7f5236,1,0,1,1,linux,BFC
d70127e8a942364de8dd140fe73893efda363293,0,1,0,1,linux,BFC
f346e96267cd76175d6c201b40f770c0116a8a04,3,2,0,1,linux,BIC
57822dc6b9cfeb5300e467ff83d8371aead90047,256,65,7,6,linux,BIC
d8099feda4833bab96b1bf312e9e6aad6b771570,114,30,23,5,linux,BIC
830cbe4b7a918613276aa3d3b28d24410623f92c,10,0,0,1,linux,BFC
2eb9d8cbb3c3d4458223d3399a2a53a922e37ce8,0,0,1,1,linux,BIC
a998d4342337c82dacdc0897d30a9364de1576a1,7,0,17,1,linux,BIC
db7d4d7f40215843000cb9d441c9149fd42ea36b,15,0,3,1,linux,BFC
725262d29139cc8dd0c7dddbbd097c02361d0e5e,443,0,0,1,linux,BIC
aeac4554eb549037ff2f719200c0a9c1c25e7eaa,0,0,4,1,linux,BFC
e02f9aa6119e0a5a32b4d08e2c26f6b1381dc8a2,156,0,5,1,linux,BIC
d4d50710a8b46082224376ef119a4dbb75b25c56,23,3,10,2,linux,BIC
336306790b2bbf7ce837625fa3b24ba724d05838,3,0,1,1,linux,BFC
1680939e9ecf7764fba8689cfb3429c2fe2bb23c,0,0,1,1,linux,BFC
2197e9b06c228b65a2cef98ef34d6bf42fa1af3d,0,5,16,1,linux,BIC
a0f160ffcb83de6a04fa75f9e7bdfe969f2863f7,534,0,0,1,linux,BIC
1b704c4a1ba95574832e730f23817b651db2aa59,23,0,8,3,linux,BFC
54659ca026e586bbb33a7e60daa6443a3ac6b5df,5,14,19,5,linux,BIC
a6618f4aedb2b60932d766bd82ae7ce866e842aa,0,0,2,1,linux,BFC
fa19a6e9d0e7b46bedaa526ba71ff1bf376dd93f,1,0,1,1,linux,BFC
6685c5e2d1acae8e7d3b63b1a205f58420ce7150,105,13,26,2,linux,BIC
a6111d3c93d05bfaf3fbf70ed2a0b84cb0d65406,2,0,0,1,linux,BIC
771b53d033e8663abdf59704806aa856b236dcdb,889,0,4,4,linux,BIC
0e545f57b708630c54c8c5c24ea7f7034f6c40d9,111,0,0,1,linux,BIC
323af6deaf70f204880caf94678350802682e0dc,19,9,2,1,linux,BIC
9ba1e224538a021b989302bb2777abc7a3b3ec79,17,0,13,2,linux,BIC
a7057270c280a5904d747f40e53b5402e7dddc0e,82,0,5,1,linux,BIC
4e2f42aa00b67605938173a61d07a44fe13bad68,614,0,0,1,linux,BIC
e139862eeec985d7139b11b09deeb9a32e3f3af2,0,0,2,1,linux,BFC
39d5534b1302189c809e90641ffae8cbdc42a8fc,0,0,1,1,linux,BFC
1f687edee2aed32586b4f5959b26da401026b6b3,0,0,1,1,linux,BFC
7fc48fd6b2c0acacd8130d83d2a037670d6192d2,0,1,2,1,linux,BFC
8cb68751c115d176ec851ca56ecfbb411568c9e8,0,4,7,1,linux,BIC
ceb8a12ff2d4b085f7cee1ac44523ee63ce51e20,0,0,1,1,linux,BFC
70fe2f48152e60664809e2fed76bbb50c9fa2aa3,18,0,1,2,linux,BIC
81c85ec15a1946f2e347ec0bf66936121eb97ce7,39,0,0,1,linux,BIC
aacbe27e82f01f6e0e3c2ab859d51d0823604ec8,17,13,4,1,linux,BIC
9408f3d321ed2286b9722bceff08ca28b741c026,0,0,1,1,linux,BFC
c0fde870d96e42bbdcc0d9af7ae5e190c767aab8,5,0,1,1,linux,BFC
c80dfd9bf54e178207b7bd124b0dd5e2453b87fe,378,0,0,2,linux,BIC
a3a9384a115756e275ed3845b5f92f21efd5a691,21,0,2,3,linux,BIC
b2357839c56ab7d06bcd4e866ebc2d0e2b7997f3,14,4,8,1,linux,BFC
b0310c2f09bbe8aebefb97ed67949a3a7092aca6,92,0,9,6,linux,BIC
1e64d7cbfdce4887008314d5b367209582223f27,0,3,0,1,linux,BFC
28785f70ef882e4798cd5706066a55dbf7adf80e,0,0,1,1,linux,BFC
8a70aeca80c2425b60ff821140b5b5c141e28ba1,1,3,5,1,linux,BIC
abb860ac7e3f022a233f34b12d035d49abfc114d,0,0,1,1,linux,BFC
9e077b52d86ac364a295b05c916c7478a16865b2,9,0,0,1,linux,BIC
016ff72bd2090903715c0f9422a44afbb966f4ee,12,12,3,3,linux,BFC
0465337c5599bbe360cdcff452992a1a6b7ed2d4,2,0,2,1,linux,BFC
63b48c73ff567bbab1f940d6e8f3f48607077a13,63,0,1,2,linux,BIC
f6396341194234e9b01cd7538bc2c6ac4501ab14,5,0,0,1,linux,BIC
5afb6d203d0293512aa2c6ae098274a2a4f6ed02,2,0,1,1,linux,BFC
5e35dc0338d85ccebacf3f77eca1e5dea73155e8,9,0,0,1,linux,BIC
dccfe2548746ca9cca3a20401ece4cf255d1f171,6,8,8,1,linux,BFC
0642bac7da4240912c3e923a7d1c47af3dd89b9d,206,0,2,1,linux,BIC
9b8303fc6efa724bd6a90656434fbde2cc6ceb2c,0,0,1,1,linux,BFC
99cbd064b059f222c8839ba433a68b2d6ee33066,278,6,9,2,linux,BIC
694833ee00c4c56b3fc902515b7685a4186fe502,13,0,0,1,linux,BIC
77821b4678f93b0b45870c04b7c06c364ed090de,25,0,2,1,linux,BIC
ab5d0b38c0475d6ff59f1a6ccf7c668b9ec2e0a4,76,7,11,4,linux,BIC
ee02950d53eee0d4c7f1c08a35272b77d24b9459,1,0,1,1,linux,BFC
393dcd1f2b75e50783c805814a96bf6c8e11fe03,0,0,4,1,linux,BFC
e22b5e728bbb179b912d3a3cd5c25894a89a26a2,0,1,1,1,linux,BFC
2f330caff5776239abb3e0337533886dbb21f6df,701,0,0,1,linux,BIC
69aeafeae9b30d797c439a30d1a4ccc8dc5b0eb0,0,0,1,1,linux,BFC
62b14b241ca6f790a17ccd9dd9f62ce1b006d406,3,0,5,1,linux,BFC
dc9e0a9347e932e3fd3cd03e7ff241022ed6ea8a,2,0,4,1,linux,BFC
aaaab56dba9af4fe75461e0ee13231c1a6ea174d,4,0,2,1,linux,BFC
510efb2682b35790b2274639ab985fe385bb526a,15,0,2,1,linux,BIC
c9aeb249bf72edcf1ca28fe301fb3cbb53cb23d8,7,0,1,1,linux,BIC
b12d93d63c3217f0ec923ff938b12a744e242ffa,617,8,3,3,linux,BIC
a099b7b1fc1f0418ab8d79ecf98153e1e134656e,4,0,1,1,linux,BFC
cd8dd032f61abeb08d2c03bab4968a9de231a1be,3,1,2,1,linux,BFC
cdf6428dd518435a05739abf7659589de30970f4,18,0,0,1,linux,BFC
2a1d7eb854bb7737b4927f3266ba169dbb4aeae3,3588,0,0,1,linux,BIC
a1c2f7e7f25c9d35d3bf046f99682c5373b20fa2,0,10,0,1,linux,BFC
66eb02d839e8495ae6b612e2d09ff599374b80e2,0,0,1,1,linux,BFC
5c04243a56a7977185b00400e59ca7e108004faf,0,0,1,1,linux,BFC
70b62c25665f636c9f6c700b26af7df296b0887e,6,6,1,3,linux,BIC
2c9f046bc377efd1f5e26e74817d5f96e9506c86,1,0,4,1,linux,BFC
30aad41721e087babcf27c5192474724d555936c,18,0,0,2,linux,BIC
e0910bace663b78c026b73bbd711a24ccf410531,0,6,0,1,linux,BFC
853a9ae29e978d37f5dfa72622a68c9ae3d7fa89,27,0,6,4,linux,BFC
71e1cef2d794338cc7b979d4c6144e1dc12718b5,2,3,2,1,linux,BFC
898dfe4687f460ba337a01c11549f87269a13fa2,8,17,13,1,linux,BFC
a6aaa00324240967272b451bfa772547bd576ee6,6,13,3,3,linux,BIC
854d66df74aed25cabb25e8224179374b5d5ecbe,11,0,0,1,linux,BIC
b6e8d4aa1110306378af0f3472a6b85a1f039a16,2444,0,0,2,linux,BIC
dadbb0aa363bf1233f75cab23977add69d197e23,15,0,0,2,linux,BFC
e36488c83b6d871b35dd555afb2d434bd61687cf,0,0,1,1,linux,BFC
bcff24887d00bce102e0857d7b0a8c44a40f53d1,9,0,3,1,linux,BIC
6f779e1d359b8d5801f677c1d49dcfa10bf95674,1,0,1,1,linux,BFC
1cdb4c47f7f501e51006fdb4d36c528ed30de9a8,809,0,0,1,linux,BIC
cfcadfaad7251d8b640713724b388164d75465b2,17,0,6,1,linux,BFC
de5bf19414fec860168f05d00d574562bd9d86d1,4,0,1,1,linux,BFC
13a9a9d74d4d9689ad65938966dbc66386063648,0,0,1,1,linux,BFC
90f80d95992f3f08dcc10682a2b1a5ee6d3781a4,0,0,3,4,linux,BIC
7af037c39b600bac2c716dd1228e8ddbe149573f,16,0,2,2,linux,BFC
81a60b7f5c143ab3cdcd9943c9b4b7c63c32fc31,0,0,1,1,linux,BFC
fb5924fddf9ee31db04da7ad4e8c3434a387101b,2,0,0,1,linux,BIC
43ec0f41fa73cc4d4f8a67e56fb398eff6881841,773,618,102,16,linux,BIC
c55e28a8b43fcd7dc71868bd165705bc7741a7ca,1,0,1,1,linux,BFC
2f663527bd6aa94763aafd3a22332903815fbf81,21,14,14,1,linux,BIC
65d4801ae44e842cddca60278cfe299e1c2417c3,0,4,2,1,linux,BFC
c23837ce73a0cb84ab046a6c0aace30fdd1e26f0,1,0,0,1,linux,BFC
bda7bb46343647f68591366731295a0f3eea59ed,239,123,28,3,linux,BIC
743e1c8ffe4ee5dd7596556dcc3f022ccde13d7b,1785,0,0,1,linux,BIC
e271c7b4420ddbb9fae82a2b31a5ab3edafcf4fe,5,0,1,1,linux,BFC
eaad45132c564ce377e6dce05e78e08e456d5315,1,0,1,1,linux,BFC
ce4586063f1af780b1c6b7e344907e6f9c1ba59a,1,0,0,1,linux,BFC
effd924d2f3b9c52d5bd8137c3803e83f719a290,290,88,17,4,linux,BIC
ce202cbb9e0b623671e8ecb3d53afdd42b8e458f,0,0,2,1,linux,BIC
8e0c7e486014f8e924f5dc8f7a8719adb48f9d92,0,0,1,1,linux,BIC
780476488844e070580bfc9e3bc7832ec1cea883,0,0,2,2,linux,BFC
07136793ccad877727afada2b0c926031f10cf52,57,0,4,1,linux,BFC
392369019eb96e914234ea21eda806cb51a1073e,9,6,4,1,linux,BFC
d720d8cec563ce4e4fa44a613d4f2dcb1caf2998,0,9,0,1,linux,BFC
c2dc3e5fad13aca5d7bdf4bcb52b1a1d707c8555,3,0,2,2,linux,BFC
edd066a10090773e18a2095455ad793c73d022b4,0,2,0,1,linux,BFC
9c2d63b843a5c8a8d0559cc067b5398aa5ec3ffc,11,7,5,1,linux,BFC
59b57717fff8b562825d9d25e0180ad7e8048ca9,88,2,6,3,linux,BFC
635e5e73370e7a5974c09b86cccd96e562bfeee8,381,0,0,1,linux,BIC
351131b51c7a27daf0fbdce80b619b8d130374c6,1353,0,0,2,linux,BIC
3a670cc79342c36d308decd5f90351830ed1685c,327,0,1,1,linux,BFC
2202e1fc5a29eab13fab31d287dd2019dc9edaa6,15,0,12,1,linux,BIC
87508224485323ce2d4e7fb929ec80f51adcc238,12,0,1,1,linux,BFC
83f8fd69af4f62136765b60fd0efa1c9167917c5,410,3,13,1,linux,BIC
83a95df04bee77c74df5151c961b19d870a70180,12,0,3,1,linux,BFC
c0f83d164fb8f3a2b7bc379a6c1e27d1123a9eab,13,0,12,1,linux,BFC
997ef6b2627c54f5404c2f444e52c7140d1b6d01,0,0,2,1,linux,BFC
5b48ba2fbd77bc68feebd336ffad5ff166782bde,0,0,10,1,linux,BFC
d08faca018c4618068e54dfef4f1d71230feff38,28,0,6,1,linux,BIC
5611ef280d814042825ee17688f5751266fc538b,1,0,0,1,linux,BFC
86a4e84a9d5247daa2eafef05078ae9f3e003bf1,0,0,1,1,linux,BFC
8f4f9a3b3a0b733f8fd102f9e0843cad8d055c83,1,0,3,2,linux,BFC
3ffff01749928ea5ffdae2cecad561898c3b0f71,13,0,1,3,linux,BFC
20979202ee6e4c68dab7bcf408787225a656d18e,0,0,1,1,linux,BFC
6bfeb6c21e1bdc11c328b7d996d20f0f73c6b9b0,3,0,1,1,linux,BFC
1b16fffa389dcd4cc054f49e77a4e2ac61e8f287,9,0,5,1,linux,BIC
250ae0d46d857ed61f3e0abf584901e46bd2c638,0,0,1,1,linux,BFC
5b54eddd3920e9f6f1a6d972454baf350cbae77e,0,0,47,1,linux,BIC
0bef1b83d35566e9bc757469c823c126862a65d3,6,0,0,1,linux,BFC
e877b729c649c2850f61f2ae37296ae701f9ad63,2,0,9,1,linux,BFC
cf53902f48c3c7a34c6955f79c8800d1746de52c,18,0,24,5,linux,BIC
80b204bce8f27b52cd65839e0e6144b4452ae3de,54,28,23,10,linux,BIC
bd32889e841c12533d09a1bd02bba932baa9ed8f,79,0,0,3,linux,BIC
4af0699782e2cc7d0d89db9eb6f8844dd3df82dc,0,0,1,1,linux,BFC
ee40fb2e1eb5bc0ddd3f2f83c6e39a454ef5a741,73,25,28,1,linux,BIC
77c34ef1c3194bfac65883af75baf7dec9fa0d77,5,24,12,2,linux,BIC
d644f1c8746ed24f81075480f9e9cb3777ae8d65,2,0,12,2,linux,BFC
3a7d0d07a386716b459b00783b11a8211cefcc0f,49,0,1,5,linux,BIC
e44150157f42219fa5c074588efdb31ccfb197fc,1,0,0,1,linux,BFC
506753b0b40997756d73f841c884a018f52401a0,5,0,2,1,linux,BFC
bb0a2675f72b458e64f47071e8aabdb225a6af4d,1,0,0,1,linux,BFC
a145dd411eb28c83ee4bb68b66f62c326c0f764e,33,0,2,2,linux,BIC
634f9e4631a88025d3b90c1884e9a1b6a13d01d2,6,4,4,3,linux,BIC
1228e912c9343d35b21663af82dea39dd8a575b8,3,0,1,1,linux,BIC
5849cdf8c120e3979c57d34be55b92d90a77a47e,0,0,1,1,linux,BFC
04b38d601239b4d9be641b412cf4b7456a041c67,213,152,41,11,linux,BIC
77da9389b9d5f07d54fda092d1ab56002ec0019a,1,28,65,1,linux,BIC
b389327df90530d47931d0f5616b5cd6abb96c96,90,0,13,3,linux,BIC
b5451d783ade99308dfccdf5ca284ed07affa4ff,0,0,0,3,linux,BIC
c305c94bdc18e45b5ad1db54da4269f8cbfdff6b,0,0,1,1,linux,BFC
61a9f252c1c026f84129a7bfa476e880b75e80eb,3,0,3,1,linux,BFC
390ee7e29fc8e6e90d3065b00afb047c4ee552f9,40,0,0,1,linux,BIC
5ec7d18d1813a5bead0b495045606c93873aecbb,23,8,18,5,linux,BFC
833b441ec0f6f3c57cc2106ef628bb19d8fb0ee2,12,0,0,2,linux,BIC
567ca57faa6266da931679fd4c4eb9863855f804,13,29,3,1,linux,BIC
428bc098635680a664779f26f24fe9197d186172,0,0,1,1,linux,BFC
cf520c64301204afa8272a94cc2e1495a425446a,26,0,1,1,linux,BIC
1bff5abca65d4b9761fcc992ab6288243220003d,8,2,13,1,linux,BFC
f1bddbb3de60872acc2446eee97dbeb0a6d57acb,8,0,4,3,linux,BIC
2f87f33f4226523df9c9cc28f9874ea02fcc3d3f,23,0,12,1,linux,BFC
29ecd78d3b79746fc837b820accb062f6433d5fb,45,0,5,5,linux,BIC
39215846740a9f29ac7dac276f9df98135f39bb0,20,27,8,6,linux,BIC
3d489ac07ed85c4908d864abb77ab1e6f94e0e4b,2,0,1,1,linux,BFC
2e758910832dce99761a29688b33fd77dcbf6f6c,2,3,0,1,linux,BIC
4729ec8c1e1145234aeeebad5d96d77f4ccbb00a,1,0,0,1,linux,BFC
18c955b730002afdb0f86be39c0d202450acbbfc,0,0,2,1,linux,BFC
e3fb3d4418fce5484dfe7995fcd94c18b10a431a,1,0,3,1,linux,BFC
23d9cec07c589276561c13b180577c0b87930140,1,0,3,1,linux,BIC
7c7b3e5d9aeed31d35c5dab0bf9c0fd4c8923206,2,0,1,1,linux,BFC
57f48b4b74e720e88b6d8674ae5d3804a8d03915,7,0,21,1,linux,BIC
4d8e54d2b9d3fb2281677e897e81c6a48489bec2,1,0,0,1,linux,BFC
4929a4e6faa0f13289a67cae98139e727f0d4a97,8,0,14,1,linux,BFC
2c8cec5c10bced2408082a6656170e74ac17231c,24,112,62,1,linux,BIC
86c2786994bd7c0d4b525bbfbe42ac540d0b8166,131,13,20,2,linux,BIC
0c3f061c195ceb891067b6de9e4ecc347c4dea31,7,14,4,4,linux,BIC
e605db801bdeb9d94cccbd4a2f641030067ef008,68,0,1,2,linux,BIC
6c62ce8073daf27ae3fd03b6929d6cea3887eeb2,2,0,4,1,linux,BFC
96c3a239054a367d1a18581384985ab9e97c5ce7,13,0,0,1,linux,BIC
61b674710cd9afa2a8b17bdd1ac80670c9b79f1d,14,0,5,2,linux,BIC
d4046e8e17b9f378cb861982ef71c63911b5dff3,3,0,0,1,linux,BFC
148f284b23061b6de4024423a6606437cc427f1c,0,4,0,1,linux,BFC
f8b8be8a310a55856fd2c369dade08088d85df3b,150,0,4,2,linux,BIC
e66ed86ca6c52488249e95f7b3a6a3d7d6ab5e1e,231,0,0,1,linux,BIC
d7cf52c249d7aa797ea27808e1526604309ec142,1,0,0,1,linux,BFC
b17e5729a630d8326a48ec34ef02e6b4464a6aef,3,0,0,1,linux,BIC
542578c6793698a98cd0b7c77a96b8c6bfdfcb88,170,153,0,8,linux,BIC
6a1afffb08ce5f9fb9ccc20f7ab24846c0142984,5,0,4,1,linux,BFC
72bf75cfc00c02aa66ef6133048f37aa5d88825c,0,0,1,1,linux,BFC
33d69455e402ad45f3c9f8df6af14866454655e7,20,0,0,1,linux,BIC
e09c978aae5bedfdb379be80363b024b7d82638b,34,3,1,3,linux,BIC
da18ab32d78b6414267d3e5c8c9b5ab34a6d3321,0,0,7,1,linux,BFC
93de44eb3fc8c3566f5315b0210630cc361526a7,38,0,5,1,linux,BIC
d3bfe84129f65e0af2450743ebdab33d161d01c9,64,0,16,2,linux,BIC
80a52e1ee7757b742f96bfb0d58f0c14eb6583d0,0,10,1,1,linux,BFC
e70d59700fc32c9249b26acd4120303c497e84f1,42,0,0,2,linux,BIC
6efb4436f7fcc50cc3fb9a113d0f16e3968172b1,2,3,0,1,linux,BFC
e5a6ca27eb72c67533ddfc11c06df84beaa167fa,2,0,2,1,linux,BFC
8ea4484d0c2bb4e2152261943fa1a3522654b1c7,361,0,0,1,linux,BIC
d814567942ff6ac73869052bdb8ca911364e5eb0,0,0,3,1,linux,BFC
116c3f4a78ebe478d5ad5a038baf931e93e7d748,0,0,1,1,linux,BFC
da24a0cc58ed549dbcc3089ba3bb08ef3d7073af,13,0,0,2,linux,BIC
8fc0e3b6a8666d656923d214e4dc791e9a17164a,3,0,0,1,linux,BFC
d27dca4217eb4cbdc3d33ad8c07799dd184873b9,1,0,1,1,linux,BFC
7983a675ba65c5f8dae7532dcd91a40adc237da8,17,11,9,2,linux,BIC
ac5722c1643a2fb75224c79b578214956d34f989,1,0,1,1,linux,BFC
885e89f601a52cc6fb025b009df58ba83d142734,1,0,0,1,linux,BFC
d05377e184fc88e965e20606da93387b8fadf493,3,0,15,1,linux,BIC
684ad537abff987886d63fb3c573eeca40d7f2db,0,0,1,1,linux,BFC
36e2c7421f02a22f71c9283e55fdb672a9eb58e7,8,112,7,3,linux,BIC
26495252fe0d1ebf548c02cb63b51abae5d5e5a3,7,3,10,1,linux,BIC
d821cce8ac4625ceecabb9c9e2420daaf41d41d8,0,0,1,1,linux,BFC
a1ad3b94a7661b643fef2efbc6fc217bd148f462,41,0,22,1,linux,BFC
82d69203df634b4dfa765c94f60ce9482bcc44d6,0,0,1,1,linux,BFC
029b6d1405504984b9d2661110ff1a17467d3426,0,0,1,1,linux,BIC
ba7b6e62f420f5a8832bc161ab0c7ba767f65b3d,39,0,6,1,linux,BIC
ca3fb8821fbc016c8baa3acbe6e8bf9cab684061,0,0,1,1,linux,BFC
d07f0e59b2c762584478920cd2d11fba2980a94a,83,404,129,15,linux,BIC
daf3761c9fcde0f4ca64321cbed6c1c86d304193,6,2,0,1,linux,BFC
3993b112dac968612b0b213ed59cb30f50b0015b,1,1,1,1,linux,BFC
a6da2bbb0005e6b4909472962c9d0af29e75dd06,70,36,11,3,linux,BFC
94158442eb0c66bbb0b733999e108fa26a7673ef,22,26,7,2,linux,BFC
657308f73e674e86b60509a430a46e569bf02846,0,0,1,1,linux,BIC
56b38a1f7c781519eef09c1668a3c97ea911f86b,1,0,10,1,linux,BFC
3d943c9d1cc5ad1825e46291ef5ce627e1b6b660,3,5,6,2,linux,BFC
85467f7da18992311deafdbf32a8d163cb1e98d7,0,0,1,1,linux,BFC
b41fb528dd8784a87414e3af5579674badefa76b,0,0,1,1,linux,BFC
27d5c528a7ca08dcd44877fdd9fc08b76630bf77,10,0,2,4,linux,BIC
405a43cc00471d9f06c58704448f1a43e331826a,0,1,1,1,linux,BFC
c9a368f1c0fbe2e3a21ebf231caeae58b18b2681,2,0,3,2,linux,BFC
7c8e2bdd5f0d990e2398ee3deafc626dd469fc2d,51,0,55,3,linux,BIC
60ff779c4abba37a31bd8624ef45026f7fb1b70c,0,8,2,2,linux,BIC
c98f4822ed7e02ff91fd29707218779718cf60f9,0,0,3,1,linux,BFC
c4e70a87d975d1f561a00abfe2d3cefa2a486c95,0,0,0,1,linux,BIC
9751e8e714872aa650b030e52a9fafbb694a3714,26,0,3,2,linux,BIC
d999ad1079f574be06a8f1701cd24a5dc0ada48c,10,5,1,1,linux,BFC
00a36a1090350995127c2a4bfac6be7fc85b5b81,16,7,0,3,linux,BIC
7bd8830875bfa380c68f390efbad893293749324,0,3,1,1,linux,BFC
281393894af9cc3f9483204475014e89d728987c,1,0,1,1,linux,BFC
f6a07be633018ad516673106afc28b9d6d94548e,19,0,0,1,linux,BIC
62c2a7d969f30163f733c81158254b3095b23e72,55,58,0,4,linux,BIC
2961298efe1ea1b6fc0d7ee8b76018fa6c0bcef2,11,1,23,4,linux,BIC
cc61a1bbbc0ebbda3cc155bcbe164f4609fd62f6,85,5,9,5,linux,BIC
baa73d9e478ff32d62f3f9422822b59dd9a95a21,164,1,9,11,linux,BIC
0349ec19c484ed40dbc725820673df4d94334e8c,0,5,0,1,linux,BFC
73076790e25717b7d452c2eab0bfb118826e5b61,5,0,0,1,linux,BFC
d35c9a029a73e84d84337403d20b060494890570,1,0,1,1,linux,BFC
49b9f431ff0d845a36be0b3ede35ec324f2e5fee,13,0,1,1,linux,BFC
e3d37210df5c41c51147a2d5d465de1a4d77be7a,4,0,1,1,linux,BFC
d87e606373f641c58d5e8e4c48b3216fd9d1c78a,16,30,23,4,linux,BIC
d4436c0dba8d4d780588179a2e192a867d266a10,0,0,1,1,linux,BFC
0ba99ca4838bc75481a4bf0e70bad20b0a5457c7,9,0,1,2,linux,BIC
41b87599c74300027f305d7b34368ec558978ff2,6,0,4,1,linux,BIC
417fc6123b4a60c60b770e756cc3e001d764e480,0,1,2,1,linux,BFC
9f172f6fbd243759c808d97bd83c95e49325b2c9,3,0,12,1,linux,BFC
f8fb3419ead44f9a3136995acd24e35da4525177,0,0,2,1,linux,BFC
ef557180447fa9a7a0affd3abb21ecceb4b5e125,30,0,2,1,linux,BIC
69cf3978f3ada4e54beae4ad44868b5627864884,0,0,1,1,linux,BFC
0a5169add90e43ab45ab1ba34223b8583fcaf675,3,0,5,1,linux,BFC
1aaea8476d9f014667d2cb24819f9bcaf3ebb7a4,2,0,3,1,linux,BFC
d191152f43a5869d7dbb50dd2a7a4b3b8b71f1f0,3,3,1,1,linux,BFC
1a392b3de7c5747506b38fc14b2e79977d3c7770,2,0,1,1,linux,BFC
bf653b78f9608d66db174eabcbda7454c8fde6d5,18,14,3,3,linux,BIC
9153e6b7c85edbc89e874e5c83f86217c53dcfaf,2,7,6,1,linux,BFC
87f9bf24ea840b3fff025a856e7746514ce12bd3,29,0,0,2,linux,BIC
cb7094e848f7bcaa0a4cda3db4b232f08dbf5b78,2,5,2,1,linux,BIC
c55c8edafa91139419ed011f7d036274ce96be0b,183,0,1,4,linux,BIC
ce042c183bcb94eb2919e8036473a1fc203420f9,0,0,2,1,linux,BFC
f0e8cb6106da27039cdc23ecf5b5a776d7c7e66e,323,0,0,2,linux,BIC
5c49ac3ac6562a39baa2aece050a14b661197036,0,1,0,1,linux,BFC
b42279f0165cdfb093718ec368e56dde7e8d80af,0,22,0,4,linux,BIC
d2c997c0f14535eff68d8ed9c2f1c5e100625751,63,0,0,1,linux,BIC
63df6d637e3358e64b43e7a774939f8f963926cb,30,22,94,5,linux,BIC
a42485eb0ee458da3a0df82b0e42ab58ce76be05,3,3,5,1,linux,BIC
bb68922f100e78982515e7593de9fd23b58172d8,1,2,1,1,linux,BFC
2ba0aa2feebda680ecfc3c552e867cf4d1b05a3a,0,1,4,1,linux,BFC
ef99b02b23ef4308057573f76750e661b5aea3e1,0,2,28,1,linux,BIC
a76edc89b100e4fefb2a5c00cd8cd557437659e7,239,0,0,4,linux,BIC
ae6aa16fdc163afe6b04b6c073ad4ddd4663c03b,111,5,8,2,linux,BIC
a2c118bfab8bc6b8bb213abfc35201e441693d55,3,0,2,1,linux,BIC
015eb1b89e959c9349f0a01803fb8ed1ced36f09,4,0,0,1,linux,BFC
5b65c4677a57a1d4414212f9995aa0e46a21ff80,51,32,7,1,linux,BIC
e459dfeeb64008b2d23bdf600f03b3605dbb8152,0,0,1,1,linux,BFC
8f58336d3f78aef61c8023c18546155f5fdf3224,42,0,3,1,linux,BIC
04f00ab2275f60658b5e4996e28f52ab1bc51d75,14,6,0,3,linux,BIC
435c0b87d661da83771c30ed775f7c37eed193fb,0,0,2,1,linux,BFC
b0ea0fa5435f9df7213a9af098558f7dd584d8e8,48,27,120,38,linux,BIC
a962a809e5e45715081fa247726a562b8dbd082a,0,3,3,1,linux,BIC
d60da506cbeb3f1907a740547dd7ef04a93e908e,25,21,6,1,linux,BIC
419dfaed7ccc9533b3f4d88eb6f4997b41f8a4fc,1,0,1,1,linux,BFC
f8d354e821b268c23a6cd548b7154e55c3954496,0,9,8,1,linux,BIC
55be7a9c6074f749d617a7fc1914c9a23505438c,94,0,16,12,linux,BIC
1ef7c99d145c2759308e53bf19f2cc971677680c,1704,0,0,8,linux,BIC
0b60557230adfdeb8164e0b342ac9cd469a75759,10,0,4,1,linux,BFC
c06aa1b438d0ec41f50573a6c95ba09d7927a635,10,0,0,2,linux,BFC
391e982bfa632b8315235d8be9c0a81374c6a19c,4,0,0,1,linux,BFC
3744b5280e67f54579abe92576deec0079242323,35,0,2,4,linux,BIC
1016fc0c096c92dd0e6e0541daac7a7868169903,9,3,7,1,linux,BFC
edd7ceb78296fb1574958991b6655c3c2cedf124,0,4,1,2,linux,BIC
6d7919a7bacf549259d38d118b0207896dac68b5,0,0,35,2,linux,BFC
a264cf5e81c78e2b9918b8b9ef2ace9dde1850df,16,0,2,2,linux,BIC
6964e53f55837b0c49ed60d36656d2e0ee4fc27b,2,0,7,4,linux,BFC
1fbaa02dfd05229312404aaef8bc9317b4ff8750,12,0,0,1,linux,BFC
9aa8b50b2b3d3a70728438a15a0fdd03a6794a84,1041,0,0,1,linux,BIC
8a635ffb142125c6637fe71d5cbce25e7dfa275e,2,0,1,1,linux,BFC
cb8acabbe33b110157955a7425ee876fb81e6bbc,9,10,0,1,linux,BFC
c611990844c28c61ca4b35ff69d3a2ae95ccd486,0,0,3,1,linux,BFC
cc76404feaed597bb4f5234d34d3f49e2d1139bf,0,1,1,1,linux,BIC
e0c57a5c70c13317238cb19a7ded0eab4a5f7de5,4,0,0,1,linux,BFC
33bb63915fee190102cae7d6576bc51a0bc342b2,0,3,1,1,linux,BFC
5b9fedb31e476693c90d8ee040e7d4c51b3e7cc4,0,1,1,1,linux,BIC
227f33beab746aeec4ef3305bd17b1d374df09e7,2,0,1,1,linux,BFC
8d905254162965c8e6be697d82c7dbf5d08f574d,0,2,21,1,linux,BFC
ecc24e72f43735cceab06f4e69aa6ce075a3ae46,612,0,0,1,linux,BIC
ab4d51d47f26f0eb04e90965877a833885cb8aec,14,23,23,1,linux,BFC
369f61bee0f584aee09f0736431eb9b330c98571,12,1,2,2,linux,BFC
1fbd60df8a852d9c55de8cd3621899cf4c72a5b7,2,0,1,1,linux,BIC
13a779de4175df602366d129e41782ad7168cef0,1,0,5,1,linux,BFC
8bb629cfb28f4dad9d47f69249366e50ae5edc25,0,0,5,1,linux,BFC
0ade0b6240c4853cf9725924c46c10f4251639d7,2,4,20,1,linux,BFC
74fe6ba9239497e5fa383a15efa9f5ffc23b11f3,1,3,6,1,linux,BIC
a00cc7d9dd93d66a3fb83fc52aa57a4bec51c517,822,0,18,19,linux,BIC
5bbf32217bf97a58ddda4b27d4f01087fb57d6ba,8,38,73,1,linux,BIC
07928d9bfc81640bab36f5190e8725894d93b659,8,27,4,1,linux,BFC
d8f9da240495b50766239410f9b0c715ca506a67,9,12,82,29,linux,BIC
19d436268dde95389c616bb3819da73f0a8b28a8,29,2,23,10,linux,BIC
741a49a4dc5fd7e61b37b259dde915083c2c5327,6,2,12,4,linux,BFC
af2b7fa17eb92e52b65f96604448ff7a2a89ee99,3,0,0,1,linux,BFC
1253935ad801485270194d5651acab04abc97b36,26,13,24,2,linux,BFC
d8577a4c238f8bd3089bfb428fece97f14eaabad,8,0,0,1,linux,BIC
4c190e2f913f038c9c91ee63b59cd037260ba353,50,0,2,4,linux,BIC
ee879be38bc87f8cedc79ae2742958db6533ca59,1,0,2,1,linux,BFC
7aceaaef04eaaf6019ca159bc354d800559bba1d,0,0,1,1,linux,BFC
ea08aec7e77bfd6599489ec430f9f859ab84575a,4,0,0,1,linux,BFC
cf26deff9036cd3270af562dbec545239e5c7f07,6,0,2,1,linux,BFC
8fd0c1b0647a6bda4067ee0cd61e8395954b6f28,1,0,0,1,linux,BFC
ba3e67001b42626dec862410310d30db586074d5,34,1,28,4,linux,BIC
0e47901d78f0b91901f845c2fc575ae48d8ed395,5,0,3,2,linux,BFC
1a1e5c0f5b84cdfd15735ba1fb0fe4c0da1c831c,0,0,1,1,linux,BFC
a0c8c3372b41002e65dc109d431eb50da002e728,0,0,1,1,linux,BFC
3c0e25d883d06a1fbd1ad35257e8abaa57befb37,7,1,8,1,linux,BFC
d5d8f49b634520a98337fd413eef86da4e63e4fd,157,0,5,1,linux,BIC
6becef7ea04a695f64299238fe13d41e41607469,28,13,18,3,linux,BIC
d795fd322063246f23ca20ba0125cf3ed89cc1d3,553,6,40,5,linux,BIC
63d6d7ed475c53dc1cabdfedf63de1fd8dcd72ee,0,0,1,1,linux,BFC
a9049ff9214da68df1179a7d5e36b43479abc9b8,2,0,0,1,linux,BFC
87fec0514f613f8ac43c01b0bc0bc7072c5d10ae,0,0,4,1,linux,BIC
6f0ce4dfc5a35bcb21f26d5347f4797fdde52810,3,0,0,1,linux,BIC
61b5ff96d252853d199c6d89b43521c01b6bbdf3,12,0,4,1,linux,BFC
a7c490333df3cff5086ddf19a0837529304fa097,14,0,9,3,linux,BIC
f1477219869cc943ef9e0248b308da7b900c65ec,45,18,35,3,linux,BIC
9012c9544eeac485b2193fea721233907f0847fa,461,0,0,1,linux,BIC
54afbec0d57f322127e3886b04fe4fd860519bfb,251,0,0,1,linux,BIC
620239d9a32e9fe27c9204ec11e40058671aeeb6,10,0,3,1,linux,BFC
79396934e289dbc501316c1d1f975bb4c88ae460,44,41,31,5,linux,BFC
914b881f9452fd615cc597b434fd8c0e12a7dae2,884,0,0,2,linux,BIC
eda669a6a2c517fd6db41d0fe3c95c1b749c60bd,88,2,6,3,linux,BIC
c680c6a814a2269427fad9ac417ab16756bceae9,0,0,2,1,linux,BFC
766c485b86ef52765926b69a1145cadcf2db1e7d,38,3,2,2,linux,BIC
283f87c0d5d32b4a5c22636adc559bca82196ed3,0,0,3,1,linux,BFC
948fb0969eae856f9b65d8c9b98042afed08454f,2,0,0,1,linux,BIC
3de33e1ba0506723ab25734e098cf280ecc34756,0,2,2,1,linux,BFC
7b72717a20bba8bdd01b14c0460be7d15061cd6b,0,0,1,1,linux,BFC
284562e1f34874e267d4f499362c3816f8f6bc3f,39,0,0,1,linux,BIC
95d7c1f18bf8ac03b0fc48eac1f1b11f867765b8,2,0,0,1,linux,BFC
a9d2e9ae953f0ddd0327479c81a085adaa76d903,0,27,1,3,linux,BIC
18b8f5b6fc53d097cadb94a93d8d6566ba88e389,1,2,15,2,linux,BFC
25fd08eb2be0fcebd5ab7bb8e1d4fe228c6739d0,1,1,0,1,linux,BFC
702fb9b415e7c99bd671fc0d1da26574c125471a,54,1,2,3,linux,BIC
96d365e0b86ee7ec6366c99669687e54c9f145e3,12,2,45,1,linux,BIC
f63078abff0d2927c2f58f22b1082520def70865,1,0,1,1,linux,BFC
3417f3528a2c7f8824cad7f0c35425961e98886b,0,5,6,1,linux,BFC
2b31e8ed96b260ce2c22bd62ecbb9458399e3b62,28,0,18,1,linux,BFC
dd2aefcd5e37989ae5f90afdae44bbbf3a2990da,1,0,0,1,linux,BFC
5a3156932da06f09953764de113419f254086faf,3,0,0,1,linux,BFC
fab7772bfbcfe8fb8e3e352a6a8fcaf044cded17,1,0,0,1,linux,BIC
d3df0465db00cf4ed9f90d0bfc3b827d32b9c796,0,5,3,1,linux,BFC
fdb6d070effba1871f0bb980cf3c3b8738803414,4,0,8,1,linux,BIC
78c3e5e6cde8193467427ed9e5f90a0d585625a1,0,0,2,1,linux,BFC
058a6c033488494a6b1477b05fe8e1a16e344462,2,0,5,1,linux,BFC
48cc42973509afac24e83d6edc23901d102872d1,0,0,1,1,linux,BIC
5a254d08b086d80cbead2ebcee6d2a4b3a15587a,0,0,2,2,linux,BIC
dcd1912d21a02534d1f0a9005d5ba3283f164780,38,0,14,4,linux,BIC
9d4b45d6af442237560d0bb5502a012baa5234b7,9,3,1,2,linux,BFC
91091656252f5d6d8c476e0c92776ce9fae7b445,0,0,1,1,linux,BFC
ab6796ae98330389754b82d37bed89029d1dab51,17,14,2,1,linux,BIC
dde06aaa89b76275407b78108b57f94838287dab,9,0,4,1,linux,BFC
2d9a00705910ccea2dc5d9cba5469ff2de72fc87,2,2,3,1,linux,BFC
bd77c4498616e27d5725b5959d880ce2272fefa9,12,0,4,2,linux,BFC
d1bf2d30728f310f72296b54f0651ecdb09cbb12,0,0,1,1,linux,BFC
7de8681be2cde9f6953d3be1fa6ce05f9fe6e637,11,0,3,1,linux,BIC
cb0701acfa7e3fe9e919cf2aa2aa939b7fd603c2,44,0,0,2,linux,BFC
85eb9af182243ce9a8b72410d5321c440ac5f8d7,8,0,5,1,linux,BFC
f7d11b33d4e8cedf19367c09b891bbc705163976,1,0,0,1,linux,BFC
4b38da75e089a149d224fde8f3be1f8be7c0d32e,31,92,0,9,linux,BIC
f6dfbe31e8fa5cbd5bc89df9d7f0fa0af7e69981,0,0,4,1,linux,BFC
a139834ed6ce795691106e35d287226c95c75866,0,2,2,1,linux,BFC
57fb54082d5d14512dfd21bc39d91945d3ad1ee9,0,0,1,1,linux,BFC
bb9bc4689b9c635714fbcd5d335bad9934a7ebfc,45,2,18,1,linux,BIC
ee708e6baacd3afdace9b721c25fbbe106cebb94,77,6,34,9,linux,BIC
275292d3a3d62670b1b13484707b74e5239b4bb0,0,0,2,1,linux,BFC
1b28d5531e446a87bbefa5ced191c4cbd316576c,4,1,1,1,linux,BFC
68d00f332e0ba7f60f212be74ede290c9f873bc5,2,0,0,1,linux,BFC
be9efd3653284f2827fd82861e8e9db9a8f726e1,10,0,2,2,linux,BIC
c44768a33da81b4a0986e79bbf0588f1a0651dec,21,0,28,1,linux,BFC
9a8a6b3f0950c0df220b684b686c26a902cfcf1a,166,0,4,1,linux,BIC
529244bd1afc102ab164429d338d310d5d65e60d,0,1,1,1,linux,BFC
0aa821d846c0590ad64a00af95a3dcc29263d70f,0,0,1,1,linux,BIC
00bc0ef5880dc7b82f9c320dead4afaad48e47be,0,5,3,1,linux,BIC
f40e1590c5270e5559fb95a5a0a7c1f5266a522d,9,0,1,1,linux,BFC
257107ae6b9ba1f3822a8b079acef57a752dcc4c,25,12,27,1,linux,BIC
87b8c3bc8d27270c9abd5e895ea9066e918ef89b,0,0,1,1,linux,BFC
ca77329fb713b7fea6a307068e0dd0248e7aa640,309,1,1,6,linux,BIC
24f0ae995deb728076e3ea93fea1949a9775debf,0,0,2,1,linux,BFC
5e68c0fc8df8a588b15cd469b27b8b5dbfadc6c3,175,0,0,1,linux,BIC
dded08927ca3c31a5c37f8e7f95fe98770475dd4,5,0,0,1,linux,BFC
0cc3687eadd0971d5d38ff90d14819d88f854960,7,0,0,1,linux,BFC
0b4a66a389d1ff5dab29f688fcfe36482bc889a2,3,0,1,1,linux,BFC
781551df57c792aee291cd80a6aca24cd56cdd71,243,0,0,1,linux,BIC
b5b18160a3e7a9f55e3528d77051670cca6d9314,1,0,2,1,linux,BFC
d546c621542df9e45eedc91f35356e887ac63b7b,1,0,5,2,linux,BIC
be92292b90bfdc31f332c962882b6d3ea0285fdf,2,0,2,1,linux,BFC
453785c64e090d9b4169636b7276fcd6d7489d33,0,4,0,1,linux,BFC
a4c21acca2be6729ecbe72eda9b08092725b0a77,6,0,16,1,linux,BFC
07d369857808b7e8e471bbbbb0074a6718f89b31,0,12,10,1,linux,BIC
262b003d059c6671601a19057e9fe1a5e7f23722,0,1,1,1,linux,BFC
29766bcffad03da66892bef82674883e31f78fec,0,0,1,1,linux,BFC
93e31ffbf417a84fbae518fb46b3ea3f0d8fa6e1,115,1,2,4,linux,BIC
e8b123e6008480b2b8d80dae060315d84b79f4bb,35,0,0,1,linux,BIC
8c8a3b5bd960cd88f7655b5251dc28741e11f139,9,5,1,2,linux,BFC
d7fb0300fe663a5e338e3adeb7f811a2f9727e6c,0,4,0,1,linux,BFC
a7c9c25a99bbdaff51da26b874d2faaa8fdd72b5,0,2,0,2,linux,BFC
1fc70edb7d7b5ce1ae32b0cf90183f4879ad421a,95,0,27,3,linux,BIC
b0b3b2c78ec075cec4721986a95abbbac8c3da4f,2,11,6,2,linux,BIC
a088b858f16af85e3db359b6c6aaa92dd3bc0921,2,0,0,1,linux,BFC
9287c6452d2b1f24ea8e84bd3cf6f3c6f267f712,4,0,3,3,linux,BIC
472c2e07eef045145bc1493cc94a01c87140780a,27,26,1,2,linux,BIC
e4db7719d037b820024a213f74703ae1abf5b00c,408,0,0,1,linux,BIC
1a63443afd7002caf432dfe66dd49ea07539a2d9,0,25,2,3,linux,BIC
9029ac03f20a5999bc5627277c6cf008ab8e23ed,0,10,17,1,linux,BFC
0b5372727be37944239100ff05a63df9771c8484,10,37,44,2,linux,BIC
ee26c013cdee0b947e29d6cadfb9ff3341c69ff9,21,0,0,1,linux,BFC
83f31535565c63ac4f62c7b8592210929a630d3d,3,0,0,1,linux,BFC
f38efdb29389cc3ac6a466896a01f0fbdb14f4c7,33,0,1,6,linux,BIC
a6f089e95b1e08cdea9633d50ad20aa5d44ba64d,0,0,1,1,linux,BFC
3401ecf7fc1b9458a19d42c0e26a228f18ac7dda,4,0,2,1,linux,BFC
363cc87767f6ddcfb9158ad2e2afa2f8d5c4b94e,0,0,1,1,linux,BFC
4e0958d19bd86ee8121cf044eac4395c7e504fb3,291,0,3,2,linux,BIC
48b8d78315bf2aef4b6b4fb41c2c94e0b6600234,1,0,3,2,linux,BIC
1f3b0faa3e9dc713efce392af1f58542e735f822,1,0,1,1,linux,BFC
47e6223c841e029bfc23c3ce594dac5525cebaf8,7,0,0,1,linux,BFC
ae59c3f0b6cfd472fed96e50548a799b8971d876,0,1,3,1,linux,BFC
292ec080491d87c888c29c5e161c10eb86e5961e,117,0,0,1,linux,BIC
74ee436f958126f96f2e10d44a8ef13cd8d46ef9,4,0,0,1,linux,BFC
c2856ae2f315d754a0b6a268e4c6745b332b42e7,9,0,0,1,linux,BIC
7b1e2099adc8e66f78fee2dd2f10cb8a11362083,720,1,14,4,linux,BIC
8f9748602491295b305960cd2cd4976ad15cb04f,1,0,2,1,linux,BIC
05d6f6d346fea2fa4580a0c2b6be207456bebb08,0,0,1,1,linux,BFC
35419025cb1ee40f8b4c10ab7dbe567ef70b8da4,0,0,1,1,linux,BFC
c51b46dd5b9950436b6b1f8189e93e1ad380cee1,2,0,0,1,linux,BFC
9b8dd5e5ea48bbb7532d20c4093a79d8283e4029,601,0,0,4,linux,BIC
b91e1302ad9b80c174a4855533f7e3aa2873355e,39,0,6,3,linux,BIC
4fbc0c711b2464ee1551850b85002faae0b775d5,88,6,14,1,linux,BIC
ed515b6898c36775ddd99ff9ffeda4e83917acda,16,1,14,2,linux,BFC
cbe8373ca7e7cbb4b263b6bf222ccc19f5e119d2,1,0,4,1,linux,BFC
15c3de4e188b567ab60dbff674002a7f4380af6a,0,0,1,1,linux,BFC
f4edce1afd537327012189c1481ad66260b195ff,0,1,0,1,linux,BFC
605108acfe6233b72e2f803aa1cb59a2af3001ca,3,0,2,1,linux,BFC
e4dfe108371214500ee10c2cf19268f53acaa803,8,0,0,1,linux,BFC
aa6034678e873db8bd5c5a4b73f8b88c469374d6,0,4,1,2,linux,BIC
da8ef65f9573952c717d86f8f501773daf29bd10,142,0,2,1,linux,BIC
c96b6acc8f89a4a7f6258dfe1d077654c11415be,9,0,2,2,linux,BFC
283ca526a9bd75aed7350220d7b1f8027d99c3fd,8,3,4,1,linux,BFC
09a072947791088b88ae15111cf68fc5aaaf758d,481,107,8,9,linux,BIC
a5b1379afbfabf91e3a689e82ac619a7157336b3,1,0,0,1,linux,BFC
375553a93201a58a52f142eab19545a07aa1eaf5,4,13,12,2,linux,BIC
b5996f11ea5496d0445078f47d22c987888ed467,2960,0,0,3,linux,BIC
c8377adfa78103be5380200eb9dab764d7ca890e,239,0,12,9,linux,BIC
bc845e4fbbbbe97bab3f1bcf688be0b5da420717,1,0,0,1,linux,BIC
6e34e1f23d780978da65968327cbba6d7013a73f,17,0,2,1,linux,BFC
e49bd2dd5a503bb94fe2f2af45422b610940b75d,100,0,9,1,linux,BIC
e8abe1de43dac658dacbd04a4543e0c988a8d386,1,0,0,1,linux,BFC
194f64a3cad3ab9e381e996a13089de3215d1887,1,0,1,1,linux,BIC
ee9952831cfd0bbe834f4a26489d7dce74582e37,103,0,8,5,linux,BIC
42e87024f72708291e2b79d3365ba6a50827d0a4,4,0,2,1,linux,BFC
f32517bf1ae0a2de72b3f27200233bd3ad65bfeb,19,0,1,1,linux,BIC
e0a8b34a9cc486f52d95ed60a45768f1befb33f8,115,0,5,4,linux,BIC
42337b9d4d958daae266dc455a54e3b9f157862a,372,0,0,2,linux,BIC
4b658d1bbc16605330694bb3ef2570c465ef383d,5,0,0,1,linux,BFC
740d798e8767d8a449902b1a1bbc70facfce19b5,43,0,0,1,linux,BIC
e8ed64b08eddc05043e556832616a478bbe4bb00,7,0,0,1,linux,BFC
afc7851fab8329eddcf321c9e0a58c893f351dd6,4,0,0,1,linux,BIC
9673d9f6f44bb40b6f821d66f65969d63a167479,0,4,11,1,linux,BIC
954a03be033c7cef80ddc232e7cbdb17df735663,1,0,1,1,linux,BIC
fc2ca674470bbfe11d72a20a3f19fd3dc43bfca0,3,0,0,1,linux,BFC
a6ed4a18ba6a6f5a01e024b9d221d6439bf6ca4c,0,1,0,1,linux,BFC
dc7debec07803f52d04dbd98d8047cae04dfe8ec,0,5,4,1,linux,BFC
19938bafa7ae8fc0a4a2c1c1430abb1a04668da1,1,0,0,1,linux,BFC
0665e387318607d8269bfdea60723c627c8bae43,7,0,0,1,linux,BFC
b5510d9b68c33964abd938148f407ad3789e369f,10,79,39,12,linux,BIC
e5dfacebe4a47fc9e4dd25246ed3599d60122e38,0,1,1,1,linux,BIC
9444a300c2be3ce6266462e3171ceb6636cc62e8,83,0,0,1,linux,BIC
232a7f18cf8ecbd92a8cc6ca7feee4f6aab668fe,85,0,1,3,linux,BIC
3eaae1d05f2b5be1be834bfad64f8fc2ad39a56d,56,0,8,2,linux,BIC
030d5b97a54b361b132d18d653ea8ef4eab2dbfc,2,7,9,1,linux,BIC
35a88a18d7ea58600e11590405bc93b08e16e7f5,2,0,3,1,linux,BFC
16e5cc647173a97e33b3e3ba81f73eb455561794,41,0,37,14,linux,BIC
4b726e81dab2cefefd2c1cb00e3074ac0eec4b15,1,0,0,1,linux,BFC
6e4b74e4690dd03b5664fa4895c3db0607d64742,2,7,6,2,linux,BIC
93eb0381e13d249a18ed4aae203291ff977e7ffb,5,0,5,1,linux,BFC
2cd7b6f08bc4cf06d1f00f8b42720a8457861ca1,51,4,14,2,linux,BIC
984982f3ef7b240cd24c2feb2762d81d9d8da3c2,19,3,0,2,linux,BFC
b0b227f071a06d0ce5ef803538899299933d2931,38,44,15,2,linux,BIC
709d6d73c756107fb8a292a9f957d630097425fa,44,0,3,1,linux,BIC
c8a36f1945b2b1b3f9823b66fc2181dc069cf803,2,0,6,1,linux,BFC
025bf37725f1929542361eef2245df30badf242e,7,4,6,5,linux,BIC
3d832f370d16a8757024b2523c4c6b64dd7eac6a,33,0,30,1,linux,BIC
2df7062002d0263bde70b453f671bb4f8493e169,110,0,3,1,linux,BIC
811c5cb37df46b0cd714dbd053d19cdb97d08cff,12,4,8,4,linux,BIC
47d65372b3b699e2327230bf7ef8e97b9703d397,606,0,0,2,linux,BIC
2bcbf42add911ef63a6d90e92001dc2bcb053e68,5,0,0,1,linux,BFC
a0731952d9cddc9c11a8352922f449e6ab2f7537,24,0,0,1,linux,BIC
587f03deb69bdbf2c8f5f06c5cdcebb42196faff,9,12,6,1,linux,BIC
d0e2c7de92c7f2b3d355ad76b0bb9fc43d1beb87,127,2,11,4,linux,BIC
df662016310aa4475d7986fd726af45c8fe4f362,3,0,0,1,linux,BFC
37fc7845df7b6ab9b2885b42e8de8ebcf33bee7a,0,0,5,1,linux,BFC
d08395a3f2f473c6ceeb316a1aeb7fad5b43014f,17,0,13,1,linux,BFC
6b5dc98e8fac041a3decfc3186e08c1c570ea691,68,0,0,2,linux,BIC
a29da136de345f074d0c64f1c3b38eef30116b32,0,45,0,1,linux,BIC
91cdbb955aa94ee0841af4685be40937345d29b8,1,0,4,1,linux,BFC
7ade3ca9cdb547eac2cdb661c91a481235e21ae8,11,12,10,7,linux,BIC
5539b3c938d64a60cb1fc442ac3ce9263d52de0c,3,0,4,1,linux,BFC
5772e9a3463b264cee5a4e73ef586ad482d7ba48,58,0,2,2,linux,BIC
9b6c08878e23adb7cc84bdca94d8a944b03f099e,0,18,3,1,linux,BFC
60888ef827e354d7a3611288d86629e5f1824613,36,0,2,3,linux,BFC
c4fe70ada40f53e8cd5e6f8d9a2433781e935835,660,0,3,1,linux,BIC
4a510969374ab8853451c337e43d28fb864e43fd,3,4,12,3,linux,BIC
48d02a1d5c137d362defd11a5d57d0af4a75a983,306,0,9,4,linux,BIC
99b8202b179fc3dbbca69e8af6da660224c9d676,8,0,1,1,linux,BIC
6980d29ce4da223ad7f0751c7f1d61d3c6b54ab3,2,3,1,1,linux,BFC
56f5b1cff22a1d6eeb3f7fc6981b8a55af43332b,4652,0,0,4,linux,BIC
ade4a1fc5741a36b559dfbd4557dc3da1a4394af,10,0,1,2,linux,BFC
8234af2db3614d78b49e77ef46ea8cfab6586568,10,8,4,1,linux,BFC
88f0f09b3ab7d817b897cedbd7a05a565ff4f75a,0,0,1,1,linux,BFC
6bec23bff914915822f2c34d0555902fb2b9be1f,504,0,0,1,linux,BIC
2c4f1fcbef0bc324830bc2fb1a264c08ec93dec5,0,8,1,1,linux,BFC
e88afe759a49f8d51d6cc5fc89d65b4a5768703f,8,1,1,1,linux,BFC
3397c2c45b1b6f54834dfeae30a73046f33ca943,0,0,2,1,linux,BFC
56ceecde1f294ea022582723ea344994a452845f,73,0,0,2,linux,BIC
06a5e1268a5fb9c2b346a3da6b97e85f2eba0f07,8,0,1,1,linux,BFC
b2798ba0b8769b42f00899b44a538b5fcecb480d,5,0,0,1,linux,BIC
8e0cb8a1f6acf673ef9ab573087020ebafa8da51,1,0,1,1,linux,BIC
4601b4b130de2329fe06df80ed5d77265f2058e5,7,0,7,1,linux,BIC
1244a720572fd1680ac8d6b8a4235f2e8557b810,43,0,0,1,linux,BFC
ae9d4934b2d76a9fba21f5ad3692378d0e7fc24b,70,0,56,2,linux,BIC
d3743fa94ccd177917783726faf54632439ddb54,19,0,9,3,linux,BFC
4506db8043341f2351e03d45c0e96c8e1a141dfa,12,0,0,1,linux,BIC
0b26351b910fb8fe6a056f8a1bbccabe50c0e19f,9,0,5,1,linux,BIC
2291ff2f2a569b7b7a64aff3d05e1d51fe0fd66a,47,0,2,2,linux,BIC
8c081b6f9a9b81a11dd453a91c302d1e6115411b,25,1,3,1,linux,BIC
6ebcb060713f614c92216482eed501b31cee74ec,316,0,0,2,linux,BIC
78153dd45e7e0596ba32b15d02bda08e1513111e,16,0,1,2,linux,BFC
5f34278867b78bed77dcbd723056244e9bfc12ef,29,19,0,2,linux,BIC
393f646e34c18b85d0f41272bfcbd475ae3a0d34,86,9,1,3,linux,BFC
89f12d6509bff004852c51cb713a439a86816b24,1,0,0,1,linux,BFC
22053df0a3647560e6aa11cb6ddcb0da04f505cc,0,0,1,1,linux,BFC
3b330849512ef7c617f72111fd958daf6febdf40,0,0,2,1,linux,BFC
c4f24df942a181699c5bab01b8e5e82b925f77f3,3,0,40,1,linux,BFC
331c7cb307971eac38e9470340e10c87855bf4bc,10,0,1,1,linux,BFC
9822504c1fa5c557ea8776765f03fd16eb4de4c9,8,0,0,2,linux,BIC
7683fdc1e88644ee8108a1f33faba80545f0024d,67,45,83,5,linux,BIC
6c75520f7e5a6a353f3b332509d205e213d05855,6,8,6,1,linux,BFC
d737de2d7cc3efdacbf17d4e22efc75697bd76d9,10,0,2,1,linux,BFC
fab4c256a58bcd6877bca5b6afc97afa3b6664ac,15,17,6,1,linux,BIC
410bccf978819394669dede571de878f4576fd3e,362,0,0,1,linux,BIC
53ca376eec4eb635e2249c8e89093f499e180731,5,0,4,1,linux,BFC
79a9becda8940deb2274b5aa4577c86d52ee7ecb,522,226,136,5,linux,BIC
28f851e6afa858f182802e23ac60c3ed7d1c04a1,2,0,1,1,linux,BFC
f6b8e3526feb025d0259c18d6dc6b8c2e2cfedf0,13,7,3,1,linux,BFC
12068bb346db5776d0ec9bb4cd073f8427a1ac92,2,0,0,1,linux,BFC
3d565a21f2ce1f37479e91914734478c39b5c6fc,1,0,1,1,linux,BFC
fbfb8031533c924c2f3fef73759b4cf75a0e6aa7,3478,0,1,12,linux,BIC
62d472d8ad886d3e3fe2da20ba0965f8628513db,32,0,0,1,linux,BIC
d7c9bfb9caaffd496ae44b258ec7c793677d3eeb,2,0,1,1,linux,BFC
16b343e8e0ef7de5ce451427fafc9e2ea42f548f,274,0,0,1,linux,BIC
fb2ee9bf084bcaeff1e5be100decc0eacb4af2d5,0,13,4,1,linux,BFC
d683878dbeab3cd5cd073e40b41f24a4c7f62415,0,0,1,1,linux,BFC
6cb12fbda1c2e2fcb6d3adfe01f18eef6812e278,6,0,6,2,linux,BIC
4750a0d112cbfcc744929f1530ffe3193436766c,5,0,2,1,linux,BFC
757ab15c3f4968b5a29caf3fe8b67660ce84c3cd,11,0,1,1,linux,BFC
7c3d825d12c5e6056ea73c0a202cbdef9d9ab9e6,13,0,3,1,linux,BFC
79b16aadea32cce077acbe9e229fcb58a7801687,20,0,28,14,linux,BIC
6161b39a14380815f22851c753c00acf81cfa62a,124,0,0,1,linux,BIC
9cb20f94afcd2964944f9468e38da736ee855b19,51,0,10,3,linux,BIC
c3590c7656fb103db193e3538cb52b420985482c,0,604,0,1,linux,BIC
b9f13084580c9032ba7c505da2c6c075f176472a,0,1,0,1,linux,BFC
aa83da7f47b26c9587bade6c4bc4736ffa308f0a,5,0,7,1,linux,BFC
8e0e063af0d1be30245a08fab0515a3cccfcd513,0,0,6,3,linux,BFC
9452fbf5c6cf5f470e0748fe7a14a683e7765f7a,8,0,0,1,linux,BFC
1fc8e6423edb4bba365b0780c2fcddfb921b24b2,0,2,1,1,linux,BFC
862aecbd9569e563b979c0e23a908b43cda4b0b9,0,2,1,1,linux,BFC
976509bb310b913d30577f15b58bdd30effb0542,2,0,2,1,linux,BFC
1d7592f84f92c6344978186fdbe547af044274b5,2,0,0,1,linux,BIC
7f5933f81bd85a0bf6a87d65c7327ea048a75e54,42,0,0,1,linux,BIC
c2a3823dad4988943c0b0f61af9336301e30d4e5,0,36,0,1,linux,BFC
a1df829ead5877d4a1061e976a50e2e665a16f24,10,0,2,1,linux,BFC
1e6338cfb50e244c445ad7d891b35385bd0ee757,4,0,0,1,linux,BFC
e53e6497fc9f071734c1794c3dc08bd5f334fa7f,98,58,20,1,linux,BIC
ef697902a1328e4a205585612c98f476f25b97ef,0,0,1,1,linux,BFC
68ba71e3ae6dd86a23486655e33c5f8c9bd90777,0,0,1,1,linux,BFC
bc074524e123ded281cde25ebc5661910f9679e3,35,7,151,6,linux,BIC
1aa97b002258a190d7790a1a5c0c27829f82e569,236,0,0,1,linux,BIC
7e7d199e05f80735864efcb5b306fefd98039a58,6,0,4,1,linux,BFC
064855a69003c24bd6b473b367d364e418c57625,6,7,7,1,linux,BIC
772f66421d5aa0b9f256056f513bbc38ac132271,10,7,2,1,linux,BFC
c7e1c443584ddd7facffca00e9e23b0d084e5bb3,3,0,13,1,linux,BFC
a0682a31588990cb6f870f1a48cf019525605625,0,11,7,1,linux,BIC
7bbb765b73496699a165d505ecdce962f903b422,86,125,6,4,linux,BIC
46207ca24545540231ac8b4cf856baf1ca19e2fa,40,0,2,1,linux,BIC
3f388f28639fd19d5bf6df7a882c94ccfbf49c2b,5,5,1,1,linux,BIC
ea422312a462696093b5db59d294439796cba4ad,0,4,0,1,linux,BFC
546ac1ffb70d25b56c1126940e5ec639c4dd7413,276,0,0,4,linux,BIC
378b80370aa1fe50f9c48a3ac8af3e416e73b89f,0,0,1,1,linux,BIC
f32f19339596b214c208c0dba716f4b6cc4f6958,1,0,0,1,linux,BFC
8c86f29bfb18465d15b05cfd26a6454ec787b793,9,0,1,1,linux,BFC
ef8f317795dae8410fc749c5b198d8d5e68de632,5,0,19,1,linux,BIC
91a8d79fc797d3486ae978beebdfc55261c7d65b,95,0,2,1,linux,BIC
6acf54f1cf0a6747bac9fea26f34cfc5a9029523,15,10,17,1,linux,BIC
62370a4f346dda9a7026445016db5f8eddd533a5,146,0,3,4,linux,BIC
9326e6f25574bbb8bd48206d245654780e3fd665,11,0,1,2,linux,BFC
34db70b92faed22f59fdc1dba766e8cb6248fe9e,5,0,0,2,linux,BIC
a738e766e3ed92c4ee5ec967777276b5ce11dd2c,4,0,0,1,linux,BFC
3fcb0ca1d8dbfdc4759f5816e39443cfe0f298f7,65,0,30,2,linux,BIC
767d3ded5fb88e95f137893a8d90d1738b897029,4,0,0,1,linux,BIC
0e32818397426a688f598f35d3bc762eca6d7592,11,0,0,1,linux,BFC
583ee394ac503ff9eac0f50673cd569643bdb3b4,0,0,1,1,linux,BFC
46f8cd9d2fc1e4e8b82b53a0007f6c92e80c930b,0,0,2,1,linux,BFC
0a9f8f0a1ba9688a9ff5f6b83c4cc1eecd2fc9f2,22,0,0,1,linux,BIC
c8401dda2f0a00cd25c0af6a95ed50e478d25de4,15,11,19,3,linux,BIC
4bff91bb3231882b530af794c92ac3a5fe199481,1,0,0,1,linux,BIC
69388e15f5078c961b9e5319e22baea4c57deff1,4,0,0,1,linux,BFC
35cc7f32c298ba163a009598e6e7e15920a2e4e6,7,9,25,1,linux,BIC
0f7807518fe172353622700123615ae19701e693,28,0,0,1,linux,BIC
040b83fcecfb86f3225d3a5de7fd9b3fbccf83b4,11,0,22,1,linux,BIC
c9f7567aff31348a3dcf54845f7e389f5df0c0c1,19,2,0,1,linux,BIC
a60f7b69d92c0142c80a30d669a76b617b7f6879,18,0,1,2,linux,BIC
a84d1f546c0ef11446d8db6fd1a2c8d24d107b0b,0,0,1,1,linux,BFC
a42b63c1ac1986f17f71bc91a6b0aaa14d4dae71,13,0,0,3,linux,BFC
2c474b8579e9b67ff72b2bcefce9f53c7f4469d4,0,0,1,1,linux,BFC
556672d75ff486e0b6786056da624131679e0576,0,0,2,1,linux,BFC
65aa97c4d2bfd76677c211b9d03ef05a98c6d68e,16,2,3,1,linux,BFC
8236800da115a3e24b9165c573067343f51cf5ea,26,9,5,1,linux,BFC
b82d6c1f8f8288f744a9dcc16cd3085d535decca,0,0,1,1,linux,BFC
7a5ee6edb42e0bb487954806d34877995b6b8d59,5,9,21,1,linux,BIC
85d703746154cdc6794b6654b587b0b0354c97e9,5,0,0,1,linux,BFC
16d8b628a4152e8e8b01b6a1d82e30208ee2dd30,0,0,1,1,linux,BFC
80ee8c588afde077cb0439e15129579a267916c4,4,0,1,2,linux,BFC
f5065508897a922327f32223082325d10b069ebc,176,0,47,1,linux,BIC
4c235cb9e35407bdb4a2debeef4dc8721e8f91f2,1,0,1,1,linux,BFC
c199f64ff93c48a45add92eee4456ffcabfc838e,4,0,8,1,linux,BIC
afab9d91d872819f98a792c32c302d9e3261f1a1,16,1,5,3,linux,BIC
ba2dd8a26baa7e140555746d396e32952709c42d,199,0,8,2,linux,BIC
488d349061fa0ae61d5a50118e7d9cf2d28f03b5,0,0,1,1,linux,BFC
37e13cecaa141eccce705843f5d2f7509e29bd3a,17,0,8,2,linux,BIC
310ad7970a0dec847563dc6dba9e7e587d545622,2,0,0,1,linux,BFC
e4f1b49bda6d6aa2e13730ff7eeccbe65a6271f1,70,0,0,2,linux,BIC
24c29b7ac0da3e2eb589553f7a98bade6d0a0e60,10,0,2,1,linux,BFC
df8fed831cbcdce7b283b2d9c1aadadcf8940d05,0,1,2,1,linux,BFC
57c36519e4b949f89381053f7283f5d605595b42,0,4,2,1,linux,BIC
9804456e60670cc73f13361a3e628ecdf1bf7ee1,0,3,2,3,linux,BFC
fec6375320c6399c708fa9801f8cfbf950fee623,8,0,6,1,linux,BFC
0c9e8b3cad654bfc499c10b652fbf8f0b890af8f,27,6,16,1,linux,BIC
04e49867fad1f4a0739862bb15133f96ace1d190,1833,0,0,1,linux,BIC
0f4b20ef41696a625e43587563d538bb4dd60d9c,11,0,1,1,linux,BFC
29b49958cf73b439b17fa29e9a25210809a6c01c,2,0,1,1,linux,BFC
383776fa7527745224446337f2dcfb0f0d1b8b56,62,21,15,5,linux,BIC
c00f62e6c5468ed0673c583f1ff284274e817410,20,359,198,10,linux,BIC
fbdae7d6d04d2db36c687723920f612e93b2cbda,11,0,3,1,linux,BIC
bd8602ca42f6d8b25392a8f2a0e7be34e1206618,0,0,3,2,linux,BFC
4bff8cb5450287e246d365b719148b2d9364c292,160,121,5,13,linux,BIC
39c28cdfb719f0e306b447f0827dfd712f81858b,1,3,0,1,linux,BFC
1ababeba4a21f3dba3da3523c670b207fb2feb62,284,0,0,7,linux,BIC
e11f0f90a626f93899687b1cc909ee37dd6c5809,0,6,2,3,linux,BIC
08b812985996924c0ccf79d54a31fc9757c0a6ca,1,0,1,1,linux,BFC
67512a8cf5a730938fdb1e48de33edfef6015e03,68,5,87,4,linux,BIC
20b56ed9f8adfb9a7fb1c878878c54aa4ed645c1,0,0,4,1,linux,BFC
ed7d42e24effbd3681e909711a7a2119a85e9217,0,1,2,1,linux,BIC
fa0732168fa1369dd089e5b06d6158a68229f7b7,8,0,10,1,linux,BFC
aa320fdbbbb482c19100f51461bd0069753ce3d7,2,0,1,1,linux,BFC
aebfa52a925d701114afd6af0def35bab16d4f47,12,0,1,1,linux,BFC
495ac3069a6235bfdf516812a2a9b256671bbdf9,10,0,0,1,linux,BFC
219d27d7147e07fe899a781bd72f9180b78c3852,0,76,55,4,linux,BIC
19bda36c4299ce3d7e5bce10bebe01764a655a6d,3,0,0,1,linux,BIC
e8d6f9e56187c101b325e8d18f1d4032420d08ff,1,1,22,1,linux,BFC
d62bd5ce12d79bcd6a6c3e4381daa7375dc21158,30,0,1,1,linux,BIC
b90ddd568792bcb0054eaf0f61785c8f80c3bd1c,1,0,1,1,linux,BIC
5c9c11e1c47c2101253a95c54ef72e13edcc728a,13,0,3,1,linux,BIC
5964cbd8692252615370b77eb96764dd70c2f837,21,7,16,5,linux,BFC
02c28dffb13abbaaedece1e4a6493b48ad3f913a,0,0,1,1,linux,BFC
8376b86de7d35d43cf1a33a1f43bc015b5a095d9,120,0,0,4,linux,BIC
7c184ecd262fe64fe8cf4e099e0f7cefe88d88b2,22,16,1,1,linux,BIC
93258604ab6d3f2bdc6cb02f61961af56712f144,52,0,0,2,linux,BIC
410822037cc909c4bef845a71e9cac92b75591d2,2,0,1,1,linux,BFC
1c357a1e86a4227a6b6059f2de118ae47659cebc,9,0,18,1,linux,BIC
c636a0f0f3f0c6ef715d86118273aa6d62ccc69a,183,3,10,3,linux,BIC
c87e65cfb97c7f325132a68288ed76ba7bdcd2c6,50,31,7,3,linux,BIC
2eed19b99c8e95ff87afe6c140ed895c3fac5937,1,0,2,2,linux,BFC
78accaea117c1ae878774974fab91ac4a0b0e2b0,4,0,3,1,linux,BFC
5a7c81547c1db7563afc005a509d1ac38d9e0884,427,0,0,1,linux,BIC
ffb9da4a04c69567bad717707b6fdfbc4c216ef4,0,0,1,1,linux,BFC
65f3324f4b6fed78b8761c3b74615ecf0ffa81fa,1,0,0,1,linux,BFC
dfda0df3426483cf5fc7441f23f318edbabecb03,39,0,20,2,linux,BIC
6a7f10c795743a7f81e89df99866d7532811c324,1,0,2,1,linux,BFC
2800209994f878b00724ceabb65d744855c8f99a,54,31,24,3,linux,BIC
6032046ec4b70176d247a71836186d47b25d1684,18,0,24,2,linux,BFC
3a068721a97320b2ffdbf0fc0685cc300dce5388,3,0,4,3,linux,BIC
ecd3d4bc06e48357d12e730482577c756a9f2dbc,6,0,8,3,linux,BIC
a0f2b65275413b3438e9f55b1427273cd893c3b2,1,0,1,1,linux,BFC
994d6608efe4a4c8834bdc5014c86f4bc6aceea6,0,22,1,1,linux,BIC
26caddf274cf1e89fd4ce44ab2b8dbc7a7f97681,7,4,1,2,linux,BFC
c764da98a600a4b068d25c77164f092f159cecec,5,4,1,1,linux,BFC
9bf148cb0812595bfdf5100bd2c07e9bec9c6ef5,0,0,1,1,linux,BFC
8c81c24758ffbf17cf06c6835d361ffa57be2f0e,1,0,1,1,linux,BFC
780278c2c8bb50fc01b70a7392af6ab3ba360074,7,18,98,5,linux,BFC
8e662164abb4a8fde701a46e1431980f9e325742,2,0,3,1,linux,BFC
e8688ba3874915b7d1661a57adf15a9c9e877df7,0,0,1,1,linux,BFC
5491ce3f79eed79f68fcc2dc4c10aeafe00215a6,68,0,0,1,linux,BIC
41cd02c6f7f6e66e7abf02a4379e355a7db89f78,0,0,1,1,linux,BIC
e8edc32d70a4e09160835792eb5d1af71a0eec14,0,0,1,1,linux,BFC
8305e90a894f82c278c17e51a28459deee78b263,2,2,2,1,linux,BFC
7c91d02068c342918003606bf378b259f37b31ba,0,1,2,1,linux,BFC
ab7a69020fb5d5c7ba19fba60f62fd6f9ca9f779,0,0,2,1,linux,BFC
230bd958c2c846ee292aa38bc6b006296c24ca01,1,16,12,1,linux,BFC
820da5357572715c6235ba3b3daa2d5b43a1198f,2,0,0,1,linux,BFC
377e517b5fa53590418a7b4c2206082d92434fa3,38,0,16,7,linux,BIC
79964dbaf662229253b281c42e82e2675a9d3b80,0,0,2,1,linux,BFC
ca454bd42dc24374150febf83a443e8c1d9cf28a,194,0,1,3,linux,BIC
ca85a66710a8a1f6b0719397225c3e9ee0abb692,1,0,0,1,linux,BFC
4d36ed8eb0f749c9e781e0d3b041a7adeedcdaa9,3,0,1,1,linux,BFC
667f264676c7f83f57a7695010f889d6fd36dcbf,18,9,34,3,linux,BIC
4b506af9c5b8de0da34097d50d9448dfb33d70c3,6,0,3,3,linux,BIC
91a57731eed05714609855b1d72e6118b6b3ec6f,0,1,2,1,linux,BFC
910cd32e552ea09caa89cdbe328e468979b030dd,18,0,2,2,linux,BIC
802b0bed011e598876c0975da2c41dadf01a3d03,71,1,5,1,linux,BIC
29d40c903247596c954446639116467eb6689bb7,9,0,0,1,linux,BIC
f6d1973db2d216203233b31ee8bc56976c6f78d4,4,18,1,1,linux,BIC
8cc0072469723459dc6bd7beff81b2b3149f4cf4,2,0,1,1,linux,BFC
a23dd544debcda4ee4a549ec7de59e85c3c8345c,0,0,1,1,linux,BFC
13c92e82e821d87e388a73ffeddeb62d753dab96,0,0,2,1,linux,BFC
b58bd4c6dfe709646ed9efcbba2a70643f9bc873,33,0,7,1,linux,BIC
64513d269e8971aabb7e787955a1b320e3031306,2,0,3,3,linux,BFC
3789cabaab1a939eb56edd76bbde2c2e49f081da,2,0,1,1,linux,BFC
cf6e7bac6357f0ccca51fcb5eb325e724f6b4c95,170,0,8,3,linux,BIC
192fbfb7674481c605dc49ead3ada9a4ee2420e1,117,0,5,4,linux,BIC
a4a5d493ebbc680121b584afcaa2c955b6281d0c,0,0,2,1,linux,BFC
b9068cde51eea189c2c3560a9a8ae83f7b213c9c,110,0,0,2,linux,BIC
7d2d6d01293e6d9b42a6cb410be4158571f7fe9d,8,2,5,3,linux,BFC
c3f7c9397609705ef848cc98a5fb429b3e90c3c4,2,0,0,1,linux,BFC
fc4c6065e661224df3db50780219ac53fee56e2b,90,0,1,2,linux,BIC
1b6599a9d8e6c9f7e9b0476012383b1777f7fc93,3,0,1,1,linux,BFC
4d3a800ebb1299944408f3b40b5b6b996477fba2,2,6,9,5,linux,BIC
629a359bdb0e0652a8227b4ff3125431995fec6e,10,10,0,2,linux,BFC
d583e752732421b26fef0d65020565f3bef12248,3,0,1,1,linux,BFC
55ebf0d60e3cc6c9e8593399e185842c00e12f36,4,7,5,1,linux,BFC
2b0a5688493ab0f54774a2f89d3d91ab238f7ab4,108,38,34,1,linux,BFC
740c431c22fedc2425c9cd263654745b806b6fc7,209,1,29,5,linux,BIC
156e0b1a8112b76e351684ac948c59757037ac36,2,0,0,1,linux,BFC
d5b81ced74afded85619ffbbe9c32ba9d82c9b1e,0,5,4,4,linux,BFC
b26c2e3823bae6ba43a2b263d9bb75a3efd39b6a,38,19,4,3,linux,BIC
b38c83dd08665a93e439c4ffd9eef31bc098a6ea,0,6,23,2,linux,BIC
9337631f52a84742a476383eb3e795ac5773f5ab,7,0,28,1,linux,BIC
3e8b55411468ef9aa4401282a869715c45b0310b,1,0,1,1,linux,BIC
11e8f5fd223bd4d33fa10527bad3fe48469a15df,873,0,0,1,linux,BIC
32d917e754bdc322e22439f6ce400a1a74bbdc6e,3,0,0,1,linux,BFC
fe68195daf34d5dddacd3f93dd3eafc4beca3a0e,1,0,6,1,linux,BFC
ece0d7bd74615773268475b6b64d6f1ebbd4b4c6,1,0,0,1,linux,BFC
bdaf13279192c60b2b1fc99badef53b494fec055,25,2,6,1,linux,BIC
1277fa2ab2f9a624a4b0177119ca13b5fd65edd0,0,83,0,5,linux,BIC
f3cc4e1d44a813a0685f2e558b78ace3db559722,0,0,1,1,linux,BFC
bfdc0edd11f9501b891a069b5bbd3b16731941e1,0,6,15,1,linux,BFC
a25095d451ece23b1fef34474f3230100db7aa05,15,70,2,4,linux,BIC
11a5aa32562e1e90ab2d0278748fe0fbecda1cbe,5,0,2,1,linux,BIC
d1d90147c9680aaec4a5757932c2103c42c9c23b,0,0,2,1,linux,BFC
bba1574c2f11d674bf343f3cf307b33d19f73d9d,6,6,0,1,linux,BFC
9d5612ca165a58aacc160465532e7998b9aab270,35,4,35,1,linux,BIC
b3098121c42caaf3aea239b8655cf52d45be116f,0,7,2,1,linux,BFC
2ddc982a6c172c141183ac954d44f01bc4f2fe72,9,0,4,2,linux,BFC
6ab7d47bcbf0144a8cb81536c2cead4cde18acfe,1,0,2,1,linux,BFC
0558226cebee256aa3f8ec0cc5a800a10bf120a6,36,0,23,2,linux,BFC
22630e28f9c2b55abd217869cc0696def89f2284,0,2,11,1,linux,BFC
79074a72d335dbd021a716d8cc65cba3b2f706ab,3,0,0,1,linux,BIC
90b9aacf912af38a177114ca232051c61be8b93e,49,0,0,1,linux,BIC
0427a106a98adf94b53cc88607ceabc2ecebd2cc,72,2,4,1,linux,BIC
0a7a0f6f7f3679c906fc55e3805c1d5e2c566f55,0,2,5,1,linux,BFC
7b7dfe4833c70a11cdfa51b38705103bd31eddaa,0,0,1,1,linux,BFC
7793a108964924dd2802ee8c5dff2e9f3a9cd54a,0,0,2,1,linux,BFC
56c7c6eaf3eb8ac1ec40d56096c0f2b27250da5f,1,0,2,1,linux,BFC
9d7b132e62e41b7d49bf157aeaf9147c27492e0f,2,0,0,1,linux,BFC
5ba6b4aa9a410c5e2c6417df52b5e2118ea9b467,3,0,0,1,linux,BFC
76073054c95b12af6bd0cc9b9462a265b45ba38f,2,17,32,1,linux,BIC
93c2cdc975aab53c222472c5b96c2d41dbeb350c,1,0,0,1,linux,BFC
a154d5d83d21af6b9ee32adc5dbcea5ac1fb534c,3,0,2,2,linux,BFC
0e5b09b165510e2ea5c526e962c4edadd849ef4c,0,0,2,1,linux,BFC
fa74c223b6fd78a5314b4c61b9abdbed3c2185b4,0,0,2,2,linux,BFC
1fb883bb827ee8efc1cc9ea0154f953f8a219d38,12,0,0,1,linux,BFC
39034bb0c26b76a2c3abc54aa28c185f18b40c2f,6,0,3,1,linux,BFC
4716909cc5c566e946a3acc884bf5dc469812007,69,0,1,1,linux,BIC
a6c50912508d80164a5e607993b617be85a46d73,0,0,1,1,linux,BIC
72364d320644c12948786962673772f271039a4a,0,1,0,1,linux,BFC
35bf49e054214a0c7d3b0a0f8606f753f3f6ae96,12,21,7,1,linux,BFC
4c81acab3816c6941900c2abdb412df6cf34bc74,7,4,3,3,linux,BIC
c40160f2998c897231f8454bf797558d30a20375,12,2,15,1,linux,BFC
4b526de50e39b38cd828396267379183c7c21354,1,1,2,3,linux,BIC
618e2ee146d414481c39af61fb018f50bee4ad33,1,0,1,1,linux,BIC
89374fe60bfb481a81b941adaa5e834ace2cc9df,179,0,0,3,linux,BIC
6855e8213e06efcaf7c02a15e12b1ae64b9a7149,3,0,0,1,linux,BFC
3f5ceec96470050d20d7281d49985e3b1cfc3995,1,0,2,1,linux,BFC
a145b5b0e48783d0cd3ee605ed00b133d5c8ffed,3,0,1,1,linux,BFC
ebe1d22b57b86b6739f2739b5a0f52435596d84d,0,0,2,1,linux,BFC
e00fb8564ee98c5c3a72c74b1a27e441abff6cca,15,78,9,8,linux,BIC
0fb6a55cc31ff216ef86332404ad3e425cb669eb,7,1,1,1,linux,BIC
9dca4168a37c9cfe182f077f0d2289292e9e3656,0,0,1,1,linux,BFC
f630c38ef0d785101363a8992bbd4f302180f86f,6,5,0,1,linux,BFC
1e20186e706da8446f9435f2924cd65ab1397e73,2,0,1,1,linux,BFC
e96b1b2974989c6a25507b527843ede7594efc85,1,0,3,3,linux,BFC
c6325179238f1d4683edbec53d8322575d76d7e2,0,0,8,8,linux,BFC
6e5da6f7d82474e94c2d4a38cf9ca4edbb3e03a0,24,2,15,1,linux,BIC
f2217968ffdae702c21cc00fa804fbbd9ee6bb4b,52,0,2,9,linux,BIC
5f074f3e192f10c9fade898b9b3b8812e3d83342,23,0,0,2,linux,BIC
703286608a220d53584cca5986aad5305eec75ed,23,0,1,4,linux,BIC
c5b81a325263a891d5811aabe938c87e03db4c37,6,0,0,1,linux,BFC
239fd5d41f9b24e06dc747f02dc108e9b8cffb28,32,0,8,1,linux,BIC
5e23b33d1e84f04c80da6f1d89cbb3d3a3f81e01,13,0,5,1,linux,BFC
a7e7edfea23fa1f3c910eac897aac41ec9584c38,0,0,1,1,linux,BFC
849fa50662fbc8b476d652f8a4e6bdda17b37859,27,0,0,1,linux,BIC
e6ba9992de6c63fe86c028b4876338e1cb7dac34,36,4,23,5,linux,BFC
22eb78792e07a4dfb63c85f34950d4e58eb90326,0,2,0,1,linux,BFC
73edc8f7cceffe537d6888dc20703123769eb3f6,158,0,0,1,linux,BIC
58284a901b426e6130672e9f14c30dfd5a9dbde0,17,0,0,1,linux,BIC
03a79f31ef5fb7a2298258432f3dc0f558f24d48,0,0,10,1,linux,BFC
b3040e40675ec2c43542331cd30d4ee3dae797e8,911,0,0,2,linux,BIC
2fbe467bcbfc760a08f08475eea6bbd4c2874319,3,0,0,1,linux,BIC
8ff21f44fa70d363477b63646847f8d08c0e20a2,14,8,4,1,linux,BFC
a703c55004e1c5076d57e43771b3e11117796ea0,34,0,2,3,linux,BIC
429765a149f18d4c26027a8e9ce12aeae5cd646e,298,1,6,1,linux,BIC
17b5001b5143e3b7fce1c584bdcffd726dd8667c,161,12,76,6,linux,BIC
e1368d0c9edbc366e45216e7295fd61ae55c2b12,15,0,1,1,linux,BIC
6d5a748d4836ddd0ca626fe4870942a0e90a5c3d,149,19,6,8,linux,BIC
bb31b7cb106c0447c5cd77ed23dda5a70cce0881,81,0,5,6,linux,BIC
fce5423e4f431c71933d6c1f850b540a314aa6ee,5,0,0,1,linux,BFC
8bcef0d54067077cf9a6cb129022c77559926e8c,1,0,1,1,linux,BFC
b72458a80c75cab832248f536412f386e20a93a0,1813,0,0,1,linux,BIC
14c9b31a925a9f5c647523a12e2b575b97c0aa47,4,0,9,1,linux,BFC
d1242acc566a9288cbca441be1a7358c0316197e,0,0,2,1,linux,BFC
101b29a204f87c99377faa53bd378f101ebb1824,4,0,2,1,linux,BFC
a9ce7856cad1bf43de5c43888e4076e77371d51b,15,5,3,2,linux,BFC
e6c17ada3188e0deb43652b0eed249f37e0d44b0,0,0,0,1,linux,BIC
68b18f52947bbe77bc9ddb23626f30ed5cf70641,1,6,8,1,linux,BIC
eec44d44a3d2d00c8f663f13555d3dd280b1ea3f,0,110,2,2,linux,BIC
55897af63091ebc2c3f239c6a6666f748113ac50,61,249,89,14,linux,BIC
724c8a23d589d8a002d2e39633c2f9a5a429616f,14,0,0,1,linux,BFC
81c4d8a3c41488e5491142c31cd7a821ff5d71ec,43,19,12,2,linux,BIC
9d514262425691dddf942edea8bc9919e66fe140,13,0,1,1,linux,BIC
0c991ebc8c69d29b7fc44db17075c5aa5253e2ab,186,0,0,5,linux,BIC
08991e83b7286635167bab40927665a90fb00d81,94,24,42,11,linux,BIC
56ade8fe3fe1e134783f61d164305107ae01030f,3360,0,0,8,linux,BIC
d09cfbbfa0f761a97687828b5afb27b56cbf2e19,0,0,1,1,linux,BFC
539d8bde72c22d760013bf81436d6bb94eb67aed,8,9,1,1,linux,BFC
b36a234dc438cb6b76fc929a8df9a0e59c8acf23,11,6,2,2,linux,BFC
b59bd3527fe3c1939340df558d7f9d568fc9f882,4,0,0,1,linux,BFC
88bc4178568b8e0331143cc0616640ab72f0cba1,9,0,68,25,linux,BIC
c1c39032a0748be08f6bc33a8dad70b83ef311a6,8,0,3,1,linux,BFC
3e32cb2e0a12b6915056ff04601cf1bb9b44f967,325,118,283,6,linux,BIC
2a47fa45d4dfbc54659d28de311a1f764b296a3c,411,57,32,4,linux,BIC
de541d60157a1716c0e2f04971fd2dd97ade7b7e,0,0,5,1,linux,BFC
278d56f970ae6e0bcda8970e78e088e3efe43da8,37,4,1,1,linux,BIC
98447d65b4a7a59f8ea37dc6e5d743247d9a7b01,17,10,47,4,linux,BIC
5379a3312024a8befe7728238fc50ed05d2938ac,8,0,7,2,linux,BIC
b4002173b7989588b6feaefc42edaf011b596782,2,3,0,2,linux,BFC
b701c0b1fe819a2083fc6ec5332e0e4492b9516d,0,0,1,1,linux,BFC
9d2ac5f4bec00a0697ab77c999ef38753b3cb900,5,20,8,1,linux,BFC
1df6ddede10a1cacbf1da4cdfca3342510db1882,3,0,0,1,linux,BIC
8e80a73fa9a7747e3e8255cb149c543aabf65a24,0,1,1,1,linux,BFC
ba2ebf605d5f32a9be0f7b05d3174bbc501b83fe,4,0,0,1,linux,BFC
965931e3a803a506482616f89239eff6901c17b8,0,0,1,1,linux,BFC
9b52d55f4f0e2bb9a34abbcf99e05e17f1b3b281,0,0,6,3,linux,BFC
32d4f4b782bb8f0ceb78c6b5dc46eb577ae25bf7,0,0,1,1,linux,BFC
35fb9ae4aa2e838b234323e6f7cf6336ff019e5a,1,0,5,1,linux,BIC
747e5eb31d59d047972a0dab03e5430fe4264332,269,0,0,7,linux,BIC
93766fbd2696c2c4453dd8e1070977e9cd4e6b6d,159,0,3,3,linux,BIC
9cbe1f5a32dcd6d0508326f7d9098e5bc380a4fe,35,0,1,3,linux,BIC
c3be6577d82a9f0163eb1e2c37a477414d12a209,4,27,12,4,linux,BFC
1f704fd0d14043e76e80f6b8b2251b9b2cedcca6,2,0,2,1,linux,BFC
bc808bced39f4e4b626c5ea8c63d5e41fce7205a,0,29,17,1,linux,BFC
c65176fd49f45bd5a5ffaa1790109745d1fa462c,71,53,0,2,linux,BFC
c1b2cc1a765aff4df7b22abe6b66014236f73eba,5,0,4,1,linux,BFC
0f5de2f0532229752d923c769a5b202ae437523b,7,0,1,1,linux,BFC
2531fdbf8bfc22b0a2554bb3e3772dd8105d74ad,12,16,1,1,linux,BFC
415eb2a1aaa4881cf85bd86c683356fdd8094a23,0,0,5,1,linux,BFC
e657c18a01c85d2c4ec0e96d52be8ba42b956593,182,0,0,2,linux,BIC
142c168e0e50164e67c9399c28dedd65a307cfe5,15,4,1,1,linux,BFC
23c645595dab7b414f23639d0a428a07515807df,0,1,1,1,linux,BFC
0eee35bdfa3b472cc986ecc6ad76293fdcda59e2,37,0,2,1,linux,BIC
775a41e281cf08b1d9e0f2dd89c062430b289a10,0,0,1,1,linux,BFC
2818c20871e6b9cec806ba546faf90ae3a079e22,0,2,0,1,linux,BFC
5dfdd24eb3d39d815bc952ae98128e967c9bba49,0,0,1,1,linux,BFC
5d902372ba5f416261c79123f02e49c664c7118f,3,0,0,1,linux,BFC
6441fa6178f5456d1d4b512c08798888f99db185,24,5,5,4,linux,BIC
89affbf5d9ebb15c6460596822e8857ea2f9e735,16,0,2,2,linux,BFC
bf7ec93c644cb0064ba7d2fc40d4841c5ba382ab,0,0,1,1,linux,BFC
c9918ff56dfb175ce427140c641280d0b4522dbe,130,0,4,2,linux,BIC
013c1667cf78c1d847152f7116436d82dcab3db4,5,8,4,3,linux,BIC
d3d183126de8e100b003d09b64c6ec4b1c93abfc,31,24,6,1,linux,BFC
5c60e89e71f864033a268ed66933dad0d92f1550,0,1,3,1,linux,BIC
c4c6df5fc84659690d4391d1fba155cd94185295,3,0,2,1,linux,BFC
2369e827046920ef0599e6a36b975ac5c0a359c2,73,2,14,1,linux,BFC
8c8cb30f49b86333d8e036e1945cf1a78c03577e,25,0,7,1,linux,BIC
eca8cc3895358b4c35a3ed439537b8c08d7dabb3,29,10,2,1,linux,BIC
92d7f7b0cde3ad2260e7462b40867b57efd49851,3597,340,1421,19,linux,BIC
490410b2e73cd350ba91946913b017c8f6e1b612,8,1,14,1,linux,BFC
512712a824de9b856a4e61343e3e4390eba2c391,50,0,4,1,linux,BFC
3ad7b4e8f89d6bcc9887ca701cf2745a6aedb1a0,2,0,3,1,linux,BFC
8bba077066d6d0a135b7be1970691522075bf905,0,3,0,1,linux,BIC
22b99058dd79ecff9de64eb30e15a330d89862c6,27,27,0,1,linux,BFC
ebb75c0bdba238013976b53e256f8d13216304e4,0,4,2,1,linux,BIC
095dc8e0c3686d586a01a50abc3e1bb9ac633054,31,41,3,2,linux,BIC
06b241f32c711d7ca868a0351dd97fe91fd8817b,24,1,0,1,linux,BIC
e10de314287c2c14b0e6f0e3e961975ce2f4a83d,10,5,16,1,linux,BFC
3b0c0c922ff4be275a8beb87ce5657d16f355b54,0,0,2,1,linux,BFC
2217b982624680d19a80ebb4600d05c8586c4f96,5,1,7,1,linux,BFC
b220244d41798c6592e7d17843256eb0bae456a0,14,0,5,1,linux,BFC
103140eccbd2e3d56bcd366eba3e657f5d358bf5,1,2,0,1,linux,BFC
070badfab76711fc3a603237e3412f68b1bf5778,5,5,0,1,linux,BIC
4c0bfeaae9f98b87f23f12bad7842d781a94360b,1,0,2,1,linux,BIC
f7ccbed656f78212593ca965d9a8f34bf24e0aab,0,0,1,1,linux,BFC
03a2a606066cf8af7a090669848e4e84351ded06,3,0,2,1,linux,BFC
e900a918b0984ec8f2eb150b8477a47b75d17692,261,0,1,6,linux,BIC
c32048d9e93a5ab925d745396c63e7b912147f0a,0,7,6,3,linux,BFC
116ceac9741e5ab0337b0c855ba80966bfc899e2,0,0,2,1,linux,BFC
074400a7be61250d9f0ccec07d5c35ffec4d8d22,0,0,1,1,linux,BFC
97f68c6b02e0225b38d327103c59cfe2ab5ecda7,45,0,3,7,linux,BIC
ea5a8b09dc3a6ce14cd3ea1a7f8ea8aea6fc92ec,43,16,38,3,linux,BIC
193f20033c54db0dc9563f722fbafbcd5fa0e80d,6,7,2,1,linux,BFC
2d2bfeb8c5c8c95a93c473ca2c7d07cad6943a34,2,0,0,1,linux,BFC
cad2929dc4321b1f237767e9bd271b61a2eaa752,130,1,47,10,linux,BIC
86ff7c2a80cd357f6156a53b354f6a0b357dc0c9,32,10,13,9,linux,BIC
1d4639567d970de087a893521f7f50a32740b595,1,0,5,1,linux,BIC
61c606a43b6c74556e35acc645c7a1b6a67c2af9,0,0,2,1,linux,BFC
364b3f1ff8f096d45f042a9c85daf7a1fc78413e,27,0,1,1,linux,BFC
b3b1b6532890c70987821946f90c22b8021aaaf8,0,0,3,1,linux,BFC
1cdc14e9d134a48d86673fd75a6abcbe0e58a29c,7,0,6,2,linux,BFC
b45a36032dc7e8b4da1a0479978ca6bb03ac632d,1,0,1,1,linux,BFC
12e45e89556d7a532120f976081e9e7582addd2b,0,1,1,1,linux,BFC
5ac178381d2652719566322e7a04ef18c98d5092,137,0,47,4,linux,BIC
c39e3d5fc9dd3e16c6f59dd94d827540040de66d,141,2,6,1,linux,BIC
f8e7dfd6fdabb831846ab1970a875746559d491b,3,2,3,1,linux,BFC
55733350e5e8b70c5e54a30dbf98148c695f21f5,76,0,0,2,linux,BIC
016c1291ce70a22f15f666441a4fd2f0b450375b,6,5,4,2,linux,BIC
73c7c0443685d8d152c3451e7305a2c2bc47b32e,0,0,5,1,linux,BFC
bd1903b7c4596ba6f7677d0dfefd05ba5876707d,38,0,2,3,linux,BIC
05174c95b83f8aca0c47b87115abb7a6387aafa5,8,2,0,1,linux,BFC
f5b05d622a3e99e6a97a189fe500414be802a05c,123,0,11,7,linux,BIC
6c47260250fc6114ce2012db13e1cd3938a27b73,322,0,0,2,linux,BIC
d08477aa975e97f1dc64c0ae59cebf98520456ce,19,0,3,3,linux,BIC
74fb98311c4e36632b40b2a16931028c77a7c5de,0,31,17,3,linux,BIC
0b89ede629637c03b9a728fb08bfe6ed51de9be7,5,0,0,1,linux,BFC
a3869d43c9800cf39496615361c83635fa3e7c82,1,0,0,1,linux,BFC
e11ef96d44f18b42d4caf90b9c8264afc8df6547,9,7,10,1,linux,BIC
1f85e6267caca44b30c54711652b0726fadbb131,8,0,0,1,linux,BFC
6ffe77bad545f4a7c8edd2a4ee797ccfcd894ab4,1,0,0,1,linux,BFC
6cd9dc3e75078ef646076fa63adfb9b85ced0b66,0,0,2,1,linux,BFC
4055dc75d6b51c23602b11c6f716e59b8947ffbf,0,5,1,1,linux,BFC
a1f3e4d6a0c322eb3e7fdfcc9facdcdf19130434,108,11,31,3,linux,BIC
13054abbaa4f1fd4e6f3b4b63439ec033b4c8035,4,31,47,2,linux,BFC
7a9c2dd08eadd5c6943115dbbec040c38d2e0822,104,0,0,4,linux,BIC
fd5d781964b05ab586e690923dba6eca3cc16723,0,0,3,1,linux,BFC
aefbe5c445c7e2f0e082b086ba1e45502dac4b0e,48,9,20,3,linux,BFC
7e2ed097538c57ff5268e9a6bced7c0b885809c8,71,42,75,7,linux,BIC
c8c80c996182239ff9b05eda4db50184cf3b2e99,9,0,5,3,linux,BFC
b29d4986d0da1a27cd35917cdb433672f5c95d7f,905,1373,1023,8,linux,BIC
7a8b70535037a7d8503d12c1a5abbbc8aa5d709a,0,16,0,2,linux,BFC
33f846142919f0ecceb9fde99fecdbc307dbf541,29,23,0,1,linux,BFC
de2228c04150df8632ad22ee490de2ed579f64e8,7,0,0,1,linux,BFC
21d6a11e2cadfb8446265a3efff0e2aad206e15e,1,0,4,1,linux,BFC
37486135d3a7b03acc7755b63627a130437f066a,18,18,0,3,linux,BIC
29f3490ba9d2399d3d1b20c4aa74592d92bd4e11,8,0,3,1,linux,BFC
ce5624f7e6675ae0425f0041bbad703ea41c784c,4,2,10,1,linux,BIC
c60cd590cb7da0d7dbb423727bb67350182a371c,0,0,2,1,linux,BIC
28adef861233c6fce47372ebd2070b55eaa8e899,0,0,1,1,linux,BFC
ee4155f40cefea8af78b0bd20897ca97e2a8e72e,1,0,0,1,linux,BFC
e5429340bfa2dc43a07c3329e0c30cdae4cc0b35,13,3,18,2,linux,BFC
45ff3c55958542c3b76075d59741297b8cb31cbb,17,0,2,1,linux,BFC
908b6e6e8ab4c1e0c3783be4c4b437ac6fa374ea,0,2,1,1,linux,BFC
dda5384313a40ecbaafd8a9a80f47483255e4c4d,0,0,2,1,linux,BFC
094b21c1a3578234f06a28b80f4d2f6446b5f533,15,6,1,1,linux,BFC
ec6f809ff6f19fafba3212f6aff0dda71dfac8e8,0,0,2,1,linux,BFC
54b154ecfb8c66dfeba6578a64e79c2104da4ced,28,9,14,3,linux,BIC
7dd551e20ea2e27fc0579ad0be9e3c660e1147af,0,0,2,1,linux,BFC
3b24e7e8109bcf2089b3052d2ddd301e33042034,10,0,3,4,linux,BFC
635ef601b2387c3215252c9931786524d122c0e7,27,0,2,2,linux,BIC
fed9ce22bf8ae8f417b8f047d2d630542d152ccf,89,0,0,2,linux,BIC
b6c41cb050d5debc7e4eaa0a81cbdbad72588891,2,0,2,1,linux,BFC
b53893aae441a034bf4dbbad42fe218561d7d81f,3,0,1,1,linux,BFC
69e3b846d8a753f9f279f29531ca56b0f7563ad0,25,1,9,3,linux,BIC
4917e498c6894ba077867aff78f82cffd5ffbb5c,5,0,1,1,linux,BFC
996fd3cf9c0f37d17867ccc26f8b746169463fcd,1,0,4,1,linux,BFC
805c4bc05705fb2b71ec970960b456eee9900953,13,3,8,4,linux,BIC
b2acd1dc3949cd60c571844d495594f05f0351f4,36,235,24,4,linux,BIC
ad52b8cb4886f572b147b02f4c59a648bbf05f9c,4,0,1,1,linux,BIC
06a84db74c3572cde79eb1b04f301399eafb8226,0,0,1,1,linux,BFC
70802487bb9145a4f8b26f5a11d0e7f83c25100a,2,0,3,1,linux,BFC
085e1a65f04fb05941de0a071c8d70246cd03178,0,2,0,1,linux,BIC
09838c4efe9afb6fefa889d92c3571d49029af26,81,14,24,9,linux,BIC
da6cb952a89efe24bb76c4971370d485737a2d85,7,0,6,1,linux,BFC
8926d88ced46700bf6117ceaf391480b943ea9f4,14,2,3,1,linux,BFC
104daa71b39614343929e1982170d5fcb0569bb5,83,0,3,2,linux,BIC
25a8e7611da5513b388165661b17173c26e12c04,6,11,3,1,linux,BFC
338e953f1bd1a0ef4c86b5ab44735e1f6519d721,1174,0,0,1,linux,BIC
213451076bd370e55a70ff07f6575b1451ba1a9f,190,36,34,3,linux,BIC
d2313084e2c3488e254796617fcda45d69731b21,5,0,0,1,linux,BIC
6a4b1f2dff558d75ee4f2ce88595a933b6918183,0,0,2,1,linux,BFC
3b8a5df6c4dc6df2ab17d099fb157032f80bdca2,23,0,2,2,linux,BIC
21a9acc162457402c74c5c1e16471fda6eb090c0,2,2,0,1,linux,BFC
3016dad75b48279e579117ee3ed566ba90a3b023,0,1,0,1,linux,BFC
e5a06dc5ac1f686d11b11488a88a63ab12e079cb,205,0,0,1,linux,BIC
521282237b9d78b9bff423ec818becd4c95841c2,0,0,1,1,linux,BFC
3f8ae9fe0409698799e173f698b714f34570b64b,1,0,2,1,linux,BFC
43789ef3f7d61aa7bed0cb2764e588fc990c30ef,8,3,0,4,linux,BFC
4397efebf039be58e98c81a194a26100eba597bb,1,0,1,1,linux,BFC
f2a48dd09b8e933f59570692e1382b81d4fddc49,0,8,6,1,linux,BIC
544808f7e21cb9ccdb8f3aa7de594c05b1419061,12,0,0,2,linux,BFC
99e7cc3b3f85d9a583ab83f386315c59443509ae,0,0,1,1,linux,BFC
d957e7ffb2c72410bcc1a514153a46719255a5da,0,0,1,1,linux,BFC
d1ac3ff008fb9a48f91fc15920b4c8db24c0f03e,92,6,65,3,linux,BIC
ef48667557c53d4b51a1ee3090eab7699324c9de,6,11,2,1,linux,BFC
0a5b589111c395f2b18c2a508e241207daaa8cca,10,0,3,1,linux,BFC
92493a2f8a8d5a5bc1188fc71ef02df859ebd932,1,1,8,6,linux,BIC
3e349507d12de93b08b0aa814fc2aa0dee91c5ba,12,5,15,1,linux,BIC
42e5fee65e918f16b178ea242b6a96234411cc53,10,0,2,1,linux,BFC
479f854a207ce2b97545a0a83856778b541063d0,41,5,23,1,linux,BIC
63117f09c768be05a0bf465911297dc76394f686,0,0,1,1,linux,BFC
c65285428b6e7797f1bb063f33b0ae7e93397b7b,0,0,1,1,linux,BFC
0634c2958927198797bf9e55d26fb51cce4c22b4,15,13,9,7,linux,BIC
cf56c2f892a8a1870a8358114ad896772da7543a,0,152,0,2,linux,BIC
c36d451ad386b34f452fc3c8621ff14b9eaa31a6,0,0,1,1,linux,BFC
c5c88591040ee7d84d037328eed9019d3ffab821,42,0,12,1,linux,BIC
bf10c97adbd0dc8fa65c35d5b0c0dc281a68ac8e,0,0,1,1,linux,BFC
05655541c9503bfd01af4e6cbd7f5a29ac748e6c,2,1,4,1,linux,BIC
839fcaba355abaffb7b44f0f4504093acb0b11cf,1532,4,27,7,linux,BIC
d3fa21c73c391975488818b085b894c2980ea052,6,0,0,1,linux,BFC
a5872bd3398d0ff2ce4c77794bc7837899c69024,4,0,2,1,linux,BFC
70c96dfac0e231424e17743bd52f6cd2ff1f2439,2,0,0,1,linux,BFC
c680e41b3a2e944185c74bf60531e3d316d3ecc4,1,0,1,1,linux,BFC
11d6761218d19ca06ae5387f4e3692c4fa9e7493,3,0,6,1,linux,BFC
8e3b403954507eb74ad241dc3750443ccc9ee40a,0,0,1,1,linux,BFC
278cba7eaf5422510fc4a6b5a4d447f17b00506e,0,22,0,4,linux,BIC
83869019c74cc2d01c96a3be2463a4eebe362224,671,575,26,13,linux,BIC
afc76b8b80112189b6f11e67e19cf58301944814,28,23,22,1,linux,BIC
cfa9a966f12a91a269e50f1c3237c006ffe2ee9a,263,0,0,2,linux,BIC
e5bde04ccce64d808f8b00a489a1fe5825d285cb,9,3,3,3,linux,BFC
537457a979a02a410b555fab289dcb28b588f33b,2,0,2,1,linux,BFC
ab663789d69760d2735402f66501f20b60312a3d,15,0,0,2,linux,BIC
a3552dace7d1d0cabf573e88fc3025cb90c4a601,11,11,24,1,linux,BFC
4fb60b158afd3ac9e0fe9975aa476213f5cc0a4d,3,0,1,1,linux,BFC
713b415726f100f6644971e75ebfe1edbef1a390,15,0,3,2,linux,BFC
50457dab670f396557e60c07f086358460876353,1,0,6,1,linux,BFC
4036e3874a1ce41a4f7267289f9a0d8e5cd49408,233,0,1,2,linux,BIC
241a386c7dbb8b0db400a1f92f2ebe3b10eb661d,43,0,4,2,linux,BIC
5e28055f340275a8616eee88ef19186631b4d136,0,0,1,1,linux,BFC
6d9b8d20431f12cc102117a71178a18e1eecca71,931,0,0,1,linux,BIC
28b43d3d746b89fc112fe681e018b39b43495dad,56,8,3,2,linux,BIC
1b451fb2051b464b9758c09a3492104403252e2b,1,1,0,1,linux,BFC
d9e7eb152bb24f06028a0d10b054e39ebdf14f9c,0,2,1,1,linux,BFC
d92e4e6e33c8b19635be70fb8935b627d2e4f8fe,385,0,2,5,linux,BIC
bd8b2441742b49c76bec707757bd9c028ea9838e,3,0,4,2,linux,BIC
e152d8af4220a05c9797591609151d404866beaa,2,2,0,1,linux,BFC
e4c2efa1393c6f1fbfabf91d1d83fcb4ae691ccb,0,0,2,1,linux,BFC
f92de9d110429e39929a49240d823251c2fe903e,0,0,1,1,linux,BFC
452238e8d5ffd8b77f92387519513839d4ca7379,35,12,17,1,linux,BIC
82ed4db499b8598f16f8871261bff088d6b0597f,172,124,286,49,linux,BIC
4188db23285e28d9e9b9096f856cdcd7868005ee,0,0,1,1,linux,BFC
d7c03a9f5c2577b29a7699bbaa1c1cbcfb56afd3,8,0,3,1,linux,BFC
41a8457f3f6f829be1f8f8fa7577a46b9b7223ef,36,1,7,1,linux,BFC
728246e8f7269ecd35a2c6e6795323e6d8f48db7,1,0,2,1,linux,BFC
a73105b8d4c765d9ebfb664d0a66802127d8e4c7,1138,63,242,17,linux,BIC
64e5acb09ca6b50c97299cff9ef51299470b29f2,0,0,2,1,linux,BFC
c8a34581ec09a5ee11dd833d6c5cf41fdbef706f,71,0,30,3,linux,BIC
06bc4d0079ab6a2de86f56703ce1bd13e90b9d9d,1,0,2,1,linux,BFC
692ef26e72fcce0c1e73c41683fd3512f3719d55,0,0,2,1,linux,BFC
8971ee8b087750a23f3cd4dc55bff2d0303fd267,4,0,2,1,linux,BFC
9e961ae73c2ce81387e9b375231d4aefe5ffa13e,282,0,29,2,linux,BIC
4497b40ca8217fce9f33c9886f5a1b0408661e03,3,0,0,1,linux,BFC
25fd330370ac40653671f323acc7fb6db27ef6fe,38,8,119,19,linux,BIC
71e5e886806ee3f8e0c44ed945eb2e4d6659c6e3,9,0,0,1,linux,BFC
5c089fd0c73411f2170ab795c9ffc16718c7d007,10,0,2,1,linux,BIC
759e0fd4b67766c96b33a114bba0c7d7521fecd0,7,0,0,1,linux,BFC
d530b5f1ca0bb66958a2b714bebe40a1248b9c15,0,0,1,1,linux,BFC
7222d1a3410388c8e21a5028ba2beb498938b57f,277,0,4,1,linux,BIC
d9f523723bc794e1851024958a6add303ba67b6c,1,0,0,1,linux,BFC
968011a291f3c80afe9446968d21422569f1bc1c,6,0,3,1,linux,BIC
1927e498aee1757b3df755a194cbfc5cc0f2b663,21,0,1,1,linux,BFC
4b5f67232d956a5f837082578ba682410ccab498,63,0,3,3,linux,BIC
e5845aa0eadda3d8a950eb8845c1396827131f30,1,0,0,1,linux,BFC
45804fbb00eea27bdf4d62751681228a9e2844e9,181,0,0,1,linux,BIC
70ffdb9393a7264a069265edded729078dcf0425,17,2,55,30,linux,BIC
d9c14743a330315b6e2186cafc4812fe91a1fa8f,3,0,8,2,linux,BFC
83f8ca45afbf041e312909f442128b99657d90b7,42,0,6,2,linux,BIC
0af02eb2a7d76ca85a1ecaf4b3775e2c86408fab,1,0,2,1,linux,BFC
58c4fb86eabcbc385d954843a635b7f4327be6b0,6,0,4,2,linux,BIC
21e863b233553998737e1b506c823a00bf012e00,0,0,6,1,linux,BFC
82de6a6fb67e16a30ec2f586b1f6976c2d7b4b62,1,0,0,1,linux,BFC
13e451fdc1af05568ea379d71c02a126295d2244,8,8,8,1,linux,BFC
68266bdcceec10ea364e62c63732cd6fe5a256a8,2,0,0,1,linux,BFC
85fe6415c146d5d42ce300c12f1ecf4d4af47d40,0,0,1,1,linux,BFC
cf1716e9dae5b21b9bbcfe5eb0106c3b0aee37e8,0,0,2,1,linux,BFC
a3b02a9c6591ce154cd44e2383406390a45b530c,687,0,0,3,linux,BIC
2f733d6194bd58b26b705698f96b0f0bd9225369,514,0,0,1,linux,BIC
3caa61c208753492fe59efb20e06f7c608eb8db2,9,2,1,1,linux,BFC
c221c0b0308fd01d9fb33a16f64d2fd95f8830a4,109,0,0,2,linux,BIC
68ff8540cc9e4ab557065b3f635c1ff4c96e1f1c,0,0,1,1,linux,BFC
68985633bccb6066bf1803e316fbc6c1f5b796d6,0,0,8,1,linux,BIC
a9b6391814d5d6b8668fca2dace86949b7244e2e,27,0,1,3,linux,BIC
d97c9f4ab000bd7bc0bbca78e65add9081096002,30,0,21,1,linux,BIC
48c1917088ba00af25a0afc13de7403d6a80b06d,96,0,0,1,linux,BIC
035b73b2b3b2e074a56489a7bf84b6a8012c0e0d,11,10,0,1,linux,BFC
8ef9724bf9718af81cfc5132253372f79c71b7e2,9,0,5,1,linux,BFC
cb7786a76ea39f394f0a059787fe24fa8e340fb6,17,17,0,1,linux,BFC
327819d1e52434de869aab2ee5183682357d8e6d,0,0,1,1,linux,BFC
4acadda74ff8b949c448c0282765ae747e088c87,0,0,5,1,linux,BFC
86dc40c7ea9c22f64571e0e45f695de73a0e2644,0,2,2,1,linux,BFC
f4693b08cc901912a87369c46537b94ed4084ea0,0,3,2,1,linux,BFC
dae181349f1e9d279f171afc708d2824ab35a86f,162,39,30,1,linux,BIC
153132571f0204dc5844faf6b0f8096c6c29d277,118,36,9,1,linux,BIC
6b359d5550a1ae7a1269c9dc1dd73dfdc4d6fe58,0,0,1,1,linux,BFC
67a3b63a54cbe18944191f43d644686731cf30c7,0,0,1,1,linux,BFC
4892bd9830c363420f00d90186630e7acbed5c9e,15,1,7,4,linux,BFC
0919195f2b0d7437cb0de49b8975fdd7b5575490,20,0,9,1,linux,BIC
43db289d00c66a2d21da50001510725f598bb6e7,9,3,18,1,linux,BIC
b9f960201249f20deea586b4ec814669b4c6b1c0,0,0,2,1,linux,BFC
241f5b67fb48def58643f279dfb8468bdd54b443,2,0,2,1,linux,BFC
10c75ccb54e4fe548cb16d7ed426d7d709e6ae76,6,0,0,1,linux,BFC
cf51e129b96847f969bfb8af1ee1516a01a70b39,0,32,98,1,linux,BIC
7a22d6321c3da61a3778f84caa5b3a398ed019d1,10,0,3,1,linux,BFC
1e04204eff99b520737315af882f7fb61a9443be,0,0,1,1,linux,BFC
9709020c86f6bf8439ca3effc58cfca49a5de192,0,0,1,1,linux,BFC
6b05030496f773f35f24299b1bd49dc8aa10a580,128,35,35,3,linux,BIC
e57b7901469fc0b021930b83a8094baaf3d81b09,7595,0,0,13,linux,BIC
76e70087d360fdbe97f24c205d585ada04126e5f,32,1,18,7,linux,BIC
34ffec60b27aa81d04e274e71e4c6ef740f75fc7,0,0,1,1,linux,BFC
aac86cebb4a09e3fa2c07589f79f7d0e07e8c9a4,4,22,3,4,linux,BFC
8631ef59b62290c7d88e7209e35dfb47f33f4902,0,10,2,1,linux,BFC
ef398881d27dd6cb43f5f353f282135e5168d6bb,11,28,9,2,linux,BFC
0f91349b89f37dfad7b77f7829a105b6a0f526ec,313,69,74,25,linux,BIC
a0c02161ecfc2f40a0837926efac5376bc6fd6d3,21,3,8,6,linux,BIC
02ef6e1d0b00233a89d2c8bced880d8ea39603b6,22,0,22,1,linux,BIC
c2cd9d04ecf0f26fb472ffbd8274a55c05df0ffb,183,0,3,6,linux,BIC
b2026aa2dce4454950ccd9c410790f310d65696a,60,0,0,1,linux,BIC
35602f82d0c765f991420e319c8d3a596c921eb8,0,0,1,1,linux,BFC
2ecefa0a15fd0ef88b9cd5d15ceb813008136431,5,0,1,1,linux,BFC
0ed6389c483dc77cdbdd48de0ca7ce41723dd667,0,0,0,2,linux,BIC
5e0115581bbc367c7958bf5ab8c511b808558533,4,35,0,7,linux,BIC
5d9bc648b94dd719022343b8675e6c4381f0c45f,20,1,9,1,linux,BFC
9e1d3012cc10e53fe0ca389d0d22d3ed68e8d63a,9,42,1,1,linux,BIC
3a6eb795641c0e140424a3e4f301188eb2fd6d63,1,0,1,1,linux,BIC
eca3b01d0885544cbf452c5298afd7c3ccb53a50,8,0,10,3,linux,BIC
bcd96557bd0ab1129fcdde073d5700aed8fcb942,12,89,5,5,linux,BIC
68233c583ab4549b739f12135bdab108336d5204,48,0,2,2,linux,BIC
597222f72a94118f593e4f32bf58ae7e049a0df1,10,0,1,1,linux,BFC
0f181f9fbea8bc7ea2f7e13ae7f8c256b39e254c,14,4,2,1,linux,BFC
dd21bfa425c098b95ca86845f8e7d1ec1ddf6e4a,1,0,1,1,linux,BFC
87717f0a75432e078bb894ba230dd236be7a31a7,0,0,1,1,linux,BFC
0a3e060f340dbe232ffa290c40f879b7f7db595b,51,4,13,3,linux,BIC
4423c18e466afdfb02a36ee8b9f901d144b3c607,4,0,0,1,linux,BFC
c9802a4be6611520dd99d91d0d9c4efcaa0fa281,81,14,5,1,linux,BIC
f0f82e2476f6adb9c7a0135cfab8091456990c99,3,0,3,1,linux,BIC
07a09d1b73c9651289d35449460d10e195e2f197,1,0,0,1,linux,BFC
9a9634545c7051f567096117d417e9c3be24706d,40,0,8,2,linux,BIC
78eab33bb68b565176917b24a0b72a2f5b938d84,242,0,3,3,linux,BIC
6b4b87f2c31ac1af4f244990a7cbfb50d3f3e33f,94,11,7,3,linux,BIC
9689ca0af345b82d06a02e45cc214c1b8bad9e8d,0,0,1,1,linux,BFC
b22f2d88e435cdada32581ca1f11b9806adf459a,227,0,0,2,linux,BIC
eb3d38d5adb520435d4e4af32529ccb13ccc9935,15,0,7,1,linux,BFC
e137fafc8985cf152a4bb6f18ae83ebb06816df1,0,0,1,1,linux,BFC
499dcd41378ebab2a37a0df65735748d66e75599,20,36,43,6,linux,BIC
7e47976bcff23cbe011635e8931855cd3fb3aa6f,17,0,0,1,linux,BIC
c12e6f24d4137822d5019c1f78ac65bd27a3447d,57,0,0,4,linux,BIC
a1d5c98aac33a5a0004ecf88905dcc261c52f988,0,0,1,1,linux,BFC
b942d80b0a394e8ea18fce3b032b4700439e8ca3,619,0,0,1,linux,BIC
23bbd5818e2b0d265aa1835e66f5055f63a8fa4c,5,1,1,1,linux,BFC
a68bd1267b7286b1687905651b404e765046de25,46,0,27,6,linux,BIC
464a00c9e0ad45e3f42ff6ea705491a356df818e,20,59,56,35,linux,BIC
e1c0c91bdaec0702ebbfdc546926989dd63d19ef,8,0,7,1,linux,BIC
52586d2f56b3e4f528ca7268d65074e92c936681,12,0,0,1,linux,BFC
e91455bad5cff40a8c232f2204a5104127e3fec2,3,0,1,1,linux,BFC
aa50d3a7aa8147b9e14dc9d5972a5d2359db4ef8,17,0,5,4,linux,BIC
55149d06534ae2a7ba5f7a078353deb89b3fe891,0,0,1,1,linux,BFC
145c0e914d2cd0cf829b8c4cbe24736b3ee81a91,2,0,0,1,linux,BFC
e37c1877ba5b17d4251e1688449f8d43fc090802,115,0,25,1,linux,BIC
df9bde015a72ffd978e39a750662c7cf579b1715,0,3,4,1,linux,BIC
5f9794dc94f59ad1eb821724a8ae1f8e803ea188,251,0,1,5,linux,BIC
a314f6367787ee1d767df9a2120f17e4511144d0,41,135,150,1,linux,BIC
3c277c247eabeb0c869c06580c11efe12094a32f,55,0,1,2,linux,BIC
75c1edf23b95a9c66923d9269d8e86e4dbde151f,0,0,1,1,linux,BFC
906eff7fcada4186cde54eb89572fb774ab294a0,22,0,11,5,linux,BIC
bea6e987c1ff358224e7bef7084be7650f5d1c38,2,0,0,1,linux,BFC
206680c4e46b62fd8909385e0874a36952595b85,2,0,5,1,linux,BFC
99d1712bc41c7c9a5a473c104a4ad15427757b22,162,0,3,2,linux,BIC
38030d7cb77963ba84cdbe034806e2b81245339f,5,0,5,1,linux,BFC
f569da8c994c2254a106bdb537aa271399e288ec,0,0,1,1,linux,BFC
fb3c06cfda0db68f6082f05c43d63c1fb1761af0,0,0,5,1,linux,BFC
ed6473ddc704a2005b9900ca08e236ebb2d8540a,47,0,8,3,linux,BFC
4b357daed698c95d6b5eacc1c3c4afa206071ba2,7,0,0,1,linux,BIC
887207ed9e5812ed9239b6d07185a2d35dda91db,1,0,6,1,linux,BFC
cd94e519dc5d82e2b8a0c93ebf09152727af5150,2,12,0,1,linux,BFC
ef90c5e9757d5abc80b947cbcaacc43d1e916488,1,1,0,1,linux,BFC
2fde6afb8c7fce8e679c1072891cd31d54af5b83,0,0,1,1,linux,BFC
8b6e70fccff27121430114b4507f0adfb790752f,2,0,2,1,linux,BFC
3afbd89c9639c344300dcdd7d4e5e18dda559fd4,850,0,0,3,linux,BIC
d30323f810e4da94eb75cf4bfe5165b9518c64df,0,0,1,1,linux,BFC
4084a7235d38311a77c86ba69ba849bd787db87b,0,0,1,1,linux,BFC
cfafcd117da0216520568c195cb2f6cd1980c4bb,53,33,9,3,linux,BIC
dc7ee00d4771b3218b10e09e1071ee6eb176d381,8,0,8,2,linux,BIC
beecec9017901849352cfd2886981fe462f9fed0,121,14,22,5,linux,BIC
b77afa1f810f37bd8a36cb1318178dfe2d7af6b6,4,0,1,1,linux,BFC
274e43edcda6f709aa67e436b3123e45a6270923,0,3,0,1,linux,BFC
d7dbefc45cf5517a0cf9a0391316fab0abe71bd2,155,0,2,1,linux,BIC
501ef013390b774e8e61000a78d1d640d6c3411d,4,0,0,1,linux,BIC
755f982bb1ff469a181df3eaf8dd5d769267ab8e,31,18,17,7,linux,BIC
e9e6aa51b2735d83a67d9fa0119cf11abef80d99,10,6,33,2,linux,BFC
7d7d7e02111e9a4dc9d0658597f528f815d820fd,16,6,2,1,linux,BIC
642b1e8dbed7bbbf8c4deb3c9a0496f17278badc,215,372,21,2,linux,BIC
48e304cc1970b65f43c0d2f82aaf48285f0eccd2,23,0,0,2,linux,BIC
818e0fa293ca836eba515615c64680ea916fd7cd,0,0,2,1,linux,BFC
d1ded203adf16b42ca90e9041120ae465ca5c4a6,10,0,0,1,linux,BIC
7f9b80529b8a2ad8b3273b15fb444a0e34b760a9,4,2,24,4,linux,BIC
67bad2fdb754dbef14596c0b5d28b3a12c8dfe84,122,0,5,5,linux,BIC
5b7066c3dd24c7d538e5ee402eb24bb182c16dab,28,7,10,2,linux,BIC
cb2ce93e5b050fb9182eb6b6ff64428333436f73,2,4,10,1,linux,BIC
dafa5e9ab8b5b31d64c0ded188d95f8bb6be9746,5,4,0,1,linux,BFC
b92a78e582b1a45649143dc86e526f5824092478,4439,0,0,3,linux,BIC
7ad03a2c848f6fb0a8dea656c9c161929696878e,0,0,8,1,linux,BFC
7bb75029ef34838604357350b4f24d6535e9d01f,21,45,18,1,linux,BIC
9f968fc70d85558b37cd721a4c08143f69ff9990,9,9,8,1,linux,BIC
3a667e3ff78ae81afc49343c753864cc1ede2f77,0,0,1,1,linux,BFC
f102d66b335a417d4848da9441f585695a838934,55,6,22,5,linux,BIC
1ef55fed9219963359a7b3bc7edca8517c6e45ac,0,0,3,1,linux,BFC
2bd8d1d5cf8905c7652fa90a8ec952ba52f820ac,708,0,0,2,linux,BIC
98801506552593c9b8ac11021b0cdad12cab4f6b,0,0,1,1,linux,BFC
28a10c426e81afc88514bca8e73affccf850fdf6,2,0,8,1,linux,BIC
0f5d050ceaa31b2229102211d60c149f920df3aa,16,5,4,1,linux,BFC
9511bce9fe8e5e6c0f923c09243a713eba560141,0,3,12,3,linux,BIC
e542087701f09418702673631a908429feb3eae0,0,0,1,1,linux,BFC
d55894bc27636ebaf66c7c6eca8da5548911f8c9,0,28,1,1,linux,BIC
5c06540165d443c6455123eb48e7f1a9b618ab34,16,10,10,1,linux,BFC
b2c9e2fbba32539626522b6aed30d1dde7b7e971,227,3,15,5,linux,BIC
4f18904c78495ec16e271ee507709c626e61a62a,0,0,3,1,linux,BFC
a70437cc09a11771870e9f6bfc0ba1237161daa8,10,0,2,4,linux,BIC
3427beb6375d04e9627c67343872e79341a684ea,3,0,0,1,linux,BFC
48cc33085253d607706e68a67ac98fe2a6abdd3d,1,0,2,1,linux,BFC
1edfc2485d8dcf4c766a5be8049cab1cddc6700d,0,0,7,1,linux,BIC
0ba422410bbf7081c3c7d7b2dcc10e9eb5cb46f7,13,33,23,6,linux,BIC
720dee53ad8dfd528941fbbc264574601b04488a,6,2,13,3,linux,BFC
cffc3374e567ef42954f3c7070b3fa83f20f9684,13,0,0,1,linux,BFC
813357fead4adee73f7eca6bbe0e69dfcf514dc6,0,0,1,1,linux,BFC
77654350306accb55efa73eaa2b1424a639595fc,81,67,0,2,linux,BIC
8d81296cfcce89013a714feb8d25004a156f8181,0,2,0,1,linux,BFC
9e06430841363a1d2932d546fdce1cc5edb3c2a0,0,6,0,1,linux,BFC
393151c211006cc5ac6af26ecd9982dd916a8104,0,0,2,1,linux,BFC
c026b3591e4f2a4993df773183704bb31634e0bd,18,0,0,1,linux,BFC
f6692213b5045dc461ce0858fb18cf46f328c202,0,0,2,1,linux,BFC
8a7bf7510d1f43994b39a677e561af4ee6a1a0ae,34,0,8,1,linux,BIC
3ad796cbc36a7bc8bfd4de191d791b9490bc112b,13,0,0,1,linux,BIC
29a5dcae2790ba7fb26ea7128cbe61ecf906ab0a,141,0,5,4,linux,BIC
babc92da5928f81af951663fc436997352e02d3a,0,0,1,1,linux,BFC
3af0bdd1d027292d40c7f1d13420bc298b3e1660,0,1,0,1,linux,BFC
5a4487f9ef5ef2fdb3215cadf0a9c3e5e8678634,215,0,5,5,linux,BFC
a5042de2688d3e903799caf1196539c57555e3ed,219,0,0,1,linux,BIC
4918e1f87c5fb7fc8f73a7d8fb118beeb94e05f7,12,18,22,1,linux,BIC
6870b673509779195cab300aedc844b352d9cfbc,0,0,2,1,linux,BFC
733fff67941dad64b8a630450b8372b1873edc41,10,0,7,1,linux,BFC
6a3273217469790e6d0abc73893d0ebe6b69180d,415,11,16,7,linux,BIC
3109151c47343c80300177ec7704e0757064efdc,7,0,0,1,linux,BFC
a1f5aac1765afbeace9581afa27da34085f68e1d,4,4,0,1,linux,BIC
31e4ca92a7dd4cdebd7fe1456b3b0b6ace9a816f,3,0,1,1,linux,BFC
b6da31b2c07c46f2dcad1d86caa835227a16d9ff,3,0,0,1,linux,BIC
637cd060537d0c40bcf4f164b8a2c6e9b747e1ad,129,86,57,1,linux,BIC
650b323c8e7c3ac4830a20895b1d444fd68dd787,0,0,1,1,linux,BFC
0e254963b6ba4d63ac911e79537fea38dd03dc50,0,0,6,1,linux,BFC
fae91d6d8be5e20c47e459dbeb3d43bd5f9486f4,35,0,2,3,linux,BIC
f1f065d7ac30ba8b56838271a04501820d190b06,84,0,1,1,linux,BIC
744676e777207f4992ba4cc728a8a71352963c5b,144,0,0,3,linux,BIC
479ca3bf91da971fcefc003cf5773e8d7db24794,2,0,1,1,linux,BFC
93ebb6828723b8aef114415c4dc3518342f7dcad,0,0,1,1,linux,BFC
0a38c17a21a0965b4853211afa1d3e85428e6170,0,1,1,1,linux,BIC
ae94c49527aa9bd3b563349adc4b5617747ca6bd,2,0,1,1,linux,BFC
da65e367b67e15fc41cbf646c506c802dd5213b7,349,0,0,1,linux,BIC
744d0090a5f6dfa4c81b53402ccdf08313100429,0,0,1,1,linux,BFC
f1c131b45410a202eb45cc55980a7a9e4e4b4f40,260,1,156,2,linux,BIC
d69b78ba1deaaa95ffa8dac5a9ca819ce454d52e,0,19,6,1,linux,BIC
741d98c733b6605fc621c5c8740c7120ae1c0006,1,0,2,1,linux,BFC
c8177aba37cac6b6dd0e5511fde9fc2d9e7f2f38,238,40,29,5,linux,BIC
97d7e2e3fd8a080866701ebf2f40c04c257ff216,0,15,1,1,linux,BIC
3db7cf55d532a15ea26b4a14e8f8729ccd96fd22,0,4,1,1,linux,BFC
a5b7ef27da60c90bad5b2d41af3aa82da480a188,9,0,27,5,linux,BIC
2a2a79577ddae7d5314b2f57ca86b44d794403d5,7,0,0,1,linux,BFC
62d1c95d577ce4d40189e4c01025b616917e3c65,4,0,2,3,linux,BFC
409bf7f8a02ef88db5a0f2cdcf9489914f4b8508,2,0,1,1,linux,BFC
86974bff066dd8b98be46d7c7d3aba89034f0833,0,0,3,2,linux,BFC
88509f698c4e38e287e016e86a0445547824135c,17,0,2,2,linux,BFC
0f441fd70b1e7d1a4e035410f9effbfdf5c273fa,0,15,49,1,linux,BIC
80d43cbd46155744ee450d2476ee4fcf2917ae9b,0,0,1,1,linux,BFC
3fc7c5c0cff3150e471f5fd12f59971c6d2c6513,9,0,6,1,linux,BIC
d8c8bbbb1aba547b6c0d534f87fc68aa338658fc,183,0,0,1,linux,BIC
f37c3bbc635994eda203a6da4ba0f9d05165a8d6,45,12,12,1,linux,BFC
ac004e84164e27d69017731a97b11402a69d854b,0,0,1,1,linux,BFC
1d906b22076e12cf6557cf4658defe82c0b5ff1f,147,0,10,4,linux,BIC
c5665868183fec689dbab9fb8505188b2c4f0757,14,227,13,2,linux,BIC
eaaad16a9b3f16b411c33404e17d4dc61cf69b16,0,7,0,1,linux,BFC
55162d2bb0e86b2d0f87a82713b1e7ee761bf8a8,44,17,13,3,linux,BIC
01e517f16e38fc2345d4d555a7764b5f3f35af84,0,0,1,1,linux,BFC
d4fbca833b72cb58297df35a32cce77cd6409707,0,0,1,1,linux,BFC
d28b62520830b2d0bffa2d98e81afc9f5e537e8b,0,0,2,1,linux,BFC
1527f926fd04490f648c42f42b45218a04754f87,0,14,4,2,linux,BIC
6846895fde05558a39ffcee7631a802a923d9b16,4,8,14,6,linux,BIC
c61f4d5ebaf05fbd90bf43aa2096690b85e34761,35,0,6,3,linux,BIC
7dc68e98757a8eccf8ca7a53a29b896f1eef1f76,12,0,5,1,linux,BFC
4566654bb9be9e8864df417bb72ceee5136b6a6a,5,0,2,3,linux,BIC
8c7ae38d1ce12a0eaeba655df8562552b3596c7f,0,0,4,2,linux,BFC
47d054580a75b7d14d275a76146ce2f41bc16a81,2,0,1,1,linux,BIC
76cb9d314a5385020c3adabf563df8efe71c6325,2,7,6,1,linux,BFC
a66cbdd6573db8515735d37793c22605432c346d,1100,0,1,10,linux,BIC
6bae8ceb90ba76cdba39496db936164fa672b9be,6,0,3,1,linux,BFC
6f9976bd1310d123921ba2c20e8c101057087285,3,3,0,1,linux,BIC
a7be7c23cfdd2cb57609fd2d607923a9cb2a305d,0,0,1,1,linux,BFC
5f0a221f59ad6b72202ef9c6e232086de8c336f2,4,9,3,1,linux,BFC
e41e704bc4f49057fc68b643108366e6e6781aa3,7,0,1,2,linux,BIC
8c76d7cd520ebffc1ea9ea0850d87a224a50c7f2,5,0,0,1,linux,BFC
1e398eae8407abdc02cde8a449b14d17ed193d56,2,0,1,1,linux,BFC
dc84f0915128218f96a0c9c1628e078c95ae36f6,0,5,0,2,linux,BFC
ad4bb6f8883a13bb0f65b194dae36c62a02ac779,44,0,4,5,linux,BIC
75eefd82581f32da77d7017d11a932ee12a998eb,21,0,2,2,linux,BIC
eea2d396aa57acb3607f79ef04c08c2c5166f3fa,0,2,0,1,linux,BFC
c36dd3eaf1a674a45b58b922258d6eaa8932e292,0,0,1,1,linux,BFC
6cbf507fd08b52901d62bf11f3507e80f84c0db4,0,0,10,2,linux,BFC
93bc8ac49e82a329160604556b805b7fa614ff9e,0,1,7,1,linux,BFC
abc3aeae3aaa5c319d02f12649e17ea5929999aa,218,96,327,3,linux,BIC
f793d1e51705b276f083c1dc0dc75fb4cc4375c7,721,0,0,2,linux,BIC
3b5c130fb2e4c045369791c33c83b59f6e84f7d6,0,0,1,1,linux,BFC
fec9c271b8f1bde1086be5aa415cdb586e0dc800,14,0,6,1,linux,BIC
53692908b0f594285aba18ab848318262332ed25,53,33,28,6,linux,BFC
15faafc6b449777a85c0cf82dd8286c293fed4eb,7,5,0,2,linux,BFC
3bc8492f009c76a9e77cad6e200b0748d3972fa0,1,0,2,1,linux,BFC
d40670dc616936ed12335b9408087c9923939f1f,370,0,0,1,linux,BIC
0affd0e5262b6d40f5f63466d88933e99698e240,2,0,0,1,linux,BFC
a97b9565338350d70d8d971c4ee6f0d4fa967418,0,0,1,1,linux,BFC
685fae24d94fd615b7058832fcb437eb588f4860,52,1,108,6,linux,BFC
53bdcf5f026c565e605ff4ced9178f85d48f69c5,14,86,8,3,linux,BIC
68740ab505431f268dc1ee26a54b871e75f0ddaa,0,0,8,2,linux,BFC
b371b594317869971af326adcf7cd65cabdb4087,7,14,26,7,linux,BIC
5881fa8dc2de9697a89451f6518e8b3a796c09c6,3,0,3,1,linux,BFC
7a7e66c65d4148fc3f23b058405bc9f102414fcb,48,12,3,2,linux,BIC
b9ac5c274b8c9d642567022c0e319bca4db31956,36,1,8,3,linux,BIC
414ba022a5287e9473c7fa2b4aa1b1025e9ca8be,18,1,7,2,linux,BIC
aff8c8242bc638ba57247ae1ec5f272ac3ed3b92,2,0,0,1,linux,BFC
8741216396b2611142d7a890d06b7040ff585b3f,131,0,0,2,linux,BIC
d894fc6046fecd66b0d8ec35c7d2515781cc030b,926,0,0,2,linux,BIC
5aaeb5c01c5b6c0be7b7aadbf3ace9f3a4458c3d,7,3,15,5,linux,BIC
ab7d7798dad5aae23bb502f1a6fc0d637b07dc47,0,2,0,1,linux,BFC
db9f0e8bf79e6da7068b5818fea0ffd9d0d4b4da,13,0,4,1,linux,BFC
13101602c4a9f653d59af9469040797bc5b361ca,0,0,1,1,linux,BFC
cc38cae7c4e9350c93aa2da506086415fecd6e4a,63,0,6,7,linux,BIC
d7b269083786dca3b1b0141bde6cea834062b691,12,4,5,1,linux,BIC
c524e2f5b7036c1ab4d8296b6869544b9eea01cd,3,0,4,1,linux,BFC
a6f483b2e4415bca7af90346204f93f63b90acdd,2,0,3,1,linux,BFC
20e2a86485967c385d7c7befc1646e4d1d39362e,27,0,1,1,linux,BIC
2ca6cbde6ad7cf1ac6ff179751cf7ba60af3dcdd,0,63,27,1,linux,BIC
816853f9dc4057b6c7ee3c45ca9bd5905649092e,99,86,1,3,linux,BIC
bd59f412d17f81a41e35c884d3caacf34c9e4940,0,0,1,1,linux,BFC
afa0370f3a3a64af6d368da0bedd72ab2a026cd0,0,0,1,1,linux,BFC
f422316c8e9d3c4aff3c56549dfb44a677d02f14,5,6,0,1,linux,BFC
a9a1790247bdcf3b1c8e2e5f8fbfc08d77cfd054,55,0,0,1,linux,BIC
beaf5af48034c9e2ebb8b2b1fb12dc4d8aeba99e,203,37,8,5,linux,BIC
e92f0051c0c65d7bee989884a233cfcd80303bdf,0,1,0,1,linux,BFC
53e35ebb9a17fd953d9b8fe059aaf4282fa524f2,1,0,0,1,linux,BFC
df7699c70c1bc1d9333d610fdc91fbbad84b59f2,0,5,3,1,linux,BFC
1cb3f3ae5a3855ba430430706da4201ace1d6ec4,72,1,5,5,linux,BIC
33bac912840fe64dbc15556302537dc6a17cac63,15,10,10,1,linux,BFC
174f86b879cefce1a34253cbde4ee17ce80f9525,0,1,0,1,linux,BFC
8bba13b1d08d42e2e8308924fa5c1551a7b2b011,0,0,1,1,linux,BFC
8799c0be89ebb99a16098bdf618f49f817bef76a,16,19,10,1,linux,BIC
7c1cf55577782725ea2bc24687767c8fe8e57486,0,0,1,1,linux,BFC
a28ebea2adc4a2bef5989a5a181ec238f59fbcad,21,11,6,5,linux,BIC
a4c2fec16f5e6a5fee4865e6e0e91e2bc2d10f37,0,0,2,1,linux,BFC
1e105e6afa6c3d32bfb52c00ffa393894a525c27,4,0,1,2,linux,BFC
2aa362c49c314a98fb9aebbd7760a461667bac05,104,0,4,3,linux,BIC
717f43d81afc1250300479075952a0e36d74ded3,49,4,11,1,linux,BIC
9a69645dde1188723d80745c1bc6ee9af2cbe2a7,7,0,2,1,linux,BFC
9354544cbccf68da1b047f8fb7b47630e3c8a59d,1,15,1,2,linux,BFC
10c8fd2f7a40d691062649307a2aba00dac5dbe6,0,0,5,1,linux,BFC
6dea8add4d2875b80843e4a4c8acd334a4db8c8f,58,0,0,2,linux,BIC
d7119224bfe6e8efbf821a52db7da9530d790f07,2,0,4,1,linux,BFC
82a843de41d42681c1bbf9194b28736d06050b08,1,0,1,1,linux,BFC
8577c319b6511fbc391f3775225fecd8b979bc26,0,2,1,1,linux,BFC
a3e5e5797faad0db319d106afaa31b9020fac44f,4,0,0,1,linux,BFC
5e263f712691615fb802f06c98d7638c378f5d11,0,0,1,1,linux,BFC
61f5acea8737d9b717fcc22bb6679924f3c82b98,7,9,3,1,linux,BIC
7486216b3a0bd26375b17b2cc168a311106cea70,251,0,12,1,linux,BIC
95dbdf4fa09823e35b29eab8f7093984daa6a913,4,0,2,1,linux,BFC
e949b6db51dc172a35c962bc4414ca148315fe21,0,10,2,1,linux,BIC
8d411cbf46e515ca2b7ceb3d2b3f43e22813edac,6,0,1,1,linux,BFC
da6393cdd8aaa354b3a2437cd73ebb34cac958e3,5,5,0,1,linux,BFC
b168fff72109a3627686578e31e745f778832f98,7,35,12,4,linux,BIC
59965593205fa4044850d35ee3557cf0b7edcd14,5,0,0,1,linux,BFC
41470c379b4f8d9a1513d930338fadfbccc287b6,4,0,3,1,linux,BFC
2b02c20ce0c28974b44e69a2e2f5ddc6a470ad6f,35,0,0,3,linux,BIC
bb96dcf5830e5d81a1da2e2a14e6c0f7dfc64348,21,12,2,1,linux,BFC
6f3bb80944148012cbac1f98da249f591cbcae43,39,0,0,1,linux,BIC
67db3e4bfbc90657c7be840aad5585be46240d6f,19,9,23,4,linux,BIC
6001a930ce0378b62210d4f83583fc88a903d89d,82,0,46,3,linux,BIC
fef526cae700471ba37279e41b88e1c3bfdda1b9,6,3,9,1,linux,BIC
8daa12182a7ab441a2b3eeb170f9d8a12b206d6c,3,0,2,1,linux,BFC
cb17fe0045aaa74d1ce12c0ad0058a62a1ce0401,142,8,21,1,linux,BIC
0315a075f1343966ea2d9a085666a88a69ea6a3d,3,0,2,1,linux,BFC
28d1dddc59f6b7fc085093e7c1e978b33f0caf4c,196,0,2,1,linux,BIC
25e4abb33df3aafa7d1efba8f82f9178268efab1,42,1,25,1,linux,BIC
6c22dc61c76b7e7d355f1697ba0ecf26d1334ba6,4,0,0,1,linux,BFC
187bea472600dcc8d2eb714335053264dd437172,0,0,5,2,linux,BFC
f34c4a35d87949fbb0e0f31eba3c054e9f8199ba,0,0,2,1,linux,BIC
28a3b8408f70b646e78880a7eb0a97c22ace98d1,0,0,1,1,linux,BFC
c8e27a4a5136e7230f9e4ffcf132705bf56864cc,1,0,3,1,linux,BFC
967cfb18c0e331b43a29ae7f60ec1ef0dcb02f6b,38,0,6,1,linux,BIC
516a49cc19467e298d08a404f73a6e311f4548d1,59,2,0,1,linux,BIC
a758e68458258f0d8664bdf8fa833bddfdabbed6,10,19,1,2,linux,BIC
2af7e566a8616c278e1d7287ce86cd3900bed943,5,1,1,2,linux,BFC
bbd876adb8c7294ad86ef0542d6b528b7ab06f48,6,92,12,1,linux,BIC
1a59cd88f55068710f6549bee548846661673780,21,0,4,2,linux,BFC
a395bdd6b24b692adbce0df6510ec9f2af57573e,68,71,1,4,linux,BIC
071133a209354f39d4e5785d5a6a390e03241841,0,0,1,1,linux,BFC
ff26ffa8ee267dcbd27a5d81cb21d1c41bfdb44a,0,0,2,1,linux,BFC
ec8b1fbe682deb376062c5ed04ef9c78160ffbf0,131,2,5,4,linux,BIC
3c865dd9c1d64046877112451f13db2cb46d4d28,30,24,4,6,linux,BFC
99e48bf98dd036090b480a12c39e8b971731247e,6,2,6,1,linux,BIC
159e037d2e36d93a7b066228c6543537c25235c8,2,0,8,1,linux,BFC
244eae91a94c6dab82b3232967d10eeb9dfa21c6,0,5,5,1,linux,BFC
6ef5737f39314907704d68719b74fcca11f4f342,95,0,0,1,linux,BIC
c5bbd4515a05f8acb7e6ab6297044a529762cbf5,16,0,3,1,linux,BFC
040b8907ccf1c78d020aca29800036565d761d73,0,0,1,1,linux,BFC
af34d637637eabaf49406eb35c948cd51ba262a6,11,0,1,3,linux,BFC
4ea14a53d8f881034fa9e186653821c4e3d9a8fb,5,0,0,1,linux,BIC
bfcef5d2135ea1200ac1ea44661619ab8785c9f0,8,0,6,1,linux,BFC
0a900553715c39cfb6170ccc9846b194a4c13ceb,6,0,0,1,linux,BFC
92d585ef067da7a966d6ce78c601bd1562b62619,4,0,0,1,linux,BIC
e91ac20889d1a26d077cc511365cd7ff4346a6f3,1,0,0,1,linux,BFC
7d73c602154df56802a9e75ac212505fc1e9a2b6,50,0,4,1,linux,BFC
d62fbdb99a85730af408399bfae9fa2aa708c6f1,504,0,0,1,linux,BIC
e5f80fcf869a18cc750d6b350bbfac82df292e0b,4,23,36,2,linux,BIC
ccd5b3235180eef3cfec337df1c8554ab151b5cc,0,2,1,1,linux,BFC
89309da39f55922f6ca18ecd09a158c319c69d55,255,0,0,3,linux,BIC
ff540b76f14ac9922eb91894ebc1fab335e8be7e,75,0,0,2,linux,BIC
752fde44fd1c4a411d709c7d4ad0f121f427f234,159,0,22,2,linux,BIC
d9bd6d279236a1c90c1e73220c2ae52996c8ff52,1,0,1,1,linux,BFC
c7bfced9a6716ff66c9d61f934bb60af08d4688c,7,0,0,4,linux,BIC
bfe6240dfe4f16c20db94bc7c0ab9ffa316fb926,1,0,5,2,linux,BFC
35a000b7c1bbd81631097539567f24a272a2fa0f,534,0,4,7,linux,BIC
63b5fa9dbb711e245e59cc14eaae0106eb716447,6,4,0,2,linux,BFC
744757e46bf13ec3a7b3507d17ab3faab9516d43,0,5,0,1,linux,BFC
122e5b9f3d370ae11e1502d14ff5c7ea9b144a76,14,0,3,1,linux,BIC
e480b745386e3911c45e5b281f3471c7aff8cc3b,343,0,0,1,linux,BIC
ac34ad27fc160b5bd31c731cdaaf6e1d1890ccb2,0,0,2,1,linux,BIC
093b922873633f57cb2d488a538afd15c4e4dcdb,10,10,19,2,linux,BIC
33ccec5fd740d0d5b78b77846f76eb5b4feb4327,0,0,1,1,linux,BFC
e9f7b9228a94778edb7a63fde3c0a3c5bb793064,0,0,1,1,linux,BFC
a9b4f08770b415f30f2fb0f8329a370c8f554aa3,2,0,0,1,linux,BFC
849ee6ac9dd3efd0a57cbc98b9a9d6ae87374aff,0,2,11,2,linux,BFC
90ebe55ab88635a19af06d923bb70ef236123399,0,0,0,9,linux,BIC
b8151220f35da4653d95c840e03b8a9db2c0d1c0,1,0,2,1,linux,BFC
635f56c342cd195a8059f24296fe7fd795aaa33d,0,22,5,1,linux,BFC
8f0009a225171cc1b76a6b443de5137b26e1374b,60,1,22,1,linux,BIC
a082121b55bac125f7d09d78de00607ea75a6903,0,0,1,1,linux,BFC
3e7bed52719de4b5b5fb900869e293eae0bc3f3e,22,1,1,1,linux,BIC
2da7cc7dce6f080fca2e3991a494d69730529c1d,9,2,3,1,linux,BFC
469bdcefdc47a69028029e792ff1e80680c867b9,2,20,1,1,linux,BIC
73ce0511c43686095efd2f65ef564aab952e07bc,227,219,11,2,linux,BIC
d853f1d3c900cc16758b12853375c1ab888fae65,1,0,1,1,linux,BFC
e30cf2d2bed3aed74a651c64de323ba26e4ff7d0,0,2,2,1,linux,BFC
961abd78adcb4c72c343fcd9f9dc5e2ebbe9b448,0,0,1,1,linux,BFC
f5a1a536fa14895ccff4e94e6a5af90901ce86aa,132,6,1,4,linux,BIC
c51de7f3976b649d72d3ff006954640aec2fe58c,215,0,0,2,linux,BIC
5351f9ab254c30d41659924265f1ecd7b4758d9e,1,0,1,1,linux,BFC
add42de31721fa29ed77a7ce388674d69f9d31a4,1,0,0,1,linux,BFC
11da04af0d3b4c24ab057dd17f54dbc854d735de,5,4,9,2,linux,BIC
80aa1a54f054a1c71cc88e0cad6cfa0d20a10f23,0,0,1,1,linux,BFC
10a81980fc47e64ffac26a073139813d3f697b64,2,0,2,1,linux,BFC
7c34bb03983e3c1e42ad2749514dec9e5a19c336,2,0,7,1,linux,BFC
2e2e3738af33575cba59597acd5e80cdd5ec11ee,25,0,12,1,linux,BIC
b4859f3edb47825f62d1b2efdd75fe7945996f49,0,0,1,1,linux,BFC
78031381ae9c88f4f914d66154f4745122149c58,12,0,0,1,linux,BFC
a17b9841152e7f4621619902b347e2cc39c32996,0,1,0,1,linux,BFC
f4a73a97accf5635815de148cf077fa6d076812d,0,0,1,1,linux,BFC
fafc4e1ea1a4c1eb13a30c9426fb799f5efacbc3,29,17,6,6,linux,BIC
a8e53c151fe7ac52a1c13a6ace0c9e8e0f61260c,66,0,1,3,linux,BIC
13d6eb20fc79a1e606307256dad4098375539a09,34,0,17,1,linux,BIC
196a66275520ffc27513c56ecc06a2d9450fd12f,0,0,3,1,linux,BFC
4be41e92f7c613d6c08686374ad0fdeaaa2a7280,604,61,72,7,linux,BIC
2971c35f35886b87af54675313a2afef937c1b0c,10,0,2,1,linux,BIC
c0e38eaa8d5102c138e4f16658ea762417d42a8f,1,0,8,1,linux,BFC
100bc3e2bebf95506da57cbdf5f26b25f6da4c81,0,2,7,1,linux,BFC
3e7d18b9dca388940a19cae30bfc1f76dccd8c28,4,2,4,1,linux,BFC
71586dd2001087e89e344e2c7dcee6b4a53bb6de,77,0,19,2,linux,BIC
4adda1122c490e042d4bcb920900f796fc9423e4,9,0,4,1,linux,BIC
5c27d8d76ce810c6254cf5917a6019d824f34bd2,116,0,11,5,linux,BIC
b6ad6261d27708567b309fdb3102b12c42a070cc,4,0,1,1,linux,BFC
b0c69b4bace3703a29e08dda2b5a10e1073cb9cd,39,0,7,1,linux,BIC
8700aff089843399f95bc7701ae87b642b35a716,8,11,11,2,linux,BIC
33f6be3bf6b79c2b9b7c8cd1387e8e7d4b839d9e,0,0,4,1,linux,BIC
4990d4fe327b9d9a7a3be7103a82699406fdde69,484,0,0,8,linux,BIC
1f1d9654e183c31df4d168591165beed869ea098,57,30,23,1,linux,BIC
6d98eb95b450a75adb4516a1d33652dc78d2b20c,59,13,11,1,linux,BFC
d4b8efeb46d99a5d02e7f88ac4eaccbe49370770,5,4,3,1,linux,BIC
c904e3acbab3fd97649cd4ab1ff7f1521ad3a255,0,2,0,1,linux,BFC
33753cd2ba41c72a0756edc5dc094d91602deda5,10,8,0,1,linux,BFC
e13c2075280e5b25118d3330752b47f919d6545e,10,0,30,1,linux,BIC
8c8268166e83425243789c5781c92e7fa33b703b,815,0,1,7,linux,BIC
df5c4150501ee7e86383be88f6490d970adcf157,4,0,1,1,linux,BFC
7c4f5cd18cb169a4ce8610b1696ec152d62b4820,0,0,1,1,linux,BFC
54c98d9d7ba48c66d64f72e3d5a7586601705611,10,0,0,1,linux,BFC
ec5e3b0a1d41fbda0cc33a45bc9e54e91d9d12c7,3,0,0,1,linux,BIC
6f76672bd65039d68197be12653473cb4529741f,145,147,0,2,linux,BFC
a68e06e729b1b06c50ee52917d6b825b43e7d269,0,2,1,1,linux,BFC
77131dfec6af114efd32610b4a6bbecd934e37d5,0,0,8,1,linux,BIC
c3c7dbf4887ab3ed9d611cd1f6e16937f8700743,0,0,2,1,linux,BFC
3e4ad3212cf22687410b1e8f4e68feec50646113,0,0,2,1,linux,BFC
196c31b4b54474b31dee3c30352c45c2a93e9226,0,5,12,1,linux,BFC
1c3c909303924d30145601f47b6c058fdd2cbc2e,0,0,1,1,linux,BIC
eda0333ac29304c5f5cd72d963d5d1e788ce49ab,251,0,9,2,linux,BIC
b57a55e2200ede754e4dc9cce4ba9402544b9365,3,0,1,1,linux,BFC
798cd57cd5f871452461746032cf6ee50b0fd69a,3,0,0,1,linux,BFC
b2fcf2102049f6e56981e0ab3d9b633b8e2741da,4,1,1,1,linux,BFC
be4947bf46cb0e7a7d089e03c61bab35f1e695ce,0,0,6,2,linux,BFC
4a2b958b1fb31144a48d261c98885b1e02e1af0e,0,2,1,1,linux,BFC
e913aada06830338633fb8524733b0ad3d38a7c1,0,2,8,1,linux,BIC
bbd2190ce96d8fce031f0526c1f970b68adc9d1a,2029,0,0,2,linux,BIC
a6db1561291fc0f2f9aa23bf38f381adc63e7b14,40,0,0,1,linux,BFC
fef4129ec2e691a8411584c8bd126a35d0870298,4,0,1,1,linux,BIC
1f862989b04ade61d3aab49184c50e9957f84c7d,221,0,10,1,linux,BIC
77cbbc35a49b75969d98edce9400beb21720aa39,0,3,7,1,linux,BFC
8cf8821e15cd553339a5b48ee555a0439c2b2742,16,0,0,4,linux,BFC
8a78a440108e55ddd845b0ef46df575248667520,2,0,0,1,linux,BFC
c785896b21dd8e156326ff660050b0074d3431df,0,0,1,1,linux,BFC
c458b7ca3fd0c9671caf38630e6f6a006d90e113,0,22,1,1,linux,BIC
1f7ff9d5d36ae11356012a136f2d495cca910a5f,227,78,169,10,linux,BIC
c92fa4fe90256a73975bd1e1c47b60a566b2d037,0,0,2,1,linux,BFC
7c25a0b89a487878b0691e6524fb5a8827322194,3,0,0,1,linux,BFC
1f7455c3912d8b751514f03de659aab61a50c773,0,0,1,1,linux,BFC
161642e24fee40fba2c5bc2ceacc00d118a22d65,0,0,3,1,linux,BFC
a229105d7a1ee1f9e078afe44497cab482a8aba8,34,0,1,1,linux,BIC
2f9115820982df7a529f3375c94db3bdc1b4fc41,0,1,0,1,linux,BFC
f847c699cff3f050286ee0a08632046468e7a511,64,0,14,3,linux,BIC
04876c12c19e94bbbc94bb0446c7bc7cd75163de,119,98,5,3,linux,BIC
a665eec0a22e11cdde708c1c256a465ebe768047,10,14,6,2,linux,BFC
4d2aa178d2ad2fb156711113790dde13e9aa2376,3,0,1,1,linux,BFC
0196d6b4088f43519576dc4b58ce28b6722dde3a,0,0,1,1,linux,BFC
cb2833ed0044f910877b810077bc6da2ac5f09a2,33,126,2,3,linux,BIC
94a4b8414d3e91104873007b659252f855ee344a,1,0,1,1,linux,BFC
2fb04fdf30192ff1e2b5834e9b7745889ea8bbcb,63,16,10,9,linux,BFC
06083a0921fd5939223a8bf30e83d5f483d348dc,9,84,3,1,linux,BFC
8d79266bc48c6ab6477d04e159cabf1e7809cb72,90,1,44,2,linux,BIC
f27e47bc6b8b96dd34ebad2a659b8a983cf367df,4,0,102,5,linux,BIC
72345114c96b8211ec693b1ce59f95a83a613f1d,0,0,1,1,linux,BFC
c742199a014de23ee92055c2473d91fe5561ffdf,55,23,1,3,linux,BIC
d83623c5eab25f5a83e308f24b1e6a4cb8628eb5,0,0,2,1,linux,BIC
2385eb0c5fbcb4316d3490b3affba8e15efc7eb8,0,6,5,3,linux,BFC
f06925c7394236d769c788940c9a7b85dbe4c40c,1,0,1,1,linux,BFC
678d536bb454e3bbedcaa68208550ac9dc1cc066,0,0,2,1,linux,BFC
fd10e2ce9905030d922e179a8047a4d50daffd8e,1,13,3,1,linux,BFC
5a91e32b40af86c790c4348aa3a5926a5c5fbc6d,0,0,1,1,linux,BFC
5669245b57df8a0edae475e06d1b851729a21457,0,1,0,1,linux,BFC
00fcf8c7dd564c44448ff6a39728d2ca0c8efbd8,3,0,3,1,linux,BFC
712f4aad406bb1ed67f3f98d04c044191f0ff593,22,2,7,3,linux,BIC
e0c61c04791a3500060023b0dfc35d06b0508028,4,0,0,1,linux,BIC
5c11720767f70d34357d00a15ba5a0ad052c40fe,16,0,4,3,linux,BFC
efad2b61ae258df4fb3896f5e7cd9c701f4979e6,0,0,1,1,linux,BFC
ef19e111337f6c3dca7019a8bad5fbc6fb18d635,6,0,3,1,linux,BFC
4f6be5655dc95a83882e5e6f743baf603fcc1fbd,26,3,19,2,linux,BIC
3d38faef0de1756994b3d95e47b2302842f729e2,2,0,0,2,linux,BFC
60b09c51bb4fb46e2331fdbb39f91520f31d35f7,26,0,1,1,linux,BFC
faf8ee8476c19b30fd16079ad616b2b0f56eaff4,2,0,1,1,linux,BFC
93618e344a5ee995249ab6af813092d08313ea83,11,0,0,1,linux,BIC
b08b5b53a1ed2bd7a883f8fd29232c8f03604671,0,0,1,1,linux,BFC
e4c35e75209bda13e57c9bc8d280366c2b9275a5,0,2,0,1,linux,BFC
f6e98a1809faa02f40e0d089d6cfc1aa372a34c0,2,0,13,1,linux,BFC
d5e3fadb70125c6c41f692cf1c0e626c12e11de1,27,13,19,1,linux,BIC
075fd6dff24acf51997597669e4642db6a919014,6,0,6,1,linux,BFC
2ee824026288eb7068e6327c5f34b8ddbea74094,569,52,7,6,linux,BIC
83db37385306072eca403ed80c0a8cf7b0d39e05,18,0,3,2,linux,BFC
5d266692372dfb412150006df420185b666658f9,49,0,13,5,linux,BFC
cca96584b35765bf9eb5f38ca55a144ea2ba0de4,4,0,4,1,linux,BFC
25948b87dda284664edeb3b3dab689df0a7dc889,11,0,0,1,linux,BIC
8dc7a31fbce5e2dbbacd83d910da37105181b054,0,0,3,1,linux,BFC
b67336eee3fcb8ecedc6c13e2bf88aacfa3151e2,12,0,0,1,linux,BFC
a20dcf53ea9836387b229c4878f9559cf1b55b71,3,0,1,1,linux,BIC
90427ef5d2a4b9a24079889bf16afdcdaebc4240,5,0,0,1,linux,BIC
bebb2a473a43c8f84a8210687d1cbdde503046d7,5,1,0,1,linux,BFC
5fcf092e0c9fb4895096c8809cf1fb9ba1349653,1816,0,0,1,linux,BIC
cf1ad559a20d1930aa7b47a52f54e1f8718de301,2,0,0,1,linux,BFC
3ede8f72a9a2825efca23a3552e80a1202ea88fd,48,0,2,4,linux,BIC
121660bba631104154b7c15e88f208c48c8c3297,0,7,0,1,linux,BFC
8c130827f417da791edb919df8cac56af30a1489,10,19,6,1,linux,BIC
c27f3d011b08540e68233cf56274fdc34bebb9b5,53,13,4,4,linux,BIC
c909ca718e8f50cf484ef06a8dd935e738e8e53d,18,0,1,1,linux,BIC
9c5de246c1dbe785268fc2e83c88624b92e4ec93,6,0,0,1,linux,BFC
7bac54497c3e3b2ca37b7043f1fa78586540f10e,3,7,16,1,linux,BIC
bd9dcd046509cd5355605e43791eacee8bf5e40f,7,0,1,1,linux,BIC
18f141bf97d42f65abfdf17fd93fb3a0dac100e7,0,16,3,1,linux,BFC
9333d77573485c827b4c0fc960c840df3e5ce719,64,0,36,2,linux,BIC
297e3d854784821d3b8ff3ae117f20d71f125504,51,0,22,3,linux,BIC
fe60b0ce8e7335269722ec080173a9411a9d58a5,87,14,3,3,linux,BIC
8f8382888cbaf6de13046437d41a1c3d1394d51f,21,10,2,1,linux,BIC
b9cd20619e359d199b755543474c3d853c8e3415,10,0,1,1,linux,BIC
41dc750ea67f317c0deedde713d1728425524ef2,1,0,1,1,linux,BFC
c5f9d9db83d9f84d2b4aae5a1b29d9b582ccff2f,0,0,5,1,linux,BFC
69f23a09daf9790acb801aaef4bc7aea6f69eec1,0,0,1,1,linux,BFC
db37bc177dae89cef6fc37bdbe6b223929f70245,1969,0,0,4,linux,BIC
d66a65b7f5d219528520e287ff53aea1b5252ec3,0,0,1,1,linux,BFC
345b93265b3a3d001ec23b696b66059395238d16,1,0,0,1,linux,BFC
47ea7417b0744324424405fc1207e266053237a9,4,0,0,1,linux,BIC
812ad463e0894d78e93ab8017e0edbe69038c55c,12,0,5,1,linux,BIC
26539bd0e446a54665f9d6f4c69a21140b2e1d85,5,2,0,1,linux,BIC
dac388ef4cc7a9250e59b4093b78e33da9495c6d,6,0,1,1,linux,BFC
1f391df446077d62514ee29f75970dff3d55a432,0,0,1,1,linux,BIC
7ec2b3b941a666a942859684281b5f6460a0c234,4,31,17,2,linux,BIC
9f946099fe1927aa746892232c4421e1ae175699,17,8,34,1,linux,BIC
3a6adf3263f43593c0df66a62ffed9daea562bfd,1,0,1,1,linux,BFC
0ac40af86077982a5346dbc9655172d2775d6b08,0,4,0,1,linux,BFC
0d777df5d8953293be090d9ab5a355db893e8357,0,0,4,1,linux,BFC
7eeba1706eba6def15f6cb2fc7b3c3b9a2651edc,71,15,17,2,linux,BIC
97daa028f3f621adff2c4f7b15fe0874e5b5bd6c,3,0,0,1,linux,BFC
5236333592244557a19694a51337df6ac018f0a7,38,2,2,1,linux,BIC
2bde9b3ec8bdf60788e9e2ce8c07a2f8d6003dbd,22,0,0,2,linux,BIC
46320a6acc4fb58f04bcf78c4c942cc43b20f986,0,0,1,1,linux,BFC
2f8b6161cca5fb34b0065e2eac8bb2b61b7bfe87,11,0,0,3,linux,BFC
ae8e530a7e5d87592cb23996bee7fd6f1eb202ed,0,3,78,2,linux,BIC
1f3dc3e334c1192ebe2939ea17ba12f4776f90c3,1,0,0,1,linux,BFC
43d57414b6e9f31809c2bd25b0545b887ce6ab09,0,0,2,2,linux,BFC
a148ce15375fc664ad64762c751c0c2aecb2cafe,0,5,1,1,linux,BFC
02bcf4e082e4dc634409a6a6cb7def8806d6e5e6,2,0,2,2,linux,BFC
17aee05dc8822e354f5ad2d68ee39e3ba4b6acf2,12,6,0,1,linux,BFC
63b2ed4e10b2e6c913e1d8cdd728e7fba4115a3d,0,0,3,1,linux,BFC
e4a7e67a08ac409f1485c82a2190636d5c81b932,0,0,1,1,linux,BFC
4a6f278d4827b59ba26ceae0ff4529ee826aa258,4,0,0,1,linux,BFC
9d3e2d02f54160725d97f4ab1e1e8de493fbf33a,1,0,0,1,linux,BFC
66ff89946e6a71e48acaecfd5190038922b8e96a,1,0,2,1,linux,BFC
6bab1c6afdca0371cfa957079b36b78d12dd2cf5,17,0,11,1,linux,BFC
3c0efb745a172bfe96459e20cbd37b0c945d5f8d,0,0,2,1,linux,BIC
c15158797df6c36780bd07252eb079ff4c9d1706,20,0,0,1,linux,BIC
337aadff8e4567e39669e07d9a88b789d78458b5,872,0,0,2,linux,BIC
1cc573d5754e92372a7e30e35468644f8811e1a4,2,0,0,1,linux,BFC
1c6ceeee6ebbcdf9839dbce00719162591180524,24,0,0,2,linux,BFC
1f2c9de83a50447a2d7166f6273ab0c0e97cd68e,8,0,0,1,linux,BFC
7187440dd7c45fd8b6dd4f3ff56b03ca4aa1bbd2,0,0,1,1,linux,BFC
a33d970d0b54b09746d5540af8271fad4eb10229,5,37,1,2,linux,BIC
c33fbe8f673c55c178bfe69d0d9f06f1a68bf6cf,0,10,0,1,linux,BIC
14dee8677e197f08be33aef4820b78be992c683f,13,0,2,1,linux,BIC
96a2b03f281d3a3b29c27028164f43090d6495b9,18,0,10,2,linux,BIC
ce99f6b97fcdcb4e7f6f7e2fe5e5fe6c65585cab,149,6,2,1,linux,BIC
08ca8b21f760c0ed5034a5c122092eec22ccf8f4,31,0,24,3,linux,BFC
1d71670e5e09680202c975c2332bcd2b64e8091f,0,0,21,1,linux,BFC
717ada9f10f2de8c4f4d72ad045f3b67a7ced715,0,2,0,2,linux,BFC
6a897372417e8c9e0e03c4c438fc1f48dd096ea9,119,0,62,1,linux,BIC
cf1ba1d73a33944d8c1a75370a35434bf146b8a7,3,3,0,1,linux,BFC
77218ddf46d8d71161776a37739cd1723706ec95,28,0,14,1,linux,BIC
892c7788c72480e8282b8aafe0783a244cc9f47f,1,0,3,1,linux,BFC
6de1a507c46bf22ed97043495b9ab96e4d5c213b,24,7,2,3,linux,BFC
cd1b659d8ce7697ee9799b64f887528315b9097b,0,0,1,1,linux,BFC
06b234ec26fde8d0fce54030fe0858e218636410,0,0,5,1,linux,BIC
2cf29e55894886965722e6625f6a03630b4db31d,40,0,0,1,linux,BFC
6a1c9510694fe1e901a3b5b53386eac069adcea6,54,0,1,6,linux,BIC
3c0a83b14ea71fef5ccc93a3bd2de5f892be3194,0,0,1,1,linux,BFC
4b2dc39ca024990abe36ad5d145c4fe0c06afd34,1,0,0,1,linux,BFC
23a88ade7131aa259c532ab17685c76de562242b,0,0,3,1,linux,BFC
2b01888d1b453096b5b13c0d4b73e630411198b4,2,31,48,2,linux,BIC
3da8ffd8545f62fec85a48a3c637b2f427974f11,331,0,5,5,linux,BIC
f8d9422ef80c5126112284493e69c88753c56ad1,52,0,139,1,linux,BIC
50807f22c89f77f8478d2feb8e1289582034e06e,0,1,0,1,linux,BFC
ac2614d721dea2ff273af19c6c5d508d58a2bb3e,237,0,0,3,linux,BIC
9659e49a6db45474000e4df1a2875bd0d5ab2390,21,8,4,3,linux,BFC
4fae831b3a71fc5a44cc5c7d0b8c1267ee7659f5,0,0,1,1,linux,BFC
237b47efcdbc019ccd094ad8b87847dc6fc7fda7,0,0,6,1,linux,BFC
52338088ef0569290b7eae0759c58a3de494e6c0,4,1,3,1,linux,BFC
f875a832d2028523f9b53c261b67e05a359bab8b,27,2,44,16,linux,BIC
e40cc1b476d60f22628741e53cf3446a29e6e6b9,1,0,0,1,linux,BFC
0973a4dd79fe56a3beecfcff675ba4c01df0b0c1,0,5,1,1,linux,BFC
07df5bd874f05fbbe694b75df12694f51c344311,3,2,1,1,linux,BIC
433de642a76c9e68641ee5a8c7b2720d4e8629a5,32,3,5,1,linux,BIC
ea614629c69c2c0258ef6414b017c998e3cc61a7,0,0,1,1,linux,BFC
2efee6adb56159288bce9d1ab51fc9056d7007d4,6,0,0,1,linux,BFC
c91a5b1c221a58d008485cf7d02ccce73108b119,7,0,3,1,linux,BFC
4133828c76c3f358f05818ddfec1506274159256,0,1,1,1,linux,BFC
d1f6530c3e373ddd7c76b05646052a27eead14ad,3,0,0,1,linux,BFC
a8d5df69e2ec702d979f7d04ed519caf8691a032,2,0,0,2,linux,BFC
f2d937f3bf00665ccf048b3b6616ef95859b0945,350,0,3,6,linux,BIC
01752681f1ee5febc9dd2da23f5dc0289ea125a6,0,0,1,1,linux,BFC
e765dba11ec26d7ea42974ec4d470b5ce00be3de,22,39,2,5,linux,BIC
550ac9c1aaaaf51fd42e20d461f0b1cdbd55b3d2,1,14,2,1,linux,BFC
3dfaea3811f8b6a89a347e8da9ab862cdf3e30fe,0,0,5,1,linux,BFC
90897569beb132f741c8a3fc14f8782eda0425f7,0,17,0,1,linux,BIC
6540a65da90c09590897310e31993b1f6e28485a,0,0,1,1,linux,BFC
f4327a95dd080ed6aecb185478a88ce1ee4fa3c4,0,0,1,1,linux,BFC
e075a7811977ff51c917a65ed1896e08231d2615,0,0,2,1,linux,BFC
3a732b46736cd8a29092e4b0b1a9ba83e672bf89,9,0,12,2,linux,BFC
f8d1eddaf94abdc459ccfb881aa7233cb9f7f39a,3,3,3,1,linux,BFC
853402a0082315f6c4f38feeba2c6c81a393557c,68,70,5,5,linux,BIC
aa685acd98eae25d5351e30288d6cfb65b9c80a5,0,6,13,3,linux,BFC
312a0c170945b49f319960afd2e492c05f9dd551,26,6,0,2,linux,BIC
632bc3f65081dd1e2e5394a9161580a0f78e8839,16,7,1,3,linux,BIC
53dd0a7cd65edc83b0c243d1c08377c8b876b2ee,4,0,2,1,linux,BFC
528bff0cdb6649f97f2c4802e4ac7a4b50645f2f,0,0,3,1,linux,BFC
2843cbb5d3c467a85112f004a8a9345370760520,0,2,6,1,linux,BFC
a6db2c86033bc41329770e90c20d4f1fec3824e4,7,0,2,1,linux,BFC
bf5a530971afbe959348af4d84d17636108e6abf,35,0,11,2,linux,BIC
3c8e5105e759e7b2d88ea8a85b1285e535bc7500,0,0,1,1,linux,BFC
900c9981680067573671ecc5cbfa7c5770be3a40,18,0,0,1,linux,BFC
592ee43faf860c1f2c0a4c11838db6fdb974bb78,1,0,2,1,linux,BFC
152204dbdcee6df9406f87c81f9591aeaf1ba55b,1,0,0,1,linux,BFC
387caf0b759ac437a65ad5d59665558025f350fc,2,2,8,1,linux,BIC
864b9a393dcb5aed09b8fd31b9bbda0fdda99374,53,10,1,4,linux,BIC
0208bc8803918d7e84f247f1d4f1730171a24c16,0,0,1,1,linux,BFC
e3a9b07a9caf4e490eee2c0645530cdc80a685f2,66,0,53,1,linux,BIC
212e7f56605ef9688d0846db60c6c6ec06544095,1,0,9,1,linux,BFC
ef739b2175dde9c05594f768cb78149f1ce2ac36,7,0,0,2,linux,BFC
ab1016d39cc052064e32f25ad18ef8767a0ee3b8,1,0,1,1,linux,BFC
9fb137aef34e4eedaa23307d309b0ebe8358fea1,23,0,4,1,linux,BIC
34d4bc4d41d282a66dafe1b01a7d46bad468cefb,163,15,22,6,linux,BIC
ada7c19e6d27bf4bb6a242960ac6e76f9f21cdd7,0,0,1,1,linux,BIC
58c59ef9e930c4a2eec8451993d291dd02257bbb,98,0,0,1,linux,BIC
d166a73503ef74fb761f1a3103ef7919928d7b52,29,1,5,1,linux,BIC
bbd64559376fa25732994c4181c8ec493fa57871,49,0,31,2,linux,BIC
9a626577398c24ecab63c0a684436c8928092367,4,6,14,1,linux,BFC
29d40b4a5776ec4727c9f0e00a884423dd5e3366,3,0,1,1,linux,BFC
52091c256bdcad0d01e2852a63f19cd2cce6af96,1,0,0,1,linux,BFC
642261ac995e01d7837db1f4b90181496f7e6835,348,12,38,3,linux,BIC
c21f515c743687c6c2b3d38227e6ad8e6b733409,18,8,4,1,linux,BIC
af0db981f35ea99b00a0b249bf0bedef8cf972e8,0,1,1,1,linux,BFC
2c9ac51b850d84ee496b0a5d832ce66d411ae552,96,0,1,2,linux,BIC
767d34fc67af3939b8ec09804e2b60a1daf94945,22,30,12,6,linux,BIC
985863d00a8feb597a38df38f8fc2f70e980156f,0,1,1,1,linux,BFC
7868620a3c15dbc661fb5d849de403ac04624c50,9,0,2,2,linux,BFC
f04ed7d277e842af9934b71b529341d1ba31a9c1,8,2,4,3,linux,BIC
0ad30ff67bd3e82da8c1dc4d74b88aca846dbbd9,9,0,1,2,linux,BFC
95cde3c59966f6371b6bcd9e4e2da2ba64ee9775,2,0,1,1,linux,BFC
95255017e0a84692faa33fdc0746433987b5aff0,76,0,1,3,linux,BIC
f0a7d1883d9f78ae7bf15fc258bf9a2b20f35b76,0,4,0,2,linux,BFC
808f80b46790f27e145c72112189d6a3be2bc884,3,0,8,1,linux,BIC
c9a70d43461d83818825ae065bb8fc887421e150,4,0,1,1,linux,BIC
f650df7171b882dca737ddbbeb414100b31f16af,1,0,3,1,linux,BFC
3e6dc7b650250f88b8f2a62ed0edac8df951e952,0,0,4,1,linux,BFC
427b00342c5a3ebcf31fac2ce3b21fb993952816,7,0,1,2,linux,BFC
4a287eba2de395713d8b2b2aeaa69fa086832d34,79,0,15,1,linux,BIC
b3c0f8774668fd30a3efb2d0afc1a6527dacb858,51,3,36,3,linux,BIC
885751eb1b01d276e38f57d78c583e4ce006c5ed,2,0,0,1,linux,BFC
53e947a0e1f770b9707febb7054b856878945d50,29,46,14,1,linux,BIC
bf81100f63db7ea243d17b9d5008ba3af2fdf6b2,0,0,4,1,linux,BFC
d7e203ffd3ba5965e88952e7364a42ab32064408,3,11,4,1,linux,BFC
958567600517fd15b7f35ca1a8be0104f0eb0686,0,1,1,1,linux,BFC
53da0ebaad102626f56495e0967a614f89a2acc8,222,12,4,8,linux,BIC
9293d3fcb70583f2c786f04ca788af026b7c4c5c,1,0,6,2,linux,BFC
ceb11679d9fcf3fdb358a310a38760fcbe9b63ed,6,6,0,1,linux,BFC
e18e0f6b7c8f220774dd68965e8a9b046905acc8,12,3,26,1,linux,BFC
90017accff61ae89283ad9a51f9ac46ca01633fb,302,0,125,13,linux,BIC
c54b071c192dfe8061336f650ceaf358e6386e0b,0,2,3,1,linux,BFC
dadbd85f2afc8ccd1dd1f0131781c740c91edd96,11,0,1,1,linux,BFC
ed604c5da34d96ae289c67c46dedd7dfd9fa795e,8,0,6,1,linux,BFC
4739824e2d7878dcea88397a6758e31e3c5c124e,0,0,1,1,linux,BFC
6bda666a03f063968833760c5bb5c13062ab9291,19,37,5,1,linux,BIC
3e1b6469f8324bee5927b063e2aca30d3e56b907,12,9,7,1,linux,BFC
b758dbd57650b4157da98b2c734974b409849625,1,0,0,1,linux,BFC
b985172b328abc6de495a87ab998b267c5a09c16,202,20,12,1,linux,BIC
638bc4ca3d28c25986cce4cbad69d9b8abf1e434,1,0,9,1,linux,BFC
f799ada6bf2397c351220088b9b0980125c77280,5,0,3,1,linux,BFC
1acd010152138644f63d743e165161edc780fc32,0,2,1,1,linux,BFC
eaa93bf4c6090809395605d1775a0db9970eda5e,6,1,1,2,linux,BFC
e519869af368fe1da218b43bdb3a553d66f4fcd0,0,0,1,1,linux,BFC
6636fb310681d716f50c2e4064daf44ff358685e,0,0,1,1,linux,BFC
2fc4bfb7250d79ee4e58c1d5bca257687e9f5e53,43,35,7,1,linux,BIC
23dd4581350d4ffa23d58976ec46408f8f4c1e16,0,0,3,2,linux,BFC
de9e33bdfa22e607a88494ff21e9196d00bf4550,6,0,12,1,linux,BIC
8820b68bd378db1821b23b93dbb5a1a06cbbdfdd,56,46,49,8,linux,BIC
168fed986b3a7ec7b98cab1fe84e2f282b9e6a8f,0,0,3,1,linux,BFC
9f17dbf04ddf55ae48f5bbafea4c4920ea943215,4,0,3,1,linux,BFC
372549c2a3778fd3df445819811c944ad54609ca,0,0,1,1,linux,BFC
f6262bda462e81e959b80a96dac799bd9df27f73,0,10,0,1,linux,BFC
b270bfe697367776eca2e6759a71d700fb8d82a2,2,0,0,1,linux,BFC
b3db86dc4b82ffc63e33c78dafc09d5c78ac4fe4,10,42,16,1,linux,BIC
4f8217d5b0ca8ace78a27dc371b87697eedc421d,223,0,0,1,linux,BIC
22bb13653410424d9fce8d447506a41f8292f22f,2,3,5,2,linux,BFC
a3aa6e65beebf3780026753ebf39db19f4c92990,0,0,1,1,linux,BFC
a8db76d40e4d568a9e9cc9fb8d81352b5ff530ee,22,55,126,2,linux,BIC
d0015fdd3d2c9cc5927637c74a66d85e8bcacf1c,139,76,12,3,linux,BIC
f36a5543a74883c21a59b8082b403a13c7654769,2,0,2,1,linux,BFC
0146dca70b877b73c5fd9c67912b8a0ca8a7bac7,362,4,33,12,linux,BIC
ccc8ca9b90acb45a3309f922b2591b07b4e070ec,1,2,10,2,linux,BFC
e7efc2ce3d0789cd7c21b70ff00cd7838d382639,0,0,1,1,linux,BFC
2c49d34f3b49812d4978a44b114b571fc421e2d0,0,3,4,1,linux,BFC
aefa5bc87c808dd08db2fc79ebdbf19ed4af7be2,1,0,0,1,linux,BFC
b392350ec3f229ad9603d3816f753479e441d99a,9,0,0,1,linux,BFC
9d855d468dc655d10be6cb52e36aa0bbfa6f515d,15,10,2,1,linux,BIC
9d516aa82b7d4fbe7f6303348697960ba03a530b,0,0,4,1,linux,BFC
2f92447f9f96583112420aa3cfb400ded55f667e,0,17,5,1,linux,BIC
d0eb06afe712b7b103b6361f40a9a0c638524669,2,0,2,1,linux,BFC
b9bc36704cca500e2b41be4c5bf615c1d7ddc3ce,0,0,4,2,linux,BFC
fac73543fff0ff23622c98879c66d069778c114a,7,0,2,1,linux,BFC
c0d05cde2a685cd6486390c62be684ce456d84d6,0,3,1,1,linux,BFC
2df4c9a741a0b5e2883cc356c1b724d1f739fb55,45,2,38,1,linux,BIC
80994e3f5e8dfd95343d07499117134aae006d46,4,0,2,1,linux,BFC
f417f04da589f579fb0c0adea5e5474ed634c18f,27,13,10,2,linux,BIC
6f16371453476fd094760ea3d6f00144e9ae3057,4,0,0,1,linux,BFC
998e1aba6e5eb35370eaf30ccc1823426ec11f90,10,1,2,1,linux,BFC
54cbd6b0c6b9410782da3efe7377d43bb636faaf,57,5,21,4,linux,BIC
6beb7bd52e482c213dfa6c1c88e27a579df5bf4d,32,32,37,1,linux,BIC
9879de7373fcfb466ec198293b6ccc1ad7a42dd8,15,32,20,2,linux,BIC
2947ba054a4dabbd82848728d765346886050029,114,508,6,6,linux,BIC
ef801f07e7b3cc1786d8ab1b4fdf069cc2a136d2,3,4,2,1,linux,BFC
a9ddb575d6d6c58c39e8c44a22b84445fedb0521,164,17,0,3,linux,BIC
89e5785fc8a6b9eafd37f2318a9a76d479c796be,1597,0,0,2,linux,BIC
9ac8d17694b66d54b13e9718b25c14ca36dbebbd,632,0,0,1,linux,BIC
c0d4e9d223c5f4a31bd0146739dcc88e8ac62dd5,3,1,6,2,linux,BIC
768664114b1ac9184f1dc6217d9c930a08ffbfa8,0,0,1,1,linux,BFC
2950219d87b040959f23484dd4ff5856bf1bc172,1935,0,0,2,linux,BIC
5a972474cf685bf99ca430979657095bda3a15c8,0,0,1,1,linux,BFC
272420214d261e97f08a4c555defb3924de06ae8,40,0,0,1,linux,BIC
cc8e7c69db4dcc565ed3020f97ddd6debab6cbe8,0,0,3,1,linux,BFC
60e1d0fb290197fe505dff6e4e3b7e4d258dbf60,89,0,0,6,linux,BIC
3d2ee78906af5f08d499d6aa3aa504406fa38106,18,0,0,1,linux,BFC
78e5a3399421ad79fc024e6d78e2deb7809d26af,0,3,8,1,linux,BIC
15608ed03f10a1414188612b0ee9653e3c78bbd9,24,20,9,3,linux,BFC
2dbce590117981196fe355efc0569bc6f949ae9b,52,0,4,2,linux,BIC
cb4855b49deb1acce27706ad9509d63c4fe8e988,2,0,2,2,linux,BFC
5720ec0a6d2605930934f3f154b048e8be3d8a40,116,11,6,1,linux,BIC
1d90ca897cb05cf38bd62f36756d219e02913b7d,2,11,9,2,linux,BIC
8da80c9d50220a8e4190a4eaa0dd6aeefcbbb5bf,45,0,2,3,linux,BFC
822e86d997e4d8f942818ea6ac1711f59a66ebef,0,21,8,1,linux,BIC
376b3ff54c9a1cd54d71b1102e061fccf56d535e,0,10,5,4,linux,BIC
0d7dab926130e194decf1b4dabbf66de6e68bf0c,24,0,20,1,linux,BIC
bfa37087aa04e45f56c41142dfceecb79b8e6ef9,10,1,0,4,linux,BFC
c01638f5d919728f565bf8b5e0a6a159642df0d9,0,3,2,1,linux,BFC
7cca85dff2d2a67836ecb2f4bf6466bc5080e007,0,0,2,1,linux,BFC
71614e1c21cdc5dc90a50127ac843416c26dce7e,0,3,0,1,linux,BFC
0a8e7b7d08466b5fc52f8e96070acc116d82a8bb,42,1,4,4,linux,BFC
1ecab9370eef94a334c790fd7ae584b88de56545,0,0,1,1,linux,BFC
f5777bc2d9cf0712554228b1a7927b6f13f5c1f0,1,0,1,1,linux,BFC
258031c017c353e899902342a25579fc81a34cc1,56,0,3,5,linux,BIC
4ece477870774698e6e73d5821a3dd1605ca123b,200,0,16,2,linux,BIC
753f3884f253de6b6d3a516e6651bda0baf4aede,2,0,1,1,linux,BFC
458bd99e49742c225f75501591573959c7ef50a2,0,3,0,2,linux,BFC
33ea4b24277b06dbc55d7f5772a46f029600255e,180,3,6,5,linux,BIC
3b6471c7becd06325eb5e701cc2602b2edbbc7b6,0,0,5,1,linux,BFC
79da4721117fcf188b4b007b775738a530f574da,18,0,3,1,linux,BIC
b1a811633f7321cf1ae2bb76a66805b7720e44c9,10,0,0,1,linux,BIC
d852657ccfc0e45570989a5f142e11c950d9a793,436,0,4,10,linux,BIC
430ffaf46c05bda56535893f38e684f5418c4c93,1,0,7,1,linux,BFC
035744975aecf9b8e02920d93027a432c51062d1,61,85,14,3,linux,BIC
42dbdcc6bf965997c088caff2a8be7f9bf44f701,191,0,30,1,linux,BIC
f85daf0e725358be78dfd208dea5fd665d8cb901,3,0,1,1,linux,BFC
cc66afea58f858ff6da7f79b8a595a67bbb4f9a9,6,1,0,1,linux,BFC
2b9fff64f03219d78044d1ab40dde8e3d42e968a,4,4,0,1,linux,BFC
da3564ee027e788a5ff8e520fb2d2b00a78b2464,61,0,28,1,linux,BIC
e812744c5f953cb8bbce2d8cfbcb2e8e7df7535d,141,0,13,5,linux,BIC
4a263bf331c512849062805ef1b4ac40301a9829,9,0,1,2,linux,BFC
e155b0c238b20f0a866f4334d292656665836c8a,50,77,75,7,linux,BIC
ce0ba496dccfc15d3a8866b845864585b5d316ff,10,11,1,1,linux,BIC
e2a0c9fa80227be5ee017b5476638829dd41cb39,0,0,2,1,linux,BFC
a6717c01ddc259f6f73364779df058e2c67309f8,5,0,3,1,linux,BFC
54de93cd8740d52a83728802b4270f953d1a636f,1,0,0,1,linux,BFC
f51466901c07e6930435d30b02a21f0841174f61,2,0,1,1,linux,BFC
37e2d4843f9e2f5aad6bf3be5dad174f2838f375,47,152,1,4,linux,BIC
8e68c6340d5833077b3753eabedab40755571383,0,0,3,1,linux,BFC
7236ead1b14923f3ba35cd29cce13246be83f451,1,9,1,2,linux,BFC
b0ce902febef24f917c33d5a5982030dac53141d,0,0,1,1,linux,BFC
ddea4bbf287b6028eaa15a185d0693856956ecf2,0,2,4,1,linux,BIC
27836b641c1bf693c96c627388497b4e0f57441b,24,90,34,2,linux,BIC
0115a63c999363b9558376b61c4037813d9063db,353,0,0,1,linux,BIC
407ecd1bd726f240123f704620d46e285ff30dd9,3,0,0,1,linux,BFC
df5042f4c5b9326c593bf2e31ed859ebc3b4130a,266,0,1,4,linux,BIC
3b27d00e7b6d7c889d87fd00df600c495b968e30,106,75,8,4,linux,BIC
6808abdb33bf90330e70a687d29f038507e06ebb,1,0,0,1,linux,BFC
1b52e50f2a402a266f1ba2281f0a57e87637a047,0,0,1,1,linux,BFC
54c1fb39fe0495f846539ab765925b008f86801c,0,0,2,2,linux,BFC
3e148a3209792e04f63ec99701235c960765fc9a,128,0,1,3,linux,BIC
674ee8e1b4a41d2fdffc885c55350c3fbb38c22a,4,0,4,1,linux,BIC
b0aff01e7aa6ad2d6998ef1323843212d1db8b04,1,0,0,1,linux,BFC
82f6cdcc3676c68abaad2aac51a32f4e5d67d01e,25,1,13,2,linux,BIC
b4bd2aafacce48db26b0a213d849818d940556dd,3,0,0,1,linux,BFC
1010ba4c5d1cb7e884100e54c0909885dc53a755,0,24,0,1,linux,BIC
f0457690af56673cb0c47af6e25430389a149225,2,0,0,1,linux,BFC
2f5dc00f7a3ea669fd387ce79ffca92bff361550,259,18,39,17,linux,BIC
e2412c07f8f3040593dfb88207865a3cd58680c0,3,6,10,1,linux,BFC
2e7a5b3e22368b65583d1b717e267de0a5906c32,1,0,0,1,linux,BFC
60a9244a5d14218cbdd2030e140e3c693d0c030d,15,0,0,1,linux,BIC
3566ee1d776c1393393564b2514f9cd52a49c16e,0,8,18,4,linux,BFC
90d4fa4540f16df552b4bac480a032552e594fc3,0,1,1,1,linux,BFC
c45b1fa2433c65e44bdf48f513cb37289f3116b9,5,0,8,1,linux,BFC
9f878603dbdb7db357fc7d6f60b55a0b9fd6e2f0,69,3,5,1,linux,BIC
b6a7719aedd7e5c0f2df7641aa47386111682df4,5,0,21,10,linux,BIC
157f38f993919b648187ba341bfb05d0e91ad2f6,0,0,1,1,linux,BFC
edc90b7dc4ceef62ef0ad9cc6c3f5dc770e83ad2,11,6,5,4,linux,BIC
26f89535a5bb17915a2e1062c3999a2ee797c7b0,2,0,20,2,linux,BIC
c543f54698229b50078b72760b9e8a4731cffa03,15,1,2,1,linux,BIC
7a8aa39d44564703620d937bb54cdea2d003657f,14,0,0,1,linux,BFC
0dc16ef4f6c2708407fab6d141908d46a3b737bc,0,1,2,1,linux,BFC
1ffe09590121fbb3786d6c860acdd200f7ab095c,0,1,3,1,linux,BFC
c774ad010873bb89dcc0cdcb1e96aef6664d8caf,0,0,1,1,linux,BIC
defe40af1a7143a0538d7c3e87224459eea0a877,0,2,0,1,linux,BFC
90d41e74a9c36a84e2efbd2a5b8d79299feee6fa,23,1,7,1,linux,BFC
a551cd66bc0a15ba00433743094c2453e1ee7aa9,0,5,1,1,linux,BFC
c99993376f72ca3dcc989813512607c6435cbed8,604,0,0,1,linux,BIC
48bc281e4bf049abd3bb98371209315651bf4a14,1,0,1,1,linux,BFC
1a497983a5ae62b4970187183fb3b40e68515a24,66,34,125,11,linux,BIC
ee983079ce04641523b23b8ed02cc3503632351e,228,1,4,3,linux,BIC
54851aa90cf27041d64b12f65ac72e9f97bd90fd,16,0,1,1,linux,BFC
02dd2b12a685944c4d52c569d05f636372a7b6c7,55,75,0,1,linux,BIC
518a86713078168acd67cf50bc0b45d54b4cce6c,4,2,7,1,linux,BFC
23dd5bb49d986f37977ed80dd2ca65040ead4392,183,0,0,4,linux,BIC
7bb58b987fee26da2a1665c01033022624986b7c,10,10,0,1,linux,BFC
74c450521dd8d245b982da62592a18aa6f88b045,34,0,15,6,linux,BIC
d0a67c372df410b579197ea818596001fe20070d,0,0,1,1,linux,BFC
30544ed5de431fe25d3793e4dd5a058d877c4d77,28,0,0,2,linux,BIC
79579220566cd33fe3b15ce8249c57e10251b258,282,0,2,2,linux,BIC
2fa9933d685ee9bcab056c81ef5f7fa242ba90e3,2,0,3,1,linux,BFC
301519674699aa9b80a15b2b2165e08532b176e6,134,0,25,5,linux,BIC
4e673ed4e2bfac00b3c3043a84e007874c17c84d,0,1,0,1,linux,BFC
ab44081fef9b5d31ea5641494c9a379b0ebe1839,2,0,0,1,linux,BFC
dc8a01ae1dbd7bac98368da4d8f81632512429f5,30,0,2,1,linux,BIC
ca03042f0f1221c3173bbe81ebd974b91a4dbb15,47,0,2,1,linux,BIC
1c49f35e9e9156273124a0cfd38b57f7a7d4828f,1,0,0,1,linux,BFC
91a2968e245d6ba616db37001fa1a043078b1a65,1,0,0,1,linux,BFC
72655c0ebd1d941d80f47bf614b02d563a1e61ae,2,0,1,1,linux,BFC
f3b3614a284deb124018155a618a7b19694c8b5c,288,0,4,26,linux,BIC
d3c4a43d9291279c28b26757351a6ab72c110753,2,18,8,5,linux,BIC
fcb970581dd900675c4371c2b688a57924a8368c,0,0,2,1,linux,BFC
3b2abda7d28c69f564c1157b9b9c21ef40092ee9,264,31,64,2,linux,BIC
f6d58266d731fd7e63163790aad21e0dbb1d5264,2,1,4,3,linux,BFC
cea45a3bd2dd4d9c35581328f571afd32b3c9f48,5,8,2,1,linux,BFC
a8566d79f8ffb09a9d046bc98eb7ab59c79c6b58,0,1,1,1,linux,BFC
cdb929e4452a8dab15daccc88e43d0f7e73b5500,53,0,6,1,linux,BIC
e1921cd14640f0f4d1fad5eb8e448c58a536415d,0,0,4,1,linux,BFC
495f926c68ddb905a7a0192963096138c6a934e1,2,2,0,1,linux,BIC
735f7d2fedf57380214221be7bed7f62d729e262,43,13,13,5,linux,BIC
f9c955b4fe5c8626d11b8a9b93ccc0ba77358fec,35,1,0,3,linux,BFC
6784beada631800f2c5afd567e5628c843362cee,17,0,2,1,linux,BFC
9478e083941c873d60a97b232760a14dec6c69d3,33,5,0,1,linux,BFC
fd3bb8f54a88107570334c156efb0c724a261003,162,0,4,2,linux,BIC
6d72e7c767acbbdd44ebc7d89c6690b405b32b57,2,0,1,1,linux,BFC
9afe52d54bb0d7ec1fdaf2abb36b39a9938bc5ef,50,0,5,3,linux,BIC
f55adad601c6a97c8c9628195453e0fb23b4a0ae,1,0,1,1,linux,BFC
f09943fefe6b702e40893d35b4f10fd1064037fe,1857,0,0,11,linux,BIC
0ed9ca25894ef673d0259e4bd312d5fa1b9a6591,0,0,1,1,linux,BFC
5702222c9a7af4a207066d54aa95cfe31f34f2f8,0,6,6,1,linux,BIC
3dae220595baa7a9fb582b851b54c10ad6a0cbae,2,0,8,4,linux,BIC
7f7b4236f2040d19df1ddaf30047128b41e78de7,21,0,1,1,linux,BIC
3d3a360e5706169a60fd4f26a9cec7da196a41c9,3,10,4,1,linux,BIC
7d485f647c1f4a6976264c90447fb0dbf07b111d,221,0,2,3,linux,BIC
26b6f1c870b81ce8a48751a21f363958d2c04cf2,0,0,1,1,linux,BFC
70447e0ad9781f84e60e0990888bd8c84987f44e,16,0,3,1,linux,BFC
29e4276667e24ee6b91d9f91064d8fda9a210ea1,0,0,1,1,linux,BFC
c227233ad64c77e57db738ab0e46439db71822a3,9,0,2,1,linux,BIC
0b1c764339ef35dccaa49d8466ec2bb08362c233,0,0,1,1,linux,BFC
ec2a29593c83ed71a7f16e3243941ebfcf75fdf6,115,10,11,3,linux,BIC
049fde130419c93fa667d4b41e29e6e7854d4939,0,9,5,2,linux,BIC
c1301077213d4dca34f01fc372b64d3c4a49a437,0,0,1,1,linux,BFC
b3650bf76a32380d4d80a3e21b5583e7303f216c,13,13,6,3,linux,BFC
54027a49938bbee1af62fad191139b14d4ee5cd2,0,0,1,1,linux,BFC
2339cd6cd0b5401fa3fe886bf1c0cb8822041957,5,0,9,1,linux,BFC
5ebcbe342b1c12fae44b4f83cbeae1520e09857e,8,2,0,2,linux,BFC
c5b14df7a80acadbbd184808dc3f519fbb2ab96c,0,0,1,1,linux,BFC
b03a017bebc403d40aa53a092e79b3020786537d,78,0,8,1,linux,BIC
ba46b576a7954fa54ff4c1ef976624794b6668f6,3,0,0,1,linux,BFC
80a261fd00327898e272ddc84ccc9510c036453c,72,0,0,2,linux,BIC
7ed735c33104f3c6194fbc67e3a8b6e64ae84ad1,4,0,0,1,linux,BFC
e145f5565dc48ccaf4cb50b7cfc48777bed8c100,0,0,1,1,linux,BFC
ad5003300b077bf1af15e667097b3b1f73288177,0,0,2,1,linux,BFC
8c755ace357c77fbfea61a2ce07d9723a9bb482f,184,0,0,1,linux,BIC
d51224b73d18d207912f15ad4eb7a4b456682729,4,0,8,1,linux,BFC
4a29213cd775cabcbe395229d175903accedbb9d,2,0,0,1,linux,BFC
d452930fd3b9031e59abfeddb2fa383f1403d61a,385,9,23,5,linux,BIC
b4e3e59fb59c214c5bcf9d1bf2971f100e0dac4f,318,0,0,1,linux,BIC
6b63376722d9e1b915a2948e9b30f4ba2712e3f5,9,0,0,1,linux,BFC
300efa9eea451bdcf3b5a1eb292222e06e85bb2c,5,7,6,2,linux,BFC
226df3ef1c02a99e7303d91dc27267fae529a820,5,0,5,1,linux,BFC
f5e165e72b29d908214e554ef57f67790ba95934,51,32,7,4,linux,BIC
6f1b660731d841aa429a836c4ba04af551628050,0,0,5,1,linux,BFC
ff93bca769925a2d8fd7f910cdf543d992e17f07,14,0,7,2,linux,BFC
411b44ba80ab0023383fe3f377e903cb0cb7d8bb,247,0,19,1,linux,BIC
72fd50e14e46dc0edf360631bdece87c2f066a97,5,2,0,1,linux,BFC
1598ecda7b239e9232dda032bfddeed9d89fab6c,4,0,2,1,linux,BFC
4dd0481584d09221849ac8a3af4cd3cefd58c11e,0,0,1,1,linux,BFC
8b7c6e1cb2cb1d4e2ee94556695d80dde6ccdcc6,2,0,0,1,linux,BFC
4a50d454502f1401171ff061a5424583f91266db,0,0,3,1,linux,BFC
c3f8324188fa80178f20c8209b492ca6191177e8,142,12,51,10,linux,BIC
644570b830266ff33ff5f3542b9c838f93a55ea6,0,0,3,30,linux,BIC
e0831e7af4e03f2715de102e18e9179ec0a81562,47,13,14,2,linux,BFC
0fa963553a5c28d8f8aabd8878326d3f782045fc,0,0,1,1,linux,BFC
724cc62f7a71e3a04112126806c62d9c639ab92c,0,0,2,1,linux,BFC
642525e3bd474dc50b7d0e8ee9c966b97e4be3ac,2,0,0,1,linux,BFC
f5dd87326fefe42a4b1a4b1a1a695060c33a88d6,4,0,1,1,linux,BFC
6ccbe607132bd823abbad8d32b13af89161707da,719,0,0,2,linux,BIC
e10237cc76ef9a4066a84aa2cc710bfd708cc341,0,4,1,1,linux,BFC
d3316c8233bb05e0dd855d30aac347bb8ad76ee4,10,0,11,1,linux,BIC
9d02831e517aa36ee6bdb453a0eb47bd49923fe3,3,0,0,1,linux,BFC
c6c5df293bf1b488cf8459aac658aecfdccb13a9,1,1,0,1,linux,BFC
a8b6fda38f80e75afa3b125c9e7f2550b579454b,0,1,0,1,linux,BFC
d2ed49cf6c13e379c5819aa5ac20e1f9674ebc89,0,0,2,1,linux,BFC
7f8d1ade1b19f684ed3a7c4fb1dc5d347127b438,16,0,3,1,linux,BIC
70a6fcf3283a0ac1e11737c6d90c0753f9824e9d,34,100,0,3,linux,BIC
b07ac9894644202614ca87c69f3f45e424a82fef,2,0,1,1,linux,BFC
cc5fd15fc5578e5a3da13f6b14b42ebef5ad42c2,0,1,2,2,linux,BFC
bc3ab70584696cb798b9e1e0ac8e6ced5fd4c3b8,1,0,0,1,linux,BFC
b9a4fa6978bef902409858737fa180fa7b9346ac,43,0,1,1,linux,BIC
9e701c610923aaeac8b38b9202a686d1cc9ee35d,3,0,2,4,linux,BIC
52c0d4e306ca0261a896f5e2ad823112195b7f4b,1,0,1,1,linux,BFC
af4bdcf675cf768dc3558682fc178e0e3e70bb52,0,0,26,1,linux,BIC
5b74d1d16e2f5753fcbdecd6771b2d8370dda414,5,0,3,1,linux,BFC
0986d97741150b307775d56f587a73ea873a4f4d,2,0,1,1,linux,BFC
2e31125c241212e2407d61a2d1cbdad0055a30b0,5,0,5,1,linux,BFC
a9b952d267e59a3b405e644930f46d252cea7122,0,0,2,1,linux,BFC
d2201a21598aa6ad47e23272119bc29e48201670,0,15,8,1,linux,BIC
e8309d50e97851ff135c4e33325d37b032666b94,8,0,0,2,linux,BFC
d9dc7a3500a58de9bf3861d1a96ffeab42624b4f,9,0,1,1,linux,BFC
e5e179aa3a39c818db8fbc2dce8d2cd24adaf657,9,26,8,3,linux,BFC
616d91b68cd56bcb1954b6a5af7d542401fde772,0,3,0,1,linux,BIC
0ac4827f78c7ffe8eef074bc010e7e34bc22f533,2,1,5,2,linux,BFC
d98849aff87911013aadb730138ab728b52fc547,16,15,3,4,linux,BIC
6a68d855708497c542d57a82a5f8e3a513a65a82,78,0,1,1,linux,BIC
7bb9557b48fcabaa12750a8775352740def381a8,38,136,45,1,linux,BIC
f677b77050c144bd4c515b91ea48bd0efe82355e,0,0,1,1,linux,BFC
479b878a95951c618e6c881f9cf00fe98dd069f9,2,0,0,1,linux,BFC
2391b0030e241386d710df10e53e2cfc3c5d4fc1,0,11,0,1,linux,BIC
a1be1f3931bfe0a42b46fef77a04593c2b136e7f,0,1,0,1,linux,BFC
6e628cd3a8f78cb0dfe85353e5e488bda296bedf,123,72,45,4,linux,BIC
5ad7346b4ae2d59cfee106ec8e40ee2561476d47,17,1,2,1,linux,BIC
c91026a938c261c2241c391a12b7f99647cb8a06,5,0,0,1,linux,BIC
b1a951fe469eb51646bf2e6d2c5f4a19fe1d4627,109,0,0,2,linux,BIC
9678f3361afc27a3124cd2824aec0227739986fb,13,0,0,1,linux,BIC
af3008485ea0372fb9ce1f69f3768617d39eb4e6,731,0,0,2,linux,BIC
a30a9ea6e21b495372aff549f3dfd63198bd1f45,0,1,0,1,linux,BFC
d317b0a8acfc4b126858e4cdadb03338d22f8ce0,1,0,0,1,linux,BFC
3735459037114d31e5acd9894fad9aed104231a0,5,5,0,1,linux,BFC
c2dd5146e9fe1f22c77c1b011adf84eea0245806,2,0,0,1,linux,BFC
81d8750b2b59cd4e0fe4bf4fcf64e5348686c1f0,600,0,1,2,linux,BIC
1f000e1bfff42e960e5d4562213a95016acc712f,2,0,0,1,linux,BFC
f874b80e1571118fcf4554878633556f06f998e6,472,0,0,2,linux,BIC
d46a9d678e4c9fac1e968d0593e4dba683389324,2,0,2,1,linux,BFC
4d5cfcba2f6ec494d8810b9e3c0a7b06255c8067,0,1,5,1,linux,BIC
97ee6e925552438600f6c244595e3f07612bbf6f,13,4,7,3,linux,BIC
2ad9d7747c10d17cc06447944fefd4c29ae11eb1,3,16,7,3,linux,BIC
fa1d113a0f96f9ab7e4fe4f8825753ba1e34a9d3,0,0,3,1,linux,BFC
cbb999dd0b452991f4f698142aa7ffe566c0b415,0,0,1,1,linux,BFC
79a1f0ccdbb4ad700590f61b00525b390cb53905,1,0,6,1,linux,BFC
215a22ed31a1332075866eca07744d442367c04b,13,0,16,1,linux,BIC
83934b75c368f529d084815c463a7ef781dc9751,6,0,0,1,linux,BFC
0fb8bcf022f19a375d7c4bd79ac513da8ae6d78b,1,0,4,1,linux,BFC
d68fe15b1878acf6a88367c360bc98b309a9270e,50,8,28,6,linux,BIC
45ad7db90b42555c8107f18ec6d6a1e9bce34860,6,0,1,1,linux,BFC
dd3bb14f44a6382de2508ec387c7e5569ad2d4f1,122,6,26,2,linux,BIC
c9b69a0cf0b4336fe7d2e35c46273debc68910fd,0,28,6,1,linux,BIC
31749468c3f9d77927ed3144259dc208e6625ede,4,0,4,1,linux,BFC
c9bb6165a16e6d5498981a6c777b94a78e74462b,2,0,1,2,linux,BIC
5148e5950c675a26ab1f5eb4b291e9bd986116c9,121,16,12,5,linux,BIC
1e2aa46de526a5adafe580bca4c25856bb06f09e,0,0,1,1,linux,BFC
ddbb4db4ced1ba784fcd3500179a7291b6c5d7b7,117,0,0,3,linux,BIC
d7782145e1ad537df4ce74e58c50f1f732a1462d,9,0,2,1,linux,BFC
5b18b5a737600fd20ba2045f320d5926ebbf341a,20,64,6,6,linux,BIC
76e398a6271285c1f361d66445a55cdcee5c1b4b,75,11,40,6,linux,BIC
f8127476930b98fc9e9aa5de0bbf9eeaf45db219,0,9,1,1,linux,BFC
37406a60fac7de336dec331a8707a94462ac5a5e,22,29,4,1,linux,BFC
f980d055a0f858d73d9467bb0b570721bbfcdfb8,0,5,2,1,linux,BFC
409888e0966e2753f8e272b89806738469c47e1d,0,2,1,1,linux,BIC
8a6430ab9c9c87cb64c512e505e8690bbaee190b,4,0,0,1,linux,BFC
b7a523109fb5c9d2d6dd3ffc1fa38a4f48c6f842,0,2,0,1,linux,BIC
524353ea480b0094c16f2b5684ce7e0a23ab3685,1460,0,0,4,linux,BIC
0e63ea48b4d8035dd0e91a3fa6fb79458b47adfb,2,1,0,2,linux,BFC
35e455f47ac2e7fbc0c25871a4e91c563ff78ce1,0,0,1,1,linux,BFC
19939860dcae5a3b2e11318eb7d65b4db2e55e2b,269,0,0,2,linux,BIC
6f20070d51a20e489ef117603210264c6bcde8a5,51,0,1,1,linux,BFC
683c09e9a8e1008b72fc23f6e99687eed59cfa49,1,0,2,1,linux,BFC
4f04c210d031667e503d6538a72345a36f3b5d71,56,0,0,1,linux,BIC
fc0990903c479ecafc67f7bf030c68b19215f2d5,1,9,0,1,linux,BFC
3e1d86569c210ec64398091bd035e539f0e26e81,133,0,0,4,linux,BIC
e872267b8bcbb179e21ccc7118f258873d6e7a59,16,4,0,2,linux,BIC
dd85345abca60a8916617e8d75c0f9ce334336dd,0,2,2,1,linux,BFC
6f913de3231e1d70a871135b38219da7810df218,13,0,3,1,linux,BFC
d6cda4655e2a7612a1e48c49795a5330abc01c5a,4,2,17,1,linux,BFC
8ab3a3812aa90e488813e719308ffd807b865624,149,0,4,5,linux,BIC
bff5baf8aa37a97293725a16c03f49872249c07e,0,0,1,1,linux,BFC
a7a91ca5a23dbcc68f04d18ef7e765b1e4f64c7f,190,0,0,5,linux,BIC
833ef3b91de692ef33b800bca6b1569c39dece74,485,4,6,4,linux,BIC
325694e6c3484959d066d5c0e9bff4c5966491a3,2,0,2,2,linux,BFC
86cf69f1d893d48fdb0382a940f2523409406423,14,3,6,3,linux,BIC
46d179525a1f6d16957dcb4624517bc04142b3e7,27,0,0,1,linux,BIC
a925b5e309c9b998658a6a94dbb53154ea901299,313,0,11,4,linux,BIC
b27507bb59ed504d7fa4d6a35f25a8cc39903b54,114,25,43,2,linux,BIC
f253d827f33cb5a5990b5cfd271941d1a21ecd85,10,0,17,1,linux,BIC
92c43eb41669d8edbbfa3db45e89d2edcc55e2de,3,0,0,1,linux,BFC
53a5d5ddccf849dbc27a8c1bba0b43c3a45fb792,1,68,23,1,linux,BFC
799b601451b21ebe7af0e6e8f6e2ccd4683c5064,1,0,0,1,linux,BFC
03080e5ec72740c1a62e6730f2a5f3f114f11b19,0,1,0,1,linux,BFC
0c34bb598c510e070160029f34efeeb217000f8d,5,0,0,1,linux,BFC
5662abf6e21338be6d085d6375d3732ac6147fd2,1,0,1,1,linux,BFC
ae7e86108b12351028fa7e8796a59f9b2d9e1774,64,0,2,2,linux,BIC
b2383ad987a61bdd3a0a4ec3f343fbf0e3d9067b,26,0,1,1,linux,BFC
76a4201191814a0061cb5c861fafb9ecaa764846,6,0,1,1,linux,BFC
0619317ff8baa2da9238191ad5167ed3618c16d9,13,0,4,4,linux,BIC
5800dc5c19f34e6e03b5adab1282535cb102fafd,6,0,4,1,linux,BIC
95a48b7d4459948b6bacf809809cf01a7dc06d1d,0,0,2,1,linux,BFC
3f7fed405c118607d4d42255f2572072db728399,1,0,1,1,linux,BFC
4a9b0933bdfcd85da840284bf5a0eb17b654b9c2,12,0,0,1,linux,BIC
b86deba977a91aaa5a4b725d7b42970e6de28d2c,84,70,1,3,linux,BIC
3de644035446567017e952f16da2594d6bd195fc,106,0,0,2,linux,BIC
74706afa712d3d2aa497585af44f11319b2b6348,105,1,20,2,linux,BIC
815d5121927093017947fd76e627da03f0f70be7,0,0,1,1,linux,BFC
5304b8d37c2a5ebca48330f5e7868d240eafbed1,93,0,0,3,linux,BIC
4ad099559b00ac01c3726e5c95dc3108ef47d03e,1,0,0,1,linux,BFC
431af645cf662652bc43c7a26f87cb40aedb01d9,64,11,20,4,linux,BFC
b05ae01fdb8966afff5b153e7a7ee24684745e2d,2,0,0,1,linux,BIC
bd86c69dae65de30f6d47249418ba7889809e31a,2,0,1,1,linux,BFC
3136b93c3fb2b7c19e853e049203ff8f2b9dd2cd,32,0,0,1,linux,BIC
27681abc429554622a188a3a0b213fb1c20040f7,0,0,1,1,linux,BFC
3027ff41f67cbef1ad58af68601455db81b0fae5,0,3,1,1,linux,BFC
92a34ab169f9eefe29cd420ce96b0a0a2a1da853,4,0,1,1,linux,BFC
43a0c6751a322847cb6fa0ab8cbf77a1d08bfc0a,637,0,0,2,linux,BIC
f04684b4d85d6371126f476d3268ebf6a0bd57cf,1,0,0,1,linux,BFC
51af20675800ffbd97bd48363a06e00f83de44c4,133,0,1,1,linux,BIC
8a6e85f75a83d16a71077e41f2720c691f432002,24,0,0,1,linux,BFC
88c5f476bac964eb96e751b004f5684c90629eab,2,7,8,3,linux,BFC
bf9fb6ad4f297913d49ca44a7c0fcc0f791b1c24,23,0,3,1,linux,BIC
db5db1a00d0816207be3a0166fcb4f523eaf3b52,0,0,2,1,linux,BFC
2e0a576511f656933adfe56ef03b9cf3e64b21b7,18,0,0,1,linux,BFC
cbd357008604925355ae7b54a09137dabb81b580,238,0,1,3,linux,BIC
db2ba40c277dc545bab531671c3f45ac0afea6f8,13,0,9,1,linux,BFC
5fe225c105fd54debae1699ec0f6aef1e73376d0,1452,0,0,4,linux,BIC
4b196dc6fee9ba838ebabf824e294a429c79b27d,25,2,3,4,linux,BFC
d7d44b6fe40a98e960be92ea8617954c2596d140,1,0,0,1,linux,BFC
f9dabe016b63c9629e152bf876c126c29de223cb,0,0,1,1,linux,BFC
e1706f0764f8bea42db8d33df5d7f9e754b89693,0,8,0,2,linux,BFC
4e051106730dfc640a8b49db88440af304726f4d,23,0,0,1,linux,BIC
c3594f22302cca5e924e47ec1cc8edd265708f41,5,0,10,1,linux,BFC
f9193d266347fe9bed5c173e7a1bf96268142a79,0,1,0,1,linux,BFC
88b7381a939de0fa1f1b1629c56b03dca7077309,42,0,2,3,linux,BIC
94cddf1e9227a171b27292509d59691819c458db,0,0,1,1,linux,BFC
d0294344470e6b52d097aa7369173f32d11f2f52,12,0,7,1,linux,BFC
3f7352bf21f8fd7ba3e2fcef9488756f188e12be,5,0,1,1,linux,BFC
0ea9fd001a14ebc294f112b0361a4e601551d508,8,8,0,1,linux,BIC
dc4fd9ab01ab379ae5af522b3efd4187a7c30a31,2,0,0,1,linux,BIC
ce18f905a500879e86ca998963a55f99d413a462,7,0,1,1,linux,BFC
936bd03405fc83ba039d42bc93ffd4b88418f1d3,6,1,7,1,linux,BFC
be1158cc615fd723552f0d9912087423c7cadda5,48,75,36,1,linux,BIC
21fd23ac222f37096a5e811ddf9d5a84e86789b3,36,10,3,6,linux,BIC
efcd24147fa03817485dab9ff9d5542a0f28684b,3,0,0,1,linux,BFC
71e75c97f97a9645d25fbf3d8e4165a558f18747,16,4,24,5,linux,BIC
4baae989e638e9bf4b7d29bc5e36b581fddcca52,0,3,2,1,linux,BFC
1d366c2f9df8279df2adbb60471f86fc40a1c39e,2,1,0,1,linux,BFC
c3f0e5fd2d33d80c5a5a8b5e5d2bab2841709cc8,15,0,2,2,linux,BFC
a78339698ab1f43435fbe67fcd6de8f4f6eb9eec,1,2,0,2,linux,BFC
b91c9cb9d4b378fda65c3196034ecd09ee1493ef,0,0,1,1,linux,BFC
a31056ddc6651b457d72d8d71d32143764df86d2,1,0,8,1,linux,BIC
9de74996a739bf0b7b5d8c260bd207ad6007442b,7,0,2,1,linux,BFC
067fef372c7356f64e4d307218df0fae49f9c88e,45,15,40,7,linux,BIC
60c9ecd705be3a28f79d70ea21c3939db668bf46,2,0,3,1,linux,BFC
1bb79284fcf9ebacff16ea0b81b3d5b86528cfd4,0,0,1,1,linux,BFC
8dbb000ee73be2c05e34756739ce308885312a29,1,0,0,1,linux,BIC
6f64e477830000746c1f992050fbd45c03c89429,5,1,2,1,linux,BFC
f88f42f853a80d9b087f0c2035d6fbab504ea54c,28,6,2,1,linux,BIC
9f0b5792f07d8f0745c3620d577d6930ff2a96fd,8,7,17,1,linux,BIC
5978fac03ea3faf793dffeedcbe60dd8da673f89,0,0,1,1,linux,BFC
47d37d6f94ccf32d302492f969209930b2411f9e,799,0,0,1,linux,BIC
1a4fbf6a9286a6e3db497bc7bbae2024f0f1ad90,782,0,0,2,linux,BIC
9ee152ee3ee3568b1a3302f2bb816d5440e6f5f1,0,0,5,1,linux,BFC
dcc82f4783ad91d4ab654f89f37ae9291cdc846a,0,1,2,1,linux,BFC
9aa867e46565d61491f884c793e4988678fbffa3,11,0,1,2,linux,BIC
1c8147ea89c883d1f4e20f1b1d9c879291430102,2,0,1,1,linux,BFC
6f7374b871d5e55e772b532fe1c571da0fcc7164,3,0,1,1,linux,BFC
8c2f7e8658df1d3b7cbfa62706941d14c715823a,777,1,98,11,linux,BIC
8a927d648c2ee20f2fd746d733c5cd76d0fbb0c1,4,0,0,1,linux,BFC
84b89bdcedf878053e53b1823a08bd6d5d525b6a,1,0,0,1,linux,BIC
f17e04afaff84b5cfd317da29ac4d764908ff833,12,42,9,1,linux,BIC
c0203475765f827e7b2eaf0a87222d0766e2cc4b,3,0,10,1,linux,BFC
410d06879c01751e6fe6e9aebc2e0d9100a71d77,8,0,0,1,linux,BIC
23500189d7e03a071f0746f43f2cce875a62c91c,77,0,5,2,linux,BIC
5969856ae8ce29c9d523a1a6145cbd9e87f7046c,24,21,0,1,linux,BFC
6aa58d8ad20a3323f42274c25820a6f54192422d,118,6,16,3,linux,BIC
02e425668f5c9deb42787d10001a3b605993ad15,0,0,4,1,linux,BFC
1e98ffea5a8935ec040ab72299e349cb44b8defd,4,1,1,5,linux,BFC
ae7abe36e352eddf8e30d3b1ea3fb402514ba13b,39,0,0,1,linux,BIC
a608987970b929e250957e4e3fb891f1f10eff6f,12,0,4,1,linux,BIC
c0759b9b5d411ab27c479125cee9bae391a96436,2,0,0,1,linux,BFC
3a488aaec6f343b5dc6d94529847a840bbeaf009,38,33,78,1,linux,BFC
1a937693993ff10d7e80cca6ddd55f3000aa6376,34,0,2,3,linux,BIC
26fc6c7f02cb26c39c4733de3dbc3c0646fc1074,21,0,0,1,linux,BIC
aa472721c8dbe1713cf510f56ffbc56ae9e14247,0,0,1,1,linux,BFC
c2780c1a3fb724560b1d44f7976e0de17bf153c7,4,0,0,3,linux,BFC
5620a0d1aacd554ebebcff373e31107bb1ef7769,0,281,0,1,linux,BIC
9842df62004f366b9fed2423e24df10542ee0dc5,0,2,0,1,linux,BFC
415ccb58f68a6bebcbb9db373973394a6af3d553,244,3,0,1,linux,BIC
f0a3a24b532d9a7e56a33c5112b2a212ed6ec580,79,62,17,4,linux,BIC
4400ac8a9a900318f8516dc0fb94075cb3fdb50d,47,0,0,2,linux,BIC
240809ef6630a4ce57c273c2d79ffb657cd361eb,2,0,1,1,linux,BIC
58f896d859ce555dd3684f439f8a65bfda437533,54,36,7,3,linux,BIC
895915226a598394fe9bf57fe97612bdfcb2fb86,0,3,2,1,linux,BFC
0eb2df2b5629794020f75e94655e1994af63f0d4,0,0,2,1,linux,BFC
e3fab2f3de081e98c50b7b4ace1b040161d95310,0,0,2,1,linux,BFC
6d0aaf5e0de00491de136f387ebed55604cedebe,102,0,0,1,linux,BIC
ac28ec07ae1c5c1e18ed6855eb105a328418da88,0,0,1,1,linux,BFC
9ae6f740b49f933eeff972a79fd2a8b7e4592cf5,218,0,0,4,linux,BIC
67ca06872eb02944b4c6f92cffa9242e92c63109,3,0,2,1,linux,BFC
2a2b8eaa5b25668a6f717f94b55f4e3aaf87629d,33,2,25,3,linux,BIC
f3a53a3a1e5b3b9bc114b5b7930fbe89d9ffed5d,27,0,1,2,linux,BIC
0813621ba898aa91984d2713251970feeca93777,12,18,172,3,linux,BIC
b88d26d97c41680f7327e5fb8061ad0037877f40,0,0,1,1,linux,BFC
c31b38cb948ee7d3317139f005fa1f90de4a06b7,1,0,1,1,linux,BFC
530f32fc370fd1431ea9802dbc53ab5601dfccdb,8,0,0,1,linux,BFC
9d976d6721dfb525b81ce981e1363c70c0975aab,239,128,7,4,linux,BIC
80eae209d63ac6361c7b445f7e7e41f39c044772,236,1,7,3,linux,BIC
9ac6cb5fbb1781d120ca0ad29d014d35c9c3f0c4,37,0,0,2,linux,BIC
95c12bba51c37359073b34f1a56fe396bd33d3cf,244,14,21,1,linux,BIC
fffcefe967a02997be7a296a4f0766b29dcd1a67,2,0,5,1,linux,BFC
fce466eab7ac6baa9d2dcd88abcf945be3d4a089,102,0,1,3,linux,BIC
d4c750f2c7d44b5b39e197308bc3f510205bba4b,522,0,0,2,linux,BIC
bcfd09f7837f5240c30fd2f52ee7293516641faa,1,1,1,2,linux,BFC
f75359f3ac855940c5718af10ba089b8977bf339,0,0,2,1,linux,BFC
6de79dd3a920a138a292231e2da82ab8e019ec99,15,0,0,1,linux,BIC
6c744983004ebc66756e582294672f8b991288d5,35,0,0,2,linux,BIC
32039eac4c48f70dfaad36a84f30356ededc7ea8,0,4,2,1,linux,BFC
32811d242ff6f28da2ab18c90a15e32fd958e774,45,2,22,4,linux,BIC
694cfe7f31db36912725e63a38a5179c8628a496,38,0,2,1,linux,BIC
75eafc970bd9d36d906960a81376549f5dc99696,40,6,7,3,linux,BIC
f74028e159bb8e1de840d945af344bf93b59ada2,1214,0,2,4,linux,BIC
481e980a7c199c5a4634fd7ea308067dd4ba75fa,7,0,2,3,linux,BFC
2e81948177d769106754085c3e03534e6cc1f623,15,0,0,1,linux,BFC
7bb2491b35a254fe6fd592c32a142a2f2f31fe6e,7,0,10,2,linux,BIC
ecd052250b51c8cee4d9720adea05690dfc77c64,0,0,1,1,linux,BFC
94bcfdbff0c210b17b27615f4952cc6ece7d5f5f,9,3,5,1,linux,BFC
551e325bbd3fb8b5a686ac1e6cf76e5641461cf2,0,0,4,1,linux,BFC
c74cf7a3d59a21b290fe0468f5b470d0b8ee37df,22,0,0,1,linux,BFC
1c24a186398f59c80adb9a967486b65c1423a59d,30,0,0,1,linux,BIC
ac9952f6954216be72a8bde210e1ef2c949d8ee0,8,0,9,2,linux,BFC
96980b833a21c6dc29d0dfdc8f211fb8a10256a7,9,0,1,1,linux,BIC
a325f9b92273d6c64ec56167905b951b9827ec33,58,39,14,3,linux,BIC
0cd22afdcea21fa16bb5b0d3e0508ca42072d0bd,2,0,6,1,linux,BFC
1cc2f8ba0b3e63e0c8977cbad89e90352251c518,14,8,16,1,linux,BIC
fdc355a03df537bc8d8909b86d1688fe07c7032b,0,0,2,1,linux,BFC
26322ab55aa90717c7e4bdbd8cf60a70854636f5,4,0,4,1,linux,BFC
8f48c2ac85eda8d8a01c83c6d73f891c43ef182d,10,0,3,1,linux,BIC
66008d4230f6e599275f1cf01db268fcaaadda44,0,4,0,1,linux,BIC
dddeb30bfc43926620f954266fd12c65a7206f07,2,0,0,1,linux,BFC
7f78322cdd67c7b01b0f0723b140a04ad8fcec7b,22,0,11,1,linux,BIC
0829d2da608c6ce225052a99b1bc7a2a1c421173,0,0,1,1,linux,BFC
9b174d88c257150562b0101fcc6cb6c3cb74275c,96,41,6,3,linux,BIC
79289e24194a9d099bf18f200894832c5760cd83,27,4,23,5,linux,BIC
3d696f42c7f4bfcc54bde545898d4b89a74f9cc0,0,0,1,1,linux,BFC
f8a79d5c7ef47c62d97a30e16064caf2ef91f648,32,0,0,1,linux,BFC
bb74d9a4a87b071aa9e44e55a276f0e581244ea9,7,4,3,1,linux,BIC
3444c4eb534c20e44f0d6670b34263efaf8b531f,12,4,0,4,linux,BFC
bdb6cf9f6fe6d9af905ea34b7c4bb78ea601329e,2,0,4,1,linux,BFC
aac8da65174a35749fcf21dbca4c1be314b562b5,104,0,2,4,linux,BIC
6d82aa242092d73c6d2e210cfaf0ebfbe6de1ccf,9,0,2,4,linux,BIC
1143c36656b8dccf0ece93053502a147d3c60961,3,0,0,1,linux,BFC
30f56e3ced0f4966e8a84ece1acceccbbb73d365,4,3,0,2,linux,BFC
576d196c522bd0e17bf9c5ff92ef963c0960a201,1132,0,0,5,linux,BIC
14d6c3a83fbcd9c3d19e24d8d5820a912f2615c9,0,0,1,1,linux,BFC
d0899892edd089790eb17943ecf28254a909deae,188,7,29,2,linux,BIC
b04a27ca175d66f3662ad334f538254d560838f9,0,0,2,1,linux,BFC
fb7da771bc43d004bc150101a12a2b245b3ba6dc,0,0,1,1,linux,BFC
75b54cb57ca34cbe7a87c6ac757c55360a624590,112,41,42,7,linux,BIC
166d74b876b7d8eb2e41b0587db93d23cef85221,0,0,2,1,linux,BFC
809cb6955650d892c6ef95f1d55f28fceded0ce1,2,0,5,2,linux,BFC
7ae14cf581f2cdd2ebae29ca5b3d42bdfebca597,51,0,4,1,linux,BIC
01ad3eb8a07385bc8849f0ee7c800e7c8bd7287e,29,2,2,1,linux,BIC
78031c2c4dcdee689610dbf64dd77e0e3cc11051,101,0,2,2,linux,BIC
38238be4e881a5d0abbe4872b4cd6ed790be06c8,1,0,0,1,linux,BFC
82039d244f87b6c47e880b398414da55d4f48e06,175,24,0,1,linux,BIC
1821dce9ae6c6d70e9e9ea93638855e7a27797ca,11,0,2,1,linux,BFC
0fbb4d93b38bce1f8235aacfa37e90ad8f011473,98,2,20,4,linux,BIC
f8cd222feb82ecd82dcf610fcc15186f55f9c2b5,5,2,2,1,linux,BFC
13a7e459a41a56d788ab33d825c6205379bbb711,8,0,3,2,linux,BFC
b470e10eb43f19e08245cd87dd3192a8141cfbb5,5,0,0,2,linux,BIC
8f6617badcc96a582678ea36ea96490c5ff26eb4,1,0,1,1,linux,BFC
4128359666793d9eb733a4a113ada3afa5d0da88,1,0,3,1,linux,BFC
4b8f380e46e4d3f8e9f6f9545fe2b78b872b6070,34,0,1,2,linux,BIC
00501b531c4723972aa11d6d4ebcf8d6552007c8,247,282,86,11,linux,BIC
a8fe996084e358c6f4ec7c51ec28fd3c1ddf68d1,16,0,2,1,linux,BFC
b62989fc4ea27863e7aef00c93a10118324d3ed0,0,3,7,1,linux,BFC
b26e8f27253a47bff90972b987112fd8396e9b8d,255,281,0,2,linux,BIC
4964c66fd49b2e2342da35358f2ff74614bcbaee,0,2,3,1,linux,BFC
4db61fef16a104f94bde24fe163064b98cee6b7c,8,6,2,2,linux,BIC
3b415c8fb263173a60e12666213073c9653737d0,289,0,0,2,linux,BIC
813072b67ee97659807049d014c9d4e36fd62e94,0,0,1,1,linux,BFC
260986fcff81a0c147a5d169f1ad52aab95804d5,2,0,0,1,linux,BFC
134af9aa88453aeb9224e407092530ebba366c6c,0,0,1,1,linux,BFC
c63741b426e11062631b013c3396f5452bbc0034,30,1,2,7,linux,BFC
bd337c581b2b0d933d37f664bf55b342577fed3a,3,2,0,5,linux,BFC
6c5f61023c5b0edb0c8a64c902fe97c6453b1852,0,1,1,1,linux,BFC
40bfe7a86d84cf08ac6a8fe2f0c8bf7a43edd110,1,0,2,1,linux,BFC
ffd5869d935303b3e8dedf0d6fbe202ace66c653,0,14,32,3,linux,BIC
302a6ad7fc77146191126a1f3e2c5d724fd72416,2,0,2,1,linux,BFC
ebb516af60e18258aac8e80bbe068740ef1579ed,47,44,4,3,linux,BIC
88441917dc6cd995cb993df603e264f5b88be50c,0,0,1,1,linux,BFC
08e1c01d6aedf00af04d9571a0a5d5867298b719,142,0,1,2,linux,BIC
b6c217ab9be6895384cf0b284ace84ad79e5c53b,71,1,8,2,linux,BIC
3ff4cbec87da48b0ec1f7b6196607b034de0c680,1,0,0,1,linux,BFC
406de7555424d93849166684d0bd172743d2a30c,7,0,9,1,linux,BFC
8f8bf00b1c00b37ef5c32a642e5c3e0a364182b6,0,1,0,1,linux,BFC
b3802db5eb72d2a96f4aa4ff0abb937033df2acf,2,0,7,1,linux,BFC
7d4b5e978ad350916b5c3995490b09c4e59cec4a,0,0,1,1,linux,BFC
e58decc9c51eb61697aba35ba8eda33f4b80552d,1,0,0,1,linux,BFC
31b3b1f5e35252b255f2a0d6a3883b09b5c4af97,0,37,40,5,linux,BIC
9113c2aa05e9848cd4f1154abee17d4f265f012d,0,0,1,1,linux,BFC
8420f71943ae96dcd78da5bd4a5c2827419d340c,5,0,4,2,linux,BFC
4cfa36d312d6789448b59a7aae770ac8425017a3,0,0,9,1,linux,BFC
6dfef396ea13873ae9066ee2e0ad6ee364031fe2,0,1,1,1,linux,BFC
c2be663d5307fb9751a562ac664fa78cd7a00e2b,12,17,0,2,linux,BFC
2b35d5b7d13062b805aa82dc53812a5f56249287,0,0,4,1,linux,BFC
7db82697b8bf05ae56d02bf8da998bcd1122531d,15,0,2,2,linux,BIC
944dd22ea4475bd11180fd2f431a4a547ca4d8f5,4,0,0,1,linux,BFC
b7eeb2b4132ccf1a7d38f434cde7043913d1ed3c,3,0,9,3,linux,BFC
85467f63a05c43364ba0b90d0c05bb89191543fa,21,0,21,1,linux,BIC
af713795c59fea36161a7debf97dbc10bf652cf7,54,0,0,2,linux,BIC
5959f829a93c18ccf15715768317b58f5d9bf2d4,0,0,2,1,linux,BFC
4291d085b0b07a78403e845c187428b038c901cd,7,0,15,1,linux,BIC
6bc1a656ab9f57f0112823b4a36930c9a29d1f89,6,0,1,2,linux,BFC
ad0ea1989cc4d5905941d0a9e62c63ad6d859cef,4,0,4,1,linux,BFC
8b4bd256674720709a9d858a219fcac6f2f253b5,1,0,2,1,linux,BFC
1ec1968e4e439c9e05245f9a44e7a65429b0d7e6,0,0,42,1,linux,BFC
fce9b90c1ab7e915553c57353355700c79b39c86,58,72,19,1,linux,BIC
504f34c9e45cf81731734ea1c80429a5116b23ca,15,0,14,1,linux,BIC
015dbf5662fd689d581c0bc980711b073ca09a1a,3,2,2,1,linux,BFC
0f4bc0932e51817105fdee77a4668069a89581d5,6,8,1,2,linux,BIC
7a91d3f02b04b2fb18c2dfa8b6c4e5a40a2753f5,4,2,3,1,linux,BFC
806487a8fc8f385af75ed261e9ab658fc845e633,0,0,1,1,linux,BFC
819319fc93461c07b9cdb3064f154bd8cfd48172,13,0,7,1,linux,BIC
834124c596e2dddbbdba06620835710ccca32fd0,2,0,2,1,linux,BFC
03197b61c5ec28f5eded69abb54eca699ac9ba0c,188,0,54,1,linux,BIC
e1045992949160b56309b730b8bdc428f2f8b69e,56,0,0,2,linux,BIC
63cf1a902c9dd6b0761861ea87fce3663f59403b,267,5,58,2,linux,BIC
28bf26724fdb0e02267d19e280d6717ee810a10d,792,0,12,6,linux,BIC
75156a887b6cea6e09d83ec19f4ebfd7c86265f0,12,0,4,1,linux,BFC
ab58d8cc870ef3f0771c197700441936898d1f1d,2,0,1,1,linux,BFC
1b888b3cebef2de3936167e95652830145040b78,54,0,0,2,linux,BIC
44d282796f81eb1debc1d7cb53245b4cb3214cb5,6,0,0,1,linux,BIC
cfa3b797118eda7d68f9ede9b1a0279192aca653,0,2,2,1,linux,BFC
272502fcb7cda01ab07fc2fcff82d1d2f73d43cc,8,0,1,1,linux,BFC
1957aa63be5395307f8b80458f011871b34617ad,15,18,21,3,linux,BIC
a9408ad79ff3d77542a5cfdd76d21fd12bf8b46a,0,1,4,1,linux,BIC
bc5e3a546d553e5223851fc199e69040eb70f68b,96,20,11,2,linux,BIC
5d389b125186cf254ad5b8015763ac07c151aea4,29,16,21,1,linux,BIC
d0fbb51dfaa612f960519b798387be436e8f83c5,2,0,1,1,linux,BFC
17fab473693e8357a9aa6fee4fbed6c13a34bd81,15,7,4,1,linux,BIC
313f636d5c490c9741d3f750dc8da33029edbc6b,3,0,0,1,linux,BFC
4900be83602b6be07366d3e69f756c1959f4169a,52,23,11,1,linux,BIC
ab43c4bf1cc8e8e1f0c7036c3448c5a628d18913,18,0,2,1,linux,BIC
b0a182f875689647b014bc01d36b340217792852,0,0,3,3,linux,BFC
93e86b3bc842c159a60e6987444bf3952adcd4db,0,787,0,4,linux,BIC
ecc0c469f27765ed1e2b967be0aa17cee1a60b76,13,0,1,1,linux,BIC
16ec3d4fbb967bd0e1c8d9dce9ef70e915a86615,13,0,0,1,linux,BIC
732f2ab7afb975755dcfbdcbe6eafe42e8cdc1d4,546,0,11,6,linux,BIC
c7f6558d84afe60016b8103c0737df6e376a1c2d,1455,0,0,1,linux,BIC
4d6b4e69a245e9df4b84dba387596086cb66887d,4,124,83,1,linux,BIC
e8222502ee6157e2713da9e0792c21f4ad458d50,234,203,140,61,linux,BIC
1d70fe9d9c3a4c627f9757cbba5d628687b121c1,12,1,25,4,linux,BFC
e581094167beb674c8a3bc2c27362f50dc5dd617,11,0,2,1,linux,BFC
5c7ab6348e7b3fcca2b8ee548306c774472971e2,3118,0,0,4,linux,BIC
eea413308f2e6deb00f061f18081a53f3ecc8cc6,2,0,3,3,linux,BFC
5bebaeadb30e8d1ed694bd9b63d4e424d333fe36,60,6,8,1,linux,BIC
7549ae3e81cc45908cbeee54a52b24f247fb0a2d,0,0,6,2,linux,BIC
4910b524ac9e61b70e35280877361b790a657d48,165,0,1,5,linux,BIC
174fd2597b0bd8c19fce6a97e8b0f753ef4ce7cb,102,12,99,5,linux,BIC
fc167f62483325aea9137e70e6773fe7ad1ca2ac,521,0,0,1,linux,BIC
8a353d7bafddb447fae136ca68899a6ba6187be6,5,0,2,1,linux,BFC
83417206427bdf0fef9fa69957807194f25923c3,114,0,0,3,linux,BIC
10a5a651e3afc9b0b381f47e8930972e4e918397,0,0,1,1,linux,BIC
96541bac0b4e62efa42e7900d9b32e6baa9a214c,39,4,23,3,linux,BFC
628f07d33c1f2e7bf31e0a4a988bb07914bd5e73,0,0,1,1,linux,BFC
356889c49d84f11f446ec235bd52ca1a7d581aa0,1,0,0,1,linux,BFC
46d4820f949a3030b19ee482c68a50b06dd27590,0,0,2,1,linux,BFC
29dc0d1de18239cf3ef8bab578b8321ed340d81c,17,0,2,1,linux,BIC
3f2f4dc456e9f80849b99d79600a7257690ca4b1,0,3,9,1,linux,BFC
2ba5b683260e13d8f2c43bc594d5ae15ec7f7a04,0,0,1,1,linux,BFC
9c2ba265352afc633a1e24d89c3ca499a9e429f4,0,14,6,1,linux,BIC
d0bb82fd60183868f46c8ccc595a3d61c3334a18,6,0,8,1,linux,BFC
4484e2994887cf57815c8e55ac1f9eaf0036928e,0,0,2,1,linux,BFC
31b90956b124240aa8c63250243ae1a53585c5e2,16,0,17,2,linux,BFC
fb8bfca06cbc8280976ea751501767ae1f37dff5,25,0,0,1,linux,BFC
69c8ebf83213e6165b13d94ec599b861467ee2dc,7,0,1,1,linux,BFC
651df2183543bc92f5dbcf99cd9e236ead0bc4c5,9,0,2,1,linux,BFC
0ec09ac2cebe9769491a470c33edff0f873ff79d,46,0,3,2,linux,BIC
cbbc00be2ce3af5d708226a9563fa27cb4e6b6b8,3,0,0,1,linux,BFC
049bf37262c61c99f45438910711b55054b24838,1,0,0,1,linux,BFC
da1aab3dca9aa88ae34ca392470b8943159e25fe,9,0,4,1,linux,BFC
80ce1639727e9d38729c34f162378508c307ca25,10,7,5,3,linux,BIC
b32fa811156328aea5a3c2ff05cc096490382456,65,108,5,3,linux,BIC
a6598813a4c5bad76322bee2323dc549e7d7180d,19,2,2,1,linux,BIC
f58c252e30cf74f68b0054293adc03b5923b9f0e,25,2,2,4,linux,BFC
057a10fa1f73d745c8e69aa54ab147715f5630ae,0,0,5,3,linux,BFC
ceb1eb2fb609c88363e06618b8d4bbf7815a4e03,0,1,2,1,linux,BFC
3abb1d90f5d930c6183534a624aa0158a71bc5eb,23,34,19,4,linux,BIC
990acea616e99355703b503c1e50fb9c7ddff6b9,2,0,1,1,linux,BFC
c03f2c5368183687660b1d39350a153aeb8a1a6a,676,0,0,1,linux,BIC
30f7d1cac2aab8fec560a388ad31ca5e5d04a822,0,3,1,1,linux,BFC
06cf35f903aa6da0cc8d9f81e9bcd1f7e1b534bb,34,0,3,1,linux,BFC
37448adfc7ce0d6d5892b87aa8d57edde4126f49,6,18,6,5,linux,BIC
6521d39a64b3f9c3acb0fd25a34cfaf9a40e548e,2,3,7,1,linux,BIC
9362dd1109f87a9d0a798fbc890cb339c171ed35,1,0,4,1,linux,BFC
4d06dd537f95683aba3651098ae288b7cbff8274,1,11,4,1,linux,BIC
4fae7f170416f970e5655f7e945ce69286b1c4ff,1,0,11,1,linux,BIC
26b87c7881006311828bb0ab271a551a62dcceb4,3,19,7,2,linux,BIC
35bf020bd8ab41849871645d8fa83c86cddfe7eb,0,1,1,1,linux,BFC
25edc8f259c71062f2c3a0ba4592b8ee2007ad57,100,12,71,5,linux,BIC
4e2008429588b857bbc13d048b67b931a8d84816,0,0,1,1,linux,BFC
6a1dbfefdae4f7809b3e277cc76785dac0ac1cd0,2,0,0,1,linux,BFC
2b7e8665b4ff51c034c55df3cff76518d1a9ee3a,1,0,0,1,linux,BFC
c026d970102e9af9958edefb4a015702c6aab636,0,2,0,1,linux,BFC
01913c57c225a8301e9a53447507f310a4be22b6,0,3,0,1,linux,BFC
6a1c3767d82ed8233de1263aa7da81595e176087,0,0,1,1,linux,BFC
14e2976fbabdacb01335d7f91eeebbc89c67ddb1,40,0,30,1,linux,BIC
8c9923707f30ff56d9fd242053594b18f38d8036,31,14,6,1,linux,BFC
e1436df2f2550bc89d832ffd456373fdf5d5b5d7,0,2,2,1,linux,BFC
5de73ee46704c22097e46bfc276a05360d3a1ba7,286,0,0,4,linux,BIC
d82718e348fee15dbce8f578ff2588982b7cc7ca,0,28,9,1,linux,BIC
295f830e53f4838344c97e12ce69637e2128ca8d,2,0,0,1,linux,BFC
a481db34b9beb7a9647c23f2320dd38a2b1d681f,81,57,37,1,linux,BIC
55b7ab1178cbf41f979ff83236d3321ad35ed2ad,1,0,1,1,linux,BFC
71cc2b184c0c1b7b4983091e65f102c6817aada9,1,0,1,1,linux,BFC
9af372dc70e9fdcbb70939dac75365e7b88580b4,16,0,0,1,linux,BFC
26376a7e74d2deff445a72a2cfbfef084c28e4bc,115,0,0,6,linux,BIC
2230ebf6e6dd0b7751e2921b40f6cfe34f09bb16,8,0,0,1,linux,BFC
4d67dc1998f1890a9d22d03208037075ea9f2562,26,0,0,2,linux,BIC
e2477233145f2156434afb799583bccd878f3e9f,0,0,4,1,linux,BFC
f7019b7b0ad14bde732b8953161994edfc384953,0,0,1,1,linux,BFC
1ec4864b10171b0691ee196d7006ae56d2c153f2,4,4,0,1,linux,BIC
162f812f23bab583f5d514ca0e4df67797ac9cdf,399,0,1,3,linux,BIC
5a18ec176c934ca1bc9dc61580a5e0e90a9b5733,42,0,8,2,linux,BIC
eb1c8f4325d59e913d561d1fac8c9bc8154eb274,133,74,302,1,linux,BIC
2fa4a32613c9182b00e46872755b0662374424a7,19,2,15,6,linux,BIC
1c300a40772dae829b91dad634999a6a522c0829,32,15,1,2,linux,BFC
c0f25c802b3300b28d1e67c58c702d29555838de,14,0,2,3,linux,BIC
d143b9db8069f0e2a0fa34484e806a55a0dd4855,2,1,2,1,linux,BFC
a7a0a2feb957e446b2bcf732f245ba04fc8b6314,3,0,0,1,linux,BFC
a6d155d2e363f26290ffd50591169cb96c2a609e,17,0,5,3,linux,BFC
7e5b6a5c8c44310784c88c1c198dde79f6402f7b,1,0,5,1,linux,BFC
e775eb9fc2a4107f03222fa48bc95c2c82427e64,0,0,1,1,linux,BFC
eee18939e5767dbe3a98b3ea172e7fd7ba7d403c,0,0,2,1,linux,BFC
4e0963c7663b0538b5a21fb49d17ea4ad64de861,38,16,19,2,linux,BIC
d6f12f83989bb356ac6880a954f62c7667e35066,0,0,1,1,linux,BFC
7ece370996b694ae263025e056ad785afc1be5ab,0,0,2,1,linux,BFC
0d2bdf9f4134582bc7c4b82cb516cb27952127d0,5,2,1,1,linux,BIC
57a6c5e992f5d6ab92764a7eaaba855f6d4b2df8,0,11,20,1,linux,BIC
3f49d684256963d3f27dfb9d9ff228e2255be78d,8506,0,0,4,linux,BIC
c9eaee0c2ec6b1002044fb698cdfb5d9ef4ed28c,0,0,1,1,linux,BFC
9f6c38e70b6c7ea379394a755fe76e09996f5370,0,1,3,1,linux,BFC
1b550a0bebfc0b69d6ec08fe6eb58953a8aec48a,0,1,1,1,linux,BFC
fd3b36045c2c612b5f44a47f388677af256d1d0a,574,0,0,4,linux,BIC
b4caecd48005fbed3949dde6c1cb233142fd69e9,82,259,83,31,linux,BIC
7456427af9def0fec5508dd8b861556038ee96a8,12,0,1,1,linux,BFC
60acc105cbc23c525ddb6fed595cac4796c0040b,9,0,0,1,linux,BFC
2fc711d763520fa4ec2f15b204efc61585817a39,24,0,11,1,linux,BIC
1a2db300348b799479d2d22b84d51b27ad0458c7,507,1,4,8,linux,BIC
547c556f4db7c09447ecf5f833ab6aaae0c5ab58,9,0,5,1,linux,BFC
74c5b31c6618f01079212332b2e5f6c42f2d6307,940,0,0,1,linux,BIC
a6c0d0934f0d8d4e32a3e3bca4b503a3e7237470,1,0,0,1,linux,BFC
550883558f174685c3931bbd963fbde503a6100d,297,0,0,4,linux,BIC
6f3846f0955308b6d1b219419da42b8de2c08845,0,3,13,1,linux,BFC
ee3a4020f7c91ffc3c1a680c88652371b9711809,12,0,0,1,linux,BIC
8d46c0cca5f4dc0538173d62cd36b1119b5105bc,130,0,0,3,linux,BIC
98f30d0ecf79da8cf17a171fa4cf6eda7ba4dd71,8,0,4,1,linux,BIC
050c3d52cc7810d9d17b8cd231708609af6876ae,0,23,2,1,linux,BIC
2e5b0534622fa87fd570d54af2d01ce304b88077,0,0,1,1,linux,BFC
3694f996be5cb8374bd224f4e5462c945d359843,0,0,1,1,linux,BFC
0d8bcdd383b8865e752a7e8edb4712c2e3902052,80,0,3,4,linux,BIC
868f2f0b72068a097508b6e8870a8950fd8eb7ef,73,34,39,4,linux,BIC
d7d8fb7046b67eeeb4984de954c7d4fb23426ddd,15,0,4,1,linux,BIC
29174a4310bf9b25b4961c30b38be4151732d1c7,0,2,0,1,linux,BFC
fa191b711c32ba107cf8d3474cd860407b7e997a,11,0,1,2,linux,BFC
83af5e65a89547633bab7278564219ca8e68b968,20,0,0,1,linux,BFC
272630feb4c0d274cc4f018c5dcc24bc94f685c7,0,0,1,1,linux,BFC
46d5b785621ad10a373e292f9101ccfc626466e0,25,6,32,2,linux,BIC
21d5c57b3726166421251e94dabab047baaf8ce4,187,0,6,5,linux,BIC
ebcbacfa50ecd7a828f40fefbb58d641f265da0d,0,3318,0,3,linux,BIC
b57141c1abe41e26c09b1b1b7ece463464ba6de2,0,0,1,1,linux,BFC
e3f2396b7570751a7ddba996812fb608134fd63c,6,0,0,1,linux,BFC
bb71f846a0002239f7058c84f1496648ff4a5c20,0,0,1,1,linux,BFC
801284f9737883a2b2639bd494455a72c82fdedf,7,0,3,1,linux,BFC
f3419735279564d40467ebe4147d8a41cef00685,6,6,0,1,linux,BFC
b5fd2a3e92ca5c8c1f3c20d31ac5daed3ec4d604,34,1,17,3,linux,BIC
f7f510ec195781c857ab76366a3e1c59e1caae42,163,0,0,2,linux,BIC
5da672cff03d3ffa36476e91943af50e3151db2a,14,0,0,1,linux,BFC
1eabdc2f9dd8f1bca1b985fd2b1243be836b30ad,309,0,0,1,linux,BIC
b305a6ab02475f52ef604b36e4cecd3bf4aa5eb7,7,0,6,3,linux,BIC
ad5001cc7cdf9aaee5eb213fdee657e4a3c94776,1,0,0,1,linux,BFC
ba451366bf44498f22dd16c31a792083bd6f2ae1,125,10,35,2,linux,BIC
fc4999864bca323f1b844fefe1b402632443c076,4,0,1,1,linux,BFC
fa3a5115469c2d1fdb32ea08e8bc6e3b105630a6,11,9,2,1,linux,BIC
b97fa0b54447107e572ac7ba6ad0f0fd64170104,2,0,1,1,linux,BFC
c7563e62a6d720aa3b068e26ddffab5f0df29263,3,0,0,1,linux,BFC
7ea3e110f2f8ba23f330c2f702f556acd539bcb8,19,1,2,2,linux,BIC
cffaf9721f755b46370e7be0592dc41168c95019,2,0,1,1,linux,BFC
5ae711a24601257f395c1f8746ac95be0cbd75e5,4,0,3,1,linux,BFC
57a6ad482af256b2a13de14194fb8f67c1a65f10,9,12,4,1,linux,BFC
4e841d3eb9294ce4137fdb5d0a88f1bceab9c212,17,17,2,1,linux,BFC
3aa8029e1ac4faea2967e36281d93f5d099ed6a9,1,0,0,1,linux,BFC
db849faa9bef993a1379dc510623f750a72fa7ce,11,1,1,4,linux,BFC
762227721fe6225be5b6d233ef681aea5871f5f3,14,0,0,2,linux,BIC
639fa43d59e5a41ca8c55592cd5c1021fea2ab83,0,0,1,1,linux,BFC
0c45d7fe12c7e1510bae9dfac189c8b927e4636b,39,0,5,2,linux,BIC
07a191f762a7b8d0db13c38036380927116e29bb,0,4,1,1,linux,BFC
71021db1c532c2545ae53b9ee85b37b7154f51d4,1,0,0,1,linux,BFC
738ac1ebb96d02e0d23bc320302a6ea94c612dec,37,2,1,1,linux,BIC
6356ee0c9602004e0a3b4b2dad68ee2ee9385b17,3,0,9,2,linux,BIC
9e89ee9be138e3b93ccf9da40655e094b204dcad,0,1,0,1,linux,BFC
4e8436479ad3be76a3823e6ce466ae464ce71300,0,0,1,1,linux,BFC
7322dd755e7dd34bc5359aa27abeed1687e0f628,12,6,3,1,linux,BIC
0782e63bc6fe7e2d3408d250df11d388b7799c6b,6,1,19,3,linux,BIC
932645c298c41aad64ef13016ff4c2034eef5aed,0,0,2,1,linux,BFC
f78ebca8ff3d61fb45fef1274595a72d1314d955,57,0,2,1,linux,BIC
45606518f961b9e7adddc017e7813fa9f92b43fb,44,0,0,3,linux,BIC
05209e3570e452cdaa644e8398a8875b6a91051d,1,0,1,1,linux,BFC
a16c66401fd831f70a02d33e9bcaac585637c29f,7,5,5,5,linux,BFC
38b17afb0ebb9ecd41418d3c08bcf9198af4349d,11,1,20,1,linux,BFC
5e1f0f098b4649fad53011246bcaeff011ffdf5d,99,0,12,6,linux,BIC
ee46d16d2e40bebc2aa790fd7b6a056466ff895c,1,3,3,1,linux,BFC
ba9139116bc053897e6fb16a51c463604c4da371,2,0,1,1,linux,BIC
969e2f59d589c15f6aaf306e590dde16f12ea4b3,0,2,1,1,linux,BFC
ab6dd1beac7be3c17f8bf3d38bdf29ecb7293f1e,0,0,1,1,linux,BFC
f02e8a6596b7dc9b2171f7ff5654039ef0950cdc,0,0,12,2,linux,BIC
8a652a17e3c005dcdae31b6c8fdf14382a29cbbe,30,0,0,1,linux,BIC
cd56a5141331abfe218d744a3d66e1788135d482,0,0,1,1,linux,BFC
c35e84b0977617f96fb1dbef3fb8d71a861325c0,26,0,10,3,linux,BIC
cf392d10b69e6e6c57ceea48b347a2ab1a4b75b2,280,0,38,3,linux,BIC
0919871ac37fdcf46c7657da0f1742efe096b399,2,0,2,1,linux,BFC
e9062481824384f00299971f923fecf6b3668001,4,0,7,1,linux,BFC
a637120e49021d197e9578cba545bbaa459cbb51,42,0,8,2,linux,BIC
83912d6d55be10d65b5268d1871168b9ebe1ec4b,19,5,2,2,linux,BFC
66d9506440bb05289eb4867059e7b8c6ed209717,39,21,1,1,linux,BIC
bd13b2b874eceb4677cd26eebdc5f45cc52fa400,0,19,2,1,linux,BFC
e1fb4a0864958fac2fb1b23f9f4562a9f90e3e8f,14,1,13,11,linux,BIC
db93a3632b0f8773a3899e04a3a3e0aa7a26eb46,4,0,2,1,linux,BFC
6c6ef9f26e598fb977f60935e109cd5b266c941a,22,3,15,2,linux,BIC
5692fceebeb7f11c07e2a990f7711a01ae437de2,78,70,1,3,linux,BFC
52cf93e63ee672a92f349edc6ddad86ec8808fd8,5,8,2,2,linux,BIC
8b8a53998caefebfe5c8da7a74c2b601caf5dd48,9,0,1,1,linux,BFC
a81157768a00e8cf8a7b43b5ea5cac931262374f,3,1,0,1,linux,BFC
b1064d3e337b4d0b67d641b5f771187d8f1f027d,14,2,11,1,linux,BFC
c2d311553855395764e2e5bf401d987ba65c2056,0,6,3,1,linux,BFC
361414dc1f07b72f2f6942fca60f2f158c022a6d,92,0,2,1,linux,BIC
613a41b0d16e617f46776a93b975a1eeea96417c,2,0,0,1,linux,BFC
e2b3b35eb9896f26c98b9a2c047d9111638059a2,7,0,4,1,linux,BIC
ef99a60ffd9b918354e038bc5e61f007ff7e901d,12,0,0,1,linux,BIC
52c81f47f0d2680f0b2e7b61c1fa4d8ad35f3020,0,1,1,1,linux,BFC
5abfd71d936a8aefd9f9ccd299dea7a164a5d455,22,0,9,1,linux,BFC
517a6e43c4872c89794af5b377fa085e47345952,2,0,1,1,linux,BFC
fc1b691d7651d9496e912de7e0fc73a5be3294af,562,0,1,5,linux,BIC
99fead8d38e5302b1be9403d4de815ce9174a3df,55,0,2,1,linux,BFC
9d47964bfd471f0dd4c89f28556aec68bffa0020,0,0,1,1,linux,BFC
ecb0abc1d8528015957fbd034be8bfe760363b3b,1,0,1,1,linux,BFC
f4d3129c2b580ad2b82aa3211a6216bbf7ad007c,0,0,1,1,linux,BFC
35bb59c10a6d0578806dd500477dae9cb4be344e,0,2,3,1,linux,BFC
792293cfd516a173bbd687b4b26da0f97f97abd2,0,0,1,1,linux,BFC
abb95b7550f88bfb77081601f80662a259f2d143,129,93,3,5,linux,BIC
9b5a9ae88573884224a26fda0e3eb6a6ec48686d,51,0,9,1,linux,BIC
550ecc92feb10fdb7ab1d052707b11bca955de5f,7,0,6,1,linux,BFC
faf59ec8c3c3708c64ff76b50e6f757c6b4a1054,4,0,2,1,linux,BFC
8dc47c0527c1586e3ebe0efd323f1d8abb181c77,60,0,2,2,linux,BFC
9bceb80b3cc483e6763c39a4928402fa82815d3e,1,3,4,1,linux,BFC
4af4fc92939dc811ef291c0673946555aa4fb71f,20,21,2,1,linux,BFC
c974991d2620419fe21508fc4529014369d16df7,0,5,8,1,linux,BIC
7024f60d655272bd2ca1d3a4c9e0a63319b1eea1,12,0,0,1,linux,BFC
7297ef1e261672b8c25ea5d4bb7e91806bb5fb18,100,0,0,1,linux,BIC
0a987645672ebde7844a9c0732a5a25f3d4bb6c6,8,0,4,2,linux,BIC
8a3d03166f19329b46c6f9e900f93a89f446077b,46,2,21,4,linux,BIC
43b7d964ed30dbca5c83c90cb010985b429ec4f9,2,0,2,1,linux,BFC
48863ce5940fa5420096c8beba44e5e1bc0c8ca1,792,0,0,4,linux,BIC
688838442147d9dd94c2ef7c2c31a35cf150c5fa,91,0,3,1,linux,BIC
eab167f4851a19c514469dfa81147f77e17b5b20,0,1,0,1,linux,BFC
47f8328bb1a4115413e35b9b20d04b061ed544f8,129,0,11,1,linux,BIC
d1e0df1c57bd30871dd1c855742a7c346dbca853,5,0,0,1,linux,BFC
ccce1700263d8b5b219359d04180492a726cea16,0,0,1,1,linux,BFC
a16cb91ad9c4bb959e7d1be69d83d8c24a88e9f2,2,0,1,3,linux,BIC
895d8ebeaa92435e4214a026fa22763645564fab,46,1,19,2,linux,BIC
d1b490939d8c117a06dfc562c41d933f71d30289,2,0,0,1,linux,BFC
2867b9746cef78745c594894aece6f8ef826e0b4,0,0,1,1,linux,BFC
fe55e79536a37348dcb0b7177ee5fda6deccb99a,4,0,0,1,linux,BFC
db094aa8140e6da25ba77345b24a8af0c220665e,1,0,0,1,linux,BFC
6b75f133fe05c36c52d691ff21545d5757fff721,0,3,0,1,linux,BFC
dfa46c50f65b6ca10cea389327a6f1f1749bc633,79,0,3,1,linux,BIC
71d47008ca1b2ab10e0432e72e572c7ce5d8d63b,27,0,13,6,linux,BIC
87065ca9b8e5951920034d5c06687c049a5cf2cf,194,0,0,1,linux,BIC
79ce8f43ac5ac16d6d63729e858da42b0460d87b,72,0,0,1,linux,BIC
14dc100b4411a77a0cb63d049caf184434b18377,237,0,0,1,linux,BIC
51306d56ba81dc2bded042188706481f0c84d379,83,0,0,2,linux,BIC
790ba4566c1a709462550463b222d23b6f352b47,4,0,1,1,linux,BIC
9c8eb2d5cbdb8a97a0b2a4da2825a2c4c0a202dc,0,2,1,1,linux,BFC
428dab813a56ce9402f359dc35a3ccdfcaea9429,7,6,3,3,linux,BIC
67793bd3b3948dc8c8384b6430e036a30a0ecb43,0,0,3,1,linux,BFC
7c61c35bbd6a888416e5a6de8ff8782a70d013d4,10,0,1,1,linux,BFC
9bcffe7575b721d7b6d9b3090fe18809d9806e78,18,0,4,1,linux,BFC
ae4a46a1f60942263d6fd119fe1da49bb16d2bd5,16,8,12,1,linux,BIC
5ce5658375e6de2468c4884f7ae474c4ed40a13f,521,0,0,1,linux,BIC
843925f33fcc293d80acf2c5c8a78adf3344d49b,0,0,2,1,linux,BFC
3184a995f782c6fdab89e62d31cf7be042582bd0,2,0,1,1,linux,BIC
018b0c6f8acb5819591f3b43b51fc342af548c82,113,29,107,2,linux,BIC
47677e51e2a4040c204d7971a5103592600185b1,46,9,10,6,linux,BIC
548a909597d5c176f66e5ffddb25bdf8c151170e,224,0,0,2,linux,BIC
c6ea04ea692fa0d8e7faeb133fcd28e3acf470a0,0,2,1,1,linux,BFC
8a3b4c17f863cde8e8743edd8faffe916c49b960,93,21,6,5,linux,BIC
7d742b509dd773f6ae2f32ffe3d2c0f3ea598a6d,0,0,2,1,linux,BFC
62fe2a865e6ddc92f574bafacf8376613d8c08f2,2,0,0,1,linux,BIC
b99c2d913810e56682a538c9f2394d76fca808f8,3,0,0,1,linux,BFC
d5eff33ee6f80864d889d64fd3f6ea7b78dd1b24,385,24,26,5,linux,BIC
15a03850ab8f0a643c964987cf126e9cfb53aa27,0,0,1,1,linux,BIC
ebe0cd60fcffd499f8020fde9b3b74acba9c22af,0,2,0,1,linux,BFC
94f8be9eb065412cf069efd45053d33e8911fa9e,2,0,8,1,linux,BFC
f4a8e31ed84ec646c158824f423cb22d1f362bbf,5,10,35,1,linux,BFC
a62682f92eedb41c1cd8290fa875a4b85624fb9a,2,0,1,1,linux,BFC
405b93eb764367a670e729da18e54dc42db32620,4,33,30,1,linux,BFC
8223ecc456d079ef9b7a1fed237134cf62e9e870,6,0,2,2,linux,BIC
5d15cbf63515c6183d2ed7c9dd0586b4db23ffb1,3,0,3,1,linux,BFC
dee863b571b0a76e9c549ee99e8782bb4bc6502b,8,0,4,2,linux,BIC
24c8cd1b081286fd34340f0e1fc68a774a5a775f,0,0,2,1,linux,BFC
b0dcce746b32ac573343ad39cb3dc485030de95e,0,3,0,1,linux,BFC
7dcef3988eedbfb40e7e95a821966a029a5a465b,0,0,1,1,linux,BFC
65c93628599dff4cd7cfb70130d1f6a2203731ea,598,0,1,3,linux,BIC
9b9ed3093613288247a27a55a6dd07f1222150f1,9,0,2,1,linux,BIC
fe0937b24ff5d7b343b9922201e469f9a6009d9d,0,56,18,1,linux,BIC
03a0e8a7c5ea29b5c4e72dfd64900b47a8fb6f2d,4,12,5,1,linux,BFC
b08e8c0ecc42afa3a2e1019851af741980dd5a6b,2063,0,0,2,linux,BIC
ecdef5b8317cdf18acb46223e087f04a226fa619,0,0,1,1,linux,BFC
397ff024960634962af93e9e2775fc0e4fe7de92,12,0,0,1,linux,BIC
e7af3116836fb7feb985497f2c7776751fb27ef3,68,5,19,4,linux,BIC
c64a9a7c05beb2b71b7496d873654f88e1a08593,156,9,23,1,linux,BIC
b97021f85517552ea8a0d2c1680c1ee4beab6d14,5,0,35,4,linux,BIC
ff30283a8de4f978dad120936c1af507d01a6a98,2,0,0,1,linux,BFC
d5949d92c29ce147a9cb9e21fcf8ad7c1ff327b1,3,0,8,1,linux,BFC
5ae5bc12d0728db60a0aa9b62160ffc038875f1a,0,3,4,1,linux,BFC
f1d22a1e0595639bcfef9941ebc0e3cfe9711009,0,0,1,1,linux,BIC
f23b8eee1871a6db5c37f90831147de5426c40b7,206,0,7,2,linux,BIC
29211e7db28ab12a4a5aaab4bcc080a3ac67ec78,3,0,0,1,linux,BFC
9888d837f3cf6b1f38f7717ab58236f94123ca19,3,2,3,1,linux,BIC
9c5f69bbd75a7db80578782b037629c5f1e59dce,44,0,15,2,linux,BIC
14cb838d245ae0d523b2f7804af5a02c22e79f5a,1,0,0,1,linux,BFC
5b8d5429daa05bebef6ffd3297df3b502cc6f184,3,0,2,1,linux,BIC
42984af09afc414d540fcc8247f42894b0378a91,1,0,0,1,linux,BFC
dc234825997ec6ff05980ca9e2204f4ac3f8d695,23,0,0,1,linux,BIC
16e574d762ac5512eb922ac0ac5eed360b7db9d8,11,0,1,2,linux,BFC
4b8d7d4c599182393421c190bae3604b4db9629a,6,0,0,2,linux,BIC
444d03badc72e246bbcbca4b9c922d70ef046934,5,0,1,1,linux,BFC
09e3b18ca5def4680b65d60159e595dbbcf7743f,0,2,0,1,linux,BIC
a63bcf08f0efb5348105bb8e0e1e8c6671077753,9,0,0,1,linux,BFC
aebe8a2433cd090ccdc222861f44bddb75eb01de,1,0,3,1,linux,BFC
e36182490dec3d2947dbf3c3d979051b8706845c,3,0,9,2,linux,BIC
a0469f46faab786e8ec9f8c8526a185357b38772,67,23,6,2,linux,BIC
f794db6841e5480208f0c3a3ac1df445a96b079e,18,0,4,4,linux,BFC
8cd3dc192cb7f854a4e31a252b3a771b2a7faaf7,1,2,3,1,linux,BFC
c76fa846b0e1a1cdf6fa1e04c0c3985411cc973d,3,0,10,1,linux,BFC
539f8fc253ece5501fdea1a6aa227d0618374111,0,0,1,1,linux,BFC
dfe719fef03d752f1682fa8aeddf30ba501c8555,30,6,1,1,linux,BFC
148f472da5db4d78fcfe61807c18f020eb5bd7fc,58,0,0,1,linux,BIC
999f934de195a1506089b52c77429fdba25da688,10,0,2,2,linux,BIC
423cd785619ac6778252fbdb916505aa1c153959,1,0,1,1,linux,BIC
71b33f6f93ef9462c84560e2236ed22209d26a58,1,0,3,1,linux,BFC
dc93f46bc4e00899eaf4579962cfac8cf2f9966d,19,0,2,2,linux,BFC
6892555dbe71ed551d3779aa20747484dc9b6ad5,18,0,14,1,linux,BFC
b7ea04d299c78b6cf96ab281a1683ff62a74f969,65,60,18,6,linux,BIC
d5ddd5a51726f46d9f2a119c461ab28ca09b9e69,0,42,14,2,linux,BIC
8b11ec1b5ffb54f71cb5a5e5c8c4d36e5d113085,5,10,7,5,linux,BFC
f44f2a5417b2968a8724b352cc0b2545a6bcb1f4,15,11,8,2,linux,BIC
b0c1ef52959582144bbea9a2b37db7f4c9e399f7,4,0,3,2,linux,BFC
a403bbab1a73d798728d76931cab3ff0399b9560,1,0,0,1,linux,BFC
fe770bf0310d90b3b033c19044d45b7de5f2041c,73,20,104,1,linux,BIC
e333eed63a091a09bd0db191b7710c594c6e995b,0,0,2,1,linux,BFC
81a8b0799632627b587af31ecd06112397e4ec36,0,0,2,1,linux,BFC
c0368595c1639947839c0db8294ee96aca0b3b86,0,0,1,1,linux,BFC
9e3d83c52844f955aa2975f78cee48bf9f72f5e1,111,0,1,5,linux,BIC
a96c03e8cdcf123384319f312d0a08a7a760bb35,7,0,0,2,linux,BFC
d3cc2ab546adc6e52b65f36f7c34820d2830d0c9,140,0,2,2,linux,BIC
2a588dd1d5d649a183a2ff6fa1b80e870cf821d8,192,0,0,2,linux,BIC
1eda919126b420fee6b8d546f7f728fbbd4b8f11,24,0,2,2,linux,BIC
706c6202a3589f290e1ef9be0584a8f4a3cc0507,0,0,1,1,linux,BFC
a3cc092196ef63570c8744c3ac88c3c6c67ab44b,3603,0,0,1,linux,BIC
76d5692a58031696e282384cbd893832bc92bd76,4,2,3,1,linux,BIC
8220c870cb0f4eaa4e335c9645dbd9a1c461c1dd,8,11,0,1,linux,BFC
10c9c8e7c09b4d32b31df1bd14673bd6dbfc50be,0,0,2,1,linux,BFC
91edf63d5022bd0464788ffb4acc3d5febbaf81d,0,0,1,1,linux,BFC
dc82e52492f684dcd5ed9e4773e72dbf2203d75e,10,1,0,2,linux,BFC
3c474b3239f12fe0b00d7e82481f36a1f31e79ab,98,7,20,2,linux,BFC
a5bbcbf29089a1252c201b1a7fd38151de355db9,4,0,0,3,linux,BFC
b8239638853e3e37b287e4bd4d57b41f14c78550,17,2,6,1,linux,BFC
6a95126763fb48784f9cb32c7c8d70d79d310550,40,0,0,2,linux,BIC
c43fd36f7fec6c227c5e8a8ddd7d3fe97472182f,1,0,1,1,linux,BFC
d9ddf077bb85b54200dfcb5f2edec4f0d6a7c2ca,24,4,3,3,linux,BIC
484837601d4dd048d1f8d2cedd39934bb3ad6d59,130,0,1,5,linux,BIC
c73700806d4e430d182c2be069d230076818a99a,1,0,4,1,linux,BFC
8a4659be08576141f47d47d94130eb148cb5f0df,1,0,0,1,linux,BFC
acdf52d97f824019888422842757013b37441dd1,1,83,61,6,linux,BIC
768ac4f12ca0fda935f58eb8c5120e9d795bc6e3,3,0,3,1,linux,BFC
e2c4cf7f98a519eb4d95532bfa06bcaf3562fed5,0,0,2,1,linux,BFC
56fd94919b8bfdbe162f78920b4ebc72b4ce2f39,31,0,7,1,linux,BIC
e504c9098ed6acd9e1079c5e10e4910724ad429f,3,0,0,1,linux,BIC
8ab88c7169b7fba98812ead6524b9d05bc76cf00,0,0,1,1,linux,BFC
d267aefc54a28efc5bda7f009598dc83b5f98734,32,0,1,1,linux,BFC
cfbd41b786519d4a15e1c15181556689bcf6635a,3,0,1,1,linux,BFC
283fb4ea08c5876150b4158e9c20c14309214ce2,1,0,2,1,linux,BFC
058f58e235cbe03e923b30ea7c49995a46a8725f,2,0,1,1,linux,BFC
6556f7f82b9c401950d703072c0d8137b6f9f516,0,0,0,10,linux,BIC
7fa95f9adaee7e5cbb195d3359741120829e488b,71,0,24,16,linux,BIC
871b642adebe300be2e50aa5f65a418510f636ec,31,0,0,1,linux,BIC
5f8415d6b87ecb4ebf1bbd02c538694ebb7fb57c,201,0,3,5,linux,BIC
ca1438dcb34c7fcad63b6ce14ea63a870b92a69b,2,0,0,1,linux,BFC
7cea9657756b2c83069a775c0671ff169bce456a,19,0,4,3,linux,BIC
fc637a860a825e934886498874f9f8372798a462,12,0,0,5,linux,BIC
822fb18a82abaf4ee7058793d95d340f5dab7bfc,6,0,0,1,linux,BIC
7e010df53c80197b23119e7d7b95892aa13629df,17,18,4,1,linux,BIC
5a3dc32372439eb9a0d6027c54cbfff64803fce5,3,0,4,1,linux,BFC
62f39d49d168fcb405b833f3f864d49a01017ad9,1,0,1,1,linux,BIC
d1ede0641b05e43542a6af330f6ca41014a02a5f,2044,0,0,4,linux,BIC
fe2e082f5da5b4a0a92ae32978f81507ef37ec66,0,0,1,1,linux,BFC
74b873e49d92f90deb41d1a2a8fbb70328aebd67,21,0,5,2,linux,BIC
70524490ee2ea1bbf6cee6c106597b3ac25a3fc2,201,0,4,8,linux,BIC
e1f84eef313f4820cca068a238c645d0a38c6a9b,16,0,13,1,linux,BIC
81151ce462e533551f3284bfdb8e0f461c9220e6,639,10,230,4,linux,BIC
3ed6dfbd3bb987b3d2de86304ae45972ebff5870,5,0,0,1,linux,BIC
4ffbe87e2d5b53bcb0213d8650bbe70bf942de6a,0,0,1,1,linux,BFC
910f8befdf5bccf25287d9f1743e3e546bcb7ce0,0,0,2,1,linux,BFC
19f36edf14bcdb783aef3af8217df96f76a8ce34,0,0,1,1,linux,BFC
1c2cb594441d02815d304cccec9742ff5c707495,19,0,1,3,linux,BFC
af2096f285077e3339eb835ad06c50bdd59f01b5,1,0,0,1,linux,BFC
9918878676a5f9e99b98679f04b9e6c0f5426b0a,4,0,1,1,linux,BFC
1d305ba40eb8081ff21eeb8ca6ba5c70fd920934,1,5,2,1,linux,BFC
c03459415c5120fe03dd7d9824880acc8b7f2693,0,0,1,1,linux,BFC
addb3ffbca66954fb1d1791d2db2153c403f81af,2,0,3,1,linux,BFC
ff0c41b2df1577f3354f788af4f6bb5dbdfd26da,2,0,4,1,linux,BFC
2513cbf9d622d85268655bfd787d4f004342cfc9,6,8,0,1,linux,BFC
af0ca06f8781499bd889658b47df75ee2da8ca8f,4,0,0,1,linux,BFC
40ec787e1adf302c11668d4cc69838f4d584187d,0,0,1,1,linux,BFC
a1bb8505e92101df94080f81298e3640f5fbe037,13,30,5,3,linux,BFC
0ef99f8202c5078a72c05af76bfaed2ea4daab19,0,0,1,1,linux,BFC
a049a30fc27c1cb2e12889bbdbd463dbf750103a,19,22,7,1,linux,BIC
8fd8cbfeada59d381c49ad700607376416e2fdd8,0,4,2,1,linux,BFC
68dd9d89eaf56dfab8d46bf25610aa4650247617,1,1,0,1,linux,BFC
5beda7d54eafece4c974cfa9fbb9f60fb18fd20a,28,4,1,1,linux,BFC
db2c7c0a04b11753f5741d00b784b5380ddeee72,15,0,0,2,linux,BFC
3ffdeb1a02be3086f1411a15c5b9c481fa28e21f,1,0,1,1,linux,BFC
e7eea44eefbdd5f0345a0a8b80a3ca1c21030d06,1,0,0,1,linux,BFC
e659d14ed48096f87a678e7ebbdf286a817b4d0e,2,0,0,1,linux,BFC
76582671eb5d006a78420776cc5f73195b867e81,385,0,0,2,linux,BIC
cb1d220da0faa5ca0deb93449aff953f0c2cce6d,0,0,1,1,linux,BFC
45df8462730d2149834980d3db16e2d2b9daaf60,5,42,6,3,linux,BFC
4cb205c0c50f613e2de91f0eb19d5247ed003e89,2,0,1,1,linux,BFC
14328aa58ce523a59996c5a82681c43ec048cc33,1305,2,10,16,linux,BIC
4b340a5a726dafba15b366c4009aa0a8f77631ac,11,0,4,2,linux,BIC
a759f845d1f78634b54744db0fa48524ef6d0e14,5,0,2,2,linux,BFC
34e3207205ef492451cc5c53694d4772a9728b9f,10,0,3,1,linux,BIC
c6559bf796ccdb3a0c79db846af96c8f7046880b,3,0,5,1,linux,BFC
fa9ad876b8e0ebd2b4367ef1580f89be64ebd5d3,316,0,47,2,linux,BIC
bd1d7093a8086df37d260bd1f1d896c0922d34ef,0,2,0,1,linux,BFC
ffb2d78eca08a1451137583d4e435aecfd6af809,0,0,2,1,linux,BFC
011ce71609e9cd0751b495e24ff8c83fa8d7c7db,0,0,1,1,linux,BFC
5911c8fe05c54c9f74a6467650e6493e4808cd01,14,5,9,3,linux,BIC
a532cde31de3cae6ed60e60d6f9379771f652809,15,13,5,3,linux,BIC
bc98a42c1f7d0f886c0c1b75a92a004976a46d9f,0,16,210,74,linux,BIC
e949e338d7bbd0820b0595f2f44b37dd28ff5fff,17,0,18,1,linux,BFC
6f5427039c33e149b711c0f973fcac7f6875b768,0,0,2,1,linux,BFC
a3b884cef8730ce1c7ad2276961bce46fbce8fd5,26,0,0,1,linux,BIC
1830374e1332c93f65399687b72ff55ca4d8c978,8,2,4,1,linux,BFC
caf7501a1b4ec964190f31f9c3f163de252273b8,44,0,1,4,linux,BIC
2257211942bbbf6c798ab70b487d7e62f7835a1a,4,6,0,1,linux,BFC
a780a3ea628268b2ad0ed43d7f28d90db0ff18be,2,0,2,2,linux,BIC
c271cc9febaaa1bcbc0842d1ee30466aa6148ea8,4,0,4,1,linux,BFC
3d5b459ba0e3788ab471e8cb98eee89964a9c5e8,8,1,10,1,linux,BIC
f30e1bfd61541edfd6fa1622013978e6f9c47564,0,14,10,1,linux,BIC
8f7dc9ae4a7aece9fbc3e6637bdfa38b36bcdf09,2,14,16,2,linux,BFC
59066d0083d2e0f2daba9cf839011f7154c5e2b2,7,1,2,1,linux,BFC
a830d28b48bf92944e57058e87d17cee5a7cd2a1,1889,0,2,4,linux,BIC
1ea770f6c1971bc101b3741f4d88b0b4ea5c4181,0,0,1,1,linux,BFC
0b2b149e918f6dddb4ea53615551bf7bc131f875,1,0,0,1,linux,BFC
84fe68eb67f9499309cffd97c1ba269de125ff14,8,0,1,2,linux,BFC
7fdc66debebc6a7170a37c8c9b0d9585a9788fb4,1,0,1,1,linux,BFC
f904f15ea9b5c379d58e3c7d85862baf1adf7370,18,0,0,1,linux,BIC
c0bbbdc32febd4f034ecbf3ea17865785b2c0652,10,0,5,1,linux,BFC
6ec27c53886c8963729885bcf2dd996eba2767a7,13,0,2,1,linux,BIC
a1300e50529795cd605da6a015d4944a18921db0,40,0,1,1,linux,BIC
75a1ba5b2c529db60ca49626bcaf0bddf4548438,15,0,14,1,linux,BIC
91e2f539eeda26ab00bd03fae8dc434c128c85ed,25,0,1,2,linux,BIC
895a5e96dbd6386c8e78e5b78e067dcc67b7f0ab,3,0,0,1,linux,BFC
ec0223ec48a90cb605244b45f7c62de856403729,7,0,0,1,linux,BFC
61263b3a11a2594b4e898f166c31162236182b5c,1,5,1,1,linux,BFC
c09581a52765a85f19fc35340127396d5e3379cc,0,16,8,1,linux,BFC
f57ad63a835c6f1fe646ea985e78a79eb206a5b3,1,0,7,1,linux,BFC
06aa2a43c307cf4096f422dcb575e5d2913e528f,4,0,4,1,linux,BFC
7ccd0791d98531df7cd59e92d55e4f063d48a070,17,8,12,1,linux,BIC
5ac154443e686b06242aa49de30a12b74ea9ca98,3,0,1,1,linux,BFC
2c205dd3981f79cef097207ba9c61c2260812f39,21,23,15,6,linux,BIC
c97f47e3c198bf442ef63abdccc48f7c5f85945f,1,0,1,1,linux,BFC
96d5d884f78306206d745d856aad322becd100c3,1,0,3,1,linux,BFC
3d0e3ce52ce3eb4b9de3caf9c38dbb5a4d3e13c3,1,0,1,1,linux,BFC
73cb85568433feadb79e963bf2efba9b3e9ae3df,0,3,0,1,linux,BFC
0bc3544a010c1e460c99fa052991789f113d860e,15,0,3,1,linux,BFC
98406133dd9cb9f195676eab540c270dceca879a,0,0,4,1,linux,BFC
1ea0f9120c8ce105ca181b070561df5cbd6bc049,1,0,1,1,linux,BFC
19a2557b76d64f26c761925cb4fecefb5d72c099,5,0,6,1,linux,BIC
905ae01c4ae2ae3df05bb141801b1db4b7d83c61,105,0,3,8,linux,BIC
da91309e0a7e8966d916a74cce42ed170fde06bf,71,0,0,2,linux,BIC
713ad54675fdfd7358dbcae21ab4788a014c6e23,85,0,3,2,linux,BIC
d45c36bafb94e72fdb6dee437279b61b6d97e706,7,7,0,1,linux,BFC
6cef2ab01636b6021044f349df466a97c408ec27,0,0,1,1,linux,BFC
0ada768517dafa1504ef5986ba04f118b7436960,0,4,0,1,linux,BFC
ff61541cc6c1962957758ba433c574b76f588d23,8,2,3,1,linux,BFC
528222d853f9283110f0118dd71d9f0ad686d586,1,21,187,50,linux,BIC
be1a5408868af341f61f93c191b5e346ee88c82a,46,45,43,2,linux,BFC
b1078e9869531af4f968ba1b9edad51264943bb8,3,0,0,1,linux,BFC
e1279ff7aec19d7154da30bf5b83e797a13fbced,3,0,0,1,linux,BFC
02a3e3cdb7f12fb8589e4a2e85d23c9e6544b54a,131,4,0,3,linux,BIC
a7af0af32171c17d881e3e58b0925c4a44fb5a42,28,0,13,2,linux,BFC
0f1fb99b62ce226f8d818852f812c5d79071ce58,0,0,1,1,linux,BIC
1fe4293f4b8de75824935f8d8e9a99c7fc6873da,4,1,0,1,linux,BFC
198b51e8a6a31d3a6f8e9dd9cade3635d0291f26,3,1,1,3,linux,BFC
14ee2ac618e49e767c9af4aa007f951eb9e35153,23,9,1,2,linux,BIC
5455f92b54e516995a9ca45bbf790d3629c27a93,0,0,1,1,linux,BFC
c0464062bfea9cd2ef6643d93429eafe8f6c2a4a,18,0,0,10,linux,BFC
aaa743d838da81ea173856c70caf96d8cdcbc320,0,0,4,1,linux,BFC
0d235c3fabb79bddc46527885985f0ae281a89f9,96,7,64,2,linux,BIC
6a8679c048eb104dbcc6aa43a0baa7450de46503,35,0,27,7,linux,BFC
cd4a4ae4683dc2e09380118e205e057896dcda2b,14,0,1,3,linux,BIC
e61d2392253220477813b43412090dccdcac601f,5,0,1,1,linux,BFC
860fbbc343bf05a71b31555579ff4878194be01b,2,0,0,1,linux,BIC
dad57a510db9423a4128ae6565854e999cebac51,0,0,2,1,linux,BFC
c502faf94153bd0fedc5389a936f728a659cc6ab,18,0,9,1,linux,BFC
39495b12ef1cf602e6abd350dce2ef4199906531,2,0,0,1,linux,BFC
5ab189cf3abbc9994bae3be524c5b88589ed56e2,1,0,5,1,linux,BFC
de2a34771f5123270bc3842535ac91673116dd03,0,0,1,1,linux,BFC
cf575e31611eb6dccf08fad02e57e35b2187704d,0,0,1,1,linux,BFC
e17354961bb50931ec7b33f59c0713dcf98ac7d2,0,0,1,1,linux,BFC
d913d3a763a6f66a862a6eafcf6da89a7905832a,10,0,2,1,linux,BFC
122a5f6410f49c28e901e4a911a110b675b8bd55,4,1,5,1,linux,BIC
b436b9bef84de6893e86346d8fbf7104bc520645,66,17,14,6,linux,BIC
5e82548e26ef62e257dc2ff37c11acb5eb72728e,7,0,0,1,linux,BFC
0b2e78865d92e2d70542cb1d4d7af1d4ea0a286d,2,0,2,1,linux,BFC
5a5c4e06fd03b595542d5590f2bc05a6b7fc5c2b,1,0,2,1,linux,BFC
1a079560b1450b72ff4e944bb9185e77633d74c4,18,1,9,1,linux,BFC
0807c4ceb8d171a116edc33e34166416876cae5d,13,4,3,1,linux,BFC
0883743825e34b81f3ff78aaee3a97cba57586c5,138,141,128,2,linux,BIC
e76e56823a318ca580be4cfc5a6a9269bc70abea,0,0,3,2,linux,BFC
8f423a80d299a5b3964b8af005d1aab4e5e9106a,258,0,0,4,linux,BIC
33f16855dcb973f745c51882d0e286601ff3be2b,6,0,2,1,linux,BFC
8c386cc817878588195dde38e919aa6ba9409d58,0,1,4,1,linux,BFC
8ff41cc21714704ef0158a546c3c4d07fae2c952,4,0,1,1,linux,BFC
976b55f0e1db5cb8fccb0a42f68ea77ae42604a6,333,5,8,6,linux,BIC
55680890ea78be0df5e1384989f1be835043c084,0,2,2,1,linux,BFC
85c46b78da58398be1c5166f55063c0512decd39,28,0,12,3,linux,BIC
97d5ec548150764946f38632e62e79759832b54b,2,0,1,1,linux,BFC
cfc8c3ed533e650270152f293a3536f3ca0e7053,0,2,2,1,linux,BIC
559d234569a998a4004de1bd1f12da5487fb826e,0,1,11,1,linux,BFC
dc15af8e9dbd039ebb06336597d2c491ef46ab74,0,0,1,1,linux,BFC
81760ea6a95ad4c41273a71052f61b9f087b5753,109,10,9,2,linux,BIC
8d744da241b81f4211f4813b0d3c1981326fa9ca,0,0,1,1,linux,BFC
1a31b20cd81d5cbc7ec6e24cb08066009a1ca32d,20,16,8,1,linux,BFC
b6e47f3c11c17965acb2a12001af3b1cd5658f37,33,1,2,1,linux,BFC
06f207fc541862ba8902ceda0ddeade6ea6bce72,12,2,33,6,linux,BIC
6910d85250cd6e7790db3968225fd7472e4683c2,0,0,1,1,linux,BFC
58569ef8f619761548e7d198f59e8ebe3af91d04,10,4,1,1,linux,BFC
9bc0bb50727c8ac69fbb33fb937431cf3518ff37,125,0,2,2,linux,BIC
98c09b8c9767c61f97976c358c47ba17c026dc77,0,0,2,1,linux,BFC
e4e721fe4ccb504a29d1e8d4047667557281d932,0,0,2,1,linux,BFC
413a4a6b0b5553f2423d210f65e98c211b99c3f8,19,0,3,2,linux,BIC
be2ff42c5d6ebc8552c82a7d1697afae30510ed9,27,0,14,3,linux,BIC
1b5c1be2c88e8445a20fa1929e26c37e7ca8c926,81,15,15,7,linux,BIC
eee19501926d98c894f15c1644b815c7d1fbd187,414,0,0,2,linux,BIC
19688d7f9592b8222f530037d9328fdc90fff14c,0,1,4,1,linux,BIC
9dbbfb0ab6680c6a85609041011484e6658e7d3c,14,2,9,2,linux,BFC
639c85628757044fee608079a7185b4dbde6bdab,37,0,0,1,linux,BIC
8c8fe97b2b8a216523e2faf1ccca66ddab634e3e,0,18,7,2,linux,BIC
dfe2a77fd243ac3bf204fd0624e4d0b2134aaa6d,0,2,2,1,linux,BIC
a082c6f680da298cf075886ff032f32ccb7c5e1a,10,0,1,1,linux,BIC
a41b4f3c58dddcb39b7072a97ac8cb9036ce53f6,0,3,2,1,linux,BIC
544e9ec70f9335b07498319a2dacc6732a73850b,0,0,1,1,linux,BFC
fc2e6b3b132a907378f6af08356b105a4139c4fb,17,12,19,2,linux,BFC
ad3cbf61332914711e5f506972b1dc9af8d62146,7,0,1,1,linux,BFC
1d4e1eab456e1ee92a94987499b211db05f900ea,6,0,3,1,linux,BFC
120010cb1eea151d38a3e66f5ffc79a0c3110292,12,6,2,4,linux,BIC
1b2dbbf41a0f4cf7a5662bccb9a18128d16e5ffb,32,2,71,7,linux,BIC
397c9f46ee4d99024c64954b007c1b5762d01cb4,62,63,7,3,linux,BIC
f5956fafb00afab474c3886b6297f9b5e7aff722,3,1,4,3,linux,BFC
6f88284f3bd77a0e51de22d4956f07557bcc0dbf,58,0,0,3,linux,BIC
754b8a21a96d5f11712245aef907149606b323ae,12,0,1,1,linux,BIC
fcb64c0f5640e629bd77c2cb088f9fd70ff5bde7,145,0,0,6,linux,BIC
f6351c3f1c27c80535d76cac2299aec44c36291e,3,0,0,1,linux,BFC
bf563b01c2895a4bfd1a29cc5abc67fe706ecffd,1,0,1,1,linux,BFC
89340d0935c9296c7b8222b6eab30e67cb57ab82,0,0,1,1,linux,BFC
8bb54ab573ecd1b4fe2ed66416a8d99a86e65316,174,13,71,5,linux,BIC
75ee23b30dc712d80d2421a9a547e7ab6e379b44,1,0,4,1,linux,BFC
e19a267b9987135c00155a51e683e434b9abb56b,79,93,2,1,linux,BIC
4d81aaa53c2dea220ddf88e19c33033d6cf4f8cb,2,0,0,1,linux,BFC
72246da40f3719af3bfd104a2365b32537c27d83,5582,0,0,10,linux,BIC
53a5372ce326116f3e3d3f1d701113b2542509f4,0,0,6,1,linux,BIC
66a636356647a9be8885c2ce2948de126577698a,1768,0,0,1,linux,BIC
3b414d1b0107fa51ad6063de9752d4b2a8063980,0,0,7,1,linux,BFC
ce99319a182fe766be67f96338386f3ec73e321c,6,0,2,1,linux,BFC
ff73ff19406098f71ec7628b951e0765f1df8128,199,0,0,1,linux,BIC
a9824c868a2c7e310e6263ea4bc9f35cbbec8227,148,33,72,2,linux,BIC
2c8ab3339e398bbbcb0980933e266b93bedaae52,46,25,17,4,linux,BIC
6dd6b7643e723b4779e59c8ad97bd5db6ff3bb12,0,1,0,1,linux,BFC
fe1c97d008f86f672f0e9265f180c22451ca3b9f,1,0,0,1,linux,BFC
992801ae92431761b3d8ec88abd5793d154d34ac,26,0,2,2,linux,BIC
a80dfc025924024d2c61a4c1b8ef62b2fce76a04,0,2,1,1,linux,BFC
a0ce2f0aa6ad97c3d4927bf2ca54bcebdf062d55,19,0,0,3,linux,BFC
09e182d17e8891dd73baba961a0f5a82e9274c97,0,2,2,1,linux,BFC
acf50233fc979b566e3b87d329191dcd01e2a72c,3,0,0,1,linux,BFC
a0ab5abced550ddeefddb06055ed60779a54eb79,0,68,3,1,linux,BIC
adff5962fdd2f29bac943bc014ebd529444b2153,330,0,0,1,linux,BIC
8ffd569aaa818f2624ca821d9a246342fa8b8c50,4,0,1,1,linux,BFC
06b831588b639ad9d94e4789b0250562228722c2,0,0,4,3,linux,BFC
8e1974a2a02bf5b77831c686f01761163ea0cd3e,0,0,1,1,linux,BFC
59b44649a8f2380dfbf282db9922ef863c8812a6,0,0,1,1,linux,BFC
54720df130b3e6356391ed4f8a1a024318bcae23,3,0,3,1,linux,BFC
8ebcc62c738f68688ee7c6fec2efe5bc6d3d7e60,2,0,13,2,linux,BFC
4da96175014be67c846fd274eace08066e525d75,1,0,0,1,linux,BFC
22d5bd6867364b41576a712755271a7d6161abd6,0,0,2,2,linux,BFC
ee1e52d1e4bb91826a2bf5c0586d5b15eb619898,96,2,6,3,linux,BIC
6277d46b10a0b35c83656f085cf8e32ded6fdd60,0,23,1,1,linux,BFC
ce36c94214f0d534aad4adb4219cc046270948fb,0,9,2,1,linux,BFC
133d624b1cee16906134e92d5befb843b58bcf31,33,0,0,3,linux,BIC
1bf4580e00a248a2c86269125390eb3648e1877c,4,0,1,1,linux,BFC
22c01ee4b8a8c000c490dfc479e175404e64167b,9,0,4,1,linux,BFC
bdfd2d1fa79acd03e18d1683419572f3682b39fd,1,29,20,5,linux,BIC
2cf9a57811bddb6fa6b0f8d7376da164d5534813,0,0,1,1,linux,BFC
af585b921e5d1e919947c4b1164b59507fe7cd7b,549,0,16,9,linux,BIC
a904a0693c189691eeee64f6c6b188bd7dc244e9,0,0,6,5,linux,BIC
837cf45df163a3780bc04b555700231e95b31dc9,9,0,5,1,linux,BFC
57abff067a084889b6e06137e61a3dc3458acd56,246,118,10,1,linux,BIC
91970bef48d68d06b2bb3f464b572ad50941f6a9,1,0,1,1,linux,BFC
2a41b6dc28dc71c1a3f1622612a26edc58f7561e,0,15,0,1,linux,BFC
31048d7aedf31bf0f69c54a662944632f29d82f2,5,0,6,2,linux,BFC
1fb08ac63beedf58e2ae9f229ea1f9474949a185,2,9,12,4,linux,BIC
4a845ff0c0d445556ec9e32073ac6cf0cd66e117,47,672,452,3,linux,BIC
4e0eaf239fb33ebc671303e2b736fa043462e2f4,29,0,3,1,linux,BIC
79f7865d844c7703e3dc0e2f5b9ed2f3a4f412e5,12,0,1,1,linux,BIC
2dedd7d2165565bafa89718eaadfc5d1a7865f66,0,0,1,1,linux,BFC
930651a75bf1ba6893a8b8475270664ebdb6cf4a,2,0,2,1,linux,BFC
7d70984a1ad4c445dff08edb9aacce8906b6a222,9,0,1,1,linux,BFC
33845a2d844be6157914cf81b7170e4b12a5bf17,12,0,0,2,linux,BIC
7afd2a5aec2ea27ba87b3a423c5d782fe0f2b96b,13,80,1,3,linux,BIC
7fdd375e383097a785bb65c66802e468f398bf82,0,0,2,1,linux,BFC
e6e0951414a314e7db3e9e24fd924b3e15515288,2,0,1,1,linux,BFC
bfe59032bd6127ee190edb30be9381a01765b958,0,2,7,1,linux,BIC
2c80929c4c4d54e568b07ab85877d5fd38f4b02f,5,0,7,4,linux,BFC
c152f8491a8d9a4b25afd65a86eb5e55e2a8c380,2,0,1,1,linux,BIC
db72589c49fd260bfc99c7160c079675bc7417af,6,0,0,1,linux,BFC
55917a21d0cc012bb6073bb05bb768fd51d8e237,17,0,2,5,linux,BIC
ebe8d359c90d6e237527f4d0544b62bdcc0ff286,0,0,1,1,linux,BFC
d9b7748ffc45250b4d7bcf22404383229bc495f5,0,0,1,1,linux,BFC
f10c729ff965283d2086aa03d139dcf82da86a96,42,11,20,2,linux,BIC
03f66f06756093c38927115502dd5e9277d3ca88,0,0,1,1,linux,BIC
1ea2a07a532b0e22aabe7e8483f935c672b9e7ed,178,0,3,2,linux,BIC
4a74e79b543c115bf2b5b7a4b29db139da20b90d,0,0,1,1,linux,BFC
0707cfa5c3ef58effb143db9db6d6e20503f9dec,0,0,1,1,linux,BFC
e8d5134833006a46fcbefc5f4a84d0b62bd520e7,22,25,52,7,linux,BIC
355368d530460aa19b9d4291e2da2c6fd8929c76,5,0,1,1,linux,BFC
9505b98ccddc454008ca7efff90044e3e857c827,0,0,2,1,linux,BFC
fce9e5bb25264153f9f002eada41757118d25ba9,38,0,0,2,linux,BIC
897609370d25c69e95a174dbd75df6e5bc3a26c8,0,0,1,1,linux,BFC
5d0c4393b207660fb9d6b08caed03ac85435fcd9,0,0,1,1,linux,BFC
01e4092d53bc4fe122a6e4b6d664adbd57528ca3,1,0,0,1,linux,BFC
926a882f6916fd76b6f8ee858d45a2241c5e7999,1,0,1,1,linux,BFC
7a81575b806e5dab214025e6757362c62d946405,24,0,1,3,linux,BIC
8f9fb2abe22ece8cac47a8cef3e716441d4ba169,0,0,5,1,linux,BFC
b45f0674b997ee769907d6092dfa9ee8f59bb51d,17,3,27,2,linux,BIC
68aa716b7dd36f55e080da9e27bc594346334c41,9,0,0,1,linux,BFC
2bd16e3e23d9df41592c6b257c59b6860a9cc3ea,3,0,2,1,linux,BIC
31a3271ff11badc50d6dc0efb4da393e4c3bf388,26,1,1,1,linux,BIC
c80d401c52a2d1baf2a5afeb06f0ffe678e56d23,0,1,1,1,linux,BFC
e4b28b3c3a405b251fa25db58abe1512814a680a,12,5,1,1,linux,BFC
3ee5447e8cd9a65d08fbb49fa9767cbf7fef6d91,6,0,9,1,linux,BFC
1e7f583af67be4ff091d0aeb863c649efd7a9112,54,0,4,1,linux,BIC
f06fcc7155dcbcd9b697d499595a2c1a3945bda2,453,109,72,4,linux,BIC
642403e3599e80370f71ba7a8a8c8fa82e5f6706,1,0,1,1,linux,BIC
6bd934de1e393466b319d29c4427598fda096c57,0,0,1,1,linux,BFC
5fa7dadc898567ce14d6d6d427e7bd8ce6eb5d39,1,0,0,1,linux,BFC
d692403e5cf8008f31f5664a6f3ce3e65d54f458,30,18,3,7,linux,BFC
c5a2ee7dde893e0a06044e75c16711f08d5c011d,39,54,46,1,linux,BIC
c64fa77dd4609cb8cd53fbb73b02434ae8212c7a,1,0,1,1,linux,BFC
907c5bbb514a4676160e79764522fff56ce3448e,2,0,1,1,linux,BFC
29c8d9eba550c6d73d17cc1618a9f5f2a7345aa1,5987,0,0,13,linux,BIC
d3de1eb461e5bac0b07f5c785e6e0d959915df96,0,1,0,1,linux,BFC
77f57761466e9aef2b57acf8ce07df11bf360e34,2,1,0,1,linux,BFC
917257daa0fea7a007102691c0e27d9216a96768,8,4,0,1,linux,BIC
09cf57eba304246141367b95c89801fd2047ac96,1036,942,7,9,linux,BIC
bd848d1b9235d027e65fcc87de26cc1b02b41cc8,3,0,0,1,linux,BFC
0cbf260820fa780a336e4a08cce1f81cd66a7ac1,965,0,0,4,linux,BIC
f09ced4053bc0a2094a12b60b646114c966ef4c6,10,5,2,4,linux,BFC
cb619e80333acc59ce9eb29d56ef6e3b749bf474,0,0,1,1,linux,BFC
d81ff5fe14a950f53e2833cfa196e7bb3fd5d4e3,0,0,1,1,linux,BFC
3bacfccdcb2d3268adaf66d2ff4024251a93b916,126,0,10,3,linux,BIC
cbad8cddb6ed7ef3a5f0a9a70f1711d4d7fb9a8f,0,0,1,1,linux,BFC
1a1100d53f12451d50bc5ebbc941517760912ab8,0,0,3,1,linux,BFC
e34f2ff40e0339f6a379e1ecf49e8f2759056453,5,0,2,1,linux,BFC
bc6c03fa3cacd31b873e36ca16ef9678269deae6,4,0,2,1,linux,BFC
f36fdb9f0266811ee27140acc6ac5ff21199b159,15,0,2,1,linux,BIC
5dec6d96d12d33900ec315972c8e47a73bcc378d,0,0,1,1,linux,BFC
9aad13b087ab0a588cd68259de618f100053360e,0,0,1,1,linux,BFC
1649c33ba34299f66d4f5b5a86964897a2923851,4,2,5,1,linux,BFC
9283b9e09a6d4c0150c33b5674d5071234218c99,0,9,0,3,linux,BIC
9373eba6cfae48911b977d14323032cd5d161aae,0,0,1,1,linux,BFC
00b4492686e0497fdb924a9d4c8f6f99377e176c,0,1,2,1,linux,BFC
47d94dad8e64b2fc1d8f66ce7acf714f9462c60f,0,0,1,1,linux,BFC
be78b59e4806337b447a07a5042f4ef84b047c1a,0,1,0,1,linux,BFC
a1437e57af1c07ef01b921c4a1ab8efd5134b597,4,0,0,1,linux,BFC
705757274599e2e064dd3054aabc74e8af31a095,3,0,0,1,linux,BFC
e58e87adc8bf92e9c6abb1dc1f4af2500aa07ff3,5,0,9,3,linux,BIC
9d5fd37ed7e26efdbe90f492d7eb8b53dcdb61d6,2,0,1,1,linux,BFC
4af396ae4836c4ecab61e975b8e61270c551894d,2,0,0,1,linux,BFC
43b4578071c0e6d87761e113e05d45776cc75437,9,1,17,4,linux,BIC
3125c9eb01e34ced138626d6d88bf94842a3fc2f,0,0,4,1,linux,BFC
f3cbeacaa06e2b8c2f3ce8531e9aa3fe1f2762cd,82,0,4,1,linux,BIC
e1868b9e36d0ca52e4e7c6c06953f191446e44df,0,0,2,1,linux,BFC
208489032bdd8d4a7de50f3057c175058f271956,1380,0,0,2,linux,BIC
823a19cd3b91b0729d7417f1848413846be61712,0,0,3,1,linux,BFC
b9d0a85d6b2e76630cfd4c475ee3af4109bfd87a,0,0,2,1,linux,BFC
3bd4f277274bd7dde65879e5c8cd16d0b34eba90,1,0,4,1,linux,BIC
b0a478ede669949682b9c698f6146c0065543b91,3,0,4,1,linux,BFC
ef0eebc05130b0d22b0ea65c0cd014ee16fc89c7,63,0,2,5,linux,BIC
9c290c507ca22ccf9ca2ab3fcb04e4e0e1422190,0,3,0,1,linux,BFC
00839ee3b299303c6a5e26a0a2485427a3afcbbf,14,0,6,1,linux,BIC
d7eb651212fdbafa82d485d8e76095ac3b14c193,0,0,1,1,linux,BFC
91dc5d2553fbf20e2e8384ac997f278a50c70561,2,1,7,1,linux,BIC
eba697b3c30320933aeb19b0606c2099fe880e51,0,0,16,1,linux,BFC
157c1062fcd86ade3c674503705033051fd3d401,6,0,2,3,linux,BIC
701101865f5d3e268281ce7a254eb4a97d16cbdc,53,25,15,5,linux,BIC
68752b24f51a71d4f350a764d890b670f59062c5,6,4,6,1,linux,BIC
b079bd17e301708da044b4ea114f44c4aa47160c,36,4,40,5,linux,BIC
9512925a2cc2b1cd0206bb93bad200a69716f998,0,0,1,1,linux,BFC
c7614ff9b73a1e6fb2b1b51396da132ed22fecdb,17,0,0,1,linux,BFC
758999246965eeb8b253d47e72f7bfe508804b16,19,1,6,1,linux,BFC
517aaffe0c1b54b4f732e872a89681c650d3527f,5,0,0,2,linux,BIC
d4d8819e205854cc102e366f30b8eadd60a58e97,8,0,1,2,linux,BIC
4509b42c38963f495b49aa50209c34337286ecbe,22,79,1,1,linux,BFC
00377277166bac6939d8f72b429301369acaf2d8,0,0,1,1,linux,BFC
6eb7018705de09b4138ca05d6a157203e0ea791a,30,0,3,1,linux,BIC
90d46d71cce279d878793a0ed4b326b4027aca6c,16,3,8,1,linux,BIC
0a70c998d0c571c66d0ba8ffd9f803392a53193d,2,19,1,2,linux,BIC
6f0764b5adea18d70c3fab32d5f940678bcbd865,19,0,0,2,linux,BIC
cd7df56ed3e60d046ddb3acd987778c00aa9ee33,2327,0,0,4,linux,BIC
91b540f98872a206ea1c49e4aa6ea8eed0886644,0,0,1,1,linux,BFC
60154a1e0495ffb8343a95cefe1e874634572fa8,6,0,2,1,linux,BFC
06af8679449d4ed282df13191fc52d5ba28ec536,0,0,1,1,linux,BFC
00a3423492bc90be99e529a64f13fdd80a0e8c0a,0,6,1,1,linux,BIC
f0682757230bdfc58118125dc81d805a427766b8,1,0,0,1,linux,BFC
9ee313433c483e4a6ecd517c38c0f8aee1962c53,49,0,0,1,linux,BFC
2de2d0b063b08becb2c67a2c338c44e37bdcffee,0,0,1,1,linux,BFC
b63de8400a6e1001b5732286cf6f5ec27799b7b4,0,6,0,2,linux,BFC
3fe2895cfecd03ac74977f32102b966b6589f481,3,0,2,1,linux,BFC
d2a74581390d8e5ed09b12c9d4736847d918dfa6,0,0,1,1,linux,BFC
fc43fb69a7af92839551f99c1a96a37b77b3ae7a,2,0,0,1,linux,BFC
d38afeec26ed4739c640bf286c270559aab2ba5f,40,9,6,9,linux,BFC
364e9d7776a389941cea6c40783f90c236b402ce,9,0,0,1,linux,BIC
5e4748175fe942c86cbab840e2fa41a92b4d6cf6,0,5,5,1,linux,BFC
e4920d42ce0e9c8aafb7f64b6d9d4ae02161e51e,0,0,2,1,linux,BFC
14b468791fa955d442f962fdf5207dfd39a131c8,31,109,29,6,linux,BIC
71ad0f5e4e361c8bca864c7d09d14b64af6bc2fc,760,0,30,11,linux,BIC
e2d2afe15ed452f91797a80dbc0a17838ba03ed4,6,0,2,1,linux,BFC
11c3ec7bb940b6fa3f87f05f01b7f45eef08dfbb,2,0,0,1,linux,BFC
4534a70b7056fd4b9a1c6db5a4ce3c98546b291e,2499,0,0,4,linux,BIC
6174c2eb8ecef271159bdcde460ce8af54d8f72f,15,0,11,3,linux,BFC
14fa91e0fef8e4d6feb8b1fa2a807828e0abe815,0,2,0,1,linux,BFC
855aed1220d2c94425ab01a85fe7a6f5c436940f,905,0,1,8,linux,BIC
f5bfa23f576fdcc8e0b7fbff44cf70bd69ff9bdb,387,0,0,2,linux,BIC
ceef7d10dfb6284d512c499292e6daa35ea83f90,32,0,1,2,linux,BIC
bf92927251b3642c10f8562d4f884a785cdd1855,207,109,12,3,linux,BIC
517633ef630eba33950abd600dfab6c573d3cc22,55,0,0,1,linux,BIC
208cc9fe6f21112b5cc6cb87065fb8ab66e79316,0,1,12,1,linux,BFC
5151842b9d8732d4cbfa8400b40bff894f501b2f,1,0,0,1,linux,BFC
7e92e1717e3eaf6b322c252947c696b3059f05be,17,6,4,1,linux,BFC
35d0ac9070ef619e3bf44324375878a1c540387b,8,6,1,1,linux,BFC
fc06b2867f4cea543505acfb194c2be4ebf0c7d3,2,0,0,1,linux,BFC
6ceb6331b3291694fb6ceba625219f51447c3fa2,0,0,2,2,linux,BFC
760c80b70bed2cd01630e8595d1bbde910339f31,1,0,3,1,linux,BFC
62e984ddfd6b056d399e24113f5e6a7145e579d8,2,0,0,1,linux,BFC
4eae06de482bf370144704e31f65cd6dfbcebe94,4,0,0,1,linux,BFC
13ff178ccd6d3b8074c542a911300b79c4eec255,6,21,10,4,linux,BIC
8be70a842f70c0fe8e00fd488b1966344fa10ff4,1,1,4,1,linux,BFC
ce755c9b01e09ee4907cf79bd0f57fa5cf65c4c3,0,12,0,1,linux,BFC
a7654211d0ffeaa8eb0545ea00f8445242cbce05,0,0,4,1,linux,BFC
7311d665ca68907b9c43d6d1021f816f9a7bbd57,4,0,3,1,linux,BFC
0ec7bfb26aff91ae60ac8a893fee755287291a55,65,28,20,4,linux,BFC
875a4d5368424d6cf57d4b7250b470f1a8ad2c14,30,0,0,3,linux,BIC
cd3967bee004bcbd142403698d658166fa618c9e,0,0,2,1,linux,BFC
a2fa9242e89f27696515699fe0f0296bf1ac1815,1,0,0,1,linux,BFC
71725ed10c40696dc6bdccf8e225815dcef24dba,42,38,18,3,linux,BIC
944397f04f24eaf05125896dcb601c0e1c917879,26,34,47,6,linux,BIC
56c78cb1f00a9dde8cd762131ce8f4c5eb046fbb,1,0,0,1,linux,BFC
4702bbeefb490e315189636a5588628c1151223d,16,0,0,1,linux,BFC
ff7ebed94551bcb37bc344bba294ba58ead55db0,0,0,1,1,linux,BFC
fca5e94921d50d13ee8720ce58a352e7fc0228bf,0,1,0,1,linux,BIC
2bb955840c1dc44746af8a7873d9a0ba70debbd6,32,0,0,2,linux,BIC
792ea6a074ae7ea5ab6f1b8b31f76bb0297de66c,0,1,0,1,linux,BFC
7f891faf596ede96dd209b2257abf9df636b481f,81,0,0,1,linux,BIC
bf1a8aa0a2d6b0a6d8736de7ac07c886b092cbad,0,0,4,1,linux,BFC
19abfefd4c7604993d1c31e098a3f48bdafe334d,47,224,24,11,linux,BIC
576a2f0c5c6d64648d2ba68a4edbbe61863e12e2,0,24,0,1,linux,BIC
fd546ee6a7dc4b71ebc6d1205bf72ea3c1c7030a,2,24,20,1,linux,BIC
70cc77952efebf6722d483cb83cfb563ac9768db,0,1,4,1,linux,BFC
6e5a03bcba44e080a6bf300194a68ce9bb1e5184,1,0,0,1,linux,BFC
d23c2cdaa01360ddc8ca01cd34b964e4621e6381,0,0,3,1,linux,BFC
c8a9d043947b4acb19a65f7fac2bd0893e581cd5,42,1,8,2,linux,BIC
8d046759f6ad75824fdf7b9c9a3da0272ea9ea92,0,0,1,1,linux,BFC
0c54a6a44bf3d41e76ce3f583a6ece267618df2e,4,4,5,1,linux,BFC
38784f6f880580cbe168edbe7ba38c161dee3216,65,0,0,2,linux,BIC
437f35e1cd4c8d043633bb72f4260369af68fbf7,92,0,0,3,linux,BIC
8a01032e02c8a0fb3e9f33791023b62dee73cc03,0,17,0,1,linux,BFC
f1ab4efa6d32e98f9e604c9dde57cfe7b89a6c07,80,0,0,3,linux,BIC
759be8993b1b40e05b8908583336b8e230e67b08,3,0,0,1,linux,BFC
c6fc2171b249e73745c497b578b417a2946f1b2f,1,0,3,1,linux,BIC
77437fd4e61f87cc94d9314baa5cbf50e3ccdf54,192,0,1,1,linux,BIC
0947ae1121083d363d522ff7518ee72b55bd8d29,0,0,1,1,linux,BFC
c65732e4f72124ca5a3a0dd3bee0d3cee39c7170,5,1,0,1,linux,BIC
125ad46f3861520fdebd15c38e4bc412a7add01c,0,0,2,1,linux,BFC
560ee7e9100916e30e126a53d127ca54745b2a8e,12,0,0,1,linux,BIC
4ba4f41942745f1906c06868a4acc6c926463f53,4,4,4,1,linux,BFC
3989ade2d1e7ffc900e3842dc542b9e4bb3618fe,0,4,26,9,linux,BIC
4293ddb788c1a98bdfa6479bcfd63ad5ce0a5ce6,0,4,6,1,linux,BIC
2cc0c7b520bf8ea20ec42285d4e3d37b467eb7f9,6,0,0,1,linux,BFC
77e9184869c9fb00a482357ea8eef3bd7ae3d45a,165,3,98,5,linux,BIC
ecf73eb2d27d43b2153bb80671768a06d35521f1,2,0,9,1,linux,BFC
015fe6fd29c4b9ac0f61b8c4455ef88e6018b9cc,9,4,4,2,linux,BFC
6d00f37e49d95e640a3937a4a1ae07dbe92a10cb,3,0,1,1,linux,BFC
6ac86ca3524b4549d31c45d11487b0626c334f10,12,0,2,1,linux,BFC
20c76e242e7025bd355619ba67beb243ba1a1e95,7,0,2,2,linux,BFC
59bbf83835f591b95c3bdd09d900f3584fa227af,32,15,21,1,linux,BFC
ec3937107ab43f3e8b2bc9dad95710043c462ff7,0,0,1,1,linux,BFC
88d78bc097cd8ebc6541e93316c9d9bf651b13e8,0,0,2,2,linux,BFC
a50ca39fbd018889dc48f9bf17ca924546645dbc,40,0,1,3,linux,BIC
fefcfc968723caf93318613a08e1f3ad07a6154f,0,3,0,1,linux,BFC
ffd24fa2fcc76ecb2e61e7a4ef8588177bcb42a6,0,0,2,1,linux,BFC
977d2e7c63c3d04d07ba340b39987742e3241554,3,0,0,1,linux,BFC
9fd2cf4d6fba8253efa62ba45f623ab7f09df12d,0,0,2,1,linux,BFC
09e2b0b14690fb13ccfc04af49f156df3e25b152,29,0,10,5,linux,BIC
fff1662cc423be00c5a7dffc6cf2332161c882d6,0,0,1,1,linux,BFC
15e14f76f85f4f0eab3b8146e1cd3c58ce272823,0,0,1,1,linux,BFC
0900a9efdb79097dac253a67f6c4fe0a42b2508d,1,0,6,3,linux,BIC
6387d0111ca4740b69a082a92fc373185af11133,1,0,10,4,linux,BFC
cbde6c823bfaa553fb162257a5926ba15ebaaa43,4,4,0,1,linux,BFC
9d8e536d36e75e76614fe09ffab9a1df95b8b666,2,3,1,1,linux,BFC
d7276e321ff8a53106a59c85ca46d03e34288893,3,0,5,1,linux,BFC
630cf09751fe166ffc25d1ae35ce804bf58eb3c7,136,0,0,1,linux,BIC
48834e6084f185776b0c567d6f9b8e0b099f4b19,53,0,0,1,linux,BIC
08ff32352d6ff7083533dc1c25618d42f92ec28e,145,1,30,15,linux,BIC
e1a2f2d23a989c928c5c5b3d4827daf2f01dd9df,5,0,4,1,linux,BFC
e494f6a728394ab0df194342549ee20e6f0752df,154,1,13,6,linux,BIC
585cb239f4de6c11349e900dd8b4d8cf0825e802,35,0,0,1,linux,BIC
61bc76be367e9928c2c49fbde9783f4821446482,1,0,0,1,linux,BFC
46a2bb5a7f7ea2728be50f8f5b29a20267f700fe,422,0,0,3,linux,BIC
39654cb3a6a2a04bb055e62e8ece16d611c2e517,4,3,0,1,linux,BIC
2a5be6d1340c0fefcee8a6489cff7fd88a0d5b85,0,0,1,1,linux,BFC
a90e1948efb648f567444f87f3c19b2a0787affd,1,0,1,1,linux,BFC
289460404f6947ef1c38e67d680be9a84161250b,2,0,5,1,linux,BFC
e3b7468f082d106459e86e8dc6fb9bdd65553433,0,0,1,1,linux,BFC
9b6e27d01adcec58e046c624874f8a124e8b07ec,2,6,16,1,linux,BFC
c36ba6603a1154ac617d023bbcc062a12afb258b,5,0,4,2,linux,BIC
b90189759a7ff92aa47e8878f6b5a9f868e19895,66,0,1,3,linux,BIC
bf8b7e689de22f862c4b066ff73d8267e04905e2,11,1,219,1,linux,BFC
d50497eb4e554e1f0351e1836ee7241c059592e6,6,0,0,1,linux,BIC
59a3e78f8cc33901fe39035c1ab681374bba95ad,0,0,1,1,linux,BFC
3df2deed411e0f1b7312baf0139aab8bba4c0410,13,6,5,1,linux,BIC
504871e602d9a9ea2321d47ca506887417f54e75,10,0,0,1,linux,BIC
c6c9fee35dc27362b7bac34b2fc9f5b8ace2e22c,2,1,0,1,linux,BFC
1df379924304b687263942452836db1d725155df,13,4,0,8,linux,BFC
35b827b6d06199841a83839e8bb69c0cd13a28be,0,0,3,1,linux,BFC
125a2210541079e8e7c69e629ad06cabed788f8c,1,31,10,1,linux,BIC
55ee7017ee31a3abcc240e0d40284b02ddac92c8,0,0,1,1,linux,BIC
3dcb861dbc6ab101838a1548b1efddd00ca3c3ec,23,6,0,3,linux,BFC
ae7352d384a552d8c799c242e74a934809990a71,0,0,2,2,linux,BFC
fbd452aeb49e552e7278c25c63198caa918deb04,192,0,0,1,linux,BIC
0b39536cc699db6850c426db7f9cb45923de40c5,0,0,2,1,linux,BIC
a07b20004793d8926f78d63eb5980559f7813404,146,17,10,7,linux,BIC
753dfd23612dfb4b585b7814a94237987fdf3359,0,0,2,1,linux,BFC
1b3fa5cf859bce7094ac18d32f54af8a7148ad51,3,0,2,1,linux,BIC
6262e1b906a1ba12688ea6039453b4a088dbaf44,1,1,0,1,linux,BFC
67c836b85d8fb755f769977aa3a3060e88eb156d,0,0,18,1,linux,BFC
03a551734cfc2b93f83950a595974e3c9cbd82fd,2,0,10,1,linux,BFC
ce92834407a465c25c0be1a4a0339c625e44c4db,0,4,1,1,linux,BFC
8838d9224f84cbe04979edb005365af236d39410,0,0,1,1,linux,BFC
33e4f80ee69b5168badf37edbfed796eb48434b9,87,9,16,11,linux,BIC
d831de177217cd494bfb99f2c849a0d40c2a7890,0,0,1,1,linux,BFC
5cec38ac866bfb8775638e71a86e4d8cac30caae,4,0,1,1,linux,BIC
4c3140f4cea66b06e4a982e0c2f7b7d113040b26,0,0,1,1,linux,BFC
318fa46cc60d37fec1e87dbf03a82aca0f5ce695,0,0,7,1,linux,BIC
2af70a962070fd2e6f3b1a259b652faa3fd1a122,175,1,4,1,linux,BIC
a8abb0c3dc1e28454851a00f8b7333d9695d566c,1,0,1,1,linux,BFC
47933ad41a86a4a9b50bed7c9b9bd2ba242aac63,232,0,2,11,linux,BIC
989918482bbccbbce3ba2bb9156eb4c193319983,4,1,2,1,linux,BFC
6c2eb3e76fb84e2eb46d484f71fab469c0d9532c,0,0,1,1,linux,BFC
b05d0cfa1932376dc388a0fe67564572a84374a3,2,6,5,1,linux,BFC
6a4f7dc82d1e3abd3feb0c60b5041056fcd9880c,18,0,3,1,linux,BFC
0fa03c624d8fc9932d0f27c39a9deca6a37e0e17,53,0,0,4,linux,BIC
134059fd2775be79e26c2dff87d25cc2f6ea5626,2,0,0,1,linux,BFC
7bb0fb7c63df95d6027dc50d6af3bc3bbbc25483,0,0,2,1,linux,BFC
972fae683cbad5cf348268e76abc6d55cfb3ba87,0,0,1,1,linux,BFC
1d08b92fa2c41c43e4efe9787413e9ac9a434f83,0,1,2,1,linux,BFC
af22df997d71c32304d6835a8b690281063b8010,9,0,0,1,linux,BFC
ed7770f6628691c13c9423bce7eee7cff2399c12,20,0,10,3,linux,BIC
355139a8dba446cc11a424cddbf7afebc3041ba1,0,0,1,1,linux,BFC
4024fcf70556311521e7b6cf79fa50e16f31013a,2,0,1,1,linux,BFC
67f8f10c0bd78c4a0f0e983e050ab90da015323b,0,0,2,1,linux,BFC
bca9749b1aa23d964d3ab930938af66dbf887f15,0,0,2,1,linux,BFC
4eae4efa2c299f85b7ebfbeeda56c19c5eba2768,60,2,2,1,linux,BIC
aed28b7a2d620cb5cd0c554cb889075c02e25e8e,8,0,5,1,linux,BFC
bb38919ec56e0758c3ae56dfc091dcde1391353e,575,0,0,1,linux,BIC
5b1c4bf2519efc2328d252fd7697bdfb306f10f3,0,0,2,1,linux,BFC
de9587a2f54d2d0063f0dbc775328129b9daaaa2,4,0,1,1,linux,BIC
1f71e8c96fc654724723ce987e0a8b2aeb81746d,13,0,0,1,linux,BIC
732f2cb2fbb51bd5bc03a114bd102ab3b2f537fe,0,0,2,1,linux,BFC
108b3c7810e14892c4a1819b1d268a2c785c087c,6,7,3,1,linux,BFC
d70ef22892ed6c066e51e118b225923c9b74af34,0,0,2,1,linux,BFC
05e3ced297fe755093140e7487e292fb7603316e,112,0,0,2,linux,BIC
5f6f845b608a3fa13e5da0584eea5803710cf708,4,0,1,1,linux,BFC
300c0c5e721834f484b03fa3062602dd8ff48413,0,0,2,1,linux,BFC
df2cc96e77011cf7989208b206da9817e0321028,32,0,9,3,linux,BIC
07bf7908950a8b14e81aa1807e3c667eab39287a,12,0,0,1,linux,BIC
da382875c616856b234790206fc80d51f66b3bc7,56,0,0,2,linux,BIC
6dba940352038b56db9b591b172fb2ec76a5fd5e,113,3,24,4,linux,BIC
468f6eafa6c44cb2c5d8aad35e12f06c240a812a,10,4,7,1,linux,BIC
ac8fc6af1ab62b2e5d57ddadc8bd4c9433c49a72,0,2,0,1,linux,BFC
17c37d748f2b122a95b6d0524d410302ff89a2b1,1,0,2,1,linux,BFC
e8a767e04dbc7b201cb17ab99dca723a3488b6d4,11,0,3,1,linux,BFC
72d4736253af74147b1fa68145b2f4c61d1f37e1,0,0,1,1,linux,BFC
c6f6f2444bdbe0079e41914a35081530d0409963,2,0,2,1,linux,BFC
1b3c7564113a073143a8b45f5f50efa44ac0ee3c,0,0,2,1,linux,BFC
7684e2c4384d5d1f884b01ab8bff2369e4db0bff,9,0,0,2,linux,BFC
4241eabf59d5b7e9b5b567526f6e319f81dff894,259,0,0,3,linux,BIC
cbda10fa97d72c7a1923be4426171aa90e8c6dab,26,0,0,4,linux,BIC
87fe29b61f9522a3d7b60a4580851f548558186f,9,6,19,1,linux,BFC
9a0fee2b552b1235fb1706ae1fc664ae74573be8,6,0,0,1,linux,BFC
d202ce4787e446556c6b9d01f84734c3f8174ba3,5,0,3,1,linux,BFC
f34436a430920bdfdba575b509d994c619f5101d,10,30,63,3,linux,BIC
90904ff5f958a215cc3d26f957a46e80fa178470,1,0,0,1,linux,BFC
0f4651359a235a702b383076fc2ccbd90d9bedb4,29,8,3,3,linux,BFC
4b15c7075352668d4467ced7594b676707d11cae,44,1,3,5,linux,BIC
39379faaad79e3cf403a6904a08676b7850043ae,19,0,5,1,linux,BFC
a04e1928e2ead144dc2f369768bc0a0f3110af89,0,0,1,1,linux,BFC
f4ce766f28cd0efa0cb4d869a84905d573ef7e70,8,0,1,3,linux,BFC
d5395a54865963089792f241756a7562d18262a1,5,0,0,1,linux,BIC
a2d375eda771a6a4866f3717a8ed81b63acb1dbd,35,0,6,2,linux,BIC
93100d6817b05a60f3e1d354932a4fe792f14d08,4,0,0,1,linux,BFC
5db0e0969af6501ad45fe0494039d3b9c797822b,0,0,3,1,linux,BFC
891434b18ec0a21cfa4788695165b74e8d4c0474,711,3,20,10,linux,BIC
69311e7c997451dd40942b6b27b522cc3b659cef,0,0,3,1,linux,BFC
2abd839aa7e615f2bbc50c8ba7deb9e40d186768,14,2,7,1,linux,BFC
fe8bd18ffea5327344d4ec2bf11f47951212abd0,24,0,0,3,linux,BIC
95ccf312a1e4f5a1150dd1a0a2d81c1043e33fb6,29,52,2,4,linux,BIC
43a6684519ab0a6c52024b5e25322476cabad893,1,0,2,1,linux,BFC
9fa6e2f7609fdbb7d6f86be86371a5719bec0376,1,0,0,1,linux,BFC
3c87f372695592bf86e9dab7b1ec7d439fda577b,9,0,0,1,linux,BFC
b0f53dbc4bc4c371f38b14c391095a3bb8a0bb40,0,0,2,1,linux,BIC
63edb0310a5ca736c81aaba661b365cd4887cd3b,297,0,0,1,linux,BIC
e6599adfad30c340d06574e49a86afa7015c5c60,3,1,35,5,linux,BFC
ef12e4bf4276a07fd350179fa63d0d337ea0a867,2,0,0,1,linux,BFC
ae911b23d2f06c5d0a3e32768bedea857cadd269,1,1,0,1,linux,BFC
d082dc1562a2ff0947b214796f12faaa87e816a9,27,1,8,1,linux,BFC
dbabd624d4eec50b623bab070d1e39a854b2d65c,17,123,9,1,linux,BIC
671459676ab0e1d371c8d6b184ad1faa05b6941e,2,0,0,1,linux,BFC
bac24f59f45419a3853af2f58130cb82b7bdca64,202,0,15,3,linux,BFC
9a9ba2a4aaaa4e75a5f118b8ab642a55c34f95cb,21,80,17,2,linux,BFC
c1318b39c7d36bd5139a9c71044ff2b2d3c6f9d8,85,0,13,4,linux,BIC
2eadc33f40d4c59dd0649f8b6958872d85ad05d7,542,0,16,3,linux,BIC
929a2faddd55290fbb0b73f453b200ed1b2b2947,42,5,9,6,linux,BFC
2572cf57d75a7f91835d9a38771e9e76d575d122,0,0,1,1,linux,BIC
05e0b4bf4613dc4238bcdfd2b29521a9656cbb20,0,0,2,1,linux,BFC
551d793f65364c904921ac168d4b4028bb51be69,0,1,3,1,linux,BFC
b2d751b7f69b352de0280d2279765a9506ed54f0,1,1,9,1,linux,BIC
f6eedbba7a26fdaee9ea8121336dc86236c136c7,14,0,6,3,linux,BIC
9f42cf54403a42cb092636804d2628d8ecf71e75,3,0,2,1,linux,BFC
37a675e768d7606fe8a53e0c459c9b53e121ac20,3,0,10,1,linux,BFC
4e3a50293c2b21961f02e1afa2f17d3a1a90c7c8,10,0,0,1,linux,BFC
81423c78551654953d746250f1721300b470be0e,1,0,0,1,linux,BFC
296c9120752bab93151bd7220896dd302683a91c,319,6,105,3,linux,BIC
ab6a2114433a3b5b555983dcb9b752a85255f04b,3,3,0,1,linux,BFC
f93e1cdcf42c1218e2a73be477d8ac21135e7f56,7,0,3,1,linux,BIC
0847684cfc5f0e9f009919bfdcb041d60e19b856,0,35,17,6,linux,BIC
7709aba8f71613ae5d18d8c00adb54948e6bedb3,123,85,65,6,linux,BFC
6596a0229541270fb8d38d989f91b78838e5e9da,7,4,0,1,linux,BFC
0db9071353a0ac1ffb49537bf2be0729e1020645,32,0,1,1,linux,BIC
531f67e41dcde1e358cf821d056241a66355cf03,59,0,2,1,linux,BIC
5bb99fd4090fe1acfdb90a97993fcda7f8f5a3d6,0,0,1,1,linux,BFC
0c9501f823a40a061f755d3789c4705c9fe85f14,0,0,2,1,linux,BIC
c4a9b538ab2a109c5f9798bea1f8f4bf93aadfb9,8,2,8,5,linux,BIC
8a3ebd8de328301aacbe328650a59253be2ac82c,123,0,3,1,linux,BIC
c590fa80b39287a91abeb487829f3190e7ae775f,5,0,5,1,linux,BFC
c208556ab3627b5f53144e9cbf739d6371d80543,0,1,7,1,linux,BFC
0bbf47eab4697557718fccc1ec9835c44c47fe7f,11,0,1,1,linux,BIC
c6eea1c8bda56737752465a298dc6ce07d6b8ce3,0,0,1,1,linux,BFC
215db1856e8313ef8a1d9b64346dc261570012a6,9,14,14,1,linux,BIC
b0138364da17617db052c4a738b58bf45e42f500,2,0,0,1,linux,BFC
9efdd519d001ee3e761f6ff80d5eb123387421c1,1,0,2,1,linux,BFC
f5c8cf2a4992dd929fa0c2f25c09ee69b8dcbce1,1,40,14,1,linux,BFC
5c50f1d18f6bdd8ff8d274479b8bf0d89ab5a47d,5,0,1,1,linux,BFC
1d15d121cc2ad4d016a7dc1493132a9696f91fc5,1,0,0,1,linux,BFC
69f92f67b68ab7028ffe15f0eea76b59f8859383,18,11,0,1,linux,BFC
c146024ec44c2946de7c6c45ddd3402abcab17f9,7,9,23,1,linux,BFC
ef3fb2422ffe92ead0579c21a02095b329434900,1,10,2,1,linux,BIC
40bf7eb304b5659991ed932c0cd5bee6a7c88f4f,51,0,5,2,linux,BIC
31875d4970baa02e08b719fdfea6f43e9e2f7e77,34,0,0,2,linux,BFC
8f918d3ff4a1283a1693afe2b4c8e1844674ca15,2,3,0,1,linux,BFC
c33e54fafacaf83b3e345aae0e241c1f152224a0,2,0,1,2,linux,BFC
f0d22d1874730530a2ac304fd0888cb8a6864527,141,2,17,3,linux,BIC
40d5c8e94751f4a4fa4e0e27e3805e201a4e79c0,0,0,6,1,linux,BFC
b09bb64239c83113b8b35fa6a1ecae43d8297eaa,30,0,2,3,linux,BIC
e58430e1d4fd01b74475d2fbe2e25b5817b729a9,17,0,5,1,linux,BIC
826cfe751f3e1faf4a63b65245f5ee3a7efeb763,233,0,0,4,linux,BIC
332d1a0373be32a3a3c152756bca45ff4f4e11b5,19,2,23,2,linux,BFC
8256c69b2d9c35e94d0e424184c0d27b59bdee12,10,0,4,1,linux,BFC
b418d660bb9798d2249ac6a46c844389ef50b6a5,40,0,0,1,linux,BFC
23790ef12082a14e18580ec1fc4e9570588a0024,40,0,0,1,linux,BIC
f651c8b055423057d9f41525dfdc37b4796015d1,10,0,20,3,linux,BIC
dd396dbc4d7811c1567cc43faa4b9ad68094c44d,5,0,0,1,linux,BFC
e51d68e76d604c6d5d1eb13ae1d6da7f6c8c0dfc,0,0,1,1,linux,BFC
afeaade90db4c5dab93f326d9582be1d5954a198,2,0,0,1,linux,BFC
53fd5b6487e4438049a5da5e36dfb8edcf1fd789,31,0,0,2,linux,BIC
3663c9045f51a7ad635a0785adef07c21b79b560,80,0,19,3,linux,BIC
f37fe2f9987b0460f25a87b1380f8e97a5959121,1909,0,0,3,linux,BIC
ae1cca3fa3478be92948dbbcd722390272032ade,88,5,8,1,linux,BIC
db6e436264dae9fbfc92d93bf61772e8a129940c,1,0,0,1,linux,BFC
cb639a420e2e74dba5432e8ebcfb3559ce925148,57,2,70,3,linux,BFC
03eeafdd9ab06a770d42c2b264d50dff7e2f4eee,1,0,0,1,linux,BFC
0ec78cdb1ab1ab740ee23a260135471f259caf02,1,2,67,2,linux,BFC
4718799817c5a30ae723eda21f3a6c7d8701b1a4,2,0,3,1,linux,BIC
8844f97238ca6c1ca92a5d6c69f53efd361a266f,1,0,0,1,linux,BFC
bbb55cd708901dedbeeeb929c7012f35afea7882,3,3,0,1,linux,BFC
c4cb773c702be5519442c8375a6476d08fe2cb46,5,0,4,1,linux,BFC
62dd93181aaa1d5a501a9cebcb254f44b8a48af7,14,0,6,3,linux,BIC
e02f0d3970404bfea385b6edb86f2d936db0ea2b,2,0,0,1,linux,BFC
dd4fa1dae9f4847cc1fd78ca468ad69e16e5db3e,1,0,1,1,linux,BFC
f4757af8516d95aaf9c6a1238887c34914e54622,3,2,7,1,linux,BIC
793213a82de4ccc96f394ea5deaaf57c0bb01f0b,7,5,7,2,linux,BIC
9fef68686317bc9f85fb4e84e225d26ea2cb1cac,25,2,12,1,linux,BIC
9827c0634e461703abf81e8cc8b7adf5da5886d0,6,0,0,1,linux,BFC
9d758d4a3a039b9d7086d4759ed255b748713eee,40,17,17,6,linux,BFC
6e7f90d163afa8fc2efd6ae318e7c20156a5621f,1,0,8,1,linux,BFC
0915e6feb38de8d3601819992a5bd050201a56fa,4,6,9,1,linux,BFC
47c28d436f409f5b009dc82bd82d4971088aa391,5,4,1,1,linux,BFC
c9287fa657b3328b4549c0ab39ea7f197a3d6a50,2,1,4,1,linux,BFC
a7f40c233a6b0540d28743267560df9cfb571ca9,0,1,3,1,linux,BFC
723ae803218da993143387bf966042eccefac077,1,0,0,1,linux,BFC
8012c983dd0cea8f5be5a02ca75fd8d437227a10,0,0,1,1,linux,BFC
a658353167bf2ea6052cee071dbcc13e0f229dc9,0,0,1,1,linux,BFC
aaf473d0100f64abc88560e2bea905805bcf2a8e,0,0,1,1,linux,BFC
7ba5e7bd64a5715f624d39815f567842178afb72,0,0,1,1,linux,BFC
975d183ef0ca071dfeda4e70d268d1103d09ad5f,140,0,0,3,linux,BIC
60fc35f327e0a9e60b955c0f3c3ed623608d1baa,0,1,0,1,linux,BFC
2df6d895907b2f5dfbc558cbff7801bba82cb3cc,1,3,3,1,linux,BFC
0744ff8fa8fad7aae669b73fd78f3efe1d8e31ca,49,0,0,1,linux,BIC
17ba1e87fca9e6bad7eacbb1ef042c83358d245e,1,0,2,1,linux,BFC
c7dbf4c08868d9db89b8bfe8f8245ca61b01ed2f,18,2,2,3,linux,BFC
32818c075c54bb0cae44dd6f7ab00b01c52b8372,0,0,1,1,linux,BFC
44f57d788e7deecb504843534081d3449c2eede9,194,0,0,3,linux,BIC
dda7596c109fc382876118627e29db7607cde35d,5,0,0,1,linux,BFC
487994ff75880569d32504d7e70da8b3328e0693,0,20,9,1,linux,BFC
3c2bf173501652fced1d058834e9c983d295b126,0,0,3,1,linux,BFC
31143d5d515ece617ffccb7df5ff75e4d1dfa120,1460,5,21,10,linux,BIC
3a28cff3bd4bf43f02be0c4e7933aebf3dc8197e,22,0,3,3,linux,BFC
3eb55e6f753a379e293395de8d5f3be28351a7f8,0,0,1,1,linux,BFC
dda5bdf074da3782ff9e785ee50cd2a3f214d498,0,0,1,1,linux,BFC
92be3d6bdf2cb34972ab50e12ad4da1076e690da,52,9,12,3,linux,BIC
9c2ccc324b3a6cbc865ab8b3e1a09e93d3c8ade9,3,0,2,1,linux,BFC
972ecb82137949be9649c7184782d00ff102a212,7,0,0,1,linux,BIC
1a3a6a2a035bb6c3a7ef4c788d8fd69a7b2d6284,1,0,1,1,linux,BFC
0f930902eb8806cff8dcaef9ff9faf3cfa5fd748,5,0,3,1,linux,BFC
855e39e65cfc33a73724f1cc644ffc5754864a20,7,0,7,1,linux,BIC
b1fe07ed21024f64719315ba0f3a5676d8b36db6,0,1,0,1,linux,BFC
d5f3a5f6e7e7822df5680d4fe39bf0b6979a1535,0,9,8,1,linux,BIC
13a55372b64e00e564a08d785ca87bd9d454ba30,88,0,7,2,linux,BFC
9bba3f0cbfc8abf2e1549ea03c0128186081d7a8,7,0,6,1,linux,BFC
95ffe194204ae3cef88d0b59be209204bbe9b3be,0,28,82,3,linux,BIC
60997c3d45d9a67daf01c56d805ae4fec37e0bd8,63,3,16,5,linux,BIC
fff7b5e6ee63c5d20406a131b260c619cdd24fd1,23,0,3,1,linux,BFC
2978975ce7f16131ddf70468f0b189231e33086b,88,86,13,1,linux,BIC
824e7383e92815cb591793c74cc836aa5165f7f8,4,0,0,1,linux,BFC
651b510a74d4e473281efc4eaf2a83963988de48,40,0,0,1,linux,BIC
a8cb5f556b567974d75ea29c15181c445c541b1f,152,15,68,3,linux,BIC
f86625ae0e35924ed495cdf0ff2d3133cb6e3010,16,0,8,3,linux,BFC
5762d7d3eda25c03cc2d9d45227be3f5ab6bec9e,0,1,2,2,linux,BFC
0ba23a211360af7b6658e4fcfc571970bbbacc55,0,1,1,1,linux,BFC
2f800fbd777b792de54187088df19a7df0251254,21,0,0,2,linux,BIC
9e1437937807b0122e8da1ca8765be2adca9aee6,8,0,0,2,linux,BIC
598411d70f85dcf5b5c6c2369cc48637c251b656,75,18,52,3,linux,BIC
c9c7d180459267dc4a1033c4765f6ac29ad839b1,1,0,2,1,linux,BFC
864b75f9d6b0100bb24fdd9a20d156e7cda9b5ae,5,0,2,1,linux,BIC
1f5e31d7e55ac7fbd4ec5e5b20c8868b0e4564c9,34,8,64,3,linux,BIC
f08978b0fdbf37d3c91efb60a20bdee3ba8f59c6,118,1,57,3,linux,BIC
655296c8bbeffcf020558c4455305d597a73bde1,18,0,17,1,linux,BFC
4da3089f2b582b21e1374ccc6df722d4361eb915,3,0,1,1,linux,BIC
f54db39fbe40731c40aefdd3bc26e7d56d668c64,0,3,2,1,linux,BFC
d4ec9550e4b2d2e357a46fdc65d8ef3d4d15984c,0,0,1,1,linux,BFC
e58c1912418980f57ba2060017583067f5f71e52,1,0,0,1,linux,BFC
f8d20b46ce55cf40afb30dcef6d9288f7ef46d9b,3,0,4,1,linux,BFC
4fd8e13843978cbba48b8c21119da60c7fd5910d,14,0,0,1,linux,BFC
60210a3d86dc57ce4a76a366e7841dda746a33f7,0,0,3,1,linux,BFC
8f0bcd19b1da3f264223abea985b9462e85a3718,5,1,3,1,linux,BFC
bd9dcef67ffcae2de49e319fba349df76472fd10,2,0,0,1,linux,BFC
be321a82bf8ee2e59734dd0d1fa1183a55a81d5d,1,0,0,1,linux,BFC
dc10218da86b2ab40b9471c05edd53a9097c29c3,1,0,0,1,linux,BFC
a6da21bb0eae459a375d5bd48baed821d14301d0,0,0,1,1,linux,BFC
4eaefe8c621c6195c91044396ed8060c179f7aae,8,1,2,1,linux,BFC
73274abb6557c934d4e1c852fe078c73b38eb114,44,0,4,1,linux,BIC
f60439bc21e3337429838e477903214f5bd8277f,11,5,1,1,linux,BFC
400f73b23f457a82288814e21af57dbc9f3f2afd,1,0,5,1,linux,BFC
8f5e24514cbd63c352b663636f955fb286f2c3bd,1,0,3,1,linux,BIC
40252dd7cf7cad81c784c695c36bc475b518f0ea,10,8,3,1,linux,BFC
6f83ab22adcb77a5824d2c274dace0d99e21319f,0,1,10,1,linux,BFC
646d4b507626f4c19d2d256ef5fc14a8d52521c6,0,2,0,2,linux,BFC
b337af3a4d6147000b7ca6b3438bf5c820849b37,9,1,1,1,linux,BFC
5233794b179136d597b84188c1285148f07012e6,0,0,12,3,linux,BFC
0479633686d370303e3430256ace4bd5f7f138dc,17,14,15,5,linux,BIC
12d43deb1ee639d01a2a8d2a7a4cc8ad31224475,0,0,3,1,linux,BFC
302167c50b32e7fccc98994a91d40ddbbab04e52,0,8,0,1,linux,BFC
efd112353bf7c0f9d50f928b449ea9da0ee9554b,7,0,1,1,linux,BFC
15728ad3e71c120278105f20fa65b3735e715e0f,4,0,6,1,linux,BFC
630e7ab470498f671cea00301f21246333fba2fa,0,1,0,1,linux,BFC
cb827ee6ccc3e480f0d9c0e8e53eef55be5b0414,0,0,2,1,linux,BFC
3de4cb1756565a22321039eb9ae0193519bed967,146,22,8,4,linux,BIC
e6f02a4d57cc438099bc8abfba43ba1400d77b38,0,0,2,2,linux,BFC
ab0fd674d6cef0904baa511f22613ef6474f8169,0,123,3,1,linux,BIC
55d2eba8e7cd439c11cdb204898c2d384227629b,2,0,3,1,linux,BFC
ffcd28d88e4f3bdb2c300e4a13e973cd2070968e,0,6,0,1,linux,BIC
d32041ec9524fe75a4b2418c05ff55e3250139c1,2,0,0,1,linux,BFC
c28762070ca651fe7a981b8f31d972c9b7d2c386,330,281,68,8,linux,BIC
c8c568259772751a14e969b7230990508de73d9d,15,0,2,3,linux,BFC
7cdf6a0aae1cccf5167f3f04ecddcf648b78e289,0,0,2,1,linux,BFC
003910ebc83bcac2ea543dbc6dfff2bc4fa67789,944,0,0,1,linux,BIC
63b52c4936a2e679639c38ef51a50aa8ca1c5c07,0,3,1,1,linux,BFC
0b7c105a04ca793acf5d39ff9bafebe89182fc6b,1,34,123,4,linux,BIC
dd6aeb4e5f59984078275169986ff601f5d16385,21,0,3,3,linux,BFC
250367c59e6ba0d79d702a059712d66edacd4a1a,1,0,1,1,linux,BFC
1b7898ee276b39e54d870dc4ef3374f663d0b426,151,4,13,3,linux,BIC
b9d0b38928e21560550bd3c1a278d6e004d3bde6,24,0,0,1,linux,BIC
13649101a25c53c87f4ab98a076dfe61f3636ab1,0,0,1,1,linux,BFC
1569a4c4cebaf358eff12633830baeaf6507fed0,2,9,17,1,linux,BIC
c1e64c0aec8cb0499e61af7ea086b59abba97945,0,1,5,1,linux,BFC
0ab0abcf511545d1fddbe72a36b3ca73388ac937,56,62,32,1,linux,BIC
4b4b2228f521c338030b1f310a5dee73fd7d8f26,10,0,0,1,linux,BFC
a0ec0169b7a9e0e6050e1699276801dee8c6ca84,64,0,19,4,linux,BIC
1cbe866cbcb53338de33cf67262e73f9315a9725,0,0,1,1,linux,BFC
283c6b54bca13313a4f437719f600a3ad2135847,0,6,3,1,linux,BFC
4a2e84c6ed85434ce7843e4844b4d3263f7e233b,0,0,9,1,linux,BFC
b4357d21d6744b76f8ab1dcaaa32d3bedb4ba565,32,0,14,1,linux,BIC
37c2c83ca4f1ef4b6908181ac98e18360af89b42,10,0,4,1,linux,BFC
86bb811b08086f98744ecc600907673af7f2aec5,0,0,1,1,linux,BFC
4365831dadfeeeb4c9f8c4944e48ccf78c27f845,25,12,13,2,linux,BIC
b01360384009ab066940b45f34880991ea7ccbfb,1,0,0,1,linux,BFC
550a7d60bd5e35a56942dba6d8a26752beb26c9f,157,9,0,3,linux,BIC
67f269b37f9b4d52c5e7f97acea26c0852e9b8a1,48,1,2,2,linux,BIC
9406415f46f6127fd31bb66f0260f7a61a8d2786,0,0,9,3,linux,BIC
af9b926de9c5986ab009e64917de87c9758bab10,2,0,4,1,linux,BFC
6cbaee2e109ed0f7327a2d3cbb412f36fd8873e0,0,0,1,1,linux,BFC
a510887824171ad260cc4a2603396c6247fdd091,0,0,1,1,linux,BFC
b5e8642ed95ff6ecc20cc6038fe831affa9d098c,1,1,0,1,linux,BFC
e3137056e6dedee205fccd06da031a285c6e34f5,0,0,1,1,linux,BFC
6a9eadccff2926e392173a989042f14c867cffbf,2,0,1,1,linux,BFC
4734afb0d5ed3e56494ca6f28e51bafafef4c6aa,0,1,0,1,linux,BFC
e8f67482e5a4bc8d0b65d606d08cb60ee123b468,6,0,0,1,linux,BFC
df8d866770f9877dedc864af4346c73694931cab,1,11,8,1,linux,BIC
861690d0543949633c97ebe9b2fcd55c27b9bda4,15,0,9,1,linux,BFC
2f590f8419c6abb6d87d89c99931a13404a7dbe1,0,0,1,1,linux,BFC
b03f8e43c9261878bf29d8cc1c3ba458cc98287e,0,56,11,3,linux,BIC
346f810e22428cdf73ee5cf2e0ce1b79d5671de5,0,1,2,1,linux,BFC
1f9482aa8d412b4ba06ce6ab8e333fb8ca29a06e,7,0,3,1,linux,BFC
7d3af7d96af7b9f51e1ef67b6f4725f545737da2,2,2,2,1,linux,BFC
2a410d09417b5344ab1f3cf001ac73a1daf8dcce,1,0,0,1,linux,BFC
7f9803072ff636fc22ad941ff059e020e9d77ed4,13,0,0,1,linux,BIC
740b486a8d1f966e68ac0666f1fd57441a7cda94,0,0,1,1,linux,BFC
7a971e2c0767b6fc9a77c4108eceff0509c61cdb,6,2,15,3,linux,BFC
0c8c0f03e3a292e031596484275c14cf39c0ab7a,100,39,4,7,linux,BIC
dcbd19b48d315a8bbf6b2b3dbdc643c747c8a7ee,40,0,1,1,linux,BIC
7d9e8f71b989230bc613d121ca38507d34ada849,20,0,4,1,linux,BFC
6451fe73fa0f542a49bfacd7205b88a597897f58,14,20,15,1,linux,BIC
278339a42a1bcef1fb448d275056d519307e6025,6,0,0,1,linux,BIC
1bfbc260a5b474f1376bdfdfbc590f75645d62af,552,0,0,1,linux,BIC
5741022cbdf3616a9def13b15ab5667a36c65706,18,0,0,1,linux,BIC
0a28bfd4971fd570d1f3e4653b21415becefc92c,29,0,0,3,linux,BIC
b5aa1006e4a93ebb402490b4536a7d8866d967dc,1117,0,0,1,linux,BIC
a52ad5b6ce0df125d0d9ea169b61ae6cc098f047,8,0,6,1,linux,BFC
f729860a177d097ac44321fb2f7d927a0c54c5a3,0,7,2,1,linux,BFC
4a34e3c2f2f48f47213702a84a123af0fe21ad60,0,2,9,1,linux,BFC
866f26f2a9c33bc70eb0f07ffc37fd9424ffe501,10,22,4,3,linux,BIC
693e02cc24090c379217138719d9d84e50036b24,6,5,0,1,linux,BFC
74d471b598444b7f2d964930f7234779c80960a0,6,0,0,1,linux,BFC
d682869daa23938b5e8919db45c4b5b227749712,0,2,0,1,linux,BFC
c0cc5aef31704c824271b9c8043e7107acebc888,147,0,0,1,linux,BIC
2a70f6a76bb86d1f39a34b7764f6dcc4257b0356,0,5,5,3,linux,BFC
3f02cb2fd9d2d9e8762102886e3e4b51285797ee,74,0,0,3,linux,BIC
61170ee9386888f1e6f7e9cc58e8d9a8c2a3c1dd,10,9,0,1,linux,BFC
110a1fcb6c4d55144d8179983a475f17a1d6f832,1,0,0,1,linux,BFC
a069a90554168ac4cc81af65f000557d2a8a0745,3,3,1,1,linux,BFC
c5c99429fa57dcf6e05203ebe3676db1ec646793,5,0,0,1,linux,BIC
b915c10174fb7df533b7928046129c8f626cca42,268,1,8,5,linux,BIC
cd0bb41ea86027d3a5c3555772692323cbc05bc1,1,0,1,1,linux,BFC
c6385c947f4d1526d823a16ea25daa93d2897997,0,0,8,2,linux,BFC
d0ed062a8b75b9c9ba5a942894636f2d9bb72040,528,12,6,7,linux,BIC
7414a03fbf9e75fbbf2a3c16828cd862e572aa44,965,0,0,2,linux,BIC
1243172d5894e2d8f277ee3c278180792de5c521,0,4,18,1,linux,BIC
e0deb6a025ae8c850dc8685be39fb27b06c88736,2,0,0,1,linux,BFC
2bdd713b92a9cade239d3c7d15205a09f556624d,1,0,1,1,linux,BFC
56763f12b0f02706576a088e85ef856deacc98a0,1,0,2,1,linux,BFC
01d6e08711bf90bc4d7ead14a93a0cbd73b1896a,1,0,2,1,linux,BFC
6195ba09822c87cad09189bbf550d0fbe714687a,4,0,2,1,linux,BFC
36dd4902004c39b7e8a16a7cf1535faa7ecfa921,1,2,0,1,linux,BFC
b3bc8547d3be60898818885f5bf22d0a62e2eb48,28,0,0,1,linux,BIC
c3ef5aa5e5f853168fe9728f390bfa2141eef4ec,2,50,24,1,linux,BIC
489a71964f9d74e697a12cd0ace20ed829eb1f93,18,0,0,1,linux,BFC
2b5b96473efceb755d7700d47982370d49e8815f,13,0,3,4,linux,BIC
e782410ed2378a2ddac58d944c3cf0c6f96b1ff3,1,0,1,1,linux,BIC
4e435a9dd26c46ac018997cc0562d50b1a96f372,0,28,0,1,linux,BFC
92883a524ae918736a7b8acef98698075507b8c1,0,552,0,7,linux,BFC
804dd150468cfd920d92d4b3cf00536fedef3902,5,0,1,1,linux,BFC
288d152c23dcf3c09da46c5c481903ca10ebfef7,11,0,3,1,linux,BFC
f29de9eee78253d9ae57cd58a6b21eed021742c8,9,1,13,2,linux,BIC
42404d8f1c01861b22ccfa1d70f950242720ae57,12,8,2,1,linux,BIC
d8f270efeac850c569c305dc0baa42ac3d607988,0,0,1,1,linux,BFC
ddc24ae1fd6ae2638365b0b824750b5b2ef13ca5,213,0,0,1,linux,BIC
780eded34cccca642c241dad54d54de70f6c43ac,5,4,14,3,linux,BIC
58a3862a10a317a81097ab0c78aecebabb1704f5,0,0,2,1,linux,BFC
f0caea8882a7412a2ad4d8274f0280cdf849c9e2,0,0,1,1,linux,BFC
56e11d628c5d0553d9fc2ca1855144970e6b9eb6,224,0,3,4,linux,BIC
3784b6d64dc52ed3fbebad61a85ab9b7a687a167,498,0,0,2,linux,BIC
e237a5518425155faa508a087f28269f58074b92,38,0,5,3,linux,BIC
de377b3972729f00ee236ae4a97393e282ffe391,42,0,12,1,linux,BIC
7769db5883841b03de544a35a71ff528d4131c17,51,0,11,1,linux,BIC
16f1c5bb3ed75b3cf3ced537db40f7e1a244debe,20,0,1,3,linux,BIC
bc9da6dd0630efd81b5c72ff6fa0169aa029a73f,2,0,2,1,linux,BFC
258dd902022cb10c83671176688074879517fd21,3,0,1,1,linux,BFC
519133debcc19f5c834e7e28480b60bdc234fe02,2,0,0,1,linux,BFC
2de8e0d999b8790861cd3749bec2236ccc1c8110,52,103,121,5,linux,BIC
adf46113a608d9515801997fc96cbfe8ffa89ed3,0,5,4,1,linux,BFC
26cf132de6f79c06025706ddc61e045d591d404d,43,0,1,3,linux,BIC
b08fe048a69d8cb4c497b91c965fff754d3369f9,15,0,29,2,linux,BIC
7e92e01b724526b98cbc7f03dd4afa0295780d56,87,1,17,6,linux,BIC
2e16dc73ae65c106ede04dc42f439457b582fc8d,0,0,1,1,linux,BFC
89e0eb8c13bb842e224b27d7e071262cd84717cb,9,16,5,1,linux,BFC
597d795a2a786d22dd872332428e2b9439ede639,1,0,7,5,linux,BIC
0ccb998bf46d8dc9799b60ea0090fb08c37e96ad,17,5,13,1,linux,BIC
bb68b2fbfbd643d4407541f9c7a16a2c9b3a57c7,12,0,2,2,linux,BIC
0d2cc3b3453254f1c56f9456ba03e092ed4cfb72,6,4,0,1,linux,BIC
52b9e265d22bccc5843e167da76ab119874e2883,2,0,1,1,linux,BFC
6c5d5cfbe3c59429e6d6f66477a7609aacf69751,12,0,11,1,linux,BIC
46d7aaebbe441d5381e35d8e16df784690e65ef3,2,0,4,1,linux,BFC
80d4609008e6d696a279e39ae7458c916fcd44c1,5,0,7,1,linux,BFC
f9158d58a4e1d91f21741e4e8ebe67f770b84e12,25,0,0,1,linux,BIC
b144ce2d37619e05afdb0a15676500d76a64b1be,3,5,6,4,linux,BFC
8ff00ba79283e691ae294a158879237179c683eb,0,10,0,1,linux,BFC
5b1f0e62941b8b307c589c586928a28718e934ef,0,0,1,1,linux,BIC
e9fcc60ddd29994a8b2a276ee9b454d7cd449194,2,0,1,1,linux,BFC
a663ccf0fea17609b92ecc066ce6e8dda559ca73,422,0,1,1,linux,BIC
892de36fd4a98fab3298d417c051d9099af5448d,4,0,1,3,linux,BIC
3b1261fb72c7dc6a9e4604ef1ea01d6bb67cc3d1,0,0,5,1,linux,BFC
e806e223621e4f5105170df69d7311dc3fb4bbb4,0,0,5,1,linux,BFC
c6644d07eff6588b2dedf881279fb0d1c7783970,3,0,0,1,linux,BFC
2b56a9a28a6bf09890a43161402948ed62963f36,0,0,1,1,linux,BFC
d47a72152097d7be7cfc453d205196c0aa976c33,0,0,1,1,linux,BIC
078e8f8ce8ad96fdcb5ca4dc8714d266a77eefc3,0,0,1,1,linux,BFC
8ef4665aa129a14f3733efc651c53a3c6c47b500,32,0,0,3,linux,BIC
7e5a206ab686f098367b61aca989f5cdfa8114a3,0,3,2,1,linux,BFC
401dca8cbd14fc4b32d93499dcd12a1711a73ecc,7,0,0,1,linux,BFC
8fcb7576ad197b0d65fe68ef60b7e1097e18df0c,15,0,1,1,linux,BIC
59ccf86fe69a6a77afebe706913d6b551d84d5bc,169,0,1,4,linux,BIC
76c389ab2b5e300698eab87f9d4b7916f14117ba,7,3,2,1,linux,BFC
d761c906179944c6000d3f0c29e00e7543b6c139,0,0,5,1,linux,BFC
3092eb45637573c5e435fbf5eaf9516316e5f9c6,56,15,20,3,linux,BIC
ee560e7bbab0c10cf3f0e71997fbc354ab2ee5cb,0,1,0,1,linux,BFC
373c3b80e459cb57c34381b928588a3794eb5bbd,4,0,3,1,linux,BFC
604dca5e3af1db98bd123b7bfc02b017af99e3a0,64,28,8,1,linux,BFC
beae4a6258e64af609ad5995cc6b6056eb0d898e,0,0,1,1,linux,BFC
ad18fa0f5f052046cad96fee762b5c64f42dd86a,1,0,1,1,linux,BFC
d5178578bcd461cc79118c7a139882350fe505aa,43,17,44,8,linux,BIC
2c58e56096dd011ea43f29a032d19b0e76fe2570,19,1,7,1,linux,BIC
c601cb2135fda0b5fb9d08153b0125fcb153c7e0,40,0,9,5,linux,BFC
f1c54846ee4504d89b59b04d870831db4046b478,338,76,67,1,linux,BIC
293dffaad8d500e1a5336eeb90d544cf40d4fbd8,1,0,0,1,linux,BFC
dd9ee3444014e8f28c0eefc9fffc9ac9c5248c12,50,0,0,1,linux,BIC
2f632369ab795ebadc1a12a609e5bd4f80f31924,0,1,1,1,linux,BIC
eb1357d942e5d96de6b4c20a8ffa55acf96233a2,2,0,3,2,linux,BFC
10999307c14eac281fbec3ada73bee7a05bd41dc,81,0,0,2,linux,BIC
45144d42f299455911cc29366656c7324a3a7c97,11,13,0,1,linux,BFC
4ca9a23765da3260058db3431faf5b4efd8cf926,25,10,0,2,linux,BIC
429e3d123d9a50cc9882402e40e0ac912d88cfcf,0,0,2,1,linux,BFC
84e1d0bf1d7121759622dabf8fbef4c99ad597c5,0,4,5,1,linux,BFC
7470558240330f04dbf940430813233935314f78,1,0,4,1,linux,BFC
053ff09f1a8f2151339f9fda457c5250929d1c49,0,18,2,2,linux,BFC
e44ac588cd61c960226d61c379e2873a95544a51,2,0,14,1,linux,BFC
202736d99b7f29279db9da61587f11a08a04a9c6,1,0,1,1,linux,BFC
bcccb0a535bb99616e4b992568371efab1ab14e8,2,0,0,1,linux,BFC
3f5429746d91f21f60f68b14177c0d534d80240b,2962,0,0,1,linux,BIC
2d6c25215ab26bb009de3575faab7b685f138e92,0,13,0,1,linux,BFC
37843d0f6e7a23af19a6cbe68b9503d318fe1a29,0,4,0,1,linux,BFC
99cf3af5e2d5c74e016ae9517a4dced3f1dbcf6a,511,0,0,2,linux,BIC
d480a26bdf872529919e7c30e17f79d0d7b8c4da,0,0,2,1,linux,BFC
c60b93cd4862d108214a14e655358ea714d7a12a,3,0,9,3,linux,BFC
b670883bb9e55ba63a278d83e034faefc01ce2cf,2,0,1,1,linux,BFC
72979a6c35907b6a7ab85e7bc60e0d52dba68f9d,73,0,1,1,linux,BIC
fde56eea01f96b664eb63033990be0fd2a945da5,0,11,23,2,linux,BIC
f7ec4121256393e1d03274acdca73eb18958f27e,0,0,1,1,linux,BFC
1a7a9b26c69d92582de53061b3a18740043bef29,11,0,7,1,linux,BFC
1b82b4e4f9546fbed0b61ee68cdae5db7518dd28,96,0,0,1,linux,BIC
a7b4f989a629493bb4ec4a354def784d440b32c4,2587,0,0,6,linux,BIC
de31f6ab68a3f548d88686d53514f252d78f61d5,18,0,0,1,linux,BFC
6b7f9aff7c673989c6adf601c7e3f3684d5acd44,68,3,2,3,linux,BIC
2840eef0513c518faeb8a0ab8d07268c6285cdd0,17,4,1,1,linux,BFC
eec96d1e2d318bc734728111cfe3b203b58943b9,708,0,0,1,linux,BIC
333cf507465fbebb3727f5b53e77538467df312a,0,0,1,1,linux,BFC
d571b592c6206d33731f41aa710fa0f69ac8611b,4,9,20,2,linux,BIC
3db30b79028983179d3b720e367c898ce896516e,0,0,2,1,linux,BFC
200da27ab32d89ca43bd8ef010f84b205e5c780a,0,0,1,1,linux,BFC
4a3039e26eba2f25cf66cb0f4b30e17a6ab13511,0,113,4,10,linux,BFC
c616cbee97aed4bc6178f148a7240206dcdb85a6,0,23,5,1,linux,BIC
45a4e4220bf4927e321e18750e47c576bf62b000,8,0,6,4,linux,BFC
f9aa460672c9c56896cdc12a521159e3e67000ba,227,81,11,2,linux,BIC
4096165d55218a6f58b6c2ebc5d2428aa0aa70e4,7,6,6,1,linux,BFC
e8391453e27ffaee5db524421a253f94394159ca,0,9,0,1,linux,BIC
44d271377479c4d4fe7f2d07d188656684773fbd,9,0,14,4,linux,BIC
9ea88a153001ffeb3d8810917e8eea62ca9b6f25,42,15,2,2,linux,BIC
aa0c08feae8161b945520ada753d0dfe62b14fe7,1,0,1,1,linux,BFC
1e6114f51f9d4090390fcec2f5d67d8cc8dc4bfc,9,0,13,2,linux,BFC
9bf3ac466faa83d51a8fe9212131701e58fdef74,4,0,2,1,linux,BFC
898904226b5a6dee657f23cf51e385f50da22596,8,0,4,4,linux,BFC
59ce4039727ef408769ab0e1263ece893abe22bb,62,0,24,2,linux,BIC
e709ed70d122e94cb426b1e1f905829eae19a009,4,0,0,1,linux,BFC
0b8bf1baabe56f721d541953f083560d0660d78f,42,0,0,1,linux,BIC
cee5405da4020b0b0233bc8fb7c8da7322d2c52e,31,0,1,3,linux,BIC
e0685fa228fdaf386f82ac0d64b2d6f3e0ddd588,151,0,1,4,linux,BIC
7fbe6ac02485504b964b283aca62b36b4313ca79,7,0,1,1,linux,BFC
b0814361a25cba73a224548843ed92d8ea78715a,7,4,1,1,linux,BFC
7f40e0614317f20ac07b5aa5cec2eb43737e28d6,347,0,0,1,linux,BIC
16ecba59bc333d6282ee057fb02339f77a880beb,1,9,6,1,linux,BIC
53c7626356c7584e82510d86394a6dcd80525614,90,0,5,1,linux,BIC
6e2a51a0f7c89a22169f366d23d5f213b7b7edaf,2,0,4,1,linux,BFC
2df49d36549808a7357ad9f78b7a8e39516e7809,0,32,4,1,linux,BIC
6897087323a2fde46df32917462750c069668b2f,1,0,0,1,linux,BFC
c183619b63ec934110e3a173a34b414e26869f96,239,0,0,3,linux,BIC
ce2f7b8d4290c22e462e465d1da38a1c113ae66a,15,0,0,1,linux,BFC
6a861abceecb68497dd82a324fee45a5332dcece,2,0,2,1,linux,BFC
959b69ef57db00cb33e9c4777400ae7183ebddd3,2,0,3,1,linux,BFC
8d65cd8d25fa23951171094553901d69a88ccdff,0,0,6,2,linux,BFC
1a29321ed045e3aad23c5f7b63036e465ee3093a,11,0,26,8,linux,BIC
d51d081d65048a7a6f9956a7809c3bb504f3b95d,221,1,9,2,linux,BIC
e9279e83ad1f4b5af541a522a81888f828210b40,59,0,1,5,linux,BIC
dc2b2a917c3427223188ac476afc915831b1244c,8,0,1,2,linux,BFC
3bfdfdcbce2796ce75bf2d85fd8471858d702e5d,3,0,0,1,linux,BFC
1b6138385499507147e8f654840f4c39afe6adbf,1,8,16,1,linux,BIC
4613b279bee7954f1378c6339618641fdc4a675f,4,0,2,2,linux,BIC
d370cec3219490656d72f5ae6e5df32c113c5a44,1401,0,0,3,linux,BIC
83300c69e797343c560086b1a4be56443c0d7f5e,2,0,1,1,linux,BFC
6943c2b05bf09fd5c5729f7d7d803bf3f126cb9a,0,0,1,1,linux,BFC
a21518cb23a3c7d49bafcb59862fd389fd829d4b,0,3,0,1,linux,BFC
842067940a3e3fc008a60fee388e000219b32632,6,0,0,1,linux,BIC
bae4c0c1c2d576d32e37925ef972a5d45f34e36d,4,0,1,1,linux,BFC
0d5936344f30aba0f6ddb92b030cb6a05168efe6,171,0,0,1,linux,BIC
b9aa0ba17af5afa13605eb6ea91f1974da97a2e2,2,0,1,1,linux,BIC
064c734986011390b4d111f1a99372b7f26c3850,11,0,1,1,linux,BFC
1a5f439c7c02837d943e528d46501564d4226757,0,3,2,1,linux,BFC
30e3b4f256b4e366a61658c294f6a21b8626dda7,0,1,7,4,linux,BFC
3d3aab1b973b01bd2a1aa46307e94a1380b1d802,2,0,2,1,linux,BIC
95f5c64c3c13a609e137d35c4b452519e0b954df,134,119,10,3,linux,BIC
70171ed6dc53d2f580166d47f5b66cf51a6d0092,3,0,0,1,linux,BFC
1b22b4b28fd5fbc51855219e3238b3ab81da8466,2,0,0,1,linux,BFC
471d557afed155b85da237ec46c549f443eeb5de,53,0,5,1,linux,BIC
e28ad544f462231d3fd081a7316339359efbb481,69,0,11,2,linux,BIC
6a1cf4e443a3b0a4d690d3c93b84b1e9cbfcb1bd,15,0,8,3,linux,BFC
52719fce3f4c7a8ac9eaa191e8d75a697f9fbcbc,0,1,0,1,linux,BFC
4267c5a8f3133db0572cd9abee059b42cafbbdad,15,0,2,3,linux,BIC
b3980e48528c4d2a9e70b145a5bba328b73a0f93,3,29,5,2,linux,BFC
f75fc37b5e70b75f21550410f88e2379648120e2,2,0,0,1,linux,BFC
193c4c2845f7c6b37a4886d747f47b1dff64600a,62,0,18,3,linux,BIC
4ffea5e083f8125fe273cf331ecb10d901eb64a2,106,0,0,2,linux,BIC
7dd6df329d4cb9c4198d87e5286212ce33956e28,15,0,0,1,linux,BIC
9472335eaa1452b51dc8e8edaa1a342997cb80c7,23,7,1,1,linux,BFC
1df5172c5c251ec24a1bd0f44fe38c841f384330,97,0,0,1,linux,BIC
2d6ffc63f12417b979955a5b22ad9a76d2af5de9,18,0,2,1,linux,BFC
7d4f8d871ab15bd50a5771382ca2c9355b38d73c,163,0,9,7,linux,BIC
a8f0f9e49956a74718874b800251455680085600,4,0,0,1,linux,BFC
cdd3d945dcec0d0dab845175dc9400ab54512aa6,148,0,0,4,linux,BIC
49f7b4efa1101bbc143a960eff3a9c8f9d6f7358,95,0,1,1,linux,BIC
c3bad0c7e541776d16369d148f164879a72d022b,2,0,1,1,linux,BFC
93e17a44347acd747a76d63dd9339e48c2c9e308,1,0,1,1,linux,BFC
56f8da642bd827ef50a952e7bc3728c5830452be,4,4,10,2,linux,BIC
d1e7c2996e988866e7ceceb4641a0886885b7889,2,0,2,1,linux,BFC
269bd202bc0fd04e841cb123867fd3f49e04ace9,5,4,0,1,linux,BFC
8303b7e8f018724a2cd7752eb29c2801fa8c4067,2,0,0,2,linux,BIC
1b8ef1423dbfd34de2439a2db457b84480b7c8a8,7,11,0,1,linux,BFC
3f6c93ec9254b387ad7f8706c32c9d529ac9796e,0,0,10,1,linux,BIC
cbd9a3347c757383f3d2b50cf7cfd03eb479c481,1,0,0,1,linux,BFC
a195784c105b2907b45fd62307d9ce821da9dc20,0,6,10,1,linux,BFC
d6895ad39f3b396be199f5b6fdfb8cde4be7bbf7,77,0,13,6,linux,BIC
6b4b54c7ca347bcb4aa7a3cc01aa16e84ac7fbe4,2,0,0,1,linux,BFC
317a8d9eb612a39daf182986463c067201dc1d29,0,2,0,1,linux,BFC
4f26433e9b3eb7a55ed70d8f882ae9cd48ba448b,0,4,2,1,linux,BFC
17486960d79b900c45e0bb8fbcac0262848582ba,0,4,0,1,linux,BFC
71a579f0d3777a704355e6f1572dfba92a9b58b2,31,0,1,2,linux,BFC
339f6c73d5abe85550a0c962edc8a5df1f2b4273,49,0,0,1,linux,BFC
512881eacfa72c2136b27b9934b7b27504a9efc2,106,0,2,8,linux,BIC
e3f25908b0b2e7e1d04d35ce46c9b9d4e4519b43,14,4,1,2,linux,BFC
012c82388c032cd4a9821e11bae336cf4a014822,76,0,0,1,linux,BIC
89b798ad1b42b1de10d64feda241e35e90c7b102,2,50,28,3,linux,BIC
0bf0ee8ef9a6c120f7f320b9fb5fe1270965d828,3,0,0,1,linux,BFC
1404d6f13e47c42f155e3c6a611b1bf4dd35dde9,65,0,0,3,linux,BIC
d725d20e81c2adc2d3c956ad8aa420b7705532a8,2,0,1,2,linux,BIC
8ddc319706e5ca201a128e3f2477938d7f174ca8,1,0,3,1,linux,BFC
76dc5a8406bffabf3f466e331a3e9515ddf93954,10,5,13,3,linux,BIC
611cdf3695a307fdca3ff3779a1e6cca935e2d31,11,0,3,1,linux,BFC
24e750c410ae046d1236af50014cbc697bb375d7,0,0,4,2,linux,BFC
7b1ae248279bea33af9e797a93c35f49601cb8a0,0,0,1,1,linux,BFC
81cf54e01a3d2eb47bee78a7579fc4dd0912f347,0,0,1,1,linux,BFC
9cd75c3cd4c3d06aa0c4ed8ef5327d811a8b6cff,94,0,2,1,linux,BIC
f2818ba3a0125670cb9999bb5a65ebb631a8da2f,0,0,1,1,linux,BFC
ffdf45315226926e5ae5faf0ff76caca68f6d39c,1,0,0,1,linux,BFC
3544d2878817bd139dda238cdd86a15e1c03d037,4,0,0,1,linux,BIC
4caae58406f8ceb741603eee460d79bacca9b1b5,1,0,0,1,linux,BFC
7ed586d0a8241e81d58c656c5b315f781fa6fc97,1,0,1,1,linux,BFC
b84bbaf7a6c8cca24f8acf25a2c8e46913a947ba,2,0,1,1,linux,BIC
f278b99ca6b2d91a5744588d81bae297179b0d1f,24,19,4,1,linux,BFC
7ed10e16e50daf74460f54bc922e27c6863c8d61,0,6,0,1,linux,BFC
53a8fb4afdc877f8f2d5e1e15cc5ad66155987a6,0,0,2,1,linux,BFC
4400081b631af69abc63cea3352680e3d85e0c39,15,0,2,1,linux,BIC
e3aae683e861a987d3d7dca593aaff93ac001bcb,19,0,47,1,linux,BIC
57cb17e764ba0aaa169d07796acce54ccfbc6cae,0,0,1,1,linux,BFC
4114b17af41272e14939b000ce8f3ed7ba937e3c,34,0,2,1,linux,BFC
963ddc63e20d5ee8a45503e078e09d0cc086b59d,120,3,2,1,linux,BIC
c39667ddcfc516fee084e449179d54430a558298,1177,0,0,1,linux,BIC
5c4fe63abae8866dda31dd84f1bcc98e1e645734,0,0,1,1,linux,BFC
c7bf1fb7ddca331780b9a733ae308737b39f1ad4,1,0,0,1,linux,BFC
b9269fdd4f61aa4d185c982b0f84a3e7b7ccb4d2,27,0,7,2,linux,BIC
86f44fcec22ce2979507742bc53db8400e454f46,12,4,4,2,linux,BFC
50e1b29b4438bdb0be61ff41e6925cab6f8a9284,6,0,13,1,linux,BIC
59128c20a6a98ee454e5ad23fe28dc84d23b6234,205,0,0,2,linux,BIC
648b5cf368e06c783d3cd13776645a60317cca13,0,2,2,1,linux,BIC
2b821698dc73c00719e3dc367db712f727bbda85,20,2,12,1,linux,BFC
b4b277760a2167ddb28a309b81363889efd5cc22,1,0,0,1,linux,BFC
8f2d163cb26da87e7d8e1677368b8ba1ba4d30b3,0,0,4,1,linux,BFC
664eec400bf8f3ab4d41279d6fb674a66ff3ba94,499,0,0,3,linux,BIC
acc5495bf764e7e441193f972d96c5d2887f6b8b,13,0,3,1,linux,BFC
4a52d6abb193aea0f2923a2c917502bd2d718630,1,0,1,1,linux,BFC
854577ac2aea5cf4d8f48a841fd26e04cbac2b77,0,25,16,1,linux,BIC
1fcf24fb07e254ca69001ab14adc8cf567127c44,0,0,1,1,linux,BFC
1ec17dbd90f8b638f41ee650558609c1af63dfa0,15,0,6,3,linux,BIC
1c8fc3f0c5d280d691c330388666c3726fa525c7,701,0,1,2,linux,BIC
36197d8297834c628a647414a5b9787aea6cec60,26,38,29,4,linux,BFC
6272c0de13abf1480f701d38288f28a11b4301c4,2,4,0,1,linux,BFC
7ccbc60cd9c293304829662b043f4356f554fc3a,111,0,3,2,linux,BIC
d70af57944a1593f2cd6f94b7eb29fae97929953,12,0,0,1,linux,BIC
65e61e3c2a619c4d4b873885b2d5394025ed117b,0,0,2,1,linux,BFC
7e4935ccc3236751e5fe4bd6846f86e46bb2e427,32,0,0,1,linux,BIC
c13c43d54f2c6a3be1c675766778ac1ad8dfbfcc,3,0,3,1,linux,BFC
25382b991d252aed961cd434176240f9de6bb15f,7,0,1,1,linux,BFC
ac84bac4062e7fc24f5e2c61c6a414b2a00a29ad,0,0,2,1,linux,BFC
7b4ccb3c466f62bbf2f4dd5d6a143d945a6f3051,5,0,0,1,linux,BFC
89705e92700170888236555fe91b45e4c1bb0985,4,0,4,2,linux,BFC
ff7d6b27f894f1469dc51ccb828b7363ccd9799f,446,0,0,2,linux,BIC
49368a47f6dc1b256e3b83813da5c9b0731fe268,0,0,3,1,linux,BFC
8c1b6e69dcc1e11bd24111e3734dd740aaf3fda1,104,0,3,5,linux,BIC
cee211f4e5a0f70ee0c202e9a5fc8eac0b9b4945,30,0,2,1,linux,BIC
aec3f415f7244b7747a7952596971adb0df2f568,5,0,0,1,linux,BFC
08afb432c996e34e7047110a4d8c6979b8bd2b19,0,7,16,1,linux,BFC
9a02d3af9ce9fcca751da1d4b5663b7a825d5957,0,0,2,1,linux,BFC
404123c2db798027e852480ed9c4accef9f1d9e6,7,0,0,2,linux,BIC
9e560309417638507398fd6239e04f47cc907f70,129,0,0,1,linux,BIC
72a868b38bdd60cbc4084a91fd7b8df3e2bb96ba,6,0,2,2,linux,BIC
75eb5e1e7b4edbc8e8f930de59004d21cb46961f,2,0,0,1,linux,BFC
a348c8d4f6cf23ef04b0edaccdfe9d94c2d335db,3,0,0,1,linux,BFC
1e8e55b67030c6a2fef893d428bdcd611f73705c,320,0,6,4,linux,BIC
33fdc82f08835de4c39a00657742f5b11db00d32,301,6,47,4,linux,BIC
4d3a57f23dec59f0a2362e63540b2d01b37afe0a,0,79,4,5,linux,BIC
4a555f2b8d31d2dae523b56613a14360061e4c76,0,21,27,2,linux,BIC
2d32d10103bc94ad2461864664b61ea98c930619,0,2,1,1,linux,BFC
406f42fa0d3cbcea3766c3111d79ac5afe711c5b,74,17,29,2,linux,BIC
72a7cf0aec0c450033a79be22646028b7bc1d792,7,0,2,1,linux,BIC
505e3f00c3f3648cb6260deb35e87fae1f64f5d8,77,3,59,4,linux,BIC
e9fd702a58c49dbb14481dca88dad44758da393a,93,2,59,2,linux,BIC
3ce311afb5583cf3d3b7f54ab088949da28aea05,0,0,0,24,linux,BIC
b4d37a7b6934c0c16930c73f43c08e9a6af22f1a,0,99,0,1,linux,BIC
238302fae0216cb2e6a087ba403f3ecc3450b18b,3,10,13,3,linux,BFC
92183a42898dc400b89da35685d1814ac6acd3d8,1,4,10,1,linux,BIC
cfc826c88a79e22ba5d8001556eb2c7efd8a01b6,0,0,1,1,linux,BFC
9161f365c91614e5a3f5c6dcc44c3b1b33bc59c0,1,0,1,1,linux,BFC
67a7d5f561f469ad2fa5154d2888258ab8e6df7c,7,0,0,2,linux,BFC
038e5e471874d26881d5f3b234c78e41a71ad606,5,5,0,1,linux,BFC
2070a3e44962212d6ef02c5def821b1b9744e496,46,0,0,2,linux,BIC
0df6664531a12cdd8fc873f0cac0dcb40243d3e9,0,0,4,1,linux,BFC
fa0cf568fd76550c1ddb806c03a65a1a4a1ea909,0,28948,0,30,linux,BIC
2336f19d789223b9f42f111aab8de6ad66d12c28,1,1,3,2,linux,BIC
09c4b49457434fa74749ad6194ef28464d9f5df9,1,0,2,1,linux,BFC
2021a89d7b8a26d6fdc66daa51e414193b4cf568,35,0,3,2,linux,BIC
78bcac7b2ae1e4f6e96c68ff353c140669ea231c,822,0,0,1,linux,BIC
f84775c2d5d92581f2df60d53b574b0405c85be3,3,0,1,1,linux,BFC
231264d6927f6740af36855a622d0e240be9d94c,62,0,20,1,linux,BIC
851a15114895c5bce163a6f2d57e0aa4658a1be4,5,0,1,1,linux,BFC
9700f8b28f9ba97f5d1b443658d94f09a9d1b6fb,2,0,0,1,linux,BFC
c511851de162e8ec03d62e7d7feecbdf590d881d,0,2,1,1,linux,BFC
30c8fa3ec61a46da80698e1f8ab95df4d42bf374,554,0,0,1,linux,BIC
273df9635385b2156851c7ee49f40658d7bcb29d,30,3,7,4,linux,BIC
2fae4d6aabc8fb2d49f40b12a8f82bf730216f99,7,0,2,1,linux,BIC
19b26d92dfb70f56440c187a20c49102ab648b97,3,0,0,1,linux,BFC
d0bcdffcad5a22f202e3bf37190c0dd8c080ea92,1,1,2,1,linux,BFC
0956ba63bd94355bf38cd40f7eb9104577739ab8,0,5,2,1,linux,BFC
4d6c989284ca61176f60148ba3f3c70650ee1aff,9,10,1,1,linux,BFC
93dd2112c7b2fa5512cc4aff2c449420487fcb68,0,0,5,3,linux,BIC
25733c4e67df7f29a599bbd9ed313c172d72a02b,4,12,14,2,linux,BIC
e4747cb3ec3c232d65c84cbe77633abd5871fda3,2,0,2,1,linux,BFC
ace4cdfe67be24463ad694105533e5319674f022,291,0,0,1,linux,BIC
49632b5822ea2af0e9531f8d20dcd5fb786093a9,15,0,5,2,linux,BIC
b4fb2d33514a511312e1c0e470771eaa4a94d8ec,41,12,7,2,linux,BIC
22e58665a01006d05f0239621f7d41cacca96cc4,1,0,0,1,linux,BFC
7f07ec0fa17ae6b4acf031d4c20a7da4f3fbc407,834,0,0,1,linux,BIC
f6b3c7848e66e9046c8a79a5b88fd03461cc252b,0,0,1,1,linux,BFC
3550bba25d5587a701e6edf20e20984d2ee72c78,17,0,0,2,linux,BFC
e64f44a884657358812e6c057957be546db03cbe,26,0,4,4,linux,BIC
371bb20d6927f204ef5a7887ecddb06b2501c0d9,149,0,0,1,linux,BIC
621d65f3b868611df62ae4dc4eb1a37b85e4e8c0,0,21,26,2,linux,BIC
1b948d6caec4f28e3524244ca0f77c6ae8ddceef,183,36,30,11,linux,BIC
d80c69846ddfddf437167b31ab4cd0de12f61001,6,0,5,3,linux,BIC
75bd50fa841db5434728d238b8b5659498ccf0ab,17,0,23,1,linux,BIC
f9c99bb8b3a1ec81af68d484a551307326c2e933,168,69,129,37,linux,BIC
169ce0c081cd85f78388bb6c1638c1ad7b81bde7,10,10,1,2,linux,BFC
76c44f6d80e151d230844db7ffc058ac21b9e3f2,12,0,4,1,linux,BIC
6dcf2fb5e8db3704f50af1f198256cb4e2453f8b,1,4,13,2,linux,BFC
8f46e22b5ac692b48d04bb722547ca17b66dda02,0,0,2,1,linux,BFC
8add543e369d67ccd42f7e67d68866b4d606f632,34,10,9,3,linux,BIC
59c466dd68e796f3a7a0709d90c72ce2d84e29c2,13,5,3,2,linux,BIC
7431b7835f554f8608b415a02cf3c3f086309e02,3313,0,0,3,linux,BIC
3cd3e731f34ff2f021165aeefd640acba9dd0993,0,0,1,1,linux,BFC
b95800eeef09f4853904ec4e926d098f1ca4698a,335,365,211,2,linux,BIC
1c5fecb61255aa12a16c4c06335ab68979865914,158,0,0,4,linux,BIC
e836e3211229d7307660239cc957f2ab60e6aa00,0,0,1,1,linux,BFC
9d6b648c3112012dac6d804d331cdd3a2247765c,293,45,68,5,linux,BIC
d31b282e2c0de9c7fb113516820340251f03a625,0,0,1,1,linux,BFC
f2ab6219969fcb79dca6792a484b0bdc95ab1f81,252,11,28,2,linux,BIC
9267e0eb41fedc2d4b930a90aca17051fa1ef21a,75,0,3,1,linux,BIC
cee8113a295acfc4cd25728d7c3d44e6bc3bbff9,630,0,0,1,linux,BIC
15c30104965101b8e76b24d27035569d6613a7d6,1,0,4,1,linux,BFC
55a51ea14094a1e7dd0d7f33237d246033dd39ab,6,6,0,1,linux,BFC
6d6e732835db92e66c28dbcf258a7e3d3c71420d,0,3,0,1,linux,BFC
535114539bb2c081b6680cb5a34be17e7b45df37,30,0,2,2,linux,BFC
7a57c09bb1cb89239f38f690b87cdf2c7db76c34,12,0,2,1,linux,BFC
880af782c6e81cccf507f5a1cf4b23fbb471c39f,30,0,5,1,linux,BIC
67e17300dc1d76091d2d513d6aa57e50af2c9648,446,0,0,1,linux,BIC
56c310de0b4b3aca1c4fdd9c1093fc48372a7335,0,0,7,1,linux,BFC
9dfacc54a8661bc8be6e08cffee59596ec59f263,6,0,1,1,linux,BFC
eb3693f0521e020dd8617c7fa3ddf5c9f0d8dea0,187,0,23,1,linux,BIC
2b49e0fce249bd8556828b9601328a679ca43860,0,0,2,1,linux,BFC
e8a26c5b767b5ffc541f1c80336f2faa802441f4,0,0,2,1,linux,BFC
1a4c69406cc1c3c42bb7391c8eb544e93fe9b320,38,0,0,2,linux,BIC
b18b6bde300e1abe30e8b27501411a4b4a95ffeb,9,2,1,2,linux,BIC
6e0954b11c056570cb29676a84e2f8dc4d1dd05e,106,1,54,10,linux,BIC
0972252450f90db56dd5415a20e2aec21a08d036,2,0,0,1,linux,BFC
5f97f7f9400de47ae837170bb274e90ad3934386,14709,0,0,137,linux,BIC
71abd29057cb17b6b9532421821dc443427399ed,168,3,28,1,linux,BIC
9a901f5495e26e691c7d0ea7b6057a2f3e6330ed,0,0,4,1,linux,BFC
4a734f0869f970b8a9b65062ea40b09a5da9dba8,12,2,0,1,linux,BFC
6ef41cf6f721573d286a06ca35a9f1e370637d51,0,0,1,1,linux,BIC
17c5f65db629a3bd95ac8eb960940b6fbb39a310,0,1,8,1,linux,BFC
d3532ea6ce4ea501e421d130555e59edc2945f99,0,0,1,1,linux,BFC
841b07f99a4766d66f50d8a2ab941bce94cd4e70,14,0,5,1,linux,BIC
07bcab93946cd9980f8eafe89afe991cd918acb0,41,0,1,1,linux,BIC
5fe9dec0d045437e48f112b8fa705197bd7bc3c0,34,196,25,10,linux,BIC
a78b42824dd7c2b40d72fb01f1b1842f7e845f3a,145,0,0,1,linux,BIC
cc470d55343056d6b2a5c32e10e0aad06f324078,0,0,1,1,linux,BFC
7ea95b110811fa8e41f5960c278bcfc80b8b21c1,1,0,55,4,linux,BIC
146054090b0859b28fc39015c7704ccc3c3a347f,852,13,6,11,linux,BIC
e23a8020ce4e094e10d717d39a8ce799243bf8c1,81,0,0,4,linux,BIC
949f5c1244ee6c36d2e81c588d1200eaa83a3df6,23,2,16,1,linux,BFC
aa876cd4b41b4e3bcfbc75dd5750d75d5fa97a67,1,0,0,1,linux,BFC
db38de39684dda2bf307f41797db2831deba64e9,0,0,1,1,linux,BFC
34ec12349c8a9505adc59d72f92b4595bc2483ff,24,25,1,3,linux,BIC
526c101dde6453e45ff5b25fbda8c3ff736f9788,6,0,3,1,linux,BFC
71b8f350a4f03730f3024bfa7dc2414904a21bcb,2,0,0,1,linux,BFC
9c4b2867ed7c8c8784dd417ffd16e705e81eb145,5,2,7,1,linux,BFC
9822f4173f84cb7c592edb5e1478b7903f69d018,22,96,3,2,linux,BIC
bc86a41e96c5b6f07453c405e036d95acc673389,5,0,0,1,linux,BFC
b40d7af798a0a459d65bd95f34e3dff004eb554a,2,0,2,1,linux,BFC
df807a19957c2917fd5a4f5812e240a250066742,0,0,1,1,linux,BFC
b325af3cfab970efa59b69cbcd9890be54713cef,466,0,10,1,linux,BIC
89ff87494c6e4b32ea7960d0c644efdbb2fe6ef5,7,0,4,1,linux,BIC
0b873fd7fb53ed7343ee7ee166e1373aec02a9cb,1,2,6,2,linux,BIC
d698c4a02ee02053bbebe051322ff427a2dad56a,13,15,9,3,linux,BFC
3afc423632a194d7d6afef34e4bb98f804cd071d,55,7,40,3,linux,BIC
0cf4503174c12025ac7ea61048cb7c1d4d1ed85c,36,0,48,1,linux,BIC
603bee935f38080a3674c763c50787751e387779,8,4,4,3,linux,BFC
52bb1cb7118564166b04d52387bd8403632f5190,4,0,0,1,linux,BFC
1c610d5f93c709df56787f50b3576704ac271826,14,13,2,1,linux,BFC
aa3ff3c152ff94ef045ed802db7535167f8a21ab,29,0,19,3,linux,BIC
10371b6212bb682f13247733d6b76b91b2b80f9a,1,0,1,1,linux,BFC
fbe4b3566ddcde4b0708330651cbd982e555f4eb,22,0,15,1,linux,BIC
8d318a50b3d72e3daf94131f91e1ab799a8d5ad4,3643,0,0,4,linux,BIC
b89d15480d0cacacae1a0fe0b3da01b529f2914f,0,4,0,1,linux,BFC
83a712e0afefaf68555f816ea78ecd2862c6cf30,102,0,7,2,linux,BIC
fe4053078cd0f02a3fa140c43660f327702a9f10,13,0,0,1,linux,BFC
58d43a7e3263766ade4974c86118e6b5737ea259,28,0,31,2,linux,BIC
ef318b9edf66a082f23d00d79b70c17b4c055a26,0,1,1,1,linux,BFC
5d11e6aad1811ea293ee2996cec9124f7fccb661,3,0,0,1,linux,BFC
f7f04d198334d6f69c76c8f8675194551a3da574,0,12,2,1,linux,BFC
0cbe40112f42cf5e008f9127f6cd5952ba3946c7,3,0,8,1,linux,BFC
19c5d1f6a0c39cf910c8d211ea40ff758bcb3f49,345,1,9,2,linux,BIC
c65f6c5a3650876a69d1041a9d3c90986e9ca233,0,0,4,1,linux,BFC
471f7707b6f0b18b6aa81119ed01525d9e712427,6,12,10,1,linux,BIC
5fb9dadf336f3590c799e8cbde348215dccc2aa2,7,7,0,1,linux,BFC
a95a4f3f2702b55a89393bf0f1b2b3d79e0f7da2,0,0,1,1,linux,BFC
69fed99baac186013840ced3524562841296034f,0,0,1,1,linux,BFC
e0045bf80f62779ba75ba04513020d60e59f5298,19,23,2,3,linux,BFC
52b4b950b50740bff507a62907e86710743c22e7,16,14,13,5,linux,BIC
e9089f43c9a79fe97e242de8b5530eceeb5ae8b5,897,0,1,7,linux,BIC
50b4a3c23646254c7345f3663ff1e0a6cbcd9abb,150,0,0,4,linux,BIC
2d012c65a9ca26a0ef87ea0a42f1653dd37155f5,0,0,10,1,linux,BFC
2cdcc357c221796fac3772f23cd5830f411c0e45,0,0,2,1,linux,BFC
e888d445ac33a5b0288d670ecd970908b13f07cd,71,44,4,1,linux,BIC
41fff779d7948147f2440c4bb134cdf8b45b22d7,8,0,0,1,linux,BFC
1eac5c244f705182d1552a53e2f74e2775ed95d6,17,0,7,1,linux,BFC
f5caf621ee357279e759c0911daf6d55c7d36f03,12,15,27,12,linux,BIC
db186382af21e926e90df19499475f2552192b77,0,0,2,1,linux,BFC
0fc174dea54546e2b1146e1197da1b6d4bc48107,14,2,2,1,linux,BIC
0f399305cd31e5c813086eaa264f7f47e205c10e,3,0,1,3,linux,BFC
39d1c90665e3ee471b3005780a7df58bb1ba622d,1,0,3,1,linux,BFC
da7ad366b497f5fc1d4a416f168057ba40bddb98,17,1,11,5,linux,BIC
deec9ae31e6079551ce9260d29a4cf83e5b19a83,191,0,0,2,linux,BIC
221ec5c0a46c1a1740f34fb36fc661a5284d01b0,0,0,3,2,linux,BFC
478eb72b815f33734723867ff236d96afa418d69,0,2,7,1,linux,BIC
7dccfbc325bb59f94521d544a8ae12148622b4f2,21,0,1,2,linux,BIC
14132690860e4d06aa3e1c4d7d8e9866ba7756dd,6,0,12,1,linux,BFC
6ba9dd6c893b8e60639cfe34e983786068dba9fa,2447,0,0,3,linux,BIC
84cf229f4001c1216afc3e4c7f05e1620a0dd4bc,13,0,12,3,linux,BFC
c9e0fc33b8be52a7134ed0ee79b6a1e332e1b9d0,0,1,0,1,linux,BFC
9e8c399a88f0b87e41a894911475ed2a8f8dff9e,10,0,6,1,linux,BFC
b956575bed91ecfb136a8300742ecbbf451471ab,115,28,21,3,linux,BIC
04063a011f2f35c37e1146c736e6d4ad402a8557,0,0,2,1,linux,BFC
5c6dcc57e2e50553405f2cf8b949f99b8820a685,3,12,74,1,linux,BIC
52e00ea6b26e45fb8159e3b57cdde8d3f9bdd8e9,4,0,2,1,linux,BFC
ad4068de49862b083ac2a15bc50689bb30ce3e44,1,0,1,1,linux,BFC
0370b31e48454d8cf11120664aedd1c51b3004cb,47,0,2,3,linux,BIC
dc97618ddda9a23e5211e800f0614e9612178200,139,13,75,3,linux,BIC
1d3398facd08a7fd4202f269317a95668eb880b9,8,0,5,1,linux,BFC
4b1946284dd6641afdb9457101056d9e6ee6204c,0,3,0,1,linux,BFC
b1123ea6d3b3da25af5c8a9d843bd07ab63213f4,52,111,34,7,linux,BIC
89e0e250f92b0b0233337043ddf76f261916036c,1,0,1,1,linux,BFC
ddee5cdb70e6f87de2fc696b87bd7bd184a51eb8,451,0,0,2,linux,BIC
3b031d15995f3e4c43e38159072f07efe3fa35d9,60,0,12,1,linux,BIC
856ce5d083e14571d051301fe3c65b32b8cbe321,2,0,5,1,linux,BFC
7e2f2a0cd17cfc42acb4b6a293d5cb6c7eda9862,16,0,12,1,linux,BIC
5da42a3d2540732f66ae8c228d902aa7a27b4f6a,0,1,0,1,linux,BFC
1f3b359f1004bd34b7b0bad70b93e3c7af92a37b,0,0,6,2,linux,BFC
974bb793aded499491246f6f9826e26c2b127320,0,0,1,1,linux,BFC
d047283a7034140ea5da759a494fd2274affdd46,3,0,0,2,linux,BFC
975554b03eddc1df73bda3a764a09e18cadd5f1c,0,4,3,1,linux,BFC
54719527fd06e80fce52b98537414035cd21e8d4,0,0,4,2,linux,BFC
8209eefa3d379dd453d67cd94484040216ffc68c,175,0,0,1,linux,BIC
0496f56065e00f6c3bfcefc4f9b5419847e4a8b5,0,55,40,1,linux,BIC
847f9ea4c5186fdb7b84297e3eeed9e340e83fce,0,10,5,1,linux,BFC
2cc3cd5fdc8ba07ba590204a3a6f6d16289d25e5,64,0,3,1,linux,BIC
68fbff68dbea35f9e6f7649dd22fce492a5aedac,161,6,17,3,linux,BIC
2427b3037710d4aa71c9c1cdfcd542805e0c53f3,102,1,38,8,linux,BIC
44e2a58cb8803e3e40eaf5708c4d15b4118913c4,6,1,0,1,linux,BIC
1b311f8931cfe5b678c43904cb6f838489afdc0f,75,2,8,4,linux,BIC
61f3b89630973037f67d8e25e5d26e80a51a7b37,1,0,9,1,linux,BIC
82be2ab159a3a0ae4024b946a31f12b221f6c8ff,1,0,0,1,linux,BFC
260a63395f90f67d6ab89e4266af9e3dc34a77e9,11,0,1,1,linux,BFC
9ac7849e35f705830f7b016ff272b0ff1f7ff759,1568,0,3,17,linux,BIC
61086f391044fd587af9d70a9b8f6f800dd474ba,26,0,10,3,linux,BIC
71dcc4d1f7d2ad97ff7ab831281bc6893ff713a2,26,0,0,1,linux,BFC
5b1e985f7626307c451f98883f5e2665ee208e1c,0,2,8,6,linux,BFC
a525b0881de7742617343f02df4073ddc1571237,0,0,1,1,linux,BFC
ae0393500e3b0139210749d52d22b29002c20e16,11,12,0,1,linux,BFC
16dd3bb5c190654854c0846ee433076139f71c6a,0,0,1,1,linux,BFC
75a543347c6be74b2636a1fec7f4ffd1ee4525b2,0,11,0,1,linux,BFC
ca44532139514f5fb0a5a081cd8576e4abe54e65,11,0,0,1,linux,BIC
9d7b4a40387d0f91512a74caed6654ffa23d5ce4,0,3,2,1,linux,BFC
baabb7f530e8a3f0085d12f4ea0bada4115515d3,5,0,0,1,linux,BFC
26b3b6b959b25603944cb3bb70a72484e8ef775f,12,0,0,2,linux,BIC
e909ec10186ad5cf4ecd19d0b8cf6fd96f467e58,0,0,1,1,linux,BFC
b7271b9f3e18181559b96a610f4e42bdb04b07f5,0,0,27,3,linux,BFC
c6dd6488acd105f4fde9b4d289aaef5669b12c76,8,0,1,1,linux,BFC
4839367d99e3b067d3c2e9404ae320c100d090c7,319,0,0,1,linux,BIC
b91540d52a08b65eb6a2b09132e1bd54fa82754c,277,0,4,8,linux,BIC
ca0233285a93222b2b0c7384b9345711b3d68b5c,1212,0,0,3,linux,BIC
d8e18a516f8f67404c0d21af8c93d0474fba0876,6,0,32,6,linux,BIC
c8609f3870f7078fc7922eb816ed4908a9bd44f3,413,0,0,1,linux,BIC
64e1f0c531d1072cd97939bf0d8df42b26713543,64,0,0,2,linux,BIC
edc0571c5f67c7e24958149a8ec6a904ca84840b,0,0,2,1,linux,BFC
55b2ca702cfa744a9eb108915996a2294da47e71,1,0,3,1,linux,BFC
22cc6b7a1dbb58da4afc539d9b7d470b23a25eea,0,0,1,1,linux,BFC
f991de53a8abef21fae3e31967cb4f6a75c070b5,0,0,6,2,linux,BIC
201a15428bd54f83eccec8b7c64a04b8f9431204,119,25,9,8,linux,BIC
bdcee1b0b0834d031c76a12209840afe949b048a,44,0,5,1,linux,BFC
3d7b33209201cbfa090d614db993571ca3c6b090,1,3,0,3,linux,BFC
fb2abb73e575b6fcb428f803faf928ef04d5bb1e,19,0,1,1,linux,BIC
906f86c860304e84c36cd4c42a6a73928c4ed74c,2,0,0,1,linux,BFC
b5389086ad7be0453c55e0069a89856d1fbdf605,115,5,24,3,linux,BIC
c58c6610ec248134b0b0ede2ac80859bf1cefa29,53,0,8,1,linux,BIC
ed70fcfcee953a76028bfc3f963d2167c2990020,7,37,3,3,linux,BIC
b7c50fab66ab66e2d3e00f809a09578d78232836,39,41,0,3,linux,BFC
6bd58f09e1d8cc6c50a824c00bf0d617919986a1,17,0,4,1,linux,BIC
dbae3388ea9ca33bd1d5eabc3b0ef17e69c74677,13,0,0,1,linux,BFC
15ea2df9143729a2b722d4ca2b52cfa14a819d8e,0,0,2,1,linux,BFC
902a66e08ceaadb9a7a1ab3a4f3af611cd1d8cba,2,0,4,1,linux,BIC
b4e955e9f372035361fbc6f07b21fe2cc6a5be4a,1,4,2,1,linux,BFC
e42615ec233b30dfaf117b108d4cb49455b4df1d,117,3,91,59,linux,BIC
0fed2bcf17d2a049c079ffd2b7bc4caca4b7f906,0,0,3,1,linux,BFC
ff95ec22cd7faa0d8b58dcc4207f21502df7b00b,11,0,1,1,linux,BIC
36fbf1e52bd3ff8a5cb604955eedfc9350c2e6cc,175,0,2,7,linux,BIC
0249ed2444d65d65fc3f3f64f398f1ad0b7e54cd,152,110,42,3,linux,BIC
b723748750ece7d844cdf2f52c01d37f83387208,53,0,2,1,linux,BIC
daa37361518bf2d1f591bbdaa7c68b2a43d7af48,38,3,17,1,linux,BFC
5dd0a6b8582ffbfa88351949d50eccd5b6694ade,2,0,0,1,linux,BFC
fbef66f0adcddf4475e19f3d09df22fb34e633f6,0,0,1,1,linux,BFC
2f0ddd89fe32f1534a17ca44ebccc939f8a74af4,7,0,0,1,linux,BIC
0571a753cb07982cc82f4a5115e0b321da89e1f3,0,0,1,1,linux,BIC
acc64f52afac15e9e44d9b5253271346841786e0,5,0,3,1,linux,BFC
62c1c2e606f63417985db5ac212825db716e35a8,360,0,8,8,linux,BIC
16ce101db85db694a91380aa4c89b25530871d33,58,13,27,8,linux,BIC
d919161b67b1ed4a374dae685840a601bbeb1347,0,0,1,1,linux,BFC
ece4bf46e98c9f3775a488f3932a531508d3b1a2,6,0,2,1,linux,BFC
a58c22cfbbf62fefca090334bbd35fd132e92a23,1,0,0,1,linux,BFC
b220110e4cd442156f36e1d9b4914bb9e87b0d00,6,0,0,1,linux,BFC
04b385f325080157ab1b5f8ce1b1de07ce0d9e27,0,2,1,1,linux,BFC
f6724cd497974dcd74ea54bfb478dd47750cd52b,0,0,1,1,linux,BFC
1847e3046c528bd85bd51e2860f4139bd9052d6c,90,0,9,2,linux,BIC
cdfee5623290bc893f595636b44fa28e8207c5b3,15,42,2,9,linux,BIC
e621900ad28b748e058b81d6078a5d5eb37b3973,0,9,76,32,linux,BIC
e1d227a42ea2b4664f94212bd1106b9a3413ffb8,8,0,6,1,linux,BIC
1e2ba788787c86f527eca6ffd9adb97d691a810e,0,0,1,1,linux,BFC
0bb21c9677e5a5e2355f4f81a4e48afe62257a75,8,0,6,1,linux,BFC
474fc2e6395d62758e80b9ea65f61339296355fc,0,0,3,1,linux,BFC
a2c5bedb2d55dd27c642c7b9fb6886d7ad7bdb58,1,7,3,1,linux,BFC
8676145eb2f53a9940ff70910caf0125bd8a4bc2,0,2,21,1,linux,BFC
3f65ce4d141e435e54c20ed2379d983d362a2cb5,1413,0,0,4,linux,BIC
2257e468a63b6d35a77e884ef032c54f9be65c92,0,66,1,1,linux,BIC
4285de0725b1bf73608abbcd35ad7fd3ddc0b61e,4,0,8,1,linux,BFC
f54e515c91806288126f64b37da0c78baa2d8c1f,0,16,3,3,linux,BIC
fcea94ac6154545dd13b17c947c07f5e0a54c121,0,0,1,1,linux,BFC
efb448d0a3fca01bb987dd70963da6185b81751e,203,0,0,2,linux,BIC
5ce5a584cb826f1c1f0625a336134feb4e1142cd,86,0,0,2,linux,BIC
8c1e2162f27b319da913683143c0c6c09b083ebb,1,0,2,1,linux,BFC
8118b82eb756e271929697e8ada5f637dc443af1,0,0,3,1,linux,BFC
f991fdac813f1598a9bb17b602ce04812ba9148c,2,0,0,1,linux,BFC
41b207a70d3a86b9e2eede155e87838234c7cbd5,48,1,48,2,linux,BIC
c7d9aac6131148abe29ed1dc6bd73ad1213d1f56,143,0,8,2,linux,BIC
9ea3e52c5bc8bb4a084938dc1e3160643438927a,2,0,5,1,linux,BIC
8a3fea95fab14dd19487d1e499eee3b3d1050d70,3,0,9,2,linux,BFC
bdbd0a7f8f0342dd545cc3f1e47aa30265807846,102,0,0,1,linux,BIC
d26ab06ede83287f99067fee3034c5455a75faf9,25,28,7,6,linux,BIC
467233a4ac29b215d492843d067a9f091e6bf0c5,2,0,1,1,linux,BFC
515f60004ed985d2b2f03659365752e0b6142986,3,1,3,1,linux,BFC
718cc4b60ff279c0d6169d109e22cb107b23e312,0,0,1,1,linux,BFC
5186421cbfe250002308d4d759674214b385752f,50,2,6,4,linux,BIC
2c86ac3c70794f0ecc3684b0ae0fd75b0cf0c1f6,60,0,70,3,linux,BIC
617940123e0140521f3080d2befc2bf55bcda094,12,0,4,1,linux,BFC
0e030a373df3b8792b8991740fc31fe0629c6e58,7,5,7,1,linux,BFC
02d04254a5dfb8de1459805c3433cd0e9e4853d7,13,31,91,2,linux,BIC
1880bc4e4a96691bfccd1882115af4e5431b4c7a,255,0,7,9,linux,BIC
dbc7ece12a38889ceb3d7f99dad269822f6bd34e,0,0,6,1,linux,BIC
11d5a4745e00e73745774671dbf2fb07bd6e2363,4,3,2,1,linux,BFC
7635276989a183bdb424f9e930f836b6264d54dc,0,0,1,1,linux,BFC
9732c148d0ced6dd0c5feb0da91f979c6beb5c93,9,0,0,1,linux,BFC
835d89e92fa77b6a1effea3db80202e1ffec413a,0,0,1,1,linux,BFC
afd1417404fba6dbfa6c0a8e5763bd348da682e4,3,0,5,1,linux,BIC
118178e62e2e0da39b394e812fef7179c8bdb3bc,35,43,3,4,linux,BIC
42f687038bcc34aa919e0e4c29b04e4cda3f6a79,0,0,1,1,linux,BFC
e93e59ce5b85e6c2b444f09fd1f707274ec066dc,4,0,4,1,linux,BIC
5e1bfb277d3b87bc580735564eb487c0be3848b3,0,0,1,1,linux,BFC
f7380c12ec6cfd69f274ba6181cd01c764f877bb,98,0,8,1,linux,BIC
863580418bc82062083be854355f2213d3d804f5,0,0,1,1,linux,BFC
7a1468ba0e02eee24ae1353e8933793a27198e20,5,0,0,1,linux,BFC
10bf13c334504a1fea54b731217ade6814b79f65,0,0,1,1,linux,BFC
7a320c9db3e73fb6c4f9a331087df9df18767221,0,15,4,1,linux,BFC
47c21d9a1a7b4b3177dde686ce0eb71cdf25e07b,42,0,9,1,linux,BIC
4a4c0cfb4be74e216dd4446b254594707455bfc6,4,0,0,1,linux,BFC
bd83a2fc05ed323d7ae38443a6d2e253ef1c4237,0,0,1,1,linux,BFC
92fe01b7c655b9767724e7d62bdded0761d232ff,6,6,0,1,linux,BFC
ca9ae5ec4ef0ed13833b03297ab319676965492c,103,0,0,1,linux,BIC
0780060124011b94af55830939c86cc0916be0f5,7520,0,0,27,linux,BIC
c04d2cb2009f87cba7431c4ed3d85a602f71658e,96,0,11,1,linux,BIC
474402291a0ad4778a4e5fdff6ae507b2a26d809,1112,0,0,2,linux,BIC
9b5fed0daa2a9ea3355ef06bb9e87ce800e71df6,0,1,3,1,linux,BFC
eaf961536e1622ad21247ac8d44acd48ba65566e,265,1,4,8,linux,BIC
a4dbf7cf17a537c0788819bfe575b2067f0310bc,0,0,22,1,linux,BFC
f83478240e742efe1103110c28d48cc2b4dcee5c,336,0,0,2,linux,BIC
7c0408d805797178f075f33d0f705a1c6ef76c82,274,0,0,1,linux,BIC
40e20d68bb3fb1ce2704c886d597918988d3321d,37,0,1,1,linux,BIC
e222f943519564978e082c152b4140a47e93392c,1,0,0,1,linux,BFC
3d9b8dd8320de69945ea7ccd0d1a76464138ba37,1,0,1,1,linux,BIC
72c91ce8523ae5828fe5e4417ae0aaab53707a08,1,1,4,1,linux,BFC
8fd9efca86d083bb6fe8676ed4edd1c626d19367,8,0,11,1,linux,BIC
606397d67f4184a40732537be72e7e8658c26717,522,0,0,1,linux,BIC
29d62ec5f87fbeec8413e2215ddad12e7f972e4c,4,6,8,1,linux,BFC
1bfecfca565c0505d04dbf5fdd3d2fbb951827c0,83,73,50,3,linux,BIC
a18177925c252da7801149abe217c05b80884798,5,0,2,1,linux,BFC
d84f4f992cbd76e8f39c488cf0c5d123843923b1,649,285,953,40,linux,BIC
97099cc6529cdf50af32a496b588d9428c57341f,0,1,1,1,linux,BFC
04d2600ab669b2d44dd7920cc8a1b95c8144084c,3,0,0,1,linux,BFC
5f01d9539496577b9ee62e213f4122a2a209550c,88,0,5,3,linux,BIC
8d4025943e13010d753935e37ad085fca4906e6c,0,4,4,1,linux,BIC
d7f39c40ebb6986e7371510d1c20a4efee4a7f0d,0,0,2,1,linux,BFC
8ea6bb8e4d47e07518e5dba4f5cb77e210f0df82,4,0,2,1,linux,BFC
4877be9019baaf1432f9117bff4873e4ad518d91,0,12,0,1,linux,BFC
12f47073a40f6aa75119d8f5df4077b7f334cced,33,0,2,1,linux,BFC
106267444f12fde77f5aee92ca862a7138a88508,1679,0,0,2,linux,BIC
0cc254e5aa37cf05f65bcdcdc0ac5c58010feb33,1,0,3,1,linux,BFC
3e0c3ff36c4c7b9e39af7d600e399664ca04e817,86,0,12,2,linux,BIC
c7f94520e988c9313c09e2768874c99d3b062dcc,1,0,0,1,linux,BFC
1420c4a549bf28ffddbed827d61fb3d4d2132ddb,1,3,87,35,linux,BIC
5429c9dbc9025f9a166f64e22e3a69c94fd5b29b,2,0,0,1,linux,BFC
d859900c4c56dc4f0f8894c92a01dad86917453e,260,0,47,4,linux,BIC
f1eea5c15ae799a1291f0f481fa3ea09be913fa9,6,2,16,1,linux,BFC
4eaf02d6076c138d929f98b4c8afc4fef6d2915d,3,0,0,1,linux,BFC
10076de33b5ed5b1e049593a611d2fd9eba60565,8,0,5,2,linux,BFC
efa5356b0d9753b9d7e63e41459eba106cce30f3,592,0,46,6,linux,BIC
80847a71b270b172814dc7562f3eb59507fca61e,0,14,0,1,linux,BFC
ab82fa7da4dce5c728730d7aa0e11a2cbc9266da,29,0,2,1,linux,BIC
665153ff575207f3a092cfcea3c51238612a7b58,314,0,0,1,linux,BIC
42a0bb3f71383b457a7db362f1c69e7afb96732b,279,101,6,10,linux,BIC
65dbb423cf28232fed1732b779249d6164c5999b,0,0,1,1,linux,BFC
df841b17e809f48f740cd2dd8b63543073c91a02,26,12,0,2,linux,BFC
a4c0214fbee97c46e3f41fee37931d66c0fc3cb1,0,0,1,1,linux,BFC
d914ba37d7145acb9fd3bb23075c2d56e5a44eb6,187,0,26,5,linux,BIC
fa7711b888f24ee9291d90f8fbdaccfc80ed72c7,0,0,22,1,linux,BIC
8a7904a672a1d33c848e5129f886ee69e0773a2e,73,23,6,3,linux,BFC
5ac67ce36cfe38b4c104a42ce52c5c8d526f1c95,4,23,16,3,linux,BIC
f2bc14b69c38b60f201fdf90c08cb2dc8966f331,20,5,9,5,linux,BIC
66983bc18fad17d10766650b3685045f6f092d73,13,0,3,1,linux,BFC
bde6f9ded1bd37ff27a042dcb968e104d92b02c1,2,0,0,1,linux,BFC
c275e5d349b0d2b1143607d28b9c7c14a8a0a9b4,3,0,4,1,linux,BFC
7c0db24cc431e2196d98a5d5ddaa9088e2fcbfe5,16,0,6,1,linux,BFC
cc35c88ae4db219611e204375d6a4248bc0e84d6,2127,0,0,2,linux,BIC
c5086f130a77009dd1dcacf0fbc2ca83f09ebca4,16,0,2,3,linux,BIC
df85bc140a4d6cbaa78d8e9c35154e1a2f0622c7,0,0,1,1,linux,BFC
02c71b144c811bcdd865e0a1226d0407d11357e8,32,3,12,2,linux,BFC
eed16255d66bde1abbce272400912a9ea9e69e08,0,10,1,1,linux,BIC
51e1bb9eeaf7868db56e58f47848e364ab4c4129,3,0,2,3,linux,BFC
5fdc66e046206306bf61ff2d626bfa52ca087f7b,0,0,1,1,linux,BFC
aa6ce2ea0c9301f7d418982d3c0612eec926ac91,117,0,0,2,linux,BIC
e40526cb20b5ee53419452e1f03d97092f144418,21,7,16,2,linux,BIC
a72b6dff4089e6c3455e73ea97b08623b4fed699,1,0,0,1,linux,BFC
2dc6b1158c28c3a5e86d162628810312f98d5e97,108,110,5,1,linux,BIC
b05545e15e1ff1d6a6a8593971275f9cc3e6b92b,40,18,1,1,linux,BFC
3d9ff34622badd65543430a784f7af9838c5c3fc,437,0,0,1,linux,BIC
0b65bd97ba5fc2c43fa4d077e7420f3ec09a40b3,8,2,9,1,linux,BFC
2b5d74fa3ceeaf178c74cb3f673ae452c46a7d35,2,1,6,1,linux,BFC
51d6f2635b39709ee5e62479be23d423b760292c,2,0,10,1,linux,BFC
14131f2f98ac350ee9e73faed916d2238a8b6a0d,121,2,1,3,linux,BIC
700f7d0d29c795c36517dcd3541e4432a76c2efc,58,1,19,3,linux,BIC
3e08773c3841e9db7a520908cc2b136a77d275ff,102,134,130,39,linux,BIC
040f04bd2e825f1d80b14a0e0ac3d830339eb779,2,28,31,9,linux,BIC
0c19a9fbc9cdba29c7effb34fd5a97226bf934e6,299,3,20,2,linux,BIC
cc26aee100588a3f293921342a307b6309ace193,0,0,1,1,linux,BFC
a7c3aa1509e243a09c5b1660c8702d792ca76aed,24,16,22,1,linux,BIC
2eb0964eec5f1d99f9eaf4963eee267acc72b615,0,5,0,1,linux,BFC
e2540da86ef83ed90e3c13e02c52991c515b12e5,18,9,13,1,linux,BIC
fb265c9cb49e2074ddcdd4de99728aefdd3b3592,34,13,81,5,linux,BIC
9bb87f168931cf55738ed2fbda3639575cede886,61,0,4,1,linux,BIC
92cb1bedde9dba78d802fe2510949743a2581aed,4,18,3,3,linux,BFC
951384cabc5dfb09251d440dbc26058eba86f97e,26,0,0,1,linux,BIC
8223286d62e296fb762e11894fbdaa84f471915d,52,34,20,6,linux,BIC
18db594a1005d908d995a2fc8f5a7bf4286fdca0,1,0,1,2,linux,BFC
5da083d1922c23b75e921c85b687c8e112e8280e,17,0,17,3,linux,BIC
217e26bd87b2930856726b48a4e71c768b8c9bf5,2,0,0,1,linux,BFC
df069367f3b10606195e81053febc8aa4796bbc6,14,0,11,1,linux,BFC
e6ba5273d4ede03d075d7a116b8edad1f6115f4d,30,0,0,2,linux,BIC
2d6ca60f328450ff5c7802d0857d12e3711348ce,231,0,0,2,linux,BIC
c1a752ba2d6b8a52879c7ab637cff38359ea9827,5,0,2,1,linux,BFC
a1e8c13600bfd96c51580732ccf31f69bc6de4d1,70,28,19,4,linux,BIC
993884f6a26c6547fa3875f9d3fabdc4250d8da6,20,1,3,1,linux,BIC
b333b8ebb85d62469f32b52fa03fd7d1522afc03,2,0,4,1,linux,BFC
ef0162298abf46b881e4a4d0c604d1a066228647,0,7,10,2,linux,BFC
a5c57d327272bdf3a8b19686eaca2ec683449e67,6,6,2,1,linux,BFC
45ec746c65097c25e77d24eae8fee0def5b6cc5d,1,0,0,1,linux,BFC
74cdaf24004aea8de350f58979548b3eddc11e9a,18,0,0,1,linux,BIC
aded3cad909581c60335037112c4f86bbfe90f17,0,0,3,1,linux,BFC
7cdeb37c66e9b48fce8be9373bf5c96f2dd76c75,5,0,0,1,linux,BFC
3146bc64d12377a74dbda12b96ea32da3774ae07,3,0,0,2,linux,BFC
89795852c9c46b9b0701f7376d30a1c5ab4d146c,52,0,3,2,linux,BIC
c413983eb66a0f6de37c13f7da3dd5fa488e5967,64,0,3,6,linux,BIC
bca828ccdd6548d24613d0cede04ada4dfb2f89c,1,0,0,1,linux,BFC
4ef67a8c95f32ed0c8c6ed5fe01d1dd16358350e,36,0,13,2,linux,BIC
fe7952c629daec6fb71f55376cb2ed543fde3186,85,0,0,2,linux,BIC
b90fa9ae8f51f098ee480bbaabd6867992e9fc58,193,11,11,4,linux,BIC
b48596d1dc257900b9639f61e1cfd95250e7381b,9,0,0,2,linux,BIC
e5cc8ef31267317f3e177415c84e3f3602e5bfc9,351,0,0,2,linux,BIC
7c792f33c1b3e231cfd50fea589194c593a6ce3c,0,1,3,1,linux,BFC
3c5a1b111373e669c8220803464c3a508a87e254,0,0,1,1,linux,BFC
465931e70881476a210d44705102ef8b6ee6cdb0,0,0,4,1,linux,BFC
b232b02bf3c205b13a26dcec08e53baddd8e59ed,3,0,1,1,linux,BFC
1e0d5615bbc37deb7732491798abccf8d3c3d244,3,0,0,1,linux,BFC
d3ef5536274faf89e626276b833be122a16bdb81,0,0,1,1,linux,BIC
9f645bcc566a1e9f921bdae7528a01ced5bc3713,1,0,1,1,linux,BFC
8bcd3dd417660dce8cf38a731a888f09e8028190,133,0,4,2,linux,BIC
e0a12445d1cb186d875410d093a00d215bec6a89,8,13,1,1,linux,BFC
32ca98feab8c9076c89c0697c5a85e46fece809d,2,0,0,1,linux,BFC
cbc06f051c524dcfe52ef0d1f30647828e226d30,22,9,2,1,linux,BIC
b2d24b97b2a9691351920e700bfda4368c177232,191,0,5,7,linux,BIC
c2653990d5729a445296d6d04395be5dea8e282e,2,1,11,1,linux,BFC
65c307fd08dd6cc7771220ee0238a152db552d97,1,8,20,3,linux,BIC
a0301020c568ff6b94da0b988ab984b90ea702a1,0,0,1,1,linux,BFC
0957627a99604f379d35831897a2aa15272528fc,3,0,5,1,linux,BIC
b86eb74098a92afd789da02699b4b0dd3f73b889,0,0,2,1,linux,BFC
b2d12101bff95c27960c69f3e54a98afdc205bb3,1,0,2,1,linux,BFC
a04139c4cf289119cdfb6081af602f7a452fb7c2,11,0,5,1,linux,BFC
18f77393796848e68909e65d692c1d1436f06e06,14,0,0,1,linux,BIC
8a226e2c71bb3763e27a063d36eac5fa4ea53c3f,6,0,0,1,linux,BIC
62e3a931db60daf94fdb3159d685a5bc6ad4d0cf,6,2,3,2,linux,BFC
00e0590dbaec6f1bcaa36a85467d7e3497ced522,2,0,5,1,linux,BFC
10337e95e04c9bcd15d9bf5b26f194c92c13da56,51,0,0,1,linux,BIC
5483844c3fc18474de29f5d6733003526e0a9f78,1,0,2,1,linux,BFC
9dd28b467c35eef320a2974f6b1f209343ad8704,29,30,10,1,linux,BFC
2055997f983c6db7b5c3940ce5f8f822657d5bc3,2,0,2,1,linux,BFC
feb18e900f0048001ff375dca639eaa327ab3c1b,1,0,9,1,linux,BFC
881d8353b05e80d93db14b860581ceba14116422,3,0,0,2,linux,BIC
4005f5c3c9d006157ba716594e0d70c88a235c5e,6,0,0,2,linux,BFC
74c337ec0905d99111fc63a15f2e0784b9ed5503,0,0,1,1,linux,BFC
5262f567987d3c30052b22e78c35c2313d07b230,141,0,5,2,linux,BIC
02a95374b5eebdbd3b6413fd7ddec151d2ea75a1,0,0,1,1,linux,BFC
b69c5c07a66ee569b8ccdc0cb567fe0622c89ea5,0,0,1,1,linux,BFC
12058077b2e963d16d2d673d46233a7f46add7c9,4,0,4,1,linux,BFC
814abfabef3ceed390c10d06a0cc69a86454b6cf,63,0,0,4,linux,BIC
54c2258cd63a81283cf88b2bd9457c61ee2cd66f,164,117,15,2,linux,BIC
0dda0b3fb255048a221f736c8a2a24c674da8bf3,14,0,21,2,linux,BFC
74fe7b551f3385fa585d92616c85b3a575b2b2cb,99,0,1,3,linux,BIC
b6677449dff674cf5b81429b11d5c7f358852ef9,19,14,0,1,linux,BIC
82c7863ed95d0914f02c7c8c011200a763bc6725,2,0,1,1,linux,BFC
a654de8fdc1815676ab750e70cab231fc814c29f,195,19,13,8,linux,BIC
53526500f301bfc2cde0cd6cf734ebce5020d6b7,3,10,0,2,linux,BIC
836fb30949d9edf91d7de696a884ceeae7e426d2,11,0,0,1,linux,BFC
5886d26fd25bbe26130e3e5f7474b9b3e98a3469,160,2,20,2,linux,BIC
05ba533c5c1155839cf1538085b67488f1d3d308,106,0,2,1,linux,BIC
afa6b1ccfad5e72918b79461a97fe21d1c2292da,60,0,0,1,linux,BIC
1b203c138c5a0d78aa34d1c4346ff6b32ac74869,0,0,2,1,linux,BFC
99e5a8df8b3627239ecef09547931a81618d0851,3,0,1,1,linux,BFC
c93349d8c1700a4f628758440c65404faa74b390,329,0,0,1,linux,BIC
1f374171fd345aaad9fcb30ac3acd255b5cd2076,0,0,1,1,linux,BFC
604234f33658cdd72f686be405a99646b397d0b3,15,0,4,4,linux,BIC
69916d96094e1e16567c5f25515a13ed2896c730,1,0,2,1,linux,BFC
0f46daa1a273779a0b73d768a788ca3f04238f9c,3,0,8,3,linux,BFC
59df14f9cc2326bd6432d60eca0df8201d9d3d4b,0,0,1,1,linux,BFC
2deb4be28077638591fe5fc593b7f8aabc140f42,8,0,1,1,linux,BIC
8b7b59d030cc0d34b83b0c556bb6365c9ae6ba77,0,0,2,1,linux,BIC
e973f4ec130ac0eefb9e69b5139ed8a2768250aa,9,2,0,2,linux,BFC
0c80cdbf33207c7aea1aec9027ad8011bd6178ad,4,0,1,1,linux,BIC
fb00bc2e6cd2046282ba4b03f4fe682aee70b2f8,0,0,1,1,linux,BFC
acf242fc739e8697f6231fe7b0d7078e9649a31b,57,42,6,4,linux,BIC
15ff197237e76c4dab06b7b518afaa4ebb1c43e0,1,0,0,1,linux,BFC
4e5a74f1db8d6bea48306126fd445e2720f07a95,0,1,0,1,linux,BIC
a0b34f75ec209e40f06912380533ec525691544f,67,0,0,4,linux,BIC
045065d8a300a37218c548e9aa7becd581c6a0e8,0,0,1,1,linux,BFC
57878f2f4697a4f4ae53586fa7565ed1a3275a2c,138,12,0,1,linux,BIC
c695faf745f991ca3ab467a00afe015fdac3bbb8,5,49,1,2,linux,BFC
712f36fbb7738a60df0622e950726b6977dd41f3,0,0,1,1,linux,BFC
df81b43802f43c0954a55e5d513e8750a1ab4d31,2,0,5,1,linux,BFC
3c857757ef6e5a4e472bd3e5c934709c2eb482af,82,5,5,3,linux,BIC
19cebbcb04c8277bb8a7905957c8af11967c4e28,0,0,6,4,linux,BFC
1b7b938f181742f899a2f31c280f79dabef6ddb6,19,0,4,1,linux,BIC
0ab39de6b341189589093777f241dd803b417fc0,0,0,1,1,linux,BFC
4f3e900b628226011a5f71c19e53b175c014eb58,60,1,5,2,linux,BIC
690cc86321eb9bcee371710252742fb16fe96824,6,1,3,1,linux,BFC
857baa87b6422bcfb84ed3631d6839920cb5b09d,19,1,1,2,linux,BIC
12e244f4b550498bbaf654a52f93633f7dde2dc7,0,0,1,1,linux,BFC
70456e5210f40ffdb8f6d905acfdcec5bd5fad9e,3,0,3,1,linux,BFC
a87a4d23e86b7ff9b3f1300774c942de139ba16a,15,0,6,1,linux,BFC
79e765ad665da4b8aa7e9c878bd2fef837f6fea5,14,0,6,1,linux,BIC
cf5fbe02042e52a5a3d93223770db39002b313c6,2,0,1,1,linux,BFC
4764c0da69dc500791c840c88dfd940d13b452e7,77,0,50,8,linux,BIC
64ea2d0e7263b67d8efc93fa1baace041ed36d1e,4,5,2,3,linux,BFC
c3a5fd15ed0c1494435e4e35fbee734ae46b5073,0,0,1,1,linux,BFC
83f0124ad81e87b74c2f461b1794e57ab5e7fea0,0,49,0,44,linux,BIC
ccfc9df1352be5b2f391091e18c4b2395d30ce78,3,0,4,1,linux,BFC
f617e5ffe04fd46010b618c9eeadaa04588704c9,0,0,1,1,linux,BFC
f53823c18131e755905b4f654196fd2cc3953f6e,1,0,0,1,linux,BFC
ec21bdc6dd16d74b3674ef1fd12ae8e4e7418603,56,57,0,2,linux,BFC
257343d3ed557f11d580d0b7c515dc154f64a42b,0,1,0,1,linux,BFC
2504db207146543736e877241f3b3de005cbe056,0,0,2,2,linux,BFC
a0033bd1eae4650b69be07c17cb87393da584563,0,1,0,1,linux,BFC
01cbf50877e602e2376af89e4a51c30bc574c618,24,0,8,1,linux,BIC
5e4c1243071d29ed5511121d044116b942ba6a7b,45,0,0,1,linux,BIC
30a391a13ab9215d7569da4e1773c5bb4deed96d,1,0,2,1,linux,BIC
c543dcbe4237e03b23fa40e0fba979cfd8514954,78,0,0,3,linux,BIC
eb96e57b913ff668b8b804178cdc509f9b3d4472,0,0,1,1,linux,BFC
e2d53d10ef666859517360e711fd7761e7e984ce,7,0,3,1,linux,BFC
e9e7e85d75f3731079ffd77c1a66f037aef04fe7,0,0,5,1,linux,BFC
3e0f65b34cc972d462c32769cd85b4eee6949139,416,0,3,3,linux,BIC
e7d1d4d9ac0dfa40be4c2c8abd0731659869b297,1,0,2,1,linux,BIC
12069401d895ff84076a50189ca842c0696b84b2,1,0,6,1,linux,BFC
b9022b53adad88fd6cf2b9718c9e498504f3e1dd,790,0,0,3,linux,BIC
1ffdd2c0440dfda533ca9477a89550c9f48f4b35,1,0,1,1,linux,BIC
9fea3a40f6b07de977a2783270c8c3bc82544d45,0,3,3,1,linux,BFC
1638045c36772b47a0765f7dca07cb90267e4942,1,2,14,1,linux,BIC
ded716267196862809e5926072adc962a611a1e3,0,0,2,1,linux,BIC
801b4c027b44a185292007d3cf7513999d644723,39,0,0,1,linux,BFC
23ccee22e834eca236b9a20989caf6905bd6954a,5,0,3,1,linux,BFC
4561ffca88c546f96367f94b8f1e4715a9c62314,0,0,2,1,linux,BFC
7d757f18554070e917f61e7caedf395f940cf853,64,53,22,1,linux,BIC
e3008bf46ce0baf617cfd1b68d35e433dc603e43,0,12,0,1,linux,BFC
0121327c1a68bc8c80f240c2794e682722b69051,17,0,8,2,linux,BIC
a3464ed2f14d19ba923930f7c0c284499d64eb5b,127,0,0,1,linux,BIC
bc3686021122de953858a5be4cbf6e3f1d821e79,2,0,0,1,linux,BFC
33be627159913b094bb578e83e9a7fdc66c10208,26,24,75,13,linux,BIC
1c8a38b1268aebc1a903b21b11575077e02d2cf7,1,0,3,1,linux,BFC
92c6058024e87087cf1b99b0389d67c0a886360e,3,0,3,1,linux,BFC
e85087beedcae97e81e5d361d7d9337aa0db6f4c,553,0,0,1,linux,BIC
4d217a5adccf5e806790c37c61cc374a08bd7381,0,0,1,1,linux,BFC
1f7b4048b31b2b1aba9d297d34055dac17485823,36,1,3,1,linux,BIC
3b836da4081fa585cf6c392f62557496f2cb0efe,12,0,0,1,linux,BFC
fab273595507a9ec7035df6d5512a955d80a80ba,6,0,1,1,linux,BFC
9fdf6d97f03035ad5298e2d1635036c74c2090ed,8,0,1,1,linux,BFC
14e2dee0996f51e0ff0d868497c7e1b90f012665,0,0,1,1,linux,BFC
5110e65536f35e854f5d520b913505dbdbe22787,207,17,91,4,linux,BIC
ab335349b85229f58c6d65f058a8c98d2612b920,162,0,0,2,linux,BIC
1d972d6021a1388021df51a58248e68372ce2b5d,1,0,0,1,linux,BFC
c6aab66a728b6518772c74bd9dff66e1a1c652fd,0,1,1,1,linux,BFC
b8b2de91e9dbb89bf4c34a860b04e53a1b1416bf,0,0,2,1,linux,BFC
ecbcdf0c81265f7f780b588eed77fa933fd79f68,0,0,4,1,linux,BFC
07173c3ec276cbb18dc0e0687d37d310e98a1480,8,0,12,4,linux,BIC
b491da7233d5dc1a24d46ca1ad0209900329c5d0,49,86,13,1,linux,BIC
b0ead6d75a5b335287337e602e6b815e1115481c,0,0,1,1,linux,BFC
5d9814df0aec56a638bbf20795abb4cfaf3cd331,21,0,18,1,linux,BIC
ebd267b2e3c25d5f93a08528b47c036569eb8744,3,0,0,1,linux,BFC
b2dbf8d982a4f02a00261a5f8f75d2f0bf765de4,2,13,5,2,linux,BIC
60fc75bdf5b1b8ed3e0a372b7b35f27726ff542b,0,0,1,1,linux,BFC
850d8fd765079d223d47de89f1f03ab95d1036cb,48,0,10,3,linux,BFC
6783e8b29f636383af293a55336f036bc7ad5619,2,0,0,1,linux,BIC
51afe9026d0c63263abe9840e629f118d7405b36,132,0,30,2,linux,BFC
b7ef4a6dd35d1b47db72fbd1a31c8fd0da7a74f3,2,0,0,1,linux,BFC
281dbe5db81c6137def9757e07a7aea14b1ed86e,5,0,1,2,linux,BFC
aa724fe18a8a8285d0071c3bfc932efb090d142d,35,0,10,6,linux,BIC
c7bcb13442e1bd8a4cc41c74540dd2e2f7058d16,1075,29,23,10,linux,BIC
6dbf02acef69b0742c238574583b3068afbd227c,1,0,3,1,linux,BFC
4e5385784e69e448efca0998aa188404d5e8d313,6,10,44,1,linux,BIC
48d07c04b4cc1dc1221965312f58fd84926212fe,117,111,23,3,linux,BIC
de166bbe861738c8bc3e5dad5b03f45d7d6ef914,2,0,1,1,linux,BFC
d208b89401e073de986dc891037c5a668f5d5d95,4,1,6,1,linux,BIC
e172037be757dc7ab6ee67932c6663a2ff8cfd27,0,0,2,1,linux,BFC
73dcb556538a4192222c3a919a51e1701bae553b,1,0,0,1,linux,BFC
5fff701c838e0e9afeac942d2fe20879d2b260aa,2,9,8,4,linux,BIC
a59b026419f33040d7d28b8e3b1cea681b9ce7a7,35,21,7,2,linux,BIC
d391f1207067268261add0485f0f34503539c5b0,15,0,2,2,linux,BIC
07718be265680dcf496347d475ce1a5442f55ad7,2,0,0,1,linux,BFC
a0cb909644c36230a3c48904d14b91732de79fc0,0,0,1,1,linux,BFC
ef0f8f1129844cab9b0fb14aab0d7d7598d81103,7,21,35,1,linux,BIC
ff30e9e8509cb877dc7cbc776b36c70f5bdd290f,1,0,1,1,linux,BFC
eddf309a8ed42eb3312b17a6934686b018189cd3,0,5,7,1,linux,BFC
5041e791440a53930f06ce22deeb17a72e343ad0,94,0,0,1,linux,BIC
c1985cefd844e26bd19673a6df8d8f0b1918c2db,2,0,0,1,linux,BIC
f6a2e94b3f9d89cb40771ff746b16b5687650cbb,0,0,2,1,linux,BFC
a377c6b1876e7ac847a124998e828baf9d8c89c2,65,0,0,1,linux,BIC
2d68bb2687abb747558b933e80845ff31570a49c,0,0,1,1,linux,BFC
9df70b66418e284dc1e7f272ac445c1d1e990b97,1,9,1,1,linux,BIC
ad0f1d9d65938aec72a698116cd73a980916895e,2,1,6,1,linux,BFC
80b5b35aba62232521b31440f0a3cf6caa033849,7,0,0,1,linux,BFC
1bfa26ff8c4b7512f4e4efa6df211239223033d4,2,1,5,1,linux,BFC
d9b9ff8c18891d74dc7076800bde81b774f7d032,2,0,0,1,linux,BIC
2c33d775ef4c25c0e1e1cc0fd5496d02f76bfa20,0,0,2,1,linux,BFC
f1d2736c815629f3b43d8eebf73a81b581438e65,38,0,2,3,linux,BIC
2308ee57d93d896618dd65c996429c9d3e469fe0,9,0,4,4,linux,BIC
398e712c007fbd0bf996d25eb6b39d8314c50db4,2,0,0,1,linux,BIC
c9a406b42f5cce0695ee33b2ae1751fdb36911ee,2,0,0,1,linux,BFC
6ac7e4d7ad70640310feedc2e5f1cb712685cb05,868,0,0,3,linux,BIC
350a63249d270b1f5bd05c7e2a24cd8de0f9db20,3,2,0,1,linux,BFC
004b3938e6374f39d43cc32bd4953f2fe8b8905b,8,3,0,1,linux,BIC
89b8bd2082bbbccbd95b849b34ff8b6ab3056bf7,0,0,19,1,linux,BIC
758380b8155f69b4e2f77f27562f8a7a466749d6,2,0,0,1,linux,BFC
5af82fa66a7ee8dfc29fadb487a02e2ef14ea965,5,0,0,1,linux,BFC
2d5b569b665ea6d0b15c52529ff06300de81a7ce,20,0,7,2,linux,BFC
0188d5c025ca8fe756ba3193bd7d150139af5a88,7,16,10,3,linux,BFC
88c6f8a3977cc35997b47e2f99f080a15559c1eb,0,0,1,1,linux,BFC
f664a52695429b68afb4e130a0f69cd5fd1fec86,0,161,2,16,linux,BIC
3d785d73b4c1014839d9f9af0ee526f8d5706a73,1,0,0,1,linux,BFC
9424e2e7ad93ffffa88f882c9bc5023570904b55,1,0,2,1,linux,BFC
1917d42d14b744e7298872138dd281376a83a3fe,2,0,14,5,linux,BIC
81be03e026dc0c16dc1c64e088b2a53b73caa895,36,26,17,2,linux,BIC
2ed147f015af2b48f41c6f0b6746aa9ea85c19f3,1,0,2,2,linux,BFC
2d93913e22013cb941fa7e1cf3d5e6649bc2bfad,0,0,1,1,linux,BFC
346da4d2c7ea39de65487b249aaa4733317a40ec,0,0,2,1,linux,BFC
6f87359e8bcaf88381b9c9c038929e0e6872d308,0,0,255,1,linux,BIC
39be8d0115b321ed2b28e43dca12c13ae7595f73,5,0,6,4,linux,BIC
3f364222d032eea6b245780e845ad213dab28cdd,172,36,2,3,linux,BIC
d66022cd1623edfd7b43e13c9e973403a811af02,3,0,0,1,linux,BFC
304db6cb7610eb9104e1f911b235d87dc4802558,0,6,8,1,linux,BFC
728a9dc61f132eb567f58c234e11ef80a3519cc0,8,0,4,1,linux,BIC
f9259be6a9e7c22d92e5a5000913147ae17e8321,43,0,0,1,linux,BIC
8c27bd75f04fb9cb70c69c3cfe24f4e6d8e15906,19,22,16,3,linux,BIC
819fd4bfcc84805c48291de511c917596e911ffa,87,0,0,1,linux,BIC
1b52c40919e60cbc65af6b15ed5cdda0b3775f54,113,0,38,3,linux,BIC
41ccdbfd5427bbbf3ed58b16750113b38fad1780,0,0,1,1,linux,BFC
6191cbde5ff02ef5307e7b2e4f5b8f7607c2b1df,103,0,6,1,linux,BIC
f3ee6e63a9df460963bc51a40891cd9b067404f3,131,99,4,3,linux,BIC
651f5fa2a3959ff5db60c09a84efd66309fe4035,228,29,34,1,linux,BIC
b12fdf7da28ff9709a72814e141646e20d97ed21,11,6,43,1,linux,BIC
2e02d8723edf6599988852a8ade8f83b2f766cb8,41,5,5,1,linux,BIC
d1bc532e99becf104635ed4da6fefa306f452321,8,14,16,8,linux,BIC
7617a24f83b5d67f4dab1844956be1cebc44aec8,0,0,1,1,linux,BFC
ad4f95764040077f16ebf24559d5a06f8fb133bc,94,0,21,1,linux,BIC
79b69a83705e621b258ac6d8ae6d3bfdb4b930aa,0,0,1,1,linux,BFC
ca8dc694045e9aa248e9916e0f614deb0494cb3d,2,0,1,1,linux,BFC
2d66f997f0545c8f7fc5cf0b49af1decb35170e7,0,0,1,1,linux,BFC
a8b6e85db6a65132ebc85e38b6391669b37b36f8,14,14,8,1,linux,BIC
db53cd3d88dc328dea2e968c9c8d3b4294a8a674,8,0,9,4,linux,BFC
6dcb85a0ad990455ae7c596e3fc966ad9c1ba9c5,13,0,29,5,linux,BFC
092398dce8c2406bfb0c9eebc3e764ff2ddb62a8,0,0,1,1,linux,BFC
9701975e851082d179faaab9c6306a7800d86c0f,2,0,5,1,linux,BFC
a9d9f6b83f1bb05da849b3540e6d1f70ef1c2343,6,1,2,1,linux,BFC
5b52a4c3acf5f4b4854d1c3ddc8be8770330a79c,0,3,0,1,linux,BFC
15f7d7fc5542f6cb429a069dd77b57ddccbe11e3,85,0,20,1,linux,BIC
7b067ac63a5730d2fae18399fed7e45f23d36912,21,0,0,1,linux,BFC
afa0c5904ba16d59b0454f7ee4c807dae350f432,1,4,5,1,linux,BFC
459ad085d87b2468905fee231a77d961b5088e48,0,0,1,1,linux,BFC
f13d5f3619599d257b4bcb941245085f5d118af8,105,296,86,7,linux,BIC
636b21b50152d4e203223ee337aca1cb3c1bfe53,5,0,0,2,linux,BIC
c9711ec5250b22fd94e9b34c17c095e001a90e66,127,106,26,4,linux,BIC
89bbcaac3dff21f3567956b3416f5ec8b45f5555,9,0,2,1,linux,BFC
4342306f0f0d5ff4315a204d315c1b51b914fca5,7178,0,0,6,linux,BIC
d28fb1ffbaf4c3daffe10bf53f863dcb8845a3c1,0,0,2,2,linux,BFC
c3de6317d748e23b9e46ba36e10483728d00d144,1,0,1,1,linux,BFC
f63601fd616ab370774fa00ea10bcaaa9e48e84c,2022,0,0,4,linux,BIC
b0b49f2673f011cad7deeabf7a683b388c351278,3,208,19,4,linux,BIC
e4e9f6dfeedc86afef2c3fa4102d274862fe2cf9,8,0,0,1,linux,BFC
bcef5b7215681250c4bf8961dfe15e9e4fef97d0,9,0,6,1,linux,BFC
e5e1a4bc916d29958c3b587354293738fcb984d7,4,0,4,3,linux,BIC
7e4960b3d66d7248b23de3251118147812b42da2,1,0,0,1,linux,BFC
ec650b23ecda1e354a9a2961833222552e629ba8,0,1,0,1,linux,BFC
3edcf18ec2a8665fec060a05535fca6be16a61de,0,0,2,2,linux,BFC
be40a86c319706f90caca144343c64743c32b953,4,0,4,1,linux,BFC
d12e1c4649883e8ca5e8ff341e1948b3b6313259,2,1,0,1,linux,BIC
8e6152bc660e69f526c6bf163ff0ebfdab90f6cf,837,0,0,1,linux,BIC
d9fb932fde217b15eab2111605b05a05b47ea593,0,0,1,1,linux,BFC
ccfdbaa5cf4601b9b71601893029dcc9245c002b,7,4,3,3,linux,BFC
b61fde1beb6b1847f1743e75f4d9839acebad76a,0,6,2,1,linux,BFC
ddd70cf93d784af3698c86315aa0ded87ca0a0c5,51,0,0,1,linux,BIC
3d56402d3fa8d10749eeb36293dd1992bd5ad0c3,1,0,0,1,linux,BFC
c5fc8d2a92461fcabd00dfd678204cba36b93119,150,0,1,3,linux,BIC
2eabc84d2f8e4f36d3719eeb6a330e10c46c8da7,2,0,1,2,linux,BIC
c0678b2d6648ab65b68703044709e367799ba9f9,0,2,0,1,linux,BFC
f3e124c36f70d5ffcdd4e8bdbe7bb28a98a715c0,8,0,1,1,linux,BFC
001c179c4e26d04db8c9f5e3fef9558b58356be6,2,1,7,1,linux,BFC
662f9a105b4322b8559d448f86110e6ec24b8738,1,0,0,1,linux,BFC
3089c1df10e2931b1d72d2ffa7d86431084c86b3,12,0,0,1,linux,BFC
9a434cee773ae15309ac225f27551b5492618e4a,162,111,13,4,linux,BIC
46e4b9ec4fa481b33b4bc5eafbc479750b69207c,0,20,16,1,linux,BIC
94c821fb286b545d37549ff30a0c341e066f0d6c,67,31,28,3,linux,BIC
90e7e7f5ef3f712da992d505aee2d921797c3f96,27,0,3,1,linux,BIC
2da1ed62d55c6cbebbdee924f6af4e87bb6666e5,3,0,0,1,linux,BIC
63b08b1f6834bbb0b4f7783bf63b80c8c8e9a047,0,0,1,1,linux,BFC
100d6de2ced538c539d923dc14a1b5cbae234503,19,0,14,2,linux,BFC
0020a190cf3eac16995143db41b21b82bacdcbe3,73,11,18,8,linux,BIC
a067d94d37ed590fd17684d18c3edf52110d305a,0,4,3,1,linux,BFC
996f4e89fabe44ab9ac0aabb0697aeecbe717eca,0,0,1,1,linux,BFC
6e4320d8ecbc8711209b3075f2d896667006fa37,8,0,0,1,linux,BFC
f1601113ddc0339a745e702f4fb1ca37d4875e65,0,0,1,1,linux,BFC
db8466c581cca1a08b505f1319c3ecd246f16fa8,37,1,17,3,linux,BIC
1b16b3fdf675cca15a537572bac50cc5354368fc,1,0,0,1,linux,BFC
b4b830a34d8046633231b7fe87f6f2cb6240dc9f,44,0,19,1,linux,BIC
60767abcea3dd1d47a4bd38398e1e8c1864975eb,2,0,0,1,linux,BIC
40e952f9d687928b32db20226f085ae660a7237c,5,0,3,1,linux,BFC
045a0fa0c5f5ea0f16c009f924ea579634afbba8,5,9,1,3,linux,BFC
0f2211f1cf58876f00d2fd8839e0fdadf0786894,5,0,6,1,linux,BFC
26b3a37b928457ba2cd98eaf6d7b0feca5a30fa6,488,0,0,2,linux,BIC
38d8b4e6bdc872f07a3149309ab01719c96f3894,260,64,100,10,linux,BIC
48c6615cc557593e4190415a6945b7aca7c8db31,33,21,23,8,linux,BIC
9375646b4cf03aee81bc6c305aa18cc80b682796,0,0,1,1,linux,BFC
1b49cd71b52403822731dc9f283185d1da355f97,1,0,0,1,linux,BFC
d47c4c454ab023feae8c5be56bb14927d064bac0,0,0,1,1,linux,BFC
6d45374af539c84d17cfcf5a4e96bc4b2ca421e6,35,0,4,1,linux,BIC
0395f869f685c256822c5041750e6e130a16ec1b,0,2,0,1,linux,BFC
67f4b5dc49913abcdb5cc736e73674e2f352f81d,6,5,6,4,linux,BFC
8cc7669355136f8952779e6f60053c1284d59c4d,170,0,67,6,linux,BIC
d09c38726c78effaf910a1e3f31e247b5b031d56,4,0,0,1,linux,BFC
b26ebfe12f34f372cf041c6f801fa49c3fb382c5,2,0,0,1,linux,BFC
1b391c7f2e863985668d705f525af3ceb55bc800,4,0,2,1,linux,BFC
dbec64b11c65d74f31427e2b9d5746fbf17bf840,0,0,1,1,linux,BFC
c4b7d1ba7d263b74bb72e9325262a67139605cde,0,0,1,1,linux,BFC
053cfda102306a3394012f9fe2594811c34925e4,2,0,1,1,linux,BFC
079096f103faca2dd87342cca6f23d4b34da8871,107,448,53,15,linux,BIC
8d2451f4994fa60a57617282bab91b98266a00b1,28,9,89,3,linux,BIC
7bf21bc81f28cefa61250cfd9de2c884bbe1f3db,445,164,7,5,linux,BIC
af8d102f999a41c0189bd2cce488bac2ee88c29b,20,0,8,1,linux,BIC
877add28178a7fa3c68f29c450d050a8e6513f08,7,2,21,1,linux,BFC
5aff4dfdb4ae2741cfff759d917f597f2c7f70aa,5,0,2,2,linux,BFC
d0b7788804482b2689946cd8d910ac3e03126c8d,0,31,6,1,linux,BFC
39146b6f66ba5c107d5c5758a17f290846165b4d,0,19,2,1,linux,BIC
18e21eb671dc87a4f0546ba505a89ea93598a634,0,0,1,1,linux,BFC
f348e2241fb73515d65b5d77dd9c174128a7fbf2,0,0,1,1,linux,BFC
e85ff9c631e1bf109ce8428848dfc8e8b0041f48,1,0,0,1,linux,BIC
e6cb5408289f4202f4088731a4ac98c7ffaedb9d,117,0,9,1,linux,BIC
f0c393e2104e48c8a881719a8bd37996f71b0aee,5,0,17,1,linux,BFC
8235f4b5aeba868739f6e12a51ad92689e3f78ef,2,0,0,1,linux,BFC
c30b70deb5f4861f590031c33fd3ec6cc63f1df1,219,0,6,5,linux,BIC
33d5a7b14bfd02e60af9d223db8dfff0cbcabe6b,379,0,18,7,linux,BIC
361a3bf00582469877f8d18ff20f1efa6b781274,162,13,1,2,linux,BIC
b9f1f1ce866c28e3d9b86202441b220244754a69,0,3,3,1,linux,BFC
1e25a271c8ac1c9faebf4eb3fa609189e4e7b1b6,25,91,35,2,linux,BIC
283f1e383e91d96fe652fad549537ae15cf31d60,1,0,0,1,linux,BFC
7e9fa3c9d3e3d4f5f13f66383666cd0f32ef3b81,0,2,0,1,linux,BFC
21ca6d2c52f8ca8638129c1dfc489d0b0ae68532,45,0,4,1,linux,BIC
acca72e2b031b9fbb4184511072bd246a0abcebc,1,3,11,2,linux,BIC
7b7c1763725bfdb195763c3017a21ce785251d44,0,1,0,1,linux,BFC
e3d331c9b6205d21ace0f5285d21a5ba553c1068,0,0,1,1,linux,BFC
0dda09666f50eae9c5b794dd89b1fd8a8d89d714,0,5,0,1,linux,BFC
7c926492d38a3feef4b4b29c91b7c03eb1b8b546,91,0,0,2,linux,BIC
0c6bc6e531a6db36f49622f1f115770160f7afb0,1,0,1,1,linux,BFC
a90ec84837325df4b9a6798c2cc0df202b5680bd,234,0,0,4,linux,BIC
f1a880a93baaadb14c10a348fd199f1cdb6bcccd,14,0,1,2,linux,BFC
50450603ec9cb808d39b1461fe67a81d82b37129,294,33,2,1,linux,BIC
8b90d897823b28a51811931f3bdc79f8df79407e,1,0,1,1,linux,BFC
015632bb30daaaee64e1bcac07570860e0bf3092,134,0,2,2,linux,BIC
46c6975a1fd9794ed979565235d24b2f5004e014,0,1,0,1,linux,BFC
33fe9c639c13de03ce04a1dc2c904d66d1cd02eb,52,14,4,4,linux,BIC
0560c9c552c1815e7b480bc11fd785fefc82bb27,6,0,4,1,linux,BFC
8741e18419bf4b9e3b02c0ed01ea13f1aa497fa7,0,0,1,1,linux,BFC
290974d434783624c13a9530a23c45f9c5ffe018,16,0,6,1,linux,BFC
83dd693f36509c2f2b6df8dca28b6dadc346f41f,0,0,1,1,linux,BFC
927b6b2d69b4cc900fa50d7e46d8f1fa91c91b3a,0,0,1,1,linux,BFC
1b36c03e356936d62abbe2accaae1573d3b66f14,803,2,0,3,linux,BIC
4349a83a3190c1d4414371161b0f4a4c3ccd3f9d,2,0,0,1,linux,BFC
e875ecea266a543e643b19e44cf472f1412708f9,27,4,9,2,linux,BIC
657ed8a8a61b15eba70f7c4e2b61f643cf1ba91f,14,26,1,1,linux,BFC
f8d92a66e810acbef6ddbc0bd0cbd9b117ce8acd,0,0,3,1,linux,BFC
182ddd16194cd082f25fa1b063dae3c7c5cce384,1,0,0,1,linux,BFC
63f3655f950186752236bb88a22f8252c11ce394,22,0,0,1,linux,BFC
a10f554fa7e09ad236cfa0bdabaf6549c0b073a4,531,0,0,1,linux,BIC
cdf3464e6c6bd764277cbbe992cd12da735b92fb,84,9,39,3,linux,BIC
9500507c61381ceda4edbefa7361a4d26f54eb17,118,66,6,4,linux,BIC
bc8d7dffacb15bef89e21227c42e23d3ffc77b7b,104,4,3,1,linux,BIC
661ccf2b3f1360be50242726f7c26ced6a9e7d52,10,0,0,1,linux,BFC
80d19669ecd34423e85ca04f2210b0e42a47cb16,164,0,80,4,linux,BIC
3226b158e67cfaa677fd180152bfb28989cb2fac,5,0,2,1,linux,BIC
4d82fa67dd6b0e2635ae9dad44fbf3d747eca9ed,0,0,1,1,linux,BFC
f2764bd4f6a8dffaec3e220728385d9756b3c2cb,1,1,1,1,linux,BFC
d4136d60751a5f45f47f1c3a77f6e8bafa11be1f,1,0,0,1,linux,BFC
124cde98f856b6206b804acbdec3b7c80f8c3427,1,0,0,1,linux,BFC
d39b68e5a736afa67d2e9cfb158efdd237d99dbd,4,0,1,1,linux,BFC
a7d5c7ce41ac1e2537d78ddb57ef0ac4f737aa19,17,2,1,1,linux,BIC
dbe8a9dfd7eafe2832f80e6e29e5b1575576c987,3,0,0,1,linux,BFC
79361b2b98b7b64bcf71e0aa4e4dac497bcb94bc,421,83,5,3,linux,BIC
acbda523884dcf45613bf6818d8ead5180df35c2,28,0,0,1,linux,BFC
63569d90863ff26c8b10c8971d1271c17a45224b,0,0,1,1,linux,BFC
4bd46aa0353e022c2401a258e93b107880a66533,53,0,2,2,linux,BFC
00c5f80c2fad5368cd5bfa6c9d90e75a9041ac16,149,0,0,3,linux,BIC
f5a2b219a7897751f9bb1c8d7308933e33000f2f,10,2,0,1,linux,BFC
40efb09a7f53125719e49864da008495e39aaa1e,2,0,1,1,linux,BFC
ebd09f1cd417fce9c85de3abcabf51eadf907a2a,84,0,23,2,linux,BIC
ef5aa934cf031ef9525b29e35c5d381698d55ca5,0,0,1,1,linux,BFC
5db4d286a8ef88a04247a005df9cdd4bce3c7673,179,0,0,1,linux,BIC
a3c5e2cd79753121f49a8662c1e0a60ddb5486ca,0,0,1,1,linux,BFC
33b054b867b84015173a38d9cd9ff513b6498818,0,15,0,2,linux,BIC
7ebc14d507b4b55105da8d1a1eda323381529cc7,3,0,1,1,linux,BFC
6a8c6748b94b0968a2f72d4bd2231eae703c0b13,5,0,2,1,linux,BFC
bce91f8a4247905b8c40a53f72c14db908cd0710,0,6,1,1,linux,BFC
04f3f5bf1883fbe0acba5c1fc698cf5cedebc5c5,201,0,1,4,linux,BIC
8c3ed7aa2b9ef666195b789e9b02e28383243fa8,36,0,21,7,linux,BIC
fd316941cfee1fbd12746afea83720fb7823888a,5,0,0,1,linux,BIC
7a29a869434e8b7a71972227f0920e2f8ea777bd,923,0,0,5,linux,BIC
1b622bd59e9fc4375febf8697684746211eaeb4a,0,2,0,1,linux,BFC
bd726c90b6b8ce87602208701b208a208e6d5600,3,0,5,1,linux,BIC
5806165a6663544ea41bc3216f5c5effbde4799e,82,66,2,1,linux,BIC
36104cb9012a82e73c32a3b709257766b16bcd1d,4,4,0,1,linux,BIC
b4443423278263d229dbeee12d09e657b78d64ab,3,0,1,1,linux,BFC
4e7b5671c6a883d94b5428e1a9c141bbd56cb2a6,30,161,91,18,linux,BIC
95dd77580ccd66a0da96e6d4696945b8cea39431,4,0,2,3,linux,BFC
76827087bb3f82f3cc18871633e06a4df36a5ed9,11,0,6,1,linux,BFC
3460cac1ca76215a60acb086ebe97b3e50731628,41,0,5,1,linux,BIC
a663bd19114d79f0902e2490fc484e5a7419cdc2,0,0,1,1,linux,BFC
6494a9ad86de921766afe91066f53a794f6c52ea,65,0,12,1,linux,BIC
6fc07dd22fd5c5d74cd6dca974867d5c55e0959f,0,0,5,1,linux,BFC
ef7b93a11904c6ba10604233d318d9e8ec88cddc,512,222,27,6,linux,BIC
5370b0f49078203acf3c064b634a09707167a864,1,0,2,1,linux,BFC
b16503baa8912a5ec5f599914bfdad898588540f,0,0,1,1,linux,BFC
0d37189e80163c653771916afe28fae1a8d14daa,3,0,1,1,linux,BFC
fe3ef05c7572d68721c1ddd4d36009611f565ba2,279,0,0,1,linux,BIC
faa37a9318899752d85761d47e79a42f3a0aa1b9,0,0,2,1,linux,BFC
9b3e0f4d4147c9718756f420875dd667dd07e050,48,12,15,5,linux,BIC
2809fc13163f4946d7cde092807bea44bbae4478,0,0,2,1,linux,BFC
c842749ea1d32513f9e603c074d60d7aa07cb2ef,0,0,1,1,linux,BFC
e09f2ab8eecc6dcbd7013a1303cbe56b00dc9fb0,4,0,0,1,linux,BIC
ca30707dee2bc8bc81cfd8b4277fe90f7ca6df1f,303,0,2,2,linux,BIC
156c55325d30261d250e88ed3a39f22008f4ca16,3,0,1,1,linux,BIC
b3e118224c011b885ef8331bd5b341f15b3bd69a,4,0,2,1,linux,BFC
7fe311302f7d52601cd799ad508a6f92cb3d748d,0,0,3,1,linux,BFC
069b3c4214f27b130d0642f32438560db30f452e,0,0,2,1,linux,BFC
d1174416747d790d750742d0514915deeed93acf,73,0,19,2,linux,BIC
9bce02ef0dfa4d3816756a85c9f25dd63592d65f,9,0,2,1,linux,BFC
781f675e2d7ec120e8c0803f88d7bf00fe3f0703,93,0,24,3,linux,BIC
49b452c382da2c2d1ccee1265cbb92da905c82f7,0,0,1,1,linux,BFC
83fccfc3940c4a2db90fd7e7079f5b465cd8c6af,0,0,1,1,linux,BFC
6926e041a8920c8ec27e4e155efa760aa01551fd,9,0,0,2,linux,BIC
16c83fad79ca912b8b5bbdcb5272794a2be41262,0,4,9,1,linux,BFC
e8b8ae7ce32e17a5c29f0289e9e2a39c7dcaa1b8,0,2,0,1,linux,BFC
c70087e8f16f1dfe703d223aadd95ede1cde8e30,41,0,0,2,linux,BIC
49897c529f85504139a6e54417a65f26a07492d2,1,14,2,4,linux,BFC
f4896248e9025ff744b4147e6758274a1cb8cbae,7,4,3,2,linux,BFC
0b198b0d80ea091f2a917536a097adefb2eaa52f,29,3,35,5,linux,BIC
21de12ee5568fd1aec47890c72967abf791ac80a,0,0,6,1,linux,BFC
fce8dc5e50e44d8f644e0f7854e6d7d518fedb68,4,0,1,1,linux,BFC
379a33786d489ab81885ff0b3935cfeb36137fea,5,0,1,1,linux,BFC
c12bc4885f4b3bab0ed779c69d5d7e3223fa5003,0,0,1,1,linux,BIC
40a8e87bb32855b39839d35b5b5b125494b3a604,7,0,0,1,linux,BIC
57f0ff059e3daa4e70a811cb1d31a49968262d20,1,0,0,1,linux,BFC
95a22d2084d72ea067d8323cc85677dba5d97cae,9,0,1,1,linux,BFC
0d3b6a8d213a30387b5104b2fb25376d18636f23,6,0,0,1,linux,BIC
d1f08d82176246c6d8a2f1dc26be3638ed4a6083,0,0,2,1,linux,BFC
9991bb84b27a2594187898f261866cfc50255454,0,0,1,1,linux,BFC
6d647b736a6b1cbf2f8deab0e6a94c34a6ea9d60,0,1,0,1,linux,BFC
38438f7c7e8cdbb0e9f55aae0e43da67c460639f,0,0,3,1,linux,BIC
44ed167da74825bfb7950d45a4f83bce3e84921c,220,35,177,8,linux,BIC
8b017fbe0bbb98dd71fb4850f6b9cc0e136a26b8,0,0,1,1,linux,BFC
177e38a48168f9e70faaec34df053d2f8134ede6,2,0,0,1,linux,BFC
cf7b61073e4526caa247616f6fbb174cbd2a5366,810,0,0,1,linux,BIC
c130b666a9a711f985a0a44b58699ebe14bb7245,0,2,5,1,linux,BFC
43042b90cae11cc2d9827c91df6d6b5fe498d5ce,23,18,21,2,linux,BIC
19d8d6e36b4b7aa2a9a9cb64687572a1d9f234bf,198,0,0,3,linux,BIC
d252f4a10fb9c8f7187c6c936ff530039f8cb799,63,0,5,1,linux,BFC
2b7bcdad3af9fbd104d5f300dbb90f684c36aa09,0,0,1,1,linux,BFC
838b6fd2d9ca29998869e4d1ecf4566efe807666,1024,9,9,9,linux,BIC
11fb998986a72aa7e997d96d63d52582a01228c5,48,55,107,24,linux,BIC
ebcb8f8508c5edf428f52525cec74d28edea7bcb,0,0,1,1,linux,BFC
3cd83bac481dc4fde8bedf09c8aecb3652e7e547,146,161,53,7,linux,BIC
2f857d04601a1bb56958b95a9f180bce0e91e5e6,81,23,84,2,linux,BIC
298a32b132087550d3fa80641ca58323c5dfd4d9,18,5,0,2,linux,BIC
e8c423fb31fa8b1ef6d7cd14a168de33e7c0d702,1,0,1,1,linux,BIC
3874d73e06c9b9dc15de0b7382fc223986d75571,0,0,1,1,linux,BFC
966b753cf3969553ca50bacd2b8c4ddade5ecc9e,0,3,0,2,linux,BFC
8449d150e66c43fd9bfd77691a56327dfdccedd7,0,0,1,1,linux,BFC
c93ccd63b18c8d108c57b2bb0e5f3b058b9d2029,4,0,3,1,linux,BFC
4ca0d9ac3fd8f9f90b72a15d8da2aca3ffb58418,15,0,3,1,linux,BFC
71be4b16d39ac8b25a8a04eda66cb65581e1a03c,19,0,16,3,linux,BIC
5974ea7ce0f9a5987fc8cf5e08ad6e3e70bb542e,26,0,8,4,linux,BIC
075167363f8b53ade702cd83f5818eb47119b659,25,0,0,1,linux,BIC
1520c72596dde7f22b8bd6bed3ef7df2b8b7ef39,0,0,11,3,linux,BFC
d877d7275be34ad70ce92bcbb4bb36cec77ed004,54,26,15,1,linux,BIC
f8ac1c478424a9a14669b8cef7389b1e14e5229d,0,0,1,1,linux,BFC
eb3f05179a27b98f99e590bf2164582113f23f7e,0,0,2,1,linux,BFC
4f5ee75ea1718a09149460b3df993f389a67b56a,0,7,6,1,linux,BFC
505ce4154ac86c250aa4a84a536dd9fc56479bb5,4,0,0,1,linux,BFC
1e57ffb6e3fd9583268c6462c4e3853575b21701,0,0,1,1,linux,BFC
0efd4374f6b41650863947a7528d45e8ad0f7ae0,404,0,0,2,linux,BIC
5d6d106fa45501ea6494a8653adbf2bee4a6f803,157,0,0,3,linux,BIC
685fe7feedb96771683437107ba72131410e2350,87,126,33,3,linux,BIC
0b8f1e2e26bfc6b9abe3f0f3faba2cb0eecb9fb9,13,0,5,1,linux,BFC
070204a34884110ac5e19c1e2e036fcfd033f8e3,0,4,0,1,linux,BFC
39b360102f3ac6b12cafac9db25762071eb0418c,10,0,0,1,linux,BIC
f80e21489590c00f46226d5802d900e6f66e5633,14,14,6,1,linux,BFC
c0c46ca461f136a0ae1ed69da6c874e850aeeb53,6,0,4,2,linux,BIC
2089a76ade9005a06c5e08e8454f45f3625fdc1c,28,10,0,2,linux,BIC
2af5268180410b874fc06be91a1b2fbb22b1be0c,0,4,0,1,linux,BFC
a466ef76b815b86748d9870ef2a430af7b39c710,9,2,0,2,linux,BFC
2488708f5c13e7bcb884dbb31b767e314ea80016,91,61,2,4,linux,BFC
d4b09acf924b84bae77cad090a9d108e70b43643,7,0,10,5,linux,BFC
98f2082c3ac4042189723c120553310700b583bb,22,7,16,1,linux,BIC
fcfb126defda3cee3f1d9460dbe9a2ccac4fbd21,43,13,0,3,linux,BIC
3450121997ce872eb7f1248417225827ea249710,5,0,0,1,linux,BIC
ecd5f9959d2c9540482977ff1208ea67fbfb8cc9,0,1,0,1,linux,BFC
20244b2a8a8728c63233d33146e007dcacbcc5c4,2,0,1,2,linux,BFC
af467fad78f03a42de8b72190f6a595366b870db,6,0,0,1,linux,BFC
92826e967535db2eb117db227b1191aaf98e4bb3,3,10,7,1,linux,BFC
a948f713842ad5c23f125efc61dee6951893219c,11,6,21,4,linux,BFC
3f93cd3f098e284c851acb89265ebe35b994a5c8,0,2,6,1,linux,BFC
e9864539053ae15c2d6475833f62d7383f9271ce,0,0,1,1,linux,BFC
9d0380df6217e8dd014118fa1c99dda9974f3613,0,0,35,2,linux,BIC
490068deaef0c76e47bf89c457de899b7d3995c7,14,10,0,1,linux,BFC
115d9f95ea7ab780ef315dc356bebba2e07cb731,0,0,1,1,linux,BFC
570d785ba46b947e0ded0c38955c43d1d7867c12,3,4,10,3,linux,BIC
ec67fba92ebf6249b8155613063e403c695696c6,0,9,0,1,linux,BFC
42db0c00e275877eb92480beaa16b33507dc3bda,12,0,4,1,linux,BFC
75619bfa904d0f2840b4274eb92ce47b2e1c472e,1,0,0,1,linux,BIC
e0058f3a874ebb48b25be7ff79bc3b4e59929f90,5,0,21,1,linux,BFC
54e3d9b518c8a2a7a3acb14a5912fafd8ef38f40,387,0,0,1,linux,BIC
a05ef161cdd22faccffe06f21fc8f1e249565385,0,0,1,1,linux,BFC
c756c592e442ba101c91daed3524ba5b3a784ba6,0,4,8,1,linux,BIC
ab02c252c8609c73ff2897c7e961b631e8bd409c,5,0,0,1,linux,BFC
54f586a9153201c6cff55e1f561990c78bd99aa7,32,2,14,2,linux,BIC
4f98cb0408b06c4cbad8018dc7c2b4accd9d3020,0,7,0,1,linux,BFC
5c6fb4b28b165887c42c66731c90eaca818b04c6,0,1,14,1,linux,BFC
39c0a6295e3a270e17022db71c71aa637c3d4695,0,4,0,1,linux,BFC
37a2f8e5522abd8e206a0da1622034382aa6683d,4,0,0,1,linux,BFC
dc9660590d106bb58d145233fffca4efadad3655,0,2,0,1,linux,BFC
38e09e3bb056b90d70308fe1e3db387ef976ce6e,0,9,4,2,linux,BIC
3cb2c996c9dcc18bd0a6d6a9b4b5adb956e234a0,26,0,12,6,linux,BIC
e2a800beaca1f580945773e57d1a0e7cd37b1056,0,0,1,1,linux,BIC
1d38ec4974143827631d44a6a2a4c069fc4c05bd,0,0,1,1,linux,BFC
7ec03e60ef81c19b5d3a46dd070ee966774b860f,2,0,0,1,linux,BFC
1fecfdbb7acc6624655450a609221c89b5197a06,36,7,13,1,linux,BIC
be9d73e64957bbd31ee9a0d11adc0f720974c558,0,0,11,1,linux,BIC
b3cf94c8b6b2f1a2b94825a025db291da2b151fd,2,0,2,1,linux,BFC
cd49b84d61b2dfc0360c76d9e6be49f5116ba1a5,0,2,4,1,linux,BFC
026ace060dfe29275d2188297a62fa37d6c1a02c,120,2,57,4,linux,BIC
3f08842098e842c51e3b97d0dcdebf810b32558e,0,0,3,1,linux,BFC
e21e0243e7b0f1c2a21d21f4d115f7b37175772a,0,22,1,1,linux,BFC
68e6582e8f2dc32fd2458b9926564faa1fb4560e,2,0,0,1,linux,BFC
a9a5b720dc8227243f433141ba1343aa53ef57e4,0,0,1,1,linux,BFC
c5e595e752b3a1c68cca57c3559521237332fbec,15,0,18,1,linux,BFC
5e3427a7bc432ed2e5de394ac30f160cc6c37a1f,13,0,9,1,linux,BIC
f2d1362ff7d266b3d2b1c764d6c2ef4a3b457f23,2,5,7,1,linux,BFC
a2dc3f5e1022a5ede8af9ab89a144f1e69db8636,0,0,1,1,linux,BFC
2830bf6f05fb3e05bc4743274b806c821807a684,12,0,0,1,linux,BIC
e332f741a8dd1ec9a6dc8aa997296ecbfe64323e,90,0,18,2,linux,BIC
011881b80ebe773914b59905bce0f5e0ef93e7ba,3,0,1,1,linux,BFC
09a3dac7b579e57e7ef2d875b9216c845ae8a0e5,0,0,1,1,linux,BFC
6f60f438108c66988c944894e5f673ab5d04fbc1,2,0,1,1,linux,BFC
8085a36db71f54d2592426eb76bdf71b82479140,0,44,0,3,linux,BFC
ef462f3b64e9fb0c8e1cd5d60f5bd7f13ac2156d,85,0,0,1,linux,BIC
48c77bdf729a91fa7f65765d3f60f01e0ac320c5,0,0,1,1,linux,BFC
2ba3e6947aed9bb9575eb1603c0ac6e39185d32a,59,0,26,2,linux,BIC
9c6ffbacdb5740a8560729f18e8e0e33ad21473b,2,0,1,1,linux,BFC
5084bf6b2006fcd46f1e44e3c51b687507b362e2,0,0,1,1,linux,BFC
de0f43c01a4b5d408a5c087c8a92ac1739938f8b,9,0,2,1,linux,BFC
2ea4a7ba9bf6e3bc1af899d1af481eb9b4ae8707,0,0,1,1,linux,BFC
faa0fcf943d2d53992b3c73752df9a0547cb4797,23,0,2,1,linux,BFC
687de7f1010cb819d04b768556960d3689abe02b,16,0,2,3,linux,BIC
f7b76ac9d17e16e44feebb6d2749fec92bfd6dd4,7,0,1,1,linux,BIC
d7235f5feaa0d53e27a369a3198827c921103c24,9,9,4,1,linux,BIC
67af5ebde1a4cd10e7bb663440de0773b7597c70,29,25,1,1,linux,BFC
08a83828825cbf3bc2c9f582a4cd4da9f40c77d6,3,11,1,2,linux,BFC
230d683ae04894933720425c8dead9508a09ebc3,19,0,4,4,linux,BFC
5be865661516263d90317a6b35b588a2d7c3cb55,52,0,0,1,linux,BIC
aa0bff10af1c4b92e6b56e3e1b7f81c660d3ba78,0,0,1,1,linux,BFC
c9cc8d01fb04117928830449388512a5047569c9,0,0,2,1,linux,BFC
b871895b148256f1721bc565d803860242755a0b,30,0,0,1,linux,BFC
c6ff5268293ef98e48a99597e765ffc417e39fa5,0,2,7,1,linux,BFC
a25503617834920e772b9abda608d902dbf26b5c,0,0,3,1,linux,BFC
9bdcaa5e3a2fb0a18d8c7a49bd64a52bce105bd2,45,0,0,1,linux,BIC
260f082bae6dcf70aeae2cc3e24aecb55bdb1c99,184,0,0,5,linux,BIC
6129ed877d409037b79866327102c9dc59a302fe,0,9,9,1,linux,BFC
ef609c238a8ea163cb0af759cc73c9e2555c89da,5,0,3,2,linux,BFC
86a18ee21e5eecf56ca02aec24807ffa87bb57b6,341,0,0,1,linux,BIC
11c7686a9359ffc8f72f09d26895341984791d44,0,0,1,1,linux,BFC
a3eb4e9d4c9218476d05c52dfd2be3d6fdce6b91,5,0,0,1,linux,BFC
5f19c7fc6873351a3d81bbbb98c928343902d8d6,33,0,9,7,linux,BIC
9b45b7bba3d22de52e09df63c50f390a193a3f53,1,4,31,4,linux,BIC
2e8496f31d0be8f43849b2980b069f3a9805d047,0,0,1,1,linux,BFC
d1c5246e08eb64991001d97a3bd119c93edbc79a,2,0,0,1,linux,BFC
90b066b15eda028ed44299f01236f8576dd8551d,18,0,0,2,linux,BIC
8840f5460a23759403f1f2860429dcbcc2f04a65,0,1,1,1,linux,BFC
6112ef62826e91afbae5446d5d47b38e25f47e3f,0,3,0,1,linux,BFC
519a0bf5b20c370fb05ee05ea6c00e1377c13229,29,44,7,4,linux,BFC
a6ed02cac690b635dbb938690e795812ce1e14ca,65,16,36,1,linux,BIC
66e2809dd324f0ab5e1f9d997b40d4d31a2e42b1,6,0,0,1,linux,BFC
99b83ac893b84ed1a62ad6d1f2b6cc32026b9e85,60,0,1,2,linux,BIC
323ebb61e32b478e2432c5a3cbf9e2ca678a9609,49,0,3,3,linux,BIC
ac3e4f42d5ec459f701743debd9c1ad2f2247402,1,0,0,1,linux,BFC
7a30df49f63ad92318ddf1f7498d1129a77dd4bd,14,0,5,1,linux,BFC
d8843922fba49e887874aa1f9e748d620c5092af,32,25,0,4,linux,BIC
512721a14a2a94b48ca0863d48f9829922a816b8,25,35,1,2,linux,BFC
190b02ed79e08983bf62d47c05945c1b06a3d7d5,2,0,1,1,linux,BFC
0b31d703598dc1993867597bbd45e87d824fc427,326,0,0,1,linux,BIC
988a35f8da1dec5a8cd2788054d1e717be61bf25,3,0,1,1,linux,BFC
17ac526824a8b5544bc2545c76f489e49c6593a2,0,4,2,1,linux,BFC
273895109a04521eb6f2e3ab872d7d95a54c2c6b,0,0,4,1,linux,BFC
ef6c8da71eaffe4e251b0ff2a1d0da96f89fe6b0,26,32,23,7,linux,BIC
0c90f649d2f5b9c6c585cab293a4e40172ddaa73,75,108,41,3,linux,BIC
824d4f64c20093275f72fc8101394d75ff6a249e,0,5,0,1,linux,BFC
e864b4c7b184bde36fa6a02bb3190983d2f796f9,0,1,2,1,linux,BFC
cbe7fba8edfc8cb8e621599e376f8ac5c224fa72,57,15,58,4,linux,BIC
6ddc7608258d57d61e16d55461400bb6eff18d72,112,0,0,6,linux,BIC
add218099472805a06bc334852d8e2af5d74e4ac,1,0,2,1,linux,BFC
8e56133e5c7b7a7a97f6a92d92f664d5ecd30745,0,1,1,1,linux,BFC
a7e3b975a0f9296162b72ac6ab7fad9631a07630,101,0,18,4,linux,BIC
c603bf1f94d0ef8ce3ef081112eae13cd744ef17,142,6,2,2,linux,BIC
e02bc29b2cfa7806830d6da8b2322cddd67e8dfe,1,0,2,1,linux,BFC
0fd169576648452725fa2949bf391d10883d3991,3257,0,0,7,linux,BIC
f3240e2811f05f11126b0947ff9bb411b692b2aa,19,0,23,1,linux,BIC
ebbf5fcb94a7f3499747b282420a1c5f7e8d1c6f,0,0,1,1,linux,BFC
ed76e329d74a4b15ac0f5fd3adbd52ec0178a134,14,0,50,15,linux,BIC
c7560d1203b7a1ea0b99a5c575547e95d564b2a8,1,0,0,1,linux,BFC
54daaca7024d5419dad64db8a3e65f6b38f24b7f,21,1,8,2,linux,BIC
49a086c201a9356287471aa5846a427bdcecc4f7,64,27,5,3,linux,BIC
95b861a4a6d94f64d5242605569218160ebacdbe,26,0,1,4,linux,BIC
69a6c269c097d780a2db320ecd47f7a62fafd92e,64,46,16,2,linux,BIC
e59a175faa8df9d674247946f2a5a9c29c835725,9,0,0,1,linux,BFC
debb9df311582c83fe369baa35fa4b92e8a9c58a,5,0,0,1,linux,BFC
4d94e776bd29670f01befa27e12df784fa05fa2e,5,0,14,2,linux,BFC
a21d0822ff693655b4bf412405ecd649636f3d3b,84,1,50,3,linux,BIC
d01332f1acacc0cb43a61f4244dd2b846d4cd585,7,21,9,3,linux,BFC
5abc1e37afa0335c52608d640fd30910b2eeda21,47,27,30,3,linux,BIC
4c0a9b62b3e36bc5b06c1a796e5d4d938d9c556a,0,3,4,1,linux,BFC
e5ce073c8a1e01b215a5eb32ba48f8d17ded3bd5,0,0,1,1,linux,BFC
ee1abcf689353f36d9322231b4320926096bdee0,0,1,1,1,linux,BFC
895f28badce96cd903026b0076966e3571b6968e,41,1,7,1,linux,BIC
ef947b2529f918d9606533eb9c32b187ed6a5ede,5,1,1,1,linux,BFC
86dfb4acb378cb3a4eede3db919604c583beaa7c,3,0,0,1,linux,BFC
e0686dc6f2252e009c455fe99e2ce9d62a60eb47,1,0,0,1,linux,BFC
390227dca870cd0b8b0961da9e293551015c0007,10,0,2,2,linux,BFC
1ceb0b11a8a2363db3bf44f3e0ae4615134733e9,1,0,13,5,linux,BIC
88f52b1fff891e79e7b14743996fdd39692784d7,74,0,20,5,linux,BIC
1e092b7faa6b507125b69c92a51bb22c2d549d37,19,6,6,1,linux,BFC
0041cd5a50442db6e456b145892a0eaf2dff061f,7,0,0,1,linux,BFC
36594b317c656bec8f968db93701d2cb9bc9155c,9,2,1,1,linux,BFC
049fb9bd416077b3622d317a45796be4f2431df3,7,0,0,2,linux,BFC
e70344c05995a190a56bbd1a23dc2218bcc8c924,6,0,7,4,linux,BIC
2cbbb579bcbe3e11baf1c59920dcd5a780b80447,365,0,0,4,linux,BIC
efb55222d31c8c2af8b4ba42bb56b0b0beedf98e,4,4,0,1,linux,BFC
f6f9b278f2059478e9a57ac221995105641c7498,0,0,1,1,linux,BFC
e6047149db702374f240dc18bab665479e25a8cc,19,0,80,14,linux,BIC
e7b5d63a82fea9082eb9570df8cb88d5d0e075c3,10,0,0,1,linux,BIC
e81fbf6cd65247e6c65719eacf2af5856db3d5a9,16,0,3,2,linux,BIC
3ae32c07815a24ae12de2e7838d9d429ba31e5e0,2,0,0,1,linux,BFC
f0f7e5265b3b37b0aea3d7601607e2e46ea6a9c1,4,5,3,6,linux,BIC
f1858c277ba40172005b76a31e6bb931bfc19d9c,3,0,0,1,linux,BFC
22c696fed25c63c7f67508309820358b94a96b6d,7,0,0,2,linux,BFC
bf1a5fd2eccf20b19941b8461ce9c90899054bd5,0,19,4,1,linux,BFC
4f960393a0ee9a39469ceb7c8077ae8db665cc12,3,0,6,1,linux,BFC
edb854a3680bacc9ef9b91ec0c5ff6105886f6f3,49,4,1,1,linux,BIC
816db7663565cd23f74ed3d5c9240522e3fb0dda,0,0,1,1,linux,BFC
6479aa888222b344dfb087303e2f9e8d8394ef13,0,0,1,1,linux,BFC
bd6919228d7e1867ae9e24ab27e3e4a366c87d21,3,0,0,1,linux,BFC
9c516e0e4554e8f26ab73d46cbc789d7d8db664d,0,0,1,1,linux,BFC
cf8e0fedf0784ef4bc1889380b09eda295e3d109,7,29,8,1,linux,BIC
de274be32cb288d96b91494aeaafccc34cf4e00f,2,0,0,1,linux,BIC
dcf7fe9d89763a28e0f43975b422ff141fe79e43,11,0,0,1,linux,BFC
4727dc20e0422211a0e0c72b1ace4ed6096df8a6,0,0,22,22,linux,BIC
82a980f82a511ce74ab57eb9f692d02225eb32f4,0,0,5,1,linux,BFC
502e82b91361955c66c8453b5b7a905b0b5bd5a1,3,2,5,3,linux,BFC
03e6742584af8866ba014874669d0440bed3a623,24,0,0,1,linux,BIC
9e2e6042a7ec6504fe8e366717afa2f40cf16488,0,3,0,1,linux,BFC
33812fc7c8d77a43b7e2bf36a0d5a57c277a4b0c,1,0,0,1,linux,BFC
649f5c842ba3acfe6a06a36229759f328e98508a,1,4,2,1,linux,BIC
d310c4bf8aeacc0256091feb6a0337b8fef763ac,69,5,37,8,linux,BIC
5e6723ef3fda07b4d586965af3c7af2a957480a2,0,0,4,1,linux,BFC
6454368a804c4955ccd116236037536f81e5b1f1,6,10,8,1,linux,BFC
01f33c336e2d298ea5d4ce5d6e5bcd12865cc30f,30,0,0,1,linux,BIC
4a350a0ee5b0a14f826fcdf60dd1a3199cafbfd6,7,0,1,1,linux,BFC
96d9f7ed00b86104bf03adeffc8980897e9694ab,9,8,2,1,linux,BFC
bd63f11f4c3c46afec07d821f74736161ff6e526,2,0,2,1,linux,BFC
5a5ec83d6ac974b12085cd99b196795f14079037,1,0,4,1,linux,BFC
652a6a2e3824ce2ebf79a2d5326940d05c4db036,0,0,2,1,linux,BFC
76df52969711ae3725a98f26fbbc6a349803dcbf,1,1,0,1,linux,BFC
c634dc6bdedeb0b2c750fc611612618a85639ab2,0,0,1,1,linux,BFC
44d9e52977a1b90b0db1c7f8b197c218e9226520,3321,0,0,5,linux,BIC
34e2ab57a911f8b32b22580d11a02f0b79108245,39,0,3,5,linux,BIC
b329f5ddc9ce4b622d9c7aaf5c6df4de52caf91a,0,0,1,1,linux,BFC
41a6bf6529edd10a6def42e3b2c34a7474bcc2f5,0,0,1,1,linux,BFC
c2df3de0d07e1d678f8269b195030391b647c1b6,24,0,0,1,linux,BIC
08cc83cc7fd8e6c3670ff545ef2bbfbc01a02d87,17,0,0,3,linux,BIC
10262b0b53666cbc506989b17a3ead1e9c3b43b4,2,0,2,1,linux,BFC
b6297d9e078a4127fb608ede4d0944855dde667d,0,0,1,1,linux,BFC
f31e98bfae1c8792701ef03acd47344866cb2e14,0,0,4,1,linux,BFC
56b0ec30c4bc096848efc617f29e525cde2f7084,2,0,0,1,linux,BIC
8bdfc5dae4e3ba4d99dfb430ef43249e5f1b7730,2240,0,0,2,linux,BIC
6a949b7af82db7eb1e52caaed122eab1cf63acee,2,0,0,1,linux,BIC
96b169f05cdcc844b400695184d77e42071d14f2,5,0,1,1,linux,BFC
f86a48667b91202d502d753c707e8576a6fe265b,0,0,1,1,linux,BFC
a1409adac748f0db655e096521bbe6904aadeb98,10,0,4,2,linux,BFC
d8ad6d39c35d2b44b3d48b787df7f3359381dcbf,0,4,0,1,linux,BFC
c5f85696cb2f2777fdf152464314a19dd35a99d7,0,0,1,1,linux,BFC
0daa55d033b02a899a5979e407cc3af530980f1e,94,0,0,1,linux,BIC
fdb694a01f1fcd30fd16d8aa290c34699fe98a17,39,0,3,2,linux,BIC
84fd1b191a9468dbb2e790fbc394378afc43462e,0,0,1,1,linux,BFC
5fc853cc01c68f84984ecc2d5fd777ecad78240f,2,0,0,1,linux,BFC
1315971fea66d2c1b09cab115a487898ba628cac,4,0,8,1,linux,BFC
e66435936756d9bce96433be183358a8994a0f0d,0,0,2,1,linux,BFC
dc808110bb62b64a448696ecac3938902c92e1ab,18,0,0,2,linux,BIC
25677478474a91fa1b46f19a4a591a9848bca6fb,10,10,0,1,linux,BFC
e269ec42328783e51be08c191aa935dba56141fc,1,0,0,1,linux,BFC
418a3ab1e7785799193c0f8628cd0f01c00a03ae,103,31,7,2,linux,BIC
ec0fa2445c18ec49a0b7ee0aaa82d1ec00968fc9,6,0,2,1,linux,BIC
a33f6432b3a63a4909dbbb0967f7c9df8ff2de91,52,19,9,1,linux,BIC
d088337c38a5cd8f0230fbf2d514ff7672f9d0d3,2,0,1,1,linux,BFC
ef79d439cd124d9fb7258bb35d44c71aec11b829,49,41,67,2,linux,BIC
fe67888fc007a76b81e37da23ce5bd8fb95890b0,3,0,0,1,linux,BFC
633007a36e51c5dd85a20e9ebd17de12566cf2c2,0,0,2,1,linux,BFC
c8b1d7436045d3599bae56aef1682813ecccaad7,1,1,0,1,linux,BFC
920884777480739789bb94ce8aeab1bc1de30dc2,469,0,0,2,linux,BIC
690bb6fb64f5dc7437317153902573ecad67593d,1,0,4,1,linux,BFC
611d779af7cad2b87487ff58e4931a90c20b113c,6,0,1,2,linux,BIC
502c87d65564cbfd65b1621309bcd900390eca81,36,46,130,2,linux,BIC
f03ab6629c7b410d874151cf1d8570899a65fdda,1,1,1,1,linux,BFC
1d5dbfe6c06a5269b535f8e6b13569f32c42ea60,24,3,31,2,linux,BIC
9525ae83959b60c6061fe2f2caabdc8f69a48bc6,1317,0,0,4,linux,BIC
b58662a5f7f4677debd5e28d10145cf5decd516b,0,0,1,1,linux,BFC
d7350c3f45694104e820041969c8185c5f99e57c,70,4,15,2,linux,BIC
f941eadd8d6d4ee2f8c9aeab8e1da5e647533a7d,1,0,2,1,linux,BFC
70da9f0bf999627e50950f6845bd3819ff811085,36,13,48,1,linux,BIC
c82ebf1bf738e2d6f62266ddfd42f539b344a558,2,0,8,1,linux,BIC
4d51419d49930be2701c2633ae271b350397c3ca,0,0,4,1,linux,BFC
e61c451476e61450f6771ce03bbc01210a09be16,9,0,2,2,linux,BIC
0b1039f016e8a37c779a4aee362cb2100ebb1cfd,721,0,0,1,linux,BIC
ea07b862ac8ef9b8c8358517d2e39f847dda6659,10,0,4,3,linux,BIC
effbf5f58d64b1d1f93cb687d9797b42f291d5fd,31,0,7,1,linux,BIC
4d7e30d98939a0340022ccd49325a3d70f7e0238,99,0,4,3,linux,BIC
8dba29603b5c8bfca2bf90aeb83d05a236df967b,121,0,0,2,linux,BIC
b8088dda98b9064a2b3007fe54b03ede70a15602,1,6,4,2,linux,BFC
2fe9a0e1173f4805669e7af34ea25af835274426,6,0,0,1,linux,BIC
cba3819d1e93fb77a9323554ccf7b564276c089b,293,37,174,9,linux,BIC
a5199b5626cd6913cf8776a835bc63d40e0686ad,2,0,0,1,linux,BFC
2971ff67bd3283d187bd7a7906adfbbaad2257e1,66,0,0,1,linux,BIC
51eea3a6fb4d39c2cc71824e6eee5949d7ae4d1c,0,0,3,1,linux,BFC
87b0f983f66f23762921129fd35966eddc3f2dae,5,6,42,4,linux,BFC
33fb27fd54465c74cbffba6315b2f043e90cec4c,25,100,6,1,linux,BFC
89ec1f0886c127c7e41ac61a6b6d539f4fb2510b,53,0,0,3,linux,BIC
9da1b86865ab4376408c58cd9fec332c8bdb5c73,1,0,1,1,linux,BFC
c1ccf967bf962b998f0c096e06a658ece27d10a0,2,0,4,1,linux,BFC
6ae58d871319dc22ef780baaacd393f8543a1e74,0,0,2,1,linux,BFC
9f2470fbc4cb4583c080bb729a998933ba61aca4,61,27,4,4,linux,BFC
af6f23b88e9508f1cb8d0af008bb175019428f73,11,45,9,5,linux,BIC
98df91f8840cf750a0bc7c4c5d6b6085bac945b3,0,0,1,1,linux,BFC
c6ebcedbab7ca78984959386012a17b21183e1a3,3,0,1,1,linux,BFC
0966d385830de3470b7131db8e86c0c5bc9c52dc,13,2,3,1,linux,BFC
0548448b719ac78fa18fdbcd03856952ba6cc7dc,1235,0,0,1,linux,BIC
4d793a02c4967ab14d4ae5e86a51ee02ed78921a,11,10,0,1,linux,BFC
4034fb207e302cc0b1f304084d379640c1fb1436,1,0,0,1,linux,BFC
1e7dddb2e76a593627643c42f9bf57e5c0078f06,3,0,2,1,linux,BFC
4cd9899f0d16b475e31b20771de6f580b977daa4,48,10,35,4,linux,BIC
166ee5b87866de07a3e56c1b757f2b5cabba72a5,1,0,4,1,linux,BFC
6406887a12ee5dcdaffff1a8508d91113d545559,29,7,26,3,linux,BFC
b4f1483cbfa5fafca4874e90063f75603edbc210,3,0,0,1,linux,BFC
92963318a255fd5df94159767cd4750e55d98cb0,2,0,2,1,linux,BFC
5fe41793bc78d9bb47fea37d1a16984ad6cf294b,17,7,2,3,linux,BFC
6c8f85cac98a4c6b767c4c4f6af7283724c32b47,2,0,2,1,linux,BFC
c82feeec9a014b72c4ffea36648cfb6f81cc1b73,4,0,2,1,linux,BFC
685703b497bacea8765bb409d6b73455b73c540e,8,0,0,1,linux,BFC
3008d20f5445ee6f214e3b2d42114c8c923d9625,3,0,1,1,linux,BFC
1c00289ecd12471ba9733e61aaf1d39883a77b16,215,0,0,1,linux,BIC
3781bd6e7d64d5f5bea9fdee11ab9460a700c0e4,1,0,2,1,linux,BFC
b087e6190ddcd9ae4e8ff2c788d2b32f193e946b,197,2,8,3,linux,BIC
76890c3bce6003caf53b283c49a210280cb8ea33,0,0,1,1,linux,BFC
b4c82adcba8cb4b23068a6b800ca98da3bee6888,0,0,1,1,linux,BFC
e4378f0cb90be0368c48baad69a99203c58e3196,142,0,2,6,linux,BIC
f9dc70744dc74bc9e128d579f2bc85eb7c0ad8ce,6,0,3,1,linux,BFC
b02597d513a9df5a3e661a74f40ff26e4057ec9c,5,0,0,2,linux,BIC
a9e73998f9d705c94a8dca9687633adc0f24a19a,0,0,1,1,linux,BFC
df054e8445a4011e3d693c2268129c0456108663,11,0,1,3,linux,BIC
9da3f2b74054406f87dff7101a569217ffceb29b,72,0,0,4,linux,BIC
b879f915bc48a18d4f4462729192435bb0f17052,1,0,2,1,linux,BIC
9099daed9c6991a512c1f74b92ec49daf9408cda,65,0,9,6,linux,BIC
7dd753ca59d6c8cc09aa1ed24f7657524803c7f3,2,0,0,1,linux,BIC
61c0e37950b88bad590056286c1d766b1f167f4e,3,0,1,1,linux,BFC
69929d4c49e182f8526d42c43b37b460d562d3a0,38,1,22,3,linux,BIC
3bca43585e2216611c766c2108ac476b7dd9e3a8,64,0,0,2,linux,BIC
3023898b7d4aac65987bd2f485cc22390aae6f78,2,0,0,1,linux,BFC
951348b377385475aa256c27e1c9e2564c9ec160,0,212,20,1,linux,BIC
7482a65664c16cc88eb84d2b545a1fed887378a1,1,0,2,1,linux,BFC
0e9973ed3382652b324971753745cfe08488bb9f,44,2,0,2,linux,BIC
4d48a542b42747c36a5937447d9c3de7c897ea50,9,0,0,1,linux,BIC
dcc21cc09e3c22d0ede4e105afa8884eba293b58,630,0,0,2,linux,BIC
be9d39881fc4fa39a64b6eed6bab5d9ee5125344,0,2,1,1,linux,BFC
e4ff77598a109bd36789ad5e80aba66fc53d0ffb,0,0,1,1,linux,BFC
c462ebcdfe425a132aaba950d114ac32de3cdf44,9,10,12,1,linux,BIC
d0417849152cb5ae08407bcc32b85b55b5b9f591,4,0,1,1,linux,BFC
6020db504cece0d93cc31c6f73609ef1304607e2,1,0,0,1,linux,BFC
f533a035e4da2fdd5e7b0100c84b62fd73ecd6c7,229,193,3,4,linux,BIC
cf727044144d47c3e8482b9a7775bd3f04a87341,0,0,9,9,linux,BIC
579db9d45cb4e8e7cedff9e6079331a1e2ea9f5d,1329,0,0,3,linux,BIC
6ac059dacffa8ab2f7798f20e4bd3333890c541c,1,0,0,1,linux,BFC
44176bb38fa48726a9658b2ccf407ea94113c760,46,13,2,1,linux,BIC
e02472f74a8120cd5a0be0e7d48c9d95d4cde6a0,214,0,2,1,linux,BIC
ea7a9d88ba21dd9d395d7137b0ca1743c5f5d9c2,34,9,42,2,linux,BIC
b18a183eaac25bd8dc51eab85437c7253f5c31d1,0,0,1,1,linux,BFC
d1e9d232e1e60fa63df1b836ec3ecba5abd3fa9d,0,0,1,1,linux,BFC
c5f78f4d2168ba21324095b0d46d4353c2eace4d,0,0,1,1,linux,BFC
a1fd1ad2552fad9e649eeb85fd79301e2880a886,2,1,3,1,linux,BFC
99d9d8d05da26f47aa8412397407f962bcb4713a,387,0,2,5,linux,BIC
8a013a9c71b21a9860f44dec7600c8fe77995a77,0,0,1,1,linux,BIC
97a16fc82a7c5b0cfce95c05dfb9561e306ca1b1,25,0,14,1,linux,BIC
7fc0786d956d9e59b68d282be9b156179846ea3d,0,0,1,1,linux,BFC
a7a6bdd0670feb8bfc26d41cda32b6064dbca50e,376,0,5,10,linux,BIC
7bb8bc6eb550116c504fb25af8678b9d7ca2abc5,0,0,1,1,linux,BFC
bab76514aca36bc513224525d5598da676938218,2,0,0,1,linux,BFC
308964caeebc45eb7723c87818076f61fa1a2e1b,521,0,0,1,linux,BIC
c4076cdd21f8d68a96f1e7124bd8915c7e31a474,163,0,8,2,linux,BIC
20bd1d026aacc5399464f8328f305985c493cde3,1,0,1,1,linux,BIC
3506b2f42dff66ea6814c3dfa1988bafb79e6f88,22,22,1,3,linux,BFC
1ec047eb4751e331bc61cff0e98f0db67db8b8dc,24,0,8,2,linux,BIC
187a002b07e8089f0b5657eafec50b5d05625569,2,0,2,1,linux,BFC
0152b29c89650654abf4f0e96bbf2566b85ae55d,6,0,3,1,linux,BFC
d948e6ca189985495a21cd622c31e30e72b6b688,13,0,1,1,linux,BIC
16b23787fc709fe60c5d2bd05927b1a3da33d4e9,6,0,0,1,linux,BIC
4b565ca5a2cbbbb6345e8789da89c193b6b00e5a,2824,0,1,9,linux,BIC
58e111002887ad5f0b665685aac3d4c3bc3768db,16,8,0,1,linux,BFC
8f870e6eb8c0c3f9869bf3fcf9db39f86cfcea49,6,0,7,1,linux,BFC
873f323618c202cd0675324a1027dcecc7745d0b,49,6,19,4,linux,BIC
b1c3a24897bd528f2f4fda9fea7da08a84ae25b6,0,0,2,1,linux,BFC
4183a8d70a288627219942f84e1f83fd28717de3,32,0,0,1,linux,BIC
c435ee34551e1f5a02a253ca8e235287efd2727c,208,559,235,14,linux,BIC
4a71fcb8ac5f94c07bf47a43b13258a52e4fe3ad,2,0,3,1,linux,BIC
4b5e32df66877d5ba0ae9ea00c304dc60a18322d,15,1,16,1,linux,BFC
cbcdec6202c934bd72fca4fe9db255d84f907dbe,28,2,12,1,linux,BIC
e431e79b60603079d269e0c2a5177943b95fa4b6,2,0,2,1,linux,BFC
828d4cdd012c8ffbf76625c3ff164312e8666784,0,0,1,1,linux,BIC
fb945c95a482200876993977008b67ea658bd938,5,0,2,1,linux,BFC
c48c8b829d2b966a6649827426bcdba082ccf922,6,0,2,1,linux,BFC
7c8075728f4df477d94df2e4d23a95ee69ee9493,0,0,1,1,linux,BFC
bc2bb1543e62a5d0ae51ccdfde697dc97957f2a1,3,48,49,2,linux,BIC
b5069782453459f6ec1fdeb495d9901a4545fcb5,1,0,1,1,linux,BFC
d4f194ed9eb9841a8f978710e4d24296f791a85b,11,10,0,1,linux,BFC
202021c1a63c6ed69b3260e0fe10530c51f1e53e,26,0,9,1,linux,BIC
cb0438e4436085d89706b5ccfce4d5da531253de,0,0,6,1,linux,BFC
138b80cbd7051ceebae563f9375fe66302a6615b,1,0,2,1,linux,BFC
13d04d79701ba240969b296903de14db3734ab25,0,0,1,1,linux,BFC
d9dfd8d741683347ee159d25f5b50c346a0df557,0,0,2,1,linux,BFC
7cc31613734c4870ae32f5265d576ef296621343,0,0,1,1,linux,BFC
3c70c132488794e2489ab045559b0ce0afcf17de,14,24,11,1,linux,BFC
019f93bc4ba3a0dcb77f448ee77fc4c9c1b89565,14,0,2,1,linux,BFC
16981742717b04644a41052570fb502682a315d2,0,0,2,1,linux,BFC
3431a150fd89bc74cd2f2aaf6977cc0e278fb445,0,0,2,1,linux,BFC
3805a938a6c24284863732fd45cec5a04609a224,0,2,2,1,linux,BIC
d0bbe0328fe552ff3211b3cbbf6117a885a3d5b2,0,0,1,1,linux,BFC
5ce555578e0919237fa4bda92b4670e2dd176f85,18,5,5,2,linux,BIC
46d44516aa6e142fd70287e829e3bbad0d2ed35b,1,0,0,1,linux,BFC
464314ea6c119ebc22ee78453e63814453c31611,8,0,1,2,linux,BIC
bb43c8e382e5da0ee253e3105d4099820ff4d922,3,0,5,2,linux,BFC
37dd9255b2f6201195946014600a8d857f846cf4,19,0,0,1,linux,BIC
9a3821c2bb47d2582b0c8f053d4c3bed7bd8d3d1,290,0,0,1,linux,BIC
55059f2b7f868cd43b3ad30e28e18347e1b46ace,50,0,0,2,linux,BIC
8e5c66c485a8af3f39a8b0358e9e09f002016d92,2,0,1,1,linux,BFC
db7a65e3ab78e5b1c4b17c0870ebee35a4ee3257,3,0,4,1,linux,BFC
c308b56b5398779cd3da0f62ab26b0453494c3d4,10,11,16,1,linux,BIC
348c71344111d7a48892e3e52264ff11956fc196,0,3,2,1,linux,BFC
5742df0f7dbe54728145bf1136540c09c7fcb0d1,276,0,0,2,linux,BIC
ac6424b981bce1c4bc55675c6ce11bfe1bbfa64f,3,0,206,92,linux,BIC
475b92f932168a78da8109acd10bfb7578b8f2bb,0,0,4,2,linux,BFC
02088d9b392f605c892894b46aa8c83e3abd0115,4,40,18,1,linux,BFC
f5396b8a663f7a78ee5b75a47ee524b40795b265,155,0,1,6,linux,BIC
f1c6ece23729257fb46562ff9224cf5f61b818da,4,4,0,1,linux,BFC
bf6fa2c893c5237b48569a13fa3c673041430b6c,25,0,1,5,linux,BIC
309a62fa3a9e78cb37a620913151cbb47d83b81d,1,0,0,1,linux,BIC
59fe7eaf3598a89cbcd72e645b1d08afd76f7b29,8,5,0,2,linux,BFC
84499c5d220a4f8fb0a35fa4673148525c81ea83,13,9,2,1,linux,BFC
47c42e6b4192a2ac8b6c9858ebcf400a9eff7a10,11,1,17,3,linux,BIC
34b2cef20f19c87999fff3da4071e66937db9644,7,0,1,1,linux,BFC
9d9d00ac29d0ef7ce426964de46fa6b380357d0a,39,4,5,2,linux,BFC
5b65781d06ea90ef2f8e51a13352c43c3daa8cdc,261,10,28,4,linux,BIC
6c0e7284d89995877740d8a26c3e99a937312a3c,0,0,1,1,linux,BFC
fc0c174f4223b7340999e1b3004dbc3b3b9b06de,0,0,2,1,linux,BFC
e19ac1578fd8eb3f7c93f2be2657deb2ccefffd7,1,0,1,1,linux,BFC
54e018da3141dbb41f3578d48be575087339710f,3,0,9,1,linux,BIC
00402f49d26ffe991892bba76ccbdfed26538824,144,0,11,3,linux,BIC
c1e6cad00aa2f17845e7270e38ff3cc82c7b022a,5,0,3,1,linux,BFC
1f3b0ff8eccefb0a22398bb044fa12f7e3f6f058,400,0,1,7,linux,BIC
8a644c64a9f1aefb99fdc4413e6b7fee17809e38,0,0,1,1,linux,BFC
93e502b3c2d44dcb964141cbf82930282de8e40b,557,0,2,3,linux,BIC
70c30d76e580fe4aefe6facdf0f1edb1aa9a0e7a,0,2,0,1,linux,BFC
b4a512b8bf7185787e291cddad3b6457b2367120,0,0,1,1,linux,BFC
86bccd0367130f481ca99ba91de1c6a5aa1c78c1,0,0,3,1,linux,BFC
5a2ca43fa54f561c252c2ceb986daa49e258ab13,2,6,6,2,linux,BIC
3ca0b51decf780ce6277b088a9f28cd6fb71e372,0,0,2,2,linux,BFC
f2d72f42d5fa3bf33761d9e47201745f624fcff5,30,8,2,1,linux,BFC
c02aada06d19a215c8291bd968a99a270e96f734,19,0,2,2,linux,BFC
e57968a10bc1b3da6d2b8b0bdbbe4c5a43de2ad1,87,0,10,1,linux,BIC
2ca5a8792d617b4035aacd0a8be527f667fbf912,1,0,3,1,linux,BFC
89259088c1b7fecb43e8e245dc931909132a4e03,26,12,2,3,linux,BFC
32e62b7c3ef095eccbb6a8c96fddf05dacc749df,112,0,1,3,linux,BIC
116d99adf59314924adae0cb691e4d289b5f2407,0,2,0,1,linux,BFC
ca4d632aef031c7946c42a6eb873d24ab6474f17,106,0,3,4,linux,BIC
da5e79bc70b84971d2b3a55fb252e34e51d81d48,2,0,2,1,linux,BFC
09f2af6405b8cd4b2d91ec88188df6f06da38853,240,0,0,5,linux,BIC
33ad61d0f799656e8987e9c80e6e15151bb857f3,2,4,4,1,linux,BFC
ca0c753815fe4786b79a80abf0412eb5d52090b8,0,0,5,1,linux,BFC
a4333c3a6ba9ca9cff50a3c1d1bf193dc5489e1c,620,1,0,2,linux,BIC
777747f634ba765085373f851e9c48dccb12ad52,5,0,1,1,linux,BFC
681045819636792158a93c556cab283311b17cc2,1,0,0,1,linux,BFC
5603731a15ef9ca317c122cc8c959f1dee1798b4,10,0,1,3,linux,BIC
bed5b60bf67ccd8957b8c0558fead30c4a3f5d3f,2,0,0,1,linux,BFC
e42e7e585984b85b0fb9dd1fefc85ee4800ca629,1,0,1,1,linux,BFC
96b4833b6827a62c295b149213c68b559514c929,1,0,2,1,linux,BFC
fdb7e884ad617f8aa69abdd7f39e3fdac85e081e,54,1,10,10,linux,BIC
9167fd5d5549bcea6d4735a270908da2a3475f3a,0,0,1,1,linux,BFC
962f170d9344e5d9edb3903971c591f42d55e226,0,0,4,1,linux,BFC
2deb1acc653cbd5384b107d050d2deba089db2bd,15,0,0,2,linux,BIC
d38efc1f150f38b7f593ac7e26789c550d4bc183,1,213,10,3,linux,BIC
1c8e2349f2d033f634d046063b704b2ca6c46972,0,0,1,1,linux,BFC
579bebe5dd522580019e7b10b07daaf500f9fb1e,3,0,4,1,linux,BFC
d70ed2e4fafdbef0800e73942482bb075c21578b,8,0,7,1,linux,BIC
edf7b4a2d85e37a1ee77156bddaed4aa6af9c5e1,9,1,21,1,linux,BFC
591e48c26ced7c455751eef27fb5963e902c2137,9,0,49,1,linux,BFC
b5bfc21af5cb3d53f9cee0ef82eaa43762a90f81,24,8,1,3,linux,BIC
7ee18d677989e99635027cee04c878950e0752b9,25,4,37,3,linux,BFC
eaba83b5b8506bbc9ee7ca2f10aeab3fff3719e7,5,0,0,1,linux,BFC
7ecacafc240638148567742cca41aa7144b4fe1e,4,0,0,1,linux,BFC
2446254915a7d6f08bba9a755a34cc0402880472,119,0,0,4,linux,BIC
dbe80d446c859873820eedfff4abc61c71f1927b,0,0,1,1,linux,BFC
73196ebe134d11a68a2e27814c489d685cfc8b03,304,1,19,3,linux,BIC
f822ad2c2c03af85a531c5174136b6d5b1abc566,14,0,6,1,linux,BIC
04360d3e05e885621a5860f987c6a8a2eac4bb27,6,6,0,1,linux,BFC
91eefc05f0ac71902906b2058360e61bd25137fe,40,29,23,2,linux,BIC
aa83c45762a242acce9b35020363225a7b59d7c9,27,4,6,1,linux,BIC
0194621b225348428c212f330c26d194fc77bd15,206,0,0,3,linux,BIC
572ee53a9badf62f3973d66f6475f9ce69720a25,4,0,0,1,linux,BIC
a5466d7bba9af83a82cc7c081b2a7d557cde3204,0,0,2,1,linux,BFC
363bee27e25804d8981dd1c025b4ad49dc39c530,43,0,20,1,linux,BFC
896fc1f0c4c6c19b270734f274be67cb0e8a24af,39,27,20,1,linux,BIC
5074376822fe99fa4ce344b851c5016d00c0444f,8,0,1,1,linux,BFC
90f4fcd56bda1f52381bbd5034e8fb32688e779b,0,61,0,4,linux,BIC
2ca17b87e85ffada1e3da941d5c1c9ee4f56ca9f,3,0,1,1,linux,BFC
d0677992d2af3d65f1c1c21de3323d09d4891537,54,0,1,3,linux,BIC
a55de412228cc5a2b4bf8d2a09849898102633e2,2,0,2,1,linux,BFC
62ca18a0896f5590806e6aee7bce39f130a2d9d5,0,0,2,1,linux,BFC
b82c32872db20667d6ee8e2ea1e7bdec791bdcc7,0,0,1,1,linux,BIC
3b604ca81202eea2a917eb6491e90f610fba0ec7,90,0,0,2,linux,BIC
90134ac9cabb69972d0a509bf08e108a73442184,91,0,0,5,linux,BIC
405294f29faee5de8c10cb9d4a90e229c2835279,4,10,0,1,linux,BFC
39d42fa96ba1b7d2544db3f8ed5da8fb0d5cb877,34,0,8,1,linux,BIC
cb80ddc67152e72f28ff6ea8517acdf875d7381d,2,161,63,6,linux,BIC
868afbaca1e2a7923e48b5e8c07be34660525db5,0,0,1,1,linux,BFC
251da4130115b29403a57096fa0988249f31fc55,16,14,4,2,linux,BIC
3ad0b1da0da2e073b1c9d2e317a5ebf7704f98e6,0,0,2,1,linux,BFC
57c970c2e8d8772237294bb8a6a25a205448fd96,0,0,1,1,linux,BFC
6e0473633af059a559ce7b4cbaa51e389c94085e,1,0,0,1,linux,BFC
72d05c00d7ecda85df29abd046da7e41cc071c17,2,1,0,1,linux,BFC
5d053f9da4311a86bc58be8588bb5660fb3f0724,67,1,3,1,linux,BIC
1de9770d121ee9294794cca0e0be8fbfa0134ee8,4,0,3,1,linux,BFC
e5069b9c23b3857db986c58801bebe450cff3392,71,4,6,3,linux,BIC
72570224bb8fecdb17c2f0ccebf02868d2513595,28,0,7,3,linux,BIC
5650729f9a1bbf65b57139d855dabe0a7e6cb494,4,0,1,1,linux,BFC
10b6bb62ae1a49ee818fc479cf57b8900176773e,0,0,2,1,linux,BFC
0e377f3b9ae936aefe5aaca4c2e2546d57b63df7,52,1,12,2,linux,BIC
5e3b07ca5cc78cd4a987e78446849e41288d87cb,1,0,0,1,linux,BFC
baec997285e63ad3e03d8b8d45e14776cd737f62,7,6,1,1,linux,BFC
6cef7dab3e2e5cb23a13569c3880c0532326748c,0,0,1,1,linux,BFC
0efeea5fb15357f0a582c89c02ef0b6ef58defb5,60,0,0,2,linux,BIC
e8a9c58fcd9a5081f71f57f370af1347ed6a310b,92,158,59,14,linux,BIC
575b65bc5bff37ec502d5eab9fc91d0a8d5ec40e,8,0,3,1,linux,BFC
8fd3f18ea31a398ecce4a6d3804433658678b0a3,1,0,0,1,linux,BFC
26859240e4ee701e0379f08634957adaff67e43a,29,8,1,9,linux,BIC
a0fe14d7dcf5db2f101b4fe8689ecabb255ab7d3,0,4,5,1,linux,BFC
e55c25206d5c99b12443eec37b4832d6817170ba,9,0,2,2,linux,BIC
9f2f79e3a3c19ae745d0439d6e0eed31df28de3c,3,0,0,1,linux,BIC
08e814c9e8eb5a982cbd1e8f6bd255d97c51026f,3,0,2,1,linux,BIC
d156e67d3f58c5d3c7ebe1bec80657db534f32d4,0,6,0,1,linux,BFC
e4f4d8cdeb9a2fe746411c0b9a7538b5c0232c1e,128,0,12,3,linux,BIC
72691a269f0baad6d5f4aa7af97c29081b86d70f,14,13,8,4,linux,BIC
ffd1925a596ce68bed7d81c61cb64bc35f788a9d,0,0,1,1,linux,BFC
a47177d360a22ddaa7584186e7e1c74e49220bbe,2,0,1,1,linux,BFC
320c975f180b19296f0fd6c5bf2144e633aaba5e,2,0,1,1,linux,BFC
cdef485217d30382f3bf6448c54b4401648fe3f1,4,1,3,4,linux,BFC
b86f1abe2c275e6f9abf7e2669ccc318b7ef7bb9,0,0,3,1,linux,BFC
042745ee53a0a7c1f5aff191a4a24213c6dcfb52,0,1,1,1,linux,BFC
e8f90c74e6ab64824f3a21521640de7b21050b9d,1,0,0,1,linux,BFC
be7e1b334be4566926322db7bfc30ad3a805f9bd,0,0,1,1,linux,BFC
73d0f37ac4ee5b60e6b9c1b3ccb8766bade9d9c5,6,17,7,1,linux,BFC
36b29eb30ee0f6c99f06bea406c23a3fd4cbb80b,1,0,0,1,linux,BFC
79540d133ed6f65a37dacb54b7a704cc8a24c52d,3,0,0,1,linux,BFC
47053b1e7382628dd30415685ae257f766a311e4,0,0,1,1,linux,BFC
021c5d9469960b8c68aa1d1825f7bfd8d61e157d,0,0,1,1,linux,BFC
6e6c5a57fbe1c77c2c55e266f87a83429adc3de7,60,6,19,3,linux,BIC
f8d530ac29fe9248f5e58ca5bcf4c368f8393ccf,2,0,1,1,linux,BFC
6933599697c96c3213c95f5f1fc7cb6abfd08c54,7,0,1,1,linux,BIC
8d7f934df8d87237abd5c5caa318dfbf581854aa,436,0,0,2,linux,BIC
8a141dd7f7060d1e64c14a5257e0babae20ac99b,37,4,1,1,linux,BFC
a3fd9d8876a589f05725237aced606b995956860,24,0,2,2,linux,BIC
1524b12a6e02a85264af4ed208b034a2239ef374,0,0,2,1,linux,BFC
d7b4c24f45d2efe51b8f213da4593fefd49240ba,0,0,1,1,linux,BFC
80f3afd72bd4149c57daf852905476b43bb47647,8,0,0,1,linux,BIC
e27a9eca5d4a392b96ce5d5238c8d637bcb0a52c,4,0,1,1,linux,BFC
b5095f24e791c2d05da7cbb3d99e2b420b36a273,0,0,1,1,linux,BFC
7b1293234084ddb6469c4e9a5ef818f399b5786b,10,4,28,8,linux,BIC
82d05736c47b19ae02e91e60a0dc12f5e9b9aa69,15,0,43,1,linux,BIC
c162ca0bcbfb39308c4dff4157e27c751af7032a,11,0,4,1,linux,BFC
8e84c25821698bdef73c0329fb2022a4673b7adc,10049,0,0,13,linux,BIC
79eb2711c919e6db10ed2b8fb22ab605121e80ea,0,0,1,1,linux,BFC
987b90d34f695117bf630560fd891cf0568d10c5,0,0,1,1,linux,BFC
748f908cc882021df5a917baf19ef7363eaa5776,623,0,0,1,linux,BIC
594aa5975b9b5cfe9edaec06170e43b8c0607377,3,0,3,1,linux,BFC
134a24cd895c5d138d639a0741ad27e389cd4562,3,3,0,1,linux,BFC
1fba70e5b6bed53496ba1f1f16127f5be01b5fb6,63,0,19,7,linux,BIC
60854fd94573f0d3b80b55b40cf0140a0430f3ab,79,395,180,4,linux,BIC
b200189626b5cefbaf8be9cadd7a28215e065bb9,3,0,1,4,linux,BFC
8989d56878a7735dfdb234707a2fee6faf631085,35,0,0,1,linux,BIC
3c8591d593a3da9ae8e8342acb1f6ab9ab478e92,0,1,0,1,linux,BFC
0bb5c9ead62f4e1eaf226744076e0b4e8348f68f,0,3,0,1,linux,BFC
244359c99fd90f1c61c3944f93250f8219435c75,1,0,1,1,linux,BFC
6ae72bfa656ea04806f98ef85cb44b0789064362,6,25,13,6,linux,BIC
3a80a7fa7989fbb6aa56bb6ad31811b62cf99e60,102,0,4,4,linux,BIC
0dee28268ddbe53a981d4d87faf5dc0f1700e698,1,0,1,1,linux,BFC
9a463284706c5217872c3cadaca863d47129bd95,2,0,0,1,linux,BFC
b5841c38cb2f7e54b0787b3e0326a6b21b89ea3e,0,0,2,1,linux,BFC
e1f30282a1d3d0c75d5a08e47c6ac1563065be52,0,1,0,1,linux,BFC
fd7eafd02121d6ef501ef1a4a891e6061366c952,4,8,6,1,linux,BIC
45dc656aeb4d50e6a4b2ca110345fb0c96cf1189,0,1,0,1,linux,BFC
57726ebe2733891c9f59105eff028735f73d05fb,6,3,1,1,linux,BFC
a663e0df4a374b8537562a44d1cecafb472cd65b,1,0,0,1,linux,BFC
43c54b8c7cfe22f868a751ba8a59abf1724160b1,5,0,4,1,linux,BFC
da6c7faeb103c493e505e87643272f70be586635,0,0,1,1,linux,BFC
598a0717a816abc8f5d3c4598628338b9190d127,0,2,6,1,linux,BIC
6936c12cf809850180b24947271b8f068fdb15e9,13,6,0,1,linux,BFC
ecf938fe7d0088077ee1280419a2b3c5429b47c8,2,0,2,2,linux,BFC
8bb849d67f44b1a1280cda900ea02fdbc36d4363,0,0,14,1,linux,BFC
3b52348345b2cfe038d317de52bcdef788c6520d,0,1,1,1,linux,BFC
3bd0c69653ac636eae8872aacdcd4156f772f928,2,0,0,1,linux,BFC
973d74e93820d99d8ea203882631c76edab699c9,0,1,0,1,linux,BFC
cbb153c50ebe4f635d970a1685302288e3f573fe,0,0,1,1,linux,BFC
47c9d2c99ddeecca61c97618857b70fc7901658b,5,0,0,1,linux,BFC
b9f16ff2730c1be06ca89518d5c369b12ffbbc6c,3,0,2,1,linux,BFC
64591e8605d6e2fba2ff38e3227645f039b8893f,2,2,6,1,linux,BIC
428b448ee764a264b7a2eeed295b282755114aa7,10,0,12,1,linux,BIC
9a41e38a467c06a0c48369970ce5a9f790edd64d,27,7,28,2,linux,BIC
bb3d866882c280a85e8950d4d72af1e294d2e69c,0,0,1,1,linux,BFC
f74cacf5d2bf71c2b415dbb9f100f2c705ad5182,0,0,1,1,linux,BFC
5dbe7c178d3f0a4634f088d9e729f1909b9ddcd1,35,24,6,4,linux,BIC
b6d2b054e8baaee53fd2d4854c63cbf0f2c6262a,8,2,3,1,linux,BFC
e5ad37b64de975463c51f9ed4e4c55dc6e442ba5,126,1,15,4,linux,BIC
37bf241b8e7bd619a2ca98139d90166370170299,28,1,0,1,linux,BIC
584af82154f56e6b2740160fcc84a2966d969e15,14,14,0,1,linux,BFC
a7583e72a5f22470d3e6fd3b6ba912892242339f,0,0,3,1,linux,BFC
8f04aea048d56f3e39a7e543939450246542a6fc,2,0,1,1,linux,BIC
b35725a285768d85b5ba1be7fe5002654a65ce88,2,0,0,1,linux,BFC
deac7fc1c87f24099d7e15d8b662446497f57465,12,0,3,1,linux,BIC
04a1758348a87eb73b8a4554d0c227831e2bb33e,1,8,9,1,linux,BFC
6c943de6686f181fe28df7586aedd0917b4a9fe0,24,0,0,2,linux,BIC
b5276c924497705ca927ad85a763c37f2de98349,0,0,1,1,linux,BFC
330de47d14af0c3995db81cc03cf5ca683d94d81,0,0,1,1,linux,BFC
eccac77ede3946c90143447cdc785dc16aec4b24,0,1,0,1,linux,BFC
16fdf8ba98391650ce4bc4f3f71629d8a413bc21,0,0,1,1,linux,BFC
ff57dc94faec023abc267cdc45766fccff497557,0,0,3,1,linux,BFC
379649cfeafef29b77d29860741f4d1c5870b65f,2,0,0,1,linux,BFC
867400af90f1f953ff9e10b1b87ecaf9369a7eb8,1,0,0,1,linux,BFC
976ee3b21119dcf5c6d96233d688a1453f29fa83,0,0,2,1,linux,BFC
11d4afd4ff667f9b6178ee8c142c36cb78bd84db,0,2,8,5,linux,BFC
a509a66a9d0d4f4e304d58fad38c078d0336c445,18,0,3,2,linux,BFC
4b147936fa509650beaf638b331573c23ba4d609,891,0,2,1,linux,BIC
c39191feed4540fed98badeb484833dcf659bb96,3,0,6,1,linux,BFC
549c7297717c32ee53f156cd949e055e601f67bb,369,5,742,181,linux,BIC
f524f829b75a7d934f56f63f2ed4d42f4e1d06d9,499,150,193,3,linux,BIC
45188f27b3d0fa2970a6cd8510d724164ee1bfca,90,0,1,3,linux,BIC
ffad0a354b0c844656f0ff44df4cd9233865a9cf,0,0,6,1,linux,BFC
71ce391dfb7843f4d31abcd7287967a00cb1b8a1,22,0,15,1,linux,BIC
8b523f20417d5b8423895dd6b3118a6ab9d91d98,74,149,18,3,linux,BIC
66a38478dcc5b5a35e49055f2eb301f8ac594e3f,34,15,11,1,linux,BIC
a917dfb66c0a1fa1caacf3d71edcafcab48e6ff0,0,3,2,2,linux,BFC
0db8c961209153498fe7e279b8f0d3deb81808f0,6,0,3,1,linux,BFC
2d29f6b96d8f80322ed2dd895bca590491c38d34,0,0,1,1,linux,BFC
5f9f41c474befb4ebbc40b27f65bb7d649241581,13,0,2,3,linux,BIC
d18c2a1b159d107e341206500747dceabe8501fb,0,0,1,1,linux,BFC
824ddc601adc2cc48efb7f58b57997986c1c1276,14,0,5,6,linux,BIC
203000993de5098c9b7da3b131cffa7978029994,28,0,1,2,linux,BIC
361d23e41ca6e504033f7e66a03b95788377caae,1,0,0,1,linux,BFC
0185f850176201260e0f02c5bccca1defb8e0884,0,0,0,1,linux,BFC
885c4f4d6cf448f6e64f407c48d8cfbecef3fb14,307,0,0,1,linux,BIC
fe6a043c535acfec8f8e554536c87923dcb45097,7,1,8,1,linux,BFC
9f65df9c589f249435255da37a5dd11f1bc86f4d,0,0,1,1,linux,BFC
4dac3210c54a04be9c187dd31b4debb46e3d792b,8,8,0,1,linux,BFC
c0891ac15f0428ffa81b2e818d416bdf3cb74ab6,13,3,28,31,linux,BIC
715028460082d07a7ec6fcd87b14b46784346a72,2,0,0,1,linux,BFC
73d3fe6d1c6d840763ceafa9afae0aaafa18c4b5,3,0,0,1,linux,BFC
d8ebe298d008ccbae3011cbeb139707f01a730c8,38,0,2,2,linux,BIC
a9f49e0060301a9bfebeca76739158d0cf91cdf6,0,1,2,1,linux,BIC
149aabcc44e3e2c1f8fe4f0832be53d2db55b598,0,4,1,1,linux,BFC
847568942f93e0af77e4bb8a098899f310cb3a88,58,102,38,4,linux,BIC
f2c9ee54a56995a293efef290657d8a1d80e14ab,2,0,0,1,linux,BFC
60d60c8fbd8d1acf25b041ecd72ae4fa16e9405b,0,1,2,1,linux,BFC
46619b44e431d85d64a8dfcb7166d0ae098544c8,1,0,0,1,linux,BFC
a530bf691f0e4691214562c165e6c8889dc51e57,21,0,5,2,linux,BFC
ff9538b1fce3a3af66578c072259dba7f7b4fe7a,0,1,0,1,linux,BFC
50a671d4d15b859f447fa527191073019b6ce9cb,0,0,1,1,linux,BFC
441fdee1eaf050ef0040bde0d7af075c1c6a6d8b,24,2,2,1,linux,BFC
2da55390a96ad2245edfaca77669c10088523d39,0,0,1,1,linux,BFC
9dc55f1389f9569acf9659e58dd836a9c70df217,271,2,19,2,linux,BIC
48470a90a42a64dd2f70743a149894a292b356e0,0,0,2,1,linux,BFC
9e8acd9c44a0dd52b2922eeb82398c04e356c058,5,0,1,1,linux,BFC
d680ff24e9e14444c63945b43a37ede7cd6958f9,3,0,0,1,linux,BFC
c39dfebc7798956fd2140ae6321786ff35da30c3,0,37,4,1,linux,BIC
e27d4b30b71c66986196d8a1eb93cba9f602904a,2,0,1,1,linux,BFC
760d228e322e99cdf6d81b4b60a268b8f13cf67a,19,0,11,1,linux,BFC
1852ebd1354201cf4ab9564947ff2a17a918b294,7,2,0,1,linux,BIC
856082f021a28221db2c32bd0531614a8382be67,8,1,0,1,linux,BIC
e55ed3423c1bb29f97062f42ba3a94bbff5ab6a5,30,0,0,1,linux,BIC
a83d6ddaebe541570291205cb538e35ad4ff94f9,28,6,3,1,linux,BFC
3d05818707bb2cf133ccdcd29f2d5585b5bc1298,11,0,0,1,linux,BFC
53cbf462f6b5c9de364efdf443ffb74ed082463a,0,2,0,1,linux,BFC
7aca011f88eb57be1b17b0216247f4e32ac54e29,0,0,1,1,linux,BFC
6ebd2547dd24daf95a21b2bc59931de8502afcc3,8,0,1,1,linux,BIC
a351a1b03bf169f77891060be30036ef71cbe618,133,11,13,4,linux,BIC
f87fda00b6ed232a817c655b8d179b48bde8fdbe,8,3,7,3,linux,BIC
703535e6ae1e94c89a9c1396b4c7b6b41160ef0c,0,2,0,1,linux,BFC
c5c79763fac115fe827ed6a18ed94fff2432f678,1,1,0,1,linux,BFC
39e8d062b03c3dc257d880d82bd55cdd9e185a3b,21,7,0,1,linux,BFC
fb14528e443646dd3fd02df4437fcf5265b66baa,0,1,2,1,linux,BFC
4ff17a1df7d550257972a838220a8af4611c8f2c,1,0,0,1,linux,BFC
6e1853589ea627490f85435b9e81843129b08c10,0,12,3,1,linux,BFC
53f9263baba69fc1630e3c780c4d11b72643f962,139,8,27,12,linux,BIC
3cc630564e1ee9cca211ec0f14ef34cab30f21ed,0,0,1,1,linux,BFC
05d351102dbe4e103d6bdac18b1122cd3cd04925,3,0,4,1,linux,BFC
20cde694027e7477cc532833e38ab9fcaa83fb64,43,45,0,4,linux,BFC
31c82a2d9d51fccbb85cbd2be983eb115225301c,21,0,18,3,linux,BIC
10e23eb299fa39c6f343bffc9e3d77c7d9f0492f,0,44,0,2,linux,BIC
f29dd55b0236f7a26a4b9dd69186e3c04266797b,1322,0,0,1,linux,BIC
b631c9c2ae934ce2a563853e8e6a591f7d34b48b,0,0,2,1,linux,BFC
3b3233fbf02ee4c5de4d635ca6c4f2566d9716df,236,0,13,4,linux,BIC
ef739f1dd3ac1f47b8c81ce9e201aade9813441c,0,0,2,1,linux,BFC
013cb81e89f8a70deef086ca29a923faf5585ab0,0,0,2,1,linux,BFC
53707c85d2c1ffe844266368cb7c7db137161881,0,0,1,1,linux,BFC
9400c41e77b8f1f9c711b08a6c79bdbc5681fb00,1,30,0,2,linux,BIC
f9c589e142d04b8a19eb382162f804d17102b5ed,131,16,24,4,linux,BIC
700ec497424069fa4d8f3715759c4aaec016e840,18,6,2,1,linux,BIC
1808d65b55e4489770dd4f76fb0dff5b81eb9b11,39,48,3,1,linux,BIC
74573e38e933a6dbb11691bea535c54d683cd06e,0,0,6,1,linux,BFC
921d161f15d6b090599f6a8c23f131969edbd1fa,0,0,2,1,linux,BFC
618887768bb71f0a475334fa5a4fba7dc98d7ab5,0,0,3,2,linux,BFC
c73f4c998e1fd4249b9edfa39e23f4fda2b9b041,0,0,1,1,linux,BFC
6ea8d958a2c95a1d514015d4e29ba21a8c0a1a91,0,2,1,1,linux,BFC
f2750df1548bd8a2b060eb609fc43ca82811af4c,3,0,0,1,linux,BFC
dd0ff4d12dd284c334f7e9b07f8f335af856ac78,2,0,0,1,linux,BFC
19b546d7a1b2eaf575d04a8434e32f679877c45e,5,209,55,3,linux,BIC
42c4668f7efe1485dfc382517b412c0c6ab102b8,1,0,0,1,linux,BFC
dcf6e2e38a1c7ccbc535de5e1d9b14998847499d,9,0,1,2,linux,BFC
8234f6734c5d74ac794e5517437f51c57d65f865,17,11,23,3,linux,BIC
69372cf01290b9587d2cee8fbe161d75d55c3adc,3,0,0,3,linux,BIC
e5ac40cd66c2f3cd11bc5edc658f012661b16347,0,0,7,1,linux,BFC
4d0b8298818b623f5fa51d5c49e1a142d3618ac9,8,0,31,10,linux,BIC
b7263e071aba736cea9e71cdf2e76dfa7aebd039,42,1,12,4,linux,BIC
8eb07b187000d48152c4ef97f075bdfd82575e8f,440,0,0,1,linux,BIC
5c9f8c2dbdbe53818bcde6aa6695e1331e5f841f,903,0,0,1,linux,BIC
4ad5dd2d7876d79507a20f026507d1a93b8fff10,2,0,2,1,linux,BFC
5cf99a0f3161bc3ae2391269d134d6bf7e26f00e,59,0,3,4,linux,BFC
d290f1e70d85a9a4d124594c6a3d769329960bdc,59,0,0,2,linux,BIC
2b7834d3e1b828429faa5dc41a480919e52d3f31,1,0,0,1,linux,BFC
619f51da097952194a5d4d6a6c5f9ef3b9d1b25a,1,0,0,1,linux,BFC
bf99c936f9478a05d51e9f101f90de70bee9a89c,311,0,0,3,linux,BIC
583fa5e71caeb79e04e477e9837e2f7fa53b71e4,437,0,1,2,linux,BIC
066c09593454e89bc605ffdff1c9810061f9b1e1,1,0,0,1,linux,BIC
82342e493b7e53f5e0d0698a48190f05e84d6690,0,0,1,1,linux,BFC
86d722ad2c3bd2f0536b196b7fd67ae2a7e2a492,307,756,325,10,linux,BIC
5ab6177fa02df15cd8a02a1f1fb361d2d5d8b946,0,0,6,1,linux,BFC
75da96067ade4e7854379ec2f7834f3497652b1a,1,0,0,1,linux,BFC
7b26e4e2119d0c5ede1282b22ce2af22835ff4b5,0,3,0,1,linux,BIC
975e6e32215e6cbc09b65d762865b1a46e8e9103,35,36,23,1,linux,BIC
63d5d525cbbc8938d9fa3d6d6fbd4183e784b6e9,16,0,0,1,linux,BIC
34fe5a1cf95c3f114068fc16d919c9cf4b00e428,3,0,1,1,linux,BFC
c9c9bbd754e5f342977b32a328849cc0d9c15c93,3,0,2,1,linux,BFC
b26ef81c46ed15d11ddddba9ba1cd52c749385ad,2,31,25,2,linux,BIC
28176ef4cfa510e5f1498bbf39ff1e4afd0b085d,14,11,41,5,linux,BIC
d071fd294f2474118629f4021a6a3dedef28e09f,0,0,2,1,linux,BFC
e0f9956a3862b32ad73869a8e52a33c84aafa46f,30,0,2,7,linux,BIC
9de52a755cfb6da5ee21a07e3a868bdc8fbfccb3,0,0,3,1,linux,BIC
854783444bab0024556c0aefdb0a860f2f1da286,12,0,2,1,linux,BIC
e7b856dfcec6d3bf028adee8c65342d7035914a1,0,32,0,1,linux,BFC
7094dc2b537b0eeb08fb7a35d528be35a2cc5e59,0,0,1,1,linux,BFC
97c129747af52c23a4dd9c6fc8c73ab8be3b9038,94,22,2,1,linux,BIC
131cb1210d4b58acb0695707dad2eb90dcb50a2a,0,0,4,1,linux,BFC
524df92c1907d31bc2d2643e81c680381d7c6bf8,0,3,0,1,linux,BFC
b910eaaaa4b89976ef02e5d6448f3f73dc671d91,63,0,18,4,linux,BIC
36e7985160782bc683001afe09e33a288435def0,11,0,1,1,linux,BFC
5e8cb4033807e39849b753e5399ec130c0995f1f,1386,0,0,6,linux,BIC
97da4a537924d87e2261773f3ac9365abb191fc9,0,0,1,1,linux,BFC
ee801b7dd7822a82fd7663048ad649545fac6df3,148,0,3,3,linux,BIC
964b7aa0b040bdc6ec1c543ee620cda3f8b4c68a,0,0,3,1,linux,BFC
d24141fe7b48d3572afb673ae350cf0e88caba6c,0,31,2,1,linux,BIC
2f92fdd043d548a14287889742e147f8ed4ee03d,0,1,4,1,linux,BFC
03d5005ff7356a9952a21da20a3d7828fd559fee,2,0,13,1,linux,BFC
3cbcff691173adf13c40ead37f2f628e2db52909,0,0,2,1,linux,BFC
95aef35533844f35544851b0cdc1fc154b603307,14,5,6,3,linux,BIC
8501fe4b14a35cb9efac16dff01123efb7e72f53,3,0,7,2,linux,BIC
01b0f0eae0812e80efeee4ee17687e5386335e08,40,0,0,5,linux,BIC
26aa2d199d6f2cfa6f2ef2a5dfe891f2250e71a0,95,0,1,3,linux,BIC
2f2b60a0ec2826e5a2b2a1ddf68994a868dccbc1,155,0,0,1,linux,BIC
bacd861452d2be86a4df341b12e32db7dac8021e,6,0,1,1,linux,BFC
2bbd681ba2bfa0f3805fb541b0840b96893c5727,445,0,0,1,linux,BIC
7ee7f45a763bd68c3a606595a8c1bb08c3e6146b,17,0,0,5,linux,BFC
53f8d322234649b4d6f1515b20c127a577efd164,1,0,0,1,linux,BFC
8938c48fa25b491842ece9eb38f0bea0fcbaca44,2,0,1,1,linux,BFC
5eda8afd6bcc89d4e4aa5d56b5f54276f63158ae,497,1,30,7,linux,BIC
1cbe6fc86ccfe05a910be4883da7c7bd28c190fe,30,0,2,2,linux,BIC
093108cb3640844cfdabb0f506fa6b592b64272d,1,9,1,1,linux,BFC
5ec1cebd59300ddd26dbaa96c17c508764eef911,4,0,4,1,linux,BFC
a53b59ece86c86d16d12ccdaa1ad0c78250a9d96,24,2,4,3,linux,BFC
91bb163e1e4f88092f50dfaa5a816b658753e4b2,63,40,43,1,linux,BIC
6ec4476ac82512f09c94aff5972654b70f3772b2,0,48,8,7,linux,BIC
f37a8cb84cce18762e8f86a70bd6a49a66ab964c,19,0,0,1,linux,BFC
83326e43f27e9a8a501427a0060f8af519a39bb2,37,6,1,2,linux,BIC
afe49de44c27a89e8e9631c44b5ffadf6ace65e2,0,0,3,1,linux,BFC
3c514bf831ac12356b695ff054bef641b9e99593,42,1,14,3,linux,BIC
cb361d8cdef69990f6b4504dc1fd9a594d983c97,50,0,40,2,linux,BFC
d64d6c5671db5e693a0caaee79f2571b098749c9,3,3,1,1,linux,BIC
b8f1a55639e6a76cfd274cc7de76eafac9a15ca9,29,0,0,1,linux,BIC
4ee7ee530bc2bae6268247988d86722c65d02a37,10,5,2,1,linux,BFC
c2d0f48a13e53b4747704c9e692f5e765e52041a,0,0,2,1,linux,BFC
d176720d34c72f7a8474a12204add93e54fe3ef1,58,0,2,1,linux,BIC
94efd726b947f265bd313605c9f73edec5469d65,0,0,3,2,linux,BIC
4cca2e641641767593583749dec26bfebd8f6f2d,1,2,20,1,linux,BFC
819b885cd886c193782891c4f51bbcab3de119a4,1,0,1,1,linux,BFC
f229454d34e000e714280e767811304e29d96bea,2,0,2,1,linux,BFC
66a7cbc303f4d28f201529b06061944d51ab530c,8,0,3,1,linux,BFC
9113d7e48e9128522b9f5a54dfd30dff10509a92,88,2,5,3,linux,BIC
eaed71a44ad9369a2b2205cedcb9d5d894c733fa,112,1,48,3,linux,BIC
20dc69ca1023b7e4c4af3c3495aa5a91e1a9be39,1,0,0,1,linux,BFC
2743e7f90dc08282d027dbc2f6486f5cb85aa493,26,2,1,1,linux,BIC
c82dd8848479d27dec3f05e9a0980a83fcadca8b,0,2,2,1,linux,BFC
9b5db059366ae2087e07892b5fc108f81f4ec189,9,0,2,1,linux,BIC
605728e65ad303a1b639bcae7c0abd2e24e6a930,1,9,5,1,linux,BFC
302d201b5cdf6f4781ee6cd9862f377f975d6c43,15,0,7,1,linux,BFC
2431c4f5b46c32c4ac495456b1ef4ce59c0bb85d,8,35,16,1,linux,BIC
4883a60c17eda6bf52d1c817ee7ead65b4a02da2,0,0,1,1,linux,BFC
7613f5a66becfd0e43a0f34de8518695888f5458,0,0,2,1,linux,BIC
4e3c7c00bba0636b97eb23d582c20b0f5d95ce20,2,0,0,1,linux,BFC
53bdc88aac9a21aae937452724fa4738cd843795,2,0,2,1,linux,BIC
6ecaf81d4ac6365f9284f9d68d74f7c209e74f98,0,0,1,1,linux,BFC
ba2c5d15022a565da187d90e2fe44768e33e5034,0,2,2,1,linux,BFC
922aa9bcac92b3ab6a423526a8e785b35a60b441,7,0,10,1,linux,BFC
d1433debe7f4346cf9fc0dafc71c3137d2a97bc4,28,4,19,4,linux,BIC
e59f5e08ece1060073d92c66ded52e1f2c43b5bb,57,33,27,1,linux,BFC
b6267d3e803b9adf73893f932f7c7f3a2167c908,0,0,1,1,linux,BFC
e45adf665a53df0db37f784ed87c6b57ddd81885,92,0,0,2,linux,BIC
54e2fc28d9cf1be7dd2ebe74b20dc20cc2a3e55d,0,0,1,1,linux,BFC
d00e60ee54b12de945b8493cf18c1ada9e422514,6,25,2,3,linux,BIC
d0fbb1d8a194c0ec0180c1d073ad709e45503a43,0,2,7,1,linux,BFC
efda1b5d87cbc3d8816f94a3815b413f1868e10d,16,0,7,3,linux,BIC
037f9cdf72fb8a7ff9ec2b5dd05336ec1492bdf1,6,9,10,1,linux,BIC
da48be3373438224da1a5832cb7ffce1f1752a75,0,0,1,1,linux,BFC
f0a03a026857d6c7766eb7d5835edbf5523ca15c,18,0,14,3,linux,BFC
411e05f4e87794332f328ca3fa201b731f023db5,0,1,1,1,linux,BFC
883bbbffa5a4ffd1915f8b42934dab81b7f87226,10,4,2,1,linux,BIC
421d9df0628be16e55705573ab49d8ddb6a1d68c,425,587,59,3,linux,BIC
a1f8dd34e64af689e95122921fb2ca83dedd4c4e,7,0,2,1,linux,BFC
3deda5e50c893be38c1b6b3a73f8f8fb5560baa4,1,0,1,1,linux,BFC
f9799fcce4bb383206c08a2ac960039efdfa4a2f,70,4,0,4,linux,BIC
72abe3bcf0911d69b46c1e8bdb5612675e0ac42c,0,0,1,1,linux,BIC
6b4b4fead3421f00953c8ce89af95ba9a1f39086,194,10,1,2,linux,BIC
716850ab104db154549b01e63d5c71076434b064,25,1270,44,2,linux,BIC
b08968f196d498b19e9d0841d76a03862258f2d8,0,0,1,1,linux,BFC
41672c0c24a62699d20aab53b98d843b16483053,4,3,16,1,linux,BIC
95ec1f470b976858264d7635a6ef76bc33c3875b,1,0,4,1,linux,BFC
b64c9256a9b76fc9f059f71bd08ba88fb0cbba2e,144,1,10,1,linux,BIC
2958b9013fcbabeeba221161d0712f5259f1e15d,0,0,2,1,linux,BFC
06586204714b7befec99e554c71687b0b40f351c,0,0,1,1,linux,BFC
976de6a8c304dcc43e38efcb8a0bace7866b6242,600,65,113,8,linux,BIC
0f06157e0135f5563efbc9aadbd93ba3d9322cab,236,228,0,2,linux,BIC
035a61c314eb3dab5bcc5683afaf4d412689858a,344,45,258,9,linux,BIC
da02c6898952a2bc251dd51ed9f897e0a72a853e,0,0,1,1,linux,BFC
d9c4d8a6cc0f852adf3829fbe40e2e3f6213b0c6,66,0,0,2,linux,BIC
2b6022a32e1c6e740a5929951d9d8cbed3b162b1,0,12,0,1,linux,BFC
2591bc4e8d70b4e1330d327fb7e3921f4e070a51,0,0,1,1,linux,BFC
6859d91549341c2ad769d482de58129f080c0f04,6,2,2,2,linux,BFC
7dbc73e6124ce4d0cfbdd6166de388e9367c47ad,0,0,1,1,linux,BFC
66d258c5b048840991de49697264af75f5b09def,20,1,10,1,linux,BIC
2cb34276427a093e2d7cc6ea63ac447bad1ff4c1,52,49,8,6,linux,BIC
625d988acc28f3fe1d44f3798426561c17387a59,61,16,45,8,linux,BIC
652c5bf380ad018e15006a7f8349800245ddbbad,32,0,0,1,linux,BIC
296d5b54163964b7ae536b8b57dfbd21d4e868e1,2,0,0,1,linux,BFC
b7b6f86149a7e06269d61a7a5206360f5b642f80,1,0,5,2,linux,BFC
ce29ddc47b91f97e7f69a0fb7cbb5845f52a9825,0,2,1,1,linux,BFC
1cdd1257949c85c5ddff8313fe3b1e39c5bee8b8,1,1,2,1,linux,BFC
5f773519639041faed4132f5943d7895f9078a4c,0,0,1,1,linux,BFC
d85d20053e1954ede2c731f3abaf507fdaa4911a,721,0,0,1,linux,BIC
12e5eef0f4d8087ea7b559f6630be08ffea2d851,3,3,0,1,linux,BFC
153695d36ead0ccc4d0256953c751cabf673e621,1,0,0,1,linux,BFC
667257e8b2988c0183ba23e2bcd6900e87961606,7,7,4,2,linux,BFC
c7e8f404d56b99c80990b19a402c3f640d74be05,7,0,4,1,linux,BFC
1528038385c0a706aac9ac165eeb24044fef6825,1,0,2,1,linux,BFC
a7be300de800e755714c71103ae4a0d205e41e99,5,0,8,1,linux,BFC
f7c34874f04a80d6c39a32f08da2529e59602d3c,261,0,6,7,linux,BIC
f2663872f073c874495b793721a47cc7f30eaec7,542,0,0,4,linux,BIC
4bebb0312ea93cc4391f49d40eea86476f2cdf29,10,0,4,1,linux,BIC
97bf85b6ec9e6597ce81c79b26a28f7918fc4eaf,5,0,2,1,linux,BFC
eb4dedae920a07c485328af3da2202ec5184fb17,10,4,1,1,linux,BFC
80a72d0af05ae97a8b106c172e431072ba587492,2,2,6,4,linux,BIC
2fa9d1cfaf0e02f8abef0757002bff12dfcfa4e6,0,0,4,2,linux,BFC
014dfa26ce1c647af09bf506285ef67e0e3f0a6b,2,0,0,1,linux,BFC
aae9539496510a728bfe7d555b3ecfd5a146359a,76,0,10,4,linux,BIC
2c03d07ad54db03b813bb98c469790c07ca9f5dd,1009,3,1,3,linux,BIC
8956f0014ea5ed824aae3816fd9e52cf3c85b9d4,1,2,1,1,linux,BFC
0d640732dbebed0f10f18526de21652931f0b2f2,6,5,0,1,linux,BIC
a7223f5bfcaeade4a86d35263493bcda6c940891,0,6,3,3,linux,BFC
cc638f329ef605f5c2a57b87dd8e584e9d5f4c2f,7,17,5,2,linux,BFC
e91c3dfcd3ff88218c972cb24f932c4d434bbb09,3,0,1,1,linux,BFC
c030f2e4166c3f5597c7e7a70bcd9ab383695de4,1474,0,0,4,linux,BIC
37ec274e9713eafc2ba6c4471420f06cb8f68ecf,2,2,0,1,linux,BFC
5e45a6fab3b90ca300e13191fc68baaa8e37d1d4,17,0,16,3,linux,BIC
3e507769d15e4b14b5a3688d7f5cba516cb4e72d,32,0,0,1,linux,BIC
622ceaddb7649ca328832f50ba1400af778d75fa,358,13,8,9,linux,BIC
045d2a6d076a2ecd7043ea543ea198af943f8b16,25,0,4,4,linux,BIC
f96d84488f7d5f9123428c700cea82a292bca53e,1,0,5,1,linux,BFC
3c18e9baee0ef97510dcda78c82285f52626764b,1,0,0,1,linux,BIC
194730a9beb52d2b030ea45e12d94868d4a0e6fd,67,12,96,8,linux,BIC
7a72c78bdd0a1ea1d879610542679cc680398220,9,0,2,1,linux,BFC
a18feb55769b705a44c4107786c4045eae2e87b6,679,2,52,12,linux,BIC
53c72b590b3a0afd6747d6f7957e6838003e90a4,59,1,3,1,linux,BIC
c4eb44ffd9d7d30902345accb2bd1e2334d1f5f2,6,0,1,1,linux,BFC
8be9cdc6911877843c4f13e44e836382818eb355,0,0,1,1,linux,BFC
312416d9171a1460b7ed8d182b5b540c910ce80d,356,0,0,3,linux,BIC
6191da98062d25276a3b88fb2a94dcbcfb3ea65d,0,1,1,1,linux,BFC
47c413395376796f44731eaf17c5943444dcaa05,0,69,17,1,linux,BIC
1b9a9ab78b0ab79dc1f0ddd5fbed7833ec7de3a4,23,0,42,4,linux,BIC
68c9417b193d0d174b0ada013602272177e61303,52,0,9,1,linux,BFC
7b5eab57cac45e270a0ad624ba157c5b30b3d44d,0,2,0,1,linux,BFC
2e80dbe7ac51a911e8a828407b1a48c5ba938cd2,56,4,9,1,linux,BIC
d0e20fd4c1db7cb28874402f78f39870d84398e9,0,0,1,1,linux,BFC
c977dea22708688eae31774f70126c97aa4dfe83,10,7,2,2,linux,BIC
110f9efa858f584c6bed177cd48d0c0f526940e1,1,11,3,1,linux,BFC
b9ee5e04fd77898208c51b1395fa0b5e8536f9b6,0,1,0,1,linux,BFC
6ef7d362123ecb5bf6d163bb9c7fd6ba2d8c968c,34,0,1,2,linux,BFC
b2476490ef11134b65544d8f062cff96c53e941b,1764,0,5,4,linux,BIC
89be677b6b39f7be4533fea3281d49ff3e3af835,0,1,0,1,linux,BFC
7002b526f4ff1f6da34356e67085caafa6be383a,2,0,4,1,linux,BFC
357f342946860b323d1981cc42370516dbb209d2,27,27,0,1,linux,BIC
7ce189faa7d990f89d36603627ab89588e4218a5,2,0,0,1,linux,BFC
be8408e1440cbc86683e4e1c65270ad517b4274a,0,0,1,1,linux,BFC
02d805dc5fe34358b8a5e9fc141031a40cd496ed,88,29,26,9,linux,BIC
91bb26637353f35241f5472eedf3202ebe13e2e5,7,0,14,1,linux,BFC
ed04ea76e69e7194f7489cebe23a32a68f39218d,6,0,0,1,linux,BFC
20f64a1db8a06fdf4ed03375546f8d3555cb6cc9,0,0,1,1,linux,BFC
df7342b240185d58d3d9665c0bbf0a0f5570ec29,6,0,2,1,linux,BFC
edabcf71d100fd433a0fc2d0c97057c446c33b2a,0,0,2,1,linux,BFC
29072b96078ffde36f03d51e6b5d0cff1ba8c7df,48,0,9,5,linux,BIC
357ad203d45c0f9d76a8feadbd5a1c5d460c638b,1,0,0,1,linux,BFC
fc60861e9b00388fd11d7995a60bf0b1e61dba93,31,0,5,4,linux,BIC
6da1b4b1ab36d80a3994fd4811c8381de10af604,24,18,2,3,linux,BFC
9d4f20a476ca57e4c9246eb1fa2a61bea2354720,6,0,2,1,linux,BFC
7cba160ad789a3ad7e68b92bf20eaad6ed171f80,86,0,5,8,linux,BIC
4576cd469d980317c4edd9173f8b694aa71ea3a3,2,0,4,1,linux,BFC
a2c2f0826e2b75560b31daf1cd9a755ab93cf4c6,6,0,0,1,linux,BFC
17bce37e1b5eca95f9da783a07930b6d608c1389,0,2,2,1,linux,BFC
7aa5128b5fea26cf224766303ea3b8df343f9a87,35,39,6,1,linux,BFC
f9d3b2c600075d1f79efcd5cdb1718c2f554c0f9,1,0,1,1,linux,BFC
ba08311647892cc7912de74525fd78416caf544a,8,0,2,1,linux,BFC
1245008122d7311683d70c05b2eea167a314fb5f,6,0,0,1,linux,BFC
72ddef0506da852dc82f078f37ced8ef4d74a2bf,16,0,3,3,linux,BFC
e8837d98d268792ab4c5a488368acd908458bcc0,29,9,35,1,linux,BFC
d8c66962084f83c00fd0aecb243d6d074a5bba0f,441,0,0,1,linux,BIC
0c106e57dea709395b5b5eb004987b7ddad251ad,0,2,1,1,linux,BFC
2b5ec1a5f9738ee7bf8f5ec0526e75e00362c48f,8,0,0,2,linux,BFC
ca6bf264f6d856f959c4239cda1047b587745c67,8,0,5,2,linux,BFC
50d2e6dc1f83db0563c7d6603967bf9585ce934b,0,0,1,1,linux,BFC
6a4241e8f9b17aa17f55842d6478f280c22d2b44,0,0,1,1,linux,BFC
68e1006f618e509fc7869259fe83ceec4a95dac3,2,0,1,1,linux,BFC
5c5670fae43027778e84b9d9ff3b9d91a10a8131,350,0,0,3,linux,BIC
09cfefb7fa70c3af011b0db0a513fd80b2f18abc,2611,0,0,24,linux,BIC
48197bc564c7a1888c86024a1ba4f956e0ec2300,256,30,45,4,linux,BIC
23cf00ddd2e1aacf1873e43f5e0c519c120daf7a,8,0,0,1,linux,BFC
3ecc16c82c068885cef5697d2f056a8fc317cf45,1,0,0,1,linux,BFC
b6e9e5df4ecf100f6a10ab2ade8e46d47a4b9779,4,0,0,1,linux,BFC
6adc4601c2a1ac87b4ab8ed0cb55db6efd0264e8,0,0,1,1,linux,BFC
7599e279c04511731e2aba4a6dc7b98e5c2a2d25,3,0,0,1,linux,BFC
dc5591a03f1d6dae6b11cdf1d74b023f7ac0fdbf,0,1,0,1,linux,BFC
3d6e77ad1489650afa20da92bb589c8778baa8da,7,0,0,1,linux,BFC
daeecbc0c431f15f492fb8d704080a02de6e2918,34,0,0,3,linux,BIC
1ef3018f5af3da6376fae546e4dfc3f05f063815,83,0,12,3,linux,BIC
2ee9bf346fbfd1dad0933b9eb3a4c2c0979b633e,0,1,5,1,linux,BFC
b8e0ba7c8bea994011aff3b4c35256b180fab874,137,0,6,6,linux,BIC
ffd3d18c20b8df281a18940ee80a99b28114d4b7,1067,0,6,9,linux,BIC
c64688081490321f2d23a292ef24e60bb321f3f1,82,0,0,3,linux,BIC
05a4fed69ff00a8bd83538684cb602a4636b07a7,0,0,2,1,linux,BFC
a2d9daad1d2dfbd307ab158044d1c323d7babbde,1,0,1,1,linux,BFC
2f96593ecc37e98bf99525f0629128080533867f,10,1,11,2,linux,BIC
e752058b8671c6c87e484cff144c5c6309a37253,54,5,57,3,linux,BIC
e07ff9434167981c993a26d2edbbcb8e13801dbb,5,0,4,1,linux,BFC
2c8a57088045a58958372d405586c16e3e12f4e1,113,10,0,1,linux,BIC
b6a32f023fcc9cbd1602f78a467fd8d41bbc9457,10,0,1,1,linux,BFC
f50b49a0bfcaf53e6394a873b588bc4cca2aab78,10,0,7,1,linux,BFC
057f803ff10742addd19a7c2fb6fb83940059a6c,23,8,11,1,linux,BFC
3606c0e1a1050d397ad759a62607e419fd8b0ccb,11,2,6,1,linux,BFC
bac6fafd4d6a0af26aeb37277a39607f7ce0be77,101,57,54,3,linux,BIC
37436d9c0e8f62c3eebe204ff5776ff31fd64658,0,2,1,1,linux,BFC
7ed4e6352c16fe018864bc4e626c48e27a0cefee,5231,0,1,12,linux,BIC
95e0b46fcebd7dbf6850dee96046e4c4ddc7f69c,9,1,0,1,linux,BFC
c49f71f60754acbff37505e1d16ca796bf8a8140,32,7,9,1,linux,BFC
c67f100edae0d2f43e8b35955f7710d702efd590,0,0,1,1,linux,BFC
8b30ca73b7cc7f2177cfc4e8274d2ebdba328cd5,3,0,1,1,linux,BIC
fea9f92f1748083cb82049ed503be30c3d3a9b69,26,3,15,1,linux,BFC
3fe16edf6767decd640fa2654308bc64f8d656dc,0,0,1,1,linux,BFC
e0f7e2b2f7e7864238a4eea05cc77ae1be2bf784,0,0,1,1,linux,BFC
0470a48880f8bc42ce26962b79c7b802c5a695ec,0,0,1,1,linux,BFC
016c20506d5c30151196ab28c694ab10bc3604e6,2,0,1,1,linux,BFC
5aa75ed5b93f086c455a3c67239b0471ff5a1526,19,34,16,2,linux,BIC
42e764d05712c07e44318bc8f6b8665a9c216505,0,0,2,1,linux,BIC
33ead538f642a33b1d658782a5d14a40b5014d1f,0,1,0,1,linux,BFC
bddcf63313c6a4a85f94db092f45e31f530da691,52,4,17,3,linux,BIC
7f821fc9c77a9b01fe7b1d6e72717b33d8d64142,18,0,0,1,linux,BFC
f384796c40dc55b3dba25e0ee9c1afd98c6d24d1,222,12,8,13,linux,BIC
ed60453fa8f8fc3d034dfdf10371a99cc6905626,4,0,3,2,linux,BIC
dfe9674b04ff6b819f9105650a008d164d81725e,37,0,10,2,linux,BIC
583585e48d965338e73e1eb383768d16e0922d73,0,0,2,1,linux,BFC
3551a9280bcb728980a13783ff295e9f0bdedd9a,1,1,1,1,linux,BFC
9ed988cd591500c040b2a6257bc68543e08ceeef,14,21,4,1,linux,BIC
7f905761e15a870761a7f9ba14bbb9e132ab8481,9,0,0,1,linux,BIC
4d55f238f8b89124f73e50abbd05e413def514fe,6,1,2,1,linux,BFC
49e00eee00612b1357596fed8a88b621a7648c14,12,0,25,3,linux,BFC
cb20f2d2c0507d60d94ef896991e95708f051dd1,2,0,0,1,linux,BFC
a590370d918fc66c62df6620445791fbe840344a,0,0,2,1,linux,BFC
4b5b79998af61db8b0506fba6c0f33b57ea457bd,6,0,15,2,linux,BIC
9ad0bb39fce319d7b92c17d306ed0a9f70a02e7d,0,0,1,1,linux,BFC
03b262f2bbf43b82eaef82ffb3bc671d5b5c8da1,2026,0,0,4,linux,BIC
a4f124908617553ea3929a17293cea4960c92ba3,0,0,1,1,linux,BFC
eabe8e5e88f509ebaef6cc85dd5d580896d9e066,119,0,0,1,linux,BIC
8ff0b1f08ea73e5c08f5addd23481e76a60e741c,7,7,0,2,linux,BFC
94b1b03b519b81c494900cb112aa00ed205cc2d9,44,9,80,5,linux,BIC
187a9830c921d92c4a9a8e2921ecc4b35a97532c,0,1,1,1,linux,BFC
841df922417eb82c835e93d4b93eb6a68c99d599,2,0,0,1,linux,BFC
c3bb333457218ca4ed9553be47c0f567b4ef8a38,337,0,0,1,linux,BIC
a7db5ed8632c88c029254d5d74765d52614af3fd,3,3,0,1,linux,BFC
4addbcb387c9519b320a9411cad68f0c01e9ed4b,0,0,1,1,linux,BFC
c05d8332f5d23fa3b521911cbe55a2b67fb21248,26,8,0,1,linux,BFC
51075e0cb759a736e60ab4f3a5fed8670dba5852,0,0,3,1,linux,BFC
7b83f52047e8a3d551a9495b0267df5d0754c5bf,7,27,21,3,linux,BFC
cf6383f73cf2be45d566fdb2b15b799675669de0,22,0,0,1,linux,BIC
fb6ec87f7229b92baa81b35cbc76f2626d5bfadb,6,0,1,1,linux,BFC
926ef1a4c245c093acc07807e466ad2ef0ff6ccb,4,0,0,1,linux,BFC
b1ce7ba619d9de53db7fad25f445ca9abc2b63df,35,1,2,1,linux,BIC
5a4ae5f6e7d4b2b5a9b8981d513345053e40b6ac,0,2,28,1,linux,BIC
f6f7418357457ed58cbb020fc97e74d4e0e7b47f,2,2,0,1,linux,BFC
b23f9239195a1af116d6b388cd00c9002f80f80f,3,3,5,2,linux,BFC
da51ceda8ab054bf3b4c5cf86a8deec7d7849a5c,0,0,1,1,linux,BFC
0b8f9e25b0aaf5a5d9fd844a97e5c17746b865d4,0,79,8,4,linux,BIC
345309fa7c0c9206a5344d379b174499952d79d9,9,0,37,1,linux,BIC
bf05fc25f268cd62f147f368fe65ad3e5b04fe9f,1,0,1,1,linux,BFC
1c3333a28d4532cfc37d4d25bfc76654a0c76643,21,2,8,1,linux,BFC
e13ef82a9ab83dd21d8dd43ef9f5e8bf5b101106,14,1,1,2,linux,BIC
5e0ad0d8747f3e4803a9c3d96d64dd7332506d3c,2,0,1,1,linux,BFC
93515d53b133d66f01aec7b231fa3e40e3d2fd9a,97,68,9,3,linux,BIC
ff886cbdcc44334b5f876721cf65428aa955948b,43,0,0,1,linux,BIC
10e4ea75149d11883a9e04c3b32ee1d7600d481e,3,0,4,1,linux,BIC
a455aa72f7c46b881721668b3ee810713adc7a5b,20,0,14,1,linux,BFC
98fa2aecb5096bbeb18f6509ffd181aafe4d267d,1,0,0,1,linux,BFC
1ce50e7d408ef2bdc8ca021363fd46d1b8bfad00,721,17,17,4,linux,BIC
6f197fb63850b26ef8f70f1bfe5900e377910a5a,67,0,13,4,linux,BIC
445fd4f4fb76d513de6b05b08b3a4d0bb980fc80,19,0,3,4,linux,BFC
4daa4fba3a3899a3eefff26e38cf680661a931e4,2,3,20,1,linux,BIC
68061c02bb295da4955f0d309b9459f0a7ba83dd,1,0,0,1,linux,BFC
423815bf02e257091d5337be5c63b57fc29e4254,201,0,26,3,linux,BIC
0fff71c5a311e1264988179f7dcc217fda15fadd,0,0,1,1,linux,BFC
1e4b50f06d970d8da3474d2a0354450416710bda,13,0,0,1,linux,BIC
fef40be6da856afead4177aaa9d869a66fb3381f,0,4,4,1,linux,BFC
22044f95faa05cb8ceb96101bfe18a42613914dc,131,0,9,6,linux,BIC
e57a784d8cae429f5b697fe55abf420181d9ff09,3,0,2,2,linux,BIC
2219cd81a6cd186200606693b360c6429c003bb3,2,0,28,1,linux,BIC
55448d85ae2f7f2b6c43d66946146ec89b4eb088,0,1,0,1,linux,BFC
bc3c8fe3c79bcdae4d90e3726054fac5cca8ac32,0,0,1,1,linux,BFC
4c9bcd117918ba6096d01194565e9d1814e5ef22,7,0,1,1,linux,BFC
eca78a9e402f88ad4f0cc4ce0b1e2fcbfc30d61d,0,0,1,1,linux,BFC
435ccfa894e35e3d4a1799e6ac030e48a7b69ef5,3,0,1,2,linux,BFC
8812c24d28f4972c4f2b9998bf30b1f2a1b62adf,65,0,8,5,linux,BIC
c94cd0620a922156c9ff9af9c3301b174b287677,10,0,1,1,linux,BFC
4e5973dd2725bb30c3db622f7d73f7a5864ce718,1,0,2,1,linux,BFC
04922b7445a1950b86f130a1fe8c52cc27b3e30b,9,35,54,5,linux,BFC
546125d1614264d26080817d0c8cddb9b25081fa,5,0,3,2,linux,BFC
0951e458d2ebd06e5e83fbb8a67f52dd3146d594,0,2,0,1,linux,BFC
1fe2d6f94f96e35f0d71721eb899f5f72d5b68bd,24,0,5,2,linux,BFC
0882ff9190e3bc51e2d78c3aadd7c690eeaa91d5,0,1,1,1,linux,BFC
203f2e78200c27e42e9f7d063091f950bf5fe4a0,46,124,10,6,linux,BIC
c9c159b22902f94ca68e29e4b95b666b87577539,1,0,0,1,linux,BFC
b78671591a10218ab18bbea120fd05df7a002e88,1,0,1,1,linux,BFC
3d91befbb3a0fcec6e1eebde45c8074b88cc9441,48,0,0,3,linux,BIC
5e4298be45e83ecdffaabb370eea9396889b07f1,0,0,1,1,linux,BFC
847ce401df392b0704369fd3f75df614ac1414b4,93,0,7,4,linux,BIC
2ba136daa3ae1e881c9f586f283fcaa164767dce,6,1,1,1,linux,BFC
abbf9a0ef8848dca58c5b97750c1c59bbee45637,0,0,1,1,linux,BFC
9cae36a094e7e9d6e5fe8b6dcd4642138b3eb0c7,51,21,5,1,linux,BIC
4baf1e33d0842c9673fef4af207d4b74da8d0126,2,0,0,1,linux,BIC
bf2b09fedc17248b315f80fb249087b7d28a69a6,2,0,5,1,linux,BFC
fe785f56ad5886c08d1cadd9e8b4e1ff6a1866f6,4,0,1,1,linux,BFC
681c1615f8914451cfd432ad30e2f307b6490542,35,16,56,1,linux,BIC
51f3baad7de943780ce0c17bd7975df567dd6e14,904,0,0,1,linux,BIC
dca4faeb812f665dab0607d8e0660ae564387186,183,0,10,4,linux,BIC
d9e3cb2f9ed91020b780ee662bdec692a3f276c9,3,0,0,2,linux,BFC
54aa386661fef92b5f092d7068bc6d4952b91a71,0,0,1,1,linux,BFC
8d3bcb9900ca5a193088c1f2d20c92865482368b,27,14,3,1,linux,BIC
19678ffb9fd6f216f530714e62fb469a961874db,20,105,0,2,linux,BIC
fa8323bf49f5c92363fe7c3c80b6b342f5430baa,2,0,4,1,linux,BFC
3d092ef09303e615707dc5755cf0e29b4df7555f,2,0,0,1,linux,BFC
303a339f30a9441c4695d3d2cc78f1b33cd959ff,0,0,1,1,linux,BIC
5a2de63fd1a59c30c02526d427bc014b98adf508,8,0,1,1,linux,BIC
f9b76ebd49f97458857568918c305a17fa7c6567,15,0,2,2,linux,BFC
e13026578b727becf2614f34a4f35e7f0ed21be1,2,2,0,1,linux,BFC
df3ab232e462bce20710596d697ade6b72497694,7,6,0,1,linux,BFC
fa853c4b839ece9cd589e8858819240933cc4d78,610,2,15,11,linux,BIC
ad2df24732e8956a45a00894d2163c4ee8fb0e1f,0,0,1,1,linux,BFC
dc0ffbea5729a3abafa577ebfce87f18b79e294b,36,10,7,1,linux,BIC
91d689337fe8b7703608a2ec39aae700b99f3933,435,0,0,1,linux,BIC
ea837090b388245744988083313f6e9c7c9b9699,10,0,0,1,linux,BFC
6b7ed22ae4c96a415001f0c3116ebee15bb8491a,2,0,6,1,linux,BFC
fe83e3b9b422ac8ece2359c7b7290efe7f0335a2,178,9,11,7,linux,BIC
ff2557b7224ea9a19fb79eb4bd16d4deef57816a,0,0,1,1,linux,BFC
d6086598d34e1cf9091c7be201f5b2041dc6203e,0,0,1,1,linux,BFC
51925fb3c5c901aa06cdc853268a6e19e19bcdc7,190,0,1,1,linux,BIC
f19397a5c65665d66e3866b42056f1f58b7a366b,45,0,2,4,linux,BIC
2a31e4bd9ad255ee40809b5c798c4b1c2b09703b,3,0,0,1,linux,BFC
06297d8cefcaa2029c4cb71b79285d2bfff06d4d,0,6,23,4,linux,BIC
e7e7104e2d5ddf3806a28695670f21bef471f1e1,3,0,0,1,linux,BFC
48473802506d2d6151f59e0e764932b33b53cb3b,4,0,0,1,linux,BFC
d79651522e89c4ffa8992b48dfe449f0c583f809,1461,8,21,4,linux,BIC
9f58fdde95c9509a4ded27a6d0035e79294002b4,52,19,5,2,linux,BIC
f1fc8ece6c077bd6d460d99f4f83b9d20992b68b,0,0,1,1,linux,BFC
1bde33e051233f0ed93a8bc67137016ab38c3d2d,0,0,1,1,linux,BFC
03a0cc77f164e4e59b970d50c6e9a6caf06dae80,0,0,1,1,linux,BFC
1493e0f944f3c319d11e067c185c904d01c17ae5,1,0,0,1,linux,BFC
fa66d7e3fea7504e241e9004998af2c71814da18,0,11,5,1,linux,BFC
d5353c00cfd93b1c03fb16a5e6b5b49026534755,7,0,0,1,linux,BFC
eb8ef2a3c50092bb018077c047b8dba1ce0e78e3,4,0,3,1,linux,BFC
54329e6f7beea6af56c1230da293acc97d6a6ee7,2,0,2,1,linux,BFC
ea6d8811f18521a2188d1959f5fa2447e6bf5349,0,1,2,1,linux,BFC
a26142559c2be8c0975b941e3110d23a9e552ce5,1,0,6,1,linux,BFC
b47bd8d2795412143a23d2961033c126ce6914d9,0,0,1,1,linux,BFC
febac332a819f0e764aa4da62757ba21d18c182b,7,0,2,1,linux,BFC
2a7adf6ce643fdeec051dc88e5250b08c83bbb67,13,0,3,1,linux,BFC
973b059ca98054f9400562ae90bea5069b9b9274,7,5,7,1,linux,BFC
91aeaf09a6eed83cae0d0fad20a97699b1c8b812,0,0,1,1,linux,BFC
1d0c32ec3b860a32df593a22bad0d1dbc5546a59,1,2,0,2,linux,BFC
643749d4a82b150afd2f87b29ca3dda885f8e384,29,0,1,3,linux,BIC
6f9d451ab1a33728adb72d7ff66a7b374d665176,217,0,3,7,linux,BIC
47ce030b7ac5a5259a9a5919f230b52497afc31a,7,2,1,2,linux,BFC
22b89ba178dd0a66a26699ead014a3e73ff8e044,0,0,1,1,linux,BFC
ed4c068d46f69f6f248c6e5a22f69cc84bdb5bb6,78,79,21,1,linux,BIC
3c97f5de1f282492335a6aec1f94b77f7f899b8c,94,31,65,8,linux,BIC
2d9900f26ad61e63a34f239bc76c80d2f8a6ff41,16,5,4,2,linux,BFC
9f0749e3eb88f94bfca2f24c77472d29bc18eb28,108,0,0,3,linux,BIC
534d2eaf1970274150596fdd2bf552721e65d6b2,0,0,1,1,linux,BFC
2bd229df5e2ecbc13909f71dbd196fced1d533ca,0,33,2,2,linux,BIC
db81de767e375743ebb0ad2bcad3326962c2b67e,1,0,1,1,linux,BFC
3091ae775fae17084013021d01513bc1ad274e6a,3,0,0,1,linux,BFC
bd0687c18e635b63233dc87f38058cd728802ab4,2,2,0,1,linux,BIC
f3fe97f64384fa4073d9dc0278c4b351c92e295c,6,4,8,3,linux,BFC
811deedebab38f8360a700a52b0b75688c9a10f7,0,0,1,1,linux,BFC
5ba207e55e7fdfa5f30737d2b234bf5b70fa3bfe,2,0,2,1,linux,BFC
40a571bc408bf10ac8be0eadf838483b9cf90141,0,0,4,1,linux,BFC
561535b0f23961ced071b82575d5e83e6351a814,13,0,2,1,linux,BIC
d09945eacad0ef16ca8a1ca45be6a25e066e85a5,12,1,3,1,linux,BIC
7df4e7449489d82cee6813dccbb4ae4f3f26ef7b,0,10,0,1,linux,BFC
71d29f43b6332badc5598c656616a62575e83342,1,18,36,1,linux,BIC
cf6b5ffdce5a78b2fcb0e53b3a2487c490bcbf7f,2,0,1,1,linux,BFC
984245b66cf32c494b1e4f95f5ed6ba16b8771eb,0,0,19,1,linux,BFC
e1ff6fc22f19e2af8adbad618526b80067911d40,0,13,9,1,linux,BFC
78cb421d185cfb4fcea94e7c3ff6e6ea77bb8c11,4,0,1,1,linux,BFC
81c0e3dd82927064a2f56a31a0974a0d110fcdb0,342,0,0,2,linux,BIC
7edc58d614d49c3b47ec4b9441d5e95758d0f711,34,4,5,1,linux,BIC
8295d535e2aa198bdf65a4045d622df38955ffe2,4,19,38,1,linux,BIC
10f129cb59cf6b4aee419ce4b1325fc532d975fb,0,0,1,1,linux,BFC
97b1198fece06d495270222bcf5fde4c8cb0b5b0,6,6,0,1,linux,BIC
811c6688774613a78bfa020f64b570b73f6974c8,12,17,7,1,linux,BIC
9e629c17aa8d7a75b8c1d99ed42892cd8ba7cdc4,999,0,0,4,linux,BIC
d9bc15794d122cb7bdc9a069d22f3d3166dd31d4,205,0,0,3,linux,BIC
3670664b5da555a2a481449b3baafff113b0ac35,15,0,3,1,linux,BFC
8f202f8e9ff38e29694a4bc0a519b4e03c1726ee,2,4,37,1,linux,BFC
6d4abf1c0e265d8e99c155b91c1cf44e37793e53,0,0,2,1,linux,BFC
c7d606f560e4c698884697fef503e4abacdd8c25,5,0,0,1,linux,BIC
298f342245066309189d8637ca7339d56840c3e1,11,2,5,2,linux,BIC
220fafb4ed04187e9c17be4152da5a7f2ffbdd8c,2,0,1,1,linux,BFC
12dcd86b75d571772512676ab301279952efc0b0,85,1,44,3,linux,BIC
2973633e9f09311e849f975d969737af81a521ff,0,0,5,1,linux,BFC
80ff385665b7fca29fefe358a60ab0d09f9b8e87,43,102,111,7,linux,BIC
701dc207bf551d9fe6defa36e84a911e880398c3,22,0,0,1,linux,BIC
7177895154e6a35179d332f4a584d396c50d0612,13,0,0,1,linux,BFC
12fb0da45c9a077dd76d9848f791fbdd4b8d4050,142,14,66,1,linux,BIC
77788775c7132a8d93c6930ab1bd84fc743c7cb7,7,7,0,1,linux,BFC
f6be8af1c95de4a46e325e728900a70ceadb52cf,20,0,0,2,linux,BIC
82f844c22588bf47132c82faeda50b6db473162c,6,4,11,1,linux,BFC
e295066f66a4fa78c39c29de7d7635e6957dd4f7,4,2,1,2,linux,BFC
38fd94b0275c91071157a03cc27676909b23dcde,50,0,2,5,linux,BIC
93d71986a60c37395e0a1d2f7fe170ef1e0a8ba4,0,0,4,2,linux,BFC
d3b2f0f7921c75b5f0de50e618e4bd165fded3e1,8,0,0,1,linux,BIC
65a761bf8d55fdcf8ecc4642382a4e76c086e44c,0,0,1,1,linux,BFC
a3928f877e7b153dbc243d6329b3777ac75b6004,0,1,3,1,linux,BFC
f21a8b1b68379c116a6d55821f5f6024ce4f3a48,4,43,63,1,linux,BIC
b97e9b94ad75caf8d9fcb6a20cd1e3d7f1e67ae8,253,1,1,5,linux,BIC
4031eeafa71eaf22ae40a15606a134ae86345daf,1,0,1,1,linux,BFC
8223ac199a3849257e86ec27865dc63f034b1cf1,3,2,22,3,linux,BFC
7db3822ab99157e16c41caa5e7d788834d5a3c7c,173,20,3,2,linux,BIC
c05b21ebc5bce3ecc78c2c71afd76d92c790a2ac,16,0,1,1,linux,BFC
a356646a56857c2e5ad875beec734d7145ecd49a,23,0,0,2,linux,BFC
48d2f0407be7a36e8f20be37ec9121e021ef3964,7,0,1,1,linux,BFC
b027789e5e50494c2325cc70c8642e7fd6059479,35,2,14,5,linux,BFC
8ccd0d0ca04147e91890c373677f1e741dda2631,41,0,0,2,linux,BIC
1c5b2216fbb973a9410e0b06389740b5c1289171,8,1,5,2,linux,BFC
d35d3660e065b69fdb8bf512f3d899f350afce52,7,7,0,1,linux,BFC
1f5307b1e094bfffa83c65c40ac6e3415c108780,19,10,1,2,linux,BIC
96302d89a03524e04d46ec82c6730881bb755923,7,4,0,1,linux,BFC
d02b006b29de14968ba4afa998bede0d55469e29,0,17,0,1,linux,BFC
7b5424361ec9270f40c3e23cb747cc8b9ee66235,4,0,9,3,linux,BIC
ddfc710395cccc61247348df9eb18ea50321cbed,3,0,1,1,linux,BFC
9dda51101a77abb05ae49612164523bb91bf92f0,0,7,3,1,linux,BFC
8ec2f4c6b2e11a4249bba77460f0cfe6d95a82f8,0,1,0,1,linux,BFC
b5916c025432b7c776b6bb13617485fbc0bd3ebd,0,0,1,1,linux,BFC
2f1032517623b70920d99529e5c87c8c680ab8bf,5,0,1,1,linux,BFC
6f0307df83f2aa6bdf656c2219c89ce96502d20e,12,0,5,1,linux,BFC
cddaaa56375615c256eb6960d3092ddb8a7a9154,3,0,0,1,linux,BFC
5008e874edd34705be433bfa74bd29908182b36e,56,43,6,3,linux,BIC
aa7c8da35d1905d80e840d075f07d26ec90144b5,3,0,0,1,linux,BFC
1a3408259bfd5a383b3c7aa7c309c9fb81e35ce0,244,226,4,4,linux,BIC
44cad52cc14ae10062f142ec16ede489bccf4469,1,2,5,2,linux,BFC
7a6c8c34e5b71ac50e39588e20b39494a9e1d8e5,110,0,0,2,linux,BIC
4f4c2c05eb7703b485b4285b8e2eee908c7b4508,0,4,1,2,linux,BFC
7dca6c0ea96b9e583ebcf95fe3c14ba3385f467b,0,23,2,1,linux,BIC
e56a4be2843c95c08cf8421dc1f8e880cafbaf91,0,0,1,1,linux,BFC
2719aa217e0d025dbfce74ac777815776ccec072,15,0,5,1,linux,BIC
4adc33f36d80489339f1b43dfeee96bb9ea8e459,7,0,10,5,linux,BIC
acfaaf52ebfd02de509bc212fc3e8c8bac187110,2,4,0,1,linux,BIC
2416ccd3815ba1613e10a6da0a24ef21acfe5633,4,0,4,1,linux,BFC
c2d095eff797813461a426b97242e3ffc50e4134,0,1,0,1,linux,BFC
36d842194a57f1b21fbc6a6875f2fa2f9a7f8679,3,0,2,3,linux,BFC
94cbe7db7d757c2d481c3617ab5579a28cfc2175,2,0,0,1,linux,BFC
b89c7695b14f58686ac89d5add861f1f6d3fd4da,0,0,1,1,linux,BFC
ce86c2a531e2f2995ee55ea527c1f39ba1d95f73,0,2,0,1,linux,BFC
6c77221df96177da0520847ce91e33f539fb8b2d,7,10,0,1,linux,BFC
a47970ed74a535b1accb4bc73643fd5a93993c3e,15,0,1,5,linux,BFC
394676f05bee6ddea67e9aafc978a7b9afb72528,4,0,4,1,linux,BIC
7d3a2a2bbadb4bf5856ed394ba09b8fbb7a80460,0,0,1,1,linux,BFC
36bedb3f2e5b81832b5895363ed3fedb9ff1e8d0,1224,0,0,2,linux,BIC
8a065ce92b218e453742b745162d75a6f86fb768,4,0,1,1,linux,BFC
4a09f0210c8b1221aae8afda8bd3a603fece0986,8,0,1,1,linux,BFC
2ba5acfb34957e8a7fe47cd78c77ca88e9cc2b03,0,0,1,1,linux,BFC
5e6d2b9cfa3a6e7fe62fc0135bc1bd778f5db564,28,28,20,1,linux,BIC
a79ee2e095c0a60c32d5b1fce39d58e0fc4d9ec5,1,0,0,1,linux,BFC
229c1e0dfd3dfac23b33b7cd88bcb7a9e391b000,5,0,1,1,linux,BIC
7c7ff68daa93d8c4cdea482da4f2429c0398fcde,1,0,0,1,linux,BFC
1d6cff4fca4366d0529dbce170e0f33cfe213790,1205,1,28,8,linux,BIC
74c1e826427ae594a094142cd54e1b8c4c0d6106,2,8,7,3,linux,BIC
a828cd18bc4ad72ff6d64c0dd23dc814a6741fed,695,0,0,4,linux,BIC
03a32da5ca63d418ab95063b06687e00a6df9855,0,0,2,1,linux,BFC
9af86f9338949a9369bda5e6fed69347d1813054,5,0,2,1,linux,BIC
65aa5f6fd8a12e0a343aaf1815949a79a49e3f35,1,0,1,1,linux,BFC
1eff6929aff594fba3182660f7b6213ec0ceda0c,12,6,1,1,linux,BFC
269e583357df32d77368903214f10f43fa5d7a5f,0,1,3,3,linux,BIC
b838d5e1c5b6e57b10ec8af2268824041e3ea911,1,12,4,2,linux,BIC
bd60234222b2fd5573526da7bcd422801f271f5f,12,0,6,1,linux,BFC
bda06be2158c7aa7e41b15500c4d3840369c19a6,10,0,0,1,linux,BFC
bd8688a199b864944bf62eebed0ca13b46249453,5,0,3,1,linux,BFC
669fcd7795900cd1880237cbbb57a7db66cb9ac8,1,0,0,1,linux,BFC
35aae5ab91219f295b298ea922308d33c06470b3,0,29,8,1,linux,BIC
9ceec359e4ebdbbfd35375203c5bd06d602225f7,3,0,0,1,linux,BFC
2ea8bab4dd2a9014e723b28091831fa850b82d83,0,0,1,1,linux,BFC
c4212f3eb89fd5654f0a6ed2ee1d13fcb86cb664,2,0,1,2,linux,BFC
d89d7ff01235f218dad37de84457717f699dee79,5,0,13,3,linux,BFC
2467b6745e0ae9c6cdccff24c4cceeb14b1cce3f,5,0,2,1,linux,BFC
f2a01517f2a1040a0b156f171a7cefd748f2fd03,0,0,2,1,linux,BFC
dbd67252869ba58d086edfa14113e10f8059b97e,1,2,0,1,linux,BFC
5940d1cf9f42f67e9cc3f7df9eda39f5888d6e9e,1,0,0,1,linux,BFC
d0e13f5bbe4be7c8f27736fc40503dcec04b7de0,9,0,2,1,linux,BFC
998912346c0da53a6dbb71fab3a138586b596b30,10,0,0,1,linux,BFC
01c3fd113ef50490ffd43f78f347ef6bb008510b,3,0,3,1,linux,BFC
f1939f7c56456d22a559d2c75156e91912a2e97e,768,0,0,5,linux,BIC
d0f949e220fdf5ed1033e9f6e80749b05f2e7b70,151,0,0,2,linux,BIC
b67fbebd4cf980aecbcc750e1462128bffe8ae15,10,9,7,1,linux,BIC
3923172b3d700486c1ca24df9c4c5405a83e2309,2,0,0,1,linux,BIC
d7cf5f60474cf591db771bc15e3b7320be5399e0,9,1,4,1,linux,BFC
c7e2f69d3ed2e56de1f5eaaf37c0f5f91d7adb0a,2,0,0,1,linux,BFC
498627b4ac85780b9962ed9b5c5abbefd884ef8e,0,0,1,1,linux,BFC
853697504de043ff0bfd815bd3a64de1dce73dc7,3,0,0,1,linux,BIC
0e8f68d7f04856a9e2ad4817b477fa35124888bd,260,0,0,3,linux,BIC
962f0af83c239c0aef05639631e871c874b00f99,4,1,0,1,linux,BFC
beafc54c4e2fba24e1ca45cdb7f79d9aa83e3db1,792,0,0,2,linux,BIC
c3630cc40b4f0fe004e21f19bfb5cd2231c105f8,5,3,4,2,linux,BIC
bc2b4e68023174e508a4a9605384a7fda475f8a8,0,0,1,1,linux,BFC
b82ce24426a4071da9529d726057e4e642948667,0,0,1,1,linux,BIC
a9f38e1dec107af70d81338332494bf0a1e76597,19,13,17,1,linux,BIC
81ac38847a1d7fdd74a232cae195ff8f0fb4ab21,138,0,0,1,linux,BIC
5a317412ef884763fdf7aa17f9f3636959d11d8f,4,1,6,1,linux,BFC
18a8cc9815746b8f0ae6f78733877d3846058d1c,0,2,1,1,linux,BFC
ce4a4e565f5264909a18c733b864c3f74467f69e,1,100,3,7,linux,BIC
6c11fbf97e69d2164406fc634758f90d34501ece,6,2,0,1,linux,BIC
bd90123c4973821775d7ffae9891ad36017702a9,0,0,3,1,linux,BFC
d2b0919615108ea2da7749f8b6b4ca6a0fce0baa,61,55,12,1,linux,BIC
3a1255396b5aba40299d5dd5bde67b160a44117f,1,0,0,1,linux,BFC
d752c364571743d696c2a54a449ce77550c35ac5,61,0,6,4,linux,BIC
fdda8f3406f98fd087784f9516b3825bb4b5f6ad,3,2,6,1,linux,BFC
0f07bd850d3656b2a02815ba7965dc30d30f49f0,0,5,5,1,linux,BIC
773da9b358bfbef1b7a862425fea0d9d9d3443f8,17,0,3,1,linux,BIC
992a60ed0d5e312ce9a485c9e12097ac82ae4b3e,262,0,0,3,linux,BIC
e12a0ce2fa69798194f3a8628baf6edfbd5c548f,15,1,2,1,linux,BFC
3d48b53fb2ae37158e700ffef3f45461ff15c965,37,0,4,4,linux,BIC
ff6a17989c08b0bb0fd490cc500b084581b3a9b9,164,37,280,8,linux,BIC
4d4dad21cc7bee9326430bbbe3ed0fd90692763d,62,2,6,3,linux,BIC
e0a8f9de16fce34fc2957eca4c71d3ff2ac286d5,10,0,5,4,linux,BIC
a932ed3b718147c6537da290b7a91e990fdedb43,10,0,0,1,linux,BFC
14afee4b6092fde451ee17604e5f5c89da33e71e,0,11,74,37,linux,BIC
e94ee171349db84c7cfdc5fefbebe414054d0924,3,0,4,1,linux,BFC
f93aa8c4de307069c270b2d81741961162bead6c,1,0,4,1,linux,BFC
c02aac25f150d1b7215b9481f8cdd30cc607bedf,0,0,2,1,linux,BFC
8f48c0629049fdebb6e783803325bff19176d3fd,14,0,2,1,linux,BIC
7e8d5cd93fac4d3720d8f780b350c9421e8997d4,430,0,0,4,linux,BIC
efd597b2839a9895e8a98fcb0b76d2f545802cd4,0,0,2,1,linux,BFC
2fd9c41aea47f4ad071accf94b94f94f2c4d31eb,0,0,1,1,linux,BFC
56530f5d2ddc9b9fade7ef8db9cb886e9dc689b5,0,0,2,1,linux,BFC
6733b39a1301b0b020bbcbf3295852e93e624cb1,7100,0,0,9,linux,BIC
34db548bfb9580f33d9a7faecafe4da61a4428a3,25,120,57,2,linux,BIC
41e05324fde983b1342f86239868f1959f6032a5,0,0,3,2,linux,BFC
15d27b15de965043d6f8e23bc7f34386fcd1a772,2,0,0,1,linux,BFC
d6af1a31cc72fbd558c7eddbc36f61bf09d1cf6a,18,0,0,1,linux,BIC
563fbefed46ae4c1f70cffb8eb54c02df480b2c2,1,0,0,1,linux,BFC
94b282267c2f3af725b154c91275ed374c1f11de,3,0,0,1,linux,BFC
38c527aeb41926c71902dd42f788a8b093b21416,35,11,3,1,linux,BFC
e23d9b8297546c6ceb7e70771e4915f2a41733cd,11,0,0,1,linux,BIC
8ae743e82f0b86f3b860c27fc2c8f574cf959fd0,6,0,0,1,linux,BFC
bcdde7e221a8750f9b62b6d0bd31b72ea4ad9309,54,1,10,1,linux,BIC
281140a0a2ce4febf2c0ce5d29d0e7d961a826b1,0,0,1,1,linux,BFC
dc80d7038883feca2abd08975165bc0d83c84762,64,26,15,1,linux,BIC
06061dc63bff8d609bc8d64f5d3ef59d0a673b25,4,0,1,1,linux,BFC
28259bac7f1dde06d8ba324e222bbec9d4e92f2b,24,0,1,2,linux,BFC
7a3768c206a006525afc090f92d4d618d8356b92,3,0,0,1,linux,BFC
4be5341026246870818e28b53202b001426a5aec,15,17,1,1,linux,BIC
c18a9c096683dd30300686ffc755443816893968,0,0,3,1,linux,BIC
725cbb62e7ade1bb29aa21a902d74e72b42a0f3d,2,0,4,1,linux,BFC
48fab5bbef4092d925ab3214773ad12e68807223,610,0,15,9,linux,BIC
9e7647b5070fb7efdc6d74b82095256af8749133,239,216,1,3,linux,BIC
b9bc7b8b1e9e815b231c1ca0b566ee723f480987,0,0,2,1,linux,BFC
bff3b04460a80f425442fe8e5c6ee8c3ebef611f,0,0,2,1,linux,BFC
5a465c5391a856a0c1e9554964d660676c35d1b2,0,3,2,1,linux,BFC
df191796985922488e4e6b64f7bd79c3934412f2,0,0,1,1,linux,BFC
8795e182b02dc87e343c79e73af6b8b7f9c5e635,0,7,1,1,linux,BIC
21a446cf186570168b7281b154b1993968598aca,2,0,3,1,linux,BFC
abf31feea26c0f412a191c83f408311a0de7435c,48,11,191,6,linux,BIC
e846efe2737b25a5c0a75b0995eb9ac084c87f5c,150,0,0,2,linux,BIC
012a224e1fa31fc256aab921f691598e03db6018,46,0,49,2,linux,BIC
bb53f4d4f5116d3dae76bb12fb16bc73771f958a,0,0,4,1,linux,BFC
fbbcc3bb139e044653b47f183ac9189c31895f23,0,18,0,1,linux,BIC
8627bdedc435865b015cedeb26e3791dec5b3a41,26,26,17,2,linux,BIC
e50dbdbfd9fb2c9b151b0474205f57f2c267f9b6,19,0,0,3,linux,BIC
65936bf25f90fe440bb2d11624c7d10fab266639,9,14,22,2,linux,BFC
309cf37fe2a781279b7675d4bb7173198e532867,1,0,0,1,linux,BFC
793917d997df2e432f3e9ac126e4482d68256d01,92,0,7,1,linux,BIC
d360211524bece6db9920f32c91808235290b51c,0,0,2,1,linux,BFC
cf9af0d5786c008971148f4e06567a98f6a7f9d0,4,0,27,2,linux,BFC
249a5f6da57c28a903c75d81505d58ec8c10030d,0,21,15,3,linux,BFC
18a955219bf7d9008ce480d4451b6b8bf4483a22,0,0,3,1,linux,BFC
f17c31c48e5cde9895a491d91c424eeeada3e134,0,2,0,1,linux,BFC
44c4237cf3436bda2b185ff728123651ad133f69,0,3,1,1,linux,BFC
2d036dfa5f10df9782f5278fc591d79d283c1fad,0,0,2,1,linux,BFC
3c120143f584360a13614787e23ae2cdcb5e5ccd,0,0,1,1,linux,BFC
ecf51424152bad1b2727409f42ddf1bd86f44b7d,0,9,6,1,linux,BFC
334865b2915c33080624e0d06f1c3e917036472c,0,0,10,1,linux,BFC
bcfcd409d4dbb886d78c61423ce3034c94324c32,67,56,5,1,linux,BIC
374b0e2d6ba5da7fd1cadb3247731ff27d011f6f,3,0,3,1,linux,BFC
f1e4ba5b6a6555d1f6b174d4fd0a96a9363bb57f,0,0,1,1,linux,BFC
e9def1b2e74e3d2134133f70d2a84c242446bbe7,132,0,1,11,linux,BIC
13ed5e8a9b9ccd140a79e80283f69d724c9bb2be,6,0,1,1,linux,BFC
83c1f36f9880814b24cdf6c2f91f66f61db65326,20,0,2,1,linux,BFC
8b10ca2f7551e024b60ab5e27d3e3630c029000a,1,0,0,1,linux,BFC
0d9c9f0f40ca262b67fc06a702b85f3976f5e1a1,0,0,1,1,linux,BFC
d28f4290b53a157191ed9991ad05dffe9e8c0c89,1,0,2,1,linux,BFC
45025bceef17ed5d5ed3006b63c85cf289f79dc8,791,15,142,8,linux,BIC
f70abb0fc3da1b2945c92751ccda2744081bf2b7,2,0,8,2,linux,BIC
0a40891b83f257b25a2b983758f72f6813f361cb,3,0,1,1,linux,BFC
9bb7e0f24e7e7d00daa1219b14539e2e602649b2,1596,7,12,9,linux,BIC
f7e3a5776fa6d2d4376c59c7e1d5b3454745c865,19,1,4,1,linux,BIC
312723a0b34d6d110aa4427a982536bb36ab8471,0,0,1,1,linux,BFC
953cc3e8117013bd39a3b94e28361ce94ad63075,411,0,0,1,linux,BIC
d6c13d74b5c06bef75febf1f351de3c4c255f149,0,0,1,1,linux,BFC
32d53c0aa3a7b727243473949bad2a830b908edc,15,8,2,2,linux,BFC
2f720aac936dc7a301b757d3b197d86c333d59b8,4,0,4,1,linux,BFC
01bd2ac2f55a1916d81dace12fa8d7ae1c79b5ea,0,1,6,1,linux,BFC
ce360db703c98bd51fffe6f5d04a9e2294950514,1,0,1,1,linux,BFC
526ac103dbc67291a071fc57aab0f85ad7298ef3,12,12,0,1,linux,BFC
9f13457377907fa253aef560e1a37e1ca4197f9b,13,0,1,1,linux,BIC
e79a8bcb780314a555897a933d16553b80dbca1f,48,0,0,4,linux,BFC
8e907ed4882714fd13cfe670681fc6cb5284c780,0,6,1,2,linux,BFC
7942f8577f2a63b7a6b8cd70f5354a608b30fead,0,0,4,1,linux,BIC
dd3bf50b35e3e111d6325207177b12af88aec824,332,0,0,1,linux,BIC
a502a8f04097e038c3daa16c5202a9538116d563,11,8,2,1,linux,BFC
0c3767b28186c8129f2a2cfec06a93dcd6102391,0,2,7,1,linux,BFC
c93db7bb6ef3251e0ea48ade311d3e9942748e1c,0,0,1,1,linux,BFC
b05b9c591f9ed6e4b6ba857ad3a1ae84502235e1,170,118,370,1,linux,BIC
af736bf071e8ccf395fa7f7d9d105e020cf609cc,2,0,1,1,linux,BFC
d04a661a2c7169b48782aa5e9d85d4b4383d562e,0,0,1,1,linux,BFC
596efd57cfa1e1bee575e2a2df44fd8ec5e4a42d,8,0,4,1,linux,BFC
ada68c31ba9c02d7aabdd87db979fe670b499d54,72,31,0,5,linux,BIC
b89ddf4cca43f1269093942cf5c4e457fd45c335,0,17,4,5,linux,BFC
7b6da7fe7bba1cdccdda871bf393b855e59404c3,2,60,62,5,linux,BIC
016b87ca5c8c6e9e87db442f04dc99609b11ed36,6,16,7,1,linux,BIC
06e3fe89988b1c99a3d9953b1d3b1faf3f047017,7,0,4,1,linux,BFC
3095e8e366b471f3bcdbf21c9c72a45718ff8756,78,59,102,7,linux,BIC
66e49dedada6e5badbb01e19e7ae511172c5ac7d,82,0,1,1,linux,BIC
886532aee3cd42d95196601ed16d7c3d4679e9e5,33,38,1,1,linux,BIC
d92ad6633fa77f9496840b77c8effeaa13ac78dc,0,0,12,3,linux,BIC
a218cc4914209ac14476cb32769b31a556355b22,90,4,32,1,linux,BIC
cd7879f79f83aec4bb13f0f823f323911dc5397b,3,0,3,1,linux,BFC
3bb502f83080ad28abdd7404f29aa2fc743b28b5,34,0,19,4,linux,BIC
7c0ffcd40b161f56a7cea585297d64aeaf4d44a9,58,38,13,2,linux,BIC
ead1e19ad905b97261f0ad7a98bb64abb9323b2b,10,0,13,1,linux,BFC
becddba9f80f26a2b9ebe9bad2806304ed5e00e1,0,0,1,1,linux,BFC
560d1bcad715c215e7ffe5d7cffe045974b623d0,0,0,1,1,linux,BFC
8030aa3ce12e3b9d47afa62344c601ed508c2d9e,1,5,1,1,linux,BFC
6159d0f5c03e81daed29657e60383ee27f979b4a,0,0,1,1,linux,BIC
ebc77bcc6e1660a011483c035d53c461c8dcc4f5,0,0,2,1,linux,BFC
10d258c51869916347adce4312e6fe41fa5144ad,2,0,0,1,linux,BFC
95a3d4454bb1cf5bfd666c27fdd2dc188e17c14d,39,14,23,1,linux,BIC
60fb9567bf30937e6bedfa939d7c8fd4ee6a1b1c,22,0,12,4,linux,BIC
a6f572084fbee8b30f91465f4a085d7a90901c57,0,9,0,1,linux,BFC
f7f99100d8d95dbcf09e0216a143211e79418b9f,12,1,10,3,linux,BIC
e8a27f836f165c26f867ece7f31eb5c811692319,5,0,0,1,linux,BFC
c38b608504aa1ad8bfa00d85abd61cffad57f27f,0,1,1,1,linux,BIC
4ea6fa2cb921cb17812501a27c3761037d64a217,0,0,1,1,linux,BFC
cd16044d7c38d76fe2f9b71a06619e9590e3e401,0,0,12,1,linux,BFC
e7b2823a582a5bca5ee47644f448e317178e8824,10,0,1,1,linux,BFC
8d32503efde82db4e0a370981e90628ebd6718b5,0,0,11,1,linux,BFC
4450f128c51160bfded6b483eba37d0628d7adb2,0,0,1,1,linux,BFC
ee3b0826b4764f6c13ad6db67495c5a1c38e9025,2,0,0,1,linux,BFC
1b12580af1d0677c3c3a19e35bfe5d59b03f737f,3,0,0,1,linux,BFC
09789e5de18e4e442870b2d700831f5cb802eb05,0,0,4,1,linux,BFC
aa6d1ed107eba26f49933216cffe797253914132,0,0,1,1,linux,BFC
386f771aad15dd535f2368b4adc9958c0160edd4,0,0,1,1,linux,BFC
783237e8daf13481ee234997cbbbb823872ac388,122,4,8,6,linux,BIC
a0dced17ad9dc08b1b25e0065b54c97a318e6e8b,0,0,2,1,linux,BFC
4a86c5462616e0d690ad3c94dc84c3b5f1ea5631,4,0,0,1,linux,BFC
8e71f694e0c819db39af2336f16eb9689f1ae53f,0,2,1,1,linux,BFC
d507941beb1ef98c19e2902007aee4faf36f854f,0,0,1,1,linux,BIC
042be0f849e5fc24116d0afecfaf926eed5cac63,32,0,1,1,linux,BIC
0659b8dc45a6b13a4fec73b2ebb51c96b41974c4,56,0,18,1,linux,BIC
8043bb1ae03cb842cd06a33fb1233e458f6f7f37,46,242,28,1,linux,BIC
fbaff3ef859a86dc3df2128d2de9f8a6e255a967,0,0,1,1,linux,BFC
e476fe8af5ff2102ae622c8bf910d8f7e83eb84e,10,12,0,1,linux,BIC
a066d28a7e729f808a3e6eff22e70c003091544e,0,0,1,1,linux,BFC
1b0b0b581b945ee27beb70e8199270a22dd5a2f6,3,0,3,1,linux,BFC
49281a222ac42724b94f6c874f43a284ec58d37e,0,0,5,3,linux,BFC
68aaee147e597b495622b7c9038e5922c7c61f57,3,7,6,1,linux,BFC
c6e6771b87d4e339d27f1383c8a808ae9b4ee5b8,107,7,14,5,linux,BIC
bb8e370bdc141ddff526e5e5ee74210c91fee0b8,107,0,3,4,linux,BIC
f05ec8d9d0d62367b6e1f2cb50d7d2a45e7747cf,0,2,3,2,linux,BIC
b203e0dfe1a2b0ae5e2681e9285056e4ae8560af,5,0,5,1,linux,BFC
7e2175ebd695f17860c5bd4ad7616cce12ed4591,48,3,28,2,linux,BIC
25628bc08d4526d3673ca7d039eb636aa9006076,35,30,2,3,linux,BFC
47dcc20a39d06585bf3cb9fb381f0e81c20002c3,0,0,4,1,linux,BFC
f3462aa952cfc8f4b095103cb9b3d306dd216558,6,0,1,1,linux,BIC
acfdf7eabea4186a386ba5e656f0c739563cb1a5,26,3,4,3,linux,BFC
919483096bfe75dda338e98d56da91a263746a0a,8,0,3,4,linux,BIC
0aaba41b58bc5f3074c0c0a6136b9500b5e29e19,103,67,95,11,linux,BIC
d8210e28e5807091f38d064142223e8787cc9883,0,0,1,1,linux,BFC
95bdba23b5b4aa75fe3e6c84335e638641c707bb,0,2,3,1,linux,BFC
20e61da7ffcfd84a1b6f797e745608572e5bc218,24,0,9,2,linux,BIC
5785dd7a8ef0de8049f40a1a109de6a1bf17b479,33,30,5,3,linux,BIC
d377f56f34f5bc549c3aabfe27320f3c31235c05,0,0,110,1,linux,BIC
a622b40035d16196bf19b2b33b854862595245fc,0,0,4,1,linux,BFC
e61f9ea271933d987ab895c689fa37744f6fc27f,0,0,2,1,linux,BFC
38f897ae3d44900f627cad708a15db498ce2ca31,0,2,4,1,linux,BFC
507fd01d5333338753a1cc26322dfc9f856c109f,478,340,1,39,linux,BIC
952b6b3b07877419386e719ff20917170e1ce684,1,0,2,1,linux,BFC
9381fe8c849cfbe50245ac01fc077554f6eaa0e2,0,0,1,1,linux,BFC
8805d13ff1b2bef6a7bb8a005d2441763286dd7a,7,2,18,2,linux,BIC
1cd706df8a9c93f4c7234f285e316a239d6d27ea,143,0,0,1,linux,BIC
541a496644512ebed429b33f19a3fadfb19c6ee7,1,0,2,1,linux,BFC
74585d4f84379528347630253c42518c5002d2f9,0,0,1,1,linux,BFC
520f8350364dc0f1cfcb82360f9e22400dd7887d,12,0,11,3,linux,BFC
b6c96e15682549a5b5cb9d0301f44949a012741a,9,0,2,1,linux,BIC
92d9dfda8b547cc292af27e11e11c9eff3bb574f,5,6,10,4,linux,BFC
4b1c5d917d34f705096bb7dd8a2bd19b0881970e,0,0,1,1,linux,BFC
18ed1c01a7dd3d7c780b06a49124da237a4c1790,32,0,1,5,linux,BIC
b1d2dc009dece4cd7e629419b52266ba51960a6b,60,16,4,3,linux,BIC
ad36a27959cabb27dfde35ff103d03b22f6ddb36,0,0,9,1,linux,BIC
c80b18cbb04b7b101af9bd14550f13d9866c646a,1,0,0,1,linux,BFC
96ca4a2cc1454cf633a1e0796b7ef39d937b87ec,8,0,0,1,linux,BIC
4773acf3d4b50768bf08e9e97a204819e9ea0895,0,0,1,1,linux,BFC
b361663c5a40c8bc758b7f7f2239f7a192180e7c,13,0,0,1,linux,BFC
a28dc123fa66ba7f3eca7cffc4b01d96bfd35c27,42,49,6,2,linux,BFC
ab4ab73fc1ec6dec548fa36c5e383ef5faa7b4c1,89,0,6,3,linux,BIC
b6163f194c699ff75fa6aa4565b1eb8946c2c652,2,9,6,1,linux,BIC
27a451e83e78e1167f58cddba189fae4b4fa0d5b,0,0,1,1,linux,BFC
2863643fb8b92291a7e97ba46e342f1163595fa8,1,0,1,1,linux,BIC
a22c4d7e34402ccdf3414f64c50365436eba7b93,20,7,2,1,linux,BIC
4c6355b25e8bb83c3cb455f532b7542089699d98,26,10,49,4,linux,BIC
8aec21c04caa2000f91cf8822ae0811e4b0c3971,2,0,2,1,linux,BFC
b038177636f83bbf87c2b238706474145dd2cd04,192,0,4,6,linux,BIC
5e23c98178eb1a2cdb7c4fee9a39baf8cabf282d,3,0,0,1,linux,BFC
e5863d9ad754926e7d3f38b43ac8bd48ef73b097,139,2,46,7,linux,BIC
e41c7c68ea771683cae5a7f81c268f38d7912ecb,3,0,0,1,linux,BIC
ba1ed4ae760a81caf39f54232e089d95157a0dba,8,0,1,1,linux,BFC
a37b19a384914c60b7e1264a6c21e7bf96b637e8,6,0,2,2,linux,BFC
48f6e7f6d948b56489da027bc3284c709b939d28,0,207,15,4,linux,BFC
01555e74bde51444c6898ef1800fb2bc697d479e,55,0,6,2,linux,BIC
cae303df3f379f04ce7efadb2e30de460918b302,0,0,1,1,linux,BFC
1b0b9cc8d3793e31b313e6c9685513b08cd883c4,1,0,0,1,linux,BFC
3a3a100473d2f6ebf9bdfe6efedd7e18de724388,1,0,0,1,linux,BFC
5dcd08cd19912892586c6082d56718333e2d19db,0,0,5,4,linux,BFC
d0464bcf12af54bafe02dd23ac5bd75d825f9fdd,0,5,0,1,linux,BFC
85709cbf152465c77a9c2de48a6f4ef23c8c3d83,6,4,64,35,linux,BIC
d49baa7e12ee70c0a7b821d088a770c94c02e494,9,0,31,1,linux,BFC
4fa4b38dae6fc6a3695695add8c18fa8b6a05a1a,9,9,0,1,linux,BFC
77fd5c15e3216b901be69047ca43b05ae9099951,109,0,1,1,linux,BIC
d2b67744fd99b06555b7e4d67302ede6c7c6a638,18,0,0,1,linux,BFC
e80d1c805a3b2f0ad2081369be5dc5deedd5ee59,22,0,19,7,linux,BIC
6e44bd6d34d659c44cd8e7fc925c8a97f49b3c33,5,0,1,1,linux,BFC
1e947bad0b63b351cbdd9ad55ea5bf7e31c76036,89,27,32,2,linux,BIC
bf8bfc4336f7a34e48b3bbd19b1542bf085bdc3d,21,0,0,1,linux,BFC
626851e9225df93eda00f6b256cb74ad0860e418,40,0,1,2,linux,BIC
1c1ff29da6c86864e73b05d4301a2df1d161f2da,0,7,2,3,linux,BFC
0da2d66666d32769fa0aebb5f1d2d0a86be6c5d2,1,91,14,1,linux,BIC
6c81966107dc0caa5d2ebedbcebb5f10d865064d,846,0,2,3,linux,BIC
77e0be12100a3d40abfa46ef54c323b6cfff41ed,5,0,0,1,linux,BIC
79ea73b05aaa83b7451a3aee48a5e835fb0f3864,0,3,0,1,linux,BFC
47be24796c13e7d9f087005c2bedc68ee0709f7b,41,0,13,1,linux,BIC
8f32b90981dcdb355516fb95953133f8d4e6b11d,271,27,18,2,linux,BIC
68d16195b61c503551631ee059c3f65452c49b30,6,0,2,1,linux,BFC
79fbd3e1241cea83dded06db2b8bcd5893d877d7,33,15,27,13,linux,BIC
0955901908e80384592ed85aa164d7e5be6cc067,0,0,1,1,linux,BFC
7867b98dceb7741065c9c1b645136facad5c2e93,3,3,8,2,linux,BIC
9dd0b82ef530cdfe805c9f7079c99e104be59a14,56,0,14,1,linux,BIC
df2e400e07ad53a582ee934ce8384479d5ddf48b,6,0,1,1,linux,BFC
ccd143e5150f24b9ba15145c7221b61dd9e41021,3,0,1,1,linux,BFC
90ca78deb004abe75b5024968a199acb96bb70f9,7,0,2,1,linux,BFC
27fe407cb5122f12cfe976813686e8206425c32a,0,0,1,1,linux,BFC
fedd0c15d2885e393d4ef4db818b462c3bbfc337,598,0,0,2,linux,BIC
a0b92e0514bb3c5e57c33fd720724a629f67e042,14,3,8,2,linux,BFC
3ebfa92f49a61a00e967112632ad10e92998bb75,55,0,1,2,linux,BIC
672eaf37db9f99fd794eed2c68a8b3b05d484081,0,1,0,1,linux,BFC
1c1348bf056dee665760a3bd1cd30b0be7554fc2,3,0,0,1,linux,BFC
65dabaf532ba632d3660fc7943f3fe47c7c56dc0,0,2,2,1,linux,BFC
e914d8f00391520ecc4495dd0ca0124538ab7119,0,54,0,1,linux,BFC
b811580d91e9c0945b0a923dcec3e10cce04ac30,90,0,0,3,linux,BIC
330bec4b7ccf4a556469cfec2ad695a180e35954,21,4,7,1,linux,BFC
835fe6d75d14c1513910ed7f5665127fee12acc8,1,0,0,1,linux,BFC
bbeddf52adc1b4207674ab88686cbbe58c24f721,102,19,14,4,linux,BIC
77cbf790e5b482256662e14c8b6ef4fecb07d06d,4,0,3,1,linux,BFC
967dd48417874dd25491a4e933648f394a64f70f,0,25,0,25,linux,BIC
33203bc4d61b33f1f7bb736eac0c6fdd20b92397,320,15,30,4,linux,BIC
59f47eff03a08cd2d91310f1c15a5343fa0071e5,0,6,2,1,linux,BIC
4bd00b55c978017aad10f0ff3e45525cd62cca07,116,0,3,2,linux,BIC
d6adc251dd2fede6aaaf6c39f7e4ad799eda3758,99,33,14,2,linux,BIC
f967140dfb7442e2db0868b03b961f9c59418a1b,0,3,7,1,linux,BFC
f2e0a0b292682dd94274d6793d76656b41526147,0,0,1,1,linux,BFC
d39eca547f3ec67140a5d765a426eb157b978a59,2,0,1,1,linux,BFC
25683bab09a70542b9f8e3e28f79b3369e56701f,0,0,1,1,linux,BFC
523224a3b3cd407ce4e6731a087194e13a90db18,3161,1619,1649,18,linux,BIC
6b7898eb180df12767933466b7855b23103ad489,3,7,0,1,linux,BFC
986a4b63d3bc5f2c0eb4083b05aff2bf883b7b2f,0,1,1,2,linux,BFC
9ceaf6f76b203682bb6100e14b3d7da4c0bedde8,22,2,4,2,linux,BFC
769071ac9f20b6a447410c7eaa55d1a5233ef40c,341,0,10,9,linux,BIC
26749aa8d1261bd6f2db9d019276d4277dde7df8,0,1,0,1,linux,BFC
7d638093d4b0e9ef15bd78f38f11f126e773cc14,2,0,0,1,linux,BFC
ed50e1600b4483c049ce76e6bd3b665a6a9300ed,1,0,0,1,linux,BIC
614c9750173e412663728215152cc6d12bcb3425,0,0,1,1,linux,BFC
16287397ec5c08aa58db6acf7dbc55470d78087d,1,0,0,1,linux,BFC
6855ac4acd3bad4a5caf813b0e401a0bc79a54a9,0,0,3,1,linux,BFC
24c63bbc18e25d5d8439422aa5fd2d66390b88eb,2,0,0,1,linux,BFC
b88d28146c30a8e14f0f012d56ebf19b68a348f4,0,0,4,1,linux,BFC
128bb975dc3c25d00de04e503e2fe0a780d04459,5,5,2,1,linux,BFC
0782b66ed2fbb035dda76111df0954515e417b24,6,1,2,1,linux,BFC
bec5eb6141308a30a73682330cb045a40e442b8c,209,5,41,7,linux,BIC
8e99cf91b99bb30e16727f10ad6828741c0e992f,19,0,1,1,linux,BIC
bc72f3dd89e087e33afe8c490fbe132e3dcd9afe,0,0,5,1,linux,BFC
987914ab841e2ec281a35b54348ab109b4c0bb4e,1,0,0,1,linux,BFC
191f86ca8ef27f7a492fd1c03620498c6e94f0ac,0,0,1,1,linux,BFC
1aee505e0171fc38fd5ed70c7f0dcbb7398c759f,3,0,0,1,linux,BFC
c245d94ed106c4ebb8a4bc1d08b78e3c39c38afb,4,15,49,1,linux,BIC
72ea0321088df2c41eca8cc6160c24bcceb56ac7,0,0,1,1,linux,BFC
2269583753d2b8fdd3c861a516ff0cdbfcf4ef0b,6,0,4,1,linux,BFC
2db9ce1fd9a34ea560ff120bf763007ddf99c7bb,88,4,3,2,linux,BIC
a481daa88fd4d6b54f25348972bba10b5f6a84d0,1,0,3,1,linux,BIC
6209344f5a3795d34b7f2c0061f49802283b6bdd,43,0,19,3,linux,BIC
72b0094f918294e6cb8cf5c3b4520d928fbb1a57,0,0,1,1,linux,BIC
ad9b2b8e53af61375322e3c7d624acf3a3ef53b0,1,0,7,1,linux,BFC
48b458591749d35c927351b4960b49e35af30fe6,1,0,1,1,linux,BFC
4753231cc94683903135b9ca6d71eaab79f81349,913,0,0,1,linux,BIC
ccac7ce373c1b5175bcf733fe6223129b8975788,63,96,22,17,linux,BIC
b953eaaeb58efc944f51cffd3f6838657958f0f8,7,9,7,1,linux,BIC
11921796f4799ca9c61c4b22cc54d84aa69f8a35,0,0,1,1,linux,BFC
3a12df22a8f68954a4ba48435c06b3d1791c87c4,0,0,10,1,linux,BFC
ac7ce78ba036c0f9952d9706b1941c7d80c78680,0,0,1,1,linux,BFC
f371b304f12e31fe30207c41ca7754564e0ea4dc,73,0,0,5,linux,BIC
8b230ed8ec96c933047dd0625cf95f739e4939a6,21943,0,0,26,linux,BIC
f253473699b2e308e48a6e2eacb4391e045410c9,0,0,1,1,linux,BFC
6c3af955935223217f23ef0ae672d3842418ec50,11,0,10,3,linux,BIC
9eeec26a13392d6efb5215c26b5e9965ef7ac2af,10,40,9,1,linux,BIC
639e298f432fb058a9496ea16863f53b1ce935fe,12,0,1,2,linux,BFC
48620e341659f6e4b978ec229f6944dabe6df709,0,0,1,1,linux,BFC
0b97a484e52cb423662eb98904aad82dafcc1f10,4,0,2,1,linux,BFC
5b09179e7fa2849a0c95d14bb69416693e0ed0c3,0,0,1,1,linux,BFC
7205981e045e752ccf96cf6ddd703a98c59d4339,5,0,0,1,linux,BFC
149d17140bcedc906082c4f874dec98b1ffc5a90,0,0,3,1,linux,BFC
a493d1ca1a03b532871f1da27f8dbda2b28b04c4,7,0,6,2,linux,BFC
d1cc0ec3da23e44c23712579515494b374f111c9,2,0,1,1,linux,BFC
6b06546206868f723f2061d703a3c3c378dcbf4c,10,57,6,2,linux,BFC
68dd8ef321626f14ae9ef2039b7a03c707149489,0,0,8,1,linux,BIC
ba8c931ded8d96c8923662099416bc2096644eab,12,23,4,1,linux,BIC
2030708377a219b548a9a36da57d3852382baf1d,0,0,2,1,linux,BFC
3950bf3dbff1010e3309416f9fe2acbea03156d5,147,119,150,7,linux,BIC
c2a960f7c5741cc4f03b4e587afeb89ad53c32c5,2,0,0,1,linux,BIC
6c805adf17d491ea66d3cf80db3ada75b7180268,0,2,2,1,linux,BFC
e40261156829d66ec4644243bc31e1831733638f,0,1,2,1,linux,BFC
722ec35f7faefcc34d12616eca7976a848870f9d,4,0,0,1,linux,BFC
552c494a7666c7fe490f179db1f52239a41fe734,138,0,2,2,linux,BIC
7360e4b14350a3a461645e0413ce58fbc8785fd8,85,0,0,2,linux,BIC
111b9dc5c981ba608b4afede37237cfeb67b07f2,21,0,9,1,linux,BIC
13d7f46386e060df31b727c9975e38306fa51e7a,0,0,1,1,linux,BFC
a2cbf80a842add9663522bf898cf13cb2ac4e423,0,0,1,1,linux,BFC
333a2101f47c4360ee78bb827277615d405b1cf7,0,0,2,1,linux,BFC
eb29429d81e31b191f3b2bd19cf820279cec6463,2,0,1,1,linux,BFC
3e2e1c3098fcc02369f0eea822d0a7914b691567,80,0,7,1,linux,BFC
49fc23018ec64f4786e65d96a25a90711f35286f,176,0,0,1,linux,BIC
1befd944e05050d76950014f3dc04ed47faba2c3,4,5,9,4,linux,BFC
48737ac4d70faffeb516e2a9847e24f9a7eee05f,2,1,0,1,linux,BFC
9c1368fc50e78ff862a05d1a0995ce44413c49e2,30,0,3,3,linux,BIC
0372dd2736e02672ac6e189c31f7d8c02ad543cd,0,0,1,1,linux,BFC
7ffd948fae4cd4f0207bece20132edd9afb9abcc,269,250,3,3,linux,BIC
4cba398f37f868f515ff12868418dc28574853a1,1,0,1,1,linux,BFC
6d59d4fa1789e0ca51dc33494376272a61b80104,13,3,12,1,linux,BIC
163b00cde7cf2206e248789d2780121ad5e6a70b,0,0,2,1,linux,BFC
7aef4172c7957d7e65fc172be4c99becaef855d4,2,0,3,1,linux,BIC
a84d1169164b274f13b97a23ff235c000efe3b49,25,0,0,3,linux,BIC
e8a33aa0e3bc22134bf2bf3ca6339d6a1b7ffe16,4,0,2,1,linux,BFC
efdaf27517a892238e0dfa046cd91184b039d681,1,0,3,1,linux,BFC
e9838bd51169af87ae248336d4c3fc59184a0e46,1,0,0,1,linux,BFC
ed0e894de7c1339be55ca0dcc11783d923ac5248,870,1,8,6,linux,BIC
6d47b53fb3f363a74538a1dbd09954af3d8d4131,2,0,0,1,linux,BFC
a2227a27774328507a5c2335a6dd600c079d1ff5,46,3,4,2,linux,BIC
11e1a1648298656722fe206a53e555e2e98668ae,1,13,4,2,linux,BIC
102ca6606c96979cbef53dff30deac5e909a1914,0,6,0,2,linux,BFC
8d1beda5f11953ffe135a5213287f0b25b4da41b,0,2,1,1,linux,BFC
c1fef73f793b7fd9d2ffcb5ef85807ea55bf7adb,507,0,2,5,linux,BIC
525cac75740542e23c31cd0f248f9b29ae4978e9,5,0,10,2,linux,BFC
084f7e2377e89ccbc8375b5486c6b4c16682f602,1,0,1,1,linux,BFC
42bc4fafe359ed6b73602b7a2dba0dd99588f8ce,7,4,2,1,linux,BFC
c9b8da77f22d28348d1f89a6c4d3fec102e9b1c4,0,0,1,1,linux,BFC
b0d7fbf8b174168c580bb310964c3c809e5569a9,0,15,4,1,linux,BFC
29009604ad4e3ef784fd9b9fef6f23610ddf633d,0,0,2,1,linux,BFC
4bad58ebc8bc4f20d89cff95417c9b4674769709,44,0,2,5,linux,BIC
44acfc22c7d055d9c4f8f0974ee28422405b971a,0,0,1,1,linux,BFC
4621ceb279d065151eb940ce8a4728b10c0646c7,28,0,0,1,linux,BFC
c614475b0ea9f7e6b3f76a46be315579bb899397,246,0,0,1,linux,BIC
ee671b016fbfc26d69c3fe02e28706222beb1149,78,10,3,1,linux,BIC
de0c799bba2610a8e1e9a50d76a28614520a4cd4,5,5,0,1,linux,BFC
223b02d923ecd7c84cf9780bb3686f455d279279,0,0,2,1,linux,BFC
49ffac5907a8ff30c2cfc6ff9d56fe5c81abb059,0,0,1,1,linux,BFC
ee28de6bbd78c2e18111a0aef43ea746f28d2073,51,7,24,1,linux,BFC
1ded56df3247d358390ae6dc09ccee620262ac5f,0,3,2,1,linux,BFC
12d1402ce35a900b4273893b885ddf35dbea0571,1,0,0,1,linux,BFC
5e5ccff60a2977142d39b987a8b90e422d9fc634,159,0,4,3,linux,BIC
8fa1696ea78162ca3112a26879d9379483443c85,124,0,1,6,linux,BIC
df45a55788286c541449d82ee09fef3ac5ff77a1,7,0,0,1,linux,BFC
214a5ea081e77346e4963dd6d20c5539ff8b6ae6,0,0,2,1,linux,BFC
e231c6879cfd44e4fffd384bb6dd7d313249a523,0,0,1,1,linux,BFC
1eb6234e52f0cbb87f59c328687127866d57941a,23,26,2,4,linux,BFC
a7f0e4bea8eda1d286f4e99176bcb88f53aa703b,4,0,1,1,linux,BFC
7be3cb019db1cbd5fd5ffe6d64a23fefa4b6f229,1,0,1,1,linux,BFC
f7f8c1756e9a5f1258a7cc6b663f8451b724900f,6,0,1,1,linux,BFC
e0d0e1fdf1ed9dcbca60409af0856fa17f0021cb,55,1,1,3,linux,BIC
d578e18ce93f5d33a7120fd57c453e22a4c0fc37,2,0,2,1,linux,BFC
57d3b816718c1cf832e2929a754da3564c6127cc,387,907,41,4,linux,BIC
9795e0e8ac0d6a3ee092f1b555b284b57feef99e,5,0,2,1,linux,BFC
86287543715ac2a6d92d561cc105d79306511457,0,0,1,1,linux,BFC
7aca565ee3d0febeb980545a5ce72452b401ac90,0,10,1,1,linux,BIC
109ec558370f78143509d9ebb6c26e19de1f1fb9,236,63,15,2,linux,BIC
94dd3bada53ee77b80d0aeee5571eeb83654d156,0,0,2,1,linux,BFC
a389aece97938966616ce0336466b98b0351ef10,1,0,1,1,linux,BFC
09aecfab93b8f728c5d65d33f26055b7e726df3b,76,0,0,2,linux,BIC
96d7a4e06fab9fbc4f67c563af65b073902f3e61,15,0,21,1,linux,BIC
ba4e5abc6c4e173af7c941c03c067263b686665d,2,0,2,1,linux,BFC
b5881e8019e0d39c43a2da56c4ae616a50615e00,0,0,1,1,linux,BFC
5b54860943dc4681be5de2fc287408c7ce274dfc,0,0,3,2,linux,BFC
c4191e55b8741f72d44c7c1435c340681ae1ea4e,2,3,7,1,linux,BIC
6cbfb1bb66e4e85da5db78e8ff429a85bd84ce64,0,0,1,1,linux,BFC
8d43e3966b31df1986342dc8b69072ee26f0589b,0,7,0,1,linux,BFC
3bb23421a504f01551b7cb9dff0e41dbf16656b0,0,0,2,2,linux,BFC
beacff50edbd6c9659a6f15fc7f6126909fade29,6,2,3,1,linux,BFC
690aa8c3ae308bc696ec8b1b357b995193927083,5,0,4,1,linux,BFC
e65a9e480e91ddf9e15155454d370cead64689c8,14,19,79,3,linux,BFC
365f7a89c881e84f1ebc925f65f899d5d7ce547e,3,0,0,1,linux,BFC
3c0b976bf20d236c57adcefa80f86a0a1d737727,2,2,0,1,linux,BFC
707aeea13a9c85520262e11899d86df3c4b48262,0,3,0,1,linux,BFC
968159c0031ac1e07ab4426397e786c9c483f068,0,0,24,13,linux,BIC
04b8e946075d4582093e84f54dc1a004b227794d,3,0,4,1,linux,BIC
40ce7919d8730f5936da2bc8a21b46bd07db6411,2,3,1,1,linux,BFC
d3623099d3509fa68fa28235366049dd3156c63a,90,1,8,6,linux,BIC
38e44da591303d08b0d965a033e11ade284999d0,42,0,0,2,linux,BIC
b5941f066b4ca331db225a976dae1d6ca8cf0ae3,14,0,1,1,linux,BFC
9d15134d067ecb52bf02136234fbd1d09e1706d8,17,0,20,1,linux,BIC
45abdf35cf82e4270328c7237e7812de960ac560,1,0,1,1,linux,BFC
e7f4dc3536a40097f95103ddf98dd55b3a980f5b,6,354,42,54,linux,BIC
f507c0c67dac57d2bcd5dcae4b6139b0305d8957,1,0,0,1,linux,BFC
46f69ded988d2311e3be2e4c3898fc0edd7e6c5a,25,25,8,1,linux,BIC
2f23cd42e19c22c24ff0e221089b7b6123b117c5,2,0,0,2,linux,BFC
3ec24fb4c035e9cbb2f02a48640a09aa913442a2,0,0,2,1,linux,BFC
bc80573ea25bb033a58da81b3ce27205b97c088e,2,1,0,1,linux,BFC
7d95eddf313c88b24f99d4ca9c2411a4b82fef33,0,22,14,1,linux,BFC
198b62f83eef1d605d70eca32759c92cdcc14175,21,1,10,1,linux,BFC
c179ea270100488c416890beef6424ce390ceb38,4,0,2,1,linux,BFC
f6ee9b582d2db652497b73c1f117591dfb6d3a90,1,0,2,1,linux,BFC
ed06fce0b034b2e25bd93430f5c4cbb28036cc1a,0,0,1,1,linux,BFC
c3ea9fa2741320f9cade15efe10559b549af4ebf,2,24,3,1,linux,BIC
bc0ebbd5b5c14cd8d85ba671d725fb439741afa2,0,0,2,1,linux,BFC
bacd22df95147ed673bec4692ab2d4d585935241,0,0,6,2,linux,BFC
98e48cd9283dbac0e1445ee780889f10b3d1db6a,6,0,0,1,linux,BIC
1adb20f0d496b2c61e9aa1f4761b8d71f93d258e,0,0,4,1,linux,BFC
22dd149167359981ea6f4afde04026fb78747ddc,0,1,0,1,linux,BFC
fe5be808fa6c8df5cf939ec622514f970573bc88,0,27,0,1,linux,BIC
d2c12f56fa97df216e71437b218ffbeeb4dd46aa,11,0,4,1,linux,BFC
633fb6ac39801514613fbe050db6abdc3fe744d5,12,6,4,3,linux,BIC
df097a278c7592873d88571a8c78f987f6ae511b,54,2,12,2,linux,BIC
23a3647bc4f93bac3776c66dc2c7f7f68b3cd662,52,41,3,1,linux,BIC
946eb87114af37c9c13c618a7c1cdaca936905fa,0,7,4,1,linux,BFC
25adc29407fb3a064921af664f2e5134846312b9,548,0,0,1,linux,BIC
337ed732b35cdd7c8119d9464b40b6b539b75a25,0,0,4,1,linux,BFC
05a31b94af3226ee47dcb6802229a7a576105d47,0,32,32,1,linux,BFC
391d89dba8c290859a3e29430d0b9e32c358bb0d,0,1,0,1,linux,BFC
3dcbdb134f329842a38f0e6797191b885ab00a00,19,0,0,1,linux,BIC
5cc7ce779b60ca9a6cb84a22debf278327550ff7,14,0,0,1,linux,BFC
49dd18ba4615eaa72f15c9087dea1c2ab4744cf5,4,0,0,1,linux,BFC
0702bc4d2fe793018ad9aa0eb14bff7f526c4095,4,0,0,1,linux,BFC
9f40b6e77d2f888a8c0608036eb124cedb6d2434,41,37,0,1,linux,BFC
f6dbf83c17cb223ceabd7c42d441414f3e0e8a86,13,0,3,1,linux,BFC
1ee6f347f81925fa8f3816e69ca1b49021f37850,0,0,1,1,linux,BFC
44144185951a0ff9b50bf21c0cd1f79ff688e5ca,171,3,17,4,linux,BIC
e272f7ec070d212b9301d5a465bc8952f8dcf908,6,0,0,1,linux,BFC
afd0b1fb22269f48d68fdf269891c653818c8047,3,0,2,1,linux,BFC
ce0c12b633846a47e103842149a5bac2e5d261ec,6,1,1,1,linux,BFC
21aea5cc06667b7e34cf7bd3fc17a1fb2937baa9,0,0,1,1,linux,BFC
3b90946fcb6f13b65888c380461793a9dea9d1f4,0,0,1,1,linux,BFC
2928135c93f873b260ba1a88023f0bbe0f67e315,7,0,0,1,linux,BIC
4c2c2e39713b8cfbb73d304c830e883f5b2ad9ec,187,0,0,2,linux,BIC
df9576def004d2cd5beedc00cb6e8901427634b9,0,0,1,1,linux,BFC
257a73031d29447ee82fe06d2b97d8564f63276d,0,3,0,1,linux,BFC
5fa1659105fac63e0f3c199b476025c2e04111ce,24,0,0,1,linux,BIC
ea0d762775e20aaff7909a3f0866ff1688b1c618,7,0,0,1,linux,BFC
ccaa66c8dd277ac02f96914168bb7177f7ea8117,14,0,11,1,linux,BIC
236968383cf5cd48835ff0d8a265e299e220d140,34,1,7,1,linux,BIC
d89f473ff6f84872e761419f7233d6e00f99c340,0,0,1,1,linux,BIC
f7d9d4854519fdf4d45c70a4d953438cd88e7e58,0,3,0,1,linux,BFC
2d01ddc86606564fb08c56e3bc93a0693895f710,61,12,14,1,linux,BIC
cc8e9ebf952699cb6870f1366a4920d05b036e31,58,0,9,1,linux,BFC
ef1433f717a2c63747a519d86965d73ff9bd08b3,19,0,4,2,linux,BIC
387454901bd62022ac1b04e15bd8d4fcc60bbed4,10,0,6,3,linux,BIC
c288575f7810a51fb0517b9ba8fef2f6e5d551c4,1085,0,24,2,linux,BIC
a6c2f792873aff332a4689717c3cd6104f46684c,38,0,5,5,linux,BIC
0d08709383377087bc50825db4b47c058c7ab70a,115,0,1,1,linux,BIC
87d9e568496aeb519f1da61f54ac0dcb8d37561e,1,1,0,1,linux,BFC
f3906bd36087dd3440ecaf6e044690374d01f927,13,6,2,1,linux,BIC
fd2a0437dc33b6425cabf74cc7fc7fdba6d5903b,101,0,0,1,linux,BIC
afdad61615cc37fef91bc70af7ee5b293785fbd6,139,79,56,3,linux,BIC
467a3bb974320a23c0c000559cc54b64e06e9787,8,0,1,1,linux,BIC
7b24dacf0840056f9c51107eddc5bd7efbd20133,28,0,1,1,linux,BIC
d75e7f63b7c95c527cde42efb5d410d7f961498f,9,14,8,2,linux,BFC
4b6c1060eaa6495aa5b0032e8f2d51dd936b1257,12,0,0,2,linux,BFC
370bad0f9a5261da0ef0bc76705f5b0b8af148ab,114,10,14,4,linux,BIC
9bdfb3b79e61c60e1a3e2dc05ad164528afa6b8a,0,0,1,1,linux,BFC
a2c42bbabbe260b7626d8459093631a6e16ee0ee,0,0,1,1,linux,BFC
f2553d46783409656d82e46913354ed0c058cc0c,0,8,0,1,linux,BFC
f74367e492ba24be43ba0f440c6bac98a6f3b277,28,8,20,4,linux,BFC
07106f86ae13d9197bfd38c2d47743304b14099e,0,0,1,1,linux,BFC
2d6a4d64812bb12dda53704943b61a7496d02098,1,0,1,1,linux,BFC
3a30537cee233fb7da302491b28c832247d89bbe,0,0,1,1,linux,BFC
b49c15e1211cc962cb73bbaaa5175ae068144893,8,0,1,1,linux,BFC
b25251414f6e007c6ce7a0f6b96542bce728ffd9,16,7,2,1,linux,BIC
02b88eea9f9cab82f5f4be234c64466503021f82,62,0,0,1,linux,BIC
549bd8bc598759607b5ffc2eb052a3c99a85552e,39,0,85,1,linux,BIC
be80e758d0c2ec87eceac7676f08c761b4235869,235,0,1,3,linux,BIC
2fd8db2dd05d895961c7c7b9fa02d72f385560e4,1,0,0,1,linux,BFC
7a7003b1da010d2b0d1dc8bf21c10f5c73b389f1,0,0,1,1,linux,BFC
8c0381f55bbf70a3b8ab24e4f5ac62125c44c804,0,0,1,1,linux,BFC
52875a04f4b26e7ef30a288ea096f7cfec0e93cd,183,0,3,3,linux,BIC
9006c133a422f474d7d8e10a8baae179f70c22f5,1,50,1,6,linux,BIC
f087f01ca2c5ea846fb798f09f4106b551c32147,0,2,13,1,linux,BIC
5d5182cae40115c03933989473288e54afb39c7c,343,3,66,7,linux,BIC
c9dca822c72914ff33593b12f9fb229f0c0afd47,6,0,0,1,linux,BIC
1d267ea6539f266352f4739c718e278dc62b1df7,0,7,11,1,linux,BIC
d456f3875af2eb5bf5a9cbd526622801ffc51037,4,0,5,1,linux,BFC
b87482dfe800f326f8f5b0093273ee6bd5b5fe9f,48,0,4,3,linux,BFC
9cd81988cce195598e04fd8290fea873052bb7bd,0,0,2,1,linux,BIC
8eb37ab7cc045ec6305a6a1a9c32374695a1a977,3,0,1,1,linux,BFC
b2150cab9a97c1fcc15684200a6020b6d231106d,2,0,0,1,linux,BIC
d9676fa152c83b82137af950b1d4f629045d90c9,34,0,1,1,linux,BIC
1f7b7081568bca281f4ef42096206180cfaced00,3,0,2,1,linux,BFC
34b8ab091f9ef57a2bb3c8c8359a0a03a8abf2f9,62,0,9,4,linux,BIC
ae0222b7289db6c14c790ea7ffa759b3d933a78f,1114,0,0,3,linux,BIC
c93552c443ebc63b14e26e46d2e76941c88e0d71,56,14,9,2,linux,BFC
60a707d0c99aff4eadb7fd334c5fd21df386723e,25,0,1,1,linux,BFC
fa31f0c98d64212b2b2b4a1e6d887208b6acb2d9,0,0,1,1,linux,BFC
ddba766dd07e67d0ca70b632d3bbac72234b547e,0,15,4,1,linux,BIC
74f430cd0fdee1bdfb25708ee1e52fc860535a89,0,0,2,1,linux,BFC
b5679cebf780c6f1c2451a73bf1842a4409840e7,0,7,1,1,linux,BFC
301fc3f5efb98633115bd887655b19f42c6dfaa8,5,0,0,1,linux,BFC
a507a3065c09d69677c502905e597750da3a9815,0,1,1,1,linux,BFC
91555ce9012557b2d621d7b0b6ec694218a2a9bc,2,4,1,1,linux,BFC
efcefc7127290e7e9fa98dea029163ad8eda8fb3,0,1,3,1,linux,BFC
19d1c32652bbbf406063025354845fdddbcecd3a,5,0,0,1,linux,BFC
094619449a16672f9815964e1ad39e11ff84ae2c,25,32,15,2,linux,BFC
33ada14a26c8f174dac8765f4236ca66c64ae5be,6912,0,0,3,linux,BIC
15c30bc0908514b4a72fadc3995d32313500393a,4,0,6,1,linux,BIC
f102ed0686b16a91473ad8ca4af8159b2d6bcb0a,0,0,1,1,linux,BFC
490c97747d5dc77dfb5826e2823b41d8b2ef7ecc,1,3,4,1,linux,BIC
65ddf6564843890a58ee3b18bb46ce67d96333fb,14,0,4,1,linux,BIC
c21c8cf77f47e234b5724d24dd133dc034351327,4,0,3,2,linux,BIC
099b990bd11a3a96b5d59973f482018e5cbde6c3,100,0,0,7,linux,BIC
0b89429722353d112f8b8b29ca397e95fa994d27,0,0,1,1,linux,BFC
3089ec2c104ccfb7295d6c2a25d5b505cc59669b,1,0,0,1,linux,BFC
0a8f1117a6803398d361e7bd76fef59c636f143b,19,0,0,1,linux,BIC
bcf643c51434e1f7930e3b951a406eb63c4c71f6,2,0,3,1,linux,BFC
c98b0537f0d962b46c62c27b6c2d783257f7400f,2,0,4,1,linux,BFC
1579c7b9fe0105a523440ec13b0c59da53c880e3,192,0,1,2,linux,BIC
42e35f8072c339cbdcaf4de95dc6e1815c2797cf,0,2,6,1,linux,BIC
1159708432f7067b82388695e29d7105e79bd293,0,0,1,1,linux,BFC
639e5eb3c7d67e407f2a71fccd95323751398f6f,1,2,0,1,linux,BIC
969b276718de37dfe66fce3a5633f611e8cd58fd,1,0,4,1,linux,BFC
3920742b92f5ea19a220edb947b6f33c99f501da,20,0,0,1,linux,BIC
3d7d407dfb05b257e15cb0c6b056428a4a8c2e5d,116,0,14,1,linux,BIC
f64c3ab230682e8395a7fbd01f3eb5140c837d4e,25,0,4,1,linux,BFC
7e1d90f60a0d501c8503e636942ca704a454d910,4,5,10,3,linux,BFC
8014370f1257619226b79cb6de8e28563fbbc070,39,27,20,3,linux,BIC
fdcfd854333be5b30377dc5daa9cd0fa1643a979,3,8,119,113,linux,BIC
3acd48507dc43eeeb0a1fe965b8bad91cab904a7,15,0,7,3,linux,BIC
868d523535c2d00b696753ece606e641a816e91e,73,3,3,2,linux,BIC
f0c3b5093addc8bfe9fe3a5b01acb7ec7969eafa,1,206,283,9,linux,BIC
3eec158d5eca7dd455118d9e00568aad2371219f,0,0,1,1,linux,BFC
ed6b4795ece45e43856f6a42571d477695173742,525,0,0,1,linux,BIC
7d839b4b9e00645e49345d6ce5dfa8edf53c1a21,773,0,0,1,linux,BIC
b0e010c527de742cb18e8d50a06dfd1a995b5382,11,19,52,3,linux,BIC
10b74af310735860510a533433b1d3ab2e05a138,3,0,0,1,linux,BFC
f37e4580c409e290f6e482007c3573cdb4470bf9,176,0,4,2,linux,BIC
26778aaa134a9aefdf5dbaad904054d7be9d656d,20,0,2,4,linux,BIC
a47cc24cd1e5a55ef0b240180ce7ec6a9afc939d,56,0,3,1,linux,BIC
cf54ca8bc5674049889d208131cb1b0e15161a2c,175,0,2,3,linux,BIC
a042229a18acb0422dca08cf92cf940695b5fcb7,4,0,8,1,linux,BIC
7a8379eb41a47d37e93d34f09ca1c3b7d10de073,29,2,4,3,linux,BIC
242b81170fb8a4a9d84ae183a8e0b1aaf2554d89,634,0,0,1,linux,BIC
24ad2a9209a0bf1ec37fac25a011c98551865abb,0,0,1,1,linux,BFC
d0083d98f685b9f4fe810570f93cef0b0bb6b354,0,1,4,3,linux,BIC
771fac5e26c17845de8c679e6a947a4371e86ffc,0,223,12,3,linux,BFC
104a70e1d0bcef28db13c4192b8729086089651c,3,2,1,2,linux,BFC
14a6bbf9e5359568f782a936c22a46502c258107,4,1,1,2,linux,BIC
fbe1a850b3b1522e9fc22319ccbbcd2ab05328d2,5,0,1,1,linux,BFC
e2174b0c24caca170ca61eda2ae49c9561ff8896,0,26,74,2,linux,BFC
f645f85ae1104f8bd882f962ac0a69a1070076dd,0,7,2,1,linux,BFC
d9f92772e8ec388d070752ee8f187ef8fa18621f,0,0,1,1,linux,BFC
be0bdd67fda9468156c733976688f6487d0c42f7,0,3,5,1,linux,BFC
499350865387f8b8c40a9e9453a9a7eb3cec5dc4,3,0,0,1,linux,BFC
0c9b152c72e53016e96593bdbb8cffe2176694b9,0,1,0,1,linux,BFC
67b9d64139e13621d3ab8bb0daad7602e5fe0778,9,0,3,2,linux,BFC
b340dc680ed48dcc05b56e1ebe1b9535813c3ee0,4,0,3,2,linux,BIC
7f6ec2b2f01b45b39cd2ffcd49fdb30d0b6c626d,0,2,1,1,linux,BFC
6dbce04d8417ae706596366e16841d77c454ba52,0,0,2,1,linux,BFC
7cf3a216a2b3a672cad3e498c186c9333bdff90a,0,0,2,1,linux,BFC
b49feacbeffc7635cc6692cbcc6a1eae2c17da6f,4,0,0,1,linux,BFC
bee8b84686c4918354dcf7eef5481b06bde8c26e,28,0,3,3,linux,BIC
72deb455b5ec619ff043c30bc90025aa3de3cdda,1,122,30,15,linux,BIC
1cf03c00e7c17d3cf13a267dac83b3162a16ba8c,297,100,74,2,linux,BIC
08802f515c3cfea80b48e198de52b4fcbbef27d3,96,0,1,1,linux,BIC
f3cef7a99469afc159fec3a61b42dc7ca5b6824f,114,0,5,4,linux,BIC
b25af2ff7c07bd19af74e3f64ff82e2880d13d81,1,0,1,1,linux,BFC
9f08ea848117ab521efcfd3e004d8e1a0edc640c,20,13,3,3,linux,BIC
78178ca844f0eb88f21f31c7fde969384be4c901,0,4,2,1,linux,BFC
b26a719bdba9aa926ceaadecc66e07623d2b8a53,42,0,0,1,linux,BFC
e144c58cad6667876173dd76977e9e6557e34941,1,0,1,1,linux,BFC
c0474a606ecb9326227b4d68059942f9db88a897,10,9,0,2,linux,BFC
4e8065aa6c6f50765290be27ab8a64a4e44cb009,0,0,1,1,linux,BFC
88402c5b1ba7498217027c8a54e8df61d030500c,2,0,2,1,linux,BFC
7b2cb64f91f25a7293b10054e20d1c0734ffab6f,102,4,23,5,linux,BFC
6e1cdedcf0362fed3aedfe051d46bd7ee2a85fe1,0,0,2,1,linux,BFC
7c00ffa314bf0fb0e23858bbebad33b48b6abbb9,336,30,165,9,linux,BIC
1bab0de0274fbe8c8ac92179e6705584c55ed169,5,72,23,4,linux,BIC
51c366e38aaa6b298ba1e6ceef0f2c3de1180b29,0,7,0,1,linux,BFC
0b020f5af0922d288e92845d622eca41d76786fb,46,0,1,1,linux,BIC
88eca0207cf1574328c3ce8c3be537a9317261bb,71,0,0,2,linux,BIC
d84cf06e3dd8c5c5b547b5d8931015fc536678e5,10,0,2,1,linux,BFC
599809540f173f572c32a35d712accdc14d6357c,3,3,0,1,linux,BFC
fa7937e3d5c293a3b1aceafbaa60ed0a60f4b319,70,0,0,4,linux,BIC
2292e2f685cd5c65e3f47bbcf9f469513acc3195,0,0,1,1,linux,BFC
5302c3fb2e62f4ca5e43e060491ba299f58c5231,4,2,7,2,linux,BIC
4c457e8cb75eda91906a4f89fc39bde3f9a43922,6,4,20,2,linux,BFC
b53e906d255d7bc3539c2729afb8a18c309cd41e,428,0,0,5,linux,BIC
2d85978341e6a32e7443d9f28639da254d53f400,0,1,0,1,linux,BFC
9697f1cde9901c00298fd1313b4aaf96f287bf7a,7,0,4,1,linux,BFC
80da026a8e5da83b6ab029807844587960490e2b,0,2,1,1,linux,BIC
91124ac61216ed29405d96a29ec914624b196a79,0,5,0,1,linux,BFC
885bd765963b42c380db442db7f1c0f2a26076fa,2,0,1,1,linux,BIC
dffa8feb308455f9b3ce0eeb55a4eac3afc0786b,18,0,1,3,linux,BIC
68264c4609ea74fc175d0ccc968ba16b0847ac2a,2,0,1,1,linux,BFC
3fcbb8260a87efb691d837e8cd24e81f65b3eb70,0,0,1,1,linux,BFC
4919d3eb2ec0ee364f7e3cf2d99646c1b224fae8,10,1,9,1,linux,BIC
978090ae8856edbf4d01d0c1f2103831da25f04c,0,0,1,1,linux,BFC
3fe6409c23e2bee4b2b1b6d671d2da8daa15271c,16,12,3,1,linux,BFC
08156ba430b412bd9c23fe6155a58c7cb166045c,19,0,0,2,linux,BIC
7b2d59611fef21211f4988b8f34b3c80d033f1e5,2,68,17,1,linux,BIC
4c29c1e27a1e178a219b3877d055e6dd643bdfda,0,1,1,1,linux,BFC
46da547e21d6cefceec3fb3dba5ebbca056627fc,1,0,1,1,linux,BFC
822a4b673284672af697ccd66e8795f8a712a90d,0,0,1,1,linux,BFC
ac059d16442f30e6a9a95d41655153e01247e710,9,2,2,3,linux,BFC
37f3c421e8f09eeee3b78991af4fe13c126616d9,2,0,0,1,linux,BFC
584fd3b31889852d0d6f3dd1e3d8e9619b660d2c,23,0,1,1,linux,BFC
492ca4da6f0798cf20ecaf330abc8d79e540a43a,0,0,1,1,linux,BFC
63a72284b159c569ec52f380c9a8dd9342d43bb8,48,0,3,1,linux,BIC
cc1d5e749a2e1cf59fa940b976181e631d6985e1,7,0,2,1,linux,BIC
32c848e33ace75fce388cceff76223d12b46eaa3,6,0,4,1,linux,BFC
9cd2992f2d6c8df54c5b937d5d1f8a23b684cc1d,29,21,0,3,linux,BIC
785167a114855c5aa75efca97000e405c2cc85bf,3,0,0,1,linux,BFC
e340eca90ee18547027a6d5745ffabf7d173dfcc,1,0,0,1,linux,BFC
fc625960edecfb57e62c2975d1f155155e28e6ba,0,5,0,1,linux,BFC
22447a99c97e353bde8f90c2353873f27681d57c,278,0,0,2,linux,BIC
a8d46b9e4e487301affe84fa53de40b890898604,37,0,2,4,linux,BIC
25c2a075eb6a3031813b6051bd10dfc22c36a2a4,0,0,1,1,linux,BFC
6b1bdb56b17c25f640261f3b18030cb0a21d7878,2,0,4,1,linux,BIC
2a4eb714841f288cf51c7d942d98af6a8c6e4b01,1,0,1,1,linux,BFC
d20ec7529236a2fcdb2d856fc0bd80b409a217fc,58,0,5,2,linux,BIC
10a4357f4aebb30d20fe5f0297930b292862fed9,0,0,1,1,linux,BFC
49e2258586b423684f03c278149ab46d8f8b6700,278,17,31,3,linux,BIC
57520751445b837c20a8e658e3dae3a7e7ddf45c,155,0,42,8,linux,BIC
e3bdaa04ada31f46d0586df83a2789b8913053c5,4,0,5,1,linux,BFC
0d5bcfc9974ad8ce0fc77a95a53ab704faa0dfb7,0,0,1,1,linux,BFC
483d821108791092798f5d230686868112927044,19,0,0,1,linux,BFC
cc61d8df0a0157fabae2a3422f0b7f9f18f81c82,0,0,1,1,linux,BFC
ded79d06986e62da1376ae1a62627a36ecbf9ee6,9,0,0,1,linux,BFC
6c96dbbc2aa9f5b4aed8792989d69eae22bf77c4,457,2,63,5,linux,BIC
1a3232d2f61d2853a848464b7bde2d54960c58bb,49,2,1,2,linux,BIC
7f6002e58025cf001e4be34306731f2f8f893638,0,0,1,1,linux,BIC
e7c22eeaff8565d9a8374f320238c251ca31480b,0,0,1,1,linux,BFC
db415f7aae07cadcabd5d2a659f8ad825c905299,0,0,4,1,linux,BFC
0d834442cc247c7b3f3bd6019512ae03e96dd99a,7,3,1,1,linux,BFC
8fff1722f705ce5023a0d6d77a31a9d013be2a34,0,0,1,1,linux,BFC
d966d2efb643a8ba925e910bfc10e19c8b018de7,1,0,1,1,linux,BFC
399235dc6e95400a1322a9999e92073bc572f0c8,144,13,37,3,linux,BIC
1ee1119d184bb06af921b48c3021d921bbd85bac,1,0,0,1,linux,BFC
bbc6f2cca74e548914a7705f5c39549c28ab8815,1,0,1,1,linux,BFC
91f8ae823f2be0ea3863360dc9327ab573a8f183,4,37,3,1,linux,BIC
e5380f6d7586ea3ef3a55d8cf19ceffacea31392,0,3,7,1,linux,BFC
e7ad97938eaccb5a9ff4534167b1abafb507935c,0,0,1,1,linux,BFC
f0e6f41669d9e07f45b472e4de33d7c233a847bd,0,2,0,1,linux,BFC
a795d8db2a6d3c6f80e7002dd6357e6736dad1b6,48,0,1,2,linux,BIC
3a3b311e3881172fc8e019b6508f04bc40c92d9d,6,17,15,1,linux,BFC
d8f090dbeafdcc3d30761aa0062f19d1adf9ef08,16,0,2,1,linux,BIC
5a9f8df68ee6927f21dd3f2c75c16feb8b53a9e8,0,0,1,1,linux,BFC
80055dab5de0c8677bc148c4717ddfc753a9148e,15,0,3,1,linux,BIC
20fb5a635a0c8478ac98f15cfafc2ea83df29565,14,1,7,1,linux,BIC
218e7b775d368f38d85d73e52900b082f004e5f1,8,0,0,1,linux,BIC
adf8ed01e4fdd254efead978d633718ab01a7d5c,35,2,24,6,linux,BIC
53bf9590151e06e3f74212fea8da2eca2385db76,0,0,6,1,linux,BFC
cb559bb974536d75c8385b2caa57ab5a3862c29a,4,0,10,1,linux,BFC
175c4d9b3b9a60b4ea0b8cd034011808c6a03b05,0,20,0,1,linux,BFC
9fa492cdc160cd27ce1046cb36f47d3b2b1efa21,41,75,110,3,linux,BIC
eb351d75ce1e75b4f793d609efac08426ca50acd,1,0,0,1,linux,BFC
eeb76afbe8d91e112396c6281cd020725160f006,0,0,1,1,linux,BFC
d025933e29872cb1fe19fc54d80e4dfa4ee5779c,1,0,5,1,linux,BFC
7741b547b6e000b08e20667bb3bef22e1a362661,17,9,6,1,linux,BIC
7b473ae754fec86cfa44f05f0882d1329d244e6c,0,0,2,1,linux,BFC
c2d9aa3b6e56de56c7f1ed9026ca6ec7cfbeef19,0,0,1,1,linux,BFC
04ae87a52074e2d448fc66143f1bd2c7d694d2b9,77,113,136,21,linux,BIC
5a254d751e52e0f817090c29950d16cf18490d5b,31,0,2,2,linux,BIC
87e21c99bad763524c953ff4d1a61ee19038ddc2,94,0,1,1,linux,BFC
d674a8f123b4096d85955c7eaabec688f29724c9,3,0,0,1,linux,BFC
45a98ef4922def8c679ca7c454403d1957fe70e7,21,1,4,1,linux,BFC
cabe8138b23c92e851b92c6a20ffb13598ff34d4,6,0,6,1,linux,BIC
49d22167f826134e579179aa2217c74647e62015,1,0,3,2,linux,BFC
cb9eff097831007afb30d64373f29d99825d0068,698,0,0,23,linux,BIC
b50b9f408502a2ea90459ae36ba8cdc9cc005cfe,0,27,4,2,linux,BIC
e1444b5a163e81138754cab27c4fa1637b5a2239,73,3,37,4,linux,BIC
f7ce295cfdf67404a9332e22127ee296c3512155,2,0,4,1,linux,BFC
e41e53cd4fe331d0d1f06f8e4ed7e2cc63ee2c34,12,0,0,1,linux,BFC
ca9dc8d06ab64543a6a31adac5003349c5671218,13,0,2,1,linux,BIC
6d183ca8baec983dc4208ca45ece3c36763df912,4,0,0,1,linux,BFC
d5643d2249b279077427b2c2b2ffae9b70c95b0b,36,0,2,1,linux,BIC
9761ffb8f1090289b908590039e2c363cc35cf45,0,0,1,1,linux,BFC
bb9d85f6e9de8fef5236c076530eab67a2f2431b,133,72,26,1,linux,BIC
e577c8b64d58fe307ea4d5149d31615df2d90861,0,0,1,1,linux,BFC
17091180b1521ee9b4455d75ab61b35bc0b216ff,17,0,60,1,linux,BIC
154deab6a3ba47792936edf77f2f13a1cbc4351d,4,0,4,2,linux,BFC
bf25967ac54129ffb676ee0dbe3b8b34af6c6232,21,0,2,2,linux,BFC
fb985e278a30224183fdf3d56e2f69cfdef88d4e,27,47,94,1,linux,BIC
9310668fb60a7ee76c4fdfd6388747a6f2beaf75,5,0,0,2,linux,BIC
101f85b56d03b36418bbf867f67d81710839b0ec,0,0,1,1,linux,BFC
7ddfd3e0df29106c728dda2a6bd6591ee43a4e3c,5,6,4,1,linux,BFC
c1f92b4b04ad7006bdcbd1d5bb63f2864b06b7f8,43,17,27,3,linux,BIC
2895db67b01cb875457c9c3f30a14723b6b5dfd5,0,1,0,1,linux,BFC
472b04444cd39e16ba54987b2e901a79cf175463,1612,0,0,3,linux,BIC
49fe36e1c02cb06f66689c888e4e767c31cd259d,6,0,1,1,linux,BFC
6de1601e84e40888296973c61b1516dc4d5977e3,1,0,1,1,linux,BFC
b9fc2d207e547664271030c1f99fc08c92fcf3f8,5,0,0,1,linux,BIC
8a6cc0ded6d942e4a506c421c4d87a634bda6e75,6,0,0,1,linux,BFC
66fda75f47dc583f1c187556e9a2c082dd64f8c6,2,10,11,1,linux,BIC
9433777a6e0aae27468d3434b75cd51bb88ff711,7,0,0,1,linux,BFC
37518fa49f764516ba68fcc6ec933066bb545276,59,73,12,1,linux,BIC
0ce38047e82a02017839b6cae837f13a1383a3a0,0,0,1,1,linux,BFC
7b684884fbfab33251115fa5054fb821c34b93be,63,0,0,2,linux,BIC
df040215c077de0c13aab12c222bd0360a0d3988,1,0,6,2,linux,BFC
4c48e549f39f8ed10cf8a0b6cb96f5eddf0391ce,0,0,2,1,linux,BFC
fa310789a488a8ca873a117d6d625368def71fb7,7,0,1,1,linux,BIC
64ba4b15e5c045f8b746c6da5fc9be9a6b00b61d,10,6,2,3,linux,BFC
bbeaa58b32ab627b68748543b3dcb98b9a28d570,54,0,1,1,linux,BIC
63f7479439c95bcd49b7dd4af809862c316c71a3,0,0,2,1,linux,BFC
f20d429511affab6a2a9129f46042f43e6ffe396,2,1,1,3,linux,BFC
6d80dba1c9fe4316ef626980102b92fa30c7845a,72,0,0,3,linux,BIC
31ab09b4218879bc394c9faa6da983a82a694600,1218,0,0,2,linux,BIC
aefb62a9988749703435e941704624949a80a2a9,0,0,3,1,linux,BFC
a31b0c6c19bf28c54999c3cd8cc3a7c8ba565a45,1,6,7,1,linux,BFC
d765129a719f0ab1b8c8b7b7c44c581f08114d8b,6,0,3,2,linux,BIC
c6ed6dad5cfb76d72d8f9accba9b9f8d572c518c,30,0,0,2,linux,BIC
17e8351a77397e8a83727eb17e3a3e9b8ab5257a,1,16,151,39,linux,BIC
89ada0fe669a7abf8777b793b874202a0767a24f,46,0,12,1,linux,BIC
a463146e67c848cbab5ce706d6528281b7cded08,0,0,2,1,linux,BFC
ffab87fdecc655cc676f8be8dd1a2c5e22bd6d47,4,0,0,1,linux,BFC
a099b08599e6ae6b8e9faccee83760dab622c11e,21,0,48,6,linux,BFC
2bb70f0a4b238323e4e2f392fc3ddeb5b7208c9e,4,0,8,1,linux,BIC
d59be579fa932c46b908f37509f319cbd4ca9a68,19,0,9,3,linux,BIC
95093595914c17f32e1d6228b4db06fab8cebd35,0,0,3,1,linux,BFC
a1d75dad3a2c689e70a1c4e0214cca9de741d0aa,3,0,0,1,linux,BFC
79bae42d51a5d498500c890c19ef76df41d2bf59,23,29,14,1,linux,BIC
b9d44f9091ac6c325fc2f7b7671b462fb36abbed,2,0,3,1,linux,BFC
4318c73478474f974f1922b3d8946d41e2d855d6,491,2,4,2,linux,BIC
2a8e4997dbb2818061c76ee57d7becf390c0e4bc,0,0,1,1,linux,BFC
1cc18a22b96b33119f457cac3ce5fcbbcbab1bad,3050,0,0,3,linux,BIC
f5b0c6542476e9068ec2731b644ce668491cb8fa,237,0,0,1,linux,BIC
20c4d49c0f304f3f945bbd560b26afa98f75a0c4,0,0,2,1,linux,BFC
cc81e344809cc9aab581f14398facd7104e63e80,0,11,0,1,linux,BFC
0f87855d969a87f02048ff5ced7503465d5ab2f1,4,0,9,1,linux,BFC
433068aa88cc1046db0adf0d158d98f59d846bbc,5,5,0,2,linux,BFC
4f194969c3b01ab080d38114feb09be05b16d7c3,0,1,0,1,linux,BFC
888f84a6da4d17e453058169fa7b235fff34f5bf,36,0,7,2,linux,BIC
a506fdd22342606d22645a6bf90a2d848e92e5d7,30,8,1,2,linux,BIC
9f7d5042a64160e20c73d734f9ed5dd8c6bba205,0,0,2,1,linux,BFC
ef8c01eb64ca6719da449dab0aa9424e13c58bd0,243,0,0,1,linux,BIC
4d230d12710646788af581ba0155d83ab48b955c,27,5,1,3,linux,BFC
6a0c7cd33075f6b7f1d80145bb19812beb3fc5c9,2,0,1,2,linux,BFC
958501163ddd6ea22a98f94fa0e7ce6d4734e5c4,71,0,1,6,linux,BIC
86edaed379632e216a97e6bcef9f498b64522d50,11,0,4,1,linux,BFC
1a22aabf20adf89cb216f566913196128766f25b,1,0,2,1,linux,BFC
fcdfb968a706b0e80b12832bc30387ee9e0a759e,33,15,24,1,linux,BFC
7d1c42e679f920529df5cc11c6f827f17d4f8022,53,33,20,1,linux,BIC
0a045eac8d0427b64577a24d74bb8347c905ac65,1,0,0,1,linux,BFC
8def31034d033961a4e1f34a80f317fd7002faee,124,0,0,1,linux,BIC
c48c9f7ff32b8b3965a08e40eb6763682d905b5d,10816,0,0,7,linux,BIC
2d68476cfc2afa1a1a2d9007a23264ffc6308e77,0,0,1,1,linux,BFC
fdd4e15838e59c394a1ec4963b57c22c12608685,135,55,160,6,linux,BIC
3c3dd56f760da056e821ac177e3ad0de4209a435,10,0,6,1,linux,BFC
1c1b522808a18402f043c1418b4e48c7355480cc,99,0,17,6,linux,BIC
13ead5c4f2e3b649156c74892f3cf4b62c8e3d0c,1,0,1,1,linux,BFC
d0645b3780954b7133d9a908009d166ae686bd2a,0,13,1,1,linux,BFC
50e3f871fb20a9bb644743e2986e8f50f98a25bc,0,4,0,1,linux,BFC
b845c898b2f1ea458d5453f0fa1da6e2dfce3bb4,2,0,1,1,linux,BFC
8b64678e0af8f4d62a40149baedebe78503a5255,152,7,18,2,linux,BIC
3a3539cd36327c6f9e0ffd9f3fd3dea7ff8b3567,0,0,8,1,linux,BFC
4763601a56f155ddf94ef35fc2c41504a2de15f5,0,1,0,1,linux,BFC
5bbbbe32a43199c2b9ea5ea66fab6241c64beb51,453,14,23,7,linux,BIC
f77bd544a6bbe69aa50d9ed09f13494cf36ff806,1,1,2,1,linux,BFC
a2105d87eb8eb03591515df10102e04a1c9e0e46,0,0,1,1,linux,BFC
388ec8f079f2f20d5cd183c3bc6f33cbc3ffd3ef,1,0,0,1,linux,BFC
77266186397c6c782a3f670d32808a9671806ec5,4401,0,0,2,linux,BIC
e29341fb3a5b885a4bb5b9a38f2814ca07d3382c,614,0,3,10,linux,BIC
cb225ac125a9c82889f4796a6092dd0bed39720a,0,6,2,1,linux,BFC
569410ca756cd3ebb15609cb6828a8393fb6384d,39,0,19,1,linux,BIC
369a782af0f1a9acf81d6fe8de44c8ee02be0f3a,4,0,6,1,linux,BIC
fd70466d37bf3fe0118d18c56ddde85b428f86cf,10,0,1,1,linux,BFC
a2db71b9123492e67210985867b332db09eec0cf,3,0,0,1,linux,BFC
2ff56fadd94cdaeeaeccbc0a9b703a0101ada128,0,0,1,1,linux,BFC
ea8b33bde76c8fcef347b9b9cf15649fe41a5a6e,101,0,16,1,linux,BIC
86527bcbc88922ea40df05d28189ee15489d2cf1,0,1,4,1,linux,BFC
5402626c83a2f19da14859e2bab231a53e16ee74,1473,0,0,6,linux,BIC
39f3b41aa7cae917f928ef9f31d09da28188e5ed,1,0,2,1,linux,BFC
a729526720059ae019803acc953f07d9c17ae234,89,0,0,1,linux,BIC
8d48bf8206f77aa8687f0e241e901e5197e52423,39,27,0,1,linux,BFC
4f8f0d5e33ddb0d102cf6e61c8e8f497eb1c3866,111,49,13,1,linux,BIC
feb91a02ccb09661507f170b2a444aec94f307f9,5,5,5,2,linux,BFC
ae5b0675942ab30cde96099c68a2290bd1aafcca,2,0,0,1,linux,BFC
89ea20b930cb7372095645acae8928a75f7d5be5,34,15,20,4,linux,BIC
993d0b287e2ef7bee2e8b13b0ce4d2b5066f278e,1,2,5,3,linux,BFC
3d32edf1f3c38d3301f6434e56316f293466d7fb,4,0,4,1,linux,BFC
14c47b54b0d9389e3ca0718e805cdd90c5a4303a,1,0,3,1,linux,BFC
775f4f05501b3e36550ab63a592de3abd02e7591,2,0,0,1,linux,BFC
004d62eb4e57db3c391ed0df007cc11c93b6fbeb,0,0,1,1,linux,BFC
fa182ea26ff09cbadb28bbcd6196209b3555eb1d,1,0,4,1,linux,BFC
fc069262261c43ed11d639dadcf982e79bfe652b,129,3,31,1,linux,BIC
6aab0bb0c5cdc02d6f182ada2d86afae0c22fc76,0,2,25,1,linux,BIC
b1d353ad3d5835b16724653b33c05124e1b5acf1,0,0,1,1,linux,BFC
7be57fc6918470ecacd16b89c0d4f73d8fc265c4,474,0,1,6,linux,BIC
6e47a3cc68fc525428297a00524833361ebbb0e9,226,31,142,1,linux,BIC
600954e6f2df695434887dfc6a99a098859990cf,0,1,0,1,linux,BFC
32aa144fc32abfcbf7140f473dfbd94c5b9b4105,1,0,4,1,linux,BFC
487913ab18c215b06611c4c91c7e905fc0960eb8,10,8,31,1,linux,BIC
3b85720d3fd72e6ef4de252cd2f67548eb645eb4,0,9,2,1,linux,BFC
0a6d3038d914b51d6860f23ea2b508590e8340de,0,0,1,1,linux,BFC
d245f43aab2b61195d8ebb64cef7b5a08c590ab4,0,1,3,1,linux,BFC
0b5cb3300ae59ed7e93b465dfa2384a6a4df8eb4,14,0,0,2,linux,BIC
fb3bbdb859891e6bc27fd1afb3a07319f82c2ee4,408,0,21,3,linux,BIC
fd90d48db0377d4a5a6786ce19d33185c2cbe029,115,0,0,1,linux,BIC
6d3dab7d84177f836b14961b4d252d0959d66768,0,13,15,2,linux,BFC
9395c58fdddd79cdd3882132cdd04e8ac7ad525f,0,0,1,1,linux,BFC
8c6ec3613e7b0aade20a3196169c0bab32ed3e3f,8,0,6,1,linux,BFC
baa09e7d2f423a630a63efd22a280a0c19aaf64a,10,1,29,1,linux,BIC
dc63a086daee92c63e392e4e7cd7ed61f3693026,19,16,2,4,linux,BFC
2953f850c3b80bdca004967c83733365d8aa0aa2,2,83,37,3,linux,BIC
3568459a51136f418ca8cad48a0db3803010148a,11,0,0,1,linux,BIC
46894a13599a977ac35411b536fb3e0b2feefa95,6,10,26,5,linux,BFC
8b9229d15877ec77775633f058d14145f6eb98fa,42,18,2,3,linux,BIC
65cff70464068a823b3f4a28074000febdce0630,234,0,10,3,linux,BIC
d3e2a1110cae6ee5eeb1f9a97addf03e974f12e6,4,0,6,2,linux,BFC
192c344e7cd4e19a4260752604ba219ffa41deb1,1,0,1,1,linux,BFC
f1c74a6c07e76fcb31a4bcc1f437c4361a2674ce,0,0,1,1,linux,BFC
3e3126cf2a6d0afa4c013574df621d08f08d3912,5,1,0,1,linux,BFC
fe052da49201ec95bdb0e1c97d574180f8905174,199,0,0,1,linux,BIC
ae5769d4670982bc483885b120b557a9ffd57527,7,0,1,1,linux,BFC
03e2e07e38147917482d595ad3cf193212ded8ac,48,24,5,3,linux,BIC
0bbab5f0301587cad4e923ccc49bb910db86162c,0,0,1,1,linux,BFC
45d55e7bac4028af93f5fa324e69958a0b868e96,3,0,2,1,linux,BFC
6d27788160362a7ee6c0d317636fe4b1ddbe59a7,92,0,0,2,linux,BIC
6a45b0e2589fafd7fc501a5fbd0ab56689a08124,23,0,0,2,linux,BIC
3e13676862f90dbf5b00d57d5599e57788289897,642,0,1,5,linux,BIC
f3c64eda3e5097ec3198cb271f5f504d65d67131,0,33,4,1,linux,BIC
e8fa33a6f6c7688591542db955794b69b8cecc55,0,1,1,1,linux,BFC
96afb54ece0ee903d23a7ac04ddc461413b972c4,4,8,9,1,linux,BFC
9a98302de19991d51e067b88750585203b2a3ab6,0,1,0,1,linux,BFC
71ec6f4f7314d4d3ac44bae038bd748bd7961dc6,0,3,0,1,linux,BFC
124b11cc4f6276e9e435802b160c368f35f59e1a,0,2,0,1,linux,BFC
626af862da9c650e80bdea44684be9334f8eb75b,0,0,1,1,linux,BFC
56305118e05b2db8d0395bba640ac9a3aee92624,8,0,2,1,linux,BFC
0532a1b0d045115521a93acf28f1270df89ad806,127,1,70,8,linux,BIC
f7b8a47da17c9ee4998f2ca2018fcc424e953c0e,4,0,2,1,linux,BFC
433dfc99aa3e0acbf655b961d98eb690162f758f,1,1,0,1,linux,BFC
41acec624087b1268a15f414cf7d573deebafeec,0,10,16,2,linux,BIC
eb6d1abf1bd8bf1beb45b5401c8324bdb8f893c4,0,0,3,1,linux,BFC
d08af40340cad0e025d643c3982781a8f99d5032,5,0,1,1,linux,BFC
0facef7fb053be4353c0a48c2f48c9dbee91cb19,6,0,0,1,linux,BIC
4c1cbcbd6c56c79de2c07159be4f55386bb0bef2,1,0,0,1,linux,BFC
7dfc45e6282a7662279d168cc1219929456f8750,0,1,2,3,linux,BFC
9f4a8a2d7f9d71093f41c4bb0ef8707e8145bad3,1038,0,0,2,linux,BIC
febeb6dff7beafcaf89521f6c8ff7b0adac08d54,3,0,0,1,linux,BFC
1532b9778478577152201adbafa7738b1e844868,14,0,4,1,linux,BFC
b7f625840267b18ef1011cba0085bb7e237d76f7,62,0,0,1,linux,BIC
a60fe746df94037151d101f0500f619cb6e1d1a0,4,0,32,2,linux,BIC
391cd9df81ac07ce7e66ac8fb13e56693061a6e6,3,0,0,1,linux,BIC
8c3e0f67df6c9bcb683e7417faffe74f345da77d,53,0,1,2,linux,BIC
725c9d40f3fe61256903adfab868f302e249fa2a,27,0,0,1,linux,BIC
cd578abb24aa67ce468c427d3356c08ea32cf768,7,0,5,3,linux,BFC
9da93f9b7cdf8ab28da6b364cdc1fafc8670b4dc,34,0,5,3,linux,BIC
1f23475c893a85c934143cd64865ebb9b6af383f,4,0,4,1,linux,BFC
4d02423e9afe6c46142ce98bbcaf5167316dbfbf,2,0,4,1,linux,BIC
117f5bb31c8cdb1e8f0b443f2a0ac761bf54694c,7,13,5,1,linux,BFC
acbee9aff8aea4b9b66ab3d5cee6b8dbc153dc38,2,0,2,1,linux,BFC
75da98586af75eb80664714a67a9895bf0a5517e,2,0,5,1,linux,BFC
077742dac2c7098ebf932ef02637c2a3b1397046,3019,0,0,1,linux,BIC
340eaff651160234bdbce07ef34b92a8e45cd540,11,0,0,1,linux,BFC
da6e162d6a4607362f8478c715c797d84d449f8b,63,33,88,2,linux,BIC
91046d6364afde646734c7ead1f649d253c386e9,0,0,1,1,linux,BFC
6f53196bc5e7fd3c05337f24977cacb08e0f9753,112,118,29,5,linux,BIC
7e4fd16b38923028b01d3dbadf4ca973d885c53e,2,0,0,1,linux,BFC
8a5b5c3c1634f9d7a96ea3b38f3d75333c887bf6,0,0,1,1,linux,BFC
9d3ff7131877fb092185c369fbb14b57ac4e7cec,0,0,1,1,linux,BFC
d9a477f643eb3de71fbea5ae6103b800ceb8f547,16,0,4,1,linux,BFC
605f72de137ad92a9c29ca1d3d1fead34685b1af,106,57,100,1,linux,BIC
aaf15f8c6de932861f1fce6aeec6a89ac0e354b6,0,0,3,1,linux,BFC
1e0ce84215dbfd6065872e5d3755352da34f198b,0,3,0,1,linux,BIC
a72706ed8208ac3f72d1c3ebbc6509e368b0dcb0,25,13,17,1,linux,BIC
c3114a84f7f96c9d5c73c8bfa7e21ff42fda97e2,33,3,6,4,linux,BIC
e50d9ba0d2cd0cb4dd18e2a41a83fe21d3b046b8,340,0,0,3,linux,BIC
e53004e20a58e9d28347e02adccb37a33e0d771a,908,0,0,1,linux,BIC
1156e91dd7cc3a579544286d07fd46f0162e3ec6,17,13,2,1,linux,BIC
23aebdacb05dab9efdf22b9e0413491cbd5f128f,52,0,0,3,linux,BIC
cdc5a7f363be34287ac6c2345e5d1d3b37cf4a23,0,0,1,1,linux,BFC
0e84f5dbf8d6c33d685c45300da55bafd5dd786e,0,1,2,1,linux,BIC
51c6b429c0c95e67edd1cb0b548c5cf6a6604763,6,6,0,1,linux,BFC
f3304ecd7f060db1d4197fbdce5a503259f770d3,2,0,2,1,linux,BFC
63cc5bcc9fc467bbe61cc9ee52509294bdf04c4b,2,0,0,1,linux,BFC
40b64acd17a2200579db265048b4a51998a84729,0,0,1,1,linux,BFC
96c611c2b7bc897a6d16d58c76751f48707a4ac5,5,0,0,1,linux,BFC
fd47a417e75e2506eb3672ae569b1c87e3774155,0,0,1,1,linux,BFC
eeaf06ac1a5584e41cf289f8351e446bb131374b,805,0,1,8,linux,BIC
c3f8de0b334c96cdbd7aa6c1c9d5578300ad68b0,60,0,4,1,linux,BIC
8db403b9631331ef1d5e302cdf353c48849ca9d5,2,0,2,1,linux,BFC
f40a6be4a4e4985aef5365007e2459d757f26bdd,0,0,1,1,linux,BFC
0d3f6d297bfb7af24d0508460fdb3d1ec4903fa3,6,0,1,1,linux,BFC
d341659f470b6c5536296a6bd575744c38610ce8,5,2,2,1,linux,BIC
746c908c4d72e49068ab216c3926d2720d71a90d,0,4,1,1,linux,BFC
64b875f7ac8a5d60a4e191479299e931ee949b67,29,6,1,6,linux,BIC
c6603c740e0e3492c9c95fdab833375bf7117b6b,256,0,3,6,linux,BIC
b83c0730167c7ea6c03bffceefb86ae710ab30e2,0,3,0,1,linux,BFC
a901125c65544aa05c52e1a7388c3900e8af105f,0,1,2,1,linux,BFC
ea401499e943c307e6d44af6c2b4e068643e7884,35,0,0,5,linux,BFC
dd8088d5a8969dc2b42f71d7bc01c25c61a78066,21,0,0,1,linux,BIC
39354eb29f597aa01b3d51ccc8169cf183c4367f,0,0,1,1,linux,BFC
5ed7f4b5eca11c3c69e7c8b53e4321812bc1ee1e,1,0,1,1,linux,BFC
03aa6d34868c07b2b1b8b2db080602d7ec528173,19,0,7,1,linux,BFC
c2ce6f9f3dc00daca5714ef070a9a2d4e78eb336,0,0,33,2,linux,BIC
83ee102a6998f808ac4c626e8f72344f0a355527,214,0,2,2,linux,BIC
7f7663899d9429476db74d8aceb042fe4a3756b7,962,0,0,1,linux,BIC
aae970d8454bb9b6b15f385250027af4c454d4f4,0,0,1,1,linux,BIC
51e2fc0a251ba64c68207e4c6f6ac33c891b2465,4,0,5,1,linux,BFC
3569dd07aaad71920c5ea4da2d5cc9a167c1ffd4,0,0,2,1,linux,BFC
14b457fdde38de594a4bc4bd9075019319d978da,0,0,3,1,linux,BFC
b011946d039d66bbc7102137e98cc67e1356aa87,6,0,6,1,linux,BFC
0355d6c1d591b8f9e281783ec0cf95fbed893194,4,0,1,1,linux,BFC
b09fe70ef520e011ba4a64f4b93f948a8f14717b,6,0,3,1,linux,BFC
b46d9f625b07f843c706c2c7d0210a90ccdf143b,3,0,2,1,linux,BFC
e7f6f893ac39c8715d959ff8d677645ef5e0f8b4,2,0,0,1,linux,BFC
eabdec04385376d560078992710104cc7be2ce1b,1,5,1,2,linux,BIC
978628ec795b18179e74ef12cfcd35bae569d13e,1,0,1,1,linux,BFC
45c709f8c71b525b51988e782febe84ce933e7e0,1,0,0,1,linux,BFC
86067ccfa1424a26491542d6f6d7546d40b61a10,34,0,5,1,linux,BFC
ff62433883b3ab753a78954ecf46e2c514f5c407,0,0,1,1,linux,BFC
7b2c05a15d29d0570a0d21da1e4fd5cbc85cbf13,248,6,9,5,linux,BIC
b5776e7524afbd4569978ff790864755c438bba7,0,1,3,1,linux,BIC
0c23af52ccd1605926480b5dfd1dd857ef604611,4,3,4,3,linux,BFC
d1922f02562fe230396400e466e6e38dfeb072f5,0,84,12,1,linux,BIC
c131280c03bd1c225c2e64e9ef75873ffca3d96e,2,0,2,1,linux,BFC
200001eb140ea33477965f2050bea0dac801974b,12,0,2,1,linux,BIC
c0737fa9a5a5cf5a053bcc983f72d58919b997c6,1,0,0,1,linux,BFC
382d917bfc1e92339dae3c8a636b2730e8bb5132,2,0,0,1,linux,BFC
f9c82a4ea89c384d49ce03768ba88d049ed3f1f0,0,0,10,2,linux,BIC
e6ba76480299a0d77c51d846f7467b1673aad25b,167,289,210,32,linux,BIC
eda297729171fe16bf34fe5b0419dfb69060f623,14,1,1,2,linux,BIC
d07ce4e32a8d68062c58a3e635619313c52d0bf7,0,0,1,1,linux,BFC
fb34a9ae383ae26326d4889fd2513e49f1019b88,245,4,44,3,linux,BIC
432e05d328921c68c35bfdeff7d7b7400b8e3d1a,12,0,1,4,linux,BIC
400d033f5a599120089b5f0c54d14d198499af5a,0,0,1,1,linux,BFC
77ece8d5f1960f82d66b68fbc0c92938cdfa2688,336,0,9,4,linux,BIC
885814a97f5a1a2daf66bde5f2076f0bf632c174,0,1,1,1,linux,BFC
9ed0a72e5b355d49fc9034ec35da3b602bfcef57,32,80,49,1,linux,BIC
890ed578df82f5b7b5a874f9f2fa4f117305df5f,0,11,9,1,linux,BIC
1e0d0a5fd38192f23304ea2fc2b531fea7c74247,0,1,0,1,linux,BFC
8160e86702e0807bd36d40f82648f9f9820b9d5a,0,18,3,1,linux,BFC
e26a5843f7f5014ae4460030ca4de029a3ac35d3,468,129,2050,5,linux,BIC
89ad556b7f96af54ae6762f561f0a09269265741,2,0,3,1,linux,BFC
47d3d7ac656a1ffb9d0f0d3c845663ed6fd7e78d,123,0,12,5,linux,BIC
0c4c801b31f89cfc1b97207abbab687f43d8e258,4,6,0,1,linux,BFC
00b229f762b020eebf55a52b984aec76ae0ad966,0,0,2,1,linux,BFC
3b1baa6496e6b7ad016342a9d256bdfb072ce902,47,7,1,2,linux,BIC
5068ed578e34450a285fca3f9d830361b44267ad,0,0,1,1,linux,BFC
66482f640755b31cb94371ff6cef17400cda6db5,0,0,1,1,linux,BFC
3ef0fdb2342cf58f617ce2bdcd133978629c2403,116,37,48,1,linux,BIC
6a950755cec1a90ddaaff3e4acb5333617441c32,5,0,0,1,linux,BFC
28c66b6da4087b8cfe81c2ec0a46eb6116dafda9,0,0,1,1,linux,BFC
61e710227e97172355d5f150d5c78c64175d9fb2,0,0,5,1,linux,BFC
b10d6bca87204cdafd0cd7aaa837ad30b4eb8c20,34,47,161,25,linux,BIC
ed231ae384fdfcb546b63b2fe7add65029e3a94c,0,0,3,3,linux,BFC
e9ab41b620e4b679ed069ab05cb85e67870b7c87,31,8,13,1,linux,BIC
669ccf19ed2059b9d517664a2dbbf6bde87e1414,2,0,1,1,linux,BFC
55667441c84fa5e0911a0aac44fb059c15ba6da2,8,9,34,8,linux,BFC
df9cd56421635433ee42798fdf09138367039732,3,0,0,1,linux,BFC
0556ce72ab16156af6c94cdc7964e4310acc97c0,0,0,1,1,linux,BFC
5226c7b9784eee215e3914f440b3c2e1764f67a8,0,6,0,1,linux,BFC
50d7ba36b916d0fd4687149ec143bf49c326523f,38,0,0,1,linux,BIC
60858c00e5f018eda711a3aa84cf62214ef62d61,8,0,3,1,linux,BFC
da9f2150684ea684a7ddd6d7f0e38b2bdf43dcd8,4,0,6,1,linux,BFC
0a51fb7174f2b7866b4d7a4a5c23b685b674beb6,2,0,0,1,linux,BFC
eb2b47bb9a03206a645af40a3128a00264b0207e,4,0,9,1,linux,BIC
d21b96c8ed2aea7e6b7bf4735e1d2503cfbf4072,2,3,0,1,linux,BFC
54c9de89895e0a36047fcc4ae754ea5b8655fb9d,138,0,17,2,linux,BIC
e3fc3f3d0943b126f76b8533960e4168412d9e5a,0,0,1,1,linux,BFC
6e0c9b5f90978287b5a3d38ee83203d295f375f1,0,0,2,1,linux,BFC
663d34c8df98740f1e90241e78e456d00b3c6cad,2,0,2,1,linux,BFC
6c09fa09d468d730eecd7122122175da772d3b09,0,4,3,1,linux,BFC
9e532772b4e36888584efc7a9531143bd43355b3,10,2,9,1,linux,BFC
f2253bd9859bab65fdbc94bf5ce1876c403a11eb,0,0,3,1,linux,BIC
65a5c3dd3e11225a0d0e0df97d23fa64ab2d4ed2,0,30,10,1,linux,BFC
e6f0c6e6170fec175fe676495f29029aecdf486c,2,2,4,1,linux,BFC
2f944c0fbf58b1f390e5e61affd98ba0061214c6,97,32,13,12,linux,BFC
d5c7c745f254c6cb98b3b3f15fe789b8bd770c72,2,0,0,1,linux,BFC
0dd8a25f355b4df2d41c08df1716340854c7d4c5,23,0,0,3,linux,BFC
a9e2e0ae686094571378c72d8146b5a1a92d0652,0,0,1,1,linux,BFC
58b09919626bf9067345289212ec030c61eb1034,44,54,26,4,linux,BIC
8faea9fd4a3914f12cd343e10810ec5f4215ddd6,2,28,31,2,linux,BIC
b4a624acabe99f2ea912e895529b8b37d1fa909d,18,18,0,1,linux,BFC
cf83a17edeeb36195596d2dae060a7c381db35f1,1,0,1,1,linux,BFC
04ff4863e1261187ef6152d2cf1f9a20e9b4cc04,0,2,3,1,linux,BFC
bceb6732f3fd2a55d8f2e518cced1c7555e216b6,0,0,1,1,linux,BFC
2e828582b81f5bc76a4fe8e7812df259ab208302,8,0,3,1,linux,BFC
52d5a0c6bd8a89f460243ed937856354f8f253a3,2,0,2,1,linux,BFC
9f19306d166688a73356aa636c62e698bf2063cc,0,31,1,1,linux,BFC
901195ed7f4b2f30dc5a36271887939c5d7bfb9f,1,30,9,3,linux,BIC
c2255ff47768c94a0ebc3968f007928bb47ea43b,0,0,7,1,linux,BFC
52ee6ef36ee10dd493cf2067311e56ca8015eb8d,5,0,0,1,linux,BFC
f40b6ae2b612446dc970d7b51eeec47bd1619f82,31,27,7,4,linux,BIC
02ee9da347873699603d9ce0112a80b5dd69dea1,9,2,5,2,linux,BFC
68627a697c195937672ce07683094c72b1174786,11,0,4,3,linux,BIC
f6478218e6edc2a587b8f132f66373baa7b2497c,9,0,1,1,linux,BFC
753ba09aa3ea14b593b168d3ef541da00f4659f5,0,0,2,1,linux,BFC
12e967fd8e4e6c3d275b4c69c890adc838891300,6,0,3,1,linux,BFC
b95ff0319a829d5e707d64a3994c75f012f6b6ec,18,90,6,4,linux,BIC
10bbffa3e88e3aae870c734b234c0718d26f97ab,0,0,1,1,linux,BIC
01c7031cfa7308c2a6d46636bda2e51be6474cf4,34,0,0,3,linux,BIC
dfe51d97776ef926749362f34625cd36657845d8,0,3,0,1,linux,BFC
df04d1d191a5fea628981067e7cb7da33b246e89,3,0,0,1,linux,BFC
df3305156f989339529b3d6744b898d498fb1f7b,2193,0,0,7,linux,BIC
30ffd5332e06316bd69a654c06aa033872979b7c,4,0,0,1,linux,BFC
3d5048cc54bd250cfbb358c37fcc011135977887,23,20,3,2,linux,BIC
091876cc355d6739e393efa4b3d07f451a6a035c,898,0,0,1,linux,BIC
8f50af49f564d4e57c03903ca374109bdc270ea9,14,3,6,3,linux,BIC
29545f4977cf7c7b721aa4d43418632af1d6836d,0,2,0,1,linux,BFC
1abee99eafab67fb1c98f9ecfc43cd5735384a86,420,0,0,1,linux,BIC
5c2992ee7fd8a29d04125dc0aa3522784c5fa5eb,0,98,5,1,linux,BIC
a81fbb8771a3810a58d657763fde610bf2c33286,0,0,4,1,linux,BFC
fde913e25496761a4e2a4c81230c913aba6289a2,1,0,1,1,linux,BFC
94989e318b2f11e217e86bee058088064fa9a2e9,2,0,0,1,linux,BFC
a3c18422a4b4e108bcf6a2328f48867e1003fd95,2,0,10,2,linux,BIC
d41a69f1d390fa3f2546498103cdcd78b30676ff,22,0,2,3,linux,BIC
33bd5ac54dc47e002da4a395aaf9bf158dd17709,44,23,73,4,linux,BFC
a32ad90426a9c8eb3915eed26e08ce133bd9e0da,0,0,1,1,linux,BFC
090e28b229af92dc5b40786ca673999d59e73056,2,0,0,1,linux,BFC
7bf037d6ac4768e228e337afd7b6c6d98f947f9f,10,0,1,1,linux,BFC
03628cdbc64db6262e50d0357960a4e9562676a1,4,0,6,1,linux,BIC
c8eaeac7b734347c3afba7008b7af62f37b9c140,40,80,12,1,linux,BIC
9e267d286af5c5a67995128df40ca3d1f93277a6,0,0,1,1,linux,BFC
810e9f86f36f59f1d6f6710220c49afe0c705f38,0,3,3,1,linux,BFC
792b2086584f25d84081a526beee80d103c2a913,5,0,2,1,linux,BFC
af2cbc6ef967f61711a3c40fca5366ea0bc7fecc,0,0,1,1,linux,BFC
5c54fcac9a9de559b444ac63ec3cd82f1d157a0b,9,0,3,1,linux,BIC
9a6aaf61487e6d96ce0bf9b84a784c528dbf6e5e,0,3,0,1,linux,BFC
e83862ee1b9b1668826683f432b041875ec0c819,0,0,2,1,linux,BFC
419ac821766cbdb9fd85872bb3f1a589df05c94c,0,0,2,1,linux,BFC
0eb96bf754d7fa6635aa0b0f6650c74b8a6b1cc9,0,1,1,1,linux,BFC
df648afa39da9c4d3af99c6c03dc3e9c7dfa99b0,72,31,2,4,linux,BFC
7d75bbb4bc1ad90386776459d37e4ddfe605671e,169,0,0,1,linux,BIC
d8071323c5632bdf0a8ef9b9e5662fac43649f9d,33,1,1,3,linux,BFC
4244140d7b8f406b7edfd01c050dea783aa1efc5,4,0,1,1,linux,BFC
26afbd826ee326e63a334c37fd45e82e50a615ec,1131,42,13,9,linux,BIC
a0370b3f3f2cfb8b424b04c0545414abaa53f5ee,23,9,12,3,linux,BIC
0063587d358733008423c80302cb7b077be8e237,107,8,2,3,linux,BIC
3647e42b55dcbf3b93457eb750660676e8df5010,2,0,5,1,linux,BFC
73e86cb03cf2ec0aa3789dc8621c6d53619cac5e,4,24,17,4,linux,BIC
a1ef70e144534777965426393dcaa1721e908e83,73,1,37,3,linux,BIC
23bf40424a0f641ca7ff4225add4aa592086bdd5,2,2,2,1,linux,BFC
5508df89756f8378024828e185724a9bd2348985,16,23,16,3,linux,BFC
a77de2637c9eb4794c6234b40cee2a243c548875,2050,2029,0,3,linux,BIC
cebb69754f37d68e1355a5e726fdac317bcda302,1,0,1,1,linux,BFC
3c05bedb5fef7a6ada63c5dbf61e1258b9019f05,72139,0,0,70,linux,BIC
7c3f5317b8c2828ab10e8cf87c8ab5232d1966d0,0,0,3,1,linux,BFC
177b8007463c4f36c9a2c7ce7aa9875a4cad9bd5,6,3,2,1,linux,BIC
a64e7a79dd6030479caad603c8d78e6c9c14904f,3,0,1,1,linux,BFC
ade9679c159d5bbe14fb7e59e97daf6062872e2b,3,0,0,1,linux,BFC
cf47a0b882a4e5f6b34c7949d7b293e9287f1972,14,7,0,1,linux,BFC
68a1b676db52435725deec33389cb362bb64c6e6,0,2,0,1,linux,BIC
95cd7dc47abd71d1a0c9c43594ff2fa32552f46c,0,0,1,1,linux,BFC
8b0cf82677d1ffe5b441ac4684bf9135c2fb45ec,18,0,1,1,linux,BIC
8523c96894e916b20ba3612e48e404fad5acfdd9,0,5,7,1,linux,BFC
73154aca4a03a2ab4833fd36683feb884af06d4b,0,0,1,1,linux,BFC
810155397890ecdea23868ef0ed10cb80134997f,7,12,1,2,linux,BIC
3fdaf80f4a836911c0eda1cee92f8aa625f90197,151,0,3,3,linux,BIC
23d0127096cb91cb6d354bdc71bd88a7bae3a1d5,1,0,1,1,linux,BIC
94d7fb4982d2145c5784e33fa973ffb9ebb086ac,0,33,9,1,linux,BIC
15d90a6ae98e6d2c68497b44a491cb9efbb98ab1,48,6,0,1,linux,BFC
ee249f271524d111aed8d6e7c61e220aa6b4d714,329,0,0,1,linux,BIC
17f88151ff190b9357f473d7704eee7ae3097d11,45,2,10,1,linux,BIC
062bb452b078ba481d856e1aca176e16b8b1466d,47,2,11,3,linux,BIC
4fd48c4ac0a0578862819295222a825c97686ac7,13,49,6,1,linux,BIC
5456262d2baa43c38e0c770543d5a31b0942f41c,13,0,0,2,linux,BFC
0fd9a65a76e883b7d16e72dde3f8bf20ebc1e82a,31,12,3,1,linux,BIC
7dc7967fc39af81191558f63eeaf3d2b83899b1c,2719,0,0,12,linux,BIC
d61914ea6adabde9126b0bed64a7a3a42249435e,12,0,0,1,linux,BIC
b4c35c17227fe437ded17ce683a6927845f8c4a4,3,0,0,1,linux,BFC
a060dc5010ffa32f3a83e5336f6eeb6551fa137a,0,0,1,1,linux,BFC
a76cf1a474d7dbcd9336b5f5afb0162baa142cf0,3,0,2,1,linux,BIC
0d70262a2d60886da6fe5b1fc8bbcd76cbbc306d,8,2,3,2,linux,BFC
cd5e41234729966153595fd3c2a7912cc4f95bc2,19,2,1,1,linux,BIC
59e04bc20de4bd1bd5bfa810bf04a4e50a27b9c1,0,0,1,1,linux,BFC
e093111ddb6c786e32b882108c1c08ef83d781f4,10,7,36,4,linux,BFC
d623876646be119439999a229a2c3ce30fd197fb,3,0,4,1,linux,BFC
1e74152ed065ef491c30ccbbe119992e3e5200be,2,0,5,3,linux,BFC
3d7b0ca5300bd01b176f2b4c10e173db802560d8,0,0,1,1,linux,BFC
5b6c133e0801007117cf4a466cb56de86e186138,2,2,0,2,linux,BFC
b5de0c60cc30c2a3513c7188c73f3f29acc29234,22,42,66,1,linux,BIC
023e06dfa6882f500b9c86fd61f0b1913aa07f36,106,0,0,3,linux,BIC
34d0b5af50a063cded842716633501b38ff815fb,68,0,3,3,linux,BIC
d82b3266ef88dc10fe0e7031b2bd8ba7eedb7e59,0,4,0,1,linux,BFC
23e7a718a49bf94d8ffe802a4327d93f6be8335f,258,0,17,3,linux,BIC
0742e49026121371c7ce1f640628c68c7da175d6,7,0,3,1,linux,BFC
d3b21767821ed322a4024c99bc360cd0892f3d82,231,0,0,8,linux,BIC
996818869c9cc25581e81ff809d790651129cb4a,3,2,0,1,linux,BFC
cae73f2339231d61022769f09c94e4500e8ad47a,0,148,59,1,linux,BIC
98a46d46d1bc983125b6ff9a0e831050a7011713,3,0,0,1,linux,BFC
360cae313702cdd0b90f82c261a8302fecef030a,441,8,22,6,linux,BIC
885633075847f475f26a29249d772cc0da85d8cd,0,0,2,1,linux,BFC
dd09fad9d2caad2325a39b766ce9e79cfc690184,0,0,1,1,linux,BFC
0a62d6c966956d77397c32836a5bbfe3af786fc1,3,0,3,1,linux,BFC
d734a2888922efa521f9eb8dfe6790ced8f62bb7,81,2,3,2,linux,BIC
bdf1b5c3884f6a0dc91b0dbdb8c3b7d205f449e0,3,0,1,1,linux,BFC
90211ea4ba6e8066f827434e67678cb80f51ba58,0,0,4,1,linux,BFC
eeec5d0ef7ee54a75e09e861c3cc44177b8752c7,0,0,2,2,linux,BFC
68d9c47b1679ec8d55a005d39fc7a958ece82095,0,10,70,18,linux,BIC
4b80ac64450f169bae364df631d233d66070a06e,15,0,3,1,linux,BFC
2d6692e642e7ca02883524350038e2a431ef44e8,66,23,13,3,linux,BIC
af4d768ad28cbf6542ba70dba10b49127b31b762,48,0,11,4,linux,BIC
6316136ec6e3dd1c302f7e7289a9ee46ecc610ae,0,0,1,1,linux,BFC
c33b1cc62ac05c1dbb1cdafe2eb66da01c76ca8d,2,0,0,1,linux,BIC
a098dc8b03d1c7284ed98d921224fffa15b13ece,8,0,16,2,linux,BFC
fe014d4e6b55a56d81d152ac1643ee6f44bf096c,15,1,16,1,linux,BIC
a7e2e1c50450c6a0f020b35960edecbe25dde520,0,3,5,1,linux,BFC
54ce891779888e85a2db04942dbaadd3f40fe223,5,0,8,2,linux,BFC
d099ea6e6fde5f311bea5bcdadaa85fc3af79259,0,0,6,2,linux,BFC
5816d9cbc0a0fbf232fe297cefcb85361a3cde90,3,0,2,1,linux,BFC
18fcf49f87f4b280d3cd695fc77766004b223af5,1,0,0,1,linux,BFC
d7dcdf9d4e15189ecfda24cc87339a3425448d5c,1,0,1,1,linux,BFC
36a11029b07ee30bdc4553274d0efea645ed9d91,0,0,1,1,linux,BFC
6ba34171bcbd10321c6cf554e0c1144d170f9d1a,14,1,6,1,linux,BIC
6889ee5a53b8d969aa542047f5ac8acdc0e79a91,0,0,1,1,linux,BFC
2d3a62fbae8e5badc2342388f65ab2191c209cc0,2,0,2,1,linux,BFC
e74540b285569d2b1e14fe7aee92297078f235ce,53,7,37,1,linux,BIC
a4925311a5443126ecc90671a1604ea7b0f5b32e,4,1,5,1,linux,BFC
8fbeb52a598c7ab5aa603d6bb083b8a8d16d607a,2,0,2,1,linux,BFC
0b0a281ed7001d4c4f4c47bdc84680c4997761ca,2,0,1,1,linux,BFC
012fcb52f67cbba95c3e85010a4a9c40ea43866f,15,0,3,1,linux,BIC
6a97cee39d8f2ed4d6e35a09a302dae1d566db36,0,15,0,1,linux,BFC
ac5d26836cb6c01505d186180a79b4362ee7b4ac,0,0,1,1,linux,BFC
de5c95d0f518537f59ee5aef762abc46f868c377,17,34,21,1,linux,BIC
3d39e1bb1c88f32820c5f9271f2c8c2fb9a52bac,0,0,1,1,linux,BFC
12d8bb64e3f65f5287ff17c084d076a28daa8096,626,93,0,7,linux,BIC
c4e54b063f42f20a6b3ad1ffa61c574e631e0216,22,24,18,1,linux,BIC
230436b3ef3fd7d4a1da19edf5e87bb2d74e0fc2,0,0,1,1,linux,BFC
a6ca633e13f888cbb0a92309a1e090818cffcc86,2,0,0,1,linux,BFC
7c27fa57ef31debf62c5529725d4fa096b336a99,19,37,13,9,linux,BIC
2f3c269d96d00a7854377e52d2cb7af44bfc77f0,0,0,5,1,linux,BFC
e98a860f65428a3cae7ed7b3e8ebcf6320d7fc5e,33,0,5,1,linux,BFC
166bac38c3c569508e695aca99fdc2def2ae2198,202,0,0,2,linux,BIC
f4f75ad5741fe0331bbe1f5c42b906cda299f26b,0,8,0,6,linux,BIC
034d98cc0cdcde2415c6f598fa9125e3eaa02569,4,0,8,1,linux,BFC
5bf2fedca8f59379025b0d52f917b9ddb9bfe17e,0,0,2,1,linux,BFC
0a7fe718239e2f8d9c067070f59f53b509bb17dc,1,0,1,1,linux,BFC
a0763b27bf24f028d8b049ad856b2ee031fb475d,3,0,0,1,linux,BFC
641f348bbdf1dcd30870bef8b0bd663aaf24f2ed,46,37,1,3,linux,BFC
8fd54a73b7cda11548154451bdb4bde6d8ff74c7,3,0,2,1,linux,BFC
bb48eb9b12a95db9d679025927269d4adda6dbd1,0,0,2,1,linux,BFC
6058989bad05b82e78baacce69ec14f27a11b5fd,237,2,5,2,linux,BIC
0bcac06f27d7528591c27ac2b093ccd71c5d0168,37,3,20,4,linux,BIC
50670b6ee9bc4ae8f9ce3112b437987adf273245,2,0,1,1,linux,BIC
3f49584b262cf8f42b25f4c1ad9f5bfd3bdc1bca,678,0,0,2,linux,BIC
261a4351844bcacb622d6d498a1bc98242b2db9e,7,191,155,23,linux,BIC
c8f191282f819ab4e9b47b22a65c6c29734cefce,0,0,1,1,linux,BFC
65e302a9bd57b62872040d57eea1201562a7cbb2,80,0,2,3,linux,BFC
62522ef3c399996f6c8120bfd14b94280bc9f490,3,0,1,1,linux,BFC
5ef3dd20555e8e878ac390a71e658db5fd02845c,7,12,6,1,linux,BIC
4925642d541278575ad1948c5924d71ffd57ef14,2,0,1,1,linux,BFC
60792ad349f3c6dc5735aafefe5dc9121c79e320,0,3,0,1,linux,BIC
0ee7261c9212dbaf72d510e37f6c5b849d1847f0,0,0,0,4,linux,BIC
87cdf3148b11d46382dbce2754ae7036aba96380,2,0,2,2,linux,BFC
34009bffc1c6e6cf7f6a2a85e8e184c6e06193fc,1232,0,0,3,linux,BIC
96781fd941b39e1f78098009344ebcd7af861c67,1,0,1,1,linux,BFC
dc399adecd4e2826868e5d116a58e33071b18346,0,1,1,1,linux,BFC
11ec18b1d8d92b9df307d31950dcba0b3dd7283c,4,0,1,1,linux,BFC
a56587065094fd96eb4c2b5ad65571daad32156d,1,0,1,1,linux,BFC
d5dd88794a13c2f24cce31abad7a0a6c5e0ed2db,39,11,13,7,linux,BIC
271225fd57c2f1e0b3f8826df51be6c634affefe,4,0,0,1,linux,BFC
bb8c26d9387fe428068dcab35b1873ea3b881de1,3,19,0,1,linux,BIC
7e823644b60555f70f241274b8d0120dd919269a,0,0,1,1,linux,BFC
758684e49f4c7ea2a75e249e486659f0950cd63e,0,1,2,1,linux,BFC
bc3cc75281b3c2b1c5355d88d147b66a753bb9a5,0,0,2,1,linux,BFC
f9aece7344bd81ce16bafc15f8e90ef0dbd18714,2079,0,0,3,linux,BIC
7104dccfd052fde51eecc9972dad9c40bd3e0d11,5,0,0,1,linux,BFC
3f6d5ba173da9a41c799146a3ad999da2158716a,37,0,0,3,linux,BFC
e056a1b5b67b4e4bfad00bf143ab14f634777705,99,8,2,4,linux,BIC
f9a8f83b04e0c362a2fc660dbad980d24af209fc,0,9,50,33,linux,BIC
429a787be6793554ee02aacc7e1f11ebcecc4453,14,0,9,1,linux,BIC
be5b299830c63ed76e0357473c4218c85fb388b3,56,37,4,4,linux,BIC
dbd50a851c50bb95e457c99306eff298afd3d731,0,0,5,1,linux,BIC
46febd37f9c758b05cd25feae8512f22584742fe,5,5,0,1,linux,BFC
28a679ea60d0d16c3556f687bb2040559e92e932,0,36,0,1,linux,BFC
c1c8013ec34d7163431d18367808ea40b2e305f8,2,0,4,1,linux,BFC
7e29bb4b779f4f35385e6f21994758845bf14d23,0,2,10,1,linux,BIC
e2a2aa36a5090e38bdbdd3f85a216a19c334a6de,3,0,3,1,linux,BIC
2d859db3e4a82a365572592d57624a5f996ed0ec,29,0,0,1,linux,BIC
06e49073dfba24df4b1073a068631b13a0039c34,0,0,22,1,linux,BFC
4993e5b37e8bcb55ac90f76eb6d2432647273747,17,9,1,1,linux,BFC
a78ff1112263fdd871d3506dbcff44f6f12e8423,48,2,14,6,linux,BIC
5b08709313718e95ba06ef49aa82f964a605bd9c,1,0,1,1,linux,BFC
bc7863906f70934834f196ffdfb773cf0ddb10d1,1,0,0,1,linux,BFC
48b73d0fa11aa8613d51f7be61d2fa7f0ab05fd3,0,0,1,1,linux,BFC
5b7d127726de6eed4b900bc3bbb167837690818f,14,0,0,2,linux,BFC
6b79f96f4a23846516e5e6e4dd37fc06f43a60dd,3,0,0,1,linux,BFC
eccc1bb8d4b4cf68d3c9becb083fa94ada7d495c,127,43,20,4,linux,BIC
898b2970e2c91e4543b579998922822894325866,86,2,9,1,linux,BIC
ac1c4e18858cb1da6abe1932a7ca001c37f62372,2,0,0,1,linux,BFC
b859f9b009bbfbc236d9b076c64c59ccb41b8737,12,0,0,1,linux,BIC
d0db2f7a02e45dd4791b70404bd90874b20c38a4,6,0,3,1,linux,BFC
52a44f83fc2d64a5e74d5d685fad2fecc7b7a321,5,0,16,1,linux,BFC
8806245a3e7ad6aafc5bd8c58b0f0dea82a8e4c5,0,0,1,1,linux,BFC
e09a7f87e5cb3b564ad1d98d4d2f678504d6df19,2,0,2,2,linux,BFC
dd45b7598f1c52933f276ba7ce175fa1305b8ba0,89,0,10,3,linux,BIC
11cd764dc9a030991880ad4d51db93918afa5822,1,2,0,1,linux,BFC
55aeed06544f675f25aef06a8c47b0b6b8850f4f,47,66,21,4,linux,BIC
500899c2cc3e3f06140373b587a69d30650f2d9d,8,22,1,2,linux,BIC
260e629bbf441585860e21d5e10d2e88437f47c8,4,4,0,1,linux,BFC
5bfe97d7382b5c1ec351c59a878e742c9fd73d38,0,0,3,1,linux,BIC
1bfad99ab42569807d0ca1698449cae5e8c0334a,11,0,7,1,linux,BIC
5c01aa3de918c0afc1b338df6d7162d461ad3a55,100,88,41,5,linux,BIC
f192970de860d3ab90aa9e2a22853201a57bde78,0,0,4,1,linux,BFC
cf52de619c67bd1f6b1cf2751c3827815f74a5a5,2,0,2,2,linux,BFC
c26a2c2ddc0115eb088873f5c309cf46b982f522,4,0,3,1,linux,BFC
009ba8568be497c640cab7571f7bfd18345d7b24,3,0,7,1,linux,BFC
feb00b736af64875560f371fe7f58b0b7f239046,1,0,1,1,linux,BFC
a3dafb2200bf3c13905a088e82ae11f1eb275a83,1,0,0,1,linux,BIC
e09ee510600b941c62e94f6b59878cf53ba0e447,5,27,19,1,linux,BFC
86b652b93adb57d8fed8edd532ed2eb8a791950d,10,1,1,1,linux,BFC
3848e4e0a32afb96dc3b84e1358c3b9d103c6a2c,40,35,43,1,linux,BIC
7bed45954b95601230ebf387d3e4e20e4a3cc025,26,0,2,1,linux,BFC
76aa349441729d889ba6f1d58e3369d178250ffd,0,0,2,1,linux,BFC
73aef0c9d2c6f746e8c84775b73ef374b7a2a4dc,0,0,13,5,linux,BIC
fdb6eb0a12871d5bfaf266c5a0d5259a5437a72f,5,0,3,1,linux,BIC
b231c3f3414cfc7bf8fb1e246ed5a3d523616520,40,6,13,4,linux,BIC
0d963b6e650d9d5533223f3dbcde7dda466df65c,2,0,3,1,linux,BIC
f2a659f7d8d5da803836583aa16df06bdf324252,1,0,0,1,linux,BFC
c4f528795d1add8b63652673f7262729f679c6c1,1158,0,0,1,linux,BIC
5e1746d6205d1efa3193cc0c67aa2d15e54799bd,17,2,5,4,linux,BIC
2a4187f4406ec3236f8b9d0d5150d2bf8d021b68,0,0,26,3,linux,BFC
6997fbd7a3dafa754f81d541498ace35b43246d8,12,0,6,4,linux,BFC
eba9c5f498a11a8558e099d14692c24f2fea27e3,26,5,33,1,linux,BIC
b642e44e8ab335868b549fe5753b783ca47bf3a3,0,0,6,2,linux,BFC
e9be9d5e76e34872f0c37d72e25bc27fe9e2c54c,3265,0,0,6,linux,BIC
89935315f192abf7068d0044cefc84f162c3c81f,11,2,1,1,linux,BFC
fc7d5bc427219eab268edb75cc9bfc7fdd8174e4,0,6,0,1,linux,BFC
7f2430cda819a9ecb1df5a0f3ef4f1c20db3f811,0,0,2,1,linux,BFC
f92a80a9972175a6a1d36c6c44be47fb0efd020d,3,0,1,1,linux,BFC
5010e948420ea1cff85f6c2f64ec7a011aea3d07,22,0,9,1,linux,BFC
9130b8dbc6ac20f2dc5846e1647f5b60eafab6e3,2,0,3,1,linux,BIC
c8da9be4a75f1f63024a16b976c5be47405c13dc,8,0,15,1,linux,BIC
d00887c106dac47b9af6ed70e8d5c45b69c4bd52,0,0,1,1,linux,BFC
de64b6b6fb6f369840d171b7c5a9baf31b8b2630,0,0,1,1,linux,BFC
8a302808c60d441d9884cb00ea7f2b534f2e3ca5,16,0,11,2,linux,BFC
b6622798bc50b625a1e62f82c7190df40c1f5b21,11,1,10,1,linux,BIC
530fe6bf0f9ff91e5156f0423ae8db8d106d0159,0,5,0,1,linux,BFC
f7ba7dbf4f7af67b5936ff1cbd40a3254b409ebf,3,0,4,1,linux,BFC
37355565ba57fd45f78f0934305be2761b641f8f,2,1,15,1,linux,BFC
b22ce2785d97423846206cceec4efee0c4afd980,9,0,0,1,linux,BIC
ed478b3f9e4ac97fdbe07007fb2662415de8fe25,25,14,17,1,linux,BIC
f5b84dedf7ebf56f4af25b72aadd1a4122759b62,10,1,4,1,linux,BIC
da6a496a34f2fdcab14362cdc5068aac385e7b47,1,0,4,3,linux,BIC
4fabb59449aa44a585b3603ffdadd4c5f4d0c033,2,0,1,1,linux,BFC
b8336be66dec06bef518030a0df9847122053ec5,1,0,1,1,linux,BFC
bae989c4bc53f861cc1b706aab0194703e9907a8,0,14,0,1,linux,BFC
8c33bf1b0a9663d1742cb19ee71da46a1d8670dd,3,0,1,1,linux,BFC
3be07244b7337760a3269d56b2f4a63e72218648,0,0,2,1,linux,BFC
6a2f774424bfdcc2df3e17de0cefe74a4269cad5,0,9,1,2,linux,BFC
a3a4a3b37c9b911af4c375b2475cea0fd2b84d38,2,0,2,1,linux,BFC
0dcdf9f64028ec3b75db6b691560f8286f3898bf,0,1,2,1,linux,BFC
91d3f8a629849968dc91d6ce54f2d46abf4feb7f,0,0,1,1,linux,BFC
ea35645a3c66a74af92d3bbb4eb131220fc3e58a,75,0,0,2,linux,BIC
491a49ff14b2475ad84c97b93c0182ae6daf8b37,0,4,0,1,linux,BFC
635b8c8ecdd27142d7fdab0df334b2e9201481cf,24,23,178,6,linux,BIC
6ded8b3cbd9a6254da5a38f35e20aa3c316d9092,0,0,3,1,linux,BIC
baa5b28b7a474f66a511ebf71a2ade510652a2f6,1,0,4,2,linux,BIC
e18035cf5cb3d2bf8e4f4d350a23608bd208b934,10,0,2,1,linux,BFC
1077a024812d3b2d76a7a371df75795a276d9dd8,37,1128,79,1,linux,BIC
238b7bd91b16d5a08326f858db42229b212e53d8,0,0,1,1,linux,BFC
28df9c2fb6f896179fcffd5a3f5a86e2d1dff0a5,0,0,1,1,linux,BFC
452dcfab995437888106a5af6730363f67efdf79,0,0,1,1,linux,BFC
88e9ca161c1363395cbebf39c49307b4eabad9f0,0,2,1,1,linux,BIC
8d5944d80359e645feb2ebd069a6f4caf7825e40,6,0,4,2,linux,BFC
8d4c28fbc284bf2dee08afff146def47cafbc227,5,0,10,1,linux,BIC
ebae871a509d3c24b32ff67af2671dadffc58770,1,0,0,1,linux,BFC
527c1e615b4c6616abb5c7b14c2ff5b04a029175,1,0,0,1,linux,BFC
54fe55fb384ade630ef20b9a8b8f3b2a89ad97f2,0,2,3,1,linux,BFC
a08ef4768f479a712f80426fba42d16253feb37c,0,1,1,1,linux,BFC
4b559ec0bfc3a9f41a127cea6964f38b2b4bb323,1,0,1,1,linux,BFC
809f44a0cc5ad4b1209467a6287f8ac0eb49d393,2,0,0,1,linux,BIC
dc5367bcc556e97555fc94a32cd1aadbebdff47e,3,0,11,1,linux,BFC
34c8b24ff284d78f7db17d34125e2395120c471a,12,0,1,3,linux,BIC
8c511eff1827239f24ded212b1bcda7ca5b16203,7,4,5,3,linux,BFC
8d4fb8ff427a23e573c9373b2bb3d1d6e8ea4399,2,3,0,1,linux,BFC
26a62b750a4e6364b0393562f66759b1494c3a01,20,19,25,2,linux,BFC
9d0982927e79049675cb6c6c04a0ebb3dad5a434,76,0,4,2,linux,BIC
fdcb4b2e78220bde95ce4ba3213088e3a1f1cec6,0,0,2,1,linux,BFC
3be09bec42a800d4f8ead8119c462f3eb4fad435,46,0,3,1,linux,BIC
6a5c5d26c4c6c3cc486fef0bf04ff9551132611b,0,0,1,1,linux,BFC
815a7141c4d1b11610dccb7fcbb38633759824f2,4,0,2,1,linux,BFC
5c919412fe61c35947816fdbd5f7bd09fe0dd073,446,5,2,9,linux,BIC
0c9843a74a85224a89daa81fa66891dae2f930e1,0,0,3,1,linux,BFC
0b5c7efdfc6e389ec6840579fe90bdb6f42b08dc,21,0,7,2,linux,BIC
9994677c968eff50968b2611e61e3afa90b39966,1,6,5,1,linux,BFC
59ed0480b95032418be6960375a13201c35364f7,11,9,48,1,linux,BIC
4ee7bda4ecc6bf57a391b9bb46249bf119558f32,10,0,5,1,linux,BFC
0769746183caff9d4334be48c7b0e7d2ec8716c4,149,0,12,3,linux,BIC
caf8c87d7ff2037b502e76ce450565e9bd32a819,0,10,2,1,linux,BIC
8ba08d3a367a70f707b7c5d53ad92b98b960ee88,0,0,1,1,linux,BFC
e0f3fc9b47e61bb5d79f2bb8684d80eee5aaac99,121,122,0,2,linux,BIC
07aee94394547721ac168cbf4e1c09c14a5fe671,2,0,2,1,linux,BFC
0560054da5673b25d56bea6c57c8d069673af73b,2,0,5,1,linux,BFC
7c3969c3a4f3593bf7963355e10401a8638cb1cb,6,9,0,2,linux,BFC
c8af2887c941fbe15637e7d9b0d75fa100cb7827,90,0,92,4,linux,BIC
758cc43c6d7326c62751fb516485e8e188854637,33,0,49,1,linux,BIC
e35d7f27fbd51a09a41a5439e39f22a3d102c00b,0,0,1,1,linux,BFC
a0eacca948d2d4531a393d82a736ff19b7b8fa0b,90,33,9,1,linux,BIC
2704f807f9498054b8153002bafa3e818079e9a5,0,3,3,1,linux,BFC
0a327889f64619ac3ec886208644191cd87de525,2,0,0,1,linux,BFC
86dca369075b3e310c3c0adb0f81e513c562b5e4,0,0,1,1,linux,BFC
6863b4d7bf19a54e23fc5838b7e66d954444289d,3,0,0,1,linux,BFC
db31d330e8b0ad8926725eb2af6f6422c07ca7ab,2,0,0,1,linux,BFC
67130c5464f50428aea0b4526a6729d61f9a1d53,4,0,9,1,linux,BFC
fa85015c0d95884c8dc42f38e2f2d6137d436b67,7,0,4,1,linux,BFC
9b7b94683a9b9c42a743d591e48b9f51f505dd1f,0,0,6,1,linux,BIC
511ab0c1dfb260a6b17b8771109e8d63474473a7,1,0,2,1,linux,BFC
970dc85bd95d931def5926ae81b5aa84ef14fb7c,1278,5,7,9,linux,BIC
eb17711bc1d6611e934af5b6dabc225936084128,6,0,3,2,linux,BIC
28856a9e52c7cac712af6c143de04766617535dc,50,32,21,13,linux,BIC
3a21777c6ee99749bac10727b3c17e5bcfebe5c1,1,0,1,1,linux,BFC
156ec4731cb22b06c08e27debc1ef9f16f4bbb5e,286,0,0,1,linux,BIC
8973aa4aecac223548366ca81818309a0f0efa6d,0,0,1,1,linux,BFC
0f29456d08042134aff6e562d07a6365c841c4ad,0,0,6,1,linux,BFC
e892d2d40445a14a19530a2be8c489b87bcd7c19,0,8,2,2,linux,BFC
f4745cbb17572209a7fa27a6796ed70e7ada860b,0,3,9,1,linux,BFC
508c8772760d4ef9c1a044519b564710c3684fc5,1,0,0,1,linux,BFC
53830cc75974a199b6b654c062ff8c54c58caa0b,217,4,12,2,linux,BIC
895106a577c4ad2231c48f9cccb3cff1ae880471,0,0,3,3,linux,BIC
2154e1c11b7080aa19f47160bd26b6f39bbd7824,1,0,0,1,linux,BFC
a5818a8bd095a08cfb1871b63af9c8bed103e4b9,0,0,11,5,linux,BIC
a5ebb87db84392edfd3142c3a6a78431d820a789,0,3,0,1,linux,BFC
fe3d10024073f06f04c74b9674bd71ccc1d787cf,13,0,0,1,linux,BFC
a100ff3eef193d2d79daf98dcd97a54776ffeb78,101,97,8,3,linux,BFC
9a9251a3534745d08a92abfeca0ca467b912b5f6,0,0,1,1,linux,BFC
95932ab2ea07b79cdb33121e2f40ccda9e6a73b5,2,0,1,1,linux,BFC
aec551c7a00fb7eae049c0c4cc3208ca53e26355,0,0,2,1,linux,BFC
bd9b902798ab14d19ca116b10bde581ddff8f905,151,0,8,2,linux,BFC
fd0c42c4dea54335967c5a86f15fc064235a2797,0,7,1,1,linux,BFC
f2e767bb5d6ee0d988cb7d4e54b0b21175802b6b,15,0,0,1,linux,BIC
9998f81e4ba50493b9339dcf54721ea080537ecc,138,21,2,3,linux,BIC
5439c985c5a83a8419f762115afdf560ab72a452,0,0,2,1,linux,BIC
5db470e229e22b7eda6e23b5566e532c96fb5bc3,31,0,2,1,linux,BIC
eb04bbb608e683f8fd3ef7f716e2fa32dd90861f,57,0,0,1,linux,BFC
666a9c70b04fccabde5cea5e680ae1ae92460a62,0,0,1,1,linux,BFC
e011c663b9c786d115c0f45e5b0bfae0c39428d4,0,4,4,1,linux,BIC
e4ba4554209f626c52e2e57f26cba49a62663c8b,1,0,0,1,linux,BFC
569bea74c94d37785682b11bab76f557520477cd,1,0,0,1,linux,BFC
0cc00c8d40500c4c8fe058dc014bdaf44a82f4f7,121,1,94,2,linux,BFC
db711893eac81442fb5cde3801e183d3abfe5693,17,0,0,3,linux,BIC
dc76697d7e933d5e299116f219c890568785ea15,0,0,1,1,linux,BFC
f16a3bb69aa6baabf8f0aca982c8cf21e2a4f6bc,0,0,1,1,linux,BFC
caf539cd1087f7c36b9c4df271575e9aee49fde5,293,21,38,4,linux,BFC
5ce60d790a246c4c32043ac9b142615466479728,27,0,2,1,linux,BIC
8a357d10043c75e980e7fcdb60d2b913491564af,0,6,0,1,linux,BIC
d096aa3eb6045a6a475a0239f3471c59eedf3d61,0,0,1,1,linux,BIC
885199148442f56b880995d703d2ed03b6481a3c,0,0,1,1,linux,BFC
ae5dcc8abe311ceafd8753fb488e38c4f5e8e699,0,1,1,1,linux,BIC
1a1f919eb52ea1e63e135a478c5762b3d8b0935b,18,0,0,1,linux,BIC
7f582b248d0a86bae5788c548d7bb5bca6f7691a,3,0,2,1,linux,BFC
85323a991d40681023822e86ca95f38a75262026,1,18,3,1,linux,BIC
00f4e4f9073cb6d455c27dc8e92b421edcdc5011,18,0,3,3,linux,BIC
13fbcc8dc573482dd3f27568257fd7087f8935f4,0,0,1,1,linux,BFC
7f6d498ed3354740cfd100e4aa99e388f1a95be7,1,0,1,1,linux,BFC
b1198a88230f2ce50c271e22b82a8b8610b2eea9,12,0,2,1,linux,BFC
8ee262ba79a19a4dba9949397b1cf5761679670c,10,10,4,4,linux,BFC
3625c2c234ef66acf21a72d47a5ffa94f6c5ebf2,0,2,2,1,linux,BFC
d745ca4f2c4ae9f1bd8cf7d8ac6e22d739bffd19,0,0,1,1,linux,BFC
706cffc1b912342668e621526c860fb093dfc2d5,227,0,0,1,linux,BIC
8282f27449bf15548cb82c77b6e04ee0ab827bdc,1,2,0,2,linux,BFC
134cc4cefad34d8d24670d8a911b59c3b89c6731,4,2,2,1,linux,BFC
72ce11ddfa4e9e1879103581a60b7e34547eaa0a,1,0,0,1,linux,BFC
2336dfadfb1e3a484f0daf4014305626a3d9df62,0,0,2,1,linux,BIC
f9a85f6e61c695daeb427dfc6c1d5a279654207b,0,0,1,1,linux,BFC
28d77c21cbeb2c6039d48ef88401b87a56a7a07f,21,0,3,2,linux,BIC
c0a2e4d10d9366ada133a8ae4ff2f32397f8b15b,12,2,3,4,linux,BIC
69ca310f34168eae0ada434796bfc22fb4a0fa26,1,0,1,1,linux,BFC
5d3a618f356595f132ee85c63a1b5f007a71f23c,1,0,4,1,linux,BFC
001c76f05b01cc8ceb2098c9ff5de2609bec7f76,151,5,19,1,linux,BIC
e2576c8bdfd462c34b8a46c0084e7c30b0851bf4,12,0,0,1,linux,BFC
1575767ef3cf5326701d2ae3075b7732cbc855e4,26,0,3,1,linux,BFC
6712cc9c22117a8af9f3df272b4a44fd2e4201cd,3,0,0,1,linux,BFC
2a90f7e1d5d04e4f1060268e0b55a2c702bbd67a,7,0,3,1,linux,BIC
3daebfbeb4555cb0c113aeb88aa469192ee41d89,2,33,18,2,linux,BIC
e67b8a685c7c984e834e3181ef4619cd7025a136,1,0,1,1,linux,BFC
6274de4984a630b45c6934b3ee62e5692c745328,185,25,52,2,linux,BIC
db06068a4fd44a57b642b369d2a295b8448f6b65,0,0,1,1,linux,BFC
7823e5aa5d1dd9ed5849923c165eb8f29ad23c54,0,6,0,1,linux,BFC
c0644160a8b5e56b3c3896d77ac3d50d41fa9336,514,0,0,4,linux,BIC
794b1248be4e7e157f5535c3ee49168aa4643349,74,58,37,4,linux,BIC
752d3dc06d6936d5a357a18b6b51d91c7e134e88,0,1,0,1,linux,BFC
278571baca2aecf5fb5cb5c8b002dbfa0a6c524c,11,19,34,3,linux,BIC
544714d8e17c33822319d5a1a00e5ddc4db502b6,4,4,0,1,linux,BFC
1d47f1198d58117735edc6b8b1a687db47883f1e,14,0,4,2,linux,BIC
7e99e34701728d54ccd0466eccf377a42b9db215,37,16,12,14,linux,BIC
59ff0680ecbfec742b1e0381e7cc46b41eb06647,0,0,1,1,linux,BFC
5422d87d2cc38a5849175e3294967e7df3420b64,0,2,2,1,linux,BFC
2ea538dbee1c79f6f6c24a6f2f82986e4b7ccb78,66,0,3,3,linux,BFC
8195168e877948bb9a943ce11ad3e6ee71014bd5,9,0,1,1,linux,BIC
40a8f0d5e7b3999f096570edab71c345da812e3e,0,2,0,1,linux,BFC
484d802d0f2f29c335563fcac2a8facf174a1bbc,3,6,13,2,linux,BFC
0dfbd5ecf28cbcb81674c49d34ee97366db1be44,9,0,2,1,linux,BFC
3af4df65504088e9a7d20c0251e1016e521ad4fc,19,0,1,2,linux,BIC
f94fd25cb0aaf77fd7453f31c5d394a1a68ecf60,8,0,7,2,linux,BIC
30e51b923e436b631e8d5b77fa5e318c6b066dc7,7,25,2,3,linux,BFC
0bbca274a31c2366414d8d3f95e03d1c4674d93f,6,0,0,1,linux,BFC
0b9e66762aa0cda2a9c2d5542d64e04dac528fa6,1,0,4,1,linux,BFC
d201cc17a8a31cc6c4f3944988fe9e2f04b021fb,249,0,0,2,linux,BIC
21858cd02dabcf290564cbf4769b101eba54d7bb,0,0,2,2,linux,BFC
43af2220b3302bc04d72bdf07970ebc0fc46155b,9,0,0,3,linux,BFC
3c33066a21903076722a2881556a92aa3cd7d359,17,15,15,2,linux,BIC
916f743da3546c28a2f350d197e3bea95d97ba15,0,0,2,3,linux,BIC
ababae44108b0e94b58eef6cb5bd830bd040a47f,2,0,1,1,linux,BFC
8b0bbd956228ae87139673e5611c4c880ddb9529,74,0,2,2,linux,BIC
9554bfe403bdfc084823df8695a01f28c680af61,26,24,2,3,linux,BIC
6f359f99b8c2ff3b09329611da00fe39a7c10e7e,0,0,3,1,linux,BFC
9720b4bc76a83807c68e00c62bfba575251bb73e,17,156,46,12,linux,BIC
758a58d0bc67457f1215321a536226654a830eeb,17,4,0,1,linux,BFC
79c37ca73a6e9a33f7b2b7783ba6af07a448c8a9,0,0,4,1,linux,BFC
65c7e943ea59e0b1c42fa29d27ba3f5ea234b57d,0,94,1,1,linux,BFC
700cb3f5fe755b1a2d0f5cf3ae89ad7ef69d321f,266,13,114,1,linux,BIC
89eaaf2d19a6cfff0a16014405c2a65b5257b8a1,1,0,1,1,linux,BFC
006df0f34930e18d0aa52f05705bdfe1fc565943,35,0,72,8,linux,BIC
83cf5c68d663fc78ce529c41bf24f9f6be88bef4,1,0,0,1,linux,BFC
c4bce84d0bd3f396f702d69be2e92bbd8af97583,3,0,2,1,linux,BFC
45c180bc29babbedd6b8c01b975780ef44d9d09c,2,0,3,1,linux,BFC
5b51072e97d587186c2f5390c8c9c1fb7e179505,11,0,2,1,linux,BFC
8b5249019352eecd49fb00004d583904e891e7b1,13,0,0,1,linux,BIC
db221412cd2014506642967155698825ad80f6b6,5,0,0,1,linux,BFC
f63c7b4880aabaf7423b301be438bd47a6720ddc,5,0,0,2,linux,BIC
ecb010d441088c447785a1249e69003437f96c9c,15,0,7,1,linux,BIC
c9af28fdd44922a6c10c9f8315718408af98e315,19,0,20,4,linux,BIC
5303f7827fcd41d1cf4da9ca9b6b7d360bc07bb7,0,0,1,1,linux,BIC
ebc00dde8a975a543f5e1a7cdac93fef89fefe58,113,0,0,2,linux,BIC
563a225c9fd207326c2a2af9d59b4097cb31ce70,20,0,4,1,linux,BIC
9d2afba058722d40cc02f430229c91611c0e8d16,1,0,0,1,linux,BFC
82f45c6c4a70622cc0585e3f4372e192a6491d26,0,34,0,2,linux,BFC
804defea1c020d5c52985685e56986f1a399acde,265,0,0,3,linux,BIC
2cfa2271604bb26e75b828d38f357ed084464795,42,33,2,2,linux,BFC
9e27086292aa880921a0f2b8501e5189d5efcf03,6,1,7,2,linux,BIC
468c2a100208461c1821315f6fd81b32b9d12561,0,0,1,1,linux,BFC
67cdb40ca444c09853ab4d8a41cf547ac26a4de4,571,0,1,3,linux,BIC
2d4b21e0a2913612274a69a3ba1bfee4cffc6e77,0,1,1,1,linux,BFC
fd583ad1563bec5f00140e1f2444adbcd331caad,1,0,2,3,linux,BFC
95b98f004f9d9ad240867ddbb7b3eb38a3471828,4,4,0,1,linux,BFC
9033bba4b53527b57bec217509a967a25cb19357,209,2,6,4,linux,BIC
c22208b7ce3ef0c2c184ff0d9f6423614b1799d9,1,0,0,1,linux,BFC
d48523cb88e0703055c1b33e61eb644a7976f92b,14153,0,0,27,linux,BIC
04941829b0049d2446c7042ab9686dd057d809a6,4,4,2,1,linux,BFC
568b2126466f926a10be0b53b40c2d6ae056d8d6,0,0,1,1,linux,BIC
9096f1fbba916c2e052651e9de82fcfb98d4bea7,19,24,0,1,linux,BFC
611dac1e48a48baa7b2494f9c07a3f93fc183d11,835,0,0,1,linux,BIC
6b7a5aea71b342ec0593d23b08383e1f33da4c9a,16,0,8,2,linux,BIC
510e2ceda031eed97a7a0f9aad65d271a58b460d,13,10,14,1,linux,BFC
e6829d1bd3c4b58296ee9e412f7ed4d6cb390192,0,9,0,1,linux,BFC
e0a5172e9eec7f0d3c476e013c51dab62f3fc666,146,5,4,1,linux,BIC
03a2d2a3eafe4015412cf4e9675ca0e2d9204074,7,0,3,1,linux,BFC
08d5470308ac3598e7709d08b8979ce6e9de8da2,93,95,7,2,linux,BFC
5d9272e28a9a6117fb63f5f930991304765caa32,1,0,0,1,linux,BFC
35d04077ad96ed33ceea2501f5a4f1eacda77218,0,1,1,1,linux,BFC
f3de19af0f5b18dcbb6d445db02120656ebf9cfb,0,10,0,1,linux,BIC
e8788cbc32dd90a12c3b1264efb9b36ad953953c,3,7,1,1,linux,BFC
8197b053a83335dd1b7eb7581a933924e25c1025,11,0,1,1,linux,BFC
3a9e9a47092e302f3c75ababebfc16e196400a93,3,0,1,1,linux,BFC
8537bf10976c56c6e0cc8b05a835e58cbbb1d287,1,0,6,1,linux,BFC
0985dba842eaa391858972cfe2724c3c174a2827,17,0,5,1,linux,BFC
e65365fed87f5385c04124b6e7ab8967ca600b26,28,54,40,1,linux,BIC
4c61534aaae2a170bf0abd72676624fd3fabc655,36,7,7,2,linux,BIC
65cf20ad4f54d7feb87cda0369d6560e9789f0d5,0,0,1,1,linux,BFC
a9cfcd63e8d206ce4235c355d857c4fbdf0f4587,4,0,0,2,linux,BFC
8af1da40669609707303eecdb857f48a5ba5792d,25,0,24,1,linux,BFC
5b19ca2c78a0838976064c0347e46a2c859b541d,123,0,1,1,linux,BIC
975faaeb9985af9774007277fdb36b3dc897f4c3,3,0,2,1,linux,BIC
742547b73d27e7bce2d0dd0f1b95692436f30950,98,0,0,2,linux,BIC
6eeb4ef049e7cd89783e8ebe1ea2f1dac276f82c,9,8,9,2,linux,BIC
31333c1a2521ff4b4ceb0c29de492549cd4a8de3,5,3,2,3,linux,BFC
e0cdcda508f110b7ec190dc7c5eb2869ba73a535,5,0,0,1,linux,BFC
2b286b09a048df80fd5f7dfc5057c2837679a1ab,2,0,3,1,linux,BFC
4907c68abd3f60f650f98d5a69d4ec77c0bde44f,0,0,3,1,linux,BFC
327ea4adcfa37194739f1ec7c70568944d292281,4,0,2,1,linux,BFC
c420644c0a8f8839ca7269acbb8a3fc7fe1ec97d,45,31,3,6,linux,BFC
e79d82643a69df03d59fe47e32619515a83e4969,2,0,1,1,linux,BFC
ccc153a6de1f7741b5ef7c996f9be133772b2092,1,0,5,1,linux,BFC
63636d956c455c0fbe2118078a03f563ddd6bf6e,103,0,3,4,linux,BIC
f612466ebecb12a00d9152344ddda6f6345f04dc,16,15,0,1,linux,BFC
94e297c50b529f5d01cfd1dbc808d61e95180ab7,0,1,1,1,linux,BFC
462f8ddebccbb8a364b154008212052d515ac6b1,1,0,3,2,linux,BFC
74a64a981662ab34289b3c90f6f964aa38ec1d9f,125,212,6,5,linux,BIC
3a2eb515d1367c0f667b76089a6e727279c688b8,0,0,1,1,linux,BFC
7cc3b56f7324ae120cf3ce57cf0366398eb02f60,37,0,4,3,linux,BFC
ec3bb890817e4398f2d46e12e2e205495b116be9,0,0,1,1,linux,BFC
01affb000e00cfa0a9e9954476ef50962eb8b168,0,0,1,1,linux,BFC
ff3aa88a4d61468baece3fc2bb54e2a3bea6360f,0,0,1,1,linux,BFC
1dae7e0e58b484eaa43d530f211098fdeeb0f404,3,0,0,2,linux,BFC
3f601608b71c3ca1e199898cd16f09d707fedb56,0,1,3,1,linux,BFC
d16a67667c611f00b5ec0017ad2b18f473af13d2,1,5,0,2,linux,BIC
1ff15a710a862db1101b97810af14aedc835a86a,4,0,1,1,linux,BIC
4aaf96ac8b45d8e2e019b6b53cce65a73c4ace2c,1,0,4,1,linux,BFC
756f85cffef2bc84aa85b25031c1c97721928bd2,41,0,2,2,linux,BIC
a664375da76c6da8f83dc7997e43c568e1eb9a6a,5,13,25,1,linux,BFC
035ee288ae7ade4152f1c3cf23a587b04fdc526c,1,2,0,1,linux,BFC
c85f4abe66bea0b5db8d28d55da760c4fe0a0301,7,1,7,2,linux,BFC
8dc765d438f1e42b3e8227b3b09fad7d73f4ec9a,8,1,2,2,linux,BFC
5ffc1c4cb896f8d2cf10309422da3633a616d60f,0,0,3,1,linux,BFC
63fefa050477b0974ab34f650e21a7cfc3b02d96,248,1,55,9,linux,BIC
5cde22fcc7271812a7944c47b40100df15908358,0,0,1,1,linux,BFC
9125cdd1be1199588f71c99e76e32bcda0b7d847,75,26,36,5,linux,BIC
dcaa213679387e95a315dca05c57dbb15273703c,431,85,53,4,linux,BIC
187c5298a12292eab55e3eb09e70e2b145646bcc,25,0,0,1,linux,BIC
53398f488821c2b5b15291e3debec6ad33f75d3d,10,0,22,1,linux,BIC
55a3235fc71bf34303e34a95eeee235b2d2a35dd,0,0,2,1,linux,BFC
68fd110b3e7e2c90d781a132cc4362fbfb4a95a1,0,5,1,1,linux,BIC
fc831825f99eb3a2f1bf3fe7307b392513b642a5,1596,0,2,9,linux,BIC
a957b61254a7d59a6c14ee2ac2db20a62eb299a1,6,0,2,1,linux,BIC
8159df72d43e237d5bfcff052a8337245b6ac53e,191,0,0,1,linux,BIC
a4fc566543c0dede64b85ca907f34a5d19636292,15,4,4,1,linux,BFC
6f022c2ddbcefaee79502ce5386dfe351d457070,22,0,5,5,linux,BFC
6910fa16dbe142f6a0fd0fd7c249f9883ff7fc8a,0,0,1,1,linux,BIC
e662502b3a782d479e67736a5a1c169a703d853a,6,0,1,1,linux,BIC
c326de562f1fc149da4855a1b9d0433300c2a85d,2,0,3,1,linux,BFC
45dd9b0666a162f8e4be76096716670cf1741f0e,0,20,2,3,linux,BFC
7a274727702cc07d27cdebd36d1d5132abeea12f,0,0,3,1,linux,BFC
dec5d0db0de7271c7616d713f6c434c6366c9bfb,0,1,1,1,linux,BFC
b7007dbccd92f7b8c00e590020bee542a48c6a2c,0,0,2,2,linux,BFC
135f4b9e9340dadb78e9737bb4eb9817b9c89dac,0,13,6,3,linux,BFC
23b53d4417426edc7c3078e1c1530c242e496c1e,0,0,3,2,linux,BFC
9e607f72748ddc5620aeeb8d1f32f30c79b360b9,4,0,0,1,linux,BIC
ec645dc96699ea6c37b6de86c84d7288ea9a4ddf,0,0,1,1,linux,BFC
624b4b48d9d870c2858c016d8709715495409654,22,0,0,1,linux,BIC
f3af4ad1e08a8a9e61878b9f72751a5b76b3baf9,1,0,2,1,linux,BFC
f2683bd8d5bdebb929f05ae26ce6d9b578927ce5,2,0,2,1,linux,BIC
b5f020f82a8e41201c6ede20fa00389d6980b223,0,0,3,1,linux,BFC
e23efa311110648d58268c9b83b21de9d990a78c,23,0,9,1,linux,BIC
be7af5cf9cae5e088a9783ccd6e47469ce9d43f4,53,2,73,3,linux,BIC
04b91701d471fbc09689b96d2e7c94ee3a0fff74,2,0,4,5,linux,BFC
be4dd651ff79b9fddc46ef330afeedc6560fd1ca,0,0,2,1,linux,BFC
5054e79de99984b4f39a073534526bc7c827b1e0,78,0,1,3,linux,BIC
6feba6a62c577e98bd9214b73c17860166ac8b91,0,33,5,1,linux,BIC
72f2ff0deb870145a5a2d24cd75b4f9936159a62,3,0,0,2,linux,BIC
ba053dd3b4d841e17e910d0b91e22d9ea813fa39,0,0,1,1,linux,BFC
205447fa9e0a44cc42a74788eb2f6c96f91d5cd6,0,0,2,1,linux,BFC
97dd1abd026ae4e6a82fa68645928404ad483409,6,0,10,1,linux,BFC
ecd2884291261e3fddbc7651ee11a20d596bb514,2,8,4,1,linux,BIC
6fd57e1d120bf13d4dc6c200a7cf914e6347a316,1,0,0,1,linux,BFC
4b8164467b854fbeb7ecbb14cf53b6be9113ef03,20,23,7,4,linux,BIC
ba18dad0fb880cd29aa97b6b75560ef14d1061ba,0,0,2,1,linux,BFC
68c32f9c2a36d410aa242e661506e5b2c2764179,3,0,0,1,linux,BFC
5e8cc3947d8f7b62ff964e58789677a81b20dfca,0,1,0,1,linux,BFC
9497b7880ffd71fcbd469970f6ef45bb55877bfd,9,0,0,3,linux,BFC
5be1805dc3961ce0465bcb0beab85fe8580af08d,0,0,1,1,linux,BFC
2602b740e45cc64feb55d5a9ee8db744ab3becbb,1,0,0,1,linux,BFC
4d43e13f723e12734257277cc38497fab1efc605,459,453,533,21,linux,BIC
c8af219d18502c52319df8d4e3dcfe29a3ca31ab,5,0,4,2,linux,BFC
f16ee7c7ec0fa5f0322bd64d5ee183a28ed1ec08,0,0,8,2,linux,BFC
5edbb56082567d754a096286368e99a3377d8c95,8,0,0,4,linux,BIC
50f53fb721817a6efa541cca24f1b7caa84801c1,39,0,11,3,linux,BIC
e0f1a30cf184821499eeb67daedd7a3f21bbcb0b,3,3,3,1,linux,BFC
35af64038623865015d1786360cdbbcc2e72d78b,85,0,0,3,linux,BIC
cf77b5fb9b39445947e8027872c63cc16fb480fb,30,0,1,1,linux,BIC
a366e300ae9fc466d333e6d8f2bc5d58ed248041,5,1,0,1,linux,BFC
dd88a0a0c8615417fe6b4285769b5b772de87279,53,55,35,4,linux,BIC
7d3aa342cef7aa3721bab5157a84bb3d6acce437,71,0,0,1,linux,BIC
6ba592fa014f21f35a8ee8da4ca7b95a018f13e8,2,0,0,1,linux,BFC
aece09024414b54158e03aa45f4a4436e7cb996c,0,0,1,1,linux,BFC
95d871f03cae6b49de040265cf88cbe2a16b9f05,84,0,1,5,linux,BIC
38b2db564d9ab7797192ef15d7aade30633ceeae,2,2,0,1,linux,BIC
1bb46a20e73b0bb3364cff3839c9f716ed327770,67,0,15,1,linux,BIC
6e71b04a82248ccf13a94b85cbc674a9fefe53f5,96,0,26,11,linux,BIC
2b60c0ecedf8d43b35a3c8554e72e8daca93fbcf,27,0,1,1,linux,BIC
1ffc6f359f7ab114ad0d2bbe6a85cbd848709ab2,0,8,1,1,linux,BFC
efb766af06e39101456e3c83e98112ce9ab9739c,105,0,0,1,linux,BIC
17c28958600928109049a3bcc814b0d5bfb1ff3a,22,1,7,5,linux,BIC
6e83e6e25eb49dc57a69b3f8ecc1e764c9775101,44,32,1,1,linux,BIC
44856be3e95c87f03e850ef4fdf8c0503c2dde18,0,0,1,1,linux,BFC
fbfee8684ff235c8cc4e8859913a017dabd59c03,8,6,4,2,linux,BIC
d9216d753b2b1406b801243b12aaf00a5ce5b861,2,0,1,1,linux,BFC
9277f8334ffc719fe922d776444d6e4e884dbf30,0,0,1,1,linux,BIC
ba53ee7f7f38cf0592b8be1dcdabaf8f7535f8c1,0,0,1,1,linux,BFC
0d35408afbeb603bc9972ae91e4dd2638bcffe52,37,0,0,1,linux,BIC
9eb25269271c679e8cfcc7df5c0c5e9d0572fc27,0,1,0,1,linux,BFC
86be36f6502c52ddb4b85938145324fd07332da1,30,11,7,5,linux,BFC
56ea7ed103b46970e171eb1c95916f393d64eeff,2,0,0,1,linux,BFC
03a0120f75dfb1807c0441376e26b36160087de4,0,0,1,1,linux,BFC
3ee9ae74ba4a85c3b378a0e49ec1481655f54500,3,0,1,1,linux,BFC
c95c5f58b35ef995f66cb55547eee6093ab5fcb8,21,0,0,1,linux,BFC
c9c14be664cfda991f65240e669b07b68265765b,43,0,0,2,linux,BIC
e3524b269e451cff68b19f32b15448933a53a4f4,3,3,19,5,linux,BFC
db7489e07669073970358b6cacf6a9dd8dc9275e,0,0,6,4,linux,BFC
8dfd0fa6ecdc5e2099a57d485b7ce237abc6c7a0,0,1,3,1,linux,BFC
a6a1f036c74e3d2a3a56b3140492c7c3ecb879f3,26,2,26,7,linux,BIC
418d59ef229290a1da80aa25222f9da2ac2fa6a5,1,2,1,1,linux,BFC
318e741ee13b5a72f3051d9bb6852b1f4d02d0bb,13,0,1,1,linux,BFC
2b8208ac93be2783edc627fc02d9ca50cc479923,6,0,5,2,linux,BFC
7f1ea75d499a5e3a6f593da0a87096f584752750,39,0,0,1,linux,BIC
d5c83d0d1d83b3798c71e0c8b7c3624d39c91d88,30,6,1,1,linux,BFC
b34e7e298d7a5ed76b3aa327c240c29f1ef6dd22,4,0,3,1,linux,BFC
54939ea0bd85e128bdd5bca579508dd4701c5ce9,6,12,11,4,linux,BIC
70f478ca085deec4d6c1f187f773f5827ddce7e8,1,0,2,1,linux,BFC
6cefa31e810404dafdfcdb94874146cea11626c2,1,0,1,1,linux,BFC
1c6b5a7e74052768977855f95d6b8812f6e7772c,152,31,6,5,linux,BIC
9e054ec21ef8344345b28603fb272fe999f735db,1172,0,0,1,linux,BIC
ff6acd69518e0a84bd9c9b7f1bd4313f7076db97,19,12,0,2,linux,BIC
2118df93b5e1742931da358c2b8804c46fd64490,2,0,0,1,linux,BFC
9e5157ba440f2bf87071c017545d6c4ba627e501,0,5,5,3,linux,BFC
ee2e3f50629f17b0752b55b2566c15ce8dafb557,0,0,1,1,linux,BFC
f84d02755f5a9f3b88e8d15d6384da25ad6dcf5e,485,0,0,3,linux,BIC
60432d756cf06e597ef9da511402dd059b112447,164,3,3,7,linux,BIC
171360d7800c19622dbdaf202ed6f48ff24a5ae2,0,0,2,1,linux,BFC
c3cc39118c3610eb6ab4711bc624af7fc48a35fe,8,0,8,1,linux,BFC
93fdd47e52f3f869a437319db9da1ea409acc07e,15,0,0,2,linux,BIC
0e13e452dafc009049a9a5a4153e2f9e51b23915,146,3,7,3,linux,BIC
ad0d315b4d4e7138f43acf03308192ec00e9614d,7,0,0,1,linux,BIC
2012a9e279013933885983cbe0a5fe828052563b,0,0,3,1,linux,BFC
2a285686c109816ba71a00b9278262cf02648258,84,3,49,4,linux,BIC
9e7e3738ab0e908c72dae4ff45481a0568924e62,394,0,34,2,linux,BIC
7c76ecd9c99b6e9a771d813ab1aa7fa428b3ade1,10,0,1,2,linux,BFC
c86aa7bbfd5568ba8a82d3635d8f7b8a8e06fe54,17,23,21,2,linux,BFC
31b61f0ef9af62b6404d8df5dcd2cf58f80c9f53,56,50,7,1,linux,BFC
4fb840c95f82652cece7352be9080884cafb92a0,0,0,1,1,linux,BFC
e2e6e449d68ddf4ccb0bf72cc50fbc6c69fe7f63,7,5,0,1,linux,BFC
144783a80cd2cbc45c6ce17db649140b65f203dd,0,0,2,1,linux,BFC
3453de98145fa1a9453d18a42406bb7a47bec269,0,0,2,2,linux,BFC
2bfdf302465a5eab941e551e2869a96bb473f66f,33,48,57,5,linux,BFC
59a0879a0e17b2e43ecdc5e3299da85b8410d7ce,2,0,1,1,linux,BFC
9d82ccda2bc5c148060543d249d54f8703741bb4,1,0,0,1,linux,BFC
a2ee41fd953e7c3ff6c55a3038c80354d191a318,6,0,1,1,linux,BFC
9275b933d409d3a4efa08102ca813557b93fb0b9,0,0,2,1,linux,BFC
5738891229a25e9e678122a843cbf0466a456d0c,82,2,13,3,linux,BIC
36ee41d161c67a6fcf696d4817a0da31f778938c,10,2,2,1,linux,BFC
314001f0bf927015e459c9d387d62a231fe93af3,152,0,2,2,linux,BIC
0e792b89e6800cd9cb4757a76a96f7ef3e8b6294,1,11,2,1,linux,BFC
561de45f72bd5f9b3f166bdd6151d4d0fe9e6534,703,0,0,1,linux,BIC
56222b212e8edb1cf51f5dd73ff645809b082b40,43,21,9,3,linux,BIC
00473374b72a6e5aba01af083f0d5100f3151210,0,0,1,1,linux,BFC
e13e4536f0922a5bf8df92bb64964c9279fb4cdc,0,0,1,1,linux,BFC
2eb333c4b442c4bcab79ada53019d4a47f252e46,0,2,12,3,linux,BFC
749085a2131f7e328dd33635eb3d37b519f451f9,3,0,2,1,linux,BFC
198cf32f0503d2ad60d320b95ef6fb8243db857f,7,0,1,1,linux,BFC
fa03587cad9bd32aa552377de4f05c50181a35a8,1,0,0,1,linux,BFC
7a17c8ce3321bb0738283706d3b46b047a9cbcfb,0,0,1,1,linux,BFC
ccd30a476f8e864732de220bd50e6f372f5ebcab,6,0,9,3,linux,BFC
4219196d1f662cb10a462eb9e076633a3fc31a15,40,0,15,2,linux,BFC
d720f057fda4bae91a5108a11587374b9e396c6a,66,0,0,1,linux,BIC
dc98f1d655ca4411b574b1bd2629e7132e502c1c,0,1674,0,4,linux,BIC
b9e20f0da1f5c9c68689450a8cb436c9486434c8,11,0,3,1,linux,BFC
4c4c1257b844ffe5d0933684e612f92c4b78e120,8,8,0,1,linux,BFC
f1adceaf01f0446e69c15b32f24ce98e3c3623f1,1,0,1,1,linux,BFC
ff9d31d0d46672e201fc9ff59c42f1eef5f00c77,0,1,0,1,linux,BFC
351d74e4d7eacaab2ed0092b855355d5e2907117,0,0,1,1,linux,BFC
2baace5feb86c6916221911f391f11fcd8e1a259,0,0,1,1,linux,BFC
66ba215cb51323e4e55e38fd5f250e0fae0cbc94,9,0,8,1,linux,BIC
4844470d472d660c26149ad764da2406adb13423,4,0,1,1,linux,BFC
f7217f718747641fc80cd062f183107439f2a066,4,0,1,1,linux,BFC
7f9e88e6ef8c971f2c638b5ff7044c59b5d0f58d,0,0,1,1,linux,BFC
8a37ea50e7acf8db6821ba094ca41384e7d8c70c,10,0,1,1,linux,BFC
371fefd6f2dc46668e00871930dde613b88d4bde,342,0,28,9,linux,BIC
9bca45f3d6924f19f29c0d019e961af3f41bdc9e,1780,0,0,12,linux,BIC
1a0f25a52e08b1f67510cabbb44888d2b3c46359,9,2,9,1,linux,BFC
63447646ac657fde00bb658ce21a3431940ae0ad,0,0,2,1,linux,BFC
4936084c2ee227524c242d790a9fbad7650320c7,11,126,21,1,linux,BIC
a508e33956b538e034ed5df619a73ec7c15bda72,1,0,0,1,linux,BFC
657774acd00f3d63ebae06e5d15a74e013cee0ed,79,21,24,6,linux,BIC
f1d3861d63a5d79b8968a02eea1dcb01bb684e62,0,0,7,1,linux,BIC
899fee36fac07e49bb969e3f214e572eecb14f00,2,0,3,1,linux,BFC
6b276190c50a12511d889d9079ffb901ff94a822,10,0,8,1,linux,BFC
3d9fecf6bfb8b12bc2f9a4c7109895a2a2bb9436,2,0,2,1,linux,BFC
0469dede0eeeefe12a9a2fd76078f4a266513457,1,0,2,1,linux,BFC
7692088f72865c41b6b531fd09486ee99a5da930,3,0,4,1,linux,BFC
fc85a74e28fe087dceb80eb69f37307ec97b6b47,19,0,0,2,linux,BIC
fa5d823b16a9442d609617abeec31da8b6afa224,804,0,0,3,linux,BIC
49a8f2bc8d88702783c7e163ec84374e9a022f71,0,0,1,1,linux,BFC
d090f878b0084344812dc7bb086e98cd24572e58,0,0,2,1,linux,BFC
020df0794f5764e742feaa718be88b8f1b4ce04f,77,118,16,4,linux,BIC
26c2b7d9fac42eb8317f3ceefa4c1a9a9170ca69,12,0,6,1,linux,BFC
2c6e755b49d273243431f5f1184654e71221fc78,1,0,0,1,linux,BFC
5d64f9bbb6281a5a89a2266b9d39daa1fca1d6b4,75,3,2,5,linux,BIC
a583636a83ea383fd07517e5a7a2eedbc5d90fb1,43,0,42,12,linux,BIC
c138325fb8713472d5a0c3c7258b9131bab40725,3,0,0,1,linux,BFC
7f75591fc5a123929a29636834d1bcb8b5c9fee3,0,0,2,1,linux,BFC
7a6cdbd5e87515ebf6231b762ad903c7cff87b9c,0,0,1,1,linux,BFC
48e7b76957457f9a6f086ca2bbe49ec1ffd75f84,87,48,82,3,linux,BIC
3fde0e16d016ecb273f0fa404b5d56b947fc0576,1622,0,0,7,linux,BIC
7643507fe8b5bd8ab7522f6a81058cc1209d2585,17,0,4,4,linux,BIC
bfb972c5e1cba88c93912f271ed5ecc114e31431,3,0,6,1,linux,BFC
07d1c91b6c649705fdd9acf58001071845ecf068,2,1,2,1,linux,BFC
31a5a09c1c5c888181e86a951a9a6c3ec27f7642,0,0,1,1,linux,BFC
bda0be7ad994812960e9f8f2d2757f72cb4a96cb,21,0,11,5,linux,BIC
c54619b0bfb35c4153b3fb34916a6fa50dcf2dc1,210,29,30,4,linux,BIC
6a56e19902af01da447cd3104d5a6e8d01792ee1,45,0,1,8,linux,BIC
d7b1956fed33d30c4815e848fd7a143722916868,37,0,19,2,linux,BIC
097f1eefedeab528cecbd35586dfe293853ffb17,3,0,0,1,linux,BFC
9038c320001dd07f60736018edf608ac5baca0ab,20,0,9,5,linux,BIC
56f581bad4bf25b336593a7f7531b24424b1ecf8,27,12,13,1,linux,BFC
a23740ec43ba022dbfd139d0fe3eff193216272b,53,0,2,1,linux,BIC
c85aa326f5c5cc73bad4381498fd2bda1bb41c27,0,2,0,1,linux,BFC
15d99e02babae8bc20b836917ace07d93e318149,20,0,7,4,linux,BIC
5e1a1da0f8c9142902a97fe48b008860f5c7a305,227,0,5,1,linux,BIC
6a9764efb255f49a91e229799c38d5c1c9361987,37,50,291,8,linux,BIC
5486f5bf790b5c664913076c3194b8f916a5c7ad,1,0,23,1,linux,BFC
2c2f6e30d5f29691e3563d334ce208d3a1907f49,0,14,2,1,linux,BFC
2b391ee2cae3945832011970bede35dab885879d,0,0,1,1,linux,BFC
c7fcbf2513973208c03a2173cd25a2c48fec6605,52,28,5,4,linux,BIC
c518adafa39f37858697ac9309c6cf1805581446,8,1,4,1,linux,BFC
2976908e4198aa02fc3f76802358f69396267189,21,0,0,3,linux,BIC
2848d34c3ba1fc6f1ece0736a4faa16c6277f4d3,15,12,14,1,linux,BIC
8ab6ffba14a466c7298cb3fd5066d774d2977ad1,3,1,4,2,linux,BFC
77ff465799c60294e248000cd22ae8171da3304c,3,1,2,1,linux,BIC
fc40363b2140f5777c88e67814fac9327bf1ee68,2,0,1,1,linux,BFC
d69100b8eee27c2d60ee52df76e0b80a8d492d34,1,0,0,1,linux,BFC
eb21a74adaa11846737f503dd618bd35337e2c37,7,0,0,1,linux,BFC
ad49f8602fe88929b185b21ccf43ff5196bbb7c3,2184,0,0,7,linux,BIC
15c9a359094ec6251578b02387436bc64f11a477,1,0,0,1,linux,BFC
393db0f6827f96054a769ba3a38aa382d137d3c7,2,0,0,1,linux,BFC
470d5060e6b3b8fae47d944601855e9ece7a2470,6,8,12,3,linux,BFC
02b771b64b73226052d6e731a0987db3b47281e9,38,0,22,1,linux,BIC
45b018beddb631fb9a0ecbc3ba103521b03c4c80,5,1,23,2,linux,BIC
a82fe085f344ef20b452cd5f481010ff96b5c4cd,7,0,1,1,linux,BFC
b3149ffcdb31a8eb854cc442a389ae0b539bf28a,1,0,0,1,linux,BFC
4c3b89effc281704d5395282c800c45e453235f6,12,0,0,1,linux,BIC
67c3b611d92fc238c43734878bc3e232ab570c79,22,0,0,1,linux,BFC
ca6d9a084b56f530e42b61a665088ba1caa7cefa,462,0,0,1,linux,BIC
32f3671f6951836cfe9d84e1a6554908b85c61d7,7,3,16,1,linux,BFC
83fbcaed24d797528de00c024674fd58e8f1634f,1,0,1,1,linux,BFC
e47270665b5fcdf8a9ae628e603119e998ca3715,5,0,0,1,linux,BIC
ac75694125f12f3ce92c30584b49533ed710da8e,13,9,0,3,linux,BFC
f4ad8f2c40769b3cc9497ba0883bbaf823f7752f,58,23,4,4,linux,BIC
7329e3ebe3594b425955ab591ecea335e85842c2,5,0,6,1,linux,BFC
7c88e21aefcf86fb41b48b2e04528db5a30fbe18,0,0,1,1,linux,BFC
336e7b53c82fc74d261024773a0fab43623a94fb,5,51,96,1,linux,BIC
50b2412b7e7862c5af0cbf4b10d93bc5c712d021,51,16,22,2,linux,BIC
1ce5fc724a26e0b476e42c5d588bdb80caea003b,1,0,0,1,linux,BFC
d7eb79c6290c7ae4561418544072e0a3266e7384,0,1,9,1,linux,BFC
029bfd1cd53cd8ba896a676e5c1bcf6cd0100d3c,82,1,12,1,linux,BIC
e42bd4ed09aaf57949f199ae02d20a7108ccf73b,12,0,2,5,linux,BIC
2b0bb01b6edb3e13c7f71e43bf3a173a795b7b66,4,0,1,1,linux,BIC
fc09ab7a767394f9ecdad84ea6e85d68b83c8e21,3,0,0,1,linux,BFC
7efd081582619e7c270d1c0a422385dcaa99fa9f,5,11,177,1,linux,BIC
03eb2a557ed552e920a0942b774aaf931596eec1,0,0,2,1,linux,BFC
060212928670593fb89243640bf05cf89560b023,187,0,2,10,linux,BIC
04b5bfe3dc94e64d0590c54045815cb5183fb095,1,0,1,1,linux,BFC
f4a92547fb9818ff272e1e2f0c79cd6b0bc99ce8,0,0,3,1,linux,BFC
f2c2c552f119db84d85a53a8bd76479f34df02b1,13,7,7,6,linux,BIC
cbaf042a3cc6c37f9005fd6952cbf2013ab7cc15,136,0,6,3,linux,BIC
326b16db9f69fd0d279be873c6c00f88c0a4aad5,0,7,1,2,linux,BIC
e10360f815ca6367357b2c2cfef17fc663e50f7b,7,0,2,1,linux,BIC
ab8ad279ceac4fc78ae4dcf1a26326e05695e537,0,0,3,1,linux,BFC
64ee4e751a1c43b155afe2c1c07212893836f36d,13,0,20,2,linux,BIC
799f7063c7645f9a751d17f5dfd73b952f962cd2,2,0,1,1,linux,BFC
d1091c7fa3d52ebce4dd3f15d04155b3469b2f90,63,4,7,4,linux,BIC
eb1aac4c8744f75460c34d71b0c73bebf3e8ee5c,375,0,19,1,linux,BIC
aeaf59b78712c7a1827c76f086acff4f586e072f,0,65,35,2,linux,BFC
b0b0b77ea611e3088e9523e60860f4f41b62b235,0,0,1,1,linux,BFC
03fe492e8346d3da59b6eb7ea306d46ebf22e9d5,1,0,0,1,linux,BFC
37e31d2d26a4124506c24e95434e9baf3405a23a,0,0,1,1,linux,BFC
10720e120e2b1d66172dccb06eb4f346a665cca6,0,0,1,1,linux,BIC
1dc16aac8a537942f47c6df14e7165bbaac26907,0,0,1,1,linux,BFC
73b907a083b8a8c1c62cb494bc9fbe6ae086c460,18,0,3,1,linux,BIC
085db2c04557d31db61541f361bd8b4de92c9939,159,10,14,3,linux,BIC
5eb7c0d04f04a667c049fe090a95494a8de2955c,0,0,4,3,linux,BFC
4c44fc5e94005ab325911de44d7935446781307a,0,0,1,1,linux,BFC
264b0d2bee148073c117e7bbbde5be7125a53be1,0,1,1,1,linux,BFC
f78961f8380b940e0cfc7e549336c21a2ad44f4d,4,0,0,1,linux,BFC
07438603a07e52f1c6aa731842bd298d2725b7be,1,0,0,1,linux,BFC
7288ff6ec795804b1b4632e535403d52bd2b3ce1,6,0,1,1,linux,BFC
3d44a6fd0775e6215e836423e27f8eedf8c871ea,1,0,1,1,linux,BFC
24dfc6eb39b26fc3a5a17a606e868b74f6202ee4,316,0,2,2,linux,BIC
977c1f9c8c022d0173181766b34a0db3705265a4,0,0,1,1,linux,BFC
dc892e17bbae670a3d7aa6ab8bd1033b15b24645,2,0,6,1,linux,BFC
b0d278b7d3ae9115939ddcea93f516308cc367e2,8,9,3,1,linux,BIC
78bb17f76edc3959152334947deec4dcb56e3764,0,2,1,2,linux,BIC
2c9d4e26d1ab27ceae2ded2ffe930f8e5f5b2a89,3,0,0,3,linux,BFC
03f6fc6de9192f4e4209ceee0e92f5947d44fc0a,883,35,5,4,linux,BIC
a6754fae1e66e9a40fed406290d7ca3f2b4d227c,0,4,6,1,linux,BFC
8ba816b23abd2a9a05705f3d00b8653f8be73015,2,0,3,1,linux,BIC
1cbca5852d6c16e85a21487a15d211195aacd4a1,10,0,7,1,linux,BFC
228336f50711e9f0f47352483a8501e0c598845b,0,0,3,1,linux,BFC
8d1d8fcb21cfc4a65731760c3100920f929e8f3d,1,3,0,2,linux,BFC
4832c30d5458387ff2533ff66fbde26ad8bb5a2d,39,48,8,3,linux,BIC
b9a1e627405d68d475a3c1f35e685ccfb5bbe668,19,4,6,5,linux,BIC
2087d421a5a1af4883e3cf0afb93823b7e12132a,1,1,0,1,linux,BFC
d14700a01f9101c2bc75c24fc859c8d85ba7e623,169,0,0,3,linux,BIC
30e22a6ebca039572ce9bc10f1934f4eabfb5b7f,153,4,11,2,linux,BFC
4045daf0fa87846a27f56329fddad2deeb5ca354,6,23,6,3,linux,BFC
f6ab25d41b18f3d26883cb9c20875e1a85c4f05b,0,1,1,1,linux,BFC
08a1e650cc631ccc8cfe670beb38b2f9c58402cd,1,0,0,1,linux,BIC
2f87208efb5d06003d8f49af06e4501e768c8627,0,2,1,1,linux,BFC
72e1f2302040398dafb64bbb93abdde78c1f2267,7,0,0,1,linux,BFC
f4aec227e985e31d2fdc5608daf48e3de19157b7,3,0,5,1,linux,BFC
5c72feee3e45b40a3c96c7145ec422899d0e8964,0,0,1,1,linux,BFC
56887cffe946bb0a90c74429fa94d6110a73119d,9,0,1,1,linux,BFC
06073ee26775809f949823ae18a3affd5f376ee0,154,0,1,1,linux,BIC
7caf62de25554da3af00c92c11afa95dcc3592c4,0,18,0,1,linux,BIC
d3817a647059a3e5f8791e9b7225d194985aa75f,0,9,2,1,linux,BIC
f842c41adc044e4586dd232c6e889f9d46180fa8,10,0,0,1,linux,BIC
b67210cc217f9ca1c576909454d846970c13dfd4,0,0,4,1,linux,BFC
cc89c323a30e73114a21fc125d2f841658a09987,181,18,8,1,linux,BIC
ed6d74446cbfb88c747d4b32477a9d46132694db,16,10,14,4,linux,BIC
4865bde187b29e42b3f572d9610dfca9a57c30b9,8,0,1,1,linux,BIC
c61e9637340e1d0672c6f0c0b11aa81d7262c49d,14,0,0,1,linux,BIC
39ec7de7092ba9789f211d112a66bd19d4cb5d36,1,0,3,1,linux,BIC
8a7ffeb795f864dd605b579c05934cba95dc8ad3,16,0,4,1,linux,BFC
516299d2f5b6f9703b9b388faf91898dc636a678,80,0,6,4,linux,BIC
ee576ec1c1c66ec1cd0c4735bb12bc08f675f530,3,2,0,2,linux,BFC
7652dd2c5cb7b656471cc801d619fe24120643a3,6,0,0,1,linux,BIC
c18c1e186ba872da73e944d9c54f027ea3899d39,76,29,6,5,linux,BIC
e33929537b76486d2ed576a0d9ce3ebff51bf851,14,0,6,1,linux,BIC
c34269041185dad1bab7a34f42ef9fab967a1684,1,0,1,1,linux,BFC
590a0088825016ca7ec53f1aef7e84e1211778d8,646,1,12,5,linux,BIC
d8edf8eb5f6e921fe6389f96d2cd05862730a6ff,4,0,4,1,linux,BFC
caf82f727e69b647f09d57a1fc56e69d22a5f483,3,0,4,1,linux,BFC
ece19502834d84ece2e056db28257ca2aa6e4d48,1045,1,21,1,linux,BIC
044c1ab399afbe9f2ebef49a3204ef1509826dc7,8,4,0,1,linux,BFC
40837273d084ad1584dbaea5e8fbefe0a64f2a6b,13,0,0,1,linux,BFC
1f20bf5921de420071fdb1d55cda7550ae137bcd,9,0,4,1,linux,BFC
43a3d9ba34c9ca313573201d3f45de5ab3494cec,192,182,102,4,linux,BIC
213dd74aee765d4e5f3f4b9607fef0cf97faa2af,3,0,3,1,linux,BFC
48530d9fab0d3bf08827f9167be54acf66d4d457,16,0,0,1,linux,BIC
0e00392a895c95c6d12d42158236c8862a2f43f2,7,0,1,1,linux,BFC
84c2cafa288939e11d21c7830e32b2aee21b723e,27,1,11,6,linux,BIC
d8e5f0eca1e88215e45aca27115ea747e6164da1,2,5,0,1,linux,BIC
80740ebb7e1ad15ab9c11425dcd26e073f86d74b,3,0,1,1,linux,BFC
70fe3d980f5f14d8125869125ba9a0ea95e09c6b,78,8,3,3,linux,BIC
32dc730860155b235f13e0cd3fe58b263279baf9,0,20,10,1,linux,BIC
6c6b5a39c4bf3dbd8cf629c9f5450e983c19dbb9,2,0,0,1,linux,BFC
ec222003bd948de8f3ffbca522d328af1a8452ad,39,4,56,2,linux,BIC
5150dd85bdfa08143cacf1b4249121651bed3c35,0,0,1,1,linux,BFC
acc9ab60132739e0c5ab40644444cd7b22d12886,5,1,1,1,linux,BIC
5ad9a7fde07a95b326da9e650b4f0a41b85e47b5,0,0,5,1,linux,BIC
b519b56e378ee82caf9b079b04f5db87dedc3251,0,26,14,2,linux,BIC
60115fa54ad7b913b7cb5844e6b7ffeb842d55f2,15,0,12,7,linux,BFC
c92d30e4b78dc331909f8c6056c2792aa14e2166,2,0,0,1,linux,BFC
b11b3d21a94d66bc05d1142e0b210bfa316c62be,0,1,17,1,linux,BFC
aa94b1dc5bca1c23d1a1f4110b4e77bfe88c0061,0,1,0,1,linux,BFC
35cbd91eb541e001f6e2648c56abb5361e3d6774,7,0,0,1,linux,BIC
28a235931b56d4e7bdd51f6733daf95f2b269da8,4,0,4,3,linux,BFC
778ff5bb8689eb4fd05a72a409e32a3a34e23faf,35,59,31,3,linux,BIC
3fd6e7d9a146e2e0b55f428d8d4d500ca86909f5,553,0,0,2,linux,BIC
cd667ce24796700e1a0e6e7528efc61c96ff832e,245,18,31,4,linux,BIC
0795fb2021f07969949f523ea33c39785bfae9d6,6,3,3,1,linux,BIC
210bd104c6acd31c3c6b8b075b3f12d4a9f6b60d,3,0,2,1,linux,BFC
04e0a39fc10f82a71b84af73351333b184cee578,201,0,125,3,linux,BIC
e4165ae8304e5ea822fbe5909dd3be5445c058b7,211,11,21,4,linux,BIC
b3b64e2c1575da5f290e75e2a1d9cac307812222,0,0,1,1,linux,BFC
c2062ee3d9615828109ffe8089fbf69bed394d05,2,0,0,1,linux,BFC
ad8529fde9e3601180a839867a8ab041109aebb5,0,0,2,1,linux,BFC
3c4ab49ec59b94651dea7c7b0104c781c79c62b5,4,5,0,1,linux,BFC
8dfb8d2cceb76b74ad5b58cc65c75994329b4d5e,7,10,5,2,linux,BFC
2004bfdef945fe55196db6b9cdf321fbc75bb0de,1,0,0,1,linux,BFC
03fe7aaf0c3d40ef7feff2bdc7180c146989586a,0,0,4,1,linux,BFC
6d5808d4ae1b0851c3b732d9ec2860d5f7804294,21,0,5,2,linux,BIC
87b6d218f3adb00e6b58c7f96f8b5a74ff91abb4,56,0,55,4,linux,BIC
2c2b3ad2c4c801bab1eec7264ea6991b1e4e8f2c,0,0,3,1,linux,BFC
bc8ee596afe8f35b379f87575c46d800dd8e7e68,199,0,0,2,linux,BIC
883ce97d25b019ce8437ba6f49e38302ca5ec23f,91,4,55,3,linux,BIC
e04ec0de61c1eb9693179093e83ab8ca68a30d08,0,0,2,1,linux,BFC
402cb8dda949d9b8c0df20ad2527d139faad7ca1,416,592,139,25,linux,BIC
4e880168e9ffb1cdbdb72b3b48ab0324b30c2d62,1,0,0,1,linux,BFC
931c05a8cb1be029ef2fbc1e4af313d4cb297c47,1,0,3,1,linux,BFC
185aceefd80f98dc5b9d73eb6cbb70739a5ce4ea,6,2,0,1,linux,BFC
ca0dd44cf37bfe316751e1701439c3ff44beb05c,12,0,2,1,linux,BFC
b4146c4929ef61d5afca011474d59d0918a0cd82,0,1,3,1,linux,BFC
ce4ef7c0a8a0594d7b9d088d73866a4389402a7e,143,119,16,3,linux,BIC
3a99c4474112f49a5459933d8758614002ca0ddc,0,0,2,1,linux,BFC
1ffec389a6431782a8a28805830b6fae9bf00af1,4,5,1,1,linux,BFC
dcdfe2712b68f1e9dbf4f1a96ad59b80e5cc0ef7,0,0,6,6,linux,BFC
43b6bf406cd0319e522638f97c9086b7beebaeaa,7,0,8,1,linux,BIC
4ddac46031c1b341f2d3466243ac280f589ca41b,0,1,0,1,linux,BFC
6782af118b6c86419303a5daa3cf5a813d89954a,57,74,3,1,linux,BIC
fa53228721876515adabc7bc74368490bd97aa3b,14,0,1,1,linux,BIC
c4824ae7db418aee6f50f308a20b832e58e997fd,6,0,4,1,linux,BIC
a2388a498ad2f85be01aca29e364abf427d9b53c,1427,0,0,2,linux,BIC
a1c234f95cae2d293047bb6c36e7a4840dbac815,14,15,43,3,linux,BFC
98dbc9c6c61698792e3a66f32f3bf066201d42d7,0,0,1,1,linux,BFC
d54cda74a9a27d6a18c6b670f7299114272a5e50,1,0,0,1,linux,BFC
659a6e38db0b422c63fd68ca7e78a8daadca061e,0,2,0,1,linux,BFC
f3bd9dae3708a0ff6b067e766073ffeb853301f9,2,0,1,1,linux,BIC
af86ca4e3088fe5eacf2f7e58c01fa68ca067672,54,0,3,2,linux,BIC
3bca64c1b9d2f6e7af4512bd9bfef6909d09cdbc,1,0,0,1,linux,BFC
c3168cabe1af2683475d0e3048220c04b7fa4f51,968,104,252,8,linux,BIC
