Job started: Wed Jun 10 18:11:10 CEST 2026
Node: g217
CPUs allocated: 32
Spawning 32 workers to process 13925 commits across 732 repos...
Error in commit 60de4fbbdf3ede49f158e23a9e3b679f2e519c1e: diffstat error: diffstat: /lib64/libc.so.6: version `GLIBC_2.33' not found (required by diffstat)
diffstat: /lib64/libc.so.6: version `GLIBC_2.34' not found (required by diffstat)

Error in commit af88247305bccba43070125cbac14e1130f31205: diffstat error: diffstat: /lib64/libc.so.6: version `GLIBC_2.33' not found (required by diffstat)
diffstat: /lib64/libc.so.6: version `GLIBC_2.34' not found (required by diffstat)

Error in commit 507d58435a518e23477c6cd6f655c122bde8b4ac: diffstat error: diffstat: /lib64/libc.so.6: version `GLIBC_2.33' not found (required by diffstat)
diffstat: /lib64/libc.so.6: version `GLIBC_2.34' not found (required by diffstat)

Error in commit 4574910e5087085a1f330ff8373cee4503f5c77c: diffstat error: diffstat: /lib64/libc.so.6: version `GLIBC_2.33' not found (required by diffstat)
diffstat: /lib64/libc.so.6: version `GLIBC_2.34' not found (required by diffstat)

Error in commit 807f8a8c300435d5483e8d78df9dcdbc27333166: diffstat error: diffstat: /lib64/libc.so.6: version `GLIBC_2.33' not found (required by diffstat)
diffstat: /lib64/libc.so.6: version `GLIBC_2.34' not found (required by diffstat)

Error in commit 7ed47b7d142ec99ad6880bbbec51e9f12b3af74c: diffstat error: diffstat: /lib64/libc.so.6: version `GLIBC_2.33' not found (required by diffstat)
diffstat: /lib64/libc.so.6: version `GLIBC_2.34' not found (required by diffstat)

Error in commit 982134ba62618c2d69fbbbd166d0a11ee3b7e3d8: diffstat error: diffstat: /lib64/libc.so.6: version `GLIBC_2.33' not found (required by diffstat)
diffstat: /lib64/libc.so.6: version `GLIBC_2.34' not found (required by diffstat)

Error in commit 77dd550e5547846604ff6f90c4dc6bba4414e485: diffstat error: diffstat: /lib64/libc.so.6: version `GLIBC_2.33' not found (required by diffstat)
diffstat: /lib64/libc.so.6: version `GLIBC_2.34' not found (required by diffstat)

Error in commit 864472e9b8fa76ffaad17dfcb84d79e16df6828c: diffstat error: diffstat: /lib64/libc.so.6: version `GLIBC_2.33' not found (required by diffstat)
diffstat: /lib64/libc.so.6: version `GLIBC_2.34' not found (required by diffstat)

Error in commit d84f4f992cbd76e8f39c488cf0c5d123843923b1: diffstat error: diffstat: /lib64/libc.so.6: version `GLIBC_2.33' not found (required by diffstat)
diffstat: /lib64/libc.so.6: version `GLIBC_2.34' not found (required by diffstat)

Error in commit f6d460cf0ed16d35aec48f823685e7a0e0283d84: diffstat error: diffstat: /lib64/libc.so.6: version `GLIBC_2.33' not found (required by diffstat)
diffstat: /lib64/libc.so.6: version `GLIBC_2.34' not found (required by diffstat)

Error in commit 70789d7052239992824628db8133de08dc78e593: diffstat error: diffstat: /lib64/libc.so.6: version `GLIBC_2.33' not found (required by diffstat)
diffstat: /lib64/libc.so.6: version `GLIBC_2.34' not found (required by diffstat)

Error in commit 9899d11f654474d2d54ea52ceaa2a1f4db3abd68: diffstat error: diffstat: /lib64/libc.so.6: version `GLIBC_2.33' not found (required by diffstat)
diffstat: /lib64/libc.so.6: version `GLIBC_2.34' not found (required by diffstat)

Error in commit 1ee0a224bc9aad1de496c795f96bc6ba2c394811: diffstat error: diffstat: /lib64/libc.so.6: version `GLIBC_2.33' not found (required by diffstat)
diffstat: /lib64/libc.so.6: version `GLIBC_2.34' not found (required by diffstat)

Error in commit 9ec2b804e099e8a326369e6cccab10dee1d172ee: diffstat error: diffstat: /lib64/libc.so.6: version `GLIBC_2.33' not found (required by diffstat)
diffstat: /lib64/libc.so.6: version `GLIBC_2.34' not found (required by diffstat)

Error in commit a38f7907b926e4c6c7d389ad96cc38cec2e5a9e9: diffstat error: diffstat: /lib64/libc.so.6: version `GLIBC_2.33' not found (required by diffstat)
diffstat: /lib64/libc.so.6: version `GLIBC_2.34' not found (required by diffstat)

Error in commit 84d73cd3fb142bf1298a8c13fd4ca50fd2432372: diffstat error: diffstat: /lib64/libc.so.6: version `GLIBC_2.33' not found (required by diffstat)
diffstat: /lib64/libc.so.6: version `GLIBC_2.34' not found (required by diffstat)

Error in commit 445409602c09219767c06497c0dc2285eac244ed: diffstat error: diffstat: /lib64/libc.so.6: version `GLIBC_2.33' not found (required by diffstat)
diffstat: /lib64/libc.so.6: version `GLIBC_2.34' not found (required by diffstat)

Error in commit e4a7b7b0c98efcdcc4c1f6eb10925dec1fbc4016: diffstat error: diffstat: /lib64/libc.so.6: version `GLIBC_2.33' not found (required by diffstat)
diffstat: /lib64/libc.so.6: version `GLIBC_2.34' not found (required by diffstat)

Error in commit 604c499cbbcc3d5fe5fb8d53306aa0fae1990109: diffstat error: diffstat: /lib64/libc.so.6: version `GLIBC_2.33' not found (required by diffstat)
diffstat: /lib64/libc.so.6: version `GLIBC_2.34' not found (required by diffstat)

Error in commit 4daa28f6d8f5cda8ea0f55048e3c8811c384cbdd: diffstat error: diffstat: /lib64/libc.so.6: version `GLIBC_2.33' not found (required by diffstat)
diffstat: /lib64/libc.so.6: version `GLIBC_2.34' not found (required by diffstat)

Error in commit b17fc33d0a6c5e97de431b5a80c3b7e10c7c8957: diffstat error: diffstat: /lib64/libc.so.6: version `GLIBC_2.33' not found (required by diffstat)
diffstat: /lib64/libc.so.6: version `GLIBC_2.34' not found (required by diffstat)

Error in commit f354533146251c17b5a8df016b40416ec52af5bf: diffstat error: diffstat: /lib64/libc.so.6: version `GLIBC_2.33' not found (required by diffstat)
diffstat: /lib64/libc.so.6: version `GLIBC_2.34' not found (required by diffstat)

Error in commit b6faf7ccb2845e1072163db797c8dff8485cc883: diffstat error: diffstat: /lib64/libc.so.6: version `GLIBC_2.33' not found (required by diffstat)
diffstat: /lib64/libc.so.6: version `GLIBC_2.34' not found (required by diffstat)

Error in commit eb7e7e82e17b0353fbcfdee616cfe89e525eae53: diffstat error: diffstat: /lib64/libc.so.6: version `GLIBC_2.33' not found (required by diffstat)
diffstat: /lib64/libc.so.6: version `GLIBC_2.34' not found (required by diffstat)

Error in commit 4a71df50047f0db65ea09b1be155852e81a45eba: diffstat error: diffstat: /lib64/libc.so.6: version `GLIBC_2.33' not found (required by diffstat)
diffstat: /lib64/libc.so.6: version `GLIBC_2.34' not found (required by diffstat)

Error in commit fd558d186df2c13a22455373858bae634a4795af: diffstat error: diffstat: /lib64/libc.so.6: version `GLIBC_2.33' not found (required by diffstat)
diffstat: /lib64/libc.so.6: version `GLIBC_2.34' not found (required by diffstat)

Error in commit a2ca9faeac3609e5cfdbda357a6ce223a2c8bc66: diffstat error: diffstat: /lib64/libc.so.6: version `GLIBC_2.33' not found (required by diffstat)
diffstat: /lib64/libc.so.6: version `GLIBC_2.34' not found (required by diffstat)

Error in commit ee4fa23c4bfcc635d077a9633d405610de45bc70: diffstat error: diffstat: /lib64/libc.so.6: version `GLIBC_2.33' not found (required by diffstat)
diffstat: /lib64/libc.so.6: version `GLIBC_2.34' not found (required by diffstat)

Error in commit 1d147bfa64293b2723c4fec50922168658e613ba: diffstat error: diffstat: /lib64/libc.so.6: version `GLIBC_2.33' not found (required by diffstat)
diffstat: /lib64/libc.so.6: version `GLIBC_2.34' not found (required by diffstat)

Error in commit 07f4d9d74a04aa7c72c5dae0ef97565f28f17b92: diffstat error: diffstat: /lib64/libc.so.6: version `GLIBC_2.33' not found (required by diffstat)
diffstat: /lib64/libc.so.6: version `GLIBC_2.34' not found (required by diffstat)

Error in commit 3cb989501c2688cacbb7dc4b0d353faf838f53a1: diffstat error: diffstat: /lib64/libc.so.6: version `GLIBC_2.33' not found (required by diffstat)
diffstat: /lib64/libc.so.6: version `GLIBC_2.34' not found (required by diffstat)

Error in commit d06e03adcb30f9e9fff4df1d80a3087f54a62d9a: diffstat error: diffstat: /lib64/libc.so.6: version `GLIBC_2.33' not found (required by diffstat)
diffstat: /lib64/libc.so.6: version `GLIBC_2.34' not found (required by diffstat)

Error in commit f9b3bff6f7e38960bb87a5623fbcbc45ee952c49: diffstat error: diffstat: /lib64/libc.so.6: version `GLIBC_2.33' not found (required by diffstat)
diffstat: /lib64/libc.so.6: version `GLIBC_2.34' not found (required by diffstat)

Error in commit 9341e9c6e70cd3ad76c901c3cf052d4cb52fd827: diffstat error: diffstat: /lib64/libc.so.6: version `GLIBC_2.33' not found (required by diffstat)
diffstat: /lib64/libc.so.6: version `GLIBC_2.34' not found (required by diffstat)

Error in commit 681d9761e8516a7dc5ab6589e2dfe717777e1123: diffstat error: diffstat: /lib64/libc.so.6: version `GLIBC_2.33' not found (required by diffstat)
diffstat: /lib64/libc.so.6: version `GLIBC_2.34' not found (required by diffstat)

Error in commit 6609658db0799053fbef0d7d0aa2f1fd68ef32d8: diffstat error: diffstat: /lib64/libc.so.6: version `GLIBC_2.33' not found (required by diffstat)
diffstat: /lib64/libc.so.6: version `GLIBC_2.34' not found (required by diffstat)

Error in commit fb4f10ed50f01b0f953068456bfb6e2885921b01: diffstat error: diffstat: /lib64/libc.so.6: version `GLIBC_2.33' not found (required by diffstat)
diffstat: /lib64/libc.so.6: version `GLIBC_2.34' not found (required by diffstat)

Error in commit 340991e30ccef7b983cf2814ecea610504f5d059: diffstat error: diffstat: /lib64/libc.so.6: version `GLIBC_2.33' not found (required by diffstat)
diffstat: /lib64/libc.so.6: version `GLIBC_2.34' not found (required by diffstat)

Error in commit c8611d712ad01289a0b6a83cc93bba3a1ef4e990: diffstat error: diffstat: /lib64/libc.so.6: version `GLIBC_2.33' not found (required by diffstat)
diffstat: /lib64/libc.so.6: version `GLIBC_2.34' not found (required by diffstat)

Error in commit 643f0fcf3b8ab09a68f0ecd2aa37aafeda3e63ef: diffstat error: diffstat: /lib64/libc.so.6: version `GLIBC_2.33' not found (required by diffstat)
diffstat: /lib64/libc.so.6: version `GLIBC_2.34' not found (required by diffstat)

Error in commit 78eb3b9235515652ed141353d98c239237030410: diffstat error: diffstat: /lib64/libc.so.6: version `GLIBC_2.33' not found (required by diffstat)
diffstat: /lib64/libc.so.6: version `GLIBC_2.34' not found (required by diffstat)

Error in commit 5929a20fe0e5289e67746a4f15e3b6b8259f56ef: diffstat error: diffstat: /lib64/libc.so.6: version `GLIBC_2.33' not found (required by diffstat)
diffstat: /lib64/libc.so.6: version `GLIBC_2.34' not found (required by diffstat)

Error in commit 731d18dd4c0684d30fdab327c5c052b141421cc6: diffstat error: diffstat: /lib64/libc.so.6: version `GLIBC_2.33' not found (required by diffstat)
diffstat: /lib64/libc.so.6: version `GLIBC_2.34' not found (required by diffstat)

Error in commit af6fc858a35b90e89ea7a7ee58e66628c55c776b: diffstat error: diffstat: /lib64/libc.so.6: version `GLIBC_2.33' not found (required by diffstat)
diffstat: /lib64/libc.so.6: version `GLIBC_2.34' not found (required by diffstat)

Error in commit 7eb5e8826911f2792179f99e77e75fbb7ef53a4a: diffstat error: diffstat: /lib64/libc.so.6: version `GLIBC_2.33' not found (required by diffstat)
diffstat: /lib64/libc.so.6: version `GLIBC_2.34' not found (required by diffstat)

Error in commit ed3ee9f44ba55eb6acfbfc8caa881e0253710d2a: diffstat error: diffstat: /lib64/libc.so.6: version `GLIBC_2.33' not found (required by diffstat)
diffstat: /lib64/libc.so.6: version `GLIBC_2.34' not found (required by diffstat)

Error in commit 98ece4eebfb6cd45cc8d550c6ac0022965071afc: diffstat error: diffstat: /lib64/libc.so.6: version `GLIBC_2.33' not found (required by diffstat)
diffstat: /lib64/libc.so.6: version `GLIBC_2.34' not found (required by diffstat)

Error in commit 858119e159384308a5dde67776691a2ebf70df0f: diffstat error: diffstat: /lib64/libc.so.6: version `GLIBC_2.33' not found (required by diffstat)
diffstat: /lib64/libc.so.6: version `GLIBC_2.34' not found (required by diffstat)

Error in commit 60545d0d4610b02e55f65d141c95b18ccf855b6e: diffstat error: diffstat: /lib64/libc.so.6: version `GLIBC_2.33' not found (required by diffstat)
diffstat: /lib64/libc.so.6: version `GLIBC_2.34' not found (required by diffstat)

Error in commit 414c0708d0d60eccf8345c405ac81cf32c43e901: diffstat error: diffstat: /lib64/libc.so.6: version `GLIBC_2.33' not found (required by diffstat)
diffstat: /lib64/libc.so.6: version `GLIBC_2.34' not found (required by diffstat)

Error in commit 514ac8ad8793a097c0c9d89202c642479d6dfa34: diffstat error: diffstat: /lib64/libc.so.6: version `GLIBC_2.33' not found (required by diffstat)
diffstat: /lib64/libc.so.6: version `GLIBC_2.34' not found (required by diffstat)

Error in commit 82b6965a68b09a7cf3057f74d18872ee721f83d5: diffstat error: diffstat: /lib64/libc.so.6: version `GLIBC_2.33' not found (required by diffstat)
diffstat: /lib64/libc.so.6: version `GLIBC_2.34' not found (required by diffstat)

Error in commit e50293ef9775c5f1cf3fcc093037dd6a8c5684ea: diffstat error: diffstat: /lib64/libc.so.6: version `GLIBC_2.33' not found (required by diffstat)
diffstat: /lib64/libc.so.6: version `GLIBC_2.34' not found (required by diffstat)

Error in commit 2ba1fe7a06d3624f9a7586d672b55f08f7c670f3: diffstat error: diffstat: /lib64/libc.so.6: version `GLIBC_2.33' not found (required by diffstat)
diffstat: /lib64/libc.so.6: version `GLIBC_2.34' not found (required by diffstat)

Error in commit a70b52ec1aaeaf60f4739edb1b422827cb6f3893: diffstat error: diffstat: /lib64/libc.so.6: version `GLIBC_2.33' not found (required by diffstat)
diffstat: /lib64/libc.so.6: version `GLIBC_2.34' not found (required by diffstat)

Error in commit 9eb79482a97152930b113b51dff530aba9e28c8e: diffstat error: diffstat: /lib64/libc.so.6: version `GLIBC_2.33' not found (required by diffstat)
diffstat: /lib64/libc.so.6: version `GLIBC_2.34' not found (required by diffstat)

Error in commit fb44ff854e148bc5c5982dad32da98b7a0989d2d: diffstat error: diffstat: /lib64/libc.so.6: version `GLIBC_2.33' not found (required by diffstat)
diffstat: /lib64/libc.so.6: version `GLIBC_2.34' not found (required by diffstat)

Error in commit e4ec8cc8039a7063e24204299b462bd1383184a5: diffstat error: diffstat: /lib64/libc.so.6: version `GLIBC_2.33' not found (required by diffstat)
diffstat: /lib64/libc.so.6: version `GLIBC_2.34' not found (required by diffstat)

Error in commit 8a9781f7ad0087182c51c629335803264568ef3b: diffstat error: diffstat: /lib64/libc.so.6: version `GLIBC_2.33' not found (required by diffstat)
diffstat: /lib64/libc.so.6: version `GLIBC_2.34' not found (required by diffstat)

Error in commit dd37e9405a8e85be49a60b2530efeb5f06bcb753: diffstat error: diffstat: /lib64/libc.so.6: version `GLIBC_2.33' not found (required by diffstat)
diffstat: /lib64/libc.so.6: version `GLIBC_2.34' not found (required by diffstat)

Error in commit b005255e12a311d2c87ea70a7c7b192b2187c22c: diffstat error: diffstat: /lib64/libc.so.6: version `GLIBC_2.33' not found (required by diffstat)
diffstat: /lib64/libc.so.6: version `GLIBC_2.34' not found (required by diffstat)

Error in commit 28a6ed9f9a36b9c517e4a8a429baf4dd382fc5d5: diffstat error: diffstat: /lib64/libc.so.6: version `GLIBC_2.33' not found (required by diffstat)
diffstat: /lib64/libc.so.6: version `GLIBC_2.34' not found (required by diffstat)

Error in commit 97eff7eb57fc2320c267a949cffd622c38712484: diffstat error: diffstat: /lib64/libc.so.6: version `GLIBC_2.33' not found (required by diffstat)
diffstat: /lib64/libc.so.6: version `GLIBC_2.34' not found (required by diffstat)

Error in commit aa81dabddc3776ca0f5dac14f89d4c35d45e7d2d: diffstat error: diffstat: /lib64/libc.so.6: version `GLIBC_2.33' not found (required by diffstat)
diffstat: /lib64/libc.so.6: version `GLIBC_2.34' not found (required by diffstat)

Error in commit 775502f7e9e2bf2058ceebd77d0869a68ba15312: diffstat error: diffstat: /lib64/libc.so.6: version `GLIBC_2.33' not found (required by diffstat)
diffstat: /lib64/libc.so.6: version `GLIBC_2.34' not found (required by diffstat)

Error in commit 81e2cf03ac62c29c6bb365c31b9229aa3b4deff8: diffstat error: diffstat: /lib64/libc.so.6: version `GLIBC_2.33' not found (required by diffstat)
diffstat: /lib64/libc.so.6: version `GLIBC_2.34' not found (required by diffstat)

Error in commit 7722455726bec8c53458a32851d2a87982cf0eac: diffstat error: diffstat: /lib64/libc.so.6: version `GLIBC_2.33' not found (required by diffstat)
diffstat: /lib64/libc.so.6: version `GLIBC_2.34' not found (required by diffstat)

Error in commit 852117694a4b749bed90bee27080caa65d65acfc: diffstat error: diffstat: /lib64/libc.so.6: version `GLIBC_2.33' not found (required by diffstat)
diffstat: /lib64/libc.so.6: version `GLIBC_2.34' not found (required by diffstat)

Error in commit af7918cf0fddcab55b638ae47892fb43a0366f14: diffstat error: diffstat: /lib64/libc.so.6: version `GLIBC_2.33' not found (required by diffstat)
diffstat: /lib64/libc.so.6: version `GLIBC_2.34' not found (required by diffstat)

Error in commit 6ff72ae40c7c20ece939afb362d98cc37f4a1c96: diffstat error: diffstat: /lib64/libc.so.6: version `GLIBC_2.33' not found (required by diffstat)
diffstat: /lib64/libc.so.6: version `GLIBC_2.34' not found (required by diffstat)

Error in commit 8763c6090d627d8bb0ee1d030c30e58f406be9ce: diffstat error: diffstat: /lib64/libc.so.6: version `GLIBC_2.33' not found (required by diffstat)
diffstat: /lib64/libc.so.6: version `GLIBC_2.34' not found (required by diffstat)

Error in commit 690ca62dd39fccb050c3fe3e61da531faf483da4: diffstat error: diffstat: /lib64/libc.so.6: version `GLIBC_2.33' not found (required by diffstat)
diffstat: /lib64/libc.so.6: version `GLIBC_2.34' not found (required by diffstat)

Error in commit c4cca4c20e75359c9a13a1f9a36cb7b4e9601d29: diffstat error: diffstat: /lib64/libc.so.6: version `GLIBC_2.33' not found (required by diffstat)
diffstat: /lib64/libc.so.6: version `GLIBC_2.34' not found (required by diffstat)

Error in commit 9c191f701ce9f9bc604e88a5dc69cd943daa5d3b: diffstat error: diffstat: /lib64/libc.so.6: version `GLIBC_2.33' not found (required by diffstat)
diffstat: /lib64/libc.so.6: version `GLIBC_2.34' not found (required by diffstat)

Error in commit b3b94faa5fe5968827ba0640ee9fba4b3e7f736e: diffstat error: diffstat: /lib64/libc.so.6: version `GLIBC_2.33' not found (required by diffstat)
diffstat: /lib64/libc.so.6: version `GLIBC_2.34' not found (required by diffstat)

Error in commit 8d4a2ec1e0b41b0cf9a0c5cd4511da7f8e4f3de2: diffstat error: diffstat: /lib64/libc.so.6: version `GLIBC_2.33' not found (required by diffstat)
diffstat: /lib64/libc.so.6: version `GLIBC_2.34' not found (required by diffstat)

Error in commit bf911e985d6bbaa328c20c3e05f4eb03de11fdd6: diffstat error: diffstat: /lib64/libc.so.6: version `GLIBC_2.33' not found (required by diffstat)
diffstat: /lib64/libc.so.6: version `GLIBC_2.34' not found (required by diffstat)

Error in commit ef85b67385436ddc1998f45f1d6a210f935b3388: diffstat error: diffstat: /lib64/libc.so.6: version `GLIBC_2.33' not found (required by diffstat)
diffstat: /lib64/libc.so.6: version `GLIBC_2.34' not found (required by diffstat)

Error in commit 00984f4cafffedd38806aacd3bb1b55b59d3adcc: diffstat error: diffstat: /lib64/libc.so.6: version `GLIBC_2.33' not found (required by diffstat)
diffstat: /lib64/libc.so.6: version `GLIBC_2.34' not found (required by diffstat)

Error in commit 1216dad0f228017a84e8840173f0fdeeea676a65: diffstat error: diffstat: /lib64/libc.so.6: version `GLIBC_2.33' not found (required by diffstat)
diffstat: /lib64/libc.so.6: version `GLIBC_2.34' not found (required by diffstat)

Error in commit 1a295fe7ffda4878bda19a21162e41f7890a4365: diffstat error: diffstat: /lib64/libc.so.6: version `GLIBC_2.33' not found (required by diffstat)
diffstat: /lib64/libc.so.6: version `GLIBC_2.34' not found (required by diffstat)

Error in commit 15f081c89650dccee4aa4ae66f614c3fdb268767: diffstat error: diffstat: /lib64/libc.so.6: version `GLIBC_2.33' not found (required by diffstat)
diffstat: /lib64/libc.so.6: version `GLIBC_2.34' not found (required by diffstat)

Error in commit b65e3ebdb6b8a5f68e830799f89fc22f3f25d9a0: diffstat error: diffstat: /lib64/libc.so.6: version `GLIBC_2.33' not found (required by diffstat)
diffstat: /lib64/libc.so.6: version `GLIBC_2.34' not found (required by diffstat)

Error in commit e4fb0edb7c03e5ec19b6f732f1dfbe911212dbde: diffstat error: diffstat: /lib64/libc.so.6: version `GLIBC_2.33' not found (required by diffstat)
diffstat: /lib64/libc.so.6: version `GLIBC_2.34' not found (required by diffstat)

Error in commit 8e75437a7e43d4c55e861691f74892e666e29b0b: diffstat error: diffstat: /lib64/libc.so.6: version `GLIBC_2.33' not found (required by diffstat)
diffstat: /lib64/libc.so.6: version `GLIBC_2.34' not found (required by diffstat)

Error in commit d1c71e98f4f6b5271e97bc2a5274c92491bfdbd3: diffstat error: diffstat: /lib64/libc.so.6: version `GLIBC_2.33' not found (required by diffstat)
diffstat: /lib64/libc.so.6: version `GLIBC_2.34' not found (required by diffstat)

Error in commit e37b620fe8f14535d737e89a4dcabaed4517bf1a: diffstat error: diffstat: /lib64/libc.so.6: version `GLIBC_2.33' not found (required by diffstat)
diffstat: /lib64/libc.so.6: version `GLIBC_2.34' not found (required by diffstat)

Error in commit cbc36660ea2b5b2f891b4b0cad1bf055641978a0: diffstat error: diffstat: /lib64/libc.so.6: version `GLIBC_2.33' not found (required by diffstat)
diffstat: /lib64/libc.so.6: version `GLIBC_2.34' not found (required by diffstat)

Error in commit 1abc2e5a401a4bf1d5ca4df91358ce5df111f495: diffstat error: diffstat: /lib64/libc.so.6: version `GLIBC_2.33' not found (required by diffstat)
diffstat: /lib64/libc.so.6: version `GLIBC_2.34' not found (required by diffstat)

Error in commit ba6d7782ee2a68b0dbefbccfc1c7fab59d9e9b69: diffstat error: diffstat: /lib64/libc.so.6: version `GLIBC_2.33' not found (required by diffstat)
diffstat: /lib64/libc.so.6: version `GLIBC_2.34' not found (required by diffstat)

Error in commit 6398683df312015ebc40066dfe4b9242cc933a60: diffstat error: diffstat: /lib64/libc.so.6: version `GLIBC_2.33' not found (required by diffstat)
diffstat: /lib64/libc.so.6: version `GLIBC_2.34' not found (required by diffstat)

Error in commit ead645853a63bf83d8386702cad0cf23b31d7eeb: diffstat error: diffstat: /lib64/libc.so.6: version `GLIBC_2.33' not found (required by diffstat)
diffstat: /lib64/libc.so.6: version `GLIBC_2.34' not found (required by diffstat)

Error in commit 68338b71a563b24e62617bb629059adc0c94b230: diffstat error: diffstat: /lib64/libc.so.6: version `GLIBC_2.33' not found (required by diffstat)
diffstat: /lib64/libc.so.6: version `GLIBC_2.34' not found (required by diffstat)

Error in commit 933e96f01a8c889c7bf5ffd30020e86a02a046e7: diffstat error: diffstat: /lib64/libc.so.6: version `GLIBC_2.33' not found (required by diffstat)
diffstat: /lib64/libc.so.6: version `GLIBC_2.34' not found (required by diffstat)

Error in commit afa3dfccf9f0ded9a96e7cc8afb47687595a8dec: diffstat error: diffstat: /lib64/libc.so.6: version `GLIBC_2.33' not found (required by diffstat)
diffstat: /lib64/libc.so.6: version `GLIBC_2.34' not found (required by diffstat)

Error in commit 5216f82250f6a3a9fe652a6534a46e0a69f5c6f7: diffstat error: diffstat: /lib64/libc.so.6: version `GLIBC_2.33' not found (required by diffstat)
diffstat: /lib64/libc.so.6: version `GLIBC_2.34' not found (required by diffstat)

Error in commit 63302366a63602acbaad5c8223a105811b2adddd: diffstat error: diffstat: /lib64/libc.so.6: version `GLIBC_2.33' not found (required by diffstat)
diffstat: /lib64/libc.so.6: version `GLIBC_2.34' not found (required by diffstat)

Error in commit 8a370f9ab120faf182aa160900ba692ba8e2bcf0: diffstat error: diffstat: /lib64/libc.so.6: version `GLIBC_2.33' not found (required by diffstat)
diffstat: /lib64/libc.so.6: version `GLIBC_2.34' not found (required by diffstat)

Error in commit e1c94d9d25db6b0dd7a5028ffee31d1057855d73: diffstat error: diffstat: /lib64/libc.so.6: version `GLIBC_2.33' not found (required by diffstat)
diffstat: /lib64/libc.so.6: version `GLIBC_2.34' not found (required by diffstat)

Error in commit b173a352397877775c51c9a0e9d59eb6ce24c455: diffstat error: diffstat: /lib64/libc.so.6: version `GLIBC_2.33' not found (required by diffstat)
diffstat: /lib64/libc.so.6: version `GLIBC_2.34' not found (required by diffstat)

Error in commit 420fa82e8dd3923a6bf782c894c34622c84a9d85: diffstat error: diffstat: /lib64/libc.so.6: version `GLIBC_2.33' not found (required by diffstat)
diffstat: /lib64/libc.so.6: version `GLIBC_2.34' not found (required by diffstat)

Error in commit 38dba75b9ae22693b86ff47603dc661a329a28d8: diffstat error: diffstat: /lib64/libc.so.6: version `GLIBC_2.33' not found (required by diffstat)
diffstat: /lib64/libc.so.6: version `GLIBC_2.34' not found (required by diffstat)

Error in commit 8aecd66b4967e21902a904bf2f8a530f19b76305: diffstat error: diffstat: /lib64/libc.so.6: version `GLIBC_2.33' not found (required by diffstat)
diffstat: /lib64/libc.so.6: version `GLIBC_2.34' not found (required by diffstat)

Error in commit 55d9184d89f7a5d260af5a486f02fe1afd3f6c16: diffstat error: diffstat: /lib64/libc.so.6: version `GLIBC_2.33' not found (required by diffstat)
diffstat: /lib64/libc.so.6: version `GLIBC_2.34' not found (required by diffstat)

Error in commit 2e82fa00466ae525339754bb3ab0a0474a31d4bd: diffstat error: diffstat: /lib64/libc.so.6: version `GLIBC_2.33' not found (required by diffstat)
diffstat: /lib64/libc.so.6: version `GLIBC_2.34' not found (required by diffstat)

Error in commit 0c59a93f1b6433f259321939ee5f49eb45aa1e22: diffstat error: diffstat: /lib64/libc.so.6: version `GLIBC_2.33' not found (required by diffstat)
diffstat: /lib64/libc.so.6: version `GLIBC_2.34' not found (required by diffstat)

Error in commit e24bdc716c3327b067c551bc6cfb97fd2370358d: diffstat error: diffstat: /lib64/libc.so.6: version `GLIBC_2.33' not found (required by diffstat)
diffstat: /lib64/libc.so.6: version `GLIBC_2.34' not found (required by diffstat)

Error in commit 58b6dde319c301b0eae27d12e2a659e067d80558: diffstat error: diffstat: /lib64/libc.so.6: version `GLIBC_2.33' not found (required by diffstat)
diffstat: /lib64/libc.so.6: version `GLIBC_2.34' not found (required by diffstat)

Error in commit fb0e0cce0b9f25389ab56604c3547351617e1415: diffstat error: diffstat: /lib64/libc.so.6: version `GLIBC_2.33' not found (required by diffstat)
diffstat: /lib64/libc.so.6: version `GLIBC_2.34' not found (required by diffstat)

Error in commit e0b6a20b79e1a438125c72a3335713af01619ea9: diffstat error: diffstat: /lib64/libc.so.6: version `GLIBC_2.33' not found (required by diffstat)
diffstat: /lib64/libc.so.6: version `GLIBC_2.34' not found (required by diffstat)

Error in commit 60bfb401ad5a4a8ae995dcd36372fe15c71e1a35: diffstat error: diffstat: /lib64/libc.so.6: version `GLIBC_2.33' not found (required by diffstat)
diffstat: /lib64/libc.so.6: version `GLIBC_2.34' not found (required by diffstat)

Error in commit 0dd40abd6d5b3e53a6b745dd4d6cf94b70010989: diffstat error: diffstat: /lib64/libc.so.6: version `GLIBC_2.33' not found (required by diffstat)
diffstat: /lib64/libc.so.6: version `GLIBC_2.34' not found (required by diffstat)

Error in commit e86d8a66777b8c51de42de156b96a506835b2fcd: diffstat error: diffstat: /lib64/libc.so.6: version `GLIBC_2.33' not found (required by diffstat)
diffstat: /lib64/libc.so.6: version `GLIBC_2.34' not found (required by diffstat)

Error in commit fe1dfe0f40776ef18f5318149f981387d386b962: diffstat error: diffstat: /lib64/libc.so.6: version `GLIBC_2.33' not found (required by diffstat)
diffstat: /lib64/libc.so.6: version `GLIBC_2.34' not found (required by diffstat)

Error in commit cca7249ed6ad71eb8d0be56891451b26bedb7a5a: diffstat error: diffstat: /lib64/libc.so.6: version `GLIBC_2.33' not found (required by diffstat)
diffstat: /lib64/libc.so.6: version `GLIBC_2.34' not found (required by diffstat)

Error in commit 12fa026bdbc69c781f05440020e5418521f92f18: diffstat error: diffstat: /lib64/libc.so.6: version `GLIBC_2.33' not found (required by diffstat)
diffstat: /lib64/libc.so.6: version `GLIBC_2.34' not found (required by diffstat)

Error in commit 4a04f814b15762eb446a5ead4d69d021512df6f8: diffstat error: diffstat: /lib64/libc.so.6: version `GLIBC_2.33' not found (required by diffstat)
diffstat: /lib64/libc.so.6: version `GLIBC_2.34' not found (required by diffstat)

Error in commit 7aac64f2622fd87c1e8589ffd58d6eeb35d2f28b: diffstat error: diffstat: /lib64/libc.so.6: version `GLIBC_2.33' not found (required by diffstat)
diffstat: /lib64/libc.so.6: version `GLIBC_2.34' not found (required by diffstat)

Error in commit dd038c19063f6c92b824a92d53a0d5cdb3229e83: diffstat error: diffstat: /lib64/libc.so.6: version `GLIBC_2.33' not found (required by diffstat)
diffstat: /lib64/libc.so.6: version `GLIBC_2.34' not found (required by diffstat)

Error in commit 4ec444f4eab88cf4bec664fafcf9cab50bc5ff6a: diffstat error: diffstat: /lib64/libc.so.6: version `GLIBC_2.33' not found (required by diffstat)
diffstat: /lib64/libc.so.6: version `GLIBC_2.34' not found (required by diffstat)

Error in commit 7d02019a07840c0263ab935f626af8002af12a91: diffstat error: diffstat: /lib64/libc.so.6: version `GLIBC_2.33' not found (required by diffstat)
diffstat: /lib64/libc.so.6: version `GLIBC_2.34' not found (required by diffstat)

Error in commit 91cc3f36f2ccbd485a0456bab9aebe63b635da88: diffstat error: diffstat: /lib64/libc.so.6: version `GLIBC_2.33' not found (required by diffstat)
diffstat: /lib64/libc.so.6: version `GLIBC_2.34' not found (required by diffstat)

Error in commit e54bb0c2eab07c494abf2290add28bca0653fd1b: diffstat error: diffstat: /lib64/libc.so.6: version `GLIBC_2.33' not found (required by diffstat)
diffstat: /lib64/libc.so.6: version `GLIBC_2.34' not found (required by diffstat)

Error in commit 7ab66cca5bbdf6cb2d69339ef4f513d95e532dbf: diffstat error: diffstat: /lib64/libc.so.6: version `GLIBC_2.33' not found (required by diffstat)
diffstat: /lib64/libc.so.6: version `GLIBC_2.34' not found (required by diffstat)

Error in commit 4ef1b2869447411ad3ef91ad7d4891a83c1a509a: diffstat error: diffstat: /lib64/libc.so.6: version `GLIBC_2.33' not found (required by diffstat)
diffstat: /lib64/libc.so.6: version `GLIBC_2.34' not found (required by diffstat)

Error in commit 0adda907f23df2e19355b58a20f0a7ff76587c6a: diffstat error: diffstat: /lib64/libc.so.6: version `GLIBC_2.33' not found (required by diffstat)
diffstat: /lib64/libc.so.6: version `GLIBC_2.34' not found (required by diffstat)

Error in commit 6f1879d498bcc5cce12fe0c5decb8dbc0f608e5d: diffstat error: diffstat: /lib64/libc.so.6: version `GLIBC_2.33' not found (required by diffstat)
diffstat: /lib64/libc.so.6: version `GLIBC_2.34' not found (required by diffstat)

Error in commit b3dd69b23e9338806891c708a0cc8a82c0d1872a: diffstat error: diffstat: /lib64/libc.so.6: version `GLIBC_2.33' not found (required by diffstat)
diffstat: /lib64/libc.so.6: version `GLIBC_2.34' not found (required by diffstat)

Error in commit 4176bb21071b87cc8a0d0867db402999db941569: diffstat error: diffstat: /lib64/libc.so.6: version `GLIBC_2.33' not found (required by diffstat)
diffstat: /lib64/libc.so.6: version `GLIBC_2.34' not found (required by diffstat)

Error in commit 17ce039b4e5405c49d8c0d64e6d781cc6f4dc1ac: diffstat error: diffstat: /lib64/libc.so.6: version `GLIBC_2.33' not found (required by diffstat)
diffstat: /lib64/libc.so.6: version `GLIBC_2.34' not found (required by diffstat)

Error in commit 0af10c86ed6656da0c9b680ec9d1c65768dd99b2: diffstat error: diffstat: /lib64/libc.so.6: version `GLIBC_2.33' not found (required by diffstat)
diffstat: /lib64/libc.so.6: version `GLIBC_2.34' not found (required by diffstat)

Error in commit 510fc3db02183613fab6b1bab60f4e94e52ea866: diffstat error: diffstat: /lib64/libc.so.6: version `GLIBC_2.33' not found (required by diffstat)
diffstat: /lib64/libc.so.6: version `GLIBC_2.34' not found (required by diffstat)

Error in commit 2e5174eac02a0f5cf1369f8beeeaf7ccad126289: diffstat error: diffstat: /lib64/libc.so.6: version `GLIBC_2.33' not found (required by diffstat)
diffstat: /lib64/libc.so.6: version `GLIBC_2.34' not found (required by diffstat)

Error in commit ec5eb9f201dadf2f3b8fb7c24527e1afe48f279a: diffstat error: diffstat: /lib64/libc.so.6: version `GLIBC_2.33' not found (required by diffstat)
diffstat: /lib64/libc.so.6: version `GLIBC_2.34' not found (required by diffstat)

Error in commit 9c4693b853c5a9ab2156544ee3334a082cdba420: diffstat error: diffstat: /lib64/libc.so.6: version `GLIBC_2.33' not found (required by diffstat)
diffstat: /lib64/libc.so.6: version `GLIBC_2.34' not found (required by diffstat)

Error in commit c3c87e770458aa004bd7ed3f29945ff436fd6511: diffstat error: diffstat: /lib64/libc.so.6: version `GLIBC_2.33' not found (required by diffstat)
diffstat: /lib64/libc.so.6: version `GLIBC_2.34' not found (required by diffstat)

Error in commit b5bee52888069417aa780ab79b897d0736f306c9: diffstat error: diffstat: /lib64/libc.so.6: version `GLIBC_2.33' not found (required by diffstat)
diffstat: /lib64/libc.so.6: version `GLIBC_2.34' not found (required by diffstat)

Error in commit 059ec3d9952740285fb1ebf47961b8aca2eb1b4a: diffstat error: diffstat: /lib64/libc.so.6: version `GLIBC_2.33' not found (required by diffstat)
diffstat: /lib64/libc.so.6: version `GLIBC_2.34' not found (required by diffstat)

Error in commit 130d088a2c650cf73bfe4ae74df799f7e4152106: diffstat error: diffstat: /lib64/libc.so.6: version `GLIBC_2.33' not found (required by diffstat)
diffstat: /lib64/libc.so.6: version `GLIBC_2.34' not found (required by diffstat)

Error in commit fbfa4d1083ea84c5429992ca3e996d7d4fbc8238: diffstat error: diffstat: /lib64/libc.so.6: version `GLIBC_2.33' not found (required by diffstat)
diffstat: /lib64/libc.so.6: version `GLIBC_2.34' not found (required by diffstat)

Error in commit 4f2c1ddd3e3b81d2d5146b883115371f1cada9f9: diffstat error: diffstat: /lib64/libc.so.6: version `GLIBC_2.33' not found (required by diffstat)
diffstat: /lib64/libc.so.6: version `GLIBC_2.34' not found (required by diffstat)

Error in commit 385aee965b4e4c36551c362a334378d2985b722a: diffstat error: diffstat: /lib64/libc.so.6: version `GLIBC_2.33' not found (required by diffstat)
diffstat: /lib64/libc.so.6: version `GLIBC_2.34' not found (required by diffstat)

Error in commit d072ed6aff835c174e856ce3a428163c0da9e8f4: diffstat error: diffstat: /lib64/libc.so.6: version `GLIBC_2.33' not found (required by diffstat)
diffstat: /lib64/libc.so.6: version `GLIBC_2.34' not found (required by diffstat)

Error in commit aa84944b405acebbeefe871d0f64969b9e9f31ac: diffstat error: diffstat: /lib64/libc.so.6: version `GLIBC_2.33' not found (required by diffstat)
diffstat: /lib64/libc.so.6: version `GLIBC_2.34' not found (required by diffstat)

Error in commit 1bc1fd0ff8c555841c78829217ac81fa0598255d: diffstat error: diffstat: /lib64/libc.so.6: version `GLIBC_2.33' not found (required by diffstat)
diffstat: /lib64/libc.so.6: version `GLIBC_2.34' not found (required by diffstat)

Error in commit f3362b2383b697b32ea18b0de7b84b5824e9f652: diffstat error: diffstat: /lib64/libc.so.6: version `GLIBC_2.33' not found (required by diffstat)
diffstat: /lib64/libc.so.6: version `GLIBC_2.34' not found (required by diffstat)

Error in commit 5fe1c32f61d2ba0d1ec91767bf11a978a934f6a3: diffstat error: diffstat: /lib64/libc.so.6: version `GLIBC_2.33' not found (required by diffstat)
diffstat: /lib64/libc.so.6: version `GLIBC_2.34' not found (required by diffstat)

Error in commit 06c4f034881895074da3f4e4f206ba06429f042b: diffstat error: diffstat: /lib64/libc.so.6: version `GLIBC_2.33' not found (required by diffstat)
diffstat: /lib64/libc.so.6: version `GLIBC_2.34' not found (required by diffstat)

Error in commit 1e98a0f08abddde87f0f93237f10629ecb4880ef: diffstat error: diffstat: /lib64/libc.so.6: version `GLIBC_2.33' not found (required by diffstat)
diffstat: /lib64/libc.so.6: version `GLIBC_2.34' not found (required by diffstat)

Error in commit 19d25dd8781620cd41bf178a5e2e27fc1cf242d0: diffstat error: diffstat: /lib64/libc.so.6: version `GLIBC_2.33' not found (required by diffstat)
diffstat: /lib64/libc.so.6: version `GLIBC_2.34' not found (required by diffstat)

Error in commit 7ac73d6cd41e9d4ac0ca7e6830ca390e195bb21c: diffstat error: diffstat: /lib64/libc.so.6: version `GLIBC_2.33' not found (required by diffstat)
diffstat: /lib64/libc.so.6: version `GLIBC_2.34' not found (required by diffstat)

Error in commit e942fb84fbe3a73a98a00d2a279425872b5fb9d2: diffstat error: diffstat: /lib64/libc.so.6: version `GLIBC_2.33' not found (required by diffstat)
diffstat: /lib64/libc.so.6: version `GLIBC_2.34' not found (required by diffstat)

Error in commit e847135d66e822a96198a8d15771cf3a827b1ee9: diffstat error: diffstat: /lib64/libc.so.6: version `GLIBC_2.33' not found (required by diffstat)
diffstat: /lib64/libc.so.6: version `GLIBC_2.34' not found (required by diffstat)

Error in commit 26498833b72fe86ef84f4bdef62fbc18af5bcd52: diffstat error: diffstat: /lib64/libc.so.6: version `GLIBC_2.33' not found (required by diffstat)
diffstat: /lib64/libc.so.6: version `GLIBC_2.34' not found (required by diffstat)

Error in commit c5dd7bef5e54da5996dc4713284aa6266ae75b75: diffstat error: diffstat: /lib64/libc.so.6: version `GLIBC_2.33' not found (required by diffstat)
diffstat: /lib64/libc.so.6: version `GLIBC_2.34' not found (required by diffstat)

Error in commit 90a3f90f3ee256c0489fee5595b8622f83bad124: diffstat error: diffstat: /lib64/libc.so.6: version `GLIBC_2.33' not found (required by diffstat)
diffstat: /lib64/libc.so.6: version `GLIBC_2.34' not found (required by diffstat)

Error in commit d10a0f980fe8f9407ab1ffbd612641433ebe175e: diffstat error: diffstat: /lib64/libc.so.6: version `GLIBC_2.33' not found (required by diffstat)
diffstat: /lib64/libc.so.6: version `GLIBC_2.34' not found (required by diffstat)

Error in commit 43f4bab0e1602ade00fc4ad81a8f7af10392c370: diffstat error: diffstat: /lib64/libc.so.6: version `GLIBC_2.33' not found (required by diffstat)
diffstat: /lib64/libc.so.6: version `GLIBC_2.34' not found (required by diffstat)

Error in commit 41cad602709436628f07b4c4f64e9ff7a611f687: diffstat error: diffstat: /lib64/libc.so.6: version `GLIBC_2.33' not found (required by diffstat)
diffstat: /lib64/libc.so.6: version `GLIBC_2.34' not found (required by diffstat)

Error in commit 470eb6ef44697b2ad9c415c969ab8c1de6522323: diffstat error: diffstat: /lib64/libc.so.6: version `GLIBC_2.33' not found (required by diffstat)
diffstat: /lib64/libc.so.6: version `GLIBC_2.34' not found (required by diffstat)

Error in commit 5649645d725c73df4302428ee4e02c869248b4c5: diffstat error: diffstat: /lib64/libc.so.6: version `GLIBC_2.33' not found (required by diffstat)
diffstat: /lib64/libc.so.6: version `GLIBC_2.34' not found (required by diffstat)

Error in commit 84957a8ab086377a025e0448fa716ed5983f3c3a: diffstat error: diffstat: /lib64/libc.so.6: version `GLIBC_2.33' not found (required by diffstat)
diffstat: /lib64/libc.so.6: version `GLIBC_2.34' not found (required by diffstat)

Error in commit 404ef011c300207cdb1e531670384564aae04bdc: diffstat error: diffstat: /lib64/libc.so.6: version `GLIBC_2.33' not found (required by diffstat)
diffstat: /lib64/libc.so.6: version `GLIBC_2.34' not found (required by diffstat)

Error in commit 53b2f551649a6ccb7fd9f97bd102304db53d1f40: diffstat error: diffstat: /lib64/libc.so.6: version `GLIBC_2.33' not found (required by diffstat)
diffstat: /lib64/libc.so.6: version `GLIBC_2.34' not found (required by diffstat)

Error in commit 3a35368465b6268edc165c6de5cdea807257acd1: diffstat error: diffstat: /lib64/libc.so.6: version `GLIBC_2.33' not found (required by diffstat)
diffstat: /lib64/libc.so.6: version `GLIBC_2.34' not found (required by diffstat)

Error in commit 7ab9b19bd74b895450c5247a8da0aa3c68616105: diffstat error: diffstat: /lib64/libc.so.6: version `GLIBC_2.33' not found (required by diffstat)
diffstat: /lib64/libc.so.6: version `GLIBC_2.34' not found (required by diffstat)

Error in commit fbb687db1088ddd894d975996e5f6a4252b9a2b4: diffstat error: diffstat: /lib64/libc.so.6: version `GLIBC_2.33' not found (required by diffstat)
diffstat: /lib64/libc.so.6: version `GLIBC_2.34' not found (required by diffstat)

Error in commit 01b1c0e26252a00f2215408b0e473b84aa0f6a87: diffstat error: diffstat: /lib64/libc.so.6: version `GLIBC_2.33' not found (required by diffstat)
diffstat: /lib64/libc.so.6: version `GLIBC_2.34' not found (required by diffstat)

Error in commit 3473f88a7abdf4e585e267288fb77e898c580d2b: diffstat error: diffstat: /lib64/libc.so.6: version `GLIBC_2.33' not found (required by diffstat)
diffstat: /lib64/libc.so.6: version `GLIBC_2.34' not found (required by diffstat)

Error in commit 48b4cdde3483e054af8ea02e0cd7ee467b0e9a50: diffstat error: diffstat: /lib64/libc.so.6: version `GLIBC_2.33' not found (required by diffstat)
diffstat: /lib64/libc.so.6: version `GLIBC_2.34' not found (required by diffstat)

Error in commit 39a0526fb3f7d93433d146304278477eb463f8af: diffstat error: diffstat: /lib64/libc.so.6: version `GLIBC_2.33' not found (required by diffstat)
diffstat: /lib64/libc.so.6: version `GLIBC_2.34' not found (required by diffstat)

Error in commit 0a709e2a10b8288a0cc383547924ecfe285cef89: diffstat error: diffstat: /lib64/libc.so.6: version `GLIBC_2.33' not found (required by diffstat)
diffstat: /lib64/libc.so.6: version `GLIBC_2.34' not found (required by diffstat)

Error in commit e1940d2458353943e2fab6bdb87d2278077e22a5: diffstat error: diffstat: /lib64/libc.so.6: version `GLIBC_2.33' not found (required by diffstat)
diffstat: /lib64/libc.so.6: version `GLIBC_2.34' not found (required by diffstat)

Error in commit 31c1c0b46a7021802c3d1d18039fca30dba5a14e: diffstat error: diffstat: /lib64/libc.so.6: version `GLIBC_2.33' not found (required by diffstat)
diffstat: /lib64/libc.so.6: version `GLIBC_2.34' not found (required by diffstat)

Error in commit a60e66516233f3c84545d90d8cfd64c1cb9f0a8d: diffstat error: diffstat: /lib64/libc.so.6: version `GLIBC_2.33' not found (required by diffstat)
diffstat: /lib64/libc.so.6: version `GLIBC_2.34' not found (required by diffstat)

Error in commit 611b35627488a8d0763e75c25ee0875c5b7987dd: diffstat error: diffstat: /lib64/libc.so.6: version `GLIBC_2.33' not found (required by diffstat)
diffstat: /lib64/libc.so.6: version `GLIBC_2.34' not found (required by diffstat)

Error in commit 5dedb2afd64e27ad08308487e185f7e3a5bea1b9: diffstat error: diffstat: /lib64/libc.so.6: version `GLIBC_2.33' not found (required by diffstat)
diffstat: /lib64/libc.so.6: version `GLIBC_2.34' not found (required by diffstat)

Error in commit d7a6be58edc01b1c66ecd8fcc91236bfbce0a420: diffstat error: diffstat: /lib64/libc.so.6: version `GLIBC_2.33' not found (required by diffstat)
diffstat: /lib64/libc.so.6: version `GLIBC_2.34' not found (required by diffstat)

Error in commit 8249a26d69f72b9cda584c14cc3f12769985e481: diffstat error: diffstat: /lib64/libc.so.6: version `GLIBC_2.33' not found (required by diffstat)
diffstat: /lib64/libc.so.6: version `GLIBC_2.34' not found (required by diffstat)

Error in commit 30027481f7f9e9191f7c8deea51850b7a76b1b1f: diffstat error: diffstat: /lib64/libc.so.6: version `GLIBC_2.33' not found (required by diffstat)
diffstat: /lib64/libc.so.6: version `GLIBC_2.34' not found (required by diffstat)

Error in commit ee301cb2029db8a6289c5295daa42bba7715e99a: diffstat error: diffstat: /lib64/libc.so.6: version `GLIBC_2.33' not found (required by diffstat)
diffstat: /lib64/libc.so.6: version `GLIBC_2.34' not found (required by diffstat)

Error in commit 316b85bbabfbb1072a9e3b38794c732aa940af4d: diffstat error: diffstat: /lib64/libc.so.6: version `GLIBC_2.33' not found (required by diffstat)
diffstat: /lib64/libc.so.6: version `GLIBC_2.34' not found (required by diffstat)

Error in commit 4d89b7b4e4726893453d0fb4ddbb5b3e16353994: diffstat error: diffstat: /lib64/libc.so.6: version `GLIBC_2.33' not found (required by diffstat)
diffstat: /lib64/libc.so.6: version `GLIBC_2.34' not found (required by diffstat)

Error in commit 26b0e411d37a2ca5992d02884dc3fa4e1907e598: diffstat error: diffstat: /lib64/libc.so.6: version `GLIBC_2.33' not found (required by diffstat)
diffstat: /lib64/libc.so.6: version `GLIBC_2.34' not found (required by diffstat)

Error in commit 81481eb423c295c5480a3fab9bb961cf286c91e7: diffstat error: diffstat: /lib64/libc.so.6: version `GLIBC_2.33' not found (required by diffstat)
diffstat: /lib64/libc.so.6: version `GLIBC_2.34' not found (required by diffstat)

Error in commit b6d362f6a1f2de0b3e7604848116efb509196bf4: diffstat error: diffstat: /lib64/libc.so.6: version `GLIBC_2.33' not found (required by diffstat)
diffstat: /lib64/libc.so.6: version `GLIBC_2.34' not found (required by diffstat)

Error in commit 8a44b04b584b3d3ab1cb68fed410f7ecb165e50e: diffstat error: diffstat: /lib64/libc.so.6: version `GLIBC_2.33' not found (required by diffstat)
diffstat: /lib64/libc.so.6: version `GLIBC_2.34' not found (required by diffstat)

Error in commit bed844f109b6c222816740555068de2e101e8018: diffstat error: diffstat: /lib64/libc.so.6: version `GLIBC_2.33' not found (required by diffstat)
diffstat: /lib64/libc.so.6: version `GLIBC_2.34' not found (required by diffstat)

Error in commit 0ff273e68f976a6a199f677b07a931a1969dad7a: diffstat error: diffstat: /lib64/libc.so.6: version `GLIBC_2.33' not found (required by diffstat)
diffstat: /lib64/libc.so.6: version `GLIBC_2.34' not found (required by diffstat)

Error in commit 4be817e8b03e7e92517e91f2dfcc50865e91c6ea: diffstat error: diffstat: /lib64/libc.so.6: version `GLIBC_2.33' not found (required by diffstat)
diffstat: /lib64/libc.so.6: version `GLIBC_2.34' not found (required by diffstat)

Error in commit a642587a9c9e2dd7feacdf513c3643ce26ad3c22: diffstat error: diffstat: /lib64/libc.so.6: version `GLIBC_2.33' not found (required by diffstat)
diffstat: /lib64/libc.so.6: version `GLIBC_2.34' not found (required by diffstat)

Error in commit 94dacf689c123398917c9824fffb94644485cb5c: diffstat error: diffstat: /lib64/libc.so.6: version `GLIBC_2.33' not found (required by diffstat)
diffstat: /lib64/libc.so.6: version `GLIBC_2.34' not found (required by diffstat)

Error in commit f408143c289b8017883294f13d36d43b50c8bc5d: diffstat error: diffstat: /lib64/libc.so.6: version `GLIBC_2.33' not found (required by diffstat)
diffstat: /lib64/libc.so.6: version `GLIBC_2.34' not found (required by diffstat)

Error in commit 557d45bca19a3c6652077eca9a16f1e095b04e5b: diffstat error: diffstat: /lib64/libc.so.6: version `GLIBC_2.33' not found (required by diffstat)
diffstat: /lib64/libc.so.6: version `GLIBC_2.34' not found (required by diffstat)

Error in commit 1c7dbb21d19702872379421e6ae44a15caf67da2: diffstat error: diffstat: /lib64/libc.so.6: version `GLIBC_2.33' not found (required by diffstat)
diffstat: /lib64/libc.so.6: version `GLIBC_2.34' not found (required by diffstat)

Error in commit 4d672e7ac79b5ec5cdc90e450823441e20464691: diffstat error: diffstat: /lib64/libc.so.6: version `GLIBC_2.33' not found (required by diffstat)
diffstat: /lib64/libc.so.6: version `GLIBC_2.34' not found (required by diffstat)

Error in commit 610d66f5319c647b0bb7302b1e8207dd6eafbf13: diffstat error: diffstat: /lib64/libc.so.6: version `GLIBC_2.33' not found (required by diffstat)
diffstat: /lib64/libc.so.6: version `GLIBC_2.34' not found (required by diffstat)

Error in commit 7cce4d41548bde68b93bfbc902a6eb1cd25bfcb7: diffstat error: diffstat: /lib64/libc.so.6: version `GLIBC_2.33' not found (required by diffstat)
diffstat: /lib64/libc.so.6: version `GLIBC_2.34' not found (required by diffstat)

Error in commit 768f70ca405cd3159d990e962d54456773bb8cf8: diffstat error: diffstat: /lib64/libc.so.6: version `GLIBC_2.33' not found (required by diffstat)
diffstat: /lib64/libc.so.6: version `GLIBC_2.34' not found (required by diffstat)

Error in commit c0df0d2ccb434d9ff55946838ea35cdc3569b078: diffstat error: diffstat: /lib64/libc.so.6: version `GLIBC_2.33' not found (required by diffstat)
diffstat: /lib64/libc.so.6: version `GLIBC_2.34' not found (required by diffstat)

Error in commit acd2ed254c18c254a0ab5aafa06d1645e5d079d8: diffstat error: diffstat: /lib64/libc.so.6: version `GLIBC_2.33' not found (required by diffstat)
diffstat: /lib64/libc.so.6: version `GLIBC_2.34' not found (required by diffstat)

Error in commit 9e7d2e44dd88ba7e29c165b6fca428e384afa5a8: diffstat error: diffstat: /lib64/libc.so.6: version `GLIBC_2.33' not found (required by diffstat)
diffstat: /lib64/libc.so.6: version `GLIBC_2.34' not found (required by diffstat)

Error in commit 6e14c07a9145a06138c3e16680aaeb97d9265ff2: diffstat error: diffstat: /lib64/libc.so.6: version `GLIBC_2.33' not found (required by diffstat)
diffstat: /lib64/libc.so.6: version `GLIBC_2.34' not found (required by diffstat)

Error in commit b8b84473a35ec21bba002f6886c15d2455fbec4d: diffstat error: diffstat: /lib64/libc.so.6: version `GLIBC_2.33' not found (required by diffstat)
diffstat: /lib64/libc.so.6: version `GLIBC_2.34' not found (required by diffstat)

Error in commit 6a5444b2e7420b79fb53da4afec05db524c1b3ef: diffstat error: diffstat: /lib64/libc.so.6: version `GLIBC_2.33' not found (required by diffstat)
diffstat: /lib64/libc.so.6: version `GLIBC_2.34' not found (required by diffstat)

Error in commit f1394822a0152ceed77815eafa5cac4e8baab10a: diffstat error: diffstat: /lib64/libc.so.6: version `GLIBC_2.33' not found (required by diffstat)
diffstat: /lib64/libc.so.6: version `GLIBC_2.34' not found (required by diffstat)

Error in commit 430c874b48ac70b1d8e8261aea40344a4abdbe23: diffstat error: diffstat: /lib64/libc.so.6: version `GLIBC_2.33' not found (required by diffstat)
diffstat: /lib64/libc.so.6: version `GLIBC_2.34' not found (required by diffstat)

Error in commit 05f1585e8f130b958e3a921d70acfd9656d45c35: diffstat error: diffstat: /lib64/libc.so.6: version `GLIBC_2.33' not found (required by diffstat)
diffstat: /lib64/libc.so.6: version `GLIBC_2.34' not found (required by diffstat)

Error in commit f237f3e09ecbaf59c897f5046538a7b1a3fa40c1: diffstat error: diffstat: /lib64/libc.so.6: version `GLIBC_2.33' not found (required by diffstat)
diffstat: /lib64/libc.so.6: version `GLIBC_2.34' not found (required by diffstat)

Error in commit e20728ec153b01b5fa4f89cd59cb88835157ec11: diffstat error: diffstat: /lib64/libc.so.6: version `GLIBC_2.33' not found (required by diffstat)
diffstat: /lib64/libc.so.6: version `GLIBC_2.34' not found (required by diffstat)

Error in commit a1bc65c3db593530775823d6d7506a457ed95267: diffstat error: diffstat: /lib64/libc.so.6: version `GLIBC_2.33' not found (required by diffstat)
diffstat: /lib64/libc.so.6: version `GLIBC_2.34' not found (required by diffstat)

Error in commit c5eeabc905ad15eeda415da53d2130aef37d5d99: diffstat error: diffstat: /lib64/libc.so.6: version `GLIBC_2.33' not found (required by diffstat)
diffstat: /lib64/libc.so.6: version `GLIBC_2.34' not found (required by diffstat)

Error in commit c313dc5dedbc9b51bb7a77959ffbda44712ac2e1: diffstat error: diffstat: /lib64/libc.so.6: version `GLIBC_2.33' not found (required by diffstat)
diffstat: /lib64/libc.so.6: version `GLIBC_2.34' not found (required by diffstat)

Error in commit 9ccc633068c6fe76989f487c8932bd11886ad65b: diffstat error: diffstat: /lib64/libc.so.6: version `GLIBC_2.33' not found (required by diffstat)
diffstat: /lib64/libc.so.6: version `GLIBC_2.34' not found (required by diffstat)

Error in commit da632ca08f240590d2dec786722ed08486ce1be6: diffstat error: diffstat: /lib64/libc.so.6: version `GLIBC_2.33' not found (required by diffstat)
diffstat: /lib64/libc.so.6: version `GLIBC_2.34' not found (required by diffstat)

Error in commit 00d4606c3baf813b7b1c176823b2729bf51002a2: diffstat error: diffstat: /lib64/libc.so.6: version `GLIBC_2.33' not found (required by diffstat)
diffstat: /lib64/libc.so.6: version `GLIBC_2.34' not found (required by diffstat)

Error in commit 20e2a86485967c385d7c7befc1646e4d1d39362e: diffstat error: diffstat: /lib64/libc.so.6: version `GLIBC_2.33' not found (required by diffstat)
diffstat: /lib64/libc.so.6: version `GLIBC_2.34' not found (required by diffstat)

Error in commit 9f4c07c8b209a6cfca6717efdd8229db4999b65a: diffstat error: diffstat: /lib64/libc.so.6: version `GLIBC_2.33' not found (required by diffstat)
diffstat: /lib64/libc.so.6: version `GLIBC_2.34' not found (required by diffstat)

Error in commit cb66ddd156203daefb8d71158036b27b0e2caf63: diffstat error: diffstat: /lib64/libc.so.6: version `GLIBC_2.33' not found (required by diffstat)
diffstat: /lib64/libc.so.6: version `GLIBC_2.34' not found (required by diffstat)

Error in commit 5a352dd0a3aac03b443c94828dfd7144261c8636: diffstat error: diffstat: /lib64/libc.so.6: version `GLIBC_2.33' not found (required by diffstat)
diffstat: /lib64/libc.so.6: version `GLIBC_2.34' not found (required by diffstat)

Error in commit cf45b2f883a9882bf2076a8d71f7ab476e246fe2: diffstat error: diffstat: /lib64/libc.so.6: version `GLIBC_2.33' not found (required by diffstat)
diffstat: /lib64/libc.so.6: version `GLIBC_2.34' not found (required by diffstat)

Error in commit 27014494dbb28b12378ea3dbe49dc645566fb212: diffstat error: diffstat: /lib64/libc.so.6: version `GLIBC_2.33' not found (required by diffstat)
diffstat: /lib64/libc.so.6: version `GLIBC_2.34' not found (required by diffstat)

Error in commit c91815b596245fd7da349ecc43c8def670d2269e: diffstat error: diffstat: /lib64/libc.so.6: version `GLIBC_2.33' not found (required by diffstat)
diffstat: /lib64/libc.so.6: version `GLIBC_2.34' not found (required by diffstat)

Error in commit f1cd34e63c2a0d9702be3d41462db7bfd0ae7da3: diffstat error: diffstat: /lib64/libc.so.6: version `GLIBC_2.33' not found (required by diffstat)
diffstat: /lib64/libc.so.6: version `GLIBC_2.34' not found (required by diffstat)

Error in commit f9680d21beaa9eb39d166e8810e29fbafa51ad15: diffstat error: diffstat: /lib64/libc.so.6: version `GLIBC_2.33' not found (required by diffstat)
diffstat: /lib64/libc.so.6: version `GLIBC_2.34' not found (required by diffstat)

Error in commit 4097828d7cc87589864fecf452f2cd46c5f37180: diffstat error: diffstat: /lib64/libc.so.6: version `GLIBC_2.33' not found (required by diffstat)
diffstat: /lib64/libc.so.6: version `GLIBC_2.34' not found (required by diffstat)

Error in commit 577ed49a154675a01e6ea180680e998f2afd0e01: diffstat error: diffstat: /lib64/libc.so.6: version `GLIBC_2.33' not found (required by diffstat)
diffstat: /lib64/libc.so.6: version `GLIBC_2.34' not found (required by diffstat)

Error in commit d2371b4b204f0a3c0af51ad4e9b491144dd1225c: diffstat error: diffstat: /lib64/libc.so.6: version `GLIBC_2.33' not found (required by diffstat)
diffstat: /lib64/libc.so.6: version `GLIBC_2.34' not found (required by diffstat)

Error in commit 37d939a6f511d16d4c95678025c235fe62e6417a: diffstat error: diffstat: /lib64/libc.so.6: version `GLIBC_2.33' not found (required by diffstat)
diffstat: /lib64/libc.so.6: version `GLIBC_2.34' not found (required by diffstat)

Error in commit 7caac62ed598a196d6ddf8d9c121e12e082cac3a: diffstat error: diffstat: /lib64/libc.so.6: version `GLIBC_2.33' not found (required by diffstat)
diffstat: /lib64/libc.so.6: version `GLIBC_2.34' not found (required by diffstat)

Error in commit 261d4438c0690f127c9f4a7690da3e8377a51fd6: diffstat error: diffstat: /lib64/libc.so.6: version `GLIBC_2.33' not found (required by diffstat)
diffstat: /lib64/libc.so.6: version `GLIBC_2.34' not found (required by diffstat)

Error in commit bebfa8286036eed514fa8058296dd358cd6e6edb: diffstat error: diffstat: /lib64/libc.so.6: version `GLIBC_2.33' not found (required by diffstat)
diffstat: /lib64/libc.so.6: version `GLIBC_2.34' not found (required by diffstat)

Error in commit c0a333d842ef67ac04adc72ff79dc1ccc3dca4ed: diffstat error: diffstat: /lib64/libc.so.6: version `GLIBC_2.33' not found (required by diffstat)
diffstat: /lib64/libc.so.6: version `GLIBC_2.34' not found (required by diffstat)

Error in commit fb5be6a7b4863ecc44963bb80ca614584b6c7817: diffstat error: diffstat: /lib64/libc.so.6: version `GLIBC_2.33' not found (required by diffstat)
diffstat: /lib64/libc.so.6: version `GLIBC_2.34' not found (required by diffstat)

Error in commit 37c5f2c99adf63adf13f1ca309a1ffce25c5589a: diffstat error: diffstat: /lib64/libc.so.6: version `GLIBC_2.33' not found (required by diffstat)
diffstat: /lib64/libc.so.6: version `GLIBC_2.34' not found (required by diffstat)

Error in commit 22b1db9d46654afc6f0c28f90af8cdc84a199f41: diffstat error: diffstat: /lib64/libc.so.6: version `GLIBC_2.33' not found (required by diffstat)
diffstat: /lib64/libc.so.6: version `GLIBC_2.34' not found (required by diffstat)

Error in commit 389e0e29136e48fded67db59a52124785d9b3922: diffstat error: diffstat: /lib64/libc.so.6: version `GLIBC_2.33' not found (required by diffstat)
diffstat: /lib64/libc.so.6: version `GLIBC_2.34' not found (required by diffstat)

Error in commit 47a982508588c3a6cdfb5fb9360bc04ee011898f: diffstat error: diffstat: /lib64/libc.so.6: version `GLIBC_2.33' not found (required by diffstat)
diffstat: /lib64/libc.so.6: version `GLIBC_2.34' not found (required by diffstat)

Error in commit 399121d23f241007ad7a508bb3a923707deea7dd: diffstat error: diffstat: /lib64/libc.so.6: version `GLIBC_2.33' not found (required by diffstat)
diffstat: /lib64/libc.so.6: version `GLIBC_2.34' not found (required by diffstat)

Error in commit d3e402928b6eb3327f8f7d59a9edfa622fec557b: diffstat error: diffstat: /lib64/libc.so.6: version `GLIBC_2.33' not found (required by diffstat)
diffstat: /lib64/libc.so.6: version `GLIBC_2.34' not found (required by diffstat)

Error in commit ce37080c6aea30aabae8b4a9b4eea7808445cc8e: diffstat error: diffstat: /lib64/libc.so.6: version `GLIBC_2.33' not found (required by diffstat)
diffstat: /lib64/libc.so.6: version `GLIBC_2.34' not found (required by diffstat)

Error in commit 5c15dfb08106c2451c2c44ce7ace6813c216ba75: diffstat error: diffstat: /lib64/libc.so.6: version `GLIBC_2.33' not found (required by diffstat)
diffstat: /lib64/libc.so.6: version `GLIBC_2.34' not found (required by diffstat)

Error in commit fc85be7123050b91b054e45b91c78d3241a5047a: diffstat error: diffstat: /lib64/libc.so.6: version `GLIBC_2.33' not found (required by diffstat)
diffstat: /lib64/libc.so.6: version `GLIBC_2.34' not found (required by diffstat)

Error in commit c3f23b836e5a1766c36617fe1da30d22f7b63de2: diffstat error: diffstat: /lib64/libc.so.6: version `GLIBC_2.33' not found (required by diffstat)
diffstat: /lib64/libc.so.6: version `GLIBC_2.34' not found (required by diffstat)

Error in commit 3439f9cdd7c51155f412fda95786f145a5001fe8: diffstat error: diffstat: /lib64/libc.so.6: version `GLIBC_2.33' not found (required by diffstat)
diffstat: /lib64/libc.so.6: version `GLIBC_2.34' not found (required by diffstat)

Error in commit 6ce6152284c47ba9b1d4fe8ff9d2e6a3f5ee02c7: diffstat error: diffstat: /lib64/libc.so.6: version `GLIBC_2.33' not found (required by diffstat)
diffstat: /lib64/libc.so.6: version `GLIBC_2.34' not found (required by diffstat)

Error in commit 630d6adf32cecaab0ee184618f56497bd50400fb: diffstat error: diffstat: /lib64/libc.so.6: version `GLIBC_2.33' not found (required by diffstat)
diffstat: /lib64/libc.so.6: version `GLIBC_2.34' not found (required by diffstat)

Error in commit b75c002cfb1fd61cd20ec938ff4937d7b1a94278: diffstat error: diffstat: /lib64/libc.so.6: version `GLIBC_2.33' not found (required by diffstat)
diffstat: /lib64/libc.so.6: version `GLIBC_2.34' not found (required by diffstat)

Error in commit 3ea2a5a026e73d81cd9a3e9bbd4300c433004bfa: diffstat error: diffstat: /lib64/libc.so.6: version `GLIBC_2.33' not found (required by diffstat)
diffstat: /lib64/libc.so.6: version `GLIBC_2.34' not found (required by diffstat)

Error in commit 97e033b3bb0cb16b61bf49f0dc7f311a3e0edd1b: diffstat error: diffstat: /lib64/libc.so.6: version `GLIBC_2.33' not found (required by diffstat)
diffstat: /lib64/libc.so.6: version `GLIBC_2.34' not found (required by diffstat)

Error in commit c321eb588909646c15aefde035fd3133ba32cdee: diffstat error: diffstat: /lib64/libc.so.6: version `GLIBC_2.33' not found (required by diffstat)
diffstat: /lib64/libc.so.6: version `GLIBC_2.34' not found (required by diffstat)

Error in commit 4708133f8d0c240fcb52e14a6c1c23f4479df1d1: diffstat error: diffstat: /lib64/libc.so.6: version `GLIBC_2.33' not found (required by diffstat)
diffstat: /lib64/libc.so.6: version `GLIBC_2.34' not found (required by diffstat)

Error in commit 1c518555dba6ceb45d5ba61845b96e261219c3b7: diffstat error: diffstat: /lib64/libc.so.6: version `GLIBC_2.33' not found (required by diffstat)
diffstat: /lib64/libc.so.6: version `GLIBC_2.34' not found (required by diffstat)

Error in commit 14eb8f7152232abae1cd069ab5f7bb8eace0e56b: diffstat error: diffstat: /lib64/libc.so.6: version `GLIBC_2.33' not found (required by diffstat)
diffstat: /lib64/libc.so.6: version `GLIBC_2.34' not found (required by diffstat)

Error in commit f43b134cc5c19d8532e7fb670a1c02e85f7a8d4f: diffstat error: diffstat: /lib64/libc.so.6: version `GLIBC_2.33' not found (required by diffstat)
diffstat: /lib64/libc.so.6: version `GLIBC_2.34' not found (required by diffstat)

Error in commit 3d2f2a8e6033d4186cdcd2643dd4021165b657cc: diffstat error: diffstat: /lib64/libc.so.6: version `GLIBC_2.33' not found (required by diffstat)
diffstat: /lib64/libc.so.6: version `GLIBC_2.34' not found (required by diffstat)

Error in commit f299bf14698d4fc74c76ba9605546997b71e4e09: diffstat error: diffstat: /lib64/libc.so.6: version `GLIBC_2.33' not found (required by diffstat)
diffstat: /lib64/libc.so.6: version `GLIBC_2.34' not found (required by diffstat)

Error in commit 57f7ece78410a8aae86aa4625fb7556897db384c: diffstat error: diffstat: /lib64/libc.so.6: version `GLIBC_2.33' not found (required by diffstat)
diffstat: /lib64/libc.so.6: version `GLIBC_2.34' not found (required by diffstat)

Error in commit c7140456d9ac9145914e247edfbd1c332b507fda: diffstat error: diffstat: /lib64/libc.so.6: version `GLIBC_2.33' not found (required by diffstat)
diffstat: /lib64/libc.so.6: version `GLIBC_2.34' not found (required by diffstat)

Error in commit 769714fcb569e7a4faff9530a2d9ac1f9d6e5680: diffstat error: diffstat: /lib64/libc.so.6: version `GLIBC_2.33' not found (required by diffstat)
diffstat: /lib64/libc.so.6: version `GLIBC_2.34' not found (required by diffstat)

Error in commit e6dc1e5b7016dcf90360c7688ccbc739293c0fcb: diffstat error: diffstat: /lib64/libc.so.6: version `GLIBC_2.33' not found (required by diffstat)
diffstat: /lib64/libc.so.6: version `GLIBC_2.34' not found (required by diffstat)

Error in commit c5a93d4c85ef5b7c4219ec251d60a37306b625a6: diffstat error: diffstat: /lib64/libc.so.6: version `GLIBC_2.33' not found (required by diffstat)
diffstat: /lib64/libc.so.6: version `GLIBC_2.34' not found (required by diffstat)

Error in commit c03b45b853f5829816d871283c792e7527a7ded1: diffstat error: diffstat: /lib64/libc.so.6: version `GLIBC_2.33' not found (required by diffstat)
diffstat: /lib64/libc.so.6: version `GLIBC_2.34' not found (required by diffstat)

Error in commit d8b4986d3dbc4fabc2054d63f1d31d6ed2fb1ca8: diffstat error: diffstat: /lib64/libc.so.6: version `GLIBC_2.33' not found (required by diffstat)
diffstat: /lib64/libc.so.6: version `GLIBC_2.34' not found (required by diffstat)

Error in commit 7882080388be5088e72c425b02223c02e6cb4295: diffstat error: diffstat: /lib64/libc.so.6: version `GLIBC_2.33' not found (required by diffstat)
diffstat: /lib64/libc.so.6: version `GLIBC_2.34' not found (required by diffstat)

Error in commit 42ad748e6593cbd0567a674f9c0dea6d4a29b09c: diffstat error: diffstat: /lib64/libc.so.6: version `GLIBC_2.33' not found (required by diffstat)
diffstat: /lib64/libc.so.6: version `GLIBC_2.34' not found (required by diffstat)

Error in commit 51d8b3495e37c603dfe5a17704a97ab9e228593a: diffstat error: diffstat: /lib64/libc.so.6: version `GLIBC_2.33' not found (required by diffstat)
diffstat: /lib64/libc.so.6: version `GLIBC_2.34' not found (required by diffstat)

Error in commit 891745a29c02e1c8036b09bf8c719a2a14e26955: diffstat error: diffstat: /lib64/libc.so.6: version `GLIBC_2.33' not found (required by diffstat)
diffstat: /lib64/libc.so.6: version `GLIBC_2.34' not found (required by diffstat)

Error in commit 998912346c0da53a6dbb71fab3a138586b596b30: diffstat error: diffstat: /lib64/libc.so.6: version `GLIBC_2.33' not found (required by diffstat)
diffstat: /lib64/libc.so.6: version `GLIBC_2.34' not found (required by diffstat)

Error in commit 3a9b153c5591548612c3955c9600a98150c81875: diffstat error: diffstat: /lib64/libc.so.6: version `GLIBC_2.33' not found (required by diffstat)
diffstat: /lib64/libc.so.6: version `GLIBC_2.34' not found (required by diffstat)

Error in commit c805c1de1141cb22f74c0d94dd5664bda37398e0: diffstat error: diffstat: /lib64/libc.so.6: version `GLIBC_2.33' not found (required by diffstat)
diffstat: /lib64/libc.so.6: version `GLIBC_2.34' not found (required by diffstat)

Error in commit 6959358683c7533f586c07a766acc5fe9544d8b2: diffstat error: diffstat: /lib64/libc.so.6: version `GLIBC_2.33' not found (required by diffstat)
diffstat: /lib64/libc.so.6: version `GLIBC_2.34' not found (required by diffstat)

Error in commit 23d03535cf7b50d679a60a953a0cae9519a4a130: diffstat error: diffstat: /lib64/libc.so.6: version `GLIBC_2.33' not found (required by diffstat)
diffstat: /lib64/libc.so.6: version `GLIBC_2.34' not found (required by diffstat)

Error in commit 7b55e20ab54e60cc360568b803d79cb0682e1a3a: diffstat error: diffstat: /lib64/libc.so.6: version `GLIBC_2.33' not found (required by diffstat)
diffstat: /lib64/libc.so.6: version `GLIBC_2.34' not found (required by diffstat)

Error in commit d7c0b34b62c8edd302e273588bae7467ecbfb987: diffstat error: diffstat: /lib64/libc.so.6: version `GLIBC_2.33' not found (required by diffstat)
diffstat: /lib64/libc.so.6: version `GLIBC_2.34' not found (required by diffstat)

Error in commit 97299606daab079cd88a096308487341c113ccec: diffstat error: diffstat: /lib64/libc.so.6: version `GLIBC_2.33' not found (required by diffstat)
diffstat: /lib64/libc.so.6: version `GLIBC_2.34' not found (required by diffstat)

Error in commit e323d73f915daf00f74160be7b9f50e634ea784d: diffstat error: diffstat: /lib64/libc.so.6: version `GLIBC_2.33' not found (required by diffstat)
diffstat: /lib64/libc.so.6: version `GLIBC_2.34' not found (required by diffstat)

Error in commit eb3be9988a481cd409d6b634379e26e0f567eda6: diffstat error: diffstat: /lib64/libc.so.6: version `GLIBC_2.33' not found (required by diffstat)
diffstat: /lib64/libc.so.6: version `GLIBC_2.34' not found (required by diffstat)

Error in commit dfe7e4bd1b1fa0371202acc8da0b2d501bd576aa: diffstat error: diffstat: /lib64/libc.so.6: version `GLIBC_2.33' not found (required by diffstat)
diffstat: /lib64/libc.so.6: version `GLIBC_2.34' not found (required by diffstat)

Error in commit d25df7da2732314f4cd915b59ae2b6cd81868b74: diffstat error: diffstat: /lib64/libc.so.6: version `GLIBC_2.33' not found (required by diffstat)
diffstat: /lib64/libc.so.6: version `GLIBC_2.34' not found (required by diffstat)

Error in commit 27dc85bed92ae128458aa574325d5c81d8d6d879: diffstat error: diffstat: /lib64/libc.so.6: version `GLIBC_2.33' not found (required by diffstat)
diffstat: /lib64/libc.so.6: version `GLIBC_2.34' not found (required by diffstat)

Error in commit 179b93d625f7f7f597329d2ffb322c19da5d7958: diffstat error: diffstat: /lib64/libc.so.6: version `GLIBC_2.33' not found (required by diffstat)
diffstat: /lib64/libc.so.6: version `GLIBC_2.34' not found (required by diffstat)

Error in commit d7913b893bfa98fab27f05825dc4cab2d3a20c83: diffstat error: diffstat: /lib64/libc.so.6: version `GLIBC_2.33' not found (required by diffstat)
diffstat: /lib64/libc.so.6: version `GLIBC_2.34' not found (required by diffstat)

Error in commit 2836803e7062b7057ec29ea3f87cef5fa6ccac84: diffstat error: diffstat: /lib64/libc.so.6: version `GLIBC_2.33' not found (required by diffstat)
diffstat: /lib64/libc.so.6: version `GLIBC_2.34' not found (required by diffstat)

Error in commit 8d33cbf1c56480a37057c2f44856602df534d0ec: diffstat error: diffstat: /lib64/libc.so.6: version `GLIBC_2.33' not found (required by diffstat)
diffstat: /lib64/libc.so.6: version `GLIBC_2.34' not found (required by diffstat)

Error in commit 6abcfb962b982637072133b100b57099b894e3c8: diffstat error: diffstat: /lib64/libc.so.6: version `GLIBC_2.33' not found (required by diffstat)
diffstat: /lib64/libc.so.6: version `GLIBC_2.34' not found (required by diffstat)

Error in commit b4de5c5113a80c6af7168d6e4e97ae80c39d9c92: diffstat error: diffstat: /lib64/libc.so.6: version `GLIBC_2.33' not found (required by diffstat)
diffstat: /lib64/libc.so.6: version `GLIBC_2.34' not found (required by diffstat)

Error in commit e935992de5dbdaf95ee4feda29ce71e66a898556: diffstat error: diffstat: /lib64/libc.so.6: version `GLIBC_2.33' not found (required by diffstat)
diffstat: /lib64/libc.so.6: version `GLIBC_2.34' not found (required by diffstat)

Error in commit 62f3b7c472c6bb293b3622ebdcd1747dc0e19d61: diffstat error: diffstat: /lib64/libc.so.6: version `GLIBC_2.33' not found (required by diffstat)
diffstat: /lib64/libc.so.6: version `GLIBC_2.34' not found (required by diffstat)

Error in commit e46b170117fe78a2faabef1adcc3d6d4d5696036: diffstat error: diffstat: /lib64/libc.so.6: version `GLIBC_2.33' not found (required by diffstat)
diffstat: /lib64/libc.so.6: version `GLIBC_2.34' not found (required by diffstat)

Error in commit 570ca71570a9eced4d993f9f91f62d5d00c8ba99: diffstat error: diffstat: /lib64/libc.so.6: version `GLIBC_2.33' not found (required by diffstat)
diffstat: /lib64/libc.so.6: version `GLIBC_2.34' not found (required by diffstat)

Error in commit 2c7af7ec481ceffd0d14ce2d7c045e475fd71dc6: diffstat error: diffstat: /lib64/libc.so.6: version `GLIBC_2.33' not found (required by diffstat)
diffstat: /lib64/libc.so.6: version `GLIBC_2.34' not found (required by diffstat)

Error in commit ced40d0f3e8833bb8d7d8e2cbfac7da0bf7008c4: diffstat error: diffstat: /lib64/libc.so.6: version `GLIBC_2.33' not found (required by diffstat)
diffstat: /lib64/libc.so.6: version `GLIBC_2.34' not found (required by diffstat)

Error in commit b6246dcf122e584c672566877cb60d33dbc4705e: diffstat error: diffstat: /lib64/libc.so.6: version `GLIBC_2.33' not found (required by diffstat)
diffstat: /lib64/libc.so.6: version `GLIBC_2.34' not found (required by diffstat)

Error in commit 86543ac47e59c522976b5632b8bf9a2a4583c7d2: diffstat error: diffstat: /lib64/libc.so.6: version `GLIBC_2.33' not found (required by diffstat)
diffstat: /lib64/libc.so.6: version `GLIBC_2.34' not found (required by diffstat)

Error in commit 64a8d6a7f771e6457f7998335a8b88d60fe2b6ab: diffstat error: diffstat: /lib64/libc.so.6: version `GLIBC_2.33' not found (required by diffstat)
diffstat: /lib64/libc.so.6: version `GLIBC_2.34' not found (required by diffstat)

Error in commit 3f04db891a353f4b127ed57279279f851c6b4917: diffstat error: diffstat: /lib64/libc.so.6: version `GLIBC_2.33' not found (required by diffstat)
diffstat: /lib64/libc.so.6: version `GLIBC_2.34' not found (required by diffstat)

Error in commit 1441edb225309fd2dcec5fc2490719211a1c2748: diffstat error: diffstat: /lib64/libc.so.6: version `GLIBC_2.33' not found (required by diffstat)
diffstat: /lib64/libc.so.6: version `GLIBC_2.34' not found (required by diffstat)

Error in commit 294f32825e05225c17d32dde9ef8290c56150b4d: diffstat error: diffstat: /lib64/libc.so.6: version `GLIBC_2.33' not found (required by diffstat)
diffstat: /lib64/libc.so.6: version `GLIBC_2.34' not found (required by diffstat)

Error in commit 684dd4c2b414bcf648505e74498a608f28de4592: diffstat error: diffstat: /lib64/libc.so.6: version `GLIBC_2.33' not found (required by diffstat)
diffstat: /lib64/libc.so.6: version `GLIBC_2.34' not found (required by diffstat)

Error in commit 735dc67d4086338cf074286b40758d288971460e: diffstat error: diffstat: /lib64/libc.so.6: version `GLIBC_2.33' not found (required by diffstat)
diffstat: /lib64/libc.so.6: version `GLIBC_2.34' not found (required by diffstat)

Error in commit e87ee58da81e1f9ab3d54b425f76d2dedf43be51: diffstat error: diffstat: /lib64/libc.so.6: version `GLIBC_2.33' not found (required by diffstat)
diffstat: /lib64/libc.so.6: version `GLIBC_2.34' not found (required by diffstat)

Error in commit a7401e638bf0c03102039e216ab1081922f140ae: diffstat error: diffstat: /lib64/libc.so.6: version `GLIBC_2.33' not found (required by diffstat)
diffstat: /lib64/libc.so.6: version `GLIBC_2.34' not found (required by diffstat)

Error in commit 8d6e1755518cfb98536d6c3daf0601f226d16842: diffstat error: diffstat: /lib64/libc.so.6: version `GLIBC_2.33' not found (required by diffstat)
diffstat: /lib64/libc.so.6: version `GLIBC_2.34' not found (required by diffstat)

Error in commit ea93a43ebf1f99a0cd0784989a2752fbbfdcb366: diffstat error: diffstat: /lib64/libc.so.6: version `GLIBC_2.33' not found (required by diffstat)
diffstat: /lib64/libc.so.6: version `GLIBC_2.34' not found (required by diffstat)

Error in commit 2be9ecf0eb0f5f4afe10d0cb2b096d7442d5f2f7: diffstat error: diffstat: /lib64/libc.so.6: version `GLIBC_2.33' not found (required by diffstat)
diffstat: /lib64/libc.so.6: version `GLIBC_2.34' not found (required by diffstat)

Error in commit 223e36d02cbdabbfaa51eeb3ed9ba767ee9768b4: diffstat error: diffstat: /lib64/libc.so.6: version `GLIBC_2.33' not found (required by diffstat)
diffstat: /lib64/libc.so.6: version `GLIBC_2.34' not found (required by diffstat)

Error in commit b0c4aa1441239c84e0377f3112750e4c47731d46: diffstat error: diffstat: /lib64/libc.so.6: version `GLIBC_2.33' not found (required by diffstat)
diffstat: /lib64/libc.so.6: version `GLIBC_2.34' not found (required by diffstat)

Error in commit b3b29ce8f3acf3a32733d930105a17d7b0ba347e: diffstat error: diffstat: /lib64/libc.so.6: version `GLIBC_2.33' not found (required by diffstat)
diffstat: /lib64/libc.so.6: version `GLIBC_2.34' not found (required by diffstat)

Error in commit 9eeac00b38348c664dfeae2525bba0cf1bc32349: diffstat error: diffstat: /lib64/libc.so.6: version `GLIBC_2.33' not found (required by diffstat)
diffstat: /lib64/libc.so.6: version `GLIBC_2.34' not found (required by diffstat)

Error in commit ca4e053aa52ab9a42467d4df814ca9272487dbdf: diffstat error: diffstat: /lib64/libc.so.6: version `GLIBC_2.33' not found (required by diffstat)
diffstat: /lib64/libc.so.6: version `GLIBC_2.34' not found (required by diffstat)

Error in commit 8928074ee22d49f4653f0b42993b969f83841b7a: diffstat error: diffstat: /lib64/libc.so.6: version `GLIBC_2.33' not found (required by diffstat)
diffstat: /lib64/libc.so.6: version `GLIBC_2.34' not found (required by diffstat)

Error in commit 0a21a38d4ef5b66177f407f74f14dd7b72232b36: diffstat error: diffstat: /lib64/libc.so.6: version `GLIBC_2.33' not found (required by diffstat)
diffstat: /lib64/libc.so.6: version `GLIBC_2.34' not found (required by diffstat)

Error in commit cb4e3951ccef4023fc84f024461681a13ca6d50e: diffstat error: diffstat: /lib64/libc.so.6: version `GLIBC_2.33' not found (required by diffstat)
diffstat: /lib64/libc.so.6: version `GLIBC_2.34' not found (required by diffstat)

Error in commit 3f197f3f0e562be8b5ca04acb66487c8864ae5e6: diffstat error: diffstat: /lib64/libc.so.6: version `GLIBC_2.33' not found (required by diffstat)
diffstat: /lib64/libc.so.6: version `GLIBC_2.34' not found (required by diffstat)

Error in commit 4253f96a58486ffe84b61c0415bb234a4632ee73: diffstat error: diffstat: /lib64/libc.so.6: version `GLIBC_2.33' not found (required by diffstat)
diffstat: /lib64/libc.so.6: version `GLIBC_2.34' not found (required by diffstat)

Error in commit 2b5f598fbd822f911ad305ae1e57325aefd50826: diffstat error: diffstat: /lib64/libc.so.6: version `GLIBC_2.33' not found (required by diffstat)
diffstat: /lib64/libc.so.6: version `GLIBC_2.34' not found (required by diffstat)

Error in commit 662fc625177208896ce707c5e39ea58d9936cb84: diffstat error: diffstat: /lib64/libc.so.6: version `GLIBC_2.33' not found (required by diffstat)
diffstat: /lib64/libc.so.6: version `GLIBC_2.34' not found (required by diffstat)

Error in commit 1e98727c552ced5f8c7587f64ab69c6eaab743dd: diffstat error: diffstat: /lib64/libc.so.6: version `GLIBC_2.33' not found (required by diffstat)
diffstat: /lib64/libc.so.6: version `GLIBC_2.34' not found (required by diffstat)

Error in commit 2f44e94efb3df8e50bb2ddbc4ec6b569a6424517: diffstat error: diffstat: /lib64/libc.so.6: version `GLIBC_2.33' not found (required by diffstat)
diffstat: /lib64/libc.so.6: version `GLIBC_2.34' not found (required by diffstat)

Error in commit d5341942d784134f2997b3ff82cd63cf71d1f932: diffstat error: diffstat: /lib64/libc.so.6: version `GLIBC_2.33' not found (required by diffstat)
diffstat: /lib64/libc.so.6: version `GLIBC_2.34' not found (required by diffstat)

Error in commit 7f31a0634d85d12ce11989af2182b2ad4195f954: diffstat error: diffstat: /lib64/libc.so.6: version `GLIBC_2.33' not found (required by diffstat)
diffstat: /lib64/libc.so.6: version `GLIBC_2.34' not found (required by diffstat)

Error in commit 1ec621c85b9411cc611652fd57a892cfef478af3: diffstat error: diffstat: /lib64/libc.so.6: version `GLIBC_2.33' not found (required by diffstat)
diffstat: /lib64/libc.so.6: version `GLIBC_2.34' not found (required by diffstat)

Error in commit 3c05d4551dfb1181770416c4301a4f92415e41af: diffstat error: diffstat: /lib64/libc.so.6: version `GLIBC_2.33' not found (required by diffstat)
diffstat: /lib64/libc.so.6: version `GLIBC_2.34' not found (required by diffstat)

Error in commit d96f4ca736151632282572003ccf916b88134c71: diffstat error: diffstat: /lib64/libc.so.6: version `GLIBC_2.33' not found (required by diffstat)
diffstat: /lib64/libc.so.6: version `GLIBC_2.34' not found (required by diffstat)

Error in commit 69def19f264e4ca25c98adedfd141094d40903e2: diffstat error: diffstat: /lib64/libc.so.6: version `GLIBC_2.33' not found (required by diffstat)
diffstat: /lib64/libc.so.6: version `GLIBC_2.34' not found (required by diffstat)

Error in commit 5f87e716b80016b37d87ab39660546b5e6820552: diffstat error: diffstat: /lib64/libc.so.6: version `GLIBC_2.33' not found (required by diffstat)
diffstat: /lib64/libc.so.6: version `GLIBC_2.34' not found (required by diffstat)

Error in commit 5e0f7fb35c0606f7689bd61d5836b0e266246cfc: diffstat error: diffstat: /lib64/libc.so.6: version `GLIBC_2.33' not found (required by diffstat)
diffstat: /lib64/libc.so.6: version `GLIBC_2.34' not found (required by diffstat)

Error in commit 77cccc74deede443e8b9102299efc869a52b65b2: diffstat error: diffstat: /lib64/libc.so.6: version `GLIBC_2.33' not found (required by diffstat)
diffstat: /lib64/libc.so.6: version `GLIBC_2.34' not found (required by diffstat)

Error in commit 764b74113e36ac5219a4b82a05f311b5a92136ce: diffstat error: diffstat: /lib64/libc.so.6: version `GLIBC_2.33' not found (required by diffstat)
diffstat: /lib64/libc.so.6: version `GLIBC_2.34' not found (required by diffstat)

Error in commit e70e4b66a2a6ce0dff3587af5c38102fffdc49fb: diffstat error: diffstat: /lib64/libc.so.6: version `GLIBC_2.33' not found (required by diffstat)
diffstat: /lib64/libc.so.6: version `GLIBC_2.34' not found (required by diffstat)

Error in commit 7fb1e3d7114111532bde7f15e17b1e5df89616cf: diffstat error: diffstat: /lib64/libc.so.6: version `GLIBC_2.33' not found (required by diffstat)
diffstat: /lib64/libc.so.6: version `GLIBC_2.34' not found (required by diffstat)

Error in commit 6b9212dcb4b3f781c1e922ae544b063880bc46ac: diffstat error: diffstat: /lib64/libc.so.6: version `GLIBC_2.33' not found (required by diffstat)
diffstat: /lib64/libc.so.6: version `GLIBC_2.34' not found (required by diffstat)

Error in commit 020176f688d9efec68f1ce1b100e052bff1cfc2e: diffstat error: diffstat: /lib64/libc.so.6: version `GLIBC_2.33' not found (required by diffstat)
diffstat: /lib64/libc.so.6: version `GLIBC_2.34' not found (required by diffstat)

Error in commit 5a717094676a9c3a5bc67686cb369911922cdd82: diffstat error: diffstat: /lib64/libc.so.6: version `GLIBC_2.33' not found (required by diffstat)
diffstat: /lib64/libc.so.6: version `GLIBC_2.34' not found (required by diffstat)

Error in commit 5c6e5b60aae4347223f176966455010a5715b863: diffstat error: diffstat: /lib64/libc.so.6: version `GLIBC_2.33' not found (required by diffstat)
diffstat: /lib64/libc.so.6: version `GLIBC_2.34' not found (required by diffstat)

Error in commit 77ed81c069e10b3861d88f72e1c6be1277ee7eae: diffstat error: diffstat: /lib64/libc.so.6: version `GLIBC_2.33' not found (required by diffstat)
diffstat: /lib64/libc.so.6: version `GLIBC_2.34' not found (required by diffstat)

Error in commit 144793e9dd9f2203e48608dbb6c96de7a0ef8da7: diffstat error: diffstat: /lib64/libc.so.6: version `GLIBC_2.33' not found (required by diffstat)
diffstat: /lib64/libc.so.6: version `GLIBC_2.34' not found (required by diffstat)

Error in commit 52f084398374073e2ba5277468442e4ea7a91da5: diffstat error: diffstat: /lib64/libc.so.6: version `GLIBC_2.33' not found (required by diffstat)
diffstat: /lib64/libc.so.6: version `GLIBC_2.34' not found (required by diffstat)

Error in commit ada12ec960bd05c62eb4a9acea84516a8a642d3a: diffstat error: diffstat: /lib64/libc.so.6: version `GLIBC_2.33' not found (required by diffstat)
diffstat: /lib64/libc.so.6: version `GLIBC_2.34' not found (required by diffstat)

Error in commit 53021a5df7fe3b6c4d5ddfdf4b93fe4540f96649: diffstat error: diffstat: /lib64/libc.so.6: version `GLIBC_2.33' not found (required by diffstat)
diffstat: /lib64/libc.so.6: version `GLIBC_2.34' not found (required by diffstat)

Error in commit 923fca54685ca2af704d92442bae6cce944c3a1c: diffstat error: diffstat: /lib64/libc.so.6: version `GLIBC_2.33' not found (required by diffstat)
diffstat: /lib64/libc.so.6: version `GLIBC_2.34' not found (required by diffstat)

Error in commit b1a0dbdf4cd6a943a19d45537b2fd77aa682fc99: diffstat error: diffstat: /lib64/libc.so.6: version `GLIBC_2.33' not found (required by diffstat)
diffstat: /lib64/libc.so.6: version `GLIBC_2.34' not found (required by diffstat)

Error in commit d5f16a793260e7804d845efaaad24ccdb0a482f6: diffstat error: diffstat: /lib64/libc.so.6: version `GLIBC_2.33' not found (required by diffstat)
diffstat: /lib64/libc.so.6: version `GLIBC_2.34' not found (required by diffstat)

Error in commit 482da92095c4d48f8784b1f00dda4f81c28d2988: diffstat error: diffstat: /lib64/libc.so.6: version `GLIBC_2.33' not found (required by diffstat)
diffstat: /lib64/libc.so.6: version `GLIBC_2.34' not found (required by diffstat)

Error in commit a2b743f6017d7b97af1fe49087ae15f0ac634373: diffstat error: diffstat: /lib64/libc.so.6: version `GLIBC_2.33' not found (required by diffstat)
diffstat: /lib64/libc.so.6: version `GLIBC_2.34' not found (required by diffstat)

Error in commit 89a77b40eb9f3e62edbbc883ea0ae60ffb2d062d: diffstat error: diffstat: /lib64/libc.so.6: version `GLIBC_2.33' not found (required by diffstat)
diffstat: /lib64/libc.so.6: version `GLIBC_2.34' not found (required by diffstat)

Error in commit dfa22b348b70bb89d6d6ec0ff53973bacb4f4695: diffstat error: diffstat: /lib64/libc.so.6: version `GLIBC_2.33' not found (required by diffstat)
diffstat: /lib64/libc.so.6: version `GLIBC_2.34' not found (required by diffstat)

Error in commit 1d8a762da5d608a0f513f22023b356792bfb92fe: diffstat error: diffstat: /lib64/libc.so.6: version `GLIBC_2.33' not found (required by diffstat)
diffstat: /lib64/libc.so.6: version `GLIBC_2.34' not found (required by diffstat)

Error in commit ee119d4a498979525046fba1c3dd3f13a039fbb1: diffstat error: diffstat: /lib64/libc.so.6: version `GLIBC_2.33' not found (required by diffstat)
diffstat: /lib64/libc.so.6: version `GLIBC_2.34' not found (required by diffstat)

Error in commit 33b6b0b2d633a243b3fd5461c364b44f96661121: diffstat error: diffstat: /lib64/libc.so.6: version `GLIBC_2.33' not found (required by diffstat)
diffstat: /lib64/libc.so.6: version `GLIBC_2.34' not found (required by diffstat)

Error in commit 7e74890080cbcf6cb32255adba388c1e8b1ec766: diffstat error: diffstat: /lib64/libc.so.6: version `GLIBC_2.33' not found (required by diffstat)
diffstat: /lib64/libc.so.6: version `GLIBC_2.34' not found (required by diffstat)

Error in commit 34ea2f4e1a7df2f1ae1404e7194c55b253323c87: diffstat error: diffstat: /lib64/libc.so.6: version `GLIBC_2.33' not found (required by diffstat)
diffstat: /lib64/libc.so.6: version `GLIBC_2.34' not found (required by diffstat)

Error in commit b8cd21c540fada02c414c7931195dfd9403bfc77: diffstat error: diffstat: /lib64/libc.so.6: version `GLIBC_2.33' not found (required by diffstat)
diffstat: /lib64/libc.so.6: version `GLIBC_2.34' not found (required by diffstat)

Error in commit c7b54c33720edfbda3ad4ee7cdb5ae573614de76: diffstat error: diffstat: /lib64/libc.so.6: version `GLIBC_2.33' not found (required by diffstat)
diffstat: /lib64/libc.so.6: version `GLIBC_2.34' not found (required by diffstat)

Error in commit 1ac2c130b210539ee1e5d67a7bac93f9d8007c0e: diffstat error: diffstat: /lib64/libc.so.6: version `GLIBC_2.33' not found (required by diffstat)
diffstat: /lib64/libc.so.6: version `GLIBC_2.34' not found (required by diffstat)

Error in commit f53b37f8c1013597000d2f0d37af2bcadabeea3f: diffstat error: diffstat: /lib64/libc.so.6: version `GLIBC_2.33' not found (required by diffstat)
diffstat: /lib64/libc.so.6: version `GLIBC_2.34' not found (required by diffstat)

Error in commit d937d8695f606e74a75060581f57e88d1f5883d9: diffstat error: diffstat: /lib64/libc.so.6: version `GLIBC_2.33' not found (required by diffstat)
diffstat: /lib64/libc.so.6: version `GLIBC_2.34' not found (required by diffstat)

Error in commit abcced051cb1bd8fb05046ac3b6023a7ebcc4578: diffstat error: diffstat: /lib64/libc.so.6: version `GLIBC_2.33' not found (required by diffstat)
diffstat: /lib64/libc.so.6: version `GLIBC_2.34' not found (required by diffstat)

Error in commit 7aa98c9a5dc922772c587dc5cd9e4222163edea3: diffstat error: diffstat: /lib64/libc.so.6: version `GLIBC_2.33' not found (required by diffstat)
diffstat: /lib64/libc.so.6: version `GLIBC_2.34' not found (required by diffstat)

Error in commit 8f0cefc6996e320c7f7fa06417a1232e1243131f: diffstat error: diffstat: /lib64/libc.so.6: version `GLIBC_2.33' not found (required by diffstat)
diffstat: /lib64/libc.so.6: version `GLIBC_2.34' not found (required by diffstat)

Error in commit afb0e2a2ea80dffff87c54177a0f658c69a13433: diffstat error: diffstat: /lib64/libc.so.6: version `GLIBC_2.33' not found (required by diffstat)
diffstat: /lib64/libc.so.6: version `GLIBC_2.34' not found (required by diffstat)

Error in commit c480d7f1d1114dd0374b77874a26db8c9b770668: diffstat error: diffstat: /lib64/libc.so.6: version `GLIBC_2.33' not found (required by diffstat)
diffstat: /lib64/libc.so.6: version `GLIBC_2.34' not found (required by diffstat)

Error in commit b03c9f252526bb42fbd1b87b9f5e339c3cf2390a: diffstat error: diffstat: /lib64/libc.so.6: version `GLIBC_2.33' not found (required by diffstat)
diffstat: /lib64/libc.so.6: version `GLIBC_2.34' not found (required by diffstat)

Error in commit 610f70bca65634f6852d322f13c3908f01978478: diffstat error: diffstat: /lib64/libc.so.6: version `GLIBC_2.33' not found (required by diffstat)
diffstat: /lib64/libc.so.6: version `GLIBC_2.34' not found (required by diffstat)

Error in commit 37c01fb5e25c3d80213060460196406c43d31995: diffstat error: diffstat: /lib64/libc.so.6: version `GLIBC_2.33' not found (required by diffstat)
diffstat: /lib64/libc.so.6: version `GLIBC_2.34' not found (required by diffstat)

Error in commit 965b97e4a9650495cda5a8c210ef6684b4b9eceb: diffstat error: diffstat: /lib64/libc.so.6: version `GLIBC_2.33' not found (required by diffstat)
diffstat: /lib64/libc.so.6: version `GLIBC_2.34' not found (required by diffstat)

Error in commit 480ac84aa8390e19a54bd2feef3a6069d959bb4e: diffstat error: diffstat: /lib64/libc.so.6: version `GLIBC_2.33' not found (required by diffstat)
diffstat: /lib64/libc.so.6: version `GLIBC_2.34' not found (required by diffstat)

Error in commit 1de49725a5fc4e48f1a3b902ec3599ee99283043: diffstat error: diffstat: /lib64/libc.so.6: version `GLIBC_2.33' not found (required by diffstat)
diffstat: /lib64/libc.so.6: version `GLIBC_2.34' not found (required by diffstat)

Error in commit fcd18ce3101f245b083b30655c27b239dc72221e: diffstat error: diffstat: /lib64/libc.so.6: version `GLIBC_2.33' not found (required by diffstat)
diffstat: /lib64/libc.so.6: version `GLIBC_2.34' not found (required by diffstat)

Error in commit 528d6545c21e6abd37788b7324355e1b094f7daf: diffstat error: diffstat: /lib64/libc.so.6: version `GLIBC_2.33' not found (required by diffstat)
diffstat: /lib64/libc.so.6: version `GLIBC_2.34' not found (required by diffstat)

Error in commit 0af895a29d1a0f6312fcbe8389ee31891bbc9c02: diffstat error: diffstat: /lib64/libc.so.6: version `GLIBC_2.33' not found (required by diffstat)
diffstat: /lib64/libc.so.6: version `GLIBC_2.34' not found (required by diffstat)

Error in commit 7c99df8416aa866725c11e5ced7f2c5a818a8c74: diffstat error: diffstat: /lib64/libc.so.6: version `GLIBC_2.33' not found (required by diffstat)
diffstat: /lib64/libc.so.6: version `GLIBC_2.34' not found (required by diffstat)

Error in commit 60253cedab034cda3765a882fe2525a215c4d390: diffstat error: diffstat: /lib64/libc.so.6: version `GLIBC_2.33' not found (required by diffstat)
diffstat: /lib64/libc.so.6: version `GLIBC_2.34' not found (required by diffstat)

Error in commit 39e8fa1b7db1680654527f8fa0e9ee93b334ecba: diffstat error: diffstat: /lib64/libc.so.6: version `GLIBC_2.33' not found (required by diffstat)
diffstat: /lib64/libc.so.6: version `GLIBC_2.34' not found (required by diffstat)

Error in commit 673a98cffb9f22635c534a19f2e4d2d6ec6b3ec9: diffstat error: diffstat: /lib64/libc.so.6: version `GLIBC_2.33' not found (required by diffstat)
diffstat: /lib64/libc.so.6: version `GLIBC_2.34' not found (required by diffstat)

Error in commit c65c8fdaaa257e0487ab0aaae9e8f6b439335945: diffstat error: diffstat: /lib64/libc.so.6: version `GLIBC_2.33' not found (required by diffstat)
diffstat: /lib64/libc.so.6: version `GLIBC_2.34' not found (required by diffstat)

Error in commit 5b2eb4f0e158901cb8bc6dfcd4b8f1262976d8a8: diffstat error: diffstat: /lib64/libc.so.6: version `GLIBC_2.33' not found (required by diffstat)
diffstat: /lib64/libc.so.6: version `GLIBC_2.34' not found (required by diffstat)

Error in commit f2fba1d2004c5ddf2fc0a7ca8dc75b5f78feed85: diffstat error: diffstat: /lib64/libc.so.6: version `GLIBC_2.33' not found (required by diffstat)
diffstat: /lib64/libc.so.6: version `GLIBC_2.34' not found (required by diffstat)

Error in commit 609050586e4863329d2db9b7cb73da5c09eeea2b: diffstat error: diffstat: /lib64/libc.so.6: version `GLIBC_2.33' not found (required by diffstat)
diffstat: /lib64/libc.so.6: version `GLIBC_2.34' not found (required by diffstat)

Error in commit 99c23da0eed4fd20cae8243f2b51e10e66aa0951: diffstat error: diffstat: /lib64/libc.so.6: version `GLIBC_2.33' not found (required by diffstat)
diffstat: /lib64/libc.so.6: version `GLIBC_2.34' not found (required by diffstat)

Error in commit 2f675917efc8a4d469f8be95e6ea55b2310bfd0d: diffstat error: diffstat: /lib64/libc.so.6: version `GLIBC_2.33' not found (required by diffstat)
diffstat: /lib64/libc.so.6: version `GLIBC_2.34' not found (required by diffstat)

Error in commit 4c5597c155bfbaf6491cf6b83479d241ae66940a: diffstat error: diffstat: /lib64/libc.so.6: version `GLIBC_2.33' not found (required by diffstat)
diffstat: /lib64/libc.so.6: version `GLIBC_2.34' not found (required by diffstat)

Error in commit e5007f6e102f1260a9562654c4e88f1c6de12c02: diffstat error: diffstat: /lib64/libc.so.6: version `GLIBC_2.33' not found (required by diffstat)
diffstat: /lib64/libc.so.6: version `GLIBC_2.34' not found (required by diffstat)

Error in commit 63d4172d94f767a6f0b884780213f314087427a9: diffstat error: diffstat: /lib64/libc.so.6: version `GLIBC_2.33' not found (required by diffstat)
diffstat: /lib64/libc.so.6: version `GLIBC_2.34' not found (required by diffstat)

Error in commit 4f1c942b7fb29864ad86cb3af9076da38f38f74e: diffstat error: diffstat: /lib64/libc.so.6: version `GLIBC_2.33' not found (required by diffstat)
diffstat: /lib64/libc.so.6: version `GLIBC_2.34' not found (required by diffstat)

Error in commit c422529ea34ad53d15f88ffda0e5f22770d08db6: diffstat error: diffstat: /lib64/libc.so.6: version `GLIBC_2.33' not found (required by diffstat)
diffstat: /lib64/libc.so.6: version `GLIBC_2.34' not found (required by diffstat)

Error in commit f3f3e642bdd1cf608c0f8bc2607c492a433a693b: diffstat error: diffstat: /lib64/libc.so.6: version `GLIBC_2.33' not found (required by diffstat)
diffstat: /lib64/libc.so.6: version `GLIBC_2.34' not found (required by diffstat)

Error in commit 1f3c6f4534c6411313361697d98d1145a1f030fa: diffstat error: diffstat: /lib64/libc.so.6: version `GLIBC_2.33' not found (required by diffstat)
diffstat: /lib64/libc.so.6: version `GLIBC_2.34' not found (required by diffstat)

Error in commit 0df2238063f3e5b1a12c5272484f2afd45a2a2f1: diffstat error: diffstat: /lib64/libc.so.6: version `GLIBC_2.33' not found (required by diffstat)
diffstat: /lib64/libc.so.6: version `GLIBC_2.34' not found (required by diffstat)

Error in commit d6af81084df569bc8e3bd0949ad6fc0b40c8468d: diffstat error: diffstat: /lib64/libc.so.6: version `GLIBC_2.33' not found (required by diffstat)
diffstat: /lib64/libc.so.6: version `GLIBC_2.34' not found (required by diffstat)

Error in commit ffb01dd19c98424f43e8acfd3192967f0c490c98: diffstat error: diffstat: /lib64/libc.so.6: version `GLIBC_2.33' not found (required by diffstat)
diffstat: /lib64/libc.so.6: version `GLIBC_2.34' not found (required by diffstat)

Error in commit 6a98d71daea186247005099758af549e6afdd244: diffstat error: diffstat: /lib64/libc.so.6: version `GLIBC_2.33' not found (required by diffstat)
diffstat: /lib64/libc.so.6: version `GLIBC_2.34' not found (required by diffstat)

Error in commit 0f0b080ecde4d3dfec158d6f60da34d5e31693c4: diffstat error: diffstat: /lib64/libc.so.6: version `GLIBC_2.33' not found (required by diffstat)
diffstat: /lib64/libc.so.6: version `GLIBC_2.34' not found (required by diffstat)

Error in commit 11ced8467eccad9c7cb94867708be8fa5c66c730: diffstat error: diffstat: /lib64/libc.so.6: version `GLIBC_2.33' not found (required by diffstat)
diffstat: /lib64/libc.so.6: version `GLIBC_2.34' not found (required by diffstat)

Error in commit 7df766124f87768b43b9e8947c5a01e17545772c: diffstat error: diffstat: /lib64/libc.so.6: version `GLIBC_2.33' not found (required by diffstat)
diffstat: /lib64/libc.so.6: version `GLIBC_2.34' not found (required by diffstat)

Error in commit 06eb03a547f646080830d2cd5572844e19909b97: diffstat error: diffstat: /lib64/libc.so.6: version `GLIBC_2.33' not found (required by diffstat)
diffstat: /lib64/libc.so.6: version `GLIBC_2.34' not found (required by diffstat)

Error in commit 1b6c727889d279654bd5a3f05788cd0447b3274f: diffstat error: diffstat: /lib64/libc.so.6: version `GLIBC_2.33' not found (required by diffstat)
diffstat: /lib64/libc.so.6: version `GLIBC_2.34' not found (required by diffstat)

Error in commit d7eb6e4391f13e99121c704ded4532a8b574c71d: diffstat error: diffstat: /lib64/libc.so.6: version `GLIBC_2.33' not found (required by diffstat)
diffstat: /lib64/libc.so.6: version `GLIBC_2.34' not found (required by diffstat)

Error in commit 42a11261b9dad2e48d70bdff7c53dd57a12db6f5: diffstat error: diffstat: /lib64/libc.so.6: version `GLIBC_2.33' not found (required by diffstat)
diffstat: /lib64/libc.so.6: version `GLIBC_2.34' not found (required by diffstat)

Error in commit 5efd75e5ddc253d0a7e546fe8ad345e6c05fe161: diffstat error: diffstat: /lib64/libc.so.6: version `GLIBC_2.33' not found (required by diffstat)
diffstat: /lib64/libc.so.6: version `GLIBC_2.34' not found (required by diffstat)

Error in commit df61216c678c6d00a85230521d3e9bd7354788cb: diffstat error: diffstat: /lib64/libc.so.6: version `GLIBC_2.33' not found (required by diffstat)
diffstat: /lib64/libc.so.6: version `GLIBC_2.34' not found (required by diffstat)

Error in commit 9c590e53800de83adbc111957ab008b410c1dd9d: diffstat error: diffstat: /lib64/libc.so.6: version `GLIBC_2.33' not found (required by diffstat)
diffstat: /lib64/libc.so.6: version `GLIBC_2.34' not found (required by diffstat)

Error in commit 553054c1cb1e4e05ec86237afef76a32cd7c464d: diffstat error: diffstat: /lib64/libc.so.6: version `GLIBC_2.33' not found (required by diffstat)
diffstat: /lib64/libc.so.6: version `GLIBC_2.34' not found (required by diffstat)

Error in commit 690b2549b19563ec5ad53e5c82f6a944d910086e: diffstat error: diffstat: /lib64/libc.so.6: version `GLIBC_2.33' not found (required by diffstat)
diffstat: /lib64/libc.so.6: version `GLIBC_2.34' not found (required by diffstat)

Error in commit eccb7ec454e6617738554a255d77f08e60ee0808: diffstat error: diffstat: /lib64/libc.so.6: version `GLIBC_2.33' not found (required by diffstat)
diffstat: /lib64/libc.so.6: version `GLIBC_2.34' not found (required by diffstat)

Error in commit 2098b9abcf20d2c9694055bbfd6997bc00b73578: diffstat error: diffstat: /lib64/libc.so.6: version `GLIBC_2.33' not found (required by diffstat)
diffstat: /lib64/libc.so.6: version `GLIBC_2.34' not found (required by diffstat)

Error in commit 5231d3e4b30288b8963cf881b485875cff89c5f1: diffstat error: diffstat: /lib64/libc.so.6: version `GLIBC_2.33' not found (required by diffstat)
diffstat: /lib64/libc.so.6: version `GLIBC_2.34' not found (required by diffstat)

Error in commit d0673e3066ff14ce2d965b436ccb9b3646a38705: diffstat error: diffstat: /lib64/libc.so.6: version `GLIBC_2.33' not found (required by diffstat)
diffstat: /lib64/libc.so.6: version `GLIBC_2.34' not found (required by diffstat)

Error in commit d1d91b992e0e9a08789447f4dd56b26f086843fb: diffstat error: diffstat: /lib64/libc.so.6: version `GLIBC_2.33' not found (required by diffstat)
diffstat: /lib64/libc.so.6: version `GLIBC_2.34' not found (required by diffstat)

Error in commit c0d48da99f66aaada17bcd28b07741cac8697647: diffstat error: diffstat: /lib64/libc.so.6: version `GLIBC_2.33' not found (required by diffstat)
diffstat: /lib64/libc.so.6: version `GLIBC_2.34' not found (required by diffstat)

Error in commit 5c9799c15ae747b954dbd70ccf680a76a761d9b8: diffstat error: diffstat: /lib64/libc.so.6: version `GLIBC_2.33' not found (required by diffstat)
diffstat: /lib64/libc.so.6: version `GLIBC_2.34' not found (required by diffstat)

Error in commit 1b1f275ccaa5cd78720a44b23a2462364c1b11c2: diffstat error: diffstat: /lib64/libc.so.6: version `GLIBC_2.33' not found (required by diffstat)
diffstat: /lib64/libc.so.6: version `GLIBC_2.34' not found (required by diffstat)

Error in commit bf594d08d377dc6a3354d9fdb494b32d45f91971: diffstat error: diffstat: /lib64/libc.so.6: version `GLIBC_2.33' not found (required by diffstat)
diffstat: /lib64/libc.so.6: version `GLIBC_2.34' not found (required by diffstat)

Error in commit 4fb8b5aa2a1126783ae00bae544d6f3c519408ef: diffstat error: diffstat: /lib64/libc.so.6: version `GLIBC_2.33' not found (required by diffstat)
diffstat: /lib64/libc.so.6: version `GLIBC_2.34' not found (required by diffstat)

Error in commit ea92d2f0fcceb54a70910fa32e9a0d7a5afc3583: diffstat error: diffstat: /lib64/libc.so.6: version `GLIBC_2.33' not found (required by diffstat)
diffstat: /lib64/libc.so.6: version `GLIBC_2.34' not found (required by diffstat)

Error in commit 5201e3529b26dffdb49ddf428ef2679e315b93d7: diffstat error: diffstat: /lib64/libc.so.6: version `GLIBC_2.33' not found (required by diffstat)
diffstat: /lib64/libc.so.6: version `GLIBC_2.34' not found (required by diffstat)

Error in commit 3224c5c5e5ccd3b141280c139dc4ce8161b46b11: diffstat error: diffstat: /lib64/libc.so.6: version `GLIBC_2.33' not found (required by diffstat)
diffstat: /lib64/libc.so.6: version `GLIBC_2.34' not found (required by diffstat)

Error in commit a9ae59f02a18b8a338af44ff3e561eafc2104bca: diffstat error: diffstat: /lib64/libc.so.6: version `GLIBC_2.33' not found (required by diffstat)
diffstat: /lib64/libc.so.6: version `GLIBC_2.34' not found (required by diffstat)

Error in commit f9ec7002cdd526ae84fbacbf153162e118f22580: diffstat error: diffstat: /lib64/libc.so.6: version `GLIBC_2.33' not found (required by diffstat)
diffstat: /lib64/libc.so.6: version `GLIBC_2.34' not found (required by diffstat)

Error in commit b53c90da0890a9cce6f95c552f094ff6d69027bf: diffstat error: diffstat: /lib64/libc.so.6: version `GLIBC_2.33' not found (required by diffstat)
diffstat: /lib64/libc.so.6: version `GLIBC_2.34' not found (required by diffstat)

Error in commit b3d275ac40a9ec04391627992be63396d942d217: diffstat error: diffstat: /lib64/libc.so.6: version `GLIBC_2.33' not found (required by diffstat)
diffstat: /lib64/libc.so.6: version `GLIBC_2.34' not found (required by diffstat)

Error in commit 3c9d3266f47f594a29068c9d629908e7000ac663: diffstat error: diffstat: /lib64/libc.so.6: version `GLIBC_2.33' not found (required by diffstat)
diffstat: /lib64/libc.so.6: version `GLIBC_2.34' not found (required by diffstat)

Error in commit f859e7171bb5db34321e45585839c6c3200ebb90: diffstat error: diffstat: /lib64/libc.so.6: version `GLIBC_2.33' not found (required by diffstat)
diffstat: /lib64/libc.so.6: version `GLIBC_2.34' not found (required by diffstat)

Error in commit d12c5aaba8f2f6208c3493b42ab15a139c049d58: diffstat error: diffstat: /lib64/libc.so.6: version `GLIBC_2.33' not found (required by diffstat)
diffstat: /lib64/libc.so.6: version `GLIBC_2.34' not found (required by diffstat)

Error in commit 73c7b5d0e9b1be9dc59f50bc6490dd77e8fdca97: diffstat error: diffstat: /lib64/libc.so.6: version `GLIBC_2.33' not found (required by diffstat)
diffstat: /lib64/libc.so.6: version `GLIBC_2.34' not found (required by diffstat)

Error in commit ca17983a8cd64c87a0d78b64d4e8c52f0944e785: diffstat error: diffstat: /lib64/libc.so.6: version `GLIBC_2.33' not found (required by diffstat)
diffstat: /lib64/libc.so.6: version `GLIBC_2.34' not found (required by diffstat)

Error in commit 1070465967fc07c843cf2b268ac27b27ba3f739e: diffstat error: diffstat: /lib64/libc.so.6: version `GLIBC_2.33' not found (required by diffstat)
diffstat: /lib64/libc.so.6: version `GLIBC_2.34' not found (required by diffstat)

Error in commit ee8a7b7dc8dd42ac14eba99660ad84e700ce13fb: SHA b'ee8a7b7dc8dd42ac14eba99660ad84e700ce13fb' could not be resolved, git returned: b'ee8a7b7dc8dd42ac14eba99660ad84e700ce13fb missing'
Error in commit 49cdf48c371a7f61ba455084281069d5938b3de2: diffstat error: diffstat: /lib64/libc.so.6: version `GLIBC_2.33' not found (required by diffstat)
diffstat: /lib64/libc.so.6: version `GLIBC_2.34' not found (required by diffstat)

Error in commit 71f29ede8a9fa390182d9b67049c479b37a9016e: diffstat error: diffstat: /lib64/libc.so.6: version `GLIBC_2.33' not found (required by diffstat)
diffstat: /lib64/libc.so.6: version `GLIBC_2.34' not found (required by diffstat)

Error in commit f1ae01d745200a258cdf62622f71754c37cb6c30: diffstat error: diffstat: /lib64/libc.so.6: version `GLIBC_2.33' not found (required by diffstat)
diffstat: /lib64/libc.so.6: version `GLIBC_2.34' not found (required by diffstat)

Error in commit a2b9a84460429181f2a4fa7e2bb5ab49fd561274: diffstat error: diffstat: /lib64/libc.so.6: version `GLIBC_2.33' not found (required by diffstat)
diffstat: /lib64/libc.so.6: version `GLIBC_2.34' not found (required by diffstat)

Error in commit 06c2300353faf3983e38fecb1d6afe1f6cc8fe32: diffstat error: diffstat: /lib64/libc.so.6: version `GLIBC_2.33' not found (required by diffstat)
diffstat: /lib64/libc.so.6: version `GLIBC_2.34' not found (required by diffstat)

Error in commit a78e1351113cef564d790a730d657a321624d79c: diffstat error: diffstat: /lib64/libc.so.6: version `GLIBC_2.33' not found (required by diffstat)
diffstat: /lib64/libc.so.6: version `GLIBC_2.34' not found (required by diffstat)

Error in commit cfba860d0fb897737bb664d54c3168c8a14b5857: diffstat error: diffstat: /lib64/libc.so.6: version `GLIBC_2.33' not found (required by diffstat)
diffstat: /lib64/libc.so.6: version `GLIBC_2.34' not found (required by diffstat)

Error in commit bc3aaf4223fdb70d52d470dae65c5a7923ea2a49: diffstat error: diffstat: /lib64/libc.so.6: version `GLIBC_2.33' not found (required by diffstat)
diffstat: /lib64/libc.so.6: version `GLIBC_2.34' not found (required by diffstat)

Error in commit 6322d865314a4cd1db72834c51bde292341c8f07: diffstat error: diffstat: /lib64/libc.so.6: version `GLIBC_2.33' not found (required by diffstat)
diffstat: /lib64/libc.so.6: version `GLIBC_2.34' not found (required by diffstat)

Error in commit 2f2aa13724d56829d910b2fa8e80c502d388f106: diffstat error: diffstat: /lib64/libc.so.6: version `GLIBC_2.33' not found (required by diffstat)
diffstat: /lib64/libc.so.6: version `GLIBC_2.34' not found (required by diffstat)

Error in commit 55484c45dbeca2eec7642932ec3f60f8a2d4bdbf: diffstat error: diffstat: /lib64/libc.so.6: version `GLIBC_2.33' not found (required by diffstat)
diffstat: /lib64/libc.so.6: version `GLIBC_2.34' not found (required by diffstat)

Error in commit 980b22536abcbbe1b4a5642fc940af33d8c19b69: diffstat error: diffstat: /lib64/libc.so.6: version `GLIBC_2.33' not found (required by diffstat)
diffstat: /lib64/libc.so.6: version `GLIBC_2.34' not found (required by diffstat)

Error in commit 095a8e7ee71159862f851f587f374f76e7a85095: diffstat error: diffstat: /lib64/libc.so.6: version `GLIBC_2.33' not found (required by diffstat)
diffstat: /lib64/libc.so.6: version `GLIBC_2.34' not found (required by diffstat)

Error in commit 2f1a6be12ab6c8470d5776e68644726c94257c54: diffstat error: diffstat: /lib64/libc.so.6: version `GLIBC_2.33' not found (required by diffstat)
diffstat: /lib64/libc.so.6: version `GLIBC_2.34' not found (required by diffstat)

Error in commit f22978400e3ea6c35a1050a83a9a11f2c1dc8cb7: diffstat error: diffstat: /lib64/libc.so.6: version `GLIBC_2.33' not found (required by diffstat)
diffstat: /lib64/libc.so.6: version `GLIBC_2.34' not found (required by diffstat)

Error in commit ff98f7ce0ec89a3de50a1920eb8a223bf0a3a6f2: diffstat error: diffstat: /lib64/libc.so.6: version `GLIBC_2.33' not found (required by diffstat)
diffstat: /lib64/libc.so.6: version `GLIBC_2.34' not found (required by diffstat)

Error in commit 67af2b060e027c84b8e48d77e00b2369d997c0d4: diffstat error: diffstat: /lib64/libc.so.6: version `GLIBC_2.33' not found (required by diffstat)
diffstat: /lib64/libc.so.6: version `GLIBC_2.34' not found (required by diffstat)

Error in commit e84d96dbb0638186feb526c32810a3400f33d0c8: diffstat error: diffstat: /lib64/libc.so.6: version `GLIBC_2.33' not found (required by diffstat)
diffstat: /lib64/libc.so.6: version `GLIBC_2.34' not found (required by diffstat)

Error in commit 9f756bc67a84d4566bf74a0c2432aa55da404021: diffstat error: diffstat: /lib64/libc.so.6: version `GLIBC_2.33' not found (required by diffstat)
diffstat: /lib64/libc.so.6: version `GLIBC_2.34' not found (required by diffstat)

Error in commit 1b736a815be0222f4b24289cf17575fc15707305: diffstat error: diffstat: /lib64/libc.so.6: version `GLIBC_2.33' not found (required by diffstat)
diffstat: /lib64/libc.so.6: version `GLIBC_2.34' not found (required by diffstat)

Error in commit 83f4f9b40135f137f4f6fb009067392884f82426: diffstat error: diffstat: /lib64/libc.so.6: version `GLIBC_2.33' not found (required by diffstat)
diffstat: /lib64/libc.so.6: version `GLIBC_2.34' not found (required by diffstat)

Error in commit 5b397d455d25a391ba346863830c1949627b4d08: diffstat error: diffstat: /lib64/libc.so.6: version `GLIBC_2.33' not found (required by diffstat)
diffstat: /lib64/libc.so.6: version `GLIBC_2.34' not found (required by diffstat)

Error in commit 041122908ccced5982b48ce209e5a0e1e47a1f84: diffstat error: diffstat: /lib64/libc.so.6: version `GLIBC_2.33' not found (required by diffstat)
diffstat: /lib64/libc.so.6: version `GLIBC_2.34' not found (required by diffstat)

Error in commit b7566f6961275f465638ac6e80e861e7707a5a5c: diffstat error: diffstat: /lib64/libc.so.6: version `GLIBC_2.33' not found (required by diffstat)
diffstat: /lib64/libc.so.6: version `GLIBC_2.34' not found (required by diffstat)

Error in commit 80be649de7cd821652aa1be4d0c9cf5930f18225: diffstat error: diffstat: /lib64/libc.so.6: version `GLIBC_2.33' not found (required by diffstat)
diffstat: /lib64/libc.so.6: version `GLIBC_2.34' not found (required by diffstat)

Error in commit e31394536bae60139647ef80379a23804c0e13ac: diffstat error: diffstat: /lib64/libc.so.6: version `GLIBC_2.33' not found (required by diffstat)
diffstat: /lib64/libc.so.6: version `GLIBC_2.34' not found (required by diffstat)

Error in commit 31c6191f6196f1a05c9765cffeadba868e3b0723: diffstat error: diffstat: /lib64/libc.so.6: version `GLIBC_2.33' not found (required by diffstat)
diffstat: /lib64/libc.so.6: version `GLIBC_2.34' not found (required by diffstat)

Error in commit 53387aa86c1af1228d0fa57c67f9c7330716d5a7: diffstat error: diffstat: /lib64/libc.so.6: version `GLIBC_2.33' not found (required by diffstat)
diffstat: /lib64/libc.so.6: version `GLIBC_2.34' not found (required by diffstat)

Error in commit fccd451533ba818a27bb0e7e03efc248cb63d331: diffstat error: diffstat: /lib64/libc.so.6: version `GLIBC_2.33' not found (required by diffstat)
diffstat: /lib64/libc.so.6: version `GLIBC_2.34' not found (required by diffstat)

Error in commit 78e539b43293829a14a32e821f5267e3b7417594: diffstat error: diffstat: /lib64/libc.so.6: version `GLIBC_2.33' not found (required by diffstat)
diffstat: /lib64/libc.so.6: version `GLIBC_2.34' not found (required by diffstat)

Error in commit 163b48821dec0b23e0842034b96b9c915da2b470: diffstat error: diffstat: /lib64/libc.so.6: version `GLIBC_2.33' not found (required by diffstat)
diffstat: /lib64/libc.so.6: version `GLIBC_2.34' not found (required by diffstat)

Error in commit e7ec2bd5ff32954fae57a3f4a23c4d022ed30c97: diffstat error: diffstat: /lib64/libc.so.6: version `GLIBC_2.33' not found (required by diffstat)
diffstat: /lib64/libc.so.6: version `GLIBC_2.34' not found (required by diffstat)

Error in commit 81566868bf7dc433b777e33c158b812805f69c2f: diffstat error: diffstat: /lib64/libc.so.6: version `GLIBC_2.33' not found (required by diffstat)
diffstat: /lib64/libc.so.6: version `GLIBC_2.34' not found (required by diffstat)

Error in commit 850bb6f23b93c04ce1e4509a87fa607dc17d97c1: diffstat error: diffstat: /lib64/libc.so.6: version `GLIBC_2.33' not found (required by diffstat)
diffstat: /lib64/libc.so.6: version `GLIBC_2.34' not found (required by diffstat)

Error in commit 3f6e6d70a67bfeed30a4a962f4f9926f889ab52a: SHA b'3f6e6d70a67bfeed30a4a962f4f9926f889ab52a' could not be resolved, git returned: b'3f6e6d70a67bfeed30a4a962f4f9926f889ab52a missing'
Error in commit a224d33f0fecbe8dc3801fe5e9f25388c72770fc: SHA b'a224d33f0fecbe8dc3801fe5e9f25388c72770fc' could not be resolved, git returned: b'a224d33f0fecbe8dc3801fe5e9f25388c72770fc missing'
Error in commit ba7c81e90b21aaa8dc4872269bd18b6ecf84aba6: diffstat error: diffstat: /lib64/libc.so.6: version `GLIBC_2.33' not found (required by diffstat)
diffstat: /lib64/libc.so.6: version `GLIBC_2.34' not found (required by diffstat)

Error in commit 55f092db09e0bec0f953f77830ac8ac6bb67fdf9: diffstat error: diffstat: /lib64/libc.so.6: version `GLIBC_2.33' not found (required by diffstat)
diffstat: /lib64/libc.so.6: version `GLIBC_2.34' not found (required by diffstat)

Error in commit 46f767aa19f2915cda124575958ea650ec28a12f: diffstat error: diffstat: /lib64/libc.so.6: version `GLIBC_2.33' not found (required by diffstat)
diffstat: /lib64/libc.so.6: version `GLIBC_2.34' not found (required by diffstat)

Error in commit 3442400e927e34d76f63590576d89f32aaa8cc19: diffstat error: diffstat: /lib64/libc.so.6: version `GLIBC_2.33' not found (required by diffstat)
diffstat: /lib64/libc.so.6: version `GLIBC_2.34' not found (required by diffstat)

Error in commit 7644b1a1c9a7ae8ab99175989bfc8676055edb46: diffstat error: diffstat: /lib64/libc.so.6: version `GLIBC_2.33' not found (required by diffstat)
diffstat: /lib64/libc.so.6: version `GLIBC_2.34' not found (required by diffstat)

Error in commit b67e2c8c4da9890e0f3d27d501edf6a0c0fdf1c9: diffstat error: diffstat: /lib64/libc.so.6: version `GLIBC_2.33' not found (required by diffstat)
diffstat: /lib64/libc.so.6: version `GLIBC_2.34' not found (required by diffstat)

Error in commit d3caee79958007154751162f8178a1829f876408: diffstat error: diffstat: /lib64/libc.so.6: version `GLIBC_2.33' not found (required by diffstat)
diffstat: /lib64/libc.so.6: version `GLIBC_2.34' not found (required by diffstat)

Error in commit edce4d98cbc995233439cb4af45513edecb0550c: diffstat error: diffstat: /lib64/libc.so.6: version `GLIBC_2.33' not found (required by diffstat)
diffstat: /lib64/libc.so.6: version `GLIBC_2.34' not found (required by diffstat)

Error in commit dc7bfd75163730fbcc0d2838f0ce87fe113f598c: diffstat error: diffstat: /lib64/libc.so.6: version `GLIBC_2.33' not found (required by diffstat)
diffstat: /lib64/libc.so.6: version `GLIBC_2.34' not found (required by diffstat)

Error in commit da618022d26b0786d4a090f38006db9ae584f2cb: diffstat error: diffstat: /lib64/libc.so.6: version `GLIBC_2.33' not found (required by diffstat)
diffstat: /lib64/libc.so.6: version `GLIBC_2.34' not found (required by diffstat)

Error in commit 6014c6648a2a54a4ecb7f952ea1163e0798f9264: diffstat error: diffstat: /lib64/libc.so.6: version `GLIBC_2.33' not found (required by diffstat)
diffstat: /lib64/libc.so.6: version `GLIBC_2.34' not found (required by diffstat)

Error in commit d55bfcd6804699e1435dc3e233fd76c8a5d3f9e3: diffstat error: diffstat: /lib64/libc.so.6: version `GLIBC_2.33' not found (required by diffstat)
diffstat: /lib64/libc.so.6: version `GLIBC_2.34' not found (required by diffstat)

Error in commit 8b24aa36ba978eafc6114b6798b47b7bfecdca26: diffstat error: diffstat: /lib64/libc.so.6: version `GLIBC_2.33' not found (required by diffstat)
diffstat: /lib64/libc.so.6: version `GLIBC_2.34' not found (required by diffstat)

Error in commit 6ce55740f78627b07040d6184cdb1f220d6552f9: diffstat error: diffstat: /lib64/libc.so.6: version `GLIBC_2.33' not found (required by diffstat)
diffstat: /lib64/libc.so.6: version `GLIBC_2.34' not found (required by diffstat)

Error in commit 71d4d6baf8feca7c78706497e220393d2cf6ab11: diffstat error: diffstat: /lib64/libc.so.6: version `GLIBC_2.33' not found (required by diffstat)
diffstat: /lib64/libc.so.6: version `GLIBC_2.34' not found (required by diffstat)

Error in commit ac2cc54e13ff1838c4484a4279ae73462a2caadf: diffstat error: diffstat: /lib64/libc.so.6: version `GLIBC_2.33' not found (required by diffstat)
diffstat: /lib64/libc.so.6: version `GLIBC_2.34' not found (required by diffstat)

Error in commit 34e5b01186858b36c4d7c87e1a025071e8e2401f: diffstat error: diffstat: /lib64/libc.so.6: version `GLIBC_2.33' not found (required by diffstat)
diffstat: /lib64/libc.so.6: version `GLIBC_2.34' not found (required by diffstat)

Error in commit d2e8974699a9e35cc1a926bf74a972300d629cd5: diffstat error: diffstat: /lib64/libc.so.6: version `GLIBC_2.33' not found (required by diffstat)
diffstat: /lib64/libc.so.6: version `GLIBC_2.34' not found (required by diffstat)

Error in commit e8a63b4763bf8f10b00a83fe993b2bfdfe4f0545: diffstat error: diffstat: /lib64/libc.so.6: version `GLIBC_2.33' not found (required by diffstat)
diffstat: /lib64/libc.so.6: version `GLIBC_2.34' not found (required by diffstat)

Error in commit fa11c4c7fa3961b0101daaa0032bb26a7a1a9c0f: diffstat error: diffstat: /lib64/libc.so.6: version `GLIBC_2.33' not found (required by diffstat)
diffstat: /lib64/libc.so.6: version `GLIBC_2.34' not found (required by diffstat)

Error in commit ca09d8a0dcd82e3128e62463231296aaf63ae6f7: diffstat error: diffstat: /lib64/libc.so.6: version `GLIBC_2.33' not found (required by diffstat)
diffstat: /lib64/libc.so.6: version `GLIBC_2.34' not found (required by diffstat)

Error in commit 87b8c1081959e45ffdcbabb3d53ac9882ef2b5ce: diffstat error: diffstat: /lib64/libc.so.6: version `GLIBC_2.33' not found (required by diffstat)
diffstat: /lib64/libc.so.6: version `GLIBC_2.34' not found (required by diffstat)

Error in commit 7ef9d31071021c05e6b792af3f25b7b9ceaa9258: diffstat error: diffstat: /lib64/libc.so.6: version `GLIBC_2.33' not found (required by diffstat)
diffstat: /lib64/libc.so.6: version `GLIBC_2.34' not found (required by diffstat)

Error in commit 0f075ec8ecb5e43f8fdca5182f8cca4703da0404: diffstat error: diffstat: /lib64/libc.so.6: version `GLIBC_2.33' not found (required by diffstat)
diffstat: /lib64/libc.so.6: version `GLIBC_2.34' not found (required by diffstat)

Error in commit b1d039607d3d8a042bf0466bfcc1c0f104e353c8: diffstat error: diffstat: /lib64/libc.so.6: version `GLIBC_2.33' not found (required by diffstat)
diffstat: /lib64/libc.so.6: version `GLIBC_2.34' not found (required by diffstat)

Error in commit c6223b3b0f3d8e6a37b5775b44eeded02e9c3ea7: diffstat error: diffstat: /lib64/libc.so.6: version `GLIBC_2.33' not found (required by diffstat)
diffstat: /lib64/libc.so.6: version `GLIBC_2.34' not found (required by diffstat)

Error in commit 63d5dfa9005c6b16d0f0ccd888cc859fca78f970: diffstat error: diffstat: /lib64/libc.so.6: version `GLIBC_2.33' not found (required by diffstat)
diffstat: /lib64/libc.so.6: version `GLIBC_2.34' not found (required by diffstat)

Error in commit dc5d80a7d6d3f861d6de5d3705b391a91a7209d7: diffstat error: diffstat: /lib64/libc.so.6: version `GLIBC_2.33' not found (required by diffstat)
diffstat: /lib64/libc.so.6: version `GLIBC_2.34' not found (required by diffstat)

Error in commit 62e87ad83a1e8b2e548afa986a17919c93558691: diffstat error: diffstat: /lib64/libc.so.6: version `GLIBC_2.33' not found (required by diffstat)
diffstat: /lib64/libc.so.6: version `GLIBC_2.34' not found (required by diffstat)

Error in commit 1f771fedfcbf32cddeb83fe51bb698c8c0d7b4bc: diffstat error: diffstat: /lib64/libc.so.6: version `GLIBC_2.33' not found (required by diffstat)
diffstat: /lib64/libc.so.6: version `GLIBC_2.34' not found (required by diffstat)

Error in commit e4c4ce80b8f03659e5e5c5f457568a4c598ddb74: diffstat error: diffstat: /lib64/libc.so.6: version `GLIBC_2.33' not found (required by diffstat)
diffstat: /lib64/libc.so.6: version `GLIBC_2.34' not found (required by diffstat)

Error in commit 39fa6011d84e311060cb698d5b4e0ac4efc96163: diffstat error: diffstat: /lib64/libc.so.6: version `GLIBC_2.33' not found (required by diffstat)
diffstat: /lib64/libc.so.6: version `GLIBC_2.34' not found (required by diffstat)

Error in commit 1c3b2d05169da430ed94acf60f7ee84de5d5e23a: diffstat error: diffstat: /lib64/libc.so.6: version `GLIBC_2.33' not found (required by diffstat)
diffstat: /lib64/libc.so.6: version `GLIBC_2.34' not found (required by diffstat)

Error in commit 77668e4b9bca03a856c27ba899a2513ddf52bb52: diffstat error: diffstat: /lib64/libc.so.6: version `GLIBC_2.33' not found (required by diffstat)
diffstat: /lib64/libc.so.6: version `GLIBC_2.34' not found (required by diffstat)

Error in commit 80a4dc55f4d2fa33c2b36a99406500726d3faaef: diffstat error: diffstat: /lib64/libc.so.6: version `GLIBC_2.33' not found (required by diffstat)
diffstat: /lib64/libc.so.6: version `GLIBC_2.34' not found (required by diffstat)

Error in commit 0791f7beb87c0cbe657094c0bcb9a8004dd795f5: diffstat error: diffstat: /lib64/libc.so.6: version `GLIBC_2.33' not found (required by diffstat)
diffstat: /lib64/libc.so.6: version `GLIBC_2.34' not found (required by diffstat)

Error in commit 143533dfe016228a039bf86371245c782b28f63e: diffstat error: diffstat: /lib64/libc.so.6: version `GLIBC_2.33' not found (required by diffstat)
diffstat: /lib64/libc.so.6: version `GLIBC_2.34' not found (required by diffstat)

Error in commit 8efaebe293e2a74c8e323fa85a6f5fadf82801bc: diffstat error: diffstat: /lib64/libc.so.6: version `GLIBC_2.33' not found (required by diffstat)
diffstat: /lib64/libc.so.6: version `GLIBC_2.34' not found (required by diffstat)

Error in commit 2ca42b6e4e098af2d17e487814a91d05f6ae4987: diffstat error: diffstat: /lib64/libc.so.6: version `GLIBC_2.33' not found (required by diffstat)
diffstat: /lib64/libc.so.6: version `GLIBC_2.34' not found (required by diffstat)

Error in commit 1a839ca773ce45cd0bd04a45ee6d85eb89c262d8: diffstat error: diffstat: /lib64/libc.so.6: version `GLIBC_2.33' not found (required by diffstat)
diffstat: /lib64/libc.so.6: version `GLIBC_2.34' not found (required by diffstat)

Error in commit abf3a29384c582c807a621e7fc6e7c68d0cafe9b: diffstat error: diffstat: /lib64/libc.so.6: version `GLIBC_2.33' not found (required by diffstat)
diffstat: /lib64/libc.so.6: version `GLIBC_2.34' not found (required by diffstat)

Error in commit 561a69802b042403e71769c325af744b97fb2a35: diffstat error: diffstat: /lib64/libc.so.6: version `GLIBC_2.33' not found (required by diffstat)
diffstat: /lib64/libc.so.6: version `GLIBC_2.34' not found (required by diffstat)

Error in commit 4b1690fe57da78310aab15b344f5ceff9a475abb: diffstat error: diffstat: /lib64/libc.so.6: version `GLIBC_2.33' not found (required by diffstat)
diffstat: /lib64/libc.so.6: version `GLIBC_2.34' not found (required by diffstat)

Error in commit caa341682628a8892beb1a471cd4405ecc9a9891: diffstat error: diffstat: /lib64/libc.so.6: version `GLIBC_2.33' not found (required by diffstat)
diffstat: /lib64/libc.so.6: version `GLIBC_2.34' not found (required by diffstat)

Error in commit cc1e8d2deeb469cc5f1186624dedfef8b7abd6b8: diffstat error: diffstat: /lib64/libc.so.6: version `GLIBC_2.33' not found (required by diffstat)
diffstat: /lib64/libc.so.6: version `GLIBC_2.34' not found (required by diffstat)

Error in commit 64fd37d1db6cecff842ac63f315199109307b973: diffstat error: diffstat: /lib64/libc.so.6: version `GLIBC_2.33' not found (required by diffstat)
diffstat: /lib64/libc.so.6: version `GLIBC_2.34' not found (required by diffstat)

Error in commit 78b5d28cec57693a797d04d4b59f05bdc109e9b2: diffstat error: diffstat: /lib64/libc.so.6: version `GLIBC_2.33' not found (required by diffstat)
diffstat: /lib64/libc.so.6: version `GLIBC_2.34' not found (required by diffstat)

Error in commit ab0fdaedd1e7224f7e84ea22fcbfaa4ca75a6c06: diffstat error: diffstat: /lib64/libc.so.6: version `GLIBC_2.33' not found (required by diffstat)
diffstat: /lib64/libc.so.6: version `GLIBC_2.34' not found (required by diffstat)

Error in commit b47fc6648d7c2dfe0093a601d44cb704b7bad382: diffstat error: diffstat: /lib64/libc.so.6: version `GLIBC_2.33' not found (required by diffstat)
diffstat: /lib64/libc.so.6: version `GLIBC_2.34' not found (required by diffstat)

Error in commit 9370f5efa53ca7024296d559eced7ce4c8f45fdb: diffstat error: diffstat: /lib64/libc.so.6: version `GLIBC_2.33' not found (required by diffstat)
diffstat: /lib64/libc.so.6: version `GLIBC_2.34' not found (required by diffstat)

Error in commit 141f1313745b9cc73670df51ac145165efcbb14a: diffstat error: diffstat: /lib64/libc.so.6: version `GLIBC_2.33' not found (required by diffstat)
diffstat: /lib64/libc.so.6: version `GLIBC_2.34' not found (required by diffstat)

Error in commit 5ab5352531a9cc7058cce569607f3a6831464443: diffstat error: diffstat: /lib64/libc.so.6: version `GLIBC_2.33' not found (required by diffstat)
diffstat: /lib64/libc.so.6: version `GLIBC_2.34' not found (required by diffstat)

Error in commit ccbf8bcae5083982d1e9d8b8058398721a8d914e: diffstat error: diffstat: /lib64/libc.so.6: version `GLIBC_2.33' not found (required by diffstat)
diffstat: /lib64/libc.so.6: version `GLIBC_2.34' not found (required by diffstat)

Error in commit 5165e148021c18a8abbf06c64099dade1a5ec37a: diffstat error: diffstat: /lib64/libc.so.6: version `GLIBC_2.33' not found (required by diffstat)
diffstat: /lib64/libc.so.6: version `GLIBC_2.34' not found (required by diffstat)

Error in commit 3caeb16c31a3ed62d744e2aaf01d684f7991051a: SHA b'3caeb16c31a3ed62d744e2aaf01d684f7991051a' could not be resolved, git returned: b'3caeb16c31a3ed62d744e2aaf01d684f7991051a missing'
Error in commit 57f3bad2b1bcf544650cd1413d2fbcbabae4a9e6: diffstat error: diffstat: /lib64/libc.so.6: version `GLIBC_2.33' not found (required by diffstat)
diffstat: /lib64/libc.so.6: version `GLIBC_2.34' not found (required by diffstat)

Error in commit b89f271ff5ec415816eb8fdcd442e56c200f38e1: diffstat error: diffstat: /lib64/libc.so.6: version `GLIBC_2.33' not found (required by diffstat)
diffstat: /lib64/libc.so.6: version `GLIBC_2.34' not found (required by diffstat)

Error in commit c5690ed3b86033b540ace9f511375d12c6ae3e9c: diffstat error: diffstat: /lib64/libc.so.6: version `GLIBC_2.33' not found (required by diffstat)
diffstat: /lib64/libc.so.6: version `GLIBC_2.34' not found (required by diffstat)

Error in commit 4342306f0f0d5ff4315a204d315c1b51b914fca5: diffstat error: diffstat: /lib64/libc.so.6: version `GLIBC_2.33' not found (required by diffstat)
diffstat: /lib64/libc.so.6: version `GLIBC_2.34' not found (required by diffstat)

Error in commit 621f3729831b05ee828a3203eddb621d014ff2b2: diffstat error: diffstat: /lib64/libc.so.6: version `GLIBC_2.33' not found (required by diffstat)
diffstat: /lib64/libc.so.6: version `GLIBC_2.34' not found (required by diffstat)

Error in commit 29943546343c92334e8518695a11fc0e2ceea68b: diffstat error: diffstat: /lib64/libc.so.6: version `GLIBC_2.33' not found (required by diffstat)
diffstat: /lib64/libc.so.6: version `GLIBC_2.34' not found (required by diffstat)

Error in commit c7ca01ad962e70a7ecc3beb4feb41da47a372309: diffstat error: diffstat: /lib64/libc.so.6: version `GLIBC_2.33' not found (required by diffstat)
diffstat: /lib64/libc.so.6: version `GLIBC_2.34' not found (required by diffstat)

Error in commit 8c5632a869f10445dc5091c39ec73ca49cf83454: diffstat error: diffstat: /lib64/libc.so.6: version `GLIBC_2.33' not found (required by diffstat)
diffstat: /lib64/libc.so.6: version `GLIBC_2.34' not found (required by diffstat)

Error in commit 0a2bee307b20411f5b0dda0c662b1f9bb9e0e131: diffstat error: diffstat: /lib64/libc.so.6: version `GLIBC_2.33' not found (required by diffstat)
diffstat: /lib64/libc.so.6: version `GLIBC_2.34' not found (required by diffstat)

Error in commit 3fecb96122e35cb0c5809699c26eb093efda19e8: diffstat error: diffstat: /lib64/libc.so.6: version `GLIBC_2.33' not found (required by diffstat)
diffstat: /lib64/libc.so.6: version `GLIBC_2.34' not found (required by diffstat)

Error in commit 1ed32b23f999acf0c5029f09c8525f93eb1d354c: diffstat error: diffstat: /lib64/libc.so.6: version `GLIBC_2.33' not found (required by diffstat)
diffstat: /lib64/libc.so.6: version `GLIBC_2.34' not found (required by diffstat)

Error in commit 3bb6c9ad51f712864dea63529e0b55661c2a9e84: diffstat error: diffstat: /lib64/libc.so.6: version `GLIBC_2.33' not found (required by diffstat)
diffstat: /lib64/libc.so.6: version `GLIBC_2.34' not found (required by diffstat)

Error in commit 4dee110f565cfb254c0fdbcfe4358177fda9c4e8: diffstat error: diffstat: /lib64/libc.so.6: version `GLIBC_2.33' not found (required by diffstat)
diffstat: /lib64/libc.so.6: version `GLIBC_2.34' not found (required by diffstat)

Error in commit 72ae83ad214d2eef262461365a1975707f862712: diffstat error: diffstat: /lib64/libc.so.6: version `GLIBC_2.33' not found (required by diffstat)
diffstat: /lib64/libc.so.6: version `GLIBC_2.34' not found (required by diffstat)

Error in commit c4e7870ac1af6f629e021391b16d9671742db95f: diffstat error: diffstat: /lib64/libc.so.6: version `GLIBC_2.33' not found (required by diffstat)
diffstat: /lib64/libc.so.6: version `GLIBC_2.34' not found (required by diffstat)

Error in commit 92bfc623e6a71353dd2c783f4c9fef5591ac550d: diffstat error: diffstat: /lib64/libc.so.6: version `GLIBC_2.33' not found (required by diffstat)
diffstat: /lib64/libc.so.6: version `GLIBC_2.34' not found (required by diffstat)

Error in commit 5d29fb6a457910631b3d18a558099689069b512e: diffstat error: diffstat: /lib64/libc.so.6: version `GLIBC_2.33' not found (required by diffstat)
diffstat: /lib64/libc.so.6: version `GLIBC_2.34' not found (required by diffstat)

Error in commit ac85afe9602378ea78e1140f5b5bc2f2952a9118: diffstat error: diffstat: /lib64/libc.so.6: version `GLIBC_2.33' not found (required by diffstat)
diffstat: /lib64/libc.so.6: version `GLIBC_2.34' not found (required by diffstat)

Error in commit 3504fc7ed688c10d86988e2029a65efc311393fe: diffstat error: diffstat: /lib64/libc.so.6: version `GLIBC_2.33' not found (required by diffstat)
diffstat: /lib64/libc.so.6: version `GLIBC_2.34' not found (required by diffstat)

Error in commit 20ac3662f137dbf7f42d5295590069a7d3b1166b: SHA b'20ac3662f137dbf7f42d5295590069a7d3b1166b' could not be resolved, git returned: b'20ac3662f137dbf7f42d5295590069a7d3b1166b missing'
Error in commit b69f2292063d2caf37ca9aec7d63ded203701bf3: diffstat error: diffstat: /lib64/libc.so.6: version `GLIBC_2.33' not found (required by diffstat)
diffstat: /lib64/libc.so.6: version `GLIBC_2.34' not found (required by diffstat)

Error in commit c4365c9235f80128c3c3d5993074173941b1c1f0: diffstat error: diffstat: /lib64/libc.so.6: version `GLIBC_2.33' not found (required by diffstat)
diffstat: /lib64/libc.so.6: version `GLIBC_2.34' not found (required by diffstat)

Error in commit 20c2df83d25c6a95affe6157a4c9cac4cf5ffaac: diffstat error: diffstat: /lib64/libc.so.6: version `GLIBC_2.33' not found (required by diffstat)
diffstat: /lib64/libc.so.6: version `GLIBC_2.34' not found (required by diffstat)

Error in commit d2acc3479cbccd5cfbca6c787be713ef1de12ec6: diffstat error: diffstat: /lib64/libc.so.6: version `GLIBC_2.33' not found (required by diffstat)
diffstat: /lib64/libc.so.6: version `GLIBC_2.34' not found (required by diffstat)

Error in commit dc0b027dfadfcb8a5504f7d8052754bf8d501ab9: diffstat error: diffstat: /lib64/libc.so.6: version `GLIBC_2.33' not found (required by diffstat)
diffstat: /lib64/libc.so.6: version `GLIBC_2.34' not found (required by diffstat)

Error in commit ec8013beddd717d1740cfefb1a9b900deef85462: diffstat error: diffstat: /lib64/libc.so.6: version `GLIBC_2.33' not found (required by diffstat)
diffstat: /lib64/libc.so.6: version `GLIBC_2.34' not found (required by diffstat)

Error in commit 6c79e987d629cb0f8f7e2983725f4434a2dec66b: diffstat error: diffstat: /lib64/libc.so.6: version `GLIBC_2.33' not found (required by diffstat)
diffstat: /lib64/libc.so.6: version `GLIBC_2.34' not found (required by diffstat)

Error in commit 63d804eade298208037045ab6728c933f2b6c27d: diffstat error: diffstat: /lib64/libc.so.6: version `GLIBC_2.33' not found (required by diffstat)
diffstat: /lib64/libc.so.6: version `GLIBC_2.34' not found (required by diffstat)

Error in commit 95a69adab9acfc3981c504737a2b6578e4d846ef: diffstat error: diffstat: /lib64/libc.so.6: version `GLIBC_2.33' not found (required by diffstat)
diffstat: /lib64/libc.so.6: version `GLIBC_2.34' not found (required by diffstat)

Error in commit 89d7ae34cdda4195809a5a987f697a517a2a3177: diffstat error: diffstat: /lib64/libc.so.6: version `GLIBC_2.33' not found (required by diffstat)
diffstat: /lib64/libc.so.6: version `GLIBC_2.34' not found (required by diffstat)

Error in commit aba8d056078e47350d85b06a9cabd5afcc4b72ea: diffstat error: diffstat: /lib64/libc.so.6: version `GLIBC_2.33' not found (required by diffstat)
diffstat: /lib64/libc.so.6: version `GLIBC_2.34' not found (required by diffstat)

Error in commit e15ca9a0ef9a86f0477530b0f44a725d67f889ee: diffstat error: diffstat: /lib64/libc.so.6: version `GLIBC_2.33' not found (required by diffstat)
diffstat: /lib64/libc.so.6: version `GLIBC_2.34' not found (required by diffstat)

Error in commit c300aa64ddf57d9c5d9c898a64b36877345dd4a9: diffstat error: diffstat: /lib64/libc.so.6: version `GLIBC_2.33' not found (required by diffstat)
diffstat: /lib64/libc.so.6: version `GLIBC_2.34' not found (required by diffstat)

Error in commit 17a33dfd95b1a29e90db76414eb9622df9632320: diffstat error: diffstat: /lib64/libc.so.6: version `GLIBC_2.33' not found (required by diffstat)
diffstat: /lib64/libc.so.6: version `GLIBC_2.34' not found (required by diffstat)

Error in commit 12176503366885edd542389eed3aaf94be163fdb: diffstat error: diffstat: /lib64/libc.so.6: version `GLIBC_2.33' not found (required by diffstat)
diffstat: /lib64/libc.so.6: version `GLIBC_2.34' not found (required by diffstat)

Error in commit ee89cbc2d48150c7c0e9f2aaac00afde99af098c: diffstat error: diffstat: /lib64/libc.so.6: version `GLIBC_2.33' not found (required by diffstat)
diffstat: /lib64/libc.so.6: version `GLIBC_2.34' not found (required by diffstat)

Error in commit fe729a57c8d85b6b38d62b64215d5f064e682940: diffstat error: diffstat: /lib64/libc.so.6: version `GLIBC_2.33' not found (required by diffstat)
diffstat: /lib64/libc.so.6: version `GLIBC_2.34' not found (required by diffstat)

Error in commit c31d5326902cebffcd83b1aede67a0e0ac923090: diffstat error: diffstat: /lib64/libc.so.6: version `GLIBC_2.33' not found (required by diffstat)
diffstat: /lib64/libc.so.6: version `GLIBC_2.34' not found (required by diffstat)

Error in commit 12d6e7538e2d418c08f082b1b44ffa5fb7270ed8: diffstat error: diffstat: /lib64/libc.so.6: version `GLIBC_2.33' not found (required by diffstat)
diffstat: /lib64/libc.so.6: version `GLIBC_2.34' not found (required by diffstat)

Error in commit 496ad9aa8ef448058e36ca7a787c61f2e63f0f54: diffstat error: diffstat: /lib64/libc.so.6: version `GLIBC_2.33' not found (required by diffstat)
diffstat: /lib64/libc.so.6: version `GLIBC_2.34' not found (required by diffstat)

Error in commit 60085c3d009b0df252547adb336d1ccca5ce52ec: diffstat error: diffstat: /lib64/libc.so.6: version `GLIBC_2.33' not found (required by diffstat)
diffstat: /lib64/libc.so.6: version `GLIBC_2.34' not found (required by diffstat)

Error in commit 482b05dd533da162fa8d04c61712fae297bea3e0: diffstat error: diffstat: /lib64/libc.so.6: version `GLIBC_2.33' not found (required by diffstat)
diffstat: /lib64/libc.so.6: version `GLIBC_2.34' not found (required by diffstat)

Error in commit 7fa294c8991ce0ed4e713f08209eb2ce3e1044ac: diffstat error: diffstat: /lib64/libc.so.6: version `GLIBC_2.33' not found (required by diffstat)
diffstat: /lib64/libc.so.6: version `GLIBC_2.34' not found (required by diffstat)

Error in commit 8033426e6bdb2690d302872ac1e1fadaec1a5581: diffstat error: diffstat: /lib64/libc.so.6: version `GLIBC_2.33' not found (required by diffstat)
diffstat: /lib64/libc.so.6: version `GLIBC_2.34' not found (required by diffstat)

Error in commit 9adef58b1d4fbb58d7daed931b6790c5a3b7543a: diffstat error: diffstat: /lib64/libc.so.6: version `GLIBC_2.33' not found (required by diffstat)
diffstat: /lib64/libc.so.6: version `GLIBC_2.34' not found (required by diffstat)

Error in commit 2a7921b7a033d5cfc176690d6297c82846c582b2: diffstat error: diffstat: /lib64/libc.so.6: version `GLIBC_2.33' not found (required by diffstat)
diffstat: /lib64/libc.so.6: version `GLIBC_2.34' not found (required by diffstat)

Error in commit f77f3806bf3a52bc7930cea0dcac043f00254755: diffstat error: diffstat: /lib64/libc.so.6: version `GLIBC_2.33' not found (required by diffstat)
diffstat: /lib64/libc.so.6: version `GLIBC_2.34' not found (required by diffstat)

Error in commit 0e1227d356e9b2fe0500d6cc7084f752040a1e0e: diffstat error: diffstat: /lib64/libc.so.6: version `GLIBC_2.33' not found (required by diffstat)
diffstat: /lib64/libc.so.6: version `GLIBC_2.34' not found (required by diffstat)

Error in commit 78c37d191dd6899d8c219fee597a17d6e3c5d288: diffstat error: diffstat: /lib64/libc.so.6: version `GLIBC_2.33' not found (required by diffstat)
diffstat: /lib64/libc.so.6: version `GLIBC_2.34' not found (required by diffstat)

Error in commit cd12fb906d2591e80da9edcbd4794b9b916d7489: diffstat error: diffstat: /lib64/libc.so.6: version `GLIBC_2.33' not found (required by diffstat)
diffstat: /lib64/libc.so.6: version `GLIBC_2.34' not found (required by diffstat)

Error in commit 1a18a69b762374c423305772500f36eb8984ca52: diffstat error: diffstat: /lib64/libc.so.6: version `GLIBC_2.33' not found (required by diffstat)
diffstat: /lib64/libc.so.6: version `GLIBC_2.34' not found (required by diffstat)

Error in commit 962830df366b66e71849040770ae6ba55a8b4aec: diffstat error: diffstat: /lib64/libc.so.6: version `GLIBC_2.33' not found (required by diffstat)
diffstat: /lib64/libc.so.6: version `GLIBC_2.34' not found (required by diffstat)

Error in commit 5f5bc6b1e2d5a6f827bc860ef2dc5b6f365d1339: diffstat error: diffstat: /lib64/libc.so.6: version `GLIBC_2.33' not found (required by diffstat)
diffstat: /lib64/libc.so.6: version `GLIBC_2.34' not found (required by diffstat)

Error in commit d114b9fe78c8d6fc6e70808c2092aa307c36dc8e: diffstat error: diffstat: /lib64/libc.so.6: version `GLIBC_2.33' not found (required by diffstat)
diffstat: /lib64/libc.so.6: version `GLIBC_2.34' not found (required by diffstat)

Error in commit f3c2af7ba17a83809806880062c9ad541744fb95: diffstat error: diffstat: /lib64/libc.so.6: version `GLIBC_2.33' not found (required by diffstat)
diffstat: /lib64/libc.so.6: version `GLIBC_2.34' not found (required by diffstat)

Error in commit 7932c0bd7740f4cd2aa168d3ce0199e7af7d72d5: diffstat error: diffstat: /lib64/libc.so.6: version `GLIBC_2.33' not found (required by diffstat)
diffstat: /lib64/libc.so.6: version `GLIBC_2.34' not found (required by diffstat)

Error in commit 0305cd5f7fca85dae392b9ba85b116896eb7c1c7: diffstat error: diffstat: /lib64/libc.so.6: version `GLIBC_2.33' not found (required by diffstat)
diffstat: /lib64/libc.so.6: version `GLIBC_2.34' not found (required by diffstat)

Error in commit 47a32a44d71b8433300739dbd3b6899c12b53227: diffstat error: diffstat: /lib64/libc.so.6: version `GLIBC_2.33' not found (required by diffstat)
diffstat: /lib64/libc.so.6: version `GLIBC_2.34' not found (required by diffstat)

Error in commit 572c6db849f27628223a7e838c1b1ed490665d96: diffstat error: diffstat: /lib64/libc.so.6: version `GLIBC_2.33' not found (required by diffstat)
diffstat: /lib64/libc.so.6: version `GLIBC_2.34' not found (required by diffstat)

Error in commit ab676b7d6fbf4b294bf198fb27ade5b0e865c7ce: diffstat error: diffstat: /lib64/libc.so.6: version `GLIBC_2.33' not found (required by diffstat)
diffstat: /lib64/libc.so.6: version `GLIBC_2.34' not found (required by diffstat)

Error in commit ee8413b01045c74340aa13ad5bdf905de32be736: diffstat error: diffstat: /lib64/libc.so.6: version `GLIBC_2.33' not found (required by diffstat)
diffstat: /lib64/libc.so.6: version `GLIBC_2.34' not found (required by diffstat)

Error in commit 2f718ffc16c43a435d12919c75dbfad518abd056: diffstat error: diffstat: /lib64/libc.so.6: version `GLIBC_2.33' not found (required by diffstat)
diffstat: /lib64/libc.so.6: version `GLIBC_2.34' not found (required by diffstat)

Error in commit 18e3b739fdc826481c6a1335ce0c5b19b3d415da: diffstat error: diffstat: /lib64/libc.so.6: version `GLIBC_2.33' not found (required by diffstat)
diffstat: /lib64/libc.so.6: version `GLIBC_2.34' not found (required by diffstat)

Error in commit 35807187e4b35200b12edad319a36ee7a0167ba7: diffstat error: diffstat: /lib64/libc.so.6: version `GLIBC_2.33' not found (required by diffstat)
diffstat: /lib64/libc.so.6: version `GLIBC_2.34' not found (required by diffstat)

Error in commit 4751b606fa38edc456d627140898a7ec679fcc24: diffstat error: diffstat: /lib64/libc.so.6: version `GLIBC_2.33' not found (required by diffstat)
diffstat: /lib64/libc.so.6: version `GLIBC_2.34' not found (required by diffstat)

Error in commit 681fef8380eb818c0b845fca5d2ab1dcbab114ee: diffstat error: diffstat: /lib64/libc.so.6: version `GLIBC_2.33' not found (required by diffstat)
diffstat: /lib64/libc.so.6: version `GLIBC_2.34' not found (required by diffstat)

Error in commit 10a6c61544fb48d72f29ec8f9573bdcd52abf1b7: diffstat error: diffstat: /lib64/libc.so.6: version `GLIBC_2.33' not found (required by diffstat)
diffstat: /lib64/libc.so.6: version `GLIBC_2.34' not found (required by diffstat)

Error in commit a257cdd0e2179630d3201c32ba14d7fcb3c3a055: diffstat error: diffstat: /lib64/libc.so.6: version `GLIBC_2.33' not found (required by diffstat)
diffstat: /lib64/libc.so.6: version `GLIBC_2.34' not found (required by diffstat)

Error in commit 4c6510a738c71ca6b4b7b624a7d0a00acebfd7fb: diffstat error: diffstat: /lib64/libc.so.6: version `GLIBC_2.33' not found (required by diffstat)
diffstat: /lib64/libc.so.6: version `GLIBC_2.34' not found (required by diffstat)

Error in commit de6bbd1d30e5912620d25dd15e3f180ac7f9fcef: diffstat error: diffstat: /lib64/libc.so.6: version `GLIBC_2.33' not found (required by diffstat)
diffstat: /lib64/libc.so.6: version `GLIBC_2.34' not found (required by diffstat)

Error in commit bc7c14a2a17170db658046d4f2c7677907f44c02: diffstat error: diffstat: /lib64/libc.so.6: version `GLIBC_2.33' not found (required by diffstat)
diffstat: /lib64/libc.so.6: version `GLIBC_2.34' not found (required by diffstat)

Error in commit c5a413c569d713baa0f00ff726398a98549a5b4e: diffstat error: diffstat: /lib64/libc.so.6: version `GLIBC_2.33' not found (required by diffstat)
diffstat: /lib64/libc.so.6: version `GLIBC_2.34' not found (required by diffstat)

Error in commit 3234480827b27ff5d3469a732167afd289632a96: diffstat error: diffstat: /lib64/libc.so.6: version `GLIBC_2.33' not found (required by diffstat)
diffstat: /lib64/libc.so.6: version `GLIBC_2.34' not found (required by diffstat)

Error in commit 1ab67463050181e3293f92d21f67489bb50bbacc: diffstat error: diffstat: /lib64/libc.so.6: version `GLIBC_2.33' not found (required by diffstat)
diffstat: /lib64/libc.so.6: version `GLIBC_2.34' not found (required by diffstat)

Error in commit e324de2d053295670f3ba8ef67289835d663aae5: diffstat error: diffstat: /lib64/libc.so.6: version `GLIBC_2.33' not found (required by diffstat)
diffstat: /lib64/libc.so.6: version `GLIBC_2.34' not found (required by diffstat)

Error in commit 335e92e8a515420bd47a6b0f01cb9a206c0ed6e4: diffstat error: diffstat: /lib64/libc.so.6: version `GLIBC_2.33' not found (required by diffstat)
diffstat: /lib64/libc.so.6: version `GLIBC_2.34' not found (required by diffstat)

Error in commit fac8e0f579695a3ecbc4d3cac369139d7f819971: diffstat error: diffstat: /lib64/libc.so.6: version `GLIBC_2.33' not found (required by diffstat)
diffstat: /lib64/libc.so.6: version `GLIBC_2.34' not found (required by diffstat)

Error in commit 83a4b92815ea04969d494416eaae3d4c6b338e4a: diffstat error: diffstat: /lib64/libc.so.6: version `GLIBC_2.33' not found (required by diffstat)
diffstat: /lib64/libc.so.6: version `GLIBC_2.34' not found (required by diffstat)

Error in commit f44135e22430b4ae59a44ef6dc4c3def2a169060: diffstat error: diffstat: /lib64/libc.so.6: version `GLIBC_2.33' not found (required by diffstat)
diffstat: /lib64/libc.so.6: version `GLIBC_2.34' not found (required by diffstat)

Error in commit 99bd077d112596d12aef7b94cb898c79e2235e39: diffstat error: diffstat: /lib64/libc.so.6: version `GLIBC_2.33' not found (required by diffstat)
diffstat: /lib64/libc.so.6: version `GLIBC_2.34' not found (required by diffstat)

Error in commit 6b6496bb513826866bfd5fdc71f81566b7e5e924: diffstat error: diffstat: /lib64/libc.so.6: version `GLIBC_2.33' not found (required by diffstat)
diffstat: /lib64/libc.so.6: version `GLIBC_2.34' not found (required by diffstat)

Error in commit cee4d331365cd921ce5c688a31e29bcf845dea05: diffstat error: diffstat: /lib64/libc.so.6: version `GLIBC_2.33' not found (required by diffstat)
diffstat: /lib64/libc.so.6: version `GLIBC_2.34' not found (required by diffstat)

Error in commit c36d2d995675bbcaed317651dbb0e4a0ef7bc947: diffstat error: diffstat: /lib64/libc.so.6: version `GLIBC_2.33' not found (required by diffstat)
diffstat: /lib64/libc.so.6: version `GLIBC_2.34' not found (required by diffstat)

Error in commit 3ca657a8793dd011bf869695d72ad31c779c3cc1: diffstat error: diffstat: /lib64/libc.so.6: version `GLIBC_2.33' not found (required by diffstat)
diffstat: /lib64/libc.so.6: version `GLIBC_2.34' not found (required by diffstat)

Error in commit 3a53aeda63fe35b43882baa44ff93153192b55f0: diffstat error: diffstat: /lib64/libc.so.6: version `GLIBC_2.33' not found (required by diffstat)
diffstat: /lib64/libc.so.6: version `GLIBC_2.34' not found (required by diffstat)

Error in commit dd504589577d8e8e70f51f997ad487a4cb6c026f: diffstat error: diffstat: /lib64/libc.so.6: version `GLIBC_2.33' not found (required by diffstat)
diffstat: /lib64/libc.so.6: version `GLIBC_2.34' not found (required by diffstat)

Error in commit 5d41ce29e3b91ef305f88d23f72b3359de329cec: diffstat error: diffstat: /lib64/libc.so.6: version `GLIBC_2.33' not found (required by diffstat)
diffstat: /lib64/libc.so.6: version `GLIBC_2.34' not found (required by diffstat)

Error in commit 9e4aabe2bb3454c83dac8139cf9974503ee044db: diffstat error: diffstat: /lib64/libc.so.6: version `GLIBC_2.33' not found (required by diffstat)
diffstat: /lib64/libc.so.6: version `GLIBC_2.34' not found (required by diffstat)

Error in commit b28b8b2fee6dfa6fcd13305c581bb835689ac3be: diffstat error: diffstat: /lib64/libc.so.6: version `GLIBC_2.33' not found (required by diffstat)
diffstat: /lib64/libc.so.6: version `GLIBC_2.34' not found (required by diffstat)

Error in commit 9b8ae7e221aee4d7caf8f8adab4f5639d9f378e0: diffstat error: diffstat: /lib64/libc.so.6: version `GLIBC_2.33' not found (required by diffstat)
diffstat: /lib64/libc.so.6: version `GLIBC_2.34' not found (required by diffstat)

Error in commit 5ca71a7bc18b6897ab21d815d15e218e204581e2: diffstat error: diffstat: /lib64/libc.so.6: version `GLIBC_2.33' not found (required by diffstat)
diffstat: /lib64/libc.so.6: version `GLIBC_2.34' not found (required by diffstat)

Error in commit 753ca4f312a4b26940e4731b4fa5dbbbbcc77e97: diffstat error: diffstat: /lib64/libc.so.6: version `GLIBC_2.33' not found (required by diffstat)
diffstat: /lib64/libc.so.6: version `GLIBC_2.34' not found (required by diffstat)

Error in commit 9709674e68646cee5a24e3000b3558d25412203a: diffstat error: diffstat: /lib64/libc.so.6: version `GLIBC_2.33' not found (required by diffstat)
diffstat: /lib64/libc.so.6: version `GLIBC_2.34' not found (required by diffstat)

Error in commit a492593efccb08b72392d64966b5c7728e56f16a: diffstat error: diffstat: /lib64/libc.so.6: version `GLIBC_2.33' not found (required by diffstat)
diffstat: /lib64/libc.so.6: version `GLIBC_2.34' not found (required by diffstat)

Error in commit 126c7c98ea788241922c30df4a5633ea692cf8df: diffstat error: diffstat: /lib64/libc.so.6: version `GLIBC_2.33' not found (required by diffstat)
diffstat: /lib64/libc.so.6: version `GLIBC_2.34' not found (required by diffstat)

Error in commit ac1e3510edca56fb46b0b90271ef8d9dc01b9a76: diffstat error: diffstat: /lib64/libc.so.6: version `GLIBC_2.33' not found (required by diffstat)
diffstat: /lib64/libc.so.6: version `GLIBC_2.34' not found (required by diffstat)

Error in commit f6b2db1a3e8d141dd144df58900fb0444d5d7c53: diffstat error: diffstat: /lib64/libc.so.6: version `GLIBC_2.33' not found (required by diffstat)
diffstat: /lib64/libc.so.6: version `GLIBC_2.34' not found (required by diffstat)

Error in commit 9f6ed2ca257fa8650b876377833e6f14e272848b: diffstat error: diffstat: /lib64/libc.so.6: version `GLIBC_2.33' not found (required by diffstat)
diffstat: /lib64/libc.so.6: version `GLIBC_2.34' not found (required by diffstat)

Error in commit 4e2cd40ed6866c6ee690ce2a640bdf7796054491: diffstat error: diffstat: /lib64/libc.so.6: version `GLIBC_2.33' not found (required by diffstat)
diffstat: /lib64/libc.so.6: version `GLIBC_2.34' not found (required by diffstat)

Error in commit 78f82d9d1c2944725a279acd573a22168dc6e22a: diffstat error: diffstat: /lib64/libc.so.6: version `GLIBC_2.33' not found (required by diffstat)
diffstat: /lib64/libc.so.6: version `GLIBC_2.34' not found (required by diffstat)

Error in commit cc2a4d2ba5371d25c58763e4db2dbc1f4691c0f7: diffstat error: diffstat: /lib64/libc.so.6: version `GLIBC_2.33' not found (required by diffstat)
diffstat: /lib64/libc.so.6: version `GLIBC_2.34' not found (required by diffstat)

Error in commit 17f11b056210f082a6d0e54ac5d68e6d72fa76b2: diffstat error: diffstat: /lib64/libc.so.6: version `GLIBC_2.33' not found (required by diffstat)
diffstat: /lib64/libc.so.6: version `GLIBC_2.34' not found (required by diffstat)

Error in commit a20214eef4b9c5e1797527b0a6273899a9062f9c: diffstat error: diffstat: /lib64/libc.so.6: version `GLIBC_2.33' not found (required by diffstat)
diffstat: /lib64/libc.so.6: version `GLIBC_2.34' not found (required by diffstat)

Error in commit a0108a892f9ea3c2bb1e7a49b7d71376c2ecbff7: diffstat error: diffstat: /lib64/libc.so.6: version `GLIBC_2.33' not found (required by diffstat)
diffstat: /lib64/libc.so.6: version `GLIBC_2.34' not found (required by diffstat)

Error in commit 005145378c9ad7575a01b6ce1ba118fb427f583a: diffstat error: diffstat: /lib64/libc.so.6: version `GLIBC_2.33' not found (required by diffstat)
diffstat: /lib64/libc.so.6: version `GLIBC_2.34' not found (required by diffstat)

Error in commit f81493e36b82dfa88682884d2036b14fdea6be41: diffstat error: diffstat: /lib64/libc.so.6: version `GLIBC_2.33' not found (required by diffstat)
diffstat: /lib64/libc.so.6: version `GLIBC_2.34' not found (required by diffstat)

Error in commit bbbb712cc68d6f126ec72d87b27a2e22e63db1d9: diffstat error: diffstat: /lib64/libc.so.6: version `GLIBC_2.33' not found (required by diffstat)
diffstat: /lib64/libc.so.6: version `GLIBC_2.34' not found (required by diffstat)

Error in commit b04243ef7006cda301819f54ee7ce0a3632489e3: diffstat error: diffstat: /lib64/libc.so.6: version `GLIBC_2.33' not found (required by diffstat)
diffstat: /lib64/libc.so.6: version `GLIBC_2.34' not found (required by diffstat)

Error in commit d1023d843c69abbe72e7759ab738c3ab661205bc: diffstat error: diffstat: /lib64/libc.so.6: version `GLIBC_2.33' not found (required by diffstat)
diffstat: /lib64/libc.so.6: version `GLIBC_2.34' not found (required by diffstat)

Error in commit 00e8f205475332d7842d0f0d1481eeab4e83017c: diffstat error: diffstat: /lib64/libc.so.6: version `GLIBC_2.33' not found (required by diffstat)
diffstat: /lib64/libc.so.6: version `GLIBC_2.34' not found (required by diffstat)

Error in commit 8bf80c35d4f84f689edbf42a35cae9762125efc6: diffstat error: diffstat: /lib64/libc.so.6: version `GLIBC_2.33' not found (required by diffstat)
diffstat: /lib64/libc.so.6: version `GLIBC_2.34' not found (required by diffstat)

Error in commit 28f785daa03e3c833484c47220785e4feccc9114: diffstat error: diffstat: /lib64/libc.so.6: version `GLIBC_2.33' not found (required by diffstat)
diffstat: /lib64/libc.so.6: version `GLIBC_2.34' not found (required by diffstat)

Error in commit 6df760a04cd2838775d26478941fc0a4f512b3a7: diffstat error: diffstat: /lib64/libc.so.6: version `GLIBC_2.33' not found (required by diffstat)
diffstat: /lib64/libc.so.6: version `GLIBC_2.34' not found (required by diffstat)

Error in commit 96b638672430b84b0739028c84aa233768fc4b28: diffstat error: diffstat: /lib64/libc.so.6: version `GLIBC_2.33' not found (required by diffstat)
diffstat: /lib64/libc.so.6: version `GLIBC_2.34' not found (required by diffstat)

Error in commit 452a6b2bb6de677acdd2ccb8b39cf6e8fe06f306: diffstat error: diffstat: /lib64/libc.so.6: version `GLIBC_2.33' not found (required by diffstat)
diffstat: /lib64/libc.so.6: version `GLIBC_2.34' not found (required by diffstat)

Error in commit 0744dd00c1b1be99a25b62b1b48df440e82e57e0: diffstat error: diffstat: /lib64/libc.so.6: version `GLIBC_2.33' not found (required by diffstat)
diffstat: /lib64/libc.so.6: version `GLIBC_2.34' not found (required by diffstat)

Error in commit 62bd3ffba5533629d785c56c3b49a5c59051bf48: diffstat error: diffstat: /lib64/libc.so.6: version `GLIBC_2.33' not found (required by diffstat)
diffstat: /lib64/libc.so.6: version `GLIBC_2.34' not found (required by diffstat)

Error in commit 59690cf6b7ffce3cc86936cbe658909c6ec3a687: diffstat error: diffstat: /lib64/libc.so.6: version `GLIBC_2.33' not found (required by diffstat)
diffstat: /lib64/libc.so.6: version `GLIBC_2.34' not found (required by diffstat)

Error in commit 19670ba07cefc8c96211e26cfe485f489bc5ea26: diffstat error: diffstat: /lib64/libc.so.6: version `GLIBC_2.33' not found (required by diffstat)
diffstat: /lib64/libc.so.6: version `GLIBC_2.34' not found (required by diffstat)

Error in commit 985122081165753c7442bd7824c473eb9ff56308: diffstat error: diffstat: /lib64/libc.so.6: version `GLIBC_2.33' not found (required by diffstat)
diffstat: /lib64/libc.so.6: version `GLIBC_2.34' not found (required by diffstat)

Error in commit 5dc1860d8267b1e0cb78c9ffa2a40bea2fdb3ddc: diffstat error: diffstat: /lib64/libc.so.6: version `GLIBC_2.33' not found (required by diffstat)
diffstat: /lib64/libc.so.6: version `GLIBC_2.34' not found (required by diffstat)

Error in commit 4c3aee4bb0294c232d56b6d34e9eeb74f630fe8c: diffstat error: diffstat: /lib64/libc.so.6: version `GLIBC_2.33' not found (required by diffstat)
diffstat: /lib64/libc.so.6: version `GLIBC_2.34' not found (required by diffstat)

Error in commit b4e5a87bc438bd5b4ef9dbb61897fb7227261bde: diffstat error: diffstat: /lib64/libc.so.6: version `GLIBC_2.33' not found (required by diffstat)
diffstat: /lib64/libc.so.6: version `GLIBC_2.34' not found (required by diffstat)

Error in commit c8fea2f60c18ed30bdd1bb6f798e994e51a58260: diffstat error: diffstat: /lib64/libc.so.6: version `GLIBC_2.33' not found (required by diffstat)
diffstat: /lib64/libc.so.6: version `GLIBC_2.34' not found (required by diffstat)

Error in commit 85e8fbd0e21fec6cb8c6cb0af6cdb8c592bbec67: diffstat error: diffstat: /lib64/libc.so.6: version `GLIBC_2.33' not found (required by diffstat)
diffstat: /lib64/libc.so.6: version `GLIBC_2.34' not found (required by diffstat)

Error in commit 8ae11f73b21c9aa952c43aecd4aed9c8022baefb: diffstat error: diffstat: /lib64/libc.so.6: version `GLIBC_2.33' not found (required by diffstat)
diffstat: /lib64/libc.so.6: version `GLIBC_2.34' not found (required by diffstat)

Error in commit 363b02dab09b3226f3bd1420dad9c72b79a42a76: diffstat error: diffstat: /lib64/libc.so.6: version `GLIBC_2.33' not found (required by diffstat)
diffstat: /lib64/libc.so.6: version `GLIBC_2.34' not found (required by diffstat)

Error in commit 7c80f9e4a588f1925b07134bb2e3689335f6c6d8: diffstat error: diffstat: /lib64/libc.so.6: version `GLIBC_2.33' not found (required by diffstat)
diffstat: /lib64/libc.so.6: version `GLIBC_2.34' not found (required by diffstat)

Error in commit 27f8d386829689c346ff0cef00d3af57b9fb8903: diffstat error: diffstat: /lib64/libc.so.6: version `GLIBC_2.33' not found (required by diffstat)
diffstat: /lib64/libc.so.6: version `GLIBC_2.34' not found (required by diffstat)

Error in commit 58cf31cee7a456057f337b3102a03206d833d5e8: diffstat error: diffstat: /lib64/libc.so.6: version `GLIBC_2.33' not found (required by diffstat)
diffstat: /lib64/libc.so.6: version `GLIBC_2.34' not found (required by diffstat)

Error in commit 71bb99a02b32b4cc4265118e85f6035ca72923f0: diffstat error: diffstat: /lib64/libc.so.6: version `GLIBC_2.33' not found (required by diffstat)
diffstat: /lib64/libc.so.6: version `GLIBC_2.34' not found (required by diffstat)

Error in commit 7d11f77f84b27cef452cee332f4e469503084737: diffstat error: diffstat: /lib64/libc.so.6: version `GLIBC_2.33' not found (required by diffstat)
diffstat: /lib64/libc.so.6: version `GLIBC_2.34' not found (required by diffstat)

Error in commit 51aa669ec2a2168c9af410c30140d1e141f485ae: diffstat error: diffstat: /lib64/libc.so.6: version `GLIBC_2.33' not found (required by diffstat)
diffstat: /lib64/libc.so.6: version `GLIBC_2.34' not found (required by diffstat)

Error in commit 62411ab2fe5f002dff27417630ddf02cc40ca404: diffstat error: diffstat: /lib64/libc.so.6: version `GLIBC_2.33' not found (required by diffstat)
diffstat: /lib64/libc.so.6: version `GLIBC_2.34' not found (required by diffstat)

Error in commit b270ad6f0aedd27bdc689fc15f26bc650a59b12b: diffstat error: diffstat: /lib64/libc.so.6: version `GLIBC_2.33' not found (required by diffstat)
diffstat: /lib64/libc.so.6: version `GLIBC_2.34' not found (required by diffstat)

Error in commit 1905091634a6a2925c911484434448e568330626: diffstat error: diffstat: /lib64/libc.so.6: version `GLIBC_2.33' not found (required by diffstat)
diffstat: /lib64/libc.so.6: version `GLIBC_2.34' not found (required by diffstat)

Error in commit 1272d5fe0c803d06ff2eb62a65bab817b1fb2f6d: diffstat error: diffstat: /lib64/libc.so.6: version `GLIBC_2.33' not found (required by diffstat)
diffstat: /lib64/libc.so.6: version `GLIBC_2.34' not found (required by diffstat)

Error in commit b51b21fc63c9805862322551387d9036f2b63433: diffstat error: diffstat: /lib64/libc.so.6: version `GLIBC_2.33' not found (required by diffstat)
diffstat: /lib64/libc.so.6: version `GLIBC_2.34' not found (required by diffstat)

Error in commit 35185e69bff725e0f11d49db9b2793185fe9927f: diffstat error: diffstat: /lib64/libc.so.6: version `GLIBC_2.33' not found (required by diffstat)
diffstat: /lib64/libc.so.6: version `GLIBC_2.34' not found (required by diffstat)

Error in commit adb4f11e0a8f4e29900adb2b7af28b6bbd5c1fa4: diffstat error: diffstat: /lib64/libc.so.6: version `GLIBC_2.33' not found (required by diffstat)
diffstat: /lib64/libc.so.6: version `GLIBC_2.34' not found (required by diffstat)

Error in commit 663b85a37bd5fb391a3096e90cc51547727ad2fc: diffstat error: diffstat: /lib64/libc.so.6: version `GLIBC_2.33' not found (required by diffstat)
diffstat: /lib64/libc.so.6: version `GLIBC_2.34' not found (required by diffstat)

Error in commit faa4eaf6803bd11669bc324b4c34e7162286bfa3: diffstat error: diffstat: /lib64/libc.so.6: version `GLIBC_2.33' not found (required by diffstat)
diffstat: /lib64/libc.so.6: version `GLIBC_2.34' not found (required by diffstat)

Error in commit 48fc8df51d99f9d8ba251219367b3d629cc848e3: diffstat error: diffstat: /lib64/libc.so.6: version `GLIBC_2.33' not found (required by diffstat)
diffstat: /lib64/libc.so.6: version `GLIBC_2.34' not found (required by diffstat)

Error in commit 4dcff1874ad430269bb7d75818b906b34331d919: diffstat error: diffstat: /lib64/libc.so.6: version `GLIBC_2.33' not found (required by diffstat)
diffstat: /lib64/libc.so.6: version `GLIBC_2.34' not found (required by diffstat)

Error in commit 0f5dc4da3982053036be65190e44bf28a67b1ca2: SHA b'0f5dc4da3982053036be65190e44bf28a67b1ca2' could not be resolved, git returned: b'0f5dc4da3982053036be65190e44bf28a67b1ca2 missing'
Error in commit a9ab13ff6e844ad5b3ed39339e6db9a76bb539ad: diffstat error: diffstat: /lib64/libc.so.6: version `GLIBC_2.33' not found (required by diffstat)
diffstat: /lib64/libc.so.6: version `GLIBC_2.34' not found (required by diffstat)

Error in commit c5f280153409d9bc6bbf1874977742b339bb9c51: diffstat error: diffstat: /lib64/libc.so.6: version `GLIBC_2.33' not found (required by diffstat)
diffstat: /lib64/libc.so.6: version `GLIBC_2.34' not found (required by diffstat)

Error in commit 8a6e874437670045e6c7dc6154c7412b4a2135e2: diffstat error: diffstat: /lib64/libc.so.6: version `GLIBC_2.33' not found (required by diffstat)
diffstat: /lib64/libc.so.6: version `GLIBC_2.34' not found (required by diffstat)

Error in commit 5dd7b86b84a864b834c6fa3d7f9f51c87efa99d4: diffstat error: diffstat: /lib64/libc.so.6: version `GLIBC_2.33' not found (required by diffstat)
diffstat: /lib64/libc.so.6: version `GLIBC_2.34' not found (required by diffstat)

Error in commit 0a797c2825d450ad6692911f99c3fe4699a3dc49: diffstat error: diffstat: /lib64/libc.so.6: version `GLIBC_2.33' not found (required by diffstat)
diffstat: /lib64/libc.so.6: version `GLIBC_2.34' not found (required by diffstat)

Error in commit 18eaf4e8f1769d2bb05ed354a8b6198e49aadfcc: diffstat error: diffstat: /lib64/libc.so.6: version `GLIBC_2.33' not found (required by diffstat)
diffstat: /lib64/libc.so.6: version `GLIBC_2.34' not found (required by diffstat)

Error in commit 4d6f51db8677d71134035548f2f142155dcc3a8e: diffstat error: diffstat: /lib64/libc.so.6: version `GLIBC_2.33' not found (required by diffstat)
diffstat: /lib64/libc.so.6: version `GLIBC_2.34' not found (required by diffstat)

Error in commit ff6db1027f8f36df657ff2e5ea167773752537ed: diffstat error: diffstat: /lib64/libc.so.6: version `GLIBC_2.33' not found (required by diffstat)
diffstat: /lib64/libc.so.6: version `GLIBC_2.34' not found (required by diffstat)

Error in commit 274975a46330e022411b217afa49a82297a00855: diffstat error: diffstat: /lib64/libc.so.6: version `GLIBC_2.33' not found (required by diffstat)
diffstat: /lib64/libc.so.6: version `GLIBC_2.34' not found (required by diffstat)

Error in commit c75b9281a5b9452d92e1682bdfe6019a13ed819f: diffstat error: diffstat: /lib64/libc.so.6: version `GLIBC_2.33' not found (required by diffstat)
diffstat: /lib64/libc.so.6: version `GLIBC_2.34' not found (required by diffstat)

Error in commit 90b717e72340081ee87f0b85b4ef00b2a5bd2bf2: diffstat error: diffstat: /lib64/libc.so.6: version `GLIBC_2.33' not found (required by diffstat)
diffstat: /lib64/libc.so.6: version `GLIBC_2.34' not found (required by diffstat)

Error in commit c2b5f1c15bbc5363f92f8e697538759c5d929934: diffstat error: diffstat: /lib64/libc.so.6: version `GLIBC_2.33' not found (required by diffstat)
diffstat: /lib64/libc.so.6: version `GLIBC_2.34' not found (required by diffstat)

Error in commit 6861d42f07d567c696ea1716ade0273daf34d8a0: diffstat error: diffstat: /lib64/libc.so.6: version `GLIBC_2.33' not found (required by diffstat)
diffstat: /lib64/libc.so.6: version `GLIBC_2.34' not found (required by diffstat)

Error in commit e5dd15b288a1682dc38efcf258dd2aa2332c9a7c: diffstat error: diffstat: /lib64/libc.so.6: version `GLIBC_2.33' not found (required by diffstat)
diffstat: /lib64/libc.so.6: version `GLIBC_2.34' not found (required by diffstat)

Error in commit c8643d4b2b0d0725e43abbc2843a7c6c7ee614e0: diffstat error: diffstat: /lib64/libc.so.6: version `GLIBC_2.33' not found (required by diffstat)
diffstat: /lib64/libc.so.6: version `GLIBC_2.34' not found (required by diffstat)

Error in commit cfe1681b0f1eacd11cb6684bf7bacb3d330c9df3: diffstat error: diffstat: /lib64/libc.so.6: version `GLIBC_2.33' not found (required by diffstat)
diffstat: /lib64/libc.so.6: version `GLIBC_2.34' not found (required by diffstat)

Error in commit 7efeadc08f08101d567104c4d3d1ece371b6f727: diffstat error: diffstat: /lib64/libc.so.6: version `GLIBC_2.33' not found (required by diffstat)
diffstat: /lib64/libc.so.6: version `GLIBC_2.34' not found (required by diffstat)

Error in commit c5b30379ba87cbe774b08ac50c1f6d36df4ebb7c: diffstat error: diffstat: /lib64/libc.so.6: version `GLIBC_2.33' not found (required by diffstat)
diffstat: /lib64/libc.so.6: version `GLIBC_2.34' not found (required by diffstat)

Error in commit d71090c3e5ca325bdf4b02eb236cfb3ee823e927: diffstat error: diffstat: /lib64/libc.so.6: version `GLIBC_2.33' not found (required by diffstat)
diffstat: /lib64/libc.so.6: version `GLIBC_2.34' not found (required by diffstat)

Error in commit 711f8c3fb3db61897080468586b970c87c61d9e4: diffstat error: diffstat: /lib64/libc.so.6: version `GLIBC_2.33' not found (required by diffstat)
diffstat: /lib64/libc.so.6: version `GLIBC_2.34' not found (required by diffstat)

Error in commit b19f8a6046b080e4c2e28354a58556bb26040c6f: diffstat error: diffstat: /lib64/libc.so.6: version `GLIBC_2.33' not found (required by diffstat)
diffstat: /lib64/libc.so.6: version `GLIBC_2.34' not found (required by diffstat)

Error in commit bc4812d31a67d5e2f973fbfaf950d6118226cf36: diffstat error: diffstat: /lib64/libc.so.6: version `GLIBC_2.33' not found (required by diffstat)
diffstat: /lib64/libc.so.6: version `GLIBC_2.34' not found (required by diffstat)

Error in commit 64b39f4a2fd293cf899dd8062c57ce3715dd7ee9: diffstat error: diffstat: /lib64/libc.so.6: version `GLIBC_2.33' not found (required by diffstat)
diffstat: /lib64/libc.so.6: version `GLIBC_2.34' not found (required by diffstat)

Error in commit 459fc39f5b1af08805e7e114abf1f00e76cfbff9: diffstat error: diffstat: /lib64/libc.so.6: version `GLIBC_2.33' not found (required by diffstat)
diffstat: /lib64/libc.so.6: version `GLIBC_2.34' not found (required by diffstat)

Error in commit 9e5e8f2f: diffstat error: diffstat: /lib64/libc.so.6: version `GLIBC_2.33' not found (required by diffstat)
diffstat: /lib64/libc.so.6: version `GLIBC_2.34' not found (required by diffstat)

Error in commit 6f0e0aca4f4e614eea4ce10e226aed73ed4ab68b: diffstat error: diffstat: /lib64/libc.so.6: version `GLIBC_2.33' not found (required by diffstat)
diffstat: /lib64/libc.so.6: version `GLIBC_2.34' not found (required by diffstat)

Error in commit cffff5d028c74a063488d07667599769e61f5c6e: diffstat error: diffstat: /lib64/libc.so.6: version `GLIBC_2.33' not found (required by diffstat)
diffstat: /lib64/libc.so.6: version `GLIBC_2.34' not found (required by diffstat)

Error in commit 66e7740393fb6bfa6f711c342d79ad9649a04719: diffstat error: diffstat: /lib64/libc.so.6: version `GLIBC_2.33' not found (required by diffstat)
diffstat: /lib64/libc.so.6: version `GLIBC_2.34' not found (required by diffstat)

Error in commit 46f5ceea3c3d3676cd92e37bab1f29415b678572: diffstat error: diffstat: /lib64/libc.so.6: version `GLIBC_2.33' not found (required by diffstat)
diffstat: /lib64/libc.so.6: version `GLIBC_2.34' not found (required by diffstat)

Error in commit 9971fb125cf91cefd081a080c417b90bbe4a467b: diffstat error: diffstat: /lib64/libc.so.6: version `GLIBC_2.33' not found (required by diffstat)
diffstat: /lib64/libc.so.6: version `GLIBC_2.34' not found (required by diffstat)

Error in commit 9914a5a0556e045ddce22037558b5149e387c68a: diffstat error: diffstat: /lib64/libc.so.6: version `GLIBC_2.33' not found (required by diffstat)
diffstat: /lib64/libc.so.6: version `GLIBC_2.34' not found (required by diffstat)

Error in commit 306490c8d848c367faa2d9df81f5e69dab46ffb5: diffstat error: diffstat: /lib64/libc.so.6: version `GLIBC_2.33' not found (required by diffstat)
diffstat: /lib64/libc.so.6: version `GLIBC_2.34' not found (required by diffstat)

Error in commit 1333f98dd2ff2aae4e4c2a9a43d7b83a0b1af8aa: diffstat error: diffstat: /lib64/libc.so.6: version `GLIBC_2.33' not found (required by diffstat)
diffstat: /lib64/libc.so.6: version `GLIBC_2.34' not found (required by diffstat)

Error in commit be0a46b3d52b58956fd0d47d040b9f4514406954: diffstat error: diffstat: /lib64/libc.so.6: version `GLIBC_2.33' not found (required by diffstat)
diffstat: /lib64/libc.so.6: version `GLIBC_2.34' not found (required by diffstat)

Error in commit 97ab532bc05a545a3606cf33662008b971358b5a: diffstat error: diffstat: /lib64/libc.so.6: version `GLIBC_2.33' not found (required by diffstat)
diffstat: /lib64/libc.so.6: version `GLIBC_2.34' not found (required by diffstat)

Error in commit 4ade98128cbc41d5115b97a41ca2e59529c8dd5f: diffstat error: diffstat: /lib64/libc.so.6: version `GLIBC_2.33' not found (required by diffstat)
diffstat: /lib64/libc.so.6: version `GLIBC_2.34' not found (required by diffstat)

Error in commit ca92350db6ad6ac344181f7b8ec695eda29da675: diffstat error: diffstat: /lib64/libc.so.6: version `GLIBC_2.33' not found (required by diffstat)
diffstat: /lib64/libc.so.6: version `GLIBC_2.34' not found (required by diffstat)

Error in commit 2fb9c1e6681370478e24a19172ed6d78d95d50d3: diffstat error: diffstat: /lib64/libc.so.6: version `GLIBC_2.33' not found (required by diffstat)
diffstat: /lib64/libc.so.6: version `GLIBC_2.34' not found (required by diffstat)

Error in commit 095b9174645f5b855dd5946c99cea4f4ffb5a034: diffstat error: diffstat: /lib64/libc.so.6: version `GLIBC_2.33' not found (required by diffstat)
diffstat: /lib64/libc.so.6: version `GLIBC_2.34' not found (required by diffstat)

Error in commit 0f810ef16781bf0f59690be63af876bddabf68bf: diffstat error: diffstat: /lib64/libc.so.6: version `GLIBC_2.33' not found (required by diffstat)
diffstat: /lib64/libc.so.6: version `GLIBC_2.34' not found (required by diffstat)

Error in commit 399c16829ceb8dad8f3f6e25e626212e4fca332e: diffstat error: diffstat: /lib64/libc.so.6: version `GLIBC_2.33' not found (required by diffstat)
diffstat: /lib64/libc.so.6: version `GLIBC_2.34' not found (required by diffstat)

Error in commit 9266d3747ef56a2318d75ee91d754cf212def7f3: diffstat error: diffstat: /lib64/libc.so.6: version `GLIBC_2.33' not found (required by diffstat)
diffstat: /lib64/libc.so.6: version `GLIBC_2.34' not found (required by diffstat)

Error in commit 1e2cc389a2a058fd13d99460c11115a6f7f7a6a4: diffstat error: diffstat: /lib64/libc.so.6: version `GLIBC_2.33' not found (required by diffstat)
diffstat: /lib64/libc.so.6: version `GLIBC_2.34' not found (required by diffstat)

Error in commit 41272a980197917df8e58ff90642d14dec8fe948: diffstat error: diffstat: /lib64/libc.so.6: version `GLIBC_2.33' not found (required by diffstat)
diffstat: /lib64/libc.so.6: version `GLIBC_2.34' not found (required by diffstat)

Error in commit b52fe2dbb3e655eb1483000adfab68a219549e13: diffstat error: diffstat: /lib64/libc.so.6: version `GLIBC_2.33' not found (required by diffstat)
diffstat: /lib64/libc.so.6: version `GLIBC_2.34' not found (required by diffstat)

Error in commit 806a7335653743a33f476a3705d55bada95b7dfe: diffstat error: diffstat: /lib64/libc.so.6: version `GLIBC_2.33' not found (required by diffstat)
diffstat: /lib64/libc.so.6: version `GLIBC_2.34' not found (required by diffstat)

Error in commit 34f8368c535253f5c9cb3a303297743b62442aaa: diffstat error: diffstat: /lib64/libc.so.6: version `GLIBC_2.33' not found (required by diffstat)
diffstat: /lib64/libc.so.6: version `GLIBC_2.34' not found (required by diffstat)

Error in commit 800beb74ab89b2d20d368822b296aabb9e822664: diffstat error: diffstat: /lib64/libc.so.6: version `GLIBC_2.33' not found (required by diffstat)
diffstat: /lib64/libc.so.6: version `GLIBC_2.34' not found (required by diffstat)

Error in commit a807516f33f3e5fa6e0acfff170156bd0c4a44ae: diffstat error: diffstat: /lib64/libc.so.6: version `GLIBC_2.33' not found (required by diffstat)
diffstat: /lib64/libc.so.6: version `GLIBC_2.34' not found (required by diffstat)

Error in commit 3f851282810fa0ab4b90b3b1ecec2e8717ef16f8: diffstat error: diffstat: /lib64/libc.so.6: version `GLIBC_2.33' not found (required by diffstat)
diffstat: /lib64/libc.so.6: version `GLIBC_2.34' not found (required by diffstat)

Error in commit 6cf343156dba058ea7a1988fcc62f6bc493da6a1: diffstat error: diffstat: /lib64/libc.so.6: version `GLIBC_2.33' not found (required by diffstat)
diffstat: /lib64/libc.so.6: version `GLIBC_2.34' not found (required by diffstat)

Error in commit faf99408e3f9f706fc3809dd400e831f989778d3: diffstat error: diffstat: /lib64/libc.so.6: version `GLIBC_2.33' not found (required by diffstat)
diffstat: /lib64/libc.so.6: version `GLIBC_2.34' not found (required by diffstat)

Error in commit 3bcd6c7eaa53: diffstat error: diffstat: /lib64/libc.so.6: version `GLIBC_2.33' not found (required by diffstat)
diffstat: /lib64/libc.so.6: version `GLIBC_2.34' not found (required by diffstat)

Error in commit 63d80c49baa956d871136d8d4afb7900eb4a6cc9: diffstat error: diffstat: /lib64/libc.so.6: version `GLIBC_2.33' not found (required by diffstat)
diffstat: /lib64/libc.so.6: version `GLIBC_2.34' not found (required by diffstat)

Error in commit 8b2cc917a02936c3ea7d8da46801c7b7b6233093: diffstat error: diffstat: /lib64/libc.so.6: version `GLIBC_2.33' not found (required by diffstat)
diffstat: /lib64/libc.so.6: version `GLIBC_2.34' not found (required by diffstat)

Error in commit 083f5ffdee661f61512909d16f9a5b98cff3cf0b: diffstat error: diffstat: /lib64/libc.so.6: version `GLIBC_2.33' not found (required by diffstat)
diffstat: /lib64/libc.so.6: version `GLIBC_2.34' not found (required by diffstat)

Error in commit 3d0c614b9a060de08832b7e7ee1c973d686fc5a0: diffstat error: diffstat: /lib64/libc.so.6: version `GLIBC_2.33' not found (required by diffstat)
diffstat: /lib64/libc.so.6: version `GLIBC_2.34' not found (required by diffstat)

Error in commit d6aa1959369b7922d0151e90b5fa6f5ecaa9dfb8: diffstat error: diffstat: /lib64/libc.so.6: version `GLIBC_2.33' not found (required by diffstat)
diffstat: /lib64/libc.so.6: version `GLIBC_2.34' not found (required by diffstat)

Error in commit 6e3557e909d62384f9193515969634cfffb17296: diffstat error: diffstat: /lib64/libc.so.6: version `GLIBC_2.33' not found (required by diffstat)
diffstat: /lib64/libc.so.6: version `GLIBC_2.34' not found (required by diffstat)

Error in commit 153695d36ead0ccc4d0256953c751cabf673e621: diffstat error: diffstat: /lib64/libc.so.6: version `GLIBC_2.33' not found (required by diffstat)
diffstat: /lib64/libc.so.6: version `GLIBC_2.34' not found (required by diffstat)

Error in commit 43f55f23f70881e9c397557f15c8090b368d0af2: diffstat error: diffstat: /lib64/libc.so.6: version `GLIBC_2.33' not found (required by diffstat)
diffstat: /lib64/libc.so.6: version `GLIBC_2.34' not found (required by diffstat)

Error in commit 33b6752a708f9afc2a99a86ff28a42803e52bc28: diffstat error: diffstat: /lib64/libc.so.6: version `GLIBC_2.33' not found (required by diffstat)
diffstat: /lib64/libc.so.6: version `GLIBC_2.34' not found (required by diffstat)

Error in commit 1728137b33c00d5a2b5110ed7aafb42e7c32e4a1: diffstat error: diffstat: /lib64/libc.so.6: version `GLIBC_2.33' not found (required by diffstat)
diffstat: /lib64/libc.so.6: version `GLIBC_2.34' not found (required by diffstat)

Error in commit 71240db7bb22b2bca7bee71e41ee32ffe6bbd201: diffstat error: diffstat: /lib64/libc.so.6: version `GLIBC_2.33' not found (required by diffstat)
diffstat: /lib64/libc.so.6: version `GLIBC_2.34' not found (required by diffstat)

Error in commit 99755ea72608cc4cc5c93052a5a204fab640bbf1: diffstat error: diffstat: /lib64/libc.so.6: version `GLIBC_2.33' not found (required by diffstat)
diffstat: /lib64/libc.so.6: version `GLIBC_2.34' not found (required by diffstat)

Error in commit ca1b48f0abe71bf81a58995d7d75dc27f5a17ddc: diffstat error: diffstat: /lib64/libc.so.6: version `GLIBC_2.33' not found (required by diffstat)
diffstat: /lib64/libc.so.6: version `GLIBC_2.34' not found (required by diffstat)

Error in commit 4a2d98447b37bcb68a7f06a1078edcb4f7e6ce7e: diffstat error: diffstat: /lib64/libc.so.6: version `GLIBC_2.33' not found (required by diffstat)
diffstat: /lib64/libc.so.6: version `GLIBC_2.34' not found (required by diffstat)

Error in commit ee1679dfd12ffb98e1dad264fa530d2b0c513acb: diffstat error: diffstat: /lib64/libc.so.6: version `GLIBC_2.33' not found (required by diffstat)
diffstat: /lib64/libc.so.6: version `GLIBC_2.34' not found (required by diffstat)

Error in commit 41bd17a47f74cefe841f7025291b655eeead07f4: diffstat error: diffstat: /lib64/libc.so.6: version `GLIBC_2.33' not found (required by diffstat)
diffstat: /lib64/libc.so.6: version `GLIBC_2.34' not found (required by diffstat)

Error in commit 60745f24f0e78cb7e0c9e853263fa693ff1ae716: diffstat error: diffstat: /lib64/libc.so.6: version `GLIBC_2.33' not found (required by diffstat)
diffstat: /lib64/libc.so.6: version `GLIBC_2.34' not found (required by diffstat)

Error in commit 789217a2d102b1c99734afd7d48e4d4210ec009d: diffstat error: diffstat: /lib64/libc.so.6: version `GLIBC_2.33' not found (required by diffstat)
diffstat: /lib64/libc.so.6: version `GLIBC_2.34' not found (required by diffstat)

Error in commit 770f051d964337ee75b5f4b04e011940f228bca4: diffstat error: diffstat: /lib64/libc.so.6: version `GLIBC_2.33' not found (required by diffstat)
diffstat: /lib64/libc.so.6: version `GLIBC_2.34' not found (required by diffstat)

Error in commit 2212808a72e6a9789836cfc4e9ed89f45291595e: diffstat error: diffstat: /lib64/libc.so.6: version `GLIBC_2.33' not found (required by diffstat)
diffstat: /lib64/libc.so.6: version `GLIBC_2.34' not found (required by diffstat)

Error in commit f7194acbc98b416f4e4df78d12a5066958243d8c: diffstat error: diffstat: /lib64/libc.so.6: version `GLIBC_2.33' not found (required by diffstat)
diffstat: /lib64/libc.so.6: version `GLIBC_2.34' not found (required by diffstat)

Error in commit 7de5ea6978af1c74e05ca177cfd724ab2f753fd3: diffstat error: diffstat: /lib64/libc.so.6: version `GLIBC_2.33' not found (required by diffstat)
diffstat: /lib64/libc.so.6: version `GLIBC_2.34' not found (required by diffstat)

Error in commit b13bbe1cd57d8886a2610dc131eded0603725f19: diffstat error: diffstat: /lib64/libc.so.6: version `GLIBC_2.33' not found (required by diffstat)
diffstat: /lib64/libc.so.6: version `GLIBC_2.34' not found (required by diffstat)

Error in commit 82f668c78c133873f5094cfab6e4eabc0b70e4b6: diffstat error: diffstat: /lib64/libc.so.6: version `GLIBC_2.33' not found (required by diffstat)
diffstat: /lib64/libc.so.6: version `GLIBC_2.34' not found (required by diffstat)

Error in commit f6af48416d6423016fd4395fd3260ba66f56cf56: diffstat error: diffstat: /lib64/libc.so.6: version `GLIBC_2.33' not found (required by diffstat)
diffstat: /lib64/libc.so.6: version `GLIBC_2.34' not found (required by diffstat)

Error in commit 727a8b6072b4564a25cf2519118ba1c9a2e0bb7c: diffstat error: diffstat: /lib64/libc.so.6: version `GLIBC_2.33' not found (required by diffstat)
diffstat: /lib64/libc.so.6: version `GLIBC_2.34' not found (required by diffstat)

Error in commit a28e4890eed847e6122a1c4d50653566e0813f45: diffstat error: diffstat: /lib64/libc.so.6: version `GLIBC_2.33' not found (required by diffstat)
diffstat: /lib64/libc.so.6: version `GLIBC_2.34' not found (required by diffstat)

Error in commit d9b422cf37add63796ad5e22c65841a7daf5fbde: diffstat error: diffstat: /lib64/libc.so.6: version `GLIBC_2.33' not found (required by diffstat)
diffstat: /lib64/libc.so.6: version `GLIBC_2.34' not found (required by diffstat)

Error in commit da7bb154d27d3b872867223a5df60df8f5fb6e7d: diffstat error: diffstat: /lib64/libc.so.6: version `GLIBC_2.33' not found (required by diffstat)
diffstat: /lib64/libc.so.6: version `GLIBC_2.34' not found (required by diffstat)

Error in commit c301f0981fdd3fd1ffac6836b423c4d7a8e0eb63: diffstat error: diffstat: /lib64/libc.so.6: version `GLIBC_2.33' not found (required by diffstat)
diffstat: /lib64/libc.so.6: version `GLIBC_2.34' not found (required by diffstat)

Error in commit 515f453556c99d27c4dddb5424898dc1a5537708: diffstat error: diffstat: /lib64/libc.so.6: version `GLIBC_2.33' not found (required by diffstat)
diffstat: /lib64/libc.so.6: version `GLIBC_2.34' not found (required by diffstat)

Error in commit b500a0a655809f518ed30a05ceb7262a02dbc537: diffstat error: diffstat: /lib64/libc.so.6: version `GLIBC_2.33' not found (required by diffstat)
diffstat: /lib64/libc.so.6: version `GLIBC_2.34' not found (required by diffstat)

Error in commit 4292718b9c473061ffbd5e378f36893de2953387: diffstat error: diffstat: /lib64/libc.so.6: version `GLIBC_2.33' not found (required by diffstat)
diffstat: /lib64/libc.so.6: version `GLIBC_2.34' not found (required by diffstat)

Error in commit f9fd9a1c77e48b514ebb3baf0360f87eef3d846e: diffstat error: diffstat: /lib64/libc.so.6: version `GLIBC_2.33' not found (required by diffstat)
diffstat: /lib64/libc.so.6: version `GLIBC_2.34' not found (required by diffstat)

Error in commit 59239381a88c505ab38fe64fdd92f846defa5754: diffstat error: diffstat: /lib64/libc.so.6: version `GLIBC_2.33' not found (required by diffstat)
diffstat: /lib64/libc.so.6: version `GLIBC_2.34' not found (required by diffstat)

Error in commit 34f05846aab57fe5149a35f6145d10f63c5936ce: diffstat error: diffstat: /lib64/libc.so.6: version `GLIBC_2.33' not found (required by diffstat)
diffstat: /lib64/libc.so.6: version `GLIBC_2.34' not found (required by diffstat)

Error in commit 3669341c4d014016c059668d98e82bbec52d659f: diffstat error: diffstat: /lib64/libc.so.6: version `GLIBC_2.33' not found (required by diffstat)
diffstat: /lib64/libc.so.6: version `GLIBC_2.34' not found (required by diffstat)

Error in commit 69eb9aa9f553737e6d62c10f9a126d1c7864ff10: diffstat error: diffstat: /lib64/libc.so.6: version `GLIBC_2.33' not found (required by diffstat)
diffstat: /lib64/libc.so.6: version `GLIBC_2.34' not found (required by diffstat)

Error in commit 14b061483838613e03d143ed062c624c72c31523: diffstat error: diffstat: /lib64/libc.so.6: version `GLIBC_2.33' not found (required by diffstat)
diffstat: /lib64/libc.so.6: version `GLIBC_2.34' not found (required by diffstat)

Error in commit e1869863c06db7fbb366ae53760fbe6e754be026: diffstat error: diffstat: /lib64/libc.so.6: version `GLIBC_2.33' not found (required by diffstat)
diffstat: /lib64/libc.so.6: version `GLIBC_2.34' not found (required by diffstat)

Error in commit b2c81bb9e80aed27c32f29cc36f181149c57f18f: diffstat error: diffstat: /lib64/libc.so.6: version `GLIBC_2.33' not found (required by diffstat)
diffstat: /lib64/libc.so.6: version `GLIBC_2.34' not found (required by diffstat)

Error in commit c3720cff158c265dec2a0c6104b1d65954ae6bfd: diffstat error: diffstat: /lib64/libc.so.6: version `GLIBC_2.33' not found (required by diffstat)
diffstat: /lib64/libc.so.6: version `GLIBC_2.34' not found (required by diffstat)

Error in commit c2dc6867425ec5abb964e1625f7dfaa6fcce3d1b: diffstat error: diffstat: /lib64/libc.so.6: version `GLIBC_2.33' not found (required by diffstat)
diffstat: /lib64/libc.so.6: version `GLIBC_2.34' not found (required by diffstat)

Error in commit 415b036dca5cb89409d2002b366ee489755d5d37: diffstat error: diffstat: /lib64/libc.so.6: version `GLIBC_2.33' not found (required by diffstat)
diffstat: /lib64/libc.so.6: version `GLIBC_2.34' not found (required by diffstat)

Error in commit f7e164064b4b06003da95d26a0498a23e9b59aa3: diffstat error: diffstat: /lib64/libc.so.6: version `GLIBC_2.33' not found (required by diffstat)
diffstat: /lib64/libc.so.6: version `GLIBC_2.34' not found (required by diffstat)

Error in commit d377fe0dc60519c0a3cc4bd2c5a981fa83626e98: diffstat error: diffstat: /lib64/libc.so.6: version `GLIBC_2.33' not found (required by diffstat)
diffstat: /lib64/libc.so.6: version `GLIBC_2.34' not found (required by diffstat)

Error in commit 7e4d731b1c07201ad9374c1cd9ac5263bdf35bce: diffstat error: diffstat: /lib64/libc.so.6: version `GLIBC_2.33' not found (required by diffstat)
diffstat: /lib64/libc.so.6: version `GLIBC_2.34' not found (required by diffstat)

Error in commit 07927bedf3667f9a9148fb5670fb06124ae8fa59: diffstat error: diffstat: /lib64/libc.so.6: version `GLIBC_2.33' not found (required by diffstat)
diffstat: /lib64/libc.so.6: version `GLIBC_2.34' not found (required by diffstat)

Error in commit 5a9639f09c138cb489ef5d8f8b20fc28b542e37f: diffstat error: diffstat: /lib64/libc.so.6: version `GLIBC_2.33' not found (required by diffstat)
diffstat: /lib64/libc.so.6: version `GLIBC_2.34' not found (required by diffstat)

Error in commit 99df2e23423a8bb27eeca0c696de44a9dbb1f843: diffstat error: diffstat: /lib64/libc.so.6: version `GLIBC_2.33' not found (required by diffstat)
diffstat: /lib64/libc.so.6: version `GLIBC_2.34' not found (required by diffstat)

Error in commit ee243d17aa66d63bc9b9a4f2654906bd9c8c8a1e: diffstat error: diffstat: /lib64/libc.so.6: version `GLIBC_2.33' not found (required by diffstat)
diffstat: /lib64/libc.so.6: version `GLIBC_2.34' not found (required by diffstat)

Error in commit 7474c819587a138b458e898847fbce93e1dd1d65: diffstat error: diffstat: /lib64/libc.so.6: version `GLIBC_2.33' not found (required by diffstat)
diffstat: /lib64/libc.so.6: version `GLIBC_2.34' not found (required by diffstat)

Error in commit da58c23048d9323c038ad4300df0fc4a0c742647: diffstat error: diffstat: /lib64/libc.so.6: version `GLIBC_2.33' not found (required by diffstat)
diffstat: /lib64/libc.so.6: version `GLIBC_2.34' not found (required by diffstat)

Error in commit 12af8413417d5ad693348ee5b140a426471b0be6: diffstat error: diffstat: /lib64/libc.so.6: version `GLIBC_2.33' not found (required by diffstat)
diffstat: /lib64/libc.so.6: version `GLIBC_2.34' not found (required by diffstat)

Error in commit ff83d851b4b39ff2fd37ab2ab14365649515b023: diffstat error: diffstat: /lib64/libc.so.6: version `GLIBC_2.33' not found (required by diffstat)
diffstat: /lib64/libc.so.6: version `GLIBC_2.34' not found (required by diffstat)

Error in commit 42459e4273c2e47a3232cc16c4f4fff3b3a35c38: diffstat error: diffstat: /lib64/libc.so.6: version `GLIBC_2.33' not found (required by diffstat)
diffstat: /lib64/libc.so.6: version `GLIBC_2.34' not found (required by diffstat)

Error in commit 58d6dff5e52010bfe49659fe4bc2bad329a9888e: diffstat error: diffstat: /lib64/libc.so.6: version `GLIBC_2.33' not found (required by diffstat)
diffstat: /lib64/libc.so.6: version `GLIBC_2.34' not found (required by diffstat)

Error in commit faddd99f2b9408b524e5eb8a01589fe1fa282df2: SHA b'faddd99f2b9408b524e5eb8a01589fe1fa282df2' could not be resolved, git returned: b'faddd99f2b9408b524e5eb8a01589fe1fa282df2 missing'
Error in commit f66e5d686343c0e3a5880671008826445c75e301: diffstat error: diffstat: /lib64/libc.so.6: version `GLIBC_2.33' not found (required by diffstat)
diffstat: /lib64/libc.so.6: version `GLIBC_2.34' not found (required by diffstat)

Error in commit 9b0b843b80621a8138c2ecad60fec7207d6ab7b2: diffstat error: diffstat: /lib64/libc.so.6: version `GLIBC_2.33' not found (required by diffstat)
diffstat: /lib64/libc.so.6: version `GLIBC_2.34' not found (required by diffstat)

Error in commit e36b9d16c6a6d0f59803b3ef04ff3c22c3844c10: diffstat error: diffstat: /lib64/libc.so.6: version `GLIBC_2.33' not found (required by diffstat)
diffstat: /lib64/libc.so.6: version `GLIBC_2.34' not found (required by diffstat)

Error in commit 371528caec553785c37f73fa3926ea0de84f986f: diffstat error: diffstat: /lib64/libc.so.6: version `GLIBC_2.33' not found (required by diffstat)
diffstat: /lib64/libc.so.6: version `GLIBC_2.34' not found (required by diffstat)

Error in commit 9438fabb73eb48055b58b89fc51e0bc4db22fabd: diffstat error: diffstat: /lib64/libc.so.6: version `GLIBC_2.33' not found (required by diffstat)
diffstat: /lib64/libc.so.6: version `GLIBC_2.34' not found (required by diffstat)

Error in commit 2b472611a32a72f4a118c069c2d62a1a3f087afd: diffstat error: diffstat: /lib64/libc.so.6: version `GLIBC_2.33' not found (required by diffstat)
diffstat: /lib64/libc.so.6: version `GLIBC_2.34' not found (required by diffstat)

Error in commit 526b4af47f44148c9d665e57723ed9f86634c6e3: diffstat error: diffstat: /lib64/libc.so.6: version `GLIBC_2.33' not found (required by diffstat)
diffstat: /lib64/libc.so.6: version `GLIBC_2.34' not found (required by diffstat)

Error in commit ad389da79f7bf9dc12dbc79c9c2740f9ed2f13d1: diffstat error: diffstat: /lib64/libc.so.6: version `GLIBC_2.33' not found (required by diffstat)
diffstat: /lib64/libc.so.6: version `GLIBC_2.34' not found (required by diffstat)

Error in commit 1859fdb4e67c49c463c4e0078054335cd46ba295: diffstat error: diffstat: /lib64/libc.so.6: version `GLIBC_2.33' not found (required by diffstat)
diffstat: /lib64/libc.so.6: version `GLIBC_2.34' not found (required by diffstat)

Error in commit 582c133173e8fbc8ff25a6181a5dbe57a62d5242: diffstat error: diffstat: /lib64/libc.so.6: version `GLIBC_2.33' not found (required by diffstat)
diffstat: /lib64/libc.so.6: version `GLIBC_2.34' not found (required by diffstat)

Error in commit 0a816876ee786a1fa5ba3dc09886fa44319d6a31: diffstat error: diffstat: /lib64/libc.so.6: version `GLIBC_2.33' not found (required by diffstat)
diffstat: /lib64/libc.so.6: version `GLIBC_2.34' not found (required by diffstat)

Error in commit a1b0f6a231a67e899b97a0f2a7fd2f2238f706a0: diffstat error: diffstat: /lib64/libc.so.6: version `GLIBC_2.33' not found (required by diffstat)
diffstat: /lib64/libc.so.6: version `GLIBC_2.34' not found (required by diffstat)

Error in commit 537dc488d3412f3b2b27b3ee79478ee40e4762c5: diffstat error: diffstat: /lib64/libc.so.6: version `GLIBC_2.33' not found (required by diffstat)
diffstat: /lib64/libc.so.6: version `GLIBC_2.34' not found (required by diffstat)

Error in commit 1aec04dbf8a24b8a6ba64c4f74efa0628e36db0b: diffstat error: diffstat: /lib64/libc.so.6: version `GLIBC_2.33' not found (required by diffstat)
diffstat: /lib64/libc.so.6: version `GLIBC_2.34' not found (required by diffstat)

Error in commit 52c049c8d7e5058b2e16a598058381fdc9e38e37: diffstat error: diffstat: /lib64/libc.so.6: version `GLIBC_2.33' not found (required by diffstat)
diffstat: /lib64/libc.so.6: version `GLIBC_2.34' not found (required by diffstat)

Error in commit 901672189f6d1d1251df84d945bb3cd9c210a066: diffstat error: diffstat: /lib64/libc.so.6: version `GLIBC_2.33' not found (required by diffstat)
diffstat: /lib64/libc.so.6: version `GLIBC_2.34' not found (required by diffstat)

Error in commit 83231d0ab5ed60015797c3d1ad9056295ac3b2bb: diffstat error: diffstat: /lib64/libc.so.6: version `GLIBC_2.33' not found (required by diffstat)
diffstat: /lib64/libc.so.6: version `GLIBC_2.34' not found (required by diffstat)

Error in commit be9df82919960214ee4b9d3313523bff44fd99e1: diffstat error: diffstat: /lib64/libc.so.6: version `GLIBC_2.33' not found (required by diffstat)
diffstat: /lib64/libc.so.6: version `GLIBC_2.34' not found (required by diffstat)

Error in commit e35a4171fe47dfbf847e08988ea6cec4dfc8d124: diffstat error: diffstat: /lib64/libc.so.6: version `GLIBC_2.33' not found (required by diffstat)
diffstat: /lib64/libc.so.6: version `GLIBC_2.34' not found (required by diffstat)

Error in commit 2965eca30c408c13473c4146a9d47d547d288db1: diffstat error: diffstat: /lib64/libc.so.6: version `GLIBC_2.33' not found (required by diffstat)
diffstat: /lib64/libc.so.6: version `GLIBC_2.34' not found (required by diffstat)

Error in commit f18a119ac057a3256efffb3ec7d131949ccf48d3: diffstat error: diffstat: /lib64/libc.so.6: version `GLIBC_2.33' not found (required by diffstat)
diffstat: /lib64/libc.so.6: version `GLIBC_2.34' not found (required by diffstat)

Error in commit 1a5a9906d4e8d1976b701f889d8f35d54b928f25: diffstat error: diffstat: /lib64/libc.so.6: version `GLIBC_2.33' not found (required by diffstat)
diffstat: /lib64/libc.so.6: version `GLIBC_2.34' not found (required by diffstat)

Error in commit 4b17d50f9e9034be3fe0414dc3492c0071dba75c: diffstat error: diffstat: /lib64/libc.so.6: version `GLIBC_2.33' not found (required by diffstat)
diffstat: /lib64/libc.so.6: version `GLIBC_2.34' not found (required by diffstat)

Error in commit ed6fe9d614fc1bca95eb8c0ccd0e92db00ef9d5d: diffstat error: diffstat: /lib64/libc.so.6: version `GLIBC_2.33' not found (required by diffstat)
diffstat: /lib64/libc.so.6: version `GLIBC_2.34' not found (required by diffstat)

Error in commit a6f76f23d297f70e2a6b3ec607f7aeeea9e37e8d: diffstat error: diffstat: /lib64/libc.so.6: version `GLIBC_2.33' not found (required by diffstat)
diffstat: /lib64/libc.so.6: version `GLIBC_2.34' not found (required by diffstat)

Error in commit 71fe804b6d56d6a7aed680e096901434cef6a2c3: diffstat error: diffstat: /lib64/libc.so.6: version `GLIBC_2.33' not found (required by diffstat)
diffstat: /lib64/libc.so.6: version `GLIBC_2.34' not found (required by diffstat)

Error in commit 553f9008939638335836eec834f4dea310c17eae: diffstat error: diffstat: /lib64/libc.so.6: version `GLIBC_2.33' not found (required by diffstat)
diffstat: /lib64/libc.so.6: version `GLIBC_2.34' not found (required by diffstat)

Error in commit 792608e9c215141fa4b870b7b2a23767a1ef12f4: diffstat error: diffstat: /lib64/libc.so.6: version `GLIBC_2.33' not found (required by diffstat)
diffstat: /lib64/libc.so.6: version `GLIBC_2.34' not found (required by diffstat)

Error in commit 8d0c2d10dd72c5292eda7a06231056a4c972e4cc: diffstat error: diffstat: /lib64/libc.so.6: version `GLIBC_2.33' not found (required by diffstat)
diffstat: /lib64/libc.so.6: version `GLIBC_2.34' not found (required by diffstat)

Error in commit e3211c120a85b792978bcb4be7b2886df18d27f0: diffstat error: diffstat: /lib64/libc.so.6: version `GLIBC_2.33' not found (required by diffstat)
diffstat: /lib64/libc.so.6: version `GLIBC_2.34' not found (required by diffstat)

Error in commit f8e9881c2aef1e982e5abc25c046820cd0b7cf64: diffstat error: diffstat: /lib64/libc.so.6: version `GLIBC_2.33' not found (required by diffstat)
diffstat: /lib64/libc.so.6: version `GLIBC_2.34' not found (required by diffstat)

Error in commit 2f912f5b33582961b1cdbd9fd828589f8b78f21d: diffstat error: diffstat: /lib64/libc.so.6: version `GLIBC_2.33' not found (required by diffstat)
diffstat: /lib64/libc.so.6: version `GLIBC_2.34' not found (required by diffstat)

Error in commit 97b1bd7db833ff6c303ef0871b8e31f4434bf33c: diffstat error: diffstat: /lib64/libc.so.6: version `GLIBC_2.33' not found (required by diffstat)
diffstat: /lib64/libc.so.6: version `GLIBC_2.34' not found (required by diffstat)

Error in commit 1fc29bacedeabb278080e31bb9c1ecb49f143c3b: diffstat error: diffstat: /lib64/libc.so.6: version `GLIBC_2.33' not found (required by diffstat)
diffstat: /lib64/libc.so.6: version `GLIBC_2.34' not found (required by diffstat)

Error in commit c460b662d5cae467f1c341c59b02a5c5e68fed0b: diffstat error: diffstat: /lib64/libc.so.6: version `GLIBC_2.33' not found (required by diffstat)
diffstat: /lib64/libc.so.6: version `GLIBC_2.34' not found (required by diffstat)

Error in commit e7580666832a8dca41db191b2c447380942e86a2: diffstat error: diffstat: /lib64/libc.so.6: version `GLIBC_2.33' not found (required by diffstat)
diffstat: /lib64/libc.so.6: version `GLIBC_2.34' not found (required by diffstat)

Error in commit 1374499aaa7d8e596099b2bfb64a021ef3e93616: diffstat error: diffstat: /lib64/libc.so.6: version `GLIBC_2.33' not found (required by diffstat)
diffstat: /lib64/libc.so.6: version `GLIBC_2.34' not found (required by diffstat)

Error in commit 228326418ae7afadfd3c6dbf6e07eec8fdeb6b7c: diffstat error: diffstat: /lib64/libc.so.6: version `GLIBC_2.33' not found (required by diffstat)
diffstat: /lib64/libc.so.6: version `GLIBC_2.34' not found (required by diffstat)

Error in commit 32a48d6da5161252ab53a7442106680a1fb0adb5: diffstat error: diffstat: /lib64/libc.so.6: version `GLIBC_2.33' not found (required by diffstat)
diffstat: /lib64/libc.so.6: version `GLIBC_2.34' not found (required by diffstat)

Error in commit 174cc2c30f4df616c8fbc9f910c3117e965fbb34: diffstat error: diffstat: /lib64/libc.so.6: version `GLIBC_2.33' not found (required by diffstat)
diffstat: /lib64/libc.so.6: version `GLIBC_2.34' not found (required by diffstat)

Error in commit 2960576378d17d71cc8dccc926352ce568b5eec1: diffstat error: diffstat: /lib64/libc.so.6: version `GLIBC_2.33' not found (required by diffstat)
diffstat: /lib64/libc.so.6: version `GLIBC_2.34' not found (required by diffstat)

Error in commit 29ffeef5e73b8f41ff3a3f2242d356759c66f91f: diffstat error: diffstat: /lib64/libc.so.6: version `GLIBC_2.33' not found (required by diffstat)
diffstat: /lib64/libc.so.6: version `GLIBC_2.34' not found (required by diffstat)

Error in commit 780669ef7c23c00836a24921fcc6b03be2b8ca4a: diffstat error: diffstat: /lib64/libc.so.6: version `GLIBC_2.33' not found (required by diffstat)
diffstat: /lib64/libc.so.6: version `GLIBC_2.34' not found (required by diffstat)

Error in commit 5cd57e8758e336e86698d4994ee088077869e42d: diffstat error: diffstat: /lib64/libc.so.6: version `GLIBC_2.33' not found (required by diffstat)
diffstat: /lib64/libc.so.6: version `GLIBC_2.34' not found (required by diffstat)

Error in commit f31011e9abfb2ae75bb32bc44e2c34194c8dc40a: diffstat error: diffstat: /lib64/libc.so.6: version `GLIBC_2.33' not found (required by diffstat)
diffstat: /lib64/libc.so.6: version `GLIBC_2.34' not found (required by diffstat)

Error in commit c26d6b46da3ee86fa8a864347331e5513ca84c2b: diffstat error: diffstat: /lib64/libc.so.6: version `GLIBC_2.33' not found (required by diffstat)
diffstat: /lib64/libc.so.6: version `GLIBC_2.34' not found (required by diffstat)

Error in commit 9b3e617f3df53822345a8573b6d358f6b9e5ed87: diffstat error: diffstat: /lib64/libc.so.6: version `GLIBC_2.33' not found (required by diffstat)
diffstat: /lib64/libc.so.6: version `GLIBC_2.34' not found (required by diffstat)

Error in commit 263b4509ec4d47e0da3e753f85a39ea12d1eff24: diffstat error: diffstat: /lib64/libc.so.6: version `GLIBC_2.33' not found (required by diffstat)
diffstat: /lib64/libc.so.6: version `GLIBC_2.34' not found (required by diffstat)

Error in commit fa6a76050d82894365dfe32916903ef7fee3ffcd: diffstat error: diffstat: /lib64/libc.so.6: version `GLIBC_2.33' not found (required by diffstat)
diffstat: /lib64/libc.so.6: version `GLIBC_2.34' not found (required by diffstat)

Error in commit 5a3da366268825b26b470cde35658b67c1d11cd4: diffstat error: diffstat: /lib64/libc.so.6: version `GLIBC_2.33' not found (required by diffstat)
diffstat: /lib64/libc.so.6: version `GLIBC_2.34' not found (required by diffstat)

Error in commit 3336b5448f12c9eb25bf7a0cecda1315c4cf07ea: diffstat error: diffstat: /lib64/libc.so.6: version `GLIBC_2.33' not found (required by diffstat)
diffstat: /lib64/libc.so.6: version `GLIBC_2.34' not found (required by diffstat)

Error in commit b8acc83781d5a24cc5101e525d15efe0482c280d: diffstat error: diffstat: /lib64/libc.so.6: version `GLIBC_2.33' not found (required by diffstat)
diffstat: /lib64/libc.so.6: version `GLIBC_2.34' not found (required by diffstat)

Error in commit dfe012e4dbdbf8bb98e340f6577972e7225a525a: diffstat error: diffstat: /lib64/libc.so.6: version `GLIBC_2.33' not found (required by diffstat)
diffstat: /lib64/libc.so.6: version `GLIBC_2.34' not found (required by diffstat)

Error in commit 6d209c1c489457397a5763bca4b28e43aac90391: diffstat error: diffstat: /lib64/libc.so.6: version `GLIBC_2.33' not found (required by diffstat)
diffstat: /lib64/libc.so.6: version `GLIBC_2.34' not found (required by diffstat)

Error in commit db2c31efc63a751c3dac7926ee077d1fc1c3bdbb: diffstat error: diffstat: /lib64/libc.so.6: version `GLIBC_2.33' not found (required by diffstat)
diffstat: /lib64/libc.so.6: version `GLIBC_2.34' not found (required by diffstat)

Error in commit ee7a2083c840c56e4ec5d7002308b80d556b4daf: diffstat error: diffstat: /lib64/libc.so.6: version `GLIBC_2.33' not found (required by diffstat)
diffstat: /lib64/libc.so.6: version `GLIBC_2.34' not found (required by diffstat)

Error in commit 4378915a33ab7fbbb5874f79dd7cd71b014ef44e: diffstat error: diffstat: /lib64/libc.so.6: version `GLIBC_2.33' not found (required by diffstat)
diffstat: /lib64/libc.so.6: version `GLIBC_2.34' not found (required by diffstat)

Error in commit 293d9d3f: diffstat error: diffstat: /lib64/libc.so.6: version `GLIBC_2.33' not found (required by diffstat)
diffstat: /lib64/libc.so.6: version `GLIBC_2.34' not found (required by diffstat)

Error in commit 5a170323dd00587db135d18c4bf04a45f0adc24f: diffstat error: diffstat: /lib64/libc.so.6: version `GLIBC_2.33' not found (required by diffstat)
diffstat: /lib64/libc.so.6: version `GLIBC_2.34' not found (required by diffstat)

Error in commit 8e8f6cc6a220b2e7e720b879aa5d9e44db394670: diffstat error: diffstat: /lib64/libc.so.6: version `GLIBC_2.33' not found (required by diffstat)
diffstat: /lib64/libc.so.6: version `GLIBC_2.34' not found (required by diffstat)

Error in commit 86acdca1b63e6890540fa19495cfc708beff3d8b: diffstat error: diffstat: /lib64/libc.so.6: version `GLIBC_2.33' not found (required by diffstat)
diffstat: /lib64/libc.so.6: version `GLIBC_2.34' not found (required by diffstat)

Error in commit 5ebf250dabbae83ad875f0dda5a108503cf78f3b: diffstat error: diffstat: /lib64/libc.so.6: version `GLIBC_2.33' not found (required by diffstat)
diffstat: /lib64/libc.so.6: version `GLIBC_2.34' not found (required by diffstat)

Error in commit 7ada876a8703f23befbb20a7465a702ee39b1704: diffstat error: diffstat: /lib64/libc.so.6: version `GLIBC_2.33' not found (required by diffstat)
diffstat: /lib64/libc.so.6: version `GLIBC_2.34' not found (required by diffstat)

Error in commit b69040d8e39f20d5215a03502a8e8b4c6ab78395: diffstat error: diffstat: /lib64/libc.so.6: version `GLIBC_2.33' not found (required by diffstat)
diffstat: /lib64/libc.so.6: version `GLIBC_2.34' not found (required by diffstat)

Error in commit b20591886ed71a57cc0c2e14661c2e195529c79b: diffstat error: diffstat: /lib64/libc.so.6: version `GLIBC_2.33' not found (required by diffstat)
diffstat: /lib64/libc.so.6: version `GLIBC_2.34' not found (required by diffstat)

Error in commit 610bfc6bc99bc83680d190ebc69359a05fc7f605: diffstat error: diffstat: /lib64/libc.so.6: version `GLIBC_2.33' not found (required by diffstat)
diffstat: /lib64/libc.so.6: version `GLIBC_2.34' not found (required by diffstat)

Error in commit 1440ab035ba04550ddbbfbff1ee9b5571e3d95db: diffstat error: diffstat: /lib64/libc.so.6: version `GLIBC_2.33' not found (required by diffstat)
diffstat: /lib64/libc.so.6: version `GLIBC_2.34' not found (required by diffstat)

Error in commit 81658ad0d92306ceb271994b90cd49ffde10eeda: diffstat error: diffstat: /lib64/libc.so.6: version `GLIBC_2.33' not found (required by diffstat)
diffstat: /lib64/libc.so.6: version `GLIBC_2.34' not found (required by diffstat)

Error in commit c5aac2df6577636ef526d87ec6d92796a190b27f: diffstat error: diffstat: /lib64/libc.so.6: version `GLIBC_2.33' not found (required by diffstat)
diffstat: /lib64/libc.so.6: version `GLIBC_2.34' not found (required by diffstat)

Error in commit 974e4b752ee623854c5dc2bbfc7c7725029ce173: diffstat error: diffstat: /lib64/libc.so.6: version `GLIBC_2.33' not found (required by diffstat)
diffstat: /lib64/libc.so.6: version `GLIBC_2.34' not found (required by diffstat)

Error in commit 9d1b39a967871b7c69025dba7b7bdaee42871021: diffstat error: diffstat: /lib64/libc.so.6: version `GLIBC_2.33' not found (required by diffstat)
diffstat: /lib64/libc.so.6: version `GLIBC_2.34' not found (required by diffstat)

Error in commit 72651cac884b1e285fa8e8314b10e9f1b8458802: diffstat error: diffstat: /lib64/libc.so.6: version `GLIBC_2.33' not found (required by diffstat)
diffstat: /lib64/libc.so.6: version `GLIBC_2.34' not found (required by diffstat)

Error in commit 590232a7150674b2036291eaefce085f3f9659c8: diffstat error: diffstat: /lib64/libc.so.6: version `GLIBC_2.33' not found (required by diffstat)
diffstat: /lib64/libc.so.6: version `GLIBC_2.34' not found (required by diffstat)

Error in commit b3147863b523912633bfd4876d242cd5ae7d8e7a: diffstat error: diffstat: /lib64/libc.so.6: version `GLIBC_2.33' not found (required by diffstat)
diffstat: /lib64/libc.so.6: version `GLIBC_2.34' not found (required by diffstat)

Error in commit 3094141c6532a4f748425c21c091001f218da8ae: diffstat error: diffstat: /lib64/libc.so.6: version `GLIBC_2.33' not found (required by diffstat)
diffstat: /lib64/libc.so.6: version `GLIBC_2.34' not found (required by diffstat)

Error in commit 4b6184336ebb5c8dc1eae7f7ab46ee608a748b05: diffstat error: diffstat: /lib64/libc.so.6: version `GLIBC_2.33' not found (required by diffstat)
diffstat: /lib64/libc.so.6: version `GLIBC_2.34' not found (required by diffstat)

Error in commit 8b13eddfdf04cbfa561725cfc42d6868fe896f56: diffstat error: diffstat: /lib64/libc.so.6: version `GLIBC_2.33' not found (required by diffstat)
diffstat: /lib64/libc.so.6: version `GLIBC_2.34' not found (required by diffstat)

Error in commit 9bac3d6d548e5cc925570b263f35b70a00a00ffd: diffstat error: diffstat: /lib64/libc.so.6: version `GLIBC_2.33' not found (required by diffstat)
diffstat: /lib64/libc.so.6: version `GLIBC_2.34' not found (required by diffstat)

Error in commit 8b8addf891de8a00e4d39fc32f93f7c5eb8feceb: diffstat error: diffstat: /lib64/libc.so.6: version `GLIBC_2.33' not found (required by diffstat)
diffstat: /lib64/libc.so.6: version `GLIBC_2.34' not found (required by diffstat)

Error in commit 0390131ba84fd3f726f9e24fc4553828125700bb: diffstat error: diffstat: /lib64/libc.so.6: version `GLIBC_2.33' not found (required by diffstat)
diffstat: /lib64/libc.so.6: version `GLIBC_2.34' not found (required by diffstat)

Error in commit 9c6ba456711687b794dcf285856fc14e2c76074f: diffstat error: diffstat: /lib64/libc.so.6: version `GLIBC_2.33' not found (required by diffstat)
diffstat: /lib64/libc.so.6: version `GLIBC_2.34' not found (required by diffstat)

Error in commit 0a6eef9795bbaca7f4f14e45ac96ea1e82884a1b: diffstat error: diffstat: /lib64/libc.so.6: version `GLIBC_2.33' not found (required by diffstat)
diffstat: /lib64/libc.so.6: version `GLIBC_2.34' not found (required by diffstat)

Error in commit 5f8e44741f9f216e33736ea4ec65ca9ac03036e6: diffstat error: diffstat: /lib64/libc.so.6: version `GLIBC_2.33' not found (required by diffstat)
diffstat: /lib64/libc.so.6: version `GLIBC_2.34' not found (required by diffstat)

Error in commit c597156adc60a45b5f827793cd420945f47bc03b: diffstat error: diffstat: /lib64/libc.so.6: version `GLIBC_2.33' not found (required by diffstat)
diffstat: /lib64/libc.so.6: version `GLIBC_2.34' not found (required by diffstat)

Error in commit ba197431a4e879ac6323dbc128a0a07bf3908a7c: diffstat error: diffstat: /lib64/libc.so.6: version `GLIBC_2.33' not found (required by diffstat)
diffstat: /lib64/libc.so.6: version `GLIBC_2.34' not found (required by diffstat)

Error in commit 56a851bd73b1dd23e153568ba39f6036e01f97e6: diffstat error: diffstat: /lib64/libc.so.6: version `GLIBC_2.33' not found (required by diffstat)
diffstat: /lib64/libc.so.6: version `GLIBC_2.34' not found (required by diffstat)

Error in commit 2af9a55b38b55abbf05fd116ec097d4029115839: diffstat error: diffstat: /lib64/libc.so.6: version `GLIBC_2.33' not found (required by diffstat)
diffstat: /lib64/libc.so.6: version `GLIBC_2.34' not found (required by diffstat)

Error in commit a4892df306e0532487f1634ba6d4c6d4bb381c7f: diffstat error: diffstat: /lib64/libc.so.6: version `GLIBC_2.33' not found (required by diffstat)
diffstat: /lib64/libc.so.6: version `GLIBC_2.34' not found (required by diffstat)

Error in commit 04c2d9d32a7dad6a4830bca132fc4ca72b276ac6: diffstat error: diffstat: /lib64/libc.so.6: version `GLIBC_2.33' not found (required by diffstat)
diffstat: /lib64/libc.so.6: version `GLIBC_2.34' not found (required by diffstat)

Error in commit d1bf207d30fe62a15d0e8669d186374c68e6eae8: diffstat error: diffstat: /lib64/libc.so.6: version `GLIBC_2.33' not found (required by diffstat)
diffstat: /lib64/libc.so.6: version `GLIBC_2.34' not found (required by diffstat)

Error in commit 9c6f27c7bf7cb9dee234383ed9347c077aa2bce9: diffstat error: diffstat: /lib64/libc.so.6: version `GLIBC_2.33' not found (required by diffstat)
diffstat: /lib64/libc.so.6: version `GLIBC_2.34' not found (required by diffstat)

Error in commit 152d6d95632d8b9477c170f1de99bcd86d7fb1d6: diffstat error: diffstat: /lib64/libc.so.6: version `GLIBC_2.33' not found (required by diffstat)
diffstat: /lib64/libc.so.6: version `GLIBC_2.34' not found (required by diffstat)

Error in commit 6fa81707feb186fbff660afc3ddd2e7575dcd9c2: diffstat error: diffstat: /lib64/libc.so.6: version `GLIBC_2.33' not found (required by diffstat)
diffstat: /lib64/libc.so.6: version `GLIBC_2.34' not found (required by diffstat)

Error in commit 746f1e558bc52b9693c1a1ecdab60f8392e5ff18: diffstat error: diffstat: /lib64/libc.so.6: version `GLIBC_2.33' not found (required by diffstat)
diffstat: /lib64/libc.so.6: version `GLIBC_2.34' not found (required by diffstat)

Error in commit bc07c2c6e9ed125d362af0214b6313dca180cb08: diffstat error: diffstat: /lib64/libc.so.6: version `GLIBC_2.33' not found (required by diffstat)
diffstat: /lib64/libc.so.6: version `GLIBC_2.34' not found (required by diffstat)

Error in commit 3840a06e6046aaee95f33a120499d2dc8c054b9d: diffstat error: diffstat: /lib64/libc.so.6: version `GLIBC_2.33' not found (required by diffstat)
diffstat: /lib64/libc.so.6: version `GLIBC_2.34' not found (required by diffstat)

Error in commit 11f3710417d026ea2f4fcf362d866342c5274185: diffstat error: diffstat: /lib64/libc.so.6: version `GLIBC_2.33' not found (required by diffstat)
diffstat: /lib64/libc.so.6: version `GLIBC_2.34' not found (required by diffstat)

Error in commit 9da177f8d528bad849e5fb0c38e09369a2015f61: diffstat error: diffstat: /lib64/libc.so.6: version `GLIBC_2.33' not found (required by diffstat)
diffstat: /lib64/libc.so.6: version `GLIBC_2.34' not found (required by diffstat)

Error in commit 3403b88453284c47cdee0882ef067468a7ec62c4: diffstat error: diffstat: /lib64/libc.so.6: version `GLIBC_2.33' not found (required by diffstat)
diffstat: /lib64/libc.so.6: version `GLIBC_2.34' not found (required by diffstat)

Error in commit 7132813c384515c9dede1ae20e56f3895feb7f1e: diffstat error: diffstat: /lib64/libc.so.6: version `GLIBC_2.33' not found (required by diffstat)
diffstat: /lib64/libc.so.6: version `GLIBC_2.34' not found (required by diffstat)

Error in commit bb1fceca22492109be12640d49f5ea5a544c6bb4: diffstat error: diffstat: /lib64/libc.so.6: version `GLIBC_2.33' not found (required by diffstat)
diffstat: /lib64/libc.so.6: version `GLIBC_2.34' not found (required by diffstat)

Error in commit 722887ddc8982ff40e40b650fbca9ae1e56259bc: diffstat error: diffstat: /lib64/libc.so.6: version `GLIBC_2.33' not found (required by diffstat)
diffstat: /lib64/libc.so.6: version `GLIBC_2.34' not found (required by diffstat)

Error in commit c76acec6d55107b652a37c90b36c00bc8b04dabb: diffstat error: diffstat: /lib64/libc.so.6: version `GLIBC_2.33' not found (required by diffstat)
diffstat: /lib64/libc.so.6: version `GLIBC_2.34' not found (required by diffstat)

Error in commit 37bdbf00c618203467a17d01a4dfae324a818022: diffstat error: diffstat: /lib64/libc.so.6: version `GLIBC_2.33' not found (required by diffstat)
diffstat: /lib64/libc.so.6: version `GLIBC_2.34' not found (required by diffstat)

Error in commit 53110871935244816bbb9d131da0bccff734bfe9: diffstat error: diffstat: /lib64/libc.so.6: version `GLIBC_2.33' not found (required by diffstat)
diffstat: /lib64/libc.so.6: version `GLIBC_2.34' not found (required by diffstat)

Error in commit 493f11ec089e338581d6c9f21641f12c5ddaa733: diffstat error: diffstat: /lib64/libc.so.6: version `GLIBC_2.33' not found (required by diffstat)
diffstat: /lib64/libc.so.6: version `GLIBC_2.34' not found (required by diffstat)

Error in commit e20413bf6b872a8c23f1704a89295c5897347c9d: diffstat error: diffstat: /lib64/libc.so.6: version `GLIBC_2.33' not found (required by diffstat)
diffstat: /lib64/libc.so.6: version `GLIBC_2.34' not found (required by diffstat)

Error in commit 863d37ea66d5c960db08d6f4a2cbd2518f0f80d1: SHA b'863d37ea66d5c960db08d6f4a2cbd2518f0f80d1' could not be resolved, git returned: b'863d37ea66d5c960db08d6f4a2cbd2518f0f80d1 missing'
Error in commit ac8147a06ed2e2403fb6b9a0c03e618a9333c0e9: diffstat error: diffstat: /lib64/libc.so.6: version `GLIBC_2.33' not found (required by diffstat)
diffstat: /lib64/libc.so.6: version `GLIBC_2.34' not found (required by diffstat)

Error in commit 416ca8d0db1853e0772e35b80f4c58f29e984e7a: diffstat error: diffstat: /lib64/libc.so.6: version `GLIBC_2.33' not found (required by diffstat)
diffstat: /lib64/libc.so.6: version `GLIBC_2.34' not found (required by diffstat)

Error in commit a7bb158b7bedd1449a34432feb3a67c8f1873bfa: diffstat error: diffstat: /lib64/libc.so.6: version `GLIBC_2.33' not found (required by diffstat)
diffstat: /lib64/libc.so.6: version `GLIBC_2.34' not found (required by diffstat)

Error in commit b11342ec89ef18b55828c089d36924a8ecc3dfd5: diffstat error: diffstat: /lib64/libc.so.6: version `GLIBC_2.33' not found (required by diffstat)
diffstat: /lib64/libc.so.6: version `GLIBC_2.34' not found (required by diffstat)

Error in commit 2ca31fa63c01322708a71c585c6c4ae580ecc600: diffstat error: diffstat: /lib64/libc.so.6: version `GLIBC_2.33' not found (required by diffstat)
diffstat: /lib64/libc.so.6: version `GLIBC_2.34' not found (required by diffstat)

Error in commit d4ac2f613ddc7b28f60df16aa5072647408891ce: diffstat error: diffstat: /lib64/libc.so.6: version `GLIBC_2.33' not found (required by diffstat)
diffstat: /lib64/libc.so.6: version `GLIBC_2.34' not found (required by diffstat)

Error in commit 2356aaeb2f58f491679dc0c38bc3f6dbe54e7ded: diffstat error: diffstat: /lib64/libc.so.6: version `GLIBC_2.33' not found (required by diffstat)
diffstat: /lib64/libc.so.6: version `GLIBC_2.34' not found (required by diffstat)

Error in commit b44deaf7cf40905bade796e100c07b01a91c93c4: diffstat error: diffstat: /lib64/libc.so.6: version `GLIBC_2.33' not found (required by diffstat)
diffstat: /lib64/libc.so.6: version `GLIBC_2.34' not found (required by diffstat)

Error in commit 3f6a4c6f4f86c1812ef1b67b592fe2cf9ccd7c3b: diffstat error: diffstat: /lib64/libc.so.6: version `GLIBC_2.33' not found (required by diffstat)
diffstat: /lib64/libc.so.6: version `GLIBC_2.34' not found (required by diffstat)

Error in commit 1353621566c8d6e782cf4a8d711ed8a58d3a7ca8: diffstat error: diffstat: /lib64/libc.so.6: version `GLIBC_2.33' not found (required by diffstat)
diffstat: /lib64/libc.so.6: version `GLIBC_2.34' not found (required by diffstat)

Error in commit 94936efda8aa63563211eda07a5ade92abb32f7a: diffstat error: diffstat: /lib64/libc.so.6: version `GLIBC_2.33' not found (required by diffstat)
diffstat: /lib64/libc.so.6: version `GLIBC_2.34' not found (required by diffstat)

Error in commit 56d6e20de489113617cbbddaf41e92600a34db22: diffstat error: diffstat: /lib64/libc.so.6: version `GLIBC_2.33' not found (required by diffstat)
diffstat: /lib64/libc.so.6: version `GLIBC_2.34' not found (required by diffstat)

Error in commit e45e48b881038487d0bc94d92a16c1537616cc0a: diffstat error: diffstat: /lib64/libc.so.6: version `GLIBC_2.33' not found (required by diffstat)
diffstat: /lib64/libc.so.6: version `GLIBC_2.34' not found (required by diffstat)

Error in commit 2174484dfa68a594e2f9ad17f46217b6120db18d: diffstat error: diffstat: /lib64/libc.so.6: version `GLIBC_2.33' not found (required by diffstat)
diffstat: /lib64/libc.so.6: version `GLIBC_2.34' not found (required by diffstat)

Error in commit d31fec57e9dfb0516deead2053a856e3c71e9751: diffstat error: diffstat: /lib64/libc.so.6: version `GLIBC_2.33' not found (required by diffstat)
diffstat: /lib64/libc.so.6: version `GLIBC_2.34' not found (required by diffstat)

Error in commit e1038848baca2507bd6297955f530db105dedd49: diffstat error: diffstat: /lib64/libc.so.6: version `GLIBC_2.33' not found (required by diffstat)
diffstat: /lib64/libc.so.6: version `GLIBC_2.34' not found (required by diffstat)

Error in commit c51ce49735c183ef2592db70f918ee698716276b: diffstat error: diffstat: /lib64/libc.so.6: version `GLIBC_2.33' not found (required by diffstat)
diffstat: /lib64/libc.so.6: version `GLIBC_2.34' not found (required by diffstat)

Error in commit 964f3b3bf49eb84b5831121446a28b76de3fb23a: diffstat error: diffstat: /lib64/libc.so.6: version `GLIBC_2.33' not found (required by diffstat)
diffstat: /lib64/libc.so.6: version `GLIBC_2.34' not found (required by diffstat)

Error in commit 4a30d17266a4db59739943a5890125f1e47cca05: diffstat error: diffstat: /lib64/libc.so.6: version `GLIBC_2.33' not found (required by diffstat)
diffstat: /lib64/libc.so.6: version `GLIBC_2.34' not found (required by diffstat)

Error in commit c32624b86bf936110de2350eafa234e148a968dc: diffstat error: diffstat: /lib64/libc.so.6: version `GLIBC_2.33' not found (required by diffstat)
diffstat: /lib64/libc.so.6: version `GLIBC_2.34' not found (required by diffstat)

Error in commit 49975ccf95b3ee240103d9f3ccf433e6bba57344: diffstat error: diffstat: /lib64/libc.so.6: version `GLIBC_2.33' not found (required by diffstat)
diffstat: /lib64/libc.so.6: version `GLIBC_2.34' not found (required by diffstat)

Error in commit 7b93db1807ef8abf0c81df8b0fd047e5fb3f1c3f: diffstat error: diffstat: /lib64/libc.so.6: version `GLIBC_2.33' not found (required by diffstat)
diffstat: /lib64/libc.so.6: version `GLIBC_2.34' not found (required by diffstat)

Error in commit 6b4aff0f117b978502ee5bcd6e753c17aec5a961: diffstat error: diffstat: /lib64/libc.so.6: version `GLIBC_2.33' not found (required by diffstat)
diffstat: /lib64/libc.so.6: version `GLIBC_2.34' not found (required by diffstat)

Error in commit b0b13bca2ce54ba06977e4250ca22e9cad3e8e69: diffstat error: diffstat: /lib64/libc.so.6: version `GLIBC_2.33' not found (required by diffstat)
diffstat: /lib64/libc.so.6: version `GLIBC_2.34' not found (required by diffstat)

Error in commit a41d97fa7de942f144af6cfcceba24c523775c54: diffstat error: diffstat: /lib64/libc.so.6: version `GLIBC_2.33' not found (required by diffstat)
diffstat: /lib64/libc.so.6: version `GLIBC_2.34' not found (required by diffstat)

Error in commit 14e606db148d6ebcaae20f1e1d6d71903ca4a556: diffstat error: diffstat: /lib64/libc.so.6: version `GLIBC_2.33' not found (required by diffstat)
diffstat: /lib64/libc.so.6: version `GLIBC_2.34' not found (required by diffstat)

Error in commit b5ed738f8060266bf4ae521f7e3ed145aa4498a3: diffstat error: diffstat: /lib64/libc.so.6: version `GLIBC_2.33' not found (required by diffstat)
diffstat: /lib64/libc.so.6: version `GLIBC_2.34' not found (required by diffstat)

Error in commit 6fcdb8f1f538b9d63e63a5fa199c5514a15d4564: diffstat error: diffstat: /lib64/libc.so.6: version `GLIBC_2.33' not found (required by diffstat)
diffstat: /lib64/libc.so.6: version `GLIBC_2.34' not found (required by diffstat)

Error in commit 776338e121b9db3156bfb4e21622a0219bbab9d4: diffstat error: diffstat: /lib64/libc.so.6: version `GLIBC_2.33' not found (required by diffstat)
diffstat: /lib64/libc.so.6: version `GLIBC_2.34' not found (required by diffstat)

Error in commit d41149145f98fe26dcd0bfd1d6cc095e6e041418: diffstat error: diffstat: /lib64/libc.so.6: version `GLIBC_2.33' not found (required by diffstat)
diffstat: /lib64/libc.so.6: version `GLIBC_2.34' not found (required by diffstat)

Error in commit 83eaddab4378db256d00d295bda6ca997cd13a52: diffstat error: diffstat: /lib64/libc.so.6: version `GLIBC_2.33' not found (required by diffstat)
diffstat: /lib64/libc.so.6: version `GLIBC_2.34' not found (required by diffstat)

Error in commit 41e186399460fa9089d034a4667f28526d067d8d: diffstat error: diffstat: /lib64/libc.so.6: version `GLIBC_2.33' not found (required by diffstat)
diffstat: /lib64/libc.so.6: version `GLIBC_2.34' not found (required by diffstat)

Error in commit c57997e76ec70862174a1b3b3aeb62a6f8570e85: diffstat error: diffstat: /lib64/libc.so.6: version `GLIBC_2.33' not found (required by diffstat)
diffstat: /lib64/libc.so.6: version `GLIBC_2.34' not found (required by diffstat)

Error in commit 8d1099ac0574f3a42036085641c2df03a1d5f731: diffstat error: diffstat: /lib64/libc.so.6: version `GLIBC_2.33' not found (required by diffstat)
diffstat: /lib64/libc.so.6: version `GLIBC_2.34' not found (required by diffstat)

Error in commit 085bc28d6de7556d10f62e447d7c21c45d001175: diffstat error: diffstat: /lib64/libc.so.6: version `GLIBC_2.33' not found (required by diffstat)
diffstat: /lib64/libc.so.6: version `GLIBC_2.34' not found (required by diffstat)

Error in commit c447a9f684dde1a4e33609fa24e732b1b8e13ff3: diffstat error: diffstat: /lib64/libc.so.6: version `GLIBC_2.33' not found (required by diffstat)
diffstat: /lib64/libc.so.6: version `GLIBC_2.34' not found (required by diffstat)

Error in commit 9a33264478796fd790a3bdc182fb1dda65d0a9de: diffstat error: diffstat: /lib64/libc.so.6: version `GLIBC_2.33' not found (required by diffstat)
diffstat: /lib64/libc.so.6: version `GLIBC_2.34' not found (required by diffstat)

Error in commit 72a50e400d98d7a2fd610caedfeb9af043dc5582: diffstat error: diffstat: /lib64/libc.so.6: version `GLIBC_2.33' not found (required by diffstat)
diffstat: /lib64/libc.so.6: version `GLIBC_2.34' not found (required by diffstat)

Error in commit 2b2f6c5262a005571c3dbb75b636bfa3893840b2: diffstat error: diffstat: /lib64/libc.so.6: version `GLIBC_2.33' not found (required by diffstat)
diffstat: /lib64/libc.so.6: version `GLIBC_2.34' not found (required by diffstat)

Error in commit 22646e2e5109153caa820c55c18af753bb1843c4: diffstat error: diffstat: /lib64/libc.so.6: version `GLIBC_2.33' not found (required by diffstat)
diffstat: /lib64/libc.so.6: version `GLIBC_2.34' not found (required by diffstat)

Error in commit b007dd3a048097d8f58949297f5b434612e1e1a3: diffstat error: diffstat: /lib64/libc.so.6: version `GLIBC_2.33' not found (required by diffstat)
diffstat: /lib64/libc.so.6: version `GLIBC_2.34' not found (required by diffstat)

Error in commit 553f2fa65865c31c5e3c48812cfd46176cffdd27: diffstat error: diffstat: /lib64/libc.so.6: version `GLIBC_2.33' not found (required by diffstat)
diffstat: /lib64/libc.so.6: version `GLIBC_2.34' not found (required by diffstat)

Error in commit 54d4f0d67641e608d1b6af3bc893e9e3da0e14f2: diffstat error: diffstat: /lib64/libc.so.6: version `GLIBC_2.33' not found (required by diffstat)
diffstat: /lib64/libc.so.6: version `GLIBC_2.34' not found (required by diffstat)

Error in commit 2423496af35d94a87156b063ea5cedffc10a70a1: diffstat error: diffstat: /lib64/libc.so.6: version `GLIBC_2.33' not found (required by diffstat)
diffstat: /lib64/libc.so.6: version `GLIBC_2.34' not found (required by diffstat)

Error in commit 6fb40779cd3457a819e20d6db91a142c47cad3c2: diffstat error: diffstat: /lib64/libc.so.6: version `GLIBC_2.33' not found (required by diffstat)
diffstat: /lib64/libc.so.6: version `GLIBC_2.34' not found (required by diffstat)

Error in commit e63a362857d9807b23e65872598d782fa53bb6af: diffstat error: diffstat: /lib64/libc.so.6: version `GLIBC_2.33' not found (required by diffstat)
diffstat: /lib64/libc.so.6: version `GLIBC_2.34' not found (required by diffstat)

Error in commit 7ec414892ddcad88313848494b6fc5f437c9ca4a: diffstat error: diffstat: /lib64/libc.so.6: version `GLIBC_2.33' not found (required by diffstat)
diffstat: /lib64/libc.so.6: version `GLIBC_2.34' not found (required by diffstat)

Error in commit 717df38fd8509bf883b70d680c9b1b3cf36732ee: diffstat error: diffstat: /lib64/libc.so.6: version `GLIBC_2.33' not found (required by diffstat)
diffstat: /lib64/libc.so.6: version `GLIBC_2.34' not found (required by diffstat)

Error in commit 6012520a4da52d2a6964f5e6ac08238bcf81490b: diffstat error: diffstat: /lib64/libc.so.6: version `GLIBC_2.33' not found (required by diffstat)
diffstat: /lib64/libc.so.6: version `GLIBC_2.34' not found (required by diffstat)

Error in commit 7320cc3eaac0a3b2a990a0e461b305dc6d56b10b: diffstat error: diffstat: /lib64/libc.so.6: version `GLIBC_2.33' not found (required by diffstat)
diffstat: /lib64/libc.so.6: version `GLIBC_2.34' not found (required by diffstat)

Error in commit dcac91b8c72f743bda7dbfa9032356bc8110098a: diffstat error: diffstat: /lib64/libc.so.6: version `GLIBC_2.33' not found (required by diffstat)
diffstat: /lib64/libc.so.6: version `GLIBC_2.34' not found (required by diffstat)

Error in commit fa7438a0ff4033e4741c807394a9af6207940d71: diffstat error: diffstat: /lib64/libc.so.6: version `GLIBC_2.33' not found (required by diffstat)
diffstat: /lib64/libc.so.6: version `GLIBC_2.34' not found (required by diffstat)

Error in commit 9d00fb9d70ee8c0cc7002b89318c5be00f1bbdad: diffstat error: diffstat: /lib64/libc.so.6: version `GLIBC_2.33' not found (required by diffstat)
diffstat: /lib64/libc.so.6: version `GLIBC_2.34' not found (required by diffstat)

Error in commit daa290580dade36a69544a191e6983e920885c16: diffstat error: diffstat: /lib64/libc.so.6: version `GLIBC_2.33' not found (required by diffstat)
diffstat: /lib64/libc.so.6: version `GLIBC_2.34' not found (required by diffstat)

Error in commit a4e85b2e1c8d5b4bf0091157bbdeb0e457fb7b8f: diffstat error: diffstat: /lib64/libc.so.6: version `GLIBC_2.33' not found (required by diffstat)
diffstat: /lib64/libc.so.6: version `GLIBC_2.34' not found (required by diffstat)

Error in commit 900f39692ca0337a98a7cf047e4e2611071810c2: diffstat error: diffstat: /lib64/libc.so.6: version `GLIBC_2.33' not found (required by diffstat)
diffstat: /lib64/libc.so.6: version `GLIBC_2.34' not found (required by diffstat)

Error in commit 4373a25d94dba2cb361aa18e8d70806e1894df81: diffstat error: diffstat: /lib64/libc.so.6: version `GLIBC_2.33' not found (required by diffstat)
diffstat: /lib64/libc.so.6: version `GLIBC_2.34' not found (required by diffstat)

Error in commit 7560c264958877e790935aba77b50163157162ab: diffstat error: diffstat: /lib64/libc.so.6: version `GLIBC_2.33' not found (required by diffstat)
diffstat: /lib64/libc.so.6: version `GLIBC_2.34' not found (required by diffstat)

Error in commit 7ddb0607f31850ea4d4e87252c8835de63cc6845: diffstat error: diffstat: /lib64/libc.so.6: version `GLIBC_2.33' not found (required by diffstat)
diffstat: /lib64/libc.so.6: version `GLIBC_2.34' not found (required by diffstat)

Error in commit f173cdfe669556aa92857adafe60cbe5f2aa1210: diffstat error: diffstat: /lib64/libc.so.6: version `GLIBC_2.33' not found (required by diffstat)
diffstat: /lib64/libc.so.6: version `GLIBC_2.34' not found (required by diffstat)

Error in commit c24bcb553650b91e9eff15ef6e54ca73de2453b7: diffstat error: diffstat: /lib64/libc.so.6: version `GLIBC_2.33' not found (required by diffstat)
diffstat: /lib64/libc.so.6: version `GLIBC_2.34' not found (required by diffstat)

Error in commit 4fabb60ddbd71f3c40a3607eeabf0fdba449fd18: diffstat error: diffstat: /lib64/libc.so.6: version `GLIBC_2.33' not found (required by diffstat)
diffstat: /lib64/libc.so.6: version `GLIBC_2.34' not found (required by diffstat)

Error in commit bdbbb13f1fe9b7e2465502c500561720f7456aac: diffstat error: diffstat: /lib64/libc.so.6: version `GLIBC_2.33' not found (required by diffstat)
diffstat: /lib64/libc.so.6: version `GLIBC_2.34' not found (required by diffstat)

Error in commit 5aefbeb81737693a3f7acf34330f140c64ebe381: diffstat error: diffstat: /lib64/libc.so.6: version `GLIBC_2.33' not found (required by diffstat)
diffstat: /lib64/libc.so.6: version `GLIBC_2.34' not found (required by diffstat)

Error in commit e8c25f9b4c9fb72cad6db08eeda58c7c5784014e: diffstat error: diffstat: /lib64/libc.so.6: version `GLIBC_2.33' not found (required by diffstat)
diffstat: /lib64/libc.so.6: version `GLIBC_2.34' not found (required by diffstat)

Error in commit 08e9a113db499034abb5ad8d59b42f8eca3c641c: diffstat error: diffstat: /lib64/libc.so.6: version `GLIBC_2.33' not found (required by diffstat)
diffstat: /lib64/libc.so.6: version `GLIBC_2.34' not found (required by diffstat)

Error in commit 50f54462076648ac2e36c3f58f4dadd4babbf1c9: diffstat error: diffstat: /lib64/libc.so.6: version `GLIBC_2.33' not found (required by diffstat)
diffstat: /lib64/libc.so.6: version `GLIBC_2.34' not found (required by diffstat)

Error in commit 04a567494786d5bb50894fc8bb8fea0cf496bea8: diffstat error: diffstat: /lib64/libc.so.6: version `GLIBC_2.33' not found (required by diffstat)
diffstat: /lib64/libc.so.6: version `GLIBC_2.34' not found (required by diffstat)

Error in commit 245cc757e4d673ce07b090b09064951f3d029896: diffstat error: diffstat: /lib64/libc.so.6: version `GLIBC_2.33' not found (required by diffstat)
diffstat: /lib64/libc.so.6: version `GLIBC_2.34' not found (required by diffstat)

Error in commit 13663fd5798bbad267eae51a08da2dc8d40ef62b: diffstat error: diffstat: /lib64/libc.so.6: version `GLIBC_2.33' not found (required by diffstat)
diffstat: /lib64/libc.so.6: version `GLIBC_2.34' not found (required by diffstat)

Error in commit 7fe2e3df308b8b6a901cb2cfd60f398df53219de: diffstat error: diffstat: /lib64/libc.so.6: version `GLIBC_2.33' not found (required by diffstat)
diffstat: /lib64/libc.so.6: version `GLIBC_2.34' not found (required by diffstat)

Error in commit 3e5d4e55e711be7a977734da1ac8a9aaf8aa3525: diffstat error: diffstat: /lib64/libc.so.6: version `GLIBC_2.33' not found (required by diffstat)
diffstat: /lib64/libc.so.6: version `GLIBC_2.34' not found (required by diffstat)

Error in commit bec46342fc8be3b40df30aa2783ed29c084671da: diffstat error: diffstat: /lib64/libc.so.6: version `GLIBC_2.33' not found (required by diffstat)
diffstat: /lib64/libc.so.6: version `GLIBC_2.34' not found (required by diffstat)

Error in commit 8d6cf338198bae06a7bc7ebb78ba1e5544029e4e: diffstat error: diffstat: /lib64/libc.so.6: version `GLIBC_2.33' not found (required by diffstat)
diffstat: /lib64/libc.so.6: version `GLIBC_2.34' not found (required by diffstat)

Error in commit 97d5374e66f13db71b622a26e06271bcedbab31d: diffstat error: diffstat: /lib64/libc.so.6: version `GLIBC_2.33' not found (required by diffstat)
diffstat: /lib64/libc.so.6: version `GLIBC_2.34' not found (required by diffstat)

Error in commit 73fe95dbaa5701493d4c5ecc62a5d4bec4cb75c7: diffstat error: diffstat: /lib64/libc.so.6: version `GLIBC_2.33' not found (required by diffstat)
diffstat: /lib64/libc.so.6: version `GLIBC_2.34' not found (required by diffstat)

Error in commit 3beb564cea3d219efcf71682b6576cad548c2d23: diffstat error: diffstat: /lib64/libc.so.6: version `GLIBC_2.33' not found (required by diffstat)
diffstat: /lib64/libc.so.6: version `GLIBC_2.34' not found (required by diffstat)

Error in commit e40dc3cedbcee397526f797c4465927bc5f91aea: diffstat error: diffstat: /lib64/libc.so.6: version `GLIBC_2.33' not found (required by diffstat)
diffstat: /lib64/libc.so.6: version `GLIBC_2.34' not found (required by diffstat)

Error in commit fb298cf2dd1b14c3857c42ab0e26d883fe4a6f4c: diffstat error: diffstat: /lib64/libc.so.6: version `GLIBC_2.33' not found (required by diffstat)
diffstat: /lib64/libc.so.6: version `GLIBC_2.34' not found (required by diffstat)

Error in commit 4e25f49680e96da86840ecf9b65c724edfdf4e20: diffstat error: diffstat: /lib64/libc.so.6: version `GLIBC_2.33' not found (required by diffstat)
diffstat: /lib64/libc.so.6: version `GLIBC_2.34' not found (required by diffstat)

Error in commit f6d19bd32a9c80a1e5a176b9b480708486758e65: diffstat error: diffstat: /lib64/libc.so.6: version `GLIBC_2.33' not found (required by diffstat)
diffstat: /lib64/libc.so.6: version `GLIBC_2.34' not found (required by diffstat)

Error in commit d57e945e5eb1a24ed43670f9cca6d51cf6d6fd99: diffstat error: diffstat: /lib64/libc.so.6: version `GLIBC_2.33' not found (required by diffstat)
diffstat: /lib64/libc.so.6: version `GLIBC_2.34' not found (required by diffstat)

Error in commit 2210a967cb4e8cfca405543d5d98f3734690bd71: diffstat error: diffstat: /lib64/libc.so.6: version `GLIBC_2.33' not found (required by diffstat)
diffstat: /lib64/libc.so.6: version `GLIBC_2.34' not found (required by diffstat)

Error in commit a7be3fdba438f8ea80586d2a00b23fb9a96d602c: diffstat error: diffstat: /lib64/libc.so.6: version `GLIBC_2.33' not found (required by diffstat)
diffstat: /lib64/libc.so.6: version `GLIBC_2.34' not found (required by diffstat)

Error in commit d17507ffa3e9742199b02a66aa940e79ababfa30: diffstat error: diffstat: /lib64/libc.so.6: version `GLIBC_2.33' not found (required by diffstat)
diffstat: /lib64/libc.so.6: version `GLIBC_2.34' not found (required by diffstat)

Error in commit 650e708afb8c6b20d49dfec794a238eac9c70736: diffstat error: diffstat: /lib64/libc.so.6: version `GLIBC_2.33' not found (required by diffstat)
diffstat: /lib64/libc.so.6: version `GLIBC_2.34' not found (required by diffstat)

Error in commit a408761e839a5a673e6720aa794a9a6cffb19846: diffstat error: diffstat: /lib64/libc.so.6: version `GLIBC_2.33' not found (required by diffstat)
diffstat: /lib64/libc.so.6: version `GLIBC_2.34' not found (required by diffstat)

Error in commit b45a9a167ca6a3ef2752ae9d48d56ac14b001bfd: diffstat error: diffstat: /lib64/libc.so.6: version `GLIBC_2.33' not found (required by diffstat)
diffstat: /lib64/libc.so.6: version `GLIBC_2.34' not found (required by diffstat)

Error in commit 8005b9c8a61d1ee1662afb44f961284d1c0fe35a: diffstat error: diffstat: /lib64/libc.so.6: version `GLIBC_2.33' not found (required by diffstat)
diffstat: /lib64/libc.so.6: version `GLIBC_2.34' not found (required by diffstat)

Error in commit 7ac4698a8b45d0e7a6131598f9757cd90405fc28: diffstat error: diffstat: /lib64/libc.so.6: version `GLIBC_2.33' not found (required by diffstat)
diffstat: /lib64/libc.so.6: version `GLIBC_2.34' not found (required by diffstat)

Error in commit 3432f69892d872f2f46110774abc8cc676d9a533: diffstat error: diffstat: /lib64/libc.so.6: version `GLIBC_2.33' not found (required by diffstat)
diffstat: /lib64/libc.so.6: version `GLIBC_2.34' not found (required by diffstat)

Error in commit e6511cc1a950fe1566b2236329d6b4bd0826cc7a: diffstat error: diffstat: /lib64/libc.so.6: version `GLIBC_2.33' not found (required by diffstat)
diffstat: /lib64/libc.so.6: version `GLIBC_2.34' not found (required by diffstat)

Error in commit 051ff581ce70e822729e9474941f3c206cbf7436: diffstat error: diffstat: /lib64/libc.so.6: version `GLIBC_2.33' not found (required by diffstat)
diffstat: /lib64/libc.so.6: version `GLIBC_2.34' not found (required by diffstat)

Error in commit 32f80e2f1bf42d0508f1114a9dddd91c4719eb8e: diffstat error: diffstat: /lib64/libc.so.6: version `GLIBC_2.33' not found (required by diffstat)
diffstat: /lib64/libc.so.6: version `GLIBC_2.34' not found (required by diffstat)

Error in commit 5801649d8b83e7cb9b15839761bdee594653c294: diffstat error: diffstat: /lib64/libc.so.6: version `GLIBC_2.33' not found (required by diffstat)
diffstat: /lib64/libc.so.6: version `GLIBC_2.34' not found (required by diffstat)

Error in commit ea04efee7635c9120d015dcdeeeb6988130cb67a: diffstat error: diffstat: /lib64/libc.so.6: version `GLIBC_2.33' not found (required by diffstat)
diffstat: /lib64/libc.so.6: version `GLIBC_2.34' not found (required by diffstat)

Error in commit eb6f13eb9f812f5812ed5d14f241309da369dee6: diffstat error: diffstat: /lib64/libc.so.6: version `GLIBC_2.33' not found (required by diffstat)
diffstat: /lib64/libc.so.6: version `GLIBC_2.34' not found (required by diffstat)

Error in commit 893e26e61d04eac974ded0c11e1647b335c8cb7b: diffstat error: diffstat: /lib64/libc.so.6: version `GLIBC_2.33' not found (required by diffstat)
diffstat: /lib64/libc.so.6: version `GLIBC_2.34' not found (required by diffstat)

Error in commit 994b78327458ea14a1743196ee0560c73ace37f3: diffstat error: diffstat: /lib64/libc.so.6: version `GLIBC_2.33' not found (required by diffstat)
diffstat: /lib64/libc.so.6: version `GLIBC_2.34' not found (required by diffstat)

Error in commit 3b25df93c6e37e323b86a2a8c1e00c0a2821c6c9: diffstat error: diffstat: /lib64/libc.so.6: version `GLIBC_2.33' not found (required by diffstat)
diffstat: /lib64/libc.so.6: version `GLIBC_2.34' not found (required by diffstat)

Error in commit 7ef35e3b9e7a99db4930b58b33a94455dbf53276: diffstat error: diffstat: /lib64/libc.so.6: version `GLIBC_2.33' not found (required by diffstat)
diffstat: /lib64/libc.so.6: version `GLIBC_2.34' not found (required by diffstat)

Error in commit f09444639099584bc4784dfcd85ada67c6f33e0f: diffstat error: diffstat: /lib64/libc.so.6: version `GLIBC_2.33' not found (required by diffstat)
diffstat: /lib64/libc.so.6: version `GLIBC_2.34' not found (required by diffstat)

Error in commit 58229a18994215bbfe0bcd1c99d2e039f30b076b: diffstat error: diffstat: /lib64/libc.so.6: version `GLIBC_2.33' not found (required by diffstat)
diffstat: /lib64/libc.so.6: version `GLIBC_2.34' not found (required by diffstat)

Error in commit 296e5457be31bd7d22e467ed0a8f4d4cea8df77f: diffstat error: diffstat: /lib64/libc.so.6: version `GLIBC_2.33' not found (required by diffstat)
diffstat: /lib64/libc.so.6: version `GLIBC_2.34' not found (required by diffstat)

Error in commit bab0716c7f4793ec42e05a5aa7e80d82a0dd4e75: diffstat error: diffstat: /lib64/libc.so.6: version `GLIBC_2.33' not found (required by diffstat)
diffstat: /lib64/libc.so.6: version `GLIBC_2.34' not found (required by diffstat)

Error in commit bac0abd6174e427404dd197cdbefece31e97329b: diffstat error: diffstat: /lib64/libc.so.6: version `GLIBC_2.33' not found (required by diffstat)
diffstat: /lib64/libc.so.6: version `GLIBC_2.34' not found (required by diffstat)

Error in commit 71e685b0183b17e43da3959e620fe22afbe8a64c: diffstat error: diffstat: /lib64/libc.so.6: version `GLIBC_2.33' not found (required by diffstat)
diffstat: /lib64/libc.so.6: version `GLIBC_2.34' not found (required by diffstat)

Error in commit e3cacae7b1bfda0d839c280494f23284a1187adf: diffstat error: diffstat: /lib64/libc.so.6: version `GLIBC_2.33' not found (required by diffstat)
diffstat: /lib64/libc.so.6: version `GLIBC_2.34' not found (required by diffstat)

Error in commit 8c1b1b0e9e52be18dbb42aa4765f886ace067f97: diffstat error: diffstat: /lib64/libc.so.6: version `GLIBC_2.33' not found (required by diffstat)
diffstat: /lib64/libc.so.6: version `GLIBC_2.34' not found (required by diffstat)

Error in commit a931740cc70eff217ddf20492c6f500ac9f991e4: diffstat error: diffstat: /lib64/libc.so.6: version `GLIBC_2.33' not found (required by diffstat)
diffstat: /lib64/libc.so.6: version `GLIBC_2.34' not found (required by diffstat)

Error in commit e7bb1e5fd99438b69bb7ce8c29de381d55c95b96: diffstat error: diffstat: /lib64/libc.so.6: version `GLIBC_2.33' not found (required by diffstat)
diffstat: /lib64/libc.so.6: version `GLIBC_2.34' not found (required by diffstat)

Error in commit afa878a689870c28b6994ecf3bb8dbfb2b76d135: diffstat error: diffstat: /lib64/libc.so.6: version `GLIBC_2.33' not found (required by diffstat)
diffstat: /lib64/libc.so.6: version `GLIBC_2.34' not found (required by diffstat)

Error in commit 9237a63c47bd314b807cda0bd2216264e82edbe8: diffstat error: diffstat: /lib64/libc.so.6: version `GLIBC_2.33' not found (required by diffstat)
diffstat: /lib64/libc.so.6: version `GLIBC_2.34' not found (required by diffstat)

Error in commit 5e4089659bb49b3095fa541fa6387b4c40d7396e: diffstat error: diffstat: /lib64/libc.so.6: version `GLIBC_2.33' not found (required by diffstat)
diffstat: /lib64/libc.so.6: version `GLIBC_2.34' not found (required by diffstat)

Error in commit 355fb9b25e188df47582580293f8e7344c9351bb: diffstat error: diffstat: /lib64/libc.so.6: version `GLIBC_2.33' not found (required by diffstat)
diffstat: /lib64/libc.so.6: version `GLIBC_2.34' not found (required by diffstat)

Error in commit a124133e1e6ab5c7a9fef6d0e6bcb084e3455b46: diffstat error: diffstat: /lib64/libc.so.6: version `GLIBC_2.33' not found (required by diffstat)
diffstat: /lib64/libc.so.6: version `GLIBC_2.34' not found (required by diffstat)

Error in commit 966031f340185eddd05affcf72b740549f056348: diffstat error: diffstat: /lib64/libc.so.6: version `GLIBC_2.33' not found (required by diffstat)
diffstat: /lib64/libc.so.6: version `GLIBC_2.34' not found (required by diffstat)

Error in commit 25ef0e50cca790370ad7838e3ad74db6a6a2d829: diffstat error: diffstat: /lib64/libc.so.6: version `GLIBC_2.33' not found (required by diffstat)
diffstat: /lib64/libc.so.6: version `GLIBC_2.34' not found (required by diffstat)

Error in commit 1f226d2adeb2cfa08fa54d360c110c16fd361f18: diffstat error: diffstat: /lib64/libc.so.6: version `GLIBC_2.33' not found (required by diffstat)
diffstat: /lib64/libc.so.6: version `GLIBC_2.34' not found (required by diffstat)

Error in commit d39a171e9c6a1c44dbdf43f9db6c3fbd887e38c1: diffstat error: diffstat: /lib64/libc.so.6: version `GLIBC_2.33' not found (required by diffstat)
diffstat: /lib64/libc.so.6: version `GLIBC_2.34' not found (required by diffstat)

Error in commit edc7d3035883ddca8413e4fe7689aa2e579ef04a: diffstat error: diffstat: /lib64/libc.so.6: version `GLIBC_2.33' not found (required by diffstat)
diffstat: /lib64/libc.so.6: version `GLIBC_2.34' not found (required by diffstat)

Error in commit 506e9d6c2d4baaf580d489fff0690c0ff2ff588f: diffstat error: diffstat: /lib64/libc.so.6: version `GLIBC_2.33' not found (required by diffstat)
diffstat: /lib64/libc.so.6: version `GLIBC_2.34' not found (required by diffstat)

Error in commit 1f686d023b95219db933394a7704ad9aa5f01cbb: diffstat error: diffstat: /lib64/libc.so.6: version `GLIBC_2.33' not found (required by diffstat)
diffstat: /lib64/libc.so.6: version `GLIBC_2.34' not found (required by diffstat)

Error in commit 83dd92f0856c30beffcb04e7e6fc28ea225fdac5: diffstat error: diffstat: /lib64/libc.so.6: version `GLIBC_2.33' not found (required by diffstat)
diffstat: /lib64/libc.so.6: version `GLIBC_2.34' not found (required by diffstat)

Error in commit b60c1cca9b93d4b7975d4e06bc0a633b6c2cb67e: diffstat error: diffstat: /lib64/libc.so.6: version `GLIBC_2.33' not found (required by diffstat)
diffstat: /lib64/libc.so.6: version `GLIBC_2.34' not found (required by diffstat)

Error in commit a1616a5ac99ede5d605047a9012481ce7ff18b16: diffstat error: diffstat: /lib64/libc.so.6: version `GLIBC_2.33' not found (required by diffstat)
diffstat: /lib64/libc.so.6: version `GLIBC_2.34' not found (required by diffstat)

Error in commit f6ffc702c6eecd963587273a429dcd608c648984: diffstat error: diffstat: /lib64/libc.so.6: version `GLIBC_2.33' not found (required by diffstat)
diffstat: /lib64/libc.so.6: version `GLIBC_2.34' not found (required by diffstat)

Error in commit 1ddcf2e4f28029a888cadef2e757509ef5047ad8: diffstat error: diffstat: /lib64/libc.so.6: version `GLIBC_2.33' not found (required by diffstat)
diffstat: /lib64/libc.so.6: version `GLIBC_2.34' not found (required by diffstat)

Error in commit 8a9106f4d81487da0f318bd13b4caa4cd24f23af: diffstat error: diffstat: /lib64/libc.so.6: version `GLIBC_2.33' not found (required by diffstat)
diffstat: /lib64/libc.so.6: version `GLIBC_2.34' not found (required by diffstat)

Error in commit 4f31d78716ac94c85c244efcea368fea202e2ed4: diffstat error: diffstat: /lib64/libc.so.6: version `GLIBC_2.33' not found (required by diffstat)
diffstat: /lib64/libc.so.6: version `GLIBC_2.34' not found (required by diffstat)

Error in commit 0f7f61ed1b7b697e283e37bd2d731d0bd57adb55: diffstat error: diffstat: /lib64/libc.so.6: version `GLIBC_2.33' not found (required by diffstat)
diffstat: /lib64/libc.so.6: version `GLIBC_2.34' not found (required by diffstat)

Error in commit f5f3cb2d1c470c12eba180d216d057f14e28ab66: diffstat error: diffstat: /lib64/libc.so.6: version `GLIBC_2.33' not found (required by diffstat)
diffstat: /lib64/libc.so.6: version `GLIBC_2.34' not found (required by diffstat)

Error in commit c509265c5f6ae7264f7b8a8aae1cfa5fc59d108c: diffstat error: diffstat: /lib64/libc.so.6: version `GLIBC_2.33' not found (required by diffstat)
diffstat: /lib64/libc.so.6: version `GLIBC_2.34' not found (required by diffstat)

Error in commit e4e54cef43549dee54b00719a18d096815708b54: diffstat error: diffstat: /lib64/libc.so.6: version `GLIBC_2.33' not found (required by diffstat)
diffstat: /lib64/libc.so.6: version `GLIBC_2.34' not found (required by diffstat)

Error in commit 682cb2e3d824e27a68c778dac8b3455652c72197: diffstat error: diffstat: /lib64/libc.so.6: version `GLIBC_2.33' not found (required by diffstat)
diffstat: /lib64/libc.so.6: version `GLIBC_2.34' not found (required by diffstat)

Error in commit f68a9555b548306c5b1ee45199ccdc4a16a6101b: diffstat error: diffstat: /lib64/libc.so.6: version `GLIBC_2.33' not found (required by diffstat)
diffstat: /lib64/libc.so.6: version `GLIBC_2.34' not found (required by diffstat)

Error in commit 8044ea7e23cdbaf6a8ea8d074d8219317902eaf9: diffstat error: diffstat: /lib64/libc.so.6: version `GLIBC_2.33' not found (required by diffstat)
diffstat: /lib64/libc.so.6: version `GLIBC_2.34' not found (required by diffstat)

Error in commit 26cb47f99d481ad9b93eeff80d26e6b63bbd7e15: diffstat error: diffstat: /lib64/libc.so.6: version `GLIBC_2.33' not found (required by diffstat)
diffstat: /lib64/libc.so.6: version `GLIBC_2.34' not found (required by diffstat)

Error in commit 9b6c627ba121f2db25b16ec7e59cf152adb1f783: diffstat error: diffstat: /lib64/libc.so.6: version `GLIBC_2.33' not found (required by diffstat)
diffstat: /lib64/libc.so.6: version `GLIBC_2.34' not found (required by diffstat)

Error in commit 48a91f1ec2b1705494880a9d1adc0f7651588a07: diffstat error: diffstat: /lib64/libc.so.6: version `GLIBC_2.33' not found (required by diffstat)
diffstat: /lib64/libc.so.6: version `GLIBC_2.34' not found (required by diffstat)

Error in commit c27907e1bc5a46f3f95e72f901d7b0dfa3fa577f: diffstat error: diffstat: /lib64/libc.so.6: version `GLIBC_2.33' not found (required by diffstat)
diffstat: /lib64/libc.so.6: version `GLIBC_2.34' not found (required by diffstat)

Error in commit b60e1cee406a1ff521145ab9534370dfb85dd592: diffstat error: diffstat: /lib64/libc.so.6: version `GLIBC_2.33' not found (required by diffstat)
diffstat: /lib64/libc.so.6: version `GLIBC_2.34' not found (required by diffstat)

Error in commit 55d6853cb4682d969705f6e349a96e9f2f4fe9dc: diffstat error: diffstat: /lib64/libc.so.6: version `GLIBC_2.33' not found (required by diffstat)
diffstat: /lib64/libc.so.6: version `GLIBC_2.34' not found (required by diffstat)

Error in commit 7064bb34359eea89a95903e778ed5b7ed43709e2: diffstat error: diffstat: /lib64/libc.so.6: version `GLIBC_2.33' not found (required by diffstat)
diffstat: /lib64/libc.so.6: version `GLIBC_2.34' not found (required by diffstat)

Error in commit 132a4111bf3791e76437619a66336dce2ce4c79b: diffstat error: diffstat: /lib64/libc.so.6: version `GLIBC_2.33' not found (required by diffstat)
diffstat: /lib64/libc.so.6: version `GLIBC_2.34' not found (required by diffstat)

Error in commit a4da1daf6d9b925184d3f73e2f58747bbff8ae59: diffstat error: diffstat: /lib64/libc.so.6: version `GLIBC_2.33' not found (required by diffstat)
diffstat: /lib64/libc.so.6: version `GLIBC_2.34' not found (required by diffstat)

Error in commit 605422c60acb2be2c33e25c9b9a5fa7a83335a68: diffstat error: diffstat: /lib64/libc.so.6: version `GLIBC_2.33' not found (required by diffstat)
diffstat: /lib64/libc.so.6: version `GLIBC_2.34' not found (required by diffstat)

Error in commit c606f0866c3a2a5db3ef9bc41738ef33eb9612a9: diffstat error: diffstat: /lib64/libc.so.6: version `GLIBC_2.33' not found (required by diffstat)
diffstat: /lib64/libc.so.6: version `GLIBC_2.34' not found (required by diffstat)

Error in commit 6d247d7f71d1fa4b66a5f4da7b1daa21510d529b: diffstat error: diffstat: /lib64/libc.so.6: version `GLIBC_2.33' not found (required by diffstat)
diffstat: /lib64/libc.so.6: version `GLIBC_2.34' not found (required by diffstat)

Error in commit 0c4120fffa3dffe97b95c486a120eded82afe8a6: diffstat error: diffstat: /lib64/libc.so.6: version `GLIBC_2.33' not found (required by diffstat)
diffstat: /lib64/libc.so.6: version `GLIBC_2.34' not found (required by diffstat)

Error in commit beb5c831af7821b1fa794ee03ef1009608fc1cbb: diffstat error: diffstat: /lib64/libc.so.6: version `GLIBC_2.33' not found (required by diffstat)
diffstat: /lib64/libc.so.6: version `GLIBC_2.34' not found (required by diffstat)

Error in commit de74454871b5559715171e9c996536ea381cf9e9: diffstat error: diffstat: /lib64/libc.so.6: version `GLIBC_2.33' not found (required by diffstat)
diffstat: /lib64/libc.so.6: version `GLIBC_2.34' not found (required by diffstat)

Error in commit 2dcbada971bfb818059263baa3bba7ebb4aea0d5: diffstat error: diffstat: /lib64/libc.so.6: version `GLIBC_2.33' not found (required by diffstat)
diffstat: /lib64/libc.so.6: version `GLIBC_2.34' not found (required by diffstat)

Error in commit 2e5feb7204f60efd4ce55af85a302bff46021ddc: diffstat error: diffstat: /lib64/libc.so.6: version `GLIBC_2.33' not found (required by diffstat)
diffstat: /lib64/libc.so.6: version `GLIBC_2.34' not found (required by diffstat)

Error in commit 2abd0f46dec171e4917aa211d6f1cc7c1e62835b: diffstat error: diffstat: /lib64/libc.so.6: version `GLIBC_2.33' not found (required by diffstat)
diffstat: /lib64/libc.so.6: version `GLIBC_2.34' not found (required by diffstat)

Error in commit c5d012a46ae22be9444326aa37969a3f75daa3ba: diffstat error: diffstat: /lib64/libc.so.6: version `GLIBC_2.33' not found (required by diffstat)
diffstat: /lib64/libc.so.6: version `GLIBC_2.34' not found (required by diffstat)

Error in commit 18aba9157e2b6a9c2135b0c491770fcdd28f2c7c: diffstat error: diffstat: /lib64/libc.so.6: version `GLIBC_2.33' not found (required by diffstat)
diffstat: /lib64/libc.so.6: version `GLIBC_2.34' not found (required by diffstat)

Error in commit 614a257295bdcdeda347086761062ac7658b6830: diffstat error: diffstat: /lib64/libc.so.6: version `GLIBC_2.33' not found (required by diffstat)
diffstat: /lib64/libc.so.6: version `GLIBC_2.34' not found (required by diffstat)

Error in commit a77d8d97f5a7bced0468f0b08798c83fb67427bc: diffstat error: diffstat: /lib64/libc.so.6: version `GLIBC_2.33' not found (required by diffstat)
diffstat: /lib64/libc.so.6: version `GLIBC_2.34' not found (required by diffstat)

Error in commit 6aa40d3dfec558e9b5f4eae34b4cbd7f14944182: diffstat error: diffstat: /lib64/libc.so.6: version `GLIBC_2.33' not found (required by diffstat)
diffstat: /lib64/libc.so.6: version `GLIBC_2.34' not found (required by diffstat)

Error in commit 99253eb750fda6a644d5188fb26c43bad8d5a745: diffstat error: diffstat: /lib64/libc.so.6: version `GLIBC_2.33' not found (required by diffstat)
diffstat: /lib64/libc.so.6: version `GLIBC_2.34' not found (required by diffstat)

Error in commit 75aa73267fdb1e0ebfbc00369e7312bac43d0566: diffstat error: diffstat: /lib64/libc.so.6: version `GLIBC_2.33' not found (required by diffstat)
diffstat: /lib64/libc.so.6: version `GLIBC_2.34' not found (required by diffstat)

Error in commit a4fce6ac8158bed6d0c480016311636382be4204: diffstat error: diffstat: /lib64/libc.so.6: version `GLIBC_2.33' not found (required by diffstat)
diffstat: /lib64/libc.so.6: version `GLIBC_2.34' not found (required by diffstat)

Error in commit 8ce72b7f81e61ef69b7ad5bdfeff1516c90fa361: diffstat error: diffstat: /lib64/libc.so.6: version `GLIBC_2.33' not found (required by diffstat)
diffstat: /lib64/libc.so.6: version `GLIBC_2.34' not found (required by diffstat)

Error in commit 911820c35233f9368abf179de9f923555ad3233b: diffstat error: diffstat: /lib64/libc.so.6: version `GLIBC_2.33' not found (required by diffstat)
diffstat: /lib64/libc.so.6: version `GLIBC_2.34' not found (required by diffstat)

Error in commit fa627e4a20c49246d31fe005ea6732e2b804e6d7: diffstat error: diffstat: /lib64/libc.so.6: version `GLIBC_2.33' not found (required by diffstat)
diffstat: /lib64/libc.so.6: version `GLIBC_2.34' not found (required by diffstat)

Error in commit 127762101a416b369d96cc50b0c1c1c713abc34b: diffstat error: diffstat: /lib64/libc.so.6: version `GLIBC_2.33' not found (required by diffstat)
diffstat: /lib64/libc.so.6: version `GLIBC_2.34' not found (required by diffstat)

Error in commit c1fbf8ab5d73cff5e1f45236995857c75ba4128d: diffstat error: diffstat: /lib64/libc.so.6: version `GLIBC_2.33' not found (required by diffstat)
diffstat: /lib64/libc.so.6: version `GLIBC_2.34' not found (required by diffstat)

Error in commit f23e783600f958efd66b496e888558a4e91e46c8: diffstat error: diffstat: /lib64/libc.so.6: version `GLIBC_2.33' not found (required by diffstat)
diffstat: /lib64/libc.so.6: version `GLIBC_2.34' not found (required by diffstat)

Error in commit 07f12b26e21ab359261bf75cfcb424fdc7daeb6d: diffstat error: diffstat: /lib64/libc.so.6: version `GLIBC_2.33' not found (required by diffstat)
diffstat: /lib64/libc.so.6: version `GLIBC_2.34' not found (required by diffstat)

Error in commit ecf7c6b288e11e7e7f75387c5e9e93e423b98397: diffstat error: diffstat: /lib64/libc.so.6: version `GLIBC_2.33' not found (required by diffstat)
diffstat: /lib64/libc.so.6: version `GLIBC_2.34' not found (required by diffstat)

Error in commit cb8d475985c05616d3d0850ff598e3c817d6b94c: diffstat error: diffstat: /lib64/libc.so.6: version `GLIBC_2.33' not found (required by diffstat)
diffstat: /lib64/libc.so.6: version `GLIBC_2.34' not found (required by diffstat)

Error in commit 4b32171218f7451088f3ad7dee96d8a15250986b: diffstat error: diffstat: /lib64/libc.so.6: version `GLIBC_2.33' not found (required by diffstat)
diffstat: /lib64/libc.so.6: version `GLIBC_2.34' not found (required by diffstat)

Error in commit 48c51cc2e6a2cef5121e244741cb83c39b6d363d: diffstat error: diffstat: /lib64/libc.so.6: version `GLIBC_2.33' not found (required by diffstat)
diffstat: /lib64/libc.so.6: version `GLIBC_2.34' not found (required by diffstat)

Error in commit 12bddb0d45921bc482f8d1ef85cd0e6149f1b5ff: diffstat error: diffstat: /lib64/libc.so.6: version `GLIBC_2.33' not found (required by diffstat)
diffstat: /lib64/libc.so.6: version `GLIBC_2.34' not found (required by diffstat)

Error in commit 1a71fb96697fc2af064fc221b21421ad6a8196fa: diffstat error: diffstat: /lib64/libc.so.6: version `GLIBC_2.33' not found (required by diffstat)
diffstat: /lib64/libc.so.6: version `GLIBC_2.34' not found (required by diffstat)

Error in commit ec9c8944af2bfc65c697ca44f93a727a99b405f1: diffstat error: diffstat: /lib64/libc.so.6: version `GLIBC_2.33' not found (required by diffstat)
diffstat: /lib64/libc.so.6: version `GLIBC_2.34' not found (required by diffstat)

Error in commit 4ef3ede30181eca9add74305ad26dbcb0c3686a0: diffstat error: diffstat: /lib64/libc.so.6: version `GLIBC_2.33' not found (required by diffstat)
diffstat: /lib64/libc.so.6: version `GLIBC_2.34' not found (required by diffstat)

Error in commit 034c6e9a1d296286305f4cfd1e0072b879f52568: diffstat error: diffstat: /lib64/libc.so.6: version `GLIBC_2.33' not found (required by diffstat)
diffstat: /lib64/libc.so.6: version `GLIBC_2.34' not found (required by diffstat)

Error in commit bd31b1c53e6c0e318b1902e916627cf985ec75ab: diffstat error: diffstat: /lib64/libc.so.6: version `GLIBC_2.33' not found (required by diffstat)
diffstat: /lib64/libc.so.6: version `GLIBC_2.34' not found (required by diffstat)

Error in commit 263b486a098e4d758a57e8e38d9d47b0fa25d989: diffstat error: diffstat: /lib64/libc.so.6: version `GLIBC_2.33' not found (required by diffstat)
diffstat: /lib64/libc.so.6: version `GLIBC_2.34' not found (required by diffstat)

Error in commit a443755f1ca3e190e12e3a845ddecb3ee1782512: diffstat error: diffstat: /lib64/libc.so.6: version `GLIBC_2.33' not found (required by diffstat)
diffstat: /lib64/libc.so.6: version `GLIBC_2.34' not found (required by diffstat)

Error in commit 81e54d08d9d845053111f30045a93f3eb1c3ca96: diffstat error: diffstat: /lib64/libc.so.6: version `GLIBC_2.33' not found (required by diffstat)
diffstat: /lib64/libc.so.6: version `GLIBC_2.34' not found (required by diffstat)

Error in commit 8b797490b4db09492acda4b4a4a4355d2311a614: diffstat error: diffstat: /lib64/libc.so.6: version `GLIBC_2.33' not found (required by diffstat)
diffstat: /lib64/libc.so.6: version `GLIBC_2.34' not found (required by diffstat)

Error in commit b1b64dc3558b7bde2917f9fc4f573f6a4787a95c: diffstat error: diffstat: /lib64/libc.so.6: version `GLIBC_2.33' not found (required by diffstat)
diffstat: /lib64/libc.so.6: version `GLIBC_2.34' not found (required by diffstat)

Error in commit a9cf55b2861057a213e610da2fec52125439a11d: diffstat error: diffstat: /lib64/libc.so.6: version `GLIBC_2.33' not found (required by diffstat)
diffstat: /lib64/libc.so.6: version `GLIBC_2.34' not found (required by diffstat)

Error in commit bdb596ddc07596fa212f231135b87d0b9178f6f8: diffstat error: diffstat: /lib64/libc.so.6: version `GLIBC_2.33' not found (required by diffstat)
diffstat: /lib64/libc.so.6: version `GLIBC_2.34' not found (required by diffstat)

Error in commit bb520449684689abb5fc398eb4864dc0c70f6ddf: diffstat error: diffstat: /lib64/libc.so.6: version `GLIBC_2.33' not found (required by diffstat)
diffstat: /lib64/libc.so.6: version `GLIBC_2.34' not found (required by diffstat)

Error in commit 5334c89fe4221a146335b030aeff44be0b7fc157: diffstat error: diffstat: /lib64/libc.so.6: version `GLIBC_2.33' not found (required by diffstat)
diffstat: /lib64/libc.so.6: version `GLIBC_2.34' not found (required by diffstat)

Error in commit 97d1e6fe7b284da51f56354a06881c89f2af47d3: diffstat error: diffstat: /lib64/libc.so.6: version `GLIBC_2.33' not found (required by diffstat)
diffstat: /lib64/libc.so.6: version `GLIBC_2.34' not found (required by diffstat)

Error in commit f9a70e79391f6d7c2a912d785239ee8effc1922d: diffstat error: diffstat: /lib64/libc.so.6: version `GLIBC_2.33' not found (required by diffstat)
diffstat: /lib64/libc.so.6: version `GLIBC_2.34' not found (required by diffstat)

Error in commit c2c2b9c4b0571f4e6050de78ae8fd813d1be7431: diffstat error: diffstat: /lib64/libc.so.6: version `GLIBC_2.33' not found (required by diffstat)
diffstat: /lib64/libc.so.6: version `GLIBC_2.34' not found (required by diffstat)

Error in commit 2e90ca68b0d2f5548804f22f0dd61145516171e3: diffstat error: diffstat: /lib64/libc.so.6: version `GLIBC_2.33' not found (required by diffstat)
diffstat: /lib64/libc.so.6: version `GLIBC_2.34' not found (required by diffstat)

Error in commit 485adf827b61b78da726f260617976a1352ff6a8: diffstat error: diffstat: /lib64/libc.so.6: version `GLIBC_2.33' not found (required by diffstat)
diffstat: /lib64/libc.so.6: version `GLIBC_2.34' not found (required by diffstat)

Error in commit 9041defbb271a5ffd549ad674d0b486adb52a012: diffstat error: diffstat: /lib64/libc.so.6: version `GLIBC_2.33' not found (required by diffstat)
diffstat: /lib64/libc.so.6: version `GLIBC_2.34' not found (required by diffstat)

Error in commit 1812352d767ccf5431aa440123e2e260a4db2726: diffstat error: diffstat: /lib64/libc.so.6: version `GLIBC_2.33' not found (required by diffstat)
diffstat: /lib64/libc.so.6: version `GLIBC_2.34' not found (required by diffstat)

Error in commit c3a3a0c424322009fec3ab735fb20ce8f6e19e70: diffstat error: diffstat: /lib64/libc.so.6: version `GLIBC_2.33' not found (required by diffstat)
diffstat: /lib64/libc.so.6: version `GLIBC_2.34' not found (required by diffstat)

Error in commit 53cb26d05a5c2080d8022124178b1cc43a30ffe5: diffstat error: diffstat: /lib64/libc.so.6: version `GLIBC_2.33' not found (required by diffstat)
diffstat: /lib64/libc.so.6: version `GLIBC_2.34' not found (required by diffstat)

Error in commit 6b2bc41935e53b0034fe5948aeeab4f32e80f30f: diffstat error: diffstat: /lib64/libc.so.6: version `GLIBC_2.33' not found (required by diffstat)
diffstat: /lib64/libc.so.6: version `GLIBC_2.34' not found (required by diffstat)

Error in commit fbc033cd75591a4aa67c7dab37deade10fa62e55: diffstat error: diffstat: /lib64/libc.so.6: version `GLIBC_2.33' not found (required by diffstat)
diffstat: /lib64/libc.so.6: version `GLIBC_2.34' not found (required by diffstat)

Error in commit 4d902846574054b3bda903ccc3262d22a819e3d4: diffstat error: diffstat: /lib64/libc.so.6: version `GLIBC_2.33' not found (required by diffstat)
diffstat: /lib64/libc.so.6: version `GLIBC_2.34' not found (required by diffstat)

Error in commit f8890a645c221823ac133dbf991f8a65ae50d637: diffstat error: diffstat: /lib64/libc.so.6: version `GLIBC_2.33' not found (required by diffstat)
diffstat: /lib64/libc.so.6: version `GLIBC_2.34' not found (required by diffstat)

Error in commit d2d621106d848ba085abd22314d5a0992e20984e: diffstat error: diffstat: /lib64/libc.so.6: version `GLIBC_2.33' not found (required by diffstat)
diffstat: /lib64/libc.so.6: version `GLIBC_2.34' not found (required by diffstat)

Error in commit 9301bfe730c66180263248b74353daa99f5a969b: diffstat error: diffstat: /lib64/libc.so.6: version `GLIBC_2.33' not found (required by diffstat)
diffstat: /lib64/libc.so.6: version `GLIBC_2.34' not found (required by diffstat)

Error in commit 7c243da6e153143a6f42e4b88d63d9bf8492cf00: diffstat error: diffstat: /lib64/libc.so.6: version `GLIBC_2.33' not found (required by diffstat)
diffstat: /lib64/libc.so.6: version `GLIBC_2.34' not found (required by diffstat)

Error in commit 1218ffac1a9adefd6428e68b6154bc54a04343aa: diffstat error: diffstat: /lib64/libc.so.6: version `GLIBC_2.33' not found (required by diffstat)
diffstat: /lib64/libc.so.6: version `GLIBC_2.34' not found (required by diffstat)

Error in commit 288aacb6e98fce65e5d746d3f20f008246e04bfa: diffstat error: diffstat: /lib64/libc.so.6: version `GLIBC_2.33' not found (required by diffstat)
diffstat: /lib64/libc.so.6: version `GLIBC_2.34' not found (required by diffstat)

Error in commit 345cc2a2f50cef0cb7c376a512e126c55ce42e86: diffstat error: diffstat: /lib64/libc.so.6: version `GLIBC_2.33' not found (required by diffstat)
diffstat: /lib64/libc.so.6: version `GLIBC_2.34' not found (required by diffstat)

Error in commit 6b485b146a1b9d6ce72dfd7b5f36456c166e7a16: diffstat error: diffstat: /lib64/libc.so.6: version `GLIBC_2.33' not found (required by diffstat)
diffstat: /lib64/libc.so.6: version `GLIBC_2.34' not found (required by diffstat)

Error in commit 0dac2c555a0c0e2d0c0153b37524b16351cdd17e: diffstat error: diffstat: /lib64/libc.so.6: version `GLIBC_2.33' not found (required by diffstat)
diffstat: /lib64/libc.so.6: version `GLIBC_2.34' not found (required by diffstat)

Error in commit a5dd88352850d1232a24fff2e0b10ab710f5a6e9: diffstat error: diffstat: /lib64/libc.so.6: version `GLIBC_2.33' not found (required by diffstat)
diffstat: /lib64/libc.so.6: version `GLIBC_2.34' not found (required by diffstat)

Error in commit 0a98c450c58ec150e44781c89aa6f8e7e0f571f5: diffstat error: diffstat: /lib64/libc.so.6: version `GLIBC_2.33' not found (required by diffstat)
diffstat: /lib64/libc.so.6: version `GLIBC_2.34' not found (required by diffstat)

Error in commit d1975cb0e055d2bfe58c9d845c9a3e57c346a2f9: diffstat error: diffstat: /lib64/libc.so.6: version `GLIBC_2.33' not found (required by diffstat)
diffstat: /lib64/libc.so.6: version `GLIBC_2.34' not found (required by diffstat)

Error in commit 8444e9bb74b707f4be0977b878b7251470623bd1: diffstat error: diffstat: /lib64/libc.so.6: version `GLIBC_2.33' not found (required by diffstat)
diffstat: /lib64/libc.so.6: version `GLIBC_2.34' not found (required by diffstat)

Error in commit 24418888535c48dd6f6b35e4334f2f2ecf81f886: diffstat error: diffstat: /lib64/libc.so.6: version `GLIBC_2.33' not found (required by diffstat)
diffstat: /lib64/libc.so.6: version `GLIBC_2.34' not found (required by diffstat)

Error in commit 9efe88a9ce64a0af9bb089abd8dfa14bd79ecb32: diffstat error: diffstat: /lib64/libc.so.6: version `GLIBC_2.33' not found (required by diffstat)
diffstat: /lib64/libc.so.6: version `GLIBC_2.34' not found (required by diffstat)

Error in commit c9d5d00a551a33321aa7a6f2a27f55d4f82c695d: diffstat error: diffstat: /lib64/libc.so.6: version `GLIBC_2.33' not found (required by diffstat)
diffstat: /lib64/libc.so.6: version `GLIBC_2.34' not found (required by diffstat)

Error in commit 6eed2bbafbe8bcfbb68e991980143e5ddaebd1b1: diffstat error: diffstat: /lib64/libc.so.6: version `GLIBC_2.33' not found (required by diffstat)
diffstat: /lib64/libc.so.6: version `GLIBC_2.34' not found (required by diffstat)

Error in commit 029a5fcca26578682eca5679a461ab8e0a1d5f58: diffstat error: diffstat: /lib64/libc.so.6: version `GLIBC_2.33' not found (required by diffstat)
diffstat: /lib64/libc.so.6: version `GLIBC_2.34' not found (required by diffstat)

Error in commit 2cc35d8625b7ea5cbd1d1ebb116aff86c5280162: diffstat error: diffstat: /lib64/libc.so.6: version `GLIBC_2.33' not found (required by diffstat)
diffstat: /lib64/libc.so.6: version `GLIBC_2.34' not found (required by diffstat)

Error in commit 8745660fcdac7c1b80c94cfc0ff60928cd4dd4b7: diffstat error: diffstat: /lib64/libc.so.6: version `GLIBC_2.33' not found (required by diffstat)
diffstat: /lib64/libc.so.6: version `GLIBC_2.34' not found (required by diffstat)

Error in commit 6057035421c079e573879fc1027ec1081406c87c: diffstat error: diffstat: /lib64/libc.so.6: version `GLIBC_2.33' not found (required by diffstat)
diffstat: /lib64/libc.so.6: version `GLIBC_2.34' not found (required by diffstat)

Error in commit 032e687a029fad0cf5541b6b6178731467a63c63: diffstat error: diffstat: /lib64/libc.so.6: version `GLIBC_2.33' not found (required by diffstat)
diffstat: /lib64/libc.so.6: version `GLIBC_2.34' not found (required by diffstat)

Error in commit cbea2149a07bf114b846232d2207353815683309: diffstat error: diffstat: /lib64/libc.so.6: version `GLIBC_2.33' not found (required by diffstat)
diffstat: /lib64/libc.so.6: version `GLIBC_2.34' not found (required by diffstat)

Error in commit 29d635bccc81222d51328afeddb562570f9984a9: diffstat error: diffstat: /lib64/libc.so.6: version `GLIBC_2.33' not found (required by diffstat)
diffstat: /lib64/libc.so.6: version `GLIBC_2.34' not found (required by diffstat)

Error in commit ba1ffaa1c6989873b57edc84491bfd1308b2190d: diffstat error: diffstat: /lib64/libc.so.6: version `GLIBC_2.33' not found (required by diffstat)
diffstat: /lib64/libc.so.6: version `GLIBC_2.34' not found (required by diffstat)

Error in commit 38e20b07efd541a959de367dc90a17f92ce2e8a6: diffstat error: diffstat: /lib64/libc.so.6: version `GLIBC_2.33' not found (required by diffstat)
diffstat: /lib64/libc.so.6: version `GLIBC_2.34' not found (required by diffstat)

Error in commit faa96e8144e6925a380f94a97aa382c9427f688d: diffstat error: diffstat: /lib64/libc.so.6: version `GLIBC_2.33' not found (required by diffstat)
diffstat: /lib64/libc.so.6: version `GLIBC_2.34' not found (required by diffstat)

Error in commit ebf101955ce8f8d72fba103b5151115a4335de2c: diffstat error: diffstat: /lib64/libc.so.6: version `GLIBC_2.33' not found (required by diffstat)
diffstat: /lib64/libc.so.6: version `GLIBC_2.34' not found (required by diffstat)

Error in commit e9d369aa0054312b7633e964e9f7eb323f1f3d69: diffstat error: diffstat: /lib64/libc.so.6: version `GLIBC_2.33' not found (required by diffstat)
diffstat: /lib64/libc.so.6: version `GLIBC_2.34' not found (required by diffstat)

Error in commit 80bf71f16c804108fd933e267fe31692aaa509b4: diffstat error: diffstat: /lib64/libc.so.6: version `GLIBC_2.33' not found (required by diffstat)
diffstat: /lib64/libc.so.6: version `GLIBC_2.34' not found (required by diffstat)

Error in commit 82ba55b8f994ab30ff561a347b82ea340ba7075c: diffstat error: diffstat: /lib64/libc.so.6: version `GLIBC_2.33' not found (required by diffstat)
diffstat: /lib64/libc.so.6: version `GLIBC_2.34' not found (required by diffstat)

Error in commit e59ee87abe249f345908c7d568f6879d16bfd648: diffstat error: diffstat: /lib64/libc.so.6: version `GLIBC_2.33' not found (required by diffstat)
diffstat: /lib64/libc.so.6: version `GLIBC_2.34' not found (required by diffstat)

Error in commit 45acb4efbcaa57a20ac5127dc976538671fce018: No option 'path' in section: 'submodule "ctemplate"'
Error in commit 6f3c2d8aa5e6cbd80b5e869bbbddecb66c329d01: diffstat error: diffstat: /lib64/libc.so.6: version `GLIBC_2.33' not found (required by diffstat)
diffstat: /lib64/libc.so.6: version `GLIBC_2.34' not found (required by diffstat)

Error in commit 414f2b12ac0f6153ff51684ab36da0aec39b8364: diffstat error: diffstat: /lib64/libc.so.6: version `GLIBC_2.33' not found (required by diffstat)
diffstat: /lib64/libc.so.6: version `GLIBC_2.34' not found (required by diffstat)

Error in commit f95f50d396a140de9d7d89438ef05649bd4078f0: diffstat error: diffstat: /lib64/libc.so.6: version `GLIBC_2.33' not found (required by diffstat)
diffstat: /lib64/libc.so.6: version `GLIBC_2.34' not found (required by diffstat)

Error in commit df23089b1f0e15e4e0adc4a97c143b7cf9680127: diffstat error: diffstat: /lib64/libc.so.6: version `GLIBC_2.33' not found (required by diffstat)
diffstat: /lib64/libc.so.6: version `GLIBC_2.34' not found (required by diffstat)

Error in commit 190aad7dc38f77fae5d847d91944ea25d95d8b38: diffstat error: diffstat: /lib64/libc.so.6: version `GLIBC_2.33' not found (required by diffstat)
diffstat: /lib64/libc.so.6: version `GLIBC_2.34' not found (required by diffstat)

Error in commit 1668d7ed94416a4179c4bba35151be26f08e67f4: diffstat error: diffstat: /lib64/libc.so.6: version `GLIBC_2.33' not found (required by diffstat)
diffstat: /lib64/libc.so.6: version `GLIBC_2.34' not found (required by diffstat)

Error in commit 4317db7498eaa5a37068052bb0310fbc6a5f78e4: diffstat error: diffstat: /lib64/libc.so.6: version `GLIBC_2.33' not found (required by diffstat)
diffstat: /lib64/libc.so.6: version `GLIBC_2.34' not found (required by diffstat)

Error in commit da69ad1f970a7e17c865eaec9af98cc84df10d5b: diffstat error: diffstat: /lib64/libc.so.6: version `GLIBC_2.33' not found (required by diffstat)
diffstat: /lib64/libc.so.6: version `GLIBC_2.34' not found (required by diffstat)

Error in commit 774f96094c477f2a6f402122fba83305eef6faf9: diffstat error: diffstat: /lib64/libc.so.6: version `GLIBC_2.33' not found (required by diffstat)
diffstat: /lib64/libc.so.6: version `GLIBC_2.34' not found (required by diffstat)

Error in commit b7da8d7a1b6f969e23c2e43437e14f4afc1154e5: diffstat error: diffstat: /lib64/libc.so.6: version `GLIBC_2.33' not found (required by diffstat)
diffstat: /lib64/libc.so.6: version `GLIBC_2.34' not found (required by diffstat)

Error in commit 7abbdf2699d0c84e9c9fa2ffe9eb76d848d7be9f: diffstat error: diffstat: /lib64/libc.so.6: version `GLIBC_2.33' not found (required by diffstat)
diffstat: /lib64/libc.so.6: version `GLIBC_2.34' not found (required by diffstat)

Error in commit 953f28dca13c92839ba389c055587cfe6c723578: diffstat error: diffstat: /lib64/libc.so.6: version `GLIBC_2.33' not found (required by diffstat)
diffstat: /lib64/libc.so.6: version `GLIBC_2.34' not found (required by diffstat)

Error in commit e7873f5718ae576fe4f2e6871b2ecbe359b6990b: diffstat error: diffstat: /lib64/libc.so.6: version `GLIBC_2.33' not found (required by diffstat)
diffstat: /lib64/libc.so.6: version `GLIBC_2.34' not found (required by diffstat)

Error in commit a1eeab9ecf1b5b437afc66eadd25e53fe723215b: diffstat error: diffstat: /lib64/libc.so.6: version `GLIBC_2.33' not found (required by diffstat)
diffstat: /lib64/libc.so.6: version `GLIBC_2.34' not found (required by diffstat)

Error in commit 6404cf6266f55572f6fef9d252f1ba513475d434: diffstat error: diffstat: /lib64/libc.so.6: version `GLIBC_2.33' not found (required by diffstat)
diffstat: /lib64/libc.so.6: version `GLIBC_2.34' not found (required by diffstat)

Error in commit a3e1e6b3b47ce38148e059cbb621d602a114a468: diffstat error: diffstat: /lib64/libc.so.6: version `GLIBC_2.33' not found (required by diffstat)
diffstat: /lib64/libc.so.6: version `GLIBC_2.34' not found (required by diffstat)

Error in commit d86e185e485b6330216dee8e854455c694e3a36e: diffstat error: diffstat: /lib64/libc.so.6: version `GLIBC_2.33' not found (required by diffstat)
diffstat: /lib64/libc.so.6: version `GLIBC_2.34' not found (required by diffstat)

Error in commit 0c29003b140073551a5f24580d1f49706dcb41d2: diffstat error: diffstat: /lib64/libc.so.6: version `GLIBC_2.33' not found (required by diffstat)
diffstat: /lib64/libc.so.6: version `GLIBC_2.34' not found (required by diffstat)

Error in commit 6bb27d7349db51b50c40534710fe164ca0d58902: diffstat error: diffstat: /lib64/libc.so.6: version `GLIBC_2.33' not found (required by diffstat)
diffstat: /lib64/libc.so.6: version `GLIBC_2.34' not found (required by diffstat)

Error in commit 99875249bfbfb6d9a2aba020ce65da2862d0dafa: diffstat error: diffstat: /lib64/libc.so.6: version `GLIBC_2.33' not found (required by diffstat)
diffstat: /lib64/libc.so.6: version `GLIBC_2.34' not found (required by diffstat)

Error in commit f4d791b330d02777fcaf02938732892eb3167e9b: diffstat error: diffstat: /lib64/libc.so.6: version `GLIBC_2.33' not found (required by diffstat)
diffstat: /lib64/libc.so.6: version `GLIBC_2.34' not found (required by diffstat)

Error in commit e87b51ce05c3eb172065a6ea5f48415854223285: diffstat error: diffstat: /lib64/libc.so.6: version `GLIBC_2.33' not found (required by diffstat)
diffstat: /lib64/libc.so.6: version `GLIBC_2.34' not found (required by diffstat)

Error in commit e8e38772751bf352150c3978676c2216792ea120: diffstat error: diffstat: /lib64/libc.so.6: version `GLIBC_2.33' not found (required by diffstat)
diffstat: /lib64/libc.so.6: version `GLIBC_2.34' not found (required by diffstat)

Error in commit 9e82dce6e6bd1f36a57e08fa85af213e2b2f2622: diffstat error: diffstat: /lib64/libc.so.6: version `GLIBC_2.33' not found (required by diffstat)
diffstat: /lib64/libc.so.6: version `GLIBC_2.34' not found (required by diffstat)

Error in commit ab9b4ba1b1713c2d5932b7b8166bd00642e9451a: diffstat error: diffstat: /lib64/libc.so.6: version `GLIBC_2.33' not found (required by diffstat)
diffstat: /lib64/libc.so.6: version `GLIBC_2.34' not found (required by diffstat)

Error in commit 429f009d2b2c09028647dd4bb7b3f6f414bbaad7: diffstat error: diffstat: /lib64/libc.so.6: version `GLIBC_2.33' not found (required by diffstat)
diffstat: /lib64/libc.so.6: version `GLIBC_2.34' not found (required by diffstat)

Error in commit 0e3a53269fe3d02d114a54430471116a400f4207: diffstat error: diffstat: /lib64/libc.so.6: version `GLIBC_2.33' not found (required by diffstat)
diffstat: /lib64/libc.so.6: version `GLIBC_2.34' not found (required by diffstat)

Error in commit ae64047b435aafd6c91f85ca7462ddb5b2a6c6f4: diffstat error: diffstat: /lib64/libc.so.6: version `GLIBC_2.33' not found (required by diffstat)
diffstat: /lib64/libc.so.6: version `GLIBC_2.34' not found (required by diffstat)

Error in commit eb71812fcc10e9c5348a5d1c61bd25b6fa06eaed: diffstat error: diffstat: /lib64/libc.so.6: version `GLIBC_2.33' not found (required by diffstat)
diffstat: /lib64/libc.so.6: version `GLIBC_2.34' not found (required by diffstat)

Error in commit 328c6d682698fdb9878dbb4f282963d42c538c01: diffstat error: diffstat: /lib64/libc.so.6: version `GLIBC_2.33' not found (required by diffstat)
diffstat: /lib64/libc.so.6: version `GLIBC_2.34' not found (required by diffstat)

Error in commit 1273cdc706eeedf8346d4b9faa5b33435056061d: diffstat error: diffstat: /lib64/libc.so.6: version `GLIBC_2.33' not found (required by diffstat)
diffstat: /lib64/libc.so.6: version `GLIBC_2.34' not found (required by diffstat)

Error in commit a6d1abe788f94df3c2a8fdd5fb3d3c6fedf5bd1d: diffstat error: diffstat: /lib64/libc.so.6: version `GLIBC_2.33' not found (required by diffstat)
diffstat: /lib64/libc.so.6: version `GLIBC_2.34' not found (required by diffstat)

Error in commit 1d6174f719076fabc8423f498c7437ececd19c5e: diffstat error: diffstat: /lib64/libc.so.6: version `GLIBC_2.33' not found (required by diffstat)
diffstat: /lib64/libc.so.6: version `GLIBC_2.34' not found (required by diffstat)

Error in commit 19b06935d59a39021330670776eb6b79002599c8: diffstat error: diffstat: /lib64/libc.so.6: version `GLIBC_2.33' not found (required by diffstat)
diffstat: /lib64/libc.so.6: version `GLIBC_2.34' not found (required by diffstat)

Error in commit ebd85e9a455df689c9be02a93354f580df4cafd8: diffstat error: diffstat: /lib64/libc.so.6: version `GLIBC_2.33' not found (required by diffstat)
diffstat: /lib64/libc.so.6: version `GLIBC_2.34' not found (required by diffstat)

Error in commit 6d34ff3645e97e4537ae9136ef4e015591142d01: diffstat error: diffstat: /lib64/libc.so.6: version `GLIBC_2.33' not found (required by diffstat)
diffstat: /lib64/libc.so.6: version `GLIBC_2.34' not found (required by diffstat)

Error in commit c6ad876774f3cc11e32681ea02a2eead00f2c521: diffstat error: diffstat: /lib64/libc.so.6: version `GLIBC_2.33' not found (required by diffstat)
diffstat: /lib64/libc.so.6: version `GLIBC_2.34' not found (required by diffstat)

Error in commit 04171147948d0a3636bc6374181926f0fb2ec83a: diffstat error: diffstat: /lib64/libc.so.6: version `GLIBC_2.33' not found (required by diffstat)
diffstat: /lib64/libc.so.6: version `GLIBC_2.34' not found (required by diffstat)

Error in commit c78e186739b50d156cb3da5d08d70294f0490853: diffstat error: diffstat: /lib64/libc.so.6: version `GLIBC_2.33' not found (required by diffstat)
diffstat: /lib64/libc.so.6: version `GLIBC_2.34' not found (required by diffstat)

Error in commit 0cf9ff05e4e24c13e4b9d7654d463599e93f8e95: diffstat error: diffstat: /lib64/libc.so.6: version `GLIBC_2.33' not found (required by diffstat)
diffstat: /lib64/libc.so.6: version `GLIBC_2.34' not found (required by diffstat)

Error in commit e8dc63704c88007ee4713076605c90188d66f3d2: diffstat error: diffstat: /lib64/libc.so.6: version `GLIBC_2.33' not found (required by diffstat)
diffstat: /lib64/libc.so.6: version `GLIBC_2.34' not found (required by diffstat)

Error in commit f6359593f9c877fcf81cbe0a1842ede8a77e4dbd: diffstat error: diffstat: /lib64/libc.so.6: version `GLIBC_2.33' not found (required by diffstat)
diffstat: /lib64/libc.so.6: version `GLIBC_2.34' not found (required by diffstat)

Error in commit d835d677ade78a41e0e097f67c87b6ab8588a90a: diffstat error: diffstat: /lib64/libc.so.6: version `GLIBC_2.33' not found (required by diffstat)
diffstat: /lib64/libc.so.6: version `GLIBC_2.34' not found (required by diffstat)

Error in commit 93357d357119093804df05acc32ff335839c6451: diffstat error: diffstat: /lib64/libc.so.6: version `GLIBC_2.33' not found (required by diffstat)
diffstat: /lib64/libc.so.6: version `GLIBC_2.34' not found (required by diffstat)

Error in commit f5a038e6893019ee471b6a57490cf7a495673816: diffstat error: diffstat: /lib64/libc.so.6: version `GLIBC_2.33' not found (required by diffstat)
diffstat: /lib64/libc.so.6: version `GLIBC_2.34' not found (required by diffstat)

Error in commit 7de3ccb74cf366b34b2f76aea6e3d43fe02d5984: diffstat error: diffstat: /lib64/libc.so.6: version `GLIBC_2.33' not found (required by diffstat)
diffstat: /lib64/libc.so.6: version `GLIBC_2.34' not found (required by diffstat)

Error in commit 23968a8bf65b009120c43b5ebcceaf52dbc9e943: diffstat error: diffstat: /lib64/libc.so.6: version `GLIBC_2.33' not found (required by diffstat)
diffstat: /lib64/libc.so.6: version `GLIBC_2.34' not found (required by diffstat)

Error in commit 002408c3696b173863228223d535f9de72a101a9: diffstat error: diffstat: /lib64/libc.so.6: version `GLIBC_2.33' not found (required by diffstat)
diffstat: /lib64/libc.so.6: version `GLIBC_2.34' not found (required by diffstat)

Error in commit 866bee3aeaa8f6dfd9a994c2a0c94c500ca1f664: diffstat error: diffstat: /lib64/libc.so.6: version `GLIBC_2.33' not found (required by diffstat)
diffstat: /lib64/libc.so.6: version `GLIBC_2.34' not found (required by diffstat)

Error in commit babc9bae71d31e35b8d66a715fcd527ee1ee645a: diffstat error: diffstat: /lib64/libc.so.6: version `GLIBC_2.33' not found (required by diffstat)
diffstat: /lib64/libc.so.6: version `GLIBC_2.34' not found (required by diffstat)

Error in commit 87c3f32e3c9c187cc1a9dfd4667ce2e117be76a5: diffstat error: diffstat: /lib64/libc.so.6: version `GLIBC_2.33' not found (required by diffstat)
diffstat: /lib64/libc.so.6: version `GLIBC_2.34' not found (required by diffstat)

Error in commit b9bd6cfd1c50e6807846af9a86f9b83cafc9c8ae: diffstat error: diffstat: /lib64/libc.so.6: version `GLIBC_2.33' not found (required by diffstat)
diffstat: /lib64/libc.so.6: version `GLIBC_2.34' not found (required by diffstat)

Error in commit 15391329339ceab62d7ffe59034b2dd19cc90ede: diffstat error: diffstat: /lib64/libc.so.6: version `GLIBC_2.33' not found (required by diffstat)
diffstat: /lib64/libc.so.6: version `GLIBC_2.34' not found (required by diffstat)

Error in commit ad0bf90c94806dd8f495d5680d7e3da4921b0253: diffstat error: diffstat: /lib64/libc.so.6: version `GLIBC_2.33' not found (required by diffstat)
diffstat: /lib64/libc.so.6: version `GLIBC_2.34' not found (required by diffstat)

Error in commit dd9217c6a0e06ae211e9f5db60dcb14d61295a76: diffstat error: diffstat: /lib64/libc.so.6: version `GLIBC_2.33' not found (required by diffstat)
diffstat: /lib64/libc.so.6: version `GLIBC_2.34' not found (required by diffstat)

Error in commit c56ea9b99d2c071f12f8b022d5e61c1e6bad0ebb: diffstat error: diffstat: /lib64/libc.so.6: version `GLIBC_2.33' not found (required by diffstat)
diffstat: /lib64/libc.so.6: version `GLIBC_2.34' not found (required by diffstat)

Error in commit 44f591aa8f7091e6ca6cb418e428ae6d4ceaf77d: diffstat error: diffstat: /lib64/libc.so.6: version `GLIBC_2.33' not found (required by diffstat)
diffstat: /lib64/libc.so.6: version `GLIBC_2.34' not found (required by diffstat)

Error in commit 36bca25e5860bc9bc2664a981b5463b94c87ddd3: diffstat error: diffstat: /lib64/libc.so.6: version `GLIBC_2.33' not found (required by diffstat)
diffstat: /lib64/libc.so.6: version `GLIBC_2.34' not found (required by diffstat)

Error in commit a35f89f86ed12161af09330e92e5a213014e46a1: diffstat error: diffstat: /lib64/libc.so.6: version `GLIBC_2.33' not found (required by diffstat)
diffstat: /lib64/libc.so.6: version `GLIBC_2.34' not found (required by diffstat)

Error in commit 177d608155ba8b11598b9bbf8240e90d8c350682: diffstat error: diffstat: /lib64/libc.so.6: version `GLIBC_2.33' not found (required by diffstat)
diffstat: /lib64/libc.so.6: version `GLIBC_2.34' not found (required by diffstat)

Error in commit 84efbaf7f0c1e63692945891162acc9fa755e549: diffstat error: diffstat: /lib64/libc.so.6: version `GLIBC_2.33' not found (required by diffstat)
diffstat: /lib64/libc.so.6: version `GLIBC_2.34' not found (required by diffstat)

Error in commit 04ad89062cfbcc9f927ca0b5fae3b4dc2365c030: diffstat error: diffstat: /lib64/libc.so.6: version `GLIBC_2.33' not found (required by diffstat)
diffstat: /lib64/libc.so.6: version `GLIBC_2.34' not found (required by diffstat)

Error in commit 7977f9f7eb64e51e351022e32d9d775be806e941: diffstat error: diffstat: /lib64/libc.so.6: version `GLIBC_2.33' not found (required by diffstat)
diffstat: /lib64/libc.so.6: version `GLIBC_2.34' not found (required by diffstat)

Error in commit e0bff859e36bf66b8322a0f374110e022b195940: diffstat error: diffstat: /lib64/libc.so.6: version `GLIBC_2.33' not found (required by diffstat)
diffstat: /lib64/libc.so.6: version `GLIBC_2.34' not found (required by diffstat)

Error in commit 00508108038cf98920701deda8b9950c9ffbb546: diffstat error: diffstat: /lib64/libc.so.6: version `GLIBC_2.33' not found (required by diffstat)
diffstat: /lib64/libc.so.6: version `GLIBC_2.34' not found (required by diffstat)

Error in commit 09047451061017d40bbbb0d58458319b3bd79c44: diffstat error: diffstat: /lib64/libc.so.6: version `GLIBC_2.33' not found (required by diffstat)
diffstat: /lib64/libc.so.6: version `GLIBC_2.34' not found (required by diffstat)

Error in commit 9c48816b6f72a52666f77455a22a1eb919b35f6a: diffstat error: diffstat: /lib64/libc.so.6: version `GLIBC_2.33' not found (required by diffstat)
diffstat: /lib64/libc.so.6: version `GLIBC_2.34' not found (required by diffstat)

Error in commit ba10b9c0038e201d7ea28a9e3908928439ff7fa4: diffstat error: diffstat: /lib64/libc.so.6: version `GLIBC_2.33' not found (required by diffstat)
diffstat: /lib64/libc.so.6: version `GLIBC_2.34' not found (required by diffstat)

Error in commit 817b8b9c5396d2b2d92311b46719aad5d3339dbe: diffstat error: diffstat: /lib64/libc.so.6: version `GLIBC_2.33' not found (required by diffstat)
diffstat: /lib64/libc.so.6: version `GLIBC_2.34' not found (required by diffstat)

Error in commit cfd5519b981c1aeb8f150a13b0f116fb281c8782: diffstat error: diffstat: /lib64/libc.so.6: version `GLIBC_2.33' not found (required by diffstat)
diffstat: /lib64/libc.so.6: version `GLIBC_2.34' not found (required by diffstat)

Error in commit ead0cee8265df7d019065b82d36284addbf05a75: diffstat error: diffstat: /lib64/libc.so.6: version `GLIBC_2.33' not found (required by diffstat)
diffstat: /lib64/libc.so.6: version `GLIBC_2.34' not found (required by diffstat)

Error in commit ecc44b6a2f18ee70ac133365de0e509d26d5e168: diffstat error: diffstat: /lib64/libc.so.6: version `GLIBC_2.33' not found (required by diffstat)
diffstat: /lib64/libc.so.6: version `GLIBC_2.34' not found (required by diffstat)

Error in commit 3dbe11b37d65c8472faf0654410068e5500b3adb: diffstat error: diffstat: /lib64/libc.so.6: version `GLIBC_2.33' not found (required by diffstat)
diffstat: /lib64/libc.so.6: version `GLIBC_2.34' not found (required by diffstat)

Error in commit 9357ee4c080b3b65a0f876bcbf416e11ff3bd9b6: diffstat error: diffstat: /lib64/libc.so.6: version `GLIBC_2.33' not found (required by diffstat)
diffstat: /lib64/libc.so.6: version `GLIBC_2.34' not found (required by diffstat)

Error in commit 81898a7718f6c5dd8a7fed38a761f0306f7a3fcf: diffstat error: diffstat: /lib64/libc.so.6: version `GLIBC_2.33' not found (required by diffstat)
diffstat: /lib64/libc.so.6: version `GLIBC_2.34' not found (required by diffstat)

Error in commit b179ebedc74a5ef7944e33d2e92b2a64c41707b6: diffstat error: diffstat: /lib64/libc.so.6: version `GLIBC_2.33' not found (required by diffstat)
diffstat: /lib64/libc.so.6: version `GLIBC_2.34' not found (required by diffstat)

Error in commit ea3139da8fb7dc2dc02b5c2882159e29d8247e59: diffstat error: diffstat: /lib64/libc.so.6: version `GLIBC_2.33' not found (required by diffstat)
diffstat: /lib64/libc.so.6: version `GLIBC_2.34' not found (required by diffstat)

Error in commit 945600fe89370c2be4314d3d22aa753f912a791a: diffstat error: diffstat: /lib64/libc.so.6: version `GLIBC_2.33' not found (required by diffstat)
diffstat: /lib64/libc.so.6: version `GLIBC_2.34' not found (required by diffstat)

Error in commit 97f2645f358b411ba2afb22e5966753f0ad92916: diffstat error: diffstat: /lib64/libc.so.6: version `GLIBC_2.33' not found (required by diffstat)
diffstat: /lib64/libc.so.6: version `GLIBC_2.34' not found (required by diffstat)

Error in commit 99764820d250dcb5c7d56e4526edb70f999be1c6: diffstat error: diffstat: /lib64/libc.so.6: version `GLIBC_2.33' not found (required by diffstat)
diffstat: /lib64/libc.so.6: version `GLIBC_2.34' not found (required by diffstat)

Error in commit 632f61ecd864e1842cdd8fd544452208f4b57214: diffstat error: diffstat: /lib64/libc.so.6: version `GLIBC_2.33' not found (required by diffstat)
diffstat: /lib64/libc.so.6: version `GLIBC_2.34' not found (required by diffstat)

Error in commit 4575b55281825d157573bbc5aa28b9144193ddd2: diffstat error: diffstat: /lib64/libc.so.6: version `GLIBC_2.33' not found (required by diffstat)
diffstat: /lib64/libc.so.6: version `GLIBC_2.34' not found (required by diffstat)

Error in commit 81a8824f2e751f31249bc23e166c09d82e287887: diffstat error: diffstat: /lib64/libc.so.6: version `GLIBC_2.33' not found (required by diffstat)
diffstat: /lib64/libc.so.6: version `GLIBC_2.34' not found (required by diffstat)

Error in commit 2c0dc990202c69a6231122ec2463c4e3076a16f3: diffstat error: diffstat: /lib64/libc.so.6: version `GLIBC_2.33' not found (required by diffstat)
diffstat: /lib64/libc.so.6: version `GLIBC_2.34' not found (required by diffstat)

Error in commit d391f1207067268261add0485f0f34503539c5b0: diffstat error: diffstat: /lib64/libc.so.6: version `GLIBC_2.33' not found (required by diffstat)
diffstat: /lib64/libc.so.6: version `GLIBC_2.34' not found (required by diffstat)

Error in commit 35bf0b7b048d715f671eb68974fb6b4af6528c67: diffstat error: diffstat: /lib64/libc.so.6: version `GLIBC_2.33' not found (required by diffstat)
diffstat: /lib64/libc.so.6: version `GLIBC_2.34' not found (required by diffstat)

Error in commit da79b8ba28ad4837a0fee13e5f8fb6f89fe0e24c: diffstat error: diffstat: /lib64/libc.so.6: version `GLIBC_2.33' not found (required by diffstat)
diffstat: /lib64/libc.so.6: version `GLIBC_2.34' not found (required by diffstat)

Error in commit 23a0620658714b996d20da3d4dd1a0dcf9b0bd98: diffstat error: diffstat: /lib64/libc.so.6: version `GLIBC_2.33' not found (required by diffstat)
diffstat: /lib64/libc.so.6: version `GLIBC_2.34' not found (required by diffstat)

Error in commit 8f21ad79b0cd98fc22d5b49734543101946abbff: diffstat error: diffstat: /lib64/libc.so.6: version `GLIBC_2.33' not found (required by diffstat)
diffstat: /lib64/libc.so.6: version `GLIBC_2.34' not found (required by diffstat)

Error in commit 6ca7950f71cd7edd336e2e65f25084d8695a0d62: diffstat error: diffstat: /lib64/libc.so.6: version `GLIBC_2.33' not found (required by diffstat)
diffstat: /lib64/libc.so.6: version `GLIBC_2.34' not found (required by diffstat)

Error in commit a5e6e6505f38f7bce1d3576503a2bffff3fa888c: diffstat error: diffstat: /lib64/libc.so.6: version `GLIBC_2.33' not found (required by diffstat)
diffstat: /lib64/libc.so.6: version `GLIBC_2.34' not found (required by diffstat)

Error in commit 4379bf8bd70b5de6bba7d53015b0c36c57a634ee: diffstat error: diffstat: /lib64/libc.so.6: version `GLIBC_2.33' not found (required by diffstat)
diffstat: /lib64/libc.so.6: version `GLIBC_2.34' not found (required by diffstat)

Error in commit eb32cc1e6ded5c46052918d69f8de09bf2730b17: diffstat error: diffstat: /lib64/libc.so.6: version `GLIBC_2.33' not found (required by diffstat)
diffstat: /lib64/libc.so.6: version `GLIBC_2.34' not found (required by diffstat)

Error in commit 5de454b291f48382648a5d1dc2aa0fca8b5786d4: diffstat error: diffstat: /lib64/libc.so.6: version `GLIBC_2.33' not found (required by diffstat)
diffstat: /lib64/libc.so.6: version `GLIBC_2.34' not found (required by diffstat)

Error in commit fc6d01ff9ef03b66d4a3a23b46fc3c3d8cf92009: diffstat error: diffstat: /lib64/libc.so.6: version `GLIBC_2.33' not found (required by diffstat)
diffstat: /lib64/libc.so.6: version `GLIBC_2.34' not found (required by diffstat)

Error in commit 3e256b8f8dfa309a80b5dece388d85d9a9801a29: diffstat error: diffstat: /lib64/libc.so.6: version `GLIBC_2.33' not found (required by diffstat)
diffstat: /lib64/libc.so.6: version `GLIBC_2.34' not found (required by diffstat)

Error in commit 4071bf121d59944d5cd2238de0642f3d7995a997: diffstat error: diffstat: /lib64/libc.so.6: version `GLIBC_2.33' not found (required by diffstat)
diffstat: /lib64/libc.so.6: version `GLIBC_2.34' not found (required by diffstat)

Error in commit 67c8d22a73128ff910e2287567132530abcf5b71: diffstat error: diffstat: /lib64/libc.so.6: version `GLIBC_2.33' not found (required by diffstat)
diffstat: /lib64/libc.so.6: version `GLIBC_2.34' not found (required by diffstat)

Error in commit bef41f6ec4097a8ee094f90a1b34a708fbd757ec: diffstat error: diffstat: /lib64/libc.so.6: version `GLIBC_2.33' not found (required by diffstat)
diffstat: /lib64/libc.so.6: version `GLIBC_2.34' not found (required by diffstat)

Error in commit 1f6da568b27629c6da1d6b356e430f4e0be3d3ee: diffstat error: diffstat: /lib64/libc.so.6: version `GLIBC_2.33' not found (required by diffstat)
diffstat: /lib64/libc.so.6: version `GLIBC_2.34' not found (required by diffstat)

Error in commit f2a93afb4660cfe206171756cb813b34b2ce0e7c: diffstat error: diffstat: /lib64/libc.so.6: version `GLIBC_2.33' not found (required by diffstat)
diffstat: /lib64/libc.so.6: version `GLIBC_2.34' not found (required by diffstat)

Error in commit 7aeeca2b1c5936890ef5c0666f856d63db679e8d: diffstat error: diffstat: /lib64/libc.so.6: version `GLIBC_2.33' not found (required by diffstat)
diffstat: /lib64/libc.so.6: version `GLIBC_2.34' not found (required by diffstat)

Error in commit a09d2d00af53b43c6f11e6ab3cb58443c2cac8a7: diffstat error: diffstat: /lib64/libc.so.6: version `GLIBC_2.33' not found (required by diffstat)
diffstat: /lib64/libc.so.6: version `GLIBC_2.34' not found (required by diffstat)

Error in commit 49b3824d83af706df0ad07e4e677d88659756d89: diffstat error: diffstat: /lib64/libc.so.6: version `GLIBC_2.33' not found (required by diffstat)
diffstat: /lib64/libc.so.6: version `GLIBC_2.34' not found (required by diffstat)

Error in commit 32d7bd3defd134f21a4e344c8dfd40099aaf6b18: diffstat error: diffstat: /lib64/libc.so.6: version `GLIBC_2.33' not found (required by diffstat)
diffstat: /lib64/libc.so.6: version `GLIBC_2.34' not found (required by diffstat)

Error in commit ee89fccfd1db25563dadd0e3b4336612d7c52e0a: diffstat error: diffstat: /lib64/libc.so.6: version `GLIBC_2.33' not found (required by diffstat)
diffstat: /lib64/libc.so.6: version `GLIBC_2.34' not found (required by diffstat)

Error in commit 79a5188e059b4a4da0dea43de49281c904c41fa9: diffstat error: diffstat: /lib64/libc.so.6: version `GLIBC_2.33' not found (required by diffstat)
diffstat: /lib64/libc.so.6: version `GLIBC_2.34' not found (required by diffstat)

Error in commit 87e111077fe466a444c18e18d25d23e8e699554c: diffstat error: diffstat: /lib64/libc.so.6: version `GLIBC_2.33' not found (required by diffstat)
diffstat: /lib64/libc.so.6: version `GLIBC_2.34' not found (required by diffstat)

Error in commit 3df89b127121bc3b9339c768e91bf310a5cc33f7: diffstat error: diffstat: /lib64/libc.so.6: version `GLIBC_2.33' not found (required by diffstat)
diffstat: /lib64/libc.so.6: version `GLIBC_2.34' not found (required by diffstat)

Error in commit 9a98c7a156709ae16f7e043f866ecb452ce906f8: diffstat error: diffstat: /lib64/libc.so.6: version `GLIBC_2.33' not found (required by diffstat)
diffstat: /lib64/libc.so.6: version `GLIBC_2.34' not found (required by diffstat)

Error in commit 2309238d043cb3ba120a7e67cea4892e0fd2224b: diffstat error: diffstat: /lib64/libc.so.6: version `GLIBC_2.33' not found (required by diffstat)
diffstat: /lib64/libc.so.6: version `GLIBC_2.34' not found (required by diffstat)

Error in commit a5bebd3c659f2e401fe3c9ff6c1a87f8018876c7: diffstat error: diffstat: /lib64/libc.so.6: version `GLIBC_2.33' not found (required by diffstat)
diffstat: /lib64/libc.so.6: version `GLIBC_2.34' not found (required by diffstat)

Error in commit 860f025468feb31c43227153d8fb3f34210a522e: diffstat error: diffstat: /lib64/libc.so.6: version `GLIBC_2.33' not found (required by diffstat)
diffstat: /lib64/libc.so.6: version `GLIBC_2.34' not found (required by diffstat)

Error in commit cf35502463a88ca7185a99daa7031df60b3c1c98: diffstat error: diffstat: /lib64/libc.so.6: version `GLIBC_2.33' not found (required by diffstat)
diffstat: /lib64/libc.so.6: version `GLIBC_2.34' not found (required by diffstat)

Error in commit af4a6a3c8b95022c351edae94560acc61253a1b8: diffstat error: diffstat: /lib64/libc.so.6: version `GLIBC_2.33' not found (required by diffstat)
diffstat: /lib64/libc.so.6: version `GLIBC_2.34' not found (required by diffstat)

Error in commit 076b807be472630692c5348c60d0c2b7b28ad437: diffstat error: diffstat: /lib64/libc.so.6: version `GLIBC_2.33' not found (required by diffstat)
diffstat: /lib64/libc.so.6: version `GLIBC_2.34' not found (required by diffstat)

Error in commit 85771856fe405e385b04d98a88d96f4adc8668c2: diffstat error: diffstat: /lib64/libc.so.6: version `GLIBC_2.33' not found (required by diffstat)
diffstat: /lib64/libc.so.6: version `GLIBC_2.34' not found (required by diffstat)

Error in commit 7dbb0404b54ddece97bf7420aa0798d23214695d: diffstat error: diffstat: /lib64/libc.so.6: version `GLIBC_2.33' not found (required by diffstat)
diffstat: /lib64/libc.so.6: version `GLIBC_2.34' not found (required by diffstat)

Error in commit 7a7d737a3929f335b9717ddbd31db91151b69ad2: diffstat error: diffstat: /lib64/libc.so.6: version `GLIBC_2.33' not found (required by diffstat)
diffstat: /lib64/libc.so.6: version `GLIBC_2.34' not found (required by diffstat)

Error in commit cf14183bcd5485b4a71541599ddce0b35eb71352: diffstat error: diffstat: /lib64/libc.so.6: version `GLIBC_2.33' not found (required by diffstat)
diffstat: /lib64/libc.so.6: version `GLIBC_2.34' not found (required by diffstat)

Error in commit 070fb21e5912b6aa22509083aaca030d1f4e7d57: diffstat error: diffstat: /lib64/libc.so.6: version `GLIBC_2.33' not found (required by diffstat)
diffstat: /lib64/libc.so.6: version `GLIBC_2.34' not found (required by diffstat)

Error in commit fbd3eb7f66c5b4f37a959bc2deaeb1d7b5ddf0d4: diffstat error: diffstat: /lib64/libc.so.6: version `GLIBC_2.33' not found (required by diffstat)
diffstat: /lib64/libc.so.6: version `GLIBC_2.34' not found (required by diffstat)

Error in commit 1f23a56a46b81de50eb8b898f06296ca06720a99: diffstat error: diffstat: /lib64/libc.so.6: version `GLIBC_2.33' not found (required by diffstat)
diffstat: /lib64/libc.so.6: version `GLIBC_2.34' not found (required by diffstat)

Error in commit 39b540ff33564506c920cddb9da8d51dcc408839: diffstat error: diffstat: /lib64/libc.so.6: version `GLIBC_2.33' not found (required by diffstat)
diffstat: /lib64/libc.so.6: version `GLIBC_2.34' not found (required by diffstat)

Error in commit 4cd6350cadff4dd59f455f8c3a243e211edf4947: diffstat error: diffstat: /lib64/libc.so.6: version `GLIBC_2.33' not found (required by diffstat)
diffstat: /lib64/libc.so.6: version `GLIBC_2.34' not found (required by diffstat)

Error in commit bddf03fe453138954a51b5afbc7572e30d7f9d0e: diffstat error: diffstat: /lib64/libc.so.6: version `GLIBC_2.33' not found (required by diffstat)
diffstat: /lib64/libc.so.6: version `GLIBC_2.34' not found (required by diffstat)

Error in commit f06f18e57ff17297e6e20c889d51f141f841496f: diffstat error: diffstat: /lib64/libc.so.6: version `GLIBC_2.33' not found (required by diffstat)
diffstat: /lib64/libc.so.6: version `GLIBC_2.34' not found (required by diffstat)

Error in commit 309a3c7964d14306da73196f536f33eebd333d0f: diffstat error: diffstat: /lib64/libc.so.6: version `GLIBC_2.33' not found (required by diffstat)
diffstat: /lib64/libc.so.6: version `GLIBC_2.34' not found (required by diffstat)

Error in commit 7c9d2a458ee6cb925a0b3d23793d0e356a6eac12: diffstat error: diffstat: /lib64/libc.so.6: version `GLIBC_2.33' not found (required by diffstat)
diffstat: /lib64/libc.so.6: version `GLIBC_2.34' not found (required by diffstat)

Error in commit 1295ae4dbb52fe06b19733b0257e2340d7b63b8d: diffstat error: diffstat: /lib64/libc.so.6: version `GLIBC_2.33' not found (required by diffstat)
diffstat: /lib64/libc.so.6: version `GLIBC_2.34' not found (required by diffstat)

Error in commit 2eedc8f676d2c3b8be9492e547b2bc814c10b367: diffstat error: diffstat: /lib64/libc.so.6: version `GLIBC_2.33' not found (required by diffstat)
diffstat: /lib64/libc.so.6: version `GLIBC_2.34' not found (required by diffstat)

Error in commit 3c0a7b287f723c229a92eb0008ef6a9a56396f8e: diffstat error: diffstat: /lib64/libc.so.6: version `GLIBC_2.33' not found (required by diffstat)
diffstat: /lib64/libc.so.6: version `GLIBC_2.34' not found (required by diffstat)

Error in commit 3e8539cbca22e04e6e8f6ca30460d526fee4b5aa: diffstat error: diffstat: /lib64/libc.so.6: version `GLIBC_2.33' not found (required by diffstat)
diffstat: /lib64/libc.so.6: version `GLIBC_2.34' not found (required by diffstat)

Error in commit a024d7b8ff6f377b8f25ff5081e34eb2fe784852: diffstat error: diffstat: /lib64/libc.so.6: version `GLIBC_2.33' not found (required by diffstat)
diffstat: /lib64/libc.so.6: version `GLIBC_2.34' not found (required by diffstat)

Error in commit c7559a5a8b99626abfff80d622d984038f233396: diffstat error: diffstat: /lib64/libc.so.6: version `GLIBC_2.33' not found (required by diffstat)
diffstat: /lib64/libc.so.6: version `GLIBC_2.34' not found (required by diffstat)

Error in commit c5bba99d1a655a177eef9aeb71207326929c66d9: diffstat error: diffstat: /lib64/libc.so.6: version `GLIBC_2.33' not found (required by diffstat)
diffstat: /lib64/libc.so.6: version `GLIBC_2.34' not found (required by diffstat)

Error in commit 3059f3581287981d50bce30480bd1aa98ce73caf: diffstat error: diffstat: /lib64/libc.so.6: version `GLIBC_2.33' not found (required by diffstat)
diffstat: /lib64/libc.so.6: version `GLIBC_2.34' not found (required by diffstat)

Error in commit e2982e7f6f0b624a773ec5a58885ee80fab46d34: diffstat error: diffstat: /lib64/libc.so.6: version `GLIBC_2.33' not found (required by diffstat)
diffstat: /lib64/libc.so.6: version `GLIBC_2.34' not found (required by diffstat)

Error in commit b436c8d7e5346a241b00511a11585936895d959d: diffstat error: diffstat: /lib64/libc.so.6: version `GLIBC_2.33' not found (required by diffstat)
diffstat: /lib64/libc.so.6: version `GLIBC_2.34' not found (required by diffstat)

Error in commit 7e65c300b6927bff3fb9cfa84e98fd662941fc20: diffstat error: diffstat: /lib64/libc.so.6: version `GLIBC_2.33' not found (required by diffstat)
diffstat: /lib64/libc.so.6: version `GLIBC_2.34' not found (required by diffstat)

Error in commit aaf1381eab6292aa0444a5eadcc24165b6e1c02d: diffstat error: diffstat: /lib64/libc.so.6: version `GLIBC_2.33' not found (required by diffstat)
diffstat: /lib64/libc.so.6: version `GLIBC_2.34' not found (required by diffstat)

Error in commit 38be0d13830efd2d98281c645c3a60afe05ffece: diffstat error: diffstat: /lib64/libc.so.6: version `GLIBC_2.33' not found (required by diffstat)
diffstat: /lib64/libc.so.6: version `GLIBC_2.34' not found (required by diffstat)

Error in commit ac6424b981bce1c4bc55675c6ce11bfe1bbfa64f: diffstat error: diffstat: /lib64/libc.so.6: version `GLIBC_2.33' not found (required by diffstat)
diffstat: /lib64/libc.so.6: version `GLIBC_2.34' not found (required by diffstat)

Error in commit a0a334a4913b37d5a01bad3cb85bdc0f1a57d423: diffstat error: diffstat: /lib64/libc.so.6: version `GLIBC_2.33' not found (required by diffstat)
diffstat: /lib64/libc.so.6: version `GLIBC_2.34' not found (required by diffstat)

Error in commit 1cd1716280667168bf273345f57e2e5e15623771: diffstat error: diffstat: /lib64/libc.so.6: version `GLIBC_2.33' not found (required by diffstat)
diffstat: /lib64/libc.so.6: version `GLIBC_2.34' not found (required by diffstat)

Error in commit ccec26b7d331ca05083d27071a7551f8dfdcf7ec: diffstat error: diffstat: /lib64/libc.so.6: version `GLIBC_2.33' not found (required by diffstat)
diffstat: /lib64/libc.so.6: version `GLIBC_2.34' not found (required by diffstat)

Error in commit 6c607151a5361376d0515ba49ae46ff414cbb386: diffstat error: diffstat: /lib64/libc.so.6: version `GLIBC_2.33' not found (required by diffstat)
diffstat: /lib64/libc.so.6: version `GLIBC_2.34' not found (required by diffstat)

Error in commit 2d2699d984924890f6dac8cf51c3b6311f56816c: diffstat error: diffstat: /lib64/libc.so.6: version `GLIBC_2.33' not found (required by diffstat)
diffstat: /lib64/libc.so.6: version `GLIBC_2.34' not found (required by diffstat)

Error in commit 54cdc146bbe50018526770be201b56643ad58ba7: diffstat error: diffstat: /lib64/libc.so.6: version `GLIBC_2.33' not found (required by diffstat)
diffstat: /lib64/libc.so.6: version `GLIBC_2.34' not found (required by diffstat)

Error in commit ab8626990ffb2b438ef41c2e05b4b3365f60d25a: SHA b'ab8626990ffb2b438ef41c2e05b4b3365f60d25a' could not be resolved, git returned: b'ab8626990ffb2b438ef41c2e05b4b3365f60d25a missing'
Error in commit c90e79b3b22fec309cab55af2ee606f71b027b12: diffstat error: diffstat: /lib64/libc.so.6: version `GLIBC_2.33' not found (required by diffstat)
diffstat: /lib64/libc.so.6: version `GLIBC_2.34' not found (required by diffstat)

Error in commit 8670b7bb9154d79c276483dcb7c9e9fd5e66455b: diffstat error: diffstat: /lib64/libc.so.6: version `GLIBC_2.33' not found (required by diffstat)
diffstat: /lib64/libc.so.6: version `GLIBC_2.34' not found (required by diffstat)

Error in commit fc9b17b26c506463035caad454f2f9401b04be31: diffstat error: diffstat: /lib64/libc.so.6: version `GLIBC_2.33' not found (required by diffstat)
diffstat: /lib64/libc.so.6: version `GLIBC_2.34' not found (required by diffstat)

Error in commit 6c79664bc46ff894e878d52c3608352f70418a5d: diffstat error: diffstat: /lib64/libc.so.6: version `GLIBC_2.33' not found (required by diffstat)
diffstat: /lib64/libc.so.6: version `GLIBC_2.34' not found (required by diffstat)

Error in commit 345431b5cb528a4ba29ef930fa8b7784131ff6cc: diffstat error: diffstat: /lib64/libc.so.6: version `GLIBC_2.33' not found (required by diffstat)
diffstat: /lib64/libc.so.6: version `GLIBC_2.34' not found (required by diffstat)

Error in commit da5b3d002862d1e105002a6dc1567e6551860896: diffstat error: diffstat: /lib64/libc.so.6: version `GLIBC_2.33' not found (required by diffstat)
diffstat: /lib64/libc.so.6: version `GLIBC_2.34' not found (required by diffstat)

Error in commit d8420d4dca9c36ea1c74398c5de52337914c34de: diffstat error: diffstat: /lib64/libc.so.6: version `GLIBC_2.33' not found (required by diffstat)
diffstat: /lib64/libc.so.6: version `GLIBC_2.34' not found (required by diffstat)

Error in commit 00f1025b9ee38c6207787f4ca0d4098508716d14: diffstat error: diffstat: /lib64/libc.so.6: version `GLIBC_2.33' not found (required by diffstat)
diffstat: /lib64/libc.so.6: version `GLIBC_2.34' not found (required by diffstat)

Error in commit 88a1701b423c13991a8064feeb26952d3641d840: diffstat error: diffstat: /lib64/libc.so.6: version `GLIBC_2.33' not found (required by diffstat)
diffstat: /lib64/libc.so.6: version `GLIBC_2.34' not found (required by diffstat)

Error in commit a9705a1e0b2cf0cde3e6f8dee14c25ffc074c00a: diffstat error: diffstat: /lib64/libc.so.6: version `GLIBC_2.33' not found (required by diffstat)
diffstat: /lib64/libc.so.6: version `GLIBC_2.34' not found (required by diffstat)

Error in commit edf410cb74dc612fd47ef5be319c5a0bcd6e6ccd: diffstat error: diffstat: /lib64/libc.so.6: version `GLIBC_2.33' not found (required by diffstat)
diffstat: /lib64/libc.so.6: version `GLIBC_2.34' not found (required by diffstat)

Error in commit ced8def38409d2e3f76af4428a823678e46d24eb: diffstat error: diffstat: /lib64/libc.so.6: version `GLIBC_2.33' not found (required by diffstat)
diffstat: /lib64/libc.so.6: version `GLIBC_2.34' not found (required by diffstat)

Error in commit 3900307bea50f5c08706bd25b1fdc0e4b03f9265: diffstat error: diffstat: /lib64/libc.so.6: version `GLIBC_2.33' not found (required by diffstat)
diffstat: /lib64/libc.so.6: version `GLIBC_2.34' not found (required by diffstat)

Error in commit e02369182f073da2147fc3ff090249929492ba87: diffstat error: diffstat: /lib64/libc.so.6: version `GLIBC_2.33' not found (required by diffstat)
diffstat: /lib64/libc.so.6: version `GLIBC_2.34' not found (required by diffstat)

Error in commit e0d2850571389010de240b82172cae5ee78c9da4: diffstat error: diffstat: /lib64/libc.so.6: version `GLIBC_2.33' not found (required by diffstat)
diffstat: /lib64/libc.so.6: version `GLIBC_2.34' not found (required by diffstat)

Error in commit df339671ac052db36e99540c63c7e042929d1005: diffstat error: diffstat: /lib64/libc.so.6: version `GLIBC_2.33' not found (required by diffstat)
diffstat: /lib64/libc.so.6: version `GLIBC_2.34' not found (required by diffstat)

Error in commit 6a03106ac1eab39d0303662963589ecb2374c97f: diffstat error: diffstat: /lib64/libc.so.6: version `GLIBC_2.33' not found (required by diffstat)
diffstat: /lib64/libc.so.6: version `GLIBC_2.34' not found (required by diffstat)

Error in commit 77b3fb4df0f126784d5fd4967c28ed40eb8d521b: diffstat error: diffstat: /lib64/libc.so.6: version `GLIBC_2.33' not found (required by diffstat)
diffstat: /lib64/libc.so.6: version `GLIBC_2.34' not found (required by diffstat)

Error in commit f9be3a48a221560671bd3dc6425f3aac348329b4: diffstat error: diffstat: /lib64/libc.so.6: version `GLIBC_2.33' not found (required by diffstat)
diffstat: /lib64/libc.so.6: version `GLIBC_2.34' not found (required by diffstat)

Error in commit 35f80b61697ed55eecff7a72932905d7a35516f8: diffstat error: diffstat: /lib64/libc.so.6: version `GLIBC_2.33' not found (required by diffstat)
diffstat: /lib64/libc.so.6: version `GLIBC_2.34' not found (required by diffstat)

Error in commit 41eb71b58a4ee1c1c0b38136edcae613cb6b695d: diffstat error: diffstat: /lib64/libc.so.6: version `GLIBC_2.33' not found (required by diffstat)
diffstat: /lib64/libc.so.6: version `GLIBC_2.34' not found (required by diffstat)

Error in commit 5558233fb7defda706b4f9c87c17759705949889: diffstat error: diffstat: /lib64/libc.so.6: version `GLIBC_2.33' not found (required by diffstat)
diffstat: /lib64/libc.so.6: version `GLIBC_2.34' not found (required by diffstat)

Error in commit a34ffa7941061f34d309391146d397630415e59b: diffstat error: diffstat: /lib64/libc.so.6: version `GLIBC_2.33' not found (required by diffstat)
diffstat: /lib64/libc.so.6: version `GLIBC_2.34' not found (required by diffstat)

Error in commit d097084b73a9b920885a0e388b9908a421094555: diffstat error: diffstat: /lib64/libc.so.6: version `GLIBC_2.33' not found (required by diffstat)
diffstat: /lib64/libc.so.6: version `GLIBC_2.34' not found (required by diffstat)

Error in commit 2d9f1c9ce655cc38511aeeb6e95ac30914f7aec9: diffstat error: diffstat: /lib64/libc.so.6: version `GLIBC_2.33' not found (required by diffstat)
diffstat: /lib64/libc.so.6: version `GLIBC_2.34' not found (required by diffstat)

Error in commit 445aa5e62290e3532e881fe58dc8a1f536eb41da: diffstat error: diffstat: /lib64/libc.so.6: version `GLIBC_2.33' not found (required by diffstat)
diffstat: /lib64/libc.so.6: version `GLIBC_2.34' not found (required by diffstat)

Error in commit d8d4fcd1182e4295cb4307333a4af4ea3e3c75db: diffstat error: diffstat: /lib64/libc.so.6: version `GLIBC_2.33' not found (required by diffstat)
diffstat: /lib64/libc.so.6: version `GLIBC_2.34' not found (required by diffstat)

Error in commit 4e076c73e4f6e90816b30fcd4a0d7ab365087255: diffstat error: diffstat: /lib64/libc.so.6: version `GLIBC_2.33' not found (required by diffstat)
diffstat: /lib64/libc.so.6: version `GLIBC_2.34' not found (required by diffstat)

Error in commit c927b8555dfc87c3924d703cd354cf760d76ad21: diffstat error: diffstat: /lib64/libc.so.6: version `GLIBC_2.33' not found (required by diffstat)
diffstat: /lib64/libc.so.6: version `GLIBC_2.34' not found (required by diffstat)

Error in commit 579d7dcc01ac0fa0d8e760765794d88b3a6ad283: diffstat error: diffstat: /lib64/libc.so.6: version `GLIBC_2.33' not found (required by diffstat)
diffstat: /lib64/libc.so.6: version `GLIBC_2.34' not found (required by diffstat)

Error in commit 7011bddf846b1f64a8495573e7e25b51efb23c2e: diffstat error: diffstat: /lib64/libc.so.6: version `GLIBC_2.33' not found (required by diffstat)
diffstat: /lib64/libc.so.6: version `GLIBC_2.34' not found (required by diffstat)

Error in commit 0fd9b0c4fac90cb58d6bb64bf4868b6e2a676a62: diffstat error: diffstat: /lib64/libc.so.6: version `GLIBC_2.33' not found (required by diffstat)
diffstat: /lib64/libc.so.6: version `GLIBC_2.34' not found (required by diffstat)

Error in commit bbc9874b817fcdfda4fac71e806bc4c077ba001e: diffstat error: diffstat: /lib64/libc.so.6: version `GLIBC_2.33' not found (required by diffstat)
diffstat: /lib64/libc.so.6: version `GLIBC_2.34' not found (required by diffstat)

Error in commit 447c1042f476cb01d1020da47de4a33db113ebcb: diffstat error: diffstat: /lib64/libc.so.6: version `GLIBC_2.33' not found (required by diffstat)
diffstat: /lib64/libc.so.6: version `GLIBC_2.34' not found (required by diffstat)

Error in commit 97953998d2d60673ed6c30ddfb6a2d59b4230f97: diffstat error: diffstat: /lib64/libc.so.6: version `GLIBC_2.33' not found (required by diffstat)
diffstat: /lib64/libc.so.6: version `GLIBC_2.34' not found (required by diffstat)

Error in commit d0b0d17a4099f0aa02291c05d601ea995d8ed307: diffstat error: diffstat: /lib64/libc.so.6: version `GLIBC_2.33' not found (required by diffstat)
diffstat: /lib64/libc.so.6: version `GLIBC_2.34' not found (required by diffstat)

Error in commit c2735013b2f1da1f83d7a08160adb063a42f8b8b: diffstat error: diffstat: /lib64/libc.so.6: version `GLIBC_2.33' not found (required by diffstat)
diffstat: /lib64/libc.so.6: version `GLIBC_2.34' not found (required by diffstat)

Error in commit 79e713f3e527593a45f545e854cd9e6fbb3cd3ed: diffstat error: diffstat: /lib64/libc.so.6: version `GLIBC_2.33' not found (required by diffstat)
diffstat: /lib64/libc.so.6: version `GLIBC_2.34' not found (required by diffstat)

Error in commit bf618ec7f243cebfb0f7e84c3cb158955cb32b4d: diffstat error: diffstat: /lib64/libc.so.6: version `GLIBC_2.33' not found (required by diffstat)
diffstat: /lib64/libc.so.6: version `GLIBC_2.34' not found (required by diffstat)

Error in commit d42a0ebe6632bd0c318560e4293a522634f60594: diffstat error: diffstat: /lib64/libc.so.6: version `GLIBC_2.33' not found (required by diffstat)
diffstat: /lib64/libc.so.6: version `GLIBC_2.34' not found (required by diffstat)

Error in commit 7c2d4fee2547650102cd16d23f8125b76112ae75: diffstat error: diffstat: /lib64/libc.so.6: version `GLIBC_2.33' not found (required by diffstat)
diffstat: /lib64/libc.so.6: version `GLIBC_2.34' not found (required by diffstat)

Error in commit 99debe5f823f45a482e1dc08de35879aa9c74bd2: diffstat error: diffstat: /lib64/libc.so.6: version `GLIBC_2.33' not found (required by diffstat)
diffstat: /lib64/libc.so.6: version `GLIBC_2.34' not found (required by diffstat)

Error in commit db7a8bb598d34b65cecc32d7af9056f9e75ac611: diffstat error: diffstat: /lib64/libc.so.6: version `GLIBC_2.33' not found (required by diffstat)
diffstat: /lib64/libc.so.6: version `GLIBC_2.34' not found (required by diffstat)

Error in commit 85680897148f1ac33b55418e00334116e419717f: diffstat error: diffstat: /lib64/libc.so.6: version `GLIBC_2.33' not found (required by diffstat)
diffstat: /lib64/libc.so.6: version `GLIBC_2.34' not found (required by diffstat)

Error in commit 28c85619243e6320e75d7abcfe8244fa99d054dd: diffstat error: diffstat: /lib64/libc.so.6: version `GLIBC_2.33' not found (required by diffstat)
diffstat: /lib64/libc.so.6: version `GLIBC_2.34' not found (required by diffstat)

Error in commit 4b371058bfea666727984d7547eee47e96a731c0: diffstat error: diffstat: /lib64/libc.so.6: version `GLIBC_2.33' not found (required by diffstat)
diffstat: /lib64/libc.so.6: version `GLIBC_2.34' not found (required by diffstat)

Error in commit 97065761333fd62db1912d81b489db938d8c991d: diffstat error: diffstat: /lib64/libc.so.6: version `GLIBC_2.33' not found (required by diffstat)
diffstat: /lib64/libc.so.6: version `GLIBC_2.34' not found (required by diffstat)

Error in commit 6e8700f8fe239e0185cf3c863a7f569b53a17620: diffstat error: diffstat: /lib64/libc.so.6: version `GLIBC_2.33' not found (required by diffstat)
diffstat: /lib64/libc.so.6: version `GLIBC_2.34' not found (required by diffstat)

Error in commit ff1f8a623e090dee8a8aadf12a6a4b25efac143d: SHA b'ff1f8a623e090dee8a8aadf12a6a4b25efac143d' could not be resolved, git returned: b'ff1f8a623e090dee8a8aadf12a6a4b25efac143d missing'
Error in commit db3a785241fda63bf53f0ec12bb519aa5210de19: SHA b'db3a785241fda63bf53f0ec12bb519aa5210de19' could not be resolved, git returned: b'db3a785241fda63bf53f0ec12bb519aa5210de19 missing'
Error in commit 5fcd07ecb1428bfe245ad6fa349aead476c7e772: diffstat error: diffstat: /lib64/libc.so.6: version `GLIBC_2.33' not found (required by diffstat)
diffstat: /lib64/libc.so.6: version `GLIBC_2.34' not found (required by diffstat)

Error in commit 4d77e1a0344aa22964b4db5a71181183431e9a53: diffstat error: diffstat: /lib64/libc.so.6: version `GLIBC_2.33' not found (required by diffstat)
diffstat: /lib64/libc.so.6: version `GLIBC_2.34' not found (required by diffstat)

Error in commit a985b4593d3f0c788c5e6ef0066bf82ae550cfb8: diffstat error: diffstat: /lib64/libc.so.6: version `GLIBC_2.33' not found (required by diffstat)
diffstat: /lib64/libc.so.6: version `GLIBC_2.34' not found (required by diffstat)

Error in commit d61aede89cf188367766b971f59cf57d7835d8e8: diffstat error: diffstat: /lib64/libc.so.6: version `GLIBC_2.33' not found (required by diffstat)
diffstat: /lib64/libc.so.6: version `GLIBC_2.34' not found (required by diffstat)

Error in commit 55a5bb9716791f25b80e23dd6202ccf05922b460: diffstat error: diffstat: /lib64/libc.so.6: version `GLIBC_2.33' not found (required by diffstat)
diffstat: /lib64/libc.so.6: version `GLIBC_2.34' not found (required by diffstat)

Error in commit fe8b7f31db687f8b9992864b82c93d22833019c7: SHA b'fe8b7f31db687f8b9992864b82c93d22833019c7' could not be resolved, git returned: b'fe8b7f31db687f8b9992864b82c93d22833019c7 missing'
Error in commit afc847b7ddcf636e524cf5b0de644bd3a9419a8c: diffstat error: diffstat: /lib64/libc.so.6: version `GLIBC_2.33' not found (required by diffstat)
diffstat: /lib64/libc.so.6: version `GLIBC_2.34' not found (required by diffstat)

Error in commit 3df80d9320bcaea72b1b4761a319c79cb3fdaf5f: diffstat error: diffstat: /lib64/libc.so.6: version `GLIBC_2.33' not found (required by diffstat)
diffstat: /lib64/libc.so.6: version `GLIBC_2.34' not found (required by diffstat)

Error in commit 5ce1bbb97bf1e6707102d30499e7feaa1e6a2134: diffstat error: diffstat: /lib64/libc.so.6: version `GLIBC_2.33' not found (required by diffstat)
diffstat: /lib64/libc.so.6: version `GLIBC_2.34' not found (required by diffstat)

Error in commit 03a0137fabc8dea0201aed99aad01acfad48bce6: diffstat error: diffstat: /lib64/libc.so.6: version `GLIBC_2.33' not found (required by diffstat)
diffstat: /lib64/libc.so.6: version `GLIBC_2.34' not found (required by diffstat)

Error in commit 359a56a5774dbde8d7a773c4c60aaed53abecc8c: diffstat error: diffstat: /lib64/libc.so.6: version `GLIBC_2.33' not found (required by diffstat)
diffstat: /lib64/libc.so.6: version `GLIBC_2.34' not found (required by diffstat)

Error in commit c5f66622c7c94f1ef95e8983843e73d85f01726e: diffstat error: diffstat: /lib64/libc.so.6: version `GLIBC_2.33' not found (required by diffstat)
diffstat: /lib64/libc.so.6: version `GLIBC_2.34' not found (required by diffstat)

Error in commit cb1576a829826d56fab59e22aa3af8c5a7db9936: diffstat error: diffstat: /lib64/libc.so.6: version `GLIBC_2.33' not found (required by diffstat)
diffstat: /lib64/libc.so.6: version `GLIBC_2.34' not found (required by diffstat)

Error in commit d530838bfa507d67b40d13b00d9cbd7a46a47e78: diffstat error: diffstat: /lib64/libc.so.6: version `GLIBC_2.33' not found (required by diffstat)
diffstat: /lib64/libc.so.6: version `GLIBC_2.34' not found (required by diffstat)

Error in commit 9af4aa30b713a58e5952045f52c41a6e3baa2fdc: diffstat error: diffstat: /lib64/libc.so.6: version `GLIBC_2.33' not found (required by diffstat)
diffstat: /lib64/libc.so.6: version `GLIBC_2.34' not found (required by diffstat)

Error in commit 165923fa4590b0eb77bec31af383ea16b2d5868f: diffstat error: diffstat: /lib64/libc.so.6: version `GLIBC_2.33' not found (required by diffstat)
diffstat: /lib64/libc.so.6: version `GLIBC_2.34' not found (required by diffstat)

Error in commit cfb6eeb4c860592edd123fdea908d23c6ad1c7dc: diffstat error: diffstat: /lib64/libc.so.6: version `GLIBC_2.33' not found (required by diffstat)
diffstat: /lib64/libc.so.6: version `GLIBC_2.34' not found (required by diffstat)

Error in commit ac0707aa61d9c20e9b09062294701567c9f41595: diffstat error: diffstat: /lib64/libc.so.6: version `GLIBC_2.33' not found (required by diffstat)
diffstat: /lib64/libc.so.6: version `GLIBC_2.34' not found (required by diffstat)

Error in commit 212380e3f42f585dc1ea927402252eb943f91f7b: diffstat error: diffstat: /lib64/libc.so.6: version `GLIBC_2.33' not found (required by diffstat)
diffstat: /lib64/libc.so.6: version `GLIBC_2.34' not found (required by diffstat)

Error in commit 97bc3633bec7ed0fdfbda6b9cf86c51e4f58f8e2: diffstat error: diffstat: /lib64/libc.so.6: version `GLIBC_2.33' not found (required by diffstat)
diffstat: /lib64/libc.so.6: version `GLIBC_2.34' not found (required by diffstat)

Error in commit a67adb997419fb53540d4a4f79c6471c60bc69b6: diffstat error: diffstat: /lib64/libc.so.6: version `GLIBC_2.33' not found (required by diffstat)
diffstat: /lib64/libc.so.6: version `GLIBC_2.34' not found (required by diffstat)

Error in commit 9df5643ad135c7f8c02d3b69020de4ec910f9fc0: diffstat error: diffstat: /lib64/libc.so.6: version `GLIBC_2.33' not found (required by diffstat)
diffstat: /lib64/libc.so.6: version `GLIBC_2.34' not found (required by diffstat)

Error in commit 285b4e90318dcf421a00b2ac3fe8ab713f3281e3: diffstat error: diffstat: /lib64/libc.so.6: version `GLIBC_2.33' not found (required by diffstat)
diffstat: /lib64/libc.so.6: version `GLIBC_2.34' not found (required by diffstat)

Error in commit a2c118bfab8bc6b8bb213abfc35201e441693d55: diffstat error: diffstat: /lib64/libc.so.6: version `GLIBC_2.33' not found (required by diffstat)
diffstat: /lib64/libc.so.6: version `GLIBC_2.34' not found (required by diffstat)

Error in commit 41c52c0db9607e59f90da7da5309489fa06e887f: diffstat error: diffstat: /lib64/libc.so.6: version `GLIBC_2.33' not found (required by diffstat)
diffstat: /lib64/libc.so.6: version `GLIBC_2.34' not found (required by diffstat)

Error in commit 14fbf50d695207754daeb96270b3027a3821121f: diffstat error: diffstat: /lib64/libc.so.6: version `GLIBC_2.33' not found (required by diffstat)
diffstat: /lib64/libc.so.6: version `GLIBC_2.34' not found (required by diffstat)

Error in commit 8822b64a0fa64a5dd1dfcf837c5b0be83f8c05d1: diffstat error: diffstat: /lib64/libc.so.6: version `GLIBC_2.33' not found (required by diffstat)
diffstat: /lib64/libc.so.6: version `GLIBC_2.34' not found (required by diffstat)

Error in commit e93b7d748be887cd7639b113ba7d7ef792a7efb9: diffstat error: diffstat: /lib64/libc.so.6: version `GLIBC_2.33' not found (required by diffstat)
diffstat: /lib64/libc.so.6: version `GLIBC_2.34' not found (required by diffstat)

Error in commit 62c476c7c7f25a5b245b9902a935636e6316e58c: diffstat error: diffstat: /lib64/libc.so.6: version `GLIBC_2.33' not found (required by diffstat)
diffstat: /lib64/libc.so.6: version `GLIBC_2.34' not found (required by diffstat)

Error in commit fda4e2e85589191b123d31cdc21fd33ee70f50fd: diffstat error: diffstat: /lib64/libc.so.6: version `GLIBC_2.33' not found (required by diffstat)
diffstat: /lib64/libc.so.6: version `GLIBC_2.34' not found (required by diffstat)

Error in commit c8c499175f7d295ef867335bceb9a76a2c3cdc38: diffstat error: diffstat: /lib64/libc.so.6: version `GLIBC_2.33' not found (required by diffstat)
diffstat: /lib64/libc.so.6: version `GLIBC_2.34' not found (required by diffstat)

Error in commit 5df7b7939794abc9e8a826919d84d27385a6679d: diffstat error: diffstat: /lib64/libc.so.6: version `GLIBC_2.33' not found (required by diffstat)
diffstat: /lib64/libc.so.6: version `GLIBC_2.34' not found (required by diffstat)

Error in commit 17a69c2d66a86757877c3d4159e999da3a5434bf: diffstat error: diffstat: /lib64/libc.so.6: version `GLIBC_2.33' not found (required by diffstat)
diffstat: /lib64/libc.so.6: version `GLIBC_2.34' not found (required by diffstat)

Error in commit fa009c90ac12f984711d30c01cfaea154bb4974a: diffstat error: diffstat: /lib64/libc.so.6: version `GLIBC_2.33' not found (required by diffstat)
diffstat: /lib64/libc.so.6: version `GLIBC_2.34' not found (required by diffstat)

Error in commit 2bc780499aa33311ec0f3e42624dfaa7be0ade5e: diffstat error: diffstat: /lib64/libc.so.6: version `GLIBC_2.33' not found (required by diffstat)
diffstat: /lib64/libc.so.6: version `GLIBC_2.34' not found (required by diffstat)

Error in commit c66ac9db8d4ad9994a02b3e933ea2ccc643e1fe5: diffstat error: diffstat: /lib64/libc.so.6: version `GLIBC_2.33' not found (required by diffstat)
diffstat: /lib64/libc.so.6: version `GLIBC_2.34' not found (required by diffstat)

Error in commit ad3e14d7c5268c2e24477c6ef54bbdf88add5d36: diffstat error: diffstat: /lib64/libc.so.6: version `GLIBC_2.33' not found (required by diffstat)
diffstat: /lib64/libc.so.6: version `GLIBC_2.34' not found (required by diffstat)

Error in commit 313a3dc75da20630e549441932a7654223f8d72a: diffstat error: diffstat: /lib64/libc.so.6: version `GLIBC_2.33' not found (required by diffstat)
diffstat: /lib64/libc.so.6: version `GLIBC_2.34' not found (required by diffstat)

Error in commit a430c9166312e1aa3d80bce32374233bdbfeba32: diffstat error: diffstat: /lib64/libc.so.6: version `GLIBC_2.33' not found (required by diffstat)
diffstat: /lib64/libc.so.6: version `GLIBC_2.34' not found (required by diffstat)

Error in commit 36fdad9a6213ac149866f7e621bfa5981debde6b: diffstat error: diffstat: /lib64/libc.so.6: version `GLIBC_2.33' not found (required by diffstat)
diffstat: /lib64/libc.so.6: version `GLIBC_2.34' not found (required by diffstat)

Error in commit 06e5a1f29819759392239669beb2cad27059c8ec: diffstat error: diffstat: /lib64/libc.so.6: version `GLIBC_2.33' not found (required by diffstat)
diffstat: /lib64/libc.so.6: version `GLIBC_2.34' not found (required by diffstat)

Error in commit 0b1b213fcf3a8486ada99a2bab84ab8c6f51b264: diffstat error: diffstat: /lib64/libc.so.6: version `GLIBC_2.33' not found (required by diffstat)
diffstat: /lib64/libc.so.6: version `GLIBC_2.34' not found (required by diffstat)

Error in commit 7bc0dc271e494e12be3afd3c6431e5216347c624: diffstat error: diffstat: /lib64/libc.so.6: version `GLIBC_2.33' not found (required by diffstat)
diffstat: /lib64/libc.so.6: version `GLIBC_2.34' not found (required by diffstat)

Error in commit e427c41257957b57036d5a549b260b6185d1dd73: diffstat error: diffstat: /lib64/libc.so.6: version `GLIBC_2.33' not found (required by diffstat)
diffstat: /lib64/libc.so.6: version `GLIBC_2.34' not found (required by diffstat)

Error in commit 23b133bdc452aa441fcb9b82cbf6dd05cfd342d0: diffstat error: diffstat: /lib64/libc.so.6: version `GLIBC_2.33' not found (required by diffstat)
diffstat: /lib64/libc.so.6: version `GLIBC_2.34' not found (required by diffstat)

Error in commit b6878d9e03043695dbf3fa1caa6dfc09db225b16: diffstat error: diffstat: /lib64/libc.so.6: version `GLIBC_2.33' not found (required by diffstat)
diffstat: /lib64/libc.so.6: version `GLIBC_2.34' not found (required by diffstat)

Error in commit 283bb7fada7e33a759d8fc9bd7a44532e4ad420e: diffstat error: diffstat: /lib64/libc.so.6: version `GLIBC_2.33' not found (required by diffstat)
diffstat: /lib64/libc.so.6: version `GLIBC_2.34' not found (required by diffstat)

Error in commit a76a3cd40c1127ca199d4f7f37bf0d541bf44eb2: diffstat error: diffstat: /lib64/libc.so.6: version `GLIBC_2.33' not found (required by diffstat)
diffstat: /lib64/libc.so.6: version `GLIBC_2.34' not found (required by diffstat)

Error in commit beba25abbc34a07e07ce933210cda15202ef76cc: diffstat error: diffstat: /lib64/libc.so.6: version `GLIBC_2.33' not found (required by diffstat)
diffstat: /lib64/libc.so.6: version `GLIBC_2.34' not found (required by diffstat)

Error in commit 8d2dfc49b199c7da6faefd7993630f24bd37fee0: diffstat error: diffstat: /lib64/libc.so.6: version `GLIBC_2.33' not found (required by diffstat)
diffstat: /lib64/libc.so.6: version `GLIBC_2.34' not found (required by diffstat)

Error in commit fff42755efc7585378ca562e54828532922371be: diffstat error: diffstat: /lib64/libc.so.6: version `GLIBC_2.33' not found (required by diffstat)
diffstat: /lib64/libc.so.6: version `GLIBC_2.34' not found (required by diffstat)

Error in commit f50c9c853e7809810099c970780c30b0765b0643: diffstat error: diffstat: /lib64/libc.so.6: version `GLIBC_2.33' not found (required by diffstat)
diffstat: /lib64/libc.so.6: version `GLIBC_2.34' not found (required by diffstat)

Error in commit 6058483d9fbc1b904d5ae7cfea47bfcde5c5b559: diffstat error: diffstat: /lib64/libc.so.6: version `GLIBC_2.33' not found (required by diffstat)
diffstat: /lib64/libc.so.6: version `GLIBC_2.34' not found (required by diffstat)

Error in commit ef93ff74203e030073b898c05e8b4860b5d09ef2: diffstat error: diffstat: /lib64/libc.so.6: version `GLIBC_2.33' not found (required by diffstat)
diffstat: /lib64/libc.so.6: version `GLIBC_2.34' not found (required by diffstat)

Error in commit c9b63f7f9be01692b03fa15275135a4910a7e02d: diffstat error: diffstat: /lib64/libc.so.6: version `GLIBC_2.33' not found (required by diffstat)
diffstat: /lib64/libc.so.6: version `GLIBC_2.34' not found (required by diffstat)

Error in commit 116ca90dc3d01377edaf30702652a5d97bbd03d7: diffstat error: diffstat: /lib64/libc.so.6: version `GLIBC_2.33' not found (required by diffstat)
diffstat: /lib64/libc.so.6: version `GLIBC_2.34' not found (required by diffstat)

Error in commit 322b18c64d42c6e8eb83a6bb0293574f9ce03687: diffstat error: diffstat: /lib64/libc.so.6: version `GLIBC_2.33' not found (required by diffstat)
diffstat: /lib64/libc.so.6: version `GLIBC_2.34' not found (required by diffstat)

Error in commit 8e20cf2bce122ce9262d6034ee5d5b76fbb92f96: diffstat error: diffstat: /lib64/libc.so.6: version `GLIBC_2.33' not found (required by diffstat)
diffstat: /lib64/libc.so.6: version `GLIBC_2.34' not found (required by diffstat)

Error in commit 1a60d4c5a0c4028559585a74e48593b16e1ca9b2: diffstat error: diffstat: /lib64/libc.so.6: version `GLIBC_2.33' not found (required by diffstat)
diffstat: /lib64/libc.so.6: version `GLIBC_2.34' not found (required by diffstat)

Error in commit 20e1db19db5d6b9e4e83021595eab0dc8f107bef: diffstat error: diffstat: /lib64/libc.so.6: version `GLIBC_2.33' not found (required by diffstat)
diffstat: /lib64/libc.so.6: version `GLIBC_2.34' not found (required by diffstat)

Error in commit 66ee59af630fd8d5f4f56fb28162857e629aa0ab: diffstat error: diffstat: /lib64/libc.so.6: version `GLIBC_2.33' not found (required by diffstat)
diffstat: /lib64/libc.so.6: version `GLIBC_2.34' not found (required by diffstat)

Error in commit 813a224fa5bff3e34309a6494e231d5ebfa0fb4e: diffstat error: diffstat: /lib64/libc.so.6: version `GLIBC_2.33' not found (required by diffstat)
diffstat: /lib64/libc.so.6: version `GLIBC_2.34' not found (required by diffstat)

Error in commit 2c1f6951a8a82e6de0d82b1158b5e493fc6c54ab: diffstat error: diffstat: /lib64/libc.so.6: version `GLIBC_2.33' not found (required by diffstat)
diffstat: /lib64/libc.so.6: version `GLIBC_2.34' not found (required by diffstat)

Error in commit 3b8b487114c95ef6db5fef708ef69bfb5209014e: diffstat error: diffstat: /lib64/libc.so.6: version `GLIBC_2.33' not found (required by diffstat)
diffstat: /lib64/libc.so.6: version `GLIBC_2.34' not found (required by diffstat)

Error in commit 2d0e4eff04ea963128a41faaef21f987272e05a2: diffstat error: diffstat: /lib64/libc.so.6: version `GLIBC_2.33' not found (required by diffstat)
diffstat: /lib64/libc.so.6: version `GLIBC_2.34' not found (required by diffstat)

Error in commit 5a0fdfada3a2aa50d7b947a2e958bf00cbe0d830: diffstat error: diffstat: /lib64/libc.so.6: version `GLIBC_2.33' not found (required by diffstat)
diffstat: /lib64/libc.so.6: version `GLIBC_2.34' not found (required by diffstat)

Error in commit 0979e465c5ab205b63a1c1820fe833f396a120f0: diffstat error: diffstat: /lib64/libc.so.6: version `GLIBC_2.33' not found (required by diffstat)
diffstat: /lib64/libc.so.6: version `GLIBC_2.34' not found (required by diffstat)

Error in commit 3eea57c26e49a5add4c053a031cc2a1977b7c48e: diffstat error: diffstat: /lib64/libc.so.6: version `GLIBC_2.33' not found (required by diffstat)
diffstat: /lib64/libc.so.6: version `GLIBC_2.34' not found (required by diffstat)

Error in commit 28f80baf3c53e267c9ce46a2a0fadbb981585132: diffstat error: diffstat: /lib64/libc.so.6: version `GLIBC_2.33' not found (required by diffstat)
diffstat: /lib64/libc.so.6: version `GLIBC_2.34' not found (required by diffstat)

Error in commit 6e06b1c89dd0d16f74894eac4cfc1327a06ee4a0: diffstat error: diffstat: /lib64/libc.so.6: version `GLIBC_2.33' not found (required by diffstat)
diffstat: /lib64/libc.so.6: version `GLIBC_2.34' not found (required by diffstat)

Error in commit 6ed93dc6427d14cdfe0b272cc0a9ee4685ce9ad7: diffstat error: diffstat: /lib64/libc.so.6: version `GLIBC_2.33' not found (required by diffstat)
diffstat: /lib64/libc.so.6: version `GLIBC_2.34' not found (required by diffstat)

Error in commit eef80d4ad1399067f26538a7dd56ff3df71e9278: diffstat error: diffstat: /lib64/libc.so.6: version `GLIBC_2.33' not found (required by diffstat)
diffstat: /lib64/libc.so.6: version `GLIBC_2.34' not found (required by diffstat)

Error in commit b28ab83c595e767f2028276b7398d17f2253cec0: diffstat error: diffstat: /lib64/libc.so.6: version `GLIBC_2.33' not found (required by diffstat)
diffstat: /lib64/libc.so.6: version `GLIBC_2.34' not found (required by diffstat)

Error in commit cdec9cb5167ab1113ba9c58e395f664d9d3f9acb: diffstat error: diffstat: /lib64/libc.so.6: version `GLIBC_2.33' not found (required by diffstat)
diffstat: /lib64/libc.so.6: version `GLIBC_2.34' not found (required by diffstat)

Error in commit 76401e172ea3a55182be2b8e2aca4d07270f6da6: diffstat error: diffstat: /lib64/libc.so.6: version `GLIBC_2.33' not found (required by diffstat)
diffstat: /lib64/libc.so.6: version `GLIBC_2.34' not found (required by diffstat)

Error in commit f45fec7942c9d6d02cbd672ae8ad245f7ba967f3: diffstat error: diffstat: /lib64/libc.so.6: version `GLIBC_2.33' not found (required by diffstat)
diffstat: /lib64/libc.so.6: version `GLIBC_2.34' not found (required by diffstat)

Error in commit 514b9b25d256b71b90f4693549c7e596ad72177a: diffstat error: diffstat: /lib64/libc.so.6: version `GLIBC_2.33' not found (required by diffstat)
diffstat: /lib64/libc.so.6: version `GLIBC_2.34' not found (required by diffstat)

Error in commit 4d6af73d9e43f78651a43ee4c5ad221107ac8365: diffstat error: diffstat: /lib64/libc.so.6: version `GLIBC_2.33' not found (required by diffstat)
diffstat: /lib64/libc.so.6: version `GLIBC_2.34' not found (required by diffstat)

Error in commit 3095060f479b86288e31c79ecbc5131a66bcd2f9: diffstat error: diffstat: /lib64/libc.so.6: version `GLIBC_2.33' not found (required by diffstat)
diffstat: /lib64/libc.so.6: version `GLIBC_2.34' not found (required by diffstat)

Error in commit b24e4443a133b5bb32af0c8a62d1a78ce5df2085: diffstat error: diffstat: /lib64/libc.so.6: version `GLIBC_2.33' not found (required by diffstat)
diffstat: /lib64/libc.so.6: version `GLIBC_2.34' not found (required by diffstat)

Error in commit 2731ec0c476eb8ecf2413b9a6c209fcf24ab4f39: diffstat error: diffstat: /lib64/libc.so.6: version `GLIBC_2.33' not found (required by diffstat)
diffstat: /lib64/libc.so.6: version `GLIBC_2.34' not found (required by diffstat)

Error in commit 46bcf49291874c5a6b5b34ad6413c5a0f7725f4c: diffstat error: diffstat: /lib64/libc.so.6: version `GLIBC_2.33' not found (required by diffstat)
diffstat: /lib64/libc.so.6: version `GLIBC_2.34' not found (required by diffstat)

Error in commit aff9cb39ed4d1127377a1ea0e63400e4efef5286: diffstat error: diffstat: /lib64/libc.so.6: version `GLIBC_2.33' not found (required by diffstat)
diffstat: /lib64/libc.so.6: version `GLIBC_2.34' not found (required by diffstat)

Error in commit 548aff34f4c3809bde94c8a9559ee98b5cd70f84: diffstat error: diffstat: /lib64/libc.so.6: version `GLIBC_2.33' not found (required by diffstat)
diffstat: /lib64/libc.so.6: version `GLIBC_2.34' not found (required by diffstat)

Error in commit c4e490cf148e85ead0d1b1c2caaba833f1d5b29f: diffstat error: diffstat: /lib64/libc.so.6: version `GLIBC_2.33' not found (required by diffstat)
diffstat: /lib64/libc.so.6: version `GLIBC_2.34' not found (required by diffstat)

Error in commit f55fc2a57cc9ca3b1bb4fb8eb25b6e1989e5b993: diffstat error: diffstat: /lib64/libc.so.6: version `GLIBC_2.33' not found (required by diffstat)
diffstat: /lib64/libc.so.6: version `GLIBC_2.34' not found (required by diffstat)

Error in commit e96fc4fdd525fa0ede28074a7e2b1caf94b58b0d: diffstat error: diffstat: /lib64/libc.so.6: version `GLIBC_2.33' not found (required by diffstat)
diffstat: /lib64/libc.so.6: version `GLIBC_2.34' not found (required by diffstat)

Error in commit fe9ed49dafa993e3af96b6a5a589efeea9bfb36f: diffstat error: diffstat: /lib64/libc.so.6: version `GLIBC_2.33' not found (required by diffstat)
diffstat: /lib64/libc.so.6: version `GLIBC_2.34' not found (required by diffstat)

Error in commit 69d2fd2c597ffc0c217de1238b9bf4d4bceba8e6: diffstat error: diffstat: /lib64/libc.so.6: version `GLIBC_2.33' not found (required by diffstat)
diffstat: /lib64/libc.so.6: version `GLIBC_2.34' not found (required by diffstat)

Error in commit ec65c42052d95d2c23d1d837136d1cf1d9ecef9e: diffstat error: diffstat: /lib64/libc.so.6: version `GLIBC_2.33' not found (required by diffstat)
diffstat: /lib64/libc.so.6: version `GLIBC_2.34' not found (required by diffstat)

Error in commit bc3060fd62bbd4254f6c426c9de518b3de46bea8: diffstat error: diffstat: /lib64/libc.so.6: version `GLIBC_2.33' not found (required by diffstat)
diffstat: /lib64/libc.so.6: version `GLIBC_2.34' not found (required by diffstat)

Error in commit 13d07043243e0c8c151aad7db5240b75e76ca281: diffstat error: diffstat: /lib64/libc.so.6: version `GLIBC_2.33' not found (required by diffstat)
diffstat: /lib64/libc.so.6: version `GLIBC_2.34' not found (required by diffstat)

Error in commit 796dd5223bf17083a48c2a8a8a2944d1dc9b7033: diffstat error: diffstat: /lib64/libc.so.6: version `GLIBC_2.33' not found (required by diffstat)
diffstat: /lib64/libc.so.6: version `GLIBC_2.34' not found (required by diffstat)

Error in commit 9614b8ac4bf2661f6378abc7db18169fb867d6bb: diffstat error: diffstat: /lib64/libc.so.6: version `GLIBC_2.33' not found (required by diffstat)
diffstat: /lib64/libc.so.6: version `GLIBC_2.34' not found (required by diffstat)

Error in commit efc63e48d038c4e691517091a357021760c576c1: diffstat error: diffstat: /lib64/libc.so.6: version `GLIBC_2.33' not found (required by diffstat)
diffstat: /lib64/libc.so.6: version `GLIBC_2.34' not found (required by diffstat)

Error in commit 93a94803ee65469cc882f39d3916b190f8b5ed18: diffstat error: diffstat: /lib64/libc.so.6: version `GLIBC_2.33' not found (required by diffstat)
diffstat: /lib64/libc.so.6: version `GLIBC_2.34' not found (required by diffstat)

Error in commit ce98a7acbcfca7f0a178f4b1e7b957e419e0cc99: diffstat error: diffstat: /lib64/libc.so.6: version `GLIBC_2.33' not found (required by diffstat)
diffstat: /lib64/libc.so.6: version `GLIBC_2.34' not found (required by diffstat)

Error in commit 17491f6e5660b82cb8163eea58805df6398af16e: diffstat error: diffstat: /lib64/libc.so.6: version `GLIBC_2.33' not found (required by diffstat)
diffstat: /lib64/libc.so.6: version `GLIBC_2.34' not found (required by diffstat)

Error in commit 5397a417e61258c69209904e652a1f409ec3b9df: diffstat error: diffstat: /lib64/libc.so.6: version `GLIBC_2.33' not found (required by diffstat)
diffstat: /lib64/libc.so.6: version `GLIBC_2.34' not found (required by diffstat)

Error in commit 37846ef0188335e49f2491a5bbf4e0dc7d407ea0: diffstat error: diffstat: /lib64/libc.so.6: version `GLIBC_2.33' not found (required by diffstat)
diffstat: /lib64/libc.so.6: version `GLIBC_2.34' not found (required by diffstat)

Error in commit cc4e0df038ddb73510c01712abf302b3f0130147: diffstat error: diffstat: /lib64/libc.so.6: version `GLIBC_2.33' not found (required by diffstat)
diffstat: /lib64/libc.so.6: version `GLIBC_2.34' not found (required by diffstat)

Error in commit 891df41d828a641db63d8bae45ca027d0e28341d: diffstat error: diffstat: /lib64/libc.so.6: version `GLIBC_2.33' not found (required by diffstat)
diffstat: /lib64/libc.so.6: version `GLIBC_2.34' not found (required by diffstat)

Error in commit f11065e08c32a2c6a82e67ade789e83936724a8e: diffstat error: diffstat: /lib64/libc.so.6: version `GLIBC_2.33' not found (required by diffstat)
diffstat: /lib64/libc.so.6: version `GLIBC_2.34' not found (required by diffstat)

Error in commit d2ffc447cabb3a497d7f413403abd8793b348329: diffstat error: diffstat: /lib64/libc.so.6: version `GLIBC_2.33' not found (required by diffstat)
diffstat: /lib64/libc.so.6: version `GLIBC_2.34' not found (required by diffstat)

Error in commit 2fb346f25f79e412cf0ed314fdf791763c19b70b: diffstat error: diffstat: /lib64/libc.so.6: version `GLIBC_2.33' not found (required by diffstat)
diffstat: /lib64/libc.so.6: version `GLIBC_2.34' not found (required by diffstat)

Error in commit eb2beeacc5eb1b4e672b84aefbdebb89001654b7: diffstat error: diffstat: /lib64/libc.so.6: version `GLIBC_2.33' not found (required by diffstat)
diffstat: /lib64/libc.so.6: version `GLIBC_2.34' not found (required by diffstat)

Error in commit 0b29669c065f60501e7289e1950fa2a618962358: diffstat error: diffstat: /lib64/libc.so.6: version `GLIBC_2.33' not found (required by diffstat)
diffstat: /lib64/libc.so.6: version `GLIBC_2.34' not found (required by diffstat)

Error in commit 5374e7d917f0563fc92f16354a4997265dbfb663: diffstat error: diffstat: /lib64/libc.so.6: version `GLIBC_2.33' not found (required by diffstat)
diffstat: /lib64/libc.so.6: version `GLIBC_2.34' not found (required by diffstat)

Error in commit 6a043145ca6e9c55184013841a67b2fef87e44c0: diffstat error: diffstat: /lib64/libc.so.6: version `GLIBC_2.33' not found (required by diffstat)
diffstat: /lib64/libc.so.6: version `GLIBC_2.34' not found (required by diffstat)

Error in commit 639be997883d9016baaf46017a2802b2ce1698bd: diffstat error: diffstat: /lib64/libc.so.6: version `GLIBC_2.33' not found (required by diffstat)
diffstat: /lib64/libc.so.6: version `GLIBC_2.34' not found (required by diffstat)

Error in commit e54e1299404101a5a9d0cf5e45512b543967f958: diffstat error: diffstat: /lib64/libc.so.6: version `GLIBC_2.33' not found (required by diffstat)
diffstat: /lib64/libc.so.6: version `GLIBC_2.34' not found (required by diffstat)

Error in commit 43b7d51ecefbe2ce6f2361030ebfe0f553251061: diffstat error: diffstat: /lib64/libc.so.6: version `GLIBC_2.33' not found (required by diffstat)
diffstat: /lib64/libc.so.6: version `GLIBC_2.34' not found (required by diffstat)

Error in commit 54d5400335fa74b314482aedeb9bb47db2325d5b: diffstat error: diffstat: /lib64/libc.so.6: version `GLIBC_2.33' not found (required by diffstat)
diffstat: /lib64/libc.so.6: version `GLIBC_2.34' not found (required by diffstat)

Error in commit 65a9b1aa03c9bc2dc01b074295b9603232cb3b78: diffstat error: diffstat: /lib64/libc.so.6: version `GLIBC_2.33' not found (required by diffstat)
diffstat: /lib64/libc.so.6: version `GLIBC_2.34' not found (required by diffstat)

Error in commit 1ca27efa21d3a87993af1ee80bbad7500a51b2e7: diffstat error: diffstat: /lib64/libc.so.6: version `GLIBC_2.33' not found (required by diffstat)
diffstat: /lib64/libc.so.6: version `GLIBC_2.34' not found (required by diffstat)

Error in commit b690371bbf97794b4a1d3f295d4fb9a8b05d402d: diffstat error: diffstat: /lib64/libc.so.6: version `GLIBC_2.33' not found (required by diffstat)
diffstat: /lib64/libc.so.6: version `GLIBC_2.34' not found (required by diffstat)

Error in commit 622adaf3cf34cd577a55829728f09d0dc182d08c: diffstat error: diffstat: /lib64/libc.so.6: version `GLIBC_2.33' not found (required by diffstat)
diffstat: /lib64/libc.so.6: version `GLIBC_2.34' not found (required by diffstat)

Error in commit e58f2880df608652aff7fd35c45b242467ec0e79: diffstat error: diffstat: /lib64/libc.so.6: version `GLIBC_2.33' not found (required by diffstat)
diffstat: /lib64/libc.so.6: version `GLIBC_2.34' not found (required by diffstat)

Error in commit 925bcf3c3b0a28b5b78e25d9efda5c0bf27ae699: diffstat error: diffstat: /lib64/libc.so.6: version `GLIBC_2.33' not found (required by diffstat)
diffstat: /lib64/libc.so.6: version `GLIBC_2.34' not found (required by diffstat)

Error in commit 6fd48837b98747264e3c1b8476e0b271935aab36: diffstat error: diffstat: /lib64/libc.so.6: version `GLIBC_2.33' not found (required by diffstat)
diffstat: /lib64/libc.so.6: version `GLIBC_2.34' not found (required by diffstat)

Error in commit eef165b9a434e2292df3d2a2a83d3d44e9d14091: diffstat error: diffstat: /lib64/libc.so.6: version `GLIBC_2.33' not found (required by diffstat)
diffstat: /lib64/libc.so.6: version `GLIBC_2.34' not found (required by diffstat)

Error in commit b6781acb6da0bfccd07e5f91f5793cdfc38672a0: diffstat error: diffstat: /lib64/libc.so.6: version `GLIBC_2.33' not found (required by diffstat)
diffstat: /lib64/libc.so.6: version `GLIBC_2.34' not found (required by diffstat)

Error in commit c5759e7b76f5bf844be6c6641cc1b356bbc83869: SHA b'c5759e7b76f5bf844be6c6641cc1b356bbc83869' could not be resolved, git returned: b'c5759e7b76f5bf844be6c6641cc1b356bbc83869 missing'
Error in commit 8298fd2b0a976cbf064c04f6a248dbfe124d2cf3: diffstat error: diffstat: /lib64/libc.so.6: version `GLIBC_2.33' not found (required by diffstat)
diffstat: /lib64/libc.so.6: version `GLIBC_2.34' not found (required by diffstat)

Error in commit 96f24d1bee7fe7bac08e2b7c74db1a046c9dc0de: diffstat error: diffstat: /lib64/libc.so.6: version `GLIBC_2.33' not found (required by diffstat)
diffstat: /lib64/libc.so.6: version `GLIBC_2.34' not found (required by diffstat)

Error in commit 7ba100d3e6e8b1e5d5342feb960a7f081d6e15af: diffstat error: diffstat: /lib64/libc.so.6: version `GLIBC_2.33' not found (required by diffstat)
diffstat: /lib64/libc.so.6: version `GLIBC_2.34' not found (required by diffstat)

Error in commit 6df9d9b55d3f56ee7782639a7678eeeaf77f14ea: diffstat error: diffstat: /lib64/libc.so.6: version `GLIBC_2.33' not found (required by diffstat)
diffstat: /lib64/libc.so.6: version `GLIBC_2.34' not found (required by diffstat)

Error in commit d68a91467efab8ef8a8f98589dd4c21b993b6e14: diffstat error: diffstat: /lib64/libc.so.6: version `GLIBC_2.33' not found (required by diffstat)
diffstat: /lib64/libc.so.6: version `GLIBC_2.34' not found (required by diffstat)

Error in commit afb308b9ccbe129608c9205cf3bb39bbefad90b9: diffstat error: diffstat: /lib64/libc.so.6: version `GLIBC_2.33' not found (required by diffstat)
diffstat: /lib64/libc.so.6: version `GLIBC_2.34' not found (required by diffstat)

Error in commit 397f62c0a838e15d667ef50e27d5d011d2c79c04: diffstat error: diffstat: /lib64/libc.so.6: version `GLIBC_2.33' not found (required by diffstat)
diffstat: /lib64/libc.so.6: version `GLIBC_2.34' not found (required by diffstat)

Error in commit 4d3f0bebd5f8518fd775f671c12bea58c68e814e: diffstat error: diffstat: /lib64/libc.so.6: version `GLIBC_2.33' not found (required by diffstat)
diffstat: /lib64/libc.so.6: version `GLIBC_2.34' not found (required by diffstat)

Error in commit 04b17415dfcf61070e518f39271508ace37746b7: diffstat error: diffstat: /lib64/libc.so.6: version `GLIBC_2.33' not found (required by diffstat)
diffstat: /lib64/libc.so.6: version `GLIBC_2.34' not found (required by diffstat)

Error in commit 5d6a1edd068e89b14f7525f11f992c46e16cfc2f: diffstat error: diffstat: /lib64/libc.so.6: version `GLIBC_2.33' not found (required by diffstat)
diffstat: /lib64/libc.so.6: version `GLIBC_2.34' not found (required by diffstat)

Error in commit d29f3dab95d8b28a62848fcb043b8ba40348bc3d: diffstat error: diffstat: /lib64/libc.so.6: version `GLIBC_2.33' not found (required by diffstat)
diffstat: /lib64/libc.so.6: version `GLIBC_2.34' not found (required by diffstat)

Error in commit 9be4e0b5938b705e7e36cfcb110a740c6ff0cb97: diffstat error: diffstat: /lib64/libc.so.6: version `GLIBC_2.33' not found (required by diffstat)
diffstat: /lib64/libc.so.6: version `GLIBC_2.34' not found (required by diffstat)

Error in commit db8c799f6dfc68765c9451fcbfca06e662f5bd5f: diffstat error: diffstat: /lib64/libc.so.6: version `GLIBC_2.33' not found (required by diffstat)
diffstat: /lib64/libc.so.6: version `GLIBC_2.34' not found (required by diffstat)

Error in commit 67c7126062d59729cd421bb38f9594015c9907ba: diffstat error: diffstat: /lib64/libc.so.6: version `GLIBC_2.33' not found (required by diffstat)
diffstat: /lib64/libc.so.6: version `GLIBC_2.34' not found (required by diffstat)

Error in commit e0d20f2c0824412b64738c6fa14f87bc8d0ef54d: diffstat error: diffstat: /lib64/libc.so.6: version `GLIBC_2.33' not found (required by diffstat)
diffstat: /lib64/libc.so.6: version `GLIBC_2.34' not found (required by diffstat)

Error in commit 3c8a2b0e91d8d8947e89384dacf6b54673083e71: diffstat error: diffstat: /lib64/libc.so.6: version `GLIBC_2.33' not found (required by diffstat)
diffstat: /lib64/libc.so.6: version `GLIBC_2.34' not found (required by diffstat)

Error in commit ce1fc8263da72437c1df54b8b3ee682413d9e6ed: diffstat error: diffstat: /lib64/libc.so.6: version `GLIBC_2.33' not found (required by diffstat)
diffstat: /lib64/libc.so.6: version `GLIBC_2.34' not found (required by diffstat)

Error in commit 5eb8cf89d724ccb0b4ce5f24171ec7c11f0a7647: diffstat error: diffstat: /lib64/libc.so.6: version `GLIBC_2.33' not found (required by diffstat)
diffstat: /lib64/libc.so.6: version `GLIBC_2.34' not found (required by diffstat)

Error in commit c01ff965b48bb9693dcd77cbc748b5d8676766b0: diffstat error: diffstat: /lib64/libc.so.6: version `GLIBC_2.33' not found (required by diffstat)
diffstat: /lib64/libc.so.6: version `GLIBC_2.34' not found (required by diffstat)

Error in commit 1c7e2cf9d33968375ee4025d2279c937e147dae2: diffstat error: diffstat: /lib64/libc.so.6: version `GLIBC_2.33' not found (required by diffstat)
diffstat: /lib64/libc.so.6: version `GLIBC_2.34' not found (required by diffstat)

Error in commit 7e95a225901a5d2fd140f14b4302805cecc22da7: diffstat error: diffstat: /lib64/libc.so.6: version `GLIBC_2.33' not found (required by diffstat)
diffstat: /lib64/libc.so.6: version `GLIBC_2.34' not found (required by diffstat)

Error in commit fec1a5932f16c0eb1b3f5ca2e18d81d860924088: diffstat error: diffstat: /lib64/libc.so.6: version `GLIBC_2.33' not found (required by diffstat)
diffstat: /lib64/libc.so.6: version `GLIBC_2.34' not found (required by diffstat)

Error in commit d4281c11bd22c9acd1a2443f4d65d362a4bb2bb3: diffstat error: diffstat: /lib64/libc.so.6: version `GLIBC_2.33' not found (required by diffstat)
diffstat: /lib64/libc.so.6: version `GLIBC_2.34' not found (required by diffstat)

Error in commit 4da75e34b9fd4fcd45bcad90400bdfda71a537c9: diffstat error: diffstat: /lib64/libc.so.6: version `GLIBC_2.33' not found (required by diffstat)
diffstat: /lib64/libc.so.6: version `GLIBC_2.34' not found (required by diffstat)

Error in commit 94e538aebbc9f9c529e8b1f2eda860cfb8c473b1: diffstat error: diffstat: /lib64/libc.so.6: version `GLIBC_2.33' not found (required by diffstat)
diffstat: /lib64/libc.so.6: version `GLIBC_2.34' not found (required by diffstat)

Error in commit 2b04e8f6bbb196cab4b232af0f8d48ff2c7a8058: diffstat error: diffstat: /lib64/libc.so.6: version `GLIBC_2.33' not found (required by diffstat)
diffstat: /lib64/libc.so.6: version `GLIBC_2.34' not found (required by diffstat)

Error in commit b1d7dd80aadb9042e83f9778b484a2f92e0b04d4: diffstat error: diffstat: /lib64/libc.so.6: version `GLIBC_2.33' not found (required by diffstat)
diffstat: /lib64/libc.so.6: version `GLIBC_2.34' not found (required by diffstat)

Error in commit 8354763b90490d4105695df52674d0fcef823e92: diffstat error: diffstat: /lib64/libc.so.6: version `GLIBC_2.33' not found (required by diffstat)
diffstat: /lib64/libc.so.6: version `GLIBC_2.34' not found (required by diffstat)

Error in commit 7fdc83b0364005a0b5ed869230dd81752ba022e8: diffstat error: diffstat: /lib64/libc.so.6: version `GLIBC_2.33' not found (required by diffstat)
diffstat: /lib64/libc.so.6: version `GLIBC_2.34' not found (required by diffstat)

Error in commit 18dcbadf2771cdb0c18509b14e4e73505b242753: diffstat error: diffstat: /lib64/libc.so.6: version `GLIBC_2.33' not found (required by diffstat)
diffstat: /lib64/libc.so.6: version `GLIBC_2.34' not found (required by diffstat)

Error in commit 5397d09e585a1938fb64bc9c5cd5daed1959eb90: diffstat error: diffstat: /lib64/libc.so.6: version `GLIBC_2.33' not found (required by diffstat)
diffstat: /lib64/libc.so.6: version `GLIBC_2.34' not found (required by diffstat)

Error in commit b4e458612d4294e0cfe01dbf1c0b09a07a8133a4: diffstat error: diffstat: /lib64/libc.so.6: version `GLIBC_2.33' not found (required by diffstat)
diffstat: /lib64/libc.so.6: version `GLIBC_2.34' not found (required by diffstat)

Error in commit df4dd593f29aec8e2116aec1775ad4b8833d8c93: diffstat error: diffstat: /lib64/libc.so.6: version `GLIBC_2.33' not found (required by diffstat)
diffstat: /lib64/libc.so.6: version `GLIBC_2.34' not found (required by diffstat)

Error in commit f47c8553d5a27c37647a6e765674446b0f44a9ac: diffstat error: diffstat: /lib64/libc.so.6: version `GLIBC_2.33' not found (required by diffstat)
diffstat: /lib64/libc.so.6: version `GLIBC_2.34' not found (required by diffstat)

Error in commit e2caccb811d70af0dc359be5522e6b0d3b503e46: diffstat error: diffstat: /lib64/libc.so.6: version `GLIBC_2.33' not found (required by diffstat)
diffstat: /lib64/libc.so.6: version `GLIBC_2.34' not found (required by diffstat)

Error in commit fbe0e839d1e22d88810f3ee3e2f1479be4c0aa4a: diffstat error: diffstat: /lib64/libc.so.6: version `GLIBC_2.33' not found (required by diffstat)
diffstat: /lib64/libc.so.6: version `GLIBC_2.34' not found (required by diffstat)

Error in commit b3723633adb86f45408de7ceaee25784cd39948f: diffstat error: diffstat: /lib64/libc.so.6: version `GLIBC_2.33' not found (required by diffstat)
diffstat: /lib64/libc.so.6: version `GLIBC_2.34' not found (required by diffstat)

Error in commit 853bc26a7ea39e354b9f8889ae7ad1492ffa28d2: diffstat error: diffstat: /lib64/libc.so.6: version `GLIBC_2.33' not found (required by diffstat)
diffstat: /lib64/libc.so.6: version `GLIBC_2.34' not found (required by diffstat)

Error in commit cb7f98ee7f57af247aacb94977c8f744a1d02eca: diffstat error: diffstat: /lib64/libc.so.6: version `GLIBC_2.33' not found (required by diffstat)
diffstat: /lib64/libc.so.6: version `GLIBC_2.34' not found (required by diffstat)

Error in commit 7bd59381c82defe19875284c48b1ac9dacd16e8f: diffstat error: diffstat: /lib64/libc.so.6: version `GLIBC_2.33' not found (required by diffstat)
diffstat: /lib64/libc.so.6: version `GLIBC_2.34' not found (required by diffstat)

Error in commit 42181186ad4db986fcaa40ca95c6e407e9e79372: diffstat error: diffstat: /lib64/libc.so.6: version `GLIBC_2.33' not found (required by diffstat)
diffstat: /lib64/libc.so.6: version `GLIBC_2.34' not found (required by diffstat)

Error in commit e89086e09a38cc6713bcd4b9c29abf92cf393936: diffstat error: diffstat: /lib64/libc.so.6: version `GLIBC_2.33' not found (required by diffstat)
diffstat: /lib64/libc.so.6: version `GLIBC_2.34' not found (required by diffstat)

Error in commit 727ba748e110b4de50d142edca9d6a9b7e6111d8: diffstat error: diffstat: /lib64/libc.so.6: version `GLIBC_2.33' not found (required by diffstat)
diffstat: /lib64/libc.so.6: version `GLIBC_2.34' not found (required by diffstat)

Error in commit 1dbb0ac80bb106fc2fc3f7d6b5d01282c5c8e1da: diffstat error: diffstat: /lib64/libc.so.6: version `GLIBC_2.33' not found (required by diffstat)
diffstat: /lib64/libc.so.6: version `GLIBC_2.34' not found (required by diffstat)

Error in commit 2199315c40e79d8b4372af57b6d11be0e171b2a0: diffstat error: diffstat: /lib64/libc.so.6: version `GLIBC_2.33' not found (required by diffstat)
diffstat: /lib64/libc.so.6: version `GLIBC_2.34' not found (required by diffstat)

Error in commit b7a194eb6536e536b116b193dae929bc3a8ec8bc: diffstat error: diffstat: /lib64/libc.so.6: version `GLIBC_2.33' not found (required by diffstat)
diffstat: /lib64/libc.so.6: version `GLIBC_2.34' not found (required by diffstat)

Error in commit e4f3aa2e1e67bb48dfbaaf1cad59013d5a5bc276: diffstat error: diffstat: /lib64/libc.so.6: version `GLIBC_2.33' not found (required by diffstat)
diffstat: /lib64/libc.so.6: version `GLIBC_2.34' not found (required by diffstat)

Error in commit 3b17ba10a82c71e7808760e027ac6af687e06074: diffstat error: diffstat: /lib64/libc.so.6: version `GLIBC_2.33' not found (required by diffstat)
diffstat: /lib64/libc.so.6: version `GLIBC_2.34' not found (required by diffstat)

Error in commit 6e4dd9ec3f14b48170fc45dc9d13a3261765f994: diffstat error: diffstat: /lib64/libc.so.6: version `GLIBC_2.33' not found (required by diffstat)
diffstat: /lib64/libc.so.6: version `GLIBC_2.34' not found (required by diffstat)

Error in commit 587ff112f000d37d3a89137f95d44e322bafab28: diffstat error: diffstat: /lib64/libc.so.6: version `GLIBC_2.33' not found (required by diffstat)
diffstat: /lib64/libc.so.6: version `GLIBC_2.34' not found (required by diffstat)

Error in commit 0c29f6af6388974323f597525459a3767f097e6e: diffstat error: diffstat: /lib64/libc.so.6: version `GLIBC_2.33' not found (required by diffstat)
diffstat: /lib64/libc.so.6: version `GLIBC_2.34' not found (required by diffstat)

Error in commit c2c4b81e6cb3b485fb1ec7ba9e7defeb889f6ba7: diffstat error: diffstat: /lib64/libc.so.6: version `GLIBC_2.33' not found (required by diffstat)
diffstat: /lib64/libc.so.6: version `GLIBC_2.34' not found (required by diffstat)

Error in commit a60ee2ee9f73d21c4407136d7a2878a34be2f7ed: diffstat error: diffstat: /lib64/libc.so.6: version `GLIBC_2.33' not found (required by diffstat)
diffstat: /lib64/libc.so.6: version `GLIBC_2.34' not found (required by diffstat)

Error in commit 979d63d50c0c0f7bc537bf821e056cc9fe5abd38: diffstat error: diffstat: /lib64/libc.so.6: version `GLIBC_2.33' not found (required by diffstat)
diffstat: /lib64/libc.so.6: version `GLIBC_2.34' not found (required by diffstat)

Error in commit ddc58f27f9eee9117219936f77e90ad5b2e00e96: diffstat error: diffstat: /lib64/libc.so.6: version `GLIBC_2.33' not found (required by diffstat)
diffstat: /lib64/libc.so.6: version `GLIBC_2.34' not found (required by diffstat)

Error in commit 52feb444a90304eb13c03115bb9758101dbb9254: diffstat error: diffstat: /lib64/libc.so.6: version `GLIBC_2.33' not found (required by diffstat)
diffstat: /lib64/libc.so.6: version `GLIBC_2.34' not found (required by diffstat)

Error in commit 54648cf1ec2d7f4b6a71767799c45676a138ca24: diffstat error: diffstat: /lib64/libc.so.6: version `GLIBC_2.33' not found (required by diffstat)
diffstat: /lib64/libc.so.6: version `GLIBC_2.34' not found (required by diffstat)

Error in commit d64ff406e51e4f359afedbf2468a10440d6d8cef: diffstat error: diffstat: /lib64/libc.so.6: version `GLIBC_2.33' not found (required by diffstat)
diffstat: /lib64/libc.so.6: version `GLIBC_2.34' not found (required by diffstat)

Error in commit 9a4435375cd151e07c0c38fa601b00115986091b: diffstat error: diffstat: /lib64/libc.so.6: version `GLIBC_2.33' not found (required by diffstat)
diffstat: /lib64/libc.so.6: version `GLIBC_2.34' not found (required by diffstat)

Error in commit ce684dd008532ea0bf9d4a1d89bacb35f4a83f4d: diffstat error: diffstat: /lib64/libc.so.6: version `GLIBC_2.33' not found (required by diffstat)
diffstat: /lib64/libc.so.6: version `GLIBC_2.34' not found (required by diffstat)

Error in commit 8df6884832ec413cf032dfaa45c23b1c7876670c: diffstat error: diffstat: /lib64/libc.so.6: version `GLIBC_2.33' not found (required by diffstat)
diffstat: /lib64/libc.so.6: version `GLIBC_2.34' not found (required by diffstat)

Error in commit 912eb73afb7aef98723e1ee0ace0c9f78898878c: diffstat error: diffstat: /lib64/libc.so.6: version `GLIBC_2.33' not found (required by diffstat)
diffstat: /lib64/libc.so.6: version `GLIBC_2.34' not found (required by diffstat)

Error in commit 02f909dc24b1f05cfbba75077c7707b905e63cd2: diffstat error: diffstat: /lib64/libc.so.6: version `GLIBC_2.33' not found (required by diffstat)
diffstat: /lib64/libc.so.6: version `GLIBC_2.34' not found (required by diffstat)

Error in commit 148115fcc40f1651a5d15fa34c9a8c528e7147bb: diffstat error: diffstat: /lib64/libc.so.6: version `GLIBC_2.33' not found (required by diffstat)
diffstat: /lib64/libc.so.6: version `GLIBC_2.34' not found (required by diffstat)

Error in commit cdf69cb5f59eeb67f3f18473ee4931cb1f4b1c3d: diffstat error: diffstat: /lib64/libc.so.6: version `GLIBC_2.33' not found (required by diffstat)
diffstat: /lib64/libc.so.6: version `GLIBC_2.34' not found (required by diffstat)

Error in commit ca7a03c4175366a92cee0ccc4fec0038c3266e26: diffstat error: diffstat: /lib64/libc.so.6: version `GLIBC_2.33' not found (required by diffstat)
diffstat: /lib64/libc.so.6: version `GLIBC_2.34' not found (required by diffstat)

Error in commit 62a0ce94aeb7dd99155882956ce9e327ab914ddf: diffstat error: diffstat: /lib64/libc.so.6: version `GLIBC_2.33' not found (required by diffstat)
diffstat: /lib64/libc.so.6: version `GLIBC_2.34' not found (required by diffstat)

Error in commit 27d461333459d282ffa4a2bdb6b215a59d493a8f: diffstat error: diffstat: /lib64/libc.so.6: version `GLIBC_2.33' not found (required by diffstat)
diffstat: /lib64/libc.so.6: version `GLIBC_2.34' not found (required by diffstat)

Error in commit ab612b1daf415b62c58e130cb3d0f30b255a14d0: diffstat error: diffstat: /lib64/libc.so.6: version `GLIBC_2.33' not found (required by diffstat)
diffstat: /lib64/libc.so.6: version `GLIBC_2.34' not found (required by diffstat)

Error in commit 78beef629fd95be4ed853b2d37b832f766bd96ca: diffstat error: diffstat: /lib64/libc.so.6: version `GLIBC_2.33' not found (required by diffstat)
diffstat: /lib64/libc.so.6: version `GLIBC_2.34' not found (required by diffstat)

Error in commit 2fd43d1159d22395aae01836c4b13ee5265a9b6b: diffstat error: diffstat: /lib64/libc.so.6: version `GLIBC_2.33' not found (required by diffstat)
diffstat: /lib64/libc.so.6: version `GLIBC_2.34' not found (required by diffstat)

Error in commit d4e70ebd6fc074a2fc9af5de6d9bec862cbf7473: diffstat error: diffstat: /lib64/libc.so.6: version `GLIBC_2.33' not found (required by diffstat)
diffstat: /lib64/libc.so.6: version `GLIBC_2.34' not found (required by diffstat)

Error in commit dfa552f45be381ec1834573e6a94eccea728de2c: diffstat error: diffstat: /lib64/libc.so.6: version `GLIBC_2.33' not found (required by diffstat)
diffstat: /lib64/libc.so.6: version `GLIBC_2.34' not found (required by diffstat)

Error in commit 6f318e4451fcb45054408eaf568ca1c30c2d1ab6: diffstat error: diffstat: /lib64/libc.so.6: version `GLIBC_2.33' not found (required by diffstat)
diffstat: /lib64/libc.so.6: version `GLIBC_2.34' not found (required by diffstat)

Error in commit 53f913a76196c7357d4858bfbf2c33caa9181bae: diffstat error: diffstat: /lib64/libc.so.6: version `GLIBC_2.33' not found (required by diffstat)
diffstat: /lib64/libc.so.6: version `GLIBC_2.34' not found (required by diffstat)

Error in commit 5f5a1318653c08e435cfa52f60b6a712815b659d: diffstat error: diffstat: /lib64/libc.so.6: version `GLIBC_2.33' not found (required by diffstat)
diffstat: /lib64/libc.so.6: version `GLIBC_2.34' not found (required by diffstat)

Error in commit 5c42c64f7d54ba560b0b001e4e73e4a1aeed1355: diffstat error: diffstat: /lib64/libc.so.6: version `GLIBC_2.33' not found (required by diffstat)
diffstat: /lib64/libc.so.6: version `GLIBC_2.34' not found (required by diffstat)

Error in commit 18cadd888e738194683cf4ad256c849212907cac: diffstat error: diffstat: /lib64/libc.so.6: version `GLIBC_2.33' not found (required by diffstat)
diffstat: /lib64/libc.so.6: version `GLIBC_2.34' not found (required by diffstat)

Error in commit 21e9be569cdd09b4d783a8a329ad76d6e5727697: diffstat error: diffstat: /lib64/libc.so.6: version `GLIBC_2.33' not found (required by diffstat)
diffstat: /lib64/libc.so.6: version `GLIBC_2.34' not found (required by diffstat)

Error in commit 8e59147cba140aa7d592b483806a2a8fadb562a2: diffstat error: diffstat: /lib64/libc.so.6: version `GLIBC_2.33' not found (required by diffstat)
diffstat: /lib64/libc.so.6: version `GLIBC_2.34' not found (required by diffstat)

Error in commit 1241d44df257dc4324ff162f2b70eb60d32c5102: diffstat error: diffstat: /lib64/libc.so.6: version `GLIBC_2.33' not found (required by diffstat)
diffstat: /lib64/libc.so.6: version `GLIBC_2.34' not found (required by diffstat)

Error in commit a246b4d547708f33ff4d4b9a7a5dbac741dc89d8: diffstat error: diffstat: /lib64/libc.so.6: version `GLIBC_2.33' not found (required by diffstat)
diffstat: /lib64/libc.so.6: version `GLIBC_2.34' not found (required by diffstat)

Error in commit f556fdd2eae5889b60fc2a4ce338e2141a1d765b: diffstat error: diffstat: /lib64/libc.so.6: version `GLIBC_2.33' not found (required by diffstat)
diffstat: /lib64/libc.so.6: version `GLIBC_2.34' not found (required by diffstat)

Error in commit 2123adf8e5e1c2b48791f9d22fc8c747e974180e: diffstat error: diffstat: /lib64/libc.so.6: version `GLIBC_2.33' not found (required by diffstat)
diffstat: /lib64/libc.so.6: version `GLIBC_2.34' not found (required by diffstat)

Error in commit 94b5e88d36884aa11cca2639c53091badb8663df: diffstat error: diffstat: /lib64/libc.so.6: version `GLIBC_2.33' not found (required by diffstat)
diffstat: /lib64/libc.so.6: version `GLIBC_2.34' not found (required by diffstat)

Error in commit b4efe73c9e725f97b3550371f8a78a10a20bf2fd: diffstat error: diffstat: /lib64/libc.so.6: version `GLIBC_2.33' not found (required by diffstat)
diffstat: /lib64/libc.so.6: version `GLIBC_2.34' not found (required by diffstat)

Error in commit 072fa008b8b0aaeebc830b40a07a5d2300311521: diffstat error: diffstat: /lib64/libc.so.6: version `GLIBC_2.33' not found (required by diffstat)
diffstat: /lib64/libc.so.6: version `GLIBC_2.34' not found (required by diffstat)

Error in commit 4ca933bb817efd90076d5bde968761047ac7e4cf: diffstat error: diffstat: /lib64/libc.so.6: version `GLIBC_2.33' not found (required by diffstat)
diffstat: /lib64/libc.so.6: version `GLIBC_2.34' not found (required by diffstat)

Error in commit c4e06eb0a706483fbfccc56bef058d2f5d9a6eef: diffstat error: diffstat: /lib64/libc.so.6: version `GLIBC_2.33' not found (required by diffstat)
diffstat: /lib64/libc.so.6: version `GLIBC_2.34' not found (required by diffstat)

Error in commit 34d1324edd3154105b7a3985c6c4384d602f2ab6: diffstat error: diffstat: /lib64/libc.so.6: version `GLIBC_2.33' not found (required by diffstat)
diffstat: /lib64/libc.so.6: version `GLIBC_2.34' not found (required by diffstat)

Error in commit b69177be2fbe01c2442239a61832c44e40136c05: diffstat error: diffstat: /lib64/libc.so.6: version `GLIBC_2.33' not found (required by diffstat)
diffstat: /lib64/libc.so.6: version `GLIBC_2.34' not found (required by diffstat)

Error in commit 4124bc2f8f84786e006a81a965e77344460fb8be: diffstat error: diffstat: /lib64/libc.so.6: version `GLIBC_2.33' not found (required by diffstat)
diffstat: /lib64/libc.so.6: version `GLIBC_2.34' not found (required by diffstat)

Error in commit 391676dc39a92c415f8a7eb2bd922019729aa20b: diffstat error: diffstat: /lib64/libc.so.6: version `GLIBC_2.33' not found (required by diffstat)
diffstat: /lib64/libc.so.6: version `GLIBC_2.34' not found (required by diffstat)

Error in commit 84d52ab03b17b844be4bb09cc42c1e75aa33c067: diffstat error: diffstat: /lib64/libc.so.6: version `GLIBC_2.33' not found (required by diffstat)
diffstat: /lib64/libc.so.6: version `GLIBC_2.34' not found (required by diffstat)

Error in commit 77f6c60f57dba0aaea5d8ef1dd94bcd0c8e6d205: diffstat error: diffstat: /lib64/libc.so.6: version `GLIBC_2.33' not found (required by diffstat)
diffstat: /lib64/libc.so.6: version `GLIBC_2.34' not found (required by diffstat)

Error in commit 0666305b11fd73046bfd1d0186f392f91f1e2482: diffstat error: diffstat: /lib64/libc.so.6: version `GLIBC_2.33' not found (required by diffstat)
diffstat: /lib64/libc.so.6: version `GLIBC_2.34' not found (required by diffstat)

Error in commit 3d6d2ed18e93ee39762c9722654517e0d8743dda: diffstat error: diffstat: /lib64/libc.so.6: version `GLIBC_2.33' not found (required by diffstat)
diffstat: /lib64/libc.so.6: version `GLIBC_2.34' not found (required by diffstat)

Error in commit 997d077052395c1af42f547e5d6bf33323fae848: diffstat error: diffstat: /lib64/libc.so.6: version `GLIBC_2.33' not found (required by diffstat)
diffstat: /lib64/libc.so.6: version `GLIBC_2.34' not found (required by diffstat)

Error in commit 8a52392237c44cbbd1ffc62b164230e1159dfb76: diffstat error: diffstat: /lib64/libc.so.6: version `GLIBC_2.33' not found (required by diffstat)
diffstat: /lib64/libc.so.6: version `GLIBC_2.34' not found (required by diffstat)

Error in commit c8761e2016aa51a2829563b02a0a55913bdb0be8: diffstat error: diffstat: /lib64/libc.so.6: version `GLIBC_2.33' not found (required by diffstat)
diffstat: /lib64/libc.so.6: version `GLIBC_2.34' not found (required by diffstat)

Error in commit b1d120a2c7d7446d2cc58d517e20a1b184b82200: diffstat error: diffstat: /lib64/libc.so.6: version `GLIBC_2.33' not found (required by diffstat)
diffstat: /lib64/libc.so.6: version `GLIBC_2.34' not found (required by diffstat)

Error in commit 382da2b8b09cbf928668a2445efb778f76bd9c8a: diffstat error: diffstat: /lib64/libc.so.6: version `GLIBC_2.33' not found (required by diffstat)
diffstat: /lib64/libc.so.6: version `GLIBC_2.34' not found (required by diffstat)

Error in commit cf22d4c60ea70a319388dfcbbbd26b34215ed052: diffstat error: diffstat: /lib64/libc.so.6: version `GLIBC_2.33' not found (required by diffstat)
diffstat: /lib64/libc.so.6: version `GLIBC_2.34' not found (required by diffstat)

Error in commit d4c2524c1aad1a8e5de18031a6875b2bcacdc501: diffstat error: diffstat: /lib64/libc.so.6: version `GLIBC_2.33' not found (required by diffstat)
diffstat: /lib64/libc.so.6: version `GLIBC_2.34' not found (required by diffstat)

Error in commit e2f0ccf939d9f82931d085acb6df8e9a182a4261: diffstat error: diffstat: /lib64/libc.so.6: version `GLIBC_2.33' not found (required by diffstat)
diffstat: /lib64/libc.so.6: version `GLIBC_2.34' not found (required by diffstat)

Error in commit 6835731c2fe4164a0c50bc91d12c43b2a2b4e: diffstat error: diffstat: /lib64/libc.so.6: version `GLIBC_2.33' not found (required by diffstat)
diffstat: /lib64/libc.so.6: version `GLIBC_2.34' not found (required by diffstat)

Error in commit 0acf2e786745f8b14640adbd131a64830edabf9f: diffstat error: diffstat: /lib64/libc.so.6: version `GLIBC_2.33' not found (required by diffstat)
diffstat: /lib64/libc.so.6: version `GLIBC_2.34' not found (required by diffstat)

Error in commit cc0f69283abc082488824702dae485b8eae938bc: diffstat error: diffstat: /lib64/libc.so.6: version `GLIBC_2.33' not found (required by diffstat)
diffstat: /lib64/libc.so.6: version `GLIBC_2.34' not found (required by diffstat)

Error in commit ce01bd15f711d4575b7424b54b3a395ec64c1784: diffstat error: diffstat: /lib64/libc.so.6: version `GLIBC_2.33' not found (required by diffstat)
diffstat: /lib64/libc.so.6: version `GLIBC_2.34' not found (required by diffstat)

Error in commit d552be23658b3bdd1b7dedd34f25631773e81dff: diffstat error: diffstat: /lib64/libc.so.6: version `GLIBC_2.33' not found (required by diffstat)
diffstat: /lib64/libc.so.6: version `GLIBC_2.34' not found (required by diffstat)

Error in commit 480641e3599775a8895254ffbc0fc45621334f68: diffstat error: diffstat: /lib64/libc.so.6: version `GLIBC_2.33' not found (required by diffstat)
diffstat: /lib64/libc.so.6: version `GLIBC_2.34' not found (required by diffstat)

Error in commit 283782a2dc3301f4d9e8dee65654eb97c698d635: diffstat error: diffstat: /lib64/libc.so.6: version `GLIBC_2.33' not found (required by diffstat)
diffstat: /lib64/libc.so.6: version `GLIBC_2.34' not found (required by diffstat)

Error in commit 49847ae69a4e1a97ae7f2db5e217c77721e37948: diffstat error: diffstat: /lib64/libc.so.6: version `GLIBC_2.33' not found (required by diffstat)
diffstat: /lib64/libc.so.6: version `GLIBC_2.34' not found (required by diffstat)

Error in commit b54e9e2559dbc09ef58c3fe649bce8b0eaba4c43: diffstat error: diffstat: /lib64/libc.so.6: version `GLIBC_2.33' not found (required by diffstat)
diffstat: /lib64/libc.so.6: version `GLIBC_2.34' not found (required by diffstat)

Error in commit d01dd5c94b908180ea01d80256c49f7208239265: diffstat error: diffstat: /lib64/libc.so.6: version `GLIBC_2.33' not found (required by diffstat)
diffstat: /lib64/libc.so.6: version `GLIBC_2.34' not found (required by diffstat)

Error in commit 55e400376a73bcab9a4e64ecfddbf073008ac422: diffstat error: diffstat: /lib64/libc.so.6: version `GLIBC_2.33' not found (required by diffstat)
diffstat: /lib64/libc.so.6: version `GLIBC_2.34' not found (required by diffstat)

Error in commit 6d67310f4d2524b466b98f05ebccc1add1e8cf35: diffstat error: diffstat: /lib64/libc.so.6: version `GLIBC_2.33' not found (required by diffstat)
diffstat: /lib64/libc.so.6: version `GLIBC_2.34' not found (required by diffstat)

Error in commit 7546145e26e4feecf0994d84e888d7da9c47424b: diffstat error: diffstat: /lib64/libc.so.6: version `GLIBC_2.33' not found (required by diffstat)
diffstat: /lib64/libc.so.6: version `GLIBC_2.34' not found (required by diffstat)

Error in commit 2710c930918609caaf0a664e9c7bc3dce05d5b58: diffstat error: diffstat: /lib64/libc.so.6: version `GLIBC_2.33' not found (required by diffstat)
diffstat: /lib64/libc.so.6: version `GLIBC_2.34' not found (required by diffstat)

Error in commit c95d019ff813aa48c267326dca5f51c0f7ad3ab7: diffstat error: diffstat: /lib64/libc.so.6: version `GLIBC_2.33' not found (required by diffstat)
diffstat: /lib64/libc.so.6: version `GLIBC_2.34' not found (required by diffstat)

Error in commit f7399b62d7fbc596f1b2871578c1d2053bedf1dd: diffstat error: diffstat: /lib64/libc.so.6: version `GLIBC_2.33' not found (required by diffstat)
diffstat: /lib64/libc.so.6: version `GLIBC_2.34' not found (required by diffstat)

Error in commit 4f304af1411e68851bdd00ef6140e9de4616f7d3: diffstat error: diffstat: /lib64/libc.so.6: version `GLIBC_2.33' not found (required by diffstat)
diffstat: /lib64/libc.so.6: version `GLIBC_2.34' not found (required by diffstat)

Error in commit cb5272724fbe18e937bbe8bb8a0a279027255032: diffstat error: diffstat: /lib64/libc.so.6: version `GLIBC_2.33' not found (required by diffstat)
diffstat: /lib64/libc.so.6: version `GLIBC_2.34' not found (required by diffstat)

Error in commit 5283ca4581460d98fb36d026beb11b181a1dee33: diffstat error: diffstat: /lib64/libc.so.6: version `GLIBC_2.33' not found (required by diffstat)
diffstat: /lib64/libc.so.6: version `GLIBC_2.34' not found (required by diffstat)

Error in commit 17634ba25544d60af1968982929150efad755032: diffstat error: diffstat: /lib64/libc.so.6: version `GLIBC_2.33' not found (required by diffstat)
diffstat: /lib64/libc.so.6: version `GLIBC_2.34' not found (required by diffstat)

Error in commit dfdfc2beb0dd7e3a067d2eeacb4623cb48e77658: diffstat error: diffstat: /lib64/libc.so.6: version `GLIBC_2.33' not found (required by diffstat)
diffstat: /lib64/libc.so.6: version `GLIBC_2.34' not found (required by diffstat)

Error in commit 8a84f7a2b5a2b27ecf88d25bad9ac777cd2f7992: diffstat error: diffstat: /lib64/libc.so.6: version `GLIBC_2.33' not found (required by diffstat)
diffstat: /lib64/libc.so.6: version `GLIBC_2.34' not found (required by diffstat)

Error in commit 17272b4d1ccb5c7bd0bc3015c34f8bd769516354: diffstat error: diffstat: /lib64/libc.so.6: version `GLIBC_2.33' not found (required by diffstat)
diffstat: /lib64/libc.so.6: version `GLIBC_2.34' not found (required by diffstat)

Error in commit eb10dcf81a30030a59a5cefa4f5e60d14362a164: diffstat error: diffstat: /lib64/libc.so.6: version `GLIBC_2.33' not found (required by diffstat)
diffstat: /lib64/libc.so.6: version `GLIBC_2.34' not found (required by diffstat)

Error in commit 99c50e5777a77069a71b2f58ddde83dbd3a22f72: diffstat error: diffstat: /lib64/libc.so.6: version `GLIBC_2.33' not found (required by diffstat)
diffstat: /lib64/libc.so.6: version `GLIBC_2.34' not found (required by diffstat)

Error in commit 5903d2bf23588eab0a4487f727efb178caaeace1: diffstat error: diffstat: /lib64/libc.so.6: version `GLIBC_2.33' not found (required by diffstat)
diffstat: /lib64/libc.so.6: version `GLIBC_2.34' not found (required by diffstat)

Error in commit 6e25c7a7f91c3fd7836ad6ec544b8e19c8df5e5a: diffstat error: diffstat: /lib64/libc.so.6: version `GLIBC_2.33' not found (required by diffstat)
diffstat: /lib64/libc.so.6: version `GLIBC_2.34' not found (required by diffstat)

Error in commit 534e2ae19d0174f689088b3bce9974140805e8de: diffstat error: diffstat: /lib64/libc.so.6: version `GLIBC_2.33' not found (required by diffstat)
diffstat: /lib64/libc.so.6: version `GLIBC_2.34' not found (required by diffstat)

Error in commit b12d2f65d660b4139b322af90b6ef60ed267210b: diffstat error: diffstat: /lib64/libc.so.6: version `GLIBC_2.33' not found (required by diffstat)
diffstat: /lib64/libc.so.6: version `GLIBC_2.34' not found (required by diffstat)

Error in commit f1017b3fb318d8524210ce4d599a0b083036dee9: diffstat error: diffstat: /lib64/libc.so.6: version `GLIBC_2.33' not found (required by diffstat)
diffstat: /lib64/libc.so.6: version `GLIBC_2.34' not found (required by diffstat)

Error in commit bb8334104baf4d5a4a442a8647fb9204738f2204: diffstat error: diffstat: /lib64/libc.so.6: version `GLIBC_2.33' not found (required by diffstat)
diffstat: /lib64/libc.so.6: version `GLIBC_2.34' not found (required by diffstat)

Error in commit 2c16b361ac58943d9a62bd6b1f8763420165e491: diffstat error: diffstat: /lib64/libc.so.6: version `GLIBC_2.33' not found (required by diffstat)
diffstat: /lib64/libc.so.6: version `GLIBC_2.34' not found (required by diffstat)

Error in commit 05cbebd3c6bb8f517a158b0155debb8df79017ff: diffstat error: diffstat: /lib64/libc.so.6: version `GLIBC_2.33' not found (required by diffstat)
diffstat: /lib64/libc.so.6: version `GLIBC_2.34' not found (required by diffstat)

Error in commit ccbc8991db3943ef984405881a1c917c530f902f: diffstat error: diffstat: /lib64/libc.so.6: version `GLIBC_2.33' not found (required by diffstat)
diffstat: /lib64/libc.so.6: version `GLIBC_2.34' not found (required by diffstat)

Error in commit f9f2d8e8afd11e0020ab4ba886c5588dce78bbf0: diffstat error: diffstat: /lib64/libc.so.6: version `GLIBC_2.33' not found (required by diffstat)
diffstat: /lib64/libc.so.6: version `GLIBC_2.34' not found (required by diffstat)

Error in commit 3092d5d5c17f6b119da2c8c490dbce6b0a31da6b: diffstat error: diffstat: /lib64/libc.so.6: version `GLIBC_2.33' not found (required by diffstat)
diffstat: /lib64/libc.so.6: version `GLIBC_2.34' not found (required by diffstat)

Error in commit e732026202de7e40139b3c2b92b78cdec7595c90: diffstat error: diffstat: /lib64/libc.so.6: version `GLIBC_2.33' not found (required by diffstat)
diffstat: /lib64/libc.so.6: version `GLIBC_2.34' not found (required by diffstat)

Error in commit bab4b623762b5eb562fcda2abaa5ffa9f946f0c3: diffstat error: diffstat: /lib64/libc.so.6: version `GLIBC_2.33' not found (required by diffstat)
diffstat: /lib64/libc.so.6: version `GLIBC_2.34' not found (required by diffstat)

Error in commit 1bed0d587275ad105c5fe6f0d9ca4ef1508a74e0: diffstat error: diffstat: /lib64/libc.so.6: version `GLIBC_2.33' not found (required by diffstat)
diffstat: /lib64/libc.so.6: version `GLIBC_2.34' not found (required by diffstat)

Error in commit c92ff8d6a93562b729a423424e770f082666b16f: diffstat error: diffstat: /lib64/libc.so.6: version `GLIBC_2.33' not found (required by diffstat)
diffstat: /lib64/libc.so.6: version `GLIBC_2.34' not found (required by diffstat)

Error in commit b64638ec5ccaa77b7c1eb90958e3d85ce381f91b: diffstat error: diffstat: /lib64/libc.so.6: version `GLIBC_2.33' not found (required by diffstat)
diffstat: /lib64/libc.so.6: version `GLIBC_2.34' not found (required by diffstat)

Error in commit 5cfb0fd9c7a89a788188f83886a7321b8a819369: diffstat error: diffstat: /lib64/libc.so.6: version `GLIBC_2.33' not found (required by diffstat)
diffstat: /lib64/libc.so.6: version `GLIBC_2.34' not found (required by diffstat)

Error in commit 0b6b491d21d6a4eb5fbab1cca565bc1e94ca9543: diffstat error: diffstat: /lib64/libc.so.6: version `GLIBC_2.33' not found (required by diffstat)
diffstat: /lib64/libc.so.6: version `GLIBC_2.34' not found (required by diffstat)

Error in commit e5b0eec199c2d03de54fd6a7fd9275692218e2bc: diffstat error: diffstat: /lib64/libc.so.6: version `GLIBC_2.33' not found (required by diffstat)
diffstat: /lib64/libc.so.6: version `GLIBC_2.34' not found (required by diffstat)

Error in commit 7c3f96bf324cebe443a7eb814ce771c66c073998: diffstat error: diffstat: /lib64/libc.so.6: version `GLIBC_2.33' not found (required by diffstat)
diffstat: /lib64/libc.so.6: version `GLIBC_2.34' not found (required by diffstat)

Error in commit e746adbfcfee15e9cfdb391ff746c765b99bdf9b: diffstat error: diffstat: /lib64/libc.so.6: version `GLIBC_2.33' not found (required by diffstat)
diffstat: /lib64/libc.so.6: version `GLIBC_2.34' not found (required by diffstat)

Error in commit eaa0c588cf44e0c436560738ec361cbc4861cb2d: diffstat error: diffstat: /lib64/libc.so.6: version `GLIBC_2.33' not found (required by diffstat)
diffstat: /lib64/libc.so.6: version `GLIBC_2.34' not found (required by diffstat)

Error in commit 633536729c84b4a87bb41dbb95f27487cb466386: diffstat error: diffstat: /lib64/libc.so.6: version `GLIBC_2.33' not found (required by diffstat)
diffstat: /lib64/libc.so.6: version `GLIBC_2.34' not found (required by diffstat)

Error in commit 9371333230b1a6e1be2eccf4868771e11af6253a: diffstat error: diffstat: /lib64/libc.so.6: version `GLIBC_2.33' not found (required by diffstat)
diffstat: /lib64/libc.so.6: version `GLIBC_2.34' not found (required by diffstat)

Error in commit 96c1f1a6850595cae8b65f99b5c2dd1262de6d88: diffstat error: diffstat: /lib64/libc.so.6: version `GLIBC_2.33' not found (required by diffstat)
diffstat: /lib64/libc.so.6: version `GLIBC_2.34' not found (required by diffstat)

Error in commit 43b110ab6ec17c80463a50bf6d3ae6077f9fb226: diffstat error: diffstat: /lib64/libc.so.6: version `GLIBC_2.33' not found (required by diffstat)
diffstat: /lib64/libc.so.6: version `GLIBC_2.34' not found (required by diffstat)

Error in commit 9de5481098d909e5fc3973738cd5e6e27f5b411e: diffstat error: diffstat: /lib64/libc.so.6: version `GLIBC_2.33' not found (required by diffstat)
diffstat: /lib64/libc.so.6: version `GLIBC_2.34' not found (required by diffstat)

Error in commit fda97a0beea021569ac5b75c92f04134baa9a3b9: diffstat error: diffstat: /lib64/libc.so.6: version `GLIBC_2.33' not found (required by diffstat)
diffstat: /lib64/libc.so.6: version `GLIBC_2.34' not found (required by diffstat)

Error in commit 263b1a05b04e442896d7941f87d022a2f35a9220: diffstat error: diffstat: /lib64/libc.so.6: version `GLIBC_2.33' not found (required by diffstat)
diffstat: /lib64/libc.so.6: version `GLIBC_2.34' not found (required by diffstat)

Error in commit 23c69f10698301ae97709eb0bbfb371d66b99a08: diffstat error: diffstat: /lib64/libc.so.6: version `GLIBC_2.33' not found (required by diffstat)
diffstat: /lib64/libc.so.6: version `GLIBC_2.34' not found (required by diffstat)

Error in commit 1aeeed2e4fdeffb4875c0d0b439915894594c8c6: diffstat error: diffstat: /lib64/libc.so.6: version `GLIBC_2.33' not found (required by diffstat)
diffstat: /lib64/libc.so.6: version `GLIBC_2.34' not found (required by diffstat)

Error in commit 4cad7d14a027a2d04db896d62b86825e3a3f7203: diffstat error: diffstat: /lib64/libc.so.6: version `GLIBC_2.33' not found (required by diffstat)
diffstat: /lib64/libc.so.6: version `GLIBC_2.34' not found (required by diffstat)

Error in commit b65252b39bbda0a75a56135da4765cc540922389: diffstat error: diffstat: /lib64/libc.so.6: version `GLIBC_2.33' not found (required by diffstat)
diffstat: /lib64/libc.so.6: version `GLIBC_2.34' not found (required by diffstat)

Error in commit 397b005715b443ff8175ffe3549f13ebfc6a9e7f: diffstat error: diffstat: /lib64/libc.so.6: version `GLIBC_2.33' not found (required by diffstat)
diffstat: /lib64/libc.so.6: version `GLIBC_2.34' not found (required by diffstat)

Error in commit c40a4f9862104ede15d0ba05ccbf805923070778: diffstat error: diffstat: /lib64/libc.so.6: version `GLIBC_2.33' not found (required by diffstat)
diffstat: /lib64/libc.so.6: version `GLIBC_2.34' not found (required by diffstat)

Error in commit d27251ec4ec16e1b87e4e05fd34ea8398936d4d6: diffstat error: diffstat: /lib64/libc.so.6: version `GLIBC_2.33' not found (required by diffstat)
diffstat: /lib64/libc.so.6: version `GLIBC_2.34' not found (required by diffstat)

Error in commit cfa94cbf10302bedc779703f874ee2e8387a0721: diffstat error: diffstat: /lib64/libc.so.6: version `GLIBC_2.33' not found (required by diffstat)
diffstat: /lib64/libc.so.6: version `GLIBC_2.34' not found (required by diffstat)

Error in commit 5535d963994ad808d6e404dc2da29849bfe83507: diffstat error: diffstat: /lib64/libc.so.6: version `GLIBC_2.33' not found (required by diffstat)
diffstat: /lib64/libc.so.6: version `GLIBC_2.34' not found (required by diffstat)

Error in commit 513a3dde0ab9f57275dc9267808bb8dbd1e7e5a9: diffstat error: diffstat: /lib64/libc.so.6: version `GLIBC_2.33' not found (required by diffstat)
diffstat: /lib64/libc.so.6: version `GLIBC_2.34' not found (required by diffstat)

Error in commit f5902e4f0c03ad542f039f6fe312b4b8f9e30fd6: diffstat error: diffstat: /lib64/libc.so.6: version `GLIBC_2.33' not found (required by diffstat)
diffstat: /lib64/libc.so.6: version `GLIBC_2.34' not found (required by diffstat)

Error in commit 7114fb71: diffstat error: diffstat: /lib64/libc.so.6: version `GLIBC_2.33' not found (required by diffstat)
diffstat: /lib64/libc.so.6: version `GLIBC_2.34' not found (required by diffstat)

Error in commit 947bc1ee6d05be10204b918df75a503415fd3213: diffstat error: diffstat: /lib64/libc.so.6: version `GLIBC_2.33' not found (required by diffstat)
diffstat: /lib64/libc.so.6: version `GLIBC_2.34' not found (required by diffstat)

Error in commit 44763e499a57c57413ac09e53b54ed0e55ec4f0d: diffstat error: diffstat: /lib64/libc.so.6: version `GLIBC_2.33' not found (required by diffstat)
diffstat: /lib64/libc.so.6: version `GLIBC_2.34' not found (required by diffstat)

Error in commit 1f3f5e551c0f8cae84e9dba016b0ec3b42471cb1: diffstat error: diffstat: /lib64/libc.so.6: version `GLIBC_2.33' not found (required by diffstat)
diffstat: /lib64/libc.so.6: version `GLIBC_2.34' not found (required by diffstat)

Error in commit 32452a3eb8b64e01e2be717f518c0be046975b9d: diffstat error: diffstat: /lib64/libc.so.6: version `GLIBC_2.33' not found (required by diffstat)
diffstat: /lib64/libc.so.6: version `GLIBC_2.34' not found (required by diffstat)

Error in commit c98ba9d03213d0c63d6874539d59f7b55fbc3fae: diffstat error: diffstat: /lib64/libc.so.6: version `GLIBC_2.33' not found (required by diffstat)
diffstat: /lib64/libc.so.6: version `GLIBC_2.34' not found (required by diffstat)

Error in commit e55323c4c29e6b2645e7e7357453c34fb9a42440: diffstat error: diffstat: /lib64/libc.so.6: version `GLIBC_2.33' not found (required by diffstat)
diffstat: /lib64/libc.so.6: version `GLIBC_2.34' not found (required by diffstat)

Error in commit 344d0161048147e48297a0e5a011bde3ad23f951: diffstat error: diffstat: /lib64/libc.so.6: version `GLIBC_2.33' not found (required by diffstat)
diffstat: /lib64/libc.so.6: version `GLIBC_2.34' not found (required by diffstat)

Error in commit 075913803d76dcb25d5285d96a072fa960d5e3bb: diffstat error: diffstat: /lib64/libc.so.6: version `GLIBC_2.33' not found (required by diffstat)
diffstat: /lib64/libc.so.6: version `GLIBC_2.34' not found (required by diffstat)

Error in commit 42d40581dd919fb134c07027ca1ce0844c670daf: diffstat error: diffstat: /lib64/libc.so.6: version `GLIBC_2.33' not found (required by diffstat)
diffstat: /lib64/libc.so.6: version `GLIBC_2.34' not found (required by diffstat)

Error in commit fdd5f2f7a32535eb8f2fbafbed2d84c0e69392c0: diffstat error: diffstat: /lib64/libc.so.6: version `GLIBC_2.33' not found (required by diffstat)
diffstat: /lib64/libc.so.6: version `GLIBC_2.34' not found (required by diffstat)

Error in commit e57b32dda052c6fd6e1b1936e0710ccdb54d5ef9: diffstat error: diffstat: /lib64/libc.so.6: version `GLIBC_2.33' not found (required by diffstat)
diffstat: /lib64/libc.so.6: version `GLIBC_2.34' not found (required by diffstat)

Error in commit 85cc9af73a9944a1fdcd25e1a3e7f16424ea7246: diffstat error: diffstat: /lib64/libc.so.6: version `GLIBC_2.33' not found (required by diffstat)
diffstat: /lib64/libc.so.6: version `GLIBC_2.34' not found (required by diffstat)

Error in commit d578ca6cbba6056f17901c869a6325d571bb124d: diffstat error: diffstat: /lib64/libc.so.6: version `GLIBC_2.33' not found (required by diffstat)
diffstat: /lib64/libc.so.6: version `GLIBC_2.34' not found (required by diffstat)

Error in commit 30951157441aed950ad8ca326500b4986d431c7a: diffstat error: diffstat: /lib64/libc.so.6: version `GLIBC_2.33' not found (required by diffstat)
diffstat: /lib64/libc.so.6: version `GLIBC_2.34' not found (required by diffstat)

Error in commit 1bd5cf0e3da053b1e9353a251d558399537f0f18: diffstat error: diffstat: /lib64/libc.so.6: version `GLIBC_2.33' not found (required by diffstat)
diffstat: /lib64/libc.so.6: version `GLIBC_2.34' not found (required by diffstat)

Error in commit 6e2a71d0b743c105c71f88a7ed1de0851cdd90ca: diffstat error: diffstat: /lib64/libc.so.6: version `GLIBC_2.33' not found (required by diffstat)
diffstat: /lib64/libc.so.6: version `GLIBC_2.34' not found (required by diffstat)

Error in commit 1a5dc817c0c9379bbaab14c676681b42b0039a3c: diffstat error: diffstat: /lib64/libc.so.6: version `GLIBC_2.33' not found (required by diffstat)
diffstat: /lib64/libc.so.6: version `GLIBC_2.34' not found (required by diffstat)

Error in commit 6096f2734a9a2f2c789f2e948c021def6b41f85b: diffstat error: diffstat: /lib64/libc.so.6: version `GLIBC_2.33' not found (required by diffstat)
diffstat: /lib64/libc.so.6: version `GLIBC_2.34' not found (required by diffstat)

Error in commit 1e6fa5216a0e59ef02e8b6b40d553238a3b81d49: diffstat error: diffstat: /lib64/libc.so.6: version `GLIBC_2.33' not found (required by diffstat)
diffstat: /lib64/libc.so.6: version `GLIBC_2.34' not found (required by diffstat)

Error in commit 4e0f718daf97d47cf7dec122da1be970f145c809: diffstat error: diffstat: /lib64/libc.so.6: version `GLIBC_2.33' not found (required by diffstat)
diffstat: /lib64/libc.so.6: version `GLIBC_2.34' not found (required by diffstat)

Error in commit fb04a1eddb1a65b6588a021bdc132270d5ae48bb: diffstat error: diffstat: /lib64/libc.so.6: version `GLIBC_2.33' not found (required by diffstat)
diffstat: /lib64/libc.so.6: version `GLIBC_2.34' not found (required by diffstat)

Error in commit 9674da8759df0d6c0d24e1ede6e2a1acdef91e3c: diffstat error: diffstat: /lib64/libc.so.6: version `GLIBC_2.33' not found (required by diffstat)
diffstat: /lib64/libc.so.6: version `GLIBC_2.34' not found (required by diffstat)

Error in commit ba953a9d89a00c078b85f4b190bc1dde66fe16b5: diffstat error: diffstat: /lib64/libc.so.6: version `GLIBC_2.33' not found (required by diffstat)
diffstat: /lib64/libc.so.6: version `GLIBC_2.34' not found (required by diffstat)

Error in commit 55d2375e58a61be072431dd3d3c8a320f4a4a01b: diffstat error: diffstat: /lib64/libc.so.6: version `GLIBC_2.33' not found (required by diffstat)
diffstat: /lib64/libc.so.6: version `GLIBC_2.34' not found (required by diffstat)

Error in commit ae9abbef7fc195cab8f1bb9f3444a39e2fbd592b: diffstat error: diffstat: /lib64/libc.so.6: version `GLIBC_2.33' not found (required by diffstat)
diffstat: /lib64/libc.so.6: version `GLIBC_2.34' not found (required by diffstat)

Error in commit 73ad1815ebcfeb7c051f9c2f7ab5024380ca8613: diffstat error: diffstat: /lib64/libc.so.6: version `GLIBC_2.33' not found (required by diffstat)
diffstat: /lib64/libc.so.6: version `GLIBC_2.34' not found (required by diffstat)

Error in commit 9fb15ea28bc7ba713fb7745d60336d7a9a8f89a6: diffstat error: diffstat: /lib64/libc.so.6: version `GLIBC_2.33' not found (required by diffstat)
diffstat: /lib64/libc.so.6: version `GLIBC_2.34' not found (required by diffstat)

Error in commit cf70b79d2662c0d3c6af74583641e345fc939467: diffstat error: diffstat: /lib64/libc.so.6: version `GLIBC_2.33' not found (required by diffstat)
diffstat: /lib64/libc.so.6: version `GLIBC_2.34' not found (required by diffstat)

Error in commit 1cf45b831eeb0cab8655c9c7c5d06ec6f45fc41b: diffstat error: diffstat: /lib64/libc.so.6: version `GLIBC_2.33' not found (required by diffstat)
diffstat: /lib64/libc.so.6: version `GLIBC_2.34' not found (required by diffstat)

Error in commit fd79ac918b8feaacebe9719adaac97dffb69137a: diffstat error: diffstat: /lib64/libc.so.6: version `GLIBC_2.33' not found (required by diffstat)
diffstat: /lib64/libc.so.6: version `GLIBC_2.34' not found (required by diffstat)

Error in commit 94f2b3923e9663d0355a829f22e4e31cf68ee7b8: diffstat error: diffstat: /lib64/libc.so.6: version `GLIBC_2.33' not found (required by diffstat)
diffstat: /lib64/libc.so.6: version `GLIBC_2.34' not found (required by diffstat)

Error in commit 6b51474d91024a4a0e82fccdd55580ce9b3f5561: diffstat error: diffstat: /lib64/libc.so.6: version `GLIBC_2.33' not found (required by diffstat)
diffstat: /lib64/libc.so.6: version `GLIBC_2.34' not found (required by diffstat)

Error in commit b50137be776dd36a324f78a0953d25523c09446b: diffstat error: diffstat: /lib64/libc.so.6: version `GLIBC_2.33' not found (required by diffstat)
diffstat: /lib64/libc.so.6: version `GLIBC_2.34' not found (required by diffstat)

Error in commit 5d4b53b6e856f3d39347678ab48d8ebad52214cb: diffstat error: diffstat: /lib64/libc.so.6: version `GLIBC_2.33' not found (required by diffstat)
diffstat: /lib64/libc.so.6: version `GLIBC_2.34' not found (required by diffstat)

Error in commit e13e02a3c68d899169c78d9a18689bd73491d59a: diffstat error: diffstat: /lib64/libc.so.6: version `GLIBC_2.33' not found (required by diffstat)
diffstat: /lib64/libc.so.6: version `GLIBC_2.34' not found (required by diffstat)

Error in commit e9e95553e5411834d215e6770c81a83a3d0866ce: diffstat error: diffstat: /lib64/libc.so.6: version `GLIBC_2.33' not found (required by diffstat)
diffstat: /lib64/libc.so.6: version `GLIBC_2.34' not found (required by diffstat)

Error in commit 216525144ee7c910296f5b05d214ca1327c9ce48: diffstat error: diffstat: /lib64/libc.so.6: version `GLIBC_2.33' not found (required by diffstat)
diffstat: /lib64/libc.so.6: version `GLIBC_2.34' not found (required by diffstat)

Error in commit 728616b28df659cf0bdde6e58a471f6ef25d023c: diffstat error: diffstat: /lib64/libc.so.6: version `GLIBC_2.33' not found (required by diffstat)
diffstat: /lib64/libc.so.6: version `GLIBC_2.34' not found (required by diffstat)

Error in commit 168cb630618b462ed033e17be422e9435360f983: diffstat error: diffstat: /lib64/libc.so.6: version `GLIBC_2.33' not found (required by diffstat)
diffstat: /lib64/libc.so.6: version `GLIBC_2.34' not found (required by diffstat)

Error in commit d14723861b271cfb53c42006ce7fc6832461db38: diffstat error: diffstat: /lib64/libc.so.6: version `GLIBC_2.33' not found (required by diffstat)
diffstat: /lib64/libc.so.6: version `GLIBC_2.34' not found (required by diffstat)

Error in commit 07460358e2aeb65bdf527841bda1e7810712d1a1: diffstat error: diffstat: /lib64/libc.so.6: version `GLIBC_2.33' not found (required by diffstat)
diffstat: /lib64/libc.so.6: version `GLIBC_2.34' not found (required by diffstat)

Error in commit ac60778b87e45576d7bfdbd6f53df902654e6f09: diffstat error: diffstat: /lib64/libc.so.6: version `GLIBC_2.33' not found (required by diffstat)
diffstat: /lib64/libc.so.6: version `GLIBC_2.34' not found (required by diffstat)

Error in commit 6845667146a28c09b5dfc401c1ad112374087944: diffstat error: diffstat: /lib64/libc.so.6: version `GLIBC_2.33' not found (required by diffstat)
diffstat: /lib64/libc.so.6: version `GLIBC_2.34' not found (required by diffstat)

Error in commit 8f87c7c03da55f9c79bd92e67fa2c94b2a7ce5cf: diffstat error: diffstat: /lib64/libc.so.6: version `GLIBC_2.33' not found (required by diffstat)
diffstat: /lib64/libc.so.6: version `GLIBC_2.34' not found (required by diffstat)

Error in commit 35593832b54aaae9d73e1f7663bba76091b70981: diffstat error: diffstat: /lib64/libc.so.6: version `GLIBC_2.33' not found (required by diffstat)
diffstat: /lib64/libc.so.6: version `GLIBC_2.34' not found (required by diffstat)

Error in commit 056173e572928808239a3d661ad99e3a5bf400cf: diffstat error: diffstat: /lib64/libc.so.6: version `GLIBC_2.33' not found (required by diffstat)
diffstat: /lib64/libc.so.6: version `GLIBC_2.34' not found (required by diffstat)

Error in commit 6cac99dafe6003c8a4bd5666341c217876536869: diffstat error: diffstat: /lib64/libc.so.6: version `GLIBC_2.33' not found (required by diffstat)
diffstat: /lib64/libc.so.6: version `GLIBC_2.34' not found (required by diffstat)

Error in commit aafe1d36e0225f54db8ca2ba03d8b1981c2d09e0: diffstat error: diffstat: /lib64/libc.so.6: version `GLIBC_2.33' not found (required by diffstat)
diffstat: /lib64/libc.so.6: version `GLIBC_2.34' not found (required by diffstat)

Error in commit b5ea0d76d07fc289b06d71547957530dac6e19a3: diffstat error: diffstat: /lib64/libc.so.6: version `GLIBC_2.33' not found (required by diffstat)
diffstat: /lib64/libc.so.6: version `GLIBC_2.34' not found (required by diffstat)

Error in commit 97e69aa62f8b5d338d6cff49be09e37cc1262838: diffstat error: diffstat: /lib64/libc.so.6: version `GLIBC_2.33' not found (required by diffstat)
diffstat: /lib64/libc.so.6: version `GLIBC_2.34' not found (required by diffstat)

Error in commit fbb0de795078190a9834b3409e4b009cfb18a6d4: diffstat error: diffstat: /lib64/libc.so.6: version `GLIBC_2.33' not found (required by diffstat)
diffstat: /lib64/libc.so.6: version `GLIBC_2.34' not found (required by diffstat)

Error in commit 24268fd1ad3213079f1af09359b4243fffa95869: diffstat error: diffstat: /lib64/libc.so.6: version `GLIBC_2.33' not found (required by diffstat)
diffstat: /lib64/libc.so.6: version `GLIBC_2.34' not found (required by diffstat)

Error in commit af049dfd0b105bab32170d1c68826a4cd8424efd: diffstat error: diffstat: /lib64/libc.so.6: version `GLIBC_2.33' not found (required by diffstat)
diffstat: /lib64/libc.so.6: version `GLIBC_2.34' not found (required by diffstat)

Error in commit bbfbbbc1182f8b44c8cc4c99f4a3f3a512149022: diffstat error: diffstat: /lib64/libc.so.6: version `GLIBC_2.33' not found (required by diffstat)
diffstat: /lib64/libc.so.6: version `GLIBC_2.34' not found (required by diffstat)

Error in commit 20a69341f2d00cd042e81c82289fba8a13c05a25: diffstat error: diffstat: /lib64/libc.so.6: version `GLIBC_2.33' not found (required by diffstat)
diffstat: /lib64/libc.so.6: version `GLIBC_2.34' not found (required by diffstat)

Error in commit 4b9a16764f2b12b611de9c34a50b4713d10ca401: diffstat error: diffstat: /lib64/libc.so.6: version `GLIBC_2.33' not found (required by diffstat)
diffstat: /lib64/libc.so.6: version `GLIBC_2.34' not found (required by diffstat)

Error in commit b9ccd297710313acce7af5d3fdc1007e4cf94828: diffstat error: diffstat: /lib64/libc.so.6: version `GLIBC_2.33' not found (required by diffstat)
diffstat: /lib64/libc.so.6: version `GLIBC_2.34' not found (required by diffstat)

Error in commit 8f1d75039a1378aed62c3d27578a954c0a4ccce6: diffstat error: diffstat: /lib64/libc.so.6: version `GLIBC_2.33' not found (required by diffstat)
diffstat: /lib64/libc.so.6: version `GLIBC_2.34' not found (required by diffstat)

Error in commit 583be982d93479ea3d85091b0fd0b01201ede87d: diffstat error: diffstat: /lib64/libc.so.6: version `GLIBC_2.33' not found (required by diffstat)
diffstat: /lib64/libc.so.6: version `GLIBC_2.34' not found (required by diffstat)

Error in commit a4c145c70872c3f034158175f026f233e03b3eaf: diffstat error: diffstat: /lib64/libc.so.6: version `GLIBC_2.33' not found (required by diffstat)
diffstat: /lib64/libc.so.6: version `GLIBC_2.34' not found (required by diffstat)

Error in commit 115924b6bdc7cc6bf7da5b933b09281e1f4e17a9: diffstat error: diffstat: /lib64/libc.so.6: version `GLIBC_2.33' not found (required by diffstat)
diffstat: /lib64/libc.so.6: version `GLIBC_2.34' not found (required by diffstat)

Error in commit 0c3d3f65531d4c9f8267118441fbd2bad9c85147: diffstat error: diffstat: /lib64/libc.so.6: version `GLIBC_2.33' not found (required by diffstat)
diffstat: /lib64/libc.so.6: version `GLIBC_2.34' not found (required by diffstat)

Error in commit 0a0bf5db5f8e64cac539b6bd1bd7941a397fd7e7: diffstat error: diffstat: /lib64/libc.so.6: version `GLIBC_2.33' not found (required by diffstat)
diffstat: /lib64/libc.so.6: version `GLIBC_2.34' not found (required by diffstat)

Error in commit 090089c4f7e3a6f2f6ea63a79139bbf79871f4e6: diffstat error: diffstat: /lib64/libc.so.6: version `GLIBC_2.33' not found (required by diffstat)
diffstat: /lib64/libc.so.6: version `GLIBC_2.34' not found (required by diffstat)

Error in commit cc4566604bd88a830ad18d4b91439af6ae4c8611: diffstat error: diffstat: /lib64/libc.so.6: version `GLIBC_2.33' not found (required by diffstat)
diffstat: /lib64/libc.so.6: version `GLIBC_2.34' not found (required by diffstat)

Error in commit 4ab7ddda0735ba33f660b461dd0b32de1e666032: diffstat error: diffstat: /lib64/libc.so.6: version `GLIBC_2.33' not found (required by diffstat)
diffstat: /lib64/libc.so.6: version `GLIBC_2.34' not found (required by diffstat)

Error in commit f57bd745b4cbed577ea654fad4701bea4d38b44c: diffstat error: diffstat: /lib64/libc.so.6: version `GLIBC_2.33' not found (required by diffstat)
diffstat: /lib64/libc.so.6: version `GLIBC_2.34' not found (required by diffstat)

Error in commit 881d9c6af9da4257c69c327c4e2f1508b2fa754b: diffstat error: diffstat: /lib64/libc.so.6: version `GLIBC_2.33' not found (required by diffstat)
diffstat: /lib64/libc.so.6: version `GLIBC_2.34' not found (required by diffstat)

Error in commit 7ef3787c84b6b524501211b11a26c742f829af1a: diffstat error: diffstat: /lib64/libc.so.6: version `GLIBC_2.33' not found (required by diffstat)
diffstat: /lib64/libc.so.6: version `GLIBC_2.34' not found (required by diffstat)

Error in commit 3c4f8333b582487a2d1e02171f1465531cde53e3: diffstat error: diffstat: /lib64/libc.so.6: version `GLIBC_2.33' not found (required by diffstat)
diffstat: /lib64/libc.so.6: version `GLIBC_2.34' not found (required by diffstat)

Error in commit bd209b9f16fcd1270c13db27ae3329c677d48050: diffstat error: diffstat: /lib64/libc.so.6: version `GLIBC_2.33' not found (required by diffstat)
diffstat: /lib64/libc.so.6: version `GLIBC_2.34' not found (required by diffstat)

Error in commit c8cf03ce4c2315b146caf582ea061c0460193bcc: diffstat error: diffstat: /lib64/libc.so.6: version `GLIBC_2.33' not found (required by diffstat)
diffstat: /lib64/libc.so.6: version `GLIBC_2.34' not found (required by diffstat)

Error in commit a5761dbb01ed74ac68ab631de8f866af81cf744c: diffstat error: diffstat: /lib64/libc.so.6: version `GLIBC_2.33' not found (required by diffstat)
diffstat: /lib64/libc.so.6: version `GLIBC_2.34' not found (required by diffstat)

Error in commit 634bdff4b6372e46ba2859f5df68a49dc0ff7512: diffstat error: diffstat: /lib64/libc.so.6: version `GLIBC_2.33' not found (required by diffstat)
diffstat: /lib64/libc.so.6: version `GLIBC_2.34' not found (required by diffstat)

Error in commit 4079f0fab8de28aa82a7a91ea0c814c5d4524753: diffstat error: diffstat: /lib64/libc.so.6: version `GLIBC_2.33' not found (required by diffstat)
diffstat: /lib64/libc.so.6: version `GLIBC_2.34' not found (required by diffstat)

Error in commit 3af3eab3e43a0fb02b33d37c5c8ed11288a7124e: diffstat error: diffstat: /lib64/libc.so.6: version `GLIBC_2.33' not found (required by diffstat)
diffstat: /lib64/libc.so.6: version `GLIBC_2.34' not found (required by diffstat)

Error in commit db8f6f5c8de6dae924a68858ad6a4217f735be13: diffstat error: diffstat: /lib64/libc.so.6: version `GLIBC_2.33' not found (required by diffstat)
diffstat: /lib64/libc.so.6: version `GLIBC_2.34' not found (required by diffstat)

Error in commit 30ebb2cbceb417c1ba7d482c2f618e55bd0cd5bf: diffstat error: diffstat: /lib64/libc.so.6: version `GLIBC_2.33' not found (required by diffstat)
diffstat: /lib64/libc.so.6: version `GLIBC_2.34' not found (required by diffstat)

Error in commit b2484a462b0af59966236d512690314c2eba8454: diffstat error: diffstat: /lib64/libc.so.6: version `GLIBC_2.33' not found (required by diffstat)
diffstat: /lib64/libc.so.6: version `GLIBC_2.34' not found (required by diffstat)

Error in commit d0bbf50ec0e45df6040d8f1d07da439eb8ec0087: diffstat error: diffstat: /lib64/libc.so.6: version `GLIBC_2.33' not found (required by diffstat)
diffstat: /lib64/libc.so.6: version `GLIBC_2.34' not found (required by diffstat)

Error in commit c3c269795ff28fe43337563fb309535edac304dd: diffstat error: diffstat: /lib64/libc.so.6: version `GLIBC_2.33' not found (required by diffstat)
diffstat: /lib64/libc.so.6: version `GLIBC_2.34' not found (required by diffstat)

Error in commit 9cc246ab8f27a9a2a50994f6f21466e9b5a8b9c2: diffstat error: diffstat: /lib64/libc.so.6: version `GLIBC_2.33' not found (required by diffstat)
diffstat: /lib64/libc.so.6: version `GLIBC_2.34' not found (required by diffstat)

Error in commit f9de1cca6182e571f1c02387dca6e695e55608af: diffstat error: diffstat: /lib64/libc.so.6: version `GLIBC_2.33' not found (required by diffstat)
diffstat: /lib64/libc.so.6: version `GLIBC_2.34' not found (required by diffstat)

Error in commit 0fbf3537195de5c8bc34ec4e301ea41ad183a5e0: diffstat error: diffstat: /lib64/libc.so.6: version `GLIBC_2.33' not found (required by diffstat)
diffstat: /lib64/libc.so.6: version `GLIBC_2.34' not found (required by diffstat)

Error in commit af3195601d1b43956a3f4c8747950cbc75e09751: diffstat error: diffstat: /lib64/libc.so.6: version `GLIBC_2.33' not found (required by diffstat)
diffstat: /lib64/libc.so.6: version `GLIBC_2.34' not found (required by diffstat)

Error in commit b29497569b58636b312459cd85352c542762bac6: diffstat error: diffstat: /lib64/libc.so.6: version `GLIBC_2.33' not found (required by diffstat)
diffstat: /lib64/libc.so.6: version `GLIBC_2.34' not found (required by diffstat)

Error in commit b7c1a558e58aaeb1d007d29529bbb270dc4ff11e: diffstat error: diffstat: /lib64/libc.so.6: version `GLIBC_2.33' not found (required by diffstat)
diffstat: /lib64/libc.so.6: version `GLIBC_2.34' not found (required by diffstat)

Error in commit 075506f6c8d71393a792a69d104da6f38a47a5b2: diffstat error: diffstat: /lib64/libc.so.6: version `GLIBC_2.33' not found (required by diffstat)
diffstat: /lib64/libc.so.6: version `GLIBC_2.34' not found (required by diffstat)

Error in commit f4aa8c8bb11dae6e769cd930565173808cbb69c8: diffstat error: diffstat: /lib64/libc.so.6: version `GLIBC_2.33' not found (required by diffstat)
diffstat: /lib64/libc.so.6: version `GLIBC_2.34' not found (required by diffstat)

Error in commit 5af02212a5331cc30389246bb94f97fbcdebc23a: diffstat error: diffstat: /lib64/libc.so.6: version `GLIBC_2.33' not found (required by diffstat)
diffstat: /lib64/libc.so.6: version `GLIBC_2.34' not found (required by diffstat)

Error in commit 8494e78010d8917a4165d877045be34ddc2dda22: SHA b'8494e78010d8917a4165d877045be34ddc2dda22' could not be resolved, git returned: b'8494e78010d8917a4165d877045be34ddc2dda22 missing'
Error in commit abf3e40902abe9a3b32aba0d1691b209b4d32e66: SHA b'abf3e40902abe9a3b32aba0d1691b209b4d32e66' could not be resolved, git returned: b'abf3e40902abe9a3b32aba0d1691b209b4d32e66 missing'
Error in commit 269caabe34866d25f468b3e1905d3223d93dd906: diffstat error: diffstat: /lib64/libc.so.6: version `GLIBC_2.33' not found (required by diffstat)
diffstat: /lib64/libc.so.6: version `GLIBC_2.34' not found (required by diffstat)

Error in commit ae1912cb0d494b48d514d937826c9fe83ec96c4d: diffstat error: diffstat: /lib64/libc.so.6: version `GLIBC_2.33' not found (required by diffstat)
diffstat: /lib64/libc.so.6: version `GLIBC_2.34' not found (required by diffstat)

Error in commit ef14f0c1578dce4b688726eb2603e50b62d6665a: diffstat error: diffstat: /lib64/libc.so.6: version `GLIBC_2.33' not found (required by diffstat)
diffstat: /lib64/libc.so.6: version `GLIBC_2.34' not found (required by diffstat)

Error in commit 13fcb7bd322164c67926ffe272846d4860196dc6: diffstat error: diffstat: /lib64/libc.so.6: version `GLIBC_2.33' not found (required by diffstat)
diffstat: /lib64/libc.so.6: version `GLIBC_2.34' not found (required by diffstat)

Error in commit a922ba5510530ae8e3c60edc85c56f72347a3c86: diffstat error: diffstat: /lib64/libc.so.6: version `GLIBC_2.33' not found (required by diffstat)
diffstat: /lib64/libc.so.6: version `GLIBC_2.34' not found (required by diffstat)

Error in commit 44afb3a04391a74309d16180d1e4f8386fdfa745: diffstat error: diffstat: /lib64/libc.so.6: version `GLIBC_2.33' not found (required by diffstat)
diffstat: /lib64/libc.so.6: version `GLIBC_2.34' not found (required by diffstat)

Error in commit d0de4dc584ec6aa3b26fffea320a8457827768fc: diffstat error: diffstat: /lib64/libc.so.6: version `GLIBC_2.33' not found (required by diffstat)
diffstat: /lib64/libc.so.6: version `GLIBC_2.34' not found (required by diffstat)

Error in commit 34f192c6527f20c47ccec239e7d51a27691b93fc: diffstat error: diffstat: /lib64/libc.so.6: version `GLIBC_2.33' not found (required by diffstat)
diffstat: /lib64/libc.so.6: version `GLIBC_2.34' not found (required by diffstat)

Error in commit d62ac21aa075c8ddf3d02a98d28afce635e77e8e: diffstat error: diffstat: /lib64/libc.so.6: version `GLIBC_2.33' not found (required by diffstat)
diffstat: /lib64/libc.so.6: version `GLIBC_2.34' not found (required by diffstat)

Error in commit 40efc6fa179f440a008333ea98f701bc35a1f97f: diffstat error: diffstat: /lib64/libc.so.6: version `GLIBC_2.33' not found (required by diffstat)
diffstat: /lib64/libc.so.6: version `GLIBC_2.34' not found (required by diffstat)

Error in commit 47ea3bb59cf47298b1cbb4d7bef056b3afea0879: diffstat error: diffstat: /lib64/libc.so.6: version `GLIBC_2.33' not found (required by diffstat)
diffstat: /lib64/libc.so.6: version `GLIBC_2.34' not found (required by diffstat)

Error in commit 9c52057c698fb96f8f07e7a4bcf4801a092bda89: diffstat error: diffstat: /lib64/libc.so.6: version `GLIBC_2.33' not found (required by diffstat)
diffstat: /lib64/libc.so.6: version `GLIBC_2.34' not found (required by diffstat)

Error in commit 78f11a255749d09025f54d4e2df4fbcb031530e2: diffstat error: diffstat: /lib64/libc.so.6: version `GLIBC_2.33' not found (required by diffstat)
diffstat: /lib64/libc.so.6: version `GLIBC_2.34' not found (required by diffstat)

Error in commit 4447bb33f09444920a8f1d89e1540137429351b6: diffstat error: diffstat: /lib64/libc.so.6: version `GLIBC_2.33' not found (required by diffstat)
diffstat: /lib64/libc.so.6: version `GLIBC_2.34' not found (required by diffstat)

Error in commit 2ca39528c01a933f6689cd6505ce65bd6d68a530: diffstat error: diffstat: /lib64/libc.so.6: version `GLIBC_2.33' not found (required by diffstat)
diffstat: /lib64/libc.so.6: version `GLIBC_2.34' not found (required by diffstat)

Error in commit 537a1bf059fa312355696fa6db80726e655e7f17: diffstat error: diffstat: /lib64/libc.so.6: version `GLIBC_2.33' not found (required by diffstat)
diffstat: /lib64/libc.so.6: version `GLIBC_2.34' not found (required by diffstat)

Error in commit 184b89044fb6e2a74611dafa69b1dce0d98612c6: diffstat error: diffstat: /lib64/libc.so.6: version `GLIBC_2.33' not found (required by diffstat)
diffstat: /lib64/libc.so.6: version `GLIBC_2.34' not found (required by diffstat)

Error in commit 0840b13612a0b7ef1ce7441cf811dcfc6b463fba: diffstat error: diffstat: /lib64/libc.so.6: version `GLIBC_2.33' not found (required by diffstat)
diffstat: /lib64/libc.so.6: version `GLIBC_2.34' not found (required by diffstat)

Error in commit 307f2fb95e9b96b3577916e73d92e104f8f26494: diffstat error: diffstat: /lib64/libc.so.6: version `GLIBC_2.33' not found (required by diffstat)
diffstat: /lib64/libc.so.6: version `GLIBC_2.34' not found (required by diffstat)

Error in commit e8180dcaa8470ceca21109f143876fdcd9fe050a: diffstat error: diffstat: /lib64/libc.so.6: version `GLIBC_2.33' not found (required by diffstat)
diffstat: /lib64/libc.so.6: version `GLIBC_2.34' not found (required by diffstat)

Error in commit a8b33654b1e3b0c74d4a1fed041c9aae50b3c427: diffstat error: diffstat: /lib64/libc.so.6: version `GLIBC_2.33' not found (required by diffstat)
diffstat: /lib64/libc.so.6: version `GLIBC_2.34' not found (required by diffstat)

Error in commit 0b42631641d998e509cde6fa344edc6ab5cb4ac8: diffstat error: diffstat: /lib64/libc.so.6: version `GLIBC_2.33' not found (required by diffstat)
diffstat: /lib64/libc.so.6: version `GLIBC_2.34' not found (required by diffstat)

Error in commit 9a271a9368eaabf99e6c2046103acb33957e63b7: diffstat error: diffstat: /lib64/libc.so.6: version `GLIBC_2.33' not found (required by diffstat)
diffstat: /lib64/libc.so.6: version `GLIBC_2.34' not found (required by diffstat)

Error in commit fc6de70c44be05eb0368ab519bfb790431d8dee5: diffstat error: diffstat: /lib64/libc.so.6: version `GLIBC_2.33' not found (required by diffstat)
diffstat: /lib64/libc.so.6: version `GLIBC_2.34' not found (required by diffstat)

Error in commit 179f831bc33104d14deb54a52b7a8b43433f8ccc: diffstat error: diffstat: /lib64/libc.so.6: version `GLIBC_2.33' not found (required by diffstat)
diffstat: /lib64/libc.so.6: version `GLIBC_2.34' not found (required by diffstat)

Error in commit 72a763d805a48ac8c0bf48fdb510e84c12de51fe: diffstat error: diffstat: /lib64/libc.so.6: version `GLIBC_2.33' not found (required by diffstat)
diffstat: /lib64/libc.so.6: version `GLIBC_2.34' not found (required by diffstat)

Error in commit f78146b0f9230765c6315b2e14f56112513389ad: diffstat error: diffstat: /lib64/libc.so.6: version `GLIBC_2.33' not found (required by diffstat)
diffstat: /lib64/libc.so.6: version `GLIBC_2.34' not found (required by diffstat)

Error in commit 65cc5a17ad3388f89ddc3d68226a09242656809b: diffstat error: diffstat: /lib64/libc.so.6: version `GLIBC_2.33' not found (required by diffstat)
diffstat: /lib64/libc.so.6: version `GLIBC_2.34' not found (required by diffstat)

Error in commit f18ddf5d82de0ab7591a36e465bc24225776940f: diffstat error: diffstat: /lib64/libc.so.6: version `GLIBC_2.33' not found (required by diffstat)
diffstat: /lib64/libc.so.6: version `GLIBC_2.34' not found (required by diffstat)

Error in commit 4c2bc7a022bff031e101a88363ff7756871e8721: diffstat error: diffstat: /lib64/libc.so.6: version `GLIBC_2.33' not found (required by diffstat)
diffstat: /lib64/libc.so.6: version `GLIBC_2.34' not found (required by diffstat)

Error in commit a7886f0ed1277c69142b14a2c6629175a6331edc: diffstat error: diffstat: /lib64/libc.so.6: version `GLIBC_2.33' not found (required by diffstat)
diffstat: /lib64/libc.so.6: version `GLIBC_2.34' not found (required by diffstat)

Error in commit a6138db815df5ee542d848318e5dae681590fccd: diffstat error: diffstat: /lib64/libc.so.6: version `GLIBC_2.33' not found (required by diffstat)
diffstat: /lib64/libc.so.6: version `GLIBC_2.34' not found (required by diffstat)

Error in commit 256df2f3879efdb2e9808bdb1b54b16fbb11fa38: diffstat error: diffstat: /lib64/libc.so.6: version `GLIBC_2.33' not found (required by diffstat)
diffstat: /lib64/libc.so.6: version `GLIBC_2.34' not found (required by diffstat)

Error in commit fcd95807fb61e67d602610e7ff7129ed769e9fee: diffstat error: diffstat: /lib64/libc.so.6: version `GLIBC_2.33' not found (required by diffstat)
diffstat: /lib64/libc.so.6: version `GLIBC_2.34' not found (required by diffstat)

Error in commit b3b41e08bbab90af741cbad83f9644709d1c63b8: diffstat error: diffstat: /lib64/libc.so.6: version `GLIBC_2.33' not found (required by diffstat)
diffstat: /lib64/libc.so.6: version `GLIBC_2.34' not found (required by diffstat)

Error in commit 87de4579f92dbe50e92f33b94f8688793c894571: diffstat error: diffstat: /lib64/libc.so.6: version `GLIBC_2.33' not found (required by diffstat)
diffstat: /lib64/libc.so.6: version `GLIBC_2.34' not found (required by diffstat)

Error in commit 3f2a5d2d42e0784b6aa96c2e5dcdd64e28e838d6: diffstat error: diffstat: /lib64/libc.so.6: version `GLIBC_2.33' not found (required by diffstat)
diffstat: /lib64/libc.so.6: version `GLIBC_2.34' not found (required by diffstat)

Error in commit fd5b221b348adf63d413de9adad030e4f13664b7: diffstat error: diffstat: /lib64/libc.so.6: version `GLIBC_2.33' not found (required by diffstat)
diffstat: /lib64/libc.so.6: version `GLIBC_2.34' not found (required by diffstat)

Error in commit ee2ffa0dfdd2db19705f2ba1c6a4c0bfe8122dd8: diffstat error: diffstat: /lib64/libc.so.6: version `GLIBC_2.33' not found (required by diffstat)
diffstat: /lib64/libc.so.6: version `GLIBC_2.34' not found (required by diffstat)

Error in commit 33345d01522f8152f99dc84a3e7a1a45707f387f: diffstat error: diffstat: /lib64/libc.so.6: version `GLIBC_2.33' not found (required by diffstat)
diffstat: /lib64/libc.so.6: version `GLIBC_2.34' not found (required by diffstat)

Error in commit 8931b30d8478b0bd24af251fac64e7b0bf121369: diffstat error: diffstat: /lib64/libc.so.6: version `GLIBC_2.33' not found (required by diffstat)
diffstat: /lib64/libc.so.6: version `GLIBC_2.34' not found (required by diffstat)

Error in commit 18aa217bb187b551206fe66075229ba382a1dbe4: diffstat error: diffstat: /lib64/libc.so.6: version `GLIBC_2.33' not found (required by diffstat)
diffstat: /lib64/libc.so.6: version `GLIBC_2.34' not found (required by diffstat)

Error in commit e2ed85fe02dd92184edc32329fff3dbcff819aeb: diffstat error: diffstat: /lib64/libc.so.6: version `GLIBC_2.33' not found (required by diffstat)
diffstat: /lib64/libc.so.6: version `GLIBC_2.34' not found (required by diffstat)

Error in commit 4f9f42a9bb6a6aa8f6100d873dc6344f2f9994de: diffstat error: diffstat: /lib64/libc.so.6: version `GLIBC_2.33' not found (required by diffstat)
diffstat: /lib64/libc.so.6: version `GLIBC_2.34' not found (required by diffstat)

Error in commit b2a4df200d570b2c33a57e1ebfa5896e4bc81b69: diffstat error: diffstat: /lib64/libc.so.6: version `GLIBC_2.33' not found (required by diffstat)
diffstat: /lib64/libc.so.6: version `GLIBC_2.34' not found (required by diffstat)

Error in commit 98e778c9aa4f4f75550fa3a31358304e4ce67b96: diffstat error: diffstat: /lib64/libc.so.6: version `GLIBC_2.33' not found (required by diffstat)
diffstat: /lib64/libc.so.6: version `GLIBC_2.34' not found (required by diffstat)

Error in commit 18c918c5f59bc35f9c567689daef8c255b575fdc: diffstat error: diffstat: /lib64/libc.so.6: version `GLIBC_2.33' not found (required by diffstat)
diffstat: /lib64/libc.so.6: version `GLIBC_2.34' not found (required by diffstat)

Error in commit 11c20be47e3ce6b72291ed351627f8537540b62a: diffstat error: diffstat: /lib64/libc.so.6: version `GLIBC_2.33' not found (required by diffstat)
diffstat: /lib64/libc.so.6: version `GLIBC_2.34' not found (required by diffstat)

Error in commit 23567fd052a9abb6d67fe8e7a9ccdd9800a540f2: diffstat error: diffstat: /lib64/libc.so.6: version `GLIBC_2.33' not found (required by diffstat)
diffstat: /lib64/libc.so.6: version `GLIBC_2.34' not found (required by diffstat)

Error in commit 3567eb6af614dac436c4b16a8d426f9faed639b3: diffstat error: diffstat: /lib64/libc.so.6: version `GLIBC_2.33' not found (required by diffstat)
diffstat: /lib64/libc.so.6: version `GLIBC_2.34' not found (required by diffstat)

Error in commit 8817210d4d968e58f7d93db2eecd17b20dd03d40: diffstat error: diffstat: /lib64/libc.so.6: version `GLIBC_2.33' not found (required by diffstat)
diffstat: /lib64/libc.so.6: version `GLIBC_2.34' not found (required by diffstat)

Error in commit 64769240bd07f446f83660bb143bb609d8ab4910: diffstat error: diffstat: /lib64/libc.so.6: version `GLIBC_2.33' not found (required by diffstat)
diffstat: /lib64/libc.so.6: version `GLIBC_2.34' not found (required by diffstat)

Error in commit 4ec0ef3a82125efc36173062a50624550a900ae0: diffstat error: diffstat: /lib64/libc.so.6: version `GLIBC_2.33' not found (required by diffstat)
diffstat: /lib64/libc.so.6: version `GLIBC_2.34' not found (required by diffstat)

Error in commit 321909417cc2a853578c743566f77d6dfe4252c9: diffstat error: diffstat: /lib64/libc.so.6: version `GLIBC_2.33' not found (required by diffstat)
diffstat: /lib64/libc.so.6: version `GLIBC_2.34' not found (required by diffstat)

Error in commit 45e093ae2830cd1264677d47ff9a95a71f5d9f9c: diffstat error: diffstat: /lib64/libc.so.6: version `GLIBC_2.33' not found (required by diffstat)
diffstat: /lib64/libc.so.6: version `GLIBC_2.34' not found (required by diffstat)

Error in commit b348d7dddb6c4fbfc810b7a0626e8ec9e29f7cbb: diffstat error: diffstat: /lib64/libc.so.6: version `GLIBC_2.33' not found (required by diffstat)
diffstat: /lib64/libc.so.6: version `GLIBC_2.34' not found (required by diffstat)

Error in commit 63159f29be1df7f93563a8a0f78c5e65fc844ed6: diffstat error: diffstat: /lib64/libc.so.6: version `GLIBC_2.33' not found (required by diffstat)
diffstat: /lib64/libc.so.6: version `GLIBC_2.34' not found (required by diffstat)

Error in commit 040b3a2df2dd26c3e401823f3b0ce3fe99e966c5: diffstat error: diffstat: /lib64/libc.so.6: version `GLIBC_2.33' not found (required by diffstat)
diffstat: /lib64/libc.so.6: version `GLIBC_2.34' not found (required by diffstat)

Error in commit 6a140eca7b78b230f1f90a739a32257476513c78: diffstat error: diffstat: /lib64/libc.so.6: version `GLIBC_2.33' not found (required by diffstat)
diffstat: /lib64/libc.so.6: version `GLIBC_2.34' not found (required by diffstat)

Error in commit e078172b1c3f98d2219c37076b238fb759c751ea: diffstat error: diffstat: /lib64/libc.so.6: version `GLIBC_2.33' not found (required by diffstat)
diffstat: /lib64/libc.so.6: version `GLIBC_2.34' not found (required by diffstat)

Error in commit 58c25fb24a28c055026c983b40c99d2d5ffe74a6: diffstat error: diffstat: /lib64/libc.so.6: version `GLIBC_2.33' not found (required by diffstat)
diffstat: /lib64/libc.so.6: version `GLIBC_2.34' not found (required by diffstat)

Error in commit b904d296c97a6622072575585ab950bcdeea6a93: diffstat error: diffstat: /lib64/libc.so.6: version `GLIBC_2.33' not found (required by diffstat)
diffstat: /lib64/libc.so.6: version `GLIBC_2.34' not found (required by diffstat)

Error in commit 82939d7999dfc1f1998c4b1c12e2f19edbdff272: diffstat error: diffstat: /lib64/libc.so.6: version `GLIBC_2.33' not found (required by diffstat)
diffstat: /lib64/libc.so.6: version `GLIBC_2.34' not found (required by diffstat)

Error in commit 40b78a322365aa1d87770200f7fc7de3b361c11a: diffstat error: diffstat: /lib64/libc.so.6: version `GLIBC_2.33' not found (required by diffstat)
diffstat: /lib64/libc.so.6: version `GLIBC_2.34' not found (required by diffstat)

Error in commit 8dfbcc4351a0b6d2f2d77f367552f48ffefafe18: diffstat error: diffstat: /lib64/libc.so.6: version `GLIBC_2.33' not found (required by diffstat)
diffstat: /lib64/libc.so.6: version `GLIBC_2.34' not found (required by diffstat)

Error in commit a1f2bdf338f15dbad10ee6362891ebf79244858b: diffstat error: diffstat: /lib64/libc.so.6: version `GLIBC_2.33' not found (required by diffstat)
diffstat: /lib64/libc.so.6: version `GLIBC_2.34' not found (required by diffstat)

Error in commit 5c83ae3fca5a3a56eb31a6827dae0779a94e52b8: diffstat error: diffstat: /lib64/libc.so.6: version `GLIBC_2.33' not found (required by diffstat)
diffstat: /lib64/libc.so.6: version `GLIBC_2.34' not found (required by diffstat)

Error in commit 9476ce1dd37d3c3218d5640b74c34c65e5f4efe5: diffstat error: diffstat: /lib64/libc.so.6: version `GLIBC_2.33' not found (required by diffstat)
diffstat: /lib64/libc.so.6: version `GLIBC_2.34' not found (required by diffstat)

Error in commit c76fac666ea038753294f2ac94d310f8adece9ce: diffstat error: diffstat: /lib64/libc.so.6: version `GLIBC_2.33' not found (required by diffstat)
diffstat: /lib64/libc.so.6: version `GLIBC_2.34' not found (required by diffstat)

Error in commit 0d40fefd5c44016278e5af8155da9b06ebdf4527: diffstat error: diffstat: /lib64/libc.so.6: version `GLIBC_2.33' not found (required by diffstat)
diffstat: /lib64/libc.so.6: version `GLIBC_2.34' not found (required by diffstat)

Error in commit 86ae825fb67734391fc7cc72d5c9b004570ab0a9: diffstat error: diffstat: /lib64/libc.so.6: version `GLIBC_2.33' not found (required by diffstat)
diffstat: /lib64/libc.so.6: version `GLIBC_2.34' not found (required by diffstat)

Error in commit 43c0b81a818640429317c80fea1e66771e85024b: diffstat error: diffstat: /lib64/libc.so.6: version `GLIBC_2.33' not found (required by diffstat)
diffstat: /lib64/libc.so.6: version `GLIBC_2.34' not found (required by diffstat)

Error in commit da16f16767eb31921af855f17bda465fffc4e000: diffstat error: diffstat: /lib64/libc.so.6: version `GLIBC_2.33' not found (required by diffstat)
diffstat: /lib64/libc.so.6: version `GLIBC_2.34' not found (required by diffstat)

Error in commit a760e170d36cc40ce992ebcdb13f0877ddfa3d73: diffstat error: diffstat: /lib64/libc.so.6: version `GLIBC_2.33' not found (required by diffstat)
diffstat: /lib64/libc.so.6: version `GLIBC_2.34' not found (required by diffstat)

Error in commit ca46d0acbce55019b970fcd4c1e8a10edfdded93: diffstat error: diffstat: /lib64/libc.so.6: version `GLIBC_2.33' not found (required by diffstat)
diffstat: /lib64/libc.so.6: version `GLIBC_2.34' not found (required by diffstat)

Error in commit 8d87e3b841086fa8173b7c6b46c8e75e7c8bd8e2: diffstat error: diffstat: /lib64/libc.so.6: version `GLIBC_2.33' not found (required by diffstat)
diffstat: /lib64/libc.so.6: version `GLIBC_2.34' not found (required by diffstat)

Error in commit 8f9cc62b3f9a1da9712329ddcedb9750d585505c: diffstat error: diffstat: /lib64/libc.so.6: version `GLIBC_2.33' not found (required by diffstat)
diffstat: /lib64/libc.so.6: version `GLIBC_2.34' not found (required by diffstat)

Error in commit 79d5b4c3cd809c770d4bf9812635647016c56011: diffstat error: diffstat: /lib64/libc.so.6: version `GLIBC_2.33' not found (required by diffstat)
diffstat: /lib64/libc.so.6: version `GLIBC_2.34' not found (required by diffstat)

Error in commit 1888810e77b446a79a7674784d5f139fcfa605e2: diffstat error: diffstat: /lib64/libc.so.6: version `GLIBC_2.33' not found (required by diffstat)
diffstat: /lib64/libc.so.6: version `GLIBC_2.34' not found (required by diffstat)

Error in commit ad55822430a03fe075221b543efb434567e9e431: diffstat error: diffstat: /lib64/libc.so.6: version `GLIBC_2.33' not found (required by diffstat)
diffstat: /lib64/libc.so.6: version `GLIBC_2.34' not found (required by diffstat)

Error in commit 85052941cfe088fa381152aba519aaa458e222c3: diffstat error: diffstat: /lib64/libc.so.6: version `GLIBC_2.33' not found (required by diffstat)
diffstat: /lib64/libc.so.6: version `GLIBC_2.34' not found (required by diffstat)

Error in commit c57f2eb4100cb9e8b34f86fb544914dd1bba0f3e: diffstat error: diffstat: /lib64/libc.so.6: version `GLIBC_2.33' not found (required by diffstat)
diffstat: /lib64/libc.so.6: version `GLIBC_2.34' not found (required by diffstat)

Error in commit e81822a7d5f5bdf04ba03ca92680821893303850: diffstat error: diffstat: /lib64/libc.so.6: version `GLIBC_2.33' not found (required by diffstat)
diffstat: /lib64/libc.so.6: version `GLIBC_2.34' not found (required by diffstat)

Error in commit fa1e43d6abadec9f10938d14052df38ed570f99f: diffstat error: diffstat: /lib64/libc.so.6: version `GLIBC_2.33' not found (required by diffstat)
diffstat: /lib64/libc.so.6: version `GLIBC_2.34' not found (required by diffstat)

Error in commit f8877abac8e568b2f339cca70c2c3c1b6eaec288: diffstat error: diffstat: /lib64/libc.so.6: version `GLIBC_2.33' not found (required by diffstat)
diffstat: /lib64/libc.so.6: version `GLIBC_2.34' not found (required by diffstat)

Error in commit f4f48950788b91c6a30029cc28a240b834713ea7: diffstat error: diffstat: /lib64/libc.so.6: version `GLIBC_2.33' not found (required by diffstat)
diffstat: /lib64/libc.so.6: version `GLIBC_2.34' not found (required by diffstat)

Error in commit 3d7f80646114c797310e86e3360ffe876b7b9dcf: diffstat error: diffstat: /lib64/libc.so.6: version `GLIBC_2.33' not found (required by diffstat)
diffstat: /lib64/libc.so.6: version `GLIBC_2.34' not found (required by diffstat)

Error in commit 3358f060fc182551822576b2c0a8850faab5d543: diffstat error: diffstat: /lib64/libc.so.6: version `GLIBC_2.33' not found (required by diffstat)
diffstat: /lib64/libc.so.6: version `GLIBC_2.34' not found (required by diffstat)

Error in commit 2707f5205fcdcd91fa2be4373296b0b949f420e0: diffstat error: diffstat: /lib64/libc.so.6: version `GLIBC_2.33' not found (required by diffstat)
diffstat: /lib64/libc.so.6: version `GLIBC_2.34' not found (required by diffstat)

Error in commit 534fac646facc77e1afbbdea2118ff918cdab064: diffstat error: diffstat: /lib64/libc.so.6: version `GLIBC_2.33' not found (required by diffstat)
diffstat: /lib64/libc.so.6: version `GLIBC_2.34' not found (required by diffstat)

Error in commit 11a83410153756ae350a82ed41b08d128ff7f998: SHA b'11a83410153756ae350a82ed41b08d128ff7f998' could not be resolved, git returned: b'11a83410153756ae350a82ed41b08d128ff7f998 missing'
Error in commit b5a7aef1ef436ec005fef0efe31a676ec5f4ab31: diffstat error: diffstat: /lib64/libc.so.6: version `GLIBC_2.33' not found (required by diffstat)
diffstat: /lib64/libc.so.6: version `GLIBC_2.34' not found (required by diffstat)

Error in commit ca3356eb49fee03e2eaf6b6aff826988c1122d93: diffstat error: diffstat: /lib64/libc.so.6: version `GLIBC_2.33' not found (required by diffstat)
diffstat: /lib64/libc.so.6: version `GLIBC_2.34' not found (required by diffstat)

Error in commit e4a404711bf20d9062d11ab28bc12e5acd307f9c: diffstat error: diffstat: /lib64/libc.so.6: version `GLIBC_2.33' not found (required by diffstat)
diffstat: /lib64/libc.so.6: version `GLIBC_2.34' not found (required by diffstat)

Error in commit 9b428b7af688fe319320aed15f2b94281d1e37b4: diffstat error: diffstat: /lib64/libc.so.6: version `GLIBC_2.33' not found (required by diffstat)
diffstat: /lib64/libc.so.6: version `GLIBC_2.34' not found (required by diffstat)

Error in commit 11a06d3f2cac0f17af7963e83bc6e9ebd2a377c0: diffstat error: diffstat: /lib64/libc.so.6: version `GLIBC_2.33' not found (required by diffstat)
diffstat: /lib64/libc.so.6: version `GLIBC_2.34' not found (required by diffstat)

Error in commit a60c02075c4071dd1801b41db0b478f68683a6fe: diffstat error: diffstat: /lib64/libc.so.6: version `GLIBC_2.33' not found (required by diffstat)
diffstat: /lib64/libc.so.6: version `GLIBC_2.34' not found (required by diffstat)

Error in commit b6ae2f9e0ab13343c0281732d479757a8e8979c7: diffstat error: diffstat: /lib64/libc.so.6: version `GLIBC_2.33' not found (required by diffstat)
diffstat: /lib64/libc.so.6: version `GLIBC_2.34' not found (required by diffstat)

Error in commit b068906a6ed6900f0f55182fb1964d6ee3e8cb96: diffstat error: diffstat: /lib64/libc.so.6: version `GLIBC_2.33' not found (required by diffstat)
diffstat: /lib64/libc.so.6: version `GLIBC_2.34' not found (required by diffstat)

Error in commit aa9efbc7b64aa1c3bf6682d06e6970b874d55d08: diffstat error: diffstat: /lib64/libc.so.6: version `GLIBC_2.33' not found (required by diffstat)
diffstat: /lib64/libc.so.6: version `GLIBC_2.34' not found (required by diffstat)

Error in commit 069b747931f13eda289c1d59a09ecc8162281a76: diffstat error: diffstat: /lib64/libc.so.6: version `GLIBC_2.33' not found (required by diffstat)
diffstat: /lib64/libc.so.6: version `GLIBC_2.34' not found (required by diffstat)

Error in commit f7db1581846c89528347a342c34829bb02a939ae: diffstat error: diffstat: /lib64/libc.so.6: version `GLIBC_2.33' not found (required by diffstat)
diffstat: /lib64/libc.so.6: version `GLIBC_2.34' not found (required by diffstat)

Error in commit c61ee8e16c3e3ca91ffef725fadbeb0a62fb5e80: diffstat error: diffstat: /lib64/libc.so.6: version `GLIBC_2.33' not found (required by diffstat)
diffstat: /lib64/libc.so.6: version `GLIBC_2.34' not found (required by diffstat)

Error in commit 8cfb650170bbb4f6ce328b827dc294437ee38c4b: diffstat error: diffstat: /lib64/libc.so.6: version `GLIBC_2.33' not found (required by diffstat)
diffstat: /lib64/libc.so.6: version `GLIBC_2.34' not found (required by diffstat)

Error in commit d11662f4f798b50d8c8743f433842c3e40fe3378: diffstat error: diffstat: /lib64/libc.so.6: version `GLIBC_2.33' not found (required by diffstat)
diffstat: /lib64/libc.so.6: version `GLIBC_2.34' not found (required by diffstat)

Error in commit 586a5180287262070637c8943f2f7efd652e4a2c: diffstat error: diffstat: /lib64/libc.so.6: version `GLIBC_2.33' not found (required by diffstat)
diffstat: /lib64/libc.so.6: version `GLIBC_2.34' not found (required by diffstat)

Error in commit e3aaff8e10453c782e3926be3ac4b9b32260750e: diffstat error: diffstat: /lib64/libc.so.6: version `GLIBC_2.33' not found (required by diffstat)
diffstat: /lib64/libc.so.6: version `GLIBC_2.34' not found (required by diffstat)

Error in commit 6351aa86fa9a51293848248baa83a718da7b8450: diffstat error: diffstat: /lib64/libc.so.6: version `GLIBC_2.33' not found (required by diffstat)
diffstat: /lib64/libc.so.6: version `GLIBC_2.34' not found (required by diffstat)

Error in commit a83773682e856ad6529ba6db8d1792e6d515d7f1: diffstat error: diffstat: /lib64/libc.so.6: version `GLIBC_2.33' not found (required by diffstat)
diffstat: /lib64/libc.so.6: version `GLIBC_2.34' not found (required by diffstat)

Error in commit dfc00cd3301a42b571454b51a6102eecf58407bc: diffstat error: diffstat: /lib64/libc.so.6: version `GLIBC_2.33' not found (required by diffstat)
diffstat: /lib64/libc.so.6: version `GLIBC_2.34' not found (required by diffstat)

Error in commit a454cdcb00e5a619edb3eac3070b649569448e4a: diffstat error: diffstat: /lib64/libc.so.6: version `GLIBC_2.33' not found (required by diffstat)
diffstat: /lib64/libc.so.6: version `GLIBC_2.34' not found (required by diffstat)

Error in commit 280e5924d3c97c916819fbfb4f7c5027dcbc20f8: diffstat error: diffstat: /lib64/libc.so.6: version `GLIBC_2.33' not found (required by diffstat)
diffstat: /lib64/libc.so.6: version `GLIBC_2.34' not found (required by diffstat)

Error in commit 0417cea1b6d72f90bd4f1f573f91e42a8ba66a89: diffstat error: diffstat: /lib64/libc.so.6: version `GLIBC_2.33' not found (required by diffstat)
diffstat: /lib64/libc.so.6: version `GLIBC_2.34' not found (required by diffstat)

Error in commit bfb7915d4b2e11acb6a819e451c382dc645277db: diffstat error: diffstat: /lib64/libc.so.6: version `GLIBC_2.33' not found (required by diffstat)
diffstat: /lib64/libc.so.6: version `GLIBC_2.34' not found (required by diffstat)

Error in commit b513896fa1f8999165fae20cdad29d5e896963bf: diffstat error: diffstat: /lib64/libc.so.6: version `GLIBC_2.33' not found (required by diffstat)
diffstat: /lib64/libc.so.6: version `GLIBC_2.34' not found (required by diffstat)

Error in commit 9da6f6a3741eccc4904998918ce7972d57f4f04b: diffstat error: diffstat: /lib64/libc.so.6: version `GLIBC_2.33' not found (required by diffstat)
diffstat: /lib64/libc.so.6: version `GLIBC_2.34' not found (required by diffstat)

Error in commit db3fdce304a9ba026f355fb3d03e9d2eb45cda5d: diffstat error: diffstat: /lib64/libc.so.6: version `GLIBC_2.33' not found (required by diffstat)
diffstat: /lib64/libc.so.6: version `GLIBC_2.34' not found (required by diffstat)

Error in commit 3a25a56a92ac1d0d6028a8ecd32ccf03bcd71ade: diffstat error: diffstat: /lib64/libc.so.6: version `GLIBC_2.33' not found (required by diffstat)
diffstat: /lib64/libc.so.6: version `GLIBC_2.34' not found (required by diffstat)

Error in commit 51b0ae01709adc1e4a9245e158ef17b85a110960: diffstat error: diffstat: /lib64/libc.so.6: version `GLIBC_2.33' not found (required by diffstat)
diffstat: /lib64/libc.so.6: version `GLIBC_2.34' not found (required by diffstat)

Error in commit f13c6b54a879aaa771ec64b5a066b939e8f8e7f0: diffstat error: diffstat: /lib64/libc.so.6: version `GLIBC_2.33' not found (required by diffstat)
diffstat: /lib64/libc.so.6: version `GLIBC_2.34' not found (required by diffstat)

Error in commit 26522a9315d5ee47be0ae2783d32331178eaaa7e: diffstat error: diffstat: /lib64/libc.so.6: version `GLIBC_2.33' not found (required by diffstat)
diffstat: /lib64/libc.so.6: version `GLIBC_2.34' not found (required by diffstat)

Error in commit 66ee8158b69525e12060ef558cb5d77feadab1dc: diffstat error: diffstat: /lib64/libc.so.6: version `GLIBC_2.33' not found (required by diffstat)
diffstat: /lib64/libc.so.6: version `GLIBC_2.34' not found (required by diffstat)

Error in commit 563bd8499e63db976ca8358216138647593354bc: diffstat error: diffstat: /lib64/libc.so.6: version `GLIBC_2.33' not found (required by diffstat)
diffstat: /lib64/libc.so.6: version `GLIBC_2.34' not found (required by diffstat)

Error in commit 31458a18788b0cf0b722acda9bb2f2fe13a3fb32: diffstat error: diffstat: /lib64/libc.so.6: version `GLIBC_2.33' not found (required by diffstat)
diffstat: /lib64/libc.so.6: version `GLIBC_2.34' not found (required by diffstat)

Error in commit fdbdd72b8b7f072414876ec63aec9900fcd47784: diffstat error: diffstat: /lib64/libc.so.6: version `GLIBC_2.33' not found (required by diffstat)
diffstat: /lib64/libc.so.6: version `GLIBC_2.34' not found (required by diffstat)

Error in commit 7dfcbf9d7b2cb21b753752c06c504b0620191c2a: diffstat error: diffstat: /lib64/libc.so.6: version `GLIBC_2.33' not found (required by diffstat)
diffstat: /lib64/libc.so.6: version `GLIBC_2.34' not found (required by diffstat)

Error in commit 124eb202e70678539544f6268efc98131f19fa49: diffstat error: diffstat: /lib64/libc.so.6: version `GLIBC_2.33' not found (required by diffstat)
diffstat: /lib64/libc.so.6: version `GLIBC_2.34' not found (required by diffstat)

Error in commit 4f05e2e2dc1a89f38cd9f0960a6561083d714f1e: diffstat error: diffstat: /lib64/libc.so.6: version `GLIBC_2.33' not found (required by diffstat)
diffstat: /lib64/libc.so.6: version `GLIBC_2.34' not found (required by diffstat)

Error in commit 48a4ffa722c0874b251de9d201babed52cef0bcb: diffstat error: diffstat: /lib64/libc.so.6: version `GLIBC_2.33' not found (required by diffstat)
diffstat: /lib64/libc.so.6: version `GLIBC_2.34' not found (required by diffstat)

Error in commit d549b0910c3471beb9ef268ce0d70d3ab9ed7bb3: diffstat error: diffstat: /lib64/libc.so.6: version `GLIBC_2.33' not found (required by diffstat)
diffstat: /lib64/libc.so.6: version `GLIBC_2.34' not found (required by diffstat)

Error in commit 499350a5a6e7512d9ed369ed63a4244b6536f4f8: diffstat error: diffstat: /lib64/libc.so.6: version `GLIBC_2.33' not found (required by diffstat)
diffstat: /lib64/libc.so.6: version `GLIBC_2.34' not found (required by diffstat)

Error in commit 46de5c986cf345056c6685618db1cf1f0198f596: diffstat error: diffstat: /lib64/libc.so.6: version `GLIBC_2.33' not found (required by diffstat)
diffstat: /lib64/libc.so.6: version `GLIBC_2.34' not found (required by diffstat)

Error in commit 0b46813f790826e74e6e9b5deebb81c1d0c3ab20: diffstat error: diffstat: /lib64/libc.so.6: version `GLIBC_2.33' not found (required by diffstat)
diffstat: /lib64/libc.so.6: version `GLIBC_2.34' not found (required by diffstat)

Error in commit cc356512f512e7fa423b3674db4bb31dbe40ffec: diffstat error: diffstat: /lib64/libc.so.6: version `GLIBC_2.33' not found (required by diffstat)
diffstat: /lib64/libc.so.6: version `GLIBC_2.34' not found (required by diffstat)

Error in commit e0a5a02b0fc1900a69d6c37ed0aab36fb8494e6d: diffstat error: diffstat: /lib64/libc.so.6: version `GLIBC_2.33' not found (required by diffstat)
diffstat: /lib64/libc.so.6: version `GLIBC_2.34' not found (required by diffstat)

Error in commit 60a835d80f4b6c12dbe2d38fe4ca2de16f3302dc: diffstat error: diffstat: /lib64/libc.so.6: version `GLIBC_2.33' not found (required by diffstat)
diffstat: /lib64/libc.so.6: version `GLIBC_2.34' not found (required by diffstat)

Error in commit 26f5a4350f3ab5507bb8727051c87bb04660f333: diffstat error: diffstat: /lib64/libc.so.6: version `GLIBC_2.33' not found (required by diffstat)
diffstat: /lib64/libc.so.6: version `GLIBC_2.34' not found (required by diffstat)

Error in commit 990595a42d1aec18abb63058bb209b21e44e0d19: diffstat error: diffstat: /lib64/libc.so.6: version `GLIBC_2.33' not found (required by diffstat)
diffstat: /lib64/libc.so.6: version `GLIBC_2.34' not found (required by diffstat)

Error in commit 5562545b5562f6d12a4ef991fae158bf4ccf92b6: diffstat error: diffstat: /lib64/libc.so.6: version `GLIBC_2.33' not found (required by diffstat)
diffstat: /lib64/libc.so.6: version `GLIBC_2.34' not found (required by diffstat)

Error in commit 00cdb469d7104b486a9c2c9be0e045c744dc8a46: diffstat error: diffstat: /lib64/libc.so.6: version `GLIBC_2.33' not found (required by diffstat)
diffstat: /lib64/libc.so.6: version `GLIBC_2.34' not found (required by diffstat)

Error in commit 1630f53481f445ada0a455e9979236d31a8d3bb0: diffstat error: diffstat: /lib64/libc.so.6: version `GLIBC_2.33' not found (required by diffstat)
diffstat: /lib64/libc.so.6: version `GLIBC_2.34' not found (required by diffstat)

Error in commit 82a7c3ddaa1b2bda7d03f9d258fa218468156488: diffstat error: diffstat: /lib64/libc.so.6: version `GLIBC_2.33' not found (required by diffstat)
diffstat: /lib64/libc.so.6: version `GLIBC_2.34' not found (required by diffstat)

Error in commit dc99f600698dcac69b8f56dda9a8a00d645c5ffc: diffstat error: diffstat: /lib64/libc.so.6: version `GLIBC_2.33' not found (required by diffstat)
diffstat: /lib64/libc.so.6: version `GLIBC_2.34' not found (required by diffstat)

Error in commit 82aa0387d52dd0db2173b844ad52d114807c189b: diffstat error: diffstat: /lib64/libc.so.6: version `GLIBC_2.33' not found (required by diffstat)
diffstat: /lib64/libc.so.6: version `GLIBC_2.34' not found (required by diffstat)

Error in commit acec27ff35af9caf34d76d16ee17ff3b292e7d83: diffstat error: diffstat: /lib64/libc.so.6: version `GLIBC_2.33' not found (required by diffstat)
diffstat: /lib64/libc.so.6: version `GLIBC_2.34' not found (required by diffstat)

Error in commit 502a8978c485de4f36bf711c40c0ad00fe3960fc: diffstat error: diffstat: /lib64/libc.so.6: version `GLIBC_2.33' not found (required by diffstat)
diffstat: /lib64/libc.so.6: version `GLIBC_2.34' not found (required by diffstat)

Error in commit 2638fd0f92d4397884fd991d8f4925cb3f081901: diffstat error: diffstat: /lib64/libc.so.6: version `GLIBC_2.33' not found (required by diffstat)
diffstat: /lib64/libc.so.6: version `GLIBC_2.34' not found (required by diffstat)

Error in commit dea704f0ab7f625e1e7b3f9a1110b45b63157317: diffstat error: diffstat: /lib64/libc.so.6: version `GLIBC_2.33' not found (required by diffstat)
diffstat: /lib64/libc.so.6: version `GLIBC_2.34' not found (required by diffstat)

Error in commit a8c93bd324d0362a26c1e6591eead5c52f865c0d: diffstat error: diffstat: /lib64/libc.so.6: version `GLIBC_2.33' not found (required by diffstat)
diffstat: /lib64/libc.so.6: version `GLIBC_2.34' not found (required by diffstat)

Error in commit 10ea745fbbfb376fb7309a9aed534a8a96f67827: diffstat error: diffstat: /lib64/libc.so.6: version `GLIBC_2.33' not found (required by diffstat)
diffstat: /lib64/libc.so.6: version `GLIBC_2.34' not found (required by diffstat)

Error in commit 638164a2718f337ea224b747cf5977ef143166a4: diffstat error: diffstat: /lib64/libc.so.6: version `GLIBC_2.33' not found (required by diffstat)
diffstat: /lib64/libc.so.6: version `GLIBC_2.34' not found (required by diffstat)

Error in commit ce361a12e355f9e1e99c989f1ea056c9e502dbe7: diffstat error: diffstat: /lib64/libc.so.6: version `GLIBC_2.33' not found (required by diffstat)
diffstat: /lib64/libc.so.6: version `GLIBC_2.34' not found (required by diffstat)

Error in commit c49cb29ddf3368daf279bd60c007f9c015bc834c: diffstat error: diffstat: /lib64/libc.so.6: version `GLIBC_2.33' not found (required by diffstat)
diffstat: /lib64/libc.so.6: version `GLIBC_2.34' not found (required by diffstat)

Error in commit 412b65d15a7f8a93794653968308fc100f2aa87c: diffstat error: diffstat: /lib64/libc.so.6: version `GLIBC_2.33' not found (required by diffstat)
diffstat: /lib64/libc.so.6: version `GLIBC_2.34' not found (required by diffstat)

Error in commit c1fa0768a8713b135848f78fd43ffc208d8ded70: diffstat error: diffstat: /lib64/libc.so.6: version `GLIBC_2.33' not found (required by diffstat)
diffstat: /lib64/libc.so.6: version `GLIBC_2.34' not found (required by diffstat)

Error in commit 237bbd29f7a049d310d907f4b2716a7feef9abf3: diffstat error: diffstat: /lib64/libc.so.6: version `GLIBC_2.33' not found (required by diffstat)
diffstat: /lib64/libc.so.6: version `GLIBC_2.34' not found (required by diffstat)

Error in commit 2451337dd043901b5270b7586942abe564443e3d: diffstat error: diffstat: /lib64/libc.so.6: version `GLIBC_2.33' not found (required by diffstat)
diffstat: /lib64/libc.so.6: version `GLIBC_2.34' not found (required by diffstat)

Error in commit c9adf07bae363aa00b34f112b89b624acfa363ed: diffstat error: diffstat: /lib64/libc.so.6: version `GLIBC_2.33' not found (required by diffstat)
diffstat: /lib64/libc.so.6: version `GLIBC_2.34' not found (required by diffstat)

Error in commit f39ad9bab1f327062958b2750bf1f5609a9ee991: SHA b'f39ad9bab1f327062958b2750bf1f5609a9ee991' could not be resolved, git returned: b'f39ad9bab1f327062958b2750bf1f5609a9ee991 missing'
Error in commit 0befd1f3745055c32940f5faf9559be6a14395e6: diffstat error: diffstat: /lib64/libc.so.6: version `GLIBC_2.33' not found (required by diffstat)
diffstat: /lib64/libc.so.6: version `GLIBC_2.34' not found (required by diffstat)

Error in commit b15e29f2ee361379742957d764aca655ef2a9e48: diffstat error: diffstat: /lib64/libc.so.6: version `GLIBC_2.33' not found (required by diffstat)
diffstat: /lib64/libc.so.6: version `GLIBC_2.34' not found (required by diffstat)

Error in commit f18a0ed883582af1f2c70810fdb951b84a6e2bc7: diffstat error: diffstat: /lib64/libc.so.6: version `GLIBC_2.33' not found (required by diffstat)
diffstat: /lib64/libc.so.6: version `GLIBC_2.34' not found (required by diffstat)

Error in commit c43127414d89ccb9ef6517081f68986d991bcfb3: diffstat error: diffstat: /lib64/libc.so.6: version `GLIBC_2.33' not found (required by diffstat)
diffstat: /lib64/libc.so.6: version `GLIBC_2.34' not found (required by diffstat)

Error in commit 2c6bf0d77e504255d5ed241f928b4aa8bca1b7e8: diffstat error: diffstat: /lib64/libc.so.6: version `GLIBC_2.33' not found (required by diffstat)
diffstat: /lib64/libc.so.6: version `GLIBC_2.34' not found (required by diffstat)

Error in commit 8f9f6ea56a12fe40fcbb8d41c1f57a314843c62b: diffstat error: diffstat: /lib64/libc.so.6: version `GLIBC_2.33' not found (required by diffstat)
diffstat: /lib64/libc.so.6: version `GLIBC_2.34' not found (required by diffstat)

Error in commit a07f616895ab5b2aee82b1d5e3f2f60845296098: diffstat error: diffstat: /lib64/libc.so.6: version `GLIBC_2.33' not found (required by diffstat)
diffstat: /lib64/libc.so.6: version `GLIBC_2.34' not found (required by diffstat)

Error in commit 0df5490b985c419de008d32168650bff17128914: diffstat error: diffstat: /lib64/libc.so.6: version `GLIBC_2.33' not found (required by diffstat)
diffstat: /lib64/libc.so.6: version `GLIBC_2.34' not found (required by diffstat)

Error in commit 29ec90660d68bbdd69507c1c8b4e33aa299278b1: diffstat error: diffstat: /lib64/libc.so.6: version `GLIBC_2.33' not found (required by diffstat)
diffstat: /lib64/libc.so.6: version `GLIBC_2.34' not found (required by diffstat)

Error in commit 77f8269606bf95fcb232ee86f6da80886f1dfae8: diffstat error: diffstat: /lib64/libc.so.6: version `GLIBC_2.33' not found (required by diffstat)
diffstat: /lib64/libc.so.6: version `GLIBC_2.34' not found (required by diffstat)

Error in commit df06b37ffe5a442503b7095b77b0a970df515459: diffstat error: diffstat: /lib64/libc.so.6: version `GLIBC_2.33' not found (required by diffstat)
diffstat: /lib64/libc.so.6: version `GLIBC_2.34' not found (required by diffstat)

Error in commit a4c561aab1014c3630bc88faf6f5246fee16b020: diffstat error: diffstat: /lib64/libc.so.6: version `GLIBC_2.33' not found (required by diffstat)
diffstat: /lib64/libc.so.6: version `GLIBC_2.34' not found (required by diffstat)

Error in commit 90cce18b9eced4f412ceeec5bcae18c4493322df: diffstat error: diffstat: /lib64/libc.so.6: version `GLIBC_2.33' not found (required by diffstat)
diffstat: /lib64/libc.so.6: version `GLIBC_2.34' not found (required by diffstat)

Error in commit 0e9e7d72f3c9eb7ac832746c3034855faaf8d02c: diffstat error: diffstat: /lib64/libc.so.6: version `GLIBC_2.33' not found (required by diffstat)
diffstat: /lib64/libc.so.6: version `GLIBC_2.34' not found (required by diffstat)

Error in commit 1374254c2904ab5b18ba4a890856824a102d4705: diffstat error: diffstat: /lib64/libc.so.6: version `GLIBC_2.33' not found (required by diffstat)
diffstat: /lib64/libc.so.6: version `GLIBC_2.34' not found (required by diffstat)

Error in commit daedbbb5541cd8ecda1459d3b843ea4d92788762: diffstat error: diffstat: /lib64/libc.so.6: version `GLIBC_2.33' not found (required by diffstat)
diffstat: /lib64/libc.so.6: version `GLIBC_2.34' not found (required by diffstat)

Error in commit b3e0f780c34cea88f057a62213c012aa88fe2deb: diffstat error: diffstat: /lib64/libc.so.6: version `GLIBC_2.33' not found (required by diffstat)
diffstat: /lib64/libc.so.6: version `GLIBC_2.34' not found (required by diffstat)

Error in commit 3a8f47befd68ac6236cf2f38aa016cafdf552c23: diffstat error: diffstat: /lib64/libc.so.6: version `GLIBC_2.33' not found (required by diffstat)
diffstat: /lib64/libc.so.6: version `GLIBC_2.34' not found (required by diffstat)

Error in commit f1bae45c769e4360d9ed2e78fff5cb52fa6e4a8c: diffstat error: diffstat: /lib64/libc.so.6: version `GLIBC_2.33' not found (required by diffstat)
diffstat: /lib64/libc.so.6: version `GLIBC_2.34' not found (required by diffstat)

Error in commit da9d86eab55cbf608d5c916b8b690f5b76bca462: diffstat error: diffstat: /lib64/libc.so.6: version `GLIBC_2.33' not found (required by diffstat)
diffstat: /lib64/libc.so.6: version `GLIBC_2.34' not found (required by diffstat)

Error in commit fe5f4b85e6b1b54d3b4588a77133c06ade46d891: diffstat error: diffstat: /lib64/libc.so.6: version `GLIBC_2.33' not found (required by diffstat)
diffstat: /lib64/libc.so.6: version `GLIBC_2.34' not found (required by diffstat)

Error in commit 7d11230060fa9c8f67e53c85224daf6648805c7b: diffstat error: diffstat: /lib64/libc.so.6: version `GLIBC_2.33' not found (required by diffstat)
diffstat: /lib64/libc.so.6: version `GLIBC_2.34' not found (required by diffstat)

Error in commit bd5a410a5de3a6893eaacc749e706b85506dc908: diffstat error: diffstat: /lib64/libc.so.6: version `GLIBC_2.33' not found (required by diffstat)
diffstat: /lib64/libc.so.6: version `GLIBC_2.34' not found (required by diffstat)

Error in commit 0031c41be5c529f8329e327b63cde92ba1284842: diffstat error: diffstat: /lib64/libc.so.6: version `GLIBC_2.33' not found (required by diffstat)
diffstat: /lib64/libc.so.6: version `GLIBC_2.34' not found (required by diffstat)

Error in commit 9d43d85c34011019a5d7d8e8e3f68158b0656acb: diffstat error: diffstat: /lib64/libc.so.6: version `GLIBC_2.33' not found (required by diffstat)
diffstat: /lib64/libc.so.6: version `GLIBC_2.34' not found (required by diffstat)

Error in commit ed8fdce754a5d8d14c09e989d8877707bd43906f: diffstat error: diffstat: /lib64/libc.so.6: version `GLIBC_2.33' not found (required by diffstat)
diffstat: /lib64/libc.so.6: version `GLIBC_2.34' not found (required by diffstat)

Error in commit 0c142333bb356b6ff15fff5c95522c4cfc410a9c: diffstat error: diffstat: /lib64/libc.so.6: version `GLIBC_2.33' not found (required by diffstat)
diffstat: /lib64/libc.so.6: version `GLIBC_2.34' not found (required by diffstat)

Error in commit 2335294f7ce4304c27b366be9de2f47ef1c7a002: diffstat error: diffstat: /lib64/libc.so.6: version `GLIBC_2.33' not found (required by diffstat)
diffstat: /lib64/libc.so.6: version `GLIBC_2.34' not found (required by diffstat)

Error in commit da502f7df03d2d0b416775f92ae022f3f82bedd5: diffstat error: diffstat: /lib64/libc.so.6: version `GLIBC_2.33' not found (required by diffstat)
diffstat: /lib64/libc.so.6: version `GLIBC_2.34' not found (required by diffstat)

Error in commit 0b661e0aa61850234b64394585cf577aac570bf4: diffstat error: diffstat: /lib64/libc.so.6: version `GLIBC_2.33' not found (required by diffstat)
diffstat: /lib64/libc.so.6: version `GLIBC_2.34' not found (required by diffstat)

Error in commit 72ca58ec232bab0354e9921b094811f6960750aa: diffstat error: diffstat: /lib64/libc.so.6: version `GLIBC_2.33' not found (required by diffstat)
diffstat: /lib64/libc.so.6: version `GLIBC_2.34' not found (required by diffstat)

Error in commit 87d6bef033062f969e70fa40c43dfd945d5a20ab: diffstat error: diffstat: /lib64/libc.so.6: version `GLIBC_2.33' not found (required by diffstat)
diffstat: /lib64/libc.so.6: version `GLIBC_2.34' not found (required by diffstat)

Error in commit 3a596a4b0f8a8c3e60ff6240508a1d7395a9bacd: diffstat error: diffstat: /lib64/libc.so.6: version `GLIBC_2.33' not found (required by diffstat)
diffstat: /lib64/libc.so.6: version `GLIBC_2.34' not found (required by diffstat)

Error in commit d519097e9d0f914cac7362f8bafc8623ba2c09db: diffstat error: diffstat: /lib64/libc.so.6: version `GLIBC_2.33' not found (required by diffstat)
diffstat: /lib64/libc.so.6: version `GLIBC_2.34' not found (required by diffstat)

Error in commit 71b56e0eedb5f12396601b4321c9667a20aea147: diffstat error: diffstat: /lib64/libc.so.6: version `GLIBC_2.33' not found (required by diffstat)
diffstat: /lib64/libc.so.6: version `GLIBC_2.34' not found (required by diffstat)

Error in commit 802f6d8a8f39e5ba578e0183e4500bef8e3a198c: diffstat error: diffstat: /lib64/libc.so.6: version `GLIBC_2.33' not found (required by diffstat)
diffstat: /lib64/libc.so.6: version `GLIBC_2.34' not found (required by diffstat)

Error in commit 35c70103a528603afb538ffeafe40c7b8251b0fe: diffstat error: diffstat: /lib64/libc.so.6: version `GLIBC_2.33' not found (required by diffstat)
diffstat: /lib64/libc.so.6: version `GLIBC_2.34' not found (required by diffstat)

Error in commit fc3314609047daf472b3ffc49f9a1c5608068713: diffstat error: diffstat: /lib64/libc.so.6: version `GLIBC_2.33' not found (required by diffstat)
diffstat: /lib64/libc.so.6: version `GLIBC_2.34' not found (required by diffstat)

Error in commit 96c5c6e6a5b6db592acae039fed54b5c8844cd35: diffstat error: diffstat: /lib64/libc.so.6: version `GLIBC_2.33' not found (required by diffstat)
diffstat: /lib64/libc.so.6: version `GLIBC_2.34' not found (required by diffstat)

Error in commit 6980afae2ff9fcd6d67508b0a3f694d75fd059d6: diffstat error: diffstat: /lib64/libc.so.6: version `GLIBC_2.33' not found (required by diffstat)
diffstat: /lib64/libc.so.6: version `GLIBC_2.34' not found (required by diffstat)

Error in commit 7e9b4d831438b058433dd8d0faae19bf51a72634: diffstat error: diffstat: /lib64/libc.so.6: version `GLIBC_2.33' not found (required by diffstat)
diffstat: /lib64/libc.so.6: version `GLIBC_2.34' not found (required by diffstat)

Error in commit 9043f0f69ff5b0ed1e44db3ba8594a4267ba055e: diffstat error: diffstat: /lib64/libc.so.6: version `GLIBC_2.33' not found (required by diffstat)
diffstat: /lib64/libc.so.6: version `GLIBC_2.34' not found (required by diffstat)

Error in commit 926f796e8feec15f3836aa0a060ed906f8ae04d3: diffstat error: diffstat: /lib64/libc.so.6: version `GLIBC_2.33' not found (required by diffstat)
diffstat: /lib64/libc.so.6: version `GLIBC_2.34' not found (required by diffstat)

Error in commit 3d86d8ce14989ca65a59ad4cf37f690694bf6267: diffstat error: diffstat: /lib64/libc.so.6: version `GLIBC_2.33' not found (required by diffstat)
diffstat: /lib64/libc.so.6: version `GLIBC_2.34' not found (required by diffstat)

Error in commit 4969c06a0d83c9c3dc50b8efcdc8eeedfce896f6: diffstat error: diffstat: /lib64/libc.so.6: version `GLIBC_2.33' not found (required by diffstat)
diffstat: /lib64/libc.so.6: version `GLIBC_2.34' not found (required by diffstat)

Error in commit f692c8cefb850557bb635a891c57d1d878234396: diffstat error: diffstat: /lib64/libc.so.6: version `GLIBC_2.33' not found (required by diffstat)
diffstat: /lib64/libc.so.6: version `GLIBC_2.34' not found (required by diffstat)

Error in commit 80b4209b547f030dad14b2ce9456b2a4220b9a65: diffstat error: diffstat: /lib64/libc.so.6: version `GLIBC_2.33' not found (required by diffstat)
diffstat: /lib64/libc.so.6: version `GLIBC_2.34' not found (required by diffstat)

Error in commit a66477b0efe511d98dde3e4aaeb189790e6f0a39: diffstat error: diffstat: /lib64/libc.so.6: version `GLIBC_2.33' not found (required by diffstat)
diffstat: /lib64/libc.so.6: version `GLIBC_2.34' not found (required by diffstat)

Error in commit 790a7a2555aefb392a5a69923f1e9d17b4968467: diffstat error: diffstat: /lib64/libc.so.6: version `GLIBC_2.33' not found (required by diffstat)
diffstat: /lib64/libc.so.6: version `GLIBC_2.34' not found (required by diffstat)

Error in commit 928bf9cc66892c809fcfb6c7985887a1f381aac4: diffstat error: diffstat: /lib64/libc.so.6: version `GLIBC_2.33' not found (required by diffstat)
diffstat: /lib64/libc.so.6: version `GLIBC_2.34' not found (required by diffstat)

Error in commit 3d77fc18b8b1f1fbeb584790ebab1e5259e70b94: diffstat error: diffstat: /lib64/libc.so.6: version `GLIBC_2.33' not found (required by diffstat)
diffstat: /lib64/libc.so.6: version `GLIBC_2.34' not found (required by diffstat)

Error in commit e829556764fcae3e993d27fbdc92d84e18e26766: diffstat error: diffstat: /lib64/libc.so.6: version `GLIBC_2.33' not found (required by diffstat)
diffstat: /lib64/libc.so.6: version `GLIBC_2.34' not found (required by diffstat)

Error in commit d3c549e9f5ad4d847a3224a8e3f80b937120fe5c: diffstat error: diffstat: /lib64/libc.so.6: version `GLIBC_2.33' not found (required by diffstat)
diffstat: /lib64/libc.so.6: version `GLIBC_2.34' not found (required by diffstat)

Error in commit 3bbb0cd3296023f6f922c71d21a1c374d2b0a435: diffstat error: diffstat: /lib64/libc.so.6: version `GLIBC_2.33' not found (required by diffstat)
diffstat: /lib64/libc.so.6: version `GLIBC_2.34' not found (required by diffstat)

Error in commit 692b85eaaa210f6e421675b2f8b49221d613e9f4: diffstat error: diffstat: /lib64/libc.so.6: version `GLIBC_2.33' not found (required by diffstat)
diffstat: /lib64/libc.so.6: version `GLIBC_2.34' not found (required by diffstat)

Error in commit f8d33da51673eda8290f6ddeb216b6c8ee59b593: diffstat error: diffstat: /lib64/libc.so.6: version `GLIBC_2.33' not found (required by diffstat)
diffstat: /lib64/libc.so.6: version `GLIBC_2.34' not found (required by diffstat)

Error in commit fc613cf459bbb69e874fe4899cdaad046543d092: diffstat error: diffstat: /lib64/libc.so.6: version `GLIBC_2.33' not found (required by diffstat)
diffstat: /lib64/libc.so.6: version `GLIBC_2.34' not found (required by diffstat)

Error in commit 37bc691e7d26ea4eb61a8a434ebd7a9ae76225ab: diffstat error: diffstat: /lib64/libc.so.6: version `GLIBC_2.33' not found (required by diffstat)
diffstat: /lib64/libc.so.6: version `GLIBC_2.34' not found (required by diffstat)

Error in commit ec74b40ceef3dc3892c7d84bb4f5d99bab504ba4: diffstat error: diffstat: /lib64/libc.so.6: version `GLIBC_2.33' not found (required by diffstat)
diffstat: /lib64/libc.so.6: version `GLIBC_2.34' not found (required by diffstat)

Error in commit 525de2000b018c659c5dd472610305cb2ffb9edc: diffstat error: diffstat: /lib64/libc.so.6: version `GLIBC_2.33' not found (required by diffstat)
diffstat: /lib64/libc.so.6: version `GLIBC_2.34' not found (required by diffstat)

Error in commit 1555b2191017b1a4d8c331ad7614387e4ac0b0f1: diffstat error: diffstat: /lib64/libc.so.6: version `GLIBC_2.33' not found (required by diffstat)
diffstat: /lib64/libc.so.6: version `GLIBC_2.34' not found (required by diffstat)

Error in commit 624676e788992e4da8de1fad93bfe51563a7f9a0: diffstat error: diffstat: /lib64/libc.so.6: version `GLIBC_2.33' not found (required by diffstat)
diffstat: /lib64/libc.so.6: version `GLIBC_2.34' not found (required by diffstat)

Error in commit 2eb0d1dab6a6de76cf3556130a2d52af101077db: diffstat error: diffstat: /lib64/libc.so.6: version `GLIBC_2.33' not found (required by diffstat)
diffstat: /lib64/libc.so.6: version `GLIBC_2.34' not found (required by diffstat)

Error in commit ab9a61ce16b3b00c8099e851346e442b7629f3fd: diffstat error: diffstat: /lib64/libc.so.6: version `GLIBC_2.33' not found (required by diffstat)
diffstat: /lib64/libc.so.6: version `GLIBC_2.34' not found (required by diffstat)

Error in commit aac95a9dcf4bbba87b76c72706c3221a842ca433: diffstat error: diffstat: /lib64/libc.so.6: version `GLIBC_2.33' not found (required by diffstat)
diffstat: /lib64/libc.so.6: version `GLIBC_2.34' not found (required by diffstat)

Error in commit 6836ccb208f8c16824b8c1e330acb077c70c98c6: diffstat error: diffstat: /lib64/libc.so.6: version `GLIBC_2.33' not found (required by diffstat)
diffstat: /lib64/libc.so.6: version `GLIBC_2.34' not found (required by diffstat)

Error in commit 55234a37fd0f865261c09b602b94444d42f35daa: diffstat error: diffstat: /lib64/libc.so.6: version `GLIBC_2.33' not found (required by diffstat)
diffstat: /lib64/libc.so.6: version `GLIBC_2.34' not found (required by diffstat)

Error in commit d8b7f7a7d6c283e85c545c16fe6a598161cf306a: diffstat error: diffstat: /lib64/libc.so.6: version `GLIBC_2.33' not found (required by diffstat)
diffstat: /lib64/libc.so.6: version `GLIBC_2.34' not found (required by diffstat)

Error in commit 20ad21c0d87ca80217aee47533d91e633ce1864d: diffstat error: diffstat: /lib64/libc.so.6: version `GLIBC_2.33' not found (required by diffstat)
diffstat: /lib64/libc.so.6: version `GLIBC_2.34' not found (required by diffstat)

Error in commit 4a15bd519b678728268c066469dbb0e5241420af: diffstat error: diffstat: /lib64/libc.so.6: version `GLIBC_2.33' not found (required by diffstat)
diffstat: /lib64/libc.so.6: version `GLIBC_2.34' not found (required by diffstat)

Error in commit d25dbae0a43458d108c25509cae2ad5d65fdf038: diffstat error: diffstat: /lib64/libc.so.6: version `GLIBC_2.33' not found (required by diffstat)
diffstat: /lib64/libc.so.6: version `GLIBC_2.34' not found (required by diffstat)

Error in commit e2f7c83bcbf3704d4e2aa53ce5d9f5208da78f31: diffstat error: diffstat: /lib64/libc.so.6: version `GLIBC_2.33' not found (required by diffstat)
diffstat: /lib64/libc.so.6: version `GLIBC_2.34' not found (required by diffstat)

Error in commit 60df32aab5106fa375347627517ce066daf4e301: diffstat error: diffstat: /lib64/libc.so.6: version `GLIBC_2.33' not found (required by diffstat)
diffstat: /lib64/libc.so.6: version `GLIBC_2.34' not found (required by diffstat)

Error in commit b2021df620824627f5a8c96615edbd1eb7fdddfc: diffstat error: diffstat: /lib64/libc.so.6: version `GLIBC_2.33' not found (required by diffstat)
diffstat: /lib64/libc.so.6: version `GLIBC_2.34' not found (required by diffstat)

Error in commit 1d276e0b382cf066dae93640746d8b4c54d15452: diffstat error: diffstat: /lib64/libc.so.6: version `GLIBC_2.33' not found (required by diffstat)
diffstat: /lib64/libc.so.6: version `GLIBC_2.34' not found (required by diffstat)

Error in commit 1e08f0b88c9ce0dde96a17d718cee3e691509d78: diffstat error: diffstat: /lib64/libc.so.6: version `GLIBC_2.33' not found (required by diffstat)
diffstat: /lib64/libc.so.6: version `GLIBC_2.34' not found (required by diffstat)

Error in commit 7c478bd95313f5f23a4c958a745db2134aa03244: diffstat error: diffstat: /lib64/libc.so.6: version `GLIBC_2.33' not found (required by diffstat)
diffstat: /lib64/libc.so.6: version `GLIBC_2.34' not found (required by diffstat)

Error in commit ef0c008ee84bad91ec6725ddc42091e19a30cf0e: diffstat error: diffstat: /lib64/libc.so.6: version `GLIBC_2.33' not found (required by diffstat)
diffstat: /lib64/libc.so.6: version `GLIBC_2.34' not found (required by diffstat)

Error in commit 5f7975d09eac0f10ed8a17dbb6f5964977725adc: diffstat error: diffstat: /lib64/libc.so.6: version `GLIBC_2.33' not found (required by diffstat)
diffstat: /lib64/libc.so.6: version `GLIBC_2.34' not found (required by diffstat)

Error in commit 49a729901484a413fd605be735da9a563c24336a: diffstat error: diffstat: /lib64/libc.so.6: version `GLIBC_2.33' not found (required by diffstat)
diffstat: /lib64/libc.so.6: version `GLIBC_2.34' not found (required by diffstat)

Error in commit dd95f74f9a2e9ccea0f5005e9ebc4527dbccafdd: diffstat error: diffstat: /lib64/libc.so.6: version `GLIBC_2.33' not found (required by diffstat)
diffstat: /lib64/libc.so.6: version `GLIBC_2.34' not found (required by diffstat)

Error in commit 8d86e373b0ef52d091ced9583ffbb33ad2771576: diffstat error: diffstat: /lib64/libc.so.6: version `GLIBC_2.33' not found (required by diffstat)
diffstat: /lib64/libc.so.6: version `GLIBC_2.34' not found (required by diffstat)

Error in commit 90ed61e99f5768854f252bfc669d4160e38b84b8: diffstat error: diffstat: /lib64/libc.so.6: version `GLIBC_2.33' not found (required by diffstat)
diffstat: /lib64/libc.so.6: version `GLIBC_2.34' not found (required by diffstat)

Error in commit 5ecec9c6fbdbc6be03295685190a45e7eee726ab: diffstat error: diffstat: /lib64/libc.so.6: version `GLIBC_2.33' not found (required by diffstat)
diffstat: /lib64/libc.so.6: version `GLIBC_2.34' not found (required by diffstat)

Error in commit dfcec822728c6569914db37eb55a78a019866e6f: diffstat error: diffstat: /lib64/libc.so.6: version `GLIBC_2.33' not found (required by diffstat)
diffstat: /lib64/libc.so.6: version `GLIBC_2.34' not found (required by diffstat)

Error in commit bc3c8e5e743f0783d4b52d96ea58bf8cef698f12: diffstat error: diffstat: /lib64/libc.so.6: version `GLIBC_2.33' not found (required by diffstat)
diffstat: /lib64/libc.so.6: version `GLIBC_2.34' not found (required by diffstat)

Error in commit 8ea550f34ce51d8d41ba47843739c964407fa0ad: diffstat error: diffstat: /lib64/libc.so.6: version `GLIBC_2.33' not found (required by diffstat)
diffstat: /lib64/libc.so.6: version `GLIBC_2.34' not found (required by diffstat)

Error in commit 328def7d3b93847d64ecb6e9e0399684e57c3eca: diffstat error: diffstat: /lib64/libc.so.6: version `GLIBC_2.33' not found (required by diffstat)
diffstat: /lib64/libc.so.6: version `GLIBC_2.34' not found (required by diffstat)

Error in commit b6bf5384756920110cf1f162da0ffe49569da0c9: diffstat error: diffstat: /lib64/libc.so.6: version `GLIBC_2.33' not found (required by diffstat)
diffstat: /lib64/libc.so.6: version `GLIBC_2.34' not found (required by diffstat)

Error in commit 45285e8a9300cd754a760560640b75b09f98035e: diffstat error: diffstat: /lib64/libc.so.6: version `GLIBC_2.33' not found (required by diffstat)
diffstat: /lib64/libc.so.6: version `GLIBC_2.34' not found (required by diffstat)

Error in commit 3218043d6d3a019756607643cf65574fbfef5d7a: diffstat error: diffstat: /lib64/libc.so.6: version `GLIBC_2.33' not found (required by diffstat)
diffstat: /lib64/libc.so.6: version `GLIBC_2.34' not found (required by diffstat)

Error in commit 9982fd6c8831cbd2f58954f79ea71f26660393bc: diffstat error: diffstat: /lib64/libc.so.6: version `GLIBC_2.33' not found (required by diffstat)
diffstat: /lib64/libc.so.6: version `GLIBC_2.34' not found (required by diffstat)

Error in commit cb164786dc891ea11d3a900e90367c339305dc7b: diffstat error: diffstat: /lib64/libc.so.6: version `GLIBC_2.33' not found (required by diffstat)
diffstat: /lib64/libc.so.6: version `GLIBC_2.34' not found (required by diffstat)

Error in commit a8d2f0983ecdea8ff2526c717d6a9b2f06f403d8: diffstat error: diffstat: /lib64/libc.so.6: version `GLIBC_2.33' not found (required by diffstat)
diffstat: /lib64/libc.so.6: version `GLIBC_2.34' not found (required by diffstat)

Error in commit a892ecc1a67d2857da7e1a3c973ca62428069753: diffstat error: diffstat: /lib64/libc.so.6: version `GLIBC_2.33' not found (required by diffstat)
diffstat: /lib64/libc.so.6: version `GLIBC_2.34' not found (required by diffstat)

Error in commit 8525ad0b9fd596f4b251bb3d7b114e6dc7ce1ee8: diffstat error: diffstat: /lib64/libc.so.6: version `GLIBC_2.33' not found (required by diffstat)
diffstat: /lib64/libc.so.6: version `GLIBC_2.34' not found (required by diffstat)

Error in commit 89f3594d0de58e8a57d92d497dea9fee3d4b9cda: diffstat error: diffstat: /lib64/libc.so.6: version `GLIBC_2.33' not found (required by diffstat)
diffstat: /lib64/libc.so.6: version `GLIBC_2.34' not found (required by diffstat)

Error in commit 1a21989b2e91465bf6f0a95d2f251e638106c5d6: diffstat error: diffstat: /lib64/libc.so.6: version `GLIBC_2.33' not found (required by diffstat)
diffstat: /lib64/libc.so.6: version `GLIBC_2.34' not found (required by diffstat)

Error in commit bed4894cd7869b2af32dfaacdcf76881c4aba9c4: diffstat error: diffstat: /lib64/libc.so.6: version `GLIBC_2.33' not found (required by diffstat)
diffstat: /lib64/libc.so.6: version `GLIBC_2.34' not found (required by diffstat)

Error in commit f522d2d70efeb5e1e7e027322e4ca1379322de6b: diffstat error: diffstat: /lib64/libc.so.6: version `GLIBC_2.33' not found (required by diffstat)
diffstat: /lib64/libc.so.6: version `GLIBC_2.34' not found (required by diffstat)

Error in commit c5f4302325223765b660f0f366ce25bf8570e7a5: diffstat error: diffstat: /lib64/libc.so.6: version `GLIBC_2.33' not found (required by diffstat)
diffstat: /lib64/libc.so.6: version `GLIBC_2.34' not found (required by diffstat)

Error in commit bc654f504a9daef1302e34d7373939c10a401217: diffstat error: diffstat: /lib64/libc.so.6: version `GLIBC_2.33' not found (required by diffstat)
diffstat: /lib64/libc.so.6: version `GLIBC_2.34' not found (required by diffstat)

Error in commit a500f71c85ca678af609f911e9296bf424fe4f2f: diffstat error: diffstat: /lib64/libc.so.6: version `GLIBC_2.33' not found (required by diffstat)
diffstat: /lib64/libc.so.6: version `GLIBC_2.34' not found (required by diffstat)

Error in commit 90d77e2a21ca2a80f993c825a462a258ccdffde7: diffstat error: diffstat: /lib64/libc.so.6: version `GLIBC_2.33' not found (required by diffstat)
diffstat: /lib64/libc.so.6: version `GLIBC_2.34' not found (required by diffstat)

Error in commit 7cffe0797fdb17a9c08922339465b1b187394335: diffstat error: diffstat: /lib64/libc.so.6: version `GLIBC_2.33' not found (required by diffstat)
diffstat: /lib64/libc.so.6: version `GLIBC_2.34' not found (required by diffstat)

Error in commit 81d03d0966dbf1443a6a54c9eca946ccbadd0725: diffstat error: diffstat: /lib64/libc.so.6: version `GLIBC_2.33' not found (required by diffstat)
diffstat: /lib64/libc.so.6: version `GLIBC_2.34' not found (required by diffstat)

Error in commit 883b0a91f41ab705daa04c24e59d708e457a0bed: diffstat error: diffstat: /lib64/libc.so.6: version `GLIBC_2.33' not found (required by diffstat)
diffstat: /lib64/libc.so.6: version `GLIBC_2.34' not found (required by diffstat)

Error in commit e56b95daec0f9fbf55d99b984d6236c1bbd4358c: diffstat error: diffstat: /lib64/libc.so.6: version `GLIBC_2.33' not found (required by diffstat)
diffstat: /lib64/libc.so.6: version `GLIBC_2.34' not found (required by diffstat)

Error in commit 7f5a490d09f4d56801ac3a3e4e39e03e1471b44c: diffstat error: diffstat: /lib64/libc.so.6: version `GLIBC_2.33' not found (required by diffstat)
diffstat: /lib64/libc.so.6: version `GLIBC_2.34' not found (required by diffstat)

Error in commit 3d3925ff6433f98992685a9679613a2cc97f3ce2: diffstat error: diffstat: /lib64/libc.so.6: version `GLIBC_2.33' not found (required by diffstat)
diffstat: /lib64/libc.so.6: version `GLIBC_2.34' not found (required by diffstat)

Error in commit a0e16edf44ea8f6e0f33ecb5ecaee4de52b4dace: diffstat error: diffstat: /lib64/libc.so.6: version `GLIBC_2.33' not found (required by diffstat)
diffstat: /lib64/libc.so.6: version `GLIBC_2.34' not found (required by diffstat)

Error in commit ca3654ebf7a439dc736f56f083c9aa98e4464b7f: diffstat error: diffstat: /lib64/libc.so.6: version `GLIBC_2.33' not found (required by diffstat)
diffstat: /lib64/libc.so.6: version `GLIBC_2.34' not found (required by diffstat)

Error in commit a74702c630e108125e71898398737baec8f02238: diffstat error: diffstat: /lib64/libc.so.6: version `GLIBC_2.33' not found (required by diffstat)
diffstat: /lib64/libc.so.6: version `GLIBC_2.34' not found (required by diffstat)

Error in commit 3ecdbf8e21186a9c5a4d3cfa3b1e9fd27045340e: diffstat error: diffstat: /lib64/libc.so.6: version `GLIBC_2.33' not found (required by diffstat)
diffstat: /lib64/libc.so.6: version `GLIBC_2.34' not found (required by diffstat)

Error in commit c83d5f4664f222f318f8e4ae3910aeb9e5515902: diffstat error: diffstat: /lib64/libc.so.6: version `GLIBC_2.33' not found (required by diffstat)
diffstat: /lib64/libc.so.6: version `GLIBC_2.34' not found (required by diffstat)

Error in commit 50a51cb7e67268e6ad417eb07c9de9bfea5cc55a: diffstat error: diffstat: /lib64/libc.so.6: version `GLIBC_2.33' not found (required by diffstat)
diffstat: /lib64/libc.so.6: version `GLIBC_2.34' not found (required by diffstat)

Error in commit dea56d2df94546c23021a42d9395f2333589f01e: diffstat error: diffstat: /lib64/libc.so.6: version `GLIBC_2.33' not found (required by diffstat)
diffstat: /lib64/libc.so.6: version `GLIBC_2.34' not found (required by diffstat)

Error in commit db05ba9a1bd4b90aa6c76742cf6102a7c7297267: diffstat error: diffstat: /lib64/libc.so.6: version `GLIBC_2.33' not found (required by diffstat)
diffstat: /lib64/libc.so.6: version `GLIBC_2.34' not found (required by diffstat)

Error in commit 97c133c290f9fdb51a9900c964376529aaaa3b14: diffstat error: diffstat: /lib64/libc.so.6: version `GLIBC_2.33' not found (required by diffstat)
diffstat: /lib64/libc.so.6: version `GLIBC_2.34' not found (required by diffstat)

Error in commit 8bf5d8cc184a639c4bc174e1c04541e88981f9f8: diffstat error: diffstat: /lib64/libc.so.6: version `GLIBC_2.33' not found (required by diffstat)
diffstat: /lib64/libc.so.6: version `GLIBC_2.34' not found (required by diffstat)

Error in commit f0f318aa401f43fe41075e50722f5d703cf4f669: diffstat error: diffstat: /lib64/libc.so.6: version `GLIBC_2.33' not found (required by diffstat)
diffstat: /lib64/libc.so.6: version `GLIBC_2.34' not found (required by diffstat)

Error in commit ed0eee689800fffcf2a324d99ac4ef0c84a6f843: diffstat error: diffstat: /lib64/libc.so.6: version `GLIBC_2.33' not found (required by diffstat)
diffstat: /lib64/libc.so.6: version `GLIBC_2.34' not found (required by diffstat)

Error in commit 6accb84d8437cb915e23d83673c233f5084aad68: diffstat error: diffstat: /lib64/libc.so.6: version `GLIBC_2.33' not found (required by diffstat)
diffstat: /lib64/libc.so.6: version `GLIBC_2.34' not found (required by diffstat)

Error in commit e2020e64360a4f9beeb48f388fb74ab1c4b1f847: diffstat error: diffstat: /lib64/libc.so.6: version `GLIBC_2.33' not found (required by diffstat)
diffstat: /lib64/libc.so.6: version `GLIBC_2.34' not found (required by diffstat)

Error in commit 94b486cf3e3a231689407d9449408f171abe12f5: diffstat error: diffstat: /lib64/libc.so.6: version `GLIBC_2.33' not found (required by diffstat)
diffstat: /lib64/libc.so.6: version `GLIBC_2.34' not found (required by diffstat)

Error in commit ab1702c7af9959366a5ddc4a75b4357d4e9ebdc1: diffstat error: diffstat: /lib64/libc.so.6: version `GLIBC_2.33' not found (required by diffstat)
diffstat: /lib64/libc.so.6: version `GLIBC_2.34' not found (required by diffstat)

Error in commit 0a70f118475e037732557796accd0878a00fc25a: diffstat error: diffstat: /lib64/libc.so.6: version `GLIBC_2.33' not found (required by diffstat)
diffstat: /lib64/libc.so.6: version `GLIBC_2.34' not found (required by diffstat)

Error in commit eafe4c7a326b163612f10861392622b5da5b1792: diffstat error: diffstat: /lib64/libc.so.6: version `GLIBC_2.33' not found (required by diffstat)
diffstat: /lib64/libc.so.6: version `GLIBC_2.34' not found (required by diffstat)

Error in commit 31ed93a5623f24ca94e6d47e895ba735d9d97d46: diffstat error: diffstat: /lib64/libc.so.6: version `GLIBC_2.33' not found (required by diffstat)
diffstat: /lib64/libc.so.6: version `GLIBC_2.34' not found (required by diffstat)

Error in commit dab928cf805af69328ebfc32dbfc667891791e1f: diffstat error: diffstat: /lib64/libc.so.6: version `GLIBC_2.33' not found (required by diffstat)
diffstat: /lib64/libc.so.6: version `GLIBC_2.34' not found (required by diffstat)

Error in commit c2eecefec5df1306eafce28ccdf1ca159a552ecc: diffstat error: diffstat: /lib64/libc.so.6: version `GLIBC_2.33' not found (required by diffstat)
diffstat: /lib64/libc.so.6: version `GLIBC_2.34' not found (required by diffstat)

Error in commit 1e58dbdabfd9874e6e8af94fe3d9306c4b626a33: diffstat error: diffstat: /lib64/libc.so.6: version `GLIBC_2.33' not found (required by diffstat)
diffstat: /lib64/libc.so.6: version `GLIBC_2.34' not found (required by diffstat)

Error in commit e1dab14cf68d1e03950135969af3faf322f0db04: diffstat error: diffstat: /lib64/libc.so.6: version `GLIBC_2.33' not found (required by diffstat)
diffstat: /lib64/libc.so.6: version `GLIBC_2.34' not found (required by diffstat)

Error in commit 924cb31c53dcf60ff0cce650851dba354f383f15: diffstat error: diffstat: /lib64/libc.so.6: version `GLIBC_2.33' not found (required by diffstat)
diffstat: /lib64/libc.so.6: version `GLIBC_2.34' not found (required by diffstat)

Error in commit cd7f9fb7751b0d59d5a74b12d971155caad5a792: diffstat error: diffstat: /lib64/libc.so.6: version `GLIBC_2.33' not found (required by diffstat)
diffstat: /lib64/libc.so.6: version `GLIBC_2.34' not found (required by diffstat)

Error in commit 8c6e544fec050e4b3428d3e7d8d8354ac7ac2a34: diffstat error: diffstat: /lib64/libc.so.6: version `GLIBC_2.33' not found (required by diffstat)
diffstat: /lib64/libc.so.6: version `GLIBC_2.34' not found (required by diffstat)

Error in commit 998eadd8b51acc4bab790005eba49aef8c1a5919: diffstat error: diffstat: /lib64/libc.so.6: version `GLIBC_2.33' not found (required by diffstat)
diffstat: /lib64/libc.so.6: version `GLIBC_2.34' not found (required by diffstat)

Error in commit f5356644fd3467afa275ec2155281825b7e927a0: diffstat error: diffstat: /lib64/libc.so.6: version `GLIBC_2.33' not found (required by diffstat)
diffstat: /lib64/libc.so.6: version `GLIBC_2.34' not found (required by diffstat)

Error in commit 88cdf1f81fa1938c5bb81c5d293fc0ed0758cadc: diffstat error: diffstat: /lib64/libc.so.6: version `GLIBC_2.33' not found (required by diffstat)
diffstat: /lib64/libc.so.6: version `GLIBC_2.34' not found (required by diffstat)

Error in commit 0949146a9b097994e3ac42a5409ef71bff2adffb: diffstat error: diffstat: /lib64/libc.so.6: version `GLIBC_2.33' not found (required by diffstat)
diffstat: /lib64/libc.so.6: version `GLIBC_2.34' not found (required by diffstat)

Error in commit bf6b45244992e2ee543c258e519489659c99fb7f: diffstat error: diffstat: /lib64/libc.so.6: version `GLIBC_2.33' not found (required by diffstat)
diffstat: /lib64/libc.so.6: version `GLIBC_2.34' not found (required by diffstat)

Error in commit 37e64539cd29fcfb814c4451152a60f5d107b0f0: diffstat error: diffstat: /lib64/libc.so.6: version `GLIBC_2.33' not found (required by diffstat)
diffstat: /lib64/libc.so.6: version `GLIBC_2.34' not found (required by diffstat)

Error in commit 724fa568435dae45ef0c3a48b2aabde052afae88: diffstat error: diffstat: /lib64/libc.so.6: version `GLIBC_2.33' not found (required by diffstat)
diffstat: /lib64/libc.so.6: version `GLIBC_2.34' not found (required by diffstat)

Error in commit 2c2b6dfcaf8050b295e37fc25c070c6dadee9ee4: diffstat error: diffstat: /lib64/libc.so.6: version `GLIBC_2.33' not found (required by diffstat)
diffstat: /lib64/libc.so.6: version `GLIBC_2.34' not found (required by diffstat)

Error in commit a659daf63d16aa883be42f3f34ff84235c302198: diffstat error: diffstat: /lib64/libc.so.6: version `GLIBC_2.33' not found (required by diffstat)
diffstat: /lib64/libc.so.6: version `GLIBC_2.34' not found (required by diffstat)

Error in commit 39ec7eaf1428e90c37787e5b3fbd68ebd3c48860: diffstat error: diffstat: /lib64/libc.so.6: version `GLIBC_2.33' not found (required by diffstat)
diffstat: /lib64/libc.so.6: version `GLIBC_2.34' not found (required by diffstat)

Error in commit b1a2cd50c0357f243b7435a732b4e62ba3157a2e: diffstat error: diffstat: /lib64/libc.so.6: version `GLIBC_2.33' not found (required by diffstat)
diffstat: /lib64/libc.so.6: version `GLIBC_2.34' not found (required by diffstat)

Error in commit 22c1bd191f0acbf11f0c0fbea1845d9bf9dcd47e: SHA b'22c1bd191f0acbf11f0c0fbea1845d9bf9dcd47e' could not be resolved, git returned: b'22c1bd191f0acbf11f0c0fbea1845d9bf9dcd47e missing'
Error in commit 1d42157438866e90c767c84c9902f5ec61c93e33: SHA b'1d42157438866e90c767c84c9902f5ec61c93e33' could not be resolved, git returned: b'1d42157438866e90c767c84c9902f5ec61c93e33 missing'
Error in commit dd51caea1d8dadc10996c567e09ed365c14906d8: diffstat error: diffstat: /lib64/libc.so.6: version `GLIBC_2.33' not found (required by diffstat)
diffstat: /lib64/libc.so.6: version `GLIBC_2.34' not found (required by diffstat)

Error in commit a2206034d9f15bb9176352c8f45e119f5669a96d: diffstat error: diffstat: /lib64/libc.so.6: version `GLIBC_2.33' not found (required by diffstat)
diffstat: /lib64/libc.so.6: version `GLIBC_2.34' not found (required by diffstat)

Error in commit fa7921c8259539b750f7e9e7bcd82aa72020826a: diffstat error: diffstat: /lib64/libc.so.6: version `GLIBC_2.33' not found (required by diffstat)
diffstat: /lib64/libc.so.6: version `GLIBC_2.34' not found (required by diffstat)

Error in commit 516c6b9aceb43782a35b3f68010eff44bad39ec8: diffstat error: diffstat: /lib64/libc.so.6: version `GLIBC_2.33' not found (required by diffstat)
diffstat: /lib64/libc.so.6: version `GLIBC_2.34' not found (required by diffstat)

Error in commit 9a919d478f4d6a544bd76db1ba4e719e8048dfb6: diffstat error: diffstat: /lib64/libc.so.6: version `GLIBC_2.33' not found (required by diffstat)
diffstat: /lib64/libc.so.6: version `GLIBC_2.34' not found (required by diffstat)

Error in commit c16100f60907a2de92bcb676f303b81facee0f64: diffstat error: diffstat: /lib64/libc.so.6: version `GLIBC_2.33' not found (required by diffstat)
diffstat: /lib64/libc.so.6: version `GLIBC_2.34' not found (required by diffstat)

Error in commit 72c491909a682cd333137aad7d37f62d7aad58c2: diffstat error: diffstat: /lib64/libc.so.6: version `GLIBC_2.33' not found (required by diffstat)
diffstat: /lib64/libc.so.6: version `GLIBC_2.34' not found (required by diffstat)

Error in commit aa3792f9287017523098959d73ad0c5d45e877ac: diffstat error: diffstat: /lib64/libc.so.6: version `GLIBC_2.33' not found (required by diffstat)
diffstat: /lib64/libc.so.6: version `GLIBC_2.34' not found (required by diffstat)

Error in commit d8b4b5822f51e2142b731b42c81e3f03eec475b2: diffstat error: diffstat: /lib64/libc.so.6: version `GLIBC_2.33' not found (required by diffstat)
diffstat: /lib64/libc.so.6: version `GLIBC_2.34' not found (required by diffstat)

Error in commit de10689433c292ee5eac5bb20a327b9c1d8b71f9: diffstat error: diffstat: /lib64/libc.so.6: version `GLIBC_2.33' not found (required by diffstat)
diffstat: /lib64/libc.so.6: version `GLIBC_2.34' not found (required by diffstat)

Error in commit f261257ab26802cf3cab7303a76db2fb729e1d01: diffstat error: diffstat: /lib64/libc.so.6: version `GLIBC_2.33' not found (required by diffstat)
diffstat: /lib64/libc.so.6: version `GLIBC_2.34' not found (required by diffstat)

Error in commit f2c3931113eaafe9ef558faaddd48e00a6606235: diffstat error: diffstat: /lib64/libc.so.6: version `GLIBC_2.33' not found (required by diffstat)
diffstat: /lib64/libc.so.6: version `GLIBC_2.34' not found (required by diffstat)

Error in commit 41d0eae481f538956b1f1fbadfb535043454061f: diffstat error: diffstat: /lib64/libc.so.6: version `GLIBC_2.33' not found (required by diffstat)
diffstat: /lib64/libc.so.6: version `GLIBC_2.34' not found (required by diffstat)

Error in commit e038aba22a93239e1c59b708dbc9a1f994d26ff5: diffstat error: diffstat: /lib64/libc.so.6: version `GLIBC_2.33' not found (required by diffstat)
diffstat: /lib64/libc.so.6: version `GLIBC_2.34' not found (required by diffstat)

Error in commit f25cc45a638e5bedcc58ebaeea59b0a1e526c98c: diffstat error: diffstat: /lib64/libc.so.6: version `GLIBC_2.33' not found (required by diffstat)
diffstat: /lib64/libc.so.6: version `GLIBC_2.34' not found (required by diffstat)

Error in commit 8b68416428742aa440d27dd4337636ed89d8ecc2: diffstat error: diffstat: /lib64/libc.so.6: version `GLIBC_2.33' not found (required by diffstat)
diffstat: /lib64/libc.so.6: version `GLIBC_2.34' not found (required by diffstat)

Error in commit 1fce5bea817de50e055a84c153a975f25bfcf493: diffstat error: diffstat: /lib64/libc.so.6: version `GLIBC_2.33' not found (required by diffstat)
diffstat: /lib64/libc.so.6: version `GLIBC_2.34' not found (required by diffstat)

Error in commit b86449360131e7cf5619594bfd0c5744b09b604f: diffstat error: diffstat: /lib64/libc.so.6: version `GLIBC_2.33' not found (required by diffstat)
diffstat: /lib64/libc.so.6: version `GLIBC_2.34' not found (required by diffstat)

Error in commit 79a8eaf26070e02044afc4b2ffbfe777dfdf3e0b: diffstat error: diffstat: /lib64/libc.so.6: version `GLIBC_2.33' not found (required by diffstat)
diffstat: /lib64/libc.so.6: version `GLIBC_2.34' not found (required by diffstat)

Error in commit 61534daa99a21e9b41ccd659cabeb9f2a5cc1293: diffstat error: diffstat: /lib64/libc.so.6: version `GLIBC_2.33' not found (required by diffstat)
diffstat: /lib64/libc.so.6: version `GLIBC_2.34' not found (required by diffstat)

Error in commit f70d43b99b0515a410877493f4b45804ab521560: diffstat error: diffstat: /lib64/libc.so.6: version `GLIBC_2.33' not found (required by diffstat)
diffstat: /lib64/libc.so.6: version `GLIBC_2.34' not found (required by diffstat)

Error in commit c7e9951795db9efe67e0fe49a411c3e882c4338a: diffstat error: diffstat: /lib64/libc.so.6: version `GLIBC_2.33' not found (required by diffstat)
diffstat: /lib64/libc.so.6: version `GLIBC_2.34' not found (required by diffstat)

Error in commit d6268ea91c519a13e297931f0b5be8c17f56bcd6: diffstat error: diffstat: /lib64/libc.so.6: version `GLIBC_2.33' not found (required by diffstat)
diffstat: /lib64/libc.so.6: version `GLIBC_2.34' not found (required by diffstat)

Error in commit 95f634808c01f1c61bbec56ed2395af997f397ea: diffstat error: diffstat: /lib64/libc.so.6: version `GLIBC_2.33' not found (required by diffstat)
diffstat: /lib64/libc.so.6: version `GLIBC_2.34' not found (required by diffstat)

Error in commit c077786bfea510dd30c689b5baba765215c21e0b: diffstat error: diffstat: /lib64/libc.so.6: version `GLIBC_2.33' not found (required by diffstat)
diffstat: /lib64/libc.so.6: version `GLIBC_2.34' not found (required by diffstat)

Error in commit 245500d853e9f20036cec7df4f6984ece4c6bf26: diffstat error: diffstat: /lib64/libc.so.6: version `GLIBC_2.33' not found (required by diffstat)
diffstat: /lib64/libc.so.6: version `GLIBC_2.34' not found (required by diffstat)

Error in commit aefba418bfecd1985a08f50a95bd854a119f0153: diffstat error: diffstat: /lib64/libc.so.6: version `GLIBC_2.33' not found (required by diffstat)
diffstat: /lib64/libc.so.6: version `GLIBC_2.34' not found (required by diffstat)

Error in commit 00977a59b951207d38380c75f03a36829950265c: diffstat error: diffstat: /lib64/libc.so.6: version `GLIBC_2.33' not found (required by diffstat)
diffstat: /lib64/libc.so.6: version `GLIBC_2.34' not found (required by diffstat)

Error in commit 9c472dd9197429a37691e91c938660a062bf20b0: diffstat error: diffstat: /lib64/libc.so.6: version `GLIBC_2.33' not found (required by diffstat)
diffstat: /lib64/libc.so.6: version `GLIBC_2.34' not found (required by diffstat)

Error in commit 9be22b639ea69e102d3847dca4c53ef025e9527b: diffstat error: diffstat: /lib64/libc.so.6: version `GLIBC_2.33' not found (required by diffstat)
diffstat: /lib64/libc.so.6: version `GLIBC_2.34' not found (required by diffstat)

Error in commit aa863b5e8206ab767c150a9941c8aa50ae9bb1d6: diffstat error: diffstat: /lib64/libc.so.6: version `GLIBC_2.33' not found (required by diffstat)
diffstat: /lib64/libc.so.6: version `GLIBC_2.34' not found (required by diffstat)

Error in commit a2aa4074e90b63adc5d8d06679dc567de36f74cd: diffstat error: diffstat: /lib64/libc.so.6: version `GLIBC_2.33' not found (required by diffstat)
diffstat: /lib64/libc.so.6: version `GLIBC_2.34' not found (required by diffstat)

Error in commit 038689b8c0bbe0a6ab8b8a7709ec199141687830: diffstat error: diffstat: /lib64/libc.so.6: version `GLIBC_2.33' not found (required by diffstat)
diffstat: /lib64/libc.so.6: version `GLIBC_2.34' not found (required by diffstat)

Error in commit 8d3649841597bedfb6986c30431ebad0eb215265: diffstat error: diffstat: /lib64/libc.so.6: version `GLIBC_2.33' not found (required by diffstat)
diffstat: /lib64/libc.so.6: version `GLIBC_2.34' not found (required by diffstat)

Error in commit 19d2ae67d823ec395812afe057d732861bb21634: diffstat error: diffstat: /lib64/libc.so.6: version `GLIBC_2.33' not found (required by diffstat)
diffstat: /lib64/libc.so.6: version `GLIBC_2.34' not found (required by diffstat)

Error in commit 7364f96f19f87ea9317ca65541a8f154e2e839ff: diffstat error: diffstat: /lib64/libc.so.6: version `GLIBC_2.33' not found (required by diffstat)
diffstat: /lib64/libc.so.6: version `GLIBC_2.34' not found (required by diffstat)

Error in commit 9fc54edf54f7caea1189c2b979337ed37af2c60e: diffstat error: diffstat: /lib64/libc.so.6: version `GLIBC_2.33' not found (required by diffstat)
diffstat: /lib64/libc.so.6: version `GLIBC_2.34' not found (required by diffstat)

Error in commit 47c29d69212911f50bdcdd0564b5999a559010d4: diffstat error: diffstat: /lib64/libc.so.6: version `GLIBC_2.33' not found (required by diffstat)
diffstat: /lib64/libc.so.6: version `GLIBC_2.34' not found (required by diffstat)

Error in commit c40cf78994e74a1a3a381a850c996b251e3277c0: diffstat error: diffstat: /lib64/libc.so.6: version `GLIBC_2.33' not found (required by diffstat)
diffstat: /lib64/libc.so.6: version `GLIBC_2.34' not found (required by diffstat)

Error in commit dbc00c500f4c4830049cc040a61c439c580eea73: diffstat error: diffstat: /lib64/libc.so.6: version `GLIBC_2.33' not found (required by diffstat)
diffstat: /lib64/libc.so.6: version `GLIBC_2.34' not found (required by diffstat)

Error in commit f77c27506ae17e8f673b627fc4949911fe9f0806: diffstat error: diffstat: /lib64/libc.so.6: version `GLIBC_2.33' not found (required by diffstat)
diffstat: /lib64/libc.so.6: version `GLIBC_2.34' not found (required by diffstat)

Error in commit 95406c3ca4c1fa8107bae6bbcb063ca620b7f96f: diffstat error: diffstat: /lib64/libc.so.6: version `GLIBC_2.33' not found (required by diffstat)
diffstat: /lib64/libc.so.6: version `GLIBC_2.34' not found (required by diffstat)

Error in commit 64201a26476c12a7dbd7ffb5757743af6954db96: diffstat error: diffstat: /lib64/libc.so.6: version `GLIBC_2.33' not found (required by diffstat)
diffstat: /lib64/libc.so.6: version `GLIBC_2.34' not found (required by diffstat)

Error in commit 7ef066a3bb95bf83e7c5be50d859e62e58fe8515: diffstat error: diffstat: /lib64/libc.so.6: version `GLIBC_2.33' not found (required by diffstat)
diffstat: /lib64/libc.so.6: version `GLIBC_2.34' not found (required by diffstat)

Error in commit 9e6b197ce269253a7b38ee8a3c77096202159ce7: diffstat error: diffstat: /lib64/libc.so.6: version `GLIBC_2.33' not found (required by diffstat)
diffstat: /lib64/libc.so.6: version `GLIBC_2.34' not found (required by diffstat)

Error in commit 8dbbed10870378f1b2c3cf3df2ea7edca7617096: diffstat error: diffstat: /lib64/libc.so.6: version `GLIBC_2.33' not found (required by diffstat)
diffstat: /lib64/libc.so.6: version `GLIBC_2.34' not found (required by diffstat)

Error in commit 1d10eb2f156f5fc83cf6c7ce60441592e66eadb3: diffstat error: diffstat: /lib64/libc.so.6: version `GLIBC_2.33' not found (required by diffstat)
diffstat: /lib64/libc.so.6: version `GLIBC_2.34' not found (required by diffstat)

Error in commit 65448811e5b9582a19cf631e03cfcaa025a92ef5: diffstat error: diffstat: /lib64/libc.so.6: version `GLIBC_2.33' not found (required by diffstat)
diffstat: /lib64/libc.so.6: version `GLIBC_2.34' not found (required by diffstat)

Error in commit 027cd9b7274988bb1af866539ba6c2fa2ff63e45: diffstat error: diffstat: /lib64/libc.so.6: version `GLIBC_2.33' not found (required by diffstat)
diffstat: /lib64/libc.so.6: version `GLIBC_2.34' not found (required by diffstat)

Error in commit 6b319c8c7a29e9c353dec83dc92f01905f6c8966: diffstat error: diffstat: /lib64/libc.so.6: version `GLIBC_2.33' not found (required by diffstat)
diffstat: /lib64/libc.so.6: version `GLIBC_2.34' not found (required by diffstat)

Error in commit c9607c6ddbcb21f080522f776acc5f80a4a00de3: diffstat error: diffstat: /lib64/libc.so.6: version `GLIBC_2.33' not found (required by diffstat)
diffstat: /lib64/libc.so.6: version `GLIBC_2.34' not found (required by diffstat)

Error in commit 51d016750e704b27ab8ace23c0f72acabca67018: diffstat error: diffstat: /lib64/libc.so.6: version `GLIBC_2.33' not found (required by diffstat)
diffstat: /lib64/libc.so.6: version `GLIBC_2.34' not found (required by diffstat)

Error in commit df9b6cea0273712202273daac681576fbd2d1365: diffstat error: diffstat: /lib64/libc.so.6: version `GLIBC_2.33' not found (required by diffstat)
diffstat: /lib64/libc.so.6: version `GLIBC_2.34' not found (required by diffstat)

Error in commit 16141a30f983dd6f7a6e5b0356084171942c9416: diffstat error: diffstat: /lib64/libc.so.6: version `GLIBC_2.33' not found (required by diffstat)
diffstat: /lib64/libc.so.6: version `GLIBC_2.34' not found (required by diffstat)

Error in commit 669265d0210bdb45fff1c244a013d1aeedad36c0: diffstat error: diffstat: /lib64/libc.so.6: version `GLIBC_2.33' not found (required by diffstat)
diffstat: /lib64/libc.so.6: version `GLIBC_2.34' not found (required by diffstat)

Error in commit 882f3098b37baec745a2f18ecd8e6646ec0ec292: diffstat error: diffstat: /lib64/libc.so.6: version `GLIBC_2.33' not found (required by diffstat)
diffstat: /lib64/libc.so.6: version `GLIBC_2.34' not found (required by diffstat)

Error in commit 1112e2fffbae82f98af1ed21faa0332cb9d59c3e: diffstat error: diffstat: /lib64/libc.so.6: version `GLIBC_2.33' not found (required by diffstat)
diffstat: /lib64/libc.so.6: version `GLIBC_2.34' not found (required by diffstat)

Error in commit 6bea9f7b32f983ea02a592d33dca2d1da4e67655: diffstat error: diffstat: /lib64/libc.so.6: version `GLIBC_2.33' not found (required by diffstat)
diffstat: /lib64/libc.so.6: version `GLIBC_2.34' not found (required by diffstat)

Error in commit e789ada3f9c0e021452d6d933b284388a1e0f88f: diffstat error: diffstat: /lib64/libc.so.6: version `GLIBC_2.33' not found (required by diffstat)
diffstat: /lib64/libc.so.6: version `GLIBC_2.34' not found (required by diffstat)

Error in commit 34789f62982fd82b82b1147bd101dc9065fb5420: diffstat error: diffstat: /lib64/libc.so.6: version `GLIBC_2.33' not found (required by diffstat)
diffstat: /lib64/libc.so.6: version `GLIBC_2.34' not found (required by diffstat)

Error in commit 8e858f90f36e5f00f63fe2f386e50a2f2a446872: diffstat error: diffstat: /lib64/libc.so.6: version `GLIBC_2.33' not found (required by diffstat)
diffstat: /lib64/libc.so.6: version `GLIBC_2.34' not found (required by diffstat)

Error in commit 768d612f79822d30a1e7d132a4d4b05337ce42ec: diffstat error: diffstat: /lib64/libc.so.6: version `GLIBC_2.33' not found (required by diffstat)
diffstat: /lib64/libc.so.6: version `GLIBC_2.34' not found (required by diffstat)

Error in commit 39a19cb77dd290852f7ebeef8ce8e2143101a3e8: diffstat error: diffstat: /lib64/libc.so.6: version `GLIBC_2.33' not found (required by diffstat)
diffstat: /lib64/libc.so.6: version `GLIBC_2.34' not found (required by diffstat)

Error in commit 2327e7c0fddaec48923a094e96c3147a86ada9b2: diffstat error: diffstat: /lib64/libc.so.6: version `GLIBC_2.33' not found (required by diffstat)
diffstat: /lib64/libc.so.6: version `GLIBC_2.34' not found (required by diffstat)

Error in commit d7443679182a851d63fc2d3b8c5ded4840059efa: diffstat error: diffstat: /lib64/libc.so.6: version `GLIBC_2.33' not found (required by diffstat)
diffstat: /lib64/libc.so.6: version `GLIBC_2.34' not found (required by diffstat)

Error in commit 4565747056a11356210ed8edcecb920105e40b60: diffstat error: diffstat: /lib64/libc.so.6: version `GLIBC_2.33' not found (required by diffstat)
diffstat: /lib64/libc.so.6: version `GLIBC_2.34' not found (required by diffstat)

Error in commit 7347b44224d707f44a6f9a90b6a9e714b5d35b0d: diffstat error: diffstat: /lib64/libc.so.6: version `GLIBC_2.33' not found (required by diffstat)
diffstat: /lib64/libc.so.6: version `GLIBC_2.34' not found (required by diffstat)

Error in commit e36b4a1b0bafa53df47514c419d5be3e8916ebc7: diffstat error: diffstat: /lib64/libc.so.6: version `GLIBC_2.33' not found (required by diffstat)
diffstat: /lib64/libc.so.6: version `GLIBC_2.34' not found (required by diffstat)

Error in commit 6ed9f249aaa28137e5920ee54df9a8b7873fa1f0: diffstat error: diffstat: /lib64/libc.so.6: version `GLIBC_2.33' not found (required by diffstat)
diffstat: /lib64/libc.so.6: version `GLIBC_2.34' not found (required by diffstat)

Error in commit a1741b2d00f7625b1c779a12f156a0e22071949b: diffstat error: diffstat: /lib64/libc.so.6: version `GLIBC_2.33' not found (required by diffstat)
diffstat: /lib64/libc.so.6: version `GLIBC_2.34' not found (required by diffstat)

Error in commit ad787a920ccb9dacf5b01d52bce36ac14a5ecd89: SHA b'ad787a920ccb9dacf5b01d52bce36ac14a5ecd89' could not be resolved, git returned: b'ad787a920ccb9dacf5b01d52bce36ac14a5ecd89 missing'
Error in commit 7663ae7b27d64208910307f18a686197f22faf4c: diffstat error: diffstat: /lib64/libc.so.6: version `GLIBC_2.33' not found (required by diffstat)
diffstat: /lib64/libc.so.6: version `GLIBC_2.34' not found (required by diffstat)

Error in commit 4540a7525edcb541cba52b6cab06314dc51a910a: diffstat error: diffstat: /lib64/libc.so.6: version `GLIBC_2.33' not found (required by diffstat)
diffstat: /lib64/libc.so.6: version `GLIBC_2.34' not found (required by diffstat)

Error in commit 3354d27a1739b364398038a2675cbc2612afdf20: diffstat error: diffstat: /lib64/libc.so.6: version `GLIBC_2.33' not found (required by diffstat)
diffstat: /lib64/libc.so.6: version `GLIBC_2.34' not found (required by diffstat)

Error in commit 81b45e20d02d79af7b900e2710310976dfe950f0: diffstat error: diffstat: /lib64/libc.so.6: version `GLIBC_2.33' not found (required by diffstat)
diffstat: /lib64/libc.so.6: version `GLIBC_2.34' not found (required by diffstat)

Error in commit 6fa88eacb429b6703ec708fc17e4d9411951f2cd: diffstat error: diffstat: /lib64/libc.so.6: version `GLIBC_2.33' not found (required by diffstat)
diffstat: /lib64/libc.so.6: version `GLIBC_2.34' not found (required by diffstat)

Error in commit f4291fd62f7dfe6460d2406a979ccfac0c68dd59: diffstat error: diffstat: /lib64/libc.so.6: version `GLIBC_2.33' not found (required by diffstat)
diffstat: /lib64/libc.so.6: version `GLIBC_2.34' not found (required by diffstat)

Error in commit 1f55d2e12f62cfdfbf9da6968fde2f928982670b: diffstat error: diffstat: /lib64/libc.so.6: version `GLIBC_2.33' not found (required by diffstat)
diffstat: /lib64/libc.so.6: version `GLIBC_2.34' not found (required by diffstat)

Error in commit 8c6cc302d0669c273e80752c275249d022d12634: diffstat error: diffstat: /lib64/libc.so.6: version `GLIBC_2.33' not found (required by diffstat)
diffstat: /lib64/libc.so.6: version `GLIBC_2.34' not found (required by diffstat)

Error in commit 08e50cf071847323414df0835109b6f3560d44f5: diffstat error: diffstat: /lib64/libc.so.6: version `GLIBC_2.33' not found (required by diffstat)
diffstat: /lib64/libc.so.6: version `GLIBC_2.34' not found (required by diffstat)

Error in commit 70438138096a47b2505ac55634cd94947ce378b6: diffstat error: diffstat: /lib64/libc.so.6: version `GLIBC_2.33' not found (required by diffstat)
diffstat: /lib64/libc.so.6: version `GLIBC_2.34' not found (required by diffstat)

Error in commit b67a3fc250cd9f74fde744d400d7c6857ea80dea: diffstat error: diffstat: /lib64/libc.so.6: version `GLIBC_2.33' not found (required by diffstat)
diffstat: /lib64/libc.so.6: version `GLIBC_2.34' not found (required by diffstat)

Error in commit bdf063d509a2fed80d04411231ab4ecaf6e0b3f4: diffstat error: diffstat: /lib64/libc.so.6: version `GLIBC_2.33' not found (required by diffstat)
diffstat: /lib64/libc.so.6: version `GLIBC_2.34' not found (required by diffstat)

Error in commit 6812b53d4d0abbf18a39334e870bf044038c42f6: diffstat error: diffstat: /lib64/libc.so.6: version `GLIBC_2.33' not found (required by diffstat)
diffstat: /lib64/libc.so.6: version `GLIBC_2.34' not found (required by diffstat)

Error in commit 3672cdbcd4321e44faff65dc891a49e0282ac7f9: diffstat error: diffstat: /lib64/libc.so.6: version `GLIBC_2.33' not found (required by diffstat)
diffstat: /lib64/libc.so.6: version `GLIBC_2.34' not found (required by diffstat)

Error in commit 1422b18a996e76aa67c08cf2c67b0b9b84d9c1b7: diffstat error: diffstat: /lib64/libc.so.6: version `GLIBC_2.33' not found (required by diffstat)
diffstat: /lib64/libc.so.6: version `GLIBC_2.34' not found (required by diffstat)

Error in commit 20ac301d801cdf01b3f021cca08a22a87f477c4a: diffstat error: diffstat: /lib64/libc.so.6: version `GLIBC_2.33' not found (required by diffstat)
diffstat: /lib64/libc.so.6: version `GLIBC_2.34' not found (required by diffstat)

Error in commit cd731fcaf42e5f7078c9be643bfa0cee2ad53e8f: diffstat error: diffstat: /lib64/libc.so.6: version `GLIBC_2.33' not found (required by diffstat)
diffstat: /lib64/libc.so.6: version `GLIBC_2.34' not found (required by diffstat)

Error in commit 266cca0d1b4ac94d87fe8805f57f86186aadd21a: diffstat error: diffstat: /lib64/libc.so.6: version `GLIBC_2.33' not found (required by diffstat)
diffstat: /lib64/libc.so.6: version `GLIBC_2.34' not found (required by diffstat)

Error in commit 7c7f61ca6259ca73fb9e580e1f704120458d0fcd: diffstat error: diffstat: /lib64/libc.so.6: version `GLIBC_2.33' not found (required by diffstat)
diffstat: /lib64/libc.so.6: version `GLIBC_2.34' not found (required by diffstat)

Error in commit e9d7083e241670332e0443da0f0d4ffb52829f08: diffstat error: diffstat: /lib64/libc.so.6: version `GLIBC_2.33' not found (required by diffstat)
diffstat: /lib64/libc.so.6: version `GLIBC_2.34' not found (required by diffstat)

Error in commit 7d6e7a4e559bdf0346687f7f404412e2412ea6fb: diffstat error: diffstat: /lib64/libc.so.6: version `GLIBC_2.33' not found (required by diffstat)
diffstat: /lib64/libc.so.6: version `GLIBC_2.34' not found (required by diffstat)

Error in commit f14eee844d47bcd0429e5b6c31e3a51d54dd13ae: diffstat error: diffstat: /lib64/libc.so.6: version `GLIBC_2.33' not found (required by diffstat)
diffstat: /lib64/libc.so.6: version `GLIBC_2.34' not found (required by diffstat)

Error in commit 1e110d0a71db46571040b937e17a4bc9f91d6de9: diffstat error: diffstat: /lib64/libc.so.6: version `GLIBC_2.33' not found (required by diffstat)
diffstat: /lib64/libc.so.6: version `GLIBC_2.34' not found (required by diffstat)

Error in commit 02a06681fbe0e039b1c7a9215257a7537eddb518: diffstat error: diffstat: /lib64/libc.so.6: version `GLIBC_2.33' not found (required by diffstat)
diffstat: /lib64/libc.so.6: version `GLIBC_2.34' not found (required by diffstat)

Error in commit cb7a48f84aeb30251caae909901555dffa4e9fcb: diffstat error: diffstat: /lib64/libc.so.6: version `GLIBC_2.33' not found (required by diffstat)
diffstat: /lib64/libc.so.6: version `GLIBC_2.34' not found (required by diffstat)

Error in commit 9d5c4273cb7e5ca65f195f7361f0d848c85180e0: diffstat error: diffstat: /lib64/libc.so.6: version `GLIBC_2.33' not found (required by diffstat)
diffstat: /lib64/libc.so.6: version `GLIBC_2.34' not found (required by diffstat)

Error in commit 3477469b669708ff547037fda9fc2817870428aa: diffstat error: diffstat: /lib64/libc.so.6: version `GLIBC_2.33' not found (required by diffstat)
diffstat: /lib64/libc.so.6: version `GLIBC_2.34' not found (required by diffstat)

Error in commit ff5236f3e01ee6984bc78eaacc7d84e08c321266: diffstat error: diffstat: /lib64/libc.so.6: version `GLIBC_2.33' not found (required by diffstat)
diffstat: /lib64/libc.so.6: version `GLIBC_2.34' not found (required by diffstat)

Error in commit c7b90298984c46d820d3cee79a96d24870b5f200: diffstat error: diffstat: /lib64/libc.so.6: version `GLIBC_2.33' not found (required by diffstat)
diffstat: /lib64/libc.so.6: version `GLIBC_2.34' not found (required by diffstat)

Error in commit 8a633ee5b9ecd9d38a587ac9b204e2380713b0d6: diffstat error: diffstat: /lib64/libc.so.6: version `GLIBC_2.33' not found (required by diffstat)
diffstat: /lib64/libc.so.6: version `GLIBC_2.34' not found (required by diffstat)

Error in commit acfbb9febd024475bdcb4ebbe2ec8c0e9a652275: diffstat error: diffstat: /lib64/libc.so.6: version `GLIBC_2.33' not found (required by diffstat)
diffstat: /lib64/libc.so.6: version `GLIBC_2.34' not found (required by diffstat)

Error in commit dcdcc43dad0e1124a69e20fb6d008c7ffaf0e42a: diffstat error: diffstat: /lib64/libc.so.6: version `GLIBC_2.33' not found (required by diffstat)
diffstat: /lib64/libc.so.6: version `GLIBC_2.34' not found (required by diffstat)

Error in commit 0b5e467b8728b3ed56e1a8ee5b367ce78e7e6e5d: diffstat error: diffstat: /lib64/libc.so.6: version `GLIBC_2.33' not found (required by diffstat)
diffstat: /lib64/libc.so.6: version `GLIBC_2.34' not found (required by diffstat)

Error in commit 5db358d4d78aea7204a8f22c5bf2a309267ee038: diffstat error: diffstat: /lib64/libc.so.6: version `GLIBC_2.33' not found (required by diffstat)
diffstat: /lib64/libc.so.6: version `GLIBC_2.34' not found (required by diffstat)

Error in commit f44b6a0e9ad867ee95479891b7546661b653bb78: diffstat error: diffstat: /lib64/libc.so.6: version `GLIBC_2.33' not found (required by diffstat)
diffstat: /lib64/libc.so.6: version `GLIBC_2.34' not found (required by diffstat)

Error in commit e8810de21be80148562b7e0168b0a62aeedffde6: diffstat error: diffstat: /lib64/libc.so.6: version `GLIBC_2.33' not found (required by diffstat)
diffstat: /lib64/libc.so.6: version `GLIBC_2.34' not found (required by diffstat)

Error in commit 370cec5edd3ce62541de58fd0d3359c8b6f89fd5: diffstat error: diffstat: /lib64/libc.so.6: version `GLIBC_2.33' not found (required by diffstat)
diffstat: /lib64/libc.so.6: version `GLIBC_2.34' not found (required by diffstat)

Error in commit b5970967ca135c43b071ef58c1dce2b614a1a413: diffstat error: diffstat: /lib64/libc.so.6: version `GLIBC_2.33' not found (required by diffstat)
diffstat: /lib64/libc.so.6: version `GLIBC_2.34' not found (required by diffstat)

Error in commit a4cfe72d101138750046b531fffb9e319b729359: diffstat error: diffstat: /lib64/libc.so.6: version `GLIBC_2.33' not found (required by diffstat)
diffstat: /lib64/libc.so.6: version `GLIBC_2.34' not found (required by diffstat)

Error in commit 1dc920c8de5b7109727a21163843feecdf06a8cf: diffstat error: diffstat: /lib64/libc.so.6: version `GLIBC_2.33' not found (required by diffstat)
diffstat: /lib64/libc.so.6: version `GLIBC_2.34' not found (required by diffstat)

Error in commit fdf6723362ca51bd883295efe206cb5b1cfa5154: diffstat error: diffstat: /lib64/libc.so.6: version `GLIBC_2.33' not found (required by diffstat)
diffstat: /lib64/libc.so.6: version `GLIBC_2.34' not found (required by diffstat)

Error in commit 4da1f15b4136002fa50bc5a2bb6be458a93d6b47: diffstat error: diffstat: /lib64/libc.so.6: version `GLIBC_2.33' not found (required by diffstat)
diffstat: /lib64/libc.so.6: version `GLIBC_2.34' not found (required by diffstat)

Error in commit b3c400782a10d25cafdac4400d7e6c7487d8d1b2: diffstat error: diffstat: /lib64/libc.so.6: version `GLIBC_2.33' not found (required by diffstat)
diffstat: /lib64/libc.so.6: version `GLIBC_2.34' not found (required by diffstat)

Error in commit e738e41b5d67d46064ea368712a7b63bf5bc38d0: diffstat error: diffstat: /lib64/libc.so.6: version `GLIBC_2.33' not found (required by diffstat)
diffstat: /lib64/libc.so.6: version `GLIBC_2.34' not found (required by diffstat)

Error in commit 704f725b96aa373ee45ecfb23f6abfe8be8d9177: diffstat error: diffstat: /lib64/libc.so.6: version `GLIBC_2.33' not found (required by diffstat)
diffstat: /lib64/libc.so.6: version `GLIBC_2.34' not found (required by diffstat)

Error in commit b3f0eb0a295f58f16ba43ba99dad70d4ee5c437d: diffstat error: diffstat: /lib64/libc.so.6: version `GLIBC_2.33' not found (required by diffstat)
diffstat: /lib64/libc.so.6: version `GLIBC_2.34' not found (required by diffstat)

Error in commit 85bbc05b21678e80423815d2ef1dfe26208491ab: diffstat error: diffstat: /lib64/libc.so.6: version `GLIBC_2.33' not found (required by diffstat)
diffstat: /lib64/libc.so.6: version `GLIBC_2.34' not found (required by diffstat)

Error in commit a64692a3afd85fe048551ab89142fd5ca99a0dbd: diffstat error: diffstat: /lib64/libc.so.6: version `GLIBC_2.33' not found (required by diffstat)
diffstat: /lib64/libc.so.6: version `GLIBC_2.34' not found (required by diffstat)

Error in commit 4e78c724d47e2342aa8fde61f6b8536f662f795f: diffstat error: diffstat: /lib64/libc.so.6: version `GLIBC_2.33' not found (required by diffstat)
diffstat: /lib64/libc.so.6: version `GLIBC_2.34' not found (required by diffstat)

Error in commit 687ad0191488a067b3b3cc94f670cc21f93811e1: diffstat error: diffstat: /lib64/libc.so.6: version `GLIBC_2.33' not found (required by diffstat)
diffstat: /lib64/libc.so.6: version `GLIBC_2.34' not found (required by diffstat)

Error in commit 1bb57e940e1958e40d51f2078f50c3a96a9b2d75: diffstat error: diffstat: /lib64/libc.so.6: version `GLIBC_2.33' not found (required by diffstat)
diffstat: /lib64/libc.so.6: version `GLIBC_2.34' not found (required by diffstat)

Error in commit c4c896e1471aec3b004a693c689f60be3b17ac86: diffstat error: diffstat: /lib64/libc.so.6: version `GLIBC_2.33' not found (required by diffstat)
diffstat: /lib64/libc.so.6: version `GLIBC_2.34' not found (required by diffstat)

Error in commit 4cecb76ff86db46d2823550256c828b6597f418e: diffstat error: diffstat: /lib64/libc.so.6: version `GLIBC_2.33' not found (required by diffstat)
diffstat: /lib64/libc.so.6: version `GLIBC_2.34' not found (required by diffstat)

Error in commit d2860c655357975e7b32d84e6b45e98f0dcecd7a: diffstat error: diffstat: /lib64/libc.so.6: version `GLIBC_2.33' not found (required by diffstat)
diffstat: /lib64/libc.so.6: version `GLIBC_2.34' not found (required by diffstat)

Error in commit 77d61c6eca4d08b9b025738acf6b926cc750db23: diffstat error: diffstat: /lib64/libc.so.6: version `GLIBC_2.33' not found (required by diffstat)
diffstat: /lib64/libc.so.6: version `GLIBC_2.34' not found (required by diffstat)

Error in commit b3646a07348ffa276ea41a9dae03ddc63ea6c532: diffstat error: diffstat: /lib64/libc.so.6: version `GLIBC_2.33' not found (required by diffstat)
diffstat: /lib64/libc.so.6: version `GLIBC_2.34' not found (required by diffstat)

Error in commit 764355487ea220fdc2faf128d577d7f679b91f97: diffstat error: diffstat: /lib64/libc.so.6: version `GLIBC_2.33' not found (required by diffstat)
diffstat: /lib64/libc.so.6: version `GLIBC_2.34' not found (required by diffstat)

Error in commit 376407039c26caacc3e433437d25516ba8f3adc9: diffstat error: diffstat: /lib64/libc.so.6: version `GLIBC_2.33' not found (required by diffstat)
diffstat: /lib64/libc.so.6: version `GLIBC_2.34' not found (required by diffstat)

Error in commit 6ddc082223ef0f73717b4133fa7e648842bbfd02: diffstat error: diffstat: /lib64/libc.so.6: version `GLIBC_2.33' not found (required by diffstat)
diffstat: /lib64/libc.so.6: version `GLIBC_2.34' not found (required by diffstat)

Error in commit c0c0b649d67aa775aa9851de61aade17504be70c: diffstat error: diffstat: /lib64/libc.so.6: version `GLIBC_2.33' not found (required by diffstat)
diffstat: /lib64/libc.so.6: version `GLIBC_2.34' not found (required by diffstat)

Error in commit 8909c9ad8ff03611c9c96c9a92656213e4bb495b: diffstat error: diffstat: /lib64/libc.so.6: version `GLIBC_2.33' not found (required by diffstat)
diffstat: /lib64/libc.so.6: version `GLIBC_2.34' not found (required by diffstat)

Error in commit 07a5fa4abd8b6965d4585d3b110f89bdf5612aff: diffstat error: diffstat: /lib64/libc.so.6: version `GLIBC_2.33' not found (required by diffstat)
diffstat: /lib64/libc.so.6: version `GLIBC_2.34' not found (required by diffstat)

Error in commit c085c49920b2f900ba716b4ca1c1a55ece9872cc: diffstat error: diffstat: /lib64/libc.so.6: version `GLIBC_2.33' not found (required by diffstat)
diffstat: /lib64/libc.so.6: version `GLIBC_2.34' not found (required by diffstat)

Error in commit 38d408152a86598a50680a82fe3353b506630409: diffstat error: diffstat: /lib64/libc.so.6: version `GLIBC_2.33' not found (required by diffstat)
diffstat: /lib64/libc.so.6: version `GLIBC_2.34' not found (required by diffstat)

Error in commit c4e7f9022e506c6635a5037713c37118e23193e4: diffstat error: diffstat: /lib64/libc.so.6: version `GLIBC_2.33' not found (required by diffstat)
diffstat: /lib64/libc.so.6: version `GLIBC_2.34' not found (required by diffstat)

Error in commit 92f28d973cce45ef5823209aab3138eb45d8b349: diffstat error: diffstat: /lib64/libc.so.6: version `GLIBC_2.33' not found (required by diffstat)
diffstat: /lib64/libc.so.6: version `GLIBC_2.34' not found (required by diffstat)

Error in commit 03f02c7657f7948ab980280c54c9366f962b1474: diffstat error: diffstat: /lib64/libc.so.6: version `GLIBC_2.33' not found (required by diffstat)
diffstat: /lib64/libc.so.6: version `GLIBC_2.34' not found (required by diffstat)

Error in commit 1f067dbff3c4b94307e1a8eb72624204c807e0e8: diffstat error: diffstat: /lib64/libc.so.6: version `GLIBC_2.33' not found (required by diffstat)
diffstat: /lib64/libc.so.6: version `GLIBC_2.34' not found (required by diffstat)

Error in commit aee006c39ea2928a87a1c84303c32a3f00ca305a: diffstat error: diffstat: /lib64/libc.so.6: version `GLIBC_2.33' not found (required by diffstat)
diffstat: /lib64/libc.so.6: version `GLIBC_2.34' not found (required by diffstat)

Error in commit 7c00ffa314bf0fb0e23858bbebad33b48b6abbb9: diffstat error: diffstat: /lib64/libc.so.6: version `GLIBC_2.33' not found (required by diffstat)
diffstat: /lib64/libc.so.6: version `GLIBC_2.34' not found (required by diffstat)

Error in commit e2745807c4c3e0a590c0f69a9b655dc74ebaa03e: diffstat error: diffstat: /lib64/libc.so.6: version `GLIBC_2.33' not found (required by diffstat)
diffstat: /lib64/libc.so.6: version `GLIBC_2.34' not found (required by diffstat)

Error in commit 3a10f6b829297dae63492a8c63385044bc6953ed: diffstat error: diffstat: /lib64/libc.so.6: version `GLIBC_2.33' not found (required by diffstat)
diffstat: /lib64/libc.so.6: version `GLIBC_2.34' not found (required by diffstat)

Error in commit 5f0bbed0f5e481c13bf3423d4cb762d837b2e665: diffstat error: diffstat: /lib64/libc.so.6: version `GLIBC_2.33' not found (required by diffstat)
diffstat: /lib64/libc.so.6: version `GLIBC_2.34' not found (required by diffstat)

Error in commit f3d3342602f8bcbf37d7c46641cb9bca7618eb1c: diffstat error: diffstat: /lib64/libc.so.6: version `GLIBC_2.33' not found (required by diffstat)
diffstat: /lib64/libc.so.6: version `GLIBC_2.34' not found (required by diffstat)

Error in commit 9bd3b14042e12d84f39ea9f55731705ba516f525: diffstat error: diffstat: /lib64/libc.so.6: version `GLIBC_2.33' not found (required by diffstat)
diffstat: /lib64/libc.so.6: version `GLIBC_2.34' not found (required by diffstat)

Error in commit 3b2543ece9baa0437d3262ee191db1d4b22dcb0c: diffstat error: diffstat: /lib64/libc.so.6: version `GLIBC_2.33' not found (required by diffstat)
diffstat: /lib64/libc.so.6: version `GLIBC_2.34' not found (required by diffstat)

Error in commit 9e22ef3e4756dc6f9851ef7d2e9507a2dac68b35: diffstat error: diffstat: /lib64/libc.so.6: version `GLIBC_2.33' not found (required by diffstat)
diffstat: /lib64/libc.so.6: version `GLIBC_2.34' not found (required by diffstat)

Error in commit 95f96e7287effe2fcdfb9a5338d1a7e4f55b083b: diffstat error: diffstat: /lib64/libc.so.6: version `GLIBC_2.33' not found (required by diffstat)
diffstat: /lib64/libc.so.6: version `GLIBC_2.34' not found (required by diffstat)

Error in commit 31afdeb0ef8bdfe2716335fb5060c3b4ccbd6b7d: diffstat error: diffstat: /lib64/libc.so.6: version `GLIBC_2.33' not found (required by diffstat)
diffstat: /lib64/libc.so.6: version `GLIBC_2.34' not found (required by diffstat)

Error in commit 819cbb120eaec7e014e5abd029260db1ca8c5735: diffstat error: diffstat: /lib64/libc.so.6: version `GLIBC_2.33' not found (required by diffstat)
diffstat: /lib64/libc.so.6: version `GLIBC_2.34' not found (required by diffstat)

Error in commit dd5f03beb4f76ae65d76d8c22a8815e424fc607c: diffstat error: diffstat: /lib64/libc.so.6: version `GLIBC_2.33' not found (required by diffstat)
diffstat: /lib64/libc.so.6: version `GLIBC_2.34' not found (required by diffstat)

Error in commit 8aa9b586e42099817163aba01d925c2660c4dbbe: diffstat error: diffstat: /lib64/libc.so.6: version `GLIBC_2.33' not found (required by diffstat)
diffstat: /lib64/libc.so.6: version `GLIBC_2.34' not found (required by diffstat)

Error in commit 97e961fdbf32488b7386c9f1effa2bee97d47929: diffstat error: diffstat: /lib64/libc.so.6: version `GLIBC_2.33' not found (required by diffstat)
diffstat: /lib64/libc.so.6: version `GLIBC_2.34' not found (required by diffstat)

Error in commit dd856efafe6097a5c9104725c2bca74430423db8: diffstat error: diffstat: /lib64/libc.so.6: version `GLIBC_2.33' not found (required by diffstat)
diffstat: /lib64/libc.so.6: version `GLIBC_2.34' not found (required by diffstat)

Error in commit f2e323ec96077642d397bb1c355def536d489d16: diffstat error: diffstat: /lib64/libc.so.6: version `GLIBC_2.33' not found (required by diffstat)
diffstat: /lib64/libc.so.6: version `GLIBC_2.34' not found (required by diffstat)

Error in commit bc36ee6227517edae802bcb0da68d4f04fe1fb5e: diffstat error: diffstat: /lib64/libc.so.6: version `GLIBC_2.33' not found (required by diffstat)
diffstat: /lib64/libc.so.6: version `GLIBC_2.34' not found (required by diffstat)

Error in commit e8ff0dc9d86ca03de5b4bce1bcdfa9e4add93a95: diffstat error: diffstat: /lib64/libc.so.6: version `GLIBC_2.33' not found (required by diffstat)
diffstat: /lib64/libc.so.6: version `GLIBC_2.34' not found (required by diffstat)

Error in commit 49788fe2a128217f78a21ee4edbe6e92e988f222: diffstat error: diffstat: /lib64/libc.so.6: version `GLIBC_2.33' not found (required by diffstat)
diffstat: /lib64/libc.so.6: version `GLIBC_2.34' not found (required by diffstat)

Error in commit dadbc53d0bbde0e84c40b9f6bc5c50eb9eb7352a: diffstat error: diffstat: /lib64/libc.so.6: version `GLIBC_2.33' not found (required by diffstat)
diffstat: /lib64/libc.so.6: version `GLIBC_2.34' not found (required by diffstat)

Error in commit a3fd82105b9d149033984bf018f473140f5b94bc: diffstat error: diffstat: /lib64/libc.so.6: version `GLIBC_2.33' not found (required by diffstat)
diffstat: /lib64/libc.so.6: version `GLIBC_2.34' not found (required by diffstat)

Error in commit 1e8b33328a5407b447ff80953655a47014a6dcb9: diffstat error: diffstat: /lib64/libc.so.6: version `GLIBC_2.33' not found (required by diffstat)
diffstat: /lib64/libc.so.6: version `GLIBC_2.34' not found (required by diffstat)

Error in commit 80938332d8cf652f6b16e0788cf0ca136befe0b5: diffstat error: diffstat: /lib64/libc.so.6: version `GLIBC_2.33' not found (required by diffstat)
diffstat: /lib64/libc.so.6: version `GLIBC_2.34' not found (required by diffstat)

Error in commit 259e5e6c75a910f3b5e656151dc602f53f9d7548: diffstat error: diffstat: /lib64/libc.so.6: version `GLIBC_2.33' not found (required by diffstat)
diffstat: /lib64/libc.so.6: version `GLIBC_2.34' not found (required by diffstat)

Error in commit 79b91130a2679ea5063d49c021d97346a09eb0a5: diffstat error: diffstat: /lib64/libc.so.6: version `GLIBC_2.33' not found (required by diffstat)
diffstat: /lib64/libc.so.6: version `GLIBC_2.34' not found (required by diffstat)

Error in commit 270637abff0cdf848b910b9f96ad342e1da61c66: diffstat error: diffstat: /lib64/libc.so.6: version `GLIBC_2.33' not found (required by diffstat)
diffstat: /lib64/libc.so.6: version `GLIBC_2.34' not found (required by diffstat)

Error in commit 4cfed6b0a625593fb43876f04badc4dd99799d86: diffstat error: diffstat: /lib64/libc.so.6: version `GLIBC_2.33' not found (required by diffstat)
diffstat: /lib64/libc.so.6: version `GLIBC_2.34' not found (required by diffstat)

Error in commit d42700a31375d5c82359df63fafe03a5eaa824f6: diffstat error: diffstat: /lib64/libc.so.6: version `GLIBC_2.33' not found (required by diffstat)
diffstat: /lib64/libc.so.6: version `GLIBC_2.34' not found (required by diffstat)

Error in commit e6a46089d6f3ffe18be2d1dd421a19dee6c825f8: diffstat error: diffstat: /lib64/libc.so.6: version `GLIBC_2.33' not found (required by diffstat)
diffstat: /lib64/libc.so.6: version `GLIBC_2.34' not found (required by diffstat)

Error in commit 50ee8130fb4cd4ef1af7682a2c85dd99cb99424e: diffstat error: diffstat: /lib64/libc.so.6: version `GLIBC_2.33' not found (required by diffstat)
diffstat: /lib64/libc.so.6: version `GLIBC_2.34' not found (required by diffstat)

Error in commit 1d66c8a345b7650ce9994efe6bf07e53000442b0: diffstat error: diffstat: /lib64/libc.so.6: version `GLIBC_2.33' not found (required by diffstat)
diffstat: /lib64/libc.so.6: version `GLIBC_2.34' not found (required by diffstat)

Error in commit 23d6997d7886abe118c28254f7f73f0b19b2d4e0: diffstat error: diffstat: /lib64/libc.so.6: version `GLIBC_2.33' not found (required by diffstat)
diffstat: /lib64/libc.so.6: version `GLIBC_2.34' not found (required by diffstat)

Error in commit b06a416a5c35dd677158b9603c2ca7f826a74e1a: diffstat error: diffstat: /lib64/libc.so.6: version `GLIBC_2.33' not found (required by diffstat)
diffstat: /lib64/libc.so.6: version `GLIBC_2.34' not found (required by diffstat)

Error in commit 04b5cbdc5c41efd308f8d64e80f9d423284656ee: diffstat error: diffstat: /lib64/libc.so.6: version `GLIBC_2.33' not found (required by diffstat)
diffstat: /lib64/libc.so.6: version `GLIBC_2.34' not found (required by diffstat)

Error in commit 3db25a353582f3779614b997a4148804b2fda31a: diffstat error: diffstat: /lib64/libc.so.6: version `GLIBC_2.33' not found (required by diffstat)
diffstat: /lib64/libc.so.6: version `GLIBC_2.34' not found (required by diffstat)

Error in commit 8f6e8f5e0792ba75bd7577f369afdd8bddb2a101: diffstat error: diffstat: /lib64/libc.so.6: version `GLIBC_2.33' not found (required by diffstat)
diffstat: /lib64/libc.so.6: version `GLIBC_2.34' not found (required by diffstat)

Error in commit 1c92b4e50ef926d1e26fcc056a520e4a7d12478c: diffstat error: diffstat: /lib64/libc.so.6: version `GLIBC_2.33' not found (required by diffstat)
diffstat: /lib64/libc.so.6: version `GLIBC_2.34' not found (required by diffstat)

Error in commit 635682a14427d241bab7bbdeebb48a7d7b91638e: diffstat error: diffstat: /lib64/libc.so.6: version `GLIBC_2.33' not found (required by diffstat)
diffstat: /lib64/libc.so.6: version `GLIBC_2.34' not found (required by diffstat)

Error in commit 146e4b3c8b92071b18f0b2e6f47165bad4f9e825: diffstat error: diffstat: /lib64/libc.so.6: version `GLIBC_2.33' not found (required by diffstat)
diffstat: /lib64/libc.so.6: version `GLIBC_2.34' not found (required by diffstat)

Error in commit 471d17148c8b4174ac5f5283a73316d12c4379bc: diffstat error: diffstat: /lib64/libc.so.6: version `GLIBC_2.33' not found (required by diffstat)
diffstat: /lib64/libc.so.6: version `GLIBC_2.34' not found (required by diffstat)

Error in commit 87129cc0e3fcd89a1db3e99d62dc710e05749f77: diffstat error: diffstat: /lib64/libc.so.6: version `GLIBC_2.33' not found (required by diffstat)
diffstat: /lib64/libc.so.6: version `GLIBC_2.34' not found (required by diffstat)

Error in commit 8b8a321ff72c785ed5e8b4cf6eda20b35d427390: diffstat error: diffstat: /lib64/libc.so.6: version `GLIBC_2.33' not found (required by diffstat)
diffstat: /lib64/libc.so.6: version `GLIBC_2.34' not found (required by diffstat)

Error in commit 834a921b9f445438ee976701f117c57a004192e6: diffstat error: diffstat: /lib64/libc.so.6: version `GLIBC_2.33' not found (required by diffstat)
diffstat: /lib64/libc.so.6: version `GLIBC_2.34' not found (required by diffstat)

Error in commit a51668c74c498e3e5702342fe5ced68afbee0756: diffstat error: diffstat: /lib64/libc.so.6: version `GLIBC_2.33' not found (required by diffstat)
diffstat: /lib64/libc.so.6: version `GLIBC_2.34' not found (required by diffstat)

Error in commit 423c9393917a9d1233fe163a45a0791da306b109: diffstat error: diffstat: /lib64/libc.so.6: version `GLIBC_2.33' not found (required by diffstat)
diffstat: /lib64/libc.so.6: version `GLIBC_2.34' not found (required by diffstat)

Error in commit 886ccd4520064408ce5876cfe00554ce52ecf4a7: diffstat error: diffstat: /lib64/libc.so.6: version `GLIBC_2.33' not found (required by diffstat)
diffstat: /lib64/libc.so.6: version `GLIBC_2.34' not found (required by diffstat)

Error in commit 5acf702fa2aa906dc44bd26edc57023344e8b77a: diffstat error: diffstat: /lib64/libc.so.6: version `GLIBC_2.33' not found (required by diffstat)
diffstat: /lib64/libc.so.6: version `GLIBC_2.34' not found (required by diffstat)

Error in commit 4ac7249ea5a0ceef9f8269f63f33cc873c3fac61: diffstat error: diffstat: /lib64/libc.so.6: version `GLIBC_2.33' not found (required by diffstat)
diffstat: /lib64/libc.so.6: version `GLIBC_2.34' not found (required by diffstat)

Error in commit 53b24b8f94cb15e38e332db82177cf3f0f4df0c5: diffstat error: diffstat: /lib64/libc.so.6: version `GLIBC_2.33' not found (required by diffstat)
diffstat: /lib64/libc.so.6: version `GLIBC_2.34' not found (required by diffstat)

Error in commit d9cfea91e97d5d19f9d69beaa844f5fe56a6adc6: diffstat error: diffstat: /lib64/libc.so.6: version `GLIBC_2.33' not found (required by diffstat)
diffstat: /lib64/libc.so.6: version `GLIBC_2.34' not found (required by diffstat)

Error in commit 747b009566f7f830c08301d48a5267017fe26f54: diffstat error: diffstat: /lib64/libc.so.6: version `GLIBC_2.33' not found (required by diffstat)
diffstat: /lib64/libc.so.6: version `GLIBC_2.34' not found (required by diffstat)

Error in commit a8bc4a0d136d7a68e8f006aec75a8e63191948c9: diffstat error: diffstat: /lib64/libc.so.6: version `GLIBC_2.33' not found (required by diffstat)
diffstat: /lib64/libc.so.6: version `GLIBC_2.34' not found (required by diffstat)

Error in commit 995deb9aef06d3b12add4321ab6d98241d6c8152: diffstat error: diffstat: /lib64/libc.so.6: version `GLIBC_2.33' not found (required by diffstat)
diffstat: /lib64/libc.so.6: version `GLIBC_2.34' not found (required by diffstat)

Error in commit 8c52ab42c11b5a7fb44bb84c954d09968e90e9e7: diffstat error: diffstat: /lib64/libc.so.6: version `GLIBC_2.33' not found (required by diffstat)
diffstat: /lib64/libc.so.6: version `GLIBC_2.34' not found (required by diffstat)

Error in commit ded89912156b1a47d940a0c954c43afbabd0c42c: diffstat error: diffstat: /lib64/libc.so.6: version `GLIBC_2.33' not found (required by diffstat)
diffstat: /lib64/libc.so.6: version `GLIBC_2.34' not found (required by diffstat)

Error in commit 9ea2aa8b7dba9e99544c4187cc298face254569f: diffstat error: diffstat: /lib64/libc.so.6: version `GLIBC_2.33' not found (required by diffstat)
diffstat: /lib64/libc.so.6: version `GLIBC_2.34' not found (required by diffstat)

Error in commit bbd6ef87c544d88c30e4b762b1b61ef267a7d279: diffstat error: diffstat: /lib64/libc.so.6: version `GLIBC_2.33' not found (required by diffstat)
diffstat: /lib64/libc.so.6: version `GLIBC_2.34' not found (required by diffstat)

Error in commit d1442d85cc30ea75f7d399474ca738e0bc96f715: diffstat error: diffstat: /lib64/libc.so.6: version `GLIBC_2.33' not found (required by diffstat)
diffstat: /lib64/libc.so.6: version `GLIBC_2.34' not found (required by diffstat)

Error in commit 940942b0a7bccda8a96c21c8c5b1d37268173038: diffstat error: diffstat: /lib64/libc.so.6: version `GLIBC_2.33' not found (required by diffstat)
diffstat: /lib64/libc.so.6: version `GLIBC_2.34' not found (required by diffstat)

Error in commit d4a400726de8e383e8a1383aa4a109f02c538939: diffstat error: diffstat: /lib64/libc.so.6: version `GLIBC_2.33' not found (required by diffstat)
diffstat: /lib64/libc.so.6: version `GLIBC_2.34' not found (required by diffstat)

Error in commit cfd50c61bb709b15ba8729d77eba68cf1376a514: diffstat error: diffstat: /lib64/libc.so.6: version `GLIBC_2.33' not found (required by diffstat)
diffstat: /lib64/libc.so.6: version `GLIBC_2.34' not found (required by diffstat)

Error in commit 98dcbbf0bf4854bf987557e55e55fff7abbf3ea9: diffstat error: diffstat: /lib64/libc.so.6: version `GLIBC_2.33' not found (required by diffstat)
diffstat: /lib64/libc.so.6: version `GLIBC_2.34' not found (required by diffstat)

Error in commit ad6b55f73a85ab960d2e5f1876f31081bb59c643: diffstat error: diffstat: /lib64/libc.so.6: version `GLIBC_2.33' not found (required by diffstat)
diffstat: /lib64/libc.so.6: version `GLIBC_2.34' not found (required by diffstat)

Error in commit a45f795c65b479b4ba107b6ccde29b896d51ee98: diffstat error: diffstat: /lib64/libc.so.6: version `GLIBC_2.33' not found (required by diffstat)
diffstat: /lib64/libc.so.6: version `GLIBC_2.34' not found (required by diffstat)

Error in commit 9bd68dea2b7f4a79aa6c35b6193e3122c8ef2db7: diffstat error: diffstat: /lib64/libc.so.6: version `GLIBC_2.33' not found (required by diffstat)
diffstat: /lib64/libc.so.6: version `GLIBC_2.34' not found (required by diffstat)

Error in commit bc5c918ea8757514de0ec0327066251a2f1ec23f: diffstat error: diffstat: /lib64/libc.so.6: version `GLIBC_2.33' not found (required by diffstat)
diffstat: /lib64/libc.so.6: version `GLIBC_2.34' not found (required by diffstat)

Error in commit 63974bd494c679e898b394a3b46500eb2685e293: diffstat error: diffstat: /lib64/libc.so.6: version `GLIBC_2.33' not found (required by diffstat)
diffstat: /lib64/libc.so.6: version `GLIBC_2.34' not found (required by diffstat)

Error in commit 7d57ca4d9a75562fa32e40766211de150f8b3ee7: diffstat error: diffstat: /lib64/libc.so.6: version `GLIBC_2.33' not found (required by diffstat)
diffstat: /lib64/libc.so.6: version `GLIBC_2.34' not found (required by diffstat)

Error in commit a5d25faa3f4b18dac737fdb35d0dd68eb0dc2156: diffstat error: diffstat: /lib64/libc.so.6: version `GLIBC_2.33' not found (required by diffstat)
diffstat: /lib64/libc.so.6: version `GLIBC_2.34' not found (required by diffstat)

Error in commit 1c8898561857d2166a2112c4ee6b3c24b9b3230e: diffstat error: diffstat: /lib64/libc.so.6: version `GLIBC_2.33' not found (required by diffstat)
diffstat: /lib64/libc.so.6: version `GLIBC_2.34' not found (required by diffstat)

Error in commit 1379851360349d6617ad32944a25ee5e2bb74fc2: diffstat error: diffstat: /lib64/libc.so.6: version `GLIBC_2.33' not found (required by diffstat)
diffstat: /lib64/libc.so.6: version `GLIBC_2.34' not found (required by diffstat)

Error in commit 34b2cef20f19c87999fff3da4071e66937db9644: diffstat error: diffstat: /lib64/libc.so.6: version `GLIBC_2.33' not found (required by diffstat)
diffstat: /lib64/libc.so.6: version `GLIBC_2.34' not found (required by diffstat)

Error in commit 32c231164b762dddefa13af5a0101032c70b50ef: diffstat error: diffstat: /lib64/libc.so.6: version `GLIBC_2.33' not found (required by diffstat)
diffstat: /lib64/libc.so.6: version `GLIBC_2.34' not found (required by diffstat)

Error in commit 16feef4340172b7dbb9cba60850e78fa6388adf1: diffstat error: diffstat: /lib64/libc.so.6: version `GLIBC_2.33' not found (required by diffstat)
diffstat: /lib64/libc.so.6: version `GLIBC_2.34' not found (required by diffstat)

Error in commit 540aca06b737cc38965b52eeceefba3d24376461: diffstat error: diffstat: /lib64/libc.so.6: version `GLIBC_2.33' not found (required by diffstat)
diffstat: /lib64/libc.so.6: version `GLIBC_2.34' not found (required by diffstat)

Error in commit 323b34963d113efb566635f43858f40cce01d5f9: diffstat error: diffstat: /lib64/libc.so.6: version `GLIBC_2.33' not found (required by diffstat)
diffstat: /lib64/libc.so.6: version `GLIBC_2.34' not found (required by diffstat)

Error in commit 8c758f5c8dadb27d5f556b9bbff2f8ac0da2c117: diffstat error: diffstat: /lib64/libc.so.6: version `GLIBC_2.33' not found (required by diffstat)
diffstat: /lib64/libc.so.6: version `GLIBC_2.34' not found (required by diffstat)

Error in commit 06bd3c36a733ac27962fea7d6f47168841376824: diffstat error: diffstat: /lib64/libc.so.6: version `GLIBC_2.33' not found (required by diffstat)
diffstat: /lib64/libc.so.6: version `GLIBC_2.34' not found (required by diffstat)

Error in commit fbafe1f63027b3e442900255f3d822fd7486cae6: diffstat error: diffstat: /lib64/libc.so.6: version `GLIBC_2.33' not found (required by diffstat)
diffstat: /lib64/libc.so.6: version `GLIBC_2.34' not found (required by diffstat)

Error in commit 20ec5739c9e84010e3f839e5c023c37535c96eb4: diffstat error: diffstat: /lib64/libc.so.6: version `GLIBC_2.33' not found (required by diffstat)
diffstat: /lib64/libc.so.6: version `GLIBC_2.34' not found (required by diffstat)

Error in commit 80408e9e24a1c10f85fd969e1853e0f192157f92: diffstat error: diffstat: /lib64/libc.so.6: version `GLIBC_2.33' not found (required by diffstat)
diffstat: /lib64/libc.so.6: version `GLIBC_2.34' not found (required by diffstat)

Error in commit 4d05a28db56225bbab5e1321d818f318e92a4657: diffstat error: diffstat: /lib64/libc.so.6: version `GLIBC_2.33' not found (required by diffstat)
diffstat: /lib64/libc.so.6: version `GLIBC_2.34' not found (required by diffstat)

Error in commit a6e544b0a88b53114bfa5a57e21b7be7a8dfc9d0: diffstat error: diffstat: /lib64/libc.so.6: version `GLIBC_2.33' not found (required by diffstat)
diffstat: /lib64/libc.so.6: version `GLIBC_2.34' not found (required by diffstat)

Error in commit 857ec6e800ec772f5a6b9f76268d189d70f000b6: diffstat error: diffstat: /lib64/libc.so.6: version `GLIBC_2.33' not found (required by diffstat)
diffstat: /lib64/libc.so.6: version `GLIBC_2.34' not found (required by diffstat)

Error in commit 0318fa8b61bd6c837641129d585f1a73c652b1e0: diffstat error: diffstat: /lib64/libc.so.6: version `GLIBC_2.33' not found (required by diffstat)
diffstat: /lib64/libc.so.6: version `GLIBC_2.34' not found (required by diffstat)

Error in commit c2ef693866beae071a24b45c49f9674af1df4028: diffstat error: diffstat: /lib64/libc.so.6: version `GLIBC_2.33' not found (required by diffstat)
diffstat: /lib64/libc.so.6: version `GLIBC_2.34' not found (required by diffstat)

Error in commit ffde45acf3348f8353fb4064a1b21683ee6b5ddf: diffstat error: diffstat: /lib64/libc.so.6: version `GLIBC_2.33' not found (required by diffstat)
diffstat: /lib64/libc.so.6: version `GLIBC_2.34' not found (required by diffstat)

Error in commit 073489bc829384eb9a027783a0b7c236fe4c2c98: diffstat error: diffstat: /lib64/libc.so.6: version `GLIBC_2.33' not found (required by diffstat)
diffstat: /lib64/libc.so.6: version `GLIBC_2.34' not found (required by diffstat)

Error in commit 9f0730bee3eb65d07b49fd468bc2f269173352fe: diffstat error: diffstat: /lib64/libc.so.6: version `GLIBC_2.33' not found (required by diffstat)
diffstat: /lib64/libc.so.6: version `GLIBC_2.34' not found (required by diffstat)

Error in commit 5338aac7b8b880b0c5e0c15e27dadc44c5559284: diffstat error: diffstat: /lib64/libc.so.6: version `GLIBC_2.33' not found (required by diffstat)
diffstat: /lib64/libc.so.6: version `GLIBC_2.34' not found (required by diffstat)

Error in commit a5370b71fe0fdecac8a10ad2e0e5545f01f95f6e: diffstat error: diffstat: /lib64/libc.so.6: version `GLIBC_2.33' not found (required by diffstat)
diffstat: /lib64/libc.so.6: version `GLIBC_2.34' not found (required by diffstat)

Error in commit 4e0187006366b895c525f88f205ae77b53722a7c: diffstat error: diffstat: /lib64/libc.so.6: version `GLIBC_2.33' not found (required by diffstat)
diffstat: /lib64/libc.so.6: version `GLIBC_2.34' not found (required by diffstat)

Error in commit 8dca25d26c7ca2caf6138267f6f17111212c156e: diffstat error: diffstat: /lib64/libc.so.6: version `GLIBC_2.33' not found (required by diffstat)
diffstat: /lib64/libc.so.6: version `GLIBC_2.34' not found (required by diffstat)

Error in commit ed28c1ba666b39581adb860bf51cdde43c84cc89: diffstat error: diffstat: /lib64/libc.so.6: version `GLIBC_2.33' not found (required by diffstat)
diffstat: /lib64/libc.so.6: version `GLIBC_2.34' not found (required by diffstat)

Error in commit 721eecbf4fe995ca94a9edec0c9843b1cc0eaaf3: diffstat error: diffstat: /lib64/libc.so.6: version `GLIBC_2.33' not found (required by diffstat)
diffstat: /lib64/libc.so.6: version `GLIBC_2.34' not found (required by diffstat)

Error in commit 6c4841c2b6c32a134f9f36e5e08857138cc12b10: diffstat error: diffstat: /lib64/libc.so.6: version `GLIBC_2.33' not found (required by diffstat)
diffstat: /lib64/libc.so.6: version `GLIBC_2.34' not found (required by diffstat)

Error in commit 628329d52474323938a03826941e166bc7c8eff4: diffstat error: diffstat: /lib64/libc.so.6: version `GLIBC_2.33' not found (required by diffstat)
diffstat: /lib64/libc.so.6: version `GLIBC_2.34' not found (required by diffstat)

Error in commit 8bd1209cfff246ce6dfae86837467a01236f9cb6: diffstat error: diffstat: /lib64/libc.so.6: version `GLIBC_2.33' not found (required by diffstat)
diffstat: /lib64/libc.so.6: version `GLIBC_2.34' not found (required by diffstat)

Error in commit 1c9e8def43a3452e7af658b340f5f4f4ecde5c38: diffstat error: diffstat: /lib64/libc.so.6: version `GLIBC_2.33' not found (required by diffstat)
diffstat: /lib64/libc.so.6: version `GLIBC_2.34' not found (required by diffstat)

Error in commit fce0b999118eb471822723c82515966046b25676: diffstat error: diffstat: /lib64/libc.so.6: version `GLIBC_2.33' not found (required by diffstat)
diffstat: /lib64/libc.so.6: version `GLIBC_2.34' not found (required by diffstat)

Error in commit eff5f53bef75c0864a5da06bb688939092b848dc: diffstat error: diffstat: /lib64/libc.so.6: version `GLIBC_2.33' not found (required by diffstat)
diffstat: /lib64/libc.so.6: version `GLIBC_2.34' not found (required by diffstat)

Error in commit 2c641c6644519d31f9141a8e1dbcf2923704cfca: diffstat error: diffstat: /lib64/libc.so.6: version `GLIBC_2.33' not found (required by diffstat)
diffstat: /lib64/libc.so.6: version `GLIBC_2.34' not found (required by diffstat)

Error in commit aee2999259fb209a8ec69174325b6d63e3d9c4a3: diffstat error: diffstat: /lib64/libc.so.6: version `GLIBC_2.33' not found (required by diffstat)
diffstat: /lib64/libc.so.6: version `GLIBC_2.34' not found (required by diffstat)

Error in commit 9996dd16bfbb080e86577295f35a95183c0442cd: diffstat error: diffstat: /lib64/libc.so.6: version `GLIBC_2.33' not found (required by diffstat)
diffstat: /lib64/libc.so.6: version `GLIBC_2.34' not found (required by diffstat)

Error in commit df41ce06dda5962b9ff1c8c3175af00005d5fc0f: diffstat error: diffstat: /lib64/libc.so.6: version `GLIBC_2.33' not found (required by diffstat)
diffstat: /lib64/libc.so.6: version `GLIBC_2.34' not found (required by diffstat)

Error in commit 4dc0e5bab12f0da9c9857dfec0612e57802af808: diffstat error: diffstat: /lib64/libc.so.6: version `GLIBC_2.33' not found (required by diffstat)
diffstat: /lib64/libc.so.6: version `GLIBC_2.34' not found (required by diffstat)

Error in commit e26576a7e9dfa8ed5f70bf7605580bbf4954b5e8: diffstat error: diffstat: /lib64/libc.so.6: version `GLIBC_2.33' not found (required by diffstat)
diffstat: /lib64/libc.so.6: version `GLIBC_2.34' not found (required by diffstat)

Error in commit 435a2ca802358a3debb6d164d2c33049131df81c: diffstat error: diffstat: /lib64/libc.so.6: version `GLIBC_2.33' not found (required by diffstat)
diffstat: /lib64/libc.so.6: version `GLIBC_2.34' not found (required by diffstat)

Error in commit e4f2fb75411b2da3d9125cd214b53e488abe583a: diffstat error: diffstat: /lib64/libc.so.6: version `GLIBC_2.33' not found (required by diffstat)
diffstat: /lib64/libc.so.6: version `GLIBC_2.34' not found (required by diffstat)

Error in commit c15471f79506830f80eca0e7fe09b8213953ab5f: diffstat error: diffstat: /lib64/libc.so.6: version `GLIBC_2.33' not found (required by diffstat)
diffstat: /lib64/libc.so.6: version `GLIBC_2.34' not found (required by diffstat)

Error in commit 0f6ceabab0a8849b47f67d727aa526c2656089ba: diffstat error: diffstat: /lib64/libc.so.6: version `GLIBC_2.33' not found (required by diffstat)
diffstat: /lib64/libc.so.6: version `GLIBC_2.34' not found (required by diffstat)

Error in commit 0048b4837affd153897ed1222283492070027aa9: diffstat error: diffstat: /lib64/libc.so.6: version `GLIBC_2.33' not found (required by diffstat)
diffstat: /lib64/libc.so.6: version `GLIBC_2.34' not found (required by diffstat)

Error in commit dfcf6f745d87143b23c446b76fc6460c65a85370: diffstat error: diffstat: /lib64/libc.so.6: version `GLIBC_2.33' not found (required by diffstat)
diffstat: /lib64/libc.so.6: version `GLIBC_2.34' not found (required by diffstat)

Error in commit e9aa1bfa80c1cecc12993dd53ec8b4f8c98ead08: diffstat error: diffstat: /lib64/libc.so.6: version `GLIBC_2.33' not found (required by diffstat)
diffstat: /lib64/libc.so.6: version `GLIBC_2.34' not found (required by diffstat)

Error in commit 0a0b98734479aa5b3c671d5190e86273372cab95: diffstat error: diffstat: /lib64/libc.so.6: version `GLIBC_2.33' not found (required by diffstat)
diffstat: /lib64/libc.so.6: version `GLIBC_2.34' not found (required by diffstat)

Error in commit 95556e27e2c1d56d9e18f5db34d6f756f3011148: diffstat error: diffstat: /lib64/libc.so.6: version `GLIBC_2.33' not found (required by diffstat)
diffstat: /lib64/libc.so.6: version `GLIBC_2.34' not found (required by diffstat)

Error in commit e6d3fd942f772f54ab6a5ca619cdaadef26b7702: diffstat error: diffstat: /lib64/libc.so.6: version `GLIBC_2.33' not found (required by diffstat)
diffstat: /lib64/libc.so.6: version `GLIBC_2.34' not found (required by diffstat)

Error in commit ed22dc22216f74c75ee7901f82649e1ff725ba50: diffstat error: diffstat: /lib64/libc.so.6: version `GLIBC_2.33' not found (required by diffstat)
diffstat: /lib64/libc.so.6: version `GLIBC_2.34' not found (required by diffstat)

Error in commit 5e6fd132ff5611b8af2d3c7506f0328858fc3de1: diffstat error: diffstat: /lib64/libc.so.6: version `GLIBC_2.33' not found (required by diffstat)
diffstat: /lib64/libc.so.6: version `GLIBC_2.34' not found (required by diffstat)

Error in commit 00e8181bd97c834fe60751b0c511d4bb97875f78: diffstat error: diffstat: /lib64/libc.so.6: version `GLIBC_2.33' not found (required by diffstat)
diffstat: /lib64/libc.so.6: version `GLIBC_2.34' not found (required by diffstat)

Error in commit bd27a9364ca274ca97f1df6d984e88a0700fb235: diffstat error: diffstat: /lib64/libc.so.6: version `GLIBC_2.33' not found (required by diffstat)
diffstat: /lib64/libc.so.6: version `GLIBC_2.34' not found (required by diffstat)

Error in commit 2aa9047486dbff12d9e040f917e5f799ed2fd78b: diffstat error: diffstat: /lib64/libc.so.6: version `GLIBC_2.33' not found (required by diffstat)
diffstat: /lib64/libc.so.6: version `GLIBC_2.34' not found (required by diffstat)

Error in commit 04d14c9b68b03e8dbc6e3003c1ee06892dd32576: diffstat error: diffstat: /lib64/libc.so.6: version `GLIBC_2.33' not found (required by diffstat)
diffstat: /lib64/libc.so.6: version `GLIBC_2.34' not found (required by diffstat)

Error in commit 9f645bcc566a1e9f921bdae7528a01ced5bc3713: diffstat error: diffstat: /lib64/libc.so.6: version `GLIBC_2.33' not found (required by diffstat)
diffstat: /lib64/libc.so.6: version `GLIBC_2.34' not found (required by diffstat)

Error in commit 0c1345028f781c5b64feeaa9719c45f9cef55fde: diffstat error: diffstat: /lib64/libc.so.6: version `GLIBC_2.33' not found (required by diffstat)
diffstat: /lib64/libc.so.6: version `GLIBC_2.34' not found (required by diffstat)

Error in commit b5b8d3db6250226a740c31a8e5f92557a99c45d3: diffstat error: diffstat: /lib64/libc.so.6: version `GLIBC_2.33' not found (required by diffstat)
diffstat: /lib64/libc.so.6: version `GLIBC_2.34' not found (required by diffstat)

Error in commit d22fef8620cdd87490754f607e7153979731c69d: diffstat error: diffstat: /lib64/libc.so.6: version `GLIBC_2.33' not found (required by diffstat)
diffstat: /lib64/libc.so.6: version `GLIBC_2.34' not found (required by diffstat)

Error in commit e27b65b3bf8defa34db58919496056caf3850cd4: diffstat error: diffstat: /lib64/libc.so.6: version `GLIBC_2.33' not found (required by diffstat)
diffstat: /lib64/libc.so.6: version `GLIBC_2.34' not found (required by diffstat)

Error in commit 3452db42d69bc2fa513dbfb3499a58f2404c465e: diffstat error: diffstat: /lib64/libc.so.6: version `GLIBC_2.33' not found (required by diffstat)
diffstat: /lib64/libc.so.6: version `GLIBC_2.34' not found (required by diffstat)

Error in commit fa3f20a10fe1eb5f8a0004e8202884b939daac28: diffstat error: diffstat: /lib64/libc.so.6: version `GLIBC_2.33' not found (required by diffstat)
diffstat: /lib64/libc.so.6: version `GLIBC_2.34' not found (required by diffstat)

Error in commit 6296f7153f0c9d5e5cd3aaf08f9731e56621bdd3: diffstat error: diffstat: /lib64/libc.so.6: version `GLIBC_2.33' not found (required by diffstat)
diffstat: /lib64/libc.so.6: version `GLIBC_2.34' not found (required by diffstat)

Error in commit 89ddff92a3853d5506287ee77cd091d20e320fb6: diffstat error: diffstat: /lib64/libc.so.6: version `GLIBC_2.33' not found (required by diffstat)
diffstat: /lib64/libc.so.6: version `GLIBC_2.34' not found (required by diffstat)

Error in commit 93c1b04abfc0dd31211a18bf2c0041d69cd16919: diffstat error: diffstat: /lib64/libc.so.6: version `GLIBC_2.33' not found (required by diffstat)
diffstat: /lib64/libc.so.6: version `GLIBC_2.34' not found (required by diffstat)

Error in commit 5ec3c7b7c1189dca0ba29edbd33b5dbe68313382: diffstat error: diffstat: /lib64/libc.so.6: version `GLIBC_2.33' not found (required by diffstat)
diffstat: /lib64/libc.so.6: version `GLIBC_2.34' not found (required by diffstat)

Error in commit e23da486af92081168af9159b34652f1feec567f: diffstat error: diffstat: /lib64/libc.so.6: version `GLIBC_2.33' not found (required by diffstat)
diffstat: /lib64/libc.so.6: version `GLIBC_2.34' not found (required by diffstat)

Error in commit c6503be587e9c5c0aac4e2b45de982352f676a5b: diffstat error: diffstat: /lib64/libc.so.6: version `GLIBC_2.33' not found (required by diffstat)
diffstat: /lib64/libc.so.6: version `GLIBC_2.34' not found (required by diffstat)

Error in commit 1c341c35b2d30c4485786ec00243ad5c3746a0d3: diffstat error: diffstat: /lib64/libc.so.6: version `GLIBC_2.33' not found (required by diffstat)
diffstat: /lib64/libc.so.6: version `GLIBC_2.34' not found (required by diffstat)

Error in commit 4a59cfaf9ab3d48fca4a15c0d2674bf7138e3d1a: diffstat error: diffstat: /lib64/libc.so.6: version `GLIBC_2.33' not found (required by diffstat)
diffstat: /lib64/libc.so.6: version `GLIBC_2.34' not found (required by diffstat)

Error in commit aa0b0f79ade5eef8b0e7a214c03f5af54b36ba7d: diffstat error: diffstat: /lib64/libc.so.6: version `GLIBC_2.33' not found (required by diffstat)
diffstat: /lib64/libc.so.6: version `GLIBC_2.34' not found (required by diffstat)

Error in commit 3ccd774255b8215733e0bdfdf5a683da9dd10923: diffstat error: diffstat: /lib64/libc.so.6: version `GLIBC_2.33' not found (required by diffstat)
diffstat: /lib64/libc.so.6: version `GLIBC_2.34' not found (required by diffstat)

Error in commit 779974d35b4859c07bc3cb8a12c74b43b0a7d1e0: diffstat error: diffstat: /lib64/libc.so.6: version `GLIBC_2.33' not found (required by diffstat)
diffstat: /lib64/libc.so.6: version `GLIBC_2.34' not found (required by diffstat)

Error in commit 50d00e96bc96f8a875298475813359b5b9c21869: diffstat error: diffstat: /lib64/libc.so.6: version `GLIBC_2.33' not found (required by diffstat)
diffstat: /lib64/libc.so.6: version `GLIBC_2.34' not found (required by diffstat)

Error in commit 9200514ad8717c63f82101dc394f4378854325bf: diffstat error: diffstat: /lib64/libc.so.6: version `GLIBC_2.33' not found (required by diffstat)
diffstat: /lib64/libc.so.6: version `GLIBC_2.34' not found (required by diffstat)

Error in commit b8667bccad2eec64e5dbf24fab16767f0f7ea234: diffstat error: diffstat: /lib64/libc.so.6: version `GLIBC_2.33' not found (required by diffstat)
diffstat: /lib64/libc.so.6: version `GLIBC_2.34' not found (required by diffstat)

Error in commit 917636b1d0d70205a13f89062b95e3a0fc31d4ff: diffstat error: diffstat: /lib64/libc.so.6: version `GLIBC_2.33' not found (required by diffstat)
diffstat: /lib64/libc.so.6: version `GLIBC_2.34' not found (required by diffstat)

Error in commit edc98b54033e01302cc64f67ef09ba52595e17bd: diffstat error: diffstat: /lib64/libc.so.6: version `GLIBC_2.33' not found (required by diffstat)
diffstat: /lib64/libc.so.6: version `GLIBC_2.34' not found (required by diffstat)

Error in commit a641a1859b862b1324983a5e2ef8666c29539f87: diffstat error: diffstat: /lib64/libc.so.6: version `GLIBC_2.33' not found (required by diffstat)
diffstat: /lib64/libc.so.6: version `GLIBC_2.34' not found (required by diffstat)

Error in commit 1c880887666f84e08ea1752bb8a5ab2a7bf1d8a0: diffstat error: diffstat: /lib64/libc.so.6: version `GLIBC_2.33' not found (required by diffstat)
diffstat: /lib64/libc.so.6: version `GLIBC_2.34' not found (required by diffstat)

Error in commit ce6b1224b32707d1eaeb77be461f76fe4e245e04: diffstat error: diffstat: /lib64/libc.so.6: version `GLIBC_2.33' not found (required by diffstat)
diffstat: /lib64/libc.so.6: version `GLIBC_2.34' not found (required by diffstat)

Error in commit bc65c25ac604d5787714c8f16c8df8e392e8dae9: diffstat error: diffstat: /lib64/libc.so.6: version `GLIBC_2.33' not found (required by diffstat)
diffstat: /lib64/libc.so.6: version `GLIBC_2.34' not found (required by diffstat)

Error in commit 2de6cf70c5ef31e22ed119a25ac2daeefd3d18a1: diffstat error: diffstat: /lib64/libc.so.6: version `GLIBC_2.33' not found (required by diffstat)
diffstat: /lib64/libc.so.6: version `GLIBC_2.34' not found (required by diffstat)

Error in commit 0ef57b9e8df6386ba92f5ca1dad5c42a761011bb: diffstat error: diffstat: /lib64/libc.so.6: version `GLIBC_2.33' not found (required by diffstat)
diffstat: /lib64/libc.so.6: version `GLIBC_2.34' not found (required by diffstat)

Error in commit 28eb354bf2b65625a4ed3588a36ed1e0063503d5: diffstat error: diffstat: /lib64/libc.so.6: version `GLIBC_2.33' not found (required by diffstat)
diffstat: /lib64/libc.so.6: version `GLIBC_2.34' not found (required by diffstat)

Error in commit d26c25a9d19b5976b319af528886f89cf455692d: diffstat error: diffstat: /lib64/libc.so.6: version `GLIBC_2.33' not found (required by diffstat)
diffstat: /lib64/libc.so.6: version `GLIBC_2.34' not found (required by diffstat)

Error in commit cfadd8b64d04623746ce517de669cad031002039: diffstat error: diffstat: /lib64/libc.so.6: version `GLIBC_2.33' not found (required by diffstat)
diffstat: /lib64/libc.so.6: version `GLIBC_2.34' not found (required by diffstat)

Error in commit 3ddf20c5dae08a07d68317d7e9d7ba4b86eca508: diffstat error: diffstat: /lib64/libc.so.6: version `GLIBC_2.33' not found (required by diffstat)
diffstat: /lib64/libc.so.6: version `GLIBC_2.34' not found (required by diffstat)

Error in commit 1d748d418caa9e0566347ad0d3a6b76f4fe80de6: diffstat error: diffstat: /lib64/libc.so.6: version `GLIBC_2.33' not found (required by diffstat)
diffstat: /lib64/libc.so.6: version `GLIBC_2.34' not found (required by diffstat)

Error in commit 6019aaaa140e5280812c0ecf69a1a1ec3d4af523: diffstat error: diffstat: /lib64/libc.so.6: version `GLIBC_2.33' not found (required by diffstat)
diffstat: /lib64/libc.so.6: version `GLIBC_2.34' not found (required by diffstat)

Error in commit 4bff3bfbe90d10451e4638c2118d1ad1117bb3e3: diffstat error: diffstat: /lib64/libc.so.6: version `GLIBC_2.33' not found (required by diffstat)
diffstat: /lib64/libc.so.6: version `GLIBC_2.34' not found (required by diffstat)

Error in commit 674b5a6a570e873eaedb6c0a7fb7bae2d4c609f0: diffstat error: diffstat: /lib64/libc.so.6: version `GLIBC_2.33' not found (required by diffstat)
diffstat: /lib64/libc.so.6: version `GLIBC_2.34' not found (required by diffstat)

Error in commit 3159f943aafdbacb2f94c38fdaadabf2bbde2a14: diffstat error: diffstat: /lib64/libc.so.6: version `GLIBC_2.33' not found (required by diffstat)
diffstat: /lib64/libc.so.6: version `GLIBC_2.34' not found (required by diffstat)

Error in commit 9ba2f5ed3649fb6de83d3c16e4dba1443aaca983: diffstat error: diffstat: /lib64/libc.so.6: version `GLIBC_2.33' not found (required by diffstat)
diffstat: /lib64/libc.so.6: version `GLIBC_2.34' not found (required by diffstat)

Error in commit 4fe4a45dd62411ba9ede04750ca44f071e7d6cbb: diffstat error: diffstat: /lib64/libc.so.6: version `GLIBC_2.33' not found (required by diffstat)
diffstat: /lib64/libc.so.6: version `GLIBC_2.34' not found (required by diffstat)

Error in commit e3a5d056633677959ad924a51758876d415e7046: diffstat error: diffstat: /lib64/libc.so.6: version `GLIBC_2.33' not found (required by diffstat)
diffstat: /lib64/libc.so.6: version `GLIBC_2.34' not found (required by diffstat)

Error in commit dbf724413fd2cc1f94deee59e4e861c0190cc7b7: diffstat error: diffstat: /lib64/libc.so.6: version `GLIBC_2.33' not found (required by diffstat)
diffstat: /lib64/libc.so.6: version `GLIBC_2.34' not found (required by diffstat)

Error in commit 05c1c79d3779ae53c50007c4812ec5195dc2c264: diffstat error: diffstat: /lib64/libc.so.6: version `GLIBC_2.33' not found (required by diffstat)
diffstat: /lib64/libc.so.6: version `GLIBC_2.34' not found (required by diffstat)

Error in commit da6a61606a1936a6ccceb6a4868247a19309c140: diffstat error: diffstat: /lib64/libc.so.6: version `GLIBC_2.33' not found (required by diffstat)
diffstat: /lib64/libc.so.6: version `GLIBC_2.34' not found (required by diffstat)

Error in commit 0cbd5326f23bd1106f14f934445df50db7481038: diffstat error: diffstat: /lib64/libc.so.6: version `GLIBC_2.33' not found (required by diffstat)
diffstat: /lib64/libc.so.6: version `GLIBC_2.34' not found (required by diffstat)

Error in commit 8898715c8319aa25d0bd316fedfaddbd42587bf4: diffstat error: diffstat: /lib64/libc.so.6: version `GLIBC_2.33' not found (required by diffstat)
diffstat: /lib64/libc.so.6: version `GLIBC_2.34' not found (required by diffstat)

Error in commit bdc73bd6d6dcd7ccb156530a096ee739cd9e9a27: diffstat error: diffstat: /lib64/libc.so.6: version `GLIBC_2.33' not found (required by diffstat)
diffstat: /lib64/libc.so.6: version `GLIBC_2.34' not found (required by diffstat)

Error in commit de6cdeb607679d30f6ec4c3a1fbf15b6a21c240e: diffstat error: diffstat: /lib64/libc.so.6: version `GLIBC_2.33' not found (required by diffstat)
diffstat: /lib64/libc.so.6: version `GLIBC_2.34' not found (required by diffstat)

Error in commit 70524490ee2ea1bbf6cee6c106597b3ac25a3fc2: diffstat error: diffstat: /lib64/libc.so.6: version `GLIBC_2.33' not found (required by diffstat)
diffstat: /lib64/libc.so.6: version `GLIBC_2.34' not found (required by diffstat)

Error in commit f0bf750c2d25c3a2131ececbff63c7878e0e3765: diffstat error: diffstat: /lib64/libc.so.6: version `GLIBC_2.33' not found (required by diffstat)
diffstat: /lib64/libc.so.6: version `GLIBC_2.34' not found (required by diffstat)

Error in commit 5f21230b657ccd65452dd3d94c5b5401ba691a2d: diffstat error: diffstat: /lib64/libc.so.6: version `GLIBC_2.33' not found (required by diffstat)
diffstat: /lib64/libc.so.6: version `GLIBC_2.34' not found (required by diffstat)

Error in commit ce08a3691a8ac29125e29fc41967b3737fa3f425: diffstat error: diffstat: /lib64/libc.so.6: version `GLIBC_2.33' not found (required by diffstat)
diffstat: /lib64/libc.so.6: version `GLIBC_2.34' not found (required by diffstat)

Error in commit 5424ea27390f1f8903e5de0eaa0c5b561e8e877a: diffstat error: diffstat: /lib64/libc.so.6: version `GLIBC_2.33' not found (required by diffstat)
diffstat: /lib64/libc.so.6: version `GLIBC_2.34' not found (required by diffstat)

Error in commit 3703b2c5d041a68095cdd22380c23ce27d449ad7: diffstat error: diffstat: /lib64/libc.so.6: version `GLIBC_2.33' not found (required by diffstat)
diffstat: /lib64/libc.so.6: version `GLIBC_2.34' not found (required by diffstat)

Error in commit 7c3ece72fa14262331680b7baaaa5510e504b0e8: diffstat error: diffstat: /lib64/libc.so.6: version `GLIBC_2.33' not found (required by diffstat)
diffstat: /lib64/libc.so.6: version `GLIBC_2.34' not found (required by diffstat)

Error in commit d5c7076b772ad7dcdb92303397b36aee8fa0d25d: diffstat error: diffstat: /lib64/libc.so.6: version `GLIBC_2.33' not found (required by diffstat)
diffstat: /lib64/libc.so.6: version `GLIBC_2.34' not found (required by diffstat)

Error in commit ac910c086ec393a8c320a82d0edb5ea412175b62: diffstat error: diffstat: /lib64/libc.so.6: version `GLIBC_2.33' not found (required by diffstat)
diffstat: /lib64/libc.so.6: version `GLIBC_2.34' not found (required by diffstat)

Error in commit 9df6f2ccb4635532038f027ca667b2ed852bb295: diffstat error: diffstat: /lib64/libc.so.6: version `GLIBC_2.33' not found (required by diffstat)
diffstat: /lib64/libc.so.6: version `GLIBC_2.34' not found (required by diffstat)

Error in commit 211124b972e74f0da66bc8b16f181f78793e2f66: diffstat error: diffstat: /lib64/libc.so.6: version `GLIBC_2.33' not found (required by diffstat)
diffstat: /lib64/libc.so.6: version `GLIBC_2.34' not found (required by diffstat)

Error in commit af2cf04a9394c1a56227c2289ae8da262828294a: diffstat error: diffstat: /lib64/libc.so.6: version `GLIBC_2.33' not found (required by diffstat)
diffstat: /lib64/libc.so.6: version `GLIBC_2.34' not found (required by diffstat)

Error in commit 617b12c0339db4891d117b661982126c495439ea: diffstat error: diffstat: /lib64/libc.so.6: version `GLIBC_2.33' not found (required by diffstat)
diffstat: /lib64/libc.so.6: version `GLIBC_2.34' not found (required by diffstat)

Error in commit 3a789147b3b8519f038f489731ad18b8c8d6de7a: diffstat error: diffstat: /lib64/libc.so.6: version `GLIBC_2.33' not found (required by diffstat)
diffstat: /lib64/libc.so.6: version `GLIBC_2.34' not found (required by diffstat)

Error in commit a5a36d9e82dde7265e38fe1f87b7f11c461c29f6: diffstat error: diffstat: /lib64/libc.so.6: version `GLIBC_2.33' not found (required by diffstat)
diffstat: /lib64/libc.so.6: version `GLIBC_2.34' not found (required by diffstat)

Error in commit 1c6da3abe4eef9516edb52bcde464b2059e4237a: diffstat error: diffstat: /lib64/libc.so.6: version `GLIBC_2.33' not found (required by diffstat)
diffstat: /lib64/libc.so.6: version `GLIBC_2.34' not found (required by diffstat)

Error in commit 70a24c3daa0e114fa261895f5bedb3c0f53948f0: diffstat error: diffstat: /lib64/libc.so.6: version `GLIBC_2.33' not found (required by diffstat)
diffstat: /lib64/libc.so.6: version `GLIBC_2.34' not found (required by diffstat)

Error in commit e4d1558aa2c1c04a05066ee8600f37603890ba8c: diffstat error: diffstat: /lib64/libc.so.6: version `GLIBC_2.33' not found (required by diffstat)
diffstat: /lib64/libc.so.6: version `GLIBC_2.34' not found (required by diffstat)

Error in commit cc5e952fa05f756a5362a2b1dc255cd69e585a04: diffstat error: diffstat: /lib64/libc.so.6: version `GLIBC_2.33' not found (required by diffstat)
diffstat: /lib64/libc.so.6: version `GLIBC_2.34' not found (required by diffstat)

Error in commit 697af434fbeb2e3ba2ba9687cd283ed1a2734fa5: diffstat error: diffstat: /lib64/libc.so.6: version `GLIBC_2.33' not found (required by diffstat)
diffstat: /lib64/libc.so.6: version `GLIBC_2.34' not found (required by diffstat)

Error in commit 9da6caac4e86aa608a3186fa8a209eed19b7b9c6: diffstat error: diffstat: /lib64/libc.so.6: version `GLIBC_2.33' not found (required by diffstat)
diffstat: /lib64/libc.so.6: version `GLIBC_2.34' not found (required by diffstat)

Error in commit 128c66429247add5128c03dc1e144ca56f05a4e2: diffstat error: diffstat: /lib64/libc.so.6: version `GLIBC_2.33' not found (required by diffstat)
diffstat: /lib64/libc.so.6: version `GLIBC_2.34' not found (required by diffstat)

Error in commit e0b0cb9388642c104838fac100a4af32745621e2: diffstat error: diffstat: /lib64/libc.so.6: version `GLIBC_2.33' not found (required by diffstat)
diffstat: /lib64/libc.so.6: version `GLIBC_2.34' not found (required by diffstat)

Error in commit 944c01a889d97dc08e1b71f4ed868f4023fd6034: diffstat error: diffstat: /lib64/libc.so.6: version `GLIBC_2.33' not found (required by diffstat)
diffstat: /lib64/libc.so.6: version `GLIBC_2.34' not found (required by diffstat)

Error in commit 104c307147ad379617472dd91a5bcb368d72bd6d: diffstat error: diffstat: /lib64/libc.so.6: version `GLIBC_2.33' not found (required by diffstat)
diffstat: /lib64/libc.so.6: version `GLIBC_2.34' not found (required by diffstat)

Error in commit 2df0ab045784a1ca904437601a5086f570e8cf16: diffstat error: diffstat: /lib64/libc.so.6: version `GLIBC_2.33' not found (required by diffstat)
diffstat: /lib64/libc.so.6: version `GLIBC_2.34' not found (required by diffstat)

Error in commit 2fa30abadfa2f9f3c47044f677e74988db274d0c: diffstat error: diffstat: /lib64/libc.so.6: version `GLIBC_2.33' not found (required by diffstat)
diffstat: /lib64/libc.so.6: version `GLIBC_2.34' not found (required by diffstat)

Error in commit 01c6fd25e11f53070f6af4bed0217dad34c95fac: diffstat error: diffstat: /lib64/libc.so.6: version `GLIBC_2.33' not found (required by diffstat)
diffstat: /lib64/libc.so.6: version `GLIBC_2.34' not found (required by diffstat)

Error in commit 98b19252cf1bd97c54bc4613f3537c5ec0aae263: diffstat error: diffstat: /lib64/libc.so.6: version `GLIBC_2.33' not found (required by diffstat)
diffstat: /lib64/libc.so.6: version `GLIBC_2.34' not found (required by diffstat)

Error in commit 67fa56b55e7cf7ae3c020673b388a0ac7278d8c7: diffstat error: diffstat: /lib64/libc.so.6: version `GLIBC_2.33' not found (required by diffstat)
diffstat: /lib64/libc.so.6: version `GLIBC_2.34' not found (required by diffstat)

Error in commit 768f60da87a3fa0b5561da5ade9309577c176d04: diffstat error: diffstat: /lib64/libc.so.6: version `GLIBC_2.33' not found (required by diffstat)
diffstat: /lib64/libc.so.6: version `GLIBC_2.34' not found (required by diffstat)

Error in commit 09120a8cd38dbdb0c9a59ff8456cf88b510e6baa: diffstat error: diffstat: /lib64/libc.so.6: version `GLIBC_2.33' not found (required by diffstat)
diffstat: /lib64/libc.so.6: version `GLIBC_2.34' not found (required by diffstat)

Error in commit e1f17055ed51dcf53f385f4db334c9a7471659ab: diffstat error: diffstat: /lib64/libc.so.6: version `GLIBC_2.33' not found (required by diffstat)
diffstat: /lib64/libc.so.6: version `GLIBC_2.34' not found (required by diffstat)

Error in commit 0237ac8f7538a937c51065a641d7cd70846f72e7: diffstat error: diffstat: /lib64/libc.so.6: version `GLIBC_2.33' not found (required by diffstat)
diffstat: /lib64/libc.so.6: version `GLIBC_2.34' not found (required by diffstat)

Error in commit dba2406aba593e747379c137afdd3aa892137408: diffstat error: diffstat: /lib64/libc.so.6: version `GLIBC_2.33' not found (required by diffstat)
diffstat: /lib64/libc.so.6: version `GLIBC_2.34' not found (required by diffstat)

Error in commit 84465f2180308a3e998089517e76586563fd6162: diffstat error: diffstat: /lib64/libc.so.6: version `GLIBC_2.33' not found (required by diffstat)
diffstat: /lib64/libc.so.6: version `GLIBC_2.34' not found (required by diffstat)

Error in commit e82667bc250fdb85aaee96a46c826bc66e97c795: diffstat error: diffstat: /lib64/libc.so.6: version `GLIBC_2.33' not found (required by diffstat)
diffstat: /lib64/libc.so.6: version `GLIBC_2.34' not found (required by diffstat)

Error in commit ef764dde1cca2f25d00686673d1bc89448819571: diffstat error: diffstat: /lib64/libc.so.6: version `GLIBC_2.33' not found (required by diffstat)
diffstat: /lib64/libc.so.6: version `GLIBC_2.34' not found (required by diffstat)

Error in commit 1eb08bcd4634ae42ec45e8284923ac048beaa4c3: diffstat error: diffstat: /lib64/libc.so.6: version `GLIBC_2.33' not found (required by diffstat)
diffstat: /lib64/libc.so.6: version `GLIBC_2.34' not found (required by diffstat)

Error in commit b29b5ab3b9ad812949f3621a4422fde8d7c1c8d2: diffstat error: diffstat: /lib64/libc.so.6: version `GLIBC_2.33' not found (required by diffstat)
diffstat: /lib64/libc.so.6: version `GLIBC_2.34' not found (required by diffstat)

Error in commit 2c87a631fa4f72178876901c87c85d2889bd7b40: diffstat error: diffstat: /lib64/libc.so.6: version `GLIBC_2.33' not found (required by diffstat)
diffstat: /lib64/libc.so.6: version `GLIBC_2.34' not found (required by diffstat)

Error in commit eeb2061dfb03ea11ba028b33037fa0805d22e6a4: diffstat error: diffstat: /lib64/libc.so.6: version `GLIBC_2.33' not found (required by diffstat)
diffstat: /lib64/libc.so.6: version `GLIBC_2.34' not found (required by diffstat)

Error in commit 2670641432683c15529d93f3ec2e09fed220b53c: diffstat error: diffstat: /lib64/libc.so.6: version `GLIBC_2.33' not found (required by diffstat)
diffstat: /lib64/libc.so.6: version `GLIBC_2.34' not found (required by diffstat)

Error in commit 8446c617241c784271e34aa92543d4c52e1ec4a3: diffstat error: diffstat: /lib64/libc.so.6: version `GLIBC_2.33' not found (required by diffstat)
diffstat: /lib64/libc.so.6: version `GLIBC_2.34' not found (required by diffstat)

Error in commit 6ea89b7ba09dc4ad62ab4bfcc35c3e289fc65196: diffstat error: diffstat: /lib64/libc.so.6: version `GLIBC_2.33' not found (required by diffstat)
diffstat: /lib64/libc.so.6: version `GLIBC_2.34' not found (required by diffstat)

Error in commit 87bed83b42ef558cc93ca63d0d0d9fcc8d38cee6: diffstat error: diffstat: /lib64/libc.so.6: version `GLIBC_2.33' not found (required by diffstat)
diffstat: /lib64/libc.so.6: version `GLIBC_2.34' not found (required by diffstat)

Error in commit a5529b124db0de6ce3257f66180e93297ed925c5: diffstat error: diffstat: /lib64/libc.so.6: version `GLIBC_2.33' not found (required by diffstat)
diffstat: /lib64/libc.so.6: version `GLIBC_2.34' not found (required by diffstat)

Error in commit 05653c9eaedece04f5a96d52e3b88b31aef76aed: diffstat error: diffstat: /lib64/libc.so.6: version `GLIBC_2.33' not found (required by diffstat)
diffstat: /lib64/libc.so.6: version `GLIBC_2.34' not found (required by diffstat)

Error in commit 3f503dd294efc63a59608d8a16058c41d44ba13a: diffstat error: diffstat: /lib64/libc.so.6: version `GLIBC_2.33' not found (required by diffstat)
diffstat: /lib64/libc.so.6: version `GLIBC_2.34' not found (required by diffstat)

Error in commit 653881eb3a625d04d75530886c0fe166d3455aef: diffstat error: diffstat: /lib64/libc.so.6: version `GLIBC_2.33' not found (required by diffstat)
diffstat: /lib64/libc.so.6: version `GLIBC_2.34' not found (required by diffstat)

Error in commit 5d499272b95a6b890a1397e11d20937de000d31b: diffstat error: diffstat: /lib64/libc.so.6: version `GLIBC_2.33' not found (required by diffstat)
diffstat: /lib64/libc.so.6: version `GLIBC_2.34' not found (required by diffstat)

Error in commit 3cd9b56ae6002b4ef28d2467abd119606ae625d3: diffstat error: diffstat: /lib64/libc.so.6: version `GLIBC_2.33' not found (required by diffstat)
diffstat: /lib64/libc.so.6: version `GLIBC_2.34' not found (required by diffstat)

Error in commit 0f82dba032774ce85fa11a4ce456a4d162d763d7: diffstat error: diffstat: /lib64/libc.so.6: version `GLIBC_2.33' not found (required by diffstat)
diffstat: /lib64/libc.so.6: version `GLIBC_2.34' not found (required by diffstat)

Error in commit f2acdbc3820f0f4f5ef76a0a64e73d2a320df91f: diffstat error: diffstat: /lib64/libc.so.6: version `GLIBC_2.33' not found (required by diffstat)
diffstat: /lib64/libc.so.6: version `GLIBC_2.34' not found (required by diffstat)

Error in commit b0d38a101948b7e99ad6c58fb73935cef2963111: diffstat error: diffstat: /lib64/libc.so.6: version `GLIBC_2.33' not found (required by diffstat)
diffstat: /lib64/libc.so.6: version `GLIBC_2.34' not found (required by diffstat)

Error in commit 3521e78412b741ea690bb73860362147e80dc992: diffstat error: diffstat: /lib64/libc.so.6: version `GLIBC_2.33' not found (required by diffstat)
diffstat: /lib64/libc.so.6: version `GLIBC_2.34' not found (required by diffstat)

Error in commit e2bb4b2acd601b0db3946e20e3ce72e8dc5dd42c: diffstat error: diffstat: /lib64/libc.so.6: version `GLIBC_2.33' not found (required by diffstat)
diffstat: /lib64/libc.so.6: version `GLIBC_2.34' not found (required by diffstat)

Error in commit d98f120b8cd9eeb82bfc26002577782b1f05d8f6: diffstat error: diffstat: /lib64/libc.so.6: version `GLIBC_2.33' not found (required by diffstat)
diffstat: /lib64/libc.so.6: version `GLIBC_2.34' not found (required by diffstat)

Error in commit 2864e767053317538feafa815046fff89e5a16be: diffstat error: diffstat: /lib64/libc.so.6: version `GLIBC_2.33' not found (required by diffstat)
diffstat: /lib64/libc.so.6: version `GLIBC_2.34' not found (required by diffstat)

Error in commit c4563d2d668675c2d5083f6ad01c801d6ccbe013: diffstat error: diffstat: /lib64/libc.so.6: version `GLIBC_2.33' not found (required by diffstat)
diffstat: /lib64/libc.so.6: version `GLIBC_2.34' not found (required by diffstat)

Error in commit 2ab5aa7bf515135c2b02d42e9a72e4c98e17031a: diffstat error: diffstat: /lib64/libc.so.6: version `GLIBC_2.33' not found (required by diffstat)
diffstat: /lib64/libc.so.6: version `GLIBC_2.34' not found (required by diffstat)

Error in commit 9909cde1f332d2f641c6aec0eb92adf0a150c7e5: diffstat error: diffstat: /lib64/libc.so.6: version `GLIBC_2.33' not found (required by diffstat)
diffstat: /lib64/libc.so.6: version `GLIBC_2.34' not found (required by diffstat)

Error in commit c4c6470e88210afc95262c8b9fcc27e30ca043ee: diffstat error: diffstat: /lib64/libc.so.6: version `GLIBC_2.33' not found (required by diffstat)
diffstat: /lib64/libc.so.6: version `GLIBC_2.34' not found (required by diffstat)

Error in commit bea84e2844b647532a9b7fbc3a6a8989d66e49e3: diffstat error: diffstat: /lib64/libc.so.6: version `GLIBC_2.33' not found (required by diffstat)
diffstat: /lib64/libc.so.6: version `GLIBC_2.34' not found (required by diffstat)

Error in commit 9fe8cd76fbf1dc52cef01a2b137ca1b659b244c8: diffstat error: diffstat: /lib64/libc.so.6: version `GLIBC_2.33' not found (required by diffstat)
diffstat: /lib64/libc.so.6: version `GLIBC_2.34' not found (required by diffstat)

Error in commit 7d0addfbd258d323ccce28510bdfd9250e2253e6: diffstat error: diffstat: /lib64/libc.so.6: version `GLIBC_2.33' not found (required by diffstat)
diffstat: /lib64/libc.so.6: version `GLIBC_2.34' not found (required by diffstat)

Error in commit e8aa9b7ded286b8018eca04fde0e95829c75c714: diffstat error: diffstat: /lib64/libc.so.6: version `GLIBC_2.33' not found (required by diffstat)
diffstat: /lib64/libc.so.6: version `GLIBC_2.34' not found (required by diffstat)

Error in commit aeb6a7ab0abaac4a8f4ad98b3df476d9de6b8bd4: diffstat error: diffstat: /lib64/libc.so.6: version `GLIBC_2.33' not found (required by diffstat)
diffstat: /lib64/libc.so.6: version `GLIBC_2.34' not found (required by diffstat)

Error in commit bae86205dec9728b546bd0ddd624bdf09d83bbce: diffstat error: diffstat: /lib64/libc.so.6: version `GLIBC_2.33' not found (required by diffstat)
diffstat: /lib64/libc.so.6: version `GLIBC_2.34' not found (required by diffstat)

Error in commit 8a7d4cf9820ea16fabd25a6379351b4dc291204b: diffstat error: diffstat: /lib64/libc.so.6: version `GLIBC_2.33' not found (required by diffstat)
diffstat: /lib64/libc.so.6: version `GLIBC_2.34' not found (required by diffstat)

Error in commit b983cc2da0bafd73a4dfc069eb3c3a98677e2d92: diffstat error: diffstat: /lib64/libc.so.6: version `GLIBC_2.33' not found (required by diffstat)
diffstat: /lib64/libc.so.6: version `GLIBC_2.34' not found (required by diffstat)

Error in commit 0b7d9a2c97071e77dbc8aeb45833c83d0c8c1ce3: diffstat error: diffstat: /lib64/libc.so.6: version `GLIBC_2.33' not found (required by diffstat)
diffstat: /lib64/libc.so.6: version `GLIBC_2.34' not found (required by diffstat)

Error in commit 7f4aa95bf8a46b3527bd0e43d00f6012fae5730b: diffstat error: diffstat: /lib64/libc.so.6: version `GLIBC_2.33' not found (required by diffstat)
diffstat: /lib64/libc.so.6: version `GLIBC_2.34' not found (required by diffstat)

Error in commit 119050eebfe4cf5db7258f1f86d4a374d5b6ce53: diffstat error: diffstat: /lib64/libc.so.6: version `GLIBC_2.33' not found (required by diffstat)
diffstat: /lib64/libc.so.6: version `GLIBC_2.34' not found (required by diffstat)

Error in commit a5a51ad3a1200e2e5ef46c140bab717422e41ca2: diffstat error: diffstat: /lib64/libc.so.6: version `GLIBC_2.33' not found (required by diffstat)
diffstat: /lib64/libc.so.6: version `GLIBC_2.34' not found (required by diffstat)

Error in commit 3ae2c6691b7c6e0986d97b150c9283e5cc52c15f: diffstat error: diffstat: /lib64/libc.so.6: version `GLIBC_2.33' not found (required by diffstat)
diffstat: /lib64/libc.so.6: version `GLIBC_2.34' not found (required by diffstat)

Error in commit 1bb1c0d2d10d5507ce06576baac8f577c294c16a: diffstat error: diffstat: /lib64/libc.so.6: version `GLIBC_2.33' not found (required by diffstat)
diffstat: /lib64/libc.so.6: version `GLIBC_2.34' not found (required by diffstat)

Error in commit b1b323042264740c398140da32e93fb9c2c9f33e: diffstat error: diffstat: /lib64/libc.so.6: version `GLIBC_2.33' not found (required by diffstat)
diffstat: /lib64/libc.so.6: version `GLIBC_2.34' not found (required by diffstat)

Error in commit a96887c483553c58c969b934cca1aa0321ed4653: diffstat error: diffstat: /lib64/libc.so.6: version `GLIBC_2.33' not found (required by diffstat)
diffstat: /lib64/libc.so.6: version `GLIBC_2.34' not found (required by diffstat)

Error in commit f94ef358bb3e91d517446454edff6535bcfe8e4a: diffstat error: diffstat: /lib64/libc.so.6: version `GLIBC_2.33' not found (required by diffstat)
diffstat: /lib64/libc.so.6: version `GLIBC_2.34' not found (required by diffstat)

Error in commit 90279abdfcd235172eab99651043051188938dcc: diffstat error: diffstat: /lib64/libc.so.6: version `GLIBC_2.33' not found (required by diffstat)
diffstat: /lib64/libc.so.6: version `GLIBC_2.34' not found (required by diffstat)

Error in commit aec0b49df3169a1a9a317d5134fa7bbcd79c1f70: diffstat error: diffstat: /lib64/libc.so.6: version `GLIBC_2.33' not found (required by diffstat)
diffstat: /lib64/libc.so.6: version `GLIBC_2.34' not found (required by diffstat)

Error in commit ce5805a955c5a79d85792caad47594987f0e0b26: diffstat error: diffstat: /lib64/libc.so.6: version `GLIBC_2.33' not found (required by diffstat)
diffstat: /lib64/libc.so.6: version `GLIBC_2.34' not found (required by diffstat)

Error in commit 1a336c934623b011c289a298aff3b7fdefb3f876: diffstat error: diffstat: /lib64/libc.so.6: version `GLIBC_2.33' not found (required by diffstat)
diffstat: /lib64/libc.so.6: version `GLIBC_2.34' not found (required by diffstat)

Error in commit 52b6bad21992e71dd92e3a91522acf1525a76307: diffstat error: diffstat: /lib64/libc.so.6: version `GLIBC_2.33' not found (required by diffstat)
diffstat: /lib64/libc.so.6: version `GLIBC_2.34' not found (required by diffstat)

Error in commit a3cde44908429e52b2ec052ad5a70ef60e1f2d56: diffstat error: diffstat: /lib64/libc.so.6: version `GLIBC_2.33' not found (required by diffstat)
diffstat: /lib64/libc.so.6: version `GLIBC_2.34' not found (required by diffstat)

Error in commit cb17ed29a7a5fea8c9bf70e8a05757d71650e025: diffstat error: diffstat: /lib64/libc.so.6: version `GLIBC_2.33' not found (required by diffstat)
diffstat: /lib64/libc.so.6: version `GLIBC_2.34' not found (required by diffstat)

Error in commit a16a650ff01227d00651981599d36202d1b80a6e: diffstat error: diffstat: /lib64/libc.so.6: version `GLIBC_2.33' not found (required by diffstat)
diffstat: /lib64/libc.so.6: version `GLIBC_2.34' not found (required by diffstat)

Error in commit 28f241bb3bbdb40a2a4113c35bab54e3a9de7f3e: diffstat error: diffstat: /lib64/libc.so.6: version `GLIBC_2.33' not found (required by diffstat)
diffstat: /lib64/libc.so.6: version `GLIBC_2.34' not found (required by diffstat)

Error in commit 458d0906ebe75072ebd87cf5088772405d0cd03e: diffstat error: diffstat: /lib64/libc.so.6: version `GLIBC_2.33' not found (required by diffstat)
diffstat: /lib64/libc.so.6: version `GLIBC_2.34' not found (required by diffstat)

Error in commit b5532dce62f244b6159fe2a93cd242b75259e04c: diffstat error: diffstat: /lib64/libc.so.6: version `GLIBC_2.33' not found (required by diffstat)
diffstat: /lib64/libc.so.6: version `GLIBC_2.34' not found (required by diffstat)

Error in commit df91b29fd7da64498b9ad2b949267d272b2cf275: diffstat error: diffstat: /lib64/libc.so.6: version `GLIBC_2.33' not found (required by diffstat)
diffstat: /lib64/libc.so.6: version `GLIBC_2.34' not found (required by diffstat)

Error in commit 62d58df5ca6374a75afa63ed4fef9a5f7d654dbe: diffstat error: diffstat: /lib64/libc.so.6: version `GLIBC_2.33' not found (required by diffstat)
diffstat: /lib64/libc.so.6: version `GLIBC_2.34' not found (required by diffstat)

Error in commit 42cd567b3e17b855e701854e0104c5b4b200d19e: diffstat error: diffstat: /lib64/libc.so.6: version `GLIBC_2.33' not found (required by diffstat)
diffstat: /lib64/libc.so.6: version `GLIBC_2.34' not found (required by diffstat)

Error in commit cd8788f26d06d8643828024537b8abe2b702759f: diffstat error: diffstat: /lib64/libc.so.6: version `GLIBC_2.33' not found (required by diffstat)
diffstat: /lib64/libc.so.6: version `GLIBC_2.34' not found (required by diffstat)

Error in commit ee24633d0e6837f7d7fa05302f4ea6bd419a7d8e: diffstat error: diffstat: /lib64/libc.so.6: version `GLIBC_2.33' not found (required by diffstat)
diffstat: /lib64/libc.so.6: version `GLIBC_2.34' not found (required by diffstat)

Error in commit 7731e8dfbe4a56773be5dc94d631611211156659: diffstat error: diffstat: /lib64/libc.so.6: version `GLIBC_2.33' not found (required by diffstat)
diffstat: /lib64/libc.so.6: version `GLIBC_2.34' not found (required by diffstat)

Error in commit 4d74d8a00b07441cba090a02e0dd9ed385145bf4: diffstat error: diffstat: /lib64/libc.so.6: version `GLIBC_2.33' not found (required by diffstat)
diffstat: /lib64/libc.so.6: version `GLIBC_2.34' not found (required by diffstat)

Error in commit ca38dab9d3ee66c5de06f11af9a4b1200da5ef75: diffstat error: diffstat: /lib64/libc.so.6: version `GLIBC_2.33' not found (required by diffstat)
diffstat: /lib64/libc.so.6: version `GLIBC_2.34' not found (required by diffstat)

Error in commit 55dd08c210722aed81b38132f5fd4a04ec1943b5: diffstat error: diffstat: /lib64/libc.so.6: version `GLIBC_2.33' not found (required by diffstat)
diffstat: /lib64/libc.so.6: version `GLIBC_2.34' not found (required by diffstat)

Error in commit 274dc14aed1eb9b3350029d1063578a6b9c77b54: diffstat error: diffstat: /lib64/libc.so.6: version `GLIBC_2.33' not found (required by diffstat)
diffstat: /lib64/libc.so.6: version `GLIBC_2.34' not found (required by diffstat)

Error in commit 361e6a8b8ac614aadad60fd79064bbf64e035fe5: diffstat error: diffstat: /lib64/libc.so.6: version `GLIBC_2.33' not found (required by diffstat)
diffstat: /lib64/libc.so.6: version `GLIBC_2.34' not found (required by diffstat)

Error in commit 3139916fc249990440e8c6b60c47dd1d216150ad: diffstat error: diffstat: /lib64/libc.so.6: version `GLIBC_2.33' not found (required by diffstat)
diffstat: /lib64/libc.so.6: version `GLIBC_2.34' not found (required by diffstat)

Error in commit 45fbed497b0b1912355dbbd8c9b318cf2dce3226: diffstat error: diffstat: /lib64/libc.so.6: version `GLIBC_2.33' not found (required by diffstat)
diffstat: /lib64/libc.so.6: version `GLIBC_2.34' not found (required by diffstat)

Error in commit 7a70dec7c99b78091c1d89bd97f1b68e1894e235: diffstat error: diffstat: /lib64/libc.so.6: version `GLIBC_2.33' not found (required by diffstat)
diffstat: /lib64/libc.so.6: version `GLIBC_2.34' not found (required by diffstat)

Error in commit b611c43a5de061ec21b343967e1b64c45c373d7e: diffstat error: diffstat: /lib64/libc.so.6: version `GLIBC_2.33' not found (required by diffstat)
diffstat: /lib64/libc.so.6: version `GLIBC_2.34' not found (required by diffstat)

Error in commit e7a58cd733e3b047fd99560e29b7a7c24f9772f0: diffstat error: diffstat: /lib64/libc.so.6: version `GLIBC_2.33' not found (required by diffstat)
diffstat: /lib64/libc.so.6: version `GLIBC_2.34' not found (required by diffstat)

Error in commit b6c336528926ef73b0f70260f2636de2c3b94c14: diffstat error: diffstat: /lib64/libc.so.6: version `GLIBC_2.33' not found (required by diffstat)
diffstat: /lib64/libc.so.6: version `GLIBC_2.34' not found (required by diffstat)

Error in commit 79b1b0b157f3aa529a14a46699b4f5ea75914f48: diffstat error: diffstat: /lib64/libc.so.6: version `GLIBC_2.33' not found (required by diffstat)
diffstat: /lib64/libc.so.6: version `GLIBC_2.34' not found (required by diffstat)

Error in commit 64a2e1b799352ac7d7aad1989bc06e7b0f2b01db: diffstat error: diffstat: /lib64/libc.so.6: version `GLIBC_2.33' not found (required by diffstat)
diffstat: /lib64/libc.so.6: version `GLIBC_2.34' not found (required by diffstat)

Error in commit bc1704db1523eb3161af90da44b8394d4512855f: diffstat error: diffstat: /lib64/libc.so.6: version `GLIBC_2.33' not found (required by diffstat)
diffstat: /lib64/libc.so.6: version `GLIBC_2.34' not found (required by diffstat)

Error in commit a1e1511dde36b3f8aa27a6ec630838e7ea40e091: diffstat error: diffstat: /lib64/libc.so.6: version `GLIBC_2.33' not found (required by diffstat)
diffstat: /lib64/libc.so.6: version `GLIBC_2.34' not found (required by diffstat)

Error in commit a1f2e1ebe0b371714e164addd79e651b1786c5cd: diffstat error: diffstat: /lib64/libc.so.6: version `GLIBC_2.33' not found (required by diffstat)
diffstat: /lib64/libc.so.6: version `GLIBC_2.34' not found (required by diffstat)

Error in commit 3d89911481ba6ebe8c88c1c0b595412121e6c645: diffstat error: diffstat: /lib64/libc.so.6: version `GLIBC_2.33' not found (required by diffstat)
diffstat: /lib64/libc.so.6: version `GLIBC_2.34' not found (required by diffstat)

Error in commit c99d44793431c571b826236852888d31353de99a: diffstat error: diffstat: /lib64/libc.so.6: version `GLIBC_2.33' not found (required by diffstat)
diffstat: /lib64/libc.so.6: version `GLIBC_2.34' not found (required by diffstat)

Error in commit 7cf3457461ffd403d5d8cd8b1b5f82e808cb95bb: diffstat error: diffstat: /lib64/libc.so.6: version `GLIBC_2.33' not found (required by diffstat)
diffstat: /lib64/libc.so.6: version `GLIBC_2.34' not found (required by diffstat)

Error in commit d1bfa5708448f28ca6f56315827c1d1eae842276: diffstat error: diffstat: /lib64/libc.so.6: version `GLIBC_2.33' not found (required by diffstat)
diffstat: /lib64/libc.so.6: version `GLIBC_2.34' not found (required by diffstat)

Error in commit d9b7f019d2435f107b19a59190bf9cc27d5f34dd: diffstat error: diffstat: /lib64/libc.so.6: version `GLIBC_2.33' not found (required by diffstat)
diffstat: /lib64/libc.so.6: version `GLIBC_2.34' not found (required by diffstat)

Error in commit 222d6fdcf0c6485ec8e175f3a7b70d650c234b4e: diffstat error: diffstat: /lib64/libc.so.6: version `GLIBC_2.33' not found (required by diffstat)
diffstat: /lib64/libc.so.6: version `GLIBC_2.34' not found (required by diffstat)

Error in commit fbed804c7e64d512dc5abe10ad902fcdf19e7d69: diffstat error: diffstat: /lib64/libc.so.6: version `GLIBC_2.33' not found (required by diffstat)
diffstat: /lib64/libc.so.6: version `GLIBC_2.34' not found (required by diffstat)

Error in commit 4366f456d108eed543eff624425ebce06696e2b8: diffstat error: diffstat: /lib64/libc.so.6: version `GLIBC_2.33' not found (required by diffstat)
diffstat: /lib64/libc.so.6: version `GLIBC_2.34' not found (required by diffstat)

Error in commit 0e52409a353319a6758c84bca3f65e80a1ea8f38: diffstat error: diffstat: /lib64/libc.so.6: version `GLIBC_2.33' not found (required by diffstat)
diffstat: /lib64/libc.so.6: version `GLIBC_2.34' not found (required by diffstat)

Error in commit 158f54e6e8d87eaa9d817147a9022bcd7563434f: diffstat error: diffstat: /lib64/libc.so.6: version `GLIBC_2.33' not found (required by diffstat)
diffstat: /lib64/libc.so.6: version `GLIBC_2.34' not found (required by diffstat)

Error in commit 2b0009b858bac997cef9510993e888f3a048438d: diffstat error: diffstat: /lib64/libc.so.6: version `GLIBC_2.33' not found (required by diffstat)
diffstat: /lib64/libc.so.6: version `GLIBC_2.34' not found (required by diffstat)

Error in commit c8609a72c6e75674e3bd04f72e2bec2c8d7effdd: diffstat error: diffstat: /lib64/libc.so.6: version `GLIBC_2.33' not found (required by diffstat)
diffstat: /lib64/libc.so.6: version `GLIBC_2.34' not found (required by diffstat)

Error in commit f26e30cc6b50ba81e30ca3016c29ad4b48b93eaa: diffstat error: diffstat: /lib64/libc.so.6: version `GLIBC_2.33' not found (required by diffstat)
diffstat: /lib64/libc.so.6: version `GLIBC_2.34' not found (required by diffstat)

Error in commit 06f748c4754de4fe2fc8d517acf29cb46a0b2d60: diffstat error: diffstat: /lib64/libc.so.6: version `GLIBC_2.33' not found (required by diffstat)
diffstat: /lib64/libc.so.6: version `GLIBC_2.34' not found (required by diffstat)

Error in commit 950a7388f02bf775515d13dc508cb9d749bd6d91: diffstat error: diffstat: /lib64/libc.so.6: version `GLIBC_2.33' not found (required by diffstat)
diffstat: /lib64/libc.so.6: version `GLIBC_2.34' not found (required by diffstat)

Error in commit f85daf0e725358be78dfd208dea5fd665d8cb901: diffstat error: diffstat: /lib64/libc.so.6: version `GLIBC_2.33' not found (required by diffstat)
diffstat: /lib64/libc.so.6: version `GLIBC_2.34' not found (required by diffstat)

Error in commit d4bc023436e4cce7c23c5f8bb5199e178b4cc743: diffstat error: diffstat: /lib64/libc.so.6: version `GLIBC_2.33' not found (required by diffstat)
diffstat: /lib64/libc.so.6: version `GLIBC_2.34' not found (required by diffstat)

Error in commit e2f60adc95334f47e286838dac33160819c5d74d: diffstat error: diffstat: /lib64/libc.so.6: version `GLIBC_2.33' not found (required by diffstat)
diffstat: /lib64/libc.so.6: version `GLIBC_2.34' not found (required by diffstat)

Error in commit eb90eab6325d009004ffb155e3e33f22d4d3ca26: diffstat error: diffstat: /lib64/libc.so.6: version `GLIBC_2.33' not found (required by diffstat)
diffstat: /lib64/libc.so.6: version `GLIBC_2.34' not found (required by diffstat)

Error in commit cb8b683758edddae2d2f62e8e63a738c39f92683: diffstat error: diffstat: /lib64/libc.so.6: version `GLIBC_2.33' not found (required by diffstat)
diffstat: /lib64/libc.so.6: version `GLIBC_2.34' not found (required by diffstat)

Error in commit dd528b3aabd13863f855a68e76966e4e019fc399: diffstat error: diffstat: /lib64/libc.so.6: version `GLIBC_2.33' not found (required by diffstat)
diffstat: /lib64/libc.so.6: version `GLIBC_2.34' not found (required by diffstat)

Error in commit 345a0612409ef8bc82b2cae90a71c8131bd84f7a: diffstat error: diffstat: /lib64/libc.so.6: version `GLIBC_2.33' not found (required by diffstat)
diffstat: /lib64/libc.so.6: version `GLIBC_2.34' not found (required by diffstat)

Error in commit 85fd638ae0d5fa132434f4cbf32590261c1dba97: diffstat error: diffstat: /lib64/libc.so.6: version `GLIBC_2.33' not found (required by diffstat)
diffstat: /lib64/libc.so.6: version `GLIBC_2.34' not found (required by diffstat)

Error in commit fba4f123cc456d2b2538f811bb831483bf336bad: diffstat error: diffstat: /lib64/libc.so.6: version `GLIBC_2.33' not found (required by diffstat)
diffstat: /lib64/libc.so.6: version `GLIBC_2.34' not found (required by diffstat)

Error in commit de5494af4815a4c9328536c72741229b7de88e7f: diffstat error: diffstat: /lib64/libc.so.6: version `GLIBC_2.33' not found (required by diffstat)
diffstat: /lib64/libc.so.6: version `GLIBC_2.34' not found (required by diffstat)

Error in commit 770e3234cbfe66edbc0333f796b46d36a74aa652: diffstat error: diffstat: /lib64/libc.so.6: version `GLIBC_2.33' not found (required by diffstat)
diffstat: /lib64/libc.so.6: version `GLIBC_2.34' not found (required by diffstat)

Error in commit 61cf93700fe6359552848ed5e3becba6cd760efa: diffstat error: diffstat: /lib64/libc.so.6: version `GLIBC_2.33' not found (required by diffstat)
diffstat: /lib64/libc.so.6: version `GLIBC_2.34' not found (required by diffstat)

Error in commit 9120a247436e84c0b4eea828cb11e8f665fcde30: diffstat error: diffstat: /lib64/libc.so.6: version `GLIBC_2.33' not found (required by diffstat)
diffstat: /lib64/libc.so.6: version `GLIBC_2.34' not found (required by diffstat)

Error in commit b4570bbf8cb3045e2b3cbf3d6a80d31735871d10: diffstat error: diffstat: /lib64/libc.so.6: version `GLIBC_2.33' not found (required by diffstat)
diffstat: /lib64/libc.so.6: version `GLIBC_2.34' not found (required by diffstat)

Error in commit 72a3cc0ecd83bffad1c6e5dae90a8b405dd22c64: diffstat error: diffstat: /lib64/libc.so.6: version `GLIBC_2.33' not found (required by diffstat)
diffstat: /lib64/libc.so.6: version `GLIBC_2.34' not found (required by diffstat)

Error in commit 5bc43c7821df982f65aa1c738f67fbf7cba8bd69: diffstat error: diffstat: /lib64/libc.so.6: version `GLIBC_2.33' not found (required by diffstat)
diffstat: /lib64/libc.so.6: version `GLIBC_2.34' not found (required by diffstat)

Error in commit bc79e0680a45d1ca330d690dae0340c8e17ab5e3: diffstat error: diffstat: /lib64/libc.so.6: version `GLIBC_2.33' not found (required by diffstat)
diffstat: /lib64/libc.so.6: version `GLIBC_2.34' not found (required by diffstat)

Error in commit 1e32fe3113bd212d48fea93574c2a05282a67708: diffstat error: diffstat: /lib64/libc.so.6: version `GLIBC_2.33' not found (required by diffstat)
diffstat: /lib64/libc.so.6: version `GLIBC_2.34' not found (required by diffstat)

Error in commit bc56b754e1a6a1db9ccadf64d6dda8a74140e1a3: diffstat error: diffstat: /lib64/libc.so.6: version `GLIBC_2.33' not found (required by diffstat)
diffstat: /lib64/libc.so.6: version `GLIBC_2.34' not found (required by diffstat)

Error in commit da278622bf04f8ddb14519a2b8214e108ef26101: diffstat error: diffstat: /lib64/libc.so.6: version `GLIBC_2.33' not found (required by diffstat)
diffstat: /lib64/libc.so.6: version `GLIBC_2.34' not found (required by diffstat)

Error in commit 8b3fe7b591b3c50061a8701f8eda14033420577b: diffstat error: diffstat: /lib64/libc.so.6: version `GLIBC_2.33' not found (required by diffstat)
diffstat: /lib64/libc.so.6: version `GLIBC_2.34' not found (required by diffstat)

Error in commit 2a94fe48f32ccf7321450a2cc07f2b724a444e5b: diffstat error: diffstat: /lib64/libc.so.6: version `GLIBC_2.33' not found (required by diffstat)
diffstat: /lib64/libc.so.6: version `GLIBC_2.34' not found (required by diffstat)

Error in commit b67fbebd4cf980aecbcc750e1462128bffe8ae15: diffstat error: diffstat: /lib64/libc.so.6: version `GLIBC_2.33' not found (required by diffstat)
diffstat: /lib64/libc.so.6: version `GLIBC_2.34' not found (required by diffstat)

Error in commit 364dbdf3b6c31a4a5fb7a6d479e7aafb4a7a10b6: diffstat error: diffstat: /lib64/libc.so.6: version `GLIBC_2.33' not found (required by diffstat)
diffstat: /lib64/libc.so.6: version `GLIBC_2.34' not found (required by diffstat)

Error in commit 50156d547b9a1da0144d7babe665cf690305b33c: diffstat error: diffstat: /lib64/libc.so.6: version `GLIBC_2.33' not found (required by diffstat)
diffstat: /lib64/libc.so.6: version `GLIBC_2.34' not found (required by diffstat)

Error in commit c14550a38308a7f516e83f5c8e21748ad76bf972: diffstat error: diffstat: /lib64/libc.so.6: version `GLIBC_2.33' not found (required by diffstat)
diffstat: /lib64/libc.so.6: version `GLIBC_2.34' not found (required by diffstat)

Error in commit 1fc63acf51901911183d40c531f471a9eb26e3a7: diffstat error: diffstat: /lib64/libc.so.6: version `GLIBC_2.33' not found (required by diffstat)
diffstat: /lib64/libc.so.6: version `GLIBC_2.34' not found (required by diffstat)

Error in commit 4419d10d576adefa36b0e0a9425d2569f7c0189f: diffstat error: diffstat: /lib64/libc.so.6: version `GLIBC_2.33' not found (required by diffstat)
diffstat: /lib64/libc.so.6: version `GLIBC_2.34' not found (required by diffstat)

Error in commit 89c1b51a2e6c7385158bb3c4b6539ac03b3b1aba: diffstat error: diffstat: /lib64/libc.so.6: version `GLIBC_2.33' not found (required by diffstat)
diffstat: /lib64/libc.so.6: version `GLIBC_2.34' not found (required by diffstat)

Error in commit a5ea8df8c3dc890200c1d0928276be9f8d5081f0: diffstat error: diffstat: /lib64/libc.so.6: version `GLIBC_2.33' not found (required by diffstat)
diffstat: /lib64/libc.so.6: version `GLIBC_2.34' not found (required by diffstat)

Error in commit d4d208595c78d78196c926c55799bc81ae06f230: diffstat error: diffstat: /lib64/libc.so.6: version `GLIBC_2.33' not found (required by diffstat)
diffstat: /lib64/libc.so.6: version `GLIBC_2.34' not found (required by diffstat)

Error in commit 6f23ee1fefdc1f80bd8a3ab04a1c41ab2dec14c9: diffstat error: diffstat: /lib64/libc.so.6: version `GLIBC_2.33' not found (required by diffstat)
diffstat: /lib64/libc.so.6: version `GLIBC_2.34' not found (required by diffstat)

Error in commit ed54af1cc604bbf21e44acb5fdcfb5e0d6429532: diffstat error: diffstat: /lib64/libc.so.6: version `GLIBC_2.33' not found (required by diffstat)
diffstat: /lib64/libc.so.6: version `GLIBC_2.34' not found (required by diffstat)

Error in commit a65411a1d69edfb16b25907ffb8f73556ce36bb7: diffstat error: diffstat: /lib64/libc.so.6: version `GLIBC_2.33' not found (required by diffstat)
diffstat: /lib64/libc.so.6: version `GLIBC_2.34' not found (required by diffstat)

Error in commit a75fb7b198eed50d769c80c36629f38346882cbf: diffstat error: diffstat: /lib64/libc.so.6: version `GLIBC_2.33' not found (required by diffstat)
diffstat: /lib64/libc.so.6: version `GLIBC_2.34' not found (required by diffstat)

Error in commit f905a2633b5676a35078bcdcb392e66c943ead66: diffstat error: diffstat: /lib64/libc.so.6: version `GLIBC_2.33' not found (required by diffstat)
diffstat: /lib64/libc.so.6: version `GLIBC_2.34' not found (required by diffstat)

Error in commit c6770e432e3df7dea8f9499e44cc9c7d50891c43: diffstat error: diffstat: /lib64/libc.so.6: version `GLIBC_2.33' not found (required by diffstat)
diffstat: /lib64/libc.so.6: version `GLIBC_2.34' not found (required by diffstat)

Error in commit 8d9fd61b0e9fb9c548b001f615bfffdd9024d2a2: diffstat error: diffstat: /lib64/libc.so.6: version `GLIBC_2.33' not found (required by diffstat)
diffstat: /lib64/libc.so.6: version `GLIBC_2.34' not found (required by diffstat)

Error in commit e5f16b93ce9686e54c65c0955bbab6e74becf318: diffstat error: diffstat: /lib64/libc.so.6: version `GLIBC_2.33' not found (required by diffstat)
diffstat: /lib64/libc.so.6: version `GLIBC_2.34' not found (required by diffstat)

Error in commit 824d4f64c20093275f72fc8101394d75ff6a249e: diffstat error: diffstat: /lib64/libc.so.6: version `GLIBC_2.33' not found (required by diffstat)
diffstat: /lib64/libc.so.6: version `GLIBC_2.34' not found (required by diffstat)

Error in commit 6475fcccd37c9cf17e0cfe263b5fe0e2e47a8408: diffstat error: diffstat: /lib64/libc.so.6: version `GLIBC_2.33' not found (required by diffstat)
diffstat: /lib64/libc.so.6: version `GLIBC_2.34' not found (required by diffstat)

Error in commit c906ed1b5b8a3c4dedfc50192fa60ee192d96a29: diffstat error: diffstat: /lib64/libc.so.6: version `GLIBC_2.33' not found (required by diffstat)
diffstat: /lib64/libc.so.6: version `GLIBC_2.34' not found (required by diffstat)

Error in commit 7b0d75fc400e97e8aae7c5b02f3b3294e25db09a: diffstat error: diffstat: /lib64/libc.so.6: version `GLIBC_2.33' not found (required by diffstat)
diffstat: /lib64/libc.so.6: version `GLIBC_2.34' not found (required by diffstat)

Error in commit 88f29406b7ae3e01d7403a76ffadc47f1354b568: diffstat error: diffstat: /lib64/libc.so.6: version `GLIBC_2.33' not found (required by diffstat)
diffstat: /lib64/libc.so.6: version `GLIBC_2.34' not found (required by diffstat)

Error in commit 510505a85cbe45e51fbd470f1aa8b02157c429d4: diffstat error: diffstat: /lib64/libc.so.6: version `GLIBC_2.33' not found (required by diffstat)
diffstat: /lib64/libc.so.6: version `GLIBC_2.34' not found (required by diffstat)

Error in commit 51ee664caea63e6e48534eeacde9f67bfd1d9790: diffstat error: diffstat: /lib64/libc.so.6: version `GLIBC_2.33' not found (required by diffstat)
diffstat: /lib64/libc.so.6: version `GLIBC_2.34' not found (required by diffstat)

Error in commit 8eb71af9edbc9c10dc898e17e78cf57c9948288a: diffstat error: diffstat: /lib64/libc.so.6: version `GLIBC_2.33' not found (required by diffstat)
diffstat: /lib64/libc.so.6: version `GLIBC_2.34' not found (required by diffstat)

Error in commit 243bc871c3146664d5155b1b0a86ba0c84f728d8: diffstat error: diffstat: /lib64/libc.so.6: version `GLIBC_2.33' not found (required by diffstat)
diffstat: /lib64/libc.so.6: version `GLIBC_2.34' not found (required by diffstat)

Error in commit ae3936136afe98cee936692f9c5ba951649bfcbe: diffstat error: diffstat: /lib64/libc.so.6: version `GLIBC_2.33' not found (required by diffstat)
diffstat: /lib64/libc.so.6: version `GLIBC_2.34' not found (required by diffstat)

Error in commit 1ec82e6e97e1db06a72ca505f9fbf6b981f31ef7: diffstat error: diffstat: /lib64/libc.so.6: version `GLIBC_2.33' not found (required by diffstat)
diffstat: /lib64/libc.so.6: version `GLIBC_2.34' not found (required by diffstat)

Error in commit 554bd0e7bd81715e319cafda437ed2aebd44b6e9: diffstat error: diffstat: /lib64/libc.so.6: version `GLIBC_2.33' not found (required by diffstat)
diffstat: /lib64/libc.so.6: version `GLIBC_2.34' not found (required by diffstat)

Error in commit b9a0500f16d0cd016398133cc7ac256ad927b679: diffstat error: diffstat: /lib64/libc.so.6: version `GLIBC_2.33' not found (required by diffstat)
diffstat: /lib64/libc.so.6: version `GLIBC_2.34' not found (required by diffstat)

Error in commit 5a23699a39abc5328921a81b89383d088f6ba9cc: diffstat error: diffstat: /lib64/libc.so.6: version `GLIBC_2.33' not found (required by diffstat)
diffstat: /lib64/libc.so.6: version `GLIBC_2.34' not found (required by diffstat)

Error in commit 0a515a06c5ebfa46fee3ac519e418f801e718da4: diffstat error: diffstat: /lib64/libc.so.6: version `GLIBC_2.33' not found (required by diffstat)
diffstat: /lib64/libc.so.6: version `GLIBC_2.34' not found (required by diffstat)

Error in commit 2b0abd56fb17d047927792ce7ab009956460d382: diffstat error: diffstat: /lib64/libc.so.6: version `GLIBC_2.33' not found (required by diffstat)
diffstat: /lib64/libc.so.6: version `GLIBC_2.34' not found (required by diffstat)

Error in commit ae43a19ad66e7e8b1163f469f25b1ba180ed1a87: diffstat error: diffstat: /lib64/libc.so.6: version `GLIBC_2.33' not found (required by diffstat)
diffstat: /lib64/libc.so.6: version `GLIBC_2.34' not found (required by diffstat)

Error in commit aedaac8cca29708cce7b560261c29195a3085166: diffstat error: diffstat: /lib64/libc.so.6: version `GLIBC_2.33' not found (required by diffstat)
diffstat: /lib64/libc.so.6: version `GLIBC_2.34' not found (required by diffstat)

Error in commit 902fb713990a8f968ea4350c7c2a27ff46f1a6c4: diffstat error: diffstat: /lib64/libc.so.6: version `GLIBC_2.33' not found (required by diffstat)
diffstat: /lib64/libc.so.6: version `GLIBC_2.34' not found (required by diffstat)

Error in commit bf2a0cc2ec87f30621ee3f2523fe776f72188ad3: diffstat error: diffstat: /lib64/libc.so.6: version `GLIBC_2.33' not found (required by diffstat)
diffstat: /lib64/libc.so.6: version `GLIBC_2.34' not found (required by diffstat)

Error in commit 3895eacab23db14881c0c90d1cb69b8cbeb0404d: diffstat error: diffstat: /lib64/libc.so.6: version `GLIBC_2.33' not found (required by diffstat)
diffstat: /lib64/libc.so.6: version `GLIBC_2.34' not found (required by diffstat)

Error in commit 44325ce2d9c42d1d139168127bbbe58a78cd95ea: diffstat error: diffstat: /lib64/libc.so.6: version `GLIBC_2.33' not found (required by diffstat)
diffstat: /lib64/libc.so.6: version `GLIBC_2.34' not found (required by diffstat)

Error in commit 508a6307045441defd1bef0999a1f7052097613f: diffstat error: diffstat: /lib64/libc.so.6: version `GLIBC_2.33' not found (required by diffstat)
diffstat: /lib64/libc.so.6: version `GLIBC_2.34' not found (required by diffstat)

Error in commit 2c10b61421a28e95a46ab489fd56c0f442ff6952: diffstat error: diffstat: /lib64/libc.so.6: version `GLIBC_2.33' not found (required by diffstat)
diffstat: /lib64/libc.so.6: version `GLIBC_2.34' not found (required by diffstat)

Error in commit 112e66017bff7f2837030f34c2bc19501e9212d5: diffstat error: diffstat: /lib64/libc.so.6: version `GLIBC_2.33' not found (required by diffstat)
diffstat: /lib64/libc.so.6: version `GLIBC_2.34' not found (required by diffstat)

Error in commit ab552204599d311988be89fe0bbbe5ea9d84184a: diffstat error: diffstat: /lib64/libc.so.6: version `GLIBC_2.33' not found (required by diffstat)
diffstat: /lib64/libc.so.6: version `GLIBC_2.34' not found (required by diffstat)

Error in commit 24601bbcacb3356657747f2e64317923feb7a1a2: diffstat error: diffstat: /lib64/libc.so.6: version `GLIBC_2.33' not found (required by diffstat)
diffstat: /lib64/libc.so.6: version `GLIBC_2.34' not found (required by diffstat)

Error in commit e5508c13ac25b07585229b144a45cf64a990171e: diffstat error: diffstat: /lib64/libc.so.6: version `GLIBC_2.33' not found (required by diffstat)
diffstat: /lib64/libc.so.6: version `GLIBC_2.34' not found (required by diffstat)

Error in commit 56d0332bf91104cfc877635f6c82e9348587df04: diffstat error: diffstat: /lib64/libc.so.6: version `GLIBC_2.33' not found (required by diffstat)
diffstat: /lib64/libc.so.6: version `GLIBC_2.34' not found (required by diffstat)

Error in commit dad31179d218056a20091033fd19afb8e3e4dd03: diffstat error: diffstat: /lib64/libc.so.6: version `GLIBC_2.33' not found (required by diffstat)
diffstat: /lib64/libc.so.6: version `GLIBC_2.34' not found (required by diffstat)

Error in commit 0947a8dcabdd48f7cabd05a336a3eb7d4510f605: diffstat error: diffstat: /lib64/libc.so.6: version `GLIBC_2.33' not found (required by diffstat)
diffstat: /lib64/libc.so.6: version `GLIBC_2.34' not found (required by diffstat)

Error in commit 611792920925fb088ddccbe2783c7f92fdfb6b64: diffstat error: diffstat: /lib64/libc.so.6: version `GLIBC_2.33' not found (required by diffstat)
diffstat: /lib64/libc.so.6: version `GLIBC_2.34' not found (required by diffstat)

Error in commit a86d7e1549ff3fc5fffc2d4c99666a29d1fd130b: diffstat error: diffstat: /lib64/libc.so.6: version `GLIBC_2.33' not found (required by diffstat)
diffstat: /lib64/libc.so.6: version `GLIBC_2.34' not found (required by diffstat)

Error in commit 63b9d6c709b9407f0d7bb9fd1703e124bb9ae833: diffstat error: diffstat: /lib64/libc.so.6: version `GLIBC_2.33' not found (required by diffstat)
diffstat: /lib64/libc.so.6: version `GLIBC_2.34' not found (required by diffstat)

Error in commit f620340935777b28fa3f7b0ed7ed6bd86946934c: diffstat error: diffstat: /lib64/libc.so.6: version `GLIBC_2.33' not found (required by diffstat)
diffstat: /lib64/libc.so.6: version `GLIBC_2.34' not found (required by diffstat)

Error in commit d2099cc8f1adb33d427a44a5e32ed27b647c7168: diffstat error: diffstat: /lib64/libc.so.6: version `GLIBC_2.33' not found (required by diffstat)
diffstat: /lib64/libc.so.6: version `GLIBC_2.34' not found (required by diffstat)

Error in commit 1dd9f1900fca0c137324c05a9421f1ba180b2470: diffstat error: diffstat: /lib64/libc.so.6: version `GLIBC_2.33' not found (required by diffstat)
diffstat: /lib64/libc.so.6: version `GLIBC_2.34' not found (required by diffstat)

Error in commit c5f02f459a152c1e96f49ad395147aa3610cf8c5: diffstat error: diffstat: /lib64/libc.so.6: version `GLIBC_2.33' not found (required by diffstat)
diffstat: /lib64/libc.so.6: version `GLIBC_2.34' not found (required by diffstat)

Error in commit 9813a5eae95380e3c17202b0e5edfd88b4718123: diffstat error: diffstat: /lib64/libc.so.6: version `GLIBC_2.33' not found (required by diffstat)
diffstat: /lib64/libc.so.6: version `GLIBC_2.34' not found (required by diffstat)

Error in commit 88fe4fded679aebca73dd5167144148a3ee13f17: diffstat error: diffstat: /lib64/libc.so.6: version `GLIBC_2.33' not found (required by diffstat)
diffstat: /lib64/libc.so.6: version `GLIBC_2.34' not found (required by diffstat)

Error in commit a65120bae4b7: diffstat error: diffstat: /lib64/libc.so.6: version `GLIBC_2.33' not found (required by diffstat)
diffstat: /lib64/libc.so.6: version `GLIBC_2.34' not found (required by diffstat)

Error in commit 6f111e1961b8db5e148b5894f36fbe4020962a8c: SHA b'6f111e1961b8db5e148b5894f36fbe4020962a8c' could not be resolved, git returned: b'6f111e1961b8db5e148b5894f36fbe4020962a8c missing'
Error in commit 0d4837fdb796f99369cf7691d33de1b856bcaf1f: diffstat error: diffstat: /lib64/libc.so.6: version `GLIBC_2.33' not found (required by diffstat)
diffstat: /lib64/libc.so.6: version `GLIBC_2.34' not found (required by diffstat)

Error in commit 7a6f636db3360bb16d18078d51e8c596f31302a1: diffstat error: diffstat: /lib64/libc.so.6: version `GLIBC_2.33' not found (required by diffstat)
diffstat: /lib64/libc.so.6: version `GLIBC_2.34' not found (required by diffstat)

Error in commit 8ac9a080bee25e67e49bd138d81c992ce7b6d899: diffstat error: diffstat: /lib64/libc.so.6: version `GLIBC_2.33' not found (required by diffstat)
diffstat: /lib64/libc.so.6: version `GLIBC_2.34' not found (required by diffstat)

Error in commit 491e8ab90e6a54ab1728526457a41db1ca864797: diffstat error: diffstat: /lib64/libc.so.6: version `GLIBC_2.33' not found (required by diffstat)
diffstat: /lib64/libc.so.6: version `GLIBC_2.34' not found (required by diffstat)

Error in commit 27674ad03ef3fe61f602bc73cc6929d84ba1dc02: diffstat error: diffstat: /lib64/libc.so.6: version `GLIBC_2.33' not found (required by diffstat)
diffstat: /lib64/libc.so.6: version `GLIBC_2.34' not found (required by diffstat)

Error in commit 4abc55e976573991e6a1117bb2b3711e59da07ae: diffstat error: diffstat: /lib64/libc.so.6: version `GLIBC_2.33' not found (required by diffstat)
diffstat: /lib64/libc.so.6: version `GLIBC_2.34' not found (required by diffstat)

Error in commit 6ea12e8fb590ac6959e9356a81aa3370576568c3: diffstat error: diffstat: /lib64/libc.so.6: version `GLIBC_2.33' not found (required by diffstat)
diffstat: /lib64/libc.so.6: version `GLIBC_2.34' not found (required by diffstat)

Error in commit 3f0e38d60af2b79103a5d7ff8f93943f4ee2f7e0: diffstat error: diffstat: /lib64/libc.so.6: version `GLIBC_2.33' not found (required by diffstat)
diffstat: /lib64/libc.so.6: version `GLIBC_2.34' not found (required by diffstat)

Error in commit 4310f8b00dd574542dcec4208112bb89ef403528: diffstat error: diffstat: /lib64/libc.so.6: version `GLIBC_2.33' not found (required by diffstat)
diffstat: /lib64/libc.so.6: version `GLIBC_2.34' not found (required by diffstat)

Error in commit b8d8561b073368b1000afe7bc3758c967ea3a0ba: diffstat error: diffstat: /lib64/libc.so.6: version `GLIBC_2.33' not found (required by diffstat)
diffstat: /lib64/libc.so.6: version `GLIBC_2.34' not found (required by diffstat)

Error in commit 874c2b27c650172def2e3dcd5dffd100cad8a4fe: diffstat error: diffstat: /lib64/libc.so.6: version `GLIBC_2.33' not found (required by diffstat)
diffstat: /lib64/libc.so.6: version `GLIBC_2.34' not found (required by diffstat)

Error in commit c192fd20a2fe4003e0581c3164489a89e06420c6: diffstat error: diffstat: /lib64/libc.so.6: version `GLIBC_2.33' not found (required by diffstat)
diffstat: /lib64/libc.so.6: version `GLIBC_2.34' not found (required by diffstat)

Error in commit 5f5213c23cc8608537b234e93ee5dae31a77aaff: diffstat error: diffstat: /lib64/libc.so.6: version `GLIBC_2.33' not found (required by diffstat)
diffstat: /lib64/libc.so.6: version `GLIBC_2.34' not found (required by diffstat)

Error in commit 4248def5d24325aeb0e35cacde3d56c9411816a6: diffstat error: diffstat: /lib64/libc.so.6: version `GLIBC_2.33' not found (required by diffstat)
diffstat: /lib64/libc.so.6: version `GLIBC_2.34' not found (required by diffstat)

Error in commit 0e9e399ab010054cd2292bc70b758bded5aa2f25: diffstat error: diffstat: /lib64/libc.so.6: version `GLIBC_2.33' not found (required by diffstat)
diffstat: /lib64/libc.so.6: version `GLIBC_2.34' not found (required by diffstat)

Error in commit 403c409b2f579d325ea3ac7330074cbb9cebab78: diffstat error: diffstat: /lib64/libc.so.6: version `GLIBC_2.33' not found (required by diffstat)
diffstat: /lib64/libc.so.6: version `GLIBC_2.34' not found (required by diffstat)

Error in commit af73483f4e8b6f5c68c9aa63257bdd929a9c194a: diffstat error: diffstat: /lib64/libc.so.6: version `GLIBC_2.33' not found (required by diffstat)
diffstat: /lib64/libc.so.6: version `GLIBC_2.34' not found (required by diffstat)

Error in commit e70b21c815418a1e6ebedf6d8d31b8477c03ba50: diffstat error: diffstat: /lib64/libc.so.6: version `GLIBC_2.33' not found (required by diffstat)
diffstat: /lib64/libc.so.6: version `GLIBC_2.34' not found (required by diffstat)

Error in commit 070a26ed403e9a0c330ee7901c5b85394317ef77: diffstat error: diffstat: /lib64/libc.so.6: version `GLIBC_2.33' not found (required by diffstat)
diffstat: /lib64/libc.so.6: version `GLIBC_2.34' not found (required by diffstat)

Error in commit ee69f4fc0c077a676c1f975d67615887996981d5: diffstat error: diffstat: /lib64/libc.so.6: version `GLIBC_2.33' not found (required by diffstat)
diffstat: /lib64/libc.so.6: version `GLIBC_2.34' not found (required by diffstat)

Error in commit 1c2f1fe505f55a5df2430d78128a4ace331e6597: diffstat error: diffstat: /lib64/libc.so.6: version `GLIBC_2.33' not found (required by diffstat)
diffstat: /lib64/libc.so.6: version `GLIBC_2.34' not found (required by diffstat)

Error in commit 9311d0c471ca2eaa259e8c1bbbeb7c46394c7ba2: diffstat error: diffstat: /lib64/libc.so.6: version `GLIBC_2.33' not found (required by diffstat)
diffstat: /lib64/libc.so.6: version `GLIBC_2.34' not found (required by diffstat)

Error in commit 031bb5a5d0d950253b68138b498dc93be69a64cb: diffstat error: diffstat: /lib64/libc.so.6: version `GLIBC_2.33' not found (required by diffstat)
diffstat: /lib64/libc.so.6: version `GLIBC_2.34' not found (required by diffstat)

Error in commit 902026536a826400014a7508b008e41269d081e6: diffstat error: diffstat: /lib64/libc.so.6: version `GLIBC_2.33' not found (required by diffstat)
diffstat: /lib64/libc.so.6: version `GLIBC_2.34' not found (required by diffstat)

Error in commit add2dabb3c16aa49b33904dcdc07cd915efc12fa: diffstat error: diffstat: /lib64/libc.so.6: version `GLIBC_2.33' not found (required by diffstat)
diffstat: /lib64/libc.so.6: version `GLIBC_2.34' not found (required by diffstat)

Error in commit 3530bcc30350d4a6ccf35d2f7b33e23292b9de70: diffstat error: diffstat: /lib64/libc.so.6: version `GLIBC_2.33' not found (required by diffstat)
diffstat: /lib64/libc.so.6: version `GLIBC_2.34' not found (required by diffstat)

Error in commit 46c448d8656bb42fae39d6de8a837097884fcaac: diffstat error: diffstat: /lib64/libc.so.6: version `GLIBC_2.33' not found (required by diffstat)
diffstat: /lib64/libc.so.6: version `GLIBC_2.34' not found (required by diffstat)

Error in commit 00536345a1f49ef19c1869253c7ce4d24be5ab58: diffstat error: diffstat: /lib64/libc.so.6: version `GLIBC_2.33' not found (required by diffstat)
diffstat: /lib64/libc.so.6: version `GLIBC_2.34' not found (required by diffstat)

Error in commit 63895ea8e3cca9c5d3ab4c5c128ed1369969d54a: diffstat error: diffstat: /lib64/libc.so.6: version `GLIBC_2.33' not found (required by diffstat)
diffstat: /lib64/libc.so.6: version `GLIBC_2.34' not found (required by diffstat)

Error in commit f07a0213e655202188840b864be4438ae1067a13: diffstat error: diffstat: /lib64/libc.so.6: version `GLIBC_2.33' not found (required by diffstat)
diffstat: /lib64/libc.so.6: version `GLIBC_2.34' not found (required by diffstat)

Error in commit 53a326e4509d833bb5b66f5d1c69db396cd8d94d: diffstat error: diffstat: /lib64/libc.so.6: version `GLIBC_2.33' not found (required by diffstat)
diffstat: /lib64/libc.so.6: version `GLIBC_2.34' not found (required by diffstat)

Error in commit 254f0a7f57ab513d4e6552632fd2fa097344980a: diffstat error: diffstat: /lib64/libc.so.6: version `GLIBC_2.33' not found (required by diffstat)
diffstat: /lib64/libc.so.6: version `GLIBC_2.34' not found (required by diffstat)

Error in commit e33556fab3f0f9019681680f38b7feac1267cb61: diffstat error: diffstat: /lib64/libc.so.6: version `GLIBC_2.33' not found (required by diffstat)
diffstat: /lib64/libc.so.6: version `GLIBC_2.34' not found (required by diffstat)

Error in commit eb958fb5b6fad2905049fec5ea6f9d3abab10d92: diffstat error: diffstat: /lib64/libc.so.6: version `GLIBC_2.33' not found (required by diffstat)
diffstat: /lib64/libc.so.6: version `GLIBC_2.34' not found (required by diffstat)

Error in commit b58d31272913fa8bb1bd1b69b0102d710c97d431: diffstat error: diffstat: /lib64/libc.so.6: version `GLIBC_2.33' not found (required by diffstat)
diffstat: /lib64/libc.so.6: version `GLIBC_2.34' not found (required by diffstat)

Error in commit 91401cfe26fd5501807646ac74e96a2ef67f1d68: diffstat error: diffstat: /lib64/libc.so.6: version `GLIBC_2.33' not found (required by diffstat)
diffstat: /lib64/libc.so.6: version `GLIBC_2.34' not found (required by diffstat)

Error in commit 21eb4eb6ddb76e4918ec76a77d8d6d73a587ec0d: diffstat error: diffstat: /lib64/libc.so.6: version `GLIBC_2.33' not found (required by diffstat)
diffstat: /lib64/libc.so.6: version `GLIBC_2.34' not found (required by diffstat)

Error in commit 730c62169997b58f9c80d65c56c6f8d240a02eb3: diffstat error: diffstat: /lib64/libc.so.6: version `GLIBC_2.33' not found (required by diffstat)
diffstat: /lib64/libc.so.6: version `GLIBC_2.34' not found (required by diffstat)

Error in commit 0ba995655db831643fba554cc485340ace77b1d8: diffstat error: diffstat: /lib64/libc.so.6: version `GLIBC_2.33' not found (required by diffstat)
diffstat: /lib64/libc.so.6: version `GLIBC_2.34' not found (required by diffstat)

Error in commit 414f97c6695c5a2e1d378a36a6f50d7288767634: diffstat error: diffstat: /lib64/libc.so.6: version `GLIBC_2.33' not found (required by diffstat)
diffstat: /lib64/libc.so.6: version `GLIBC_2.34' not found (required by diffstat)

Error in commit b6a979481b7d77c12fa17bbed94576b63bbcb0c0: diffstat error: diffstat: /lib64/libc.so.6: version `GLIBC_2.33' not found (required by diffstat)
diffstat: /lib64/libc.so.6: version `GLIBC_2.34' not found (required by diffstat)

Error in commit 91f27004a5c88589658e38d68e46d223da6b75ca: diffstat error: diffstat: /lib64/libc.so.6: version `GLIBC_2.33' not found (required by diffstat)
diffstat: /lib64/libc.so.6: version `GLIBC_2.34' not found (required by diffstat)

Error in commit 65b3fb6e717eae73db6886a3657302576f5c9458: diffstat error: diffstat: /lib64/libc.so.6: version `GLIBC_2.33' not found (required by diffstat)
diffstat: /lib64/libc.so.6: version `GLIBC_2.34' not found (required by diffstat)

Error in commit 424f382265504bf1a09d69814a6f1c798da4a751: diffstat error: diffstat: /lib64/libc.so.6: version `GLIBC_2.33' not found (required by diffstat)
diffstat: /lib64/libc.so.6: version `GLIBC_2.34' not found (required by diffstat)

Error in commit 73da0d4d65ef0925772b7b7f82a5fbb3ff2c5e4f: diffstat error: diffstat: /lib64/libc.so.6: version `GLIBC_2.33' not found (required by diffstat)
diffstat: /lib64/libc.so.6: version `GLIBC_2.34' not found (required by diffstat)

Error in commit c08ebc6eeb4d68609d2b7ba3e7eb97e66a24da00: SHA b'c08ebc6eeb4d68609d2b7ba3e7eb97e66a24da00' could not be resolved, git returned: b'c08ebc6eeb4d68609d2b7ba3e7eb97e66a24da00 missing'
Error in commit d9cd01ede97f4145af9781d448c62a3318952719: diffstat error: diffstat: /lib64/libc.so.6: version `GLIBC_2.33' not found (required by diffstat)
diffstat: /lib64/libc.so.6: version `GLIBC_2.34' not found (required by diffstat)

Error in commit 2e8e8c6387ecdf5923dfc4d7718d18eba1b0873d: diffstat error: diffstat: /lib64/libc.so.6: version `GLIBC_2.33' not found (required by diffstat)
diffstat: /lib64/libc.so.6: version `GLIBC_2.34' not found (required by diffstat)

Error in commit ff94dd35673bba1476594299d31ce8293b8bd223: diffstat error: diffstat: /lib64/libc.so.6: version `GLIBC_2.33' not found (required by diffstat)
diffstat: /lib64/libc.so.6: version `GLIBC_2.34' not found (required by diffstat)

Error in commit e356fc57a2e9887370caec58d8aafeafd1f336dc: diffstat error: diffstat: /lib64/libc.so.6: version `GLIBC_2.33' not found (required by diffstat)
diffstat: /lib64/libc.so.6: version `GLIBC_2.34' not found (required by diffstat)

Error in commit 0837e3242c73566fc1c0196b4ec61779c25ffc93: diffstat error: diffstat: /lib64/libc.so.6: version `GLIBC_2.33' not found (required by diffstat)
diffstat: /lib64/libc.so.6: version `GLIBC_2.34' not found (required by diffstat)

Error in commit 208c72f4fe44fe09577e7975ba0e7fa0278f3d03: diffstat error: diffstat: /lib64/libc.so.6: version `GLIBC_2.33' not found (required by diffstat)
diffstat: /lib64/libc.so.6: version `GLIBC_2.34' not found (required by diffstat)

Error in commit 455cd5ab305c90ffc422dd2e0fb634730942b257: diffstat error: diffstat: /lib64/libc.so.6: version `GLIBC_2.33' not found (required by diffstat)
diffstat: /lib64/libc.so.6: version `GLIBC_2.34' not found (required by diffstat)

Error in commit 631f9c1868b970197747c80fc5168ad7d9fd5d53: diffstat error: diffstat: /lib64/libc.so.6: version `GLIBC_2.33' not found (required by diffstat)
diffstat: /lib64/libc.so.6: version `GLIBC_2.34' not found (required by diffstat)

Error in commit 13796bf9edc9d2008cfaa3ebea89312ced0d44a9: diffstat error: diffstat: /lib64/libc.so.6: version `GLIBC_2.33' not found (required by diffstat)
diffstat: /lib64/libc.so.6: version `GLIBC_2.34' not found (required by diffstat)

Error in commit e56e0b78eb1097a8e06512b9ed4be94d7538e7ac: diffstat error: diffstat: /lib64/libc.so.6: version `GLIBC_2.33' not found (required by diffstat)
diffstat: /lib64/libc.so.6: version `GLIBC_2.34' not found (required by diffstat)

Error in commit 79549c6dfda0603dba9a70a53467ce62d9335c33: diffstat error: diffstat: /lib64/libc.so.6: version `GLIBC_2.33' not found (required by diffstat)
diffstat: /lib64/libc.so.6: version `GLIBC_2.34' not found (required by diffstat)

Error in commit 7c657876b63cb1d8a2ec06f8fc6c37bb8412e66c: diffstat error: diffstat: /lib64/libc.so.6: version `GLIBC_2.33' not found (required by diffstat)
diffstat: /lib64/libc.so.6: version `GLIBC_2.34' not found (required by diffstat)

Error in commit be27425dcc516fd08245b047ea57f83b8f6f0903: diffstat error: diffstat: /lib64/libc.so.6: version `GLIBC_2.33' not found (required by diffstat)
diffstat: /lib64/libc.so.6: version `GLIBC_2.34' not found (required by diffstat)

Error in commit c903f0456bc69176912dee6dd25c6a66ee1aed00: diffstat error: diffstat: /lib64/libc.so.6: version `GLIBC_2.33' not found (required by diffstat)
diffstat: /lib64/libc.so.6: version `GLIBC_2.34' not found (required by diffstat)

Error in commit 245ba56a52a32536a751cc3e60e5602afcfc5fd9: diffstat error: diffstat: /lib64/libc.so.6: version `GLIBC_2.33' not found (required by diffstat)
diffstat: /lib64/libc.so.6: version `GLIBC_2.34' not found (required by diffstat)

Error in commit 6238cbaec429c98d1a280014839c934107c7c8f6: diffstat error: diffstat: /lib64/libc.so.6: version `GLIBC_2.33' not found (required by diffstat)
diffstat: /lib64/libc.so.6: version `GLIBC_2.34' not found (required by diffstat)

Error in commit 29cd8ae0e1a39e239a3a7b67da1986add1199fc0: diffstat error: diffstat: /lib64/libc.so.6: version `GLIBC_2.33' not found (required by diffstat)
diffstat: /lib64/libc.so.6: version `GLIBC_2.34' not found (required by diffstat)

Error in commit 6ec82562ffc6f297d0de36d65776cff8e5704867: diffstat error: diffstat: /lib64/libc.so.6: version `GLIBC_2.33' not found (required by diffstat)
diffstat: /lib64/libc.so.6: version `GLIBC_2.34' not found (required by diffstat)

Error in commit 2fe17c1075836b66678ed2a305fd09b6773883aa: diffstat error: diffstat: /lib64/libc.so.6: version `GLIBC_2.33' not found (required by diffstat)
diffstat: /lib64/libc.so.6: version `GLIBC_2.34' not found (required by diffstat)

Error in commit 11909cc59e712e09b508dda729b99aeaac2b29ad: diffstat error: diffstat: /lib64/libc.so.6: version `GLIBC_2.33' not found (required by diffstat)
diffstat: /lib64/libc.so.6: version `GLIBC_2.34' not found (required by diffstat)

Error in commit d09696a3bccb31d45abc1375b4016dd299557e57: diffstat error: diffstat: /lib64/libc.so.6: version `GLIBC_2.33' not found (required by diffstat)
diffstat: /lib64/libc.so.6: version `GLIBC_2.34' not found (required by diffstat)

Error in commit cfe3ab8da7276fb339de770a3d1b7bfb212620b7: diffstat error: diffstat: /lib64/libc.so.6: version `GLIBC_2.33' not found (required by diffstat)
diffstat: /lib64/libc.so.6: version `GLIBC_2.34' not found (required by diffstat)

Error in commit 056290c1574af100059cc35ce599aa32a12f65c6: diffstat error: diffstat: /lib64/libc.so.6: version `GLIBC_2.33' not found (required by diffstat)
diffstat: /lib64/libc.so.6: version `GLIBC_2.34' not found (required by diffstat)

Error in commit 7b1b8241bd8acd4826703492dfb9ce2b625453ed: diffstat error: diffstat: /lib64/libc.so.6: version `GLIBC_2.33' not found (required by diffstat)
diffstat: /lib64/libc.so.6: version `GLIBC_2.34' not found (required by diffstat)

Error in commit d661684cf6820331feae71146c35da83d794467e: diffstat error: diffstat: /lib64/libc.so.6: version `GLIBC_2.33' not found (required by diffstat)
diffstat: /lib64/libc.so.6: version `GLIBC_2.34' not found (required by diffstat)

Error in commit e1fd1f490fa4213bd3060efa823a39d299538f72: diffstat error: diffstat: /lib64/libc.so.6: version `GLIBC_2.33' not found (required by diffstat)
diffstat: /lib64/libc.so.6: version `GLIBC_2.34' not found (required by diffstat)

Error in commit 715c05507f96442d059524837c7167e6991d1471: diffstat error: diffstat: /lib64/libc.so.6: version `GLIBC_2.33' not found (required by diffstat)
diffstat: /lib64/libc.so.6: version `GLIBC_2.34' not found (required by diffstat)

Error in commit 6769d2d7c90700f642adab9121f511dc82456e00: diffstat error: diffstat: /lib64/libc.so.6: version `GLIBC_2.33' not found (required by diffstat)
diffstat: /lib64/libc.so.6: version `GLIBC_2.34' not found (required by diffstat)

Error in commit dd3abaedc3def1fb4c57cefb9f29ec5bebe45177: diffstat error: diffstat: /lib64/libc.so.6: version `GLIBC_2.33' not found (required by diffstat)
diffstat: /lib64/libc.so.6: version `GLIBC_2.34' not found (required by diffstat)

Error in commit c94f9e854228e0ea00e1de8769d8d3f7cab84a55: diffstat error: diffstat: /lib64/libc.so.6: version `GLIBC_2.33' not found (required by diffstat)
diffstat: /lib64/libc.so.6: version `GLIBC_2.34' not found (required by diffstat)

Error in commit 78e9852a2e3b198ecd69ffa0deab3fa22a8e5378: diffstat error: diffstat: /lib64/libc.so.6: version `GLIBC_2.33' not found (required by diffstat)
diffstat: /lib64/libc.so.6: version `GLIBC_2.34' not found (required by diffstat)

Error in commit 821a5938d100458f4d09d634041b05c860554ce0: diffstat error: diffstat: /lib64/libc.so.6: version `GLIBC_2.33' not found (required by diffstat)
diffstat: /lib64/libc.so.6: version `GLIBC_2.34' not found (required by diffstat)

Error in commit f67f2681da5fe6a1a97674c6855e670fd089c34d: diffstat error: diffstat: /lib64/libc.so.6: version `GLIBC_2.33' not found (required by diffstat)
diffstat: /lib64/libc.so.6: version `GLIBC_2.34' not found (required by diffstat)

Error in commit 6c5d523826dc639df709ed0f88c5d2ce25379652: diffstat error: diffstat: /lib64/libc.so.6: version `GLIBC_2.33' not found (required by diffstat)
diffstat: /lib64/libc.so.6: version `GLIBC_2.34' not found (required by diffstat)

Error in commit 1b2b03f8e514e4f68e293846ba511a948b80243c: diffstat error: diffstat: /lib64/libc.so.6: version `GLIBC_2.33' not found (required by diffstat)
diffstat: /lib64/libc.so.6: version `GLIBC_2.34' not found (required by diffstat)

Error in commit 2938329ce19cb8c4197dec146c3ec887c6f61d01: diffstat error: diffstat: /lib64/libc.so.6: version `GLIBC_2.33' not found (required by diffstat)
diffstat: /lib64/libc.so.6: version `GLIBC_2.34' not found (required by diffstat)

Error in commit 0a55c4b1dd84382c7d53c460462b78e8ac9c7d8b: diffstat error: diffstat: /lib64/libc.so.6: version `GLIBC_2.33' not found (required by diffstat)
diffstat: /lib64/libc.so.6: version `GLIBC_2.34' not found (required by diffstat)

Error in commit 780c6e0a9cedb8dbecf5e4aca00996c73c0723d5: diffstat error: diffstat: /lib64/libc.so.6: version `GLIBC_2.33' not found (required by diffstat)
diffstat: /lib64/libc.so.6: version `GLIBC_2.34' not found (required by diffstat)

Error in commit fa940a60dec4ac1609b2696607783cf5b68e4b07: diffstat error: diffstat: /lib64/libc.so.6: version `GLIBC_2.33' not found (required by diffstat)
diffstat: /lib64/libc.so.6: version `GLIBC_2.34' not found (required by diffstat)

Error in commit 1ec484d3c536e85bc536e809a403ce5e7d7849d8: diffstat error: diffstat: /lib64/libc.so.6: version `GLIBC_2.33' not found (required by diffstat)
diffstat: /lib64/libc.so.6: version `GLIBC_2.34' not found (required by diffstat)

Error in commit 3963ba649d255b5b3bdfe75af3a7cc0b1280d17f: diffstat error: diffstat: /lib64/libc.so.6: version `GLIBC_2.33' not found (required by diffstat)
diffstat: /lib64/libc.so.6: version `GLIBC_2.34' not found (required by diffstat)

Error in commit 5d81de8e8667da7135d3a32a964087c0faf5483f: diffstat error: diffstat: /lib64/libc.so.6: version `GLIBC_2.33' not found (required by diffstat)
diffstat: /lib64/libc.so.6: version `GLIBC_2.34' not found (required by diffstat)

Error in commit 92e22ca23e52066da2258df8c76a2dca8a428bcc: diffstat error: diffstat: /lib64/libc.so.6: version `GLIBC_2.33' not found (required by diffstat)
diffstat: /lib64/libc.so.6: version `GLIBC_2.34' not found (required by diffstat)

Error in commit 35ceea928b12373a3b1e3eecdc32ed323223a40d: diffstat error: diffstat: /lib64/libc.so.6: version `GLIBC_2.33' not found (required by diffstat)
diffstat: /lib64/libc.so.6: version `GLIBC_2.34' not found (required by diffstat)

Error in commit d77d6153ec3e7ce1731426fe1a2d29ea495fca92: diffstat error: diffstat: /lib64/libc.so.6: version `GLIBC_2.33' not found (required by diffstat)
diffstat: /lib64/libc.so.6: version `GLIBC_2.34' not found (required by diffstat)

Error in commit 4291086b1f081b869c6d79e5b7441633dc3ace00: diffstat error: diffstat: /lib64/libc.so.6: version `GLIBC_2.33' not found (required by diffstat)
diffstat: /lib64/libc.so.6: version `GLIBC_2.34' not found (required by diffstat)

Error in commit d3217b15a19a4779c39b212358a5c71d725822ee: diffstat error: diffstat: /lib64/libc.so.6: version `GLIBC_2.33' not found (required by diffstat)
diffstat: /lib64/libc.so.6: version `GLIBC_2.34' not found (required by diffstat)

Error in commit 1ab9278570077101d1e367399686be62b22c4019: diffstat error: diffstat: /lib64/libc.so.6: version `GLIBC_2.33' not found (required by diffstat)
diffstat: /lib64/libc.so.6: version `GLIBC_2.34' not found (required by diffstat)

Error in commit ebda02c2a5a6001c787f311b4d5a0dc827ce2d92: diffstat error: diffstat: /lib64/libc.so.6: version `GLIBC_2.33' not found (required by diffstat)
diffstat: /lib64/libc.so.6: version `GLIBC_2.34' not found (required by diffstat)

Error in commit e4a0f2c94fe6e893c39115d2af1ccab5efcf7b2f: diffstat error: diffstat: /lib64/libc.so.6: version `GLIBC_2.33' not found (required by diffstat)
diffstat: /lib64/libc.so.6: version `GLIBC_2.34' not found (required by diffstat)

Error in commit 5f9d4c3b3d67c82fc79ee12712e1fe4d2534be04: diffstat error: diffstat: /lib64/libc.so.6: version `GLIBC_2.33' not found (required by diffstat)
diffstat: /lib64/libc.so.6: version `GLIBC_2.34' not found (required by diffstat)

Error in commit 3e7c039799cddc45517350cc917eb10715f33fec: diffstat error: diffstat: /lib64/libc.so.6: version `GLIBC_2.33' not found (required by diffstat)
diffstat: /lib64/libc.so.6: version `GLIBC_2.34' not found (required by diffstat)

Error in commit d1f707024f1d0af6e54a18885322d70fa15ec4d3: diffstat error: diffstat: /lib64/libc.so.6: version `GLIBC_2.33' not found (required by diffstat)
diffstat: /lib64/libc.so.6: version `GLIBC_2.34' not found (required by diffstat)

Error in commit 42d9d6ab320ee3a661fe21472be542acd542d5be: diffstat error: diffstat: /lib64/libc.so.6: version `GLIBC_2.33' not found (required by diffstat)
diffstat: /lib64/libc.so.6: version `GLIBC_2.34' not found (required by diffstat)

Error in commit 1825455ede7e61ab934b16262fb5b12b78a52f1a: diffstat error: diffstat: /lib64/libc.so.6: version `GLIBC_2.33' not found (required by diffstat)
diffstat: /lib64/libc.so.6: version `GLIBC_2.34' not found (required by diffstat)

Error in commit 870240654db1bc6f0434b4f1400122d470ab5835: diffstat error: diffstat: /lib64/libc.so.6: version `GLIBC_2.33' not found (required by diffstat)
diffstat: /lib64/libc.so.6: version `GLIBC_2.34' not found (required by diffstat)

Error in commit aa231e889297d4d6a504a7c4cbfcfe75cc6d6517: diffstat error: diffstat: /lib64/libc.so.6: version `GLIBC_2.33' not found (required by diffstat)
diffstat: /lib64/libc.so.6: version `GLIBC_2.34' not found (required by diffstat)

Error in commit e23ee681ca40f271ddbbd840f155a9b13102f148: diffstat error: diffstat: /lib64/libc.so.6: version `GLIBC_2.33' not found (required by diffstat)
diffstat: /lib64/libc.so.6: version `GLIBC_2.34' not found (required by diffstat)

Error in commit 506a44194a9016406c752ad8e010c01aeffc18cc: diffstat error: diffstat: /lib64/libc.so.6: version `GLIBC_2.33' not found (required by diffstat)
diffstat: /lib64/libc.so.6: version `GLIBC_2.34' not found (required by diffstat)

Error in commit d3e0eb88d09125011c4f2e711da0815ececef94d: diffstat error: diffstat: /lib64/libc.so.6: version `GLIBC_2.33' not found (required by diffstat)
diffstat: /lib64/libc.so.6: version `GLIBC_2.34' not found (required by diffstat)

Error in commit 7135ec229882370a00411aa50030eada6034cc1b: diffstat error: diffstat: /lib64/libc.so.6: version `GLIBC_2.33' not found (required by diffstat)
diffstat: /lib64/libc.so.6: version `GLIBC_2.34' not found (required by diffstat)

Error in commit 8280daad436edb7dd9e7e06fc13bcecb6b2a885c: diffstat error: diffstat: /lib64/libc.so.6: version `GLIBC_2.33' not found (required by diffstat)
diffstat: /lib64/libc.so.6: version `GLIBC_2.34' not found (required by diffstat)

Error in commit dda35b8f84d209784041bbad47f9e195a08a7527: diffstat error: diffstat: /lib64/libc.so.6: version `GLIBC_2.33' not found (required by diffstat)
diffstat: /lib64/libc.so.6: version `GLIBC_2.34' not found (required by diffstat)

Error in commit d2e448d5fdebdcda93ed171339a3d864f65c227e: diffstat error: diffstat: /lib64/libc.so.6: version `GLIBC_2.33' not found (required by diffstat)
diffstat: /lib64/libc.so.6: version `GLIBC_2.34' not found (required by diffstat)

Error in commit ccfe8c3f7e52ae83155cb038753f4c75b774ca8a: diffstat error: diffstat: /lib64/libc.so.6: version `GLIBC_2.33' not found (required by diffstat)
diffstat: /lib64/libc.so.6: version `GLIBC_2.34' not found (required by diffstat)

Error in commit 72cf81f6a3404e35028567db2c99a90406e9c6e6: diffstat error: diffstat: /lib64/libc.so.6: version `GLIBC_2.33' not found (required by diffstat)
diffstat: /lib64/libc.so.6: version `GLIBC_2.34' not found (required by diffstat)

Error in commit 469b57873977afcb5d9f5adb00097c944caedd2a: diffstat error: diffstat: /lib64/libc.so.6: version `GLIBC_2.33' not found (required by diffstat)
diffstat: /lib64/libc.so.6: version `GLIBC_2.34' not found (required by diffstat)

Error in commit 44b9ae4b8a5732a36d3fa88f0059567c93903fab: diffstat error: diffstat: /lib64/libc.so.6: version `GLIBC_2.33' not found (required by diffstat)
diffstat: /lib64/libc.so.6: version `GLIBC_2.34' not found (required by diffstat)

Error in commit 669b632579c213da730c783ad13472fe8835480b: diffstat error: diffstat: /lib64/libc.so.6: version `GLIBC_2.33' not found (required by diffstat)
diffstat: /lib64/libc.so.6: version `GLIBC_2.34' not found (required by diffstat)

Error in commit d4697fe9a28dab7255c60433e4dd23cf7fce8a8b: diffstat error: diffstat: /lib64/libc.so.6: version `GLIBC_2.33' not found (required by diffstat)
diffstat: /lib64/libc.so.6: version `GLIBC_2.34' not found (required by diffstat)

Error in commit 391e8bbd38474b9f85b1f3933394a79ea66fe1e2: diffstat error: diffstat: /lib64/libc.so.6: version `GLIBC_2.33' not found (required by diffstat)
diffstat: /lib64/libc.so.6: version `GLIBC_2.34' not found (required by diffstat)

Error in commit b8a8684502a0fc852afa0056c6bb2a9273f6fcc0: diffstat error: diffstat: /lib64/libc.so.6: version `GLIBC_2.33' not found (required by diffstat)
diffstat: /lib64/libc.so.6: version `GLIBC_2.34' not found (required by diffstat)

Error in commit c863901075a42d50678616d8ee4b96ef13080498: diffstat error: diffstat: /lib64/libc.so.6: version `GLIBC_2.33' not found (required by diffstat)
diffstat: /lib64/libc.so.6: version `GLIBC_2.34' not found (required by diffstat)

Error in commit 3416e429031d3fee2a68fcf4d1c9912e06f458f0: diffstat error: diffstat: /lib64/libc.so.6: version `GLIBC_2.33' not found (required by diffstat)
diffstat: /lib64/libc.so.6: version `GLIBC_2.34' not found (required by diffstat)

Error in commit 94f9cd81436c85d8c3a318ba92e236ede73752fc: diffstat error: diffstat: /lib64/libc.so.6: version `GLIBC_2.33' not found (required by diffstat)
diffstat: /lib64/libc.so.6: version `GLIBC_2.34' not found (required by diffstat)

Error in commit a1b14d27ed0965838350f1377ff97c93ee383492: diffstat error: diffstat: /lib64/libc.so.6: version `GLIBC_2.33' not found (required by diffstat)
diffstat: /lib64/libc.so.6: version `GLIBC_2.34' not found (required by diffstat)

Error in commit 8dd33cc93ec92b8460ed2ad98c6db39276f6a72b: diffstat error: diffstat: /lib64/libc.so.6: version `GLIBC_2.33' not found (required by diffstat)
diffstat: /lib64/libc.so.6: version `GLIBC_2.34' not found (required by diffstat)

Error in commit 4c0425ff68b1b87b802ffeda7b6a46ff7da7241c: diffstat error: diffstat: /lib64/libc.so.6: version `GLIBC_2.33' not found (required by diffstat)
diffstat: /lib64/libc.so.6: version `GLIBC_2.34' not found (required by diffstat)

Error in commit d329e33c7c2bdcd955a00c84a9363cb309cad352: diffstat error: diffstat: /lib64/libc.so.6: version `GLIBC_2.33' not found (required by diffstat)
diffstat: /lib64/libc.so.6: version `GLIBC_2.34' not found (required by diffstat)

Error in commit 5f00772691071865496832242ce45ce141639a68: diffstat error: diffstat: /lib64/libc.so.6: version `GLIBC_2.33' not found (required by diffstat)
diffstat: /lib64/libc.so.6: version `GLIBC_2.34' not found (required by diffstat)

Error in commit 83f38d335423bc3a46c4ed570f02f94314812c23: diffstat error: diffstat: /lib64/libc.so.6: version `GLIBC_2.33' not found (required by diffstat)
diffstat: /lib64/libc.so.6: version `GLIBC_2.34' not found (required by diffstat)

Error in commit c9da161c6517ba12154059d3b965c2cbaf16f90f: diffstat error: diffstat: /lib64/libc.so.6: version `GLIBC_2.33' not found (required by diffstat)
diffstat: /lib64/libc.so.6: version `GLIBC_2.34' not found (required by diffstat)

Error in commit 06153610adef409206289b2e29c044f69b115178: diffstat error: diffstat: /lib64/libc.so.6: version `GLIBC_2.33' not found (required by diffstat)
diffstat: /lib64/libc.so.6: version `GLIBC_2.34' not found (required by diffstat)

Error in commit 3ce424e45411cf5a13105e0386b6ecf6eeb4f66f: diffstat error: diffstat: /lib64/libc.so.6: version `GLIBC_2.33' not found (required by diffstat)
diffstat: /lib64/libc.so.6: version `GLIBC_2.34' not found (required by diffstat)

Error in commit 6a1c53124aa161eb624ce7b1e40ade728186d34c: diffstat error: diffstat: /lib64/libc.so.6: version `GLIBC_2.33' not found (required by diffstat)
diffstat: /lib64/libc.so.6: version `GLIBC_2.34' not found (required by diffstat)

Error in commit 4f65a3e4eedaffa1efcf9ee1eb08f0b504fbc31a: diffstat error: diffstat: /lib64/libc.so.6: version `GLIBC_2.33' not found (required by diffstat)
diffstat: /lib64/libc.so.6: version `GLIBC_2.34' not found (required by diffstat)

Error in commit 7a1aac3343af85b4af4df5f8844946eaa27394ab: SHA b'7a1aac3343af85b4af4df5f8844946eaa27394ab' could not be resolved, git returned: b'7a1aac3343af85b4af4df5f8844946eaa27394ab missing'
Error in commit bac2d8aa5e642a70045e713853b13d020b9c5d57: diffstat error: diffstat: /lib64/libc.so.6: version `GLIBC_2.33' not found (required by diffstat)
diffstat: /lib64/libc.so.6: version `GLIBC_2.34' not found (required by diffstat)

Error in commit b589096f907052b3a4da2b9ccc9b0e2e888dfc18: diffstat error: diffstat: /lib64/libc.so.6: version `GLIBC_2.33' not found (required by diffstat)
diffstat: /lib64/libc.so.6: version `GLIBC_2.34' not found (required by diffstat)

Error in commit b6f13a5ef9d6280cf984826a5de012a32c396cd4: diffstat error: diffstat: /lib64/libc.so.6: version `GLIBC_2.33' not found (required by diffstat)
diffstat: /lib64/libc.so.6: version `GLIBC_2.34' not found (required by diffstat)

Error in commit 0bfb970f43acd1e81d11be1154805f86655f15d5: diffstat error: diffstat: /lib64/libc.so.6: version `GLIBC_2.33' not found (required by diffstat)
diffstat: /lib64/libc.so.6: version `GLIBC_2.34' not found (required by diffstat)

Error in commit f6980bbf247fc1b035bfa852b2f084e43a8686db: diffstat error: diffstat: /lib64/libc.so.6: version `GLIBC_2.33' not found (required by diffstat)
diffstat: /lib64/libc.so.6: version `GLIBC_2.34' not found (required by diffstat)

Error in commit 951b6a0717db97ce420547222647bcc40bf1eacd: diffstat error: diffstat: /lib64/libc.so.6: version `GLIBC_2.33' not found (required by diffstat)
diffstat: /lib64/libc.so.6: version `GLIBC_2.34' not found (required by diffstat)

Error in commit 33268eaf0b3db5e2bd12c0ada81a8e8f87a46d68: diffstat error: diffstat: /lib64/libc.so.6: version `GLIBC_2.33' not found (required by diffstat)
diffstat: /lib64/libc.so.6: version `GLIBC_2.34' not found (required by diffstat)

Error in commit 12ca6ad2e3a896256f086497a7c7406a547ee373: diffstat error: diffstat: /lib64/libc.so.6: version `GLIBC_2.33' not found (required by diffstat)
diffstat: /lib64/libc.so.6: version `GLIBC_2.34' not found (required by diffstat)

Error in commit fe869cdb89c95d060c77eea20204d6c91f233b53: diffstat error: diffstat: /lib64/libc.so.6: version `GLIBC_2.33' not found (required by diffstat)
diffstat: /lib64/libc.so.6: version `GLIBC_2.34' not found (required by diffstat)

Error in commit fc43974d34318c834fbf78570ca1a3764ed8c7d7: diffstat error: diffstat: /lib64/libc.so.6: version `GLIBC_2.33' not found (required by diffstat)
diffstat: /lib64/libc.so.6: version `GLIBC_2.34' not found (required by diffstat)

Error in commit dd84447b63a71fa8c3f47071b09454efc667767b: diffstat error: diffstat: /lib64/libc.so.6: version `GLIBC_2.33' not found (required by diffstat)
diffstat: /lib64/libc.so.6: version `GLIBC_2.34' not found (required by diffstat)

Error in commit cb190b747d69b577bca26a551c1227ecf2995ecb: diffstat error: diffstat: /lib64/libc.so.6: version `GLIBC_2.33' not found (required by diffstat)
diffstat: /lib64/libc.so.6: version `GLIBC_2.34' not found (required by diffstat)

Error in commit 7fe58c4f5bea627bb38bfbcb0cc5885e3f6129c6: diffstat error: diffstat: /lib64/libc.so.6: version `GLIBC_2.33' not found (required by diffstat)
diffstat: /lib64/libc.so.6: version `GLIBC_2.34' not found (required by diffstat)

Error in commit e32799e4ddeb03362d5740ac4f3ce5a9e4627ea0: diffstat error: diffstat: /lib64/libc.so.6: version `GLIBC_2.33' not found (required by diffstat)
diffstat: /lib64/libc.so.6: version `GLIBC_2.34' not found (required by diffstat)

Error in commit 77f619d48259383628c3ec4654b1ad578e9eb40e: diffstat error: diffstat: /lib64/libc.so.6: version `GLIBC_2.33' not found (required by diffstat)
diffstat: /lib64/libc.so.6: version `GLIBC_2.34' not found (required by diffstat)

Error in commit eadbbec532e74e9665c2154da68fe91aa0e0d277: diffstat error: diffstat: /lib64/libc.so.6: version `GLIBC_2.33' not found (required by diffstat)
diffstat: /lib64/libc.so.6: version `GLIBC_2.34' not found (required by diffstat)

Error in commit 13d4670c845821d4dca8c49005669ad1b37a8b88: diffstat error: diffstat: /lib64/libc.so.6: version `GLIBC_2.33' not found (required by diffstat)
diffstat: /lib64/libc.so.6: version `GLIBC_2.34' not found (required by diffstat)

Error in commit 74912b9afb08ddedbdc3138dd041d980fa604fef: diffstat error: diffstat: /lib64/libc.so.6: version `GLIBC_2.33' not found (required by diffstat)
diffstat: /lib64/libc.so.6: version `GLIBC_2.34' not found (required by diffstat)

Error in commit 90cc710351d4c797d99d3090b80f6f01aef547e2: diffstat error: diffstat: /lib64/libc.so.6: version `GLIBC_2.33' not found (required by diffstat)
diffstat: /lib64/libc.so.6: version `GLIBC_2.34' not found (required by diffstat)

Error in commit 33eb7d83cab733a3397168d35506e750e1e30d65: diffstat error: diffstat: /lib64/libc.so.6: version `GLIBC_2.33' not found (required by diffstat)
diffstat: /lib64/libc.so.6: version `GLIBC_2.34' not found (required by diffstat)

Error in commit 7c31203935589ab4fcb104041ef9d87f747bfee4: diffstat error: diffstat: /lib64/libc.so.6: version `GLIBC_2.33' not found (required by diffstat)
diffstat: /lib64/libc.so.6: version `GLIBC_2.34' not found (required by diffstat)

Error in commit 6d7b51df36c7f38980da072508af3ce7e384407d: diffstat error: diffstat: /lib64/libc.so.6: version `GLIBC_2.33' not found (required by diffstat)
diffstat: /lib64/libc.so.6: version `GLIBC_2.34' not found (required by diffstat)

Error in commit ea2d82896aadc5516ed8ed1ff9a4ef9408d5e35e: diffstat error: diffstat: /lib64/libc.so.6: version `GLIBC_2.33' not found (required by diffstat)
diffstat: /lib64/libc.so.6: version `GLIBC_2.34' not found (required by diffstat)

Error in commit eb65e1146c37aa501112a2e35c34fd8b5ac75a50: diffstat error: diffstat: /lib64/libc.so.6: version `GLIBC_2.33' not found (required by diffstat)
diffstat: /lib64/libc.so.6: version `GLIBC_2.34' not found (required by diffstat)

Error in commit d6848ea77d9e0fed546a8286f8c62fe32be58ace: diffstat error: diffstat: /lib64/libc.so.6: version `GLIBC_2.33' not found (required by diffstat)
diffstat: /lib64/libc.so.6: version `GLIBC_2.34' not found (required by diffstat)

Error in commit e220e2cf08809a6a8853a8c9c7b06cef4e90cb57: diffstat error: diffstat: /lib64/libc.so.6: version `GLIBC_2.33' not found (required by diffstat)
diffstat: /lib64/libc.so.6: version `GLIBC_2.34' not found (required by diffstat)

Error in commit f4f15635ec05293ffcc83a5b39f624bbabbd8fd0: diffstat error: diffstat: /lib64/libc.so.6: version `GLIBC_2.33' not found (required by diffstat)
diffstat: /lib64/libc.so.6: version `GLIBC_2.34' not found (required by diffstat)

Error in commit 8d2539fa0faf3f63e1d1e7635347c5b9e777d47b: diffstat error: diffstat: /lib64/libc.so.6: version `GLIBC_2.33' not found (required by diffstat)
diffstat: /lib64/libc.so.6: version `GLIBC_2.34' not found (required by diffstat)

Error in commit 319fc971fef8a1e1c1c543506c26805873e3f258: diffstat error: diffstat: /lib64/libc.so.6: version `GLIBC_2.33' not found (required by diffstat)
diffstat: /lib64/libc.so.6: version `GLIBC_2.34' not found (required by diffstat)

Error in commit f96637be081141d6f8813429499f164260b49d70: diffstat error: diffstat: /lib64/libc.so.6: version `GLIBC_2.33' not found (required by diffstat)
diffstat: /lib64/libc.so.6: version `GLIBC_2.34' not found (required by diffstat)

Error in commit d21017b52a585f145e8d62781bcc1c5fefc7ee37: diffstat error: diffstat: /lib64/libc.so.6: version `GLIBC_2.33' not found (required by diffstat)
diffstat: /lib64/libc.so.6: version `GLIBC_2.34' not found (required by diffstat)

Error in commit 38d418505e9ee2d326557e5639e8da49c298858f: diffstat error: diffstat: /lib64/libc.so.6: version `GLIBC_2.33' not found (required by diffstat)
diffstat: /lib64/libc.so.6: version `GLIBC_2.34' not found (required by diffstat)

Error in commit 4d53c56e6c999405107887889866b220df4dd3c2: diffstat error: diffstat: /lib64/libc.so.6: version `GLIBC_2.33' not found (required by diffstat)
diffstat: /lib64/libc.so.6: version `GLIBC_2.34' not found (required by diffstat)

Error in commit 7f17c791dcfd8c0416e2cd2485b19410e47ef126: diffstat error: diffstat: /lib64/libc.so.6: version `GLIBC_2.33' not found (required by diffstat)
diffstat: /lib64/libc.so.6: version `GLIBC_2.34' not found (required by diffstat)

Error in commit e5b019725f53b79159931d3a7317107cbbfd0860: diffstat error: diffstat: /lib64/libc.so.6: version `GLIBC_2.33' not found (required by diffstat)
diffstat: /lib64/libc.so.6: version `GLIBC_2.34' not found (required by diffstat)

Error in commit 4620affa24eedb167482198aa04126bcedd05620: diffstat error: diffstat: /lib64/libc.so.6: version `GLIBC_2.33' not found (required by diffstat)
diffstat: /lib64/libc.so.6: version `GLIBC_2.34' not found (required by diffstat)

Error in commit 997c044e599cdb084b6a4bd6cf2fd189b1419d8c: diffstat error: diffstat: /lib64/libc.so.6: version `GLIBC_2.33' not found (required by diffstat)
diffstat: /lib64/libc.so.6: version `GLIBC_2.34' not found (required by diffstat)

Error in commit 8d137bfc75b5eaf3428695cbe15d6b12fe62fd19: diffstat error: diffstat: /lib64/libc.so.6: version `GLIBC_2.33' not found (required by diffstat)
diffstat: /lib64/libc.so.6: version `GLIBC_2.34' not found (required by diffstat)

Error in commit e20a731e11c225b1cbd623850ab41841e819c7fd: diffstat error: diffstat: /lib64/libc.so.6: version `GLIBC_2.33' not found (required by diffstat)
diffstat: /lib64/libc.so.6: version `GLIBC_2.34' not found (required by diffstat)

Error in commit 1ea23bd6040441a21fbcfba69dce9a01af03f989: diffstat error: diffstat: /lib64/libc.so.6: version `GLIBC_2.33' not found (required by diffstat)
diffstat: /lib64/libc.so.6: version `GLIBC_2.34' not found (required by diffstat)

Error in commit 0ae4a5c3e8da054e27c0917a8857ba979fa432e0: diffstat error: diffstat: /lib64/libc.so.6: version `GLIBC_2.33' not found (required by diffstat)
diffstat: /lib64/libc.so.6: version `GLIBC_2.34' not found (required by diffstat)

Error in commit ff799eaac8daaf598af32775cd93a5fd002f58dc: diffstat error: diffstat: /lib64/libc.so.6: version `GLIBC_2.33' not found (required by diffstat)
diffstat: /lib64/libc.so.6: version `GLIBC_2.34' not found (required by diffstat)

Error in commit ca4ef4574f1ee5252e2cd365f8f5d5bafd048f32: diffstat error: diffstat: /lib64/libc.so.6: version `GLIBC_2.33' not found (required by diffstat)
diffstat: /lib64/libc.so.6: version `GLIBC_2.34' not found (required by diffstat)

Error in commit 668e68295306a78a5e428df2ed80027c4eece964: diffstat error: diffstat: /lib64/libc.so.6: version `GLIBC_2.33' not found (required by diffstat)
diffstat: /lib64/libc.so.6: version `GLIBC_2.34' not found (required by diffstat)

Error in commit dee11ec440d7908d1daf69f40a3324b27cf213ba: diffstat error: diffstat: /lib64/libc.so.6: version `GLIBC_2.33' not found (required by diffstat)
diffstat: /lib64/libc.so.6: version `GLIBC_2.34' not found (required by diffstat)

Error in commit 9a64e62f0f20c9cf9b2e1609f037060eb2d8eb22: diffstat error: diffstat: /lib64/libc.so.6: version `GLIBC_2.33' not found (required by diffstat)
diffstat: /lib64/libc.so.6: version `GLIBC_2.34' not found (required by diffstat)

Error in commit 43bc256d8ae44b92d2734a3c5bc73957a4d7c1ec: diffstat error: diffstat: /lib64/libc.so.6: version `GLIBC_2.33' not found (required by diffstat)
diffstat: /lib64/libc.so.6: version `GLIBC_2.34' not found (required by diffstat)

Error in commit 5fa306603cfe06df7913bc9bd39a0da1d26eb1a4: diffstat error: diffstat: /lib64/libc.so.6: version `GLIBC_2.33' not found (required by diffstat)
diffstat: /lib64/libc.so.6: version `GLIBC_2.34' not found (required by diffstat)

Error in commit 7e48260b04b760dc6926f603f0cc48e6c0e7cfa7: diffstat error: diffstat: /lib64/libc.so.6: version `GLIBC_2.33' not found (required by diffstat)
diffstat: /lib64/libc.so.6: version `GLIBC_2.34' not found (required by diffstat)

Error in commit 1c885808e45601b2b6f68b30ac1d999e10b6f606: diffstat error: diffstat: /lib64/libc.so.6: version `GLIBC_2.33' not found (required by diffstat)
diffstat: /lib64/libc.so.6: version `GLIBC_2.34' not found (required by diffstat)

Error in commit a9a1105d923912a27546e5a8940ec1ddc19cd1be: diffstat error: diffstat: /lib64/libc.so.6: version `GLIBC_2.33' not found (required by diffstat)
diffstat: /lib64/libc.so.6: version `GLIBC_2.34' not found (required by diffstat)

Error in commit 2c5400e03e93db30b899e4f8b9d414b52141674d: diffstat error: diffstat: /lib64/libc.so.6: version `GLIBC_2.33' not found (required by diffstat)
diffstat: /lib64/libc.so.6: version `GLIBC_2.34' not found (required by diffstat)

Error in commit 0c8556bb22f378782b932243e11f7493e9e766b5: diffstat error: diffstat: /lib64/libc.so.6: version `GLIBC_2.33' not found (required by diffstat)
diffstat: /lib64/libc.so.6: version `GLIBC_2.34' not found (required by diffstat)

Error in commit 0283c92f6eafc47510bc36924f84b4337ee7164b: diffstat error: diffstat: /lib64/libc.so.6: version `GLIBC_2.33' not found (required by diffstat)
diffstat: /lib64/libc.so.6: version `GLIBC_2.34' not found (required by diffstat)

Error in commit ecff21e0d0e84f35c299ef91d7fda088e516d4ed: diffstat error: diffstat: /lib64/libc.so.6: version `GLIBC_2.33' not found (required by diffstat)
diffstat: /lib64/libc.so.6: version `GLIBC_2.34' not found (required by diffstat)

Error in commit 7e2c2658df39930a033229d15b81386cd21150af: diffstat error: diffstat: /lib64/libc.so.6: version `GLIBC_2.33' not found (required by diffstat)
diffstat: /lib64/libc.so.6: version `GLIBC_2.34' not found (required by diffstat)

Error in commit a94b69505ff905bf93db9ce52530bd840d636446: diffstat error: diffstat: /lib64/libc.so.6: version `GLIBC_2.33' not found (required by diffstat)
diffstat: /lib64/libc.so.6: version `GLIBC_2.34' not found (required by diffstat)

Error in commit 3b0fce38bfd51fadbabbb4d35d55e8fc3cf29b40: diffstat error: diffstat: /lib64/libc.so.6: version `GLIBC_2.33' not found (required by diffstat)
diffstat: /lib64/libc.so.6: version `GLIBC_2.34' not found (required by diffstat)

Error in commit d81614ca9068959884a6db3b78b8892e76055956: diffstat error: diffstat: /lib64/libc.so.6: version `GLIBC_2.33' not found (required by diffstat)
diffstat: /lib64/libc.so.6: version `GLIBC_2.34' not found (required by diffstat)

Error in commit 50920d61d9c12f14bc027907907bf952d747883f: diffstat error: diffstat: /lib64/libc.so.6: version `GLIBC_2.33' not found (required by diffstat)
diffstat: /lib64/libc.so.6: version `GLIBC_2.34' not found (required by diffstat)

Error in commit 35cde2f63be85e731cd447dcd46ae2900aa86430: diffstat error: diffstat: /lib64/libc.so.6: version `GLIBC_2.33' not found (required by diffstat)
diffstat: /lib64/libc.so.6: version `GLIBC_2.34' not found (required by diffstat)

Error in commit e3111a2694c26b2388ffff431ee7c71df6fc4a5b: diffstat error: diffstat: /lib64/libc.so.6: version `GLIBC_2.33' not found (required by diffstat)
diffstat: /lib64/libc.so.6: version `GLIBC_2.34' not found (required by diffstat)

Error in commit b8402ed0733e3f244588b61ad5fedd093e3cf9cc: SHA b'b8402ed0733e3f244588b61ad5fedd093e3cf9cc' could not be resolved, git returned: b'b8402ed0733e3f244588b61ad5fedd093e3cf9cc missing'
Error in commit fa29e97bb8c70fd7f564acbed3422403cee10ab7: diffstat error: diffstat: /lib64/libc.so.6: version `GLIBC_2.33' not found (required by diffstat)
diffstat: /lib64/libc.so.6: version `GLIBC_2.34' not found (required by diffstat)

Error in commit 5593523f968bc86d42a035c6df47d5e0979b5ace: diffstat error: diffstat: /lib64/libc.so.6: version `GLIBC_2.33' not found (required by diffstat)
diffstat: /lib64/libc.so.6: version `GLIBC_2.34' not found (required by diffstat)

Error in commit c36d0f5fd44b187a1d2e87e2d28ee757b24860a4: diffstat error: diffstat: /lib64/libc.so.6: version `GLIBC_2.33' not found (required by diffstat)
diffstat: /lib64/libc.so.6: version `GLIBC_2.34' not found (required by diffstat)

Error in commit 4a90f09b20f4622dcbff1f0e1e6bae1704f8ad8c: diffstat error: diffstat: /lib64/libc.so.6: version `GLIBC_2.33' not found (required by diffstat)
diffstat: /lib64/libc.so.6: version `GLIBC_2.34' not found (required by diffstat)

Error in commit 11749e086b2766cccf6217a527ef5c5604ba069c: diffstat error: diffstat: /lib64/libc.so.6: version `GLIBC_2.33' not found (required by diffstat)
diffstat: /lib64/libc.so.6: version `GLIBC_2.34' not found (required by diffstat)

Error in commit faa0d26773fee21f87213de38966bdcef2461ea8: diffstat error: diffstat: /lib64/libc.so.6: version `GLIBC_2.33' not found (required by diffstat)
diffstat: /lib64/libc.so.6: version `GLIBC_2.34' not found (required by diffstat)

Error in commit d3699d5723df03727734f182a88b348e71f488a1: diffstat error: diffstat: /lib64/libc.so.6: version `GLIBC_2.33' not found (required by diffstat)
diffstat: /lib64/libc.so.6: version `GLIBC_2.34' not found (required by diffstat)

Error in commit 307fa45d512641fcd105f0d57ca50c1437cd1b81: diffstat error: diffstat: /lib64/libc.so.6: version `GLIBC_2.33' not found (required by diffstat)
diffstat: /lib64/libc.so.6: version `GLIBC_2.34' not found (required by diffstat)

Error in commit c9aa9f80828594eacbe3affe16c43d623562e5d8: diffstat error: diffstat: /lib64/libc.so.6: version `GLIBC_2.33' not found (required by diffstat)
diffstat: /lib64/libc.so.6: version `GLIBC_2.34' not found (required by diffstat)

Error in commit 1c79788fb05b29478f6aa53f6ca518eb9197c8f5: diffstat error: diffstat: /lib64/libc.so.6: version `GLIBC_2.33' not found (required by diffstat)
diffstat: /lib64/libc.so.6: version `GLIBC_2.34' not found (required by diffstat)

Error in commit eedd0c35bb2d8af7aa05f215689fdebd11633fa1: diffstat error: diffstat: /lib64/libc.so.6: version `GLIBC_2.33' not found (required by diffstat)
diffstat: /lib64/libc.so.6: version `GLIBC_2.34' not found (required by diffstat)

Error in commit 642e14ef198b90419df5bf71ad396c19b6e85809: diffstat error: diffstat: /lib64/libc.so.6: version `GLIBC_2.33' not found (required by diffstat)
diffstat: /lib64/libc.so.6: version `GLIBC_2.34' not found (required by diffstat)

Error in commit 463e8f313a030056dad0cc6705579690f1239977: diffstat error: diffstat: /lib64/libc.so.6: version `GLIBC_2.33' not found (required by diffstat)
diffstat: /lib64/libc.so.6: version `GLIBC_2.34' not found (required by diffstat)

Error in commit b4f80598661f950dd5e50cb161a39ec868a15053: diffstat error: diffstat: /lib64/libc.so.6: version `GLIBC_2.33' not found (required by diffstat)
diffstat: /lib64/libc.so.6: version `GLIBC_2.34' not found (required by diffstat)

Error in commit 7a958a119b8a2e660af158654fbd93d75a62133b: diffstat error: diffstat: /lib64/libc.so.6: version `GLIBC_2.33' not found (required by diffstat)
diffstat: /lib64/libc.so.6: version `GLIBC_2.34' not found (required by diffstat)

Error in commit 5c003678d706b935aa072e43300bfc0e616d4fa0: diffstat error: diffstat: /lib64/libc.so.6: version `GLIBC_2.33' not found (required by diffstat)
diffstat: /lib64/libc.so.6: version `GLIBC_2.34' not found (required by diffstat)

Error in commit c64376bda535c13630aba0f1b223a11eabcd9a2a: diffstat error: diffstat: /lib64/libc.so.6: version `GLIBC_2.33' not found (required by diffstat)
diffstat: /lib64/libc.so.6: version `GLIBC_2.34' not found (required by diffstat)

Error in commit 1e38da300e1e395a15048b0af1e5305bd91402f6: diffstat error: diffstat: /lib64/libc.so.6: version `GLIBC_2.33' not found (required by diffstat)
diffstat: /lib64/libc.so.6: version `GLIBC_2.34' not found (required by diffstat)

Error in commit 5dee9e7c4c869fcffccc3d432b755793dfa71376: diffstat error: diffstat: /lib64/libc.so.6: version `GLIBC_2.33' not found (required by diffstat)
diffstat: /lib64/libc.so.6: version `GLIBC_2.34' not found (required by diffstat)

Error in commit f0f2e6d058c90f758bc13c119d738317b2452911: diffstat error: diffstat: /lib64/libc.so.6: version `GLIBC_2.33' not found (required by diffstat)
diffstat: /lib64/libc.so.6: version `GLIBC_2.34' not found (required by diffstat)

Error in commit c2f6833dddecf2d5fb89c9c898eee9981da342ed: diffstat error: diffstat: /lib64/libc.so.6: version `GLIBC_2.33' not found (required by diffstat)
diffstat: /lib64/libc.so.6: version `GLIBC_2.34' not found (required by diffstat)

Error in commit 4dc9cccc3eae696452358ddf4808bed440f14344: diffstat error: diffstat: /lib64/libc.so.6: version `GLIBC_2.33' not found (required by diffstat)
diffstat: /lib64/libc.so.6: version `GLIBC_2.34' not found (required by diffstat)

Error in commit 3a61cbb24090dea76af0cc14a128f0c57fba77dc: diffstat error: diffstat: /lib64/libc.so.6: version `GLIBC_2.33' not found (required by diffstat)
diffstat: /lib64/libc.so.6: version `GLIBC_2.34' not found (required by diffstat)

Error in commit b9579fbe7dd408200ef03cbe20efddb624b73885: diffstat error: diffstat: /lib64/libc.so.6: version `GLIBC_2.33' not found (required by diffstat)
diffstat: /lib64/libc.so.6: version `GLIBC_2.34' not found (required by diffstat)

Error in commit 35f1f7e8d944a364b6ba69e3acd96b4b1c8cba63: diffstat error: diffstat: /lib64/libc.so.6: version `GLIBC_2.33' not found (required by diffstat)
diffstat: /lib64/libc.so.6: version `GLIBC_2.34' not found (required by diffstat)

Error in commit 146aa8b1453bd8f1ff2304ffb71b4ee0eb9acdcc: diffstat error: diffstat: /lib64/libc.so.6: version `GLIBC_2.33' not found (required by diffstat)
diffstat: /lib64/libc.so.6: version `GLIBC_2.34' not found (required by diffstat)

Error in commit 23528bb21ee2c9b27f3feddd77a2a3351a8df148: diffstat error: diffstat: /lib64/libc.so.6: version `GLIBC_2.33' not found (required by diffstat)
diffstat: /lib64/libc.so.6: version `GLIBC_2.34' not found (required by diffstat)

Error in commit 9450abcd0c6b7929ea7bf31321d7e70c7f80901a: diffstat error: diffstat: /lib64/libc.so.6: version `GLIBC_2.33' not found (required by diffstat)
diffstat: /lib64/libc.so.6: version `GLIBC_2.34' not found (required by diffstat)

Error in commit 56167d19f8ef1f718c7f6660739db08cc7346c05: diffstat error: diffstat: /lib64/libc.so.6: version `GLIBC_2.33' not found (required by diffstat)
diffstat: /lib64/libc.so.6: version `GLIBC_2.34' not found (required by diffstat)

Error in commit 57cfe44bccb0e38ddb44a34a42f517deef1f4e82: diffstat error: diffstat: /lib64/libc.so.6: version `GLIBC_2.33' not found (required by diffstat)
diffstat: /lib64/libc.so.6: version `GLIBC_2.34' not found (required by diffstat)

Error in commit 5af10dfd0afc559bb4b0f7e3e8227a1578333995: diffstat error: diffstat: /lib64/libc.so.6: version `GLIBC_2.33' not found (required by diffstat)
diffstat: /lib64/libc.so.6: version `GLIBC_2.34' not found (required by diffstat)

Error in commit d431413f00319919ed2adac0d58225160bd1d8fb: diffstat error: diffstat: /lib64/libc.so.6: version `GLIBC_2.33' not found (required by diffstat)
diffstat: /lib64/libc.so.6: version `GLIBC_2.34' not found (required by diffstat)

Error in commit 2908d778ab3e244900c310974e1fc1c69066e450: diffstat error: diffstat: /lib64/libc.so.6: version `GLIBC_2.33' not found (required by diffstat)
diffstat: /lib64/libc.so.6: version `GLIBC_2.34' not found (required by diffstat)

Error in commit 14c63f17b1fde5a575a28e96547a22b451c71fb5: diffstat error: diffstat: /lib64/libc.so.6: version `GLIBC_2.33' not found (required by diffstat)
diffstat: /lib64/libc.so.6: version `GLIBC_2.34' not found (required by diffstat)

Error in commit ee58aff6918b8bbc3be29b9e3089485ea46ff956: diffstat error: diffstat: /lib64/libc.so.6: version `GLIBC_2.33' not found (required by diffstat)
diffstat: /lib64/libc.so.6: version `GLIBC_2.34' not found (required by diffstat)

Error in commit 92ffc40a0bf6e98d6d50dee879b3ed13c379b8be: diffstat error: diffstat: /lib64/libc.so.6: version `GLIBC_2.33' not found (required by diffstat)
diffstat: /lib64/libc.so.6: version `GLIBC_2.34' not found (required by diffstat)

Error in commit 041e53cab7ca33481ae45ecd65ad596976d78e68: diffstat error: diffstat: /lib64/libc.so.6: version `GLIBC_2.33' not found (required by diffstat)
diffstat: /lib64/libc.so.6: version `GLIBC_2.34' not found (required by diffstat)

Error in commit 91cb15a3e77750c7b905bb515e44188ff6e1678d: diffstat error: diffstat: /lib64/libc.so.6: version `GLIBC_2.33' not found (required by diffstat)
diffstat: /lib64/libc.so.6: version `GLIBC_2.34' not found (required by diffstat)

Error in commit 3ab7b326cfff68ddea2af3452dca3bde6ee15cc5: diffstat error: diffstat: /lib64/libc.so.6: version `GLIBC_2.33' not found (required by diffstat)
diffstat: /lib64/libc.so.6: version `GLIBC_2.34' not found (required by diffstat)

Error in commit 1f37c04f2a762500222dda2459e6a04646feeedf: diffstat error: diffstat: /lib64/libc.so.6: version `GLIBC_2.33' not found (required by diffstat)
diffstat: /lib64/libc.so.6: version `GLIBC_2.34' not found (required by diffstat)

Error in commit 7eca86f5789f752eb7bc8dee9ca9c7ade123ba66: diffstat error: diffstat: /lib64/libc.so.6: version `GLIBC_2.33' not found (required by diffstat)
diffstat: /lib64/libc.so.6: version `GLIBC_2.34' not found (required by diffstat)

Error in commit ccda50b1a2aad70e0e093dee551fe6063d34589b: diffstat error: diffstat: /lib64/libc.so.6: version `GLIBC_2.33' not found (required by diffstat)
diffstat: /lib64/libc.so.6: version `GLIBC_2.34' not found (required by diffstat)

Error in commit 7c288d6b81559d248741743d918715856f93862d: diffstat error: diffstat: /lib64/libc.so.6: version `GLIBC_2.33' not found (required by diffstat)
diffstat: /lib64/libc.so.6: version `GLIBC_2.34' not found (required by diffstat)

Error in commit 52b1526443c1f433087928291d1c3d37a5600515: diffstat error: diffstat: /lib64/libc.so.6: version `GLIBC_2.33' not found (required by diffstat)
diffstat: /lib64/libc.so.6: version `GLIBC_2.34' not found (required by diffstat)

Error in commit 5c3cdb44d5bcde46cb868de020a74bad47c8f3da: diffstat error: diffstat: /lib64/libc.so.6: version `GLIBC_2.33' not found (required by diffstat)
diffstat: /lib64/libc.so.6: version `GLIBC_2.34' not found (required by diffstat)

Error in commit 64a47c662551d9ef670512343773c4a9dd374062: diffstat error: diffstat: /lib64/libc.so.6: version `GLIBC_2.33' not found (required by diffstat)
diffstat: /lib64/libc.so.6: version `GLIBC_2.34' not found (required by diffstat)

Error in commit b344f96e21bbdb316cc8afecba68ff8f1241cae2: diffstat error: diffstat: /lib64/libc.so.6: version `GLIBC_2.33' not found (required by diffstat)
diffstat: /lib64/libc.so.6: version `GLIBC_2.34' not found (required by diffstat)

Error in commit e865e542747346deb5312294b8f7f6b12ac393db: diffstat error: diffstat: /lib64/libc.so.6: version `GLIBC_2.33' not found (required by diffstat)
diffstat: /lib64/libc.so.6: version `GLIBC_2.34' not found (required by diffstat)

Error in commit 9d348bcc2c4bbd3805e7eec97b594be9febbdf9a: diffstat error: diffstat: /lib64/libc.so.6: version `GLIBC_2.33' not found (required by diffstat)
diffstat: /lib64/libc.so.6: version `GLIBC_2.34' not found (required by diffstat)

Error in commit 76aaf87b4cdc7f7115a32e4fda88310d42ce7fde: diffstat error: diffstat: /lib64/libc.so.6: version `GLIBC_2.33' not found (required by diffstat)
diffstat: /lib64/libc.so.6: version `GLIBC_2.34' not found (required by diffstat)

Error in commit 71493b839e294065ba63bd6f8d07263f3afee8c6: diffstat error: diffstat: /lib64/libc.so.6: version `GLIBC_2.33' not found (required by diffstat)
diffstat: /lib64/libc.so.6: version `GLIBC_2.34' not found (required by diffstat)

Error in commit 40203f711dd59c7f61f5f8eb56a97842c3206494: diffstat error: diffstat: /lib64/libc.so.6: version `GLIBC_2.33' not found (required by diffstat)
diffstat: /lib64/libc.so.6: version `GLIBC_2.34' not found (required by diffstat)

Error in commit 40ef1b4093d77ad3a5cfcee1f5cb6108b3a3bcc2: diffstat error: diffstat: /lib64/libc.so.6: version `GLIBC_2.33' not found (required by diffstat)
diffstat: /lib64/libc.so.6: version `GLIBC_2.34' not found (required by diffstat)

Error in commit 8759da8db6ec9e866cb8eb143313f397f925bb4f: diffstat error: diffstat: /lib64/libc.so.6: version `GLIBC_2.33' not found (required by diffstat)
diffstat: /lib64/libc.so.6: version `GLIBC_2.34' not found (required by diffstat)

Error in commit 72e70a921f0f07fee748aec2274b30784e1d312a: diffstat error: diffstat: /lib64/libc.so.6: version `GLIBC_2.33' not found (required by diffstat)
diffstat: /lib64/libc.so.6: version `GLIBC_2.34' not found (required by diffstat)

Error in commit 7cadd489698be117c47efcadd742651594429e6d: diffstat error: diffstat: /lib64/libc.so.6: version `GLIBC_2.33' not found (required by diffstat)
diffstat: /lib64/libc.so.6: version `GLIBC_2.34' not found (required by diffstat)

Error in commit 7b38460dc8e4eafba06c78f8e37099d3b34d473c: diffstat error: diffstat: /lib64/libc.so.6: version `GLIBC_2.33' not found (required by diffstat)
diffstat: /lib64/libc.so.6: version `GLIBC_2.34' not found (required by diffstat)

Error in commit 6010c0303a422a9c5fa8860c061bf7105eb7f8b2: diffstat error: diffstat: /lib64/libc.so.6: version `GLIBC_2.33' not found (required by diffstat)
diffstat: /lib64/libc.so.6: version `GLIBC_2.34' not found (required by diffstat)

Error in commit bddc2b0179ea35da7269d025c8f690593bff54b6: diffstat error: diffstat: /lib64/libc.so.6: version `GLIBC_2.33' not found (required by diffstat)
diffstat: /lib64/libc.so.6: version `GLIBC_2.34' not found (required by diffstat)

Error in commit 4d9b5b19afc0581856c79298f0672d7b55df9339: diffstat error: diffstat: /lib64/libc.so.6: version `GLIBC_2.33' not found (required by diffstat)
diffstat: /lib64/libc.so.6: version `GLIBC_2.34' not found (required by diffstat)

Error in commit b82d758268920de7a06f5bcf339a878d25b97f91: diffstat error: diffstat: /lib64/libc.so.6: version `GLIBC_2.33' not found (required by diffstat)
diffstat: /lib64/libc.so.6: version `GLIBC_2.34' not found (required by diffstat)

Error in commit 00c2ecbb550f94b2f4b233501ee7c7afe163b42d: diffstat error: diffstat: /lib64/libc.so.6: version `GLIBC_2.33' not found (required by diffstat)
diffstat: /lib64/libc.so.6: version `GLIBC_2.34' not found (required by diffstat)

Error in commit 00622428bda8d7521db8d74260b519fa41d69d0a: diffstat error: diffstat: /lib64/libc.so.6: version `GLIBC_2.33' not found (required by diffstat)
diffstat: /lib64/libc.so.6: version `GLIBC_2.34' not found (required by diffstat)

Error in commit 9c84b0dfd99c94edd6fc0fc0267620b95afc4981: diffstat error: diffstat: /lib64/libc.so.6: version `GLIBC_2.33' not found (required by diffstat)
diffstat: /lib64/libc.so.6: version `GLIBC_2.34' not found (required by diffstat)

Error in commit a83439b9fbe0f03c48eb94ed05729cb016f8b72f: diffstat error: diffstat: /lib64/libc.so.6: version `GLIBC_2.33' not found (required by diffstat)
diffstat: /lib64/libc.so.6: version `GLIBC_2.34' not found (required by diffstat)

Error in commit e34bcbb759ca5bef85809967a268fdf214c1ad2c: diffstat error: diffstat: /lib64/libc.so.6: version `GLIBC_2.33' not found (required by diffstat)
diffstat: /lib64/libc.so.6: version `GLIBC_2.34' not found (required by diffstat)

Error in commit 04197b341f23b908193308b8d63d17ff23232598: diffstat error: diffstat: /lib64/libc.so.6: version `GLIBC_2.33' not found (required by diffstat)
diffstat: /lib64/libc.so.6: version `GLIBC_2.34' not found (required by diffstat)

Error in commit 88b1a17dfc3ed7728316478fae0f5ad508f50397: diffstat error: diffstat: /lib64/libc.so.6: version `GLIBC_2.33' not found (required by diffstat)
diffstat: /lib64/libc.so.6: version `GLIBC_2.34' not found (required by diffstat)

Error in commit efc89e3b939b4bde42c10f065f6b7b02958ed50e: diffstat error: diffstat: /lib64/libc.so.6: version `GLIBC_2.33' not found (required by diffstat)
diffstat: /lib64/libc.so.6: version `GLIBC_2.34' not found (required by diffstat)

Error in commit b48c129368a269ebac5b28b007a3ea588a2e0db8: diffstat error: diffstat: /lib64/libc.so.6: version `GLIBC_2.33' not found (required by diffstat)
diffstat: /lib64/libc.so.6: version `GLIBC_2.34' not found (required by diffstat)

Error in commit 1e90a18a085e324b821a8bd0dc28a27082e43634: diffstat error: diffstat: /lib64/libc.so.6: version `GLIBC_2.33' not found (required by diffstat)
diffstat: /lib64/libc.so.6: version `GLIBC_2.34' not found (required by diffstat)

Error in commit 5ec5ecd2d2887e014efe3939310500e384b15018: diffstat error: diffstat: /lib64/libc.so.6: version `GLIBC_2.33' not found (required by diffstat)
diffstat: /lib64/libc.so.6: version `GLIBC_2.34' not found (required by diffstat)

Error in commit bf40fe6c76c3fc8cd21011d11c3df45852022622: diffstat error: diffstat: /lib64/libc.so.6: version `GLIBC_2.33' not found (required by diffstat)
diffstat: /lib64/libc.so.6: version `GLIBC_2.34' not found (required by diffstat)

Error in commit 8ca640aa7bad205a84918ee6666095d370b4f6a3: diffstat error: diffstat: /lib64/libc.so.6: version `GLIBC_2.33' not found (required by diffstat)
diffstat: /lib64/libc.so.6: version `GLIBC_2.34' not found (required by diffstat)

Error in commit a890af827b8179562e74447de6638a122ddebc62: diffstat error: diffstat: /lib64/libc.so.6: version `GLIBC_2.33' not found (required by diffstat)
diffstat: /lib64/libc.so.6: version `GLIBC_2.34' not found (required by diffstat)

Error in commit ed188f6dcdf0935c939ed813cf8745d50742014b: diffstat error: diffstat: /lib64/libc.so.6: version `GLIBC_2.33' not found (required by diffstat)
diffstat: /lib64/libc.so.6: version `GLIBC_2.34' not found (required by diffstat)

Error in commit e32a99264be6ce0d3ec060fdb8b56463b2f0b8cd: diffstat error: diffstat: /lib64/libc.so.6: version `GLIBC_2.33' not found (required by diffstat)
diffstat: /lib64/libc.so.6: version `GLIBC_2.34' not found (required by diffstat)

Error in commit 7db3386fcdb454e33a3ea30dcfb8e8960d4c3aa3: diffstat error: diffstat: /lib64/libc.so.6: version `GLIBC_2.33' not found (required by diffstat)
diffstat: /lib64/libc.so.6: version `GLIBC_2.34' not found (required by diffstat)

Error in commit d8959dd9692da0bc77a4594c50b2633a9f46e8c8: diffstat error: diffstat: /lib64/libc.so.6: version `GLIBC_2.33' not found (required by diffstat)
diffstat: /lib64/libc.so.6: version `GLIBC_2.34' not found (required by diffstat)

Error in commit ad52dd82dead525dab94ded1916dcf6334459106: diffstat error: diffstat: /lib64/libc.so.6: version `GLIBC_2.33' not found (required by diffstat)
diffstat: /lib64/libc.so.6: version `GLIBC_2.34' not found (required by diffstat)

Error in commit 0cdc53737d77f76abc37344e704e60f582e13761: diffstat error: diffstat: /lib64/libc.so.6: version `GLIBC_2.33' not found (required by diffstat)
diffstat: /lib64/libc.so.6: version `GLIBC_2.34' not found (required by diffstat)

Error in commit 94e50b16d0bd6338c346efa0abaadcaeb77b7837: diffstat error: diffstat: /lib64/libc.so.6: version `GLIBC_2.33' not found (required by diffstat)
diffstat: /lib64/libc.so.6: version `GLIBC_2.34' not found (required by diffstat)

Error in commit d646960f7986fefb460a2b062d5ccc8ccfeacc3a: diffstat error: diffstat: /lib64/libc.so.6: version `GLIBC_2.33' not found (required by diffstat)
diffstat: /lib64/libc.so.6: version `GLIBC_2.34' not found (required by diffstat)

Error in commit e126ba97dba9edeb6fafa3665b5f8497fc9cdf8c: diffstat error: diffstat: /lib64/libc.so.6: version `GLIBC_2.33' not found (required by diffstat)
diffstat: /lib64/libc.so.6: version `GLIBC_2.34' not found (required by diffstat)

Error in commit fc8bb91bc83ef82868533e75f5a11abc1158ec81: diffstat error: diffstat: /lib64/libc.so.6: version `GLIBC_2.33' not found (required by diffstat)
diffstat: /lib64/libc.so.6: version `GLIBC_2.34' not found (required by diffstat)

Error in commit 5411543a310a470b1257fb93273cdd6e8dfcb3af: diffstat error: diffstat: /lib64/libc.so.6: version `GLIBC_2.33' not found (required by diffstat)
diffstat: /lib64/libc.so.6: version `GLIBC_2.34' not found (required by diffstat)

Error in commit 14a775f14f5eb074a48035cb5fd5dd72087d0e2f: diffstat error: diffstat: /lib64/libc.so.6: version `GLIBC_2.33' not found (required by diffstat)
diffstat: /lib64/libc.so.6: version `GLIBC_2.34' not found (required by diffstat)

Error in commit 197562b5162f86642e8a919a4f6e8916da184ba1: diffstat error: diffstat: /lib64/libc.so.6: version `GLIBC_2.33' not found (required by diffstat)
diffstat: /lib64/libc.so.6: version `GLIBC_2.34' not found (required by diffstat)

Error in commit ae9e42d1596eceae367ceabbf36bd8e6438c9a73: diffstat error: diffstat: /lib64/libc.so.6: version `GLIBC_2.33' not found (required by diffstat)
diffstat: /lib64/libc.so.6: version `GLIBC_2.34' not found (required by diffstat)

Error in commit dd739f5a45b3af3d1f65f00fe19af1dbfec7aea7: diffstat error: diffstat: /lib64/libc.so.6: version `GLIBC_2.33' not found (required by diffstat)
diffstat: /lib64/libc.so.6: version `GLIBC_2.34' not found (required by diffstat)

Error in commit df7e40425813c50cd252e6f5e348a81ef1acae56: diffstat error: diffstat: /lib64/libc.so.6: version `GLIBC_2.33' not found (required by diffstat)
diffstat: /lib64/libc.so.6: version `GLIBC_2.34' not found (required by diffstat)

Error in commit 6591604546dbc2a71084bbf436ffece99541027b: diffstat error: diffstat: /lib64/libc.so.6: version `GLIBC_2.33' not found (required by diffstat)
diffstat: /lib64/libc.so.6: version `GLIBC_2.34' not found (required by diffstat)

Error in commit 68e7e50f195f34d0d539282779cad073d999192b: diffstat error: diffstat: /lib64/libc.so.6: version `GLIBC_2.33' not found (required by diffstat)
diffstat: /lib64/libc.so.6: version `GLIBC_2.34' not found (required by diffstat)

Error in commit a7959c1394d4126a70a53b914ce4105f5173d0aa: diffstat error: diffstat: /lib64/libc.so.6: version `GLIBC_2.33' not found (required by diffstat)
diffstat: /lib64/libc.so.6: version `GLIBC_2.34' not found (required by diffstat)

Error in commit 28fb4e59a47d7f1f0c7a26d2ed3a671c26158536: diffstat error: diffstat: /lib64/libc.so.6: version `GLIBC_2.33' not found (required by diffstat)
diffstat: /lib64/libc.so.6: version `GLIBC_2.34' not found (required by diffstat)

Error in commit f1e8866016b53bd0ea108ae9adbb52da1dd53dab: diffstat error: diffstat: /lib64/libc.so.6: version `GLIBC_2.33' not found (required by diffstat)
diffstat: /lib64/libc.so.6: version `GLIBC_2.34' not found (required by diffstat)

Error in commit e42c3b4fd7637225a65d0d61a80365f4118af8fa: diffstat error: diffstat: /lib64/libc.so.6: version `GLIBC_2.33' not found (required by diffstat)
diffstat: /lib64/libc.so.6: version `GLIBC_2.34' not found (required by diffstat)

Error in commit b4b36306576fcc053f3e7f9fcfd990340bdb96e8: diffstat error: diffstat: /lib64/libc.so.6: version `GLIBC_2.33' not found (required by diffstat)
diffstat: /lib64/libc.so.6: version `GLIBC_2.34' not found (required by diffstat)

Error in commit aaa5ba0609cfcf1b78c5806497b5620b76b8730d: diffstat error: diffstat: /lib64/libc.so.6: version `GLIBC_2.33' not found (required by diffstat)
diffstat: /lib64/libc.so.6: version `GLIBC_2.34' not found (required by diffstat)

Error in commit 8c43a6f05d5ef3c9484bd2be9d4e818d58e62016: diffstat error: diffstat: /lib64/libc.so.6: version `GLIBC_2.33' not found (required by diffstat)
diffstat: /lib64/libc.so.6: version `GLIBC_2.34' not found (required by diffstat)

Error in commit f3c2a6af3455b2882e28570e8a04f1c2d4500d5b: diffstat error: diffstat: /lib64/libc.so.6: version `GLIBC_2.33' not found (required by diffstat)
diffstat: /lib64/libc.so.6: version `GLIBC_2.34' not found (required by diffstat)

Error in commit 455b47d3756aed162d2d0ef7f40b549f3b5b30fe: diffstat error: diffstat: /lib64/libc.so.6: version `GLIBC_2.33' not found (required by diffstat)
diffstat: /lib64/libc.so.6: version `GLIBC_2.34' not found (required by diffstat)

Error in commit 32fb4993bc8bb49e93e84016af3c10ea53964be5: diffstat error: diffstat: /lib64/libc.so.6: version `GLIBC_2.33' not found (required by diffstat)
diffstat: /lib64/libc.so.6: version `GLIBC_2.34' not found (required by diffstat)

Error in commit 899e6b6d64eccb1747daf576c9aa5856b322fb92: diffstat error: diffstat: /lib64/libc.so.6: version `GLIBC_2.33' not found (required by diffstat)
diffstat: /lib64/libc.so.6: version `GLIBC_2.34' not found (required by diffstat)

Error in commit 6cc51b1757dfbb7cff92de074ada65e8523289a6: diffstat error: diffstat: /lib64/libc.so.6: version `GLIBC_2.33' not found (required by diffstat)
diffstat: /lib64/libc.so.6: version `GLIBC_2.34' not found (required by diffstat)

Error in commit 88bd6c548ba79bce176cd875e9b56e7e0ef4d8d4: diffstat error: diffstat: /lib64/libc.so.6: version `GLIBC_2.33' not found (required by diffstat)
diffstat: /lib64/libc.so.6: version `GLIBC_2.34' not found (required by diffstat)

Error in commit a8105c1b10d0d97e010b52ea9d52149d1efbc9c6: diffstat error: diffstat: /lib64/libc.so.6: version `GLIBC_2.33' not found (required by diffstat)
diffstat: /lib64/libc.so.6: version `GLIBC_2.34' not found (required by diffstat)

Error in commit 30aba6656f61ed44cba445a3c0d38b296fa9e8f5: diffstat error: diffstat: /lib64/libc.so.6: version `GLIBC_2.33' not found (required by diffstat)
diffstat: /lib64/libc.so.6: version `GLIBC_2.34' not found (required by diffstat)

Error in commit 22da63afbb1409dead6b7f303cc4e5409662a251: diffstat error: diffstat: /lib64/libc.so.6: version `GLIBC_2.33' not found (required by diffstat)
diffstat: /lib64/libc.so.6: version `GLIBC_2.34' not found (required by diffstat)

Error in commit e8c557028aae5e1ab956784ffab75ca9e8a175f7: diffstat error: diffstat: /lib64/libc.so.6: version `GLIBC_2.33' not found (required by diffstat)
diffstat: /lib64/libc.so.6: version `GLIBC_2.34' not found (required by diffstat)

Error in commit cbb524ba09cd1f2d3690192960e873e6e16f8c77: diffstat error: diffstat: /lib64/libc.so.6: version `GLIBC_2.33' not found (required by diffstat)
diffstat: /lib64/libc.so.6: version `GLIBC_2.34' not found (required by diffstat)

Error in commit 22973e099e85211470b6bc26c55d7cf9f7934079: diffstat error: diffstat: /lib64/libc.so.6: version `GLIBC_2.33' not found (required by diffstat)
diffstat: /lib64/libc.so.6: version `GLIBC_2.34' not found (required by diffstat)

Error in commit b102f0c522cf668c8382c56a4f771b37d011cda2: diffstat error: diffstat: /lib64/libc.so.6: version `GLIBC_2.33' not found (required by diffstat)
diffstat: /lib64/libc.so.6: version `GLIBC_2.34' not found (required by diffstat)

Error in commit 8e2baab50482e20f89d25863db4c811f15f6abcd: diffstat error: diffstat: /lib64/libc.so.6: version `GLIBC_2.33' not found (required by diffstat)
diffstat: /lib64/libc.so.6: version `GLIBC_2.34' not found (required by diffstat)

Error in commit 3f7b642c7d1f48e7c7c8b5a5446c9594796f4787: diffstat error: diffstat: /lib64/libc.so.6: version `GLIBC_2.33' not found (required by diffstat)
diffstat: /lib64/libc.so.6: version `GLIBC_2.34' not found (required by diffstat)

Error in commit c097233bf3992b25afa4e2e96c938af3fa3be6ed: diffstat error: diffstat: /lib64/libc.so.6: version `GLIBC_2.33' not found (required by diffstat)
diffstat: /lib64/libc.so.6: version `GLIBC_2.34' not found (required by diffstat)

Error in commit 067263e84800c4b35f9bbbfafdd92aea493b6e0b: diffstat error: diffstat: /lib64/libc.so.6: version `GLIBC_2.33' not found (required by diffstat)
diffstat: /lib64/libc.so.6: version `GLIBC_2.34' not found (required by diffstat)

Error in commit 7f8f236fe53d5e9925a8c077d86e828ed9c3b24b: diffstat error: diffstat: /lib64/libc.so.6: version `GLIBC_2.33' not found (required by diffstat)
diffstat: /lib64/libc.so.6: version `GLIBC_2.34' not found (required by diffstat)

Error in commit 4a9852c31c2fd0c0e72fbb689a586aabcfb11cb0: diffstat error: diffstat: /lib64/libc.so.6: version `GLIBC_2.33' not found (required by diffstat)
diffstat: /lib64/libc.so.6: version `GLIBC_2.34' not found (required by diffstat)

Error in commit cd223e0b4e1371d12d6cbb36bb66afdc40fd6281: diffstat error: diffstat: /lib64/libc.so.6: version `GLIBC_2.33' not found (required by diffstat)
diffstat: /lib64/libc.so.6: version `GLIBC_2.34' not found (required by diffstat)

Error in commit 666c9e63016ec6fc6d4e047cd008c7fd26317a02: diffstat error: diffstat: /lib64/libc.so.6: version `GLIBC_2.33' not found (required by diffstat)
diffstat: /lib64/libc.so.6: version `GLIBC_2.34' not found (required by diffstat)

Error in commit bf247602fce232ab305a5f38bb402bd56c8d4efc: diffstat error: diffstat: /lib64/libc.so.6: version `GLIBC_2.33' not found (required by diffstat)
diffstat: /lib64/libc.so.6: version `GLIBC_2.34' not found (required by diffstat)

Error in commit b265455a2518ece7c004b43c144199ec980fc620: diffstat error: diffstat: /lib64/libc.so.6: version `GLIBC_2.33' not found (required by diffstat)
diffstat: /lib64/libc.so.6: version `GLIBC_2.34' not found (required by diffstat)

Error in commit 0cf1400c61850065de590d403f6d49e32882fd76: diffstat error: diffstat: /lib64/libc.so.6: version `GLIBC_2.33' not found (required by diffstat)
diffstat: /lib64/libc.so.6: version `GLIBC_2.34' not found (required by diffstat)

Error in commit 282b071a43fc9a8a12c9cdb98296a801b9d65fd3: diffstat error: diffstat: /lib64/libc.so.6: version `GLIBC_2.33' not found (required by diffstat)
diffstat: /lib64/libc.so.6: version `GLIBC_2.34' not found (required by diffstat)

Error in commit 23e5cbe6b090d7f22982aee909a6a618174d3c2d: diffstat error: diffstat: /lib64/libc.so.6: version `GLIBC_2.33' not found (required by diffstat)
diffstat: /lib64/libc.so.6: version `GLIBC_2.34' not found (required by diffstat)

Error in commit a0a32709e3a53b090fa9f46a90d4c9552e4db9fb: diffstat error: diffstat: /lib64/libc.so.6: version `GLIBC_2.33' not found (required by diffstat)
diffstat: /lib64/libc.so.6: version `GLIBC_2.34' not found (required by diffstat)

Error in commit f8dd9a9f7565488b664c0d885501fb93f1952b56: diffstat error: diffstat: /lib64/libc.so.6: version `GLIBC_2.33' not found (required by diffstat)
diffstat: /lib64/libc.so.6: version `GLIBC_2.34' not found (required by diffstat)

Error in commit a3a4f2d59cb9f36d56abdb88732382af98a5cd62: diffstat error: diffstat: /lib64/libc.so.6: version `GLIBC_2.33' not found (required by diffstat)
diffstat: /lib64/libc.so.6: version `GLIBC_2.34' not found (required by diffstat)

Error in commit 562b90d93cdf20931c9a31686aad1ed8eea49013: diffstat error: diffstat: /lib64/libc.so.6: version `GLIBC_2.33' not found (required by diffstat)
diffstat: /lib64/libc.so.6: version `GLIBC_2.34' not found (required by diffstat)

Error in commit 34407152e604b268e416b47fc548bf07639b628b: diffstat error: diffstat: /lib64/libc.so.6: version `GLIBC_2.33' not found (required by diffstat)
diffstat: /lib64/libc.so.6: version `GLIBC_2.34' not found (required by diffstat)

Error in commit 1fb422b532b192fd866f33fcc11f65f64c7da9e5: diffstat error: diffstat: /lib64/libc.so.6: version `GLIBC_2.33' not found (required by diffstat)
diffstat: /lib64/libc.so.6: version `GLIBC_2.34' not found (required by diffstat)

Error in commit 9677804b8e4f187656279a109d937c583ca0fb0a: diffstat error: diffstat: /lib64/libc.so.6: version `GLIBC_2.33' not found (required by diffstat)
diffstat: /lib64/libc.so.6: version `GLIBC_2.34' not found (required by diffstat)

Error in commit 49dae52d0808776f5861eb33efa1d13b05e44512: diffstat error: diffstat: /lib64/libc.so.6: version `GLIBC_2.33' not found (required by diffstat)
diffstat: /lib64/libc.so.6: version `GLIBC_2.34' not found (required by diffstat)

Error in commit 1c1dba62bd3e6fa9d0d0c0aa21926043b75382c7: diffstat error: diffstat: /lib64/libc.so.6: version `GLIBC_2.33' not found (required by diffstat)
diffstat: /lib64/libc.so.6: version `GLIBC_2.34' not found (required by diffstat)

Error in commit fe52854cdf6725c2eaa9e125995da76e6ceb27da: diffstat error: diffstat: /lib64/libc.so.6: version `GLIBC_2.33' not found (required by diffstat)
diffstat: /lib64/libc.so.6: version `GLIBC_2.34' not found (required by diffstat)

Error in commit 0d19e3bbe4ed663c3cdd4aeb666df782cd81c35c: diffstat error: diffstat: /lib64/libc.so.6: version `GLIBC_2.33' not found (required by diffstat)
diffstat: /lib64/libc.so.6: version `GLIBC_2.34' not found (required by diffstat)

Error in commit e9808ffb01876ab0ebad383de7861899a17f1a63: diffstat error: diffstat: /lib64/libc.so.6: version `GLIBC_2.33' not found (required by diffstat)
diffstat: /lib64/libc.so.6: version `GLIBC_2.34' not found (required by diffstat)

Error in commit bcd65de1ec4bb71591ae417fee649d7ecd37cd57: diffstat error: diffstat: /lib64/libc.so.6: version `GLIBC_2.33' not found (required by diffstat)
diffstat: /lib64/libc.so.6: version `GLIBC_2.34' not found (required by diffstat)

Error in commit 9a133d73ae4b4664d22bd1aa6d654fec13c52ee1: diffstat error: diffstat: /lib64/libc.so.6: version `GLIBC_2.33' not found (required by diffstat)
diffstat: /lib64/libc.so.6: version `GLIBC_2.34' not found (required by diffstat)

Error in commit 6f8771238ad345afb2dff0a3e3aca0ce52c4a1a5: diffstat error: diffstat: /lib64/libc.so.6: version `GLIBC_2.33' not found (required by diffstat)
diffstat: /lib64/libc.so.6: version `GLIBC_2.34' not found (required by diffstat)

Error in commit c32bf34ebd9d43cc26d2f782f0401c825f7ee683: diffstat error: diffstat: /lib64/libc.so.6: version `GLIBC_2.33' not found (required by diffstat)
diffstat: /lib64/libc.so.6: version `GLIBC_2.34' not found (required by diffstat)

Error in commit 26b4d7667169f8db26fd8194b3c498ec58e50f90: diffstat error: diffstat: /lib64/libc.so.6: version `GLIBC_2.33' not found (required by diffstat)
diffstat: /lib64/libc.so.6: version `GLIBC_2.34' not found (required by diffstat)

Error in commit 6f942acd7814e41bbc54437d2c3722c50ca724cd: diffstat error: diffstat: /lib64/libc.so.6: version `GLIBC_2.33' not found (required by diffstat)
diffstat: /lib64/libc.so.6: version `GLIBC_2.34' not found (required by diffstat)

Error in commit afd17f81340622d137dc2eb5712cc6f3b8b7e069: diffstat error: diffstat: /lib64/libc.so.6: version `GLIBC_2.33' not found (required by diffstat)
diffstat: /lib64/libc.so.6: version `GLIBC_2.34' not found (required by diffstat)

Error in commit 01c658f8c45cb92a343be5f32aa6da70b2032168: diffstat error: diffstat: /lib64/libc.so.6: version `GLIBC_2.33' not found (required by diffstat)
diffstat: /lib64/libc.so.6: version `GLIBC_2.34' not found (required by diffstat)

Error in commit 7413704e222d69771ba3c70356695d0f15857f66: diffstat error: diffstat: /lib64/libc.so.6: version `GLIBC_2.33' not found (required by diffstat)
diffstat: /lib64/libc.so.6: version `GLIBC_2.34' not found (required by diffstat)

Error in commit a3ceebbcdde17d0fbfb0a334ad88cc4b4f73f533: diffstat error: diffstat: /lib64/libc.so.6: version `GLIBC_2.33' not found (required by diffstat)
diffstat: /lib64/libc.so.6: version `GLIBC_2.34' not found (required by diffstat)

Error in commit fd03103c045c958756f5f3f03f13604bd80eaa1d: diffstat error: diffstat: /lib64/libc.so.6: version `GLIBC_2.33' not found (required by diffstat)
diffstat: /lib64/libc.so.6: version `GLIBC_2.34' not found (required by diffstat)

Error in commit bbbcb91d7d99976f5da387caa0f8c90e3090081c: diffstat error: diffstat: /lib64/libc.so.6: version `GLIBC_2.33' not found (required by diffstat)
diffstat: /lib64/libc.so.6: version `GLIBC_2.34' not found (required by diffstat)

Error in commit fd8dff34cb69d1d434ac0bdb558f817a729d704b: diffstat error: diffstat: /lib64/libc.so.6: version `GLIBC_2.33' not found (required by diffstat)
diffstat: /lib64/libc.so.6: version `GLIBC_2.34' not found (required by diffstat)

Error in commit 27191ef56ec52ba2688d941198aca82588904274: diffstat error: diffstat: /lib64/libc.so.6: version `GLIBC_2.33' not found (required by diffstat)
diffstat: /lib64/libc.so.6: version `GLIBC_2.34' not found (required by diffstat)

Error in commit d335e081f6823276c18c1fce1cc195e57a3c83af: diffstat error: diffstat: /lib64/libc.so.6: version `GLIBC_2.33' not found (required by diffstat)
diffstat: /lib64/libc.so.6: version `GLIBC_2.34' not found (required by diffstat)

Error in commit 1746dfb11fc0048366f34669e74318b8278a684c: diffstat error: diffstat: /lib64/libc.so.6: version `GLIBC_2.33' not found (required by diffstat)
diffstat: /lib64/libc.so.6: version `GLIBC_2.34' not found (required by diffstat)

Error in commit 0240a958a296231457639a3a7d5292d1a0c62cc4: diffstat error: diffstat: /lib64/libc.so.6: version `GLIBC_2.33' not found (required by diffstat)
diffstat: /lib64/libc.so.6: version `GLIBC_2.34' not found (required by diffstat)

Error in commit be6eeb5afa2c130b46bf24bbc781d3ac88cce5ff: diffstat error: diffstat: /lib64/libc.so.6: version `GLIBC_2.33' not found (required by diffstat)
diffstat: /lib64/libc.so.6: version `GLIBC_2.34' not found (required by diffstat)

Error in commit ea39e3cba652bcc4b11bb0d5c62b017e584d2e5a: diffstat error: diffstat: /lib64/libc.so.6: version `GLIBC_2.33' not found (required by diffstat)
diffstat: /lib64/libc.so.6: version `GLIBC_2.34' not found (required by diffstat)

Error in commit 8279c5818425b6812523e3805bbe242fb6a5d961: diffstat error: diffstat: /lib64/libc.so.6: version `GLIBC_2.33' not found (required by diffstat)
diffstat: /lib64/libc.so.6: version `GLIBC_2.34' not found (required by diffstat)

Error in commit 5ba34b1fe741d69d43a6c8cf767756997eadd87c: diffstat error: diffstat: /lib64/libc.so.6: version `GLIBC_2.33' not found (required by diffstat)
diffstat: /lib64/libc.so.6: version `GLIBC_2.34' not found (required by diffstat)

Error in commit fcd3b30552bf03a384b1a16f9bb8db029c111356: diffstat error: diffstat: /lib64/libc.so.6: version `GLIBC_2.33' not found (required by diffstat)
diffstat: /lib64/libc.so.6: version `GLIBC_2.34' not found (required by diffstat)

Error in commit 691b422247552a86e9d3310c4f1ea096dc52a3f2: diffstat error: diffstat: /lib64/libc.so.6: version `GLIBC_2.33' not found (required by diffstat)
diffstat: /lib64/libc.so.6: version `GLIBC_2.34' not found (required by diffstat)

Error in commit b27143fc2fbe7c2ad52f170a7fd0df9db782f919: diffstat error: diffstat: /lib64/libc.so.6: version `GLIBC_2.33' not found (required by diffstat)
diffstat: /lib64/libc.so.6: version `GLIBC_2.34' not found (required by diffstat)

Error in commit 5f8aadd8b9966d71a77bba52b9d499cc2f38269f: diffstat error: diffstat: /lib64/libc.so.6: version `GLIBC_2.33' not found (required by diffstat)
diffstat: /lib64/libc.so.6: version `GLIBC_2.34' not found (required by diffstat)

Error in commit df8fffd839fe5ae9acd82d26fd48280a397411d9: diffstat error: diffstat: /lib64/libc.so.6: version `GLIBC_2.33' not found (required by diffstat)
diffstat: /lib64/libc.so.6: version `GLIBC_2.34' not found (required by diffstat)

Error in commit cfc268814a94a4deb8ddc8322b63ccae270a8669: diffstat error: diffstat: /lib64/libc.so.6: version `GLIBC_2.33' not found (required by diffstat)
diffstat: /lib64/libc.so.6: version `GLIBC_2.34' not found (required by diffstat)

Error in commit 8ba6fa29cd8bf9cef9b718dc31c78c73081f5b31: diffstat error: diffstat: /lib64/libc.so.6: version `GLIBC_2.33' not found (required by diffstat)
diffstat: /lib64/libc.so.6: version `GLIBC_2.34' not found (required by diffstat)

Error in commit 7b79e43b3140cc1683db32556b17708f3ca9c844: diffstat error: diffstat: /lib64/libc.so.6: version `GLIBC_2.33' not found (required by diffstat)
diffstat: /lib64/libc.so.6: version `GLIBC_2.34' not found (required by diffstat)

Error in commit 9bbc41c55433cbd7749ad50a2882fe07c2babf63: diffstat error: diffstat: /lib64/libc.so.6: version `GLIBC_2.33' not found (required by diffstat)
diffstat: /lib64/libc.so.6: version `GLIBC_2.34' not found (required by diffstat)

Error in commit 6e658c0a5ca77677a954a34fb98f241c592c970d: diffstat error: diffstat: /lib64/libc.so.6: version `GLIBC_2.33' not found (required by diffstat)
diffstat: /lib64/libc.so.6: version `GLIBC_2.34' not found (required by diffstat)

Error in commit e29e704c9c8d68113fc407243b75a09325c86d08: diffstat error: diffstat: /lib64/libc.so.6: version `GLIBC_2.33' not found (required by diffstat)
diffstat: /lib64/libc.so.6: version `GLIBC_2.34' not found (required by diffstat)

Error in commit ae8c7de84b7e485603b4b3e4e16167126123ff9f: diffstat error: diffstat: /lib64/libc.so.6: version `GLIBC_2.33' not found (required by diffstat)
diffstat: /lib64/libc.so.6: version `GLIBC_2.34' not found (required by diffstat)

Error in commit 3c52c53dddd3193d20bcb6fb335b1813eb1c07dd: diffstat error: diffstat: /lib64/libc.so.6: version `GLIBC_2.33' not found (required by diffstat)
diffstat: /lib64/libc.so.6: version `GLIBC_2.34' not found (required by diffstat)

Error in commit 5beed3e74226eb10830a16aed47bc415ece3a8cf: diffstat error: diffstat: /lib64/libc.so.6: version `GLIBC_2.33' not found (required by diffstat)
diffstat: /lib64/libc.so.6: version `GLIBC_2.34' not found (required by diffstat)

Error in commit 63b1dd07fa378f2683ad03e543c36ec76f489364: diffstat error: diffstat: /lib64/libc.so.6: version `GLIBC_2.33' not found (required by diffstat)
diffstat: /lib64/libc.so.6: version `GLIBC_2.34' not found (required by diffstat)

Error in commit f2b246765065dc2dfd8fe4a3f8065a27d5b14887: diffstat error: diffstat: /lib64/libc.so.6: version `GLIBC_2.33' not found (required by diffstat)
diffstat: /lib64/libc.so.6: version `GLIBC_2.34' not found (required by diffstat)

Error in commit 55ea0a085290cd2c8cdfdd960a230cbc38ba8b56: diffstat error: diffstat: /lib64/libc.so.6: version `GLIBC_2.33' not found (required by diffstat)
diffstat: /lib64/libc.so.6: version `GLIBC_2.34' not found (required by diffstat)

Error in commit e1be80aa11cca765881d04f21119487db53c4ffa: diffstat error: diffstat: /lib64/libc.so.6: version `GLIBC_2.33' not found (required by diffstat)
diffstat: /lib64/libc.so.6: version `GLIBC_2.34' not found (required by diffstat)

Error in commit dd99e9f98fbf423ff6d365b37a98e8879170f17c: diffstat error: diffstat: /lib64/libc.so.6: version `GLIBC_2.33' not found (required by diffstat)
diffstat: /lib64/libc.so.6: version `GLIBC_2.34' not found (required by diffstat)

Error in commit d912dec124288553c734e25fef3ecfef92f894db: diffstat error: diffstat: /lib64/libc.so.6: version `GLIBC_2.33' not found (required by diffstat)
diffstat: /lib64/libc.so.6: version `GLIBC_2.34' not found (required by diffstat)

Error in commit 35616039860ab25dde6f87b9a9e87f8727fa0daf: diffstat error: diffstat: /lib64/libc.so.6: version `GLIBC_2.33' not found (required by diffstat)
diffstat: /lib64/libc.so.6: version `GLIBC_2.34' not found (required by diffstat)

Error in commit 99bbb31b4599d0e9d053109c399fa5efc9708c86: diffstat error: diffstat: /lib64/libc.so.6: version `GLIBC_2.33' not found (required by diffstat)
diffstat: /lib64/libc.so.6: version `GLIBC_2.34' not found (required by diffstat)

Error in commit 4647e5f71a4b2d1d62238b9bce854a501b5477fb: diffstat error: diffstat: /lib64/libc.so.6: version `GLIBC_2.33' not found (required by diffstat)
diffstat: /lib64/libc.so.6: version `GLIBC_2.34' not found (required by diffstat)

Error in commit 8a545254a7a900636259b89bb8bd6c1ecc60147c: diffstat error: diffstat: /lib64/libc.so.6: version `GLIBC_2.33' not found (required by diffstat)
diffstat: /lib64/libc.so.6: version `GLIBC_2.34' not found (required by diffstat)

Error in commit df26a0ae0b419124efad82df148b84c6c6164615: diffstat error: diffstat: /lib64/libc.so.6: version `GLIBC_2.33' not found (required by diffstat)
diffstat: /lib64/libc.so.6: version `GLIBC_2.34' not found (required by diffstat)

Error in commit 706b32e0e0a7dd20cc3f74501c1bfd74570b380c: diffstat error: diffstat: /lib64/libc.so.6: version `GLIBC_2.33' not found (required by diffstat)
diffstat: /lib64/libc.so.6: version `GLIBC_2.34' not found (required by diffstat)

Error in commit 2cd1ae736f7ace5d0620937e4783fd85e9ca7448: diffstat error: diffstat: /lib64/libc.so.6: version `GLIBC_2.33' not found (required by diffstat)
diffstat: /lib64/libc.so.6: version `GLIBC_2.34' not found (required by diffstat)

Error in commit 8ba141c38f85c8ad82d0ad6d9bde503ec4a971b6: diffstat error: diffstat: /lib64/libc.so.6: version `GLIBC_2.33' not found (required by diffstat)
diffstat: /lib64/libc.so.6: version `GLIBC_2.34' not found (required by diffstat)

Error in commit 379d35fc8f16d51849985e8c7f0e7d73942c6529: diffstat error: diffstat: /lib64/libc.so.6: version `GLIBC_2.33' not found (required by diffstat)
diffstat: /lib64/libc.so.6: version `GLIBC_2.34' not found (required by diffstat)

Error in commit 87562bc5c1a6863009fe244c306b9446b0ceae9c: diffstat error: diffstat: /lib64/libc.so.6: version `GLIBC_2.33' not found (required by diffstat)
diffstat: /lib64/libc.so.6: version `GLIBC_2.34' not found (required by diffstat)

Error in commit f09caa532b6e1ac8d2aa61b7832c78c5b79300c6: diffstat error: diffstat: /lib64/libc.so.6: version `GLIBC_2.33' not found (required by diffstat)
diffstat: /lib64/libc.so.6: version `GLIBC_2.34' not found (required by diffstat)

Error in commit 30fdc1a3b36cfd4c8859be9d4f4ef1d951b59c21: diffstat error: diffstat: /lib64/libc.so.6: version `GLIBC_2.33' not found (required by diffstat)
diffstat: /lib64/libc.so.6: version `GLIBC_2.34' not found (required by diffstat)

Error in commit 4dddb2fd0b01cdd196101afbba6518658a2c9e07: diffstat error: diffstat: /lib64/libc.so.6: version `GLIBC_2.33' not found (required by diffstat)
diffstat: /lib64/libc.so.6: version `GLIBC_2.34' not found (required by diffstat)

Error in commit 25d622ffc432acc736b14ca3904177579e733cc6: diffstat error: diffstat: /lib64/libc.so.6: version `GLIBC_2.33' not found (required by diffstat)
diffstat: /lib64/libc.so.6: version `GLIBC_2.34' not found (required by diffstat)

Error in commit 425e0f4037b4543fe8044ac96ca71d6d02d7d8c5: diffstat error: diffstat: /lib64/libc.so.6: version `GLIBC_2.33' not found (required by diffstat)
diffstat: /lib64/libc.so.6: version `GLIBC_2.34' not found (required by diffstat)

Error in commit 991f8258a0aff620449488247eb7abe4c82dd077: diffstat error: diffstat: /lib64/libc.so.6: version `GLIBC_2.33' not found (required by diffstat)
diffstat: /lib64/libc.so.6: version `GLIBC_2.34' not found (required by diffstat)

Error in commit fa60048914793de19fb09e42c22b941473a89175: diffstat error: diffstat: /lib64/libc.so.6: version `GLIBC_2.33' not found (required by diffstat)
diffstat: /lib64/libc.so.6: version `GLIBC_2.34' not found (required by diffstat)

Error in commit 37e0a714f9f8317d8ae9d8e913570a4a9ea1f428: diffstat error: diffstat: /lib64/libc.so.6: version `GLIBC_2.33' not found (required by diffstat)
diffstat: /lib64/libc.so.6: version `GLIBC_2.34' not found (required by diffstat)

Error in commit 237f693c5731dcbd6adc9de69d9f575421c4414e: diffstat error: diffstat: /lib64/libc.so.6: version `GLIBC_2.33' not found (required by diffstat)
diffstat: /lib64/libc.so.6: version `GLIBC_2.34' not found (required by diffstat)

Error in commit 25cb4e5282cf45ee4dafe2da8de4ebc385658e92: diffstat error: diffstat: /lib64/libc.so.6: version `GLIBC_2.33' not found (required by diffstat)
diffstat: /lib64/libc.so.6: version `GLIBC_2.34' not found (required by diffstat)

Error in commit e3749a6d5d1e8d11806d4a2e9cc3123d1a90b75e: diffstat error: diffstat: /lib64/libc.so.6: version `GLIBC_2.33' not found (required by diffstat)
diffstat: /lib64/libc.so.6: version `GLIBC_2.34' not found (required by diffstat)

Error in commit 7ae2af34087fb4b5c8915279efd03da3b81028bc: diffstat error: diffstat: /lib64/libc.so.6: version `GLIBC_2.33' not found (required by diffstat)
diffstat: /lib64/libc.so.6: version `GLIBC_2.34' not found (required by diffstat)

Error in commit ab0fc21bc7105b54bafd85bd8b82742f9e68898a: diffstat error: diffstat: /lib64/libc.so.6: version `GLIBC_2.33' not found (required by diffstat)
diffstat: /lib64/libc.so.6: version `GLIBC_2.34' not found (required by diffstat)

Error in commit 6e3a43f4b7a1288c878b5daff274f1229256fbe8: diffstat error: diffstat: /lib64/libc.so.6: version `GLIBC_2.33' not found (required by diffstat)
diffstat: /lib64/libc.so.6: version `GLIBC_2.34' not found (required by diffstat)

Error in commit 0657c83d08845cc434175934c642299de2c0f042: diffstat error: diffstat: /lib64/libc.so.6: version `GLIBC_2.33' not found (required by diffstat)
diffstat: /lib64/libc.so.6: version `GLIBC_2.34' not found (required by diffstat)

Error in commit 0aaaae6eca5a7175a193696383f582f53adab23f: diffstat error: diffstat: /lib64/libc.so.6: version `GLIBC_2.33' not found (required by diffstat)
diffstat: /lib64/libc.so.6: version `GLIBC_2.34' not found (required by diffstat)

Error in commit 2ab4337022fe33279d403378661c4272bd9438a1: diffstat error: diffstat: /lib64/libc.so.6: version `GLIBC_2.33' not found (required by diffstat)
diffstat: /lib64/libc.so.6: version `GLIBC_2.34' not found (required by diffstat)

Error in commit b89eac60b66c9bb81f0028d02b87ffdf9e059ae4: diffstat error: diffstat: /lib64/libc.so.6: version `GLIBC_2.33' not found (required by diffstat)
diffstat: /lib64/libc.so.6: version `GLIBC_2.34' not found (required by diffstat)

Error in commit 634db6724326170f7ca9298f3ba2ddc1e8e209d8: diffstat error: diffstat: /lib64/libc.so.6: version `GLIBC_2.33' not found (required by diffstat)
diffstat: /lib64/libc.so.6: version `GLIBC_2.34' not found (required by diffstat)

Error in commit 0ce535ecb2bb58079513ccbd1fe086409c77beb8: diffstat error: diffstat: /lib64/libc.so.6: version `GLIBC_2.33' not found (required by diffstat)
diffstat: /lib64/libc.so.6: version `GLIBC_2.34' not found (required by diffstat)

Error in commit 6039aa73a1323edc2d6d93a22505d4dc28f38e3f: diffstat error: diffstat: /lib64/libc.so.6: version `GLIBC_2.33' not found (required by diffstat)
diffstat: /lib64/libc.so.6: version `GLIBC_2.34' not found (required by diffstat)

Error in commit f48729acd5387a9b3aec6d8529a6cfde30ad94ea: diffstat error: diffstat: /lib64/libc.so.6: version `GLIBC_2.33' not found (required by diffstat)
diffstat: /lib64/libc.so.6: version `GLIBC_2.34' not found (required by diffstat)

Error in commit da48e7dbb20024c198493b8724adae1b842083aa: diffstat error: diffstat: /lib64/libc.so.6: version `GLIBC_2.33' not found (required by diffstat)
diffstat: /lib64/libc.so.6: version `GLIBC_2.34' not found (required by diffstat)

Error in commit ac442bc1df2ec26729077ed8d57342cb5c494a21: diffstat error: diffstat: /lib64/libc.so.6: version `GLIBC_2.33' not found (required by diffstat)
diffstat: /lib64/libc.so.6: version `GLIBC_2.34' not found (required by diffstat)

Error in commit 16baea06771f38fea810ad1eaf3239086442c258: diffstat error: diffstat: /lib64/libc.so.6: version `GLIBC_2.33' not found (required by diffstat)
diffstat: /lib64/libc.so.6: version `GLIBC_2.34' not found (required by diffstat)

Error in commit c771d683a62e5d36bc46036f5c07f4f5bb7dda61: diffstat error: diffstat: /lib64/libc.so.6: version `GLIBC_2.33' not found (required by diffstat)
diffstat: /lib64/libc.so.6: version `GLIBC_2.34' not found (required by diffstat)

Error in commit 72b2249110599b05ddb9b8c12d7283a1fb9efdea: diffstat error: diffstat: /lib64/libc.so.6: version `GLIBC_2.33' not found (required by diffstat)
diffstat: /lib64/libc.so.6: version `GLIBC_2.34' not found (required by diffstat)

Error in commit ffb444dbeb6bea3cb155502395e61cb6d18708c9: diffstat error: diffstat: /lib64/libc.so.6: version `GLIBC_2.33' not found (required by diffstat)
diffstat: /lib64/libc.so.6: version `GLIBC_2.34' not found (required by diffstat)

Error in commit eab098246625e91c1cbd6e8f75b09e4c9c28a9fc: diffstat error: diffstat: /lib64/libc.so.6: version `GLIBC_2.33' not found (required by diffstat)
diffstat: /lib64/libc.so.6: version `GLIBC_2.34' not found (required by diffstat)

Error in commit ef7ac603d0dab2bb586a24dbbf0c6c669e213ccd: diffstat error: diffstat: /lib64/libc.so.6: version `GLIBC_2.33' not found (required by diffstat)
diffstat: /lib64/libc.so.6: version `GLIBC_2.34' not found (required by diffstat)

Error in commit 4fe26f75897e99f7f198773008d2736aa05c80b3: diffstat error: diffstat: /lib64/libc.so.6: version `GLIBC_2.33' not found (required by diffstat)
diffstat: /lib64/libc.so.6: version `GLIBC_2.34' not found (required by diffstat)

Error in commit 6087586263eb1351a5fa370b233b8d747d0e1f59: diffstat error: diffstat: /lib64/libc.so.6: version `GLIBC_2.33' not found (required by diffstat)
diffstat: /lib64/libc.so.6: version `GLIBC_2.34' not found (required by diffstat)

Error in commit c02c4e5f4ab2b391543189fe87b17fa80e39f9bb: diffstat error: diffstat: /lib64/libc.so.6: version `GLIBC_2.33' not found (required by diffstat)
diffstat: /lib64/libc.so.6: version `GLIBC_2.34' not found (required by diffstat)

Error in commit cb4ef0b09200c720dfdb07e097092dd105450343: diffstat error: diffstat: /lib64/libc.so.6: version `GLIBC_2.33' not found (required by diffstat)
diffstat: /lib64/libc.so.6: version `GLIBC_2.34' not found (required by diffstat)

Error in commit fe7c69c248f4fe5a9080c7ccb35275b5218bb5ab: diffstat error: diffstat: /lib64/libc.so.6: version `GLIBC_2.33' not found (required by diffstat)
diffstat: /lib64/libc.so.6: version `GLIBC_2.34' not found (required by diffstat)

Error in commit 9c9a84cec4ab28ee0b57c2b9266d6fbe68183512: diffstat error: diffstat: /lib64/libc.so.6: version `GLIBC_2.33' not found (required by diffstat)
diffstat: /lib64/libc.so.6: version `GLIBC_2.34' not found (required by diffstat)

Error in commit 18e8ce2a19205b248c4d81572f2a0e0de947687c: diffstat error: diffstat: /lib64/libc.so.6: version `GLIBC_2.33' not found (required by diffstat)
diffstat: /lib64/libc.so.6: version `GLIBC_2.34' not found (required by diffstat)

Error in commit 3fecef67d0012958766a0e983a95651025b6deb6: diffstat error: diffstat: /lib64/libc.so.6: version `GLIBC_2.33' not found (required by diffstat)
diffstat: /lib64/libc.so.6: version `GLIBC_2.34' not found (required by diffstat)

Error in commit c223d84fbf1ebb7a862f297e65878a2a78653e8e: diffstat error: diffstat: /lib64/libc.so.6: version `GLIBC_2.33' not found (required by diffstat)
diffstat: /lib64/libc.so.6: version `GLIBC_2.34' not found (required by diffstat)

Error in commit 22c47acbd52949421f8c7cb46ea1556827d0fcbf: diffstat error: diffstat: /lib64/libc.so.6: version `GLIBC_2.33' not found (required by diffstat)
diffstat: /lib64/libc.so.6: version `GLIBC_2.34' not found (required by diffstat)

Error in commit e1a63c0fecda4c434469834f802093036cb6c70f: diffstat error: diffstat: /lib64/libc.so.6: version `GLIBC_2.33' not found (required by diffstat)
diffstat: /lib64/libc.so.6: version `GLIBC_2.34' not found (required by diffstat)

Error in commit a152aebfd1114376ba266ed30416be596ef9d806: diffstat error: diffstat: /lib64/libc.so.6: version `GLIBC_2.33' not found (required by diffstat)
diffstat: /lib64/libc.so.6: version `GLIBC_2.34' not found (required by diffstat)

Error in commit 622daca2044523bec96a177d722eb453329336a5: diffstat error: diffstat: /lib64/libc.so.6: version `GLIBC_2.33' not found (required by diffstat)
diffstat: /lib64/libc.so.6: version `GLIBC_2.34' not found (required by diffstat)

Error in commit e50f19fd73c792ebe912df8ab83aa51a243a3da7: diffstat error: diffstat: /lib64/libc.so.6: version `GLIBC_2.33' not found (required by diffstat)
diffstat: /lib64/libc.so.6: version `GLIBC_2.34' not found (required by diffstat)

Error in commit 6fece75e4c21371fee59c5f701b47f4a0a946609: diffstat error: diffstat: /lib64/libc.so.6: version `GLIBC_2.33' not found (required by diffstat)
diffstat: /lib64/libc.so.6: version `GLIBC_2.34' not found (required by diffstat)

Error in commit e8d3a48d0933323d5e4f85a25a7d9bab67ea56b3: diffstat error: diffstat: /lib64/libc.so.6: version `GLIBC_2.33' not found (required by diffstat)
diffstat: /lib64/libc.so.6: version `GLIBC_2.34' not found (required by diffstat)

Error in commit 9178ac9d6389bdc54638ab913ea0e419234d14eb: diffstat error: diffstat: /lib64/libc.so.6: version `GLIBC_2.33' not found (required by diffstat)
diffstat: /lib64/libc.so.6: version `GLIBC_2.34' not found (required by diffstat)

Error in commit 53b0dd6dc5957652f35964af16b892ec9af4a559: diffstat error: diffstat: /lib64/libc.so.6: version `GLIBC_2.33' not found (required by diffstat)
diffstat: /lib64/libc.so.6: version `GLIBC_2.34' not found (required by diffstat)

Error in commit a373b1f74215e44920bf9362a51bece530edf88a: diffstat error: diffstat: /lib64/libc.so.6: version `GLIBC_2.33' not found (required by diffstat)
diffstat: /lib64/libc.so.6: version `GLIBC_2.34' not found (required by diffstat)

Error in commit 20431e9044cf2ad3c0323c34888b192f3289af6b: diffstat error: diffstat: /lib64/libc.so.6: version `GLIBC_2.33' not found (required by diffstat)
diffstat: /lib64/libc.so.6: version `GLIBC_2.34' not found (required by diffstat)

Error in commit 4891c01b1cadf085a915a3eac5dd1b8d8cdee203: diffstat error: diffstat: /lib64/libc.so.6: version `GLIBC_2.33' not found (required by diffstat)
diffstat: /lib64/libc.so.6: version `GLIBC_2.34' not found (required by diffstat)

Error in commit 025a88e6602b4baa372b12cfd8492335f79c4cd8: diffstat error: diffstat: /lib64/libc.so.6: version `GLIBC_2.33' not found (required by diffstat)
diffstat: /lib64/libc.so.6: version `GLIBC_2.34' not found (required by diffstat)

Error in commit 06eaec767e376bfdb883d912cb15e987ddf2bda1: diffstat error: diffstat: /lib64/libc.so.6: version `GLIBC_2.33' not found (required by diffstat)
diffstat: /lib64/libc.so.6: version `GLIBC_2.34' not found (required by diffstat)

Error in commit 91ee2095d49c10c4f2aee7f9ea3e57ef8627ea8b: diffstat error: diffstat: /lib64/libc.so.6: version `GLIBC_2.33' not found (required by diffstat)
diffstat: /lib64/libc.so.6: version `GLIBC_2.34' not found (required by diffstat)

Error in commit c9aeb5d2fec332e89a0b309f93bc16d77419c3f8: diffstat error: diffstat: /lib64/libc.so.6: version `GLIBC_2.33' not found (required by diffstat)
diffstat: /lib64/libc.so.6: version `GLIBC_2.34' not found (required by diffstat)

Error in commit 9102c625a673a3246d7e73d8737f3494446bad4e: diffstat error: diffstat: /lib64/libc.so.6: version `GLIBC_2.33' not found (required by diffstat)
diffstat: /lib64/libc.so.6: version `GLIBC_2.34' not found (required by diffstat)

Error in commit 71563878fac50a478561a6153bc22986248a8716: diffstat error: diffstat: /lib64/libc.so.6: version `GLIBC_2.33' not found (required by diffstat)
diffstat: /lib64/libc.so.6: version `GLIBC_2.34' not found (required by diffstat)

Error in commit 784eb81014adb75bacdf1c24913f03ec842631ba: diffstat error: diffstat: /lib64/libc.so.6: version `GLIBC_2.33' not found (required by diffstat)
diffstat: /lib64/libc.so.6: version `GLIBC_2.34' not found (required by diffstat)

Error in commit 72c0bdcb25305b0b36842d746cc61d72658d2941: diffstat error: diffstat: /lib64/libc.so.6: version `GLIBC_2.33' not found (required by diffstat)
diffstat: /lib64/libc.so.6: version `GLIBC_2.34' not found (required by diffstat)

Error in commit 3c8d35dac6d144c597b6bbef6f25ea7d19a7cc36: diffstat error: diffstat: /lib64/libc.so.6: version `GLIBC_2.33' not found (required by diffstat)
diffstat: /lib64/libc.so.6: version `GLIBC_2.34' not found (required by diffstat)

Error in commit 4e0b0f42c9c7cbb756aee9e418f7ad15cdf16cd6: diffstat error: diffstat: /lib64/libc.so.6: version `GLIBC_2.33' not found (required by diffstat)
diffstat: /lib64/libc.so.6: version `GLIBC_2.34' not found (required by diffstat)

Error in commit 1df72c9f0f61304437f4f1037df03b5fb36d5a79: diffstat error: diffstat: /lib64/libc.so.6: version `GLIBC_2.33' not found (required by diffstat)
diffstat: /lib64/libc.so.6: version `GLIBC_2.34' not found (required by diffstat)

Error in commit 922bf90ca14a681629ba0b807a997a81d70225b5: diffstat error: diffstat: /lib64/libc.so.6: version `GLIBC_2.33' not found (required by diffstat)
diffstat: /lib64/libc.so.6: version `GLIBC_2.34' not found (required by diffstat)

Error in commit 5b915884b983a96fb32d726f3c359adf378c2dc7: diffstat error: diffstat: /lib64/libc.so.6: version `GLIBC_2.33' not found (required by diffstat)
diffstat: /lib64/libc.so.6: version `GLIBC_2.34' not found (required by diffstat)

Error in commit fd9b4a80d287b65827c50721ebd4051ed8a03ca5: diffstat error: diffstat: /lib64/libc.so.6: version `GLIBC_2.33' not found (required by diffstat)
diffstat: /lib64/libc.so.6: version `GLIBC_2.34' not found (required by diffstat)

Error in commit 756e5ad9f0088087def576e476874803d3de8c84: diffstat error: diffstat: /lib64/libc.so.6: version `GLIBC_2.33' not found (required by diffstat)
diffstat: /lib64/libc.so.6: version `GLIBC_2.34' not found (required by diffstat)

Error in commit 188a3257e3c29c6756773d2caf3e5ca3b2ad8b3f: diffstat error: diffstat: /lib64/libc.so.6: version `GLIBC_2.33' not found (required by diffstat)
diffstat: /lib64/libc.so.6: version `GLIBC_2.34' not found (required by diffstat)

Error in commit 954e8eb46a9ab045b766be116fbb0b215641b4ba: diffstat error: diffstat: /lib64/libc.so.6: version `GLIBC_2.33' not found (required by diffstat)
diffstat: /lib64/libc.so.6: version `GLIBC_2.34' not found (required by diffstat)

Error in commit 2256ff553bda403bb75048bb8f85678fed16bd64: diffstat error: diffstat: /lib64/libc.so.6: version `GLIBC_2.33' not found (required by diffstat)
diffstat: /lib64/libc.so.6: version `GLIBC_2.34' not found (required by diffstat)

Error in commit 5f3e93440b2fc5a08c553e66eb258d4a46435aed: diffstat error: diffstat: /lib64/libc.so.6: version `GLIBC_2.33' not found (required by diffstat)
diffstat: /lib64/libc.so.6: version `GLIBC_2.34' not found (required by diffstat)

Error in commit 2b8208b45feb2aab64d560d3e12e01e7b6d00d39: diffstat error: diffstat: /lib64/libc.so.6: version `GLIBC_2.33' not found (required by diffstat)
diffstat: /lib64/libc.so.6: version `GLIBC_2.34' not found (required by diffstat)

Error in commit 18853ca3d5ee5d7e59e61d2de7c1dbf714d17b64: diffstat error: diffstat: /lib64/libc.so.6: version `GLIBC_2.33' not found (required by diffstat)
diffstat: /lib64/libc.so.6: version `GLIBC_2.34' not found (required by diffstat)

Error in commit b3d7b1cbe7afdc6a63bbcbe938e8639deedb04a1: diffstat error: diffstat: /lib64/libc.so.6: version `GLIBC_2.33' not found (required by diffstat)
diffstat: /lib64/libc.so.6: version `GLIBC_2.34' not found (required by diffstat)

Error in commit e78bc45810c0834ad47cffcdfb52f0a57bfbba2d: diffstat error: diffstat: /lib64/libc.so.6: version `GLIBC_2.33' not found (required by diffstat)
diffstat: /lib64/libc.so.6: version `GLIBC_2.34' not found (required by diffstat)

Error in commit be9f8d395bbd196e3812e9cd80708f06bcc206f7: diffstat error: diffstat: /lib64/libc.so.6: version `GLIBC_2.33' not found (required by diffstat)
diffstat: /lib64/libc.so.6: version `GLIBC_2.34' not found (required by diffstat)

Error in commit c753000eb31835c0664e528fbc99378ae0cbe950: diffstat error: diffstat: /lib64/libc.so.6: version `GLIBC_2.33' not found (required by diffstat)
diffstat: /lib64/libc.so.6: version `GLIBC_2.34' not found (required by diffstat)

Error in commit 025fbb756d44ffee8f847db4222ed6aa4bd1fbe4: diffstat error: diffstat: /lib64/libc.so.6: version `GLIBC_2.33' not found (required by diffstat)
diffstat: /lib64/libc.so.6: version `GLIBC_2.34' not found (required by diffstat)

Error in commit 962976b0d21f12921a8658131951762f96786945: diffstat error: diffstat: /lib64/libc.so.6: version `GLIBC_2.33' not found (required by diffstat)
diffstat: /lib64/libc.so.6: version `GLIBC_2.34' not found (required by diffstat)

Error in commit cf60095a4d8c3cb2e182a14415467afd356e982f: diffstat error: diffstat: /lib64/libc.so.6: version `GLIBC_2.33' not found (required by diffstat)
diffstat: /lib64/libc.so.6: version `GLIBC_2.34' not found (required by diffstat)

Error in commit cc5be96724215354930c0df9624787ba83d02476: diffstat error: diffstat: /lib64/libc.so.6: version `GLIBC_2.33' not found (required by diffstat)
diffstat: /lib64/libc.so.6: version `GLIBC_2.34' not found (required by diffstat)

Error in commit 3ba880a12df5aa4488c18281701b5b1bc3d4531a: diffstat error: diffstat: /lib64/libc.so.6: version `GLIBC_2.33' not found (required by diffstat)
diffstat: /lib64/libc.so.6: version `GLIBC_2.34' not found (required by diffstat)

Error in commit 344c31a9eacf6d50826039d759580fc680816b08: diffstat error: diffstat: /lib64/libc.so.6: version `GLIBC_2.33' not found (required by diffstat)
diffstat: /lib64/libc.so.6: version `GLIBC_2.34' not found (required by diffstat)

Error in commit b1ff52999c48688ae228e76ffa64e64f75d57b0d: diffstat error: diffstat: /lib64/libc.so.6: version `GLIBC_2.33' not found (required by diffstat)
diffstat: /lib64/libc.so.6: version `GLIBC_2.34' not found (required by diffstat)

Error in commit 1961d616a4725fcf445bdaa1ecb7a3f5434726e9: diffstat error: diffstat: /lib64/libc.so.6: version `GLIBC_2.33' not found (required by diffstat)
diffstat: /lib64/libc.so.6: version `GLIBC_2.34' not found (required by diffstat)

Error in commit e2f13d374: diffstat error: diffstat: /lib64/libc.so.6: version `GLIBC_2.33' not found (required by diffstat)
diffstat: /lib64/libc.so.6: version `GLIBC_2.34' not found (required by diffstat)

Error in commit 412858272365f0e6d6f8873e794f64374da8fa06: diffstat error: diffstat: /lib64/libc.so.6: version `GLIBC_2.33' not found (required by diffstat)
diffstat: /lib64/libc.so.6: version `GLIBC_2.34' not found (required by diffstat)

Error in commit af9b028e270fda6fb812d70d17d902297df1ceb5: diffstat error: diffstat: /lib64/libc.so.6: version `GLIBC_2.33' not found (required by diffstat)
diffstat: /lib64/libc.so.6: version `GLIBC_2.34' not found (required by diffstat)

Error in commit d1ff1485fb8c3a8a4fdb64f1ba8d14f666021a4d: diffstat error: diffstat: /lib64/libc.so.6: version `GLIBC_2.33' not found (required by diffstat)
diffstat: /lib64/libc.so.6: version `GLIBC_2.34' not found (required by diffstat)

Error in commit a38033a59baaaf8eb10436267605af3468d4cb83: diffstat error: diffstat: /lib64/libc.so.6: version `GLIBC_2.33' not found (required by diffstat)
diffstat: /lib64/libc.so.6: version `GLIBC_2.34' not found (required by diffstat)

Error in commit 789e50406908d1f762f9f6471af7a9b8c20e1675: diffstat error: diffstat: /lib64/libc.so.6: version `GLIBC_2.33' not found (required by diffstat)
diffstat: /lib64/libc.so.6: version `GLIBC_2.34' not found (required by diffstat)

Error in commit 9ab39fd2c7c05542829f6b5f73403a1b7a7dc660: diffstat error: diffstat: /lib64/libc.so.6: version `GLIBC_2.33' not found (required by diffstat)
diffstat: /lib64/libc.so.6: version `GLIBC_2.34' not found (required by diffstat)

Error in commit 6921ed9049bc7457f66c1596c5b78aec0dae4a9d: diffstat error: diffstat: /lib64/libc.so.6: version `GLIBC_2.33' not found (required by diffstat)
diffstat: /lib64/libc.so.6: version `GLIBC_2.34' not found (required by diffstat)

Error in commit 1c2fb3f38e250dd3b88612435869acf92b4f51e2: diffstat error: diffstat: /lib64/libc.so.6: version `GLIBC_2.33' not found (required by diffstat)
diffstat: /lib64/libc.so.6: version `GLIBC_2.34' not found (required by diffstat)

Error in commit 19099dc393f3ca1fd9690f914e50278cf2aee78a: diffstat error: diffstat: /lib64/libc.so.6: version `GLIBC_2.33' not found (required by diffstat)
diffstat: /lib64/libc.so.6: version `GLIBC_2.34' not found (required by diffstat)

Error in commit df0ae2497ddefd72a87f3a3b34ff32455d7d4ae0: diffstat error: diffstat: /lib64/libc.so.6: version `GLIBC_2.33' not found (required by diffstat)
diffstat: /lib64/libc.so.6: version `GLIBC_2.34' not found (required by diffstat)

Error in commit 67d7d8ad99be: diffstat error: diffstat: /lib64/libc.so.6: version `GLIBC_2.33' not found (required by diffstat)
diffstat: /lib64/libc.so.6: version `GLIBC_2.34' not found (required by diffstat)

Error in commit 4663090a8fb036146dfe77718cff612b0101cb0f: diffstat error: diffstat: /lib64/libc.so.6: version `GLIBC_2.33' not found (required by diffstat)
diffstat: /lib64/libc.so.6: version `GLIBC_2.34' not found (required by diffstat)

Error in commit 504a10d9e46bc37b23d0a1ae2f28973c8516e636: diffstat error: diffstat: /lib64/libc.so.6: version `GLIBC_2.33' not found (required by diffstat)
diffstat: /lib64/libc.so.6: version `GLIBC_2.34' not found (required by diffstat)

Error in commit ef08b09c9459551aabbe7924fb176f1583053cdd: diffstat error: diffstat: /lib64/libc.so.6: version `GLIBC_2.33' not found (required by diffstat)
diffstat: /lib64/libc.so.6: version `GLIBC_2.34' not found (required by diffstat)

Error in commit 1bbaa929b77113532785c408dd1b41cd0521ffc8: diffstat error: diffstat: /lib64/libc.so.6: version `GLIBC_2.33' not found (required by diffstat)
diffstat: /lib64/libc.so.6: version `GLIBC_2.34' not found (required by diffstat)

Error in commit 0ec02f9ac589e9e21e447f4406ec104ade01ef73: diffstat error: diffstat: /lib64/libc.so.6: version `GLIBC_2.33' not found (required by diffstat)
diffstat: /lib64/libc.so.6: version `GLIBC_2.34' not found (required by diffstat)

Error in commit e8c0090c6d2df7b1553053dca2008e96724204bf: diffstat error: diffstat: /lib64/libc.so.6: version `GLIBC_2.33' not found (required by diffstat)
diffstat: /lib64/libc.so.6: version `GLIBC_2.34' not found (required by diffstat)

Error in commit 49b3bd517ae848763e53692e2d247202544dd583: diffstat error: diffstat: /lib64/libc.so.6: version `GLIBC_2.33' not found (required by diffstat)
diffstat: /lib64/libc.so.6: version `GLIBC_2.34' not found (required by diffstat)

Error in commit caeb1eb62412605f71bd96ce9bb9420644b6db53: diffstat error: diffstat: /lib64/libc.so.6: version `GLIBC_2.33' not found (required by diffstat)
diffstat: /lib64/libc.so.6: version `GLIBC_2.34' not found (required by diffstat)

Error in commit 77b1f4eee8a777a925d2732966b0ac0288890909: diffstat error: diffstat: /lib64/libc.so.6: version `GLIBC_2.33' not found (required by diffstat)
diffstat: /lib64/libc.so.6: version `GLIBC_2.34' not found (required by diffstat)

Error in commit 15f3cc4b389d1e92f7d537a2321ad027cf3b5a15: diffstat error: diffstat: /lib64/libc.so.6: version `GLIBC_2.33' not found (required by diffstat)
diffstat: /lib64/libc.so.6: version `GLIBC_2.34' not found (required by diffstat)

Error in commit 292e41ce650a7b5ca5de4ae87fff0d6a90d9fc97: diffstat error: diffstat: /lib64/libc.so.6: version `GLIBC_2.33' not found (required by diffstat)
diffstat: /lib64/libc.so.6: version `GLIBC_2.34' not found (required by diffstat)

Error in commit 349227005827e8a67a0406b823138b5068cc47dc: SHA b'349227005827e8a67a0406b823138b5068cc47dc' could not be resolved, git returned: b'349227005827e8a67a0406b823138b5068cc47dc missing'
Error in commit f5b8bbc4b7c508252313989e6d0a3f9ec4a6a079: diffstat error: diffstat: /lib64/libc.so.6: version `GLIBC_2.33' not found (required by diffstat)
diffstat: /lib64/libc.so.6: version `GLIBC_2.34' not found (required by diffstat)

Error in commit 41462d93009fd23769224fe75e6c9092c113c7aa: diffstat error: diffstat: /lib64/libc.so.6: version `GLIBC_2.33' not found (required by diffstat)
diffstat: /lib64/libc.so.6: version `GLIBC_2.34' not found (required by diffstat)

Error in commit c9a51565214eece8f1053089739aea73145bfd6b: diffstat error: diffstat: /lib64/libc.so.6: version `GLIBC_2.33' not found (required by diffstat)
diffstat: /lib64/libc.so.6: version `GLIBC_2.34' not found (required by diffstat)

Error in commit d7d7764cb07c8a1872804321302ef93bf62cba05: SHA b'd7d7764cb07c8a1872804321302ef93bf62cba05' could not be resolved, git returned: b'd7d7764cb07c8a1872804321302ef93bf62cba05 missing'
Error in commit b15e06890568489089bbfae9959e7da3e234ff39: diffstat error: diffstat: /lib64/libc.so.6: version `GLIBC_2.33' not found (required by diffstat)
diffstat: /lib64/libc.so.6: version `GLIBC_2.34' not found (required by diffstat)

Error in commit 4ce743b5927a5e33b998e18e5cb685dd9f0f6a00: diffstat error: diffstat: /lib64/libc.so.6: version `GLIBC_2.33' not found (required by diffstat)
diffstat: /lib64/libc.so.6: version `GLIBC_2.34' not found (required by diffstat)

Error in commit abd01570666f706b160654a86e0ea84459f1e779: diffstat error: diffstat: /lib64/libc.so.6: version `GLIBC_2.33' not found (required by diffstat)
diffstat: /lib64/libc.so.6: version `GLIBC_2.34' not found (required by diffstat)

Error in commit 62a064fd775cd682426176bab002a7d54a6b5bfc: diffstat error: diffstat: /lib64/libc.so.6: version `GLIBC_2.33' not found (required by diffstat)
diffstat: /lib64/libc.so.6: version `GLIBC_2.34' not found (required by diffstat)

Error in commit a690304bbd3fd19e9dfdad50dcc87ad829f744e4: diffstat error: diffstat: /lib64/libc.so.6: version `GLIBC_2.33' not found (required by diffstat)
diffstat: /lib64/libc.so.6: version `GLIBC_2.34' not found (required by diffstat)

Error in commit 135b2e26ccf55b8e20840b253ea4cee5fb791f19: diffstat error: diffstat: /lib64/libc.so.6: version `GLIBC_2.33' not found (required by diffstat)
diffstat: /lib64/libc.so.6: version `GLIBC_2.34' not found (required by diffstat)

Error in commit 262e4f34979872d822ccedf9f318ed89c4d31c03: diffstat error: diffstat: /lib64/libc.so.6: version `GLIBC_2.33' not found (required by diffstat)
diffstat: /lib64/libc.so.6: version `GLIBC_2.34' not found (required by diffstat)

Error in commit 33cf6fb70a13a982d70f6a5e5e63aa765073c8e8: diffstat error: diffstat: /lib64/libc.so.6: version `GLIBC_2.33' not found (required by diffstat)
diffstat: /lib64/libc.so.6: version `GLIBC_2.34' not found (required by diffstat)

Error in commit 8c5788dbe8ca1956455b57a60115d7398b061474: diffstat error: diffstat: /lib64/libc.so.6: version `GLIBC_2.33' not found (required by diffstat)
diffstat: /lib64/libc.so.6: version `GLIBC_2.34' not found (required by diffstat)

Error in commit fa331dbe5dec34318428863bcc73613ca37f10af: diffstat error: diffstat: /lib64/libc.so.6: version `GLIBC_2.33' not found (required by diffstat)
diffstat: /lib64/libc.so.6: version `GLIBC_2.34' not found (required by diffstat)

Error in commit 488f287758f771f7c71450c2926af597d9ad22ef: diffstat error: diffstat: /lib64/libc.so.6: version `GLIBC_2.33' not found (required by diffstat)
diffstat: /lib64/libc.so.6: version `GLIBC_2.34' not found (required by diffstat)

Error in commit 0f8a103469ce87d2b8d68c5130a46ddb7fb5eb29: diffstat error: diffstat: /lib64/libc.so.6: version `GLIBC_2.33' not found (required by diffstat)
diffstat: /lib64/libc.so.6: version `GLIBC_2.34' not found (required by diffstat)

Error in commit 8837246f83c39daf6befb3bbbdd90580b55919e0: diffstat error: diffstat: /lib64/libc.so.6: version `GLIBC_2.33' not found (required by diffstat)
diffstat: /lib64/libc.so.6: version `GLIBC_2.34' not found (required by diffstat)

Error in commit 6dff3df501242d106590a48b5ed382b01a97baea: diffstat error: diffstat: /lib64/libc.so.6: version `GLIBC_2.33' not found (required by diffstat)
diffstat: /lib64/libc.so.6: version `GLIBC_2.34' not found (required by diffstat)

Error in commit dce403a8b3fe23f812f2d5a841a1d63ac27c0702: diffstat error: diffstat: /lib64/libc.so.6: version `GLIBC_2.33' not found (required by diffstat)
diffstat: /lib64/libc.so.6: version `GLIBC_2.34' not found (required by diffstat)

Error in commit c0d3e4d32d2805f49bec30547f225bc4d092e1f4: diffstat error: diffstat: /lib64/libc.so.6: version `GLIBC_2.33' not found (required by diffstat)
diffstat: /lib64/libc.so.6: version `GLIBC_2.34' not found (required by diffstat)

Error in commit 8ab20b4ba4204fdcdec78cb4d9f03c944a6e0e1c: diffstat error: diffstat: /lib64/libc.so.6: version `GLIBC_2.33' not found (required by diffstat)
diffstat: /lib64/libc.so.6: version `GLIBC_2.34' not found (required by diffstat)

Error in commit ae7a804dadac8f2aaedb24336df8496a9680fda9: diffstat error: diffstat: /lib64/libc.so.6: version `GLIBC_2.33' not found (required by diffstat)
diffstat: /lib64/libc.so.6: version `GLIBC_2.34' not found (required by diffstat)

Error in commit c9ce39747e0372aaa2157b2b56174914a12c06d8: diffstat error: diffstat: /lib64/libc.so.6: version `GLIBC_2.33' not found (required by diffstat)
diffstat: /lib64/libc.so.6: version `GLIBC_2.34' not found (required by diffstat)

Error in commit f1587359e57c674895ef5fb8ffb2ac83cc894edc: diffstat error: diffstat: /lib64/libc.so.6: version `GLIBC_2.33' not found (required by diffstat)
diffstat: /lib64/libc.so.6: version `GLIBC_2.34' not found (required by diffstat)

Error in commit a7781b63ce3eaa471bdb7d76b2003e25ac320a83: diffstat error: diffstat: /lib64/libc.so.6: version `GLIBC_2.33' not found (required by diffstat)
diffstat: /lib64/libc.so.6: version `GLIBC_2.34' not found (required by diffstat)

Error in commit e0ef9bd22810c6969a7f222eec04798f19a7e2d6: SHA b'e0ef9bd22810c6969a7f222eec04798f19a7e2d6' could not be resolved, git returned: b'e0ef9bd22810c6969a7f222eec04798f19a7e2d6 missing'
Error in commit fd0928df98b9578be8a786ac0cb78a47a5e17a20: diffstat error: diffstat: /lib64/libc.so.6: version `GLIBC_2.33' not found (required by diffstat)
diffstat: /lib64/libc.so.6: version `GLIBC_2.34' not found (required by diffstat)

Error in commit b09b845ca6724c3bbdc00c0cb2313258c7189ca9: diffstat error: diffstat: /lib64/libc.so.6: version `GLIBC_2.33' not found (required by diffstat)
diffstat: /lib64/libc.so.6: version `GLIBC_2.34' not found (required by diffstat)

Error in commit c0d56408e3ff52d635441e0f08d12164a63728cf: diffstat error: diffstat: /lib64/libc.so.6: version `GLIBC_2.33' not found (required by diffstat)
diffstat: /lib64/libc.so.6: version `GLIBC_2.34' not found (required by diffstat)

Error in commit a676f235309a59d4aa78eeffd2574ae5d341fcb0: diffstat error: diffstat: /lib64/libc.so.6: version `GLIBC_2.33' not found (required by diffstat)
diffstat: /lib64/libc.so.6: version `GLIBC_2.34' not found (required by diffstat)

Error in commit 24a758c182febd884b25e819ae3131e8f0b20d91: diffstat error: diffstat: /lib64/libc.so.6: version `GLIBC_2.33' not found (required by diffstat)
diffstat: /lib64/libc.so.6: version `GLIBC_2.34' not found (required by diffstat)

Error in commit 26ea320538f39f689433147e191e122ab18e6fe8: diffstat error: diffstat: /lib64/libc.so.6: version `GLIBC_2.33' not found (required by diffstat)
diffstat: /lib64/libc.so.6: version `GLIBC_2.34' not found (required by diffstat)

Error in commit 13501024f21c52342c250866ead3e41eb521035c: diffstat error: diffstat: /lib64/libc.so.6: version `GLIBC_2.33' not found (required by diffstat)
diffstat: /lib64/libc.so.6: version `GLIBC_2.34' not found (required by diffstat)

Error in commit 675ce17ce6fdea9b6c2d9bb8d59d6beac834255f: diffstat error: diffstat: /lib64/libc.so.6: version `GLIBC_2.33' not found (required by diffstat)
diffstat: /lib64/libc.so.6: version `GLIBC_2.34' not found (required by diffstat)

Error in commit 4b81fd633d75ffafcdc60fee6c9b31d938998ed0: diffstat error: diffstat: /lib64/libc.so.6: version `GLIBC_2.33' not found (required by diffstat)
diffstat: /lib64/libc.so.6: version `GLIBC_2.34' not found (required by diffstat)

Error in commit 0a54917c3fc295cb61f3fb52373c173fd3b69f48: diffstat error: diffstat: /lib64/libc.so.6: version `GLIBC_2.33' not found (required by diffstat)
diffstat: /lib64/libc.so.6: version `GLIBC_2.34' not found (required by diffstat)

Error in commit 343104308a33c4f1e23c8e841ede95e97b870842: diffstat error: diffstat: /lib64/libc.so.6: version `GLIBC_2.33' not found (required by diffstat)
diffstat: /lib64/libc.so.6: version `GLIBC_2.34' not found (required by diffstat)

Error in commit 3407ef5262b55ca5d7139d2b555ef792fe531eec: diffstat error: diffstat: /lib64/libc.so.6: version `GLIBC_2.33' not found (required by diffstat)
diffstat: /lib64/libc.so.6: version `GLIBC_2.34' not found (required by diffstat)

Error in commit 4b11111aba6c80cc2969fd1806d2a869bfc9f357: diffstat error: diffstat: /lib64/libc.so.6: version `GLIBC_2.33' not found (required by diffstat)
diffstat: /lib64/libc.so.6: version `GLIBC_2.34' not found (required by diffstat)

Error in commit db8dac20d5199307dcfcf4e01dac4bda5edf9e89: diffstat error: diffstat: /lib64/libc.so.6: version `GLIBC_2.33' not found (required by diffstat)
diffstat: /lib64/libc.so.6: version `GLIBC_2.34' not found (required by diffstat)

Error in commit bcc2c9c3fff859e0eb019fe6fec26f9b8eba795c: diffstat error: diffstat: /lib64/libc.so.6: version `GLIBC_2.33' not found (required by diffstat)
diffstat: /lib64/libc.so.6: version `GLIBC_2.34' not found (required by diffstat)

Error in commit 15c45f7b2e81655f6eb500ec949c8bd70a04325a: diffstat error: diffstat: /lib64/libc.so.6: version `GLIBC_2.33' not found (required by diffstat)
diffstat: /lib64/libc.so.6: version `GLIBC_2.34' not found (required by diffstat)

Error in commit 0780060124011b94af55830939c86cc0916be0f5: diffstat error: diffstat: /lib64/libc.so.6: version `GLIBC_2.33' not found (required by diffstat)
diffstat: /lib64/libc.so.6: version `GLIBC_2.34' not found (required by diffstat)

Error in commit 9344a972961d1a6d2c04d9008b13617bcb6ec2ef: diffstat error: diffstat: /lib64/libc.so.6: version `GLIBC_2.33' not found (required by diffstat)
diffstat: /lib64/libc.so.6: version `GLIBC_2.34' not found (required by diffstat)

Error in commit c285545f813d7b0ce989fd34e42ad1fe785dc65d: diffstat error: diffstat: /lib64/libc.so.6: version `GLIBC_2.33' not found (required by diffstat)
diffstat: /lib64/libc.so.6: version `GLIBC_2.34' not found (required by diffstat)

Error in commit c9b92530a723ac5ef8e352885a1862b18f31b2f5: diffstat error: diffstat: /lib64/libc.so.6: version `GLIBC_2.33' not found (required by diffstat)
diffstat: /lib64/libc.so.6: version `GLIBC_2.34' not found (required by diffstat)

Error in commit e48354ce078c079996f89d715dfa44814b4eba01: diffstat error: diffstat: /lib64/libc.so.6: version `GLIBC_2.33' not found (required by diffstat)
diffstat: /lib64/libc.so.6: version `GLIBC_2.34' not found (required by diffstat)

Error in commit c7e8e8a8f7a70b343ca1e0f90a31e35ab2d16de1: diffstat error: diffstat: /lib64/libc.so.6: version `GLIBC_2.33' not found (required by diffstat)
diffstat: /lib64/libc.so.6: version `GLIBC_2.34' not found (required by diffstat)

Error in commit 84fa7933a33f806bbbaae6775e87459b1ec584c0: diffstat error: diffstat: /lib64/libc.so.6: version `GLIBC_2.33' not found (required by diffstat)
diffstat: /lib64/libc.so.6: version `GLIBC_2.34' not found (required by diffstat)

Error in commit e40f193f5bb022e927a57a4f5d5194e4f12ddb74: diffstat error: diffstat: /lib64/libc.so.6: version `GLIBC_2.33' not found (required by diffstat)
diffstat: /lib64/libc.so.6: version `GLIBC_2.34' not found (required by diffstat)

Error in commit 338c7dbadd2671189cec7faf64c84d01071b3f96: diffstat error: diffstat: /lib64/libc.so.6: version `GLIBC_2.33' not found (required by diffstat)
diffstat: /lib64/libc.so.6: version `GLIBC_2.34' not found (required by diffstat)

Error in commit 06b6a1cf6e776426766298d055bb3991957d90a7: diffstat error: diffstat: /lib64/libc.so.6: version `GLIBC_2.33' not found (required by diffstat)
diffstat: /lib64/libc.so.6: version `GLIBC_2.34' not found (required by diffstat)

Error in commit 447558595a3650db2886cd2f416ad0beba965801: diffstat error: diffstat: /lib64/libc.so.6: version `GLIBC_2.33' not found (required by diffstat)
diffstat: /lib64/libc.so.6: version `GLIBC_2.34' not found (required by diffstat)

Error in commit 4f6eddca27e5520a26586d3033bd18ce08a7b785: diffstat error: diffstat: /lib64/libc.so.6: version `GLIBC_2.33' not found (required by diffstat)
diffstat: /lib64/libc.so.6: version `GLIBC_2.34' not found (required by diffstat)

Error in commit 5de6f2282209db98b4e8b90a4acfef9e9f6a5cd8: diffstat error: diffstat: /lib64/libc.so.6: version `GLIBC_2.33' not found (required by diffstat)
diffstat: /lib64/libc.so.6: version `GLIBC_2.34' not found (required by diffstat)

Error in commit f96aa9193d4e6280d6f6e8e06ed11061886046da: diffstat error: diffstat: /lib64/libc.so.6: version `GLIBC_2.33' not found (required by diffstat)
diffstat: /lib64/libc.so.6: version `GLIBC_2.34' not found (required by diffstat)

Error in commit 574eacad815601aaaa827d7cddeac57034f08813: diffstat error: diffstat: /lib64/libc.so.6: version `GLIBC_2.33' not found (required by diffstat)
diffstat: /lib64/libc.so.6: version `GLIBC_2.34' not found (required by diffstat)

Error in commit 1759a43433a432bd094f44e99ebd564dcd452a4c: diffstat error: diffstat: /lib64/libc.so.6: version `GLIBC_2.33' not found (required by diffstat)
diffstat: /lib64/libc.so.6: version `GLIBC_2.34' not found (required by diffstat)

Error in commit d566272d582d02e4729b33266171454bb5a2057e: diffstat error: diffstat: /lib64/libc.so.6: version `GLIBC_2.33' not found (required by diffstat)
diffstat: /lib64/libc.so.6: version `GLIBC_2.34' not found (required by diffstat)

Error in commit 8f80c2d83808150724d31793e6ade92749b1faa4: diffstat error: diffstat: /lib64/libc.so.6: version `GLIBC_2.33' not found (required by diffstat)
diffstat: /lib64/libc.so.6: version `GLIBC_2.34' not found (required by diffstat)

Error in commit 3e03b078319238d87358fe9c9ba156e29072b446: diffstat error: diffstat: /lib64/libc.so.6: version `GLIBC_2.33' not found (required by diffstat)
diffstat: /lib64/libc.so.6: version `GLIBC_2.34' not found (required by diffstat)

Error in commit 4be9e9e7fe54ae2fe6f63d39a8209b41e878196d: diffstat error: diffstat: /lib64/libc.so.6: version `GLIBC_2.33' not found (required by diffstat)
diffstat: /lib64/libc.so.6: version `GLIBC_2.34' not found (required by diffstat)

Error in commit 976fc2279f79d18fcfeb81359782b8eee328b0d4: diffstat error: diffstat: /lib64/libc.so.6: version `GLIBC_2.33' not found (required by diffstat)
diffstat: /lib64/libc.so.6: version `GLIBC_2.34' not found (required by diffstat)

Error in commit b1b4f307d5e2ff294ecee2ee0a3f67f0dea28c19: diffstat error: diffstat: /lib64/libc.so.6: version `GLIBC_2.33' not found (required by diffstat)
diffstat: /lib64/libc.so.6: version `GLIBC_2.34' not found (required by diffstat)

Error in commit e40d52c55013cf7368b46a7d05342d70ca8904ec: diffstat error: diffstat: /lib64/libc.so.6: version `GLIBC_2.33' not found (required by diffstat)
diffstat: /lib64/libc.so.6: version `GLIBC_2.34' not found (required by diffstat)

Error in commit f86bb0377fb942a71e4852e00a42e89e1af1eee1: diffstat error: diffstat: /lib64/libc.so.6: version `GLIBC_2.33' not found (required by diffstat)
diffstat: /lib64/libc.so.6: version `GLIBC_2.34' not found (required by diffstat)

Error in commit a2381948bb7871aee7c55c6918953bfbdf9c3eb1: diffstat error: diffstat: /lib64/libc.so.6: version `GLIBC_2.33' not found (required by diffstat)
diffstat: /lib64/libc.so.6: version `GLIBC_2.34' not found (required by diffstat)

Error in commit 1fd819ecb90cc9b822cd84d3056ddba315d3340f: diffstat error: diffstat: /lib64/libc.so.6: version `GLIBC_2.33' not found (required by diffstat)
diffstat: /lib64/libc.so.6: version `GLIBC_2.34' not found (required by diffstat)

Error in commit 670caa9f762647802a1b19749f127ac28949ca5a: diffstat error: diffstat: /lib64/libc.so.6: version `GLIBC_2.33' not found (required by diffstat)
diffstat: /lib64/libc.so.6: version `GLIBC_2.34' not found (required by diffstat)

Error in commit 47a8643e71d8962bc83886608e55f43a06d8da95: diffstat error: diffstat: /lib64/libc.so.6: version `GLIBC_2.33' not found (required by diffstat)
diffstat: /lib64/libc.so.6: version `GLIBC_2.34' not found (required by diffstat)

Error in commit 0a7b720094b924f019ae85b4a498d0566f359a22: diffstat error: diffstat: /lib64/libc.so.6: version `GLIBC_2.33' not found (required by diffstat)
diffstat: /lib64/libc.so.6: version `GLIBC_2.34' not found (required by diffstat)

Error in commit 5d3a8e4ce7e1029100908aedeea59375859ec7e9: diffstat error: diffstat: /lib64/libc.so.6: version `GLIBC_2.33' not found (required by diffstat)
diffstat: /lib64/libc.so.6: version `GLIBC_2.34' not found (required by diffstat)

Error in commit 3ca6344e57de58719554f45fc5889ded774b265c: diffstat error: diffstat: /lib64/libc.so.6: version `GLIBC_2.33' not found (required by diffstat)
diffstat: /lib64/libc.so.6: version `GLIBC_2.34' not found (required by diffstat)

Error in commit 3e10986d1d698140747fcfc2761ec9cb64c1d582: diffstat error: diffstat: /lib64/libc.so.6: version `GLIBC_2.33' not found (required by diffstat)
diffstat: /lib64/libc.so.6: version `GLIBC_2.34' not found (required by diffstat)

Error in commit a48e42920ff38bc90bbf75143fff4555723d4540: diffstat error: diffstat: /lib64/libc.so.6: version `GLIBC_2.33' not found (required by diffstat)
diffstat: /lib64/libc.so.6: version `GLIBC_2.34' not found (required by diffstat)

Error in commit 13e457e0eebf0a0c82c38ceb890d93eb826d62a6: diffstat error: diffstat: /lib64/libc.so.6: version `GLIBC_2.33' not found (required by diffstat)
diffstat: /lib64/libc.so.6: version `GLIBC_2.34' not found (required by diffstat)

Error in commit eb1f20bf205cfc3e83d3bd25659b3d8d23dbe6de: diffstat error: diffstat: /lib64/libc.so.6: version `GLIBC_2.33' not found (required by diffstat)
diffstat: /lib64/libc.so.6: version `GLIBC_2.34' not found (required by diffstat)

Error in commit 64b94ceae8c16cd1b2800cac83112d3815be5250: diffstat error: diffstat: /lib64/libc.so.6: version `GLIBC_2.33' not found (required by diffstat)
diffstat: /lib64/libc.so.6: version `GLIBC_2.34' not found (required by diffstat)

Error in commit fbfa2cc58d5363f780f4f2ad0243a47185c2bb2a: diffstat error: diffstat: /lib64/libc.so.6: version `GLIBC_2.33' not found (required by diffstat)
diffstat: /lib64/libc.so.6: version `GLIBC_2.34' not found (required by diffstat)

Error in commit c0f054e7a44b4bbed8e16dd459f33df63dad98ef: diffstat error: diffstat: /lib64/libc.so.6: version `GLIBC_2.33' not found (required by diffstat)
diffstat: /lib64/libc.so.6: version `GLIBC_2.34' not found (required by diffstat)

Error in commit 0a431ef862d309e2157ada8da485fb227cadd0dd: diffstat error: diffstat: /lib64/libc.so.6: version `GLIBC_2.33' not found (required by diffstat)
diffstat: /lib64/libc.so.6: version `GLIBC_2.34' not found (required by diffstat)

Error in commit d0dccd8815002f9fd10adb932fe40f34c4d4fff4: diffstat error: diffstat: /lib64/libc.so.6: version `GLIBC_2.33' not found (required by diffstat)
diffstat: /lib64/libc.so.6: version `GLIBC_2.34' not found (required by diffstat)

Error in commit b24bd5dcbee4b6694c86915c8df716e5e3117709: diffstat error: diffstat: /lib64/libc.so.6: version `GLIBC_2.33' not found (required by diffstat)
diffstat: /lib64/libc.so.6: version `GLIBC_2.34' not found (required by diffstat)

Error in commit ee0b3e671baff681d69fbf0db33b47603c0a8280: diffstat error: diffstat: /lib64/libc.so.6: version `GLIBC_2.33' not found (required by diffstat)
diffstat: /lib64/libc.so.6: version `GLIBC_2.34' not found (required by diffstat)

Error in commit 46844402bca7a38fc224483ba6f0a93c4613203f: diffstat error: diffstat: /lib64/libc.so.6: version `GLIBC_2.33' not found (required by diffstat)
diffstat: /lib64/libc.so.6: version `GLIBC_2.34' not found (required by diffstat)

Error in commit 4c5efe38b3fe1cf0dd54b2d12f2898334f6638b6: diffstat error: diffstat: /lib64/libc.so.6: version `GLIBC_2.33' not found (required by diffstat)
diffstat: /lib64/libc.so.6: version `GLIBC_2.34' not found (required by diffstat)

Error in commit 8c24fa289fddb0beee6546a4656f43a4247ebb38: diffstat error: diffstat: /lib64/libc.so.6: version `GLIBC_2.33' not found (required by diffstat)
diffstat: /lib64/libc.so.6: version `GLIBC_2.34' not found (required by diffstat)

Error in commit e370c4ac616d33dcf01fa97acb71afa2dc2e1c4c: diffstat error: diffstat: /lib64/libc.so.6: version `GLIBC_2.33' not found (required by diffstat)
diffstat: /lib64/libc.so.6: version `GLIBC_2.34' not found (required by diffstat)

Error in commit b420fa9ed581b77fa61008420a66083a5b56fe01: diffstat error: diffstat: /lib64/libc.so.6: version `GLIBC_2.33' not found (required by diffstat)
diffstat: /lib64/libc.so.6: version `GLIBC_2.34' not found (required by diffstat)

Error in commit 174f588b42eab7965b8641812388dd54987005dc: diffstat error: diffstat: /lib64/libc.so.6: version `GLIBC_2.33' not found (required by diffstat)
diffstat: /lib64/libc.so.6: version `GLIBC_2.34' not found (required by diffstat)

Error in commit acbd17d236fae8cfde55011d163391be93e9a2ab: diffstat error: diffstat: /lib64/libc.so.6: version `GLIBC_2.33' not found (required by diffstat)
diffstat: /lib64/libc.so.6: version `GLIBC_2.34' not found (required by diffstat)

Error in commit 73f7edf8ede4c98dcdf56ec7c9eb8e3348a19181: diffstat error: diffstat: /lib64/libc.so.6: version `GLIBC_2.33' not found (required by diffstat)
diffstat: /lib64/libc.so.6: version `GLIBC_2.34' not found (required by diffstat)

Error in commit e2a7e8dc47df0f188f89e0ef9945c49f126e5475: diffstat error: diffstat: /lib64/libc.so.6: version `GLIBC_2.33' not found (required by diffstat)
diffstat: /lib64/libc.so.6: version `GLIBC_2.34' not found (required by diffstat)

Error in commit 58ab99ae4b96d5d63f607d178f9490d631c9c921: diffstat error: diffstat: /lib64/libc.so.6: version `GLIBC_2.33' not found (required by diffstat)
diffstat: /lib64/libc.so.6: version `GLIBC_2.34' not found (required by diffstat)

Error in commit 2322903baaa005032d660dec837877c0140c846d: diffstat error: diffstat: /lib64/libc.so.6: version `GLIBC_2.33' not found (required by diffstat)
diffstat: /lib64/libc.so.6: version `GLIBC_2.34' not found (required by diffstat)

Error in commit aae1f3c47b09dfcecd17ec56a5fccfc60e52a220: diffstat error: diffstat: /lib64/libc.so.6: version `GLIBC_2.33' not found (required by diffstat)
diffstat: /lib64/libc.so.6: version `GLIBC_2.34' not found (required by diffstat)

Error in commit db4aba387427b5b04bb42e4d32e814f51e79bf8d: diffstat error: diffstat: /lib64/libc.so.6: version `GLIBC_2.33' not found (required by diffstat)
diffstat: /lib64/libc.so.6: version `GLIBC_2.34' not found (required by diffstat)

Error in commit ced03a017b2d72b44bd76ee195fd2c953120f49b: diffstat error: diffstat: /lib64/libc.so.6: version `GLIBC_2.33' not found (required by diffstat)
diffstat: /lib64/libc.so.6: version `GLIBC_2.34' not found (required by diffstat)

Error in commit 556615dcbf38b0a92a9e659f52c06686270dfc16: diffstat error: diffstat: /lib64/libc.so.6: version `GLIBC_2.33' not found (required by diffstat)
diffstat: /lib64/libc.so.6: version `GLIBC_2.34' not found (required by diffstat)

Error in commit c3e3c98ec666812daaaca896cf5ef758a8a6df14: diffstat error: diffstat: /lib64/libc.so.6: version `GLIBC_2.33' not found (required by diffstat)
diffstat: /lib64/libc.so.6: version `GLIBC_2.34' not found (required by diffstat)

Error in commit 8055be972cc9f4867a380319a135c1d09831acb4: diffstat error: diffstat: /lib64/libc.so.6: version `GLIBC_2.33' not found (required by diffstat)
diffstat: /lib64/libc.so.6: version `GLIBC_2.34' not found (required by diffstat)

Error in commit 95ff31de88f478e152adf9b6d876ba7354b24c80: diffstat error: diffstat: /lib64/libc.so.6: version `GLIBC_2.33' not found (required by diffstat)
diffstat: /lib64/libc.so.6: version `GLIBC_2.34' not found (required by diffstat)

Error in commit 24e5cd7c666b1ddd85619d60486db0a5481c1b90: diffstat error: diffstat: /lib64/libc.so.6: version `GLIBC_2.33' not found (required by diffstat)
diffstat: /lib64/libc.so.6: version `GLIBC_2.34' not found (required by diffstat)

Error in commit 2ad6f1d24beddcfde69dc4f8699a355b1c861082: diffstat error: diffstat: /lib64/libc.so.6: version `GLIBC_2.33' not found (required by diffstat)
diffstat: /lib64/libc.so.6: version `GLIBC_2.34' not found (required by diffstat)

Error in commit cb3232138e37129e88240a98a1d2aba2187ff57c: diffstat error: diffstat: /lib64/libc.so.6: version `GLIBC_2.33' not found (required by diffstat)
diffstat: /lib64/libc.so.6: version `GLIBC_2.34' not found (required by diffstat)

Error in commit 3446c13b268af86391d06611327006b059b8bab1: diffstat error: diffstat: /lib64/libc.so.6: version `GLIBC_2.33' not found (required by diffstat)
diffstat: /lib64/libc.so.6: version `GLIBC_2.34' not found (required by diffstat)

Error in commit 47901dc2c4a3f1f9af453486a005d31fe9b393f0: diffstat error: diffstat: /lib64/libc.so.6: version `GLIBC_2.33' not found (required by diffstat)
diffstat: /lib64/libc.so.6: version `GLIBC_2.34' not found (required by diffstat)

Error in commit ce07d891a0891d3c0d0c2d73d577490486b809e1: diffstat error: diffstat: /lib64/libc.so.6: version `GLIBC_2.33' not found (required by diffstat)
diffstat: /lib64/libc.so.6: version `GLIBC_2.34' not found (required by diffstat)

Error in commit 0d62e9dd6da45bbf0f33a8617afc5fe774c8f45f: diffstat error: diffstat: /lib64/libc.so.6: version `GLIBC_2.33' not found (required by diffstat)
diffstat: /lib64/libc.so.6: version `GLIBC_2.34' not found (required by diffstat)

Error in commit 53ab9bcbfb3e2f908e7dcf48d258ec2fc5d47b8c: diffstat error: diffstat: /lib64/libc.so.6: version `GLIBC_2.33' not found (required by diffstat)
diffstat: /lib64/libc.so.6: version `GLIBC_2.34' not found (required by diffstat)

Error in commit c038bcb7cd0063657a7ddf35b1fb4e12eed9095a: diffstat error: diffstat: /lib64/libc.so.6: version `GLIBC_2.33' not found (required by diffstat)
diffstat: /lib64/libc.so.6: version `GLIBC_2.34' not found (required by diffstat)

Error in commit e5eabba50bd2cc60e96a15c93edca93eaae52a38: diffstat error: diffstat: /lib64/libc.so.6: version `GLIBC_2.33' not found (required by diffstat)
diffstat: /lib64/libc.so.6: version `GLIBC_2.34' not found (required by diffstat)

Error in commit b2197755b2633e164a439682fb05a9b5ea48f706: diffstat error: diffstat: /lib64/libc.so.6: version `GLIBC_2.33' not found (required by diffstat)
diffstat: /lib64/libc.so.6: version `GLIBC_2.34' not found (required by diffstat)

Error in commit 689e59b7ffed34eba6159dcc78e87133862e3746: diffstat error: diffstat: /lib64/libc.so.6: version `GLIBC_2.33' not found (required by diffstat)
diffstat: /lib64/libc.so.6: version `GLIBC_2.34' not found (required by diffstat)

Error in commit bcd5d979aa377a16d7fa6b9993e269003281af5c: diffstat error: diffstat: /lib64/libc.so.6: version `GLIBC_2.33' not found (required by diffstat)
diffstat: /lib64/libc.so.6: version `GLIBC_2.34' not found (required by diffstat)

Error in commit 0d8f0abfb94b4f6f6026a8c4867337438a675acf: diffstat error: diffstat: /lib64/libc.so.6: version `GLIBC_2.33' not found (required by diffstat)
diffstat: /lib64/libc.so.6: version `GLIBC_2.34' not found (required by diffstat)

Error in commit 221e21b70d4923ab0adb08a08ade15da68e265fb: diffstat error: diffstat: /lib64/libc.so.6: version `GLIBC_2.33' not found (required by diffstat)
diffstat: /lib64/libc.so.6: version `GLIBC_2.34' not found (required by diffstat)

Error in commit 006ffe07d83f5e17d5febb939b9e104763726168: diffstat error: diffstat: /lib64/libc.so.6: version `GLIBC_2.33' not found (required by diffstat)
diffstat: /lib64/libc.so.6: version `GLIBC_2.34' not found (required by diffstat)

Error in commit d50dde5a10f305253cbc3855307f608f8a3c5f73: diffstat error: diffstat: /lib64/libc.so.6: version `GLIBC_2.33' not found (required by diffstat)
diffstat: /lib64/libc.so.6: version `GLIBC_2.34' not found (required by diffstat)

Error in commit fc1221b3a163d1386d1052184202d5dc50d302d1: diffstat error: diffstat: /lib64/libc.so.6: version `GLIBC_2.33' not found (required by diffstat)
diffstat: /lib64/libc.so.6: version `GLIBC_2.34' not found (required by diffstat)

Error in commit 333fad5364d6b457c8d837f7d05802d2aaf8a961: diffstat error: diffstat: /lib64/libc.so.6: version `GLIBC_2.33' not found (required by diffstat)
diffstat: /lib64/libc.so.6: version `GLIBC_2.34' not found (required by diffstat)

Error in commit b7550787fe8b5beffb5f56fa11a87712d699d085: diffstat error: diffstat: /lib64/libc.so.6: version `GLIBC_2.33' not found (required by diffstat)
diffstat: /lib64/libc.so.6: version `GLIBC_2.34' not found (required by diffstat)

Error in commit b8e0d416898bb975a02c1b55883342edc5b4c9c0: diffstat error: diffstat: /lib64/libc.so.6: version `GLIBC_2.33' not found (required by diffstat)
diffstat: /lib64/libc.so.6: version `GLIBC_2.34' not found (required by diffstat)

Error in commit d81916d0044e99da68fac1464767c45a2f3345cb: diffstat error: diffstat: /lib64/libc.so.6: version `GLIBC_2.33' not found (required by diffstat)
diffstat: /lib64/libc.so.6: version `GLIBC_2.34' not found (required by diffstat)

Error in commit 881b5b03a590198d03008e4200dd00cc537712f3: diffstat error: diffstat: /lib64/libc.so.6: version `GLIBC_2.33' not found (required by diffstat)
diffstat: /lib64/libc.so.6: version `GLIBC_2.34' not found (required by diffstat)

Error in commit 49a0647163b7edd01daaa606539c98581435a50c: diffstat error: diffstat: /lib64/libc.so.6: version `GLIBC_2.33' not found (required by diffstat)
diffstat: /lib64/libc.so.6: version `GLIBC_2.34' not found (required by diffstat)

Error in commit c18263e0e0769faee96a5d0ee04b750c442783c6: SHA b'c18263e0e0769faee96a5d0ee04b750c442783c6' could not be resolved, git returned: b'c18263e0e0769faee96a5d0ee04b750c442783c6 missing'
Error in commit 0216bfcffe424a5473daa4da47440881b36c1f41: diffstat error: diffstat: /lib64/libc.so.6: version `GLIBC_2.33' not found (required by diffstat)
diffstat: /lib64/libc.so.6: version `GLIBC_2.34' not found (required by diffstat)

Error in commit 1a87334239757b69eb9885979c32bbf871b3ec88: diffstat error: diffstat: /lib64/libc.so.6: version `GLIBC_2.33' not found (required by diffstat)
diffstat: /lib64/libc.so.6: version `GLIBC_2.34' not found (required by diffstat)

Error in commit 0628b123c96d126e617beb3b4fd63b874d0e4f17: diffstat error: diffstat: /lib64/libc.so.6: version `GLIBC_2.33' not found (required by diffstat)
diffstat: /lib64/libc.so.6: version `GLIBC_2.34' not found (required by diffstat)

Error in commit 95a8351a75758cf10b3bf6abae0b6b461f90d9e5: diffstat error: diffstat: /lib64/libc.so.6: version `GLIBC_2.33' not found (required by diffstat)
diffstat: /lib64/libc.so.6: version `GLIBC_2.34' not found (required by diffstat)

Error in commit 70428573290a12e21a0719a284362a4063e79eba: diffstat error: diffstat: /lib64/libc.so.6: version `GLIBC_2.33' not found (required by diffstat)
diffstat: /lib64/libc.so.6: version `GLIBC_2.34' not found (required by diffstat)

Error in commit 79dc7e3f1cd323be4c81aa1a94faa1b3ed987fb2: diffstat error: diffstat: /lib64/libc.so.6: version `GLIBC_2.33' not found (required by diffstat)
diffstat: /lib64/libc.so.6: version `GLIBC_2.34' not found (required by diffstat)

Error in commit 81cdb259fb6d8c1c4ecfeea389ff5a73c07f5755: diffstat error: diffstat: /lib64/libc.so.6: version `GLIBC_2.33' not found (required by diffstat)
diffstat: /lib64/libc.so.6: version `GLIBC_2.34' not found (required by diffstat)

Error in commit 06eeacb6fe029804f296b065b3ce91e796e1cd0e: diffstat error: diffstat: /lib64/libc.so.6: version `GLIBC_2.33' not found (required by diffstat)
diffstat: /lib64/libc.so.6: version `GLIBC_2.34' not found (required by diffstat)

Error in commit fed1e721fd0c81e60c77120539f34e16c2585634: diffstat error: diffstat: /lib64/libc.so.6: version `GLIBC_2.33' not found (required by diffstat)
diffstat: /lib64/libc.so.6: version `GLIBC_2.34' not found (required by diffstat)

Error in commit cad3226a06a1b6adab8da3a88c2f81cf50e17854: diffstat error: diffstat: /lib64/libc.so.6: version `GLIBC_2.33' not found (required by diffstat)
diffstat: /lib64/libc.so.6: version `GLIBC_2.34' not found (required by diffstat)

Error in commit f106eee10038c2ee5b6056aaf3f6d5229be6dcdd: diffstat error: diffstat: /lib64/libc.so.6: version `GLIBC_2.33' not found (required by diffstat)
diffstat: /lib64/libc.so.6: version `GLIBC_2.34' not found (required by diffstat)

Error in commit 6b8ac63847bc2f958dd93c09edc941a0118992d9: diffstat error: diffstat: /lib64/libc.so.6: version `GLIBC_2.33' not found (required by diffstat)
diffstat: /lib64/libc.so.6: version `GLIBC_2.34' not found (required by diffstat)

Error in commit 4e914bbe371433f0590cefdf3bd5f3a5710069f9: diffstat error: diffstat: /lib64/libc.so.6: version `GLIBC_2.33' not found (required by diffstat)
diffstat: /lib64/libc.so.6: version `GLIBC_2.34' not found (required by diffstat)

Error in commit 134463b926fa965571aa4febd61b810be5e7da05: diffstat error: diffstat: /lib64/libc.so.6: version `GLIBC_2.33' not found (required by diffstat)
diffstat: /lib64/libc.so.6: version `GLIBC_2.34' not found (required by diffstat)

Error in commit 65f75a32a93ae4044c528a987a68366ecd4b46b9: diffstat error: diffstat: /lib64/libc.so.6: version `GLIBC_2.33' not found (required by diffstat)
diffstat: /lib64/libc.so.6: version `GLIBC_2.34' not found (required by diffstat)

Error in commit 50b3a243716087daea9f753f68687294812a614c: diffstat error: diffstat: /lib64/libc.so.6: version `GLIBC_2.33' not found (required by diffstat)
diffstat: /lib64/libc.so.6: version `GLIBC_2.34' not found (required by diffstat)

Error in commit 30d598ce7cd3f136ee9d7097f39fa9818a272441: diffstat error: diffstat: /lib64/libc.so.6: version `GLIBC_2.33' not found (required by diffstat)
diffstat: /lib64/libc.so.6: version `GLIBC_2.34' not found (required by diffstat)

Error in commit b6ff2bcb1e4e6976d61e316175c6d7c99860fe20: SHA b'b6ff2bcb1e4e6976d61e316175c6d7c99860fe20' could not be resolved, git returned: b'b6ff2bcb1e4e6976d61e316175c6d7c99860fe20 missing'
Error in commit 890c3f850293176c0e996a602ffa88b315f4e98f: diffstat error: diffstat: /lib64/libc.so.6: version `GLIBC_2.33' not found (required by diffstat)
diffstat: /lib64/libc.so.6: version `GLIBC_2.34' not found (required by diffstat)

Error in commit 21a9405a81079ee3eadad3b6bc1f5a28177116f0: diffstat error: diffstat: /lib64/libc.so.6: version `GLIBC_2.33' not found (required by diffstat)
diffstat: /lib64/libc.so.6: version `GLIBC_2.34' not found (required by diffstat)

Error in commit e1889b31a18fe9c844b49680de38e2e62806a506: diffstat error: diffstat: /lib64/libc.so.6: version `GLIBC_2.33' not found (required by diffstat)
diffstat: /lib64/libc.so.6: version `GLIBC_2.34' not found (required by diffstat)

Error in commit 604763722c655c7e3f31ecf6f7b4dafcd26a7a15: diffstat error: diffstat: /lib64/libc.so.6: version `GLIBC_2.33' not found (required by diffstat)
diffstat: /lib64/libc.so.6: version `GLIBC_2.34' not found (required by diffstat)

Error in commit 4f208d4e2d871c2416c9a86695d6f7d17e76349b: diffstat error: diffstat: /lib64/libc.so.6: version `GLIBC_2.33' not found (required by diffstat)
diffstat: /lib64/libc.so.6: version `GLIBC_2.34' not found (required by diffstat)

Error in commit 24d001d25d4446f53a3267523d9b4aa5d51c3b33: diffstat error: diffstat: /lib64/libc.so.6: version `GLIBC_2.33' not found (required by diffstat)
diffstat: /lib64/libc.so.6: version `GLIBC_2.34' not found (required by diffstat)

Error in commit f9745ac13065c1982ad6b2c9c7668a0c7c142b9b: diffstat error: diffstat: /lib64/libc.so.6: version `GLIBC_2.33' not found (required by diffstat)
diffstat: /lib64/libc.so.6: version `GLIBC_2.34' not found (required by diffstat)

Error in commit 81f466d05f2a89cb4f122ef7f593ff3f279b165c: diffstat error: diffstat: /lib64/libc.so.6: version `GLIBC_2.33' not found (required by diffstat)
diffstat: /lib64/libc.so.6: version `GLIBC_2.34' not found (required by diffstat)

Error in commit 60a2362f769cf549dc466134efe71c8bf9fbaaba: diffstat error: diffstat: /lib64/libc.so.6: version `GLIBC_2.33' not found (required by diffstat)
diffstat: /lib64/libc.so.6: version `GLIBC_2.34' not found (required by diffstat)

Error in commit 160cb3f686e433c01532d28770b2977ec957e73e: diffstat error: diffstat: /lib64/libc.so.6: version `GLIBC_2.33' not found (required by diffstat)
diffstat: /lib64/libc.so.6: version `GLIBC_2.34' not found (required by diffstat)

Error in commit ba3021b2c79b2fa9114f92790a99deb27a65b728: diffstat error: diffstat: /lib64/libc.so.6: version `GLIBC_2.33' not found (required by diffstat)
diffstat: /lib64/libc.so.6: version `GLIBC_2.34' not found (required by diffstat)

Error in commit 4dcc29e1574d88f4465ba865ed82800032f76418: diffstat error: diffstat: /lib64/libc.so.6: version `GLIBC_2.33' not found (required by diffstat)
diffstat: /lib64/libc.so.6: version `GLIBC_2.34' not found (required by diffstat)

Error in commit 861d6882b3dfe1710b35dbddf1b395b962061413: diffstat error: diffstat: /lib64/libc.so.6: version `GLIBC_2.33' not found (required by diffstat)
diffstat: /lib64/libc.so.6: version `GLIBC_2.34' not found (required by diffstat)

Error in commit 660d76acd5d977742f568087c3aeb2265349baf9: diffstat error: diffstat: /lib64/libc.so.6: version `GLIBC_2.33' not found (required by diffstat)
diffstat: /lib64/libc.so.6: version `GLIBC_2.34' not found (required by diffstat)

Error in commit 2c2cfbd2b771ac888bc5c4a6d922f749d3822538: diffstat error: diffstat: /lib64/libc.so.6: version `GLIBC_2.33' not found (required by diffstat)
diffstat: /lib64/libc.so.6: version `GLIBC_2.34' not found (required by diffstat)

Error in commit 289c672020280529fd382f3502efab7100d638ec: diffstat error: diffstat: /lib64/libc.so.6: version `GLIBC_2.33' not found (required by diffstat)
diffstat: /lib64/libc.so.6: version `GLIBC_2.34' not found (required by diffstat)

Error in commit 3a3ec26085461998074b827b112d38e8f3246a86: diffstat error: diffstat: /lib64/libc.so.6: version `GLIBC_2.33' not found (required by diffstat)
diffstat: /lib64/libc.so.6: version `GLIBC_2.34' not found (required by diffstat)

Error in commit 4759df905a474d245752c9dc94288e779b8734dd: diffstat error: diffstat: /lib64/libc.so.6: version `GLIBC_2.33' not found (required by diffstat)
diffstat: /lib64/libc.so.6: version `GLIBC_2.34' not found (required by diffstat)

Error in commit 6639b6c2367f884ca172b78d69f7da17bfab2e5e: diffstat error: diffstat: /lib64/libc.so.6: version `GLIBC_2.33' not found (required by diffstat)
diffstat: /lib64/libc.so.6: version `GLIBC_2.34' not found (required by diffstat)

Error in commit ea6789980fdaa610d7eb63602c746bf6ec70cd2b: diffstat error: diffstat: /lib64/libc.so.6: version `GLIBC_2.33' not found (required by diffstat)
diffstat: /lib64/libc.so.6: version `GLIBC_2.34' not found (required by diffstat)

Error in commit d1174416747d790d750742d0514915deeed93acf: diffstat error: diffstat: /lib64/libc.so.6: version `GLIBC_2.33' not found (required by diffstat)
diffstat: /lib64/libc.so.6: version `GLIBC_2.34' not found (required by diffstat)

Error in commit 4e8d340daac46cec8a0f8b3b0f228274fac913ba: diffstat error: diffstat: /lib64/libc.so.6: version `GLIBC_2.33' not found (required by diffstat)
diffstat: /lib64/libc.so.6: version `GLIBC_2.34' not found (required by diffstat)

Error in commit d7cdf81657776ca1aa8377fd84d02fd8774db483: diffstat error: diffstat: /lib64/libc.so.6: version `GLIBC_2.33' not found (required by diffstat)
diffstat: /lib64/libc.so.6: version `GLIBC_2.34' not found (required by diffstat)

Error in commit 26f2f199ff150d8876b2641c41e60d1c92d2fb81: diffstat error: diffstat: /lib64/libc.so.6: version `GLIBC_2.33' not found (required by diffstat)
diffstat: /lib64/libc.so.6: version `GLIBC_2.34' not found (required by diffstat)

Error in commit 29e1f12f6b1f2de0c5444b1e28523efdfea5ac96: diffstat error: diffstat: /lib64/libc.so.6: version `GLIBC_2.33' not found (required by diffstat)
diffstat: /lib64/libc.so.6: version `GLIBC_2.34' not found (required by diffstat)

Error in commit d4a56ec6bf9bb0e7c7f3179aa7fa6ea0b99aa9ed: diffstat error: diffstat: /lib64/libc.so.6: version `GLIBC_2.33' not found (required by diffstat)
diffstat: /lib64/libc.so.6: version `GLIBC_2.34' not found (required by diffstat)

Error in commit 7ebf02af2e90f03e0dbd0e18b8b3164f372fb97c: diffstat error: diffstat: /lib64/libc.so.6: version `GLIBC_2.33' not found (required by diffstat)
diffstat: /lib64/libc.so.6: version `GLIBC_2.34' not found (required by diffstat)

Error in commit 318aaf34f1179b39fa9c30fa0f3288b645beee39: diffstat error: diffstat: /lib64/libc.so.6: version `GLIBC_2.33' not found (required by diffstat)
diffstat: /lib64/libc.so.6: version `GLIBC_2.34' not found (required by diffstat)

Error in commit a684871c56ec0afb5dea3cb8d46a4db94b0785e6: diffstat error: diffstat: /lib64/libc.so.6: version `GLIBC_2.33' not found (required by diffstat)
diffstat: /lib64/libc.so.6: version `GLIBC_2.34' not found (required by diffstat)

Error in commit e6a19a7d77a6e1374a7adb4e56a6563a2222a332: diffstat error: diffstat: /lib64/libc.so.6: version `GLIBC_2.33' not found (required by diffstat)
diffstat: /lib64/libc.so.6: version `GLIBC_2.34' not found (required by diffstat)

Error in commit 224e6bc13fa353dd3b7f7a2334588f1c4229e58d: diffstat error: diffstat: /lib64/libc.so.6: version `GLIBC_2.33' not found (required by diffstat)
diffstat: /lib64/libc.so.6: version `GLIBC_2.34' not found (required by diffstat)

Error in commit 9772e10e3112f9b14669d372574bcc01981028f2: diffstat error: diffstat: /lib64/libc.so.6: version `GLIBC_2.33' not found (required by diffstat)
diffstat: /lib64/libc.so.6: version `GLIBC_2.34' not found (required by diffstat)

Error in commit 5180cf4cce6dde46237b9b6f62eb266049caa822: diffstat error: diffstat: /lib64/libc.so.6: version `GLIBC_2.33' not found (required by diffstat)
diffstat: /lib64/libc.so.6: version `GLIBC_2.34' not found (required by diffstat)

Error in commit 4e97fdb86d0a0141ec9a052c6e691fcd07bb45c8: diffstat error: diffstat: /lib64/libc.so.6: version `GLIBC_2.33' not found (required by diffstat)
diffstat: /lib64/libc.so.6: version `GLIBC_2.34' not found (required by diffstat)

Error in commit a69a2da39dcca63ad1a77553d3bc3a05f42e0e66: diffstat error: diffstat: /lib64/libc.so.6: version `GLIBC_2.33' not found (required by diffstat)
diffstat: /lib64/libc.so.6: version `GLIBC_2.34' not found (required by diffstat)

Error in commit 78c9c4dfbf8c04883941445a195276bb4bb92c76: diffstat error: diffstat: /lib64/libc.so.6: version `GLIBC_2.33' not found (required by diffstat)
diffstat: /lib64/libc.so.6: version `GLIBC_2.34' not found (required by diffstat)

Error in commit da109b3139ffde4e3d9e932c165992d271ce8999: diffstat error: diffstat: /lib64/libc.so.6: version `GLIBC_2.33' not found (required by diffstat)
diffstat: /lib64/libc.so.6: version `GLIBC_2.34' not found (required by diffstat)

Error in commit 27974c4621188cf403a558d7f01f7409539158f3: diffstat error: diffstat: /lib64/libc.so.6: version `GLIBC_2.33' not found (required by diffstat)
diffstat: /lib64/libc.so.6: version `GLIBC_2.34' not found (required by diffstat)

Error in commit 1f9d1248c07cda8aaff762429c0dce146de8632a: diffstat error: diffstat: /lib64/libc.so.6: version `GLIBC_2.33' not found (required by diffstat)
diffstat: /lib64/libc.so.6: version `GLIBC_2.34' not found (required by diffstat)

Error in commit d3908b631c531aa3721d91297badad1c85e3c4f1: diffstat error: diffstat: /lib64/libc.so.6: version `GLIBC_2.33' not found (required by diffstat)
diffstat: /lib64/libc.so.6: version `GLIBC_2.34' not found (required by diffstat)

Error in commit 842e4351c2c97de6051cab6ce36b4a81e709a0e1: diffstat error: diffstat: /lib64/libc.so.6: version `GLIBC_2.33' not found (required by diffstat)
diffstat: /lib64/libc.so.6: version `GLIBC_2.34' not found (required by diffstat)

Error in commit bb4909d2d8fa6b08155e449986a478101e2b2634: diffstat error: diffstat: /lib64/libc.so.6: version `GLIBC_2.33' not found (required by diffstat)
diffstat: /lib64/libc.so.6: version `GLIBC_2.34' not found (required by diffstat)

Error in commit 29a97ee49ac5269ce55f483da7f4345f51aac885: diffstat error: diffstat: /lib64/libc.so.6: version `GLIBC_2.33' not found (required by diffstat)
diffstat: /lib64/libc.so.6: version `GLIBC_2.34' not found (required by diffstat)

Error in commit f5f302e21257ebb0c074bbafc37606c26d28cc3d: diffstat error: diffstat: /lib64/libc.so.6: version `GLIBC_2.33' not found (required by diffstat)
diffstat: /lib64/libc.so.6: version `GLIBC_2.34' not found (required by diffstat)

Error in commit a6da499b76b1a75412f047ac388e9ffd69a5c55b: diffstat error: diffstat: /lib64/libc.so.6: version `GLIBC_2.33' not found (required by diffstat)
diffstat: /lib64/libc.so.6: version `GLIBC_2.34' not found (required by diffstat)

Error in commit d3bd7413e0ca40b60cf60d4003246d067cafdeda: diffstat error: diffstat: /lib64/libc.so.6: version `GLIBC_2.33' not found (required by diffstat)
diffstat: /lib64/libc.so.6: version `GLIBC_2.34' not found (required by diffstat)

Error in commit 2667f50e8b81457fcb4a3dbe6aff3e81ea009e13: diffstat error: diffstat: /lib64/libc.so.6: version `GLIBC_2.33' not found (required by diffstat)
diffstat: /lib64/libc.so.6: version `GLIBC_2.34' not found (required by diffstat)

Error in commit 9c387a6df6c6b6f5345ae94736f83bb0d22f36b0: diffstat error: diffstat: /lib64/libc.so.6: version `GLIBC_2.33' not found (required by diffstat)
diffstat: /lib64/libc.so.6: version `GLIBC_2.34' not found (required by diffstat)

Error in commit 0fc85fd0731984cbee1524dcf2bb86d4198803bc: diffstat error: diffstat: /lib64/libc.so.6: version `GLIBC_2.33' not found (required by diffstat)
diffstat: /lib64/libc.so.6: version `GLIBC_2.34' not found (required by diffstat)

Error in commit 950d778471fb142ab995cab52aafd3e77b6a3600: diffstat error: diffstat: /lib64/libc.so.6: version `GLIBC_2.33' not found (required by diffstat)
diffstat: /lib64/libc.so.6: version `GLIBC_2.34' not found (required by diffstat)

Error in commit 58bdd544e2933a21a51eecf17c3f5f94038261b5: diffstat error: diffstat: /lib64/libc.so.6: version `GLIBC_2.33' not found (required by diffstat)
diffstat: /lib64/libc.so.6: version `GLIBC_2.34' not found (required by diffstat)

Error in commit e6883fb4ac62829f4895ddbe5c026dbc356511a8: diffstat error: diffstat: /lib64/libc.so.6: version `GLIBC_2.33' not found (required by diffstat)
diffstat: /lib64/libc.so.6: version `GLIBC_2.34' not found (required by diffstat)

Error in commit a73dc017984d1cdcda93ea5bbf0621d8825c5b81: diffstat error: diffstat: /lib64/libc.so.6: version `GLIBC_2.33' not found (required by diffstat)
diffstat: /lib64/libc.so.6: version `GLIBC_2.34' not found (required by diffstat)

Error in commit 2f07985bef9fbae124cc63e5c0272e32da4fdaec: diffstat error: diffstat: /lib64/libc.so.6: version `GLIBC_2.33' not found (required by diffstat)
diffstat: /lib64/libc.so.6: version `GLIBC_2.34' not found (required by diffstat)

Error in commit 51f6b410fc220d8a5a4fae00ebfd8243b6c11d4e: diffstat error: diffstat: /lib64/libc.so.6: version `GLIBC_2.33' not found (required by diffstat)
diffstat: /lib64/libc.so.6: version `GLIBC_2.34' not found (required by diffstat)

Error in commit 15b8d9332b927d76a0b26cf70c564756d1648133: diffstat error: diffstat: /lib64/libc.so.6: version `GLIBC_2.33' not found (required by diffstat)
diffstat: /lib64/libc.so.6: version `GLIBC_2.34' not found (required by diffstat)

Error in commit 6b33731e8c33ee91422a7fed8570cd4112a8c8c9: diffstat error: diffstat: /lib64/libc.so.6: version `GLIBC_2.33' not found (required by diffstat)
diffstat: /lib64/libc.so.6: version `GLIBC_2.34' not found (required by diffstat)

Error in commit 078118ececa7e4eaf75ea85001c66f7d5a6053c8: diffstat error: diffstat: /lib64/libc.so.6: version `GLIBC_2.33' not found (required by diffstat)
diffstat: /lib64/libc.so.6: version `GLIBC_2.34' not found (required by diffstat)

Error in commit 7caac62ed598a196d6ddf8d9c121e12e082cac3: diffstat error: diffstat: /lib64/libc.so.6: version `GLIBC_2.33' not found (required by diffstat)
diffstat: /lib64/libc.so.6: version `GLIBC_2.34' not found (required by diffstat)

Error in commit 5843954375fe548776d3d5c36ff8bb79cd61f2a0: diffstat error: diffstat: /lib64/libc.so.6: version `GLIBC_2.33' not found (required by diffstat)
diffstat: /lib64/libc.so.6: version `GLIBC_2.34' not found (required by diffstat)

Error in commit 6199e653418eda58cd698d8769820904453e2535: diffstat error: diffstat: /lib64/libc.so.6: version `GLIBC_2.33' not found (required by diffstat)
diffstat: /lib64/libc.so.6: version `GLIBC_2.34' not found (required by diffstat)

Error in commit 636d2c9d63228b3fb3b6a1efece663b06acf6391: diffstat error: diffstat: /lib64/libc.so.6: version `GLIBC_2.33' not found (required by diffstat)
diffstat: /lib64/libc.so.6: version `GLIBC_2.34' not found (required by diffstat)

Error in commit 0732484b47b57ef90bb08408d60fddbad0262d82: diffstat error: diffstat: /lib64/libc.so.6: version `GLIBC_2.33' not found (required by diffstat)
diffstat: /lib64/libc.so.6: version `GLIBC_2.34' not found (required by diffstat)

Error in commit 853acf7caf10b828102d92d05b5c101666a6142b: diffstat error: diffstat: /lib64/libc.so.6: version `GLIBC_2.33' not found (required by diffstat)
diffstat: /lib64/libc.so.6: version `GLIBC_2.34' not found (required by diffstat)

Error in commit a2ce22fab399f99a66e1c2ddd68e8a74663d6eb7: diffstat error: diffstat: /lib64/libc.so.6: version `GLIBC_2.33' not found (required by diffstat)
diffstat: /lib64/libc.so.6: version `GLIBC_2.34' not found (required by diffstat)

Error in commit 4b59ab5e643009b42d6d3efb57c463c8d1123ad6: diffstat error: diffstat: /lib64/libc.so.6: version `GLIBC_2.33' not found (required by diffstat)
diffstat: /lib64/libc.so.6: version `GLIBC_2.34' not found (required by diffstat)

Error in commit 4ea99936a1630f51fc3a2d61a58ec4a1c4b7d55a: diffstat error: diffstat: /lib64/libc.so.6: version `GLIBC_2.33' not found (required by diffstat)
diffstat: /lib64/libc.so.6: version `GLIBC_2.34' not found (required by diffstat)

Error in commit 671fd9dabe5239ad218c7eb48b2b9edee50250e6: diffstat error: diffstat: /lib64/libc.so.6: version `GLIBC_2.33' not found (required by diffstat)
diffstat: /lib64/libc.so.6: version `GLIBC_2.34' not found (required by diffstat)

Error in commit d9feacc4a590d35dbc1af21caf9080008b4450ed: diffstat error: diffstat: /lib64/libc.so.6: version `GLIBC_2.33' not found (required by diffstat)
diffstat: /lib64/libc.so.6: version `GLIBC_2.34' not found (required by diffstat)

Error in commit cae548856343a5ceb137b25dd19579c304c496e3: diffstat error: diffstat: /lib64/libc.so.6: version `GLIBC_2.33' not found (required by diffstat)
diffstat: /lib64/libc.so.6: version `GLIBC_2.34' not found (required by diffstat)

Error in commit 17e8ba311ab68f10ccc1c30e51cc58033c119ca3: diffstat error: diffstat: /lib64/libc.so.6: version `GLIBC_2.33' not found (required by diffstat)
diffstat: /lib64/libc.so.6: version `GLIBC_2.34' not found (required by diffstat)

Error in commit fb1cc555d533869910e20de4b8d5147570afdfad: diffstat error: diffstat: /lib64/libc.so.6: version `GLIBC_2.33' not found (required by diffstat)
diffstat: /lib64/libc.so.6: version `GLIBC_2.34' not found (required by diffstat)

Error in commit d63ed6ef241b2e7f124089e2672cfce8251ed390: diffstat error: diffstat: /lib64/libc.so.6: version `GLIBC_2.33' not found (required by diffstat)
diffstat: /lib64/libc.so.6: version `GLIBC_2.34' not found (required by diffstat)

Error in commit 8903dd37531c2ccd0a427449f0965ec15be98792: diffstat error: diffstat: /lib64/libc.so.6: version `GLIBC_2.33' not found (required by diffstat)
diffstat: /lib64/libc.so.6: version `GLIBC_2.34' not found (required by diffstat)

Error in commit b0cb2a234680209aaa64e6e0cbe9c55366b93093: diffstat error: diffstat: /lib64/libc.so.6: version `GLIBC_2.33' not found (required by diffstat)
diffstat: /lib64/libc.so.6: version `GLIBC_2.34' not found (required by diffstat)

Error in commit 4bc643a6897bc6f1168eb1091c7c658bb05d7990: diffstat error: diffstat: /lib64/libc.so.6: version `GLIBC_2.33' not found (required by diffstat)
diffstat: /lib64/libc.so.6: version `GLIBC_2.34' not found (required by diffstat)

Error in commit 70bc545d62b2d07ae7070b0a6f0442703639b8a0: diffstat error: diffstat: /lib64/libc.so.6: version `GLIBC_2.33' not found (required by diffstat)
diffstat: /lib64/libc.so.6: version `GLIBC_2.34' not found (required by diffstat)

Error in commit 782e70c6fc2290a0395850e8e02583b8b62264d8: diffstat error: diffstat: /lib64/libc.so.6: version `GLIBC_2.33' not found (required by diffstat)
diffstat: /lib64/libc.so.6: version `GLIBC_2.34' not found (required by diffstat)

Error in commit 7df87b7778124af9b0dd309570c33864a67792f7: diffstat error: diffstat: /lib64/libc.so.6: version `GLIBC_2.33' not found (required by diffstat)
diffstat: /lib64/libc.so.6: version `GLIBC_2.34' not found (required by diffstat)

Error in commit 6d7f1e427c767cf420b1a0036be67c7fbc11b1bf: diffstat error: diffstat: /lib64/libc.so.6: version `GLIBC_2.33' not found (required by diffstat)
diffstat: /lib64/libc.so.6: version `GLIBC_2.34' not found (required by diffstat)

Error in commit e7f0185e691548048985fba1fd547a2117e2d1f7: diffstat error: diffstat: /lib64/libc.so.6: version `GLIBC_2.33' not found (required by diffstat)
diffstat: /lib64/libc.so.6: version `GLIBC_2.34' not found (required by diffstat)

Error in commit 81c0337d15de1697122061046a555bcd1b4293ba: diffstat error: diffstat: /lib64/libc.so.6: version `GLIBC_2.33' not found (required by diffstat)
diffstat: /lib64/libc.so.6: version `GLIBC_2.34' not found (required by diffstat)

Error in commit 8bd34e2bd4ab82068c37abe20300d346123e76dc: diffstat error: diffstat: /lib64/libc.so.6: version `GLIBC_2.33' not found (required by diffstat)
diffstat: /lib64/libc.so.6: version `GLIBC_2.34' not found (required by diffstat)

Error in commit 83aaf7c3f5af0f384a83c3256f9119170ea076ba: diffstat error: diffstat: /lib64/libc.so.6: version `GLIBC_2.33' not found (required by diffstat)
diffstat: /lib64/libc.so.6: version `GLIBC_2.34' not found (required by diffstat)

Error in commit 7384a8b550d4ed4a00e41b72229cfcc124926b06: diffstat error: diffstat: /lib64/libc.so.6: version `GLIBC_2.33' not found (required by diffstat)
diffstat: /lib64/libc.so.6: version `GLIBC_2.34' not found (required by diffstat)

Error in commit f878ba67b638f0d5050b6dba61b9737f64fc53de: diffstat error: diffstat: /lib64/libc.so.6: version `GLIBC_2.33' not found (required by diffstat)
diffstat: /lib64/libc.so.6: version `GLIBC_2.34' not found (required by diffstat)

Error in commit 0a44ad220195a3004586b55e5cc2a47ad68ecfcd: diffstat error: diffstat: /lib64/libc.so.6: version `GLIBC_2.33' not found (required by diffstat)
diffstat: /lib64/libc.so.6: version `GLIBC_2.34' not found (required by diffstat)

Error in commit dfeb65a8931c487dc88fedd5d7d565c4e627cb39: diffstat error: diffstat: /lib64/libc.so.6: version `GLIBC_2.33' not found (required by diffstat)
diffstat: /lib64/libc.so.6: version `GLIBC_2.34' not found (required by diffstat)

Error in commit 081e3ff6ce9b3f1d9cc87a6ebdc6309991cd8242: diffstat error: diffstat: /lib64/libc.so.6: version `GLIBC_2.33' not found (required by diffstat)
diffstat: /lib64/libc.so.6: version `GLIBC_2.34' not found (required by diffstat)

Error in commit 7c519dfbd0c68b952f0849e01deaa3750e1f8153: diffstat error: diffstat: /lib64/libc.so.6: version `GLIBC_2.33' not found (required by diffstat)
diffstat: /lib64/libc.so.6: version `GLIBC_2.34' not found (required by diffstat)

Error in commit 114e4c2cec2601ca56e8afb1f441520f75a9a312: diffstat error: diffstat: /lib64/libc.so.6: version `GLIBC_2.33' not found (required by diffstat)
diffstat: /lib64/libc.so.6: version `GLIBC_2.34' not found (required by diffstat)

Error in commit ca8c013b5e97b1373b3bb1c97ea655e69f31a575: diffstat error: diffstat: /lib64/libc.so.6: version `GLIBC_2.33' not found (required by diffstat)
diffstat: /lib64/libc.so.6: version `GLIBC_2.34' not found (required by diffstat)

Error in commit c02ed2198538b8e77e0aa3263b4cf54e72b9eee6: diffstat error: diffstat: /lib64/libc.so.6: version `GLIBC_2.33' not found (required by diffstat)
diffstat: /lib64/libc.so.6: version `GLIBC_2.34' not found (required by diffstat)

Error in commit da0dcb21501b765932e392ae710ebbecefeb309c: diffstat error: diffstat: /lib64/libc.so.6: version `GLIBC_2.33' not found (required by diffstat)
diffstat: /lib64/libc.so.6: version `GLIBC_2.34' not found (required by diffstat)

Error in commit ac84c5eb812097f1658170b60394db2a6b247d9c: diffstat error: diffstat: /lib64/libc.so.6: version `GLIBC_2.33' not found (required by diffstat)
diffstat: /lib64/libc.so.6: version `GLIBC_2.34' not found (required by diffstat)

Error in commit faa4b423c2cb5a2926e35c80ab7143816409630f: diffstat error: diffstat: /lib64/libc.so.6: version `GLIBC_2.33' not found (required by diffstat)
diffstat: /lib64/libc.so.6: version `GLIBC_2.34' not found (required by diffstat)

Error in commit 2b79b6d54362c8b9833488b1c88f1259d8c16a55: diffstat error: diffstat: /lib64/libc.so.6: version `GLIBC_2.33' not found (required by diffstat)
diffstat: /lib64/libc.so.6: version `GLIBC_2.34' not found (required by diffstat)

Error in commit 246ca110d152b6483fd8c1c176a570858307f76b: diffstat error: diffstat: /lib64/libc.so.6: version `GLIBC_2.33' not found (required by diffstat)
diffstat: /lib64/libc.so.6: version `GLIBC_2.34' not found (required by diffstat)

Error in commit a868bacb46e3c900530bed47a1c6f85b0fbe701c: diffstat error: diffstat: /lib64/libc.so.6: version `GLIBC_2.33' not found (required by diffstat)
diffstat: /lib64/libc.so.6: version `GLIBC_2.34' not found (required by diffstat)

Error in commit dc2b2c444c7da85d2ff6b25ce06f2c296cfecc8a: diffstat error: diffstat: /lib64/libc.so.6: version `GLIBC_2.33' not found (required by diffstat)
diffstat: /lib64/libc.so.6: version `GLIBC_2.34' not found (required by diffstat)

Error in commit ff1fe3f4006a5142023a373a577fee014496cc25: diffstat error: diffstat: /lib64/libc.so.6: version `GLIBC_2.33' not found (required by diffstat)
diffstat: /lib64/libc.so.6: version `GLIBC_2.34' not found (required by diffstat)

Error in commit 8b5370c688a7362673c3a5256d93695617a4cd9a: diffstat error: diffstat: /lib64/libc.so.6: version `GLIBC_2.33' not found (required by diffstat)
diffstat: /lib64/libc.so.6: version `GLIBC_2.34' not found (required by diffstat)

Error in commit 3f2e3252943f4d6beee1500235730dbb4dc8671d: diffstat error: diffstat: /lib64/libc.so.6: version `GLIBC_2.33' not found (required by diffstat)
diffstat: /lib64/libc.so.6: version `GLIBC_2.34' not found (required by diffstat)

Error in commit c1e1fc899ad5f8c725dcbb6470069890b5060bc7: diffstat error: diffstat: /lib64/libc.so.6: version `GLIBC_2.33' not found (required by diffstat)
diffstat: /lib64/libc.so.6: version `GLIBC_2.34' not found (required by diffstat)

Error in commit 11ef9999b66c241be9e19f239ec63faa95a4ff17: diffstat error: diffstat: /lib64/libc.so.6: version `GLIBC_2.33' not found (required by diffstat)
diffstat: /lib64/libc.so.6: version `GLIBC_2.34' not found (required by diffstat)

Error in commit 404a335cfd36dfcdf197bce9d8ff8aa20b245a6f: diffstat error: diffstat: /lib64/libc.so.6: version `GLIBC_2.33' not found (required by diffstat)
diffstat: /lib64/libc.so.6: version `GLIBC_2.34' not found (required by diffstat)

Error in commit 08d673b5066f1554efa65f2f681c9d825dccbc86: diffstat error: diffstat: /lib64/libc.so.6: version `GLIBC_2.33' not found (required by diffstat)
diffstat: /lib64/libc.so.6: version `GLIBC_2.34' not found (required by diffstat)

Error in commit af509790365f23593d6e09be6c796968bdad0795: diffstat error: diffstat: /lib64/libc.so.6: version `GLIBC_2.33' not found (required by diffstat)
diffstat: /lib64/libc.so.6: version `GLIBC_2.34' not found (required by diffstat)

Error in commit c6f56a92088cc924a98ee49153f13706dcd7b1ee: diffstat error: diffstat: /lib64/libc.so.6: version `GLIBC_2.33' not found (required by diffstat)
diffstat: /lib64/libc.so.6: version `GLIBC_2.34' not found (required by diffstat)

Error in commit bcd455be7a9b7258903e46f2c62d413e648971b5: diffstat error: diffstat: /lib64/libc.so.6: version `GLIBC_2.33' not found (required by diffstat)
diffstat: /lib64/libc.so.6: version `GLIBC_2.34' not found (required by diffstat)

Error in commit a7eae6bed35fd759f0bd6ba601228a3e38f814b3: diffstat error: diffstat: /lib64/libc.so.6: version `GLIBC_2.33' not found (required by diffstat)
diffstat: /lib64/libc.so.6: version `GLIBC_2.34' not found (required by diffstat)

Error in commit f485b95b184537c97e72e3748336cd0c7a467525: diffstat error: diffstat: /lib64/libc.so.6: version `GLIBC_2.33' not found (required by diffstat)
diffstat: /lib64/libc.so.6: version `GLIBC_2.34' not found (required by diffstat)

Error in commit 6a187ccddaebb741ea77fc3201c6e36625f0aadb: diffstat error: diffstat: /lib64/libc.so.6: version `GLIBC_2.33' not found (required by diffstat)
diffstat: /lib64/libc.so.6: version `GLIBC_2.34' not found (required by diffstat)

Error in commit 0b5662bc2be13a8c8f044d925d87fb6e56247cd8: diffstat error: diffstat: /lib64/libc.so.6: version `GLIBC_2.33' not found (required by diffstat)
diffstat: /lib64/libc.so.6: version `GLIBC_2.34' not found (required by diffstat)

Error in commit c0ebb859f4a47f16917e713396cd77826bfde307: diffstat error: diffstat: /lib64/libc.so.6: version `GLIBC_2.33' not found (required by diffstat)
diffstat: /lib64/libc.so.6: version `GLIBC_2.34' not found (required by diffstat)

Error in commit 4b82e80d7a9acfa30fc76f847871d063611c2aed: diffstat error: diffstat: /lib64/libc.so.6: version `GLIBC_2.33' not found (required by diffstat)
diffstat: /lib64/libc.so.6: version `GLIBC_2.34' not found (required by diffstat)

Error in commit 375407c16c61a70b56fdbe13b0d2c8f11398e92c: diffstat error: diffstat: /lib64/libc.so.6: version `GLIBC_2.33' not found (required by diffstat)
diffstat: /lib64/libc.so.6: version `GLIBC_2.34' not found (required by diffstat)

Error in commit 3f7f3feeb50549d2e1de2ea00dd99a719c7911b4: diffstat error: diffstat: /lib64/libc.so.6: version `GLIBC_2.33' not found (required by diffstat)
diffstat: /lib64/libc.so.6: version `GLIBC_2.34' not found (required by diffstat)

Error in commit 7d47a76f2cc3918ca2d759a2a2a402b03f7bb13a: diffstat error: diffstat: /lib64/libc.so.6: version `GLIBC_2.33' not found (required by diffstat)
diffstat: /lib64/libc.so.6: version `GLIBC_2.34' not found (required by diffstat)

Error in commit 1a6b609e1a9b7fb02a11c4bed9f07b59a29b173b: diffstat error: diffstat: /lib64/libc.so.6: version `GLIBC_2.33' not found (required by diffstat)
diffstat: /lib64/libc.so.6: version `GLIBC_2.34' not found (required by diffstat)

Error in commit 4d2ed37e74e3ad32014d8bd2d462b8f0d9f865d3: diffstat error: diffstat: /lib64/libc.so.6: version `GLIBC_2.33' not found (required by diffstat)
diffstat: /lib64/libc.so.6: version `GLIBC_2.34' not found (required by diffstat)

Error in commit 7b5f5cb09d1f7a290e5425b053175810568e4d13: diffstat error: diffstat: /lib64/libc.so.6: version `GLIBC_2.33' not found (required by diffstat)
diffstat: /lib64/libc.so.6: version `GLIBC_2.34' not found (required by diffstat)

Error in commit 7150f9575671f898382c370acae35f9087a30ba1: diffstat error: diffstat: /lib64/libc.so.6: version `GLIBC_2.33' not found (required by diffstat)
diffstat: /lib64/libc.so.6: version `GLIBC_2.34' not found (required by diffstat)

Error in commit 71199ee9077da7d92a8728e2a694fb1ab31488a7: diffstat error: diffstat: /lib64/libc.so.6: version `GLIBC_2.33' not found (required by diffstat)
diffstat: /lib64/libc.so.6: version `GLIBC_2.34' not found (required by diffstat)

Error in commit b1bd5cba3306691c771d558e94baa73e8b0b96b7: diffstat error: diffstat: /lib64/libc.so.6: version `GLIBC_2.33' not found (required by diffstat)
diffstat: /lib64/libc.so.6: version `GLIBC_2.34' not found (required by diffstat)

Error in commit c364df2489b8ef2f5e3159b1dff1ff1fdb16040d: diffstat error: diffstat: /lib64/libc.so.6: version `GLIBC_2.33' not found (required by diffstat)
diffstat: /lib64/libc.so.6: version `GLIBC_2.34' not found (required by diffstat)

Error in commit 8be8521ee5177740732b8bdc2b4c110a41c8381a: diffstat error: diffstat: /lib64/libc.so.6: version `GLIBC_2.33' not found (required by diffstat)
diffstat: /lib64/libc.so.6: version `GLIBC_2.34' not found (required by diffstat)

Error in commit 731fd49ddbf5b71bec3fcd4a7e4004e0427cf27c: diffstat error: diffstat: /lib64/libc.so.6: version `GLIBC_2.33' not found (required by diffstat)
diffstat: /lib64/libc.so.6: version `GLIBC_2.34' not found (required by diffstat)

Error in commit 6f96ad52275b5b35226cdb2ce66b3832e9dfb605: diffstat error: diffstat: /lib64/libc.so.6: version `GLIBC_2.33' not found (required by diffstat)
diffstat: /lib64/libc.so.6: version `GLIBC_2.34' not found (required by diffstat)

Error in commit a283db3962c07f9dfab87dc7553b61cbc4e6efb8: diffstat error: diffstat: /lib64/libc.so.6: version `GLIBC_2.33' not found (required by diffstat)
diffstat: /lib64/libc.so.6: version `GLIBC_2.34' not found (required by diffstat)

Error in commit 39548a5b17bbda9eeb63625a201cfd19b9de1c5b: diffstat error: diffstat: /lib64/libc.so.6: version `GLIBC_2.33' not found (required by diffstat)
diffstat: /lib64/libc.so.6: version `GLIBC_2.34' not found (required by diffstat)

Error in commit fc485b0247a157711acb97adba675ca485e9fb05: diffstat error: diffstat: /lib64/libc.so.6: version `GLIBC_2.33' not found (required by diffstat)
diffstat: /lib64/libc.so.6: version `GLIBC_2.34' not found (required by diffstat)

Error in commit 10cfaac45baa3ca64a183e1cc4c65da1e016b7ec: diffstat error: diffstat: /lib64/libc.so.6: version `GLIBC_2.33' not found (required by diffstat)
diffstat: /lib64/libc.so.6: version `GLIBC_2.34' not found (required by diffstat)

Error in commit 0efd112bb62f566877750ad62ee828bff579b4e2: diffstat error: diffstat: /lib64/libc.so.6: version `GLIBC_2.33' not found (required by diffstat)
diffstat: /lib64/libc.so.6: version `GLIBC_2.34' not found (required by diffstat)

Error in commit 72cdc5048dead86bb1df7d21e0b9975e49cf2d97: diffstat error: diffstat: /lib64/libc.so.6: version `GLIBC_2.33' not found (required by diffstat)
diffstat: /lib64/libc.so.6: version `GLIBC_2.34' not found (required by diffstat)

Error in commit e0485802ec72996c20026da320650d8362f555bd: diffstat error: diffstat: /lib64/libc.so.6: version `GLIBC_2.33' not found (required by diffstat)
diffstat: /lib64/libc.so.6: version `GLIBC_2.34' not found (required by diffstat)

Error in commit cb373ab6614c910407c5e5a93ab935144e62b037: diffstat error: diffstat: /lib64/libc.so.6: version `GLIBC_2.33' not found (required by diffstat)
diffstat: /lib64/libc.so.6: version `GLIBC_2.34' not found (required by diffstat)

Error in commit 8c03cff90cc2b20817cf9643f877530a7161288c: diffstat error: diffstat: /lib64/libc.so.6: version `GLIBC_2.33' not found (required by diffstat)
diffstat: /lib64/libc.so.6: version `GLIBC_2.34' not found (required by diffstat)

Error in commit 388ecce75d05e11fc8496aa4857b91245007d26e: diffstat error: diffstat: /lib64/libc.so.6: version `GLIBC_2.33' not found (required by diffstat)
diffstat: /lib64/libc.so.6: version `GLIBC_2.34' not found (required by diffstat)

Error in commit d568d6362d09031cf1a483aadc15fc68ec034767: diffstat error: diffstat: /lib64/libc.so.6: version `GLIBC_2.33' not found (required by diffstat)
diffstat: /lib64/libc.so.6: version `GLIBC_2.34' not found (required by diffstat)

Error in commit 38c9919a1ccdf3b9aaa042fe4948057ad02126f7: diffstat error: diffstat: /lib64/libc.so.6: version `GLIBC_2.33' not found (required by diffstat)
diffstat: /lib64/libc.so.6: version `GLIBC_2.34' not found (required by diffstat)

Error in commit eb68ebbaab50f3365aa51bbaa17cb862bf4607fa: diffstat error: diffstat: /lib64/libc.so.6: version `GLIBC_2.33' not found (required by diffstat)
diffstat: /lib64/libc.so.6: version `GLIBC_2.34' not found (required by diffstat)

Error in commit 5b0055bfbfc6ff36613384133bde57be14d39a05: diffstat error: diffstat: /lib64/libc.so.6: version `GLIBC_2.33' not found (required by diffstat)
diffstat: /lib64/libc.so.6: version `GLIBC_2.34' not found (required by diffstat)

Error in commit 36cfd9efb9b22b891adee9c48d30202289cfa620: diffstat error: diffstat: /lib64/libc.so.6: version `GLIBC_2.33' not found (required by diffstat)
diffstat: /lib64/libc.so.6: version `GLIBC_2.34' not found (required by diffstat)

Error in commit f0c3804fa292ef3be41cc8d1cdea8239f00e2295: diffstat error: diffstat: /lib64/libc.so.6: version `GLIBC_2.33' not found (required by diffstat)
diffstat: /lib64/libc.so.6: version `GLIBC_2.34' not found (required by diffstat)

Error in commit 12df1e60c089ce08083256e3468690f3da0ea642: diffstat error: diffstat: /lib64/libc.so.6: version `GLIBC_2.33' not found (required by diffstat)
diffstat: /lib64/libc.so.6: version `GLIBC_2.34' not found (required by diffstat)

Error in commit 524e2bbdb294d5aa4c84bf83db4d328a588b55f7: diffstat error: diffstat: /lib64/libc.so.6: version `GLIBC_2.33' not found (required by diffstat)
diffstat: /lib64/libc.so.6: version `GLIBC_2.34' not found (required by diffstat)

Error in commit f5670c10bfffaed2c53c7a8b153aaf69b12d2ec6: diffstat error: diffstat: /lib64/libc.so.6: version `GLIBC_2.33' not found (required by diffstat)
diffstat: /lib64/libc.so.6: version `GLIBC_2.34' not found (required by diffstat)

Error in commit b631bb33a168f5f274126192f5061b8b54192965: diffstat error: diffstat: /lib64/libc.so.6: version `GLIBC_2.33' not found (required by diffstat)
diffstat: /lib64/libc.so.6: version `GLIBC_2.34' not found (required by diffstat)

Error in commit d7de67733925de196ec8863a33445b73f9562d1d: diffstat error: diffstat: /lib64/libc.so.6: version `GLIBC_2.33' not found (required by diffstat)
diffstat: /lib64/libc.so.6: version `GLIBC_2.34' not found (required by diffstat)

Error in commit fd6b297ea6386174d99fb6468821b09236176983: diffstat error: diffstat: /lib64/libc.so.6: version `GLIBC_2.33' not found (required by diffstat)
diffstat: /lib64/libc.so.6: version `GLIBC_2.34' not found (required by diffstat)

Error in commit f6bc8cabbd3ac1fb3acc36d3edbdce672cae7d12: diffstat error: diffstat: /lib64/libc.so.6: version `GLIBC_2.33' not found (required by diffstat)
diffstat: /lib64/libc.so.6: version `GLIBC_2.34' not found (required by diffstat)

Error in commit 955059813cc325dc1db5e2daa6221271406d4439: diffstat error: diffstat: /lib64/libc.so.6: version `GLIBC_2.33' not found (required by diffstat)
diffstat: /lib64/libc.so.6: version `GLIBC_2.34' not found (required by diffstat)

Error in commit 99d7b1f7a2e57360f1aa158546d6a9ea1a0f72c0: diffstat error: diffstat: /lib64/libc.so.6: version `GLIBC_2.33' not found (required by diffstat)
diffstat: /lib64/libc.so.6: version `GLIBC_2.34' not found (required by diffstat)

Error in commit d6d86830705f173fca6087a3e67ceaf68db80523: diffstat error: diffstat: /lib64/libc.so.6: version `GLIBC_2.33' not found (required by diffstat)
diffstat: /lib64/libc.so.6: version `GLIBC_2.34' not found (required by diffstat)

Error in commit bb95af848c939cfe5b5ee33c5b1770558077e64e: diffstat error: diffstat: /lib64/libc.so.6: version `GLIBC_2.33' not found (required by diffstat)
diffstat: /lib64/libc.so.6: version `GLIBC_2.34' not found (required by diffstat)

Error in commit f72315575f78a9a773adbce0ee7d3ec33434cb76: diffstat error: diffstat: /lib64/libc.so.6: version `GLIBC_2.33' not found (required by diffstat)
diffstat: /lib64/libc.so.6: version `GLIBC_2.34' not found (required by diffstat)

Error in commit b53cd3ce255f43164cae87f2abbd4f573676cbab: diffstat error: diffstat: /lib64/libc.so.6: version `GLIBC_2.33' not found (required by diffstat)
diffstat: /lib64/libc.so.6: version `GLIBC_2.34' not found (required by diffstat)

Error in commit 27fe8031782d3a06c3998eaa94354867864f9f1b: diffstat error: diffstat: /lib64/libc.so.6: version `GLIBC_2.33' not found (required by diffstat)
diffstat: /lib64/libc.so.6: version `GLIBC_2.34' not found (required by diffstat)

Error in commit 63249d6a84dd3865633115a6bce7a29f287ae1f2: diffstat error: diffstat: /lib64/libc.so.6: version `GLIBC_2.33' not found (required by diffstat)
diffstat: /lib64/libc.so.6: version `GLIBC_2.34' not found (required by diffstat)

Error in commit 2f72e833380d5b38e897a2d1065ff81a24ac3744: diffstat error: diffstat: /lib64/libc.so.6: version `GLIBC_2.33' not found (required by diffstat)
diffstat: /lib64/libc.so.6: version `GLIBC_2.34' not found (required by diffstat)

Error in commit bc8f9fd5a8561382f5d8b1a44e7e0f0286107fcf: diffstat error: diffstat: /lib64/libc.so.6: version `GLIBC_2.33' not found (required by diffstat)
diffstat: /lib64/libc.so.6: version `GLIBC_2.34' not found (required by diffstat)

Error in commit f2529807164bd590f54526199ff202fa966c71d4: diffstat error: diffstat: /lib64/libc.so.6: version `GLIBC_2.33' not found (required by diffstat)
diffstat: /lib64/libc.so.6: version `GLIBC_2.34' not found (required by diffstat)

Error in commit 279a42535dc977c495bdbda8c8831016e05a0a5d: diffstat error: diffstat: /lib64/libc.so.6: version `GLIBC_2.33' not found (required by diffstat)
diffstat: /lib64/libc.so.6: version `GLIBC_2.34' not found (required by diffstat)

Error in commit 0e45984fa036fff1912c62fee3ed4f5481f3c324: diffstat error: diffstat: /lib64/libc.so.6: version `GLIBC_2.33' not found (required by diffstat)
diffstat: /lib64/libc.so.6: version `GLIBC_2.34' not found (required by diffstat)

Error in commit 5d4daf6c: diffstat error: diffstat: /lib64/libc.so.6: version `GLIBC_2.33' not found (required by diffstat)
diffstat: /lib64/libc.so.6: version `GLIBC_2.34' not found (required by diffstat)

Error in commit c2fe4609a919eec756d7ef18af68c660fc2fa409: diffstat error: diffstat: /lib64/libc.so.6: version `GLIBC_2.33' not found (required by diffstat)
diffstat: /lib64/libc.so.6: version `GLIBC_2.34' not found (required by diffstat)

Error in commit 360428f8c0cd857006a8a3f515946285370489ac: diffstat error: diffstat: /lib64/libc.so.6: version `GLIBC_2.33' not found (required by diffstat)
diffstat: /lib64/libc.so.6: version `GLIBC_2.34' not found (required by diffstat)

Error in commit d7714308e014a7335e1c0f60dc0afbf5eba5ff99: diffstat error: diffstat: /lib64/libc.so.6: version `GLIBC_2.33' not found (required by diffstat)
diffstat: /lib64/libc.so.6: version `GLIBC_2.34' not found (required by diffstat)

Error in commit d0e8637e30aad2887f213e8f1b7c7da087081a4b: diffstat error: diffstat: /lib64/libc.so.6: version `GLIBC_2.33' not found (required by diffstat)
diffstat: /lib64/libc.so.6: version `GLIBC_2.34' not found (required by diffstat)

Error in commit 59c88f846d1dcd901a4420651aedf27816618923: diffstat error: diffstat: /lib64/libc.so.6: version `GLIBC_2.33' not found (required by diffstat)
diffstat: /lib64/libc.so.6: version `GLIBC_2.34' not found (required by diffstat)

Error in commit 3517fb726741c109cae7995f9ea46f0cab6187d6: diffstat error: diffstat: /lib64/libc.so.6: version `GLIBC_2.33' not found (required by diffstat)
diffstat: /lib64/libc.so.6: version `GLIBC_2.34' not found (required by diffstat)

Error in commit f757a2cd6948344b8303e375f6f9d72887abf1f4: diffstat error: diffstat: /lib64/libc.so.6: version `GLIBC_2.33' not found (required by diffstat)
diffstat: /lib64/libc.so.6: version `GLIBC_2.34' not found (required by diffstat)

Error in commit 418ade7849ce7641c0f7333718caf5091a02fd4c: diffstat error: diffstat: /lib64/libc.so.6: version `GLIBC_2.33' not found (required by diffstat)
diffstat: /lib64/libc.so.6: version `GLIBC_2.34' not found (required by diffstat)

Error in commit b4c2923a1ba4fabf9b55a89244127e153a3e549b: diffstat error: diffstat: /lib64/libc.so.6: version `GLIBC_2.33' not found (required by diffstat)
diffstat: /lib64/libc.so.6: version `GLIBC_2.34' not found (required by diffstat)

Error in commit 66ec226127e845fb6ed0ec478defb0b905598c3d: diffstat error: diffstat: /lib64/libc.so.6: version `GLIBC_2.33' not found (required by diffstat)
diffstat: /lib64/libc.so.6: version `GLIBC_2.34' not found (required by diffstat)

Error in commit aa17bbfae2a57e05c02b1b87d65fb8691bd33620: diffstat error: diffstat: /lib64/libc.so.6: version `GLIBC_2.33' not found (required by diffstat)
diffstat: /lib64/libc.so.6: version `GLIBC_2.34' not found (required by diffstat)

Error in commit faa75edde3dfeba1e2cf6ffa48e45a50f1042096: diffstat error: diffstat: /lib64/libc.so.6: version `GLIBC_2.33' not found (required by diffstat)
diffstat: /lib64/libc.so.6: version `GLIBC_2.34' not found (required by diffstat)

Error in commit ac8ac191691a13162667314358e96f07a65d0d1a: diffstat error: diffstat: /lib64/libc.so.6: version `GLIBC_2.33' not found (required by diffstat)
diffstat: /lib64/libc.so.6: version `GLIBC_2.34' not found (required by diffstat)

Error in commit ced0223c7a1b3b5344af315715cd28fe7c0d9ebc: diffstat error: diffstat: /lib64/libc.so.6: version `GLIBC_2.33' not found (required by diffstat)
diffstat: /lib64/libc.so.6: version `GLIBC_2.34' not found (required by diffstat)

Error in commit 62445c5e98ed9bdedf2611d5ee2b8ddb836e598f: diffstat error: diffstat: /lib64/libc.so.6: version `GLIBC_2.33' not found (required by diffstat)
diffstat: /lib64/libc.so.6: version `GLIBC_2.34' not found (required by diffstat)

Error in commit 79cc7c99585c3d379324806daa011af893a6b0f0: diffstat error: diffstat: /lib64/libc.so.6: version `GLIBC_2.33' not found (required by diffstat)
diffstat: /lib64/libc.so.6: version `GLIBC_2.34' not found (required by diffstat)

Error in commit e93f8ebb698a1dd957952e68b15e09f0e4303ebe: diffstat error: diffstat: /lib64/libc.so.6: version `GLIBC_2.33' not found (required by diffstat)
diffstat: /lib64/libc.so.6: version `GLIBC_2.34' not found (required by diffstat)

Error in commit 6442c329b9d2ded0f44b27d2016aaba8ba5844c5: diffstat error: diffstat: /lib64/libc.so.6: version `GLIBC_2.33' not found (required by diffstat)
diffstat: /lib64/libc.so.6: version `GLIBC_2.34' not found (required by diffstat)

Error in commit 86673b3a462a3e253f791a963ad05da27acfe133: diffstat error: diffstat: /lib64/libc.so.6: version `GLIBC_2.33' not found (required by diffstat)
diffstat: /lib64/libc.so.6: version `GLIBC_2.34' not found (required by diffstat)

Error in commit 1f0fb7d544711248cba34615e43c5a76bc902d74: diffstat error: diffstat: /lib64/libc.so.6: version `GLIBC_2.33' not found (required by diffstat)
diffstat: /lib64/libc.so.6: version `GLIBC_2.34' not found (required by diffstat)

Error in commit a82251b44ee2d2802ee8aea1b3d89f88beee4bad: diffstat error: diffstat: /lib64/libc.so.6: version `GLIBC_2.33' not found (required by diffstat)
diffstat: /lib64/libc.so.6: version `GLIBC_2.34' not found (required by diffstat)

Error in commit 05f9e776d3aa14a2e67d3dde4732015d74ce20aa: diffstat error: diffstat: /lib64/libc.so.6: version `GLIBC_2.33' not found (required by diffstat)
diffstat: /lib64/libc.so.6: version `GLIBC_2.34' not found (required by diffstat)

Error in commit 5934d9a0383619c14df91af8fd76261dc3de2f5f: diffstat error: diffstat: /lib64/libc.so.6: version `GLIBC_2.33' not found (required by diffstat)
diffstat: /lib64/libc.so.6: version `GLIBC_2.34' not found (required by diffstat)

Error in commit d3a41971ccc7c03e8b476a48dc8aa7fbb983431c: diffstat error: diffstat: /lib64/libc.so.6: version `GLIBC_2.33' not found (required by diffstat)
diffstat: /lib64/libc.so.6: version `GLIBC_2.34' not found (required by diffstat)

Error in commit 053fc50b2cbb1979cbed1662c3d964c36fdafecd: diffstat error: diffstat: /lib64/libc.so.6: version `GLIBC_2.33' not found (required by diffstat)
diffstat: /lib64/libc.so.6: version `GLIBC_2.34' not found (required by diffstat)

Error in commit eab4b9c4ccafbc08f2acfbbc076b9dd32e447996: diffstat error: diffstat: /lib64/libc.so.6: version `GLIBC_2.33' not found (required by diffstat)
diffstat: /lib64/libc.so.6: version `GLIBC_2.34' not found (required by diffstat)

Error in commit 6cf9084fdc2fde1684660f5a3b00063c413403d8: diffstat error: diffstat: /lib64/libc.so.6: version `GLIBC_2.33' not found (required by diffstat)
diffstat: /lib64/libc.so.6: version `GLIBC_2.34' not found (required by diffstat)

Error in commit 2974dd35ca537b1ac6e63349793ec882874872cc: diffstat error: diffstat: /lib64/libc.so.6: version `GLIBC_2.33' not found (required by diffstat)
diffstat: /lib64/libc.so.6: version `GLIBC_2.34' not found (required by diffstat)

Error in commit 8310bf8dd188ff780e7fc53245058215a05bdbe5: diffstat error: diffstat: /lib64/libc.so.6: version `GLIBC_2.33' not found (required by diffstat)
diffstat: /lib64/libc.so.6: version `GLIBC_2.34' not found (required by diffstat)

Error in commit 548b5eaf23685d86f722233d8fbc21d0a4aecb96: diffstat error: diffstat: /lib64/libc.so.6: version `GLIBC_2.33' not found (required by diffstat)
diffstat: /lib64/libc.so.6: version `GLIBC_2.34' not found (required by diffstat)

Error in commit 67487368bbc3f35a87314bb54ec5e12a6e3d7f93: diffstat error: diffstat: /lib64/libc.so.6: version `GLIBC_2.33' not found (required by diffstat)
diffstat: /lib64/libc.so.6: version `GLIBC_2.34' not found (required by diffstat)

Error in commit bf4032f34832ee11d79aa60a226cc018e7ec5eed: diffstat error: diffstat: /lib64/libc.so.6: version `GLIBC_2.33' not found (required by diffstat)
diffstat: /lib64/libc.so.6: version `GLIBC_2.34' not found (required by diffstat)

Error in commit e5a51c508ef952e81a6da25b43034dd1ed023c07: diffstat error: diffstat: /lib64/libc.so.6: version `GLIBC_2.33' not found (required by diffstat)
diffstat: /lib64/libc.so.6: version `GLIBC_2.34' not found (required by diffstat)

Error in commit fe3218b9e5c3987ed65221771154726582c7a6b9: diffstat error: diffstat: /lib64/libc.so.6: version `GLIBC_2.33' not found (required by diffstat)
diffstat: /lib64/libc.so.6: version `GLIBC_2.34' not found (required by diffstat)

Error in commit d8440f4d711a654b511f50f79c0445b26f9dd1e1: diffstat error: diffstat: /lib64/libc.so.6: version `GLIBC_2.33' not found (required by diffstat)
diffstat: /lib64/libc.so.6: version `GLIBC_2.34' not found (required by diffstat)

Error in commit 3dc1f40410c307da2a047b281bee3d285f8174f1: diffstat error: diffstat: /lib64/libc.so.6: version `GLIBC_2.33' not found (required by diffstat)
diffstat: /lib64/libc.so.6: version `GLIBC_2.34' not found (required by diffstat)

Error in commit e2f34481b24db2fd634b5edb0a5bd0e4d38cc6e9: diffstat error: diffstat: /lib64/libc.so.6: version `GLIBC_2.33' not found (required by diffstat)
diffstat: /lib64/libc.so.6: version `GLIBC_2.34' not found (required by diffstat)

Error in commit 779b648c5f6aa9b33f4728f79dd4d0efec0bf860: diffstat error: diffstat: /lib64/libc.so.6: version `GLIBC_2.33' not found (required by diffstat)
diffstat: /lib64/libc.so.6: version `GLIBC_2.34' not found (required by diffstat)

Error in commit c814a9f67a410617e0b9713559c06831c478d74a: diffstat error: diffstat: /lib64/libc.so.6: version `GLIBC_2.33' not found (required by diffstat)
diffstat: /lib64/libc.so.6: version `GLIBC_2.34' not found (required by diffstat)

Error in commit fc65abad4766c2024a05ec9fe2929c3eb8bd45a2: diffstat error: diffstat: /lib64/libc.so.6: version `GLIBC_2.33' not found (required by diffstat)
diffstat: /lib64/libc.so.6: version `GLIBC_2.34' not found (required by diffstat)

Error in commit 03322e7614fb226073c5d2c444d64fc9d0cf1333: diffstat error: diffstat: /lib64/libc.so.6: version `GLIBC_2.33' not found (required by diffstat)
diffstat: /lib64/libc.so.6: version `GLIBC_2.34' not found (required by diffstat)

Error in commit b802f0da1c59f8511ff15902e11b9aabe887961b: diffstat error: diffstat: /lib64/libc.so.6: version `GLIBC_2.33' not found (required by diffstat)
diffstat: /lib64/libc.so.6: version `GLIBC_2.34' not found (required by diffstat)

Error in commit 41281ea82fbf24b060a9f69b9c5369350fb0529e: diffstat error: diffstat: /lib64/libc.so.6: version `GLIBC_2.33' not found (required by diffstat)
diffstat: /lib64/libc.so.6: version `GLIBC_2.34' not found (required by diffstat)

Error in commit ee2906c1d50ab8001863b0a423fe957d4e0bcb37: diffstat error: diffstat: /lib64/libc.so.6: version `GLIBC_2.33' not found (required by diffstat)
diffstat: /lib64/libc.so.6: version `GLIBC_2.34' not found (required by diffstat)

Error in commit d2a0484d93c1d24e008cd7f3d687f818758bd095: diffstat error: diffstat: /lib64/libc.so.6: version `GLIBC_2.33' not found (required by diffstat)
diffstat: /lib64/libc.so.6: version `GLIBC_2.34' not found (required by diffstat)

Error in commit b005bf21a7cabe827ef62f266c22adf2ee745b61: diffstat error: diffstat: /lib64/libc.so.6: version `GLIBC_2.33' not found (required by diffstat)
diffstat: /lib64/libc.so.6: version `GLIBC_2.34' not found (required by diffstat)

Error in commit ea7395f39f601a7750d48d606e9d10ea0b7beefe: diffstat error: diffstat: /lib64/libc.so.6: version `GLIBC_2.33' not found (required by diffstat)
diffstat: /lib64/libc.so.6: version `GLIBC_2.34' not found (required by diffstat)

Error in commit a5efec8187de02d1f0a412140b0bf030a6747d3f: diffstat error: diffstat: /lib64/libc.so.6: version `GLIBC_2.33' not found (required by diffstat)
diffstat: /lib64/libc.so.6: version `GLIBC_2.34' not found (required by diffstat)

Error in commit 451558fe8aaa8b24e02e34106e3bb9fe41d7ad13: diffstat error: diffstat: /lib64/libc.so.6: version `GLIBC_2.33' not found (required by diffstat)
diffstat: /lib64/libc.so.6: version `GLIBC_2.34' not found (required by diffstat)

Error in commit f651c8b055423057d9f41525dfdc37b4796015d1: diffstat error: diffstat: /lib64/libc.so.6: version `GLIBC_2.33' not found (required by diffstat)
diffstat: /lib64/libc.so.6: version `GLIBC_2.34' not found (required by diffstat)

Error in commit f9463a4bc8ea2df5ea25c4d6e0be72011e559b95: diffstat error: diffstat: /lib64/libc.so.6: version `GLIBC_2.33' not found (required by diffstat)
diffstat: /lib64/libc.so.6: version `GLIBC_2.34' not found (required by diffstat)

Error in commit bf4c14353c2328636a18bfad1e151052c81d5f43: diffstat error: diffstat: /lib64/libc.so.6: version `GLIBC_2.33' not found (required by diffstat)
diffstat: /lib64/libc.so.6: version `GLIBC_2.34' not found (required by diffstat)

Error in commit 1fef604e31a5d88b74096b0bb33b5bd0441977b9: diffstat error: diffstat: /lib64/libc.so.6: version `GLIBC_2.33' not found (required by diffstat)
diffstat: /lib64/libc.so.6: version `GLIBC_2.34' not found (required by diffstat)

Error in commit bb2003c69d6afdc12451719f91fb705c8ae0b083: diffstat error: diffstat: /lib64/libc.so.6: version `GLIBC_2.33' not found (required by diffstat)
diffstat: /lib64/libc.so.6: version `GLIBC_2.34' not found (required by diffstat)

Error in commit ed42cfa881e1d8d9603b7cb872199e3c8e0d1b19: diffstat error: diffstat: /lib64/libc.so.6: version `GLIBC_2.33' not found (required by diffstat)
diffstat: /lib64/libc.so.6: version `GLIBC_2.34' not found (required by diffstat)

Error in commit d0799621349dedc8c866d6405302df8eba38f410: diffstat error: diffstat: /lib64/libc.so.6: version `GLIBC_2.33' not found (required by diffstat)
diffstat: /lib64/libc.so.6: version `GLIBC_2.34' not found (required by diffstat)

Error in commit e6ed928effb6d516272fe47b2bf0b4ba9e6a0143: diffstat error: diffstat: /lib64/libc.so.6: version `GLIBC_2.33' not found (required by diffstat)
diffstat: /lib64/libc.so.6: version `GLIBC_2.34' not found (required by diffstat)

Error in commit 3037933448f60f9acb705997eae62013ecb81e0d: diffstat error: diffstat: /lib64/libc.so.6: version `GLIBC_2.33' not found (required by diffstat)
diffstat: /lib64/libc.so.6: version `GLIBC_2.34' not found (required by diffstat)

Error in commit f51060e0f6a2e0ff4feaad91b80806be3ee73abe: diffstat error: diffstat: /lib64/libc.so.6: version `GLIBC_2.33' not found (required by diffstat)
diffstat: /lib64/libc.so.6: version `GLIBC_2.34' not found (required by diffstat)

Error in commit b4e460e5c4ce62aaf1455c161f17fed589b46a53: diffstat error: diffstat: /lib64/libc.so.6: version `GLIBC_2.33' not found (required by diffstat)
diffstat: /lib64/libc.so.6: version `GLIBC_2.34' not found (required by diffstat)

Error in commit b2b70515583fe18e36c7e70b265808fa3154f734: diffstat error: diffstat: /lib64/libc.so.6: version `GLIBC_2.33' not found (required by diffstat)
diffstat: /lib64/libc.so.6: version `GLIBC_2.34' not found (required by diffstat)

Error in commit c21053a163f6528a21e6d3b2debdc5becfd0659a: diffstat error: diffstat: /lib64/libc.so.6: version `GLIBC_2.33' not found (required by diffstat)
diffstat: /lib64/libc.so.6: version `GLIBC_2.34' not found (required by diffstat)

Error in commit 6af3be93d1a0282de4f56bbfe4d5fc9b5a370fbb: diffstat error: diffstat: /lib64/libc.so.6: version `GLIBC_2.33' not found (required by diffstat)
diffstat: /lib64/libc.so.6: version `GLIBC_2.34' not found (required by diffstat)

Error in commit 364cfbcfad1b0a03286681638623cb2026190d63: diffstat error: diffstat: /lib64/libc.so.6: version `GLIBC_2.33' not found (required by diffstat)
diffstat: /lib64/libc.so.6: version `GLIBC_2.34' not found (required by diffstat)

Error in commit e7eb00de2ea15e858d198a7e72ea1bc7ae16ec80: diffstat error: diffstat: /lib64/libc.so.6: version `GLIBC_2.33' not found (required by diffstat)
diffstat: /lib64/libc.so.6: version `GLIBC_2.34' not found (required by diffstat)

Error in commit d653f1604b54532f11b45dca1fa164b4a1f15e2d: diffstat error: diffstat: /lib64/libc.so.6: version `GLIBC_2.33' not found (required by diffstat)
diffstat: /lib64/libc.so.6: version `GLIBC_2.34' not found (required by diffstat)

Error in commit 0b48d6bea00aa9f16bb0d48e860dc085640a4d84: diffstat error: diffstat: /lib64/libc.so.6: version `GLIBC_2.33' not found (required by diffstat)
diffstat: /lib64/libc.so.6: version `GLIBC_2.34' not found (required by diffstat)

Error in commit 9be2cfe968b4223f9d416aecd483f3b999bbab71: diffstat error: diffstat: /lib64/libc.so.6: version `GLIBC_2.33' not found (required by diffstat)
diffstat: /lib64/libc.so.6: version `GLIBC_2.34' not found (required by diffstat)

Error in commit 4777787c3f0f3b3f8f93979fa295c8a589631faa: diffstat error: diffstat: /lib64/libc.so.6: version `GLIBC_2.33' not found (required by diffstat)
diffstat: /lib64/libc.so.6: version `GLIBC_2.34' not found (required by diffstat)

Error in commit eaf166009e44641e6570c576ba071217f100fd99: diffstat error: diffstat: /lib64/libc.so.6: version `GLIBC_2.33' not found (required by diffstat)
diffstat: /lib64/libc.so.6: version `GLIBC_2.34' not found (required by diffstat)

Error in commit 01480bc3ab51bf22327c45cf353684f54650dffd: diffstat error: diffstat: /lib64/libc.so.6: version `GLIBC_2.33' not found (required by diffstat)
diffstat: /lib64/libc.so.6: version `GLIBC_2.34' not found (required by diffstat)

Error in commit 317376f59d4723a7a2557f7395c354c6bf011a46: diffstat error: diffstat: /lib64/libc.so.6: version `GLIBC_2.33' not found (required by diffstat)
diffstat: /lib64/libc.so.6: version `GLIBC_2.34' not found (required by diffstat)

Error in commit f23399d6724bbbe8c9f8d66a6241bc9ba118e09e: diffstat error: diffstat: /lib64/libc.so.6: version `GLIBC_2.33' not found (required by diffstat)
diffstat: /lib64/libc.so.6: version `GLIBC_2.34' not found (required by diffstat)

Error in commit 409b5841479c44fbf33a6ba97c1146e46f965467: diffstat error: diffstat: /lib64/libc.so.6: version `GLIBC_2.33' not found (required by diffstat)
diffstat: /lib64/libc.so.6: version `GLIBC_2.34' not found (required by diffstat)

Error in commit 6487f85c88275c0ad1d9af8a462e48c0f2109182: diffstat error: diffstat: /lib64/libc.so.6: version `GLIBC_2.33' not found (required by diffstat)
diffstat: /lib64/libc.so.6: version `GLIBC_2.34' not found (required by diffstat)

Error in commit 281e2851fe669d10e0650fc89d0e7fb74a598967: diffstat error: diffstat: /lib64/libc.so.6: version `GLIBC_2.33' not found (required by diffstat)
diffstat: /lib64/libc.so.6: version `GLIBC_2.34' not found (required by diffstat)

Error in commit 4a8ab6af230b58162f28f5277516a8d53498a647: diffstat error: diffstat: /lib64/libc.so.6: version `GLIBC_2.33' not found (required by diffstat)
diffstat: /lib64/libc.so.6: version `GLIBC_2.34' not found (required by diffstat)

Error in commit 071d9423d5dc0632f3505627f5adc73cea0d528e: diffstat error: diffstat: /lib64/libc.so.6: version `GLIBC_2.33' not found (required by diffstat)
diffstat: /lib64/libc.so.6: version `GLIBC_2.34' not found (required by diffstat)

Error in commit a6d89de0d44e776f9bccc3a168fdc79f604e14ed: diffstat error: diffstat: /lib64/libc.so.6: version `GLIBC_2.33' not found (required by diffstat)
diffstat: /lib64/libc.so.6: version `GLIBC_2.34' not found (required by diffstat)

Error in commit 1ba5bf993c6a3142e18e68ea6452b347f9cb5635: diffstat error: diffstat: /lib64/libc.so.6: version `GLIBC_2.33' not found (required by diffstat)
diffstat: /lib64/libc.so.6: version `GLIBC_2.34' not found (required by diffstat)

Error in commit 92170e2f6837318d4883ed00bcf3ade9ee413ac1: diffstat error: diffstat: /lib64/libc.so.6: version `GLIBC_2.33' not found (required by diffstat)
diffstat: /lib64/libc.so.6: version `GLIBC_2.34' not found (required by diffstat)

Error in commit 2bb6f36e57962942f4ac27a67cc500b9595d6871: diffstat error: diffstat: /lib64/libc.so.6: version `GLIBC_2.33' not found (required by diffstat)
diffstat: /lib64/libc.so.6: version `GLIBC_2.34' not found (required by diffstat)

Error in commit 112767e8b178fc82dec3cf82a1ca14d802cdb8ec: diffstat error: diffstat: /lib64/libc.so.6: version `GLIBC_2.33' not found (required by diffstat)
diffstat: /lib64/libc.so.6: version `GLIBC_2.34' not found (required by diffstat)

Error in commit d6f9d33a7db0b346195b6a15b5b99944ba41beee: diffstat error: diffstat: /lib64/libc.so.6: version `GLIBC_2.33' not found (required by diffstat)
diffstat: /lib64/libc.so.6: version `GLIBC_2.34' not found (required by diffstat)

Error in commit db2e66c54311d720bffdf8abd0f7e16a88684fbd: diffstat error: diffstat: /lib64/libc.so.6: version `GLIBC_2.33' not found (required by diffstat)
diffstat: /lib64/libc.so.6: version `GLIBC_2.34' not found (required by diffstat)

Error in commit 193633b1648582444fc99776cd741d7ba0125e86: diffstat error: diffstat: /lib64/libc.so.6: version `GLIBC_2.33' not found (required by diffstat)
diffstat: /lib64/libc.so.6: version `GLIBC_2.34' not found (required by diffstat)

Error in commit 000fae55c24d353127e0225836fae59bfa07beb2: diffstat error: diffstat: /lib64/libc.so.6: version `GLIBC_2.33' not found (required by diffstat)
diffstat: /lib64/libc.so.6: version `GLIBC_2.34' not found (required by diffstat)

Error in commit 81a67395336bdf114dc3ffbf4321d39ae26fce05: diffstat error: diffstat: /lib64/libc.so.6: version `GLIBC_2.33' not found (required by diffstat)
diffstat: /lib64/libc.so.6: version `GLIBC_2.34' not found (required by diffstat)

Error in commit 8e9d6b38c036a97020c462ad48e1132e0ddc57ce: diffstat error: diffstat: /lib64/libc.so.6: version `GLIBC_2.33' not found (required by diffstat)
diffstat: /lib64/libc.so.6: version `GLIBC_2.34' not found (required by diffstat)

Error in commit 9a3f7ed905e525ebdcb14541e775211cbb0203bd: diffstat error: diffstat: /lib64/libc.so.6: version `GLIBC_2.33' not found (required by diffstat)
diffstat: /lib64/libc.so.6: version `GLIBC_2.34' not found (required by diffstat)

Error in commit 822861db016d9360d6a88a486d5db8d5936e66fa: diffstat error: diffstat: /lib64/libc.so.6: version `GLIBC_2.33' not found (required by diffstat)
diffstat: /lib64/libc.so.6: version `GLIBC_2.34' not found (required by diffstat)

Error in commit 1b712526ed3314dd6be7e8b0259eabda63c19537: diffstat error: diffstat: /lib64/libc.so.6: version `GLIBC_2.33' not found (required by diffstat)
diffstat: /lib64/libc.so.6: version `GLIBC_2.34' not found (required by diffstat)

Error in commit 9223c0ef532b4240bd30c5de4ddbbe2f6da8cf46: diffstat error: diffstat: /lib64/libc.so.6: version `GLIBC_2.33' not found (required by diffstat)
diffstat: /lib64/libc.so.6: version `GLIBC_2.34' not found (required by diffstat)

Error in commit 9f8053f46636e434ab578e786ce69457d13b9f20: diffstat error: diffstat: /lib64/libc.so.6: version `GLIBC_2.33' not found (required by diffstat)
diffstat: /lib64/libc.so.6: version `GLIBC_2.34' not found (required by diffstat)

Error in commit e9fe2b882bd5b26b987c9ba110c2222796f72af5: diffstat error: diffstat: /lib64/libc.so.6: version `GLIBC_2.33' not found (required by diffstat)
diffstat: /lib64/libc.so.6: version `GLIBC_2.34' not found (required by diffstat)

Error in commit 53d02438c187bd55148d16ff9a3e2c4c112aea5b: diffstat error: diffstat: /lib64/libc.so.6: version `GLIBC_2.33' not found (required by diffstat)
diffstat: /lib64/libc.so.6: version `GLIBC_2.34' not found (required by diffstat)

Error in commit 5e2ea2b13bd98f53e29964ca26bb0d602a8a12b9: diffstat error: diffstat: /lib64/libc.so.6: version `GLIBC_2.33' not found (required by diffstat)
diffstat: /lib64/libc.so.6: version `GLIBC_2.34' not found (required by diffstat)

Error in commit aec55359aaff7bc358d27c5b145d4a3801c26721: diffstat error: diffstat: /lib64/libc.so.6: version `GLIBC_2.33' not found (required by diffstat)
diffstat: /lib64/libc.so.6: version `GLIBC_2.34' not found (required by diffstat)

Error in commit 3e826f26d2ca0587d1474c0522b3bcdb622afa15: diffstat error: diffstat: /lib64/libc.so.6: version `GLIBC_2.33' not found (required by diffstat)
diffstat: /lib64/libc.so.6: version `GLIBC_2.34' not found (required by diffstat)

Error in commit 1a4f7972716e729d0eab1683c314004b77080882: diffstat error: diffstat: /lib64/libc.so.6: version `GLIBC_2.33' not found (required by diffstat)
diffstat: /lib64/libc.so.6: version `GLIBC_2.34' not found (required by diffstat)

Error in commit 24750d4b748fefa03d09fcfd6d45056faca354e0: diffstat error: diffstat: /lib64/libc.so.6: version `GLIBC_2.33' not found (required by diffstat)
diffstat: /lib64/libc.so.6: version `GLIBC_2.34' not found (required by diffstat)

Error in commit 9d2ee975ef9fe627bf0a6f01c1f69e8ef1d4f05d: SHA b'9d2ee975ef9fe627bf0a6f01c1f69e8ef1d4f05d' could not be resolved, git returned: b'9d2ee975ef9fe627bf0a6f01c1f69e8ef1d4f05d missing'
Error in commit 0f2d7e784a256b54b2385043438848047bc2a629: diffstat error: diffstat: /lib64/libc.so.6: version `GLIBC_2.33' not found (required by diffstat)
diffstat: /lib64/libc.so.6: version `GLIBC_2.34' not found (required by diffstat)

Error in commit 6dd44caa35b4697d7e8c1b9fa0ba8e95d73355de: diffstat error: diffstat: /lib64/libc.so.6: version `GLIBC_2.33' not found (required by diffstat)
diffstat: /lib64/libc.so.6: version `GLIBC_2.34' not found (required by diffstat)

Error in commit b7466e31e4bee160d82a68fca11b1f61d46debae: diffstat error: diffstat: /lib64/libc.so.6: version `GLIBC_2.33' not found (required by diffstat)
diffstat: /lib64/libc.so.6: version `GLIBC_2.34' not found (required by diffstat)

Error in commit e0327e1d508b8207c9150b6e582f0adf26213c39: diffstat error: diffstat: /lib64/libc.so.6: version `GLIBC_2.33' not found (required by diffstat)
diffstat: /lib64/libc.so.6: version `GLIBC_2.34' not found (required by diffstat)

Error in commit 843f9e6a123ed47ce139b421c14e7126f2ac685e: diffstat error: diffstat: /lib64/libc.so.6: version `GLIBC_2.33' not found (required by diffstat)
diffstat: /lib64/libc.so.6: version `GLIBC_2.34' not found (required by diffstat)

Error in commit 1a7b32de759939f82af2cf7e83471aff5d57c93d: diffstat error: diffstat: /lib64/libc.so.6: version `GLIBC_2.33' not found (required by diffstat)
diffstat: /lib64/libc.so.6: version `GLIBC_2.34' not found (required by diffstat)

Error in commit b58b5f2d61a60a387e2f786b01d69922fce6bdc0: diffstat error: diffstat: /lib64/libc.so.6: version `GLIBC_2.33' not found (required by diffstat)
diffstat: /lib64/libc.so.6: version `GLIBC_2.34' not found (required by diffstat)

Error in commit 978143b64660d4953fbece4af16e26974fc0becd: diffstat error: diffstat: /lib64/libc.so.6: version `GLIBC_2.33' not found (required by diffstat)
diffstat: /lib64/libc.so.6: version `GLIBC_2.34' not found (required by diffstat)

Error in commit 72a3bbd5e431597c3fdb56d752bc56b010ba3817: diffstat error: diffstat: /lib64/libc.so.6: version `GLIBC_2.33' not found (required by diffstat)
diffstat: /lib64/libc.so.6: version `GLIBC_2.34' not found (required by diffstat)

Error in commit 079a84803cb4d685fbe1997dbe4c9259766741d2: diffstat error: diffstat: /lib64/libc.so.6: version `GLIBC_2.33' not found (required by diffstat)
diffstat: /lib64/libc.so.6: version `GLIBC_2.34' not found (required by diffstat)

Error in commit 2cf0e6eec33f489cc8acf9d5b9da5c0d79f8fe93: diffstat error: diffstat: /lib64/libc.so.6: version `GLIBC_2.33' not found (required by diffstat)
diffstat: /lib64/libc.so.6: version `GLIBC_2.34' not found (required by diffstat)

Error in commit eb56ba1d477d3ab285e97a6a1a6727993fd6d6e2: diffstat error: diffstat: /lib64/libc.so.6: version `GLIBC_2.33' not found (required by diffstat)
diffstat: /lib64/libc.so.6: version `GLIBC_2.34' not found (required by diffstat)

Error in commit 38dbd87b98d96e81dab024d6e388b41a13c82682: diffstat error: diffstat: /lib64/libc.so.6: version `GLIBC_2.33' not found (required by diffstat)
diffstat: /lib64/libc.so.6: version `GLIBC_2.34' not found (required by diffstat)

Error in commit 44d5012fe1b98f9d40e27f45b619121433331cf7: diffstat error: diffstat: /lib64/libc.so.6: version `GLIBC_2.33' not found (required by diffstat)
diffstat: /lib64/libc.so.6: version `GLIBC_2.34' not found (required by diffstat)

Error in commit cefd391772529c8a9531d7b3c244d78d38be47c6: diffstat error: diffstat: /lib64/libc.so.6: version `GLIBC_2.33' not found (required by diffstat)
diffstat: /lib64/libc.so.6: version `GLIBC_2.34' not found (required by diffstat)

Error in commit 89ff0fcf1f4868fa11ce9b8e564aab35df2896a2: diffstat error: diffstat: /lib64/libc.so.6: version `GLIBC_2.33' not found (required by diffstat)
diffstat: /lib64/libc.so.6: version `GLIBC_2.34' not found (required by diffstat)

Error in commit 57a02565532c18eb9df972a3e8974be3ae59f2d5: diffstat error: diffstat: /lib64/libc.so.6: version `GLIBC_2.33' not found (required by diffstat)
diffstat: /lib64/libc.so.6: version `GLIBC_2.34' not found (required by diffstat)

Error in commit 00201ecd8f982da3b67d4f6868af72a1b03b14e0: diffstat error: diffstat: /lib64/libc.so.6: version `GLIBC_2.33' not found (required by diffstat)
diffstat: /lib64/libc.so.6: version `GLIBC_2.34' not found (required by diffstat)

Error in commit 392256e542ad4202360fb94c87c155309473aa6e: diffstat error: diffstat: /lib64/libc.so.6: version `GLIBC_2.33' not found (required by diffstat)
diffstat: /lib64/libc.so.6: version `GLIBC_2.34' not found (required by diffstat)

Error in commit ae19f43fe6e33b52ec0f480837557007d40a4863: diffstat error: diffstat: /lib64/libc.so.6: version `GLIBC_2.33' not found (required by diffstat)
diffstat: /lib64/libc.so.6: version `GLIBC_2.34' not found (required by diffstat)

Error in commit 76a7805e1f0d794946ab7d8c6d60454bd3f244a5: diffstat error: diffstat: /lib64/libc.so.6: version `GLIBC_2.33' not found (required by diffstat)
diffstat: /lib64/libc.so.6: version `GLIBC_2.34' not found (required by diffstat)

Error in commit 81df787b53eb5c6433731f6eaaf7f2a94d8a8c80: diffstat error: diffstat: /lib64/libc.so.6: version `GLIBC_2.33' not found (required by diffstat)
diffstat: /lib64/libc.so.6: version `GLIBC_2.34' not found (required by diffstat)

Error in commit b41ba5925a4e93d22a86c6501d63314ccf0d79f3: diffstat error: diffstat: /lib64/libc.so.6: version `GLIBC_2.33' not found (required by diffstat)
diffstat: /lib64/libc.so.6: version `GLIBC_2.34' not found (required by diffstat)

Error in commit 1a755d898ddc028cc818d0dd9d49d5acff4c44bf: diffstat error: diffstat: /lib64/libc.so.6: version `GLIBC_2.33' not found (required by diffstat)
diffstat: /lib64/libc.so.6: version `GLIBC_2.34' not found (required by diffstat)

Error in commit a50e4d16fc3beb675564dbf5728834ccb57f9e25: diffstat error: diffstat: /lib64/libc.so.6: version `GLIBC_2.33' not found (required by diffstat)
diffstat: /lib64/libc.so.6: version `GLIBC_2.34' not found (required by diffstat)

Error in commit 94553e85b68af4513a8ee89cd2a0d4e044d75139: diffstat error: diffstat: /lib64/libc.so.6: version `GLIBC_2.33' not found (required by diffstat)
diffstat: /lib64/libc.so.6: version `GLIBC_2.34' not found (required by diffstat)

Error in commit 1b74368b9b4c2dadb94a4774b5cb1fc15dba5a4d: diffstat error: diffstat: /lib64/libc.so.6: version `GLIBC_2.33' not found (required by diffstat)
diffstat: /lib64/libc.so.6: version `GLIBC_2.34' not found (required by diffstat)

Error in commit 311002baf288a225f62cf18a90c5fdd294447379: diffstat error: diffstat: /lib64/libc.so.6: version `GLIBC_2.33' not found (required by diffstat)
diffstat: /lib64/libc.so.6: version `GLIBC_2.34' not found (required by diffstat)

Error in commit 5357c10624bedaeed984ef4ff370096911ee2ddf: diffstat error: diffstat: /lib64/libc.so.6: version `GLIBC_2.33' not found (required by diffstat)
diffstat: /lib64/libc.so.6: version `GLIBC_2.34' not found (required by diffstat)

Error in commit c4e51a4cfe4d5320341ebb9e3b0965aa2003c467: diffstat error: diffstat: /lib64/libc.so.6: version `GLIBC_2.33' not found (required by diffstat)
diffstat: /lib64/libc.so.6: version `GLIBC_2.34' not found (required by diffstat)

Error in commit f411fe7d75197852f0e5ee85027a06d58dd8df4c: diffstat error: diffstat: /lib64/libc.so.6: version `GLIBC_2.33' not found (required by diffstat)
diffstat: /lib64/libc.so.6: version `GLIBC_2.34' not found (required by diffstat)

Error in commit 99fb785a5f85315b95288921a321a935ea29a51e: diffstat error: diffstat: /lib64/libc.so.6: version `GLIBC_2.33' not found (required by diffstat)
diffstat: /lib64/libc.so.6: version `GLIBC_2.34' not found (required by diffstat)

Error in commit 8e048be08242e3b42df045a56baf73e0ec3c644e: diffstat error: diffstat: /lib64/libc.so.6: version `GLIBC_2.33' not found (required by diffstat)
diffstat: /lib64/libc.so.6: version `GLIBC_2.34' not found (required by diffstat)

Error in commit 022469529c8bc95acf222dc5a62389b04c8b1205: diffstat error: diffstat: /lib64/libc.so.6: version `GLIBC_2.33' not found (required by diffstat)
diffstat: /lib64/libc.so.6: version `GLIBC_2.34' not found (required by diffstat)

Error in commit 7b878033f0ac3e6d02eae9b10a7b0b67832d759e: diffstat error: diffstat: /lib64/libc.so.6: version `GLIBC_2.33' not found (required by diffstat)
diffstat: /lib64/libc.so.6: version `GLIBC_2.34' not found (required by diffstat)

Error in commit 68e75c3091c87583c28a439b45c45627a94d622c: diffstat error: diffstat: /lib64/libc.so.6: version `GLIBC_2.33' not found (required by diffstat)
diffstat: /lib64/libc.so.6: version `GLIBC_2.34' not found (required by diffstat)

Error in commit d3515d80d451d16a4d47986ee2cd45130fc67ac4: diffstat error: diffstat: /lib64/libc.so.6: version `GLIBC_2.33' not found (required by diffstat)
diffstat: /lib64/libc.so.6: version `GLIBC_2.34' not found (required by diffstat)

Error in commit a253257cd298892da43e15201d83f9a02c9b58b5: diffstat error: diffstat: /lib64/libc.so.6: version `GLIBC_2.33' not found (required by diffstat)
diffstat: /lib64/libc.so.6: version `GLIBC_2.34' not found (required by diffstat)

Error in commit 2cdd1e1e5ae90d7c3a4b60ce2e36e4d609e44e72: SHA b'2cdd1e1e5ae90d7c3a4b60ce2e36e4d609e44e72' could not be resolved, git returned: b'2cdd1e1e5ae90d7c3a4b60ce2e36e4d609e44e72 missing'
Error in commit 6bd603f6836e9b38b9b937d3b78f3fbf36e7ff75: SHA b'6bd603f6836e9b38b9b937d3b78f3fbf36e7ff75' could not be resolved, git returned: b'6bd603f6836e9b38b9b937d3b78f3fbf36e7ff75 missing'
Error in commit 013ff63b649475f0ee134e2c8d0c8e65284ede50: diffstat error: diffstat: /lib64/libc.so.6: version `GLIBC_2.33' not found (required by diffstat)
diffstat: /lib64/libc.so.6: version `GLIBC_2.34' not found (required by diffstat)

Error in commit ec668115158903167fb8ad297ffc2b99b1b21044: diffstat error: diffstat: /lib64/libc.so.6: version `GLIBC_2.33' not found (required by diffstat)
diffstat: /lib64/libc.so.6: version `GLIBC_2.34' not found (required by diffstat)

Error in commit 92e4d638fb3432d93ca4d5871300332879a829ce: diffstat error: diffstat: /lib64/libc.so.6: version `GLIBC_2.33' not found (required by diffstat)
diffstat: /lib64/libc.so.6: version `GLIBC_2.34' not found (required by diffstat)

Error in commit a83992a1bec91661b2f0e1a6fc910343793a97f1: diffstat error: diffstat: /lib64/libc.so.6: version `GLIBC_2.33' not found (required by diffstat)
diffstat: /lib64/libc.so.6: version `GLIBC_2.34' not found (required by diffstat)

Error in commit f97afe1afe9603db67de497b0aa5a1f7be32f7da: diffstat error: diffstat: /lib64/libc.so.6: version `GLIBC_2.33' not found (required by diffstat)
diffstat: /lib64/libc.so.6: version `GLIBC_2.34' not found (required by diffstat)

Error in commit a70da5b3ecc3160368529677006801c58cb369db: diffstat error: diffstat: /lib64/libc.so.6: version `GLIBC_2.33' not found (required by diffstat)
diffstat: /lib64/libc.so.6: version `GLIBC_2.34' not found (required by diffstat)

Error in commit 50bf8d4d3064930d28ecf1ce3397b14574d514d2: SHA b'50bf8d4d3064930d28ecf1ce3397b14574d514d2' could not be resolved, git returned: b'50bf8d4d3064930d28ecf1ce3397b14574d514d2 missing'

Completed! Saved 0 commits to data/intermediate/churn_icvul.csv
Job finished: Wed Jun 10 18:35:03 CEST 2026
