Job started: Fri Jun 12 05:22:25 CEST 2026
Node: g217
CPUs allocated: 32
Recompiling diffstat on compute node...
rm -f *.o core *~ *.out *.err *.BAK *.atac
rm -f diffstat
rm -f diffstat.html
rm -f diffstat.pdf
rm -f diffstat.ps
rm -f diffstat.txt
checking build system type... x86_64-pc-linux-gnu
checking host system type... x86_64-pc-linux-gnu
Configuring for linux-gnu
checking for gcc... gcc
checking for C compiler default output... a.out
checking whether the C compiler works... yes
checking whether we are cross compiling... no
checking for executable suffix... 
checking for object suffix... o
checking whether we are using the GNU C compiler... yes
checking whether gcc accepts -g... yes
checking version of gcc... 8.5.0
checking if this is really Intel C compiler... no
checking if this is really Clang C compiler... no
checking for gcc option to accept ANSI C... none needed
checking $CFLAGS variable... ok
checking $CC variable... ok
checking for a BSD compatible install... /usr/bin/install -c
checking for lint... no
checking for cppcheck... no
checking for splint... no
checking if filesystem supports mixed-case filenames... yes
checking for exctags... no
checking for ctags... no
checking for exetags... no
checking for etags... etags
checking for ctags... no
checking for etags... yes
checking if you want to see long compiling messages... yes
checking target system type... x86_64-pc-linux-gnu
(cached) Configuring for linux-gnu
checking for install-prefix... no
checking for PATH separator... :
checking for bzcat... /fibus/fs2/02/cgk3480/.conda/envs/churn-env/bin/bzcat
checking for bzip2... /fibus/fs2/02/cgk3480/.conda/envs/churn-env/bin/bzip2
checking for compress... no
checking for compress... no
checking for gzip... /usr/bin/gzip
checking for gzip... /usr/bin/gzip
checking for lzcat... /fibus/fs2/02/cgk3480/.conda/envs/churn-env/bin/lzcat
checking for pcat... no
checking for pcat... no
checking for uncompress.real... no
checking for uncompress.real... no
checking for uncompress... no
checking for xz... /fibus/fs2/02/cgk3480/.conda/envs/churn-env/bin/xz
checking for zcat... /usr/bin/zcat
checking for zstd... no
checking for zstd... no
checking if the POSIX test-macros are already defined... no
checking if this is the GNU C library... yes
checking if _DEFAULT_SOURCE can be used as a basis... yes
checking if _XOPEN_SOURCE=500 works with _DEFAULT_SOURCE... yes
checking if _XOPEN_SOURCE really is set... yes
checking for ggrep... no
checking for grep... grep
checking for fgrep... grep -F
checking if you want to use C11 _Noreturn feature... no
checking if you want to check for gcc warnings... no
checking for an ANSI C-conforming const... yes
checking for egrep... grep -E
checking how to run the C preprocessor... gcc -E
checking for ANSI C header files... yes
checking for sys/types.h... yes
checking for sys/stat.h... yes
checking for stdlib.h... yes
checking for string.h... yes
checking for memory.h... yes
checking for strings.h... yes
checking for inttypes.h... yes
checking for stdint.h... yes
checking for unistd.h... yes
checking whether exit is declared... yes
checking for ioctl.h... no
checking for search.h... yes
checking for sys/ioctl.h... yes
checking for size_t... yes
checking for setlocale()... yes
checking for mkdtemp... yes
checking for opendir... yes
checking for strdup... yes
checking for tsearch... yes
checking for lstat... yes 
checking for getopt.h... yes
checking for header declaring getopt variables... unistd.h
checking for getopt... yes
checking for popen... yes
checking for conflicting prototype for popen... yes
checking for mbsrtowcs and wcwidth... yes
checking for getc_unlocked... yes
checking if we should define _REENTRANT... no
checking for nonconflicting termios.h... yes
checking for groff... /usr/bin/groff
checking for nroff... /usr/bin/nroff
checking for tbl... /usr/bin/tbl
checking for man2html... /usr/bin/man2html
checking for the modified Earl Hood script... no
checking for program to convert manpage to html... /usr/bin/groff
checking if you want to use dmalloc for testing... no
checking if you want to use dbmalloc for testing... no
checking if you want to use valgrind for testing... no
checking if you want to perform memory-leak testing... no
configure: creating ./config.status
config.status: creating makefile
config.status: creating config.h
config.status: config.h is unchanged
gcc -c -I. -I. -DHAVE_CONFIG_H -D_DEFAULT_SOURCE -D_XOPEN_SOURCE=500 -g -O2  diffstat.c
gcc  -o diffstat diffstat.o  
mkdir -p /fibus/fs2/02/cgk3480/.conda/envs/churn-env/bin /fibus/fs2/02/cgk3480/.conda/envs/churn-env/share/man/man1
/usr/bin/install -c diffstat /fibus/fs2/02/cgk3480/.conda/envs/churn-env/bin/diffstat
/usr/bin/install -c -m 644 ./diffstat.1 /fibus/fs2/02/cgk3480/.conda/envs/churn-env/share/man/man1/diffstat.1
diffstat: /fibus/fs2/02/cgk3480/.conda/envs/churn-env/bin/diffstat
diffstat version: diffstat version 1.68
Processing chunk 8/10 (12,467 commits)
Using 32 pre-existing worker repos
Spawning 32 workers across 12467 commits (~390 each)
Worker linux_worker_0: 0/390 (0.0%)
Worker linux_worker_1: 0/390 (0.0%)
Worker linux_worker_2: 0/390 (0.0%)
Worker linux_worker_3: 0/390 (0.0%)
Worker linux_worker_4: 0/390 (0.0%)
Worker linux_worker_5: 0/390 (0.0%)
Worker linux_worker_6: 0/390 (0.0%)
Worker linux_worker_7: 0/390 (0.0%)
Worker linux_worker_8: 0/390 (0.0%)
Worker linux_worker_9: 0/390 (0.0%)
Worker linux_worker_10: 0/390 (0.0%)
Worker linux_worker_11: 0/390 (0.0%)
Worker linux_worker_12: 0/390 (0.0%)
Worker linux_worker_13: 0/390 (0.0%)
Worker linux_worker_14: 0/390 (0.0%)
Worker linux_worker_15: 0/390 (0.0%)
Worker linux_worker_16: 0/390 (0.0%)
Worker linux_worker_17: 0/390 (0.0%)
Worker linux_worker_18: 0/390 (0.0%)
Worker linux_worker_19: 0/389 (0.0%)
Worker linux_worker_20: 0/389 (0.0%)
Worker linux_worker_21: 0/389 (0.0%)
Worker linux_worker_22: 0/389 (0.0%)
Worker linux_worker_23: 0/389 (0.0%)
Worker linux_worker_24: 0/389 (0.0%)
Worker linux_worker_25: 0/389 (0.0%)
Worker linux_worker_26: 0/389 (0.0%)
Worker linux_worker_27: 0/389 (0.0%)
Worker linux_worker_28: 0/389 (0.0%)
Worker linux_worker_29: 0/389 (0.0%)
Worker linux_worker_30: 0/389 (0.0%)
Worker linux_worker_31: 0/389 (0.0%)
Worker linux_worker_2: 5/390 (1.3%)
Worker linux_worker_14: 5/390 (1.3%)
Worker linux_worker_3: 5/390 (1.3%)
Worker linux_worker_7: 5/390 (1.3%)
Worker linux_worker_1: 5/390 (1.3%)
Worker linux_worker_29: 5/389 (1.3%)
Worker linux_worker_18: 5/390 (1.3%)
Worker linux_worker_11: 5/390 (1.3%)
Worker linux_worker_6: 5/390 (1.3%)
Worker linux_worker_9: 5/390 (1.3%)
Worker linux_worker_13: 5/390 (1.3%)
Worker linux_worker_5: 5/390 (1.3%)
Worker linux_worker_19: 5/389 (1.3%)
Worker linux_worker_8: 5/390 (1.3%)
Worker linux_worker_15: 5/390 (1.3%)
Worker linux_worker_23: 5/389 (1.3%)
Worker linux_worker_20: 5/389 (1.3%)
Worker linux_worker_22: 5/389 (1.3%)
Worker linux_worker_25: 5/389 (1.3%)
Worker linux_worker_0: 5/390 (1.3%)
Worker linux_worker_12: 5/390 (1.3%)
Worker linux_worker_21: 5/389 (1.3%)
Worker linux_worker_10: 5/390 (1.3%)
Worker linux_worker_4: 5/390 (1.3%)
Worker linux_worker_27: 5/389 (1.3%)
Worker linux_worker_30: 5/389 (1.3%)
Worker linux_worker_26: 5/389 (1.3%)
Worker linux_worker_31: 5/389 (1.3%)
Worker linux_worker_17: 5/390 (1.3%)
Worker linux_worker_28: 5/389 (1.3%)
Worker linux_worker_16: 5/390 (1.3%)
Worker linux_worker_24: 5/389 (1.3%)
Worker linux_worker_3: 10/390 (2.6%)
Worker linux_worker_29: 10/389 (2.6%)
Worker linux_worker_7: 10/390 (2.6%)
Worker linux_worker_18: 10/390 (2.6%)
Worker linux_worker_1: 10/390 (2.6%)
Worker linux_worker_11: 10/390 (2.6%)
Worker linux_worker_13: 10/390 (2.6%)
Worker linux_worker_6: 10/390 (2.6%)
Worker linux_worker_15: 10/390 (2.6%)
Worker linux_worker_5: 10/390 (2.6%)
Worker linux_worker_9: 10/390 (2.6%)
Worker linux_worker_19: 10/389 (2.6%)
Worker linux_worker_23: 10/389 (2.6%)
Worker linux_worker_8: 10/390 (2.6%)
Worker linux_worker_14: 10/390 (2.6%)
Worker linux_worker_2: 10/390 (2.6%)
Worker linux_worker_4: 10/390 (2.6%)
Worker linux_worker_22: 10/389 (2.6%)
Worker linux_worker_20: 10/389 (2.6%)
Worker linux_worker_25: 10/389 (2.6%)
Worker linux_worker_0: 10/390 (2.6%)
Worker linux_worker_21: 10/389 (2.6%)
Worker linux_worker_12: 10/390 (2.6%)
Worker linux_worker_27: 10/389 (2.6%)
Worker linux_worker_10: 10/390 (2.6%)
Worker linux_worker_30: 10/389 (2.6%)
Worker linux_worker_26: 10/389 (2.6%)
Worker linux_worker_16: 10/390 (2.6%)
Worker linux_worker_24: 10/389 (2.6%)
Worker linux_worker_31: 10/389 (2.6%)
Worker linux_worker_28: 10/389 (2.6%)
Worker linux_worker_17: 10/390 (2.6%)
Worker linux_worker_18: 15/390 (3.8%)
Worker linux_worker_19: 15/389 (3.9%)
Worker linux_worker_3: 15/390 (3.8%)
Worker linux_worker_14: 15/390 (3.8%)
Worker linux_worker_1: 15/390 (3.8%)
Worker linux_worker_7: 15/390 (3.8%)
Worker linux_worker_29: 15/389 (3.9%)
Worker linux_worker_11: 15/390 (3.8%)
Worker linux_worker_13: 15/390 (3.8%)
Worker linux_worker_6: 15/390 (3.8%)
Worker linux_worker_9: 15/390 (3.8%)
Worker linux_worker_15: 15/390 (3.8%)
Worker linux_worker_5: 15/390 (3.8%)
Worker linux_worker_8: 15/390 (3.8%)
Worker linux_worker_23: 15/389 (3.9%)
Worker linux_worker_22: 15/389 (3.9%)
Worker linux_worker_20: 15/389 (3.9%)
Worker linux_worker_25: 15/389 (3.9%)
Worker linux_worker_4: 15/390 (3.8%)
Worker linux_worker_2: 15/390 (3.8%)
Worker linux_worker_21: 15/389 (3.9%)
Worker linux_worker_0: 15/390 (3.8%)
Worker linux_worker_12: 15/390 (3.8%)
Worker linux_worker_16: 15/390 (3.8%)
Worker linux_worker_30: 15/389 (3.9%)
Worker linux_worker_10: 15/390 (3.8%)
Worker linux_worker_31: 15/389 (3.9%)
Worker linux_worker_17: 15/390 (3.8%)
Worker linux_worker_27: 15/389 (3.9%)
Worker linux_worker_28: 15/389 (3.9%)
Worker linux_worker_26: 15/389 (3.9%)
Worker linux_worker_24: 15/389 (3.9%)
Worker linux_worker_18: 20/390 (5.1%)
Worker linux_worker_19: 20/389 (5.1%)
Worker linux_worker_3: 20/390 (5.1%)
Worker linux_worker_1: 20/390 (5.1%)
Worker linux_worker_6: 20/390 (5.1%)
Worker linux_worker_11: 20/390 (5.1%)
Worker linux_worker_7: 20/390 (5.1%)
Worker linux_worker_29: 20/389 (5.1%)
Worker linux_worker_13: 20/390 (5.1%)
Worker linux_worker_9: 20/390 (5.1%)
Worker linux_worker_15: 20/390 (5.1%)
Worker linux_worker_23: 20/389 (5.1%)
Worker linux_worker_8: 20/390 (5.1%)
Worker linux_worker_5: 20/390 (5.1%)
Worker linux_worker_14: 20/390 (5.1%)
Worker linux_worker_20: 20/389 (5.1%)
Worker linux_worker_21: 20/389 (5.1%)
Worker linux_worker_25: 20/389 (5.1%)
Worker linux_worker_16: 20/390 (5.1%)
Worker linux_worker_2: 20/390 (5.1%)
Worker linux_worker_12: 20/390 (5.1%)
Worker linux_worker_4: 20/390 (5.1%)
Worker linux_worker_0: 20/390 (5.1%)
Worker linux_worker_22: 20/389 (5.1%)
Worker linux_worker_30: 20/389 (5.1%)
Worker linux_worker_10: 20/390 (5.1%)
Worker linux_worker_31: 20/389 (5.1%)
Worker linux_worker_24: 20/389 (5.1%)
Worker linux_worker_27: 20/389 (5.1%)
Worker linux_worker_28: 20/389 (5.1%)
Worker linux_worker_17: 20/390 (5.1%)
Worker linux_worker_26: 20/389 (5.1%)
Worker linux_worker_18: 25/390 (6.4%)
Worker linux_worker_19: 25/389 (6.4%)
Worker linux_worker_7: 25/390 (6.4%)
Worker linux_worker_3: 25/390 (6.4%)
Worker linux_worker_1: 25/390 (6.4%)
Worker linux_worker_11: 25/390 (6.4%)
Worker linux_worker_13: 25/390 (6.4%)
Worker linux_worker_6: 25/390 (6.4%)
Worker linux_worker_15: 25/390 (6.4%)
Worker linux_worker_23: 25/389 (6.4%)
Worker linux_worker_9: 25/390 (6.4%)
Worker linux_worker_29: 25/389 (6.4%)
Worker linux_worker_5: 25/390 (6.4%)
Worker linux_worker_8: 25/390 (6.4%)
Worker linux_worker_14: 25/390 (6.4%)
Worker linux_worker_20: 25/389 (6.4%)
Worker linux_worker_21: 25/389 (6.4%)
Worker linux_worker_12: 25/390 (6.4%)
Worker linux_worker_16: 25/390 (6.4%)
Worker linux_worker_4: 25/390 (6.4%)
Worker linux_worker_22: 25/389 (6.4%)
Worker linux_worker_2: 25/390 (6.4%)
Worker linux_worker_30: 25/389 (6.4%)
Worker linux_worker_0: 25/390 (6.4%)
Worker linux_worker_10: 25/390 (6.4%)
Worker linux_worker_25: 25/389 (6.4%)
Worker linux_worker_17: 25/390 (6.4%)
Worker linux_worker_28: 25/389 (6.4%)
Worker linux_worker_31: 25/389 (6.4%)
Worker linux_worker_26: 25/389 (6.4%)
Worker linux_worker_24: 25/389 (6.4%)
Worker linux_worker_27: 25/389 (6.4%)
Worker linux_worker_19: 30/389 (7.7%)
Worker linux_worker_18: 30/390 (7.7%)
Worker linux_worker_7: 30/390 (7.7%)
Worker linux_worker_3: 30/390 (7.7%)
Worker linux_worker_1: 30/390 (7.7%)
Worker linux_worker_15: 30/390 (7.7%)
Worker linux_worker_29: 30/389 (7.7%)
Worker linux_worker_11: 30/390 (7.7%)
Worker linux_worker_9: 30/390 (7.7%)
Worker linux_worker_5: 30/390 (7.7%)
Worker linux_worker_8: 30/390 (7.7%)
Worker linux_worker_6: 30/390 (7.7%)
Worker linux_worker_23: 30/389 (7.7%)
Worker linux_worker_13: 30/390 (7.7%)
Worker linux_worker_14: 30/390 (7.7%)
Worker linux_worker_20: 30/389 (7.7%)
Worker linux_worker_21: 30/389 (7.7%)
Worker linux_worker_22: 30/389 (7.7%)
Worker linux_worker_12: 30/390 (7.7%)
Worker linux_worker_25: 30/389 (7.7%)
Worker linux_worker_16: 30/390 (7.7%)
Worker linux_worker_0: 30/390 (7.7%)
Worker linux_worker_2: 30/390 (7.7%)
Worker linux_worker_30: 30/389 (7.7%)
Worker linux_worker_10: 30/390 (7.7%)
Worker linux_worker_4: 30/390 (7.7%)
Worker linux_worker_19: 35/389 (9.0%)
Worker linux_worker_17: 30/390 (7.7%)
Worker linux_worker_31: 30/389 (7.7%)
Worker linux_worker_28: 30/389 (7.7%)
Worker linux_worker_26: 30/389 (7.7%)
Worker linux_worker_27: 30/389 (7.7%)
Worker linux_worker_24: 30/389 (7.7%)
Worker linux_worker_7: 35/390 (9.0%)
Worker linux_worker_18: 35/390 (9.0%)
Worker linux_worker_3: 35/390 (9.0%)
Worker linux_worker_1: 35/390 (9.0%)
Worker linux_worker_15: 35/390 (9.0%)
Worker linux_worker_29: 35/389 (9.0%)
Worker linux_worker_11: 35/390 (9.0%)
Worker linux_worker_9: 35/390 (9.0%)
Worker linux_worker_6: 35/390 (9.0%)
Worker linux_worker_8: 35/390 (9.0%)
Worker linux_worker_13: 35/390 (9.0%)
Worker linux_worker_5: 35/390 (9.0%)
Worker linux_worker_23: 35/389 (9.0%)
Worker linux_worker_20: 35/389 (9.0%)
Worker linux_worker_14: 35/390 (9.0%)
Worker linux_worker_10: 35/390 (9.0%)
Worker linux_worker_21: 35/389 (9.0%)
Worker linux_worker_22: 35/389 (9.0%)
Worker linux_worker_12: 35/390 (9.0%)
Worker linux_worker_19: 40/389 (10.3%)
Worker linux_worker_23: 40/389 (10.3%)
Worker linux_worker_4: 35/390 (9.0%)
Worker linux_worker_25: 35/389 (9.0%)
Worker linux_worker_30: 35/389 (9.0%)
Worker linux_worker_16: 35/390 (9.0%)
Worker linux_worker_0: 35/390 (9.0%)
Worker linux_worker_2: 35/390 (9.0%)
Worker linux_worker_17: 35/390 (9.0%)
Worker linux_worker_31: 35/389 (9.0%)
Worker linux_worker_28: 35/389 (9.0%)
Worker linux_worker_26: 35/389 (9.0%)
Worker linux_worker_18: 40/390 (10.3%)
Worker linux_worker_7: 40/390 (10.3%)
Worker linux_worker_3: 40/390 (10.3%)
Worker linux_worker_1: 40/390 (10.3%)
Worker linux_worker_24: 35/389 (9.0%)
Worker linux_worker_27: 35/389 (9.0%)
Worker linux_worker_15: 40/390 (10.3%)
Worker linux_worker_11: 40/390 (10.3%)
Worker linux_worker_29: 40/389 (10.3%)
Worker linux_worker_9: 40/390 (10.3%)
Worker linux_worker_6: 40/390 (10.3%)
Worker linux_worker_8: 40/390 (10.3%)
Worker linux_worker_5: 40/390 (10.3%)
Worker linux_worker_13: 40/390 (10.3%)
Worker linux_worker_20: 40/389 (10.3%)
Worker linux_worker_14: 40/390 (10.3%)
Worker linux_worker_23: 45/389 (11.6%)
Worker linux_worker_21: 40/389 (10.3%)
Worker linux_worker_10: 40/390 (10.3%)
Worker linux_worker_19: 45/389 (11.6%)
Worker linux_worker_12: 40/390 (10.3%)
Worker linux_worker_22: 40/389 (10.3%)
Worker linux_worker_4: 40/390 (10.3%)
Worker linux_worker_7: 45/390 (11.5%)
Worker linux_worker_3: 45/390 (11.5%)
Worker linux_worker_30: 40/389 (10.3%)
Worker linux_worker_31: 40/389 (10.3%)
Worker linux_worker_2: 40/390 (10.3%)
Worker linux_worker_17: 40/390 (10.3%)
Worker linux_worker_0: 40/390 (10.3%)
Worker linux_worker_16: 40/390 (10.3%)
Worker linux_worker_25: 40/389 (10.3%)
Worker linux_worker_26: 40/389 (10.3%)
Worker linux_worker_1: 45/390 (11.5%)
Worker linux_worker_28: 40/389 (10.3%)
Worker linux_worker_15: 45/390 (11.5%)
Worker linux_worker_9: 45/390 (11.5%)
Worker linux_worker_29: 45/389 (11.6%)
Worker linux_worker_13: 45/390 (11.5%)
Worker linux_worker_18: 45/390 (11.5%)
Worker linux_worker_6: 45/390 (11.5%)
Worker linux_worker_11: 45/390 (11.5%)
Worker linux_worker_27: 40/389 (10.3%)
Worker linux_worker_24: 40/389 (10.3%)
Worker linux_worker_5: 45/390 (11.5%)
Worker linux_worker_8: 45/390 (11.5%)
Worker linux_worker_23: 50/389 (12.9%)
Worker linux_worker_14: 45/390 (11.5%)
Worker linux_worker_19: 50/389 (12.9%)
Worker linux_worker_22: 45/389 (11.6%)
Worker linux_worker_31: 45/389 (11.6%)
Worker linux_worker_21: 45/389 (11.6%)
Worker linux_worker_20: 45/389 (11.6%)
Worker linux_worker_12: 45/390 (11.5%)
Worker linux_worker_10: 45/390 (11.5%)
Worker linux_worker_4: 45/390 (11.5%)
Worker linux_worker_3: 50/390 (12.8%)
Worker linux_worker_7: 50/390 (12.8%)
Worker linux_worker_1: 50/390 (12.8%)
Worker linux_worker_15: 50/390 (12.8%)
Worker linux_worker_25: 45/389 (11.6%)
Worker linux_worker_16: 45/390 (11.5%)
Worker linux_worker_26: 45/389 (11.6%)
Worker linux_worker_30: 45/389 (11.6%)
Worker linux_worker_2: 45/390 (11.5%)
Worker linux_worker_17: 45/390 (11.5%)
Worker linux_worker_29: 50/389 (12.9%)
Worker linux_worker_9: 50/390 (12.8%)
Worker linux_worker_28: 45/389 (11.6%)
Worker linux_worker_24: 45/389 (11.6%)
Worker linux_worker_0: 45/390 (11.5%)
Worker linux_worker_13: 50/390 (12.8%)
Worker linux_worker_18: 50/390 (12.8%)
Worker linux_worker_6: 50/390 (12.8%)
Worker linux_worker_11: 50/390 (12.8%)
Worker linux_worker_27: 45/389 (11.6%)
Worker linux_worker_8: 50/390 (12.8%)
Worker linux_worker_5: 50/390 (12.8%)
Worker linux_worker_23: 55/389 (14.1%)
Worker linux_worker_19: 55/389 (14.1%)
Worker linux_worker_14: 50/390 (12.8%)
Worker linux_worker_7: 55/390 (14.1%)
Worker linux_worker_3: 55/390 (14.1%)
Worker linux_worker_22: 50/389 (12.9%)
Worker linux_worker_31: 50/389 (12.9%)
Worker linux_worker_20: 50/389 (12.9%)
Worker linux_worker_10: 50/390 (12.8%)
Worker linux_worker_21: 50/389 (12.9%)
Worker linux_worker_12: 50/390 (12.8%)
Worker linux_worker_4: 50/390 (12.8%)
Worker linux_worker_1: 55/390 (14.1%)
Worker linux_worker_15: 55/390 (14.1%)
Worker linux_worker_9: 55/390 (14.1%)
Worker linux_worker_29: 55/389 (14.1%)
Worker linux_worker_13: 55/390 (14.1%)
Worker linux_worker_26: 50/389 (12.9%)
Worker linux_worker_16: 50/390 (12.8%)
Worker linux_worker_17: 50/390 (12.8%)
Worker linux_worker_25: 50/389 (12.9%)
Worker linux_worker_30: 50/389 (12.9%)
Worker linux_worker_2: 50/390 (12.8%)
Worker linux_worker_18: 55/390 (14.1%)
Worker linux_worker_5: 55/390 (14.1%)
Worker linux_worker_11: 55/390 (14.1%)
Worker linux_worker_28: 50/389 (12.9%)
Worker linux_worker_6: 55/390 (14.1%)
Worker linux_worker_24: 50/389 (12.9%)
Worker linux_worker_0: 50/390 (12.8%)
Worker linux_worker_8: 55/390 (14.1%)
Worker linux_worker_27: 50/389 (12.9%)
Worker linux_worker_23: 60/389 (15.4%)
Worker linux_worker_19: 60/389 (15.4%)
Worker linux_worker_14: 55/390 (14.1%)
Worker linux_worker_7: 60/390 (15.4%)
Worker linux_worker_3: 60/390 (15.4%)
Worker linux_worker_1: 60/390 (15.4%)
Worker linux_worker_31: 55/389 (14.1%)
Worker linux_worker_22: 55/389 (14.1%)
Worker linux_worker_21: 55/389 (14.1%)
Worker linux_worker_20: 55/389 (14.1%)
Worker linux_worker_4: 55/390 (14.1%)
Worker linux_worker_10: 55/390 (14.1%)
Worker linux_worker_12: 55/390 (14.1%)
Worker linux_worker_15: 60/390 (15.4%)
Worker linux_worker_11: 60/390 (15.4%)
Worker linux_worker_6: 60/390 (15.4%)
Worker linux_worker_29: 60/389 (15.4%)
Worker linux_worker_9: 60/390 (15.4%)
Worker linux_worker_13: 60/390 (15.4%)
Worker linux_worker_5: 60/390 (15.4%)
Worker linux_worker_18: 60/390 (15.4%)
Worker linux_worker_26: 55/389 (14.1%)
Worker linux_worker_16: 55/390 (14.1%)
Worker linux_worker_2: 55/390 (14.1%)
Worker linux_worker_25: 55/389 (14.1%)
Worker linux_worker_17: 55/390 (14.1%)
Worker linux_worker_30: 55/389 (14.1%)
Worker linux_worker_24: 55/389 (14.1%)
Worker linux_worker_28: 55/389 (14.1%)
Worker linux_worker_0: 55/390 (14.1%)
Worker linux_worker_8: 60/390 (15.4%)
Worker linux_worker_27: 55/389 (14.1%)
Worker linux_worker_23: 65/389 (16.7%)
Worker linux_worker_19: 65/389 (16.7%)
Worker linux_worker_9: 65/390 (16.7%)
Worker linux_worker_3: 65/390 (16.7%)
Worker linux_worker_7: 65/390 (16.7%)
Worker linux_worker_14: 60/390 (15.4%)
Worker linux_worker_18: 65/390 (16.7%)
Worker linux_worker_1: 65/390 (16.7%)
Worker linux_worker_11: 65/390 (16.7%)
Worker linux_worker_6: 65/390 (16.7%)
Worker linux_worker_26: 60/389 (15.4%)
Worker linux_worker_15: 65/390 (16.7%)
Worker linux_worker_22: 60/389 (15.4%)
Worker linux_worker_31: 60/389 (15.4%)
Worker linux_worker_16: 60/390 (15.4%)
Worker linux_worker_29: 65/389 (16.7%)
Worker linux_worker_25: 60/389 (15.4%)
Worker linux_worker_13: 65/390 (16.7%)
Worker linux_worker_21: 60/389 (15.4%)
Worker linux_worker_20: 60/389 (15.4%)
Worker linux_worker_4: 60/390 (15.4%)
Worker linux_worker_10: 60/390 (15.4%)
Worker linux_worker_12: 60/390 (15.4%)
Worker linux_worker_5: 65/390 (16.7%)
Worker linux_worker_17: 60/390 (15.4%)
Worker linux_worker_30: 60/389 (15.4%)
Worker linux_worker_2: 60/390 (15.4%)
Worker linux_worker_28: 60/389 (15.4%)
Worker linux_worker_0: 60/390 (15.4%)
Worker linux_worker_24: 60/389 (15.4%)
Worker linux_worker_8: 65/390 (16.7%)
Worker linux_worker_27: 60/389 (15.4%)
Worker linux_worker_23: 70/389 (18.0%)
Worker linux_worker_19: 70/389 (18.0%)
Worker linux_worker_9: 70/390 (17.9%)
Worker linux_worker_7: 70/390 (17.9%)
Worker linux_worker_3: 70/390 (17.9%)
Worker linux_worker_18: 70/390 (17.9%)
Worker linux_worker_1: 70/390 (17.9%)
Worker linux_worker_6: 70/390 (17.9%)
Worker linux_worker_14: 65/390 (16.7%)
Worker linux_worker_11: 70/390 (17.9%)
Worker linux_worker_26: 65/389 (16.7%)
Worker linux_worker_22: 65/389 (16.7%)
Worker linux_worker_25: 65/389 (16.7%)
Worker linux_worker_16: 65/390 (16.7%)
Worker linux_worker_5: 70/390 (17.9%)
Worker linux_worker_12: 65/390 (16.7%)
Worker linux_worker_4: 65/390 (16.7%)
Worker linux_worker_10: 65/390 (16.7%)
Worker linux_worker_17: 65/390 (16.7%)
Worker linux_worker_2: 65/390 (16.7%)
Worker linux_worker_28: 65/389 (16.7%)
Worker linux_worker_0: 65/390 (16.7%)
Worker linux_worker_27: 65/389 (16.7%)
Worker linux_worker_23: 75/389 (19.3%)
Worker linux_worker_19: 75/389 (19.3%)
Worker linux_worker_7: 75/390 (19.2%)
Worker linux_worker_11: 75/390 (19.2%)
Worker linux_worker_1: 75/390 (19.2%)
Worker linux_worker_6: 75/390 (19.2%)
Worker linux_worker_14: 70/390 (17.9%)
Worker linux_worker_22: 70/389 (18.0%)
Worker linux_worker_16: 70/390 (17.9%)
Worker linux_worker_25: 70/389 (18.0%)
Worker linux_worker_10: 70/390 (17.9%)
Worker linux_worker_4: 70/390 (17.9%)
Worker linux_worker_18: 75/390 (19.2%)
Worker linux_worker_3: 75/390 (19.2%)
Timeout on commit ee7998c50c2697737c6530431709f77c852bf0d6, skipping
Worker linux_worker_31: 65/389 (16.7%)
Worker linux_worker_19: 80/389 (20.6%)
Worker linux_worker_7: 80/390 (20.5%)
Worker linux_worker_9: 75/390 (19.2%)
Worker linux_worker_2: 70/390 (17.9%)
Worker linux_worker_28: 70/389 (18.0%)
Timeout on commit ec868e4ee2bcebb9e4c03979d90e0ac0b79fe05a, skipping
Worker linux_worker_30: 65/389 (16.7%)
Worker linux_worker_26: 70/389 (18.0%)
Worker linux_worker_6: 80/390 (20.5%)
Worker linux_worker_1: 80/390 (20.5%)
Timeout on commit 4df942733fd26d9378a4a00619be348c771e0190, skipping
Worker linux_worker_20: 65/389 (16.7%)
Worker linux_worker_11: 80/390 (20.5%)
Timeout on commit 3ea3091f1bd8586125848c62be295910e9802af0, skipping
Worker linux_worker_21: 65/389 (16.7%)
Worker linux_worker_27: 70/389 (18.0%)
Timeout on commit 9c4567fa0a44e3733f49f93a2197d9907b836d4a, skipping
Worker linux_worker_15: 70/390 (17.9%)
Timeout on commit 4d5f2051cd24adc19a645e920344e05afe8d69b9, skipping
Worker linux_worker_8: 70/390 (17.9%)
Timeout on commit e9293c982d88b2d859e26ec42b72c06f20235315, skipping
Worker linux_worker_13: 70/390 (17.9%)
Timeout on commit 5f25abec8f21b7527c1223a354d23c270befddb3, skipping
Worker linux_worker_29: 70/389 (18.0%)
Worker linux_worker_16: 75/390 (19.2%)
Worker linux_worker_25: 75/389 (19.3%)
Worker linux_worker_10: 75/390 (19.2%)
Worker linux_worker_4: 75/390 (19.2%)
Worker linux_worker_5: 75/390 (19.2%)
Worker linux_worker_23: 80/389 (20.6%)
Worker linux_worker_22: 75/389 (19.3%)
Worker linux_worker_18: 80/390 (20.5%)
Worker linux_worker_3: 80/390 (20.5%)
Worker linux_worker_17: 70/390 (17.9%)
Worker linux_worker_14: 75/390 (19.2%)
Worker linux_worker_12: 70/390 (17.9%)
Timeout on commit 9463b64d1a34fc4d18f9de63f07b2400c86f8da8, skipping
Worker linux_worker_24: 65/389 (16.7%)
Worker linux_worker_31: 70/389 (18.0%)
Worker linux_worker_19: 85/389 (21.9%)
Worker linux_worker_7: 85/390 (21.8%)
Worker linux_worker_0: 70/390 (17.9%)
Worker linux_worker_9: 80/390 (20.5%)
Worker linux_worker_2: 75/390 (19.2%)
Worker linux_worker_28: 75/389 (19.3%)
Worker linux_worker_30: 70/389 (18.0%)
Worker linux_worker_6: 85/390 (21.8%)
Worker linux_worker_26: 75/389 (19.3%)
Worker linux_worker_1: 85/390 (21.8%)
Worker linux_worker_11: 85/390 (21.8%)
Worker linux_worker_20: 70/389 (18.0%)
Worker linux_worker_21: 70/389 (18.0%)
Worker linux_worker_13: 75/390 (19.2%)
Worker linux_worker_15: 75/390 (19.2%)
Worker linux_worker_8: 75/390 (19.2%)
Worker linux_worker_27: 75/389 (19.3%)
Worker linux_worker_29: 75/389 (19.3%)
Worker linux_worker_10: 80/390 (20.5%)
Worker linux_worker_16: 80/390 (20.5%)
Worker linux_worker_25: 80/389 (20.6%)
Worker linux_worker_4: 80/390 (20.5%)
Worker linux_worker_5: 80/390 (20.5%)
Worker linux_worker_23: 85/389 (21.9%)
Worker linux_worker_18: 85/390 (21.8%)
Worker linux_worker_3: 85/390 (21.8%)
Worker linux_worker_22: 80/389 (20.6%)
Worker linux_worker_17: 75/390 (19.2%)
Worker linux_worker_14: 80/390 (20.5%)
Worker linux_worker_12: 75/390 (19.2%)
Worker linux_worker_24: 70/389 (18.0%)
Worker linux_worker_7: 90/390 (23.1%)
Worker linux_worker_19: 90/389 (23.1%)
Worker linux_worker_31: 75/389 (19.3%)
Worker linux_worker_0: 75/390 (19.2%)
Worker linux_worker_9: 85/390 (21.8%)
Worker linux_worker_2: 80/390 (20.5%)
Worker linux_worker_6: 90/390 (23.1%)
Worker linux_worker_28: 80/389 (20.6%)
Worker linux_worker_13: 80/390 (20.5%)
Worker linux_worker_30: 75/389 (19.3%)
Worker linux_worker_1: 90/390 (23.1%)
Worker linux_worker_26: 80/389 (20.6%)
Worker linux_worker_11: 90/390 (23.1%)
Worker linux_worker_20: 75/389 (19.3%)
Worker linux_worker_29: 80/389 (20.6%)
Worker linux_worker_8: 80/390 (20.5%)
Worker linux_worker_15: 80/390 (20.5%)
Worker linux_worker_21: 75/389 (19.3%)
Worker linux_worker_27: 80/389 (20.6%)
Worker linux_worker_10: 85/390 (21.8%)
Worker linux_worker_17: 80/390 (20.5%)
Worker linux_worker_23: 90/389 (23.1%)
Worker linux_worker_5: 85/390 (21.8%)
Worker linux_worker_16: 85/390 (21.8%)
Worker linux_worker_4: 85/390 (21.8%)
Worker linux_worker_25: 85/389 (21.9%)
Worker linux_worker_18: 90/390 (23.1%)
Worker linux_worker_3: 90/390 (23.1%)
Worker linux_worker_22: 85/389 (21.9%)
Worker linux_worker_14: 85/390 (21.8%)
Worker linux_worker_12: 80/390 (20.5%)
Worker linux_worker_24: 75/389 (19.3%)
Worker linux_worker_19: 95/389 (24.4%)
Worker linux_worker_7: 95/390 (24.4%)
Worker linux_worker_9: 90/390 (23.1%)
Worker linux_worker_31: 80/389 (20.6%)
Worker linux_worker_0: 80/390 (20.5%)
Worker linux_worker_6: 95/390 (24.4%)
Worker linux_worker_2: 85/390 (21.8%)
Worker linux_worker_13: 85/390 (21.8%)
Worker linux_worker_1: 95/390 (24.4%)
Worker linux_worker_28: 85/389 (21.9%)
Worker linux_worker_30: 80/389 (20.6%)
Worker linux_worker_11: 95/390 (24.4%)
Worker linux_worker_26: 85/389 (21.9%)
Worker linux_worker_20: 80/389 (20.6%)
Worker linux_worker_29: 85/389 (21.9%)
Worker linux_worker_8: 85/390 (21.8%)
Worker linux_worker_15: 85/390 (21.8%)
Worker linux_worker_21: 80/389 (20.6%)
Worker linux_worker_27: 85/389 (21.9%)
Worker linux_worker_23: 95/389 (24.4%)
Worker linux_worker_17: 85/390 (21.8%)
Worker linux_worker_10: 90/390 (23.1%)
Worker linux_worker_5: 90/390 (23.1%)
Worker linux_worker_18: 95/390 (24.4%)
Worker linux_worker_16: 90/390 (23.1%)
Worker linux_worker_3: 95/390 (24.4%)
Worker linux_worker_14: 90/390 (23.1%)
Worker linux_worker_4: 90/390 (23.1%)
Worker linux_worker_25: 90/389 (23.1%)
Worker linux_worker_22: 90/389 (23.1%)
Worker linux_worker_19: 100/389 (25.7%)
Worker linux_worker_7: 100/390 (25.6%)
Worker linux_worker_12: 85/390 (21.8%)
Worker linux_worker_24: 80/389 (20.6%)
Worker linux_worker_9: 95/390 (24.4%)
Worker linux_worker_31: 85/389 (21.9%)
Worker linux_worker_0: 85/390 (21.8%)
Worker linux_worker_6: 100/390 (25.6%)
Worker linux_worker_13: 90/390 (23.1%)
Worker linux_worker_2: 90/390 (23.1%)
Worker linux_worker_1: 100/390 (25.6%)
Worker linux_worker_28: 90/389 (23.1%)
Worker linux_worker_11: 100/390 (25.6%)
Worker linux_worker_30: 85/389 (21.9%)
Worker linux_worker_27: 90/389 (23.1%)
Worker linux_worker_26: 90/389 (23.1%)
Worker linux_worker_29: 90/389 (23.1%)
Worker linux_worker_8: 90/390 (23.1%)
Worker linux_worker_20: 85/389 (21.9%)
Worker linux_worker_15: 90/390 (23.1%)
Worker linux_worker_23: 100/389 (25.7%)
Worker linux_worker_21: 85/389 (21.9%)
Worker linux_worker_10: 95/390 (24.4%)
Worker linux_worker_17: 90/390 (23.1%)
Worker linux_worker_5: 95/390 (24.4%)
Worker linux_worker_18: 100/390 (25.6%)
Worker linux_worker_3: 100/390 (25.6%)
Worker linux_worker_16: 95/390 (24.4%)
Worker linux_worker_4: 95/390 (24.4%)
Worker linux_worker_14: 95/390 (24.4%)
Worker linux_worker_25: 95/389 (24.4%)
Worker linux_worker_22: 95/389 (24.4%)
Worker linux_worker_7: 105/390 (26.9%)
Worker linux_worker_19: 105/389 (27.0%)
Worker linux_worker_9: 100/390 (25.6%)
Worker linux_worker_12: 90/390 (23.1%)
Worker linux_worker_24: 85/389 (21.9%)
Worker linux_worker_31: 90/389 (23.1%)
Worker linux_worker_0: 90/390 (23.1%)
Worker linux_worker_6: 105/390 (26.9%)
Worker linux_worker_13: 95/390 (24.4%)
Worker linux_worker_29: 95/389 (24.4%)
Worker linux_worker_1: 105/390 (26.9%)
Worker linux_worker_2: 95/390 (24.4%)
Worker linux_worker_11: 105/390 (26.9%)
Worker linux_worker_28: 95/389 (24.4%)
Worker linux_worker_30: 90/389 (23.1%)
Worker linux_worker_27: 95/389 (24.4%)
Worker linux_worker_26: 95/389 (24.4%)
Worker linux_worker_8: 95/390 (24.4%)
Worker linux_worker_15: 95/390 (24.4%)
Worker linux_worker_20: 90/389 (23.1%)
Worker linux_worker_23: 105/389 (27.0%)
Worker linux_worker_21: 90/389 (23.1%)
Worker linux_worker_5: 100/390 (25.6%)
Worker linux_worker_18: 105/390 (26.9%)
Worker linux_worker_17: 95/390 (24.4%)
Worker linux_worker_10: 100/390 (25.6%)
Worker linux_worker_3: 105/390 (26.9%)
Worker linux_worker_16: 100/390 (25.6%)
Worker linux_worker_14: 100/390 (25.6%)
Worker linux_worker_25: 100/389 (25.7%)
Worker linux_worker_4: 100/390 (25.6%)
Worker linux_worker_7: 110/390 (28.2%)
Worker linux_worker_19: 110/389 (28.3%)
Worker linux_worker_22: 100/389 (25.7%)
Worker linux_worker_13: 100/390 (25.6%)
Worker linux_worker_9: 105/390 (26.9%)
Worker linux_worker_24: 90/389 (23.1%)
Worker linux_worker_12: 95/390 (24.4%)
Worker linux_worker_6: 110/390 (28.2%)
Worker linux_worker_29: 100/389 (25.7%)
Worker linux_worker_0: 95/390 (24.4%)
Worker linux_worker_1: 110/390 (28.2%)
Worker linux_worker_31: 95/389 (24.4%)
Worker linux_worker_11: 110/390 (28.2%)
Worker linux_worker_28: 100/389 (25.7%)
Worker linux_worker_2: 100/390 (25.6%)
Worker linux_worker_30: 95/389 (24.4%)
Worker linux_worker_8: 100/390 (25.6%)
Worker linux_worker_15: 100/390 (25.6%)
Worker linux_worker_27: 100/389 (25.7%)
Worker linux_worker_26: 100/389 (25.7%)
Worker linux_worker_23: 110/389 (28.3%)
Worker linux_worker_20: 95/389 (24.4%)
Worker linux_worker_21: 95/389 (24.4%)
Worker linux_worker_5: 105/390 (26.9%)
Worker linux_worker_18: 110/390 (28.2%)
Worker linux_worker_3: 110/390 (28.2%)
Worker linux_worker_17: 100/390 (25.6%)
Worker linux_worker_10: 105/390 (26.9%)
Worker linux_worker_16: 105/390 (26.9%)
Worker linux_worker_7: 115/390 (29.5%)
Worker linux_worker_19: 115/389 (29.6%)
Worker linux_worker_13: 105/390 (26.9%)
Worker linux_worker_9: 110/390 (28.2%)
Worker linux_worker_14: 105/390 (26.9%)
Worker linux_worker_25: 105/389 (27.0%)
Worker linux_worker_4: 105/390 (26.9%)
Worker linux_worker_22: 105/389 (27.0%)
Worker linux_worker_29: 105/389 (27.0%)
Worker linux_worker_1: 115/390 (29.5%)
Worker linux_worker_12: 100/390 (25.6%)
Worker linux_worker_24: 95/389 (24.4%)
Worker linux_worker_0: 100/390 (25.6%)
Worker linux_worker_31: 100/389 (25.7%)
Worker linux_worker_11: 115/390 (29.5%)
Worker linux_worker_8: 105/390 (26.9%)
Worker linux_worker_15: 105/390 (26.9%)
Worker linux_worker_28: 105/389 (27.0%)
Worker linux_worker_23: 115/389 (29.6%)
Worker linux_worker_2: 105/390 (26.9%)
Worker linux_worker_30: 100/389 (25.7%)
Worker linux_worker_26: 105/389 (27.0%)
Worker linux_worker_5: 110/390 (28.2%)
Worker linux_worker_20: 100/389 (25.7%)
Worker linux_worker_18: 115/390 (29.5%)
Worker linux_worker_21: 100/389 (25.7%)
Worker linux_worker_19: 120/389 (30.8%)
Worker linux_worker_7: 120/390 (30.8%)
Worker linux_worker_10: 110/390 (28.2%)
Worker linux_worker_16: 110/390 (28.2%)
Worker linux_worker_13: 110/390 (28.2%)
Worker linux_worker_9: 115/390 (29.5%)
Worker linux_worker_25: 110/389 (28.3%)
Worker linux_worker_4: 110/390 (28.2%)
Worker linux_worker_12: 105/390 (26.9%)
Worker linux_worker_29: 110/389 (28.3%)
Worker linux_worker_11: 120/390 (30.8%)
Worker linux_worker_8: 110/390 (28.2%)
Worker linux_worker_15: 110/390 (28.2%)
Worker linux_worker_31: 105/389 (27.0%)
Worker linux_worker_23: 120/389 (30.8%)
Worker linux_worker_28: 110/389 (28.3%)
Worker linux_worker_2: 110/390 (28.2%)
Worker linux_worker_30: 105/389 (27.0%)
Worker linux_worker_26: 110/389 (28.3%)
Worker linux_worker_18: 120/390 (30.8%)
Worker linux_worker_1: 120/390 (30.8%)
Worker linux_worker_25: 115/389 (29.6%)
Worker linux_worker_9: 120/390 (30.8%)
Timeout on commit 12a6d2940b5f02b4b9f71ce098e3bb02bc24a9ea, skipping
Worker linux_worker_6: 115/390 (29.5%)
Worker linux_worker_10: 115/390 (29.5%)
Worker linux_worker_16: 115/390 (29.5%)
Worker linux_worker_7: 125/390 (32.1%)
Worker linux_worker_29: 115/389 (29.6%)
Worker linux_worker_21: 105/389 (27.0%)
Timeout on commit be7ccfa6c303e619e92e4fc0398cf01922ee9603, skipping
Worker linux_worker_27: 105/389 (27.0%)
Worker linux_worker_20: 105/389 (27.0%)
Worker linux_worker_19: 125/389 (32.1%)
Worker linux_worker_8: 115/390 (29.5%)
Worker linux_worker_15: 115/390 (29.5%)
Worker linux_worker_11: 125/390 (32.1%)
Worker linux_worker_5: 115/390 (29.5%)
Worker linux_worker_31: 110/389 (28.3%)
Worker linux_worker_12: 110/390 (28.2%)
Worker linux_worker_28: 115/389 (29.6%)
Timeout on commit 008c6753f7e070c77c70d708a6bf0255b4381763, skipping
Worker linux_worker_3: 115/390 (29.5%)
Worker linux_worker_23: 125/389 (32.1%)
Worker linux_worker_13: 115/390 (29.5%)
Timeout on commit d03a68f8217ea03492e4f7928db222dc6544792a, skipping
Worker linux_worker_22: 110/389 (28.3%)
Worker linux_worker_18: 125/390 (32.1%)
Worker linux_worker_4: 115/390 (29.5%)
Worker linux_worker_2: 115/390 (29.5%)
Worker linux_worker_26: 115/389 (29.6%)
Timeout on commit c2aaa37dc18fb7191a0fd829a7a943f61c2821de, skipping
Worker linux_worker_17: 105/390 (26.9%)
Timeout on commit 214b3369ab9b0a6f28d6c970220c209417edbc65, skipping
Worker linux_worker_14: 110/390 (28.2%)
Timeout on commit ca3d9433349ed6a8eadfc9d0ec9e88fff439d0e9, skipping
Worker linux_worker_0: 105/390 (26.9%)
Worker linux_worker_30: 110/389 (28.3%)
Worker linux_worker_1: 125/390 (32.1%)
Worker linux_worker_9: 125/390 (32.1%)
Worker linux_worker_6: 120/390 (30.8%)
Worker linux_worker_25: 120/389 (30.8%)
Timeout on commit bcd14bb7a68520bf88e45e91d354e43535624f82, skipping
Worker linux_worker_24: 100/389 (25.7%)
Worker linux_worker_10: 120/390 (30.8%)
Worker linux_worker_7: 130/390 (33.3%)
Worker linux_worker_21: 110/389 (28.3%)
Worker linux_worker_16: 120/390 (30.8%)
Worker linux_worker_29: 120/389 (30.8%)
Worker linux_worker_5: 120/390 (30.8%)
Worker linux_worker_19: 130/389 (33.4%)
Worker linux_worker_27: 110/389 (28.3%)
Worker linux_worker_20: 110/389 (28.3%)
Worker linux_worker_8: 120/390 (30.8%)
Worker linux_worker_15: 120/390 (30.8%)
Worker linux_worker_11: 130/390 (33.3%)
Worker linux_worker_12: 115/390 (29.5%)
Worker linux_worker_31: 115/389 (29.6%)
Worker linux_worker_3: 120/390 (30.8%)
Worker linux_worker_17: 110/390 (28.2%)
Worker linux_worker_23: 130/389 (33.4%)
Worker linux_worker_13: 120/390 (30.8%)
Worker linux_worker_28: 120/389 (30.8%)
Worker linux_worker_18: 130/390 (33.3%)
Worker linux_worker_22: 115/389 (29.6%)
Worker linux_worker_4: 120/390 (30.8%)
Worker linux_worker_2: 120/390 (30.8%)
Worker linux_worker_6: 125/390 (32.1%)
Worker linux_worker_26: 120/389 (30.8%)
Worker linux_worker_14: 115/390 (29.5%)
Worker linux_worker_0: 110/390 (28.2%)
Worker linux_worker_1: 130/390 (33.3%)
Worker linux_worker_9: 130/390 (33.3%)
Worker linux_worker_30: 115/389 (29.6%)
Worker linux_worker_16: 125/390 (32.1%)
Worker linux_worker_25: 125/389 (32.1%)
Worker linux_worker_24: 105/389 (27.0%)
Worker linux_worker_7: 135/390 (34.6%)
Worker linux_worker_10: 125/390 (32.1%)
Worker linux_worker_29: 125/389 (32.1%)
Worker linux_worker_19: 135/389 (34.7%)
Worker linux_worker_5: 125/390 (32.1%)
Worker linux_worker_21: 115/389 (29.6%)
Worker linux_worker_15: 125/390 (32.1%)
Worker linux_worker_11: 135/390 (34.6%)
Worker linux_worker_8: 125/390 (32.1%)
Worker linux_worker_20: 115/389 (29.6%)
Worker linux_worker_27: 115/389 (29.6%)
Worker linux_worker_3: 125/390 (32.1%)
Worker linux_worker_13: 125/390 (32.1%)
Worker linux_worker_23: 135/389 (34.7%)
Worker linux_worker_18: 135/390 (34.6%)
Worker linux_worker_12: 120/390 (30.8%)
Worker linux_worker_31: 120/389 (30.8%)
Worker linux_worker_17: 115/390 (29.5%)
Worker linux_worker_28: 125/389 (32.1%)
Worker linux_worker_22: 120/389 (30.8%)
Worker linux_worker_4: 125/390 (32.1%)
Worker linux_worker_2: 125/390 (32.1%)
Worker linux_worker_6: 130/390 (33.3%)
Worker linux_worker_9: 135/390 (34.6%)
Worker linux_worker_26: 125/389 (32.1%)
Worker linux_worker_14: 120/390 (30.8%)
Worker linux_worker_1: 135/390 (34.6%)
Worker linux_worker_0: 115/390 (29.5%)
Worker linux_worker_7: 140/390 (35.9%)
Worker linux_worker_29: 130/389 (33.4%)
Worker linux_worker_19: 140/389 (36.0%)
Worker linux_worker_30: 120/389 (30.8%)
Worker linux_worker_24: 110/389 (28.3%)
Worker linux_worker_16: 130/390 (33.3%)
Worker linux_worker_25: 130/389 (33.4%)
Worker linux_worker_10: 130/390 (33.3%)
Worker linux_worker_5: 130/390 (33.3%)
Worker linux_worker_21: 120/389 (30.8%)
Worker linux_worker_15: 130/390 (33.3%)
Worker linux_worker_8: 130/390 (33.3%)
Worker linux_worker_11: 140/390 (35.9%)
Worker linux_worker_20: 120/389 (30.8%)
Worker linux_worker_3: 130/390 (33.3%)
Worker linux_worker_13: 130/390 (33.3%)
Worker linux_worker_23: 140/389 (36.0%)
Worker linux_worker_27: 120/389 (30.8%)
Worker linux_worker_18: 140/390 (35.9%)
Worker linux_worker_12: 125/390 (32.1%)
Worker linux_worker_6: 135/390 (34.6%)
Worker linux_worker_9: 140/390 (35.9%)
Worker linux_worker_17: 120/390 (30.8%)
Worker linux_worker_31: 125/389 (32.1%)
Worker linux_worker_22: 125/389 (32.1%)
Worker linux_worker_4: 130/390 (33.3%)
Worker linux_worker_28: 130/389 (33.4%)
Worker linux_worker_2: 130/390 (33.3%)
Worker linux_worker_1: 140/390 (35.9%)
Worker linux_worker_26: 130/389 (33.4%)
Worker linux_worker_14: 125/390 (32.1%)
Worker linux_worker_0: 120/390 (30.8%)
Worker linux_worker_7: 145/390 (37.2%)
Worker linux_worker_29: 135/389 (34.7%)
Worker linux_worker_19: 145/389 (37.3%)
Worker linux_worker_5: 135/390 (34.6%)
Worker linux_worker_30: 125/389 (32.1%)
Worker linux_worker_10: 135/390 (34.6%)
Worker linux_worker_25: 135/389 (34.7%)
Worker linux_worker_16: 135/390 (34.6%)
Worker linux_worker_24: 115/389 (29.6%)
Worker linux_worker_8: 135/390 (34.6%)
Worker linux_worker_11: 145/390 (37.2%)
Worker linux_worker_15: 135/390 (34.6%)
Worker linux_worker_21: 125/389 (32.1%)
Worker linux_worker_3: 135/390 (34.6%)
Worker linux_worker_13: 135/390 (34.6%)
Worker linux_worker_23: 145/389 (37.3%)
Worker linux_worker_20: 125/389 (32.1%)
Worker linux_worker_18: 145/390 (37.2%)
Worker linux_worker_27: 125/389 (32.1%)
Worker linux_worker_12: 130/390 (33.3%)
Worker linux_worker_6: 140/390 (35.9%)
Worker linux_worker_9: 145/390 (37.2%)
Worker linux_worker_1: 145/390 (37.2%)
Worker linux_worker_17: 125/390 (32.1%)
Worker linux_worker_31: 130/389 (33.4%)
Worker linux_worker_22: 130/389 (33.4%)
Worker linux_worker_2: 135/390 (34.6%)
Worker linux_worker_28: 135/389 (34.7%)
Worker linux_worker_4: 135/390 (34.6%)
Worker linux_worker_26: 135/389 (34.7%)
Worker linux_worker_7: 150/390 (38.5%)
Worker linux_worker_29: 140/389 (36.0%)
Worker linux_worker_19: 150/389 (38.6%)
Worker linux_worker_14: 130/390 (33.3%)
Worker linux_worker_0: 125/390 (32.1%)
Worker linux_worker_24: 120/389 (30.8%)
Worker linux_worker_5: 140/390 (35.9%)
Worker linux_worker_11: 150/390 (38.5%)
Worker linux_worker_8: 140/390 (35.9%)
Worker linux_worker_30: 130/389 (33.4%)
Worker linux_worker_15: 140/390 (35.9%)
Worker linux_worker_25: 140/389 (36.0%)
Worker linux_worker_16: 140/390 (35.9%)
Worker linux_worker_10: 140/390 (35.9%)
Worker linux_worker_21: 130/389 (33.4%)
Worker linux_worker_27: 130/389 (33.4%)
Worker linux_worker_3: 140/390 (35.9%)
Worker linux_worker_13: 140/390 (35.9%)
Worker linux_worker_23: 150/389 (38.6%)
Worker linux_worker_18: 150/390 (38.5%)
Worker linux_worker_20: 130/389 (33.4%)
Worker linux_worker_6: 145/390 (37.2%)
Worker linux_worker_9: 150/390 (38.5%)
Worker linux_worker_12: 135/390 (34.6%)
Worker linux_worker_1: 150/390 (38.5%)
Worker linux_worker_17: 130/390 (33.3%)
Worker linux_worker_31: 135/389 (34.7%)
Worker linux_worker_22: 135/389 (34.7%)
Worker linux_worker_4: 140/390 (35.9%)
Worker linux_worker_28: 140/389 (36.0%)
Worker linux_worker_2: 140/390 (35.9%)
Worker linux_worker_26: 140/389 (36.0%)
Worker linux_worker_7: 155/390 (39.7%)
Worker linux_worker_19: 155/389 (39.8%)
Worker linux_worker_29: 145/389 (37.3%)
Worker linux_worker_5: 145/390 (37.2%)
Worker linux_worker_0: 130/390 (33.3%)
Worker linux_worker_14: 135/390 (34.6%)
Worker linux_worker_24: 125/389 (32.1%)
Worker linux_worker_11: 155/390 (39.7%)
Worker linux_worker_8: 145/390 (37.2%)
Worker linux_worker_15: 145/390 (37.2%)
Worker linux_worker_30: 135/389 (34.7%)
Worker linux_worker_25: 145/389 (37.3%)
Worker linux_worker_16: 145/390 (37.2%)
Worker linux_worker_21: 135/389 (34.7%)
Worker linux_worker_10: 145/390 (37.2%)
Worker linux_worker_27: 135/389 (34.7%)
Worker linux_worker_3: 145/390 (37.2%)
Worker linux_worker_13: 145/390 (37.2%)
Worker linux_worker_23: 155/389 (39.8%)
Worker linux_worker_18: 155/390 (39.7%)
Worker linux_worker_20: 135/389 (34.7%)
Worker linux_worker_6: 150/390 (38.5%)
Worker linux_worker_9: 155/390 (39.7%)
Worker linux_worker_1: 155/390 (39.7%)
Worker linux_worker_12: 140/390 (35.9%)
Worker linux_worker_17: 135/390 (34.6%)
Worker linux_worker_31: 140/389 (36.0%)
Worker linux_worker_22: 140/389 (36.0%)
Worker linux_worker_7: 160/390 (41.0%)
Worker linux_worker_29: 150/389 (38.6%)
Worker linux_worker_19: 160/389 (41.1%)
Worker linux_worker_4: 145/390 (37.2%)
Worker linux_worker_28: 145/389 (37.3%)
Worker linux_worker_26: 145/389 (37.3%)
Worker linux_worker_2: 145/390 (37.2%)
Worker linux_worker_5: 150/390 (38.5%)
Worker linux_worker_14: 140/390 (35.9%)
Worker linux_worker_0: 135/390 (34.6%)
Worker linux_worker_24: 130/389 (33.4%)
Worker linux_worker_11: 160/390 (41.0%)
Worker linux_worker_8: 150/390 (38.5%)
Worker linux_worker_15: 150/390 (38.5%)
Worker linux_worker_30: 140/389 (36.0%)
Worker linux_worker_25: 150/389 (38.6%)
Worker linux_worker_3: 150/390 (38.5%)
Worker linux_worker_13: 150/390 (38.5%)
Worker linux_worker_16: 150/390 (38.5%)
Worker linux_worker_10: 150/390 (38.5%)
Worker linux_worker_27: 140/389 (36.0%)
Worker linux_worker_21: 140/389 (36.0%)
Worker linux_worker_23: 160/389 (41.1%)
Worker linux_worker_18: 160/390 (41.0%)
Worker linux_worker_6: 155/390 (39.7%)
Worker linux_worker_20: 140/389 (36.0%)
Worker linux_worker_9: 160/390 (41.0%)
Worker linux_worker_1: 160/390 (41.0%)
Worker linux_worker_17: 140/390 (35.9%)
Worker linux_worker_12: 145/390 (37.2%)
Worker linux_worker_31: 145/389 (37.3%)
Worker linux_worker_7: 165/390 (42.3%)
Worker linux_worker_29: 155/389 (39.8%)
Worker linux_worker_19: 165/389 (42.4%)
Worker linux_worker_22: 145/389 (37.3%)
Worker linux_worker_5: 155/390 (39.7%)
Worker linux_worker_28: 150/389 (38.6%)
Worker linux_worker_26: 150/389 (38.6%)
Worker linux_worker_4: 150/390 (38.5%)
Worker linux_worker_2: 150/390 (38.5%)
Worker linux_worker_24: 135/389 (34.7%)
Worker linux_worker_14: 145/390 (37.2%)
Worker linux_worker_0: 140/390 (35.9%)
Worker linux_worker_15: 155/390 (39.7%)
Worker linux_worker_8: 155/390 (39.7%)
Worker linux_worker_11: 165/390 (42.3%)
Worker linux_worker_3: 155/390 (39.7%)
Worker linux_worker_30: 145/389 (37.3%)
Worker linux_worker_25: 155/389 (39.8%)
Worker linux_worker_13: 155/390 (39.7%)
Worker linux_worker_23: 165/389 (42.4%)
Worker linux_worker_18: 165/390 (42.3%)
Worker linux_worker_21: 145/389 (37.3%)
Worker linux_worker_27: 145/389 (37.3%)
Worker linux_worker_10: 155/390 (39.7%)
Worker linux_worker_16: 155/390 (39.7%)
Worker linux_worker_6: 160/390 (41.0%)
Worker linux_worker_9: 165/390 (42.3%)
Worker linux_worker_20: 145/389 (37.3%)
Worker linux_worker_1: 165/390 (42.3%)
Worker linux_worker_7: 170/390 (43.6%)
Worker linux_worker_29: 160/389 (41.1%)
Worker linux_worker_19: 170/389 (43.7%)
Worker linux_worker_17: 145/390 (37.2%)
Worker linux_worker_31: 150/389 (38.6%)
Worker linux_worker_12: 150/390 (38.5%)
Worker linux_worker_22: 150/389 (38.6%)
Worker linux_worker_5: 160/390 (41.0%)
Worker linux_worker_15: 160/390 (41.0%)
Worker linux_worker_3: 160/390 (41.0%)
Worker linux_worker_8: 160/390 (41.0%)
Worker linux_worker_11: 170/390 (43.6%)
Worker linux_worker_4: 155/390 (39.7%)
Worker linux_worker_26: 155/389 (39.8%)
Worker linux_worker_28: 155/389 (39.8%)
Worker linux_worker_2: 155/390 (39.7%)
Worker linux_worker_24: 140/389 (36.0%)
Worker linux_worker_14: 150/390 (38.5%)
Worker linux_worker_0: 145/390 (37.2%)
Worker linux_worker_13: 160/390 (41.0%)
Worker linux_worker_18: 170/390 (43.6%)
Worker linux_worker_23: 170/389 (43.7%)
Worker linux_worker_30: 150/389 (38.6%)
Worker linux_worker_25: 160/389 (41.1%)
Worker linux_worker_21: 150/389 (38.6%)
Worker linux_worker_6: 165/390 (42.3%)
Worker linux_worker_9: 170/390 (43.6%)
Worker linux_worker_27: 150/389 (38.6%)
Worker linux_worker_10: 160/390 (41.0%)
Worker linux_worker_16: 160/390 (41.0%)
Worker linux_worker_20: 150/389 (38.6%)
Worker linux_worker_1: 170/390 (43.6%)
Worker linux_worker_7: 175/390 (44.9%)
Worker linux_worker_29: 165/389 (42.4%)
Worker linux_worker_19: 175/389 (45.0%)
Worker linux_worker_17: 150/390 (38.5%)
Worker linux_worker_5: 165/390 (42.3%)
Worker linux_worker_13: 165/390 (42.3%)
Worker linux_worker_12: 155/390 (39.7%)
Worker linux_worker_31: 155/389 (39.8%)
Worker linux_worker_22: 155/389 (39.8%)
Worker linux_worker_4: 160/390 (41.0%)
Worker linux_worker_3: 165/390 (42.3%)
Worker linux_worker_15: 165/390 (42.3%)
Worker linux_worker_8: 165/390 (42.3%)
Worker linux_worker_11: 175/390 (44.9%)
Worker linux_worker_24: 145/389 (37.3%)
Worker linux_worker_14: 155/390 (39.7%)
Worker linux_worker_28: 160/389 (41.1%)
Worker linux_worker_26: 160/389 (41.1%)
Worker linux_worker_0: 150/390 (38.5%)
Worker linux_worker_2: 160/390 (41.0%)
Worker linux_worker_23: 175/389 (45.0%)
Worker linux_worker_18: 175/390 (44.9%)
Worker linux_worker_30: 155/389 (39.8%)
Worker linux_worker_6: 170/390 (43.6%)
Worker linux_worker_9: 175/390 (44.9%)
Worker linux_worker_21: 155/389 (39.8%)
Worker linux_worker_25: 165/389 (42.4%)
Worker linux_worker_1: 175/390 (44.9%)
Worker linux_worker_27: 155/389 (39.8%)
Worker linux_worker_20: 155/389 (39.8%)
Worker linux_worker_10: 165/390 (42.3%)
Worker linux_worker_16: 165/390 (42.3%)
Worker linux_worker_29: 170/389 (43.7%)
Worker linux_worker_7: 180/390 (46.2%)
Worker linux_worker_19: 180/389 (46.3%)
Worker linux_worker_13: 170/390 (43.6%)
Worker linux_worker_5: 170/390 (43.6%)
Worker linux_worker_17: 155/390 (39.7%)
Worker linux_worker_12: 160/390 (41.0%)
Worker linux_worker_3: 170/390 (43.6%)
Worker linux_worker_15: 170/390 (43.6%)
Worker linux_worker_11: 180/390 (46.2%)
Worker linux_worker_8: 170/390 (43.6%)
Worker linux_worker_31: 160/389 (41.1%)
Worker linux_worker_22: 160/389 (41.1%)
Worker linux_worker_4: 165/390 (42.3%)
Worker linux_worker_23: 180/389 (46.3%)
Worker linux_worker_18: 180/390 (46.2%)
Worker linux_worker_24: 150/389 (38.6%)
Worker linux_worker_28: 165/389 (42.4%)
Worker linux_worker_14: 160/390 (41.0%)
Worker linux_worker_26: 165/389 (42.4%)
Worker linux_worker_2: 165/390 (42.3%)
Worker linux_worker_0: 155/390 (39.7%)
Worker linux_worker_30: 160/389 (41.1%)
Worker linux_worker_6: 175/390 (44.9%)
Worker linux_worker_9: 180/390 (46.2%)
Worker linux_worker_7: 185/390 (47.4%)
Worker linux_worker_1: 180/390 (46.2%)
Worker linux_worker_21: 160/389 (41.1%)
Worker linux_worker_25: 170/389 (43.7%)
Worker linux_worker_27: 160/389 (41.1%)
Worker linux_worker_29: 175/389 (45.0%)
Worker linux_worker_19: 185/389 (47.6%)
Worker linux_worker_20: 160/389 (41.1%)
Worker linux_worker_10: 170/390 (43.6%)
Worker linux_worker_16: 170/390 (43.6%)
Worker linux_worker_13: 175/390 (44.9%)
Worker linux_worker_5: 175/390 (44.9%)
Worker linux_worker_12: 165/390 (42.3%)
Worker linux_worker_17: 160/390 (41.0%)
Worker linux_worker_11: 185/390 (47.4%)
Worker linux_worker_3: 175/390 (44.9%)
Worker linux_worker_8: 175/390 (44.9%)
Worker linux_worker_15: 175/390 (44.9%)
Worker linux_worker_22: 165/389 (42.4%)
Worker linux_worker_31: 165/389 (42.4%)
Worker linux_worker_4: 170/390 (43.6%)
Worker linux_worker_23: 185/389 (47.6%)
Worker linux_worker_18: 185/390 (47.4%)
Worker linux_worker_28: 170/389 (43.7%)
Worker linux_worker_14: 165/390 (42.3%)
Worker linux_worker_24: 155/389 (39.8%)
Worker linux_worker_6: 180/390 (46.2%)
Worker linux_worker_26: 170/389 (43.7%)
Worker linux_worker_30: 165/389 (42.4%)
Worker linux_worker_0: 160/390 (41.0%)
Worker linux_worker_2: 170/390 (43.6%)
Worker linux_worker_9: 185/390 (47.4%)
Worker linux_worker_7: 190/390 (48.7%)
Worker linux_worker_1: 185/390 (47.4%)
Worker linux_worker_21: 165/389 (42.4%)
Worker linux_worker_25: 175/389 (45.0%)
Worker linux_worker_27: 165/389 (42.4%)
Worker linux_worker_29: 180/389 (46.3%)
Worker linux_worker_19: 190/389 (48.8%)
Worker linux_worker_20: 165/389 (42.4%)
Worker linux_worker_13: 180/390 (46.2%)
Worker linux_worker_5: 180/390 (46.2%)
Worker linux_worker_10: 175/390 (44.9%)
Worker linux_worker_16: 175/390 (44.9%)
Worker linux_worker_11: 190/390 (48.7%)
Worker linux_worker_15: 180/390 (46.2%)
Worker linux_worker_3: 180/390 (46.2%)
Worker linux_worker_8: 180/390 (46.2%)
Worker linux_worker_17: 165/390 (42.3%)
Worker linux_worker_12: 170/390 (43.6%)
Worker linux_worker_22: 170/389 (43.7%)
Worker linux_worker_31: 170/389 (43.7%)
Worker linux_worker_23: 190/389 (48.8%)
Worker linux_worker_18: 190/390 (48.7%)
Worker linux_worker_4: 175/390 (44.9%)
Worker linux_worker_24: 160/389 (41.1%)
Worker linux_worker_28: 175/389 (45.0%)
Worker linux_worker_14: 170/390 (43.6%)
Worker linux_worker_6: 185/390 (47.4%)
Worker linux_worker_9: 190/390 (48.7%)
Worker linux_worker_7: 195/390 (50.0%)
Worker linux_worker_1: 190/390 (48.7%)
Worker linux_worker_26: 175/389 (45.0%)
Worker linux_worker_0: 165/390 (42.3%)
Worker linux_worker_2: 175/390 (44.9%)
Worker linux_worker_30: 170/389 (43.7%)
Worker linux_worker_21: 170/389 (43.7%)
Worker linux_worker_19: 195/389 (50.1%)
Worker linux_worker_29: 185/389 (47.6%)
Worker linux_worker_27: 170/389 (43.7%)
Worker linux_worker_25: 180/389 (46.3%)
Worker linux_worker_20: 170/389 (43.7%)
Worker linux_worker_13: 185/390 (47.4%)
Worker linux_worker_5: 185/390 (47.4%)
Worker linux_worker_10: 180/390 (46.2%)
Worker linux_worker_16: 180/390 (46.2%)
Worker linux_worker_11: 195/390 (50.0%)
Worker linux_worker_15: 185/390 (47.4%)
Worker linux_worker_3: 185/390 (47.4%)
Worker linux_worker_8: 185/390 (47.4%)
Worker linux_worker_12: 175/390 (44.9%)
Worker linux_worker_17: 170/390 (43.6%)
Worker linux_worker_22: 175/389 (45.0%)
Worker linux_worker_31: 175/389 (45.0%)
Worker linux_worker_23: 195/389 (50.1%)
Worker linux_worker_18: 195/390 (50.0%)
Worker linux_worker_6: 190/390 (48.7%)
Worker linux_worker_4: 180/390 (46.2%)
Worker linux_worker_9: 195/390 (50.0%)
Worker linux_worker_28: 180/389 (46.3%)
Worker linux_worker_24: 165/389 (42.4%)
Worker linux_worker_14: 175/390 (44.9%)
Worker linux_worker_7: 200/390 (51.3%)
Worker linux_worker_1: 195/390 (50.0%)
Worker linux_worker_19: 200/389 (51.4%)
Worker linux_worker_0: 170/390 (43.6%)
Worker linux_worker_30: 175/389 (45.0%)
Worker linux_worker_26: 180/389 (46.3%)
Worker linux_worker_2: 180/390 (46.2%)
Worker linux_worker_29: 190/389 (48.8%)
Worker linux_worker_21: 175/389 (45.0%)
Worker linux_worker_13: 190/390 (48.7%)
Worker linux_worker_5: 190/390 (48.7%)
Worker linux_worker_27: 175/389 (45.0%)
Worker linux_worker_25: 185/389 (47.6%)
Worker linux_worker_20: 175/389 (45.0%)
Worker linux_worker_11: 200/390 (51.3%)
Worker linux_worker_15: 190/390 (48.7%)
Worker linux_worker_3: 190/390 (48.7%)
Worker linux_worker_8: 190/390 (48.7%)
Worker linux_worker_16: 185/390 (47.4%)
Worker linux_worker_10: 185/390 (47.4%)
Worker linux_worker_23: 200/389 (51.4%)
Worker linux_worker_18: 200/390 (51.3%)
Worker linux_worker_17: 175/390 (44.9%)
Worker linux_worker_12: 180/390 (46.2%)
Worker linux_worker_6: 195/390 (50.0%)
Worker linux_worker_31: 180/389 (46.3%)
Worker linux_worker_22: 180/389 (46.3%)
Worker linux_worker_9: 200/390 (51.3%)
Worker linux_worker_7: 205/390 (52.6%)
Worker linux_worker_19: 205/389 (52.7%)
Worker linux_worker_1: 200/390 (51.3%)
Worker linux_worker_4: 185/390 (47.4%)
Worker linux_worker_24: 170/389 (43.7%)
Worker linux_worker_28: 185/389 (47.6%)
Worker linux_worker_14: 180/390 (46.2%)
Worker linux_worker_29: 195/389 (50.1%)
Worker linux_worker_0: 175/390 (44.9%)
Worker linux_worker_30: 180/389 (46.3%)
Worker linux_worker_26: 185/389 (47.6%)
Worker linux_worker_21: 180/389 (46.3%)
Worker linux_worker_2: 185/390 (47.4%)
Worker linux_worker_13: 195/390 (50.0%)
Worker linux_worker_5: 195/390 (50.0%)
Worker linux_worker_27: 180/389 (46.3%)
Worker linux_worker_11: 205/390 (52.6%)
Worker linux_worker_15: 195/390 (50.0%)
Worker linux_worker_3: 195/390 (50.0%)
Worker linux_worker_25: 190/389 (48.8%)
Worker linux_worker_20: 180/389 (46.3%)
Worker linux_worker_8: 195/390 (50.0%)
Worker linux_worker_23: 205/389 (52.7%)
Worker linux_worker_18: 205/390 (52.6%)
Worker linux_worker_16: 190/390 (48.7%)
Worker linux_worker_10: 190/390 (48.7%)
Worker linux_worker_17: 180/390 (46.2%)
Worker linux_worker_6: 200/390 (51.3%)
Worker linux_worker_9: 205/390 (52.6%)
Worker linux_worker_12: 185/390 (47.4%)
Worker linux_worker_1: 205/390 (52.6%)
Worker linux_worker_7: 210/390 (53.8%)
Worker linux_worker_19: 210/389 (54.0%)
Worker linux_worker_22: 185/389 (47.6%)
Worker linux_worker_31: 185/389 (47.6%)
Worker linux_worker_4: 190/390 (48.7%)
Worker linux_worker_5: 200/390 (51.3%)
Worker linux_worker_29: 200/389 (51.4%)
Worker linux_worker_24: 175/389 (45.0%)
Worker linux_worker_28: 190/389 (48.8%)
Worker linux_worker_2: 190/390 (48.7%)
Worker linux_worker_14: 185/390 (47.4%)
Worker linux_worker_13: 200/390 (51.3%)
Worker linux_worker_15: 200/390 (51.3%)
Worker linux_worker_30: 185/389 (47.6%)
Worker linux_worker_26: 190/389 (48.8%)
Worker linux_worker_0: 180/390 (46.2%)
Worker linux_worker_21: 185/389 (47.6%)
Worker linux_worker_27: 185/389 (47.6%)
Worker linux_worker_11: 210/390 (53.8%)
Worker linux_worker_3: 200/390 (51.3%)
Worker linux_worker_8: 200/390 (51.3%)
Worker linux_worker_20: 185/389 (47.6%)
Worker linux_worker_25: 195/389 (50.1%)
Worker linux_worker_23: 210/389 (54.0%)
Worker linux_worker_18: 210/390 (53.8%)
Worker linux_worker_9: 210/390 (53.8%)
Worker linux_worker_16: 195/390 (50.0%)
Worker linux_worker_6: 205/390 (52.6%)
Worker linux_worker_10: 195/390 (50.0%)
Worker linux_worker_17: 185/390 (47.4%)
Worker linux_worker_7: 215/390 (55.1%)
Worker linux_worker_1: 210/390 (53.8%)
Worker linux_worker_19: 215/389 (55.3%)
Worker linux_worker_12: 190/390 (48.7%)
Worker linux_worker_22: 190/389 (48.8%)
Worker linux_worker_31: 190/389 (48.8%)
Worker linux_worker_4: 195/390 (50.0%)
Worker linux_worker_29: 205/389 (52.7%)
Worker linux_worker_5: 205/390 (52.6%)
Worker linux_worker_13: 205/390 (52.6%)
Worker linux_worker_15: 205/390 (52.6%)
Worker linux_worker_14: 190/390 (48.7%)
Worker linux_worker_28: 195/389 (50.1%)
Worker linux_worker_2: 195/390 (50.0%)
Worker linux_worker_24: 180/389 (46.3%)
Worker linux_worker_30: 190/389 (48.8%)
Worker linux_worker_11: 215/390 (55.1%)
Worker linux_worker_3: 205/390 (52.6%)
Worker linux_worker_26: 195/389 (50.1%)
Worker linux_worker_8: 205/390 (52.6%)
Worker linux_worker_0: 185/390 (47.4%)
Worker linux_worker_21: 190/389 (48.8%)
Worker linux_worker_27: 190/389 (48.8%)
Worker linux_worker_25: 200/389 (51.4%)
Worker linux_worker_20: 190/389 (48.8%)
Worker linux_worker_23: 215/389 (55.3%)
Worker linux_worker_18: 215/390 (55.1%)
Worker linux_worker_9: 215/390 (55.1%)
Worker linux_worker_16: 200/390 (51.3%)
Worker linux_worker_6: 210/390 (53.8%)
Worker linux_worker_10: 200/390 (51.3%)
Worker linux_worker_7: 220/390 (56.4%)
Worker linux_worker_1: 215/390 (55.1%)
Worker linux_worker_19: 220/389 (56.6%)
Worker linux_worker_17: 190/390 (48.7%)
Worker linux_worker_12: 195/390 (50.0%)
Worker linux_worker_5: 210/390 (53.8%)
Worker linux_worker_29: 210/389 (54.0%)
Worker linux_worker_22: 195/389 (50.1%)
Worker linux_worker_31: 195/389 (50.1%)
Worker linux_worker_4: 200/390 (51.3%)
Worker linux_worker_13: 210/390 (53.8%)
Worker linux_worker_15: 210/390 (53.8%)
Worker linux_worker_11: 220/390 (56.4%)
Worker linux_worker_14: 195/390 (50.0%)
Worker linux_worker_3: 210/390 (53.8%)
Worker linux_worker_24: 185/389 (47.6%)
Worker linux_worker_28: 200/389 (51.4%)
Worker linux_worker_2: 200/390 (51.3%)
Worker linux_worker_30: 195/389 (50.1%)
Worker linux_worker_8: 210/390 (53.8%)
Worker linux_worker_18: 220/390 (56.4%)
Worker linux_worker_0: 190/390 (48.7%)
Worker linux_worker_26: 200/389 (51.4%)
Worker linux_worker_21: 195/389 (50.1%)
Worker linux_worker_25: 205/389 (52.7%)
Worker linux_worker_27: 195/389 (50.1%)
Worker linux_worker_9: 220/390 (56.4%)
Worker linux_worker_23: 220/389 (56.6%)
Worker linux_worker_20: 195/389 (50.1%)
Worker linux_worker_6: 215/390 (55.1%)
Worker linux_worker_16: 205/390 (52.6%)
Worker linux_worker_10: 205/390 (52.6%)
Worker linux_worker_1: 220/390 (56.4%)
Worker linux_worker_7: 225/390 (57.7%)
Worker linux_worker_19: 225/389 (57.8%)
Worker linux_worker_12: 200/390 (51.3%)
Worker linux_worker_17: 195/390 (50.0%)
Worker linux_worker_29: 215/389 (55.3%)
Worker linux_worker_5: 215/390 (55.1%)
Worker linux_worker_13: 215/390 (55.1%)
Worker linux_worker_15: 215/390 (55.1%)
Worker linux_worker_8: 215/390 (55.1%)
Worker linux_worker_31: 200/389 (51.4%)
Worker linux_worker_4: 205/390 (52.6%)
Worker linux_worker_22: 200/389 (51.4%)
Worker linux_worker_11: 225/390 (57.7%)
Worker linux_worker_3: 215/390 (55.1%)
Worker linux_worker_14: 200/390 (51.3%)
Worker linux_worker_18: 225/390 (57.7%)
Worker linux_worker_23: 225/389 (57.8%)
Worker linux_worker_24: 190/389 (48.8%)
Worker linux_worker_28: 205/389 (52.7%)
Worker linux_worker_30: 200/389 (51.4%)
Worker linux_worker_2: 205/390 (52.6%)
Worker linux_worker_0: 195/390 (50.0%)
Worker linux_worker_26: 205/389 (52.7%)
Worker linux_worker_9: 225/390 (57.7%)
Worker linux_worker_6: 220/390 (56.4%)
Worker linux_worker_21: 200/389 (51.4%)
Worker linux_worker_27: 200/389 (51.4%)
Worker linux_worker_20: 200/389 (51.4%)
Worker linux_worker_25: 210/389 (54.0%)
Worker linux_worker_19: 230/389 (59.1%)
Worker linux_worker_1: 225/390 (57.7%)
Worker linux_worker_7: 230/390 (59.0%)
Worker linux_worker_15: 220/390 (56.4%)
Worker linux_worker_10: 210/390 (53.8%)
Worker linux_worker_16: 210/390 (53.8%)
Worker linux_worker_29: 220/389 (56.6%)
Worker linux_worker_5: 220/390 (56.4%)
Worker linux_worker_13: 220/390 (56.4%)
Worker linux_worker_3: 220/390 (56.4%)
Worker linux_worker_17: 200/390 (51.3%)
Worker linux_worker_8: 220/390 (56.4%)
Worker linux_worker_12: 205/390 (52.6%)
Worker linux_worker_11: 230/390 (59.0%)
Worker linux_worker_31: 205/389 (52.7%)
Worker linux_worker_18: 230/390 (59.0%)
Worker linux_worker_23: 230/389 (59.1%)
Worker linux_worker_4: 210/390 (53.8%)
Worker linux_worker_22: 205/389 (52.7%)
Worker linux_worker_14: 205/390 (52.6%)
Worker linux_worker_24: 195/389 (50.1%)
Worker linux_worker_28: 210/389 (54.0%)
Worker linux_worker_9: 230/390 (59.0%)
Worker linux_worker_0: 200/390 (51.3%)
Worker linux_worker_30: 205/389 (52.7%)
Worker linux_worker_2: 210/390 (53.8%)
Worker linux_worker_26: 210/389 (54.0%)
Worker linux_worker_6: 225/390 (57.7%)
Worker linux_worker_21: 205/389 (52.7%)
Worker linux_worker_19: 235/389 (60.4%)
Worker linux_worker_1: 230/390 (59.0%)
Worker linux_worker_7: 235/390 (60.3%)
Worker linux_worker_27: 205/389 (52.7%)
Worker linux_worker_25: 215/389 (55.3%)
Worker linux_worker_20: 205/389 (52.7%)
Worker linux_worker_15: 225/390 (57.7%)
Worker linux_worker_29: 225/389 (57.8%)
Worker linux_worker_5: 225/390 (57.7%)
Worker linux_worker_13: 225/390 (57.7%)
Worker linux_worker_10: 215/390 (55.1%)
Worker linux_worker_16: 215/390 (55.1%)
Worker linux_worker_3: 225/390 (57.7%)
Worker linux_worker_17: 205/390 (52.6%)
Worker linux_worker_8: 225/390 (57.7%)
Worker linux_worker_11: 235/390 (60.3%)
Worker linux_worker_12: 210/390 (53.8%)
Worker linux_worker_31: 210/389 (54.0%)
Worker linux_worker_23: 235/389 (60.4%)
Worker linux_worker_9: 235/390 (60.3%)
Worker linux_worker_18: 235/390 (60.3%)
Worker linux_worker_22: 210/389 (54.0%)
Worker linux_worker_14: 210/390 (53.8%)
Worker linux_worker_4: 215/390 (55.1%)
Worker linux_worker_28: 215/389 (55.3%)
Worker linux_worker_24: 200/389 (51.4%)
Worker linux_worker_6: 230/390 (59.0%)
Worker linux_worker_15: 230/390 (59.0%)
Worker linux_worker_26: 215/389 (55.3%)
Worker linux_worker_0: 205/390 (52.6%)
Worker linux_worker_2: 215/390 (55.1%)
Worker linux_worker_30: 210/389 (54.0%)
Worker linux_worker_21: 210/389 (54.0%)
Worker linux_worker_1: 235/390 (60.3%)
Worker linux_worker_19: 240/389 (61.7%)
Worker linux_worker_7: 240/390 (61.5%)
Worker linux_worker_27: 210/389 (54.0%)
Worker linux_worker_20: 210/389 (54.0%)
Worker linux_worker_25: 220/389 (56.6%)
Worker linux_worker_10: 220/390 (56.4%)
Worker linux_worker_29: 230/389 (59.1%)
Worker linux_worker_5: 230/390 (59.0%)
Worker linux_worker_13: 230/390 (59.0%)
Worker linux_worker_3: 230/390 (59.0%)
Worker linux_worker_8: 230/390 (59.0%)
Worker linux_worker_16: 220/390 (56.4%)
Worker linux_worker_17: 210/390 (53.8%)
Worker linux_worker_11: 240/390 (61.5%)
Worker linux_worker_9: 240/390 (61.5%)
Worker linux_worker_18: 240/390 (61.5%)
Worker linux_worker_23: 240/389 (61.7%)
Worker linux_worker_12: 215/390 (55.1%)
Worker linux_worker_31: 215/389 (55.3%)
Worker linux_worker_6: 235/390 (60.3%)
Worker linux_worker_14: 215/390 (55.1%)
Worker linux_worker_22: 215/389 (55.3%)
Worker linux_worker_24: 205/389 (52.7%)
Worker linux_worker_4: 220/390 (56.4%)
Worker linux_worker_28: 220/389 (56.6%)
Worker linux_worker_15: 235/390 (60.3%)
Worker linux_worker_26: 220/389 (56.6%)
Worker linux_worker_7: 245/390 (62.8%)
Worker linux_worker_1: 240/390 (61.5%)
Worker linux_worker_19: 245/389 (63.0%)
Worker linux_worker_21: 215/389 (55.3%)
Worker linux_worker_0: 210/390 (53.8%)
Worker linux_worker_30: 215/389 (55.3%)
Worker linux_worker_10: 225/390 (57.7%)
Worker linux_worker_2: 220/390 (56.4%)
Worker linux_worker_27: 215/389 (55.3%)
Worker linux_worker_20: 215/389 (55.3%)
Worker linux_worker_29: 235/389 (60.4%)
Worker linux_worker_5: 235/390 (60.3%)
Worker linux_worker_13: 235/390 (60.3%)
Worker linux_worker_3: 235/390 (60.3%)
Worker linux_worker_18: 245/390 (62.8%)
Worker linux_worker_25: 225/389 (57.8%)
Worker linux_worker_8: 235/390 (60.3%)
Worker linux_worker_11: 245/390 (62.8%)
Worker linux_worker_23: 245/389 (63.0%)
Worker linux_worker_9: 245/390 (62.8%)
Worker linux_worker_17: 215/390 (55.1%)
Worker linux_worker_16: 225/390 (57.7%)
Worker linux_worker_12: 220/390 (56.4%)
Worker linux_worker_31: 220/389 (56.6%)
Worker linux_worker_4: 225/390 (57.7%)
Worker linux_worker_19: 250/389 (64.3%)
Worker linux_worker_6: 240/390 (61.5%)
Worker linux_worker_15: 240/390 (61.5%)
Worker linux_worker_14: 220/390 (56.4%)
Worker linux_worker_22: 220/389 (56.6%)
Worker linux_worker_7: 250/390 (64.1%)
Worker linux_worker_1: 245/390 (62.8%)
Worker linux_worker_24: 210/389 (54.0%)
Worker linux_worker_28: 225/389 (57.8%)
Worker linux_worker_26: 225/389 (57.8%)
Worker linux_worker_5: 240/390 (61.5%)
Worker linux_worker_29: 240/389 (61.7%)
Worker linux_worker_13: 240/390 (61.5%)
Worker linux_worker_3: 240/390 (61.5%)
Worker linux_worker_21: 220/389 (56.6%)
Worker linux_worker_0: 215/390 (55.1%)
Worker linux_worker_10: 230/390 (59.0%)
Worker linux_worker_27: 220/389 (56.6%)
Worker linux_worker_2: 225/390 (57.7%)
Worker linux_worker_30: 220/389 (56.6%)
Worker linux_worker_20: 220/389 (56.6%)
Worker linux_worker_18: 250/390 (64.1%)
Worker linux_worker_8: 240/390 (61.5%)
Worker linux_worker_9: 250/390 (64.1%)
Worker linux_worker_11: 250/390 (64.1%)
Worker linux_worker_16: 230/390 (59.0%)
Worker linux_worker_25: 230/389 (59.1%)
Worker linux_worker_23: 250/389 (64.3%)
Worker linux_worker_17: 220/390 (56.4%)
Worker linux_worker_12: 225/390 (57.7%)
Worker linux_worker_19: 255/389 (65.6%)
Worker linux_worker_6: 245/390 (62.8%)
Worker linux_worker_15: 245/390 (62.8%)
Worker linux_worker_31: 225/389 (57.8%)
Worker linux_worker_4: 230/390 (59.0%)
Worker linux_worker_14: 225/390 (57.7%)
Worker linux_worker_22: 225/389 (57.8%)
Worker linux_worker_1: 250/390 (64.1%)
Worker linux_worker_7: 255/390 (65.4%)
Worker linux_worker_24: 215/389 (55.3%)
Worker linux_worker_29: 245/389 (63.0%)
Worker linux_worker_5: 245/390 (62.8%)
Worker linux_worker_26: 230/389 (59.1%)
Worker linux_worker_10: 235/390 (60.3%)
Worker linux_worker_28: 230/389 (59.1%)
Worker linux_worker_13: 245/390 (62.8%)
Worker linux_worker_3: 245/390 (62.8%)
Worker linux_worker_21: 225/389 (57.8%)
Worker linux_worker_8: 245/390 (62.8%)
Worker linux_worker_18: 255/390 (65.4%)
Worker linux_worker_9: 255/390 (65.4%)
Worker linux_worker_11: 255/390 (65.4%)
Worker linux_worker_0: 220/390 (56.4%)
Worker linux_worker_30: 225/389 (57.8%)
Worker linux_worker_20: 225/389 (57.8%)
Worker linux_worker_27: 225/389 (57.8%)
Worker linux_worker_2: 230/390 (59.0%)
Worker linux_worker_23: 255/389 (65.6%)
Worker linux_worker_16: 235/390 (60.3%)
Worker linux_worker_25: 235/389 (60.4%)
Worker linux_worker_19: 260/389 (66.8%)
Worker linux_worker_15: 250/390 (64.1%)
Worker linux_worker_6: 250/390 (64.1%)
Worker linux_worker_17: 225/390 (57.7%)
Worker linux_worker_12: 230/390 (59.0%)
Worker linux_worker_1: 255/390 (65.4%)
Worker linux_worker_7: 260/390 (66.7%)
Worker linux_worker_31: 230/389 (59.1%)
Worker linux_worker_14: 230/390 (59.0%)
Worker linux_worker_4: 235/390 (60.3%)
Worker linux_worker_22: 230/389 (59.1%)
Worker linux_worker_29: 250/389 (64.3%)
Worker linux_worker_5: 250/390 (64.1%)
Worker linux_worker_13: 250/390 (64.1%)
Worker linux_worker_3: 250/390 (64.1%)
Worker linux_worker_8: 250/390 (64.1%)
Worker linux_worker_24: 220/389 (56.6%)
Worker linux_worker_9: 260/390 (66.7%)
Worker linux_worker_18: 260/390 (66.7%)
Worker linux_worker_26: 235/389 (60.4%)
Worker linux_worker_21: 230/389 (59.1%)
Worker linux_worker_10: 240/390 (61.5%)
Worker linux_worker_28: 235/389 (60.4%)
Worker linux_worker_11: 260/390 (66.7%)
Worker linux_worker_23: 260/389 (66.8%)
Worker linux_worker_0: 225/390 (57.7%)
Worker linux_worker_30: 230/389 (59.1%)
Worker linux_worker_20: 230/389 (59.1%)
Worker linux_worker_27: 230/389 (59.1%)
Worker linux_worker_2: 235/390 (60.3%)
Worker linux_worker_19: 265/389 (68.1%)
Worker linux_worker_25: 240/389 (61.7%)
Worker linux_worker_16: 240/390 (61.5%)
Worker linux_worker_12: 235/390 (60.3%)
Worker linux_worker_15: 255/390 (65.4%)
Worker linux_worker_6: 255/390 (65.4%)
Worker linux_worker_17: 230/390 (59.0%)
Worker linux_worker_1: 260/390 (66.7%)
Worker linux_worker_7: 265/390 (67.9%)
Worker linux_worker_31: 235/389 (60.4%)
Worker linux_worker_29: 255/389 (65.6%)
Worker linux_worker_5: 255/390 (65.4%)
Worker linux_worker_14: 235/390 (60.3%)
Worker linux_worker_3: 255/390 (65.4%)
Worker linux_worker_13: 255/390 (65.4%)
Worker linux_worker_22: 235/389 (60.4%)
Worker linux_worker_4: 240/390 (61.5%)
Worker linux_worker_8: 255/390 (65.4%)
Worker linux_worker_9: 265/390 (67.9%)
Worker linux_worker_18: 265/390 (67.9%)
Worker linux_worker_24: 225/389 (57.8%)
Worker linux_worker_23: 265/389 (68.1%)
Worker linux_worker_26: 240/389 (61.7%)
Worker linux_worker_11: 265/390 (67.9%)
Worker linux_worker_28: 240/389 (61.7%)
Worker linux_worker_10: 245/390 (62.8%)
Worker linux_worker_21: 235/389 (60.4%)
Worker linux_worker_30: 235/389 (60.4%)
Worker linux_worker_0: 230/390 (59.0%)
Worker linux_worker_20: 235/389 (60.4%)
Worker linux_worker_6: 260/390 (66.7%)
Worker linux_worker_27: 235/389 (60.4%)
Worker linux_worker_2: 240/390 (61.5%)
Worker linux_worker_19: 270/389 (69.4%)
Worker linux_worker_15: 260/390 (66.7%)
Worker linux_worker_25: 245/389 (63.0%)
Worker linux_worker_12: 240/390 (61.5%)
Worker linux_worker_16: 245/390 (62.8%)
Worker linux_worker_17: 235/390 (60.3%)
Worker linux_worker_1: 265/390 (67.9%)
Worker linux_worker_7: 270/390 (69.2%)
Worker linux_worker_14: 240/390 (61.5%)
Worker linux_worker_31: 240/389 (61.7%)
Worker linux_worker_5: 260/390 (66.7%)
Worker linux_worker_24: 230/389 (59.1%)
Worker linux_worker_29: 260/389 (66.8%)
Worker linux_worker_3: 260/390 (66.7%)
Worker linux_worker_13: 260/390 (66.7%)
Worker linux_worker_23: 270/389 (69.4%)
Worker linux_worker_18: 270/390 (69.2%)
Worker linux_worker_8: 260/390 (66.7%)
Worker linux_worker_9: 270/390 (69.2%)
Worker linux_worker_22: 240/389 (61.7%)
Worker linux_worker_4: 245/390 (62.8%)
Worker linux_worker_26: 245/389 (63.0%)
Worker linux_worker_11: 270/390 (69.2%)
Worker linux_worker_6: 265/390 (67.9%)
Worker linux_worker_28: 245/389 (63.0%)
Worker linux_worker_21: 240/389 (61.7%)
Worker linux_worker_10: 250/390 (64.1%)
Worker linux_worker_0: 235/390 (60.3%)
Worker linux_worker_30: 240/389 (61.7%)
Worker linux_worker_20: 240/389 (61.7%)
Worker linux_worker_19: 275/389 (70.7%)
Worker linux_worker_27: 240/389 (61.7%)
Worker linux_worker_2: 245/390 (62.8%)
Worker linux_worker_15: 265/390 (67.9%)
Worker linux_worker_1: 270/390 (69.2%)
Worker linux_worker_7: 275/390 (70.5%)
Worker linux_worker_12: 245/390 (62.8%)
Worker linux_worker_25: 250/389 (64.3%)
Worker linux_worker_16: 250/390 (64.1%)
Worker linux_worker_17: 240/390 (61.5%)
Worker linux_worker_14: 245/390 (62.8%)
Worker linux_worker_29: 265/389 (68.1%)
Worker linux_worker_5: 265/390 (67.9%)
Worker linux_worker_3: 265/390 (67.9%)
Worker linux_worker_13: 265/390 (67.9%)
Worker linux_worker_31: 245/389 (63.0%)
Worker linux_worker_24: 235/389 (60.4%)
Worker linux_worker_23: 275/389 (70.7%)
Worker linux_worker_18: 275/390 (70.5%)
Worker linux_worker_9: 275/390 (70.5%)
Worker linux_worker_8: 265/390 (67.9%)
Worker linux_worker_6: 270/390 (69.2%)
Worker linux_worker_11: 275/390 (70.5%)
Worker linux_worker_4: 250/390 (64.1%)
Worker linux_worker_22: 245/389 (63.0%)
Worker linux_worker_26: 250/389 (64.3%)
Worker linux_worker_21: 245/389 (63.0%)
Worker linux_worker_28: 250/389 (64.3%)
Worker linux_worker_10: 255/390 (65.4%)
Worker linux_worker_0: 240/390 (61.5%)
Worker linux_worker_30: 245/389 (63.0%)
Worker linux_worker_20: 245/389 (63.0%)
Worker linux_worker_19: 280/389 (72.0%)
Worker linux_worker_15: 270/390 (69.2%)
Worker linux_worker_27: 245/389 (63.0%)
Worker linux_worker_2: 250/390 (64.1%)
Worker linux_worker_1: 275/390 (70.5%)
Worker linux_worker_7: 280/390 (71.8%)
Worker linux_worker_29: 270/389 (69.4%)
Worker linux_worker_12: 250/390 (64.1%)
Worker linux_worker_9: 280/390 (71.8%)
Worker linux_worker_17: 245/390 (62.8%)
Worker linux_worker_16: 255/390 (65.4%)
Worker linux_worker_25: 255/389 (65.6%)
Worker linux_worker_14: 250/390 (64.1%)
Worker linux_worker_5: 270/390 (69.2%)
Worker linux_worker_18: 280/390 (71.8%)
Worker linux_worker_3: 270/390 (69.2%)
Worker linux_worker_13: 270/390 (69.2%)
Worker linux_worker_8: 270/390 (69.2%)
Worker linux_worker_23: 280/389 (72.0%)
Worker linux_worker_24: 240/389 (61.7%)
Worker linux_worker_31: 250/389 (64.3%)
Worker linux_worker_11: 280/390 (71.8%)
Worker linux_worker_6: 275/390 (70.5%)
Worker linux_worker_4: 255/390 (65.4%)
Worker linux_worker_22: 250/389 (64.3%)
Worker linux_worker_21: 250/389 (64.3%)
Worker linux_worker_26: 255/389 (65.6%)
Worker linux_worker_0: 245/390 (62.8%)
Worker linux_worker_19: 285/389 (73.3%)
Worker linux_worker_28: 255/389 (65.6%)
Worker linux_worker_15: 275/390 (70.5%)
Worker linux_worker_20: 250/389 (64.3%)
Worker linux_worker_30: 250/389 (64.3%)
Worker linux_worker_10: 260/390 (66.7%)
Worker linux_worker_27: 250/389 (64.3%)
Worker linux_worker_1: 280/390 (71.8%)
Worker linux_worker_29: 275/389 (70.7%)
Worker linux_worker_7: 285/390 (73.1%)
Worker linux_worker_2: 255/390 (65.4%)
Worker linux_worker_12: 255/390 (65.4%)
Worker linux_worker_9: 285/390 (73.1%)
Worker linux_worker_18: 285/390 (73.1%)
Worker linux_worker_5: 275/390 (70.5%)
Worker linux_worker_3: 275/390 (70.5%)
Worker linux_worker_13: 275/390 (70.5%)
Worker linux_worker_17: 250/390 (64.1%)
Worker linux_worker_25: 260/389 (66.8%)
Worker linux_worker_16: 260/390 (66.7%)
Worker linux_worker_14: 255/390 (65.4%)
Worker linux_worker_24: 245/389 (63.0%)
Worker linux_worker_23: 285/389 (73.3%)
Worker linux_worker_8: 275/390 (70.5%)
Worker linux_worker_6: 280/390 (71.8%)
Worker linux_worker_11: 285/390 (73.1%)
Worker linux_worker_31: 255/389 (65.6%)
Worker linux_worker_4: 260/390 (66.7%)
Worker linux_worker_22: 255/389 (65.6%)
Worker linux_worker_21: 255/389 (65.6%)
Worker linux_worker_26: 260/389 (66.8%)
Worker linux_worker_0: 250/390 (64.1%)
Worker linux_worker_19: 290/389 (74.6%)
Worker linux_worker_28: 260/389 (66.8%)
Worker linux_worker_15: 280/390 (71.8%)
Worker linux_worker_20: 255/389 (65.6%)
Worker linux_worker_1: 285/390 (73.1%)
Worker linux_worker_29: 280/389 (72.0%)
Worker linux_worker_7: 290/390 (74.4%)
Worker linux_worker_10: 265/390 (67.9%)
Worker linux_worker_30: 255/389 (65.6%)
Worker linux_worker_27: 255/389 (65.6%)
Worker linux_worker_18: 290/390 (74.4%)
Worker linux_worker_9: 290/390 (74.4%)
Worker linux_worker_5: 280/390 (71.8%)
Worker linux_worker_12: 260/390 (66.7%)
Worker linux_worker_2: 260/390 (66.7%)
Worker linux_worker_3: 280/390 (71.8%)
Worker linux_worker_13: 280/390 (71.8%)
Worker linux_worker_8: 280/390 (71.8%)
Worker linux_worker_23: 290/389 (74.6%)
Worker linux_worker_6: 285/390 (73.1%)
Worker linux_worker_24: 250/389 (64.3%)
Worker linux_worker_11: 290/390 (74.4%)
Worker linux_worker_17: 255/390 (65.4%)
Worker linux_worker_25: 265/389 (68.1%)
Worker linux_worker_14: 260/390 (66.7%)
Worker linux_worker_16: 265/390 (67.9%)
Worker linux_worker_31: 260/389 (66.8%)
Worker linux_worker_21: 260/389 (66.8%)
Worker linux_worker_22: 260/389 (66.8%)
Worker linux_worker_4: 265/390 (67.9%)
Worker linux_worker_28: 265/389 (68.1%)
Worker linux_worker_19: 295/389 (75.8%)
Worker linux_worker_7: 295/390 (75.6%)
Worker linux_worker_15: 285/390 (73.1%)
Worker linux_worker_26: 265/389 (68.1%)
Worker linux_worker_0: 255/390 (65.4%)
Worker linux_worker_1: 290/390 (74.4%)
Worker linux_worker_20: 260/389 (66.8%)
Worker linux_worker_29: 285/389 (73.3%)
Worker linux_worker_10: 270/390 (69.2%)
Worker linux_worker_9: 295/390 (75.6%)
Worker linux_worker_18: 295/390 (75.6%)
Worker linux_worker_30: 260/389 (66.8%)
Worker linux_worker_27: 260/389 (66.8%)
Worker linux_worker_5: 285/390 (73.1%)
Worker linux_worker_3: 285/390 (73.1%)
Worker linux_worker_13: 285/390 (73.1%)
Worker linux_worker_8: 285/390 (73.1%)
Worker linux_worker_23: 295/389 (75.8%)
Worker linux_worker_12: 265/390 (67.9%)
Worker linux_worker_2: 265/390 (67.9%)
Worker linux_worker_11: 295/390 (75.6%)
Worker linux_worker_6: 290/390 (74.4%)
Worker linux_worker_24: 255/389 (65.6%)
Worker linux_worker_17: 260/390 (66.7%)
Worker linux_worker_14: 265/390 (67.9%)
Worker linux_worker_25: 270/389 (69.4%)
Worker linux_worker_16: 270/390 (69.2%)
Worker linux_worker_19: 300/389 (77.1%)
Worker linux_worker_7: 300/390 (76.9%)
Worker linux_worker_21: 265/389 (68.1%)
Worker linux_worker_22: 265/389 (68.1%)
Worker linux_worker_4: 270/390 (69.2%)
Worker linux_worker_28: 270/389 (69.4%)
Worker linux_worker_31: 265/389 (68.1%)
Worker linux_worker_15: 290/390 (74.4%)
Worker linux_worker_1: 295/390 (75.6%)
Worker linux_worker_26: 270/389 (69.4%)
Worker linux_worker_29: 290/389 (74.6%)
Worker linux_worker_20: 265/389 (68.1%)
Worker linux_worker_0: 260/390 (66.7%)
Worker linux_worker_10: 275/390 (70.5%)
Worker linux_worker_9: 300/390 (76.9%)
Worker linux_worker_18: 300/390 (76.9%)
Worker linux_worker_30: 265/389 (68.1%)
Worker linux_worker_5: 290/390 (74.4%)
Worker linux_worker_3: 290/390 (74.4%)
Worker linux_worker_13: 290/390 (74.4%)
Worker linux_worker_27: 265/389 (68.1%)
Worker linux_worker_8: 290/390 (74.4%)
Worker linux_worker_23: 300/389 (77.1%)
Worker linux_worker_11: 300/390 (76.9%)
Worker linux_worker_6: 295/390 (75.6%)
Worker linux_worker_12: 270/390 (69.2%)
Worker linux_worker_2: 270/390 (69.2%)
Worker linux_worker_24: 260/389 (66.8%)
Worker linux_worker_17: 265/390 (67.9%)
Worker linux_worker_14: 270/390 (69.2%)
Worker linux_worker_25: 275/389 (70.7%)
Worker linux_worker_16: 275/390 (70.5%)
Worker linux_worker_28: 275/389 (70.7%)
Worker linux_worker_1: 300/390 (76.9%)
Worker linux_worker_18: 305/390 (78.2%)
Worker linux_worker_19: 305/389 (78.4%)
Worker linux_worker_7: 305/390 (78.2%)
Worker linux_worker_21: 270/389 (69.4%)
Worker linux_worker_15: 295/390 (75.6%)
Worker linux_worker_31: 270/389 (69.4%)
Worker linux_worker_22: 270/389 (69.4%)
Worker linux_worker_4: 275/390 (70.5%)
Worker linux_worker_29: 295/389 (75.8%)
Worker linux_worker_26: 275/389 (70.7%)
Worker linux_worker_9: 305/390 (78.2%)
Worker linux_worker_5: 295/390 (75.6%)
Worker linux_worker_20: 270/389 (69.4%)
Worker linux_worker_0: 265/390 (67.9%)
Worker linux_worker_10: 280/390 (71.8%)
Worker linux_worker_30: 270/389 (69.4%)
Worker linux_worker_3: 295/390 (75.6%)
Worker linux_worker_13: 295/390 (75.6%)
Worker linux_worker_27: 270/389 (69.4%)
Worker linux_worker_8: 295/390 (75.6%)
Worker linux_worker_23: 305/389 (78.4%)
Worker linux_worker_11: 305/390 (78.2%)
Worker linux_worker_6: 300/390 (76.9%)
Worker linux_worker_12: 275/390 (70.5%)
Worker linux_worker_15: 300/390 (76.9%)
Worker linux_worker_2: 275/390 (70.5%)
Worker linux_worker_24: 265/389 (68.1%)
Worker linux_worker_17: 270/390 (69.2%)
Worker linux_worker_1: 305/390 (78.2%)
Worker linux_worker_18: 310/390 (79.5%)
Worker linux_worker_19: 310/389 (79.7%)
Worker linux_worker_7: 310/390 (79.5%)
Worker linux_worker_25: 280/389 (72.0%)
Worker linux_worker_14: 275/390 (70.5%)
Worker linux_worker_16: 280/390 (71.8%)
Worker linux_worker_28: 280/389 (72.0%)
Worker linux_worker_21: 275/389 (70.7%)
Worker linux_worker_26: 280/389 (72.0%)
Worker linux_worker_29: 300/389 (77.1%)
Worker linux_worker_9: 310/390 (79.5%)
Worker linux_worker_31: 275/389 (70.7%)
Worker linux_worker_22: 275/389 (70.7%)
Worker linux_worker_4: 280/390 (71.8%)
Worker linux_worker_5: 300/390 (76.9%)
Worker linux_worker_20: 275/389 (70.7%)
Worker linux_worker_3: 300/390 (76.9%)
Worker linux_worker_13: 300/390 (76.9%)
Worker linux_worker_6: 305/390 (78.2%)
Worker linux_worker_8: 300/390 (76.9%)
Worker linux_worker_23: 310/389 (79.7%)
Worker linux_worker_27: 275/389 (70.7%)
Worker linux_worker_30: 275/389 (70.7%)
Worker linux_worker_0: 270/390 (69.2%)
Worker linux_worker_10: 285/390 (73.1%)
Worker linux_worker_11: 310/390 (79.5%)
Worker linux_worker_1: 310/390 (79.5%)
Worker linux_worker_15: 305/390 (78.2%)
Worker linux_worker_18: 315/390 (80.8%)
Worker linux_worker_12: 280/390 (71.8%)
Worker linux_worker_19: 315/389 (81.0%)
Worker linux_worker_7: 315/390 (80.8%)
Worker linux_worker_17: 275/390 (70.5%)
Worker linux_worker_24: 270/389 (69.4%)
Worker linux_worker_2: 280/390 (71.8%)
Worker linux_worker_29: 305/389 (78.4%)
Worker linux_worker_25: 285/389 (73.3%)
Worker linux_worker_14: 280/390 (71.8%)
Worker linux_worker_21: 280/389 (72.0%)
Worker linux_worker_28: 285/389 (73.3%)
Worker linux_worker_16: 285/390 (73.1%)
Worker linux_worker_26: 285/389 (73.3%)
Worker linux_worker_9: 315/390 (80.8%)
Worker linux_worker_31: 280/389 (72.0%)
Worker linux_worker_5: 305/390 (78.2%)
Worker linux_worker_22: 280/389 (72.0%)
Worker linux_worker_13: 305/390 (78.2%)
Worker linux_worker_3: 305/390 (78.2%)
Worker linux_worker_4: 285/390 (73.1%)
Worker linux_worker_6: 310/390 (79.5%)
Worker linux_worker_20: 280/389 (72.0%)
Worker linux_worker_8: 305/390 (78.2%)
Worker linux_worker_23: 315/389 (81.0%)
Worker linux_worker_27: 280/389 (72.0%)
Worker linux_worker_11: 315/390 (80.8%)
Worker linux_worker_10: 290/390 (74.4%)
Worker linux_worker_0: 275/390 (70.5%)
Worker linux_worker_30: 280/389 (72.0%)
Worker linux_worker_1: 315/390 (80.8%)
Worker linux_worker_15: 310/390 (79.5%)
Worker linux_worker_18: 320/390 (82.1%)
Worker linux_worker_12: 285/390 (73.1%)
Worker linux_worker_19: 320/389 (82.3%)
Worker linux_worker_7: 320/390 (82.1%)
Worker linux_worker_17: 280/390 (71.8%)
Worker linux_worker_9: 320/390 (82.1%)
Worker linux_worker_24: 275/389 (70.7%)
Worker linux_worker_2: 285/390 (73.1%)
Worker linux_worker_29: 310/389 (79.7%)
Worker linux_worker_25: 290/389 (74.6%)
Worker linux_worker_14: 285/390 (73.1%)
Worker linux_worker_21: 285/389 (73.3%)
Worker linux_worker_28: 290/389 (74.6%)
Worker linux_worker_26: 290/389 (74.6%)
Worker linux_worker_16: 290/390 (74.4%)
Worker linux_worker_5: 310/390 (79.5%)
Worker linux_worker_31: 285/389 (73.3%)
Worker linux_worker_13: 310/390 (79.5%)
Worker linux_worker_22: 285/389 (73.3%)
Worker linux_worker_3: 310/390 (79.5%)
Worker linux_worker_6: 315/390 (80.8%)
Worker linux_worker_4: 290/390 (74.4%)
Worker linux_worker_8: 310/390 (79.5%)
Worker linux_worker_23: 320/389 (82.3%)
Worker linux_worker_20: 285/389 (73.3%)
Worker linux_worker_11: 320/390 (82.1%)
Worker linux_worker_27: 285/389 (73.3%)
Worker linux_worker_1: 320/390 (82.1%)
Worker linux_worker_0: 280/390 (71.8%)
Worker linux_worker_30: 285/389 (73.3%)
Worker linux_worker_10: 295/390 (75.6%)
Worker linux_worker_15: 315/390 (80.8%)
Worker linux_worker_18: 325/390 (83.3%)
Worker linux_worker_19: 325/389 (83.5%)
Worker linux_worker_7: 325/390 (83.3%)
Worker linux_worker_24: 280/389 (72.0%)
Worker linux_worker_12: 290/390 (74.4%)
Worker linux_worker_9: 325/390 (83.3%)
Worker linux_worker_17: 285/390 (73.1%)
Worker linux_worker_29: 315/389 (81.0%)
Worker linux_worker_2: 290/390 (74.4%)
Worker linux_worker_25: 295/389 (75.8%)
Worker linux_worker_14: 290/390 (74.4%)
Worker linux_worker_5: 315/390 (80.8%)
Worker linux_worker_13: 315/390 (80.8%)
Worker linux_worker_21: 290/389 (74.6%)
Worker linux_worker_3: 315/390 (80.8%)
Worker linux_worker_28: 295/389 (75.8%)
Worker linux_worker_6: 320/390 (82.1%)
Worker linux_worker_16: 295/390 (75.6%)
Worker linux_worker_31: 290/389 (74.6%)
Worker linux_worker_26: 295/389 (75.8%)
Worker linux_worker_22: 290/389 (74.6%)
Worker linux_worker_4: 295/390 (75.6%)
Worker linux_worker_23: 325/389 (83.5%)
Worker linux_worker_8: 315/390 (80.8%)
Worker linux_worker_11: 325/390 (83.3%)
Worker linux_worker_20: 290/389 (74.6%)
Worker linux_worker_27: 290/389 (74.6%)
Worker linux_worker_1: 325/390 (83.3%)
Worker linux_worker_15: 320/390 (82.1%)
Worker linux_worker_30: 290/389 (74.6%)
Worker linux_worker_0: 285/390 (73.1%)
Worker linux_worker_10: 300/390 (76.9%)
Worker linux_worker_18: 330/390 (84.6%)
Worker linux_worker_7: 330/390 (84.6%)
Worker linux_worker_19: 330/389 (84.8%)
Worker linux_worker_24: 285/389 (73.3%)
Worker linux_worker_9: 330/390 (84.6%)
Worker linux_worker_12: 295/390 (75.6%)
Worker linux_worker_14: 295/390 (75.6%)
Worker linux_worker_17: 290/390 (74.4%)
Worker linux_worker_29: 320/389 (82.3%)
Worker linux_worker_6: 325/390 (83.3%)
Worker linux_worker_2: 295/390 (75.6%)
Worker linux_worker_25: 300/389 (77.1%)
Worker linux_worker_5: 320/390 (82.1%)
Worker linux_worker_13: 320/390 (82.1%)
Worker linux_worker_21: 295/389 (75.8%)
Worker linux_worker_3: 320/390 (82.1%)
Worker linux_worker_28: 300/389 (77.1%)
Worker linux_worker_8: 320/390 (82.1%)
Worker linux_worker_23: 330/389 (84.8%)
Worker linux_worker_22: 295/389 (75.8%)
Worker linux_worker_31: 295/389 (75.8%)
Worker linux_worker_26: 300/389 (77.1%)
Worker linux_worker_16: 300/390 (76.9%)
Worker linux_worker_4: 300/390 (76.9%)
Worker linux_worker_11: 330/390 (84.6%)
Worker linux_worker_20: 295/389 (75.8%)
Worker linux_worker_1: 330/390 (84.6%)
Worker linux_worker_27: 295/389 (75.8%)
Worker linux_worker_15: 325/390 (83.3%)
Worker linux_worker_30: 295/389 (75.8%)
Worker linux_worker_18: 335/390 (85.9%)
Worker linux_worker_7: 335/390 (85.9%)
Worker linux_worker_19: 335/389 (86.1%)
Worker linux_worker_10: 305/390 (78.2%)
Worker linux_worker_0: 290/390 (74.4%)
Worker linux_worker_24: 290/389 (74.6%)
Worker linux_worker_9: 335/390 (85.9%)
Worker linux_worker_29: 325/389 (83.5%)
Worker linux_worker_13: 325/390 (83.3%)
Worker linux_worker_12: 300/390 (76.9%)
Worker linux_worker_17: 295/390 (75.6%)
Worker linux_worker_14: 300/390 (76.9%)
Worker linux_worker_6: 330/390 (84.6%)
Worker linux_worker_5: 325/390 (83.3%)
Worker linux_worker_3: 325/390 (83.3%)
Worker linux_worker_25: 305/389 (78.4%)
Worker linux_worker_2: 300/390 (76.9%)
Worker linux_worker_21: 300/389 (77.1%)
Worker linux_worker_28: 305/389 (78.4%)
Worker linux_worker_23: 335/389 (86.1%)
Worker linux_worker_8: 325/390 (83.3%)
Worker linux_worker_11: 335/390 (85.9%)
Worker linux_worker_31: 300/389 (77.1%)
Worker linux_worker_22: 300/389 (77.1%)
Worker linux_worker_4: 305/390 (78.2%)
Worker linux_worker_16: 305/390 (78.2%)
Worker linux_worker_26: 305/389 (78.4%)
Worker linux_worker_20: 300/389 (77.1%)
Worker linux_worker_1: 335/390 (85.9%)
Worker linux_worker_15: 330/390 (84.6%)
Worker linux_worker_27: 300/389 (77.1%)
Worker linux_worker_30: 300/389 (77.1%)
Worker linux_worker_18: 340/390 (87.2%)
Worker linux_worker_7: 340/390 (87.2%)
Worker linux_worker_19: 340/389 (87.4%)
Worker linux_worker_9: 340/390 (87.2%)
Worker linux_worker_0: 295/390 (75.6%)
Worker linux_worker_24: 295/389 (75.8%)
Worker linux_worker_10: 310/390 (79.5%)
Worker linux_worker_29: 330/389 (84.8%)
Worker linux_worker_13: 330/390 (84.6%)
Worker linux_worker_12: 305/390 (78.2%)
Worker linux_worker_6: 335/390 (85.9%)
Worker linux_worker_5: 330/390 (84.6%)
Worker linux_worker_17: 300/390 (76.9%)
Worker linux_worker_14: 305/390 (78.2%)
Worker linux_worker_3: 330/390 (84.6%)
Worker linux_worker_8: 330/390 (84.6%)
Worker linux_worker_23: 340/389 (87.4%)
Worker linux_worker_11: 340/390 (87.2%)
Worker linux_worker_21: 305/389 (78.4%)
Worker linux_worker_2: 305/390 (78.2%)
Worker linux_worker_25: 310/389 (79.7%)
Worker linux_worker_28: 310/389 (79.7%)
Worker linux_worker_31: 305/389 (78.4%)
Worker linux_worker_1: 340/390 (87.2%)
Worker linux_worker_15: 335/390 (85.9%)
Worker linux_worker_20: 305/389 (78.4%)
Worker linux_worker_26: 310/389 (79.7%)
Worker linux_worker_27: 305/389 (78.4%)
Worker linux_worker_22: 305/389 (78.4%)
Worker linux_worker_16: 310/390 (79.5%)
Worker linux_worker_4: 310/390 (79.5%)
Worker linux_worker_7: 345/390 (88.5%)
Worker linux_worker_13: 335/390 (85.9%)
Worker linux_worker_19: 345/389 (88.7%)
Worker linux_worker_18: 345/390 (88.5%)
Worker linux_worker_9: 345/390 (88.5%)
Worker linux_worker_30: 305/389 (78.4%)
Worker linux_worker_29: 335/389 (86.1%)
Worker linux_worker_6: 340/390 (87.2%)
Worker linux_worker_24: 300/389 (77.1%)
Worker linux_worker_10: 315/390 (80.8%)
Worker linux_worker_12: 310/390 (79.5%)
Worker linux_worker_0: 300/390 (76.9%)
Worker linux_worker_5: 335/390 (85.9%)
Worker linux_worker_3: 335/390 (85.9%)
Worker linux_worker_17: 305/390 (78.2%)
Worker linux_worker_14: 310/390 (79.5%)
Worker linux_worker_31: 310/389 (79.7%)
Worker linux_worker_23: 345/389 (88.7%)
Worker linux_worker_11: 345/390 (88.5%)
Worker linux_worker_8: 335/390 (85.9%)
Worker linux_worker_21: 310/389 (79.7%)
Worker linux_worker_1: 345/390 (88.5%)
Worker linux_worker_2: 310/390 (79.5%)
Worker linux_worker_28: 315/389 (81.0%)
Worker linux_worker_25: 315/389 (81.0%)
Worker linux_worker_15: 340/390 (87.2%)
Worker linux_worker_20: 310/389 (79.7%)
Worker linux_worker_26: 315/389 (81.0%)
Worker linux_worker_22: 310/389 (79.7%)
Worker linux_worker_27: 310/389 (79.7%)
Worker linux_worker_4: 315/390 (80.8%)
Worker linux_worker_13: 340/390 (87.2%)
Worker linux_worker_16: 315/390 (80.8%)
Worker linux_worker_18: 350/390 (89.7%)
Worker linux_worker_19: 350/389 (90.0%)
Worker linux_worker_7: 350/390 (89.7%)
Worker linux_worker_9: 350/390 (89.7%)
Worker linux_worker_29: 340/389 (87.4%)
Worker linux_worker_6: 345/390 (88.5%)
Worker linux_worker_30: 310/389 (79.7%)
Worker linux_worker_5: 340/390 (87.2%)
Worker linux_worker_3: 340/390 (87.2%)
Worker linux_worker_10: 320/390 (82.1%)
Worker linux_worker_24: 305/389 (78.4%)
Worker linux_worker_12: 315/390 (80.8%)
Worker linux_worker_0: 305/390 (78.2%)
Worker linux_worker_17: 310/390 (79.5%)
Worker linux_worker_21: 315/389 (81.0%)
Worker linux_worker_14: 315/390 (80.8%)
Worker linux_worker_11: 350/390 (89.7%)
Worker linux_worker_8: 340/390 (87.2%)
Worker linux_worker_23: 350/389 (90.0%)
Worker linux_worker_31: 315/389 (81.0%)
Worker linux_worker_1: 350/390 (89.7%)
Worker linux_worker_15: 345/390 (88.5%)
Worker linux_worker_19: 355/389 (91.3%)
Worker linux_worker_25: 320/389 (82.3%)
Worker linux_worker_28: 320/389 (82.3%)
Worker linux_worker_2: 315/390 (80.8%)
Worker linux_worker_20: 315/389 (81.0%)
Worker linux_worker_26: 320/389 (82.3%)
Worker linux_worker_13: 345/390 (88.5%)
Worker linux_worker_7: 355/390 (91.0%)
Worker linux_worker_18: 355/390 (91.0%)
Worker linux_worker_9: 355/390 (91.0%)
Worker linux_worker_22: 315/389 (81.0%)
Worker linux_worker_29: 345/389 (88.7%)
Worker linux_worker_4: 320/390 (82.1%)
Worker linux_worker_27: 315/389 (81.0%)
Worker linux_worker_16: 320/390 (82.1%)
Worker linux_worker_6: 350/390 (89.7%)
Worker linux_worker_30: 315/389 (81.0%)
Worker linux_worker_3: 345/390 (88.5%)
Worker linux_worker_5: 345/390 (88.5%)
Worker linux_worker_10: 325/390 (83.3%)
Worker linux_worker_11: 355/390 (91.0%)
Worker linux_worker_24: 310/389 (79.7%)
Worker linux_worker_12: 320/390 (82.1%)
Worker linux_worker_17: 315/390 (80.8%)
Worker linux_worker_21: 320/389 (82.3%)
Worker linux_worker_0: 310/390 (79.5%)
Worker linux_worker_14: 320/390 (82.1%)
Worker linux_worker_8: 345/390 (88.5%)
Worker linux_worker_23: 355/389 (91.3%)
Worker linux_worker_1: 355/390 (91.0%)
Worker linux_worker_31: 320/389 (82.3%)
Worker linux_worker_15: 350/390 (89.7%)
Worker linux_worker_19: 360/389 (92.5%)
Worker linux_worker_13: 350/390 (89.7%)
Worker linux_worker_25: 325/389 (83.5%)
Worker linux_worker_18: 360/390 (92.3%)
Worker linux_worker_7: 360/390 (92.3%)
Worker linux_worker_9: 360/390 (92.3%)
Worker linux_worker_20: 320/389 (82.3%)
Worker linux_worker_2: 320/390 (82.1%)
Worker linux_worker_28: 325/389 (83.5%)
Worker linux_worker_26: 325/389 (83.5%)
Worker linux_worker_16: 325/390 (83.3%)
Worker linux_worker_29: 350/389 (90.0%)
Worker linux_worker_22: 320/389 (82.3%)
Worker linux_worker_6: 355/390 (91.0%)
Worker linux_worker_27: 320/389 (82.3%)
Worker linux_worker_4: 325/390 (83.3%)
Worker linux_worker_3: 350/390 (89.7%)
Worker linux_worker_5: 350/390 (89.7%)
Worker linux_worker_30: 320/389 (82.3%)
Worker linux_worker_10: 330/390 (84.6%)
Worker linux_worker_11: 360/390 (92.3%)
Worker linux_worker_24: 315/389 (81.0%)
Worker linux_worker_12: 325/390 (83.3%)
Worker linux_worker_23: 360/389 (92.5%)
Worker linux_worker_8: 350/390 (89.7%)
Worker linux_worker_14: 325/390 (83.3%)
Worker linux_worker_17: 320/390 (82.1%)
Worker linux_worker_21: 325/389 (83.5%)
Worker linux_worker_0: 315/390 (80.8%)
Worker linux_worker_1: 360/390 (92.3%)
Worker linux_worker_15: 355/390 (91.0%)
Worker linux_worker_19: 365/389 (93.8%)
Worker linux_worker_13: 355/390 (91.0%)
Worker linux_worker_31: 325/389 (83.5%)
Worker linux_worker_25: 330/389 (84.8%)
Worker linux_worker_18: 365/390 (93.6%)
Worker linux_worker_7: 365/390 (93.6%)
Worker linux_worker_9: 365/390 (93.6%)
Worker linux_worker_29: 355/389 (91.3%)
Worker linux_worker_28: 330/389 (84.8%)
Worker linux_worker_20: 325/389 (83.5%)
Worker linux_worker_26: 330/389 (84.8%)
Worker linux_worker_16: 330/390 (84.6%)
Worker linux_worker_2: 325/390 (83.3%)
Worker linux_worker_22: 325/389 (83.5%)
Worker linux_worker_6: 360/390 (92.3%)
Worker linux_worker_3: 355/390 (91.0%)
Worker linux_worker_27: 325/389 (83.5%)
Worker linux_worker_4: 330/390 (84.6%)
Worker linux_worker_5: 355/390 (91.0%)
Worker linux_worker_11: 365/390 (93.6%)
Worker linux_worker_23: 365/389 (93.8%)
Worker linux_worker_8: 355/390 (91.0%)
Worker linux_worker_1: 365/390 (93.6%)
Worker linux_worker_10: 335/390 (85.9%)
Worker linux_worker_30: 325/389 (83.5%)
Worker linux_worker_24: 320/389 (82.3%)
Worker linux_worker_12: 330/390 (84.6%)
Worker linux_worker_14: 330/390 (84.6%)
Worker linux_worker_15: 360/390 (92.3%)
Worker linux_worker_19: 370/389 (95.1%)
Worker linux_worker_21: 330/389 (84.8%)
Worker linux_worker_17: 325/390 (83.3%)
Worker linux_worker_0: 320/390 (82.1%)
Worker linux_worker_13: 360/390 (92.3%)
Worker linux_worker_7: 370/390 (94.9%)
Worker linux_worker_18: 370/390 (94.9%)
Worker linux_worker_9: 370/390 (94.9%)
Worker linux_worker_29: 360/389 (92.5%)
Worker linux_worker_31: 330/389 (84.8%)
Worker linux_worker_25: 335/389 (86.1%)
Worker linux_worker_6: 365/390 (93.6%)
Worker linux_worker_20: 330/389 (84.8%)
Worker linux_worker_26: 335/389 (86.1%)
Worker linux_worker_28: 335/389 (86.1%)
Worker linux_worker_2: 330/390 (84.6%)
Worker linux_worker_16: 335/390 (85.9%)
Worker linux_worker_22: 330/389 (84.8%)
Worker linux_worker_3: 360/390 (92.3%)
Worker linux_worker_5: 360/390 (92.3%)
Worker linux_worker_11: 370/390 (94.9%)
Worker linux_worker_1: 370/390 (94.9%)
Worker linux_worker_27: 330/389 (84.8%)
Worker linux_worker_4: 335/390 (85.9%)
Worker linux_worker_8: 360/390 (92.3%)
Worker linux_worker_23: 370/389 (95.1%)
Worker linux_worker_15: 365/390 (93.6%)
Worker linux_worker_19: 375/389 (96.4%)
Worker linux_worker_24: 325/389 (83.5%)
Worker linux_worker_14: 335/390 (85.9%)
Worker linux_worker_30: 330/389 (84.8%)
Worker linux_worker_10: 340/390 (87.2%)
Worker linux_worker_12: 335/390 (85.9%)
Worker linux_worker_13: 365/390 (93.6%)
Worker linux_worker_7: 375/390 (96.2%)
Worker linux_worker_18: 375/390 (96.2%)
Worker linux_worker_9: 375/390 (96.2%)
Worker linux_worker_21: 335/389 (86.1%)
Worker linux_worker_17: 330/390 (84.6%)
Worker linux_worker_0: 325/390 (83.3%)
Worker linux_worker_29: 365/389 (93.8%)
Worker linux_worker_6: 370/390 (94.9%)
Worker linux_worker_31: 335/389 (86.1%)
Worker linux_worker_25: 340/389 (87.4%)
Worker linux_worker_3: 365/390 (93.6%)
Worker linux_worker_20: 335/389 (86.1%)
Worker linux_worker_5: 365/390 (93.6%)
Worker linux_worker_11: 375/390 (96.2%)
Worker linux_worker_1: 375/390 (96.2%)
Worker linux_worker_22: 335/389 (86.1%)
Worker linux_worker_28: 340/389 (87.4%)
Worker linux_worker_26: 340/389 (87.4%)
Worker linux_worker_16: 340/390 (87.2%)
Worker linux_worker_2: 335/390 (85.9%)
Worker linux_worker_27: 335/389 (86.1%)
Worker linux_worker_8: 365/390 (93.6%)
Worker linux_worker_23: 375/389 (96.4%)
Worker linux_worker_4: 340/390 (87.2%)
Worker linux_worker_15: 370/390 (94.9%)
Worker linux_worker_14: 340/390 (87.2%)
Worker linux_worker_19: 380/389 (97.7%)
Worker linux_worker_13: 370/390 (94.9%)
Worker linux_worker_7: 380/390 (97.4%)
Worker linux_worker_18: 380/390 (97.4%)
Worker linux_worker_24: 330/389 (84.8%)
Worker linux_worker_10: 345/390 (88.5%)
Worker linux_worker_30: 335/389 (86.1%)
Worker linux_worker_12: 340/390 (87.2%)
Worker linux_worker_9: 380/390 (97.4%)
Worker linux_worker_17: 335/390 (85.9%)
Worker linux_worker_21: 340/389 (87.4%)
Worker linux_worker_29: 370/389 (95.1%)
Worker linux_worker_0: 330/390 (84.6%)
Worker linux_worker_6: 375/390 (96.2%)
Worker linux_worker_31: 340/389 (87.4%)
Worker linux_worker_3: 370/390 (94.9%)
Worker linux_worker_25: 345/389 (88.7%)
Worker linux_worker_5: 370/390 (94.9%)
Worker linux_worker_20: 340/389 (87.4%)
Worker linux_worker_11: 380/390 (97.4%)
Worker linux_worker_1: 380/390 (97.4%)
Worker linux_worker_26: 345/389 (88.7%)
Worker linux_worker_23: 380/389 (97.7%)
Worker linux_worker_8: 370/390 (94.9%)
Worker linux_worker_16: 345/390 (88.5%)
Worker linux_worker_28: 345/389 (88.7%)
Worker linux_worker_22: 340/389 (87.4%)
Worker linux_worker_2: 340/390 (87.2%)
Worker linux_worker_27: 340/389 (87.4%)
Worker linux_worker_14: 345/390 (88.5%)
Worker linux_worker_15: 375/390 (96.2%)
Worker linux_worker_19: 385/389 (99.0%)
Worker linux_worker_4: 345/390 (88.5%)
Worker linux_worker_13: 375/390 (96.2%)
Worker linux_worker_18: 385/390 (98.7%)
Worker linux_worker_7: 385/390 (98.7%)
Worker linux_worker_9: 385/390 (98.7%)
Worker linux_worker_24: 335/389 (86.1%)
Worker linux_worker_30: 340/389 (87.4%)
Worker linux_worker_10: 350/390 (89.7%)
Worker linux_worker_12: 345/390 (88.5%)
Worker linux_worker_21: 345/389 (88.7%)
Worker linux_worker_17: 340/390 (87.2%)
Worker linux_worker_29: 375/389 (96.4%)
Worker linux_worker_6: 380/390 (97.4%)
Worker linux_worker_0: 335/390 (85.9%)
Worker linux_worker_31: 345/389 (88.7%)
Worker linux_worker_3: 375/390 (96.2%)
Worker linux_worker_5: 375/390 (96.2%)
Worker linux_worker_11: 385/390 (98.7%)
Worker linux_worker_1: 385/390 (98.7%)
Worker linux_worker_25: 350/389 (90.0%)
Worker linux_worker_20: 345/389 (88.7%)
Worker linux_worker_26: 350/389 (90.0%)
Worker linux_worker_8: 375/390 (96.2%)
Worker linux_worker_23: 385/389 (99.0%)
Worker linux_worker_22: 345/389 (88.7%)
Worker linux_worker_15: 380/390 (97.4%)
Worker linux_worker_28: 350/389 (90.0%)
Worker linux_worker_16: 350/390 (89.7%)
Worker linux_worker_14: 350/390 (89.7%)
Worker linux_worker_2: 345/390 (88.5%)
Worker linux_worker_27: 345/389 (88.7%)
Worker linux_worker_4: 350/390 (89.7%)
Worker linux_worker_13: 380/390 (97.4%)
Worker linux_worker_24: 340/389 (87.4%)
Worker linux_worker_10: 355/390 (91.0%)
Worker linux_worker_30: 345/389 (88.7%)
Worker linux_worker_29: 380/389 (97.7%)
Worker linux_worker_12: 350/390 (89.7%)
Worker linux_worker_21: 350/389 (90.0%)
Worker linux_worker_17: 345/390 (88.5%)
Worker linux_worker_31: 350/389 (90.0%)
Worker linux_worker_6: 385/390 (98.7%)
Worker linux_worker_5: 380/390 (97.4%)
Worker linux_worker_3: 380/390 (97.4%)
Worker linux_worker_0: 340/390 (87.2%)
Worker linux_worker_8: 380/390 (97.4%)
Worker linux_worker_20: 350/389 (90.0%)
Worker linux_worker_25: 355/389 (91.3%)
Worker linux_worker_26: 355/389 (91.3%)
Worker linux_worker_15: 385/390 (98.7%)
Worker linux_worker_22: 350/389 (90.0%)
Worker linux_worker_13: 385/390 (98.7%)
Worker linux_worker_14: 355/390 (91.0%)
Worker linux_worker_27: 350/389 (90.0%)
Worker linux_worker_28: 355/389 (91.3%)
Worker linux_worker_2: 350/390 (89.7%)
Worker linux_worker_16: 355/390 (91.0%)
Worker linux_worker_4: 355/390 (91.0%)
Worker linux_worker_29: 385/389 (99.0%)
Worker linux_worker_24: 345/389 (88.7%)
Worker linux_worker_30: 350/389 (90.0%)
Worker linux_worker_10: 360/390 (92.3%)
Worker linux_worker_5: 385/390 (98.7%)
Worker linux_worker_3: 385/390 (98.7%)
Worker linux_worker_21: 355/389 (91.3%)
Worker linux_worker_8: 385/390 (98.7%)
Worker linux_worker_17: 350/390 (89.7%)
Worker linux_worker_31: 355/389 (91.3%)
Worker linux_worker_12: 355/390 (91.0%)
Worker linux_worker_0: 345/390 (88.5%)
Worker linux_worker_20: 355/389 (91.3%)
Worker linux_worker_27: 355/389 (91.3%)
Worker linux_worker_26: 360/389 (92.5%)
Worker linux_worker_22: 355/389 (91.3%)
Worker linux_worker_25: 360/389 (92.5%)
Worker linux_worker_14: 360/390 (92.3%)
Worker linux_worker_2: 355/390 (91.0%)
Worker linux_worker_28: 360/389 (92.5%)
Worker linux_worker_4: 360/390 (92.3%)
Worker linux_worker_16: 360/390 (92.3%)
Worker linux_worker_24: 350/389 (90.0%)
Worker linux_worker_10: 365/390 (93.6%)
Worker linux_worker_30: 355/389 (91.3%)
Worker linux_worker_21: 360/389 (92.5%)
Worker linux_worker_12: 360/390 (92.3%)
Worker linux_worker_17: 355/390 (91.0%)
Worker linux_worker_31: 360/389 (92.5%)
Worker linux_worker_26: 365/389 (93.8%)
Worker linux_worker_20: 360/389 (92.5%)
Worker linux_worker_0: 350/390 (89.7%)
Worker linux_worker_27: 360/389 (92.5%)
Worker linux_worker_22: 360/389 (92.5%)
Worker linux_worker_14: 365/390 (93.6%)
Worker linux_worker_25: 365/389 (93.8%)
Worker linux_worker_2: 360/390 (92.3%)
Worker linux_worker_28: 365/389 (93.8%)
Worker linux_worker_16: 365/390 (93.6%)
Worker linux_worker_24: 355/389 (91.3%)
Worker linux_worker_4: 365/390 (93.6%)
Worker linux_worker_10: 370/390 (94.9%)
Worker linux_worker_30: 360/389 (92.5%)
Worker linux_worker_21: 365/389 (93.8%)
Worker linux_worker_12: 365/390 (93.6%)
Worker linux_worker_17: 360/390 (92.3%)
Worker linux_worker_31: 365/389 (93.8%)
Worker linux_worker_26: 370/389 (95.1%)
Worker linux_worker_20: 365/389 (93.8%)
Worker linux_worker_0: 355/390 (91.0%)
Worker linux_worker_27: 365/389 (93.8%)
Worker linux_worker_14: 370/390 (94.9%)
Worker linux_worker_25: 370/389 (95.1%)
Worker linux_worker_22: 365/389 (93.8%)
Worker linux_worker_2: 365/390 (93.6%)
Worker linux_worker_28: 370/389 (95.1%)
Worker linux_worker_16: 370/390 (94.9%)
Worker linux_worker_10: 375/390 (96.2%)
Worker linux_worker_4: 370/390 (94.9%)
Worker linux_worker_24: 360/389 (92.5%)
Worker linux_worker_21: 370/389 (95.1%)
Worker linux_worker_30: 365/389 (93.8%)
Worker linux_worker_12: 370/390 (94.9%)
Worker linux_worker_17: 365/390 (93.6%)
Worker linux_worker_31: 370/389 (95.1%)
Worker linux_worker_26: 375/389 (96.4%)
Worker linux_worker_20: 370/389 (95.1%)
Worker linux_worker_27: 370/389 (95.1%)
Worker linux_worker_0: 360/390 (92.3%)
Worker linux_worker_14: 375/390 (96.2%)
Worker linux_worker_28: 375/389 (96.4%)
Worker linux_worker_22: 370/389 (95.1%)
Worker linux_worker_25: 375/389 (96.4%)
Worker linux_worker_2: 370/390 (94.9%)
Worker linux_worker_16: 375/390 (96.2%)
Worker linux_worker_4: 375/390 (96.2%)
Worker linux_worker_24: 365/389 (93.8%)
Worker linux_worker_10: 380/390 (97.4%)
Worker linux_worker_21: 375/389 (96.4%)
Worker linux_worker_30: 370/389 (95.1%)
Worker linux_worker_17: 370/390 (94.9%)
Worker linux_worker_12: 375/390 (96.2%)
Worker linux_worker_31: 375/389 (96.4%)
Worker linux_worker_26: 380/389 (97.7%)
Worker linux_worker_20: 375/389 (96.4%)
Worker linux_worker_27: 375/389 (96.4%)
Worker linux_worker_14: 380/390 (97.4%)
Worker linux_worker_0: 365/390 (93.6%)
Worker linux_worker_22: 375/389 (96.4%)
Worker linux_worker_25: 380/389 (97.7%)
Worker linux_worker_28: 380/389 (97.7%)
Worker linux_worker_16: 380/390 (97.4%)
Worker linux_worker_2: 375/390 (96.2%)
Worker linux_worker_4: 380/390 (97.4%)
Worker linux_worker_24: 370/389 (95.1%)
Worker linux_worker_10: 385/390 (98.7%)
Worker linux_worker_21: 380/389 (97.7%)
Worker linux_worker_30: 375/389 (96.4%)
Worker linux_worker_26: 385/389 (99.0%)
Worker linux_worker_17: 375/390 (96.2%)
Worker linux_worker_31: 380/389 (97.7%)
Worker linux_worker_12: 380/390 (97.4%)
Worker linux_worker_20: 380/389 (97.7%)
Worker linux_worker_27: 380/389 (97.7%)
Worker linux_worker_0: 370/390 (94.9%)
Worker linux_worker_14: 385/390 (98.7%)
Worker linux_worker_25: 385/389 (99.0%)
Worker linux_worker_22: 380/389 (97.7%)
Worker linux_worker_28: 385/389 (99.0%)
Worker linux_worker_4: 385/390 (98.7%)
Worker linux_worker_16: 385/390 (98.7%)
Worker linux_worker_24: 375/389 (96.4%)
Worker linux_worker_2: 380/390 (97.4%)
Worker linux_worker_21: 385/389 (99.0%)
Worker linux_worker_30: 380/389 (97.7%)
Worker linux_worker_17: 380/390 (97.4%)
Worker linux_worker_31: 385/389 (99.0%)
Worker linux_worker_12: 385/390 (98.7%)
Worker linux_worker_20: 385/389 (99.0%)
Worker linux_worker_27: 385/389 (99.0%)
Worker linux_worker_0: 375/390 (96.2%)
Worker linux_worker_2: 385/390 (98.7%)
Worker linux_worker_22: 385/389 (99.0%)
Worker linux_worker_24: 380/389 (97.7%)
Worker linux_worker_30: 385/389 (99.0%)
Worker linux_worker_17: 385/390 (98.7%)
Worker linux_worker_0: 380/390 (97.4%)
Worker linux_worker_24: 385/389 (99.0%)
Worker linux_worker_0: 385/390 (98.7%)

Completed! Saved results for 11237 commits.
Output: data/intermediate/churn_linux_chunk_7.csv
Job finished: Fri Jun 12 08:21:32 CEST 2026
