Chunk 4:   0%|          | 0/32 [00:00<?, ?it/s]Pumping 'stdout' of cmd(['git', 'diff-tree', '9b4bbbd2aebb2630c587faae911463198172a7e0', '13bb0fd5519db658860ce3b3c89a7631a3ed1077', '-r', '--abbrev=40', '--full-index', '-M', '-p', '--no-ext-diff', '--no-color']) failed due to: ValueError('PyMemoryView_FromBuffer(): info->buf must not be NULL')
Exception in thread Thread-1 (pump_stream):
Traceback (most recent call last):
  File "/fibus/fs2/02/cgk3480/.conda/envs/churn-env/lib/python3.11/site-packages/git/cmd.py", line 157, in pump_stream
    for line in stream:
ValueError: PyMemoryView_FromBuffer(): info->buf must not be NULL

The above exception was the direct cause of the following exception:

Traceback (most recent call last):
  File "/fibus/fs2/02/cgk3480/.conda/envs/churn-env/lib/python3.11/threading.py", line 1045, in _bootstrap_inner
    self.run()
  File "/fibus/fs2/02/cgk3480/.conda/envs/churn-env/lib/python3.11/threading.py", line 982, in run
    self._target(*self._args, **self._kwargs)
  File "/fibus/fs2/02/cgk3480/.conda/envs/churn-env/lib/python3.11/site-packages/git/cmd.py", line 170, in pump_stream
    raise CommandError([f"<{name}-pump>"] + remove_password_if_present(cmdline), ex) from ex
git.exc.CommandError: Cmd('<stdout-pump>') failed due to: ValueError('PyMemoryView_FromBuffer(): info->buf must not be NULL')
  cmdline: <stdout-pump> git diff-tree 9b4bbbd2aebb2630c587faae911463198172a7e0 13bb0fd5519db658860ce3b3c89a7631a3ed1077 -r --abbrev=40 --full-index -M -p --no-ext-diff --no-color
Pumping 'stdout' of cmd(['git', 'diff-tree', '35a61fe9218a9d32a93447bdcca1d0f167cd0433', '05193dc38197021894b17239fafbd2eb1afe5a45', '-r', '--abbrev=40', '--full-index', '-M', '-p', '--no-ext-diff', '--no-color']) failed due to: ValueError('PyMemoryView_FromBuffer(): info->buf must not be NULL')
Exception in thread Thread-1 (pump_stream):
Traceback (most recent call last):
  File "/fibus/fs2/02/cgk3480/.conda/envs/churn-env/lib/python3.11/site-packages/git/cmd.py", line 157, in pump_stream
    for line in stream:
ValueError: PyMemoryView_FromBuffer(): info->buf must not be NULL

The above exception was the direct cause of the following exception:

Traceback (most recent call last):
  File "/fibus/fs2/02/cgk3480/.conda/envs/churn-env/lib/python3.11/threading.py", line 1045, in _bootstrap_inner
    self.run()
  File "/fibus/fs2/02/cgk3480/.conda/envs/churn-env/lib/python3.11/threading.py", line 982, in run
    self._target(*self._args, **self._kwargs)
  File "/fibus/fs2/02/cgk3480/.conda/envs/churn-env/lib/python3.11/site-packages/git/cmd.py", line 170, in pump_stream
    raise CommandError([f"<{name}-pump>"] + remove_password_if_present(cmdline), ex) from ex
git.exc.CommandError: Cmd('<stdout-pump>') failed due to: ValueError('PyMemoryView_FromBuffer(): info->buf must not be NULL')
  cmdline: <stdout-pump> git diff-tree 35a61fe9218a9d32a93447bdcca1d0f167cd0433 05193dc38197021894b17239fafbd2eb1afe5a45 -r --abbrev=40 --full-index -M -p --no-ext-diff --no-color
Pumping 'stdout' of cmd(['git', 'diff-tree', 'f3193ea1b6779023334faa72b214ece457e02656', '3fe6acd4dc922237b30e55473c9349c6ce0690f3', '-r', '--abbrev=40', '--full-index', '-M', '-p', '--no-ext-diff', '--no-color']) failed due to: ValueError('PyMemoryView_FromBuffer(): info->buf must not be NULL')
Exception in thread Thread-1 (pump_stream):
Traceback (most recent call last):
  File "/fibus/fs2/02/cgk3480/.conda/envs/churn-env/lib/python3.11/site-packages/git/cmd.py", line 157, in pump_stream
    for line in stream:
ValueError: PyMemoryView_FromBuffer(): info->buf must not be NULL

The above exception was the direct cause of the following exception:

Traceback (most recent call last):
  File "/fibus/fs2/02/cgk3480/.conda/envs/churn-env/lib/python3.11/threading.py", line 1045, in _bootstrap_inner
    self.run()
  File "/fibus/fs2/02/cgk3480/.conda/envs/churn-env/lib/python3.11/threading.py", line 982, in run
    self._target(*self._args, **self._kwargs)
  File "/fibus/fs2/02/cgk3480/.conda/envs/churn-env/lib/python3.11/site-packages/git/cmd.py", line 170, in pump_stream
    raise CommandError([f"<{name}-pump>"] + remove_password_if_present(cmdline), ex) from ex
git.exc.CommandError: Cmd('<stdout-pump>') failed due to: ValueError('PyMemoryView_FromBuffer(): info->buf must not be NULL')
  cmdline: <stdout-pump> git diff-tree f3193ea1b6779023334faa72b214ece457e02656 3fe6acd4dc922237b30e55473c9349c6ce0690f3 -r --abbrev=40 --full-index -M -p --no-ext-diff --no-color
Pumping 'stdout' of cmd(['git', 'diff-tree', '84168d1b54e76a1bcb5192991adde5176abe02e3', '0648c55e3a21ccd816e99b6600d6199fbf39d23a', '-r', '--abbrev=40', '--full-index', '-M', '-p', '--no-ext-diff', '--no-color']) failed due to: ValueError('PyMemoryView_FromBuffer(): info->buf must not be NULL')
Exception in thread Thread-1 (pump_stream):
Traceback (most recent call last):
  File "/fibus/fs2/02/cgk3480/.conda/envs/churn-env/lib/python3.11/site-packages/git/cmd.py", line 157, in pump_stream
    for line in stream:
ValueError: PyMemoryView_FromBuffer(): info->buf must not be NULL

The above exception was the direct cause of the following exception:

Traceback (most recent call last):
  File "/fibus/fs2/02/cgk3480/.conda/envs/churn-env/lib/python3.11/threading.py", line 1045, in _bootstrap_inner
    self.run()
  File "/fibus/fs2/02/cgk3480/.conda/envs/churn-env/lib/python3.11/threading.py", line 982, in run
    self._target(*self._args, **self._kwargs)
  File "/fibus/fs2/02/cgk3480/.conda/envs/churn-env/lib/python3.11/site-packages/git/cmd.py", line 170, in pump_stream
    raise CommandError([f"<{name}-pump>"] + remove_password_if_present(cmdline), ex) from ex
git.exc.CommandError: Cmd('<stdout-pump>') failed due to: ValueError('PyMemoryView_FromBuffer(): info->buf must not be NULL')
  cmdline: <stdout-pump> git diff-tree 84168d1b54e76a1bcb5192991adde5176abe02e3 0648c55e3a21ccd816e99b6600d6199fbf39d23a -r --abbrev=40 --full-index -M -p --no-ext-diff --no-color
Pumping 'stdout' of cmd(['git', 'diff-tree', '427fca60ee4524d7755cc7a980280e7ac6d92877', '8267ff89b71317407f2c6938bd66f3a87070e45f', '-r', '--abbrev=40', '--full-index', '-M', '-p', '--no-ext-diff', '--no-color']) failed due to: ValueError('PyMemoryView_FromBuffer(): info->buf must not be NULL')
Exception in thread Thread-1 (pump_stream):
Traceback (most recent call last):
  File "/fibus/fs2/02/cgk3480/.conda/envs/churn-env/lib/python3.11/site-packages/git/cmd.py", line 157, in pump_stream
    for line in stream:
ValueError: PyMemoryView_FromBuffer(): info->buf must not be NULL

The above exception was the direct cause of the following exception:

Traceback (most recent call last):
  File "/fibus/fs2/02/cgk3480/.conda/envs/churn-env/lib/python3.11/threading.py", line 1045, in _bootstrap_inner
    self.run()
  File "/fibus/fs2/02/cgk3480/.conda/envs/churn-env/lib/python3.11/threading.py", line 982, in run
    self._target(*self._args, **self._kwargs)
  File "/fibus/fs2/02/cgk3480/.conda/envs/churn-env/lib/python3.11/site-packages/git/cmd.py", line 170, in pump_stream
    raise CommandError([f"<{name}-pump>"] + remove_password_if_present(cmdline), ex) from ex
git.exc.CommandError: Cmd('<stdout-pump>') failed due to: ValueError('PyMemoryView_FromBuffer(): info->buf must not be NULL')
  cmdline: <stdout-pump> git diff-tree 427fca60ee4524d7755cc7a980280e7ac6d92877 8267ff89b71317407f2c6938bd66f3a87070e45f -r --abbrev=40 --full-index -M -p --no-ext-diff --no-color
Pumping 'stdout' of cmd(['git', 'diff-tree', '9a30b096b543932de218dd3501b5562e00a8792d', 'bc188d818edf325ae38cfa43254a0b10a4defd65', '-r', '--abbrev=40', '--full-index', '-M', '-p', '--no-ext-diff', '--no-color']) failed due to: ValueError('PyMemoryView_FromBuffer(): info->buf must not be NULL')
Exception in thread Thread-1 (pump_stream):
Traceback (most recent call last):
  File "/fibus/fs2/02/cgk3480/.conda/envs/churn-env/lib/python3.11/site-packages/git/cmd.py", line 157, in pump_stream
    for line in stream:
ValueError: PyMemoryView_FromBuffer(): info->buf must not be NULL

The above exception was the direct cause of the following exception:

Traceback (most recent call last):
  File "/fibus/fs2/02/cgk3480/.conda/envs/churn-env/lib/python3.11/threading.py", line 1045, in _bootstrap_inner
    self.run()
  File "/fibus/fs2/02/cgk3480/.conda/envs/churn-env/lib/python3.11/threading.py", line 982, in run
    self._target(*self._args, **self._kwargs)
  File "/fibus/fs2/02/cgk3480/.conda/envs/churn-env/lib/python3.11/site-packages/git/cmd.py", line 170, in pump_stream
    raise CommandError([f"<{name}-pump>"] + remove_password_if_present(cmdline), ex) from ex
git.exc.CommandError: Cmd('<stdout-pump>') failed due to: ValueError('PyMemoryView_FromBuffer(): info->buf must not be NULL')
  cmdline: <stdout-pump> git diff-tree 9a30b096b543932de218dd3501b5562e00a8792d bc188d818edf325ae38cfa43254a0b10a4defd65 -r --abbrev=40 --full-index -M -p --no-ext-diff --no-color
Pumping 'stdout' of cmd(['git', 'diff-tree', '0f8487f29ddede98067b7c0a6fbc6228cbc076fe', '3966be3c08c3be6d32deb6ae81d67ee08b86b50b', '-r', '--abbrev=40', '--full-index', '-M', '-p', '--no-ext-diff', '--no-color']) failed due to: ValueError('PyMemoryView_FromBuffer(): info->buf must not be NULL')
Exception in thread Thread-1 (pump_stream):
Traceback (most recent call last):
  File "/fibus/fs2/02/cgk3480/.conda/envs/churn-env/lib/python3.11/site-packages/git/cmd.py", line 157, in pump_stream
    for line in stream:
ValueError: PyMemoryView_FromBuffer(): info->buf must not be NULL

The above exception was the direct cause of the following exception:

Traceback (most recent call last):
  File "/fibus/fs2/02/cgk3480/.conda/envs/churn-env/lib/python3.11/threading.py", line 1045, in _bootstrap_inner
    self.run()
  File "/fibus/fs2/02/cgk3480/.conda/envs/churn-env/lib/python3.11/threading.py", line 982, in run
    self._target(*self._args, **self._kwargs)
  File "/fibus/fs2/02/cgk3480/.conda/envs/churn-env/lib/python3.11/site-packages/git/cmd.py", line 170, in pump_stream
    raise CommandError([f"<{name}-pump>"] + remove_password_if_present(cmdline), ex) from ex
git.exc.CommandError: Cmd('<stdout-pump>') failed due to: ValueError('PyMemoryView_FromBuffer(): info->buf must not be NULL')
  cmdline: <stdout-pump> git diff-tree 0f8487f29ddede98067b7c0a6fbc6228cbc076fe 3966be3c08c3be6d32deb6ae81d67ee08b86b50b -r --abbrev=40 --full-index -M -p --no-ext-diff --no-color
Pumping 'stdout' of cmd(['git', 'diff-tree', '2cffad7bad83157f89332872015f4305d2ac09ac', 'd6ffc6ac83b1f9f12652d89b9cb5bcbfbea7796c', '-r', '--abbrev=40', '--full-index', '-M', '-p', '--no-ext-diff', '--no-color']) failed due to: ValueError('PyMemoryView_FromBuffer(): info->buf must not be NULL')
Exception in thread Thread-1 (pump_stream):
Traceback (most recent call last):
  File "/fibus/fs2/02/cgk3480/.conda/envs/churn-env/lib/python3.11/site-packages/git/cmd.py", line 157, in pump_stream
    for line in stream:
ValueError: PyMemoryView_FromBuffer(): info->buf must not be NULL

The above exception was the direct cause of the following exception:

Traceback (most recent call last):
  File "/fibus/fs2/02/cgk3480/.conda/envs/churn-env/lib/python3.11/threading.py", line 1045, in _bootstrap_inner
    self.run()
  File "/fibus/fs2/02/cgk3480/.conda/envs/churn-env/lib/python3.11/threading.py", line 982, in run
    self._target(*self._args, **self._kwargs)
  File "/fibus/fs2/02/cgk3480/.conda/envs/churn-env/lib/python3.11/site-packages/git/cmd.py", line 170, in pump_stream
    raise CommandError([f"<{name}-pump>"] + remove_password_if_present(cmdline), ex) from ex
git.exc.CommandError: Cmd('<stdout-pump>') failed due to: ValueError('PyMemoryView_FromBuffer(): info->buf must not be NULL')
  cmdline: <stdout-pump> git diff-tree 2cffad7bad83157f89332872015f4305d2ac09ac d6ffc6ac83b1f9f12652d89b9cb5bcbfbea7796c -r --abbrev=40 --full-index -M -p --no-ext-diff --no-color
Pumping 'stdout' of cmd(['git', 'diff-tree', 'f29ffdb65ff0eaf95d2a2b80f0dee3fbd5a64772', 'f990c82c385b1d9ce6acadb668df313c693cf48f', '-r', '--abbrev=40', '--full-index', '-M', '-p', '--no-ext-diff', '--no-color']) failed due to: ValueError('PyMemoryView_FromBuffer(): info->buf must not be NULL')
Exception in thread Thread-1 (pump_stream):
Traceback (most recent call last):
  File "/fibus/fs2/02/cgk3480/.conda/envs/churn-env/lib/python3.11/site-packages/git/cmd.py", line 157, in pump_stream
    for line in stream:
ValueError: PyMemoryView_FromBuffer(): info->buf must not be NULL

The above exception was the direct cause of the following exception:

Traceback (most recent call last):
  File "/fibus/fs2/02/cgk3480/.conda/envs/churn-env/lib/python3.11/threading.py", line 1045, in _bootstrap_inner
    self.run()
  File "/fibus/fs2/02/cgk3480/.conda/envs/churn-env/lib/python3.11/threading.py", line 982, in run
    self._target(*self._args, **self._kwargs)
  File "/fibus/fs2/02/cgk3480/.conda/envs/churn-env/lib/python3.11/site-packages/git/cmd.py", line 170, in pump_stream
    raise CommandError([f"<{name}-pump>"] + remove_password_if_present(cmdline), ex) from ex
git.exc.CommandError: Cmd('<stdout-pump>') failed due to: ValueError('PyMemoryView_FromBuffer(): info->buf must not be NULL')
  cmdline: <stdout-pump> git diff-tree f29ffdb65ff0eaf95d2a2b80f0dee3fbd5a64772 f990c82c385b1d9ce6acadb668df313c693cf48f -r --abbrev=40 --full-index -M -p --no-ext-diff --no-color
Pumping 'stdout' of cmd(['git', 'diff-tree', 'fb86de91c2a48e320bfa3767802d9a1fb204a230', 'c01e9a11ab6f3096a54574c3224d8732a374f135', '-r', '--abbrev=40', '--full-index', '-M', '-p', '--no-ext-diff', '--no-color']) failed due to: ValueError('PyMemoryView_FromBuffer(): info->buf must not be NULL')
Exception in thread Thread-1 (pump_stream):
Traceback (most recent call last):
  File "/fibus/fs2/02/cgk3480/.conda/envs/churn-env/lib/python3.11/site-packages/git/cmd.py", line 157, in pump_stream
    for line in stream:
ValueError: PyMemoryView_FromBuffer(): info->buf must not be NULL

The above exception was the direct cause of the following exception:

Traceback (most recent call last):
  File "/fibus/fs2/02/cgk3480/.conda/envs/churn-env/lib/python3.11/threading.py", line 1045, in _bootstrap_inner
    self.run()
  File "/fibus/fs2/02/cgk3480/.conda/envs/churn-env/lib/python3.11/threading.py", line 982, in run
    self._target(*self._args, **self._kwargs)
  File "/fibus/fs2/02/cgk3480/.conda/envs/churn-env/lib/python3.11/site-packages/git/cmd.py", line 170, in pump_stream
    raise CommandError([f"<{name}-pump>"] + remove_password_if_present(cmdline), ex) from ex
git.exc.CommandError: Cmd('<stdout-pump>') failed due to: ValueError('PyMemoryView_FromBuffer(): info->buf must not be NULL')
  cmdline: <stdout-pump> git diff-tree fb86de91c2a48e320bfa3767802d9a1fb204a230 c01e9a11ab6f3096a54574c3224d8732a374f135 -r --abbrev=40 --full-index -M -p --no-ext-diff --no-color
Pumping 'stdout' of cmd(['git', 'diff-tree', 'd1b8dc09dd71248f5098792af98caa497ec66d19', 'ae21f835a5bda0ef1d00940373445693a764d89e', '-r', '--abbrev=40', '--full-index', '-M', '-p', '--no-ext-diff', '--no-color']) failed due to: ValueError('PyMemoryView_FromBuffer(): info->buf must not be NULL')
Exception in thread Thread-1 (pump_stream):
Traceback (most recent call last):
  File "/fibus/fs2/02/cgk3480/.conda/envs/churn-env/lib/python3.11/site-packages/git/cmd.py", line 157, in pump_stream
    for line in stream:
ValueError: PyMemoryView_FromBuffer(): info->buf must not be NULL

The above exception was the direct cause of the following exception:

Traceback (most recent call last):
  File "/fibus/fs2/02/cgk3480/.conda/envs/churn-env/lib/python3.11/threading.py", line 1045, in _bootstrap_inner
    self.run()
  File "/fibus/fs2/02/cgk3480/.conda/envs/churn-env/lib/python3.11/threading.py", line 982, in run
    self._target(*self._args, **self._kwargs)
  File "/fibus/fs2/02/cgk3480/.conda/envs/churn-env/lib/python3.11/site-packages/git/cmd.py", line 170, in pump_stream
    raise CommandError([f"<{name}-pump>"] + remove_password_if_present(cmdline), ex) from ex
git.exc.CommandError: Cmd('<stdout-pump>') failed due to: ValueError('PyMemoryView_FromBuffer(): info->buf must not be NULL')
  cmdline: <stdout-pump> git diff-tree d1b8dc09dd71248f5098792af98caa497ec66d19 ae21f835a5bda0ef1d00940373445693a764d89e -r --abbrev=40 --full-index -M -p --no-ext-diff --no-color
Pumping 'stdout' of cmd(['git', 'diff-tree', '9ee369a405c57613d7c83a3967780c3e30c52ecc', '54652eb12c1b72e9602d09cb2821d5760939190f', '-r', '--abbrev=40', '--full-index', '-M', '-p', '--no-ext-diff', '--no-color']) failed due to: ValueError('PyMemoryView_FromBuffer(): info->buf must not be NULL')
Exception in thread Thread-15 (pump_stream):
Traceback (most recent call last):
  File "/fibus/fs2/02/cgk3480/.conda/envs/churn-env/lib/python3.11/site-packages/git/cmd.py", line 157, in pump_stream
    for line in stream:
ValueError: PyMemoryView_FromBuffer(): info->buf must not be NULL

The above exception was the direct cause of the following exception:

Traceback (most recent call last):
  File "/fibus/fs2/02/cgk3480/.conda/envs/churn-env/lib/python3.11/threading.py", line 1045, in _bootstrap_inner
    self.run()
  File "/fibus/fs2/02/cgk3480/.conda/envs/churn-env/lib/python3.11/threading.py", line 982, in run
    self._target(*self._args, **self._kwargs)
  File "/fibus/fs2/02/cgk3480/.conda/envs/churn-env/lib/python3.11/site-packages/git/cmd.py", line 170, in pump_stream
    raise CommandError([f"<{name}-pump>"] + remove_password_if_present(cmdline), ex) from ex
git.exc.CommandError: Cmd('<stdout-pump>') failed due to: ValueError('PyMemoryView_FromBuffer(): info->buf must not be NULL')
  cmdline: <stdout-pump> git diff-tree 9ee369a405c57613d7c83a3967780c3e30c52ecc 54652eb12c1b72e9602d09cb2821d5760939190f -r --abbrev=40 --full-index -M -p --no-ext-diff --no-color
Pumping 'stdout' of cmd(['git', 'diff-tree', 'fe6e04941aa12479a1a58656362bec74100bf7d7', '25a98edd5795719c5187e16ea271e8de86e02809', '-r', '--abbrev=40', '--full-index', '-M', '-p', '--no-ext-diff', '--no-color']) failed due to: ValueError('PyMemoryView_FromBuffer(): info->buf must not be NULL')
Exception in thread Thread-17 (pump_stream):
Traceback (most recent call last):
  File "/fibus/fs2/02/cgk3480/.conda/envs/churn-env/lib/python3.11/site-packages/git/cmd.py", line 157, in pump_stream
    for line in stream:
ValueError: PyMemoryView_FromBuffer(): info->buf must not be NULL

The above exception was the direct cause of the following exception:

Traceback (most recent call last):
  File "/fibus/fs2/02/cgk3480/.conda/envs/churn-env/lib/python3.11/threading.py", line 1045, in _bootstrap_inner
    self.run()
  File "/fibus/fs2/02/cgk3480/.conda/envs/churn-env/lib/python3.11/threading.py", line 982, in run
    self._target(*self._args, **self._kwargs)
  File "/fibus/fs2/02/cgk3480/.conda/envs/churn-env/lib/python3.11/site-packages/git/cmd.py", line 170, in pump_stream
    raise CommandError([f"<{name}-pump>"] + remove_password_if_present(cmdline), ex) from ex
git.exc.CommandError: Cmd('<stdout-pump>') failed due to: ValueError('PyMemoryView_FromBuffer(): info->buf must not be NULL')
  cmdline: <stdout-pump> git diff-tree fe6e04941aa12479a1a58656362bec74100bf7d7 25a98edd5795719c5187e16ea271e8de86e02809 -r --abbrev=40 --full-index -M -p --no-ext-diff --no-color
Pumping 'stdout' of cmd(['git', 'diff-tree', 'a11034b4282515fd7d9f6fdc0a1380781da461c3', '36d1c6476be51101778882897b315bd928c8c7b5', '-r', '--abbrev=40', '--full-index', '-M', '-p', '--no-ext-diff', '--no-color']) failed due to: ValueError('PyMemoryView_FromBuffer(): info->buf must not be NULL')
Exception in thread Thread-19 (pump_stream):
Traceback (most recent call last):
  File "/fibus/fs2/02/cgk3480/.conda/envs/churn-env/lib/python3.11/site-packages/git/cmd.py", line 157, in pump_stream
    for line in stream:
ValueError: PyMemoryView_FromBuffer(): info->buf must not be NULL

The above exception was the direct cause of the following exception:

Traceback (most recent call last):
  File "/fibus/fs2/02/cgk3480/.conda/envs/churn-env/lib/python3.11/threading.py", line 1045, in _bootstrap_inner
    self.run()
  File "/fibus/fs2/02/cgk3480/.conda/envs/churn-env/lib/python3.11/threading.py", line 982, in run
    self._target(*self._args, **self._kwargs)
  File "/fibus/fs2/02/cgk3480/.conda/envs/churn-env/lib/python3.11/site-packages/git/cmd.py", line 170, in pump_stream
    raise CommandError([f"<{name}-pump>"] + remove_password_if_present(cmdline), ex) from ex
git.exc.CommandError: Cmd('<stdout-pump>') failed due to: ValueError('PyMemoryView_FromBuffer(): info->buf must not be NULL')
  cmdline: <stdout-pump> git diff-tree a11034b4282515fd7d9f6fdc0a1380781da461c3 36d1c6476be51101778882897b315bd928c8c7b5 -r --abbrev=40 --full-index -M -p --no-ext-diff --no-color
Pumping 'stdout' of cmd(['git', 'diff-tree', '9d3a04853fe640e0eba2c0799c880b7dcf190219', 'd756c74e6f6e76e99f8bffcea57833816dd335b6', '-r', '--abbrev=40', '--full-index', '-M', '-p', '--no-ext-diff', '--no-color']) failed due to: ValueError('PyMemoryView_FromBuffer(): info->buf must not be NULL')
Exception in thread Thread-17 (pump_stream):
Traceback (most recent call last):
  File "/fibus/fs2/02/cgk3480/.conda/envs/churn-env/lib/python3.11/site-packages/git/cmd.py", line 157, in pump_stream
    for line in stream:
ValueError: PyMemoryView_FromBuffer(): info->buf must not be NULL

The above exception was the direct cause of the following exception:

Traceback (most recent call last):
  File "/fibus/fs2/02/cgk3480/.conda/envs/churn-env/lib/python3.11/threading.py", line 1045, in _bootstrap_inner
    self.run()
  File "/fibus/fs2/02/cgk3480/.conda/envs/churn-env/lib/python3.11/threading.py", line 982, in run
    self._target(*self._args, **self._kwargs)
  File "/fibus/fs2/02/cgk3480/.conda/envs/churn-env/lib/python3.11/site-packages/git/cmd.py", line 170, in pump_stream
    raise CommandError([f"<{name}-pump>"] + remove_password_if_present(cmdline), ex) from ex
git.exc.CommandError: Cmd('<stdout-pump>') failed due to: ValueError('PyMemoryView_FromBuffer(): info->buf must not be NULL')
  cmdline: <stdout-pump> git diff-tree 9d3a04853fe640e0eba2c0799c880b7dcf190219 d756c74e6f6e76e99f8bffcea57833816dd335b6 -r --abbrev=40 --full-index -M -p --no-ext-diff --no-color
Pumping 'stdout' of cmd(['git', 'diff-tree', 'a6b9580b4936d2bb36c29e849ce5e9f10e599b0e', '7d25e14eb2c0f07d10815a524542cdf681cb472c', '-r', '--abbrev=40', '--full-index', '-M', '-p', '--no-ext-diff', '--no-color']) failed due to: ValueError('PyMemoryView_FromBuffer(): info->buf must not be NULL')
Exception in thread Thread-17 (pump_stream):
Traceback (most recent call last):
  File "/fibus/fs2/02/cgk3480/.conda/envs/churn-env/lib/python3.11/site-packages/git/cmd.py", line 157, in pump_stream
    for line in stream:
ValueError: PyMemoryView_FromBuffer(): info->buf must not be NULL

The above exception was the direct cause of the following exception:

Traceback (most recent call last):
  File "/fibus/fs2/02/cgk3480/.conda/envs/churn-env/lib/python3.11/threading.py", line 1045, in _bootstrap_inner
    self.run()
  File "/fibus/fs2/02/cgk3480/.conda/envs/churn-env/lib/python3.11/threading.py", line 982, in run
    self._target(*self._args, **self._kwargs)
  File "/fibus/fs2/02/cgk3480/.conda/envs/churn-env/lib/python3.11/site-packages/git/cmd.py", line 170, in pump_stream
    raise CommandError([f"<{name}-pump>"] + remove_password_if_present(cmdline), ex) from ex
git.exc.CommandError: Cmd('<stdout-pump>') failed due to: ValueError('PyMemoryView_FromBuffer(): info->buf must not be NULL')
  cmdline: <stdout-pump> git diff-tree a6b9580b4936d2bb36c29e849ce5e9f10e599b0e 7d25e14eb2c0f07d10815a524542cdf681cb472c -r --abbrev=40 --full-index -M -p --no-ext-diff --no-color
Pumping 'stdout' of cmd(['git', 'diff-tree', '639f2f24895fb37dd67dfecabd2c74019ed64140', 'f1925f3309d13d431f70e7b6b72ba59cae90fdff', '-r', '--abbrev=40', '--full-index', '-M', '-p', '--no-ext-diff', '--no-color']) failed due to: ValueError('PyMemoryView_FromBuffer(): info->buf must not be NULL')
Exception in thread Thread-31 (pump_stream):
Traceback (most recent call last):
  File "/fibus/fs2/02/cgk3480/.conda/envs/churn-env/lib/python3.11/site-packages/git/cmd.py", line 157, in pump_stream
    for line in stream:
ValueError: PyMemoryView_FromBuffer(): info->buf must not be NULL

The above exception was the direct cause of the following exception:

Traceback (most recent call last):
  File "/fibus/fs2/02/cgk3480/.conda/envs/churn-env/lib/python3.11/threading.py", line 1045, in _bootstrap_inner
    self.run()
  File "/fibus/fs2/02/cgk3480/.conda/envs/churn-env/lib/python3.11/threading.py", line 982, in run
    self._target(*self._args, **self._kwargs)
  File "/fibus/fs2/02/cgk3480/.conda/envs/churn-env/lib/python3.11/site-packages/git/cmd.py", line 170, in pump_stream
    raise CommandError([f"<{name}-pump>"] + remove_password_if_present(cmdline), ex) from ex
git.exc.CommandError: Cmd('<stdout-pump>') failed due to: ValueError('PyMemoryView_FromBuffer(): info->buf must not be NULL')
  cmdline: <stdout-pump> git diff-tree 639f2f24895fb37dd67dfecabd2c74019ed64140 f1925f3309d13d431f70e7b6b72ba59cae90fdff -r --abbrev=40 --full-index -M -p --no-ext-diff --no-color
Pumping 'stdout' of cmd(['git', 'diff-tree', 'a692e13d87cb6d0193387aac55cfcc947077c20b', '5f0addf7b89085f8e0a2593faa419d6111612b9b', '-r', '--abbrev=40', '--full-index', '-M', '-p', '--no-ext-diff', '--no-color']) failed due to: ValueError('PyMemoryView_FromBuffer(): info->buf must not be NULL')
Exception in thread Thread-31 (pump_stream):
Traceback (most recent call last):
  File "/fibus/fs2/02/cgk3480/.conda/envs/churn-env/lib/python3.11/site-packages/git/cmd.py", line 157, in pump_stream
    for line in stream:
ValueError: PyMemoryView_FromBuffer(): info->buf must not be NULL

The above exception was the direct cause of the following exception:

Traceback (most recent call last):
  File "/fibus/fs2/02/cgk3480/.conda/envs/churn-env/lib/python3.11/threading.py", line 1045, in _bootstrap_inner
    self.run()
  File "/fibus/fs2/02/cgk3480/.conda/envs/churn-env/lib/python3.11/threading.py", line 982, in run
    self._target(*self._args, **self._kwargs)
  File "/fibus/fs2/02/cgk3480/.conda/envs/churn-env/lib/python3.11/site-packages/git/cmd.py", line 170, in pump_stream
    raise CommandError([f"<{name}-pump>"] + remove_password_if_present(cmdline), ex) from ex
git.exc.CommandError: Cmd('<stdout-pump>') failed due to: ValueError('PyMemoryView_FromBuffer(): info->buf must not be NULL')
  cmdline: <stdout-pump> git diff-tree a692e13d87cb6d0193387aac55cfcc947077c20b 5f0addf7b89085f8e0a2593faa419d6111612b9b -r --abbrev=40 --full-index -M -p --no-ext-diff --no-color
Pumping 'stdout' of cmd(['git', 'diff-tree', '96b5b4585843e3c83fb1930e5dfbefd0fb889c55', '4eacfe72e3e037e3fc019113df32c39a705148c2', '-r', '--abbrev=40', '--full-index', '-M', '-p', '--no-ext-diff', '--no-color']) failed due to: ValueError('PyMemoryView_FromBuffer(): info->buf must not be NULL')
Exception in thread Thread-31 (pump_stream):
Traceback (most recent call last):
  File "/fibus/fs2/02/cgk3480/.conda/envs/churn-env/lib/python3.11/site-packages/git/cmd.py", line 157, in pump_stream
    for line in stream:
ValueError: PyMemoryView_FromBuffer(): info->buf must not be NULL

The above exception was the direct cause of the following exception:

Traceback (most recent call last):
  File "/fibus/fs2/02/cgk3480/.conda/envs/churn-env/lib/python3.11/threading.py", line 1045, in _bootstrap_inner
    self.run()
  File "/fibus/fs2/02/cgk3480/.conda/envs/churn-env/lib/python3.11/threading.py", line 982, in run
    self._target(*self._args, **self._kwargs)
  File "/fibus/fs2/02/cgk3480/.conda/envs/churn-env/lib/python3.11/site-packages/git/cmd.py", line 170, in pump_stream
    raise CommandError([f"<{name}-pump>"] + remove_password_if_present(cmdline), ex) from ex
git.exc.CommandError: Cmd('<stdout-pump>') failed due to: ValueError('PyMemoryView_FromBuffer(): info->buf must not be NULL')
  cmdline: <stdout-pump> git diff-tree 96b5b4585843e3c83fb1930e5dfbefd0fb889c55 4eacfe72e3e037e3fc019113df32c39a705148c2 -r --abbrev=40 --full-index -M -p --no-ext-diff --no-color
Pumping 'stdout' of cmd(['git', 'diff-tree', 'cac79a39f200ef73ae7fc8a429ce2859ebb118d9', 'bf28ae5627442355dbb8d99238da4fb95c2dd4ec', '-r', '--abbrev=40', '--full-index', '-M', '-p', '--no-ext-diff', '--no-color']) failed due to: ValueError('PyMemoryView_FromBuffer(): info->buf must not be NULL')
Exception in thread Thread-33 (pump_stream):
Traceback (most recent call last):
  File "/fibus/fs2/02/cgk3480/.conda/envs/churn-env/lib/python3.11/site-packages/git/cmd.py", line 157, in pump_stream
    for line in stream:
ValueError: PyMemoryView_FromBuffer(): info->buf must not be NULL

The above exception was the direct cause of the following exception:

Traceback (most recent call last):
  File "/fibus/fs2/02/cgk3480/.conda/envs/churn-env/lib/python3.11/threading.py", line 1045, in _bootstrap_inner
    self.run()
  File "/fibus/fs2/02/cgk3480/.conda/envs/churn-env/lib/python3.11/threading.py", line 982, in run
    self._target(*self._args, **self._kwargs)
  File "/fibus/fs2/02/cgk3480/.conda/envs/churn-env/lib/python3.11/site-packages/git/cmd.py", line 170, in pump_stream
    raise CommandError([f"<{name}-pump>"] + remove_password_if_present(cmdline), ex) from ex
git.exc.CommandError: Cmd('<stdout-pump>') failed due to: ValueError('PyMemoryView_FromBuffer(): info->buf must not be NULL')
  cmdline: <stdout-pump> git diff-tree cac79a39f200ef73ae7fc8a429ce2859ebb118d9 bf28ae5627442355dbb8d99238da4fb95c2dd4ec -r --abbrev=40 --full-index -M -p --no-ext-diff --no-color
Pumping 'stdout' of cmd(['git', 'diff-tree', 'aaa2cacf8184e2a92accb8e443b1608d65f9a13f', 'd10c809552659d8a0089062b9d73da6d47e84cbf', '-r', '--abbrev=40', '--full-index', '-M', '-p', '--no-ext-diff', '--no-color']) failed due to: ValueError('PyMemoryView_FromBuffer(): info->buf must not be NULL')
Exception in thread Thread-35 (pump_stream):
Traceback (most recent call last):
  File "/fibus/fs2/02/cgk3480/.conda/envs/churn-env/lib/python3.11/site-packages/git/cmd.py", line 157, in pump_stream
    for line in stream:
ValueError: PyMemoryView_FromBuffer(): info->buf must not be NULL

The above exception was the direct cause of the following exception:

Traceback (most recent call last):
  File "/fibus/fs2/02/cgk3480/.conda/envs/churn-env/lib/python3.11/threading.py", line 1045, in _bootstrap_inner
    self.run()
  File "/fibus/fs2/02/cgk3480/.conda/envs/churn-env/lib/python3.11/threading.py", line 982, in run
    self._target(*self._args, **self._kwargs)
  File "/fibus/fs2/02/cgk3480/.conda/envs/churn-env/lib/python3.11/site-packages/git/cmd.py", line 170, in pump_stream
    raise CommandError([f"<{name}-pump>"] + remove_password_if_present(cmdline), ex) from ex
git.exc.CommandError: Cmd('<stdout-pump>') failed due to: ValueError('PyMemoryView_FromBuffer(): info->buf must not be NULL')
  cmdline: <stdout-pump> git diff-tree aaa2cacf8184e2a92accb8e443b1608d65f9a13f d10c809552659d8a0089062b9d73da6d47e84cbf -r --abbrev=40 --full-index -M -p --no-ext-diff --no-color
Pumping 'stdout' of cmd(['git', 'diff-tree', '64ca9d9fcb3e3c86b1417e3d17a90b43dd660f81', 'ee8829dc609c5c4a425b4a65fbb4cd56fb82f1f4', '-r', '--abbrev=40', '--full-index', '-M', '-p', '--no-ext-diff', '--no-color']) failed due to: ValueError('PyMemoryView_FromBuffer(): info->buf must not be NULL')
Exception in thread Thread-33 (pump_stream):
Traceback (most recent call last):
  File "/fibus/fs2/02/cgk3480/.conda/envs/churn-env/lib/python3.11/site-packages/git/cmd.py", line 157, in pump_stream
    for line in stream:
ValueError: PyMemoryView_FromBuffer(): info->buf must not be NULL

The above exception was the direct cause of the following exception:

Traceback (most recent call last):
  File "/fibus/fs2/02/cgk3480/.conda/envs/churn-env/lib/python3.11/threading.py", line 1045, in _bootstrap_inner
    self.run()
  File "/fibus/fs2/02/cgk3480/.conda/envs/churn-env/lib/python3.11/threading.py", line 982, in run
    self._target(*self._args, **self._kwargs)
  File "/fibus/fs2/02/cgk3480/.conda/envs/churn-env/lib/python3.11/site-packages/git/cmd.py", line 170, in pump_stream
    raise CommandError([f"<{name}-pump>"] + remove_password_if_present(cmdline), ex) from ex
git.exc.CommandError: Cmd('<stdout-pump>') failed due to: ValueError('PyMemoryView_FromBuffer(): info->buf must not be NULL')
  cmdline: <stdout-pump> git diff-tree 64ca9d9fcb3e3c86b1417e3d17a90b43dd660f81 ee8829dc609c5c4a425b4a65fbb4cd56fb82f1f4 -r --abbrev=40 --full-index -M -p --no-ext-diff --no-color
Pumping 'stdout' of cmd(['git', 'diff-tree', '8c76e77f9069f10505c08e02646c3ee11ad79038', 'cb9f1b783850b14cbd7f87d061d784a666dfba1f', '-r', '--abbrev=40', '--full-index', '-M', '-p', '--no-ext-diff', '--no-color']) failed due to: ValueError('PyMemoryView_FromBuffer(): info->buf must not be NULL')
Exception in thread Thread-51 (pump_stream):
Traceback (most recent call last):
  File "/fibus/fs2/02/cgk3480/.conda/envs/churn-env/lib/python3.11/site-packages/git/cmd.py", line 157, in pump_stream
    for line in stream:
ValueError: PyMemoryView_FromBuffer(): info->buf must not be NULL

The above exception was the direct cause of the following exception:

Traceback (most recent call last):
  File "/fibus/fs2/02/cgk3480/.conda/envs/churn-env/lib/python3.11/threading.py", line 1045, in _bootstrap_inner
    self.run()
  File "/fibus/fs2/02/cgk3480/.conda/envs/churn-env/lib/python3.11/threading.py", line 982, in run
    self._target(*self._args, **self._kwargs)
  File "/fibus/fs2/02/cgk3480/.conda/envs/churn-env/lib/python3.11/site-packages/git/cmd.py", line 170, in pump_stream
    raise CommandError([f"<{name}-pump>"] + remove_password_if_present(cmdline), ex) from ex
git.exc.CommandError: Cmd('<stdout-pump>') failed due to: ValueError('PyMemoryView_FromBuffer(): info->buf must not be NULL')
  cmdline: <stdout-pump> git diff-tree 8c76e77f9069f10505c08e02646c3ee11ad79038 cb9f1b783850b14cbd7f87d061d784a666dfba1f -r --abbrev=40 --full-index -M -p --no-ext-diff --no-color
Pumping 'stdout' of cmd(['git', 'diff-tree', '2f20640491edda3c03eb6b899d0b92630d3d4c63', '861afeac7990587588d057b2c0b3222331c3da29', '-r', '--abbrev=40', '--full-index', '-M', '-p', '--no-ext-diff', '--no-color']) failed due to: ValueError('PyMemoryView_FromBuffer(): info->buf must not be NULL')
Exception in thread Thread-51 (pump_stream):
Traceback (most recent call last):
  File "/fibus/fs2/02/cgk3480/.conda/envs/churn-env/lib/python3.11/site-packages/git/cmd.py", line 157, in pump_stream
    for line in stream:
ValueError: PyMemoryView_FromBuffer(): info->buf must not be NULL

The above exception was the direct cause of the following exception:

Traceback (most recent call last):
  File "/fibus/fs2/02/cgk3480/.conda/envs/churn-env/lib/python3.11/threading.py", line 1045, in _bootstrap_inner
    self.run()
  File "/fibus/fs2/02/cgk3480/.conda/envs/churn-env/lib/python3.11/threading.py", line 982, in run
    self._target(*self._args, **self._kwargs)
  File "/fibus/fs2/02/cgk3480/.conda/envs/churn-env/lib/python3.11/site-packages/git/cmd.py", line 170, in pump_stream
    raise CommandError([f"<{name}-pump>"] + remove_password_if_present(cmdline), ex) from ex
git.exc.CommandError: Cmd('<stdout-pump>') failed due to: ValueError('PyMemoryView_FromBuffer(): info->buf must not be NULL')
  cmdline: <stdout-pump> git diff-tree 2f20640491edda3c03eb6b899d0b92630d3d4c63 861afeac7990587588d057b2c0b3222331c3da29 -r --abbrev=40 --full-index -M -p --no-ext-diff --no-color
Pumping 'stdout' of cmd(['git', 'diff-tree', '259149cf7c3c6195e6199e045ca988c31d081cab', '30662217885d7341161924acf1665924d7d37d64', '-r', '--abbrev=40', '--full-index', '-M', '-p', '--no-ext-diff', '--no-color']) failed due to: ValueError('PyMemoryView_FromBuffer(): info->buf must not be NULL')
Exception in thread Thread-55 (pump_stream):
Traceback (most recent call last):
  File "/fibus/fs2/02/cgk3480/.conda/envs/churn-env/lib/python3.11/site-packages/git/cmd.py", line 157, in pump_stream
    for line in stream:
ValueError: PyMemoryView_FromBuffer(): info->buf must not be NULL

The above exception was the direct cause of the following exception:

Traceback (most recent call last):
  File "/fibus/fs2/02/cgk3480/.conda/envs/churn-env/lib/python3.11/threading.py", line 1045, in _bootstrap_inner
    self.run()
  File "/fibus/fs2/02/cgk3480/.conda/envs/churn-env/lib/python3.11/threading.py", line 982, in run
    self._target(*self._args, **self._kwargs)
  File "/fibus/fs2/02/cgk3480/.conda/envs/churn-env/lib/python3.11/site-packages/git/cmd.py", line 170, in pump_stream
    raise CommandError([f"<{name}-pump>"] + remove_password_if_present(cmdline), ex) from ex
git.exc.CommandError: Cmd('<stdout-pump>') failed due to: ValueError('PyMemoryView_FromBuffer(): info->buf must not be NULL')
  cmdline: <stdout-pump> git diff-tree 259149cf7c3c6195e6199e045ca988c31d081cab 30662217885d7341161924acf1665924d7d37d64 -r --abbrev=40 --full-index -M -p --no-ext-diff --no-color
Pumping 'stdout' of cmd(['git', 'diff-tree', '8bad28d8a305b0e5ae444c8c3051e8744f5a4296', '99a10081647168022745859bb2f1c28b2f70dc83', '-r', '--abbrev=40', '--full-index', '-M', '-p', '--no-ext-diff', '--no-color']) failed due to: ValueError('PyMemoryView_FromBuffer(): info->buf must not be NULL')
Exception in thread Thread-49 (pump_stream):
Traceback (most recent call last):
  File "/fibus/fs2/02/cgk3480/.conda/envs/churn-env/lib/python3.11/site-packages/git/cmd.py", line 157, in pump_stream
    for line in stream:
ValueError: PyMemoryView_FromBuffer(): info->buf must not be NULL

The above exception was the direct cause of the following exception:

Traceback (most recent call last):
  File "/fibus/fs2/02/cgk3480/.conda/envs/churn-env/lib/python3.11/threading.py", line 1045, in _bootstrap_inner
    self.run()
  File "/fibus/fs2/02/cgk3480/.conda/envs/churn-env/lib/python3.11/threading.py", line 982, in run
    self._target(*self._args, **self._kwargs)
  File "/fibus/fs2/02/cgk3480/.conda/envs/churn-env/lib/python3.11/site-packages/git/cmd.py", line 170, in pump_stream
    raise CommandError([f"<{name}-pump>"] + remove_password_if_present(cmdline), ex) from ex
git.exc.CommandError: Cmd('<stdout-pump>') failed due to: ValueError('PyMemoryView_FromBuffer(): info->buf must not be NULL')
  cmdline: <stdout-pump> git diff-tree 8bad28d8a305b0e5ae444c8c3051e8744f5a4296 99a10081647168022745859bb2f1c28b2f70dc83 -r --abbrev=40 --full-index -M -p --no-ext-diff --no-color
Pumping 'stdout' of cmd(['git', 'diff-tree', 'f53bf711d4d8e07de2caa3f13f6082c6e24145a4', '9bbdc0f324097f72b2354c2f8be4cdffd32679b6', '-r', '--abbrev=40', '--full-index', '-M', '-p', '--no-ext-diff', '--no-color']) failed due to: ValueError('PyMemoryView_FromBuffer(): info->buf must not be NULL')
Exception in thread Thread-41 (pump_stream):
Traceback (most recent call last):
  File "/fibus/fs2/02/cgk3480/.conda/envs/churn-env/lib/python3.11/site-packages/git/cmd.py", line 157, in pump_stream
    for line in stream:
ValueError: PyMemoryView_FromBuffer(): info->buf must not be NULL

The above exception was the direct cause of the following exception:

Traceback (most recent call last):
  File "/fibus/fs2/02/cgk3480/.conda/envs/churn-env/lib/python3.11/threading.py", line 1045, in _bootstrap_inner
    self.run()
  File "/fibus/fs2/02/cgk3480/.conda/envs/churn-env/lib/python3.11/threading.py", line 982, in run
    self._target(*self._args, **self._kwargs)
  File "/fibus/fs2/02/cgk3480/.conda/envs/churn-env/lib/python3.11/site-packages/git/cmd.py", line 170, in pump_stream
    raise CommandError([f"<{name}-pump>"] + remove_password_if_present(cmdline), ex) from ex
git.exc.CommandError: Cmd('<stdout-pump>') failed due to: ValueError('PyMemoryView_FromBuffer(): info->buf must not be NULL')
  cmdline: <stdout-pump> git diff-tree f53bf711d4d8e07de2caa3f13f6082c6e24145a4 9bbdc0f324097f72b2354c2f8be4cdffd32679b6 -r --abbrev=40 --full-index -M -p --no-ext-diff --no-color
Pumping 'stdout' of cmd(['git', 'diff-tree', '14d5511691e5290103bc480998bc322e68f139d4', 'a8ef0488cc592921a917362cca66af4a601987b9', '-r', '--abbrev=40', '--full-index', '-M', '-p', '--no-ext-diff', '--no-color']) failed due to: ValueError('PyMemoryView_FromBuffer(): info->buf must not be NULL')
Exception in thread Thread-71 (pump_stream):
Traceback (most recent call last):
  File "/fibus/fs2/02/cgk3480/.conda/envs/churn-env/lib/python3.11/site-packages/git/cmd.py", line 157, in pump_stream
    for line in stream:
ValueError: PyMemoryView_FromBuffer(): info->buf must not be NULL

The above exception was the direct cause of the following exception:

Traceback (most recent call last):
  File "/fibus/fs2/02/cgk3480/.conda/envs/churn-env/lib/python3.11/threading.py", line 1045, in _bootstrap_inner
    self.run()
  File "/fibus/fs2/02/cgk3480/.conda/envs/churn-env/lib/python3.11/threading.py", line 982, in run
    self._target(*self._args, **self._kwargs)
  File "/fibus/fs2/02/cgk3480/.conda/envs/churn-env/lib/python3.11/site-packages/git/cmd.py", line 170, in pump_stream
    raise CommandError([f"<{name}-pump>"] + remove_password_if_present(cmdline), ex) from ex
git.exc.CommandError: Cmd('<stdout-pump>') failed due to: ValueError('PyMemoryView_FromBuffer(): info->buf must not be NULL')
  cmdline: <stdout-pump> git diff-tree 14d5511691e5290103bc480998bc322e68f139d4 a8ef0488cc592921a917362cca66af4a601987b9 -r --abbrev=40 --full-index -M -p --no-ext-diff --no-color
Pumping 'stdout' of cmd(['git', 'diff-tree', 'a93f5cae67b366e4ce7e9eb336e2885309fd6612', '80646733f11c2e9de3b6339f7e635047e6087280', '-r', '--abbrev=40', '--full-index', '-M', '-p', '--no-ext-diff', '--no-color']) failed due to: ValueError('PyMemoryView_FromBuffer(): info->buf must not be NULL')
Exception in thread Thread-73 (pump_stream):
Traceback (most recent call last):
  File "/fibus/fs2/02/cgk3480/.conda/envs/churn-env/lib/python3.11/site-packages/git/cmd.py", line 157, in pump_stream
    for line in stream:
ValueError: PyMemoryView_FromBuffer(): info->buf must not be NULL

The above exception was the direct cause of the following exception:

Traceback (most recent call last):
  File "/fibus/fs2/02/cgk3480/.conda/envs/churn-env/lib/python3.11/threading.py", line 1045, in _bootstrap_inner
    self.run()
  File "/fibus/fs2/02/cgk3480/.conda/envs/churn-env/lib/python3.11/threading.py", line 982, in run
    self._target(*self._args, **self._kwargs)
  File "/fibus/fs2/02/cgk3480/.conda/envs/churn-env/lib/python3.11/site-packages/git/cmd.py", line 170, in pump_stream
    raise CommandError([f"<{name}-pump>"] + remove_password_if_present(cmdline), ex) from ex
git.exc.CommandError: Cmd('<stdout-pump>') failed due to: ValueError('PyMemoryView_FromBuffer(): info->buf must not be NULL')
  cmdline: <stdout-pump> git diff-tree a93f5cae67b366e4ce7e9eb336e2885309fd6612 80646733f11c2e9de3b6339f7e635047e6087280 -r --abbrev=40 --full-index -M -p --no-ext-diff --no-color
Pumping 'stdout' of cmd(['git', 'diff-tree', '1227bbc5d09e73d4ff952d833b20be8855840401', '84db6612471416984685d37ab35ad30dffc28179', '-r', '--abbrev=40', '--full-index', '-M', '-p', '--no-ext-diff', '--no-color']) failed due to: ValueError('PyMemoryView_FromBuffer(): info->buf must not be NULL')
Exception in thread Thread-27 (pump_stream):
Traceback (most recent call last):
  File "/fibus/fs2/02/cgk3480/.conda/envs/churn-env/lib/python3.11/site-packages/git/cmd.py", line 157, in pump_stream
    for line in stream:
ValueError: PyMemoryView_FromBuffer(): info->buf must not be NULL

The above exception was the direct cause of the following exception:

Traceback (most recent call last):
  File "/fibus/fs2/02/cgk3480/.conda/envs/churn-env/lib/python3.11/threading.py", line 1045, in _bootstrap_inner
    self.run()
  File "/fibus/fs2/02/cgk3480/.conda/envs/churn-env/lib/python3.11/threading.py", line 982, in run
    self._target(*self._args, **self._kwargs)
  File "/fibus/fs2/02/cgk3480/.conda/envs/churn-env/lib/python3.11/site-packages/git/cmd.py", line 170, in pump_stream
    raise CommandError([f"<{name}-pump>"] + remove_password_if_present(cmdline), ex) from ex
git.exc.CommandError: Cmd('<stdout-pump>') failed due to: ValueError('PyMemoryView_FromBuffer(): info->buf must not be NULL')
  cmdline: <stdout-pump> git diff-tree 1227bbc5d09e73d4ff952d833b20be8855840401 84db6612471416984685d37ab35ad30dffc28179 -r --abbrev=40 --full-index -M -p --no-ext-diff --no-color
Pumping 'stdout' of cmd(['git', 'diff-tree', 'bfeffd155283772bbe78c6a05dec7c0128ee500c', 'd3a28a53630e1ca10f59562ef560e3f70785cb09', '-r', '--abbrev=40', '--full-index', '-M', '-p', '--no-ext-diff', '--no-color']) failed due to: ValueError('PyMemoryView_FromBuffer(): info->buf must not be NULL')
Exception in thread Thread-25 (pump_stream):
Traceback (most recent call last):
  File "/fibus/fs2/02/cgk3480/.conda/envs/churn-env/lib/python3.11/site-packages/git/cmd.py", line 157, in pump_stream
    for line in stream:
ValueError: PyMemoryView_FromBuffer(): info->buf must not be NULL

The above exception was the direct cause of the following exception:

Traceback (most recent call last):
  File "/fibus/fs2/02/cgk3480/.conda/envs/churn-env/lib/python3.11/threading.py", line 1045, in _bootstrap_inner
    self.run()
  File "/fibus/fs2/02/cgk3480/.conda/envs/churn-env/lib/python3.11/threading.py", line 982, in run
    self._target(*self._args, **self._kwargs)
  File "/fibus/fs2/02/cgk3480/.conda/envs/churn-env/lib/python3.11/site-packages/git/cmd.py", line 170, in pump_stream
    raise CommandError([f"<{name}-pump>"] + remove_password_if_present(cmdline), ex) from ex
git.exc.CommandError: Cmd('<stdout-pump>') failed due to: ValueError('PyMemoryView_FromBuffer(): info->buf must not be NULL')
  cmdline: <stdout-pump> git diff-tree bfeffd155283772bbe78c6a05dec7c0128ee500c d3a28a53630e1ca10f59562ef560e3f70785cb09 -r --abbrev=40 --full-index -M -p --no-ext-diff --no-color
Pumping 'stdout' of cmd(['git', 'diff-tree', '415ba3c157b9de7edc59468d19d48c1d15972a75', 'd957fb4d173647640a2b83e7c7e56a580e7fc7e7', '-r', '--abbrev=40', '--full-index', '-M', '-p', '--no-ext-diff', '--no-color']) failed due to: ValueError('PyMemoryView_FromBuffer(): info->buf must not be NULL')
Exception in thread Thread-21 (pump_stream):
Traceback (most recent call last):
  File "/fibus/fs2/02/cgk3480/.conda/envs/churn-env/lib/python3.11/site-packages/git/cmd.py", line 157, in pump_stream
    for line in stream:
ValueError: PyMemoryView_FromBuffer(): info->buf must not be NULL

The above exception was the direct cause of the following exception:

Traceback (most recent call last):
  File "/fibus/fs2/02/cgk3480/.conda/envs/churn-env/lib/python3.11/threading.py", line 1045, in _bootstrap_inner
    self.run()
  File "/fibus/fs2/02/cgk3480/.conda/envs/churn-env/lib/python3.11/threading.py", line 982, in run
    self._target(*self._args, **self._kwargs)
  File "/fibus/fs2/02/cgk3480/.conda/envs/churn-env/lib/python3.11/site-packages/git/cmd.py", line 170, in pump_stream
    raise CommandError([f"<{name}-pump>"] + remove_password_if_present(cmdline), ex) from ex
git.exc.CommandError: Cmd('<stdout-pump>') failed due to: ValueError('PyMemoryView_FromBuffer(): info->buf must not be NULL')
  cmdline: <stdout-pump> git diff-tree 415ba3c157b9de7edc59468d19d48c1d15972a75 d957fb4d173647640a2b83e7c7e56a580e7fc7e7 -r --abbrev=40 --full-index -M -p --no-ext-diff --no-color
Pumping 'stdout' of cmd(['git', 'diff-tree', '4bc5b6b64c9df1a1b9ca6a37359d6476d9e25354', 'f4f55ce38e5f823a13662b12189627a5b9a34688', '-r', '--abbrev=40', '--full-index', '-M', '-p', '--no-ext-diff', '--no-color']) failed due to: ValueError('PyMemoryView_FromBuffer(): info->buf must not be NULL')
Exception in thread Thread-21 (pump_stream):
Traceback (most recent call last):
  File "/fibus/fs2/02/cgk3480/.conda/envs/churn-env/lib/python3.11/site-packages/git/cmd.py", line 157, in pump_stream
    for line in stream:
ValueError: PyMemoryView_FromBuffer(): info->buf must not be NULL

The above exception was the direct cause of the following exception:

Traceback (most recent call last):
  File "/fibus/fs2/02/cgk3480/.conda/envs/churn-env/lib/python3.11/threading.py", line 1045, in _bootstrap_inner
    self.run()
  File "/fibus/fs2/02/cgk3480/.conda/envs/churn-env/lib/python3.11/threading.py", line 982, in run
    self._target(*self._args, **self._kwargs)
  File "/fibus/fs2/02/cgk3480/.conda/envs/churn-env/lib/python3.11/site-packages/git/cmd.py", line 170, in pump_stream
    raise CommandError([f"<{name}-pump>"] + remove_password_if_present(cmdline), ex) from ex
git.exc.CommandError: Cmd('<stdout-pump>') failed due to: ValueError('PyMemoryView_FromBuffer(): info->buf must not be NULL')
  cmdline: <stdout-pump> git diff-tree 4bc5b6b64c9df1a1b9ca6a37359d6476d9e25354 f4f55ce38e5f823a13662b12189627a5b9a34688 -r --abbrev=40 --full-index -M -p --no-ext-diff --no-color
Pumping 'stdout' of cmd(['git', 'diff-tree', 'ef3846247b41391434c23fcd9560daa57d14bb7a', '0de4ab81ab26f09d4dbf8142a881b4607070d01f', '-r', '--abbrev=40', '--full-index', '-M', '-p', '--no-ext-diff', '--no-color']) failed due to: ValueError('PyMemoryView_FromBuffer(): info->buf must not be NULL')
Exception in thread Thread-137 (pump_stream):
Traceback (most recent call last):
  File "/fibus/fs2/02/cgk3480/.conda/envs/churn-env/lib/python3.11/site-packages/git/cmd.py", line 157, in pump_stream
    for line in stream:
ValueError: PyMemoryView_FromBuffer(): info->buf must not be NULL

The above exception was the direct cause of the following exception:

Traceback (most recent call last):
  File "/fibus/fs2/02/cgk3480/.conda/envs/churn-env/lib/python3.11/threading.py", line 1045, in _bootstrap_inner
    self.run()
  File "/fibus/fs2/02/cgk3480/.conda/envs/churn-env/lib/python3.11/threading.py", line 982, in run
    self._target(*self._args, **self._kwargs)
  File "/fibus/fs2/02/cgk3480/.conda/envs/churn-env/lib/python3.11/site-packages/git/cmd.py", line 170, in pump_stream
    raise CommandError([f"<{name}-pump>"] + remove_password_if_present(cmdline), ex) from ex
git.exc.CommandError: Cmd('<stdout-pump>') failed due to: ValueError('PyMemoryView_FromBuffer(): info->buf must not be NULL')
  cmdline: <stdout-pump> git diff-tree ef3846247b41391434c23fcd9560daa57d14bb7a 0de4ab81ab26f09d4dbf8142a881b4607070d01f -r --abbrev=40 --full-index -M -p --no-ext-diff --no-color
Pumping 'stdout' of cmd(['git', 'diff-tree', '7cabc61e01a0a8b663bd2b4c982aa53048218734', '744742d692e37ad5c20630e57d526c8f2e2fe3c9', '-r', '--abbrev=40', '--full-index', '-M', '-p', '--no-ext-diff', '--no-color']) failed due to: ValueError('PyMemoryView_FromBuffer(): info->buf must not be NULL')
Exception in thread Thread-155 (pump_stream):
Traceback (most recent call last):
  File "/fibus/fs2/02/cgk3480/.conda/envs/churn-env/lib/python3.11/site-packages/git/cmd.py", line 157, in pump_stream
    for line in stream:
ValueError: PyMemoryView_FromBuffer(): info->buf must not be NULL

The above exception was the direct cause of the following exception:

Traceback (most recent call last):
  File "/fibus/fs2/02/cgk3480/.conda/envs/churn-env/lib/python3.11/threading.py", line 1045, in _bootstrap_inner
    self.run()
  File "/fibus/fs2/02/cgk3480/.conda/envs/churn-env/lib/python3.11/threading.py", line 982, in run
    self._target(*self._args, **self._kwargs)
  File "/fibus/fs2/02/cgk3480/.conda/envs/churn-env/lib/python3.11/site-packages/git/cmd.py", line 170, in pump_stream
    raise CommandError([f"<{name}-pump>"] + remove_password_if_present(cmdline), ex) from ex
git.exc.CommandError: Cmd('<stdout-pump>') failed due to: ValueError('PyMemoryView_FromBuffer(): info->buf must not be NULL')
  cmdline: <stdout-pump> git diff-tree 7cabc61e01a0a8b663bd2b4c982aa53048218734 744742d692e37ad5c20630e57d526c8f2e2fe3c9 -r --abbrev=40 --full-index -M -p --no-ext-diff --no-color
Pumping 'stdout' of cmd(['git', 'diff-tree', 'c7255058b5430b5c42932383bd8887d591e7973a', 'b1fc44eaa9ba31e28c4125d6b9205a3582b47b5d', '-r', '--abbrev=40', '--full-index', '-M', '-p', '--no-ext-diff', '--no-color']) failed due to: ValueError('PyMemoryView_FromBuffer(): info->buf must not be NULL')
Exception in thread Thread-155 (pump_stream):
Traceback (most recent call last):
  File "/fibus/fs2/02/cgk3480/.conda/envs/churn-env/lib/python3.11/site-packages/git/cmd.py", line 157, in pump_stream
    for line in stream:
ValueError: PyMemoryView_FromBuffer(): info->buf must not be NULL

The above exception was the direct cause of the following exception:

Traceback (most recent call last):
  File "/fibus/fs2/02/cgk3480/.conda/envs/churn-env/lib/python3.11/threading.py", line 1045, in _bootstrap_inner
    self.run()
  File "/fibus/fs2/02/cgk3480/.conda/envs/churn-env/lib/python3.11/threading.py", line 982, in run
    self._target(*self._args, **self._kwargs)
  File "/fibus/fs2/02/cgk3480/.conda/envs/churn-env/lib/python3.11/site-packages/git/cmd.py", line 170, in pump_stream
    raise CommandError([f"<{name}-pump>"] + remove_password_if_present(cmdline), ex) from ex
git.exc.CommandError: Cmd('<stdout-pump>') failed due to: ValueError('PyMemoryView_FromBuffer(): info->buf must not be NULL')
  cmdline: <stdout-pump> git diff-tree c7255058b5430b5c42932383bd8887d591e7973a b1fc44eaa9ba31e28c4125d6b9205a3582b47b5d -r --abbrev=40 --full-index -M -p --no-ext-diff --no-color
Pumping 'stdout' of cmd(['git', 'diff-tree', 'f7ebf8874c2abb12be786fe73734ba47c87ff123', '2b2dbc2f94e55c940e1eed70706f363aa94373b0', '-r', '--abbrev=40', '--full-index', '-M', '-p', '--no-ext-diff', '--no-color']) failed due to: ValueError('PyMemoryView_FromBuffer(): info->buf must not be NULL')
Exception in thread Thread-189 (pump_stream):
Traceback (most recent call last):
  File "/fibus/fs2/02/cgk3480/.conda/envs/churn-env/lib/python3.11/site-packages/git/cmd.py", line 157, in pump_stream
    for line in stream:
ValueError: PyMemoryView_FromBuffer(): info->buf must not be NULL

The above exception was the direct cause of the following exception:

Traceback (most recent call last):
  File "/fibus/fs2/02/cgk3480/.conda/envs/churn-env/lib/python3.11/threading.py", line 1045, in _bootstrap_inner
    self.run()
  File "/fibus/fs2/02/cgk3480/.conda/envs/churn-env/lib/python3.11/threading.py", line 982, in run
    self._target(*self._args, **self._kwargs)
  File "/fibus/fs2/02/cgk3480/.conda/envs/churn-env/lib/python3.11/site-packages/git/cmd.py", line 170, in pump_stream
    raise CommandError([f"<{name}-pump>"] + remove_password_if_present(cmdline), ex) from ex
git.exc.CommandError: Cmd('<stdout-pump>') failed due to: ValueError('PyMemoryView_FromBuffer(): info->buf must not be NULL')
  cmdline: <stdout-pump> git diff-tree f7ebf8874c2abb12be786fe73734ba47c87ff123 2b2dbc2f94e55c940e1eed70706f363aa94373b0 -r --abbrev=40 --full-index -M -p --no-ext-diff --no-color
Pumping 'stdout' of cmd(['git', 'diff-tree', '43f3c2b4dde331d380e4f575d3e5798f27867b3e', 'f23efcbcc523b09c2ee359a35eb3897dc1764fd3', '-r', '--abbrev=40', '--full-index', '-M', '-p', '--no-ext-diff', '--no-color']) failed due to: ValueError('PyMemoryView_FromBuffer(): info->buf must not be NULL')
Exception in thread Thread-193 (pump_stream):
Traceback (most recent call last):
  File "/fibus/fs2/02/cgk3480/.conda/envs/churn-env/lib/python3.11/site-packages/git/cmd.py", line 157, in pump_stream
    for line in stream:
ValueError: PyMemoryView_FromBuffer(): info->buf must not be NULL

The above exception was the direct cause of the following exception:

Traceback (most recent call last):
  File "/fibus/fs2/02/cgk3480/.conda/envs/churn-env/lib/python3.11/threading.py", line 1045, in _bootstrap_inner
    self.run()
  File "/fibus/fs2/02/cgk3480/.conda/envs/churn-env/lib/python3.11/threading.py", line 982, in run
    self._target(*self._args, **self._kwargs)
  File "/fibus/fs2/02/cgk3480/.conda/envs/churn-env/lib/python3.11/site-packages/git/cmd.py", line 170, in pump_stream
    raise CommandError([f"<{name}-pump>"] + remove_password_if_present(cmdline), ex) from ex
git.exc.CommandError: Cmd('<stdout-pump>') failed due to: ValueError('PyMemoryView_FromBuffer(): info->buf must not be NULL')
  cmdline: <stdout-pump> git diff-tree 43f3c2b4dde331d380e4f575d3e5798f27867b3e f23efcbcc523b09c2ee359a35eb3897dc1764fd3 -r --abbrev=40 --full-index -M -p --no-ext-diff --no-color
Pumping 'stdout' of cmd(['git', 'diff-tree', 'a51866946c0aa0b04a554595d38b496e80c76a1b', '8d565748b6035eeda18895c213396a4c9fac6a4c', '-r', '--abbrev=40', '--full-index', '-M', '-p', '--no-ext-diff', '--no-color']) failed due to: ValueError('PyMemoryView_FromBuffer(): info->buf must not be NULL')
Exception in thread Thread-145 (pump_stream):
Traceback (most recent call last):
  File "/fibus/fs2/02/cgk3480/.conda/envs/churn-env/lib/python3.11/site-packages/git/cmd.py", line 157, in pump_stream
    for line in stream:
ValueError: PyMemoryView_FromBuffer(): info->buf must not be NULL

The above exception was the direct cause of the following exception:

Traceback (most recent call last):
  File "/fibus/fs2/02/cgk3480/.conda/envs/churn-env/lib/python3.11/threading.py", line 1045, in _bootstrap_inner
    self.run()
  File "/fibus/fs2/02/cgk3480/.conda/envs/churn-env/lib/python3.11/threading.py", line 982, in run
    self._target(*self._args, **self._kwargs)
  File "/fibus/fs2/02/cgk3480/.conda/envs/churn-env/lib/python3.11/site-packages/git/cmd.py", line 170, in pump_stream
    raise CommandError([f"<{name}-pump>"] + remove_password_if_present(cmdline), ex) from ex
git.exc.CommandError: Cmd('<stdout-pump>') failed due to: ValueError('PyMemoryView_FromBuffer(): info->buf must not be NULL')
  cmdline: <stdout-pump> git diff-tree a51866946c0aa0b04a554595d38b496e80c76a1b 8d565748b6035eeda18895c213396a4c9fac6a4c -r --abbrev=40 --full-index -M -p --no-ext-diff --no-color
Pumping 'stdout' of cmd(['git', 'diff-tree', '42c304c34e2d2c73d301b222418ac019918a1c59', 'ee05f456772d4e3a04b539187473f50c394da5fa', '-r', '--abbrev=40', '--full-index', '-M', '-p', '--no-ext-diff', '--no-color']) failed due to: ValueError('PyMemoryView_FromBuffer(): info->buf must not be NULL')
Pumping 'stdout' of cmd(['git', 'diff-tree', '27bcd37e0240bbe33f0efe244b5aad52104115b3', 'a76bcf557ef408b368cf26f52a60865bfc27b632', '-r', '--abbrev=40', '--full-index', '-M', '-p', '--no-ext-diff', '--no-color']) failed due to: ValueError('PyMemoryView_FromBuffer(): info->buf must not be NULL')
Exception in thread Thread-187 (pump_stream):
Traceback (most recent call last):
  File "/fibus/fs2/02/cgk3480/.conda/envs/churn-env/lib/python3.11/site-packages/git/cmd.py", line 157, in pump_stream
Exception in thread Thread-191 (pump_stream):
Traceback (most recent call last):
  File "/fibus/fs2/02/cgk3480/.conda/envs/churn-env/lib/python3.11/site-packages/git/cmd.py", line 157, in pump_stream
    for line in stream:
ValueError: PyMemoryView_FromBuffer(): info->buf must not be NULL

The above exception was the direct cause of the following exception:

    for line in stream:
Traceback (most recent call last):
ValueError: PyMemoryView_FromBuffer(): info->buf must not be NULL
  File "/fibus/fs2/02/cgk3480/.conda/envs/churn-env/lib/python3.11/threading.py", line 1045, in _bootstrap_inner

The above exception was the direct cause of the following exception:

Traceback (most recent call last):
  File "/fibus/fs2/02/cgk3480/.conda/envs/churn-env/lib/python3.11/threading.py", line 1045, in _bootstrap_inner
    self.run()
  File "/fibus/fs2/02/cgk3480/.conda/envs/churn-env/lib/python3.11/threading.py", line 982, in run
    self.run()
  File "/fibus/fs2/02/cgk3480/.conda/envs/churn-env/lib/python3.11/threading.py", line 982, in run
    self._target(*self._args, **self._kwargs)
  File "/fibus/fs2/02/cgk3480/.conda/envs/churn-env/lib/python3.11/site-packages/git/cmd.py", line 170, in pump_stream
    raise CommandError([f"<{name}-pump>"] + remove_password_if_present(cmdline), ex) from ex
git.exc.CommandError: Cmd('<stdout-pump>') failed due to: ValueError('PyMemoryView_FromBuffer(): info->buf must not be NULL')
  cmdline: <stdout-pump> git diff-tree 42c304c34e2d2c73d301b222418ac019918a1c59 ee05f456772d4e3a04b539187473f50c394da5fa -r --abbrev=40 --full-index -M -p --no-ext-diff --no-color
    self._target(*self._args, **self._kwargs)
  File "/fibus/fs2/02/cgk3480/.conda/envs/churn-env/lib/python3.11/site-packages/git/cmd.py", line 170, in pump_stream
    raise CommandError([f"<{name}-pump>"] + remove_password_if_present(cmdline), ex) from ex
git.exc.CommandError: Cmd('<stdout-pump>') failed due to: ValueError('PyMemoryView_FromBuffer(): info->buf must not be NULL')
  cmdline: <stdout-pump> git diff-tree 27bcd37e0240bbe33f0efe244b5aad52104115b3 a76bcf557ef408b368cf26f52a60865bfc27b632 -r --abbrev=40 --full-index -M -p --no-ext-diff --no-color
Pumping 'stdout' of cmd(['git', 'diff-tree', 'd769ab182771df6d7ad6c3ecb0449d94043b7921', '1d1a9774e40414148ecebbdb713746bfb6f9a561', '-r', '--abbrev=40', '--full-index', '-M', '-p', '--no-ext-diff', '--no-color']) failed due to: ValueError('PyMemoryView_FromBuffer(): info->buf must not be NULL')
Exception in thread Thread-193 (pump_stream):
Traceback (most recent call last):
  File "/fibus/fs2/02/cgk3480/.conda/envs/churn-env/lib/python3.11/site-packages/git/cmd.py", line 157, in pump_stream
    for line in stream:
ValueError: PyMemoryView_FromBuffer(): info->buf must not be NULL

The above exception was the direct cause of the following exception:

Traceback (most recent call last):
  File "/fibus/fs2/02/cgk3480/.conda/envs/churn-env/lib/python3.11/threading.py", line 1045, in _bootstrap_inner
    self.run()
  File "/fibus/fs2/02/cgk3480/.conda/envs/churn-env/lib/python3.11/threading.py", line 982, in run
    self._target(*self._args, **self._kwargs)
  File "/fibus/fs2/02/cgk3480/.conda/envs/churn-env/lib/python3.11/site-packages/git/cmd.py", line 170, in pump_stream
    raise CommandError([f"<{name}-pump>"] + remove_password_if_present(cmdline), ex) from ex
git.exc.CommandError: Cmd('<stdout-pump>') failed due to: ValueError('PyMemoryView_FromBuffer(): info->buf must not be NULL')
  cmdline: <stdout-pump> git diff-tree d769ab182771df6d7ad6c3ecb0449d94043b7921 1d1a9774e40414148ecebbdb713746bfb6f9a561 -r --abbrev=40 --full-index -M -p --no-ext-diff --no-color
Pumping 'stdout' of cmd(['git', 'diff-tree', 'fcc494af3cfaefc9f8a51c3c7e7f208a0553b28f', '76016322ec5670052fdabb08c586d6b16bd5062f', '-r', '--abbrev=40', '--full-index', '-M', '-p', '--no-ext-diff', '--no-color']) failed due to: ValueError('PyMemoryView_FromBuffer(): info->buf must not be NULL')
Exception in thread Thread-149 (pump_stream):
Traceback (most recent call last):
  File "/fibus/fs2/02/cgk3480/.conda/envs/churn-env/lib/python3.11/site-packages/git/cmd.py", line 157, in pump_stream
    for line in stream:
ValueError: PyMemoryView_FromBuffer(): info->buf must not be NULL

The above exception was the direct cause of the following exception:

Traceback (most recent call last):
  File "/fibus/fs2/02/cgk3480/.conda/envs/churn-env/lib/python3.11/threading.py", line 1045, in _bootstrap_inner
    self.run()
  File "/fibus/fs2/02/cgk3480/.conda/envs/churn-env/lib/python3.11/threading.py", line 982, in run
    self._target(*self._args, **self._kwargs)
  File "/fibus/fs2/02/cgk3480/.conda/envs/churn-env/lib/python3.11/site-packages/git/cmd.py", line 170, in pump_stream
    raise CommandError([f"<{name}-pump>"] + remove_password_if_present(cmdline), ex) from ex
git.exc.CommandError: Cmd('<stdout-pump>') failed due to: ValueError('PyMemoryView_FromBuffer(): info->buf must not be NULL')
  cmdline: <stdout-pump> git diff-tree fcc494af3cfaefc9f8a51c3c7e7f208a0553b28f 76016322ec5670052fdabb08c586d6b16bd5062f -r --abbrev=40 --full-index -M -p --no-ext-diff --no-color
Pumping 'stdout' of cmd(['git', 'diff-tree', '66d0d5a854a6625974e7de4b874e7934988b0ef8', '0b4de1ff19bf878eb38f4f668ee15c9b9eed4240', '-r', '--abbrev=40', '--full-index', '-M', '-p', '--no-ext-diff', '--no-color']) failed due to: ValueError('PyMemoryView_FromBuffer(): info->buf must not be NULL')
Exception in thread Thread-213 (pump_stream):
Traceback (most recent call last):
  File "/fibus/fs2/02/cgk3480/.conda/envs/churn-env/lib/python3.11/site-packages/git/cmd.py", line 157, in pump_stream
    for line in stream:
ValueError: PyMemoryView_FromBuffer(): info->buf must not be NULL

The above exception was the direct cause of the following exception:

Traceback (most recent call last):
  File "/fibus/fs2/02/cgk3480/.conda/envs/churn-env/lib/python3.11/threading.py", line 1045, in _bootstrap_inner
    self.run()
  File "/fibus/fs2/02/cgk3480/.conda/envs/churn-env/lib/python3.11/threading.py", line 982, in run
    self._target(*self._args, **self._kwargs)
  File "/fibus/fs2/02/cgk3480/.conda/envs/churn-env/lib/python3.11/site-packages/git/cmd.py", line 170, in pump_stream
    raise CommandError([f"<{name}-pump>"] + remove_password_if_present(cmdline), ex) from ex
git.exc.CommandError: Cmd('<stdout-pump>') failed due to: ValueError('PyMemoryView_FromBuffer(): info->buf must not be NULL')
  cmdline: <stdout-pump> git diff-tree 66d0d5a854a6625974e7de4b874e7934988b0ef8 0b4de1ff19bf878eb38f4f668ee15c9b9eed4240 -r --abbrev=40 --full-index -M -p --no-ext-diff --no-color
Pumping 'stdout' of cmd(['git', 'diff-tree', '21b5954d61fd467d0c4e25583845ba0621dfb4fb', 'bc55cfd5718c7c23e5524582e9fa70b4d10f2433', '-r', '--abbrev=40', '--full-index', '-M', '-p', '--no-ext-diff', '--no-color']) failed due to: ValueError('PyMemoryView_FromBuffer(): info->buf must not be NULL')
Exception in thread Thread-175 (pump_stream):
Traceback (most recent call last):
  File "/fibus/fs2/02/cgk3480/.conda/envs/churn-env/lib/python3.11/site-packages/git/cmd.py", line 157, in pump_stream
    for line in stream:
ValueError: PyMemoryView_FromBuffer(): info->buf must not be NULL

The above exception was the direct cause of the following exception:

Traceback (most recent call last):
  File "/fibus/fs2/02/cgk3480/.conda/envs/churn-env/lib/python3.11/threading.py", line 1045, in _bootstrap_inner
    self.run()
  File "/fibus/fs2/02/cgk3480/.conda/envs/churn-env/lib/python3.11/threading.py", line 982, in run
    self._target(*self._args, **self._kwargs)
  File "/fibus/fs2/02/cgk3480/.conda/envs/churn-env/lib/python3.11/site-packages/git/cmd.py", line 170, in pump_stream
    raise CommandError([f"<{name}-pump>"] + remove_password_if_present(cmdline), ex) from ex
git.exc.CommandError: Cmd('<stdout-pump>') failed due to: ValueError('PyMemoryView_FromBuffer(): info->buf must not be NULL')
  cmdline: <stdout-pump> git diff-tree 21b5954d61fd467d0c4e25583845ba0621dfb4fb bc55cfd5718c7c23e5524582e9fa70b4d10f2433 -r --abbrev=40 --full-index -M -p --no-ext-diff --no-color
Pumping 'stdout' of cmd(['git', 'diff-tree', '41c0126b3f22ef36b97b3c38b8f29569848a5ce2', 'e48453c386f39ca9ea29e9df6efef78f56746af0', '-r', '--abbrev=40', '--full-index', '-M', '-p', '--no-ext-diff', '--no-color']) failed due to: ValueError('PyMemoryView_FromBuffer(): info->buf must not be NULL')
Exception in thread Thread-129 (pump_stream):
Traceback (most recent call last):
  File "/fibus/fs2/02/cgk3480/.conda/envs/churn-env/lib/python3.11/site-packages/git/cmd.py", line 157, in pump_stream
    for line in stream:
ValueError: PyMemoryView_FromBuffer(): info->buf must not be NULL

The above exception was the direct cause of the following exception:

Traceback (most recent call last):
  File "/fibus/fs2/02/cgk3480/.conda/envs/churn-env/lib/python3.11/threading.py", line 1045, in _bootstrap_inner
    self.run()
  File "/fibus/fs2/02/cgk3480/.conda/envs/churn-env/lib/python3.11/threading.py", line 982, in run
    self._target(*self._args, **self._kwargs)
  File "/fibus/fs2/02/cgk3480/.conda/envs/churn-env/lib/python3.11/site-packages/git/cmd.py", line 170, in pump_stream
    raise CommandError([f"<{name}-pump>"] + remove_password_if_present(cmdline), ex) from ex
git.exc.CommandError: Cmd('<stdout-pump>') failed due to: ValueError('PyMemoryView_FromBuffer(): info->buf must not be NULL')
  cmdline: <stdout-pump> git diff-tree 41c0126b3f22ef36b97b3c38b8f29569848a5ce2 e48453c386f39ca9ea29e9df6efef78f56746af0 -r --abbrev=40 --full-index -M -p --no-ext-diff --no-color
Pumping 'stdout' of cmd(['git', 'diff-tree', 'ff27e85a85bbde19589f775297db92ff925e5981', 'ab8ec9658f5af1f9102145d2b4e16c7021296ded', '-r', '--abbrev=40', '--full-index', '-M', '-p', '--no-ext-diff', '--no-color']) failed due to: ValueError('PyMemoryView_FromBuffer(): info->buf must not be NULL')
Exception in thread Thread-147 (pump_stream):
Traceback (most recent call last):
  File "/fibus/fs2/02/cgk3480/.conda/envs/churn-env/lib/python3.11/site-packages/git/cmd.py", line 157, in pump_stream
    for line in stream:
ValueError: PyMemoryView_FromBuffer(): info->buf must not be NULL

The above exception was the direct cause of the following exception:

Traceback (most recent call last):
  File "/fibus/fs2/02/cgk3480/.conda/envs/churn-env/lib/python3.11/threading.py", line 1045, in _bootstrap_inner
    self.run()
  File "/fibus/fs2/02/cgk3480/.conda/envs/churn-env/lib/python3.11/threading.py", line 982, in run
    self._target(*self._args, **self._kwargs)
  File "/fibus/fs2/02/cgk3480/.conda/envs/churn-env/lib/python3.11/site-packages/git/cmd.py", line 170, in pump_stream
    raise CommandError([f"<{name}-pump>"] + remove_password_if_present(cmdline), ex) from ex
git.exc.CommandError: Cmd('<stdout-pump>') failed due to: ValueError('PyMemoryView_FromBuffer(): info->buf must not be NULL')
  cmdline: <stdout-pump> git diff-tree ff27e85a85bbde19589f775297db92ff925e5981 ab8ec9658f5af1f9102145d2b4e16c7021296ded -r --abbrev=40 --full-index -M -p --no-ext-diff --no-color
Pumping 'stdout' of cmd(['git', 'diff-tree', '6efb943b8616ec53a5e444193dccf1af9ad627b5', '19dee613816d5065ad09f2ccc20b35d23dca9f28', '-r', '--abbrev=40', '--full-index', '-M', '-p', '--no-ext-diff', '--no-color']) failed due to: ValueError('PyMemoryView_FromBuffer(): info->buf must not be NULL')
Exception in thread Thread-203 (pump_stream):
Traceback (most recent call last):
  File "/fibus/fs2/02/cgk3480/.conda/envs/churn-env/lib/python3.11/site-packages/git/cmd.py", line 157, in pump_stream
    for line in stream:
ValueError: PyMemoryView_FromBuffer(): info->buf must not be NULL

The above exception was the direct cause of the following exception:

Traceback (most recent call last):
  File "/fibus/fs2/02/cgk3480/.conda/envs/churn-env/lib/python3.11/threading.py", line 1045, in _bootstrap_inner
    self.run()
  File "/fibus/fs2/02/cgk3480/.conda/envs/churn-env/lib/python3.11/threading.py", line 982, in run
    self._target(*self._args, **self._kwargs)
  File "/fibus/fs2/02/cgk3480/.conda/envs/churn-env/lib/python3.11/site-packages/git/cmd.py", line 170, in pump_stream
    raise CommandError([f"<{name}-pump>"] + remove_password_if_present(cmdline), ex) from ex
git.exc.CommandError: Cmd('<stdout-pump>') failed due to: ValueError('PyMemoryView_FromBuffer(): info->buf must not be NULL')
  cmdline: <stdout-pump> git diff-tree 6efb943b8616ec53a5e444193dccf1af9ad627b5 19dee613816d5065ad09f2ccc20b35d23dca9f28 -r --abbrev=40 --full-index -M -p --no-ext-diff --no-color
Pumping 'stdout' of cmd(['git', 'diff-tree', 'f3502e2e98a92981601edc3dadf4b0f43c79836b', 'a7e05f7a1bcbe4ee055479242de46c5c16ab03b1', '-r', '--abbrev=40', '--full-index', '-M', '-p', '--no-ext-diff', '--no-color']) failed due to: ValueError('PyMemoryView_FromBuffer(): info->buf must not be NULL')
Exception in thread Thread-135 (pump_stream):
Traceback (most recent call last):
  File "/fibus/fs2/02/cgk3480/.conda/envs/churn-env/lib/python3.11/site-packages/git/cmd.py", line 157, in pump_stream
    for line in stream:
ValueError: PyMemoryView_FromBuffer(): info->buf must not be NULL

The above exception was the direct cause of the following exception:

Traceback (most recent call last):
  File "/fibus/fs2/02/cgk3480/.conda/envs/churn-env/lib/python3.11/threading.py", line 1045, in _bootstrap_inner
    self.run()
  File "/fibus/fs2/02/cgk3480/.conda/envs/churn-env/lib/python3.11/threading.py", line 982, in run
    self._target(*self._args, **self._kwargs)
  File "/fibus/fs2/02/cgk3480/.conda/envs/churn-env/lib/python3.11/site-packages/git/cmd.py", line 170, in pump_stream
    raise CommandError([f"<{name}-pump>"] + remove_password_if_present(cmdline), ex) from ex
git.exc.CommandError: Cmd('<stdout-pump>') failed due to: ValueError('PyMemoryView_FromBuffer(): info->buf must not be NULL')
  cmdline: <stdout-pump> git diff-tree f3502e2e98a92981601edc3dadf4b0f43c79836b a7e05f7a1bcbe4ee055479242de46c5c16ab03b1 -r --abbrev=40 --full-index -M -p --no-ext-diff --no-color
Pumping 'stdout' of cmd(['git', 'diff-tree', 'f838a63369818faadec4ad1736cfbd20ab5da00e', '1e53834ce541d4fe271cdcca7703e50be0a44f8a', '-r', '--abbrev=40', '--full-index', '-M', '-p', '--no-ext-diff', '--no-color']) failed due to: ValueError('PyMemoryView_FromBuffer(): info->buf must not be NULL')
Exception in thread Thread-189 (pump_stream):
Traceback (most recent call last):
  File "/fibus/fs2/02/cgk3480/.conda/envs/churn-env/lib/python3.11/site-packages/git/cmd.py", line 157, in pump_stream
    for line in stream:
ValueError: PyMemoryView_FromBuffer(): info->buf must not be NULL

The above exception was the direct cause of the following exception:

Traceback (most recent call last):
  File "/fibus/fs2/02/cgk3480/.conda/envs/churn-env/lib/python3.11/threading.py", line 1045, in _bootstrap_inner
    self.run()
  File "/fibus/fs2/02/cgk3480/.conda/envs/churn-env/lib/python3.11/threading.py", line 982, in run
    self._target(*self._args, **self._kwargs)
  File "/fibus/fs2/02/cgk3480/.conda/envs/churn-env/lib/python3.11/site-packages/git/cmd.py", line 170, in pump_stream
    raise CommandError([f"<{name}-pump>"] + remove_password_if_present(cmdline), ex) from ex
git.exc.CommandError: Cmd('<stdout-pump>') failed due to: ValueError('PyMemoryView_FromBuffer(): info->buf must not be NULL')
  cmdline: <stdout-pump> git diff-tree f838a63369818faadec4ad1736cfbd20ab5da00e 1e53834ce541d4fe271cdcca7703e50be0a44f8a -r --abbrev=40 --full-index -M -p --no-ext-diff --no-color
Pumping 'stdout' of cmd(['git', 'diff-tree', 'e783362eb54cd99b2cac8b3a9aeac942e6f6ac07', '6a00ef4493706a23120057fafbc62379bcde11ec', '-r', '--abbrev=40', '--full-index', '-M', '-p', '--no-ext-diff', '--no-color']) failed due to: ValueError('PyMemoryView_FromBuffer(): info->buf must not be NULL')
Exception in thread Thread-201 (pump_stream):
Traceback (most recent call last):
  File "/fibus/fs2/02/cgk3480/.conda/envs/churn-env/lib/python3.11/site-packages/git/cmd.py", line 157, in pump_stream
    for line in stream:
ValueError: PyMemoryView_FromBuffer(): info->buf must not be NULL

The above exception was the direct cause of the following exception:

Traceback (most recent call last):
  File "/fibus/fs2/02/cgk3480/.conda/envs/churn-env/lib/python3.11/threading.py", line 1045, in _bootstrap_inner
    self.run()
  File "/fibus/fs2/02/cgk3480/.conda/envs/churn-env/lib/python3.11/threading.py", line 982, in run
    self._target(*self._args, **self._kwargs)
  File "/fibus/fs2/02/cgk3480/.conda/envs/churn-env/lib/python3.11/site-packages/git/cmd.py", line 170, in pump_stream
    raise CommandError([f"<{name}-pump>"] + remove_password_if_present(cmdline), ex) from ex
git.exc.CommandError: Cmd('<stdout-pump>') failed due to: ValueError('PyMemoryView_FromBuffer(): info->buf must not be NULL')
  cmdline: <stdout-pump> git diff-tree e783362eb54cd99b2cac8b3a9aeac942e6f6ac07 6a00ef4493706a23120057fafbc62379bcde11ec -r --abbrev=40 --full-index -M -p --no-ext-diff --no-color
Pumping 'stdout' of cmd(['git', 'diff-tree', 'c28ea613fafad910d08f67efe76ae552b1434e44', 'd734492a14a2da6e7bcce8cf66436a9cf4e51ddf', '-r', '--abbrev=40', '--full-index', '-M', '-p', '--no-ext-diff', '--no-color']) failed due to: ValueError('PyMemoryView_FromBuffer(): info->buf must not be NULL')
Exception in thread Thread-205 (pump_stream):
Traceback (most recent call last):
  File "/fibus/fs2/02/cgk3480/.conda/envs/churn-env/lib/python3.11/site-packages/git/cmd.py", line 157, in pump_stream
    for line in stream:
ValueError: PyMemoryView_FromBuffer(): info->buf must not be NULL

The above exception was the direct cause of the following exception:

Traceback (most recent call last):
  File "/fibus/fs2/02/cgk3480/.conda/envs/churn-env/lib/python3.11/threading.py", line 1045, in _bootstrap_inner
    self.run()
  File "/fibus/fs2/02/cgk3480/.conda/envs/churn-env/lib/python3.11/threading.py", line 982, in run
    self._target(*self._args, **self._kwargs)
  File "/fibus/fs2/02/cgk3480/.conda/envs/churn-env/lib/python3.11/site-packages/git/cmd.py", line 170, in pump_stream
    raise CommandError([f"<{name}-pump>"] + remove_password_if_present(cmdline), ex) from ex
git.exc.CommandError: Cmd('<stdout-pump>') failed due to: ValueError('PyMemoryView_FromBuffer(): info->buf must not be NULL')
  cmdline: <stdout-pump> git diff-tree c28ea613fafad910d08f67efe76ae552b1434e44 d734492a14a2da6e7bcce8cf66436a9cf4e51ddf -r --abbrev=40 --full-index -M -p --no-ext-diff --no-color
Pumping 'stdout' of cmd(['git', 'diff-tree', '27c3bffd230abd0a598586aed0fe0ba7b61e0e2e', '697bbc7b832048d3a679cd55caf2268a325efbe0', '-r', '--abbrev=40', '--full-index', '-M', '-p', '--no-ext-diff', '--no-color']) failed due to: ValueError('PyMemoryView_FromBuffer(): info->buf must not be NULL')
Exception in thread Thread-221 (pump_stream):
Traceback (most recent call last):
  File "/fibus/fs2/02/cgk3480/.conda/envs/churn-env/lib/python3.11/site-packages/git/cmd.py", line 157, in pump_stream
    for line in stream:
ValueError: PyMemoryView_FromBuffer(): info->buf must not be NULL

The above exception was the direct cause of the following exception:

Traceback (most recent call last):
  File "/fibus/fs2/02/cgk3480/.conda/envs/churn-env/lib/python3.11/threading.py", line 1045, in _bootstrap_inner
    self.run()
  File "/fibus/fs2/02/cgk3480/.conda/envs/churn-env/lib/python3.11/threading.py", line 982, in run
    self._target(*self._args, **self._kwargs)
  File "/fibus/fs2/02/cgk3480/.conda/envs/churn-env/lib/python3.11/site-packages/git/cmd.py", line 170, in pump_stream
    raise CommandError([f"<{name}-pump>"] + remove_password_if_present(cmdline), ex) from ex
git.exc.CommandError: Cmd('<stdout-pump>') failed due to: ValueError('PyMemoryView_FromBuffer(): info->buf must not be NULL')
  cmdline: <stdout-pump> git diff-tree 27c3bffd230abd0a598586aed0fe0ba7b61e0e2e 697bbc7b832048d3a679cd55caf2268a325efbe0 -r --abbrev=40 --full-index -M -p --no-ext-diff --no-color
Pumping 'stdout' of cmd(['git', 'diff-tree', '0537634f7ecccc519bcf3a28f84a16585c25e7fb', '664ae1ab2536ac9c1213d1231888712ef622b0b3', '-r', '--abbrev=40', '--full-index', '-M', '-p', '--no-ext-diff', '--no-color']) failed due to: ValueError('PyMemoryView_FromBuffer(): info->buf must not be NULL')
Exception in thread Thread-217 (pump_stream):
Traceback (most recent call last):
  File "/fibus/fs2/02/cgk3480/.conda/envs/churn-env/lib/python3.11/site-packages/git/cmd.py", line 157, in pump_stream
    for line in stream:
ValueError: PyMemoryView_FromBuffer(): info->buf must not be NULL

The above exception was the direct cause of the following exception:

Traceback (most recent call last):
  File "/fibus/fs2/02/cgk3480/.conda/envs/churn-env/lib/python3.11/threading.py", line 1045, in _bootstrap_inner
    self.run()
  File "/fibus/fs2/02/cgk3480/.conda/envs/churn-env/lib/python3.11/threading.py", line 982, in run
    self._target(*self._args, **self._kwargs)
  File "/fibus/fs2/02/cgk3480/.conda/envs/churn-env/lib/python3.11/site-packages/git/cmd.py", line 170, in pump_stream
    raise CommandError([f"<{name}-pump>"] + remove_password_if_present(cmdline), ex) from ex
git.exc.CommandError: Cmd('<stdout-pump>') failed due to: ValueError('PyMemoryView_FromBuffer(): info->buf must not be NULL')
  cmdline: <stdout-pump> git diff-tree 0537634f7ecccc519bcf3a28f84a16585c25e7fb 664ae1ab2536ac9c1213d1231888712ef622b0b3 -r --abbrev=40 --full-index -M -p --no-ext-diff --no-color
Pumping 'stdout' of cmd(['git', 'diff-tree', '434a09f9c43ae5136774fb632440beb4f0081719', '34a109610e2a78b56be22fa314054c09669075eb', '-r', '--abbrev=40', '--full-index', '-M', '-p', '--no-ext-diff', '--no-color']) failed due to: ValueError('PyMemoryView_FromBuffer(): info->buf must not be NULL')
Exception in thread Thread-203 (pump_stream):
Traceback (most recent call last):
  File "/fibus/fs2/02/cgk3480/.conda/envs/churn-env/lib/python3.11/site-packages/git/cmd.py", line 157, in pump_stream
    for line in stream:
ValueError: PyMemoryView_FromBuffer(): info->buf must not be NULL

The above exception was the direct cause of the following exception:

Traceback (most recent call last):
  File "/fibus/fs2/02/cgk3480/.conda/envs/churn-env/lib/python3.11/threading.py", line 1045, in _bootstrap_inner
    self.run()
  File "/fibus/fs2/02/cgk3480/.conda/envs/churn-env/lib/python3.11/threading.py", line 982, in run
    self._target(*self._args, **self._kwargs)
  File "/fibus/fs2/02/cgk3480/.conda/envs/churn-env/lib/python3.11/site-packages/git/cmd.py", line 170, in pump_stream
    raise CommandError([f"<{name}-pump>"] + remove_password_if_present(cmdline), ex) from ex
git.exc.CommandError: Cmd('<stdout-pump>') failed due to: ValueError('PyMemoryView_FromBuffer(): info->buf must not be NULL')
  cmdline: <stdout-pump> git diff-tree 434a09f9c43ae5136774fb632440beb4f0081719 34a109610e2a78b56be22fa314054c09669075eb -r --abbrev=40 --full-index -M -p --no-ext-diff --no-color
Pumping 'stdout' of cmd(['git', 'diff-tree', 'e5af61ffaaef0e952e248de895454cd339080035', '5aa71bd773c390891974b1bcbdb3b12aa17c781d', '-r', '--abbrev=40', '--full-index', '-M', '-p', '--no-ext-diff', '--no-color']) failed due to: ValueError('PyMemoryView_FromBuffer(): info->buf must not be NULL')
Exception in thread Thread-221 (pump_stream):
Traceback (most recent call last):
  File "/fibus/fs2/02/cgk3480/.conda/envs/churn-env/lib/python3.11/site-packages/git/cmd.py", line 157, in pump_stream
    for line in stream:
ValueError: PyMemoryView_FromBuffer(): info->buf must not be NULL

The above exception was the direct cause of the following exception:

Traceback (most recent call last):
  File "/fibus/fs2/02/cgk3480/.conda/envs/churn-env/lib/python3.11/threading.py", line 1045, in _bootstrap_inner
    self.run()
  File "/fibus/fs2/02/cgk3480/.conda/envs/churn-env/lib/python3.11/threading.py", line 982, in run
    self._target(*self._args, **self._kwargs)
  File "/fibus/fs2/02/cgk3480/.conda/envs/churn-env/lib/python3.11/site-packages/git/cmd.py", line 170, in pump_stream
    raise CommandError([f"<{name}-pump>"] + remove_password_if_present(cmdline), ex) from ex
git.exc.CommandError: Cmd('<stdout-pump>') failed due to: ValueError('PyMemoryView_FromBuffer(): info->buf must not be NULL')
  cmdline: <stdout-pump> git diff-tree e5af61ffaaef0e952e248de895454cd339080035 5aa71bd773c390891974b1bcbdb3b12aa17c781d -r --abbrev=40 --full-index -M -p --no-ext-diff --no-color
Pumping 'stdout' of cmd(['git', 'diff-tree', '2dd0f6a64a36bf7176c6055c919da3f53b7924f3', '3df54c870f52b4c47b53eead8d22a109f741b91c', '-r', '--abbrev=40', '--full-index', '-M', '-p', '--no-ext-diff', '--no-color']) failed due to: ValueError('PyMemoryView_FromBuffer(): info->buf must not be NULL')
Exception in thread Thread-233 (pump_stream):
Traceback (most recent call last):
  File "/fibus/fs2/02/cgk3480/.conda/envs/churn-env/lib/python3.11/site-packages/git/cmd.py", line 157, in pump_stream
    for line in stream:
ValueError: PyMemoryView_FromBuffer(): info->buf must not be NULL

The above exception was the direct cause of the following exception:

Traceback (most recent call last):
  File "/fibus/fs2/02/cgk3480/.conda/envs/churn-env/lib/python3.11/threading.py", line 1045, in _bootstrap_inner
    self.run()
  File "/fibus/fs2/02/cgk3480/.conda/envs/churn-env/lib/python3.11/threading.py", line 982, in run
    self._target(*self._args, **self._kwargs)
  File "/fibus/fs2/02/cgk3480/.conda/envs/churn-env/lib/python3.11/site-packages/git/cmd.py", line 170, in pump_stream
    raise CommandError([f"<{name}-pump>"] + remove_password_if_present(cmdline), ex) from ex
git.exc.CommandError: Cmd('<stdout-pump>') failed due to: ValueError('PyMemoryView_FromBuffer(): info->buf must not be NULL')
  cmdline: <stdout-pump> git diff-tree 2dd0f6a64a36bf7176c6055c919da3f53b7924f3 3df54c870f52b4c47b53eead8d22a109f741b91c -r --abbrev=40 --full-index -M -p --no-ext-diff --no-color
Pumping 'stdout' of cmd(['git', 'diff-tree', 'b7d950b9281f1dc5a5e37eaaf04cf33067e575f6', '353afa3a8d2ef4a4b25db823ffd05d440b3530cb', '-r', '--abbrev=40', '--full-index', '-M', '-p', '--no-ext-diff', '--no-color']) failed due to: ValueError('PyMemoryView_FromBuffer(): info->buf must not be NULL')
Exception in thread Thread-195 (pump_stream):
Traceback (most recent call last):
  File "/fibus/fs2/02/cgk3480/.conda/envs/churn-env/lib/python3.11/site-packages/git/cmd.py", line 157, in pump_stream
    for line in stream:
ValueError: PyMemoryView_FromBuffer(): info->buf must not be NULL

The above exception was the direct cause of the following exception:

Traceback (most recent call last):
  File "/fibus/fs2/02/cgk3480/.conda/envs/churn-env/lib/python3.11/threading.py", line 1045, in _bootstrap_inner
    self.run()
  File "/fibus/fs2/02/cgk3480/.conda/envs/churn-env/lib/python3.11/threading.py", line 982, in run
    self._target(*self._args, **self._kwargs)
  File "/fibus/fs2/02/cgk3480/.conda/envs/churn-env/lib/python3.11/site-packages/git/cmd.py", line 170, in pump_stream
    raise CommandError([f"<{name}-pump>"] + remove_password_if_present(cmdline), ex) from ex
git.exc.CommandError: Cmd('<stdout-pump>') failed due to: ValueError('PyMemoryView_FromBuffer(): info->buf must not be NULL')
  cmdline: <stdout-pump> git diff-tree b7d950b9281f1dc5a5e37eaaf04cf33067e575f6 353afa3a8d2ef4a4b25db823ffd05d440b3530cb -r --abbrev=40 --full-index -M -p --no-ext-diff --no-color
Pumping 'stdout' of cmd(['git', 'diff-tree', 'e0f946915b23fd98ffadcf89f8e1c1aee02a7e57', 'afd094ebe69f91ca44047450fb4b7774aab3aa21', '-r', '--abbrev=40', '--full-index', '-M', '-p', '--no-ext-diff', '--no-color']) failed due to: ValueError('PyMemoryView_FromBuffer(): info->buf must not be NULL')
Exception in thread Thread-217 (pump_stream):
Traceback (most recent call last):
  File "/fibus/fs2/02/cgk3480/.conda/envs/churn-env/lib/python3.11/site-packages/git/cmd.py", line 157, in pump_stream
    for line in stream:
ValueError: PyMemoryView_FromBuffer(): info->buf must not be NULL

The above exception was the direct cause of the following exception:

Traceback (most recent call last):
  File "/fibus/fs2/02/cgk3480/.conda/envs/churn-env/lib/python3.11/threading.py", line 1045, in _bootstrap_inner
    self.run()
  File "/fibus/fs2/02/cgk3480/.conda/envs/churn-env/lib/python3.11/threading.py", line 982, in run
    self._target(*self._args, **self._kwargs)
  File "/fibus/fs2/02/cgk3480/.conda/envs/churn-env/lib/python3.11/site-packages/git/cmd.py", line 170, in pump_stream
    raise CommandError([f"<{name}-pump>"] + remove_password_if_present(cmdline), ex) from ex
git.exc.CommandError: Cmd('<stdout-pump>') failed due to: ValueError('PyMemoryView_FromBuffer(): info->buf must not be NULL')
  cmdline: <stdout-pump> git diff-tree e0f946915b23fd98ffadcf89f8e1c1aee02a7e57 afd094ebe69f91ca44047450fb4b7774aab3aa21 -r --abbrev=40 --full-index -M -p --no-ext-diff --no-color
Pumping 'stdout' of cmd(['git', 'diff-tree', '4e9561b20e2f5c1170704a81ec7e1ac961ba5e68', 'a79f5f9ba5088f157482feaa6ae2bacc9da0f5db', '-r', '--abbrev=40', '--full-index', '-M', '-p', '--no-ext-diff', '--no-color']) failed due to: ValueError('PyMemoryView_FromBuffer(): info->buf must not be NULL')
Exception in thread Thread-253 (pump_stream):
Traceback (most recent call last):
  File "/fibus/fs2/02/cgk3480/.conda/envs/churn-env/lib/python3.11/site-packages/git/cmd.py", line 157, in pump_stream
    for line in stream:
ValueError: PyMemoryView_FromBuffer(): info->buf must not be NULL

The above exception was the direct cause of the following exception:

Traceback (most recent call last):
  File "/fibus/fs2/02/cgk3480/.conda/envs/churn-env/lib/python3.11/threading.py", line 1045, in _bootstrap_inner
    self.run()
  File "/fibus/fs2/02/cgk3480/.conda/envs/churn-env/lib/python3.11/threading.py", line 982, in run
    self._target(*self._args, **self._kwargs)
  File "/fibus/fs2/02/cgk3480/.conda/envs/churn-env/lib/python3.11/site-packages/git/cmd.py", line 170, in pump_stream
    raise CommandError([f"<{name}-pump>"] + remove_password_if_present(cmdline), ex) from ex
git.exc.CommandError: Cmd('<stdout-pump>') failed due to: ValueError('PyMemoryView_FromBuffer(): info->buf must not be NULL')
  cmdline: <stdout-pump> git diff-tree 4e9561b20e2f5c1170704a81ec7e1ac961ba5e68 a79f5f9ba5088f157482feaa6ae2bacc9da0f5db -r --abbrev=40 --full-index -M -p --no-ext-diff --no-color
Pumping 'stdout' of cmd(['git', 'diff-tree', '7ce7d89f48834cefece7804d38fc5d85382edf77', '88baa78d1f318e57c7cccbfe55d485befd1ce696', '-r', '--abbrev=40', '--full-index', '-M', '-p', '--no-ext-diff', '--no-color']) failed due to: ValueError('PyMemoryView_FromBuffer(): info->buf must not be NULL')
Exception in thread Thread-213 (pump_stream):
Traceback (most recent call last):
  File "/fibus/fs2/02/cgk3480/.conda/envs/churn-env/lib/python3.11/site-packages/git/cmd.py", line 157, in pump_stream
    for line in stream:
ValueError: PyMemoryView_FromBuffer(): info->buf must not be NULL

The above exception was the direct cause of the following exception:

Traceback (most recent call last):
  File "/fibus/fs2/02/cgk3480/.conda/envs/churn-env/lib/python3.11/threading.py", line 1045, in _bootstrap_inner
    self.run()
  File "/fibus/fs2/02/cgk3480/.conda/envs/churn-env/lib/python3.11/threading.py", line 982, in run
    self._target(*self._args, **self._kwargs)
  File "/fibus/fs2/02/cgk3480/.conda/envs/churn-env/lib/python3.11/site-packages/git/cmd.py", line 170, in pump_stream
    raise CommandError([f"<{name}-pump>"] + remove_password_if_present(cmdline), ex) from ex
git.exc.CommandError: Cmd('<stdout-pump>') failed due to: ValueError('PyMemoryView_FromBuffer(): info->buf must not be NULL')
  cmdline: <stdout-pump> git diff-tree 7ce7d89f48834cefece7804d38fc5d85382edf77 88baa78d1f318e57c7cccbfe55d485befd1ce696 -r --abbrev=40 --full-index -M -p --no-ext-diff --no-color
Pumping 'stdout' of cmd(['git', 'diff-tree', 'de84d89030fa4efa44c02c96c8b4a8176042c4ff', '4efdd92c921135175a85452cd41273d9e2788db3', '-r', '--abbrev=40', '--full-index', '-M', '-p', '--no-ext-diff', '--no-color']) failed due to: ValueError('PyMemoryView_FromBuffer(): info->buf must not be NULL')
Exception in thread Thread-195 (pump_stream):
Traceback (most recent call last):
  File "/fibus/fs2/02/cgk3480/.conda/envs/churn-env/lib/python3.11/site-packages/git/cmd.py", line 157, in pump_stream
    for line in stream:
ValueError: PyMemoryView_FromBuffer(): info->buf must not be NULL

The above exception was the direct cause of the following exception:

Traceback (most recent call last):
  File "/fibus/fs2/02/cgk3480/.conda/envs/churn-env/lib/python3.11/threading.py", line 1045, in _bootstrap_inner
    self.run()
  File "/fibus/fs2/02/cgk3480/.conda/envs/churn-env/lib/python3.11/threading.py", line 982, in run
    self._target(*self._args, **self._kwargs)
  File "/fibus/fs2/02/cgk3480/.conda/envs/churn-env/lib/python3.11/site-packages/git/cmd.py", line 170, in pump_stream
    raise CommandError([f"<{name}-pump>"] + remove_password_if_present(cmdline), ex) from ex
git.exc.CommandError: Cmd('<stdout-pump>') failed due to: ValueError('PyMemoryView_FromBuffer(): info->buf must not be NULL')
  cmdline: <stdout-pump> git diff-tree de84d89030fa4efa44c02c96c8b4a8176042c4ff 4efdd92c921135175a85452cd41273d9e2788db3 -r --abbrev=40 --full-index -M -p --no-ext-diff --no-color
Pumping 'stdout' of cmd(['git', 'diff-tree', '5c6dd7bd569b54c0d2904125d7366aa93f077f67', '046d2e7c50e3087a32a85fd384c21f896dbccf83', '-r', '--abbrev=40', '--full-index', '-M', '-p', '--no-ext-diff', '--no-color']) failed due to: ValueError('PyMemoryView_FromBuffer(): info->buf must not be NULL')
Exception in thread Thread-215 (pump_stream):
Traceback (most recent call last):
  File "/fibus/fs2/02/cgk3480/.conda/envs/churn-env/lib/python3.11/site-packages/git/cmd.py", line 157, in pump_stream
    for line in stream:
ValueError: PyMemoryView_FromBuffer(): info->buf must not be NULL

The above exception was the direct cause of the following exception:

Traceback (most recent call last):
  File "/fibus/fs2/02/cgk3480/.conda/envs/churn-env/lib/python3.11/threading.py", line 1045, in _bootstrap_inner
    self.run()
  File "/fibus/fs2/02/cgk3480/.conda/envs/churn-env/lib/python3.11/threading.py", line 982, in run
    self._target(*self._args, **self._kwargs)
  File "/fibus/fs2/02/cgk3480/.conda/envs/churn-env/lib/python3.11/site-packages/git/cmd.py", line 170, in pump_stream
    raise CommandError([f"<{name}-pump>"] + remove_password_if_present(cmdline), ex) from ex
git.exc.CommandError: Cmd('<stdout-pump>') failed due to: ValueError('PyMemoryView_FromBuffer(): info->buf must not be NULL')
  cmdline: <stdout-pump> git diff-tree 5c6dd7bd569b54c0d2904125d7366aa93f077f67 046d2e7c50e3087a32a85fd384c21f896dbccf83 -r --abbrev=40 --full-index -M -p --no-ext-diff --no-color
Pumping 'stdout' of cmd(['git', 'diff-tree', '56f047305dd4b6b61771ac4f523718e4111052a8', 'd188ba86dd07a72ebebfa22fe9cb0b0572e57740', '-r', '--abbrev=40', '--full-index', '-M', '-p', '--no-ext-diff', '--no-color']) failed due to: ValueError('PyMemoryView_FromBuffer(): info->buf must not be NULL')
Exception in thread Thread-195 (pump_stream):
Traceback (most recent call last):
  File "/fibus/fs2/02/cgk3480/.conda/envs/churn-env/lib/python3.11/site-packages/git/cmd.py", line 157, in pump_stream
    for line in stream:
ValueError: PyMemoryView_FromBuffer(): info->buf must not be NULL

The above exception was the direct cause of the following exception:

Traceback (most recent call last):
  File "/fibus/fs2/02/cgk3480/.conda/envs/churn-env/lib/python3.11/threading.py", line 1045, in _bootstrap_inner
    self.run()
  File "/fibus/fs2/02/cgk3480/.conda/envs/churn-env/lib/python3.11/threading.py", line 982, in run
    self._target(*self._args, **self._kwargs)
  File "/fibus/fs2/02/cgk3480/.conda/envs/churn-env/lib/python3.11/site-packages/git/cmd.py", line 170, in pump_stream
    raise CommandError([f"<{name}-pump>"] + remove_password_if_present(cmdline), ex) from ex
git.exc.CommandError: Cmd('<stdout-pump>') failed due to: ValueError('PyMemoryView_FromBuffer(): info->buf must not be NULL')
  cmdline: <stdout-pump> git diff-tree 56f047305dd4b6b61771ac4f523718e4111052a8 d188ba86dd07a72ebebfa22fe9cb0b0572e57740 -r --abbrev=40 --full-index -M -p --no-ext-diff --no-color
Pumping 'stdout' of cmd(['git', 'diff-tree', '22396941a7f343d704738360f9ef0e6576489d43', '79f55473bfc8ac51bd6572929a679eeb4da22251', '-r', '--abbrev=40', '--full-index', '-M', '-p', '--no-ext-diff', '--no-color']) failed due to: ValueError('PyMemoryView_FromBuffer(): info->buf must not be NULL')
Exception in thread Thread-263 (pump_stream):
Traceback (most recent call last):
  File "/fibus/fs2/02/cgk3480/.conda/envs/churn-env/lib/python3.11/site-packages/git/cmd.py", line 157, in pump_stream
    for line in stream:
ValueError: PyMemoryView_FromBuffer(): info->buf must not be NULL

The above exception was the direct cause of the following exception:

Traceback (most recent call last):
  File "/fibus/fs2/02/cgk3480/.conda/envs/churn-env/lib/python3.11/threading.py", line 1045, in _bootstrap_inner
    self.run()
  File "/fibus/fs2/02/cgk3480/.conda/envs/churn-env/lib/python3.11/threading.py", line 982, in run
    self._target(*self._args, **self._kwargs)
  File "/fibus/fs2/02/cgk3480/.conda/envs/churn-env/lib/python3.11/site-packages/git/cmd.py", line 170, in pump_stream
    raise CommandError([f"<{name}-pump>"] + remove_password_if_present(cmdline), ex) from ex
git.exc.CommandError: Cmd('<stdout-pump>') failed due to: ValueError('PyMemoryView_FromBuffer(): info->buf must not be NULL')
  cmdline: <stdout-pump> git diff-tree 22396941a7f343d704738360f9ef0e6576489d43 79f55473bfc8ac51bd6572929a679eeb4da22251 -r --abbrev=40 --full-index -M -p --no-ext-diff --no-color
Pumping 'stdout' of cmd(['git', 'diff-tree', 'c753924b628551564b6eea3c9896e4a95aa25ed9', 'af15f14c8cfcee515f4e9078889045ad63efefe3', '-r', '--abbrev=40', '--full-index', '-M', '-p', '--no-ext-diff', '--no-color']) failed due to: ValueError('PyMemoryView_FromBuffer(): info->buf must not be NULL')
Exception in thread Thread-233 (pump_stream):
Traceback (most recent call last):
  File "/fibus/fs2/02/cgk3480/.conda/envs/churn-env/lib/python3.11/site-packages/git/cmd.py", line 157, in pump_stream
    for line in stream:
ValueError: PyMemoryView_FromBuffer(): info->buf must not be NULL

The above exception was the direct cause of the following exception:

Traceback (most recent call last):
  File "/fibus/fs2/02/cgk3480/.conda/envs/churn-env/lib/python3.11/threading.py", line 1045, in _bootstrap_inner
    self.run()
  File "/fibus/fs2/02/cgk3480/.conda/envs/churn-env/lib/python3.11/threading.py", line 982, in run
    self._target(*self._args, **self._kwargs)
  File "/fibus/fs2/02/cgk3480/.conda/envs/churn-env/lib/python3.11/site-packages/git/cmd.py", line 170, in pump_stream
    raise CommandError([f"<{name}-pump>"] + remove_password_if_present(cmdline), ex) from ex
git.exc.CommandError: Cmd('<stdout-pump>') failed due to: ValueError('PyMemoryView_FromBuffer(): info->buf must not be NULL')
  cmdline: <stdout-pump> git diff-tree c753924b628551564b6eea3c9896e4a95aa25ed9 af15f14c8cfcee515f4e9078889045ad63efefe3 -r --abbrev=40 --full-index -M -p --no-ext-diff --no-color
Pumping 'stdout' of cmd(['git', 'diff-tree', '9a4b33d4d22f3ff3fb1a24b8be5edae3be1c795d', 'e61985d0550df8c2078310202aaad9b41049c36c', '-r', '--abbrev=40', '--full-index', '-M', '-p', '--no-ext-diff', '--no-color']) failed due to: ValueError('PyMemoryView_FromBuffer(): info->buf must not be NULL')
Exception in thread Thread-179 (pump_stream):
Traceback (most recent call last):
  File "/fibus/fs2/02/cgk3480/.conda/envs/churn-env/lib/python3.11/site-packages/git/cmd.py", line 157, in pump_stream
    for line in stream:
ValueError: PyMemoryView_FromBuffer(): info->buf must not be NULL

The above exception was the direct cause of the following exception:

Traceback (most recent call last):
  File "/fibus/fs2/02/cgk3480/.conda/envs/churn-env/lib/python3.11/threading.py", line 1045, in _bootstrap_inner
    self.run()
  File "/fibus/fs2/02/cgk3480/.conda/envs/churn-env/lib/python3.11/threading.py", line 982, in run
    self._target(*self._args, **self._kwargs)
  File "/fibus/fs2/02/cgk3480/.conda/envs/churn-env/lib/python3.11/site-packages/git/cmd.py", line 170, in pump_stream
    raise CommandError([f"<{name}-pump>"] + remove_password_if_present(cmdline), ex) from ex
git.exc.CommandError: Cmd('<stdout-pump>') failed due to: ValueError('PyMemoryView_FromBuffer(): info->buf must not be NULL')
  cmdline: <stdout-pump> git diff-tree 9a4b33d4d22f3ff3fb1a24b8be5edae3be1c795d e61985d0550df8c2078310202aaad9b41049c36c -r --abbrev=40 --full-index -M -p --no-ext-diff --no-color
Pumping 'stdout' of cmd(['git', 'diff-tree', 'e9a72f874d5b95cef0765bafc56005a50f72c5fe', '58acd10092268831e49de279446c314727101292', '-r', '--abbrev=40', '--full-index', '-M', '-p', '--no-ext-diff', '--no-color']) failed due to: ValueError('PyMemoryView_FromBuffer(): info->buf must not be NULL')
Exception in thread Thread-267 (pump_stream):
Traceback (most recent call last):
  File "/fibus/fs2/02/cgk3480/.conda/envs/churn-env/lib/python3.11/site-packages/git/cmd.py", line 157, in pump_stream
    for line in stream:
ValueError: PyMemoryView_FromBuffer(): info->buf must not be NULL

The above exception was the direct cause of the following exception:

Traceback (most recent call last):
  File "/fibus/fs2/02/cgk3480/.conda/envs/churn-env/lib/python3.11/threading.py", line 1045, in _bootstrap_inner
    self.run()
  File "/fibus/fs2/02/cgk3480/.conda/envs/churn-env/lib/python3.11/threading.py", line 982, in run
    self._target(*self._args, **self._kwargs)
  File "/fibus/fs2/02/cgk3480/.conda/envs/churn-env/lib/python3.11/site-packages/git/cmd.py", line 170, in pump_stream
    raise CommandError([f"<{name}-pump>"] + remove_password_if_present(cmdline), ex) from ex
git.exc.CommandError: Cmd('<stdout-pump>') failed due to: ValueError('PyMemoryView_FromBuffer(): info->buf must not be NULL')
  cmdline: <stdout-pump> git diff-tree e9a72f874d5b95cef0765bafc56005a50f72c5fe 58acd10092268831e49de279446c314727101292 -r --abbrev=40 --full-index -M -p --no-ext-diff --no-color
Pumping 'stdout' of cmd(['git', 'diff-tree', '3d570a28ee8d7e724fc740019746a6e79c8db06c', 'c87bf24cfb60bce27b4d2c7e56ebfd86fb9d16bb', '-r', '--abbrev=40', '--full-index', '-M', '-p', '--no-ext-diff', '--no-color']) failed due to: ValueError('PyMemoryView_FromBuffer(): info->buf must not be NULL')
Exception in thread Thread-197 (pump_stream):
Traceback (most recent call last):
  File "/fibus/fs2/02/cgk3480/.conda/envs/churn-env/lib/python3.11/site-packages/git/cmd.py", line 157, in pump_stream
    for line in stream:
ValueError: PyMemoryView_FromBuffer(): info->buf must not be NULL

The above exception was the direct cause of the following exception:

Traceback (most recent call last):
  File "/fibus/fs2/02/cgk3480/.conda/envs/churn-env/lib/python3.11/threading.py", line 1045, in _bootstrap_inner
    self.run()
  File "/fibus/fs2/02/cgk3480/.conda/envs/churn-env/lib/python3.11/threading.py", line 982, in run
    self._target(*self._args, **self._kwargs)
  File "/fibus/fs2/02/cgk3480/.conda/envs/churn-env/lib/python3.11/site-packages/git/cmd.py", line 170, in pump_stream
    raise CommandError([f"<{name}-pump>"] + remove_password_if_present(cmdline), ex) from ex
git.exc.CommandError: Cmd('<stdout-pump>') failed due to: ValueError('PyMemoryView_FromBuffer(): info->buf must not be NULL')
  cmdline: <stdout-pump> git diff-tree 3d570a28ee8d7e724fc740019746a6e79c8db06c c87bf24cfb60bce27b4d2c7e56ebfd86fb9d16bb -r --abbrev=40 --full-index -M -p --no-ext-diff --no-color
Pumping 'stdout' of cmd(['git', 'diff-tree', '638e69cf2230737655fcb5ee9879c2fab7679187', '61fc470814d8a7d4a476fd1c0234eeaaf893bda1', '-r', '--abbrev=40', '--full-index', '-M', '-p', '--no-ext-diff', '--no-color']) failed due to: ValueError('PyMemoryView_FromBuffer(): info->buf must not be NULL')
Exception in thread Thread-229 (pump_stream):
Traceback (most recent call last):
  File "/fibus/fs2/02/cgk3480/.conda/envs/churn-env/lib/python3.11/site-packages/git/cmd.py", line 157, in pump_stream
    for line in stream:
ValueError: PyMemoryView_FromBuffer(): info->buf must not be NULL

The above exception was the direct cause of the following exception:

Traceback (most recent call last):
  File "/fibus/fs2/02/cgk3480/.conda/envs/churn-env/lib/python3.11/threading.py", line 1045, in _bootstrap_inner
    self.run()
  File "/fibus/fs2/02/cgk3480/.conda/envs/churn-env/lib/python3.11/threading.py", line 982, in run
    self._target(*self._args, **self._kwargs)
  File "/fibus/fs2/02/cgk3480/.conda/envs/churn-env/lib/python3.11/site-packages/git/cmd.py", line 170, in pump_stream
    raise CommandError([f"<{name}-pump>"] + remove_password_if_present(cmdline), ex) from ex
git.exc.CommandError: Cmd('<stdout-pump>') failed due to: ValueError('PyMemoryView_FromBuffer(): info->buf must not be NULL')
  cmdline: <stdout-pump> git diff-tree 638e69cf2230737655fcb5ee9879c2fab7679187 61fc470814d8a7d4a476fd1c0234eeaaf893bda1 -r --abbrev=40 --full-index -M -p --no-ext-diff --no-color
Pumping 'stdout' of cmd(['git', 'diff-tree', 'eaecf41f5abf80b63c8e025fcb9ee4aa203c3038', '9279e0d2e565e0217618c2087de83d3239811329', '-r', '--abbrev=40', '--full-index', '-M', '-p', '--no-ext-diff', '--no-color']) failed due to: ValueError('PyMemoryView_FromBuffer(): info->buf must not be NULL')
Exception in thread Thread-225 (pump_stream):
Traceback (most recent call last):
  File "/fibus/fs2/02/cgk3480/.conda/envs/churn-env/lib/python3.11/site-packages/git/cmd.py", line 157, in pump_stream
    for line in stream:
ValueError: PyMemoryView_FromBuffer(): info->buf must not be NULL

The above exception was the direct cause of the following exception:

Traceback (most recent call last):
  File "/fibus/fs2/02/cgk3480/.conda/envs/churn-env/lib/python3.11/threading.py", line 1045, in _bootstrap_inner
    self.run()
  File "/fibus/fs2/02/cgk3480/.conda/envs/churn-env/lib/python3.11/threading.py", line 982, in run
    self._target(*self._args, **self._kwargs)
  File "/fibus/fs2/02/cgk3480/.conda/envs/churn-env/lib/python3.11/site-packages/git/cmd.py", line 170, in pump_stream
    raise CommandError([f"<{name}-pump>"] + remove_password_if_present(cmdline), ex) from ex
git.exc.CommandError: Cmd('<stdout-pump>') failed due to: ValueError('PyMemoryView_FromBuffer(): info->buf must not be NULL')
  cmdline: <stdout-pump> git diff-tree eaecf41f5abf80b63c8e025fcb9ee4aa203c3038 9279e0d2e565e0217618c2087de83d3239811329 -r --abbrev=40 --full-index -M -p --no-ext-diff --no-color
Pumping 'stdout' of cmd(['git', 'diff-tree', '0df4cf33a594f78d4434e76a0bd5904c41a855aa', '5b92b29bed45d91997c41226f7eaf4d6ad36aaff', '-r', '--abbrev=40', '--full-index', '-M', '-p', '--no-ext-diff', '--no-color']) failed due to: ValueError('PyMemoryView_FromBuffer(): info->buf must not be NULL')
Exception in thread Thread-257 (pump_stream):
Traceback (most recent call last):
  File "/fibus/fs2/02/cgk3480/.conda/envs/churn-env/lib/python3.11/site-packages/git/cmd.py", line 157, in pump_stream
    for line in stream:
ValueError: PyMemoryView_FromBuffer(): info->buf must not be NULL

The above exception was the direct cause of the following exception:

Traceback (most recent call last):
  File "/fibus/fs2/02/cgk3480/.conda/envs/churn-env/lib/python3.11/threading.py", line 1045, in _bootstrap_inner
    self.run()
  File "/fibus/fs2/02/cgk3480/.conda/envs/churn-env/lib/python3.11/threading.py", line 982, in run
    self._target(*self._args, **self._kwargs)
  File "/fibus/fs2/02/cgk3480/.conda/envs/churn-env/lib/python3.11/site-packages/git/cmd.py", line 170, in pump_stream
    raise CommandError([f"<{name}-pump>"] + remove_password_if_present(cmdline), ex) from ex
git.exc.CommandError: Cmd('<stdout-pump>') failed due to: ValueError('PyMemoryView_FromBuffer(): info->buf must not be NULL')
  cmdline: <stdout-pump> git diff-tree 0df4cf33a594f78d4434e76a0bd5904c41a855aa 5b92b29bed45d91997c41226f7eaf4d6ad36aaff -r --abbrev=40 --full-index -M -p --no-ext-diff --no-color
Pumping 'stdout' of cmd(['git', 'diff-tree', '60795933b7096930154f248425f0046bb587de7f', '12ada0513d7a053e32265da1bb34fa1dc07f0414', '-r', '--abbrev=40', '--full-index', '-M', '-p', '--no-ext-diff', '--no-color']) failed due to: ValueError('PyMemoryView_FromBuffer(): info->buf must not be NULL')
Exception in thread Thread-257 (pump_stream):
Traceback (most recent call last):
  File "/fibus/fs2/02/cgk3480/.conda/envs/churn-env/lib/python3.11/site-packages/git/cmd.py", line 157, in pump_stream
    for line in stream:
ValueError: PyMemoryView_FromBuffer(): info->buf must not be NULL

The above exception was the direct cause of the following exception:

Traceback (most recent call last):
  File "/fibus/fs2/02/cgk3480/.conda/envs/churn-env/lib/python3.11/threading.py", line 1045, in _bootstrap_inner
    self.run()
  File "/fibus/fs2/02/cgk3480/.conda/envs/churn-env/lib/python3.11/threading.py", line 982, in run
    self._target(*self._args, **self._kwargs)
  File "/fibus/fs2/02/cgk3480/.conda/envs/churn-env/lib/python3.11/site-packages/git/cmd.py", line 170, in pump_stream
    raise CommandError([f"<{name}-pump>"] + remove_password_if_present(cmdline), ex) from ex
git.exc.CommandError: Cmd('<stdout-pump>') failed due to: ValueError('PyMemoryView_FromBuffer(): info->buf must not be NULL')
  cmdline: <stdout-pump> git diff-tree 60795933b7096930154f248425f0046bb587de7f 12ada0513d7a053e32265da1bb34fa1dc07f0414 -r --abbrev=40 --full-index -M -p --no-ext-diff --no-color
Pumping 'stdout' of cmd(['git', 'diff-tree', 'f411b54d6b60f7db97190fa378de4c147fa055c5', '2c0b6ee837dba6034ace78fcc58d2bc4f5d063c1', '-r', '--abbrev=40', '--full-index', '-M', '-p', '--no-ext-diff', '--no-color']) failed due to: ValueError('PyMemoryView_FromBuffer(): info->buf must not be NULL')
Exception in thread Thread-297 (pump_stream):
Traceback (most recent call last):
  File "/fibus/fs2/02/cgk3480/.conda/envs/churn-env/lib/python3.11/site-packages/git/cmd.py", line 157, in pump_stream
    for line in stream:
ValueError: PyMemoryView_FromBuffer(): info->buf must not be NULL

The above exception was the direct cause of the following exception:

Traceback (most recent call last):
  File "/fibus/fs2/02/cgk3480/.conda/envs/churn-env/lib/python3.11/threading.py", line 1045, in _bootstrap_inner
    self.run()
  File "/fibus/fs2/02/cgk3480/.conda/envs/churn-env/lib/python3.11/threading.py", line 982, in run
    self._target(*self._args, **self._kwargs)
  File "/fibus/fs2/02/cgk3480/.conda/envs/churn-env/lib/python3.11/site-packages/git/cmd.py", line 170, in pump_stream
    raise CommandError([f"<{name}-pump>"] + remove_password_if_present(cmdline), ex) from ex
git.exc.CommandError: Cmd('<stdout-pump>') failed due to: ValueError('PyMemoryView_FromBuffer(): info->buf must not be NULL')
  cmdline: <stdout-pump> git diff-tree f411b54d6b60f7db97190fa378de4c147fa055c5 2c0b6ee837dba6034ace78fcc58d2bc4f5d063c1 -r --abbrev=40 --full-index -M -p --no-ext-diff --no-color
Pumping 'stdout' of cmd(['git', 'diff-tree', '98e8627efcada18ac043a77b9101b4b4c768090b', '75ccbef6369e94ecac696a152a998a978d41376b', '-r', '--abbrev=40', '--full-index', '-M', '-p', '--no-ext-diff', '--no-color']) failed due to: ValueError('PyMemoryView_FromBuffer(): info->buf must not be NULL')
Exception in thread Thread-223 (pump_stream):
Traceback (most recent call last):
  File "/fibus/fs2/02/cgk3480/.conda/envs/churn-env/lib/python3.11/site-packages/git/cmd.py", line 157, in pump_stream
    for line in stream:
ValueError: PyMemoryView_FromBuffer(): info->buf must not be NULL

The above exception was the direct cause of the following exception:

Traceback (most recent call last):
  File "/fibus/fs2/02/cgk3480/.conda/envs/churn-env/lib/python3.11/threading.py", line 1045, in _bootstrap_inner
    self.run()
  File "/fibus/fs2/02/cgk3480/.conda/envs/churn-env/lib/python3.11/threading.py", line 982, in run
    self._target(*self._args, **self._kwargs)
  File "/fibus/fs2/02/cgk3480/.conda/envs/churn-env/lib/python3.11/site-packages/git/cmd.py", line 170, in pump_stream
    raise CommandError([f"<{name}-pump>"] + remove_password_if_present(cmdline), ex) from ex
git.exc.CommandError: Cmd('<stdout-pump>') failed due to: ValueError('PyMemoryView_FromBuffer(): info->buf must not be NULL')
  cmdline: <stdout-pump> git diff-tree 98e8627efcada18ac043a77b9101b4b4c768090b 75ccbef6369e94ecac696a152a998a978d41376b -r --abbrev=40 --full-index -M -p --no-ext-diff --no-color
Pumping 'stdout' of cmd(['git', 'diff-tree', '6f2f0b394b54e2b159ef969a0b5274e9bbf82ff2', '9a8fca62aacc1599fea8e813d01e1955513e4fad', '-r', '--abbrev=40', '--full-index', '-M', '-p', '--no-ext-diff', '--no-color']) failed due to: ValueError('PyMemoryView_FromBuffer(): info->buf must not be NULL')
Exception in thread Thread-267 (pump_stream):
Traceback (most recent call last):
  File "/fibus/fs2/02/cgk3480/.conda/envs/churn-env/lib/python3.11/site-packages/git/cmd.py", line 157, in pump_stream
    for line in stream:
ValueError: PyMemoryView_FromBuffer(): info->buf must not be NULL

The above exception was the direct cause of the following exception:

Traceback (most recent call last):
  File "/fibus/fs2/02/cgk3480/.conda/envs/churn-env/lib/python3.11/threading.py", line 1045, in _bootstrap_inner
    self.run()
  File "/fibus/fs2/02/cgk3480/.conda/envs/churn-env/lib/python3.11/threading.py", line 982, in run
    self._target(*self._args, **self._kwargs)
  File "/fibus/fs2/02/cgk3480/.conda/envs/churn-env/lib/python3.11/site-packages/git/cmd.py", line 170, in pump_stream
    raise CommandError([f"<{name}-pump>"] + remove_password_if_present(cmdline), ex) from ex
git.exc.CommandError: Cmd('<stdout-pump>') failed due to: ValueError('PyMemoryView_FromBuffer(): info->buf must not be NULL')
  cmdline: <stdout-pump> git diff-tree 6f2f0b394b54e2b159ef969a0b5274e9bbf82ff2 9a8fca62aacc1599fea8e813d01e1955513e4fad -r --abbrev=40 --full-index -M -p --no-ext-diff --no-color
Pumping 'stdout' of cmd(['git', 'diff-tree', '5db16ba82f38849a78ae932c0b7eada4cd2eb919', '2a38075cd0beefa4da326380cf54c7b365ddc035', '-r', '--abbrev=40', '--full-index', '-M', '-p', '--no-ext-diff', '--no-color']) failed due to: ValueError('PyMemoryView_FromBuffer(): info->buf must not be NULL')
Exception in thread Thread-211 (pump_stream):
Traceback (most recent call last):
  File "/fibus/fs2/02/cgk3480/.conda/envs/churn-env/lib/python3.11/site-packages/git/cmd.py", line 157, in pump_stream
    for line in stream:
ValueError: PyMemoryView_FromBuffer(): info->buf must not be NULL

The above exception was the direct cause of the following exception:

Traceback (most recent call last):
  File "/fibus/fs2/02/cgk3480/.conda/envs/churn-env/lib/python3.11/threading.py", line 1045, in _bootstrap_inner
    self.run()
  File "/fibus/fs2/02/cgk3480/.conda/envs/churn-env/lib/python3.11/threading.py", line 982, in run
    self._target(*self._args, **self._kwargs)
  File "/fibus/fs2/02/cgk3480/.conda/envs/churn-env/lib/python3.11/site-packages/git/cmd.py", line 170, in pump_stream
    raise CommandError([f"<{name}-pump>"] + remove_password_if_present(cmdline), ex) from ex
git.exc.CommandError: Cmd('<stdout-pump>') failed due to: ValueError('PyMemoryView_FromBuffer(): info->buf must not be NULL')
  cmdline: <stdout-pump> git diff-tree 5db16ba82f38849a78ae932c0b7eada4cd2eb919 2a38075cd0beefa4da326380cf54c7b365ddc035 -r --abbrev=40 --full-index -M -p --no-ext-diff --no-color
Pumping 'stdout' of cmd(['git', 'diff-tree', '351ea50df545a4acaf8f61784949ceedbe923f03', '514ab34dbad6c6fa824a1f56984c196e59082346', '-r', '--abbrev=40', '--full-index', '-M', '-p', '--no-ext-diff', '--no-color']) failed due to: ValueError('PyMemoryView_FromBuffer(): info->buf must not be NULL')
Exception in thread Thread-265 (pump_stream):
Traceback (most recent call last):
  File "/fibus/fs2/02/cgk3480/.conda/envs/churn-env/lib/python3.11/site-packages/git/cmd.py", line 157, in pump_stream
    for line in stream:
ValueError: PyMemoryView_FromBuffer(): info->buf must not be NULL

The above exception was the direct cause of the following exception:

Traceback (most recent call last):
  File "/fibus/fs2/02/cgk3480/.conda/envs/churn-env/lib/python3.11/threading.py", line 1045, in _bootstrap_inner
    self.run()
  File "/fibus/fs2/02/cgk3480/.conda/envs/churn-env/lib/python3.11/threading.py", line 982, in run
    self._target(*self._args, **self._kwargs)
  File "/fibus/fs2/02/cgk3480/.conda/envs/churn-env/lib/python3.11/site-packages/git/cmd.py", line 170, in pump_stream
    raise CommandError([f"<{name}-pump>"] + remove_password_if_present(cmdline), ex) from ex
git.exc.CommandError: Cmd('<stdout-pump>') failed due to: ValueError('PyMemoryView_FromBuffer(): info->buf must not be NULL')
  cmdline: <stdout-pump> git diff-tree 351ea50df545a4acaf8f61784949ceedbe923f03 514ab34dbad6c6fa824a1f56984c196e59082346 -r --abbrev=40 --full-index -M -p --no-ext-diff --no-color
Pumping 'stdout' of cmd(['git', 'diff-tree', '9323158ef9f49935f0c61509919acd31dda8f11b', '0b5ecc6811bd576ecc9813bbe069f2293cb1c6aa', '-r', '--abbrev=40', '--full-index', '-M', '-p', '--no-ext-diff', '--no-color']) failed due to: ValueError('PyMemoryView_FromBuffer(): info->buf must not be NULL')
Exception in thread Thread-235 (pump_stream):
Traceback (most recent call last):
  File "/fibus/fs2/02/cgk3480/.conda/envs/churn-env/lib/python3.11/site-packages/git/cmd.py", line 157, in pump_stream
    for line in stream:
ValueError: PyMemoryView_FromBuffer(): info->buf must not be NULL

The above exception was the direct cause of the following exception:

Traceback (most recent call last):
  File "/fibus/fs2/02/cgk3480/.conda/envs/churn-env/lib/python3.11/threading.py", line 1045, in _bootstrap_inner
    self.run()
  File "/fibus/fs2/02/cgk3480/.conda/envs/churn-env/lib/python3.11/threading.py", line 982, in run
    self._target(*self._args, **self._kwargs)
  File "/fibus/fs2/02/cgk3480/.conda/envs/churn-env/lib/python3.11/site-packages/git/cmd.py", line 170, in pump_stream
    raise CommandError([f"<{name}-pump>"] + remove_password_if_present(cmdline), ex) from ex
git.exc.CommandError: Cmd('<stdout-pump>') failed due to: ValueError('PyMemoryView_FromBuffer(): info->buf must not be NULL')
  cmdline: <stdout-pump> git diff-tree 9323158ef9f49935f0c61509919acd31dda8f11b 0b5ecc6811bd576ecc9813bbe069f2293cb1c6aa -r --abbrev=40 --full-index -M -p --no-ext-diff --no-color
Pumping 'stdout' of cmd(['git', 'diff-tree', '7eeecc4b1f480c7ba1932cb9a7693f8c452640f2', '529254216773acd5039c07aa18cf06fd1f9fccdd', '-r', '--abbrev=40', '--full-index', '-M', '-p', '--no-ext-diff', '--no-color']) failed due to: ValueError('PyMemoryView_FromBuffer(): info->buf must not be NULL')
Exception in thread Thread-277 (pump_stream):
Traceback (most recent call last):
  File "/fibus/fs2/02/cgk3480/.conda/envs/churn-env/lib/python3.11/site-packages/git/cmd.py", line 157, in pump_stream
    for line in stream:
ValueError: PyMemoryView_FromBuffer(): info->buf must not be NULL

The above exception was the direct cause of the following exception:

Traceback (most recent call last):
  File "/fibus/fs2/02/cgk3480/.conda/envs/churn-env/lib/python3.11/threading.py", line 1045, in _bootstrap_inner
    self.run()
  File "/fibus/fs2/02/cgk3480/.conda/envs/churn-env/lib/python3.11/threading.py", line 982, in run
    self._target(*self._args, **self._kwargs)
  File "/fibus/fs2/02/cgk3480/.conda/envs/churn-env/lib/python3.11/site-packages/git/cmd.py", line 170, in pump_stream
    raise CommandError([f"<{name}-pump>"] + remove_password_if_present(cmdline), ex) from ex
git.exc.CommandError: Cmd('<stdout-pump>') failed due to: ValueError('PyMemoryView_FromBuffer(): info->buf must not be NULL')
  cmdline: <stdout-pump> git diff-tree 7eeecc4b1f480c7ba1932cb9a7693f8c452640f2 529254216773acd5039c07aa18cf06fd1f9fccdd -r --abbrev=40 --full-index -M -p --no-ext-diff --no-color
Pumping 'stdout' of cmd(['git', 'diff-tree', '3affccdd5ed118042553927654a8c8d897cc1a98', '7a0fbcf7c308920bc6116b3a5fb21c8cc5fec128', '-r', '--abbrev=40', '--full-index', '-M', '-p', '--no-ext-diff', '--no-color']) failed due to: ValueError('PyMemoryView_FromBuffer(): info->buf must not be NULL')
Exception in thread Thread-255 (pump_stream):
Traceback (most recent call last):
  File "/fibus/fs2/02/cgk3480/.conda/envs/churn-env/lib/python3.11/site-packages/git/cmd.py", line 157, in pump_stream
    for line in stream:
ValueError: PyMemoryView_FromBuffer(): info->buf must not be NULL

The above exception was the direct cause of the following exception:

Traceback (most recent call last):
  File "/fibus/fs2/02/cgk3480/.conda/envs/churn-env/lib/python3.11/threading.py", line 1045, in _bootstrap_inner
    self.run()
  File "/fibus/fs2/02/cgk3480/.conda/envs/churn-env/lib/python3.11/threading.py", line 982, in run
    self._target(*self._args, **self._kwargs)
  File "/fibus/fs2/02/cgk3480/.conda/envs/churn-env/lib/python3.11/site-packages/git/cmd.py", line 170, in pump_stream
    raise CommandError([f"<{name}-pump>"] + remove_password_if_present(cmdline), ex) from ex
git.exc.CommandError: Cmd('<stdout-pump>') failed due to: ValueError('PyMemoryView_FromBuffer(): info->buf must not be NULL')
  cmdline: <stdout-pump> git diff-tree 3affccdd5ed118042553927654a8c8d897cc1a98 7a0fbcf7c308920bc6116b3a5fb21c8cc5fec128 -r --abbrev=40 --full-index -M -p --no-ext-diff --no-color
Pumping 'stdout' of cmd(['git', 'diff-tree', '9b15cffbf21d3ac0a60618a3274b335532f33573', '8646d4dcc7fb2e6e771f8cee500950f3f69aa1ea', '-r', '--abbrev=40', '--full-index', '-M', '-p', '--no-ext-diff', '--no-color']) failed due to: ValueError('PyMemoryView_FromBuffer(): info->buf must not be NULL')
Exception in thread Thread-215 (pump_stream):
Traceback (most recent call last):
  File "/fibus/fs2/02/cgk3480/.conda/envs/churn-env/lib/python3.11/site-packages/git/cmd.py", line 157, in pump_stream
    for line in stream:
ValueError: PyMemoryView_FromBuffer(): info->buf must not be NULL

The above exception was the direct cause of the following exception:

Traceback (most recent call last):
  File "/fibus/fs2/02/cgk3480/.conda/envs/churn-env/lib/python3.11/threading.py", line 1045, in _bootstrap_inner
    self.run()
  File "/fibus/fs2/02/cgk3480/.conda/envs/churn-env/lib/python3.11/threading.py", line 982, in run
    self._target(*self._args, **self._kwargs)
  File "/fibus/fs2/02/cgk3480/.conda/envs/churn-env/lib/python3.11/site-packages/git/cmd.py", line 170, in pump_stream
    raise CommandError([f"<{name}-pump>"] + remove_password_if_present(cmdline), ex) from ex
git.exc.CommandError: Cmd('<stdout-pump>') failed due to: ValueError('PyMemoryView_FromBuffer(): info->buf must not be NULL')
  cmdline: <stdout-pump> git diff-tree 9b15cffbf21d3ac0a60618a3274b335532f33573 8646d4dcc7fb2e6e771f8cee500950f3f69aa1ea -r --abbrev=40 --full-index -M -p --no-ext-diff --no-color
Pumping 'stdout' of cmd(['git', 'diff-tree', 'c7ef35eb0c8d0b58d2d5ae5be599e6aa730361b2', '0efd2fc65c922dff207ff10a776a7a33e0e3c7c5', '-r', '--abbrev=40', '--full-index', '-M', '-p', '--no-ext-diff', '--no-color']) failed due to: ValueError('PyMemoryView_FromBuffer(): info->buf must not be NULL')
Exception in thread Thread-251 (pump_stream):
Traceback (most recent call last):
  File "/fibus/fs2/02/cgk3480/.conda/envs/churn-env/lib/python3.11/site-packages/git/cmd.py", line 157, in pump_stream
    for line in stream:
ValueError: PyMemoryView_FromBuffer(): info->buf must not be NULL

The above exception was the direct cause of the following exception:

Traceback (most recent call last):
  File "/fibus/fs2/02/cgk3480/.conda/envs/churn-env/lib/python3.11/threading.py", line 1045, in _bootstrap_inner
    self.run()
  File "/fibus/fs2/02/cgk3480/.conda/envs/churn-env/lib/python3.11/threading.py", line 982, in run
    self._target(*self._args, **self._kwargs)
  File "/fibus/fs2/02/cgk3480/.conda/envs/churn-env/lib/python3.11/site-packages/git/cmd.py", line 170, in pump_stream
    raise CommandError([f"<{name}-pump>"] + remove_password_if_present(cmdline), ex) from ex
git.exc.CommandError: Cmd('<stdout-pump>') failed due to: ValueError('PyMemoryView_FromBuffer(): info->buf must not be NULL')
  cmdline: <stdout-pump> git diff-tree c7ef35eb0c8d0b58d2d5ae5be599e6aa730361b2 0efd2fc65c922dff207ff10a776a7a33e0e3c7c5 -r --abbrev=40 --full-index -M -p --no-ext-diff --no-color
Pumping 'stdout' of cmd(['git', 'diff-tree', '6b4f4bc9cb22875f97023984a625386f0c7cc1c0', '03110a5cb2161690ae5ac04994d47ed0cd6cef75', '-r', '--abbrev=40', '--full-index', '-M', '-p', '--no-ext-diff', '--no-color']) failed due to: ValueError('PyMemoryView_FromBuffer(): info->buf must not be NULL')
Exception in thread Thread-189 (pump_stream):
Traceback (most recent call last):
  File "/fibus/fs2/02/cgk3480/.conda/envs/churn-env/lib/python3.11/site-packages/git/cmd.py", line 157, in pump_stream
    for line in stream:
ValueError: PyMemoryView_FromBuffer(): info->buf must not be NULL

The above exception was the direct cause of the following exception:

Traceback (most recent call last):
  File "/fibus/fs2/02/cgk3480/.conda/envs/churn-env/lib/python3.11/threading.py", line 1045, in _bootstrap_inner
    self.run()
  File "/fibus/fs2/02/cgk3480/.conda/envs/churn-env/lib/python3.11/threading.py", line 982, in run
    self._target(*self._args, **self._kwargs)
  File "/fibus/fs2/02/cgk3480/.conda/envs/churn-env/lib/python3.11/site-packages/git/cmd.py", line 170, in pump_stream
    raise CommandError([f"<{name}-pump>"] + remove_password_if_present(cmdline), ex) from ex
git.exc.CommandError: Cmd('<stdout-pump>') failed due to: ValueError('PyMemoryView_FromBuffer(): info->buf must not be NULL')
  cmdline: <stdout-pump> git diff-tree 6b4f4bc9cb22875f97023984a625386f0c7cc1c0 03110a5cb2161690ae5ac04994d47ed0cd6cef75 -r --abbrev=40 --full-index -M -p --no-ext-diff --no-color
Pumping 'stdout' of cmd(['git', 'diff-tree', '0305b443a3ba5b84aa474786026df04a70460135', '139e8792537b327252a9676591a78e6408d50a85', '-r', '--abbrev=40', '--full-index', '-M', '-p', '--no-ext-diff', '--no-color']) failed due to: ValueError('PyMemoryView_FromBuffer(): info->buf must not be NULL')
Exception in thread Thread-299 (pump_stream):
Traceback (most recent call last):
  File "/fibus/fs2/02/cgk3480/.conda/envs/churn-env/lib/python3.11/site-packages/git/cmd.py", line 157, in pump_stream
    for line in stream:
ValueError: PyMemoryView_FromBuffer(): info->buf must not be NULL

The above exception was the direct cause of the following exception:

Traceback (most recent call last):
  File "/fibus/fs2/02/cgk3480/.conda/envs/churn-env/lib/python3.11/threading.py", line 1045, in _bootstrap_inner
    self.run()
  File "/fibus/fs2/02/cgk3480/.conda/envs/churn-env/lib/python3.11/threading.py", line 982, in run
    self._target(*self._args, **self._kwargs)
  File "/fibus/fs2/02/cgk3480/.conda/envs/churn-env/lib/python3.11/site-packages/git/cmd.py", line 170, in pump_stream
    raise CommandError([f"<{name}-pump>"] + remove_password_if_present(cmdline), ex) from ex
git.exc.CommandError: Cmd('<stdout-pump>') failed due to: ValueError('PyMemoryView_FromBuffer(): info->buf must not be NULL')
  cmdline: <stdout-pump> git diff-tree 0305b443a3ba5b84aa474786026df04a70460135 139e8792537b327252a9676591a78e6408d50a85 -r --abbrev=40 --full-index -M -p --no-ext-diff --no-color
Pumping 'stdout' of cmd(['git', 'diff-tree', 'db278b90c326ce5895be09b6171f5ff3df1e3cca', 'fdb64822443ec9fb8c3a74b598a74790ae8d2e22', '-r', '--abbrev=40', '--full-index', '-M', '-p', '--no-ext-diff', '--no-color']) failed due to: ValueError('PyMemoryView_FromBuffer(): info->buf must not be NULL')
Exception in thread Thread-261 (pump_stream):
Traceback (most recent call last):
  File "/fibus/fs2/02/cgk3480/.conda/envs/churn-env/lib/python3.11/site-packages/git/cmd.py", line 157, in pump_stream
    for line in stream:
ValueError: PyMemoryView_FromBuffer(): info->buf must not be NULL

The above exception was the direct cause of the following exception:

Traceback (most recent call last):
  File "/fibus/fs2/02/cgk3480/.conda/envs/churn-env/lib/python3.11/threading.py", line 1045, in _bootstrap_inner
    self.run()
  File "/fibus/fs2/02/cgk3480/.conda/envs/churn-env/lib/python3.11/threading.py", line 982, in run
    self._target(*self._args, **self._kwargs)
  File "/fibus/fs2/02/cgk3480/.conda/envs/churn-env/lib/python3.11/site-packages/git/cmd.py", line 170, in pump_stream
    raise CommandError([f"<{name}-pump>"] + remove_password_if_present(cmdline), ex) from ex
git.exc.CommandError: Cmd('<stdout-pump>') failed due to: ValueError('PyMemoryView_FromBuffer(): info->buf must not be NULL')
  cmdline: <stdout-pump> git diff-tree db278b90c326ce5895be09b6171f5ff3df1e3cca fdb64822443ec9fb8c3a74b598a74790ae8d2e22 -r --abbrev=40 --full-index -M -p --no-ext-diff --no-color
Pumping 'stdout' of cmd(['git', 'diff-tree', '9afe69d5a9495f8b023017e4c328fa717e00f092', '68f458eec7069d618a6c884ca007426e0cea411b', '-r', '--abbrev=40', '--full-index', '-M', '-p', '--no-ext-diff', '--no-color']) failed due to: ValueError('PyMemoryView_FromBuffer(): info->buf must not be NULL')
Exception in thread Thread-219 (pump_stream):
Traceback (most recent call last):
  File "/fibus/fs2/02/cgk3480/.conda/envs/churn-env/lib/python3.11/site-packages/git/cmd.py", line 157, in pump_stream
    for line in stream:
ValueError: PyMemoryView_FromBuffer(): info->buf must not be NULL

The above exception was the direct cause of the following exception:

Traceback (most recent call last):
  File "/fibus/fs2/02/cgk3480/.conda/envs/churn-env/lib/python3.11/threading.py", line 1045, in _bootstrap_inner
    self.run()
  File "/fibus/fs2/02/cgk3480/.conda/envs/churn-env/lib/python3.11/threading.py", line 982, in run
    self._target(*self._args, **self._kwargs)
  File "/fibus/fs2/02/cgk3480/.conda/envs/churn-env/lib/python3.11/site-packages/git/cmd.py", line 170, in pump_stream
    raise CommandError([f"<{name}-pump>"] + remove_password_if_present(cmdline), ex) from ex
git.exc.CommandError: Cmd('<stdout-pump>') failed due to: ValueError('PyMemoryView_FromBuffer(): info->buf must not be NULL')
  cmdline: <stdout-pump> git diff-tree 9afe69d5a9495f8b023017e4c328fa717e00f092 68f458eec7069d618a6c884ca007426e0cea411b -r --abbrev=40 --full-index -M -p --no-ext-diff --no-color
Pumping 'stdout' of cmd(['git', 'diff-tree', '0368c2c1b422c94968b5286f289aed7fe6af93c2', 'b3784bc28ccc0d9b44d265a1d947c8766295ba00', '-r', '--abbrev=40', '--full-index', '-M', '-p', '--no-ext-diff', '--no-color']) failed due to: ValueError('PyMemoryView_FromBuffer(): info->buf must not be NULL')
Exception in thread Thread-245 (pump_stream):
Traceback (most recent call last):
  File "/fibus/fs2/02/cgk3480/.conda/envs/churn-env/lib/python3.11/site-packages/git/cmd.py", line 157, in pump_stream
    for line in stream:
ValueError: PyMemoryView_FromBuffer(): info->buf must not be NULL

The above exception was the direct cause of the following exception:

Traceback (most recent call last):
  File "/fibus/fs2/02/cgk3480/.conda/envs/churn-env/lib/python3.11/threading.py", line 1045, in _bootstrap_inner
    self.run()
  File "/fibus/fs2/02/cgk3480/.conda/envs/churn-env/lib/python3.11/threading.py", line 982, in run
    self._target(*self._args, **self._kwargs)
  File "/fibus/fs2/02/cgk3480/.conda/envs/churn-env/lib/python3.11/site-packages/git/cmd.py", line 170, in pump_stream
    raise CommandError([f"<{name}-pump>"] + remove_password_if_present(cmdline), ex) from ex
git.exc.CommandError: Cmd('<stdout-pump>') failed due to: ValueError('PyMemoryView_FromBuffer(): info->buf must not be NULL')
  cmdline: <stdout-pump> git diff-tree 0368c2c1b422c94968b5286f289aed7fe6af93c2 b3784bc28ccc0d9b44d265a1d947c8766295ba00 -r --abbrev=40 --full-index -M -p --no-ext-diff --no-color
Pumping 'stdout' of cmd(['git', 'diff-tree', '06d129946a71f3159b3b40ee95549183edf2c79d', 'd5f4e19a85670b4e5697654f4a4e086e064f8a47', '-r', '--abbrev=40', '--full-index', '-M', '-p', '--no-ext-diff', '--no-color']) failed due to: ValueError('PyMemoryView_FromBuffer(): info->buf must not be NULL')
Exception in thread Thread-243 (pump_stream):
Traceback (most recent call last):
  File "/fibus/fs2/02/cgk3480/.conda/envs/churn-env/lib/python3.11/site-packages/git/cmd.py", line 157, in pump_stream
    for line in stream:
ValueError: PyMemoryView_FromBuffer(): info->buf must not be NULL

The above exception was the direct cause of the following exception:

Traceback (most recent call last):
  File "/fibus/fs2/02/cgk3480/.conda/envs/churn-env/lib/python3.11/threading.py", line 1045, in _bootstrap_inner
    self.run()
  File "/fibus/fs2/02/cgk3480/.conda/envs/churn-env/lib/python3.11/threading.py", line 982, in run
    self._target(*self._args, **self._kwargs)
  File "/fibus/fs2/02/cgk3480/.conda/envs/churn-env/lib/python3.11/site-packages/git/cmd.py", line 170, in pump_stream
    raise CommandError([f"<{name}-pump>"] + remove_password_if_present(cmdline), ex) from ex
git.exc.CommandError: Cmd('<stdout-pump>') failed due to: ValueError('PyMemoryView_FromBuffer(): info->buf must not be NULL')
  cmdline: <stdout-pump> git diff-tree 06d129946a71f3159b3b40ee95549183edf2c79d d5f4e19a85670b4e5697654f4a4e086e064f8a47 -r --abbrev=40 --full-index -M -p --no-ext-diff --no-color
Pumping 'stdout' of cmd(['git', 'diff-tree', '3bcb846ca4cf55415d3719e64bb45a124792c589', '1fe614d10f45e4697a307bfff9eab66c25de0c72', '-r', '--abbrev=40', '--full-index', '-M', '-p', '--no-ext-diff', '--no-color']) failed due to: ValueError('PyMemoryView_FromBuffer(): info->buf must not be NULL')
Exception in thread Thread-293 (pump_stream):
Traceback (most recent call last):
  File "/fibus/fs2/02/cgk3480/.conda/envs/churn-env/lib/python3.11/site-packages/git/cmd.py", line 157, in pump_stream
    for line in stream:
ValueError: PyMemoryView_FromBuffer(): info->buf must not be NULL

The above exception was the direct cause of the following exception:

Traceback (most recent call last):
  File "/fibus/fs2/02/cgk3480/.conda/envs/churn-env/lib/python3.11/threading.py", line 1045, in _bootstrap_inner
    self.run()
  File "/fibus/fs2/02/cgk3480/.conda/envs/churn-env/lib/python3.11/threading.py", line 982, in run
    self._target(*self._args, **self._kwargs)
  File "/fibus/fs2/02/cgk3480/.conda/envs/churn-env/lib/python3.11/site-packages/git/cmd.py", line 170, in pump_stream
    raise CommandError([f"<{name}-pump>"] + remove_password_if_present(cmdline), ex) from ex
git.exc.CommandError: Cmd('<stdout-pump>') failed due to: ValueError('PyMemoryView_FromBuffer(): info->buf must not be NULL')
  cmdline: <stdout-pump> git diff-tree 3bcb846ca4cf55415d3719e64bb45a124792c589 1fe614d10f45e4697a307bfff9eab66c25de0c72 -r --abbrev=40 --full-index -M -p --no-ext-diff --no-color
Pumping 'stdout' of cmd(['git', 'diff-tree', '434992bb603773c94465c7e68331e68424bdc9eb', '88886309d2e82afcaa86fc302c2ba25d9e47cbc8', '-r', '--abbrev=40', '--full-index', '-M', '-p', '--no-ext-diff', '--no-color']) failed due to: ValueError('PyMemoryView_FromBuffer(): info->buf must not be NULL')
Exception in thread Thread-233 (pump_stream):
Traceback (most recent call last):
  File "/fibus/fs2/02/cgk3480/.conda/envs/churn-env/lib/python3.11/site-packages/git/cmd.py", line 157, in pump_stream
    for line in stream:
ValueError: PyMemoryView_FromBuffer(): info->buf must not be NULL

The above exception was the direct cause of the following exception:

Traceback (most recent call last):
  File "/fibus/fs2/02/cgk3480/.conda/envs/churn-env/lib/python3.11/threading.py", line 1045, in _bootstrap_inner
    self.run()
  File "/fibus/fs2/02/cgk3480/.conda/envs/churn-env/lib/python3.11/threading.py", line 982, in run
    self._target(*self._args, **self._kwargs)
  File "/fibus/fs2/02/cgk3480/.conda/envs/churn-env/lib/python3.11/site-packages/git/cmd.py", line 170, in pump_stream
    raise CommandError([f"<{name}-pump>"] + remove_password_if_present(cmdline), ex) from ex
git.exc.CommandError: Cmd('<stdout-pump>') failed due to: ValueError('PyMemoryView_FromBuffer(): info->buf must not be NULL')
  cmdline: <stdout-pump> git diff-tree 434992bb603773c94465c7e68331e68424bdc9eb 88886309d2e82afcaa86fc302c2ba25d9e47cbc8 -r --abbrev=40 --full-index -M -p --no-ext-diff --no-color
Pumping 'stdout' of cmd(['git', 'diff-tree', 'f7da7782aba92593f7b82f03d2409a1c5f4db91b', '9e528c799d17a4ac37d788c81440b50377dd592d', '-r', '--abbrev=40', '--full-index', '-M', '-p', '--no-ext-diff', '--no-color']) failed due to: ValueError('PyMemoryView_FromBuffer(): info->buf must not be NULL')
Exception in thread Thread-281 (pump_stream):
Traceback (most recent call last):
  File "/fibus/fs2/02/cgk3480/.conda/envs/churn-env/lib/python3.11/site-packages/git/cmd.py", line 157, in pump_stream
    for line in stream:
ValueError: PyMemoryView_FromBuffer(): info->buf must not be NULL

The above exception was the direct cause of the following exception:

Traceback (most recent call last):
  File "/fibus/fs2/02/cgk3480/.conda/envs/churn-env/lib/python3.11/threading.py", line 1045, in _bootstrap_inner
    self.run()
  File "/fibus/fs2/02/cgk3480/.conda/envs/churn-env/lib/python3.11/threading.py", line 982, in run
    self._target(*self._args, **self._kwargs)
  File "/fibus/fs2/02/cgk3480/.conda/envs/churn-env/lib/python3.11/site-packages/git/cmd.py", line 170, in pump_stream
    raise CommandError([f"<{name}-pump>"] + remove_password_if_present(cmdline), ex) from ex
git.exc.CommandError: Cmd('<stdout-pump>') failed due to: ValueError('PyMemoryView_FromBuffer(): info->buf must not be NULL')
  cmdline: <stdout-pump> git diff-tree f7da7782aba92593f7b82f03d2409a1c5f4db91b 9e528c799d17a4ac37d788c81440b50377dd592d -r --abbrev=40 --full-index -M -p --no-ext-diff --no-color
Pumping 'stdout' of cmd(['git', 'diff-tree', '4f865485e8ef1d04de23fc1def1fa4e39fb00b91', '0402cca4828dd9556d36ddef67710993b7063f7c', '-r', '--abbrev=40', '--full-index', '-M', '-p', '--no-ext-diff', '--no-color']) failed due to: ValueError('PyMemoryView_FromBuffer(): info->buf must not be NULL')
Exception in thread Thread-293 (pump_stream):
Traceback (most recent call last):
  File "/fibus/fs2/02/cgk3480/.conda/envs/churn-env/lib/python3.11/site-packages/git/cmd.py", line 157, in pump_stream
    for line in stream:
ValueError: PyMemoryView_FromBuffer(): info->buf must not be NULL

The above exception was the direct cause of the following exception:

Traceback (most recent call last):
  File "/fibus/fs2/02/cgk3480/.conda/envs/churn-env/lib/python3.11/threading.py", line 1045, in _bootstrap_inner
    self.run()
  File "/fibus/fs2/02/cgk3480/.conda/envs/churn-env/lib/python3.11/threading.py", line 982, in run
    self._target(*self._args, **self._kwargs)
  File "/fibus/fs2/02/cgk3480/.conda/envs/churn-env/lib/python3.11/site-packages/git/cmd.py", line 170, in pump_stream
    raise CommandError([f"<{name}-pump>"] + remove_password_if_present(cmdline), ex) from ex
git.exc.CommandError: Cmd('<stdout-pump>') failed due to: ValueError('PyMemoryView_FromBuffer(): info->buf must not be NULL')
  cmdline: <stdout-pump> git diff-tree 4f865485e8ef1d04de23fc1def1fa4e39fb00b91 0402cca4828dd9556d36ddef67710993b7063f7c -r --abbrev=40 --full-index -M -p --no-ext-diff --no-color
Pumping 'stdout' of cmd(['git', 'diff-tree', '0a4c58f5702858822621fa1177c7d3475f181ccb', 'de9cbbaadba5adf88a19e46df61f7054000838f6', '-r', '--abbrev=40', '--full-index', '-M', '-p', '--no-ext-diff', '--no-color']) failed due to: ValueError('PyMemoryView_FromBuffer(): info->buf must not be NULL')
Exception in thread Thread-219 (pump_stream):
Traceback (most recent call last):
  File "/fibus/fs2/02/cgk3480/.conda/envs/churn-env/lib/python3.11/site-packages/git/cmd.py", line 157, in pump_stream
    for line in stream:
ValueError: PyMemoryView_FromBuffer(): info->buf must not be NULL

The above exception was the direct cause of the following exception:

Traceback (most recent call last):
  File "/fibus/fs2/02/cgk3480/.conda/envs/churn-env/lib/python3.11/threading.py", line 1045, in _bootstrap_inner
    self.run()
  File "/fibus/fs2/02/cgk3480/.conda/envs/churn-env/lib/python3.11/threading.py", line 982, in run
    self._target(*self._args, **self._kwargs)
  File "/fibus/fs2/02/cgk3480/.conda/envs/churn-env/lib/python3.11/site-packages/git/cmd.py", line 170, in pump_stream
    raise CommandError([f"<{name}-pump>"] + remove_password_if_present(cmdline), ex) from ex
git.exc.CommandError: Cmd('<stdout-pump>') failed due to: ValueError('PyMemoryView_FromBuffer(): info->buf must not be NULL')
  cmdline: <stdout-pump> git diff-tree 0a4c58f5702858822621fa1177c7d3475f181ccb de9cbbaadba5adf88a19e46df61f7054000838f6 -r --abbrev=40 --full-index -M -p --no-ext-diff --no-color
Pumping 'stdout' of cmd(['git', 'diff-tree', 'f78331f74cacb33d87cd60376dacc5bd397959e2', '25cf73b9ff88fd4608699a0313f820758b4c252d', '-r', '--abbrev=40', '--full-index', '-M', '-p', '--no-ext-diff', '--no-color']) failed due to: ValueError('PyMemoryView_FromBuffer(): info->buf must not be NULL')
Exception in thread Thread-229 (pump_stream):
Traceback (most recent call last):
  File "/fibus/fs2/02/cgk3480/.conda/envs/churn-env/lib/python3.11/site-packages/git/cmd.py", line 157, in pump_stream
    for line in stream:
ValueError: PyMemoryView_FromBuffer(): info->buf must not be NULL

The above exception was the direct cause of the following exception:

Traceback (most recent call last):
  File "/fibus/fs2/02/cgk3480/.conda/envs/churn-env/lib/python3.11/threading.py", line 1045, in _bootstrap_inner
    self.run()
  File "/fibus/fs2/02/cgk3480/.conda/envs/churn-env/lib/python3.11/threading.py", line 982, in run
    self._target(*self._args, **self._kwargs)
  File "/fibus/fs2/02/cgk3480/.conda/envs/churn-env/lib/python3.11/site-packages/git/cmd.py", line 170, in pump_stream
    raise CommandError([f"<{name}-pump>"] + remove_password_if_present(cmdline), ex) from ex
git.exc.CommandError: Cmd('<stdout-pump>') failed due to: ValueError('PyMemoryView_FromBuffer(): info->buf must not be NULL')
  cmdline: <stdout-pump> git diff-tree f78331f74cacb33d87cd60376dacc5bd397959e2 25cf73b9ff88fd4608699a0313f820758b4c252d -r --abbrev=40 --full-index -M -p --no-ext-diff --no-color
Pumping 'stdout' of cmd(['git', 'diff-tree', '72f6f2f8d6aa213a85b69a0f0ca2c6f4f80aa85e', 'e9ce991bce5bacf71641bd0f72f4b7c589529f40', '-r', '--abbrev=40', '--full-index', '-M', '-p', '--no-ext-diff', '--no-color']) failed due to: ValueError('PyMemoryView_FromBuffer(): info->buf must not be NULL')
Exception in thread Thread-273 (pump_stream):
Traceback (most recent call last):
  File "/fibus/fs2/02/cgk3480/.conda/envs/churn-env/lib/python3.11/site-packages/git/cmd.py", line 157, in pump_stream
    for line in stream:
ValueError: PyMemoryView_FromBuffer(): info->buf must not be NULL

The above exception was the direct cause of the following exception:

Traceback (most recent call last):
  File "/fibus/fs2/02/cgk3480/.conda/envs/churn-env/lib/python3.11/threading.py", line 1045, in _bootstrap_inner
    self.run()
  File "/fibus/fs2/02/cgk3480/.conda/envs/churn-env/lib/python3.11/threading.py", line 982, in run
    self._target(*self._args, **self._kwargs)
  File "/fibus/fs2/02/cgk3480/.conda/envs/churn-env/lib/python3.11/site-packages/git/cmd.py", line 170, in pump_stream
    raise CommandError([f"<{name}-pump>"] + remove_password_if_present(cmdline), ex) from ex
git.exc.CommandError: Cmd('<stdout-pump>') failed due to: ValueError('PyMemoryView_FromBuffer(): info->buf must not be NULL')
  cmdline: <stdout-pump> git diff-tree 72f6f2f8d6aa213a85b69a0f0ca2c6f4f80aa85e e9ce991bce5bacf71641bd0f72f4b7c589529f40 -r --abbrev=40 --full-index -M -p --no-ext-diff --no-color
Pumping 'stdout' of cmd(['git', 'diff-tree', '78914ff0843623ee6dbeae92fa0bb8761828684e', '62623d5f918fb1c8ed86b03b9a86cc81f1cb1878', '-r', '--abbrev=40', '--full-index', '-M', '-p', '--no-ext-diff', '--no-color']) failed due to: ValueError('PyMemoryView_FromBuffer(): info->buf must not be NULL')
Exception in thread Thread-325 (pump_stream):
Traceback (most recent call last):
  File "/fibus/fs2/02/cgk3480/.conda/envs/churn-env/lib/python3.11/site-packages/git/cmd.py", line 157, in pump_stream
    for line in stream:
ValueError: PyMemoryView_FromBuffer(): info->buf must not be NULL

The above exception was the direct cause of the following exception:

Traceback (most recent call last):
  File "/fibus/fs2/02/cgk3480/.conda/envs/churn-env/lib/python3.11/threading.py", line 1045, in _bootstrap_inner
    self.run()
  File "/fibus/fs2/02/cgk3480/.conda/envs/churn-env/lib/python3.11/threading.py", line 982, in run
    self._target(*self._args, **self._kwargs)
  File "/fibus/fs2/02/cgk3480/.conda/envs/churn-env/lib/python3.11/site-packages/git/cmd.py", line 170, in pump_stream
    raise CommandError([f"<{name}-pump>"] + remove_password_if_present(cmdline), ex) from ex
git.exc.CommandError: Cmd('<stdout-pump>') failed due to: ValueError('PyMemoryView_FromBuffer(): info->buf must not be NULL')
  cmdline: <stdout-pump> git diff-tree 78914ff0843623ee6dbeae92fa0bb8761828684e 62623d5f918fb1c8ed86b03b9a86cc81f1cb1878 -r --abbrev=40 --full-index -M -p --no-ext-diff --no-color
Pumping 'stdout' of cmd(['git', 'diff-tree', 'ad5013d5699d30ded0cdbbc68b93b2aa28222c6e', 'cd7f355ac4067177e0a45e7331d11472bd7fd7ca', '-r', '--abbrev=40', '--full-index', '-M', '-p', '--no-ext-diff', '--no-color']) failed due to: ValueError('PyMemoryView_FromBuffer(): info->buf must not be NULL')
Exception in thread Thread-329 (pump_stream):
Traceback (most recent call last):
  File "/fibus/fs2/02/cgk3480/.conda/envs/churn-env/lib/python3.11/site-packages/git/cmd.py", line 157, in pump_stream
    for line in stream:
ValueError: PyMemoryView_FromBuffer(): info->buf must not be NULL

The above exception was the direct cause of the following exception:

Traceback (most recent call last):
  File "/fibus/fs2/02/cgk3480/.conda/envs/churn-env/lib/python3.11/threading.py", line 1045, in _bootstrap_inner
    self.run()
  File "/fibus/fs2/02/cgk3480/.conda/envs/churn-env/lib/python3.11/threading.py", line 982, in run
    self._target(*self._args, **self._kwargs)
  File "/fibus/fs2/02/cgk3480/.conda/envs/churn-env/lib/python3.11/site-packages/git/cmd.py", line 170, in pump_stream
    raise CommandError([f"<{name}-pump>"] + remove_password_if_present(cmdline), ex) from ex
git.exc.CommandError: Cmd('<stdout-pump>') failed due to: ValueError('PyMemoryView_FromBuffer(): info->buf must not be NULL')
  cmdline: <stdout-pump> git diff-tree ad5013d5699d30ded0cdbbc68b93b2aa28222c6e cd7f355ac4067177e0a45e7331d11472bd7fd7ca -r --abbrev=40 --full-index -M -p --no-ext-diff --no-color
Pumping 'stdout' of cmd(['git', 'diff-tree', '1992ded5d111997877a9a25205976d8d03c46814', '2f6670165d22406467c667e9454e558bc75b933e', '-r', '--abbrev=40', '--full-index', '-M', '-p', '--no-ext-diff', '--no-color']) failed due to: ValueError('PyMemoryView_FromBuffer(): info->buf must not be NULL')
Exception in thread Thread-381 (pump_stream):
Traceback (most recent call last):
  File "/fibus/fs2/02/cgk3480/.conda/envs/churn-env/lib/python3.11/site-packages/git/cmd.py", line 157, in pump_stream
    for line in stream:
ValueError: PyMemoryView_FromBuffer(): info->buf must not be NULL

The above exception was the direct cause of the following exception:

Traceback (most recent call last):
  File "/fibus/fs2/02/cgk3480/.conda/envs/churn-env/lib/python3.11/threading.py", line 1045, in _bootstrap_inner
    self.run()
  File "/fibus/fs2/02/cgk3480/.conda/envs/churn-env/lib/python3.11/threading.py", line 982, in run
    self._target(*self._args, **self._kwargs)
  File "/fibus/fs2/02/cgk3480/.conda/envs/churn-env/lib/python3.11/site-packages/git/cmd.py", line 170, in pump_stream
    raise CommandError([f"<{name}-pump>"] + remove_password_if_present(cmdline), ex) from ex
git.exc.CommandError: Cmd('<stdout-pump>') failed due to: ValueError('PyMemoryView_FromBuffer(): info->buf must not be NULL')
  cmdline: <stdout-pump> git diff-tree 1992ded5d111997877a9a25205976d8d03c46814 2f6670165d22406467c667e9454e558bc75b933e -r --abbrev=40 --full-index -M -p --no-ext-diff --no-color
Pumping 'stdout' of cmd(['git', 'diff-tree', '38295fb2a09264671c82d490ce77c17d492378e0', '80ff0fd3ab6451407a20c19b80c1643c4a6d6434', '-r', '--abbrev=40', '--full-index', '-M', '-p', '--no-ext-diff', '--no-color']) failed due to: ValueError('PyMemoryView_FromBuffer(): info->buf must not be NULL')
Exception in thread Thread-393 (pump_stream):
Traceback (most recent call last):
  File "/fibus/fs2/02/cgk3480/.conda/envs/churn-env/lib/python3.11/site-packages/git/cmd.py", line 157, in pump_stream
    for line in stream:
ValueError: PyMemoryView_FromBuffer(): info->buf must not be NULL

The above exception was the direct cause of the following exception:

Traceback (most recent call last):
  File "/fibus/fs2/02/cgk3480/.conda/envs/churn-env/lib/python3.11/threading.py", line 1045, in _bootstrap_inner
    self.run()
  File "/fibus/fs2/02/cgk3480/.conda/envs/churn-env/lib/python3.11/threading.py", line 982, in run
    self._target(*self._args, **self._kwargs)
  File "/fibus/fs2/02/cgk3480/.conda/envs/churn-env/lib/python3.11/site-packages/git/cmd.py", line 170, in pump_stream
    raise CommandError([f"<{name}-pump>"] + remove_password_if_present(cmdline), ex) from ex
git.exc.CommandError: Cmd('<stdout-pump>') failed due to: ValueError('PyMemoryView_FromBuffer(): info->buf must not be NULL')
  cmdline: <stdout-pump> git diff-tree 38295fb2a09264671c82d490ce77c17d492378e0 80ff0fd3ab6451407a20c19b80c1643c4a6d6434 -r --abbrev=40 --full-index -M -p --no-ext-diff --no-color
Pumping 'stdout' of cmd(['git', 'diff-tree', 'eb85fc238970afe4a309bb307bdeecc2938ba7b2', '46d18d510d78318c4aa5aaeff66782f1ec42c2ec', '-r', '--abbrev=40', '--full-index', '-M', '-p', '--no-ext-diff', '--no-color']) failed due to: ValueError('PyMemoryView_FromBuffer(): info->buf must not be NULL')
Exception in thread Thread-327 (pump_stream):
Traceback (most recent call last):
  File "/fibus/fs2/02/cgk3480/.conda/envs/churn-env/lib/python3.11/site-packages/git/cmd.py", line 157, in pump_stream
    for line in stream:
ValueError: PyMemoryView_FromBuffer(): info->buf must not be NULL

The above exception was the direct cause of the following exception:

Traceback (most recent call last):
  File "/fibus/fs2/02/cgk3480/.conda/envs/churn-env/lib/python3.11/threading.py", line 1045, in _bootstrap_inner
    self.run()
  File "/fibus/fs2/02/cgk3480/.conda/envs/churn-env/lib/python3.11/threading.py", line 982, in run
    self._target(*self._args, **self._kwargs)
  File "/fibus/fs2/02/cgk3480/.conda/envs/churn-env/lib/python3.11/site-packages/git/cmd.py", line 170, in pump_stream
    raise CommandError([f"<{name}-pump>"] + remove_password_if_present(cmdline), ex) from ex
git.exc.CommandError: Cmd('<stdout-pump>') failed due to: ValueError('PyMemoryView_FromBuffer(): info->buf must not be NULL')
  cmdline: <stdout-pump> git diff-tree eb85fc238970afe4a309bb307bdeecc2938ba7b2 46d18d510d78318c4aa5aaeff66782f1ec42c2ec -r --abbrev=40 --full-index -M -p --no-ext-diff --no-color
Pumping 'stdout' of cmd(['git', 'diff-tree', '85702f4c80dc9817e8f399a9fc556fbf753fc515', '225fa59fddfa74734625eb7b8b67960eeb3ba9d6', '-r', '--abbrev=40', '--full-index', '-M', '-p', '--no-ext-diff', '--no-color']) failed due to: ValueError('PyMemoryView_FromBuffer(): info->buf must not be NULL')
Exception in thread Thread-317 (pump_stream):
Traceback (most recent call last):
  File "/fibus/fs2/02/cgk3480/.conda/envs/churn-env/lib/python3.11/site-packages/git/cmd.py", line 157, in pump_stream
    for line in stream:
ValueError: PyMemoryView_FromBuffer(): info->buf must not be NULL

The above exception was the direct cause of the following exception:

Traceback (most recent call last):
  File "/fibus/fs2/02/cgk3480/.conda/envs/churn-env/lib/python3.11/threading.py", line 1045, in _bootstrap_inner
    self.run()
  File "/fibus/fs2/02/cgk3480/.conda/envs/churn-env/lib/python3.11/threading.py", line 982, in run
    self._target(*self._args, **self._kwargs)
  File "/fibus/fs2/02/cgk3480/.conda/envs/churn-env/lib/python3.11/site-packages/git/cmd.py", line 170, in pump_stream
    raise CommandError([f"<{name}-pump>"] + remove_password_if_present(cmdline), ex) from ex
git.exc.CommandError: Cmd('<stdout-pump>') failed due to: ValueError('PyMemoryView_FromBuffer(): info->buf must not be NULL')
  cmdline: <stdout-pump> git diff-tree 85702f4c80dc9817e8f399a9fc556fbf753fc515 225fa59fddfa74734625eb7b8b67960eeb3ba9d6 -r --abbrev=40 --full-index -M -p --no-ext-diff --no-color
Pumping 'stdout' of cmd(['git', 'diff-tree', 'e1ec45b9a8127d9d31bb9fc1d802571a2ba8dd89', '4585c79ff477f9517b7f384a4fce351417e8fa36', '-r', '--abbrev=40', '--full-index', '-M', '-p', '--no-ext-diff', '--no-color']) failed due to: ValueError('PyMemoryView_FromBuffer(): info->buf must not be NULL')
Exception in thread Thread-409 (pump_stream):
Traceback (most recent call last):
  File "/fibus/fs2/02/cgk3480/.conda/envs/churn-env/lib/python3.11/site-packages/git/cmd.py", line 157, in pump_stream
    for line in stream:
ValueError: PyMemoryView_FromBuffer(): info->buf must not be NULL

The above exception was the direct cause of the following exception:

Traceback (most recent call last):
  File "/fibus/fs2/02/cgk3480/.conda/envs/churn-env/lib/python3.11/threading.py", line 1045, in _bootstrap_inner
    self.run()
  File "/fibus/fs2/02/cgk3480/.conda/envs/churn-env/lib/python3.11/threading.py", line 982, in run
    self._target(*self._args, **self._kwargs)
  File "/fibus/fs2/02/cgk3480/.conda/envs/churn-env/lib/python3.11/site-packages/git/cmd.py", line 170, in pump_stream
    raise CommandError([f"<{name}-pump>"] + remove_password_if_present(cmdline), ex) from ex
git.exc.CommandError: Cmd('<stdout-pump>') failed due to: ValueError('PyMemoryView_FromBuffer(): info->buf must not be NULL')
  cmdline: <stdout-pump> git diff-tree e1ec45b9a8127d9d31bb9fc1d802571a2ba8dd89 4585c79ff477f9517b7f384a4fce351417e8fa36 -r --abbrev=40 --full-index -M -p --no-ext-diff --no-color
Pumping 'stdout' of cmd(['git', 'diff-tree', 'a64fc11b9a520c55ca34d82e5ca32274f49b6b15', '9786b65bc61acec63f923978c75e707afbb74bc7', '-r', '--abbrev=40', '--full-index', '-M', '-p', '--no-ext-diff', '--no-color']) failed due to: ValueError('PyMemoryView_FromBuffer(): info->buf must not be NULL')
Exception in thread Thread-287 (pump_stream):
Traceback (most recent call last):
  File "/fibus/fs2/02/cgk3480/.conda/envs/churn-env/lib/python3.11/site-packages/git/cmd.py", line 157, in pump_stream
    for line in stream:
ValueError: PyMemoryView_FromBuffer(): info->buf must not be NULL

The above exception was the direct cause of the following exception:

Traceback (most recent call last):
  File "/fibus/fs2/02/cgk3480/.conda/envs/churn-env/lib/python3.11/threading.py", line 1045, in _bootstrap_inner
    self.run()
  File "/fibus/fs2/02/cgk3480/.conda/envs/churn-env/lib/python3.11/threading.py", line 982, in run
    self._target(*self._args, **self._kwargs)
  File "/fibus/fs2/02/cgk3480/.conda/envs/churn-env/lib/python3.11/site-packages/git/cmd.py", line 170, in pump_stream
    raise CommandError([f"<{name}-pump>"] + remove_password_if_present(cmdline), ex) from ex
git.exc.CommandError: Cmd('<stdout-pump>') failed due to: ValueError('PyMemoryView_FromBuffer(): info->buf must not be NULL')
  cmdline: <stdout-pump> git diff-tree a64fc11b9a520c55ca34d82e5ca32274f49b6b15 9786b65bc61acec63f923978c75e707afbb74bc7 -r --abbrev=40 --full-index -M -p --no-ext-diff --no-color
Pumping 'stdout' of cmd(['git', 'diff-tree', '47a1886a610aca6a55c18ee677f9176e73162e97', '5755d0f63c677b8b63b82dceacd26d96617e3ba8', '-r', '--abbrev=40', '--full-index', '-M', '-p', '--no-ext-diff', '--no-color']) failed due to: ValueError('PyMemoryView_FromBuffer(): info->buf must not be NULL')
Exception in thread Thread-327 (pump_stream):
Traceback (most recent call last):
  File "/fibus/fs2/02/cgk3480/.conda/envs/churn-env/lib/python3.11/site-packages/git/cmd.py", line 157, in pump_stream
    for line in stream:
ValueError: PyMemoryView_FromBuffer(): info->buf must not be NULL

The above exception was the direct cause of the following exception:

Traceback (most recent call last):
  File "/fibus/fs2/02/cgk3480/.conda/envs/churn-env/lib/python3.11/threading.py", line 1045, in _bootstrap_inner
    self.run()
  File "/fibus/fs2/02/cgk3480/.conda/envs/churn-env/lib/python3.11/threading.py", line 982, in run
    self._target(*self._args, **self._kwargs)
  File "/fibus/fs2/02/cgk3480/.conda/envs/churn-env/lib/python3.11/site-packages/git/cmd.py", line 170, in pump_stream
    raise CommandError([f"<{name}-pump>"] + remove_password_if_present(cmdline), ex) from ex
git.exc.CommandError: Cmd('<stdout-pump>') failed due to: ValueError('PyMemoryView_FromBuffer(): info->buf must not be NULL')
  cmdline: <stdout-pump> git diff-tree 47a1886a610aca6a55c18ee677f9176e73162e97 5755d0f63c677b8b63b82dceacd26d96617e3ba8 -r --abbrev=40 --full-index -M -p --no-ext-diff --no-color
Pumping 'stdout' of cmd(['git', 'diff-tree', '126bdb606fd2802454e6048caef1be3e25dd121e', '102e9d1936569d43f55dd1ea89be355ad207143c', '-r', '--abbrev=40', '--full-index', '-M', '-p', '--no-ext-diff', '--no-color']) failed due to: ValueError('PyMemoryView_FromBuffer(): info->buf must not be NULL')
Exception in thread Thread-407 (pump_stream):
Traceback (most recent call last):
  File "/fibus/fs2/02/cgk3480/.conda/envs/churn-env/lib/python3.11/site-packages/git/cmd.py", line 157, in pump_stream
    for line in stream:
ValueError: PyMemoryView_FromBuffer(): info->buf must not be NULL

The above exception was the direct cause of the following exception:

Traceback (most recent call last):
  File "/fibus/fs2/02/cgk3480/.conda/envs/churn-env/lib/python3.11/threading.py", line 1045, in _bootstrap_inner
    self.run()
  File "/fibus/fs2/02/cgk3480/.conda/envs/churn-env/lib/python3.11/threading.py", line 982, in run
    self._target(*self._args, **self._kwargs)
  File "/fibus/fs2/02/cgk3480/.conda/envs/churn-env/lib/python3.11/site-packages/git/cmd.py", line 170, in pump_stream
    raise CommandError([f"<{name}-pump>"] + remove_password_if_present(cmdline), ex) from ex
git.exc.CommandError: Cmd('<stdout-pump>') failed due to: ValueError('PyMemoryView_FromBuffer(): info->buf must not be NULL')
  cmdline: <stdout-pump> git diff-tree 126bdb606fd2802454e6048caef1be3e25dd121e 102e9d1936569d43f55dd1ea89be355ad207143c -r --abbrev=40 --full-index -M -p --no-ext-diff --no-color
Pumping 'stdout' of cmd(['git', 'diff-tree', '838f0905aaeefce443eca124b27e6474e6862aa3', '326e57518b0dc8789d78e59563afbb3f4107e6e1', '-r', '--abbrev=40', '--full-index', '-M', '-p', '--no-ext-diff', '--no-color']) failed due to: ValueError('PyMemoryView_FromBuffer(): info->buf must not be NULL')
Exception in thread Thread-413 (pump_stream):
Traceback (most recent call last):
  File "/fibus/fs2/02/cgk3480/.conda/envs/churn-env/lib/python3.11/site-packages/git/cmd.py", line 157, in pump_stream
    for line in stream:
ValueError: PyMemoryView_FromBuffer(): info->buf must not be NULL

The above exception was the direct cause of the following exception:

Traceback (most recent call last):
  File "/fibus/fs2/02/cgk3480/.conda/envs/churn-env/lib/python3.11/threading.py", line 1045, in _bootstrap_inner
    self.run()
  File "/fibus/fs2/02/cgk3480/.conda/envs/churn-env/lib/python3.11/threading.py", line 982, in run
    self._target(*self._args, **self._kwargs)
  File "/fibus/fs2/02/cgk3480/.conda/envs/churn-env/lib/python3.11/site-packages/git/cmd.py", line 170, in pump_stream
    raise CommandError([f"<{name}-pump>"] + remove_password_if_present(cmdline), ex) from ex
git.exc.CommandError: Cmd('<stdout-pump>') failed due to: ValueError('PyMemoryView_FromBuffer(): info->buf must not be NULL')
  cmdline: <stdout-pump> git diff-tree 838f0905aaeefce443eca124b27e6474e6862aa3 326e57518b0dc8789d78e59563afbb3f4107e6e1 -r --abbrev=40 --full-index -M -p --no-ext-diff --no-color
Pumping 'stdout' of cmd(['git', 'diff-tree', 'c31f26c8f69f776759cbbdfb38e40ea91aa0dd65', '83e4b196838d90799a8879e5054a3beecf9ed256', '-r', '--abbrev=40', '--full-index', '-M', '-p', '--no-ext-diff', '--no-color']) failed due to: ValueError('PyMemoryView_FromBuffer(): info->buf must not be NULL')
Exception in thread Thread-369 (pump_stream):
Traceback (most recent call last):
  File "/fibus/fs2/02/cgk3480/.conda/envs/churn-env/lib/python3.11/site-packages/git/cmd.py", line 157, in pump_stream
    for line in stream:
ValueError: PyMemoryView_FromBuffer(): info->buf must not be NULL

The above exception was the direct cause of the following exception:

Traceback (most recent call last):
  File "/fibus/fs2/02/cgk3480/.conda/envs/churn-env/lib/python3.11/threading.py", line 1045, in _bootstrap_inner
    self.run()
  File "/fibus/fs2/02/cgk3480/.conda/envs/churn-env/lib/python3.11/threading.py", line 982, in run
    self._target(*self._args, **self._kwargs)
  File "/fibus/fs2/02/cgk3480/.conda/envs/churn-env/lib/python3.11/site-packages/git/cmd.py", line 170, in pump_stream
    raise CommandError([f"<{name}-pump>"] + remove_password_if_present(cmdline), ex) from ex
git.exc.CommandError: Cmd('<stdout-pump>') failed due to: ValueError('PyMemoryView_FromBuffer(): info->buf must not be NULL')
  cmdline: <stdout-pump> git diff-tree c31f26c8f69f776759cbbdfb38e40ea91aa0dd65 83e4b196838d90799a8879e5054a3beecf9ed256 -r --abbrev=40 --full-index -M -p --no-ext-diff --no-color
Pumping 'stdout' of cmd(['git', 'diff-tree', 'c2611e479f5d9b05108270e1ab423955486b4457', '3d5831a40d3464eea158180eb12cbd81c5edfb6a', '-r', '--abbrev=40', '--full-index', '-M', '-p', '--no-ext-diff', '--no-color']) failed due to: ValueError('PyMemoryView_FromBuffer(): info->buf must not be NULL')
Exception in thread Thread-359 (pump_stream):
Traceback (most recent call last):
  File "/fibus/fs2/02/cgk3480/.conda/envs/churn-env/lib/python3.11/site-packages/git/cmd.py", line 157, in pump_stream
    for line in stream:
ValueError: PyMemoryView_FromBuffer(): info->buf must not be NULL

The above exception was the direct cause of the following exception:

Traceback (most recent call last):
  File "/fibus/fs2/02/cgk3480/.conda/envs/churn-env/lib/python3.11/threading.py", line 1045, in _bootstrap_inner
    self.run()
  File "/fibus/fs2/02/cgk3480/.conda/envs/churn-env/lib/python3.11/threading.py", line 982, in run
    self._target(*self._args, **self._kwargs)
  File "/fibus/fs2/02/cgk3480/.conda/envs/churn-env/lib/python3.11/site-packages/git/cmd.py", line 170, in pump_stream
    raise CommandError([f"<{name}-pump>"] + remove_password_if_present(cmdline), ex) from ex
git.exc.CommandError: Cmd('<stdout-pump>') failed due to: ValueError('PyMemoryView_FromBuffer(): info->buf must not be NULL')
  cmdline: <stdout-pump> git diff-tree c2611e479f5d9b05108270e1ab423955486b4457 3d5831a40d3464eea158180eb12cbd81c5edfb6a -r --abbrev=40 --full-index -M -p --no-ext-diff --no-color
Pumping 'stdout' of cmd(['git', 'diff-tree', '42db672dca5b74f9c85c318b74b3b298e86cbe8e', 'a2b78e9b2cac897c7fb843922d49b2571dd84a76', '-r', '--abbrev=40', '--full-index', '-M', '-p', '--no-ext-diff', '--no-color']) failed due to: ValueError('PyMemoryView_FromBuffer(): info->buf must not be NULL')
Exception in thread Thread-285 (pump_stream):
Traceback (most recent call last):
  File "/fibus/fs2/02/cgk3480/.conda/envs/churn-env/lib/python3.11/site-packages/git/cmd.py", line 157, in pump_stream
    for line in stream:
ValueError: PyMemoryView_FromBuffer(): info->buf must not be NULL

The above exception was the direct cause of the following exception:

Traceback (most recent call last):
  File "/fibus/fs2/02/cgk3480/.conda/envs/churn-env/lib/python3.11/threading.py", line 1045, in _bootstrap_inner
    self.run()
  File "/fibus/fs2/02/cgk3480/.conda/envs/churn-env/lib/python3.11/threading.py", line 982, in run
    self._target(*self._args, **self._kwargs)
  File "/fibus/fs2/02/cgk3480/.conda/envs/churn-env/lib/python3.11/site-packages/git/cmd.py", line 170, in pump_stream
    raise CommandError([f"<{name}-pump>"] + remove_password_if_present(cmdline), ex) from ex
git.exc.CommandError: Cmd('<stdout-pump>') failed due to: ValueError('PyMemoryView_FromBuffer(): info->buf must not be NULL')
  cmdline: <stdout-pump> git diff-tree 42db672dca5b74f9c85c318b74b3b298e86cbe8e a2b78e9b2cac897c7fb843922d49b2571dd84a76 -r --abbrev=40 --full-index -M -p --no-ext-diff --no-color
Pumping 'stdout' of cmd(['git', 'diff-tree', 'f6f57a46435d7253a52a1a07a58183678ad266a0', 'e85d1d65cd8a9083040e280d172eba762875f8f1', '-r', '--abbrev=40', '--full-index', '-M', '-p', '--no-ext-diff', '--no-color']) failed due to: ValueError('PyMemoryView_FromBuffer(): info->buf must not be NULL')
Exception in thread Thread-267 (pump_stream):
Traceback (most recent call last):
  File "/fibus/fs2/02/cgk3480/.conda/envs/churn-env/lib/python3.11/site-packages/git/cmd.py", line 157, in pump_stream
    for line in stream:
ValueError: PyMemoryView_FromBuffer(): info->buf must not be NULL

The above exception was the direct cause of the following exception:

Traceback (most recent call last):
  File "/fibus/fs2/02/cgk3480/.conda/envs/churn-env/lib/python3.11/threading.py", line 1045, in _bootstrap_inner
    self.run()
  File "/fibus/fs2/02/cgk3480/.conda/envs/churn-env/lib/python3.11/threading.py", line 982, in run
    self._target(*self._args, **self._kwargs)
  File "/fibus/fs2/02/cgk3480/.conda/envs/churn-env/lib/python3.11/site-packages/git/cmd.py", line 170, in pump_stream
    raise CommandError([f"<{name}-pump>"] + remove_password_if_present(cmdline), ex) from ex
git.exc.CommandError: Cmd('<stdout-pump>') failed due to: ValueError('PyMemoryView_FromBuffer(): info->buf must not be NULL')
  cmdline: <stdout-pump> git diff-tree f6f57a46435d7253a52a1a07a58183678ad266a0 e85d1d65cd8a9083040e280d172eba762875f8f1 -r --abbrev=40 --full-index -M -p --no-ext-diff --no-color
Pumping 'stdout' of cmd(['git', 'diff-tree', 'c550f01c810f2197c98e6e3103f81797f5e063be', 'ad8c0eaa0a418ae8ef3f9217638bb86439399eac', '-r', '--abbrev=40', '--full-index', '-M', '-p', '--no-ext-diff', '--no-color']) failed due to: ValueError('PyMemoryView_FromBuffer(): info->buf must not be NULL')
Exception in thread Thread-349 (pump_stream):
Traceback (most recent call last):
  File "/fibus/fs2/02/cgk3480/.conda/envs/churn-env/lib/python3.11/site-packages/git/cmd.py", line 157, in pump_stream
    for line in stream:
ValueError: PyMemoryView_FromBuffer(): info->buf must not be NULL

The above exception was the direct cause of the following exception:

Traceback (most recent call last):
  File "/fibus/fs2/02/cgk3480/.conda/envs/churn-env/lib/python3.11/threading.py", line 1045, in _bootstrap_inner
    self.run()
  File "/fibus/fs2/02/cgk3480/.conda/envs/churn-env/lib/python3.11/threading.py", line 982, in run
    self._target(*self._args, **self._kwargs)
  File "/fibus/fs2/02/cgk3480/.conda/envs/churn-env/lib/python3.11/site-packages/git/cmd.py", line 170, in pump_stream
    raise CommandError([f"<{name}-pump>"] + remove_password_if_present(cmdline), ex) from ex
git.exc.CommandError: Cmd('<stdout-pump>') failed due to: ValueError('PyMemoryView_FromBuffer(): info->buf must not be NULL')
  cmdline: <stdout-pump> git diff-tree c550f01c810f2197c98e6e3103f81797f5e063be ad8c0eaa0a418ae8ef3f9217638bb86439399eac -r --abbrev=40 --full-index -M -p --no-ext-diff --no-color
Pumping 'stdout' of cmd(['git', 'diff-tree', '3d0fc341c4bb66b2c41c0d1ec954a6d300e100b7', 'fa7e2247c5729f990c7456fe09f3af99c8f2571b', '-r', '--abbrev=40', '--full-index', '-M', '-p', '--no-ext-diff', '--no-color']) failed due to: ValueError('PyMemoryView_FromBuffer(): info->buf must not be NULL')
Exception in thread Thread-331 (pump_stream):
Traceback (most recent call last):
  File "/fibus/fs2/02/cgk3480/.conda/envs/churn-env/lib/python3.11/site-packages/git/cmd.py", line 157, in pump_stream
    for line in stream:
ValueError: PyMemoryView_FromBuffer(): info->buf must not be NULL

The above exception was the direct cause of the following exception:

Traceback (most recent call last):
  File "/fibus/fs2/02/cgk3480/.conda/envs/churn-env/lib/python3.11/threading.py", line 1045, in _bootstrap_inner
    self.run()
  File "/fibus/fs2/02/cgk3480/.conda/envs/churn-env/lib/python3.11/threading.py", line 982, in run
    self._target(*self._args, **self._kwargs)
Pumping 'stdout' of cmd(['git', 'diff-tree', 'c6f5b001e65cdac592b65a08c5d2dd179cfba568', 'd1fd836dcf00d2028c700c7e44d2c23404062c90', '-r', '--abbrev=40', '--full-index', '-M', '-p', '--no-ext-diff', '--no-color']) failed due to: ValueError('PyMemoryView_FromBuffer(): info->buf must not be NULL')
  File "/fibus/fs2/02/cgk3480/.conda/envs/churn-env/lib/python3.11/site-packages/git/cmd.py", line 170, in pump_stream
Exception in thread Thread-353 (pump_stream):
Traceback (most recent call last):
  File "/fibus/fs2/02/cgk3480/.conda/envs/churn-env/lib/python3.11/site-packages/git/cmd.py", line 157, in pump_stream
    raise CommandError([f"<{name}-pump>"] + remove_password_if_present(cmdline), ex) from ex
    for line in stream:
ValueError: PyMemoryView_FromBuffer(): info->buf must not be NULL

The above exception was the direct cause of the following exception:

Traceback (most recent call last):
  File "/fibus/fs2/02/cgk3480/.conda/envs/churn-env/lib/python3.11/threading.py", line 1045, in _bootstrap_inner
git.exc.CommandError: Cmd('<stdout-pump>') failed due to: ValueError('PyMemoryView_FromBuffer(): info->buf must not be NULL')
  cmdline: <stdout-pump> git diff-tree 3d0fc341c4bb66b2c41c0d1ec954a6d300e100b7 fa7e2247c5729f990c7456fe09f3af99c8f2571b -r --abbrev=40 --full-index -M -p --no-ext-diff --no-color
    self.run()
  File "/fibus/fs2/02/cgk3480/.conda/envs/churn-env/lib/python3.11/threading.py", line 982, in run
    self._target(*self._args, **self._kwargs)
  File "/fibus/fs2/02/cgk3480/.conda/envs/churn-env/lib/python3.11/site-packages/git/cmd.py", line 170, in pump_stream
    raise CommandError([f"<{name}-pump>"] + remove_password_if_present(cmdline), ex) from ex
git.exc.CommandError: Cmd('<stdout-pump>') failed due to: ValueError('PyMemoryView_FromBuffer(): info->buf must not be NULL')
  cmdline: <stdout-pump> git diff-tree c6f5b001e65cdac592b65a08c5d2dd179cfba568 d1fd836dcf00d2028c700c7e44d2c23404062c90 -r --abbrev=40 --full-index -M -p --no-ext-diff --no-color
Pumping 'stdout' of cmd(['git', 'diff-tree', '2e3a43f0b6f16705ec76d3744b82a116965ebebe', 'e81ee637e4aed723f71007c90a901268317ed6d6', '-r', '--abbrev=40', '--full-index', '-M', '-p', '--no-ext-diff', '--no-color']) failed due to: ValueError('PyMemoryView_FromBuffer(): info->buf must not be NULL')
Exception in thread Thread-311 (pump_stream):
Traceback (most recent call last):
  File "/fibus/fs2/02/cgk3480/.conda/envs/churn-env/lib/python3.11/site-packages/git/cmd.py", line 157, in pump_stream
    for line in stream:
ValueError: PyMemoryView_FromBuffer(): info->buf must not be NULL

The above exception was the direct cause of the following exception:

Traceback (most recent call last):
  File "/fibus/fs2/02/cgk3480/.conda/envs/churn-env/lib/python3.11/threading.py", line 1045, in _bootstrap_inner
    self.run()
  File "/fibus/fs2/02/cgk3480/.conda/envs/churn-env/lib/python3.11/threading.py", line 982, in run
    self._target(*self._args, **self._kwargs)
  File "/fibus/fs2/02/cgk3480/.conda/envs/churn-env/lib/python3.11/site-packages/git/cmd.py", line 170, in pump_stream
    raise CommandError([f"<{name}-pump>"] + remove_password_if_present(cmdline), ex) from ex
git.exc.CommandError: Cmd('<stdout-pump>') failed due to: ValueError('PyMemoryView_FromBuffer(): info->buf must not be NULL')
  cmdline: <stdout-pump> git diff-tree 2e3a43f0b6f16705ec76d3744b82a116965ebebe e81ee637e4aed723f71007c90a901268317ed6d6 -r --abbrev=40 --full-index -M -p --no-ext-diff --no-color
Pumping 'stdout' of cmd(['git', 'diff-tree', 'baea99445dd4675a834e8a5987d2f368adb62e6c', '2a338a543163ad6b42f4732396249cea6d3a33c8', '-r', '--abbrev=40', '--full-index', '-M', '-p', '--no-ext-diff', '--no-color']) failed due to: ValueError('PyMemoryView_FromBuffer(): info->buf must not be NULL')
Exception in thread Thread-305 (pump_stream):
Traceback (most recent call last):
  File "/fibus/fs2/02/cgk3480/.conda/envs/churn-env/lib/python3.11/site-packages/git/cmd.py", line 157, in pump_stream
    for line in stream:
ValueError: PyMemoryView_FromBuffer(): info->buf must not be NULL

The above exception was the direct cause of the following exception:

Traceback (most recent call last):
  File "/fibus/fs2/02/cgk3480/.conda/envs/churn-env/lib/python3.11/threading.py", line 1045, in _bootstrap_inner
    self.run()
  File "/fibus/fs2/02/cgk3480/.conda/envs/churn-env/lib/python3.11/threading.py", line 982, in run
    self._target(*self._args, **self._kwargs)
  File "/fibus/fs2/02/cgk3480/.conda/envs/churn-env/lib/python3.11/site-packages/git/cmd.py", line 170, in pump_stream
    raise CommandError([f"<{name}-pump>"] + remove_password_if_present(cmdline), ex) from ex
git.exc.CommandError: Cmd('<stdout-pump>') failed due to: ValueError('PyMemoryView_FromBuffer(): info->buf must not be NULL')
  cmdline: <stdout-pump> git diff-tree baea99445dd4675a834e8a5987d2f368adb62e6c 2a338a543163ad6b42f4732396249cea6d3a33c8 -r --abbrev=40 --full-index -M -p --no-ext-diff --no-color
Pumping 'stdout' of cmd(['git', 'diff-tree', '4509276ee824bb967885c095c610767e42345c36', '19c3164db457e0fc65d4501fd354506228576241', '-r', '--abbrev=40', '--full-index', '-M', '-p', '--no-ext-diff', '--no-color']) failed due to: ValueError('PyMemoryView_FromBuffer(): info->buf must not be NULL')
Exception in thread Thread-351 (pump_stream):
Traceback (most recent call last):
  File "/fibus/fs2/02/cgk3480/.conda/envs/churn-env/lib/python3.11/site-packages/git/cmd.py", line 157, in pump_stream
    for line in stream:
ValueError: PyMemoryView_FromBuffer(): info->buf must not be NULL

The above exception was the direct cause of the following exception:

Traceback (most recent call last):
  File "/fibus/fs2/02/cgk3480/.conda/envs/churn-env/lib/python3.11/threading.py", line 1045, in _bootstrap_inner
    self.run()
  File "/fibus/fs2/02/cgk3480/.conda/envs/churn-env/lib/python3.11/threading.py", line 982, in run
    self._target(*self._args, **self._kwargs)
  File "/fibus/fs2/02/cgk3480/.conda/envs/churn-env/lib/python3.11/site-packages/git/cmd.py", line 170, in pump_stream
    raise CommandError([f"<{name}-pump>"] + remove_password_if_present(cmdline), ex) from ex
git.exc.CommandError: Cmd('<stdout-pump>') failed due to: ValueError('PyMemoryView_FromBuffer(): info->buf must not be NULL')
  cmdline: <stdout-pump> git diff-tree 4509276ee824bb967885c095c610767e42345c36 19c3164db457e0fc65d4501fd354506228576241 -r --abbrev=40 --full-index -M -p --no-ext-diff --no-color
Pumping 'stdout' of cmd(['git', 'diff-tree', 'e07c7606a00c4361bad72ff4e72ed0dfbefa23b0', '89e01caac641864c2453d41c81a990160a9acaf9', '-r', '--abbrev=40', '--full-index', '-M', '-p', '--no-ext-diff', '--no-color']) failed due to: ValueError('PyMemoryView_FromBuffer(): info->buf must not be NULL')
Exception in thread Thread-395 (pump_stream):
Traceback (most recent call last):
  File "/fibus/fs2/02/cgk3480/.conda/envs/churn-env/lib/python3.11/site-packages/git/cmd.py", line 157, in pump_stream
    for line in stream:
ValueError: PyMemoryView_FromBuffer(): info->buf must not be NULL

The above exception was the direct cause of the following exception:

Traceback (most recent call last):
  File "/fibus/fs2/02/cgk3480/.conda/envs/churn-env/lib/python3.11/threading.py", line 1045, in _bootstrap_inner
    self.run()
  File "/fibus/fs2/02/cgk3480/.conda/envs/churn-env/lib/python3.11/threading.py", line 982, in run
    self._target(*self._args, **self._kwargs)
  File "/fibus/fs2/02/cgk3480/.conda/envs/churn-env/lib/python3.11/site-packages/git/cmd.py", line 170, in pump_stream
    raise CommandError([f"<{name}-pump>"] + remove_password_if_present(cmdline), ex) from ex
git.exc.CommandError: Cmd('<stdout-pump>') failed due to: ValueError('PyMemoryView_FromBuffer(): info->buf must not be NULL')
  cmdline: <stdout-pump> git diff-tree e07c7606a00c4361bad72ff4e72ed0dfbefa23b0 89e01caac641864c2453d41c81a990160a9acaf9 -r --abbrev=40 --full-index -M -p --no-ext-diff --no-color
Pumping 'stdout' of cmd(['git', 'diff-tree', '8912fd6a61d7474ea9b43be93f136034d28868d5', '6bcaf41f9613278cd5897fc80ab93033bda8efaa', '-r', '--abbrev=40', '--full-index', '-M', '-p', '--no-ext-diff', '--no-color']) failed due to: ValueError('PyMemoryView_FromBuffer(): info->buf must not be NULL')
Exception in thread Thread-375 (pump_stream):
Traceback (most recent call last):
  File "/fibus/fs2/02/cgk3480/.conda/envs/churn-env/lib/python3.11/site-packages/git/cmd.py", line 157, in pump_stream
    for line in stream:
ValueError: PyMemoryView_FromBuffer(): info->buf must not be NULL

The above exception was the direct cause of the following exception:

Traceback (most recent call last):
  File "/fibus/fs2/02/cgk3480/.conda/envs/churn-env/lib/python3.11/threading.py", line 1045, in _bootstrap_inner
    self.run()
  File "/fibus/fs2/02/cgk3480/.conda/envs/churn-env/lib/python3.11/threading.py", line 982, in run
    self._target(*self._args, **self._kwargs)
  File "/fibus/fs2/02/cgk3480/.conda/envs/churn-env/lib/python3.11/site-packages/git/cmd.py", line 170, in pump_stream
    raise CommandError([f"<{name}-pump>"] + remove_password_if_present(cmdline), ex) from ex
git.exc.CommandError: Cmd('<stdout-pump>') failed due to: ValueError('PyMemoryView_FromBuffer(): info->buf must not be NULL')
  cmdline: <stdout-pump> git diff-tree 8912fd6a61d7474ea9b43be93f136034d28868d5 6bcaf41f9613278cd5897fc80ab93033bda8efaa -r --abbrev=40 --full-index -M -p --no-ext-diff --no-color
Pumping 'stdout' of cmd(['git', 'diff-tree', 'ec22eb53106be1472ba6573dc900943f52f8fd1e', '09a7d9eca1a6cf5eb4f9abfdf8914db9dbd96f08', '-r', '--abbrev=40', '--full-index', '-M', '-p', '--no-ext-diff', '--no-color']) failed due to: ValueError('PyMemoryView_FromBuffer(): info->buf must not be NULL')
Exception in thread Thread-305 (pump_stream):
Traceback (most recent call last):
  File "/fibus/fs2/02/cgk3480/.conda/envs/churn-env/lib/python3.11/site-packages/git/cmd.py", line 157, in pump_stream
    for line in stream:
ValueError: PyMemoryView_FromBuffer(): info->buf must not be NULL

The above exception was the direct cause of the following exception:

Traceback (most recent call last):
  File "/fibus/fs2/02/cgk3480/.conda/envs/churn-env/lib/python3.11/threading.py", line 1045, in _bootstrap_inner
    self.run()
  File "/fibus/fs2/02/cgk3480/.conda/envs/churn-env/lib/python3.11/threading.py", line 982, in run
    self._target(*self._args, **self._kwargs)
  File "/fibus/fs2/02/cgk3480/.conda/envs/churn-env/lib/python3.11/site-packages/git/cmd.py", line 170, in pump_stream
    raise CommandError([f"<{name}-pump>"] + remove_password_if_present(cmdline), ex) from ex
git.exc.CommandError: Cmd('<stdout-pump>') failed due to: ValueError('PyMemoryView_FromBuffer(): info->buf must not be NULL')
  cmdline: <stdout-pump> git diff-tree ec22eb53106be1472ba6573dc900943f52f8fd1e 09a7d9eca1a6cf5eb4f9abfdf8914db9dbd96f08 -r --abbrev=40 --full-index -M -p --no-ext-diff --no-color
Pumping 'stdout' of cmd(['git', 'diff-tree', '3c4211ba8ad883ec658b989f0c86d2d7f79a904b', 'a86854d0c599b3202307abceb68feee4d7061578', '-r', '--abbrev=40', '--full-index', '-M', '-p', '--no-ext-diff', '--no-color']) failed due to: ValueError('PyMemoryView_FromBuffer(): info->buf must not be NULL')
Exception in thread Thread-269 (pump_stream):
Traceback (most recent call last):
  File "/fibus/fs2/02/cgk3480/.conda/envs/churn-env/lib/python3.11/site-packages/git/cmd.py", line 157, in pump_stream
    for line in stream:
ValueError: PyMemoryView_FromBuffer(): info->buf must not be NULL

The above exception was the direct cause of the following exception:

Traceback (most recent call last):
  File "/fibus/fs2/02/cgk3480/.conda/envs/churn-env/lib/python3.11/threading.py", line 1045, in _bootstrap_inner
    self.run()
  File "/fibus/fs2/02/cgk3480/.conda/envs/churn-env/lib/python3.11/threading.py", line 982, in run
    self._target(*self._args, **self._kwargs)
  File "/fibus/fs2/02/cgk3480/.conda/envs/churn-env/lib/python3.11/site-packages/git/cmd.py", line 170, in pump_stream
    raise CommandError([f"<{name}-pump>"] + remove_password_if_present(cmdline), ex) from ex
git.exc.CommandError: Cmd('<stdout-pump>') failed due to: ValueError('PyMemoryView_FromBuffer(): info->buf must not be NULL')
  cmdline: <stdout-pump> git diff-tree 3c4211ba8ad883ec658b989f0c86d2d7f79a904b a86854d0c599b3202307abceb68feee4d7061578 -r --abbrev=40 --full-index -M -p --no-ext-diff --no-color
Pumping 'stdout' of cmd(['git', 'diff-tree', 'fa0dcb3fe2ca3d51b8a9485e8a23fa70ecc8ba7e', 'd5adbdd77ecc1d841af244a10958792141830d30', '-r', '--abbrev=40', '--full-index', '-M', '-p', '--no-ext-diff', '--no-color']) failed due to: ValueError('PyMemoryView_FromBuffer(): info->buf must not be NULL')
Exception in thread Thread-353 (pump_stream):
Traceback (most recent call last):
  File "/fibus/fs2/02/cgk3480/.conda/envs/churn-env/lib/python3.11/site-packages/git/cmd.py", line 157, in pump_stream
    for line in stream:
ValueError: PyMemoryView_FromBuffer(): info->buf must not be NULL

The above exception was the direct cause of the following exception:

Traceback (most recent call last):
  File "/fibus/fs2/02/cgk3480/.conda/envs/churn-env/lib/python3.11/threading.py", line 1045, in _bootstrap_inner
    self.run()
  File "/fibus/fs2/02/cgk3480/.conda/envs/churn-env/lib/python3.11/threading.py", line 982, in run
    self._target(*self._args, **self._kwargs)
  File "/fibus/fs2/02/cgk3480/.conda/envs/churn-env/lib/python3.11/site-packages/git/cmd.py", line 170, in pump_stream
    raise CommandError([f"<{name}-pump>"] + remove_password_if_present(cmdline), ex) from ex
git.exc.CommandError: Cmd('<stdout-pump>') failed due to: ValueError('PyMemoryView_FromBuffer(): info->buf must not be NULL')
  cmdline: <stdout-pump> git diff-tree fa0dcb3fe2ca3d51b8a9485e8a23fa70ecc8ba7e d5adbdd77ecc1d841af244a10958792141830d30 -r --abbrev=40 --full-index -M -p --no-ext-diff --no-color
Pumping 'stdout' of cmd(['git', 'diff-tree', '38555434a910a657ba6d7d06a4fe0376c8b04685', '75d9fc7fd94eb43cdf0bec04499a27ced780af19', '-r', '--abbrev=40', '--full-index', '-M', '-p', '--no-ext-diff', '--no-color']) failed due to: ValueError('PyMemoryView_FromBuffer(): info->buf must not be NULL')
Exception in thread Thread-359 (pump_stream):
Traceback (most recent call last):
  File "/fibus/fs2/02/cgk3480/.conda/envs/churn-env/lib/python3.11/site-packages/git/cmd.py", line 157, in pump_stream
    for line in stream:
ValueError: PyMemoryView_FromBuffer(): info->buf must not be NULL

The above exception was the direct cause of the following exception:

Traceback (most recent call last):
  File "/fibus/fs2/02/cgk3480/.conda/envs/churn-env/lib/python3.11/threading.py", line 1045, in _bootstrap_inner
    self.run()
  File "/fibus/fs2/02/cgk3480/.conda/envs/churn-env/lib/python3.11/threading.py", line 982, in run
    self._target(*self._args, **self._kwargs)
  File "/fibus/fs2/02/cgk3480/.conda/envs/churn-env/lib/python3.11/site-packages/git/cmd.py", line 170, in pump_stream
    raise CommandError([f"<{name}-pump>"] + remove_password_if_present(cmdline), ex) from ex
git.exc.CommandError: Cmd('<stdout-pump>') failed due to: ValueError('PyMemoryView_FromBuffer(): info->buf must not be NULL')
  cmdline: <stdout-pump> git diff-tree 38555434a910a657ba6d7d06a4fe0376c8b04685 75d9fc7fd94eb43cdf0bec04499a27ced780af19 -r --abbrev=40 --full-index -M -p --no-ext-diff --no-color
Pumping 'stdout' of cmd(['git', 'diff-tree', '76abbdde2d95a3807d0dc6bf9f84d03d0dbd4f3d', '99b82abb0a35b07310ea6334257829af168c8e08', '-r', '--abbrev=40', '--full-index', '-M', '-p', '--no-ext-diff', '--no-color']) failed due to: ValueError('PyMemoryView_FromBuffer(): info->buf must not be NULL')
Exception in thread Thread-393 (pump_stream):
Traceback (most recent call last):
  File "/fibus/fs2/02/cgk3480/.conda/envs/churn-env/lib/python3.11/site-packages/git/cmd.py", line 157, in pump_stream
    for line in stream:
ValueError: PyMemoryView_FromBuffer(): info->buf must not be NULL

The above exception was the direct cause of the following exception:

Traceback (most recent call last):
  File "/fibus/fs2/02/cgk3480/.conda/envs/churn-env/lib/python3.11/threading.py", line 1045, in _bootstrap_inner
    self.run()
  File "/fibus/fs2/02/cgk3480/.conda/envs/churn-env/lib/python3.11/threading.py", line 982, in run
    self._target(*self._args, **self._kwargs)
  File "/fibus/fs2/02/cgk3480/.conda/envs/churn-env/lib/python3.11/site-packages/git/cmd.py", line 170, in pump_stream
    raise CommandError([f"<{name}-pump>"] + remove_password_if_present(cmdline), ex) from ex
git.exc.CommandError: Cmd('<stdout-pump>') failed due to: ValueError('PyMemoryView_FromBuffer(): info->buf must not be NULL')
  cmdline: <stdout-pump> git diff-tree 76abbdde2d95a3807d0dc6bf9f84d03d0dbd4f3d 99b82abb0a35b07310ea6334257829af168c8e08 -r --abbrev=40 --full-index -M -p --no-ext-diff --no-color
Pumping 'stdout' of cmd(['git', 'diff-tree', '86eeb97de71018695e9dc9e1f96df7b33cb0e7d6', '81f954a44567567c7d74a97b1db78fb43afc253d', '-r', '--abbrev=40', '--full-index', '-M', '-p', '--no-ext-diff', '--no-color']) failed due to: ValueError('PyMemoryView_FromBuffer(): info->buf must not be NULL')
Exception in thread Thread-365 (pump_stream):
Traceback (most recent call last):
  File "/fibus/fs2/02/cgk3480/.conda/envs/churn-env/lib/python3.11/site-packages/git/cmd.py", line 157, in pump_stream
    for line in stream:
ValueError: PyMemoryView_FromBuffer(): info->buf must not be NULL

The above exception was the direct cause of the following exception:

Traceback (most recent call last):
  File "/fibus/fs2/02/cgk3480/.conda/envs/churn-env/lib/python3.11/threading.py", line 1045, in _bootstrap_inner
    self.run()
  File "/fibus/fs2/02/cgk3480/.conda/envs/churn-env/lib/python3.11/threading.py", line 982, in run
    self._target(*self._args, **self._kwargs)
  File "/fibus/fs2/02/cgk3480/.conda/envs/churn-env/lib/python3.11/site-packages/git/cmd.py", line 170, in pump_stream
    raise CommandError([f"<{name}-pump>"] + remove_password_if_present(cmdline), ex) from ex
git.exc.CommandError: Cmd('<stdout-pump>') failed due to: ValueError('PyMemoryView_FromBuffer(): info->buf must not be NULL')
  cmdline: <stdout-pump> git diff-tree 86eeb97de71018695e9dc9e1f96df7b33cb0e7d6 81f954a44567567c7d74a97b1db78fb43afc253d -r --abbrev=40 --full-index -M -p --no-ext-diff --no-color
Pumping 'stdout' of cmd(['git', 'diff-tree', 'e826d22e16c3230621a937e22f43c403d6e494a7', '788d441a164caea0a5d82e1d5bcd161820bfe62a', '-r', '--abbrev=40', '--full-index', '-M', '-p', '--no-ext-diff', '--no-color']) failed due to: ValueError('PyMemoryView_FromBuffer(): info->buf must not be NULL')
Exception in thread Thread-443 (pump_stream):
Traceback (most recent call last):
  File "/fibus/fs2/02/cgk3480/.conda/envs/churn-env/lib/python3.11/site-packages/git/cmd.py", line 157, in pump_stream
    for line in stream:
ValueError: PyMemoryView_FromBuffer(): info->buf must not be NULL

The above exception was the direct cause of the following exception:

Traceback (most recent call last):
  File "/fibus/fs2/02/cgk3480/.conda/envs/churn-env/lib/python3.11/threading.py", line 1045, in _bootstrap_inner
    self.run()
  File "/fibus/fs2/02/cgk3480/.conda/envs/churn-env/lib/python3.11/threading.py", line 982, in run
    self._target(*self._args, **self._kwargs)
  File "/fibus/fs2/02/cgk3480/.conda/envs/churn-env/lib/python3.11/site-packages/git/cmd.py", line 170, in pump_stream
    raise CommandError([f"<{name}-pump>"] + remove_password_if_present(cmdline), ex) from ex
git.exc.CommandError: Cmd('<stdout-pump>') failed due to: ValueError('PyMemoryView_FromBuffer(): info->buf must not be NULL')
  cmdline: <stdout-pump> git diff-tree e826d22e16c3230621a937e22f43c403d6e494a7 788d441a164caea0a5d82e1d5bcd161820bfe62a -r --abbrev=40 --full-index -M -p --no-ext-diff --no-color
Pumping 'stdout' of cmd(['git', 'diff-tree', 'd5f2e7475f718e3ea47953baffc3e65e07b9272b', 'edd473d4293aa5a1684f4efe0d4e0c0318a92976', '-r', '--abbrev=40', '--full-index', '-M', '-p', '--no-ext-diff', '--no-color']) failed due to: ValueError('PyMemoryView_FromBuffer(): info->buf must not be NULL')
Exception in thread Thread-379 (pump_stream):
Traceback (most recent call last):
  File "/fibus/fs2/02/cgk3480/.conda/envs/churn-env/lib/python3.11/site-packages/git/cmd.py", line 157, in pump_stream
    for line in stream:
ValueError: PyMemoryView_FromBuffer(): info->buf must not be NULL

The above exception was the direct cause of the following exception:

Traceback (most recent call last):
  File "/fibus/fs2/02/cgk3480/.conda/envs/churn-env/lib/python3.11/threading.py", line 1045, in _bootstrap_inner
    self.run()
  File "/fibus/fs2/02/cgk3480/.conda/envs/churn-env/lib/python3.11/threading.py", line 982, in run
    self._target(*self._args, **self._kwargs)
  File "/fibus/fs2/02/cgk3480/.conda/envs/churn-env/lib/python3.11/site-packages/git/cmd.py", line 170, in pump_stream
    raise CommandError([f"<{name}-pump>"] + remove_password_if_present(cmdline), ex) from ex
git.exc.CommandError: Cmd('<stdout-pump>') failed due to: ValueError('PyMemoryView_FromBuffer(): info->buf must not be NULL')
  cmdline: <stdout-pump> git diff-tree d5f2e7475f718e3ea47953baffc3e65e07b9272b edd473d4293aa5a1684f4efe0d4e0c0318a92976 -r --abbrev=40 --full-index -M -p --no-ext-diff --no-color
Pumping 'stdout' of cmd(['git', 'diff-tree', '7ec9fce4b31604f8415136a4c07f7dc8ad431aec', '7d6620f107bae6ed687ff07668e8e8f855487aa9', '-r', '--abbrev=40', '--full-index', '-M', '-p', '--no-ext-diff', '--no-color']) failed due to: ValueError('PyMemoryView_FromBuffer(): info->buf must not be NULL')
Exception in thread Thread-435 (pump_stream):
Traceback (most recent call last):
  File "/fibus/fs2/02/cgk3480/.conda/envs/churn-env/lib/python3.11/site-packages/git/cmd.py", line 157, in pump_stream
    for line in stream:
ValueError: PyMemoryView_FromBuffer(): info->buf must not be NULL

The above exception was the direct cause of the following exception:

Traceback (most recent call last):
  File "/fibus/fs2/02/cgk3480/.conda/envs/churn-env/lib/python3.11/threading.py", line 1045, in _bootstrap_inner
    self.run()
  File "/fibus/fs2/02/cgk3480/.conda/envs/churn-env/lib/python3.11/threading.py", line 982, in run
    self._target(*self._args, **self._kwargs)
  File "/fibus/fs2/02/cgk3480/.conda/envs/churn-env/lib/python3.11/site-packages/git/cmd.py", line 170, in pump_stream
    raise CommandError([f"<{name}-pump>"] + remove_password_if_present(cmdline), ex) from ex
git.exc.CommandError: Cmd('<stdout-pump>') failed due to: ValueError('PyMemoryView_FromBuffer(): info->buf must not be NULL')
  cmdline: <stdout-pump> git diff-tree 7ec9fce4b31604f8415136a4c07f7dc8ad431aec 7d6620f107bae6ed687ff07668e8e8f855487aa9 -r --abbrev=40 --full-index -M -p --no-ext-diff --no-color
Pumping 'stdout' of cmd(['git', 'diff-tree', '84472b436e760ba439e1969a9e3c5ae7c86de39d', '2486ab434b2c2a14e9237296db00b1e1b7ae3273', '-r', '--abbrev=40', '--full-index', '-M', '-p', '--no-ext-diff', '--no-color']) failed due to: ValueError('PyMemoryView_FromBuffer(): info->buf must not be NULL')
Exception in thread Thread-297 (pump_stream):
Traceback (most recent call last):
  File "/fibus/fs2/02/cgk3480/.conda/envs/churn-env/lib/python3.11/site-packages/git/cmd.py", line 157, in pump_stream
    for line in stream:
ValueError: PyMemoryView_FromBuffer(): info->buf must not be NULL

The above exception was the direct cause of the following exception:

Traceback (most recent call last):
  File "/fibus/fs2/02/cgk3480/.conda/envs/churn-env/lib/python3.11/threading.py", line 1045, in _bootstrap_inner
Pumping 'stdout' of cmd(['git', 'diff-tree', '6c930268bcc4cef62194daf151097d2b94f67718', '14c47b7530e2db1ab1d42ebbe99b2a58b8443ce7', '-r', '--abbrev=40', '--full-index', '-M', '-p', '--no-ext-diff', '--no-color']) failed due to: ValueError('PyMemoryView_FromBuffer(): info->buf must not be NULL')
    self.run()
Exception in thread Thread-379 (pump_stream):
  File "/fibus/fs2/02/cgk3480/.conda/envs/churn-env/lib/python3.11/threading.py", line 982, in run
Traceback (most recent call last):
  File "/fibus/fs2/02/cgk3480/.conda/envs/churn-env/lib/python3.11/site-packages/git/cmd.py", line 157, in pump_stream
    for line in stream:
    self._target(*self._args, **self._kwargs)
ValueError: PyMemoryView_FromBuffer(): info->buf must not be NULL

The above exception was the direct cause of the following exception:

  File "/fibus/fs2/02/cgk3480/.conda/envs/churn-env/lib/python3.11/site-packages/git/cmd.py", line 170, in pump_stream
Traceback (most recent call last):
  File "/fibus/fs2/02/cgk3480/.conda/envs/churn-env/lib/python3.11/threading.py", line 1045, in _bootstrap_inner
    raise CommandError([f"<{name}-pump>"] + remove_password_if_present(cmdline), ex) from ex
git.exc.CommandError: Cmd('<stdout-pump>') failed due to: ValueError('PyMemoryView_FromBuffer(): info->buf must not be NULL')
  cmdline: <stdout-pump> git diff-tree 84472b436e760ba439e1969a9e3c5ae7c86de39d 2486ab434b2c2a14e9237296db00b1e1b7ae3273 -r --abbrev=40 --full-index -M -p --no-ext-diff --no-color
    self.run()
  File "/fibus/fs2/02/cgk3480/.conda/envs/churn-env/lib/python3.11/threading.py", line 982, in run
    self._target(*self._args, **self._kwargs)
  File "/fibus/fs2/02/cgk3480/.conda/envs/churn-env/lib/python3.11/site-packages/git/cmd.py", line 170, in pump_stream
    raise CommandError([f"<{name}-pump>"] + remove_password_if_present(cmdline), ex) from ex
git.exc.CommandError: Cmd('<stdout-pump>') failed due to: ValueError('PyMemoryView_FromBuffer(): info->buf must not be NULL')
  cmdline: <stdout-pump> git diff-tree 6c930268bcc4cef62194daf151097d2b94f67718 14c47b7530e2db1ab1d42ebbe99b2a58b8443ce7 -r --abbrev=40 --full-index -M -p --no-ext-diff --no-color
Pumping 'stdout' of cmd(['git', 'diff-tree', '59120e06101db72442acf4c8b364a0c76d8faa68', '4ffe722eefcb07c76701f03e0d759fbaecedf79f', '-r', '--abbrev=40', '--full-index', '-M', '-p', '--no-ext-diff', '--no-color']) failed due to: ValueError('PyMemoryView_FromBuffer(): info->buf must not be NULL')
Exception in thread Thread-405 (pump_stream):
Traceback (most recent call last):
  File "/fibus/fs2/02/cgk3480/.conda/envs/churn-env/lib/python3.11/site-packages/git/cmd.py", line 157, in pump_stream
    for line in stream:
ValueError: PyMemoryView_FromBuffer(): info->buf must not be NULL

The above exception was the direct cause of the following exception:

Traceback (most recent call last):
  File "/fibus/fs2/02/cgk3480/.conda/envs/churn-env/lib/python3.11/threading.py", line 1045, in _bootstrap_inner
    self.run()
  File "/fibus/fs2/02/cgk3480/.conda/envs/churn-env/lib/python3.11/threading.py", line 982, in run
    self._target(*self._args, **self._kwargs)
  File "/fibus/fs2/02/cgk3480/.conda/envs/churn-env/lib/python3.11/site-packages/git/cmd.py", line 170, in pump_stream
    raise CommandError([f"<{name}-pump>"] + remove_password_if_present(cmdline), ex) from ex
git.exc.CommandError: Cmd('<stdout-pump>') failed due to: ValueError('PyMemoryView_FromBuffer(): info->buf must not be NULL')
  cmdline: <stdout-pump> git diff-tree 59120e06101db72442acf4c8b364a0c76d8faa68 4ffe722eefcb07c76701f03e0d759fbaecedf79f -r --abbrev=40 --full-index -M -p --no-ext-diff --no-color
Pumping 'stdout' of cmd(['git', 'diff-tree', '36b96fdc6b2dc6f4a0fedc563fa7508c91b90a10', '99c4e3b96c797f047be4e6b7c03cfca01959f146', '-r', '--abbrev=40', '--full-index', '-M', '-p', '--no-ext-diff', '--no-color']) failed due to: ValueError('PyMemoryView_FromBuffer(): info->buf must not be NULL')
Exception in thread Thread-419 (pump_stream):
Traceback (most recent call last):
  File "/fibus/fs2/02/cgk3480/.conda/envs/churn-env/lib/python3.11/site-packages/git/cmd.py", line 157, in pump_stream
    for line in stream:
ValueError: PyMemoryView_FromBuffer(): info->buf must not be NULL

The above exception was the direct cause of the following exception:

Traceback (most recent call last):
  File "/fibus/fs2/02/cgk3480/.conda/envs/churn-env/lib/python3.11/threading.py", line 1045, in _bootstrap_inner
    self.run()
  File "/fibus/fs2/02/cgk3480/.conda/envs/churn-env/lib/python3.11/threading.py", line 982, in run
    self._target(*self._args, **self._kwargs)
  File "/fibus/fs2/02/cgk3480/.conda/envs/churn-env/lib/python3.11/site-packages/git/cmd.py", line 170, in pump_stream
    raise CommandError([f"<{name}-pump>"] + remove_password_if_present(cmdline), ex) from ex
git.exc.CommandError: Cmd('<stdout-pump>') failed due to: ValueError('PyMemoryView_FromBuffer(): info->buf must not be NULL')
  cmdline: <stdout-pump> git diff-tree 36b96fdc6b2dc6f4a0fedc563fa7508c91b90a10 99c4e3b96c797f047be4e6b7c03cfca01959f146 -r --abbrev=40 --full-index -M -p --no-ext-diff --no-color
Pumping 'stdout' of cmd(['git', 'diff-tree', '457e7a135cbf0a0b5ed2717c192c0c57112c3b32', '5fee36095cda45d34555aed3a2e8973b80cd6bf8', '-r', '--abbrev=40', '--full-index', '-M', '-p', '--no-ext-diff', '--no-color']) failed due to: ValueError('PyMemoryView_FromBuffer(): info->buf must not be NULL')
Exception in thread Thread-355 (pump_stream):
Traceback (most recent call last):
  File "/fibus/fs2/02/cgk3480/.conda/envs/churn-env/lib/python3.11/site-packages/git/cmd.py", line 157, in pump_stream
    for line in stream:
ValueError: PyMemoryView_FromBuffer(): info->buf must not be NULL

The above exception was the direct cause of the following exception:

Traceback (most recent call last):
  File "/fibus/fs2/02/cgk3480/.conda/envs/churn-env/lib/python3.11/threading.py", line 1045, in _bootstrap_inner
    self.run()
  File "/fibus/fs2/02/cgk3480/.conda/envs/churn-env/lib/python3.11/threading.py", line 982, in run
    self._target(*self._args, **self._kwargs)
  File "/fibus/fs2/02/cgk3480/.conda/envs/churn-env/lib/python3.11/site-packages/git/cmd.py", line 170, in pump_stream
    raise CommandError([f"<{name}-pump>"] + remove_password_if_present(cmdline), ex) from ex
git.exc.CommandError: Cmd('<stdout-pump>') failed due to: ValueError('PyMemoryView_FromBuffer(): info->buf must not be NULL')
  cmdline: <stdout-pump> git diff-tree 457e7a135cbf0a0b5ed2717c192c0c57112c3b32 5fee36095cda45d34555aed3a2e8973b80cd6bf8 -r --abbrev=40 --full-index -M -p --no-ext-diff --no-color
Pumping 'stdout' of cmd(['git', 'diff-tree', 'e28edc46b8e29d2a4c10263cd7769e657582fff4', '02b69b284cd7815239fabfe895bfef9a9eb5a3ce', '-r', '--abbrev=40', '--full-index', '-M', '-p', '--no-ext-diff', '--no-color']) failed due to: ValueError('PyMemoryView_FromBuffer(): info->buf must not be NULL')
Exception in thread Thread-367 (pump_stream):
Traceback (most recent call last):
  File "/fibus/fs2/02/cgk3480/.conda/envs/churn-env/lib/python3.11/site-packages/git/cmd.py", line 157, in pump_stream
Pumping 'stdout' of cmd(['git', 'diff-tree', '805245071240ae480503af29c7e31d2d7ff5c7f8', '255490f9150da7c6dabe468f3a877b92fd0f02c1', '-r', '--abbrev=40', '--full-index', '-M', '-p', '--no-ext-diff', '--no-color']) failed due to: ValueError('PyMemoryView_FromBuffer(): info->buf must not be NULL')
    for line in stream:
ValueError: PyMemoryView_FromBuffer(): info->buf must not be NULL

Exception in thread Thread-413 (pump_stream):
The above exception was the direct cause of the following exception:
Traceback (most recent call last):

  File "/fibus/fs2/02/cgk3480/.conda/envs/churn-env/lib/python3.11/site-packages/git/cmd.py", line 157, in pump_stream
Traceback (most recent call last):
  File "/fibus/fs2/02/cgk3480/.conda/envs/churn-env/lib/python3.11/threading.py", line 1045, in _bootstrap_inner
    for line in stream:
ValueError: PyMemoryView_FromBuffer(): info->buf must not be NULL

The above exception was the direct cause of the following exception:

Traceback (most recent call last):
  File "/fibus/fs2/02/cgk3480/.conda/envs/churn-env/lib/python3.11/threading.py", line 1045, in _bootstrap_inner
    self.run()
  File "/fibus/fs2/02/cgk3480/.conda/envs/churn-env/lib/python3.11/threading.py", line 982, in run
    self.run()
  File "/fibus/fs2/02/cgk3480/.conda/envs/churn-env/lib/python3.11/threading.py", line 982, in run
    self._target(*self._args, **self._kwargs)
  File "/fibus/fs2/02/cgk3480/.conda/envs/churn-env/lib/python3.11/site-packages/git/cmd.py", line 170, in pump_stream
    self._target(*self._args, **self._kwargs)
  File "/fibus/fs2/02/cgk3480/.conda/envs/churn-env/lib/python3.11/site-packages/git/cmd.py", line 170, in pump_stream
    raise CommandError([f"<{name}-pump>"] + remove_password_if_present(cmdline), ex) from ex
git.exc.CommandError: Cmd('<stdout-pump>') failed due to: ValueError('PyMemoryView_FromBuffer(): info->buf must not be NULL')
  cmdline: <stdout-pump> git diff-tree e28edc46b8e29d2a4c10263cd7769e657582fff4 02b69b284cd7815239fabfe895bfef9a9eb5a3ce -r --abbrev=40 --full-index -M -p --no-ext-diff --no-color
    raise CommandError([f"<{name}-pump>"] + remove_password_if_present(cmdline), ex) from ex
git.exc.CommandError: Cmd('<stdout-pump>') failed due to: ValueError('PyMemoryView_FromBuffer(): info->buf must not be NULL')
  cmdline: <stdout-pump> git diff-tree 805245071240ae480503af29c7e31d2d7ff5c7f8 255490f9150da7c6dabe468f3a877b92fd0f02c1 -r --abbrev=40 --full-index -M -p --no-ext-diff --no-color
Pumping 'stdout' of cmd(['git', 'diff-tree', 'b1bdcb59b64f806ef08d25a85c39ffb3ad841ce6', '374d1b5a81f7f9cc5e7f095ac3d5aff3f6600376', '-r', '--abbrev=40', '--full-index', '-M', '-p', '--no-ext-diff', '--no-color']) failed due to: ValueError('PyMemoryView_FromBuffer(): info->buf must not be NULL')
Exception in thread Thread-393 (pump_stream):
Traceback (most recent call last):
  File "/fibus/fs2/02/cgk3480/.conda/envs/churn-env/lib/python3.11/site-packages/git/cmd.py", line 157, in pump_stream
    for line in stream:
ValueError: PyMemoryView_FromBuffer(): info->buf must not be NULL

The above exception was the direct cause of the following exception:

Traceback (most recent call last):
  File "/fibus/fs2/02/cgk3480/.conda/envs/churn-env/lib/python3.11/threading.py", line 1045, in _bootstrap_inner
    self.run()
  File "/fibus/fs2/02/cgk3480/.conda/envs/churn-env/lib/python3.11/threading.py", line 982, in run
    self._target(*self._args, **self._kwargs)
  File "/fibus/fs2/02/cgk3480/.conda/envs/churn-env/lib/python3.11/site-packages/git/cmd.py", line 170, in pump_stream
    raise CommandError([f"<{name}-pump>"] + remove_password_if_present(cmdline), ex) from ex
git.exc.CommandError: Cmd('<stdout-pump>') failed due to: ValueError('PyMemoryView_FromBuffer(): info->buf must not be NULL')
  cmdline: <stdout-pump> git diff-tree b1bdcb59b64f806ef08d25a85c39ffb3ad841ce6 374d1b5a81f7f9cc5e7f095ac3d5aff3f6600376 -r --abbrev=40 --full-index -M -p --no-ext-diff --no-color
Pumping 'stdout' of cmd(['git', 'diff-tree', '273de02ae7d828d72d66eb5fce181e1f3f96d0cd', '404eb77ea766260c45cb05c4a8043b13bd7142d5', '-r', '--abbrev=40', '--full-index', '-M', '-p', '--no-ext-diff', '--no-color']) failed due to: ValueError('PyMemoryView_FromBuffer(): info->buf must not be NULL')
Exception in thread Thread-419 (pump_stream):
Traceback (most recent call last):
  File "/fibus/fs2/02/cgk3480/.conda/envs/churn-env/lib/python3.11/site-packages/git/cmd.py", line 157, in pump_stream
    for line in stream:
ValueError: PyMemoryView_FromBuffer(): info->buf must not be NULL

The above exception was the direct cause of the following exception:

Traceback (most recent call last):
  File "/fibus/fs2/02/cgk3480/.conda/envs/churn-env/lib/python3.11/threading.py", line 1045, in _bootstrap_inner
    self.run()
  File "/fibus/fs2/02/cgk3480/.conda/envs/churn-env/lib/python3.11/threading.py", line 982, in run
    self._target(*self._args, **self._kwargs)
  File "/fibus/fs2/02/cgk3480/.conda/envs/churn-env/lib/python3.11/site-packages/git/cmd.py", line 170, in pump_stream
    raise CommandError([f"<{name}-pump>"] + remove_password_if_present(cmdline), ex) from ex
git.exc.CommandError: Cmd('<stdout-pump>') failed due to: ValueError('PyMemoryView_FromBuffer(): info->buf must not be NULL')
  cmdline: <stdout-pump> git diff-tree 273de02ae7d828d72d66eb5fce181e1f3f96d0cd 404eb77ea766260c45cb05c4a8043b13bd7142d5 -r --abbrev=40 --full-index -M -p --no-ext-diff --no-color
Pumping 'stdout' of cmd(['git', 'diff-tree', 'e219440da0c3a63b3cec23d08473436ae7d95fa6', '76091b0fb60970f610b7ba2d886cd7fb95c5eb2e', '-r', '--abbrev=40', '--full-index', '-M', '-p', '--no-ext-diff', '--no-color']) failed due to: ValueError('PyMemoryView_FromBuffer(): info->buf must not be NULL')
Exception in thread Thread-433 (pump_stream):
Traceback (most recent call last):
  File "/fibus/fs2/02/cgk3480/.conda/envs/churn-env/lib/python3.11/site-packages/git/cmd.py", line 157, in pump_stream
    for line in stream:
ValueError: PyMemoryView_FromBuffer(): info->buf must not be NULL

The above exception was the direct cause of the following exception:

Traceback (most recent call last):
  File "/fibus/fs2/02/cgk3480/.conda/envs/churn-env/lib/python3.11/threading.py", line 1045, in _bootstrap_inner
    self.run()
  File "/fibus/fs2/02/cgk3480/.conda/envs/churn-env/lib/python3.11/threading.py", line 982, in run
    self._target(*self._args, **self._kwargs)
  File "/fibus/fs2/02/cgk3480/.conda/envs/churn-env/lib/python3.11/site-packages/git/cmd.py", line 170, in pump_stream
    raise CommandError([f"<{name}-pump>"] + remove_password_if_present(cmdline), ex) from ex
git.exc.CommandError: Cmd('<stdout-pump>') failed due to: ValueError('PyMemoryView_FromBuffer(): info->buf must not be NULL')
  cmdline: <stdout-pump> git diff-tree e219440da0c3a63b3cec23d08473436ae7d95fa6 76091b0fb60970f610b7ba2d886cd7fb95c5eb2e -r --abbrev=40 --full-index -M -p --no-ext-diff --no-color
Pumping 'stdout' of cmd(['git', 'diff-tree', 'dafb7d1bd07f61cbaf963345d4ed1c89923e6782', 'a3e2940c24d319558dcb7cb7736de9c814be7c7b', '-r', '--abbrev=40', '--full-index', '-M', '-p', '--no-ext-diff', '--no-color']) failed due to: ValueError('PyMemoryView_FromBuffer(): info->buf must not be NULL')
Exception in thread Thread-463 (pump_stream):
Traceback (most recent call last):
  File "/fibus/fs2/02/cgk3480/.conda/envs/churn-env/lib/python3.11/site-packages/git/cmd.py", line 157, in pump_stream
    for line in stream:
ValueError: PyMemoryView_FromBuffer(): info->buf must not be NULL

The above exception was the direct cause of the following exception:

Traceback (most recent call last):
  File "/fibus/fs2/02/cgk3480/.conda/envs/churn-env/lib/python3.11/threading.py", line 1045, in _bootstrap_inner
    self.run()
  File "/fibus/fs2/02/cgk3480/.conda/envs/churn-env/lib/python3.11/threading.py", line 982, in run
    self._target(*self._args, **self._kwargs)
  File "/fibus/fs2/02/cgk3480/.conda/envs/churn-env/lib/python3.11/site-packages/git/cmd.py", line 170, in pump_stream
    raise CommandError([f"<{name}-pump>"] + remove_password_if_present(cmdline), ex) from ex
git.exc.CommandError: Cmd('<stdout-pump>') failed due to: ValueError('PyMemoryView_FromBuffer(): info->buf must not be NULL')
  cmdline: <stdout-pump> git diff-tree dafb7d1bd07f61cbaf963345d4ed1c89923e6782 a3e2940c24d319558dcb7cb7736de9c814be7c7b -r --abbrev=40 --full-index -M -p --no-ext-diff --no-color
Pumping 'stdout' of cmd(['git', 'diff-tree', 'ebbbe23fdf6070e31509638df3321688358cc211', '58ebb1c8b35a8ef38cd6927431e0fa7b173a632d', '-r', '--abbrev=40', '--full-index', '-M', '-p', '--no-ext-diff', '--no-color']) failed due to: ValueError('PyMemoryView_FromBuffer(): info->buf must not be NULL')
Exception in thread Thread-443 (pump_stream):
Traceback (most recent call last):
  File "/fibus/fs2/02/cgk3480/.conda/envs/churn-env/lib/python3.11/site-packages/git/cmd.py", line 157, in pump_stream
    for line in stream:
ValueError: PyMemoryView_FromBuffer(): info->buf must not be NULL

The above exception was the direct cause of the following exception:

Traceback (most recent call last):
  File "/fibus/fs2/02/cgk3480/.conda/envs/churn-env/lib/python3.11/threading.py", line 1045, in _bootstrap_inner
    self.run()
  File "/fibus/fs2/02/cgk3480/.conda/envs/churn-env/lib/python3.11/threading.py", line 982, in run
    self._target(*self._args, **self._kwargs)
  File "/fibus/fs2/02/cgk3480/.conda/envs/churn-env/lib/python3.11/site-packages/git/cmd.py", line 170, in pump_stream
    raise CommandError([f"<{name}-pump>"] + remove_password_if_present(cmdline), ex) from ex
git.exc.CommandError: Cmd('<stdout-pump>') failed due to: ValueError('PyMemoryView_FromBuffer(): info->buf must not be NULL')
  cmdline: <stdout-pump> git diff-tree ebbbe23fdf6070e31509638df3321688358cc211 58ebb1c8b35a8ef38cd6927431e0fa7b173a632d -r --abbrev=40 --full-index -M -p --no-ext-diff --no-color
Pumping 'stdout' of cmd(['git', 'diff-tree', '32e24930fb71c47a1366325b6f139e039cacaca4', '73e06865ead1bec8d1c179e1c647dc77adde9116', '-r', '--abbrev=40', '--full-index', '-M', '-p', '--no-ext-diff', '--no-color']) failed due to: ValueError('PyMemoryView_FromBuffer(): info->buf must not be NULL')
Exception in thread Thread-349 (pump_stream):
Traceback (most recent call last):
  File "/fibus/fs2/02/cgk3480/.conda/envs/churn-env/lib/python3.11/site-packages/git/cmd.py", line 157, in pump_stream
    for line in stream:
ValueError: PyMemoryView_FromBuffer(): info->buf must not be NULL

The above exception was the direct cause of the following exception:

Traceback (most recent call last):
  File "/fibus/fs2/02/cgk3480/.conda/envs/churn-env/lib/python3.11/threading.py", line 1045, in _bootstrap_inner
    self.run()
  File "/fibus/fs2/02/cgk3480/.conda/envs/churn-env/lib/python3.11/threading.py", line 982, in run
    self._target(*self._args, **self._kwargs)
  File "/fibus/fs2/02/cgk3480/.conda/envs/churn-env/lib/python3.11/site-packages/git/cmd.py", line 170, in pump_stream
    raise CommandError([f"<{name}-pump>"] + remove_password_if_present(cmdline), ex) from ex
git.exc.CommandError: Cmd('<stdout-pump>') failed due to: ValueError('PyMemoryView_FromBuffer(): info->buf must not be NULL')
  cmdline: <stdout-pump> git diff-tree 32e24930fb71c47a1366325b6f139e039cacaca4 73e06865ead1bec8d1c179e1c647dc77adde9116 -r --abbrev=40 --full-index -M -p --no-ext-diff --no-color
Pumping 'stdout' of cmd(['git', 'diff-tree', '4b9ee772eaa82188b0eb8e05bdd1707c2a992004', '7e4fdeafa61f2b653fcf9678f09935e55756aed2', '-r', '--abbrev=40', '--full-index', '-M', '-p', '--no-ext-diff', '--no-color']) failed due to: ValueError('PyMemoryView_FromBuffer(): info->buf must not be NULL')
Exception in thread Thread-429 (pump_stream):
Traceback (most recent call last):
  File "/fibus/fs2/02/cgk3480/.conda/envs/churn-env/lib/python3.11/site-packages/git/cmd.py", line 157, in pump_stream
    for line in stream:
ValueError: PyMemoryView_FromBuffer(): info->buf must not be NULL

The above exception was the direct cause of the following exception:

Traceback (most recent call last):
  File "/fibus/fs2/02/cgk3480/.conda/envs/churn-env/lib/python3.11/threading.py", line 1045, in _bootstrap_inner
    self.run()
  File "/fibus/fs2/02/cgk3480/.conda/envs/churn-env/lib/python3.11/threading.py", line 982, in run
    self._target(*self._args, **self._kwargs)
  File "/fibus/fs2/02/cgk3480/.conda/envs/churn-env/lib/python3.11/site-packages/git/cmd.py", line 170, in pump_stream
    raise CommandError([f"<{name}-pump>"] + remove_password_if_present(cmdline), ex) from ex
git.exc.CommandError: Cmd('<stdout-pump>') failed due to: ValueError('PyMemoryView_FromBuffer(): info->buf must not be NULL')
  cmdline: <stdout-pump> git diff-tree 4b9ee772eaa82188b0eb8e05bdd1707c2a992004 7e4fdeafa61f2b653fcf9678f09935e55756aed2 -r --abbrev=40 --full-index -M -p --no-ext-diff --no-color
Pumping 'stdout' of cmd(['git', 'diff-tree', '442f06067f155aeb35696cf59f4f458ee7da83a8', 'cc40b04c08400d86d2d6ea0159e0617e717f729c', '-r', '--abbrev=40', '--full-index', '-M', '-p', '--no-ext-diff', '--no-color']) failed due to: ValueError('PyMemoryView_FromBuffer(): info->buf must not be NULL')
Exception in thread Thread-495 (pump_stream):
Traceback (most recent call last):
  File "/fibus/fs2/02/cgk3480/.conda/envs/churn-env/lib/python3.11/site-packages/git/cmd.py", line 157, in pump_stream
    for line in stream:
ValueError: PyMemoryView_FromBuffer(): info->buf must not be NULL

The above exception was the direct cause of the following exception:

Traceback (most recent call last):
  File "/fibus/fs2/02/cgk3480/.conda/envs/churn-env/lib/python3.11/threading.py", line 1045, in _bootstrap_inner
    self.run()
  File "/fibus/fs2/02/cgk3480/.conda/envs/churn-env/lib/python3.11/threading.py", line 982, in run
    self._target(*self._args, **self._kwargs)
  File "/fibus/fs2/02/cgk3480/.conda/envs/churn-env/lib/python3.11/site-packages/git/cmd.py", line 170, in pump_stream
    raise CommandError([f"<{name}-pump>"] + remove_password_if_present(cmdline), ex) from ex
git.exc.CommandError: Cmd('<stdout-pump>') failed due to: ValueError('PyMemoryView_FromBuffer(): info->buf must not be NULL')
  cmdline: <stdout-pump> git diff-tree 442f06067f155aeb35696cf59f4f458ee7da83a8 cc40b04c08400d86d2d6ea0159e0617e717f729c -r --abbrev=40 --full-index -M -p --no-ext-diff --no-color
Pumping 'stdout' of cmd(['git', 'diff-tree', 'a0d56cb911ca301de81735f1d73c2aab424654ba', '8a3dca632538c550930ce8bafa8c906b130d35cf', '-r', '--abbrev=40', '--full-index', '-M', '-p', '--no-ext-diff', '--no-color']) failed due to: ValueError('PyMemoryView_FromBuffer(): info->buf must not be NULL')
Exception in thread Thread-467 (pump_stream):
Traceback (most recent call last):
  File "/fibus/fs2/02/cgk3480/.conda/envs/churn-env/lib/python3.11/site-packages/git/cmd.py", line 157, in pump_stream
    for line in stream:
ValueError: PyMemoryView_FromBuffer(): info->buf must not be NULL

The above exception was the direct cause of the following exception:

Traceback (most recent call last):
  File "/fibus/fs2/02/cgk3480/.conda/envs/churn-env/lib/python3.11/threading.py", line 1045, in _bootstrap_inner
    self.run()
  File "/fibus/fs2/02/cgk3480/.conda/envs/churn-env/lib/python3.11/threading.py", line 982, in run
    self._target(*self._args, **self._kwargs)
  File "/fibus/fs2/02/cgk3480/.conda/envs/churn-env/lib/python3.11/site-packages/git/cmd.py", line 170, in pump_stream
    raise CommandError([f"<{name}-pump>"] + remove_password_if_present(cmdline), ex) from ex
git.exc.CommandError: Cmd('<stdout-pump>') failed due to: ValueError('PyMemoryView_FromBuffer(): info->buf must not be NULL')
  cmdline: <stdout-pump> git diff-tree a0d56cb911ca301de81735f1d73c2aab424654ba 8a3dca632538c550930ce8bafa8c906b130d35cf -r --abbrev=40 --full-index -M -p --no-ext-diff --no-color
Pumping 'stdout' of cmd(['git', 'diff-tree', 'deab6b1cd9789bb9bd466d5e76aecb8b336259b4', '49f885b2d97093451410e7279aa29d81e094e108', '-r', '--abbrev=40', '--full-index', '-M', '-p', '--no-ext-diff', '--no-color']) failed due to: ValueError('PyMemoryView_FromBuffer(): info->buf must not be NULL')
Exception in thread Thread-487 (pump_stream):
Traceback (most recent call last):
  File "/fibus/fs2/02/cgk3480/.conda/envs/churn-env/lib/python3.11/site-packages/git/cmd.py", line 157, in pump_stream
    for line in stream:
ValueError: PyMemoryView_FromBuffer(): info->buf must not be NULL

The above exception was the direct cause of the following exception:

Traceback (most recent call last):
  File "/fibus/fs2/02/cgk3480/.conda/envs/churn-env/lib/python3.11/threading.py", line 1045, in _bootstrap_inner
    self.run()
  File "/fibus/fs2/02/cgk3480/.conda/envs/churn-env/lib/python3.11/threading.py", line 982, in run
    self._target(*self._args, **self._kwargs)
  File "/fibus/fs2/02/cgk3480/.conda/envs/churn-env/lib/python3.11/site-packages/git/cmd.py", line 170, in pump_stream
    raise CommandError([f"<{name}-pump>"] + remove_password_if_present(cmdline), ex) from ex
git.exc.CommandError: Cmd('<stdout-pump>') failed due to: ValueError('PyMemoryView_FromBuffer(): info->buf must not be NULL')
  cmdline: <stdout-pump> git diff-tree deab6b1cd9789bb9bd466d5e76aecb8b336259b4 49f885b2d97093451410e7279aa29d81e094e108 -r --abbrev=40 --full-index -M -p --no-ext-diff --no-color
Pumping 'stdout' of cmd(['git', 'diff-tree', 'fa3722f6496640b472bed1613e76da325211d757', '5b2eff59160e017c6091ecda1ee2c84f8c914143', '-r', '--abbrev=40', '--full-index', '-M', '-p', '--no-ext-diff', '--no-color']) failed due to: ValueError('PyMemoryView_FromBuffer(): info->buf must not be NULL')
Exception in thread Thread-437 (pump_stream):
Traceback (most recent call last):
  File "/fibus/fs2/02/cgk3480/.conda/envs/churn-env/lib/python3.11/site-packages/git/cmd.py", line 157, in pump_stream
    for line in stream:
ValueError: PyMemoryView_FromBuffer(): info->buf must not be NULL

The above exception was the direct cause of the following exception:

Traceback (most recent call last):
  File "/fibus/fs2/02/cgk3480/.conda/envs/churn-env/lib/python3.11/threading.py", line 1045, in _bootstrap_inner
    self.run()
  File "/fibus/fs2/02/cgk3480/.conda/envs/churn-env/lib/python3.11/threading.py", line 982, in run
    self._target(*self._args, **self._kwargs)
  File "/fibus/fs2/02/cgk3480/.conda/envs/churn-env/lib/python3.11/site-packages/git/cmd.py", line 170, in pump_stream
    raise CommandError([f"<{name}-pump>"] + remove_password_if_present(cmdline), ex) from ex
git.exc.CommandError: Cmd('<stdout-pump>') failed due to: ValueError('PyMemoryView_FromBuffer(): info->buf must not be NULL')
  cmdline: <stdout-pump> git diff-tree fa3722f6496640b472bed1613e76da325211d757 5b2eff59160e017c6091ecda1ee2c84f8c914143 -r --abbrev=40 --full-index -M -p --no-ext-diff --no-color
Pumping 'stdout' of cmd(['git', 'diff-tree', '8800cd031af085807028656c6ba7eb7908d78262', 'd08489125e04a9f73d9323caea43270fd22d395f', '-r', '--abbrev=40', '--full-index', '-M', '-p', '--no-ext-diff', '--no-color']) failed due to: ValueError('PyMemoryView_FromBuffer(): info->buf must not be NULL')
Exception in thread Thread-393 (pump_stream):
Traceback (most recent call last):
  File "/fibus/fs2/02/cgk3480/.conda/envs/churn-env/lib/python3.11/site-packages/git/cmd.py", line 157, in pump_stream
    for line in stream:
ValueError: PyMemoryView_FromBuffer(): info->buf must not be NULL

The above exception was the direct cause of the following exception:

Traceback (most recent call last):
  File "/fibus/fs2/02/cgk3480/.conda/envs/churn-env/lib/python3.11/threading.py", line 1045, in _bootstrap_inner
    self.run()
  File "/fibus/fs2/02/cgk3480/.conda/envs/churn-env/lib/python3.11/threading.py", line 982, in run
    self._target(*self._args, **self._kwargs)
  File "/fibus/fs2/02/cgk3480/.conda/envs/churn-env/lib/python3.11/site-packages/git/cmd.py", line 170, in pump_stream
    raise CommandError([f"<{name}-pump>"] + remove_password_if_present(cmdline), ex) from ex
git.exc.CommandError: Cmd('<stdout-pump>') failed due to: ValueError('PyMemoryView_FromBuffer(): info->buf must not be NULL')
  cmdline: <stdout-pump> git diff-tree 8800cd031af085807028656c6ba7eb7908d78262 d08489125e04a9f73d9323caea43270fd22d395f -r --abbrev=40 --full-index -M -p --no-ext-diff --no-color
Pumping 'stdout' of cmd(['git', 'diff-tree', '95d686517884a403412b000361cee2b08b2ed1e6', 'e274f71540082b015568eaf0b08ec70ac08dc4ad', '-r', '--abbrev=40', '--full-index', '-M', '-p', '--no-ext-diff', '--no-color']) failed due to: ValueError('PyMemoryView_FromBuffer(): info->buf must not be NULL')
Exception in thread Thread-389 (pump_stream):
Traceback (most recent call last):
  File "/fibus/fs2/02/cgk3480/.conda/envs/churn-env/lib/python3.11/site-packages/git/cmd.py", line 157, in pump_stream
    for line in stream:
ValueError: PyMemoryView_FromBuffer(): info->buf must not be NULL

The above exception was the direct cause of the following exception:

Traceback (most recent call last):
  File "/fibus/fs2/02/cgk3480/.conda/envs/churn-env/lib/python3.11/threading.py", line 1045, in _bootstrap_inner
    self.run()
  File "/fibus/fs2/02/cgk3480/.conda/envs/churn-env/lib/python3.11/threading.py", line 982, in run
    self._target(*self._args, **self._kwargs)
  File "/fibus/fs2/02/cgk3480/.conda/envs/churn-env/lib/python3.11/site-packages/git/cmd.py", line 170, in pump_stream
    raise CommandError([f"<{name}-pump>"] + remove_password_if_present(cmdline), ex) from ex
git.exc.CommandError: Cmd('<stdout-pump>') failed due to: ValueError('PyMemoryView_FromBuffer(): info->buf must not be NULL')
  cmdline: <stdout-pump> git diff-tree 95d686517884a403412b000361cee2b08b2ed1e6 e274f71540082b015568eaf0b08ec70ac08dc4ad -r --abbrev=40 --full-index -M -p --no-ext-diff --no-color
Pumping 'stdout' of cmd(['git', 'diff-tree', 'c6f4075e2f14a91f2180c98bc7715946f791cbe6', 'ea010070d0a7497253d5a6f919f6dd107450b31a', '-r', '--abbrev=40', '--full-index', '-M', '-p', '--no-ext-diff', '--no-color']) failed due to: ValueError('PyMemoryView_FromBuffer(): info->buf must not be NULL')
Exception in thread Thread-405 (pump_stream):
Traceback (most recent call last):
  File "/fibus/fs2/02/cgk3480/.conda/envs/churn-env/lib/python3.11/site-packages/git/cmd.py", line 157, in pump_stream
    for line in stream:
ValueError: PyMemoryView_FromBuffer(): info->buf must not be NULL

The above exception was the direct cause of the following exception:

Traceback (most recent call last):
  File "/fibus/fs2/02/cgk3480/.conda/envs/churn-env/lib/python3.11/threading.py", line 1045, in _bootstrap_inner
    self.run()
  File "/fibus/fs2/02/cgk3480/.conda/envs/churn-env/lib/python3.11/threading.py", line 982, in run
    self._target(*self._args, **self._kwargs)
  File "/fibus/fs2/02/cgk3480/.conda/envs/churn-env/lib/python3.11/site-packages/git/cmd.py", line 170, in pump_stream
    raise CommandError([f"<{name}-pump>"] + remove_password_if_present(cmdline), ex) from ex
git.exc.CommandError: Cmd('<stdout-pump>') failed due to: ValueError('PyMemoryView_FromBuffer(): info->buf must not be NULL')
  cmdline: <stdout-pump> git diff-tree c6f4075e2f14a91f2180c98bc7715946f791cbe6 ea010070d0a7497253d5a6f919f6dd107450b31a -r --abbrev=40 --full-index -M -p --no-ext-diff --no-color
Pumping 'stdout' of cmd(['git', 'diff-tree', 'cadd64807cd83e2213dcb70f93d12d978c02b5fa', '12cc126df82c96c89706aa207ad27c56f219047c', '-r', '--abbrev=40', '--full-index', '-M', '-p', '--no-ext-diff', '--no-color']) failed due to: ValueError('PyMemoryView_FromBuffer(): info->buf must not be NULL')
Exception in thread Thread-443 (pump_stream):
Traceback (most recent call last):
  File "/fibus/fs2/02/cgk3480/.conda/envs/churn-env/lib/python3.11/site-packages/git/cmd.py", line 157, in pump_stream
    for line in stream:
ValueError: PyMemoryView_FromBuffer(): info->buf must not be NULL

The above exception was the direct cause of the following exception:

Traceback (most recent call last):
  File "/fibus/fs2/02/cgk3480/.conda/envs/churn-env/lib/python3.11/threading.py", line 1045, in _bootstrap_inner
    self.run()
  File "/fibus/fs2/02/cgk3480/.conda/envs/churn-env/lib/python3.11/threading.py", line 982, in run
    self._target(*self._args, **self._kwargs)
  File "/fibus/fs2/02/cgk3480/.conda/envs/churn-env/lib/python3.11/site-packages/git/cmd.py", line 170, in pump_stream
    raise CommandError([f"<{name}-pump>"] + remove_password_if_present(cmdline), ex) from ex
git.exc.CommandError: Cmd('<stdout-pump>') failed due to: ValueError('PyMemoryView_FromBuffer(): info->buf must not be NULL')
  cmdline: <stdout-pump> git diff-tree cadd64807cd83e2213dcb70f93d12d978c02b5fa 12cc126df82c96c89706aa207ad27c56f219047c -r --abbrev=40 --full-index -M -p --no-ext-diff --no-color
Pumping 'stdout' of cmd(['git', 'diff-tree', '90b6dbdf415e74b5a317f1d6069c48eb731a0b7a', 'bfb255428966e2ab2c406cf6c71d95e9e63241e4', '-r', '--abbrev=40', '--full-index', '-M', '-p', '--no-ext-diff', '--no-color']) failed due to: ValueError('PyMemoryView_FromBuffer(): info->buf must not be NULL')
Exception in thread Thread-449 (pump_stream):
Traceback (most recent call last):
  File "/fibus/fs2/02/cgk3480/.conda/envs/churn-env/lib/python3.11/site-packages/git/cmd.py", line 157, in pump_stream
    for line in stream:
ValueError: PyMemoryView_FromBuffer(): info->buf must not be NULL

The above exception was the direct cause of the following exception:

Traceback (most recent call last):
  File "/fibus/fs2/02/cgk3480/.conda/envs/churn-env/lib/python3.11/threading.py", line 1045, in _bootstrap_inner
    self.run()
  File "/fibus/fs2/02/cgk3480/.conda/envs/churn-env/lib/python3.11/threading.py", line 982, in run
    self._target(*self._args, **self._kwargs)
  File "/fibus/fs2/02/cgk3480/.conda/envs/churn-env/lib/python3.11/site-packages/git/cmd.py", line 170, in pump_stream
    raise CommandError([f"<{name}-pump>"] + remove_password_if_present(cmdline), ex) from ex
git.exc.CommandError: Cmd('<stdout-pump>') failed due to: ValueError('PyMemoryView_FromBuffer(): info->buf must not be NULL')
  cmdline: <stdout-pump> git diff-tree 90b6dbdf415e74b5a317f1d6069c48eb731a0b7a bfb255428966e2ab2c406cf6c71d95e9e63241e4 -r --abbrev=40 --full-index -M -p --no-ext-diff --no-color
Pumping 'stdout' of cmd(['git', 'diff-tree', '621e84d6f373dcb273ebfd772638b8e7dc3c2c48', '5e6700b3bf98fe98d630bf9c939ad4c85ce95592', '-r', '--abbrev=40', '--full-index', '-M', '-p', '--no-ext-diff', '--no-color']) failed due to: ValueError('PyMemoryView_FromBuffer(): info->buf must not be NULL')
Exception in thread Thread-375 (pump_stream):
Traceback (most recent call last):
  File "/fibus/fs2/02/cgk3480/.conda/envs/churn-env/lib/python3.11/site-packages/git/cmd.py", line 157, in pump_stream
    for line in stream:
ValueError: PyMemoryView_FromBuffer(): info->buf must not be NULL

The above exception was the direct cause of the following exception:

Traceback (most recent call last):
  File "/fibus/fs2/02/cgk3480/.conda/envs/churn-env/lib/python3.11/threading.py", line 1045, in _bootstrap_inner
    self.run()
  File "/fibus/fs2/02/cgk3480/.conda/envs/churn-env/lib/python3.11/threading.py", line 982, in run
    self._target(*self._args, **self._kwargs)
  File "/fibus/fs2/02/cgk3480/.conda/envs/churn-env/lib/python3.11/site-packages/git/cmd.py", line 170, in pump_stream
    raise CommandError([f"<{name}-pump>"] + remove_password_if_present(cmdline), ex) from ex
git.exc.CommandError: Cmd('<stdout-pump>') failed due to: ValueError('PyMemoryView_FromBuffer(): info->buf must not be NULL')
  cmdline: <stdout-pump> git diff-tree 621e84d6f373dcb273ebfd772638b8e7dc3c2c48 5e6700b3bf98fe98d630bf9c939ad4c85ce95592 -r --abbrev=40 --full-index -M -p --no-ext-diff --no-color
Pumping 'stdout' of cmd(['git', 'diff-tree', '50f4c7b73f831a53fa9ddeb9bdf4cfb5b23d3aa7', 'c5136b15ea364124299c8a9ba96b300e96061e3a', '-r', '--abbrev=40', '--full-index', '-M', '-p', '--no-ext-diff', '--no-color']) failed due to: ValueError('PyMemoryView_FromBuffer(): info->buf must not be NULL')
Exception in thread Thread-505 (pump_stream):
Traceback (most recent call last):
  File "/fibus/fs2/02/cgk3480/.conda/envs/churn-env/lib/python3.11/site-packages/git/cmd.py", line 157, in pump_stream
    for line in stream:
ValueError: PyMemoryView_FromBuffer(): info->buf must not be NULL

The above exception was the direct cause of the following exception:

Traceback (most recent call last):
  File "/fibus/fs2/02/cgk3480/.conda/envs/churn-env/lib/python3.11/threading.py", line 1045, in _bootstrap_inner
    self.run()
  File "/fibus/fs2/02/cgk3480/.conda/envs/churn-env/lib/python3.11/threading.py", line 982, in run
    self._target(*self._args, **self._kwargs)
  File "/fibus/fs2/02/cgk3480/.conda/envs/churn-env/lib/python3.11/site-packages/git/cmd.py", line 170, in pump_stream
    raise CommandError([f"<{name}-pump>"] + remove_password_if_present(cmdline), ex) from ex
git.exc.CommandError: Cmd('<stdout-pump>') failed due to: ValueError('PyMemoryView_FromBuffer(): info->buf must not be NULL')
  cmdline: <stdout-pump> git diff-tree 50f4c7b73f831a53fa9ddeb9bdf4cfb5b23d3aa7 c5136b15ea364124299c8a9ba96b300e96061e3a -r --abbrev=40 --full-index -M -p --no-ext-diff --no-color
Pumping 'stdout' of cmd(['git', 'diff-tree', 'ca6eaaa210deec0e41cbfc380bf89cf079203569', '7761e36bc7222d1221242c5f195ee0fd40caea40', '-r', '--abbrev=40', '--full-index', '-M', '-p', '--no-ext-diff', '--no-color']) failed due to: ValueError('PyMemoryView_FromBuffer(): info->buf must not be NULL')
Exception in thread Thread-465 (pump_stream):
Traceback (most recent call last):
  File "/fibus/fs2/02/cgk3480/.conda/envs/churn-env/lib/python3.11/site-packages/git/cmd.py", line 157, in pump_stream
    for line in stream:
ValueError: PyMemoryView_FromBuffer(): info->buf must not be NULL

The above exception was the direct cause of the following exception:

Traceback (most recent call last):
  File "/fibus/fs2/02/cgk3480/.conda/envs/churn-env/lib/python3.11/threading.py", line 1045, in _bootstrap_inner
    self.run()
  File "/fibus/fs2/02/cgk3480/.conda/envs/churn-env/lib/python3.11/threading.py", line 982, in run
    self._target(*self._args, **self._kwargs)
  File "/fibus/fs2/02/cgk3480/.conda/envs/churn-env/lib/python3.11/site-packages/git/cmd.py", line 170, in pump_stream
    raise CommandError([f"<{name}-pump>"] + remove_password_if_present(cmdline), ex) from ex
git.exc.CommandError: Cmd('<stdout-pump>') failed due to: ValueError('PyMemoryView_FromBuffer(): info->buf must not be NULL')
  cmdline: <stdout-pump> git diff-tree ca6eaaa210deec0e41cbfc380bf89cf079203569 7761e36bc7222d1221242c5f195ee0fd40caea40 -r --abbrev=40 --full-index -M -p --no-ext-diff --no-color
Pumping 'stdout' of cmd(['git', 'diff-tree', '2271db20e4b362405bacc0e4095df4177d38129e', '4552d128c26e0f0f27a5bd2fadc24092b8f6c1d7', '-r', '--abbrev=40', '--full-index', '-M', '-p', '--no-ext-diff', '--no-color']) failed due to: ValueError('PyMemoryView_FromBuffer(): info->buf must not be NULL')
Exception in thread Thread-421 (pump_stream):
Traceback (most recent call last):
  File "/fibus/fs2/02/cgk3480/.conda/envs/churn-env/lib/python3.11/site-packages/git/cmd.py", line 157, in pump_stream
    for line in stream:
ValueError: PyMemoryView_FromBuffer(): info->buf must not be NULL

The above exception was the direct cause of the following exception:

Traceback (most recent call last):
  File "/fibus/fs2/02/cgk3480/.conda/envs/churn-env/lib/python3.11/threading.py", line 1045, in _bootstrap_inner
    self.run()
  File "/fibus/fs2/02/cgk3480/.conda/envs/churn-env/lib/python3.11/threading.py", line 982, in run
    self._target(*self._args, **self._kwargs)
  File "/fibus/fs2/02/cgk3480/.conda/envs/churn-env/lib/python3.11/site-packages/git/cmd.py", line 170, in pump_stream
    raise CommandError([f"<{name}-pump>"] + remove_password_if_present(cmdline), ex) from ex
git.exc.CommandError: Cmd('<stdout-pump>') failed due to: ValueError('PyMemoryView_FromBuffer(): info->buf must not be NULL')
  cmdline: <stdout-pump> git diff-tree 2271db20e4b362405bacc0e4095df4177d38129e 4552d128c26e0f0f27a5bd2fadc24092b8f6c1d7 -r --abbrev=40 --full-index -M -p --no-ext-diff --no-color
Pumping 'stdout' of cmd(['git', 'diff-tree', '07a719f8fdbe4ae0f825fa1a6d2755a63deb265e', '6a03cd9843fa4dcf827dc3ad60fa9b4217f3057c', '-r', '--abbrev=40', '--full-index', '-M', '-p', '--no-ext-diff', '--no-color']) failed due to: ValueError('PyMemoryView_FromBuffer(): info->buf must not be NULL')
Exception in thread Thread-427 (pump_stream):
Traceback (most recent call last):
  File "/fibus/fs2/02/cgk3480/.conda/envs/churn-env/lib/python3.11/site-packages/git/cmd.py", line 157, in pump_stream
    for line in stream:
ValueError: PyMemoryView_FromBuffer(): info->buf must not be NULL

The above exception was the direct cause of the following exception:

Traceback (most recent call last):
  File "/fibus/fs2/02/cgk3480/.conda/envs/churn-env/lib/python3.11/threading.py", line 1045, in _bootstrap_inner
    self.run()
  File "/fibus/fs2/02/cgk3480/.conda/envs/churn-env/lib/python3.11/threading.py", line 982, in run
    self._target(*self._args, **self._kwargs)
  File "/fibus/fs2/02/cgk3480/.conda/envs/churn-env/lib/python3.11/site-packages/git/cmd.py", line 170, in pump_stream
    raise CommandError([f"<{name}-pump>"] + remove_password_if_present(cmdline), ex) from ex
git.exc.CommandError: Cmd('<stdout-pump>') failed due to: ValueError('PyMemoryView_FromBuffer(): info->buf must not be NULL')
  cmdline: <stdout-pump> git diff-tree 07a719f8fdbe4ae0f825fa1a6d2755a63deb265e 6a03cd9843fa4dcf827dc3ad60fa9b4217f3057c -r --abbrev=40 --full-index -M -p --no-ext-diff --no-color
Pumping 'stdout' of cmd(['git', 'diff-tree', '40ddb5376972a5a3ad6ae63239113cc27007b259', '6c2ec6adb2971072cfe06d1e9dd699e31772ba08', '-r', '--abbrev=40', '--full-index', '-M', '-p', '--no-ext-diff', '--no-color']) failed due to: ValueError('PyMemoryView_FromBuffer(): info->buf must not be NULL')
Exception in thread Thread-393 (pump_stream):
Traceback (most recent call last):
  File "/fibus/fs2/02/cgk3480/.conda/envs/churn-env/lib/python3.11/site-packages/git/cmd.py", line 157, in pump_stream
    for line in stream:
ValueError: PyMemoryView_FromBuffer(): info->buf must not be NULL

The above exception was the direct cause of the following exception:

Traceback (most recent call last):
  File "/fibus/fs2/02/cgk3480/.conda/envs/churn-env/lib/python3.11/threading.py", line 1045, in _bootstrap_inner
    self.run()
  File "/fibus/fs2/02/cgk3480/.conda/envs/churn-env/lib/python3.11/threading.py", line 982, in run
    self._target(*self._args, **self._kwargs)
  File "/fibus/fs2/02/cgk3480/.conda/envs/churn-env/lib/python3.11/site-packages/git/cmd.py", line 170, in pump_stream
    raise CommandError([f"<{name}-pump>"] + remove_password_if_present(cmdline), ex) from ex
git.exc.CommandError: Cmd('<stdout-pump>') failed due to: ValueError('PyMemoryView_FromBuffer(): info->buf must not be NULL')
  cmdline: <stdout-pump> git diff-tree 40ddb5376972a5a3ad6ae63239113cc27007b259 6c2ec6adb2971072cfe06d1e9dd699e31772ba08 -r --abbrev=40 --full-index -M -p --no-ext-diff --no-color
Pumping 'stdout' of cmd(['git', 'diff-tree', 'ae3a3918edf57bde7651964be04d0807cccae8f2', '06998d49bcac8a9df3341db99c5f81ae4ef51c84', '-r', '--abbrev=40', '--full-index', '-M', '-p', '--no-ext-diff', '--no-color']) failed due to: ValueError('PyMemoryView_FromBuffer(): info->buf must not be NULL')
Exception in thread Thread-443 (pump_stream):
Traceback (most recent call last):
  File "/fibus/fs2/02/cgk3480/.conda/envs/churn-env/lib/python3.11/site-packages/git/cmd.py", line 157, in pump_stream
    for line in stream:
ValueError: PyMemoryView_FromBuffer(): info->buf must not be NULL

The above exception was the direct cause of the following exception:

Traceback (most recent call last):
  File "/fibus/fs2/02/cgk3480/.conda/envs/churn-env/lib/python3.11/threading.py", line 1045, in _bootstrap_inner
    self.run()
  File "/fibus/fs2/02/cgk3480/.conda/envs/churn-env/lib/python3.11/threading.py", line 982, in run
    self._target(*self._args, **self._kwargs)
  File "/fibus/fs2/02/cgk3480/.conda/envs/churn-env/lib/python3.11/site-packages/git/cmd.py", line 170, in pump_stream
    raise CommandError([f"<{name}-pump>"] + remove_password_if_present(cmdline), ex) from ex
git.exc.CommandError: Cmd('<stdout-pump>') failed due to: ValueError('PyMemoryView_FromBuffer(): info->buf must not be NULL')
  cmdline: <stdout-pump> git diff-tree ae3a3918edf57bde7651964be04d0807cccae8f2 06998d49bcac8a9df3341db99c5f81ae4ef51c84 -r --abbrev=40 --full-index -M -p --no-ext-diff --no-color
Pumping 'stdout' of cmd(['git', 'diff-tree', '82a29bf9952acd1be7e76783604686abeb4e5b1d', 'dcbe0d84dfa5a3e72b8e6ce622cd5ac78abbcab8', '-r', '--abbrev=40', '--full-index', '-M', '-p', '--no-ext-diff', '--no-color']) failed due to: ValueError('PyMemoryView_FromBuffer(): info->buf must not be NULL')
Exception in thread Thread-405 (pump_stream):
Traceback (most recent call last):
  File "/fibus/fs2/02/cgk3480/.conda/envs/churn-env/lib/python3.11/site-packages/git/cmd.py", line 157, in pump_stream
    for line in stream:
ValueError: PyMemoryView_FromBuffer(): info->buf must not be NULL

The above exception was the direct cause of the following exception:

Traceback (most recent call last):
  File "/fibus/fs2/02/cgk3480/.conda/envs/churn-env/lib/python3.11/threading.py", line 1045, in _bootstrap_inner
    self.run()
  File "/fibus/fs2/02/cgk3480/.conda/envs/churn-env/lib/python3.11/threading.py", line 982, in run
    self._target(*self._args, **self._kwargs)
  File "/fibus/fs2/02/cgk3480/.conda/envs/churn-env/lib/python3.11/site-packages/git/cmd.py", line 170, in pump_stream
    raise CommandError([f"<{name}-pump>"] + remove_password_if_present(cmdline), ex) from ex
git.exc.CommandError: Cmd('<stdout-pump>') failed due to: ValueError('PyMemoryView_FromBuffer(): info->buf must not be NULL')
  cmdline: <stdout-pump> git diff-tree 82a29bf9952acd1be7e76783604686abeb4e5b1d dcbe0d84dfa5a3e72b8e6ce622cd5ac78abbcab8 -r --abbrev=40 --full-index -M -p --no-ext-diff --no-color
Pumping 'stdout' of cmd(['git', 'diff-tree', '31e7ad74f6044ffec112fd4975c07b797589d89c', '594fbe713bf60073ed884dc317a74dd5b327aba7', '-r', '--abbrev=40', '--full-index', '-M', '-p', '--no-ext-diff', '--no-color']) failed due to: ValueError('PyMemoryView_FromBuffer(): info->buf must not be NULL')
Exception in thread Thread-465 (pump_stream):
Traceback (most recent call last):
  File "/fibus/fs2/02/cgk3480/.conda/envs/churn-env/lib/python3.11/site-packages/git/cmd.py", line 157, in pump_stream
    for line in stream:
ValueError: PyMemoryView_FromBuffer(): info->buf must not be NULL

The above exception was the direct cause of the following exception:

Traceback (most recent call last):
  File "/fibus/fs2/02/cgk3480/.conda/envs/churn-env/lib/python3.11/threading.py", line 1045, in _bootstrap_inner
    self.run()
  File "/fibus/fs2/02/cgk3480/.conda/envs/churn-env/lib/python3.11/threading.py", line 982, in run
    self._target(*self._args, **self._kwargs)
  File "/fibus/fs2/02/cgk3480/.conda/envs/churn-env/lib/python3.11/site-packages/git/cmd.py", line 170, in pump_stream
    raise CommandError([f"<{name}-pump>"] + remove_password_if_present(cmdline), ex) from ex
git.exc.CommandError: Cmd('<stdout-pump>') failed due to: ValueError('PyMemoryView_FromBuffer(): info->buf must not be NULL')
  cmdline: <stdout-pump> git diff-tree 31e7ad74f6044ffec112fd4975c07b797589d89c 594fbe713bf60073ed884dc317a74dd5b327aba7 -r --abbrev=40 --full-index -M -p --no-ext-diff --no-color
Pumping 'stdout' of cmd(['git', 'diff-tree', 'c081d53f97a1a90a38e4296dd3d6fda5e38dca2c', 'e215dab1c49070cd75620afd801f777207a5b65c', '-r', '--abbrev=40', '--full-index', '-M', '-p', '--no-ext-diff', '--no-color']) failed due to: ValueError('PyMemoryView_FromBuffer(): info->buf must not be NULL')
Exception in thread Thread-425 (pump_stream):
Traceback (most recent call last):
  File "/fibus/fs2/02/cgk3480/.conda/envs/churn-env/lib/python3.11/site-packages/git/cmd.py", line 157, in pump_stream
    for line in stream:
ValueError: PyMemoryView_FromBuffer(): info->buf must not be NULL

The above exception was the direct cause of the following exception:

Traceback (most recent call last):
  File "/fibus/fs2/02/cgk3480/.conda/envs/churn-env/lib/python3.11/threading.py", line 1045, in _bootstrap_inner
    self.run()
  File "/fibus/fs2/02/cgk3480/.conda/envs/churn-env/lib/python3.11/threading.py", line 982, in run
    self._target(*self._args, **self._kwargs)
  File "/fibus/fs2/02/cgk3480/.conda/envs/churn-env/lib/python3.11/site-packages/git/cmd.py", line 170, in pump_stream
    raise CommandError([f"<{name}-pump>"] + remove_password_if_present(cmdline), ex) from ex
git.exc.CommandError: Cmd('<stdout-pump>') failed due to: ValueError('PyMemoryView_FromBuffer(): info->buf must not be NULL')
  cmdline: <stdout-pump> git diff-tree c081d53f97a1a90a38e4296dd3d6fda5e38dca2c e215dab1c49070cd75620afd801f777207a5b65c -r --abbrev=40 --full-index -M -p --no-ext-diff --no-color
Pumping 'stdout' of cmd(['git', 'diff-tree', '7fe859eef99b6fac655416d5bb01c82bd0da2ada', 'bde82ee391fa6d3ad054313c4aa7b726d32515ce', '-r', '--abbrev=40', '--full-index', '-M', '-p', '--no-ext-diff', '--no-color']) failed due to: ValueError('PyMemoryView_FromBuffer(): info->buf must not be NULL')
Exception in thread Thread-431 (pump_stream):
Traceback (most recent call last):
  File "/fibus/fs2/02/cgk3480/.conda/envs/churn-env/lib/python3.11/site-packages/git/cmd.py", line 157, in pump_stream
    for line in stream:
ValueError: PyMemoryView_FromBuffer(): info->buf must not be NULL

The above exception was the direct cause of the following exception:

Traceback (most recent call last):
  File "/fibus/fs2/02/cgk3480/.conda/envs/churn-env/lib/python3.11/threading.py", line 1045, in _bootstrap_inner
    self.run()
  File "/fibus/fs2/02/cgk3480/.conda/envs/churn-env/lib/python3.11/threading.py", line 982, in run
    self._target(*self._args, **self._kwargs)
  File "/fibus/fs2/02/cgk3480/.conda/envs/churn-env/lib/python3.11/site-packages/git/cmd.py", line 170, in pump_stream
    raise CommandError([f"<{name}-pump>"] + remove_password_if_present(cmdline), ex) from ex
git.exc.CommandError: Cmd('<stdout-pump>') failed due to: ValueError('PyMemoryView_FromBuffer(): info->buf must not be NULL')
  cmdline: <stdout-pump> git diff-tree 7fe859eef99b6fac655416d5bb01c82bd0da2ada bde82ee391fa6d3ad054313c4aa7b726d32515ce -r --abbrev=40 --full-index -M -p --no-ext-diff --no-color
Pumping 'stdout' of cmd(['git', 'diff-tree', 'e68d7c143a62f372303f132cc69510eaaa4f1e04', '71f50c6d9a2276f3ec85384bffe2aee1962f4669', '-r', '--abbrev=40', '--full-index', '-M', '-p', '--no-ext-diff', '--no-color']) failed due to: ValueError('PyMemoryView_FromBuffer(): info->buf must not be NULL')
Exception in thread Thread-509 (pump_stream):
Traceback (most recent call last):
  File "/fibus/fs2/02/cgk3480/.conda/envs/churn-env/lib/python3.11/site-packages/git/cmd.py", line 157, in pump_stream
    for line in stream:
ValueError: PyMemoryView_FromBuffer(): info->buf must not be NULL

The above exception was the direct cause of the following exception:

Traceback (most recent call last):
  File "/fibus/fs2/02/cgk3480/.conda/envs/churn-env/lib/python3.11/threading.py", line 1045, in _bootstrap_inner
    self.run()
  File "/fibus/fs2/02/cgk3480/.conda/envs/churn-env/lib/python3.11/threading.py", line 982, in run
    self._target(*self._args, **self._kwargs)
  File "/fibus/fs2/02/cgk3480/.conda/envs/churn-env/lib/python3.11/site-packages/git/cmd.py", line 170, in pump_stream
    raise CommandError([f"<{name}-pump>"] + remove_password_if_present(cmdline), ex) from ex
git.exc.CommandError: Cmd('<stdout-pump>') failed due to: ValueError('PyMemoryView_FromBuffer(): info->buf must not be NULL')
  cmdline: <stdout-pump> git diff-tree e68d7c143a62f372303f132cc69510eaaa4f1e04 71f50c6d9a2276f3ec85384bffe2aee1962f4669 -r --abbrev=40 --full-index -M -p --no-ext-diff --no-color
Pumping 'stdout' of cmd(['git', 'diff-tree', '47512cfd0d7a8bd6ab71d01cd89fca19eb2093eb', '6cf18e6927c0b224f972e3042fb85770d63cb9f8', '-r', '--abbrev=40', '--full-index', '-M', '-p', '--no-ext-diff', '--no-color']) failed due to: ValueError('PyMemoryView_FromBuffer(): info->buf must not be NULL')
Exception in thread Thread-471 (pump_stream):
Traceback (most recent call last):
  File "/fibus/fs2/02/cgk3480/.conda/envs/churn-env/lib/python3.11/site-packages/git/cmd.py", line 157, in pump_stream
    for line in stream:
ValueError: PyMemoryView_FromBuffer(): info->buf must not be NULL

The above exception was the direct cause of the following exception:

Traceback (most recent call last):
  File "/fibus/fs2/02/cgk3480/.conda/envs/churn-env/lib/python3.11/threading.py", line 1045, in _bootstrap_inner
    self.run()
  File "/fibus/fs2/02/cgk3480/.conda/envs/churn-env/lib/python3.11/threading.py", line 982, in run
    self._target(*self._args, **self._kwargs)
  File "/fibus/fs2/02/cgk3480/.conda/envs/churn-env/lib/python3.11/site-packages/git/cmd.py", line 170, in pump_stream
    raise CommandError([f"<{name}-pump>"] + remove_password_if_present(cmdline), ex) from ex
git.exc.CommandError: Cmd('<stdout-pump>') failed due to: ValueError('PyMemoryView_FromBuffer(): info->buf must not be NULL')
  cmdline: <stdout-pump> git diff-tree 47512cfd0d7a8bd6ab71d01cd89fca19eb2093eb 6cf18e6927c0b224f972e3042fb85770d63cb9f8 -r --abbrev=40 --full-index -M -p --no-ext-diff --no-color
Pumping 'stdout' of cmd(['git', 'diff-tree', '5abe9b26847c65a698f38744a52635b287514294', 'eab09988e47f2b4322faa5ee1430d05714e59000', '-r', '--abbrev=40', '--full-index', '-M', '-p', '--no-ext-diff', '--no-color']) failed due to: ValueError('PyMemoryView_FromBuffer(): info->buf must not be NULL')
Exception in thread Thread-501 (pump_stream):
Traceback (most recent call last):
  File "/fibus/fs2/02/cgk3480/.conda/envs/churn-env/lib/python3.11/site-packages/git/cmd.py", line 157, in pump_stream
    for line in stream:
ValueError: PyMemoryView_FromBuffer(): info->buf must not be NULL

The above exception was the direct cause of the following exception:

Traceback (most recent call last):
  File "/fibus/fs2/02/cgk3480/.conda/envs/churn-env/lib/python3.11/threading.py", line 1045, in _bootstrap_inner
    self.run()
  File "/fibus/fs2/02/cgk3480/.conda/envs/churn-env/lib/python3.11/threading.py", line 982, in run
    self._target(*self._args, **self._kwargs)
  File "/fibus/fs2/02/cgk3480/.conda/envs/churn-env/lib/python3.11/site-packages/git/cmd.py", line 170, in pump_stream
    raise CommandError([f"<{name}-pump>"] + remove_password_if_present(cmdline), ex) from ex
git.exc.CommandError: Cmd('<stdout-pump>') failed due to: ValueError('PyMemoryView_FromBuffer(): info->buf must not be NULL')
  cmdline: <stdout-pump> git diff-tree 5abe9b26847c65a698f38744a52635b287514294 eab09988e47f2b4322faa5ee1430d05714e59000 -r --abbrev=40 --full-index -M -p --no-ext-diff --no-color
Pumping 'stdout' of cmd(['git', 'diff-tree', 'ebf79b6be67c0a77a9ab7cdf74c43fd7d9619f0c', 'b850bbff965129c34f50962638c0a66c82563536', '-r', '--abbrev=40', '--full-index', '-M', '-p', '--no-ext-diff', '--no-color']) failed due to: ValueError('PyMemoryView_FromBuffer(): info->buf must not be NULL')
Exception in thread Thread-419 (pump_stream):
Traceback (most recent call last):
  File "/fibus/fs2/02/cgk3480/.conda/envs/churn-env/lib/python3.11/site-packages/git/cmd.py", line 157, in pump_stream
    for line in stream:
ValueError: PyMemoryView_FromBuffer(): info->buf must not be NULL

The above exception was the direct cause of the following exception:

Traceback (most recent call last):
  File "/fibus/fs2/02/cgk3480/.conda/envs/churn-env/lib/python3.11/threading.py", line 1045, in _bootstrap_inner
    self.run()
  File "/fibus/fs2/02/cgk3480/.conda/envs/churn-env/lib/python3.11/threading.py", line 982, in run
    self._target(*self._args, **self._kwargs)
  File "/fibus/fs2/02/cgk3480/.conda/envs/churn-env/lib/python3.11/site-packages/git/cmd.py", line 170, in pump_stream
    raise CommandError([f"<{name}-pump>"] + remove_password_if_present(cmdline), ex) from ex
git.exc.CommandError: Cmd('<stdout-pump>') failed due to: ValueError('PyMemoryView_FromBuffer(): info->buf must not be NULL')
  cmdline: <stdout-pump> git diff-tree ebf79b6be67c0a77a9ab7cdf74c43fd7d9619f0c b850bbff965129c34f50962638c0a66c82563536 -r --abbrev=40 --full-index -M -p --no-ext-diff --no-color
Pumping 'stdout' of cmd(['git', 'diff-tree', 'e8e7037cb6f6c18c32ad74bfc873695802c4ece8', '0afd24c2fb61bd5163bab08ea1ee54d60d3ea37e', '-r', '--abbrev=40', '--full-index', '-M', '-p', '--no-ext-diff', '--no-color']) failed due to: ValueError('PyMemoryView_FromBuffer(): info->buf must not be NULL')
Exception in thread Thread-429 (pump_stream):
Traceback (most recent call last):
  File "/fibus/fs2/02/cgk3480/.conda/envs/churn-env/lib/python3.11/site-packages/git/cmd.py", line 157, in pump_stream
    for line in stream:
ValueError: PyMemoryView_FromBuffer(): info->buf must not be NULL

The above exception was the direct cause of the following exception:

Traceback (most recent call last):
  File "/fibus/fs2/02/cgk3480/.conda/envs/churn-env/lib/python3.11/threading.py", line 1045, in _bootstrap_inner
    self.run()
  File "/fibus/fs2/02/cgk3480/.conda/envs/churn-env/lib/python3.11/threading.py", line 982, in run
    self._target(*self._args, **self._kwargs)
  File "/fibus/fs2/02/cgk3480/.conda/envs/churn-env/lib/python3.11/site-packages/git/cmd.py", line 170, in pump_stream
    raise CommandError([f"<{name}-pump>"] + remove_password_if_present(cmdline), ex) from ex
git.exc.CommandError: Cmd('<stdout-pump>') failed due to: ValueError('PyMemoryView_FromBuffer(): info->buf must not be NULL')
  cmdline: <stdout-pump> git diff-tree e8e7037cb6f6c18c32ad74bfc873695802c4ece8 0afd24c2fb61bd5163bab08ea1ee54d60d3ea37e -r --abbrev=40 --full-index -M -p --no-ext-diff --no-color
Pumping 'stdout' of cmd(['git', 'diff-tree', '0435b3ffbaa67cded10c25e4a43404a611a7ebb5', 'dcb32ecd9a533f47ab652c5c5680bc50a7a822cd', '-r', '--abbrev=40', '--full-index', '-M', '-p', '--no-ext-diff', '--no-color']) failed due to: ValueError('PyMemoryView_FromBuffer(): info->buf must not be NULL')
Exception in thread Thread-533 (pump_stream):
Traceback (most recent call last):
  File "/fibus/fs2/02/cgk3480/.conda/envs/churn-env/lib/python3.11/site-packages/git/cmd.py", line 157, in pump_stream
    for line in stream:
ValueError: PyMemoryView_FromBuffer(): info->buf must not be NULL

The above exception was the direct cause of the following exception:

Traceback (most recent call last):
  File "/fibus/fs2/02/cgk3480/.conda/envs/churn-env/lib/python3.11/threading.py", line 1045, in _bootstrap_inner
    self.run()
  File "/fibus/fs2/02/cgk3480/.conda/envs/churn-env/lib/python3.11/threading.py", line 982, in run
    self._target(*self._args, **self._kwargs)
  File "/fibus/fs2/02/cgk3480/.conda/envs/churn-env/lib/python3.11/site-packages/git/cmd.py", line 170, in pump_stream
    raise CommandError([f"<{name}-pump>"] + remove_password_if_present(cmdline), ex) from ex
git.exc.CommandError: Cmd('<stdout-pump>') failed due to: ValueError('PyMemoryView_FromBuffer(): info->buf must not be NULL')
  cmdline: <stdout-pump> git diff-tree 0435b3ffbaa67cded10c25e4a43404a611a7ebb5 dcb32ecd9a533f47ab652c5c5680bc50a7a822cd -r --abbrev=40 --full-index -M -p --no-ext-diff --no-color
Pumping 'stdout' of cmd(['git', 'diff-tree', '9995bac58514928dd59ab916abfe66b2afcb3d07', '6d659237657c64e9e2a930865da4c777239b678e', '-r', '--abbrev=40', '--full-index', '-M', '-p', '--no-ext-diff', '--no-color']) failed due to: ValueError('PyMemoryView_FromBuffer(): info->buf must not be NULL')
Exception in thread Thread-471 (pump_stream):
Traceback (most recent call last):
  File "/fibus/fs2/02/cgk3480/.conda/envs/churn-env/lib/python3.11/site-packages/git/cmd.py", line 157, in pump_stream
    for line in stream:
ValueError: PyMemoryView_FromBuffer(): info->buf must not be NULL

The above exception was the direct cause of the following exception:

Traceback (most recent call last):
  File "/fibus/fs2/02/cgk3480/.conda/envs/churn-env/lib/python3.11/threading.py", line 1045, in _bootstrap_inner
    self.run()
  File "/fibus/fs2/02/cgk3480/.conda/envs/churn-env/lib/python3.11/threading.py", line 982, in run
    self._target(*self._args, **self._kwargs)
  File "/fibus/fs2/02/cgk3480/.conda/envs/churn-env/lib/python3.11/site-packages/git/cmd.py", line 170, in pump_stream
    raise CommandError([f"<{name}-pump>"] + remove_password_if_present(cmdline), ex) from ex
git.exc.CommandError: Cmd('<stdout-pump>') failed due to: ValueError('PyMemoryView_FromBuffer(): info->buf must not be NULL')
  cmdline: <stdout-pump> git diff-tree 9995bac58514928dd59ab916abfe66b2afcb3d07 6d659237657c64e9e2a930865da4c777239b678e -r --abbrev=40 --full-index -M -p --no-ext-diff --no-color
Pumping 'stdout' of cmd(['git', 'diff-tree', '3bf15f53c963a43c317e65e1709e9f020c04f024', 'e39758e0ea769e632e5e3c9f314160e55c2153ff', '-r', '--abbrev=40', '--full-index', '-M', '-p', '--no-ext-diff', '--no-color']) failed due to: ValueError('PyMemoryView_FromBuffer(): info->buf must not be NULL')
Exception in thread Thread-533 (pump_stream):
Traceback (most recent call last):
  File "/fibus/fs2/02/cgk3480/.conda/envs/churn-env/lib/python3.11/site-packages/git/cmd.py", line 157, in pump_stream
    for line in stream:
ValueError: PyMemoryView_FromBuffer(): info->buf must not be NULL

The above exception was the direct cause of the following exception:

Traceback (most recent call last):
  File "/fibus/fs2/02/cgk3480/.conda/envs/churn-env/lib/python3.11/threading.py", line 1045, in _bootstrap_inner
    self.run()
  File "/fibus/fs2/02/cgk3480/.conda/envs/churn-env/lib/python3.11/threading.py", line 982, in run
    self._target(*self._args, **self._kwargs)
  File "/fibus/fs2/02/cgk3480/.conda/envs/churn-env/lib/python3.11/site-packages/git/cmd.py", line 170, in pump_stream
    raise CommandError([f"<{name}-pump>"] + remove_password_if_present(cmdline), ex) from ex
git.exc.CommandError: Cmd('<stdout-pump>') failed due to: ValueError('PyMemoryView_FromBuffer(): info->buf must not be NULL')
  cmdline: <stdout-pump> git diff-tree 3bf15f53c963a43c317e65e1709e9f020c04f024 e39758e0ea769e632e5e3c9f314160e55c2153ff -r --abbrev=40 --full-index -M -p --no-ext-diff --no-color
Pumping 'stdout' of cmd(['git', 'diff-tree', 'd07f6ca923ea0927a1024dfccafc5b53b61cfecc', '1421ec684a43379b2aa3cfda20b03d38282dc990', '-r', '--abbrev=40', '--full-index', '-M', '-p', '--no-ext-diff', '--no-color']) failed due to: ValueError('PyMemoryView_FromBuffer(): info->buf must not be NULL')
Exception in thread Thread-369 (pump_stream):
Traceback (most recent call last):
  File "/fibus/fs2/02/cgk3480/.conda/envs/churn-env/lib/python3.11/site-packages/git/cmd.py", line 157, in pump_stream
    for line in stream:
ValueError: PyMemoryView_FromBuffer(): info->buf must not be NULL

The above exception was the direct cause of the following exception:

Traceback (most recent call last):
  File "/fibus/fs2/02/cgk3480/.conda/envs/churn-env/lib/python3.11/threading.py", line 1045, in _bootstrap_inner
    self.run()
  File "/fibus/fs2/02/cgk3480/.conda/envs/churn-env/lib/python3.11/threading.py", line 982, in run
    self._target(*self._args, **self._kwargs)
  File "/fibus/fs2/02/cgk3480/.conda/envs/churn-env/lib/python3.11/site-packages/git/cmd.py", line 170, in pump_stream
    raise CommandError([f"<{name}-pump>"] + remove_password_if_present(cmdline), ex) from ex
git.exc.CommandError: Cmd('<stdout-pump>') failed due to: ValueError('PyMemoryView_FromBuffer(): info->buf must not be NULL')
  cmdline: <stdout-pump> git diff-tree d07f6ca923ea0927a1024dfccafc5b53b61cfecc 1421ec684a43379b2aa3cfda20b03d38282dc990 -r --abbrev=40 --full-index -M -p --no-ext-diff --no-color
Pumping 'stdout' of cmd(['git', 'diff-tree', 'f5cd60169f981ca737c9e49c446506dfafc90a35', '4d07c5936c2508ddd1cfd49b0a91d94cb4d1f0e8', '-r', '--abbrev=40', '--full-index', '-M', '-p', '--no-ext-diff', '--no-color']) failed due to: ValueError('PyMemoryView_FromBuffer(): info->buf must not be NULL')
Exception in thread Thread-457 (pump_stream):
Traceback (most recent call last):
  File "/fibus/fs2/02/cgk3480/.conda/envs/churn-env/lib/python3.11/site-packages/git/cmd.py", line 157, in pump_stream
    for line in stream:
ValueError: PyMemoryView_FromBuffer(): info->buf must not be NULL

The above exception was the direct cause of the following exception:

Traceback (most recent call last):
  File "/fibus/fs2/02/cgk3480/.conda/envs/churn-env/lib/python3.11/threading.py", line 1045, in _bootstrap_inner
    self.run()
  File "/fibus/fs2/02/cgk3480/.conda/envs/churn-env/lib/python3.11/threading.py", line 982, in run
    self._target(*self._args, **self._kwargs)
  File "/fibus/fs2/02/cgk3480/.conda/envs/churn-env/lib/python3.11/site-packages/git/cmd.py", line 170, in pump_stream
    raise CommandError([f"<{name}-pump>"] + remove_password_if_present(cmdline), ex) from ex
git.exc.CommandError: Cmd('<stdout-pump>') failed due to: ValueError('PyMemoryView_FromBuffer(): info->buf must not be NULL')
  cmdline: <stdout-pump> git diff-tree f5cd60169f981ca737c9e49c446506dfafc90a35 4d07c5936c2508ddd1cfd49b0a91d94cb4d1f0e8 -r --abbrev=40 --full-index -M -p --no-ext-diff --no-color
Pumping 'stdout' of cmd(['git', 'diff-tree', '2ba071ecb6d41ce172f9ccb3996f28cb337b3576', 'b0e9a30dd669a844bb4f74515f8bcd307018ffd0', '-r', '--abbrev=40', '--full-index', '-M', '-p', '--no-ext-diff', '--no-color']) failed due to: ValueError('PyMemoryView_FromBuffer(): info->buf must not be NULL')
Exception in thread Thread-525 (pump_stream):
Traceback (most recent call last):
  File "/fibus/fs2/02/cgk3480/.conda/envs/churn-env/lib/python3.11/site-packages/git/cmd.py", line 157, in pump_stream
    for line in stream:
ValueError: PyMemoryView_FromBuffer(): info->buf must not be NULL

The above exception was the direct cause of the following exception:

Traceback (most recent call last):
  File "/fibus/fs2/02/cgk3480/.conda/envs/churn-env/lib/python3.11/threading.py", line 1045, in _bootstrap_inner
    self.run()
  File "/fibus/fs2/02/cgk3480/.conda/envs/churn-env/lib/python3.11/threading.py", line 982, in run
    self._target(*self._args, **self._kwargs)
  File "/fibus/fs2/02/cgk3480/.conda/envs/churn-env/lib/python3.11/site-packages/git/cmd.py", line 170, in pump_stream
    raise CommandError([f"<{name}-pump>"] + remove_password_if_present(cmdline), ex) from ex
git.exc.CommandError: Cmd('<stdout-pump>') failed due to: ValueError('PyMemoryView_FromBuffer(): info->buf must not be NULL')
  cmdline: <stdout-pump> git diff-tree 2ba071ecb6d41ce172f9ccb3996f28cb337b3576 b0e9a30dd669a844bb4f74515f8bcd307018ffd0 -r --abbrev=40 --full-index -M -p --no-ext-diff --no-color
Pumping 'stdout' of cmd(['git', 'diff-tree', 'cb44c9a0ab21a9ae4dfcabac1ed8e38aa872d1af', '3cf5d076fb4d48979f382bc9452765bf8b79e740', '-r', '--abbrev=40', '--full-index', '-M', '-p', '--no-ext-diff', '--no-color']) failed due to: ValueError('PyMemoryView_FromBuffer(): info->buf must not be NULL')
Exception in thread Thread-473 (pump_stream):
Traceback (most recent call last):
  File "/fibus/fs2/02/cgk3480/.conda/envs/churn-env/lib/python3.11/site-packages/git/cmd.py", line 157, in pump_stream
    for line in stream:
ValueError: PyMemoryView_FromBuffer(): info->buf must not be NULL

The above exception was the direct cause of the following exception:

Traceback (most recent call last):
  File "/fibus/fs2/02/cgk3480/.conda/envs/churn-env/lib/python3.11/threading.py", line 1045, in _bootstrap_inner
    self.run()
  File "/fibus/fs2/02/cgk3480/.conda/envs/churn-env/lib/python3.11/threading.py", line 982, in run
    self._target(*self._args, **self._kwargs)
  File "/fibus/fs2/02/cgk3480/.conda/envs/churn-env/lib/python3.11/site-packages/git/cmd.py", line 170, in pump_stream
    raise CommandError([f"<{name}-pump>"] + remove_password_if_present(cmdline), ex) from ex
git.exc.CommandError: Cmd('<stdout-pump>') failed due to: ValueError('PyMemoryView_FromBuffer(): info->buf must not be NULL')
  cmdline: <stdout-pump> git diff-tree cb44c9a0ab21a9ae4dfcabac1ed8e38aa872d1af 3cf5d076fb4d48979f382bc9452765bf8b79e740 -r --abbrev=40 --full-index -M -p --no-ext-diff --no-color
Pumping 'stdout' of cmd(['git', 'diff-tree', '389206e806d892d36de0df6e7b07721432957801', 'a9082575f8d09a3a55f300d04f46ef5243e99688', '-r', '--abbrev=40', '--full-index', '-M', '-p', '--no-ext-diff', '--no-color']) failed due to: ValueError('PyMemoryView_FromBuffer(): info->buf must not be NULL')
Exception in thread Thread-535 (pump_stream):
Traceback (most recent call last):
  File "/fibus/fs2/02/cgk3480/.conda/envs/churn-env/lib/python3.11/site-packages/git/cmd.py", line 157, in pump_stream
    for line in stream:
ValueError: PyMemoryView_FromBuffer(): info->buf must not be NULL

The above exception was the direct cause of the following exception:

Traceback (most recent call last):
  File "/fibus/fs2/02/cgk3480/.conda/envs/churn-env/lib/python3.11/threading.py", line 1045, in _bootstrap_inner
    self.run()
  File "/fibus/fs2/02/cgk3480/.conda/envs/churn-env/lib/python3.11/threading.py", line 982, in run
    self._target(*self._args, **self._kwargs)
  File "/fibus/fs2/02/cgk3480/.conda/envs/churn-env/lib/python3.11/site-packages/git/cmd.py", line 170, in pump_stream
    raise CommandError([f"<{name}-pump>"] + remove_password_if_present(cmdline), ex) from ex
git.exc.CommandError: Cmd('<stdout-pump>') failed due to: ValueError('PyMemoryView_FromBuffer(): info->buf must not be NULL')
  cmdline: <stdout-pump> git diff-tree 389206e806d892d36de0df6e7b07721432957801 a9082575f8d09a3a55f300d04f46ef5243e99688 -r --abbrev=40 --full-index -M -p --no-ext-diff --no-color
Pumping 'stdout' of cmd(['git', 'diff-tree', '8dbb6bc13617379a6534700e51634a3f88c9a513', '6db7199407ca56f55bc0832fb124e1ad216ea57b', '-r', '--abbrev=40', '--full-index', '-M', '-p', '--no-ext-diff', '--no-color']) failed due to: ValueError('PyMemoryView_FromBuffer(): info->buf must not be NULL')
Exception in thread Thread-431 (pump_stream):
Traceback (most recent call last):
  File "/fibus/fs2/02/cgk3480/.conda/envs/churn-env/lib/python3.11/site-packages/git/cmd.py", line 157, in pump_stream
    for line in stream:
ValueError: PyMemoryView_FromBuffer(): info->buf must not be NULL

The above exception was the direct cause of the following exception:

Traceback (most recent call last):
  File "/fibus/fs2/02/cgk3480/.conda/envs/churn-env/lib/python3.11/threading.py", line 1045, in _bootstrap_inner
    self.run()
  File "/fibus/fs2/02/cgk3480/.conda/envs/churn-env/lib/python3.11/threading.py", line 982, in run
    self._target(*self._args, **self._kwargs)
  File "/fibus/fs2/02/cgk3480/.conda/envs/churn-env/lib/python3.11/site-packages/git/cmd.py", line 170, in pump_stream
    raise CommandError([f"<{name}-pump>"] + remove_password_if_present(cmdline), ex) from ex
git.exc.CommandError: Cmd('<stdout-pump>') failed due to: ValueError('PyMemoryView_FromBuffer(): info->buf must not be NULL')
  cmdline: <stdout-pump> git diff-tree 8dbb6bc13617379a6534700e51634a3f88c9a513 6db7199407ca56f55bc0832fb124e1ad216ea57b -r --abbrev=40 --full-index -M -p --no-ext-diff --no-color
Pumping 'stdout' of cmd(['git', 'diff-tree', 'b9118b7221ebb12156d2b08d4d5647bc6076d6bb', '0a7fb11c23c0fb8f5ad37f285f40348f1ab9ccbd', '-r', '--abbrev=40', '--full-index', '-M', '-p', '--no-ext-diff', '--no-color']) failed due to: ValueError('PyMemoryView_FromBuffer(): info->buf must not be NULL')
Exception in thread Thread-507 (pump_stream):
Traceback (most recent call last):
  File "/fibus/fs2/02/cgk3480/.conda/envs/churn-env/lib/python3.11/site-packages/git/cmd.py", line 157, in pump_stream
    for line in stream:
ValueError: PyMemoryView_FromBuffer(): info->buf must not be NULL

The above exception was the direct cause of the following exception:

Traceback (most recent call last):
  File "/fibus/fs2/02/cgk3480/.conda/envs/churn-env/lib/python3.11/threading.py", line 1045, in _bootstrap_inner
    self.run()
  File "/fibus/fs2/02/cgk3480/.conda/envs/churn-env/lib/python3.11/threading.py", line 982, in run
    self._target(*self._args, **self._kwargs)
  File "/fibus/fs2/02/cgk3480/.conda/envs/churn-env/lib/python3.11/site-packages/git/cmd.py", line 170, in pump_stream
    raise CommandError([f"<{name}-pump>"] + remove_password_if_present(cmdline), ex) from ex
git.exc.CommandError: Cmd('<stdout-pump>') failed due to: ValueError('PyMemoryView_FromBuffer(): info->buf must not be NULL')
  cmdline: <stdout-pump> git diff-tree b9118b7221ebb12156d2b08d4d5647bc6076d6bb 0a7fb11c23c0fb8f5ad37f285f40348f1ab9ccbd -r --abbrev=40 --full-index -M -p --no-ext-diff --no-color
Pumping 'stdout' of cmd(['git', 'diff-tree', 'a36304b9e154ccaff67b1d1d0ece6ad6380e3648', 'd0023a1448abdcc892b8bca631e74bb1888efd02', '-r', '--abbrev=40', '--full-index', '-M', '-p', '--no-ext-diff', '--no-color']) failed due to: ValueError('PyMemoryView_FromBuffer(): info->buf must not be NULL')
Exception in thread Thread-371 (pump_stream):
Traceback (most recent call last):
  File "/fibus/fs2/02/cgk3480/.conda/envs/churn-env/lib/python3.11/site-packages/git/cmd.py", line 157, in pump_stream
    for line in stream:
ValueError: PyMemoryView_FromBuffer(): info->buf must not be NULL

The above exception was the direct cause of the following exception:

Traceback (most recent call last):
  File "/fibus/fs2/02/cgk3480/.conda/envs/churn-env/lib/python3.11/threading.py", line 1045, in _bootstrap_inner
    self.run()
  File "/fibus/fs2/02/cgk3480/.conda/envs/churn-env/lib/python3.11/threading.py", line 982, in run
    self._target(*self._args, **self._kwargs)
  File "/fibus/fs2/02/cgk3480/.conda/envs/churn-env/lib/python3.11/site-packages/git/cmd.py", line 170, in pump_stream
    raise CommandError([f"<{name}-pump>"] + remove_password_if_present(cmdline), ex) from ex
git.exc.CommandError: Cmd('<stdout-pump>') failed due to: ValueError('PyMemoryView_FromBuffer(): info->buf must not be NULL')
  cmdline: <stdout-pump> git diff-tree a36304b9e154ccaff67b1d1d0ece6ad6380e3648 d0023a1448abdcc892b8bca631e74bb1888efd02 -r --abbrev=40 --full-index -M -p --no-ext-diff --no-color
Pumping 'stdout' of cmd(['git', 'diff-tree', '1aa2abb33a419090c7c87d4ae842a6347078ee12', '0b091a43d704997789c6d812b02167c8f5f9f061', '-r', '--abbrev=40', '--full-index', '-M', '-p', '--no-ext-diff', '--no-color']) failed due to: ValueError('PyMemoryView_FromBuffer(): info->buf must not be NULL')
Exception in thread Thread-505 (pump_stream):
Traceback (most recent call last):
  File "/fibus/fs2/02/cgk3480/.conda/envs/churn-env/lib/python3.11/site-packages/git/cmd.py", line 157, in pump_stream
    for line in stream:
ValueError: PyMemoryView_FromBuffer(): info->buf must not be NULL

The above exception was the direct cause of the following exception:

Traceback (most recent call last):
  File "/fibus/fs2/02/cgk3480/.conda/envs/churn-env/lib/python3.11/threading.py", line 1045, in _bootstrap_inner
    self.run()
  File "/fibus/fs2/02/cgk3480/.conda/envs/churn-env/lib/python3.11/threading.py", line 982, in run
    self._target(*self._args, **self._kwargs)
  File "/fibus/fs2/02/cgk3480/.conda/envs/churn-env/lib/python3.11/site-packages/git/cmd.py", line 170, in pump_stream
    raise CommandError([f"<{name}-pump>"] + remove_password_if_present(cmdline), ex) from ex
git.exc.CommandError: Cmd('<stdout-pump>') failed due to: ValueError('PyMemoryView_FromBuffer(): info->buf must not be NULL')
  cmdline: <stdout-pump> git diff-tree 1aa2abb33a419090c7c87d4ae842a6347078ee12 0b091a43d704997789c6d812b02167c8f5f9f061 -r --abbrev=40 --full-index -M -p --no-ext-diff --no-color
Pumping 'stdout' of cmd(['git', 'diff-tree', '1cf3817bf1f52e57b3f5eb0413ee0d7f0c2e9829', 'd3ff9728134eeaa13d5bbb23c3f2e188f99cfdf9', '-r', '--abbrev=40', '--full-index', '-M', '-p', '--no-ext-diff', '--no-color']) failed due to: ValueError('PyMemoryView_FromBuffer(): info->buf must not be NULL')
Exception in thread Thread-517 (pump_stream):
Traceback (most recent call last):
  File "/fibus/fs2/02/cgk3480/.conda/envs/churn-env/lib/python3.11/site-packages/git/cmd.py", line 157, in pump_stream
    for line in stream:
ValueError: PyMemoryView_FromBuffer(): info->buf must not be NULL

The above exception was the direct cause of the following exception:

Traceback (most recent call last):
  File "/fibus/fs2/02/cgk3480/.conda/envs/churn-env/lib/python3.11/threading.py", line 1045, in _bootstrap_inner
    self.run()
  File "/fibus/fs2/02/cgk3480/.conda/envs/churn-env/lib/python3.11/threading.py", line 982, in run
    self._target(*self._args, **self._kwargs)
  File "/fibus/fs2/02/cgk3480/.conda/envs/churn-env/lib/python3.11/site-packages/git/cmd.py", line 170, in pump_stream
    raise CommandError([f"<{name}-pump>"] + remove_password_if_present(cmdline), ex) from ex
git.exc.CommandError: Cmd('<stdout-pump>') failed due to: ValueError('PyMemoryView_FromBuffer(): info->buf must not be NULL')
  cmdline: <stdout-pump> git diff-tree 1cf3817bf1f52e57b3f5eb0413ee0d7f0c2e9829 d3ff9728134eeaa13d5bbb23c3f2e188f99cfdf9 -r --abbrev=40 --full-index -M -p --no-ext-diff --no-color
Pumping 'stdout' of cmd(['git', 'diff-tree', '6bdacdb48e94ff26c03c6eeeef48c03c5e2f7dd4', '8f1634b82189e715b0f82f16ce54fab43cfedd8a', '-r', '--abbrev=40', '--full-index', '-M', '-p', '--no-ext-diff', '--no-color']) failed due to: ValueError('PyMemoryView_FromBuffer(): info->buf must not be NULL')
Exception in thread Thread-533 (pump_stream):
Traceback (most recent call last):
  File "/fibus/fs2/02/cgk3480/.conda/envs/churn-env/lib/python3.11/site-packages/git/cmd.py", line 157, in pump_stream
    for line in stream:
ValueError: PyMemoryView_FromBuffer(): info->buf must not be NULL

The above exception was the direct cause of the following exception:

Traceback (most recent call last):
  File "/fibus/fs2/02/cgk3480/.conda/envs/churn-env/lib/python3.11/threading.py", line 1045, in _bootstrap_inner
    self.run()
  File "/fibus/fs2/02/cgk3480/.conda/envs/churn-env/lib/python3.11/threading.py", line 982, in run
    self._target(*self._args, **self._kwargs)
  File "/fibus/fs2/02/cgk3480/.conda/envs/churn-env/lib/python3.11/site-packages/git/cmd.py", line 170, in pump_stream
    raise CommandError([f"<{name}-pump>"] + remove_password_if_present(cmdline), ex) from ex
git.exc.CommandError: Cmd('<stdout-pump>') failed due to: ValueError('PyMemoryView_FromBuffer(): info->buf must not be NULL')
  cmdline: <stdout-pump> git diff-tree 6bdacdb48e94ff26c03c6eeeef48c03c5e2f7dd4 8f1634b82189e715b0f82f16ce54fab43cfedd8a -r --abbrev=40 --full-index -M -p --no-ext-diff --no-color
Pumping 'stdout' of cmd(['git', 'diff-tree', '0e742e927571946e08e877d3629e6efd4891ed95', 'a098ecd2fa7db8fa4fcc178a43627b29b226edb9', '-r', '--abbrev=40', '--full-index', '-M', '-p', '--no-ext-diff', '--no-color']) failed due to: ValueError('PyMemoryView_FromBuffer(): info->buf must not be NULL')
Exception in thread Thread-541 (pump_stream):
Traceback (most recent call last):
  File "/fibus/fs2/02/cgk3480/.conda/envs/churn-env/lib/python3.11/site-packages/git/cmd.py", line 157, in pump_stream
    for line in stream:
ValueError: PyMemoryView_FromBuffer(): info->buf must not be NULL

The above exception was the direct cause of the following exception:

Traceback (most recent call last):
  File "/fibus/fs2/02/cgk3480/.conda/envs/churn-env/lib/python3.11/threading.py", line 1045, in _bootstrap_inner
    self.run()
  File "/fibus/fs2/02/cgk3480/.conda/envs/churn-env/lib/python3.11/threading.py", line 982, in run
    self._target(*self._args, **self._kwargs)
  File "/fibus/fs2/02/cgk3480/.conda/envs/churn-env/lib/python3.11/site-packages/git/cmd.py", line 170, in pump_stream
    raise CommandError([f"<{name}-pump>"] + remove_password_if_present(cmdline), ex) from ex
git.exc.CommandError: Cmd('<stdout-pump>') failed due to: ValueError('PyMemoryView_FromBuffer(): info->buf must not be NULL')
  cmdline: <stdout-pump> git diff-tree 0e742e927571946e08e877d3629e6efd4891ed95 a098ecd2fa7db8fa4fcc178a43627b29b226edb9 -r --abbrev=40 --full-index -M -p --no-ext-diff --no-color
Pumping 'stdout' of cmd(['git', 'diff-tree', 'ffb217a13a2eaf6d5bd974fc83036a53ca69f1e2', 'c993ee0f9f81caf5767a50d1faeba39a0dc82af2', '-r', '--abbrev=40', '--full-index', '-M', '-p', '--no-ext-diff', '--no-color']) failed due to: ValueError('PyMemoryView_FromBuffer(): info->buf must not be NULL')
Exception in thread Thread-535 (pump_stream):
Traceback (most recent call last):
  File "/fibus/fs2/02/cgk3480/.conda/envs/churn-env/lib/python3.11/site-packages/git/cmd.py", line 157, in pump_stream
    for line in stream:
ValueError: PyMemoryView_FromBuffer(): info->buf must not be NULL

The above exception was the direct cause of the following exception:

Traceback (most recent call last):
  File "/fibus/fs2/02/cgk3480/.conda/envs/churn-env/lib/python3.11/threading.py", line 1045, in _bootstrap_inner
    self.run()
  File "/fibus/fs2/02/cgk3480/.conda/envs/churn-env/lib/python3.11/threading.py", line 982, in run
    self._target(*self._args, **self._kwargs)
  File "/fibus/fs2/02/cgk3480/.conda/envs/churn-env/lib/python3.11/site-packages/git/cmd.py", line 170, in pump_stream
    raise CommandError([f"<{name}-pump>"] + remove_password_if_present(cmdline), ex) from ex
git.exc.CommandError: Cmd('<stdout-pump>') failed due to: ValueError('PyMemoryView_FromBuffer(): info->buf must not be NULL')
  cmdline: <stdout-pump> git diff-tree ffb217a13a2eaf6d5bd974fc83036a53ca69f1e2 c993ee0f9f81caf5767a50d1faeba39a0dc82af2 -r --abbrev=40 --full-index -M -p --no-ext-diff --no-color
Pumping 'stdout' of cmd(['git', 'diff-tree', 'fb0af2daaa04d69b9e66613b8721d23d41f387f6', '8caad14e722477807e9324fe0e85dd10151fb134', '-r', '--abbrev=40', '--full-index', '-M', '-p', '--no-ext-diff', '--no-color']) failed due to: ValueError('PyMemoryView_FromBuffer(): info->buf must not be NULL')
Exception in thread Thread-595 (pump_stream):
Traceback (most recent call last):
  File "/fibus/fs2/02/cgk3480/.conda/envs/churn-env/lib/python3.11/site-packages/git/cmd.py", line 157, in pump_stream
    for line in stream:
ValueError: PyMemoryView_FromBuffer(): info->buf must not be NULL

The above exception was the direct cause of the following exception:

Traceback (most recent call last):
  File "/fibus/fs2/02/cgk3480/.conda/envs/churn-env/lib/python3.11/threading.py", line 1045, in _bootstrap_inner
    self.run()
  File "/fibus/fs2/02/cgk3480/.conda/envs/churn-env/lib/python3.11/threading.py", line 982, in run
    self._target(*self._args, **self._kwargs)
  File "/fibus/fs2/02/cgk3480/.conda/envs/churn-env/lib/python3.11/site-packages/git/cmd.py", line 170, in pump_stream
    raise CommandError([f"<{name}-pump>"] + remove_password_if_present(cmdline), ex) from ex
git.exc.CommandError: Cmd('<stdout-pump>') failed due to: ValueError('PyMemoryView_FromBuffer(): info->buf must not be NULL')
  cmdline: <stdout-pump> git diff-tree fb0af2daaa04d69b9e66613b8721d23d41f387f6 8caad14e722477807e9324fe0e85dd10151fb134 -r --abbrev=40 --full-index -M -p --no-ext-diff --no-color
Pumping 'stdout' of cmd(['git', 'diff-tree', '92107cfb411f5371bee56d9a13d28ef8b40bbbbc', 'ee954d1a91b2bb71defb17697f0a2263f46235d2', '-r', '--abbrev=40', '--full-index', '-M', '-p', '--no-ext-diff', '--no-color']) failed due to: ValueError('PyMemoryView_FromBuffer(): info->buf must not be NULL')
Exception in thread Thread-583 (pump_stream):
Traceback (most recent call last):
  File "/fibus/fs2/02/cgk3480/.conda/envs/churn-env/lib/python3.11/site-packages/git/cmd.py", line 157, in pump_stream
    for line in stream:
ValueError: PyMemoryView_FromBuffer(): info->buf must not be NULL

The above exception was the direct cause of the following exception:

Traceback (most recent call last):
  File "/fibus/fs2/02/cgk3480/.conda/envs/churn-env/lib/python3.11/threading.py", line 1045, in _bootstrap_inner
    self.run()
  File "/fibus/fs2/02/cgk3480/.conda/envs/churn-env/lib/python3.11/threading.py", line 982, in run
    self._target(*self._args, **self._kwargs)
  File "/fibus/fs2/02/cgk3480/.conda/envs/churn-env/lib/python3.11/site-packages/git/cmd.py", line 170, in pump_stream
    raise CommandError([f"<{name}-pump>"] + remove_password_if_present(cmdline), ex) from ex
git.exc.CommandError: Cmd('<stdout-pump>') failed due to: ValueError('PyMemoryView_FromBuffer(): info->buf must not be NULL')
  cmdline: <stdout-pump> git diff-tree 92107cfb411f5371bee56d9a13d28ef8b40bbbbc ee954d1a91b2bb71defb17697f0a2263f46235d2 -r --abbrev=40 --full-index -M -p --no-ext-diff --no-color
Pumping 'stdout' of cmd(['git', 'diff-tree', 'bc3fc5c05100712fa56418f4e3e38f30e6e6f1e7', '25423731956b3d72bc35d336227c88ada49148e8', '-r', '--abbrev=40', '--full-index', '-M', '-p', '--no-ext-diff', '--no-color']) failed due to: ValueError('PyMemoryView_FromBuffer(): info->buf must not be NULL')
Exception in thread Thread-697 (pump_stream):
Traceback (most recent call last):
  File "/fibus/fs2/02/cgk3480/.conda/envs/churn-env/lib/python3.11/site-packages/git/cmd.py", line 157, in pump_stream
    for line in stream:
ValueError: PyMemoryView_FromBuffer(): info->buf must not be NULL

The above exception was the direct cause of the following exception:

Traceback (most recent call last):
  File "/fibus/fs2/02/cgk3480/.conda/envs/churn-env/lib/python3.11/threading.py", line 1045, in _bootstrap_inner
    self.run()
  File "/fibus/fs2/02/cgk3480/.conda/envs/churn-env/lib/python3.11/threading.py", line 982, in run
    self._target(*self._args, **self._kwargs)
  File "/fibus/fs2/02/cgk3480/.conda/envs/churn-env/lib/python3.11/site-packages/git/cmd.py", line 170, in pump_stream
    raise CommandError([f"<{name}-pump>"] + remove_password_if_present(cmdline), ex) from ex
git.exc.CommandError: Cmd('<stdout-pump>') failed due to: ValueError('PyMemoryView_FromBuffer(): info->buf must not be NULL')
  cmdline: <stdout-pump> git diff-tree bc3fc5c05100712fa56418f4e3e38f30e6e6f1e7 25423731956b3d72bc35d336227c88ada49148e8 -r --abbrev=40 --full-index -M -p --no-ext-diff --no-color
Pumping 'stdout' of cmd(['git', 'diff-tree', '2cc1121bc993ca3090cc4267bc38d3da61b68602', 'fe6cb7b043b69cd9498616592bb9e28648fb4f7a', '-r', '--abbrev=40', '--full-index', '-M', '-p', '--no-ext-diff', '--no-color']) failed due to: ValueError('PyMemoryView_FromBuffer(): info->buf must not be NULL')
Exception in thread Thread-691 (pump_stream):
Traceback (most recent call last):
  File "/fibus/fs2/02/cgk3480/.conda/envs/churn-env/lib/python3.11/site-packages/git/cmd.py", line 157, in pump_stream
    for line in stream:
ValueError: PyMemoryView_FromBuffer(): info->buf must not be NULL

The above exception was the direct cause of the following exception:

Traceback (most recent call last):
  File "/fibus/fs2/02/cgk3480/.conda/envs/churn-env/lib/python3.11/threading.py", line 1045, in _bootstrap_inner
    self.run()
  File "/fibus/fs2/02/cgk3480/.conda/envs/churn-env/lib/python3.11/threading.py", line 982, in run
    self._target(*self._args, **self._kwargs)
  File "/fibus/fs2/02/cgk3480/.conda/envs/churn-env/lib/python3.11/site-packages/git/cmd.py", line 170, in pump_stream
    raise CommandError([f"<{name}-pump>"] + remove_password_if_present(cmdline), ex) from ex
git.exc.CommandError: Cmd('<stdout-pump>') failed due to: ValueError('PyMemoryView_FromBuffer(): info->buf must not be NULL')
  cmdline: <stdout-pump> git diff-tree 2cc1121bc993ca3090cc4267bc38d3da61b68602 fe6cb7b043b69cd9498616592bb9e28648fb4f7a -r --abbrev=40 --full-index -M -p --no-ext-diff --no-color
Pumping 'stdout' of cmd(['git', 'diff-tree', '5263e31e452fb84138b9bee061d5c06c0f359fea', 'bd61e0a9c852de2d705b6f1bb2cc54c5774db570', '-r', '--abbrev=40', '--full-index', '-M', '-p', '--no-ext-diff', '--no-color']) failed due to: ValueError('PyMemoryView_FromBuffer(): info->buf must not be NULL')
Exception in thread Thread-589 (pump_stream):
Traceback (most recent call last):
  File "/fibus/fs2/02/cgk3480/.conda/envs/churn-env/lib/python3.11/site-packages/git/cmd.py", line 157, in pump_stream
    for line in stream:
ValueError: PyMemoryView_FromBuffer(): info->buf must not be NULL

The above exception was the direct cause of the following exception:

Traceback (most recent call last):
  File "/fibus/fs2/02/cgk3480/.conda/envs/churn-env/lib/python3.11/threading.py", line 1045, in _bootstrap_inner
    self.run()
  File "/fibus/fs2/02/cgk3480/.conda/envs/churn-env/lib/python3.11/threading.py", line 982, in run
    self._target(*self._args, **self._kwargs)
  File "/fibus/fs2/02/cgk3480/.conda/envs/churn-env/lib/python3.11/site-packages/git/cmd.py", line 170, in pump_stream
    raise CommandError([f"<{name}-pump>"] + remove_password_if_present(cmdline), ex) from ex
git.exc.CommandError: Cmd('<stdout-pump>') failed due to: ValueError('PyMemoryView_FromBuffer(): info->buf must not be NULL')
  cmdline: <stdout-pump> git diff-tree 5263e31e452fb84138b9bee061d5c06c0f359fea bd61e0a9c852de2d705b6f1bb2cc54c5774db570 -r --abbrev=40 --full-index -M -p --no-ext-diff --no-color
Pumping 'stdout' of cmd(['git', 'diff-tree', '942437c97fd9ff23a17c13118f50bd0490f6868c', '1c11ca7a0584ddede5b8c93057b40d31e8a96d3d', '-r', '--abbrev=40', '--full-index', '-M', '-p', '--no-ext-diff', '--no-color']) failed due to: ValueError('PyMemoryView_FromBuffer(): info->buf must not be NULL')
Exception in thread Thread-649 (pump_stream):
Traceback (most recent call last):
  File "/fibus/fs2/02/cgk3480/.conda/envs/churn-env/lib/python3.11/site-packages/git/cmd.py", line 157, in pump_stream
    for line in stream:
ValueError: PyMemoryView_FromBuffer(): info->buf must not be NULL

The above exception was the direct cause of the following exception:

Traceback (most recent call last):
  File "/fibus/fs2/02/cgk3480/.conda/envs/churn-env/lib/python3.11/threading.py", line 1045, in _bootstrap_inner
    self.run()
  File "/fibus/fs2/02/cgk3480/.conda/envs/churn-env/lib/python3.11/threading.py", line 982, in run
    self._target(*self._args, **self._kwargs)
  File "/fibus/fs2/02/cgk3480/.conda/envs/churn-env/lib/python3.11/site-packages/git/cmd.py", line 170, in pump_stream
    raise CommandError([f"<{name}-pump>"] + remove_password_if_present(cmdline), ex) from ex
git.exc.CommandError: Cmd('<stdout-pump>') failed due to: ValueError('PyMemoryView_FromBuffer(): info->buf must not be NULL')
  cmdline: <stdout-pump> git diff-tree 942437c97fd9ff23a17c13118f50bd0490f6868c 1c11ca7a0584ddede5b8c93057b40d31e8a96d3d -r --abbrev=40 --full-index -M -p --no-ext-diff --no-color
Pumping 'stdout' of cmd(['git', 'diff-tree', '4cb551a100bcd7cbe810c57ae551bf89312bc0d3', 'a1a8f7fe92a23af30d5e766316452b5312061fa2', '-r', '--abbrev=40', '--full-index', '-M', '-p', '--no-ext-diff', '--no-color']) failed due to: ValueError('PyMemoryView_FromBuffer(): info->buf must not be NULL')
Exception in thread Thread-609 (pump_stream):
Traceback (most recent call last):
  File "/fibus/fs2/02/cgk3480/.conda/envs/churn-env/lib/python3.11/site-packages/git/cmd.py", line 157, in pump_stream
    for line in stream:
ValueError: PyMemoryView_FromBuffer(): info->buf must not be NULL

The above exception was the direct cause of the following exception:

Traceback (most recent call last):
  File "/fibus/fs2/02/cgk3480/.conda/envs/churn-env/lib/python3.11/threading.py", line 1045, in _bootstrap_inner
    self.run()
  File "/fibus/fs2/02/cgk3480/.conda/envs/churn-env/lib/python3.11/threading.py", line 982, in run
    self._target(*self._args, **self._kwargs)
  File "/fibus/fs2/02/cgk3480/.conda/envs/churn-env/lib/python3.11/site-packages/git/cmd.py", line 170, in pump_stream
    raise CommandError([f"<{name}-pump>"] + remove_password_if_present(cmdline), ex) from ex
git.exc.CommandError: Cmd('<stdout-pump>') failed due to: ValueError('PyMemoryView_FromBuffer(): info->buf must not be NULL')
  cmdline: <stdout-pump> git diff-tree 4cb551a100bcd7cbe810c57ae551bf89312bc0d3 a1a8f7fe92a23af30d5e766316452b5312061fa2 -r --abbrev=40 --full-index -M -p --no-ext-diff --no-color
Pumping 'stdout' of cmd(['git', 'diff-tree', '0a3405d35c72535d6a57af3cad29ed14d26cd203', 'ee895ccdf776a676655b1405d493cfcf43d157f0', '-r', '--abbrev=40', '--full-index', '-M', '-p', '--no-ext-diff', '--no-color']) failed due to: ValueError('PyMemoryView_FromBuffer(): info->buf must not be NULL')
Exception in thread Thread-527 (pump_stream):
Traceback (most recent call last):
  File "/fibus/fs2/02/cgk3480/.conda/envs/churn-env/lib/python3.11/site-packages/git/cmd.py", line 157, in pump_stream
    for line in stream:
ValueError: PyMemoryView_FromBuffer(): info->buf must not be NULL

The above exception was the direct cause of the following exception:

Traceback (most recent call last):
  File "/fibus/fs2/02/cgk3480/.conda/envs/churn-env/lib/python3.11/threading.py", line 1045, in _bootstrap_inner
    self.run()
  File "/fibus/fs2/02/cgk3480/.conda/envs/churn-env/lib/python3.11/threading.py", line 982, in run
    self._target(*self._args, **self._kwargs)
  File "/fibus/fs2/02/cgk3480/.conda/envs/churn-env/lib/python3.11/site-packages/git/cmd.py", line 170, in pump_stream
    raise CommandError([f"<{name}-pump>"] + remove_password_if_present(cmdline), ex) from ex
git.exc.CommandError: Cmd('<stdout-pump>') failed due to: ValueError('PyMemoryView_FromBuffer(): info->buf must not be NULL')
  cmdline: <stdout-pump> git diff-tree 0a3405d35c72535d6a57af3cad29ed14d26cd203 ee895ccdf776a676655b1405d493cfcf43d157f0 -r --abbrev=40 --full-index -M -p --no-ext-diff --no-color
Pumping 'stdout' of cmd(['git', 'diff-tree', '30a2ac9a8bb5fce15e617038bee8f26e5d090667', '40cc3a80bb42587db1e6ae21d6f3090582d33e89', '-r', '--abbrev=40', '--full-index', '-M', '-p', '--no-ext-diff', '--no-color']) failed due to: ValueError('PyMemoryView_FromBuffer(): info->buf must not be NULL')
Exception in thread Thread-593 (pump_stream):
Traceback (most recent call last):
  File "/fibus/fs2/02/cgk3480/.conda/envs/churn-env/lib/python3.11/site-packages/git/cmd.py", line 157, in pump_stream
    for line in stream:
ValueError: PyMemoryView_FromBuffer(): info->buf must not be NULL

The above exception was the direct cause of the following exception:

Traceback (most recent call last):
  File "/fibus/fs2/02/cgk3480/.conda/envs/churn-env/lib/python3.11/threading.py", line 1045, in _bootstrap_inner
    self.run()
  File "/fibus/fs2/02/cgk3480/.conda/envs/churn-env/lib/python3.11/threading.py", line 982, in run
    self._target(*self._args, **self._kwargs)
  File "/fibus/fs2/02/cgk3480/.conda/envs/churn-env/lib/python3.11/site-packages/git/cmd.py", line 170, in pump_stream
    raise CommandError([f"<{name}-pump>"] + remove_password_if_present(cmdline), ex) from ex
git.exc.CommandError: Cmd('<stdout-pump>') failed due to: ValueError('PyMemoryView_FromBuffer(): info->buf must not be NULL')
  cmdline: <stdout-pump> git diff-tree 30a2ac9a8bb5fce15e617038bee8f26e5d090667 40cc3a80bb42587db1e6ae21d6f3090582d33e89 -r --abbrev=40 --full-index -M -p --no-ext-diff --no-color
Pumping 'stdout' of cmd(['git', 'diff-tree', 'ae148243d3f0816b37477106c05a2ec7d5f32614', '1cfd5d3399e87167b7f9157ef99daa0e959f395d', '-r', '--abbrev=40', '--full-index', '-M', '-p', '--no-ext-diff', '--no-color']) failed due to: ValueError('PyMemoryView_FromBuffer(): info->buf must not be NULL')
Exception in thread Thread-609 (pump_stream):
Traceback (most recent call last):
  File "/fibus/fs2/02/cgk3480/.conda/envs/churn-env/lib/python3.11/site-packages/git/cmd.py", line 157, in pump_stream
    for line in stream:
ValueError: PyMemoryView_FromBuffer(): info->buf must not be NULL

The above exception was the direct cause of the following exception:

Traceback (most recent call last):
  File "/fibus/fs2/02/cgk3480/.conda/envs/churn-env/lib/python3.11/threading.py", line 1045, in _bootstrap_inner
    self.run()
  File "/fibus/fs2/02/cgk3480/.conda/envs/churn-env/lib/python3.11/threading.py", line 982, in run
    self._target(*self._args, **self._kwargs)
  File "/fibus/fs2/02/cgk3480/.conda/envs/churn-env/lib/python3.11/site-packages/git/cmd.py", line 170, in pump_stream
    raise CommandError([f"<{name}-pump>"] + remove_password_if_present(cmdline), ex) from ex
git.exc.CommandError: Cmd('<stdout-pump>') failed due to: ValueError('PyMemoryView_FromBuffer(): info->buf must not be NULL')
  cmdline: <stdout-pump> git diff-tree ae148243d3f0816b37477106c05a2ec7d5f32614 1cfd5d3399e87167b7f9157ef99daa0e959f395d -r --abbrev=40 --full-index -M -p --no-ext-diff --no-color
Pumping 'stdout' of cmd(['git', 'diff-tree', 'b7c7436a5ff0dd6a37de16310a7154cbfaca3a64', 'cd0e93d865538decfd0f917c112d3fc57aac90fe', '-r', '--abbrev=40', '--full-index', '-M', '-p', '--no-ext-diff', '--no-color']) failed due to: ValueError('PyMemoryView_FromBuffer(): info->buf must not be NULL')
Exception in thread Thread-621 (pump_stream):
Traceback (most recent call last):
  File "/fibus/fs2/02/cgk3480/.conda/envs/churn-env/lib/python3.11/site-packages/git/cmd.py", line 157, in pump_stream
    for line in stream:
ValueError: PyMemoryView_FromBuffer(): info->buf must not be NULL

The above exception was the direct cause of the following exception:

Traceback (most recent call last):
  File "/fibus/fs2/02/cgk3480/.conda/envs/churn-env/lib/python3.11/threading.py", line 1045, in _bootstrap_inner
    self.run()
  File "/fibus/fs2/02/cgk3480/.conda/envs/churn-env/lib/python3.11/threading.py", line 982, in run
    self._target(*self._args, **self._kwargs)
  File "/fibus/fs2/02/cgk3480/.conda/envs/churn-env/lib/python3.11/site-packages/git/cmd.py", line 170, in pump_stream
    raise CommandError([f"<{name}-pump>"] + remove_password_if_present(cmdline), ex) from ex
git.exc.CommandError: Cmd('<stdout-pump>') failed due to: ValueError('PyMemoryView_FromBuffer(): info->buf must not be NULL')
  cmdline: <stdout-pump> git diff-tree b7c7436a5ff0dd6a37de16310a7154cbfaca3a64 cd0e93d865538decfd0f917c112d3fc57aac90fe -r --abbrev=40 --full-index -M -p --no-ext-diff --no-color
Pumping 'stdout' of cmd(['git', 'diff-tree', '98d54f81e36ba3bf92172791eba5ca5bd813989b', '46b5889cc2c54bac7d7e727a44d28a298df23cef', '-r', '--abbrev=40', '--full-index', '-M', '-p', '--no-ext-diff', '--no-color']) failed due to: ValueError('PyMemoryView_FromBuffer(): info->buf must not be NULL')
Exception in thread Thread-713 (pump_stream):
Traceback (most recent call last):
  File "/fibus/fs2/02/cgk3480/.conda/envs/churn-env/lib/python3.11/site-packages/git/cmd.py", line 157, in pump_stream
    for line in stream:
ValueError: PyMemoryView_FromBuffer(): info->buf must not be NULL

The above exception was the direct cause of the following exception:

Traceback (most recent call last):
  File "/fibus/fs2/02/cgk3480/.conda/envs/churn-env/lib/python3.11/threading.py", line 1045, in _bootstrap_inner
    self.run()
  File "/fibus/fs2/02/cgk3480/.conda/envs/churn-env/lib/python3.11/threading.py", line 982, in run
    self._target(*self._args, **self._kwargs)
  File "/fibus/fs2/02/cgk3480/.conda/envs/churn-env/lib/python3.11/site-packages/git/cmd.py", line 170, in pump_stream
    raise CommandError([f"<{name}-pump>"] + remove_password_if_present(cmdline), ex) from ex
git.exc.CommandError: Cmd('<stdout-pump>') failed due to: ValueError('PyMemoryView_FromBuffer(): info->buf must not be NULL')
  cmdline: <stdout-pump> git diff-tree 98d54f81e36ba3bf92172791eba5ca5bd813989b 46b5889cc2c54bac7d7e727a44d28a298df23cef -r --abbrev=40 --full-index -M -p --no-ext-diff --no-color
Pumping 'stdout' of cmd(['git', 'diff-tree', 'e2e34b0856463727292498d756308cba957fe477', '1476db2d129d5e4fc59e93a7abd22edcb26b52f5', '-r', '--abbrev=40', '--full-index', '-M', '-p', '--no-ext-diff', '--no-color']) failed due to: ValueError('PyMemoryView_FromBuffer(): info->buf must not be NULL')
Exception in thread Thread-691 (pump_stream):
Traceback (most recent call last):
  File "/fibus/fs2/02/cgk3480/.conda/envs/churn-env/lib/python3.11/site-packages/git/cmd.py", line 157, in pump_stream
    for line in stream:
ValueError: PyMemoryView_FromBuffer(): info->buf must not be NULL

The above exception was the direct cause of the following exception:

Traceback (most recent call last):
  File "/fibus/fs2/02/cgk3480/.conda/envs/churn-env/lib/python3.11/threading.py", line 1045, in _bootstrap_inner
    self.run()
  File "/fibus/fs2/02/cgk3480/.conda/envs/churn-env/lib/python3.11/threading.py", line 982, in run
    self._target(*self._args, **self._kwargs)
  File "/fibus/fs2/02/cgk3480/.conda/envs/churn-env/lib/python3.11/site-packages/git/cmd.py", line 170, in pump_stream
    raise CommandError([f"<{name}-pump>"] + remove_password_if_present(cmdline), ex) from ex
git.exc.CommandError: Cmd('<stdout-pump>') failed due to: ValueError('PyMemoryView_FromBuffer(): info->buf must not be NULL')
  cmdline: <stdout-pump> git diff-tree e2e34b0856463727292498d756308cba957fe477 1476db2d129d5e4fc59e93a7abd22edcb26b52f5 -r --abbrev=40 --full-index -M -p --no-ext-diff --no-color
Pumping 'stdout' of cmd(['git', 'diff-tree', '433e3aa37773e8a36858b9417c3e345eff79a079', 'e67b2ec9f6171895e774f6543626913960e019df', '-r', '--abbrev=40', '--full-index', '-M', '-p', '--no-ext-diff', '--no-color']) failed due to: ValueError('PyMemoryView_FromBuffer(): info->buf must not be NULL')
Exception in thread Thread-735 (pump_stream):
Traceback (most recent call last):
  File "/fibus/fs2/02/cgk3480/.conda/envs/churn-env/lib/python3.11/site-packages/git/cmd.py", line 157, in pump_stream
    for line in stream:
ValueError: PyMemoryView_FromBuffer(): info->buf must not be NULL

The above exception was the direct cause of the following exception:

Traceback (most recent call last):
  File "/fibus/fs2/02/cgk3480/.conda/envs/churn-env/lib/python3.11/threading.py", line 1045, in _bootstrap_inner
    self.run()
  File "/fibus/fs2/02/cgk3480/.conda/envs/churn-env/lib/python3.11/threading.py", line 982, in run
    self._target(*self._args, **self._kwargs)
  File "/fibus/fs2/02/cgk3480/.conda/envs/churn-env/lib/python3.11/site-packages/git/cmd.py", line 170, in pump_stream
    raise CommandError([f"<{name}-pump>"] + remove_password_if_present(cmdline), ex) from ex
git.exc.CommandError: Cmd('<stdout-pump>') failed due to: ValueError('PyMemoryView_FromBuffer(): info->buf must not be NULL')
  cmdline: <stdout-pump> git diff-tree 433e3aa37773e8a36858b9417c3e345eff79a079 e67b2ec9f6171895e774f6543626913960e019df -r --abbrev=40 --full-index -M -p --no-ext-diff --no-color
Pumping 'stdout' of cmd(['git', 'diff-tree', '08332893e37af6ae779367e78e444f8f9571511d', '64ac43e6fa283f556f0a8f69ad52d6e7d550307d', '-r', '--abbrev=40', '--full-index', '-M', '-p', '--no-ext-diff', '--no-color']) failed due to: ValueError('PyMemoryView_FromBuffer(): info->buf must not be NULL')
Exception in thread Thread-675 (pump_stream):
Traceback (most recent call last):
  File "/fibus/fs2/02/cgk3480/.conda/envs/churn-env/lib/python3.11/site-packages/git/cmd.py", line 157, in pump_stream
    for line in stream:
ValueError: PyMemoryView_FromBuffer(): info->buf must not be NULL

The above exception was the direct cause of the following exception:

Traceback (most recent call last):
  File "/fibus/fs2/02/cgk3480/.conda/envs/churn-env/lib/python3.11/threading.py", line 1045, in _bootstrap_inner
    self.run()
  File "/fibus/fs2/02/cgk3480/.conda/envs/churn-env/lib/python3.11/threading.py", line 982, in run
    self._target(*self._args, **self._kwargs)
  File "/fibus/fs2/02/cgk3480/.conda/envs/churn-env/lib/python3.11/site-packages/git/cmd.py", line 170, in pump_stream
    raise CommandError([f"<{name}-pump>"] + remove_password_if_present(cmdline), ex) from ex
git.exc.CommandError: Cmd('<stdout-pump>') failed due to: ValueError('PyMemoryView_FromBuffer(): info->buf must not be NULL')
  cmdline: <stdout-pump> git diff-tree 08332893e37af6ae779367e78e444f8f9571511d 64ac43e6fa283f556f0a8f69ad52d6e7d550307d -r --abbrev=40 --full-index -M -p --no-ext-diff --no-color
Pumping 'stdout' of cmd(['git', 'diff-tree', 'b94078e69533ba237e2c229bca61bae47e6fafcc', '804209d8a0096d9ed8c9891f987f42bc1a98b8f9', '-r', '--abbrev=40', '--full-index', '-M', '-p', '--no-ext-diff', '--no-color']) failed due to: ValueError('PyMemoryView_FromBuffer(): info->buf must not be NULL')
Exception in thread Thread-573 (pump_stream):
Traceback (most recent call last):
  File "/fibus/fs2/02/cgk3480/.conda/envs/churn-env/lib/python3.11/site-packages/git/cmd.py", line 157, in pump_stream
    for line in stream:
ValueError: PyMemoryView_FromBuffer(): info->buf must not be NULL

The above exception was the direct cause of the following exception:

Traceback (most recent call last):
  File "/fibus/fs2/02/cgk3480/.conda/envs/churn-env/lib/python3.11/threading.py", line 1045, in _bootstrap_inner
    self.run()
  File "/fibus/fs2/02/cgk3480/.conda/envs/churn-env/lib/python3.11/threading.py", line 982, in run
    self._target(*self._args, **self._kwargs)
  File "/fibus/fs2/02/cgk3480/.conda/envs/churn-env/lib/python3.11/site-packages/git/cmd.py", line 170, in pump_stream
    raise CommandError([f"<{name}-pump>"] + remove_password_if_present(cmdline), ex) from ex
git.exc.CommandError: Cmd('<stdout-pump>') failed due to: ValueError('PyMemoryView_FromBuffer(): info->buf must not be NULL')
  cmdline: <stdout-pump> git diff-tree b94078e69533ba237e2c229bca61bae47e6fafcc 804209d8a0096d9ed8c9891f987f42bc1a98b8f9 -r --abbrev=40 --full-index -M -p --no-ext-diff --no-color
Pumping 'stdout' of cmd(['git', 'diff-tree', 'fffa281b48a91ad6dac1a18c5907ece58fa3879b', '263630e8d176d87308481ebdcd78ef9426739c6b', '-r', '--abbrev=40', '--full-index', '-M', '-p', '--no-ext-diff', '--no-color']) failed due to: ValueError('PyMemoryView_FromBuffer(): info->buf must not be NULL')
Exception in thread Thread-597 (pump_stream):
Traceback (most recent call last):
  File "/fibus/fs2/02/cgk3480/.conda/envs/churn-env/lib/python3.11/site-packages/git/cmd.py", line 157, in pump_stream
    for line in stream:
ValueError: PyMemoryView_FromBuffer(): info->buf must not be NULL

The above exception was the direct cause of the following exception:

Traceback (most recent call last):
  File "/fibus/fs2/02/cgk3480/.conda/envs/churn-env/lib/python3.11/threading.py", line 1045, in _bootstrap_inner
    self.run()
  File "/fibus/fs2/02/cgk3480/.conda/envs/churn-env/lib/python3.11/threading.py", line 982, in run
    self._target(*self._args, **self._kwargs)
  File "/fibus/fs2/02/cgk3480/.conda/envs/churn-env/lib/python3.11/site-packages/git/cmd.py", line 170, in pump_stream
    raise CommandError([f"<{name}-pump>"] + remove_password_if_present(cmdline), ex) from ex
git.exc.CommandError: Cmd('<stdout-pump>') failed due to: ValueError('PyMemoryView_FromBuffer(): info->buf must not be NULL')
  cmdline: <stdout-pump> git diff-tree fffa281b48a91ad6dac1a18c5907ece58fa3879b 263630e8d176d87308481ebdcd78ef9426739c6b -r --abbrev=40 --full-index -M -p --no-ext-diff --no-color
Pumping 'stdout' of cmd(['git', 'diff-tree', 'ffe835aa5bdb33572fceb0b14cba6a44c3371bdd', 'fdf21cc3714939dd4327f3d664fe5863d15ccb31', '-r', '--abbrev=40', '--full-index', '-M', '-p', '--no-ext-diff', '--no-color']) failed due to: ValueError('PyMemoryView_FromBuffer(): info->buf must not be NULL')
Exception in thread Thread-643 (pump_stream):
Traceback (most recent call last):
  File "/fibus/fs2/02/cgk3480/.conda/envs/churn-env/lib/python3.11/site-packages/git/cmd.py", line 157, in pump_stream
    for line in stream:
ValueError: PyMemoryView_FromBuffer(): info->buf must not be NULL

The above exception was the direct cause of the following exception:

Traceback (most recent call last):
  File "/fibus/fs2/02/cgk3480/.conda/envs/churn-env/lib/python3.11/threading.py", line 1045, in _bootstrap_inner
    self.run()
  File "/fibus/fs2/02/cgk3480/.conda/envs/churn-env/lib/python3.11/threading.py", line 982, in run
    self._target(*self._args, **self._kwargs)
  File "/fibus/fs2/02/cgk3480/.conda/envs/churn-env/lib/python3.11/site-packages/git/cmd.py", line 170, in pump_stream
    raise CommandError([f"<{name}-pump>"] + remove_password_if_present(cmdline), ex) from ex
git.exc.CommandError: Cmd('<stdout-pump>') failed due to: ValueError('PyMemoryView_FromBuffer(): info->buf must not be NULL')
  cmdline: <stdout-pump> git diff-tree ffe835aa5bdb33572fceb0b14cba6a44c3371bdd fdf21cc3714939dd4327f3d664fe5863d15ccb31 -r --abbrev=40 --full-index -M -p --no-ext-diff --no-color
Pumping 'stdout' of cmd(['git', 'diff-tree', '88a71086c48ae98e93c0208044827621e9717f7e', '3f5f766d5f7f95a69a630da3544a1a0cee1cdddf', '-r', '--abbrev=40', '--full-index', '-M', '-p', '--no-ext-diff', '--no-color']) failed due to: ValueError('PyMemoryView_FromBuffer(): info->buf must not be NULL')
Exception in thread Thread-701 (pump_stream):
Traceback (most recent call last):
  File "/fibus/fs2/02/cgk3480/.conda/envs/churn-env/lib/python3.11/site-packages/git/cmd.py", line 157, in pump_stream
    for line in stream:
ValueError: PyMemoryView_FromBuffer(): info->buf must not be NULL

The above exception was the direct cause of the following exception:

Traceback (most recent call last):
  File "/fibus/fs2/02/cgk3480/.conda/envs/churn-env/lib/python3.11/threading.py", line 1045, in _bootstrap_inner
    self.run()
  File "/fibus/fs2/02/cgk3480/.conda/envs/churn-env/lib/python3.11/threading.py", line 982, in run
    self._target(*self._args, **self._kwargs)
  File "/fibus/fs2/02/cgk3480/.conda/envs/churn-env/lib/python3.11/site-packages/git/cmd.py", line 170, in pump_stream
    raise CommandError([f"<{name}-pump>"] + remove_password_if_present(cmdline), ex) from ex
git.exc.CommandError: Cmd('<stdout-pump>') failed due to: ValueError('PyMemoryView_FromBuffer(): info->buf must not be NULL')
  cmdline: <stdout-pump> git diff-tree 88a71086c48ae98e93c0208044827621e9717f7e 3f5f766d5f7f95a69a630da3544a1a0cee1cdddf -r --abbrev=40 --full-index -M -p --no-ext-diff --no-color
Pumping 'stdout' of cmd(['git', 'diff-tree', '225da3e3cb1f0db9e4cb7fa2a7dc3a360d1cf788', 'd692522577c051058efbe9e3c8aef68a4c36e4f7', '-r', '--abbrev=40', '--full-index', '-M', '-p', '--no-ext-diff', '--no-color']) failed due to: ValueError('PyMemoryView_FromBuffer(): info->buf must not be NULL')
Exception in thread Thread-725 (pump_stream):
Traceback (most recent call last):
  File "/fibus/fs2/02/cgk3480/.conda/envs/churn-env/lib/python3.11/site-packages/git/cmd.py", line 157, in pump_stream
    for line in stream:
ValueError: PyMemoryView_FromBuffer(): info->buf must not be NULL

The above exception was the direct cause of the following exception:

Traceback (most recent call last):
  File "/fibus/fs2/02/cgk3480/.conda/envs/churn-env/lib/python3.11/threading.py", line 1045, in _bootstrap_inner
    self.run()
  File "/fibus/fs2/02/cgk3480/.conda/envs/churn-env/lib/python3.11/threading.py", line 982, in run
    self._target(*self._args, **self._kwargs)
  File "/fibus/fs2/02/cgk3480/.conda/envs/churn-env/lib/python3.11/site-packages/git/cmd.py", line 170, in pump_stream
    raise CommandError([f"<{name}-pump>"] + remove_password_if_present(cmdline), ex) from ex
git.exc.CommandError: Cmd('<stdout-pump>') failed due to: ValueError('PyMemoryView_FromBuffer(): info->buf must not be NULL')
  cmdline: <stdout-pump> git diff-tree 225da3e3cb1f0db9e4cb7fa2a7dc3a360d1cf788 d692522577c051058efbe9e3c8aef68a4c36e4f7 -r --abbrev=40 --full-index -M -p --no-ext-diff --no-color
Pumping 'stdout' of cmd(['git', 'diff-tree', '756f77d216f8c62659d6b0c4b851314c97f794fd', 'ce9ce74145aa6814a370a9ff4f5a1d719baaced1', '-r', '--abbrev=40', '--full-index', '-M', '-p', '--no-ext-diff', '--no-color']) failed due to: ValueError('PyMemoryView_FromBuffer(): info->buf must not be NULL')
Exception in thread Thread-619 (pump_stream):
Traceback (most recent call last):
  File "/fibus/fs2/02/cgk3480/.conda/envs/churn-env/lib/python3.11/site-packages/git/cmd.py", line 157, in pump_stream
    for line in stream:
ValueError: PyMemoryView_FromBuffer(): info->buf must not be NULL

The above exception was the direct cause of the following exception:

Traceback (most recent call last):
  File "/fibus/fs2/02/cgk3480/.conda/envs/churn-env/lib/python3.11/threading.py", line 1045, in _bootstrap_inner
    self.run()
  File "/fibus/fs2/02/cgk3480/.conda/envs/churn-env/lib/python3.11/threading.py", line 982, in run
    self._target(*self._args, **self._kwargs)
  File "/fibus/fs2/02/cgk3480/.conda/envs/churn-env/lib/python3.11/site-packages/git/cmd.py", line 170, in pump_stream
    raise CommandError([f"<{name}-pump>"] + remove_password_if_present(cmdline), ex) from ex
git.exc.CommandError: Cmd('<stdout-pump>') failed due to: ValueError('PyMemoryView_FromBuffer(): info->buf must not be NULL')
  cmdline: <stdout-pump> git diff-tree 756f77d216f8c62659d6b0c4b851314c97f794fd ce9ce74145aa6814a370a9ff4f5a1d719baaced1 -r --abbrev=40 --full-index -M -p --no-ext-diff --no-color
Pumping 'stdout' of cmd(['git', 'diff-tree', '9ae8c18c5e4d8814d3b405a07712fa5464070e3e', 'a6ee6f5f1082c416f9bfffbae1a87feff8a6ab3d', '-r', '--abbrev=40', '--full-index', '-M', '-p', '--no-ext-diff', '--no-color']) failed due to: ValueError('PyMemoryView_FromBuffer(): info->buf must not be NULL')
Exception in thread Thread-739 (pump_stream):
Traceback (most recent call last):
  File "/fibus/fs2/02/cgk3480/.conda/envs/churn-env/lib/python3.11/site-packages/git/cmd.py", line 157, in pump_stream
    for line in stream:
ValueError: PyMemoryView_FromBuffer(): info->buf must not be NULL

The above exception was the direct cause of the following exception:

Traceback (most recent call last):
  File "/fibus/fs2/02/cgk3480/.conda/envs/churn-env/lib/python3.11/threading.py", line 1045, in _bootstrap_inner
    self.run()
  File "/fibus/fs2/02/cgk3480/.conda/envs/churn-env/lib/python3.11/threading.py", line 982, in run
    self._target(*self._args, **self._kwargs)
  File "/fibus/fs2/02/cgk3480/.conda/envs/churn-env/lib/python3.11/site-packages/git/cmd.py", line 170, in pump_stream
    raise CommandError([f"<{name}-pump>"] + remove_password_if_present(cmdline), ex) from ex
git.exc.CommandError: Cmd('<stdout-pump>') failed due to: ValueError('PyMemoryView_FromBuffer(): info->buf must not be NULL')
  cmdline: <stdout-pump> git diff-tree 9ae8c18c5e4d8814d3b405a07712fa5464070e3e a6ee6f5f1082c416f9bfffbae1a87feff8a6ab3d -r --abbrev=40 --full-index -M -p --no-ext-diff --no-color
Pumping 'stdout' of cmd(['git', 'diff-tree', 'af761f277b7fd896c27cb1100b25f11567987822', 'fb367e6baeb0789d3f272a9aa21f5116e8ebd9dc', '-r', '--abbrev=40', '--full-index', '-M', '-p', '--no-ext-diff', '--no-color']) failed due to: ValueError('PyMemoryView_FromBuffer(): info->buf must not be NULL')
Exception in thread Thread-763 (pump_stream):
Traceback (most recent call last):
  File "/fibus/fs2/02/cgk3480/.conda/envs/churn-env/lib/python3.11/site-packages/git/cmd.py", line 157, in pump_stream
    for line in stream:
ValueError: PyMemoryView_FromBuffer(): info->buf must not be NULL

The above exception was the direct cause of the following exception:

Traceback (most recent call last):
  File "/fibus/fs2/02/cgk3480/.conda/envs/churn-env/lib/python3.11/threading.py", line 1045, in _bootstrap_inner
    self.run()
  File "/fibus/fs2/02/cgk3480/.conda/envs/churn-env/lib/python3.11/threading.py", line 982, in run
    self._target(*self._args, **self._kwargs)
  File "/fibus/fs2/02/cgk3480/.conda/envs/churn-env/lib/python3.11/site-packages/git/cmd.py", line 170, in pump_stream
    raise CommandError([f"<{name}-pump>"] + remove_password_if_present(cmdline), ex) from ex
git.exc.CommandError: Cmd('<stdout-pump>') failed due to: ValueError('PyMemoryView_FromBuffer(): info->buf must not be NULL')
  cmdline: <stdout-pump> git diff-tree af761f277b7fd896c27cb1100b25f11567987822 fb367e6baeb0789d3f272a9aa21f5116e8ebd9dc -r --abbrev=40 --full-index -M -p --no-ext-diff --no-color
Pumping 'stdout' of cmd(['git', 'diff-tree', '12a89dbac7914c58b0d207ef608e1c02534708bc', 'cca87d303c85b257a7b0fd34f9d6fce1c59880a2', '-r', '--abbrev=40', '--full-index', '-M', '-p', '--no-ext-diff', '--no-color']) failed due to: ValueError('PyMemoryView_FromBuffer(): info->buf must not be NULL')
Exception in thread Thread-653 (pump_stream):
Traceback (most recent call last):
  File "/fibus/fs2/02/cgk3480/.conda/envs/churn-env/lib/python3.11/site-packages/git/cmd.py", line 157, in pump_stream
    for line in stream:
ValueError: PyMemoryView_FromBuffer(): info->buf must not be NULL

The above exception was the direct cause of the following exception:

Traceback (most recent call last):
  File "/fibus/fs2/02/cgk3480/.conda/envs/churn-env/lib/python3.11/threading.py", line 1045, in _bootstrap_inner
    self.run()
  File "/fibus/fs2/02/cgk3480/.conda/envs/churn-env/lib/python3.11/threading.py", line 982, in run
    self._target(*self._args, **self._kwargs)
  File "/fibus/fs2/02/cgk3480/.conda/envs/churn-env/lib/python3.11/site-packages/git/cmd.py", line 170, in pump_stream
    raise CommandError([f"<{name}-pump>"] + remove_password_if_present(cmdline), ex) from ex
git.exc.CommandError: Cmd('<stdout-pump>') failed due to: ValueError('PyMemoryView_FromBuffer(): info->buf must not be NULL')
  cmdline: <stdout-pump> git diff-tree 12a89dbac7914c58b0d207ef608e1c02534708bc cca87d303c85b257a7b0fd34f9d6fce1c59880a2 -r --abbrev=40 --full-index -M -p --no-ext-diff --no-color
Pumping 'stdout' of cmd(['git', 'diff-tree', '0fea6e9af889f1a4e072f5de999e07fe6859fc88', '2e903b91479782b7dedd869603423d77e079d3de', '-r', '--abbrev=40', '--full-index', '-M', '-p', '--no-ext-diff', '--no-color']) failed due to: ValueError('PyMemoryView_FromBuffer(): info->buf must not be NULL')
Exception in thread Thread-743 (pump_stream):
Traceback (most recent call last):
  File "/fibus/fs2/02/cgk3480/.conda/envs/churn-env/lib/python3.11/site-packages/git/cmd.py", line 157, in pump_stream
    for line in stream:
ValueError: PyMemoryView_FromBuffer(): info->buf must not be NULL

The above exception was the direct cause of the following exception:

Traceback (most recent call last):
  File "/fibus/fs2/02/cgk3480/.conda/envs/churn-env/lib/python3.11/threading.py", line 1045, in _bootstrap_inner
    self.run()
  File "/fibus/fs2/02/cgk3480/.conda/envs/churn-env/lib/python3.11/threading.py", line 982, in run
    self._target(*self._args, **self._kwargs)
  File "/fibus/fs2/02/cgk3480/.conda/envs/churn-env/lib/python3.11/site-packages/git/cmd.py", line 170, in pump_stream
    raise CommandError([f"<{name}-pump>"] + remove_password_if_present(cmdline), ex) from ex
git.exc.CommandError: Cmd('<stdout-pump>') failed due to: ValueError('PyMemoryView_FromBuffer(): info->buf must not be NULL')
  cmdline: <stdout-pump> git diff-tree 0fea6e9af889f1a4e072f5de999e07fe6859fc88 2e903b91479782b7dedd869603423d77e079d3de -r --abbrev=40 --full-index -M -p --no-ext-diff --no-color
Pumping 'stdout' of cmd(['git', 'diff-tree', 'c2e406596571659451f4b95e37ddfd5a8ef1d0dc', '5ac251c8a05ce074e5efac779debf82a15d870a3', '-r', '--abbrev=40', '--full-index', '-M', '-p', '--no-ext-diff', '--no-color']) failed due to: ValueError('PyMemoryView_FromBuffer(): info->buf must not be NULL')
Exception in thread Thread-727 (pump_stream):
Traceback (most recent call last):
  File "/fibus/fs2/02/cgk3480/.conda/envs/churn-env/lib/python3.11/site-packages/git/cmd.py", line 157, in pump_stream
    for line in stream:
ValueError: PyMemoryView_FromBuffer(): info->buf must not be NULL

The above exception was the direct cause of the following exception:

Traceback (most recent call last):
  File "/fibus/fs2/02/cgk3480/.conda/envs/churn-env/lib/python3.11/threading.py", line 1045, in _bootstrap_inner
    self.run()
  File "/fibus/fs2/02/cgk3480/.conda/envs/churn-env/lib/python3.11/threading.py", line 982, in run
    self._target(*self._args, **self._kwargs)
  File "/fibus/fs2/02/cgk3480/.conda/envs/churn-env/lib/python3.11/site-packages/git/cmd.py", line 170, in pump_stream
    raise CommandError([f"<{name}-pump>"] + remove_password_if_present(cmdline), ex) from ex
git.exc.CommandError: Cmd('<stdout-pump>') failed due to: ValueError('PyMemoryView_FromBuffer(): info->buf must not be NULL')
  cmdline: <stdout-pump> git diff-tree c2e406596571659451f4b95e37ddfd5a8ef1d0dc 5ac251c8a05ce074e5efac779debf82a15d870a3 -r --abbrev=40 --full-index -M -p --no-ext-diff --no-color
Chunk 4:   3%|▎         | 1/32 [2:47:54<86:45:18, 10074.80s/it]Chunk 4:   6%|▋         | 2/32 [2:49:48<35:07:43, 4215.44s/it] Chunk 4:   9%|▉         | 3/32 [2:50:28<18:35:58, 2308.93s/it]Chunk 4:  12%|█▎        | 4/32 [2:51:43<11:05:54, 1426.94s/it]Chunk 4:  16%|█▌        | 5/32 [2:52:18<6:56:12, 924.89s/it]  Chunk 4:  19%|█▉        | 6/32 [2:53:36<4:36:04, 637.09s/it]Chunk 4:  22%|██▏       | 7/32 [2:53:44<2:59:39, 431.19s/it]Chunk 4:  25%|██▌       | 8/32 [2:55:26<2:10:38, 326.60s/it]Chunk 4:  28%|██▊       | 9/32 [2:55:33<1:26:51, 226.60s/it]Chunk 4:  31%|███▏      | 10/32 [2:55:38<58:00, 158.21s/it] Chunk 4:  34%|███▍      | 11/32 [2:56:30<43:59, 125.69s/it]Chunk 4:  38%|███▊      | 12/32 [2:56:39<30:03, 90.18s/it] Chunk 4:  41%|████      | 13/32 [2:56:44<20:24, 64.43s/it]Chunk 4:  44%|████▍     | 14/32 [2:57:18<16:31, 55.06s/it]Chunk 4:  47%|████▋     | 15/32 [2:57:53<13:57, 49.27s/it]Chunk 4:  50%|█████     | 16/32 [2:59:00<14:33, 54.58s/it]Chunk 4:  53%|█████▎    | 17/32 [2:59:44<12:50, 51.37s/it]Chunk 4:  56%|█████▋    | 18/32 [2:59:47<08:34, 36.72s/it]Chunk 4:  59%|█████▉    | 19/32 [2:59:59<06:22, 29.42s/it]Chunk 4:  62%|██████▎   | 20/32 [3:00:31<05:59, 29.97s/it]Chunk 4:  66%|██████▌   | 21/32 [3:00:37<04:13, 23.02s/it]Chunk 4:  69%|██████▉   | 22/32 [3:01:12<04:25, 26.51s/it]Chunk 4:  72%|███████▏  | 23/32 [3:01:47<04:20, 28.93s/it]Chunk 4:  75%|███████▌  | 24/32 [3:02:50<05:14, 39.35s/it]Chunk 4:  78%|███████▊  | 25/32 [3:02:55<03:22, 28.98s/it]Chunk 4:  81%|████████▏ | 26/32 [3:03:25<02:55, 29.33s/it]Chunk 4:  84%|████████▍ | 27/32 [3:04:09<02:48, 33.75s/it]Chunk 4:  88%|████████▊ | 28/32 [3:04:14<01:40, 25.02s/it]Chunk 4:  91%|█████████ | 29/32 [3:04:34<01:10, 23.46s/it]Chunk 4:  94%|█████████▍| 30/32 [3:06:49<01:54, 57.13s/it]Chunk 4:  97%|█████████▋| 31/32 [3:08:12<01:04, 64.90s/it]Chunk 4: 100%|██████████| 32/32 [3:09:01<00:00, 59.97s/it]Chunk 4: 100%|██████████| 32/32 [3:09:01<00:00, 354.42s/it]
