cp: cannot create regular file '/dev/shm/linux/./.git/gc.log.lock': File exists
cp: cannot create directory '/dev/shm/linux/./.git/branches': File exists
cp: cannot create regular file '/dev/shm/linux/./.git/hooks/applypatch-msg.sample': File exists
cp: cannot create regular file '/dev/shm/linux/./.git/hooks/pre-applypatch.sample': File exists
cp: cannot create regular file '/dev/shm/linux/./.git/hooks/pre-merge-commit.sample': File exists
cp: cannot create regular file '/dev/shm/linux/./.git/hooks/pre-push.sample': File exists
cp: cannot create regular file '/dev/shm/linux/./.git/hooks/push-to-checkout.sample': File exists
cp: cannot create regular file '/dev/shm/linux/./.git/hooks/update.sample': File exists
cp: cannot create regular file '/dev/shm/linux/./.git/hooks/prepare-commit-msg.sample': File exists
cp: cannot create regular file '/dev/shm/linux/./.git/info/refs': File exists
cp: cannot create regular file '/dev/shm/linux/./.git/description': File exists
cp: cannot create directory '/dev/shm/linux/./.git/objects/pack': File exists
cp: cannot create regular file '/dev/shm/linux/./Documentation/ABI/testing/sysfs-bus-iio-adc-ad4130': File exists
cp: cannot create regular file '/dev/shm/linux/./Documentation/ABI/testing/sysfs-bus-iio-adc-ad7280a': File exists
cp: cannot create regular file '/dev/shm/linux/./Documentation/ABI/testing/sysfs-bus-iio-adc-envelope-detector': File exists
cp: cannot create regular file '/dev/shm/linux/./Documentation/ABI/testing/sysfs-bus-iio-adc-max11410': File exists
cp: cannot create regular file '/dev/shm/linux/./Documentation/ABI/testing/sysfs-bus-iio-adc-mt6360': File exists
cp: cannot create regular file '/dev/shm/linux/./Documentation/ABI/testing/sysfs-bus-iio-bno055': File exists
cp: cannot create regular file '/dev/shm/linux/./Documentation/ABI/testing/sysfs-bus-iio-chemical-sgp40': File exists
cp: cannot create regular file '/dev/shm/linux/./Documentation/ABI/testing/sysfs-bus-iio-chemical-vz89x': File exists
cp: cannot create regular file '/dev/shm/linux/./Documentation/ABI/testing/sysfs-bus-iio-dac': File exists
cp: cannot create regular file '/dev/shm/linux/./Documentation/ABI/testing/sysfs-bus-iio-dac-ad5766': File exists
cp: cannot create regular file '/dev/shm/linux/./Documentation/ABI/testing/sysfs-bus-iio-dac-dpot-dac': File exists
cp: cannot create regular file '/dev/shm/linux/./Documentation/ABI/testing/sysfs-bus-iio-dfsdm-adc-stm32': File exists
cp: cannot create regular file '/dev/shm/linux/./Documentation/ABI/testing/sysfs-bus-iio-dma-buffer': File exists
cp: cannot create regular file '/dev/shm/linux/./Documentation/ABI/testing/sysfs-bus-iio-filter-admv8818': File exists
cp: cannot create regular file '/dev/shm/linux/./Documentation/ABI/testing/sysfs-bus-iio-frequency-ad9523': File exists
cp: cannot create regular file '/dev/shm/linux/./Documentation/ABI/testing/sysfs-bus-iio-frequency-adf4371': File exists
cp: cannot create regular file '/dev/shm/linux/./Documentation/ABI/testing/sysfs-bus-iio-frequency-admv1014': File exists
cp: cannot create regular file '/dev/shm/linux/./Documentation/ABI/testing/sysfs-bus-iio-health-afe440x': File exists
cp: cannot create regular file '/dev/shm/linux/./Documentation/ABI/testing/sysfs-bus-iio-ina2xx-adc': File exists
cp: cannot create regular file '/dev/shm/linux/./Documentation/ABI/testing/sysfs-bus-iio-isl29501': File exists
cp: cannot create regular file '/dev/shm/linux/./Documentation/ABI/testing/sysfs-bus-iio-light-lm3533-als': File exists
cp: cannot create regular file '/dev/shm/linux/./Documentation/ABI/testing/sysfs-bus-iio-light-si1133': File exists
cp: cannot create regular file '/dev/shm/linux/./Documentation/ABI/testing/sysfs-bus-iio-light-tsl2583': File exists
cp: cannot create regular file '/dev/shm/linux/./Documentation/ABI/testing/sysfs-bus-iio-magnetometer-hmc5843': File exists
cp: cannot create regular file '/dev/shm/linux/./Documentation/ABI/testing/sysfs-bus-iio-potentiometer-mcp4531': File exists
cp: cannot create regular file '/dev/shm/linux/./Documentation/ABI/testing/sysfs-bus-iio-resolver-ad2s1210': File exists
cp: cannot create regular file '/dev/shm/linux/./Documentation/ABI/testing/sysfs-bus-iio-sx9310': File exists
cp: cannot create regular file '/dev/shm/linux/./Documentation/ABI/testing/sysfs-bus-iio-thermocouple': File exists
cp: cannot create regular file '/dev/shm/linux/./Documentation/ABI/testing/sysfs-bus-iio-trigger-sysfs': File exists
cp: cannot create regular file '/dev/shm/linux/./Documentation/ABI/testing/sysfs-bus-iio-vf610': File exists
cp: cannot create regular file '/dev/shm/linux/./Documentation/ABI/testing/sysfs-bus-intel_th-devices-gth': File exists
cp: cannot create regular file '/dev/shm/linux/./Documentation/ABI/testing/sysfs-bus-intel_th-output-devices': File exists
cp: cannot create regular file '/dev/shm/linux/./Documentation/ABI/testing/sysfs-bus-mdio': File exists
cp: cannot create regular file '/dev/shm/linux/./Documentation/ABI/testing/sysfs-bus-mei': File exists
cp: cannot create regular file '/dev/shm/linux/./Documentation/ABI/testing/sysfs-bus-most': File exists
cp: cannot create regular file '/dev/shm/linux/./Documentation/ABI/testing/sysfs-bus-nfit': File exists
cp: cannot create regular file '/dev/shm/linux/./Documentation/ABI/testing/sysfs-bus-optee-devices': File exists
cp: cannot create regular file '/dev/shm/linux/./Documentation/ABI/testing/sysfs-bus-pci': File exists
cp: cannot create regular file '/dev/shm/linux/./Documentation/ABI/testing/sysfs-bus-pci-devices-cciss': File exists
cp: cannot create regular file '/dev/shm/linux/./Documentation/ABI/testing/sysfs-bus-pci-drivers-ehci_hcd': File exists
cp: cannot create regular file '/dev/shm/linux/./Documentation/ABI/testing/sysfs-bus-pci-drivers-janz-cmodio': File exists
cp: cannot create regular file '/dev/shm/linux/./Documentation/ABI/testing/sysfs-bus-peci': File exists
cp: cannot create regular file '/dev/shm/linux/./Documentation/ABI/testing/sysfs-bus-platform-devices-occ-hwmon': File exists
cp: cannot create regular file '/dev/shm/linux/./Documentation/ABI/testing/sysfs-bus-platform-drivers-amd_x3d_vcache': File exists
cp: cannot create regular file '/dev/shm/linux/./Documentation/ABI/testing/sysfs-bus-rapidio': File exists
cp: cannot create regular file '/dev/shm/linux/./Documentation/ABI/testing/sysfs-bus-rpmsg': File exists
cp: cannot create regular file '/dev/shm/linux/./Documentation/ABI/testing/sysfs-bus-soundwire-master': File exists
cp: cannot create regular file '/dev/shm/linux/./Documentation/ABI/testing/sysfs-bus-spi-devices-spi-nor': File exists
cp: cannot create regular file '/dev/shm/linux/./Documentation/ABI/testing/sysfs-bus-thunderbolt': File exists
cp: cannot create regular file '/dev/shm/linux/./Documentation/ABI/testing/sysfs-bus-usb': File exists
cp: cannot create regular file '/dev/shm/linux/./Documentation/ABI/testing/sysfs-bus-usb-lvstest': File exists
cp: cannot create regular file '/dev/shm/linux/./Documentation/ABI/testing/sysfs-bus-vfio-mdev': File exists
cp: cannot create regular file '/dev/shm/linux/./Documentation/ABI/testing/sysfs-bus-wmi': File exists
cp: cannot create regular file '/dev/shm/linux/./Documentation/ABI/testing/sysfs-class': File exists
cp: cannot create regular file '/dev/shm/linux/./Documentation/ABI/testing/sysfs-class-backlight-driver-lm3533': File exists
cp: cannot create regular file '/dev/shm/linux/./Documentation/ABI/testing/sysfs-class-bdi': File exists
cp: cannot create regular file '/dev/shm/linux/./Documentation/ABI/testing/sysfs-class-bsr': File exists
cp: cannot create regular file '/dev/shm/linux/./Documentation/ABI/testing/sysfs-class-chromeos-driver-cros-ec-lightbar': File exists
cp: cannot create regular file '/dev/shm/linux/./Documentation/ABI/testing/sysfs-class-devfreq': File exists
cp: cannot create regular file '/dev/shm/linux/./Documentation/ABI/testing/sysfs-class-devlink': File exists
cp: cannot create regular file '/dev/shm/linux/./Documentation/ABI/testing/sysfs-class-fc': File exists
cp: cannot create regular file '/dev/shm/linux/./Documentation/ABI/testing/sysfs-class-fc_host': File exists
cp: cannot create regular file '/dev/shm/linux/./Documentation/ABI/testing/sysfs-class-firmware': File exists
cp: cannot create regular file '/dev/shm/linux/./Documentation/ABI/testing/sysfs-class-firmware-attributes': File exists
cp: cannot create regular file '/dev/shm/linux/./Documentation/ABI/testing/sysfs-class-fpga-manager': File exists
cp: cannot create regular file '/dev/shm/linux/./Documentation/ABI/testing/sysfs-class-gnss': File exists
cp: cannot create regular file '/dev/shm/linux/./Documentation/ABI/testing/sysfs-class-hwmon': File exists
cp: cannot create regular file '/dev/shm/linux/./Documentation/ABI/testing/sysfs-class-iommu': File exists
cp: cannot create regular file '/dev/shm/linux/./Documentation/ABI/testing/sysfs-class-led-driver-aw200xx': File exists
cp: cannot create regular file '/dev/shm/linux/./Documentation/ABI/testing/sysfs-class-led-driver-turris-omnia': File exists
cp: cannot create regular file '/dev/shm/linux/./Documentation/ABI/testing/sysfs-class-led-trigger-oneshot': File exists
cp: cannot create regular file '/dev/shm/linux/./Documentation/ABI/testing/sysfs-class-led-trigger-tty': File exists
cp: cannot create regular file '/dev/shm/linux/./Documentation/ABI/testing/sysfs-class-led-trigger-usbport': File exists
cp: cannot create regular file '/dev/shm/linux/./Documentation/ABI/testing/sysfs-class-mic': File exists
cp: cannot create regular file '/dev/shm/linux/./Documentation/ABI/testing/sysfs-class-mux': File exists
cp: cannot create regular file '/dev/shm/linux/./Documentation/ABI/testing/sysfs-class-net-cdc_ncm': File exists
cp: cannot create regular file '/dev/shm/linux/./Documentation/ABI/testing/sysfs-class-net-grcan': File exists
cp: cannot create regular file '/dev/shm/linux/./Documentation/ABI/testing/sysfs-class-net-peak_usb': File exists
cp: cannot create regular file '/dev/shm/linux/./Documentation/ABI/testing/sysfs-class-net-qmi': File exists
cp: cannot create regular file '/dev/shm/linux/./Documentation/ABI/testing/sysfs-class-net-queues': File exists
cp: cannot create regular file '/dev/shm/linux/./Documentation/ABI/testing/sysfs-class-net-statistics': File exists
cp: cannot create regular file '/dev/shm/linux/./Documentation/ABI/testing/sysfs-class-power': File exists
cp: cannot create regular file '/dev/shm/linux/./Documentation/ABI/testing/sysfs-class-power-ltc4162l': File exists
cp: cannot create regular file '/dev/shm/linux/./Documentation/ABI/testing/sysfs-class-power-mp2629': File exists
cp: cannot create regular file '/dev/shm/linux/./Documentation/ABI/testing/sysfs-class-power-rt9467': File exists
cp: cannot create regular file '/dev/shm/linux/./Documentation/ABI/testing/sysfs-class-power-rt9756': File exists
cp: cannot create regular file '/dev/shm/linux/./Documentation/ABI/testing/sysfs-class-power-twl4030': File exists
cp: cannot create regular file '/dev/shm/linux/./Documentation/ABI/testing/sysfs-class-powercap': File exists
cp: cannot create regular file '/dev/shm/linux/./Documentation/ABI/testing/sysfs-class-rapidio': File exists
cp: cannot create regular file '/dev/shm/linux/./Documentation/ABI/testing/sysfs-class-rc': File exists
cp: cannot create regular file '/dev/shm/linux/./Documentation/ABI/testing/sysfs-class-reboot-mode-reboot_modes': File exists
cp: cannot create regular file '/dev/shm/linux/./Documentation/ABI/testing/sysfs-class-rnbd-server': File exists
cp: cannot create regular file '/dev/shm/linux/./Documentation/ABI/testing/sysfs-class-rtrs-client': File exists
cp: cannot create regular file '/dev/shm/linux/./Documentation/ABI/testing/sysfs-class-rtrs-server': File exists
cp: cannot create regular file '/dev/shm/linux/./Documentation/ABI/testing/sysfs-class-scsi_host': File exists
cp: cannot create regular file '/dev/shm/linux/./Documentation/ABI/testing/sysfs-class-spi-eeprom': File exists
cp: cannot create regular file '/dev/shm/linux/./Documentation/ABI/testing/sysfs-class-stm': File exists
cp: cannot create regular file '/dev/shm/linux/./Documentation/ABI/testing/sysfs-class-switchtec': File exists
cp: cannot create regular file '/dev/shm/linux/./Documentation/ABI/testing/sysfs-class-tsm': File exists
cp: cannot create regular file '/dev/shm/linux/./Documentation/ABI/testing/sysfs-class-typec': File exists
cp: cannot create regular file '/dev/shm/linux/./Documentation/ABI/testing/sysfs-class-usb_role': File exists
cp: cannot create regular file '/dev/shm/linux/./Documentation/ABI/testing/sysfs-class-wakeup': File exists
cp: cannot create regular file '/dev/shm/linux/./Documentation/ABI/testing/sysfs-class-zram': File exists
cp: cannot create regular file '/dev/shm/linux/./Documentation/ABI/testing/sysfs-devices': File exists
cp: cannot create regular file '/dev/shm/linux/./Documentation/ABI/testing/sysfs-devices-coredump': File exists
cp: cannot create regular file '/dev/shm/linux/./Documentation/ABI/testing/sysfs-devices-firmware_node': File exists
cp: cannot create regular file '/dev/shm/linux/./Documentation/ABI/testing/sysfs-devices-lpss_ltr': File exists
cp: cannot create regular file '/dev/shm/linux/./Documentation/ABI/testing/sysfs-devices-mmc': File exists
cp: cannot create regular file '/dev/shm/linux/./Documentation/ABI/testing/sysfs-devices-online': File exists
cp: cannot create regular file '/dev/shm/linux/./Documentation/ABI/testing/sysfs-devices-physical_location': File exists
cp: cannot create regular file '/dev/shm/linux/./Documentation/ABI/testing/sysfs-devices-platform-_UDC_-gadget': File exists
cp: cannot create regular file '/dev/shm/linux/./Documentation/ABI/testing/sysfs-devices-platform-dock': File exists
cp: cannot create regular file '/dev/shm/linux/./Documentation/ABI/testing/sysfs-devices-platform-kunpeng_hccs': File exists
cp: cannot create regular file '/dev/shm/linux/./Documentation/ABI/testing/sysfs-devices-platform-soc-ipa': File exists
cp: cannot create regular file '/dev/shm/linux/./Documentation/ABI/testing/sysfs-devices-platform-trackpoint': File exists
cp: cannot create regular file '/dev/shm/linux/./Documentation/ABI/testing/sysfs-devices-power_resources_D1': File exists
cp: cannot create regular file '/dev/shm/linux/./Documentation/ABI/testing/sysfs-devices-power_resources_D2': File exists
cp: cannot create regular file '/dev/shm/linux/./Documentation/ABI/testing/sysfs-devices-real_power_state': File exists
cp: cannot create regular file '/dev/shm/linux/./Documentation/ABI/testing/sysfs-devices-removable': File exists
cp: cannot create regular file '/dev/shm/linux/./Documentation/ABI/testing/sysfs-devices-soc': File exists
cp: cannot create regular file '/dev/shm/linux/./Documentation/ABI/testing/sysfs-devices-state_synced': File exists
cp: cannot create regular file '/dev/shm/linux/./Documentation/ABI/testing/sysfs-devices-sun': File exists
cp: cannot create regular file '/dev/shm/linux/./Documentation/ABI/testing/sysfs-devices-system-cpu': File exists
cp: cannot create regular file '/dev/shm/linux/./Documentation/ABI/testing/sysfs-devices-vfio-dev': File exists
cp: cannot create regular file '/dev/shm/linux/./Documentation/ABI/testing/sysfs-devices-waiting_for_supplier': File exists
cp: cannot create regular file '/dev/shm/linux/./Documentation/ABI/testing/sysfs-devices-xenbus': File exists
cp: cannot create regular file '/dev/shm/linux/./Documentation/ABI/testing/sysfs-driver-amd-sfh': File exists
cp: cannot create regular file '/dev/shm/linux/./Documentation/ABI/testing/sysfs-driver-bd9571mwv-regulator': File exists
cp: cannot create regular file '/dev/shm/linux/./Documentation/ABI/testing/sysfs-driver-eud': File exists
cp: cannot create regular file '/dev/shm/linux/./Documentation/ABI/testing/sysfs-driver-fsi-master-gpio': File exists
cp: cannot create regular file '/dev/shm/linux/./Documentation/ABI/testing/sysfs-driver-genwqe': File exists
cp: cannot create regular file '/dev/shm/linux/./Documentation/ABI/testing/sysfs-driver-hid': File exists
cp: cannot create regular file '/dev/shm/linux/./Documentation/ABI/testing/sysfs-driver-hid-appletb-kbd': File exists
cp: cannot create regular file '/dev/shm/linux/./Documentation/ABI/testing/sysfs-driver-hid-corsair-void': File exists
cp: cannot create regular file '/dev/shm/linux/./Documentation/ABI/testing/sysfs-driver-hid-lenovo-go-s': File exists
cp: cannot create regular file '/dev/shm/linux/./Documentation/ABI/testing/sysfs-driver-hid-logitech-lg4ff': File exists
cp: cannot create regular file '/dev/shm/linux/./Documentation/ABI/testing/sysfs-driver-hid-multitouch': File exists
cp: cannot create regular file '/dev/shm/linux/./Documentation/ABI/testing/sysfs-driver-hid-picolcd': File exists
cp: cannot create regular file '/dev/shm/linux/./Documentation/ABI/testing/sysfs-driver-hid-roccat-kone': File exists
cp: cannot create regular file '/dev/shm/linux/./Documentation/ABI/testing/sysfs-driver-hid-wiimote': File exists
cp: cannot create regular file '/dev/shm/linux/./Documentation/ABI/testing/sysfs-driver-input-cros-ec-keyb': File exists
cp: cannot create regular file '/dev/shm/linux/./Documentation/ABI/testing/sysfs-driver-intc_sar': File exists
cp: cannot create regular file '/dev/shm/linux/./Documentation/ABI/testing/sysfs-driver-intel-m10-bmc-sec-update': File exists
cp: cannot create regular file '/dev/shm/linux/./Documentation/ABI/testing/sysfs-driver-intel-rapid-start': File exists
cp: cannot create regular file '/dev/shm/linux/./Documentation/ABI/testing/sysfs-driver-intel-xe-hwmon': File exists
cp: cannot create regular file '/dev/shm/linux/./Documentation/ABI/testing/sysfs-driver-jz4780-efuse': File exists
cp: cannot create regular file '/dev/shm/linux/./Documentation/ABI/testing/sysfs-driver-panfrost-profiling': File exists
cp: cannot create regular file '/dev/shm/linux/./Documentation/ABI/testing/sysfs-driver-qaic': File exists
cp: cannot create regular file '/dev/shm/linux/./Documentation/ABI/testing/sysfs-driver-qat_rl': File exists
cp: cannot create regular file '/dev/shm/linux/./Documentation/ABI/testing/sysfs-driver-samsung-laptop': File exists
cp: cannot create regular file '/dev/shm/linux/./Documentation/ABI/testing/sysfs-driver-spi-intel': File exists
cp: cannot create regular file '/dev/shm/linux/./Documentation/ABI/testing/sysfs-driver-typec-displayport': File exists
cp: cannot create regular file '/dev/shm/linux/./Documentation/ABI/testing/sysfs-driver-uacce': File exists
cp: cannot create regular file '/dev/shm/linux/./Documentation/ABI/testing/sysfs-driver-uio_pci_sva-pasid': File exists
cp: cannot create regular file '/dev/shm/linux/./Documentation/ABI/testing/sysfs-driver-uniwill-laptop': File exists
cp: cannot create regular file '/dev/shm/linux/./Documentation/ABI/testing/sysfs-driver-w1_ds28e17': File exists
cp: cannot create regular file '/dev/shm/linux/./Documentation/ABI/testing/sysfs-driver-w1_therm': File exists
cp: cannot create regular file '/dev/shm/linux/./Documentation/ABI/testing/sysfs-driver-xdata': File exists
cp: cannot create regular file '/dev/shm/linux/./Documentation/ABI/testing/sysfs-driver-xen-blkfront': File exists
cp: cannot create regular file '/dev/shm/linux/./Documentation/ABI/testing/sysfs-edac-ecs': File exists
cp: cannot create regular file '/dev/shm/linux/./Documentation/ABI/testing/sysfs-edac-memory-repair': File exists
cp: cannot create regular file '/dev/shm/linux/./Documentation/ABI/testing/sysfs-firmware-dmi-entries': File exists
cp: cannot create regular file '/dev/shm/linux/./Documentation/ABI/testing/sysfs-firmware-efi-esrt': File exists
cp: cannot create regular file '/dev/shm/linux/./Documentation/ABI/testing/sysfs-firmware-gsmi': File exists
cp: cannot create regular file '/dev/shm/linux/./Documentation/ABI/testing/sysfs-firmware-initrd': File exists
cp: cannot create regular file '/dev/shm/linux/./Documentation/ABI/testing/sysfs-firmware-lefi-boardinfo': File exists
cp: cannot create regular file '/dev/shm/linux/./Documentation/ABI/testing/sysfs-firmware-log': File exists
cp: cannot create regular file '/dev/shm/linux/./Documentation/ABI/testing/sysfs-firmware-opal-powercap': File exists
cp: cannot create regular file '/dev/shm/linux/./Documentation/ABI/testing/sysfs-firmware-papr-energy-scale-info': File exists
cp: cannot create regular file '/dev/shm/linux/./Documentation/ABI/testing/sysfs-firmware-plpks': File exists
cp: cannot create regular file '/dev/shm/linux/./Documentation/ABI/testing/sysfs-fs-f2fs': File exists
cp: cannot create regular file '/dev/shm/linux/./Documentation/ABI/testing/sysfs-fs-ubifs': File exists
cp: cannot create regular file '/dev/shm/linux/./Documentation/ABI/testing/sysfs-fs-virtiofs': File exists
cp: cannot create regular file '/dev/shm/linux/./Documentation/ABI/testing/sysfs-fs-xfs': File exists
cp: cannot create regular file '/dev/shm/linux/./Documentation/ABI/testing/sysfs-kernel-address_bits': File exists
cp: cannot create regular file '/dev/shm/linux/./Documentation/ABI/testing/sysfs-kernel-boot_params': File exists
cp: cannot create regular file '/dev/shm/linux/./Documentation/ABI/testing/sysfs-kernel-btf': File exists
cp: cannot create regular file '/dev/shm/linux/./Documentation/ABI/testing/sysfs-kernel-cpu_byteorder': File exists
cp: cannot create regular file '/dev/shm/linux/./Documentation/ABI/testing/sysfs-kernel-fadump': File exists
cp: cannot create regular file '/dev/shm/linux/./Documentation/ABI/testing/sysfs-kernel-fscaps': File exists
cp: cannot create regular file '/dev/shm/linux/./Documentation/ABI/testing/sysfs-kernel-iommu_groups': File exists
cp: cannot create regular file '/dev/shm/linux/./Documentation/ABI/testing/sysfs-kernel-irq': File exists
cp: cannot create regular file '/dev/shm/linux/./Documentation/ABI/testing/sysfs-kernel-kexec-kdump': File exists
cp: cannot create regular file '/dev/shm/linux/./Documentation/ABI/testing/sysfs-kernel-mm-cma': File exists
cp: cannot create regular file '/dev/shm/linux/./Documentation/ABI/testing/sysfs-kernel-mm-hugepages': File exists
cp: cannot create regular file '/dev/shm/linux/./Documentation/ABI/testing/sysfs-kernel-mm-ksm': File exists
cp: cannot create regular file '/dev/shm/linux/./Documentation/ABI/testing/sysfs-kernel-mm-mempolicy-weighted-interleave': File exists
cp: cannot create regular file '/dev/shm/linux/./Documentation/ABI/testing/sysfs-kernel-rcu_stall_count': File exists
cp: cannot create regular file '/dev/shm/linux/./Documentation/ABI/testing/sysfs-kernel-slab': File exists
cp: cannot create regular file '/dev/shm/linux/./Documentation/ABI/testing/sysfs-kernel-warn_count': File exists
cp: cannot create regular file '/dev/shm/linux/./Documentation/ABI/testing/sysfs-memory-page-offline': File exists
cp: cannot create regular file '/dev/shm/linux/./Documentation/ABI/testing/sysfs-nvme': File exists
cp: cannot create regular file '/dev/shm/linux/./Documentation/ABI/testing/sysfs-platform-alienware-wmi': File exists
cp: cannot create regular file '/dev/shm/linux/./Documentation/ABI/testing/sysfs-platform-asus-wmi': File exists
cp: cannot create regular file '/dev/shm/linux/./Documentation/ABI/testing/sysfs-platform-at91': File exists
cp: cannot create regular file '/dev/shm/linux/./Documentation/ABI/testing/sysfs-platform-brcmstb-gisb-arb': File exists
cp: cannot create regular file '/dev/shm/linux/./Documentation/ABI/testing/sysfs-platform-chipidea-usb-otg': File exists
cp: cannot create regular file '/dev/shm/linux/./Documentation/ABI/testing/sysfs-platform-chipidea-usb2': File exists
cp: cannot create regular file '/dev/shm/linux/./Documentation/ABI/testing/sysfs-platform-dell-smbios': File exists
cp: cannot create regular file '/dev/shm/linux/./Documentation/ABI/testing/sysfs-platform-dell-wmi-ddv': File exists
cp: cannot create regular file '/dev/shm/linux/./Documentation/ABI/testing/sysfs-platform-dfl-port': File exists
cp: cannot create regular file '/dev/shm/linux/./Documentation/ABI/testing/sysfs-platform-eeepc-laptop': File exists
cp: cannot create regular file '/dev/shm/linux/./Documentation/ABI/testing/sysfs-platform-hidma-mgmt': File exists
cp: cannot create regular file '/dev/shm/linux/./Documentation/ABI/testing/sysfs-platform-i2c-demux-pinctrl': File exists
cp: cannot create regular file '/dev/shm/linux/./Documentation/ABI/testing/sysfs-platform-intel-ifs': File exists
cp: cannot create regular file '/dev/shm/linux/./Documentation/ABI/testing/sysfs-platform-intel-wmi-sbl-fw-update': File exists
cp: cannot create regular file '/dev/shm/linux/./Documentation/ABI/testing/sysfs-platform-kim': File exists
cp: cannot create regular file '/dev/shm/linux/./Documentation/ABI/testing/sysfs-platform-mellanox-bootctl': File exists
cp: cannot create regular file '/dev/shm/linux/./Documentation/ABI/testing/sysfs-platform-msi-laptop': File exists
cp: cannot create regular file '/dev/shm/linux/./Documentation/ABI/testing/sysfs-platform-phy-rcar-gen3-usb2': File exists
cp: cannot create regular file '/dev/shm/linux/./Documentation/ABI/testing/sysfs-platform-power-on-reason': File exists
cp: cannot create regular file '/dev/shm/linux/./Documentation/ABI/testing/sysfs-platform-ts5500': File exists
cp: cannot create regular file '/dev/shm/linux/./Documentation/ABI/testing/sysfs-platform-twl4030-usb': File exists
cp: cannot create regular file '/dev/shm/linux/./Documentation/ABI/testing/sysfs-platform_profile': File exists
cp: cannot create regular file '/dev/shm/linux/./Documentation/ABI/testing/sysfs-pps': File exists
cp: cannot create regular file '/dev/shm/linux/./Documentation/ABI/testing/sysfs-pps-gen': File exists
cp: cannot create regular file '/dev/shm/linux/./Documentation/ABI/testing/sysfs-pps-gen-tio': File exists
cp: cannot create regular file '/dev/shm/linux/./Documentation/ABI/testing/sysfs-ptp': File exists
cp: cannot create regular file '/dev/shm/linux/./Documentation/ABI/testing/sysfs-tty': File exists
cp: cannot create regular file '/dev/shm/linux/./Documentation/ABI/testing/usb-charger-uevent': File exists
cp: cannot create regular file '/dev/shm/linux/./Documentation/ABI/testing/usb-uevent': File exists
cp: cannot create symbolic link '/dev/shm/linux/./Documentation/Changes': File exists
cp: cannot create regular file '/dev/shm/linux/./Documentation/Kconfig': File exists
cp: cannot create directory '/dev/shm/linux/./Documentation/PCI': File exists
cp: cannot create regular file '/dev/shm/linux/./Documentation/RCU/Design/Memory-Ordering/TreeRCU-dyntick.svg': File exists
cp: cannot create regular file '/dev/shm/linux/./Documentation/RCU/Design/Memory-Ordering/TreeRCU-gp-fqs.svg': File exists
cp: cannot create regular file '/dev/shm/linux/./Documentation/RCU/Design/Memory-Ordering/TreeRCU-gp-init-2.svg': File exists
cp: cannot create regular file '/dev/shm/linux/./Documentation/RCU/Design/Memory-Ordering/TreeRCU-gp.svg': File exists
cp: cannot create regular file '/dev/shm/linux/./Documentation/RCU/Design/Memory-Ordering/rcu_node-lock.svg': File exists
cp: cannot create regular file '/dev/shm/linux/./Documentation/RCU/Design/Requirements/GPpartitionReaders1.svg': File exists
cp: cannot create regular file '/dev/shm/linux/./Documentation/RCU/Design/Requirements/Requirements.rst': File exists
cp: cannot create regular file '/dev/shm/linux/./Documentation/RCU/RTFP.txt': File exists
cp: cannot create regular file '/dev/shm/linux/./Documentation/RCU/checklist.rst': File exists
cp: cannot create regular file '/dev/shm/linux/./Documentation/RCU/listRCU.rst': File exists
cp: cannot create regular file '/dev/shm/linux/./Documentation/RCU/lockdep.rst': File exists
cp: cannot create regular file '/dev/shm/linux/./Documentation/RCU/rcubarrier.rst': File exists
cp: cannot create regular file '/dev/shm/linux/./Documentation/RCU/rcuref.rst': File exists
cp: cannot create regular file '/dev/shm/linux/./Documentation/RCU/torture.rst': File exists
cp: cannot create regular file '/dev/shm/linux/./Documentation/SubmittingPatches': File exists
cp: cannot create directory '/dev/shm/linux/./Documentation/accel/amdxdna': File exists
cp: cannot create regular file '/dev/shm/linux/./Documentation/accel/qaic/aic100.rst': File exists
cp: cannot create directory '/dev/shm/linux/./Documentation/accel/rocket': File exists
cp: cannot create regular file '/dev/shm/linux/./Documentation/accounting/delay-accounting.rst': File exists
cp: cannot create regular file '/dev/shm/linux/./Documentation/accounting/taskstats-struct.rst': File exists
cp: cannot create directory '/dev/shm/linux/./Documentation/admin-guide': File exists
cp: cannot create regular file '/dev/shm/linux/./Documentation/crypto/libcrypto.rst': File exists
cp: cannot create directory '/dev/shm/linux/./Documentation/dev-tools': File exists
cp: cannot create regular file '/dev/shm/linux/./Documentation/devicetree/bindings/arm/atmel-at91.yaml': File exists
cp: cannot create regular file '/dev/shm/linux/./Documentation/devicetree/bindings/arm/axis.yaml': File exists
cp: cannot create directory '/dev/shm/linux/./Documentation/devicetree/bindings/arm/bcm': File exists
cp: cannot create regular file '/dev/shm/linux/./Documentation/devicetree/bindings/arm/digicolor.yaml': File exists
cp: cannot create directory '/dev/shm/linux/./Documentation/devicetree/bindings/arm/firmware': File exists
cp: cannot create regular file '/dev/shm/linux/./Documentation/devicetree/bindings/arm/gemini.yaml': File exists
cp: cannot create directory '/dev/shm/linux/./Documentation/devicetree/bindings/arm/hisilicon': File exists
cp: cannot create regular file '/dev/shm/linux/./Documentation/devicetree/bindings/arm/marvell/armada-37xx.yaml': File exists
cp: cannot create regular file '/dev/shm/linux/./Documentation/devicetree/bindings/arm/marvell/armada-7k-8k.yaml': File exists
cp: cannot create regular file '/dev/shm/linux/./Documentation/devicetree/bindings/arm/marvell/coherency-fabric.txt': File exists
cp: cannot create regular file '/dev/shm/linux/./Documentation/devicetree/bindings/arm/marvell/marvell,armada-370-xp.yaml': File exists
cp: cannot create regular file '/dev/shm/linux/./Documentation/devicetree/bindings/arm/marvell/marvell,armada390.yaml': File exists
cp: cannot create regular file '/dev/shm/linux/./Documentation/devicetree/bindings/arm/marvell/marvell,dove.yaml': File exists
cp: cannot create regular file '/dev/shm/linux/./Documentation/devicetree/bindings/arm/marvell/marvell,orion5x.yaml': File exists
cp: cannot create regular file '/dev/shm/linux/./Documentation/devicetree/bindings/arm/marvell/mvebu-system-controller.txt': File exists
cp: cannot create regular file '/dev/shm/linux/./Documentation/devicetree/bindings/arm/mediatek.yaml': File exists
cp: cannot create regular file '/dev/shm/linux/./Documentation/devicetree/bindings/arm/mediatek/mediatek,audsys.yaml': File exists
cp: cannot create regular file '/dev/shm/linux/./Documentation/devicetree/bindings/arm/mediatek/mediatek,g3dsys.txt': File exists
cp: cannot create regular file '/dev/shm/linux/./Documentation/devicetree/bindings/arm/mediatek/mediatek,mmsys.yaml': File exists
cp: cannot create regular file '/dev/shm/linux/./Documentation/devicetree/bindings/arm/mediatek/mediatek,mt7622-wed.yaml': File exists
cp: cannot create regular file '/dev/shm/linux/./Documentation/devicetree/bindings/arm/microchip,sama7g5-chipid.yaml': File exists
cp: cannot create directory '/dev/shm/linux/./Documentation/devicetree/bindings/arm/mrvl': File exists
cp: cannot create regular file '/dev/shm/linux/./Documentation/devicetree/bindings/arm/mstar/mstar.yaml': File exists
cp: cannot create regular file '/dev/shm/linux/./Documentation/devicetree/bindings/arm/nuvoton/nuvoton,ma35d1.yaml': File exists
cp: cannot create regular file '/dev/shm/linux/./Documentation/devicetree/bindings/arm/nuvoton/nuvoton,npcm.yaml': File exists
cp: cannot create directory '/dev/shm/linux/./Documentation/devicetree/bindings/arm/nxp': File exists
cp: cannot create regular file '/dev/shm/linux/./Documentation/devicetree/bindings/arm/omap/ctrl.txt': File exists
cp: cannot create regular file '/dev/shm/linux/./Documentation/devicetree/bindings/arm/omap/dsp.txt': File exists
cp: cannot create regular file '/dev/shm/linux/./Documentation/devicetree/bindings/arm/omap/l3-noc.txt': File exists
cp: cannot create regular file '/dev/shm/linux/./Documentation/devicetree/bindings/arm/omap/mpu.txt': File exists
cp: cannot create regular file '/dev/shm/linux/./Documentation/devicetree/bindings/arm/omap/prcm.txt': File exists
cp: cannot create regular file '/dev/shm/linux/./Documentation/devicetree/bindings/arm/primecell.yaml': File exists
cp: cannot create regular file '/dev/shm/linux/./Documentation/devicetree/bindings/arm/qcom,coresight-ctcu.yaml': File exists
cp: cannot create regular file '/dev/shm/linux/./Documentation/devicetree/bindings/arm/qcom,coresight-remote-etm.yaml': File exists
cp: cannot create regular file '/dev/shm/linux/./Documentation/devicetree/bindings/arm/rda.yaml': File exists
cp: cannot create regular file '/dev/shm/linux/./Documentation/devicetree/bindings/arm/realtek.yaml': File exists
cp: cannot create directory '/dev/shm/linux/./Documentation/devicetree/bindings/arm/rockchip': File exists
cp: cannot create regular file '/dev/shm/linux/./Documentation/devicetree/bindings/arm/samsung/samsung-soc.yaml': File exists
cp: cannot create directory '/dev/shm/linux/./Documentation/devicetree/bindings/arm/socionext': File exists
cp: cannot create regular file '/dev/shm/linux/./Documentation/devicetree/bindings/arm/sti.yaml': File exists
cp: cannot create regular file '/dev/shm/linux/./Documentation/devicetree/bindings/arm/stm32/st,mlahb.yaml': File exists
cp: cannot create regular file '/dev/shm/linux/./Documentation/devicetree/bindings/arm/stm32/st,stm32-syscon.yaml': File exists
cp: cannot create regular file '/dev/shm/linux/./Documentation/devicetree/bindings/arm/sunplus,sp7021.yaml': File exists
cp: cannot create directory '/dev/shm/linux/./Documentation/devicetree/bindings/arm/sunxi': File exists
cp: cannot create regular file '/dev/shm/linux/./Documentation/devicetree/bindings/arm/tegra/nvidia,tegra194-axi2apb.yaml': File exists
cp: cannot create regular file '/dev/shm/linux/./Documentation/devicetree/bindings/arm/tegra/nvidia,tegra234-cbb.yaml': File exists
cp: cannot create directory '/dev/shm/linux/./Documentation/devicetree/bindings/arm/ti': File exists
cp: cannot create directory '/dev/shm/linux/./Documentation/devicetree/bindings/arm/vt8500': File exists
cp: cannot create regular file '/dev/shm/linux/./Documentation/devicetree/bindings/ata/ahci-common.yaml': File exists
cp: cannot create regular file '/dev/shm/linux/./Documentation/devicetree/bindings/ata/allwinner,sun4i-a10-ahci.yaml': File exists
cp: cannot create regular file '/dev/shm/linux/./Documentation/devicetree/bindings/ata/apm,xgene-ahci.yaml': File exists
cp: cannot create regular file '/dev/shm/linux/./Documentation/devicetree/bindings/ata/ata-generic.yaml': File exists
cp: cannot create regular file '/dev/shm/linux/./Documentation/devicetree/bindings/ata/cavium,ebt3000-compact-flash.yaml': File exists
cp: cannot create regular file '/dev/shm/linux/./Documentation/devicetree/bindings/ata/cirrus,ep9312-pata.yaml': File exists
cp: cannot create regular file '/dev/shm/linux/./Documentation/devicetree/bindings/ata/faraday,ftide010.yaml': File exists
cp: cannot create regular file '/dev/shm/linux/./Documentation/devicetree/bindings/ata/fsl,imx-pata.yaml': File exists
cp: cannot create regular file '/dev/shm/linux/./Documentation/devicetree/bindings/ata/fsl,pq-sata.yaml': File exists
cp: cannot create regular file '/dev/shm/linux/./Documentation/devicetree/bindings/ata/marvell,orion-sata.yaml': File exists
cp: cannot create regular file '/dev/shm/linux/./Documentation/devicetree/bindings/ata/mediatek,mtk-ahci.yaml': File exists
cp: cannot create regular file '/dev/shm/linux/./Documentation/devicetree/bindings/ata/renesas,rcar-sata.yaml': File exists
cp: cannot create regular file '/dev/shm/linux/./Documentation/devicetree/bindings/ata/sata_highbank.yaml': File exists
cp: cannot create regular file '/dev/shm/linux/./Documentation/devicetree/bindings/ata/snps,dwc-ahci.yaml': File exists
cp: cannot create regular file '/dev/shm/linux/./Documentation/devicetree/bindings/ata/ti,da850-ahci.yaml': File exists
cp: cannot create directory '/dev/shm/linux/./Documentation/devicetree/bindings/auxdisplay': File exists
cp: cannot create regular file '/dev/shm/linux/./Documentation/devicetree/bindings/bus/brcm,bus-axi.txt': File exists
cp: cannot create regular file '/dev/shm/linux/./Documentation/devicetree/bindings/bus/cznic,moxtet.yaml': File exists
cp: cannot create regular file '/dev/shm/linux/./Documentation/devicetree/bindings/bus/fsl,spba-bus.yaml': File exists
cp: cannot create regular file '/dev/shm/linux/./Documentation/devicetree/bindings/bus/mti,mips-cdmm.yaml': File exists
cp: cannot create regular file '/dev/shm/linux/./Documentation/devicetree/bindings/bus/nvidia,tegra210-aconnect.yaml': File exists
cp: cannot create regular file '/dev/shm/linux/./Documentation/devicetree/bindings/bus/palmbus.yaml': File exists
cp: cannot create regular file '/dev/shm/linux/./Documentation/devicetree/bindings/bus/simple-pm-bus.yaml': File exists
cp: cannot create regular file '/dev/shm/linux/./Documentation/devicetree/bindings/bus/st,stm32-etzpc.yaml': File exists
cp: cannot create regular file '/dev/shm/linux/./Documentation/devicetree/bindings/bus/st,stm32mp25-rifsc.yaml': File exists
cp: cannot create regular file '/dev/shm/linux/./Documentation/devicetree/bindings/bus/ti-sysc.yaml': File exists
cp: cannot create regular file '/dev/shm/linux/./Documentation/devicetree/bindings/bus/xlnx,versal-net-cdx.yaml': File exists
cp: cannot create regular file '/dev/shm/linux/./Documentation/devicetree/bindings/cache/andestech,ax45mp-cache.yaml': File exists
cp: cannot create regular file '/dev/shm/linux/./Documentation/devicetree/bindings/cache/l2c2x0.yaml': File exists
cp: cannot create regular file '/dev/shm/linux/./Documentation/devicetree/bindings/cache/qcom,llcc.yaml': File exists
cp: cannot create regular file '/dev/shm/linux/./Documentation/devicetree/bindings/cache/sifive,ccache0.yaml': File exists
cp: cannot create regular file '/dev/shm/linux/./Documentation/devicetree/bindings/cache/starfive,jh8100-starlink-cache.yaml': File exists
cp: cannot create directory '/dev/shm/linux/./Documentation/devicetree/bindings/chrome': File exists
cp: cannot create regular file '/dev/shm/linux/./Documentation/devicetree/bindings/clock/adi,axi-clkgen.yaml': File exists
cp: cannot create regular file '/dev/shm/linux/./Documentation/devicetree/bindings/clock/allwinner,sun4i-a10-ahb-clk.yaml': File exists
cp: cannot create regular file '/dev/shm/linux/./Documentation/devicetree/bindings/clock/allwinner,sun4i-a10-axi-clk.yaml': File exists
cp: cannot create regular file '/dev/shm/linux/./Documentation/devicetree/bindings/clock/allwinner,sun4i-a10-ccu.yaml': File exists
cp: cannot create regular file '/dev/shm/linux/./Documentation/devicetree/bindings/clock/allwinner,sun4i-a10-gates-clk.yaml': File exists
cp: cannot create regular file '/dev/shm/linux/./Documentation/devicetree/bindings/clock/allwinner,sun4i-a10-mmc-clk.yaml': File exists
cp: cannot create regular file '/dev/shm/linux/./Documentation/devicetree/bindings/clock/allwinner,sun4i-a10-mod1-clk.yaml': File exists
cp: cannot create regular file '/dev/shm/linux/./Documentation/devicetree/bindings/clock/allwinner,sun4i-a10-pll3-clk.yaml': File exists
cp: cannot create regular file '/dev/shm/linux/./Documentation/devicetree/bindings/clock/allwinner,sun4i-a10-pll6-clk.yaml': File exists
cp: cannot create regular file '/dev/shm/linux/./Documentation/devicetree/bindings/clock/allwinner,sun4i-a10-ve-clk.yaml': File exists
cp: cannot create regular file '/dev/shm/linux/./Documentation/devicetree/bindings/clock/allwinner,sun5i-a13-ahb-clk.yaml': File exists
cp: cannot create regular file '/dev/shm/linux/./Documentation/devicetree/bindings/clock/allwinner,sun7i-a20-gmac-clk.yaml': File exists
cp: cannot create regular file '/dev/shm/linux/./Documentation/devicetree/bindings/clock/allwinner,sun8i-a83t-de2-clk.yaml': File exists
cp: cannot create regular file '/dev/shm/linux/./Documentation/devicetree/bindings/clock/allwinner,sun9i-a80-apb0-clk.yaml': File exists
cp: cannot create regular file '/dev/shm/linux/./Documentation/devicetree/bindings/clock/allwinner,sun9i-a80-cpus-clk.yaml': File exists
cp: cannot create regular file '/dev/shm/linux/./Documentation/devicetree/bindings/clock/allwinner,sun9i-a80-gt-clk.yaml': File exists
cp: cannot create regular file '/dev/shm/linux/./Documentation/devicetree/bindings/clock/allwinner,sun9i-a80-mmc-config-clk.yaml': File exists
cp: cannot create regular file '/dev/shm/linux/./Documentation/devicetree/bindings/clock/allwinner,sun9i-a80-pll4-clk.yaml': File exists
cp: cannot create regular file '/dev/shm/linux/./Documentation/devicetree/bindings/clock/allwinner,sun9i-a80-usb-mod-clk.yaml': File exists
cp: cannot create regular file '/dev/shm/linux/./Documentation/devicetree/bindings/clock/amlogic,a1-peripherals-clkc.yaml': File exists
cp: cannot create regular file '/dev/shm/linux/./Documentation/devicetree/bindings/clock/amlogic,axg-audio-clkc.yaml': File exists
cp: cannot create regular file '/dev/shm/linux/./Documentation/devicetree/bindings/clock/amlogic,c3-pll-clkc.yaml': File exists
cp: cannot create regular file '/dev/shm/linux/./Documentation/devicetree/bindings/clock/amlogic,gxbb-clkc.yaml': File exists
cp: cannot create regular file '/dev/shm/linux/./Documentation/devicetree/bindings/clock/amlogic,s4-peripherals-clkc.yaml': File exists
cp: cannot create regular file '/dev/shm/linux/./Documentation/devicetree/bindings/clock/amlogic,t7-peripherals-clkc.yaml': File exists
cp: cannot create regular file '/dev/shm/linux/./Documentation/devicetree/bindings/clock/apm,xgene-device-clock.yaml': File exists
cp: cannot create regular file '/dev/shm/linux/./Documentation/devicetree/bindings/clock/apple,nco.yaml': File exists
cp: cannot create regular file '/dev/shm/linux/./Documentation/devicetree/bindings/clock/atmel,at91rm9200-pmc.yaml': File exists
cp: cannot create regular file '/dev/shm/linux/./Documentation/devicetree/bindings/clock/axis,artpec6-clkctrl.yaml': File exists
cp: cannot create regular file '/dev/shm/linux/./Documentation/devicetree/bindings/clock/axis,artpec9-clock.yaml': File exists
cp: cannot create regular file '/dev/shm/linux/./Documentation/devicetree/bindings/clock/brcm,bcm2835-aux-clock.yaml': File exists
cp: cannot create regular file '/dev/shm/linux/./Documentation/devicetree/bindings/clock/brcm,bcm53573-ilp.yaml': File exists
cp: cannot create regular file '/dev/shm/linux/./Documentation/devicetree/bindings/clock/brcm,bcm63268-timer-clocks.yaml': File exists
cp: cannot create regular file '/dev/shm/linux/./Documentation/devicetree/bindings/clock/brcm,iproc-clocks.yaml': File exists
cp: cannot create regular file '/dev/shm/linux/./Documentation/devicetree/bindings/clock/calxeda.yaml': File exists
cp: cannot create regular file '/dev/shm/linux/./Documentation/devicetree/bindings/clock/cirrus,cs2000-cp.yaml': File exists
cp: cannot create regular file '/dev/shm/linux/./Documentation/devicetree/bindings/clock/cirrus,lochnagar.yaml': File exists
cp: cannot create regular file '/dev/shm/linux/./Documentation/devicetree/bindings/clock/eswin,eic7700-clock.yaml': File exists
cp: cannot create regular file '/dev/shm/linux/./Documentation/devicetree/bindings/clock/fixed-factor-clock.yaml': File exists
cp: cannot create regular file '/dev/shm/linux/./Documentation/devicetree/bindings/clock/fsl,imx8-acm.yaml': File exists
cp: cannot create regular file '/dev/shm/linux/./Documentation/devicetree/bindings/clock/fsl,imx8ulp-sim-lpav.yaml': File exists
cp: cannot create regular file '/dev/shm/linux/./Documentation/devicetree/bindings/clock/fsl,qoriq-clock-legacy.yaml': File exists
cp: cannot create regular file '/dev/shm/linux/./Documentation/devicetree/bindings/clock/fsl,sai-clock.yaml': File exists
cp: cannot create regular file '/dev/shm/linux/./Documentation/devicetree/bindings/clock/gated-fixed-clock.yaml': File exists
cp: cannot create regular file '/dev/shm/linux/./Documentation/devicetree/bindings/clock/gpio-gate-clock.yaml': File exists
cp: cannot create regular file '/dev/shm/linux/./Documentation/devicetree/bindings/clock/hi3660-clock.txt': File exists
cp: cannot create regular file '/dev/shm/linux/./Documentation/devicetree/bindings/clock/hi6220-clock.txt': File exists
cp: cannot create regular file '/dev/shm/linux/./Documentation/devicetree/bindings/clock/hisi-crg.txt': File exists
cp: cannot create regular file '/dev/shm/linux/./Documentation/devicetree/bindings/clock/idt,versaclock5.yaml': File exists
cp: cannot create regular file '/dev/shm/linux/./Documentation/devicetree/bindings/clock/img,pistachio-clk.yaml': File exists
cp: cannot create regular file '/dev/shm/linux/./Documentation/devicetree/bindings/clock/imx21-clock.yaml': File exists
cp: cannot create regular file '/dev/shm/linux/./Documentation/devicetree/bindings/clock/imx27-clock.yaml': File exists
cp: cannot create regular file '/dev/shm/linux/./Documentation/devicetree/bindings/clock/imx31-clock.yaml': File exists
cp: cannot create regular file '/dev/shm/linux/./Documentation/devicetree/bindings/clock/imx5-clock.yaml': File exists
cp: cannot create regular file '/dev/shm/linux/./Documentation/devicetree/bindings/clock/imx6sll-clock.yaml': File exists
cp: cannot create regular file '/dev/shm/linux/./Documentation/devicetree/bindings/clock/imx6ul-clock.yaml': File exists
cp: cannot create regular file '/dev/shm/linux/./Documentation/devicetree/bindings/clock/imx7ulp-scg-clock.yaml': File exists
cp: cannot create regular file '/dev/shm/linux/./Documentation/devicetree/bindings/clock/imx8mp-audiomix.yaml': File exists
cp: cannot create regular file '/dev/shm/linux/./Documentation/devicetree/bindings/clock/imx8ulp-cgc-clock.yaml': File exists
cp: cannot create regular file '/dev/shm/linux/./Documentation/devicetree/bindings/clock/imx93-clock.yaml': File exists
cp: cannot create regular file '/dev/shm/linux/./Documentation/devicetree/bindings/clock/ingenic,cgu.yaml': File exists
cp: cannot create regular file '/dev/shm/linux/./Documentation/devicetree/bindings/clock/intel,agilex5-clkmgr.yaml': File exists
cp: cannot create regular file '/dev/shm/linux/./Documentation/devicetree/bindings/clock/intel,easic-n5x.yaml': File exists
cp: cannot create regular file '/dev/shm/linux/./Documentation/devicetree/bindings/clock/keystone-gate.txt': File exists
cp: cannot create regular file '/dev/shm/linux/./Documentation/devicetree/bindings/clock/loongson,ls1x-clk.yaml': File exists
cp: cannot create regular file '/dev/shm/linux/./Documentation/devicetree/bindings/clock/lsi,nspire-cx-clock.yaml': File exists
cp: cannot create regular file '/dev/shm/linux/./Documentation/devicetree/bindings/clock/marvell,armada-3700-periph-clock.yaml': File exists
cp: cannot create regular file '/dev/shm/linux/./Documentation/devicetree/bindings/clock/marvell,armada-3700-tbg-clock.yaml': File exists
cp: cannot create regular file '/dev/shm/linux/./Documentation/devicetree/bindings/clock/marvell,armada-xp-cpu-clock.yaml': File exists
cp: cannot create regular file '/dev/shm/linux/./Documentation/devicetree/bindings/clock/marvell,berlin2-clk.yaml': File exists
cp: cannot create regular file '/dev/shm/linux/./Documentation/devicetree/bindings/clock/marvell,cp110-clock.yaml': File exists
cp: cannot create regular file '/dev/shm/linux/./Documentation/devicetree/bindings/clock/marvell,dove-divider-clock.yaml': File exists
cp: cannot create regular file '/dev/shm/linux/./Documentation/devicetree/bindings/clock/marvell,mmp2-clock.yaml': File exists
cp: cannot create regular file '/dev/shm/linux/./Documentation/devicetree/bindings/clock/marvell,pxa168.txt': File exists
cp: cannot create regular file '/dev/shm/linux/./Documentation/devicetree/bindings/clock/marvell,pxa1908.yaml': File exists
cp: cannot create regular file '/dev/shm/linux/./Documentation/devicetree/bindings/clock/marvell,pxa910.txt': File exists
cp: cannot create regular file '/dev/shm/linux/./Documentation/devicetree/bindings/clock/maxim,max9485.yaml': File exists
cp: cannot create regular file '/dev/shm/linux/./Documentation/devicetree/bindings/clock/mediatek,infracfg.yaml': File exists
cp: cannot create regular file '/dev/shm/linux/./Documentation/devicetree/bindings/clock/mediatek,mt2701-hifsys.yaml': File exists
cp: cannot create regular file '/dev/shm/linux/./Documentation/devicetree/bindings/clock/mediatek,mt7621-sysc.yaml': File exists
cp: cannot create regular file '/dev/shm/linux/./Documentation/devicetree/bindings/clock/mediatek,mt7622-ssusbsys.yaml': File exists
cp: cannot create regular file '/dev/shm/linux/./Documentation/devicetree/bindings/clock/mediatek,mt8186-clock.yaml': File exists
cp: cannot create regular file '/dev/shm/linux/./Documentation/devicetree/bindings/clock/mediatek,mt8186-fhctl.yaml': File exists
cp: cannot create regular file '/dev/shm/linux/./Documentation/devicetree/bindings/clock/mediatek,mt8188-clock.yaml': File exists
cp: cannot create regular file '/dev/shm/linux/./Documentation/devicetree/bindings/clock/mediatek,mt8192-clock.yaml': File exists
cp: cannot create regular file '/dev/shm/linux/./Documentation/devicetree/bindings/clock/mediatek,mt8195-clock.yaml': File exists
cp: cannot create regular file '/dev/shm/linux/./Documentation/devicetree/bindings/clock/mediatek,mt8196-clock.yaml': File exists
cp: cannot create regular file '/dev/shm/linux/./Documentation/devicetree/bindings/clock/mediatek,mt8365-sys-clock.yaml': File exists
cp: cannot create regular file '/dev/shm/linux/./Documentation/devicetree/bindings/clock/mediatek,topckgen.yaml': File exists
cp: cannot create regular file '/dev/shm/linux/./Documentation/devicetree/bindings/clock/microchip,mpfs-ccc.yaml': File exists
cp: cannot create regular file '/dev/shm/linux/./Documentation/devicetree/bindings/clock/milbeaut-clock.yaml': File exists
cp: cannot create regular file '/dev/shm/linux/./Documentation/devicetree/bindings/clock/moxa,moxart-clock.yaml': File exists
cp: cannot create regular file '/dev/shm/linux/./Documentation/devicetree/bindings/clock/mstar,msc313-mpll.yaml': File exists
cp: cannot create regular file '/dev/shm/linux/./Documentation/devicetree/bindings/clock/nuvoton,ma35d1-clk.yaml': File exists
cp: cannot create regular file '/dev/shm/linux/./Documentation/devicetree/bindings/clock/nuvoton,npcm845-clk.yaml': File exists
cp: cannot create regular file '/dev/shm/linux/./Documentation/devicetree/bindings/clock/nvidia,tegra124-car.yaml': File exists
cp: cannot create regular file '/dev/shm/linux/./Documentation/devicetree/bindings/clock/nvidia,tegra20-car.yaml': File exists
cp: cannot create regular file '/dev/shm/linux/./Documentation/devicetree/bindings/clock/nxp,imx95-display-master-csr.yaml': File exists
cp: cannot create regular file '/dev/shm/linux/./Documentation/devicetree/bindings/clock/nxp,lpc1850-cgu.yaml': File exists
cp: cannot create regular file '/dev/shm/linux/./Documentation/devicetree/bindings/clock/nxp,lpc3220-clk.yaml': File exists
cp: cannot create regular file '/dev/shm/linux/./Documentation/devicetree/bindings/clock/pxa-clock.txt': File exists
cp: cannot create regular file '/dev/shm/linux/./Documentation/devicetree/bindings/clock/qcom,a7pll.yaml': File exists
cp: cannot create regular file '/dev/shm/linux/./Documentation/devicetree/bindings/clock/qcom,camcc-sm8250.yaml': File exists
cp: cannot create regular file '/dev/shm/linux/./Documentation/devicetree/bindings/clock/qcom,dispcc-sm6350.yaml': File exists
cp: cannot create regular file '/dev/shm/linux/./Documentation/devicetree/bindings/clock/qcom,dispcc-sm8x50.yaml': File exists
cp: cannot create regular file '/dev/shm/linux/./Documentation/devicetree/bindings/clock/qcom,eliza-dispcc.yaml': File exists
cp: cannot create regular file '/dev/shm/linux/./Documentation/devicetree/bindings/clock/qcom,gcc-apq8084.yaml': File exists
cp: cannot create regular file '/dev/shm/linux/./Documentation/devicetree/bindings/clock/qcom,gcc-ipq8064.yaml': File exists
cp: cannot create regular file '/dev/shm/linux/./Documentation/devicetree/bindings/clock/qcom,gcc-ipq8074.yaml': File exists
cp: cannot create regular file '/dev/shm/linux/./Documentation/devicetree/bindings/clock/qcom,gcc-mdm9615.yaml': File exists
cp: cannot create regular file '/dev/shm/linux/./Documentation/devicetree/bindings/clock/qcom,gcc-msm8909.yaml': File exists
cp: cannot create regular file '/dev/shm/linux/./Documentation/devicetree/bindings/clock/qcom,gcc-msm8953.yaml': File exists
cp: cannot create regular file '/dev/shm/linux/./Documentation/devicetree/bindings/clock/qcom,gcc-msm8998.yaml': File exists
cp: cannot create regular file '/dev/shm/linux/./Documentation/devicetree/bindings/clock/qcom,gcc-qcs404.yaml': File exists
cp: cannot create regular file '/dev/shm/linux/./Documentation/devicetree/bindings/clock/qcom,gcc-sc7280.yaml': File exists
cp: cannot create regular file '/dev/shm/linux/./Documentation/devicetree/bindings/clock/qcom,gcc-sc8280xp.yaml': File exists
cp: cannot create regular file '/dev/shm/linux/./Documentation/devicetree/bindings/clock/qcom,gcc-sdm845.yaml': File exists
cp: cannot create regular file '/dev/shm/linux/./Documentation/devicetree/bindings/clock/qcom,gcc-sdx65.yaml': File exists
cp: cannot create regular file '/dev/shm/linux/./Documentation/devicetree/bindings/clock/qcom,gcc-sm6125.yaml': File exists
cp: cannot create regular file '/dev/shm/linux/./Documentation/devicetree/bindings/clock/qcom,gcc-sm8150.yaml': File exists
cp: cannot create regular file '/dev/shm/linux/./Documentation/devicetree/bindings/clock/qcom,gcc-sm8350.yaml': File exists
cp: cannot create regular file '/dev/shm/linux/./Documentation/devicetree/bindings/clock/qcom,gcc.yaml': File exists
cp: cannot create regular file '/dev/shm/linux/./Documentation/devicetree/bindings/clock/qcom,glymur-gcc.yaml': File exists
cp: cannot create regular file '/dev/shm/linux/./Documentation/devicetree/bindings/clock/qcom,gpucc-sdm660.yaml': File exists
cp: cannot create regular file '/dev/shm/linux/./Documentation/devicetree/bindings/clock/qcom,hfpll.yaml': File exists
cp: cannot create regular file '/dev/shm/linux/./Documentation/devicetree/bindings/clock/qcom,ipq5210-gcc.yaml': File exists
cp: cannot create regular file '/dev/shm/linux/./Documentation/devicetree/bindings/clock/qcom,ipq9574-cmn-pll.yaml': File exists
cp: cannot create regular file '/dev/shm/linux/./Documentation/devicetree/bindings/clock/qcom,ipq9574-nsscc.yaml': File exists
cp: cannot create regular file '/dev/shm/linux/./Documentation/devicetree/bindings/clock/qcom,kpss-gcc.yaml': File exists
cp: cannot create regular file '/dev/shm/linux/./Documentation/devicetree/bindings/clock/qcom,mmcc.yaml': File exists
cp: cannot create regular file '/dev/shm/linux/./Documentation/devicetree/bindings/clock/qcom,msm8996-cbf.yaml': File exists
cp: cannot create regular file '/dev/shm/linux/./Documentation/devicetree/bindings/clock/qcom,msm8998-gpucc.yaml': File exists
cp: cannot create regular file '/dev/shm/linux/./Documentation/devicetree/bindings/clock/qcom,nord-negcc.yaml': File exists
cp: cannot create regular file '/dev/shm/linux/./Documentation/devicetree/bindings/clock/qcom,q6sstopcc.yaml': File exists
cp: cannot create regular file '/dev/shm/linux/./Documentation/devicetree/bindings/clock/qcom,qca8k-nsscc.yaml': File exists
cp: cannot create regular file '/dev/shm/linux/./Documentation/devicetree/bindings/clock/qcom,qcm2290-gpucc.yaml': File exists
cp: cannot create regular file '/dev/shm/linux/./Documentation/devicetree/bindings/clock/qcom,qcs615-dispcc.yaml': File exists
cp: cannot create regular file '/dev/shm/linux/./Documentation/devicetree/bindings/clock/qcom,qcs615-gpucc.yaml': File exists
cp: cannot create regular file '/dev/shm/linux/./Documentation/devicetree/bindings/clock/qcom,qdu1000-ecpricc.yaml': File exists
cp: cannot create regular file '/dev/shm/linux/./Documentation/devicetree/bindings/clock/qcom,rpmcc.yaml': File exists
cp: cannot create regular file '/dev/shm/linux/./Documentation/devicetree/bindings/clock/qcom,sa8775p-camcc.yaml': File exists
cp: cannot create regular file '/dev/shm/linux/./Documentation/devicetree/bindings/clock/qcom,sa8775p-gcc.yaml': File exists
cp: cannot create regular file '/dev/shm/linux/./Documentation/devicetree/bindings/clock/qcom,sar2130p-gcc.yaml': File exists
cp: cannot create regular file '/dev/shm/linux/./Documentation/devicetree/bindings/clock/qcom,sc7180-dispcc.yaml': File exists
cp: cannot create regular file '/dev/shm/linux/./Documentation/devicetree/bindings/clock/qcom,sc7180-lpasscorecc.yaml': File exists
cp: cannot create regular file '/dev/shm/linux/./Documentation/devicetree/bindings/clock/qcom,sc7280-dispcc.yaml': File exists
cp: cannot create regular file '/dev/shm/linux/./Documentation/devicetree/bindings/clock/qcom,sc7280-lpasscorecc.yaml': File exists
cp: cannot create regular file '/dev/shm/linux/./Documentation/devicetree/bindings/clock/qcom,sc8280xp-lpasscc.yaml': File exists
cp: cannot create regular file '/dev/shm/linux/./Documentation/devicetree/bindings/clock/qcom,sdm845-dispcc.yaml': File exists
cp: cannot create regular file '/dev/shm/linux/./Documentation/devicetree/bindings/clock/qcom,sm4450-camcc.yaml': File exists
cp: cannot create regular file '/dev/shm/linux/./Documentation/devicetree/bindings/clock/qcom,sm4450-gcc.yaml': File exists
cp: cannot create regular file '/dev/shm/linux/./Documentation/devicetree/bindings/clock/qcom,sm6115-gpucc.yaml': File exists
cp: cannot create regular file '/dev/shm/linux/./Documentation/devicetree/bindings/clock/qcom,sm6125-gpucc.yaml': File exists
cp: cannot create regular file '/dev/shm/linux/./Documentation/devicetree/bindings/clock/qcom,sm6375-gcc.yaml': File exists
cp: cannot create regular file '/dev/shm/linux/./Documentation/devicetree/bindings/clock/qcom,sm7150-camcc.yaml': File exists
cp: cannot create regular file '/dev/shm/linux/./Documentation/devicetree/bindings/clock/qcom,sm7150-videocc.yaml': File exists
cp: cannot create regular file '/dev/shm/linux/./Documentation/devicetree/bindings/clock/qcom,sm8350-videocc.yaml': File exists
cp: cannot create regular file '/dev/shm/linux/./Documentation/devicetree/bindings/clock/qcom,sm8450-camcc.yaml': File exists
cp: cannot create regular file '/dev/shm/linux/./Documentation/devicetree/bindings/clock/qcom,sm8450-gpucc.yaml': File exists
cp: cannot create regular file '/dev/shm/linux/./Documentation/devicetree/bindings/clock/qcom,sm8550-dispcc.yaml': File exists
cp: cannot create regular file '/dev/shm/linux/./Documentation/devicetree/bindings/clock/qcom,sm8550-gcc.yaml': File exists
cp: cannot create regular file '/dev/shm/linux/./Documentation/devicetree/bindings/clock/qcom,spmi-clkdiv.yaml': File exists
cp: cannot create regular file '/dev/shm/linux/./Documentation/devicetree/bindings/clock/qcom,x1e80100-gcc.yaml': File exists
cp: cannot create regular file '/dev/shm/linux/./Documentation/devicetree/bindings/clock/renesas,5p35023.yaml': File exists
cp: cannot create regular file '/dev/shm/linux/./Documentation/devicetree/bindings/clock/renesas,9series.yaml': File exists
cp: cannot create regular file '/dev/shm/linux/./Documentation/devicetree/bindings/clock/renesas,cpg-div6-clock.yaml': File exists
cp: cannot create regular file '/dev/shm/linux/./Documentation/devicetree/bindings/clock/renesas,cpg-mstp-clocks.yaml': File exists
cp: cannot create regular file '/dev/shm/linux/./Documentation/devicetree/bindings/clock/renesas,r9a06g032-sysctrl.yaml': File exists
cp: cannot create regular file '/dev/shm/linux/./Documentation/devicetree/bindings/clock/renesas,rzg2l-cpg.yaml': File exists
cp: cannot create regular file '/dev/shm/linux/./Documentation/devicetree/bindings/clock/renesas,versaclock7.yaml': File exists
cp: cannot create regular file '/dev/shm/linux/./Documentation/devicetree/bindings/clock/riscv,rpmi-clock.yaml': File exists
cp: cannot create regular file '/dev/shm/linux/./Documentation/devicetree/bindings/clock/riscv,rpmi-mpxy-clock.yaml': File exists
cp: cannot create regular file '/dev/shm/linux/./Documentation/devicetree/bindings/clock/rockchip,rk3036-cru.yaml': File exists
cp: cannot create regular file '/dev/shm/linux/./Documentation/devicetree/bindings/clock/rockchip,rk3188-cru.yaml': File exists
cp: cannot create regular file '/dev/shm/linux/./Documentation/devicetree/bindings/clock/rockchip,rk3228-cru.yaml': File exists
cp: cannot create regular file '/dev/shm/linux/./Documentation/devicetree/bindings/clock/rockchip,rk3328-cru.yaml': File exists
cp: cannot create regular file '/dev/shm/linux/./Documentation/devicetree/bindings/clock/rockchip,rk3399-cru.yaml': File exists
cp: cannot create regular file '/dev/shm/linux/./Documentation/devicetree/bindings/clock/rockchip,rk3562-cru.yaml': File exists
cp: cannot create regular file '/dev/shm/linux/./Documentation/devicetree/bindings/clock/rockchip,rk3576-cru.yaml': File exists
cp: cannot create regular file '/dev/shm/linux/./Documentation/devicetree/bindings/clock/rockchip,rv1108-cru.yaml': File exists
cp: cannot create regular file '/dev/shm/linux/./Documentation/devicetree/bindings/clock/samsung,exynos-audss-clock.yaml': File exists
cp: cannot create regular file '/dev/shm/linux/./Documentation/devicetree/bindings/clock/samsung,exynos2200-cmu.yaml': File exists
cp: cannot create regular file '/dev/shm/linux/./Documentation/devicetree/bindings/clock/samsung,exynos5260-clock.yaml': File exists
cp: cannot create regular file '/dev/shm/linux/./Documentation/devicetree/bindings/clock/samsung,exynos5433-clock.yaml': File exists
cp: cannot create regular file '/dev/shm/linux/./Documentation/devicetree/bindings/clock/samsung,exynos7870-cmu.yaml': File exists
cp: cannot create regular file '/dev/shm/linux/./Documentation/devicetree/bindings/clock/samsung,exynos850-clock.yaml': File exists
cp: cannot create regular file '/dev/shm/linux/./Documentation/devicetree/bindings/clock/samsung,exynos990-clock.yaml': File exists
cp: cannot create regular file '/dev/shm/linux/./Documentation/devicetree/bindings/clock/samsung,exynosautov920-clock.yaml': File exists
cp: cannot create regular file '/dev/shm/linux/./Documentation/devicetree/bindings/clock/samsung,s5pv210-clock.yaml': File exists
cp: cannot create regular file '/dev/shm/linux/./Documentation/devicetree/bindings/clock/sifive/fu540-prci.yaml': File exists
cp: cannot create regular file '/dev/shm/linux/./Documentation/devicetree/bindings/clock/silabs,si5351.yaml': File exists
cp: cannot create regular file '/dev/shm/linux/./Documentation/devicetree/bindings/clock/silabs,si570.yaml': File exists
cp: cannot create regular file '/dev/shm/linux/./Documentation/devicetree/bindings/clock/snps,hsdk-pll-clock.txt': File exists
cp: cannot create regular file '/dev/shm/linux/./Documentation/devicetree/bindings/clock/socionext,uniphier-clock.yaml': File exists
cp: cannot create regular file '/dev/shm/linux/./Documentation/devicetree/bindings/clock/sophgo,sg2042-clkgen.yaml': File exists
cp: cannot create regular file '/dev/shm/linux/./Documentation/devicetree/bindings/clock/sophgo,sg2042-rpgate.yaml': File exists
cp: cannot create regular file '/dev/shm/linux/./Documentation/devicetree/bindings/clock/spacemit,k1-pll.yaml': File exists
cp: cannot create regular file '/dev/shm/linux/./Documentation/devicetree/bindings/clock/sprd,sc9863a-clk.yaml': File exists
cp: cannot create regular file '/dev/shm/linux/./Documentation/devicetree/bindings/clock/st,nomadik.txt': File exists
cp: cannot create regular file '/dev/shm/linux/./Documentation/devicetree/bindings/clock/st,stm32mp1-rcc.yaml': File exists
cp: cannot create regular file '/dev/shm/linux/./Documentation/devicetree/bindings/clock/st,stm32mp25-rcc.yaml': File exists
cp: cannot create directory '/dev/shm/linux/./Documentation/devicetree/bindings/clock/st': File exists
cp: cannot create regular file '/dev/shm/linux/./Documentation/devicetree/bindings/clock/stericsson,u8500-clks.yaml': File exists
cp: cannot create regular file '/dev/shm/linux/./Documentation/devicetree/bindings/clock/ti,am62-audio-refclk.yaml': File exists
cp: cannot create regular file '/dev/shm/linux/./Documentation/devicetree/bindings/clock/ti,cdce925.yaml': File exists
cp: cannot create regular file '/dev/shm/linux/./Documentation/devicetree/bindings/clock/ti,clkctrl.yaml': File exists
cp: cannot create regular file '/dev/shm/linux/./Documentation/devicetree/bindings/clock/ti,lmk04832.yaml': File exists
cp: cannot create regular file '/dev/shm/linux/./Documentation/devicetree/bindings/clock/ti,sci-clk.yaml': File exists
cp: cannot create regular file '/dev/shm/linux/./Documentation/devicetree/bindings/clock/ti/apll.txt': File exists
cp: cannot create directory '/dev/shm/linux/./Documentation/devicetree/bindings/clock/ti/davinci': File exists
cp: cannot create regular file '/dev/shm/linux/./Documentation/devicetree/bindings/clock/ti/ti,clksel.yaml': File exists
cp: cannot create regular file '/dev/shm/linux/./Documentation/devicetree/bindings/clock/ti/ti,composite-clock.yaml': File exists
cp: cannot create regular file '/dev/shm/linux/./Documentation/devicetree/bindings/clock/ti/ti,fixed-factor-clock.yaml': File exists
cp: cannot create regular file '/dev/shm/linux/./Documentation/devicetree/bindings/clock/ti/ti,mux-clock.yaml': File exists
cp: cannot create regular file '/dev/shm/linux/./Documentation/devicetree/bindings/clock/toshiba,tmpv770x-pismu.yaml': File exists
cp: cannot create regular file '/dev/shm/linux/./Documentation/devicetree/bindings/clock/xlnx,versal-clk.yaml': File exists
cp: cannot create regular file '/dev/shm/linux/./Documentation/devicetree/bindings/clock/zynq-7000.txt': File exists
cp: cannot create regular file '/dev/shm/linux/./Documentation/devicetree/bindings/connector/pcie-m2-e-connector.yaml': File exists
cp: cannot create directory '/dev/shm/linux/./Documentation/devicetree/bindings/counter': File exists
cp: cannot create directory '/dev/shm/linux/./Documentation/devicetree/bindings/crypto': File exists
cp: cannot create regular file '/dev/shm/linux/./Documentation/devicetree/bindings/display/brcm,bcm2711-hdmi.yaml': File exists
cp: cannot create regular file '/dev/shm/linux/./Documentation/devicetree/bindings/display/brcm,bcm2835-hdmi.yaml': File exists
cp: cannot create regular file '/dev/shm/linux/./Documentation/devicetree/bindings/display/brcm,bcm2835-hvs.yaml': File exists
cp: cannot create regular file '/dev/shm/linux/./Documentation/devicetree/bindings/display/brcm,bcm2835-pixelvalve0.yaml': File exists
cp: cannot create regular file '/dev/shm/linux/./Documentation/devicetree/bindings/display/brcm,bcm2835-v3d.yaml': File exists
cp: cannot create regular file '/dev/shm/linux/./Documentation/devicetree/bindings/display/brcm,bcm2835-vc4.yaml': File exists
cp: cannot create directory '/dev/shm/linux/./Documentation/devicetree/bindings/display/bridge': File exists
cp: cannot create regular file '/dev/shm/linux/./Documentation/devicetree/bindings/display/marvell,pxa300-gcu.txt': File exists
cp: cannot create regular file '/dev/shm/linux/./Documentation/devicetree/bindings/display/mayqueen,pixpaper.yaml': File exists
cp: cannot create regular file '/dev/shm/linux/./Documentation/devicetree/bindings/display/mediatek/mediatek,aal.yaml': File exists
cp: cannot create regular file '/dev/shm/linux/./Documentation/devicetree/bindings/display/mediatek/mediatek,cec.yaml': File exists
cp: cannot create regular file '/dev/shm/linux/./Documentation/devicetree/bindings/display/mediatek/mediatek,dither.yaml': File exists
cp: cannot create regular file '/dev/shm/linux/./Documentation/devicetree/bindings/display/mediatek/mediatek,dpi.yaml': File exists
cp: cannot create regular file '/dev/shm/linux/./Documentation/devicetree/bindings/display/mediatek/mediatek,dsi.yaml': File exists
cp: cannot create regular file '/dev/shm/linux/./Documentation/devicetree/bindings/display/mediatek/mediatek,gamma.yaml': File exists
cp: cannot create regular file '/dev/shm/linux/./Documentation/devicetree/bindings/display/mediatek/mediatek,hdmi.yaml': File exists
cp: cannot create regular file '/dev/shm/linux/./Documentation/devicetree/bindings/display/mediatek/mediatek,merge.yaml': File exists
cp: cannot create regular file '/dev/shm/linux/./Documentation/devicetree/bindings/display/mediatek/mediatek,mt8195-hdmi.yaml': File exists
cp: cannot create regular file '/dev/shm/linux/./Documentation/devicetree/bindings/display/mediatek/mediatek,ovl.yaml': File exists
cp: cannot create regular file '/dev/shm/linux/./Documentation/devicetree/bindings/display/mediatek/mediatek,postmask.yaml': File exists
cp: cannot create regular file '/dev/shm/linux/./Documentation/devicetree/bindings/display/mediatek/mediatek,ufoe.yaml': File exists
cp: cannot create regular file '/dev/shm/linux/./Documentation/devicetree/bindings/display/mediatek/mediatek,wdma.yaml': File exists
cp: cannot create regular file '/dev/shm/linux/./Documentation/devicetree/bindings/display/mipi-dsi-bus.txt': File exists
cp: cannot create regular file '/dev/shm/linux/./Documentation/devicetree/bindings/display/msm/dp-controller.yaml': File exists
cp: cannot create regular file '/dev/shm/linux/./Documentation/devicetree/bindings/display/msm/dsi-controller-main.yaml': File exists
cp: cannot create regular file '/dev/shm/linux/./Documentation/devicetree/bindings/display/msm/gpu.yaml': File exists
cp: cannot create regular file '/dev/shm/linux/./Documentation/devicetree/bindings/display/msm/mdp4.yaml': File exists
cp: cannot create regular file '/dev/shm/linux/./Documentation/devicetree/bindings/display/msm/qcom,eliza-mdss.yaml': File exists
cp: cannot create regular file '/dev/shm/linux/./Documentation/devicetree/bindings/display/msm/qcom,kaanapali-mdss.yaml': File exists
cp: cannot create regular file '/dev/shm/linux/./Documentation/devicetree/bindings/display/msm/qcom,mdss.yaml': File exists
cp: cannot create regular file '/dev/shm/linux/./Documentation/devicetree/bindings/display/msm/qcom,msm8998-mdss.yaml': File exists
cp: cannot create regular file '/dev/shm/linux/./Documentation/devicetree/bindings/display/msm/qcom,qcs8300-mdss.yaml': File exists
cp: cannot create regular file '/dev/shm/linux/./Documentation/devicetree/bindings/display/msm/qcom,sar2130p-mdss.yaml': File exists
cp: cannot create regular file '/dev/shm/linux/./Documentation/devicetree/bindings/display/msm/qcom,sc7180-mdss.yaml': File exists
cp: cannot create regular file '/dev/shm/linux/./Documentation/devicetree/bindings/display/msm/qcom,sc7280-mdss.yaml': File exists
cp: cannot create regular file '/dev/shm/linux/./Documentation/devicetree/bindings/display/msm/qcom,sc8180x-mdss.yaml': File exists
cp: cannot create regular file '/dev/shm/linux/./Documentation/devicetree/bindings/display/msm/qcom,sdm670-mdss.yaml': File exists
cp: cannot create regular file '/dev/shm/linux/./Documentation/devicetree/bindings/display/msm/qcom,sdm845-mdss.yaml': File exists
cp: cannot create regular file '/dev/shm/linux/./Documentation/devicetree/bindings/display/msm/qcom,sm6115-mdss.yaml': File exists
cp: cannot create regular file '/dev/shm/linux/./Documentation/devicetree/bindings/display/msm/qcom,sm6150-dpu.yaml': File exists
cp: cannot create regular file '/dev/shm/linux/./Documentation/devicetree/bindings/display/msm/qcom,sm6350-mdss.yaml': File exists
cp: cannot create regular file '/dev/shm/linux/./Documentation/devicetree/bindings/display/msm/qcom,sm7150-dpu.yaml': File exists
cp: cannot create regular file '/dev/shm/linux/./Documentation/devicetree/bindings/display/msm/qcom,sm8150-mdss.yaml': File exists
cp: cannot create regular file '/dev/shm/linux/./Documentation/devicetree/bindings/display/msm/qcom,sm8350-mdss.yaml': File exists
cp: cannot create regular file '/dev/shm/linux/./Documentation/devicetree/bindings/display/msm/qcom,sm8550-mdss.yaml': File exists
cp: cannot create regular file '/dev/shm/linux/./Documentation/devicetree/bindings/display/msm/qcom,sm8650-dpu.yaml': File exists
cp: cannot create regular file '/dev/shm/linux/./Documentation/devicetree/bindings/display/msm/qcom,sm8650-mdss.yaml': File exists
cp: cannot create regular file '/dev/shm/linux/./Documentation/devicetree/bindings/display/msm/qcom,x1e80100-mdss.yaml': File exists
cp: cannot create regular file '/dev/shm/linux/./Documentation/devicetree/bindings/display/panel/advantech,idk-2121wr.yaml': File exists
cp: cannot create regular file '/dev/shm/linux/./Documentation/devicetree/bindings/display/panel/anbernic,rg35xx-plus-panel.yaml': File exists
cp: cannot create regular file '/dev/shm/linux/./Documentation/devicetree/bindings/display/panel/arm,versatile-tft-panel.yaml': File exists
cp: cannot create regular file '/dev/shm/linux/./Documentation/devicetree/bindings/display/panel/armadeus,st0700-adapt.yaml': File exists
cp: cannot create regular file '/dev/shm/linux/./Documentation/devicetree/bindings/display/panel/auo,a030jtn01.yaml': File exists
cp: cannot create regular file '/dev/shm/linux/./Documentation/devicetree/bindings/display/panel/boe,himax8279d.yaml': File exists
cp: cannot create regular file '/dev/shm/linux/./Documentation/devicetree/bindings/display/panel/boe,th101mb31ig002-28a.yaml': File exists
cp: cannot create regular file '/dev/shm/linux/./Documentation/devicetree/bindings/display/panel/boe,tv101wum-nl6.yaml': File exists
cp: cannot create regular file '/dev/shm/linux/./Documentation/devicetree/bindings/display/panel/display-timing.txt': File exists
cp: cannot create regular file '/dev/shm/linux/./Documentation/devicetree/bindings/display/panel/display-timings.yaml': File exists
cp: cannot create regular file '/dev/shm/linux/./Documentation/devicetree/bindings/display/panel/ebbg,ft8719.yaml': File exists
cp: cannot create regular file '/dev/shm/linux/./Documentation/devicetree/bindings/display/panel/fascontek,fs035vg158.yaml': File exists
cp: cannot create regular file '/dev/shm/linux/./Documentation/devicetree/bindings/display/panel/feiyang,fy07024di26a30d.yaml': File exists
cp: cannot create regular file '/dev/shm/linux/./Documentation/devicetree/bindings/display/panel/himax,hx8279.yaml': File exists
cp: cannot create regular file '/dev/shm/linux/./Documentation/devicetree/bindings/display/panel/himax,hx83112b.yaml': File exists
cp: cannot create regular file '/dev/shm/linux/./Documentation/devicetree/bindings/display/panel/himax,hx8394.yaml': File exists
cp: cannot create regular file '/dev/shm/linux/./Documentation/devicetree/bindings/display/panel/ilitek,il79900a.yaml': File exists
cp: cannot create regular file '/dev/shm/linux/./Documentation/devicetree/bindings/display/panel/ilitek,ili9341.yaml': File exists
cp: cannot create regular file '/dev/shm/linux/./Documentation/devicetree/bindings/display/panel/ilitek,ili9806e.yaml': File exists
cp: cannot create regular file '/dev/shm/linux/./Documentation/devicetree/bindings/display/panel/innolux,ee101ia-01d.yaml': File exists
cp: cannot create regular file '/dev/shm/linux/./Documentation/devicetree/bindings/display/panel/jadard,jd9365da-h3.yaml': File exists
cp: cannot create regular file '/dev/shm/linux/./Documentation/devicetree/bindings/display/panel/jdi,lt070me05000.yaml': File exists
cp: cannot create regular file '/dev/shm/linux/./Documentation/devicetree/bindings/display/panel/leadtek,ltk035c5444t.yaml': File exists
cp: cannot create regular file '/dev/shm/linux/./Documentation/devicetree/bindings/display/panel/leadtek,ltk500hd1829.yaml': File exists
cp: cannot create regular file '/dev/shm/linux/./Documentation/devicetree/bindings/display/panel/lg,ld070wx3-sl01.yaml': File exists
cp: cannot create regular file '/dev/shm/linux/./Documentation/devicetree/bindings/display/panel/lg,sw43408.yaml': File exists
cp: cannot create regular file '/dev/shm/linux/./Documentation/devicetree/bindings/display/panel/lgphilips,lb035q02.yaml': File exists
cp: cannot create regular file '/dev/shm/linux/./Documentation/devicetree/bindings/display/panel/lxd,m9189a.yaml': File exists
cp: cannot create regular file '/dev/shm/linux/./Documentation/devicetree/bindings/display/panel/mantix,mlaf057we51-x.yaml': File exists
cp: cannot create regular file '/dev/shm/linux/./Documentation/devicetree/bindings/display/panel/mitsubishi,aa121td01.yaml': File exists
cp: cannot create regular file '/dev/shm/linux/./Documentation/devicetree/bindings/display/panel/nec,nl8048hl11.yaml': File exists
cp: cannot create regular file '/dev/shm/linux/./Documentation/devicetree/bindings/display/panel/newvision,nv3051d.yaml': File exists
cp: cannot create regular file '/dev/shm/linux/./Documentation/devicetree/bindings/display/panel/novatek,nt35510.yaml': File exists
cp: cannot create regular file '/dev/shm/linux/./Documentation/devicetree/bindings/display/panel/novatek,nt35950.yaml': File exists
cp: cannot create regular file '/dev/shm/linux/./Documentation/devicetree/bindings/display/panel/novatek,nt36672a.yaml': File exists
cp: cannot create regular file '/dev/shm/linux/./Documentation/devicetree/bindings/display/panel/novatek,nt36672e.yaml': File exists
cp: cannot create regular file '/dev/shm/linux/./Documentation/devicetree/bindings/display/panel/novatek,nt37801.yaml': File exists
cp: cannot create regular file '/dev/shm/linux/./Documentation/devicetree/bindings/display/panel/olimex,lcd-olinuxino.yaml': File exists
cp: cannot create regular file '/dev/shm/linux/./Documentation/devicetree/bindings/display/panel/panel-common.yaml': File exists
cp: cannot create regular file '/dev/shm/linux/./Documentation/devicetree/bindings/display/panel/panel-dsi-cm.yaml': File exists
cp: cannot create regular file '/dev/shm/linux/./Documentation/devicetree/bindings/display/panel/panel-edp-legacy.yaml': File exists
cp: cannot create regular file '/dev/shm/linux/./Documentation/devicetree/bindings/display/panel/panel-lvds.yaml': File exists
cp: cannot create regular file '/dev/shm/linux/./Documentation/devicetree/bindings/display/panel/panel-simple-dsi.yaml': File exists
cp: cannot create regular file '/dev/shm/linux/./Documentation/devicetree/bindings/display/panel/panel-simple.yaml': File exists
cp: cannot create regular file '/dev/shm/linux/./Documentation/devicetree/bindings/display/panel/pda,91-00156-a0.yaml': File exists
cp: cannot create regular file '/dev/shm/linux/./Documentation/devicetree/bindings/display/panel/powertip,st7272.yaml': File exists
cp: cannot create regular file '/dev/shm/linux/./Documentation/devicetree/bindings/display/panel/raydium,rm67191.yaml': File exists
cp: cannot create regular file '/dev/shm/linux/./Documentation/devicetree/bindings/display/panel/raydium,rm68200.yaml': File exists
cp: cannot create regular file '/dev/shm/linux/./Documentation/devicetree/bindings/display/panel/raydium,rm69380.yaml': File exists
cp: cannot create regular file '/dev/shm/linux/./Documentation/devicetree/bindings/display/panel/renesas,r69328.yaml': File exists
cp: cannot create regular file '/dev/shm/linux/./Documentation/devicetree/bindings/display/panel/ronbo,rb070d30.yaml': File exists
cp: cannot create regular file '/dev/shm/linux/./Documentation/devicetree/bindings/display/panel/samsung,amoled-mipi-dsi.yaml': File exists
cp: cannot create regular file '/dev/shm/linux/./Documentation/devicetree/bindings/display/panel/samsung,ams581vf01.yaml': File exists
cp: cannot create regular file '/dev/shm/linux/./Documentation/devicetree/bindings/display/panel/samsung,atna33xc20.yaml': File exists
cp: cannot create regular file '/dev/shm/linux/./Documentation/devicetree/bindings/display/panel/samsung,lms380kf01.yaml': File exists
cp: cannot create regular file '/dev/shm/linux/./Documentation/devicetree/bindings/display/panel/samsung,s6d27a1.yaml': File exists
cp: cannot create regular file '/dev/shm/linux/./Documentation/devicetree/bindings/display/panel/samsung,s6e3fc2x01.yaml': File exists
cp: cannot create regular file '/dev/shm/linux/./Documentation/devicetree/bindings/display/panel/samsung,s6e88a0-ams427ap24.yaml': File exists
cp: cannot create regular file '/dev/shm/linux/./Documentation/devicetree/bindings/display/panel/samsung,s6e8aa0.yaml': File exists
cp: cannot create regular file '/dev/shm/linux/./Documentation/devicetree/bindings/display/panel/samsung,sofef00.yaml': File exists
cp: cannot create regular file '/dev/shm/linux/./Documentation/devicetree/bindings/display/panel/sgd,gktw70sdae4se.yaml': File exists
cp: cannot create regular file '/dev/shm/linux/./Documentation/devicetree/bindings/display/panel/sharp,lq101r1sx01.yaml': File exists
cp: cannot create regular file '/dev/shm/linux/./Documentation/devicetree/bindings/display/panel/sharp,ls037v7dw01.yaml': File exists
cp: cannot create regular file '/dev/shm/linux/./Documentation/devicetree/bindings/display/panel/sitronix,st7701.yaml': File exists
cp: cannot create regular file '/dev/shm/linux/./Documentation/devicetree/bindings/display/panel/sony,acx424akp.yaml': File exists
cp: cannot create regular file '/dev/shm/linux/./Documentation/devicetree/bindings/display/panel/sony,tulip-truly-nt35521.yaml': File exists
cp: cannot create regular file '/dev/shm/linux/./Documentation/devicetree/bindings/display/panel/startek,startek-kd050c.yaml': File exists
cp: cannot create regular file '/dev/shm/linux/./Documentation/devicetree/bindings/display/panel/synaptics,td4300-panel.yaml': File exists
cp: cannot create regular file '/dev/shm/linux/./Documentation/devicetree/bindings/display/panel/tpo,td.yaml': File exists
cp: cannot create regular file '/dev/shm/linux/./Documentation/devicetree/bindings/display/panel/truly,nt35597-2K-display.yaml': File exists
cp: cannot create regular file '/dev/shm/linux/./Documentation/devicetree/bindings/display/panel/visionox,r66451.yaml': File exists
cp: cannot create regular file '/dev/shm/linux/./Documentation/devicetree/bindings/display/panel/visionox,rm692e5.yaml': File exists
cp: cannot create regular file '/dev/shm/linux/./Documentation/devicetree/bindings/display/renesas,cmm.yaml': File exists
cp: cannot create regular file '/dev/shm/linux/./Documentation/devicetree/bindings/display/renesas,rzg2l-du.yaml': File exists
cp: cannot create directory '/dev/shm/linux/./Documentation/devicetree/bindings/display/rockchip': File exists
cp: cannot create regular file '/dev/shm/linux/./Documentation/devicetree/bindings/display/sitronix,st7735r.yaml': File exists
cp: cannot create regular file '/dev/shm/linux/./Documentation/devicetree/bindings/display/sm501fb.txt': File exists
cp: cannot create regular file '/dev/shm/linux/./Documentation/devicetree/bindings/display/snps,arcpgu.txt': File exists
cp: cannot create regular file '/dev/shm/linux/./Documentation/devicetree/bindings/display/solomon,ssd1307fb.yaml': File exists
cp: cannot create regular file '/dev/shm/linux/./Documentation/devicetree/bindings/display/solomon,ssd132x.yaml': File exists
cp: cannot create regular file '/dev/shm/linux/./Documentation/devicetree/bindings/display/ssd1289fb.txt': File exists
cp: cannot create regular file '/dev/shm/linux/./Documentation/devicetree/bindings/display/st,stih4xx.txt': File exists
cp: cannot create regular file '/dev/shm/linux/./Documentation/devicetree/bindings/display/st,stm32-dsi.yaml': File exists
cp: cannot create regular file '/dev/shm/linux/./Documentation/devicetree/bindings/display/st,stm32-ltdc.yaml': File exists
cp: cannot create regular file '/dev/shm/linux/./Documentation/devicetree/bindings/display/st,stm32mp25-lvds.yaml': File exists
cp: cannot create directory '/dev/shm/linux/./Documentation/devicetree/bindings/display/ti': File exists
cp: cannot create directory '/dev/shm/linux/./Documentation/devicetree/bindings/display/tilcdc': File exists
cp: cannot create regular file '/dev/shm/linux/./Documentation/devicetree/bindings/display/verisilicon,dc.yaml': File exists
cp: cannot create regular file '/dev/shm/linux/./Documentation/devicetree/bindings/display/via,vt8500-fb.txt': File exists
cp: cannot create regular file '/dev/shm/linux/./Documentation/devicetree/bindings/display/wm,prizm-ge-rops.txt': File exists
cp: cannot create regular file '/dev/shm/linux/./Documentation/devicetree/bindings/display/wm,wm8505-fb.txt': File exists
cp: cannot create directory '/dev/shm/linux/./Documentation/devicetree/bindings/display/xlnx': File exists
cp: cannot create regular file '/dev/shm/linux/./Documentation/devicetree/bindings/display/xylon,logicvc-display.yaml': File exists
cp: cannot create directory '/dev/shm/linux/./Documentation/devicetree/bindings/dma': File exists
cp: cannot create regular file '/dev/shm/linux/./Documentation/devicetree/bindings/fpga/xlnx,zynqmp-pcap-fpga.yaml': File exists
cp: cannot create directory '/dev/shm/linux/./Documentation/devicetree/bindings/fsi': File exists
cp: cannot create regular file '/dev/shm/linux/./Documentation/devicetree/bindings/gpio/apm,xgene-gpio-sb.yaml': File exists
cp: cannot create regular file '/dev/shm/linux/./Documentation/devicetree/bindings/gpio/aspeed,sgpio.yaml': File exists
cp: cannot create regular file '/dev/shm/linux/./Documentation/devicetree/bindings/gpio/blaize,blzp1600-gpio.yaml': File exists
cp: cannot create regular file '/dev/shm/linux/./Documentation/devicetree/bindings/gpio/brcm,bcm63xx-gpio.yaml': File exists
cp: cannot create regular file '/dev/shm/linux/./Documentation/devicetree/bindings/gpio/brcm,kona-gpio.yaml': File exists
cp: cannot create regular file '/dev/shm/linux/./Documentation/devicetree/bindings/gpio/cavium,octeon-3860-gpio.yaml': File exists
cp: cannot create regular file '/dev/shm/linux/./Documentation/devicetree/bindings/gpio/cdns,gpio.yaml': File exists
cp: cannot create regular file '/dev/shm/linux/./Documentation/devicetree/bindings/gpio/cirrus,clps711x-mctrl-gpio.yaml': File exists
cp: cannot create regular file '/dev/shm/linux/./Documentation/devicetree/bindings/gpio/exar,xra1403.yaml': File exists
cp: cannot create regular file '/dev/shm/linux/./Documentation/devicetree/bindings/gpio/fsl,imx8qxp-sc-gpio.yaml': File exists
cp: cannot create regular file '/dev/shm/linux/./Documentation/devicetree/bindings/gpio/fsl-imx-gpio.yaml': File exists
cp: cannot create regular file '/dev/shm/linux/./Documentation/devicetree/bindings/gpio/gpio-adnp.txt': File exists
cp: cannot create regular file '/dev/shm/linux/./Documentation/devicetree/bindings/gpio/gpio-davinci.yaml': File exists
cp: cannot create regular file '/dev/shm/linux/./Documentation/devicetree/bindings/gpio/gpio-ep9301.yaml': File exists
cp: cannot create regular file '/dev/shm/linux/./Documentation/devicetree/bindings/gpio/gpio-grgpio.txt': File exists
cp: cannot create regular file '/dev/shm/linux/./Documentation/devicetree/bindings/gpio/gpio-line-mux.yaml': File exists
cp: cannot create regular file '/dev/shm/linux/./Documentation/devicetree/bindings/gpio/gpio-mvebu.yaml': File exists
cp: cannot create regular file '/dev/shm/linux/./Documentation/devicetree/bindings/gpio/gpio-pca95xx.yaml': File exists
cp: cannot create regular file '/dev/shm/linux/./Documentation/devicetree/bindings/gpio/gpio-stp-xway.yaml': File exists
cp: cannot create regular file '/dev/shm/linux/./Documentation/devicetree/bindings/gpio/gpio-virtio.yaml': File exists
cp: cannot create regular file '/dev/shm/linux/./Documentation/devicetree/bindings/gpio/gpio.txt': File exists
cp: cannot create regular file '/dev/shm/linux/./Documentation/devicetree/bindings/gpio/idt,32434-gpio.yaml': File exists
cp: cannot create regular file '/dev/shm/linux/./Documentation/devicetree/bindings/gpio/kontron,sl28cpld-gpio.yaml': File exists
cp: cannot create regular file '/dev/shm/linux/./Documentation/devicetree/bindings/gpio/loongson,ls-gpio.yaml': File exists
cp: cannot create regular file '/dev/shm/linux/./Documentation/devicetree/bindings/gpio/maxim,max31910.yaml': File exists
cp: cannot create regular file '/dev/shm/linux/./Documentation/devicetree/bindings/gpio/mediatek,mt7621-gpio.yaml': File exists
cp: cannot create regular file '/dev/shm/linux/./Documentation/devicetree/bindings/gpio/microchip,mpfs-gpio.yaml': File exists
cp: cannot create regular file '/dev/shm/linux/./Documentation/devicetree/bindings/gpio/mrvl-gpio.yaml': File exists
cp: cannot create regular file '/dev/shm/linux/./Documentation/devicetree/bindings/gpio/nvidia,tegra186-gpio.yaml': File exists
cp: cannot create regular file '/dev/shm/linux/./Documentation/devicetree/bindings/gpio/nxp,lpc1850-gpio.yaml': File exists
cp: cannot create regular file '/dev/shm/linux/./Documentation/devicetree/bindings/gpio/nxp,lpc3220-gpio.yaml': File exists
cp: cannot create regular file '/dev/shm/linux/./Documentation/devicetree/bindings/gpio/pin-control-gpio.yaml': File exists
cp: cannot create regular file '/dev/shm/linux/./Documentation/devicetree/bindings/gpio/qca,ar7100-gpio.yaml': File exists
cp: cannot create regular file '/dev/shm/linux/./Documentation/devicetree/bindings/gpio/realtek,otto-gpio.yaml': File exists
cp: cannot create regular file '/dev/shm/linux/./Documentation/devicetree/bindings/gpio/rockchip,gpio-bank.yaml': File exists
cp: cannot create regular file '/dev/shm/linux/./Documentation/devicetree/bindings/gpio/snps,dw-apb-gpio.yaml': File exists
cp: cannot create regular file '/dev/shm/linux/./Documentation/devicetree/bindings/gpio/sodaville.txt': File exists
cp: cannot create regular file '/dev/shm/linux/./Documentation/devicetree/bindings/gpio/spacemit,k1-gpio.yaml': File exists
cp: cannot create regular file '/dev/shm/linux/./Documentation/devicetree/bindings/gpio/sprd,gpio.yaml': File exists
cp: cannot create regular file '/dev/shm/linux/./Documentation/devicetree/bindings/gpio/st,stmpe-gpio.yaml': File exists
cp: cannot create regular file '/dev/shm/linux/./Documentation/devicetree/bindings/gpio/ti,omap-gpio.yaml': File exists
cp: cannot create regular file '/dev/shm/linux/./Documentation/devicetree/bindings/gpio/trivial-gpio.yaml': File exists
cp: cannot create regular file '/dev/shm/linux/./Documentation/devicetree/bindings/gpio/xlnx,gpio-xilinx.yaml': File exists
cp: cannot create regular file '/dev/shm/linux/./Documentation/devicetree/bindings/gpio/xylon,logicvc-gpio.yaml': File exists
cp: cannot create regular file '/dev/shm/linux/./Documentation/devicetree/bindings/gpu/arm,mali-midgard.yaml': File exists
cp: cannot create regular file '/dev/shm/linux/./Documentation/devicetree/bindings/gpu/arm,mali-utgard.yaml': File exists
cp: cannot create regular file '/dev/shm/linux/./Documentation/devicetree/bindings/gpu/aspeed,ast2400-gfx.yaml': File exists
cp: cannot create regular file '/dev/shm/linux/./Documentation/devicetree/bindings/gpu/host1x/nvidia,tegra210-nvenc.yaml': File exists
cp: cannot create regular file '/dev/shm/linux/./Documentation/devicetree/bindings/gpu/img,powervr-sgx.yaml': File exists
cp: cannot create regular file '/dev/shm/linux/./Documentation/devicetree/bindings/gpu/nvidia,gk20a.yaml': File exists
cp: cannot create regular file '/dev/shm/linux/./Documentation/devicetree/bindings/gpu/samsung-rotator.yaml': File exists
cp: cannot create regular file '/dev/shm/linux/./Documentation/devicetree/bindings/gpu/vivante,gc.yaml': File exists
cp: cannot create directory '/dev/shm/linux/./Documentation/devicetree/bindings/hsi': File exists
cp: cannot create regular file '/dev/shm/linux/./Documentation/devicetree/bindings/hwinfo/ti,k3-socinfo.yaml': File exists
cp: cannot create directory '/dev/shm/linux/./Documentation/devicetree/bindings/hwlock': File exists
cp: cannot create regular file '/dev/shm/linux/./Documentation/devicetree/bindings/hwmon/adi,ltc2991.yaml': File exists
cp: cannot create regular file '/dev/shm/linux/./Documentation/devicetree/bindings/hwmon/amd,sbrmi.yaml': File exists
cp: cannot create regular file '/dev/shm/linux/./Documentation/devicetree/bindings/hwmon/amd,sbtsi.yaml': File exists
cp: cannot create regular file '/dev/shm/linux/./Documentation/devicetree/bindings/hwmon/apm,xgene-slimpro-hwmon.yaml': File exists
cp: cannot create regular file '/dev/shm/linux/./Documentation/devicetree/bindings/hwmon/cirrus,lochnagar.yaml': File exists
cp: cannot create regular file '/dev/shm/linux/./Documentation/devicetree/bindings/hwmon/gmt,g762.yaml': File exists
cp: cannot create regular file '/dev/shm/linux/./Documentation/devicetree/bindings/hwmon/hpe,gxp-fan-ctrl.yaml': File exists
cp: cannot create regular file '/dev/shm/linux/./Documentation/devicetree/bindings/hwmon/ibm,opal-sensor.yaml': File exists
cp: cannot create regular file '/dev/shm/linux/./Documentation/devicetree/bindings/hwmon/jedec,jc42.yaml': File exists
cp: cannot create regular file '/dev/shm/linux/./Documentation/devicetree/bindings/hwmon/kontron,sl28cpld-hwmon.yaml': File exists
cp: cannot create regular file '/dev/shm/linux/./Documentation/devicetree/bindings/hwmon/lantiq,cputemp.yaml': File exists
cp: cannot create regular file '/dev/shm/linux/./Documentation/devicetree/bindings/hwmon/lltc,ltc4151.yaml': File exists
cp: cannot create regular file '/dev/shm/linux/./Documentation/devicetree/bindings/hwmon/max6697.txt': File exists
cp: cannot create regular file '/dev/shm/linux/./Documentation/devicetree/bindings/hwmon/maxim,max6650.yaml': File exists
cp: cannot create regular file '/dev/shm/linux/./Documentation/devicetree/bindings/hwmon/microchip,lan966x.yaml': File exists
cp: cannot create regular file '/dev/shm/linux/./Documentation/devicetree/bindings/hwmon/microchip,mcp3021.yaml': File exists
cp: cannot create regular file '/dev/shm/linux/./Documentation/devicetree/bindings/hwmon/microchip,sparx5-temp.yaml': File exists
cp: cannot create regular file '/dev/shm/linux/./Documentation/devicetree/bindings/hwmon/moortec,mr75203.yaml': File exists
cp: cannot create regular file '/dev/shm/linux/./Documentation/devicetree/bindings/hwmon/ntc-thermistor.yaml': File exists
cp: cannot create regular file '/dev/shm/linux/./Documentation/devicetree/bindings/hwmon/nuvoton,npcm750-pwm-fan.yaml': File exists
cp: cannot create regular file '/dev/shm/linux/./Documentation/devicetree/bindings/hwmon/nxp,mc34vr500.yaml': File exists
cp: cannot create regular file '/dev/shm/linux/./Documentation/devicetree/bindings/hwmon/pmbus/adi,adp1050.yaml': File exists
cp: cannot create regular file '/dev/shm/linux/./Documentation/devicetree/bindings/hwmon/pmbus/adi,max17616.yaml': File exists
cp: cannot create regular file '/dev/shm/linux/./Documentation/devicetree/bindings/hwmon/pmbus/isil,isl68137.yaml': File exists
cp: cannot create regular file '/dev/shm/linux/./Documentation/devicetree/bindings/hwmon/pmbus/mps,mpq8785.yaml': File exists
cp: cannot create regular file '/dev/shm/linux/./Documentation/devicetree/bindings/hwmon/pmbus/ti,tps25990.yaml': File exists
cp: cannot create regular file '/dev/shm/linux/./Documentation/devicetree/bindings/hwmon/pmbus/vicor,pli1209bc.yaml': File exists
cp: cannot create regular file '/dev/shm/linux/./Documentation/devicetree/bindings/hwmon/renesas,isl28022.yaml': File exists
cp: cannot create regular file '/dev/shm/linux/./Documentation/devicetree/bindings/hwmon/sensirion,sht15.yaml': File exists
cp: cannot create regular file '/dev/shm/linux/./Documentation/devicetree/bindings/hwmon/sophgo,sg2042-hwmon-mcu.yaml': File exists
cp: cannot create regular file '/dev/shm/linux/./Documentation/devicetree/bindings/hwmon/st,tsc1641.yaml': File exists
cp: cannot create regular file '/dev/shm/linux/./Documentation/devicetree/bindings/hwmon/syna,as370.yaml': File exists
cp: cannot create regular file '/dev/shm/linux/./Documentation/devicetree/bindings/hwmon/ti,ads7828.yaml': File exists
cp: cannot create regular file '/dev/shm/linux/./Documentation/devicetree/bindings/hwmon/ti,ina2xx.yaml': File exists
cp: cannot create regular file '/dev/shm/linux/./Documentation/devicetree/bindings/hwmon/ti,lm87.yaml': File exists
cp: cannot create regular file '/dev/shm/linux/./Documentation/devicetree/bindings/hwmon/ti,tmp401.yaml': File exists
cp: cannot create regular file '/dev/shm/linux/./Documentation/devicetree/bindings/hwmon/ti,tmp421.yaml': File exists
cp: cannot create regular file '/dev/shm/linux/./Documentation/devicetree/bindings/hwmon/ti,tmp464.yaml': File exists
cp: cannot create regular file '/dev/shm/linux/./Documentation/devicetree/bindings/i2c/allwinner,sun6i-a31-p2wi.yaml': File exists
cp: cannot create regular file '/dev/shm/linux/./Documentation/devicetree/bindings/i2c/amlogic,meson6-i2c.yaml': File exists
cp: cannot create regular file '/dev/shm/linux/./Documentation/devicetree/bindings/i2c/apple,i2c.yaml': File exists
cp: cannot create regular file '/dev/shm/linux/./Documentation/devicetree/bindings/i2c/arm,i2c-versatile.yaml': File exists
cp: cannot create regular file '/dev/shm/linux/./Documentation/devicetree/bindings/i2c/atmel,at91sam-i2c.yaml': File exists
cp: cannot create regular file '/dev/shm/linux/./Documentation/devicetree/bindings/i2c/brcm,brcmstb-i2c.yaml': File exists
cp: cannot create regular file '/dev/shm/linux/./Documentation/devicetree/bindings/i2c/brcm,iproc-i2c.yaml': File exists
cp: cannot create regular file '/dev/shm/linux/./Documentation/devicetree/bindings/i2c/cnxt,cx92755-i2c.yaml': File exists
cp: cannot create regular file '/dev/shm/linux/./Documentation/devicetree/bindings/i2c/hisilicon,ascend910-i2c.yaml': File exists
cp: cannot create regular file '/dev/shm/linux/./Documentation/devicetree/bindings/i2c/hpe,gxp-i2c.yaml': File exists
cp: cannot create regular file '/dev/shm/linux/./Documentation/devicetree/bindings/i2c/i2c-altera.txt': File exists
cp: cannot create regular file '/dev/shm/linux/./Documentation/devicetree/bindings/i2c/i2c-arb-gpio-challenge.yaml': File exists
cp: cannot create regular file '/dev/shm/linux/./Documentation/devicetree/bindings/i2c/i2c-axxia.txt': File exists
cp: cannot create regular file '/dev/shm/linux/./Documentation/devicetree/bindings/i2c/i2c-davinci.txt': File exists
cp: cannot create regular file '/dev/shm/linux/./Documentation/devicetree/bindings/i2c/i2c-demux-pinctrl.yaml': File exists
cp: cannot create regular file '/dev/shm/linux/./Documentation/devicetree/bindings/i2c/i2c-img-scb.txt': File exists
cp: cannot create regular file '/dev/shm/linux/./Documentation/devicetree/bindings/i2c/i2c-imx.yaml': File exists
cp: cannot create regular file '/dev/shm/linux/./Documentation/devicetree/bindings/i2c/i2c-mt65xx.yaml': File exists
cp: cannot create regular file '/dev/shm/linux/./Documentation/devicetree/bindings/i2c/i2c-mux-gpio.yaml': File exists
cp: cannot create regular file '/dev/shm/linux/./Documentation/devicetree/bindings/i2c/i2c-mux-gpmux.yaml': File exists
cp: cannot create regular file '/dev/shm/linux/./Documentation/devicetree/bindings/i2c/i2c-mux-pca954x.yaml': File exists
cp: cannot create regular file '/dev/shm/linux/./Documentation/devicetree/bindings/i2c/i2c-mux-reg.txt': File exists
cp: cannot create regular file '/dev/shm/linux/./Documentation/devicetree/bindings/i2c/i2c-mux.yaml': File exists
cp: cannot create regular file '/dev/shm/linux/./Documentation/devicetree/bindings/i2c/i2c-pca-platform.txt': File exists
cp: cannot create regular file '/dev/shm/linux/./Documentation/devicetree/bindings/i2c/i2c-pxa.yaml': File exists
cp: cannot create regular file '/dev/shm/linux/./Documentation/devicetree/bindings/i2c/i2c-virtio.yaml': File exists
cp: cannot create regular file '/dev/shm/linux/./Documentation/devicetree/bindings/i2c/intel,ixp4xx-i2c.yaml': File exists
cp: cannot create regular file '/dev/shm/linux/./Documentation/devicetree/bindings/i2c/microchip,corei2c.yaml': File exists
cp: cannot create regular file '/dev/shm/linux/./Documentation/devicetree/bindings/i2c/nuvoton,npcm7xx-i2c.yaml': File exists
cp: cannot create regular file '/dev/shm/linux/./Documentation/devicetree/bindings/i2c/nxp,lpc1788-i2c.yaml': File exists
cp: cannot create regular file '/dev/shm/linux/./Documentation/devicetree/bindings/i2c/nxp,pnx-i2c.yaml': File exists
cp: cannot create regular file '/dev/shm/linux/./Documentation/devicetree/bindings/i2c/qcom,i2c-qup.yaml': File exists
cp: cannot create regular file '/dev/shm/linux/./Documentation/devicetree/bindings/i2c/renesas,iic-emev2.yaml': File exists
cp: cannot create regular file '/dev/shm/linux/./Documentation/devicetree/bindings/i2c/renesas,rcar-i2c.yaml': File exists
cp: cannot create regular file '/dev/shm/linux/./Documentation/devicetree/bindings/i2c/renesas,rmobile-iic.yaml': File exists
cp: cannot create regular file '/dev/shm/linux/./Documentation/devicetree/bindings/i2c/samsung,s3c2410-i2c.yaml': File exists
cp: cannot create regular file '/dev/shm/linux/./Documentation/devicetree/bindings/i2c/snps,designware-i2c.yaml': File exists
cp: cannot create regular file '/dev/shm/linux/./Documentation/devicetree/bindings/i2c/socionext,uniphier-fi2c.yaml': File exists
cp: cannot create regular file '/dev/shm/linux/./Documentation/devicetree/bindings/i2c/spacemit,k1-i2c.yaml': File exists
cp: cannot create regular file '/dev/shm/linux/./Documentation/devicetree/bindings/i2c/st,sti-i2c.yaml': File exists
cp: cannot create regular file '/dev/shm/linux/./Documentation/devicetree/bindings/i2c/tsd,mule-i2c-mux.yaml': File exists
cp: cannot create regular file '/dev/shm/linux/./Documentation/devicetree/bindings/i2c/wm,wm8505-i2c.yaml': File exists
cp: cannot create directory '/dev/shm/linux/./Documentation/devicetree/bindings/i3c': File exists
cp: cannot create regular file '/dev/shm/linux/./Documentation/devicetree/bindings/iio/accel/bosch,bma220.yaml': File exists
cp: cannot create regular file '/dev/shm/linux/./Documentation/devicetree/bindings/iio/accel/fsl,mma7455.yaml': File exists
cp: cannot create regular file '/dev/shm/linux/./Documentation/devicetree/bindings/iio/accel/kionix,kx022a.yaml': File exists
cp: cannot create regular file '/dev/shm/linux/./Documentation/devicetree/bindings/iio/accel/kionix,kxsd9.yaml': File exists
cp: cannot create regular file '/dev/shm/linux/./Documentation/devicetree/bindings/iio/accel/memsensing,msa311.yaml': File exists
cp: cannot create regular file '/dev/shm/linux/./Documentation/devicetree/bindings/iio/accel/murata,sca3300.yaml': File exists
cp: cannot create directory '/dev/shm/linux/./Documentation/devicetree/bindings/iio/adc': File exists
cp: cannot create regular file '/dev/shm/linux/./Documentation/devicetree/bindings/iio/light/sharp,gp2ap002.yaml': File exists
cp: cannot create regular file '/dev/shm/linux/./Documentation/devicetree/bindings/iio/light/sharp,gp2ap020a00f.yaml': File exists
cp: cannot create regular file '/dev/shm/linux/./Documentation/devicetree/bindings/iio/light/st,uvis25.yaml': File exists
cp: cannot create regular file '/dev/shm/linux/./Documentation/devicetree/bindings/iio/light/st,vl6180.yaml': File exists
cp: cannot create regular file '/dev/shm/linux/./Documentation/devicetree/bindings/iio/light/ti,opt3001.yaml': File exists
cp: cannot create regular file '/dev/shm/linux/./Documentation/devicetree/bindings/iio/light/ti,opt4060.yaml': File exists
cp: cannot create regular file '/dev/shm/linux/./Documentation/devicetree/bindings/iio/light/tsl2583.yaml': File exists
cp: cannot create regular file '/dev/shm/linux/./Documentation/devicetree/bindings/iio/light/upisemi,us5182.yaml': File exists
cp: cannot create regular file '/dev/shm/linux/./Documentation/devicetree/bindings/iio/light/vishay,vcnl4035.yaml': File exists
cp: cannot create regular file '/dev/shm/linux/./Documentation/devicetree/bindings/iio/light/vishay,veml6030.yaml': File exists
cp: cannot create regular file '/dev/shm/linux/./Documentation/devicetree/bindings/iio/light/vishay,veml6075.yaml': File exists
cp: cannot create directory '/dev/shm/linux/./Documentation/devicetree/bindings/iio/magnetometer': File exists
cp: cannot create regular file '/dev/shm/linux/./Documentation/devicetree/bindings/iio/pressure/bmp085.yaml': File exists
cp: cannot create regular file '/dev/shm/linux/./Documentation/devicetree/bindings/iio/pressure/honeywell,abp2030pa.yaml': File exists
cp: cannot create regular file '/dev/shm/linux/./Documentation/devicetree/bindings/iio/pressure/honeywell,mprls0025pa.yaml': File exists
cp: cannot create regular file '/dev/shm/linux/./Documentation/devicetree/bindings/iio/pressure/hoperf,hp03.yaml': File exists
cp: cannot create regular file '/dev/shm/linux/./Documentation/devicetree/bindings/iio/pressure/meas,ms5611.yaml': File exists
cp: cannot create regular file '/dev/shm/linux/./Documentation/devicetree/bindings/iio/pressure/rohm,bm1390.yaml': File exists
cp: cannot create regular file '/dev/shm/linux/./Documentation/devicetree/bindings/iio/proximity/ams,as3935.yaml': File exists
cp: cannot create regular file '/dev/shm/linux/./Documentation/devicetree/bindings/iio/proximity/devantech-srf04.yaml': File exists
cp: cannot create regular file '/dev/shm/linux/./Documentation/devicetree/bindings/iio/proximity/maxbotix,mb1232.yaml': File exists
cp: cannot create regular file '/dev/shm/linux/./Documentation/devicetree/bindings/iio/proximity/murata,irsd200.yaml': File exists
cp: cannot create regular file '/dev/shm/linux/./Documentation/devicetree/bindings/iio/proximity/parallax-ping.yaml': File exists
cp: cannot create regular file '/dev/shm/linux/./Documentation/devicetree/bindings/iio/proximity/semtech,sx9310.yaml': File exists
cp: cannot create regular file '/dev/shm/linux/./Documentation/devicetree/bindings/iio/proximity/semtech,sx9360.yaml': File exists
cp: cannot create regular file '/dev/shm/linux/./Documentation/devicetree/bindings/iio/proximity/st,vl53l0x.yaml': File exists
cp: cannot create regular file '/dev/shm/linux/./Documentation/devicetree/bindings/iio/proximity/vishay,vcnl3020.yaml': File exists
cp: cannot create regular file '/dev/shm/linux/./Documentation/devicetree/bindings/iio/resolver/adi,ad2s1210.yaml': File exists
cp: cannot create regular file '/dev/shm/linux/./Documentation/devicetree/bindings/iio/samsung,sensorhub-rinato.yaml': File exists
cp: cannot create directory '/dev/shm/linux/./Documentation/devicetree/bindings/iio/temperature': File exists
cp: cannot create regular file '/dev/shm/linux/./Documentation/devicetree/bindings/input/atmel,maxtouch.yaml': File exists
cp: cannot create regular file '/dev/shm/linux/./Documentation/devicetree/bindings/input/brcm,bcm-keypad.txt': File exists
cp: cannot create regular file '/dev/shm/linux/./Documentation/devicetree/bindings/input/clps711x-keypad.txt': File exists
cp: cannot create regular file '/dev/shm/linux/./Documentation/devicetree/bindings/input/cypress,tm2-touchkey.yaml': File exists
cp: cannot create regular file '/dev/shm/linux/./Documentation/devicetree/bindings/input/dlg,da9062-onkey.yaml': File exists
cp: cannot create regular file '/dev/shm/linux/./Documentation/devicetree/bindings/input/dlink,dir685-touchkeys.txt': File exists
cp: cannot create regular file '/dev/shm/linux/./Documentation/devicetree/bindings/input/elan,ekth3000.yaml': File exists
cp: cannot create regular file '/dev/shm/linux/./Documentation/devicetree/bindings/input/focaltech,ft8112.yaml': File exists
cp: cannot create regular file '/dev/shm/linux/./Documentation/devicetree/bindings/input/fsl,scu-key.yaml': File exists
cp: cannot create regular file '/dev/shm/linux/./Documentation/devicetree/bindings/input/goodix,gt7986u-spifw.yaml': File exists
cp: cannot create regular file '/dev/shm/linux/./Documentation/devicetree/bindings/input/google,goldfish-events-keypad.yaml': File exists
cp: cannot create regular file '/dev/shm/linux/./Documentation/devicetree/bindings/input/gpio-keys.yaml': File exists
cp: cannot create regular file '/dev/shm/linux/./Documentation/devicetree/bindings/input/gpio-mouse.yaml': File exists
cp: cannot create regular file '/dev/shm/linux/./Documentation/devicetree/bindings/input/hid-over-i2c.yaml': File exists
cp: cannot create regular file '/dev/shm/linux/./Documentation/devicetree/bindings/input/ilitek,ili2901.yaml': File exists
cp: cannot create regular file '/dev/shm/linux/./Documentation/devicetree/bindings/input/imx-keypad.yaml': File exists
cp: cannot create regular file '/dev/shm/linux/./Documentation/devicetree/bindings/input/iqs626a.yaml': File exists
cp: cannot create regular file '/dev/shm/linux/./Documentation/devicetree/bindings/input/matrix-keymap.yaml': File exists
cp: cannot create regular file '/dev/shm/linux/./Documentation/devicetree/bindings/input/mediatek,mt6779-keypad.yaml': File exists
cp: cannot create regular file '/dev/shm/linux/./Documentation/devicetree/bindings/input/microchip,qt1050.txt': File exists
cp: cannot create regular file '/dev/shm/linux/./Documentation/devicetree/bindings/input/nxp,lpc3220-key.yaml': File exists
cp: cannot create regular file '/dev/shm/linux/./Documentation/devicetree/bindings/input/omap-keypad.txt': File exists
cp: cannot create regular file '/dev/shm/linux/./Documentation/devicetree/bindings/input/pine64,pinephone-keyboard.yaml': File exists
cp: cannot create regular file '/dev/shm/linux/./Documentation/devicetree/bindings/input/pwm-beeper.yaml': File exists
cp: cannot create regular file '/dev/shm/linux/./Documentation/devicetree/bindings/input/pxa27x-keypad.txt': File exists
cp: cannot create regular file '/dev/shm/linux/./Documentation/devicetree/bindings/input/qcom,pm8921-pwrkey.yaml': File exists
cp: cannot create regular file '/dev/shm/linux/./Documentation/devicetree/bindings/input/qcom,pm8xxx-vib.yaml': File exists
cp: cannot create regular file '/dev/shm/linux/./Documentation/devicetree/bindings/input/raydium_i2c_ts.txt': File exists
cp: cannot create regular file '/dev/shm/linux/./Documentation/devicetree/bindings/input/samsung,s3c6410-keypad.yaml': File exists
cp: cannot create regular file '/dev/shm/linux/./Documentation/devicetree/bindings/input/sprd,sc27xx-vibrator.yaml': File exists
cp: cannot create regular file '/dev/shm/linux/./Documentation/devicetree/bindings/input/syna,rmi4.yaml': File exists
cp: cannot create regular file '/dev/shm/linux/./Documentation/devicetree/bindings/input/ti,palmas-pwrbutton.txt': File exists
cp: cannot create regular file '/dev/shm/linux/./Documentation/devicetree/bindings/input/ti,twl4030-keypad.yaml': File exists
cp: cannot create directory '/dev/shm/linux/./Documentation/devicetree/bindings/input/touchscreen': File exists
cp: cannot create regular file '/dev/shm/linux/./Documentation/devicetree/bindings/interrupt-controller/apple,aic.yaml': File exists
cp: cannot create regular file '/dev/shm/linux/./Documentation/devicetree/bindings/interrupt-controller/apple,aic2.yaml': File exists
cp: cannot create regular file '/dev/shm/linux/./Documentation/devicetree/bindings/interrupt-controller/arm,gic-v5.yaml': File exists
cp: cannot create regular file '/dev/shm/linux/./Documentation/devicetree/bindings/interrupt-controller/arm,gic.yaml': File exists
cp: cannot create regular file '/dev/shm/linux/./Documentation/devicetree/bindings/interrupt-controller/arm,vic.yaml': File exists
cp: cannot create regular file '/dev/shm/linux/./Documentation/devicetree/bindings/interrupt-controller/aspeed,ast2400-vic.yaml': File exists
cp: cannot create regular file '/dev/shm/linux/./Documentation/devicetree/bindings/interrupt-controller/aspeed,ast2700-intc.yaml': File exists
cp: cannot create regular file '/dev/shm/linux/./Documentation/devicetree/bindings/interrupt-controller/brcm,bcm2712-msix.yaml': File exists
cp: cannot create regular file '/dev/shm/linux/./Documentation/devicetree/bindings/interrupt-controller/brcm,bcm2836-l1-intc.yaml': File exists
cp: cannot create regular file '/dev/shm/linux/./Documentation/devicetree/bindings/interrupt-controller/brcm,bcm7038-l1-intc.yaml': File exists
cp: cannot create regular file '/dev/shm/linux/./Documentation/devicetree/bindings/interrupt-controller/brcm,l2-intc.yaml': File exists
cp: cannot create regular file '/dev/shm/linux/./Documentation/devicetree/bindings/interrupt-controller/cdns,xtensa-pic.yaml': File exists
cp: cannot create regular file '/dev/shm/linux/./Documentation/devicetree/bindings/interrupt-controller/chrp,open-pic.yaml': File exists
cp: cannot create regular file '/dev/shm/linux/./Documentation/devicetree/bindings/interrupt-controller/cnxt,cx92755-ic.yaml': File exists
cp: cannot create regular file '/dev/shm/linux/./Documentation/devicetree/bindings/interrupt-controller/csky,mpintc.yaml': File exists
cp: cannot create regular file '/dev/shm/linux/./Documentation/devicetree/bindings/interrupt-controller/ezchip,nps400-ic.yaml': File exists
cp: cannot create regular file '/dev/shm/linux/./Documentation/devicetree/bindings/interrupt-controller/fsl,icoll.yaml': File exists
cp: cannot create regular file '/dev/shm/linux/./Documentation/devicetree/bindings/interrupt-controller/fsl,imx8qxp-dc-intc.yaml': File exists
cp: cannot create regular file '/dev/shm/linux/./Documentation/devicetree/bindings/interrupt-controller/fsl,irqsteer.yaml': File exists
cp: cannot create regular file '/dev/shm/linux/./Documentation/devicetree/bindings/interrupt-controller/fsl,ls-extirq.yaml': File exists
cp: cannot create regular file '/dev/shm/linux/./Documentation/devicetree/bindings/interrupt-controller/fsl,mpic-msi.yaml': File exists
cp: cannot create regular file '/dev/shm/linux/./Documentation/devicetree/bindings/interrupt-controller/fsl,qe-ports-ic.yaml': File exists
cp: cannot create regular file '/dev/shm/linux/./Documentation/devicetree/bindings/interrupt-controller/fsl,tzic.yaml': File exists
cp: cannot create regular file '/dev/shm/linux/./Documentation/devicetree/bindings/interrupt-controller/hisilicon,mbigen-v2.yaml': File exists
cp: cannot create regular file '/dev/shm/linux/./Documentation/devicetree/bindings/interrupt-controller/idt,32434-pic.yaml': File exists
cp: cannot create regular file '/dev/shm/linux/./Documentation/devicetree/bindings/interrupt-controller/ingenic,intc.yaml': File exists
cp: cannot create regular file '/dev/shm/linux/./Documentation/devicetree/bindings/interrupt-controller/intel,ce4100-lapic.yaml': File exists
cp: cannot create regular file '/dev/shm/linux/./Documentation/devicetree/bindings/interrupt-controller/intel,ixp4xx-interrupt.yaml': File exists
cp: cannot create regular file '/dev/shm/linux/./Documentation/devicetree/bindings/interrupt-controller/interrupts.txt': File exists
cp: cannot create regular file '/dev/shm/linux/./Documentation/devicetree/bindings/interrupt-controller/kontron,sl28cpld-intc.yaml': File exists
cp: cannot create regular file '/dev/shm/linux/./Documentation/devicetree/bindings/interrupt-controller/loongson,eiointc.yaml': File exists
cp: cannot create regular file '/dev/shm/linux/./Documentation/devicetree/bindings/interrupt-controller/loongson,htpic.yaml': File exists
cp: cannot create regular file '/dev/shm/linux/./Documentation/devicetree/bindings/interrupt-controller/loongson,liointc.yaml': File exists
cp: cannot create regular file '/dev/shm/linux/./Documentation/devicetree/bindings/interrupt-controller/loongson,ls1x-intc.yaml': File exists
cp: cannot create regular file '/dev/shm/linux/./Documentation/devicetree/bindings/interrupt-controller/loongson,pch-pic.yaml': File exists
cp: cannot create regular file '/dev/shm/linux/./Documentation/devicetree/bindings/interrupt-controller/marvell,ap806-gicp.yaml': File exists
cp: cannot create regular file '/dev/shm/linux/./Documentation/devicetree/bindings/interrupt-controller/marvell,ap806-sei.yaml': File exists
cp: cannot create regular file '/dev/shm/linux/./Documentation/devicetree/bindings/interrupt-controller/marvell,armada-8k-pic.yaml': File exists
cp: cannot create regular file '/dev/shm/linux/./Documentation/devicetree/bindings/interrupt-controller/marvell,mpic.yaml': File exists
cp: cannot create regular file '/dev/shm/linux/./Documentation/devicetree/bindings/interrupt-controller/marvell,orion-bridge-intc.yaml': File exists
cp: cannot create regular file '/dev/shm/linux/./Documentation/devicetree/bindings/interrupt-controller/mediatek,mt6577-sysirq.yaml': File exists
cp: cannot create regular file '/dev/shm/linux/./Documentation/devicetree/bindings/interrupt-controller/microchip,pic32mzda-evic.yaml': File exists
cp: cannot create regular file '/dev/shm/linux/./Documentation/devicetree/bindings/interrupt-controller/mrvl,intc.yaml': File exists
cp: cannot create regular file '/dev/shm/linux/./Documentation/devicetree/bindings/interrupt-controller/msi-controller.yaml': File exists
cp: cannot create regular file '/dev/shm/linux/./Documentation/devicetree/bindings/interrupt-controller/msi.txt': File exists
cp: cannot create regular file '/dev/shm/linux/./Documentation/devicetree/bindings/interrupt-controller/mti,gic.yaml': File exists
cp: cannot create regular file '/dev/shm/linux/./Documentation/devicetree/bindings/interrupt-controller/nvidia,tegra20-ictlr.yaml': File exists
cp: cannot create regular file '/dev/shm/linux/./Documentation/devicetree/bindings/interrupt-controller/opencores,or1k-pic.yaml': File exists
cp: cannot create regular file '/dev/shm/linux/./Documentation/devicetree/bindings/interrupt-controller/qca,ar7100-misc-intc.yaml': File exists
cp: cannot create regular file '/dev/shm/linux/./Documentation/devicetree/bindings/interrupt-controller/qcom,pdc.yaml': File exists
cp: cannot create regular file '/dev/shm/linux/./Documentation/devicetree/bindings/interrupt-controller/realtek,rtl-intc.yaml': File exists
cp: cannot create regular file '/dev/shm/linux/./Documentation/devicetree/bindings/interrupt-controller/renesas,irqc.yaml': File exists
cp: cannot create regular file '/dev/shm/linux/./Documentation/devicetree/bindings/interrupt-controller/renesas,rza1-irqc.yaml': File exists
cp: cannot create regular file '/dev/shm/linux/./Documentation/devicetree/bindings/interrupt-controller/renesas,rzg2l-irqc.yaml': File exists
cp: cannot create regular file '/dev/shm/linux/./Documentation/devicetree/bindings/interrupt-controller/riscv,aplic.yaml': File exists
cp: cannot create regular file '/dev/shm/linux/./Documentation/devicetree/bindings/interrupt-controller/riscv,imsics.yaml': File exists
cp: cannot create regular file '/dev/shm/linux/./Documentation/devicetree/bindings/interrupt-controller/riscv,rpmi-system-msi.yaml': File exists
cp: cannot create regular file '/dev/shm/linux/./Documentation/devicetree/bindings/interrupt-controller/sifive,plic-1.0.0.yaml': File exists
cp: cannot create regular file '/dev/shm/linux/./Documentation/devicetree/bindings/interrupt-controller/snps,archs-idu-intc.yaml': File exists
cp: cannot create regular file '/dev/shm/linux/./Documentation/devicetree/bindings/interrupt-controller/snps,archs-intc.yaml': File exists
cp: cannot create regular file '/dev/shm/linux/./Documentation/devicetree/bindings/interrupt-controller/socionext,synquacer-exiu.yaml': File exists
cp: cannot create regular file '/dev/shm/linux/./Documentation/devicetree/bindings/interrupt-controller/st,spear300-shirq.yaml': File exists
cp: cannot create regular file '/dev/shm/linux/./Documentation/devicetree/bindings/interrupt-controller/st,stm32-exti.yaml': File exists
cp: cannot create regular file '/dev/shm/linux/./Documentation/devicetree/bindings/interrupt-controller/technologic,ts4800-irqc.yaml': File exists
cp: cannot create regular file '/dev/shm/linux/./Documentation/devicetree/bindings/interrupt-controller/thead,c900-aclint-sswi.yaml': File exists
cp: cannot create regular file '/dev/shm/linux/./Documentation/devicetree/bindings/interrupt-controller/ti,cp-intc.yaml': File exists
cp: cannot create regular file '/dev/shm/linux/./Documentation/devicetree/bindings/interrupt-controller/ti,keystone-irq.yaml': File exists
cp: cannot create regular file '/dev/shm/linux/./Documentation/devicetree/bindings/interrupt-controller/ti,omap4-wugen-mpu.yaml': File exists
cp: cannot create regular file '/dev/shm/linux/./Documentation/devicetree/bindings/interrupt-controller/ti,sci-inta.yaml': File exists
cp: cannot create regular file '/dev/shm/linux/./Documentation/devicetree/bindings/interrupt-controller/via,vt8500-intc.yaml': File exists
cp: cannot create directory '/dev/shm/linux/./Documentation/devicetree/bindings/iommu': File exists
cp: cannot create regular file '/dev/shm/linux/./Documentation/devicetree/bindings/leds/backlight/kinetic,ktd2801.yaml': File exists
cp: cannot create regular file '/dev/shm/linux/./Documentation/devicetree/bindings/leds/backlight/led-backlight.yaml': File exists
cp: cannot create regular file '/dev/shm/linux/./Documentation/devicetree/bindings/leds/backlight/lp855x-backlight.yaml': File exists
cp: cannot create regular file '/dev/shm/linux/./Documentation/devicetree/bindings/leds/backlight/mediatek,mt6370-backlight.yaml': File exists
cp: cannot create regular file '/dev/shm/linux/./Documentation/devicetree/bindings/leds/backlight/qcom-wled.yaml': File exists
cp: cannot create regular file '/dev/shm/linux/./Documentation/devicetree/bindings/leds/backlight/sky81452-backlight.txt': File exists
cp: cannot create regular file '/dev/shm/linux/./Documentation/devicetree/bindings/leds/backlight/tps65217-backlight.txt': File exists
cp: cannot create regular file '/dev/shm/linux/./Documentation/devicetree/bindings/leds/common.txt': File exists
cp: cannot create regular file '/dev/shm/linux/./Documentation/devicetree/bindings/leds/cznic,turris-omnia-leds.yaml': File exists
cp: cannot create directory '/dev/shm/linux/./Documentation/devicetree/bindings/leds/irled': File exists
cp: cannot create regular file '/dev/shm/linux/./Documentation/devicetree/bindings/leds/leds-bcm63138.yaml': File exists
cp: cannot create regular file '/dev/shm/linux/./Documentation/devicetree/bindings/leds/leds-bcm6358.txt': File exists
cp: cannot create regular file '/dev/shm/linux/./Documentation/devicetree/bindings/leds/leds-consumer.yaml': File exists
cp: cannot create regular file '/dev/shm/linux/./Documentation/devicetree/bindings/leds/leds-cr0014114.txt': File exists
cp: cannot create regular file '/dev/shm/linux/./Documentation/devicetree/bindings/leds/leds-group-multicolor.yaml': File exists
cp: cannot create regular file '/dev/shm/linux/./Documentation/devicetree/bindings/leds/leds-lm3532.txt': File exists
cp: cannot create regular file '/dev/shm/linux/./Documentation/devicetree/bindings/leds/leds-lm36274.txt': File exists
cp: cannot create regular file '/dev/shm/linux/./Documentation/devicetree/bindings/leds/leds-lp55xx.yaml': File exists
cp: cannot create regular file '/dev/shm/linux/./Documentation/devicetree/bindings/leds/leds-lt3593.txt': File exists
cp: cannot create regular file '/dev/shm/linux/./Documentation/devicetree/bindings/leds/leds-mt6360.yaml': File exists
cp: cannot create regular file '/dev/shm/linux/./Documentation/devicetree/bindings/leds/leds-ns2.txt': File exists
cp: cannot create regular file '/dev/shm/linux/./Documentation/devicetree/bindings/leds/leds-pwm.yaml': File exists
cp: cannot create regular file '/dev/shm/linux/./Documentation/devicetree/bindings/leds/leds-qcom-lpg.yaml': File exists
cp: cannot create regular file '/dev/shm/linux/./Documentation/devicetree/bindings/leds/leds-spi-byte.txt': File exists
cp: cannot create regular file '/dev/shm/linux/./Documentation/devicetree/bindings/leds/maxim,max77693.yaml': File exists
cp: cannot create regular file '/dev/shm/linux/./Documentation/devicetree/bindings/leds/nxp,pca953x.yaml': File exists
cp: cannot create regular file '/dev/shm/linux/./Documentation/devicetree/bindings/leds/nxp,pca963x.yaml': File exists
cp: cannot create regular file '/dev/shm/linux/./Documentation/devicetree/bindings/leds/onnn,ncp5623.yaml': File exists
cp: cannot create regular file '/dev/shm/linux/./Documentation/devicetree/bindings/leds/panasonic,an30259a.yaml': File exists
cp: cannot create regular file '/dev/shm/linux/./Documentation/devicetree/bindings/leds/qcom,spmi-flash-led.yaml': File exists
cp: cannot create regular file '/dev/shm/linux/./Documentation/devicetree/bindings/leds/register-bit-led.yaml': File exists
cp: cannot create regular file '/dev/shm/linux/./Documentation/devicetree/bindings/leds/richtek,rt8515.yaml': File exists
cp: cannot create regular file '/dev/shm/linux/./Documentation/devicetree/bindings/leds/rohm,bd71828-leds.yaml': File exists
cp: cannot create regular file '/dev/shm/linux/./Documentation/devicetree/bindings/leds/skyworks,aat1290.yaml': File exists
cp: cannot create regular file '/dev/shm/linux/./Documentation/devicetree/bindings/leds/st,led1202.yaml': File exists
cp: cannot create regular file '/dev/shm/linux/./Documentation/devicetree/bindings/leds/ti,lp5812.yaml': File exists
cp: cannot create regular file '/dev/shm/linux/./Documentation/devicetree/bindings/leds/ti,tlc59116.yaml': File exists
cp: cannot create regular file '/dev/shm/linux/./Documentation/devicetree/bindings/leds/ti.lm36922.yaml': File exists
cp: cannot create directory '/dev/shm/linux/./Documentation/devicetree/bindings/loongarch': File exists
cp: cannot create regular file '/dev/shm/linux/./Documentation/devicetree/bindings/mailbox/amlogic,meson-gxbb-mhu.yaml': File exists
cp: cannot create regular file '/dev/shm/linux/./Documentation/devicetree/bindings/mailbox/apple,mailbox.yaml': File exists
cp: cannot create regular file '/dev/shm/linux/./Documentation/devicetree/bindings/mailbox/arm,mhuv2.yaml': File exists
cp: cannot create regular file '/dev/shm/linux/./Documentation/devicetree/bindings/mailbox/aspeed,ast2700-mailbox.yaml': File exists
cp: cannot create regular file '/dev/shm/linux/./Documentation/devicetree/bindings/mailbox/brcm,iproc-flexrm-mbox.yaml': File exists
cp: cannot create regular file '/dev/shm/linux/./Documentation/devicetree/bindings/mailbox/cix,sky1-mbox.yaml': File exists
cp: cannot create regular file '/dev/shm/linux/./Documentation/devicetree/bindings/mailbox/google,gs101-mbox.yaml': File exists
cp: cannot create regular file '/dev/shm/linux/./Documentation/devicetree/bindings/mailbox/hisilicon,hi6220-mailbox.txt': File exists
cp: cannot create regular file '/dev/shm/linux/./Documentation/devicetree/bindings/mailbox/marvell,armada-3700-rwtm-mailbox.yaml': File exists
cp: cannot create regular file '/dev/shm/linux/./Documentation/devicetree/bindings/mailbox/mediatek,gce-props.yaml': File exists
cp: cannot create regular file '/dev/shm/linux/./Documentation/devicetree/bindings/mailbox/mediatek,mt8196-vcp-mbox.yaml': File exists
cp: cannot create regular file '/dev/shm/linux/./Documentation/devicetree/bindings/mailbox/mtk,adsp-mbox.yaml': File exists
cp: cannot create regular file '/dev/shm/linux/./Documentation/devicetree/bindings/mailbox/qcom,apcs-kpss-global.yaml': File exists
cp: cannot create regular file '/dev/shm/linux/./Documentation/devicetree/bindings/mailbox/qcom-ipcc.yaml': File exists
cp: cannot create regular file '/dev/shm/linux/./Documentation/devicetree/bindings/mailbox/rockchip,rk3368-mailbox.yaml': File exists
cp: cannot create regular file '/dev/shm/linux/./Documentation/devicetree/bindings/mailbox/sprd-mailbox.yaml': File exists
cp: cannot create regular file '/dev/shm/linux/./Documentation/devicetree/bindings/mailbox/st,stm32-ipcc.yaml': File exists
cp: cannot create regular file '/dev/shm/linux/./Documentation/devicetree/bindings/mailbox/ti,message-manager.txt': File exists
cp: cannot create regular file '/dev/shm/linux/./Documentation/devicetree/bindings/mailbox/ti,secure-proxy.yaml': File exists
cp: cannot create directory '/dev/shm/linux/./Documentation/devicetree/bindings/media': File exists
cp: cannot create regular file '/dev/shm/linux/./Documentation/devicetree/bindings/misc/nvidia,tegra20-apbmisc.yaml': File exists
cp: cannot create regular file '/dev/shm/linux/./Documentation/devicetree/bindings/misc/olpc,xo1.75-ec.yaml': File exists
cp: cannot create regular file '/dev/shm/linux/./Documentation/devicetree/bindings/misc/pvpanic-mmio.txt': File exists
cp: cannot create regular file '/dev/shm/linux/./Documentation/devicetree/bindings/misc/qemu,vcpu-stall-detector.yaml': File exists
cp: cannot create regular file '/dev/shm/linux/./Documentation/devicetree/bindings/misc/xlnx,tmr-inject.yaml': File exists
cp: cannot create regular file '/dev/shm/linux/./Documentation/devicetree/bindings/mmc/allwinner,sun4i-a10-mmc.yaml': File exists
cp: cannot create regular file '/dev/shm/linux/./Documentation/devicetree/bindings/mmc/amlogic,meson-gx-mmc.yaml': File exists
cp: cannot create regular file '/dev/shm/linux/./Documentation/devicetree/bindings/mmc/amlogic,meson-mx-sdhc.yaml': File exists
cp: cannot create regular file '/dev/shm/linux/./Documentation/devicetree/bindings/mmc/arasan,sdhci.yaml': File exists
cp: cannot create regular file '/dev/shm/linux/./Documentation/devicetree/bindings/mmc/aspeed,sdhci.yaml': File exists
cp: cannot create regular file '/dev/shm/linux/./Documentation/devicetree/bindings/mmc/atmel,sama5d2-sdhci.yaml': File exists
cp: cannot create regular file '/dev/shm/linux/./Documentation/devicetree/bindings/mmc/brcm,bcm2835-sdhost.yaml': File exists
cp: cannot create regular file '/dev/shm/linux/./Documentation/devicetree/bindings/mmc/brcm,kona-sdhci.yaml': File exists
cp: cannot create regular file '/dev/shm/linux/./Documentation/devicetree/bindings/mmc/brcm,sdhci-brcmstb.yaml': File exists
cp: cannot create regular file '/dev/shm/linux/./Documentation/devicetree/bindings/mmc/bst,c1200-sdhci.yaml': File exists
cp: cannot create regular file '/dev/shm/linux/./Documentation/devicetree/bindings/mmc/cdns,sdhci.yaml': File exists
cp: cannot create regular file '/dev/shm/linux/./Documentation/devicetree/bindings/mmc/fsl-imx-mmc.yaml': File exists
cp: cannot create regular file '/dev/shm/linux/./Documentation/devicetree/bindings/mmc/ingenic,mmc.yaml': File exists
cp: cannot create regular file '/dev/shm/linux/./Documentation/devicetree/bindings/mmc/loongson,ls2k0500-mmc.yaml': File exists
cp: cannot create regular file '/dev/shm/linux/./Documentation/devicetree/bindings/mmc/marvell,dove-sdhci.yaml': File exists
cp: cannot create regular file '/dev/shm/linux/./Documentation/devicetree/bindings/mmc/marvell,xenon-sdhci.yaml': File exists
cp: cannot create regular file '/dev/shm/linux/./Documentation/devicetree/bindings/mmc/microchip,sdhci-pic32.yaml': File exists
cp: cannot create regular file '/dev/shm/linux/./Documentation/devicetree/bindings/mmc/mmc-card.yaml': File exists
cp: cannot create regular file '/dev/shm/linux/./Documentation/devicetree/bindings/mmc/mmc-controller.yaml': File exists
cp: cannot create regular file '/dev/shm/linux/./Documentation/devicetree/bindings/mmc/mmc-pwrseq-sd8787.yaml': File exists
cp: cannot create regular file '/dev/shm/linux/./Documentation/devicetree/bindings/mmc/mmc-pwrseq-simple.yaml': File exists
cp: cannot create regular file '/dev/shm/linux/./Documentation/devicetree/bindings/mmc/mmc-spi-slot.yaml': File exists
cp: cannot create regular file '/dev/shm/linux/./Documentation/devicetree/bindings/mmc/mxs-mmc.yaml': File exists
cp: cannot create regular file '/dev/shm/linux/./Documentation/devicetree/bindings/mmc/nuvoton,ma35d1-sdhci.yaml': File exists
cp: cannot create regular file '/dev/shm/linux/./Documentation/devicetree/bindings/mmc/owl-mmc.yaml': File exists
cp: cannot create regular file '/dev/shm/linux/./Documentation/devicetree/bindings/mmc/pxa-mmc.txt': File exists
cp: cannot create regular file '/dev/shm/linux/./Documentation/devicetree/bindings/mmc/renesas,sdhi.yaml': File exists
cp: cannot create regular file '/dev/shm/linux/./Documentation/devicetree/bindings/mmc/samsung,exynos-dw-mshc.yaml': File exists
cp: cannot create regular file '/dev/shm/linux/./Documentation/devicetree/bindings/mmc/sdhci-common.yaml': File exists
cp: cannot create regular file '/dev/shm/linux/./Documentation/devicetree/bindings/mmc/sdhci-msm.yaml': File exists
cp: cannot create regular file '/dev/shm/linux/./Documentation/devicetree/bindings/mmc/sdhci-spear.txt': File exists
cp: cannot create regular file '/dev/shm/linux/./Documentation/devicetree/bindings/mmc/snps,dwcmshc-sdhci.yaml': File exists
cp: cannot create regular file '/dev/shm/linux/./Documentation/devicetree/bindings/mmc/sunplus,mmc.yaml': File exists
cp: cannot create regular file '/dev/shm/linux/./Documentation/devicetree/bindings/mmc/synopsys-dw-mshc.yaml': File exists
cp: cannot create regular file '/dev/shm/linux/./Documentation/devicetree/bindings/mmc/ti,omap2430-sdhci.yaml': File exists
cp: cannot create regular file '/dev/shm/linux/./Documentation/devicetree/bindings/mmc/ti-omap.txt': File exists
cp: cannot create regular file '/dev/shm/linux/./Documentation/devicetree/bindings/mmc/wm,wm8505-sdhc.yaml': File exists
cp: cannot create regular file '/dev/shm/linux/./Documentation/devicetree/bindings/mtd/amlogic,meson-nand.yaml': File exists
cp: cannot create regular file '/dev/shm/linux/./Documentation/devicetree/bindings/mtd/arm,pl353-nand-r2p1.yaml': File exists
cp: cannot create regular file '/dev/shm/linux/./Documentation/devicetree/bindings/mtd/brcm,brcmnand.yaml': File exists
cp: cannot create regular file '/dev/shm/linux/./Documentation/devicetree/bindings/mtd/diskonchip.txt': File exists
cp: cannot create regular file '/dev/shm/linux/./Documentation/devicetree/bindings/mtd/fsl,vf610-nfc.yaml': File exists
cp: cannot create regular file '/dev/shm/linux/./Documentation/devicetree/bindings/mtd/fsmc-nand.txt': File exists
cp: cannot create regular file '/dev/shm/linux/./Documentation/devicetree/bindings/mtd/gpmi-nand.yaml': File exists
cp: cannot create regular file '/dev/shm/linux/./Documentation/devicetree/bindings/mtd/ibm,ndfc.txt': File exists
cp: cannot create regular file '/dev/shm/linux/./Documentation/devicetree/bindings/mtd/intel,lgm-ebunand.yaml': File exists
cp: cannot create regular file '/dev/shm/linux/./Documentation/devicetree/bindings/mtd/jedec,spi-nor.yaml': File exists
cp: cannot create regular file '/dev/shm/linux/./Documentation/devicetree/bindings/mtd/lpc32xx-slc.txt': File exists
cp: cannot create regular file '/dev/shm/linux/./Documentation/devicetree/bindings/mtd/marvell,nand-controller.yaml': File exists
cp: cannot create regular file '/dev/shm/linux/./Documentation/devicetree/bindings/mtd/microchip,mchp23k256.yaml': File exists
cp: cannot create regular file '/dev/shm/linux/./Documentation/devicetree/bindings/mtd/mtd-physmap.yaml': File exists
cp: cannot create regular file '/dev/shm/linux/./Documentation/devicetree/bindings/mtd/mxc-nand.yaml': File exists
cp: cannot create regular file '/dev/shm/linux/./Documentation/devicetree/bindings/mtd/mxicy,nand-ecc-engine.yaml': File exists
cp: cannot create regular file '/dev/shm/linux/./Documentation/devicetree/bindings/mtd/nand-controller.yaml': File exists
cp: cannot create regular file '/dev/shm/linux/./Documentation/devicetree/bindings/mtd/nuvoton,ma35d1-nand.yaml': File exists
cp: cannot create regular file '/dev/shm/linux/./Documentation/devicetree/bindings/mtd/nvidia,tegra20-nand.yaml': File exists
cp: cannot create regular file '/dev/shm/linux/./Documentation/devicetree/bindings/mtd/nxp,lpc1773-spifi.yaml': File exists
cp: cannot create directory '/dev/shm/linux/./Documentation/devicetree/bindings/mtd/partitions': File exists
cp: cannot create regular file '/dev/shm/linux/./Documentation/devicetree/bindings/mux/adi,adgs1408.txt': File exists
cp: cannot create regular file '/dev/shm/linux/./Documentation/devicetree/bindings/mux/mux-controller.yaml': File exists
cp: cannot create directory '/dev/shm/linux/./Documentation/devicetree/bindings/net': File exists
cp: cannot create regular file '/dev/shm/linux/./Documentation/devicetree/bindings/phy/qcom,sc8280xp-qmp-usb3-uni-phy.yaml': File exists
cp: cannot create regular file '/dev/shm/linux/./Documentation/devicetree/bindings/phy/qcom,snps-eusb2-phy.yaml': File exists
cp: cannot create regular file '/dev/shm/linux/./Documentation/devicetree/bindings/phy/qcom,usb-hs-28nm.yaml': File exists
cp: cannot create regular file '/dev/shm/linux/./Documentation/devicetree/bindings/phy/qcom,usb-hs-phy.yaml': File exists
cp: cannot create regular file '/dev/shm/linux/./Documentation/devicetree/bindings/phy/qcom,usb-hsic-phy.yaml': File exists
cp: cannot create regular file '/dev/shm/linux/./Documentation/devicetree/bindings/phy/qcom,usb-snps-femto-v2.yaml': File exists
cp: cannot create regular file '/dev/shm/linux/./Documentation/devicetree/bindings/phy/realtek,usb2phy.yaml': File exists
cp: cannot create regular file '/dev/shm/linux/./Documentation/devicetree/bindings/phy/renesas,r8a779f0-ether-serdes.yaml': File exists
cp: cannot create regular file '/dev/shm/linux/./Documentation/devicetree/bindings/phy/renesas,rzg3e-usb3-phy.yaml': File exists
cp: cannot create regular file '/dev/shm/linux/./Documentation/devicetree/bindings/phy/renesas,usb2-phy.yaml': File exists
cp: cannot create regular file '/dev/shm/linux/./Documentation/devicetree/bindings/phy/renesas,usb3-phy.yaml': File exists
cp: cannot create regular file '/dev/shm/linux/./Documentation/devicetree/bindings/phy/rockchip,pcie3-phy.yaml': File exists
cp: cannot create regular file '/dev/shm/linux/./Documentation/devicetree/bindings/phy/rockchip,px30-dsi-dphy.yaml': File exists
cp: cannot create regular file '/dev/shm/linux/./Documentation/devicetree/bindings/phy/rockchip,rk3288-dp-phy.yaml': File exists
cp: cannot create regular file '/dev/shm/linux/./Documentation/devicetree/bindings/phy/rockchip,rk3399-emmc-phy.yaml': File exists
cp: cannot create regular file '/dev/shm/linux/./Documentation/devicetree/bindings/phy/rockchip,rk3399-typec-phy.yaml': File exists
cp: cannot create regular file '/dev/shm/linux/./Documentation/devicetree/bindings/phy/rockchip,rk3588-mipi-dcphy.yaml': File exists
cp: cannot create regular file '/dev/shm/linux/./Documentation/devicetree/bindings/phy/rockchip-mipi-dphy-rx0.yaml': File exists
cp: cannot create regular file '/dev/shm/linux/./Documentation/devicetree/bindings/phy/rockchip-usb-phy.yaml': File exists
cp: cannot create regular file '/dev/shm/linux/./Documentation/devicetree/bindings/phy/samsung,exynos-pcie-phy.yaml': File exists
cp: cannot create regular file '/dev/shm/linux/./Documentation/devicetree/bindings/phy/samsung,exynos2200-eusb2-phy.yaml': File exists
cp: cannot create regular file '/dev/shm/linux/./Documentation/devicetree/bindings/phy/samsung,exynos5250-sata-phy.yaml': File exists
cp: cannot create regular file '/dev/shm/linux/./Documentation/devicetree/bindings/phy/samsung,usb2-phy.yaml': File exists
cp: cannot create regular file '/dev/shm/linux/./Documentation/devicetree/bindings/phy/socionext,uniphier-ahci-phy.yaml': File exists
cp: cannot create regular file '/dev/shm/linux/./Documentation/devicetree/bindings/phy/socionext,uniphier-usb2-phy.yaml': File exists
cp: cannot create regular file '/dev/shm/linux/./Documentation/devicetree/bindings/phy/socionext,uniphier-usb3hs-phy.yaml': File exists
cp: cannot create regular file '/dev/shm/linux/./Documentation/devicetree/bindings/phy/spacemit,k1-pcie-phy.yaml': File exists
cp: cannot create regular file '/dev/shm/linux/./Documentation/devicetree/bindings/phy/st,spear1310-miphy.yaml': File exists
cp: cannot create regular file '/dev/shm/linux/./Documentation/devicetree/bindings/phy/st,stm32mp25-combophy.yaml': File exists
cp: cannot create regular file '/dev/shm/linux/./Documentation/devicetree/bindings/phy/starfive,jh7110-dphy-tx.yaml': File exists
cp: cannot create regular file '/dev/shm/linux/./Documentation/devicetree/bindings/phy/sunplus,sp7021-usb2-phy.yaml': File exists
cp: cannot create regular file '/dev/shm/linux/./Documentation/devicetree/bindings/phy/ti,dm8168-usb-phy.yaml': File exists
cp: cannot create regular file '/dev/shm/linux/./Documentation/devicetree/bindings/phy/ti,phy-gmii-sel.yaml': File exists
cp: cannot create regular file '/dev/shm/linux/./Documentation/devicetree/bindings/phy/ti,phy-j721e-wiz.yaml': File exists
cp: cannot create regular file '/dev/shm/linux/./Documentation/devicetree/bindings/phy/xlnx,zynqmp-psgtr.yaml': File exists
cp: cannot create regular file '/dev/shm/linux/./Documentation/devicetree/bindings/pinctrl/abilis,tb10x-iomux.txt': File exists
cp: cannot create regular file '/dev/shm/linux/./Documentation/devicetree/bindings/pinctrl/actions,s700-pinctrl.yaml': File exists
cp: cannot create regular file '/dev/shm/linux/./Documentation/devicetree/bindings/pinctrl/airoha,an7583-pinctrl.yaml': File exists
cp: cannot create regular file '/dev/shm/linux/./Documentation/devicetree/bindings/pinctrl/allwinner,sun4i-a10-pinctrl.yaml': File exists
cp: cannot create regular file '/dev/shm/linux/./Documentation/devicetree/bindings/pinctrl/amlogic,meson-pinctrl-a1.yaml': File exists
cp: cannot create regular file '/dev/shm/linux/./Documentation/devicetree/bindings/pinctrl/amlogic,meson-pinctrl-g12a-aobus.yaml': File exists
cp: cannot create regular file '/dev/shm/linux/./Documentation/devicetree/bindings/pinctrl/amlogic,meson8-pinctrl-aobus.yaml': File exists
cp: cannot create regular file '/dev/shm/linux/./Documentation/devicetree/bindings/pinctrl/apple,pinctrl.yaml': File exists
cp: cannot create regular file '/dev/shm/linux/./Documentation/devicetree/bindings/pinctrl/aspeed,ast2600-pinctrl.yaml': File exists
cp: cannot create regular file '/dev/shm/linux/./Documentation/devicetree/bindings/pinctrl/atmel,at91rm9200-pinctrl.yaml': File exists
cp: cannot create regular file '/dev/shm/linux/./Documentation/devicetree/bindings/pinctrl/brcm,bcm11351-pinctrl.yaml': File exists
cp: cannot create regular file '/dev/shm/linux/./Documentation/devicetree/bindings/pinctrl/brcm,bcm21664-pinctrl.yaml': File exists
cp: cannot create regular file '/dev/shm/linux/./Documentation/devicetree/bindings/pinctrl/brcm,bcm2835-gpio.yaml': File exists
cp: cannot create regular file '/dev/shm/linux/./Documentation/devicetree/bindings/pinctrl/brcm,bcm6318-pinctrl.yaml': File exists
cp: cannot create regular file '/dev/shm/linux/./Documentation/devicetree/bindings/pinctrl/brcm,bcm63268-pinctrl.yaml': File exists
cp: cannot create regular file '/dev/shm/linux/./Documentation/devicetree/bindings/pinctrl/brcm,bcm6362-pinctrl.yaml': File exists
cp: cannot create regular file '/dev/shm/linux/./Documentation/devicetree/bindings/pinctrl/brcm,cygnus-pinmux.txt': File exists
cp: cannot create regular file '/dev/shm/linux/./Documentation/devicetree/bindings/pinctrl/brcm,iproc-gpio.yaml': File exists
cp: cannot create regular file '/dev/shm/linux/./Documentation/devicetree/bindings/pinctrl/brcm,ns2-pinmux.yaml': File exists
cp: cannot create regular file '/dev/shm/linux/./Documentation/devicetree/bindings/pinctrl/brcm,nsp-gpio.txt': File exists
cp: cannot create regular file '/dev/shm/linux/./Documentation/devicetree/bindings/pinctrl/canaan,k210-fpioa.yaml': File exists
cp: cannot create regular file '/dev/shm/linux/./Documentation/devicetree/bindings/pinctrl/cirrus,lochnagar.yaml': File exists
cp: cannot create regular file '/dev/shm/linux/./Documentation/devicetree/bindings/pinctrl/cix,sky1-pinctrl.yaml': File exists
cp: cannot create regular file '/dev/shm/linux/./Documentation/devicetree/bindings/pinctrl/cypress,cy8c95x0.yaml': File exists
cp: cannot create regular file '/dev/shm/linux/./Documentation/devicetree/bindings/pinctrl/fsl,imx-pinctrl.txt': File exists
cp: cannot create regular file '/dev/shm/linux/./Documentation/devicetree/bindings/pinctrl/fsl,imx27-iomuxc.yaml': File exists
cp: cannot create regular file '/dev/shm/linux/./Documentation/devicetree/bindings/pinctrl/fsl,imx7d-pinctrl.yaml': File exists
cp: cannot create regular file '/dev/shm/linux/./Documentation/devicetree/bindings/pinctrl/fsl,imx8m-pinctrl.yaml': File exists
cp: cannot create regular file '/dev/shm/linux/./Documentation/devicetree/bindings/pinctrl/fsl,imx8ulp-pinctrl.yaml': File exists
cp: cannot create regular file '/dev/shm/linux/./Documentation/devicetree/bindings/pinctrl/fsl,imx9-pinctrl.yaml': File exists
cp: cannot create regular file '/dev/shm/linux/./Documentation/devicetree/bindings/pinctrl/fsl,imxrt1170.yaml': File exists
cp: cannot create regular file '/dev/shm/linux/./Documentation/devicetree/bindings/pinctrl/img,pistachio-pinctrl.txt': File exists
cp: cannot create regular file '/dev/shm/linux/./Documentation/devicetree/bindings/pinctrl/intel,lgm-io.yaml': File exists
cp: cannot create regular file '/dev/shm/linux/./Documentation/devicetree/bindings/pinctrl/lantiq,pinctrl-falcon.txt': File exists
cp: cannot create regular file '/dev/shm/linux/./Documentation/devicetree/bindings/pinctrl/loongson,ls2k-pinctrl.yaml': File exists
cp: cannot create regular file '/dev/shm/linux/./Documentation/devicetree/bindings/pinctrl/marvell,ap806-pinctrl.yaml': File exists
cp: cannot create regular file '/dev/shm/linux/./Documentation/devicetree/bindings/pinctrl/marvell,armada-375-pinctrl.txt': File exists
cp: cannot create regular file '/dev/shm/linux/./Documentation/devicetree/bindings/pinctrl/marvell,armada-38x-pinctrl.txt': File exists
cp: cannot create regular file '/dev/shm/linux/./Documentation/devicetree/bindings/pinctrl/marvell,armada-7k-pinctrl.yaml': File exists
cp: cannot create regular file '/dev/shm/linux/./Documentation/devicetree/bindings/pinctrl/marvell,armada3710-xb-pinctrl.yaml': File exists
cp: cannot create regular file '/dev/shm/linux/./Documentation/devicetree/bindings/pinctrl/marvell,berlin2-soc-pinctrl.yaml': File exists
cp: cannot create regular file '/dev/shm/linux/./Documentation/devicetree/bindings/pinctrl/marvell,kirkwood-pinctrl.txt': File exists
cp: cannot create regular file '/dev/shm/linux/./Documentation/devicetree/bindings/pinctrl/maxim,max77620-pinctrl.yaml': File exists
cp: cannot create regular file '/dev/shm/linux/./Documentation/devicetree/bindings/pinctrl/mediatek,mt65xx-pinctrl.yaml': File exists
cp: cannot create regular file '/dev/shm/linux/./Documentation/devicetree/bindings/pinctrl/mediatek,mt6795-pinctrl.yaml': File exists
cp: cannot create regular file '/dev/shm/linux/./Documentation/devicetree/bindings/pinctrl/mediatek,mt6893-pinctrl.yaml': File exists
cp: cannot create regular file '/dev/shm/linux/./Documentation/devicetree/bindings/pinctrl/mediatek,mt7622-pinctrl.yaml': File exists
cp: cannot create regular file '/dev/shm/linux/./Documentation/devicetree/bindings/pinctrl/mediatek,mt7981-pinctrl.yaml': File exists
cp: cannot create regular file '/dev/shm/linux/./Documentation/devicetree/bindings/pinctrl/mediatek,mt7988-pinctrl.yaml': File exists
cp: cannot create regular file '/dev/shm/linux/./Documentation/devicetree/bindings/pinctrl/mediatek,mt8186-pinctrl.yaml': File exists
cp: cannot create regular file '/dev/shm/linux/./Documentation/devicetree/bindings/pinctrl/mediatek,mt8189-pinctrl.yaml': File exists
cp: cannot create regular file '/dev/shm/linux/./Documentation/devicetree/bindings/pinctrl/mediatek,mt8192-pinctrl.yaml': File exists
cp: cannot create regular file '/dev/shm/linux/./Documentation/devicetree/bindings/pinctrl/mediatek,mt8196-pinctrl.yaml': File exists
cp: cannot create regular file '/dev/shm/linux/./Documentation/devicetree/bindings/pinctrl/microchip,mcp23s08.yaml': File exists
cp: cannot create regular file '/dev/shm/linux/./Documentation/devicetree/bindings/pinctrl/microchip,pic32-pinctrl.txt': File exists
cp: cannot create regular file '/dev/shm/linux/./Documentation/devicetree/bindings/pinctrl/mscc,ocelot-pinctrl.yaml': File exists
cp: cannot create regular file '/dev/shm/linux/./Documentation/devicetree/bindings/pinctrl/nuvoton,npcm7xx-pinctrl.txt': File exists
cp: cannot create regular file '/dev/shm/linux/./Documentation/devicetree/bindings/pinctrl/nuvoton,wpcm450-pinctrl.yaml': File exists
cp: cannot create regular file '/dev/shm/linux/./Documentation/devicetree/bindings/pinctrl/nvidia,tegra114-pinmux.yaml': File exists
cp: cannot create regular file '/dev/shm/linux/./Documentation/devicetree/bindings/pinctrl/nvidia,tegra124-xusb-padctl.txt': File exists
cp: cannot create regular file '/dev/shm/linux/./Documentation/devicetree/bindings/pinctrl/nvidia,tegra194-pinmux.yaml': File exists
cp: cannot create regular file '/dev/shm/linux/./Documentation/devicetree/bindings/pinctrl/nvidia,tegra210-pinmux.yaml': File exists
cp: cannot create regular file '/dev/shm/linux/./Documentation/devicetree/bindings/pinctrl/nvidia,tegra234-pinmux.yaml': File exists
cp: cannot create regular file '/dev/shm/linux/./Documentation/devicetree/bindings/pinctrl/nxp,lpc1850-scu.yaml': File exists
cp: cannot create regular file '/dev/shm/linux/./Documentation/devicetree/bindings/pinctrl/nxp,s32g2-siul2-pinctrl.yaml': File exists
cp: cannot create regular file '/dev/shm/linux/./Documentation/devicetree/bindings/pinctrl/pinctrl-bindings.txt': File exists
cp: cannot create regular file '/dev/shm/linux/./Documentation/devicetree/bindings/pinctrl/pinctrl-rk805.txt': File exists
cp: cannot create regular file '/dev/shm/linux/./Documentation/devicetree/bindings/pinctrl/pinctrl-single.yaml': File exists
cp: cannot create regular file '/dev/shm/linux/./Documentation/devicetree/bindings/pinctrl/pinctrl-st.txt': File exists
cp: cannot create regular file '/dev/shm/linux/./Documentation/devicetree/bindings/pinctrl/pinctrl.yaml': File exists
cp: cannot create regular file '/dev/shm/linux/./Documentation/devicetree/bindings/pinctrl/pinctrl_spear.txt': File exists
cp: cannot create regular file '/dev/shm/linux/./Documentation/devicetree/bindings/pinctrl/qcom,apq8064-pinctrl.yaml': File exists
cp: cannot create regular file '/dev/shm/linux/./Documentation/devicetree/bindings/pinctrl/qcom,glymur-tlmm.yaml': File exists
cp: cannot create regular file '/dev/shm/linux/./Documentation/devicetree/bindings/pinctrl/qcom,ipq4019-pinctrl.yaml': File exists
cp: cannot create regular file '/dev/shm/linux/./Documentation/devicetree/bindings/pinctrl/qcom,ipq5210-tlmm.yaml': File exists
cp: cannot create regular file '/dev/shm/linux/./Documentation/devicetree/bindings/pinctrl/qcom,ipq5424-tlmm.yaml': File exists
cp: cannot create regular file '/dev/shm/linux/./Documentation/devicetree/bindings/pinctrl/qcom,ipq6018-pinctrl.yaml': File exists
cp: cannot create regular file '/dev/shm/linux/./Documentation/devicetree/bindings/pinctrl/qcom,lpass-lpi-common.yaml': File exists
cp: cannot create regular file '/dev/shm/linux/./Documentation/devicetree/bindings/pinctrl/qcom,mdm9615-pinctrl.yaml': File exists
cp: cannot create regular file '/dev/shm/linux/./Documentation/devicetree/bindings/pinctrl/qcom,milos-tlmm.yaml': File exists
cp: cannot create regular file '/dev/shm/linux/./Documentation/devicetree/bindings/pinctrl/qcom,msm8226-pinctrl.yaml': File exists
cp: cannot create regular file '/dev/shm/linux/./Documentation/devicetree/bindings/pinctrl/qcom,msm8909-tlmm.yaml': File exists
cp: cannot create regular file '/dev/shm/linux/./Documentation/devicetree/bindings/pinctrl/qcom,msm8916-pinctrl.yaml': File exists
cp: cannot create regular file '/dev/shm/linux/./Documentation/devicetree/bindings/pinctrl/qcom,msm8917-pinctrl.yaml': File exists
cp: cannot create regular file '/dev/shm/linux/./Documentation/devicetree/bindings/pinctrl/qcom,msm8953-pinctrl.yaml': File exists
cp: cannot create regular file '/dev/shm/linux/./Documentation/devicetree/bindings/pinctrl/qcom,msm8974-pinctrl.yaml': File exists
cp: cannot create regular file '/dev/shm/linux/./Documentation/devicetree/bindings/pinctrl/qcom,msm8996-pinctrl.yaml': File exists
cp: cannot create regular file '/dev/shm/linux/./Documentation/devicetree/bindings/pinctrl/qcom,qcs404-pinctrl.yaml': File exists
cp: cannot create regular file '/dev/shm/linux/./Documentation/devicetree/bindings/pinctrl/qcom,qcs615-tlmm.yaml': File exists
cp: cannot create regular file '/dev/shm/linux/./Documentation/devicetree/bindings/pinctrl/qcom,sa8775p-tlmm.yaml': File exists
cp: cannot create regular file '/dev/shm/linux/./Documentation/devicetree/bindings/pinctrl/qcom,sc7180-pinctrl.yaml': File exists
cp: cannot create regular file '/dev/shm/linux/./Documentation/devicetree/bindings/pinctrl/qcom,sc8180x-tlmm.yaml': File exists
cp: cannot create regular file '/dev/shm/linux/./Documentation/devicetree/bindings/pinctrl/qcom,sc8280xp-lpass-lpi-pinctrl.yaml': File exists
cp: cannot create regular file '/dev/shm/linux/./Documentation/devicetree/bindings/pinctrl/qcom,sdm630-pinctrl.yaml': File exists
cp: cannot create regular file '/dev/shm/linux/./Documentation/devicetree/bindings/pinctrl/qcom,sdm670-lpass-lpi-pinctrl.yaml': File exists
cp: cannot create regular file '/dev/shm/linux/./Documentation/devicetree/bindings/pinctrl/qcom,sdm845-pinctrl.yaml': File exists
cp: cannot create regular file '/dev/shm/linux/./Documentation/devicetree/bindings/pinctrl/qcom,sdx55-pinctrl.yaml': File exists
cp: cannot create regular file '/dev/shm/linux/./Documentation/devicetree/bindings/pinctrl/qcom,sdx75-tlmm.yaml': File exists
cp: cannot create regular file '/dev/shm/linux/./Documentation/devicetree/bindings/pinctrl/qcom,sm4250-lpass-lpi-pinctrl.yaml': File exists
cp: cannot create regular file '/dev/shm/linux/./Documentation/devicetree/bindings/pinctrl/qcom,sm6115-tlmm.yaml': File exists
cp: cannot create regular file '/dev/shm/linux/./Documentation/devicetree/bindings/pinctrl/qcom,sm6350-tlmm.yaml': File exists
cp: cannot create regular file '/dev/shm/linux/./Documentation/devicetree/bindings/pinctrl/qcom,sm6375-tlmm.yaml': File exists
cp: cannot create regular file '/dev/shm/linux/./Documentation/devicetree/bindings/pinctrl/qcom,sm7150-tlmm.yaml': File exists
cp: cannot create regular file '/dev/shm/linux/./Documentation/devicetree/bindings/pinctrl/qcom,sm8250-lpass-lpi-pinctrl.yaml': File exists
cp: cannot create regular file '/dev/shm/linux/./Documentation/devicetree/bindings/pinctrl/qcom,sm8350-lpass-lpi-pinctrl.yaml': File exists
cp: cannot create regular file '/dev/shm/linux/./Documentation/devicetree/bindings/pinctrl/qcom,sm8450-lpass-lpi-pinctrl.yaml': File exists
cp: cannot create regular file '/dev/shm/linux/./Documentation/devicetree/bindings/pinctrl/qcom,sm8550-lpass-lpi-pinctrl.yaml': File exists
cp: cannot create regular file '/dev/shm/linux/./Documentation/devicetree/bindings/pinctrl/qcom,sm8550-tlmm.yaml': File exists
cp: cannot create regular file '/dev/shm/linux/./Documentation/devicetree/bindings/pinctrl/qcom,sm8650-tlmm.yaml': File exists
cp: cannot create regular file '/dev/shm/linux/./Documentation/devicetree/bindings/pinctrl/qcom,sm8750-tlmm.yaml': File exists
cp: cannot create regular file '/dev/shm/linux/./Documentation/devicetree/bindings/pinctrl/qcom,tlmm-common.yaml': File exists
cp: cannot create regular file '/dev/shm/linux/./Documentation/devicetree/bindings/pinctrl/ralink,rt2880-pinctrl.yaml': File exists
cp: cannot create regular file '/dev/shm/linux/./Documentation/devicetree/bindings/pinctrl/ralink,rt305x-pinctrl.yaml': File exists
cp: cannot create regular file '/dev/shm/linux/./Documentation/devicetree/bindings/pinctrl/ralink,rt3352-pinctrl.yaml': File exists
cp: cannot create regular file '/dev/shm/linux/./Documentation/devicetree/bindings/pinctrl/ralink,rt3883-pinctrl.yaml': File exists
cp: cannot create regular file '/dev/shm/linux/./Documentation/devicetree/bindings/pinctrl/raspberrypi,rp1-gpio.yaml': File exists
cp: cannot create regular file '/dev/shm/linux/./Documentation/devicetree/bindings/pinctrl/realtek,rtd1315e-pinctrl.yaml': File exists
cp: cannot create regular file '/dev/shm/linux/./Documentation/devicetree/bindings/pinctrl/realtek,rtd1619b-pinctrl.yaml': File exists
cp: cannot create regular file '/dev/shm/linux/./Documentation/devicetree/bindings/pinctrl/renesas,pfc.yaml': File exists
cp: cannot create regular file '/dev/shm/linux/./Documentation/devicetree/bindings/pinctrl/renesas,r9a09g077-pinctrl.yaml': File exists
cp: cannot create regular file '/dev/shm/linux/./Documentation/devicetree/bindings/pinctrl/renesas,rza1-ports.yaml': File exists
cp: cannot create regular file '/dev/shm/linux/./Documentation/devicetree/bindings/pinctrl/renesas,rzg2l-pinctrl.yaml': File exists
cp: cannot create regular file '/dev/shm/linux/./Documentation/devicetree/bindings/pinctrl/renesas,rzn1-pinctrl.yaml': File exists
cp: cannot create regular file '/dev/shm/linux/./Documentation/devicetree/bindings/pinctrl/rockchip,pinctrl.yaml': File exists
cp: cannot create regular file '/dev/shm/linux/./Documentation/devicetree/bindings/pinctrl/samsung,pinctrl-pins-cfg.yaml': File exists
cp: cannot create regular file '/dev/shm/linux/./Documentation/devicetree/bindings/pinctrl/samsung,pinctrl.yaml': File exists
cp: cannot create regular file '/dev/shm/linux/./Documentation/devicetree/bindings/pinctrl/semtech,sx1501q.yaml': File exists
cp: cannot create regular file '/dev/shm/linux/./Documentation/devicetree/bindings/pinctrl/socionext,uniphier-pinctrl.yaml': File exists
cp: cannot create regular file '/dev/shm/linux/./Documentation/devicetree/bindings/pinctrl/spacemit,k1-pinctrl.yaml': File exists
cp: cannot create regular file '/dev/shm/linux/./Documentation/devicetree/bindings/pinctrl/sprd,sc9860-pinctrl.yaml': File exists
cp: cannot create regular file '/dev/shm/linux/./Documentation/devicetree/bindings/pinctrl/st,stm32-pinctrl.yaml': File exists
cp: cannot create regular file '/dev/shm/linux/./Documentation/devicetree/bindings/pinctrl/starfive,jh7110-aon-pinctrl.yaml': File exists
cp: cannot create regular file '/dev/shm/linux/./Documentation/devicetree/bindings/pinctrl/ste,abx500.txt': File exists
cp: cannot create regular file '/dev/shm/linux/./Documentation/devicetree/bindings/pinctrl/sunplus,sp7021-pinctrl.yaml': File exists
cp: cannot create regular file '/dev/shm/linux/./Documentation/devicetree/bindings/pinctrl/ti,da850-pupd.txt': File exists
cp: cannot create regular file '/dev/shm/linux/./Documentation/devicetree/bindings/pinctrl/ti,iodelay.txt': File exists
cp: cannot create regular file '/dev/shm/linux/./Documentation/devicetree/bindings/pinctrl/xlnx,versal-pinctrl.yaml': File exists
cp: cannot create directory '/dev/shm/linux/./Documentation/devicetree/bindings/pmem': File exists
cp: cannot create regular file '/dev/shm/linux/./Documentation/devicetree/bindings/power/allwinner,sun50i-h6-prcm-ppu.yaml': File exists
cp: cannot create regular file '/dev/shm/linux/./Documentation/devicetree/bindings/power/amlogic,meson-gx-pwrc.txt': File exists
cp: cannot create regular file '/dev/shm/linux/./Documentation/devicetree/bindings/power/amlogic,meson-sec-pwrc.yaml': File exists
cp: cannot create directory '/dev/shm/linux/./Documentation/devicetree/bindings/power/avs': File exists
cp: cannot create regular file '/dev/shm/linux/./Documentation/devicetree/bindings/power/domain-idle-state.yaml': File exists
cp: cannot create regular file '/dev/shm/linux/./Documentation/devicetree/bindings/power/fsl,imx-gpcv2.yaml': File exists
cp: cannot create regular file '/dev/shm/linux/./Documentation/devicetree/bindings/power/mediatek,mt8196-gpufreq.yaml': File exists
cp: cannot create regular file '/dev/shm/linux/./Documentation/devicetree/bindings/power/mediatek,power-controller.yaml': File exists
cp: cannot create regular file '/dev/shm/linux/./Documentation/devicetree/bindings/power/power-controller.txt': File exists
cp: cannot create regular file '/dev/shm/linux/./Documentation/devicetree/bindings/power/power-domain.yaml': File exists
cp: cannot create regular file '/dev/shm/linux/./Documentation/devicetree/bindings/power/qcom,kpss-acc-v2.yaml': File exists
cp: cannot create regular file '/dev/shm/linux/./Documentation/devicetree/bindings/power/raspberrypi,bcm2835-power.yaml': File exists
cp: cannot create regular file '/dev/shm/linux/./Documentation/devicetree/bindings/power/renesas,rcar-sysc.yaml': File exists
cp: cannot create directory '/dev/shm/linux/./Documentation/devicetree/bindings/power/reset': File exists
cp: cannot create regular file '/dev/shm/linux/./Documentation/devicetree/bindings/power/supply/lltc,lt3651-charger.yaml': File exists
cp: cannot create regular file '/dev/shm/linux/./Documentation/devicetree/bindings/power/supply/ltc4162-l.yaml': File exists
cp: cannot create regular file '/dev/shm/linux/./Documentation/devicetree/bindings/power/supply/max77650-charger.yaml': File exists
cp: cannot create regular file '/dev/shm/linux/./Documentation/devicetree/bindings/power/supply/maxim,max14577.yaml': File exists
cp: cannot create regular file '/dev/shm/linux/./Documentation/devicetree/bindings/power/supply/maxim,max17040.yaml': File exists
cp: cannot create regular file '/dev/shm/linux/./Documentation/devicetree/bindings/power/supply/maxim,max77976.yaml': File exists
cp: cannot create regular file '/dev/shm/linux/./Documentation/devicetree/bindings/power/supply/maxim,max8971.yaml': File exists
cp: cannot create regular file '/dev/shm/linux/./Documentation/devicetree/bindings/power/supply/microchip,ucs1002.yaml': File exists
cp: cannot create regular file '/dev/shm/linux/./Documentation/devicetree/bindings/power/supply/mt6360_charger.yaml': File exists
cp: cannot create regular file '/dev/shm/linux/./Documentation/devicetree/bindings/power/supply/olpc-battery.yaml': File exists
cp: cannot create regular file '/dev/shm/linux/./Documentation/devicetree/bindings/power/supply/power-supply.yaml': File exists
cp: cannot create regular file '/dev/shm/linux/./Documentation/devicetree/bindings/power/supply/qcom,pm8916-lbc.yaml': File exists
cp: cannot create regular file '/dev/shm/linux/./Documentation/devicetree/bindings/power/supply/qcom,pm8941-coincell.yaml': File exists
cp: cannot create regular file '/dev/shm/linux/./Documentation/devicetree/bindings/power/supply/richtek,rt5033-battery.yaml': File exists
cp: cannot create regular file '/dev/shm/linux/./Documentation/devicetree/bindings/power/supply/richtek,rt5033-charger.yaml': File exists
cp: cannot create regular file '/dev/shm/linux/./Documentation/devicetree/bindings/power/supply/richtek,rt9467.yaml': File exists
cp: cannot create regular file '/dev/shm/linux/./Documentation/devicetree/bindings/power/supply/richtek,rt9756.yaml': File exists
cp: cannot create regular file '/dev/shm/linux/./Documentation/devicetree/bindings/power/supply/rohm,bd99954.yaml': File exists
cp: cannot create regular file '/dev/shm/linux/./Documentation/devicetree/bindings/power/supply/samsung,s2mu005-fuel-gauge.yaml': File exists
cp: cannot create regular file '/dev/shm/linux/./Documentation/devicetree/bindings/power/supply/sbs,sbs-charger.yaml': File exists
cp: cannot create regular file '/dev/shm/linux/./Documentation/devicetree/bindings/power/supply/sc27xx-fg.yaml': File exists
cp: cannot create regular file '/dev/shm/linux/./Documentation/devicetree/bindings/power/supply/stericsson,ab8500-charger.yaml': File exists
cp: cannot create regular file '/dev/shm/linux/./Documentation/devicetree/bindings/power/supply/summit,smb347-charger.yaml': File exists
cp: cannot create regular file '/dev/shm/linux/./Documentation/devicetree/bindings/power/supply/tps65217-charger.yaml': File exists
cp: cannot create regular file '/dev/shm/linux/./Documentation/devicetree/bindings/power/supply/x-powers,axp20x-usb-power-supply.yaml': File exists
cp: cannot create regular file '/dev/shm/linux/./Documentation/devicetree/bindings/power/wakeup-source.txt': File exists
cp: cannot create directory '/dev/shm/linux/./Documentation/devicetree/bindings/powerpc': File exists
cp: cannot create regular file '/dev/shm/linux/./Documentation/devicetree/bindings/pwm/microchip,corepwm.yaml': File exists
cp: cannot create regular file '/dev/shm/linux/./Documentation/devicetree/bindings/pwm/nvidia,tegra20-pwm.yaml': File exists
cp: cannot create regular file '/dev/shm/linux/./Documentation/devicetree/bindings/pwm/nxp,lpc3220-pwm.yaml': File exists
cp: cannot create regular file '/dev/shm/linux/./Documentation/devicetree/bindings/pwm/nxp,pca9685-pwm.txt': File exists
cp: cannot create regular file '/dev/shm/linux/./Documentation/devicetree/bindings/pwm/opencores,pwm.yaml': File exists
cp: cannot create regular file '/dev/shm/linux/./Documentation/devicetree/bindings/pwm/pwm-bcm2835.yaml': File exists
cp: cannot create regular file '/dev/shm/linux/./Documentation/devicetree/bindings/pwm/pwm-hibvt.txt': File exists
cp: cannot create regular file '/dev/shm/linux/./Documentation/devicetree/bindings/pwm/pwm-nexus-node.yaml': File exists
cp: cannot create regular file '/dev/shm/linux/./Documentation/devicetree/bindings/pwm/pwm-samsung.yaml': File exists
cp: cannot create regular file '/dev/shm/linux/./Documentation/devicetree/bindings/pwm/pwm-st.txt': File exists
cp: cannot create regular file '/dev/shm/linux/./Documentation/devicetree/bindings/pwm/pwm-tipwmss.txt': File exists
cp: cannot create regular file '/dev/shm/linux/./Documentation/devicetree/bindings/pwm/pwm.yaml': File exists
cp: cannot create regular file '/dev/shm/linux/./Documentation/devicetree/bindings/pwm/renesas,rzg2l-gpt.yaml': File exists
cp: cannot create regular file '/dev/shm/linux/./Documentation/devicetree/bindings/pwm/snps,dw-apb-timers-pwm2.yaml': File exists
cp: cannot create regular file '/dev/shm/linux/./Documentation/devicetree/bindings/pwm/sophgo,sg2042-pwm.yaml': File exists
cp: cannot create regular file '/dev/shm/linux/./Documentation/devicetree/bindings/pwm/spear-pwm.txt': File exists
cp: cannot create regular file '/dev/shm/linux/./Documentation/devicetree/bindings/pwm/st,stmpe-pwm.txt': File exists
cp: cannot create regular file '/dev/shm/linux/./Documentation/devicetree/bindings/pwm/thead,th1520-pwm.yaml': File exists
cp: cannot create directory '/dev/shm/linux/./Documentation/devicetree/bindings/regmap': File exists
cp: cannot create regular file '/dev/shm/linux/./Documentation/devicetree/bindings/regulator/88pm800.txt': File exists
cp: cannot create regular file '/dev/shm/linux/./Documentation/devicetree/bindings/regulator/active-semi,act8600.yaml': File exists
cp: cannot create regular file '/dev/shm/linux/./Documentation/devicetree/bindings/regulator/active-semi,act8865.yaml': File exists
cp: cannot create regular file '/dev/shm/linux/./Documentation/devicetree/bindings/regulator/adi,max77503-regulator.yaml': File exists
cp: cannot create regular file '/dev/shm/linux/./Documentation/devicetree/bindings/regulator/adi,max77675.yaml': File exists
cp: cannot create regular file '/dev/shm/linux/./Documentation/devicetree/bindings/regulator/allwinner,sun20i-d1-system-ldos.yaml': File exists
cp: cannot create regular file '/dev/shm/linux/./Documentation/devicetree/bindings/regulator/as3722-regulator.txt': File exists
cp: cannot create regular file '/dev/shm/linux/./Documentation/devicetree/bindings/regulator/brcm,bcm59054.yaml': File exists
cp: cannot create regular file '/dev/shm/linux/./Documentation/devicetree/bindings/regulator/dlg,da9121.yaml': File exists
cp: cannot create regular file '/dev/shm/linux/./Documentation/devicetree/bindings/regulator/fcs,fan53555.yaml': File exists
cp: cannot create regular file '/dev/shm/linux/./Documentation/devicetree/bindings/regulator/fixed-regulator.yaml': File exists
cp: cannot create regular file '/dev/shm/linux/./Documentation/devicetree/bindings/regulator/hisilicon,hi655x-regulator.txt': File exists
cp: cannot create regular file '/dev/shm/linux/./Documentation/devicetree/bindings/regulator/lltc,ltc3676.yaml': File exists
cp: cannot create regular file '/dev/shm/linux/./Documentation/devicetree/bindings/regulator/lp872x.txt': File exists
cp: cannot create regular file '/dev/shm/linux/./Documentation/devicetree/bindings/regulator/max1586-regulator.txt': File exists
cp: cannot create regular file '/dev/shm/linux/./Documentation/devicetree/bindings/regulator/max8893.yaml': File exists
cp: cannot create regular file '/dev/shm/linux/./Documentation/devicetree/bindings/regulator/max8925-regulator.txt': File exists
cp: cannot create regular file '/dev/shm/linux/./Documentation/devicetree/bindings/regulator/maxim,max14577.yaml': File exists
cp: cannot create regular file '/dev/shm/linux/./Documentation/devicetree/bindings/regulator/maxim,max20086.yaml': File exists
cp: cannot create regular file '/dev/shm/linux/./Documentation/devicetree/bindings/regulator/maxim,max77620-regulator.yaml': File exists
cp: cannot create regular file '/dev/shm/linux/./Documentation/devicetree/bindings/regulator/maxim,max77686.yaml': File exists
cp: cannot create regular file '/dev/shm/linux/./Documentation/devicetree/bindings/regulator/maxim,max77802.yaml': File exists
cp: cannot create regular file '/dev/shm/linux/./Documentation/devicetree/bindings/regulator/maxim,max77838.yaml': File exists
cp: cannot create regular file '/dev/shm/linux/./Documentation/devicetree/bindings/regulator/maxim,max8997.yaml': File exists
cp: cannot create regular file '/dev/shm/linux/./Documentation/devicetree/bindings/regulator/mediatek,mt6316c-regulator.yaml': File exists
cp: cannot create regular file '/dev/shm/linux/./Documentation/devicetree/bindings/regulator/mediatek,mt6316d-regulator.yaml': File exists
cp: cannot create regular file '/dev/shm/linux/./Documentation/devicetree/bindings/regulator/mediatek,mt6332-regulator.yaml': File exists
cp: cannot create regular file '/dev/shm/linux/./Documentation/devicetree/bindings/regulator/mediatek,mt6358-regulator.yaml': File exists
cp: cannot create regular file '/dev/shm/linux/./Documentation/devicetree/bindings/regulator/mediatek,mt6873-dvfsrc-regulator.yaml': File exists
cp: cannot create regular file '/dev/shm/linux/./Documentation/devicetree/bindings/regulator/mps,mp886x.yaml': File exists
cp: cannot create regular file '/dev/shm/linux/./Documentation/devicetree/bindings/regulator/mps,mpq7932.yaml': File exists
cp: cannot create regular file '/dev/shm/linux/./Documentation/devicetree/bindings/regulator/mt6323-regulator.txt': File exists
cp: cannot create regular file '/dev/shm/linux/./Documentation/devicetree/bindings/regulator/mt6360-regulator.yaml': File exists
cp: cannot create regular file '/dev/shm/linux/./Documentation/devicetree/bindings/regulator/nxp,pca9450-regulator.yaml': File exists
cp: cannot create regular file '/dev/shm/linux/./Documentation/devicetree/bindings/regulator/nxp,pf5300.yaml': File exists
cp: cannot create regular file '/dev/shm/linux/./Documentation/devicetree/bindings/regulator/palmas-pmic.txt': File exists
cp: cannot create regular file '/dev/shm/linux/./Documentation/devicetree/bindings/regulator/pv88060.txt': File exists
cp: cannot create regular file '/dev/shm/linux/./Documentation/devicetree/bindings/regulator/pv88080.txt': File exists
cp: cannot create regular file '/dev/shm/linux/./Documentation/devicetree/bindings/regulator/pwm-regulator.yaml': File exists
cp: cannot create regular file '/dev/shm/linux/./Documentation/devicetree/bindings/regulator/qcom,rpm-regulator.yaml': File exists
cp: cannot create regular file '/dev/shm/linux/./Documentation/devicetree/bindings/regulator/qcom,sdm845-refgen-regulator.yaml': File exists
cp: cannot create regular file '/dev/shm/linux/./Documentation/devicetree/bindings/regulator/qcom,spmi-regulator.yaml': File exists
cp: cannot create regular file '/dev/shm/linux/./Documentation/devicetree/bindings/regulator/qcom,wcn3990-pmu.yaml': File exists
cp: cannot create regular file '/dev/shm/linux/./Documentation/devicetree/bindings/regulator/raspberrypi,7inch-touchscreen-panel-regulator-v2.yaml': File exists
cp: cannot create regular file '/dev/shm/linux/./Documentation/devicetree/bindings/regulator/regulator.txt': File exists
cp: cannot create regular file '/dev/shm/linux/./Documentation/devicetree/bindings/regulator/renesas,raa215300.yaml': File exists
cp: cannot create regular file '/dev/shm/linux/./Documentation/devicetree/bindings/regulator/richtek,rt5133.yaml': File exists
cp: cannot create regular file '/dev/shm/linux/./Documentation/devicetree/bindings/regulator/richtek,rt5759-regulator.yaml': File exists
cp: cannot create regular file '/dev/shm/linux/./Documentation/devicetree/bindings/regulator/richtek,rt6190.yaml': File exists
cp: cannot create regular file '/dev/shm/linux/./Documentation/devicetree/bindings/regulator/richtek,rtmv20-regulator.yaml': File exists
cp: cannot create regular file '/dev/shm/linux/./Documentation/devicetree/bindings/regulator/richtek,rtq2134-regulator.yaml': File exists
cp: cannot create regular file '/dev/shm/linux/./Documentation/devicetree/bindings/regulator/richtek,rtq6752-regulator.yaml': File exists
cp: cannot create regular file '/dev/shm/linux/./Documentation/devicetree/bindings/regulator/rohm,bd71828-regulator.yaml': File exists
cp: cannot create regular file '/dev/shm/linux/./Documentation/devicetree/bindings/regulator/rohm,bd71847-regulator.yaml': File exists
cp: cannot create regular file '/dev/shm/linux/./Documentation/devicetree/bindings/regulator/rohm,bd9576-regulator.yaml': File exists
cp: cannot create regular file '/dev/shm/linux/./Documentation/devicetree/bindings/regulator/rohm,bd96802-regulator.yaml': File exists
cp: cannot create regular file '/dev/shm/linux/./Documentation/devicetree/bindings/regulator/samsung,s2mpa01.yaml': File exists
cp: cannot create regular file '/dev/shm/linux/./Documentation/devicetree/bindings/regulator/samsung,s2mpg11-regulator.yaml': File exists
cp: cannot create regular file '/dev/shm/linux/./Documentation/devicetree/bindings/regulator/samsung,s2mps11.yaml': File exists
cp: cannot create regular file '/dev/shm/linux/./Documentation/devicetree/bindings/regulator/samsung,s2mps14.yaml': File exists
cp: cannot create regular file '/dev/shm/linux/./Documentation/devicetree/bindings/regulator/samsung,s2mpu05.yaml': File exists
cp: cannot create regular file '/dev/shm/linux/./Documentation/devicetree/bindings/regulator/silergy,sy8824x.yaml': File exists
cp: cannot create regular file '/dev/shm/linux/./Documentation/devicetree/bindings/regulator/siliconmitus,sm5703-regulator.yaml': File exists
cp: cannot create regular file '/dev/shm/linux/./Documentation/devicetree/bindings/regulator/socionext,uniphier-regulator.yaml': File exists
cp: cannot create regular file '/dev/shm/linux/./Documentation/devicetree/bindings/regulator/st,stm32-booster.yaml': File exists
cp: cannot create regular file '/dev/shm/linux/./Documentation/devicetree/bindings/regulator/ti,tps62360.yaml': File exists
cp: cannot create regular file '/dev/shm/linux/./Documentation/devicetree/bindings/regulator/ti,tps62870.yaml': File exists
cp: cannot create regular file '/dev/shm/linux/./Documentation/devicetree/bindings/regulator/ti,tps65185.yaml': File exists
cp: cannot create regular file '/dev/shm/linux/./Documentation/devicetree/bindings/regulator/ti-abb-regulator.txt': File exists
cp: cannot create regular file '/dev/shm/linux/./Documentation/devicetree/bindings/regulator/tps65023.txt': File exists
cp: cannot create regular file '/dev/shm/linux/./Documentation/devicetree/bindings/regulator/tps65217.txt': File exists
cp: cannot create regular file '/dev/shm/linux/./Documentation/devicetree/bindings/regulator/vctrl-regulator.yaml': File exists
cp: cannot create regular file '/dev/shm/linux/./Documentation/devicetree/bindings/regulator/vqmmc-ipq4019-regulator.yaml': File exists
cp: cannot create directory '/dev/shm/linux/./Documentation/devicetree/bindings/reserved-memory': File exists
cp: cannot create directory '/dev/shm/linux/./Documentation/devicetree/bindings/reset': File exists
cp: cannot create regular file '/dev/shm/linux/./Documentation/devicetree/bindings/riscv/thead.yaml': File exists
cp: cannot create regular file '/dev/shm/linux/./Documentation/devicetree/bindings/rng/SUNW,n2-rng.yaml': File exists
cp: cannot create regular file '/dev/shm/linux/./Documentation/devicetree/bindings/rng/amlogic,meson-rng.yaml': File exists
cp: cannot create regular file '/dev/shm/linux/./Documentation/devicetree/bindings/rng/apm,x-gene-rng.yaml': File exists
cp: cannot create regular file '/dev/shm/linux/./Documentation/devicetree/bindings/rng/atmel,at91-trng.yaml': File exists
cp: cannot create regular file '/dev/shm/linux/./Documentation/devicetree/bindings/rng/brcm,bcm74110-rng.yaml': File exists
cp: cannot create regular file '/dev/shm/linux/./Documentation/devicetree/bindings/rng/hisi-rng.yaml': File exists
cp: cannot create regular file '/dev/shm/linux/./Documentation/devicetree/bindings/rng/ingenic,rng.yaml': File exists
cp: cannot create regular file '/dev/shm/linux/./Documentation/devicetree/bindings/rng/microsoft,vmgenid.yaml': File exists
cp: cannot create regular file '/dev/shm/linux/./Documentation/devicetree/bindings/rng/nuvoton,npcm-rng.yaml': File exists
cp: cannot create regular file '/dev/shm/linux/./Documentation/devicetree/bindings/rng/rockchip,rk3568-rng.yaml': File exists
cp: cannot create regular file '/dev/shm/linux/./Documentation/devicetree/bindings/rng/samsung,exynos5250-trng.yaml': File exists
cp: cannot create regular file '/dev/shm/linux/./Documentation/devicetree/bindings/rng/silex-insight,ba431-rng.yaml': File exists
cp: cannot create regular file '/dev/shm/linux/./Documentation/devicetree/bindings/rng/st,stm32-rng.yaml': File exists
cp: cannot create regular file '/dev/shm/linux/./Documentation/devicetree/bindings/rng/starfive,jh7110-trng.yaml': File exists
cp: cannot create regular file '/dev/shm/linux/./Documentation/devicetree/bindings/rng/ti,omap-rom-rng.yaml': File exists
cp: cannot create regular file '/dev/shm/linux/./Documentation/devicetree/bindings/rng/xiphera,xip8001b-trng.yaml': File exists
cp: cannot create directory '/dev/shm/linux/./Documentation/devicetree/bindings/rtc': File exists
cp: cannot create regular file '/dev/shm/linux/./Documentation/devicetree/bindings/soc/aspeed/uart-routing.yaml': File exists
cp: cannot create directory '/dev/shm/linux/./Documentation/devicetree/bindings/soc/bcm': File exists
cp: cannot create directory '/dev/shm/linux/./Documentation/devicetree/bindings/soc/fsl': File exists
cp: cannot create directory '/dev/shm/linux/./Documentation/devicetree/bindings/soc/nuvoton': File exists
cp: cannot create regular file '/dev/shm/linux/./Documentation/devicetree/bindings/soc/qcom/qcom,dcc.yaml': File exists
cp: cannot create regular file '/dev/shm/linux/./Documentation/devicetree/bindings/soc/qcom/qcom,geni-se.yaml': File exists
cp: cannot create regular file '/dev/shm/linux/./Documentation/devicetree/bindings/soc/qcom/qcom,pbs.yaml': File exists
cp: cannot create regular file '/dev/shm/linux/./Documentation/devicetree/bindings/soc/qcom/qcom,rpm.yaml': File exists
cp: cannot create regular file '/dev/shm/linux/./Documentation/devicetree/bindings/soc/qcom/qcom,saw2.yaml': File exists
cp: cannot create regular file '/dev/shm/linux/./Documentation/devicetree/bindings/soc/qcom/qcom,smd-rpm.yaml': File exists
cp: cannot create regular file '/dev/shm/linux/./Documentation/devicetree/bindings/soc/qcom/qcom,smem.yaml': File exists
cp: cannot create regular file '/dev/shm/linux/./Documentation/devicetree/bindings/soc/qcom/qcom,smsm.yaml': File exists
cp: cannot create directory '/dev/shm/linux/./Documentation/devicetree/bindings/soc/renesas': File exists
cp: cannot create regular file '/dev/shm/linux/./Documentation/devicetree/bindings/soc/socionext/socionext,uniphier-dwc3-glue.yaml': File exists
cp: cannot create regular file '/dev/shm/linux/./Documentation/devicetree/bindings/soc/socionext/socionext,uniphier-soc-glue-debug.yaml': File exists
cp: cannot create regular file '/dev/shm/linux/./Documentation/devicetree/bindings/soc/socionext/socionext,uniphier-sysctrl.yaml': File exists
cp: cannot create regular file '/dev/shm/linux/./Documentation/devicetree/bindings/soc/sophgo/sophgo,cv1800b-top-syscon.yaml': File exists
cp: cannot create regular file '/dev/shm/linux/./Documentation/devicetree/bindings/soc/sophgo/sophgo.yaml': File exists
cp: cannot create directory '/dev/shm/linux/./Documentation/devicetree/bindings/soc/sprd': File exists
cp: cannot create directory '/dev/shm/linux/./Documentation/devicetree/bindings/soc/tegra': File exists
cp: cannot create regular file '/dev/shm/linux/./Documentation/devicetree/bindings/soc/ti/sci-pm-domain.yaml': File exists
cp: cannot create regular file '/dev/shm/linux/./Documentation/devicetree/bindings/soc/ti/ti,am654-serdes-ctrl.yaml': File exists
cp: cannot create regular file '/dev/shm/linux/./Documentation/devicetree/bindings/soc/ti/ti,j784s4-bist.yaml': File exists
cp: cannot create regular file '/dev/shm/linux/./Documentation/devicetree/bindings/soc/ti/ti,pruss.yaml': File exists
cp: cannot create regular file '/dev/shm/linux/./Documentation/devicetree/bindings/soc/xilinx/xilinx.yaml': File exists
cp: cannot create directory '/dev/shm/linux/./Documentation/devicetree/bindings/sound': File exists
cp: cannot create regular file '/dev/shm/linux/./Documentation/devicetree/bindings/w1/fsl-imx-owire.yaml': File exists
cp: cannot create regular file '/dev/shm/linux/./Documentation/devicetree/bindings/w1/omap-hdq.txt': File exists
cp: cannot create regular file '/dev/shm/linux/./Documentation/devicetree/bindings/w1/w1.txt': File exists
cp: cannot create regular file '/dev/shm/linux/./Documentation/devicetree/bindings/watchdog/airoha,en7581-wdt.yaml': File exists
cp: cannot create regular file '/dev/shm/linux/./Documentation/devicetree/bindings/watchdog/alphascale,asm9260-wdt.yaml': File exists
cp: cannot create regular file '/dev/shm/linux/./Documentation/devicetree/bindings/watchdog/amlogic,meson6-wdt.yaml': File exists
cp: cannot create regular file '/dev/shm/linux/./Documentation/devicetree/bindings/watchdog/arm,sbsa-gwdt.yaml': File exists
cp: cannot create regular file '/dev/shm/linux/./Documentation/devicetree/bindings/watchdog/arm,twd-wdt.yaml': File exists
cp: cannot create regular file '/dev/shm/linux/./Documentation/devicetree/bindings/watchdog/arm-smc-wdt.yaml': File exists
cp: cannot create regular file '/dev/shm/linux/./Documentation/devicetree/bindings/watchdog/atmel,at91rm9200-wdt.yaml': File exists
cp: cannot create regular file '/dev/shm/linux/./Documentation/devicetree/bindings/watchdog/atmel,sama5d4-wdt.yaml': File exists
cp: cannot create regular file '/dev/shm/linux/./Documentation/devicetree/bindings/watchdog/brcm,kona-wdt.yaml': File exists
cp: cannot create regular file '/dev/shm/linux/./Documentation/devicetree/bindings/watchdog/cirrus,ep9301-wdt.yaml': File exists
cp: cannot create regular file '/dev/shm/linux/./Documentation/devicetree/bindings/watchdog/faraday,ftwdt010.yaml': File exists
cp: cannot create regular file '/dev/shm/linux/./Documentation/devicetree/bindings/watchdog/fsl-imx-wdt.yaml': File exists
cp: cannot create regular file '/dev/shm/linux/./Documentation/devicetree/bindings/watchdog/img,pdc-wdt.yaml': File exists
cp: cannot create regular file '/dev/shm/linux/./Documentation/devicetree/bindings/watchdog/intel,keembay-wdt.yaml': File exists
cp: cannot create regular file '/dev/shm/linux/./Documentation/devicetree/bindings/watchdog/linux,wdt-gpio.yaml': File exists
cp: cannot create regular file '/dev/shm/linux/./Documentation/devicetree/bindings/watchdog/marvell,armada-3700-wdt.yaml': File exists
cp: cannot create regular file '/dev/shm/linux/./Documentation/devicetree/bindings/watchdog/marvell,orion-wdt.yaml': File exists
cp: cannot create regular file '/dev/shm/linux/./Documentation/devicetree/bindings/watchdog/maxim,max63xx.yaml': File exists
cp: cannot create regular file '/dev/shm/linux/./Documentation/devicetree/bindings/watchdog/mediatek,mtk-wdt.yaml': File exists
cp: cannot create regular file '/dev/shm/linux/./Documentation/devicetree/bindings/watchdog/microchip,pic32-dmt.txt': File exists
cp: cannot create regular file '/dev/shm/linux/./Documentation/devicetree/bindings/watchdog/mstar,msc313e-wdt.yaml': File exists
cp: cannot create regular file '/dev/shm/linux/./Documentation/devicetree/bindings/watchdog/nxp,lpc1850-wwdt.yaml': File exists
cp: cannot create regular file '/dev/shm/linux/./Documentation/devicetree/bindings/watchdog/nxp,pnx4008-wdt.yaml': File exists
cp: cannot create regular file '/dev/shm/linux/./Documentation/devicetree/bindings/watchdog/qca,ar7130-wdt.yaml': File exists
cp: cannot create regular file '/dev/shm/linux/./Documentation/devicetree/bindings/watchdog/qcom-wdt.yaml': File exists
cp: cannot create regular file '/dev/shm/linux/./Documentation/devicetree/bindings/watchdog/realtek,otto-wdt.yaml': File exists
cp: cannot create regular file '/dev/shm/linux/./Documentation/devicetree/bindings/watchdog/renesas,r9a09g057-wdt.yaml': File exists
cp: cannot create regular file '/dev/shm/linux/./Documentation/devicetree/bindings/watchdog/renesas,rza-wdt.yaml': File exists
cp: cannot create regular file '/dev/shm/linux/./Documentation/devicetree/bindings/watchdog/renesas,rzn1-wdt.yaml': File exists
cp: cannot create regular file '/dev/shm/linux/./Documentation/devicetree/bindings/watchdog/samsung-wdt.yaml': File exists
cp: cannot create regular file '/dev/shm/linux/./Documentation/devicetree/bindings/watchdog/sprd,sp9860-wdt.yaml': File exists
cp: cannot create regular file '/dev/shm/linux/./Documentation/devicetree/bindings/watchdog/starfive,jh7100-wdt.yaml': File exists
cp: cannot create regular file '/dev/shm/linux/./Documentation/devicetree/bindings/watchdog/ti,davinci-wdt.yaml': File exists
cp: cannot create regular file '/dev/shm/linux/./Documentation/devicetree/bindings/watchdog/ti,rti-wdt.yaml': File exists
cp: cannot create regular file '/dev/shm/linux/./Documentation/devicetree/bindings/watchdog/toshiba,visconti-wdt.yaml': File exists
cp: cannot create regular file '/dev/shm/linux/./Documentation/devicetree/bindings/watchdog/watchdog.yaml': File exists
cp: cannot create regular file '/dev/shm/linux/./Documentation/devicetree/bindings/watchdog/xlnx,xps-timebase-wdt.yaml': File exists
cp: cannot create regular file '/dev/shm/linux/./Documentation/devicetree/bindings/watchdog/zii,rave-sp-wdt.yaml': File exists
cp: cannot create regular file '/dev/shm/linux/./Documentation/devicetree/bindings/writing-bindings.rst': File exists
cp: cannot create directory '/dev/shm/linux/./Documentation/devicetree/bindings/x86': File exists
cp: cannot create regular file '/dev/shm/linux/./Documentation/devicetree/index.rst': File exists
cp: cannot create regular file '/dev/shm/linux/./Documentation/devicetree/kernel-api.rst': File exists
cp: cannot create regular file '/dev/shm/linux/./Documentation/devicetree/overlay-notes.rst': File exists
cp: cannot create directory '/dev/shm/linux/./Documentation/doc-guide': File exists
cp: cannot create regular file '/dev/shm/linux/./Documentation/driver-api/acpi/scan_handlers.rst': File exists
cp: cannot create directory '/dev/shm/linux/./Documentation/driver-api/backlight': File exists
cp: cannot create directory '/dev/shm/linux/./Documentation/driver-api/coco': File exists
cp: cannot create directory '/dev/shm/linux/./Documentation/driver-api/crypto': File exists
cp: cannot create regular file '/dev/shm/linux/./Documentation/driver-api/cxl/conventions.rst': File exists
cp: cannot create regular file '/dev/shm/linux/./Documentation/driver-api/cxl/conventions/cxl-atl.rst': File exists
cp: cannot create regular file '/dev/shm/linux/./Documentation/driver-api/cxl/conventions/template.rst': File exists
cp: cannot create regular file '/dev/shm/linux/./Documentation/driver-api/cxl/index.rst': File exists
cp: cannot create directory '/dev/shm/linux/./Documentation/driver-api/cxl/linux': File exists
cp: cannot create directory '/dev/shm/linux/./Documentation/driver-api/cxl/platform/example-configurations': File exists
cp: cannot create directory '/dev/shm/linux/./Documentation/driver-api/dmaengine': File exists
cp: cannot create regular file '/dev/shm/linux/./Documentation/driver-api/driver-model/devres.rst': File exists
cp: cannot create regular file '/dev/shm/linux/./Documentation/driver-api/driver-model/index.rst': File exists
cp: cannot create regular file '/dev/shm/linux/./Documentation/driver-api/driver-model/platform.rst': File exists
cp: cannot create directory '/dev/shm/linux/./Documentation/driver-api/early-userspace': File exists
cp: cannot create regular file '/dev/shm/linux/./Documentation/driver-api/firmware/core.rst': File exists
cp: cannot create directory '/dev/shm/linux/./Documentation/driver-api/firmware/efi': File exists
cp: cannot create regular file '/dev/shm/linux/./Documentation/driver-api/firmware/firmware_cache.rst': File exists
cp: cannot create regular file '/dev/shm/linux/./Documentation/driver-api/firmware/fw_upload.rst': File exists
cp: cannot create regular file '/dev/shm/linux/./Documentation/driver-api/firmware/introduction.rst': File exists
cp: cannot create regular file '/dev/shm/linux/./Documentation/driver-api/firmware/other_interfaces.rst': File exists
cp: cannot create directory '/dev/shm/linux/./Documentation/driver-api/fpga': File exists
cp: cannot create regular file '/dev/shm/linux/./Documentation/driver-api/gpio/consumer.rst': File exists
cp: cannot create regular file '/dev/shm/linux/./Documentation/driver-api/gpio/drivers-on-gpio.rst': File exists
cp: cannot create regular file '/dev/shm/linux/./Documentation/driver-api/gpio/intro.rst': File exists
cp: cannot create regular file '/dev/shm/linux/./Documentation/driver-api/gpio/pca953x.rst': File exists
cp: cannot create regular file '/dev/shm/linux/./Documentation/driver-api/hsi.rst': File exists
cp: cannot create regular file '/dev/shm/linux/./Documentation/driver-api/hw-recoverable-errors.rst': File exists
cp: cannot create regular file '/dev/shm/linux/./Documentation/driver-api/i2c.rst': File exists
cp: cannot create directory '/dev/shm/linux/./Documentation/driver-api/i3c': File exists
cp: cannot create regular file '/dev/shm/linux/./Documentation/driver-api/iio/hw-consumer.rst': File exists
cp: cannot create regular file '/dev/shm/linux/./Documentation/driver-api/iio/intro.rst': File exists
cp: cannot create regular file '/dev/shm/linux/./Documentation/driver-api/iio/triggers.rst': File exists
cp: cannot create regular file '/dev/shm/linux/./Documentation/driver-api/index.rst': File exists
cp: cannot create regular file '/dev/shm/linux/./Documentation/driver-api/infrastructure.rst': File exists
cp: cannot create regular file '/dev/shm/linux/./Documentation/driver-api/input.rst': File exists
cp: cannot create regular file '/dev/shm/linux/./Documentation/driver-api/io-mapping.rst': File exists
cp: cannot create regular file '/dev/shm/linux/./Documentation/driver-api/ioctl.rst': File exists
cp: cannot create regular file '/dev/shm/linux/./Documentation/driver-api/ipmb.rst': File exists
cp: cannot create regular file '/dev/shm/linux/./Documentation/driver-api/isa.rst': File exists
cp: cannot create regular file '/dev/shm/linux/./Documentation/driver-api/libata.rst': File exists
cp: cannot create directory '/dev/shm/linux/./Documentation/driver-api/md': File exists
cp: cannot create regular file '/dev/shm/linux/./Documentation/driver-api/media/drivers/contributors.rst': File exists
cp: cannot create regular file '/dev/shm/linux/./Documentation/driver-api/media/drivers/cx2341x-devel.rst': File exists
cp: cannot create regular file '/dev/shm/linux/./Documentation/driver-api/media/drivers/cx88-devel.rst': File exists
cp: cannot create regular file '/dev/shm/linux/./Documentation/driver-api/media/drivers/dvb-usb.rst': File exists
cp: cannot create regular file '/dev/shm/linux/./Documentation/driver-api/media/drivers/frontends.rst': File exists
cp: cannot create regular file '/dev/shm/linux/./Documentation/driver-api/media/drivers/ipu6.rst': File exists
cp: cannot create regular file '/dev/shm/linux/./Documentation/driver-api/media/drivers/pvrusb2.rst': File exists
cp: cannot create regular file '/dev/shm/linux/./Documentation/driver-api/media/drivers/radiotrack.rst': File exists
cp: cannot create regular file '/dev/shm/linux/./Documentation/driver-api/media/drivers/sh_mobile_ceu_camera.rst': File exists
cp: cannot create regular file '/dev/shm/linux/./Documentation/driver-api/media/drivers/vidtv.rst': File exists
cp: cannot create regular file '/dev/shm/linux/./Documentation/driver-api/media/drivers/zoran.rst': File exists
cp: cannot create regular file '/dev/shm/linux/./Documentation/driver-api/media/dtv-common.rst': File exists
cp: cannot create regular file '/dev/shm/linux/./Documentation/driver-api/media/dtv-demux.rst': File exists
cp: cannot create regular file '/dev/shm/linux/./Documentation/driver-api/media/dtv-frontend.rst': File exists
cp: cannot create regular file '/dev/shm/linux/./Documentation/driver-api/media/index.rst': File exists
cp: cannot create regular file '/dev/shm/linux/./Documentation/driver-api/media/mc-core.rst': File exists
cp: cannot create regular file '/dev/shm/linux/./Documentation/driver-api/media/rc-core.rst': File exists
cp: cannot create regular file '/dev/shm/linux/./Documentation/driver-api/media/v4l2-async.rst': File exists
cp: cannot create regular file '/dev/shm/linux/./Documentation/driver-api/media/v4l2-common.rst': File exists
cp: cannot create regular file '/dev/shm/linux/./Documentation/driver-api/media/v4l2-core.rst': File exists
cp: cannot create regular file '/dev/shm/linux/./Documentation/driver-api/media/v4l2-device.rst': File exists
cp: cannot create regular file '/dev/shm/linux/./Documentation/driver-api/media/v4l2-fh.rst': File exists
cp: cannot create regular file '/dev/shm/linux/./Documentation/driver-api/media/v4l2-flash-led-class.rst': File exists
cp: cannot create regular file '/dev/shm/linux/./Documentation/driver-api/media/v4l2-intro.rst': File exists
cp: cannot create regular file '/dev/shm/linux/./Documentation/driver-api/media/v4l2-jpeg.rst': File exists
cp: cannot create regular file '/dev/shm/linux/./Documentation/driver-api/media/v4l2-rect.rst': File exists
cp: cannot create regular file '/dev/shm/linux/./Documentation/driver-api/media/v4l2-tuner.rst': File exists
cp: cannot create directory '/dev/shm/linux/./Documentation/driver-api/memory-devices': File exists
cp: cannot create regular file '/dev/shm/linux/./Documentation/driver-api/men-chameleon-bus.rst': File exists
cp: cannot create regular file '/dev/shm/linux/./Documentation/driver-api/message-based.rst': File exists
cp: cannot create regular file '/dev/shm/linux/./Documentation/driver-api/misc_devices.rst': File exists
cp: cannot create regular file '/dev/shm/linux/./Documentation/driver-api/miscellaneous.rst': File exists
cp: cannot create regular file '/dev/shm/linux/./Documentation/driver-api/mmc/index.rst': File exists
cp: cannot create regular file '/dev/shm/linux/./Documentation/driver-api/mmc/mmc-dev-attrs.rst': File exists
cp: cannot create regular file '/dev/shm/linux/./Documentation/driver-api/mmc/mmc-dev-parts.rst': File exists
cp: cannot create regular file '/dev/shm/linux/./Documentation/driver-api/mmc/mmc-tools.rst': File exists
cp: cannot create regular file '/dev/shm/linux/./Documentation/driver-api/mtd/index.rst': File exists
cp: cannot create regular file '/dev/shm/linux/./Documentation/driver-api/mtd/spi-intel.rst': File exists
cp: cannot create regular file '/dev/shm/linux/./Documentation/driver-api/mtdnand.rst': File exists
cp: cannot create regular file '/dev/shm/linux/./Documentation/driver-api/nfc/index.rst': File exists
cp: cannot create regular file '/dev/shm/linux/./Documentation/driver-api/nfc/nfc-pn544.rst': File exists
cp: cannot create directory '/dev/shm/linux/./Documentation/driver-api/nvdimm': File exists
cp: cannot create directory '/dev/shm/linux/./Documentation/driver-api/phy': File exists
cp: cannot create regular file '/dev/shm/linux/./Documentation/driver-api/pldmfw/index.rst': File exists
cp: cannot create regular file '/dev/shm/linux/./Documentation/driver-api/pm/cpuidle.rst': File exists
cp: cannot create regular file '/dev/shm/linux/./Documentation/driver-api/pm/index.rst': File exists
cp: cannot create regular file '/dev/shm/linux/./Documentation/driver-api/pm/notifiers.rst': File exists
cp: cannot create regular file '/dev/shm/linux/./Documentation/driver-api/pps.rst': File exists
cp: cannot create regular file '/dev/shm/linux/./Documentation/driver-api/pwm.rst': File exists
cp: cannot create regular file '/dev/shm/linux/./Documentation/driver-api/rapidio/index.rst': File exists
cp: cannot create regular file '/dev/shm/linux/./Documentation/driver-api/rapidio/rapidio.rst': File exists
cp: cannot create regular file '/dev/shm/linux/./Documentation/driver-api/regulator.rst': File exists
cp: cannot create regular file '/dev/shm/linux/./Documentation/driver-api/rfkill.rst': File exists
cp: cannot create regular file '/dev/shm/linux/./Documentation/driver-api/scsi.rst': File exists
cp: cannot create regular file '/dev/shm/linux/./Documentation/driver-api/serial/driver.rst': File exists
cp: cannot create regular file '/dev/shm/linux/./Documentation/driver-api/sm501.rst': File exists
cp: cannot create regular file '/dev/shm/linux/./Documentation/driver-api/soundwire/bra.rst': File exists
cp: cannot create regular file '/dev/shm/linux/./Documentation/driver-api/soundwire/error_handling.rst': File exists
cp: cannot create regular file '/dev/shm/linux/./Documentation/driver-api/soundwire/index.rst': File exists
cp: cannot create regular file '/dev/shm/linux/./Documentation/driver-api/soundwire/locking.rst': File exists
cp: cannot create regular file '/dev/shm/linux/./Documentation/driver-api/soundwire/summary.rst': File exists
cp: cannot create regular file '/dev/shm/linux/./Documentation/driver-api/surface_aggregator/client-api.rst': File exists
cp: cannot create directory '/dev/shm/linux/./Documentation/driver-api/surface_aggregator/clients': File exists
cp: cannot create regular file '/dev/shm/linux/./Documentation/driver-api/switchtec.rst': File exists
cp: cannot create regular file '/dev/shm/linux/./Documentation/driver-api/target.rst': File exists
cp: cannot create directory '/dev/shm/linux/./Documentation/driver-api/thermal': File exists
cp: cannot create regular file '/dev/shm/linux/./Documentation/driver-api/tty/tty_port.rst': File exists
cp: cannot create regular file '/dev/shm/linux/./Documentation/driver-api/uio-howto.rst': File exists
cp: cannot create regular file '/dev/shm/linux/./Documentation/driver-api/usb/URB.rst': File exists
cp: cannot create regular file '/dev/shm/linux/./Documentation/driver-api/usb/callbacks.rst': File exists
cp: cannot create regular file '/dev/shm/linux/./Documentation/driver-api/usb/dwc3.rst': File exists
cp: cannot create regular file '/dev/shm/linux/./Documentation/driver-api/usb/gadget.rst': File exists
cp: cannot create regular file '/dev/shm/linux/./Documentation/driver-api/usb/index.rst': File exists
cp: cannot create regular file '/dev/shm/linux/./Documentation/driver-api/usb/power-management.rst': File exists
cp: cannot create regular file '/dev/shm/linux/./Documentation/driver-api/usb/typec_bus.rst': File exists
cp: cannot create regular file '/dev/shm/linux/./Documentation/driver-api/usb/usb3-debug-port.rst': File exists
cp: cannot create regular file '/dev/shm/linux/./Documentation/driver-api/usb/writing_musb_glue_layer.rst': File exists
cp: cannot create regular file '/dev/shm/linux/./Documentation/driver-api/vfio-mediated-device.rst': File exists
cp: cannot create regular file '/dev/shm/linux/./Documentation/driver-api/vfio.rst': File exists
cp: cannot create regular file '/dev/shm/linux/./Documentation/driver-api/virtio/index.rst': File exists
cp: cannot create regular file '/dev/shm/linux/./Documentation/driver-api/virtio/writing_virtio_drivers.rst': File exists
cp: cannot create regular file '/dev/shm/linux/./Documentation/driver-api/w1.rst': File exists
cp: cannot create regular file '/dev/shm/linux/./Documentation/driver-api/wmi.rst': File exists
cp: cannot create regular file '/dev/shm/linux/./Documentation/driver-api/xilinx/eemi.rst': File exists
cp: cannot create regular file '/dev/shm/linux/./Documentation/driver-api/xillybus.rst': File exists
cp: cannot create directory '/dev/shm/linux/./Documentation/fault-injection': File exists
cp: cannot create regular file '/dev/shm/linux/./Documentation/fb/arkfb.rst': File exists
cp: cannot create regular file '/dev/shm/linux/./Documentation/fb/cirrusfb.rst': File exists
cp: cannot create regular file '/dev/shm/linux/./Documentation/fb/efifb.rst': File exists
cp: cannot create regular file '/dev/shm/linux/./Documentation/fb/fbcon.rst': File exists
cp: cannot create regular file '/dev/shm/linux/./Documentation/fb/gxfb.rst': File exists
cp: cannot create regular file '/dev/shm/linux/./Documentation/fb/intel810.rst': File exists
cp: cannot create regular file '/dev/shm/linux/./Documentation/fb/lxfb.rst': File exists
cp: cannot create regular file '/dev/shm/linux/./Documentation/fb/matroxfb.rst': File exists
cp: cannot create regular file '/dev/shm/linux/./Documentation/fb/modedb.rst': File exists
cp: cannot create regular file '/dev/shm/linux/./Documentation/fb/pxafb.rst': File exists
cp: cannot create regular file '/dev/shm/linux/./Documentation/fb/sa1100fb.rst': File exists
cp: cannot create regular file '/dev/shm/linux/./Documentation/fb/sm501.rst': File exists
cp: cannot create regular file '/dev/shm/linux/./Documentation/fb/sstfb.rst': File exists
cp: cannot create regular file '/dev/shm/linux/./Documentation/fb/udlfb.rst': File exists
cp: cannot create regular file '/dev/shm/linux/./Documentation/fb/vesafb.rst': File exists
cp: cannot create regular file '/dev/shm/linux/./Documentation/fb/viafb.rst': File exists
cp: cannot create regular file '/dev/shm/linux/./Documentation/features/arch-support.txt': File exists
cp: cannot create directory '/dev/shm/linux/./Documentation/features/core/cBPF-JIT': File exists
cp: cannot create directory '/dev/shm/linux/./Documentation/features/core/generic-idle-thread': File exists
cp: cannot create directory '/dev/shm/linux/./Documentation/features/core/mseal_sys_mappings': File exists
cp: cannot create directory '/dev/shm/linux/./Documentation/features/debug': File exists
cp: cannot create directory '/dev/shm/linux/./Documentation/features/time/context-tracking': File exists
cp: cannot create regular file '/dev/shm/linux/./Documentation/features/time/irq-time-acct/arch-support.txt': File exists
cp: cannot create directory '/dev/shm/linux/./Documentation/features/vm': File exists
cp: cannot create regular file '/dev/shm/linux/./Documentation/filesystems/befs.rst': File exists
cp: cannot create regular file '/dev/shm/linux/./Documentation/filesystems/btrfs.rst': File exists
cp: cannot create directory '/dev/shm/linux/./Documentation/filesystems/caching': File exists
cp: cannot create regular file '/dev/shm/linux/./Documentation/filesystems/devpts.rst': File exists
cp: cannot create regular file '/dev/shm/linux/./Documentation/filesystems/dlmfs.rst': File exists
cp: cannot create regular file '/dev/shm/linux/./Documentation/filesystems/ecryptfs.rst': File exists
cp: cannot create regular file '/dev/shm/linux/./Documentation/filesystems/erofs.rst': File exists
cp: cannot create regular file '/dev/shm/linux/./Documentation/filesystems/ext3.rst': File exists
cp: cannot create regular file '/dev/shm/linux/./Documentation/filesystems/ext4/about.rst': File exists
cp: cannot create regular file '/dev/shm/linux/./Documentation/filesystems/ext4/atomic_writes.rst': File exists
cp: cannot create regular file '/dev/shm/linux/./Documentation/filesystems/ext4/bigalloc.rst': File exists
cp: cannot create regular file '/dev/shm/linux/./Documentation/filesystems/ext4/blockmap.rst': File exists
cp: cannot create regular file '/dev/shm/linux/./Documentation/filesystems/ext4/checksums.rst': File exists
cp: cannot create regular file '/dev/shm/linux/./Documentation/filesystems/ext4/dynamic.rst': File exists
cp: cannot create regular file '/dev/shm/linux/./Documentation/filesystems/ext4/globals.rst': File exists
cp: cannot create regular file '/dev/shm/linux/./Documentation/filesystems/ext4/index.rst': File exists
cp: cannot create regular file '/dev/shm/linux/./Documentation/filesystems/ext4/inode_table.rst': File exists
cp: cannot create regular file '/dev/shm/linux/./Documentation/filesystems/ext4/inodes.rst': File exists
cp: cannot create regular file '/dev/shm/linux/./Documentation/filesystems/ext4/mmp.rst': File exists
cp: cannot create regular file '/dev/shm/linux/./Documentation/filesystems/ext4/special_inodes.rst': File exists
cp: cannot create regular file '/dev/shm/linux/./Documentation/filesystems/ext4/verity.rst': File exists
cp: cannot create regular file '/dev/shm/linux/./Documentation/filesystems/fiemap.rst': File exists
cp: cannot create regular file '/dev/shm/linux/./Documentation/filesystems/fscrypt.rst': File exists
cp: cannot create directory '/dev/shm/linux/./Documentation/filesystems/fuse': File exists
cp: cannot create regular file '/dev/shm/linux/./Documentation/filesystems/hpfs.rst': File exists
cp: cannot create regular file '/dev/shm/linux/./Documentation/filesystems/index.rst': File exists
cp: cannot create regular file '/dev/shm/linux/./Documentation/filesystems/inotify.rst': File exists
cp: cannot create regular file '/dev/shm/linux/./Documentation/filesystems/iomap/design.rst': File exists
cp: cannot create regular file '/dev/shm/linux/./Documentation/filesystems/iomap/operations.rst': File exists
cp: cannot create regular file '/dev/shm/linux/./Documentation/filesystems/isofs.rst': File exists
cp: cannot create regular file '/dev/shm/linux/./Documentation/filesystems/journalling.rst': File exists
cp: cannot create regular file '/dev/shm/linux/./Documentation/filesystems/locks.rst': File exists
cp: cannot create regular file '/dev/shm/linux/./Documentation/filesystems/mmap_prepare.rst': File exists
cp: cannot create regular file '/dev/shm/linux/./Documentation/filesystems/multigrain-ts.rst': File exists
cp: cannot create directory '/dev/shm/linux/./Documentation/filesystems/nfs': File exists
cp: cannot create regular file '/dev/shm/linux/./Documentation/filesystems/propagate_umount.txt': File exists
cp: cannot create regular file '/dev/shm/linux/./Documentation/filesystems/qnx6.rst': File exists
cp: cannot create regular file '/dev/shm/linux/./Documentation/filesystems/relay.rst': File exists
cp: cannot create regular file '/dev/shm/linux/./Documentation/filesystems/romfs.rst': File exists
cp: cannot create regular file '/dev/shm/linux/./Documentation/filesystems/sharedsubtree.rst': File exists
cp: cannot create regular file '/dev/shm/linux/./Documentation/filesystems/smb/cifsroot.rst': File exists
cp: cannot create regular file '/dev/shm/linux/./Documentation/filesystems/smb/ksmbd.rst': File exists
cp: cannot create regular file '/dev/shm/linux/./Documentation/filesystems/splice.rst': File exists
cp: cannot create regular file '/dev/shm/linux/./Documentation/filesystems/spufs/index.rst': File exists
cp: cannot create regular file '/dev/shm/linux/./Documentation/filesystems/spufs/spu_run.rst': File exists
cp: cannot create regular file '/dev/shm/linux/./Documentation/filesystems/squashfs.rst': File exists
cp: cannot create regular file '/dev/shm/linux/./Documentation/filesystems/tmpfs.rst': File exists
cp: cannot create regular file '/dev/shm/linux/./Documentation/filesystems/ubifs.rst': File exists
cp: cannot create regular file '/dev/shm/linux/./Documentation/filesystems/udf.rst': File exists
cp: cannot create regular file '/dev/shm/linux/./Documentation/filesystems/vfs.rst': File exists
cp: cannot create directory '/dev/shm/linux/./Documentation/filesystems/xfs': File exists
cp: cannot create regular file '/dev/shm/linux/./Documentation/firmware-guide/acpi/apei/output_format.rst': File exists
cp: cannot create regular file '/dev/shm/linux/./Documentation/firmware-guide/acpi/debug.rst': File exists
cp: cannot create regular file '/dev/shm/linux/./Documentation/firmware-guide/acpi/dsd/data-node-references.rst': File exists
cp: cannot create regular file '/dev/shm/linux/./Documentation/firmware-guide/acpi/dsd/leds.rst': File exists
cp: cannot create regular file '/dev/shm/linux/./Documentation/firmware-guide/acpi/enumeration.rst': File exists
cp: cannot create regular file '/dev/shm/linux/./Documentation/firmware-guide/acpi/gpio-properties.rst': File exists
cp: cannot create regular file '/dev/shm/linux/./Documentation/firmware-guide/acpi/intel-pmc-mux.rst': File exists
cp: cannot create regular file '/dev/shm/linux/./Documentation/firmware-guide/acpi/method-tracing.rst': File exists
cp: cannot create regular file '/dev/shm/linux/./Documentation/firmware-guide/acpi/non-d0-probe.rst': File exists
cp: cannot create regular file '/dev/shm/linux/./Documentation/firmware-guide/acpi/video_extension.rst': File exists
cp: cannot create directory '/dev/shm/linux/./Documentation/firmware_class': File exists
cp: cannot create regular file '/dev/shm/linux/./Documentation/fpga/index.rst': File exists
cp: cannot create directory '/dev/shm/linux/./Documentation/gpu': File exists
cp: cannot create regular file '/dev/shm/linux/./Documentation/hwmon/max15301.rst': File exists
cp: cannot create regular file '/dev/shm/linux/./Documentation/hwmon/max1619.rst': File exists
cp: cannot create regular file '/dev/shm/linux/./Documentation/hwmon/max1668.rst': File exists
cp: cannot create regular file '/dev/shm/linux/./Documentation/hwmon/max20730.rst': File exists
cp: cannot create regular file '/dev/shm/linux/./Documentation/hwmon/max31722.rst': File exists
cp: cannot create regular file '/dev/shm/linux/./Documentation/hwmon/max31760.rst': File exists
cp: cannot create regular file '/dev/shm/linux/./Documentation/hwmon/max31790.rst': File exists
cp: cannot create regular file '/dev/shm/linux/./Documentation/hwmon/max34440.rst': File exists
cp: cannot create regular file '/dev/shm/linux/./Documentation/hwmon/max6639.rst': File exists
cp: cannot create regular file '/dev/shm/linux/./Documentation/hwmon/max6697.rst': File exists
cp: cannot create regular file '/dev/shm/linux/./Documentation/hwmon/max77705.rst': File exists
cp: cannot create regular file '/dev/shm/linux/./Documentation/hwmon/mc33xs2410_hwmon.rst': File exists
cp: cannot create regular file '/dev/shm/linux/./Documentation/hwmon/mcp3021.rst': File exists
cp: cannot create regular file '/dev/shm/linux/./Documentation/hwmon/menf21bmc.rst': File exists
cp: cannot create regular file '/dev/shm/linux/./Documentation/hwmon/mp2856.rst': File exists
cp: cannot create regular file '/dev/shm/linux/./Documentation/hwmon/mp2869.rst': File exists
cp: cannot create regular file '/dev/shm/linux/./Documentation/hwmon/mp2891.rst': File exists
cp: cannot create regular file '/dev/shm/linux/./Documentation/hwmon/mp2975.rst': File exists
cp: cannot create regular file '/dev/shm/linux/./Documentation/hwmon/mp2993.rst': File exists
cp: cannot create regular file '/dev/shm/linux/./Documentation/hwmon/mp5023.rst': File exists
cp: cannot create regular file '/dev/shm/linux/./Documentation/hwmon/mp5926.rst': File exists
cp: cannot create regular file '/dev/shm/linux/./Documentation/hwmon/mp9941.rst': File exists
cp: cannot create regular file '/dev/shm/linux/./Documentation/hwmon/mpq8785.rst': File exists
cp: cannot create regular file '/dev/shm/linux/./Documentation/hwmon/nct6775.rst': File exists
cp: cannot create regular file '/dev/shm/linux/./Documentation/hwmon/nct7802.rst': File exists
cp: cannot create regular file '/dev/shm/linux/./Documentation/hwmon/nsa320.rst': File exists
cp: cannot create regular file '/dev/shm/linux/./Documentation/hwmon/nzxt-kraken2.rst': File exists
cp: cannot create regular file '/dev/shm/linux/./Documentation/hwmon/nzxt-smart2.rst': File exists
cp: cannot create regular file '/dev/shm/linux/./Documentation/hwmon/pc87360.rst': File exists
cp: cannot create regular file '/dev/shm/linux/./Documentation/hwmon/pcf8591.rst': File exists
cp: cannot create regular file '/dev/shm/linux/./Documentation/hwmon/peci-cputemp.rst': File exists
cp: cannot create regular file '/dev/shm/linux/./Documentation/hwmon/pim4328.rst': File exists
cp: cannot create regular file '/dev/shm/linux/./Documentation/hwmon/pm6764tr.rst': File exists
cp: cannot create regular file '/dev/shm/linux/./Documentation/hwmon/pmbus.rst': File exists
cp: cannot create regular file '/dev/shm/linux/./Documentation/hwmon/pt5161l.rst': File exists
cp: cannot create regular file '/dev/shm/linux/./Documentation/hwmon/q54sj108a2.rst': File exists
cp: cannot create regular file '/dev/shm/linux/./Documentation/hwmon/raspberrypi-hwmon.rst': File exists
cp: cannot create regular file '/dev/shm/linux/./Documentation/hwmon/sbtsi_temp.rst': File exists
cp: cannot create regular file '/dev/shm/linux/./Documentation/hwmon/scpi-hwmon.rst': File exists
cp: cannot create regular file '/dev/shm/linux/./Documentation/hwmon/sg2042-mcu.rst': File exists
cp: cannot create regular file '/dev/shm/linux/./Documentation/hwmon/sht15.rst': File exists
cp: cannot create regular file '/dev/shm/linux/./Documentation/hwmon/sht3x.rst': File exists
cp: cannot create regular file '/dev/shm/linux/./Documentation/hwmon/shtc1.rst': File exists
cp: cannot create regular file '/dev/shm/linux/./Documentation/hwmon/sl28cpld.rst': File exists
cp: cannot create regular file '/dev/shm/linux/./Documentation/hwmon/smsc47b397.rst': File exists
cp: cannot create regular file '/dev/shm/linux/./Documentation/hwmon/smsc47m192.rst': File exists
cp: cannot create regular file '/dev/shm/linux/./Documentation/hwmon/spd5118.rst': File exists
cp: cannot create regular file '/dev/shm/linux/./Documentation/hwmon/stpddc60.rst': File exists
cp: cannot create regular file '/dev/shm/linux/./Documentation/hwmon/surface_fan.rst': File exists
cp: cannot create regular file '/dev/shm/linux/./Documentation/hwmon/sysfs-interface.rst': File exists
cp: cannot create regular file '/dev/shm/linux/./Documentation/hwmon/thmc50.rst': File exists
cp: cannot create regular file '/dev/shm/linux/./Documentation/hwmon/tmp103.rst': File exists
cp: cannot create regular file '/dev/shm/linux/./Documentation/hwmon/tmp108.rst': File exists
cp: cannot create regular file '/dev/shm/linux/./Documentation/hwmon/tmp421.rst': File exists
cp: cannot create regular file '/dev/shm/linux/./Documentation/hwmon/tmp513.rst': File exists
cp: cannot create regular file '/dev/shm/linux/./Documentation/hwmon/tps40422.rst': File exists
cp: cannot create regular file '/dev/shm/linux/./Documentation/hwmon/tps546d24.rst': File exists
cp: cannot create regular file '/dev/shm/linux/./Documentation/hwmon/twl4030-madc-hwmon.rst': File exists
cp: cannot create regular file '/dev/shm/linux/./Documentation/hwmon/ucd9200.rst': File exists
cp: cannot create regular file '/dev/shm/linux/./Documentation/hwmon/vexpress.rst': File exists
cp: cannot create regular file '/dev/shm/linux/./Documentation/hwmon/vt1211.rst': File exists
cp: cannot create regular file '/dev/shm/linux/./Documentation/hwmon/w83773g.rst': File exists
cp: cannot create regular file '/dev/shm/linux/./Documentation/hwmon/w83791d.rst': File exists
cp: cannot create regular file '/dev/shm/linux/./Documentation/hwmon/w83793.rst': File exists
cp: cannot create regular file '/dev/shm/linux/./Documentation/hwmon/w83l785ts.rst': File exists
cp: cannot create regular file '/dev/shm/linux/./Documentation/hwmon/wm831x.rst': File exists
cp: cannot create regular file '/dev/shm/linux/./Documentation/hwmon/wm8350.rst': File exists
cp: cannot create regular file '/dev/shm/linux/./Documentation/hwmon/xdpe152c4.rst': File exists
cp: cannot create regular file '/dev/shm/linux/./Documentation/hwmon/yogafan.rst': File exists
cp: cannot create directory '/dev/shm/linux/./Documentation/i2c': File exists
cp: cannot create regular file '/dev/shm/linux/./Documentation/input/devices/bcm5974.rst': File exists
cp: cannot create regular file '/dev/shm/linux/./Documentation/input/devices/cs461x.rst': File exists
cp: cannot create regular file '/dev/shm/linux/./Documentation/input/devices/iforce-protocol.rst': File exists
cp: cannot create regular file '/dev/shm/linux/./Documentation/input/devices/ntrig.rst': File exists
cp: cannot create regular file '/dev/shm/linux/./Documentation/input/devices/pxrc.rst': File exists
cp: cannot create regular file '/dev/shm/linux/./Documentation/input/devices/sentelic.rst': File exists
cp: cannot create regular file '/dev/shm/linux/./Documentation/input/devices/xpad.rst': File exists
cp: cannot create regular file '/dev/shm/linux/./Documentation/input/event-codes.rst': File exists
cp: cannot create regular file '/dev/shm/linux/./Documentation/input/gamepad.rst': File exists
cp: cannot create regular file '/dev/shm/linux/./Documentation/input/index.rst': File exists
cp: cannot create regular file '/dev/shm/linux/./Documentation/input/input.rst': File exists
cp: cannot create regular file '/dev/shm/linux/./Documentation/input/input_uapi.rst': File exists
cp: cannot create directory '/dev/shm/linux/./Documentation/input/joydev': File exists
cp: cannot create regular file '/dev/shm/linux/./Documentation/input/userio.rst': File exists
cp: cannot create regular file '/dev/shm/linux/./Documentation/kbuild/Kconfig.recursion-issue-02': File exists
cp: cannot create regular file '/dev/shm/linux/./Documentation/kbuild/Kconfig.select-break': File exists
cp: cannot create regular file '/dev/shm/linux/./Documentation/kbuild/gendwarfksyms.rst': File exists
cp: cannot create regular file '/dev/shm/linux/./Documentation/kbuild/issues.rst': File exists
cp: cannot create regular file '/dev/shm/linux/./Documentation/kbuild/kconfig-language.rst': File exists
cp: cannot create regular file '/dev/shm/linux/./Documentation/kbuild/kconfig.rst': File exists
cp: cannot create regular file '/dev/shm/linux/./Documentation/kbuild/makefiles.rst': File exists
cp: cannot create regular file '/dev/shm/linux/./Documentation/kbuild/reproducible-builds.rst': File exists
cp: cannot create regular file '/dev/shm/linux/./Documentation/kernel-hacking/false-sharing.rst': File exists
cp: cannot create regular file '/dev/shm/linux/./Documentation/kernel-hacking/index.rst': File exists
cp: cannot create regular file '/dev/shm/linux/./Documentation/kernel-hacking/locking.rst': File exists
cp: cannot create regular file '/dev/shm/linux/./Documentation/leds/index.rst': File exists
cp: cannot create regular file '/dev/shm/linux/./Documentation/leds/leds-cht-wcove.rst': File exists
cp: cannot create regular file '/dev/shm/linux/./Documentation/leds/leds-class-multicolor.rst': File exists
cp: cannot create regular file '/dev/shm/linux/./Documentation/leds/leds-el15203000.rst': File exists
cp: cannot create regular file '/dev/shm/linux/./Documentation/leds/leds-lp3944.rst': File exists
cp: cannot create regular file '/dev/shm/linux/./Documentation/leds/leds-lp5523.rst': File exists
cp: cannot create regular file '/dev/shm/linux/./Documentation/leds/leds-lp55xx.rst': File exists
cp: cannot create regular file '/dev/shm/linux/./Documentation/leds/leds-mlxcpld.rst': File exists
cp: cannot create regular file '/dev/shm/linux/./Documentation/leds/leds-qcom-lpg.rst': File exists
cp: cannot create regular file '/dev/shm/linux/./Documentation/leds/leds-sc27xx.rst': File exists
cp: cannot create regular file '/dev/shm/linux/./Documentation/leds/ledtrig-transient.rst': File exists
cp: cannot create regular file '/dev/shm/linux/./Documentation/leds/uleds.rst': File exists
cp: cannot create directory '/dev/shm/linux/./Documentation/litmus-tests': File exists
cp: cannot create regular file '/dev/shm/linux/./Documentation/locking/mutex-design.rst': File exists
cp: cannot create regular file '/dev/shm/linux/./Documentation/locking/percpu-rw-semaphore.rst': File exists
cp: cannot create regular file '/dev/shm/linux/./Documentation/locking/preempt-locking.rst': File exists
cp: cannot create regular file '/dev/shm/linux/./Documentation/locking/robust-futexes.rst': File exists
cp: cannot create regular file '/dev/shm/linux/./Documentation/locking/rt-mutex.rst': File exists
cp: cannot create regular file '/dev/shm/linux/./Documentation/locking/seqlock.rst': File exists
cp: cannot create regular file '/dev/shm/linux/./Documentation/locking/spinlocks.rst': File exists
cp: cannot create directory '/dev/shm/linux/./Documentation/maintainer': File exists
cp: cannot create regular file '/dev/shm/linux/./Documentation/misc-devices/apds990x.rst': File exists
cp: cannot create regular file '/dev/shm/linux/./Documentation/misc-devices/bh1770glc.rst': File exists
cp: cannot create regular file '/dev/shm/linux/./Documentation/misc-devices/ibmvmc.rst': File exists
cp: cannot create regular file '/dev/shm/linux/./Documentation/misc-devices/isl29003.rst': File exists
cp: cannot create regular file '/dev/shm/linux/./Documentation/misc-devices/max6875.rst': File exists
cp: cannot create regular file '/dev/shm/linux/./Documentation/misc-devices/pci-endpoint-test.rst': File exists
cp: cannot create regular file '/dev/shm/linux/./Documentation/misc-devices/spear-pcie-gadget.rst': File exists
cp: cannot create regular file '/dev/shm/linux/./Documentation/misc-devices/uacce.rst': File exists
cp: cannot create directory '/dev/shm/linux/./Documentation/mm': File exists
cp: cannot create regular file '/dev/shm/linux/./Documentation/networking/alias.rst': File exists
cp: cannot create regular file '/dev/shm/linux/./Documentation/networking/arcnet-hardware.rst': File exists
cp: cannot create regular file '/dev/shm/linux/./Documentation/networking/atm.rst': File exists
cp: cannot create regular file '/dev/shm/linux/./Documentation/networking/batman-adv.rst': File exists
cp: cannot create regular file '/dev/shm/linux/./Documentation/networking/bridge.rst': File exists
cp: cannot create regular file '/dev/shm/linux/./Documentation/networking/can.rst': File exists
cp: cannot create regular file '/dev/shm/linux/./Documentation/networking/cdc_mbim.rst': File exists
cp: cannot create regular file '/dev/shm/linux/./Documentation/networking/dctcp.rst': File exists
cp: cannot create directory '/dev/shm/linux/./Documentation/networking/device_drivers': File exists
cp: cannot create regular file '/dev/shm/linux/./Documentation/networking/page_pool.rst': File exists
cp: cannot create regular file '/dev/shm/linux/./Documentation/networking/phonet.rst': File exists
cp: cannot create regular file '/dev/shm/linux/./Documentation/networking/phy-port.rst': File exists
cp: cannot create regular file '/dev/shm/linux/./Documentation/networking/pktgen.rst': File exists
cp: cannot create regular file '/dev/shm/linux/./Documentation/networking/ppp_generic.rst': File exists
cp: cannot create regular file '/dev/shm/linux/./Documentation/networking/psp.rst': File exists
cp: cannot create regular file '/dev/shm/linux/./Documentation/networking/radiotap-headers.rst': File exists
cp: cannot create regular file '/dev/shm/linux/./Documentation/networking/rds.rst': File exists
cp: cannot create regular file '/dev/shm/linux/./Documentation/networking/regulatory.rst': File exists
cp: cannot create regular file '/dev/shm/linux/./Documentation/networking/representors.rst': File exists
cp: cannot create regular file '/dev/shm/linux/./Documentation/networking/scaling.rst': File exists
cp: cannot create regular file '/dev/shm/linux/./Documentation/networking/secid.rst': File exists
cp: cannot create regular file '/dev/shm/linux/./Documentation/networking/segmentation-offloads.rst': File exists
cp: cannot create regular file '/dev/shm/linux/./Documentation/networking/skbuff.rst': File exists
cp: cannot create regular file '/dev/shm/linux/./Documentation/networking/snmp_counter.rst': File exists
cp: cannot create regular file '/dev/shm/linux/./Documentation/networking/statistics.rst': File exists
cp: cannot create regular file '/dev/shm/linux/./Documentation/networking/switchdev.rst': File exists
cp: cannot create regular file '/dev/shm/linux/./Documentation/networking/tc-actions-env-rules.rst': File exists
cp: cannot create regular file '/dev/shm/linux/./Documentation/networking/tcp-thin.rst': File exists
cp: cannot create regular file '/dev/shm/linux/./Documentation/networking/team.rst': File exists
cp: cannot create regular file '/dev/shm/linux/./Documentation/networking/timestamping.rst': File exists
cp: cannot create regular file '/dev/shm/linux/./Documentation/networking/tls-handshake.rst': File exists
cp: cannot create regular file '/dev/shm/linux/./Documentation/networking/tls-offload-reorder-bad.svg': File exists
cp: cannot create regular file '/dev/shm/linux/./Documentation/networking/tls-offload-reorder-good.svg': File exists
cp: cannot create regular file '/dev/shm/linux/./Documentation/networking/tls.rst': File exists
cp: cannot create regular file '/dev/shm/linux/./Documentation/networking/tuntap.rst': File exists
cp: cannot create regular file '/dev/shm/linux/./Documentation/networking/vrf.rst': File exists
cp: cannot create regular file '/dev/shm/linux/./Documentation/networking/x25-iface.rst': File exists
cp: cannot create regular file '/dev/shm/linux/./Documentation/networking/xdp-rx-metadata.rst': File exists
cp: cannot create regular file '/dev/shm/linux/./Documentation/networking/xfrm/index.rst': File exists
cp: cannot create regular file '/dev/shm/linux/./Documentation/networking/xfrm/xfrm_proc.rst': File exists
cp: cannot create regular file '/dev/shm/linux/./Documentation/networking/xfrm/xfrm_sysctl.rst': File exists
cp: cannot create directory '/dev/shm/linux/./Documentation/nvdimm': File exists
cp: cannot create regular file '/dev/shm/linux/./Documentation/nvme/index.rst': File exists
cp: cannot create directory '/dev/shm/linux/./Documentation/pcmcia': File exists
cp: cannot create regular file '/dev/shm/linux/./Documentation/power/drivers-testing.rst': File exists
cp: cannot create regular file '/dev/shm/linux/./Documentation/power/freezing-of-tasks.rst': File exists
cp: cannot create regular file '/dev/shm/linux/./Documentation/power/pci.rst': File exists
cp: cannot create regular file '/dev/shm/linux/./Documentation/power/power_supply_class.rst': File exists
cp: cannot create regular file '/dev/shm/linux/./Documentation/power/powercap/dtpm.rst': File exists
cp: cannot create directory '/dev/shm/linux/./Documentation/power/regulator': File exists
cp: cannot create regular file '/dev/shm/linux/./Documentation/power/swsusp.rst': File exists
cp: cannot create regular file '/dev/shm/linux/./Documentation/power/video.rst': File exists
cp: cannot create regular file '/dev/shm/linux/./Documentation/process/1.Intro.rst': File exists
cp: cannot create regular file '/dev/shm/linux/./Documentation/process/3.Early-stage.rst': File exists
cp: cannot create regular file '/dev/shm/linux/./Documentation/process/6.Followthrough.rst': File exists
cp: cannot create regular file '/dev/shm/linux/./Documentation/process/8.Conclusion.rst': File exists
cp: cannot create regular file '/dev/shm/linux/./Documentation/process/adding-syscalls.rst': File exists
cp: cannot create regular file '/dev/shm/linux/./Documentation/process/backporting.rst': File exists
cp: cannot create regular file '/dev/shm/linux/./Documentation/process/changes.rst': File exists
cp: cannot create regular file '/dev/shm/linux/./Documentation/process/code-of-conduct.rst': File exists
cp: cannot create regular file '/dev/shm/linux/./Documentation/process/coding-style.rst': File exists
cp: cannot create regular file '/dev/shm/linux/./Documentation/process/cve.rst': File exists
cp: cannot create regular file '/dev/shm/linux/./Documentation/process/debugging/driver_development_debugging_guide.rst': File exists
cp: cannot create regular file '/dev/shm/linux/./Documentation/process/debugging/kgdb.rst': File exists
cp: cannot create regular file '/dev/shm/linux/./Documentation/process/deprecated.rst': File exists
cp: cannot create regular file '/dev/shm/linux/./Documentation/process/email-clients.rst': File exists
cp: cannot create regular file '/dev/shm/linux/./Documentation/process/generated-content.rst': File exists
cp: cannot create regular file '/dev/shm/linux/./Documentation/process/howto.rst': File exists
cp: cannot create regular file '/dev/shm/linux/./Documentation/process/kernel-docs.rst': File exists
cp: cannot create regular file '/dev/shm/linux/./Documentation/process/kernel-enforcement-statement.rst': File exists
cp: cannot create regular file '/dev/shm/linux/./Documentation/process/maintainer-handbooks.rst': File exists
cp: cannot create regular file '/dev/shm/linux/./Documentation/process/maintainer-netdev.rst': File exists
cp: cannot create regular file '/dev/shm/linux/./Documentation/process/maintainer-soc-clean-dts.rst': File exists
cp: cannot create regular file '/dev/shm/linux/./Documentation/process/maintainer-soc.rst': File exists
cp: cannot create regular file '/dev/shm/linux/./Documentation/process/maintainers.rst': File exists
cp: cannot create regular file '/dev/shm/linux/./Documentation/process/programming-language.rst': File exists
cp: cannot create regular file '/dev/shm/linux/./Documentation/process/security-bugs.rst': File exists
cp: cannot create regular file '/dev/shm/linux/./Documentation/process/stable-kernel-rules.rst': File exists
cp: cannot create regular file '/dev/shm/linux/./Documentation/process/submitting-patches.rst': File exists
cp: cannot create regular file '/dev/shm/linux/./Documentation/process/volatile-considered-harmful.rst': File exists
cp: cannot create regular file '/dev/shm/linux/./Documentation/rust/arch-support.rst': File exists
cp: cannot create regular file '/dev/shm/linux/./Documentation/rust/general-information.rst': File exists
cp: cannot create regular file '/dev/shm/linux/./Documentation/rust/quick-start.rst': File exists
cp: cannot create directory '/dev/shm/linux/./Documentation/scheduler': File exists
cp: cannot create regular file '/dev/shm/linux/./Documentation/scsi/bfa.rst': File exists
cp: cannot create regular file '/dev/shm/linux/./Documentation/scsi/bnx2fc.rst': File exists
cp: cannot create regular file '/dev/shm/linux/./Documentation/scsi/cxgb3i.rst': File exists
cp: cannot create regular file '/dev/shm/linux/./Documentation/scsi/hptiop.rst': File exists
cp: cannot create regular file '/dev/shm/linux/./Documentation/scsi/libsas.rst': File exists
cp: cannot create regular file '/dev/shm/linux/./Documentation/scsi/lpfc.rst': File exists
cp: cannot create regular file '/dev/shm/linux/./Documentation/scsi/ncr53c8xx.rst': File exists
cp: cannot create regular file '/dev/shm/linux/./Documentation/scsi/qlogicfas.rst': File exists
cp: cannot create regular file '/dev/shm/linux/./Documentation/scsi/scsi-changer.rst': File exists
cp: cannot create regular file '/dev/shm/linux/./Documentation/scsi/scsi-parameters.rst': File exists
cp: cannot create regular file '/dev/shm/linux/./Documentation/scsi/scsi_eh.rst': File exists
cp: cannot create regular file '/dev/shm/linux/./Documentation/scsi/scsi_mid_low_api.rst': File exists
cp: cannot create regular file '/dev/shm/linux/./Documentation/scsi/scsi_transport_srp/figures.rst': File exists
cp: cannot create regular file '/dev/shm/linux/./Documentation/scsi/sd-parameters.rst': File exists
cp: cannot create regular file '/dev/shm/linux/./Documentation/scsi/st.rst': File exists
cp: cannot create regular file '/dev/shm/linux/./Documentation/scsi/sym53c8xx_2.rst': File exists
cp: cannot create regular file '/dev/shm/linux/./Documentation/scsi/ufs.rst': File exists
cp: cannot create directory '/dev/shm/linux/./Documentation/security': File exists
cp: cannot create regular file '/dev/shm/linux/./Documentation/sound/designs/powersave.rst': File exists
cp: cannot create regular file '/dev/shm/linux/./Documentation/sound/designs/seq-oss.rst': File exists
cp: cannot create regular file '/dev/shm/linux/./Documentation/sound/designs/tracepoints.rst': File exists
cp: cannot create regular file '/dev/shm/linux/./Documentation/sound/hd-audio/controls.rst': File exists
cp: cannot create regular file '/dev/shm/linux/./Documentation/sound/hd-audio/index.rst': File exists
cp: cannot create regular file '/dev/shm/linux/./Documentation/sound/hd-audio/models.rst': File exists
cp: cannot create regular file '/dev/shm/linux/./Documentation/sound/hd-audio/realtek-pc-beep.rst': File exists
cp: cannot create directory '/dev/shm/linux/./Documentation/sound/kernel-api': File exists
cp: cannot create regular file '/dev/shm/linux/./Documentation/sound/soc/dapm-graph.svg': File exists
cp: cannot create regular file '/dev/shm/linux/./Documentation/sound/soc/dpcm.rst': File exists
cp: cannot create regular file '/dev/shm/linux/./Documentation/sound/soc/jack.rst': File exists
cp: cannot create regular file '/dev/shm/linux/./Documentation/sound/soc/overview.rst': File exists
cp: cannot create regular file '/dev/shm/linux/./Documentation/sound/soc/pops-clicks.rst': File exists
cp: cannot create regular file '/dev/shm/linux/./Documentation/sound/utimers.rst': File exists
cp: cannot create regular file '/dev/shm/linux/./Documentation/sphinx-includes/subproject-index.rst': File exists
cp: cannot create regular file '/dev/shm/linux/./Documentation/sphinx-static/custom.css': File exists
cp: cannot create regular file '/dev/shm/linux/./Documentation/sphinx-static/theme_rtd_colors.css': File exists
cp: cannot create regular file '/dev/shm/linux/./Documentation/sphinx/automarkup.py': File exists
cp: cannot create regular file '/dev/shm/linux/./Documentation/sphinx/kernel_feat.py': File exists
cp: cannot create regular file '/dev/shm/linux/./Documentation/sphinx/kerneldoc-preamble.sty': File exists
cp: cannot create regular file '/dev/shm/linux/./Documentation/sphinx/kfigure.py': File exists
cp: cannot create regular file '/dev/shm/linux/./Documentation/sphinx/min_requirements.txt': File exists
cp: cannot create regular file '/dev/shm/linux/./Documentation/sphinx/requirements.txt': File exists
cp: cannot create directory '/dev/shm/linux/./Documentation/sphinx/templates': File exists
cp: cannot create regular file '/dev/shm/linux/./Documentation/spi/index.rst': File exists
cp: cannot create regular file '/dev/shm/linux/./Documentation/spi/spi-lm70llp.rst': File exists
cp: cannot create regular file '/dev/shm/linux/./Documentation/spi/spi-summary.rst': File exists
cp: cannot create directory '/dev/shm/linux/./Documentation/staging': File exists
cp: cannot create directory '/dev/shm/linux/./Documentation/tee': File exists
cp: cannot create directory '/dev/shm/linux/./Documentation/tools': File exists
cp: cannot create regular file '/dev/shm/linux/./Documentation/trace/postprocess/trace-vmscan-postprocess.pl': File exists
cp: cannot create regular file '/dev/shm/linux/./Documentation/trace/ring-buffer-map.rst': File exists
cp: cannot create regular file '/dev/shm/linux/./Documentation/trace/rv/da_monitor_instrumentation.rst': File exists
cp: cannot create regular file '/dev/shm/linux/./Documentation/trace/rv/hybrid_automata.rst': File exists
cp: cannot create regular file '/dev/shm/linux/./Documentation/trace/rv/linear_temporal_logic.rst': File exists
cp: cannot create regular file '/dev/shm/linux/./Documentation/trace/rv/monitor_rtapp.rst': File exists
cp: cannot create regular file '/dev/shm/linux/./Documentation/trace/rv/monitor_stall.rst': File exists
cp: cannot create regular file '/dev/shm/linux/./Documentation/trace/rv/monitor_wip.rst': File exists
cp: cannot create regular file '/dev/shm/linux/./Documentation/trace/stm.rst': File exists
cp: cannot create regular file '/dev/shm/linux/./Documentation/trace/tracepoint-analysis.rst': File exists
cp: cannot create regular file '/dev/shm/linux/./Documentation/trace/uprobetracer.rst': File exists
cp: cannot create directory '/dev/shm/linux/./Documentation/translations': File exists
cp: cannot create regular file '/dev/shm/linux/./LICENSES/preferred/BSD-2-Clause': File exists
cp: cannot create regular file '/dev/shm/linux/./LICENSES/preferred/BSD-3-Clause': File exists
cp: cannot create regular file '/dev/shm/linux/./LICENSES/preferred/LGPL-2.0': File exists
cp: cannot create regular file '/dev/shm/linux/./LICENSES/preferred/MIT': File exists
cp: cannot create directory '/dev/shm/linux/./arch': File exists
cp: cannot create regular file '/dev/shm/linux/./drivers/iommu/riscv/iommu.h': File exists
cp: cannot create regular file '/dev/shm/linux/./drivers/iommu/rockchip-iommu.c': File exists
cp: cannot create regular file '/dev/shm/linux/./drivers/iommu/s390-iommu.c': File exists
cp: cannot create regular file '/dev/shm/linux/./drivers/iommu/sun50i-iommu.c': File exists
cp: cannot create regular file '/dev/shm/linux/./drivers/iommu/virtio-iommu.c': File exists
cp: cannot create regular file '/dev/shm/linux/./drivers/ipack/Kconfig': File exists
cp: cannot create directory '/dev/shm/linux/./drivers/ipack/carriers': File exists
cp: cannot create regular file '/dev/shm/linux/./drivers/ipack/ipack.c': File exists
cp: cannot create regular file '/dev/shm/linux/./drivers/irqchip/Makefile': File exists
cp: cannot create regular file '/dev/shm/linux/./drivers/irqchip/exynos-combiner.c': File exists
cp: cannot create regular file '/dev/shm/linux/./drivers/irqchip/irq-al-fic.c': File exists
cp: cannot create regular file '/dev/shm/linux/./drivers/irqchip/irq-apple-aic.c': File exists
cp: cannot create regular file '/dev/shm/linux/./drivers/irqchip/irq-aspeed-i2c-ic.c': File exists
cp: cannot create regular file '/dev/shm/linux/./drivers/irqchip/irq-aspeed-vic.c': File exists
cp: cannot create regular file '/dev/shm/linux/./drivers/irqchip/irq-ath79-misc.c': File exists
cp: cannot create regular file '/dev/shm/linux/./drivers/irqchip/irq-atmel-aic-common.h': File exists
cp: cannot create regular file '/dev/shm/linux/./drivers/irqchip/irq-atmel-aic5.c': File exists
cp: cannot create regular file '/dev/shm/linux/./drivers/irqchip/irq-bcm2835.c': File exists
cp: cannot create regular file '/dev/shm/linux/./drivers/irqchip/irq-bcm7120-l2.c': File exists
cp: cannot create regular file '/dev/shm/linux/./drivers/irqchip/irq-brcmstb-l2.c': File exists
cp: cannot create regular file '/dev/shm/linux/./drivers/irqchip/irq-clps711x.c': File exists
cp: cannot create regular file '/dev/shm/linux/./drivers/irqchip/irq-crossbar.c': File exists
cp: cannot create regular file '/dev/shm/linux/./drivers/irqchip/irq-csky-apb-intc.c': File exists
cp: cannot create regular file '/dev/shm/linux/./drivers/irqchip/irq-csky-mpintc.c': File exists
cp: cannot create regular file '/dev/shm/linux/./drivers/irqchip/irq-davinci-cp-intc.c': File exists
cp: cannot create regular file '/dev/shm/linux/./drivers/irqchip/irq-digicolor.c': File exists
cp: cannot create regular file '/dev/shm/linux/./drivers/irqchip/irq-econet-en751221.c': File exists
cp: cannot create regular file '/dev/shm/linux/./drivers/irqchip/irq-gic-its-msi-parent.c': File exists
cp: cannot create regular file '/dev/shm/linux/./drivers/irqchip/irq-gic-realview.c': File exists
cp: cannot create regular file '/dev/shm/linux/./drivers/irqchip/irq-gic-v3-its-fsl-mc-msi.c': File exists
cp: cannot create regular file '/dev/shm/linux/./drivers/irqchip/irq-gic-v3-mbi.c': File exists
cp: cannot create regular file '/dev/shm/linux/./drivers/irqchip/irq-gic-v3.c': File exists
cp: cannot create regular file '/dev/shm/linux/./drivers/irqchip/irq-gic-v5-irs.c': File exists
cp: cannot create regular file '/dev/shm/linux/./drivers/irqchip/irq-gic-v5-iwb.c': File exists
cp: cannot create regular file '/dev/shm/linux/./drivers/irqchip/irq-gic.c': File exists
cp: cannot create regular file '/dev/shm/linux/./drivers/irqchip/irq-hip04.c': File exists
cp: cannot create regular file '/dev/shm/linux/./drivers/irqchip/irq-i8259.c': File exists
cp: cannot create regular file '/dev/shm/linux/./drivers/irqchip/irq-imgpdc.c': File exists
cp: cannot create regular file '/dev/shm/linux/./drivers/irqchip/irq-imx-gpcv2.c': File exists
cp: cannot create regular file '/dev/shm/linux/./drivers/irqchip/irq-imx-irqsteer.c': File exists
cp: cannot create regular file '/dev/shm/linux/./drivers/irqchip/irq-ingenic-tcu.c': File exists
cp: cannot create regular file '/dev/shm/linux/./drivers/irqchip/irq-ingenic.c': File exists
cp: cannot create regular file '/dev/shm/linux/./drivers/irqchip/irq-jcore-aic.c': File exists
cp: cannot create regular file '/dev/shm/linux/./drivers/irqchip/irq-keystone.c': File exists
cp: cannot create regular file '/dev/shm/linux/./drivers/irqchip/irq-loongarch-avec.c': File exists
cp: cannot create regular file '/dev/shm/linux/./drivers/irqchip/irq-loongson-eiointc.c': File exists
cp: cannot create regular file '/dev/shm/linux/./drivers/irqchip/irq-loongson-htvec.c': File exists
cp: cannot create regular file '/dev/shm/linux/./drivers/irqchip/irq-loongson-pch-lpc.c': File exists
cp: cannot create regular file '/dev/shm/linux/./drivers/irqchip/irq-loongson.h': File exists
cp: cannot create regular file '/dev/shm/linux/./drivers/irqchip/irq-ls-extirq.c': File exists
cp: cannot create regular file '/dev/shm/linux/./drivers/irqchip/irq-ls1x.c': File exists
cp: cannot create regular file '/dev/shm/linux/./drivers/irqchip/irq-mbigen.c': File exists
cp: cannot create regular file '/dev/shm/linux/./drivers/irqchip/irq-mips-cpu.c': File exists
cp: cannot create regular file '/dev/shm/linux/./drivers/irqchip/irq-mmp.c': File exists
cp: cannot create regular file '/dev/shm/linux/./drivers/irqchip/irq-mscc-ocelot.c': File exists
cp: cannot create regular file '/dev/shm/linux/./drivers/irqchip/irq-mvebu-icu.c': File exists
cp: cannot create regular file '/dev/shm/linux/./drivers/irqchip/irq-mvebu-pic.c': File exists
cp: cannot create regular file '/dev/shm/linux/./drivers/irqchip/irq-mxs.c': File exists
cp: cannot create regular file '/dev/shm/linux/./drivers/irqchip/irq-ompic.c': File exists
cp: cannot create regular file '/dev/shm/linux/./drivers/irqchip/irq-orion.c': File exists
cp: cannot create regular file '/dev/shm/linux/./drivers/irqchip/irq-pic32-evic.c': File exists
cp: cannot create regular file '/dev/shm/linux/./drivers/irqchip/irq-qcom-mpm.c': File exists
cp: cannot create regular file '/dev/shm/linux/./drivers/irqchip/irq-renesas-intc-irqpin.c': File exists
cp: cannot create regular file '/dev/shm/linux/./drivers/irqchip/irq-renesas-rza1.c': File exists
cp: cannot create regular file '/dev/shm/linux/./drivers/irqchip/irq-renesas-rzt2h.c': File exists
cp: cannot create regular file '/dev/shm/linux/./drivers/irqchip/irq-riscv-aplic-direct.c': File exists
cp: cannot create regular file '/dev/shm/linux/./drivers/irqchip/irq-riscv-aplic-main.h': File exists
cp: cannot create regular file '/dev/shm/linux/./drivers/irqchip/irq-riscv-aplic-msi.c': File exists
cp: cannot create regular file '/dev/shm/linux/./drivers/irqchip/irq-riscv-imsic-platform.c': File exists
cp: cannot create regular file '/dev/shm/linux/./drivers/irqchip/irq-riscv-imsic-state.h': File exists
cp: cannot create regular file '/dev/shm/linux/./drivers/irqchip/irq-riscv-intc.c': File exists
cp: cannot create regular file '/dev/shm/linux/./drivers/irqchip/irq-sg2042-msi.c': File exists
cp: cannot create regular file '/dev/shm/linux/./drivers/irqchip/irq-sl28cpld.c': File exists
cp: cannot create regular file '/dev/shm/linux/./drivers/irqchip/irq-sp7021-intc.c': File exists
cp: cannot create regular file '/dev/shm/linux/./drivers/irqchip/irq-starfive-jh8100-intc.c': File exists
cp: cannot create regular file '/dev/shm/linux/./drivers/irqchip/irq-stm32mp-exti.c': File exists
cp: cannot create regular file '/dev/shm/linux/./drivers/irqchip/irq-sun6i-r.c': File exists
cp: cannot create regular file '/dev/shm/linux/./drivers/irqchip/irq-tb10x.c': File exists
cp: cannot create regular file '/dev/shm/linux/./drivers/irqchip/irq-ti-sci-inta.c': File exists
cp: cannot create regular file '/dev/shm/linux/./drivers/irqchip/irq-uniphier-aidet.c': File exists
cp: cannot create regular file '/dev/shm/linux/./drivers/irqchip/irq-vf610-mscm-ir.c': File exists
cp: cannot create regular file '/dev/shm/linux/./drivers/irqchip/irq-vt8500.c': File exists
cp: cannot create regular file '/dev/shm/linux/./drivers/irqchip/irq-xilinx-intc.c': File exists
cp: cannot create regular file '/dev/shm/linux/./drivers/irqchip/irq-xtensa-mx.c': File exists
cp: cannot create regular file '/dev/shm/linux/./drivers/irqchip/irq-zevio.c': File exists
cp: cannot create regular file '/dev/shm/linux/./drivers/irqchip/qcom-irq-combiner.c': File exists
cp: cannot create regular file '/dev/shm/linux/./drivers/irqchip/spear-shirq.c': File exists
cp: cannot create regular file '/dev/shm/linux/./drivers/leds/.kunitconfig': File exists
cp: cannot create regular file '/dev/shm/linux/./drivers/leds/Makefile': File exists
cp: cannot create directory '/dev/shm/linux/./drivers/leds/blink': File exists
cp: cannot create regular file '/dev/shm/linux/./drivers/leds/flash/leds-ktd2692.c': File exists
cp: cannot create regular file '/dev/shm/linux/./drivers/leds/flash/leds-max77693.c': File exists
cp: cannot create regular file '/dev/shm/linux/./drivers/leds/flash/leds-mt6370-flash.c': File exists
cp: cannot create regular file '/dev/shm/linux/./drivers/leds/flash/leds-rt4505.c': File exists
cp: cannot create regular file '/dev/shm/linux/./drivers/leds/flash/leds-sgm3140.c': File exists
cp: cannot create regular file '/dev/shm/linux/./drivers/leds/flash/leds-tps6131x.c': File exists
cp: cannot create regular file '/dev/shm/linux/./drivers/leds/led-class-multicolor.c': File exists
cp: cannot create regular file '/dev/shm/linux/./drivers/leds/led-core.c': File exists
cp: cannot create regular file '/dev/shm/linux/./drivers/leds/leds-88pm860x.c': File exists
cp: cannot create regular file '/dev/shm/linux/./drivers/leds/leds-adp5520.c': File exists
cp: cannot create regular file '/dev/shm/linux/./drivers/leds/leds-apu.c': File exists
cp: cannot create regular file '/dev/shm/linux/./drivers/leds/leds-aw200xx.c': File exists
cp: cannot create regular file '/dev/shm/linux/./drivers/leds/leds-bcm6328.c': File exists
cp: cannot create regular file '/dev/shm/linux/./drivers/leds/leds-bd2606mvv.c': File exists
cp: cannot create regular file '/dev/shm/linux/./drivers/leds/leds-blinkm.c': File exists
cp: cannot create regular file '/dev/shm/linux/./drivers/leds/leds-clevo-mail.c': File exists
cp: cannot create regular file '/dev/shm/linux/./drivers/leds/leds-cobalt-raq.c': File exists
cp: cannot create regular file '/dev/shm/linux/./drivers/leds/leds-cr0014114.c': File exists
cp: cannot create regular file '/dev/shm/linux/./drivers/leds/leds-da903x.c': File exists
cp: cannot create regular file '/dev/shm/linux/./drivers/leds/leds-da9052.c': File exists
cp: cannot create regular file '/dev/shm/linux/./drivers/leds/leds-el15203000.c': File exists
cp: cannot create regular file '/dev/shm/linux/./drivers/leds/leds-gpio-register.c': File exists
cp: cannot create regular file '/dev/shm/linux/./drivers/leds/leds-gpio.c': File exists
cp: cannot create regular file '/dev/shm/linux/./drivers/leds/leds-ip30.c': File exists
cp: cannot create regular file '/dev/shm/linux/./drivers/leds/leds-is31fl319x.c': File exists
cp: cannot create regular file '/dev/shm/linux/./drivers/leds/leds-lm3530.c': File exists
cp: cannot create regular file '/dev/shm/linux/./drivers/leds/leds-lm3533.c': File exists
cp: cannot create regular file '/dev/shm/linux/./drivers/leds/leds-lm36274.c': File exists
cp: cannot create regular file '/dev/shm/linux/./drivers/leds/leds-lm3692x.c': File exists
cp: cannot create regular file '/dev/shm/linux/./drivers/leds/leds-locomo.c': File exists
cp: cannot create regular file '/dev/shm/linux/./drivers/leds/leds-lp3952.c': File exists
cp: cannot create regular file '/dev/shm/linux/./drivers/leds/leds-lp5521.c': File exists
cp: cannot create regular file '/dev/shm/linux/./drivers/leds/leds-lp5569.c': File exists
cp: cannot create regular file '/dev/shm/linux/./drivers/leds/leds-lp55xx-common.h': File exists
cp: cannot create regular file '/dev/shm/linux/./drivers/leds/leds-lp8788.c': File exists
cp: cannot create regular file '/dev/shm/linux/./drivers/leds/leds-lp8864.c': File exists
cp: cannot create regular file '/dev/shm/linux/./drivers/leds/leds-max5970.c': File exists
cp: cannot create regular file '/dev/shm/linux/./drivers/leds/leds-max77705.c': File exists
cp: cannot create regular file '/dev/shm/linux/./drivers/leds/leds-mc13783.c': File exists
cp: cannot create regular file '/dev/shm/linux/./drivers/leds/leds-mlxcpld.c': File exists
cp: cannot create regular file '/dev/shm/linux/./drivers/leds/leds-mt6323.c': File exists
cp: cannot create regular file '/dev/shm/linux/./drivers/leds/leds-netxbig.c': File exists
cp: cannot create regular file '/dev/shm/linux/./drivers/leds/leds-ns2.c': File exists
cp: cannot create regular file '/dev/shm/linux/./drivers/leds/leds-pca9532.c': File exists
cp: cannot create regular file '/dev/shm/linux/./drivers/leds/leds-pca963x.c': File exists
cp: cannot create regular file '/dev/shm/linux/./drivers/leds/leds-pm8058.c': File exists
cp: cannot create regular file '/dev/shm/linux/./drivers/leds/leds-pwm.c': File exists
cp: cannot create regular file '/dev/shm/linux/./drivers/leds/leds-rb532.c': File exists
cp: cannot create regular file '/dev/shm/linux/./drivers/leds/leds-spi-byte.c': File exists
cp: cannot create regular file '/dev/shm/linux/./drivers/leds/leds-st1202.c': File exists
cp: cannot create regular file '/dev/shm/linux/./drivers/leds/leds-sunfire.c': File exists
cp: cannot create regular file '/dev/shm/linux/./drivers/leds/leds-tca6507.c': File exists
cp: cannot create regular file '/dev/shm/linux/./drivers/leds/leds-tlc591xx.c': File exists
cp: cannot create regular file '/dev/shm/linux/./drivers/leds/leds-turris-omnia.c': File exists
cp: cannot create regular file '/dev/shm/linux/./drivers/leds/leds-wm831x-status.c': File exists
cp: cannot create regular file '/dev/shm/linux/./drivers/leds/leds-wrap.c': File exists
cp: cannot create regular file '/dev/shm/linux/./drivers/leds/leds.h': File exists
cp: cannot create regular file '/dev/shm/linux/./drivers/leds/rgb/Kconfig': File exists
cp: cannot create regular file '/dev/shm/linux/./drivers/leds/rgb/leds-group-multicolor.c': File exists
cp: cannot create regular file '/dev/shm/linux/./drivers/leds/rgb/leds-lp5812.c': File exists
cp: cannot create regular file '/dev/shm/linux/./drivers/leds/rgb/leds-mt6370-rgb.c': File exists
cp: cannot create regular file '/dev/shm/linux/./drivers/leds/rgb/leds-pwm-multicolor.c': File exists
cp: cannot create directory '/dev/shm/linux/./drivers/leds/simatic': File exists
cp: cannot create regular file '/dev/shm/linux/./drivers/leds/trigger/ledtrig-heartbeat.c': File exists
cp: cannot create regular file '/dev/shm/linux/./drivers/leds/trigger/ledtrig-mtd.c': File exists
cp: cannot create regular file '/dev/shm/linux/./drivers/leds/trigger/ledtrig-oneshot.c': File exists
cp: cannot create regular file '/dev/shm/linux/./drivers/leds/trigger/ledtrig-pattern.c': File exists
cp: cannot create regular file '/dev/shm/linux/./drivers/leds/trigger/ledtrig-tty.c': File exists
cp: cannot create directory '/dev/shm/linux/./drivers/macintosh': File exists
cp: cannot create regular file '/dev/shm/linux/./drivers/mcb/mcb-pci.c': File exists
cp: cannot create regular file '/dev/shm/linux/./drivers/md/Kconfig': File exists
cp: cannot create directory '/dev/shm/linux/./drivers/md/bcache': File exists
cp: cannot create regular file '/dev/shm/linux/./drivers/md/dm-ima.h': File exists
cp: cannot create regular file '/dev/shm/linux/./drivers/md/dm-integrity.c': File exists
cp: cannot create regular file '/dev/shm/linux/./drivers/md/dm-io.c': File exists
cp: cannot create regular file '/dev/shm/linux/./drivers/md/dm-kcopyd.c': File exists
cp: cannot create regular file '/dev/shm/linux/./drivers/md/dm-log-userspace-base.c': File exists
cp: cannot create regular file '/dev/shm/linux/./drivers/md/dm-log-userspace-transfer.h': File exists
cp: cannot create regular file '/dev/shm/linux/./drivers/md/dm-log.c': File exists
cp: cannot create regular file '/dev/shm/linux/./drivers/md/dm-mpath.h': File exists
cp: cannot create regular file '/dev/shm/linux/./drivers/md/dm-path-selector.h': File exists
cp: cannot create regular file '/dev/shm/linux/./drivers/md/dm-pcache/Kconfig': File exists
cp: cannot create regular file '/dev/shm/linux/./drivers/md/dm-pcache/backing_dev.h': File exists
cp: cannot create regular file '/dev/shm/linux/./drivers/md/dm-pcache/cache.h': File exists
cp: cannot create regular file '/dev/shm/linux/./drivers/md/dm-pcache/cache_dev.h': File exists
cp: cannot create regular file '/dev/shm/linux/./drivers/md/dm-pcache/cache_req.c': File exists
cp: cannot create regular file '/dev/shm/linux/./drivers/md/dm-pcache/cache_segment.c': File exists
cp: cannot create regular file '/dev/shm/linux/./drivers/md/dm-ps-historical-service-time.c': File exists
cp: cannot create regular file '/dev/shm/linux/./drivers/md/dm-ps-queue-length.c': File exists
cp: cannot create regular file '/dev/shm/linux/./drivers/md/dm-ps-round-robin.c': File exists
cp: cannot create regular file '/dev/shm/linux/./drivers/md/dm-ps-service-time.c': File exists
cp: cannot create regular file '/dev/shm/linux/./drivers/md/dm-raid.c': File exists
cp: cannot create regular file '/dev/shm/linux/./drivers/md/dm-region-hash.c': File exists
cp: cannot create regular file '/dev/shm/linux/./drivers/md/dm-snap-persistent.c': File exists
cp: cannot create regular file '/dev/shm/linux/./drivers/md/dm-snap.c': File exists
cp: cannot create regular file '/dev/shm/linux/./drivers/md/dm-sysfs.c': File exists
cp: cannot create regular file '/dev/shm/linux/./drivers/md/dm-table.c': File exists
cp: cannot create regular file '/dev/shm/linux/./drivers/md/dm-target.c': File exists
cp: cannot create regular file '/dev/shm/linux/./drivers/md/dm-thin-metadata.h': File exists
cp: cannot create regular file '/dev/shm/linux/./drivers/md/dm-uevent.c': File exists
cp: cannot create regular file '/dev/shm/linux/./drivers/md/dm-unstripe.c': File exists
cp: cannot create regular file '/dev/shm/linux/./drivers/md/dm-verity-fec.c': File exists
cp: cannot create regular file '/dev/shm/linux/./drivers/md/dm-verity-fec.h': File exists
cp: cannot create regular file '/dev/shm/linux/./drivers/md/dm-verity-loadpin.c': File exists
cp: cannot create regular file '/dev/shm/linux/./drivers/md/dm-verity-target.c': File exists
cp: cannot create regular file '/dev/shm/linux/./drivers/md/dm-verity-verify-sig.c': File exists
cp: cannot create regular file '/dev/shm/linux/./drivers/md/dm-verity-verify-sig.h': File exists
cp: cannot create regular file '/dev/shm/linux/./drivers/md/dm-verity.h': File exists
cp: cannot create regular file '/dev/shm/linux/./drivers/md/dm-writecache.c': File exists
cp: cannot create regular file '/dev/shm/linux/./drivers/md/dm-zero.c': File exists
cp: cannot create regular file '/dev/shm/linux/./drivers/md/dm-zone.c': File exists
cp: cannot create regular file '/dev/shm/linux/./drivers/md/dm-zoned-metadata.c': File exists
cp: cannot create regular file '/dev/shm/linux/./drivers/md/dm-zoned-reclaim.c': File exists
cp: cannot create regular file '/dev/shm/linux/./drivers/md/dm-zoned-target.c': File exists
cp: cannot create regular file '/dev/shm/linux/./drivers/md/dm-zoned.h': File exists
cp: cannot create regular file '/dev/shm/linux/./drivers/md/dm.c': File exists
cp: cannot create regular file '/dev/shm/linux/./drivers/md/dm.h': File exists
cp: cannot create regular file '/dev/shm/linux/./drivers/md/md-autodetect.c': File exists
cp: cannot create regular file '/dev/shm/linux/./drivers/md/md-bitmap.c': File exists
cp: cannot create regular file '/dev/shm/linux/./drivers/md/md-bitmap.h': File exists
cp: cannot create regular file '/dev/shm/linux/./drivers/md/md-cluster.c': File exists
cp: cannot create regular file '/dev/shm/linux/./drivers/md/md-cluster.h': File exists
cp: cannot create regular file '/dev/shm/linux/./drivers/md/md-linear.c': File exists
cp: cannot create regular file '/dev/shm/linux/./drivers/md/md-llbitmap.c': File exists
cp: cannot create regular file '/dev/shm/linux/./drivers/md/md.c': File exists
cp: cannot create regular file '/dev/shm/linux/./drivers/md/md.h': File exists
cp: cannot create directory '/dev/shm/linux/./drivers/md/persistent-data': File exists
cp: cannot create regular file '/dev/shm/linux/./drivers/md/raid0.c': File exists
cp: cannot create regular file '/dev/shm/linux/./drivers/md/raid0.h': File exists
cp: cannot create regular file '/dev/shm/linux/./drivers/md/raid1-10.c': File exists
cp: cannot create regular file '/dev/shm/linux/./drivers/md/raid1.c': File exists
cp: cannot create regular file '/dev/shm/linux/./drivers/md/raid1.h': File exists
cp: cannot create regular file '/dev/shm/linux/./drivers/md/raid10.c': File exists
cp: cannot create regular file '/dev/shm/linux/./drivers/md/raid10.h': File exists
cp: cannot create regular file '/dev/shm/linux/./drivers/md/raid5-cache.c': File exists
cp: cannot create regular file '/dev/shm/linux/./drivers/md/raid5-log.h': File exists
cp: cannot create regular file '/dev/shm/linux/./drivers/md/raid5-ppl.c': File exists
cp: cannot create regular file '/dev/shm/linux/./drivers/md/raid5.c': File exists
cp: cannot create regular file '/dev/shm/linux/./drivers/md/raid5.h': File exists
cp: cannot create directory '/dev/shm/linux/./drivers/media': File exists
cp: cannot create regular file '/dev/shm/linux/./drivers/net/ethernet/intel/idpf/idpf_singleq_txrx.c': File exists
cp: cannot create regular file '/dev/shm/linux/./drivers/net/ethernet/intel/idpf/idpf_txrx.c': File exists
cp: cannot create regular file '/dev/shm/linux/./drivers/net/ethernet/intel/idpf/idpf_vf_dev.c': File exists
cp: cannot create regular file '/dev/shm/linux/./drivers/net/ethernet/intel/idpf/idpf_virtchnl.h': File exists
cp: cannot create regular file '/dev/shm/linux/./drivers/net/ethernet/intel/idpf/virtchnl2.h': File exists
cp: cannot create regular file '/dev/shm/linux/./drivers/net/ethernet/intel/idpf/xdp.c': File exists
cp: cannot create directory '/dev/shm/linux/./drivers/net/ethernet/intel/igb': File exists
cp: cannot create regular file '/dev/shm/linux/./drivers/net/ethernet/intel/igc/igc_mac.h': File exists
cp: cannot create regular file '/dev/shm/linux/./drivers/net/ethernet/intel/igc/igc_nvm.c': File exists
cp: cannot create regular file '/dev/shm/linux/./drivers/net/ethernet/intel/igc/igc_phy.h': File exists
cp: cannot create regular file '/dev/shm/linux/./drivers/net/ethernet/intel/igc/igc_tsn.c': File exists
cp: cannot create regular file '/dev/shm/linux/./drivers/net/ethernet/intel/igc/igc_xdp.c': File exists
cp: cannot create directory '/dev/shm/linux/./drivers/net/ethernet/intel/ixgbe': File exists
cp: cannot create regular file '/dev/shm/linux/./drivers/net/ethernet/marvell/mvpp2/mvpp2_prs.h': File exists
cp: cannot create directory '/dev/shm/linux/./drivers/net/ethernet/marvell/octeon_ep': File exists
cp: cannot create regular file '/dev/shm/linux/./drivers/net/ethernet/marvell/octeontx2/af/cgx_fw_if.h': File exists
cp: cannot create regular file '/dev/shm/linux/./drivers/net/ethernet/marvell/octeontx2/af/cn20k/debugfs.c': File exists
cp: cannot create regular file '/dev/shm/linux/./drivers/net/ethernet/marvell/octeontx2/af/cn20k/mbox_init.c': File exists
cp: cannot create regular file '/dev/shm/linux/./drivers/net/ethernet/marvell/octeontx2/af/cn20k/npc.c': File exists
cp: cannot create regular file '/dev/shm/linux/./drivers/net/ethernet/marvell/octeontx2/af/cn20k/reg.h': File exists
cp: cannot create regular file '/dev/shm/linux/./drivers/net/ethernet/marvell/octeontx2/af/common.h': File exists
cp: cannot create regular file '/dev/shm/linux/./drivers/net/ethernet/marvell/octeontx2/af/mbox.c': File exists
cp: cannot create regular file '/dev/shm/linux/./drivers/net/ethernet/marvell/octeontx2/af/mbox.h': File exists
cp: cannot create regular file '/dev/shm/linux/./drivers/net/ethernet/marvell/octeontx2/af/mcs.h': File exists
cp: cannot create regular file '/dev/shm/linux/./drivers/net/ethernet/marvell/octeontx2/af/mcs_reg.h': File exists
cp: cannot create regular file '/dev/shm/linux/./drivers/net/ethernet/marvell/octeontx2/af/npc.h': File exists
cp: cannot create regular file '/dev/shm/linux/./drivers/net/ethernet/marvell/octeontx2/af/ptp.c': File exists
cp: cannot create regular file '/dev/shm/linux/./drivers/net/ethernet/marvell/octeontx2/af/rpm.c': File exists
cp: cannot create regular file '/dev/shm/linux/./drivers/net/ethernet/marvell/octeontx2/af/rvu.c': File exists
cp: cannot create regular file '/dev/shm/linux/./drivers/net/ethernet/marvell/octeontx2/af/rvu_cgx.c': File exists
cp: cannot create regular file '/dev/shm/linux/./drivers/net/ethernet/marvell/octeontx2/af/rvu_cpt.c': File exists
cp: cannot create regular file '/dev/shm/linux/./drivers/net/ethernet/marvell/octeontx2/af/rvu_devlink.c': File exists
cp: cannot create regular file '/dev/shm/linux/./drivers/net/ethernet/marvell/octeontx2/af/rvu_nix.c': File exists
cp: cannot create regular file '/dev/shm/linux/./drivers/net/ethernet/marvell/octeontx2/af/rvu_npc.c': File exists
cp: cannot create regular file '/dev/shm/linux/./drivers/net/ethernet/marvell/octeontx2/af/rvu_npc_fs.c': File exists
cp: cannot create regular file '/dev/shm/linux/./drivers/net/ethernet/marvell/octeontx2/af/rvu_npc_hash.c': File exists
cp: cannot create regular file '/dev/shm/linux/./drivers/net/ethernet/marvell/octeontx2/af/rvu_reg.c': File exists
cp: cannot create regular file '/dev/shm/linux/./drivers/net/ethernet/marvell/octeontx2/af/rvu_rep.c': File exists
cp: cannot create regular file '/dev/shm/linux/./drivers/net/ethernet/marvell/octeontx2/af/rvu_struct.h': File exists
cp: cannot create regular file '/dev/shm/linux/./drivers/net/ethernet/marvell/octeontx2/af/rvu_trace.c': File exists
cp: cannot create directory '/dev/shm/linux/./drivers/net/ethernet/marvell/octeontx2/nic': File exists
cp: cannot create regular file '/dev/shm/linux/./drivers/net/ethernet/marvell/skge.h': File exists
cp: cannot create regular file '/dev/shm/linux/./drivers/net/ethernet/marvell/sky2.h': File exists
cp: cannot create regular file '/dev/shm/linux/./drivers/net/ethernet/mediatek/Kconfig': File exists
cp: cannot create regular file '/dev/shm/linux/./drivers/net/ethernet/mediatek/mtk_eth_path.c': File exists
cp: cannot create regular file '/dev/shm/linux/./drivers/net/ethernet/mediatek/mtk_eth_soc.h': File exists
cp: cannot create regular file '/dev/shm/linux/./drivers/net/ethernet/mediatek/mtk_ppe.h': File exists
cp: cannot create regular file '/dev/shm/linux/./drivers/net/ethernet/mediatek/mtk_ppe_offload.c': File exists
cp: cannot create regular file '/dev/shm/linux/./drivers/net/ethernet/mediatek/mtk_wed.c': File exists
cp: cannot create regular file '/dev/shm/linux/./drivers/net/ethernet/mediatek/mtk_wed_debugfs.c': File exists
cp: cannot create regular file '/dev/shm/linux/./drivers/net/ethernet/mediatek/mtk_wed_ops.c': File exists
cp: cannot create regular file '/dev/shm/linux/./drivers/net/ethernet/mediatek/mtk_wed_regs.h': File exists
cp: cannot create regular file '/dev/shm/linux/./drivers/net/ethernet/mediatek/mtk_wed_wo.c': File exists
cp: cannot create directory '/dev/shm/linux/./drivers/net/ethernet/mellanox': File exists
cp: cannot create regular file '/dev/shm/linux/./drivers/net/ethernet/renesas/rswitch_main.c': File exists
cp: cannot create regular file '/dev/shm/linux/./drivers/net/ethernet/renesas/rtsn.h': File exists
cp: cannot create regular file '/dev/shm/linux/./drivers/net/ethernet/renesas/sh_eth.h': File exists
cp: cannot create regular file '/dev/shm/linux/./drivers/net/ethernet/rocker/Makefile': File exists
cp: cannot create regular file '/dev/shm/linux/./drivers/net/ethernet/rocker/rocker_hw.h': File exists
cp: cannot create regular file '/dev/shm/linux/./drivers/net/ethernet/rocker/rocker_ofdpa.c': File exists
cp: cannot create regular file '/dev/shm/linux/./drivers/net/ethernet/rocker/rocker_tlv.h': File exists
cp: cannot create regular file '/dev/shm/linux/./drivers/net/ethernet/samsung/Kconfig': File exists
cp: cannot create directory '/dev/shm/linux/./drivers/net/ethernet/seeq': File exists
cp: cannot create directory '/dev/shm/linux/./drivers/net/ethernet/sfc': File exists
cp: cannot create regular file '/dev/shm/linux/./drivers/net/ethernet/sunplus/spl2sw_register.h': File exists
cp: cannot create regular file '/dev/shm/linux/./drivers/net/ethernet/synopsys/Makefile': File exists
cp: cannot create regular file '/dev/shm/linux/./drivers/net/ethernet/synopsys/dwc-xlgmac-desc.c': File exists
cp: cannot create regular file '/dev/shm/linux/./drivers/net/ethernet/synopsys/dwc-xlgmac-hw.c': File exists
cp: cannot create regular file '/dev/shm/linux/./drivers/net/ethernet/synopsys/dwc-xlgmac-pci.c': File exists
cp: cannot create regular file '/dev/shm/linux/./drivers/net/ethernet/synopsys/dwc-xlgmac-reg.h': File exists
cp: cannot create directory '/dev/shm/linux/./drivers/net/ethernet/tehuti': File exists
cp: cannot create regular file '/dev/shm/linux/./drivers/net/ethernet/ti/am65-cpts.c': File exists
cp: cannot create regular file '/dev/shm/linux/./drivers/net/ethernet/ti/cpsw-phy-sel.c': File exists
cp: cannot create regular file '/dev/shm/linux/./drivers/net/ethernet/ti/cpsw.h': File exists
cp: cannot create regular file '/dev/shm/linux/./drivers/net/ethernet/ti/cpsw_ale.h': File exists
cp: cannot create regular file '/dev/shm/linux/./drivers/net/ethernet/ti/cpsw_new.c': File exists
cp: cannot create regular file '/dev/shm/linux/./drivers/net/ethernet/ti/cpsw_priv.h': File exists
cp: cannot create regular file '/dev/shm/linux/./drivers/net/ethernet/ti/cpsw_sl.h': File exists
cp: cannot create regular file '/dev/shm/linux/./drivers/net/ethernet/ti/cpsw_switchdev.h': File exists
cp: cannot create regular file '/dev/shm/linux/./drivers/net/ethernet/ti/cpts.h': File exists
cp: cannot create regular file '/dev/shm/linux/./drivers/net/ethernet/ti/davinci_cpdma.c': File exists
cp: cannot create regular file '/dev/shm/linux/./drivers/net/ethernet/ti/davinci_emac.c': File exists
cp: cannot create directory '/dev/shm/linux/./drivers/net/ethernet/ti/icssg': File exists
cp: cannot create directory '/dev/shm/linux/./drivers/net/ethernet/toshiba': File exists
cp: cannot create directory '/dev/shm/linux/./drivers/net/ethernet/wangxun': File exists
cp: cannot create regular file '/dev/shm/linux/./drivers/net/fddi/skfp/h/skfbiinc.h': File exists
cp: cannot create regular file '/dev/shm/linux/./drivers/net/fddi/skfp/h/smt.h': File exists
cp: cannot create regular file '/dev/shm/linux/./drivers/net/fddi/skfp/h/smtstate.h': File exists
cp: cannot create regular file '/dev/shm/linux/./drivers/net/fddi/skfp/h/supern_2.h': File exists
cp: cannot create regular file '/dev/shm/linux/./drivers/net/fddi/skfp/h/types.h': File exists
cp: cannot create regular file '/dev/shm/linux/./drivers/net/fddi/skfp/hwmtm.c': File exists
cp: cannot create regular file '/dev/shm/linux/./drivers/net/fddi/skfp/pcmplc.c': File exists
cp: cannot create regular file '/dev/shm/linux/./drivers/net/fddi/skfp/queue.c': File exists
cp: cannot create regular file '/dev/shm/linux/./drivers/net/fddi/skfp/skfddi.c': File exists
cp: cannot create regular file '/dev/shm/linux/./drivers/net/fddi/skfp/smtdef.c': File exists
cp: cannot create regular file '/dev/shm/linux/./drivers/net/fddi/skfp/smttimer.c': File exists
cp: cannot create regular file '/dev/shm/linux/./drivers/net/fddi/skfp/srf.c': File exists
cp: cannot create regular file '/dev/shm/linux/./drivers/net/fjes/Makefile': File exists
cp: cannot create regular file '/dev/shm/linux/./drivers/net/fjes/fjes_debugfs.c': File exists
cp: cannot create regular file '/dev/shm/linux/./drivers/net/fjes/fjes_hw.c': File exists
cp: cannot create regular file '/dev/shm/linux/./drivers/net/fjes/fjes_main.c': File exists
cp: cannot create regular file '/dev/shm/linux/./drivers/net/fjes/fjes_trace.h': File exists
cp: cannot create regular file '/dev/shm/linux/./drivers/net/gtp.c': File exists
cp: cannot create regular file '/dev/shm/linux/./drivers/net/hyperv/Makefile': File exists
cp: cannot create regular file '/dev/shm/linux/./drivers/net/hyperv/netvsc.c': File exists
cp: cannot create regular file '/dev/shm/linux/./drivers/net/hyperv/netvsc_drv.c': File exists
cp: cannot create regular file '/dev/shm/linux/./drivers/net/hyperv/netvsc_trace.h': File exists
cp: cannot create directory '/dev/shm/linux/./drivers/net/ieee802154': File exists
cp: cannot create regular file '/dev/shm/linux/./drivers/net/ipa/gsi_private.h': File exists
cp: cannot create regular file '/dev/shm/linux/./drivers/net/ipa/gsi_reg.h': File exists
cp: cannot create regular file '/dev/shm/linux/./drivers/net/ipa/gsi_trans.h': File exists
cp: cannot create regular file '/dev/shm/linux/./drivers/net/ipa/ipa_data.h': File exists
cp: cannot create regular file '/dev/shm/linux/./drivers/net/ipa/ipa_endpoint.c': File exists
cp: cannot create regular file '/dev/shm/linux/./drivers/net/ipa/ipa_gsi.c': File exists
cp: cannot create regular file '/dev/shm/linux/./drivers/net/ipa/ipa_interrupt.h': File exists
cp: cannot create regular file '/dev/shm/linux/./drivers/net/ipa/ipa_main.c': File exists
cp: cannot create regular file '/dev/shm/linux/./drivers/net/ipa/ipa_mem.c': File exists
cp: cannot create regular file '/dev/shm/linux/./drivers/net/ipa/ipa_modem.c': File exists
cp: cannot create regular file '/dev/shm/linux/./drivers/net/ipa/ipa_power.h': File exists
cp: cannot create regular file '/dev/shm/linux/./drivers/net/ipa/ipa_qmi.c': File exists
cp: cannot create regular file '/dev/shm/linux/./drivers/net/ipa/ipa_qmi_msg.c': File exists
cp: cannot create regular file '/dev/shm/linux/./drivers/net/ipa/ipa_reg.c': File exists
cp: cannot create regular file '/dev/shm/linux/./drivers/net/ipa/ipa_resource.c': File exists
cp: cannot create regular file '/dev/shm/linux/./drivers/net/ipa/ipa_resource.h': File exists
cp: cannot create regular file '/dev/shm/linux/./drivers/net/ipa/ipa_sysfs.c': File exists
cp: cannot create regular file '/dev/shm/linux/./drivers/net/ipa/ipa_table.c': File exists
cp: cannot create regular file '/dev/shm/linux/./drivers/net/ipa/ipa_version.h': File exists
cp: cannot create regular file '/dev/shm/linux/./drivers/net/ipa/reg.h': File exists
cp: cannot create regular file '/dev/shm/linux/./drivers/net/ipa/reg/gsi_reg-v3.1.c': File exists
cp: cannot create regular file '/dev/shm/linux/./drivers/net/ipa/reg/gsi_reg-v4.0.c': File exists
cp: cannot create regular file '/dev/shm/linux/./drivers/net/ipa/reg/gsi_reg-v4.5.c': File exists
cp: cannot create regular file '/dev/shm/linux/./drivers/net/ipa/reg/gsi_reg-v4.9.c': File exists
cp: cannot create regular file '/dev/shm/linux/./drivers/net/ipa/reg/ipa_reg-v4.11.c': File exists
cp: cannot create regular file '/dev/shm/linux/./drivers/net/ipa/reg/ipa_reg-v4.7.c': File exists
cp: cannot create regular file '/dev/shm/linux/./drivers/net/ipa/reg/ipa_reg-v5.0.c': File exists
cp: cannot create regular file '/dev/shm/linux/./drivers/net/ipa/reg/ipa_reg-v5.5.c': File exists
cp: cannot create regular file '/dev/shm/linux/./drivers/net/ipvlan/Makefile': File exists
cp: cannot create regular file '/dev/shm/linux/./drivers/net/ipvlan/ipvlan_core.c': File exists
cp: cannot create regular file '/dev/shm/linux/./drivers/net/ipvlan/ipvlan_main.c': File exists
cp: cannot create regular file '/dev/shm/linux/./drivers/net/loopback.c': File exists
cp: cannot create regular file '/dev/shm/linux/./drivers/net/macvlan.c': File exists
cp: cannot create directory '/dev/shm/linux/./drivers/net/mctp': File exists
cp: cannot create regular file '/dev/shm/linux/./drivers/net/mdio/mdio-aspeed.c': File exists
cp: cannot create regular file '/dev/shm/linux/./drivers/net/mdio/mdio-bcm-unimac.c': File exists
cp: cannot create regular file '/dev/shm/linux/./drivers/net/mdio/mdio-cavium.c': File exists
cp: cannot create regular file '/dev/shm/linux/./drivers/net/mdio/mdio-gpio.c': File exists
cp: cannot create regular file '/dev/shm/linux/./drivers/net/mdio/mdio-i2c.c': File exists
cp: cannot create regular file '/dev/shm/linux/./drivers/net/mdio/mdio-moxart.c': File exists
cp: cannot create regular file '/dev/shm/linux/./drivers/net/mdio/mdio-mux-bcm-iproc.c': File exists
cp: cannot create regular file '/dev/shm/linux/./drivers/net/mdio/mdio-mux-gpio.c': File exists
cp: cannot create regular file '/dev/shm/linux/./drivers/net/mdio/mdio-mux-meson-gxl.c': File exists
cp: cannot create regular file '/dev/shm/linux/./drivers/net/mdio/mdio-mux-multiplexer.c': File exists
cp: cannot create regular file '/dev/shm/linux/./drivers/net/mdio/mdio-mvusb.c': File exists
cp: cannot create regular file '/dev/shm/linux/./drivers/net/mdio/mdio-pic64hpsc.c': File exists
cp: cannot create regular file '/dev/shm/linux/./drivers/net/mdio/mdio-regmap.c': File exists
cp: cannot create regular file '/dev/shm/linux/./drivers/net/mdio/mdio-thunder.c': File exists
cp: cannot create regular file '/dev/shm/linux/./drivers/net/mdio/of_mdio.c': File exists
cp: cannot create regular file '/dev/shm/linux/./drivers/net/mii.c': File exists
cp: cannot create regular file '/dev/shm/linux/./drivers/net/netconsole.c': File exists
cp: cannot create regular file '/dev/shm/linux/./drivers/net/netdevsim/bpf.c': File exists
cp: cannot create regular file '/dev/shm/linux/./drivers/net/netdevsim/dev.c': File exists
cp: cannot create regular file '/dev/shm/linux/./drivers/net/netdevsim/fib.c': File exists
cp: cannot create regular file '/dev/shm/linux/./drivers/net/netdevsim/ipsec.c': File exists
cp: cannot create regular file '/dev/shm/linux/./drivers/net/netdevsim/netdev.c': File exists
cp: cannot create regular file '/dev/shm/linux/./drivers/net/netdevsim/psample.c': File exists
cp: cannot create regular file '/dev/shm/linux/./drivers/net/netdevsim/tc.c': File exists
cp: cannot create regular file '/dev/shm/linux/./drivers/net/netkit.c': File exists
cp: cannot create regular file '/dev/shm/linux/./drivers/net/ntb_netdev.c': File exists
cp: cannot create regular file '/dev/shm/linux/./drivers/net/ovpn/Makefile': File exists
cp: cannot create regular file '/dev/shm/linux/./drivers/net/ovpn/crypto.c': File exists
cp: cannot create regular file '/dev/shm/linux/./drivers/net/ovpn/crypto_aead.c': File exists
cp: cannot create regular file '/dev/shm/linux/./drivers/net/ovpn/io.c': File exists
cp: cannot create regular file '/dev/shm/linux/./drivers/net/ovpn/main.c': File exists
cp: cannot create regular file '/dev/shm/linux/./drivers/net/ovpn/netlink-gen.c': File exists
cp: cannot create regular file '/dev/shm/linux/./drivers/net/ovpn/netlink.c': File exists
cp: cannot create regular file '/dev/shm/linux/./drivers/net/ovpn/ovpnpriv.h': File exists
cp: cannot create regular file '/dev/shm/linux/./drivers/net/ovpn/peer.h': File exists
cp: cannot create regular file '/dev/shm/linux/./drivers/net/ovpn/pktid.h': File exists
cp: cannot create regular file '/dev/shm/linux/./drivers/net/ovpn/socket.c': File exists
cp: cannot create regular file '/dev/shm/linux/./drivers/net/ovpn/stats.c': File exists
cp: cannot create regular file '/dev/shm/linux/./drivers/net/ovpn/tcp.c': File exists
cp: cannot create regular file '/dev/shm/linux/./drivers/net/ovpn/udp.c': File exists
cp: cannot create directory '/dev/shm/linux/./drivers/net/pcs': File exists
cp: cannot create regular file '/dev/shm/linux/./drivers/net/phy/aquantia/aquantia_firmware.c': File exists
cp: cannot create regular file '/dev/shm/linux/./drivers/net/phy/aquantia/aquantia_leds.c': File exists
cp: cannot create regular file '/dev/shm/linux/./drivers/net/phy/as21xxx.c': File exists
cp: cannot create regular file '/dev/shm/linux/./drivers/net/phy/ax88796b_rust.rs': File exists
cp: cannot create regular file '/dev/shm/linux/./drivers/net/phy/bcm-phy-lib.c': File exists
cp: cannot create regular file '/dev/shm/linux/./drivers/net/phy/bcm-phy-ptp.c': File exists
cp: cannot create regular file '/dev/shm/linux/./drivers/net/phy/bcm63xx.c': File exists
cp: cannot create regular file '/dev/shm/linux/./drivers/net/phy/bcm84881.c': File exists
cp: cannot create regular file '/dev/shm/linux/./drivers/net/phy/broadcom.c': File exists
cp: cannot create regular file '/dev/shm/linux/./drivers/net/phy/cortina.c': File exists
cp: cannot create regular file '/dev/shm/linux/./drivers/net/phy/dp83640.c': File exists
cp: cannot create regular file '/dev/shm/linux/./drivers/net/phy/dp83822.c': File exists
cp: cannot create regular file '/dev/shm/linux/./drivers/net/phy/dp83867.c': File exists
cp: cannot create regular file '/dev/shm/linux/./drivers/net/phy/dp83tc811.c': File exists
cp: cannot create regular file '/dev/shm/linux/./drivers/net/phy/dp83tg720.c': File exists
cp: cannot create regular file '/dev/shm/linux/./drivers/net/phy/fixed_phy.c': File exists
cp: cannot create regular file '/dev/shm/linux/./drivers/net/phy/intel-xway.c': File exists
cp: cannot create regular file '/dev/shm/linux/./drivers/net/phy/lxt.c': File exists
cp: cannot create regular file '/dev/shm/linux/./drivers/net/phy/marvell-88x2222.c': File exists
cp: cannot create regular file '/dev/shm/linux/./drivers/net/phy/marvell10g.c': File exists
cp: cannot create regular file '/dev/shm/linux/./drivers/net/phy/mdio_bus.c': File exists
cp: cannot create regular file '/dev/shm/linux/./drivers/net/phy/mdio_device.c': File exists
cp: cannot create directory '/dev/shm/linux/./drivers/net/phy/mediatek': File exists
cp: cannot create regular file '/dev/shm/linux/./drivers/net/phy/mii_timestamper.c': File exists
cp: cannot create directory '/dev/shm/linux/./drivers/net/phy/mscc': File exists
cp: cannot create regular file '/dev/shm/linux/./drivers/net/phy/phy-caps.h': File exists
cp: cannot create regular file '/dev/shm/linux/./drivers/net/phy/phy.c': File exists
cp: cannot create regular file '/dev/shm/linux/./drivers/net/phy/phy_device.c': File exists
cp: cannot create regular file '/dev/shm/linux/./drivers/net/phy/phy_package.c': File exists
cp: cannot create regular file '/dev/shm/linux/./drivers/net/phy/phylib-internal.h': File exists
cp: cannot create regular file '/dev/shm/linux/./drivers/net/phy/phylink.c': File exists
cp: cannot create regular file '/dev/shm/linux/./drivers/net/phy/qcom/Kconfig': File exists
cp: cannot create regular file '/dev/shm/linux/./drivers/net/phy/qcom/at803x.c': File exists
cp: cannot create regular file '/dev/shm/linux/./drivers/net/phy/qcom/qca808x.c': File exists
cp: cannot create regular file '/dev/shm/linux/./drivers/net/phy/qcom/qcom-phy-lib.c': File exists
cp: cannot create regular file '/dev/shm/linux/./drivers/net/phy/qt2025.rs': File exists
cp: cannot create regular file '/dev/shm/linux/./drivers/net/phy/realtek/Kconfig': File exists
cp: cannot create regular file '/dev/shm/linux/./drivers/net/phy/realtek/realtek.h': File exists
cp: cannot create regular file '/dev/shm/linux/./drivers/net/phy/realtek/realtek_main.c': File exists
cp: cannot create regular file '/dev/shm/linux/./drivers/net/phy/sfp-bus.c': File exists
cp: cannot create regular file '/dev/shm/linux/./drivers/net/phy/sfp.h': File exists
cp: cannot create regular file '/dev/shm/linux/./drivers/net/phy/ste10Xp.c': File exists
cp: cannot create regular file '/dev/shm/linux/./drivers/net/phy/stubs.c': File exists
cp: cannot create regular file '/dev/shm/linux/./drivers/net/phy/swphy.h': File exists
cp: cannot create regular file '/dev/shm/linux/./drivers/net/phy/uPD60620.c': File exists
cp: cannot create regular file '/dev/shm/linux/./drivers/net/phy/xilinx_gmii2rgmii.c': File exists
cp: cannot create regular file '/dev/shm/linux/./drivers/net/plip/Makefile': File exists
cp: cannot create directory '/dev/shm/linux/./drivers/net/ppp': File exists
cp: cannot create regular file '/dev/shm/linux/./drivers/net/slip/slip.h': File exists
cp: cannot create regular file '/dev/shm/linux/./drivers/net/tap.c': File exists
cp: cannot create regular file '/dev/shm/linux/./drivers/net/team/Makefile': File exists
cp: cannot create regular file '/dev/shm/linux/./drivers/net/team/team_core.c': File exists
cp: cannot create regular file '/dev/shm/linux/./drivers/net/team/team_mode_broadcast.c': File exists
cp: cannot create regular file '/dev/shm/linux/./drivers/net/team/team_mode_random.c': File exists
cp: cannot create regular file '/dev/shm/linux/./drivers/net/team/team_mode_roundrobin.c': File exists
cp: cannot create regular file '/dev/shm/linux/./drivers/net/team/team_nl.h': File exists
cp: cannot create regular file '/dev/shm/linux/./drivers/net/thunderbolt/Makefile': File exists
cp: cannot create regular file '/dev/shm/linux/./drivers/net/thunderbolt/trace.c': File exists
cp: cannot create regular file '/dev/shm/linux/./drivers/net/tun.c': File exists
cp: cannot create directory '/dev/shm/linux/./drivers/net/usb': File exists
cp: cannot create regular file '/dev/shm/linux/./drivers/net/wan/slic_ds26522.h': File exists
cp: cannot create regular file '/dev/shm/linux/./drivers/net/wan/wanxl.h': File exists
cp: cannot create regular file '/dev/shm/linux/./drivers/net/wan/wanxlfw.inc_shipped': File exists
cp: cannot create regular file '/dev/shm/linux/./drivers/net/wireguard/allowedips.c': File exists
cp: cannot create regular file '/dev/shm/linux/./drivers/net/wireguard/cookie.c': File exists
cp: cannot create regular file '/dev/shm/linux/./drivers/net/wireguard/device.c': File exists
cp: cannot create directory '/dev/shm/linux/./drivers/net/wireguard/generated': File exists
cp: cannot create regular file '/dev/shm/linux/./drivers/net/wireguard/netlink.h': File exists
cp: cannot create regular file '/dev/shm/linux/./drivers/net/wireguard/noise.h': File exists
cp: cannot create regular file '/dev/shm/linux/./drivers/net/wireguard/peer.h': File exists
cp: cannot create regular file '/dev/shm/linux/./drivers/net/wireguard/peerlookup.h': File exists
cp: cannot create regular file '/dev/shm/linux/./drivers/net/wireguard/queueing.h': File exists
cp: cannot create regular file '/dev/shm/linux/./drivers/net/wireguard/ratelimiter.h': File exists
cp: cannot create directory '/dev/shm/linux/./drivers/net/wireguard/selftest': File exists
cp: cannot create regular file '/dev/shm/linux/./drivers/net/wireguard/timers.h': File exists
cp: cannot create regular file '/dev/shm/linux/./drivers/net/wireless/Kconfig': File exists
cp: cannot create directory '/dev/shm/linux/./drivers/net/wireless/ath': File exists
cp: cannot create regular file '/dev/shm/linux/./drivers/net/wireless/intel/iwlwifi/mvm/rfi.c': File exists
cp: cannot create regular file '/dev/shm/linux/./drivers/net/wireless/intel/iwlwifi/mvm/rs.h': File exists
cp: cannot create regular file '/dev/shm/linux/./drivers/net/wireless/intel/iwlwifi/mvm/rx.c': File exists
cp: cannot create regular file '/dev/shm/linux/./drivers/net/wireless/intel/iwlwifi/mvm/scan.c': File exists
cp: cannot create regular file '/dev/shm/linux/./drivers/net/wireless/intel/iwlwifi/mvm/sta.h': File exists
cp: cannot create regular file '/dev/shm/linux/./drivers/net/wireless/intel/iwlwifi/mvm/testmode.h': File exists
cp: cannot create regular file '/dev/shm/linux/./drivers/net/wireless/intel/iwlwifi/mvm/tests/hcmd.c': File exists
cp: cannot create regular file '/dev/shm/linux/./drivers/net/wireless/intel/iwlwifi/mvm/time-event.h': File exists
cp: cannot create regular file '/dev/shm/linux/./drivers/net/wireless/intel/iwlwifi/mvm/time-sync.h': File exists
cp: cannot create regular file '/dev/shm/linux/./drivers/net/wireless/intel/iwlwifi/mvm/tx.c': File exists
cp: cannot create regular file '/dev/shm/linux/./drivers/net/wireless/intel/iwlwifi/mvm/vendor-cmd.c': File exists
cp: cannot create directory '/dev/shm/linux/./drivers/net/wireless/intel/iwlwifi/tests': File exists
cp: cannot create directory '/dev/shm/linux/./drivers/net/wireless/intersil': File exists
cp: cannot create regular file '/dev/shm/linux/./drivers/net/wireless/marvell/libertas/debugfs.c': File exists
cp: cannot create regular file '/dev/shm/linux/./drivers/net/wireless/marvell/libertas/decl.h': File exists
cp: cannot create regular file '/dev/shm/linux/./drivers/net/wireless/marvell/libertas/dev.h': File exists
cp: cannot create regular file '/dev/shm/linux/./drivers/net/wireless/marvell/libertas/firmware.c': File exists
cp: cannot create regular file '/dev/shm/linux/./drivers/net/wireless/marvell/libertas/if_sdio.c': File exists
cp: cannot create regular file '/dev/shm/linux/./drivers/net/wireless/marvell/libertas/if_spi.c': File exists
cp: cannot create regular file '/dev/shm/linux/./drivers/net/wireless/marvell/libertas/if_usb.c': File exists
cp: cannot create regular file '/dev/shm/linux/./drivers/net/wireless/marvell/libertas/main.c': File exists
cp: cannot create regular file '/dev/shm/linux/./drivers/net/wireless/marvell/libertas/mesh.h': File exists
cp: cannot create regular file '/dev/shm/linux/./drivers/net/wireless/marvell/libertas/radiotap.h': File exists
cp: cannot create regular file '/dev/shm/linux/./drivers/net/wireless/marvell/libertas/tx.c': File exists
cp: cannot create directory '/dev/shm/linux/./drivers/net/wireless/marvell/libertas_tf': File exists
cp: cannot create regular file '/dev/shm/linux/./drivers/net/wireless/marvell/mwifiex/Kconfig': File exists
cp: cannot create regular file '/dev/shm/linux/./drivers/net/wireless/marvell/mwifiex/README': File exists
cp: cannot create regular file '/dev/shm/linux/./drivers/net/wireless/marvell/mwifiex/cfg80211.h': File exists
cp: cannot create regular file '/dev/shm/linux/./drivers/net/wireless/marvell/mwifiex/cmdevt.c': File exists
cp: cannot create regular file '/dev/shm/linux/./drivers/net/wireless/marvell/mwifiex/decl.h': File exists
cp: cannot create regular file '/dev/shm/linux/./drivers/net/wireless/marvell/mwifiex/fw.h': File exists
cp: cannot create regular file '/dev/shm/linux/./drivers/net/wireless/marvell/mwifiex/init.c': File exists
cp: cannot create regular file '/dev/shm/linux/./drivers/net/wireless/marvell/mwifiex/join.c': File exists
cp: cannot create regular file '/dev/shm/linux/./drivers/net/wireless/marvell/mwifiex/main.h': File exists
cp: cannot create regular file '/dev/shm/linux/./drivers/net/wireless/marvell/mwifiex/pcie.h': File exists
cp: cannot create regular file '/dev/shm/linux/./drivers/net/wireless/marvell/mwifiex/pcie_quirks.h': File exists
cp: cannot create regular file '/dev/shm/linux/./drivers/net/wireless/marvell/mwifiex/sdio.c': File exists
cp: cannot create regular file '/dev/shm/linux/./drivers/net/wireless/marvell/mwifiex/sta_cmd.c': File exists
cp: cannot create regular file '/dev/shm/linux/./drivers/net/wireless/marvell/mwifiex/sta_event.c': File exists
cp: cannot create regular file '/dev/shm/linux/./drivers/net/wireless/marvell/mwifiex/sta_rx.c': File exists
cp: cannot create regular file '/dev/shm/linux/./drivers/net/wireless/marvell/mwifiex/tdls.c': File exists
cp: cannot create regular file '/dev/shm/linux/./drivers/net/wireless/marvell/mwifiex/uap_cmd.c': File exists
cp: cannot create regular file '/dev/shm/linux/./drivers/net/wireless/marvell/mwifiex/uap_txrx.c': File exists
cp: cannot create regular file '/dev/shm/linux/./drivers/net/wireless/marvell/mwifiex/usb.h': File exists
cp: cannot create regular file '/dev/shm/linux/./drivers/net/wireless/marvell/mwifiex/util.h': File exists
cp: cannot create regular file '/dev/shm/linux/./drivers/net/wireless/marvell/mwifiex/wmm.h': File exists
cp: cannot create directory '/dev/shm/linux/./drivers/net/wireless/mediatek': File exists
cp: cannot create regular file '/dev/shm/linux/./drivers/net/wireless/realtek/rtlwifi/rtl8192cu/mac.h': File exists
cp: cannot create regular file '/dev/shm/linux/./drivers/net/wireless/realtek/rtlwifi/rtl8192cu/phy.h': File exists
cp: cannot create regular file '/dev/shm/linux/./drivers/net/wireless/realtek/rtlwifi/rtl8192cu/rf.c': File exists
cp: cannot create regular file '/dev/shm/linux/./drivers/net/wireless/realtek/rtlwifi/rtl8192cu/sw.c': File exists
cp: cannot create regular file '/dev/shm/linux/./drivers/net/wireless/realtek/rtlwifi/rtl8192cu/table.h': File exists
cp: cannot create regular file '/dev/shm/linux/./drivers/net/wireless/realtek/rtlwifi/rtl8192cu/trx.h': File exists
cp: cannot create regular file '/dev/shm/linux/./drivers/net/wireless/realtek/rtlwifi/rtl8192d/Makefile': File exists
cp: cannot create regular file '/dev/shm/linux/./drivers/net/wireless/realtek/rtlwifi/rtl8192d/dm_common.c': File exists
cp: cannot create regular file '/dev/shm/linux/./drivers/net/wireless/realtek/rtlwifi/rtl8192d/fw_common.c': File exists
cp: cannot create regular file '/dev/shm/linux/./drivers/net/wireless/realtek/rtlwifi/rtl8192d/hw_common.c': File exists
cp: cannot create regular file '/dev/shm/linux/./drivers/net/wireless/realtek/rtlwifi/rtl8192d/phy_common.c': File exists
cp: cannot create regular file '/dev/shm/linux/./drivers/net/wireless/realtek/rtlwifi/rtl8192d/reg.h': File exists
cp: cannot create regular file '/dev/shm/linux/./drivers/net/wireless/realtek/rtlwifi/rtl8192d/rf_common.h': File exists
cp: cannot create regular file '/dev/shm/linux/./drivers/net/wireless/realtek/rtlwifi/rtl8192d/trx_common.h': File exists
cp: cannot create regular file '/dev/shm/linux/./drivers/net/wireless/realtek/rtlwifi/rtl8192de/Makefile': File exists
cp: cannot create regular file '/dev/shm/linux/./drivers/net/wireless/realtek/rtlwifi/rtl8192de/fw.c': File exists
cp: cannot create regular file '/dev/shm/linux/./drivers/net/wireless/realtek/rtlwifi/rtl8192de/fw.h': File exists
cp: cannot create regular file '/dev/shm/linux/./drivers/net/wireless/realtek/rtlwifi/rtl8192de/hw.h': File exists
cp: cannot create regular file '/dev/shm/linux/./drivers/net/wireless/realtek/rtlwifi/rtl8192de/led.c': File exists
cp: cannot create regular file '/dev/shm/linux/./drivers/net/wireless/realtek/rtlwifi/rtl8192de/led.h': File exists
cp: cannot create regular file '/dev/shm/linux/./drivers/net/wireless/realtek/rtlwifi/rtl8192de/phy.h': File exists
cp: cannot create regular file '/dev/shm/linux/./drivers/net/wireless/realtek/rtlwifi/rtl8192de/rf.h': File exists
cp: cannot create regular file '/dev/shm/linux/./drivers/net/wireless/realtek/rtlwifi/rtl8192de/sw.h': File exists
cp: cannot create regular file '/dev/shm/linux/./drivers/net/wireless/realtek/rtlwifi/rtl8192de/table.c': File exists
cp: cannot create regular file '/dev/shm/linux/./drivers/net/wireless/realtek/rtlwifi/rtl8192de/trx.c': File exists
cp: cannot create directory '/dev/shm/linux/./drivers/net/wireless/realtek/rtlwifi/rtl8192du': File exists
cp: cannot create regular file '/dev/shm/linux/./drivers/net/wireless/realtek/rtlwifi/rtl8192ee/table.c': File exists
cp: cannot create regular file '/dev/shm/linux/./drivers/net/wireless/realtek/rtlwifi/rtl8192ee/trx.c': File exists
cp: cannot create directory '/dev/shm/linux/./drivers/net/wireless/realtek/rtlwifi/rtl8192se': File exists
cp: cannot create regular file '/dev/shm/linux/./drivers/net/wireless/realtek/rtlwifi/rtl8723ae/rf.h': File exists
cp: cannot create regular file '/dev/shm/linux/./drivers/net/wireless/realtek/rtlwifi/rtl8723ae/table.c': File exists
cp: cannot create regular file '/dev/shm/linux/./drivers/net/wireless/realtek/rtlwifi/rtl8723ae/trx.c': File exists
cp: cannot create directory '/dev/shm/linux/./drivers/net/wireless/realtek/rtlwifi/rtl8723be': File exists
cp: cannot create regular file '/dev/shm/linux/./drivers/net/wireless/realtek/rtlwifi/rtl8821ae/reg.h': File exists
cp: cannot create regular file '/dev/shm/linux/./drivers/net/wireless/realtek/rtlwifi/rtl8821ae/rf.h': File exists
cp: cannot create regular file '/dev/shm/linux/./drivers/net/wireless/realtek/rtlwifi/rtl8821ae/table.c': File exists
cp: cannot create regular file '/dev/shm/linux/./drivers/net/wireless/realtek/rtlwifi/rtl8821ae/trx.h': File exists
cp: cannot create regular file '/dev/shm/linux/./drivers/net/wireless/realtek/rtlwifi/stats.h': File exists
cp: cannot create regular file '/dev/shm/linux/./drivers/net/wireless/realtek/rtlwifi/usb.h': File exists
cp: cannot create directory '/dev/shm/linux/./drivers/net/wireless/realtek/rtw88': File exists
cp: cannot create regular file '/dev/shm/linux/./drivers/net/wireless/realtek/rtw89/rtw8922ae.c': File exists
cp: cannot create regular file '/dev/shm/linux/./drivers/net/wireless/realtek/rtw89/rtw8922d.h': File exists
cp: cannot create regular file '/dev/shm/linux/./drivers/net/wireless/realtek/rtw89/rtw8922d_rfk.h': File exists
cp: cannot create regular file '/dev/shm/linux/./drivers/net/wireless/realtek/rtw89/sar.c': File exists
cp: cannot create regular file '/dev/shm/linux/./drivers/net/wireless/realtek/rtw89/ser.c': File exists
cp: cannot create regular file '/dev/shm/linux/./drivers/net/wireless/realtek/rtw89/usb.c': File exists
cp: cannot create regular file '/dev/shm/linux/./drivers/net/wireless/realtek/rtw89/util.c': File exists
cp: cannot create regular file '/dev/shm/linux/./drivers/net/wireless/realtek/rtw89/wow.h': File exists
cp: cannot create regular file '/dev/shm/linux/./drivers/net/wireless/rsi/rsi_91x_coex.c': File exists
cp: cannot create regular file '/dev/shm/linux/./drivers/net/wireless/rsi/rsi_91x_debugfs.c': File exists
cp: cannot create regular file '/dev/shm/linux/./drivers/net/wireless/rsi/rsi_91x_hal.c': File exists
cp: cannot create regular file '/dev/shm/linux/./drivers/net/wireless/rsi/rsi_91x_main.c': File exists
cp: cannot create regular file '/dev/shm/linux/./drivers/net/wireless/rsi/rsi_91x_sdio_ops.c': File exists
cp: cannot create regular file '/dev/shm/linux/./drivers/net/wireless/rsi/rsi_91x_usb_ops.c': File exists
cp: cannot create regular file '/dev/shm/linux/./drivers/net/wireless/rsi/rsi_coex.h': File exists
cp: cannot create regular file '/dev/shm/linux/./drivers/net/wireless/rsi/rsi_debugfs.h': File exists
cp: cannot create regular file '/dev/shm/linux/./drivers/net/wireless/rsi/rsi_hal.h': File exists
cp: cannot create regular file '/dev/shm/linux/./drivers/net/wireless/rsi/rsi_main.h': File exists
cp: cannot create regular file '/dev/shm/linux/./drivers/net/wireless/rsi/rsi_ps.h': File exists
cp: cannot create regular file '/dev/shm/linux/./drivers/net/wireless/rsi/rsi_usb.h': File exists
cp: cannot create regular file '/dev/shm/linux/./drivers/net/wireless/silabs/Kconfig': File exists
cp: cannot create directory '/dev/shm/linux/./drivers/net/wireless/silabs/wfx': File exists
cp: cannot create regular file '/dev/shm/linux/./drivers/net/wireless/ti/wl1251/boot.c': File exists
cp: cannot create regular file '/dev/shm/linux/./drivers/net/wireless/ti/wl1251/boot.h': File exists
cp: cannot create regular file '/dev/shm/linux/./drivers/net/wireless/ti/wl1251/cmd.h': File exists
cp: cannot create regular file '/dev/shm/linux/./drivers/net/wireless/ti/wl1251/debugfs.h': File exists
cp: cannot create regular file '/dev/shm/linux/./drivers/net/wireless/ti/wl1251/event.h': File exists
cp: cannot create regular file '/dev/shm/linux/./drivers/net/wireless/ti/wl1251/init.h': File exists
cp: cannot create regular file '/dev/shm/linux/./drivers/net/wireless/ti/wl1251/io.c': File exists
cp: cannot create regular file '/dev/shm/linux/./drivers/net/wireless/ti/wl1251/io.h': File exists
cp: cannot create regular file '/dev/shm/linux/./drivers/net/wireless/ti/wl1251/ps.c': File exists
cp: cannot create regular file '/dev/shm/linux/./drivers/net/wireless/ti/wl1251/reg.h': File exists
cp: cannot create regular file '/dev/shm/linux/./drivers/net/wireless/ti/wl1251/rx.h': File exists
cp: cannot create regular file '/dev/shm/linux/./drivers/net/wireless/ti/wl1251/sdio.c': File exists
cp: cannot create regular file '/dev/shm/linux/./drivers/net/wireless/ti/wl1251/spi.h': File exists
cp: cannot create regular file '/dev/shm/linux/./drivers/net/wireless/ti/wl1251/tx.h': File exists
cp: cannot create regular file '/dev/shm/linux/./drivers/net/wireless/ti/wl1251/wl12xx_80211.h': File exists
cp: cannot create regular file '/dev/shm/linux/./drivers/net/wireless/ti/wl12xx/Kconfig': File exists
cp: cannot create regular file '/dev/shm/linux/./drivers/net/wireless/ti/wl12xx/Makefile': File exists
cp: cannot create regular file '/dev/shm/linux/./drivers/net/wireless/ti/wl12xx/acx.h': File exists
cp: cannot create regular file '/dev/shm/linux/./drivers/net/wireless/ti/wl12xx/conf.h': File exists
cp: cannot create regular file '/dev/shm/linux/./drivers/net/wireless/ti/wl12xx/debugfs.h': File exists
cp: cannot create regular file '/dev/shm/linux/./drivers/net/wireless/ti/wl12xx/event.h': File exists
cp: cannot create regular file '/dev/shm/linux/./drivers/net/wireless/ti/wl12xx/reg.h': File exists
cp: cannot create regular file '/dev/shm/linux/./drivers/net/wireless/ti/wl12xx/scan.c': File exists
cp: cannot create regular file '/dev/shm/linux/./drivers/net/wireless/ti/wl12xx/scan.h': File exists
cp: cannot create regular file '/dev/shm/linux/./drivers/net/wireless/ti/wl18xx/Kconfig': File exists
cp: cannot create regular file '/dev/shm/linux/./drivers/net/wireless/ti/wl18xx/Makefile': File exists
cp: cannot create regular file '/dev/shm/linux/./drivers/net/wireless/ti/wl18xx/acx.c': File exists
cp: cannot create regular file '/dev/shm/linux/./drivers/net/wireless/ti/wl18xx/cmd.h': File exists
cp: cannot create regular file '/dev/shm/linux/./drivers/net/wireless/ti/wl18xx/conf.h': File exists
cp: cannot create regular file '/dev/shm/linux/./drivers/net/wireless/ti/wl18xx/debugfs.c': File exists
cp: cannot create regular file '/dev/shm/linux/./drivers/net/wireless/ti/wl18xx/event.c': File exists
cp: cannot create regular file '/dev/shm/linux/./drivers/net/wireless/ti/wl18xx/io.c': File exists
cp: cannot create regular file '/dev/shm/linux/./drivers/net/wireless/ti/wl18xx/main.c': File exists
cp: cannot create regular file '/dev/shm/linux/./drivers/net/wireless/ti/wl18xx/scan.c': File exists
cp: cannot create regular file '/dev/shm/linux/./drivers/net/wireless/ti/wl18xx/tx.c': File exists
cp: cannot create directory '/dev/shm/linux/./drivers/net/wireless/ti/wlcore': File exists
cp: cannot create regular file '/dev/shm/linux/./drivers/net/wwan/iosm/iosm_ipc_irq.c': File exists
cp: cannot create regular file '/dev/shm/linux/./drivers/net/wwan/iosm/iosm_ipc_mmio.c': File exists
cp: cannot create regular file '/dev/shm/linux/./drivers/net/wwan/iosm/iosm_ipc_mux.c': File exists
cp: cannot create regular file '/dev/shm/linux/./drivers/net/wwan/iosm/iosm_ipc_mux_codec.c': File exists
cp: cannot create regular file '/dev/shm/linux/./drivers/net/wwan/iosm/iosm_ipc_pcie.h': File exists
cp: cannot create regular file '/dev/shm/linux/./drivers/net/wwan/iosm/iosm_ipc_pm.h': File exists
cp: cannot create regular file '/dev/shm/linux/./drivers/net/wwan/iosm/iosm_ipc_port.h': File exists
cp: cannot create regular file '/dev/shm/linux/./drivers/net/wwan/iosm/iosm_ipc_protocol.c': File exists
cp: cannot create regular file '/dev/shm/linux/./drivers/net/wwan/iosm/iosm_ipc_protocol_ops.c': File exists
cp: cannot create regular file '/dev/shm/linux/./drivers/net/wwan/iosm/iosm_ipc_task_queue.c': File exists
cp: cannot create regular file '/dev/shm/linux/./drivers/net/wwan/iosm/iosm_ipc_trace.c': File exists
cp: cannot create regular file '/dev/shm/linux/./drivers/net/wwan/iosm/iosm_ipc_uevent.c': File exists
cp: cannot create regular file '/dev/shm/linux/./drivers/net/wwan/iosm/iosm_ipc_wwan.c': File exists
cp: cannot create regular file '/dev/shm/linux/./drivers/net/wwan/mhi_wwan_ctrl.c': File exists
cp: cannot create regular file '/dev/shm/linux/./drivers/net/wwan/qcom_bam_dmux.c': File exists
cp: cannot create regular file '/dev/shm/linux/./drivers/net/wwan/wwan_core.c': File exists
cp: cannot create regular file '/dev/shm/linux/./drivers/net/wwan/wwan_hwsim.c': File exists
cp: cannot create directory '/dev/shm/linux/./drivers/net/xen-netback': File exists
cp: cannot create regular file '/dev/shm/linux/./drivers/net/xen-netfront.c': File exists
cp: cannot create directory '/dev/shm/linux/./drivers/nfc': File exists
cp: cannot create regular file '/dev/shm/linux/./drivers/nvdimm/pmem.h': File exists
cp: cannot create regular file '/dev/shm/linux/./drivers/nvdimm/region.c': File exists
cp: cannot create regular file '/dev/shm/linux/./drivers/nvdimm/security.c': File exists
cp: cannot create regular file '/dev/shm/linux/./drivers/nvdimm/virtio_pmem.h': File exists
cp: cannot create regular file '/dev/shm/linux/./drivers/nvme/Kconfig': File exists
cp: cannot create directory '/dev/shm/linux/./drivers/nvme/common': File exists
cp: cannot create regular file '/dev/shm/linux/./drivers/nvme/host/fabrics.c': File exists
cp: cannot create regular file '/dev/shm/linux/./drivers/nvme/host/fault_inject.c': File exists
cp: cannot create regular file '/dev/shm/linux/./drivers/nvme/host/fc.h': File exists
cp: cannot create regular file '/dev/shm/linux/./drivers/nvme/host/ioctl.c': File exists
cp: cannot create regular file '/dev/shm/linux/./drivers/nvme/host/nvme.h': File exists
cp: cannot create regular file '/dev/shm/linux/./drivers/nvme/host/pr.c': File exists
cp: cannot create regular file '/dev/shm/linux/./drivers/nvme/host/sysfs.c': File exists
cp: cannot create regular file '/dev/shm/linux/./drivers/nvme/host/trace.c': File exists
cp: cannot create regular file '/dev/shm/linux/./drivers/nvme/host/zns.c': File exists
cp: cannot create regular file '/dev/shm/linux/./drivers/nvme/target/Kconfig': File exists
cp: cannot create regular file '/dev/shm/linux/./drivers/nvme/target/auth.c': File exists
cp: cannot create regular file '/dev/shm/linux/./drivers/nvme/target/core.c': File exists
cp: cannot create regular file '/dev/shm/linux/./drivers/nvme/target/debugfs.h': File exists
cp: cannot create regular file '/dev/shm/linux/./drivers/nvme/target/fabrics-cmd-auth.c': File exists
cp: cannot create regular file '/dev/shm/linux/./drivers/nvme/target/fc.c': File exists
cp: cannot create regular file '/dev/shm/linux/./drivers/nvme/target/io-cmd-bdev.c': File exists
cp: cannot create regular file '/dev/shm/linux/./drivers/nvme/target/loop.c': File exists
cp: cannot create regular file '/dev/shm/linux/./drivers/nvme/target/passthru.c': File exists
cp: cannot create regular file '/dev/shm/linux/./drivers/nvme/target/pr.c': File exists
cp: cannot create regular file '/dev/shm/linux/./drivers/nvme/target/tcp.c': File exists
cp: cannot create regular file '/dev/shm/linux/./drivers/nvme/target/trace.h': File exists
cp: cannot create directory '/dev/shm/linux/./drivers/nvmem': File exists
cp: cannot create regular file '/dev/shm/linux/./drivers/of/unittest-data/overlay_base.dtso': File exists
cp: cannot create regular file '/dev/shm/linux/./drivers/of/unittest-data/overlay_gpio_01.dtso': File exists
cp: cannot create regular file '/dev/shm/linux/./drivers/of/unittest-data/overlay_gpio_02b.dtso': File exists
cp: cannot create regular file '/dev/shm/linux/./drivers/of/unittest-data/overlay_gpio_04a.dtso': File exists
cp: cannot create regular file '/dev/shm/linux/./drivers/of/unittest-data/overlay_pci_node.dtso': File exists
cp: cannot create regular file '/dev/shm/linux/./drivers/of/unittest-data/static_base_2.dts': File exists
cp: cannot create regular file '/dev/shm/linux/./drivers/of/unittest-data/testcases_common.dtsi': File exists
cp: cannot create regular file '/dev/shm/linux/./drivers/of/unittest-data/tests-interrupts.dtsi': File exists
cp: cannot create regular file '/dev/shm/linux/./drivers/of/unittest-data/tests-lifecycle.dtsi': File exists
cp: cannot create regular file '/dev/shm/linux/./drivers/of/unittest-data/tests-overlay.dtsi': File exists
cp: cannot create regular file '/dev/shm/linux/./drivers/of/unittest-data/tests-platform.dtsi': File exists
cp: cannot create directory '/dev/shm/linux/./drivers/opp': File exists
cp: cannot create regular file '/dev/shm/linux/./drivers/parisc/gsc.c': File exists
cp: cannot create regular file '/dev/shm/linux/./drivers/parisc/hppb.c': File exists
cp: cannot create regular file '/dev/shm/linux/./drivers/parisc/iommu.h': File exists
cp: cannot create regular file '/dev/shm/linux/./drivers/parisc/iosapic_private.h': File exists
cp: cannot create regular file '/dev/shm/linux/./drivers/parisc/lba_pci.c': File exists
cp: cannot create regular file '/dev/shm/linux/./drivers/parisc/pdc_stable.c': File exists
cp: cannot create regular file '/dev/shm/linux/./drivers/parisc/sba_iommu.c': File exists
cp: cannot create regular file '/dev/shm/linux/./drivers/parisc/wax.c': File exists
cp: cannot create regular file '/dev/shm/linux/./drivers/parport/BUGS-parport': File exists
cp: cannot create regular file '/dev/shm/linux/./drivers/parport/Makefile': File exists
cp: cannot create regular file '/dev/shm/linux/./drivers/parport/daisy.c': File exists
cp: cannot create regular file '/dev/shm/linux/./drivers/parport/ieee1284_ops.c': File exists
cp: cannot create regular file '/dev/shm/linux/./drivers/parport/parport_amiga.c': File exists
cp: cannot create regular file '/dev/shm/linux/./drivers/parport/parport_cs.c': File exists
cp: cannot create regular file '/dev/shm/linux/./drivers/parport/parport_gsc.h': File exists
cp: cannot create regular file '/dev/shm/linux/./drivers/parport/parport_mfc3.c': File exists
cp: cannot create regular file '/dev/shm/linux/./drivers/parport/parport_serial.c': File exists
cp: cannot create regular file '/dev/shm/linux/./drivers/parport/probe.c': File exists
cp: cannot create regular file '/dev/shm/linux/./drivers/parport/share.c': File exists
cp: cannot create regular file '/dev/shm/linux/./drivers/pci/Makefile': File exists
cp: cannot create regular file '/dev/shm/linux/./drivers/pci/ats.c': File exists
cp: cannot create regular file '/dev/shm/linux/./drivers/pci/bus.c': File exists
cp: cannot create regular file '/dev/shm/linux/./drivers/pci/controller/Makefile': File exists
cp: cannot create regular file '/dev/shm/linux/./drivers/pci/controller/cadence/Makefile': File exists
cp: cannot create regular file '/dev/shm/linux/./drivers/pci/controller/cadence/pci-j721e.c': File exists
cp: cannot create regular file '/dev/shm/linux/./drivers/pci/controller/cadence/pcie-cadence-ep.c': File exists
cp: cannot create regular file '/dev/shm/linux/./drivers/pci/controller/cadence/pcie-cadence-host-common.h': File exists
cp: cannot create regular file '/dev/shm/linux/./drivers/pci/controller/cadence/pcie-cadence-host.c': File exists
cp: cannot create regular file '/dev/shm/linux/./drivers/pci/controller/cadence/pcie-cadence-hpa.c': File exists
cp: cannot create regular file '/dev/shm/linux/./drivers/pci/controller/cadence/pcie-cadence-plat.c': File exists
cp: cannot create regular file '/dev/shm/linux/./drivers/pci/controller/cadence/pcie-cadence.h': File exists
cp: cannot create directory '/dev/shm/linux/./drivers/pci/controller/dwc': File exists
cp: cannot create regular file '/dev/shm/linux/./drivers/pci/controller/pcie-rzg3s-host.c': File exists
cp: cannot create regular file '/dev/shm/linux/./drivers/pci/controller/pcie-xilinx-dma-pl.c': File exists
cp: cannot create regular file '/dev/shm/linux/./drivers/pci/controller/pcie-xilinx.c': File exists
cp: cannot create regular file '/dev/shm/linux/./drivers/pci/controller/plda/pcie-microchip-host.c': File exists
cp: cannot create regular file '/dev/shm/linux/./drivers/pci/controller/plda/pcie-plda.h': File exists
cp: cannot create regular file '/dev/shm/linux/./drivers/pci/devres.c': File exists
cp: cannot create regular file '/dev/shm/linux/./drivers/pci/ecam.c': File exists
cp: cannot create regular file '/dev/shm/linux/./drivers/pci/endpoint/Makefile': File exists
cp: cannot create regular file '/dev/shm/linux/./drivers/pci/endpoint/functions/Makefile': File exists
cp: cannot create regular file '/dev/shm/linux/./drivers/pci/endpoint/functions/pci-epf-ntb.c': File exists
cp: cannot create regular file '/dev/shm/linux/./drivers/pci/endpoint/pci-ep-cfs.c': File exists
cp: cannot create regular file '/dev/shm/linux/./drivers/pci/endpoint/pci-epc-mem.c': File exists
cp: cannot create regular file '/dev/shm/linux/./drivers/pci/host-bridge.c': File exists
cp: cannot create regular file '/dev/shm/linux/./drivers/pci/hotplug/Makefile': File exists
cp: cannot create regular file '/dev/shm/linux/./drivers/pci/hotplug/acpi_pcihp.c': File exists
cp: cannot create regular file '/dev/shm/linux/./drivers/pci/hotplug/acpiphp_ampere_altra.c': File exists
cp: cannot create regular file '/dev/shm/linux/./drivers/pci/hotplug/acpiphp_glue.c': File exists
cp: cannot create regular file '/dev/shm/linux/./drivers/pci/hotplug/cpci_hotplug.h': File exists
cp: cannot create regular file '/dev/shm/linux/./drivers/pci/hotplug/cpci_hotplug_core.c': File exists
cp: cannot create regular file '/dev/shm/linux/./drivers/pci/hotplug/cpcihp_generic.c': File exists
cp: cannot create regular file '/dev/shm/linux/./drivers/pci/hotplug/cpcihp_zt5550.h': File exists
cp: cannot create regular file '/dev/shm/linux/./drivers/pci/hotplug/cpqphp_core.c': File exists
cp: cannot create regular file '/dev/shm/linux/./drivers/pci/hotplug/cpqphp_nvram.c': File exists
cp: cannot create regular file '/dev/shm/linux/./drivers/pci/hotplug/cpqphp_pci.c': File exists
cp: cannot create regular file '/dev/shm/linux/./drivers/pci/hotplug/ibmphp.h': File exists
cp: cannot create regular file '/dev/shm/linux/./drivers/pci/hotplug/ibmphp_core.c': File exists
cp: cannot create regular file '/dev/shm/linux/./drivers/pci/hotplug/ibmphp_hpc.c': File exists
cp: cannot create regular file '/dev/shm/linux/./drivers/pci/hotplug/ibmphp_res.c': File exists
cp: cannot create regular file '/dev/shm/linux/./drivers/pci/hotplug/octep_hp.c': File exists
cp: cannot create regular file '/dev/shm/linux/./drivers/pci/hotplug/pciehp.h': File exists
cp: cannot create regular file '/dev/shm/linux/./drivers/pci/hotplug/pciehp_hpc.c': File exists
cp: cannot create regular file '/dev/shm/linux/./drivers/pci/hotplug/rpadlpar.h': File exists
cp: cannot create regular file '/dev/shm/linux/./drivers/pci/hotplug/rpadlpar_sysfs.c': File exists
cp: cannot create regular file '/dev/shm/linux/./drivers/pci/hotplug/rpaphp_core.c': File exists
cp: cannot create regular file '/dev/shm/linux/./drivers/pci/hotplug/rpaphp_slot.c': File exists
cp: cannot create regular file '/dev/shm/linux/./drivers/pci/hotplug/shpchp.h': File exists
cp: cannot create regular file '/dev/shm/linux/./drivers/pci/hotplug/shpchp_ctrl.c': File exists
cp: cannot create regular file '/dev/shm/linux/./drivers/pci/hotplug/shpchp_pci.c': File exists
cp: cannot create regular file '/dev/shm/linux/./drivers/pci/ide.c': File exists
cp: cannot create regular file '/dev/shm/linux/./drivers/pci/iov.c': File exists
cp: cannot create directory '/dev/shm/linux/./drivers/pci/msi': File exists
cp: cannot create regular file '/dev/shm/linux/./drivers/pci/pci-label.c': File exists
cp: cannot create regular file '/dev/shm/linux/./drivers/pci/pci-stub.c': File exists
cp: cannot create regular file '/dev/shm/linux/./drivers/pci/pci.c': File exists
cp: cannot create directory '/dev/shm/linux/./drivers/pci/pcie': File exists
cp: cannot create regular file '/dev/shm/linux/./drivers/pci/slot.c': File exists
cp: cannot create regular file '/dev/shm/linux/./drivers/pci/switch/Makefile': File exists
cp: cannot create regular file '/dev/shm/linux/./drivers/pci/syscall.c': File exists
cp: cannot create regular file '/dev/shm/linux/./drivers/pci/trace.c': File exists
cp: cannot create regular file '/dev/shm/linux/./drivers/pci/vc.c': File exists
cp: cannot create regular file '/dev/shm/linux/./drivers/pci/vpd.c': File exists
cp: cannot create directory '/dev/shm/linux/./drivers/pcmcia': File exists
cp: cannot create regular file '/dev/shm/linux/./drivers/perf/arm_v7_pmu.c': File exists
cp: cannot create regular file '/dev/shm/linux/./drivers/perf/cxl_pmu.c': File exists
cp: cannot create regular file '/dev/shm/linux/./drivers/perf/fsl_imx8_ddr_perf.c': File exists
cp: cannot create regular file '/dev/shm/linux/./drivers/perf/fujitsu_uncore_pmu.c': File exists
cp: cannot create regular file '/dev/shm/linux/./drivers/perf/hisilicon/Kconfig': File exists
cp: cannot create regular file '/dev/shm/linux/./drivers/perf/hisilicon/hisi_pcie_pmu.c': File exists
cp: cannot create regular file '/dev/shm/linux/./drivers/perf/hisilicon/hisi_uncore_ddrc_pmu.c': File exists
cp: cannot create regular file '/dev/shm/linux/./drivers/perf/hisilicon/hisi_uncore_mn_pmu.c': File exists
cp: cannot create regular file '/dev/shm/linux/./drivers/perf/hisilicon/hisi_uncore_pmu.c': File exists
cp: cannot create regular file '/dev/shm/linux/./drivers/perf/hisilicon/hisi_uncore_sllc_pmu.c': File exists
cp: cannot create regular file '/dev/shm/linux/./drivers/perf/hisilicon/hns3_pmu.c': File exists
cp: cannot create regular file '/dev/shm/linux/./drivers/perf/marvell_cn10k_tad_pmu.c': File exists
cp: cannot create regular file '/dev/shm/linux/./drivers/perf/nvidia_t410_c2c_pmu.c': File exists
cp: cannot create regular file '/dev/shm/linux/./drivers/perf/qcom_l2_pmu.c': File exists
cp: cannot create regular file '/dev/shm/linux/./drivers/perf/riscv_pmu.c': File exists
cp: cannot create regular file '/dev/shm/linux/./drivers/perf/riscv_pmu_sbi.c': File exists
cp: cannot create regular file '/dev/shm/linux/./drivers/perf/thunderx2_pmu.c': File exists
cp: cannot create directory '/dev/shm/linux/./drivers/phy': File exists
cp: cannot create regular file '/dev/shm/linux/./drivers/pinctrl/qcom/pinctrl-ipq5332.c': File exists
cp: cannot create regular file '/dev/shm/linux/./drivers/pinctrl/qcom/pinctrl-ipq6018.c': File exists
cp: cannot create regular file '/dev/shm/linux/./drivers/pinctrl/qcom/pinctrl-ipq8074.c': File exists
cp: cannot create regular file '/dev/shm/linux/./drivers/pinctrl/qcom/pinctrl-kaanapali.c': File exists
cp: cannot create regular file '/dev/shm/linux/./drivers/pinctrl/qcom/pinctrl-lpass-lpi.h': File exists
cp: cannot create regular file '/dev/shm/linux/./drivers/pinctrl/qcom/pinctrl-mdm9615.c': File exists
cp: cannot create regular file '/dev/shm/linux/./drivers/pinctrl/qcom/pinctrl-milos.c': File exists
cp: cannot create regular file '/dev/shm/linux/./drivers/pinctrl/qcom/pinctrl-msm.h': File exists
cp: cannot create regular file '/dev/shm/linux/./drivers/pinctrl/qcom/pinctrl-msm8660.c': File exists
cp: cannot create regular file '/dev/shm/linux/./drivers/pinctrl/qcom/pinctrl-msm8916.c': File exists
cp: cannot create regular file '/dev/shm/linux/./drivers/pinctrl/qcom/pinctrl-msm8953.c': File exists
cp: cannot create regular file '/dev/shm/linux/./drivers/pinctrl/qcom/pinctrl-msm8976.c': File exists
cp: cannot create regular file '/dev/shm/linux/./drivers/pinctrl/qcom/pinctrl-msm8996.c': File exists
cp: cannot create regular file '/dev/shm/linux/./drivers/pinctrl/qcom/pinctrl-msm8x74.c': File exists
cp: cannot create regular file '/dev/shm/linux/./drivers/pinctrl/qcom/pinctrl-qcs404.c': File exists
cp: cannot create regular file '/dev/shm/linux/./drivers/pinctrl/qcom/pinctrl-qcs8300.c': File exists
cp: cannot create regular file '/dev/shm/linux/./drivers/pinctrl/qcom/pinctrl-qdu1000.c': File exists
cp: cannot create regular file '/dev/shm/linux/./drivers/pinctrl/qcom/pinctrl-sar2130p.c': File exists
cp: cannot create regular file '/dev/shm/linux/./drivers/pinctrl/qcom/pinctrl-sc7280-lpass-lpi.c': File exists
cp: cannot create regular file '/dev/shm/linux/./drivers/pinctrl/qcom/pinctrl-sc8180x.c': File exists
cp: cannot create regular file '/dev/shm/linux/./drivers/pinctrl/qcom/pinctrl-sc8280xp.c': File exists
cp: cannot create regular file '/dev/shm/linux/./drivers/pinctrl/qcom/pinctrl-sdm660.c': File exists
cp: cannot create regular file '/dev/shm/linux/./drivers/pinctrl/qcom/pinctrl-sdm670.c': File exists
cp: cannot create regular file '/dev/shm/linux/./drivers/pinctrl/qcom/pinctrl-sdx55.c': File exists
cp: cannot create regular file '/dev/shm/linux/./drivers/pinctrl/qcom/pinctrl-sdx75.c': File exists
cp: cannot create regular file '/dev/shm/linux/./drivers/pinctrl/qcom/pinctrl-sm4450.c': File exists
cp: cannot create regular file '/dev/shm/linux/./drivers/pinctrl/qcom/pinctrl-sm6115.c': File exists
cp: cannot create regular file '/dev/shm/linux/./drivers/pinctrl/qcom/pinctrl-sm6350.c': File exists
cp: cannot create regular file '/dev/shm/linux/./drivers/pinctrl/qcom/pinctrl-sm7150.c': File exists
cp: cannot create regular file '/dev/shm/linux/./drivers/pinctrl/qcom/pinctrl-sm8250-lpass-lpi.c': File exists
cp: cannot create regular file '/dev/shm/linux/./drivers/pinctrl/qcom/pinctrl-sm8350.c': File exists
cp: cannot create regular file '/dev/shm/linux/./drivers/pinctrl/qcom/pinctrl-sm8450.c': File exists
cp: cannot create regular file '/dev/shm/linux/./drivers/pinctrl/qcom/pinctrl-sm8550.c': File exists
cp: cannot create regular file '/dev/shm/linux/./drivers/pinctrl/qcom/pinctrl-sm8750.c': File exists
cp: cannot create regular file '/dev/shm/linux/./drivers/pinctrl/qcom/pinctrl-spmi-mpp.c': File exists
cp: cannot create regular file '/dev/shm/linux/./drivers/pinctrl/qcom/pinctrl-ssbi-mpp.c': File exists
cp: cannot create regular file '/dev/shm/linux/./drivers/pinctrl/qcom/tlmm-test.c': File exists
cp: cannot create regular file '/dev/shm/linux/./drivers/pinctrl/realtek/Makefile': File exists
cp: cannot create regular file '/dev/shm/linux/./drivers/pinctrl/realtek/pinctrl-rtd.h': File exists
cp: cannot create regular file '/dev/shm/linux/./drivers/pinctrl/realtek/pinctrl-rtd1319d.c': File exists
cp: cannot create regular file '/dev/shm/linux/./drivers/pinctrl/realtek/pinctrl-rtd1625.c': File exists
cp: cannot create regular file '/dev/shm/linux/./drivers/pinctrl/renesas/Makefile': File exists
cp: cannot create regular file '/dev/shm/linux/./drivers/pinctrl/renesas/core.h': File exists
cp: cannot create regular file '/dev/shm/linux/./drivers/pinctrl/renesas/gpio.c': File exists
cp: cannot create regular file '/dev/shm/linux/./drivers/pinctrl/renesas/pfc-r8a73a4.c': File exists
cp: cannot create regular file '/dev/shm/linux/./drivers/pinctrl/renesas/pfc-r8a77470.c': File exists
cp: cannot create regular file '/dev/shm/linux/./drivers/pinctrl/renesas/pfc-r8a7779.c': File exists
cp: cannot create regular file '/dev/shm/linux/./drivers/pinctrl/renesas/pfc-r8a7791.c': File exists
cp: cannot create regular file '/dev/shm/linux/./drivers/pinctrl/renesas/pfc-r8a7794.c': File exists
cp: cannot create regular file '/dev/shm/linux/./drivers/pinctrl/renesas/pfc-r8a77965.c': File exists
cp: cannot create regular file '/dev/shm/linux/./drivers/pinctrl/renesas/pfc-r8a77980.c': File exists
cp: cannot create regular file '/dev/shm/linux/./drivers/pinctrl/renesas/pfc-r8a77995.c': File exists
cp: cannot create regular file '/dev/shm/linux/./drivers/pinctrl/renesas/pfc-r8a779f0.c': File exists
cp: cannot create regular file '/dev/shm/linux/./drivers/pinctrl/renesas/pfc-r8a779h0.c': File exists
cp: cannot create regular file '/dev/shm/linux/./drivers/pinctrl/renesas/pfc-sh7264.c': File exists
cp: cannot create regular file '/dev/shm/linux/./drivers/pinctrl/renesas/pfc-sh73a0.c': File exists
cp: cannot create regular file '/dev/shm/linux/./drivers/pinctrl/renesas/pfc-sh7723.c': File exists
cp: cannot create regular file '/dev/shm/linux/./drivers/pinctrl/renesas/pfc-sh7734.c': File exists
cp: cannot create regular file '/dev/shm/linux/./drivers/pinctrl/renesas/pfc-sh7785.c': File exists
cp: cannot create regular file '/dev/shm/linux/./drivers/pinctrl/renesas/pfc-shx3.c': File exists
cp: cannot create regular file '/dev/shm/linux/./drivers/pinctrl/renesas/pinctrl-rza2.c': File exists
cp: cannot create regular file '/dev/shm/linux/./drivers/pinctrl/renesas/pinctrl-rzn1.c': File exists
cp: cannot create regular file '/dev/shm/linux/./drivers/pinctrl/renesas/pinctrl-rzv2m.c': File exists
cp: cannot create regular file '/dev/shm/linux/./drivers/pinctrl/renesas/sh_pfc.h': File exists
cp: cannot create regular file '/dev/shm/linux/./drivers/pinctrl/samsung/Makefile': File exists
cp: cannot create regular file '/dev/shm/linux/./drivers/pinctrl/samsung/pinctrl-exynos-arm64.c': File exists
cp: cannot create regular file '/dev/shm/linux/./drivers/pinctrl/samsung/pinctrl-exynos.h': File exists
cp: cannot create regular file '/dev/shm/linux/./drivers/pinctrl/samsung/pinctrl-samsung.c': File exists
cp: cannot create directory '/dev/shm/linux/./drivers/pinctrl/sophgo': File exists
cp: cannot create regular file '/dev/shm/linux/./drivers/pinctrl/spear/pinctrl-spear320.c': File exists
cp: cannot create directory '/dev/shm/linux/./drivers/pinctrl/sprd': File exists
cp: cannot create regular file '/dev/shm/linux/./drivers/pinctrl/starfive/pinctrl-starfive-jh7110.h': File exists
cp: cannot create directory '/dev/shm/linux/./drivers/pinctrl/stm32': File exists
cp: cannot create regular file '/dev/shm/linux/./drivers/pinctrl/sunxi/pinctrl-sun50i-h6.c': File exists
cp: cannot create regular file '/dev/shm/linux/./drivers/pinctrl/sunxi/pinctrl-sun55i-a523-r.c': File exists
cp: cannot create regular file '/dev/shm/linux/./drivers/pinctrl/sunxi/pinctrl-sun55i-a523.c': File exists
cp: cannot create regular file '/dev/shm/linux/./drivers/pinctrl/sunxi/pinctrl-sun6i-a31-r.c': File exists
cp: cannot create regular file '/dev/shm/linux/./drivers/pinctrl/sunxi/pinctrl-sun6i-a31.c': File exists
cp: cannot create regular file '/dev/shm/linux/./drivers/pinctrl/sunxi/pinctrl-sun8i-a23.c': File exists
cp: cannot create regular file '/dev/shm/linux/./drivers/pinctrl/sunxi/pinctrl-sun8i-a83t-r.c': File exists
cp: cannot create regular file '/dev/shm/linux/./drivers/pinctrl/sunxi/pinctrl-sun8i-h3-r.c': File exists
cp: cannot create regular file '/dev/shm/linux/./drivers/pinctrl/sunxi/pinctrl-sun8i-h3.c': File exists
cp: cannot create regular file '/dev/shm/linux/./drivers/pinctrl/sunxi/pinctrl-sun9i-a80-r.c': File exists
cp: cannot create regular file '/dev/shm/linux/./drivers/pinctrl/sunxi/pinctrl-sun9i-a80.c': File exists
cp: cannot create regular file '/dev/shm/linux/./drivers/pinctrl/sunxi/pinctrl-sunxi-dt.c': File exists
cp: cannot create regular file '/dev/shm/linux/./drivers/pinctrl/sunxi/pinctrl-sunxi.h': File exists
cp: cannot create regular file '/dev/shm/linux/./drivers/pinctrl/tegra/Kconfig': File exists
cp: cannot create regular file '/dev/shm/linux/./drivers/pinctrl/tegra/pinctrl-tegra-xusb.c': File exists
cp: cannot create regular file '/dev/shm/linux/./drivers/pinctrl/tegra/pinctrl-tegra.h': File exists
cp: cannot create regular file '/dev/shm/linux/./drivers/pinctrl/tegra/pinctrl-tegra124.c': File exists
cp: cannot create regular file '/dev/shm/linux/./drivers/pinctrl/tegra/pinctrl-tegra194.c': File exists
cp: cannot create regular file '/dev/shm/linux/./drivers/pinctrl/tegra/pinctrl-tegra210.c': File exists
cp: cannot create regular file '/dev/shm/linux/./drivers/pinctrl/tegra/pinctrl-tegra30.c': File exists
cp: cannot create regular file '/dev/shm/linux/./drivers/pinctrl/ti/Kconfig': File exists
cp: cannot create directory '/dev/shm/linux/./drivers/pinctrl/uniphier': File exists
cp: cannot create directory '/dev/shm/linux/./drivers/platform/arm64': File exists
cp: cannot create regular file '/dev/shm/linux/./drivers/platform/chrome/cros_ec.c': File exists
cp: cannot create regular file '/dev/shm/linux/./drivers/platform/chrome/cros_ec_chardev.c': File exists
cp: cannot create regular file '/dev/shm/linux/./drivers/platform/chrome/cros_ec_i2c.c': File exists
cp: cannot create regular file '/dev/shm/linux/./drivers/platform/chrome/cros_ec_lightbar.c': File exists
cp: cannot create regular file '/dev/shm/linux/./drivers/platform/chrome/cros_ec_lpc_mec.c': File exists
cp: cannot create regular file '/dev/shm/linux/./drivers/platform/chrome/cros_ec_proto.c': File exists
cp: cannot create regular file '/dev/shm/linux/./drivers/platform/chrome/cros_ec_proto_test_util.c': File exists
cp: cannot create regular file '/dev/shm/linux/./drivers/platform/chrome/cros_ec_rpmsg.c': File exists
cp: cannot create regular file '/dev/shm/linux/./drivers/platform/chrome/cros_ec_sensorhub_ring.c': File exists
cp: cannot create regular file '/dev/shm/linux/./drivers/platform/chrome/cros_ec_spi.c': File exists
cp: cannot create regular file '/dev/shm/linux/./drivers/platform/chrome/cros_ec_trace.c': File exists
cp: cannot create regular file '/dev/shm/linux/./drivers/platform/chrome/cros_ec_typec.h': File exists
cp: cannot create regular file '/dev/shm/linux/./drivers/platform/chrome/cros_ec_vbc.c': File exists
cp: cannot create regular file '/dev/shm/linux/./drivers/platform/chrome/cros_kbd_led_backlight.c': File exists
cp: cannot create regular file '/dev/shm/linux/./drivers/platform/chrome/cros_typec_altmode.h': File exists
cp: cannot create regular file '/dev/shm/linux/./drivers/platform/chrome/cros_typec_vdm.c': File exists
cp: cannot create regular file '/dev/shm/linux/./drivers/platform/chrome/cros_usbpd_logger.c': File exists
cp: cannot create regular file '/dev/shm/linux/./drivers/platform/chrome/wilco_ec/Kconfig': File exists
cp: cannot create regular file '/dev/shm/linux/./drivers/platform/chrome/wilco_ec/core.c': File exists
cp: cannot create regular file '/dev/shm/linux/./drivers/platform/chrome/wilco_ec/event.c': File exists
cp: cannot create regular file '/dev/shm/linux/./drivers/platform/chrome/wilco_ec/mailbox.c': File exists
cp: cannot create regular file '/dev/shm/linux/./drivers/platform/chrome/wilco_ec/sysfs.c': File exists
cp: cannot create directory '/dev/shm/linux/./drivers/platform/cznic': File exists
cp: cannot create regular file '/dev/shm/linux/./drivers/platform/mellanox/mlxbf-bootctl.c': File exists
cp: cannot create regular file '/dev/shm/linux/./drivers/platform/mellanox/mlxbf-pmc.c': File exists
cp: cannot create regular file '/dev/shm/linux/./drivers/platform/mellanox/mlxbf-tmfifo.c': File exists
cp: cannot create regular file '/dev/shm/linux/./drivers/platform/mellanox/mlxreg-lc.c': File exists
cp: cannot create directory '/dev/shm/linux/./drivers/platform/mips': File exists
cp: cannot create directory '/dev/shm/linux/./drivers/platform/surface': File exists
cp: cannot create regular file '/dev/shm/linux/./drivers/platform/wmi/tests/marshalling_kunit.c': File exists
cp: cannot create regular file '/dev/shm/linux/./drivers/platform/wmi/tests/string_kunit.c': File exists
cp: cannot create regular file '/dev/shm/linux/./drivers/platform/x86/Makefile': File exists
cp: cannot create regular file '/dev/shm/linux/./drivers/platform/x86/acer-wmi.c': File exists
cp: cannot create regular file '/dev/shm/linux/./drivers/platform/x86/adv_swbutton.c': File exists
cp: cannot create directory '/dev/shm/linux/./drivers/platform/x86/amd': File exists
cp: cannot create regular file '/dev/shm/linux/./drivers/platform/x86/dell/dell-uart-backlight.c': File exists
cp: cannot create regular file '/dev/shm/linux/./drivers/platform/x86/dell/dell-wmi-base.c': File exists
cp: cannot create regular file '/dev/shm/linux/./drivers/platform/x86/dell/dell-wmi-descriptor.c': File exists
cp: cannot create regular file '/dev/shm/linux/./drivers/platform/x86/dell/dell-wmi-led.c': File exists
cp: cannot create regular file '/dev/shm/linux/./drivers/platform/x86/dell/dell-wmi-privacy.h': File exists
cp: cannot create regular file '/dev/shm/linux/./drivers/platform/x86/dell/dell-wmi-sysman/biosattr-interface.c': File exists
cp: cannot create regular file '/dev/shm/linux/./drivers/platform/x86/dell/dell-wmi-sysman/enum-attributes.c': File exists
cp: cannot create regular file '/dev/shm/linux/./drivers/platform/x86/dell/dell-wmi-sysman/passobj-attributes.c': File exists
cp: cannot create regular file '/dev/shm/linux/./drivers/platform/x86/dell/dell-wmi-sysman/passwordattr-interface.c': File exists
cp: cannot create regular file '/dev/shm/linux/./drivers/platform/x86/dell/dell-wmi-sysman/sysman.c': File exists
cp: cannot create regular file '/dev/shm/linux/./drivers/platform/x86/dual_accel_detect.h': File exists
cp: cannot create regular file '/dev/shm/linux/./drivers/platform/x86/eeepc-wmi.c': File exists
cp: cannot create regular file '/dev/shm/linux/./drivers/platform/x86/fujitsu-laptop.c': File exists
cp: cannot create regular file '/dev/shm/linux/./drivers/platform/x86/gigabyte-wmi.c': File exists
cp: cannot create regular file '/dev/shm/linux/./drivers/platform/x86/hdaps.c': File exists
cp: cannot create regular file '/dev/shm/linux/./drivers/platform/x86/hp/Makefile': File exists
cp: cannot create regular file '/dev/shm/linux/./drivers/platform/x86/hp/hp-bioscfg/Makefile': File exists
cp: cannot create regular file '/dev/shm/linux/./drivers/platform/x86/hp/hp-bioscfg/bioscfg.c': File exists
cp: cannot create regular file '/dev/shm/linux/./drivers/platform/x86/hp/hp-bioscfg/enum-attributes.c': File exists
cp: cannot create regular file '/dev/shm/linux/./drivers/platform/x86/hp/hp-bioscfg/order-list-attributes.c': File exists
cp: cannot create regular file '/dev/shm/linux/./drivers/platform/x86/hp/hp-bioscfg/spmobj-attributes.c': File exists
cp: cannot create regular file '/dev/shm/linux/./drivers/platform/x86/hp/hp-bioscfg/surestart-attributes.c': File exists
cp: cannot create regular file '/dev/shm/linux/./drivers/platform/x86/hp/hp_accel.c': File exists
cp: cannot create regular file '/dev/shm/linux/./drivers/platform/x86/huawei-wmi.c': File exists
cp: cannot create regular file '/dev/shm/linux/./drivers/platform/x86/inspur_platform_profile.c': File exists
cp: cannot create regular file '/dev/shm/linux/./drivers/platform/x86/intel/Kconfig': File exists
cp: cannot create directory '/dev/shm/linux/./drivers/platform/x86/intel/atomisp2': File exists
cp: cannot create regular file '/dev/shm/linux/./drivers/platform/x86/intel/ehl_pse_io.c': File exists
cp: cannot create directory '/dev/shm/linux/./drivers/platform/x86/intel/ifs': File exists
cp: cannot create regular file '/dev/shm/linux/./drivers/platform/x86/intel/int3472/clk_and_regulator.c': File exists
cp: cannot create regular file '/dev/shm/linux/./drivers/platform/x86/intel/int3472/discrete.c': File exists
cp: cannot create regular file '/dev/shm/linux/./drivers/platform/x86/intel/int3472/led.c': File exists
cp: cannot create regular file '/dev/shm/linux/./drivers/platform/x86/intel/int3472/tps68470.h': File exists
cp: cannot create regular file '/dev/shm/linux/./drivers/platform/x86/intel/mrfld_pwrbtn.c': File exists
cp: cannot create regular file '/dev/shm/linux/./drivers/platform/x86/intel/plr_tpmi.c': File exists
cp: cannot create regular file '/dev/shm/linux/./drivers/platform/x86/intel/pmc/Kconfig': File exists
cp: cannot create regular file '/dev/shm/linux/./drivers/platform/x86/intel/pmc/adl.c': File exists
cp: cannot create regular file '/dev/shm/linux/./drivers/platform/x86/intel/pmc/cnp.c': File exists
cp: cannot create regular file '/dev/shm/linux/./drivers/platform/x86/intel/pmc/core.h': File exists
cp: cannot create regular file '/dev/shm/linux/./drivers/platform/x86/intel/pmc/pltdrv.c': File exists
cp: cannot create regular file '/dev/shm/linux/./drivers/platform/x86/intel/pmc/spt.c': File exists
cp: cannot create regular file '/dev/shm/linux/./drivers/platform/x86/intel/pmc/ssram_telemetry.h': File exists
cp: cannot create regular file '/dev/shm/linux/./drivers/platform/x86/intel/pmc/tgl.c': File exists
cp: cannot create directory '/dev/shm/linux/./drivers/platform/x86/intel/pmt': File exists
cp: cannot create regular file '/dev/shm/linux/./drivers/platform/x86/intel/speed_select_if/isst_tpmi.c': File exists
cp: cannot create regular file '/dev/shm/linux/./drivers/platform/x86/intel/speed_select_if/isst_tpmi_core.c': File exists
cp: cannot create regular file '/dev/shm/linux/./drivers/platform/x86/intel/tpmi_power_domains.c': File exists
cp: cannot create regular file '/dev/shm/linux/./drivers/platform/x86/intel/tpmi_power_domains.h': File exists
cp: cannot create regular file '/dev/shm/linux/./drivers/platform/x86/intel/turbo_max_3.c': File exists
cp: cannot create directory '/dev/shm/linux/./drivers/platform/x86/intel/uncore-frequency': File exists
cp: cannot create regular file '/dev/shm/linux/./drivers/platform/x86/intel_ips.c': File exists
cp: cannot create regular file '/dev/shm/linux/./drivers/platform/x86/intel_ips.h': File exists
cp: cannot create regular file '/dev/shm/linux/./drivers/platform/x86/intel_scu_ipc.c': File exists
cp: cannot create regular file '/dev/shm/linux/./drivers/platform/x86/intel_scu_ipcutil.c': File exists
cp: cannot create regular file '/dev/shm/linux/./drivers/platform/x86/intel_scu_pcidrv.c': File exists
cp: cannot create regular file '/dev/shm/linux/./drivers/platform/x86/intel_scu_pltdrv.c': File exists
cp: cannot create directory '/dev/shm/linux/./drivers/platform/x86/lenovo': File exists
cp: cannot create regular file '/dev/shm/linux/./drivers/platform/x86/serdev_helpers.h': File exists
cp: cannot create regular file '/dev/shm/linux/./drivers/platform/x86/serial-multi-instantiate.c': File exists
cp: cannot create regular file '/dev/shm/linux/./drivers/platform/x86/siemens/Kconfig': File exists
cp: cannot create regular file '/dev/shm/linux/./drivers/platform/x86/siemens/simatic-ipc-batt-apollolake.c': File exists
cp: cannot create regular file '/dev/shm/linux/./drivers/platform/x86/siemens/simatic-ipc-batt-f7188x.c': File exists
cp: cannot create regular file '/dev/shm/linux/./drivers/platform/x86/siemens/simatic-ipc-batt.h': File exists
cp: cannot create regular file '/dev/shm/linux/./drivers/platform/x86/silicom-platform.c': File exists
cp: cannot create regular file '/dev/shm/linux/./drivers/platform/x86/system76_acpi.c': File exists
cp: cannot create regular file '/dev/shm/linux/./drivers/platform/x86/toshiba_acpi.c': File exists
cp: cannot create regular file '/dev/shm/linux/./drivers/platform/x86/toshiba_haps.c': File exists
cp: cannot create directory '/dev/shm/linux/./drivers/platform/x86/tuxedo': File exists
cp: cannot create regular file '/dev/shm/linux/./drivers/platform/x86/wireless-hotkey.c': File exists
cp: cannot create directory '/dev/shm/linux/./drivers/platform/x86/x86-android-tablets': File exists
cp: cannot create regular file '/dev/shm/linux/./drivers/pmdomain/amlogic/meson-secure-pwrc.c': File exists
cp: cannot create regular file '/dev/shm/linux/./drivers/pmdomain/apple/Kconfig': File exists
cp: cannot create regular file '/dev/shm/linux/./drivers/pmdomain/apple/pmgr-pwrstate.c': File exists
cp: cannot create regular file '/dev/shm/linux/./drivers/pmdomain/arm/Kconfig': File exists
cp: cannot create regular file '/dev/shm/linux/./drivers/pmdomain/arm/scmi_perf_domain.c': File exists
cp: cannot create directory '/dev/shm/linux/./drivers/pmdomain/bcm': File exists
cp: cannot create regular file '/dev/shm/linux/./drivers/pmdomain/imx/imx8m-blk-ctrl.c': File exists
cp: cannot create regular file '/dev/shm/linux/./drivers/pmdomain/imx/imx93-blk-ctrl.c': File exists
cp: cannot create directory '/dev/shm/linux/./drivers/pmdomain/marvell': File exists
cp: cannot create regular file '/dev/shm/linux/./drivers/pmdomain/mediatek/mt6795-pm-domains.h': File exists
cp: cannot create regular file '/dev/shm/linux/./drivers/pmdomain/mediatek/mt8167-pm-domains.h': File exists
cp: cannot create regular file '/dev/shm/linux/./drivers/pmdomain/mediatek/mt8173-pm-domains.h': File exists
cp: cannot create regular file '/dev/shm/linux/./drivers/pmdomain/mediatek/mt8186-pm-domains.h': File exists
cp: cannot create regular file '/dev/shm/linux/./drivers/pmdomain/mediatek/mt8189-pm-domains.h': File exists
cp: cannot create regular file '/dev/shm/linux/./drivers/pmdomain/mediatek/mt8195-pm-domains.h': File exists
cp: cannot create regular file '/dev/shm/linux/./drivers/pmdomain/mediatek/mt8365-pm-domains.h': File exists
cp: cannot create regular file '/dev/shm/linux/./drivers/pmdomain/mediatek/mtk-pm-domains.c': File exists
cp: cannot create directory '/dev/shm/linux/./drivers/pmdomain/qcom': File exists
cp: cannot create regular file '/dev/shm/linux/./drivers/pmdomain/renesas/r8a774a1-sysc.c': File exists
cp: cannot create regular file '/dev/shm/linux/./drivers/pmdomain/renesas/r8a774c0-sysc.c': File exists
cp: cannot create regular file '/dev/shm/linux/./drivers/pmdomain/renesas/r8a7779-sysc.c': File exists
cp: cannot create regular file '/dev/shm/linux/./drivers/pmdomain/renesas/r8a7791-sysc.c': File exists
cp: cannot create regular file '/dev/shm/linux/./drivers/pmdomain/renesas/r8a7794-sysc.c': File exists
cp: cannot create regular file '/dev/shm/linux/./drivers/pmdomain/renesas/r8a77960-sysc.c': File exists
cp: cannot create regular file '/dev/shm/linux/./drivers/pmdomain/renesas/r8a77965-sysc.c': File exists
cp: cannot create regular file '/dev/shm/linux/./drivers/pmdomain/renesas/r8a77980-sysc.c': File exists
cp: cannot create regular file '/dev/shm/linux/./drivers/pmdomain/renesas/r8a77990-sysc.c': File exists
cp: cannot create regular file '/dev/shm/linux/./drivers/pmdomain/renesas/r8a779a0-sysc.c': File exists
cp: cannot create regular file '/dev/shm/linux/./drivers/pmdomain/renesas/r8a779g0-sysc.c': File exists
cp: cannot create regular file '/dev/shm/linux/./drivers/pmdomain/renesas/rcar-gen4-sysc.c': File exists
cp: cannot create regular file '/dev/shm/linux/./drivers/pmdomain/renesas/rcar-sysc.c': File exists
cp: cannot create regular file '/dev/shm/linux/./drivers/pmdomain/renesas/rmobile-sysc.c': File exists
cp: cannot create regular file '/dev/shm/linux/./drivers/pmdomain/rockchip/Kconfig': File exists
cp: cannot create regular file '/dev/shm/linux/./drivers/pmdomain/rockchip/pm-domains.c': File exists
cp: cannot create regular file '/dev/shm/linux/./drivers/pmdomain/samsung/Kconfig': File exists
cp: cannot create regular file '/dev/shm/linux/./drivers/pmdomain/samsung/exynos-pm-domains.c': File exists
cp: cannot create regular file '/dev/shm/linux/./drivers/pmdomain/st/Kconfig': File exists
cp: cannot create regular file '/dev/shm/linux/./drivers/pmdomain/st/ste-ux500-pm-domain.c': File exists
cp: cannot create directory '/dev/shm/linux/./drivers/pmdomain/starfive': File exists
cp: cannot create regular file '/dev/shm/linux/./drivers/pmdomain/sunxi/sun55i-pck600.c': File exists
cp: cannot create directory '/dev/shm/linux/./drivers/pmdomain/thead': File exists
cp: cannot create regular file '/dev/shm/linux/./drivers/pmdomain/ti/Kconfig': File exists
cp: cannot create regular file '/dev/shm/linux/./drivers/pmdomain/ti/ti_sci_pm_domains.c': File exists
cp: cannot create regular file '/dev/shm/linux/./drivers/pmdomain/xilinx/Kconfig': File exists
cp: cannot create directory '/dev/shm/linux/./drivers/pnp': File exists
cp: cannot create regular file '/dev/shm/linux/./drivers/power/reset/regulator-poweroff.c': File exists
cp: cannot create regular file '/dev/shm/linux/./drivers/power/reset/rmobile-reset.c': File exists
cp: cannot create regular file '/dev/shm/linux/./drivers/power/reset/spacemit-p1-reboot.c': File exists
cp: cannot create regular file '/dev/shm/linux/./drivers/power/reset/syscon-poweroff.c': File exists
cp: cannot create regular file '/dev/shm/linux/./drivers/power/reset/syscon-reboot.c': File exists
cp: cannot create regular file '/dev/shm/linux/./drivers/power/reset/th1520-aon-reboot.c': File exists
cp: cannot create regular file '/dev/shm/linux/./drivers/power/reset/vexpress-poweroff.c': File exists
cp: cannot create directory '/dev/shm/linux/./drivers/power/sequencing': File exists
cp: cannot create regular file '/dev/shm/linux/./drivers/power/supply/ab8500_bmdata.c': File exists
cp: cannot create regular file '/dev/shm/linux/./drivers/power/supply/ab8500_chargalg.c': File exists
cp: cannot create regular file '/dev/shm/linux/./drivers/power/supply/ab8500_fg.c': File exists
cp: cannot create regular file '/dev/shm/linux/./drivers/power/supply/act8945a_charger.c': File exists
cp: cannot create regular file '/dev/shm/linux/./drivers/power/supply/adp5061.c': File exists
cp: cannot create regular file '/dev/shm/linux/./drivers/power/supply/axp20x_ac_power.c': File exists
cp: cannot create regular file '/dev/shm/linux/./drivers/power/supply/axp20x_usb_power.c': File exists
cp: cannot create regular file '/dev/shm/linux/./drivers/power/supply/axp288_fuel_gauge.c': File exists
cp: cannot create regular file '/dev/shm/linux/./drivers/power/supply/bd99954-charger.c': File exists
cp: cannot create regular file '/dev/shm/linux/./drivers/power/supply/bq2415x_charger.c': File exists
cp: cannot create regular file '/dev/shm/linux/./drivers/power/supply/bq24257_charger.c': File exists
cp: cannot create regular file '/dev/shm/linux/./drivers/power/supply/bq2515x_charger.c': File exists
cp: cannot create regular file '/dev/shm/linux/./drivers/power/supply/bq257xx_charger.c': File exists
cp: cannot create regular file '/dev/shm/linux/./drivers/power/supply/bq25980_charger.c': File exists
cp: cannot create regular file '/dev/shm/linux/./drivers/power/supply/bq27xxx_battery_hdq.c': File exists
cp: cannot create regular file '/dev/shm/linux/./drivers/power/supply/chagall-battery.c': File exists
cp: cannot create regular file '/dev/shm/linux/./drivers/power/supply/collie_battery.c': File exists
cp: cannot create regular file '/dev/shm/linux/./drivers/power/supply/cros_charge-control.c': File exists
cp: cannot create regular file '/dev/shm/linux/./drivers/power/supply/cros_usbpd-charger.c': File exists
cp: cannot create regular file '/dev/shm/linux/./drivers/power/supply/da9030_battery.c': File exists
cp: cannot create regular file '/dev/shm/linux/./drivers/power/supply/da9150-fg.c': File exists
cp: cannot create regular file '/dev/shm/linux/./drivers/power/supply/ds2780_battery.c': File exists
cp: cannot create regular file '/dev/shm/linux/./drivers/power/supply/ds2782_battery.c': File exists
cp: cannot create regular file '/dev/shm/linux/./drivers/power/supply/goldfish_battery.c': File exists
cp: cannot create regular file '/dev/shm/linux/./drivers/power/supply/ingenic-battery.c': File exists
cp: cannot create regular file '/dev/shm/linux/./drivers/power/supply/ip5xxx_power.c': File exists
cp: cannot create regular file '/dev/shm/linux/./drivers/power/supply/isp1704_charger.c': File exists
cp: cannot create regular file '/dev/shm/linux/./drivers/power/supply/lenovo_yoga_c630_battery.c': File exists
cp: cannot create regular file '/dev/shm/linux/./drivers/power/supply/lp8788-charger.c': File exists
cp: cannot create regular file '/dev/shm/linux/./drivers/power/supply/ltc2941-battery-gauge.c': File exists
cp: cannot create regular file '/dev/shm/linux/./drivers/power/supply/macsmc-power.c': File exists
cp: cannot create regular file '/dev/shm/linux/./drivers/power/supply/max14656_charger_detector.c': File exists
cp: cannot create regular file '/dev/shm/linux/./drivers/power/supply/max1720x_battery.c': File exists
cp: cannot create regular file '/dev/shm/linux/./drivers/power/supply/max77650-charger.c': File exists
cp: cannot create regular file '/dev/shm/linux/./drivers/power/supply/max77705_charger.c': File exists
cp: cannot create regular file '/dev/shm/linux/./drivers/power/supply/max77976_charger.c': File exists
cp: cannot create regular file '/dev/shm/linux/./drivers/power/supply/max8925_power.c': File exists
cp: cannot create regular file '/dev/shm/linux/./drivers/power/supply/max8997_charger.c': File exists
cp: cannot create regular file '/dev/shm/linux/./drivers/power/supply/mm8013.c': File exists
cp: cannot create regular file '/dev/shm/linux/./drivers/power/supply/mt6360_charger.c': File exists
cp: cannot create regular file '/dev/shm/linux/./drivers/power/supply/olpc_battery.c': File exists
cp: cannot create regular file '/dev/shm/linux/./drivers/power/supply/pm8916_lbc.c': File exists
cp: cannot create regular file '/dev/shm/linux/./drivers/power/supply/power_supply.h': File exists
cp: cannot create regular file '/dev/shm/linux/./drivers/power/supply/power_supply_hwmon.c': File exists
cp: cannot create regular file '/dev/shm/linux/./drivers/power/supply/power_supply_sysfs.c': File exists
cp: cannot create regular file '/dev/shm/linux/./drivers/power/supply/qcom_smbb.c': File exists
cp: cannot create regular file '/dev/shm/linux/./drivers/power/supply/rk817_charger.c': File exists
cp: cannot create regular file '/dev/shm/linux/./drivers/power/supply/rt5033_battery.c': File exists
cp: cannot create regular file '/dev/shm/linux/./drivers/power/supply/rt9455_charger.c': File exists
cp: cannot create regular file '/dev/shm/linux/./drivers/power/supply/rt9471.c': File exists
cp: cannot create regular file '/dev/shm/linux/./drivers/power/supply/rx51_battery.c': File exists
cp: cannot create regular file '/dev/shm/linux/./drivers/power/supply/samsung-sdi-battery.c': File exists
cp: cannot create regular file '/dev/shm/linux/./drivers/power/supply/sbs-charger.c': File exists
cp: cannot create regular file '/dev/shm/linux/./drivers/power/supply/sc2731_charger.c': File exists
cp: cannot create regular file '/dev/shm/linux/./drivers/power/supply/smb347-charger.c': File exists
cp: cannot create regular file '/dev/shm/linux/./drivers/power/supply/surface_battery.c': File exists
cp: cannot create regular file '/dev/shm/linux/./drivers/power/supply/test_power.c': File exists
cp: cannot create regular file '/dev/shm/linux/./drivers/power/supply/tps65217_charger.c': File exists
cp: cannot create regular file '/dev/shm/linux/./drivers/power/supply/twl4030_madc_battery.c': File exists
cp: cannot create regular file '/dev/shm/linux/./drivers/power/supply/ucs1002_power.c': File exists
cp: cannot create regular file '/dev/shm/linux/./drivers/power/supply/wilco-charger.c': File exists
cp: cannot create regular file '/dev/shm/linux/./drivers/power/supply/wm831x_power.c': File exists
cp: cannot create regular file '/dev/shm/linux/./drivers/power/supply/wm97xx_battery.c': File exists
cp: cannot create regular file '/dev/shm/linux/./drivers/powercap/Makefile': File exists
cp: cannot create regular file '/dev/shm/linux/./drivers/powercap/dtpm.c': File exists
cp: cannot create regular file '/dev/shm/linux/./drivers/powercap/dtpm_subsys.h': File exists
cp: cannot create regular file '/dev/shm/linux/./drivers/powercap/intel_rapl_common.c': File exists
cp: cannot create regular file '/dev/shm/linux/./drivers/powercap/intel_rapl_tpmi.c': File exists
cp: cannot create directory '/dev/shm/linux/./drivers/pps': File exists
cp: cannot create regular file '/dev/shm/linux/./drivers/ptp/ptp_idt82p33.c': File exists
cp: cannot create regular file '/dev/shm/linux/./drivers/ptp/ptp_kvm_arm.c': File exists
cp: cannot create regular file '/dev/shm/linux/./drivers/ptp/ptp_kvm_x86.c': File exists
cp: cannot create regular file '/dev/shm/linux/./drivers/ptp/ptp_netc.c': File exists
cp: cannot create regular file '/dev/shm/linux/./drivers/ptp/ptp_pch.c': File exists
cp: cannot create regular file '/dev/shm/linux/./drivers/ptp/ptp_qoriq.c': File exists
cp: cannot create regular file '/dev/shm/linux/./drivers/ptp/ptp_vclock.c': File exists
cp: cannot create regular file '/dev/shm/linux/./drivers/ptp/ptp_vmw.c': File exists
cp: cannot create regular file '/dev/shm/linux/./drivers/pwm/Kconfig': File exists
cp: cannot create regular file '/dev/shm/linux/./drivers/pwm/pwm-ab8500.c': File exists
cp: cannot create regular file '/dev/shm/linux/./drivers/pwm/pwm-airoha.c': File exists
cp: cannot create regular file '/dev/shm/linux/./drivers/pwm/pwm-argon-fan-hat.c': File exists
cp: cannot create regular file '/dev/shm/linux/./drivers/pwm/pwm-atmel-tcb.c': File exists
cp: cannot create regular file '/dev/shm/linux/./drivers/pwm/pwm-axi-pwmgen.c': File exists
cp: cannot create regular file '/dev/shm/linux/./drivers/pwm/pwm-bcm-kona.c': File exists
cp: cannot create regular file '/dev/shm/linux/./drivers/pwm/pwm-berlin.c': File exists
cp: cannot create regular file '/dev/shm/linux/./drivers/pwm/pwm-clps711x.c': File exists
cp: cannot create regular file '/dev/shm/linux/./drivers/pwm/pwm-cros-ec.c': File exists
cp: cannot create regular file '/dev/shm/linux/./drivers/pwm/pwm-dwc.c': File exists
cp: cannot create regular file '/dev/shm/linux/./drivers/pwm/pwm-ep93xx.c': File exists
cp: cannot create regular file '/dev/shm/linux/./drivers/pwm/pwm-gpio.c': File exists
cp: cannot create regular file '/dev/shm/linux/./drivers/pwm/pwm-img.c': File exists
cp: cannot create regular file '/dev/shm/linux/./drivers/pwm/pwm-imx1.c': File exists
cp: cannot create regular file '/dev/shm/linux/./drivers/pwm/pwm-iqs620a.c': File exists
cp: cannot create regular file '/dev/shm/linux/./drivers/pwm/pwm-keembay.c': File exists
cp: cannot create regular file '/dev/shm/linux/./drivers/pwm/pwm-lp3943.c': File exists
cp: cannot create regular file '/dev/shm/linux/./drivers/pwm/pwm-lpc32xx.c': File exists
cp: cannot create regular file '/dev/shm/linux/./drivers/pwm/pwm-lpss-platform.c': File exists
cp: cannot create regular file '/dev/shm/linux/./drivers/pwm/pwm-lpss.h': File exists
cp: cannot create regular file '/dev/shm/linux/./drivers/pwm/pwm-mc33xs2410.c': File exists
cp: cannot create regular file '/dev/shm/linux/./drivers/pwm/pwm-meson.c': File exists
cp: cannot create regular file '/dev/shm/linux/./drivers/pwm/pwm-mtk-disp.c': File exists
cp: cannot create regular file '/dev/shm/linux/./drivers/pwm/pwm-ntxec.c': File exists
cp: cannot create regular file '/dev/shm/linux/./drivers/pwm/pwm-pca9685.c': File exists
cp: cannot create regular file '/dev/shm/linux/./drivers/pwm/pwm-raspberrypi-poe.c': File exists
cp: cannot create regular file '/dev/shm/linux/./drivers/pwm/pwm-rcar.c': File exists
cp: cannot create regular file '/dev/shm/linux/./drivers/pwm/pwm-renesas-tpu.c': File exists
cp: cannot create regular file '/dev/shm/linux/./drivers/pwm/pwm-rockchip.c': File exists
cp: cannot create regular file '/dev/shm/linux/./drivers/pwm/pwm-rz-mtu3.c': File exists
cp: cannot create regular file '/dev/shm/linux/./drivers/pwm/pwm-samsung.c': File exists
cp: cannot create regular file '/dev/shm/linux/./drivers/pwm/pwm-sl28cpld.c': File exists
cp: cannot create regular file '/dev/shm/linux/./drivers/pwm/pwm-sprd.c': File exists
cp: cannot create regular file '/dev/shm/linux/./drivers/pwm/pwm-stm32-lp.c': File exists
cp: cannot create regular file '/dev/shm/linux/./drivers/pwm/pwm-stmpe.c': File exists
cp: cannot create regular file '/dev/shm/linux/./drivers/pwm/pwm-sunplus.c': File exists
cp: cannot create regular file '/dev/shm/linux/./drivers/pwm/pwm-tiecap.c': File exists
cp: cannot create regular file '/dev/shm/linux/./drivers/pwm/pwm-twl-led.c': File exists
cp: cannot create regular file '/dev/shm/linux/./drivers/pwm/pwm-visconti.c': File exists
cp: cannot create regular file '/dev/shm/linux/./drivers/pwm/pwm-xilinx.c': File exists
cp: cannot create regular file '/dev/shm/linux/./drivers/rapidio/Makefile': File exists
cp: cannot create regular file '/dev/shm/linux/./drivers/rapidio/devices/rio_mport_cdev.c': File exists
cp: cannot create regular file '/dev/shm/linux/./drivers/rapidio/devices/tsi721.h': File exists
cp: cannot create regular file '/dev/shm/linux/./drivers/rapidio/rio-access.c': File exists
cp: cannot create regular file '/dev/shm/linux/./drivers/rapidio/rio-scan.c': File exists
cp: cannot create regular file '/dev/shm/linux/./drivers/rapidio/rio.c': File exists
cp: cannot create regular file '/dev/shm/linux/./drivers/rapidio/rio_cm.c': File exists
cp: cannot create regular file '/dev/shm/linux/./drivers/rapidio/switches/Makefile': File exists
cp: cannot create regular file '/dev/shm/linux/./drivers/rapidio/switches/idt_gen3.c': File exists
cp: cannot create directory '/dev/shm/linux/./drivers/ras': File exists
cp: cannot create regular file '/dev/shm/linux/./drivers/regulator/axp20x-regulator.c': File exists
cp: cannot create regular file '/dev/shm/linux/./drivers/regulator/bd71815-regulator.c': File exists
cp: cannot create regular file '/dev/shm/linux/./drivers/regulator/bd718x7-regulator.c': File exists
cp: cannot create regular file '/dev/shm/linux/./drivers/regulator/bd96801-regulator.c': File exists
cp: cannot create regular file '/dev/shm/linux/./drivers/regulator/core.c': File exists
cp: cannot create regular file '/dev/shm/linux/./drivers/regulator/da903x-regulator.c': File exists
cp: cannot create regular file '/dev/shm/linux/./drivers/regulator/da9055-regulator.c': File exists
cp: cannot create regular file '/dev/shm/linux/./drivers/regulator/da9063-regulator.c': File exists
cp: cannot create regular file '/dev/shm/linux/./drivers/regulator/da9121-regulator.h': File exists
cp: cannot create regular file '/dev/shm/linux/./drivers/regulator/da9211-regulator.c': File exists
cp: cannot create regular file '/dev/shm/linux/./drivers/regulator/db8500-prcmu.c': File exists
cp: cannot create regular file '/dev/shm/linux/./drivers/regulator/dbx500-prcmu.h': File exists
cp: cannot create regular file '/dev/shm/linux/./drivers/regulator/dummy.c': File exists
cp: cannot create regular file '/dev/shm/linux/./drivers/regulator/fan53555.c': File exists
cp: cannot create regular file '/dev/shm/linux/./drivers/regulator/fixed-helper.c': File exists
cp: cannot create regular file '/dev/shm/linux/./drivers/regulator/fp9931.c': File exists
cp: cannot create regular file '/dev/shm/linux/./drivers/regulator/hi6421-regulator.c': File exists
cp: cannot create regular file '/dev/shm/linux/./drivers/regulator/internal.h': File exists
cp: cannot create regular file '/dev/shm/linux/./drivers/regulator/isl6271a-regulator.c': File exists
cp: cannot create regular file '/dev/shm/linux/./drivers/regulator/isl9305.c': File exists
cp: cannot create regular file '/dev/shm/linux/./drivers/regulator/lp3971.c': File exists
cp: cannot create regular file '/dev/shm/linux/./drivers/regulator/lp3972.c': File exists
cp: cannot create regular file '/dev/shm/linux/./drivers/regulator/lp873x-regulator.c': File exists
cp: cannot create regular file '/dev/shm/linux/./drivers/regulator/lp87565-regulator.c': File exists
cp: cannot create regular file '/dev/shm/linux/./drivers/regulator/lp8788-ldo.c': File exists
cp: cannot create regular file '/dev/shm/linux/./drivers/regulator/ltc3676.c': File exists
cp: cannot create regular file '/dev/shm/linux/./drivers/regulator/max20086-regulator.c': File exists
cp: cannot create regular file '/dev/shm/linux/./drivers/regulator/max5970-regulator.c': File exists
cp: cannot create regular file '/dev/shm/linux/./drivers/regulator/max77650-regulator.c': File exists
cp: cannot create regular file '/dev/shm/linux/./drivers/regulator/max77675-regulator.c': File exists
cp: cannot create regular file '/dev/shm/linux/./drivers/regulator/max77693-regulator.c': File exists
cp: cannot create regular file '/dev/shm/linux/./drivers/regulator/max77826-regulator.c': File exists
cp: cannot create regular file '/dev/shm/linux/./drivers/regulator/max77857-regulator.c': File exists
cp: cannot create regular file '/dev/shm/linux/./drivers/regulator/max8660.c': File exists
cp: cannot create regular file '/dev/shm/linux/./drivers/regulator/max8907-regulator.c': File exists
cp: cannot create regular file '/dev/shm/linux/./drivers/regulator/max8952.c': File exists
cp: cannot create regular file '/dev/shm/linux/./drivers/regulator/max8997-regulator.c': File exists
cp: cannot create regular file '/dev/shm/linux/./drivers/regulator/mc13783-regulator.c': File exists
cp: cannot create regular file '/dev/shm/linux/./drivers/regulator/mc13xxx-regulator-core.c': File exists
cp: cannot create regular file '/dev/shm/linux/./drivers/regulator/mcp16502.c': File exists
cp: cannot create regular file '/dev/shm/linux/./drivers/regulator/mp8859.c': File exists
cp: cannot create regular file '/dev/shm/linux/./drivers/regulator/mp886x.c': File exists
cp: cannot create regular file '/dev/shm/linux/./drivers/regulator/mt6311-regulator.c': File exists
cp: cannot create regular file '/dev/shm/linux/./drivers/regulator/mt6316-regulator.c': File exists
cp: cannot create regular file '/dev/shm/linux/./drivers/regulator/mt6323-regulator.c': File exists
cp: cannot create regular file '/dev/shm/linux/./drivers/regulator/mt6332-regulator.c': File exists
cp: cannot create regular file '/dev/shm/linux/./drivers/regulator/mt6357-regulator.c': File exists
cp: cannot create regular file '/dev/shm/linux/./drivers/regulator/mt6359-regulator.c': File exists
cp: cannot create regular file '/dev/shm/linux/./drivers/regulator/mt6363-regulator.c': File exists
cp: cannot create regular file '/dev/shm/linux/./drivers/regulator/mt6380-regulator.c': File exists
cp: cannot create regular file '/dev/shm/linux/./drivers/regulator/mtk-dvfsrc-regulator.c': File exists
cp: cannot create regular file '/dev/shm/linux/./drivers/regulator/palmas-regulator.c': File exists
cp: cannot create regular file '/dev/shm/linux/./drivers/regulator/pca9450-regulator.c': File exists
cp: cannot create regular file '/dev/shm/linux/./drivers/regulator/pf0900-regulator.c': File exists
cp: cannot create regular file '/dev/shm/linux/./drivers/regulator/pf8x00-regulator.c': File exists
cp: cannot create regular file '/dev/shm/linux/./drivers/regulator/pfuze100-regulator.c': File exists
cp: cannot create regular file '/dev/shm/linux/./drivers/regulator/pv88080-regulator.c': File exists
cp: cannot create regular file '/dev/shm/linux/./drivers/regulator/pv88090-regulator.c': File exists
cp: cannot create regular file '/dev/shm/linux/./drivers/regulator/pwm-regulator.c': File exists
cp: cannot create regular file '/dev/shm/linux/./drivers/regulator/qcom-pm8008-regulator.c': File exists
cp: cannot create regular file '/dev/shm/linux/./drivers/regulator/qcom-rpmh-regulator.c': File exists
cp: cannot create regular file '/dev/shm/linux/./drivers/regulator/qcom_smd-regulator.c': File exists
cp: cannot create regular file '/dev/shm/linux/./drivers/regulator/qcom_usb_vbus-regulator.c': File exists
cp: cannot create regular file '/dev/shm/linux/./drivers/regulator/rc5t583-regulator.c': File exists
cp: cannot create regular file '/dev/shm/linux/./drivers/regulator/renesas-usb-vbus-regulator.c': File exists
cp: cannot create regular file '/dev/shm/linux/./drivers/regulator/rn5t618-regulator.c': File exists
cp: cannot create regular file '/dev/shm/linux/./drivers/regulator/rpi-panel-attiny-regulator.c': File exists
cp: cannot create regular file '/dev/shm/linux/./drivers/regulator/rt4801-regulator.c': File exists
cp: cannot create regular file '/dev/shm/linux/./drivers/regulator/rt4831-regulator.c': File exists
cp: cannot create regular file '/dev/shm/linux/./drivers/regulator/rt5120-regulator.c': File exists
cp: cannot create regular file '/dev/shm/linux/./drivers/regulator/rt5190a-regulator.c': File exists
cp: cannot create regular file '/dev/shm/linux/./drivers/regulator/rt6160-regulator.c': File exists
cp: cannot create regular file '/dev/shm/linux/./drivers/regulator/rt6245-regulator.c': File exists
cp: cannot create regular file '/dev/shm/linux/./drivers/regulator/rtmv20-regulator.c': File exists
cp: cannot create regular file '/dev/shm/linux/./drivers/regulator/rtq2208-regulator.c': File exists
cp: cannot create regular file '/dev/shm/linux/./drivers/regulator/s2mpa01.c': File exists
cp: cannot create regular file '/dev/shm/linux/./drivers/regulator/s5m8767.c': File exists
cp: cannot create regular file '/dev/shm/linux/./drivers/regulator/scmi-regulator.c': File exists
cp: cannot create regular file '/dev/shm/linux/./drivers/regulator/slg51000-regulator.h': File exists
cp: cannot create regular file '/dev/shm/linux/./drivers/regulator/stm32-booster.c': File exists
cp: cannot create regular file '/dev/shm/linux/./drivers/regulator/stm32-vrefbuf.c': File exists
cp: cannot create regular file '/dev/shm/linux/./drivers/regulator/stw481x-vmmc.c': File exists
cp: cannot create regular file '/dev/shm/linux/./drivers/regulator/sy7636a-regulator.c': File exists
cp: cannot create regular file '/dev/shm/linux/./drivers/regulator/sy8824x.c': File exists
cp: cannot create regular file '/dev/shm/linux/./drivers/regulator/ti-abb-regulator.c': File exists
cp: cannot create regular file '/dev/shm/linux/./drivers/regulator/tps6105x-regulator.c': File exists
cp: cannot create regular file '/dev/shm/linux/./drivers/regulator/tps6286x-regulator.c': File exists
cp: cannot create regular file '/dev/shm/linux/./drivers/regulator/tps65023-regulator.c': File exists
cp: cannot create regular file '/dev/shm/linux/./drivers/regulator/tps65086-regulator.c': File exists
cp: cannot create regular file '/dev/shm/linux/./drivers/regulator/tps65132-regulator.c': File exists
cp: cannot create regular file '/dev/shm/linux/./drivers/regulator/tps65217-regulator.c': File exists
cp: cannot create regular file '/dev/shm/linux/./drivers/regulator/tps65219-regulator.c': File exists
cp: cannot create regular file '/dev/shm/linux/./drivers/regulator/tps6586x-regulator.c': File exists
cp: cannot create regular file '/dev/shm/linux/./drivers/regulator/tps65912-regulator.c': File exists
cp: cannot create regular file '/dev/shm/linux/./drivers/regulator/tps68470-regulator.c': File exists
cp: cannot create regular file '/dev/shm/linux/./drivers/regulator/twl6030-regulator.c': File exists
cp: cannot create regular file '/dev/shm/linux/./drivers/regulator/userspace-consumer.c': File exists
cp: cannot create regular file '/dev/shm/linux/./drivers/regulator/vexpress-regulator.c': File exists
cp: cannot create regular file '/dev/shm/linux/./drivers/regulator/vqmmc-ipq4019-regulator.c': File exists
cp: cannot create regular file '/dev/shm/linux/./drivers/regulator/wm831x-isink.c': File exists
cp: cannot create regular file '/dev/shm/linux/./drivers/regulator/wm831x-ldo.c': File exists
cp: cannot create regular file '/dev/shm/linux/./drivers/regulator/wm8400-regulator.c': File exists
cp: cannot create directory '/dev/shm/linux/./drivers/remoteproc': File exists
cp: cannot create regular file '/dev/shm/linux/./drivers/reset/reset-sky1.c': File exists
cp: cannot create regular file '/dev/shm/linux/./drivers/reset/reset-sunplus.c': File exists
cp: cannot create regular file '/dev/shm/linux/./drivers/reset/reset-tenstorrent-atlantis.c': File exists
cp: cannot create regular file '/dev/shm/linux/./drivers/reset/reset-ti-sci.c': File exists
cp: cannot create regular file '/dev/shm/linux/./drivers/reset/reset-tn48m.c': File exists
cp: cannot create regular file '/dev/shm/linux/./drivers/reset/reset-uniphier-glue.c': File exists
cp: cannot create regular file '/dev/shm/linux/./drivers/reset/reset-zynqmp.c': File exists
cp: cannot create regular file '/dev/shm/linux/./drivers/reset/spacemit/reset-spacemit-common.c': File exists
cp: cannot create regular file '/dev/shm/linux/./drivers/reset/spacemit/reset-spacemit-k3.c': File exists
cp: cannot create regular file '/dev/shm/linux/./drivers/reset/starfive/Kconfig': File exists
cp: cannot create regular file '/dev/shm/linux/./drivers/reset/starfive/reset-starfive-jh7100.c': File exists
cp: cannot create regular file '/dev/shm/linux/./drivers/reset/starfive/reset-starfive-jh71x0.h': File exists
cp: cannot create regular file '/dev/shm/linux/./drivers/reset/sti/Kconfig': File exists
cp: cannot create regular file '/dev/shm/linux/./drivers/reset/sti/reset-stih407.c': File exists
cp: cannot create regular file '/dev/shm/linux/./drivers/reset/sti/reset-syscfg.h': File exists
cp: cannot create regular file '/dev/shm/linux/./drivers/reset/tegra/Makefile': File exists
cp: cannot create directory '/dev/shm/linux/./drivers/rpmsg': File exists
cp: cannot create regular file '/dev/shm/linux/./drivers/rtc/rtc-armada38x.c': File exists
cp: cannot create regular file '/dev/shm/linux/./drivers/rtc/rtc-aspeed.c': File exists
cp: cannot create regular file '/dev/shm/linux/./drivers/rtc/rtc-at91sam9.c': File exists
cp: cannot create regular file '/dev/shm/linux/./drivers/rtc/rtc-au1xxx.c': File exists
cp: cannot create regular file '/dev/shm/linux/./drivers/rtc/rtc-bd70528.c': File exists
cp: cannot create regular file '/dev/shm/linux/./drivers/rtc/rtc-brcmstb-waketimer.c': File exists
cp: cannot create regular file '/dev/shm/linux/./drivers/rtc/rtc-cmos.c': File exists
cp: cannot create regular file '/dev/shm/linux/./drivers/rtc/rtc-cros-ec.c': File exists
cp: cannot create regular file '/dev/shm/linux/./drivers/rtc/rtc-da9052.c': File exists
cp: cannot create regular file '/dev/shm/linux/./drivers/rtc/rtc-da9063.c': File exists
cp: cannot create regular file '/dev/shm/linux/./drivers/rtc/rtc-ds1286.c': File exists
cp: cannot create regular file '/dev/shm/linux/./drivers/rtc/rtc-ds1305.c': File exists
cp: cannot create regular file '/dev/shm/linux/./drivers/rtc/rtc-ds1343.c': File exists
cp: cannot create regular file '/dev/shm/linux/./drivers/rtc/rtc-ds1374.c': File exists
cp: cannot create regular file '/dev/shm/linux/./drivers/rtc/rtc-ds1511.c': File exists
cp: cannot create regular file '/dev/shm/linux/./drivers/rtc/rtc-ds1672.c': File exists
cp: cannot create regular file '/dev/shm/linux/./drivers/rtc/rtc-ds1742.c': File exists
cp: cannot create regular file '/dev/shm/linux/./drivers/rtc/rtc-ds3232.c': File exists
cp: cannot create regular file '/dev/shm/linux/./drivers/rtc/rtc-em3027.c': File exists
cp: cannot create regular file '/dev/shm/linux/./drivers/rtc/rtc-fm3130.c': File exists
cp: cannot create regular file '/dev/shm/linux/./drivers/rtc/rtc-ftrtc010.c': File exists
cp: cannot create regular file '/dev/shm/linux/./drivers/rtc/rtc-generic.c': File exists
cp: cannot create regular file '/dev/shm/linux/./drivers/rtc/rtc-hid-sensor-time.c': File exists
cp: cannot create regular file '/dev/shm/linux/./drivers/rtc/rtc-imx-sc.c': File exists
cp: cannot create regular file '/dev/shm/linux/./drivers/rtc/rtc-imx-sm-bbm.c': File exists
cp: cannot create regular file '/dev/shm/linux/./drivers/rtc/rtc-isl12022.c': File exists
cp: cannot create regular file '/dev/shm/linux/./drivers/rtc/rtc-isl1208.c': File exists
cp: cannot create regular file '/dev/shm/linux/./drivers/rtc/rtc-loongson.c': File exists
cp: cannot create regular file '/dev/shm/linux/./drivers/rtc/rtc-lpc24xx.c': File exists
cp: cannot create regular file '/dev/shm/linux/./drivers/rtc/rtc-m41t80.c': File exists
cp: cannot create regular file '/dev/shm/linux/./drivers/rtc/rtc-m41t94.c': File exists
cp: cannot create regular file '/dev/shm/linux/./drivers/rtc/rtc-m48t59.c': File exists
cp: cannot create regular file '/dev/shm/linux/./drivers/rtc/rtc-m48t86.c': File exists
cp: cannot create regular file '/dev/shm/linux/./drivers/rtc/rtc-max31335.c': File exists
cp: cannot create regular file '/dev/shm/linux/./drivers/rtc/rtc-max6916.c': File exists
cp: cannot create regular file '/dev/shm/linux/./drivers/rtc/rtc-max8907.c': File exists
cp: cannot create regular file '/dev/shm/linux/./drivers/rtc/rtc-max8997.c': File exists
cp: cannot create regular file '/dev/shm/linux/./drivers/rtc/rtc-mc13xxx.c': File exists
cp: cannot create regular file '/dev/shm/linux/./drivers/rtc/rtc-mcp795.c': File exists
cp: cannot create regular file '/dev/shm/linux/./drivers/rtc/rtc-meson.c': File exists
cp: cannot create regular file '/dev/shm/linux/./drivers/rtc/rtc-mpc5121.c': File exists
cp: cannot create regular file '/dev/shm/linux/./drivers/rtc/rtc-msc313.c': File exists
cp: cannot create regular file '/dev/shm/linux/./drivers/rtc/rtc-mt2712.c': File exists
cp: cannot create regular file '/dev/shm/linux/./drivers/rtc/rtc-mt7622.c': File exists
cp: cannot create regular file '/dev/shm/linux/./drivers/rtc/rtc-mxc.c': File exists
cp: cannot create regular file '/dev/shm/linux/./drivers/rtc/rtc-nct3018y.c': File exists
cp: cannot create regular file '/dev/shm/linux/./drivers/rtc/rtc-ntxec.c': File exists
cp: cannot create regular file '/dev/shm/linux/./drivers/rtc/rtc-nxp-bbnsm.c': File exists
cp: cannot create regular file '/dev/shm/linux/./drivers/rtc/rtc-opal.c': File exists
cp: cannot create regular file '/dev/shm/linux/./drivers/rtc/rtc-palmas.c': File exists
cp: cannot create regular file '/dev/shm/linux/./drivers/rtc/rtc-pcf2123.c': File exists
cp: cannot create regular file '/dev/shm/linux/./drivers/rtc/rtc-pcf85063.c': File exists
cp: cannot create regular file '/dev/shm/linux/./drivers/rtc/rtc-pcf85363.c': File exists
cp: cannot create regular file '/dev/shm/linux/./drivers/rtc/rtc-pcf8583.c': File exists
cp: cannot create regular file '/dev/shm/linux/./drivers/rtc/rtc-pl030.c': File exists
cp: cannot create regular file '/dev/shm/linux/./drivers/rtc/rtc-pm8xxx.c': File exists
cp: cannot create regular file '/dev/shm/linux/./drivers/rtc/rtc-pxa.c': File exists
cp: cannot create regular file '/dev/shm/linux/./drivers/rtc/rtc-r7301.c': File exists
cp: cannot create regular file '/dev/shm/linux/./drivers/rtc/rtc-rk808.c': File exists
cp: cannot create regular file '/dev/shm/linux/./drivers/rtc/rtc-rtd119x.c': File exists
cp: cannot create regular file '/dev/shm/linux/./drivers/rtc/rtc-rv3029c2.c': File exists
cp: cannot create regular file '/dev/shm/linux/./drivers/rtc/rtc-rv8803.c': File exists
cp: cannot create regular file '/dev/shm/linux/./drivers/rtc/rtc-rx6110.c': File exists
cp: cannot create regular file '/dev/shm/linux/./drivers/rtc/rtc-rx8025.c': File exists
cp: cannot create regular file '/dev/shm/linux/./drivers/rtc/rtc-rx8581.c': File exists
cp: cannot create regular file '/dev/shm/linux/./drivers/rtc/rtc-s32g.c': File exists
cp: cannot create regular file '/dev/shm/linux/./drivers/rtc/rtc-s3c.c': File exists
cp: cannot create regular file '/dev/shm/linux/./drivers/rtc/rtc-s5m.c': File exists
cp: cannot create regular file '/dev/shm/linux/./drivers/rtc/rtc-sa1100.h': File exists
cp: cannot create regular file '/dev/shm/linux/./drivers/rtc/rtc-sd2405al.c': File exists
cp: cannot create regular file '/dev/shm/linux/./drivers/rtc/rtc-sh.c': File exists
cp: cannot create regular file '/dev/shm/linux/./drivers/rtc/rtc-spacemit-p1.c': File exists
cp: cannot create regular file '/dev/shm/linux/./drivers/rtc/rtc-ssd202d.c': File exists
cp: cannot create regular file '/dev/shm/linux/./drivers/rtc/rtc-starfire.c': File exists
cp: cannot create regular file '/dev/shm/linux/./drivers/rtc/rtc-stm32.c': File exists
cp: cannot create regular file '/dev/shm/linux/./drivers/rtc/rtc-sun4v.c': File exists
cp: cannot create regular file '/dev/shm/linux/./drivers/rtc/rtc-sunplus.c': File exists
cp: cannot create regular file '/dev/shm/linux/./drivers/rtc/rtc-tegra.c': File exists
cp: cannot create regular file '/dev/shm/linux/./drivers/rtc/rtc-ti-k3.c': File exists
cp: cannot create regular file '/dev/shm/linux/./drivers/rtc/rtc-tps65910.c': File exists
cp: cannot create regular file '/dev/shm/linux/./drivers/rtc/rtc-twl.c': File exists
cp: cannot create regular file '/dev/shm/linux/./drivers/rtc/rtc-wilco-ec.c': File exists
cp: cannot create regular file '/dev/shm/linux/./drivers/rtc/rtc-wm8350.c': File exists
cp: cannot create regular file '/dev/shm/linux/./drivers/rtc/rtc-xgene.c': File exists
cp: cannot create regular file '/dev/shm/linux/./drivers/rtc/sysfs.c': File exists
cp: cannot create directory '/dev/shm/linux/./drivers/s390': File exists
cp: cannot create regular file '/dev/shm/linux/./drivers/scsi/bnx2i/bnx2i_hwi.c': File exists
cp: cannot create regular file '/dev/shm/linux/./drivers/scsi/bnx2i/bnx2i_iscsi.c': File exists
cp: cannot create regular file '/dev/shm/linux/./drivers/scsi/bvme6000_scsi.c': File exists
cp: cannot create regular file '/dev/shm/linux/./drivers/scsi/ch.c': File exists
cp: cannot create directory '/dev/shm/linux/./drivers/scsi/csiostor': File exists
cp: cannot create directory '/dev/shm/linux/./drivers/scsi/esas2r': File exists
cp: cannot create regular file '/dev/shm/linux/./drivers/scsi/esp_scsi.c': File exists
cp: cannot create regular file '/dev/shm/linux/./drivers/scsi/esp_scsi.h': File exists
cp: cannot create directory '/dev/shm/linux/./drivers/scsi/fcoe': File exists
cp: cannot create regular file '/dev/shm/linux/./drivers/scsi/fdomain.c': File exists
cp: cannot create regular file '/dev/shm/linux/./drivers/scsi/fdomain.h': File exists
cp: cannot create regular file '/dev/shm/linux/./drivers/scsi/fdomain_isa.c': File exists
cp: cannot create regular file '/dev/shm/linux/./drivers/scsi/fdomain_pci.c': File exists
cp: cannot create directory '/dev/shm/linux/./drivers/scsi/fnic': File exists
cp: cannot create regular file '/dev/shm/linux/./drivers/scsi/initio.c': File exists
cp: cannot create regular file '/dev/shm/linux/./drivers/scsi/ipr.c': File exists
cp: cannot create regular file '/dev/shm/linux/./drivers/scsi/ips.h': File exists
cp: cannot create regular file '/dev/shm/linux/./drivers/scsi/isci/Makefile': File exists
cp: cannot create regular file '/dev/shm/linux/./drivers/scsi/isci/host.h': File exists
cp: cannot create regular file '/dev/shm/linux/./drivers/scsi/isci/isci.h': File exists
cp: cannot create regular file '/dev/shm/linux/./drivers/scsi/isci/phy.h': File exists
cp: cannot create regular file '/dev/shm/linux/./drivers/scsi/isci/port.h': File exists
cp: cannot create regular file '/dev/shm/linux/./drivers/scsi/isci/probe_roms.c': File exists
cp: cannot create regular file '/dev/shm/linux/./drivers/scsi/isci/registers.h': File exists
cp: cannot create regular file '/dev/shm/linux/./drivers/scsi/isci/remote_device.h': File exists
cp: cannot create regular file '/dev/shm/linux/./drivers/scsi/isci/remote_node_context.h': File exists
cp: cannot create regular file '/dev/shm/linux/./drivers/scsi/isci/remote_node_table.c': File exists
cp: cannot create regular file '/dev/shm/linux/./drivers/scsi/isci/request.h': File exists
cp: cannot create regular file '/dev/shm/linux/./drivers/scsi/isci/scu_completion_codes.h': File exists
cp: cannot create regular file '/dev/shm/linux/./drivers/scsi/isci/scu_remote_node_context.h': File exists
cp: cannot create regular file '/dev/shm/linux/./drivers/scsi/isci/task.c': File exists
cp: cannot create regular file '/dev/shm/linux/./drivers/scsi/isci/unsolicited_frame_control.c': File exists
cp: cannot create regular file '/dev/shm/linux/./drivers/scsi/isci/unsolicited_frame_control.h': File exists
cp: cannot create regular file '/dev/shm/linux/./drivers/scsi/iscsi_tcp.c': File exists
cp: cannot create directory '/dev/shm/linux/./drivers/scsi/libfc': File exists
cp: cannot create regular file '/dev/shm/linux/./drivers/scsi/libsas/sas_scsi_host.c': File exists
cp: cannot create directory '/dev/shm/linux/./drivers/scsi/lpfc': File exists
cp: cannot create regular file '/dev/shm/linux/./drivers/scsi/mpi3mr/mpi3mr_transport.c': File exists
cp: cannot create regular file '/dev/shm/linux/./drivers/scsi/mpt3sas/Makefile': File exists
cp: cannot create regular file '/dev/shm/linux/./drivers/scsi/mpt3sas/mpi/mpi2.h': File exists
cp: cannot create regular file '/dev/shm/linux/./drivers/scsi/mpt3sas/mpi/mpi2_image.h': File exists
cp: cannot create regular file '/dev/shm/linux/./drivers/scsi/mpt3sas/mpi/mpi2_ioc.h': File exists
cp: cannot create regular file '/dev/shm/linux/./drivers/scsi/mpt3sas/mpi/mpi2_sas.h': File exists
cp: cannot create regular file '/dev/shm/linux/./drivers/scsi/mpt3sas/mpi/mpi2_type.h': File exists
cp: cannot create regular file '/dev/shm/linux/./drivers/scsi/mpt3sas/mpt3sas_base.c': File exists
cp: cannot create regular file '/dev/shm/linux/./drivers/scsi/mpt3sas/mpt3sas_config.c': File exists
cp: cannot create regular file '/dev/shm/linux/./drivers/scsi/mpt3sas/mpt3sas_ctl.h': File exists
cp: cannot create regular file '/dev/shm/linux/./drivers/scsi/mpt3sas/mpt3sas_debugfs.c': File exists
cp: cannot create regular file '/dev/shm/linux/./drivers/scsi/mpt3sas/mpt3sas_transport.c': File exists
cp: cannot create regular file '/dev/shm/linux/./drivers/scsi/mpt3sas/mpt3sas_trigger_diag.h': File exists
cp: cannot create regular file '/dev/shm/linux/./drivers/scsi/mpt3sas/mpt3sas_warpdrive.c': File exists
cp: cannot create regular file '/dev/shm/linux/./drivers/scsi/mvme147.h': File exists
cp: cannot create directory '/dev/shm/linux/./drivers/scsi/mvsas': File exists
cp: cannot create regular file '/dev/shm/linux/./drivers/scsi/nsp32_debug.c': File exists
cp: cannot create directory '/dev/shm/linux/./drivers/scsi/pcmcia': File exists
cp: cannot create regular file '/dev/shm/linux/./drivers/scsi/pm8001/pm80xx_hwi.h': File exists
cp: cannot create regular file '/dev/shm/linux/./drivers/scsi/pm8001/pm80xx_tracepoints.h': File exists
cp: cannot create regular file '/dev/shm/linux/./drivers/scsi/pmcraid.h': File exists
cp: cannot create regular file '/dev/shm/linux/./drivers/scsi/ppa.h': File exists
cp: cannot create directory '/dev/shm/linux/./drivers/scsi/qedf': File exists
cp: cannot create regular file '/dev/shm/linux/./drivers/scsi/qla1280.c': File exists
cp: cannot create directory '/dev/shm/linux/./drivers/scsi/qla2xxx': File exists
cp: cannot create regular file '/dev/shm/linux/./drivers/scsi/scsi_pm.c': File exists
cp: cannot create regular file '/dev/shm/linux/./drivers/scsi/scsi_proc.c': File exists
cp: cannot create regular file '/dev/shm/linux/./drivers/scsi/scsi_sas_internal.h': File exists
cp: cannot create regular file '/dev/shm/linux/./drivers/scsi/scsi_sysctl.c': File exists
cp: cannot create regular file '/dev/shm/linux/./drivers/scsi/scsi_trace.c': File exists
cp: cannot create regular file '/dev/shm/linux/./drivers/scsi/scsi_transport_iscsi.c': File exists
cp: cannot create regular file '/dev/shm/linux/./drivers/scsi/scsi_transport_spi.c': File exists
cp: cannot create regular file '/dev/shm/linux/./drivers/scsi/scsicam.c': File exists
cp: cannot create regular file '/dev/shm/linux/./drivers/scsi/sd.h': File exists
cp: cannot create regular file '/dev/shm/linux/./drivers/scsi/sd_zbc.c': File exists
cp: cannot create regular file '/dev/shm/linux/./drivers/scsi/ses.c': File exists
cp: cannot create regular file '/dev/shm/linux/./drivers/scsi/sgiwd93.c': File exists
cp: cannot create directory '/dev/shm/linux/./drivers/scsi/smartpqi': File exists
cp: cannot create regular file '/dev/shm/linux/./drivers/scsi/snic/snic_disc.h': File exists
cp: cannot create regular file '/dev/shm/linux/./drivers/scsi/snic/snic_fwint.h': File exists
cp: cannot create regular file '/dev/shm/linux/./drivers/scsi/snic/snic_io.h': File exists
cp: cannot create regular file '/dev/shm/linux/./drivers/scsi/snic/snic_isr.c': File exists
cp: cannot create regular file '/dev/shm/linux/./drivers/scsi/snic/snic_res.c': File exists
cp: cannot create regular file '/dev/shm/linux/./drivers/scsi/snic/snic_scsi.c': File exists
cp: cannot create regular file '/dev/shm/linux/./drivers/scsi/snic/snic_trc.h': File exists
cp: cannot create regular file '/dev/shm/linux/./drivers/scsi/snic/vnic_cq.h': File exists
cp: cannot create regular file '/dev/shm/linux/./drivers/scsi/snic/vnic_dev.c': File exists
cp: cannot create regular file '/dev/shm/linux/./drivers/scsi/snic/vnic_devcmd.h': File exists
cp: cannot create regular file '/dev/shm/linux/./drivers/scsi/snic/vnic_intr.h': File exists
cp: cannot create regular file '/dev/shm/linux/./drivers/scsi/snic/vnic_snic.h': File exists
cp: cannot create regular file '/dev/shm/linux/./drivers/scsi/snic/vnic_stats.h': File exists
cp: cannot create regular file '/dev/shm/linux/./drivers/scsi/snic/vnic_wq.h': File exists
cp: cannot create regular file '/dev/shm/linux/./drivers/scsi/sr.h': File exists
cp: cannot create regular file '/dev/shm/linux/./drivers/scsi/sr_vendor.c': File exists
cp: cannot create regular file '/dev/shm/linux/./drivers/scsi/st.h': File exists
cp: cannot create regular file '/dev/shm/linux/./drivers/scsi/st_options.h': File exists
cp: cannot create regular file '/dev/shm/linux/./drivers/scsi/storvsc_drv.c': File exists
cp: cannot create regular file '/dev/shm/linux/./drivers/scsi/sun3_scsi_vme.c': File exists
cp: cannot create regular file '/dev/shm/linux/./drivers/scsi/sun_esp.c': File exists
cp: cannot create regular file '/dev/shm/linux/./drivers/scsi/sym53c8xx_2/Makefile': File exists
cp: cannot create regular file '/dev/shm/linux/./drivers/scsi/sym53c8xx_2/sym_fw.c': File exists
cp: cannot create regular file '/dev/shm/linux/./drivers/scsi/sym53c8xx_2/sym_fw1.h': File exists
cp: cannot create regular file '/dev/shm/linux/./drivers/scsi/sym53c8xx_2/sym_glue.c': File exists
cp: cannot create regular file '/dev/shm/linux/./drivers/scsi/sym53c8xx_2/sym_hipd.c': File exists
cp: cannot create regular file '/dev/shm/linux/./drivers/scsi/sym53c8xx_2/sym_malloc.c': File exists
cp: cannot create regular file '/dev/shm/linux/./drivers/scsi/sym53c8xx_2/sym_nvram.c': File exists
cp: cannot create regular file '/dev/shm/linux/./drivers/scsi/vmw_pvscsi.c': File exists
cp: cannot create regular file '/dev/shm/linux/./drivers/scsi/wd33c93.c': File exists
cp: cannot create regular file '/dev/shm/linux/./drivers/scsi/wd719x.c': File exists
cp: cannot create regular file '/dev/shm/linux/./drivers/scsi/xen-scsifront.c': File exists
cp: cannot create regular file '/dev/shm/linux/./drivers/scsi/zorro7xx.c': File exists
cp: cannot create directory '/dev/shm/linux/./drivers/sh': File exists
cp: cannot create regular file '/dev/shm/linux/./drivers/soc/amlogic/meson-mx-socinfo.c': File exists
cp: cannot create regular file '/dev/shm/linux/./drivers/soc/apple/Kconfig': File exists
cp: cannot create regular file '/dev/shm/linux/./drivers/soc/apple/mailbox.c': File exists
cp: cannot create regular file '/dev/shm/linux/./drivers/soc/apple/rtkit-internal.h': File exists
cp: cannot create regular file '/dev/shm/linux/./drivers/soc/apple/sart.c': File exists
cp: cannot create regular file '/dev/shm/linux/./drivers/soc/aspeed/Kconfig': File exists
cp: cannot create regular file '/dev/shm/linux/./drivers/soc/aspeed/aspeed-lpc-ctrl.c': File exists
cp: cannot create regular file '/dev/shm/linux/./drivers/soc/aspeed/aspeed-p2a-ctrl.c': File exists
cp: cannot create directory '/dev/shm/linux/./drivers/soc/atmel': File exists
cp: cannot create regular file '/dev/shm/linux/./drivers/soc/bcm/brcmstb/common.c': File exists
cp: cannot create regular file '/dev/shm/linux/./drivers/soc/bcm/brcmstb/pm/Makefile': File exists
cp: cannot create regular file '/dev/shm/linux/./drivers/soc/bcm/brcmstb/pm/pm.h': File exists
cp: cannot create regular file '/dev/shm/linux/./drivers/soc/bcm/brcmstb/pm/s2-mips.S': File exists
cp: cannot create directory '/dev/shm/linux/./drivers/soc/canaan': File exists
cp: cannot create directory '/dev/shm/linux/./drivers/soc/dove': File exists
cp: cannot create regular file '/dev/shm/linux/./drivers/soc/fsl/dpaa2-console.c': File exists
cp: cannot create regular file '/dev/shm/linux/./drivers/soc/fsl/dpio/dpio-cmd.h': File exists
cp: cannot create regular file '/dev/shm/linux/./drivers/soc/fsl/dpio/dpio-driver.c': File exists
cp: cannot create regular file '/dev/shm/linux/./drivers/soc/fsl/dpio/dpio.c': File exists
cp: cannot create regular file '/dev/shm/linux/./drivers/soc/fsl/dpio/qbman-portal.c': File exists
cp: cannot create regular file '/dev/shm/linux/./drivers/soc/fsl/guts.c': File exists
cp: cannot create regular file '/dev/shm/linux/./drivers/soc/fsl/qbman/Kconfig': File exists
cp: cannot create regular file '/dev/shm/linux/./drivers/soc/fsl/qbman/bman.c': File exists
cp: cannot create regular file '/dev/shm/linux/./drivers/soc/fsl/qbman/bman_portal.c': File exists
cp: cannot create regular file '/dev/shm/linux/./drivers/soc/fsl/qbman/bman_test.c': File exists
cp: cannot create regular file '/dev/shm/linux/./drivers/soc/fsl/qbman/bman_test_api.c': File exists
cp: cannot create regular file '/dev/shm/linux/./drivers/soc/fsl/qbman/dpaa_sys.h': File exists
cp: cannot create regular file '/dev/shm/linux/./drivers/soc/fsl/qbman/qman_ccsr.c': File exists
cp: cannot create regular file '/dev/shm/linux/./drivers/soc/fsl/qbman/qman_test.c': File exists
cp: cannot create regular file '/dev/shm/linux/./drivers/soc/fsl/qbman/qman_test_api.c': File exists
cp: cannot create directory '/dev/shm/linux/./drivers/soc/fsl/qe': File exists
cp: cannot create directory '/dev/shm/linux/./drivers/soc/ixp4xx': File exists
cp: cannot create directory '/dev/shm/linux/./drivers/soc/loongson': File exists
cp: cannot create regular file '/dev/shm/linux/./drivers/soc/mediatek/mt8183-mmsys.h': File exists
cp: cannot create regular file '/dev/shm/linux/./drivers/soc/mediatek/mt8188-mmsys.h': File exists
cp: cannot create regular file '/dev/shm/linux/./drivers/soc/mediatek/mt8192-mmsys.h': File exists
cp: cannot create regular file '/dev/shm/linux/./drivers/soc/mediatek/mt8365-mmsys.h': File exists
cp: cannot create regular file '/dev/shm/linux/./drivers/soc/mediatek/mtk-cmdq-helper.c': File exists
cp: cannot create regular file '/dev/shm/linux/./drivers/soc/mediatek/mtk-dvfsrc.c': File exists
cp: cannot create regular file '/dev/shm/linux/./drivers/soc/mediatek/mtk-mmsys.c': File exists
cp: cannot create regular file '/dev/shm/linux/./drivers/soc/mediatek/mtk-mutex.c': File exists
cp: cannot create regular file '/dev/shm/linux/./drivers/soc/mediatek/mtk-regulator-coupler.c': File exists
cp: cannot create regular file '/dev/shm/linux/./drivers/soc/mediatek/mtk-svs.c': File exists
cp: cannot create regular file '/dev/shm/linux/./drivers/soc/microchip/Kconfig': File exists
cp: cannot create regular file '/dev/shm/linux/./drivers/soc/microchip/mpfs-irqmux.c': File exists
cp: cannot create regular file '/dev/shm/linux/./drivers/soc/microchip/mpfs-sys-controller.c': File exists
cp: cannot create directory '/dev/shm/linux/./drivers/soc/pxa': File exists
cp: cannot create regular file '/dev/shm/linux/./drivers/soc/qcom/ice.c': File exists
cp: cannot create regular file '/dev/shm/linux/./drivers/soc/qcom/llcc-qcom.c': File exists
cp: cannot create regular file '/dev/shm/linux/./drivers/soc/qcom/ocmem.c': File exists
cp: cannot create regular file '/dev/shm/linux/./drivers/soc/qcom/pdr_internal.h': File exists
cp: cannot create regular file '/dev/shm/linux/./drivers/soc/qcom/pmic_glink.c': File exists
cp: cannot create regular file '/dev/shm/linux/./drivers/soc/qcom/pmic_pdcharger_ulog.c': File exists
cp: cannot create regular file '/dev/shm/linux/./drivers/soc/qcom/qcom-geni-se.c': File exists
cp: cannot create regular file '/dev/shm/linux/./drivers/soc/qcom/qcom_aoss.c': File exists
cp: cannot create regular file '/dev/shm/linux/./drivers/soc/qcom/qcom_pd_mapper.c': File exists
cp: cannot create regular file '/dev/shm/linux/./drivers/soc/qcom/qcom_pdr_msg.c': File exists
cp: cannot create regular file '/dev/shm/linux/./drivers/soc/qcom/qmi_encdec.c': File exists
cp: cannot create regular file '/dev/shm/linux/./drivers/soc/qcom/rmtfs_mem.c': File exists
cp: cannot create regular file '/dev/shm/linux/./drivers/soc/qcom/rpmh-internal.h': File exists
cp: cannot create regular file '/dev/shm/linux/./drivers/soc/qcom/rpmh.c': File exists
cp: cannot create regular file '/dev/shm/linux/./drivers/soc/qcom/smem.c': File exists
cp: cannot create regular file '/dev/shm/linux/./drivers/soc/qcom/smp2p.c': File exists
cp: cannot create regular file '/dev/shm/linux/./drivers/soc/qcom/spm.c': File exists
cp: cannot create regular file '/dev/shm/linux/./drivers/soc/qcom/trace-smp2p.h': File exists
cp: cannot create regular file '/dev/shm/linux/./drivers/soc/qcom/ubwc_config.c': File exists
cp: cannot create regular file '/dev/shm/linux/./drivers/soc/qcom/wcnss_ctrl.c': File exists
cp: cannot create regular file '/dev/shm/linux/./drivers/soc/renesas/Kconfig': File exists
cp: cannot create regular file '/dev/shm/linux/./drivers/soc/renesas/pwc-rzv2m.c': File exists
cp: cannot create regular file '/dev/shm/linux/./drivers/soc/renesas/r9a08g045-sysc.c': File exists
cp: cannot create regular file '/dev/shm/linux/./drivers/soc/renesas/r9a09g047-sys.c': File exists
cp: cannot create regular file '/dev/shm/linux/./drivers/soc/renesas/r9a09g057-sys.c': File exists
cp: cannot create regular file '/dev/shm/linux/./drivers/soc/renesas/renesas-soc.c': File exists
cp: cannot create regular file '/dev/shm/linux/./drivers/soc/renesas/rz-sysc.h': File exists
cp: cannot create directory '/dev/shm/linux/./drivers/soc/rockchip': File exists
cp: cannot create regular file '/dev/shm/linux/./drivers/soc/samsung/exynos-pmu.c': File exists
cp: cannot create regular file '/dev/shm/linux/./drivers/soc/samsung/exynos-regulator-coupler.c': File exists
cp: cannot create regular file '/dev/shm/linux/./drivers/soc/samsung/exynos3250-pmu.c': File exists
cp: cannot create regular file '/dev/shm/linux/./drivers/soc/samsung/exynos5250-pmu.c': File exists
cp: cannot create regular file '/dev/shm/linux/./drivers/soc/samsung/exynos5422-asv.c': File exists
cp: cannot create regular file '/dev/shm/linux/./drivers/soc/samsung/s3c-pm-check.c': File exists
cp: cannot create regular file '/dev/shm/linux/./drivers/soc/sophgo/Kconfig': File exists
cp: cannot create regular file '/dev/shm/linux/./drivers/soc/sophgo/sg2044-topsys.c': File exists
cp: cannot create regular file '/dev/shm/linux/./drivers/soc/sunxi/Kconfig': File exists
cp: cannot create regular file '/dev/shm/linux/./drivers/soc/sunxi/Makefile': File exists
cp: cannot create regular file '/dev/shm/linux/./drivers/soc/sunxi/sunxi_sram.c': File exists
cp: cannot create regular file '/dev/shm/linux/./drivers/soc/tegra/Makefile': File exists
cp: cannot create directory '/dev/shm/linux/./drivers/soc/tegra/cbb': File exists
cp: cannot create regular file '/dev/shm/linux/./drivers/soc/tegra/fuse/fuse-tegra30.c': File exists
cp: cannot create regular file '/dev/shm/linux/./drivers/soc/tegra/fuse/speedo-tegra124.c': File exists
cp: cannot create regular file '/dev/shm/linux/./drivers/soc/tegra/fuse/speedo-tegra30.c': File exists
cp: cannot create regular file '/dev/shm/linux/./drivers/soc/tegra/pmc.c': File exists
cp: cannot create regular file '/dev/shm/linux/./drivers/soc/tegra/regulators-tegra30.c': File exists
cp: cannot create regular file '/dev/shm/linux/./drivers/soc/ti/Kconfig': File exists
cp: cannot create regular file '/dev/shm/linux/./drivers/soc/ti/k3-socinfo.c': File exists
cp: cannot create regular file '/dev/shm/linux/./drivers/soc/ti/knav_qmss.h': File exists
cp: cannot create regular file '/dev/shm/linux/./drivers/soc/ti/knav_qmss_queue.c': File exists
cp: cannot create regular file '/dev/shm/linux/./drivers/soc/ti/pruss.c': File exists
cp: cannot create regular file '/dev/shm/linux/./drivers/soc/ti/pruss.h': File exists
cp: cannot create regular file '/dev/shm/linux/./drivers/soc/ti/ti_sci_inta_msi.c': File exists
cp: cannot create regular file '/dev/shm/linux/./drivers/soc/ti/wkup_m3_ipc.c': File exists
cp: cannot create regular file '/dev/shm/linux/./drivers/soc/ux500/Kconfig': File exists
cp: cannot create regular file '/dev/shm/linux/./drivers/soc/ux500/Makefile': File exists
cp: cannot create directory '/dev/shm/linux/./drivers/soc/versatile': File exists
cp: cannot create regular file '/dev/shm/linux/./drivers/soc/xilinx/Makefile': File exists
cp: cannot create regular file '/dev/shm/linux/./drivers/soc/xilinx/xlnx_event_manager.c': File exists
cp: cannot create directory '/dev/shm/linux/./drivers/soundwire': File exists
cp: cannot create regular file '/dev/shm/linux/./drivers/spi/spi-bcm63xx-hsspi.c': File exists
cp: cannot create regular file '/dev/shm/linux/./drivers/spi/spi-bcmbca-hsspi.c': File exists
cp: cannot create regular file '/dev/shm/linux/./drivers/spi/spi-bitbang.c': File exists
cp: cannot create regular file '/dev/shm/linux/./drivers/spi/spi-brcmstb-qspi.c': File exists
cp: cannot create regular file '/dev/shm/linux/./drivers/spi/spi-cadence-quadspi.c': File exists
cp: cannot create regular file '/dev/shm/linux/./drivers/spi/spi-cadence.c': File exists
cp: cannot create regular file '/dev/shm/linux/./drivers/spi/spi-cavium-thunderx.c': File exists
cp: cannot create regular file '/dev/shm/linux/./drivers/spi/spi-cavium.h': File exists
cp: cannot create regular file '/dev/shm/linux/./drivers/spi/spi-clps711x.c': File exists
cp: cannot create regular file '/dev/shm/linux/./drivers/spi/spi-cs42l43.c': File exists
cp: cannot create regular file '/dev/shm/linux/./drivers/spi/spi-dln2.c': File exists
cp: cannot create regular file '/dev/shm/linux/./drivers/spi/spi-dw-dma.c': File exists
cp: cannot create regular file '/dev/shm/linux/./drivers/spi/spi-dw-pci.c': File exists
cp: cannot create regular file '/dev/shm/linux/./drivers/spi/spi-ep93xx.c': File exists
cp: cannot create regular file '/dev/shm/linux/./drivers/spi/spi-fsi.c': File exists
cp: cannot create regular file '/dev/shm/linux/./drivers/spi/spi-fsl-cpm.h': File exists
cp: cannot create regular file '/dev/shm/linux/./drivers/spi/spi-fsl-espi.c': File exists
cp: cannot create regular file '/dev/shm/linux/./drivers/spi/spi-fsl-lib.h': File exists
cp: cannot create regular file '/dev/shm/linux/./drivers/spi/spi-fsl-qspi.c': File exists
cp: cannot create regular file '/dev/shm/linux/./drivers/spi/spi-fsl-spi.h': File exists
cp: cannot create regular file '/dev/shm/linux/./drivers/spi/spi-gpio.c': File exists
cp: cannot create regular file '/dev/shm/linux/./drivers/spi/spi-gxp.c': File exists
cp: cannot create regular file '/dev/shm/linux/./drivers/spi/spi-hisi-kunpeng.c': File exists
cp: cannot create regular file '/dev/shm/linux/./drivers/spi/spi-img-spfi.c': File exists
cp: cannot create regular file '/dev/shm/linux/./drivers/spi/spi-ingenic.c': File exists
cp: cannot create regular file '/dev/shm/linux/./drivers/spi/spi-intel-platform.c': File exists
cp: cannot create regular file '/dev/shm/linux/./drivers/spi/spi-intel.h': File exists
cp: cannot create regular file '/dev/shm/linux/./drivers/spi/spi-jcore.c': File exists
cp: cannot create regular file '/dev/shm/linux/./drivers/spi/spi-lantiq-ssc.c': File exists
cp: cannot create regular file '/dev/shm/linux/./drivers/spi/spi-loongson-core.c': File exists
cp: cannot create regular file '/dev/shm/linux/./drivers/spi/spi-loongson.h': File exists
cp: cannot create regular file '/dev/shm/linux/./drivers/spi/spi-lp8841-rtc.c': File exists
cp: cannot create regular file '/dev/shm/linux/./drivers/spi/spi-meson-spicc.c': File exists
cp: cannot create regular file '/dev/shm/linux/./drivers/spi/spi-microchip-core-spi.c': File exists
cp: cannot create regular file '/dev/shm/linux/./drivers/spi/spi-mpc52xx-psc.c': File exists
cp: cannot create regular file '/dev/shm/linux/./drivers/spi/spi-mpfs.c': File exists
cp: cannot create regular file '/dev/shm/linux/./drivers/spi/spi-mt7621.c': File exists
cp: cannot create regular file '/dev/shm/linux/./drivers/spi/spi-mtk-snfi.c': File exists
cp: cannot create regular file '/dev/shm/linux/./drivers/spi/spi-mxs.c': File exists
cp: cannot create regular file '/dev/shm/linux/./drivers/spi/spi-npcm-pspi.c': File exists
cp: cannot create regular file '/dev/shm/linux/./drivers/spi/spi-nxp-xspi.c': File exists
cp: cannot create regular file '/dev/shm/linux/./drivers/spi/spi-offload-trigger-adi-util-sigma-delta.c': File exists
cp: cannot create regular file '/dev/shm/linux/./drivers/spi/spi-offload.c': File exists
cp: cannot create regular file '/dev/shm/linux/./drivers/spi/spi-orion.c': File exists
cp: cannot create regular file '/dev/shm/linux/./drivers/spi/spi-pic32-sqi.c': File exists
cp: cannot create regular file '/dev/shm/linux/./drivers/spi/spi-pl022.c': File exists
cp: cannot create regular file '/dev/shm/linux/./drivers/spi/spi-pxa2xx-dma.c': File exists
cp: cannot create regular file '/dev/shm/linux/./drivers/spi/spi-pxa2xx-platform.c': File exists
cp: cannot create regular file '/dev/shm/linux/./drivers/spi/spi-pxa2xx.h': File exists
cp: cannot create regular file '/dev/shm/linux/./drivers/spi/spi-qcom-qspi.c': File exists
cp: cannot create regular file '/dev/shm/linux/./drivers/spi/spi-qup.c': File exists
cp: cannot create regular file '/dev/shm/linux/./drivers/spi/spi-realtek-rtl-snand.c': File exists
cp: cannot create regular file '/dev/shm/linux/./drivers/spi/spi-rockchip-sfc.c': File exists
cp: cannot create regular file '/dev/shm/linux/./drivers/spi/spi-rpc-if.c': File exists
cp: cannot create regular file '/dev/shm/linux/./drivers/spi/spi-rzv2h-rspi.c': File exists
cp: cannot create regular file '/dev/shm/linux/./drivers/spi/spi-s3c64xx.c': File exists
cp: cannot create regular file '/dev/shm/linux/./drivers/spi/spi-sg2044-nor.c': File exists
cp: cannot create regular file '/dev/shm/linux/./drivers/spi/spi-sh-msiof.c': File exists
cp: cannot create regular file '/dev/shm/linux/./drivers/spi/spi-sh.c': File exists
cp: cannot create regular file '/dev/shm/linux/./drivers/spi/spi-slave-mt27xx.c': File exists
cp: cannot create regular file '/dev/shm/linux/./drivers/spi/spi-slave-time.c': File exists
cp: cannot create regular file '/dev/shm/linux/./drivers/spi/spi-sprd-adi.c': File exists
cp: cannot create regular file '/dev/shm/linux/./drivers/spi/spi-st-ssc4.c': File exists
cp: cannot create regular file '/dev/shm/linux/./drivers/spi/spi-stm32-qspi.c': File exists
cp: cannot create regular file '/dev/shm/linux/./drivers/spi/spi-sun4i.c': File exists
cp: cannot create regular file '/dev/shm/linux/./drivers/spi/spi-sunplus-sp7021.c': File exists
cp: cannot create regular file '/dev/shm/linux/./drivers/spi/spi-tegra20-sflash.c': File exists
cp: cannot create regular file '/dev/shm/linux/./drivers/spi/spi-tegra210-quad.c': File exists
cp: cannot create regular file '/dev/shm/linux/./drivers/spi/spi-tle62x0.c': File exists
cp: cannot create regular file '/dev/shm/linux/./drivers/spi/spi-topcliff-pch.c': File exists
cp: cannot create regular file '/dev/shm/linux/./drivers/spi/spi-virtio.c': File exists
cp: cannot create regular file '/dev/shm/linux/./drivers/spi/spi-xcomm.c': File exists
cp: cannot create regular file '/dev/shm/linux/./drivers/spi/spi-xlp.c': File exists
cp: cannot create regular file '/dev/shm/linux/./drivers/spi/spi-zynq-qspi.c': File exists
cp: cannot create regular file '/dev/shm/linux/./drivers/spi/spi.c': File exists
cp: cannot create directory '/dev/shm/linux/./drivers/spmi': File exists
cp: cannot create regular file '/dev/shm/linux/./drivers/ssb/driver_gige.c': File exists
cp: cannot create regular file '/dev/shm/linux/./drivers/ssb/driver_gpio.c': File exists
cp: cannot create regular file '/dev/shm/linux/./drivers/ssb/driver_pcicore.c': File exists
cp: cannot create regular file '/dev/shm/linux/./drivers/ssb/host_soc.c': File exists
cp: cannot create regular file '/dev/shm/linux/./drivers/ssb/main.c': File exists
cp: cannot create regular file '/dev/shm/linux/./drivers/ssb/pcihost_wrapper.c': File exists
cp: cannot create regular file '/dev/shm/linux/./drivers/ssb/pcmcia.c': File exists
cp: cannot create regular file '/dev/shm/linux/./drivers/ssb/sdio.c': File exists
cp: cannot create regular file '/dev/shm/linux/./drivers/ssb/sprom.c': File exists
cp: cannot create directory '/dev/shm/linux/./drivers/staging': File exists
cp: cannot create regular file '/dev/shm/linux/./drivers/usb/musb/mpfs.c': File exists
cp: cannot create regular file '/dev/shm/linux/./drivers/usb/musb/musb_core.h': File exists
cp: cannot create regular file '/dev/shm/linux/./drivers/usb/musb/musb_debug.h': File exists
cp: cannot create regular file '/dev/shm/linux/./drivers/usb/musb/musb_dma.h': File exists
cp: cannot create regular file '/dev/shm/linux/./drivers/usb/musb/musb_gadget.c': File exists
cp: cannot create regular file '/dev/shm/linux/./drivers/usb/musb/musb_gadget.h': File exists
cp: cannot create regular file '/dev/shm/linux/./drivers/usb/musb/musb_host.c': File exists
cp: cannot create regular file '/dev/shm/linux/./drivers/usb/musb/musb_io.h': File exists
cp: cannot create regular file '/dev/shm/linux/./drivers/usb/musb/musb_regs.h': File exists
cp: cannot create regular file '/dev/shm/linux/./drivers/usb/musb/musb_trace.h': File exists
cp: cannot create regular file '/dev/shm/linux/./drivers/usb/musb/musbhsdma.c': File exists
cp: cannot create regular file '/dev/shm/linux/./drivers/usb/musb/omap2430.h': File exists
cp: cannot create regular file '/dev/shm/linux/./drivers/usb/musb/sunxi.c': File exists
cp: cannot create regular file '/dev/shm/linux/./drivers/usb/musb/tusb6010.h': File exists
cp: cannot create regular file '/dev/shm/linux/./drivers/usb/musb/tusb6010_omap.c': File exists
cp: cannot create regular file '/dev/shm/linux/./drivers/usb/musb/ux500_dma.c': File exists
cp: cannot create regular file '/dev/shm/linux/./drivers/usb/phy/Makefile': File exists
cp: cannot create regular file '/dev/shm/linux/./drivers/usb/phy/phy-ab8500-usb.c': File exists
cp: cannot create regular file '/dev/shm/linux/./drivers/usb/phy/phy-am335x-control.h': File exists
cp: cannot create regular file '/dev/shm/linux/./drivers/usb/phy/phy-fsl-usb.c': File exists
cp: cannot create regular file '/dev/shm/linux/./drivers/usb/phy/phy-generic.c': File exists
cp: cannot create regular file '/dev/shm/linux/./drivers/usb/phy/phy-gpio-vbus-usb.c': File exists
cp: cannot create regular file '/dev/shm/linux/./drivers/usb/phy/phy-keystone.c': File exists
cp: cannot create regular file '/dev/shm/linux/./drivers/usb/phy/phy-mxs-usb.c': File exists
cp: cannot create regular file '/dev/shm/linux/./drivers/usb/phy/phy-tahvo.c': File exists
cp: cannot create regular file '/dev/shm/linux/./drivers/usb/phy/phy-twl6030-usb.c': File exists
cp: cannot create regular file '/dev/shm/linux/./drivers/usb/phy/phy-ulpi-viewport.c': File exists
cp: cannot create regular file '/dev/shm/linux/./drivers/usb/phy/phy.c': File exists
cp: cannot create regular file '/dev/shm/linux/./drivers/usb/renesas_usbhs/Makefile': File exists
cp: cannot create regular file '/dev/shm/linux/./drivers/usb/renesas_usbhs/common.h': File exists
cp: cannot create regular file '/dev/shm/linux/./drivers/usb/renesas_usbhs/fifo.h': File exists
cp: cannot create regular file '/dev/shm/linux/./drivers/usb/renesas_usbhs/mod.h': File exists
cp: cannot create regular file '/dev/shm/linux/./drivers/usb/renesas_usbhs/mod_host.c': File exists
cp: cannot create regular file '/dev/shm/linux/./drivers/usb/renesas_usbhs/pipe.h': File exists
cp: cannot create regular file '/dev/shm/linux/./drivers/usb/renesas_usbhs/rcar2.h': File exists
cp: cannot create regular file '/dev/shm/linux/./drivers/usb/renesas_usbhs/rcar3.c': File exists
cp: cannot create regular file '/dev/shm/linux/./drivers/usb/renesas_usbhs/rza.c': File exists
cp: cannot create regular file '/dev/shm/linux/./drivers/usb/renesas_usbhs/rza2.c': File exists
cp: cannot create regular file '/dev/shm/linux/./drivers/usb/roles/Kconfig': File exists
cp: cannot create regular file '/dev/shm/linux/./drivers/usb/roles/Makefile': File exists
cp: cannot create regular file '/dev/shm/linux/./drivers/usb/roles/intel-xhci-usb-role-switch.c': File exists
cp: cannot create regular file '/dev/shm/linux/./drivers/usb/serial/Kconfig': File exists
cp: cannot create regular file '/dev/shm/linux/./drivers/usb/serial/Makefile-keyspan_pda_fw': File exists
cp: cannot create regular file '/dev/shm/linux/./drivers/usb/serial/aircable.c': File exists
cp: cannot create regular file '/dev/shm/linux/./drivers/usb/serial/belkin_sa.c': File exists
cp: cannot create regular file '/dev/shm/linux/./drivers/usb/serial/bus.c': File exists
cp: cannot create regular file '/dev/shm/linux/./drivers/usb/serial/console.c': File exists
cp: cannot create regular file '/dev/shm/linux/./drivers/usb/serial/cyberjack.c': File exists
cp: cannot create regular file '/dev/shm/linux/./drivers/usb/serial/cypress_m8.h': File exists
cp: cannot create regular file '/dev/shm/linux/./drivers/usb/serial/empeg.c': File exists
cp: cannot create regular file '/dev/shm/linux/./drivers/usb/serial/f81534.c': File exists
cp: cannot create regular file '/dev/shm/linux/./drivers/usb/serial/ftdi_sio.h': File exists
cp: cannot create regular file '/dev/shm/linux/./drivers/usb/serial/garmin_gps.c': File exists
cp: cannot create regular file '/dev/shm/linux/./drivers/usb/serial/io_16654.h': File exists
cp: cannot create regular file '/dev/shm/linux/./drivers/usb/serial/io_edgeport.h': File exists
cp: cannot create regular file '/dev/shm/linux/./drivers/usb/serial/io_ti.c': File exists
cp: cannot create regular file '/dev/shm/linux/./drivers/usb/serial/io_usbvend.h': File exists
cp: cannot create regular file '/dev/shm/linux/./drivers/usb/serial/ipw.c': File exists
cp: cannot create regular file '/dev/shm/linux/./drivers/usb/serial/iuu_phoenix.c': File exists
cp: cannot create regular file '/dev/shm/linux/./drivers/usb/serial/keyspan.c': File exists
cp: cannot create regular file '/dev/shm/linux/./drivers/usb/serial/keyspan_usa26msg.h': File exists
cp: cannot create regular file '/dev/shm/linux/./drivers/usb/serial/keyspan_usa49msg.h': File exists
cp: cannot create regular file '/dev/shm/linux/./drivers/usb/serial/keyspan_usa90msg.h': File exists
cp: cannot create regular file '/dev/shm/linux/./drivers/usb/serial/kl5kusb105.h': File exists
cp: cannot create regular file '/dev/shm/linux/./drivers/usb/serial/kobil_sct.h': File exists
cp: cannot create regular file '/dev/shm/linux/./drivers/usb/serial/mct_u232.h': File exists
cp: cannot create regular file '/dev/shm/linux/./drivers/usb/serial/mos7720.c': File exists
cp: cannot create regular file '/dev/shm/linux/./drivers/usb/serial/mxuport.c': File exists
cp: cannot create regular file '/dev/shm/linux/./drivers/usb/serial/opticon.c': File exists
cp: cannot create regular file '/dev/shm/linux/./drivers/usb/serial/oti6858.c': File exists
cp: cannot create regular file '/dev/shm/linux/./drivers/usb/serial/pl2303.h': File exists
cp: cannot create regular file '/dev/shm/linux/./drivers/usb/serial/quatech2.c': File exists
cp: cannot create regular file '/dev/shm/linux/./drivers/usb/serial/sierra.c': File exists
cp: cannot create regular file '/dev/shm/linux/./drivers/usb/serial/symbolserial.c': File exists
cp: cannot create regular file '/dev/shm/linux/./drivers/usb/serial/upd78f0730.c': File exists
cp: cannot create regular file '/dev/shm/linux/./drivers/usb/serial/usb-serial.c': File exists
cp: cannot create regular file '/dev/shm/linux/./drivers/usb/serial/usb_debug.c': File exists
cp: cannot create regular file '/dev/shm/linux/./drivers/usb/serial/visor.c': File exists
cp: cannot create regular file '/dev/shm/linux/./drivers/usb/serial/whiteheat.c': File exists
cp: cannot create regular file '/dev/shm/linux/./drivers/usb/serial/wishbone-serial.c': File exists
cp: cannot create regular file '/dev/shm/linux/./drivers/usb/serial/xr_serial.c': File exists
cp: cannot create directory '/dev/shm/linux/./drivers/usb/storage': File exists
cp: cannot create regular file '/dev/shm/linux/./drivers/usb/typec/tcpm/qcom/qcom_pmic_typec_port.c': File exists
cp: cannot create regular file '/dev/shm/linux/./drivers/usb/typec/tcpm/tcpci.c': File exists
cp: cannot create regular file '/dev/shm/linux/./drivers/usb/typec/tcpm/tcpci_maxim_core.c': File exists
cp: cannot create regular file '/dev/shm/linux/./drivers/usb/typec/tcpm/tcpci_mt6370.c': File exists
cp: cannot create regular file '/dev/shm/linux/./drivers/usb/typec/tcpm/tcpm.c': File exists
cp: cannot create directory '/dev/shm/linux/./drivers/usb/typec/tipd': File exists
cp: cannot create regular file '/dev/shm/linux/./drivers/usb/typec/ucsi/trace.c': File exists
cp: cannot create regular file '/dev/shm/linux/./drivers/usb/typec/ucsi/trace.h': File exists
cp: cannot create regular file '/dev/shm/linux/./drivers/usb/typec/ucsi/ucsi.h': File exists
cp: cannot create regular file '/dev/shm/linux/./drivers/usb/typec/ucsi/ucsi_ccg.c': File exists
cp: cannot create regular file '/dev/shm/linux/./drivers/usb/typec/ucsi/ucsi_huawei_gaokun.c': File exists
cp: cannot create regular file '/dev/shm/linux/./drivers/usb/typec/ucsi/ucsi_yoga_c630.c': File exists
cp: cannot create regular file '/dev/shm/linux/./drivers/usb/usb-skeleton.c': File exists
cp: cannot create regular file '/dev/shm/linux/./drivers/usb/usbip/Kconfig': File exists
cp: cannot create regular file '/dev/shm/linux/./drivers/usb/usbip/stub_dev.c': File exists
cp: cannot create regular file '/dev/shm/linux/./drivers/usb/usbip/stub_rx.c': File exists
cp: cannot create regular file '/dev/shm/linux/./drivers/usb/usbip/usbip_common.c': File exists
cp: cannot create regular file '/dev/shm/linux/./drivers/usb/usbip/usbip_event.c': File exists
cp: cannot create regular file '/dev/shm/linux/./drivers/usb/usbip/vhci_hcd.c': File exists
cp: cannot create regular file '/dev/shm/linux/./drivers/usb/usbip/vhci_tx.c': File exists
cp: cannot create regular file '/dev/shm/linux/./drivers/usb/usbip/vudc_dev.c': File exists
cp: cannot create regular file '/dev/shm/linux/./drivers/usb/usbip/vudc_rx.c': File exists
cp: cannot create regular file '/dev/shm/linux/./drivers/usb/usbip/vudc_transfer.c': File exists
cp: cannot create directory '/dev/shm/linux/./drivers/vdpa': File exists
cp: cannot create regular file '/dev/shm/linux/./drivers/vfio/pci/pds/vfio_dev.h': File exists
cp: cannot create regular file '/dev/shm/linux/./drivers/vfio/pci/qat/Kconfig': File exists
cp: cannot create regular file '/dev/shm/linux/./drivers/vfio/pci/qat/main.c': File exists
cp: cannot create regular file '/dev/shm/linux/./drivers/vfio/pci/vfio_pci.c': File exists
cp: cannot create regular file '/dev/shm/linux/./drivers/vfio/pci/vfio_pci_core.c': File exists
cp: cannot create regular file '/dev/shm/linux/./drivers/vfio/pci/vfio_pci_dmabuf.c': File exists
cp: cannot create regular file '/dev/shm/linux/./drivers/vfio/pci/vfio_pci_priv.h': File exists
cp: cannot create regular file '/dev/shm/linux/./drivers/vfio/pci/vfio_pci_zdev.c': File exists
cp: cannot create directory '/dev/shm/linux/./drivers/vfio/pci/xe': File exists
cp: cannot create directory '/dev/shm/linux/./drivers/vfio/platform': File exists
cp: cannot create regular file '/dev/shm/linux/./drivers/vhost/vhost.h': File exists
cp: cannot create regular file '/dev/shm/linux/./drivers/vhost/vringh.c': File exists
cp: cannot create regular file '/dev/shm/linux/./drivers/vhost/vsock.c': File exists
cp: cannot create directory '/dev/shm/linux/./drivers/video': File exists
cp: cannot create regular file '/dev/shm/linux/./fs/btrfs/delayed-ref.h': File exists
cp: cannot create regular file '/dev/shm/linux/./fs/btrfs/dev-replace.h': File exists
cp: cannot create regular file '/dev/shm/linux/./fs/btrfs/dir-item.c': File exists
cp: cannot create regular file '/dev/shm/linux/./fs/btrfs/direct-io.c': File exists
cp: cannot create regular file '/dev/shm/linux/./fs/btrfs/discard.h': File exists
cp: cannot create regular file '/dev/shm/linux/./fs/btrfs/disk-io.h': File exists
cp: cannot create regular file '/dev/shm/linux/./fs/btrfs/export.h': File exists
cp: cannot create regular file '/dev/shm/linux/./fs/btrfs/extent-io-tree.h': File exists
cp: cannot create regular file '/dev/shm/linux/./fs/btrfs/extent-tree.h': File exists
cp: cannot create regular file '/dev/shm/linux/./fs/btrfs/extent_io.c': File exists
cp: cannot create regular file '/dev/shm/linux/./fs/btrfs/extent_map.c': File exists
cp: cannot create regular file '/dev/shm/linux/./fs/btrfs/fiemap.c': File exists
cp: cannot create regular file '/dev/shm/linux/./fs/btrfs/file-item.c': File exists
cp: cannot create regular file '/dev/shm/linux/./fs/btrfs/file.c': File exists
cp: cannot create regular file '/dev/shm/linux/./fs/btrfs/free-space-cache.c': File exists
cp: cannot create regular file '/dev/shm/linux/./fs/btrfs/free-space-tree.c': File exists
cp: cannot create regular file '/dev/shm/linux/./fs/btrfs/fs.h': File exists
cp: cannot create regular file '/dev/shm/linux/./fs/btrfs/inode-item.h': File exists
cp: cannot create regular file '/dev/shm/linux/./fs/btrfs/ioctl.c': File exists
cp: cannot create regular file '/dev/shm/linux/./fs/btrfs/locking.c': File exists
cp: cannot create regular file '/dev/shm/linux/./fs/btrfs/lru_cache.c': File exists
cp: cannot create regular file '/dev/shm/linux/./fs/btrfs/lzo.c': File exists
cp: cannot create regular file '/dev/shm/linux/./fs/btrfs/messages.h': File exists
cp: cannot create regular file '/dev/shm/linux/./fs/btrfs/ordered-data.c': File exists
cp: cannot create regular file '/dev/shm/linux/./fs/btrfs/orphan.c': File exists
cp: cannot create regular file '/dev/shm/linux/./fs/btrfs/print-tree.c': File exists
cp: cannot create regular file '/dev/shm/linux/./fs/btrfs/props.h': File exists
cp: cannot create regular file '/dev/shm/linux/./fs/btrfs/qgroup.h': File exists
cp: cannot create regular file '/dev/shm/linux/./fs/btrfs/raid-stripe-tree.h': File exists
cp: cannot create regular file '/dev/shm/linux/./fs/btrfs/raid56.h': File exists
cp: cannot create regular file '/dev/shm/linux/./fs/btrfs/ref-verify.h': File exists
cp: cannot create regular file '/dev/shm/linux/./fs/btrfs/reflink.h': File exists
cp: cannot create regular file '/dev/shm/linux/./fs/btrfs/relocation.h': File exists
cp: cannot create regular file '/dev/shm/linux/./fs/btrfs/root-tree.h': File exists
cp: cannot create regular file '/dev/shm/linux/./fs/btrfs/scrub.h': File exists
cp: cannot create regular file '/dev/shm/linux/./fs/btrfs/send.c': File exists
cp: cannot create regular file '/dev/shm/linux/./fs/btrfs/space-info.h': File exists
cp: cannot create regular file '/dev/shm/linux/./fs/btrfs/subpage.h': File exists
cp: cannot create regular file '/dev/shm/linux/./fs/btrfs/super.h': File exists
cp: cannot create regular file '/dev/shm/linux/./fs/btrfs/sysfs.h': File exists
cp: cannot create regular file '/dev/shm/linux/./fs/btrfs/tests/btrfs-tests.c': File exists
cp: cannot create regular file '/dev/shm/linux/./fs/btrfs/tests/chunk-allocation-tests.c': File exists
cp: cannot create regular file '/dev/shm/linux/./fs/btrfs/tests/extent-buffer-tests.c': File exists
cp: cannot create regular file '/dev/shm/linux/./fs/btrfs/tests/extent-map-tests.c': File exists
cp: cannot create regular file '/dev/shm/linux/./fs/btrfs/tests/free-space-tree-tests.c': File exists
cp: cannot create regular file '/dev/shm/linux/./fs/btrfs/tests/qgroup-tests.c': File exists
cp: cannot create regular file '/dev/shm/linux/./fs/btrfs/tests/zoned-tests.c': File exists
cp: cannot create regular file '/dev/shm/linux/./fs/btrfs/transaction.h': File exists
cp: cannot create regular file '/dev/shm/linux/./fs/btrfs/tree-checker.h': File exists
cp: cannot create regular file '/dev/shm/linux/./fs/btrfs/tree-log.h': File exists
cp: cannot create regular file '/dev/shm/linux/./fs/btrfs/tree-mod-log.h': File exists
cp: cannot create regular file '/dev/shm/linux/./fs/btrfs/ulist.h': File exists
cp: cannot create regular file '/dev/shm/linux/./fs/btrfs/uuid-tree.h': File exists
cp: cannot create regular file '/dev/shm/linux/./fs/btrfs/verity.h': File exists
cp: cannot create regular file '/dev/shm/linux/./fs/btrfs/volumes.h': File exists
cp: cannot create regular file '/dev/shm/linux/./fs/btrfs/xattr.h': File exists
cp: cannot create regular file '/dev/shm/linux/./fs/btrfs/zoned.c': File exists
cp: cannot create regular file '/dev/shm/linux/./fs/btrfs/zstd.c': File exists
cp: cannot create directory '/dev/shm/linux/./fs/cachefiles': File exists
cp: cannot create regular file '/dev/shm/linux/./fs/ceph/inode.c': File exists
cp: cannot create regular file '/dev/shm/linux/./fs/ceph/io.h': File exists
cp: cannot create regular file '/dev/shm/linux/./fs/ceph/ioctl.h': File exists
cp: cannot create regular file '/dev/shm/linux/./fs/ceph/mds_client.c': File exists
cp: cannot create regular file '/dev/shm/linux/./fs/ceph/mdsmap.c': File exists
cp: cannot create regular file '/dev/shm/linux/./fs/ceph/metric.c': File exists
cp: cannot create regular file '/dev/shm/linux/./fs/ceph/quota.c': File exists
cp: cannot create regular file '/dev/shm/linux/./fs/ceph/strings.c': File exists
cp: cannot create regular file '/dev/shm/linux/./fs/ceph/subvolume_metrics.h': File exists
cp: cannot create regular file '/dev/shm/linux/./fs/ceph/super.h': File exists
cp: cannot create regular file '/dev/shm/linux/./fs/ceph/xattr.c': File exists
cp: cannot create directory '/dev/shm/linux/./fs/coda': File exists
cp: cannot create directory '/dev/shm/linux/./fs/crypto': File exists
cp: cannot create regular file '/dev/shm/linux/./fs/dlm/ast.c': File exists
cp: cannot create regular file '/dev/shm/linux/./fs/dlm/config.c': File exists
cp: cannot create regular file '/dev/shm/linux/./fs/dlm/dir.c': File exists
cp: cannot create regular file '/dev/shm/linux/./fs/dlm/dlm_internal.h': File exists
cp: cannot create regular file '/dev/shm/linux/./fs/dlm/lock.h': File exists
cp: cannot create regular file '/dev/shm/linux/./fs/dlm/lockspace.c': File exists
cp: cannot create regular file '/dev/shm/linux/./fs/dlm/lowcomms.c': File exists
cp: cannot create regular file '/dev/shm/linux/./fs/dlm/member.c': File exists
cp: cannot create regular file '/dev/shm/linux/./fs/dlm/memory.h': File exists
cp: cannot create regular file '/dev/shm/linux/./fs/dlm/midcomms.h': File exists
cp: cannot create regular file '/dev/shm/linux/./fs/dlm/rcom.c': File exists
cp: cannot create regular file '/dev/shm/linux/./fs/dlm/recover.h': File exists
cp: cannot create regular file '/dev/shm/linux/./fs/dlm/recoverd.h': File exists
cp: cannot create regular file '/dev/shm/linux/./fs/dlm/user.h': File exists
cp: cannot create regular file '/dev/shm/linux/./fs/dlm/util.h': File exists
cp: cannot create directory '/dev/shm/linux/./fs/efivarfs': File exists
cp: cannot create directory '/dev/shm/linux/./fs/efs': File exists
cp: cannot create directory '/dev/shm/linux/./fs/erofs': File exists
cp: cannot create regular file '/dev/shm/linux/./fs/ext2/acl.h': File exists
cp: cannot create regular file '/dev/shm/linux/./fs/ext2/dir.c': File exists
cp: cannot create regular file '/dev/shm/linux/./fs/ext2/file.c': File exists
cp: cannot create regular file '/dev/shm/linux/./fs/ext2/inode.c': File exists
cp: cannot create regular file '/dev/shm/linux/./fs/ext2/namei.c': File exists
cp: cannot create regular file '/dev/shm/linux/./fs/ext2/symlink.c': File exists
cp: cannot create regular file '/dev/shm/linux/./fs/ext2/trace.c': File exists
cp: cannot create regular file '/dev/shm/linux/./fs/ext2/xattr.c': File exists
cp: cannot create regular file '/dev/shm/linux/./fs/ext2/xattr_trusted.c': File exists
cp: cannot create directory '/dev/shm/linux/./fs/ext4': File exists
cp: cannot create regular file '/dev/shm/linux/./fs/fs-writeback.c': File exists
cp: cannot create regular file '/dev/shm/linux/./fs/fs_context.c': File exists
cp: cannot create regular file '/dev/shm/linux/./fs/fs_dirent.c': File exists
cp: cannot create regular file '/dev/shm/linux/./fs/fs_parser.c': File exists
cp: cannot create regular file '/dev/shm/linux/./fs/fs_pin.c': File exists
cp: cannot create regular file '/dev/shm/linux/./fs/fs_struct.c': File exists
cp: cannot create regular file '/dev/shm/linux/./fs/fserror.c': File exists
cp: cannot create regular file '/dev/shm/linux/./fs/fsopen.c': File exists
cp: cannot create directory '/dev/shm/linux/./fs/fuse': File exists
cp: cannot create regular file '/dev/shm/linux/./fs/gfs2/glops.h': File exists
cp: cannot create regular file '/dev/shm/linux/./fs/gfs2/inode.c': File exists
cp: cannot create regular file '/dev/shm/linux/./fs/gfs2/lock_dlm.c': File exists
cp: cannot create regular file '/dev/shm/linux/./fs/gfs2/log.h': File exists
cp: cannot create regular file '/dev/shm/linux/./fs/gfs2/lops.h': File exists
cp: cannot create regular file '/dev/shm/linux/./fs/gfs2/main.c': File exists
cp: cannot create regular file '/dev/shm/linux/./fs/gfs2/meta_io.h': File exists
cp: cannot create regular file '/dev/shm/linux/./fs/gfs2/quota.c': File exists
cp: cannot create regular file '/dev/shm/linux/./fs/gfs2/recovery.c': File exists
cp: cannot create regular file '/dev/shm/linux/./fs/gfs2/rgrp.c': File exists
cp: cannot create regular file '/dev/shm/linux/./fs/gfs2/super.c': File exists
cp: cannot create regular file '/dev/shm/linux/./fs/gfs2/sys.c': File exists
cp: cannot create regular file '/dev/shm/linux/./fs/gfs2/trace_gfs2.h': File exists
cp: cannot create regular file '/dev/shm/linux/./fs/gfs2/trans.h': File exists
cp: cannot create regular file '/dev/shm/linux/./fs/gfs2/util.h': File exists
cp: cannot create regular file '/dev/shm/linux/./fs/gfs2/xattr.h': File exists
cp: cannot create regular file '/dev/shm/linux/./fs/hfs/.kunitconfig': File exists
cp: cannot create regular file '/dev/shm/linux/./fs/hfs/attr.c': File exists
cp: cannot create regular file '/dev/shm/linux/./fs/hfs/bnode.c': File exists
cp: cannot create regular file '/dev/shm/linux/./fs/hfs/btree.h': File exists
cp: cannot create regular file '/dev/shm/linux/./fs/hfs/dir.c': File exists
cp: cannot create regular file '/dev/shm/linux/./fs/hfs/hfs.h': File exists
cp: cannot create regular file '/dev/shm/linux/./fs/hfs/hfs_fs.h': File exists
cp: cannot create regular file '/dev/shm/linux/./fs/hfs/mdb.c': File exists
cp: cannot create regular file '/dev/shm/linux/./fs/hfs/super.c': File exists
cp: cannot create regular file '/dev/shm/linux/./fs/hfs/trans.c': File exists
cp: cannot create directory '/dev/shm/linux/./fs/hostfs': File exists
cp: cannot create directory '/dev/shm/linux/./fs/hpfs': File exists
cp: cannot create directory '/dev/shm/linux/./fs/hugetlbfs': File exists
cp: cannot create regular file '/dev/shm/linux/./fs/init.c': File exists
cp: cannot create regular file '/dev/shm/linux/./fs/inode.c': File exists
cp: cannot create regular file '/dev/shm/linux/./fs/internal.h': File exists
cp: cannot create regular file '/dev/shm/linux/./fs/ioctl.c': File exists
cp: cannot create regular file '/dev/shm/linux/./fs/iomap/Makefile': File exists
cp: cannot create regular file '/dev/shm/linux/./fs/iomap/bio.c': File exists
cp: cannot create regular file '/dev/shm/linux/./fs/iomap/direct-io.c': File exists
cp: cannot create regular file '/dev/shm/linux/./fs/iomap/internal.h': File exists
cp: cannot create regular file '/dev/shm/linux/./fs/iomap/ioend.c': File exists
cp: cannot create regular file '/dev/shm/linux/./fs/iomap/seek.c': File exists
cp: cannot create regular file '/dev/shm/linux/./fs/iomap/trace.c': File exists
cp: cannot create directory '/dev/shm/linux/./fs/isofs': File exists
cp: cannot create regular file '/dev/shm/linux/./fs/jffs2/acl.c': File exists
cp: cannot create regular file '/dev/shm/linux/./fs/jffs2/acl.h': File exists
cp: cannot create regular file '/dev/shm/linux/./fs/jffs2/build.c': File exists
cp: cannot create regular file '/dev/shm/linux/./fs/jffs2/compr.h': File exists
cp: cannot create regular file '/dev/shm/linux/./fs/jffs2/compr_rubin.c': File exists
cp: cannot create regular file '/dev/shm/linux/./fs/jffs2/debug.c': File exists
cp: cannot create regular file '/dev/shm/linux/./fs/jffs2/dir.c': File exists
cp: cannot create regular file '/dev/shm/linux/./fs/jffs2/fs.c': File exists
cp: cannot create regular file '/dev/shm/linux/./fs/jffs2/ioctl.c': File exists
cp: cannot create regular file '/dev/shm/linux/./fs/jffs2/jffs2_fs_sb.h': File exists
cp: cannot create regular file '/dev/shm/linux/./fs/jffs2/nodelist.c': File exists
cp: cannot create regular file '/dev/shm/linux/./fs/jffs2/nodemgmt.c': File exists
cp: cannot create regular file '/dev/shm/linux/./fs/jffs2/read.c': File exists
cp: cannot create regular file '/dev/shm/linux/./fs/jffs2/scan.c': File exists
cp: cannot create regular file '/dev/shm/linux/./fs/jffs2/summary.h': File exists
cp: cannot create regular file '/dev/shm/linux/./fs/jffs2/symlink.c': File exists
cp: cannot create regular file '/dev/shm/linux/./fs/jffs2/write.c': File exists
cp: cannot create regular file '/dev/shm/linux/./fs/jffs2/xattr.h': File exists
cp: cannot create regular file '/dev/shm/linux/./fs/jffs2/xattr_user.c': File exists
cp: cannot create regular file '/dev/shm/linux/./fs/jfs/Kconfig': File exists
cp: cannot create regular file '/dev/shm/linux/./fs/jfs/file.c': File exists
cp: cannot create regular file '/dev/shm/linux/./fs/jfs/ioctl.c': File exists
cp: cannot create regular file '/dev/shm/linux/./fs/jfs/jfs_btree.h': File exists
cp: cannot create regular file '/dev/shm/linux/./fs/jfs/jfs_debug.h': File exists
cp: cannot create regular file '/dev/shm/linux/./fs/jfs/jfs_discard.c': File exists
cp: cannot create regular file '/dev/shm/linux/./fs/jfs/jfs_dmap.c': File exists
cp: cannot create regular file '/dev/shm/linux/./fs/jfs/jfs_dtree.h': File exists
cp: cannot create regular file '/dev/shm/linux/./fs/jfs/jfs_filsys.h': File exists
cp: cannot create regular file '/dev/shm/linux/./fs/jfs/jfs_imap.h': File exists
cp: cannot create regular file '/dev/shm/linux/./fs/jfs/jfs_inode.c': File exists
cp: cannot create regular file '/dev/shm/linux/./fs/jfs/jfs_lock.h': File exists
cp: cannot create regular file '/dev/shm/linux/./fs/jfs/jfs_logmgr.h': File exists
cp: cannot create regular file '/dev/shm/linux/./fs/jfs/jfs_metapage.h': File exists
cp: cannot create regular file '/dev/shm/linux/./fs/jfs/jfs_superblock.h': File exists
cp: cannot create regular file '/dev/shm/linux/./fs/jfs/jfs_txnmgr.h': File exists
cp: cannot create regular file '/dev/shm/linux/./fs/jfs/jfs_umount.c': File exists
cp: cannot create regular file '/dev/shm/linux/./fs/jfs/jfs_unicode.c': File exists
cp: cannot create regular file '/dev/shm/linux/./fs/jfs/jfs_unicode.h': File exists
cp: cannot create regular file '/dev/shm/linux/./fs/jfs/jfs_xtree.h': File exists
cp: cannot create regular file '/dev/shm/linux/./fs/jfs/resize.c': File exists
cp: cannot create regular file '/dev/shm/linux/./fs/jfs/symlink.c': File exists
cp: cannot create regular file '/dev/shm/linux/./fs/kernel_read_file.c': File exists
cp: cannot create regular file '/dev/shm/linux/./fs/kernfs/Kconfig': File exists
cp: cannot create regular file '/dev/shm/linux/./fs/kernfs/Makefile': File exists
cp: cannot create regular file '/dev/shm/linux/./fs/kernfs/file.c': File exists
cp: cannot create regular file '/dev/shm/linux/./fs/kernfs/kernfs-internal.h': File exists
cp: cannot create regular file '/dev/shm/linux/./fs/kernfs/symlink.c': File exists
cp: cannot create regular file '/dev/shm/linux/./fs/libfs.c': File exists
cp: cannot create regular file '/dev/shm/linux/./fs/lockd/Makefile': File exists
cp: cannot create regular file '/dev/shm/linux/./fs/lockd/clnt4xdr.c': File exists
cp: cannot create regular file '/dev/shm/linux/./fs/lockd/clntproc.c': File exists
cp: cannot create regular file '/dev/shm/linux/./fs/lockd/host.c': File exists
cp: cannot create regular file '/dev/shm/linux/./fs/lockd/mon.c': File exists
cp: cannot create regular file '/dev/shm/linux/./fs/lockd/netlink.h': File exists
cp: cannot create regular file '/dev/shm/linux/./fs/lockd/nlm.h': File exists
cp: cannot create regular file '/dev/shm/linux/./fs/lockd/nlm4xdr_gen.h': File exists
cp: cannot create regular file '/dev/shm/linux/./fs/lockd/procfs.h': File exists
cp: cannot create regular file '/dev/shm/linux/./fs/lockd/svc4proc.c': File exists
cp: cannot create regular file '/dev/shm/linux/./fs/lockd/svcproc.c': File exists
cp: cannot create regular file '/dev/shm/linux/./fs/lockd/svcsubs.c': File exists
cp: cannot create regular file '/dev/shm/linux/./fs/lockd/trace.c': File exists
cp: cannot create regular file '/dev/shm/linux/./fs/lockd/xdr.c': File exists
cp: cannot create regular file '/dev/shm/linux/./fs/locks.c': File exists
cp: cannot create directory '/dev/shm/linux/./fs/minix': File exists
cp: cannot create regular file '/dev/shm/linux/./fs/netfs/direct_read.c': File exists
cp: cannot create regular file '/dev/shm/linux/./fs/netfs/fscache_cache.c': File exists
cp: cannot create regular file '/dev/shm/linux/./fs/netfs/fscache_internal.h': File exists
cp: cannot create regular file '/dev/shm/linux/./fs/netfs/fscache_main.c': File exists
cp: cannot create regular file '/dev/shm/linux/./fs/netfs/fscache_volume.c': File exists
cp: cannot create regular file '/dev/shm/linux/./fs/netfs/iterator.c': File exists
cp: cannot create regular file '/dev/shm/linux/./fs/netfs/main.c': File exists
cp: cannot create regular file '/dev/shm/linux/./fs/netfs/read_collect.c': File exists
cp: cannot create regular file '/dev/shm/linux/./fs/netfs/read_single.c': File exists
cp: cannot create regular file '/dev/shm/linux/./fs/netfs/stats.c': File exists
cp: cannot create regular file '/dev/shm/linux/./fs/netfs/write_issue.c': File exists
cp: cannot create directory '/dev/shm/linux/./fs/nfs_common': File exists
cp: cannot create directory '/dev/shm/linux/./fs/nfsd': File exists
cp: cannot create directory '/dev/shm/linux/./fs/nilfs2': File exists
cp: cannot create regular file '/dev/shm/linux/./fs/nls/nls_ascii.c': File exists
cp: cannot create regular file '/dev/shm/linux/./fs/nls/nls_cp1250.c': File exists
cp: cannot create regular file '/dev/shm/linux/./fs/nls/nls_cp1255.c': File exists
cp: cannot create regular file '/dev/shm/linux/./fs/nls/nls_cp737.c': File exists
cp: cannot create regular file '/dev/shm/linux/./fs/nls/nls_cp850.c': File exists
cp: cannot create regular file '/dev/shm/linux/./fs/nls/nls_cp855.c': File exists
cp: cannot create regular file '/dev/shm/linux/./fs/nls/nls_cp860.c': File exists
cp: cannot create regular file '/dev/shm/linux/./fs/nls/nls_cp862.c': File exists
cp: cannot create regular file '/dev/shm/linux/./fs/nls/nls_cp864.c': File exists
cp: cannot create regular file '/dev/shm/linux/./fs/nls/nls_cp866.c': File exists
cp: cannot create regular file '/dev/shm/linux/./fs/nls/nls_cp874.c': File exists
cp: cannot create regular file '/dev/shm/linux/./fs/nls/nls_cp936.c': File exists
cp: cannot create regular file '/dev/shm/linux/./fs/nls/nls_cp950.c': File exists
cp: cannot create regular file '/dev/shm/linux/./fs/nls/nls_euc-jp.c': File exists
cp: cannot create regular file '/dev/shm/linux/./fs/nls/nls_iso8859-13.c': File exists
cp: cannot create regular file '/dev/shm/linux/./fs/nls/nls_iso8859-15.c': File exists
cp: cannot create regular file '/dev/shm/linux/./fs/nls/nls_iso8859-4.c': File exists
cp: cannot create regular file '/dev/shm/linux/./fs/nls/nls_iso8859-6.c': File exists
cp: cannot create regular file '/dev/shm/linux/./fs/nls/nls_iso8859-9.c': File exists
cp: cannot create regular file '/dev/shm/linux/./fs/nls/nls_koi8-ru.c': File exists
cp: cannot create regular file '/dev/shm/linux/./fs/nls/nls_ucs2_data.h': File exists
cp: cannot create regular file '/dev/shm/linux/./fs/nls/nls_ucs2_utils.h': File exists
cp: cannot create regular file '/dev/shm/linux/./fs/notify/Makefile': File exists
cp: cannot create regular file '/dev/shm/linux/./fs/notify/dnotify/Kconfig': File exists
cp: cannot create regular file '/dev/shm/linux/./fs/notify/dnotify/dnotify.c': File exists
cp: cannot create regular file '/dev/shm/linux/./fs/notify/fanotify/Kconfig': File exists
cp: cannot create regular file '/dev/shm/linux/./fs/notify/fanotify/fanotify.c': File exists
cp: cannot create regular file '/dev/shm/linux/./fs/notify/fanotify/fanotify_user.c': File exists
cp: cannot create regular file '/dev/shm/linux/./fs/notify/fdinfo.h': File exists
cp: cannot create regular file '/dev/shm/linux/./fs/notify/fsnotify.h': File exists
cp: cannot create directory '/dev/shm/linux/./fs/notify/inotify': File exists
cp: cannot create regular file '/dev/shm/linux/./fs/ntfs/aops.c': File exists
cp: cannot create regular file '/dev/shm/linux/./fs/ntfs/attrib.h': File exists
cp: cannot create regular file '/dev/shm/linux/./fs/ntfs/attrlist.c': File exists
cp: cannot create regular file '/dev/shm/linux/./fs/ntfs/bitmap.h': File exists
cp: cannot create regular file '/dev/shm/linux/./fs/ntfs/collate.h': File exists
cp: cannot create regular file '/dev/shm/linux/./fs/ntfs/debug.c': File exists
cp: cannot create regular file '/dev/shm/linux/./fs/ntfs/dir.c': File exists
cp: cannot create regular file '/dev/shm/linux/./fs/ntfs/ea.h': File exists
cp: cannot create regular file '/dev/shm/linux/./fs/ntfs/index.c': File exists
cp: cannot create regular file '/dev/shm/linux/./fs/ntfs/inode.c': File exists
cp: cannot create regular file '/dev/shm/linux/./fs/ntfs/iomap.c': File exists
cp: cannot create regular file '/dev/shm/linux/./fs/ntfs/layout.h': File exists
cp: cannot create regular file '/dev/shm/linux/./fs/ntfs/lcnalloc.h': File exists
cp: cannot create regular file '/dev/shm/linux/./fs/ntfs/logfile.h': File exists
cp: cannot create regular file '/dev/shm/linux/./fs/ntfs/mft.h': File exists
cp: cannot create regular file '/dev/shm/linux/./fs/ntfs/mst.c': File exists
cp: cannot create regular file '/dev/shm/linux/./fs/ntfs/ntfs.h': File exists
cp: cannot create regular file '/dev/shm/linux/./fs/ntfs/quota.c': File exists
cp: cannot create regular file '/dev/shm/linux/./fs/ntfs/reparse.c': File exists
cp: cannot create regular file '/dev/shm/linux/./fs/ntfs/runlist.c': File exists
cp: cannot create regular file '/dev/shm/linux/./fs/ntfs/super.c': File exists
cp: cannot create regular file '/dev/shm/linux/./fs/ntfs/sysctl.h': File exists
cp: cannot create regular file '/dev/shm/linux/./fs/ntfs/upcase.c': File exists
cp: cannot create directory '/dev/shm/linux/./fs/ntfs3': File exists
cp: cannot create regular file '/dev/shm/linux/./fs/ocfs2/dir.c': File exists
cp: cannot create directory '/dev/shm/linux/./fs/ocfs2/dlmfs': File exists
cp: cannot create regular file '/dev/shm/linux/./fs/ocfs2/dlmglue.c': File exists
cp: cannot create regular file '/dev/shm/linux/./fs/ocfs2/dlmglue.h': File exists
cp: cannot create regular file '/dev/shm/linux/./fs/ocfs2/export.c': File exists
cp: cannot create regular file '/dev/shm/linux/./fs/ocfs2/export.h': File exists
cp: cannot create regular file '/dev/shm/linux/./fs/ocfs2/extent_map.c': File exists
cp: cannot create regular file '/dev/shm/linux/./fs/ocfs2/extent_map.h': File exists
cp: cannot create regular file '/dev/shm/linux/./fs/ocfs2/file.c': File exists
cp: cannot create regular file '/dev/shm/linux/./fs/ocfs2/file.h': File exists
cp: cannot create regular file '/dev/shm/linux/./fs/ocfs2/filecheck.c': File exists
cp: cannot create regular file '/dev/shm/linux/./fs/ocfs2/filecheck.h': File exists
cp: cannot create regular file '/dev/shm/linux/./fs/ocfs2/heartbeat.c': File exists
cp: cannot create regular file '/dev/shm/linux/./fs/ocfs2/heartbeat.h': File exists
cp: cannot create regular file '/dev/shm/linux/./fs/ocfs2/inode.c': File exists
cp: cannot create regular file '/dev/shm/linux/./fs/ocfs2/inode.h': File exists
cp: cannot create regular file '/dev/shm/linux/./fs/ocfs2/ioctl.c': File exists
cp: cannot create regular file '/dev/shm/linux/./fs/ocfs2/journal.c': File exists
cp: cannot create regular file '/dev/shm/linux/./fs/ocfs2/localalloc.c': File exists
cp: cannot create regular file '/dev/shm/linux/./fs/ocfs2/locks.c': File exists
cp: cannot create regular file '/dev/shm/linux/./fs/ocfs2/mmap.c': File exists
cp: cannot create regular file '/dev/shm/linux/./fs/ocfs2/move_extents.c': File exists
cp: cannot create regular file '/dev/shm/linux/./fs/ocfs2/namei.c': File exists
cp: cannot create regular file '/dev/shm/linux/./fs/ocfs2/ocfs2.h': File exists
cp: cannot create regular file '/dev/shm/linux/./fs/ocfs2/ocfs2_fs.h': File exists
cp: cannot create regular file '/dev/shm/linux/./fs/ocfs2/ocfs2_lockid.h': File exists
cp: cannot create regular file '/dev/shm/linux/./fs/ocfs2/ocfs2_trace.h': File exists
cp: cannot create regular file '/dev/shm/linux/./fs/ocfs2/quota_global.c': File exists
cp: cannot create regular file '/dev/shm/linux/./fs/ocfs2/refcounttree.c': File exists
cp: cannot create regular file '/dev/shm/linux/./fs/ocfs2/reservations.c': File exists
cp: cannot create regular file '/dev/shm/linux/./fs/ocfs2/resize.c': File exists
cp: cannot create regular file '/dev/shm/linux/./fs/ocfs2/slot_map.c': File exists
cp: cannot create regular file '/dev/shm/linux/./fs/ocfs2/stack_o2cb.c': File exists
cp: cannot create regular file '/dev/shm/linux/./fs/ocfs2/stackglue.c': File exists
cp: cannot create regular file '/dev/shm/linux/./fs/ocfs2/suballoc.c': File exists
cp: cannot create regular file '/dev/shm/linux/./fs/ocfs2/super.h': File exists
cp: cannot create regular file '/dev/shm/linux/./fs/ocfs2/symlink.h': File exists
cp: cannot create regular file '/dev/shm/linux/./fs/ocfs2/sysfile.h': File exists
cp: cannot create regular file '/dev/shm/linux/./fs/ocfs2/uptodate.h': File exists
cp: cannot create regular file '/dev/shm/linux/./fs/ocfs2/xattr.h': File exists
cp: cannot create directory '/dev/shm/linux/./fs/omfs': File exists
cp: cannot create regular file '/dev/shm/linux/./fs/orangefs/devorangefs-req.c': File exists
cp: cannot create regular file '/dev/shm/linux/./fs/orangefs/file.c': File exists
cp: cannot create regular file '/dev/shm/linux/./fs/orangefs/namei.c': File exists
cp: cannot create regular file '/dev/shm/linux/./fs/orangefs/orangefs-bufmap.h': File exists
cp: cannot create regular file '/dev/shm/linux/./fs/orangefs/orangefs-cache.c': File exists
cp: cannot create regular file '/dev/shm/linux/./fs/orangefs/orangefs-debugfs.h': File exists
cp: cannot create regular file '/dev/shm/linux/./fs/orangefs/orangefs-kernel.h': File exists
cp: cannot create regular file '/dev/shm/linux/./fs/orangefs/orangefs-sysfs.c': File exists
cp: cannot create regular file '/dev/shm/linux/./fs/orangefs/orangefs-utils.c': File exists
cp: cannot create regular file '/dev/shm/linux/./fs/orangefs/protocol.h': File exists
cp: cannot create regular file '/dev/shm/linux/./fs/orangefs/symlink.c': File exists
cp: cannot create regular file '/dev/shm/linux/./fs/orangefs/upcall.h': File exists
cp: cannot create regular file '/dev/shm/linux/./fs/orangefs/xattr.c': File exists
cp: cannot create regular file '/dev/shm/linux/./fs/overlayfs/Kconfig': File exists
cp: cannot create regular file '/dev/shm/linux/./fs/overlayfs/copy_up.c': File exists
cp: cannot create regular file '/dev/shm/linux/./fs/overlayfs/export.c': File exists
cp: cannot create regular file '/dev/shm/linux/./fs/overlayfs/inode.c': File exists
cp: cannot create regular file '/dev/shm/linux/./fs/overlayfs/overlayfs.h': File exists
cp: cannot create regular file '/dev/shm/linux/./fs/overlayfs/params.c': File exists
cp: cannot create regular file '/dev/shm/linux/./fs/overlayfs/super.c': File exists
cp: cannot create regular file '/dev/shm/linux/./fs/overlayfs/xattrs.c': File exists
cp: cannot create regular file '/dev/shm/linux/./fs/pipe.c': File exists
cp: cannot create regular file '/dev/shm/linux/./fs/pnode.h': File exists
cp: cannot create directory '/dev/shm/linux/./fs/proc': File exists
cp: cannot create regular file '/dev/shm/linux/./fs/quota/quota_tree.h': File exists
cp: cannot create regular file '/dev/shm/linux/./fs/quota/quota_v2.c': File exists
cp: cannot create regular file '/dev/shm/linux/./fs/ramfs/file-mmu.c': File exists
cp: cannot create regular file '/dev/shm/linux/./fs/ramfs/inode.c': File exists
cp: cannot create regular file '/dev/shm/linux/./fs/ramfs/internal.h': File exists
cp: cannot create regular file '/dev/shm/linux/./fs/readdir.c': File exists
cp: cannot create directory '/dev/shm/linux/./fs/resctrl': File exists
cp: cannot create regular file '/dev/shm/linux/./fs/smb/client/cached_dir.h': File exists
cp: cannot create regular file '/dev/shm/linux/./fs/smb/client/cifs_fs_sb.h': File exists
cp: cannot create regular file '/dev/shm/linux/./fs/smb/client/cifs_spnego.c': File exists
cp: cannot create regular file '/dev/shm/linux/./fs/smb/client/cifs_spnego_negtokeninit.asn1': File exists
cp: cannot create regular file '/dev/shm/linux/./fs/smb/client/cifs_swn.c': File exists
cp: cannot create regular file '/dev/shm/linux/./fs/smb/client/cifs_unicode.c': File exists
cp: cannot create regular file '/dev/shm/linux/./fs/smb/client/cifsacl.c': File exists
cp: cannot create regular file '/dev/shm/linux/./fs/smb/client/cifsencrypt.c': File exists
cp: cannot create regular file '/dev/shm/linux/./fs/smb/client/cifsfs.h': File exists
cp: cannot create regular file '/dev/shm/linux/./fs/smb/client/cifspdu.h': File exists
cp: cannot create regular file '/dev/shm/linux/./fs/smb/client/cifsroot.c': File exists
cp: cannot create regular file '/dev/shm/linux/./fs/smb/client/compress.c': File exists
cp: cannot create regular file '/dev/shm/linux/./fs/smb/client/compress.h': File exists
cp: cannot create directory '/dev/shm/linux/./fs/smb/client/compress': File exists
cp: cannot create regular file '/dev/shm/linux/./fs/smb/client/dfs_cache.c': File exists
cp: cannot create regular file '/dev/shm/linux/./fs/smb/client/dir.c': File exists
cp: cannot create regular file '/dev/shm/linux/./fs/smb/client/fs_context.c': File exists
cp: cannot create regular file '/dev/shm/linux/./fs/smb/client/fscache.h': File exists
cp: cannot create regular file '/dev/shm/linux/./fs/smb/client/gen_smb2_mapping': File exists
cp: cannot create regular file '/dev/shm/linux/./fs/smb/client/inode.c': File exists
cp: cannot create regular file '/dev/shm/linux/./fs/smb/client/link.c': File exists
cp: cannot create regular file '/dev/shm/linux/./fs/smb/client/namespace.c': File exists
cp: cannot create regular file '/dev/shm/linux/./fs/smb/client/netlink.h': File exists
cp: cannot create regular file '/dev/shm/linux/./fs/smb/client/nterr.h': File exists
cp: cannot create regular file '/dev/shm/linux/./fs/smb/client/reparse.c': File exists
cp: cannot create regular file '/dev/shm/linux/./fs/smb/client/sess.c': File exists
cp: cannot create regular file '/dev/shm/linux/./fs/smb/client/smb1maperror_test.c': File exists
cp: cannot create regular file '/dev/shm/linux/./fs/smb/client/smb1ops.c': File exists
cp: cannot create regular file '/dev/shm/linux/./fs/smb/client/smb1proto.h': File exists
cp: cannot create regular file '/dev/shm/linux/./fs/smb/client/smb1transport.c': File exists
cp: cannot create regular file '/dev/shm/linux/./fs/smb/client/smb2glob.h': File exists
cp: cannot create regular file '/dev/shm/linux/./fs/smb/client/smb2maperror.c': File exists
cp: cannot create regular file '/dev/shm/linux/./fs/smb/client/smb2maperror_test.c': File exists
cp: cannot create regular file '/dev/shm/linux/./fs/smb/client/smb2ops.c': File exists
cp: cannot create regular file '/dev/shm/linux/./fs/smb/client/smb2pdu.h': File exists
cp: cannot create regular file '/dev/shm/linux/./fs/smb/client/smb2transport.c': File exists
cp: cannot create regular file '/dev/shm/linux/./fs/smb/client/smbdirect.h': File exists
cp: cannot create regular file '/dev/shm/linux/./fs/smb/client/smberr.h': File exists
cp: cannot create regular file '/dev/shm/linux/./fs/smb/client/trace.h': File exists
cp: cannot create regular file '/dev/shm/linux/./fs/smb/client/unc.c': File exists
cp: cannot create regular file '/dev/shm/linux/./fs/smb/client/xattr.c': File exists
cp: cannot create regular file '/dev/shm/linux/./fs/smb/common/cifs_md4.c': File exists
cp: cannot create regular file '/dev/shm/linux/./fs/smb/common/fscc.h': File exists
cp: cannot create regular file '/dev/shm/linux/./fs/smb/common/smb1pdu.h': File exists
cp: cannot create regular file '/dev/shm/linux/./fs/smb/common/smb2status.h': File exists
cp: cannot create regular file '/dev/shm/linux/./fs/smb/common/smbfsctl.h': File exists
cp: cannot create directory '/dev/shm/linux/./fs/smb/smbdirect': File exists
cp: cannot create regular file '/dev/shm/linux/./fs/splice.c': File exists
cp: cannot create directory '/dev/shm/linux/./fs/squashfs': File exists
cp: cannot create regular file '/dev/shm/linux/./fs/stack.c': File exists
cp: cannot create regular file '/dev/shm/linux/./fs/stat.c': File exists
cp: cannot create regular file '/dev/shm/linux/./fs/statfs.c': File exists
cp: cannot create regular file '/dev/shm/linux/./fs/super.c': File exists
cp: cannot create regular file '/dev/shm/linux/./fs/sync.c': File exists
cp: cannot create regular file '/dev/shm/linux/./fs/sysctls.c': File exists
cp: cannot create directory '/dev/shm/linux/./fs/sysfs': File exists
cp: cannot create regular file '/dev/shm/linux/./fs/tracefs/inode.c': File exists
cp: cannot create directory '/dev/shm/linux/./fs/udf': File exists
cp: cannot create directory '/dev/shm/linux/./fs/ufs': File exists
cp: cannot create directory '/dev/shm/linux/./fs/unicode': File exists
cp: cannot create regular file '/dev/shm/linux/./fs/xattr.c': File exists
cp: cannot create directory '/dev/shm/linux/./fs/xfs': File exists
cp: cannot create regular file '/dev/shm/linux/./include/drm/drm_gem_ttm_helper.h': File exists
cp: cannot create regular file '/dev/shm/linux/./include/drm/drm_gpusvm.h': File exists
cp: cannot create regular file '/dev/shm/linux/./include/drm/drm_ioctl.h': File exists
cp: cannot create regular file '/dev/shm/linux/./include/drm/drm_lease.h': File exists
cp: cannot create regular file '/dev/shm/linux/./include/drm/drm_mipi_dsi.h': File exists
cp: cannot create regular file '/dev/shm/linux/./include/drm/drm_mode_config.h': File exists
cp: cannot create regular file '/dev/shm/linux/./include/drm/drm_modes.h': File exists
cp: cannot create regular file '/dev/shm/linux/./include/drm/drm_modeset_helper_vtables.h': File exists
cp: cannot create regular file '/dev/shm/linux/./include/drm/drm_module.h': File exists
cp: cannot create regular file '/dev/shm/linux/./include/drm/drm_pagemap.h': File exists
cp: cannot create regular file '/dev/shm/linux/./include/drm/drm_panel.h': File exists
cp: cannot create regular file '/dev/shm/linux/./include/drm/drm_pciids.h': File exists
cp: cannot create regular file '/dev/shm/linux/./include/drm/drm_plane_helper.h': File exists
cp: cannot create regular file '/dev/shm/linux/./include/drm/drm_print.h': File exists
cp: cannot create regular file '/dev/shm/linux/./include/drm/drm_privacy_screen_driver.h': File exists
cp: cannot create regular file '/dev/shm/linux/./include/drm/drm_probe_helper.h': File exists
cp: cannot create regular file '/dev/shm/linux/./include/drm/drm_ras.h': File exists
cp: cannot create regular file '/dev/shm/linux/./include/drm/drm_rect.h': File exists
cp: cannot create regular file '/dev/shm/linux/./include/drm/drm_simple_kms_helper.h': File exists
cp: cannot create regular file '/dev/shm/linux/./include/drm/drm_syncobj.h': File exists
cp: cannot create regular file '/dev/shm/linux/./include/drm/drm_util.h': File exists
cp: cannot create regular file '/dev/shm/linux/./include/drm/drm_vblank.h': File exists
cp: cannot create regular file '/dev/shm/linux/./include/drm/drm_vblank_work.h': File exists
cp: cannot create regular file '/dev/shm/linux/./include/drm/drm_writeback.h': File exists
cp: cannot create regular file '/dev/shm/linux/./include/drm/gud.h': File exists
cp: cannot create regular file '/dev/shm/linux/./include/drm/spsc_queue.h': File exists
cp: cannot create regular file '/dev/shm/linux/./include/drm/task_barrier.h': File exists
cp: cannot create directory '/dev/shm/linux/./include/drm/ttm': File exists
cp: cannot create directory '/dev/shm/linux/./include/dt-bindings': File exists
cp: cannot create regular file '/dev/shm/linux/./include/linux/lsm_hook_defs.h': File exists
cp: cannot create regular file '/dev/shm/linux/./include/linux/lwq.h': File exists
cp: cannot create regular file '/dev/shm/linux/./include/linux/lzo.h': File exists
cp: cannot create regular file '/dev/shm/linux/./include/linux/mailbox_client.h': File exists
cp: cannot create regular file '/dev/shm/linux/./include/linux/mailbox_controller.h': File exists
cp: cannot create regular file '/dev/shm/linux/./include/linux/maple.h': File exists
cp: cannot create regular file '/dev/shm/linux/./include/linux/maple_tree.h': File exists
cp: cannot create regular file '/dev/shm/linux/./include/linux/marvell_phy.h': File exists
cp: cannot create regular file '/dev/shm/linux/./include/linux/math.h': File exists
cp: cannot create regular file '/dev/shm/linux/./include/linux/math64.h': File exists
cp: cannot create regular file '/dev/shm/linux/./include/linux/mbcache.h': File exists
cp: cannot create regular file '/dev/shm/linux/./include/linux/mbus.h': File exists
cp: cannot create regular file '/dev/shm/linux/./include/linux/mc146818rtc.h': File exists
cp: cannot create regular file '/dev/shm/linux/./include/linux/mc33xs2410.h': File exists
cp: cannot create regular file '/dev/shm/linux/./include/linux/mcb.h': File exists
cp: cannot create regular file '/dev/shm/linux/./include/linux/mdio-mux.h': File exists
cp: cannot create directory '/dev/shm/linux/./include/linux/mdio': File exists
cp: cannot create regular file '/dev/shm/linux/./include/linux/memfd.h': File exists
cp: cannot create regular file '/dev/shm/linux/./include/linux/memory-failure.h': File exists
cp: cannot create regular file '/dev/shm/linux/./include/linux/memory.h': File exists
cp: cannot create regular file '/dev/shm/linux/./include/linux/memory/ti-aemif.h': File exists
cp: cannot create regular file '/dev/shm/linux/./include/linux/mempolicy.h': File exists
cp: cannot create regular file '/dev/shm/linux/./include/linux/memregion.h': File exists
cp: cannot create regular file '/dev/shm/linux/./include/linux/memremap.h': File exists
cp: cannot create directory '/dev/shm/linux/./include/linux/mfd': File exists
cp: cannot create regular file '/dev/shm/linux/./include/linux/oid_registry.h': File exists
cp: cannot create regular file '/dev/shm/linux/./include/linux/omap-dma.h': File exists
cp: cannot create regular file '/dev/shm/linux/./include/linux/omap-iommu.h': File exists
cp: cannot create regular file '/dev/shm/linux/./include/linux/omapfb.h': File exists
cp: cannot create regular file '/dev/shm/linux/./include/linux/once_lite.h': File exists
cp: cannot create regular file '/dev/shm/linux/./include/linux/openvswitch.h': File exists
cp: cannot create regular file '/dev/shm/linux/./include/linux/overflow.h': File exists
cp: cannot create regular file '/dev/shm/linux/./include/linux/padata.h': File exists
cp: cannot create regular file '/dev/shm/linux/./include/linux/page-flags.h': File exists
cp: cannot create regular file '/dev/shm/linux/./include/linux/page_counter.h': File exists
cp: cannot create regular file '/dev/shm/linux/./include/linux/page_frag_cache.h': File exists
cp: cannot create regular file '/dev/shm/linux/./include/linux/page_owner.h': File exists
cp: cannot create regular file '/dev/shm/linux/./include/linux/page_reporting.h': File exists
cp: cannot create regular file '/dev/shm/linux/./include/linux/pageblock-flags.h': File exists
cp: cannot create regular file '/dev/shm/linux/./include/linux/pagewalk.h': File exists
cp: cannot create regular file '/dev/shm/linux/./include/linux/panic_notifier.h': File exists
cp: cannot create regular file '/dev/shm/linux/./include/linux/parman.h': File exists
cp: cannot create regular file '/dev/shm/linux/./include/linux/parport_pc.h': File exists
cp: cannot create regular file '/dev/shm/linux/./include/linux/part_stat.h': File exists
cp: cannot create regular file '/dev/shm/linux/./include/linux/path.h': File exists
cp: cannot create regular file '/dev/shm/linux/./include/linux/pci-acpi.h': File exists
cp: cannot create regular file '/dev/shm/linux/./include/linux/pci-bwctrl.h': File exists
cp: cannot create regular file '/dev/shm/linux/./include/linux/pci-ecam.h': File exists
cp: cannot create regular file '/dev/shm/linux/./include/linux/pci-ep-msi.h': File exists
cp: cannot create regular file '/dev/shm/linux/./include/linux/pci-epf.h': File exists
cp: cannot create regular file '/dev/shm/linux/./include/linux/pci-p2pdma.h': File exists
cp: cannot create regular file '/dev/shm/linux/./include/linux/pci-tph.h': File exists
cp: cannot create regular file '/dev/shm/linux/./include/linux/pci.h': File exists
cp: cannot create regular file '/dev/shm/linux/./include/linux/pci_ids.h': File exists
cp: cannot create regular file '/dev/shm/linux/./include/linux/pcs-rzn1-miic.h': File exists
cp: cannot create regular file '/dev/shm/linux/./include/linux/pcs/pcs-xpcs.h': File exists
cp: cannot create regular file '/dev/shm/linux/./include/linux/pds/pds_auxbus.h': File exists
cp: cannot create regular file '/dev/shm/linux/./include/linux/pds/pds_core_if.h': File exists
cp: cannot create regular file '/dev/shm/linux/./include/linux/pe.h': File exists
cp: cannot create regular file '/dev/shm/linux/./include/linux/peci.h': File exists
cp: cannot create regular file '/dev/shm/linux/./include/linux/percpu-refcount.h': File exists
cp: cannot create regular file '/dev/shm/linux/./include/linux/percpu.h': File exists
cp: cannot create directory '/dev/shm/linux/./include/linux/perf': File exists
cp: cannot create regular file '/dev/shm/linux/./include/linux/pfn.h': File exists
cp: cannot create regular file '/dev/shm/linux/./include/linux/pgalloc_tag.h': File exists
cp: cannot create regular file '/dev/shm/linux/./include/linux/pgtable_api.h': File exists
cp: cannot create regular file '/dev/shm/linux/./include/linux/phy.h': File exists
cp: cannot create regular file '/dev/shm/linux/./include/linux/phy/omap_control_phy.h': File exists
cp: cannot create regular file '/dev/shm/linux/./include/linux/phy/pcie.h': File exists
cp: cannot create regular file '/dev/shm/linux/./include/linux/phy/phy-dp.h': File exists
cp: cannot create regular file '/dev/shm/linux/./include/linux/phy/phy-mipi-dphy.h': File exists
cp: cannot create regular file '/dev/shm/linux/./include/linux/phy/phy.h': File exists
cp: cannot create regular file '/dev/shm/linux/./include/linux/phy/ulpi_phy.h': File exists
cp: cannot create regular file '/dev/shm/linux/./include/linux/phy_led_triggers.h': File exists
cp: cannot create regular file '/dev/shm/linux/./include/linux/phy_port.h': File exists
cp: cannot create regular file '/dev/shm/linux/./include/linux/phylink.h': File exists
cp: cannot create regular file '/dev/shm/linux/./include/linux/pid_namespace.h': File exists
cp: cannot create regular file '/dev/shm/linux/./include/linux/pim.h': File exists
cp: cannot create regular file '/dev/shm/linux/./include/linux/pinctrl/machine.h': File exists
cp: cannot create regular file '/dev/shm/linux/./include/linux/pinctrl/pinconf.h': File exists
cp: cannot create regular file '/dev/shm/linux/./include/linux/pinctrl/pinctrl.h': File exists
cp: cannot create regular file '/dev/shm/linux/./include/linux/pipe_fs_i.h': File exists
cp: cannot create regular file '/dev/shm/linux/./include/linux/pl320-ipc.h': File exists
cp: cannot create regular file '/dev/shm/linux/./include/linux/platform_data/ad7266.h': File exists
cp: cannot create regular file '/dev/shm/linux/./include/linux/platform_data/ad7793.h': File exists
cp: cannot create regular file '/dev/shm/linux/./include/linux/platform_data/adau17x1.h': File exists
cp: cannot create regular file '/dev/shm/linux/./include/linux/platform_data/adp8870.h': File exists
cp: cannot create regular file '/dev/shm/linux/./include/linux/platform_data/amd_qdma.h': File exists
cp: cannot create regular file '/dev/shm/linux/./include/linux/platform_data/ams-delta-fiq.h': File exists
cp: cannot create regular file '/dev/shm/linux/./include/linux/platform_data/arm-ux500-pm.h': File exists
cp: cannot create regular file '/dev/shm/linux/./include/linux/platform_data/asoc-kirkwood.h': File exists
cp: cannot create regular file '/dev/shm/linux/./include/linux/platform_data/asoc-ti-mcbsp.h': File exists
cp: cannot create regular file '/dev/shm/linux/./include/linux/platform_data/ata-pxa.h': File exists
cp: cannot create regular file '/dev/shm/linux/./include/linux/platform_data/bcm7038_wdt.h': File exists
cp: cannot create regular file '/dev/shm/linux/./include/linux/platform_data/bh1770glc.h': File exists
cp: cannot create regular file '/dev/shm/linux/./include/linux/platform_data/brcmnand.h': File exists
cp: cannot create regular file '/dev/shm/linux/./include/linux/platform_data/clk-fch.h': File exists
cp: cannot create regular file '/dev/shm/linux/./include/linux/platform_data/cros_ec_chardev.h': File exists
cp: cannot create regular file '/dev/shm/linux/./include/linux/platform_data/cros_ec_proto.h': File exists
cp: cannot create regular file '/dev/shm/linux/./include/linux/platform_data/cros_ec_sensorhub.h': File exists
cp: cannot create regular file '/dev/shm/linux/./include/linux/platform_data/crypto-ux500.h': File exists
cp: cannot create regular file '/dev/shm/linux/./include/linux/platform_data/davinci_asp.h': File exists
cp: cannot create regular file '/dev/shm/linux/./include/linux/platform_data/dma-hsu.h': File exists
cp: cannot create regular file '/dev/shm/linux/./include/linux/platform_data/dma-mcf-edma.h': File exists
cp: cannot create regular file '/dev/shm/linux/./include/linux/platform_data/dmtimer-omap.h': File exists
cp: cannot create regular file '/dev/shm/linux/./include/linux/platform_data/ds620.h': File exists
cp: cannot create regular file '/dev/shm/linux/./include/linux/platform_data/elm.h': File exists
cp: cannot create regular file '/dev/shm/linux/./include/linux/platform_data/emc2305.h': File exists
cp: cannot create regular file '/dev/shm/linux/./include/linux/platform_data/g762.h': File exists
cp: cannot create regular file '/dev/shm/linux/./include/linux/platform_data/gpio-omap.h': File exists
cp: cannot create regular file '/dev/shm/linux/./include/linux/platform_data/gpio_backlight.h': File exists
cp: cannot create regular file '/dev/shm/linux/./include/linux/platform_data/gpmc-omap.h': File exists
cp: cannot create regular file '/dev/shm/linux/./include/linux/platform_data/hirschmann-hellcreek.h': File exists
cp: cannot create regular file '/dev/shm/linux/./include/linux/platform_data/huawei-gaokun-ec.h': File exists
cp: cannot create regular file '/dev/shm/linux/./include/linux/platform_data/i2c-imx.h': File exists
cp: cannot create regular file '/dev/shm/linux/./include/linux/platform_data/i2c-mux-reg.h': File exists
cp: cannot create regular file '/dev/shm/linux/./include/linux/platform_data/i2c-omap.h': File exists
cp: cannot create regular file '/dev/shm/linux/./include/linux/platform_data/i2c-pxa.h': File exists
cp: cannot create regular file '/dev/shm/linux/./include/linux/platform_data/i2c-xiic.h': File exists
cp: cannot create regular file '/dev/shm/linux/./include/linux/platform_data/iommu-omap.h': File exists
cp: cannot create regular file '/dev/shm/linux/./include/linux/platform_data/itco_wdt.h': File exists
cp: cannot create regular file '/dev/shm/linux/./include/linux/platform_data/lcd-mipid.h': File exists
cp: cannot create regular file '/dev/shm/linux/./include/linux/platform_data/leds-lm3642.h': File exists
cp: cannot create regular file '/dev/shm/linux/./include/linux/platform_data/lenovo-yoga-c630.h': File exists
cp: cannot create regular file '/dev/shm/linux/./include/linux/platform_data/lm3639_bl.h': File exists
cp: cannot create regular file '/dev/shm/linux/./include/linux/platform_data/lp855x.h': File exists
cp: cannot create regular file '/dev/shm/linux/./include/linux/platform_data/lp8727.h': File exists
cp: cannot create regular file '/dev/shm/linux/./include/linux/platform_data/ltc4245.h': File exists
cp: cannot create regular file '/dev/shm/linux/./include/linux/platform_data/max197.h': File exists
cp: cannot create regular file '/dev/shm/linux/./include/linux/platform_data/mdio-bcm-unimac.h': File exists
cp: cannot create regular file '/dev/shm/linux/./include/linux/platform_data/media/camera-pxa.h': File exists
cp: cannot create regular file '/dev/shm/linux/./include/linux/platform_data/media/timb_radio.h': File exists
cp: cannot create regular file '/dev/shm/linux/./include/linux/platform_data/mfd-mcp-sa11x0.h': File exists
cp: cannot create regular file '/dev/shm/linux/./include/linux/platform_data/mipi-i3c-hci.h': File exists
cp: cannot create regular file '/dev/shm/linux/./include/linux/platform_data/mlxreg.h': File exists
cp: cannot create regular file '/dev/shm/linux/./include/linux/platform_data/mmc-davinci.h': File exists
cp: cannot create regular file '/dev/shm/linux/./include/linux/platform_data/mmc-omap.h': File exists
cp: cannot create regular file '/dev/shm/linux/./include/linux/platform_data/mmc-sdhci-s3c.h': File exists
cp: cannot create regular file '/dev/shm/linux/./include/linux/platform_data/mtd-nand-omap2.h': File exists
cp: cannot create regular file '/dev/shm/linux/./include/linux/platform_data/mtd-orion_nand.h': File exists
cp: cannot create regular file '/dev/shm/linux/./include/linux/platform_data/net-cw1200.h': File exists
cp: cannot create regular file '/dev/shm/linux/./include/linux/platform_data/omap1_bl.h': File exists
cp: cannot create regular file '/dev/shm/linux/./include/linux/platform_data/pic32.h': File exists
cp: cannot create regular file '/dev/shm/linux/./include/linux/platform_data/pxa2xx_udc.h': File exists
cp: cannot create regular file '/dev/shm/linux/./include/linux/platform_data/pxa_sdhci.h': File exists
cp: cannot create regular file '/dev/shm/linux/./include/linux/platform_data/sa11x0-serial.h': File exists
cp: cannot create regular file '/dev/shm/linux/./include/linux/platform_data/sdhci-pic32.h': File exists
cp: cannot create regular file '/dev/shm/linux/./include/linux/platform_data/serial-sccnxp.h': File exists
cp: cannot create regular file '/dev/shm/linux/./include/linux/platform_data/sh_mmcif.h': File exists
cp: cannot create regular file '/dev/shm/linux/./include/linux/platform_data/shtc1.h': File exists
cp: cannot create regular file '/dev/shm/linux/./include/linux/platform_data/simplefb.h': File exists
cp: cannot create regular file '/dev/shm/linux/./include/linux/platform_data/spi-omap2-mcspi.h': File exists
cp: cannot create regular file '/dev/shm/linux/./include/linux/platform_data/st_sensors_pdata.h': File exists
cp: cannot create regular file '/dev/shm/linux/./include/linux/platform_data/ti-prm.h': File exists
cp: cannot create regular file '/dev/shm/linux/./include/linux/platform_data/tmio.h': File exists
cp: cannot create regular file '/dev/shm/linux/./include/linux/platform_data/tsc2007.h': File exists
cp: cannot create regular file '/dev/shm/linux/./include/linux/platform_data/tsl2772.h': File exists
cp: cannot create regular file '/dev/shm/linux/./include/linux/platform_data/uio_dmem_genirq.h': File exists
cp: cannot create regular file '/dev/shm/linux/./include/linux/platform_data/usb-ohci-s3c2410.h': File exists
cp: cannot create regular file '/dev/shm/linux/./include/linux/platform_data/usb-omap.h': File exists
cp: cannot create regular file '/dev/shm/linux/./include/linux/platform_data/usb3503.h': File exists
cp: cannot create regular file '/dev/shm/linux/./include/linux/platform_data/video-pxafb.h': File exists
cp: cannot create regular file '/dev/shm/linux/./include/linux/platform_data/wiznet.h': File exists
cp: cannot create regular file '/dev/shm/linux/./include/linux/platform_data/wkup_m3.h': File exists
cp: cannot create regular file '/dev/shm/linux/./include/linux/platform_data/xilinx-ll-temac.h': File exists
cp: cannot create regular file '/dev/shm/linux/./include/linux/platform_data/xtalk-bridge.h': File exists
cp: cannot create regular file '/dev/shm/linux/./include/linux/platform_device.h': File exists
cp: cannot create regular file '/dev/shm/linux/./include/linux/platform_profile.h': File exists
cp: cannot create regular file '/dev/shm/linux/./include/linux/pldmfw.h': File exists
cp: cannot create regular file '/dev/shm/linux/./include/linux/plist.h': File exists
cp: cannot create regular file '/dev/shm/linux/./include/linux/plist_types.h': File exists
cp: cannot create regular file '/dev/shm/linux/./include/linux/pm-trace.h': File exists
cp: cannot create regular file '/dev/shm/linux/./include/linux/pm.h': File exists
cp: cannot create regular file '/dev/shm/linux/./include/linux/pm_clock.h': File exists
cp: cannot create regular file '/dev/shm/linux/./include/linux/pm_domain.h': File exists
cp: cannot create regular file '/dev/shm/linux/./include/linux/pm_opp.h': File exists
cp: cannot create regular file '/dev/shm/linux/./include/linux/pm_qos.h': File exists
cp: cannot create regular file '/dev/shm/linux/./include/linux/pm_runtime.h': File exists
cp: cannot create regular file '/dev/shm/linux/./include/linux/pm_wakeirq.h': File exists
cp: cannot create regular file '/dev/shm/linux/./include/linux/pm_wakeup.h': File exists
cp: cannot create regular file '/dev/shm/linux/./include/linux/pmbus.h': File exists
cp: cannot create regular file '/dev/shm/linux/./include/linux/pmu.h': File exists
cp: cannot create regular file '/dev/shm/linux/./include/linux/pnp.h': File exists
cp: cannot create regular file '/dev/shm/linux/./include/linux/poison.h': File exists
cp: cannot create regular file '/dev/shm/linux/./include/linux/poll.h': File exists
cp: cannot create regular file '/dev/shm/linux/./include/linux/posix-clock.h': File exists
cp: cannot create regular file '/dev/shm/linux/./include/linux/posix-timers_types.h': File exists
cp: cannot create regular file '/dev/shm/linux/./include/linux/posix_acl_xattr.h': File exists
cp: cannot create regular file '/dev/shm/linux/./include/linux/power/bq2415x_charger.h': File exists
cp: cannot create regular file '/dev/shm/linux/./include/linux/power/bq24735-charger.h': File exists
cp: cannot create regular file '/dev/shm/linux/./include/linux/power/bq25890_charger.h': File exists
cp: cannot create regular file '/dev/shm/linux/./include/linux/power/charger-manager.h': File exists
cp: cannot create regular file '/dev/shm/linux/./include/linux/power/jz4740-battery.h': File exists
cp: cannot create regular file '/dev/shm/linux/./include/linux/power/max77705_charger.h': File exists
cp: cannot create regular file '/dev/shm/linux/./include/linux/power/sbs-battery.h': File exists
cp: cannot create regular file '/dev/shm/linux/./include/linux/power/twl4030_madc_battery.h': File exists
cp: cannot create regular file '/dev/shm/linux/./include/linux/powercap.h': File exists
cp: cannot create regular file '/dev/shm/linux/./include/linux/ppp_defs.h': File exists
cp: cannot create regular file '/dev/shm/linux/./include/linux/pps_kernel.h': File exists
cp: cannot create regular file '/dev/shm/linux/./include/linux/pr.h': File exists
cp: cannot create regular file '/dev/shm/linux/./include/linux/preempt.h': File exists
cp: cannot create regular file '/dev/shm/linux/./include/linux/prmt.h': File exists
cp: cannot create regular file '/dev/shm/linux/./include/linux/proc_ns.h': File exists
cp: cannot create regular file '/dev/shm/linux/./include/linux/projid.h': File exists
cp: cannot create regular file '/dev/shm/linux/./include/linux/pruss_driver.h': File exists
cp: cannot create directory '/dev/shm/linux/./include/linux/pse-pd': File exists
cp: cannot create regular file '/dev/shm/linux/./include/linux/psi_types.h': File exists
cp: cannot create regular file '/dev/shm/linux/./include/linux/psp-tee.h': File exists
cp: cannot create regular file '/dev/shm/linux/./include/linux/pstore.h': File exists
cp: cannot create regular file '/dev/shm/linux/./include/linux/pstore_ram.h': File exists
cp: cannot create regular file '/dev/shm/linux/./include/linux/ptdump.h': File exists
cp: cannot create regular file '/dev/shm/linux/./include/linux/ptp_classify.h': File exists
cp: cannot create regular file '/dev/shm/linux/./include/linux/ptp_kvm.h': File exists
cp: cannot create regular file '/dev/shm/linux/./include/linux/ptp_pch.h': File exists
cp: cannot create regular file '/dev/shm/linux/./include/linux/ptrace.h': File exists
cp: cannot create regular file '/dev/shm/linux/./include/linux/pvclock_gtod.h': File exists
cp: cannot create regular file '/dev/shm/linux/./include/linux/pwm.h': File exists
cp: cannot create regular file '/dev/shm/linux/./include/linux/pxa168_eth.h': File exists
cp: cannot create regular file '/dev/shm/linux/./include/linux/pxa2xx_ssp.h': File exists
cp: cannot create directory '/dev/shm/linux/./include/linux/qat': File exists
cp: cannot create regular file '/dev/shm/linux/./include/linux/qed/eth_common.h': File exists
cp: cannot create regular file '/dev/shm/linux/./include/linux/qed/iscsi_common.h': File exists
cp: cannot create regular file '/dev/shm/linux/./include/linux/qed/qed_chain.h': File exists
cp: cannot create regular file '/dev/shm/linux/./include/linux/qed/qed_fcoe_if.h': File exists
cp: cannot create regular file '/dev/shm/linux/./include/linux/qed/qed_iov_if.h': File exists
cp: cannot create regular file '/dev/shm/linux/./include/linux/qed/qed_ll2_if.h': File exists
cp: cannot create regular file '/dev/shm/linux/./include/linux/qed/qed_rdma_if.h': File exists
cp: cannot create regular file '/dev/shm/linux/./include/linux/qed/rdma_common.h': File exists
cp: cannot create regular file '/dev/shm/linux/./include/linux/qed/storage_common.h': File exists
cp: cannot create regular file '/dev/shm/linux/./include/linux/qed/tcp_common.h': File exists
cp: cannot create regular file '/dev/shm/linux/./include/linux/quota.h': File exists
cp: cannot create regular file '/dev/shm/linux/./include/linux/radix-tree.h': File exists
cp: cannot create regular file '/dev/shm/linux/./include/linux/raid/detect.h': File exists
cp: cannot create regular file '/dev/shm/linux/./include/linux/raid/xor.h': File exists
cp: cannot create regular file '/dev/shm/linux/./include/linux/ramfs.h': File exists
cp: cannot create regular file '/dev/shm/linux/./include/linux/randomize_kstack.h': File exists
cp: cannot create directory '/dev/shm/linux/./include/linux/raspberrypi': File exists
cp: cannot create regular file '/dev/shm/linux/./include/linux/rcu_node_tree.h': File exists
cp: cannot create regular file '/dev/shm/linux/./include/linux/rcu_segcblist.h': File exists
cp: cannot create regular file '/dev/shm/linux/./include/linux/rculist.h': File exists
cp: cannot create regular file '/dev/shm/linux/./include/linux/rculist_nulls.h': File exists
cp: cannot create regular file '/dev/shm/linux/./include/linux/rcupdate_trace.h': File exists
cp: cannot create regular file '/dev/shm/linux/./include/linux/rcupdate_wait.h': File exists
cp: cannot create regular file '/dev/shm/linux/./include/linux/rcutiny.h': File exists
cp: cannot create regular file '/dev/shm/linux/./include/linux/rcuwait_api.h': File exists
cp: cannot create regular file '/dev/shm/linux/./include/linux/reboot.h': File exists
cp: cannot create regular file '/dev/shm/linux/./include/linux/ref_tracker.h': File exists
cp: cannot create regular file '/dev/shm/linux/./include/linux/refcount.h': File exists
cp: cannot create regular file '/dev/shm/linux/./include/linux/regmap.h': File exists
cp: cannot create directory '/dev/shm/linux/./include/linux/regulator': File exists
cp: cannot create regular file '/dev/shm/linux/./include/linux/rpmsg/mtk_rpmsg.h': File exists
cp: cannot create regular file '/dev/shm/linux/./include/linux/rpmsg/qcom_glink.h': File exists
cp: cannot create regular file '/dev/shm/linux/./include/linux/rseq.h': File exists
cp: cannot create regular file '/dev/shm/linux/./include/linux/rseq_types.h': File exists
cp: cannot create directory '/dev/shm/linux/./include/linux/rtc': File exists
cp: cannot create regular file '/dev/shm/linux/./include/linux/rw_hint.h': File exists
cp: cannot create regular file '/dev/shm/linux/./include/linux/rwlock.h': File exists
cp: cannot create regular file '/dev/shm/linux/./include/linux/rwlock_rt.h': File exists
cp: cannot create regular file '/dev/shm/linux/./include/linux/rwsem.h': File exists
cp: cannot create regular file '/dev/shm/linux/./include/linux/scatterlist.h': File exists
cp: cannot create directory '/dev/shm/linux/./include/linux/sched': File exists
cp: cannot create regular file '/dev/shm/linux/./include/linux/sfp.h': File exists
cp: cannot create regular file '/dev/shm/linux/./include/linux/sh_dma.h': File exists
cp: cannot create regular file '/dev/shm/linux/./include/linux/sh_intc.h': File exists
cp: cannot create regular file '/dev/shm/linux/./include/linux/shdma-base.h': File exists
cp: cannot create regular file '/dev/shm/linux/./include/linux/shmem_fs.h': File exists
cp: cannot create regular file '/dev/shm/linux/./include/linux/signal.h': File exists
cp: cannot create regular file '/dev/shm/linux/./include/linux/signalfd.h': File exists
cp: cannot create regular file '/dev/shm/linux/./include/linux/siox.h': File exists
cp: cannot create regular file '/dev/shm/linux/./include/linux/skb_array.h': File exists
cp: cannot create regular file '/dev/shm/linux/./include/linux/skbuff_ref.h': File exists
cp: cannot create regular file '/dev/shm/linux/./include/linux/slab.h': File exists
cp: cannot create regular file '/dev/shm/linux/./include/linux/sm501-regs.h': File exists
cp: cannot create regular file '/dev/shm/linux/./include/linux/smbdirect.h': File exists
cp: cannot create regular file '/dev/shm/linux/./include/linux/smp_types.h': File exists
cp: cannot create regular file '/dev/shm/linux/./include/linux/smsc911x.h': File exists
cp: cannot create directory '/dev/shm/linux/./include/linux/soc': File exists
cp: cannot create regular file '/dev/shm/linux/./include/linux/stmp_device.h': File exists
cp: cannot create regular file '/dev/shm/linux/./include/linux/stop_machine.h': File exists
cp: cannot create regular file '/dev/shm/linux/./include/linux/string_choices.h': File exists
cp: cannot create regular file '/dev/shm/linux/./include/linux/string_helpers.h': File exists
cp: cannot create regular file '/dev/shm/linux/./include/linux/sungem_phy.h': File exists
cp: cannot create regular file '/dev/shm/linux/./include/linux/sunrpc/addr.h': File exists
cp: cannot create regular file '/dev/shm/linux/./include/linux/sunrpc/auth_gss.h': File exists
cp: cannot create regular file '/dev/shm/linux/./include/linux/sunrpc/cache.h': File exists
cp: cannot create regular file '/dev/shm/linux/./include/linux/sunrpc/debug.h': File exists
cp: cannot create regular file '/dev/shm/linux/./include/linux/sunrpc/gss_err.h': File exists
cp: cannot create regular file '/dev/shm/linux/./include/linux/sunrpc/metrics.h': File exists
cp: cannot create regular file '/dev/shm/linux/./include/linux/sunrpc/rdma_rn.h': File exists
cp: cannot create regular file '/dev/shm/linux/./include/linux/sunrpc/rpc_rdma.h': File exists
cp: cannot create regular file '/dev/shm/linux/./include/linux/sunrpc/sched.h': File exists
cp: cannot create regular file '/dev/shm/linux/./include/linux/sunrpc/svc.h': File exists
cp: cannot create regular file '/dev/shm/linux/./include/linux/sunrpc/svc_rdma_pcl.h': File exists
cp: cannot create regular file '/dev/shm/linux/./include/linux/sunrpc/svcauth.h': File exists
cp: cannot create regular file '/dev/shm/linux/./include/linux/sunrpc/svcsock.h': File exists
cp: cannot create regular file '/dev/shm/linux/./include/linux/sunrpc/types.h': File exists
cp: cannot create directory '/dev/shm/linux/./include/linux/sunrpc/xdrgen': File exists
cp: cannot create regular file '/dev/shm/linux/./include/linux/sunxi-rsb.h': File exists
cp: cannot create regular file '/dev/shm/linux/./include/linux/surface_acpi_notify.h': File exists
cp: cannot create regular file '/dev/shm/linux/./include/linux/surface_aggregator/controller.h': File exists
cp: cannot create regular file '/dev/shm/linux/./include/linux/surface_aggregator/serial_hub.h': File exists
cp: cannot create regular file '/dev/shm/linux/./include/linux/svga.h': File exists
cp: cannot create regular file '/dev/shm/linux/./include/linux/swab.h': File exists
cp: cannot create regular file '/dev/shm/linux/./include/linux/swap.h': File exists
cp: cannot create regular file '/dev/shm/linux/./include/linux/swapfile.h': File exists
cp: cannot create regular file '/dev/shm/linux/./include/linux/swiotlb.h': File exists
cp: cannot create regular file '/dev/shm/linux/./include/linux/sxgbe_platform.h': File exists
cp: cannot create regular file '/dev/shm/linux/./include/linux/sync_file.h': File exists
cp: cannot create regular file '/dev/shm/linux/./include/linux/sys_soc.h': File exists
cp: cannot create regular file '/dev/shm/linux/./include/linux/syscall_user_dispatch_types.h': File exists
cp: cannot create regular file '/dev/shm/linux/./include/linux/syscalls_api.h': File exists
cp: cannot create regular file '/dev/shm/linux/./include/linux/sysctl.h': File exists
cp: cannot create regular file '/dev/shm/linux/./include/linux/sysfs.h': File exists
cp: cannot create regular file '/dev/shm/linux/./include/linux/sysrq.h': File exists
cp: cannot create regular file '/dev/shm/linux/./include/linux/task_io_accounting.h': File exists
cp: cannot create regular file '/dev/shm/linux/./include/linux/task_work.h': File exists
cp: cannot create regular file '/dev/shm/linux/./include/linux/tboot.h': File exists
cp: cannot create regular file '/dev/shm/linux/./include/linux/tcp.h': File exists
cp: cannot create regular file '/dev/shm/linux/./include/linux/tee_drv.h': File exists
cp: cannot create regular file '/dev/shm/linux/./include/linux/tegra-mipi-cal.h': File exists
cp: cannot create regular file '/dev/shm/linux/./include/linux/text-patching.h': File exists
cp: cannot create regular file '/dev/shm/linux/./include/linux/textsearch_fsm.h': File exists
cp: cannot create regular file '/dev/shm/linux/./include/linux/thread_info.h': File exists
cp: cannot create regular file '/dev/shm/linux/./include/linux/thunderbolt.h': File exists
cp: cannot create regular file '/dev/shm/linux/./include/linux/ti_wilink_st.h': File exists
cp: cannot create regular file '/dev/shm/linux/./include/linux/tifm.h': File exists
cp: cannot create regular file '/dev/shm/linux/./include/linux/time.h': File exists
cp: cannot create regular file '/dev/shm/linux/./include/linux/time32.h': File exists
cp: cannot create regular file '/dev/shm/linux/./include/linux/time_namespace.h': File exists
cp: cannot create regular file '/dev/shm/linux/./include/linux/timekeeper_internal.h': File exists
cp: cannot create regular file '/dev/shm/linux/./include/linux/timer.h': File exists
cp: cannot create regular file '/dev/shm/linux/./include/linux/timeriomem-rng.h': File exists
cp: cannot create regular file '/dev/shm/linux/./include/linux/timerqueue.h': File exists
cp: cannot create regular file '/dev/shm/linux/./include/linux/timex.h': File exists
cp: cannot create regular file '/dev/shm/linux/./include/linux/topology.h': File exists
cp: cannot create regular file '/dev/shm/linux/./include/linux/toshiba.h': File exists
cp: cannot create regular file '/dev/shm/linux/./include/linux/tpm_eventlog.h': File exists
cp: cannot create regular file '/dev/shm/linux/./include/linux/trace.h': File exists
cp: cannot create regular file '/dev/shm/linux/./include/linux/trace_clock.h': File exists
cp: cannot create regular file '/dev/shm/linux/./include/linux/trace_printk.h': File exists
cp: cannot create regular file '/dev/shm/linux/./include/linux/trace_remote.h': File exists
cp: cannot create regular file '/dev/shm/linux/./include/linux/trace_seq.h': File exists
cp: cannot create regular file '/dev/shm/linux/./include/linux/tracepoint-defs.h': File exists
cp: cannot create regular file '/dev/shm/linux/./include/linux/transport_class.h': File exists
cp: cannot create regular file '/dev/shm/linux/./include/linux/tsacct_kern.h': File exists
cp: cannot create regular file '/dev/shm/linux/./include/linux/tsm.h': File exists
cp: cannot create regular file '/dev/shm/linux/./include/linux/tty_buffer.h': File exists
cp: cannot create regular file '/dev/shm/linux/./include/linux/tty_flip.h': File exists
cp: cannot create regular file '/dev/shm/linux/./include/linux/tty_ldisc.h': File exists
cp: cannot create regular file '/dev/shm/linux/./include/linux/turris-omnia-mcu-interface.h': File exists
cp: cannot create regular file '/dev/shm/linux/./include/linux/typecheck.h': File exists
cp: cannot create regular file '/dev/shm/linux/./include/linux/u64_stats_sync_api.h': File exists
cp: cannot create regular file '/dev/shm/linux/./include/linux/ubsan.h': File exists
cp: cannot create regular file '/dev/shm/linux/./include/linux/ucs2_string.h': File exists
cp: cannot create regular file '/dev/shm/linux/./include/linux/uidgid.h': File exists
cp: cannot create regular file '/dev/shm/linux/./include/linux/uio.h': File exists
cp: cannot create directory '/dev/shm/linux/./include/linux/ulpi': File exists
cp: cannot create regular file '/dev/shm/linux/./include/linux/union_find.h': File exists
cp: cannot create regular file '/dev/shm/linux/./include/linux/unroll.h': File exists
cp: cannot create regular file '/dev/shm/linux/./include/linux/uprobes.h': File exists
cp: cannot create directory '/dev/shm/linux/./include/linux/usb': File exists
cp: cannot create regular file '/dev/shm/linux/./include/linux/zorro.h': File exists
cp: cannot create regular file '/dev/shm/linux/./include/linux/zsmalloc.h': File exists
cp: cannot create regular file '/dev/shm/linux/./include/linux/zstd_errors.h': File exists
cp: cannot create regular file '/dev/shm/linux/./include/linux/zswap.h': File exists
cp: cannot create regular file '/dev/shm/linux/./include/linux/zutil.h': File exists
cp: cannot create directory '/dev/shm/linux/./include/media': File exists
cp: cannot create regular file '/dev/shm/linux/./include/net/inet6_connection_sock.h': File exists
cp: cannot create regular file '/dev/shm/linux/./include/net/inet_common.h': File exists
cp: cannot create regular file '/dev/shm/linux/./include/net/inet_dscp.h': File exists
cp: cannot create regular file '/dev/shm/linux/./include/net/inet_frag.h': File exists
cp: cannot create regular file '/dev/shm/linux/./include/net/inet_sock.h': File exists
cp: cannot create regular file '/dev/shm/linux/./include/net/inetpeer.h': File exists
cp: cannot create regular file '/dev/shm/linux/./include/net/ip.h': File exists
cp: cannot create regular file '/dev/shm/linux/./include/net/ip6_route.h': File exists
cp: cannot create regular file '/dev/shm/linux/./include/net/ip_fib.h': File exists
cp: cannot create regular file '/dev/shm/linux/./include/net/ip_vs.h': File exists
cp: cannot create regular file '/dev/shm/linux/./include/net/ipconfig.h': File exists
cp: cannot create regular file '/dev/shm/linux/./include/net/ipv6.h': File exists
cp: cannot create regular file '/dev/shm/linux/./include/net/iw_handler.h': File exists
cp: cannot create regular file '/dev/shm/linux/./include/net/kcm.h': File exists
cp: cannot create regular file '/dev/shm/linux/./include/net/l3mdev.h': File exists
cp: cannot create regular file '/dev/shm/linux/./include/net/lag.h': File exists
cp: cannot create directory '/dev/shm/linux/./include/net/libeth': File exists
cp: cannot create regular file '/dev/shm/linux/./include/net/llc_s_ev.h': File exists
cp: cannot create regular file '/dev/shm/linux/./include/net/llc_sap.h': File exists
cp: cannot create regular file '/dev/shm/linux/./include/net/mac80211.h': File exists
cp: cannot create regular file '/dev/shm/linux/./include/net/macsec.h': File exists
cp: cannot create regular file '/dev/shm/linux/./include/net/mana/gdma.h': File exists
cp: cannot create regular file '/dev/shm/linux/./include/net/mana/mana_auxiliary.h': File exists
cp: cannot create regular file '/dev/shm/linux/./include/net/mctpdevice.h': File exists
cp: cannot create regular file '/dev/shm/linux/./include/net/mld.h': File exists
cp: cannot create regular file '/dev/shm/linux/./include/net/mptcp.h': File exists
cp: cannot create regular file '/dev/shm/linux/./include/net/ncsi.h': File exists
cp: cannot create regular file '/dev/shm/linux/./include/net/neighbour.h': File exists
cp: cannot create regular file '/dev/shm/linux/./include/net/net_debug.h': File exists
cp: cannot create regular file '/dev/shm/linux/./include/net/net_namespace.h': File exists
cp: cannot create regular file '/dev/shm/linux/./include/net/net_shaper.h': File exists
cp: cannot create regular file '/dev/shm/linux/./include/net/netdev_netlink.h': File exists
cp: cannot create regular file '/dev/shm/linux/./include/net/netdev_rx_queue.h': File exists
cp: cannot create directory '/dev/shm/linux/./include/net/netfilter': File exists
cp: cannot create regular file '/dev/shm/linux/./include/net/pkt_sched.h': File exists
cp: cannot create regular file '/dev/shm/linux/./include/net/protocol.h': File exists
cp: cannot create regular file '/dev/shm/linux/./include/net/psp.h': File exists
cp: cannot create directory '/dev/shm/linux/./include/net/psp': File exists
cp: cannot create regular file '/dev/shm/linux/./include/net/regulatory.h': File exists
cp: cannot create regular file '/dev/shm/linux/./include/net/rose.h': File exists
cp: cannot create regular file '/dev/shm/linux/./include/net/rpl.h': File exists
cp: cannot create regular file '/dev/shm/linux/./include/net/rps.h': File exists
cp: cannot create regular file '/dev/shm/linux/./include/net/rstreason.h': File exists
cp: cannot create regular file '/dev/shm/linux/./include/net/rtnh.h': File exists
cp: cannot create regular file '/dev/shm/linux/./include/net/scm.h': File exists
cp: cannot create regular file '/dev/shm/linux/./include/net/sctp/auth.h': File exists
cp: cannot create regular file '/dev/shm/linux/./include/net/sctp/command.h': File exists
cp: cannot create regular file '/dev/shm/linux/./include/net/sctp/sctp.h': File exists
cp: cannot create regular file '/dev/shm/linux/./include/net/sctp/stream_interleave.h': File exists
cp: cannot create regular file '/dev/shm/linux/./include/net/sctp/tsnmap.h': File exists
cp: cannot create regular file '/dev/shm/linux/./include/net/seg6.h': File exists
cp: cannot create regular file '/dev/shm/linux/./include/net/selftests.h': File exists
cp: cannot create regular file '/dev/shm/linux/./include/net/slhc_vj.h': File exists
cp: cannot create regular file '/dev/shm/linux/./include/net/snmp.h': File exists
cp: cannot create regular file '/dev/shm/linux/./include/net/sock_reuseport.h': File exists
cp: cannot create regular file '/dev/shm/linux/./include/net/strparser.h': File exists
cp: cannot create directory '/dev/shm/linux/./include/net/tc_act': File exists
cp: cannot create regular file '/dev/shm/linux/./include/net/x25device.h': File exists
cp: cannot create regular file '/dev/shm/linux/./include/net/xdp_priv.h': File exists
cp: cannot create regular file '/dev/shm/linux/./include/net/xdp_sock.h': File exists
cp: cannot create regular file '/dev/shm/linux/./include/net/xfrm.h': File exists
cp: cannot create directory '/dev/shm/linux/./include/pcmcia': File exists
cp: cannot create regular file '/dev/shm/linux/./include/rdma/ib_mad.h': File exists
cp: cannot create regular file '/dev/shm/linux/./include/rdma/ib_pack.h': File exists
cp: cannot create regular file '/dev/shm/linux/./include/rdma/ib_smi.h': File exists
cp: cannot create regular file '/dev/shm/linux/./include/rdma/ib_umem.h': File exists
cp: cannot create regular file '/dev/shm/linux/./include/rdma/ib_umem_odp.h': File exists
cp: cannot create regular file '/dev/shm/linux/./include/rdma/iba.h': File exists
cp: cannot create regular file '/dev/shm/linux/./include/rdma/iter.h': File exists
cp: cannot create regular file '/dev/shm/linux/./include/rdma/iw_portmap.h': File exists
cp: cannot create regular file '/dev/shm/linux/./include/rdma/mr_pool.h': File exists
cp: cannot create regular file '/dev/shm/linux/./include/rdma/opa_port_info.h': File exists
cp: cannot create regular file '/dev/shm/linux/./include/rdma/rdma_cm_ib.h': File exists
cp: cannot create regular file '/dev/shm/linux/./include/rdma/rdma_counter.h': File exists
cp: cannot create regular file '/dev/shm/linux/./include/rdma/rdma_vt.h': File exists
cp: cannot create regular file '/dev/shm/linux/./include/rdma/rdmavt_mr.h': File exists
cp: cannot create regular file '/dev/shm/linux/./include/rdma/restrack.h': File exists
cp: cannot create regular file '/dev/shm/linux/./include/rdma/signature.h': File exists
cp: cannot create regular file '/dev/shm/linux/./include/rdma/uverbs_ioctl.h': File exists
cp: cannot create regular file '/dev/shm/linux/./include/rdma/uverbs_std_types.h': File exists
cp: cannot create directory '/dev/shm/linux/./include/rv': File exists
cp: cannot create regular file '/dev/shm/linux/./include/scsi/fc_frame.h': File exists
cp: cannot create regular file '/dev/shm/linux/./include/scsi/iscsi_if.h': File exists
cp: cannot create regular file '/dev/shm/linux/./include/scsi/iser.h': File exists
cp: cannot create regular file '/dev/shm/linux/./include/scsi/libfcoe.h': File exists
cp: cannot create regular file '/dev/shm/linux/./include/scsi/libiscsi_tcp.h': File exists
cp: cannot create regular file '/dev/shm/linux/./include/scsi/sas.h': File exists
cp: cannot create regular file '/dev/shm/linux/./include/scsi/scsi.h': File exists
cp: cannot create regular file '/dev/shm/linux/./include/scsi/scsi_cmnd.h': File exists
cp: cannot create regular file '/dev/shm/linux/./include/scsi/scsi_dbg.h': File exists
cp: cannot create regular file '/dev/shm/linux/./include/scsi/scsi_device.h': File exists
cp: cannot create regular file '/dev/shm/linux/./include/scsi/scsi_dh.h': File exists
cp: cannot create regular file '/dev/shm/linux/./include/scsi/scsi_host.h': File exists
cp: cannot create regular file '/dev/shm/linux/./include/scsi/scsi_proto.h': File exists
cp: cannot create regular file '/dev/shm/linux/./include/scsi/scsi_transport.h': File exists
cp: cannot create regular file '/dev/shm/linux/./include/scsi/scsi_transport_iscsi.h': File exists
cp: cannot create regular file '/dev/shm/linux/./include/scsi/scsi_transport_spi.h': File exists
cp: cannot create regular file '/dev/shm/linux/./include/scsi/scsicam.h': File exists
cp: cannot create regular file '/dev/shm/linux/./include/scsi/srp.h': File exists
cp: cannot create directory '/dev/shm/linux/./include/sound': File exists
cp: cannot create regular file '/dev/shm/linux/./include/trace/events/netlink.h': File exists
cp: cannot create regular file '/dev/shm/linux/./include/trace/events/nmi.h': File exists
cp: cannot create regular file '/dev/shm/linux/./include/trace/events/objagg.h': File exists
cp: cannot create regular file '/dev/shm/linux/./include/trace/events/osnoise.h': File exists
cp: cannot create regular file '/dev/shm/linux/./include/trace/events/page_isolation.h': File exists
cp: cannot create regular file '/dev/shm/linux/./include/trace/events/page_ref.h': File exists
cp: cannot create regular file '/dev/shm/linux/./include/trace/events/pci.h': File exists
cp: cannot create regular file '/dev/shm/linux/./include/trace/events/percpu.h': File exists
cp: cannot create regular file '/dev/shm/linux/./include/trace/events/power_cpu_migrate.h': File exists
cp: cannot create regular file '/dev/shm/linux/./include/trace/events/pwc.h': File exists
cp: cannot create regular file '/dev/shm/linux/./include/trace/events/qdisc.h': File exists
cp: cannot create regular file '/dev/shm/linux/./include/trace/events/rcu.h': File exists
cp: cannot create regular file '/dev/shm/linux/./include/trace/events/readahead.h': File exists
cp: cannot create regular file '/dev/shm/linux/./include/trace/events/regulator.h': File exists
cp: cannot create regular file '/dev/shm/linux/./include/trace/events/rpcrdma.h': File exists
cp: cannot create regular file '/dev/shm/linux/./include/trace/events/rseq.h': File exists
cp: cannot create regular file '/dev/shm/linux/./include/trace/events/rust_sample.h': File exists
cp: cannot create regular file '/dev/shm/linux/./include/trace/events/rxrpc.h': File exists
cp: cannot create regular file '/dev/shm/linux/./include/trace/events/sched_ext.h': File exists
cp: cannot create regular file '/dev/shm/linux/./include/trace/events/scsi.h': File exists
cp: cannot create regular file '/dev/shm/linux/./include/trace/events/signal.h': File exists
cp: cannot create regular file '/dev/shm/linux/./include/trace/events/smbus.h': File exists
cp: cannot create regular file '/dev/shm/linux/./include/trace/events/sof.h': File exists
cp: cannot create regular file '/dev/shm/linux/./include/trace/events/spi-mem.h': File exists
cp: cannot create regular file '/dev/shm/linux/./include/trace/events/sunrpc.h': File exists
cp: cannot create regular file '/dev/shm/linux/./include/trace/events/swiotlb.h': File exists
cp: cannot create regular file '/dev/shm/linux/./include/trace/events/target.h': File exists
cp: cannot create regular file '/dev/shm/linux/./include/trace/events/tcp.h': File exists
cp: cannot create regular file '/dev/shm/linux/./include/trace/events/timer_migration.h': File exists
cp: cannot create regular file '/dev/shm/linux/./include/trace/events/tsm_mr.h': File exists
cp: cannot create regular file '/dev/shm/linux/./include/trace/events/v4l2.h': File exists
cp: cannot create regular file '/dev/shm/linux/./include/trace/events/vmalloc.h': File exists
cp: cannot create regular file '/dev/shm/linux/./include/trace/events/vsock_virtio_transport_common.h': File exists
cp: cannot create regular file '/dev/shm/linux/./include/trace/events/wbt.h': File exists
cp: cannot create regular file '/dev/shm/linux/./include/trace/events/writeback.h': File exists
cp: cannot create regular file '/dev/shm/linux/./include/trace/events/xen.h': File exists
cp: cannot create regular file '/dev/shm/linux/./include/trace/misc/nfs.h': File exists
cp: cannot create regular file '/dev/shm/linux/./include/trace/misc/sunrpc.h': File exists
cp: cannot create regular file '/dev/shm/linux/./include/trace/syscall.h': File exists
cp: cannot create regular file '/dev/shm/linux/./include/trace/trace_custom_events.h': File exists
cp: cannot create regular file '/dev/shm/linux/./include/trace/trace_events.h': File exists
cp: cannot create directory '/dev/shm/linux/./include/uapi': File exists
cp: cannot create regular file '/dev/shm/linux/./kernel/trace/trace_selftest_dynamic.c': File exists
cp: cannot create regular file '/dev/shm/linux/./kernel/trace/trace_stack.c': File exists
cp: cannot create regular file '/dev/shm/linux/./kernel/trace/trace_stat.h': File exists
cp: cannot create regular file '/dev/shm/linux/./kernel/trace/trace_syscalls.c': File exists
cp: cannot create regular file '/dev/shm/linux/./kernel/trace/tracing_map.c': File exists
cp: cannot create regular file '/dev/shm/linux/./kernel/trace/undefsyms_base.c': File exists
cp: cannot create regular file '/dev/shm/linux/./kernel/tracepoint.c': File exists
cp: cannot create regular file '/dev/shm/linux/./kernel/ucount.c': File exists
cp: cannot create regular file '/dev/shm/linux/./kernel/uid16.h': File exists
cp: cannot create directory '/dev/shm/linux/./kernel/unwind': File exists
cp: cannot create regular file '/dev/shm/linux/./kernel/utsname.c': File exists
cp: cannot create regular file '/dev/shm/linux/./kernel/vhost_task.c': File exists
cp: cannot create regular file '/dev/shm/linux/./kernel/watch_queue.c': File exists
cp: cannot create regular file '/dev/shm/linux/./kernel/watchdog_buddy.c': File exists
cp: cannot create regular file '/dev/shm/linux/./kernel/watchdog_perf.c': File exists
cp: cannot create regular file '/dev/shm/linux/./kernel/workqueue_internal.h': File exists
cp: cannot create directory '/dev/shm/linux/./lib': File exists
cp: cannot create regular file '/dev/shm/linux/./net/ipv4/tcp_veno.c': File exists
cp: cannot create regular file '/dev/shm/linux/./net/ipv4/tcp_yeah.c': File exists
cp: cannot create regular file '/dev/shm/linux/./net/ipv4/udp.c': File exists
cp: cannot create regular file '/dev/shm/linux/./net/ipv4/udp_diag.c': File exists
cp: cannot create regular file '/dev/shm/linux/./net/ipv4/udp_tunnel_core.c': File exists
cp: cannot create regular file '/dev/shm/linux/./net/ipv4/udp_tunnel_stub.c': File exists
cp: cannot create regular file '/dev/shm/linux/./net/ipv4/xfrm4_output.c': File exists
cp: cannot create regular file '/dev/shm/linux/./net/ipv4/xfrm4_policy.c': File exists
cp: cannot create regular file '/dev/shm/linux/./net/ipv4/xfrm4_state.c': File exists
cp: cannot create directory '/dev/shm/linux/./net/ipv6': File exists
cp: cannot create regular file '/dev/shm/linux/./net/mac80211/ocb.c': File exists
cp: cannot create regular file '/dev/shm/linux/./net/mac80211/parse.c': File exists
cp: cannot create regular file '/dev/shm/linux/./net/mac80211/rate.c': File exists
cp: cannot create regular file '/dev/shm/linux/./net/mac80211/rc80211_minstrel_ht.c': File exists
cp: cannot create regular file '/dev/shm/linux/./net/mac80211/rc80211_minstrel_ht_debugfs.c': File exists
cp: cannot create regular file '/dev/shm/linux/./net/mac80211/scan.c': File exists
cp: cannot create regular file '/dev/shm/linux/./net/mac80211/sta_info.c': File exists
cp: cannot create regular file '/dev/shm/linux/./net/mac80211/tdls.c': File exists
cp: cannot create regular file '/dev/shm/linux/./net/mac80211/tests/chan-mode.c': File exists
cp: cannot create regular file '/dev/shm/linux/./net/mac80211/tests/module.c': File exists
cp: cannot create regular file '/dev/shm/linux/./net/mac80211/tests/tpe.c': File exists
cp: cannot create regular file '/dev/shm/linux/./net/mac80211/tests/util.h': File exists
cp: cannot create regular file '/dev/shm/linux/./net/mac80211/tkip.h': File exists
cp: cannot create regular file '/dev/shm/linux/./net/mac80211/trace.h': File exists
cp: cannot create regular file '/dev/shm/linux/./net/mac80211/tx.c': File exists
cp: cannot create regular file '/dev/shm/linux/./net/mac80211/util.c': File exists
cp: cannot create regular file '/dev/shm/linux/./net/mac80211/wbrf.c': File exists
cp: cannot create regular file '/dev/shm/linux/./net/mac80211/wep.h': File exists
cp: cannot create regular file '/dev/shm/linux/./net/mac80211/wme.h': File exists
cp: cannot create regular file '/dev/shm/linux/./net/mac80211/wpa.h': File exists
cp: cannot create directory '/dev/shm/linux/./net/mac802154': File exists
cp: cannot create regular file '/dev/shm/linux/./net/mptcp/Kconfig': File exists
cp: cannot create regular file '/dev/shm/linux/./net/mptcp/Makefile': File exists
cp: cannot create regular file '/dev/shm/linux/./net/mptcp/crypto.c': File exists
cp: cannot create regular file '/dev/shm/linux/./net/mptcp/diag.c': File exists
cp: cannot create regular file '/dev/shm/linux/./net/mptcp/fastopen.c': File exists
cp: cannot create regular file '/dev/shm/linux/./net/mptcp/mib.h': File exists
cp: cannot create regular file '/dev/shm/linux/./net/mptcp/mptcp_pm_gen.c': File exists
cp: cannot create regular file '/dev/shm/linux/./net/mptcp/pm.c': File exists
cp: cannot create regular file '/dev/shm/linux/./net/mptcp/pm_netlink.c': File exists
cp: cannot create regular file '/dev/shm/linux/./net/mptcp/protocol.c': File exists
cp: cannot create regular file '/dev/shm/linux/./net/mptcp/sched.c': File exists
cp: cannot create regular file '/dev/shm/linux/./net/mptcp/subflow.c': File exists
cp: cannot create regular file '/dev/shm/linux/./net/mptcp/token_test.c': File exists
cp: cannot create directory '/dev/shm/linux/./net/ncsi': File exists
cp: cannot create regular file '/dev/shm/linux/./net/netfilter/ipset/ip_set_getport.c': File exists
cp: cannot create regular file '/dev/shm/linux/./net/netfilter/ipset/ip_set_hash_ip.c': File exists
cp: cannot create regular file '/dev/shm/linux/./net/netfilter/ipset/ip_set_hash_ipport.c': File exists
cp: cannot create regular file '/dev/shm/linux/./net/netfilter/ipset/ip_set_hash_ipportnet.c': File exists
cp: cannot create regular file '/dev/shm/linux/./net/netfilter/ipset/ip_set_hash_net.c': File exists
cp: cannot create regular file '/dev/shm/linux/./net/netfilter/ipset/ip_set_hash_netnet.c': File exists
cp: cannot create regular file '/dev/shm/linux/./net/netfilter/ipset/ip_set_hash_netportnet.c': File exists
cp: cannot create regular file '/dev/shm/linux/./net/netfilter/ipset/pfxlen.c': File exists
cp: cannot create regular file '/dev/shm/linux/./net/netfilter/ipvs/Kconfig': File exists
cp: cannot create regular file '/dev/shm/linux/./net/netfilter/ipvs/ip_vs_app.c': File exists
cp: cannot create regular file '/dev/shm/linux/./net/netfilter/ipvs/ip_vs_core.c': File exists
cp: cannot create regular file '/dev/shm/linux/./net/netfilter/ipvs/ip_vs_dh.c': File exists
cp: cannot create regular file '/dev/shm/linux/./net/netfilter/ipvs/ip_vs_fo.c': File exists
cp: cannot create regular file '/dev/shm/linux/./net/netfilter/ipvs/ip_vs_ftp.c': File exists
cp: cannot create regular file '/dev/shm/linux/./net/netfilter/ipvs/ip_vs_lblcr.c': File exists
cp: cannot create regular file '/dev/shm/linux/./net/netfilter/ipvs/ip_vs_mh.c': File exists
cp: cannot create regular file '/dev/shm/linux/./net/netfilter/ipvs/ip_vs_nq.c': File exists
cp: cannot create regular file '/dev/shm/linux/./net/netfilter/ipvs/ip_vs_pe.c': File exists
cp: cannot create regular file '/dev/shm/linux/./net/netfilter/ipvs/ip_vs_proto.c': File exists
cp: cannot create regular file '/dev/shm/linux/./net/netfilter/ipvs/ip_vs_proto_sctp.c': File exists
cp: cannot create regular file '/dev/shm/linux/./net/netfilter/ipvs/ip_vs_proto_udp.c': File exists
cp: cannot create regular file '/dev/shm/linux/./net/netfilter/ipvs/ip_vs_sched.c': File exists
cp: cannot create regular file '/dev/shm/linux/./net/netfilter/ipvs/ip_vs_sh.c': File exists
cp: cannot create regular file '/dev/shm/linux/./net/netfilter/ipvs/ip_vs_twos.c': File exists
cp: cannot create regular file '/dev/shm/linux/./net/netfilter/ipvs/ip_vs_wlc.c': File exists
cp: cannot create regular file '/dev/shm/linux/./net/netfilter/ipvs/ip_vs_xmit.c': File exists
cp: cannot create regular file '/dev/shm/linux/./net/netfilter/nf_conncount.c': File exists
cp: cannot create regular file '/dev/shm/linux/./net/netfilter/nf_conntrack_amanda.c': File exists
cp: cannot create regular file '/dev/shm/linux/./net/netfilter/nf_conntrack_broadcast.c': File exists
cp: cannot create regular file '/dev/shm/linux/./net/netfilter/nf_conntrack_core.c': File exists
cp: cannot create regular file '/dev/shm/linux/./net/netfilter/nf_conntrack_expect.c': File exists
cp: cannot create regular file '/dev/shm/linux/./net/netfilter/nf_conntrack_ftp.c': File exists
cp: cannot create regular file '/dev/shm/linux/./net/netfilter/nf_conntrack_h323_main.c': File exists
cp: cannot create regular file '/dev/shm/linux/./net/netfilter/nf_conntrack_helper.c': File exists
cp: cannot create regular file '/dev/shm/linux/./net/netfilter/nf_conntrack_irc.c': File exists
cp: cannot create regular file '/dev/shm/linux/./net/netfilter/nf_conntrack_netbios_ns.c': File exists
cp: cannot create regular file '/dev/shm/linux/./net/netfilter/nf_conntrack_ovs.c': File exists
cp: cannot create regular file '/dev/shm/linux/./net/netfilter/nf_conntrack_pptp.c': File exists
cp: cannot create regular file '/dev/shm/linux/./net/netfilter/nf_conntrack_proto_generic.c': File exists
cp: cannot create regular file '/dev/shm/linux/./net/netfilter/nf_conntrack_proto_icmp.c': File exists
cp: cannot create regular file '/dev/shm/linux/./net/netfilter/nf_conntrack_proto_sctp.c': File exists
cp: cannot create regular file '/dev/shm/linux/./net/netfilter/nf_conntrack_proto_udp.c': File exists
cp: cannot create regular file '/dev/shm/linux/./net/netfilter/nf_conntrack_seqadj.c': File exists
cp: cannot create regular file '/dev/shm/linux/./net/netfilter/nf_conntrack_snmp.c': File exists
cp: cannot create regular file '/dev/shm/linux/./net/netfilter/nf_conntrack_tftp.c': File exists
cp: cannot create regular file '/dev/shm/linux/./net/netfilter/nf_conntrack_timeout.c': File exists
cp: cannot create regular file '/dev/shm/linux/./net/netfilter/nf_dup_netdev.c': File exists
cp: cannot create regular file '/dev/shm/linux/./net/netfilter/nf_flow_table_core.c': File exists
cp: cannot create regular file '/dev/shm/linux/./net/netfilter/nf_flow_table_offload.c': File exists
cp: cannot create regular file '/dev/shm/linux/./net/netfilter/nf_flow_table_procfs.c': File exists
cp: cannot create regular file '/dev/shm/linux/./net/netfilter/nf_hooks_lwtunnel.c': File exists
cp: cannot create regular file '/dev/shm/linux/./net/netfilter/nf_log.c': File exists
cp: cannot create regular file '/dev/shm/linux/./net/netfilter/nf_nat_amanda.c': File exists
cp: cannot create regular file '/dev/shm/linux/./net/netfilter/nf_nat_core.c': File exists
cp: cannot create regular file '/dev/shm/linux/./net/netfilter/nf_nat_irc.c': File exists
cp: cannot create regular file '/dev/shm/linux/./net/netfilter/nf_nat_ovs.c': File exists
cp: cannot create regular file '/dev/shm/linux/./net/netfilter/nf_nat_redirect.c': File exists
cp: cannot create regular file '/dev/shm/linux/./net/netfilter/nf_nat_tftp.c': File exists
cp: cannot create regular file '/dev/shm/linux/./net/netfilter/nf_sockopt.c': File exists
cp: cannot create regular file '/dev/shm/linux/./net/netfilter/nf_tables_api.c': File exists
cp: cannot create regular file '/dev/shm/linux/./net/netfilter/nf_tables_trace.c': File exists
cp: cannot create regular file '/dev/shm/linux/./net/netfilter/nfnetlink_acct.c': File exists
cp: cannot create regular file '/dev/shm/linux/./net/netfilter/nfnetlink_cttimeout.c': File exists
cp: cannot create regular file '/dev/shm/linux/./net/netfilter/nfnetlink_log.c': File exists
cp: cannot create regular file '/dev/shm/linux/./net/netfilter/nfnetlink_queue.c': File exists
cp: cannot create regular file '/dev/shm/linux/./net/netfilter/nft_byteorder.c': File exists
cp: cannot create regular file '/dev/shm/linux/./net/netfilter/nft_chain_nat.c': File exists
cp: cannot create regular file '/dev/shm/linux/./net/netfilter/nft_cmp.c': File exists
cp: cannot create regular file '/dev/shm/linux/./net/netfilter/nft_connlimit.c': File exists
cp: cannot create regular file '/dev/shm/linux/./net/netfilter/nft_ct.c': File exists
cp: cannot create regular file '/dev/shm/linux/./net/netfilter/nft_dup_netdev.c': File exists
cp: cannot create regular file '/dev/shm/linux/./net/netfilter/nft_exthdr.c': File exists
cp: cannot create regular file '/dev/shm/linux/./net/netfilter/nft_fib_inet.c': File exists
cp: cannot create regular file '/dev/shm/linux/./net/netfilter/nft_fwd_netdev.c': File exists
cp: cannot create regular file '/dev/shm/linux/./net/netfilter/nft_hash.c': File exists
cp: cannot create regular file '/dev/shm/linux/./net/netfilter/nft_last.c': File exists
cp: cannot create regular file '/dev/shm/linux/./net/netfilter/nft_limit.c': File exists
cp: cannot create regular file '/dev/shm/linux/./net/netfilter/nft_lookup.c': File exists
cp: cannot create regular file '/dev/shm/linux/./net/netfilter/nft_meta.c': File exists
cp: cannot create regular file '/dev/shm/linux/./net/netfilter/nft_numgen.c': File exists
cp: cannot create regular file '/dev/shm/linux/./net/netfilter/nft_osf.c': File exists
cp: cannot create regular file '/dev/shm/linux/./net/netfilter/nft_queue.c': File exists
cp: cannot create regular file '/dev/shm/linux/./net/netfilter/nft_range.c': File exists
cp: cannot create regular file '/dev/shm/linux/./net/netfilter/nft_reject.c': File exists
cp: cannot create regular file '/dev/shm/linux/./net/netfilter/nft_reject_inet.c': File exists
cp: cannot create regular file '/dev/shm/linux/./net/netfilter/nft_rt.c': File exists
cp: cannot create regular file '/dev/shm/linux/./net/netfilter/nft_set_hash.c': File exists
cp: cannot create regular file '/dev/shm/linux/./net/netfilter/nft_set_pipapo.h': File exists
cp: cannot create regular file '/dev/shm/linux/./net/netfilter/nft_set_pipapo_avx2.h': File exists
cp: cannot create regular file '/dev/shm/linux/./net/netfilter/nft_socket.c': File exists
cp: cannot create regular file '/dev/shm/linux/./net/netfilter/nft_tproxy.c': File exists
cp: cannot create regular file '/dev/shm/linux/./net/netfilter/nft_xfrm.c': File exists
cp: cannot create regular file '/dev/shm/linux/./net/netfilter/xt_AUDIT.c': File exists
cp: cannot create regular file '/dev/shm/linux/./net/netfilter/xt_CLASSIFY.c': File exists
cp: cannot create regular file '/dev/shm/linux/./net/netfilter/xt_CT.c': File exists
cp: cannot create regular file '/dev/shm/linux/./net/netfilter/xt_HL.c': File exists
cp: cannot create regular file '/dev/shm/linux/./net/netfilter/xt_IDLETIMER.c': File exists
cp: cannot create regular file '/dev/shm/linux/./net/netfilter/xt_LOG.c': File exists
cp: cannot create regular file '/dev/shm/linux/./net/netfilter/xt_NETMAP.c': File exists
cp: cannot create regular file '/dev/shm/linux/./net/netfilter/xt_NFQUEUE.c': File exists
cp: cannot create regular file '/dev/shm/linux/./net/netfilter/xt_REDIRECT.c': File exists
cp: cannot create regular file '/dev/shm/linux/./net/netfilter/xt_TCPMSS.c': File exists
cp: cannot create regular file '/dev/shm/linux/./net/netfilter/xt_TPROXY.c': File exists
cp: cannot create regular file '/dev/shm/linux/./net/netfilter/xt_addrtype.c': File exists
cp: cannot create regular file '/dev/shm/linux/./net/netfilter/xt_cgroup.c': File exists
cp: cannot create regular file '/dev/shm/linux/./net/netfilter/xt_comment.c': File exists
cp: cannot create regular file '/dev/shm/linux/./net/netfilter/xt_connlabel.c': File exists
cp: cannot create regular file '/dev/shm/linux/./net/netfilter/xt_connmark.c': File exists
cp: cannot create regular file '/dev/shm/linux/./net/netfilter/xt_cpu.c': File exists
cp: cannot create regular file '/dev/shm/linux/./net/netfilter/xt_dscp.c': File exists
cp: cannot create regular file '/dev/shm/linux/./net/netfilter/xt_esp.c': File exists
cp: cannot create regular file '/dev/shm/linux/./net/netfilter/xt_helper.c': File exists
cp: cannot create regular file '/dev/shm/linux/./net/netfilter/xt_ipcomp.c': File exists
cp: cannot create regular file '/dev/shm/linux/./net/netfilter/xt_ipvs.c': File exists
cp: cannot create regular file '/dev/shm/linux/./net/netfilter/xt_length.c': File exists
cp: cannot create regular file '/dev/shm/linux/./net/netfilter/xt_mac.c': File exists
cp: cannot create regular file '/dev/shm/linux/./net/netfilter/xt_multiport.c': File exists
cp: cannot create regular file '/dev/shm/linux/./net/netfilter/xt_osf.c': File exists
cp: cannot create regular file '/dev/shm/linux/./net/netfilter/xt_physdev.c': File exists
cp: cannot create regular file '/dev/shm/linux/./net/netfilter/xt_policy.c': File exists
cp: cannot create regular file '/dev/shm/linux/./net/netfilter/xt_quota.c': File exists
cp: cannot create regular file '/dev/shm/linux/./net/netfilter/xt_realm.c': File exists
cp: cannot create regular file '/dev/shm/linux/./net/netfilter/xt_repldata.h': File exists
cp: cannot create regular file '/dev/shm/linux/./net/netfilter/xt_set.c': File exists
cp: cannot create regular file '/dev/shm/linux/./net/netfilter/xt_state.c': File exists
cp: cannot create regular file '/dev/shm/linux/./net/netfilter/xt_string.c': File exists
cp: cannot create regular file '/dev/shm/linux/./net/netfilter/xt_tcpudp.c': File exists
cp: cannot create regular file '/dev/shm/linux/./net/netfilter/xt_u32.c': File exists
cp: cannot create regular file '/dev/shm/linux/./net/netlabel/Kconfig': File exists
cp: cannot create regular file '/dev/shm/linux/./net/netlabel/netlabel_addrlist.c': File exists
cp: cannot create regular file '/dev/shm/linux/./net/netlabel/netlabel_calipso.c': File exists
cp: cannot create regular file '/dev/shm/linux/./net/netlabel/netlabel_cipso_v4.c': File exists
cp: cannot create regular file '/dev/shm/linux/./net/netlabel/netlabel_domainhash.c': File exists
cp: cannot create regular file '/dev/shm/linux/./net/netlabel/netlabel_kapi.c': File exists
cp: cannot create regular file '/dev/shm/linux/./net/netlabel/netlabel_mgmt.h': File exists
cp: cannot create regular file '/dev/shm/linux/./net/netlabel/netlabel_unlabeled.h': File exists
cp: cannot create regular file '/dev/shm/linux/./net/netlabel/netlabel_user.h': File exists
cp: cannot create regular file '/dev/shm/linux/./net/netlink/Makefile': File exists
cp: cannot create regular file '/dev/shm/linux/./net/netlink/af_netlink.h': File exists
cp: cannot create regular file '/dev/shm/linux/./net/netlink/genetlink.c': File exists
cp: cannot create regular file '/dev/shm/linux/./net/netlink/policy.c': File exists
cp: cannot create regular file '/dev/shm/linux/./net/nfc/Kconfig': File exists
cp: cannot create regular file '/dev/shm/linux/./net/nfc/af_nfc.c': File exists
cp: cannot create regular file '/dev/shm/linux/./net/nfc/digital.h': File exists
cp: cannot create regular file '/dev/shm/linux/./net/nfc/digital_dep.c': File exists
cp: cannot create directory '/dev/shm/linux/./net/nfc/hci': File exists
cp: cannot create regular file '/dev/shm/linux/./net/nfc/nci/lib.c': File exists
cp: cannot create regular file '/dev/shm/linux/./net/nfc/nci/rsp.c': File exists
cp: cannot create regular file '/dev/shm/linux/./net/nfc/nci/uart.c': File exists
cp: cannot create regular file '/dev/shm/linux/./net/nfc/nfc.h': File exists
cp: cannot create directory '/dev/shm/linux/./net/nsh': File exists
cp: cannot create regular file '/dev/shm/linux/./net/openvswitch/conntrack.c': File exists
cp: cannot create regular file '/dev/shm/linux/./net/openvswitch/datapath.c': File exists
cp: cannot create regular file '/dev/shm/linux/./net/openvswitch/dp_notify.c': File exists
cp: cannot create regular file '/dev/shm/linux/./net/openvswitch/flow.c': File exists
cp: cannot create regular file '/dev/shm/linux/./net/openvswitch/flow_netlink.h': File exists
cp: cannot create regular file '/dev/shm/linux/./net/openvswitch/flow_table.h': File exists
cp: cannot create regular file '/dev/shm/linux/./net/openvswitch/meter.h': File exists
cp: cannot create regular file '/dev/shm/linux/./net/openvswitch/openvswitch_trace.h': File exists
cp: cannot create regular file '/dev/shm/linux/./net/openvswitch/vport-gre.c': File exists
cp: cannot create regular file '/dev/shm/linux/./net/openvswitch/vport-internal_dev.h': File exists
cp: cannot create regular file '/dev/shm/linux/./net/openvswitch/vport-netdev.c': File exists
cp: cannot create regular file '/dev/shm/linux/./net/openvswitch/vport-vxlan.c': File exists
cp: cannot create directory '/dev/shm/linux/./net/packet': File exists
cp: cannot create regular file '/dev/shm/linux/./net/phonet/pn_dev.c': File exists
cp: cannot create regular file '/dev/shm/linux/./net/phonet/socket.c': File exists
cp: cannot create directory '/dev/shm/linux/./net/psp': File exists
cp: cannot create regular file '/dev/shm/linux/./net/qrtr/qrtr.h': File exists
cp: cannot create regular file '/dev/shm/linux/./net/qrtr/tun.c': File exists
cp: cannot create directory '/dev/shm/linux/./net/rds': File exists
cp: cannot create regular file '/dev/shm/linux/./net/rxrpc/sendmsg.c': File exists
cp: cannot create regular file '/dev/shm/linux/./net/rxrpc/skbuff.c': File exists
cp: cannot create regular file '/dev/shm/linux/./net/rxrpc/txbuf.c': File exists
cp: cannot create directory '/dev/shm/linux/./net/sched': File exists
cp: cannot create regular file '/dev/shm/linux/./net/strparser/strparser.c': File exists
cp: cannot create regular file '/dev/shm/linux/./net/sunrpc/.kunitconfig': File exists
cp: cannot create regular file '/dev/shm/linux/./net/sunrpc/Makefile': File exists
cp: cannot create regular file '/dev/shm/linux/./net/sunrpc/addr.c': File exists
cp: cannot create directory '/dev/shm/linux/./net/sunrpc/auth_gss': File exists
cp: cannot create regular file '/dev/shm/linux/./net/sunrpc/svcauth.c': File exists
cp: cannot create regular file '/dev/shm/linux/./net/sunrpc/svcauth_unix.c': File exists
cp: cannot create regular file '/dev/shm/linux/./net/sunrpc/sysctl.c': File exists
cp: cannot create regular file '/dev/shm/linux/./net/sunrpc/sysfs.h': File exists
cp: cannot create regular file '/dev/shm/linux/./net/sunrpc/xprt.c': File exists
cp: cannot create directory '/dev/shm/linux/./net/sunrpc/xprtrdma': File exists
cp: cannot create regular file '/dev/shm/linux/./net/tipc/crypto.h': File exists
cp: cannot create regular file '/dev/shm/linux/./net/tipc/discover.h': File exists
cp: cannot create regular file '/dev/shm/linux/./net/tipc/group.h': File exists
cp: cannot create regular file '/dev/shm/linux/./net/tipc/link.c': File exists
cp: cannot create regular file '/dev/shm/linux/./net/tipc/monitor.c': File exists
cp: cannot create regular file '/dev/shm/linux/./net/tipc/msg.c': File exists
cp: cannot create regular file '/dev/shm/linux/./net/tipc/name_distr.c': File exists
cp: cannot create regular file '/dev/shm/linux/./net/tipc/name_table.c': File exists
cp: cannot create regular file '/dev/shm/linux/./net/tipc/net.h': File exists
cp: cannot create regular file '/dev/shm/linux/./net/tipc/netlink.h': File exists
cp: cannot create regular file '/dev/shm/linux/./net/tipc/node.c': File exists
cp: cannot create regular file '/dev/shm/linux/./net/tipc/socket.c': File exists
cp: cannot create regular file '/dev/shm/linux/./net/tipc/subscr.c': File exists
cp: cannot create regular file '/dev/shm/linux/./net/tipc/sysctl.c': File exists
cp: cannot create regular file '/dev/shm/linux/./net/tipc/topsrv.h': File exists
cp: cannot create regular file '/dev/shm/linux/./net/tipc/trace.h': File exists
cp: cannot create regular file '/dev/shm/linux/./net/tipc/udp_media.h': File exists
cp: cannot create regular file '/dev/shm/linux/./net/tls/Kconfig': File exists
cp: cannot create regular file '/dev/shm/linux/./net/tls/tls.h': File exists
cp: cannot create regular file '/dev/shm/linux/./net/tls/tls_device_fallback.c': File exists
cp: cannot create regular file '/dev/shm/linux/./net/tls/tls_proc.c': File exists
cp: cannot create regular file '/dev/shm/linux/./net/tls/tls_sw.c': File exists
cp: cannot create regular file '/dev/shm/linux/./net/tls/trace.c': File exists
cp: cannot create directory '/dev/shm/linux/./net/vmw_vsock': File exists
cp: cannot create regular file '/dev/shm/linux/./net/wireless/core.h': File exists
cp: cannot create regular file '/dev/shm/linux/./net/wireless/debugfs.h': File exists
cp: cannot create regular file '/dev/shm/linux/./net/wireless/ibss.c': File exists
cp: cannot create regular file '/dev/shm/linux/./net/wireless/michael-mic.c': File exists
cp: cannot create regular file '/dev/shm/linux/./net/wireless/nl80211.c': File exists
cp: cannot create regular file '/dev/shm/linux/./net/wireless/of.c': File exists
cp: cannot create regular file '/dev/shm/linux/./net/wireless/radiotap.c': File exists
cp: cannot create regular file '/dev/shm/linux/./net/wireless/reg.c': File exists
cp: cannot create regular file '/dev/shm/linux/./net/wireless/scan.c': File exists
cp: cannot create regular file '/dev/shm/linux/./net/wireless/sysfs.c': File exists
cp: cannot create directory '/dev/shm/linux/./net/wireless/tests': File exists
cp: cannot create regular file '/dev/shm/linux/./net/wireless/wext-proc.c': File exists
cp: cannot create directory '/dev/shm/linux/./net/x25': File exists
cp: cannot create regular file '/dev/shm/linux/./net/xfrm/trace_iptfs.h': File exists
cp: cannot create regular file '/dev/shm/linux/./net/xfrm/xfrm_device.c': File exists
cp: cannot create regular file '/dev/shm/linux/./net/xfrm/xfrm_hash.h': File exists
cp: cannot create regular file '/dev/shm/linux/./net/xfrm/xfrm_input.c': File exists
cp: cannot create regular file '/dev/shm/linux/./net/xfrm/xfrm_interface_core.c': File exists
cp: cannot create regular file '/dev/shm/linux/./net/xfrm/xfrm_nat_keepalive.c': File exists
cp: cannot create regular file '/dev/shm/linux/./net/xfrm/xfrm_policy.c': File exists
cp: cannot create regular file '/dev/shm/linux/./net/xfrm/xfrm_state.c': File exists
cp: cannot create regular file '/dev/shm/linux/./net/xfrm/xfrm_sysctl.c': File exists
cp: cannot create regular file '/dev/shm/linux/./rust/.kunitconfig': File exists
cp: cannot create regular file '/dev/shm/linux/./rust/bindgen_parameters': File exists
cp: cannot create regular file '/dev/shm/linux/./rust/kernel/fs/kiocb.rs': File exists
cp: cannot create regular file '/dev/shm/linux/./rust/kernel/generated_arch_warn_asm.rs.S': File exists
cp: cannot create regular file '/dev/shm/linux/./rust/kernel/i2c.rs': File exists
cp: cannot create regular file '/dev/shm/linux/./rust/kernel/impl_flags.rs': File exists
cp: cannot create regular file '/dev/shm/linux/./rust/kernel/init.rs': File exists
cp: cannot create regular file '/dev/shm/linux/./rust/kernel/io.rs': File exists
cp: cannot create regular file '/dev/shm/linux/./rust/kernel/jump_label.rs': File exists
cp: cannot create regular file '/dev/shm/linux/./rust/kernel/lib.rs': File exists
cp: cannot create regular file '/dev/shm/linux/./rust/kernel/list/arc_field.rs': File exists
cp: cannot create regular file '/dev/shm/linux/./rust/kernel/maple_tree.rs': File exists
cp: cannot create regular file '/dev/shm/linux/./rust/kernel/mm.rs': File exists
cp: cannot create regular file '/dev/shm/linux/./rust/kernel/net/phy.rs': File exists
cp: cannot create regular file '/dev/shm/linux/./rust/kernel/of.rs': File exists
cp: cannot create regular file '/dev/shm/linux/./rust/kernel/page.rs': File exists
cp: cannot create regular file '/dev/shm/linux/./rust/kernel/pid_namespace.rs': File exists
cp: cannot create regular file '/dev/shm/linux/./rust/kernel/platform.rs': File exists
cp: cannot create regular file '/dev/shm/linux/./rust/kernel/print.rs': File exists
cp: cannot create regular file '/dev/shm/linux/./rust/kernel/ptr.rs': File exists
cp: cannot create regular file '/dev/shm/linux/./rust/kernel/rbtree.rs': File exists
cp: cannot create regular file '/dev/shm/linux/./rust/kernel/revocable.rs': File exists
cp: cannot create regular file '/dev/shm/linux/./rust/kernel/scatterlist.rs': File exists
cp: cannot create regular file '/dev/shm/linux/./rust/kernel/sizes.rs': File exists
cp: cannot create regular file '/dev/shm/linux/./rust/kernel/std_vendor.rs': File exists
cp: cannot create regular file '/dev/shm/linux/./rust/kernel/str/parse_int.rs': File exists
cp: cannot create regular file '/dev/shm/linux/./rust/kernel/sync/arc.rs': File exists
cp: cannot create regular file '/dev/shm/linux/./rust/kernel/sync/atomic.rs': File exists
cp: cannot create regular file '/dev/shm/linux/./rust/kernel/time.rs': File exists
cp: cannot create directory '/dev/shm/linux/./rust/macros': File exists
cp: cannot create regular file '/dev/shm/linux/./rust/proc-macro2/probe/proc_macro_span_location.rs': File exists
cp: cannot create regular file '/dev/shm/linux/./rust/proc-macro2/wrapper.rs': File exists
cp: cannot create regular file '/dev/shm/linux/./rust/syn/data.rs': File exists
cp: cannot create regular file '/dev/shm/linux/./rust/syn/discouraged.rs': File exists
cp: cannot create regular file '/dev/shm/linux/./rust/syn/error.rs': File exists
cp: cannot create regular file '/dev/shm/linux/./rust/syn/export.rs': File exists
cp: cannot create regular file '/dev/shm/linux/./rust/syn/fixup.rs': File exists
cp: cannot create regular file '/dev/shm/linux/./rust/syn/macros.rs': File exists
cp: cannot create regular file '/dev/shm/linux/./rust/syn/op.rs': File exists
cp: cannot create regular file '/dev/shm/linux/./rust/syn/parse_macro_input.rs': File exists
cp: cannot create regular file '/dev/shm/linux/./rust/syn/parse_quote.rs': File exists
cp: cannot create regular file '/dev/shm/linux/./rust/syn/path.rs': File exists
cp: cannot create regular file '/dev/shm/linux/./rust/syn/punctuated.rs': File exists
cp: cannot create regular file '/dev/shm/linux/./rust/syn/scan_expr.rs': File exists
cp: cannot create regular file '/dev/shm/linux/./rust/syn/span.rs': File exists
cp: cannot create regular file '/dev/shm/linux/./rust/syn/stmt.rs': File exists
cp: cannot create regular file '/dev/shm/linux/./rust/syn/token.rs': File exists
cp: cannot create regular file '/dev/shm/linux/./rust/syn/ty.rs': File exists
cp: cannot create regular file '/dev/shm/linux/./rust/syn/whitespace.rs': File exists
cp: cannot create directory '/dev/shm/linux/./rust/uapi': File exists
cp: cannot create directory '/dev/shm/linux/./samples/auxdisplay': File exists
cp: cannot create directory '/dev/shm/linux/./samples/binderfs': File exists
cp: cannot create regular file '/dev/shm/linux/./samples/bpf/asm_goto_workaround.h': File exists
cp: cannot create regular file '/dev/shm/linux/./samples/bpf/cookie_uid_helper_example.c': File exists
cp: cannot create regular file '/dev/shm/linux/./samples/bpf/cpustat_user.c': File exists
cp: cannot create regular file '/dev/shm/linux/./samples/bpf/fds_example.c': File exists
cp: cannot create regular file '/dev/shm/linux/./samples/bpf/gnu/stubs.h': File exists
cp: cannot create regular file '/dev/shm/linux/./samples/bpf/hbm.h': File exists
cp: cannot create regular file '/dev/shm/linux/./samples/bpf/hbm_kern.h': File exists
cp: cannot create regular file '/dev/shm/linux/./samples/bpf/ibumad_kern.c': File exists
cp: cannot create regular file '/dev/shm/linux/./samples/bpf/lathist_kern.c': File exists
cp: cannot create regular file '/dev/shm/linux/./samples/bpf/lwt_len_hist.bpf.c': File exists
cp: cannot create regular file '/dev/shm/linux/./samples/bpf/lwt_len_hist_user.c': File exists
cp: cannot create regular file '/dev/shm/linux/./samples/bpf/map_perf_test.bpf.c': File exists
cp: cannot create regular file '/dev/shm/linux/./samples/bpf/net_shared.h': File exists
cp: cannot create regular file '/dev/shm/linux/./samples/bpf/offwaketime_user.c': File exists
cp: cannot create regular file '/dev/shm/linux/./samples/bpf/parse_varlen.c': File exists
cp: cannot create regular file '/dev/shm/linux/./samples/bpf/sampleip_user.c': File exists
cp: cannot create regular file '/dev/shm/linux/./samples/bpf/sock_example.h': File exists
cp: cannot create regular file '/dev/shm/linux/./samples/bpf/sockex1_user.c': File exists
cp: cannot create regular file '/dev/shm/linux/./samples/bpf/sockex2_user.c': File exists
cp: cannot create regular file '/dev/shm/linux/./samples/bpf/sockex3_user.c': File exists
cp: cannot create regular file '/dev/shm/linux/./samples/bpf/spintest_user.c': File exists
cp: cannot create regular file '/dev/shm/linux/./samples/bpf/syscall_tp_user.c': File exists
cp: cannot create regular file '/dev/shm/linux/./samples/bpf/task_fd_query_user.c': File exists
cp: cannot create regular file '/dev/shm/linux/./samples/bpf/tc_l2_redirect_user.c': File exists
cp: cannot create regular file '/dev/shm/linux/./samples/bpf/tcp_basertt_kern.c': File exists
cp: cannot create regular file '/dev/shm/linux/./samples/bpf/tcp_bufs_kern.c': File exists
cp: cannot create regular file '/dev/shm/linux/./samples/bpf/tcp_clamp_kern.c': File exists
cp: cannot create regular file '/dev/shm/linux/./samples/bpf/tcp_dumpstats_kern.c': File exists
cp: cannot create regular file '/dev/shm/linux/./samples/bpf/tcp_rwnd_kern.c': File exists
cp: cannot create regular file '/dev/shm/linux/./samples/bpf/tcp_tos_reflect_kern.c': File exists
cp: cannot create regular file '/dev/shm/linux/./samples/bpf/test_lru_dist.c': File exists
cp: cannot create regular file '/dev/shm/linux/./samples/bpf/test_lwt_bpf.sh': File exists
cp: cannot create regular file '/dev/shm/linux/./samples/bpf/test_map_in_map_user.c': File exists
cp: cannot create regular file '/dev/shm/linux/./samples/bpf/trace_output.bpf.c': File exists
cp: cannot create regular file '/dev/shm/linux/./samples/bpf/tracex1_user.c': File exists
cp: cannot create regular file '/dev/shm/linux/./samples/bpf/tracex3_user.c': File exists
cp: cannot create regular file '/dev/shm/linux/./samples/bpf/tracex4_user.c': File exists
cp: cannot create regular file '/dev/shm/linux/./samples/bpf/tracex5_user.c': File exists
cp: cannot create regular file '/dev/shm/linux/./samples/bpf/tracex6_user.c': File exists
cp: cannot create regular file '/dev/shm/linux/./samples/bpf/xdp2skb_meta_kern.c': File exists
cp: cannot create regular file '/dev/shm/linux/./samples/bpf/xdp_fwd_kern.c': File exists
cp: cannot create regular file '/dev/shm/linux/./samples/bpf/xdp_router_ipv4.bpf.c': File exists
cp: cannot create regular file '/dev/shm/linux/./samples/bpf/xdp_sample.bpf.c': File exists
cp: cannot create regular file '/dev/shm/linux/./samples/bpf/xdp_sample_user.c': File exists
cp: cannot create regular file '/dev/shm/linux/./samples/bpf/xdp_tx_iptunnel_common.h': File exists
cp: cannot create regular file '/dev/shm/linux/./samples/bpf/xdp_tx_iptunnel_user.c': File exists
cp: cannot create regular file '/dev/shm/linux/./samples/cgroup/Makefile': File exists
cp: cannot create regular file '/dev/shm/linux/./samples/cgroup/memcg_event_listener.c': File exists
cp: cannot create regular file '/dev/shm/linux/./samples/check-exec/Makefile': File exists
cp: cannot create regular file '/dev/shm/linux/./samples/check-exec/run-script-ask.sh': File exists
cp: cannot create regular file '/dev/shm/linux/./samples/check-exec/script-exec.inc': File exists
cp: cannot create regular file '/dev/shm/linux/./samples/check-exec/set-exec.c': File exists
cp: cannot create regular file '/dev/shm/linux/./samples/configfs/Makefile': File exists
cp: cannot create directory '/dev/shm/linux/./samples/connector': File exists
cp: cannot create regular file '/dev/shm/linux/./samples/damon/mtier.c': File exists
cp: cannot create directory '/dev/shm/linux/./samples/fanotify': File exists
cp: cannot create regular file '/dev/shm/linux/./samples/ftrace/ftrace-direct-modify.c': File exists
cp: cannot create regular file '/dev/shm/linux/./samples/ftrace/ftrace-direct-multi.c': File exists
cp: cannot create regular file '/dev/shm/linux/./samples/ftrace/ftrace-direct.c': File exists
cp: cannot create regular file '/dev/shm/linux/./samples/ftrace/sample-trace-array.c': File exists
cp: cannot create directory '/dev/shm/linux/./samples/hidraw': File exists
cp: cannot create directory '/dev/shm/linux/./samples/hung_task': File exists
cp: cannot create directory '/dev/shm/linux/./samples/hw_breakpoint': File exists
cp: cannot create regular file '/dev/shm/linux/./samples/kdb/kdb_hello.c': File exists
cp: cannot create directory '/dev/shm/linux/./samples/kmemleak': File exists
cp: cannot create directory '/dev/shm/linux/./samples/kobject': File exists
cp: cannot create regular file '/dev/shm/linux/./samples/kprobes/kprobe_example.c': File exists
cp: cannot create directory '/dev/shm/linux/./samples/livepatch': File exists
cp: cannot create regular file '/dev/shm/linux/./samples/nitro_enclaves/ne_ioctl_sample.c': File exists
cp: cannot create regular file '/dev/shm/linux/./samples/pfsm/Makefile': File exists
cp: cannot create directory '/dev/shm/linux/./samples/pidfd': File exists
cp: cannot create regular file '/dev/shm/linux/./samples/pktgen/pktgen_bench_xmit_mode_netif_receive.sh': File exists
cp: cannot create regular file '/dev/shm/linux/./samples/pktgen/pktgen_sample01_simple.sh': File exists
cp: cannot create regular file '/dev/shm/linux/./samples/pktgen/pktgen_sample03_burst_single_flow.sh': File exists
cp: cannot create regular file '/dev/shm/linux/./samples/pktgen/pktgen_sample05_flow_per_thread.sh': File exists
cp: cannot create directory '/dev/shm/linux/./samples/qmi': File exists
cp: cannot create regular file '/dev/shm/linux/./samples/rust/Makefile': File exists
cp: cannot create regular file '/dev/shm/linux/./samples/rust/hostprogs/Makefile': File exists
cp: cannot create regular file '/dev/shm/linux/./samples/rust/hostprogs/a.rs': File exists
cp: cannot create regular file '/dev/shm/linux/./samples/rust/hostprogs/b.rs': File exists
cp: cannot create regular file '/dev/shm/linux/./samples/rust/rust_configfs.rs': File exists
cp: cannot create regular file '/dev/shm/linux/./samples/rust/rust_debugfs_scoped.rs': File exists
cp: cannot create regular file '/dev/shm/linux/./samples/rust/rust_driver_auxiliary.rs': File exists
cp: cannot create regular file '/dev/shm/linux/./samples/rust/rust_driver_i2c.rs': File exists
cp: cannot create regular file '/dev/shm/linux/./samples/rust/rust_driver_platform.rs': File exists
cp: cannot create regular file '/dev/shm/linux/./samples/rust/rust_i2c_client.rs': File exists
cp: cannot create regular file '/dev/shm/linux/./samples/rust/rust_misc_device.rs': File exists
cp: cannot create directory '/dev/shm/linux/./samples/seccomp': File exists
cp: cannot create directory '/dev/shm/linux/./samples/trace_printk': File exists
cp: cannot create regular file '/dev/shm/linux/./samples/uhid/uhid-example.c': File exists
cp: cannot create regular file '/dev/shm/linux/./samples/user_events/example.c': File exists
cp: cannot create regular file '/dev/shm/linux/./samples/v4l/Makefile': File exists
cp: cannot create directory '/dev/shm/linux/./samples/vfio-mdev': File exists
cp: cannot create regular file '/dev/shm/linux/./samples/watch_queue/.gitignore': File exists
cp: cannot create regular file '/dev/shm/linux/./samples/watch_queue/watch_test.c': File exists
cp: cannot create regular file '/dev/shm/linux/./samples/watchdog/Makefile': File exists
cp: cannot create regular file '/dev/shm/linux/./scripts/Makefile': File exists
cp: cannot create regular file '/dev/shm/linux/./scripts/Makefile.autofdo': File exists
cp: cannot create regular file '/dev/shm/linux/./scripts/Makefile.btf': File exists
cp: cannot create regular file '/dev/shm/linux/./scripts/Makefile.clang': File exists
cp: cannot create regular file '/dev/shm/linux/./scripts/Makefile.clean': File exists
cp: cannot create regular file '/dev/shm/linux/./scripts/Makefile.context-analysis': File exists
cp: cannot create regular file '/dev/shm/linux/./scripts/Makefile.defconf': File exists
cp: cannot create regular file '/dev/shm/linux/./scripts/Makefile.dtbinst': File exists
cp: cannot create regular file '/dev/shm/linux/./scripts/Makefile.gcc-plugins': File exists
cp: cannot create regular file '/dev/shm/linux/./scripts/Makefile.host': File exists
cp: cannot create regular file '/dev/shm/linux/./scripts/Makefile.kcov': File exists
cp: cannot create regular file '/dev/shm/linux/./scripts/Makefile.kstack_erase': File exists
cp: cannot create regular file '/dev/shm/linux/./scripts/Makefile.modpost': File exists
cp: cannot create regular file '/dev/shm/linux/./scripts/Makefile.propeller': File exists
cp: cannot create regular file '/dev/shm/linux/./scripts/Makefile.ubsan': File exists
cp: cannot create regular file '/dev/shm/linux/./scripts/Makefile.userprogs': File exists
cp: cannot create regular file '/dev/shm/linux/./scripts/Makefile.vmlinux': File exists
cp: cannot create regular file '/dev/shm/linux/./scripts/Makefile.warn': File exists
cp: cannot create regular file '/dev/shm/linux/./scripts/atomic/atomics.tbl': File exists
cp: cannot create directory '/dev/shm/linux/./scripts/atomic/fallbacks': File exists
cp: cannot create regular file '/dev/shm/linux/./scripts/basic/fixdep.c': File exists
cp: cannot create regular file '/dev/shm/linux/./scripts/bootgraph.pl': File exists
cp: cannot create regular file '/dev/shm/linux/./scripts/build-version': File exists
cp: cannot create regular file '/dev/shm/linux/./scripts/cc-can-link.sh': File exists
cp: cannot create regular file '/dev/shm/linux/./scripts/check-function-names.sh': File exists
cp: cannot create regular file '/dev/shm/linux/./scripts/check-sysctl-docs': File exists
cp: cannot create regular file '/dev/shm/linux/./scripts/check_extable.sh': File exists
cp: cannot create regular file '/dev/shm/linux/./scripts/checker-valid.sh': File exists
cp: cannot create regular file '/dev/shm/linux/./scripts/checkkconfigsymbols.py': File exists
cp: cannot create regular file '/dev/shm/linux/./scripts/checkversion.pl': File exists
cp: cannot create directory '/dev/shm/linux/./scripts/clang-tools': File exists
cp: cannot create regular file '/dev/shm/linux/./scripts/gcc-plugins/gcc-generate-gimple-pass.h': File exists
cp: cannot create regular file '/dev/shm/linux/./scripts/gcc-plugins/gcc-generate-rtl-pass.h': File exists
cp: cannot create regular file '/dev/shm/linux/./scripts/gcc-plugins/randomize_layout_plugin.c': File exists
cp: cannot create regular file '/dev/shm/linux/./scripts/gdb/linux/__init__.py': File exists
cp: cannot create regular file '/dev/shm/linux/./scripts/gdb/linux/clk.py': File exists
cp: cannot create regular file '/dev/shm/linux/./scripts/gdb/linux/constants.py.in': File exists
cp: cannot create regular file '/dev/shm/linux/./scripts/gdb/linux/device.py': File exists
cp: cannot create regular file '/dev/shm/linux/./scripts/gdb/linux/genpd.py': File exists
cp: cannot create regular file '/dev/shm/linux/./scripts/gdb/linux/kasan.py': File exists
cp: cannot create regular file '/dev/shm/linux/./scripts/gdb/linux/mapletree.py': File exists
cp: cannot create regular file '/dev/shm/linux/./scripts/gdb/linux/mm.py': File exists
cp: cannot create regular file '/dev/shm/linux/./scripts/gdb/linux/page_owner.py': File exists
cp: cannot create regular file '/dev/shm/linux/./scripts/gdb/linux/proc.py': File exists
cp: cannot create regular file '/dev/shm/linux/./scripts/gdb/linux/rbtree.py': File exists
cp: cannot create regular file '/dev/shm/linux/./scripts/gdb/linux/stackdepot.py': File exists
cp: cannot create regular file '/dev/shm/linux/./scripts/gdb/linux/tasks.py': File exists
cp: cannot create regular file '/dev/shm/linux/./scripts/gdb/linux/utils.py': File exists
cp: cannot create regular file '/dev/shm/linux/./scripts/gdb/linux/vmalloc.py': File exists
cp: cannot create regular file '/dev/shm/linux/./scripts/gdb/vmlinux-gdb.py': File exists
cp: cannot create regular file '/dev/shm/linux/./scripts/gen-crc-consts.py': File exists
cp: cannot create regular file '/dev/shm/linux/./scripts/gen-randstruct-seed.sh': File exists
cp: cannot create regular file '/dev/shm/linux/./scripts/gendwarfksyms/.gitignore': File exists
cp: cannot create regular file '/dev/shm/linux/./scripts/gendwarfksyms/cache.c': File exists
cp: cannot create regular file '/dev/shm/linux/./scripts/gendwarfksyms/dwarf.c': File exists
cp: cannot create regular file '/dev/shm/linux/./scripts/generate_builtin_ranges.awk': File exists
cp: cannot create regular file '/dev/shm/linux/./scripts/generate_rust_target.rs': File exists
cp: cannot create regular file '/dev/shm/linux/./scripts/headers_install.sh': File exists
cp: cannot create regular file '/dev/shm/linux/./scripts/ipe/polgen/polgen.c': File exists
cp: cannot create regular file '/dev/shm/linux/./scripts/kallsyms.c': File exists
cp: cannot create regular file '/dev/shm/linux/./security/apparmor/net.c': File exists
cp: cannot create regular file '/dev/shm/linux/./security/apparmor/path.c': File exists
cp: cannot create regular file '/dev/shm/linux/./security/apparmor/policy_compat.c': File exists
cp: cannot create regular file '/dev/shm/linux/./security/apparmor/policy_unpack.c': File exists
cp: cannot create regular file '/dev/shm/linux/./security/apparmor/procattr.c': File exists
cp: cannot create regular file '/dev/shm/linux/./security/apparmor/secid.c': File exists
cp: cannot create regular file '/dev/shm/linux/./security/apparmor/task.c': File exists
cp: cannot create regular file '/dev/shm/linux/./security/device_cgroup.c': File exists
cp: cannot create regular file '/dev/shm/linux/./security/integrity/Makefile': File exists
cp: cannot create regular file '/dev/shm/linux/./security/integrity/digsig.c': File exists
cp: cannot create regular file '/dev/shm/linux/./security/integrity/digsig_asymmetric.c': File exists
cp: cannot create directory '/dev/shm/linux/./security/integrity/evm': File exists
cp: cannot create regular file '/dev/shm/linux/./security/ipe/digest.c': File exists
cp: cannot create regular file '/dev/shm/linux/./security/ipe/digest.h': File exists
cp: cannot create regular file '/dev/shm/linux/./security/ipe/eval.h': File exists
cp: cannot create regular file '/dev/shm/linux/./security/ipe/fs.h': File exists
cp: cannot create regular file '/dev/shm/linux/./security/ipe/ipe.h': File exists
cp: cannot create regular file '/dev/shm/linux/./security/ipe/policy.h': File exists
cp: cannot create regular file '/dev/shm/linux/./security/ipe/policy_parser.c': File exists
cp: cannot create regular file '/dev/shm/linux/./security/ipe/policy_tests.c': File exists
cp: cannot create regular file '/dev/shm/linux/./security/lockdown/Makefile': File exists
cp: cannot create regular file '/dev/shm/linux/./security/lsm.h': File exists
cp: cannot create regular file '/dev/shm/linux/./security/lsm_init.c': File exists
cp: cannot create regular file '/dev/shm/linux/./security/lsm_syscalls.c': File exists
cp: cannot create regular file '/dev/shm/linux/./security/safesetid/Kconfig': File exists
cp: cannot create regular file '/dev/shm/linux/./security/safesetid/lsm.c': File exists
cp: cannot create regular file '/dev/shm/linux/./security/safesetid/securityfs.c': File exists
cp: cannot create regular file '/dev/shm/linux/./security/selinux/.gitignore': File exists
cp: cannot create regular file '/dev/shm/linux/./security/selinux/Makefile': File exists
cp: cannot create regular file '/dev/shm/linux/./security/selinux/ss/hashtab.h': File exists
cp: cannot create regular file '/dev/shm/linux/./security/selinux/ss/mls.h': File exists
cp: cannot create regular file '/dev/shm/linux/./security/selinux/ss/policydb.c': File exists
cp: cannot create regular file '/dev/shm/linux/./security/selinux/ss/sidtab.h': File exists
cp: cannot create regular file '/dev/shm/linux/./security/selinux/ss/symtab.h': File exists
cp: cannot create regular file '/dev/shm/linux/./security/selinux/xfrm.c': File exists
cp: cannot create regular file '/dev/shm/linux/./security/tomoyo/domain.c': File exists
cp: cannot create regular file '/dev/shm/linux/./security/tomoyo/file.c': File exists
cp: cannot create regular file '/dev/shm/linux/./security/tomoyo/group.c': File exists
cp: cannot create regular file '/dev/shm/linux/./security/tomoyo/memory.c': File exists
cp: cannot create regular file '/dev/shm/linux/./security/tomoyo/realpath.c': File exists
cp: cannot create regular file '/dev/shm/linux/./security/tomoyo/tomoyo.c': File exists
cp: cannot create regular file '/dev/shm/linux/./security/yama/Kconfig': File exists
cp: cannot create regular file '/dev/shm/linux/./security/yama/yama_lsm.c': File exists
cp: cannot create regular file '/dev/shm/linux/./sound/Kconfig': File exists
cp: cannot create regular file '/dev/shm/linux/./sound/Makefile': File exists
cp: cannot create regular file '/dev/shm/linux/./sound/ac97/Kconfig': File exists
cp: cannot create regular file '/dev/shm/linux/./sound/ac97/ac97_core.h': File exists
cp: cannot create regular file '/dev/shm/linux/./sound/ac97/codec.c': File exists
cp: cannot create regular file '/dev/shm/linux/./sound/ac97_bus.c': File exists
cp: cannot create directory '/dev/shm/linux/./sound/aoa': File exists
cp: cannot create regular file '/dev/shm/linux/./sound/core/oss/pcm_oss.c': File exists
cp: cannot create regular file '/dev/shm/linux/./sound/core/oss/rate.c': File exists
cp: cannot create regular file '/dev/shm/linux/./sound/core/pcm_compat.c': File exists
cp: cannot create regular file '/dev/shm/linux/./sound/core/pcm_lib.c': File exists
cp: cannot create regular file '/dev/shm/linux/./sound/core/pcm_memory.c': File exists
cp: cannot create regular file '/dev/shm/linux/./sound/core/pcm_native.c': File exists
cp: cannot create regular file '/dev/shm/linux/./sound/core/pcm_timer.c': File exists
cp: cannot create regular file '/dev/shm/linux/./sound/core/rawmidi.c': File exists
cp: cannot create regular file '/dev/shm/linux/./sound/core/seq_device.c': File exists
cp: cannot create regular file '/dev/shm/linux/./sound/core/sound.c': File exists
cp: cannot create regular file '/dev/shm/linux/./sound/core/sound_kunit.c': File exists
cp: cannot create regular file '/dev/shm/linux/./sound/core/sound_oss.c': File exists
cp: cannot create regular file '/dev/shm/linux/./sound/core/timer.c': File exists
cp: cannot create regular file '/dev/shm/linux/./sound/core/timer_compat.c': File exists
cp: cannot create regular file '/dev/shm/linux/./sound/core/ump.c': File exists
cp: cannot create regular file '/dev/shm/linux/./sound/core/ump_convert.c': File exists
cp: cannot create regular file '/dev/shm/linux/./sound/core/vmaster.c': File exists
cp: cannot create directory '/dev/shm/linux/./sound/drivers': File exists
cp: cannot create regular file '/dev/shm/linux/./sound/firewire/bebob/bebob.c': File exists
cp: cannot create regular file '/dev/shm/linux/./sound/firewire/bebob/bebob_command.c': File exists
cp: cannot create regular file '/dev/shm/linux/./sound/firewire/bebob/bebob_hwdep.c': File exists
cp: cannot create regular file '/dev/shm/linux/./sound/firewire/bebob/bebob_midi.c': File exists
cp: cannot create regular file '/dev/shm/linux/./sound/firewire/bebob/bebob_proc.c': File exists
cp: cannot create regular file '/dev/shm/linux/./sound/firewire/bebob/bebob_terratec.c': File exists
cp: cannot create regular file '/dev/shm/linux/./sound/firewire/cmp.c': File exists
cp: cannot create directory '/dev/shm/linux/./sound/firewire/digi00x': File exists
cp: cannot create regular file '/dev/shm/linux/./sound/firewire/fcp.c': File exists
cp: cannot create regular file '/dev/shm/linux/./sound/firewire/fcp.h': File exists
cp: cannot create directory '/dev/shm/linux/./sound/firewire/fireface': File exists
cp: cannot create regular file '/dev/shm/linux/./sound/firewire/fireworks/fireworks_pcm.c': File exists
cp: cannot create regular file '/dev/shm/linux/./sound/firewire/fireworks/fireworks_stream.c': File exists
cp: cannot create regular file '/dev/shm/linux/./sound/firewire/isight.c': File exists
cp: cannot create regular file '/dev/shm/linux/./sound/firewire/iso-resources.h': File exists
cp: cannot create regular file '/dev/shm/linux/./sound/firewire/lib.c': File exists
cp: cannot create directory '/dev/shm/linux/./sound/firewire/motu': File exists
cp: cannot create regular file '/dev/shm/linux/./sound/firewire/tascam/tascam-midi.c': File exists
cp: cannot create regular file '/dev/shm/linux/./sound/firewire/tascam/tascam-proc.c': File exists
cp: cannot create regular file '/dev/shm/linux/./sound/firewire/tascam/tascam-transaction.c': File exists
cp: cannot create regular file '/dev/shm/linux/./sound/firewire/tascam/tascam.h': File exists
cp: cannot create regular file '/dev/shm/linux/./sound/hda/Makefile': File exists
cp: cannot create regular file '/dev/shm/linux/./sound/hda/codecs/Kconfig': File exists
cp: cannot create regular file '/dev/shm/linux/./sound/hda/codecs/analog.c': File exists
cp: cannot create regular file '/dev/shm/linux/./sound/hda/codecs/ca0132.c': File exists
cp: cannot create regular file '/dev/shm/linux/./sound/hda/codecs/cirrus/Makefile': File exists
cp: cannot create regular file '/dev/shm/linux/./sound/hda/codecs/cirrus/cs421x.c': File exists
cp: cannot create regular file '/dev/shm/linux/./sound/hda/codecs/cirrus/cs8409.c': File exists
cp: cannot create regular file '/dev/shm/linux/./sound/hda/codecs/cm9825.c': File exists
cp: cannot create regular file '/dev/shm/linux/./sound/hda/codecs/conexant.c': File exists
cp: cannot create regular file '/dev/shm/linux/./sound/hda/codecs/generic.h': File exists
cp: cannot create directory '/dev/shm/linux/./sound/hda/codecs/hdmi': File exists
cp: cannot create regular file '/dev/shm/linux/./sound/hda/codecs/realtek/alc680.c': File exists
cp: cannot create regular file '/dev/shm/linux/./sound/hda/codecs/realtek/alc861.c': File exists
cp: cannot create regular file '/dev/shm/linux/./sound/hda/codecs/realtek/alc880.c': File exists
cp: cannot create regular file '/dev/shm/linux/./sound/hda/codecs/realtek/realtek.c': File exists
cp: cannot create regular file '/dev/shm/linux/./sound/hda/codecs/si3054.c': File exists
cp: cannot create regular file '/dev/shm/linux/./sound/hda/codecs/side-codecs/Kconfig': File exists
cp: cannot create regular file '/dev/shm/linux/./sound/hda/codecs/side-codecs/cirrus_scodec.c': File exists
cp: cannot create regular file '/dev/shm/linux/./sound/hda/codecs/side-codecs/cirrus_scodec.h': File exists
cp: cannot create regular file '/dev/shm/linux/./sound/hda/codecs/side-codecs/cs35l41_hda.c': File exists
cp: cannot create regular file '/dev/shm/linux/./sound/hda/codecs/side-codecs/cs35l41_hda_i2c.c': File exists
cp: cannot create regular file '/dev/shm/linux/./sound/hda/codecs/side-codecs/cs35l41_hda_property.c': File exists
cp: cannot create regular file '/dev/shm/linux/./sound/hda/codecs/side-codecs/cs35l41_hda_spi.c': File exists
cp: cannot create regular file '/dev/shm/linux/./sound/hda/codecs/side-codecs/cs35l56_hda.h': File exists
cp: cannot create regular file '/dev/shm/linux/./sound/hda/codecs/side-codecs/cs35l56_hda_i2c.c': File exists
cp: cannot create regular file '/dev/shm/linux/./sound/hda/codecs/side-codecs/hda_component.c': File exists
cp: cannot create regular file '/dev/shm/linux/./sound/hda/codecs/side-codecs/tas2781_hda.h': File exists
cp: cannot create regular file '/dev/shm/linux/./sound/hda/codecs/side-codecs/tas2781_hda_spi.c': File exists
cp: cannot create regular file '/dev/shm/linux/./sound/hda/codecs/via.c': File exists
cp: cannot create regular file '/dev/shm/linux/./sound/hda/common/Kconfig': File exists
cp: cannot create regular file '/dev/shm/linux/./sound/hda/common/auto_parser.c': File exists
cp: cannot create regular file '/dev/shm/linux/./sound/hda/common/bind.c': File exists
cp: cannot create regular file '/dev/shm/linux/./sound/hda/common/controller.c': File exists
cp: cannot create regular file '/dev/shm/linux/./sound/hda/common/hda_auto_parser.h': File exists
cp: cannot create regular file '/dev/shm/linux/./sound/hda/common/hda_controller.h': File exists
cp: cannot create regular file '/dev/shm/linux/./sound/hda/common/hda_local.h': File exists
cp: cannot create regular file '/dev/shm/linux/./sound/hda/common/jack.c': File exists
cp: cannot create regular file '/dev/shm/linux/./sound/hda/common/sysfs.c': File exists
cp: cannot create regular file '/dev/shm/linux/./sound/hda/controllers/Makefile': File exists
cp: cannot create regular file '/dev/shm/linux/./sound/hda/controllers/cix-ipbloq.c': File exists
cp: cannot create regular file '/dev/shm/linux/./sound/hda/controllers/intel.h': File exists
cp: cannot create regular file '/dev/shm/linux/./sound/hda/controllers/tegra.c': File exists
cp: cannot create regular file '/dev/shm/linux/./sound/hda/core/Kconfig': File exists
cp: cannot create regular file '/dev/shm/linux/./sound/hda/core/array.c': File exists
cp: cannot create regular file '/dev/shm/linux/./sound/hda/core/component.c': File exists
cp: cannot create regular file '/dev/shm/linux/./sound/hda/core/device.c': File exists
cp: cannot create regular file '/dev/shm/linux/./sound/hda/core/ext/bus.c': File exists
cp: cannot create regular file '/dev/shm/linux/./sound/hda/core/ext/stream.c': File exists
cp: cannot create regular file '/dev/shm/linux/./sound/hda/core/hdmi_chmap.c': File exists
cp: cannot create regular file '/dev/shm/linux/./sound/hda/core/intel-dsp-config.c': File exists
cp: cannot create regular file '/dev/shm/linux/./sound/hda/core/intel-sdw-acpi.c': File exists
cp: cannot create regular file '/dev/shm/linux/./sound/hda/core/regmap.c': File exists
cp: cannot create regular file '/dev/shm/linux/./sound/hda/core/sysfs.c': File exists
cp: cannot create regular file '/dev/shm/linux/./sound/hda/core/trace.h': File exists
cp: cannot create regular file '/dev/shm/linux/./sound/i2c/Makefile': File exists
cp: cannot create regular file '/dev/shm/linux/./sound/i2c/i2c.c': File exists
cp: cannot create regular file '/dev/shm/linux/./sound/i2c/other/Makefile': File exists
cp: cannot create regular file '/dev/shm/linux/./sound/i2c/other/ak4117.c': File exists
cp: cannot create regular file '/dev/shm/linux/./sound/i2c/other/pt2258.c': File exists
cp: cannot create directory '/dev/shm/linux/./sound/isa': File exists
cp: cannot create directory '/dev/shm/linux/./sound/pci/aw2': File exists
cp: cannot create regular file '/dev/shm/linux/./sound/pci/ca0106/ca0106_main.c': File exists
cp: cannot create regular file '/dev/shm/linux/./sound/pci/ca0106/ca0106_proc.c': File exists
cp: cannot create regular file '/dev/shm/linux/./sound/pci/ca0106/ca_midi.h': File exists
cp: cannot create regular file '/dev/shm/linux/./sound/pci/cs4281.c': File exists
cp: cannot create regular file '/dev/shm/linux/./sound/pci/cs46xx/Makefile': File exists
cp: cannot create regular file '/dev/shm/linux/./sound/pci/cs46xx/cs46xx.c': File exists
cp: cannot create regular file '/dev/shm/linux/./sound/pci/cs46xx/cs46xx_dsp_scb_types.h': File exists
cp: cannot create regular file '/dev/shm/linux/./sound/pci/cs46xx/cs46xx_dsp_task_types.h': File exists
cp: cannot create regular file '/dev/shm/linux/./sound/pci/cs46xx/cs46xx_lib.h': File exists
cp: cannot create regular file '/dev/shm/linux/./sound/pci/cs46xx/dsp_spos.h': File exists
cp: cannot create regular file '/dev/shm/linux/./sound/pci/cs5530.c': File exists
cp: cannot create regular file '/dev/shm/linux/./sound/pci/cs5535audio/Makefile': File exists
cp: cannot create regular file '/dev/shm/linux/./sound/pci/cs5535audio/cs5535audio.h': File exists
cp: cannot create regular file '/dev/shm/linux/./sound/pci/cs5535audio/cs5535audio_pcm.c': File exists
cp: cannot create directory '/dev/shm/linux/./sound/pci/ctxfi': File exists
cp: cannot create regular file '/dev/shm/linux/./sound/pci/echoaudio/mia.c': File exists
cp: cannot create regular file '/dev/shm/linux/./sound/pci/echoaudio/mia_dsp.c': File exists
cp: cannot create regular file '/dev/shm/linux/./sound/pci/echoaudio/mona.c': File exists
cp: cannot create directory '/dev/shm/linux/./sound/pci/emu10k1': File exists
cp: cannot create regular file '/dev/shm/linux/./sound/pci/ice1712/juli.h': File exists
cp: cannot create regular file '/dev/shm/linux/./sound/pci/ice1712/maya44.c': File exists
cp: cannot create regular file '/dev/shm/linux/./sound/pci/ice1712/phase.c': File exists
cp: cannot create regular file '/dev/shm/linux/./sound/pci/ice1712/pontis.h': File exists
cp: cannot create regular file '/dev/shm/linux/./sound/pci/ice1712/prodigy192.c': File exists
cp: cannot create regular file '/dev/shm/linux/./sound/pci/ice1712/prodigy_hifi.c': File exists
cp: cannot create regular file '/dev/shm/linux/./sound/pci/ice1712/psc724.c': File exists
cp: cannot create regular file '/dev/shm/linux/./sound/pci/ice1712/quartet.c': File exists
cp: cannot create regular file '/dev/shm/linux/./sound/pci/ice1712/revo.h': File exists
cp: cannot create regular file '/dev/shm/linux/./sound/pci/ice1712/se.c': File exists
cp: cannot create regular file '/dev/shm/linux/./sound/pci/ice1712/stac946x.h': File exists
cp: cannot create regular file '/dev/shm/linux/./sound/pci/ice1712/vt1720_mobo.h': File exists
cp: cannot create regular file '/dev/shm/linux/./sound/pci/ice1712/wm8766.h': File exists
cp: cannot create regular file '/dev/shm/linux/./sound/pci/ice1712/wm8776.h': File exists
cp: cannot create regular file '/dev/shm/linux/./sound/pci/ice1712/wtm.h': File exists
cp: cannot create regular file '/dev/shm/linux/./sound/pci/intel8x0m.c': File exists
cp: cannot create regular file '/dev/shm/linux/./sound/pci/korg1212/Makefile': File exists
cp: cannot create directory '/dev/shm/linux/./sound/pci/lola': File exists
cp: cannot create directory '/dev/shm/linux/./sound/pci/mixart': File exists
cp: cannot create regular file '/dev/shm/linux/./sound/pci/oxygen/oxygen.c': File exists
cp: cannot create regular file '/dev/shm/linux/./sound/pci/oxygen/oxygen_io.c': File exists
cp: cannot create regular file '/dev/shm/linux/./sound/pci/oxygen/oxygen_mixer.c': File exists
cp: cannot create regular file '/dev/shm/linux/./sound/pci/oxygen/oxygen_regs.h': File exists
cp: cannot create regular file '/dev/shm/linux/./sound/pci/oxygen/se6x.c': File exists
cp: cannot create regular file '/dev/shm/linux/./sound/pci/oxygen/wm8776.h': File exists
cp: cannot create regular file '/dev/shm/linux/./sound/pci/oxygen/xonar.h': File exists
cp: cannot create regular file '/dev/shm/linux/./sound/pci/oxygen/xonar_dg.h': File exists
cp: cannot create regular file '/dev/shm/linux/./sound/pci/oxygen/xonar_dg_mixer.c': File exists
cp: cannot create regular file '/dev/shm/linux/./sound/pci/oxygen/xonar_lib.c': File exists
cp: cannot create regular file '/dev/shm/linux/./sound/pci/oxygen/xonar_wm87x6.c': File exists
cp: cannot create regular file '/dev/shm/linux/./sound/pci/pcxhr/Makefile': File exists
cp: cannot create regular file '/dev/shm/linux/./sound/pci/pcxhr/pcxhr.h': File exists
cp: cannot create regular file '/dev/shm/linux/./sound/pci/pcxhr/pcxhr_core.h': File exists
cp: cannot create regular file '/dev/shm/linux/./sound/pci/pcxhr/pcxhr_hwdep.h': File exists
cp: cannot create regular file '/dev/shm/linux/./sound/pci/pcxhr/pcxhr_mix22.h': File exists
cp: cannot create regular file '/dev/shm/linux/./sound/pci/pcxhr/pcxhr_mixer.h': File exists
cp: cannot create directory '/dev/shm/linux/./sound/pci/riptide': File exists
cp: cannot create regular file '/dev/shm/linux/./sound/pci/rme9652/hdsp.c': File exists
cp: cannot create regular file '/dev/shm/linux/./sound/pci/rme9652/rme9652.c': File exists
cp: cannot create regular file '/dev/shm/linux/./sound/pci/sis7019.h': File exists
cp: cannot create directory '/dev/shm/linux/./sound/pci/trident': File exists
cp: cannot create regular file '/dev/shm/linux/./sound/pci/vx222/vx222_ops.c': File exists
cp: cannot create regular file '/dev/shm/linux/./sound/pci/ymfpci/Makefile': File exists
cp: cannot create regular file '/dev/shm/linux/./sound/pci/ymfpci/ymfpci_main.c': File exists
cp: cannot create regular file '/dev/shm/linux/./sound/pcmcia/Kconfig': File exists
cp: cannot create directory '/dev/shm/linux/./sound/pcmcia/vx': File exists
cp: cannot create directory '/dev/shm/linux/./sound/ppc': File exists
cp: cannot create regular file '/dev/shm/linux/./sound/soc/amd/acp-pcm-dma.c': File exists
cp: cannot create directory '/dev/shm/linux/./sound/soc/amd/acp': File exists
cp: cannot create regular file '/dev/shm/linux/./sound/soc/amd/vangogh/acp5x-pcm-dma.c': File exists
cp: cannot create regular file '/dev/shm/linux/./sound/soc/amd/vangogh/pci-acp5x.c': File exists
cp: cannot create directory '/dev/shm/linux/./sound/soc/amd/yc': File exists
cp: cannot create regular file '/dev/shm/linux/./sound/soc/atmel/atmel-classd.h': File exists
cp: cannot create regular file '/dev/shm/linux/./sound/soc/atmel/atmel-pcm-dma.c': File exists
cp: cannot create regular file '/dev/shm/linux/./sound/soc/atmel/atmel-pcm.h': File exists
cp: cannot create regular file '/dev/shm/linux/./sound/soc/atmel/atmel-pdmic.h': File exists
cp: cannot create regular file '/dev/shm/linux/./sound/soc/atmel/atmel_wm8904.c': File exists
cp: cannot create regular file '/dev/shm/linux/./sound/soc/atmel/mchp-pdmc.c': File exists
cp: cannot create regular file '/dev/shm/linux/./sound/soc/atmel/mchp-spdiftx.c': File exists
cp: cannot create regular file '/dev/shm/linux/./sound/soc/atmel/sam9g20_wm8731.c': File exists
cp: cannot create regular file '/dev/shm/linux/./sound/soc/atmel/tse850-pcm5142.c': File exists
cp: cannot create regular file '/dev/shm/linux/./sound/soc/au1x/Kconfig': File exists
cp: cannot create regular file '/dev/shm/linux/./sound/soc/au1x/ac97c.c': File exists
cp: cannot create regular file '/dev/shm/linux/./sound/soc/au1x/db1200.c': File exists
cp: cannot create regular file '/dev/shm/linux/./sound/soc/au1x/dma.c': File exists
cp: cannot create regular file '/dev/shm/linux/./sound/soc/au1x/psc-ac97.c': File exists
cp: cannot create regular file '/dev/shm/linux/./sound/soc/au1x/psc.h': File exists
cp: cannot create regular file '/dev/shm/linux/./sound/soc/bcm/bcm2835-i2s.c': File exists
cp: cannot create regular file '/dev/shm/linux/./sound/soc/bcm/bcm63xx-i2s.h': File exists
cp: cannot create regular file '/dev/shm/linux/./sound/soc/bcm/cygnus-pcm.c': File exists
cp: cannot create regular file '/dev/shm/linux/./sound/soc/bcm/cygnus-ssp.h': File exists
cp: cannot create directory '/dev/shm/linux/./sound/soc/cirrus': File exists
cp: cannot create regular file '/dev/shm/linux/./sound/soc/codecs/ab8500-codec.c': File exists
cp: cannot create regular file '/dev/shm/linux/./sound/soc/codecs/ac97.c': File exists
cp: cannot create regular file '/dev/shm/linux/./sound/soc/codecs/ad1836.h': File exists
cp: cannot create regular file '/dev/shm/linux/./sound/soc/codecs/ad193x-spi.c': File exists
cp: cannot create regular file '/dev/shm/linux/./sound/soc/codecs/ad193x.h': File exists
cp: cannot create regular file '/dev/shm/linux/./sound/soc/codecs/ad73311.c': File exists
cp: cannot create regular file '/dev/shm/linux/./sound/soc/codecs/adau-utils.c': File exists
cp: cannot create regular file '/dev/shm/linux/./sound/soc/codecs/adau1372-i2c.c': File exists
cp: cannot create regular file '/dev/shm/linux/./sound/soc/codecs/adau1372-spi.c': File exists
cp: cannot create regular file '/dev/shm/linux/./sound/soc/codecs/adau1372.h': File exists
cp: cannot create regular file '/dev/shm/linux/./sound/soc/codecs/adau1373.h': File exists
cp: cannot create regular file '/dev/shm/linux/./sound/soc/codecs/adau1701.h': File exists
cp: cannot create regular file '/dev/shm/linux/./sound/soc/codecs/adau1761-spi.c': File exists
cp: cannot create regular file '/dev/shm/linux/./sound/soc/codecs/adau1761.h': File exists
cp: cannot create regular file '/dev/shm/linux/./sound/soc/codecs/adau1781-spi.c': File exists
cp: cannot create regular file '/dev/shm/linux/./sound/soc/codecs/adau1781.h': File exists
cp: cannot create regular file '/dev/shm/linux/./sound/soc/codecs/adau17x1.h': File exists
cp: cannot create regular file '/dev/shm/linux/./sound/soc/codecs/adau1977-spi.c': File exists
cp: cannot create regular file '/dev/shm/linux/./sound/soc/codecs/adau1977.h': File exists
cp: cannot create regular file '/dev/shm/linux/./sound/soc/codecs/adau7118-hw.c': File exists
cp: cannot create regular file '/dev/shm/linux/./sound/soc/codecs/adau7118.c': File exists
cp: cannot create regular file '/dev/shm/linux/./sound/soc/codecs/adav801.c': File exists
cp: cannot create regular file '/dev/shm/linux/./sound/soc/codecs/adav803.c': File exists
cp: cannot create regular file '/dev/shm/linux/./sound/soc/codecs/adav80x.h': File exists
cp: cannot create regular file '/dev/shm/linux/./sound/soc/codecs/ads117x.c': File exists
cp: cannot create regular file '/dev/shm/linux/./sound/soc/codecs/ak4118.c': File exists
cp: cannot create regular file '/dev/shm/linux/./sound/soc/codecs/ak4458.c': File exists
cp: cannot create regular file '/dev/shm/linux/./sound/soc/codecs/ak4535.c': File exists
cp: cannot create regular file '/dev/shm/linux/./sound/soc/codecs/ak4554.c': File exists
cp: cannot create regular file '/dev/shm/linux/./sound/soc/codecs/ak4619.c': File exists
cp: cannot create regular file '/dev/shm/linux/./sound/soc/codecs/ak4671.c': File exists
cp: cannot create regular file '/dev/shm/linux/./sound/soc/codecs/ak5386.c': File exists
cp: cannot create regular file '/dev/shm/linux/./sound/soc/codecs/ak5558.h': File exists
cp: cannot create regular file '/dev/shm/linux/./sound/soc/codecs/alc5623.h': File exists
cp: cannot create regular file '/dev/shm/linux/./sound/soc/codecs/arizona-jack.c': File exists
cp: cannot create regular file '/dev/shm/linux/./sound/soc/codecs/arizona.h': File exists
cp: cannot create regular file '/dev/shm/linux/./sound/soc/codecs/aw8738.c': File exists
cp: cannot create regular file '/dev/shm/linux/./sound/soc/codecs/aw87390.h': File exists
cp: cannot create regular file '/dev/shm/linux/./sound/soc/codecs/aw88081.h': File exists
cp: cannot create regular file '/dev/shm/linux/./sound/soc/codecs/aw88166.h': File exists
cp: cannot create regular file '/dev/shm/linux/./sound/soc/codecs/aw88261.h': File exists
cp: cannot create regular file '/dev/shm/linux/./sound/soc/codecs/aw88395/aw88395.h': File exists
cp: cannot create regular file '/dev/shm/linux/./sound/soc/codecs/aw88395/aw88395_device.c': File exists
cp: cannot create regular file '/dev/shm/linux/./sound/soc/codecs/aw88395/aw88395_lib.h': File exists
cp: cannot create regular file '/dev/shm/linux/./sound/soc/codecs/aw88399.c': File exists
cp: cannot create regular file '/dev/shm/linux/./sound/soc/codecs/bd28623.c': File exists
cp: cannot create regular file '/dev/shm/linux/./sound/soc/codecs/chv3-codec.c': File exists
cp: cannot create regular file '/dev/shm/linux/./sound/soc/codecs/cq93vc.c': File exists
cp: cannot create regular file '/dev/shm/linux/./sound/soc/codecs/cs-amp-lib-test.c': File exists
cp: cannot create regular file '/dev/shm/linux/./sound/soc/codecs/cs35l32.c': File exists
cp: cannot create regular file '/dev/shm/linux/./sound/soc/codecs/cs35l33.c': File exists
cp: cannot create regular file '/dev/shm/linux/./sound/soc/codecs/cs35l34.c': File exists
cp: cannot create regular file '/dev/shm/linux/./sound/soc/codecs/cs35l35.c': File exists
cp: cannot create regular file '/dev/shm/linux/./sound/soc/codecs/cs35l36.c': File exists
cp: cannot create regular file '/dev/shm/linux/./sound/soc/codecs/cs35l41-i2c.c': File exists
cp: cannot create regular file '/dev/shm/linux/./sound/soc/codecs/cs35l41-spi.c': File exists
cp: cannot create regular file '/dev/shm/linux/./sound/soc/codecs/cs35l41.h': File exists
cp: cannot create regular file '/dev/shm/linux/./sound/soc/codecs/cs35l45-spi.c': File exists
cp: cannot create regular file '/dev/shm/linux/./sound/soc/codecs/cs35l45.c': File exists
cp: cannot create regular file '/dev/shm/linux/./sound/soc/codecs/cs35l56-i2c.c': File exists
cp: cannot create regular file '/dev/shm/linux/./sound/soc/codecs/cs35l56-sdw.c': File exists
cp: cannot create regular file '/dev/shm/linux/./sound/soc/codecs/cs35l56-shared.c': File exists
cp: cannot create regular file '/dev/shm/linux/./sound/soc/codecs/cs35l56-test.c': File exists
cp: cannot create regular file '/dev/shm/linux/./sound/soc/codecs/cs35l56.h': File exists
cp: cannot create regular file '/dev/shm/linux/./sound/soc/codecs/cs4234.c': File exists
cp: cannot create regular file '/dev/shm/linux/./sound/soc/codecs/cs4265.c': File exists
cp: cannot create regular file '/dev/shm/linux/./sound/soc/codecs/cs4270.c': File exists
cp: cannot create regular file '/dev/shm/linux/./sound/soc/codecs/cs4271.c': File exists
cp: cannot create regular file '/dev/shm/linux/./sound/soc/codecs/cs42l42-i2c.c': File exists
cp: cannot create regular file '/dev/shm/linux/./sound/soc/codecs/cs42l42.c': File exists
cp: cannot create regular file '/dev/shm/linux/./sound/soc/codecs/cs42l43-jack.c': File exists
cp: cannot create regular file '/dev/shm/linux/./sound/soc/codecs/cs42l43.c': File exists
cp: cannot create regular file '/dev/shm/linux/./sound/soc/codecs/cs42l51.c': File exists
cp: cannot create regular file '/dev/shm/linux/./sound/soc/codecs/cs42l52.c': File exists
cp: cannot create regular file '/dev/shm/linux/./sound/soc/codecs/cs42l56.c': File exists
cp: cannot create regular file '/dev/shm/linux/./sound/soc/codecs/cs42l73.c': File exists
cp: cannot create regular file '/dev/shm/linux/./sound/soc/codecs/cs42l83-i2c.c': File exists
cp: cannot create regular file '/dev/shm/linux/./sound/soc/codecs/cs42l84.h': File exists
cp: cannot create regular file '/dev/shm/linux/./sound/soc/codecs/cs42xx8.c': File exists
cp: cannot create regular file '/dev/shm/linux/./sound/soc/codecs/cs43130.c': File exists
cp: cannot create regular file '/dev/shm/linux/./sound/soc/codecs/cs4341.c': File exists
cp: cannot create regular file '/dev/shm/linux/./sound/soc/codecs/cs4349.h': File exists
cp: cannot create regular file '/dev/shm/linux/./sound/soc/codecs/cs47l24.c': File exists
cp: cannot create regular file '/dev/shm/linux/./sound/soc/codecs/cs47l85.c': File exists
cp: cannot create regular file '/dev/shm/linux/./sound/soc/codecs/cs47l92.c': File exists
cp: cannot create regular file '/dev/shm/linux/./sound/soc/codecs/cs48l32.c': File exists
cp: cannot create regular file '/dev/shm/linux/./sound/soc/codecs/cs530x-i2c.c': File exists
cp: cannot create regular file '/dev/shm/linux/./sound/soc/codecs/cs530x.c': File exists
cp: cannot create regular file '/dev/shm/linux/./sound/soc/codecs/cs53l30.c': File exists
cp: cannot create regular file '/dev/shm/linux/./sound/soc/codecs/cx20442.c': File exists
cp: cannot create regular file '/dev/shm/linux/./sound/soc/codecs/cx2072x.c': File exists
cp: cannot create regular file '/dev/shm/linux/./sound/soc/codecs/da7210.c': File exists
cp: cannot create regular file '/dev/shm/linux/./sound/soc/codecs/da7213.h': File exists
cp: cannot create regular file '/dev/shm/linux/./sound/soc/codecs/da7218.h': File exists
cp: cannot create regular file '/dev/shm/linux/./sound/soc/codecs/da7219-aad.h': File exists
cp: cannot create regular file '/dev/shm/linux/./sound/soc/codecs/da7219.h': File exists
cp: cannot create regular file '/dev/shm/linux/./sound/soc/codecs/da732x.h': File exists
cp: cannot create regular file '/dev/shm/linux/./sound/soc/codecs/da9055.c': File exists
cp: cannot create regular file '/dev/shm/linux/./sound/soc/codecs/es7134.c': File exists
cp: cannot create regular file '/dev/shm/linux/./sound/soc/codecs/es8311.c': File exists
cp: cannot create regular file '/dev/shm/linux/./sound/soc/codecs/es8316.c': File exists
cp: cannot create regular file '/dev/shm/linux/./sound/soc/codecs/es8323.c': File exists
cp: cannot create regular file '/dev/shm/linux/./sound/soc/codecs/es8326.c': File exists
cp: cannot create regular file '/dev/shm/linux/./sound/soc/codecs/es8328-spi.c': File exists
cp: cannot create regular file '/dev/shm/linux/./sound/soc/codecs/es8328.h': File exists
cp: cannot create regular file '/dev/shm/linux/./sound/soc/codecs/es8375.h': File exists
cp: cannot create regular file '/dev/shm/linux/./sound/soc/codecs/es83xx-dsm-common.c': File exists
cp: cannot create regular file '/dev/shm/linux/./sound/soc/codecs/fs-amp-lib.c': File exists
cp: cannot create regular file '/dev/shm/linux/./sound/soc/codecs/fs210x.c': File exists
cp: cannot create regular file '/dev/shm/linux/./sound/soc/codecs/gtm601.c': File exists
cp: cannot create regular file '/dev/shm/linux/./sound/soc/codecs/hda.h': File exists
cp: cannot create regular file '/dev/shm/linux/./sound/soc/codecs/hdac_hda.c': File exists
cp: cannot create regular file '/dev/shm/linux/./sound/soc/codecs/hdac_hdmi.c': File exists
cp: cannot create regular file '/dev/shm/linux/./sound/soc/codecs/ics43432.c': File exists
cp: cannot create regular file '/dev/shm/linux/./sound/soc/codecs/inno_rk3036.c': File exists
cp: cannot create regular file '/dev/shm/linux/./sound/soc/codecs/isabelle.c': File exists
cp: cannot create regular file '/dev/shm/linux/./sound/soc/codecs/jz4725b.c': File exists
cp: cannot create regular file '/dev/shm/linux/./sound/soc/codecs/jz4760.c': File exists
cp: cannot create regular file '/dev/shm/linux/./sound/soc/codecs/lm4857.c': File exists
cp: cannot create regular file '/dev/shm/linux/./sound/soc/codecs/lm49453.h': File exists
cp: cannot create regular file '/dev/shm/linux/./sound/soc/codecs/lpass-macro-common.c': File exists
cp: cannot create regular file '/dev/shm/linux/./sound/soc/codecs/lpass-rx-macro.c': File exists
cp: cannot create regular file '/dev/shm/linux/./sound/soc/codecs/lpass-va-macro.c': File exists
cp: cannot create regular file '/dev/shm/linux/./sound/soc/codecs/lpass-wsa-macro.h': File exists
cp: cannot create regular file '/dev/shm/linux/./sound/soc/codecs/madera.c': File exists
cp: cannot create regular file '/dev/shm/linux/./sound/soc/codecs/max9759.c': File exists
cp: cannot create regular file '/dev/shm/linux/./sound/soc/codecs/max98088.c': File exists
cp: cannot create regular file '/dev/shm/linux/./sound/soc/codecs/max98090.c': File exists
cp: cannot create regular file '/dev/shm/linux/./sound/soc/codecs/max98095.c': File exists
cp: cannot create regular file '/dev/shm/linux/./sound/soc/codecs/max98357a.c': File exists
cp: cannot create regular file '/dev/shm/linux/./sound/soc/codecs/max98371.h': File exists
cp: cannot create regular file '/dev/shm/linux/./sound/soc/codecs/max98373-sdw.c': File exists
cp: cannot create regular file '/dev/shm/linux/./sound/soc/codecs/max98373.h': File exists
cp: cannot create regular file '/dev/shm/linux/./sound/soc/codecs/max98388.h': File exists
cp: cannot create regular file '/dev/shm/linux/./sound/soc/codecs/max98390.h': File exists
cp: cannot create regular file '/dev/shm/linux/./sound/soc/codecs/max98396.h': File exists
cp: cannot create regular file '/dev/shm/linux/./sound/soc/codecs/max9850.h': File exists
cp: cannot create regular file '/dev/shm/linux/./sound/soc/codecs/max98504.h': File exists
cp: cannot create regular file '/dev/shm/linux/./sound/soc/codecs/max98520.h': File exists
cp: cannot create regular file '/dev/shm/linux/./sound/soc/codecs/max9860.h': File exists
cp: cannot create regular file '/dev/shm/linux/./sound/soc/codecs/max9867.h': File exists
cp: cannot create regular file '/dev/shm/linux/./sound/soc/codecs/max9877.h': File exists
cp: cannot create regular file '/dev/shm/linux/./sound/soc/codecs/max98925.h': File exists
cp: cannot create regular file '/dev/shm/linux/./sound/soc/codecs/max98927.c': File exists
cp: cannot create regular file '/dev/shm/linux/./sound/soc/codecs/mc13783.c': File exists
cp: cannot create regular file '/dev/shm/linux/./sound/soc/codecs/ml26124.c': File exists
cp: cannot create regular file '/dev/shm/linux/./sound/soc/codecs/msm8916-wcd-analog.c': File exists
cp: cannot create regular file '/dev/shm/linux/./sound/soc/codecs/mt6351.c': File exists
cp: cannot create regular file '/dev/shm/linux/./sound/soc/codecs/mt6357.c': File exists
cp: cannot create regular file '/dev/shm/linux/./sound/soc/codecs/mt6358.c': File exists
cp: cannot create regular file '/dev/shm/linux/./sound/soc/codecs/mt6359-accdet.c': File exists
cp: cannot create regular file '/dev/shm/linux/./sound/soc/codecs/mt6359.c': File exists
cp: cannot create regular file '/dev/shm/linux/./sound/soc/codecs/mt6660.c': File exists
cp: cannot create regular file '/dev/shm/linux/./sound/soc/codecs/nau8315.c': File exists
cp: cannot create regular file '/dev/shm/linux/./sound/soc/codecs/nau8325.h': File exists
cp: cannot create regular file '/dev/shm/linux/./sound/soc/codecs/nau8540.h': File exists
cp: cannot create regular file '/dev/shm/linux/./sound/soc/codecs/nau8810.h': File exists
cp: cannot create regular file '/dev/shm/linux/./sound/soc/codecs/nau8821.h': File exists
cp: cannot create regular file '/dev/shm/linux/./sound/soc/codecs/nau8822.h': File exists
cp: cannot create regular file '/dev/shm/linux/./sound/soc/codecs/nau8824.h': File exists
cp: cannot create regular file '/dev/shm/linux/./sound/soc/codecs/nau8825.h': File exists
cp: cannot create regular file '/dev/shm/linux/./sound/soc/codecs/ntp8835.c': File exists
cp: cannot create regular file '/dev/shm/linux/./sound/soc/codecs/ntpfw.c': File exists
cp: cannot create regular file '/dev/shm/linux/./sound/soc/codecs/pcm1681.c': File exists
cp: cannot create regular file '/dev/shm/linux/./sound/soc/codecs/pcm1789-i2c.c': File exists
cp: cannot create regular file '/dev/shm/linux/./sound/soc/codecs/pcm1789.h': File exists
cp: cannot create regular file '/dev/shm/linux/./sound/soc/codecs/pcm179x-spi.c': File exists
cp: cannot create regular file '/dev/shm/linux/./sound/soc/codecs/pcm186x-i2c.c': File exists
cp: cannot create regular file '/dev/shm/linux/./sound/soc/codecs/pcm186x.h': File exists
cp: cannot create regular file '/dev/shm/linux/./sound/soc/codecs/pcm3060-i2c.c': File exists
cp: cannot create regular file '/dev/shm/linux/./sound/soc/codecs/pcm3060.h': File exists
cp: cannot create regular file '/dev/shm/linux/./sound/soc/codecs/pcm3168a-spi.c': File exists
cp: cannot create regular file '/dev/shm/linux/./sound/soc/codecs/pcm3168a.h': File exists
cp: cannot create regular file '/dev/shm/linux/./sound/soc/codecs/pcm512x-i2c.c': File exists
cp: cannot create regular file '/dev/shm/linux/./sound/soc/codecs/pcm512x.c': File exists
cp: cannot create regular file '/dev/shm/linux/./sound/soc/codecs/pcm6240.c': File exists
cp: cannot create regular file '/dev/shm/linux/./sound/soc/codecs/peb2466.c': File exists
cp: cannot create regular file '/dev/shm/linux/./sound/soc/codecs/pm4125.c': File exists
cp: cannot create regular file '/dev/shm/linux/./sound/soc/codecs/rk3308_codec.c': File exists
cp: cannot create regular file '/dev/shm/linux/./sound/soc/codecs/rk3328_codec.c': File exists
cp: cannot create regular file '/dev/shm/linux/./sound/soc/codecs/rk817_codec.c': File exists
cp: cannot create regular file '/dev/shm/linux/./sound/soc/codecs/rl6231.h': File exists
cp: cannot create regular file '/dev/shm/linux/./sound/soc/codecs/rl6347a.h': File exists
cp: cannot create regular file '/dev/shm/linux/./sound/soc/codecs/rt-sdw-common.h': File exists
cp: cannot create regular file '/dev/shm/linux/./sound/soc/codecs/rt1011.h': File exists
cp: cannot create regular file '/dev/shm/linux/./sound/soc/codecs/rt1015.h': File exists
cp: cannot create regular file '/dev/shm/linux/./sound/soc/codecs/rt1016.c': File exists
cp: cannot create regular file '/dev/shm/linux/./sound/soc/codecs/rt1017-sdca-sdw.h': File exists
cp: cannot create regular file '/dev/shm/linux/./sound/soc/codecs/rt1019.h': File exists
cp: cannot create regular file '/dev/shm/linux/./sound/soc/codecs/rt1305.h': File exists
cp: cannot create regular file '/dev/shm/linux/./sound/soc/codecs/rt1308-sdw.h': File exists
cp: cannot create regular file '/dev/shm/linux/./sound/soc/codecs/rt1308.h': File exists
cp: cannot create regular file '/dev/shm/linux/./sound/soc/codecs/rt1316-sdw.h': File exists
cp: cannot create regular file '/dev/shm/linux/./sound/soc/codecs/rt1318-sdw.h': File exists
cp: cannot create regular file '/dev/shm/linux/./sound/soc/codecs/rt1318.h': File exists
cp: cannot create regular file '/dev/shm/linux/./sound/soc/codecs/rt1320-sdw.c': File exists
cp: cannot create regular file '/dev/shm/linux/./sound/soc/codecs/rt274.c': File exists
cp: cannot create regular file '/dev/shm/linux/./sound/soc/codecs/rt286.h': File exists
cp: cannot create regular file '/dev/shm/linux/./sound/soc/codecs/rt298.h': File exists
cp: cannot create regular file '/dev/shm/linux/./sound/soc/codecs/rt5514-spi.h': File exists
cp: cannot create regular file '/dev/shm/linux/./sound/soc/codecs/rt5514.h': File exists
cp: cannot create regular file '/dev/shm/linux/./sound/soc/codecs/rt5575-spi.h': File exists
cp: cannot create regular file '/dev/shm/linux/./sound/soc/codecs/rt5575.h': File exists
cp: cannot create regular file '/dev/shm/linux/./sound/soc/codecs/rt5616.h': File exists
cp: cannot create regular file '/dev/shm/linux/./sound/soc/codecs/rt5631.h': File exists
cp: cannot create regular file '/dev/shm/linux/./sound/soc/codecs/rt5640.h': File exists
cp: cannot create regular file '/dev/shm/linux/./sound/soc/codecs/rt5645.h': File exists
cp: cannot create regular file '/dev/shm/linux/./sound/soc/codecs/rt5651.h': File exists
cp: cannot create regular file '/dev/shm/linux/./sound/soc/codecs/rt5659.h': File exists
cp: cannot create regular file '/dev/shm/linux/./sound/soc/codecs/rt5660.h': File exists
cp: cannot create regular file '/dev/shm/linux/./sound/soc/codecs/rt5663.h': File exists
cp: cannot create regular file '/dev/shm/linux/./sound/soc/codecs/rt5665.h': File exists
cp: cannot create regular file '/dev/shm/linux/./sound/soc/codecs/rt5668.c': File exists
cp: cannot create regular file '/dev/shm/linux/./sound/soc/codecs/rt5677-spi.h': File exists
cp: cannot create regular file '/dev/shm/linux/./sound/soc/codecs/rt5677.h': File exists
cp: cannot create regular file '/dev/shm/linux/./sound/soc/codecs/rt5682.c': File exists
cp: cannot create regular file '/dev/shm/linux/./sound/soc/codecs/rt5682s.c': File exists
cp: cannot create regular file '/dev/shm/linux/./sound/soc/codecs/rt700-sdw.c': File exists
cp: cannot create regular file '/dev/shm/linux/./sound/soc/codecs/rt711-sdca-sdw.c': File exists
cp: cannot create regular file '/dev/shm/linux/./sound/soc/codecs/rt711-sdca.h': File exists
cp: cannot create regular file '/dev/shm/linux/./sound/soc/codecs/rt711-sdw.h': File exists
cp: cannot create regular file '/dev/shm/linux/./sound/soc/codecs/rt711.c': File exists
cp: cannot create regular file '/dev/shm/linux/./sound/soc/codecs/rt712-sdca-dmic.c': File exists
cp: cannot create regular file '/dev/shm/linux/./sound/soc/codecs/rt712-sdca.h': File exists
cp: cannot create regular file '/dev/shm/linux/./sound/soc/codecs/rt715-sdca.h': File exists
cp: cannot create regular file '/dev/shm/linux/./sound/soc/codecs/rt715-sdw.h': File exists
cp: cannot create regular file '/dev/shm/linux/./sound/soc/codecs/rt715.c': File exists
cp: cannot create regular file '/dev/shm/linux/./sound/soc/codecs/rt721-sdca-sdw.c': File exists
cp: cannot create regular file '/dev/shm/linux/./sound/soc/codecs/rt721-sdca.h': File exists
cp: cannot create regular file '/dev/shm/linux/./sound/soc/codecs/rt722-sdca-sdw.h': File exists
cp: cannot create regular file '/dev/shm/linux/./sound/soc/codecs/rt722-sdca.h': File exists
cp: cannot create regular file '/dev/shm/linux/./sound/soc/codecs/rt9123.c': File exists
cp: cannot create regular file '/dev/shm/linux/./sound/soc/codecs/rtq9124.c': File exists
cp: cannot create regular file '/dev/shm/linux/./sound/soc/codecs/rtq9128.c': File exists
cp: cannot create regular file '/dev/shm/linux/./sound/soc/codecs/sgtl5000.h': File exists
cp: cannot create regular file '/dev/shm/linux/./sound/soc/codecs/sigmadsp-regmap.c': File exists
cp: cannot create regular file '/dev/shm/linux/./sound/soc/codecs/sigmadsp.c': File exists
cp: cannot create regular file '/dev/shm/linux/./sound/soc/codecs/simple-amplifier.c': File exists
cp: cannot create regular file '/dev/shm/linux/./sound/soc/codecs/sma1303.c': File exists
cp: cannot create regular file '/dev/shm/linux/./sound/soc/codecs/sma1307.c': File exists
cp: cannot create regular file '/dev/shm/linux/./sound/soc/codecs/spdif_receiver.c': File exists
cp: cannot create regular file '/dev/shm/linux/./sound/soc/codecs/src4xxx.h': File exists
cp: cannot create regular file '/dev/shm/linux/./sound/soc/codecs/ssm2305.c': File exists
cp: cannot create regular file '/dev/shm/linux/./sound/soc/codecs/ssm2518.h': File exists
cp: cannot create regular file '/dev/shm/linux/./sound/soc/codecs/ssm2602.c': File exists
cp: cannot create regular file '/dev/shm/linux/./sound/soc/codecs/ssm4567.c': File exists
cp: cannot create regular file '/dev/shm/linux/./sound/soc/codecs/sta32x.h': File exists
cp: cannot create regular file '/dev/shm/linux/./sound/soc/codecs/stac9766.c': File exists
cp: cannot create regular file '/dev/shm/linux/./sound/soc/codecs/tas2552.c': File exists
cp: cannot create regular file '/dev/shm/linux/./sound/soc/codecs/tas2764-quirks.h': File exists
cp: cannot create regular file '/dev/shm/linux/./sound/soc/codecs/tas2764.h': File exists
cp: cannot create regular file '/dev/shm/linux/./sound/soc/codecs/tas2770.h': File exists
cp: cannot create regular file '/dev/shm/linux/./sound/soc/codecs/tas2780.h': File exists
cp: cannot create regular file '/dev/shm/linux/./sound/soc/codecs/tas2781-comlib-i2c.c': File exists
cp: cannot create regular file '/dev/shm/linux/./sound/soc/codecs/tas2781-fmwlib.c': File exists
cp: cannot create regular file '/dev/shm/linux/./sound/soc/codecs/tas2783.h': File exists
cp: cannot create regular file '/dev/shm/linux/./sound/soc/codecs/tas571x.c': File exists
cp: cannot create regular file '/dev/shm/linux/./sound/soc/codecs/tas5720.c': File exists
cp: cannot create regular file '/dev/shm/linux/./sound/soc/codecs/tas5805m.c': File exists
cp: cannot create regular file '/dev/shm/linux/./sound/soc/codecs/tas6424.h': File exists
cp: cannot create regular file '/dev/shm/linux/./sound/soc/codecs/tfa9879.c': File exists
cp: cannot create regular file '/dev/shm/linux/./sound/soc/codecs/tfa989x.c': File exists
cp: cannot create regular file '/dev/shm/linux/./sound/soc/codecs/tlv320adcx140.c': File exists
cp: cannot create regular file '/dev/shm/linux/./sound/soc/codecs/tlv320aic23-i2c.c': File exists
cp: cannot create regular file '/dev/shm/linux/./sound/soc/codecs/tlv320aic23.c': File exists
cp: cannot create regular file '/dev/shm/linux/./sound/soc/codecs/tlv320aic26.h': File exists
cp: cannot create regular file '/dev/shm/linux/./sound/soc/codecs/tlv320aic31xx.c': File exists
cp: cannot create regular file '/dev/shm/linux/./sound/soc/codecs/tlv320aic32x4-clk.c': File exists
cp: cannot create regular file '/dev/shm/linux/./sound/soc/codecs/tlv320aic32x4-i2c.c': File exists
cp: cannot create regular file '/dev/shm/linux/./sound/soc/codecs/tlv320aic32x4.c': File exists
cp: cannot create regular file '/dev/shm/linux/./sound/soc/codecs/tlv320aic3x-i2c.c': File exists
cp: cannot create regular file '/dev/shm/linux/./sound/soc/codecs/tlv320aic3x-spi.c': File exists
cp: cannot create regular file '/dev/shm/linux/./sound/soc/codecs/tlv320aic3x.h': File exists
cp: cannot create regular file '/dev/shm/linux/./sound/soc/codecs/tlv320dac33.h': File exists
cp: cannot create regular file '/dev/shm/linux/./sound/soc/codecs/tpa6130a2.h': File exists
cp: cannot create regular file '/dev/shm/linux/./sound/soc/codecs/ts3a227e.h': File exists
cp: cannot create regular file '/dev/shm/linux/./sound/soc/codecs/tscs42xx.h': File exists
cp: cannot create regular file '/dev/shm/linux/./sound/soc/codecs/tscs454.h': File exists
cp: cannot create regular file '/dev/shm/linux/./sound/soc/codecs/twl6040.c': File exists
cp: cannot create regular file '/dev/shm/linux/./sound/soc/codecs/uda1334.c': File exists
cp: cannot create regular file '/dev/shm/linux/./sound/soc/codecs/uda1342.h': File exists
cp: cannot create regular file '/dev/shm/linux/./sound/soc/codecs/uda1380.h': File exists
cp: cannot create regular file '/dev/shm/linux/./sound/soc/codecs/wcd-clsh-v2.h': File exists
cp: cannot create regular file '/dev/shm/linux/./sound/soc/codecs/wcd-common.h': File exists
cp: cannot create regular file '/dev/shm/linux/./sound/soc/codecs/wcd-mbhc-v2.h': File exists
cp: cannot create regular file '/dev/shm/linux/./sound/soc/codecs/wcd9335.h': File exists
cp: cannot create regular file '/dev/shm/linux/./sound/soc/codecs/wcd937x-sdw.c': File exists
cp: cannot create regular file '/dev/shm/linux/./sound/soc/codecs/wcd937x.h': File exists
cp: cannot create regular file '/dev/shm/linux/./sound/soc/codecs/wcd938x.c': File exists
cp: cannot create regular file '/dev/shm/linux/./sound/soc/codecs/wcd939x-sdw.c': File exists
cp: cannot create regular file '/dev/shm/linux/./sound/soc/codecs/wcd939x.h': File exists
cp: cannot create regular file '/dev/shm/linux/./sound/soc/codecs/wm1250-ev1.c': File exists
cp: cannot create regular file '/dev/shm/linux/./sound/soc/codecs/wm2000.c': File exists
cp: cannot create regular file '/dev/shm/linux/./sound/soc/codecs/wm2200.h': File exists
cp: cannot create regular file '/dev/shm/linux/./sound/soc/codecs/wm5100.c': File exists
cp: cannot create regular file '/dev/shm/linux/./sound/soc/codecs/wm5102.c': File exists
cp: cannot create regular file '/dev/shm/linux/./sound/soc/codecs/wm5110.h': File exists
cp: cannot create regular file '/dev/shm/linux/./sound/soc/codecs/wm8350.h': File exists
cp: cannot create regular file '/dev/shm/linux/./sound/soc/codecs/wm8400.h': File exists
cp: cannot create regular file '/dev/shm/linux/./sound/soc/codecs/wm8510.h': File exists
cp: cannot create regular file '/dev/shm/linux/./sound/soc/codecs/wm8523.h': File exists
cp: cannot create regular file '/dev/shm/linux/./sound/soc/codecs/wm8580.c': File exists
cp: cannot create regular file '/dev/shm/linux/./sound/soc/codecs/wm8711.c': File exists
cp: cannot create regular file '/dev/shm/linux/./sound/soc/codecs/wm8728.c': File exists
cp: cannot create regular file '/dev/shm/linux/./sound/soc/codecs/wm8731-i2c.c': File exists
cp: cannot create regular file '/dev/shm/linux/./sound/soc/codecs/wm8731.c': File exists
cp: cannot create regular file '/dev/shm/linux/./sound/soc/codecs/wm8737.c': File exists
cp: cannot create regular file '/dev/shm/linux/./sound/soc/codecs/wm8741.c': File exists
cp: cannot create regular file '/dev/shm/linux/./sound/soc/codecs/wm8750.c': File exists
cp: cannot create regular file '/dev/shm/linux/./sound/soc/codecs/wm8753.c': File exists
cp: cannot create regular file '/dev/shm/linux/./sound/soc/codecs/wm8770.h': File exists
cp: cannot create regular file '/dev/shm/linux/./sound/soc/codecs/wm8776.h': File exists
cp: cannot create regular file '/dev/shm/linux/./sound/soc/codecs/wm8804-i2c.c': File exists
cp: cannot create regular file '/dev/shm/linux/./sound/soc/codecs/wm8804.c': File exists
cp: cannot create regular file '/dev/shm/linux/./sound/soc/codecs/wm8900.c': File exists
cp: cannot create regular file '/dev/shm/linux/./sound/soc/codecs/wm8903.c': File exists
cp: cannot create regular file '/dev/shm/linux/./sound/soc/codecs/wm8904.c': File exists
cp: cannot create regular file '/dev/shm/linux/./sound/soc/codecs/wm8940.c': File exists
cp: cannot create regular file '/dev/shm/linux/./sound/soc/codecs/wm8955.c': File exists
cp: cannot create regular file '/dev/shm/linux/./sound/soc/codecs/wm8958-dsp2.c': File exists
cp: cannot create regular file '/dev/shm/linux/./sound/soc/codecs/wm8960.h': File exists
cp: cannot create regular file '/dev/shm/linux/./sound/soc/codecs/wm8961.h': File exists
cp: cannot create regular file '/dev/shm/linux/./sound/soc/codecs/wm8962.h': File exists
cp: cannot create regular file '/dev/shm/linux/./sound/soc/codecs/wm8971.h': File exists
cp: cannot create regular file '/dev/shm/linux/./sound/soc/codecs/wm8974.h': File exists
cp: cannot create regular file '/dev/shm/linux/./sound/soc/codecs/wm8978.h': File exists
cp: cannot create regular file '/dev/shm/linux/./sound/soc/codecs/wm8983.h': File exists
cp: cannot create regular file '/dev/shm/linux/./sound/soc/codecs/wm8985.h': File exists
cp: cannot create regular file '/dev/shm/linux/./sound/soc/codecs/wm8988.h': File exists
cp: cannot create regular file '/dev/shm/linux/./sound/soc/codecs/wm8990.h': File exists
cp: cannot create regular file '/dev/shm/linux/./sound/soc/codecs/wm8991.h': File exists
cp: cannot create regular file '/dev/shm/linux/./sound/soc/codecs/wm8993.h': File exists
cp: cannot create regular file '/dev/shm/linux/./sound/soc/codecs/wm8994.h': File exists
cp: cannot create regular file '/dev/shm/linux/./sound/soc/codecs/wm8995.h': File exists
cp: cannot create regular file '/dev/shm/linux/./sound/soc/codecs/wm8996.c': File exists
cp: cannot create regular file '/dev/shm/linux/./sound/soc/codecs/wm8997.c': File exists
cp: cannot create regular file '/dev/shm/linux/./sound/soc/codecs/wm8997.h': File exists
cp: cannot create regular file '/dev/shm/linux/./sound/soc/codecs/wm8998.h': File exists
cp: cannot create regular file '/dev/shm/linux/./sound/soc/codecs/wm9081.h': File exists
cp: cannot create regular file '/dev/shm/linux/./sound/soc/codecs/wm9090.h': File exists
cp: cannot create regular file '/dev/shm/linux/./sound/soc/codecs/wm9712.c': File exists
cp: cannot create regular file '/dev/shm/linux/./sound/soc/codecs/wm9713.h': File exists
cp: cannot create regular file '/dev/shm/linux/./sound/soc/codecs/wm_adsp.h': File exists
cp: cannot create regular file '/dev/shm/linux/./sound/soc/codecs/wm_hubs.c': File exists
cp: cannot create regular file '/dev/shm/linux/./sound/soc/codecs/wsa881x.c': File exists
cp: cannot create regular file '/dev/shm/linux/./sound/soc/codecs/wsa884x.c': File exists
cp: cannot create regular file '/dev/shm/linux/./sound/soc/codecs/zl38060.c': File exists
cp: cannot create regular file '/dev/shm/linux/./sound/soc/dwc/Kconfig': File exists
cp: cannot create regular file '/dev/shm/linux/./sound/soc/dwc/dwc-i2s.c': File exists
cp: cannot create regular file '/dev/shm/linux/./sound/soc/dwc/local.h': File exists
cp: cannot create regular file '/dev/shm/linux/./sound/soc/fsl/Makefile': File exists
cp: cannot create regular file '/dev/shm/linux/./sound/soc/fsl/eukrea-tlv320.c': File exists
cp: cannot create regular file '/dev/shm/linux/./sound/soc/fsl/fsl_asrc.c': File exists
cp: cannot create regular file '/dev/shm/linux/./sound/soc/fsl/fsl_asrc_common.h': File exists
cp: cannot create regular file '/dev/shm/linux/./sound/soc/fsl/fsl_asrc_dma.c': File exists
cp: cannot create regular file '/dev/shm/linux/./sound/soc/fsl/fsl_asrc_m2m.c': File exists
cp: cannot create regular file '/dev/shm/linux/./sound/soc/fsl/fsl_aud2htx.c': File exists
cp: cannot create regular file '/dev/shm/linux/./sound/soc/fsl/fsl_dma.h': File exists
cp: cannot create regular file '/dev/shm/linux/./sound/soc/fsl/fsl_esai.c': File exists
cp: cannot create regular file '/dev/shm/linux/./sound/soc/fsl/fsl_micfil.c': File exists
cp: cannot create regular file '/dev/shm/linux/./sound/soc/fsl/fsl_mqs.c': File exists
cp: cannot create regular file '/dev/shm/linux/./sound/soc/fsl/fsl_rpmsg.c': File exists
cp: cannot create regular file '/dev/shm/linux/./sound/soc/fsl/fsl_sai.c': File exists
cp: cannot create regular file '/dev/shm/linux/./sound/soc/fsl/fsl_spdif.c': File exists
cp: cannot create regular file '/dev/shm/linux/./sound/soc/fsl/fsl_ssi.c': File exists
cp: cannot create regular file '/dev/shm/linux/./sound/soc/fsl/fsl_ssi_dbg.c': File exists
cp: cannot create regular file '/dev/shm/linux/./sound/soc/fsl/fsl_utils.h': File exists
cp: cannot create regular file '/dev/shm/linux/./sound/soc/fsl/fsl_xcvr.h': File exists
cp: cannot create regular file '/dev/shm/linux/./sound/soc/fsl/imx-audmix.c': File exists
cp: cannot create regular file '/dev/shm/linux/./sound/soc/fsl/imx-audmux.h': File exists
cp: cannot create regular file '/dev/shm/linux/./sound/soc/fsl/imx-es8328.c': File exists
cp: cannot create regular file '/dev/shm/linux/./sound/soc/fsl/imx-pcm-dma.c': File exists
cp: cannot create regular file '/dev/shm/linux/./sound/soc/fsl/imx-pcm-rpmsg.h': File exists
cp: cannot create regular file '/dev/shm/linux/./sound/soc/fsl/imx-rpmsg.c': File exists
cp: cannot create regular file '/dev/shm/linux/./sound/soc/fsl/imx-ssi.h': File exists
cp: cannot create regular file '/dev/shm/linux/./sound/soc/fsl/lpc3xxx-pcm.c': File exists
cp: cannot create regular file '/dev/shm/linux/./sound/soc/fsl/mpc5200_dma.h': File exists
cp: cannot create regular file '/dev/shm/linux/./sound/soc/fsl/mpc5200_psc_i2s.c': File exists
cp: cannot create regular file '/dev/shm/linux/./sound/soc/fsl/p1022_rdk.c': File exists
cp: cannot create regular file '/dev/shm/linux/./sound/soc/generic/Kconfig': File exists
cp: cannot create regular file '/dev/shm/linux/./sound/soc/generic/audio-graph-card.c': File exists
cp: cannot create regular file '/dev/shm/linux/./sound/soc/generic/audio-graph-card2-custom-sample1.dtsi': File exists
cp: cannot create regular file '/dev/shm/linux/./sound/soc/generic/audio-graph-card2.c': File exists
cp: cannot create regular file '/dev/shm/linux/./sound/soc/generic/simple-card.c': File exists
cp: cannot create directory '/dev/shm/linux/./sound/soc/google': File exists
cp: cannot create regular file '/dev/shm/linux/./sound/soc/hisilicon/hi6210-i2s.h': File exists
cp: cannot create regular file '/dev/shm/linux/./sound/soc/img/Makefile': File exists
cp: cannot create regular file '/dev/shm/linux/./sound/soc/img/img-i2s-out.c': File exists
cp: cannot create regular file '/dev/shm/linux/./sound/soc/img/img-spdif-in.c': File exists
cp: cannot create regular file '/dev/shm/linux/./sound/soc/img/pistachio-internal-dac.c': File exists
cp: cannot create regular file '/dev/shm/linux/./sound/soc/intel/Kconfig': File exists
cp: cannot create directory '/dev/shm/linux/./sound/soc/intel/atom': File exists
cp: cannot create regular file '/dev/shm/linux/./sound/soc/intel/avs/boards/rt298.c': File exists
cp: cannot create regular file '/dev/shm/linux/./sound/soc/intel/avs/boards/rt5640.c': File exists
cp: cannot create regular file '/dev/shm/linux/./sound/soc/intel/avs/boards/rt5682.c': File exists
cp: cannot create regular file '/dev/shm/linux/./sound/soc/intel/avs/cldma.h': File exists
cp: cannot create regular file '/dev/shm/linux/./sound/soc/intel/avs/control.c': File exists
cp: cannot create regular file '/dev/shm/linux/./sound/soc/intel/avs/core.c': File exists
cp: cannot create regular file '/dev/shm/linux/./sound/soc/intel/avs/debugfs.c': File exists
cp: cannot create regular file '/dev/shm/linux/./sound/soc/intel/avs/ipc.c': File exists
cp: cannot create regular file '/dev/shm/linux/./sound/soc/intel/avs/loader.c': File exists
cp: cannot create regular file '/dev/shm/linux/./sound/soc/intel/avs/messages.h': File exists
cp: cannot create regular file '/dev/shm/linux/./sound/soc/intel/avs/pcm.c': File exists
cp: cannot create regular file '/dev/shm/linux/./sound/soc/intel/avs/probes.c': File exists
cp: cannot create regular file '/dev/shm/linux/./sound/soc/intel/avs/registers.h': File exists
cp: cannot create regular file '/dev/shm/linux/./sound/soc/intel/avs/sysfs.c': File exists
cp: cannot create regular file '/dev/shm/linux/./sound/soc/intel/avs/topology.c': File exists
cp: cannot create regular file '/dev/shm/linux/./sound/soc/intel/avs/trace.c': File exists
cp: cannot create regular file '/dev/shm/linux/./sound/soc/intel/avs/utils.c': File exists
cp: cannot create directory '/dev/shm/linux/./sound/soc/intel/boards': File exists
cp: cannot create directory '/dev/shm/linux/./sound/soc/kirkwood': File exists
cp: cannot create regular file '/dev/shm/linux/./sound/soc/loongson/loongson_i2s.h': File exists
cp: cannot create regular file '/dev/shm/linux/./sound/soc/loongson/loongson_i2s_plat.c': File exists
cp: cannot create regular file '/dev/shm/linux/./sound/soc/mediatek/Makefile': File exists
cp: cannot create regular file '/dev/shm/linux/./sound/soc/mediatek/common/Makefile': File exists
cp: cannot create regular file '/dev/shm/linux/./sound/soc/mediatek/common/mtk-afe-fe-dai.h': File exists
cp: cannot create regular file '/dev/shm/linux/./sound/soc/mediatek/common/mtk-afe-platform-driver.h': File exists
cp: cannot create regular file '/dev/shm/linux/./sound/soc/mediatek/common/mtk-dai-adda-common.c': File exists
cp: cannot create regular file '/dev/shm/linux/./sound/soc/mediatek/common/mtk-dsp-sof-common.c': File exists
cp: cannot create regular file '/dev/shm/linux/./sound/soc/mediatek/common/mtk-soc-card.h': File exists
cp: cannot create regular file '/dev/shm/linux/./sound/soc/mediatek/common/mtk-soundcard-driver.h': File exists
cp: cannot create regular file '/dev/shm/linux/./sound/soc/mediatek/mt2701/mt2701-afe-clock-ctrl.c': File exists
cp: cannot create regular file '/dev/shm/linux/./sound/soc/mediatek/mt2701/mt2701-afe-common.h': File exists
cp: cannot create regular file '/dev/shm/linux/./sound/soc/mediatek/mt2701/mt2701-afe-pcm.c': File exists
cp: cannot create regular file '/dev/shm/linux/./sound/soc/mediatek/mt2701/mt2701-reg.h': File exists
cp: cannot create directory '/dev/shm/linux/./sound/soc/mediatek/mt6797': File exists
cp: cannot create regular file '/dev/shm/linux/./sound/soc/mediatek/mt8173/mt8173-rt5650-rt5676.c': File exists
cp: cannot create regular file '/dev/shm/linux/./sound/soc/mediatek/mt8173/mt8173-rt5650.c': File exists
cp: cannot create regular file '/dev/shm/linux/./sound/soc/mediatek/mt8183/mt8183-afe-clk.c': File exists
cp: cannot create regular file '/dev/shm/linux/./sound/soc/mediatek/mt8183/mt8183-afe-common.h': File exists
cp: cannot create regular file '/dev/shm/linux/./sound/soc/mediatek/mt8183/mt8183-afe-pcm.c': File exists
cp: cannot create regular file '/dev/shm/linux/./sound/soc/mediatek/mt8183/mt8183-dai-adda.c': File exists
cp: cannot create regular file '/dev/shm/linux/./sound/soc/mediatek/mt8183/mt8183-dai-i2s.c': File exists
cp: cannot create regular file '/dev/shm/linux/./sound/soc/mediatek/mt8183/mt8183-dai-tdm.c': File exists
cp: cannot create regular file '/dev/shm/linux/./sound/soc/mediatek/mt8183/mt8183-reg.h': File exists
cp: cannot create regular file '/dev/shm/linux/./sound/soc/mediatek/mt8186/Makefile': File exists
cp: cannot create regular file '/dev/shm/linux/./sound/soc/mediatek/mt8186/mt8186-afe-clk.h': File exists
cp: cannot create regular file '/dev/shm/linux/./sound/soc/mediatek/mt8186/mt8186-afe-control.c': File exists
cp: cannot create regular file '/dev/shm/linux/./sound/soc/mediatek/mt8186/mt8186-afe-gpio.h': File exists
cp: cannot create regular file '/dev/shm/linux/./sound/soc/mediatek/mt8186/mt8186-audsys-clk.c': File exists
cp: cannot create regular file '/dev/shm/linux/./sound/soc/mediatek/mt8186/mt8186-dai-adda.c': File exists
cp: cannot create regular file '/dev/shm/linux/./sound/soc/mediatek/mt8186/mt8186-dai-hw-gain.c': File exists
cp: cannot create regular file '/dev/shm/linux/./sound/soc/mediatek/mt8186/mt8186-dai-pcm.c': File exists
cp: cannot create regular file '/dev/shm/linux/./sound/soc/mediatek/mt8186/mt8186-dai-tdm.c': File exists
cp: cannot create regular file '/dev/shm/linux/./sound/soc/mediatek/mt8186/mt8186-misc-control.c': File exists
cp: cannot create regular file '/dev/shm/linux/./sound/soc/mediatek/mt8186/mt8186-mt6366-common.h': File exists
cp: cannot create regular file '/dev/shm/linux/./sound/soc/mediatek/mt8186/mt8186-reg.h': File exists
cp: cannot create regular file '/dev/shm/linux/./sound/soc/mediatek/mt8188/Makefile': File exists
cp: cannot create regular file '/dev/shm/linux/./sound/soc/mediatek/mt8188/mt8188-afe-clk.h': File exists
cp: cannot create regular file '/dev/shm/linux/./sound/soc/mediatek/mt8188/mt8188-afe-pcm.c': File exists
cp: cannot create regular file '/dev/shm/linux/./sound/soc/mediatek/mt8188/mt8188-audsys-clk.h': File exists
cp: cannot create regular file '/dev/shm/linux/./sound/soc/mediatek/mt8188/mt8188-dai-adda.c': File exists
cp: cannot create regular file '/dev/shm/linux/./sound/soc/mediatek/mt8188/mt8188-dai-etdm.c': File exists
cp: cannot create regular file '/dev/shm/linux/./sound/soc/mediatek/mt8188/mt8188-mt6359.c': File exists
cp: cannot create directory '/dev/shm/linux/./sound/soc/mediatek/mt8189': File exists
cp: cannot create regular file '/dev/shm/linux/./sound/soc/mediatek/mt8192/mt8192-reg.h': File exists
cp: cannot create regular file '/dev/shm/linux/./sound/soc/mediatek/mt8195/Makefile': File exists
cp: cannot create regular file '/dev/shm/linux/./sound/soc/mediatek/mt8195/mt8195-afe-clk.h': File exists
cp: cannot create regular file '/dev/shm/linux/./sound/soc/mediatek/mt8195/mt8195-afe-pcm.c': File exists
cp: cannot create regular file '/dev/shm/linux/./sound/soc/mediatek/mt8195/mt8195-audsys-clk.h': File exists
cp: cannot create regular file '/dev/shm/linux/./sound/soc/mediatek/mt8195/mt8195-dai-etdm.c': File exists
cp: cannot create regular file '/dev/shm/linux/./sound/soc/mediatek/mt8195/mt8195-mt6359.c': File exists
cp: cannot create directory '/dev/shm/linux/./sound/soc/mediatek/mt8365': File exists
cp: cannot create regular file '/dev/shm/linux/./sound/soc/meson/axg-fifo.c': File exists
cp: cannot create regular file '/dev/shm/linux/./sound/soc/meson/axg-frddr.c': File exists
cp: cannot create regular file '/dev/shm/linux/./sound/soc/meson/axg-spdifin.c': File exists
cp: cannot create regular file '/dev/shm/linux/./sound/soc/meson/axg-tdm-formatter.c': File exists
cp: cannot create regular file '/dev/shm/linux/./sound/soc/meson/axg-tdm.h': File exists
cp: cannot create regular file '/dev/shm/linux/./sound/soc/meson/axg-tdmout.c': File exists
cp: cannot create regular file '/dev/shm/linux/./sound/soc/meson/g12a-toacodec.c': File exists
cp: cannot create regular file '/dev/shm/linux/./sound/soc/meson/gx-card.c': File exists
cp: cannot create regular file '/dev/shm/linux/./sound/soc/meson/meson-card.h': File exists
cp: cannot create regular file '/dev/shm/linux/./sound/soc/meson/meson-codec-glue.h': File exists
cp: cannot create directory '/dev/shm/linux/./sound/soc/mxs': File exists
cp: cannot create regular file '/dev/shm/linux/./sound/soc/pxa/pxa2xx-i2s.h': File exists
cp: cannot create regular file '/dev/shm/linux/./sound/soc/pxa/pxa2xx-pcm.c': File exists
cp: cannot create regular file '/dev/shm/linux/./sound/soc/pxa/spitz.c': File exists
cp: cannot create regular file '/dev/shm/linux/./sound/soc/qcom/Makefile': File exists
cp: cannot create regular file '/dev/shm/linux/./sound/soc/qcom/apq8096.c': File exists
cp: cannot create regular file '/dev/shm/linux/./sound/soc/qcom/common.h': File exists
cp: cannot create regular file '/dev/shm/linux/./sound/soc/qcom/lpass-cpu.c': File exists
cp: cannot create regular file '/dev/shm/linux/./sound/soc/qcom/lpass-hdmi.h': File exists
cp: cannot create regular file '/dev/shm/linux/./sound/soc/qcom/lpass-lpaif-reg.h': File exists
cp: cannot create regular file '/dev/shm/linux/./sound/soc/qcom/lpass-sc7180.c': File exists
cp: cannot create regular file '/dev/shm/linux/./sound/soc/qcom/lpass.h': File exists
cp: cannot create regular file '/dev/shm/linux/./sound/soc/qcom/qdsp6/audioreach.c': File exists
cp: cannot create regular file '/dev/shm/linux/./sound/soc/qcom/qdsp6/q6adm.c': File exists
cp: cannot create regular file '/dev/shm/linux/./sound/soc/qcom/qdsp6/q6afe-clocks.c': File exists
cp: cannot create regular file '/dev/shm/linux/./sound/soc/qcom/qdsp6/q6afe.c': File exists
cp: cannot create regular file '/dev/shm/linux/./sound/soc/qcom/qdsp6/q6apm-dai.c': File exists
cp: cannot create regular file '/dev/shm/linux/./sound/soc/qcom/qdsp6/q6apm.c': File exists
cp: cannot create regular file '/dev/shm/linux/./sound/soc/qcom/qdsp6/q6asm.c': File exists
cp: cannot create regular file '/dev/shm/linux/./sound/soc/qcom/qdsp6/q6core.c': File exists
cp: cannot create regular file '/dev/shm/linux/./sound/soc/qcom/qdsp6/q6dsp-common.h': File exists
cp: cannot create regular file '/dev/shm/linux/./sound/soc/qcom/qdsp6/q6dsp-lpass-clocks.c': File exists
cp: cannot create regular file '/dev/shm/linux/./sound/soc/qcom/qdsp6/q6dsp-lpass-clocks.h': File exists
cp: cannot create regular file '/dev/shm/linux/./sound/soc/qcom/qdsp6/q6dsp-lpass-ports.h': File exists
cp: cannot create regular file '/dev/shm/linux/./sound/soc/qcom/qdsp6/q6prm.c': File exists
cp: cannot create regular file '/dev/shm/linux/./sound/soc/qcom/qdsp6/q6routing.c': File exists
cp: cannot create regular file '/dev/shm/linux/./sound/soc/qcom/qdsp6/q6usb.c': File exists
cp: cannot create regular file '/dev/shm/linux/./sound/soc/qcom/sc7180.c': File exists
cp: cannot create regular file '/dev/shm/linux/./sound/soc/qcom/sc8280xp.c': File exists
cp: cannot create regular file '/dev/shm/linux/./sound/soc/qcom/sdw.c': File exists
cp: cannot create regular file '/dev/shm/linux/./sound/soc/qcom/sm8250.c': File exists
cp: cannot create regular file '/dev/shm/linux/./sound/soc/qcom/usb_offload_utils.c': File exists
cp: cannot create regular file '/dev/shm/linux/./sound/soc/qcom/x1e80100.c': File exists
cp: cannot create regular file '/dev/shm/linux/./sound/soc/renesas/fsi.c': File exists
cp: cannot create regular file '/dev/shm/linux/./sound/soc/renesas/migor.c': File exists
cp: cannot create regular file '/dev/shm/linux/./sound/soc/renesas/rcar/Makefile': File exists
cp: cannot create regular file '/dev/shm/linux/./sound/soc/renesas/rcar/cmd.c': File exists
cp: cannot create regular file '/dev/shm/linux/./sound/soc/renesas/rcar/ctu.c': File exists
cp: cannot create regular file '/dev/shm/linux/./sound/soc/renesas/rcar/dma.c': File exists
cp: cannot create regular file '/dev/shm/linux/./sound/soc/renesas/rcar/gen.c': File exists
cp: cannot create regular file '/dev/shm/linux/./sound/soc/renesas/rcar/msiof.c': File exists
cp: cannot create regular file '/dev/shm/linux/./sound/soc/renesas/rcar/src.c': File exists
cp: cannot create regular file '/dev/shm/linux/./sound/soc/renesas/rcar/ssiu.c': File exists
cp: cannot create regular file '/dev/shm/linux/./sound/soc/renesas/sh7760-ac97.c': File exists
cp: cannot create regular file '/dev/shm/linux/./sound/soc/renesas/siu_dai.c': File exists
cp: cannot create regular file '/dev/shm/linux/./sound/soc/renesas/ssi.c': File exists
cp: cannot create regular file '/dev/shm/linux/./sound/soc/rockchip/Makefile': File exists
cp: cannot create regular file '/dev/shm/linux/./sound/soc/rockchip/rk3399_gru_sound.c': File exists
cp: cannot create regular file '/dev/shm/linux/./sound/soc/rockchip/rockchip_i2s.c': File exists
cp: cannot create regular file '/dev/shm/linux/./sound/soc/rockchip/rockchip_i2s_tdm.c': File exists
cp: cannot create regular file '/dev/shm/linux/./sound/soc/rockchip/rockchip_max98090.c': File exists
cp: cannot create regular file '/dev/shm/linux/./sound/soc/rockchip/rockchip_pdm.h': File exists
cp: cannot create regular file '/dev/shm/linux/./sound/soc/rockchip/rockchip_sai.c': File exists
cp: cannot create regular file '/dev/shm/linux/./sound/soc/rockchip/rockchip_spdif.c': File exists
cp: cannot create regular file '/dev/shm/linux/./sound/soc/rockchip/rockchip_spdif.h': File exists
cp: cannot create regular file '/dev/shm/linux/./sound/soc/samsung/Makefile': File exists
cp: cannot create regular file '/dev/shm/linux/./sound/soc/samsung/arndale.c': File exists
cp: cannot create regular file '/dev/shm/linux/./sound/soc/samsung/dma.h': File exists
cp: cannot create regular file '/dev/shm/linux/./sound/soc/samsung/i2s-regs.h': File exists
cp: cannot create regular file '/dev/shm/linux/./sound/soc/samsung/i2s.h': File exists
cp: cannot create regular file '/dev/shm/linux/./sound/soc/samsung/idma.c': File exists
cp: cannot create regular file '/dev/shm/linux/./sound/soc/samsung/lowland.c': File exists
cp: cannot create regular file '/dev/shm/linux/./sound/soc/samsung/odroid.c': File exists
cp: cannot create regular file '/dev/shm/linux/./sound/soc/samsung/pcm.c': File exists
cp: cannot create regular file '/dev/shm/linux/./sound/soc/samsung/pcm.h': File exists
cp: cannot create regular file '/dev/shm/linux/./sound/soc/samsung/smdk_wm8994.c': File exists
cp: cannot create regular file '/dev/shm/linux/./sound/soc/samsung/snow.c': File exists
cp: cannot create regular file '/dev/shm/linux/./sound/soc/samsung/spdif.h': File exists
cp: cannot create regular file '/dev/shm/linux/./sound/soc/samsung/tm2_wm5110.c': File exists
cp: cannot create directory '/dev/shm/linux/./sound/soc/sdw_utils': File exists
cp: cannot create regular file '/dev/shm/linux/./sound/soc/soc-card.c': File exists
cp: cannot create regular file '/dev/shm/linux/./sound/soc/soc-compress.c': File exists
cp: cannot create regular file '/dev/shm/linux/./sound/soc/soc-dai.c': File exists
cp: cannot create regular file '/dev/shm/linux/./sound/soc/soc-devres.c': File exists
cp: cannot create regular file '/dev/shm/linux/./sound/soc/soc-jack.c': File exists
cp: cannot create regular file '/dev/shm/linux/./sound/soc/soc-ops-test.c': File exists
cp: cannot create regular file '/dev/shm/linux/./sound/soc/soc-pcm.c': File exists
cp: cannot create regular file '/dev/shm/linux/./sound/soc/soc-topology.c': File exists
cp: cannot create regular file '/dev/shm/linux/./sound/soc/soc-utils.c': File exists
cp: cannot create directory '/dev/shm/linux/./sound/soc/sof': File exists
cp: cannot create regular file '/dev/shm/linux/./sound/soc/xilinx/Makefile': File exists
cp: cannot create regular file '/dev/shm/linux/./sound/soc/xilinx/xlnx_i2s.c': File exists
cp: cannot create regular file '/dev/shm/linux/./sound/soc/xtensa/Makefile': File exists
cp: cannot create regular file '/dev/shm/linux/./sound/sound_core.c': File exists
cp: cannot create regular file '/dev/shm/linux/./sound/sparc/Kconfig': File exists
cp: cannot create regular file '/dev/shm/linux/./sound/sparc/Makefile': File exists
cp: cannot create regular file '/dev/shm/linux/./sound/sparc/cs4231.c': File exists
cp: cannot create directory '/dev/shm/linux/./sound/spi': File exists
cp: cannot create regular file '/dev/shm/linux/./sound/synth/emux/emux_effect.c': File exists
cp: cannot create regular file '/dev/shm/linux/./sound/synth/emux/emux_nrpn.c': File exists
cp: cannot create regular file '/dev/shm/linux/./sound/synth/emux/emux_proc.c': File exists
cp: cannot create regular file '/dev/shm/linux/./sound/synth/emux/emux_synth.c': File exists
cp: cannot create regular file '/dev/shm/linux/./sound/synth/emux/soundfont.c': File exists
cp: cannot create directory '/dev/shm/linux/./sound/virtio': File exists
cp: cannot create directory '/dev/shm/linux/./sound/x86': File exists
cp: cannot create directory '/dev/shm/linux/./sound/xen': File exists
cp: cannot create directory '/dev/shm/linux/./tools/arch/sparc/include/asm': File exists
cp: cannot create regular file '/dev/shm/linux/./tools/arch/x86/dell-uart-backlight-emulator/Makefile': File exists
cp: cannot create regular file '/dev/shm/linux/./tools/arch/x86/dell-uart-backlight-emulator/dell-uart-backlight-emulator.c': File exists
cp: cannot create regular file '/dev/shm/linux/./tools/bootconfig/samples/bad-empty.bconf': File exists
cp: cannot create regular file '/dev/shm/linux/./tools/bootconfig/samples/bad-longkey.bconf': File exists
cp: cannot create regular file '/dev/shm/linux/./tools/bootconfig/samples/bad-no-keyword.bconf': File exists
cp: cannot create regular file '/dev/shm/linux/./tools/bootconfig/samples/bad-nonprintable.bconf': File exists
cp: cannot create regular file '/dev/shm/linux/./tools/bootconfig/samples/bad-samekey.bconf': File exists
cp: cannot create regular file '/dev/shm/linux/./tools/bootconfig/samples/bad-tree.bconf': File exists
cp: cannot create regular file '/dev/shm/linux/./tools/bootconfig/samples/escaped.bconf': File exists
cp: cannot create regular file '/dev/shm/linux/./tools/bootconfig/samples/exp-good-comment-after-value.bconf': File exists
cp: cannot create regular file '/dev/shm/linux/./tools/bootconfig/samples/exp-good-mixed-kv1.bconf': File exists
cp: cannot create regular file '/dev/shm/linux/./tools/bootconfig/samples/exp-good-mixed-kv3.bconf': File exists
cp: cannot create regular file '/dev/shm/linux/./tools/bootconfig/samples/exp-good-nested-brace.bconf': File exists
cp: cannot create regular file '/dev/shm/linux/./tools/bootconfig/samples/exp-good-printables.bconf': File exists
cp: cannot create regular file '/dev/shm/linux/./tools/bootconfig/samples/exp-good-single.bconf': File exists
cp: cannot create regular file '/dev/shm/linux/./tools/bootconfig/samples/exp-good-tree.bconf': File exists
cp: cannot create regular file '/dev/shm/linux/./tools/bootconfig/samples/good-comment-after-value.bconf': File exists
cp: cannot create regular file '/dev/shm/linux/./tools/bootconfig/samples/good-mixed-kv1.bconf': File exists
cp: cannot create regular file '/dev/shm/linux/./tools/bootconfig/samples/good-mixed-kv3.bconf': File exists
cp: cannot create regular file '/dev/shm/linux/./tools/bootconfig/samples/good-nested-brace.bconf': File exists
cp: cannot create regular file '/dev/shm/linux/./tools/bootconfig/samples/good-printables.bconf': File exists
cp: cannot create regular file '/dev/shm/linux/./tools/bootconfig/samples/good-single.bconf': File exists
cp: cannot create regular file '/dev/shm/linux/./tools/bootconfig/samples/good-tree.bconf': File exists
cp: cannot create directory '/dev/shm/linux/./tools/bootconfig/scripts': File exists
cp: cannot create regular file '/dev/shm/linux/./tools/build/feature/test-lzma.c': File exists
cp: cannot create regular file '/dev/shm/linux/./tools/build/feature/test-pthread-barrier.c': File exists
cp: cannot create regular file '/dev/shm/linux/./tools/build/feature/test-scandirat.c': File exists
cp: cannot create regular file '/dev/shm/linux/./tools/build/feature/test-sdt.c': File exists
cp: cannot create regular file '/dev/shm/linux/./tools/build/feature/test-timerfd.c': File exists
cp: cannot create regular file '/dev/shm/linux/./tools/build/feature/test-zlib.c': File exists
cp: cannot create regular file '/dev/shm/linux/./tools/crypto/ccp/dbc.py': File exists
cp: cannot create regular file '/dev/shm/linux/./tools/crypto/ccp/test_dbc.py': File exists
cp: cannot create regular file '/dev/shm/linux/./tools/debugging/kernel-chktaint': File exists
cp: cannot create regular file '/dev/shm/linux/./tools/docs/gen-redirects.py': File exists
cp: cannot create regular file '/dev/shm/linux/./tools/docs/get_feat.py': File exists
cp: cannot create regular file '/dev/shm/linux/./tools/docs/kernel-doc': File exists
cp: cannot create regular file '/dev/shm/linux/./tools/docs/parse-headers.py': File exists
cp: cannot create regular file '/dev/shm/linux/./tools/docs/sphinx-pre-install': File exists
cp: cannot create regular file '/dev/shm/linux/./tools/firewire/decode-fcp.c': File exists
cp: cannot create regular file '/dev/shm/linux/./tools/firewire/nosy-dump.c': File exists
cp: cannot create regular file '/dev/shm/linux/./tools/firmware/ihex2fw.c': File exists
cp: cannot create regular file '/dev/shm/linux/./tools/hv/vmbus_bufring.h': File exists
cp: cannot create regular file '/dev/shm/linux/./tools/iio/Build': File exists
cp: cannot create regular file '/dev/shm/linux/./tools/iio/iio_event_monitor.c': File exists
cp: cannot create regular file '/dev/shm/linux/./tools/iio/iio_utils.c': File exists
cp: cannot create regular file '/dev/shm/linux/./tools/iio/lsiio.c': File exists
cp: cannot create regular file '/dev/shm/linux/./tools/memory-model/litmus-tests/SB+fencembonceonces.litmus': File exists
cp: cannot create regular file '/dev/shm/linux/./tools/memory-model/litmus-tests/SB+poonceonces.litmus': File exists
cp: cannot create regular file '/dev/shm/linux/./tools/memory-model/litmus-tests/WRC+poonceonces+Once.litmus': File exists
cp: cannot create regular file '/dev/shm/linux/./tools/memory-model/litmus-tests/Z6.0+pooncelock+poonceLock+pombonce.litmus': File exists
cp: cannot create regular file '/dev/shm/linux/./tools/memory-model/litmus-tests/Z6.0+pooncerelease+poacquirerelease+fencembonceonce.litmus': File exists
cp: cannot create regular file '/dev/shm/linux/./tools/memory-model/scripts/checkalllitmus.sh': File exists
cp: cannot create regular file '/dev/shm/linux/./tools/memory-model/scripts/checklitmus.sh': File exists
cp: cannot create regular file '/dev/shm/linux/./tools/memory-model/scripts/checktheselitmus.sh': File exists
cp: cannot create regular file '/dev/shm/linux/./tools/memory-model/scripts/cmplitmushist.sh': File exists
cp: cannot create regular file '/dev/shm/linux/./tools/memory-model/scripts/initlitmushist.sh': File exists
cp: cannot create regular file '/dev/shm/linux/./tools/memory-model/scripts/newlitmushist.sh': File exists
cp: cannot create regular file '/dev/shm/linux/./tools/memory-model/scripts/runlitmus.sh': File exists
cp: cannot create regular file '/dev/shm/linux/./tools/memory-model/scripts/simpletest.sh': File exists
cp: cannot create directory '/dev/shm/linux/./tools/mm': File exists
cp: cannot create regular file '/dev/shm/linux/./tools/perf/arch/s390/entry/syscalls/syscall.tbl': File exists
cp: cannot create regular file '/dev/shm/linux/./tools/perf/arch/s390/util/machine.c': File exists
cp: cannot create directory '/dev/shm/linux/./tools/perf/arch/sh': File exists
cp: cannot create directory '/dev/shm/linux/./tools/perf/arch/x86/entry': File exists
cp: cannot create regular file '/dev/shm/linux/./tools/perf/arch/x86/tests/Build': File exists
cp: cannot create regular file '/dev/shm/linux/./tools/perf/arch/x86/tests/amd-ibs-via-core-pmu.c': File exists
cp: cannot create regular file '/dev/shm/linux/./tools/perf/arch/x86/tests/bp-modify.c': File exists
cp: cannot create regular file '/dev/shm/linux/./tools/perf/arch/x86/tests/gen-insn-x86-dat.awk': File exists
cp: cannot create regular file '/dev/shm/linux/./tools/perf/arch/x86/tests/hybrid.c': File exists
cp: cannot create regular file '/dev/shm/linux/./tools/perf/arch/x86/tests/regs_load.S': File exists
cp: cannot create regular file '/dev/shm/linux/./tools/perf/arch/x86/tests/topdown.c': File exists
cp: cannot create regular file '/dev/shm/linux/./tools/perf/bench/inject-buildid.c': File exists
cp: cannot create regular file '/dev/shm/linux/./tools/perf/bench/mem-functions.c': File exists
cp: cannot create regular file '/dev/shm/linux/./tools/perf/bench/mem-memcpy-x86-64-asm-def.h': File exists
cp: cannot create regular file '/dev/shm/linux/./tools/perf/bench/mem-memset-arch.h': File exists
cp: cannot create regular file '/dev/shm/linux/./tools/perf/bench/mem-memset-x86-64-asm.S': File exists
cp: cannot create regular file '/dev/shm/linux/./tools/perf/bench/pmu-scan.c': File exists
cp: cannot create regular file '/dev/shm/linux/./tools/perf/bench/sched-pipe.c': File exists
cp: cannot create regular file '/dev/shm/linux/./tools/perf/bench/synthesize.c': File exists
cp: cannot create regular file '/dev/shm/linux/./tools/perf/bench/uprobe.c': File exists
cp: cannot create regular file '/dev/shm/linux/./tools/perf/builtin-bench.c': File exists
cp: cannot create regular file '/dev/shm/linux/./tools/perf/builtin-buildid-list.c': File exists
cp: cannot create regular file '/dev/shm/linux/./tools/perf/builtin-daemon.c': File exists
cp: cannot create regular file '/dev/shm/linux/./tools/perf/builtin-diff.c': File exists
cp: cannot create regular file '/dev/shm/linux/./tools/perf/builtin-help.c': File exists
cp: cannot create regular file '/dev/shm/linux/./tools/perf/builtin-kmem.c': File exists
cp: cannot create regular file '/dev/shm/linux/./tools/perf/builtin-kwork.c': File exists
cp: cannot create regular file '/dev/shm/linux/./tools/perf/builtin-record.c': File exists
cp: cannot create regular file '/dev/shm/linux/./tools/perf/builtin-stat.c': File exists
cp: cannot create regular file '/dev/shm/linux/./tools/perf/builtin.h': File exists
cp: cannot create regular file '/dev/shm/linux/./tools/perf/dlfilters/dlfilter-show-cycles.c': File exists
cp: cannot create regular file '/dev/shm/linux/./tools/perf/dlfilters/dlfilter-test-api-v2.c': File exists
cp: cannot create regular file '/dev/shm/linux/./tools/perf/jvmti/jvmti_agent.h': File exists
cp: cannot create regular file '/dev/shm/linux/./tools/perf/perf-archive.sh': File exists
cp: cannot create regular file '/dev/shm/linux/./tools/perf/perf-iostat.sh': File exists
cp: cannot create regular file '/dev/shm/linux/./tools/perf/perf-sys.h': File exists
cp: cannot create regular file '/dev/shm/linux/./tools/perf/perf.h': File exists
cp: cannot create regular file '/dev/shm/linux/./tools/sched_ext/include/scx/bpf_arena_common.bpf.h': File exists
cp: cannot create regular file '/dev/shm/linux/./tools/sched_ext/include/scx/common.bpf.h': File exists
cp: cannot create regular file '/dev/shm/linux/./tools/sched_ext/include/scx/compat.bpf.h': File exists
cp: cannot create regular file '/dev/shm/linux/./tools/sched_ext/include/scx/enums.autogen.bpf.h': File exists
cp: cannot create regular file '/dev/shm/linux/./tools/sched_ext/include/scx/enums.bpf.h': File exists
cp: cannot create regular file '/dev/shm/linux/./tools/sched_ext/include/scx/user_exit_info.bpf.h': File exists
cp: cannot create regular file '/dev/shm/linux/./tools/sched_ext/include/scx/user_exit_info_common.h': File exists
cp: cannot create regular file '/dev/shm/linux/./tools/sched_ext/scx_central.c': File exists
cp: cannot create regular file '/dev/shm/linux/./tools/sched_ext/scx_cpu0.c': File exists
cp: cannot create regular file '/dev/shm/linux/./tools/sched_ext/scx_flatcg.c': File exists
cp: cannot create regular file '/dev/shm/linux/./tools/sched_ext/scx_pair.bpf.c': File exists
cp: cannot create regular file '/dev/shm/linux/./tools/sched_ext/scx_pair.h': File exists
cp: cannot create regular file '/dev/shm/linux/./tools/sched_ext/scx_qmap.c': File exists
cp: cannot create regular file '/dev/shm/linux/./tools/sched_ext/scx_sdt.c': File exists
cp: cannot create regular file '/dev/shm/linux/./tools/sched_ext/scx_show_state.py': File exists
cp: cannot create regular file '/dev/shm/linux/./tools/sched_ext/scx_simple.c': File exists
cp: cannot create regular file '/dev/shm/linux/./tools/sched_ext/scx_userland.c': File exists
cp: cannot create directory '/dev/shm/linux/./tools/scripts': File exists
cp: cannot create regular file '/dev/shm/linux/./tools/testing/crypto/chacha20-s390/test-cipher.c': File exists
cp: cannot create regular file '/dev/shm/linux/./tools/testing/ktest/examples/include/patchcheck.conf': File exists
cp: cannot create regular file '/dev/shm/linux/./tools/testing/ktest/examples/snowball.conf': File exists
cp: cannot create regular file '/dev/shm/linux/./tools/testing/ktest/examples/vmware.conf': File exists
cp: cannot create regular file '/dev/shm/linux/./tools/testing/radix-tree/regression.h': File exists
cp: cannot create regular file '/dev/shm/linux/./tools/testing/radix-tree/regression2.c': File exists
cp: cannot create regular file '/dev/shm/linux/./tools/testing/radix-tree/regression4.c': File exists
cp: cannot create regular file '/dev/shm/linux/./tools/testing/radix-tree/test.c': File exists
cp: cannot create regular file '/dev/shm/linux/./tools/testing/radix-tree/xarray.c': File exists
cp: cannot create directory '/dev/shm/linux/./tools/testing/rbtree': File exists
cp: cannot create regular file '/dev/shm/linux/./tools/testing/selftests/.gitignore': File exists
cp: cannot create regular file '/dev/shm/linux/./tools/testing/selftests/acct/.gitignore': File exists
cp: cannot create regular file '/dev/shm/linux/./tools/testing/selftests/acct/acct_syscall.c': File exists
cp: cannot create regular file '/dev/shm/linux/./tools/testing/selftests/arm64/abi/syscall-abi-asm.S': File exists
cp: cannot create regular file '/dev/shm/linux/./tools/testing/selftests/arm64/abi/syscall-abi.h': File exists
cp: cannot create regular file '/dev/shm/linux/./tools/testing/selftests/arm64/bti/Makefile': File exists
cp: cannot create regular file '/dev/shm/linux/./tools/testing/selftests/arm64/bti/btitest.h': File exists
cp: cannot create regular file '/dev/shm/linux/./tools/testing/selftests/arm64/bti/signal.h': File exists
cp: cannot create regular file '/dev/shm/linux/./tools/testing/selftests/arm64/bti/syscall.S': File exists
cp: cannot create regular file '/dev/shm/linux/./tools/testing/selftests/arm64/bti/system.h': File exists
cp: cannot create regular file '/dev/shm/linux/./tools/testing/selftests/arm64/bti/teststubs.S': File exists
cp: cannot create regular file '/dev/shm/linux/./tools/testing/selftests/arm64/fp/.gitignore': File exists
cp: cannot create regular file '/dev/shm/linux/./tools/testing/selftests/arm64/fp/README': File exists
cp: cannot create regular file '/dev/shm/linux/./tools/testing/selftests/arm64/fp/asm-offsets.h': File exists
cp: cannot create regular file '/dev/shm/linux/./tools/testing/selftests/arm64/fp/assembler.h': File exists
cp: cannot create regular file '/dev/shm/linux/./tools/testing/selftests/arm64/fp/fp-ptrace-asm.S': File exists
cp: cannot create regular file '/dev/shm/linux/./tools/testing/selftests/arm64/fp/fp-ptrace.c': File exists
cp: cannot create regular file '/dev/shm/linux/./tools/testing/selftests/arm64/fp/fp-stress.c': File exists
cp: cannot create regular file '/dev/shm/linux/./tools/testing/selftests/arm64/fp/fpsimd-test.S': File exists
cp: cannot create regular file '/dev/shm/linux/./tools/testing/selftests/arm64/fp/rdvl-sme.c': File exists
cp: cannot create regular file '/dev/shm/linux/./tools/testing/selftests/arm64/fp/rdvl.S': File exists
cp: cannot create regular file '/dev/shm/linux/./tools/testing/selftests/arm64/fp/sme-inst.h': File exists
cp: cannot create regular file '/dev/shm/linux/./tools/testing/selftests/arm64/fp/ssve-stress': File exists
cp: cannot create regular file '/dev/shm/linux/./tools/testing/selftests/arm64/fp/sve-ptrace.c': File exists
cp: cannot create regular file '/dev/shm/linux/./tools/testing/selftests/arm64/fp/sve-test.S': File exists
cp: cannot create regular file '/dev/shm/linux/./tools/testing/selftests/arm64/fp/vlset.c': File exists
cp: cannot create regular file '/dev/shm/linux/./tools/testing/selftests/arm64/fp/za-fork.c': File exists
cp: cannot create regular file '/dev/shm/linux/./tools/testing/selftests/arm64/fp/za-stress': File exists
cp: cannot create regular file '/dev/shm/linux/./tools/testing/selftests/arm64/fp/zt-ptrace.c': File exists
cp: cannot create regular file '/dev/shm/linux/./tools/testing/selftests/arm64/gcs/.gitignore': File exists
cp: cannot create regular file '/dev/shm/linux/./tools/testing/selftests/arm64/gcs/asm-offsets.h': File exists
cp: cannot create regular file '/dev/shm/linux/./tools/testing/selftests/arm64/gcs/basic-gcs.c': File exists
cp: cannot create regular file '/dev/shm/linux/./tools/testing/selftests/arm64/gcs/gcs-stress-thread.S': File exists
cp: cannot create regular file '/dev/shm/linux/./tools/testing/selftests/arm64/gcs/gcs-util.h': File exists
cp: cannot create regular file '/dev/shm/linux/./tools/testing/selftests/arm64/gcs/gcsstr.S': File exists
cp: cannot create regular file '/dev/shm/linux/./tools/testing/selftests/arm64/mte/Makefile': File exists
cp: cannot create regular file '/dev/shm/linux/./tools/testing/selftests/arm64/mte/check_child_memory.c': File exists
cp: cannot create regular file '/dev/shm/linux/./tools/testing/selftests/arm64/mte/check_hugetlb_options.c': File exists
cp: cannot create regular file '/dev/shm/linux/./tools/testing/selftests/arm64/mte/check_mmap_options.c': File exists
cp: cannot create regular file '/dev/shm/linux/./tools/testing/selftests/arm64/mte/check_tags_inclusion.c': File exists
cp: cannot create regular file '/dev/shm/linux/./tools/testing/selftests/arm64/mte/mte_common_util.c': File exists
cp: cannot create regular file '/dev/shm/linux/./tools/testing/selftests/arm64/mte/mte_def.h': File exists
cp: cannot create regular file '/dev/shm/linux/./tools/testing/selftests/arm64/pauth/.gitignore': File exists
cp: cannot create regular file '/dev/shm/linux/./tools/testing/selftests/arm64/pauth/exec_target.c': File exists
cp: cannot create regular file '/dev/shm/linux/./tools/testing/selftests/arm64/pauth/helper.h': File exists
cp: cannot create regular file '/dev/shm/linux/./tools/testing/selftests/arm64/pauth/pac_corruptor.S': File exists
cp: cannot create regular file '/dev/shm/linux/./tools/testing/selftests/bpf/bpf_legacy.h': File exists
cp: cannot create regular file '/dev/shm/linux/./tools/testing/selftests/bpf/bpf_sockopt_helpers.h': File exists
cp: cannot create regular file '/dev/shm/linux/./tools/testing/selftests/bpf/bpftool_helpers.c': File exists
cp: cannot create regular file '/dev/shm/linux/./tools/testing/selftests/bpf/btf_helpers.c': File exists
cp: cannot create regular file '/dev/shm/linux/./tools/testing/selftests/bpf/cap_helpers.c': File exists
cp: cannot create regular file '/dev/shm/linux/./tools/testing/selftests/bpf/cap_helpers.h': File exists
cp: cannot create regular file '/dev/shm/linux/./tools/testing/selftests/bpf/cgroup_helpers.c': File exists
cp: cannot create regular file '/dev/shm/linux/./tools/testing/selftests/bpf/cgroup_helpers.h': File exists
cp: cannot create regular file '/dev/shm/linux/./tools/testing/selftests/bpf/cgroup_tcp_skb.h': File exists
cp: cannot create regular file '/dev/shm/linux/./tools/testing/selftests/bpf/config': File exists
cp: cannot create regular file '/dev/shm/linux/./tools/testing/selftests/bpf/config.ppc64el': File exists
cp: cannot create regular file '/dev/shm/linux/./tools/testing/selftests/bpf/config.s390x': File exists
cp: cannot create regular file '/dev/shm/linux/./tools/testing/selftests/bpf/config.x86_64': File exists
cp: cannot create symbolic link '/dev/shm/linux/./tools/testing/selftests/bpf/disasm.h': File exists
cp: cannot create regular file '/dev/shm/linux/./tools/testing/selftests/bpf/disasm_helpers.h': File exists
cp: cannot create regular file '/dev/shm/linux/./tools/testing/selftests/bpf/flow_dissector_load.h': File exists
cp: cannot create regular file '/dev/shm/linux/./tools/testing/selftests/bpf/ima_setup.sh': File exists
cp: cannot create regular file '/dev/shm/linux/./tools/testing/selftests/bpf/io_helpers.h': File exists
cp: cannot create regular file '/dev/shm/linux/./tools/testing/selftests/bpf/jit_disasm_helpers.c': File exists
cp: cannot create symbolic link '/dev/shm/linux/./tools/testing/selftests/bpf/json_writer.c': File exists
cp: cannot create symbolic link '/dev/shm/linux/./tools/testing/selftests/bpf/json_writer.h': File exists
cp: cannot create regular file '/dev/shm/linux/./tools/testing/selftests/bpf/liburandom_read.map': File exists
cp: cannot create regular file '/dev/shm/linux/./tools/testing/selftests/bpf/prog_tests/arena_list.c': File exists
cp: cannot create regular file '/dev/shm/linux/./tools/testing/selftests/bpf/prog_tests/arena_strsearch.c': File exists
cp: cannot create regular file '/dev/shm/linux/./tools/testing/selftests/bpf/prog_tests/assign_reuse.c': File exists
cp: cannot create regular file '/dev/shm/linux/./tools/testing/selftests/bpf/prog_tests/atomics.c': File exists
cp: cannot create regular file '/dev/shm/linux/./tools/testing/selftests/bpf/prog_tests/autoattach.c': File exists
cp: cannot create regular file '/dev/shm/linux/./tools/testing/selftests/bpf/prog_tests/bad_struct_ops.c': File exists
cp: cannot create regular file '/dev/shm/linux/./tools/testing/selftests/bpf/prog_tests/bind_perm.c': File exists
cp: cannot create regular file '/dev/shm/linux/./tools/testing/selftests/bpf/prog_tests/bpf_cookie.c': File exists
cp: cannot create regular file '/dev/shm/linux/./tools/testing/selftests/bpf/prog_tests/bpf_insn_array.c': File exists
cp: cannot create regular file '/dev/shm/linux/./tools/testing/selftests/bpf/prog_tests/bpf_iter_setsockopt.c': File exists
cp: cannot create regular file '/dev/shm/linux/./tools/testing/selftests/bpf/prog_tests/bpf_loop.c': File exists
cp: cannot create regular file '/dev/shm/linux/./tools/testing/selftests/bpf/prog_tests/bpf_nf.c': File exists
cp: cannot create regular file '/dev/shm/linux/./tools/testing/selftests/bpf/prog_tests/bpf_obj_pinning.c': File exists
cp: cannot create regular file '/dev/shm/linux/./tools/testing/selftests/bpf/prog_tests/bpf_tcp_ca.c': File exists
cp: cannot create regular file '/dev/shm/linux/./tools/testing/selftests/bpf/prog_tests/bpftool_maps_access.c': File exists
cp: cannot create regular file '/dev/shm/linux/./tools/testing/selftests/bpf/prog_tests/btf.c': File exists
cp: cannot create regular file '/dev/shm/linux/./tools/testing/selftests/bpf/prog_tests/btf_dump.c': File exists
cp: cannot create regular file '/dev/shm/linux/./tools/testing/selftests/bpf/prog_tests/btf_field_iter.c': File exists
cp: cannot create regular file '/dev/shm/linux/./tools/testing/selftests/bpf/prog_tests/btf_map_in_map.c': File exists
cp: cannot create regular file '/dev/shm/linux/./tools/testing/selftests/bpf/prog_tests/btf_permute.c': File exists
cp: cannot create regular file '/dev/shm/linux/./tools/testing/selftests/bpf/prog_tests/btf_skc_cls_ingress.c': File exists
cp: cannot create regular file '/dev/shm/linux/./tools/testing/selftests/bpf/prog_tests/btf_sysfs.c': File exists
cp: cannot create regular file '/dev/shm/linux/./tools/testing/selftests/bpf/prog_tests/btf_write.c': File exists
cp: cannot create regular file '/dev/shm/linux/./tools/testing/selftests/bpf/prog_tests/cb_refs.c': File exists
cp: cannot create regular file '/dev/shm/linux/./tools/testing/selftests/bpf/prog_tests/cgroup1_hierarchy.c': File exists
cp: cannot create regular file '/dev/shm/linux/./tools/testing/selftests/bpf/prog_tests/cgroup_attach_autodetach.c': File exists
cp: cannot create regular file '/dev/shm/linux/./tools/testing/selftests/bpf/prog_tests/cgroup_attach_override.c': File exists
cp: cannot create regular file '/dev/shm/linux/./tools/testing/selftests/bpf/prog_tests/cgroup_get_current_cgroup_id.c': File exists
cp: cannot create regular file '/dev/shm/linux/./tools/testing/selftests/bpf/prog_tests/cgroup_hierarchical_stats.c': File exists
cp: cannot create regular file '/dev/shm/linux/./tools/testing/selftests/bpf/prog_tests/cgroup_iter_memcg.c': File exists
cp: cannot create regular file '/dev/shm/linux/./tools/testing/selftests/bpf/prog_tests/cgroup_mprog_opts.c': File exists
cp: cannot create regular file '/dev/shm/linux/./tools/testing/selftests/bpf/prog_tests/cgroup_preorder.c': File exists
cp: cannot create regular file '/dev/shm/linux/./tools/testing/selftests/bpf/prog_tests/cgroup_skb_sk_lookup.c': File exists
cp: cannot create regular file '/dev/shm/linux/./tools/testing/selftests/bpf/prog_tests/cgroup_tcp_skb.c': File exists
cp: cannot create regular file '/dev/shm/linux/./tools/testing/selftests/bpf/prog_tests/cgroup_xattr.c': File exists
cp: cannot create regular file '/dev/shm/linux/./tools/testing/selftests/bpf/prog_tests/cgrp_local_storage.c': File exists
cp: cannot create regular file '/dev/shm/linux/./tools/testing/selftests/bpf/prog_tests/clone_attach_btf_id.c': File exists
cp: cannot create regular file '/dev/shm/linux/./tools/testing/selftests/bpf/prog_tests/compute_live_registers.c': File exists
cp: cannot create regular file '/dev/shm/linux/./tools/testing/selftests/bpf/prog_tests/connect_ping.c': File exists
cp: cannot create regular file '/dev/shm/linux/./tools/testing/selftests/bpf/prog_tests/core_extern.c': File exists
cp: cannot create regular file '/dev/shm/linux/./tools/testing/selftests/bpf/prog_tests/core_kern_overflow.c': File exists
cp: cannot create regular file '/dev/shm/linux/./tools/testing/selftests/bpf/prog_tests/core_reloc.c': File exists
cp: cannot create regular file '/dev/shm/linux/./tools/testing/selftests/bpf/prog_tests/core_retro.c': File exists
cp: cannot create regular file '/dev/shm/linux/./tools/testing/selftests/bpf/prog_tests/cpumask.c': File exists
cp: cannot create regular file '/dev/shm/linux/./tools/testing/selftests/bpf/prog_tests/crypto_sanity.c': File exists
cp: cannot create regular file '/dev/shm/linux/./tools/testing/selftests/bpf/prog_tests/custom_sec_handlers.c': File exists
cp: cannot create regular file '/dev/shm/linux/./tools/testing/selftests/bpf/prog_tests/decap_sanity.c': File exists
cp: cannot create regular file '/dev/shm/linux/./tools/testing/selftests/bpf/prog_tests/dmabuf_iter.c': File exists
cp: cannot create regular file '/dev/shm/linux/./tools/testing/selftests/bpf/prog_tests/dynptr.c': File exists
cp: cannot create regular file '/dev/shm/linux/./tools/testing/selftests/bpf/prog_tests/enable_stats.c': File exists
cp: cannot create regular file '/dev/shm/linux/./tools/testing/selftests/bpf/prog_tests/exceptions.c': File exists
cp: cannot create regular file '/dev/shm/linux/./tools/testing/selftests/bpf/prog_tests/exhandler.c': File exists
cp: cannot create regular file '/dev/shm/linux/./tools/testing/selftests/bpf/prog_tests/fd_htab_lookup.c': File exists
cp: cannot create regular file '/dev/shm/linux/./tools/testing/selftests/bpf/prog_tests/fentry_test.c': File exists
cp: cannot create regular file '/dev/shm/linux/./tools/testing/selftests/bpf/prog_tests/fexit_sleep.c': File exists
cp: cannot create regular file '/dev/shm/linux/./tools/testing/selftests/bpf/prog_tests/fexit_test.c': File exists
cp: cannot create regular file '/dev/shm/linux/./tools/testing/selftests/bpf/prog_tests/file_reader.c': File exists
cp: cannot create regular file '/dev/shm/linux/./tools/testing/selftests/bpf/prog_tests/find_vma.c': File exists
cp: cannot create regular file '/dev/shm/linux/./tools/testing/selftests/bpf/prog_tests/flow_dissector_classification.c': File exists
cp: cannot create regular file '/dev/shm/linux/./tools/testing/selftests/bpf/prog_tests/flow_dissector_reattach.c': File exists
cp: cannot create regular file '/dev/shm/linux/./tools/testing/selftests/bpf/prog_tests/free_timer.c': File exists
cp: cannot create regular file '/dev/shm/linux/./tools/testing/selftests/bpf/prog_tests/fsession_test.c': File exists
cp: cannot create regular file '/dev/shm/linux/./tools/testing/selftests/bpf/prog_tests/get_func_args_test.c': File exists
cp: cannot create regular file '/dev/shm/linux/./tools/testing/selftests/bpf/prog_tests/get_stack_raw_tp.c': File exists
cp: cannot create regular file '/dev/shm/linux/./tools/testing/selftests/bpf/prog_tests/global_data.c': File exists
cp: cannot create regular file '/dev/shm/linux/./tools/testing/selftests/bpf/prog_tests/global_func_args.c': File exists
cp: cannot create regular file '/dev/shm/linux/./tools/testing/selftests/bpf/prog_tests/global_map_resize.c': File exists
cp: cannot create regular file '/dev/shm/linux/./tools/testing/selftests/bpf/prog_tests/hashmap.c': File exists
cp: cannot create regular file '/dev/shm/linux/./tools/testing/selftests/bpf/prog_tests/htab_reuse.c': File exists
cp: cannot create regular file '/dev/shm/linux/./tools/testing/selftests/bpf/prog_tests/inner_array_lookup.c': File exists
cp: cannot create regular file '/dev/shm/linux/./tools/testing/selftests/bpf/prog_tests/iter_buf_null_fail.c': File exists
cp: cannot create regular file '/dev/shm/linux/./tools/testing/selftests/bpf/prog_tests/iters.c': File exists
cp: cannot create regular file '/dev/shm/linux/./tools/testing/selftests/bpf/prog_tests/jit_probe_mem.c': File exists
cp: cannot create regular file '/dev/shm/linux/./tools/testing/selftests/bpf/prog_tests/kfree_skb.c': File exists
cp: cannot create regular file '/dev/shm/linux/./tools/testing/selftests/bpf/prog_tests/kfunc_dynptr_param.c': File exists
cp: cannot create regular file '/dev/shm/linux/./tools/testing/selftests/bpf/prog_tests/kfunc_module_order.c': File exists
cp: cannot create regular file '/dev/shm/linux/./tools/testing/selftests/bpf/prog_tests/kmem_cache_iter.c': File exists
cp: cannot create regular file '/dev/shm/linux/./tools/testing/selftests/bpf/prog_tests/kprobe_multi_testmod_test.c': File exists
cp: cannot create regular file '/dev/shm/linux/./tools/testing/selftests/bpf/prog_tests/ksyms_btf.c': File exists
cp: cannot create regular file '/dev/shm/linux/./tools/testing/selftests/bpf/prog_tests/l4lb_all.c': File exists
cp: cannot create regular file '/dev/shm/linux/./tools/testing/selftests/bpf/prog_tests/libbpf_get_fd_by_id_opts.c': File exists
cp: cannot create regular file '/dev/shm/linux/./tools/testing/selftests/bpf/prog_tests/libbpf_str.c': File exists
cp: cannot create regular file '/dev/shm/linux/./tools/testing/selftests/bpf/prog_tests/linked_funcs.c': File exists
cp: cannot create regular file '/dev/shm/linux/./tools/testing/selftests/bpf/prog_tests/linked_maps.c': File exists
cp: cannot create regular file '/dev/shm/linux/./tools/testing/selftests/bpf/prog_tests/livepatch_trampoline.c': File exists
cp: cannot create regular file '/dev/shm/linux/./tools/testing/selftests/bpf/prog_tests/local_kptr_stash.c': File exists
cp: cannot create regular file '/dev/shm/linux/./tools/testing/selftests/bpf/prog_tests/log_fixup.c': File exists
cp: cannot create regular file '/dev/shm/linux/./tools/testing/selftests/bpf/prog_tests/lookup_key.c': File exists
cp: cannot create regular file '/dev/shm/linux/./tools/testing/selftests/bpf/prog_tests/lsm_bdev.c': File exists
cp: cannot create regular file '/dev/shm/linux/./tools/testing/selftests/bpf/prog_tests/lwt_helpers.h': File exists
cp: cannot create regular file '/dev/shm/linux/./tools/testing/selftests/bpf/prog_tests/lwt_misc.c': File exists
cp: cannot create regular file '/dev/shm/linux/./tools/testing/selftests/bpf/prog_tests/lwt_redirect.c': File exists
cp: cannot create regular file '/dev/shm/linux/./tools/testing/selftests/bpf/prog_tests/lwt_seg6local.c': File exists
cp: cannot create regular file '/dev/shm/linux/./tools/testing/selftests/bpf/prog_tests/map_excl.c': File exists
cp: cannot create regular file '/dev/shm/linux/./tools/testing/selftests/bpf/prog_tests/map_init.c': File exists
cp: cannot create regular file '/dev/shm/linux/./tools/testing/selftests/bpf/prog_tests/map_kptr_race.c': File exists
cp: cannot create regular file '/dev/shm/linux/./tools/testing/selftests/bpf/prog_tests/map_lookup_percpu_elem.c': File exists
cp: cannot create regular file '/dev/shm/linux/./tools/testing/selftests/bpf/prog_tests/map_ptr.c': File exists
cp: cannot create regular file '/dev/shm/linux/./tools/testing/selftests/bpf/prog_tests/metadata.c': File exists
cp: cannot create regular file '/dev/shm/linux/./tools/testing/selftests/bpf/prog_tests/missed.c': File exists
cp: cannot create regular file '/dev/shm/linux/./tools/testing/selftests/bpf/prog_tests/modify_return.c': File exists
cp: cannot create regular file '/dev/shm/linux/./tools/testing/selftests/bpf/prog_tests/module_fentry_shadow.c': File exists
cp: cannot create regular file '/dev/shm/linux/./tools/testing/selftests/bpf/prog_tests/nested_trust.c': File exists
cp: cannot create regular file '/dev/shm/linux/./tools/testing/selftests/bpf/prog_tests/netcnt.c': File exists
cp: cannot create regular file '/dev/shm/linux/./tools/testing/selftests/bpf/prog_tests/netns_cookie.c': File exists
cp: cannot create regular file '/dev/shm/linux/./tools/testing/selftests/bpf/prog_tests/obj_name.c': File exists
cp: cannot create regular file '/dev/shm/linux/./tools/testing/selftests/bpf/prog_tests/parse_tcp_hdr_opt.c': File exists
cp: cannot create regular file '/dev/shm/linux/./tools/testing/selftests/bpf/prog_tests/percpu_alloc.c': File exists
cp: cannot create regular file '/dev/shm/linux/./tools/testing/selftests/bpf/prog_tests/perf_branches.c': File exists
cp: cannot create regular file '/dev/shm/linux/./tools/testing/selftests/bpf/prog_tests/perf_link.c': File exists
cp: cannot create regular file '/dev/shm/linux/./tools/testing/selftests/bpf/prog_tests/pinning.c': File exists
cp: cannot create regular file '/dev/shm/linux/./tools/testing/selftests/bpf/prog_tests/pkt_access.c': File exists
cp: cannot create regular file '/dev/shm/linux/./tools/testing/selftests/bpf/prog_tests/preempt_lock.c': File exists
cp: cannot create regular file '/dev/shm/linux/./tools/testing/selftests/bpf/prog_tests/prepare.c': File exists
cp: cannot create regular file '/dev/shm/linux/./tools/testing/selftests/bpf/prog_tests/probe_read_user_str.c': File exists
cp: cannot create regular file '/dev/shm/linux/./tools/testing/selftests/bpf/prog_tests/prog_array_init.c': File exists
cp: cannot create regular file '/dev/shm/linux/./tools/testing/selftests/bpf/prog_tests/prog_tests_framework.c': File exists
cp: cannot create regular file '/dev/shm/linux/./tools/testing/selftests/bpf/prog_tests/queue_stack_map.c': File exists
cp: cannot create regular file '/dev/shm/linux/./tools/testing/selftests/bpf/prog_tests/raw_tp_null.c': File exists
cp: cannot create regular file '/dev/shm/linux/./tools/testing/selftests/bpf/prog_tests/raw_tp_writable_reject_nbd_invalid.c': File exists
cp: cannot create regular file '/dev/shm/linux/./tools/testing/selftests/bpf/prog_tests/raw_tp_writable_test_run.c': File exists
cp: cannot create regular file '/dev/shm/linux/./tools/testing/selftests/bpf/prog_tests/rcu_read_lock.c': File exists
cp: cannot create regular file '/dev/shm/linux/./tools/testing/selftests/bpf/prog_tests/read_vsyscall.c': File exists
cp: cannot create regular file '/dev/shm/linux/./tools/testing/selftests/bpf/prog_tests/refcounted_kptr.c': File exists
cp: cannot create regular file '/dev/shm/linux/./tools/testing/selftests/bpf/prog_tests/reg_bounds.c': File exists
cp: cannot create regular file '/dev/shm/linux/./tools/testing/selftests/bpf/prog_tests/resolve_btfids.c': File exists
cp: cannot create regular file '/dev/shm/linux/./tools/testing/selftests/bpf/prog_tests/ringbuf.c': File exists
cp: cannot create regular file '/dev/shm/linux/./tools/testing/selftests/bpf/prog_tests/ringbuf_multi.c': File exists
cp: cannot create regular file '/dev/shm/linux/./tools/testing/selftests/bpf/prog_tests/select_reuseport.c': File exists
cp: cannot create regular file '/dev/shm/linux/./tools/testing/selftests/bpf/prog_tests/send_signal_sched_switch.c': File exists
cp: cannot create regular file '/dev/shm/linux/./tools/testing/selftests/bpf/prog_tests/sha256.c': File exists
cp: cannot create regular file '/dev/shm/linux/./tools/testing/selftests/bpf/prog_tests/signal_pending.c': File exists
cp: cannot create regular file '/dev/shm/linux/./tools/testing/selftests/bpf/prog_tests/sk_bypass_prot_mem.c': File exists
cp: cannot create regular file '/dev/shm/linux/./tools/testing/selftests/bpf/prog_tests/skb_ctx.c': File exists
cp: cannot create regular file '/dev/shm/linux/./tools/testing/selftests/bpf/prog_tests/skb_load_bytes.c': File exists
cp: cannot create regular file '/dev/shm/linux/./tools/testing/selftests/bpf/prog_tests/snprintf.c': File exists
cp: cannot create regular file '/dev/shm/linux/./tools/testing/selftests/bpf/prog_tests/sock_fields.c': File exists
cp: cannot create regular file '/dev/shm/linux/./tools/testing/selftests/bpf/prog_tests/sock_ops_get_sk.c': File exists
cp: cannot create regular file '/dev/shm/linux/./tools/testing/selftests/bpf/prog_tests/socket_cookie.c': File exists
cp: cannot create regular file '/dev/shm/linux/./tools/testing/selftests/bpf/prog_tests/socket_helpers.h': File exists
cp: cannot create regular file '/dev/shm/linux/./tools/testing/selftests/bpf/prog_tests/sockmap_helpers.h': File exists
cp: cannot create regular file '/dev/shm/linux/./tools/testing/selftests/bpf/prog_tests/sockmap_listen.c': File exists
cp: cannot create regular file '/dev/shm/linux/./tools/testing/selftests/bpf/prog_tests/sockmap_strp.c': File exists
cp: cannot create regular file '/dev/shm/linux/./tools/testing/selftests/bpf/prog_tests/sockopt_inherit.c': File exists
cp: cannot create regular file '/dev/shm/linux/./tools/testing/selftests/bpf/prog_tests/sockopt_qos_to_cc.c': File exists
cp: cannot create regular file '/dev/shm/linux/./tools/testing/selftests/bpf/prog_tests/stacktrace_build_id.c': File exists
cp: cannot create regular file '/dev/shm/linux/./tools/testing/selftests/bpf/prog_tests/stacktrace_build_id_nmi.c': File exists
cp: cannot create regular file '/dev/shm/linux/./tools/testing/selftests/bpf/prog_tests/stacktrace_map.c': File exists
cp: cannot create regular file '/dev/shm/linux/./tools/testing/selftests/bpf/prog_tests/stacktrace_map_skip.c': File exists
cp: cannot create regular file '/dev/shm/linux/./tools/testing/selftests/bpf/prog_tests/stream.c': File exists
cp: cannot create regular file '/dev/shm/linux/./tools/testing/selftests/bpf/prog_tests/string_kfuncs.c': File exists
cp: cannot create regular file '/dev/shm/linux/./tools/testing/selftests/bpf/prog_tests/struct_ops_autocreate.c': File exists
cp: cannot create regular file '/dev/shm/linux/./tools/testing/selftests/bpf/prog_tests/subprogs.c': File exists
cp: cannot create regular file '/dev/shm/linux/./tools/testing/selftests/bpf/prog_tests/subskeleton.c': File exists
cp: cannot create regular file '/dev/shm/linux/./tools/testing/selftests/bpf/prog_tests/syscall.c': File exists
cp: cannot create regular file '/dev/shm/linux/./tools/testing/selftests/bpf/prog_tests/tailcalls.c': File exists
cp: cannot create regular file '/dev/shm/linux/./tools/testing/selftests/bpf/prog_tests/task_fd_query_tp.c': File exists
cp: cannot create regular file '/dev/shm/linux/./tools/testing/selftests/bpf/prog_tests/task_local_data.h': File exists
cp: cannot create regular file '/dev/shm/linux/./tools/testing/selftests/bpf/prog_tests/task_pt_regs.c': File exists
cp: cannot create regular file '/dev/shm/linux/./tools/testing/selftests/bpf/prog_tests/task_work_stress.c': File exists
cp: cannot create regular file '/dev/shm/linux/./tools/testing/selftests/bpf/prog_tests/tc_change_tail.c': File exists
cp: cannot create regular file '/dev/shm/linux/./tools/testing/selftests/bpf/prog_tests/tc_links.c': File exists
cp: cannot create regular file '/dev/shm/linux/./tools/testing/selftests/bpf/prog_tests/tcp_custom_syncookie.c': File exists
cp: cannot create regular file '/dev/shm/linux/./tools/testing/selftests/bpf/prog_tests/tcp_hdr_options.c': File exists
cp: cannot create regular file '/dev/shm/linux/./tools/testing/selftests/bpf/prog_tests/tcp_rtt.c': File exists
cp: cannot create regular file '/dev/shm/linux/./tools/testing/selftests/bpf/prog_tests/test_bpf_ma.c': File exists
cp: cannot create regular file '/dev/shm/linux/./tools/testing/selftests/bpf/prog_tests/test_bpf_syscall_macro.c': File exists
cp: cannot create regular file '/dev/shm/linux/./tools/testing/selftests/bpf/prog_tests/test_csum_diff.c': File exists
cp: cannot create regular file '/dev/shm/linux/./tools/testing/selftests/bpf/prog_tests/test_global_funcs.c': File exists
cp: cannot create regular file '/dev/shm/linux/./tools/testing/selftests/bpf/prog_tests/test_ldsx_insn.c': File exists
cp: cannot create regular file '/dev/shm/linux/./tools/testing/selftests/bpf/prog_tests/test_lsm.c': File exists
cp: cannot create regular file '/dev/shm/linux/./tools/testing/selftests/bpf/prog_tests/test_overhead.c': File exists
cp: cannot create regular file '/dev/shm/linux/./tools/testing/selftests/bpf/prog_tests/test_skb_pkt_end.c': File exists
cp: cannot create regular file '/dev/shm/linux/./tools/testing/selftests/bpf/prog_tests/test_struct_ops_assoc.c': File exists
cp: cannot create regular file '/dev/shm/linux/./tools/testing/selftests/bpf/prog_tests/test_struct_ops_id_ops_mapping.c': File exists
cp: cannot create regular file '/dev/shm/linux/./tools/testing/selftests/bpf/prog_tests/test_struct_ops_maybe_null.c': File exists
cp: cannot create regular file '/dev/shm/linux/./tools/testing/selftests/bpf/prog_tests/test_struct_ops_multi_args.c': File exists
cp: cannot create regular file '/dev/shm/linux/./tools/testing/selftests/bpf/prog_tests/test_struct_ops_multi_pages.c': File exists
cp: cannot create regular file '/dev/shm/linux/./tools/testing/selftests/bpf/prog_tests/test_sysctl.c': File exists
cp: cannot create regular file '/dev/shm/linux/./tools/testing/selftests/bpf/prog_tests/test_task_work.c': File exists
cp: cannot create regular file '/dev/shm/linux/./tools/testing/selftests/bpf/prog_tests/test_tc_edt.c': File exists
cp: cannot create regular file '/dev/shm/linux/./tools/testing/selftests/bpf/prog_tests/test_tunnel.c': File exists
cp: cannot create regular file '/dev/shm/linux/./tools/testing/selftests/bpf/prog_tests/test_xsk.c': File exists
cp: cannot create regular file '/dev/shm/linux/./tools/testing/selftests/bpf/prog_tests/time_tai.c': File exists
cp: cannot create regular file '/dev/shm/linux/./tools/testing/selftests/bpf/prog_tests/timer_crash.c': File exists
cp: cannot create regular file '/dev/shm/linux/./tools/testing/selftests/bpf/prog_tests/timer_start_deadlock.c': File exists
cp: cannot create regular file '/dev/shm/linux/./tools/testing/selftests/bpf/prog_tests/token.c': File exists
cp: cannot create regular file '/dev/shm/linux/./tools/testing/selftests/bpf/prog_tests/trace_ext.c': File exists
cp: cannot create regular file '/dev/shm/linux/./tools/testing/selftests/bpf/prog_tests/trace_printk.c': File exists
cp: cannot create regular file '/dev/shm/linux/./tools/testing/selftests/bpf/prog_tests/tracing_failure.c': File exists
cp: cannot create regular file '/dev/shm/linux/./tools/testing/selftests/bpf/prog_tests/trampoline_count.c': File exists
cp: cannot create regular file '/dev/shm/linux/./tools/testing/selftests/bpf/prog_tests/udp_limit.c': File exists
cp: cannot create regular file '/dev/shm/linux/./tools/testing/selftests/bpf/prog_tests/uretprobe_stack.c': File exists
cp: cannot create regular file '/dev/shm/linux/./tools/testing/selftests/bpf/prog_tests/usdt.c': File exists
cp: cannot create regular file '/dev/shm/linux/./tools/testing/selftests/bpf/prog_tests/varlen.c': File exists
cp: cannot create regular file '/dev/shm/linux/./tools/testing/selftests/bpf/prog_tests/verifier.c': File exists
cp: cannot create regular file '/dev/shm/linux/./tools/testing/selftests/bpf/prog_tests/verifier_kfunc_prog_types.c': File exists
cp: cannot create regular file '/dev/shm/linux/./tools/testing/selftests/bpf/prog_tests/verify_pkcs7_sig.c': File exists
cp: cannot create regular file '/dev/shm/linux/./tools/testing/selftests/bpf/prog_tests/vrf_socket_lookup.c': File exists
cp: cannot create regular file '/dev/shm/linux/./tools/testing/selftests/bpf/prog_tests/xdp.c': File exists
cp: cannot create regular file '/dev/shm/linux/./tools/testing/selftests/bpf/prog_tests/xdp_adjust_tail.c': File exists
cp: cannot create regular file '/dev/shm/linux/./tools/testing/selftests/bpf/prog_tests/xdp_attach.c': File exists
cp: cannot create regular file '/dev/shm/linux/./tools/testing/selftests/bpf/prog_tests/xdp_bpf2bpf.c': File exists
cp: cannot create regular file '/dev/shm/linux/./tools/testing/selftests/bpf/prog_tests/xdp_cpumap_attach.c': File exists
cp: cannot create regular file '/dev/shm/linux/./tools/testing/selftests/bpf/prog_tests/xdp_devmap_attach.c': File exists
cp: cannot create regular file '/dev/shm/linux/./tools/testing/selftests/bpf/prog_tests/xdp_flowtable.c': File exists
cp: cannot create regular file '/dev/shm/linux/./tools/testing/selftests/bpf/prog_tests/xdp_link.c': File exists
cp: cannot create regular file '/dev/shm/linux/./tools/testing/selftests/bpf/prog_tests/xdp_noinline.c': File exists
cp: cannot create regular file '/dev/shm/linux/./tools/testing/selftests/bpf/prog_tests/xdp_synproxy.c': File exists
cp: cannot create regular file '/dev/shm/linux/./tools/testing/selftests/bpf/prog_tests/xdpwall.c': File exists
cp: cannot create regular file '/dev/shm/linux/./tools/testing/selftests/bpf/prog_tests/xfrm_info.c': File exists
cp: cannot create regular file '/dev/shm/linux/./tools/testing/selftests/bpf/progs/arena_atomics.c': File exists
cp: cannot create regular file '/dev/shm/linux/./tools/testing/selftests/bpf/progs/arena_htab_asm.c': File exists
cp: cannot create regular file '/dev/shm/linux/./tools/testing/selftests/bpf/progs/arena_strsearch.c': File exists
cp: cannot create regular file '/dev/shm/linux/./tools/testing/selftests/bpf/progs/async_stack_depth.c': File exists
cp: cannot create regular file '/dev/shm/linux/./tools/testing/selftests/bpf/progs/atomic_bounds.c': File exists
cp: cannot create regular file '/dev/shm/linux/./tools/testing/selftests/bpf/progs/bad_struct_ops.c': File exists
cp: cannot create regular file '/dev/shm/linux/./tools/testing/selftests/bpf/progs/bench_local_storage_create.c': File exists
cp: cannot create regular file '/dev/shm/linux/./tools/testing/selftests/bpf/progs/bind4_prog.c': File exists
cp: cannot create regular file '/dev/shm/linux/./tools/testing/selftests/bpf/progs/bind6_prog.c': File exists
cp: cannot create regular file '/dev/shm/linux/./tools/testing/selftests/bpf/progs/bind_prog.h': File exists
cp: cannot create regular file '/dev/shm/linux/./tools/testing/selftests/bpf/progs/bloom_filter_bench.c': File exists
cp: cannot create regular file '/dev/shm/linux/./tools/testing/selftests/bpf/progs/bloom_filter_map.c': File exists
cp: cannot create regular file '/dev/shm/linux/./tools/testing/selftests/bpf/progs/bpf_arena_spin_lock.h': File exists
cp: cannot create regular file '/dev/shm/linux/./tools/testing/selftests/bpf/progs/bpf_compiler.h': File exists
cp: cannot create regular file '/dev/shm/linux/./tools/testing/selftests/bpf/progs/bpf_dctcp.c': File exists
cp: cannot create regular file '/dev/shm/linux/./tools/testing/selftests/bpf/progs/bpf_flow.c': File exists
cp: cannot create regular file '/dev/shm/linux/./tools/testing/selftests/bpf/progs/bpf_hashmap_lookup.c': File exists
cp: cannot create regular file '/dev/shm/linux/./tools/testing/selftests/bpf/progs/bpf_iter_bpf_hash_map.c': File exists
cp: cannot create regular file '/dev/shm/linux/./tools/testing/selftests/bpf/progs/bpf_iter_bpf_percpu_array_map.c': File exists
cp: cannot create regular file '/dev/shm/linux/./tools/testing/selftests/bpf/progs/bpf_iter_bpf_percpu_hash_map.c': File exists
cp: cannot create regular file '/dev/shm/linux/./tools/testing/selftests/bpf/progs/bpf_iter_bpf_sk_storage_map.c': File exists
cp: cannot create regular file '/dev/shm/linux/./tools/testing/selftests/bpf/progs/bpf_iter_ipv6_route.c': File exists
cp: cannot create regular file '/dev/shm/linux/./tools/testing/selftests/bpf/progs/bpf_iter_ksym.c': File exists
cp: cannot create regular file '/dev/shm/linux/./tools/testing/selftests/bpf/progs/bpf_iter_map_elem.c': File exists
cp: cannot create regular file '/dev/shm/linux/./tools/testing/selftests/bpf/progs/bpf_iter_setsockopt.c': File exists
cp: cannot create regular file '/dev/shm/linux/./tools/testing/selftests/bpf/progs/bpf_iter_sockmap.c': File exists
cp: cannot create regular file '/dev/shm/linux/./tools/testing/selftests/bpf/progs/bpf_iter_task_btf.c': File exists
cp: cannot create regular file '/dev/shm/linux/./tools/testing/selftests/bpf/progs/bpf_iter_task_stack.c': File exists
cp: cannot create regular file '/dev/shm/linux/./tools/testing/selftests/bpf/progs/bpf_iter_tcp4.c': File exists
cp: cannot create regular file '/dev/shm/linux/./tools/testing/selftests/bpf/progs/bpf_iter_test_kern2.c': File exists
cp: cannot create regular file '/dev/shm/linux/./tools/testing/selftests/bpf/progs/bpf_iter_test_kern3.c': File exists
cp: cannot create regular file '/dev/shm/linux/./tools/testing/selftests/bpf/progs/bpf_iter_test_kern4.c': File exists
cp: cannot create regular file '/dev/shm/linux/./tools/testing/selftests/bpf/progs/bpf_iter_test_kern6.c': File exists
cp: cannot create regular file '/dev/shm/linux/./tools/testing/selftests/bpf/progs/bpf_iter_udp4.c': File exists
cp: cannot create regular file '/dev/shm/linux/./tools/testing/selftests/bpf/progs/bpf_iter_unix.c': File exists
cp: cannot create regular file '/dev/shm/linux/./tools/testing/selftests/bpf/progs/bpf_iter_vma_offset.c': File exists
cp: cannot create regular file '/dev/shm/linux/./tools/testing/selftests/bpf/progs/bpf_loop_bench.c': File exists
cp: cannot create regular file '/dev/shm/linux/./tools/testing/selftests/bpf/progs/bpf_mod_race.c': File exists
cp: cannot create regular file '/dev/shm/linux/./tools/testing/selftests/bpf/progs/bpf_qdisc_fail__incompl_ops.c': File exists
cp: cannot create regular file '/dev/shm/linux/./tools/testing/selftests/bpf/progs/bpf_qdisc_fq.c': File exists
cp: cannot create regular file '/dev/shm/linux/./tools/testing/selftests/bpf/progs/bpf_syscall_macro.c': File exists
cp: cannot create regular file '/dev/shm/linux/./tools/testing/selftests/bpf/progs/bpf_test_utils.h': File exists
cp: cannot create regular file '/dev/shm/linux/./tools/testing/selftests/bpf/progs/bpf_tracing_net.h': File exists
cp: cannot create regular file '/dev/shm/linux/./tools/testing/selftests/bpf/progs/btf__core_reloc_arrays___diff_arr_dim.c': File exists
cp: cannot create regular file '/dev/shm/linux/./tools/testing/selftests/bpf/progs/btf__core_reloc_arrays___err_bad_signed_arr_elem_sz.c': File exists
cp: cannot create regular file '/dev/shm/linux/./tools/testing/selftests/bpf/progs/btf__core_reloc_arrays___err_too_shallow.c': File exists
cp: cannot create regular file '/dev/shm/linux/./tools/testing/selftests/bpf/progs/btf__core_reloc_arrays___err_wrong_val_type.c': File exists
cp: cannot create regular file '/dev/shm/linux/./tools/testing/selftests/bpf/progs/btf__core_reloc_bitfields.c': File exists
cp: cannot create regular file '/dev/shm/linux/./tools/testing/selftests/bpf/progs/btf__core_reloc_bitfields___err_too_big_bitfield.c': File exists
cp: cannot create regular file '/dev/shm/linux/./tools/testing/selftests/bpf/progs/btf__core_reloc_bitfields___just_big_enough.c': File exists
cp: cannot create regular file '/dev/shm/linux/./tools/testing/selftests/bpf/progs/btf__core_reloc_enum64val___diff.c': File exists
cp: cannot create regular file '/dev/shm/linux/./tools/testing/selftests/bpf/progs/btf__core_reloc_enum64val___err_missing.c': File exists
cp: cannot create regular file '/dev/shm/linux/./tools/testing/selftests/bpf/progs/btf__core_reloc_enumval.c': File exists
cp: cannot create regular file '/dev/shm/linux/./tools/testing/selftests/bpf/progs/btf__core_reloc_enumval___err_missing.c': File exists
cp: cannot create regular file '/dev/shm/linux/./tools/testing/selftests/bpf/progs/btf__core_reloc_existence.c': File exists
cp: cannot create regular file '/dev/shm/linux/./tools/testing/selftests/bpf/progs/btf__core_reloc_existence___wrong_field_defs.c': File exists
cp: cannot create regular file '/dev/shm/linux/./tools/testing/selftests/bpf/progs/btf__core_reloc_flavors__err_wrong_name.c': File exists
cp: cannot create regular file '/dev/shm/linux/./tools/testing/selftests/bpf/progs/btf__core_reloc_ints___bool.c': File exists
cp: cannot create regular file '/dev/shm/linux/./tools/testing/selftests/bpf/progs/btf__core_reloc_misc.c': File exists
cp: cannot create regular file '/dev/shm/linux/./tools/testing/selftests/bpf/progs/btf__core_reloc_mods___mod_swap.c': File exists
cp: cannot create regular file '/dev/shm/linux/./tools/testing/selftests/bpf/progs/btf__core_reloc_nesting.c': File exists
cp: cannot create regular file '/dev/shm/linux/./tools/testing/selftests/bpf/progs/btf__core_reloc_nesting___dup_compat_types.c': File exists
cp: cannot create regular file '/dev/shm/linux/./tools/testing/selftests/bpf/progs/btf__core_reloc_nesting___err_missing_field.c': File exists
cp: cannot create regular file '/dev/shm/linux/./tools/testing/selftests/bpf/progs/btf__core_reloc_nesting___err_partial_match_dups.c': File exists
cp: cannot create regular file '/dev/shm/linux/./tools/testing/selftests/bpf/progs/btf__core_reloc_nesting___extra_nesting.c': File exists
cp: cannot create regular file '/dev/shm/linux/./tools/testing/selftests/bpf/progs/btf__core_reloc_primitives.c': File exists
cp: cannot create regular file '/dev/shm/linux/./tools/testing/selftests/bpf/progs/btf__core_reloc_primitives___diff_func_proto.c': File exists
cp: cannot create regular file '/dev/shm/linux/./tools/testing/selftests/bpf/progs/btf__core_reloc_primitives___err_non_enum.c': File exists
cp: cannot create regular file '/dev/shm/linux/./tools/testing/selftests/bpf/progs/btf__core_reloc_ptr_as_arr.c': File exists
cp: cannot create regular file '/dev/shm/linux/./tools/testing/selftests/bpf/progs/btf__core_reloc_size.c': File exists
cp: cannot create regular file '/dev/shm/linux/./tools/testing/selftests/bpf/progs/btf__core_reloc_size___diff_sz.c': File exists
cp: cannot create regular file '/dev/shm/linux/./tools/testing/selftests/bpf/progs/btf__core_reloc_size___err_ambiguous.c': File exists
cp: cannot create regular file '/dev/shm/linux/./tools/testing/selftests/bpf/progs/btf__core_reloc_type_based___diff.c': File exists
cp: cannot create regular file '/dev/shm/linux/./tools/testing/selftests/bpf/progs/btf__core_reloc_type_based___incompat.c': File exists
cp: cannot create regular file '/dev/shm/linux/./tools/testing/selftests/bpf/progs/btf__core_reloc_type_id___missing_targets.c': File exists
cp: cannot create regular file '/dev/shm/linux/./tools/testing/selftests/bpf/progs/btf_data.c': File exists
cp: cannot create regular file '/dev/shm/linux/./tools/testing/selftests/bpf/progs/btf_dump_test_case_multidim.c': File exists
cp: cannot create regular file '/dev/shm/linux/./tools/testing/selftests/bpf/progs/btf_dump_test_case_namespacing.c': File exists
cp: cannot create regular file '/dev/shm/linux/./tools/testing/selftests/bpf/progs/btf_dump_test_case_packing.c': File exists
cp: cannot create regular file '/dev/shm/linux/./tools/testing/selftests/bpf/progs/btf_dump_test_case_syntax.c': File exists
cp: cannot create regular file '/dev/shm/linux/./tools/testing/selftests/bpf/progs/btf_type_tag.c': File exists
cp: cannot create regular file '/dev/shm/linux/./tools/testing/selftests/bpf/progs/btf_type_tag_user.c': File exists
cp: cannot create regular file '/dev/shm/linux/./tools/testing/selftests/bpf/progs/cg_storage_multi.h': File exists
cp: cannot create regular file '/dev/shm/linux/./tools/testing/selftests/bpf/progs/cg_storage_multi_isolated.c': File exists
cp: cannot create regular file '/dev/shm/linux/./tools/testing/selftests/bpf/progs/cgroup_getset_retval_getsockopt.c': File exists
cp: cannot create regular file '/dev/shm/linux/./tools/testing/selftests/bpf/progs/cgroup_getset_retval_setsockopt.c': File exists
cp: cannot create regular file '/dev/shm/linux/./tools/testing/selftests/bpf/progs/cgroup_iter.c': File exists
cp: cannot create regular file '/dev/shm/linux/./tools/testing/selftests/bpf/progs/cgroup_iter_memcg.c': File exists
cp: cannot create regular file '/dev/shm/linux/./tools/testing/selftests/bpf/progs/cgroup_preorder.c': File exists
cp: cannot create regular file '/dev/shm/linux/./tools/testing/selftests/bpf/progs/cgroup_read_xattr.c': File exists
cp: cannot create regular file '/dev/shm/linux/./tools/testing/selftests/bpf/progs/cgroup_skb_direct_packet_access.c': File exists
cp: cannot create regular file '/dev/shm/linux/./tools/testing/selftests/bpf/progs/cgroup_storage.c': File exists
cp: cannot create regular file '/dev/shm/linux/./tools/testing/selftests/bpf/progs/cgroup_tcp_skb.c': File exists
cp: cannot create regular file '/dev/shm/linux/./tools/testing/selftests/bpf/progs/cgrp_kfunc_failure.c': File exists
cp: cannot create regular file '/dev/shm/linux/./tools/testing/selftests/bpf/progs/cgrp_ls_attach_cgroup.c': File exists
cp: cannot create regular file '/dev/shm/linux/./tools/testing/selftests/bpf/progs/cgrp_ls_recursion.c': File exists
cp: cannot create regular file '/dev/shm/linux/./tools/testing/selftests/bpf/progs/clone_attach_btf_id.c': File exists
cp: cannot create regular file '/dev/shm/linux/./tools/testing/selftests/bpf/progs/connect4_dropper.c': File exists
cp: cannot create regular file '/dev/shm/linux/./tools/testing/selftests/bpf/progs/connect6_prog.c': File exists
cp: cannot create regular file '/dev/shm/linux/./tools/testing/selftests/bpf/progs/connect_ping.c': File exists
cp: cannot create regular file '/dev/shm/linux/./tools/testing/selftests/bpf/progs/connect_unix_prog.c': File exists
cp: cannot create regular file '/dev/shm/linux/./tools/testing/selftests/bpf/progs/core_kern.c': File exists
cp: cannot create regular file '/dev/shm/linux/./tools/testing/selftests/bpf/progs/core_reloc_types.h': File exists
cp: cannot create regular file '/dev/shm/linux/./tools/testing/selftests/bpf/progs/cpumask_failure.c': File exists
cp: cannot create regular file '/dev/shm/linux/./tools/testing/selftests/bpf/progs/crypto_basic.c': File exists
cp: cannot create regular file '/dev/shm/linux/./tools/testing/selftests/bpf/progs/crypto_sanity.c': File exists
cp: cannot create regular file '/dev/shm/linux/./tools/testing/selftests/bpf/progs/decap_sanity.c': File exists
cp: cannot create regular file '/dev/shm/linux/./tools/testing/selftests/bpf/progs/dev_cgroup.c': File exists
cp: cannot create regular file '/dev/shm/linux/./tools/testing/selftests/bpf/progs/dummy_st_ops_fail.c': File exists
cp: cannot create regular file '/dev/shm/linux/./tools/testing/selftests/bpf/progs/dynptr_fail.c': File exists
cp: cannot create regular file '/dev/shm/linux/./tools/testing/selftests/bpf/progs/err.h': File exists
cp: cannot create regular file '/dev/shm/linux/./tools/testing/selftests/bpf/progs/exceptions.c': File exists
cp: cannot create regular file '/dev/shm/linux/./tools/testing/selftests/bpf/progs/exceptions_ext.c': File exists
cp: cannot create regular file '/dev/shm/linux/./tools/testing/selftests/bpf/progs/exhandler_kern.c': File exists
cp: cannot create regular file '/dev/shm/linux/./tools/testing/selftests/bpf/progs/fentry_many_args.c': File exists
cp: cannot create regular file '/dev/shm/linux/./tools/testing/selftests/bpf/progs/fentry_recursive_target.c': File exists
cp: cannot create regular file '/dev/shm/linux/./tools/testing/selftests/bpf/progs/fexit_bpf2bpf_simple.c': File exists
cp: cannot create regular file '/dev/shm/linux/./tools/testing/selftests/bpf/progs/fexit_many_args.c': File exists
cp: cannot create regular file '/dev/shm/linux/./tools/testing/selftests/bpf/progs/fib_lookup.c': File exists
cp: cannot create regular file '/dev/shm/linux/./tools/testing/selftests/bpf/progs/find_vma.c': File exists
cp: cannot create regular file '/dev/shm/linux/./tools/testing/selftests/bpf/progs/find_vma_fail2.c': File exists
cp: cannot create regular file '/dev/shm/linux/./tools/testing/selftests/bpf/progs/fmod_ret_freplace.c': File exists
cp: cannot create regular file '/dev/shm/linux/./tools/testing/selftests/bpf/progs/for_each_hash_map_elem.c': File exists
cp: cannot create regular file '/dev/shm/linux/./tools/testing/selftests/bpf/progs/for_each_map_elem_write_key.c': File exists
cp: cannot create regular file '/dev/shm/linux/./tools/testing/selftests/bpf/progs/for_each_multi_maps.c': File exists
cp: cannot create regular file '/dev/shm/linux/./tools/testing/selftests/bpf/progs/free_timer.c': File exists
cp: cannot create regular file '/dev/shm/linux/./tools/testing/selftests/bpf/progs/freplace_cls_redirect.c': File exists
cp: cannot create regular file '/dev/shm/linux/./tools/testing/selftests/bpf/progs/freplace_connect_v4_prog.c': File exists
cp: cannot create regular file '/dev/shm/linux/./tools/testing/selftests/bpf/progs/freplace_get_constant.c': File exists
cp: cannot create regular file '/dev/shm/linux/./tools/testing/selftests/bpf/progs/freplace_int_with_void.c': File exists
cp: cannot create regular file '/dev/shm/linux/./tools/testing/selftests/bpf/progs/freplace_unreliable_prog.c': File exists
cp: cannot create regular file '/dev/shm/linux/./tools/testing/selftests/bpf/progs/freplace_void.c': File exists
cp: cannot create regular file '/dev/shm/linux/./tools/testing/selftests/bpf/progs/get_branch_snapshot.c': File exists
cp: cannot create regular file '/dev/shm/linux/./tools/testing/selftests/bpf/progs/get_cgroup_id_kern.c': File exists
cp: cannot create regular file '/dev/shm/linux/./tools/testing/selftests/bpf/progs/get_func_args_fsession_test.c': File exists
cp: cannot create regular file '/dev/shm/linux/./tools/testing/selftests/bpf/progs/get_func_args_test.c': File exists
cp: cannot create regular file '/dev/shm/linux/./tools/testing/selftests/bpf/progs/get_func_ip_uprobe_test.c': File exists
cp: cannot create regular file '/dev/shm/linux/./tools/testing/selftests/bpf/progs/getpeername6_prog.c': File exists
cp: cannot create regular file '/dev/shm/linux/./tools/testing/selftests/bpf/progs/htab_reuse.c': File exists
cp: cannot create regular file '/dev/shm/linux/./tools/testing/selftests/bpf/progs/ima.c': File exists
cp: cannot create regular file '/dev/shm/linux/./tools/testing/selftests/bpf/progs/ip_check_defrag.c': File exists
cp: cannot create regular file '/dev/shm/linux/./tools/testing/selftests/bpf/progs/iter_buf_null_fail.c': File exists
cp: cannot create regular file '/dev/shm/linux/./tools/testing/selftests/bpf/progs/iters.c': File exists
cp: cannot create regular file '/dev/shm/linux/./tools/testing/selftests/bpf/progs/iters_looping.c': File exists
cp: cannot create regular file '/dev/shm/linux/./tools/testing/selftests/bpf/progs/iters_state_safety.c': File exists
cp: cannot create regular file '/dev/shm/linux/./tools/testing/selftests/bpf/progs/iters_task_failure.c': File exists
cp: cannot create regular file '/dev/shm/linux/./tools/testing/selftests/bpf/progs/iters_testmod.c': File exists
cp: cannot create regular file '/dev/shm/linux/./tools/testing/selftests/bpf/progs/iters_testmod_seq.c': File exists
cp: cannot create regular file '/dev/shm/linux/./tools/testing/selftests/bpf/progs/jit_probe_mem.c': File exists
cp: cannot create regular file '/dev/shm/linux/./tools/testing/selftests/bpf/progs/kfunc_call_destructive.c': File exists
cp: cannot create regular file '/dev/shm/linux/./tools/testing/selftests/bpf/progs/kfunc_call_race.c': File exists
cp: cannot create regular file '/dev/shm/linux/./tools/testing/selftests/bpf/progs/kfunc_call_test_subprog.c': File exists
cp: cannot create regular file '/dev/shm/linux/./tools/testing/selftests/bpf/progs/kfunc_module_order.c': File exists
cp: cannot create regular file '/dev/shm/linux/./tools/testing/selftests/bpf/progs/kmem_cache_iter.c': File exists
cp: cannot create regular file '/dev/shm/linux/./tools/testing/selftests/bpf/progs/kprobe_multi_empty.c': File exists
cp: cannot create regular file '/dev/shm/linux/./tools/testing/selftests/bpf/progs/kprobe_multi_session.c': File exists
cp: cannot create regular file '/dev/shm/linux/./tools/testing/selftests/bpf/progs/kprobe_multi_verifier.c': File exists
cp: cannot create regular file '/dev/shm/linux/./tools/testing/selftests/bpf/progs/kptr_xchg_inline.c': File exists
cp: cannot create regular file '/dev/shm/linux/./tools/testing/selftests/bpf/progs/linked_funcs1.c': File exists
cp: cannot create regular file '/dev/shm/linux/./tools/testing/selftests/bpf/progs/linked_list.c': File exists
cp: cannot create regular file '/dev/shm/linux/./tools/testing/selftests/bpf/progs/linked_list_fail.c': File exists
cp: cannot create regular file '/dev/shm/linux/./tools/testing/selftests/bpf/progs/linked_maps1.c': File exists
cp: cannot create regular file '/dev/shm/linux/./tools/testing/selftests/bpf/progs/linked_vars1.c': File exists
cp: cannot create regular file '/dev/shm/linux/./tools/testing/selftests/bpf/progs/livepatch_trampoline.c': File exists
cp: cannot create regular file '/dev/shm/linux/./tools/testing/selftests/bpf/progs/local_kptr_stash.c': File exists
cp: cannot create regular file '/dev/shm/linux/./tools/testing/selftests/bpf/progs/local_storage.c': File exists
cp: cannot create regular file '/dev/shm/linux/./tools/testing/selftests/bpf/progs/local_storage_bench.c': File exists
cp: cannot create regular file '/dev/shm/linux/./tools/testing/selftests/bpf/progs/loop1.c': File exists
cp: cannot create regular file '/dev/shm/linux/./tools/testing/selftests/bpf/progs/loop3.c': File exists
cp: cannot create regular file '/dev/shm/linux/./tools/testing/selftests/bpf/progs/loop5.c': File exists
cp: cannot create regular file '/dev/shm/linux/./tools/testing/selftests/bpf/progs/lpm_trie_bench.c': File exists
cp: cannot create regular file '/dev/shm/linux/./tools/testing/selftests/bpf/progs/lru_bug.c': File exists
cp: cannot create regular file '/dev/shm/linux/./tools/testing/selftests/bpf/progs/lsm_bdev.c': File exists
cp: cannot create regular file '/dev/shm/linux/./tools/testing/selftests/bpf/progs/lsm_cgroup_nonvoid.c': File exists
cp: cannot create regular file '/dev/shm/linux/./tools/testing/selftests/bpf/progs/lwt_misc.c': File exists
cp: cannot create regular file '/dev/shm/linux/./tools/testing/selftests/bpf/progs/map_in_map_btf.c': File exists
cp: cannot create regular file '/dev/shm/linux/./tools/testing/selftests/bpf/progs/map_kptr_fail.c': File exists
cp: cannot create regular file '/dev/shm/linux/./tools/testing/selftests/bpf/progs/map_percpu_stats.c': File exists
cp: cannot create regular file '/dev/shm/linux/./tools/testing/selftests/bpf/progs/mem_rdonly_untrusted.c': File exists
cp: cannot create regular file '/dev/shm/linux/./tools/testing/selftests/bpf/progs/metadata_used.c': File exists
cp: cannot create regular file '/dev/shm/linux/./tools/testing/selftests/bpf/progs/missed_kprobe_recursion.c': File exists
cp: cannot create regular file '/dev/shm/linux/./tools/testing/selftests/bpf/progs/mmap_inner_array.c': File exists
cp: cannot create regular file '/dev/shm/linux/./tools/testing/selftests/bpf/progs/mptcp_bpf.h': File exists
cp: cannot create regular file '/dev/shm/linux/./tools/testing/selftests/bpf/progs/mptcp_subflow.c': File exists
cp: cannot create regular file '/dev/shm/linux/./tools/testing/selftests/bpf/progs/nested_acquire.c': File exists
cp: cannot create regular file '/dev/shm/linux/./tools/testing/selftests/bpf/progs/nested_trust_failure.c': File exists
cp: cannot create regular file '/dev/shm/linux/./tools/testing/selftests/bpf/progs/net_timestamping.c': File exists
cp: cannot create regular file '/dev/shm/linux/./tools/testing/selftests/bpf/progs/netif_receive_skb.c': File exists
cp: cannot create regular file '/dev/shm/linux/./tools/testing/selftests/bpf/progs/normal_map_btf.c': File exists
cp: cannot create regular file '/dev/shm/linux/./tools/testing/selftests/bpf/progs/percpu_alloc_cgrp_local_storage.c': File exists
cp: cannot create regular file '/dev/shm/linux/./tools/testing/selftests/bpf/progs/perf_event_stackmap.c': File exists
cp: cannot create regular file '/dev/shm/linux/./tools/testing/selftests/bpf/progs/preempted_bpf_ma_op.c': File exists
cp: cannot create regular file '/dev/shm/linux/./tools/testing/selftests/bpf/progs/priv_freplace_prog.c': File exists
cp: cannot create regular file '/dev/shm/linux/./tools/testing/selftests/bpf/progs/priv_prog.c': File exists
cp: cannot create regular file '/dev/shm/linux/./tools/testing/selftests/bpf/progs/pro_epilogue.c': File exists
cp: cannot create regular file '/dev/shm/linux/./tools/testing/selftests/bpf/progs/pro_epilogue_with_kfunc.c': File exists
cp: cannot create regular file '/dev/shm/linux/./tools/testing/selftests/bpf/progs/profiler.inc.h': File exists
cp: cannot create regular file '/dev/shm/linux/./tools/testing/selftests/bpf/progs/profiler2.c': File exists
cp: cannot create regular file '/dev/shm/linux/./tools/testing/selftests/bpf/progs/pyperf.h': File exists
cp: cannot create regular file '/dev/shm/linux/./tools/testing/selftests/bpf/progs/pyperf180.c': File exists
cp: cannot create regular file '/dev/shm/linux/./tools/testing/selftests/bpf/progs/pyperf600.c': File exists
cp: cannot create regular file '/dev/shm/linux/./tools/testing/selftests/bpf/progs/pyperf600_iter.c': File exists
cp: cannot create regular file '/dev/shm/linux/./tools/testing/selftests/bpf/progs/pyperf_global.c': File exists
cp: cannot create regular file '/dev/shm/linux/./tools/testing/selftests/bpf/progs/raw_tp_null.c': File exists
cp: cannot create regular file '/dev/shm/linux/./tools/testing/selftests/bpf/progs/rbtree.c': File exists
cp: cannot create regular file '/dev/shm/linux/./tools/testing/selftests/bpf/progs/rbtree_fail.c': File exists
cp: cannot create regular file '/dev/shm/linux/./tools/testing/selftests/bpf/progs/rbtree_search_kptr.c': File exists
cp: cannot create regular file '/dev/shm/linux/./tools/testing/selftests/bpf/progs/rcu_tasks_trace_gp.c': File exists
cp: cannot create regular file '/dev/shm/linux/./tools/testing/selftests/bpf/progs/read_vsyscall.c': File exists
cp: cannot create regular file '/dev/shm/linux/./tools/testing/selftests/bpf/progs/recvmsg4_prog.c': File exists
cp: cannot create regular file '/dev/shm/linux/./tools/testing/selftests/bpf/progs/recvmsg_unix_prog.c': File exists
cp: cannot create regular file '/dev/shm/linux/./tools/testing/selftests/bpf/progs/res_spin_lock.c': File exists
cp: cannot create regular file '/dev/shm/linux/./tools/testing/selftests/bpf/progs/sock_ops_get_sk.c': File exists
cp: cannot create regular file '/dev/shm/linux/./tools/testing/selftests/bpf/progs/socket_cookie_prog.c': File exists
cp: cannot create regular file '/dev/shm/linux/./tools/testing/selftests/bpf/progs/sockmap_verdict_prog.c': File exists
cp: cannot create regular file '/dev/shm/linux/./tools/testing/selftests/bpf/progs/sockopt_multi.c': File exists
cp: cannot create regular file '/dev/shm/linux/./tools/testing/selftests/bpf/progs/sockopt_qos_to_cc.c': File exists
cp: cannot create regular file '/dev/shm/linux/./tools/testing/selftests/bpf/progs/stacktrace_map.c': File exists
cp: cannot create regular file '/dev/shm/linux/./tools/testing/selftests/bpf/progs/stream_fail.c': File exists
cp: cannot create regular file '/dev/shm/linux/./tools/testing/selftests/bpf/progs/string_kfuncs_failure1.c': File exists
cp: cannot create regular file '/dev/shm/linux/./tools/testing/selftests/bpf/progs/strncmp_bench.c': File exists
cp: cannot create regular file '/dev/shm/linux/./tools/testing/selftests/bpf/progs/strncmp_test.c': File exists
cp: cannot create regular file '/dev/shm/linux/./tools/testing/selftests/bpf/progs/strobemeta.c': File exists
cp: cannot create regular file '/dev/shm/linux/./tools/testing/selftests/bpf/progs/strobemeta_bpf_loop.c': File exists
cp: cannot create regular file '/dev/shm/linux/./tools/testing/selftests/bpf/progs/strobemeta_nounroll1.c': File exists
cp: cannot create regular file '/dev/shm/linux/./tools/testing/selftests/bpf/progs/strobemeta_nounroll2.c': File exists
cp: cannot create regular file '/dev/shm/linux/./tools/testing/selftests/bpf/progs/struct_ops_assoc.c': File exists
cp: cannot create regular file '/dev/shm/linux/./tools/testing/selftests/bpf/progs/struct_ops_assoc_in_timer.c': File exists
cp: cannot create regular file '/dev/shm/linux/./tools/testing/selftests/bpf/progs/struct_ops_autocreate.c': File exists
cp: cannot create regular file '/dev/shm/linux/./tools/testing/selftests/bpf/progs/struct_ops_detach.c': File exists
cp: cannot create regular file '/dev/shm/linux/./tools/testing/selftests/bpf/progs/struct_ops_kptr_return.c': File exists
cp: cannot create regular file '/dev/shm/linux/./tools/testing/selftests/bpf/progs/struct_ops_kptr_return_fail__invalid_scalar.c': File exists
cp: cannot create regular file '/dev/shm/linux/./tools/testing/selftests/bpf/progs/struct_ops_kptr_return_fail__wrong_type.c': File exists
cp: cannot create regular file '/dev/shm/linux/./tools/testing/selftests/bpf/progs/struct_ops_maybe_null.c': File exists
cp: cannot create regular file '/dev/shm/linux/./tools/testing/selftests/bpf/progs/struct_ops_multi_args.c': File exists
cp: cannot create regular file '/dev/shm/linux/./tools/testing/selftests/bpf/progs/struct_ops_multi_pages.c': File exists
cp: cannot create regular file '/dev/shm/linux/./tools/testing/selftests/bpf/progs/struct_ops_private_stack_recur.c': File exists
cp: cannot create regular file '/dev/shm/linux/./tools/testing/selftests/bpf/progs/struct_ops_refcounted_fail__ref_leak.c': File exists
cp: cannot create regular file '/dev/shm/linux/./tools/testing/selftests/bpf/progs/struct_ops_refcounted_fail__tail_call.c': File exists
cp: cannot create regular file '/dev/shm/linux/./tools/testing/selftests/bpf/progs/summarization_freplace.c': File exists
cp: cannot create regular file '/dev/shm/linux/./tools/testing/selftests/bpf/progs/tailcall1.c': File exists
cp: cannot create regular file '/dev/shm/linux/./tools/testing/selftests/bpf/progs/tailcall5.c': File exists
cp: cannot create regular file '/dev/shm/linux/./tools/testing/selftests/bpf/progs/tailcall_bpf2bpf2.c': File exists
cp: cannot create regular file '/dev/shm/linux/./tools/testing/selftests/bpf/progs/tailcall_bpf2bpf4.c': File exists
cp: cannot create regular file '/dev/shm/linux/./tools/testing/selftests/bpf/progs/tailcall_bpf2bpf_fentry.c': File exists
cp: cannot create regular file '/dev/shm/linux/./tools/testing/selftests/bpf/progs/tailcall_bpf2bpf_hierarchy1.c': File exists
cp: cannot create regular file '/dev/shm/linux/./tools/testing/selftests/bpf/progs/tailcall_bpf2bpf_hierarchy3.c': File exists
cp: cannot create regular file '/dev/shm/linux/./tools/testing/selftests/bpf/progs/tailcall_fail.c': File exists
cp: cannot create regular file '/dev/shm/linux/./tools/testing/selftests/bpf/progs/tailcall_poke.c': File exists
cp: cannot create regular file '/dev/shm/linux/./tools/testing/selftests/bpf/progs/tailcall_sleepable.c': File exists
cp: cannot create regular file '/dev/shm/linux/./tools/testing/selftests/bpf/progs/task_kfunc_success.c': File exists
cp: cannot create regular file '/dev/shm/linux/./tools/testing/selftests/bpf/progs/task_local_storage.c': File exists
cp: cannot create regular file '/dev/shm/linux/./tools/testing/selftests/bpf/progs/task_ls_recursion.c': File exists
cp: cannot create regular file '/dev/shm/linux/./tools/testing/selftests/bpf/progs/task_storage_nodeadlock.c': File exists
cp: cannot create regular file '/dev/shm/linux/./tools/testing/selftests/bpf/progs/task_work_fail.c': File exists
cp: cannot create regular file '/dev/shm/linux/./tools/testing/selftests/bpf/progs/tc_bpf2bpf.c': File exists
cp: cannot create regular file '/dev/shm/linux/./tools/testing/selftests/bpf/progs/tc_dummy.c': File exists
cp: cannot create regular file '/dev/shm/linux/./tools/testing/selftests/bpf/progs/tcp_ca_kfunc.c': File exists
cp: cannot create regular file '/dev/shm/linux/./tools/testing/selftests/bpf/progs/tcp_ca_unsupp_cong_op.c': File exists
cp: cannot create regular file '/dev/shm/linux/./tools/testing/selftests/bpf/progs/tcp_ca_write_sk_pacing.c': File exists
cp: cannot create regular file '/dev/shm/linux/./tools/testing/selftests/bpf/progs/test_assign_reuse.c': File exists
cp: cannot create regular file '/dev/shm/linux/./tools/testing/selftests/bpf/progs/test_attach_probe.c': File exists
cp: cannot create regular file '/dev/shm/linux/./tools/testing/selftests/bpf/progs/test_autoattach.c': File exists
cp: cannot create regular file '/dev/shm/linux/./tools/testing/selftests/bpf/progs/test_bpf_cookie.c': File exists
cp: cannot create regular file '/dev/shm/linux/./tools/testing/selftests/bpf/progs/test_bpf_ma.c': File exists
cp: cannot create regular file '/dev/shm/linux/./tools/testing/selftests/bpf/progs/test_bpf_nf_fail.c': File exists
cp: cannot create regular file '/dev/shm/linux/./tools/testing/selftests/bpf/progs/test_btf_ext.c': File exists
cp: cannot create regular file '/dev/shm/linux/./tools/testing/selftests/bpf/progs/test_btf_newkv.c': File exists
cp: cannot create regular file '/dev/shm/linux/./tools/testing/selftests/bpf/progs/test_btf_skc_cls_ingress.c': File exists
cp: cannot create regular file '/dev/shm/linux/./tools/testing/selftests/bpf/progs/test_cgroup1_hierarchy.c': File exists
cp: cannot create regular file '/dev/shm/linux/./tools/testing/selftests/bpf/progs/test_check_mtu.c': File exists
cp: cannot create regular file '/dev/shm/linux/./tools/testing/selftests/bpf/progs/test_cls_redirect.h': File exists
cp: cannot create regular file '/dev/shm/linux/./tools/testing/selftests/bpf/progs/test_cls_redirect_subprogs.c': File exists
cp: cannot create regular file '/dev/shm/linux/./tools/testing/selftests/bpf/progs/test_core_extern.c': File exists
cp: cannot create regular file '/dev/shm/linux/./tools/testing/selftests/bpf/progs/test_core_reloc_bitfields_direct.c': File exists
cp: cannot create regular file '/dev/shm/linux/./tools/testing/selftests/bpf/progs/test_core_reloc_enum64val.c': File exists
cp: cannot create regular file '/dev/shm/linux/./tools/testing/selftests/bpf/progs/test_core_reloc_existence.c': File exists
cp: cannot create regular file '/dev/shm/linux/./tools/testing/selftests/bpf/progs/test_core_reloc_ints.c': File exists
cp: cannot create regular file '/dev/shm/linux/./tools/testing/selftests/bpf/progs/test_core_reloc_misc.c': File exists
cp: cannot create regular file '/dev/shm/linux/./tools/testing/selftests/bpf/progs/test_core_reloc_module.c': File exists
cp: cannot create regular file '/dev/shm/linux/./tools/testing/selftests/bpf/progs/test_core_reloc_ptr_as_arr.c': File exists
cp: cannot create regular file '/dev/shm/linux/./tools/testing/selftests/bpf/progs/test_core_reloc_type_based.c': File exists
cp: cannot create regular file '/dev/shm/linux/./tools/testing/selftests/bpf/progs/test_core_retro.c': File exists
cp: cannot create regular file '/dev/shm/linux/./tools/testing/selftests/bpf/progs/test_ctx.c': File exists
cp: cannot create regular file '/dev/shm/linux/./tools/testing/selftests/bpf/progs/test_d_path.c': File exists
cp: cannot create regular file '/dev/shm/linux/./tools/testing/selftests/bpf/progs/test_d_path_check_rdonly_mem.c': File exists
cp: cannot create regular file '/dev/shm/linux/./tools/testing/selftests/bpf/progs/test_deny_namespace.c': File exists
cp: cannot create regular file '/dev/shm/linux/./tools/testing/selftests/bpf/progs/test_enable_stats.c': File exists
cp: cannot create regular file '/dev/shm/linux/./tools/testing/selftests/bpf/progs/test_fill_link_info.c': File exists
cp: cannot create regular file '/dev/shm/linux/./tools/testing/selftests/bpf/progs/test_get_stack_rawtp.c': File exists
cp: cannot create regular file '/dev/shm/linux/./tools/testing/selftests/bpf/progs/test_get_xattr.c': File exists
cp: cannot create regular file '/dev/shm/linux/./tools/testing/selftests/bpf/progs/test_global_func1.c': File exists
cp: cannot create regular file '/dev/shm/linux/./tools/testing/selftests/bpf/progs/test_global_func10.c': File exists
cp: cannot create regular file '/dev/shm/linux/./tools/testing/selftests/bpf/progs/test_global_func12.c': File exists
cp: cannot create regular file '/dev/shm/linux/./tools/testing/selftests/bpf/progs/test_global_func14.c': File exists
cp: cannot create regular file '/dev/shm/linux/./tools/testing/selftests/bpf/progs/test_global_func16.c': File exists
cp: cannot create regular file '/dev/shm/linux/./tools/testing/selftests/bpf/progs/test_global_func2.c': File exists
cp: cannot create regular file '/dev/shm/linux/./tools/testing/selftests/bpf/progs/test_global_func4.c': File exists
cp: cannot create regular file '/dev/shm/linux/./tools/testing/selftests/bpf/progs/test_global_func5.c': File exists
cp: cannot create regular file '/dev/shm/linux/./tools/testing/selftests/bpf/progs/test_global_func7.c': File exists
cp: cannot create regular file '/dev/shm/linux/./tools/testing/selftests/bpf/progs/test_global_func9.c': File exists
cp: cannot create regular file '/dev/shm/linux/./tools/testing/selftests/bpf/progs/test_global_func_ctx_args.c': File exists
cp: cannot create regular file '/dev/shm/linux/./tools/testing/selftests/bpf/progs/test_global_map_resize.c': File exists
cp: cannot create regular file '/dev/shm/linux/./tools/testing/selftests/bpf/progs/test_helper_restricted.c': File exists
cp: cannot create regular file '/dev/shm/linux/./tools/testing/selftests/bpf/progs/test_kernel_flag.c': File exists
cp: cannot create regular file '/dev/shm/linux/./tools/testing/selftests/bpf/progs/test_ksyms.c': File exists
cp: cannot create regular file '/dev/shm/linux/./tools/testing/selftests/bpf/progs/test_ksyms_btf_null_check.c': File exists
cp: cannot create regular file '/dev/shm/linux/./tools/testing/selftests/bpf/progs/test_ksyms_btf_write_check.c': File exists
cp: cannot create regular file '/dev/shm/linux/./tools/testing/selftests/bpf/progs/test_l4lb.c': File exists
cp: cannot create regular file '/dev/shm/linux/./tools/testing/selftests/bpf/progs/test_l4lb_noinline_dynptr.c': File exists
cp: cannot create regular file '/dev/shm/linux/./tools/testing/selftests/bpf/progs/test_legacy_printk.c': File exists
cp: cannot create regular file '/dev/shm/linux/./tools/testing/selftests/bpf/progs/test_link_pinning.c': File exists
cp: cannot create regular file '/dev/shm/linux/./tools/testing/selftests/bpf/progs/test_log_buf.c': File exists
cp: cannot create regular file '/dev/shm/linux/./tools/testing/selftests/bpf/progs/test_lookup_and_delete.c': File exists
cp: cannot create regular file '/dev/shm/linux/./tools/testing/selftests/bpf/progs/test_lwt_ip_encap.c': File exists
cp: cannot create regular file '/dev/shm/linux/./tools/testing/selftests/bpf/progs/test_lwt_redirect.c': File exists
cp: cannot create regular file '/dev/shm/linux/./tools/testing/selftests/bpf/progs/test_lwt_seg6local.c': File exists
cp: cannot create regular file '/dev/shm/linux/./tools/testing/selftests/bpf/progs/test_map_in_map_invalid.c': File exists
cp: cannot create regular file '/dev/shm/linux/./tools/testing/selftests/bpf/progs/test_map_lock.c': File exists
cp: cannot create regular file '/dev/shm/linux/./tools/testing/selftests/bpf/progs/test_map_ops.c': File exists
cp: cannot create regular file '/dev/shm/linux/./tools/testing/selftests/bpf/progs/test_misc_tcp_hdr_options.c': File exists
cp: cannot create regular file '/dev/shm/linux/./tools/testing/selftests/bpf/progs/test_module_attach.c': File exists
cp: cannot create regular file '/dev/shm/linux/./tools/testing/selftests/bpf/progs/test_ns_current_pid_tgid.c': File exists
cp: cannot create regular file '/dev/shm/linux/./tools/testing/selftests/bpf/progs/test_overhead.c': File exists
cp: cannot create regular file '/dev/shm/linux/./tools/testing/selftests/bpf/progs/test_parse_tcp_hdr_opt_dynptr.c': File exists
cp: cannot create regular file '/dev/shm/linux/./tools/testing/selftests/bpf/progs/test_perf_branches.c': File exists
cp: cannot create regular file '/dev/shm/linux/./tools/testing/selftests/bpf/progs/test_perf_link.c': File exists
cp: cannot create regular file '/dev/shm/linux/./tools/testing/selftests/bpf/progs/test_pinning.c': File exists
cp: cannot create regular file '/dev/shm/linux/./tools/testing/selftests/bpf/progs/test_pinning_htab.c': File exists
cp: cannot create regular file '/dev/shm/linux/./tools/testing/selftests/bpf/progs/test_pkt_access.c': File exists
cp: cannot create regular file '/dev/shm/linux/./tools/testing/selftests/bpf/progs/test_probe_read_user_str.c': File exists
cp: cannot create regular file '/dev/shm/linux/./tools/testing/selftests/bpf/progs/test_prog_array_init.c': File exists
cp: cannot create regular file '/dev/shm/linux/./tools/testing/selftests/bpf/progs/test_queue_map.c': File exists
cp: cannot create regular file '/dev/shm/linux/./tools/testing/selftests/bpf/progs/test_rdonly_maps.c': File exists
cp: cannot create regular file '/dev/shm/linux/./tools/testing/selftests/bpf/progs/test_ringbuf_map_key.c': File exists
cp: cannot create regular file '/dev/shm/linux/./tools/testing/selftests/bpf/progs/test_ringbuf_multi.c': File exists
cp: cannot create regular file '/dev/shm/linux/./tools/testing/selftests/bpf/progs/test_ringbuf_overwrite.c': File exists
cp: cannot create regular file '/dev/shm/linux/./tools/testing/selftests/bpf/progs/test_seg6_loop.c': File exists
cp: cannot create regular file '/dev/shm/linux/./tools/testing/selftests/bpf/progs/test_send_signal_kern.c': File exists
cp: cannot create regular file '/dev/shm/linux/./tools/testing/selftests/bpf/progs/test_sig_in_xattr.c': File exists
cp: cannot create regular file '/dev/shm/linux/./tools/testing/selftests/bpf/progs/test_sk_assign.c': File exists
cp: cannot create regular file '/dev/shm/linux/./tools/testing/selftests/bpf/progs/test_sk_lookup.c': File exists
cp: cannot create regular file '/dev/shm/linux/./tools/testing/selftests/bpf/progs/test_sk_storage_trace_itself.c': File exists
cp: cannot create regular file '/dev/shm/linux/./tools/testing/selftests/bpf/progs/test_skb_ctx.c': File exists
cp: cannot create regular file '/dev/shm/linux/./tools/testing/selftests/bpf/progs/test_skc_to_unix_sock.c': File exists
cp: cannot create regular file '/dev/shm/linux/./tools/testing/selftests/bpf/progs/test_skmsg_load_helpers.c': File exists
cp: cannot create regular file '/dev/shm/linux/./tools/testing/selftests/bpf/progs/test_snprintf.c': File exists
cp: cannot create regular file '/dev/shm/linux/./tools/testing/selftests/bpf/progs/test_sock_fields.c': File exists
cp: cannot create regular file '/dev/shm/linux/./tools/testing/selftests/bpf/progs/test_sockmap_change_tail.c': File exists
cp: cannot create regular file '/dev/shm/linux/./tools/testing/selftests/bpf/progs/test_sockmap_invalid_update.c': File exists
cp: cannot create regular file '/dev/shm/linux/./tools/testing/selftests/bpf/progs/test_sockmap_ktls.c': File exists
cp: cannot create regular file '/dev/shm/linux/./tools/testing/selftests/bpf/progs/test_sockmap_pass_prog.c': File exists
cp: cannot create regular file '/dev/shm/linux/./tools/testing/selftests/bpf/progs/test_sockmap_strp.c': File exists
cp: cannot create regular file '/dev/shm/linux/./tools/testing/selftests/bpf/progs/test_spin_lock.c': File exists
cp: cannot create regular file '/dev/shm/linux/./tools/testing/selftests/bpf/progs/test_spin_lock_fail.c': File exists
cp: cannot create regular file '/dev/shm/linux/./tools/testing/selftests/bpf/progs/test_stacktrace_build_id.c': File exists
cp: cannot create regular file '/dev/shm/linux/./tools/testing/selftests/bpf/progs/test_static_linked2.c': File exists
cp: cannot create regular file '/dev/shm/linux/./tools/testing/selftests/bpf/progs/test_subprogs_extable.c': File exists
cp: cannot create regular file '/dev/shm/linux/./tools/testing/selftests/bpf/progs/test_subskeleton.c': File exists
cp: cannot create regular file '/dev/shm/linux/./tools/testing/selftests/bpf/progs/test_subskeleton_lib2.c': File exists
cp: cannot create regular file '/dev/shm/linux/./tools/testing/selftests/bpf/progs/test_sysctl_loop2.c': File exists
cp: cannot create regular file '/dev/shm/linux/./tools/testing/selftests/bpf/progs/test_task_local_data.c': File exists
cp: cannot create regular file '/dev/shm/linux/./tools/testing/selftests/bpf/progs/test_task_under_cgroup.c': File exists
cp: cannot create regular file '/dev/shm/linux/./tools/testing/selftests/bpf/progs/test_tc_bpf.c': File exists
cp: cannot create regular file '/dev/shm/linux/./tools/testing/selftests/bpf/progs/test_tc_dtime.c': File exists
cp: cannot create regular file '/dev/shm/linux/./tools/testing/selftests/bpf/progs/test_tc_neigh.c': File exists
cp: cannot create regular file '/dev/shm/linux/./tools/testing/selftests/bpf/progs/test_tc_neigh_fib.c': File exists
cp: cannot create regular file '/dev/shm/linux/./tools/testing/selftests/bpf/progs/test_tcp_custom_syncookie.c': File exists
cp: cannot create regular file '/dev/shm/linux/./tools/testing/selftests/bpf/progs/test_tcp_estats.c': File exists
cp: cannot create regular file '/dev/shm/linux/./tools/testing/selftests/bpf/progs/test_tcpbpf_kern.c': File exists
cp: cannot create regular file '/dev/shm/linux/./tools/testing/selftests/bpf/progs/test_time_tai.c': File exists
cp: cannot create regular file '/dev/shm/linux/./tools/testing/selftests/bpf/progs/test_trace_ext.c': File exists
cp: cannot create regular file '/dev/shm/linux/./tools/testing/selftests/bpf/progs/test_tracepoint.c': File exists
cp: cannot create regular file '/dev/shm/linux/./tools/testing/selftests/bpf/progs/test_tunnel_kern.c': File exists
cp: cannot create regular file '/dev/shm/linux/./tools/testing/selftests/bpf/progs/test_uprobe_autoattach.c': File exists
cp: cannot create regular file '/dev/shm/linux/./tools/testing/selftests/bpf/progs/test_usdt.c': File exists
cp: cannot create regular file '/dev/shm/linux/./tools/testing/selftests/bpf/progs/test_user_ringbuf.h': File exists
cp: cannot create regular file '/dev/shm/linux/./tools/testing/selftests/bpf/progs/test_verif_scale1.c': File exists
cp: cannot create regular file '/dev/shm/linux/./tools/testing/selftests/bpf/progs/test_verif_scale3.c': File exists
cp: cannot create regular file '/dev/shm/linux/./tools/testing/selftests/bpf/progs/test_vmlinux.c': File exists
cp: cannot create regular file '/dev/shm/linux/./tools/testing/selftests/bpf/progs/test_xdp_adjust_tail_grow.c': File exists
cp: cannot create regular file '/dev/shm/linux/./tools/testing/selftests/bpf/progs/test_xdp_attach_fail.c': File exists
cp: cannot create regular file '/dev/shm/linux/./tools/testing/selftests/bpf/progs/test_xdp_context_test_run.c': File exists
cp: cannot create regular file '/dev/shm/linux/./tools/testing/selftests/bpf/progs/test_xdp_noinline.c': File exists
cp: cannot create regular file '/dev/shm/linux/./tools/testing/selftests/bpf/progs/test_xdp_vlan.c': File exists
cp: cannot create regular file '/dev/shm/linux/./tools/testing/selftests/bpf/progs/test_xdp_with_devmap_helpers.c': File exists
cp: cannot create regular file '/dev/shm/linux/./tools/testing/selftests/bpf/progs/timer_failure.c': File exists
cp: cannot create regular file '/dev/shm/linux/./tools/testing/selftests/bpf/progs/timer_interrupt.c': File exists
cp: cannot create regular file '/dev/shm/linux/./tools/testing/selftests/bpf/progs/timer_mim.c': File exists
cp: cannot create regular file '/dev/shm/linux/./tools/testing/selftests/bpf/progs/timer_mim_reject.c': File exists
cp: cannot create regular file '/dev/shm/linux/./tools/testing/selftests/bpf/progs/timer_start_deadlock.c': File exists
cp: cannot create regular file '/dev/shm/linux/./tools/testing/selftests/bpf/progs/token_kallsyms.c': File exists
cp: cannot create regular file '/dev/shm/linux/./tools/testing/selftests/bpf/progs/trace_printk.c': File exists
cp: cannot create regular file '/dev/shm/linux/./tools/testing/selftests/bpf/progs/tracing_failure.c': File exists
cp: cannot create regular file '/dev/shm/linux/./tools/testing/selftests/bpf/progs/tracing_struct.c': File exists
cp: cannot create regular file '/dev/shm/linux/./tools/testing/selftests/bpf/progs/trigger_bench.c': File exists
cp: cannot create regular file '/dev/shm/linux/./tools/testing/selftests/bpf/progs/type_cast.c': File exists
cp: cannot create regular file '/dev/shm/linux/./tools/testing/selftests/bpf/progs/update_map_in_htab.c': File exists
cp: cannot create regular file '/dev/shm/linux/./tools/testing/selftests/bpf/progs/uprobe_multi_consumers.c': File exists
cp: cannot create regular file '/dev/shm/linux/./tools/testing/selftests/bpf/progs/uprobe_multi_session.c': File exists
cp: cannot create regular file '/dev/shm/linux/./tools/testing/selftests/bpf/progs/uprobe_multi_session_recursive.c': File exists
cp: cannot create regular file '/dev/shm/linux/./tools/testing/selftests/bpf/progs/uprobe_multi_usdt.c': File exists
cp: cannot create regular file '/dev/shm/linux/./tools/testing/selftests/bpf/progs/uprobe_syscall.c': File exists
cp: cannot create regular file '/dev/shm/linux/./tools/testing/selftests/bpf/progs/uptr_map_failure.c': File exists
cp: cannot create regular file '/dev/shm/linux/./tools/testing/selftests/bpf/progs/uretprobe_stack.c': File exists
cp: cannot create regular file '/dev/shm/linux/./tools/testing/selftests/bpf/progs/user_ringbuf_success.c': File exists
cp: cannot create regular file '/dev/shm/linux/./tools/testing/selftests/bpf/progs/verifier_and.c': File exists
cp: cannot create regular file '/dev/shm/linux/./tools/testing/selftests/bpf/progs/verifier_arena_globals1.c': File exists
cp: cannot create regular file '/dev/shm/linux/./tools/testing/selftests/bpf/progs/verifier_arena_large.c': File exists
cp: cannot create regular file '/dev/shm/linux/./tools/testing/selftests/bpf/progs/verifier_async_cb_context.c': File exists
cp: cannot create regular file '/dev/shm/linux/./tools/testing/selftests/bpf/progs/verifier_bitfield_write.c': File exists
cp: cannot create regular file '/dev/shm/linux/./tools/testing/selftests/bpf/progs/verifier_bounds_mix_sign_unsign.c': File exists
cp: cannot create regular file '/dev/shm/linux/./tools/testing/selftests/bpf/progs/verifier_bpf_get_stack.c': File exists
cp: cannot create regular file '/dev/shm/linux/./tools/testing/selftests/bpf/progs/verifier_bswap.c': File exists
cp: cannot create regular file '/dev/shm/linux/./tools/testing/selftests/bpf/progs/verifier_btf_unreliable_prog.c': File exists
cp: cannot create regular file '/dev/shm/linux/./tools/testing/selftests/bpf/progs/verifier_call_large_imm.c': File exists
cp: cannot create regular file '/dev/shm/linux/./tools/testing/selftests/bpf/progs/verifier_cgroup_inv_retcode.c': File exists
cp: cannot create regular file '/dev/shm/linux/./tools/testing/selftests/bpf/progs/verifier_const.c': File exists
cp: cannot create regular file '/dev/shm/linux/./tools/testing/selftests/bpf/progs/verifier_ctx.c': File exists
cp: cannot create regular file '/dev/shm/linux/./tools/testing/selftests/bpf/progs/verifier_ctx_sk_msg.c': File exists
cp: cannot create regular file '/dev/shm/linux/./tools/testing/selftests/bpf/progs/verifier_default_trusted_ptr.c': File exists
cp: cannot create regular file '/dev/shm/linux/./tools/testing/selftests/bpf/progs/verifier_direct_stack_access_wraparound.c': File exists
cp: cannot create regular file '/dev/shm/linux/./tools/testing/selftests/bpf/progs/verifier_div_mod_bounds.c': File exists
cp: cannot create regular file '/dev/shm/linux/./tools/testing/selftests/bpf/progs/verifier_global_ptr_args.c': File exists
cp: cannot create regular file '/dev/shm/linux/./tools/testing/selftests/bpf/progs/verifier_gotol.c': File exists
cp: cannot create regular file '/dev/shm/linux/./tools/testing/selftests/bpf/progs/verifier_helper_access_var_len.c': File exists
cp: cannot create regular file '/dev/shm/linux/./tools/testing/selftests/bpf/progs/verifier_helper_packet_access.c': File exists
cp: cannot create regular file '/dev/shm/linux/./tools/testing/selftests/bpf/progs/verifier_helper_restricted.c': File exists
cp: cannot create regular file '/dev/shm/linux/./tools/testing/selftests/bpf/progs/verifier_int_ptr.c': File exists
cp: cannot create regular file '/dev/shm/linux/./tools/testing/selftests/bpf/progs/verifier_jeq_infer_not_null.c': File exists
cp: cannot create regular file '/dev/shm/linux/./tools/testing/selftests/bpf/progs/verifier_jit_convergence.c': File exists
cp: cannot create regular file '/dev/shm/linux/./tools/testing/selftests/bpf/progs/verifier_kfunc_prog_types.c': File exists
cp: cannot create regular file '/dev/shm/linux/./tools/testing/selftests/bpf/progs/verifier_ldsx.c': File exists
cp: cannot create regular file '/dev/shm/linux/./tools/testing/selftests/bpf/progs/verifier_linked_scalars.c': File exists
cp: cannot create regular file '/dev/shm/linux/./tools/testing/selftests/bpf/progs/verifier_loops1.c': File exists
cp: cannot create regular file '/dev/shm/linux/./tools/testing/selftests/bpf/progs/verifier_lwt.c': File exists
cp: cannot create regular file '/dev/shm/linux/./tools/testing/selftests/bpf/progs/verifier_map_ptr.c': File exists
cp: cannot create regular file '/dev/shm/linux/./tools/testing/selftests/bpf/progs/verifier_map_ret_val.c': File exists
cp: cannot create regular file '/dev/shm/linux/./tools/testing/selftests/bpf/progs/verifier_may_goto_1.c': File exists
cp: cannot create regular file '/dev/shm/linux/./tools/testing/selftests/bpf/progs/verifier_meta_access.c': File exists
cp: cannot create regular file '/dev/shm/linux/./tools/testing/selftests/bpf/progs/verifier_mtu.c': File exists
cp: cannot create regular file '/dev/shm/linux/./tools/testing/selftests/bpf/progs/verifier_netfilter_ctx.c': File exists
cp: cannot create regular file '/dev/shm/linux/./tools/testing/selftests/bpf/progs/verifier_or_jmp32_k.c': File exists
cp: cannot create regular file '/dev/shm/linux/./tools/testing/selftests/bpf/progs/verifier_prevent_map_lookup.c': File exists
cp: cannot create regular file '/dev/shm/linux/./tools/testing/selftests/bpf/progs/verifier_private_stack.c': File exists
cp: cannot create regular file '/dev/shm/linux/./tools/testing/selftests/bpf/progs/verifier_raw_tp_writable.c': File exists
cp: cannot create regular file '/dev/shm/linux/./tools/testing/selftests/bpf/progs/verifier_ringbuf.c': File exists
cp: cannot create regular file '/dev/shm/linux/./tools/testing/selftests/bpf/progs/verifier_scalar_ids.c': File exists
cp: cannot create regular file '/dev/shm/linux/./tools/testing/selftests/bpf/progs/verifier_search_pruning.c': File exists
cp: cannot create regular file '/dev/shm/linux/./tools/testing/selftests/bpf/progs/verifier_sock_addr.c': File exists
cp: cannot create regular file '/dev/shm/linux/./tools/testing/selftests/bpf/progs/verifier_spill_fill.c': File exists
cp: cannot create regular file '/dev/shm/linux/./tools/testing/selftests/bpf/progs/verifier_spin_lock.c': File exists
cp: cannot create regular file '/dev/shm/linux/./tools/testing/selftests/bpf/progs/verifier_store_release.c': File exists
cp: cannot create regular file '/dev/shm/linux/./tools/testing/selftests/bpf/progs/verifier_subprog_topo.c': File exists
cp: cannot create regular file '/dev/shm/linux/./tools/testing/selftests/bpf/progs/verifier_tailcall.c': File exists
cp: cannot create regular file '/dev/shm/linux/./tools/testing/selftests/bpf/progs/verifier_tailcall_jit.c': File exists
cp: cannot create regular file '/dev/shm/linux/./tools/testing/selftests/bpf/progs/verifier_uninit.c': File exists
cp: cannot create regular file '/dev/shm/linux/./tools/testing/selftests/bpf/progs/verifier_unpriv_perf.c': File exists
cp: cannot create regular file '/dev/shm/linux/./tools/testing/selftests/bpf/progs/verifier_value.c': File exists
cp: cannot create regular file '/dev/shm/linux/./tools/testing/selftests/bpf/progs/verifier_value_illegal_alu.c': File exists
cp: cannot create regular file '/dev/shm/linux/./tools/testing/selftests/bpf/progs/verifier_value_ptr_arith.c': File exists
cp: cannot create regular file '/dev/shm/linux/./tools/testing/selftests/bpf/progs/verifier_vfs_accept.c': File exists
cp: cannot create regular file '/dev/shm/linux/./tools/testing/selftests/bpf/progs/verifier_xadd.c': File exists
cp: cannot create regular file '/dev/shm/linux/./tools/testing/selftests/bpf/progs/verifier_xdp_direct_packet_access.c': File exists
cp: cannot create regular file '/dev/shm/linux/./tools/testing/selftests/bpf/progs/wq.c': File exists
cp: cannot create regular file '/dev/shm/linux/./tools/testing/selftests/bpf/progs/xdp_dummy.c': File exists
cp: cannot create regular file '/dev/shm/linux/./tools/testing/selftests/bpf/progs/xdp_flowtable.c': File exists
cp: cannot create regular file '/dev/shm/linux/./tools/testing/selftests/bpf/progs/xdp_metadata2.c': File exists
cp: cannot create regular file '/dev/shm/linux/./tools/testing/selftests/bpf/progs/xdp_redirect_multi_kern.c': File exists
cp: cannot create regular file '/dev/shm/linux/./tools/testing/selftests/bpf/progs/xdp_tx.c': File exists
cp: cannot create regular file '/dev/shm/linux/./tools/testing/selftests/bpf/progs/xdpwall.c': File exists
cp: cannot create regular file '/dev/shm/linux/./tools/testing/selftests/bpf/progs/xsk_xdp_progs.c': File exists
cp: cannot create regular file '/dev/shm/linux/./tools/testing/selftests/bpf/sdt.h': File exists
cp: cannot create regular file '/dev/shm/linux/./tools/testing/selftests/bpf/sysctl_helpers.h': File exists
cp: cannot create regular file '/dev/shm/linux/./tools/testing/selftests/bpf/test_bpftool_build.sh': File exists
cp: cannot create regular file '/dev/shm/linux/./tools/testing/selftests/bpf/test_btf.h': File exists
cp: cannot create regular file '/dev/shm/linux/./tools/testing/selftests/bpf/test_doc_build.sh': File exists
cp: cannot create regular file '/dev/shm/linux/./tools/testing/selftests/bpf/test_iptunnel_common.h': File exists
cp: cannot create regular file '/dev/shm/linux/./tools/testing/selftests/bpf/test_kmods/.gitignore': File exists
cp: cannot create regular file '/dev/shm/linux/./tools/testing/selftests/bpf/test_kmods/Makefile': File exists
cp: cannot create regular file '/dev/shm/linux/./tools/testing/selftests/bpf/test_kmods/bpf_test_modorder_y.c': File exists
cp: cannot create regular file '/dev/shm/linux/./tools/testing/selftests/bpf/test_kmods/bpf_test_rqspinlock.c': File exists
cp: cannot create regular file '/dev/shm/linux/./tools/testing/selftests/bpf/test_kmods/bpf_testmod.c': File exists
cp: cannot create regular file '/dev/shm/linux/./tools/testing/selftests/bpf/test_kmods/bpf_testmod_kfunc.h': File exists
cp: cannot create regular file '/dev/shm/linux/./tools/testing/selftests/bpf/test_lirc_mode2_user.c': File exists
cp: cannot create regular file '/dev/shm/linux/./tools/testing/selftests/bpf/test_maps.h': File exists
cp: cannot create regular file '/dev/shm/linux/./tools/testing/selftests/bpf/test_sockmap.c': File exists
cp: cannot create regular file '/dev/shm/linux/./tools/testing/selftests/bpf/test_tcp_hdr_options.h': File exists
cp: cannot create regular file '/dev/shm/linux/./tools/testing/selftests/bpf/test_tcpnotify.h': File exists
cp: cannot create regular file '/dev/shm/linux/./tools/testing/selftests/bpf/test_verifier.c': File exists
cp: cannot create regular file '/dev/shm/linux/./tools/testing/selftests/bpf/test_xdping.sh': File exists
cp: cannot create regular file '/dev/shm/linux/./tools/testing/selftests/bpf/testing_helpers.c': File exists
cp: cannot create regular file '/dev/shm/linux/./tools/testing/selftests/bpf/trace_helpers.c': File exists
cp: cannot create regular file '/dev/shm/linux/./tools/testing/selftests/bpf/unpriv_helpers.h': File exists
cp: cannot create regular file '/dev/shm/linux/./tools/testing/selftests/bpf/uprobe_multi.ld': File exists
cp: cannot create regular file '/dev/shm/linux/./tools/testing/selftests/bpf/urandom_read.c': File exists
cp: cannot create regular file '/dev/shm/linux/./tools/testing/selftests/bpf/urandom_read_lib1.c': File exists
cp: cannot create regular file '/dev/shm/linux/./tools/testing/selftests/bpf/usdt.h': File exists
cp: cannot create regular file '/dev/shm/linux/./tools/testing/selftests/bpf/usdt_2.c': File exists
cp: cannot create regular file '/dev/shm/linux/./tools/testing/selftests/cgroup/lib/include/cgroup_util.h': File exists
cp: cannot create regular file '/dev/shm/linux/./tools/testing/selftests/cgroup/test_core.c': File exists
cp: cannot create regular file '/dev/shm/linux/./tools/testing/selftests/cgroup/test_cpuset.c': File exists
cp: cannot create regular file '/dev/shm/linux/./tools/testing/selftests/cgroup/test_cpuset_v1_base.sh': File exists
cp: cannot create regular file '/dev/shm/linux/./tools/testing/selftests/cgroup/test_freezer.c': File exists
cp: cannot create regular file '/dev/shm/linux/./tools/testing/selftests/cgroup/test_kmem.c': File exists
cp: cannot create regular file '/dev/shm/linux/./tools/testing/selftests/cgroup/test_pids.c': File exists
cp: cannot create regular file '/dev/shm/linux/./tools/testing/selftests/cgroup/test_stress.sh': File exists
cp: cannot create regular file '/dev/shm/linux/./tools/testing/selftests/cgroup/wait_inotify.c': File exists
cp: cannot create directory '/dev/shm/linux/./tools/testing/selftests/clone3': File exists
cp: cannot create regular file '/dev/shm/linux/./tools/testing/selftests/coredump/.gitignore': File exists
cp: cannot create regular file '/dev/shm/linux/./tools/testing/selftests/coredump/Makefile': File exists
cp: cannot create regular file '/dev/shm/linux/./tools/testing/selftests/coredump/config': File exists
cp: cannot create regular file '/dev/shm/linux/./tools/testing/selftests/coredump/coredump_test_helpers.c': File exists
cp: cannot create regular file '/dev/shm/linux/./tools/testing/selftests/coredump/stackdump_test.c': File exists
cp: cannot create regular file '/dev/shm/linux/./tools/testing/selftests/cpu-hotplug/Makefile': File exists
cp: cannot create regular file '/dev/shm/linux/./tools/testing/selftests/cpufreq/.gitignore': File exists
cp: cannot create regular file '/dev/shm/linux/./tools/testing/selftests/cpufreq/cpu.sh': File exists
cp: cannot create regular file '/dev/shm/linux/./tools/testing/selftests/cpufreq/governor.sh': File exists
cp: cannot create regular file '/dev/shm/linux/./tools/testing/selftests/cpufreq/module.sh': File exists
cp: cannot create regular file '/dev/shm/linux/./tools/testing/selftests/damon/Makefile': File exists
cp: cannot create regular file '/dev/shm/linux/./tools/testing/selftests/damon/_damon_sysfs.py': File exists
cp: cannot create regular file '/dev/shm/linux/./tools/testing/selftests/damon/access_memory_even.c': File exists
cp: cannot create regular file '/dev/shm/linux/./tools/testing/selftests/damon/damon_nr_regions.py': File exists
cp: cannot create regular file '/dev/shm/linux/./tools/testing/selftests/damon/damos_quota.py': File exists
cp: cannot create regular file '/dev/shm/linux/./tools/testing/selftests/damon/damos_tried_regions.py': File exists
cp: cannot create regular file '/dev/shm/linux/./tools/testing/selftests/damon/lru_sort.sh': File exists
cp: cannot create regular file '/dev/shm/linux/./tools/testing/selftests/damon/sysfs.py': File exists
cp: cannot create regular file '/dev/shm/linux/./tools/testing/selftests/damon/sysfs_memcg_path_leak.sh': File exists
cp: cannot create regular file '/dev/shm/linux/./tools/testing/selftests/damon/sysfs_update_removed_scheme_dir.sh': File exists
cp: cannot create regular file '/dev/shm/linux/./tools/testing/selftests/damon/sysfs_update_schemes_tried_regions_wss_estimation.py': File exists
cp: cannot create regular file '/dev/shm/linux/./tools/testing/selftests/drivers/dma-buf/Makefile': File exists
cp: cannot create regular file '/dev/shm/linux/./tools/testing/selftests/drivers/dma-buf/udmabuf.c': File exists
cp: cannot create regular file '/dev/shm/linux/./tools/testing/selftests/drivers/net/bonding/bond-arp-interval-causes-panic.sh': File exists
cp: cannot create regular file '/dev/shm/linux/./tools/testing/selftests/drivers/net/bonding/bond-eth-type-change.sh': File exists
cp: cannot create regular file '/dev/shm/linux/./tools/testing/selftests/drivers/net/bonding/bond_ipsec_offload.sh': File exists
cp: cannot create regular file '/dev/shm/linux/./tools/testing/selftests/drivers/net/bonding/bond_macvlan_ipvlan.sh': File exists
cp: cannot create regular file '/dev/shm/linux/./tools/testing/selftests/drivers/net/bonding/bond_passive_lacp.sh': File exists
cp: cannot create regular file '/dev/shm/linux/./tools/testing/selftests/drivers/net/bonding/bond_topo_2d1c.sh': File exists
cp: cannot create regular file '/dev/shm/linux/./tools/testing/selftests/drivers/net/bonding/config': File exists
cp: cannot create regular file '/dev/shm/linux/./tools/testing/selftests/drivers/net/bonding/lag_lib.sh': File exists
cp: cannot create regular file '/dev/shm/linux/./tools/testing/selftests/drivers/net/bonding/mode-2-recovery-updelay.sh': File exists
cp: cannot create regular file '/dev/shm/linux/./tools/testing/selftests/drivers/net/bonding/netcons_over_bonding.sh': File exists
cp: cannot create regular file '/dev/shm/linux/./tools/testing/selftests/drivers/net/config': File exists
cp: cannot create regular file '/dev/shm/linux/./tools/testing/selftests/drivers/net/dsa/Makefile': File exists
cp: cannot create symbolic link '/dev/shm/linux/./tools/testing/selftests/drivers/net/dsa/bridge_mdb.sh': File exists
cp: cannot create symbolic link '/dev/shm/linux/./tools/testing/selftests/drivers/net/dsa/bridge_vlan_aware.sh': File exists
cp: cannot create symbolic link '/dev/shm/linux/./tools/testing/selftests/drivers/net/dsa/bridge_vlan_mcast.sh': File exists
cp: cannot create symbolic link '/dev/shm/linux/./tools/testing/selftests/drivers/net/dsa/bridge_vlan_unaware.sh': File exists
cp: cannot create symbolic link '/dev/shm/linux/./tools/testing/selftests/drivers/net/dsa/local_termination.sh': File exists
cp: cannot create symbolic link '/dev/shm/linux/./tools/testing/selftests/drivers/net/dsa/no_forwarding.sh': File exists
cp: cannot create symbolic link '/dev/shm/linux/./tools/testing/selftests/drivers/net/dsa/tc_actions.sh': File exists
cp: cannot create symbolic link '/dev/shm/linux/./tools/testing/selftests/drivers/net/dsa/tc_taprio.sh': File exists
cp: cannot create regular file '/dev/shm/linux/./tools/testing/selftests/drivers/net/gro.py': File exists
cp: cannot create regular file '/dev/shm/linux/./tools/testing/selftests/drivers/net/hw/Makefile': File exists
cp: cannot create regular file '/dev/shm/linux/./tools/testing/selftests/drivers/net/hw/csum.py': File exists
cp: cannot create regular file '/dev/shm/linux/./tools/testing/selftests/drivers/net/hw/devlink_rate_tc_bw.py': File exists
cp: cannot create regular file '/dev/shm/linux/./tools/testing/selftests/drivers/net/hw/ethtool.sh': File exists
cp: cannot create regular file '/dev/shm/linux/./tools/testing/selftests/drivers/net/hw/ethtool_lib.sh': File exists
cp: cannot create regular file '/dev/shm/linux/./tools/testing/selftests/drivers/net/hw/ethtool_rmon.sh': File exists
cp: cannot create regular file '/dev/shm/linux/./tools/testing/selftests/drivers/net/hw/gro_hw.py': File exists
cp: cannot create regular file '/dev/shm/linux/./tools/testing/selftests/drivers/net/hw/hw_stats_l3_gre.sh': File exists
cp: cannot create regular file '/dev/shm/linux/./tools/testing/selftests/drivers/net/hw/iou-zcrx.py': File exists
cp: cannot create regular file '/dev/shm/linux/./tools/testing/selftests/drivers/net/hw/irq.py': File exists
cp: cannot create regular file '/dev/shm/linux/./tools/testing/selftests/drivers/net/hw/nk_forward.bpf.c': File exists
cp: cannot create regular file '/dev/shm/linux/./tools/testing/selftests/drivers/net/hw/nk_qlease.py': File exists
cp: cannot create regular file '/dev/shm/linux/./tools/testing/selftests/drivers/net/hw/pp_alloc_fail.py': File exists
cp: cannot create regular file '/dev/shm/linux/./tools/testing/selftests/drivers/net/hw/rss_ctx.py': File exists
cp: cannot create regular file '/dev/shm/linux/./tools/testing/selftests/drivers/net/hw/rss_flow_label.py': File exists
cp: cannot create regular file '/dev/shm/linux/./tools/testing/selftests/drivers/net/hw/settings': File exists
cp: cannot create regular file '/dev/shm/linux/./tools/testing/selftests/drivers/net/hw/toeplitz.c': File exists
cp: cannot create regular file '/dev/shm/linux/./tools/testing/selftests/drivers/net/hw/tso.py': File exists
cp: cannot create regular file '/dev/shm/linux/./tools/testing/selftests/drivers/net/hw/xdp_metadata.py': File exists
cp: cannot create regular file '/dev/shm/linux/./tools/testing/selftests/drivers/net/hw/xsk_reconfig.py': File exists
cp: cannot create regular file '/dev/shm/linux/./tools/testing/selftests/drivers/net/mlxsw/devlink_trap_l3_drops.sh': File exists
cp: cannot create regular file '/dev/shm/linux/./tools/testing/selftests/drivers/net/mlxsw/devlink_trap_tunnel_vxlan.sh': File exists
cp: cannot create regular file '/dev/shm/linux/./tools/testing/selftests/drivers/net/mlxsw/egress_vid_classification.sh': File exists
cp: cannot create regular file '/dev/shm/linux/./tools/testing/selftests/drivers/net/mlxsw/extack.sh': File exists
cp: cannot create regular file '/dev/shm/linux/./tools/testing/selftests/drivers/net/mlxsw/fib_offload.sh': File exists
cp: cannot create regular file '/dev/shm/linux/./tools/testing/selftests/drivers/net/mlxsw/ingress_rif_conf_1d.sh': File exists
cp: cannot create regular file '/dev/shm/linux/./tools/testing/selftests/drivers/net/mlxsw/ingress_rif_conf_1q.sh': File exists
cp: cannot create regular file '/dev/shm/linux/./tools/testing/selftests/drivers/net/mlxsw/mirror_gre.sh': File exists
cp: cannot create regular file '/dev/shm/linux/./tools/testing/selftests/drivers/net/mlxsw/mlxsw_lib.sh': File exists
cp: cannot create regular file '/dev/shm/linux/./tools/testing/selftests/drivers/net/mlxsw/pci_reset.sh': File exists
cp: cannot create regular file '/dev/shm/linux/./tools/testing/selftests/drivers/net/mlxsw/port_range_scale.sh': File exists
cp: cannot create regular file '/dev/shm/linux/./tools/testing/selftests/drivers/net/mlxsw/q_in_q_veto.sh': File exists
cp: cannot create regular file '/dev/shm/linux/./tools/testing/selftests/drivers/net/mlxsw/qos_dscp_bridge.sh': File exists
cp: cannot create regular file '/dev/shm/linux/./tools/testing/selftests/drivers/net/mlxsw/qos_ets_strict.sh': File exists
cp: cannot create regular file '/dev/shm/linux/./tools/testing/selftests/drivers/net/mlxsw/qos_lib.sh': File exists
cp: cannot create regular file '/dev/shm/linux/./tools/testing/selftests/drivers/net/mlxsw/qos_mc_aware.sh': File exists
cp: cannot create regular file '/dev/shm/linux/./tools/testing/selftests/drivers/net/mlxsw/rif_bridge.sh': File exists
cp: cannot create regular file '/dev/shm/linux/./tools/testing/selftests/drivers/net/mlxsw/rif_lag.sh': File exists
cp: cannot create regular file '/dev/shm/linux/./tools/testing/selftests/drivers/net/mlxsw/rif_mac_profile_scale.sh': File exists
cp: cannot create regular file '/dev/shm/linux/./tools/testing/selftests/drivers/net/mlxsw/router_scale.sh': File exists
cp: cannot create regular file '/dev/shm/linux/./tools/testing/selftests/drivers/net/mlxsw/rtnetlink.sh': File exists
cp: cannot create regular file '/dev/shm/linux/./tools/testing/selftests/drivers/net/mlxsw/sch_ets.sh': File exists
cp: cannot create regular file '/dev/shm/linux/./tools/testing/selftests/drivers/net/mlxsw/sch_red_core.sh': File exists
cp: cannot create regular file '/dev/shm/linux/./tools/testing/selftests/drivers/net/mlxsw/sch_red_prio.sh': File exists
cp: cannot create regular file '/dev/shm/linux/./tools/testing/selftests/drivers/net/mlxsw/sch_red_root.sh': File exists
cp: cannot create regular file '/dev/shm/linux/./tools/testing/selftests/drivers/net/mlxsw/sch_tbf_prio.sh': File exists
cp: cannot create regular file '/dev/shm/linux/./tools/testing/selftests/drivers/net/mlxsw/sharedbuffer.sh': File exists
cp: cannot create regular file '/dev/shm/linux/./tools/testing/selftests/drivers/net/mlxsw/spectrum-2/mirror_gre_scale.sh': File exists
cp: cannot create regular file '/dev/shm/linux/./tools/testing/selftests/drivers/net/mlxsw/spectrum-2/port_scale.sh': File exists
cp: cannot create symbolic link '/dev/shm/linux/./tools/testing/selftests/drivers/net/mlxsw/spectrum-2/rif_counter_scale.sh': File exists
cp: cannot create regular file '/dev/shm/linux/./tools/testing/selftests/drivers/net/mlxsw/spectrum-2/rif_mac_profile_scale.sh': File exists
cp: cannot create regular file '/dev/shm/linux/./tools/testing/selftests/drivers/net/mlxsw/spectrum-2/tc_flower.sh': File exists
cp: cannot create regular file '/dev/shm/linux/./tools/testing/selftests/drivers/net/mlxsw/spectrum-2/tc_police_scale.sh': File exists
cp: cannot create regular file '/dev/shm/linux/./tools/testing/selftests/drivers/net/mlxsw/spectrum-2/vxlan_flooding_ipv6.sh': File exists
cp: cannot create regular file '/dev/shm/linux/./tools/testing/selftests/drivers/net/napi_threaded.py': File exists
cp: cannot create regular file '/dev/shm/linux/./tools/testing/selftests/drivers/net/netdevsim/fib.sh': File exists
cp: cannot create regular file '/dev/shm/linux/./tools/testing/selftests/drivers/net/netdevsim/hw_stats_l3.sh': File exists
cp: cannot create regular file '/dev/shm/linux/./tools/testing/selftests/drivers/net/netdevsim/peer.sh': File exists
cp: cannot create regular file '/dev/shm/linux/./tools/testing/selftests/drivers/net/netdevsim/settings': File exists
cp: cannot create regular file '/dev/shm/linux/./tools/testing/selftests/drivers/net/netdevsim/tc-mq-visibility.sh': File exists
cp: cannot create regular file '/dev/shm/linux/./tools/testing/selftests/drivers/net/netpoll_basic.py': File exists
cp: cannot create regular file '/dev/shm/linux/./tools/testing/selftests/drivers/net/queues.py': File exists
cp: cannot create regular file '/dev/shm/linux/./tools/testing/selftests/drivers/net/shaper.py': File exists
cp: cannot create regular file '/dev/shm/linux/./tools/testing/selftests/drivers/net/team/Makefile': File exists
cp: cannot create regular file '/dev/shm/linux/./tools/testing/selftests/drivers/net/team/decoupled_enablement.sh': File exists
cp: cannot create regular file '/dev/shm/linux/./tools/testing/selftests/drivers/net/team/non_ether_header_ops.sh': File exists
cp: cannot create regular file '/dev/shm/linux/./tools/testing/selftests/drivers/net/team/propagation.sh': File exists
cp: cannot create regular file '/dev/shm/linux/./tools/testing/selftests/drivers/net/team/settings': File exists
cp: cannot create regular file '/dev/shm/linux/./tools/testing/selftests/drivers/net/team/team_lib.sh': File exists
cp: cannot create regular file '/dev/shm/linux/./tools/testing/selftests/drivers/net/team/transmit_failover.sh': File exists
cp: cannot create directory '/dev/shm/linux/./tools/testing/selftests/drivers/platform/x86': File exists
cp: cannot create regular file '/dev/shm/linux/./tools/testing/selftests/drivers/sdsi/sdsi.sh': File exists
cp: cannot create regular file '/dev/shm/linux/./tools/testing/selftests/drivers/sdsi/sdsi_test.py': File exists
cp: cannot create regular file '/dev/shm/linux/./tools/testing/selftests/dt/test_unprobed_devices.sh': File exists
cp: cannot create directory '/dev/shm/linux/./tools/testing/selftests/efivarfs': File exists
cp: cannot create regular file '/dev/shm/linux/./tools/testing/selftests/filesystems/.gitignore': File exists
cp: cannot create regular file '/dev/shm/linux/./tools/testing/selftests/filesystems/anon_inode_test.c': File exists
cp: cannot create regular file '/dev/shm/linux/./tools/testing/selftests/filesystems/empty_mntns/clone3_empty_mntns_test.c': File exists
cp: cannot create regular file '/dev/shm/linux/./tools/testing/selftests/filesystems/empty_mntns/empty_mntns_test.c': File exists
cp: cannot create regular file '/dev/shm/linux/./tools/testing/selftests/filesystems/epoll/.gitignore': File exists
cp: cannot create regular file '/dev/shm/linux/./tools/testing/selftests/filesystems/epoll/epoll_wakeup_test.c': File exists
cp: cannot create regular file '/dev/shm/linux/./tools/testing/selftests/filesystems/fat/run_fat_tests.sh': File exists
cp: cannot create regular file '/dev/shm/linux/./tools/testing/selftests/filesystems/file_stressor.c': File exists
cp: cannot create regular file '/dev/shm/linux/./tools/testing/selftests/filesystems/fuse/fusectl_test.c': File exists
cp: cannot create regular file '/dev/shm/linux/./tools/testing/selftests/filesystems/mount-notify/.gitignore': File exists
cp: cannot create regular file '/dev/shm/linux/./tools/testing/selftests/filesystems/mount-notify/mount-notify_test.c': File exists
cp: cannot create regular file '/dev/shm/linux/./tools/testing/selftests/filesystems/move_mount/Makefile': File exists
cp: cannot create regular file '/dev/shm/linux/./tools/testing/selftests/filesystems/nsfs/.gitignore': File exists
cp: cannot create regular file '/dev/shm/linux/./tools/testing/selftests/filesystems/nsfs/config': File exists
cp: cannot create regular file '/dev/shm/linux/./tools/testing/selftests/filesystems/nsfs/owner.c': File exists
cp: cannot create regular file '/dev/shm/linux/./tools/testing/selftests/filesystems/nsfs/pidns.c': File exists
cp: cannot create regular file '/dev/shm/linux/./tools/testing/selftests/filesystems/overlayfs/log.h': File exists
cp: cannot create regular file '/dev/shm/linux/./tools/testing/selftests/filesystems/statmount/.gitignore': File exists
cp: cannot create regular file '/dev/shm/linux/./tools/testing/selftests/filesystems/statmount/listmount_test.c': File exists
cp: cannot create regular file '/dev/shm/linux/./tools/testing/selftests/filesystems/statmount/statmount_test.c': File exists
cp: cannot create regular file '/dev/shm/linux/./tools/testing/selftests/filesystems/utils.c': File exists
cp: cannot create regular file '/dev/shm/linux/./tools/testing/selftests/filesystems/wrappers.h': File exists
cp: cannot create regular file '/dev/shm/linux/./tools/testing/selftests/firmware/fw_lib.sh': File exists
cp: cannot create regular file '/dev/shm/linux/./tools/testing/selftests/firmware/fw_run_tests.sh': File exists
cp: cannot create regular file '/dev/shm/linux/./tools/testing/selftests/firmware/settings': File exists
cp: cannot create regular file '/dev/shm/linux/./tools/testing/selftests/ftrace/ftracetest': File exists
cp: cannot create regular file '/dev/shm/linux/./tools/testing/selftests/ftrace/poll.c': File exists
cp: cannot create regular file '/dev/shm/linux/./tools/testing/selftests/ftrace/samples/fail.tc': File exists
cp: cannot create regular file '/dev/shm/linux/./tools/testing/selftests/ftrace/samples/unresolved.tc': File exists
cp: cannot create regular file '/dev/shm/linux/./tools/testing/selftests/ftrace/samples/untested.tc': File exists
cp: cannot create regular file '/dev/shm/linux/./tools/testing/selftests/ftrace/settings': File exists
cp: cannot create regular file '/dev/shm/linux/./tools/testing/selftests/kvm/arm64/arch_timer_edge_cases.c': File exists
cp: cannot create regular file '/dev/shm/linux/./tools/testing/selftests/kvm/arm64/debug-exceptions.c': File exists
cp: cannot create regular file '/dev/shm/linux/./tools/testing/selftests/kvm/arm64/get-reg-list.c': File exists
cp: cannot create regular file '/dev/shm/linux/./tools/testing/selftests/kvm/arm64/host_sve.c': File exists
cp: cannot create regular file '/dev/shm/linux/./tools/testing/selftests/kvm/arm64/hypercalls.c': File exists
cp: cannot create regular file '/dev/shm/linux/./tools/testing/selftests/kvm/arm64/kvm-uuid.c': File exists
cp: cannot create regular file '/dev/shm/linux/./tools/testing/selftests/kvm/arm64/page_fault_test.c': File exists
cp: cannot create regular file '/dev/shm/linux/./tools/testing/selftests/kvm/arm64/sea_to_user.c': File exists
cp: cannot create regular file '/dev/shm/linux/./tools/testing/selftests/kvm/arm64/smccc_filter.c': File exists
cp: cannot create regular file '/dev/shm/linux/./tools/testing/selftests/kvm/arm64/vgic_v5.c': File exists
cp: cannot create regular file '/dev/shm/linux/./tools/testing/selftests/kvm/coalesced_io_test.c': File exists
cp: cannot create regular file '/dev/shm/linux/./tools/testing/selftests/kvm/demand_paging_test.c': File exists
cp: cannot create regular file '/dev/shm/linux/./tools/testing/selftests/kvm/dirty_log_test.c': File exists
cp: cannot create regular file '/dev/shm/linux/./tools/testing/selftests/kvm/guest_memfd_test.c': File exists
cp: cannot create regular file '/dev/shm/linux/./tools/testing/selftests/kvm/hardware_disable_test.c': File exists
cp: cannot create regular file '/dev/shm/linux/./tools/testing/selftests/kvm/pre_fault_memory_test.c': File exists
cp: cannot create regular file '/dev/shm/linux/./tools/testing/selftests/kvm/s390/debug_test.c': File exists
cp: cannot create regular file '/dev/shm/linux/./tools/testing/selftests/kvm/s390/keyop.c': File exists
cp: cannot create regular file '/dev/shm/linux/./tools/testing/selftests/kvm/s390/resets.c': File exists
cp: cannot create regular file '/dev/shm/linux/./tools/testing/selftests/kvm/s390/sync_regs_test.c': File exists
cp: cannot create regular file '/dev/shm/linux/./tools/testing/selftests/kvm/s390/ucontrol_test.c': File exists
cp: cannot create regular file '/dev/shm/linux/./tools/testing/selftests/kvm/set_memory_region_test.c': File exists
cp: cannot create regular file '/dev/shm/linux/./tools/testing/selftests/kvm/steal_time.c': File exists
cp: cannot create regular file '/dev/shm/linux/./tools/testing/selftests/kvm/x86/aperfmperf_test.c': File exists
cp: cannot create regular file '/dev/shm/linux/./tools/testing/selftests/kvm/x86/cpuid_test.c': File exists
cp: cannot create regular file '/dev/shm/linux/./tools/testing/selftests/kvm/x86/debug_regs.c': File exists
cp: cannot create regular file '/dev/shm/linux/./tools/testing/selftests/kvm/x86/exit_on_emulation_failure_test.c': File exists
cp: cannot create regular file '/dev/shm/linux/./tools/testing/selftests/kvm/x86/feature_msrs_test.c': File exists
cp: cannot create regular file '/dev/shm/linux/./tools/testing/selftests/kvm/x86/flds_emulation.h': File exists
cp: cannot create regular file '/dev/shm/linux/./tools/testing/selftests/kvm/x86/hyperv_cpuid.c': File exists
cp: cannot create regular file '/dev/shm/linux/./tools/testing/selftests/kvm/x86/hyperv_extended_hypercalls.c': File exists
cp: cannot create regular file '/dev/shm/linux/./tools/testing/selftests/kvm/x86/hyperv_ipi.c': File exists
cp: cannot create regular file '/dev/shm/linux/./tools/testing/selftests/kvm/x86/hyperv_tlb_flush.c': File exists
cp: cannot create regular file '/dev/shm/linux/./tools/testing/selftests/kvm/x86/max_vcpuid_cap_test.c': File exists
cp: cannot create regular file '/dev/shm/linux/./tools/testing/selftests/kvm/x86/msrs_test.c': File exists
cp: cannot create regular file '/dev/shm/linux/./tools/testing/selftests/kvm/x86/nested_dirty_log_test.c': File exists
cp: cannot create regular file '/dev/shm/linux/./tools/testing/selftests/kvm/x86/nested_exceptions_test.c': File exists
cp: cannot create regular file '/dev/shm/linux/./tools/testing/selftests/kvm/x86/nested_set_state_test.c': File exists
cp: cannot create regular file '/dev/shm/linux/./tools/testing/selftests/kvm/x86/nested_vmsave_vmload_test.c': File exists
cp: cannot create regular file '/dev/shm/linux/./tools/testing/selftests/kvm/x86/nx_huge_pages_test.c': File exists
cp: cannot create regular file '/dev/shm/linux/./tools/testing/selftests/kvm/x86/platform_info_test.c': File exists
cp: cannot create regular file '/dev/shm/linux/./tools/testing/selftests/kvm/x86/private_mem_kvm_exits_test.c': File exists
cp: cannot create regular file '/dev/shm/linux/./tools/testing/selftests/kvm/x86/recalc_apic_map_test.c': File exists
cp: cannot create regular file '/dev/shm/linux/./tools/testing/selftests/kvm/x86/sev_migrate_tests.c': File exists
cp: cannot create regular file '/dev/shm/linux/./tools/testing/selftests/kvm/x86/smaller_maxphyaddr_emulation_test.c': File exists
cp: cannot create regular file '/dev/shm/linux/./tools/testing/selftests/kvm/x86/state_test.c': File exists
cp: cannot create regular file '/dev/shm/linux/./tools/testing/selftests/kvm/x86/svm_nested_clear_efer_svme.c': File exists
cp: cannot create regular file '/dev/shm/linux/./tools/testing/selftests/kvm/x86/svm_nested_soft_inject_test.c': File exists
cp: cannot create regular file '/dev/shm/linux/./tools/testing/selftests/kvm/x86/sync_regs_test.c': File exists
cp: cannot create regular file '/dev/shm/linux/./tools/testing/selftests/kvm/x86/tsc_msrs_test.c': File exists
cp: cannot create regular file '/dev/shm/linux/./tools/testing/selftests/kvm/x86/tsc_scaling_sync.c': File exists
cp: cannot create regular file '/dev/shm/linux/./tools/testing/selftests/kvm/x86/ucna_injection_test.c': File exists
cp: cannot create regular file '/dev/shm/linux/./tools/testing/selftests/kvm/x86/userspace_msr_exit_test.c': File exists
cp: cannot create regular file '/dev/shm/linux/./tools/testing/selftests/kvm/x86/vmx_apicv_updates_test.c': File exists
cp: cannot create regular file '/dev/shm/linux/./tools/testing/selftests/kvm/x86/vmx_invalid_nested_guest_state.c': File exists
cp: cannot create regular file '/dev/shm/linux/./tools/testing/selftests/kvm/x86/vmx_nested_la57_state_test.c': File exists
cp: cannot create regular file '/dev/shm/linux/./tools/testing/selftests/kvm/x86/vmx_pmu_caps_test.c': File exists
cp: cannot create regular file '/dev/shm/linux/./tools/testing/selftests/kvm/x86/xapic_state_test.c': File exists
cp: cannot create regular file '/dev/shm/linux/./tools/testing/selftests/kvm/x86/xcr0_cpuid_test.c': File exists
cp: cannot create regular file '/dev/shm/linux/./tools/testing/selftests/kvm/x86/xen_vmcall_test.c': File exists
cp: cannot create regular file '/dev/shm/linux/./tools/testing/selftests/landlock/.gitignore': File exists
cp: cannot create regular file '/dev/shm/linux/./tools/testing/selftests/landlock/audit.h': File exists
cp: cannot create regular file '/dev/shm/linux/./tools/testing/selftests/landlock/config': File exists
cp: cannot create regular file '/dev/shm/linux/./tools/testing/selftests/landlock/config.um': File exists
cp: cannot create regular file '/dev/shm/linux/./tools/testing/selftests/landlock/fs_test.c': File exists
cp: cannot create regular file '/dev/shm/linux/./tools/testing/selftests/landlock/sandbox-and-launch.c': File exists
cp: cannot create regular file '/dev/shm/linux/./tools/testing/selftests/landlock/scoped_base_variants.h': File exists
cp: cannot create regular file '/dev/shm/linux/./tools/testing/selftests/landlock/scoped_common.h': File exists
cp: cannot create regular file '/dev/shm/linux/./tools/testing/selftests/landlock/scoped_multiple_domain_variants.h': File exists
cp: cannot create regular file '/dev/shm/linux/./tools/testing/selftests/landlock/scoped_test.c': File exists
cp: cannot create regular file '/dev/shm/linux/./tools/testing/selftests/landlock/tsync_test.c': File exists
cp: cannot create regular file '/dev/shm/linux/./tools/testing/selftests/lib.mk': File exists
cp: cannot create regular file '/dev/shm/linux/./tools/testing/selftests/livepatch/settings': File exists
cp: cannot create regular file '/dev/shm/linux/./tools/testing/selftests/livepatch/test-ftrace.sh': File exists
cp: cannot create regular file '/dev/shm/linux/./tools/testing/selftests/livepatch/test-livepatch.sh': File exists
cp: cannot create regular file '/dev/shm/linux/./tools/testing/selftests/livepatch/test-state.sh': File exists
cp: cannot create regular file '/dev/shm/linux/./tools/testing/selftests/livepatch/test-sysfs.sh': File exists
cp: cannot create regular file '/dev/shm/linux/./tools/testing/selftests/livepatch/test_klp-call_getpid.c': File exists
cp: cannot create regular file '/dev/shm/linux/./tools/testing/selftests/lsm/common.c': File exists
cp: cannot create regular file '/dev/shm/linux/./tools/testing/selftests/lsm/config': File exists
cp: cannot create regular file '/dev/shm/linux/./tools/testing/selftests/lsm/lsm_list_modules_test.c': File exists
cp: cannot create regular file '/dev/shm/linux/./tools/testing/selftests/media_tests/Makefile': File exists
cp: cannot create regular file '/dev/shm/linux/./tools/testing/selftests/media_tests/media_dev_allocator.sh': File exists
cp: cannot create regular file '/dev/shm/linux/./tools/testing/selftests/media_tests/media_device_test.c': File exists
cp: cannot create regular file '/dev/shm/linux/./tools/testing/selftests/media_tests/regression_test.txt': File exists
cp: cannot create regular file '/dev/shm/linux/./tools/testing/selftests/memfd/fuse_test.c': File exists
cp: cannot create regular file '/dev/shm/linux/./tools/testing/selftests/memfd/run_fuse_test.sh': File exists
cp: cannot create regular file '/dev/shm/linux/./tools/testing/selftests/memory-hotplug/Makefile': File exists
cp: cannot create regular file '/dev/shm/linux/./tools/testing/selftests/memory-hotplug/config': File exists
cp: cannot create regular file '/dev/shm/linux/./tools/testing/selftests/mincore/Makefile': File exists
cp: cannot create regular file '/dev/shm/linux/./tools/testing/selftests/mm/Makefile': File exists
cp: cannot create regular file '/dev/shm/linux/./tools/testing/selftests/mm/config': File exists
cp: cannot create regular file '/dev/shm/linux/./tools/testing/selftests/mm/droppable.c': File exists
cp: cannot create regular file '/dev/shm/linux/./tools/testing/selftests/mm/guard-regions.c': File exists
cp: cannot create regular file '/dev/shm/linux/./tools/testing/selftests/mm/gup_test.c': File exists
cp: cannot create regular file '/dev/shm/linux/./tools/testing/selftests/mm/ksft_hugetlb.sh': File exists
cp: cannot create regular file '/dev/shm/linux/./tools/testing/selftests/mm/ksft_rmap.sh': File exists
cp: cannot create regular file '/dev/shm/linux/./tools/testing/selftests/mm/ksft_soft_dirty.sh': File exists
cp: cannot create regular file '/dev/shm/linux/./tools/testing/selftests/mm/ksft_vma_merge.sh': File exists
cp: cannot create regular file '/dev/shm/linux/./tools/testing/selftests/mm/map_hugetlb.c': File exists
cp: cannot create regular file '/dev/shm/linux/./tools/testing/selftests/mm/mdwe_test.c': File exists
cp: cannot create regular file '/dev/shm/linux/./tools/testing/selftests/mm/memfd_secret.c': File exists
cp: cannot create regular file '/dev/shm/linux/./tools/testing/selftests/mm/merge.c': File exists
cp: cannot create regular file '/dev/shm/linux/./tools/testing/selftests/mm/mkdirty.c': File exists
cp: cannot create regular file '/dev/shm/linux/./tools/testing/selftests/mm/mlock2-tests.c': File exists
cp: cannot create regular file '/dev/shm/linux/./tools/testing/selftests/mm/mremap_test.c': File exists
cp: cannot create regular file '/dev/shm/linux/./tools/testing/selftests/mm/on-fault-limit.c': File exists
cp: cannot create regular file '/dev/shm/linux/./tools/testing/selftests/mm/pkey-arm64.h': File exists
cp: cannot create regular file '/dev/shm/linux/./tools/testing/selftests/mm/pkey-powerpc.h': File exists
cp: cannot create regular file '/dev/shm/linux/./tools/testing/selftests/mm/pkey_sighandler_tests.c': File exists
cp: cannot create regular file '/dev/shm/linux/./tools/testing/selftests/mm/prctl_thp_disable.c': File exists
cp: cannot create regular file '/dev/shm/linux/./tools/testing/selftests/mm/protection_keys.c': File exists
cp: cannot create regular file '/dev/shm/linux/./tools/testing/selftests/mm/run_vmtests.sh': File exists
cp: cannot create regular file '/dev/shm/linux/./tools/testing/selftests/mm/soft-dirty.c': File exists
cp: cannot create regular file '/dev/shm/linux/./tools/testing/selftests/mm/test_hmm.sh': File exists
cp: cannot create regular file '/dev/shm/linux/./tools/testing/selftests/mm/test_vmalloc.sh': File exists
cp: cannot create regular file '/dev/shm/linux/./tools/testing/selftests/mm/thp_settings.h': File exists
cp: cannot create regular file '/dev/shm/linux/./tools/testing/selftests/mm/transhuge-stress.c': File exists
cp: cannot create regular file '/dev/shm/linux/./tools/testing/selftests/mm/uffd-common.h': File exists
cp: cannot create regular file '/dev/shm/linux/./tools/testing/selftests/mm/uffd-unit-tests.c': File exists
cp: cannot create regular file '/dev/shm/linux/./tools/testing/selftests/mm/va_high_addr_switch.c': File exists
cp: cannot create regular file '/dev/shm/linux/./tools/testing/selftests/mm/vm_util.c': File exists
cp: cannot create regular file '/dev/shm/linux/./tools/testing/selftests/module/config': File exists
cp: cannot create regular file '/dev/shm/linux/./tools/testing/selftests/move_mount_set_group/config': File exists
cp: cannot create regular file '/dev/shm/linux/./tools/testing/selftests/mqueue/Makefile': File exists
cp: cannot create regular file '/dev/shm/linux/./tools/testing/selftests/mqueue/mq_open_tests.c': File exists
cp: cannot create regular file '/dev/shm/linux/./tools/testing/selftests/mqueue/mq_perf_tests.c': File exists
cp: cannot create regular file '/dev/shm/linux/./tools/testing/selftests/mseal_system_mappings/.gitignore': File exists
cp: cannot create regular file '/dev/shm/linux/./tools/testing/selftests/mseal_system_mappings/config': File exists
cp: cannot create directory '/dev/shm/linux/./tools/testing/selftests/namespaces': File exists
cp: cannot create regular file '/dev/shm/linux/./tools/testing/selftests/rseq/rseq-arm64-bits.h': File exists
cp: cannot create regular file '/dev/shm/linux/./tools/testing/selftests/rseq/rseq-bits-reset.h': File exists
cp: cannot create regular file '/dev/shm/linux/./tools/testing/selftests/rseq/rseq-bits-template.h': File exists
cp: cannot create regular file '/dev/shm/linux/./tools/testing/selftests/rseq/rseq-mips-bits.h': File exists
cp: cannot create regular file '/dev/shm/linux/./tools/testing/selftests/rseq/rseq-or1k-bits.h': File exists
cp: cannot create regular file '/dev/shm/linux/./tools/testing/selftests/rseq/rseq-or1k.h': File exists
cp: cannot create regular file '/dev/shm/linux/./tools/testing/selftests/rseq/rseq-ppc-thread-pointer.h': File exists
cp: cannot create regular file '/dev/shm/linux/./tools/testing/selftests/rseq/rseq-riscv-bits.h': File exists
cp: cannot create regular file '/dev/shm/linux/./tools/testing/selftests/rseq/rseq-s390-bits.h': File exists
cp: cannot create regular file '/dev/shm/linux/./tools/testing/selftests/rseq/rseq-slice-hist.py': File exists
cp: cannot create regular file '/dev/shm/linux/./tools/testing/selftests/rseq/rseq-x86-bits.h': File exists
cp: cannot create regular file '/dev/shm/linux/./tools/testing/selftests/rseq/rseq-x86.h': File exists
cp: cannot create regular file '/dev/shm/linux/./tools/testing/selftests/rseq/rseq.h': File exists
cp: cannot create regular file '/dev/shm/linux/./tools/testing/selftests/rseq/run_param_test.sh': File exists
cp: cannot create regular file '/dev/shm/linux/./tools/testing/selftests/rseq/run_timeslice_test.sh': File exists
cp: cannot create regular file '/dev/shm/linux/./tools/testing/selftests/rseq/slice_test.c': File exists
cp: cannot create regular file '/dev/shm/linux/./tools/testing/selftests/rtc/Makefile': File exists
cp: cannot create regular file '/dev/shm/linux/./tools/testing/selftests/rtc/settings': File exists
cp: cannot create regular file '/dev/shm/linux/./tools/testing/selftests/rust/config': File exists
cp: cannot create regular file '/dev/shm/linux/./tools/testing/selftests/safesetid/Makefile': File exists
cp: cannot create regular file '/dev/shm/linux/./tools/testing/selftests/safesetid/safesetid-test.c': File exists
cp: cannot create regular file '/dev/shm/linux/./tools/testing/selftests/sched/Makefile': File exists
cp: cannot create regular file '/dev/shm/linux/./tools/testing/selftests/sched/cs_prctl_test.c': File exists
cp: cannot create regular file '/dev/shm/linux/./tools/testing/selftests/syscall_user_dispatch/Makefile': File exists
cp: cannot create regular file '/dev/shm/linux/./tools/testing/selftests/syscall_user_dispatch/sud_benchmark.c': File exists
cp: cannot create regular file '/dev/shm/linux/./tools/testing/selftests/sysctl/config': File exists
cp: cannot create regular file '/dev/shm/linux/./tools/testing/selftests/tc-testing/Makefile': File exists
cp: cannot create regular file '/dev/shm/linux/./tools/testing/selftests/tc-testing/TODO.txt': File exists
cp: cannot create regular file '/dev/shm/linux/./tools/testing/selftests/tc-testing/TdcResults.py': File exists
cp: cannot create regular file '/dev/shm/linux/./tools/testing/selftests/tc-testing/action-ebpf': File exists
cp: cannot create regular file '/dev/shm/linux/./tools/testing/selftests/tc-testing/config': File exists
cp: cannot create regular file '/dev/shm/linux/./tools/testing/selftests/tc-testing/creating-testcases/example.json': File exists
cp: cannot create regular file '/dev/shm/linux/./tools/testing/selftests/tc-testing/creating-testcases/template.json': File exists
cp: cannot create directory '/dev/shm/linux/./tools/testing/selftests/tc-testing/tc-tests/actions': File exists
cp: cannot create regular file '/dev/shm/linux/./tools/testing/selftests/timens/log.h': File exists
cp: cannot create regular file '/dev/shm/linux/./tools/testing/selftests/timens/timens.c': File exists
cp: cannot create regular file '/dev/shm/linux/./tools/testing/selftests/timens/timer.c': File exists
cp: cannot create regular file '/dev/shm/linux/./tools/testing/selftests/timens/vfork_exec.c': File exists
cp: cannot create regular file '/dev/shm/linux/./tools/testing/selftests/ublk/config': File exists
cp: cannot create regular file '/dev/shm/linux/./tools/testing/selftests/ublk/file_backed.c': File exists
cp: cannot create regular file '/dev/shm/linux/./tools/testing/selftests/ublk/null.c': File exists
cp: cannot create regular file '/dev/shm/linux/./tools/testing/selftests/ublk/stripe.c': File exists
cp: cannot create regular file '/dev/shm/linux/./tools/testing/selftests/ublk/test_batch_02.sh': File exists
cp: cannot create regular file '/dev/shm/linux/./tools/testing/selftests/ublk/test_common.sh': File exists
cp: cannot create regular file '/dev/shm/linux/./tools/testing/selftests/ublk/test_generic_03.sh': File exists
cp: cannot create regular file '/dev/shm/linux/./tools/testing/selftests/ublk/test_generic_07.sh': File exists
cp: cannot create regular file '/dev/shm/linux/./tools/testing/selftests/ublk/test_generic_09.sh': File exists
cp: cannot create regular file '/dev/shm/linux/./tools/testing/selftests/ublk/test_generic_12.sh': File exists
cp: cannot create regular file '/dev/shm/linux/./tools/testing/selftests/ublk/test_generic_16.sh': File exists
cp: cannot create regular file '/dev/shm/linux/./tools/testing/selftests/ublk/test_integrity_01.sh': File exists
cp: cannot create regular file '/dev/shm/linux/./tools/testing/selftests/ublk/test_integrity_03.sh': File exists
cp: cannot create regular file '/dev/shm/linux/./tools/testing/selftests/ublk/test_loop_02.sh': File exists
cp: cannot create regular file '/dev/shm/linux/./tools/testing/selftests/ublk/test_loop_04.sh': File exists
cp: cannot create regular file '/dev/shm/linux/./tools/testing/selftests/ublk/test_loop_06.sh': File exists
cp: cannot create regular file '/dev/shm/linux/./tools/testing/selftests/ublk/test_null_01.sh': File exists
cp: cannot create regular file '/dev/shm/linux/./tools/testing/selftests/ublk/test_null_03.sh': File exists
cp: cannot create regular file '/dev/shm/linux/./tools/testing/selftests/ublk/test_part_02.sh': File exists
cp: cannot create regular file '/dev/shm/linux/./tools/testing/selftests/ublk/test_recover_02.sh': File exists
cp: cannot create regular file '/dev/shm/linux/./tools/testing/selftests/ublk/test_recover_04.sh': File exists
cp: cannot create regular file '/dev/shm/linux/./tools/testing/selftests/ublk/test_shmemzc_01.sh': File exists
cp: cannot create regular file '/dev/shm/linux/./tools/testing/selftests/ublk/test_shmemzc_03.sh': File exists
cp: cannot create regular file '/dev/shm/linux/./tools/testing/selftests/ublk/test_stress_02.sh': File exists
cp: cannot create regular file '/dev/shm/linux/./tools/testing/selftests/ublk/test_stress_03.sh': File exists
cp: cannot create regular file '/dev/shm/linux/./tools/testing/selftests/ublk/test_stress_05.sh': File exists
cp: cannot create regular file '/dev/shm/linux/./tools/testing/selftests/ublk/test_stress_07.sh': File exists
cp: cannot create regular file '/dev/shm/linux/./tools/testing/selftests/ublk/test_stress_09.sh': File exists
cp: cannot create regular file '/dev/shm/linux/./tools/testing/selftests/ublk/test_stripe_02.sh': File exists
cp: cannot create regular file '/dev/shm/linux/./tools/testing/selftests/ublk/test_stripe_06.sh': File exists
cp: cannot create directory '/dev/shm/linux/./tools/testing/selftests/ublk/trace': File exists
cp: cannot create regular file '/dev/shm/linux/./tools/testing/selftests/user_events/dyn_test.c': File exists
cp: cannot create regular file '/dev/shm/linux/./tools/testing/selftests/user_events/perf_test.c': File exists
cp: cannot create regular file '/dev/shm/linux/./tools/testing/selftests/user_events/user_events_selftests.h': File exists
cp: cannot create directory '/dev/shm/linux/./tools/testing/selftests/vfio/lib/drivers': File exists
cp: cannot create regular file '/dev/shm/linux/./tools/testing/selftests/vfio/lib/libvfio.c': File exists
cp: cannot create regular file '/dev/shm/linux/./tools/testing/selftests/vfio/lib/vfio_pci_device.c': File exists
cp: cannot create regular file '/dev/shm/linux/./tools/testing/selftests/vfio/scripts/lib.sh': File exists
cp: cannot create regular file '/dev/shm/linux/./tools/testing/selftests/vfio/scripts/setup.sh': File exists
cp: cannot create regular file '/dev/shm/linux/./tools/testing/selftests/vfio/vfio_dma_mapping_test.c': File exists
cp: cannot create regular file '/dev/shm/linux/./tools/testing/selftests/vfio/vfio_pci_device_init_perf_test.c': File exists
cp: cannot create regular file '/dev/shm/linux/./tools/testing/selftests/vfio/vfio_pci_driver_test.c': File exists
cp: cannot create regular file '/dev/shm/linux/./tools/testing/selftests/wireguard/qemu/Makefile': File exists
cp: cannot create regular file '/dev/shm/linux/./tools/testing/selftests/x86/corrupt_xstate_header.c': File exists
cp: cannot create regular file '/dev/shm/linux/./tools/testing/selftests/x86/entry_from_vm86.c': File exists
cp: cannot create regular file '/dev/shm/linux/./tools/testing/selftests/x86/fsgsbase_restore.c': File exists
cp: cannot create regular file '/dev/shm/linux/./tools/testing/selftests/x86/iopl.c': File exists
cp: cannot create regular file '/dev/shm/linux/./tools/testing/selftests/x86/nx_stack.c': File exists
cp: cannot create regular file '/dev/shm/linux/./tools/testing/selftests/x86/raw_syscall_helper_32.S': File exists
cp: cannot create regular file '/dev/shm/linux/./tools/testing/selftests/x86/sigreturn.c': File exists
cp: cannot create regular file '/dev/shm/linux/./tools/testing/selftests/x86/srso.c': File exists
cp: cannot create regular file '/dev/shm/linux/./tools/testing/selftests/x86/syscall_numbering.c': File exists
cp: cannot create regular file '/dev/shm/linux/./tools/testing/selftests/x86/sysret_ss_attrs.c': File exists
cp: cannot create regular file '/dev/shm/linux/./tools/testing/selftests/x86/test_FCOMI.c': File exists
cp: cannot create regular file '/dev/shm/linux/./tools/testing/selftests/x86/test_shadow_stack.c': File exists
cp: cannot create regular file '/dev/shm/linux/./tools/testing/selftests/x86/test_vsyscall.c': File exists
cp: cannot create regular file '/dev/shm/linux/./tools/testing/selftests/x86/thunks_32.S': File exists
cp: cannot create regular file '/dev/shm/linux/./tools/testing/selftests/x86/trivial_64bit_program.c': File exists
cp: cannot create regular file '/dev/shm/linux/./tools/testing/selftests/x86/unwind_vdso.c': File exists
cp: cannot create regular file '/dev/shm/linux/./tools/testing/selftests/x86/xstate.c': File exists
cp: cannot create regular file '/dev/shm/linux/./tools/testing/selftests/zram/.gitignore': File exists
cp: cannot create regular file '/dev/shm/linux/./tools/testing/selftests/zram/README': File exists
cp: cannot create regular file '/dev/shm/linux/./tools/testing/selftests/zram/zram.sh': File exists
cp: cannot create regular file '/dev/shm/linux/./tools/testing/selftests/zram/zram02.sh': File exists
cp: cannot create regular file '/dev/shm/linux/./tools/testing/shared/interval_tree-shim.c': File exists
cp: cannot create regular file '/dev/shm/linux/./tools/testing/shared/linux/cleanup.h': File exists
cp: cannot create regular file '/dev/shm/linux/./tools/testing/shared/linux/idr.h': File exists
cp: cannot create regular file '/dev/shm/linux/./tools/testing/shared/linux/interval_tree_generic.h': File exists
cp: cannot create regular file '/dev/shm/linux/./tools/testing/shared/linux/kernel.h': File exists
cp: cannot create regular file '/dev/shm/linux/./tools/testing/shared/linux/lockdep.h': File exists
cp: cannot create regular file '/dev/shm/linux/./tools/testing/shared/linux/percpu.h': File exists
cp: cannot create regular file '/dev/shm/linux/./tools/testing/shared/linux/radix-tree.h': File exists
cp: cannot create regular file '/dev/shm/linux/./tools/testing/shared/linux/rbtree.h': File exists
cp: cannot create regular file '/dev/shm/linux/./tools/testing/shared/linux/rbtree_types.h': File exists
cp: cannot create regular file '/dev/shm/linux/./tools/testing/shared/linux/xarray.h': File exists
cp: cannot create regular file '/dev/shm/linux/./tools/testing/shared/maple-shared.h': File exists
cp: cannot create regular file '/dev/shm/linux/./tools/testing/shared/rbtree-shim.c': File exists
cp: cannot create regular file '/dev/shm/linux/./tools/testing/shared/shared.mk': File exists
cp: cannot create regular file '/dev/shm/linux/./tools/testing/vma/Makefile': File exists
cp: cannot create directory '/dev/shm/linux/./tools/testing/vma/include': File exists
cp: cannot create regular file '/dev/shm/linux/./tools/thermal/thermometer/thermometer.c': File exists
cp: cannot create regular file '/dev/shm/linux/./tools/thermal/tmon/Makefile': File exists
cp: cannot create regular file '/dev/shm/linux/./tools/thermal/tmon/pid.c': File exists
cp: cannot create regular file '/dev/shm/linux/./tools/thermal/tmon/tmon.8': File exists
cp: cannot create regular file '/dev/shm/linux/./tools/thermal/tmon/tmon.c': File exists
cp: cannot create regular file '/dev/shm/linux/./tools/thermal/tmon/tui.c': File exists
cp: cannot create regular file '/dev/shm/linux/./tools/tracing/rtla/README.txt': File exists
cp: cannot create regular file '/dev/shm/linux/./tools/tracing/rtla/src/common.c': File exists
cp: cannot create regular file '/dev/shm/linux/./tools/tracing/rtla/src/osnoise.c': File exists
cp: cannot create regular file '/dev/shm/linux/./tools/tracing/rtla/src/osnoise_hist.c': File exists
cp: cannot create regular file '/dev/shm/linux/./tools/tracing/rtla/src/rtla.c': File exists
cp: cannot create regular file '/dev/shm/linux/./tools/tracing/rtla/src/timerlat.c': File exists
cp: cannot create regular file '/dev/shm/linux/./tools/tracing/rtla/src/timerlat_aa.c': File exists
cp: cannot create regular file '/dev/shm/linux/./tools/tracing/rtla/src/timerlat_bpf.h': File exists
cp: cannot create regular file '/dev/shm/linux/./tools/tracing/rtla/src/timerlat_top.c': File exists
cp: cannot create regular file '/dev/shm/linux/./tools/tracing/rtla/src/timerlat_u.h': File exists
cp: cannot create regular file '/dev/shm/linux/./tools/tracing/rtla/src/trace.h': File exists
cp: cannot create regular file '/dev/shm/linux/./tools/tracing/rtla/src/utils.h': File exists
cp: cannot create directory '/dev/shm/linux/./tools/usb/ffs-aio-example': File exists
cp: cannot create regular file '/dev/shm/linux/./tools/verification/rvgen/dot2c': File exists
cp: cannot create regular file '/dev/shm/linux/./tools/virtio/linux/module.h': File exists
cp: cannot create regular file '/dev/shm/linux/./tools/virtio/linux/ratelimit.h': File exists
cp: cannot create regular file '/dev/shm/linux/./tools/virtio/linux/slab.h': File exists
cp: cannot create regular file '/dev/shm/linux/./tools/virtio/linux/thread_info.h': File exists
cp: cannot create regular file '/dev/shm/linux/./tools/virtio/linux/uaccess.h': File exists
cp: cannot create regular file '/dev/shm/linux/./tools/virtio/linux/virtio.h': File exists
cp: cannot create regular file '/dev/shm/linux/./tools/virtio/linux/virtio_config.h': File exists
cp: cannot create regular file '/dev/shm/linux/./tools/virtio/linux/vringh.h': File exists
cp: cannot create directory '/dev/shm/linux/./tools/virtio/ringtest': File exists
cp: cannot create regular file '/dev/shm/linux/./tools/virtio/xen/xen.h': File exists
cp: cannot create directory '/dev/shm/linux/./tools/writeback': File exists
cp: cannot create regular file '/dev/shm/linux/./usr/Kconfig': File exists
cp: cannot create regular file '/dev/shm/linux/./usr/default_cpio_list': File exists
cp: cannot create regular file '/dev/shm/linux/./usr/dummy-include/endian.h': File exists
cp: cannot create regular file '/dev/shm/linux/./usr/dummy-include/limits.h': File exists
cp: cannot create regular file '/dev/shm/linux/./usr/dummy-include/stddef.h': File exists
cp: cannot create regular file '/dev/shm/linux/./usr/dummy-include/stdint.h': File exists
cp: cannot create regular file '/dev/shm/linux/./usr/dummy-include/string.h': File exists
cp: cannot create regular file '/dev/shm/linux/./usr/dummy-include/sys/ioctl.h': File exists
cp: cannot create regular file '/dev/shm/linux/./usr/dummy-include/sys/time.h': File exists
cp: cannot create regular file '/dev/shm/linux/./usr/gen_initramfs.sh': File exists
cp: cannot create regular file '/dev/shm/linux/./usr/include/.gitignore': File exists
cp: cannot create regular file '/dev/shm/linux/./usr/include/headers_check.pl': File exists
cp: cannot create directory '/dev/shm/linux/./virt': File exists
/fibus/fs2/02/cgk3480/.conda/envs/churn-env/lib/python3.11/site-packages/numpy/_core/fromnumeric.py:54: FutureWarning: 'DataFrame.swapaxes' is deprecated and will be removed in a future version. Please use 'DataFrame.transpose' instead.
  return bound(*args, **kwds)
Processing Linux Part 0:   0%|          | 0/12468 [00:00<?, ?it/s]Processing Linux Part 0:   0%|          | 2/12468 [00:00<11:28, 18.10it/s]Processing Linux Part 0:   0%|          | 6/12468 [00:00<09:17, 22.35it/s]Processing Linux Part 0:   0%|          | 10/12468 [00:00<10:03, 20.64it/s]Processing Linux Part 0:   0%|          | 13/12468 [00:00<09:01, 22.99it/s]Processing Linux Part 0:   0%|          | 17/12468 [00:00<07:52, 26.35it/s][2026-06-13T19:10:33.723] error: *** JOB 5964472 ON g161 CANCELLED AT 2026-06-13T19:10:33 DUE to SIGNAL Terminated ***
