cp: cannot create regular file '/dev/shm/linux/./Documentation/ABI/testing/sysfs-bus-vfio-mdev': File exists
cp: cannot create regular file '/dev/shm/linux/./Documentation/ABI/testing/sysfs-bus-vmbus': File exists
cp: cannot create regular file '/dev/shm/linux/./Documentation/ABI/testing/sysfs-c2port': File exists
cp: cannot create regular file '/dev/shm/linux/./Documentation/ABI/testing/sysfs-class': File exists
cp: cannot create regular file '/dev/shm/linux/./Documentation/ABI/testing/sysfs-class-backlight-driver-lm3533': File exists
cp: cannot create regular file '/dev/shm/linux/./Documentation/ABI/testing/sysfs-class-bdi': File exists
cp: cannot create regular file '/dev/shm/linux/./Documentation/ABI/testing/sysfs-class-chromeos': File exists
cp: cannot create regular file '/dev/shm/linux/./Documentation/ABI/testing/sysfs-class-chromeos-driver-cros-ec-lightbar': File exists
cp: cannot create regular file '/dev/shm/linux/./Documentation/ABI/testing/sysfs-class-chromeos-driver-cros-ec-vbc': File exists
cp: cannot create regular file '/dev/shm/linux/./Documentation/ABI/testing/sysfs-class-devfreq': File exists
cp: cannot create regular file '/dev/shm/linux/./Documentation/ABI/testing/sysfs-class-drm': File exists
cp: cannot create regular file '/dev/shm/linux/./Documentation/ABI/testing/sysfs-class-fc': File exists
cp: cannot create regular file '/dev/shm/linux/./Documentation/ABI/testing/sysfs-class-fc_remote_ports': File exists
cp: cannot create regular file '/dev/shm/linux/./Documentation/ABI/testing/sysfs-class-firmware-attributes': File exists
cp: cannot create regular file '/dev/shm/linux/./Documentation/ABI/testing/sysfs-class-fpga-manager': File exists
cp: cannot create regular file '/dev/shm/linux/./Documentation/ABI/testing/sysfs-class-gnss': File exists
cp: cannot create regular file '/dev/shm/linux/./Documentation/ABI/testing/sysfs-class-intel_pmt': File exists
cp: cannot create regular file '/dev/shm/linux/./Documentation/ABI/testing/sysfs-class-intel_pmt-features': File exists
cp: cannot create regular file '/dev/shm/linux/./Documentation/ABI/testing/sysfs-class-iommu': File exists
cp: cannot create regular file '/dev/shm/linux/./Documentation/ABI/testing/sysfs-class-iommu-intel-iommu': File exists
cp: cannot create regular file '/dev/shm/linux/./Documentation/ABI/testing/sysfs-class-led-driver-aw200xx': File exists
cp: cannot create regular file '/dev/shm/linux/./Documentation/ABI/testing/sysfs-class-led-multicolor': File exists
cp: cannot create regular file '/dev/shm/linux/./Documentation/ABI/testing/sysfs-class-led-trigger-oneshot': File exists
cp: cannot create regular file '/dev/shm/linux/./Documentation/ABI/testing/sysfs-class-led-trigger-tty': File exists
cp: cannot create regular file '/dev/shm/linux/./Documentation/ABI/testing/sysfs-class-mtd': File exists
cp: cannot create regular file '/dev/shm/linux/./Documentation/ABI/testing/sysfs-class-net': File exists
cp: cannot create regular file '/dev/shm/linux/./Documentation/ABI/testing/sysfs-class-net-cdc_ncm': File exists
cp: cannot create regular file '/dev/shm/linux/./Documentation/ABI/testing/sysfs-class-net-grcan': File exists
cp: cannot create regular file '/dev/shm/linux/./Documentation/ABI/testing/sysfs-class-net-peak_usb': File exists
cp: cannot create regular file '/dev/shm/linux/./Documentation/ABI/testing/sysfs-class-net-phydev': File exists
cp: cannot create regular file '/dev/shm/linux/./Documentation/ABI/testing/sysfs-class-net-statistics': File exists
cp: cannot create regular file '/dev/shm/linux/./Documentation/ABI/testing/sysfs-class-platform-profile': File exists
cp: cannot create regular file '/dev/shm/linux/./Documentation/ABI/testing/sysfs-class-power': File exists
cp: cannot create regular file '/dev/shm/linux/./Documentation/ABI/testing/sysfs-class-power-max1720x': File exists
cp: cannot create regular file '/dev/shm/linux/./Documentation/ABI/testing/sysfs-class-power-rt9467': File exists
cp: cannot create regular file '/dev/shm/linux/./Documentation/ABI/testing/sysfs-class-power-rt9756': File exists
cp: cannot create regular file '/dev/shm/linux/./Documentation/ABI/testing/sysfs-class-power-twl4030': File exists
cp: cannot create regular file '/dev/shm/linux/./Documentation/ABI/testing/sysfs-class-power-wilco': File exists
cp: cannot create regular file '/dev/shm/linux/./Documentation/ABI/testing/sysfs-class-powercap': File exists
cp: cannot create regular file '/dev/shm/linux/./Documentation/ABI/testing/sysfs-class-pwm': File exists
cp: cannot create regular file '/dev/shm/linux/./Documentation/ABI/testing/sysfs-class-rc': File exists
cp: cannot create regular file '/dev/shm/linux/./Documentation/ABI/testing/sysfs-class-reboot-mode-reboot_modes': File exists
cp: cannot create regular file '/dev/shm/linux/./Documentation/ABI/testing/sysfs-class-remoteproc': File exists
cp: cannot create regular file '/dev/shm/linux/./Documentation/ABI/testing/sysfs-class-rnbd-server': File exists
cp: cannot create regular file '/dev/shm/linux/./Documentation/ABI/testing/sysfs-class-rtc-rtc0-device-rtc_calibration': File exists
cp: cannot create regular file '/dev/shm/linux/./Documentation/ABI/testing/sysfs-class-rtrs-server': File exists
cp: cannot create regular file '/dev/shm/linux/./Documentation/ABI/testing/sysfs-class-spi-eeprom': File exists
cp: cannot create regular file '/dev/shm/linux/./Documentation/ABI/testing/sysfs-class-stm_source': File exists
cp: cannot create regular file '/dev/shm/linux/./Documentation/ABI/testing/sysfs-class-tee': File exists
cp: cannot create regular file '/dev/shm/linux/./Documentation/ABI/testing/sysfs-class-tsm': File exists
cp: cannot create regular file '/dev/shm/linux/./Documentation/ABI/testing/sysfs-class-usb_power_delivery': File exists
cp: cannot create regular file '/dev/shm/linux/./Documentation/ABI/testing/sysfs-class-usb_role': File exists
cp: cannot create regular file '/dev/shm/linux/./Documentation/ABI/testing/sysfs-class-vduse': File exists
cp: cannot create regular file '/dev/shm/linux/./Documentation/ABI/testing/sysfs-class-wakeup': File exists
cp: cannot create regular file '/dev/shm/linux/./Documentation/ABI/testing/sysfs-class-watchdog': File exists
cp: cannot create regular file '/dev/shm/linux/./Documentation/ABI/testing/sysfs-dev': File exists
cp: cannot create regular file '/dev/shm/linux/./Documentation/ABI/testing/sysfs-devices-coredump': File exists
cp: cannot create regular file '/dev/shm/linux/./Documentation/ABI/testing/sysfs-devices-firmware_node': File exists
cp: cannot create regular file '/dev/shm/linux/./Documentation/ABI/testing/sysfs-devices-mapping': File exists
cp: cannot create regular file '/dev/shm/linux/./Documentation/ABI/testing/sysfs-devices-memory': File exists
cp: cannot create regular file '/dev/shm/linux/./Documentation/ABI/testing/sysfs-devices-online': File exists
cp: cannot create regular file '/dev/shm/linux/./Documentation/ABI/testing/sysfs-devices-platform-_UDC_-gadget': File exists
cp: cannot create regular file '/dev/shm/linux/./Documentation/ABI/testing/sysfs-devices-platform-docg3': File exists
cp: cannot create regular file '/dev/shm/linux/./Documentation/ABI/testing/sysfs-devices-platform-trackpoint': File exists
cp: cannot create regular file '/dev/shm/linux/./Documentation/ABI/testing/sysfs-devices-power': File exists
cp: cannot create regular file '/dev/shm/linux/./Documentation/ABI/testing/sysfs-devices-power_resources_D0': File exists
cp: cannot create regular file '/dev/shm/linux/./Documentation/ABI/testing/sysfs-devices-power_resources_D1': File exists
cp: cannot create regular file '/dev/shm/linux/./Documentation/ABI/testing/sysfs-devices-power_resources_D3hot': File exists
cp: cannot create regular file '/dev/shm/linux/./Documentation/ABI/testing/sysfs-devices-power_state': File exists
cp: cannot create regular file '/dev/shm/linux/./Documentation/ABI/testing/sysfs-devices-real_power_state': File exists
cp: cannot create regular file '/dev/shm/linux/./Documentation/ABI/testing/sysfs-devices-resource_in_use': File exists
cp: cannot create regular file '/dev/shm/linux/./Documentation/ABI/testing/sysfs-devices-software_node': File exists
cp: cannot create regular file '/dev/shm/linux/./Documentation/ABI/testing/sysfs-devices-system-cpu': File exists
cp: cannot create regular file '/dev/shm/linux/./Documentation/ABI/testing/sysfs-devices-vfio-dev': File exists
cp: cannot create regular file '/dev/shm/linux/./Documentation/ABI/testing/sysfs-devices-virtual-misc-tdx_guest': File exists
cp: cannot create regular file '/dev/shm/linux/./Documentation/ABI/testing/sysfs-devices-xenbus': File exists
cp: cannot create regular file '/dev/shm/linux/./Documentation/ABI/testing/sysfs-driver-amd-sfh': File exists
cp: cannot create regular file '/dev/shm/linux/./Documentation/ABI/testing/sysfs-driver-bd9571mwv-regulator': File exists
cp: cannot create regular file '/dev/shm/linux/./Documentation/ABI/testing/sysfs-driver-ccp': File exists
cp: cannot create regular file '/dev/shm/linux/./Documentation/ABI/testing/sysfs-driver-eud': File exists
cp: cannot create regular file '/dev/shm/linux/./Documentation/ABI/testing/sysfs-driver-framer-pef2256': File exists
cp: cannot create regular file '/dev/shm/linux/./Documentation/ABI/testing/sysfs-driver-fsi-master-gpio': File exists
cp: cannot create regular file '/dev/shm/linux/./Documentation/ABI/testing/sysfs-driver-ge-achc': File exists
cp: cannot create regular file '/dev/shm/linux/./Documentation/ABI/testing/sysfs-driver-hid-corsair': File exists
cp: cannot create regular file '/dev/shm/linux/./Documentation/ABI/testing/sysfs-driver-hid-corsair-void': File exists
cp: cannot create regular file '/dev/shm/linux/./Documentation/ABI/testing/sysfs-driver-hid-lenovo-go-s': File exists
cp: cannot create regular file '/dev/shm/linux/./Documentation/ABI/testing/sysfs-driver-hid-multitouch': File exists
cp: cannot create regular file '/dev/shm/linux/./Documentation/ABI/testing/sysfs-driver-hid-picolcd': File exists
cp: cannot create regular file '/dev/shm/linux/./Documentation/ABI/testing/sysfs-driver-hid-roccat-kone': File exists
cp: cannot create regular file '/dev/shm/linux/./Documentation/ABI/testing/sysfs-driver-hid-wiimote': File exists
cp: cannot create regular file '/dev/shm/linux/./Documentation/ABI/testing/sysfs-driver-input-cros-ec-keyb': File exists
cp: cannot create regular file '/dev/shm/linux/./Documentation/ABI/testing/sysfs-driver-input-exc3000': File exists
cp: cannot create regular file '/dev/shm/linux/./Documentation/ABI/testing/sysfs-driver-intel-i915-hwmon': File exists
cp: cannot create regular file '/dev/shm/linux/./Documentation/ABI/testing/sysfs-driver-intel-m10-bmc-sec-update': File exists
cp: cannot create regular file '/dev/shm/linux/./Documentation/ABI/testing/sysfs-driver-intel-rapid-start': File exists
cp: cannot create regular file '/dev/shm/linux/./Documentation/ABI/testing/sysfs-driver-intel-xe-sriov': File exists
cp: cannot create regular file '/dev/shm/linux/./Documentation/ABI/testing/sysfs-driver-jz4780-efuse': File exists
cp: cannot create regular file '/dev/shm/linux/./Documentation/ABI/testing/sysfs-driver-panthor-profiling': File exists
cp: cannot create regular file '/dev/shm/linux/./Documentation/ABI/testing/sysfs-driver-ppi': File exists
cp: cannot create regular file '/dev/shm/linux/./Documentation/ABI/testing/sysfs-driver-qat': File exists
cp: cannot create regular file '/dev/shm/linux/./Documentation/ABI/testing/sysfs-driver-qat_rl': File exists
cp: cannot create regular file '/dev/shm/linux/./Documentation/ABI/testing/sysfs-driver-samsung-laptop': File exists
cp: cannot create regular file '/dev/shm/linux/./Documentation/ABI/testing/sysfs-driver-st': File exists
cp: cannot create regular file '/dev/shm/linux/./Documentation/ABI/testing/sysfs-driver-toshiba_acpi': File exists
cp: cannot create regular file '/dev/shm/linux/./Documentation/ABI/testing/sysfs-driver-typec-displayport': File exists
cp: cannot create regular file '/dev/shm/linux/./Documentation/ABI/testing/sysfs-driver-ufs': File exists
cp: cannot create regular file '/dev/shm/linux/./Documentation/ABI/testing/sysfs-driver-w1_ds28e17': File exists
cp: cannot create regular file '/dev/shm/linux/./Documentation/ABI/testing/sysfs-driver-wacom': File exists
cp: cannot create regular file '/dev/shm/linux/./Documentation/ABI/testing/sysfs-driver-xen-blkback': File exists
cp: cannot create regular file '/dev/shm/linux/./Documentation/ABI/testing/sysfs-driver-xilinx-tmr-manager': File exists
cp: cannot create regular file '/dev/shm/linux/./Documentation/ABI/testing/sysfs-edac-ecs': File exists
cp: cannot create regular file '/dev/shm/linux/./Documentation/ABI/testing/sysfs-edac-scrub': File exists
cp: cannot create regular file '/dev/shm/linux/./Documentation/ABI/testing/sysfs-firmware-dmi-entries': File exists
cp: cannot create regular file '/dev/shm/linux/./Documentation/ABI/testing/sysfs-firmware-efi': File exists
cp: cannot create regular file '/dev/shm/linux/./Documentation/ABI/testing/sysfs-firmware-efi-runtime-map': File exists
cp: cannot create regular file '/dev/shm/linux/./Documentation/ABI/testing/sysfs-firmware-lefi-boardinfo': File exists
cp: cannot create regular file '/dev/shm/linux/./Documentation/ABI/testing/sysfs-firmware-memmap': File exists
cp: cannot create regular file '/dev/shm/linux/./Documentation/ABI/testing/sysfs-firmware-opal-powercap': File exists
cp: cannot create regular file '/dev/shm/linux/./Documentation/ABI/testing/sysfs-firmware-opal-sensor-groups': File exists
cp: cannot create regular file '/dev/shm/linux/./Documentation/ABI/testing/sysfs-firmware-plpks': File exists
cp: cannot create regular file '/dev/shm/linux/./Documentation/ABI/testing/sysfs-firmware-sgi_uv': File exists
cp: cannot create regular file '/dev/shm/linux/./Documentation/ABI/testing/sysfs-fs-erofs': File exists
cp: cannot create regular file '/dev/shm/linux/./Documentation/ABI/testing/sysfs-fs-ext4': File exists
cp: cannot create regular file '/dev/shm/linux/./Documentation/ABI/testing/sysfs-fs-f2fs': File exists
cp: cannot create regular file '/dev/shm/linux/./Documentation/ABI/testing/sysfs-fs-ubifs': File exists
cp: cannot create regular file '/dev/shm/linux/./Documentation/ABI/testing/sysfs-fs-xfs': File exists
cp: cannot create regular file '/dev/shm/linux/./Documentation/ABI/testing/sysfs-ibft': File exists
cp: cannot create regular file '/dev/shm/linux/./Documentation/ABI/testing/sysfs-kernel-boot_params': File exists
cp: cannot create regular file '/dev/shm/linux/./Documentation/ABI/testing/sysfs-kernel-btf': File exists
cp: cannot create regular file '/dev/shm/linux/./Documentation/ABI/testing/sysfs-kernel-fadump': File exists
cp: cannot create regular file '/dev/shm/linux/./Documentation/ABI/testing/sysfs-kernel-hardlockup_count': File exists
cp: cannot create regular file '/dev/shm/linux/./Documentation/ABI/testing/sysfs-kernel-irq': File exists
cp: cannot create regular file '/dev/shm/linux/./Documentation/ABI/testing/sysfs-kernel-livepatch': File exists
cp: cannot create regular file '/dev/shm/linux/./Documentation/ABI/testing/sysfs-kernel-mm-damon': File exists
cp: cannot create regular file '/dev/shm/linux/./Documentation/ABI/testing/sysfs-kernel-mm-memory-tiers': File exists
cp: cannot create regular file '/dev/shm/linux/./Documentation/ABI/testing/sysfs-kernel-mm-mempolicy-weighted-interleave': File exists
cp: cannot create regular file '/dev/shm/linux/./Documentation/ABI/testing/sysfs-kernel-mm-swap': File exists
cp: cannot create regular file '/dev/shm/linux/./Documentation/ABI/testing/sysfs-kernel-rcu_stall_count': File exists
cp: cannot create regular file '/dev/shm/linux/./Documentation/ABI/testing/sysfs-kernel-slab': File exists
cp: cannot create regular file '/dev/shm/linux/./Documentation/ABI/testing/sysfs-kernel-vmcoreinfo': File exists
cp: cannot create regular file '/dev/shm/linux/./Documentation/ABI/testing/sysfs-kernel-warn_count': File exists
cp: cannot create regular file '/dev/shm/linux/./Documentation/ABI/testing/sysfs-mce': File exists
cp: cannot create regular file '/dev/shm/linux/./Documentation/ABI/testing/sysfs-memory-page-offline': File exists
cp: cannot create regular file '/dev/shm/linux/./Documentation/ABI/testing/sysfs-nvme': File exists
cp: cannot create regular file '/dev/shm/linux/./Documentation/ABI/testing/sysfs-nvmem-cells': File exists
cp: cannot create regular file '/dev/shm/linux/./Documentation/ABI/testing/sysfs-ocfs2': File exists
cp: cannot create regular file '/dev/shm/linux/./Documentation/ABI/testing/sysfs-platform-asus-laptop': File exists
cp: cannot create regular file '/dev/shm/linux/./Documentation/ABI/testing/sysfs-platform-at91': File exists
cp: cannot create regular file '/dev/shm/linux/./Documentation/ABI/testing/sysfs-platform-ayaneo-ec': File exists
cp: cannot create regular file '/dev/shm/linux/./Documentation/ABI/testing/sysfs-platform-brcmstb-memc': File exists
cp: cannot create regular file '/dev/shm/linux/./Documentation/ABI/testing/sysfs-platform-chipidea-usb2': File exists
cp: cannot create regular file '/dev/shm/linux/./Documentation/ABI/testing/sysfs-platform-dell-smbios': File exists
cp: cannot create regular file '/dev/shm/linux/./Documentation/ABI/testing/sysfs-platform-dfl-port': File exists
cp: cannot create regular file '/dev/shm/linux/./Documentation/ABI/testing/sysfs-platform-eeepc-laptop': File exists
cp: cannot create regular file '/dev/shm/linux/./Documentation/ABI/testing/sysfs-platform-i2c-demux-pinctrl': File exists
cp: cannot create regular file '/dev/shm/linux/./Documentation/ABI/testing/sysfs-platform-intel-ifs': File exists
cp: cannot create regular file '/dev/shm/linux/./Documentation/ABI/testing/sysfs-platform-intel-pmc': File exists
cp: cannot create regular file '/dev/shm/linux/./Documentation/ABI/testing/sysfs-platform-lg-laptop': File exists
cp: cannot create regular file '/dev/shm/linux/./Documentation/ABI/testing/sysfs-platform-mellanox-pmc': File exists
cp: cannot create regular file '/dev/shm/linux/./Documentation/ABI/testing/sysfs-platform-oxp': File exists
cp: cannot create regular file '/dev/shm/linux/./Documentation/ABI/testing/sysfs-platform-power-on-reason': File exists
cp: cannot create regular file '/dev/shm/linux/./Documentation/ABI/testing/sysfs-platform-silicom': File exists
cp: cannot create regular file '/dev/shm/linux/./Documentation/ABI/testing/sysfs-platform-sst-atom': File exists
cp: cannot create regular file '/dev/shm/linux/./Documentation/ABI/testing/sysfs-platform-ts5500': File exists
cp: cannot create regular file '/dev/shm/linux/./Documentation/ABI/testing/sysfs-platform-twl4030-usb': File exists
cp: cannot create regular file '/dev/shm/linux/./Documentation/ABI/testing/sysfs-platform-wilco-ec': File exists
cp: cannot create regular file '/dev/shm/linux/./Documentation/ABI/testing/sysfs-power': File exists
cp: cannot create regular file '/dev/shm/linux/./Documentation/ABI/testing/sysfs-pps-gen-tio': File exists
cp: cannot create regular file '/dev/shm/linux/./Documentation/ABI/testing/sysfs-timecard': File exists
cp: cannot create regular file '/dev/shm/linux/./Documentation/ABI/testing/sysfs-uevent': File exists
cp: cannot create regular file '/dev/shm/linux/./Documentation/ABI/testing/usb-uevent': File exists
cp: cannot create regular file '/dev/shm/linux/./Documentation/CodingStyle': File exists
cp: cannot create regular file '/dev/shm/linux/./Documentation/Makefile': File exists
cp: cannot create regular file '/dev/shm/linux/./Documentation/RCU/Design/Memory-Ordering/TreeRCU-gp-cleanup.svg': File exists
cp: cannot create regular file '/dev/shm/linux/./Documentation/RCU/Design/Memory-Ordering/TreeRCU-gp-init-1.svg': File exists
cp: cannot create regular file '/dev/shm/linux/./Documentation/RCU/Design/Memory-Ordering/TreeRCU-qs.svg': File exists
cp: cannot create regular file '/dev/shm/linux/./Documentation/RCU/index.rst': File exists
cp: cannot create regular file '/dev/shm/linux/./Documentation/RCU/lockdep-splat.rst': File exists
cp: cannot create regular file '/dev/shm/linux/./Documentation/RCU/lockdep.rst': File exists
cp: cannot create regular file '/dev/shm/linux/./Documentation/RCU/rcu_dereference.rst': File exists
cp: cannot create regular file '/dev/shm/linux/./Documentation/RCU/rculist_nulls.rst': File exists
cp: cannot create regular file '/dev/shm/linux/./Documentation/RCU/stallwarn.rst': File exists
cp: cannot create regular file '/dev/shm/linux/./Documentation/RCU/whatisRCU.rst': File exists
cp: cannot create regular file '/dev/shm/linux/./Documentation/accel/qaic/aic100.rst': File exists
cp: cannot create regular file '/dev/shm/linux/./Documentation/accel/qaic/qaic.rst': File exists
cp: cannot create regular file '/dev/shm/linux/./Documentation/accounting/delay-accounting.rst': File exists
cp: cannot create regular file '/dev/shm/linux/./Documentation/accounting/psi.rst': File exists
cp: cannot create regular file '/dev/shm/linux/./Documentation/accounting/taskstats.rst': File exists
cp: cannot create regular file '/dev/shm/linux/./Documentation/dev-tools/autofdo.rst': File exists
cp: cannot create regular file '/dev/shm/linux/./Documentation/dev-tools/coccinelle.rst': File exists
cp: cannot create regular file '/dev/shm/linux/./Documentation/dev-tools/context-analysis.rst': File exists
cp: cannot create regular file '/dev/shm/linux/./Documentation/dev-tools/gpio-sloppy-logic-analyzer.rst': File exists
cp: cannot create regular file '/dev/shm/linux/./Documentation/dev-tools/kcov.rst': File exists
cp: cannot create regular file '/dev/shm/linux/./Documentation/dev-tools/kfence.rst': File exists
cp: cannot create regular file '/dev/shm/linux/./Documentation/dev-tools/kmsan.rst': File exists
cp: cannot create regular file '/dev/shm/linux/./Documentation/dev-tools/ktap.rst': File exists
cp: cannot create regular file '/dev/shm/linux/./Documentation/dev-tools/testing-devices.rst': File exists
cp: cannot create regular file '/dev/shm/linux/./Documentation/dev-tools/ubsan.rst': File exists
cp: cannot create regular file '/dev/shm/linux/./arch/arm/boot/dts/renesas/r8a7792-wheat.dts': File exists
cp: cannot create regular file '/dev/shm/linux/./arch/arm/boot/dts/renesas/r8a7793-gose.dts': File exists
cp: cannot create regular file '/dev/shm/linux/./arch/arm/boot/dts/renesas/r8a7794-alt.dts': File exists
cp: cannot create regular file '/dev/shm/linux/./arch/arm/boot/dts/renesas/r8a7794.dtsi': File exists
cp: cannot create regular file '/dev/shm/linux/./arch/arm/boot/dts/renesas/r9a06g032-rzn1d400-eb.dts': File exists
cp: cannot create regular file '/dev/shm/linux/./arch/arm/boot/dts/rockchip/rk3036-evb.dts': File exists
cp: cannot create regular file '/dev/shm/linux/./arch/arm/boot/dts/rockchip/rk3036-kylin.dts': File exists
cp: cannot create regular file '/dev/shm/linux/./arch/arm/boot/dts/rockchip/rk3066a-bqcurie2.dts': File exists
cp: cannot create regular file '/dev/shm/linux/./arch/arm/boot/dts/rockchip/rk3066a-mk808.dts': File exists
cp: cannot create regular file '/dev/shm/linux/./arch/arm/boot/dts/rockchip/rk3128-evb.dts': File exists
cp: cannot create regular file '/dev/shm/linux/./arch/arm/boot/dts/rockchip/rk3128.dtsi': File exists
cp: cannot create regular file '/dev/shm/linux/./arch/arm/boot/dts/rockchip/rk3188-px3-evb.dts': File exists
cp: cannot create regular file '/dev/shm/linux/./arch/arm/boot/dts/rockchip/rk3188.dtsi': File exists
cp: cannot create regular file '/dev/shm/linux/./arch/arm/boot/dts/rockchip/rk3229-evb.dts': File exists
cp: cannot create regular file '/dev/shm/linux/./arch/arm/boot/dts/rockchip/rk3229.dtsi': File exists
cp: cannot create regular file '/dev/shm/linux/./arch/arm/boot/dts/rockchip/rk3288-evb-act8846.dts': File exists
cp: cannot create regular file '/dev/shm/linux/./arch/arm/boot/dts/rockchip/rk3288-evb.dtsi': File exists
cp: cannot create regular file '/dev/shm/linux/./arch/arm/boot/dts/rockchip/rk3288-firefly-reload.dts': File exists
cp: cannot create regular file '/dev/shm/linux/./arch/arm/boot/dts/rockchip/rk3288-firefly.dtsi': File exists
cp: cannot create regular file '/dev/shm/linux/./arch/arm/boot/dts/rockchip/rk3288-miqi.dts': File exists
cp: cannot create regular file '/dev/shm/linux/./arch/arm/boot/dts/rockchip/rk3288-popmetal.dts': File exists
cp: cannot create regular file '/dev/shm/linux/./arch/arm/boot/dts/rockchip/rk3288-rock-pi-n8.dts': File exists
cp: cannot create regular file '/dev/shm/linux/./arch/arm/boot/dts/rockchip/rk3288-rock2-som.dtsi': File exists
cp: cannot create regular file '/dev/shm/linux/./arch/arm/boot/dts/rockchip/rk3288-rock2-square.dts': File exists
cp: cannot create regular file '/dev/shm/linux/./arch/arm/boot/dts/rockchip/rk3288-tinker.dts': File exists
cp: cannot create regular file '/dev/shm/linux/./arch/arm/boot/dts/rockchip/rk3288-tinker.dtsi': File exists
cp: cannot create regular file '/dev/shm/linux/./arch/arm/boot/dts/rockchip/rk3288-veyron-brain.dts': File exists
cp: cannot create regular file '/dev/shm/linux/./arch/arm/boot/dts/rockchip/rk3288-veyron-chromebook.dtsi': File exists
cp: cannot create regular file '/dev/shm/linux/./arch/arm/boot/dts/rockchip/rk3288-veyron-fievel.dts': File exists
cp: cannot create regular file '/dev/shm/linux/./arch/arm/boot/dts/rockchip/rk3288-veyron-jerry.dts': File exists
cp: cannot create regular file '/dev/shm/linux/./arch/arm/boot/dts/rockchip/rk3288-veyron-mighty.dts': File exists
cp: cannot create regular file '/dev/shm/linux/./arch/arm/boot/dts/rockchip/rk3288-veyron-minnie.dts': File exists
cp: cannot create regular file '/dev/shm/linux/./arch/arm/boot/dts/rockchip/rk3288-veyron-sdmmc.dtsi': File exists
cp: cannot create regular file '/dev/shm/linux/./arch/arm/boot/dts/rockchip/rk3288-veyron-tiger.dts': File exists
cp: cannot create regular file '/dev/shm/linux/./arch/arm/boot/dts/rockchip/rk3288-vmarc-som.dtsi': File exists
cp: cannot create regular file '/dev/shm/linux/./arch/arm/boot/dts/rockchip/rk3288.dtsi': File exists
cp: cannot create regular file '/dev/shm/linux/./arch/arm/boot/dts/rockchip/rockchip-radxa-dalang-carrier.dtsi': File exists
cp: cannot create regular file '/dev/shm/linux/./arch/arm/boot/dts/rockchip/rv1103b-omega4-evb.dts': File exists
cp: cannot create regular file '/dev/shm/linux/./arch/arm/boot/dts/rockchip/rv1103b-pinctrl.dtsi': File exists
cp: cannot create regular file '/dev/shm/linux/./arch/arm/boot/dts/rockchip/rv1108-elgin-r1.dts': File exists
cp: cannot create regular file '/dev/shm/linux/./arch/arm/boot/dts/rockchip/rv1108.dtsi': File exists
cp: cannot create regular file '/dev/shm/linux/./arch/arm/boot/dts/rockchip/rv1109-sonoff-ihost.dts': File exists
cp: cannot create regular file '/dev/shm/linux/./arch/arm/boot/dts/rockchip/rv1126-edgeble-neu2-io.dts': File exists
cp: cannot create regular file '/dev/shm/linux/./arch/arm/boot/dts/rockchip/rv1126-sonoff-ihost.dts': File exists
cp: cannot create regular file '/dev/shm/linux/./arch/arm/boot/dts/rockchip/rv1126-sonoff-ihost.dtsi': File exists
cp: cannot create regular file '/dev/shm/linux/./arch/arm/boot/dts/samsung/exynos-mfc-reserved-memory.dtsi': File exists
cp: cannot create regular file '/dev/shm/linux/./arch/arm/boot/dts/samsung/exynos-syscon-restart.dtsi': File exists
cp: cannot create regular file '/dev/shm/linux/./arch/arm/boot/dts/samsung/exynos3250-artik5.dtsi': File exists
cp: cannot create regular file '/dev/shm/linux/./arch/arm/boot/dts/samsung/exynos3250-monk.dts': File exists
cp: cannot create regular file '/dev/shm/linux/./arch/arm/boot/dts/samsung/exynos3250-rinato.dts': File exists
cp: cannot create regular file '/dev/shm/linux/./arch/arm/boot/dts/samsung/exynos4-cpu-thermal.dtsi': File exists
cp: cannot create regular file '/dev/shm/linux/./arch/arm/boot/dts/samsung/exynos4210-i9100.dts': File exists
cp: cannot create regular file '/dev/shm/linux/./arch/arm/boot/dts/samsung/exynos4210-pinctrl.dtsi': File exists
cp: cannot create regular file '/dev/shm/linux/./arch/arm/boot/dts/samsung/exynos4210-trats.dts': File exists
cp: cannot create regular file '/dev/shm/linux/./arch/arm/boot/dts/samsung/exynos4210.dtsi': File exists
cp: cannot create regular file '/dev/shm/linux/./arch/arm/boot/dts/samsung/exynos4212-tab3-lte8.dts': File exists
cp: cannot create regular file '/dev/shm/linux/./arch/arm/boot/dts/samsung/exynos4212-tab3.dtsi': File exists
cp: cannot create regular file '/dev/shm/linux/./arch/arm/boot/dts/samsung/exynos4412-i9300.dts': File exists
cp: cannot create regular file '/dev/shm/linux/./arch/arm/boot/dts/samsung/exynos4412-itop-elite.dts': File exists
cp: cannot create regular file '/dev/shm/linux/./arch/arm/boot/dts/samsung/exynos4412-midas.dtsi': File exists
cp: cannot create regular file '/dev/shm/linux/./arch/arm/boot/dts/samsung/exynos4412-odroid-common.dtsi': File exists
cp: cannot create regular file '/dev/shm/linux/./arch/arm/boot/dts/samsung/exynos4412-odroidx.dts': File exists
cp: cannot create regular file '/dev/shm/linux/./arch/arm/boot/dts/samsung/exynos4412-origen.dts': File exists
cp: cannot create regular file '/dev/shm/linux/./arch/arm/boot/dts/samsung/exynos4412-p4note.dtsi': File exists
cp: cannot create regular file '/dev/shm/linux/./arch/arm/boot/dts/samsung/exynos4412-prime.dtsi': File exists
cp: cannot create regular file '/dev/shm/linux/./arch/arm/boot/dts/samsung/exynos4412-tiny4412.dts': File exists
cp: cannot create regular file '/dev/shm/linux/./arch/arm/boot/dts/samsung/exynos4412.dtsi': File exists
cp: cannot create regular file '/dev/shm/linux/./arch/arm/boot/dts/samsung/exynos4x12.dtsi': File exists
cp: cannot create regular file '/dev/shm/linux/./arch/arm/boot/dts/samsung/exynos5250-arndale.dts': File exists
cp: cannot create regular file '/dev/shm/linux/./arch/arm/boot/dts/samsung/exynos5250-pinctrl.dtsi': File exists
cp: cannot create regular file '/dev/shm/linux/./arch/arm/boot/dts/samsung/exynos5250-snow-common.dtsi': File exists
cp: cannot create regular file '/dev/shm/linux/./arch/arm/boot/dts/samsung/exynos5250-snow-rev5.dts': File exists
cp: cannot create regular file '/dev/shm/linux/./arch/arm/boot/dts/samsung/exynos5250-snow.dts': File exists
cp: cannot create regular file '/dev/shm/linux/./arch/arm/boot/dts/samsung/exynos5250-spring.dts': File exists
cp: cannot create regular file '/dev/shm/linux/./arch/arm/boot/dts/samsung/exynos5260.dtsi': File exists
cp: cannot create regular file '/dev/shm/linux/./arch/arm/boot/dts/samsung/exynos5410-pinctrl.dtsi': File exists
cp: cannot create regular file '/dev/shm/linux/./arch/arm/boot/dts/samsung/exynos5410.dtsi': File exists
cp: cannot create regular file '/dev/shm/linux/./arch/arm/boot/dts/samsung/exynos5420-chagall-wifi.dts': File exists
cp: cannot create regular file '/dev/shm/linux/./arch/arm/boot/dts/samsung/exynos5420-cpus.dtsi': File exists
cp: cannot create regular file '/dev/shm/linux/./arch/arm/boot/dts/samsung/exynos5420-klimt-wifi.dts': File exists
cp: cannot create regular file '/dev/shm/linux/./arch/arm/boot/dts/samsung/exynos5420-pinctrl.dtsi': File exists
cp: cannot create regular file '/dev/shm/linux/./arch/arm/boot/dts/samsung/exynos5420-trip-points.dtsi': File exists
cp: cannot create regular file '/dev/shm/linux/./arch/arm/boot/dts/samsung/exynos5422-odroid-core.dtsi': File exists
cp: cannot create regular file '/dev/shm/linux/./arch/arm/boot/dts/samsung/exynos5422-odroidxu3-audio.dtsi': File exists
cp: cannot create regular file '/dev/shm/linux/./arch/arm/boot/dts/samsung/exynos5422-odroidxu3-lite.dts': File exists
cp: cannot create regular file '/dev/shm/linux/./arch/arm/boot/dts/samsung/exynos5422-odroidxu4.dts': File exists
cp: cannot create regular file '/dev/shm/linux/./arch/arm/boot/dts/samsung/exynos54xx-odroidxu-leds.dtsi': File exists
cp: cannot create regular file '/dev/shm/linux/./arch/arm/boot/dts/samsung/exynos5800-peach-pi.dts': File exists
cp: cannot create regular file '/dev/shm/linux/./arch/arm/boot/dts/samsung/s3c6410-mini6410.dts': File exists
cp: cannot create regular file '/dev/shm/linux/./arch/arm/boot/dts/samsung/s3c6410-smdk6410.dts': File exists
cp: cannot create regular file '/dev/shm/linux/./arch/arm/boot/dts/samsung/s3c64xx-pinctrl.dtsi': File exists
cp: cannot create regular file '/dev/shm/linux/./arch/arm/boot/dts/samsung/s3c64xx.dtsi': File exists
cp: cannot create regular file '/dev/shm/linux/./arch/arm/boot/dts/samsung/s5pv210-aries.dtsi': File exists
cp: cannot create regular file '/dev/shm/linux/./arch/arm/boot/dts/samsung/s5pv210-galaxys.dts': File exists
cp: cannot create regular file '/dev/shm/linux/./arch/arm/boot/dts/samsung/s5pv210-pinctrl.dtsi': File exists
cp: cannot create regular file '/dev/shm/linux/./arch/arm/boot/dts/samsung/s5pv210-smdkc110.dts': File exists
cp: cannot create regular file '/dev/shm/linux/./arch/arm/boot/dts/samsung/s5pv210-torbreck.dts': File exists
cp: cannot create regular file '/dev/shm/linux/./arch/arm/boot/dts/sigmastar/Makefile': File exists
cp: cannot create regular file '/dev/shm/linux/./arch/arm/boot/dts/sigmastar/mstar-infinity-msc313-breadbee_crust.dts': File exists
cp: cannot create regular file '/dev/shm/linux/./arch/arm/boot/dts/sigmastar/mstar-infinity.dtsi': File exists
cp: cannot create regular file '/dev/shm/linux/./arch/arm/boot/dts/sigmastar/mstar-infinity2m-ssd202d-miyoo-mini.dts': File exists
cp: cannot create regular file '/dev/shm/linux/./arch/arm/boot/dts/sigmastar/mstar-infinity2m-ssd202d-unitv2.dts': File exists
cp: cannot create regular file '/dev/shm/linux/./arch/arm/boot/dts/sigmastar/mstar-infinity2m-ssd202d-wirelesstag-ido-sbc2d06-v1b-22w.dts': File exists
cp: cannot create regular file '/dev/shm/linux/./arch/arm/boot/dts/sigmastar/mstar-infinity2m-ssd202d.dtsi': File exists
cp: cannot create regular file '/dev/shm/linux/./arch/arm/boot/dts/sigmastar/mstar-infinity2m.dtsi': File exists
cp: cannot create regular file '/dev/shm/linux/./arch/arm/boot/dts/sigmastar/mstar-infinity3-msc313e.dtsi': File exists
cp: cannot create regular file '/dev/shm/linux/./arch/arm/boot/dts/sigmastar/mstar-mercury5-ssc8336n-midrived08.dts': File exists
cp: cannot create regular file '/dev/shm/linux/./arch/arm/boot/dts/sigmastar/mstar-mercury5.dtsi': File exists
cp: cannot create regular file '/dev/shm/linux/./arch/arm/boot/dts/socionext/milbeaut-m10v-evb.dts': File exists
cp: cannot create regular file '/dev/shm/linux/./arch/arm/boot/dts/socionext/uniphier-ld4-ref.dts': File exists
cp: cannot create regular file '/dev/shm/linux/./arch/arm/boot/dts/socionext/uniphier-ld4.dtsi': File exists
cp: cannot create regular file '/dev/shm/linux/./arch/arm/boot/dts/socionext/uniphier-ld6b.dtsi': File exists
cp: cannot create regular file '/dev/shm/linux/./arch/arm/boot/dts/socionext/uniphier-pro4-ace.dts': File exists
cp: cannot create regular file '/dev/shm/linux/./arch/arm/boot/dts/socionext/uniphier-pro4-sanji.dts': File exists
cp: cannot create regular file '/dev/shm/linux/./arch/arm/boot/dts/socionext/uniphier-pro5-epcore.dts': File exists
cp: cannot create regular file '/dev/shm/linux/./arch/arm/boot/dts/socionext/uniphier-pro5.dtsi': File exists
cp: cannot create regular file '/dev/shm/linux/./arch/arm/boot/dts/socionext/uniphier-pxs2-vodka.dts': File exists
cp: cannot create regular file '/dev/shm/linux/./arch/arm/boot/dts/socionext/uniphier-ref-daughter.dtsi': File exists
cp: cannot create regular file '/dev/shm/linux/./arch/arm/boot/dts/socionext/uniphier-sld8-ref.dts': File exists
cp: cannot create regular file '/dev/shm/linux/./arch/arm/boot/dts/socionext/uniphier-support-card.dtsi': File exists
cp: cannot create regular file '/dev/shm/linux/./arch/arm/boot/dts/ti/omap/omap2420-n810-wimax.dts': File exists
cp: cannot create regular file '/dev/shm/linux/./arch/arm/boot/dts/ti/omap/omap2420-n8x0-common.dtsi': File exists
cp: cannot create regular file '/dev/shm/linux/./arch/arm/boot/dts/ti/omap/omap2430-clocks.dtsi': File exists
cp: cannot create regular file '/dev/shm/linux/./arch/arm/boot/dts/ti/omap/omap2430.dtsi': File exists
cp: cannot create regular file '/dev/shm/linux/./arch/arm/boot/dts/ti/omap/omap3-beagle-ab4.dts': File exists
cp: cannot create regular file '/dev/shm/linux/./arch/arm/boot/dts/ti/omap/omap3-beagle-xm.dts': File exists
cp: cannot create regular file '/dev/shm/linux/./arch/arm/boot/dts/ti/omap/omap3-cm-t3517.dts': File exists
cp: cannot create regular file '/dev/shm/linux/./arch/arm/boot/dts/ti/omap/omap3-cm-t3730.dts': File exists
cp: cannot create regular file '/dev/shm/linux/./arch/arm/boot/dts/ti/omap/omap3-cm-t3x30.dtsi': File exists
cp: cannot create regular file '/dev/shm/linux/./arch/arm/boot/dts/ti/omap/omap3-devkit8000-common.dtsi': File exists
cp: cannot create regular file '/dev/shm/linux/./arch/arm/boot/dts/ti/omap/omap3-devkit8000-lcd43.dts': File exists
cp: cannot create regular file '/dev/shm/linux/./arch/arm/boot/dts/ti/omap/omap3-devkit8000.dts': File exists
cp: cannot create regular file '/dev/shm/linux/./arch/arm/boot/dts/ti/omap/omap3-echo.dts': File exists
cp: cannot create regular file '/dev/shm/linux/./arch/arm/boot/dts/ti/omap/omap3-evm-common.dtsi': File exists
cp: cannot create regular file '/dev/shm/linux/./arch/arm/boot/dts/ti/omap/omap3-evm.dts': File exists
cp: cannot create regular file '/dev/shm/linux/./arch/arm/boot/dts/ti/omap/omap3-gta04a3.dts': File exists
cp: cannot create regular file '/dev/shm/linux/./arch/arm/boot/dts/ti/omap/omap3-gta04a5.dts': File exists
cp: cannot create regular file '/dev/shm/linux/./arch/arm/boot/dts/ti/omap/omap3-ha-common.dtsi': File exists
cp: cannot create regular file '/dev/shm/linux/./arch/arm/boot/dts/ti/omap/omap3-ha.dts': File exists
cp: cannot create regular file '/dev/shm/linux/./arch/arm/boot/dts/ti/omap/omap3-igep0020-common.dtsi': File exists
cp: cannot create regular file '/dev/shm/linux/./arch/arm/boot/dts/ti/omap/omap3-igep0020.dts': File exists
cp: cannot create regular file '/dev/shm/linux/./arch/arm/boot/dts/ti/omap/omap3-igep0030-rev-g.dts': File exists
cp: cannot create regular file '/dev/shm/linux/./arch/arm/boot/dts/ti/omap/omap3-ldp.dts': File exists
cp: cannot create regular file '/dev/shm/linux/./arch/arm/boot/dts/ti/omap/omap3-lilly-dbb056.dts': File exists
cp: cannot create regular file '/dev/shm/linux/./arch/arm/boot/dts/ti/omap/omap3-n900.dts': File exists
cp: cannot create regular file '/dev/shm/linux/./arch/arm/boot/dts/ti/omap/omap3-overo-alto35-common.dtsi': File exists
cp: cannot create regular file '/dev/shm/linux/./arch/arm/boot/dts/ti/omap/omap3-overo-base.dtsi': File exists
cp: cannot create regular file '/dev/shm/linux/./arch/arm/boot/dts/ti/omap/omap3-overo-common-dvi.dtsi': File exists
cp: cannot create regular file '/dev/shm/linux/./arch/arm/boot/dts/ti/omap/omap3-overo-common-lcd43.dtsi': File exists
cp: cannot create regular file '/dev/shm/linux/./arch/arm/boot/dts/ti/omap/omap3-overo-gallop43.dts': File exists
cp: cannot create regular file '/dev/shm/linux/./arch/arm/boot/dts/ti/omap/omap3-overo-palo35.dts': File exists
cp: cannot create regular file '/dev/shm/linux/./arch/arm/boot/dts/ti/omap/omap3-overo-storm-alto35.dts': File exists
cp: cannot create regular file '/dev/shm/linux/./arch/arm/boot/dts/ti/omap/omap3-overo-storm-gallop43.dts': File exists
cp: cannot create regular file '/dev/shm/linux/./arch/arm/boot/dts/ti/omap/omap3-overo-storm-palo43.dts': File exists
cp: cannot create regular file '/dev/shm/linux/./arch/arm/boot/dts/ti/omap/omap3-overo-storm-tobi.dts': File exists
cp: cannot create regular file '/dev/shm/linux/./arch/arm/boot/dts/ti/omap/omap3-overo-storm.dtsi': File exists
cp: cannot create regular file '/dev/shm/linux/./arch/arm/boot/dts/ti/omap/omap3-overo-summit.dts': File exists
cp: cannot create regular file '/dev/shm/linux/./arch/arm/boot/dts/ti/omap/omap3-overo-tobi-common.dtsi': File exists
cp: cannot create regular file '/dev/shm/linux/./arch/arm/boot/dts/ti/omap/omap3-overo-tobiduo-common.dtsi': File exists
cp: cannot create regular file '/dev/shm/linux/./arch/arm/boot/dts/ti/omap/omap3-overo.dtsi': File exists
cp: cannot create regular file '/dev/shm/linux/./arch/arm/boot/dts/ti/omap/omap3-pandora-600mhz.dts': File exists
cp: cannot create regular file '/dev/shm/linux/./arch/arm/boot/dts/ti/omap/omap3-pandora-common.dtsi': File exists
cp: cannot create regular file '/dev/shm/linux/./arch/arm/boot/dts/ti/omap/omap3-sb-t35.dtsi': File exists
cp: cannot create regular file '/dev/shm/linux/./arch/arm/boot/dts/ti/omap/omap3-sbc-t3530.dts': File exists
cp: cannot create regular file '/dev/shm/linux/./arch/arm/boot/dts/ti/omap/omap3-sbc-t3730.dts': File exists
cp: cannot create regular file '/dev/shm/linux/./arch/arm/boot/dts/ti/omap/omap3-zoom3.dts': File exists
cp: cannot create regular file '/dev/shm/linux/./arch/arm/boot/dts/ti/omap/omap3430-sdp.dts': File exists
cp: cannot create regular file '/dev/shm/linux/./arch/arm/boot/dts/ti/omap/omap34xx.dtsi': File exists
cp: cannot create regular file '/dev/shm/linux/./arch/arm/boot/dts/ti/omap/omap36xx-clocks.dtsi': File exists
cp: cannot create regular file '/dev/shm/linux/./arch/arm/boot/dts/ti/omap/omap36xx.dtsi': File exists
cp: cannot create regular file '/dev/shm/linux/./arch/arm/boot/dts/ti/omap/omap4-droid4-xt894.dts': File exists
cp: cannot create regular file '/dev/shm/linux/./arch/arm/boot/dts/ti/omap/omap4-duovero.dtsi': File exists
cp: cannot create regular file '/dev/shm/linux/./arch/arm/boot/dts/ti/omap/omap4-kc1.dts': File exists
cp: cannot create regular file '/dev/shm/linux/./arch/arm/boot/dts/ti/omap/omap4-l4.dtsi': File exists
cp: cannot create regular file '/dev/shm/linux/./arch/arm/boot/dts/ti/omap/omap4-panda-a4.dts': File exists
cp: cannot create regular file '/dev/shm/linux/./arch/arm/boot/dts/ti/omap/omap4-panda-common.dtsi': File exists
cp: cannot create regular file '/dev/shm/linux/./arch/arm/boot/dts/ti/omap/omap4-panda.dts': File exists
cp: cannot create regular file '/dev/shm/linux/./arch/arm/boot/dts/ti/omap/omap4-samsung-espresso10.dts': File exists
cp: cannot create regular file '/dev/shm/linux/./arch/arm/boot/dts/ti/omap/omap4-samsung-espresso7.dts': File exists
cp: cannot create regular file '/dev/shm/linux/./arch/arm/boot/dts/ti/omap/omap4-sdp.dts': File exists
cp: cannot create regular file '/dev/shm/linux/./arch/arm/boot/dts/ti/omap/omap4-var-som-om44-wlan.dtsi': File exists
cp: cannot create regular file '/dev/shm/linux/./arch/arm/boot/dts/ti/omap/omap4-var-som-om44.dtsi': File exists
cp: cannot create regular file '/dev/shm/linux/./arch/arm/boot/dts/ti/omap/omap4-xyboard-mz617.dts': File exists
cp: cannot create regular file '/dev/shm/linux/./arch/arm/boot/dts/ti/omap/omap443x-clocks.dtsi': File exists
cp: cannot create regular file '/dev/shm/linux/./arch/arm/boot/dts/ti/omap/omap443x.dtsi': File exists
cp: cannot create regular file '/dev/shm/linux/./arch/arm/boot/dts/ti/omap/omap446x-clocks.dtsi': File exists
cp: cannot create regular file '/dev/shm/linux/./arch/arm/boot/dts/ti/omap/omap5-board-common.dtsi': File exists
cp: cannot create regular file '/dev/shm/linux/./arch/arm/boot/dts/ti/omap/omap5-core-thermal.dtsi': File exists
cp: cannot create regular file '/dev/shm/linux/./arch/arm/boot/dts/ti/omap/omap5-igep0050.dts': File exists
cp: cannot create regular file '/dev/shm/linux/./arch/arm/boot/dts/ti/omap/omap5-l4.dtsi': File exists
cp: cannot create regular file '/dev/shm/linux/./arch/arm/boot/dts/ti/omap/omap5-uevm.dts': File exists
cp: cannot create regular file '/dev/shm/linux/./arch/arm/boot/dts/ti/omap/omap5.dtsi': File exists
cp: cannot create regular file '/dev/shm/linux/./arch/arm/boot/dts/ti/omap/twl4030.dtsi': File exists
cp: cannot create regular file '/dev/shm/linux/./arch/arm/boot/dts/ti/omap/twl6030_omap4.dtsi': File exists
cp: cannot create regular file '/dev/shm/linux/./arch/arm/boot/dts/tps6507x.dtsi': File exists
cp: cannot create regular file '/dev/shm/linux/./arch/arm/boot/dts/tps65910.dtsi': File exists
cp: cannot create regular file '/dev/shm/linux/./arch/arm/boot/dts/vt8500/wm8505.dtsi': File exists
cp: cannot create regular file '/dev/shm/linux/./arch/arm/boot/dts/vt8500/wm8650.dtsi': File exists
cp: cannot create regular file '/dev/shm/linux/./arch/arm/boot/dts/vt8500/wm8750.dtsi': File exists
cp: cannot create regular file '/dev/shm/linux/./arch/arm/boot/dts/vt8500/wm8850.dtsi': File exists
cp: cannot create regular file '/dev/shm/linux/./arch/arm/boot/dts/vt8500/wm8950.dtsi': File exists
cp: cannot create regular file '/dev/shm/linux/./arch/arm/boot/dts/xilinx/zynq-cc108.dts': File exists
cp: cannot create regular file '/dev/shm/linux/./arch/arm/boot/dts/xilinx/zynq-microzed.dts': File exists
cp: cannot create regular file '/dev/shm/linux/./arch/arm/boot/dts/xilinx/zynq-zc702.dts': File exists
cp: cannot create regular file '/dev/shm/linux/./arch/arm/boot/dts/xilinx/zynq-zc770-xm010.dts': File exists
cp: cannot create regular file '/dev/shm/linux/./arch/arm/boot/dts/xilinx/zynq-zc770-xm012.dts': File exists
cp: cannot create regular file '/dev/shm/linux/./arch/arm/boot/dts/xilinx/zynq-zc770-xm013.dts': File exists
cp: cannot create regular file '/dev/shm/linux/./arch/arm/boot/dts/xilinx/zynq-zturn-common.dtsi': File exists
cp: cannot create regular file '/dev/shm/linux/./arch/arm/boot/dts/xilinx/zynq-zturn.dts': File exists
cp: cannot create regular file '/dev/shm/linux/./arch/arm/boot/dts/xilinx/zynq-zybo.dts': File exists
cp: cannot create regular file '/dev/shm/linux/./arch/arm/common/Makefile': File exists
cp: cannot create regular file '/dev/shm/linux/./arch/arm/common/bL_switcher_dummy_if.c': File exists
cp: cannot create regular file '/dev/shm/linux/./arch/arm/common/krait-l2-accessors.c': File exists
cp: cannot create regular file '/dev/shm/linux/./arch/arm/common/mcpm_entry.c': File exists
cp: cannot create regular file '/dev/shm/linux/./arch/arm/common/mcpm_platsmp.c': File exists
cp: cannot create regular file '/dev/shm/linux/./arch/arm/common/sharpsl_param.c': File exists
cp: cannot create regular file '/dev/shm/linux/./arch/arm/common/vlock.h': File exists
cp: cannot create regular file '/dev/shm/linux/./arch/arm/include/asm/hardware/ioc.h': File exists
cp: cannot create regular file '/dev/shm/linux/./arch/arm/include/asm/hardware/locomo.h': File exists
cp: cannot create regular file '/dev/shm/linux/./arch/arm/include/asm/hardware/sa1111.h': File exists
cp: cannot create regular file '/dev/shm/linux/./arch/arm/include/asm/hardware/ssp.h': File exists
cp: cannot create regular file '/dev/shm/linux/./arch/arm/include/asm/hugetlb-3level.h': File exists
cp: cannot create regular file '/dev/shm/linux/./arch/arm/include/asm/hw_breakpoint.h': File exists
cp: cannot create regular file '/dev/shm/linux/./arch/arm/include/asm/hwcap.h': File exists
cp: cannot create regular file '/dev/shm/linux/./arch/arm/include/asm/idmap.h': File exists
cp: cannot create regular file '/dev/shm/linux/./arch/arm/include/asm/io.h': File exists
cp: cannot create regular file '/dev/shm/linux/./arch/arm/include/asm/irq_work.h': File exists
cp: cannot create regular file '/dev/shm/linux/./arch/arm/include/asm/jump_label.h': File exists
cp: cannot create regular file '/dev/shm/linux/./arch/arm/include/asm/kasan_def.h': File exists
cp: cannot create regular file '/dev/shm/linux/./arch/arm/include/asm/kexec.h': File exists
cp: cannot create regular file '/dev/shm/linux/./arch/arm/include/asm/kgdb.h': File exists
cp: cannot create regular file '/dev/shm/linux/./arch/arm/include/asm/krait-l2-accessors.h': File exists
cp: cannot create regular file '/dev/shm/linux/./arch/arm/include/asm/mach/dma.h': File exists
cp: cannot create regular file '/dev/shm/linux/./arch/arm/include/asm/mach/irq.h': File exists
cp: cannot create regular file '/dev/shm/linux/./arch/arm/include/asm/mach/pci.h': File exists
cp: cannot create regular file '/dev/shm/linux/./arch/arm/include/asm/mach/time.h': File exists
cp: cannot create regular file '/dev/shm/linux/./arch/arm/include/asm/mcpm.h': File exists
cp: cannot create regular file '/dev/shm/linux/./arch/arm/include/asm/memblock.h': File exists
cp: cannot create regular file '/dev/shm/linux/./arch/arm/include/asm/mman.h': File exists
cp: cannot create regular file '/dev/shm/linux/./arch/arm/include/asm/mmu_context.h': File exists
cp: cannot create regular file '/dev/shm/linux/./arch/arm/include/asm/module.h': File exists
cp: cannot create regular file '/dev/shm/linux/./arch/arm/include/asm/mpu.h': File exists
cp: cannot create regular file '/dev/shm/linux/./arch/arm/include/asm/mtd-xip.h': File exists
cp: cannot create regular file '/dev/shm/linux/./arch/arm/include/asm/opcodes-sec.h': File exists
cp: cannot create regular file '/dev/shm/linux/./arch/arm/include/asm/outercache.h': File exists
cp: cannot create regular file '/dev/shm/linux/./arch/arm/include/asm/page.h': File exists
cp: cannot create regular file '/dev/shm/linux/./arch/arm/include/asm/percpu.h': File exists
cp: cannot create regular file '/dev/shm/linux/./arch/arm/include/asm/pgtable-2level-hwdef.h': File exists
cp: cannot create regular file '/dev/shm/linux/./arch/arm/include/asm/pgtable-2level.h': File exists
cp: cannot create regular file '/dev/shm/linux/./arch/arm/include/asm/pgtable-3level-types.h': File exists
cp: cannot create regular file '/dev/shm/linux/./arch/arm/include/asm/pgtable-hwdef.h': File exists
cp: cannot create regular file '/dev/shm/linux/./arch/arm/include/asm/probes.h': File exists
cp: cannot create regular file '/dev/shm/linux/./arch/arm/include/asm/processor.h': File exists
cp: cannot create regular file '/dev/shm/linux/./arch/arm/include/asm/prom.h': File exists
cp: cannot create regular file '/dev/shm/linux/./arch/arm/include/asm/ptdump.h': File exists
cp: cannot create regular file '/dev/shm/linux/./arch/arm/include/asm/seccomp.h': File exists
cp: cannot create regular file '/dev/shm/linux/./arch/arm/include/asm/sections.h': File exists
cp: cannot create regular file '/dev/shm/linux/./arch/arm/include/asm/semihost.h': File exists
cp: cannot create regular file '/dev/shm/linux/./arch/arm/include/asm/shmparam.h': File exists
cp: cannot create regular file '/dev/shm/linux/./arch/arm/include/asm/signal.h': File exists
cp: cannot create regular file '/dev/shm/linux/./arch/arm/include/asm/smp.h': File exists
cp: cannot create regular file '/dev/shm/linux/./arch/arm/include/asm/smp_scu.h': File exists
cp: cannot create regular file '/dev/shm/linux/./arch/arm/include/asm/sparsemem.h': File exists
cp: cannot create regular file '/dev/shm/linux/./arch/arm/include/asm/spectre.h': File exists
cp: cannot create regular file '/dev/shm/linux/./arch/arm/include/asm/spinlock_types.h': File exists
cp: cannot create regular file '/dev/shm/linux/./arch/arm/include/asm/stacktrace.h': File exists
cp: cannot create regular file '/dev/shm/linux/./arch/arm/include/asm/suspend.h': File exists
cp: cannot create regular file '/dev/shm/linux/./arch/arm/include/asm/sync_bitops.h': File exists
cp: cannot create regular file '/dev/shm/linux/./arch/arm/include/asm/syscalls.h': File exists
cp: cannot create regular file '/dev/shm/linux/./arch/arm/include/asm/system_misc.h': File exists
cp: cannot create regular file '/dev/shm/linux/./arch/arm/include/asm/text-patching.h': File exists
cp: cannot create regular file '/dev/shm/linux/./arch/arm/include/asm/thread_info.h': File exists
cp: cannot create regular file '/dev/shm/linux/./arch/arm/include/asm/timex.h': File exists
cp: cannot create regular file '/dev/shm/linux/./arch/arm/include/asm/tlbflush.h': File exists
cp: cannot create regular file '/dev/shm/linux/./arch/arm/include/asm/topology.h': File exists
cp: cannot create regular file '/dev/shm/linux/./arch/arm/include/asm/uaccess-asm.h': File exists
cp: cannot create regular file '/dev/shm/linux/./arch/arm/include/asm/unistd.h': File exists
cp: cannot create regular file '/dev/shm/linux/./arch/arm/include/asm/uprobes.h': File exists
cp: cannot create regular file '/dev/shm/linux/./arch/arm/include/asm/v7m.h': File exists
cp: cannot create regular file '/dev/shm/linux/./arch/arm/include/asm/vdso/cp15.h': File exists
cp: cannot create regular file '/dev/shm/linux/./arch/arm/include/asm/vdso/processor.h': File exists
cp: cannot create regular file '/dev/shm/linux/./arch/arm/include/asm/vermagic.h': File exists
cp: cannot create regular file '/dev/shm/linux/./arch/arm/include/asm/vfpmacros.h': File exists
cp: cannot create regular file '/dev/shm/linux/./arch/arm/include/asm/vga.h': File exists
cp: cannot create regular file '/dev/shm/linux/./arch/arm/include/asm/vmalloc.h': File exists
cp: cannot create regular file '/dev/shm/linux/./arch/arm/include/asm/vmlinux.lds.h': File exists
cp: cannot create regular file '/dev/shm/linux/./arch/arm/include/asm/xen/hypercall.h': File exists
cp: cannot create regular file '/dev/shm/linux/./arch/arm/include/asm/xen/interface.h': File exists
cp: cannot create regular file '/dev/shm/linux/./arch/arm/include/asm/xen/swiotlb-xen.h': File exists
cp: cannot create regular file '/dev/shm/linux/./arch/arm/include/debug/at91.S': File exists
cp: cannot create regular file '/dev/shm/linux/./arch/arm/include/debug/brcmstb.S': File exists
cp: cannot create regular file '/dev/shm/linux/./arch/arm/include/debug/dc21285.S': File exists
cp: cannot create regular file '/dev/shm/linux/./arch/arm/include/debug/exynos.S': File exists
cp: cannot create regular file '/dev/shm/linux/./arch/arm/include/debug/imx-uart.h': File exists
cp: cannot create regular file '/dev/shm/linux/./arch/arm/include/debug/meson.S': File exists
cp: cannot create regular file '/dev/shm/linux/./arch/arm/include/debug/omap2plus.S': File exists
cp: cannot create regular file '/dev/shm/linux/./arch/arm/include/debug/palmchip.S': File exists
cp: cannot create regular file '/dev/shm/linux/./arch/arm/include/debug/renesas-scif.S': File exists
cp: cannot create regular file '/dev/shm/linux/./arch/arm/include/debug/s5pv210.S': File exists
cp: cannot create regular file '/dev/shm/linux/./arch/arm/include/debug/samsung.S': File exists
cp: cannot create regular file '/dev/shm/linux/./arch/arm/include/debug/sti.S': File exists
cp: cannot create regular file '/dev/shm/linux/./arch/arm/include/debug/stm32.S': File exists
cp: cannot create regular file '/dev/shm/linux/./arch/arm/include/uapi/asm/auxvec.h': File exists
cp: cannot create regular file '/dev/shm/linux/./arch/arm/include/uapi/asm/byteorder.h': File exists
cp: cannot create regular file '/dev/shm/linux/./arch/arm/include/uapi/asm/fcntl.h': File exists
cp: cannot create regular file '/dev/shm/linux/./arch/arm/include/uapi/asm/hwcap.h': File exists
cp: cannot create regular file '/dev/shm/linux/./arch/arm/include/uapi/asm/ioctls.h': File exists
cp: cannot create regular file '/dev/shm/linux/./arch/arm/include/uapi/asm/mman.h': File exists
cp: cannot create regular file '/dev/shm/linux/./arch/arm/include/uapi/asm/posix_types.h': File exists
cp: cannot create regular file '/dev/shm/linux/./arch/arm/include/uapi/asm/ptrace.h': File exists
cp: cannot create regular file '/dev/shm/linux/./arch/arm/include/uapi/asm/sigcontext.h': File exists
cp: cannot create regular file '/dev/shm/linux/./arch/arm/include/uapi/asm/signal.h': File exists
cp: cannot create regular file '/dev/shm/linux/./arch/arm/include/uapi/asm/statfs.h': File exists
cp: cannot create regular file '/dev/shm/linux/./arch/arm/include/uapi/asm/types.h': File exists
cp: cannot create regular file '/dev/shm/linux/./arch/arm/kernel/Makefile': File exists
cp: cannot create regular file '/dev/shm/linux/./arch/arm/kernel/armksyms.c': File exists
cp: cannot create regular file '/dev/shm/linux/./arch/arm/kernel/atags.h': File exists
cp: cannot create regular file '/dev/shm/linux/./arch/arm/kernel/atags_parse.c': File exists
cp: cannot create regular file '/dev/shm/linux/./arch/arm/kernel/bios32.c': File exists
cp: cannot create regular file '/dev/shm/linux/./arch/arm/kernel/cacheinfo.c': File exists
cp: cannot create regular file '/dev/shm/linux/./arch/arm/kernel/crash_dump.c': File exists
cp: cannot create regular file '/dev/shm/linux/./arch/arm/kernel/devtree.c': File exists
cp: cannot create regular file '/dev/shm/linux/./arch/arm/kernel/early_printk.c': File exists
cp: cannot create regular file '/dev/shm/linux/./arch/arm/kernel/entry-armv.S': File exists
cp: cannot create regular file '/dev/shm/linux/./arch/arm/kernel/entry-ftrace.S': File exists
cp: cannot create regular file '/dev/shm/linux/./arch/arm/kernel/entry-v7m.S': File exists
cp: cannot create regular file '/dev/shm/linux/./arch/arm/kernel/fiqasm.S': File exists
cp: cannot create regular file '/dev/shm/linux/./arch/arm/kernel/head-common.S': File exists
cp: cannot create regular file '/dev/shm/linux/./arch/arm/kernel/head-nommu.S': File exists
cp: cannot create regular file '/dev/shm/linux/./arch/arm/kernel/head.h': File exists
cp: cannot create regular file '/dev/shm/linux/./arch/arm/kernel/hw_breakpoint.c': File exists
cp: cannot create regular file '/dev/shm/linux/./arch/arm/kernel/insn.c': File exists
cp: cannot create regular file '/dev/shm/linux/./arch/arm/kernel/irq.c': File exists
cp: cannot create regular file '/dev/shm/linux/./arch/arm/kernel/iwmmxt.S': File exists
cp: cannot create regular file '/dev/shm/linux/./arch/arm/kernel/jump_label.c': File exists
cp: cannot create regular file '/dev/shm/linux/./arch/arm/kernel/machine_kexec.c': File exists
cp: cannot create regular file '/dev/shm/linux/./arch/arm/kernel/module.c': File exists
cp: cannot create regular file '/dev/shm/linux/./arch/arm/kernel/patch.c': File exists
cp: cannot create regular file '/dev/shm/linux/./arch/arm/kernel/perf_callchain.c': File exists
cp: cannot create regular file '/dev/shm/linux/./arch/arm/kernel/phys2virt.S': File exists
cp: cannot create regular file '/dev/shm/linux/./arch/arm/kernel/psci_smp.c': File exists
cp: cannot create regular file '/dev/shm/linux/./arch/arm/kernel/reboot.c': File exists
cp: cannot create regular file '/dev/shm/linux/./arch/arm/kernel/relocate_kernel.S': File exists
cp: cannot create regular file '/dev/shm/linux/./arch/arm/kernel/setup.c': File exists
cp: cannot create regular file '/dev/shm/linux/./arch/arm/kernel/signal.h': File exists
cp: cannot create regular file '/dev/shm/linux/./arch/arm/kernel/sigreturn_codes.S': File exists
cp: cannot create regular file '/dev/shm/linux/./arch/arm/kernel/sleep.S': File exists
cp: cannot create regular file '/dev/shm/linux/./arch/arm/kernel/smp.c': File exists
cp: cannot create regular file '/dev/shm/linux/./arch/arm/kernel/smp_tlb.c': File exists
cp: cannot create regular file '/dev/shm/linux/./arch/arm/kernel/spectre.c': File exists
cp: cannot create regular file '/dev/shm/linux/./arch/arm/kernel/suspend.c': File exists
cp: cannot create regular file '/dev/shm/linux/./arch/arm/kernel/sys_arm.c': File exists
cp: cannot create regular file '/dev/shm/linux/./arch/arm/kernel/tcm.c': File exists
cp: cannot create regular file '/dev/shm/linux/./arch/arm/kernel/time.c': File exists
cp: cannot create regular file '/dev/shm/linux/./arch/arm/kernel/traps.c': File exists
cp: cannot create regular file '/dev/shm/linux/./arch/arm/kernel/v7m.c': File exists
cp: cannot create regular file '/dev/shm/linux/./arch/arm/kernel/vdso.c': File exists
cp: cannot create regular file '/dev/shm/linux/./arch/arm/kernel/vmcore_info.c': File exists
cp: cannot create regular file '/dev/shm/linux/./arch/arm/kernel/vmlinux.lds.S': File exists
cp: cannot create regular file '/dev/shm/linux/./arch/arm/lib/Makefile': File exists
cp: cannot create regular file '/dev/shm/linux/./arch/arm/lib/ashrdi3.S': File exists
cp: cannot create regular file '/dev/shm/linux/./arch/arm/lib/backtrace.S': File exists
cp: cannot create regular file '/dev/shm/linux/./arch/arm/lib/bswapsdi2.S': File exists
cp: cannot create regular file '/dev/shm/linux/./arch/arm/lib/clear_user.S': File exists
cp: cannot create regular file '/dev/shm/linux/./arch/arm/lib/copy_from_user.S': File exists
cp: cannot create regular file '/dev/shm/linux/./arch/arm/lib/copy_template.S': File exists
cp: cannot create regular file '/dev/shm/linux/./arch/arm/lib/csumipv6.S': File exists
cp: cannot create regular file '/dev/shm/linux/./arch/arm/lib/csumpartialcopy.S': File exists
cp: cannot create regular file '/dev/shm/linux/./arch/arm/lib/csumpartialcopyuser.S': File exists
cp: cannot create regular file '/dev/shm/linux/./arch/arm/lib/delay.c': File exists
cp: cannot create regular file '/dev/shm/linux/./arch/arm/lib/error-inject.c': File exists
cp: cannot create regular file '/dev/shm/linux/./arch/arm/lib/getuser.S': File exists
cp: cannot create regular file '/dev/shm/linux/./arch/arm/lib/io-readsl.S': File exists
cp: cannot create regular file '/dev/shm/linux/./arch/arm/lib/io-readsw-armv3.S': File exists
cp: cannot create regular file '/dev/shm/linux/./arch/arm/lib/io-writesb.S': File exists
cp: cannot create regular file '/dev/shm/linux/./arch/arm/lib/io-writesw-armv3.S': File exists
cp: cannot create regular file '/dev/shm/linux/./arch/arm/lib/lib1funcs.S': File exists
cp: cannot create regular file '/dev/shm/linux/./arch/arm/lib/memchr.S': File exists
cp: cannot create regular file '/dev/shm/linux/./arch/arm/lib/memmove.S': File exists
cp: cannot create regular file '/dev/shm/linux/./arch/arm/lib/muldi3.S': File exists
cp: cannot create regular file '/dev/shm/linux/./arch/arm/lib/setbit.S': File exists
cp: cannot create regular file '/dev/shm/linux/./arch/arm/lib/strrchr.S': File exists
cp: cannot create regular file '/dev/shm/linux/./arch/arm/lib/testclearbit.S': File exists
cp: cannot create regular file '/dev/shm/linux/./arch/arm/lib/uaccess_with_memcpy.c': File exists
cp: cannot create regular file '/dev/shm/linux/./arch/arm/mach-actions/Makefile': File exists
cp: cannot create regular file '/dev/shm/linux/./arch/arm/mach-alpine/Makefile': File exists
cp: cannot create regular file '/dev/shm/linux/./arch/arm/mach-alpine/alpine_cpu_pm.h': File exists
cp: cannot create regular file '/dev/shm/linux/./arch/arm/mach-alpine/alpine_machine.c': File exists
cp: cannot create regular file '/dev/shm/linux/./arch/arm/mach-artpec/Makefile': File exists
cp: cannot create regular file '/dev/shm/linux/./arch/arm/mach-artpec/board-artpec6.c': File exists
cp: cannot create regular file '/dev/shm/linux/./arch/arm/mach-at91/at91sam9.c': File exists
cp: cannot create regular file '/dev/shm/linux/./arch/arm/mach-at91/pm.c': File exists
cp: cannot create regular file '/dev/shm/linux/./arch/arm/mach-at91/pm_data-offsets.c': File exists
cp: cannot create regular file '/dev/shm/linux/./arch/arm/mach-at91/sam9x60.c': File exists
cp: cannot create regular file '/dev/shm/linux/./arch/arm/mach-at91/sam_secure.c': File exists
cp: cannot create regular file '/dev/shm/linux/./arch/arm/mach-at91/sama5.c': File exists
cp: cannot create regular file '/dev/shm/linux/./arch/arm/mach-at91/samv7.c': File exists
cp: cannot create regular file '/dev/shm/linux/./arch/arm/mach-bcm/bcm63xx_smp.c': File exists
cp: cannot create regular file '/dev/shm/linux/./arch/arm/mach-bcm/bcm_5301x.c': File exists
cp: cannot create regular file '/dev/shm/linux/./arch/arm/mach-bcm/bcm_hr2.c': File exists
cp: cannot create regular file '/dev/shm/linux/./arch/arm/mach-bcm/bcm_nsp.c': File exists
cp: cannot create regular file '/dev/shm/linux/./arch/arm/mach-bcm/board_bcm23550.c': File exists
cp: cannot create regular file '/dev/shm/linux/./arch/arm/mach-bcm/board_bcm2835.c': File exists
cp: cannot create regular file '/dev/shm/linux/./arch/arm/mach-bcm/kona_l2_cache.c': File exists
cp: cannot create regular file '/dev/shm/linux/./arch/arm/mach-bcm/platsmp-brcmstb.c': File exists
cp: cannot create regular file '/dev/shm/linux/./arch/arm/mach-bcm/platsmp.h': File exists
cp: cannot create regular file '/dev/shm/linux/./arch/arm/mach-davinci/Makefile': File exists
cp: cannot create regular file '/dev/shm/linux/./arch/arm/mach-davinci/common.h': File exists
cp: cannot create regular file '/dev/shm/linux/./arch/arm/mach-davinci/da850.c': File exists
cp: cannot create regular file '/dev/shm/linux/./arch/arm/mach-davinci/da8xx.h': File exists
cp: cannot create regular file '/dev/shm/linux/./arch/arm/mach-davinci/devices-da8xx.c': File exists
cp: cannot create regular file '/dev/shm/linux/./arch/arm/mach-davinci/irqs.h': File exists
cp: cannot create regular file '/dev/shm/linux/./arch/arm/mach-davinci/mux.h': File exists
cp: cannot create regular file '/dev/shm/linux/./arch/arm/mach-davinci/pm.c': File exists
cp: cannot create regular file '/dev/shm/linux/./arch/arm/mach-davinci/pm_domain.c': File exists
cp: cannot create regular file '/dev/shm/linux/./arch/arm/mach-davinci/psc.h': File exists
cp: cannot create regular file '/dev/shm/linux/./arch/arm/mach-davinci/sram.c': File exists
cp: cannot create regular file '/dev/shm/linux/./arch/arm/mach-dove/Makefile': File exists
cp: cannot create regular file '/dev/shm/linux/./arch/arm/mach-dove/bridge-regs.h': File exists
cp: cannot create regular file '/dev/shm/linux/./arch/arm/mach-dove/common.c': File exists
cp: cannot create regular file '/dev/shm/linux/./arch/arm/mach-dove/dove.h': File exists
cp: cannot create regular file '/dev/shm/linux/./arch/arm/mach-dove/irqs.h': File exists
cp: cannot create regular file '/dev/shm/linux/./arch/arm/mach-dove/mpp.c': File exists
cp: cannot create regular file '/dev/shm/linux/./arch/arm/mach-dove/pcie.c': File exists
cp: cannot create regular file '/dev/shm/linux/./arch/arm/mach-exynos/Makefile': File exists
cp: cannot create regular file '/dev/shm/linux/./arch/arm/mach-exynos/exynos-smc.S': File exists
cp: cannot create regular file '/dev/shm/linux/./arch/arm/mach-exynos/firmware.c': File exists
cp: cannot create regular file '/dev/shm/linux/./arch/arm/mach-exynos/mcpm-exynos.c': File exists
cp: cannot create regular file '/dev/shm/linux/./arch/arm/mach-exynos/pm.c': File exists
cp: cannot create regular file '/dev/shm/linux/./arch/arm/mach-exynos/smc.h': File exists
cp: cannot create regular file '/dev/shm/linux/./arch/arm/mach-footbridge/Makefile': File exists
cp: cannot create regular file '/dev/shm/linux/./arch/arm/mach-footbridge/common.h': File exists
cp: cannot create regular file '/dev/shm/linux/./arch/arm/mach-footbridge/dc21285-timer.c': File exists
cp: cannot create regular file '/dev/shm/linux/./arch/arm/mach-footbridge/dma-isa.c': File exists
cp: cannot create regular file '/dev/shm/linux/./arch/arm/mach-footbridge/ebsa285.c': File exists
cp: cannot create regular file '/dev/shm/linux/./arch/arm/mach-gemini/Makefile': File exists
cp: cannot create regular file '/dev/shm/linux/./arch/arm/mach-highbank/Makefile': File exists
cp: cannot create regular file '/dev/shm/linux/./arch/arm/mach-highbank/highbank.c': File exists
cp: cannot create regular file '/dev/shm/linux/./arch/arm/mach-highbank/smc.S': File exists
cp: cannot create regular file '/dev/shm/linux/./arch/arm/mach-highbank/system.c': File exists
cp: cannot create regular file '/dev/shm/linux/./arch/arm/mach-imx/cpu-imx27.c': File exists
cp: cannot create regular file '/dev/shm/linux/./arch/arm/mach-imx/cpu-imx31.c': File exists
cp: cannot create regular file '/dev/shm/linux/./arch/arm/mach-imx/cpu-imx5.c': File exists
cp: cannot create regular file '/dev/shm/linux/./arch/arm/mach-imx/cpuidle-imx5.c': File exists
cp: cannot create regular file '/dev/shm/linux/./arch/arm/mach-imx/cpuidle-imx6sl.c': File exists
cp: cannot create regular file '/dev/shm/linux/./arch/arm/mach-imx/cpuidle-imx6sx.c': File exists
cp: cannot create regular file '/dev/shm/linux/./arch/arm/mach-imx/cpuidle-imx7ulp.c': File exists
cp: cannot create regular file '/dev/shm/linux/./arch/arm/mach-imx/crmregs-imx3.h': File exists
cp: cannot create regular file '/dev/shm/linux/./arch/arm/mach-imx/gpc.c': File exists
cp: cannot create regular file '/dev/shm/linux/./arch/arm/mach-imx/headsmp.S': File exists
cp: cannot create regular file '/dev/shm/linux/./arch/arm/mach-imx/irq-common.c': File exists
cp: cannot create regular file '/dev/shm/linux/./arch/arm/mach-imx/mach-imx1.c': File exists
cp: cannot create regular file '/dev/shm/linux/./arch/arm/mach-imx/mach-imx27.c': File exists
cp: cannot create regular file '/dev/shm/linux/./arch/arm/mach-imx/mach-imx35.c': File exists
cp: cannot create regular file '/dev/shm/linux/./arch/arm/mach-imx/mach-imx51.c': File exists
cp: cannot create regular file '/dev/shm/linux/./arch/arm/mach-imx/mach-imx6q.c': File exists
cp: cannot create regular file '/dev/shm/linux/./arch/arm/mach-imx/mach-imx6sx.c': File exists
cp: cannot create regular file '/dev/shm/linux/./arch/arm/mach-imx/mach-imx7d-cm4.c': File exists
cp: cannot create regular file '/dev/shm/linux/./arch/arm/mach-imx/mach-imx7ulp.c': File exists
cp: cannot create regular file '/dev/shm/linux/./arch/arm/mach-imx/mach-ls1021a.c': File exists
cp: cannot create regular file '/dev/shm/linux/./arch/arm/mach-imx/mach-vf610.c': File exists
cp: cannot create regular file '/dev/shm/linux/./arch/arm/mach-imx/mmdc.c': File exists
cp: cannot create regular file '/dev/shm/linux/./arch/arm/mach-imx/mx2x.h': File exists
cp: cannot create regular file '/dev/shm/linux/./arch/arm/mach-imx/mx35.h': File exists
cp: cannot create regular file '/dev/shm/linux/./arch/arm/mach-imx/mxc.h': File exists
cp: cannot create regular file '/dev/shm/linux/./arch/arm/mach-imx/pm-imx25.c': File exists
cp: cannot create regular file '/dev/shm/linux/./arch/arm/mach-imx/pm-imx5.c': File exists
cp: cannot create regular file '/dev/shm/linux/./arch/arm/mach-imx/pm-imx7ulp.c': File exists
cp: cannot create regular file '/dev/shm/linux/./arch/arm/mach-imx/src.c': File exists
cp: cannot create regular file '/dev/shm/linux/./arch/arm/mach-imx/ssi-fiq.S': File exists
cp: cannot create regular file '/dev/shm/linux/./arch/arm/mach-imx/suspend-imx6.S': File exists
cp: cannot create regular file '/dev/shm/linux/./arch/arm/mach-imx/tzic.c': File exists
cp: cannot create directory '/dev/shm/linux/./arch/arm/mach-lpc18xx': File exists
cp: cannot create regular file '/dev/shm/linux/./arch/arm/mach-meson/meson.c': File exists
cp: cannot create regular file '/dev/shm/linux/./arch/arm/mach-milbeaut/Makefile': File exists
cp: cannot create regular file '/dev/shm/linux/./arch/arm/mach-mmp/Makefile': File exists
cp: cannot create regular file '/dev/shm/linux/./arch/arm/mach-mmp/common.h': File exists
cp: cannot create regular file '/dev/shm/linux/./arch/arm/mach-mmp/mmp2-dt.c': File exists
cp: cannot create regular file '/dev/shm/linux/./arch/arm/mach-mmp/platsmp.c': File exists
cp: cannot create regular file '/dev/shm/linux/./arch/arm/mach-mmp/time.c': File exists
cp: cannot create regular file '/dev/shm/linux/./arch/arm/mach-mv78xx0/buffalo-wxl-setup.c': File exists
cp: cannot create regular file '/dev/shm/linux/./arch/arm/mach-mv78xx0/common.h': File exists
cp: cannot create regular file '/dev/shm/linux/./arch/arm/mach-mv78xx0/irqs.h': File exists
cp: cannot create regular file '/dev/shm/linux/./arch/arm/mach-mv78xx0/mpp.h': File exists
cp: cannot create regular file '/dev/shm/linux/./arch/arm/mach-mv78xx0/pcie.c': File exists
cp: cannot create regular file '/dev/shm/linux/./arch/arm/mach-omap1/board-sx1-mmc.c': File exists
cp: cannot create regular file '/dev/shm/linux/./arch/arm/mach-omap1/board-sx1.c': File exists
cp: cannot create regular file '/dev/shm/linux/./arch/arm/mach-omap1/clock.c': File exists
cp: cannot create regular file '/dev/shm/linux/./arch/arm/mach-omap1/common.h': File exists
cp: cannot create regular file '/dev/shm/linux/./arch/arm/mach-omap1/dma.c': File exists
cp: cannot create regular file '/dev/shm/linux/./arch/arm/mach-omap1/flash.c': File exists
cp: cannot create regular file '/dev/shm/linux/./arch/arm/mach-omap1/gpio15xx.c': File exists
cp: cannot create regular file '/dev/shm/linux/./arch/arm/mach-omap1/gpio16xx.c': File exists
cp: cannot create regular file '/dev/shm/linux/./arch/arm/mach-omap1/i2c.c': File exists
cp: cannot create regular file '/dev/shm/linux/./arch/arm/mach-omap1/i2c.h': File exists
cp: cannot create regular file '/dev/shm/linux/./arch/arm/mach-omap1/io.c': File exists
cp: cannot create regular file '/dev/shm/linux/./arch/arm/mach-omap1/irq.c': File exists
cp: cannot create regular file '/dev/shm/linux/./arch/arm/mach-omap1/mcbsp.c': File exists
cp: cannot create regular file '/dev/shm/linux/./arch/arm/mach-omap1/mtd-xip.h': File exists
cp: cannot create regular file '/dev/shm/linux/./arch/arm/mach-omap1/mux.h': File exists
cp: cannot create regular file '/dev/shm/linux/./arch/arm/mach-omap1/omap-dma.c': File exists
cp: cannot create regular file '/dev/shm/linux/./arch/arm/mach-omap1/opp_data.c': File exists
cp: cannot create regular file '/dev/shm/linux/./arch/arm/mach-omap1/reset.c': File exists
cp: cannot create regular file '/dev/shm/linux/./arch/arm/mach-omap1/serial.h': File exists
cp: cannot create regular file '/dev/shm/linux/./arch/arm/mach-omap1/soc.h': File exists
cp: cannot create regular file '/dev/shm/linux/./arch/arm/mach-omap1/tc.h': File exists
cp: cannot create regular file '/dev/shm/linux/./arch/arm/mach-omap1/timer.c': File exists
cp: cannot create regular file '/dev/shm/linux/./arch/arm/mach-omap1/usb.c': File exists
cp: cannot create regular file '/dev/shm/linux/./arch/arm/mach-omap2/Kconfig': File exists
cp: cannot create regular file '/dev/shm/linux/./arch/arm/mach-omap2/am33xx-restart.c': File exists
cp: cannot create regular file '/dev/shm/linux/./arch/arm/mach-omap2/board-generic.c': File exists
cp: cannot create regular file '/dev/shm/linux/./arch/arm/mach-omap2/clkt2xxx_dpll.c': File exists
cp: cannot create regular file '/dev/shm/linux/./arch/arm/mach-omap2/clkt2xxx_dpllcore.c': File exists
cp: cannot create regular file '/dev/shm/linux/./arch/arm/mach-omap2/clock.c': File exists
cp: cannot create regular file '/dev/shm/linux/./arch/arm/mach-omap2/clock.h': File exists
cp: cannot create regular file '/dev/shm/linux/./arch/arm/mach-omap2/clockdomain.c': File exists
cp: cannot create regular file '/dev/shm/linux/./arch/arm/mach-omap2/clockdomains2430_data.c': File exists
cp: cannot create regular file '/dev/shm/linux/./arch/arm/mach-omap2/clockdomains33xx_data.c': File exists
cp: cannot create regular file '/dev/shm/linux/./arch/arm/mach-omap2/clockdomains43xx_data.c': File exists
cp: cannot create regular file '/dev/shm/linux/./arch/arm/mach-omap2/clockdomains54xx_data.c': File exists
cp: cannot create regular file '/dev/shm/linux/./arch/arm/mach-omap2/clockdomains81xx_data.c': File exists
cp: cannot create regular file '/dev/shm/linux/./arch/arm/mach-omap2/cm-regbits-33xx.h': File exists
cp: cannot create regular file '/dev/shm/linux/./arch/arm/mach-omap2/cm-regbits-44xx.h': File exists
cp: cannot create regular file '/dev/shm/linux/./arch/arm/mach-omap2/cm-regbits-7xx.h': File exists
cp: cannot create regular file '/dev/shm/linux/./arch/arm/mach-omap2/cm1_44xx.h': File exists
cp: cannot create regular file '/dev/shm/linux/./arch/arm/mach-omap2/cm1_7xx.h': File exists
cp: cannot create regular file '/dev/shm/linux/./arch/arm/mach-omap2/cm2_54xx.h': File exists
cp: cannot create regular file '/dev/shm/linux/./arch/arm/mach-omap2/cm2xxx.c': File exists
cp: cannot create regular file '/dev/shm/linux/./arch/arm/mach-omap2/cm2xxx_3xxx.h': File exists
cp: cannot create regular file '/dev/shm/linux/./arch/arm/mach-omap2/cm33xx.h': File exists
cp: cannot create regular file '/dev/shm/linux/./arch/arm/mach-omap2/cm3xxx.c': File exists
cp: cannot create regular file '/dev/shm/linux/./arch/arm/mach-omap2/cm44xx.h': File exists
cp: cannot create regular file '/dev/shm/linux/./arch/arm/mach-omap2/cminst44xx.c': File exists
cp: cannot create regular file '/dev/shm/linux/./arch/arm/mach-omap2/common.c': File exists
cp: cannot create regular file '/dev/shm/linux/./arch/arm/mach-omap2/control.c': File exists
cp: cannot create regular file '/dev/shm/linux/./arch/arm/mach-omap2/ctrl_module_wkup_44xx.h': File exists
cp: cannot create regular file '/dev/shm/linux/./arch/arm/mach-omap2/display.c': File exists
cp: cannot create regular file '/dev/shm/linux/./arch/arm/mach-omap2/dma.c': File exists
cp: cannot create regular file '/dev/shm/linux/./arch/arm/mach-omap2/gpmc.h': File exists
cp: cannot create regular file '/dev/shm/linux/./arch/arm/mach-omap2/hdq1w.h': File exists
cp: cannot create regular file '/dev/shm/linux/./arch/arm/mach-omap2/i2c.h': File exists
cp: cannot create regular file '/dev/shm/linux/./arch/arm/mach-omap2/id.h': File exists
cp: cannot create regular file '/dev/shm/linux/./arch/arm/mach-omap2/iomap.h': File exists
cp: cannot create regular file '/dev/shm/linux/./arch/arm/mach-omap2/l3_3xxx.h': File exists
cp: cannot create regular file '/dev/shm/linux/./arch/arm/mach-omap2/l4_3xxx.h': File exists
cp: cannot create regular file '/dev/shm/linux/./arch/arm/mach-omap2/mmc.h': File exists
cp: cannot create regular file '/dev/shm/linux/./arch/arm/mach-omap2/omap-hotplug.c': File exists
cp: cannot create regular file '/dev/shm/linux/./arch/arm/mach-omap2/omap-mpuss-lowpower.c': File exists
cp: cannot create regular file '/dev/shm/linux/./arch/arm/mach-omap2/omap-secure.h': File exists
cp: cannot create regular file '/dev/shm/linux/./arch/arm/mach-omap2/omap-smp.c': File exists
cp: cannot create regular file '/dev/shm/linux/./arch/arm/mach-omap2/omap-wakeupgen.h': File exists
cp: cannot create regular file '/dev/shm/linux/./arch/arm/mach-omap2/omap2-restart.c': File exists
cp: cannot create regular file '/dev/shm/linux/./arch/arm/mach-omap2/omap4-common.c': File exists
cp: cannot create regular file '/dev/shm/linux/./arch/arm/mach-omap2/omap4-restart.c': File exists
cp: cannot create regular file '/dev/shm/linux/./arch/arm/mach-omap2/omap4-sar-layout.h': File exists
cp: cannot create regular file '/dev/shm/linux/./arch/arm/mach-omap2/omap44xx.h': File exists
cp: cannot create regular file '/dev/shm/linux/./arch/arm/mach-omap2/omap54xx.h': File exists
cp: cannot create regular file '/dev/shm/linux/./arch/arm/mach-omap2/omap_hwmod.c': File exists
cp: cannot create regular file '/dev/shm/linux/./arch/arm/mach-omap2/omap_hwmod_2420_data.c': File exists
cp: cannot create regular file '/dev/shm/linux/./arch/arm/mach-omap2/omap_hwmod_2430_data.c': File exists
cp: cannot create regular file '/dev/shm/linux/./arch/arm/mach-omap2/omap_hwmod_2xxx_interconnect_data.c': File exists
cp: cannot create regular file '/dev/shm/linux/./arch/arm/mach-omap2/omap_hwmod_3xxx_data.c': File exists
cp: cannot create regular file '/dev/shm/linux/./arch/arm/mach-omap2/omap_hwmod_common_ipblock_data.c': File exists
cp: cannot create regular file '/dev/shm/linux/./arch/arm/mach-omap2/omap_opp_data.h': File exists
cp: cannot create regular file '/dev/shm/linux/./arch/arm/mach-omap2/omap_twl.c': File exists
cp: cannot create regular file '/dev/shm/linux/./arch/arm/mach-omap2/opp2430_data.c': File exists
cp: cannot create regular file '/dev/shm/linux/./arch/arm/mach-omap2/opp3xxx_data.c': File exists
cp: cannot create regular file '/dev/shm/linux/./arch/arm/mach-omap2/pdata-quirks.c': File exists
cp: cannot create regular file '/dev/shm/linux/./arch/arm/mach-omap2/pm-debug.c': File exists
cp: cannot create regular file '/dev/shm/linux/./arch/arm/mach-omap2/pm.h': File exists
cp: cannot create regular file '/dev/shm/linux/./arch/arm/mach-omap2/pmic-cpcap.c': File exists
cp: cannot create regular file '/dev/shm/linux/./arch/arm/mach-omap2/powerdomain.c': File exists
cp: cannot create regular file '/dev/shm/linux/./arch/arm/mach-omap2/powerdomains2xxx_3xxx_data.c': File exists
cp: cannot create regular file '/dev/shm/linux/./arch/arm/mach-omap2/powerdomains2xxx_data.c': File exists
cp: cannot create regular file '/dev/shm/linux/./arch/arm/mach-omap2/powerdomains3xxx_data.c': File exists
cp: cannot create regular file '/dev/shm/linux/./arch/arm/mach-omap2/powerdomains44xx_data.c': File exists
cp: cannot create regular file '/dev/shm/linux/./arch/arm/mach-omap2/powerdomains7xx_data.c': File exists
cp: cannot create regular file '/dev/shm/linux/./arch/arm/mach-omap2/prcm43xx.h': File exists
cp: cannot create regular file '/dev/shm/linux/./arch/arm/mach-omap2/prcm44xx.h': File exists
cp: cannot create regular file '/dev/shm/linux/./arch/arm/mach-omap2/prcm_mpu44xx.h': File exists
cp: cannot create regular file '/dev/shm/linux/./arch/arm/mach-omap2/prcm_mpu7xx.h': File exists
cp: cannot create regular file '/dev/shm/linux/./arch/arm/mach-omap2/prm-regbits-34xx.h': File exists
cp: cannot create regular file '/dev/shm/linux/./arch/arm/mach-omap2/prm.h': File exists
cp: cannot create regular file '/dev/shm/linux/./arch/arm/mach-omap2/prm2xxx.h': File exists
cp: cannot create regular file '/dev/shm/linux/./arch/arm/mach-omap2/prm2xxx_3xxx.h': File exists
cp: cannot create regular file '/dev/shm/linux/./arch/arm/mach-omap2/prm33xx.h': File exists
cp: cannot create regular file '/dev/shm/linux/./arch/arm/mach-omap2/prm3xxx.h': File exists
cp: cannot create regular file '/dev/shm/linux/./arch/arm/mach-omap2/prm54xx.h': File exists
cp: cannot create regular file '/dev/shm/linux/./arch/arm/mach-omap2/prm7xx.h': File exists
cp: cannot create regular file '/dev/shm/linux/./arch/arm/mach-omap2/sdrc.c': File exists
cp: cannot create regular file '/dev/shm/linux/./arch/arm/mach-omap2/sdrc.h': File exists
cp: cannot create regular file '/dev/shm/linux/./arch/arm/mach-omap2/sleep24xx.S': File exists
cp: cannot create regular file '/dev/shm/linux/./arch/arm/mach-omap2/sleep44xx.S': File exists
cp: cannot create regular file '/dev/shm/linux/./arch/arm/mach-omap2/soc.h': File exists
cp: cannot create regular file '/dev/shm/linux/./arch/arm/mach-omap2/sram.c': File exists
cp: cannot create regular file '/dev/shm/linux/./arch/arm/mach-omap2/sram242x.S': File exists
cp: cannot create regular file '/dev/shm/linux/./arch/arm/mach-omap2/ti81xx-restart.c': File exists
cp: cannot create regular file '/dev/shm/linux/./arch/arm/mach-omap2/ti81xx.h': File exists
cp: cannot create regular file '/dev/shm/linux/./arch/arm/mach-omap2/usb-tusb6010.c': File exists
cp: cannot create regular file '/dev/shm/linux/./arch/arm/mach-omap2/usb-tusb6010.h': File exists
cp: cannot create regular file '/dev/shm/linux/./arch/arm/mach-omap2/vc.h': File exists
cp: cannot create regular file '/dev/shm/linux/./arch/arm/mach-omap2/vc44xx_data.c': File exists
cp: cannot create regular file '/dev/shm/linux/./arch/arm/mach-omap2/voltage.c': File exists
cp: cannot create regular file '/dev/shm/linux/./arch/arm/mach-omap2/voltage.h': File exists
cp: cannot create regular file '/dev/shm/linux/./arch/arm/mach-omap2/voltagedomains3xxx_data.c': File exists
cp: cannot create regular file '/dev/shm/linux/./arch/arm/mach-omap2/vp.c': File exists
cp: cannot create regular file '/dev/shm/linux/./arch/arm/mach-orion5x/Makefile': File exists
cp: cannot create regular file '/dev/shm/linux/./arch/arm/mach-orion5x/board-d2net.c': File exists
cp: cannot create regular file '/dev/shm/linux/./arch/arm/mach-orion5x/board-dt.c': File exists
cp: cannot create regular file '/dev/shm/linux/./arch/arm/mach-orion5x/board-rd88f5182.c': File exists
cp: cannot create regular file '/dev/shm/linux/./arch/arm/mach-orion5x/common.c': File exists
cp: cannot create regular file '/dev/shm/linux/./arch/arm/mach-orion5x/dns323-setup.c': File exists
cp: cannot create regular file '/dev/shm/linux/./arch/arm/mach-orion5x/kurobox_pro-setup.c': File exists
cp: cannot create regular file '/dev/shm/linux/./arch/arm/mach-orion5x/mpp.h': File exists
cp: cannot create regular file '/dev/shm/linux/./arch/arm/mach-orion5x/net2big-setup.c': File exists
cp: cannot create regular file '/dev/shm/linux/./arch/arm/mach-orion5x/ts209-setup.c': File exists
cp: cannot create regular file '/dev/shm/linux/./arch/arm/mach-orion5x/ts78xx-fpga.h': File exists
cp: cannot create regular file '/dev/shm/linux/./arch/arm/mach-orion5x/tsx09-common.c': File exists
cp: cannot create regular file '/dev/shm/linux/./arch/arm/mach-pxa/Makefile': File exists
cp: cannot create regular file '/dev/shm/linux/./arch/arm/mach-pxa/am200epd.c': File exists
cp: cannot create regular file '/dev/shm/linux/./arch/arm/mach-pxa/devices.c': File exists
cp: cannot create regular file '/dev/shm/linux/./arch/arm/mach-pxa/generic.c': File exists
cp: cannot create regular file '/dev/shm/linux/./arch/arm/mach-pxa/gumstix.c': File exists
cp: cannot create regular file '/dev/shm/linux/./arch/arm/mach-pxa/irq.c': File exists
cp: cannot create regular file '/dev/shm/linux/./arch/arm/mach-pxa/mfp-pxa25x.h': File exists
cp: cannot create regular file '/dev/shm/linux/./arch/arm/mach-pxa/mfp-pxa2xx.c': File exists
cp: cannot create regular file '/dev/shm/linux/./arch/arm/mach-pxa/mfp-pxa2xx.h': File exists
cp: cannot create regular file '/dev/shm/linux/./arch/arm/mach-pxa/mfp-pxa320.h': File exists
cp: cannot create regular file '/dev/shm/linux/./arch/arm/mach-pxa/mfp.h': File exists
cp: cannot create regular file '/dev/shm/linux/./arch/arm/mach-pxa/pm.h': File exists
cp: cannot create regular file '/dev/shm/linux/./arch/arm/mach-pxa/pxa-regs.h': File exists
cp: cannot create regular file '/dev/shm/linux/./arch/arm/mach-pxa/pxa25x.c': File exists
cp: cannot create regular file '/dev/shm/linux/./arch/arm/mach-pxa/pxa27x-udc.h': File exists
cp: cannot create regular file '/dev/shm/linux/./arch/arm/mach-pxa/pxa27x.h': File exists
cp: cannot create regular file '/dev/shm/linux/./arch/arm/mach-pxa/pxa2xx.c': File exists
cp: cannot create regular file '/dev/shm/linux/./arch/arm/mach-pxa/pxa300.c': File exists
cp: cannot create regular file '/dev/shm/linux/./arch/arm/mach-pxa/pxa300.h': File exists
cp: cannot create regular file '/dev/shm/linux/./arch/arm/mach-pxa/pxa320.h': File exists
cp: cannot create regular file '/dev/shm/linux/./arch/arm/mach-pxa/pxa3xx.c': File exists
cp: cannot create regular file '/dev/shm/linux/./arch/arm/mach-pxa/regs-ost.h': File exists
cp: cannot create regular file '/dev/shm/linux/./arch/arm/mach-pxa/regs-rtc.h': File exists
cp: cannot create regular file '/dev/shm/linux/./arch/arm/mach-pxa/reset.h': File exists
cp: cannot create regular file '/dev/shm/linux/./arch/arm/mach-pxa/sharpsl_pm.h': File exists
cp: cannot create regular file '/dev/shm/linux/./arch/arm/mach-pxa/sleep.S': File exists
cp: cannot create regular file '/dev/shm/linux/./arch/arm/mach-pxa/smemc.c': File exists
cp: cannot create regular file '/dev/shm/linux/./arch/arm/mach-pxa/smemc.h': File exists
cp: cannot create regular file '/dev/shm/linux/./arch/arm/mach-pxa/spitz_pm.c': File exists
cp: cannot create regular file '/dev/shm/linux/./arch/arm/mach-pxa/udc.h': File exists
cp: cannot create directory '/dev/shm/linux/./arch/arm/mach-rockchip': File exists
cp: cannot create regular file '/dev/shm/linux/./arch/arm/mach-s3c/fb.h': File exists
cp: cannot create regular file '/dev/shm/linux/./arch/arm/mach-s3c/gpio-cfg-helpers.h': File exists
cp: cannot create regular file '/dev/shm/linux/./arch/arm/mach-s3c/gpio-cfg.h': File exists
cp: cannot create regular file '/dev/shm/linux/./arch/arm/mach-s3c/gpio-samsung-s3c64xx.h': File exists
cp: cannot create regular file '/dev/shm/linux/./arch/arm/mach-s3c/gpio-samsung.c': File exists
cp: cannot create regular file '/dev/shm/linux/./arch/arm/mach-s3c/iic-core.h': File exists
cp: cannot create regular file '/dev/shm/linux/./arch/arm/mach-s3c/irq-pm-s3c64xx.c': File exists
cp: cannot create regular file '/dev/shm/linux/./arch/arm/mach-s3c/irqs-s3c64xx.h': File exists
cp: cannot create regular file '/dev/shm/linux/./arch/arm/mach-s3c/irqs.h': File exists
cp: cannot create regular file '/dev/shm/linux/./arch/arm/mach-s3c/mach-crag6410-module.c': File exists
cp: cannot create regular file '/dev/shm/linux/./arch/arm/mach-s3c/mach-crag6410.c': File exists
cp: cannot create regular file '/dev/shm/linux/./arch/arm/mach-s3c/map-base.h': File exists
cp: cannot create regular file '/dev/shm/linux/./arch/arm/mach-s3c/map-s3c64xx.h': File exists
cp: cannot create regular file '/dev/shm/linux/./arch/arm/mach-s3c/map.h': File exists
cp: cannot create regular file '/dev/shm/linux/./arch/arm/mach-s3c/platformdata.c': File exists
cp: cannot create regular file '/dev/shm/linux/./arch/arm/mach-s3c/pm-common.c': File exists
cp: cannot create regular file '/dev/shm/linux/./arch/arm/mach-s3c/pm-common.h': File exists
cp: cannot create regular file '/dev/shm/linux/./arch/arm/mach-s3c/pm-gpio.c': File exists
cp: cannot create regular file '/dev/shm/linux/./arch/arm/mach-s3c/pm-s3c64xx.c': File exists
cp: cannot create regular file '/dev/shm/linux/./arch/arm/mach-s3c/pm.h': File exists
cp: cannot create regular file '/dev/shm/linux/./arch/arm/mach-s3c/regs-clock.h': File exists
cp: cannot create regular file '/dev/shm/linux/./arch/arm/mach-s3c/regs-gpio-s3c64xx.h': File exists
cp: cannot create regular file '/dev/shm/linux/./arch/arm/mach-s3c/regs-irq-s3c64xx.h': File exists
cp: cannot create regular file '/dev/shm/linux/./arch/arm/mach-s3c/regs-irqtype.h': File exists
cp: cannot create regular file '/dev/shm/linux/./arch/arm/mach-s3c/regs-sys-s3c64xx.h': File exists
cp: cannot create regular file '/dev/shm/linux/./arch/arm/mach-s3c/regs-usb-hsotg-phy-s3c64xx.h': File exists
cp: cannot create regular file '/dev/shm/linux/./arch/arm/mach-s3c/s3c64xx.c': File exists
cp: cannot create regular file '/dev/shm/linux/./arch/arm/mach-s3c/sdhci.h': File exists
cp: cannot create regular file '/dev/shm/linux/./arch/arm/mach-s3c/setup-i2c0-s3c64xx.c': File exists
cp: cannot create regular file '/dev/shm/linux/./arch/arm/mach-s3c/setup-keypad-s3c64xx.c': File exists
cp: cannot create regular file '/dev/shm/linux/./arch/arm/mach-s3c/setup-spi-s3c64xx.c': File exists
cp: cannot create regular file '/dev/shm/linux/./arch/arm/mach-s3c/sleep-s3c64xx.S': File exists
cp: cannot create regular file '/dev/shm/linux/./arch/arm/mach-s3c/wakeup-mask.c': File exists
cp: cannot create regular file '/dev/shm/linux/./arch/arm/mach-sa1100/h3xxx.c': File exists
cp: cannot create regular file '/dev/shm/linux/./arch/arm/mach-shmobile/rcar-gen2.h': File exists
cp: cannot create regular file '/dev/shm/linux/./arch/arm/mach-shmobile/setup-emev2.c': File exists
cp: cannot create regular file '/dev/shm/linux/./arch/arm/mach-shmobile/setup-r7s9210.c': File exists
cp: cannot create regular file '/dev/shm/linux/./arch/arm/mach-shmobile/setup-r8a7740.c': File exists
cp: cannot create regular file '/dev/shm/linux/./arch/arm/mach-shmobile/setup-r8a7779.c': File exists
cp: cannot create regular file '/dev/shm/linux/./arch/arm/mach-shmobile/setup-sh73a0.c': File exists
cp: cannot create regular file '/dev/shm/linux/./arch/arm/mach-shmobile/smp-emev2.c': File exists
cp: cannot create regular file '/dev/shm/linux/./arch/arm/mach-shmobile/smp-sh73a0.c': File exists
cp: cannot create regular file '/dev/shm/linux/./arch/arm/mach-shmobile/timer.c': File exists
cp: cannot create regular file '/dev/shm/linux/./arch/arm/mach-spear/spear.h': File exists
cp: cannot create regular file '/dev/shm/linux/./arch/arm/mach-spear/spear1340.c': File exists
cp: cannot create regular file '/dev/shm/linux/./arch/arm/mach-spear/spear300.c': File exists
cp: cannot create regular file '/dev/shm/linux/./arch/arm/mach-spear/spear320.c': File exists
cp: cannot create regular file '/dev/shm/linux/./arch/arm/mach-spear/spear6xx.c': File exists
cp: cannot create regular file '/dev/shm/linux/./arch/arm/mach-sti/Makefile': File exists
cp: cannot create regular file '/dev/shm/linux/./arch/arm/mach-sti/board-dt.c': File exists
cp: cannot create regular file '/dev/shm/linux/./arch/arm/mach-sti/smp.h': File exists
cp: cannot create regular file '/dev/shm/linux/./arch/arm/mach-sunxi/mc_smp.c': File exists
cp: cannot create regular file '/dev/shm/linux/./arch/arm/mach-tegra/Makefile': File exists
cp: cannot create regular file '/dev/shm/linux/./arch/arm/mach-tegra/common.h': File exists
cp: cannot create regular file '/dev/shm/linux/./arch/arm/mach-tegra/io.c': File exists
cp: cannot create regular file '/dev/shm/linux/./arch/arm/mach-tegra/irammap.h': File exists
cp: cannot create regular file '/dev/shm/linux/./arch/arm/mach-tegra/platsmp.c': File exists
cp: cannot create regular file '/dev/shm/linux/./arch/arm/mach-tegra/pm-tegra30.c': File exists
cp: cannot create regular file '/dev/shm/linux/./arch/arm/mach-tegra/pm.h': File exists
cp: cannot create regular file '/dev/shm/linux/./arch/arm/mach-tegra/reset.c': File exists
cp: cannot create regular file '/dev/shm/linux/./arch/arm/mach-tegra/sleep-tegra20.S': File exists
cp: cannot create regular file '/dev/shm/linux/./arch/arm/mach-tegra/sleep.S': File exists
cp: cannot create regular file '/dev/shm/linux/./arch/arm/mach-tegra/tegra.c': File exists
cp: cannot create regular file '/dev/shm/linux/./arch/arm/mach-versatile/integrator-hardware.h': File exists
cp: cannot create regular file '/dev/shm/linux/./arch/arm/mach-versatile/integrator.h': File exists
cp: cannot create regular file '/dev/shm/linux/./arch/arm/mach-versatile/integrator_cp.c': File exists
cp: cannot create regular file '/dev/shm/linux/./arch/arm/mach-versatile/platsmp-vexpress.c': File exists
cp: cannot create regular file '/dev/shm/linux/./arch/arm/mach-versatile/platsmp.h': File exists
cp: cannot create regular file '/dev/shm/linux/./arch/arm/mach-versatile/spc.c': File exists
cp: cannot create regular file '/dev/shm/linux/./arch/arm/mach-versatile/tc2_pm.c': File exists
cp: cannot create regular file '/dev/shm/linux/./arch/arm/mach-versatile/v2m.c': File exists
cp: cannot create regular file '/dev/shm/linux/./arch/arm/mach-versatile/vexpress.h': File exists
cp: cannot create regular file '/dev/shm/linux/./arch/arm/mach-zynq/common.h': File exists
cp: cannot create regular file '/dev/shm/linux/./arch/arm/mach-zynq/headsmp.S': File exists
cp: cannot create regular file '/dev/shm/linux/./arch/arm/mach-zynq/pm.c': File exists
cp: cannot create regular file '/dev/shm/linux/./arch/arm/mach-zynq/slcr.c': File exists
cp: cannot create directory '/dev/shm/linux/./arch/arm64/boot/dts': File exists
cp: cannot create regular file '/dev/shm/linux/./arch/parisc/kernel/toc_asm.S': File exists
cp: cannot create regular file '/dev/shm/linux/./arch/parisc/kernel/topology.c': File exists
cp: cannot create regular file '/dev/shm/linux/./arch/parisc/kernel/unwind.c': File exists
cp: cannot create regular file '/dev/shm/linux/./arch/parisc/kernel/vdso32/gen_vdso_offsets.sh': File exists
cp: cannot create regular file '/dev/shm/linux/./arch/parisc/kernel/vdso32/restart_syscall.S': File exists
cp: cannot create regular file '/dev/shm/linux/./arch/parisc/kernel/vdso32/vdso32.lds.S': File exists
cp: cannot create regular file '/dev/shm/linux/./arch/parisc/kernel/vdso32/vdso32_wrapper.S': File exists
cp: cannot create regular file '/dev/shm/linux/./arch/parisc/lib/memset.c': File exists
cp: cannot create regular file '/dev/shm/linux/./arch/powerpc/boot/cuboot-ebony.c': File exists
cp: cannot create regular file '/dev/shm/linux/./arch/powerpc/boot/cuboot-katmai.c': File exists
cp: cannot create regular file '/dev/shm/linux/./arch/powerpc/boot/cuboot-pq2.c': File exists
cp: cannot create regular file '/dev/shm/linux/./arch/powerpc/boot/cuboot-rainier.c': File exists
cp: cannot create regular file '/dev/shm/linux/./arch/powerpc/boot/cuboot-sequoia.c': File exists
cp: cannot create regular file '/dev/shm/linux/./arch/powerpc/boot/cuboot-warp.c': File exists
cp: cannot create regular file '/dev/shm/linux/./arch/powerpc/boot/decompress.c': File exists
cp: cannot create regular file '/dev/shm/linux/./arch/powerpc/boot/div64.S': File exists
cp: cannot create regular file '/dev/shm/linux/./arch/powerpc/include/asm/macio.h': File exists
cp: cannot create regular file '/dev/shm/linux/./arch/powerpc/include/asm/mce.h': File exists
cp: cannot create regular file '/dev/shm/linux/./arch/powerpc/include/asm/mem_encrypt.h': File exists
cp: cannot create regular file '/dev/shm/linux/./arch/powerpc/include/asm/mman.h': File exists
cp: cannot create regular file '/dev/shm/linux/./arch/powerpc/include/asm/mmu.h': File exists
cp: cannot create regular file '/dev/shm/linux/./arch/powerpc/include/asm/mmzone.h': File exists
cp: cannot create regular file '/dev/shm/linux/./arch/powerpc/include/asm/module.lds.h': File exists
cp: cannot create regular file '/dev/shm/linux/./arch/powerpc/include/asm/mpc5121.h': File exists
cp: cannot create regular file '/dev/shm/linux/./arch/powerpc/include/asm/mpc52xx_psc.h': File exists
cp: cannot create regular file '/dev/shm/linux/./arch/powerpc/include/asm/mpc6xx.h': File exists
cp: cannot create regular file '/dev/shm/linux/./arch/powerpc/include/asm/mpc85xx.h': File exists
cp: cannot create regular file '/dev/shm/linux/./arch/powerpc/include/asm/mpic_msgr.h': File exists
cp: cannot create regular file '/dev/shm/linux/./arch/powerpc/include/asm/nmi.h': File exists
cp: cannot create regular file '/dev/shm/linux/./arch/powerpc/include/asm/pkeys.h': File exists
cp: cannot create regular file '/dev/shm/linux/./arch/powerpc/include/asm/plpks.h': File exists
cp: cannot create regular file '/dev/shm/linux/./arch/powerpc/include/asm/pmac_low_i2c.h': File exists
cp: cannot create regular file '/dev/shm/linux/./arch/powerpc/include/asm/pmc.h': File exists
cp: cannot create regular file '/dev/shm/linux/./arch/powerpc/include/asm/pnv-pci.h': File exists
cp: cannot create regular file '/dev/shm/linux/./arch/powerpc/include/asm/ppc-opcode.h': File exists
cp: cannot create regular file '/dev/shm/linux/./arch/powerpc/include/asm/ppc4xx.h': File exists
cp: cannot create regular file '/dev/shm/linux/./arch/powerpc/include/asm/preempt.h': File exists
cp: cannot create regular file '/dev/shm/linux/./arch/powerpc/include/asm/probes.h': File exists
cp: cannot create regular file '/dev/shm/linux/./arch/powerpc/include/asm/prom.h': File exists
cp: cannot create regular file '/dev/shm/linux/./arch/powerpc/include/asm/ps3av.h': File exists
cp: cannot create regular file '/dev/shm/linux/./arch/powerpc/include/asm/ps3stor.h': File exists
cp: cannot create regular file '/dev/shm/linux/./arch/powerpc/include/asm/qspinlock.h': File exists
cp: cannot create regular file '/dev/shm/linux/./arch/powerpc/include/asm/reg.h': File exists
cp: cannot create regular file '/dev/shm/linux/./arch/powerpc/include/asm/reg_booke.h': File exists
cp: cannot create regular file '/dev/shm/linux/./arch/powerpc/include/asm/reg_fsl_emb.h': File exists
cp: cannot create regular file '/dev/shm/linux/./arch/powerpc/include/asm/rtas-types.h': File exists
cp: cannot create regular file '/dev/shm/linux/./arch/powerpc/include/asm/rtas-work-area.h': File exists
cp: cannot create regular file '/dev/shm/linux/./arch/powerpc/include/asm/runlatch.h': File exists
cp: cannot create regular file '/dev/shm/linux/./arch/powerpc/include/asm/seccomp.h': File exists
cp: cannot create regular file '/dev/shm/linux/./arch/powerpc/include/asm/secure_boot.h': File exists
cp: cannot create regular file '/dev/shm/linux/./arch/powerpc/include/asm/secvar.h': File exists
cp: cannot create regular file '/dev/shm/linux/./arch/powerpc/include/asm/serial.h': File exists
cp: cannot create regular file '/dev/shm/linux/./arch/powerpc/include/asm/setjmp.h': File exists
cp: cannot create regular file '/dev/shm/linux/./arch/powerpc/include/asm/sfp-machine.h': File exists
cp: cannot create regular file '/dev/shm/linux/./arch/powerpc/include/asm/signal.h': File exists
cp: cannot create regular file '/dev/shm/linux/./arch/powerpc/include/asm/simple_spinlock_types.h': File exists
cp: cannot create regular file '/dev/shm/linux/./arch/powerpc/include/asm/smu.h': File exists
cp: cannot create regular file '/dev/shm/linux/./arch/powerpc/include/asm/spinlock.h': File exists
cp: cannot create regular file '/dev/shm/linux/./arch/powerpc/include/asm/spu.h': File exists
cp: cannot create regular file '/dev/shm/linux/./arch/powerpc/include/asm/spu_info.h': File exists
cp: cannot create regular file '/dev/shm/linux/./arch/powerpc/include/asm/sstep.h': File exists
cp: cannot create regular file '/dev/shm/linux/./arch/powerpc/include/asm/stacktrace.h': File exists
cp: cannot create regular file '/dev/shm/linux/./arch/powerpc/include/asm/string.h': File exists
cp: cannot create regular file '/dev/shm/linux/./arch/powerpc/include/asm/swab.h': File exists
cp: cannot create regular file '/dev/shm/linux/./arch/powerpc/include/asm/swiotlb.h': File exists
cp: cannot create regular file '/dev/shm/linux/./arch/powerpc/include/asm/synch.h': File exists
cp: cannot create regular file '/dev/shm/linux/./arch/powerpc/include/asm/syscalls.h': File exists
cp: cannot create regular file '/dev/shm/linux/./arch/powerpc/include/asm/systemcfg.h': File exists
cp: cannot create regular file '/dev/shm/linux/./arch/powerpc/include/asm/task_size_64.h': File exists
cp: cannot create regular file '/dev/shm/linux/./arch/powerpc/include/asm/text-patching.h': File exists
cp: cannot create regular file '/dev/shm/linux/./arch/powerpc/include/asm/time.h': File exists
cp: cannot create regular file '/dev/shm/linux/./arch/powerpc/include/asm/tlb.h': File exists
cp: cannot create regular file '/dev/shm/linux/./arch/powerpc/include/asm/topology.h': File exists
cp: cannot create regular file '/dev/shm/linux/./arch/powerpc/include/asm/trace_clock.h': File exists
cp: cannot create regular file '/dev/shm/linux/./arch/powerpc/include/asm/tsi108_irq.h': File exists
cp: cannot create regular file '/dev/shm/linux/./arch/powerpc/include/asm/uaccess.h': File exists
cp: cannot create regular file '/dev/shm/linux/./arch/powerpc/include/asm/uic.h': File exists
cp: cannot create regular file '/dev/shm/linux/./arch/powerpc/include/asm/ultravisor.h': File exists
cp: cannot create regular file '/dev/shm/linux/./arch/powerpc/include/asm/unistd.h': File exists
cp: cannot create regular file '/dev/shm/linux/./arch/powerpc/include/asm/user.h': File exists
cp: cannot create regular file '/dev/shm/linux/./arch/powerpc/include/asm/vas.h': File exists
cp: cannot create regular file '/dev/shm/linux/./arch/powerpc/include/asm/vdso/clocksource.h': File exists
cp: cannot create regular file '/dev/shm/linux/./arch/powerpc/include/asm/vdso/gettimeofday.h': File exists
cp: cannot create regular file '/dev/shm/linux/./arch/powerpc/include/asm/vdso/timebase.h': File exists
cp: cannot create regular file '/dev/shm/linux/./arch/powerpc/include/asm/vdso_datapage.h': File exists
cp: cannot create regular file '/dev/shm/linux/./arch/powerpc/include/asm/vga.h': File exists
cp: cannot create regular file '/dev/shm/linux/./arch/powerpc/include/asm/video.h': File exists
cp: cannot create regular file '/dev/shm/linux/./arch/powerpc/include/asm/vmalloc.h': File exists
cp: cannot create regular file '/dev/shm/linux/./arch/powerpc/include/asm/vphn.h': File exists
cp: cannot create regular file '/dev/shm/linux/./arch/powerpc/include/asm/xics.h': File exists
cp: cannot create regular file '/dev/shm/linux/./arch/powerpc/include/asm/xive.h': File exists
cp: cannot create regular file '/dev/shm/linux/./arch/powerpc/kernel/head_44x.S': File exists
cp: cannot create regular file '/dev/shm/linux/./arch/powerpc/kernel/idle.c': File exists
cp: cannot create regular file '/dev/shm/linux/./arch/powerpc/kernel/idle_6xx.S': File exists
cp: cannot create regular file '/dev/shm/linux/./arch/powerpc/kernel/idle_book3s.S': File exists
cp: cannot create regular file '/dev/shm/linux/./arch/powerpc/kernel/interrupt.c': File exists
cp: cannot create regular file '/dev/shm/linux/./arch/powerpc/kernel/io.c': File exists
cp: cannot create regular file '/dev/shm/linux/./arch/powerpc/kernel/iomap.c': File exists
cp: cannot create regular file '/dev/shm/linux/./arch/powerpc/kernel/jump_label.c': File exists
cp: cannot create regular file '/dev/shm/linux/./arch/powerpc/kernel/kgdb.c': File exists
cp: cannot create regular file '/dev/shm/linux/./arch/powerpc/kernel/kprobes.c': File exists
cp: cannot create regular file '/dev/shm/linux/./arch/powerpc/kernel/kvm_emul.S': File exists
cp: cannot create regular file '/dev/shm/linux/./arch/powerpc/kernel/legacy_serial.c': File exists
cp: cannot create regular file '/dev/shm/linux/./arch/powerpc/kernel/mce_power.c': File exists
cp: cannot create regular file '/dev/shm/linux/./arch/powerpc/kernel/misc_32.S': File exists
cp: cannot create regular file '/dev/shm/linux/./arch/powerpc/kernel/module.c': File exists
cp: cannot create regular file '/dev/shm/linux/./arch/powerpc/kernel/module_64.c': File exists
cp: cannot create regular file '/dev/shm/linux/./arch/powerpc/kernel/note.S': File exists
cp: cannot create regular file '/dev/shm/linux/./arch/powerpc/kernel/optprobes.c': File exists
cp: cannot create regular file '/dev/shm/linux/./arch/powerpc/kernel/paca.c': File exists
cp: cannot create regular file '/dev/shm/linux/./arch/powerpc/kernel/pci-hotplug.c': File exists
cp: cannot create regular file '/dev/shm/linux/./arch/powerpc/kernel/pci_32.c': File exists
cp: cannot create regular file '/dev/shm/linux/./arch/powerpc/kernel/pci_dn.c': File exists
cp: cannot create regular file '/dev/shm/linux/./arch/powerpc/kernel/pmc.c': File exists
cp: cannot create regular file '/dev/shm/linux/./arch/powerpc/kernel/proc_powerpc.c': File exists
cp: cannot create regular file '/dev/shm/linux/./arch/powerpc/kernel/prom.c': File exists
cp: cannot create regular file '/dev/shm/linux/./arch/powerpc/kernel/prom_init.c': File exists
cp: cannot create regular file '/dev/shm/linux/./arch/powerpc/kernel/prom_parse.c': File exists
cp: cannot create regular file '/dev/shm/linux/./arch/powerpc/kernel/secvar-sysfs.c': File exists
cp: cannot create regular file '/dev/shm/linux/./arch/powerpc/kernel/setup-common.c': File exists
cp: cannot create regular file '/dev/shm/linux/./arch/powerpc/kernel/setup_64.c': File exists
cp: cannot create regular file '/dev/shm/linux/./arch/powerpc/kernel/signal_32.c': File exists
cp: cannot create regular file '/dev/shm/linux/./arch/powerpc/kernel/static_call.c': File exists
cp: cannot create regular file '/dev/shm/linux/./arch/powerpc/kernel/switch.S': File exists
cp: cannot create regular file '/dev/shm/linux/./arch/powerpc/kernel/swsusp_32.S': File exists
cp: cannot create regular file '/dev/shm/linux/./arch/powerpc/kernel/swsusp_85xx.S': File exists
cp: cannot create regular file '/dev/shm/linux/./arch/powerpc/kernel/sys_ppc32.c': File exists
cp: cannot create regular file '/dev/shm/linux/./arch/powerpc/kernel/syscalls.c': File exists
cp: cannot create regular file '/dev/shm/linux/./arch/powerpc/kernel/tm.S': File exists
cp: cannot create regular file '/dev/shm/linux/./arch/powerpc/kernel/vdso/.gitignore': File exists
cp: cannot create regular file '/dev/shm/linux/./arch/powerpc/kernel/vdso/cacheflush.S': File exists
cp: cannot create regular file '/dev/shm/linux/./arch/powerpc/kernel/vdso/gen_vdso64_offsets.sh': File exists
cp: cannot create regular file '/dev/shm/linux/./arch/powerpc/kernel/vdso/getrandom.S': File exists
cp: cannot create regular file '/dev/shm/linux/./arch/powerpc/kernel/vdso/note.S': File exists
cp: cannot create regular file '/dev/shm/linux/./arch/powerpc/kernel/vdso/sigtramp64.S': File exists
cp: cannot create regular file '/dev/shm/linux/./arch/powerpc/kernel/vdso/vdso64.lds.S': File exists
cp: cannot create regular file '/dev/shm/linux/./arch/powerpc/kernel/vdso/vgetrandom.c': File exists
cp: cannot create regular file '/dev/shm/linux/./arch/powerpc/kernel/vdso32_wrapper.S': File exists
cp: cannot create regular file '/dev/shm/linux/./arch/powerpc/kernel/vecemu.c': File exists
cp: cannot create regular file '/dev/shm/linux/./arch/powerpc/kernel/vmlinux.lds.S': File exists
cp: cannot create regular file '/dev/shm/linux/./arch/powerpc/kexec/core.c': File exists
cp: cannot create regular file '/dev/shm/linux/./arch/powerpc/kexec/core_64.c': File exists
cp: cannot create regular file '/dev/shm/linux/./arch/powerpc/kexec/file_load_64.c': File exists
cp: cannot create regular file '/dev/shm/linux/./arch/powerpc/kexec/relocate_32.S': File exists
cp: cannot create regular file '/dev/shm/linux/./arch/powerpc/kvm/Makefile': File exists
cp: cannot create regular file '/dev/shm/linux/./arch/powerpc/kvm/book3s.h': File exists
cp: cannot create regular file '/dev/shm/linux/./arch/powerpc/kvm/book3s_32_mmu_host.c': File exists
cp: cannot create regular file '/dev/shm/linux/./arch/powerpc/kvm/book3s_64_entry.S': File exists
cp: cannot create regular file '/dev/shm/linux/./arch/powerpc/kvm/book3s_64_mmu_host.c': File exists
cp: cannot create regular file '/dev/shm/linux/./arch/powerpc/kvm/book3s_64_mmu_radix.c': File exists
cp: cannot create regular file '/dev/shm/linux/./arch/powerpc/kvm/book3s_64_vio.c': File exists
cp: cannot create regular file '/dev/shm/linux/./arch/powerpc/kvm/book3s_exports.c': File exists
cp: cannot create regular file '/dev/shm/linux/./arch/powerpc/kvm/book3s_hv.c': File exists
cp: cannot create regular file '/dev/shm/linux/./arch/powerpc/kvm/book3s_hv_hmi.c': File exists
cp: cannot create regular file '/dev/shm/linux/./arch/powerpc/kvm/book3s_hv_nested.c': File exists
cp: cannot create regular file '/dev/shm/linux/./arch/powerpc/kvm/book3s_hv_ras.c': File exists
cp: cannot create regular file '/dev/shm/linux/./arch/powerpc/kvm/book3s_hv_rm_xics.c': File exists
cp: cannot create regular file '/dev/shm/linux/./arch/powerpc/kvm/book3s_hv_uvmem.c': File exists
cp: cannot create regular file '/dev/shm/linux/./arch/powerpc/kvm/book3s_mmu_hpte.c': File exists
cp: cannot create regular file '/dev/shm/linux/./arch/powerpc/kvm/book3s_pr.c': File exists
cp: cannot create regular file '/dev/shm/linux/./arch/powerpc/kvm/book3s_segment.S': File exists
cp: cannot create regular file '/dev/shm/linux/./arch/powerpc/kvm/book3s_xics.h': File exists
cp: cannot create regular file '/dev/shm/linux/./arch/powerpc/kvm/book3s_xive.c': File exists
cp: cannot create regular file '/dev/shm/linux/./arch/powerpc/kvm/book3s_xive_native.c': File exists
cp: cannot create regular file '/dev/shm/linux/./arch/powerpc/kvm/booke_interrupts.S': File exists
cp: cannot create regular file '/dev/shm/linux/./arch/powerpc/kvm/e500.c': File exists
cp: cannot create regular file '/dev/shm/linux/./arch/powerpc/kvm/e500.h': File exists
cp: cannot create regular file '/dev/shm/linux/./arch/powerpc/kvm/e500mc.c': File exists
cp: cannot create regular file '/dev/shm/linux/./arch/powerpc/kvm/emulate_loadstore.c': File exists
cp: cannot create regular file '/dev/shm/linux/./arch/powerpc/kvm/mpic.c': File exists
cp: cannot create regular file '/dev/shm/linux/./arch/powerpc/kvm/test-guest-state-buffer.c': File exists
cp: cannot create regular file '/dev/shm/linux/./arch/powerpc/kvm/timing.h': File exists
cp: cannot create regular file '/dev/shm/linux/./arch/powerpc/kvm/trace.h': File exists
cp: cannot create regular file '/dev/shm/linux/./arch/powerpc/kvm/trace_booke.h': File exists
cp: cannot create regular file '/dev/shm/linux/./arch/powerpc/kvm/trace_pr.h': File exists
cp: cannot create regular file '/dev/shm/linux/./arch/powerpc/math-emu/mtfsb1.c': File exists
cp: cannot create regular file '/dev/shm/linux/./arch/powerpc/math-emu/stfd.c': File exists
cp: cannot create regular file '/dev/shm/linux/./arch/powerpc/math-emu/stfiwx.c': File exists
cp: cannot create regular file '/dev/shm/linux/./arch/powerpc/math-emu/udivmodti4.c': File exists
cp: cannot create regular file '/dev/shm/linux/./arch/powerpc/platforms/512x/mpc5121_ads.c': File exists
cp: cannot create regular file '/dev/shm/linux/./arch/powerpc/platforms/512x/mpc5121_ads.h': File exists
cp: cannot create regular file '/dev/shm/linux/./arch/powerpc/platforms/512x/mpc512x.h': File exists
cp: cannot create regular file '/dev/shm/linux/./arch/powerpc/platforms/512x/mpc512x_lpbfifo.c': File exists
cp: cannot create regular file '/dev/shm/linux/./arch/powerpc/platforms/512x/pdm360ng.c': File exists
cp: cannot create regular file '/dev/shm/linux/./arch/powerpc/platforms/83xx/mpc832x_rdb.c': File exists
cp: cannot create regular file '/dev/shm/linux/./arch/powerpc/platforms/83xx/mpc836x_rdk.c': File exists
cp: cannot create regular file '/dev/shm/linux/./arch/powerpc/platforms/83xx/suspend.c': File exists
cp: cannot create regular file '/dev/shm/linux/./arch/powerpc/platforms/cell/spu_syscalls.c': File exists
cp: cannot create regular file '/dev/shm/linux/./arch/powerpc/platforms/embedded6xx/wii.c': File exists
cp: cannot create regular file '/dev/shm/linux/./arch/powerpc/platforms/microwatt/Makefile': File exists
cp: cannot create regular file '/dev/shm/linux/./arch/powerpc/platforms/microwatt/rng.c': File exists
cp: cannot create regular file '/dev/shm/linux/./arch/powerpc/platforms/microwatt/smp.c': File exists
cp: cannot create regular file '/dev/shm/linux/./arch/powerpc/platforms/powermac/pic.c': File exists
cp: cannot create regular file '/dev/shm/linux/./arch/powerpc/platforms/powermac/setup.c': File exists
cp: cannot create regular file '/dev/shm/linux/./arch/powerpc/platforms/powermac/smp.c': File exists
cp: cannot create regular file '/dev/shm/linux/./arch/powerpc/platforms/powermac/udbg_adb.c': File exists
cp: cannot create regular file '/dev/shm/linux/./arch/powerpc/platforms/pseries/papr_platform_attributes.c': File exists
cp: cannot create regular file '/dev/shm/linux/./arch/powerpc/platforms/pseries/pci.c': File exists
cp: cannot create regular file '/dev/shm/linux/./arch/powerpc/platforms/pseries/plpks-sysfs.c': File exists
cp: cannot create regular file '/dev/shm/linux/./arch/powerpc/platforms/pseries/plpks.c': File exists
cp: cannot create regular file '/dev/shm/linux/./arch/powerpc/platforms/pseries/pmem.c': File exists
cp: cannot create regular file '/dev/shm/linux/./arch/powerpc/platforms/pseries/pseries.h': File exists
cp: cannot create regular file '/dev/shm/linux/./arch/powerpc/platforms/pseries/reconfig.c': File exists
cp: cannot create regular file '/dev/shm/linux/./arch/powerpc/platforms/pseries/rng.c': File exists
cp: cannot create regular file '/dev/shm/linux/./arch/powerpc/platforms/pseries/rtas-fadump.c': File exists
cp: cannot create regular file '/dev/shm/linux/./arch/powerpc/platforms/pseries/rtas-work-area.c': File exists
cp: cannot create regular file '/dev/shm/linux/./arch/powerpc/platforms/pseries/setup.c': File exists
cp: cannot create regular file '/dev/shm/linux/./arch/powerpc/platforms/pseries/svm.c': File exists
cp: cannot create regular file '/dev/shm/linux/./arch/powerpc/platforms/pseries/vas.c': File exists
cp: cannot create regular file '/dev/shm/linux/./arch/powerpc/platforms/pseries/vio.c': File exists
cp: cannot create regular file '/dev/shm/linux/./arch/powerpc/purgatory/kexec-purgatory.S': File exists
cp: cannot create regular file '/dev/shm/linux/./arch/powerpc/purgatory/trampoline_64.S': File exists
cp: cannot create regular file '/dev/shm/linux/./arch/riscv/boot/dts/canaan/sipeed_maix_dock.dts': File exists
cp: cannot create regular file '/dev/shm/linux/./arch/riscv/boot/dts/canaan/sipeed_maixduino.dts': File exists
cp: cannot create regular file '/dev/shm/linux/./arch/riscv/boot/dts/microchip/mpfs-disco-kit.dts': File exists
cp: cannot create regular file '/dev/shm/linux/./arch/riscv/boot/dts/microchip/mpfs-icicle-kit-common.dtsi': File exists
cp: cannot create regular file '/dev/shm/linux/./arch/riscv/boot/dts/microchip/mpfs-icicle-kit-prod.dts': File exists
cp: cannot create regular file '/dev/shm/linux/./arch/riscv/boot/dts/microchip/mpfs-m100pfs-fabric.dtsi': File exists
cp: cannot create regular file '/dev/shm/linux/./arch/riscv/boot/dts/microchip/mpfs-pinctrl.dtsi': File exists
cp: cannot create regular file '/dev/shm/linux/./arch/riscv/boot/dts/microchip/mpfs-polarberry.dts': File exists
cp: cannot create regular file '/dev/shm/linux/./arch/riscv/boot/dts/microchip/mpfs-sev-kit-fabric.dtsi': File exists
cp: cannot create regular file '/dev/shm/linux/./arch/riscv/boot/dts/microchip/mpfs-tysom-m-fabric.dtsi': File exists
cp: cannot create regular file '/dev/shm/linux/./arch/riscv/boot/dts/microchip/mpfs.dtsi': File exists
cp: cannot create regular file '/dev/shm/linux/./arch/riscv/boot/dts/microchip/pic64gx.dtsi': File exists
cp: cannot create regular file '/dev/shm/linux/./arch/riscv/boot/dts/sifive/hifive-unmatched-a00.dts': File exists
cp: cannot create regular file '/dev/shm/linux/./arch/riscv/boot/dts/starfive/jh7110-milkv-marscm-emmc.dts': File exists
cp: cannot create regular file '/dev/shm/linux/./arch/riscv/boot/dts/starfive/jh7110-milkv-marscm.dtsi': File exists
cp: cannot create regular file '/dev/shm/linux/./arch/riscv/boot/dts/starfive/jh7110-pinfunc.h': File exists
cp: cannot create regular file '/dev/shm/linux/./arch/riscv/boot/dts/starfive/jh7110-starfive-visionfive-2-lite.dts': File exists
cp: cannot create regular file '/dev/shm/linux/./arch/riscv/boot/dts/starfive/jh7110-starfive-visionfive-2-v1.2a.dts': File exists
cp: cannot create regular file '/dev/shm/linux/./arch/riscv/boot/dts/starfive/jh7110-starfive-visionfive-2.dtsi': File exists
cp: cannot create regular file '/dev/shm/linux/./arch/riscv/boot/dts/tenstorrent/blackhole.dtsi': File exists
cp: cannot create regular file '/dev/shm/linux/./arch/riscv/configs/defconfig': File exists
cp: cannot create regular file '/dev/shm/linux/./arch/riscv/configs/nommu_k210_defconfig': File exists
cp: cannot create regular file '/dev/shm/linux/./arch/riscv/configs/nommu_virt_defconfig': File exists
cp: cannot create regular file '/dev/shm/linux/./arch/riscv/errata/thead/errata.c': File exists
cp: cannot create regular file '/dev/shm/linux/./arch/riscv/kvm/vmid.c': File exists
cp: cannot create regular file '/dev/shm/linux/./arch/riscv/net/bpf_jit.h': File exists
cp: cannot create regular file '/dev/shm/linux/./arch/riscv/net/bpf_jit_comp64.c': File exists
cp: cannot create regular file '/dev/shm/linux/./arch/s390/Makefile': File exists
cp: cannot create regular file '/dev/shm/linux/./arch/s390/Makefile.postlink': File exists
cp: cannot create regular file '/dev/shm/linux/./arch/s390/boot/cmdline.c': File exists
cp: cannot create regular file '/dev/shm/linux/./arch/s390/boot/decompressor.c': File exists
cp: cannot create regular file '/dev/shm/linux/./arch/s390/boot/head.S': File exists
cp: cannot create regular file '/dev/shm/linux/./arch/s390/boot/head_kdump.S': File exists
cp: cannot create regular file '/dev/shm/linux/./arch/s390/boot/install.sh': File exists
cp: cannot create regular file '/dev/shm/linux/./arch/s390/boot/ipl_parm.c': File exists
cp: cannot create regular file '/dev/shm/linux/./arch/s390/boot/ipl_vmparm.c': File exists
cp: cannot create regular file '/dev/shm/linux/./arch/s390/boot/kaslr.c': File exists
cp: cannot create regular file '/dev/shm/linux/./arch/s390/boot/machine_kexec_reloc.c': File exists
cp: cannot create regular file '/dev/shm/linux/./arch/s390/boot/pgm_check.c': File exists
cp: cannot create regular file '/dev/shm/linux/./arch/s390/boot/printk.c': File exists
cp: cannot create regular file '/dev/shm/linux/./arch/s390/boot/stackprotector.c': File exists
cp: cannot create regular file '/dev/shm/linux/./arch/s390/boot/string.c': File exists
cp: cannot create regular file '/dev/shm/linux/./arch/s390/boot/uv.c': File exists
cp: cannot create regular file '/dev/shm/linux/./arch/s390/boot/version.c': File exists
cp: cannot create regular file '/dev/shm/linux/./arch/s390/boot/vmlinux.lds.S': File exists
cp: cannot create regular file '/dev/shm/linux/./arch/s390/crypto/phmac_s390.c': File exists
cp: cannot create regular file '/dev/shm/linux/./arch/s390/hypfs/hypfs.h': File exists
cp: cannot create regular file '/dev/shm/linux/./arch/s390/hypfs/hypfs_diag.h': File exists
cp: cannot create regular file '/dev/shm/linux/./arch/s390/hypfs/hypfs_sprp.c': File exists
cp: cannot create regular file '/dev/shm/linux/./arch/s390/hypfs/hypfs_vm.h': File exists
cp: cannot create regular file '/dev/shm/linux/./arch/s390/include/asm/abs_lowcore.h': File exists
cp: cannot create regular file '/dev/shm/linux/./arch/s390/include/asm/airq.h': File exists
cp: cannot create regular file '/dev/shm/linux/./arch/s390/include/asm/ap.h': File exists
cp: cannot create regular file '/dev/shm/linux/./arch/s390/include/asm/arch-stackprotector.h': File exists
cp: cannot create regular file '/dev/shm/linux/./arch/s390/include/asm/archrandom.h': File exists
cp: cannot create regular file '/dev/shm/linux/./arch/s390/include/asm/asm-extable.h': File exists
cp: cannot create regular file '/dev/shm/linux/./arch/s390/include/asm/atomic_ops.h': File exists
cp: cannot create regular file '/dev/shm/linux/./arch/s390/include/asm/bitops.h': File exists
cp: cannot create regular file '/dev/shm/linux/./arch/s390/include/asm/bug.h': File exists
cp: cannot create regular file '/dev/shm/linux/./arch/s390/include/asm/ccwgroup.h': File exists
cp: cannot create regular file '/dev/shm/linux/./arch/s390/include/asm/chpid.h': File exists
cp: cannot create regular file '/dev/shm/linux/./arch/s390/include/asm/cio.h': File exists
cp: cannot create regular file '/dev/shm/linux/./arch/s390/include/asm/clp.h': File exists
cp: cannot create regular file '/dev/shm/linux/./arch/s390/include/asm/cpacf.h': File exists
cp: cannot create regular file '/dev/shm/linux/./arch/s390/include/asm/cpu.h': File exists
cp: cannot create regular file '/dev/shm/linux/./arch/s390/include/asm/cpu_mf.h': File exists
cp: cannot create regular file '/dev/shm/linux/./arch/s390/include/asm/cputime.h': File exists
cp: cannot create regular file '/dev/shm/linux/./arch/s390/include/asm/css_chars.h': File exists
cp: cannot create regular file '/dev/shm/linux/./arch/s390/include/asm/current.h': File exists
cp: cannot create regular file '/dev/shm/linux/./arch/s390/include/asm/debug.h': File exists
cp: cannot create regular file '/dev/shm/linux/./arch/s390/include/asm/delay.h': File exists
cp: cannot create regular file '/dev/shm/linux/./arch/s390/include/asm/diag288.h': File exists
cp: cannot create regular file '/dev/shm/linux/./arch/s390/include/asm/dis.h': File exists
cp: cannot create regular file '/dev/shm/linux/./arch/s390/include/asm/dma.h': File exists
cp: cannot create regular file '/dev/shm/linux/./arch/s390/include/asm/eadm.h': File exists
cp: cannot create regular file '/dev/shm/linux/./arch/s390/include/asm/elf.h': File exists
cp: cannot create regular file '/dev/shm/linux/./arch/s390/include/asm/exec.h': File exists
cp: cannot create regular file '/dev/shm/linux/./arch/s390/include/asm/extmem.h': File exists
cp: cannot create regular file '/dev/shm/linux/./arch/s390/include/asm/fprobe.h': File exists
cp: cannot create regular file '/dev/shm/linux/./arch/s390/include/asm/fpu-insn.h': File exists
cp: cannot create regular file '/dev/shm/linux/./arch/s390/include/asm/fpu-types.h': File exists
cp: cannot create regular file '/dev/shm/linux/./arch/s390/include/asm/ftrace.h': File exists
cp: cannot create regular file '/dev/shm/linux/./arch/s390/include/asm/futex.h': File exists
cp: cannot create regular file '/dev/shm/linux/./arch/s390/include/asm/hardirq.h': File exists
cp: cannot create regular file '/dev/shm/linux/./arch/s390/include/asm/hugetlb.h': File exists
cp: cannot create regular file '/dev/shm/linux/./arch/s390/include/asm/hw_irq.h': File exists
cp: cannot create regular file '/dev/shm/linux/./arch/s390/include/asm/idle.h': File exists
cp: cannot create regular file '/dev/shm/linux/./arch/s390/include/asm/ipl.h': File exists
cp: cannot create regular file '/dev/shm/linux/./arch/s390/include/asm/irq_work.h': File exists
cp: cannot create regular file '/dev/shm/linux/./arch/s390/include/asm/irqflags.h': File exists
cp: cannot create regular file '/dev/shm/linux/./arch/s390/include/asm/itcw.h': File exists
cp: cannot create regular file '/dev/shm/linux/./arch/s390/include/asm/kasan.h': File exists
cp: cannot create regular file '/dev/shm/linux/./arch/s390/include/asm/kexec.h': File exists
cp: cannot create regular file '/dev/shm/linux/./arch/s390/include/asm/kmsan.h': File exists
cp: cannot create regular file '/dev/shm/linux/./arch/s390/include/asm/kvm_host.h': File exists
cp: cannot create regular file '/dev/shm/linux/./arch/s390/include/asm/kvm_para.h': File exists
cp: cannot create regular file '/dev/shm/linux/./arch/s390/include/asm/maccess.h': File exists
cp: cannot create regular file '/dev/shm/linux/./arch/s390/include/asm/machine.h': File exists
cp: cannot create regular file '/dev/shm/linux/./arch/s390/include/asm/mem_encrypt.h': File exists
cp: cannot create regular file '/dev/shm/linux/./arch/s390/include/asm/mmu_context.h': File exists
cp: cannot create regular file '/dev/shm/linux/./arch/s390/include/asm/msi.h': File exists
cp: cannot create regular file '/dev/shm/linux/./arch/s390/include/asm/numa.h': File exists
cp: cannot create regular file '/dev/shm/linux/./arch/s390/include/asm/page-states.h': File exists
cp: cannot create regular file '/dev/shm/linux/./arch/s390/include/asm/page.h': File exists
cp: cannot create regular file '/dev/shm/linux/./arch/s390/include/asm/pci.h': File exists
cp: cannot create regular file '/dev/shm/linux/./arch/s390/include/asm/pci_debug.h': File exists
cp: cannot create regular file '/dev/shm/linux/./arch/s390/include/asm/pci_insn.h': File exists
cp: cannot create regular file '/dev/shm/linux/./arch/s390/include/asm/percpu.h': File exists
cp: cannot create regular file '/dev/shm/linux/./arch/s390/include/asm/pfault.h': File exists
cp: cannot create regular file '/dev/shm/linux/./arch/s390/include/asm/pgtable.h': File exists
cp: cannot create regular file '/dev/shm/linux/./arch/s390/include/asm/pkey.h': File exists
cp: cannot create regular file '/dev/shm/linux/./arch/s390/include/asm/processor.h': File exists
cp: cannot create regular file '/dev/shm/linux/./arch/s390/include/asm/purgatory.h': File exists
cp: cannot create regular file '/dev/shm/linux/./arch/s390/include/asm/runtime-const.h': File exists
cp: cannot create regular file '/dev/shm/linux/./arch/s390/include/asm/rwonce.h': File exists
cp: cannot create regular file '/dev/shm/linux/./arch/s390/include/asm/sclp.h': File exists
cp: cannot create regular file '/dev/shm/linux/./arch/s390/include/asm/seccomp.h': File exists
cp: cannot create regular file '/dev/shm/linux/./arch/s390/include/asm/setup.h': File exists
cp: cannot create regular file '/dev/shm/linux/./arch/s390/include/asm/signal.h': File exists
cp: cannot create regular file '/dev/shm/linux/./arch/s390/include/asm/sigp.h': File exists
cp: cannot create regular file '/dev/shm/linux/./arch/s390/include/asm/smp.h': File exists
cp: cannot create regular file '/dev/shm/linux/./arch/s390/include/asm/sparsemem.h': File exists
cp: cannot create regular file '/dev/shm/linux/./arch/s390/include/asm/spinlock_types.h': File exists
cp: cannot create regular file '/dev/shm/linux/./arch/s390/include/asm/stacktrace.h': File exists
cp: cannot create regular file '/dev/shm/linux/./arch/s390/include/asm/string.h': File exists
cp: cannot create regular file '/dev/shm/linux/./arch/s390/include/asm/sysinfo.h': File exists
cp: cannot create regular file '/dev/shm/linux/./arch/s390/include/asm/timex.h': File exists
cp: cannot create regular file '/dev/shm/linux/./arch/s390/include/asm/tlbflush.h': File exists
cp: cannot create regular file '/dev/shm/linux/./arch/s390/include/asm/topology.h': File exists
cp: cannot create regular file '/dev/shm/linux/./arch/s390/include/asm/trace/diag.h': File exists
cp: cannot create regular file '/dev/shm/linux/./arch/s390/include/asm/trace/zcrypt.h': File exists
cp: cannot create regular file '/dev/shm/linux/./arch/s390/include/asm/uaccess.h': File exists
cp: cannot create regular file '/dev/shm/linux/./arch/s390/include/asm/unwind.h': File exists
cp: cannot create regular file '/dev/shm/linux/./arch/s390/include/asm/uv.h': File exists
cp: cannot create regular file '/dev/shm/linux/./arch/s390/include/asm/vdso.h': File exists
cp: cannot create directory '/dev/shm/linux/./arch/s390/include/asm/vdso': File exists
cp: cannot create regular file '/dev/shm/linux/./arch/s390/kernel/kprobes.c': File exists
cp: cannot create regular file '/dev/shm/linux/./arch/s390/kernel/machine_kexec.c': File exists
cp: cannot create regular file '/dev/shm/linux/./arch/s390/kernel/machine_kexec_reloc.c': File exists
cp: cannot create regular file '/dev/shm/linux/./arch/s390/kernel/module.c': File exists
cp: cannot create regular file '/dev/shm/linux/./arch/s390/kernel/nospec-sysfs.c': File exists
cp: cannot create regular file '/dev/shm/linux/./arch/s390/kernel/numa.c': File exists
cp: cannot create regular file '/dev/shm/linux/./arch/s390/kernel/perf_cpum_cf.c': File exists
cp: cannot create regular file '/dev/shm/linux/./arch/s390/kernel/perf_pai.c': File exists
cp: cannot create regular file '/dev/shm/linux/./arch/s390/kernel/processor.c': File exists
cp: cannot create regular file '/dev/shm/linux/./arch/s390/kernel/reipl.S': File exists
cp: cannot create regular file '/dev/shm/linux/./arch/s390/kernel/rethook.c': File exists
cp: cannot create regular file '/dev/shm/linux/./arch/s390/kernel/runtime_instr.c': File exists
cp: cannot create regular file '/dev/shm/linux/./arch/s390/kernel/signal.c': File exists
cp: cannot create regular file '/dev/shm/linux/./arch/s390/kernel/smp.c': File exists
cp: cannot create regular file '/dev/shm/linux/./arch/s390/kernel/stacktrace.c': File exists
cp: cannot create regular file '/dev/shm/linux/./arch/s390/kernel/syscall.c': File exists
cp: cannot create directory '/dev/shm/linux/./arch/s390/kernel/syscalls': File exists
cp: cannot create regular file '/dev/shm/linux/./arch/s390/kernel/trace.c': File exists
cp: cannot create regular file '/dev/shm/linux/./arch/s390/kernel/traps.c': File exists
cp: cannot create regular file '/dev/shm/linux/./arch/s390/kernel/uprobes.c': File exists
cp: cannot create regular file '/dev/shm/linux/./arch/s390/kernel/vdso.c': File exists
cp: cannot create regular file '/dev/shm/linux/./arch/s390/kvm/gaccess.c': File exists
cp: cannot create regular file '/dev/shm/linux/./arch/s390/kvm/gmap.c': File exists
cp: cannot create regular file '/dev/shm/linux/./arch/s390/kvm/guestdbg.c': File exists
cp: cannot create regular file '/dev/shm/linux/./arch/s390/kvm/pv.c': File exists
cp: cannot create regular file '/dev/shm/linux/./arch/s390/kvm/trace-s390.h': File exists
cp: cannot create regular file '/dev/shm/linux/./arch/s390/kvm/vsie.c': File exists
cp: cannot create regular file '/dev/shm/linux/./arch/s390/pci/pci_debug.c': File exists
cp: cannot create regular file '/dev/shm/linux/./arch/s390/pci/pci_fixup.c': File exists
cp: cannot create regular file '/dev/shm/linux/./arch/s390/pci/pci_iov.c': File exists
cp: cannot create regular file '/dev/shm/linux/./arch/s390/pci/pci_iov.h': File exists
cp: cannot create regular file '/dev/shm/linux/./arch/s390/pci/pci_irq.c': File exists
cp: cannot create regular file '/dev/shm/linux/./arch/s390/pci/pci_kvm_hook.c': File exists
cp: cannot create regular file '/dev/shm/linux/./arch/s390/pci/pci_report.c': File exists
cp: cannot create regular file '/dev/shm/linux/./arch/s390/pci/pci_sysfs.c': File exists
cp: cannot create regular file '/dev/shm/linux/./arch/um/kernel/tlb.c': File exists
cp: cannot create regular file '/dev/shm/linux/./arch/um/kernel/um_arch.c': File exists
cp: cannot create regular file '/dev/shm/linux/./arch/um/kernel/umid.c': File exists
cp: cannot create regular file '/dev/shm/linux/./arch/um/kernel/vmlinux.lds.S': File exists
cp: cannot create regular file '/dev/shm/linux/./arch/x86/boot/compressed/cpuflags.c': File exists
cp: cannot create regular file '/dev/shm/linux/./arch/x86/boot/compressed/efi.c': File exists
cp: cannot create regular file '/dev/shm/linux/./arch/x86/boot/compressed/error.c': File exists
cp: cannot create regular file '/dev/shm/linux/./arch/x86/boot/compressed/head_32.S': File exists
cp: cannot create regular file '/dev/shm/linux/./arch/x86/boot/compressed/ident_map_64.c': File exists
cp: cannot create regular file '/dev/shm/linux/./arch/x86/boot/compressed/idt_handlers_64.S': File exists
cp: cannot create regular file '/dev/shm/linux/./arch/x86/boot/compressed/kernel_info.S': File exists
cp: cannot create regular file '/dev/shm/linux/./arch/x86/boot/compressed/mem_encrypt.S': File exists
cp: cannot create regular file '/dev/shm/linux/./arch/x86/boot/compressed/mkpiggy.c': File exists
cp: cannot create regular file '/dev/shm/linux/./arch/x86/boot/compressed/sbat.S': File exists
cp: cannot create regular file '/dev/shm/linux/./arch/x86/boot/compressed/sev-handle-vc.c': File exists
cp: cannot create regular file '/dev/shm/linux/./arch/x86/boot/compressed/sev.h': File exists
cp: cannot create regular file '/dev/shm/linux/./arch/x86/boot/compressed/tdcall.S': File exists
cp: cannot create regular file '/dev/shm/linux/./arch/x86/boot/compressed/tdx-shared.c': File exists
cp: cannot create regular file '/dev/shm/linux/./arch/x86/boot/compressed/tdx.c': File exists
cp: cannot create regular file '/dev/shm/linux/./arch/x86/boot/compressed/vmlinux.lds.S': File exists
cp: cannot create regular file '/dev/shm/linux/./arch/x86/boot/cpuflags.c': File exists
cp: cannot create regular file '/dev/shm/linux/./arch/x86/boot/ctype.h': File exists
cp: cannot create regular file '/dev/shm/linux/./arch/x86/boot/genimage.sh': File exists
cp: cannot create regular file '/dev/shm/linux/./arch/x86/boot/install.sh': File exists
cp: cannot create regular file '/dev/shm/linux/./arch/x86/boot/io.h': File exists
cp: cannot create regular file '/dev/shm/linux/./arch/x86/boot/memory.c': File exists
cp: cannot create regular file '/dev/shm/linux/./arch/x86/boot/mtools.conf.in': File exists
cp: cannot create regular file '/dev/shm/linux/./arch/x86/boot/pmjump.S': File exists
cp: cannot create regular file '/dev/shm/linux/./arch/x86/boot/regs.c': File exists
cp: cannot create directory '/dev/shm/linux/./arch/x86/boot/startup': File exists
cp: cannot create regular file '/dev/shm/linux/./arch/x86/crypto/aes-xts-avx-x86_64.S': File exists
cp: cannot create regular file '/dev/shm/linux/./arch/x86/crypto/aesni-intel_glue.c': File exists
cp: cannot create regular file '/dev/shm/linux/./arch/x86/crypto/aria-aesni-avx2-asm_64.S': File exists
cp: cannot create regular file '/dev/shm/linux/./arch/x86/crypto/aria_aesni_avx2_glue.c': File exists
cp: cannot create regular file '/dev/shm/linux/./arch/x86/crypto/aria_aesni_avx_glue.c': File exists
cp: cannot create regular file '/dev/shm/linux/./arch/x86/crypto/blowfish-x86_64-asm_64.S': File exists
cp: cannot create regular file '/dev/shm/linux/./arch/x86/crypto/camellia-aesni-avx-asm_64.S': File exists
cp: cannot create regular file '/dev/shm/linux/./arch/x86/crypto/camellia-x86_64-asm_64.S': File exists
cp: cannot create regular file '/dev/shm/linux/./arch/x86/crypto/camellia_aesni_avx2_glue.c': File exists
cp: cannot create regular file '/dev/shm/linux/./arch/x86/crypto/camellia_glue.c': File exists
cp: cannot create regular file '/dev/shm/linux/./arch/x86/crypto/cast5_avx_glue.c': File exists
cp: cannot create regular file '/dev/shm/linux/./arch/x86/crypto/cast6_avx_glue.c': File exists
cp: cannot create regular file '/dev/shm/linux/./arch/x86/crypto/ecb_cbc_helpers.h': File exists
cp: cannot create regular file '/dev/shm/linux/./arch/x86/crypto/glue_helper-asm-avx2.S': File exists
cp: cannot create regular file '/dev/shm/linux/./arch/x86/crypto/serpent-avx-x86_64-asm_64.S': File exists
cp: cannot create regular file '/dev/shm/linux/./arch/x86/crypto/serpent-avx.h': File exists
cp: cannot create regular file '/dev/shm/linux/./arch/x86/crypto/serpent-sse2.h': File exists
cp: cannot create regular file '/dev/shm/linux/./arch/x86/crypto/serpent_avx_glue.c': File exists
cp: cannot create regular file '/dev/shm/linux/./arch/x86/crypto/sm4-aesni-avx-asm_64.S': File exists
cp: cannot create regular file '/dev/shm/linux/./arch/x86/crypto/sm4-avx.h': File exists
cp: cannot create regular file '/dev/shm/linux/./arch/x86/crypto/sm4_aesni_avx_glue.c': File exists
cp: cannot create regular file '/dev/shm/linux/./arch/x86/crypto/twofish-i586-asm_32.S': File exists
cp: cannot create regular file '/dev/shm/linux/./arch/x86/crypto/twofish-x86_64-asm_64.S': File exists
cp: cannot create regular file '/dev/shm/linux/./arch/x86/crypto/twofish_avx_glue.c': File exists
cp: cannot create regular file '/dev/shm/linux/./arch/x86/crypto/twofish_glue_3way.c': File exists
cp: cannot create regular file '/dev/shm/linux/./arch/x86/hyperv/hv_vtl.c': File exists
cp: cannot create regular file '/dev/shm/linux/./arch/x86/hyperv/ivm.c': File exists
cp: cannot create regular file '/dev/shm/linux/./arch/x86/hyperv/mshv-asm-offsets.c': File exists
cp: cannot create regular file '/dev/shm/linux/./arch/x86/hyperv/mshv_vtl_asm.S': File exists
cp: cannot create directory '/dev/shm/linux/./arch/x86/ia32': File exists
cp: cannot create regular file '/dev/shm/linux/./arch/x86/lib/msr-smp.c': File exists
cp: cannot create regular file '/dev/shm/linux/./arch/x86/lib/pc-conf-reg.c': File exists
cp: cannot create regular file '/dev/shm/linux/./arch/x86/lib/retpoline.S': File exists
cp: cannot create regular file '/dev/shm/linux/./arch/x86/lib/strstr_32.c': File exists
cp: cannot create regular file '/dev/shm/linux/./arch/x86/lib/usercopy_32.c': File exists
cp: cannot create regular file '/dev/shm/linux/./arch/x86/lib/x86-opcode-map.txt': File exists
cp: cannot create directory '/dev/shm/linux/./arch/x86/net': File exists
cp: cannot create regular file '/dev/shm/linux/./arch/x86/platform/geode/Makefile': File exists
cp: cannot create regular file '/dev/shm/linux/./arch/x86/platform/geode/geode-common.h': File exists
cp: cannot create regular file '/dev/shm/linux/./arch/x86/platform/geode/geos.c': File exists
cp: cannot create directory '/dev/shm/linux/./arch/x86/platform/intel-mid': File exists
cp: cannot create regular file '/dev/shm/linux/./arch/x86/platform/intel/iosf_mbi.c': File exists
cp: cannot create regular file '/dev/shm/linux/./arch/x86/platform/olpc/olpc-xo1-sci.c': File exists
cp: cannot create regular file '/dev/shm/linux/./arch/x86/platform/olpc/olpc.c': File exists
cp: cannot create regular file '/dev/shm/linux/./arch/x86/platform/olpc/olpc_ofw.c': File exists
cp: cannot create regular file '/dev/shm/linux/./arch/x86/platform/olpc/xo1-wakeup.S': File exists
cp: cannot create regular file '/dev/shm/linux/./arch/x86/platform/ts5500/Makefile': File exists
cp: cannot create directory '/dev/shm/linux/./arch/x86/platform/uv': File exists
cp: cannot create regular file '/dev/shm/linux/./arch/x86/purgatory/.gitignore': File exists
cp: cannot create regular file '/dev/shm/linux/./arch/x86/purgatory/entry64.S': File exists
cp: cannot create regular file '/dev/shm/linux/./arch/x86/purgatory/kexec-purgatory.S': File exists
cp: cannot create regular file '/dev/shm/linux/./arch/x86/purgatory/setup-x86_64.S': File exists
cp: cannot create directory '/dev/shm/linux/./arch/x86/ras': File exists
cp: cannot create regular file '/dev/shm/linux/./arch/x86/um/asm/elf.h': File exists
cp: cannot create regular file '/dev/shm/linux/./arch/x86/um/asm/processor_32.h': File exists
cp: cannot create regular file '/dev/shm/linux/./arch/x86/um/asm/ptrace.h': File exists
cp: cannot create regular file '/dev/shm/linux/./arch/x86/um/asm/segment.h': File exists
cp: cannot create regular file '/dev/shm/linux/./arch/x86/um/asm/syscall.h': File exists
cp: cannot create regular file '/dev/shm/linux/./arch/x86/um/bugs_32.c': File exists
cp: cannot create regular file '/dev/shm/linux/./arch/x86/um/delay.c': File exists
cp: cannot create regular file '/dev/shm/linux/./arch/x86/um/mem_64.c': File exists
cp: cannot create regular file '/dev/shm/linux/./arch/x86/um/setjmp_64.S': File exists
cp: cannot create regular file '/dev/shm/linux/./arch/x86/um/vdso/vdso.lds.S': File exists
cp: cannot create directory '/dev/shm/linux/./arch/x86/video': File exists
cp: cannot create regular file '/dev/shm/linux/./arch/x86/xen/platform-pci-unplug.c': File exists
cp: cannot create regular file '/dev/shm/linux/./arch/x86/xen/setup.c': File exists
cp: cannot create regular file '/dev/shm/linux/./arch/x86/xen/smp_hvm.c': File exists
cp: cannot create regular file '/dev/shm/linux/./arch/x86/xen/spinlock.c': File exists
cp: cannot create regular file '/dev/shm/linux/./arch/x86/xen/time.c': File exists
cp: cannot create regular file '/dev/shm/linux/./arch/x86/xen/vga.c': File exists
cp: cannot create regular file '/dev/shm/linux/./arch/x86/xen/xen-asm.S': File exists
cp: cannot create regular file '/dev/shm/linux/./arch/x86/xen/xen-ops.h': File exists
cp: cannot create regular file '/dev/shm/linux/./crypto/rmd160.c': File exists
cp: cannot create regular file '/dev/shm/linux/./crypto/rsa-pkcs1pad.c': File exists
cp: cannot create regular file '/dev/shm/linux/./crypto/rsaprivkey.asn1': File exists
cp: cannot create regular file '/dev/shm/linux/./crypto/rsassa-pkcs1.c': File exists
cp: cannot create regular file '/dev/shm/linux/./crypto/seed.c': File exists
cp: cannot create regular file '/dev/shm/linux/./crypto/serpent_generic.c': File exists
cp: cannot create regular file '/dev/shm/linux/./crypto/sha3.c': File exists
cp: cannot create regular file '/dev/shm/linux/./crypto/simd.c': File exists
cp: cannot create regular file '/dev/shm/linux/./crypto/skcipher.h': File exists
cp: cannot create regular file '/dev/shm/linux/./crypto/sm4.c': File exists
cp: cannot create regular file '/dev/shm/linux/./crypto/streebog_generic.c': File exists
cp: cannot create regular file '/dev/shm/linux/./crypto/tea.c': File exists
cp: cannot create regular file '/dev/shm/linux/./crypto/xcbc.c': File exists
cp: cannot create regular file '/dev/shm/linux/./crypto/xts.c': File exists
cp: cannot create regular file '/dev/shm/linux/./crypto/zstd.c': File exists
cp: cannot create regular file '/dev/shm/linux/./drivers/Kconfig': File exists
cp: cannot create directory '/dev/shm/linux/./drivers/accel': File exists
cp: cannot create regular file '/dev/shm/linux/./drivers/ata/sata_sx4.c': File exists
cp: cannot create regular file '/dev/shm/linux/./drivers/ata/sata_via.c': File exists
cp: cannot create regular file '/dev/shm/linux/./drivers/ata/sis.h': File exists
cp: cannot create regular file '/dev/shm/linux/./drivers/atm/Kconfig': File exists
cp: cannot create regular file '/dev/shm/linux/./drivers/atm/solos-attrlist.c': File exists
cp: cannot create directory '/dev/shm/linux/./drivers/auxdisplay': File exists
cp: cannot create regular file '/dev/shm/linux/./drivers/base/devres.c': File exists
cp: cannot create regular file '/dev/shm/linux/./drivers/base/driver.c': File exists
cp: cannot create regular file '/dev/shm/linux/./drivers/base/faux.c': File exists
cp: cannot create directory '/dev/shm/linux/./drivers/base/firmware_loader': File exists
cp: cannot create regular file '/dev/shm/linux/./drivers/base/power/main.c': File exists
cp: cannot create regular file '/dev/shm/linux/./drivers/base/power/qos-test.c': File exists
cp: cannot create regular file '/dev/shm/linux/./drivers/base/power/runtime-test.c': File exists
cp: cannot create regular file '/dev/shm/linux/./drivers/base/power/sysfs.c': File exists
cp: cannot create regular file '/dev/shm/linux/./drivers/base/power/wakeirq.c': File exists
cp: cannot create regular file '/dev/shm/linux/./drivers/base/power/wakeup_stats.c': File exists
cp: cannot create directory '/dev/shm/linux/./drivers/base/regmap': File exists
cp: cannot create regular file '/dev/shm/linux/./drivers/bcma/driver_pcie2.c': File exists
cp: cannot create regular file '/dev/shm/linux/./drivers/bcma/host_soc.c': File exists
cp: cannot create regular file '/dev/shm/linux/./drivers/bcma/scan.c': File exists
cp: cannot create directory '/dev/shm/linux/./drivers/block': File exists
cp: cannot create regular file '/dev/shm/linux/./drivers/bus/tegra-aconnect.c': File exists
cp: cannot create regular file '/dev/shm/linux/./drivers/bus/ti-sysc.c': File exists
cp: cannot create regular file '/dev/shm/linux/./drivers/bus/uniphier-system-bus.c': File exists
cp: cannot create directory '/dev/shm/linux/./drivers/cache': File exists
cp: cannot create regular file '/dev/shm/linux/./drivers/cdx/cdx.c': File exists
cp: cannot create directory '/dev/shm/linux/./drivers/cdx/controller': File exists
cp: cannot create regular file '/dev/shm/linux/./drivers/char/agp/amd64-agp.c': File exists
cp: cannot create regular file '/dev/shm/linux/./drivers/char/agp/backend.c': File exists
cp: cannot create regular file '/dev/shm/linux/./drivers/char/agp/efficeon-agp.c': File exists
cp: cannot create regular file '/dev/shm/linux/./drivers/char/agp/intel-agp.c': File exists
cp: cannot create regular file '/dev/shm/linux/./drivers/char/agp/isoch.c': File exists
cp: cannot create regular file '/dev/shm/linux/./drivers/char/agp/parisc-agp.c': File exists
cp: cannot create regular file '/dev/shm/linux/./drivers/char/agp/sworks-agp.c': File exists
cp: cannot create regular file '/dev/shm/linux/./drivers/char/agp/via-agp.c': File exists
cp: cannot create regular file '/dev/shm/linux/./drivers/char/applicom.c': File exists
cp: cannot create regular file '/dev/shm/linux/./drivers/char/ds1620.c': File exists
cp: cannot create regular file '/dev/shm/linux/./drivers/char/dtlk.c': File exists
cp: cannot create regular file '/dev/shm/linux/./drivers/char/hpet.c': File exists
cp: cannot create regular file '/dev/shm/linux/./drivers/char/hw_random/Kconfig': File exists
cp: cannot create regular file '/dev/shm/linux/./drivers/char/hw_random/airoha-trng.c': File exists
cp: cannot create regular file '/dev/shm/linux/./drivers/char/hw_random/arm_smccc_trng.c': File exists
cp: cannot create regular file '/dev/shm/linux/./drivers/char/hw_random/atmel-rng.c': File exists
cp: cannot create regular file '/dev/shm/linux/./drivers/char/hw_random/bcm2835-rng.c': File exists
cp: cannot create regular file '/dev/shm/linux/./drivers/char/hw_random/cavium-rng-vf.c': File exists
cp: cannot create regular file '/dev/shm/linux/./drivers/char/hw_random/cctrng.h': File exists
cp: cannot create regular file '/dev/shm/linux/./drivers/char/hw_random/exynos-trng.c': File exists
cp: cannot create regular file '/dev/shm/linux/./drivers/char/hw_random/hisi-rng.c': File exists
cp: cannot create regular file '/dev/shm/linux/./drivers/char/hw_random/histb-rng.c': File exists
cp: cannot create regular file '/dev/shm/linux/./drivers/char/hw_random/ingenic-rng.c': File exists
cp: cannot create regular file '/dev/shm/linux/./drivers/char/hw_random/intel-rng.c': File exists
cp: cannot create regular file '/dev/shm/linux/./drivers/char/hw_random/ixp4xx-rng.c': File exists
cp: cannot create regular file '/dev/shm/linux/./drivers/char/hw_random/ks-sa-rng.c': File exists
cp: cannot create regular file '/dev/shm/linux/./drivers/char/hw_random/mpfs-rng.c': File exists
cp: cannot create regular file '/dev/shm/linux/./drivers/char/hw_random/mxc-rnga.c': File exists
cp: cannot create regular file '/dev/shm/linux/./drivers/char/hw_random/n2-drv.c': File exists
cp: cannot create regular file '/dev/shm/linux/./drivers/char/hw_random/nomadik-rng.c': File exists
cp: cannot create regular file '/dev/shm/linux/./drivers/char/hw_random/octeon-rng.c': File exists
cp: cannot create regular file '/dev/shm/linux/./drivers/char/hw_random/omap3-rom-rng.c': File exists
cp: cannot create regular file '/dev/shm/linux/./drivers/char/hw_random/pasemi-rng.c': File exists
cp: cannot create regular file '/dev/shm/linux/./drivers/char/hw_random/powernv-rng.c': File exists
cp: cannot create regular file '/dev/shm/linux/./drivers/char/hw_random/pseries-rng.c': File exists
cp: cannot create regular file '/dev/shm/linux/./drivers/char/hw_random/s390-trng.c': File exists
cp: cannot create regular file '/dev/shm/linux/./drivers/char/hw_random/stm32-rng.c': File exists
cp: cannot create regular file '/dev/shm/linux/./drivers/char/hw_random/via-rng.c': File exists
cp: cannot create regular file '/dev/shm/linux/./drivers/char/hw_random/xgene-rng.c': File exists
cp: cannot create regular file '/dev/shm/linux/./drivers/char/lp.c': File exists
cp: cannot create regular file '/dev/shm/linux/./drivers/char/mem.c': File exists
cp: cannot create regular file '/dev/shm/linux/./drivers/char/misc.c': File exists
cp: cannot create regular file '/dev/shm/linux/./drivers/char/misc_minor_kunit.c': File exists
cp: cannot create regular file '/dev/shm/linux/./drivers/char/nsc_gpio.c': File exists
cp: cannot create regular file '/dev/shm/linux/./drivers/char/nvram.c': File exists
cp: cannot create regular file '/dev/shm/linux/./drivers/char/nwbutton.c': File exists
cp: cannot create regular file '/dev/shm/linux/./drivers/char/nwbutton.h': File exists
cp: cannot create regular file '/dev/shm/linux/./drivers/char/nwflash.c': File exists
cp: cannot create regular file '/dev/shm/linux/./drivers/char/pc8736x_gpio.c': File exists
cp: cannot create regular file '/dev/shm/linux/./drivers/char/powernv-op-panel.c': File exists
cp: cannot create regular file '/dev/shm/linux/./drivers/char/ppdev.c': File exists
cp: cannot create regular file '/dev/shm/linux/./drivers/char/ps3flash.c': File exists
cp: cannot create regular file '/dev/shm/linux/./drivers/char/random.c': File exists
cp: cannot create regular file '/dev/shm/linux/./drivers/char/scx200_gpio.c': File exists
cp: cannot create regular file '/dev/shm/linux/./drivers/char/sonypi.c': File exists
cp: cannot create regular file '/dev/shm/linux/./drivers/char/tlclk.c': File exists
cp: cannot create regular file '/dev/shm/linux/./drivers/char/toshiba.c': File exists
cp: cannot create directory '/dev/shm/linux/./drivers/char/tpm': File exists
cp: cannot create regular file '/dev/shm/linux/./drivers/clk/actions/owl-fixed-factor.h': File exists
cp: cannot create regular file '/dev/shm/linux/./drivers/clk/actions/owl-gate.h': File exists
cp: cannot create regular file '/dev/shm/linux/./drivers/clk/actions/owl-mux.h': File exists
cp: cannot create regular file '/dev/shm/linux/./drivers/clk/actions/owl-pll.h': File exists
cp: cannot create regular file '/dev/shm/linux/./drivers/clk/actions/owl-s500.c': File exists
cp: cannot create regular file '/dev/shm/linux/./drivers/clk/actions/owl-s900.c': File exists
cp: cannot create regular file '/dev/shm/linux/./drivers/clk/analogbits/Kconfig': File exists
cp: cannot create regular file '/dev/shm/linux/./drivers/clk/analogbits/Makefile': File exists
cp: cannot create directory '/dev/shm/linux/./drivers/clk/aspeed': File exists
cp: cannot create regular file '/dev/shm/linux/./drivers/clk/at91/clk-generated.c': File exists
cp: cannot create regular file '/dev/shm/linux/./drivers/clk/at91/clk-i2s-mux.c': File exists
cp: cannot create regular file '/dev/shm/linux/./drivers/clk/at91/clk-master.c': File exists
cp: cannot create regular file '/dev/shm/linux/./drivers/clk/at91/clk-pll.c': File exists
cp: cannot create regular file '/dev/shm/linux/./drivers/clk/at91/clk-programmable.c': File exists
cp: cannot create regular file '/dev/shm/linux/./drivers/clk/at91/clk-smd.c': File exists
cp: cannot create regular file '/dev/shm/linux/./drivers/clk/at91/clk-usb.c': File exists
cp: cannot create regular file '/dev/shm/linux/./drivers/clk/at91/pmc.c': File exists
cp: cannot create regular file '/dev/shm/linux/./drivers/clk/at91/sam9x60.c': File exists
cp: cannot create regular file '/dev/shm/linux/./drivers/clk/at91/sama5d2.c': File exists
cp: cannot create regular file '/dev/shm/linux/./drivers/clk/at91/sama5d4.c': File exists
cp: cannot create regular file '/dev/shm/linux/./drivers/clk/at91/sama7g5.c': File exists
cp: cannot create directory '/dev/shm/linux/./drivers/clk/axs10x': File exists
cp: cannot create regular file '/dev/shm/linux/./drivers/clk/bcm/clk-bcm21664.c': File exists
cp: cannot create regular file '/dev/shm/linux/./drivers/clk/bcm/clk-bcm2711-dvp.c': File exists
cp: cannot create regular file '/dev/shm/linux/./drivers/clk/bcm/clk-bcm2835-aux.c': File exists
cp: cannot create regular file '/dev/shm/linux/./drivers/clk/bcm/clk-bcm53573-ilp.c': File exists
cp: cannot create regular file '/dev/shm/linux/./drivers/clk/bcm/clk-bcm63268-timer.c': File exists
cp: cannot create regular file '/dev/shm/linux/./drivers/clk/bcm/clk-bcm63xx.c': File exists
cp: cannot create regular file '/dev/shm/linux/./drivers/clk/bcm/clk-hr2.c': File exists
cp: cannot create regular file '/dev/shm/linux/./drivers/clk/bcm/clk-iproc-asiu.c': File exists
cp: cannot create regular file '/dev/shm/linux/./drivers/clk/bcm/clk-iproc.h': File exists
cp: cannot create regular file '/dev/shm/linux/./drivers/clk/bcm/clk-kona.c': File exists
cp: cannot create regular file '/dev/shm/linux/./drivers/clk/bcm/clk-ns2.c': File exists
cp: cannot create regular file '/dev/shm/linux/./drivers/clk/bcm/clk-raspberrypi.c': File exists
cp: cannot create directory '/dev/shm/linux/./drivers/clk/berlin': File exists
cp: cannot create regular file '/dev/shm/linux/./drivers/clk/clk-composite.c': File exists
cp: cannot create regular file '/dev/shm/linux/./drivers/clk/clk-cs2000-cp.c': File exists
cp: cannot create regular file '/dev/shm/linux/./drivers/clk/clk-en7523.c': File exists
cp: cannot create regular file '/dev/shm/linux/./drivers/clk/clk-eyeq.c': File exists
cp: cannot create regular file '/dev/shm/linux/./drivers/clk/clk-fixed-mmio.c': File exists
cp: cannot create regular file '/dev/shm/linux/./drivers/clk/clk-fixed-rate.c': File exists
cp: cannot create regular file '/dev/shm/linux/./drivers/clk/clk-fixed-rate_test.h': File exists
cp: cannot create regular file '/dev/shm/linux/./drivers/clk/clk-fractional-divider.h': File exists
cp: cannot create regular file '/dev/shm/linux/./drivers/clk/clk-fsl-flexspi.c': File exists
cp: cannot create regular file '/dev/shm/linux/./drivers/clk/clk-gate.c': File exists
cp: cannot create regular file '/dev/shm/linux/./drivers/clk/clk-gemini.c': File exists
cp: cannot create regular file '/dev/shm/linux/./drivers/clk/clk-hi655x.c': File exists
cp: cannot create regular file '/dev/shm/linux/./drivers/clk/clk-hsdk-pll.c': File exists
cp: cannot create regular file '/dev/shm/linux/./drivers/clk/clk-lan966x.c': File exists
cp: cannot create regular file '/dev/shm/linux/./drivers/clk/clk-lochnagar.c': File exists
cp: cannot create regular file '/dev/shm/linux/./drivers/clk/clk-loongson2.c': File exists
cp: cannot create regular file '/dev/shm/linux/./drivers/clk/clk-max9485.c': File exists
cp: cannot create regular file '/dev/shm/linux/./drivers/clk/clk-moxart.c': File exists
cp: cannot create regular file '/dev/shm/linux/./drivers/clk/clk-multiplier.c': File exists
cp: cannot create regular file '/dev/shm/linux/./drivers/clk/clk-npcm7xx.c': File exists
cp: cannot create regular file '/dev/shm/linux/./drivers/clk/clk-nspire.c': File exists
cp: cannot create regular file '/dev/shm/linux/./drivers/clk/clk-plldig.c': File exists
cp: cannot create regular file '/dev/shm/linux/./drivers/clk/clk-qoriq.c': File exists
cp: cannot create regular file '/dev/shm/linux/./drivers/clk/clk-rk808.c': File exists
cp: cannot create regular file '/dev/shm/linux/./drivers/clk/clk-rpmi.c': File exists
cp: cannot create regular file '/dev/shm/linux/./drivers/clk/clk-scmi.c': File exists
cp: cannot create regular file '/dev/shm/linux/./drivers/clk/clk-si514.c': File exists
cp: cannot create regular file '/dev/shm/linux/./drivers/clk/clk-si5341.c': File exists
cp: cannot create regular file '/dev/shm/linux/./drivers/clk/clk-si5351.h': File exists
cp: cannot create regular file '/dev/shm/linux/./drivers/clk/clk-si570.c': File exists
cp: cannot create regular file '/dev/shm/linux/./drivers/clk/clk-stm32f4.c': File exists
cp: cannot create regular file '/dev/shm/linux/./drivers/clk/clk-tps68470.c': File exists
cp: cannot create regular file '/dev/shm/linux/./drivers/clk/clk-versaclock3.c': File exists
cp: cannot create regular file '/dev/shm/linux/./drivers/clk/clk-versaclock7.c': File exists
cp: cannot create regular file '/dev/shm/linux/./drivers/clk/clk-wm831x.c': File exists
cp: cannot create regular file '/dev/shm/linux/./drivers/clk/clk.c': File exists
cp: cannot create regular file '/dev/shm/linux/./drivers/clk/clk_kunit_helpers.c': File exists
cp: cannot create regular file '/dev/shm/linux/./drivers/clk/clk_test.c': File exists
cp: cannot create directory '/dev/shm/linux/./drivers/clk/eswin': File exists
cp: cannot create directory '/dev/shm/linux/./drivers/clk/hisilicon': File exists
cp: cannot create regular file '/dev/shm/linux/./drivers/clk/imx/clk-gate2.c': File exists
cp: cannot create regular file '/dev/shm/linux/./drivers/clk/imx/clk-gpr-mux.c': File exists
cp: cannot create regular file '/dev/shm/linux/./drivers/clk/imx/clk-imx27.c': File exists
cp: cannot create regular file '/dev/shm/linux/./drivers/clk/imx/clk-imx35.c': File exists
cp: cannot create regular file '/dev/shm/linux/./drivers/clk/imx/clk-imx6q.c': File exists
cp: cannot create regular file '/dev/shm/linux/./drivers/clk/imx/clk-imx6sll.c': File exists
cp: cannot create regular file '/dev/shm/linux/./drivers/clk/imx/clk-imx6ul.c': File exists
cp: cannot create regular file '/dev/shm/linux/./drivers/clk/imx/clk-imx7ulp.c': File exists
cp: cannot create regular file '/dev/shm/linux/./drivers/clk/imx/clk-imx8-acm.c': File exists
cp: cannot create regular file '/dev/shm/linux/./drivers/clk/imx/clk-imx8mm.c': File exists
cp: cannot create regular file '/dev/shm/linux/./drivers/clk/imx/clk-imx8mp-audiomix.c': File exists
cp: cannot create regular file '/dev/shm/linux/./drivers/clk/imx/clk-imx8mp.c': File exists
cp: cannot create regular file '/dev/shm/linux/./drivers/clk/imx/clk-imx8qm-rsrc.c': File exists
cp: cannot create regular file '/dev/shm/linux/./drivers/clk/imx/clk-imx8qxp-lpcg.c': File exists
cp: cannot create regular file '/dev/shm/linux/./drivers/clk/imx/clk-imx8qxp.c': File exists
cp: cannot create regular file '/dev/shm/linux/./drivers/clk/imx/clk-imx8ulp.c': File exists
cp: cannot create regular file '/dev/shm/linux/./drivers/clk/imx/clk-imx95-blk-ctl.c': File exists
cp: cannot create regular file '/dev/shm/linux/./drivers/clk/imx/clk-lpcg-scu.c': File exists
cp: cannot create regular file '/dev/shm/linux/./drivers/clk/imx/clk-pfdv2.c': File exists
cp: cannot create regular file '/dev/shm/linux/./drivers/clk/imx/clk-pllv1.c': File exists
cp: cannot create regular file '/dev/shm/linux/./drivers/clk/imx/clk-pllv3.c': File exists
cp: cannot create regular file '/dev/shm/linux/./drivers/clk/imx/clk-scu.c': File exists
cp: cannot create regular file '/dev/shm/linux/./drivers/clk/imx/clk-vf610.c': File exists
cp: cannot create regular file '/dev/shm/linux/./drivers/clk/imx/clk.h': File exists
cp: cannot create regular file '/dev/shm/linux/./drivers/clk/ingenic/Makefile': File exists
cp: cannot create regular file '/dev/shm/linux/./drivers/clk/ingenic/cgu.h': File exists
cp: cannot create regular file '/dev/shm/linux/./drivers/clk/ingenic/jz4725b-cgu.c': File exists
cp: cannot create regular file '/dev/shm/linux/./drivers/clk/ingenic/jz4755-cgu.c': File exists
cp: cannot create regular file '/dev/shm/linux/./drivers/clk/ingenic/jz4770-cgu.c': File exists
cp: cannot create regular file '/dev/shm/linux/./drivers/clk/ingenic/pm.h': File exists
cp: cannot create regular file '/dev/shm/linux/./drivers/clk/ingenic/tcu.c': File exists
cp: cannot create regular file '/dev/shm/linux/./drivers/clk/ingenic/x1830-cgu.c': File exists
cp: cannot create regular file '/dev/shm/linux/./drivers/clk/keystone/Kconfig': File exists
cp: cannot create regular file '/dev/shm/linux/./drivers/clk/keystone/pll.c': File exists
cp: cannot create regular file '/dev/shm/linux/./drivers/clk/keystone/syscon-clk.c': File exists
cp: cannot create regular file '/dev/shm/linux/./drivers/clk/kunit_clk_assigned_rates_multiple.dtso': File exists
cp: cannot create regular file '/dev/shm/linux/./drivers/clk/kunit_clk_assigned_rates_null.dtso': File exists
cp: cannot create regular file '/dev/shm/linux/./drivers/clk/kunit_clk_assigned_rates_one.dtso': File exists
cp: cannot create regular file '/dev/shm/linux/./drivers/clk/kunit_clk_assigned_rates_u64_multiple.dtso': File exists
cp: cannot create regular file '/dev/shm/linux/./drivers/clk/kunit_clk_assigned_rates_u64_one.dtso': File exists
cp: cannot create regular file '/dev/shm/linux/./drivers/clk/kunit_clk_assigned_rates_u64_one_consumer.dtso': File exists
cp: cannot create regular file '/dev/shm/linux/./drivers/clk/kunit_clk_assigned_rates_without_consumer.dtso': File exists
cp: cannot create regular file '/dev/shm/linux/./drivers/clk/kunit_clk_assigned_rates_zero_consumer.dtso': File exists
cp: cannot create directory '/dev/shm/linux/./drivers/clk/mediatek': File exists
cp: cannot create regular file '/dev/shm/linux/./drivers/clk/qcom/dispcc-milos.c': File exists
cp: cannot create regular file '/dev/shm/linux/./drivers/clk/qcom/dispcc-qcs615.c': File exists
cp: cannot create regular file '/dev/shm/linux/./drivers/clk/qcom/dispcc-sc7280.c': File exists
cp: cannot create regular file '/dev/shm/linux/./drivers/clk/qcom/dispcc-sdm845.c': File exists
cp: cannot create regular file '/dev/shm/linux/./drivers/clk/qcom/dispcc-sm6115.c': File exists
cp: cannot create regular file '/dev/shm/linux/./drivers/clk/qcom/dispcc-sm6350.c': File exists
cp: cannot create regular file '/dev/shm/linux/./drivers/clk/qcom/dispcc-sm7150.c': File exists
cp: cannot create regular file '/dev/shm/linux/./drivers/clk/qcom/dispcc-sm8450.c': File exists
cp: cannot create regular file '/dev/shm/linux/./drivers/clk/qcom/dispcc-sm8750.c': File exists
cp: cannot create regular file '/dev/shm/linux/./drivers/clk/qcom/dispcc0-sa8775p.c': File exists
cp: cannot create regular file '/dev/shm/linux/./drivers/clk/qcom/ecpricc-qdu1000.c': File exists
cp: cannot create regular file '/dev/shm/linux/./drivers/clk/qcom/gcc-eliza.c': File exists
cp: cannot create regular file '/dev/shm/linux/./drivers/clk/qcom/gcc-ipq4019.c': File exists
cp: cannot create regular file '/dev/shm/linux/./drivers/clk/qcom/gcc-ipq5210.c': File exists
cp: cannot create regular file '/dev/shm/linux/./drivers/clk/qcom/gcc-ipq5424.c': File exists
cp: cannot create regular file '/dev/shm/linux/./drivers/clk/qcom/gcc-ipq806x.c': File exists
cp: cannot create regular file '/dev/shm/linux/./drivers/clk/qcom/gcc-ipq8074.c': File exists
cp: cannot create regular file '/dev/shm/linux/./drivers/clk/qcom/gcc-kaanapali.c': File exists
cp: cannot create regular file '/dev/shm/linux/./drivers/clk/qcom/gcc-mdm9615.c': File exists
cp: cannot create regular file '/dev/shm/linux/./drivers/clk/qcom/gcc-msm8660.c': File exists
cp: cannot create regular file '/dev/shm/linux/./drivers/clk/qcom/gcc-msm8916.c': File exists
cp: cannot create regular file '/dev/shm/linux/./drivers/clk/qcom/gcc-msm8939.c': File exists
cp: cannot create regular file '/dev/shm/linux/./drivers/clk/qcom/gcc-msm8960.c': File exists
cp: cannot create regular file '/dev/shm/linux/./drivers/clk/qcom/gcc-msm8976.c': File exists
cp: cannot create regular file '/dev/shm/linux/./drivers/clk/qcom/gcc-msm8996.c': File exists
cp: cannot create regular file '/dev/shm/linux/./drivers/clk/qcom/gcc-nord.c': File exists
cp: cannot create regular file '/dev/shm/linux/./drivers/clk/qcom/gcc-qcs615.c': File exists
cp: cannot create regular file '/dev/shm/linux/./drivers/clk/qcom/gcc-qdu1000.c': File exists
cp: cannot create regular file '/dev/shm/linux/./drivers/clk/qcom/gcc-sar2130p.c': File exists
cp: cannot create regular file '/dev/shm/linux/./drivers/clk/qcom/gcc-sc7280.c': File exists
cp: cannot create regular file '/dev/shm/linux/./drivers/clk/qcom/gcc-sc8280xp.c': File exists
cp: cannot create regular file '/dev/shm/linux/./drivers/clk/qcom/gcc-sdm845.c': File exists
cp: cannot create regular file '/dev/shm/linux/./drivers/clk/qcom/gcc-sdx65.c': File exists
cp: cannot create regular file '/dev/shm/linux/./drivers/clk/qcom/gcc-sm4450.c': File exists
cp: cannot create regular file '/dev/shm/linux/./drivers/clk/qcom/gcc-sm6125.c': File exists
cp: cannot create regular file '/dev/shm/linux/./drivers/clk/qcom/gcc-sm6375.c': File exists
cp: cannot create regular file '/dev/shm/linux/./drivers/clk/qcom/gcc-sm8150.c': File exists
cp: cannot create regular file '/dev/shm/linux/./drivers/clk/qcom/gcc-sm8350.c': File exists
cp: cannot create regular file '/dev/shm/linux/./drivers/clk/qcom/gcc-sm8550.c': File exists
cp: cannot create regular file '/dev/shm/linux/./drivers/clk/qcom/gcc-sm8750.c': File exists
cp: cannot create regular file '/dev/shm/linux/./drivers/clk/qcom/gdsc.c': File exists
cp: cannot create regular file '/dev/shm/linux/./drivers/clk/qcom/gdsc.h': File exists
cp: cannot create regular file '/dev/shm/linux/./drivers/clk/qcom/gpucc-kaanapali.c': File exists
cp: cannot create regular file '/dev/shm/linux/./drivers/clk/qcom/gpucc-msm8998.c': File exists
cp: cannot create regular file '/dev/shm/linux/./drivers/clk/qcom/gpucc-qcs615.c': File exists
cp: cannot create regular file '/dev/shm/linux/./drivers/clk/qcom/gpucc-sar2130p.c': File exists
cp: cannot create regular file '/dev/shm/linux/./drivers/clk/qcom/gpucc-sc7280.c': File exists
cp: cannot create regular file '/dev/shm/linux/./drivers/clk/qcom/gpucc-sdm660.c': File exists
cp: cannot create regular file '/dev/shm/linux/./drivers/clk/qcom/gpucc-sm4450.c': File exists
cp: cannot create regular file '/dev/shm/linux/./drivers/clk/qcom/gpucc-sm6125.c': File exists
cp: cannot create regular file '/dev/shm/linux/./drivers/clk/qcom/gpucc-sm6375.c': File exists
cp: cannot create regular file '/dev/shm/linux/./drivers/clk/qcom/gpucc-sm8250.c': File exists
cp: cannot create regular file '/dev/shm/linux/./drivers/clk/qcom/gpucc-sm8450.c': File exists
cp: cannot create regular file '/dev/shm/linux/./drivers/clk/qcom/gpucc-sm8650.c': File exists
cp: cannot create regular file '/dev/shm/linux/./drivers/clk/qcom/gpucc-x1e80100.c': File exists
cp: cannot create regular file '/dev/shm/linux/./drivers/clk/qcom/gxclkctl-kaanapali.c': File exists
cp: cannot create regular file '/dev/shm/linux/./drivers/clk/qcom/ipq-cmn-pll.c': File exists
cp: cannot create regular file '/dev/shm/linux/./drivers/clk/qcom/krait-cc.c': File exists
cp: cannot create regular file '/dev/shm/linux/./drivers/clk/qcom/lcc-msm8960.c': File exists
cp: cannot create regular file '/dev/shm/linux/./drivers/clk/qcom/lpassaudiocc-sc7280.c': File exists
cp: cannot create regular file '/dev/shm/linux/./drivers/clk/qcom/lpasscc-sdm845.c': File exists
cp: cannot create regular file '/dev/shm/linux/./drivers/clk/qcom/lpasscorecc-sc7180.c': File exists
cp: cannot create regular file '/dev/shm/linux/./drivers/clk/qcom/mmcc-apq8084.c': File exists
cp: cannot create regular file '/dev/shm/linux/./drivers/clk/qcom/mmcc-msm8994.c': File exists
cp: cannot create regular file '/dev/shm/linux/./drivers/clk/qcom/mmcc-msm8998.c': File exists
cp: cannot create regular file '/dev/shm/linux/./drivers/clk/qcom/nsscc-ipq5424.c': File exists
cp: cannot create regular file '/dev/shm/linux/./drivers/clk/qcom/nsscc-qca8k.c': File exists
cp: cannot create regular file '/dev/shm/linux/./drivers/clk/qcom/q6sstop-qcs404.c': File exists
cp: cannot create regular file '/dev/shm/linux/./drivers/clk/qcom/reset.h': File exists
cp: cannot create regular file '/dev/shm/linux/./drivers/clk/qcom/tcsrcc-eliza.c': File exists
cp: cannot create regular file '/dev/shm/linux/./drivers/clk/qcom/tcsrcc-kaanapali.c': File exists
cp: cannot create regular file '/dev/shm/linux/./drivers/clk/qcom/tcsrcc-sm8550.c': File exists
cp: cannot create regular file '/dev/shm/linux/./drivers/clk/qcom/tcsrcc-sm8750.c': File exists
cp: cannot create regular file '/dev/shm/linux/./drivers/clk/qcom/videocc-glymur.c': File exists
cp: cannot create regular file '/dev/shm/linux/./drivers/clk/qcom/videocc-milos.c': File exists
cp: cannot create regular file '/dev/shm/linux/./drivers/clk/qcom/videocc-sa8775p.c': File exists
cp: cannot create regular file '/dev/shm/linux/./drivers/clk/qcom/videocc-sc7280.c': File exists
cp: cannot create regular file '/dev/shm/linux/./drivers/clk/qcom/videocc-sm6350.c': File exists
cp: cannot create regular file '/dev/shm/linux/./drivers/clk/qcom/videocc-sm8150.c': File exists
cp: cannot create regular file '/dev/shm/linux/./drivers/clk/qcom/videocc-sm8350.c': File exists
cp: cannot create regular file '/dev/shm/linux/./drivers/clk/qcom/videocc-sm8550.c': File exists
cp: cannot create directory '/dev/shm/linux/./drivers/clk/ralink': File exists
cp: cannot create regular file '/dev/shm/linux/./drivers/clk/renesas/clk-emev2.c': File exists
cp: cannot create regular file '/dev/shm/linux/./drivers/clk/renesas/clk-r8a73a4.c': File exists
cp: cannot create regular file '/dev/shm/linux/./drivers/clk/renesas/clk-r8a7778.c': File exists
cp: cannot create regular file '/dev/shm/linux/./drivers/clk/renesas/clk-sh73a0.c': File exists
cp: cannot create regular file '/dev/shm/linux/./drivers/clk/renesas/r7s9210-cpg-mssr.c': File exists
cp: cannot create regular file '/dev/shm/linux/./drivers/clk/renesas/r8a7743-cpg-mssr.c': File exists
cp: cannot create regular file '/dev/shm/linux/./drivers/clk/renesas/r8a77470-cpg-mssr.c': File exists
cp: cannot create regular file '/dev/shm/linux/./drivers/clk/renesas/r8a774c0-cpg-mssr.c': File exists
cp: cannot create regular file '/dev/shm/linux/./drivers/clk/renesas/r8a7790-cpg-mssr.c': File exists
cp: cannot create regular file '/dev/shm/linux/./drivers/clk/renesas/r8a7792-cpg-mssr.c': File exists
cp: cannot create regular file '/dev/shm/linux/./drivers/clk/renesas/r8a7795-cpg-mssr.c': File exists
cp: cannot create regular file '/dev/shm/linux/./drivers/clk/renesas/r8a77965-cpg-mssr.c': File exists
cp: cannot create regular file '/dev/shm/linux/./drivers/clk/renesas/r8a77980-cpg-mssr.c': File exists
cp: cannot create regular file '/dev/shm/linux/./drivers/clk/renesas/r8a77995-cpg-mssr.c': File exists
cp: cannot create regular file '/dev/shm/linux/./drivers/clk/renesas/r8a779f0-cpg-mssr.c': File exists
cp: cannot create regular file '/dev/shm/linux/./drivers/clk/renesas/r8a779g0-cpg-mssr.c': File exists
cp: cannot create regular file '/dev/shm/linux/./drivers/clk/renesas/r9a06g032-clocks.c': File exists
cp: cannot create regular file '/dev/shm/linux/./drivers/clk/renesas/r9a07g044-cpg.c': File exists
cp: cannot create regular file '/dev/shm/linux/./drivers/clk/renesas/r9a08g046-cpg.c': File exists
cp: cannot create regular file '/dev/shm/linux/./drivers/clk/renesas/r9a09g047-cpg.c': File exists
cp: cannot create regular file '/dev/shm/linux/./drivers/clk/renesas/r9a09g057-cpg.c': File exists
cp: cannot create regular file '/dev/shm/linux/./drivers/clk/renesas/rcar-cpg-lib.c': File exists
cp: cannot create regular file '/dev/shm/linux/./drivers/clk/renesas/rcar-gen2-cpg.c': File exists
cp: cannot create regular file '/dev/shm/linux/./drivers/clk/renesas/rcar-gen3-cpg.h': File exists
cp: cannot create regular file '/dev/shm/linux/./drivers/clk/renesas/rcar-gen4-cpg.h': File exists
cp: cannot create regular file '/dev/shm/linux/./drivers/clk/renesas/renesas-cpg-mssr.c': File exists
cp: cannot create regular file '/dev/shm/linux/./drivers/clk/renesas/rzg2l-cpg.h': File exists
cp: cannot create regular file '/dev/shm/linux/./drivers/clk/renesas/rzv2h-cpg.h': File exists
cp: cannot create regular file '/dev/shm/linux/./drivers/clk/rockchip/Kconfig': File exists
cp: cannot create regular file '/dev/shm/linux/./drivers/clk/rockchip/Makefile': File exists
cp: cannot create regular file '/dev/shm/linux/./drivers/clk/rockchip/clk-ddr.c': File exists
cp: cannot create regular file '/dev/shm/linux/./drivers/clk/rockchip/clk-half-divider.c': File exists
cp: cannot create regular file '/dev/shm/linux/./drivers/clk/rockchip/clk-mmc-phase.c': File exists
cp: cannot create regular file '/dev/shm/linux/./drivers/clk/rockchip/clk-pll.c': File exists
cp: cannot create regular file '/dev/shm/linux/./drivers/clk/rockchip/clk-rk3036.c': File exists
cp: cannot create regular file '/dev/shm/linux/./drivers/clk/rockchip/clk-rk3188.c': File exists
cp: cannot create regular file '/dev/shm/linux/./drivers/clk/rockchip/clk-rk3288.c': File exists
cp: cannot create regular file '/dev/shm/linux/./drivers/clk/rockchip/clk-rk3328.c': File exists
cp: cannot create regular file '/dev/shm/linux/./drivers/clk/rockchip/clk-rk3399.c': File exists
cp: cannot create regular file '/dev/shm/linux/./drivers/clk/rockchip/clk-rk3528.c': File exists
cp: cannot create regular file '/dev/shm/linux/./drivers/clk/rockchip/clk-rk3568.c': File exists
cp: cannot create regular file '/dev/shm/linux/./drivers/clk/rockchip/clk-rk3588.c': File exists
cp: cannot create regular file '/dev/shm/linux/./drivers/clk/rockchip/clk-rv1108.c': File exists
cp: cannot create regular file '/dev/shm/linux/./drivers/clk/rockchip/clk-rv1126b.c': File exists
cp: cannot create regular file '/dev/shm/linux/./drivers/clk/rockchip/clk.h': File exists
cp: cannot create regular file '/dev/shm/linux/./drivers/clk/rockchip/rst-rk3506.c': File exists
cp: cannot create regular file '/dev/shm/linux/./drivers/clk/rockchip/rst-rk3562.c': File exists
cp: cannot create regular file '/dev/shm/linux/./drivers/clk/rockchip/rst-rk3588.c': File exists
cp: cannot create regular file '/dev/shm/linux/./drivers/clk/rockchip/softrst.c': File exists
cp: cannot create directory '/dev/shm/linux/./drivers/clk/sifive': File exists
cp: cannot create directory '/dev/shm/linux/./drivers/clk/socfpga': File exists
cp: cannot create directory '/dev/shm/linux/./drivers/clk/sophgo': File exists
cp: cannot create directory '/dev/shm/linux/./drivers/clk/spacemit': File exists
cp: cannot create regular file '/dev/shm/linux/./drivers/clk/spear/spear1340_clock.c': File exists
cp: cannot create regular file '/dev/shm/linux/./drivers/clk/spear/spear6xx_clock.c': File exists
cp: cannot create regular file '/dev/shm/linux/./drivers/clk/sprd/Kconfig': File exists
cp: cannot create regular file '/dev/shm/linux/./drivers/clk/sprd/common.c': File exists
cp: cannot create regular file '/dev/shm/linux/./drivers/clk/sprd/composite.c': File exists
cp: cannot create regular file '/dev/shm/linux/./drivers/clk/sprd/div.c': File exists
cp: cannot create regular file '/dev/shm/linux/./drivers/clk/sprd/gate.c': File exists
cp: cannot create regular file '/dev/shm/linux/./drivers/clk/sprd/mux.c': File exists
cp: cannot create regular file '/dev/shm/linux/./drivers/clk/sprd/pll.c': File exists
cp: cannot create regular file '/dev/shm/linux/./drivers/clk/sprd/sc9860-clk.c': File exists
cp: cannot create regular file '/dev/shm/linux/./drivers/clk/sprd/ums512-clk.c': File exists
cp: cannot create regular file '/dev/shm/linux/./drivers/clk/st/Makefile': File exists
cp: cannot create regular file '/dev/shm/linux/./drivers/clk/st/clkgen-fsyn.c': File exists
cp: cannot create regular file '/dev/shm/linux/./drivers/clk/st/clkgen.h': File exists
cp: cannot create regular file '/dev/shm/linux/./drivers/clk/starfive/Kconfig': File exists
cp: cannot create regular file '/dev/shm/linux/./drivers/clk/starfive/clk-starfive-jh7100-audio.c': File exists
cp: cannot create regular file '/dev/shm/linux/./drivers/clk/starfive/clk-starfive-jh7110-aon.c': File exists
cp: cannot create regular file '/dev/shm/linux/./drivers/clk/starfive/clk-starfive-jh7110-pll.c': File exists
cp: cannot create regular file '/dev/shm/linux/./drivers/clk/starfive/clk-starfive-jh7110-sys.c': File exists
cp: cannot create regular file '/dev/shm/linux/./drivers/clk/starfive/clk-starfive-jh7110.h': File exists
cp: cannot create regular file '/dev/shm/linux/./drivers/clk/starfive/clk-starfive-jh71x0.c': File exists
cp: cannot create directory '/dev/shm/linux/./drivers/clk/stm32': File exists
cp: cannot create regular file '/dev/shm/linux/./drivers/clk/sunxi-ng/ccu-sun50i-h6-r.h': File exists
cp: cannot create regular file '/dev/shm/linux/./drivers/clk/sunxi-ng/ccu-sun50i-h6.h': File exists
cp: cannot create regular file '/dev/shm/linux/./drivers/clk/sunxi-ng/ccu-sun50i-h616.h': File exists
cp: cannot create regular file '/dev/shm/linux/./drivers/clk/sunxi-ng/ccu-sun55i-a523-r.c': File exists
cp: cannot create regular file '/dev/shm/linux/./drivers/clk/sunxi-ng/ccu-sun55i-a523.c': File exists
cp: cannot create regular file '/dev/shm/linux/./drivers/clk/sunxi-ng/ccu-sun5i.h': File exists
cp: cannot create regular file '/dev/shm/linux/./drivers/clk/sunxi-ng/ccu-sun6i-a31.h': File exists
cp: cannot create regular file '/dev/shm/linux/./drivers/clk/sunxi-ng/ccu-sun6i-rtc.h': File exists
cp: cannot create regular file '/dev/shm/linux/./drivers/clk/sunxi-ng/ccu-sun8i-a23-a33.h': File exists
cp: cannot create regular file '/dev/shm/linux/./drivers/clk/sunxi-ng/ccu-sun8i-a33.c': File exists
cp: cannot create regular file '/dev/shm/linux/./drivers/clk/sunxi-ng/ccu-sun8i-a83t.h': File exists
cp: cannot create regular file '/dev/shm/linux/./drivers/clk/sunxi-ng/ccu-sun8i-de2.c': File exists
cp: cannot create regular file '/dev/shm/linux/./drivers/clk/sunxi-ng/ccu-sun8i-h3.c': File exists
cp: cannot create regular file '/dev/shm/linux/./drivers/clk/sunxi-ng/ccu-sun8i-r.c': File exists
cp: cannot create regular file '/dev/shm/linux/./drivers/clk/sunxi-ng/ccu-sun8i-r40.c': File exists
cp: cannot create regular file '/dev/shm/linux/./drivers/clk/sunxi-ng/ccu-sun8i-v3s.c': File exists
cp: cannot create regular file '/dev/shm/linux/./drivers/clk/sunxi-ng/ccu-sun9i-a80-de.h': File exists
cp: cannot create regular file '/dev/shm/linux/./drivers/clk/sunxi-ng/ccu-sun9i-a80-usb.h': File exists
cp: cannot create regular file '/dev/shm/linux/./drivers/clk/sunxi-ng/ccu-sun9i-a80.h': File exists
cp: cannot create regular file '/dev/shm/linux/./drivers/clk/sunxi-ng/ccu-suniv-f1c100s.c': File exists
cp: cannot create regular file '/dev/shm/linux/./drivers/clk/sunxi-ng/ccu_common.c': File exists
cp: cannot create regular file '/dev/shm/linux/./drivers/clk/sunxi-ng/ccu_div.c': File exists
cp: cannot create regular file '/dev/shm/linux/./drivers/clk/sunxi-ng/ccu_frac.h': File exists
cp: cannot create regular file '/dev/shm/linux/./drivers/clk/sunxi-ng/ccu_gate.h': File exists
cp: cannot create regular file '/dev/shm/linux/./drivers/clk/sunxi-ng/ccu_mp.c': File exists
cp: cannot create regular file '/dev/shm/linux/./drivers/clk/sunxi-ng/ccu_mult.c': File exists
cp: cannot create regular file '/dev/shm/linux/./drivers/clk/sunxi-ng/ccu_mux.c': File exists
cp: cannot create regular file '/dev/shm/linux/./drivers/clk/sunxi-ng/ccu_nk.c': File exists
cp: cannot create regular file '/dev/shm/linux/./drivers/clk/sunxi-ng/ccu_nkm.c': File exists
cp: cannot create regular file '/dev/shm/linux/./drivers/clk/sunxi-ng/ccu_nkmp.c': File exists
cp: cannot create regular file '/dev/shm/linux/./drivers/clk/sunxi-ng/ccu_nm.c': File exists
cp: cannot create regular file '/dev/shm/linux/./drivers/clk/sunxi-ng/ccu_phase.c': File exists
cp: cannot create regular file '/dev/shm/linux/./drivers/clk/sunxi-ng/ccu_reset.c': File exists
cp: cannot create regular file '/dev/shm/linux/./drivers/clk/sunxi-ng/ccu_reset.h': File exists
cp: cannot create regular file '/dev/shm/linux/./drivers/clk/sunxi-ng/ccu_sdm.h': File exists
cp: cannot create regular file '/dev/shm/linux/./drivers/clk/sunxi/Kconfig': File exists
cp: cannot create regular file '/dev/shm/linux/./drivers/clk/sunxi/clk-a10-codec.c': File exists
cp: cannot create regular file '/dev/shm/linux/./drivers/clk/sunxi/clk-a10-mod1.c': File exists
cp: cannot create regular file '/dev/shm/linux/./drivers/clk/sunxi/clk-a10-ve.c': File exists
cp: cannot create regular file '/dev/shm/linux/./drivers/clk/sunxi/clk-factors.c': File exists
cp: cannot create regular file '/dev/shm/linux/./drivers/clk/sunxi/clk-mod0.c': File exists
cp: cannot create regular file '/dev/shm/linux/./drivers/clk/sunxi/clk-sun4i-display.c': File exists
cp: cannot create regular file '/dev/shm/linux/./drivers/clk/sunxi/clk-sun4i-tcon-ch1.c': File exists
cp: cannot create regular file '/dev/shm/linux/./drivers/clk/sunxi/clk-sun6i-apb0.c': File exists
cp: cannot create regular file '/dev/shm/linux/./drivers/clk/sunxi/clk-sun8i-apb0.c': File exists
cp: cannot create regular file '/dev/shm/linux/./drivers/clk/sunxi/clk-sun8i-bus-gates.c': File exists
cp: cannot create regular file '/dev/shm/linux/./drivers/clk/sunxi/clk-sun9i-core.c': File exists
cp: cannot create regular file '/dev/shm/linux/./drivers/clk/sunxi/clk-sun9i-mmc.c': File exists
cp: cannot create regular file '/dev/shm/linux/./drivers/clk/sunxi/clk-usb.c': File exists
cp: cannot create directory '/dev/shm/linux/./drivers/clk/tenstorrent': File exists
cp: cannot create directory '/dev/shm/linux/./drivers/clk/thead': File exists
cp: cannot create directory '/dev/shm/linux/./drivers/clk/ti': File exists
cp: cannot create regular file '/dev/shm/linux/./drivers/clk/uniphier/clk-uniphier-fixed-rate.c': File exists
cp: cannot create regular file '/dev/shm/linux/./drivers/clk/uniphier/clk-uniphier-mio.c': File exists
cp: cannot create regular file '/dev/shm/linux/./drivers/clk/uniphier/clk-uniphier.h': File exists
cp: cannot create regular file '/dev/shm/linux/./drivers/clk/ux500/clk-prcc.c': File exists
cp: cannot create regular file '/dev/shm/linux/./drivers/clk/ux500/clk-sysctrl.c': File exists
cp: cannot create regular file '/dev/shm/linux/./drivers/clk/ux500/prcc.h': File exists
cp: cannot create regular file '/dev/shm/linux/./drivers/clk/ux500/reset-prcc.h': File exists
cp: cannot create directory '/dev/shm/linux/./drivers/clk/versatile': File exists
cp: cannot create directory '/dev/shm/linux/./drivers/clk/xilinx': File exists
cp: cannot create directory '/dev/shm/linux/./drivers/clk/zynq': File exists
cp: cannot create directory '/dev/shm/linux/./drivers/clk/zynqmp': File exists
cp: cannot create regular file '/dev/shm/linux/./drivers/clocksource/asm9260_timer.c': File exists
cp: cannot create regular file '/dev/shm/linux/./drivers/clocksource/bcm_kona_timer.c': File exists
cp: cannot create regular file '/dev/shm/linux/./drivers/clocksource/clksrc_st_lpc.c': File exists
cp: cannot create regular file '/dev/shm/linux/./drivers/clocksource/dummy_timer.c': File exists
cp: cannot create regular file '/dev/shm/linux/./drivers/clocksource/dw_apb_timer_of.c': File exists
cp: cannot create regular file '/dev/shm/linux/./drivers/clocksource/exynos_mct.c': File exists
cp: cannot create regular file '/dev/shm/linux/./drivers/clocksource/i8253.c': File exists
cp: cannot create regular file '/dev/shm/linux/./drivers/clocksource/ingenic-timer.c': File exists
cp: cannot create regular file '/dev/shm/linux/./drivers/clocksource/mips-gic-timer.c': File exists
cp: cannot create regular file '/dev/shm/linux/./drivers/clocksource/mxs_timer.c': File exists
cp: cannot create regular file '/dev/shm/linux/./drivers/clocksource/numachip.c': File exists
cp: cannot create regular file '/dev/shm/linux/./drivers/clocksource/samsung_pwm_timer.c': File exists
cp: cannot create regular file '/dev/shm/linux/./drivers/clocksource/sh_cmt.c': File exists
cp: cannot create regular file '/dev/shm/linux/./drivers/clocksource/sh_tmu.c': File exists
cp: cannot create regular file '/dev/shm/linux/./drivers/clocksource/timer-atmel-pit.c': File exists
cp: cannot create regular file '/dev/shm/linux/./drivers/clocksource/timer-atmel-tcb.c': File exists
cp: cannot create regular file '/dev/shm/linux/./drivers/clocksource/timer-clint.c': File exists
cp: cannot create regular file '/dev/shm/linux/./drivers/clocksource/timer-davinci.c': File exists
cp: cannot create regular file '/dev/shm/linux/./drivers/clocksource/timer-econet-en751221.c': File exists
cp: cannot create regular file '/dev/shm/linux/./drivers/clocksource/timer-fsl-ftm.c': File exists
cp: cannot create regular file '/dev/shm/linux/./drivers/clocksource/timer-goldfish.c': File exists
cp: cannot create regular file '/dev/shm/linux/./drivers/clocksource/timer-gxp.c': File exists
cp: cannot create regular file '/dev/shm/linux/./drivers/clocksource/timer-imx-sysctr.c': File exists
cp: cannot create regular file '/dev/shm/linux/./drivers/clocksource/timer-integrator-ap.c': File exists
cp: cannot create regular file '/dev/shm/linux/./drivers/clocksource/timer-keystone.c': File exists
cp: cannot create regular file '/dev/shm/linux/./drivers/clocksource/timer-lpc32xx.c': File exists
cp: cannot create regular file '/dev/shm/linux/./drivers/clocksource/timer-mediatek.c': File exists
cp: cannot create regular file '/dev/shm/linux/./drivers/clocksource/timer-microchip-pit64b.c': File exists
cp: cannot create regular file '/dev/shm/linux/./drivers/clocksource/timer-mp-csky.c': File exists
cp: cannot create regular file '/dev/shm/linux/./drivers/clocksource/timer-npcm7xx.c': File exists
cp: cannot create regular file '/dev/shm/linux/./drivers/clocksource/timer-nxp-stm.c': File exists
cp: cannot create regular file '/dev/shm/linux/./drivers/clocksource/timer-of.h': File exists
cp: cannot create regular file '/dev/shm/linux/./drivers/clocksource/timer-owl.c': File exists
cp: cannot create regular file '/dev/shm/linux/./drivers/clocksource/timer-probe.c': File exists
cp: cannot create regular file '/dev/shm/linux/./drivers/clocksource/timer-qcom.c': File exists
cp: cannot create regular file '/dev/shm/linux/./drivers/clocksource/timer-rda.c': File exists
cp: cannot create regular file '/dev/shm/linux/./drivers/clocksource/timer-rockchip.c': File exists
cp: cannot create regular file '/dev/shm/linux/./drivers/clocksource/timer-sp.h': File exists
cp: cannot create regular file '/dev/shm/linux/./drivers/clocksource/timer-sprd.c': File exists
cp: cannot create regular file '/dev/shm/linux/./drivers/clocksource/timer-sun5i.c': File exists
cp: cannot create regular file '/dev/shm/linux/./drivers/clocksource/timer-tegra.c': File exists
cp: cannot create regular file '/dev/shm/linux/./drivers/clocksource/timer-ti-32k.c': File exists
cp: cannot create regular file '/dev/shm/linux/./drivers/clocksource/timer-ti-dm.c': File exists
cp: cannot create regular file '/dev/shm/linux/./drivers/clocksource/timer-vt8500.c': File exists
cp: cannot create directory '/dev/shm/linux/./drivers/connector': File exists
cp: cannot create directory '/dev/shm/linux/./drivers/counter': File exists
cp: cannot create directory '/dev/shm/linux/./drivers/cpufreq': File exists
cp: cannot create directory '/dev/shm/linux/./drivers/cpuidle': File exists
cp: cannot create directory '/dev/shm/linux/./drivers/crypto': File exists
cp: cannot create directory '/dev/shm/linux/./drivers/firmware/arm_scmi/transports': File exists
cp: cannot create regular file '/dev/shm/linux/./drivers/firmware/arm_scmi/vendors/imx/imx95.rst': File exists
cp: cannot create regular file '/dev/shm/linux/./drivers/firmware/arm_scpi.c': File exists
cp: cannot create directory '/dev/shm/linux/./drivers/firmware/broadcom': File exists
cp: cannot create regular file '/dev/shm/linux/./drivers/firmware/cirrus/test/Makefile': File exists
cp: cannot create regular file '/dev/shm/linux/./drivers/firmware/cirrus/test/cs_dsp_mock_mem_maps.c': File exists
cp: cannot create regular file '/dev/shm/linux/./drivers/firmware/cirrus/test/cs_dsp_mock_wmfw.c': File exists
cp: cannot create regular file '/dev/shm/linux/./drivers/firmware/cirrus/test/cs_dsp_test_bin_error.c': File exists
cp: cannot create regular file '/dev/shm/linux/./drivers/firmware/cirrus/test/cs_dsp_test_callbacks.c': File exists
cp: cannot create regular file '/dev/shm/linux/./drivers/firmware/cirrus/test/cs_dsp_test_control_parse.c': File exists
cp: cannot create regular file '/dev/shm/linux/./drivers/firmware/cirrus/test/cs_dsp_test_wmfw.c': File exists
cp: cannot create regular file '/dev/shm/linux/./drivers/firmware/cirrus/test/cs_dsp_tests.c': File exists
cp: cannot create regular file '/dev/shm/linux/./drivers/firmware/dmi_scan.c': File exists
cp: cannot create directory '/dev/shm/linux/./drivers/firmware/efi': File exists
cp: cannot create regular file '/dev/shm/linux/./drivers/firmware/ti_sci.h': File exists
cp: cannot create regular file '/dev/shm/linux/./drivers/firmware/trusted_foundations.c': File exists
cp: cannot create regular file '/dev/shm/linux/./drivers/firmware/turris-mox-rwtm.c': File exists
cp: cannot create regular file '/dev/shm/linux/./drivers/firmware/xilinx/Kconfig': File exists
cp: cannot create regular file '/dev/shm/linux/./drivers/firmware/xilinx/zynqmp-crypto.c': File exists
cp: cannot create regular file '/dev/shm/linux/./drivers/firmware/xilinx/zynqmp-debug.h': File exists
cp: cannot create regular file '/dev/shm/linux/./drivers/firmware/xilinx/zynqmp.c': File exists
cp: cannot create regular file '/dev/shm/linux/./drivers/fpga/Kconfig': File exists
cp: cannot create regular file '/dev/shm/linux/./drivers/fpga/altera-cvp.c': File exists
cp: cannot create regular file '/dev/shm/linux/./drivers/fpga/altera-freeze-bridge.c': File exists
cp: cannot create regular file '/dev/shm/linux/./drivers/fpga/altera-pr-ip-core-plat.c': File exists
cp: cannot create regular file '/dev/shm/linux/./drivers/fpga/altera-ps-spi.c': File exists
cp: cannot create regular file '/dev/shm/linux/./drivers/fpga/dfl-afu-error.c': File exists
cp: cannot create regular file '/dev/shm/linux/./drivers/fpga/dfl-afu-region.c': File exists
cp: cannot create regular file '/dev/shm/linux/./drivers/fpga/dfl-afu.h': File exists
cp: cannot create regular file '/dev/shm/linux/./drivers/fpga/dfl-fme-br.c': File exists
cp: cannot create regular file '/dev/shm/linux/./drivers/fpga/dfl-fme-mgr.c': File exists
cp: cannot create regular file '/dev/shm/linux/./drivers/fpga/dfl-fme-pr.c': File exists
cp: cannot create regular file '/dev/shm/linux/./drivers/fpga/dfl-fme-region.c': File exists
cp: cannot create regular file '/dev/shm/linux/./drivers/fpga/dfl-n3000-nios.c': File exists
cp: cannot create regular file '/dev/shm/linux/./drivers/fpga/dfl.c': File exists
cp: cannot create regular file '/dev/shm/linux/./drivers/fpga/fpga-bridge.c': File exists
cp: cannot create regular file '/dev/shm/linux/./drivers/fpga/fpga-region.c': File exists
cp: cannot create regular file '/dev/shm/linux/./drivers/fpga/intel-m10-bmc-sec-update.c': File exists
cp: cannot create regular file '/dev/shm/linux/./drivers/fpga/lattice-sysconfig.c': File exists
cp: cannot create regular file '/dev/shm/linux/./drivers/fpga/machxo2-spi.c': File exists
cp: cannot create regular file '/dev/shm/linux/./drivers/fpga/of-fpga-region.c': File exists
cp: cannot create regular file '/dev/shm/linux/./drivers/fpga/stratix10-soc.c': File exists
cp: cannot create regular file '/dev/shm/linux/./drivers/fpga/tests/.kunitconfig': File exists
cp: cannot create regular file '/dev/shm/linux/./drivers/fpga/tests/Makefile': File exists
cp: cannot create regular file '/dev/shm/linux/./drivers/fpga/tests/fpga-mgr-test.c': File exists
cp: cannot create regular file '/dev/shm/linux/./drivers/fpga/ts73xx-fpga.c': File exists
cp: cannot create regular file '/dev/shm/linux/./drivers/fpga/xilinx-core.c': File exists
cp: cannot create regular file '/dev/shm/linux/./drivers/fpga/xilinx-selectmap.c': File exists
cp: cannot create regular file '/dev/shm/linux/./drivers/fpga/xilinx-spi.c': File exists
cp: cannot create directory '/dev/shm/linux/./drivers/fsi': File exists
cp: cannot create regular file '/dev/shm/linux/./drivers/gnss/sirf.c': File exists
cp: cannot create regular file '/dev/shm/linux/./drivers/gnss/usb.c': File exists
cp: cannot create regular file '/dev/shm/linux/./drivers/gpib/Kconfig': File exists
cp: cannot create regular file '/dev/shm/linux/./drivers/gpib/TODO': File exists
cp: cannot create regular file '/dev/shm/linux/./drivers/gpib/agilent_82350b/Makefile': File exists
cp: cannot create regular file '/dev/shm/linux/./drivers/gpib/agilent_82350b/agilent_82350b.h': File exists
cp: cannot create regular file '/dev/shm/linux/./drivers/gpib/agilent_82357a/Makefile': File exists
cp: cannot create regular file '/dev/shm/linux/./drivers/gpib/agilent_82357a/agilent_82357a.h': File exists
cp: cannot create regular file '/dev/shm/linux/./drivers/gpib/cb7210/cb7210.c': File exists
cp: cannot create directory '/dev/shm/linux/./drivers/gpib/cec': File exists
cp: cannot create regular file '/dev/shm/linux/./drivers/gpib/common/ibsys.h': File exists
cp: cannot create directory '/dev/shm/linux/./drivers/gpib/fmh_gpib': File exists
cp: cannot create regular file '/dev/shm/linux/./drivers/gpib/gpio/Makefile': File exists
cp: cannot create directory '/dev/shm/linux/./drivers/gpib/hp_82335': File exists
cp: cannot create directory '/dev/shm/linux/./drivers/gpib/include': File exists
cp: cannot create directory '/dev/shm/linux/./drivers/gpib/pc2': File exists
cp: cannot create directory '/dev/shm/linux/./drivers/gpib/tnt4882': File exists
cp: cannot create regular file '/dev/shm/linux/./drivers/gpio/gpio-104-idi-48.c': File exists
cp: cannot create regular file '/dev/shm/linux/./drivers/gpio/gpio-74x164.c': File exists
cp: cannot create regular file '/dev/shm/linux/./drivers/gpio/gpio-adnp.c': File exists
cp: cannot create regular file '/dev/shm/linux/./drivers/gpio/gpio-aggregator.c': File exists
cp: cannot create regular file '/dev/shm/linux/./drivers/gpio/gpio-amd-fch.c': File exists
cp: cannot create regular file '/dev/shm/linux/./drivers/gpio/gpio-amdpt.c': File exists
cp: cannot create regular file '/dev/shm/linux/./drivers/gpio/gpio-aspeed-sgpio.c': File exists
cp: cannot create regular file '/dev/shm/linux/./drivers/gpio/gpio-ath79.c': File exists
cp: cannot create regular file '/dev/shm/linux/./drivers/gpio/gpio-bd71815.c': File exists
cp: cannot create regular file '/dev/shm/linux/./drivers/gpio/gpio-bd72720.c': File exists
cp: cannot create regular file '/dev/shm/linux/./drivers/gpio/gpio-bd9571mwv.c': File exists
cp: cannot create regular file '/dev/shm/linux/./drivers/gpio/gpio-brcmstb.c': File exists
cp: cannot create regular file '/dev/shm/linux/./drivers/gpio/gpio-cgbc.c': File exists
cp: cannot create regular file '/dev/shm/linux/./drivers/gpio/gpio-clps711x.c': File exists
cp: cannot create regular file '/dev/shm/linux/./drivers/gpio/gpio-cros-ec.c': File exists
cp: cannot create regular file '/dev/shm/linux/./drivers/gpio/gpio-cs5535.c': File exists
cp: cannot create regular file '/dev/shm/linux/./drivers/gpio/gpio-da9055.c': File exists
cp: cannot create regular file '/dev/shm/linux/./drivers/gpio/gpio-dln2.c': File exists
cp: cannot create regular file '/dev/shm/linux/./drivers/gpio/gpio-dwapb.c': File exists
cp: cannot create regular file '/dev/shm/linux/./drivers/gpio/gpio-elkhartlake.c': File exists
cp: cannot create regular file '/dev/shm/linux/./drivers/gpio/gpio-en7523.c': File exists
cp: cannot create regular file '/dev/shm/linux/./drivers/gpio/gpio-exar.c': File exists
cp: cannot create regular file '/dev/shm/linux/./drivers/gpio/gpio-ftgpio010.c': File exists
cp: cannot create regular file '/dev/shm/linux/./drivers/gpio/gpio-ge.c': File exists
cp: cannot create regular file '/dev/shm/linux/./drivers/gpio/gpio-graniterapids.c': File exists
cp: cannot create regular file '/dev/shm/linux/./drivers/gpio/gpio-gw-pld.c': File exists
cp: cannot create regular file '/dev/shm/linux/./drivers/gpio/gpio-hlwd.c': File exists
cp: cannot create regular file '/dev/shm/linux/./drivers/gpio/gpio-i8255.c': File exists
cp: cannot create regular file '/dev/shm/linux/./drivers/gpio/gpio-idio-16.c': File exists
cp: cannot create regular file '/dev/shm/linux/./drivers/gpio/gpio-idt3243x.c': File exists
cp: cannot create regular file '/dev/shm/linux/./drivers/gpio/gpio-ixp4xx.c': File exists
cp: cannot create regular file '/dev/shm/linux/./drivers/gpio/gpio-kempld.c': File exists
cp: cannot create regular file '/dev/shm/linux/./drivers/gpio/gpio-line-mux.c': File exists
cp: cannot create regular file '/dev/shm/linux/./drivers/gpio/gpio-logicvc.c': File exists
cp: cannot create regular file '/dev/shm/linux/./drivers/gpio/gpio-loongson.c': File exists
cp: cannot create regular file '/dev/shm/linux/./drivers/gpio/gpio-lp3943.c': File exists
cp: cannot create regular file '/dev/shm/linux/./drivers/gpio/gpio-lp87565.c': File exists
cp: cannot create regular file '/dev/shm/linux/./drivers/gpio/gpio-macsmc.c': File exists
cp: cannot create regular file '/dev/shm/linux/./drivers/gpio/gpio-max3191x.c': File exists
cp: cannot create regular file '/dev/shm/linux/./drivers/gpio/gpio-max7301.c': File exists
cp: cannot create regular file '/dev/shm/linux/./drivers/gpio/gpio-max730x.c': File exists
cp: cannot create regular file '/dev/shm/linux/./drivers/gpio/gpio-max7360.c': File exists
cp: cannot create regular file '/dev/shm/linux/./drivers/gpio/gpio-max77650.c': File exists
cp: cannot create regular file '/dev/shm/linux/./drivers/gpio/gpio-mb86s7x.c': File exists
cp: cannot create regular file '/dev/shm/linux/./drivers/gpio/gpio-merrifield.c': File exists
cp: cannot create regular file '/dev/shm/linux/./drivers/gpio/gpio-ml-ioh.c': File exists
cp: cannot create regular file '/dev/shm/linux/./drivers/gpio/gpio-mlxbf2.c': File exists
cp: cannot create regular file '/dev/shm/linux/./drivers/gpio/gpio-mmio.c': File exists
cp: cannot create regular file '/dev/shm/linux/./drivers/gpio/gpio-moxtet.c': File exists
cp: cannot create regular file '/dev/shm/linux/./drivers/gpio/gpio-mpc8xxx.c': File exists
cp: cannot create regular file '/dev/shm/linux/./drivers/gpio/gpio-mpsse.c': File exists
cp: cannot create regular file '/dev/shm/linux/./drivers/gpio/gpio-mt7621.c': File exists
cp: cannot create regular file '/dev/shm/linux/./drivers/gpio/gpio-mxc.c': File exists
cp: cannot create regular file '/dev/shm/linux/./drivers/gpio/gpio-nct6694.c': File exists
cp: cannot create regular file '/dev/shm/linux/./drivers/gpio/gpio-novalake-events.c': File exists
cp: cannot create regular file '/dev/shm/linux/./drivers/gpio/gpio-octeon.c': File exists
cp: cannot create regular file '/dev/shm/linux/./drivers/gpio/gpio-palmas.c': File exists
cp: cannot create regular file '/dev/shm/linux/./drivers/gpio/gpio-pca953x.c': File exists
cp: cannot create regular file '/dev/shm/linux/./drivers/gpio/gpio-pcf857x.c': File exists
cp: cannot create regular file '/dev/shm/linux/./drivers/gpio/gpio-pci-idio-16.c': File exists
cp: cannot create regular file '/dev/shm/linux/./drivers/gpio/gpio-pisosr.c': File exists
cp: cannot create regular file '/dev/shm/linux/./drivers/gpio/gpio-pmic-eic-sprd.c': File exists
cp: cannot create regular file '/dev/shm/linux/./drivers/gpio/gpio-qixis-fpga.c': File exists
cp: cannot create regular file '/dev/shm/linux/./drivers/gpio/gpio-rc5t583.c': File exists
cp: cannot create regular file '/dev/shm/linux/./drivers/gpio/gpio-rda.c': File exists
cp: cannot create regular file '/dev/shm/linux/./drivers/gpio/gpio-realtek-otto.c': File exists
cp: cannot create regular file '/dev/shm/linux/./drivers/gpio/gpio-regmap.c': File exists
cp: cannot create regular file '/dev/shm/linux/./drivers/gpio/gpio-rtd.c': File exists
cp: cannot create regular file '/dev/shm/linux/./drivers/gpio/gpio-sama5d2-piobu.c': File exists
cp: cannot create regular file '/dev/shm/linux/./drivers/gpio/gpio-sch311x.c': File exists
cp: cannot create regular file '/dev/shm/linux/./drivers/gpio/gpio-sifive.c': File exists
cp: cannot create regular file '/dev/shm/linux/./drivers/gpio/gpio-siox.c': File exists
cp: cannot create regular file '/dev/shm/linux/./drivers/gpio/gpio-sodaville.c': File exists
cp: cannot create regular file '/dev/shm/linux/./drivers/gpio/gpio-spear-spics.c': File exists
cp: cannot create regular file '/dev/shm/linux/./drivers/gpio/gpio-stmpe.c': File exists
cp: cannot create regular file '/dev/shm/linux/./drivers/gpio/gpio-syscon.c': File exists
cp: cannot create regular file '/dev/shm/linux/./drivers/gpio/gpio-tb10x.c': File exists
cp: cannot create regular file '/dev/shm/linux/./drivers/gpio/gpio-tegra186.c': File exists
cp: cannot create regular file '/dev/shm/linux/./drivers/gpio/gpio-thunderx.c': File exists
cp: cannot create regular file '/dev/shm/linux/./drivers/gpio/gpio-tpic2810.c': File exists
cp: cannot create regular file '/dev/shm/linux/./drivers/gpio/gpio-tps65218.c': File exists
cp: cannot create regular file '/dev/shm/linux/./drivers/gpio/gpio-tps6586x.c': File exists
cp: cannot create regular file '/dev/shm/linux/./drivers/gpio/gpio-tps65912.c': File exists
cp: cannot create regular file '/dev/shm/linux/./drivers/gpio/gpio-tqmx86.c': File exists
cp: cannot create regular file '/dev/shm/linux/./drivers/gpio/gpio-ts4900.c': File exists
cp: cannot create regular file '/dev/shm/linux/./drivers/gpio/gpio-twl4030.c': File exists
cp: cannot create regular file '/dev/shm/linux/./drivers/gpio/gpio-uniphier.c': File exists
cp: cannot create regular file '/dev/shm/linux/./drivers/gpio/gpio-vf610.c': File exists
cp: cannot create regular file '/dev/shm/linux/./drivers/gpio/gpio-virtio.c': File exists
cp: cannot create regular file '/dev/shm/linux/./drivers/gpio/gpio-visconti.c': File exists
cp: cannot create regular file '/dev/shm/linux/./drivers/gpio/gpio-vx855.c': File exists
cp: cannot create regular file '/dev/shm/linux/./drivers/gpio/gpio-winbond.c': File exists
cp: cannot create regular file '/dev/shm/linux/./drivers/gpio/gpio-wm8350.c': File exists
cp: cannot create regular file '/dev/shm/linux/./drivers/gpio/gpio-ws16c48.c': File exists
cp: cannot create regular file '/dev/shm/linux/./drivers/gpio/gpio-xgene.c': File exists
cp: cannot create regular file '/dev/shm/linux/./drivers/gpio/gpio-xilinx.c': File exists
cp: cannot create regular file '/dev/shm/linux/./drivers/gpio/gpio-xtensa.c': File exists
cp: cannot create regular file '/dev/shm/linux/./drivers/gpio/gpio-zynq.c': File exists
cp: cannot create regular file '/dev/shm/linux/./drivers/gpio/gpiolib-acpi-core.c': File exists
cp: cannot create regular file '/dev/shm/linux/./drivers/gpio/gpiolib-acpi.h': File exists
cp: cannot create regular file '/dev/shm/linux/./drivers/gpio/gpiolib-cdev.h': File exists
cp: cannot create regular file '/dev/shm/linux/./drivers/gpio/gpiolib-devres.c': File exists
cp: cannot create regular file '/dev/shm/linux/./drivers/gpio/gpiolib-of.c': File exists
cp: cannot create regular file '/dev/shm/linux/./drivers/gpio/gpiolib-shared.h': File exists
cp: cannot create regular file '/dev/shm/linux/./drivers/gpio/gpiolib-sysfs.h': File exists
cp: cannot create regular file '/dev/shm/linux/./drivers/gpio/gpiolib.h': File exists
cp: cannot create directory '/dev/shm/linux/./drivers/greybus': File exists
cp: cannot create directory '/dev/shm/linux/./drivers/hid': File exists
cp: cannot create directory '/dev/shm/linux/./drivers/hsi': File exists
cp: cannot create directory '/dev/shm/linux/./drivers/hte': File exists
cp: cannot create directory '/dev/shm/linux/./drivers/hv': File exists
cp: cannot create directory '/dev/shm/linux/./drivers/hwmon': File exists
cp: cannot create directory '/dev/shm/linux/./drivers/hwspinlock': File exists
cp: cannot create directory '/dev/shm/linux/./drivers/hwtracing': File exists
cp: cannot create directory '/dev/shm/linux/./drivers/i2c': File exists
cp: cannot create directory '/dev/shm/linux/./drivers/i3c': File exists
cp: cannot create directory '/dev/shm/linux/./drivers/idle': File exists
cp: cannot create directory '/dev/shm/linux/./drivers/iio': File exists
cp: cannot create directory '/dev/shm/linux/./drivers/infiniband': File exists
cp: cannot create directory '/dev/shm/linux/./drivers/input': File exists
cp: cannot create directory '/dev/shm/linux/./drivers/interconnect': File exists
cp: cannot create directory '/dev/shm/linux/./drivers/iommu': File exists
cp: cannot create directory '/dev/shm/linux/./drivers/ipack': File exists
cp: cannot create directory '/dev/shm/linux/./drivers/irqchip': File exists
cp: cannot create directory '/dev/shm/linux/./drivers/leds': File exists
cp: cannot create directory '/dev/shm/linux/./drivers/macintosh': File exists
cp: cannot create directory '/dev/shm/linux/./drivers/mailbox': File exists
cp: cannot create directory '/dev/shm/linux/./drivers/mcb': File exists
cp: cannot create directory '/dev/shm/linux/./drivers/md': File exists
cp: cannot create directory '/dev/shm/linux/./drivers/media': File exists
cp: cannot create directory '/dev/shm/linux/./drivers/memory': File exists
cp: cannot create directory '/dev/shm/linux/./drivers/memstick': File exists
cp: cannot create directory '/dev/shm/linux/./drivers/message': File exists
cp: cannot create directory '/dev/shm/linux/./drivers/mfd': File exists
cp: cannot create directory '/dev/shm/linux/./drivers/misc': File exists
cp: cannot create directory '/dev/shm/linux/./drivers/mmc': File exists
cp: cannot create directory '/dev/shm/linux/./drivers/most': File exists
cp: cannot create directory '/dev/shm/linux/./drivers/mtd': File exists
cp: cannot create directory '/dev/shm/linux/./drivers/mux': File exists
cp: cannot create directory '/dev/shm/linux/./drivers/net': File exists
cp: cannot create regular file '/dev/shm/linux/./drivers/thermal/dove_thermal.c': File exists
cp: cannot create regular file '/dev/shm/linux/./drivers/thermal/gov_bang_bang.c': File exists
cp: cannot create regular file '/dev/shm/linux/./drivers/thermal/gov_user_space.c': File exists
cp: cannot create regular file '/dev/shm/linux/./drivers/thermal/hisi_thermal.c': File exists
cp: cannot create regular file '/dev/shm/linux/./drivers/thermal/imx91_thermal.c': File exists
cp: cannot create directory '/dev/shm/linux/./drivers/thermal/intel': File exists
cp: cannot create regular file '/dev/shm/linux/./drivers/thermal/st/Makefile': File exists
cp: cannot create regular file '/dev/shm/linux/./drivers/thermal/st/st_thermal_memmap.c': File exists
cp: cannot create directory '/dev/shm/linux/./drivers/thermal/tegra': File exists
cp: cannot create regular file '/dev/shm/linux/./drivers/thermal/thermal_mmio.c': File exists
cp: cannot create regular file '/dev/shm/linux/./drivers/thermal/thermal_netlink.h': File exists
cp: cannot create regular file '/dev/shm/linux/./drivers/thermal/thermal_sysfs.c': File exists
cp: cannot create regular file '/dev/shm/linux/./drivers/thermal/thermal_thresholds.h': File exists
cp: cannot create regular file '/dev/shm/linux/./drivers/thermal/thermal_trace_ipa.h': File exists
cp: cannot create directory '/dev/shm/linux/./drivers/thermal/ti-soc-thermal': File exists
cp: cannot create regular file '/dev/shm/linux/./drivers/thunderbolt/icm.c': File exists
cp: cannot create regular file '/dev/shm/linux/./drivers/thunderbolt/nhi.c': File exists
cp: cannot create regular file '/dev/shm/linux/./drivers/thunderbolt/nhi_ops.c': File exists
cp: cannot create regular file '/dev/shm/linux/./drivers/thunderbolt/nvm.c': File exists
cp: cannot create regular file '/dev/shm/linux/./drivers/thunderbolt/property.c': File exists
cp: cannot create regular file '/dev/shm/linux/./drivers/thunderbolt/sb_regs.h': File exists
cp: cannot create regular file '/dev/shm/linux/./drivers/thunderbolt/switch.c': File exists
cp: cannot create regular file '/dev/shm/linux/./drivers/thunderbolt/tb.c': File exists
cp: cannot create regular file '/dev/shm/linux/./drivers/thunderbolt/tb.h': File exists
cp: cannot create regular file '/dev/shm/linux/./drivers/thunderbolt/tb_msgs.h': File exists
cp: cannot create regular file '/dev/shm/linux/./drivers/thunderbolt/tb_regs.h': File exists
cp: cannot create regular file '/dev/shm/linux/./drivers/thunderbolt/test.c': File exists
cp: cannot create regular file '/dev/shm/linux/./drivers/thunderbolt/tmu.c': File exists
cp: cannot create regular file '/dev/shm/linux/./drivers/thunderbolt/trace.h': File exists
cp: cannot create regular file '/dev/shm/linux/./drivers/thunderbolt/tunnel.c': File exists
cp: cannot create regular file '/dev/shm/linux/./drivers/thunderbolt/tunnel.h': File exists
cp: cannot create regular file '/dev/shm/linux/./drivers/thunderbolt/usb4.c': File exists
cp: cannot create regular file '/dev/shm/linux/./drivers/thunderbolt/usb4_port.c': File exists
cp: cannot create regular file '/dev/shm/linux/./drivers/thunderbolt/xdomain.c': File exists
cp: cannot create directory '/dev/shm/linux/./drivers/tty': File exists
cp: cannot create regular file '/dev/shm/linux/./drivers/usb/dwc3/dwc3-google.c': File exists
cp: cannot create regular file '/dev/shm/linux/./drivers/usb/dwc3/dwc3-imx8mp.c': File exists
cp: cannot create regular file '/dev/shm/linux/./drivers/usb/dwc3/dwc3-meson-g12a.c': File exists
cp: cannot create regular file '/dev/shm/linux/./drivers/usb/dwc3/dwc3-of-simple.c': File exists
cp: cannot create regular file '/dev/shm/linux/./drivers/usb/dwc3/dwc3-pci.c': File exists
cp: cannot create regular file '/dev/shm/linux/./drivers/usb/dwc3/dwc3-qcom.c': File exists
cp: cannot create regular file '/dev/shm/linux/./drivers/usb/dwc3/dwc3-st.c': File exists
cp: cannot create regular file '/dev/shm/linux/./drivers/usb/dwc3/dwc3-xilinx.c': File exists
cp: cannot create regular file '/dev/shm/linux/./drivers/usb/dwc3/gadget.c': File exists
cp: cannot create regular file '/dev/shm/linux/./drivers/usb/dwc3/io.h': File exists
cp: cannot create regular file '/dev/shm/linux/./drivers/usb/dwc3/ulpi.c': File exists
cp: cannot create regular file '/dev/shm/linux/./drivers/usb/early/Makefile': File exists
cp: cannot create regular file '/dev/shm/linux/./drivers/usb/early/xhci-dbc.c': File exists
cp: cannot create directory '/dev/shm/linux/./drivers/usb/fotg210': File exists
cp: cannot create regular file '/dev/shm/linux/./drivers/usb/gadget/function/f_acm.c': File exists
cp: cannot create regular file '/dev/shm/linux/./drivers/usb/gadget/function/f_eem.c': File exists
cp: cannot create regular file '/dev/shm/linux/./drivers/usb/gadget/function/f_hid.c': File exists
cp: cannot create regular file '/dev/shm/linux/./drivers/usb/gadget/function/f_mass_storage.c': File exists
cp: cannot create regular file '/dev/shm/linux/./drivers/usb/gadget/function/f_midi.c': File exists
cp: cannot create regular file '/dev/shm/linux/./drivers/usb/gadget/function/f_ncm.c': File exists
cp: cannot create regular file '/dev/shm/linux/./drivers/usb/gadget/function/f_phonet.c': File exists
cp: cannot create regular file '/dev/shm/linux/./drivers/usb/gadget/function/f_rndis.c': File exists
cp: cannot create regular file '/dev/shm/linux/./drivers/usb/gadget/function/f_subset.c': File exists
cp: cannot create regular file '/dev/shm/linux/./drivers/usb/gadget/function/f_uac1.c': File exists
cp: cannot create regular file '/dev/shm/linux/./drivers/usb/gadget/function/f_uac2.c': File exists
cp: cannot create regular file '/dev/shm/linux/./drivers/usb/gadget/function/f_uvc.h': File exists
cp: cannot create regular file '/dev/shm/linux/./drivers/usb/gadget/function/g_zero.h': File exists
cp: cannot create regular file '/dev/shm/linux/./drivers/usb/gadget/function/rndis.h': File exists
cp: cannot create regular file '/dev/shm/linux/./drivers/usb/gadget/function/tcm.h': File exists
cp: cannot create regular file '/dev/shm/linux/./drivers/usb/gadget/function/u_audio.h': File exists
cp: cannot create regular file '/dev/shm/linux/./drivers/usb/gadget/function/u_eem.h': File exists
cp: cannot create regular file '/dev/shm/linux/./drivers/usb/gadget/function/u_ether.h': File exists
cp: cannot create regular file '/dev/shm/linux/./drivers/usb/gadget/function/u_fs.h': File exists
cp: cannot create regular file '/dev/shm/linux/./drivers/usb/gadget/function/u_hid.h': File exists
cp: cannot create regular file '/dev/shm/linux/./drivers/usb/gadget/function/u_midi2.h': File exists
cp: cannot create regular file '/dev/shm/linux/./drivers/usb/gadget/function/u_phonet.h': File exists
cp: cannot create regular file '/dev/shm/linux/./drivers/usb/gadget/function/u_rndis.h': File exists
cp: cannot create regular file '/dev/shm/linux/./drivers/usb/gadget/function/u_tcm.h': File exists
cp: cannot create regular file '/dev/shm/linux/./drivers/usb/gadget/function/u_uac1_legacy.c': File exists
cp: cannot create regular file '/dev/shm/linux/./drivers/usb/gadget/function/u_uac2.h': File exists
cp: cannot create regular file '/dev/shm/linux/./drivers/usb/gadget/function/uac_common.h': File exists
cp: cannot create regular file '/dev/shm/linux/./drivers/usb/gadget/function/uvc_configfs.c': File exists
cp: cannot create regular file '/dev/shm/linux/./drivers/usb/gadget/function/uvc_queue.c': File exists
cp: cannot create regular file '/dev/shm/linux/./drivers/usb/gadget/function/uvc_trace.c': File exists
cp: cannot create regular file '/dev/shm/linux/./drivers/usb/gadget/function/uvc_v4l2.c': File exists
cp: cannot create regular file '/dev/shm/linux/./drivers/usb/gadget/function/uvc_video.c': File exists
cp: cannot create regular file '/dev/shm/linux/./drivers/usb/gadget/functions.c': File exists
cp: cannot create regular file '/dev/shm/linux/./drivers/usb/gadget/legacy/Kconfig': File exists
cp: cannot create regular file '/dev/shm/linux/./drivers/usb/gadget/legacy/acm_ms.c': File exists
cp: cannot create regular file '/dev/shm/linux/./drivers/usb/gadget/legacy/cdc2.c': File exists
cp: cannot create regular file '/dev/shm/linux/./drivers/usb/gadget/legacy/ether.c': File exists
cp: cannot create regular file '/dev/shm/linux/./drivers/usb/gadget/legacy/gmidi.c': File exists
cp: cannot create regular file '/dev/shm/linux/./drivers/usb/gadget/legacy/inode.c': File exists
cp: cannot create regular file '/dev/shm/linux/./drivers/usb/gadget/legacy/multi.c': File exists
cp: cannot create regular file '/dev/shm/linux/./drivers/usb/gadget/legacy/nokia.c': File exists
cp: cannot create regular file '/dev/shm/linux/./drivers/usb/gadget/legacy/raw_gadget.c': File exists
cp: cannot create regular file '/dev/shm/linux/./drivers/usb/gadget/legacy/tcm_usb_gadget.c': File exists
cp: cannot create regular file '/dev/shm/linux/./drivers/usb/gadget/legacy/zero.c': File exists
cp: cannot create regular file '/dev/shm/linux/./drivers/usb/gadget/u_os_desc.h': File exists
cp: cannot create directory '/dev/shm/linux/./drivers/usb/gadget/udc': File exists
cp: cannot create regular file '/dev/shm/linux/./drivers/usb/host/uhci-hcd.h': File exists
cp: cannot create regular file '/dev/shm/linux/./drivers/usb/host/uhci-pci.c': File exists
cp: cannot create regular file '/dev/shm/linux/./drivers/usb/host/uhci-q.c': File exists
cp: cannot create regular file '/dev/shm/linux/./drivers/usb/host/xhci-caps.h': File exists
cp: cannot create regular file '/dev/shm/linux/./drivers/usb/host/xhci-dbgcap.c': File exists
cp: cannot create regular file '/dev/shm/linux/./drivers/usb/host/xhci-dbgtty.c': File exists
cp: cannot create regular file '/dev/shm/linux/./drivers/usb/host/xhci-debugfs.h': File exists
cp: cannot create regular file '/dev/shm/linux/./drivers/usb/host/xhci-ext-caps.h': File exists
cp: cannot create regular file '/dev/shm/linux/./drivers/usb/host/xhci-hub.c': File exists
cp: cannot create regular file '/dev/shm/linux/./drivers/usb/host/xhci-mtk-sch.c': File exists
cp: cannot create regular file '/dev/shm/linux/./drivers/usb/host/xhci-mtk.h': File exists
cp: cannot create regular file '/dev/shm/linux/./drivers/usb/host/xhci-mvebu.h': File exists
cp: cannot create regular file '/dev/shm/linux/./drivers/usb/host/xhci-pci-renesas.c': File exists
cp: cannot create regular file '/dev/shm/linux/./drivers/usb/host/xhci-pci.h': File exists
cp: cannot create regular file '/dev/shm/linux/./drivers/usb/host/xhci-plat.c': File exists
cp: cannot create regular file '/dev/shm/linux/./drivers/usb/host/xhci-port.h': File exists
cp: cannot create regular file '/dev/shm/linux/./drivers/usb/host/xhci-rcar.c': File exists
cp: cannot create regular file '/dev/shm/linux/./drivers/usb/host/xhci-rzg3e-regs.h': File exists
cp: cannot create regular file '/dev/shm/linux/./drivers/usb/host/xhci-rzv2m.h': File exists
cp: cannot create regular file '/dev/shm/linux/./drivers/usb/host/xhci-tegra.c': File exists
cp: cannot create regular file '/dev/shm/linux/./drivers/usb/host/xhci-trace.h': File exists
cp: cannot create regular file '/dev/shm/linux/./drivers/usb/host/xhci.h': File exists
cp: cannot create regular file '/dev/shm/linux/./drivers/usb/image/Kconfig': File exists
cp: cannot create regular file '/dev/shm/linux/./drivers/usb/image/mdc800.c': File exists
cp: cannot create regular file '/dev/shm/linux/./drivers/usb/image/microtek.h': File exists
cp: cannot create regular file '/dev/shm/linux/./drivers/usb/isp1760/Kconfig': File exists
cp: cannot create regular file '/dev/shm/linux/./drivers/usb/isp1760/isp1760-core.c': File exists
cp: cannot create regular file '/dev/shm/linux/./drivers/usb/isp1760/isp1760-hcd.c': File exists
cp: cannot create regular file '/dev/shm/linux/./drivers/usb/isp1760/isp1760-if.c': File exists
cp: cannot create regular file '/dev/shm/linux/./drivers/usb/isp1760/isp1760-udc.c': File exists
cp: cannot create regular file '/dev/shm/linux/./drivers/usb/misc/Makefile': File exists
cp: cannot create regular file '/dev/shm/linux/./drivers/usb/misc/apple-mfi-fastcharge.c': File exists
cp: cannot create regular file '/dev/shm/linux/./drivers/usb/misc/chaoskey.c': File exists
cp: cannot create regular file '/dev/shm/linux/./drivers/usb/misc/cytherm.c': File exists
cp: cannot create regular file '/dev/shm/linux/./drivers/usb/misc/emi26.c': File exists
cp: cannot create regular file '/dev/shm/linux/./drivers/usb/misc/ezusb.c': File exists
cp: cannot create regular file '/dev/shm/linux/./drivers/usb/misc/iowarrior.c': File exists
cp: cannot create regular file '/dev/shm/linux/./drivers/usb/misc/legousbtower.c': File exists
cp: cannot create regular file '/dev/shm/linux/./drivers/usb/misc/onboard_usb_dev.c': File exists
cp: cannot create regular file '/dev/shm/linux/./drivers/usb/misc/onboard_usb_dev_pdevs.c': File exists
cp: cannot create directory '/dev/shm/linux/./drivers/usb/misc/sisusbvga': File exists
cp: cannot create regular file '/dev/shm/linux/./drivers/usb/misc/usbtest.c': File exists
cp: cannot create regular file '/dev/shm/linux/./drivers/usb/misc/yurex.c': File exists
cp: cannot create regular file '/dev/shm/linux/./drivers/usb/mon/Kconfig': File exists
cp: cannot create regular file '/dev/shm/linux/./drivers/usb/mon/mon_main.c': File exists
cp: cannot create regular file '/dev/shm/linux/./drivers/usb/mon/mon_text.c': File exists
cp: cannot create directory '/dev/shm/linux/./drivers/usb/mtu3': File exists
cp: cannot create regular file '/dev/shm/linux/./drivers/usb/musb/musb_host.h': File exists
cp: cannot create regular file '/dev/shm/linux/./drivers/usb/musb/musb_trace.c': File exists
cp: cannot create regular file '/dev/shm/linux/./drivers/usb/musb/musb_virthub.c': File exists
cp: cannot create regular file '/dev/shm/linux/./drivers/usb/musb/omap2430.c': File exists
cp: cannot create regular file '/dev/shm/linux/./drivers/usb/musb/sunxi.c': File exists
cp: cannot create regular file '/dev/shm/linux/./drivers/usb/musb/tusb6010.h': File exists
cp: cannot create regular file '/dev/shm/linux/./drivers/usb/musb/ux500.c': File exists
cp: cannot create directory '/dev/shm/linux/./drivers/usb/phy': File exists
cp: cannot create regular file '/dev/shm/linux/./drivers/usb/serial/Kconfig': File exists
cp: cannot create regular file '/dev/shm/linux/./drivers/usb/serial/Makefile-keyspan_pda_fw': File exists
cp: cannot create regular file '/dev/shm/linux/./drivers/usb/serial/ark3116.c': File exists
cp: cannot create regular file '/dev/shm/linux/./drivers/usb/serial/belkin_sa.h': File exists
cp: cannot create regular file '/dev/shm/linux/./drivers/usb/serial/ch341.c': File exists
cp: cannot create regular file '/dev/shm/linux/./drivers/usb/serial/cp210x.c': File exists
cp: cannot create regular file '/dev/shm/linux/./drivers/usb/serial/cypress_m8.c': File exists
cp: cannot create regular file '/dev/shm/linux/./drivers/usb/serial/empeg.c': File exists
cp: cannot create regular file '/dev/shm/linux/./drivers/usb/serial/f81232.c': File exists
cp: cannot create regular file '/dev/shm/linux/./drivers/usb/serial/ftdi_sio.c': File exists
cp: cannot create regular file '/dev/shm/linux/./drivers/usb/serial/ftdi_sio_ids.h': File exists
cp: cannot create regular file '/dev/shm/linux/./drivers/usb/serial/generic.c': File exists
cp: cannot create regular file '/dev/shm/linux/./drivers/usb/serial/io_edgeport.c': File exists
cp: cannot create regular file '/dev/shm/linux/./drivers/usb/serial/io_ionsp.h': File exists
cp: cannot create regular file '/dev/shm/linux/./drivers/usb/serial/io_ti.h': File exists
cp: cannot create regular file '/dev/shm/linux/./drivers/usb/serial/ipaq.c': File exists
cp: cannot create regular file '/dev/shm/linux/./drivers/usb/serial/ir-usb.c': File exists
cp: cannot create regular file '/dev/shm/linux/./drivers/usb/serial/iuu_phoenix.h': File exists
cp: cannot create regular file '/dev/shm/linux/./drivers/usb/serial/keyspan_pda.c': File exists
cp: cannot create regular file '/dev/shm/linux/./drivers/usb/serial/keyspan_usa28msg.h': File exists
cp: cannot create regular file '/dev/shm/linux/./drivers/usb/serial/keyspan_usa67msg.h': File exists
cp: cannot create regular file '/dev/shm/linux/./drivers/usb/serial/kl5kusb105.c': File exists
cp: cannot create regular file '/dev/shm/linux/./drivers/usb/serial/kobil_sct.c': File exists
cp: cannot create regular file '/dev/shm/linux/./drivers/usb/serial/mct_u232.c': File exists
cp: cannot create regular file '/dev/shm/linux/./drivers/usb/serial/metro-usb.c': File exists
cp: cannot create regular file '/dev/shm/linux/./drivers/usb/serial/mos7840.c': File exists
cp: cannot create regular file '/dev/shm/linux/./drivers/usb/serial/navman.c': File exists
cp: cannot create regular file '/dev/shm/linux/./drivers/usb/serial/omninet.c': File exists
cp: cannot create regular file '/dev/shm/linux/./drivers/usb/serial/option.c': File exists
cp: cannot create regular file '/dev/shm/linux/./drivers/usb/serial/oti6858.h': File exists
cp: cannot create regular file '/dev/shm/linux/./drivers/usb/serial/pl2303.h': File exists
cp: cannot create regular file '/dev/shm/linux/./drivers/usb/serial/qcserial.c': File exists
cp: cannot create regular file '/dev/shm/linux/./drivers/usb/serial/safe_serial.c': File exists
cp: cannot create regular file '/dev/shm/linux/./drivers/usb/serial/spcp8x5.c': File exists
cp: cannot create regular file '/dev/shm/linux/./drivers/usb/serial/symbolserial.c': File exists
cp: cannot create regular file '/dev/shm/linux/./drivers/usb/serial/upd78f0730.c': File exists
cp: cannot create regular file '/dev/shm/linux/./drivers/usb/serial/usb-wwan.h': File exists
cp: cannot create regular file '/dev/shm/linux/./drivers/usb/serial/usb_debug.c': File exists
cp: cannot create regular file '/dev/shm/linux/./drivers/usb/serial/visor.c': File exists
cp: cannot create regular file '/dev/shm/linux/./drivers/usb/serial/whiteheat.c': File exists
cp: cannot create regular file '/dev/shm/linux/./drivers/usb/serial/wishbone-serial.c': File exists
cp: cannot create regular file '/dev/shm/linux/./drivers/usb/serial/xsens_mt.c': File exists
cp: cannot create regular file '/dev/shm/linux/./drivers/usb/storage/Kconfig': File exists
cp: cannot create regular file '/dev/shm/linux/./drivers/usb/storage/alauda.c': File exists
cp: cannot create regular file '/dev/shm/linux/./drivers/usb/storage/datafab.c': File exists
cp: cannot create regular file '/dev/shm/linux/./drivers/usb/storage/debug.h': File exists
cp: cannot create regular file '/dev/shm/linux/./drivers/usb/storage/ene_ub6250.c': File exists
cp: cannot create regular file '/dev/shm/linux/./drivers/usb/storage/initializers.c': File exists
cp: cannot create regular file '/dev/shm/linux/./drivers/usb/storage/initializers.h': File exists
cp: cannot create regular file '/dev/shm/linux/./drivers/usb/storage/jumpshot.c': File exists
cp: cannot create regular file '/dev/shm/linux/./drivers/usb/storage/onetouch.c': File exists
cp: cannot create regular file '/dev/shm/linux/./drivers/usb/storage/protocol.c': File exists
cp: cannot create regular file '/dev/shm/linux/./drivers/usb/storage/realtek_cr.c': File exists
cp: cannot create regular file '/dev/shm/linux/./drivers/usb/storage/scsiglue.h': File exists
cp: cannot create regular file '/dev/shm/linux/./drivers/usb/storage/sddr55.c': File exists
cp: cannot create regular file '/dev/shm/linux/./drivers/usb/storage/sierra_ms.c': File exists
cp: cannot create regular file '/dev/shm/linux/./drivers/usb/storage/sierra_ms.h': File exists
cp: cannot create regular file '/dev/shm/linux/./drivers/usb/storage/transport.h': File exists
cp: cannot create regular file '/dev/shm/linux/./drivers/usb/storage/uas.c': File exists
cp: cannot create regular file '/dev/shm/linux/./drivers/usb/storage/unusual_devs.h': File exists
cp: cannot create regular file '/dev/shm/linux/./drivers/usb/storage/unusual_freecom.h': File exists
cp: cannot create regular file '/dev/shm/linux/./drivers/usb/storage/unusual_jumpshot.h': File exists
cp: cannot create regular file '/dev/shm/linux/./drivers/usb/storage/unusual_onetouch.h': File exists
cp: cannot create regular file '/dev/shm/linux/./drivers/usb/storage/unusual_sddr09.h': File exists
cp: cannot create regular file '/dev/shm/linux/./drivers/usb/storage/unusual_uas.h': File exists
cp: cannot create regular file '/dev/shm/linux/./drivers/usb/storage/usb.c': File exists
cp: cannot create regular file '/dev/shm/linux/./drivers/usb/storage/usual-tables.c': File exists
cp: cannot create regular file '/dev/shm/linux/./drivers/usb/typec/Makefile': File exists
cp: cannot create regular file '/dev/shm/linux/./drivers/usb/typec/altmodes/Kconfig': File exists
cp: cannot create regular file '/dev/shm/linux/./drivers/usb/typec/altmodes/displayport.c': File exists
cp: cannot create regular file '/dev/shm/linux/./drivers/usb/typec/altmodes/nvidia.c': File exists
cp: cannot create regular file '/dev/shm/linux/./drivers/usb/typec/bus.c': File exists
cp: cannot create regular file '/dev/shm/linux/./drivers/usb/typec/class.c': File exists
cp: cannot create regular file '/dev/shm/linux/./drivers/usb/typec/hd3ss3220.c': File exists
cp: cannot create regular file '/dev/shm/linux/./drivers/usb/typec/mux.c': File exists
cp: cannot create directory '/dev/shm/linux/./drivers/usb/typec/mux': File exists
cp: cannot create directory '/dev/shm/linux/./drivers/usb/typec/tcpm/qcom': File exists
cp: cannot create directory '/dev/shm/linux/./drivers/usb/typec/ucsi': File exists
cp: cannot create regular file '/dev/shm/linux/./drivers/usb/usbip/vhci.h': File exists
cp: cannot create regular file '/dev/shm/linux/./drivers/usb/usbip/vhci_rx.c': File exists
cp: cannot create regular file '/dev/shm/linux/./drivers/usb/usbip/vhci_tx.c': File exists
cp: cannot create regular file '/dev/shm/linux/./drivers/usb/usbip/vudc_dev.c': File exists
cp: cannot create regular file '/dev/shm/linux/./drivers/usb/usbip/vudc_rx.c': File exists
cp: cannot create regular file '/dev/shm/linux/./drivers/usb/usbip/vudc_transfer.c': File exists
cp: cannot create directory '/dev/shm/linux/./drivers/vdpa': File exists
cp: cannot create regular file '/dev/shm/linux/./drivers/vfio/pci/qat/Kconfig': File exists
cp: cannot create regular file '/dev/shm/linux/./drivers/vfio/pci/qat/main.c': File exists
cp: cannot create regular file '/dev/shm/linux/./drivers/vfio/pci/vfio_pci.c': File exists
cp: cannot create regular file '/dev/shm/linux/./drivers/vfio/pci/vfio_pci_core.c': File exists
cp: cannot create regular file '/dev/shm/linux/./drivers/vfio/pci/vfio_pci_igd.c': File exists
cp: cannot create regular file '/dev/shm/linux/./drivers/vfio/pci/vfio_pci_priv.h': File exists
cp: cannot create regular file '/dev/shm/linux/./drivers/vfio/pci/vfio_pci_zdev.c': File exists
cp: cannot create regular file '/dev/shm/linux/./drivers/vfio/pci/virtio/Kconfig': File exists
cp: cannot create regular file '/dev/shm/linux/./drivers/vfio/pci/virtio/common.h': File exists
cp: cannot create regular file '/dev/shm/linux/./drivers/vfio/pci/virtio/main.c': File exists
cp: cannot create directory '/dev/shm/linux/./drivers/vfio/pci/xe': File exists
cp: cannot create regular file '/dev/shm/linux/./drivers/vfio/platform/reset/Makefile': File exists
cp: cannot create regular file '/dev/shm/linux/./drivers/vfio/platform/reset/vfio_platform_bcmflexrm.c': File exists
cp: cannot create regular file '/dev/shm/linux/./drivers/vfio/platform/reset/vfio_platform_calxedaxgmac.c': File exists
cp: cannot create regular file '/dev/shm/linux/./drivers/vfio/platform/vfio_platform.c': File exists
cp: cannot create regular file '/dev/shm/linux/./drivers/vfio/platform/vfio_platform_common.c': File exists
cp: cannot create regular file '/dev/shm/linux/./drivers/vfio/platform/vfio_platform_private.h': File exists
cp: cannot create regular file '/dev/shm/linux/./drivers/vfio/vfio_iommu_spapr_tce.c': File exists
cp: cannot create regular file '/dev/shm/linux/./drivers/vfio/vfio_main.c': File exists
cp: cannot create regular file '/dev/shm/linux/./drivers/vfio/virqfd.c': File exists
cp: cannot create regular file '/dev/shm/linux/./drivers/vhost/Kconfig': File exists
cp: cannot create regular file '/dev/shm/linux/./drivers/vhost/Makefile': File exists
cp: cannot create regular file '/dev/shm/linux/./drivers/vhost/net.c': File exists
cp: cannot create regular file '/dev/shm/linux/./drivers/vhost/test.c': File exists
cp: cannot create regular file '/dev/shm/linux/./drivers/vhost/vdpa.c': File exists
cp: cannot create regular file '/dev/shm/linux/./drivers/vhost/vringh.c': File exists
cp: cannot create directory '/dev/shm/linux/./drivers/video': File exists
cp: cannot create regular file '/dev/shm/linux/./fs/btrfs/delayed-ref.h': File exists
cp: cannot create regular file '/dev/shm/linux/./fs/btrfs/dev-replace.h': File exists
cp: cannot create regular file '/dev/shm/linux/./fs/btrfs/dir-item.c': File exists
cp: cannot create regular file '/dev/shm/linux/./fs/btrfs/direct-io.c': File exists
cp: cannot create regular file '/dev/shm/linux/./fs/btrfs/discard.h': File exists
cp: cannot create regular file '/dev/shm/linux/./fs/btrfs/disk-io.h': File exists
cp: cannot create regular file '/dev/shm/linux/./fs/btrfs/export.c': File exists
cp: cannot create regular file '/dev/shm/linux/./fs/btrfs/export.h': File exists
cp: cannot create regular file '/dev/shm/linux/./fs/btrfs/extent-io-tree.c': File exists
cp: cannot create regular file '/dev/shm/linux/./fs/btrfs/extent-tree.c': File exists
cp: cannot create regular file '/dev/shm/linux/./fs/btrfs/extent_io.h': File exists
cp: cannot create regular file '/dev/shm/linux/./fs/btrfs/extent_map.c': File exists
cp: cannot create regular file '/dev/shm/linux/./fs/btrfs/fiemap.h': File exists
cp: cannot create regular file '/dev/shm/linux/./fs/btrfs/file-item.h': File exists
cp: cannot create regular file '/dev/shm/linux/./fs/btrfs/file.h': File exists
cp: cannot create regular file '/dev/shm/linux/./fs/btrfs/free-space-cache.h': File exists
cp: cannot create regular file '/dev/shm/linux/./fs/btrfs/free-space-tree.h': File exists
cp: cannot create regular file '/dev/shm/linux/./fs/btrfs/fs.c': File exists
cp: cannot create regular file '/dev/shm/linux/./fs/btrfs/inode-item.c': File exists
cp: cannot create regular file '/dev/shm/linux/./fs/btrfs/ioctl.c': File exists
cp: cannot create regular file '/dev/shm/linux/./fs/btrfs/locking.c': File exists
cp: cannot create regular file '/dev/shm/linux/./fs/btrfs/lru_cache.c': File exists
cp: cannot create regular file '/dev/shm/linux/./fs/btrfs/messages.c': File exists
cp: cannot create regular file '/dev/shm/linux/./fs/btrfs/misc.h': File exists
cp: cannot create regular file '/dev/shm/linux/./fs/btrfs/ordered-data.c': File exists
cp: cannot create regular file '/dev/shm/linux/./fs/btrfs/orphan.h': File exists
cp: cannot create regular file '/dev/shm/linux/./fs/btrfs/print-tree.h': File exists
cp: cannot create regular file '/dev/shm/linux/./fs/btrfs/props.h': File exists
cp: cannot create regular file '/dev/shm/linux/./fs/btrfs/qgroup.h': File exists
cp: cannot create regular file '/dev/shm/linux/./fs/btrfs/raid-stripe-tree.c': File exists
cp: cannot create regular file '/dev/shm/linux/./fs/btrfs/raid56.c': File exists
cp: cannot create regular file '/dev/shm/linux/./fs/btrfs/ref-verify.c': File exists
cp: cannot create regular file '/dev/shm/linux/./fs/btrfs/reflink.h': File exists
cp: cannot create regular file '/dev/shm/linux/./fs/btrfs/relocation.h': File exists
cp: cannot create regular file '/dev/shm/linux/./fs/btrfs/root-tree.h': File exists
cp: cannot create regular file '/dev/shm/linux/./fs/btrfs/scrub.c': File exists
cp: cannot create regular file '/dev/shm/linux/./fs/btrfs/send.h': File exists
cp: cannot create regular file '/dev/shm/linux/./fs/btrfs/space-info.h': File exists
cp: cannot create regular file '/dev/shm/linux/./fs/btrfs/subpage.h': File exists
cp: cannot create regular file '/dev/shm/linux/./fs/btrfs/super.h': File exists
cp: cannot create regular file '/dev/shm/linux/./fs/btrfs/sysfs.c': File exists
cp: cannot create regular file '/dev/shm/linux/./fs/btrfs/transaction.c': File exists
cp: cannot create regular file '/dev/shm/linux/./fs/btrfs/transaction.h': File exists
cp: cannot create regular file '/dev/shm/linux/./fs/btrfs/tree-checker.c': File exists
cp: cannot create regular file '/dev/shm/linux/./fs/btrfs/tree-checker.h': File exists
cp: cannot create regular file '/dev/shm/linux/./fs/btrfs/tree-log.c': File exists
cp: cannot create regular file '/dev/shm/linux/./fs/btrfs/tree-log.h': File exists
cp: cannot create regular file '/dev/shm/linux/./fs/btrfs/tree-mod-log.c': File exists
cp: cannot create regular file '/dev/shm/linux/./fs/btrfs/tree-mod-log.h': File exists
cp: cannot create regular file '/dev/shm/linux/./fs/btrfs/ulist.c': File exists
cp: cannot create regular file '/dev/shm/linux/./fs/btrfs/ulist.h': File exists
cp: cannot create regular file '/dev/shm/linux/./fs/btrfs/uuid-tree.c': File exists
cp: cannot create regular file '/dev/shm/linux/./fs/btrfs/uuid-tree.h': File exists
cp: cannot create regular file '/dev/shm/linux/./fs/btrfs/verity.c': File exists
cp: cannot create regular file '/dev/shm/linux/./fs/btrfs/verity.h': File exists
cp: cannot create regular file '/dev/shm/linux/./fs/btrfs/volumes.c': File exists
cp: cannot create regular file '/dev/shm/linux/./fs/btrfs/volumes.h': File exists
cp: cannot create regular file '/dev/shm/linux/./fs/btrfs/xattr.c': File exists
cp: cannot create regular file '/dev/shm/linux/./fs/btrfs/zoned.c': File exists
cp: cannot create regular file '/dev/shm/linux/./fs/btrfs/zstd.c': File exists
cp: cannot create directory '/dev/shm/linux/./fs/cachefiles': File exists
cp: cannot create regular file '/dev/shm/linux/./fs/ceph/inode.c': File exists
cp: cannot create regular file '/dev/shm/linux/./fs/ceph/ioctl.c': File exists
cp: cannot create regular file '/dev/shm/linux/./fs/ceph/locks.c': File exists
cp: cannot create regular file '/dev/shm/linux/./fs/ceph/mds_client.h': File exists
cp: cannot create regular file '/dev/shm/linux/./fs/ceph/mdsmap.h': File exists
cp: cannot create regular file '/dev/shm/linux/./fs/ceph/metric.h': File exists
cp: cannot create regular file '/dev/shm/linux/./fs/ceph/snap.c': File exists
cp: cannot create regular file '/dev/shm/linux/./fs/ceph/subvolume_metrics.c': File exists
cp: cannot create regular file '/dev/shm/linux/./fs/ceph/super.c': File exists
cp: cannot create regular file '/dev/shm/linux/./fs/ceph/util.c': File exists
cp: cannot create regular file '/dev/shm/linux/./fs/ceph/xattr.c': File exists
cp: cannot create directory '/dev/shm/linux/./fs/coda': File exists
cp: cannot create directory '/dev/shm/linux/./fs/crypto': File exists
cp: cannot create regular file '/dev/shm/linux/./fs/dlm/Makefile': File exists
cp: cannot create regular file '/dev/shm/linux/./fs/dlm/ast.h': File exists
cp: cannot create regular file '/dev/shm/linux/./fs/dlm/config.h': File exists
cp: cannot create regular file '/dev/shm/linux/./fs/dlm/debug_fs.c': File exists
cp: cannot create regular file '/dev/shm/linux/./fs/dlm/dir.h': File exists
cp: cannot create regular file '/dev/shm/linux/./fs/dlm/lock.c': File exists
cp: cannot create regular file '/dev/shm/linux/./fs/dlm/lockspace.c': File exists
cp: cannot create regular file '/dev/shm/linux/./fs/dlm/lowcomms.c': File exists
cp: cannot create regular file '/dev/shm/linux/./fs/dlm/main.c': File exists
cp: cannot create regular file '/dev/shm/linux/./fs/dlm/member.h': File exists
cp: cannot create regular file '/dev/shm/linux/./fs/dlm/memory.c': File exists
cp: cannot create regular file '/dev/shm/linux/./fs/dlm/midcomms.c': File exists
cp: cannot create regular file '/dev/shm/linux/./fs/dlm/rcom.c': File exists
cp: cannot create regular file '/dev/shm/linux/./fs/dlm/recover.h': File exists
cp: cannot create regular file '/dev/shm/linux/./fs/dlm/recoverd.h': File exists
cp: cannot create regular file '/dev/shm/linux/./fs/dlm/requestqueue.h': File exists
cp: cannot create regular file '/dev/shm/linux/./fs/dlm/user.h': File exists
cp: cannot create regular file '/dev/shm/linux/./fs/dlm/util.h': File exists
cp: cannot create directory '/dev/shm/linux/./fs/ecryptfs': File exists
cp: cannot create regular file '/dev/shm/linux/./fs/erofs/Kconfig': File exists
cp: cannot create regular file '/dev/shm/linux/./fs/erofs/compress.h': File exists
cp: cannot create regular file '/dev/shm/linux/./fs/erofs/decompressor_lzma.c': File exists
cp: cannot create regular file '/dev/shm/linux/./fs/erofs/decompressor_zstd.c': File exists
cp: cannot create regular file '/dev/shm/linux/./fs/erofs/inode.c': File exists
cp: cannot create regular file '/dev/shm/linux/./fs/erofs/internal.h': File exists
cp: cannot create regular file '/dev/shm/linux/./fs/erofs/sysfs.c': File exists
cp: cannot create regular file '/dev/shm/linux/./fs/erofs/xattr.h': File exists
cp: cannot create regular file '/dev/shm/linux/./fs/erofs/zdata.c': File exists
cp: cannot create regular file '/dev/shm/linux/./fs/erofs/zutil.c': File exists
cp: cannot create regular file '/dev/shm/linux/./fs/eventpoll.c': File exists
cp: cannot create directory '/dev/shm/linux/./fs/exfat': File exists
cp: cannot create regular file '/dev/shm/linux/./fs/ext2/trace.h': File exists
cp: cannot create regular file '/dev/shm/linux/./fs/ext2/xattr.c': File exists
cp: cannot create regular file '/dev/shm/linux/./fs/ext2/xattr.h': File exists
cp: cannot create regular file '/dev/shm/linux/./fs/ext2/xattr_user.c': File exists
cp: cannot create regular file '/dev/shm/linux/./fs/ext4/Kconfig': File exists
cp: cannot create regular file '/dev/shm/linux/./fs/ext4/acl.h': File exists
cp: cannot create regular file '/dev/shm/linux/./fs/ext4/bitmap.c': File exists
cp: cannot create regular file '/dev/shm/linux/./fs/ext4/block_validity.c': File exists
cp: cannot create regular file '/dev/shm/linux/./fs/ext4/dir.c': File exists
cp: cannot create regular file '/dev/shm/linux/./fs/ext4/ext4_extents.h': File exists
cp: cannot create regular file '/dev/shm/linux/./fs/ext4/ext4_jbd2.c': File exists
cp: cannot create regular file '/dev/shm/linux/./fs/ext4/extents.c': File exists
cp: cannot create regular file '/dev/shm/linux/./fs/ext4/fast_commit.c': File exists
cp: cannot create regular file '/dev/shm/linux/./fs/ext4/file.c': File exists
cp: cannot create regular file '/dev/shm/linux/./fs/ext4/fsmap.h': File exists
cp: cannot create regular file '/dev/shm/linux/./fs/ext4/hash.c': File exists
cp: cannot create regular file '/dev/shm/linux/./fs/ext4/indirect.c': File exists
cp: cannot create regular file '/dev/shm/linux/./fs/ext4/inode-test.c': File exists
cp: cannot create regular file '/dev/shm/linux/./fs/ext4/inode.c': File exists
cp: cannot create regular file '/dev/shm/linux/./fs/ext4/mballoc.c': File exists
cp: cannot create regular file '/dev/shm/linux/./fs/ext4/migrate.c': File exists
cp: cannot create regular file '/dev/shm/linux/./fs/ext4/namei.c': File exists
cp: cannot create regular file '/dev/shm/linux/./fs/ext4/page-io.c': File exists
cp: cannot create regular file '/dev/shm/linux/./fs/ext4/super.c': File exists
cp: cannot create regular file '/dev/shm/linux/./fs/ext4/truncate.h': File exists
cp: cannot create regular file '/dev/shm/linux/./fs/ext4/xattr.c': File exists
cp: cannot create regular file '/dev/shm/linux/./fs/ext4/xattr_hurd.c': File exists
cp: cannot create regular file '/dev/shm/linux/./fs/ext4/xattr_security.c': File exists
cp: cannot create regular file '/dev/shm/linux/./fs/ext4/xattr_user.c': File exists
cp: cannot create regular file '/dev/shm/linux/./fs/f2fs/Kconfig': File exists
cp: cannot create regular file '/dev/shm/linux/./fs/f2fs/Makefile': File exists
cp: cannot create regular file '/dev/shm/linux/./fs/f2fs/checkpoint.c': File exists
cp: cannot create regular file '/dev/shm/linux/./fs/f2fs/data.c': File exists
cp: cannot create regular file '/dev/shm/linux/./fs/f2fs/debug.c': File exists
cp: cannot create regular file '/dev/shm/linux/./fs/f2fs/extent_cache.c': File exists
cp: cannot create regular file '/dev/shm/linux/./fs/f2fs/file.c': File exists
cp: cannot create regular file '/dev/shm/linux/./fs/f2fs/gc.c': File exists
cp: cannot create regular file '/dev/shm/linux/./fs/f2fs/inode.c': File exists
cp: cannot create regular file '/dev/shm/linux/./fs/f2fs/iostat.h': File exists
cp: cannot create regular file '/dev/shm/linux/./fs/f2fs/node.c': File exists
cp: cannot create regular file '/dev/shm/linux/./fs/f2fs/recovery.c': File exists
cp: cannot create regular file '/dev/shm/linux/./fs/f2fs/segment.h': File exists
cp: cannot create regular file '/dev/shm/linux/./fs/f2fs/super.c': File exists
cp: cannot create regular file '/dev/shm/linux/./fs/f2fs/verity.c': File exists
cp: cannot create regular file '/dev/shm/linux/./fs/f2fs/xattr.h': File exists
cp: cannot create regular file '/dev/shm/linux/./fs/fat/.kunitconfig': File exists
cp: cannot create regular file '/dev/shm/linux/./fs/fat/Makefile': File exists
cp: cannot create regular file '/dev/shm/linux/./fs/fat/dir.c': File exists
cp: cannot create regular file '/dev/shm/linux/./fs/fat/fat_test.c': File exists
cp: cannot create regular file '/dev/shm/linux/./fs/fat/file.c': File exists
cp: cannot create regular file '/dev/shm/linux/./fs/fat/misc.c': File exists
cp: cannot create regular file '/dev/shm/linux/./fs/fat/namei_vfat.c': File exists
cp: cannot create regular file '/dev/shm/linux/./fs/fcntl.c': File exists
cp: cannot create regular file '/dev/shm/linux/./fs/file_attr.c': File exists
cp: cannot create regular file '/dev/shm/linux/./fs/filesystems.c': File exists
cp: cannot create regular file '/dev/shm/linux/./fs/freevxfs/Makefile': File exists
cp: cannot create regular file '/dev/shm/linux/./fs/freevxfs/vxfs.h': File exists
cp: cannot create regular file '/dev/shm/linux/./fs/freevxfs/vxfs_dir.h': File exists
cp: cannot create regular file '/dev/shm/linux/./fs/freevxfs/vxfs_fshead.c': File exists
cp: cannot create regular file '/dev/shm/linux/./fs/freevxfs/vxfs_fshead.h': File exists
cp: cannot create regular file '/dev/shm/linux/./fs/freevxfs/vxfs_inode.c': File exists
cp: cannot create regular file '/dev/shm/linux/./fs/freevxfs/vxfs_lookup.c': File exists
cp: cannot create regular file '/dev/shm/linux/./fs/freevxfs/vxfs_olt.h': File exists
cp: cannot create regular file '/dev/shm/linux/./fs/fs-writeback.c': File exists
cp: cannot create regular file '/dev/shm/linux/./fs/fs_dirent.c': File exists
cp: cannot create regular file '/dev/shm/linux/./fs/fs_parser.c': File exists
cp: cannot create regular file '/dev/shm/linux/./fs/fs_struct.c': File exists
cp: cannot create regular file '/dev/shm/linux/./fs/fsopen.c': File exists
cp: cannot create regular file '/dev/shm/linux/./fs/fuse/Kconfig': File exists
cp: cannot create regular file '/dev/shm/linux/./fs/fuse/acl.c': File exists
cp: cannot create regular file '/dev/shm/linux/./fs/fuse/control.c': File exists
cp: cannot create regular file '/dev/shm/linux/./fs/fuse/dax.c': File exists
cp: cannot create regular file '/dev/shm/linux/./fs/fuse/dev_uring.c': File exists
cp: cannot create regular file '/dev/shm/linux/./fs/fuse/dir.c': File exists
cp: cannot create regular file '/dev/shm/linux/./fs/fuse/fuse_dev_i.h': File exists
cp: cannot create regular file '/dev/shm/linux/./fs/fuse/fuse_i.h': File exists
cp: cannot create regular file '/dev/shm/linux/./fs/fuse/inode.c': File exists
cp: cannot create regular file '/dev/shm/linux/./fs/fuse/iomode.c': File exists
cp: cannot create regular file '/dev/shm/linux/./fs/fuse/readdir.c': File exists
cp: cannot create regular file '/dev/shm/linux/./fs/fuse/trace.c': File exists
cp: cannot create regular file '/dev/shm/linux/./fs/fuse/xattr.c': File exists
cp: cannot create regular file '/dev/shm/linux/./fs/gfs2/Kconfig': File exists
cp: cannot create regular file '/dev/shm/linux/./fs/gfs2/acl.c': File exists
cp: cannot create regular file '/dev/shm/linux/./fs/gfs2/aops.h': File exists
cp: cannot create regular file '/dev/shm/linux/./fs/gfs2/bmap.h': File exists
cp: cannot create regular file '/dev/shm/linux/./fs/gfs2/dir.c': File exists
cp: cannot create regular file '/dev/shm/linux/./fs/gfs2/export.c': File exists
cp: cannot create regular file '/dev/shm/linux/./fs/gfs2/gfs2.h': File exists
cp: cannot create regular file '/dev/shm/linux/./fs/gfs2/glock.h': File exists
cp: cannot create regular file '/dev/shm/linux/./fs/gfs2/glops.h': File exists
cp: cannot create regular file '/dev/shm/linux/./fs/gfs2/inode.h': File exists
cp: cannot create regular file '/dev/shm/linux/./fs/gfs2/lock_dlm.c': File exists
cp: cannot create regular file '/dev/shm/linux/./fs/gfs2/log.h': File exists
cp: cannot create regular file '/dev/shm/linux/./fs/gfs2/lops.c': File exists
cp: cannot create regular file '/dev/shm/linux/./fs/gfs2/meta_io.h': File exists
cp: cannot create regular file '/dev/shm/linux/./fs/gfs2/quota.c': File exists
cp: cannot create regular file '/dev/shm/linux/./fs/gfs2/recovery.c': File exists
cp: cannot create regular file '/dev/shm/linux/./fs/gfs2/super.c': File exists
cp: cannot create regular file '/dev/shm/linux/./fs/gfs2/sys.c': File exists
cp: cannot create regular file '/dev/shm/linux/./fs/gfs2/trace_gfs2.h': File exists
cp: cannot create regular file '/dev/shm/linux/./fs/gfs2/trans.h': File exists
cp: cannot create regular file '/dev/shm/linux/./fs/gfs2/util.h': File exists
cp: cannot create regular file '/dev/shm/linux/./fs/gfs2/xattr.h': File exists
cp: cannot create directory '/dev/shm/linux/./fs/hfs': File exists
cp: cannot create regular file '/dev/shm/linux/./fs/hfsplus/wrapper.c': File exists
cp: cannot create regular file '/dev/shm/linux/./fs/hfsplus/xattr.h': File exists
cp: cannot create regular file '/dev/shm/linux/./fs/hfsplus/xattr_trusted.c': File exists
cp: cannot create regular file '/dev/shm/linux/./fs/hfsplus/xattr_user.c': File exists
cp: cannot create regular file '/dev/shm/linux/./fs/hostfs/Makefile': File exists
cp: cannot create regular file '/dev/shm/linux/./fs/hostfs/hostfs_kern.c': File exists
cp: cannot create regular file '/dev/shm/linux/./fs/hostfs/hostfs_user_exp.c': File exists
cp: cannot create regular file '/dev/shm/linux/./fs/hpfs/Makefile': File exists
cp: cannot create regular file '/dev/shm/linux/./fs/hpfs/anode.c': File exists
cp: cannot create regular file '/dev/shm/linux/./fs/hpfs/buffer.c': File exists
cp: cannot create regular file '/dev/shm/linux/./fs/hpfs/dnode.c': File exists
cp: cannot create regular file '/dev/shm/linux/./fs/hpfs/file.c': File exists
cp: cannot create regular file '/dev/shm/linux/./fs/hpfs/hpfs_fn.h': File exists
cp: cannot create regular file '/dev/shm/linux/./fs/hpfs/name.c': File exists
cp: cannot create regular file '/dev/shm/linux/./fs/hpfs/super.c': File exists
cp: cannot create regular file '/dev/shm/linux/./fs/hugetlbfs/inode.c': File exists
cp: cannot create regular file '/dev/shm/linux/./fs/internal.h': File exists
cp: cannot create directory '/dev/shm/linux/./fs/iomap': File exists
cp: cannot create directory '/dev/shm/linux/./fs/jbd2': File exists
cp: cannot create regular file '/dev/shm/linux/./fs/jffs2/compr_zlib.c': File exists
cp: cannot create regular file '/dev/shm/linux/./fs/jffs2/debug.h': File exists
cp: cannot create regular file '/dev/shm/linux/./fs/jffs2/erase.c': File exists
cp: cannot create regular file '/dev/shm/linux/./fs/jffs2/fs.c': File exists
cp: cannot create regular file '/dev/shm/linux/./fs/jffs2/ioctl.c': File exists
cp: cannot create regular file '/dev/shm/linux/./fs/jffs2/jffs2_fs_sb.h': File exists
cp: cannot create regular file '/dev/shm/linux/./fs/jffs2/nodelist.h': File exists
cp: cannot create regular file '/dev/shm/linux/./fs/jffs2/os-linux.h': File exists
cp: cannot create regular file '/dev/shm/linux/./fs/jffs2/scan.c': File exists
cp: cannot create regular file '/dev/shm/linux/./fs/jffs2/summary.h': File exists
cp: cannot create regular file '/dev/shm/linux/./fs/jffs2/wbuf.c': File exists
cp: cannot create regular file '/dev/shm/linux/./fs/jffs2/writev.c': File exists
cp: cannot create regular file '/dev/shm/linux/./fs/jffs2/xattr.c': File exists
cp: cannot create regular file '/dev/shm/linux/./fs/jffs2/xattr_user.c': File exists
cp: cannot create regular file '/dev/shm/linux/./fs/jfs/Makefile': File exists
cp: cannot create regular file '/dev/shm/linux/./fs/jfs/file.c': File exists
cp: cannot create regular file '/dev/shm/linux/./fs/jfs/ioctl.c': File exists
cp: cannot create regular file '/dev/shm/linux/./fs/jfs/jfs_acl.h': File exists
cp: cannot create regular file '/dev/shm/linux/./fs/jfs/jfs_debug.c': File exists
cp: cannot create regular file '/dev/shm/linux/./fs/jfs/jfs_debug.h': File exists
cp: cannot create regular file '/dev/shm/linux/./fs/jfs/jfs_discard.h': File exists
cp: cannot create regular file '/dev/shm/linux/./fs/jfs/jfs_dmap.c': File exists
cp: cannot create regular file '/dev/shm/linux/./fs/jfs/jfs_dtree.c': File exists
cp: cannot create regular file '/dev/shm/linux/./fs/jfs/jfs_extent.c': File exists
cp: cannot create regular file '/dev/shm/linux/./fs/jfs/jfs_imap.c': File exists
cp: cannot create regular file '/dev/shm/linux/./fs/jfs/jfs_incore.h': File exists
cp: cannot create regular file '/dev/shm/linux/./fs/jfs/jfs_lock.h': File exists
cp: cannot create regular file '/dev/shm/linux/./fs/jfs/jfs_logmgr.h': File exists
cp: cannot create regular file '/dev/shm/linux/./fs/jfs/jfs_metapage.h': File exists
cp: cannot create regular file '/dev/shm/linux/./fs/jfs/jfs_txnmgr.c': File exists
cp: cannot create regular file '/dev/shm/linux/./fs/jfs/jfs_types.h': File exists
cp: cannot create regular file '/dev/shm/linux/./fs/jfs/jfs_unicode.c': File exists
cp: cannot create regular file '/dev/shm/linux/./fs/jfs/jfs_xtree.c': File exists
cp: cannot create regular file '/dev/shm/linux/./fs/jfs/namei.c': File exists
cp: cannot create regular file '/dev/shm/linux/./fs/jfs/super.c': File exists
cp: cannot create regular file '/dev/shm/linux/./fs/jfs/xattr.c': File exists
cp: cannot create regular file '/dev/shm/linux/./fs/kernfs/Makefile': File exists
cp: cannot create regular file '/dev/shm/linux/./fs/kernfs/file.c': File exists
cp: cannot create regular file '/dev/shm/linux/./fs/kernfs/kernfs-internal.h': File exists
cp: cannot create regular file '/dev/shm/linux/./fs/kernfs/mount.c': File exists
cp: cannot create regular file '/dev/shm/linux/./fs/libfs.c': File exists
cp: cannot create regular file '/dev/shm/linux/./fs/lockd/clnt4xdr.c': File exists
cp: cannot create regular file '/dev/shm/linux/./fs/lockd/clntproc.c': File exists
cp: cannot create regular file '/dev/shm/linux/./fs/minix/Kconfig': File exists
cp: cannot create regular file '/dev/shm/linux/./fs/minix/bitmap.c': File exists
cp: cannot create regular file '/dev/shm/linux/./fs/minix/file.c': File exists
cp: cannot create regular file '/dev/shm/linux/./fs/minix/itree_common.c': File exists
cp: cannot create regular file '/dev/shm/linux/./fs/minix/itree_v2.c': File exists
cp: cannot create regular file '/dev/shm/linux/./fs/minix/namei.c': File exists
cp: cannot create regular file '/dev/shm/linux/./fs/namei.c': File exists
cp: cannot create directory '/dev/shm/linux/./fs/nfs': File exists
cp: cannot create regular file '/dev/shm/linux/./fs/nilfs2/btnode.c': File exists
cp: cannot create regular file '/dev/shm/linux/./fs/nilfs2/btree.c': File exists
cp: cannot create regular file '/dev/shm/linux/./fs/nilfs2/cpfile.h': File exists
cp: cannot create regular file '/dev/shm/linux/./fs/nilfs2/dat.h': File exists
cp: cannot create regular file '/dev/shm/linux/./fs/nilfs2/direct.c': File exists
cp: cannot create regular file '/dev/shm/linux/./fs/nilfs2/file.c': File exists
cp: cannot create regular file '/dev/shm/linux/./fs/nilfs2/ifile.c': File exists
cp: cannot create regular file '/dev/shm/linux/./fs/nilfs2/ifile.h': File exists
cp: cannot create regular file '/dev/shm/linux/./fs/nilfs2/ioctl.c': File exists
cp: cannot create regular file '/dev/shm/linux/./fs/nilfs2/mdt.h': File exists
cp: cannot create regular file '/dev/shm/linux/./fs/nilfs2/nilfs.h': File exists
cp: cannot create regular file '/dev/shm/linux/./fs/nilfs2/page.h': File exists
cp: cannot create regular file '/dev/shm/linux/./fs/nilfs2/segbuf.c': File exists
cp: cannot create regular file '/dev/shm/linux/./fs/nilfs2/segment.c': File exists
cp: cannot create regular file '/dev/shm/linux/./fs/nilfs2/sufile.c': File exists
cp: cannot create regular file '/dev/shm/linux/./fs/nilfs2/sysfs.c': File exists
cp: cannot create regular file '/dev/shm/linux/./fs/nilfs2/the_nilfs.c': File exists
cp: cannot create regular file '/dev/shm/linux/./fs/nls/Kconfig': File exists
cp: cannot create regular file '/dev/shm/linux/./fs/nls/mac-celtic.c': File exists
cp: cannot create regular file '/dev/shm/linux/./fs/nls/mac-croatian.c': File exists
cp: cannot create regular file '/dev/shm/linux/./fs/nls/mac-gaelic.c': File exists
cp: cannot create regular file '/dev/shm/linux/./fs/nls/mac-iceland.c': File exists
cp: cannot create regular file '/dev/shm/linux/./fs/nls/mac-roman.c': File exists
cp: cannot create regular file '/dev/shm/linux/./fs/nls/mac-turkish.c': File exists
cp: cannot create regular file '/dev/shm/linux/./fs/nls/nls_base.c': File exists
cp: cannot create regular file '/dev/shm/linux/./fs/nls/nls_cp1251.c': File exists
cp: cannot create regular file '/dev/shm/linux/./fs/nls/nls_cp437.c': File exists
cp: cannot create regular file '/dev/shm/linux/./fs/nls/nls_cp775.c': File exists
cp: cannot create regular file '/dev/shm/linux/./fs/nls/nls_cp852.c': File exists
cp: cannot create regular file '/dev/shm/linux/./fs/nls/nls_cp857.c': File exists
cp: cannot create regular file '/dev/shm/linux/./fs/nls/nls_cp861.c': File exists
cp: cannot create regular file '/dev/shm/linux/./fs/nls/nls_cp863.c': File exists
cp: cannot create regular file '/dev/shm/linux/./fs/nls/nls_cp865.c': File exists
cp: cannot create regular file '/dev/shm/linux/./fs/nls/nls_cp869.c': File exists
cp: cannot create regular file '/dev/shm/linux/./fs/nls/nls_cp932.c': File exists
cp: cannot create regular file '/dev/shm/linux/./fs/nls/nls_cp949.c': File exists
cp: cannot create regular file '/dev/shm/linux/./fs/nls/nls_iso8859-1.c': File exists
cp: cannot create regular file '/dev/shm/linux/./fs/nls/nls_iso8859-15.c': File exists
cp: cannot create regular file '/dev/shm/linux/./fs/nls/nls_iso8859-3.c': File exists
cp: cannot create regular file '/dev/shm/linux/./fs/nls/nls_iso8859-5.c': File exists
cp: cannot create regular file '/dev/shm/linux/./fs/nls/nls_iso8859-7.c': File exists
cp: cannot create regular file '/dev/shm/linux/./fs/nls/nls_koi8-r.c': File exists
cp: cannot create regular file '/dev/shm/linux/./fs/nls/nls_ucs2_data.h': File exists
cp: cannot create regular file '/dev/shm/linux/./fs/nls/nls_ucs2_utils.c': File exists
cp: cannot create regular file '/dev/shm/linux/./fs/nls/nls_utf8.c': File exists
cp: cannot create regular file '/dev/shm/linux/./fs/notify/Kconfig': File exists
cp: cannot create regular file '/dev/shm/linux/./fs/notify/dnotify/Kconfig': File exists
cp: cannot create regular file '/dev/shm/linux/./fs/notify/dnotify/dnotify.c': File exists
cp: cannot create regular file '/dev/shm/linux/./fs/notify/fanotify/Kconfig': File exists
cp: cannot create regular file '/dev/shm/linux/./fs/notify/fanotify/fanotify.c': File exists
cp: cannot create regular file '/dev/shm/linux/./fs/notify/fanotify/fanotify_user.c': File exists
cp: cannot create regular file '/dev/shm/linux/./fs/notify/fdinfo.h': File exists
cp: cannot create regular file '/dev/shm/linux/./fs/notify/fsnotify.c': File exists
cp: cannot create regular file '/dev/shm/linux/./fs/notify/inotify/Kconfig': File exists
cp: cannot create regular file '/dev/shm/linux/./fs/notify/inotify/inotify.h': File exists
cp: cannot create regular file '/dev/shm/linux/./fs/notify/inotify/inotify_user.c': File exists
cp: cannot create regular file '/dev/shm/linux/./fs/notify/notification.c': File exists
cp: cannot create regular file '/dev/shm/linux/./fs/nsfs.c': File exists
cp: cannot create regular file '/dev/shm/linux/./fs/ntfs/Kconfig': File exists
cp: cannot create regular file '/dev/shm/linux/./fs/ntfs/aops.c': File exists
cp: cannot create regular file '/dev/shm/linux/./fs/ntfs/attrib.h': File exists
cp: cannot create regular file '/dev/shm/linux/./fs/ntfs/attrlist.h': File exists
cp: cannot create regular file '/dev/shm/linux/./fs/ntfs/bitmap.c': File exists
cp: cannot create regular file '/dev/shm/linux/./fs/ntfs/collate.c': File exists
cp: cannot create regular file '/dev/shm/linux/./fs/ntfs/compress.c': File exists
cp: cannot create regular file '/dev/shm/linux/./fs/ntfs/debug.h': File exists
cp: cannot create regular file '/dev/shm/linux/./fs/ntfs/dir.c': File exists
cp: cannot create regular file '/dev/shm/linux/./fs/ntfs/ea.c': File exists
cp: cannot create regular file '/dev/shm/linux/./fs/ntfs/file.c': File exists
cp: cannot create regular file '/dev/shm/linux/./fs/ntfs/index.h': File exists
cp: cannot create regular file '/dev/shm/linux/./fs/ntfs/inode.h': File exists
cp: cannot create regular file '/dev/shm/linux/./fs/ntfs/iomap.c': File exists
cp: cannot create regular file '/dev/shm/linux/./fs/ntfs/lcnalloc.c': File exists
cp: cannot create regular file '/dev/shm/linux/./fs/ntfs/logfile.c': File exists
cp: cannot create regular file '/dev/shm/linux/./fs/ntfs/malloc.h': File exists
cp: cannot create regular file '/dev/shm/linux/./fs/ntfs/mft.c': File exists
cp: cannot create regular file '/dev/shm/linux/./fs/ntfs/mst.c': File exists
cp: cannot create regular file '/dev/shm/linux/./fs/ntfs/ntfs.h': File exists
cp: cannot create regular file '/dev/shm/linux/./fs/ntfs/object_id.h': File exists
cp: cannot create regular file '/dev/shm/linux/./fs/ntfs/quota.c': File exists
cp: cannot create regular file '/dev/shm/linux/./fs/ntfs/reparse.c': File exists
cp: cannot create regular file '/dev/shm/linux/./fs/ntfs/runlist.c': File exists
cp: cannot create regular file '/dev/shm/linux/./fs/ntfs/sysctl.c': File exists
cp: cannot create regular file '/dev/shm/linux/./fs/ntfs/unistr.c': File exists
cp: cannot create regular file '/dev/shm/linux/./fs/ntfs/volume.h': File exists
cp: cannot create regular file '/dev/shm/linux/./fs/ntfs3/Kconfig': File exists
cp: cannot create regular file '/dev/shm/linux/./fs/ntfs3/attrib.c': File exists
cp: cannot create regular file '/dev/shm/linux/./fs/ntfs3/bitfunc.c': File exists
cp: cannot create regular file '/dev/shm/linux/./fs/ntfs3/debug.h': File exists
cp: cannot create regular file '/dev/shm/linux/./fs/ntfs3/dir.c': File exists
cp: cannot create regular file '/dev/shm/linux/./fs/ntfs3/frecord.c': File exists
cp: cannot create regular file '/dev/shm/linux/./fs/ntfs3/fsntfs.c': File exists
cp: cannot create regular file '/dev/shm/linux/./fs/ntfs3/inode.c': File exists
cp: cannot create regular file '/dev/shm/linux/./fs/ntfs3/lib/decompress_common.c': File exists
cp: cannot create regular file '/dev/shm/linux/./fs/ntfs3/lib/lib.h': File exists
cp: cannot create regular file '/dev/shm/linux/./fs/ntfs3/lib/xpress_decompress.c': File exists
cp: cannot create regular file '/dev/shm/linux/./fs/ntfs3/lznt.c': File exists
cp: cannot create regular file '/dev/shm/linux/./fs/ntfs3/ntfs.h': File exists
cp: cannot create regular file '/dev/shm/linux/./fs/ntfs3/record.c': File exists
cp: cannot create regular file '/dev/shm/linux/./fs/ntfs3/super.c': File exists
cp: cannot create regular file '/dev/shm/linux/./fs/ntfs3/xattr.c': File exists
cp: cannot create regular file '/dev/shm/linux/./fs/ocfs2/Kconfig': File exists
cp: cannot create regular file '/dev/shm/linux/./fs/ocfs2/acl.c': File exists
cp: cannot create regular file '/dev/shm/linux/./fs/ocfs2/alloc.c': File exists
cp: cannot create regular file '/dev/shm/linux/./fs/ocfs2/aops.h': File exists
cp: cannot create regular file '/dev/shm/linux/./fs/ocfs2/blockcheck.c': File exists
cp: cannot create regular file '/dev/shm/linux/./fs/ocfs2/buffer_head_io.c': File exists
cp: cannot create directory '/dev/shm/linux/./fs/ocfs2/cluster': File exists
cp: cannot create regular file '/dev/shm/linux/./fs/ocfs2/dlm/dlmthread.c': File exists
cp: cannot create directory '/dev/shm/linux/./fs/ocfs2/dlmfs': File exists
cp: cannot create regular file '/dev/shm/linux/./fs/ocfs2/extent_map.h': File exists
cp: cannot create regular file '/dev/shm/linux/./fs/ocfs2/file.h': File exists
cp: cannot create regular file '/dev/shm/linux/./fs/ocfs2/filecheck.h': File exists
cp: cannot create regular file '/dev/shm/linux/./fs/ocfs2/heartbeat.h': File exists
cp: cannot create regular file '/dev/shm/linux/./fs/ocfs2/inode.h': File exists
cp: cannot create regular file '/dev/shm/linux/./fs/ocfs2/ioctl.h': File exists
cp: cannot create regular file '/dev/shm/linux/./fs/ocfs2/journal.h': File exists
cp: cannot create regular file '/dev/shm/linux/./fs/ocfs2/localalloc.h': File exists
cp: cannot create regular file '/dev/shm/linux/./fs/ocfs2/locks.h': File exists
cp: cannot create regular file '/dev/shm/linux/./fs/ocfs2/mmap.h': File exists
cp: cannot create regular file '/dev/shm/linux/./fs/ocfs2/move_extents.h': File exists
cp: cannot create regular file '/dev/shm/linux/./fs/ocfs2/namei.h': File exists
cp: cannot create regular file '/dev/shm/linux/./fs/ocfs2/ocfs2.h': File exists
cp: cannot create regular file '/dev/shm/linux/./fs/ocfs2/ocfs2_ioctl.h': File exists
cp: cannot create regular file '/dev/shm/linux/./fs/ocfs2/ocfs2_trace.h': File exists
cp: cannot create regular file '/dev/shm/linux/./fs/ocfs2/quota_global.c': File exists
cp: cannot create regular file '/dev/shm/linux/./fs/ocfs2/refcounttree.c': File exists
cp: cannot create regular file '/dev/shm/linux/./fs/ocfs2/reservations.c': File exists
cp: cannot create regular file '/dev/shm/linux/./fs/ocfs2/resize.c': File exists
cp: cannot create regular file '/dev/shm/linux/./fs/ocfs2/resize.h': File exists
cp: cannot create regular file '/dev/shm/linux/./fs/ocfs2/slot_map.h': File exists
cp: cannot create regular file '/dev/shm/linux/./fs/ocfs2/stack_user.c': File exists
cp: cannot create regular file '/dev/shm/linux/./fs/ocfs2/stackglue.h': File exists
cp: cannot create regular file '/dev/shm/linux/./fs/ocfs2/suballoc.h': File exists
cp: cannot create regular file '/dev/shm/linux/./fs/ocfs2/super.c': File exists
cp: cannot create regular file '/dev/shm/linux/./fs/ocfs2/symlink.c': File exists
cp: cannot create regular file '/dev/shm/linux/./fs/ocfs2/symlink.h': File exists
cp: cannot create regular file '/dev/shm/linux/./fs/ocfs2/sysfile.h': File exists
cp: cannot create regular file '/dev/shm/linux/./fs/ocfs2/uptodate.h': File exists
cp: cannot create regular file '/dev/shm/linux/./fs/ocfs2/xattr.h': File exists
cp: cannot create directory '/dev/shm/linux/./fs/omfs': File exists
cp: cannot create regular file '/dev/shm/linux/./fs/orangefs/dir.c': File exists
cp: cannot create regular file '/dev/shm/linux/./fs/orangefs/file.c': File exists
cp: cannot create regular file '/dev/shm/linux/./fs/orangefs/namei.c': File exists
cp: cannot create regular file '/dev/shm/linux/./fs/orangefs/orangefs-bufmap.h': File exists
cp: cannot create regular file '/dev/shm/linux/./fs/orangefs/orangefs-debug.h': File exists
cp: cannot create regular file '/dev/shm/linux/./fs/orangefs/orangefs-debugfs.h': File exists
cp: cannot create regular file '/dev/shm/linux/./fs/orangefs/orangefs-kernel.h': File exists
cp: cannot create regular file '/dev/shm/linux/./fs/orangefs/orangefs-sysfs.c': File exists
cp: cannot create regular file '/dev/shm/linux/./fs/orangefs/protocol.h': File exists
cp: cannot create regular file '/dev/shm/linux/./fs/orangefs/symlink.c': File exists
cp: cannot create regular file '/dev/shm/linux/./fs/orangefs/waitqueue.c': File exists
cp: cannot create directory '/dev/shm/linux/./fs/overlayfs': File exists
cp: cannot create regular file '/dev/shm/linux/./fs/proc/internal.h': File exists
cp: cannot create regular file '/dev/shm/linux/./fs/proc/kcore.c': File exists
cp: cannot create regular file '/dev/shm/linux/./fs/proc/loadavg.c': File exists
cp: cannot create regular file '/dev/shm/linux/./fs/proc/namespaces.c': File exists
cp: cannot create regular file '/dev/shm/linux/./fs/proc/page.c': File exists
cp: cannot create regular file '/dev/shm/linux/./fs/proc/proc_sysctl.c': File exists
cp: cannot create regular file '/dev/shm/linux/./fs/proc/self.c': File exists
cp: cannot create regular file '/dev/shm/linux/./fs/proc/task_mmu.c': File exists
cp: cannot create regular file '/dev/shm/linux/./fs/proc/thread_self.c': File exists
cp: cannot create regular file '/dev/shm/linux/./fs/proc/util.c': File exists
cp: cannot create regular file '/dev/shm/linux/./fs/proc/version.c': File exists
cp: cannot create regular file '/dev/shm/linux/./fs/proc_namespace.c': File exists
cp: cannot create regular file '/dev/shm/linux/./fs/pstore/Kconfig': File exists
cp: cannot create regular file '/dev/shm/linux/./fs/pstore/blk.c': File exists
cp: cannot create regular file '/dev/shm/linux/./fs/pstore/inode.c': File exists
cp: cannot create regular file '/dev/shm/linux/./fs/pstore/platform.c': File exists
cp: cannot create regular file '/dev/shm/linux/./fs/pstore/ram.c': File exists
cp: cannot create regular file '/dev/shm/linux/./fs/pstore/ram_internal.h': File exists
cp: cannot create directory '/dev/shm/linux/./fs/qnx4': File exists
cp: cannot create regular file '/dev/shm/linux/./fs/quota/Kconfig': File exists
cp: cannot create regular file '/dev/shm/linux/./fs/quota/compat.h': File exists
cp: cannot create regular file '/dev/shm/linux/./fs/quota/kqid.c': File exists
cp: cannot create regular file '/dev/shm/linux/./fs/quota/quota.c': File exists
cp: cannot create regular file '/dev/shm/linux/./fs/quota/quota_tree.h': File exists
cp: cannot create regular file '/dev/shm/linux/./fs/quota/quota_v2.c': File exists
cp: cannot create directory '/dev/shm/linux/./fs/ramfs': File exists
cp: cannot create regular file '/dev/shm/linux/./fs/resctrl/ctrlmondata.c': File exists
cp: cannot create regular file '/dev/shm/linux/./fs/resctrl/monitor.c': File exists
cp: cannot create regular file '/dev/shm/linux/./fs/resctrl/pseudo_lock.c': File exists
cp: cannot create directory '/dev/shm/linux/./fs/romfs': File exists
cp: cannot create regular file '/dev/shm/linux/./fs/smb/client/.gitignore': File exists
cp: cannot create regular file '/dev/shm/linux/./fs/smb/client/Makefile': File exists
cp: cannot create regular file '/dev/shm/linux/./fs/smb/client/asn1.c': File exists
cp: cannot create regular file '/dev/shm/linux/./fs/smb/client/cached_dir.h': File exists
cp: cannot create regular file '/dev/shm/linux/./fs/smb/client/cifs_debug.h': File exists
cp: cannot create regular file '/dev/shm/linux/./fs/smb/client/cifs_fs_sb.h': File exists
cp: cannot create regular file '/dev/shm/linux/./fs/smb/client/cifs_spnego.c': File exists
cp: cannot create regular file '/dev/shm/linux/./fs/smb/client/cifs_spnego_negtokeninit.asn1': File exists
cp: cannot create regular file '/dev/shm/linux/./fs/smb/client/cifs_swn.h': File exists
cp: cannot create regular file '/dev/shm/linux/./fs/smb/client/cifs_unicode.c': File exists
cp: cannot create regular file '/dev/shm/linux/./fs/smb/client/cifsacl.c': File exists
cp: cannot create regular file '/dev/shm/linux/./fs/smb/client/cifsfs.c': File exists
cp: cannot create regular file '/dev/shm/linux/./fs/smb/client/cifsglob.h': File exists
cp: cannot create regular file '/dev/shm/linux/./fs/smb/client/cifsproto.h': File exists
cp: cannot create regular file '/dev/shm/linux/./fs/smb/client/cifssmb.c': File exists
cp: cannot create directory '/dev/shm/linux/./fs/smb/client/compress': File exists
cp: cannot create regular file '/dev/shm/linux/./fs/smb/client/dfs_cache.c': File exists
cp: cannot create regular file '/dev/shm/linux/./fs/smb/client/dir.c': File exists
cp: cannot create regular file '/dev/shm/linux/./fs/smb/client/export.c': File exists
cp: cannot create regular file '/dev/shm/linux/./fs/smb/client/fs_context.c': File exists
cp: cannot create regular file '/dev/shm/linux/./fs/smb/client/fscache.c': File exists
cp: cannot create regular file '/dev/shm/linux/./fs/smb/client/fscache.h': File exists
cp: cannot create regular file '/dev/shm/linux/./fs/smb/client/gen_smb1_mapping': File exists
cp: cannot create regular file '/dev/shm/linux/./fs/smb/client/inode.c': File exists
cp: cannot create regular file '/dev/shm/linux/./fs/smb/client/link.c': File exists
cp: cannot create regular file '/dev/shm/linux/./fs/smb/client/namespace.c': File exists
cp: cannot create regular file '/dev/shm/linux/./fs/smb/client/netlink.h': File exists
cp: cannot create regular file '/dev/shm/linux/./fs/smb/client/netmisc.c': File exists
cp: cannot create regular file '/dev/shm/linux/./fs/smb/client/ntlmssp.h': File exists
cp: cannot create regular file '/dev/shm/linux/./fs/smb/client/reparse.c': File exists
cp: cannot create regular file '/dev/shm/linux/./fs/smb/client/rfc1002pdu.h': File exists
cp: cannot create regular file '/dev/shm/linux/./fs/smb/client/smb1debug.c': File exists
cp: cannot create regular file '/dev/shm/linux/./fs/smb/client/smb1encrypt.c': File exists
cp: cannot create regular file '/dev/shm/linux/./fs/smb/client/smb1maperror_test.c': File exists
cp: cannot create regular file '/dev/shm/linux/./fs/smb/client/smb1ops.c': File exists
cp: cannot create regular file '/dev/shm/linux/./fs/smb/client/smb1proto.h': File exists
cp: cannot create regular file '/dev/shm/linux/./fs/smb/client/smb1transport.c': File exists
cp: cannot create regular file '/dev/shm/linux/./fs/smb/client/smb2glob.h': File exists
cp: cannot create regular file '/dev/shm/linux/./fs/smb/client/smb2inode.c': File exists
cp: cannot create regular file '/dev/shm/linux/./fs/smb/client/smb2maperror_test.c': File exists
cp: cannot create regular file '/dev/shm/linux/./fs/smb/client/smb2ops.c': File exists
cp: cannot create regular file '/dev/shm/linux/./fs/smb/client/smb2pdu.h': File exists
cp: cannot create regular file '/dev/shm/linux/./fs/smb/client/smb2transport.c': File exists
cp: cannot create regular file '/dev/shm/linux/./fs/smb/client/smbdirect.h': File exists
cp: cannot create regular file '/dev/shm/linux/./fs/smb/client/smberr.h': File exists
cp: cannot create regular file '/dev/shm/linux/./fs/smb/client/transport.c': File exists
cp: cannot create regular file '/dev/shm/linux/./fs/smb/client/xattr.c': File exists
cp: cannot create regular file '/dev/shm/linux/./fs/smb/common/Makefile': File exists
cp: cannot create regular file '/dev/shm/linux/./fs/smb/common/md4.h': File exists
cp: cannot create regular file '/dev/shm/linux/./fs/smb/common/smb2status.h': File exists
cp: cannot create regular file '/dev/shm/linux/./fs/smb/common/smbfsctl.h': File exists
cp: cannot create directory '/dev/shm/linux/./fs/smb/smbdirect': File exists
cp: cannot create regular file '/dev/shm/linux/./fs/splice.c': File exists
cp: cannot create directory '/dev/shm/linux/./fs/squashfs': File exists
cp: cannot create regular file '/dev/shm/linux/./fs/stack.c': File exists
cp: cannot create regular file '/dev/shm/linux/./fs/stat.c': File exists
cp: cannot create regular file '/dev/shm/linux/./fs/statfs.c': File exists
cp: cannot create regular file '/dev/shm/linux/./fs/super.c': File exists
cp: cannot create regular file '/dev/shm/linux/./fs/sync.c': File exists
cp: cannot create regular file '/dev/shm/linux/./fs/sysctls.c': File exists
cp: cannot create directory '/dev/shm/linux/./fs/sysfs': File exists
cp: cannot create regular file '/dev/shm/linux/./fs/tracefs/event_inode.c': File exists
cp: cannot create regular file '/dev/shm/linux/./fs/tracefs/internal.h': File exists
cp: cannot create regular file '/dev/shm/linux/./fs/ubifs/Kconfig': File exists
cp: cannot create regular file '/dev/shm/linux/./fs/ubifs/auth.c': File exists
cp: cannot create regular file '/dev/shm/linux/./fs/ubifs/commit.c': File exists
cp: cannot create regular file '/dev/shm/linux/./fs/ubifs/crypto.c': File exists
cp: cannot create regular file '/dev/shm/linux/./fs/ubifs/debug.h': File exists
cp: cannot create regular file '/dev/shm/linux/./fs/ubifs/file.c': File exists
cp: cannot create regular file '/dev/shm/linux/./fs/ubifs/gc.c': File exists
cp: cannot create regular file '/dev/shm/linux/./fs/ubifs/ioctl.c': File exists
cp: cannot create regular file '/dev/shm/linux/./fs/ubifs/key.h': File exists
cp: cannot create regular file '/dev/shm/linux/./fs/ubifs/lprops.c': File exists
cp: cannot create regular file '/dev/shm/linux/./fs/ubifs/lpt_commit.c': File exists
cp: cannot create regular file '/dev/shm/linux/./fs/ubifs/misc.c': File exists
cp: cannot create regular file '/dev/shm/linux/./fs/ubifs/misc.h': File exists
cp: cannot create regular file '/dev/shm/linux/./fs/ubifs/recovery.c': File exists
cp: cannot create regular file '/dev/shm/linux/./fs/ubifs/sb.c': File exists
cp: cannot create regular file '/dev/shm/linux/./fs/ubifs/shrinker.c': File exists
cp: cannot create regular file '/dev/shm/linux/./fs/ubifs/sysfs.c': File exists
cp: cannot create regular file '/dev/shm/linux/./fs/ubifs/tnc_commit.c': File exists
cp: cannot create regular file '/dev/shm/linux/./fs/ubifs/ubifs-media.h': File exists
cp: cannot create regular file '/dev/shm/linux/./fs/ubifs/xattr.c': File exists
cp: cannot create regular file '/dev/shm/linux/./fs/udf/Makefile': File exists
cp: cannot create regular file '/dev/shm/linux/./fs/udf/dir.c': File exists
cp: cannot create regular file '/dev/shm/linux/./fs/udf/ecma_167.h': File exists
cp: cannot create regular file '/dev/shm/linux/./fs/udf/ialloc.c': File exists
cp: cannot create regular file '/dev/shm/linux/./fs/udf/lowlevel.c': File exists
cp: cannot create regular file '/dev/shm/linux/./fs/udf/namei.c': File exists
cp: cannot create regular file '/dev/shm/linux/./fs/udf/partition.c': File exists
cp: cannot create regular file '/dev/shm/linux/./fs/udf/symlink.c': File exists
cp: cannot create regular file '/dev/shm/linux/./fs/udf/truncate.c': File exists
cp: cannot create regular file '/dev/shm/linux/./fs/udf/udf_sb.h': File exists
cp: cannot create regular file '/dev/shm/linux/./fs/udf/udfend.h': File exists
cp: cannot create directory '/dev/shm/linux/./fs/ufs': File exists
cp: cannot create regular file '/dev/shm/linux/./fs/vboxsf/Makefile': File exists
cp: cannot create regular file '/dev/shm/linux/./fs/vboxsf/file.c': File exists
cp: cannot create regular file '/dev/shm/linux/./fs/vboxsf/super.c': File exists
cp: cannot create regular file '/dev/shm/linux/./fs/vboxsf/vboxsf_wrappers.c': File exists
cp: cannot create regular file '/dev/shm/linux/./fs/vboxsf/vfsmod.h': File exists
cp: cannot create regular file '/dev/shm/linux/./fs/verity/Makefile': File exists
cp: cannot create regular file '/dev/shm/linux/./fs/verity/fsverity_private.h': File exists
cp: cannot create regular file '/dev/shm/linux/./fs/verity/init.c': File exists
cp: cannot create regular file '/dev/shm/linux/./fs/verity/open.c': File exists
cp: cannot create regular file '/dev/shm/linux/./fs/verity/read_metadata.c': File exists
cp: cannot create regular file '/dev/shm/linux/./fs/verity/verify.c': File exists
cp: cannot create directory '/dev/shm/linux/./fs/xfs': File exists
cp: cannot create regular file '/dev/shm/linux/./include/drm/drm_plane.h': File exists
cp: cannot create regular file '/dev/shm/linux/./include/drm/drm_print.h': File exists
cp: cannot create regular file '/dev/shm/linux/./include/drm/drm_privacy_screen_driver.h': File exists
cp: cannot create regular file '/dev/shm/linux/./include/drm/drm_probe_helper.h': File exists
cp: cannot create regular file '/dev/shm/linux/./include/drm/drm_ras.h': File exists
cp: cannot create regular file '/dev/shm/linux/./include/drm/drm_rect.h': File exists
cp: cannot create regular file '/dev/shm/linux/./include/drm/drm_simple_kms_helper.h': File exists
cp: cannot create regular file '/dev/shm/linux/./include/drm/drm_sysfs.h': File exists
cp: cannot create regular file '/dev/shm/linux/./include/drm/drm_utils.h': File exists
cp: cannot create regular file '/dev/shm/linux/./include/drm/drm_vblank_helper.h': File exists
cp: cannot create regular file '/dev/shm/linux/./include/drm/drm_vma_manager.h': File exists
cp: cannot create regular file '/dev/shm/linux/./include/drm/gpu_scheduler.h': File exists
cp: cannot create directory '/dev/shm/linux/./include/drm/intel': File exists
cp: cannot create regular file '/dev/shm/linux/./include/dt-bindings/arm/ux500_pm_domains.h': File exists
cp: cannot create regular file '/dev/shm/linux/./include/dt-bindings/ata/ahci.h': File exists
cp: cannot create regular file '/dev/shm/linux/./include/dt-bindings/bus/moxtet.h': File exists
cp: cannot create directory '/dev/shm/linux/./include/dt-bindings/clock': File exists
cp: cannot create regular file '/dev/shm/linux/./include/dt-bindings/reset/sun55i-a523-mcu-ccu.h': File exists
cp: cannot create regular file '/dev/shm/linux/./include/dt-bindings/reset/sun5i-ccu.h': File exists
cp: cannot create regular file '/dev/shm/linux/./include/dt-bindings/reset/sun8i-a23-a33-ccu.h': File exists
cp: cannot create regular file '/dev/shm/linux/./include/dt-bindings/reset/sun8i-de2.h': File exists
cp: cannot create regular file '/dev/shm/linux/./include/dt-bindings/reset/sun8i-r-ccu.h': File exists
cp: cannot create regular file '/dev/shm/linux/./include/dt-bindings/reset/sun8i-v3s-ccu.h': File exists
cp: cannot create regular file '/dev/shm/linux/./include/dt-bindings/reset/sun9i-a80-ccu.h': File exists
cp: cannot create regular file '/dev/shm/linux/./include/dt-bindings/reset/sun9i-a80-usb.h': File exists
cp: cannot create regular file '/dev/shm/linux/./include/dt-bindings/reset/sunplus,sp7021-reset.h': File exists
cp: cannot create regular file '/dev/shm/linux/./include/dt-bindings/reset/tegra186-reset.h': File exists
cp: cannot create regular file '/dev/shm/linux/./include/dt-bindings/reset/tegra210-car.h': File exists
cp: cannot create regular file '/dev/shm/linux/./include/dt-bindings/reset/thead,th1520-reset.h': File exists
cp: cannot create regular file '/dev/shm/linux/./include/dt-bindings/reset/toshiba,tmpv770x.h': File exists
cp: cannot create regular file '/dev/shm/linux/./include/dt-bindings/reset/xlnx-zynqmp-resets.h': File exists
cp: cannot create regular file '/dev/shm/linux/./include/dt-bindings/soc/bcm-pmb.h': File exists
cp: cannot create regular file '/dev/shm/linux/./include/dt-bindings/soc/bcm6318-pm.h': File exists
cp: cannot create regular file '/dev/shm/linux/./include/dt-bindings/soc/bcm6328-pm.h': File exists
cp: cannot create regular file '/dev/shm/linux/./include/dt-bindings/soc/cpm1-fsl,tsa.h': File exists
cp: cannot create regular file '/dev/shm/linux/./include/dt-bindings/soc/qcom,gpr.h': File exists
cp: cannot create regular file '/dev/shm/linux/./include/dt-bindings/soc/qcom,rpmh-rsc.h': File exists
cp: cannot create regular file '/dev/shm/linux/./include/dt-bindings/soc/rockchip,boot-mode.h': File exists
cp: cannot create regular file '/dev/shm/linux/./include/dt-bindings/soc/samsung,boot-mode.h': File exists
cp: cannot create regular file '/dev/shm/linux/./include/dt-bindings/soc/tegra-pmc.h': File exists
cp: cannot create directory '/dev/shm/linux/./include/dt-bindings/sound': File exists
cp: cannot create regular file '/dev/shm/linux/./include/keys/encrypted-type.h': File exists
cp: cannot create regular file '/dev/shm/linux/./include/keys/request_key_auth-type.h': File exists
cp: cannot create regular file '/dev/shm/linux/./include/keys/system_keyring.h': File exists
cp: cannot create regular file '/dev/shm/linux/./include/keys/trusted-type.h': File exists
cp: cannot create regular file '/dev/shm/linux/./include/keys/trusted_dcp.h': File exists
cp: cannot create regular file '/dev/shm/linux/./include/keys/trusted_tee.h': File exists
cp: cannot create regular file '/dev/shm/linux/./include/keys/user-type.h': File exists
cp: cannot create regular file '/dev/shm/linux/./include/kunit/assert.h': File exists
cp: cannot create regular file '/dev/shm/linux/./include/kunit/clk.h': File exists
cp: cannot create regular file '/dev/shm/linux/./include/kunit/of.h': File exists
cp: cannot create regular file '/dev/shm/linux/./include/kunit/platform_device.h': File exists
cp: cannot create regular file '/dev/shm/linux/./include/kunit/run-in-irq-context.h': File exists
cp: cannot create regular file '/dev/shm/linux/./include/kunit/static_stub.h': File exists
cp: cannot create regular file '/dev/shm/linux/./include/kunit/test.h': File exists
cp: cannot create regular file '/dev/shm/linux/./include/kunit/visibility.h': File exists
cp: cannot create regular file '/dev/shm/linux/./include/kvm/arm_arch_timer.h': File exists
cp: cannot create regular file '/dev/shm/linux/./include/kvm/arm_pmu.h': File exists
cp: cannot create regular file '/dev/shm/linux/./include/kvm/arm_vgic.h': File exists
cp: cannot create regular file '/dev/shm/linux/./include/linux/8250_pci.h': File exists
cp: cannot create regular file '/dev/shm/linux/./include/linux/acpi.h': File exists
cp: cannot create regular file '/dev/shm/linux/./include/linux/acpi_dma.h': File exists
cp: cannot create regular file '/dev/shm/linux/./include/linux/acpi_iort.h': File exists
cp: cannot create regular file '/dev/shm/linux/./include/linux/acpi_pmtmr.h': File exists
cp: cannot create regular file '/dev/shm/linux/./include/linux/acpi_viot.h': File exists
cp: cannot create regular file '/dev/shm/linux/./include/linux/adfs_fs.h': File exists
cp: cannot create regular file '/dev/shm/linux/./include/linux/adreno-smmu-priv.h': File exists
cp: cannot create regular file '/dev/shm/linux/./include/linux/aer.h': File exists
cp: cannot create regular file '/dev/shm/linux/./include/linux/agpgart.h': File exists
cp: cannot create regular file '/dev/shm/linux/./include/linux/ahci_platform.h': File exists
cp: cannot create regular file '/dev/shm/linux/./include/linux/alcor_pci.h': File exists
cp: cannot create regular file '/dev/shm/linux/./include/linux/alloc_tag.h': File exists
cp: cannot create regular file '/dev/shm/linux/./include/linux/altera_uart.h': File exists
cp: cannot create regular file '/dev/shm/linux/./include/linux/amba/bus.h': File exists
cp: cannot create regular file '/dev/shm/linux/./include/linux/amba/mmci.h': File exists
cp: cannot create regular file '/dev/shm/linux/./include/linux/amba/pl080.h': File exists
cp: cannot create regular file '/dev/shm/linux/./include/linux/amba/serial.h': File exists
cp: cannot create regular file '/dev/shm/linux/./include/linux/amd-iommu.h': File exists
cp: cannot create regular file '/dev/shm/linux/./include/linux/annotate.h': File exists
cp: cannot create regular file '/dev/shm/linux/./include/linux/aperture.h': File exists
cp: cannot create regular file '/dev/shm/linux/./include/linux/apm_bios.h': File exists
cp: cannot create regular file '/dev/shm/linux/./include/linux/arch_topology.h': File exists
cp: cannot create regular file '/dev/shm/linux/./include/linux/arm-cci.h': File exists
cp: cannot create regular file '/dev/shm/linux/./include/linux/arm_ffa.h': File exists
cp: cannot create regular file '/dev/shm/linux/./include/linux/arm_sdei.h': File exists
cp: cannot create regular file '/dev/shm/linux/./include/linux/array_size.h': File exists
cp: cannot create regular file '/dev/shm/linux/./include/linux/asn1.h': File exists
cp: cannot create regular file '/dev/shm/linux/./include/linux/asn1_decoder.h': File exists
cp: cannot create regular file '/dev/shm/linux/./include/linux/assoc_array.h': File exists
cp: cannot create regular file '/dev/shm/linux/./include/linux/async.h': File exists
cp: cannot create regular file '/dev/shm/linux/./include/linux/async_tx.h': File exists
cp: cannot create regular file '/dev/shm/linux/./include/linux/ata_platform.h': File exists
cp: cannot create regular file '/dev/shm/linux/./include/linux/atm.h': File exists
cp: cannot create regular file '/dev/shm/linux/./include/linux/atmdev.h': File exists
cp: cannot create regular file '/dev/shm/linux/./include/linux/atmel_pdc.h': File exists
cp: cannot create directory '/dev/shm/linux/./include/linux/atomic': File exists
cp: cannot create regular file '/dev/shm/linux/./include/linux/average.h': File exists
cp: cannot create regular file '/dev/shm/linux/./include/linux/avf/virtchnl.h': File exists
cp: cannot create regular file '/dev/shm/linux/./include/linux/backing-dev.h': File exists
cp: cannot create regular file '/dev/shm/linux/./include/linux/backlight.h': File exists
cp: cannot create regular file '/dev/shm/linux/./include/linux/base64.h': File exists
cp: cannot create regular file '/dev/shm/linux/./include/linux/bch.h': File exists
cp: cannot create regular file '/dev/shm/linux/./include/linux/bcm47xx_sprom.h': File exists
cp: cannot create regular file '/dev/shm/linux/./include/linux/bcm963xx_nvram.h': File exists
cp: cannot create regular file '/dev/shm/linux/./include/linux/bcm963xx_tag.h': File exists
cp: cannot create regular file '/dev/shm/linux/./include/linux/bcma/bcma.h': File exists
cp: cannot create regular file '/dev/shm/linux/./include/linux/bcma/bcma_driver_chipcommon.h': File exists
cp: cannot create regular file '/dev/shm/linux/./include/linux/bcma/bcma_driver_pci.h': File exists
cp: cannot create regular file '/dev/shm/linux/./include/linux/bcma/bcma_regs.h': File exists
cp: cannot create regular file '/dev/shm/linux/./include/linux/binfmts.h': File exists
cp: cannot create regular file '/dev/shm/linux/./include/linux/bio.h': File exists
cp: cannot create regular file '/dev/shm/linux/./include/linux/bitmap-str.h': File exists
cp: cannot create regular file '/dev/shm/linux/./include/linux/bitops.h': File exists
cp: cannot create regular file '/dev/shm/linux/./include/linux/bits.h': File exists
cp: cannot create regular file '/dev/shm/linux/./include/linux/blk-integrity.h': File exists
cp: cannot create regular file '/dev/shm/linux/./include/linux/blk-mq.h': File exists
cp: cannot create regular file '/dev/shm/linux/./include/linux/blk_types.h': File exists
cp: cannot create regular file '/dev/shm/linux/./include/linux/blkpg.h': File exists
cp: cannot create regular file '/dev/shm/linux/./include/linux/blktrace_api.h': File exists
cp: cannot create regular file '/dev/shm/linux/./include/linux/bma150.h': File exists
cp: cannot create regular file '/dev/shm/linux/./include/linux/bnge/hsi.h': File exists
cp: cannot create regular file '/dev/shm/linux/./include/linux/bnxt/ulp.h': File exists
cp: cannot create regular file '/dev/shm/linux/./include/linux/bootconfig.h': File exists
cp: cannot create regular file '/dev/shm/linux/./include/linux/bottom_half.h': File exists
cp: cannot create regular file '/dev/shm/linux/./include/linux/bpf-cgroup.h': File exists
cp: cannot create regular file '/dev/shm/linux/./include/linux/bpf_crypto.h': File exists
cp: cannot create regular file '/dev/shm/linux/./include/linux/bpf_lirc.h': File exists
cp: cannot create regular file '/dev/shm/linux/./include/linux/bpf_lsm.h': File exists
cp: cannot create regular file '/dev/shm/linux/./include/linux/bpf_mprog.h': File exists
cp: cannot create regular file '/dev/shm/linux/./include/linux/bpf_types.h': File exists
cp: cannot create regular file '/dev/shm/linux/./include/linux/bpfptr.h': File exists
cp: cannot create regular file '/dev/shm/linux/./include/linux/bsearch.h': File exists
cp: cannot create regular file '/dev/shm/linux/./include/linux/bsg-lib.h': File exists
cp: cannot create regular file '/dev/shm/linux/./include/linux/btf.h': File exists
cp: cannot create regular file '/dev/shm/linux/./include/linux/btree-128.h': File exists
cp: cannot create regular file '/dev/shm/linux/./include/linux/btree.h': File exists
cp: cannot create regular file '/dev/shm/linux/./include/linux/buffer_head.h': File exists
cp: cannot create regular file '/dev/shm/linux/./include/linux/build_bug.h': File exists
cp: cannot create directory '/dev/shm/linux/./include/linux/bus': File exists
cp: cannot create regular file '/dev/shm/linux/./include/linux/byteorder/generic.h': File exists
cp: cannot create regular file '/dev/shm/linux/./include/linux/c2port.h': File exists
cp: cannot create regular file '/dev/shm/linux/./include/linux/cache.h': File exists
cp: cannot create regular file '/dev/shm/linux/./include/linux/cacheflush.h': File exists
cp: cannot create regular file '/dev/shm/linux/./include/linux/call_once.h': File exists
cp: cannot create regular file '/dev/shm/linux/./include/linux/can/bittiming.h': File exists
cp: cannot create regular file '/dev/shm/linux/./include/linux/can/dev.h': File exists
cp: cannot create regular file '/dev/shm/linux/./include/linux/can/dev/peak_canfd.h': File exists
cp: cannot create directory '/dev/shm/linux/./include/linux/can/platform': File exists
cp: cannot create regular file '/dev/shm/linux/./include/linux/cc_platform.h': File exists
cp: cannot create regular file '/dev/shm/linux/./include/linux/cciss_ioctl.h': File exists
cp: cannot create regular file '/dev/shm/linux/./include/linux/cdev.h': File exists
cp: cannot create regular file '/dev/shm/linux/./include/linux/cdrom.h': File exists
cp: cannot create regular file '/dev/shm/linux/./include/linux/cdx/bitfield.h': File exists
cp: cannot create regular file '/dev/shm/linux/./include/linux/cdx/edac_cdx_pcol.h': File exists
cp: cannot create directory '/dev/shm/linux/./include/linux/ceph': File exists
cp: cannot create regular file '/dev/shm/linux/./include/linux/clk/renesas.h': File exists
cp: cannot create regular file '/dev/shm/linux/./include/linux/clk/spear.h': File exists
cp: cannot create regular file '/dev/shm/linux/./include/linux/clk/tegra.h': File exists
cp: cannot create regular file '/dev/shm/linux/./include/linux/clk/zynq.h': File exists
cp: cannot create regular file '/dev/shm/linux/./include/linux/clockchips.h': File exists
cp: cannot create regular file '/dev/shm/linux/./include/linux/clocksource_ids.h': File exists
cp: cannot create regular file '/dev/shm/linux/./include/linux/cmpxchg-emu.h': File exists
cp: cannot create regular file '/dev/shm/linux/./include/linux/cnt32_to_63.h': File exists
cp: cannot create regular file '/dev/shm/linux/./include/linux/coda.h': File exists
cp: cannot create regular file '/dev/shm/linux/./include/linux/comedi/comedi_8254.h': File exists
cp: cannot create regular file '/dev/shm/linux/./include/linux/comedi/comedi_isadma.h': File exists
cp: cannot create regular file '/dev/shm/linux/./include/linux/comedi/comedi_pci.h': File exists
cp: cannot create regular file '/dev/shm/linux/./include/linux/comedi/comedi_usb.h': File exists
cp: cannot create regular file '/dev/shm/linux/./include/linux/comedi/comedilib.h': File exists
cp: cannot create regular file '/dev/shm/linux/./include/linux/compat.h': File exists
cp: cannot create regular file '/dev/shm/linux/./include/linux/compiler-context-analysis.h': File exists
cp: cannot create regular file '/dev/shm/linux/./include/linux/compiler-version.h': File exists
cp: cannot create regular file '/dev/shm/linux/./include/linux/compiler_attributes.h': File exists
cp: cannot create regular file '/dev/shm/linux/./include/linux/completion.h': File exists
cp: cannot create regular file '/dev/shm/linux/./include/linux/configfs.h': File exists
cp: cannot create regular file '/dev/shm/linux/./include/linux/console.h': File exists
cp: cannot create regular file '/dev/shm/linux/./include/linux/consolemap.h': File exists
cp: cannot create regular file '/dev/shm/linux/./include/linux/container.h': File exists
cp: cannot create regular file '/dev/shm/linux/./include/linux/context_tracking.h': File exists
cp: cannot create regular file '/dev/shm/linux/./include/linux/context_tracking_state.h': File exists
cp: cannot create regular file '/dev/shm/linux/./include/linux/cordic.h': File exists
cp: cannot create regular file '/dev/shm/linux/./include/linux/coredump.h': File exists
cp: cannot create regular file '/dev/shm/linux/./include/linux/coresight-stm.h': File exists
cp: cannot create regular file '/dev/shm/linux/./include/linux/count_zeros.h': File exists
cp: cannot create regular file '/dev/shm/linux/./include/linux/cper.h': File exists
cp: cannot create regular file '/dev/shm/linux/./include/linux/cpu_cooling.h': File exists
cp: cannot create regular file '/dev/shm/linux/./include/linux/cpu_rmap.h': File exists
cp: cannot create regular file '/dev/shm/linux/./include/linux/cpuhotplug.h': File exists
cp: cannot create regular file '/dev/shm/linux/./include/linux/cpuidle.h': File exists
cp: cannot create regular file '/dev/shm/linux/./include/linux/cpumask.h': File exists
cp: cannot create regular file '/dev/shm/linux/./include/linux/cpumask_types.h': File exists
cp: cannot create regular file '/dev/shm/linux/./include/linux/crash_core.h': File exists
cp: cannot create regular file '/dev/shm/linux/./include/linux/crash_reserve.h': File exists
cp: cannot create regular file '/dev/shm/linux/./include/linux/crc-itu-t.h': File exists
cp: cannot create regular file '/dev/shm/linux/./include/linux/crc16.h': File exists
cp: cannot create regular file '/dev/shm/linux/./include/linux/crc32c.h': File exists
cp: cannot create regular file '/dev/shm/linux/./include/linux/crc4.h': File exists
cp: cannot create regular file '/dev/shm/linux/./include/linux/crc7.h': File exists
cp: cannot create regular file '/dev/shm/linux/./include/linux/cred.h': File exists
cp: cannot create regular file '/dev/shm/linux/./include/linux/crush/crush.h': File exists
cp: cannot create regular file '/dev/shm/linux/./include/linux/crush/mapper.h': File exists
cp: cannot create regular file '/dev/shm/linux/./include/linux/cs5535.h': File exists
cp: cannot create regular file '/dev/shm/linux/./include/linux/damon.h': File exists
cp: cannot create regular file '/dev/shm/linux/./include/linux/dax.h': File exists
cp: cannot create regular file '/dev/shm/linux/./include/linux/dccp.h': File exists
cp: cannot create regular file '/dev/shm/linux/./include/linux/debugfs.h': File exists
cp: cannot create directory '/dev/shm/linux/./include/linux/decompress': File exists
cp: cannot create regular file '/dev/shm/linux/./include/linux/device.h': File exists
cp: cannot create regular file '/dev/shm/linux/./include/linux/device/bus.h': File exists
cp: cannot create regular file '/dev/shm/linux/./include/linux/device/driver.h': File exists
cp: cannot create regular file '/dev/shm/linux/./include/linux/device_cgroup.h': File exists
cp: cannot create regular file '/dev/shm/linux/./include/linux/devpts_fs.h': File exists
cp: cannot create regular file '/dev/shm/linux/./include/linux/dfl.h': File exists
cp: cannot create regular file '/dev/shm/linux/./include/linux/digsig.h': File exists
cp: cannot create regular file '/dev/shm/linux/./include/linux/dio.h': File exists
cp: cannot create regular file '/dev/shm/linux/./include/linux/dlm.h': File exists
cp: cannot create regular file '/dev/shm/linux/./include/linux/dm-bufio.h': File exists
cp: cannot create regular file '/dev/shm/linux/./include/linux/dm-io.h': File exists
cp: cannot create regular file '/dev/shm/linux/./include/linux/dm-kcopyd.h': File exists
cp: cannot create regular file '/dev/shm/linux/./include/linux/dm-verity-loadpin.h': File exists
cp: cannot create regular file '/dev/shm/linux/./include/linux/dma-buf-mapping.h': File exists
cp: cannot create regular file '/dev/shm/linux/./include/linux/dma-direct.h': File exists
cp: cannot create regular file '/dev/shm/linux/./include/linux/dma-fence-array.h': File exists
cp: cannot create regular file '/dev/shm/linux/./include/linux/dma-fence.h': File exists
cp: cannot create regular file '/dev/shm/linux/./include/linux/dma-map-ops.h': File exists
cp: cannot create regular file '/dev/shm/linux/./include/linux/dma-resv.h': File exists
cp: cannot create regular file '/dev/shm/linux/./include/linux/dma/amd_xdma.h': File exists
cp: cannot create regular file '/dev/shm/linux/./include/linux/dma/edma.h': File exists
cp: cannot create regular file '/dev/shm/linux/./include/linux/dma/idma64.h': File exists
cp: cannot create regular file '/dev/shm/linux/./include/linux/dma/k3-event-router.h': File exists
cp: cannot create regular file '/dev/shm/linux/./include/linux/dma/k3-psil.h': File exists
cp: cannot create regular file '/dev/shm/linux/./include/linux/dma/mxs-dma.h': File exists
cp: cannot create regular file '/dev/shm/linux/./include/linux/dma/qcom_adm.h': File exists
cp: cannot create regular file '/dev/shm/linux/./include/linux/dma/sprd-dma.h': File exists
cp: cannot create regular file '/dev/shm/linux/./include/linux/dma/xilinx_dma.h': File exists
cp: cannot create regular file '/dev/shm/linux/./include/linux/dma/xilinx_dpdma.h': File exists
cp: cannot create regular file '/dev/shm/linux/./include/linux/dmapool.h': File exists
cp: cannot create regular file '/dev/shm/linux/./include/linux/dmi.h': File exists
cp: cannot create regular file '/dev/shm/linux/./include/linux/dns_resolver.h': File exists
cp: cannot create regular file '/dev/shm/linux/./include/linux/dqblk_qtree.h': File exists
cp: cannot create regular file '/dev/shm/linux/./include/linux/drbd.h': File exists
cp: cannot create regular file '/dev/shm/linux/./include/linux/drbd_genl_api.h': File exists
cp: cannot create regular file '/dev/shm/linux/./include/linux/ds2782_battery.h': File exists
cp: cannot create regular file '/dev/shm/linux/./include/linux/dtlk.h': File exists
cp: cannot create regular file '/dev/shm/linux/./include/linux/dtpm.h': File exists
cp: cannot create regular file '/dev/shm/linux/./include/linux/dw_apb_timer.h': File exists
cp: cannot create regular file '/dev/shm/linux/./include/linux/dynamic_debug.h': File exists
cp: cannot create regular file '/dev/shm/linux/./include/linux/dynamic_queue_limits.h': File exists
cp: cannot create regular file '/dev/shm/linux/./include/linux/earlycpio.h': File exists
cp: cannot create regular file '/dev/shm/linux/./include/linux/ecryptfs.h': File exists
cp: cannot create regular file '/dev/shm/linux/./include/linux/edac.h': File exists
cp: cannot create regular file '/dev/shm/linux/./include/linux/edd.h': File exists
cp: cannot create regular file '/dev/shm/linux/./include/linux/eeprom_93cx6.h': File exists
cp: cannot create regular file '/dev/shm/linux/./include/linux/efi-bgrt.h': File exists
cp: cannot create regular file '/dev/shm/linux/./include/linux/efi_embedded_fw.h': File exists
cp: cannot create regular file '/dev/shm/linux/./include/linux/efs_vh.h': File exists
cp: cannot create regular file '/dev/shm/linux/./include/linux/eisa.h': File exists
cp: cannot create regular file '/dev/shm/linux/./include/linux/elf-randomize.h': File exists
cp: cannot create regular file '/dev/shm/linux/./include/linux/elfcore-compat.h': File exists
cp: cannot create regular file '/dev/shm/linux/./include/linux/elfnote-lto.h': File exists
cp: cannot create regular file '/dev/shm/linux/./include/linux/enclosure.h': File exists
cp: cannot create regular file '/dev/shm/linux/./include/linux/entry-common.h': File exists
cp: cannot create regular file '/dev/shm/linux/./include/linux/errname.h': File exists
cp: cannot create regular file '/dev/shm/linux/./include/linux/error-injection.h': File exists
cp: cannot create regular file '/dev/shm/linux/./include/linux/errseq.h': File exists
cp: cannot create regular file '/dev/shm/linux/./include/linux/ethtool.h': File exists
cp: cannot create regular file '/dev/shm/linux/./include/linux/evm.h': File exists
cp: cannot create regular file '/dev/shm/linux/./include/linux/execmem.h': File exists
cp: cannot create regular file '/dev/shm/linux/./include/linux/export.h': File exists
cp: cannot create regular file '/dev/shm/linux/./include/linux/ext2_fs.h': File exists
cp: cannot create regular file '/dev/shm/linux/./include/linux/extcon-provider.h': File exists
cp: cannot create directory '/dev/shm/linux/./include/linux/extcon': File exists
cp: cannot create regular file '/dev/shm/linux/./include/linux/falloc.h': File exists
cp: cannot create regular file '/dev/shm/linux/./include/linux/fault-inject-usercopy.h': File exists
cp: cannot create regular file '/dev/shm/linux/./include/linux/fb.h': File exists
cp: cannot create regular file '/dev/shm/linux/./include/linux/fcntl.h': File exists
cp: cannot create regular file '/dev/shm/linux/./include/linux/fddidevice.h': File exists
cp: cannot create regular file '/dev/shm/linux/./include/linux/fec.h': File exists
cp: cannot create regular file '/dev/shm/linux/./include/linux/fiemap.h': File exists
cp: cannot create regular file '/dev/shm/linux/./include/linux/file_ref.h': File exists
cp: cannot create regular file '/dev/shm/linux/./include/linux/filelock.h': File exists
cp: cannot create regular file '/dev/shm/linux/./include/linux/find.h': File exists
cp: cannot create regular file '/dev/shm/linux/./include/linux/firewire.h': File exists
cp: cannot create directory '/dev/shm/linux/./include/linux/firmware': File exists
cp: cannot create directory '/dev/shm/linux/./include/linux/fsl': File exists
cp: cannot create regular file '/dev/shm/linux/./include/linux/gameport.h': File exists
cp: cannot create directory '/dev/shm/linux/./include/linux/generic_pt': File exists
cp: cannot create regular file '/dev/shm/linux/./include/linux/gfp_api.h': File exists
cp: cannot create regular file '/dev/shm/linux/./include/linux/glob.h': File exists
cp: cannot create regular file '/dev/shm/linux/./include/linux/goldfish.h': File exists
cp: cannot create regular file '/dev/shm/linux/./include/linux/gpio-pxa.h': File exists
cp: cannot create directory '/dev/shm/linux/./include/linux/gpio': File exists
cp: cannot create regular file '/dev/shm/linux/./include/linux/greybus/operation.h': File exists
cp: cannot create regular file '/dev/shm/linux/./include/linux/group_cpus.h': File exists
cp: cannot create regular file '/dev/shm/linux/./include/linux/habanalabs/cpucp_if.h': File exists
cp: cannot create regular file '/dev/shm/linux/./include/linux/hardirq.h': File exists
cp: cannot create regular file '/dev/shm/linux/./include/linux/hash.h': File exists
cp: cannot create regular file '/dev/shm/linux/./include/linux/hashtable_api.h': File exists
cp: cannot create regular file '/dev/shm/linux/./include/linux/hdmi.h': File exists
cp: cannot create regular file '/dev/shm/linux/./include/linux/hid-debug.h': File exists
cp: cannot create regular file '/dev/shm/linux/./include/linux/hid-over-spi.h': File exists
cp: cannot create regular file '/dev/shm/linux/./include/linux/hid-sensor-hub.h': File exists
cp: cannot create regular file '/dev/shm/linux/./include/linux/hid.h': File exists
cp: cannot create regular file '/dev/shm/linux/./include/linux/hiddev.h': File exists
cp: cannot create regular file '/dev/shm/linux/./include/linux/highmem-internal.h': File exists
cp: cannot create regular file '/dev/shm/linux/./include/linux/highuid.h': File exists
cp: cannot create regular file '/dev/shm/linux/./include/linux/hil_mlc.h': File exists
cp: cannot create regular file '/dev/shm/linux/./include/linux/hmm-dma.h': File exists
cp: cannot create regular file '/dev/shm/linux/./include/linux/host1x.h': File exists
cp: cannot create regular file '/dev/shm/linux/./include/linux/hp_sdc.h': File exists
cp: cannot create regular file '/dev/shm/linux/./include/linux/hrtimer.h': File exists
cp: cannot create regular file '/dev/shm/linux/./include/linux/hrtimer_defs.h': File exists
cp: cannot create regular file '/dev/shm/linux/./include/linux/hrtimer_types.h': File exists
cp: cannot create regular file '/dev/shm/linux/./include/linux/hsi/hsi.h': File exists
cp: cannot create regular file '/dev/shm/linux/./include/linux/hte.h': File exists
cp: cannot create regular file '/dev/shm/linux/./include/linux/hugetlb.h': File exists
cp: cannot create regular file '/dev/shm/linux/./include/linux/hugetlb_inline.h': File exists
cp: cannot create regular file '/dev/shm/linux/./include/linux/hw_breakpoint.h': File exists
cp: cannot create regular file '/dev/shm/linux/./include/linux/hwmon-sysfs.h': File exists
cp: cannot create regular file '/dev/shm/linux/./include/linux/hwmon.h': File exists
cp: cannot create regular file '/dev/shm/linux/./include/linux/hypervisor.h': File exists
cp: cannot create regular file '/dev/shm/linux/./include/linux/i2c-algo-pca.h': File exists
cp: cannot create regular file '/dev/shm/linux/./include/linux/i2c-atr.h': File exists
cp: cannot create regular file '/dev/shm/linux/./include/linux/i2c-mux.h': File exists
cp: cannot create regular file '/dev/shm/linux/./include/linux/i2c-smbus.h': File exists
cp: cannot create directory '/dev/shm/linux/./include/linux/i3c': File exists
cp: cannot create regular file '/dev/shm/linux/./include/linux/icmpv6.h': File exists
cp: cannot create regular file '/dev/shm/linux/./include/linux/idr.h': File exists
cp: cannot create regular file '/dev/shm/linux/./include/linux/ieee80211-he.h': File exists
cp: cannot create regular file '/dev/shm/linux/./include/linux/ieee80211-mesh.h': File exists
cp: cannot create regular file '/dev/shm/linux/./include/linux/ieee80211-p2p.h': File exists
cp: cannot create regular file '/dev/shm/linux/./include/linux/ieee80211-uhr.h': File exists
cp: cannot create regular file '/dev/shm/linux/./include/linux/ieee80211.h': File exists
cp: cannot create regular file '/dev/shm/linux/./include/linux/if_arp.h': File exists
cp: cannot create regular file '/dev/shm/linux/./include/linux/if_eql.h': File exists
cp: cannot create regular file '/dev/shm/linux/./include/linux/if_hsr.h': File exists
cp: cannot create regular file '/dev/shm/linux/./include/linux/if_link.h': File exists
cp: cannot create regular file '/dev/shm/linux/./include/linux/if_phonet.h': File exists
cp: cannot create regular file '/dev/shm/linux/./include/linux/if_pppox.h': File exists
cp: cannot create regular file '/dev/shm/linux/./include/linux/if_tap.h': File exists
cp: cannot create regular file '/dev/shm/linux/./include/linux/if_tun.h': File exists
cp: cannot create regular file '/dev/shm/linux/./include/linux/igmp.h': File exists
cp: cannot create directory '/dev/shm/linux/./include/linux/iio': File exists
cp: cannot create regular file '/dev/shm/linux/./include/linux/io_uring/net.h': File exists
cp: cannot create regular file '/dev/shm/linux/./include/linux/ioam6.h': File exists
cp: cannot create regular file '/dev/shm/linux/./include/linux/ioam6_iptunnel.h': File exists
cp: cannot create regular file '/dev/shm/linux/./include/linux/iomap.h': File exists
cp: cannot create regular file '/dev/shm/linux/./include/linux/iommu-helper.h': File exists
cp: cannot create regular file '/dev/shm/linux/./include/linux/iommufd.h': File exists
cp: cannot create regular file '/dev/shm/linux/./include/linux/ioport.h': File exists
cp: cannot create regular file '/dev/shm/linux/./include/linux/iosys-map.h': File exists
cp: cannot create regular file '/dev/shm/linux/./include/linux/iova.h': File exists
cp: cannot create regular file '/dev/shm/linux/./include/linux/ip.h': File exists
cp: cannot create regular file '/dev/shm/linux/./include/linux/ipc.h': File exists
cp: cannot create regular file '/dev/shm/linux/./include/linux/ipmi.h': File exists
cp: cannot create regular file '/dev/shm/linux/./include/linux/ipv6.h': File exists
cp: cannot create regular file '/dev/shm/linux/./include/linux/irq.h': File exists
cp: cannot create regular file '/dev/shm/linux/./include/linux/irq_sim.h': File exists
cp: cannot create regular file '/dev/shm/linux/./include/linux/irq_work_types.h': File exists
cp: cannot create regular file '/dev/shm/linux/./include/linux/irqbypass.h': File exists
cp: cannot create directory '/dev/shm/linux/./include/linux/irqchip': File exists
cp: cannot create regular file '/dev/shm/linux/./include/linux/jump_label.h': File exists
cp: cannot create regular file '/dev/shm/linux/./include/linux/jz4740-adc.h': File exists
cp: cannot create regular file '/dev/shm/linux/./include/linux/kallsyms.h': File exists
cp: cannot create regular file '/dev/shm/linux/./include/linux/kasan-enabled.h': File exists
cp: cannot create regular file '/dev/shm/linux/./include/linux/kasan.h': File exists
cp: cannot create regular file '/dev/shm/linux/./include/linux/kbd_kern.h': File exists
cp: cannot create regular file '/dev/shm/linux/./include/linux/kconfig.h': File exists
cp: cannot create regular file '/dev/shm/linux/./include/linux/kcov.h': File exists
cp: cannot create regular file '/dev/shm/linux/./include/linux/kcsan.h': File exists
cp: cannot create regular file '/dev/shm/linux/./include/linux/kdb.h': File exists
cp: cannot create regular file '/dev/shm/linux/./include/linux/kdev_t.h': File exists
cp: cannot create regular file '/dev/shm/linux/./include/linux/kernel.h': File exists
cp: cannot create regular file '/dev/shm/linux/./include/linux/kernel_stat.h': File exists
cp: cannot create regular file '/dev/shm/linux/./include/linux/kexec.h': File exists
cp: cannot create regular file '/dev/shm/linux/./include/linux/key-type.h': File exists
cp: cannot create regular file '/dev/shm/linux/./include/linux/keyboard.h': File exists
cp: cannot create regular file '/dev/shm/linux/./include/linux/kfence.h': File exists
cp: cannot create regular file '/dev/shm/linux/./include/linux/kgdb.h': File exists
cp: cannot create directory '/dev/shm/linux/./include/linux/kho/abi': File exists
cp: cannot create regular file '/dev/shm/linux/./include/linux/kmsan_string.h': File exists
cp: cannot create regular file '/dev/shm/linux/./include/linux/kmsg_dump.h': File exists
cp: cannot create regular file '/dev/shm/linux/./include/linux/kobject.h': File exists
cp: cannot create regular file '/dev/shm/linux/./include/linux/kprobes.h': File exists
cp: cannot create regular file '/dev/shm/linux/./include/linux/kref_api.h': File exists
cp: cannot create regular file '/dev/shm/linux/./include/linux/ks8842.h': File exists
cp: cannot create regular file '/dev/shm/linux/./include/linux/ksm.h': File exists
cp: cannot create regular file '/dev/shm/linux/./include/linux/kstrtox.h': File exists
cp: cannot create regular file '/dev/shm/linux/./include/linux/kthread.h': File exists
cp: cannot create regular file '/dev/shm/linux/./include/linux/ktime_api.h': File exists
cp: cannot create regular file '/dev/shm/linux/./include/linux/kvm_host.h': File exists
cp: cannot create regular file '/dev/shm/linux/./include/linux/kvm_para.h': File exists
cp: cannot create regular file '/dev/shm/linux/./include/linux/l2tp.h': File exists
cp: cannot create regular file '/dev/shm/linux/./include/linux/lapb.h': File exists
cp: cannot create regular file '/dev/shm/linux/./include/linux/lcd.h': File exists
cp: cannot create regular file '/dev/shm/linux/./include/linux/leafops.h': File exists
cp: cannot create regular file '/dev/shm/linux/./include/linux/led-class-multicolor.h': File exists
cp: cannot create regular file '/dev/shm/linux/./include/linux/leds-bd2802.h': File exists
cp: cannot create regular file '/dev/shm/linux/./include/linux/leds-lp3944.h': File exists
cp: cannot create regular file '/dev/shm/linux/./include/linux/leds-pca9532.h': File exists
cp: cannot create regular file '/dev/shm/linux/./include/linux/leds-ti-lmu-common.h': File exists
cp: cannot create regular file '/dev/shm/linux/./include/linux/libata.h': File exists
cp: cannot create regular file '/dev/shm/linux/./include/linux/libgcc.h': File exists
cp: cannot create regular file '/dev/shm/linux/./include/linux/libps2.h': File exists
cp: cannot create regular file '/dev/shm/linux/./include/linux/limits.h': File exists
cp: cannot create regular file '/dev/shm/linux/./include/linux/linkage.h': File exists
cp: cannot create regular file '/dev/shm/linux/./include/linux/lis3lv02d.h': File exists
cp: cannot create regular file '/dev/shm/linux/./include/linux/list_bl.h': File exists
cp: cannot create regular file '/dev/shm/linux/./include/linux/list_lru.h': File exists
cp: cannot create regular file '/dev/shm/linux/./include/linux/list_private.h': File exists
cp: cannot create regular file '/dev/shm/linux/./include/linux/litex.h': File exists
cp: cannot create regular file '/dev/shm/linux/./include/linux/livepatch_external.h': File exists
cp: cannot create regular file '/dev/shm/linux/./include/linux/livepatch_sched.h': File exists
cp: cannot create regular file '/dev/shm/linux/./include/linux/llc.h': File exists
cp: cannot create regular file '/dev/shm/linux/./include/linux/llist_api.h': File exists
cp: cannot create regular file '/dev/shm/linux/./include/linux/local_lock_internal.h': File exists
cp: cannot create regular file '/dev/shm/linux/./include/linux/lockd/bind.h': File exists
cp: cannot create regular file '/dev/shm/linux/./include/linux/lockdep_api.h': File exists
cp: cannot create regular file '/dev/shm/linux/./include/linux/lockref.h': File exists
cp: cannot create regular file '/dev/shm/linux/./include/linux/logic_iomem.h': File exists
cp: cannot create regular file '/dev/shm/linux/./include/linux/lp.h': File exists
cp: cannot create directory '/dev/shm/linux/./include/linux/lsm': File exists
cp: cannot create regular file '/dev/shm/linux/./include/linux/lz4.h': File exists
cp: cannot create directory '/dev/shm/linux/./include/linux/mailbox': File exists
cp: cannot create regular file '/dev/shm/linux/./include/linux/mc146818rtc.h': File exists
cp: cannot create regular file '/dev/shm/linux/./include/linux/mcb.h': File exists
cp: cannot create regular file '/dev/shm/linux/./include/linux/mdio-bitbang.h': File exists
cp: cannot create regular file '/dev/shm/linux/./include/linux/mdio.h': File exists
cp: cannot create regular file '/dev/shm/linux/./include/linux/mdio/mdio-i2c.h': File exists
cp: cannot create regular file '/dev/shm/linux/./include/linux/mdio/mdio-regmap.h': File exists
cp: cannot create regular file '/dev/shm/linux/./include/linux/mei_aux.h': File exists
cp: cannot create regular file '/dev/shm/linux/./include/linux/mei_cl_bus.h': File exists
cp: cannot create regular file '/dev/shm/linux/./include/linux/memblock.h': File exists
cp: cannot create regular file '/dev/shm/linux/./include/linux/memfd.h': File exists
cp: cannot create regular file '/dev/shm/linux/./include/linux/memory-failure.h': File exists
cp: cannot create regular file '/dev/shm/linux/./include/linux/memory.h': File exists
cp: cannot create regular file '/dev/shm/linux/./include/linux/memory/ti-aemif.h': File exists
cp: cannot create regular file '/dev/shm/linux/./include/linux/mempolicy.h': File exists
cp: cannot create regular file '/dev/shm/linux/./include/linux/memregion.h': File exists
cp: cannot create regular file '/dev/shm/linux/./include/linux/memstick.h': File exists
cp: cannot create regular file '/dev/shm/linux/./include/linux/mfd/88pm80x.h': File exists
cp: cannot create regular file '/dev/shm/linux/./include/linux/mfd/88pm886.h': File exists
cp: cannot create regular file '/dev/shm/linux/./include/linux/mfd/abx500.h': File exists
cp: cannot create regular file '/dev/shm/linux/./include/linux/mfd/abx500/ab8500-codec.h': File exists
cp: cannot create regular file '/dev/shm/linux/./include/linux/mfd/ac100.h': File exists
cp: cannot create regular file '/dev/shm/linux/./include/linux/mfd/adp5585.h': File exists
cp: cannot create directory '/dev/shm/linux/./include/linux/mfd/arizona': File exists
cp: cannot create regular file '/dev/shm/linux/./include/linux/mfd/atmel-hlcdc.h': File exists
cp: cannot create regular file '/dev/shm/linux/./include/linux/mfd/bcm2835-pm.h': File exists
cp: cannot create regular file '/dev/shm/linux/./include/linux/mfd/bcm590xx.h': File exists
cp: cannot create regular file '/dev/shm/linux/./include/linux/mfd/bq257xx.h': File exists
cp: cannot create regular file '/dev/shm/linux/./include/linux/mfd/core.h': File exists
cp: cannot create regular file '/dev/shm/linux/./include/linux/mfd/cs42l43-regs.h': File exists
cp: cannot create regular file '/dev/shm/linux/./include/linux/mfd/da8xx-cfgchip.h': File exists
cp: cannot create directory '/dev/shm/linux/./include/linux/mfd/da9052': File exists
cp: cannot create regular file '/dev/shm/linux/./include/linux/mfd/da9062/core.h': File exists
cp: cannot create directory '/dev/shm/linux/./include/linux/mfd/da9063': File exists
cp: cannot create regular file '/dev/shm/linux/./include/linux/mfd/davinci_voicecodec.h': File exists
cp: cannot create regular file '/dev/shm/linux/./include/linux/mfd/dbx500-prcmu.h': File exists
cp: cannot create regular file '/dev/shm/linux/./include/linux/mfd/ezx-pcap.h': File exists
cp: cannot create regular file '/dev/shm/linux/./include/linux/mfd/hi655x-pmic.h': File exists
cp: cannot create regular file '/dev/shm/linux/./include/linux/mfd/idt8a340_reg.h': File exists
cp: cannot create regular file '/dev/shm/linux/./include/linux/mfd/imx25-tsadc.h': File exists
cp: cannot create regular file '/dev/shm/linux/./include/linux/mfd/intel_pmc_bxt.h': File exists
cp: cannot create regular file '/dev/shm/linux/./include/linux/mfd/intel_soc_pmic_bxtwc.h': File exists
cp: cannot create regular file '/dev/shm/linux/./include/linux/mfd/ipaq-micro.h': File exists
cp: cannot create regular file '/dev/shm/linux/./include/linux/mfd/janz.h': File exists
cp: cannot create regular file '/dev/shm/linux/./include/linux/mfd/kempld.h': File exists
cp: cannot create regular file '/dev/shm/linux/./include/linux/mfd/lm3533.h': File exists
cp: cannot create regular file '/dev/shm/linux/./include/linux/mfd/lochnagar1_regs.h': File exists
cp: cannot create regular file '/dev/shm/linux/./include/linux/mfd/loongson-se.h': File exists
cp: cannot create regular file '/dev/shm/linux/./include/linux/mfd/lp873x.h': File exists
cp: cannot create regular file '/dev/shm/linux/./include/linux/mfd/lp8788-isink.h': File exists
cp: cannot create regular file '/dev/shm/linux/./include/linux/mfd/lpc_ich.h': File exists
cp: cannot create directory '/dev/shm/linux/./include/linux/mfd/madera': File exists
cp: cannot create regular file '/dev/shm/linux/./include/linux/mfd/max77620.h': File exists
cp: cannot create regular file '/dev/shm/linux/./include/linux/mfd/max77686-private.h': File exists
cp: cannot create regular file '/dev/shm/linux/./include/linux/mfd/max77693-common.h': File exists
cp: cannot create regular file '/dev/shm/linux/./include/linux/mfd/max77693.h': File exists
cp: cannot create regular file '/dev/shm/linux/./include/linux/mfd/max77714.h': File exists
cp: cannot create regular file '/dev/shm/linux/./include/linux/mfd/max77843-private.h': File exists
cp: cannot create regular file '/dev/shm/linux/./include/linux/mfd/max8997-private.h': File exists
cp: cannot create regular file '/dev/shm/linux/./include/linux/mfd/max8998-private.h': File exists
cp: cannot create regular file '/dev/shm/linux/./include/linux/mfd/mc13783.h': File exists
cp: cannot create regular file '/dev/shm/linux/./include/linux/mfd/mc13xxx.h': File exists
cp: cannot create regular file '/dev/shm/linux/./include/linux/mfd/menelaus.h': File exists
cp: cannot create regular file '/dev/shm/linux/./include/linux/mfd/mp2629.h': File exists
cp: cannot create regular file '/dev/shm/linux/./include/linux/mfd/mt6323/core.h': File exists
cp: cannot create directory '/dev/shm/linux/./include/linux/mfd/mt6328': File exists
cp: cannot create directory '/dev/shm/linux/./include/linux/mfd/mt6332': File exists
cp: cannot create directory '/dev/shm/linux/./include/linux/mfd/mt6358': File exists
cp: cannot create directory '/dev/shm/linux/./include/linux/mfd/mt6359p': File exists
cp: cannot create regular file '/dev/shm/linux/./include/linux/mfd/mt6397/rtc.h': File exists
cp: cannot create regular file '/dev/shm/linux/./include/linux/mfd/nct6694.h': File exists
cp: cannot create regular file '/dev/shm/linux/./include/linux/mfd/palmas.h': File exists
cp: cannot create regular file '/dev/shm/linux/./include/linux/mfd/qnap-mcu.h': File exists
cp: cannot create regular file '/dev/shm/linux/./include/linux/mfd/rc5t583.h': File exists
cp: cannot create regular file '/dev/shm/linux/./include/linux/mfd/rk808.h': File exists
cp: cannot create regular file '/dev/shm/linux/./include/linux/mfd/rohm-bd71815.h': File exists
cp: cannot create regular file '/dev/shm/linux/./include/linux/mfd/rohm-bd718x7.h': File exists
cp: cannot create regular file '/dev/shm/linux/./include/linux/mfd/rohm-bd957x.h': File exists
cp: cannot create regular file '/dev/shm/linux/./include/linux/mfd/rohm-bd96802.h': File exists
cp: cannot create regular file '/dev/shm/linux/./include/linux/mfd/rohm-shared.h': File exists
cp: cannot create regular file '/dev/shm/linux/./include/linux/mfd/rt5033-private.h': File exists
cp: cannot create regular file '/dev/shm/linux/./include/linux/mfd/rz-mtu3.h': File exists
cp: cannot create regular file '/dev/shm/linux/./include/linux/mfd/samsung/irq.h': File exists
cp: cannot create regular file '/dev/shm/linux/./include/linux/mfd/samsung/s2mpa01.h': File exists
cp: cannot create regular file '/dev/shm/linux/./include/linux/mfd/samsung/s2mpg11.h': File exists
cp: cannot create regular file '/dev/shm/linux/./include/linux/mfd/samsung/s2mps13.h': File exists
cp: cannot create regular file '/dev/shm/linux/./include/linux/mfd/samsung/s2mps15.h': File exists
cp: cannot create regular file '/dev/shm/linux/./include/linux/mfd/samsung/s2mpu05.h': File exists
cp: cannot create regular file '/dev/shm/linux/./include/linux/mfd/si476x-core.h': File exists
cp: cannot create regular file '/dev/shm/linux/./include/linux/mfd/si476x-reports.h': File exists
cp: cannot create regular file '/dev/shm/linux/./include/linux/mfd/stm32-lptimer.h': File exists
cp: cannot create regular file '/dev/shm/linux/./include/linux/mfd/stmfx.h': File exists
cp: cannot create regular file '/dev/shm/linux/./include/linux/mfd/stw481x.h': File exists
cp: cannot create regular file '/dev/shm/linux/./include/linux/mfd/sy7636a.h': File exists
cp: cannot create regular file '/dev/shm/linux/./include/linux/mfd/syscon/atmel-matrix.h': File exists
cp: cannot create regular file '/dev/shm/linux/./include/linux/mfd/syscon/atmel-smc.h': File exists
cp: cannot create regular file '/dev/shm/linux/./include/linux/mfd/syscon/imx6q-iomuxc-gpr.h': File exists
cp: cannot create regular file '/dev/shm/linux/./include/linux/mfd/syscon/xlnx-vcu.h': File exists
cp: cannot create regular file '/dev/shm/linux/./include/linux/mfd/ti-lmu-register.h': File exists
cp: cannot create regular file '/dev/shm/linux/./include/linux/mfd/ti_am335x_tscadc.h': File exists
cp: cannot create regular file '/dev/shm/linux/./include/linux/mfd/tps65010.h': File exists
cp: cannot create regular file '/dev/shm/linux/./include/linux/mfd/tps65086.h': File exists
cp: cannot create regular file '/dev/shm/linux/./include/linux/mfd/tps65217.h': File exists
cp: cannot create regular file '/dev/shm/linux/./include/linux/mfd/tps65219.h': File exists
cp: cannot create regular file '/dev/shm/linux/./include/linux/mfd/tps65910.h': File exists
cp: cannot create regular file '/dev/shm/linux/./include/linux/mfd/tps6594.h': File exists
cp: cannot create regular file '/dev/shm/linux/./include/linux/mfd/twl.h': File exists
cp: cannot create regular file '/dev/shm/linux/./include/linux/mfd/twl6040.h': File exists
cp: cannot create regular file '/dev/shm/linux/./include/linux/mfd/upboard-fpga.h': File exists
cp: cannot create directory '/dev/shm/linux/./include/linux/mfd/wcd934x': File exists
cp: cannot create regular file '/dev/shm/linux/./include/linux/mfd/wm831x/irq.h': File exists
cp: cannot create regular file '/dev/shm/linux/./include/linux/mfd/wm831x/pdata.h': File exists
cp: cannot create regular file '/dev/shm/linux/./include/linux/mfd/wm831x/regulator.h': File exists
cp: cannot create regular file '/dev/shm/linux/./include/linux/mfd/wm831x/watchdog.h': File exists
cp: cannot create regular file '/dev/shm/linux/./include/linux/mfd/wm8350/audio.h': File exists
cp: cannot create regular file '/dev/shm/linux/./include/linux/mfd/wm8350/gpio.h': File exists
cp: cannot create regular file '/dev/shm/linux/./include/linux/mfd/wm8350/rtc.h': File exists
cp: cannot create regular file '/dev/shm/linux/./include/linux/mfd/wm8400-audio.h': File exists
cp: cannot create regular file '/dev/shm/linux/./include/linux/mfd/wm8400.h': File exists
cp: cannot create regular file '/dev/shm/linux/./include/linux/mfd/wm97xx.h': File exists
cp: cannot create regular file '/dev/shm/linux/./include/linux/mhi.h': File exists
cp: cannot create regular file '/dev/shm/linux/./include/linux/mhi_ep.h': File exists
cp: cannot create regular file '/dev/shm/linux/./include/linux/micrel_phy.h': File exists
cp: cannot create regular file '/dev/shm/linux/./include/linux/microchipphy.h': File exists
cp: cannot create regular file '/dev/shm/linux/./include/linux/migrate.h': File exists
cp: cannot create regular file '/dev/shm/linux/./include/linux/migrate_mode.h': File exists
cp: cannot create regular file '/dev/shm/linux/./include/linux/mii_timestamper.h': File exists
cp: cannot create regular file '/dev/shm/linux/./include/linux/minmax.h': File exists
cp: cannot create regular file '/dev/shm/linux/./include/linux/misc/keba.h': File exists
cp: cannot create regular file '/dev/shm/linux/./include/linux/misc_cgroup.h': File exists
cp: cannot create directory '/dev/shm/linux/./include/linux/mlx4': File exists
cp: cannot create regular file '/dev/shm/linux/./include/linux/mlx5/fs_helpers.h': File exists
cp: cannot create regular file '/dev/shm/linux/./include/linux/mlx5/macsec.h': File exists
cp: cannot create regular file '/dev/shm/linux/./include/linux/mlx5/mlx5_ifc_fpga.h': File exists
cp: cannot create regular file '/dev/shm/linux/./include/linux/mlx5/mlx5_ifc_vdpa.h': File exists
cp: cannot create regular file '/dev/shm/linux/./include/linux/mlx5/port.h': File exists
cp: cannot create regular file '/dev/shm/linux/./include/linux/mlx5/rsc_dump.h': File exists
cp: cannot create regular file '/dev/shm/linux/./include/linux/mlx5/vport.h': File exists
cp: cannot create regular file '/dev/shm/linux/./include/linux/mm_api.h': File exists
cp: cannot create regular file '/dev/shm/linux/./include/linux/mm_types.h': File exists
cp: cannot create regular file '/dev/shm/linux/./include/linux/mman.h': File exists
cp: cannot create directory '/dev/shm/linux/./include/linux/mmc': File exists
cp: cannot create regular file '/dev/shm/linux/./include/linux/moduleparam.h': File exists
cp: cannot create regular file '/dev/shm/linux/./include/linux/mount.h': File exists
cp: cannot create regular file '/dev/shm/linux/./include/linux/mpage.h': File exists
cp: cannot create regular file '/dev/shm/linux/./include/linux/mpls.h': File exists
cp: cannot create regular file '/dev/shm/linux/./include/linux/mroute.h': File exists
cp: cannot create regular file '/dev/shm/linux/./include/linux/mroute_base.h': File exists
cp: cannot create regular file '/dev/shm/linux/./include/linux/msg.h': File exists
cp: cannot create regular file '/dev/shm/linux/./include/linux/msi_api.h': File exists
cp: cannot create regular file '/dev/shm/linux/./include/linux/mtd/bbm.h': File exists
cp: cannot create regular file '/dev/shm/linux/./include/linux/mtd/cfi.h': File exists
cp: cannot create regular file '/dev/shm/linux/./include/linux/mtd/concat.h': File exists
cp: cannot create regular file '/dev/shm/linux/./include/linux/mtd/doc2000.h': File exists
cp: cannot create regular file '/dev/shm/linux/./include/linux/mtd/gen_probe.h': File exists
cp: cannot create regular file '/dev/shm/linux/./include/linux/mtd/jedec.h': File exists
cp: cannot create regular file '/dev/shm/linux/./include/linux/mtd/lpc32xx_slc.h': File exists
cp: cannot create regular file '/dev/shm/linux/./include/linux/mtd/mtd.h': File exists
cp: cannot create regular file '/dev/shm/linux/./include/linux/mtd/nand-ecc-mtk.h': File exists
cp: cannot create regular file '/dev/shm/linux/./include/linux/mtd/nand-gpio.h': File exists
cp: cannot create regular file '/dev/shm/linux/./include/linux/mtd/nand.h': File exists
cp: cannot create regular file '/dev/shm/linux/./include/linux/mtd/nftl.h': File exists
cp: cannot create regular file '/dev/shm/linux/./include/linux/mtd/onenand_regs.h': File exists
cp: cannot create regular file '/dev/shm/linux/./include/linux/mtd/partitions.h': File exists
cp: cannot create regular file '/dev/shm/linux/./include/linux/mtd/physmap.h': File exists
cp: cannot create regular file '/dev/shm/linux/./include/linux/mtd/plat-ram.h': File exists
cp: cannot create regular file '/dev/shm/linux/./include/linux/mtd/qinfo.h': File exists
cp: cannot create regular file '/dev/shm/linux/./include/linux/mtd/sh_flctl.h': File exists
cp: cannot create regular file '/dev/shm/linux/./include/linux/mtd/spear_smi.h': File exists
cp: cannot create regular file '/dev/shm/linux/./include/linux/mtd/spinand.h': File exists
cp: cannot create regular file '/dev/shm/linux/./include/linux/mtd/ubi.h': File exists
cp: cannot create regular file '/dev/shm/linux/./include/linux/mtio.h': File exists
cp: cannot create regular file '/dev/shm/linux/./include/linux/mutex_api.h': File exists
cp: cannot create directory '/dev/shm/linux/./include/linux/mux': File exists
cp: cannot create regular file '/dev/shm/linux/./include/linux/mxm-wmi.h': File exists
cp: cannot create regular file '/dev/shm/linux/./include/linux/nd.h': File exists
cp: cannot create regular file '/dev/shm/linux/./include/linux/net.h': File exists
cp: cannot create directory '/dev/shm/linux/./include/linux/net/intel': File exists
cp: cannot create regular file '/dev/shm/linux/./include/linux/netfilter/ipset/ip_set_hash.h': File exists
cp: cannot create regular file '/dev/shm/linux/./include/linux/netfilter/ipset/pfxlen.h': File exists
cp: cannot create regular file '/dev/shm/linux/./include/linux/netfilter/nf_conntrack_common.h': File exists
cp: cannot create regular file '/dev/shm/linux/./include/linux/netfilter/nf_conntrack_h323.h': File exists
cp: cannot create regular file '/dev/shm/linux/./include/linux/netfilter/nf_conntrack_h323_types.h': File exists
cp: cannot create regular file '/dev/shm/linux/./include/linux/netfilter/nf_conntrack_pptp.h': File exists
cp: cannot create regular file '/dev/shm/linux/./include/linux/netfilter/nf_conntrack_proto_gre.h': File exists
cp: cannot create regular file '/dev/shm/linux/./include/linux/netfilter/nf_conntrack_sane.h': File exists
cp: cannot create regular file '/dev/shm/linux/./include/linux/netfilter/nf_conntrack_sip.h': File exists
cp: cannot create regular file '/dev/shm/linux/./include/linux/netfilter/nfnetlink_acct.h': File exists
cp: cannot create regular file '/dev/shm/linux/./include/linux/netfilter/nfnetlink_osf.h': File exists
cp: cannot create regular file '/dev/shm/linux/./include/linux/netfilter_ipv6.h': File exists
cp: cannot create directory '/dev/shm/linux/./include/linux/netfilter_ipv6': File exists
cp: cannot create regular file '/dev/shm/linux/./include/linux/netlink.h': File exists
cp: cannot create regular file '/dev/shm/linux/./include/linux/nfs3.h': File exists
cp: cannot create regular file '/dev/shm/linux/./include/linux/nfs_common.h': File exists
cp: cannot create regular file '/dev/shm/linux/./include/linux/nfs_fs_i.h': File exists
cp: cannot create regular file '/dev/shm/linux/./include/linux/nfs_fs_sb.h': File exists
cp: cannot create regular file '/dev/shm/linux/./include/linux/nfs_ssc.h': File exists
cp: cannot create regular file '/dev/shm/linux/./include/linux/nfs_xdr.h': File exists
cp: cannot create regular file '/dev/shm/linux/./include/linux/nl802154.h': File exists
cp: cannot create regular file '/dev/shm/linux/./include/linux/nls.h': File exists
cp: cannot create regular file '/dev/shm/linux/./include/linux/nodemask.h': File exists
cp: cannot create regular file '/dev/shm/linux/./include/linux/nospec.h': File exists
cp: cannot create directory '/dev/shm/linux/./include/linux/ns': File exists
cp: cannot create regular file '/dev/shm/linux/./include/linux/nstree.h': File exists
cp: cannot create regular file '/dev/shm/linux/./include/linux/ntb.h': File exists
cp: cannot create regular file '/dev/shm/linux/./include/linux/nubus.h': File exists
cp: cannot create regular file '/dev/shm/linux/./include/linux/numa_memblks.h': File exists
cp: cannot create regular file '/dev/shm/linux/./include/linux/nvme-fc-driver.h': File exists
cp: cannot create regular file '/dev/shm/linux/./include/linux/nvme-keyring.h': File exists
cp: cannot create regular file '/dev/shm/linux/./include/linux/nvme.h': File exists
cp: cannot create regular file '/dev/shm/linux/./include/linux/objagg.h': File exists
cp: cannot create regular file '/dev/shm/linux/./include/linux/objpool.h': File exists
cp: cannot create regular file '/dev/shm/linux/./include/linux/of_address.h': File exists
cp: cannot create regular file '/dev/shm/linux/./include/linux/of_device.h': File exists
cp: cannot create regular file '/dev/shm/linux/./include/linux/of_fdt.h': File exists
cp: cannot create regular file '/dev/shm/linux/./include/linux/of_graph.h': File exists
cp: cannot create regular file '/dev/shm/linux/./include/linux/of_irq.h': File exists
cp: cannot create regular file '/dev/shm/linux/./include/linux/of_net.h': File exists
cp: cannot create regular file '/dev/shm/linux/./include/linux/of_platform.h': File exists
cp: cannot create regular file '/dev/shm/linux/./include/linux/of_reserved_mem.h': File exists
cp: cannot create regular file '/dev/shm/linux/./include/linux/olpc-ec.h': File exists
cp: cannot create regular file '/dev/shm/linux/./include/linux/omap-gpmc.h': File exists
cp: cannot create regular file '/dev/shm/linux/./include/linux/omap-iommu.h': File exists
cp: cannot create regular file '/dev/shm/linux/./include/linux/once.h': File exists
cp: cannot create regular file '/dev/shm/linux/./include/linux/oom.h': File exists
cp: cannot create regular file '/dev/shm/linux/./include/linux/overflow.h': File exists
cp: cannot create regular file '/dev/shm/linux/./include/linux/padata.h': File exists
cp: cannot create regular file '/dev/shm/linux/./include/linux/page-flags-layout.h': File exists
cp: cannot create regular file '/dev/shm/linux/./include/linux/page-isolation.h': File exists
cp: cannot create regular file '/dev/shm/linux/./include/linux/page_frag_cache.h': File exists
cp: cannot create regular file '/dev/shm/linux/./include/linux/page_idle.h': File exists
cp: cannot create regular file '/dev/shm/linux/./include/linux/page_owner.h': File exists
cp: cannot create regular file '/dev/shm/linux/./include/linux/pageblock-flags.h': File exists
cp: cannot create regular file '/dev/shm/linux/./include/linux/pagewalk.h': File exists
cp: cannot create regular file '/dev/shm/linux/./include/linux/papr_scm.h': File exists
cp: cannot create regular file '/dev/shm/linux/./include/linux/parport.h': File exists
cp: cannot create regular file '/dev/shm/linux/./include/linux/patchkey.h': File exists
cp: cannot create regular file '/dev/shm/linux/./include/linux/path.h': File exists
cp: cannot create regular file '/dev/shm/linux/./include/linux/pci-ats.h': File exists
cp: cannot create regular file '/dev/shm/linux/./include/linux/pci-doe.h': File exists
cp: cannot create regular file '/dev/shm/linux/./include/linux/pci-ecam.h': File exists
cp: cannot create regular file '/dev/shm/linux/./include/linux/pci-epc.h': File exists
cp: cannot create regular file '/dev/shm/linux/./include/linux/pci-ide.h': File exists
cp: cannot create regular file '/dev/shm/linux/./include/linux/pci-tph.h': File exists
cp: cannot create regular file '/dev/shm/linux/./include/linux/pci.h': File exists
cp: cannot create regular file '/dev/shm/linux/./include/linux/pci_ids.h': File exists
cp: cannot create regular file '/dev/shm/linux/./include/linux/pcs-lynx.h': File exists
cp: cannot create directory '/dev/shm/linux/./include/linux/pcs': File exists
cp: cannot create regular file '/dev/shm/linux/./include/linux/pds/pds_common.h': File exists
cp: cannot create regular file '/dev/shm/linux/./include/linux/pds/pds_intr.h': File exists
cp: cannot create regular file '/dev/shm/linux/./include/linux/peci-cpu.h': File exists
cp: cannot create regular file '/dev/shm/linux/./include/linux/percpu-defs.h': File exists
cp: cannot create regular file '/dev/shm/linux/./include/linux/percpu-rwsem.h': File exists
cp: cannot create regular file '/dev/shm/linux/./include/linux/percpu_counter.h': File exists
cp: cannot create regular file '/dev/shm/linux/./include/linux/perf/arm_pmuv3.h': File exists
cp: cannot create regular file '/dev/shm/linux/./include/linux/perf_event_api.h': File exists
cp: cannot create regular file '/dev/shm/linux/./include/linux/personality.h': File exists
cp: cannot create regular file '/dev/shm/linux/./include/linux/pgalloc.h': File exists
cp: cannot create regular file '/dev/shm/linux/./include/linux/pgtable.h': File exists
cp: cannot create regular file '/dev/shm/linux/./include/linux/phonet.h': File exists
cp: cannot create directory '/dev/shm/linux/./include/linux/phy': File exists
cp: cannot create regular file '/dev/shm/linux/./include/linux/pinctrl/pinconf.h': File exists
cp: cannot create regular file '/dev/shm/linux/./include/linux/pinctrl/pinctrl-state.h': File exists
cp: cannot create regular file '/dev/shm/linux/./include/linux/pinctrl/pinctrl.h': File exists
cp: cannot create regular file '/dev/shm/linux/./include/linux/pipe_fs_i.h': File exists
cp: cannot create regular file '/dev/shm/linux/./include/linux/platform_data/ad5761.h': File exists
cp: cannot create regular file '/dev/shm/linux/./include/linux/platform_data/ad7791.h': File exists
cp: cannot create regular file '/dev/shm/linux/./include/linux/platform_data/ad7887.h': File exists
cp: cannot create regular file '/dev/shm/linux/./include/linux/platform_data/adp8860.h': File exists
cp: cannot create regular file '/dev/shm/linux/./include/linux/platform_data/ads7828.h': File exists
cp: cannot create regular file '/dev/shm/linux/./include/linux/platform_data/amd_qdma.h': File exists
cp: cannot create regular file '/dev/shm/linux/./include/linux/platform_data/ams-delta-fiq.h': File exists
cp: cannot create regular file '/dev/shm/linux/./include/linux/platform_data/apds990x.h': File exists
cp: cannot create regular file '/dev/shm/linux/./include/linux/platform_data/asoc-imx-ssi.h': File exists
cp: cannot create regular file '/dev/shm/linux/./include/linux/platform_data/ata-pxa.h': File exists
cp: cannot create regular file '/dev/shm/linux/./include/linux/platform_data/b53.h': File exists
cp: cannot create regular file '/dev/shm/linux/./include/linux/platform_data/bd6107.h': File exists
cp: cannot create regular file '/dev/shm/linux/./include/linux/platform_data/brcmfmac.h': File exists
cp: cannot create regular file '/dev/shm/linux/./include/linux/platform_data/clk-fch.h': File exists
cp: cannot create regular file '/dev/shm/linux/./include/linux/platform_data/cros_ec_commands.h': File exists
cp: cannot create regular file '/dev/shm/linux/./include/linux/platform_data/crypto-ux500.h': File exists
cp: cannot create regular file '/dev/shm/linux/./include/linux/platform_data/dma-dw.h': File exists
cp: cannot create regular file '/dev/shm/linux/./include/linux/platform_data/dma-hsu.h': File exists
cp: cannot create regular file '/dev/shm/linux/./include/linux/platform_data/dma-mcf-edma.h': File exists
cp: cannot create regular file '/dev/shm/linux/./include/linux/platform_data/dmtimer-omap.h': File exists
cp: cannot create regular file '/dev/shm/linux/./include/linux/platform_data/edma.h': File exists
cp: cannot create regular file '/dev/shm/linux/./include/linux/platform_data/emc2305.h': File exists
cp: cannot create regular file '/dev/shm/linux/./include/linux/platform_data/emif_plat.h': File exists
cp: cannot create directory '/dev/shm/linux/./include/linux/platform_data/gpio': File exists
cp: cannot create regular file '/dev/shm/linux/./include/linux/platform_data/gsc_hwmon.h': File exists
cp: cannot create regular file '/dev/shm/linux/./include/linux/platform_data/hirschmann-hellcreek.h': File exists
cp: cannot create regular file '/dev/shm/linux/./include/linux/platform_data/hsmmc-omap.h': File exists
cp: cannot create regular file '/dev/shm/linux/./include/linux/platform_data/i2c-imx.h': File exists
cp: cannot create regular file '/dev/shm/linux/./include/linux/platform_data/i2c-mux-gpio.h': File exists
cp: cannot create regular file '/dev/shm/linux/./include/linux/platform_data/i2c-omap.h': File exists
cp: cannot create regular file '/dev/shm/linux/./include/linux/platform_data/i2c-pca-platform.h': File exists
cp: cannot create regular file '/dev/shm/linux/./include/linux/platform_data/i2c-s3c2410.h': File exists
cp: cannot create regular file '/dev/shm/linux/./include/linux/platform_data/iommu-omap.h': File exists
cp: cannot create regular file '/dev/shm/linux/./include/linux/platform_data/isl9305.h': File exists
cp: cannot create regular file '/dev/shm/linux/./include/linux/platform_data/lcd-mipid.h': File exists
cp: cannot create regular file '/dev/shm/linux/./include/linux/platform_data/lm3630a_bl.h': File exists
cp: cannot create regular file '/dev/shm/linux/./include/linux/platform_data/lp855x.h': File exists
cp: cannot create regular file '/dev/shm/linux/./include/linux/platform_data/lp8755.h': File exists
cp: cannot create regular file '/dev/shm/linux/./include/linux/platform_data/max732x.h': File exists
cp: cannot create directory '/dev/shm/linux/./include/linux/platform_data/media': File exists
cp: cannot create regular file '/dev/shm/linux/./include/linux/platform_data/mmc-esdhc-mcf.h': File exists
cp: cannot create regular file '/dev/shm/linux/./include/linux/platform_data/mmc-mxcmmc.h': File exists
cp: cannot create regular file '/dev/shm/linux/./include/linux/platform_data/mmp_dma.h': File exists
cp: cannot create regular file '/dev/shm/linux/./include/linux/platform_data/mtd-nand-pxa3xx.h': File exists
cp: cannot create regular file '/dev/shm/linux/./include/linux/platform_data/omap-wd-timer.h': File exists
cp: cannot create regular file '/dev/shm/linux/./include/linux/platform_data/omap1_bl.h': File exists
cp: cannot create regular file '/dev/shm/linux/./include/linux/platform_data/pic32.h': File exists
cp: cannot create regular file '/dev/shm/linux/./include/linux/platform_data/pm33xx.h': File exists
cp: cannot create regular file '/dev/shm/linux/./include/linux/platform_data/pxa2xx_udc.h': File exists
cp: cannot create regular file '/dev/shm/linux/./include/linux/platform_data/regulator-haptic.h': File exists
cp: cannot create regular file '/dev/shm/linux/./include/linux/platform_data/sa11x0-serial.h': File exists
cp: cannot create regular file '/dev/shm/linux/./include/linux/platform_data/sc18is602.h': File exists
cp: cannot create regular file '/dev/shm/linux/./include/linux/platform_data/serial-omap.h': File exists
cp: cannot create regular file '/dev/shm/linux/./include/linux/platform_data/sh_mmcif.h': File exists
cp: cannot create regular file '/dev/shm/linux/./include/linux/platform_data/spi-mt65xx.h': File exists
cp: cannot create regular file '/dev/shm/linux/./include/linux/platform_data/spi-s3c64xx.h': File exists
cp: cannot create regular file '/dev/shm/linux/./include/linux/platform_data/ti-prm.h': File exists
cp: cannot create regular file '/dev/shm/linux/./include/linux/platform_data/tmio.h': File exists
cp: cannot create regular file '/dev/shm/linux/./include/linux/platform_data/tps68470.h': File exists
cp: cannot create regular file '/dev/shm/linux/./include/linux/platform_data/tsc2007.h': File exists
cp: cannot create directory '/dev/shm/linux/./include/linux/platform_data/txx9': File exists
cp: cannot create regular file '/dev/shm/linux/./include/linux/platform_data/usb-musb-ux500.h': File exists
cp: cannot create regular file '/dev/shm/linux/./include/linux/platform_data/usb-ohci-s3c2410.h': File exists
cp: cannot create regular file '/dev/shm/linux/./include/linux/platform_data/usb-omap.h': File exists
cp: cannot create regular file '/dev/shm/linux/./include/linux/platform_data/video-ep93xx.h': File exists
cp: cannot create regular file '/dev/shm/linux/./include/linux/platform_data/video_s3c.h': File exists
cp: cannot create regular file '/dev/shm/linux/./include/linux/platform_data/wilco-ec.h': File exists
cp: cannot create regular file '/dev/shm/linux/./include/linux/platform_data/wkup_m3.h': File exists
cp: cannot create regular file '/dev/shm/linux/./include/linux/platform_data/x86/clk-lpss.h': File exists
cp: cannot create regular file '/dev/shm/linux/./include/linux/platform_data/x86/int3472.h': File exists
cp: cannot create regular file '/dev/shm/linux/./include/linux/platform_data/x86/intel_pmc_ipc.h': File exists
cp: cannot create regular file '/dev/shm/linux/./include/linux/platform_data/x86/simatic-ipc-base.h': File exists
cp: cannot create regular file '/dev/shm/linux/./include/linux/platform_data/x86/soc.h': File exists
cp: cannot create regular file '/dev/shm/linux/./include/linux/platform_data/x86/spi-intel.h': File exists
cp: cannot create regular file '/dev/shm/linux/./include/linux/platform_data/xtalk-bridge.h': File exists
cp: cannot create regular file '/dev/shm/linux/./include/linux/platform_profile.h': File exists
cp: cannot create regular file '/dev/shm/linux/./include/linux/plist_types.h': File exists
cp: cannot create regular file '/dev/shm/linux/./include/linux/pm.h': File exists
cp: cannot create regular file '/dev/shm/linux/./include/linux/pm_clock.h': File exists
cp: cannot create regular file '/dev/shm/linux/./include/linux/pm_opp.h': File exists
cp: cannot create regular file '/dev/shm/linux/./include/linux/pm_runtime.h': File exists
cp: cannot create regular file '/dev/shm/linux/./include/linux/pmbus.h': File exists
cp: cannot create regular file '/dev/shm/linux/./include/linux/polynomial.h': File exists
cp: cannot create regular file '/dev/shm/linux/./include/linux/posix-timers.h': File exists
cp: cannot create regular file '/dev/shm/linux/./include/linux/posix-timers_types.h': File exists
cp: cannot create regular file '/dev/shm/linux/./include/linux/power/bq24190_charger.h': File exists
cp: cannot create regular file '/dev/shm/linux/./include/linux/power/bq24735-charger.h': File exists
cp: cannot create regular file '/dev/shm/linux/./include/linux/power/bq25890_charger.h': File exists
cp: cannot create regular file '/dev/shm/linux/./include/linux/power/gpio-charger.h': File exists
cp: cannot create regular file '/dev/shm/linux/./include/linux/power/jz4740-battery.h': File exists
cp: cannot create regular file '/dev/shm/linux/./include/linux/power/power_on_reason.h': File exists
cp: cannot create regular file '/dev/shm/linux/./include/linux/power/twl4030_madc_battery.h': File exists
cp: cannot create regular file '/dev/shm/linux/./include/linux/power_supply.h': File exists
cp: cannot create regular file '/dev/shm/linux/./include/linux/ppp-comp.h': File exists
cp: cannot create regular file '/dev/shm/linux/./include/linux/pps_gen_kernel.h': File exists
cp: cannot create regular file '/dev/shm/linux/./include/linux/prandom.h': File exists
cp: cannot create regular file '/dev/shm/linux/./include/linux/preempt.h': File exists
cp: cannot create regular file '/dev/shm/linux/./include/linux/prime_numbers.h': File exists
cp: cannot create regular file '/dev/shm/linux/./include/linux/printk.h': File exists
cp: cannot create regular file '/dev/shm/linux/./include/linux/proc_fs.h': File exists
cp: cannot create regular file '/dev/shm/linux/./include/linux/processor.h': File exists
cp: cannot create regular file '/dev/shm/linux/./include/linux/profile.h': File exists
cp: cannot create regular file '/dev/shm/linux/./include/linux/property.h': File exists
cp: cannot create regular file '/dev/shm/linux/./include/linux/psci.h': File exists
cp: cannot create regular file '/dev/shm/linux/./include/linux/pse-pd/pse.h': File exists
cp: cannot create regular file '/dev/shm/linux/./include/linux/psi.h': File exists
cp: cannot create regular file '/dev/shm/linux/./include/linux/psp-platform-access.h': File exists
cp: cannot create regular file '/dev/shm/linux/./include/linux/psp-tee.h': File exists
cp: cannot create regular file '/dev/shm/linux/./include/linux/pstore.h': File exists
cp: cannot create regular file '/dev/shm/linux/./include/linux/pstore_blk.h': File exists
cp: cannot create regular file '/dev/shm/linux/./include/linux/pstore_zone.h': File exists
cp: cannot create regular file '/dev/shm/linux/./include/linux/pti.h': File exists
cp: cannot create regular file '/dev/shm/linux/./include/linux/ptp_kvm.h': File exists
cp: cannot create regular file '/dev/shm/linux/./include/linux/ptp_mock.h': File exists
cp: cannot create regular file '/dev/shm/linux/./include/linux/ptr_ring.h': File exists
cp: cannot create regular file '/dev/shm/linux/./include/linux/ptrace_api.h': File exists
cp: cannot create regular file '/dev/shm/linux/./include/linux/purgatory.h': File exists
cp: cannot create regular file '/dev/shm/linux/./include/linux/pwm.h': File exists
cp: cannot create directory '/dev/shm/linux/./include/linux/pwrseq': File exists
cp: cannot create directory '/dev/shm/linux/./include/linux/qed': File exists
cp: cannot create regular file '/dev/shm/linux/./include/linux/rational.h': File exists
cp: cannot create regular file '/dev/shm/linux/./include/linux/rbtree_augmented.h': File exists
cp: cannot create regular file '/dev/shm/linux/./include/linux/rbtree_types.h': File exists
cp: cannot create regular file '/dev/shm/linux/./include/linux/rcu_segcblist.h': File exists
cp: cannot create regular file '/dev/shm/linux/./include/linux/rculist_bl.h': File exists
cp: cannot create regular file '/dev/shm/linux/./include/linux/rcupdate.h': File exists
cp: cannot create regular file '/dev/shm/linux/./include/linux/rcupdate_wait.h': File exists
cp: cannot create regular file '/dev/shm/linux/./include/linux/rcutiny.h': File exists
cp: cannot create regular file '/dev/shm/linux/./include/linux/rcuwait.h': File exists
cp: cannot create regular file '/dev/shm/linux/./include/linux/reboot.h': File exists
cp: cannot create regular file '/dev/shm/linux/./include/linux/ref_tracker.h': File exists
cp: cannot create regular file '/dev/shm/linux/./include/linux/refcount_api.h': File exists
cp: cannot create regular file '/dev/shm/linux/./include/linux/regmap.h': File exists
cp: cannot create regular file '/dev/shm/linux/./include/linux/relay.h': File exists
cp: cannot create regular file '/dev/shm/linux/./include/linux/remoteproc.h': File exists
cp: cannot create directory '/dev/shm/linux/./include/linux/remoteproc': File exists
cp: cannot create regular file '/dev/shm/linux/./include/linux/resctrl.h': File exists
cp: cannot create regular file '/dev/shm/linux/./include/linux/resctrl_types.h': File exists
cp: cannot create regular file '/dev/shm/linux/./include/linux/reset-controller.h': File exists
cp: cannot create regular file '/dev/shm/linux/./include/linux/reset.h': File exists
cp: cannot create directory '/dev/shm/linux/./include/linux/reset': File exists
cp: cannot create regular file '/dev/shm/linux/./include/linux/resource.h': File exists
cp: cannot create regular file '/dev/shm/linux/./include/linux/resource_ext.h': File exists
cp: cannot create regular file '/dev/shm/linux/./include/linux/restart_block.h': File exists
cp: cannot create regular file '/dev/shm/linux/./include/linux/resume_user_mode.h': File exists
cp: cannot create regular file '/dev/shm/linux/./include/linux/rethook.h': File exists
cp: cannot create regular file '/dev/shm/linux/./include/linux/rfkill.h': File exists
cp: cannot create regular file '/dev/shm/linux/./include/linux/rhashtable-types.h': File exists
cp: cannot create regular file '/dev/shm/linux/./include/linux/rhashtable.h': File exists
cp: cannot create regular file '/dev/shm/linux/./include/linux/ring_buffer.h': File exists
cp: cannot create regular file '/dev/shm/linux/./include/linux/ring_buffer_types.h': File exists
cp: cannot create regular file '/dev/shm/linux/./include/linux/rio.h': File exists
cp: cannot create regular file '/dev/shm/linux/./include/linux/rio_drv.h': File exists
cp: cannot create regular file '/dev/shm/linux/./include/linux/rio_ids.h': File exists
cp: cannot create regular file '/dev/shm/linux/./include/linux/rio_regs.h': File exists
cp: cannot create regular file '/dev/shm/linux/./include/linux/rmap.h': File exists
cp: cannot create regular file '/dev/shm/linux/./include/linux/rmi.h': File exists
cp: cannot create regular file '/dev/shm/linux/./include/linux/rndis.h': File exists
cp: cannot create regular file '/dev/shm/linux/./include/linux/rodata_test.h': File exists
cp: cannot create regular file '/dev/shm/linux/./include/linux/rolling_buffer.h': File exists
cp: cannot create regular file '/dev/shm/linux/./include/linux/root_dev.h': File exists
cp: cannot create regular file '/dev/shm/linux/./include/linux/rpmb.h': File exists
cp: cannot create regular file '/dev/shm/linux/./include/linux/rpmsg.h': File exists
cp: cannot create directory '/dev/shm/linux/./include/linux/rpmsg': File exists
cp: cannot create regular file '/dev/shm/linux/./include/linux/rseq.h': File exists
cp: cannot create regular file '/dev/shm/linux/./include/linux/rseq_entry.h': File exists
cp: cannot create regular file '/dev/shm/linux/./include/linux/rslib.h': File exists
cp: cannot create directory '/dev/shm/linux/./include/linux/rtc': File exists
cp: cannot create regular file '/dev/shm/linux/./include/linux/rv.h': File exists
cp: cannot create regular file '/dev/shm/linux/./include/linux/rwlock_api_smp.h': File exists
cp: cannot create regular file '/dev/shm/linux/./include/linux/rwlock_types.h': File exists
cp: cannot create regular file '/dev/shm/linux/./include/linux/sbitmap.h': File exists
cp: cannot create regular file '/dev/shm/linux/./include/linux/sched.h': File exists
cp: cannot create regular file '/dev/shm/linux/./include/linux/sched/affinity.h': File exists
cp: cannot create regular file '/dev/shm/linux/./include/linux/sched/cond_resched.h': File exists
cp: cannot create regular file '/dev/shm/linux/./include/linux/sched/cpufreq.h': File exists
cp: cannot create regular file '/dev/shm/linux/./include/linux/sched/deadline.h': File exists
cp: cannot create regular file '/dev/shm/linux/./include/linux/sched/ext.h': File exists
cp: cannot create regular file '/dev/shm/linux/./include/linux/sched/idle.h': File exists
cp: cannot create regular file '/dev/shm/linux/./include/linux/sched/isolation.h': File exists
cp: cannot create regular file '/dev/shm/linux/./include/linux/sched/loadavg.h': File exists
cp: cannot create regular file '/dev/shm/linux/./include/linux/sched/nohz.h': File exists
cp: cannot create regular file '/dev/shm/linux/./include/linux/sched/posix-timers.h': File exists
cp: cannot create regular file '/dev/shm/linux/./include/linux/sched/rseq_api.h': File exists
cp: cannot create regular file '/dev/shm/linux/./include/linux/sched/sd_flags.h': File exists
cp: cannot create regular file '/dev/shm/linux/./include/linux/sched/smt.h': File exists
cp: cannot create regular file '/dev/shm/linux/./include/linux/sched/stat.h': File exists
cp: cannot create regular file '/dev/shm/linux/./include/linux/sched/task.h': File exists
cp: cannot create regular file '/dev/shm/linux/./include/linux/sched/task_stack.h': File exists
cp: cannot create regular file '/dev/shm/linux/./include/linux/sched/thread_info_api.h': File exists
cp: cannot create regular file '/dev/shm/linux/./include/linux/sched/types.h': File exists
cp: cannot create regular file '/dev/shm/linux/./include/linux/sched/vhost_task.h': File exists
cp: cannot create regular file '/dev/shm/linux/./include/linux/sched/xacct.h': File exists
cp: cannot create regular file '/dev/shm/linux/./include/linux/scmi_protocol.h': File exists
cp: cannot create regular file '/dev/shm/linux/./include/linux/scs.h': File exists
cp: cannot create regular file '/dev/shm/linux/./include/linux/scx200.h': File exists
cp: cannot create regular file '/dev/shm/linux/./include/linux/seccomp.h': File exists
cp: cannot create regular file '/dev/shm/linux/./include/linux/secretmem.h': File exists
cp: cannot create regular file '/dev/shm/linux/./include/linux/securebits.h': File exists
cp: cannot create regular file '/dev/shm/linux/./include/linux/sed-opal-key.h': File exists
cp: cannot create regular file '/dev/shm/linux/./include/linux/seg6.h': File exists
cp: cannot create regular file '/dev/shm/linux/./include/linux/seg6_hmac.h': File exists
cp: cannot create regular file '/dev/shm/linux/./include/linux/selection.h': File exists
cp: cannot create regular file '/dev/shm/linux/./include/linux/sem_types.h': File exists
cp: cannot create regular file '/dev/shm/linux/./include/linux/seq_buf.h': File exists
cp: cannot create regular file '/dev/shm/linux/./include/linux/seq_file_net.h': File exists
cp: cannot create regular file '/dev/shm/linux/./include/linux/seqlock_api.h': File exists
cp: cannot create regular file '/dev/shm/linux/./include/linux/serdev.h': File exists
cp: cannot create regular file '/dev/shm/linux/./include/linux/serial_8250.h': File exists
cp: cannot create regular file '/dev/shm/linux/./include/linux/serial_core.h': File exists
cp: cannot create regular file '/dev/shm/linux/./include/linux/serial_sci.h': File exists
cp: cannot create regular file '/dev/shm/linux/./include/linux/set_memory.h': File exists
cp: cannot create regular file '/dev/shm/linux/./include/linux/sh_clk.h': File exists
cp: cannot create regular file '/dev/shm/linux/./include/linux/sh_eth.h': File exists
cp: cannot create regular file '/dev/shm/linux/./include/linux/sh_timer.h': File exists
cp: cannot create regular file '/dev/shm/linux/./include/linux/shm.h': File exists
cp: cannot create regular file '/dev/shm/linux/./include/linux/shrinker.h': File exists
cp: cannot create regular file '/dev/shm/linux/./include/linux/signal_types.h': File exists
cp: cannot create regular file '/dev/shm/linux/./include/linux/siox.h': File exists
cp: cannot create regular file '/dev/shm/linux/./include/linux/sizes.h': File exists
cp: cannot create regular file '/dev/shm/linux/./include/linux/skbuff.h': File exists
cp: cannot create regular file '/dev/shm/linux/./include/linux/skmsg.h': File exists
cp: cannot create regular file '/dev/shm/linux/./include/linux/slimbus.h': File exists
cp: cannot create regular file '/dev/shm/linux/./include/linux/sm501.h': File exists
cp: cannot create regular file '/dev/shm/linux/./include/linux/smp.h': File exists
cp: cannot create regular file '/dev/shm/linux/./include/linux/smpboot.h': File exists
cp: cannot create regular file '/dev/shm/linux/./include/linux/smscphy.h': File exists
cp: cannot create directory '/dev/shm/linux/./include/linux/soc/airoha': File exists
cp: cannot create directory '/dev/shm/linux/./include/linux/soc/andes': File exists
cp: cannot create regular file '/dev/shm/linux/./include/linux/soc/apple/tunable.h': File exists
cp: cannot create regular file '/dev/shm/linux/./include/linux/soc/brcmstb/brcmstb.h': File exists
cp: cannot create directory '/dev/shm/linux/./include/linux/soc/dove': File exists
cp: cannot create directory '/dev/shm/linux/./include/linux/soc/marvell': File exists
cp: cannot create regular file '/dev/shm/linux/./include/linux/soc/mediatek/mtk-mmsys.h': File exists
cp: cannot create regular file '/dev/shm/linux/./include/linux/soc/mediatek/mtk_wed.h': File exists
cp: cannot create regular file '/dev/shm/linux/./include/linux/soc/mmp/cputype.h': File exists
cp: cannot create regular file '/dev/shm/linux/./include/linux/soc/nxp/lpc32xx-misc.h': File exists
cp: cannot create regular file '/dev/shm/linux/./include/linux/soc/pxa/cpu.h': File exists
cp: cannot create regular file '/dev/shm/linux/./include/linux/soc/pxa/smemc.h': File exists
cp: cannot create regular file '/dev/shm/linux/./include/linux/soc/qcom/apr.h': File exists
cp: cannot create regular file '/dev/shm/linux/./include/linux/soc/qcom/irq.h': File exists
cp: cannot create regular file '/dev/shm/linux/./include/linux/soc/qcom/mdt_loader.h': File exists
cp: cannot create regular file '/dev/shm/linux/./include/linux/soc/qcom/pmic_glink.h': File exists
cp: cannot create regular file '/dev/shm/linux/./include/linux/soc/qcom/qcom_aoss.h': File exists
cp: cannot create regular file '/dev/shm/linux/./include/linux/soc/qcom/smd-rpm.h': File exists
cp: cannot create regular file '/dev/shm/linux/./include/linux/soc/qcom/smem_state.h': File exists
cp: cannot create regular file '/dev/shm/linux/./include/linux/soc/qcom/ubwc.h': File exists
cp: cannot create directory '/dev/shm/linux/./include/linux/soc/renesas': File exists
cp: cannot create directory '/dev/shm/linux/./include/linux/soc/sunxi': File exists
cp: cannot create regular file '/dev/shm/linux/./include/linux/soc/ti/knav_qmss.h': File exists
cp: cannot create regular file '/dev/shm/linux/./include/linux/soc/ti/omap1-mux.h': File exists
cp: cannot create regular file '/dev/shm/linux/./include/linux/soc/ti/omap1-usb.h': File exists
cp: cannot create regular file '/dev/shm/linux/./include/linux/soc/ti/ti_sci_inta_msi.h': File exists
cp: cannot create regular file '/dev/shm/linux/./include/linux/sock_diag.h': File exists
cp: cannot create regular file '/dev/shm/linux/./include/linux/sockptr.h': File exists
cp: cannot create regular file '/dev/shm/linux/./include/linux/sonypi.h': File exists
cp: cannot create regular file '/dev/shm/linux/./include/linux/sound.h': File exists
cp: cannot create directory '/dev/shm/linux/./include/linux/soundwire': File exists
cp: cannot create regular file '/dev/shm/linux/./include/linux/spi/eeprom.h': File exists
cp: cannot create regular file '/dev/shm/linux/./include/linux/spi/libertas_spi.h': File exists
cp: cannot create regular file '/dev/shm/linux/./include/linux/spi/mc33880.h': File exists
cp: cannot create regular file '/dev/shm/linux/./include/linux/spi/mxs-spi.h': File exists
cp: cannot create regular file '/dev/shm/linux/./include/linux/spi/offload/provider.h': File exists
cp: cannot create regular file '/dev/shm/linux/./include/linux/spi/sh_hspi.h': File exists
cp: cannot create regular file '/dev/shm/linux/./include/linux/spi/spi-mem.h': File exists
cp: cannot create regular file '/dev/shm/linux/./include/linux/spi/spi_bitbang.h': File exists
cp: cannot create regular file '/dev/shm/linux/./include/linux/spi/spi_oc_tiny.h': File exists
cp: cannot create regular file '/dev/shm/linux/./include/linux/spi/tle62x0.h': File exists
cp: cannot create regular file '/dev/shm/linux/./include/linux/spinlock.h': File exists
cp: cannot create regular file '/dev/shm/linux/./include/linux/spinlock_api_smp.h': File exists
cp: cannot create regular file '/dev/shm/linux/./include/linux/spinlock_rt.h': File exists
cp: cannot create regular file '/dev/shm/linux/./include/linux/spinlock_types_raw.h': File exists
cp: cannot create regular file '/dev/shm/linux/./include/linux/spinlock_up.h': File exists
cp: cannot create regular file '/dev/shm/linux/./include/linux/spmi.h': File exists
cp: cannot create regular file '/dev/shm/linux/./include/linux/sram.h': File exists
cp: cannot create regular file '/dev/shm/linux/./include/linux/srcutiny.h': File exists
cp: cannot create directory '/dev/shm/linux/./include/linux/ssb': File exists
cp: cannot create regular file '/dev/shm/linux/./include/linux/stdarg.h': File exists
cp: cannot create regular file '/dev/shm/linux/./include/linux/stm.h': File exists
cp: cannot create regular file '/dev/shm/linux/./include/linux/stmp3xxx_rtc_wdt.h': File exists
cp: cannot create regular file '/dev/shm/linux/./include/linux/stop_machine.h': File exists
cp: cannot create regular file '/dev/shm/linux/./include/linux/string_choices.h': File exists
cp: cannot create regular file '/dev/shm/linux/./include/linux/stringhash.h': File exists
cp: cannot create regular file '/dev/shm/linux/./include/linux/stringify.h': File exists
cp: cannot create regular file '/dev/shm/linux/./include/linux/sungem_phy.h': File exists
cp: cannot create regular file '/dev/shm/linux/./include/linux/sunrpc/auth.h': File exists
cp: cannot create regular file '/dev/shm/linux/./include/linux/sunrpc/bc_xprt.h': File exists
cp: cannot create regular file '/dev/shm/linux/./include/linux/sunrpc/debug.h': File exists
cp: cannot create regular file '/dev/shm/linux/./include/linux/sunrpc/gss_err.h': File exists
cp: cannot create regular file '/dev/shm/linux/./include/linux/sunrpc/metrics.h': File exists
cp: cannot create regular file '/dev/shm/linux/./include/linux/sunrpc/rdma_rn.h': File exists
cp: cannot create regular file '/dev/shm/linux/./include/linux/sunrpc/rpc_rdma.h': File exists
cp: cannot create regular file '/dev/shm/linux/./include/linux/sunrpc/sched.h': File exists
cp: cannot create regular file '/dev/shm/linux/./include/linux/sunrpc/stats.h': File exists
cp: cannot create regular file '/dev/shm/linux/./include/linux/sunrpc/svc_rdma.h': File exists
cp: cannot create regular file '/dev/shm/linux/./include/linux/sunrpc/svc_xprt.h': File exists
cp: cannot create regular file '/dev/shm/linux/./include/linux/sunrpc/svcauth_gss.h': File exists
cp: cannot create regular file '/dev/shm/linux/./include/linux/sunrpc/timer.h': File exists
cp: cannot create regular file '/dev/shm/linux/./include/linux/sunrpc/xdr.h': File exists
cp: cannot create regular file '/dev/shm/linux/./include/linux/sunrpc/xdrgen/_defs.h': File exists
cp: cannot create regular file '/dev/shm/linux/./include/linux/sunrpc/xdrgen/nlm4.h': File exists
cp: cannot create regular file '/dev/shm/linux/./include/linux/sunrpc/xprtmultipath.h': File exists
cp: cannot create regular file '/dev/shm/linux/./include/linux/sunrpc/xprtsock.h': File exists
cp: cannot create regular file '/dev/shm/linux/./include/linux/sunserialcore.h': File exists
cp: cannot create directory '/dev/shm/linux/./include/linux/surface_aggregator': File exists
cp: cannot create regular file '/dev/shm/linux/./include/linux/swait_api.h': File exists
cp: cannot create regular file '/dev/shm/linux/./include/linux/swap_cgroup.h': File exists
cp: cannot create regular file '/dev/shm/linux/./include/linux/swapops.h': File exists
cp: cannot create regular file '/dev/shm/linux/./include/linux/switchtec.h': File exists
cp: cannot create regular file '/dev/shm/linux/./include/linux/sync_core.h': File exists
cp: cannot create regular file '/dev/shm/linux/./include/linux/synclink.h': File exists
cp: cannot create regular file '/dev/shm/linux/./include/linux/sys_info.h': File exists
cp: cannot create regular file '/dev/shm/linux/./include/linux/syscall_user_dispatch.h': File exists
cp: cannot create regular file '/dev/shm/linux/./include/linux/syscalls.h': File exists
cp: cannot create regular file '/dev/shm/linux/./include/linux/syscore_ops.h': File exists
cp: cannot create regular file '/dev/shm/linux/./include/linux/sysfb.h': File exists
cp: cannot create regular file '/dev/shm/linux/./include/linux/syslog.h': File exists
cp: cannot create regular file '/dev/shm/linux/./include/linux/t10-pi.h': File exists
cp: cannot create regular file '/dev/shm/linux/./include/linux/task_io_accounting_ops.h': File exists
cp: cannot create regular file '/dev/shm/linux/./include/linux/taskstats_kern.h': File exists
cp: cannot create regular file '/dev/shm/linux/./include/linux/tc.h': File exists
cp: cannot create regular file '/dev/shm/linux/./include/linux/tee_core.h': File exists
cp: cannot create regular file '/dev/shm/linux/./include/linux/tegra-icc.h': File exists
cp: cannot create regular file '/dev/shm/linux/./include/linux/termios_internal.h': File exists
cp: cannot create regular file '/dev/shm/linux/./include/linux/textsearch_fsm.h': File exists
cp: cannot create regular file '/dev/shm/linux/./include/linux/thread_info.h': File exists
cp: cannot create regular file '/dev/shm/linux/./include/linux/thunderbolt.h': File exists
cp: cannot create regular file '/dev/shm/linux/./include/linux/ti_wilink_st.h': File exists
cp: cannot create regular file '/dev/shm/linux/./include/linux/tifm.h': File exists
cp: cannot create regular file '/dev/shm/linux/./include/linux/timb_gpio.h': File exists
cp: cannot create regular file '/dev/shm/linux/./include/linux/time32.h': File exists
cp: cannot create regular file '/dev/shm/linux/./include/linux/time_namespace.h': File exists
cp: cannot create regular file '/dev/shm/linux/./include/linux/timekeeper_internal.h': File exists
cp: cannot create regular file '/dev/shm/linux/./include/linux/timer.h': File exists
cp: cannot create regular file '/dev/shm/linux/./include/linux/timerfd.h': File exists
cp: cannot create regular file '/dev/shm/linux/./include/linux/timerqueue.h': File exists
cp: cannot create regular file '/dev/shm/linux/./include/linux/timex.h': File exists
cp: cannot create regular file '/dev/shm/linux/./include/linux/topology.h': File exists
cp: cannot create regular file '/dev/shm/linux/./include/linux/toshiba.h': File exists
cp: cannot create regular file '/dev/shm/linux/./include/linux/tpm_command.h': File exists
cp: cannot create regular file '/dev/shm/linux/./include/linux/tpm_svsm.h': File exists
cp: cannot create regular file '/dev/shm/linux/./include/linux/trace_clock.h': File exists
cp: cannot create regular file '/dev/shm/linux/./include/linux/trace_printk.h': File exists
cp: cannot create regular file '/dev/shm/linux/./include/linux/trace_remote.h': File exists
cp: cannot create regular file '/dev/shm/linux/./include/linux/trace_remote_event.h': File exists
cp: cannot create regular file '/dev/shm/linux/./include/linux/tracefs.h': File exists
cp: cannot create regular file '/dev/shm/linux/./include/linux/tracepoint.h': File exists
cp: cannot create regular file '/dev/shm/linux/./include/linux/tsacct_kern.h': File exists
cp: cannot create regular file '/dev/shm/linux/./include/linux/tsm.h': File exists
cp: cannot create regular file '/dev/shm/linux/./include/linux/tty_buffer.h': File exists
cp: cannot create regular file '/dev/shm/linux/./include/linux/tty_flip.h': File exists
cp: cannot create regular file '/dev/shm/linux/./include/linux/turris-omnia-mcu-interface.h': File exists
cp: cannot create regular file '/dev/shm/linux/./include/linux/typecheck.h': File exists
cp: cannot create regular file '/dev/shm/linux/./include/linux/u64_stats_sync.h': File exists
cp: cannot create regular file '/dev/shm/linux/./include/linux/uacce.h': File exists
cp: cannot create regular file '/dev/shm/linux/./include/linux/ubsan.h': File exists
cp: cannot create regular file '/dev/shm/linux/./include/linux/ucs2_string.h': File exists
cp: cannot create regular file '/dev/shm/linux/./include/linux/uidgid.h': File exists
cp: cannot create regular file '/dev/shm/linux/./include/linux/uio.h': File exists
cp: cannot create directory '/dev/shm/linux/./include/linux/ulpi': File exists
cp: cannot create regular file '/dev/shm/linux/./include/linux/union_find.h': File exists
cp: cannot create regular file '/dev/shm/linux/./include/linux/unroll.h': File exists
cp: cannot create regular file '/dev/shm/linux/./include/linux/unwind_deferred_types.h': File exists
cp: cannot create regular file '/dev/shm/linux/./include/linux/unwind_user_types.h': File exists
cp: cannot create directory '/dev/shm/linux/./include/linux/usb': File exists
cp: cannot create regular file '/dev/shm/linux/./include/linux/zlib.h': File exists
cp: cannot create regular file '/dev/shm/linux/./include/linux/zsmalloc.h': File exists
cp: cannot create regular file '/dev/shm/linux/./include/linux/zstd_errors.h': File exists
cp: cannot create regular file '/dev/shm/linux/./include/linux/zswap.h': File exists
cp: cannot create regular file '/dev/shm/linux/./include/linux/zutil.h': File exists
cp: cannot create regular file '/dev/shm/linux/./include/math-emu/op-1.h': File exists
cp: cannot create regular file '/dev/shm/linux/./include/math-emu/op-4.h': File exists
cp: cannot create regular file '/dev/shm/linux/./include/math-emu/quad.h': File exists
cp: cannot create regular file '/dev/shm/linux/./include/math-emu/soft-fp.h': File exists
cp: cannot create directory '/dev/shm/linux/./include/media/cadence': File exists
cp: cannot create regular file '/dev/shm/linux/./include/media/cec.h': File exists
cp: cannot create regular file '/dev/shm/linux/./include/media/davinci/vpfe_types.h': File exists
cp: cannot create regular file '/dev/shm/linux/./include/media/davinci/vpif_types.h': File exists
cp: cannot create regular file '/dev/shm/linux/./include/media/dmxdev.h': File exists
cp: cannot create regular file '/dev/shm/linux/./include/media/drv-intf/cx2341x.h': File exists
cp: cannot create regular file '/dev/shm/linux/./include/media/drv-intf/exynos-fimc.h': File exists
cp: cannot create regular file '/dev/shm/linux/./include/media/drv-intf/s3c_camif.h': File exists
cp: cannot create regular file '/dev/shm/linux/./include/media/drv-intf/saa7146_vv.h': File exists
cp: cannot create regular file '/dev/shm/linux/./include/media/drv-intf/sh_vou.h': File exists
cp: cannot create regular file '/dev/shm/linux/./include/media/drv-intf/tea575x.h': File exists
cp: cannot create regular file '/dev/shm/linux/./include/media/dvb_ca_en50221.h': File exists
cp: cannot create regular file '/dev/shm/linux/./include/media/dvb_frontend.h': File exists
cp: cannot create regular file '/dev/shm/linux/./include/media/dvb_ringbuffer.h': File exists
cp: cannot create regular file '/dev/shm/linux/./include/media/dvbdev.h': File exists
cp: cannot create directory '/dev/shm/linux/./include/media/i2c': File exists
cp: cannot create regular file '/dev/shm/linux/./include/media/v4l2-mem2mem.h': File exists
cp: cannot create regular file '/dev/shm/linux/./include/media/v4l2-subdev.h': File exists
cp: cannot create regular file '/dev/shm/linux/./include/media/videobuf2-core.h': File exists
cp: cannot create regular file '/dev/shm/linux/./include/media/videobuf2-dma-sg.h': File exists
cp: cannot create regular file '/dev/shm/linux/./include/media/videobuf2-dvb.h': File exists
cp: cannot create regular file '/dev/shm/linux/./include/media/videobuf2-v4l2.h': File exists
cp: cannot create regular file '/dev/shm/linux/./include/media/vsp1.h': File exists
cp: cannot create regular file '/dev/shm/linux/./include/memory/renesas-rpc-if.h': File exists
cp: cannot create regular file '/dev/shm/linux/./include/misc/altera.h': File exists
cp: cannot create regular file '/dev/shm/linux/./include/misc/ocxl.h': File exists
cp: cannot create regular file '/dev/shm/linux/./include/net/6lowpan.h': File exists
cp: cannot create regular file '/dev/shm/linux/./include/net/9p/9p.h': File exists
cp: cannot create regular file '/dev/shm/linux/./include/net/9p/transport.h': File exists
cp: cannot create regular file '/dev/shm/linux/./include/net/addrconf.h': File exists
cp: cannot create regular file '/dev/shm/linux/./include/net/af_rxrpc.h': File exists
cp: cannot create regular file '/dev/shm/linux/./include/net/af_vsock.h': File exists
cp: cannot create regular file '/dev/shm/linux/./include/net/bluetooth/hci.h': File exists
cp: cannot create regular file '/dev/shm/linux/./include/net/bluetooth/hci_drv.h': File exists
cp: cannot create regular file '/dev/shm/linux/./include/net/bluetooth/hci_mon.h': File exists
cp: cannot create regular file '/dev/shm/linux/./include/net/bluetooth/l2cap.h': File exists
cp: cannot create regular file '/dev/shm/linux/./include/net/bluetooth/mgmt.h': File exists
cp: cannot create regular file '/dev/shm/linux/./include/net/bluetooth/sco.h': File exists
cp: cannot create regular file '/dev/shm/linux/./include/net/bond_alb.h': File exists
cp: cannot create regular file '/dev/shm/linux/./include/net/bonding.h': File exists
cp: cannot create regular file '/dev/shm/linux/./include/net/busy_poll.h': File exists
cp: cannot create regular file '/dev/shm/linux/./include/net/can.h': File exists
cp: cannot create regular file '/dev/shm/linux/./include/net/cfg802154.h': File exists
cp: cannot create regular file '/dev/shm/linux/./include/net/checksum.h': File exists
cp: cannot create regular file '/dev/shm/linux/./include/net/cls_cgroup.h': File exists
cp: cannot create regular file '/dev/shm/linux/./include/net/codel_impl.h': File exists
cp: cannot create regular file '/dev/shm/linux/./include/net/compat.h': File exists
cp: cannot create regular file '/dev/shm/linux/./include/net/dcbevent.h': File exists
cp: cannot create regular file '/dev/shm/linux/./include/net/devlink.h': File exists
cp: cannot create regular file '/dev/shm/linux/./include/net/dropreason-qdisc.h': File exists
cp: cannot create regular file '/dev/shm/linux/./include/net/dsa_stubs.h': File exists
cp: cannot create regular file '/dev/shm/linux/./include/net/dsfield.h': File exists
cp: cannot create regular file '/dev/shm/linux/./include/net/dst_cache.h': File exists
cp: cannot create regular file '/dev/shm/linux/./include/net/dst_ops.h': File exists
cp: cannot create regular file '/dev/shm/linux/./include/net/erspan.h': File exists
cp: cannot create regular file '/dev/shm/linux/./include/net/ethoc.h': File exists
cp: cannot create regular file '/dev/shm/linux/./include/net/fib_notifier.h': File exists
cp: cannot create regular file '/dev/shm/linux/./include/net/flow.h': File exists
cp: cannot create regular file '/dev/shm/linux/./include/net/flow_offload.h': File exists
cp: cannot create regular file '/dev/shm/linux/./include/net/fq_impl.h': File exists
cp: cannot create regular file '/dev/shm/linux/./include/net/gen_stats.h': File exists
cp: cannot create regular file '/dev/shm/linux/./include/net/geneve.h': File exists
cp: cannot create regular file '/dev/shm/linux/./include/net/gro_cells.h': File exists
cp: cannot create regular file '/dev/shm/linux/./include/net/gtp.h': File exists
cp: cannot create regular file '/dev/shm/linux/./include/net/handshake.h': File exists
cp: cannot create regular file '/dev/shm/linux/./include/net/hwbm.h': File exists
cp: cannot create regular file '/dev/shm/linux/./include/net/ieee80211_radiotap.h': File exists
cp: cannot create regular file '/dev/shm/linux/./include/net/ieee8021q.h': File exists
cp: cannot create regular file '/dev/shm/linux/./include/net/ife.h': File exists
cp: cannot create regular file '/dev/shm/linux/./include/net/inet6_hashtables.h': File exists
cp: cannot create regular file '/dev/shm/linux/./include/net/inet_connection_sock.h': File exists
cp: cannot create regular file '/dev/shm/linux/./include/net/inet_ecn.h': File exists
cp: cannot create regular file '/dev/shm/linux/./include/net/inet_hashtables.h': File exists
cp: cannot create regular file '/dev/shm/linux/./include/net/inet_timewait_sock.h': File exists
cp: cannot create regular file '/dev/shm/linux/./include/net/ioam6.h': File exists
cp: cannot create regular file '/dev/shm/linux/./include/net/ip6_checksum.h': File exists
cp: cannot create regular file '/dev/shm/linux/./include/net/ip6_route.h': File exists
cp: cannot create regular file '/dev/shm/linux/./include/net/ip_fib.h': File exists
cp: cannot create regular file '/dev/shm/linux/./include/net/ip_vs.h': File exists
cp: cannot create regular file '/dev/shm/linux/./include/net/ipconfig.h': File exists
cp: cannot create regular file '/dev/shm/linux/./include/net/ipv6_frag.h': File exists
cp: cannot create directory '/dev/shm/linux/./include/net/iucv': File exists
cp: cannot create regular file '/dev/shm/linux/./include/net/lapb.h': File exists
cp: cannot create regular file '/dev/shm/linux/./include/net/libeth/cache.h': File exists
cp: cannot create regular file '/dev/shm/linux/./include/net/libeth/tx.h': File exists
cp: cannot create regular file '/dev/shm/linux/./include/net/libeth/xdp.h': File exists
cp: cannot create regular file '/dev/shm/linux/./include/net/llc.h': File exists
cp: cannot create regular file '/dev/shm/linux/./include/net/llc_c_ev.h': File exists
cp: cannot create regular file '/dev/shm/linux/./include/net/llc_conn.h': File exists
cp: cannot create regular file '/dev/shm/linux/./include/net/llc_s_ac.h': File exists
cp: cannot create regular file '/dev/shm/linux/./include/net/llc_s_st.h': File exists
cp: cannot create regular file '/dev/shm/linux/./include/net/llc_sap.h': File exists
cp: cannot create regular file '/dev/shm/linux/./include/net/mac80211.h': File exists
cp: cannot create directory '/dev/shm/linux/./include/net/mana': File exists
cp: cannot create regular file '/dev/shm/linux/./include/net/mrp.h': File exists
cp: cannot create regular file '/dev/shm/linux/./include/net/ndisc.h': File exists
cp: cannot create regular file '/dev/shm/linux/./include/net/neighbour_tables.h': File exists
cp: cannot create regular file '/dev/shm/linux/./include/net/net_failover.h': File exists
cp: cannot create regular file '/dev/shm/linux/./include/net/net_ratelimit.h': File exists
cp: cannot create regular file '/dev/shm/linux/./include/net/netdev_lock.h': File exists
cp: cannot create regular file '/dev/shm/linux/./include/net/netdev_queues.h': File exists
cp: cannot create regular file '/dev/shm/linux/./include/net/netevent.h': File exists
cp: cannot create directory '/dev/shm/linux/./include/net/netfilter/ipv4': File exists
cp: cannot create regular file '/dev/shm/linux/./include/net/netfilter/nf_conntrack.h': File exists
cp: cannot create regular file '/dev/shm/linux/./include/net/netfilter/nf_conntrack_act_ct.h': File exists
cp: cannot create regular file '/dev/shm/linux/./include/net/netfilter/nf_conntrack_bridge.h': File exists
cp: cannot create regular file '/dev/shm/linux/./include/net/netfilter/nf_conntrack_count.h': File exists
cp: cannot create regular file '/dev/shm/linux/./include/net/netfilter/nf_conntrack_expect.h': File exists
cp: cannot create regular file '/dev/shm/linux/./include/net/netfilter/nf_conntrack_helper.h': File exists
cp: cannot create regular file '/dev/shm/linux/./include/net/netfilter/nf_conntrack_timestamp.h': File exists
cp: cannot create regular file '/dev/shm/linux/./include/net/netfilter/nf_conntrack_zones.h': File exists
cp: cannot create regular file '/dev/shm/linux/./include/net/netfilter/nf_flow_table.h': File exists
cp: cannot create regular file '/dev/shm/linux/./include/net/netfilter/nf_log.h': File exists
cp: cannot create regular file '/dev/shm/linux/./include/net/netfilter/nf_nat_helper.h': File exists
cp: cannot create regular file '/dev/shm/linux/./include/net/netfilter/nf_nat_redirect.h': File exists
cp: cannot create regular file '/dev/shm/linux/./include/net/netfilter/nf_reject.h': File exists
cp: cannot create regular file '/dev/shm/linux/./include/net/netfilter/nf_synproxy.h': File exists
cp: cannot create regular file '/dev/shm/linux/./include/net/netfilter/nf_tables_core.h': File exists
cp: cannot create regular file '/dev/shm/linux/./include/net/netfilter/nf_tables_ipv6.h': File exists
cp: cannot create regular file '/dev/shm/linux/./include/net/netfilter/nf_tproxy.h': File exists
cp: cannot create regular file '/dev/shm/linux/./include/net/netfilter/nft_meta.h': File exists
cp: cannot create regular file '/dev/shm/linux/./include/net/netfilter/xt_rateest.h': File exists
cp: cannot create regular file '/dev/shm/linux/./include/net/netlabel.h': File exists
cp: cannot create regular file '/dev/shm/linux/./include/net/netmem.h': File exists
cp: cannot create regular file '/dev/shm/linux/./include/net/netns/can.h': File exists
cp: cannot create regular file '/dev/shm/linux/./include/net/netns/core.h': File exists
cp: cannot create regular file '/dev/shm/linux/./include/net/netns/generic.h': File exists
cp: cannot create regular file '/dev/shm/linux/./include/net/netns/ieee802154_6lowpan.h': File exists
cp: cannot create regular file '/dev/shm/linux/./include/net/netns/ipv6.h': File exists
cp: cannot create regular file '/dev/shm/linux/./include/net/netns/mctp.h': File exists
cp: cannot create regular file '/dev/shm/linux/./include/net/netns/mpls.h': File exists
cp: cannot create regular file '/dev/shm/linux/./include/net/netns/nexthop.h': File exists
cp: cannot create regular file '/dev/shm/linux/./include/net/netns/packet.h': File exists
cp: cannot create regular file '/dev/shm/linux/./include/net/netns/smc.h': File exists
cp: cannot create regular file '/dev/shm/linux/./include/net/netns/vsock.h': File exists
cp: cannot create regular file '/dev/shm/linux/./include/net/netns/xfrm.h': File exists
cp: cannot create regular file '/dev/shm/linux/./include/net/nexthop.h': File exists
cp: cannot create regular file '/dev/shm/linux/./include/net/nfc/digital.h': File exists
cp: cannot create regular file '/dev/shm/linux/./include/net/nfc/nci_core.h': File exists
cp: cannot create regular file '/dev/shm/linux/./include/net/nl802154.h': File exists
cp: cannot create directory '/dev/shm/linux/./include/net/page_pool': File exists
cp: cannot create regular file '/dev/shm/linux/./include/net/phonet/phonet.h': File exists
cp: cannot create directory '/dev/shm/linux/./include/net/phy': File exists
cp: cannot create regular file '/dev/shm/linux/./include/net/pkt_sched.h': File exists
cp: cannot create regular file '/dev/shm/linux/./include/net/protocol.h': File exists
cp: cannot create regular file '/dev/shm/linux/./include/net/psnap.h': File exists
cp: cannot create directory '/dev/shm/linux/./include/net/psp': File exists
cp: cannot create regular file '/dev/shm/linux/./include/net/regulatory.h': File exists
cp: cannot create regular file '/dev/shm/linux/./include/net/rose.h': File exists
cp: cannot create regular file '/dev/shm/linux/./include/net/rpl.h': File exists
cp: cannot create regular file '/dev/shm/linux/./include/net/rps.h': File exists
cp: cannot create regular file '/dev/shm/linux/./include/net/rstreason.h': File exists
cp: cannot create regular file '/dev/shm/linux/./include/net/rtnh.h': File exists
cp: cannot create regular file '/dev/shm/linux/./include/net/sch_priv.h': File exists
cp: cannot create directory '/dev/shm/linux/./include/net/sctp': File exists
cp: cannot create regular file '/dev/shm/linux/./include/net/tc_act/tc_bpf.h': File exists
cp: cannot create regular file '/dev/shm/linux/./include/net/tc_act/tc_csum.h': File exists
cp: cannot create regular file '/dev/shm/linux/./include/net/tc_act/tc_ctinfo.h': File exists
cp: cannot create regular file '/dev/shm/linux/./include/net/tc_act/tc_gact.h': File exists
cp: cannot create regular file '/dev/shm/linux/./include/net/tc_act/tc_ife.h': File exists
cp: cannot create regular file '/dev/shm/linux/./include/net/tc_act/tc_mpls.h': File exists
cp: cannot create regular file '/dev/shm/linux/./include/net/tc_act/tc_pedit.h': File exists
cp: cannot create regular file '/dev/shm/linux/./include/net/tc_act/tc_sample.h': File exists
cp: cannot create regular file '/dev/shm/linux/./include/net/tc_act/tc_skbmod.h': File exists
cp: cannot create regular file '/dev/shm/linux/./include/net/tc_act/tc_vlan.h': File exists
cp: cannot create regular file '/dev/shm/linux/./include/net/tcp.h': File exists
cp: cannot create regular file '/dev/shm/linux/./include/net/tcp_ecn.h': File exists
cp: cannot create regular file '/dev/shm/linux/./include/net/timewait_sock.h': File exists
cp: cannot create regular file '/dev/shm/linux/./include/net/tls.h': File exists
cp: cannot create regular file '/dev/shm/linux/./include/net/tls_prot.h': File exists
cp: cannot create regular file '/dev/shm/linux/./include/net/transp_v6.h': File exists
cp: cannot create regular file '/dev/shm/linux/./include/net/tun_proto.h': File exists
cp: cannot create regular file '/dev/shm/linux/./include/net/udp.h': File exists
cp: cannot create regular file '/dev/shm/linux/./include/net/vsock_addr.h': File exists
cp: cannot create regular file '/dev/shm/linux/./include/net/wext.h': File exists
cp: cannot create regular file '/dev/shm/linux/./include/net/x25device.h': File exists
cp: cannot create regular file '/dev/shm/linux/./include/net/xdp_priv.h': File exists
cp: cannot create regular file '/dev/shm/linux/./include/net/xdp_sock_drv.h': File exists
cp: cannot create regular file '/dev/shm/linux/./include/net/xsk_buff_pool.h': File exists
cp: cannot create regular file '/dev/shm/linux/./include/pcmcia/cisreg.h': File exists
cp: cannot create regular file '/dev/shm/linux/./include/pcmcia/device_id.h': File exists
cp: cannot create regular file '/dev/shm/linux/./include/pcmcia/soc_common.h': File exists
cp: cannot create directory '/dev/shm/linux/./include/ras': File exists
cp: cannot create regular file '/dev/shm/linux/./include/rdma/ib_addr.h': File exists
cp: cannot create regular file '/dev/shm/linux/./include/rdma/ib_cm.h': File exists
cp: cannot create regular file '/dev/shm/linux/./include/rdma/ib_marshall.h': File exists
cp: cannot create regular file '/dev/shm/linux/./include/rdma/ib_pack.h': File exists
cp: cannot create regular file '/dev/shm/linux/./include/rdma/ib_sa.h': File exists
cp: cannot create regular file '/dev/shm/linux/./include/rdma/ib_ucaps.h': File exists
cp: cannot create regular file '/dev/shm/linux/./include/rdma/ib_umem_odp.h': File exists
cp: cannot create regular file '/dev/shm/linux/./include/rdma/iba.h': File exists
cp: cannot create regular file '/dev/shm/linux/./include/rdma/iter.h': File exists
cp: cannot create regular file '/dev/shm/linux/./include/rdma/lag.h': File exists
cp: cannot create regular file '/dev/shm/linux/./include/rdma/opa_addr.h': File exists
cp: cannot create regular file '/dev/shm/linux/./include/rdma/opa_smi.h': File exists
cp: cannot create regular file '/dev/shm/linux/./include/rdma/rdma_cm_ib.h': File exists
cp: cannot create regular file '/dev/shm/linux/./include/rdma/rdma_netlink.h': File exists
cp: cannot create regular file '/dev/shm/linux/./include/rdma/rdma_vt.h': File exists
cp: cannot create regular file '/dev/shm/linux/./include/rdma/rdmavt_mr.h': File exists
cp: cannot create regular file '/dev/shm/linux/./include/rdma/restrack.h': File exists
cp: cannot create regular file '/dev/shm/linux/./include/rdma/rw.h': File exists
cp: cannot create regular file '/dev/shm/linux/./include/rdma/tid_rdma_defs.h': File exists
cp: cannot create regular file '/dev/shm/linux/./include/rdma/uverbs_ioctl.h': File exists
cp: cannot create regular file '/dev/shm/linux/./include/rdma/uverbs_std_types.h': File exists
cp: cannot create directory '/dev/shm/linux/./include/rv': File exists
cp: cannot create regular file '/dev/shm/linux/./include/scsi/fc/fc_ms.h': File exists
cp: cannot create regular file '/dev/shm/linux/./include/scsi/fcoe_sysfs.h': File exists
cp: cannot create regular file '/dev/shm/linux/./include/scsi/iscsi_if.h': File exists
cp: cannot create regular file '/dev/shm/linux/./include/scsi/iser.h': File exists
cp: cannot create regular file '/dev/shm/linux/./include/scsi/libfcoe.h': File exists
cp: cannot create regular file '/dev/shm/linux/./include/scsi/libiscsi_tcp.h': File exists
cp: cannot create regular file '/dev/shm/linux/./include/scsi/libsas.h': File exists
cp: cannot create regular file '/dev/shm/linux/./include/scsi/sas_ata.h': File exists
cp: cannot create regular file '/dev/shm/linux/./include/scsi/scsi_bsg_iscsi.h': File exists
cp: cannot create regular file '/dev/shm/linux/./include/scsi/scsi_common.h': File exists
cp: cannot create regular file '/dev/shm/linux/./include/scsi/scsi_device.h': File exists
cp: cannot create regular file '/dev/shm/linux/./include/scsi/scsi_dh.h': File exists
cp: cannot create regular file '/dev/shm/linux/./include/scsi/scsi_eh.h': File exists
cp: cannot create regular file '/dev/shm/linux/./include/scsi/scsi_ioctl.h': File exists
cp: cannot create regular file '/dev/shm/linux/./include/scsi/scsi_status.h': File exists
cp: cannot create regular file '/dev/shm/linux/./include/scsi/scsi_transport_iscsi.h': File exists
cp: cannot create regular file '/dev/shm/linux/./include/scsi/scsi_transport_spi.h': File exists
cp: cannot create regular file '/dev/shm/linux/./include/scsi/scsicam.h': File exists
cp: cannot create regular file '/dev/shm/linux/./include/scsi/srp.h': File exists
cp: cannot create directory '/dev/shm/linux/./include/soc': File exists
cp: cannot create regular file '/dev/shm/linux/./include/sound/rawmidi.h': File exists
cp: cannot create regular file '/dev/shm/linux/./include/sound/rt1318.h': File exists
cp: cannot create regular file '/dev/shm/linux/./include/sound/rt5514.h': File exists
cp: cannot create regular file '/dev/shm/linux/./include/sound/rt5660.h': File exists
cp: cannot create regular file '/dev/shm/linux/./include/sound/rt5665.h': File exists
cp: cannot create regular file '/dev/shm/linux/./include/sound/rt5682.h': File exists
cp: cannot create regular file '/dev/shm/linux/./include/sound/sb.h': File exists
cp: cannot create regular file '/dev/shm/linux/./include/sound/sdca.h': File exists
cp: cannot create regular file '/dev/shm/linux/./include/sound/sdca_fdl.h': File exists
cp: cannot create regular file '/dev/shm/linux/./include/sound/sdca_hid.h': File exists
cp: cannot create regular file '/dev/shm/linux/./include/sound/sdca_jack.h': File exists
cp: cannot create regular file '/dev/shm/linux/./include/sound/sdca_ump.h': File exists
cp: cannot create regular file '/dev/shm/linux/./include/sound/seq_device.h': File exists
cp: cannot create regular file '/dev/shm/linux/./include/sound/seq_midi_emul.h': File exists
cp: cannot create regular file '/dev/shm/linux/./include/sound/seq_oss.h': File exists
cp: cannot create regular file '/dev/shm/linux/./include/sound/seq_virmidi.h': File exists
cp: cannot create regular file '/dev/shm/linux/./include/sound/simple_card.h': File exists
cp: cannot create regular file '/dev/shm/linux/./include/sound/snd_wavefront.h': File exists
cp: cannot create regular file '/dev/shm/linux/./include/sound/soc-acpi-intel-ssp-common.h': File exists
cp: cannot create regular file '/dev/shm/linux/./include/sound/soc-card.h': File exists
cp: cannot create regular file '/dev/shm/linux/./include/sound/soc-dai.h': File exists
cp: cannot create regular file '/dev/shm/linux/./include/sound/soc-dpcm.h': File exists
cp: cannot create regular file '/dev/shm/linux/./include/sound/soc-link.h': File exists
cp: cannot create regular file '/dev/shm/linux/./include/sound/soc-usb.h': File exists
cp: cannot create regular file '/dev/shm/linux/./include/sound/soc_sdw_utils.h': File exists
cp: cannot create directory '/dev/shm/linux/./include/sound/sof': File exists
cp: cannot create regular file '/dev/shm/linux/./include/sound/ump_convert.h': File exists
cp: cannot create regular file '/dev/shm/linux/./include/sound/util_mem.h': File exists
cp: cannot create regular file '/dev/shm/linux/./include/sound/wavefront.h': File exists
cp: cannot create regular file '/dev/shm/linux/./include/sound/wm2200.h': File exists
cp: cannot create regular file '/dev/shm/linux/./include/sound/wm8904.h': File exists
cp: cannot create regular file '/dev/shm/linux/./include/sound/wm8960.h': File exists
cp: cannot create regular file '/dev/shm/linux/./include/sound/wm8993.h': File exists
cp: cannot create regular file '/dev/shm/linux/./include/sound/wm9081.h': File exists
cp: cannot create regular file '/dev/shm/linux/./include/sound/wss.h': File exists
cp: cannot create directory '/dev/shm/linux/./include/target/iscsi': File exists
cp: cannot create regular file '/dev/shm/linux/./include/trace/define_custom_trace.h': File exists
cp: cannot create regular file '/dev/shm/linux/./include/trace/define_trace.h': File exists
cp: cannot create regular file '/dev/shm/linux/./include/trace/events/9p.h': File exists
cp: cannot create regular file '/dev/shm/linux/./include/trace/events/alarmtimer.h': File exists
cp: cannot create regular file '/dev/shm/linux/./include/trace/events/asoc.h': File exists
cp: cannot create regular file '/dev/shm/linux/./include/trace/events/bcache.h': File exists
cp: cannot create regular file '/dev/shm/linux/./include/trace/events/bpf_test_run.h': File exists
cp: cannot create regular file '/dev/shm/linux/./include/trace/events/bridge.h': File exists
cp: cannot create regular file '/dev/shm/linux/./include/trace/events/cachefiles.h': File exists
cp: cannot create regular file '/dev/shm/linux/./include/trace/events/ceph.h': File exists
cp: cannot create regular file '/dev/shm/linux/./include/trace/events/cma.h': File exists
cp: cannot create regular file '/dev/shm/linux/./include/trace/events/context_tracking.h': File exists
cp: cannot create regular file '/dev/shm/linux/./include/trace/events/cpuhp.h': File exists
cp: cannot create regular file '/dev/shm/linux/./include/trace/events/damon.h': File exists
cp: cannot create regular file '/dev/shm/linux/./include/trace/events/devlink.h': File exists
cp: cannot create regular file '/dev/shm/linux/./include/trace/events/dma.h': File exists
cp: cannot create regular file '/dev/shm/linux/./include/trace/events/dma_fence.h': File exists
cp: cannot create regular file '/dev/shm/linux/./include/trace/events/erofs.h': File exists
cp: cannot create regular file '/dev/shm/linux/./include/trace/events/exceptions.h': File exists
cp: cannot create regular file '/dev/shm/linux/./include/trace/events/f2fs.h': File exists
cp: cannot create regular file '/dev/shm/linux/./include/trace/events/fib6.h': File exists
cp: cannot create regular file '/dev/shm/linux/./include/trace/events/filemap.h': File exists
cp: cannot create regular file '/dev/shm/linux/./include/trace/events/firewire_ohci.h': File exists
cp: cannot create regular file '/dev/shm/linux/./include/trace/events/fs_dax.h': File exists
cp: cannot create regular file '/dev/shm/linux/./include/trace/events/fscache.h': File exists
cp: cannot create regular file '/dev/shm/linux/./include/trace/events/fsi.h': File exists
cp: cannot create regular file '/dev/shm/linux/./include/trace/events/fsi_master_ast_cf.h': File exists
cp: cannot create regular file '/dev/shm/linux/./include/trace/events/fsi_master_i2cr.h': File exists
cp: cannot create regular file '/dev/shm/linux/./include/trace/events/fsverity.h': File exists
cp: cannot create regular file '/dev/shm/linux/./include/trace/events/gpu_mem.h': File exists
cp: cannot create regular file '/dev/shm/linux/./include/trace/events/handshake.h': File exists
cp: cannot create regular file '/dev/shm/linux/./include/trace/events/huge_memory.h': File exists
cp: cannot create regular file '/dev/shm/linux/./include/trace/events/hw_pressure.h': File exists
cp: cannot create regular file '/dev/shm/linux/./include/trace/events/i2c.h': File exists
cp: cannot create regular file '/dev/shm/linux/./include/trace/events/ib_mad.h': File exists
cp: cannot create regular file '/dev/shm/linux/./include/trace/events/icmp.h': File exists
cp: cannot create regular file '/dev/shm/linux/./include/trace/events/initcall.h': File exists
cp: cannot create regular file '/dev/shm/linux/./include/trace/events/intel-sst.h': File exists
cp: cannot create regular file '/dev/shm/linux/./include/trace/events/intel_ish.h': File exists
cp: cannot create regular file '/dev/shm/linux/./include/trace/events/iocost.h': File exists
cp: cannot create regular file '/dev/shm/linux/./include/trace/events/irq_matrix.h': File exists
cp: cannot create regular file '/dev/shm/linux/./include/trace/events/kmem.h': File exists
cp: cannot create regular file '/dev/shm/linux/./include/trace/events/kyber.h': File exists
cp: cannot create regular file '/dev/shm/linux/./include/trace/events/libata.h': File exists
cp: cannot create regular file '/dev/shm/linux/./include/trace/events/maple_tree.h': File exists
cp: cannot create regular file '/dev/shm/linux/./include/trace/events/mctp.h': File exists
cp: cannot create regular file '/dev/shm/linux/./include/trace/events/mdio.h': File exists
cp: cannot create regular file '/dev/shm/linux/./include/trace/events/migrate.h': File exists
cp: cannot create regular file '/dev/shm/linux/./include/trace/events/mlxsw.h': File exists
cp: cannot create regular file '/dev/shm/linux/./include/trace/events/mmflags.h': File exists
cp: cannot create regular file '/dev/shm/linux/./include/trace/events/mptcp.h': File exists
cp: cannot create regular file '/dev/shm/linux/./include/trace/events/nbd.h': File exists
cp: cannot create regular file '/dev/shm/linux/./include/trace/events/net.h': File exists
cp: cannot create regular file '/dev/shm/linux/./include/trace/events/netfs.h': File exists
cp: cannot create regular file '/dev/shm/linux/./include/trace/events/nilfs2.h': File exists
cp: cannot create regular file '/dev/shm/linux/./include/trace/events/nmi.h': File exists
cp: cannot create regular file '/dev/shm/linux/./include/trace/events/objagg.h': File exists
cp: cannot create regular file '/dev/shm/linux/./include/trace/events/osnoise.h': File exists
cp: cannot create regular file '/dev/shm/linux/./include/trace/events/page_pool.h': File exists
cp: cannot create regular file '/dev/shm/linux/./include/trace/events/pagemap.h': File exists
cp: cannot create regular file '/dev/shm/linux/./include/trace/events/pci_controller.h': File exists
cp: cannot create regular file '/dev/shm/linux/./include/trace/events/power.h': File exists
cp: cannot create regular file '/dev/shm/linux/./include/trace/events/printk.h': File exists
cp: cannot create regular file '/dev/shm/linux/./include/trace/events/pwm.h': File exists
cp: cannot create regular file '/dev/shm/linux/./include/trace/events/qdisc.h': File exists
cp: cannot create regular file '/dev/shm/linux/./include/trace/events/qrtr.h': File exists
cp: cannot create regular file '/dev/shm/linux/./include/trace/events/rcu.h': File exists
cp: cannot create regular file '/dev/shm/linux/./include/trace/events/rpcgss.h': File exists
cp: cannot create regular file '/dev/shm/linux/./include/trace/events/rpm.h': File exists
cp: cannot create regular file '/dev/shm/linux/./include/trace/events/rtc.h': File exists
cp: cannot create regular file '/dev/shm/linux/./include/trace/events/rwmmio.h': File exists
cp: cannot create regular file '/dev/shm/linux/./include/trace/events/rxrpc.h': File exists
cp: cannot create regular file '/dev/shm/linux/./include/trace/events/sched_ext.h': File exists
cp: cannot create regular file '/dev/shm/linux/./include/trace/events/sctp.h': File exists
cp: cannot create regular file '/dev/shm/linux/./include/trace/events/skb.h': File exists
cp: cannot create regular file '/dev/shm/linux/./include/trace/events/sock.h': File exists
cp: cannot create regular file '/dev/shm/linux/./include/trace/events/sof_intel.h': File exists
cp: cannot create regular file '/dev/shm/linux/./include/trace/events/spi.h': File exists
cp: cannot create regular file '/dev/shm/linux/./include/trace/events/sunrpc.h': File exists
cp: cannot create regular file '/dev/shm/linux/./include/trace/events/swiotlb.h': File exists
cp: cannot create regular file '/dev/shm/linux/./include/trace/events/task.h': File exists
cp: cannot create regular file '/dev/shm/linux/./include/trace/events/tegra_apb_dma.h': File exists
cp: cannot create regular file '/dev/shm/linux/./include/trace/events/timer_migration.h': File exists
cp: cannot create regular file '/dev/shm/linux/./include/trace/events/tsm_mr.h': File exists
cp: cannot create regular file '/dev/shm/linux/./include/trace/events/v4l2.h': File exists
cp: cannot create regular file '/dev/shm/linux/./include/trace/events/vmalloc.h': File exists
cp: cannot create regular file '/dev/shm/linux/./include/trace/events/vsock_virtio_transport_common.h': File exists
cp: cannot create regular file '/dev/shm/linux/./include/trace/events/workqueue.h': File exists
cp: cannot create regular file '/dev/shm/linux/./include/trace/events/xdp.h': File exists
cp: cannot create directory '/dev/shm/linux/./include/trace/misc': File exists
cp: cannot create regular file '/dev/shm/linux/./include/trace/stages/stage4_event_fields.h': File exists
cp: cannot create regular file '/dev/shm/linux/./include/trace/stages/stage6_event_callback.h': File exists
cp: cannot create regular file '/dev/shm/linux/./include/trace/syscall.h': File exists
cp: cannot create regular file '/dev/shm/linux/./include/trace/trace_events.h': File exists
cp: cannot create directory '/dev/shm/linux/./include/uapi/asm-generic': File exists
cp: cannot create regular file '/dev/shm/linux/./include/uapi/drm/vmwgfx_drm.h': File exists
cp: cannot create directory '/dev/shm/linux/./include/uapi/fwctl': File exists
cp: cannot create regular file '/dev/shm/linux/./include/uapi/linux/adfs_fs.h': File exists
cp: cannot create regular file '/dev/shm/linux/./include/uapi/linux/agpgart.h': File exists
cp: cannot create regular file '/dev/shm/linux/./include/uapi/linux/am437x-vpfe.h': File exists
cp: cannot create regular file '/dev/shm/linux/./include/uapi/linux/apm_bios.h': File exists
cp: cannot create regular file '/dev/shm/linux/./include/uapi/linux/arcfb.h': File exists
cp: cannot create regular file '/dev/shm/linux/./include/uapi/linux/arm_sdei.h': File exists
cp: cannot create regular file '/dev/shm/linux/./include/uapi/linux/aspeed-lpc-ctrl.h': File exists
cp: cannot create regular file '/dev/shm/linux/./include/uapi/linux/aspeed-p2a-ctrl.h': File exists
cp: cannot create regular file '/dev/shm/linux/./include/uapi/linux/atalk.h': File exists
cp: cannot create regular file '/dev/shm/linux/./include/uapi/linux/atm_eni.h': File exists
cp: cannot create regular file '/dev/shm/linux/./include/uapi/linux/atm_nicstar.h': File exists
cp: cannot create regular file '/dev/shm/linux/./include/uapi/linux/atm_zatm.h': File exists
cp: cannot create regular file '/dev/shm/linux/./include/uapi/linux/atmarp.h': File exists
cp: cannot create regular file '/dev/shm/linux/./include/uapi/linux/atmbr2684.h': File exists
cp: cannot create regular file '/dev/shm/linux/./include/uapi/linux/atmdev.h': File exists
cp: cannot create regular file '/dev/shm/linux/./include/uapi/linux/atmlec.h': File exists
cp: cannot create regular file '/dev/shm/linux/./include/uapi/linux/atmppp.h': File exists
cp: cannot create regular file '/dev/shm/linux/./include/uapi/linux/atmsvc.h': File exists
cp: cannot create regular file '/dev/shm/linux/./include/uapi/linux/auto_dev-ioctl.h': File exists
cp: cannot create regular file '/dev/shm/linux/./include/uapi/linux/auto_fs4.h': File exists
cp: cannot create regular file '/dev/shm/linux/./include/uapi/linux/ax25.h': File exists
cp: cannot create regular file '/dev/shm/linux/./include/uapi/linux/batman_adv.h': File exists
cp: cannot create regular file '/dev/shm/linux/./include/uapi/linux/bfs_fs.h': File exists
cp: cannot create regular file '/dev/shm/linux/./include/uapi/linux/bits.h': File exists
cp: cannot create regular file '/dev/shm/linux/./include/uapi/linux/blkdev.h': File exists
cp: cannot create regular file '/dev/shm/linux/./include/uapi/linux/blktrace_api.h': File exists
cp: cannot create regular file '/dev/shm/linux/./include/uapi/linux/bpf.h': File exists
cp: cannot create regular file '/dev/shm/linux/./include/uapi/linux/bpqether.h': File exists
cp: cannot create regular file '/dev/shm/linux/./include/uapi/linux/bt-bmc.h': File exists
cp: cannot create regular file '/dev/shm/linux/./include/uapi/linux/btf.h': File exists
cp: cannot create regular file '/dev/shm/linux/./include/uapi/linux/btrfs_tree.h': File exists
cp: cannot create regular file '/dev/shm/linux/./include/uapi/linux/byteorder/little_endian.h': File exists
cp: cannot create directory '/dev/shm/linux/./include/uapi/linux/can': File exists
cp: cannot create regular file '/dev/shm/linux/./include/uapi/linux/cfm_bridge.h': File exists
cp: cannot create regular file '/dev/shm/linux/./include/uapi/linux/chio.h': File exists
cp: cannot create regular file '/dev/shm/linux/./include/uapi/linux/cifs/cifs_mount.h': File exists
cp: cannot create regular file '/dev/shm/linux/./include/uapi/linux/close_range.h': File exists
cp: cannot create regular file '/dev/shm/linux/./include/uapi/linux/coda.h': File exists
cp: cannot create regular file '/dev/shm/linux/./include/uapi/linux/comedi.h': File exists
cp: cannot create regular file '/dev/shm/linux/./include/uapi/linux/const.h': File exists
cp: cannot create regular file '/dev/shm/linux/./include/uapi/linux/coresight-stm.h': File exists
cp: cannot create directory '/dev/shm/linux/./include/uapi/linux/counter': File exists
cp: cannot create regular file '/dev/shm/linux/./include/uapi/linux/cuda.h': File exists
cp: cannot create regular file '/dev/shm/linux/./include/uapi/linux/cyclades.h': File exists
cp: cannot create regular file '/dev/shm/linux/./include/uapi/linux/dcbnl.h': File exists
cp: cannot create regular file '/dev/shm/linux/./include/uapi/linux/dev_energymodel.h': File exists
cp: cannot create regular file '/dev/shm/linux/./include/uapi/linux/dlm.h': File exists
cp: cannot create regular file '/dev/shm/linux/./include/uapi/linux/dlm_plock.h': File exists
cp: cannot create regular file '/dev/shm/linux/./include/uapi/linux/dm-ioctl.h': File exists
cp: cannot create regular file '/dev/shm/linux/./include/uapi/linux/dma-buf.h': File exists
cp: cannot create regular file '/dev/shm/linux/./include/uapi/linux/dns_resolver.h': File exists
cp: cannot create regular file '/dev/shm/linux/./include/uapi/linux/dqblk_xfs.h': File exists
cp: cannot create regular file '/dev/shm/linux/./include/uapi/linux/dvb/ca.h': File exists
cp: cannot create regular file '/dev/shm/linux/./include/uapi/linux/dvb/frontend.h': File exists
cp: cannot create regular file '/dev/shm/linux/./include/uapi/linux/dvb/version.h': File exists
cp: cannot create regular file '/dev/shm/linux/./include/uapi/linux/dw100.h': File exists
cp: cannot create regular file '/dev/shm/linux/./include/uapi/linux/efs_fs_sb.h': File exists
cp: cannot create regular file '/dev/shm/linux/./include/uapi/linux/elf.h': File exists
cp: cannot create regular file '/dev/shm/linux/./include/uapi/linux/errqueue.h': File exists
cp: cannot create regular file '/dev/shm/linux/./include/uapi/linux/ethtool.h': File exists
cp: cannot create regular file '/dev/shm/linux/./include/uapi/linux/ethtool_netlink_generated.h': File exists
cp: cannot create regular file '/dev/shm/linux/./include/uapi/linux/eventpoll.h': File exists
cp: cannot create regular file '/dev/shm/linux/./include/uapi/linux/ext4.h': File exists
cp: cannot create regular file '/dev/shm/linux/./include/uapi/linux/falloc.h': File exists
cp: cannot create regular file '/dev/shm/linux/./include/uapi/linux/fb.h': File exists
cp: cannot create regular file '/dev/shm/linux/./include/uapi/linux/fd.h': File exists
cp: cannot create regular file '/dev/shm/linux/./include/uapi/linux/fib_rules.h': File exists
cp: cannot create regular file '/dev/shm/linux/./include/uapi/linux/firewire-cdev.h': File exists
cp: cannot create regular file '/dev/shm/linux/./include/uapi/linux/fou.h': File exists
cp: cannot create regular file '/dev/shm/linux/./include/uapi/linux/fs.h': File exists
cp: cannot create regular file '/dev/shm/linux/./include/uapi/linux/fsl_hypervisor.h': File exists
cp: cannot create regular file '/dev/shm/linux/./include/uapi/linux/fsmap.h': File exists
cp: cannot create regular file '/dev/shm/linux/./include/uapi/linux/fuse.h': File exists
cp: cannot create regular file '/dev/shm/linux/./include/uapi/linux/genetlink.h': File exists
cp: cannot create regular file '/dev/shm/linux/./include/uapi/linux/genwqe/genwqe_card.h': File exists
cp: cannot create regular file '/dev/shm/linux/./include/uapi/linux/gpib.h': File exists
cp: cannot create regular file '/dev/shm/linux/./include/uapi/linux/gpio.h': File exists
cp: cannot create regular file '/dev/shm/linux/./include/uapi/linux/gtp.h': File exists
cp: cannot create regular file '/dev/shm/linux/./include/uapi/linux/hash_info.h': File exists
cp: cannot create directory '/dev/shm/linux/./include/uapi/linux/hdlc': File exists
cp: cannot create regular file '/dev/shm/linux/./include/uapi/linux/hiddev.h': File exists
cp: cannot create regular file '/dev/shm/linux/./include/uapi/linux/hpet.h': File exists
cp: cannot create regular file '/dev/shm/linux/./include/uapi/linux/hsi/hsi_char.h': File exists
cp: cannot create regular file '/dev/shm/linux/./include/uapi/linux/hsr_netlink.h': File exists
cp: cannot create regular file '/dev/shm/linux/./include/uapi/linux/i2c-dev.h': File exists
cp: cannot create regular file '/dev/shm/linux/./include/uapi/linux/i2o-dev.h': File exists
cp: cannot create regular file '/dev/shm/linux/./include/uapi/linux/icmp.h': File exists
cp: cannot create regular file '/dev/shm/linux/./include/uapi/linux/idxd.h': File exists
cp: cannot create regular file '/dev/shm/linux/./include/uapi/linux/if_addrlabel.h': File exists
cp: cannot create regular file '/dev/shm/linux/./include/uapi/linux/if_arcnet.h': File exists
cp: cannot create regular file '/dev/shm/linux/./include/uapi/linux/if_bonding.h': File exists
cp: cannot create regular file '/dev/shm/linux/./include/uapi/linux/if_eql.h': File exists
cp: cannot create regular file '/dev/shm/linux/./include/uapi/linux/if_fc.h': File exists
cp: cannot create regular file '/dev/shm/linux/./include/uapi/linux/if_infiniband.h': File exists
cp: cannot create regular file '/dev/shm/linux/./include/uapi/linux/if_ltalk.h': File exists
cp: cannot create regular file '/dev/shm/linux/./include/uapi/linux/if_macsec.h': File exists
cp: cannot create regular file '/dev/shm/linux/./include/uapi/linux/if_phonet.h': File exists
cp: cannot create regular file '/dev/shm/linux/./include/uapi/linux/if_ppp.h': File exists
cp: cannot create regular file '/dev/shm/linux/./include/uapi/linux/if_pppox.h': File exists
cp: cannot create regular file '/dev/shm/linux/./include/uapi/linux/if_team.h': File exists
cp: cannot create regular file '/dev/shm/linux/./include/uapi/linux/if_tunnel.h': File exists
cp: cannot create regular file '/dev/shm/linux/./include/uapi/linux/if_x25.h': File exists
cp: cannot create regular file '/dev/shm/linux/./include/uapi/linux/ife.h': File exists
cp: cannot create directory '/dev/shm/linux/./include/uapi/linux/iio': File exists
cp: cannot create regular file '/dev/shm/linux/./include/uapi/linux/inet_diag.h': File exists
cp: cannot create regular file '/dev/shm/linux/./include/uapi/linux/input.h': File exists
cp: cannot create directory '/dev/shm/linux/./include/uapi/linux/io_uring': File exists
cp: cannot create regular file '/dev/shm/linux/./include/uapi/linux/ioprio.h': File exists
cp: cannot create regular file '/dev/shm/linux/./include/uapi/linux/ip6_tunnel.h': File exists
cp: cannot create regular file '/dev/shm/linux/./include/uapi/linux/ipc.h': File exists
cp: cannot create regular file '/dev/shm/linux/./include/uapi/linux/ipmi_bmc.h': File exists
cp: cannot create regular file '/dev/shm/linux/./include/uapi/linux/ipmi_ssif_bmc.h': File exists
cp: cannot create regular file '/dev/shm/linux/./include/uapi/linux/ipsec.h': File exists
cp: cannot create regular file '/dev/shm/linux/./include/uapi/linux/ipv6_route.h': File exists
cp: cannot create regular file '/dev/shm/linux/./include/uapi/linux/iso_fs.h': File exists
cp: cannot create regular file '/dev/shm/linux/./include/uapi/linux/ivtv.h': File exists
cp: cannot create regular file '/dev/shm/linux/./include/uapi/linux/joystick.h': File exists
cp: cannot create regular file '/dev/shm/linux/./include/uapi/linux/kcmp.h': File exists
cp: cannot create regular file '/dev/shm/linux/./include/uapi/linux/kd.h': File exists
cp: cannot create regular file '/dev/shm/linux/./include/uapi/linux/kernel-page-flags.h': File exists
cp: cannot create regular file '/dev/shm/linux/./include/uapi/linux/kexec.h': File exists
cp: cannot create regular file '/dev/shm/linux/./include/uapi/linux/keyctl.h': File exists
cp: cannot create regular file '/dev/shm/linux/./include/uapi/linux/kfd_sysfs.h': File exists
cp: cannot create regular file '/dev/shm/linux/./include/uapi/linux/kvm_para.h': File exists
cp: cannot create regular file '/dev/shm/linux/./include/uapi/linux/landlock.h': File exists
cp: cannot create regular file '/dev/shm/linux/./include/uapi/linux/lirc.h': File exists
cp: cannot create regular file '/dev/shm/linux/./include/uapi/linux/llc.h': File exists
cp: cannot create regular file '/dev/shm/linux/./include/uapi/linux/lockd_netlink.h': File exists
cp: cannot create regular file '/dev/shm/linux/./include/uapi/linux/lp.h': File exists
cp: cannot create regular file '/dev/shm/linux/./include/uapi/linux/lwtunnel.h': File exists
cp: cannot create regular file '/dev/shm/linux/./include/uapi/linux/major.h': File exists
cp: cannot create regular file '/dev/shm/linux/./include/uapi/linux/map_to_14segment.h': File exists
cp: cannot create regular file '/dev/shm/linux/./include/uapi/linux/matroxfb.h': File exists
cp: cannot create regular file '/dev/shm/linux/./include/uapi/linux/mctp.h': File exists
cp: cannot create regular file '/dev/shm/linux/./include/uapi/linux/media-bus-format.h': File exists
cp: cannot create directory '/dev/shm/linux/./include/uapi/linux/media': File exists
cp: cannot create regular file '/dev/shm/linux/./include/uapi/linux/module.h': File exists
cp: cannot create regular file '/dev/shm/linux/./include/uapi/linux/mount.h': File exists
cp: cannot create regular file '/dev/shm/linux/./include/uapi/linux/mpls_iptunnel.h': File exists
cp: cannot create regular file '/dev/shm/linux/./include/uapi/linux/mqueue.h': File exists
cp: cannot create regular file '/dev/shm/linux/./include/uapi/linux/mrp_bridge.h': File exists
cp: cannot create regular file '/dev/shm/linux/./include/uapi/linux/msg.h': File exists
cp: cannot create regular file '/dev/shm/linux/./include/uapi/linux/mtio.h': File exists
cp: cannot create regular file '/dev/shm/linux/./include/uapi/linux/ncsi.h': File exists
cp: cannot create regular file '/dev/shm/linux/./include/uapi/linux/neighbour.h': File exists
cp: cannot create regular file '/dev/shm/linux/./include/uapi/linux/net_dropmon.h': File exists
cp: cannot create regular file '/dev/shm/linux/./include/uapi/linux/net_shaper.h': File exists
cp: cannot create regular file '/dev/shm/linux/./include/uapi/linux/netconf.h': File exists
cp: cannot create regular file '/dev/shm/linux/./include/uapi/linux/netdevice.h': File exists
cp: cannot create directory '/dev/shm/linux/./include/uapi/linux/netfilter': File exists
cp: cannot create regular file '/dev/shm/linux/./include/uapi/linux/pfrut.h': File exists
cp: cannot create regular file '/dev/shm/linux/./include/uapi/linux/phonet.h': File exists
cp: cannot create regular file '/dev/shm/linux/./include/uapi/linux/pkt_cls.h': File exists
cp: cannot create regular file '/dev/shm/linux/./include/uapi/linux/pktcdvd.h': File exists
cp: cannot create regular file '/dev/shm/linux/./include/uapi/linux/poll.h': File exists
cp: cannot create regular file '/dev/shm/linux/./include/uapi/linux/posix_acl_xattr.h': File exists
cp: cannot create regular file '/dev/shm/linux/./include/uapi/linux/ppdev.h': File exists
cp: cannot create regular file '/dev/shm/linux/./include/uapi/linux/ppp-ioctl.h': File exists
cp: cannot create regular file '/dev/shm/linux/./include/uapi/linux/pps_gen.h': File exists
cp: cannot create regular file '/dev/shm/linux/./include/uapi/linux/psample.h': File exists
cp: cannot create regular file '/dev/shm/linux/./include/uapi/linux/psp-dbc.h': File exists
cp: cannot create regular file '/dev/shm/linux/./include/uapi/linux/psp.h': File exists
cp: cannot create regular file '/dev/shm/linux/./include/uapi/linux/pwm.h': File exists
cp: cannot create regular file '/dev/shm/linux/./include/uapi/linux/qemu_fw_cfg.h': File exists
cp: cannot create regular file '/dev/shm/linux/./include/uapi/linux/qnxtypes.h': File exists
cp: cannot create regular file '/dev/shm/linux/./include/uapi/linux/quota.h': File exists
cp: cannot create directory '/dev/shm/linux/./include/uapi/linux/raid': File exists
cp: cannot create regular file '/dev/shm/linux/./include/uapi/linux/remoteproc_cdev.h': File exists
cp: cannot create regular file '/dev/shm/linux/./include/uapi/linux/rio_cm_cdev.h': File exists
cp: cannot create regular file '/dev/shm/linux/./include/uapi/linux/rkisp1-config.h': File exists
cp: cannot create regular file '/dev/shm/linux/./include/uapi/linux/route.h': File exists
cp: cannot create regular file '/dev/shm/linux/./include/uapi/linux/rpl_iptunnel.h': File exists
cp: cannot create regular file '/dev/shm/linux/./include/uapi/linux/rseq.h': File exists
cp: cannot create regular file '/dev/shm/linux/./include/uapi/linux/rtnetlink.h': File exists
cp: cannot create regular file '/dev/shm/linux/./include/uapi/linux/sched.h': File exists
cp: cannot create regular file '/dev/shm/linux/./include/uapi/linux/scif_ioctl.h': File exists
cp: cannot create regular file '/dev/shm/linux/./include/uapi/linux/seccomp.h': File exists
cp: cannot create regular file '/dev/shm/linux/./include/uapi/linux/sed-opal.h': File exists
cp: cannot create regular file '/dev/shm/linux/./include/uapi/linux/seg6_genl.h': File exists
cp: cannot create regular file '/dev/shm/linux/./include/uapi/linux/seg6_iptunnel.h': File exists
cp: cannot create regular file '/dev/shm/linux/./include/uapi/linux/selinux_netlink.h': File exists
cp: cannot create regular file '/dev/shm/linux/./include/uapi/linux/serial.h': File exists
cp: cannot create regular file '/dev/shm/linux/./include/uapi/linux/serial_reg.h': File exists
cp: cannot create regular file '/dev/shm/linux/./include/uapi/linux/sev-guest.h': File exists
cp: cannot create regular file '/dev/shm/linux/./include/uapi/linux/signal.h': File exists
cp: cannot create regular file '/dev/shm/linux/./include/uapi/linux/smc.h': File exists
cp: cannot create regular file '/dev/shm/linux/./include/uapi/linux/smiapp.h': File exists
cp: cannot create regular file '/dev/shm/linux/./include/uapi/linux/sock_diag.h': File exists
cp: cannot create regular file '/dev/shm/linux/./include/uapi/linux/sockios.h': File exists
cp: cannot create regular file '/dev/shm/linux/./include/uapi/linux/sonypi.h': File exists
cp: cannot create regular file '/dev/shm/linux/./include/uapi/linux/soundcard.h': File exists
cp: cannot create regular file '/dev/shm/linux/./include/uapi/linux/spi/spi.h': File exists
cp: cannot create regular file '/dev/shm/linux/./include/uapi/linux/stat.h': File exists
cp: cannot create regular file '/dev/shm/linux/./include/uapi/linux/stm.h': File exists
cp: cannot create directory '/dev/shm/linux/./include/uapi/linux/sunrpc': File exists
cp: cannot create regular file '/dev/shm/linux/./include/uapi/linux/suspend_ioctls.h': File exists
cp: cannot create regular file '/dev/shm/linux/./include/uapi/linux/swab.h': File exists
cp: cannot create regular file '/dev/shm/linux/./include/uapi/linux/sync_file.h': File exists
cp: cannot create regular file '/dev/shm/linux/./include/uapi/linux/sysctl.h': File exists
cp: cannot create regular file '/dev/shm/linux/./include/uapi/linux/taskstats.h': File exists
cp: cannot create regular file '/dev/shm/linux/./include/uapi/linux/tc_act/tc_bpf.h': File exists
cp: cannot create regular file '/dev/shm/linux/./include/uapi/linux/tc_act/tc_csum.h': File exists
cp: cannot create regular file '/dev/shm/linux/./include/uapi/linux/tc_act/tc_ctinfo.h': File exists
cp: cannot create regular file '/dev/shm/linux/./include/uapi/linux/tc_act/tc_gact.h': File exists
cp: cannot create regular file '/dev/shm/linux/./include/uapi/linux/tc_act/tc_ife.h': File exists
cp: cannot create regular file '/dev/shm/linux/./include/uapi/linux/tc_act/tc_mpls.h': File exists
cp: cannot create regular file '/dev/shm/linux/./include/uapi/linux/tc_act/tc_pedit.h': File exists
cp: cannot create regular file '/dev/shm/linux/./include/uapi/linux/tc_act/tc_skbedit.h': File exists
cp: cannot create regular file '/dev/shm/linux/./include/uapi/linux/tc_act/tc_tunnel_key.h': File exists
cp: cannot create directory '/dev/shm/linux/./include/uapi/linux/tc_ematch': File exists
cp: cannot create regular file '/dev/shm/linux/./include/uapi/linux/thp7312.h': File exists
cp: cannot create regular file '/dev/shm/linux/./include/uapi/linux/time.h': File exists
cp: cannot create regular file '/dev/shm/linux/./include/uapi/linux/timerfd.h': File exists
cp: cannot create regular file '/dev/shm/linux/./include/uapi/linux/timex.h': File exists
cp: cannot create regular file '/dev/shm/linux/./include/uapi/linux/tipc.h': File exists
cp: cannot create regular file '/dev/shm/linux/./include/uapi/linux/tipc_netlink.h': File exists
cp: cannot create regular file '/dev/shm/linux/./include/uapi/linux/tls.h': File exists
cp: cannot create regular file '/dev/shm/linux/./include/uapi/linux/trace_mmap.h': File exists
cp: cannot create regular file '/dev/shm/linux/./include/uapi/linux/tty.h': File exists
cp: cannot create regular file '/dev/shm/linux/./include/uapi/linux/typelimits.h': File exists
cp: cannot create regular file '/dev/shm/linux/./include/uapi/linux/ublk_cmd.h': File exists
cp: cannot create regular file '/dev/shm/linux/./include/uapi/linux/udmabuf.h': File exists
cp: cannot create regular file '/dev/shm/linux/./include/uapi/linux/uhid.h': File exists
cp: cannot create regular file '/dev/shm/linux/./include/uapi/linux/uio.h': File exists
cp: cannot create regular file '/dev/shm/linux/./include/uapi/linux/ultrasound.h': File exists
cp: cannot create regular file '/dev/shm/linux/./include/uapi/linux/un.h': File exists
cp: cannot create regular file '/dev/shm/linux/./include/uapi/linux/unix_diag.h': File exists
cp: cannot create regular file '/dev/shm/linux/./include/uapi/linux/usb/cdc-wdm.h': File exists
cp: cannot create regular file '/dev/shm/linux/./include/uapi/linux/usb/cdc.h': File exists
cp: cannot create regular file '/dev/shm/linux/./include/uapi/linux/usb/ch9.h': File exists
cp: cannot create regular file '/dev/shm/linux/./include/uapi/linux/usb/g_hid.h': File exists
cp: cannot create regular file '/dev/shm/linux/./include/uapi/linux/usb/g_uvc.h': File exists
cp: cannot create regular file '/dev/shm/linux/./include/uapi/linux/usb/midi.h': File exists
cp: cannot create regular file '/dev/shm/linux/./include/uapi/linux/usb/tmc.h': File exists
cp: cannot create regular file '/dev/shm/linux/./include/uapi/linux/usbdevice_fs.h': File exists
cp: cannot create regular file '/dev/shm/linux/./include/uapi/linux/userfaultfd.h': File exists
cp: cannot create regular file '/dev/shm/linux/./include/uapi/linux/utime.h': File exists
cp: cannot create regular file '/dev/shm/linux/./include/uapi/linux/uuid.h': File exists
cp: cannot create regular file '/dev/shm/linux/./include/uapi/linux/v4l2-common.h': File exists
cp: cannot create regular file '/dev/shm/linux/./include/uapi/linux/v4l2-controls.h': File exists
cp: cannot create regular file '/dev/shm/linux/./include/uapi/linux/v4l2-mediabus.h': File exists
cp: cannot create regular file '/dev/shm/linux/./include/uapi/linux/vbox_err.h': File exists
cp: cannot create regular file '/dev/shm/linux/./include/uapi/linux/vboxguest.h': File exists
cp: cannot create regular file '/dev/shm/linux/./include/uapi/linux/vduse.h': File exists
cp: cannot create regular file '/dev/shm/linux/./include/uapi/linux/veth.h': File exists
cp: cannot create regular file '/dev/shm/linux/./include/uapi/linux/vfio_ccw.h': File exists
cp: cannot create regular file '/dev/shm/linux/./include/uapi/linux/vhost.h': File exists
cp: cannot create regular file '/dev/shm/linux/./include/uapi/linux/videodev2.h': File exists
cp: cannot create regular file '/dev/shm/linux/./include/uapi/linux/virtio_balloon.h': File exists
cp: cannot create regular file '/dev/shm/linux/./include/uapi/linux/virtio_bt.h': File exists
cp: cannot create regular file '/dev/shm/linux/./include/uapi/linux/virtio_console.h': File exists
cp: cannot create regular file '/dev/shm/linux/./include/uapi/linux/virtio_fs.h': File exists
cp: cannot create regular file '/dev/shm/linux/./include/uapi/linux/virtio_gpu.h': File exists
cp: cannot create regular file '/dev/shm/linux/./include/uapi/linux/virtio_ids.h': File exists
cp: cannot create regular file '/dev/shm/linux/./include/uapi/linux/virtio_iommu.h': File exists
cp: cannot create regular file '/dev/shm/linux/./include/uapi/linux/virtio_mmio.h': File exists
cp: cannot create regular file '/dev/shm/linux/./include/uapi/linux/virtio_pci.h': File exists
cp: cannot create regular file '/dev/shm/linux/./include/uapi/linux/virtio_pmem.h': File exists
cp: cannot create regular file '/dev/shm/linux/./include/uapi/linux/virtio_rng.h': File exists
cp: cannot create regular file '/dev/shm/linux/./include/uapi/linux/virtio_scmi.h': File exists
cp: cannot create regular file '/dev/shm/linux/./include/uapi/linux/virtio_snd.h': File exists
cp: cannot create regular file '/dev/shm/linux/./include/uapi/linux/virtio_types.h': File exists
cp: cannot create regular file '/dev/shm/linux/./include/uapi/linux/vm_sockets.h': File exists
cp: cannot create regular file '/dev/shm/linux/./include/uapi/linux/vmclock-abi.h': File exists
cp: cannot create regular file '/dev/shm/linux/./include/uapi/linux/vsockmon.h': File exists
cp: cannot create regular file '/dev/shm/linux/./include/uapi/linux/wait.h': File exists
cp: cannot create regular file '/dev/shm/linux/./include/uapi/linux/watchdog.h': File exists
cp: cannot create regular file '/dev/shm/linux/./include/uapi/linux/wireless.h': File exists
cp: cannot create regular file '/dev/shm/linux/./include/uapi/linux/wwan.h': File exists
cp: cannot create regular file '/dev/shm/linux/./include/uapi/linux/xattr.h': File exists
cp: cannot create regular file '/dev/shm/linux/./include/uapi/linux/xfrm.h': File exists
cp: cannot create regular file '/dev/shm/linux/./include/uapi/linux/zorro.h': File exists
cp: cannot create directory '/dev/shm/linux/./include/uapi/misc': File exists
cp: cannot create regular file '/dev/shm/linux/./include/uapi/rdma/erdma-abi.h': File exists
cp: cannot create directory '/dev/shm/linux/./include/uapi/rdma/hfi': File exists
cp: cannot create regular file '/dev/shm/linux/./include/uapi/rdma/ib_user_mad.h': File exists
cp: cannot create regular file '/dev/shm/linux/./include/uapi/rdma/ib_user_verbs.h': File exists
cp: cannot create regular file '/dev/shm/linux/./include/uapi/rdma/mana-abi.h': File exists
cp: cannot create regular file '/dev/shm/linux/./include/uapi/rdma/mlx5-abi.h': File exists
cp: cannot create regular file '/dev/shm/linux/./include/uapi/rdma/mlx5_user_ioctl_verbs.h': File exists
cp: cannot create regular file '/dev/shm/linux/./include/uapi/rdma/ocrdma-abi.h': File exists
cp: cannot create regular file '/dev/shm/linux/./include/uapi/rdma/rdma_netlink.h': File exists
cp: cannot create regular file '/dev/shm/linux/./include/uapi/rdma/rdma_user_ioctl.h': File exists
cp: cannot create regular file '/dev/shm/linux/./include/uapi/rdma/rdma_user_rxe.h': File exists
cp: cannot create regular file '/dev/shm/linux/./include/uapi/rdma/siw-abi.h': File exists
cp: cannot create directory '/dev/shm/linux/./include/uapi/regulator': File exists
cp: cannot create regular file '/dev/shm/linux/./include/uapi/scsi/fc/fc_fs.h': File exists
cp: cannot create regular file '/dev/shm/linux/./include/uapi/scsi/fc/fc_ns.h': File exists
cp: cannot create regular file '/dev/shm/linux/./include/uapi/scsi/scsi_bsg_mpi3mr.h': File exists
cp: cannot create regular file '/dev/shm/linux/./include/uapi/scsi/scsi_netlink.h': File exists
cp: cannot create directory '/dev/shm/linux/./include/uapi/sound': File exists
cp: cannot create regular file '/dev/shm/linux/./include/vdso/page.h': File exists
cp: cannot create regular file '/dev/shm/linux/./include/vdso/time.h': File exists
cp: cannot create regular file '/dev/shm/linux/./include/vdso/time64.h': File exists
cp: cannot create regular file '/dev/shm/linux/./include/vdso/vsyscall.h': File exists
cp: cannot create regular file '/dev/shm/linux/./include/video/atmel_lcdc.h': File exists
cp: cannot create regular file '/dev/shm/linux/./include/video/broadsheetfb.h': File exists
cp: cannot create regular file '/dev/shm/linux/./include/video/cmdline.h': File exists
cp: cannot create regular file '/dev/shm/linux/./include/video/display_timing.h': File exists
cp: cannot create regular file '/dev/shm/linux/./include/video/gbe.h': File exists
cp: cannot create regular file '/dev/shm/linux/./include/video/ili9320.h': File exists
cp: cannot create regular file '/dev/shm/linux/./include/video/imx-ipu-v3.h': File exists
cp: cannot create regular file '/dev/shm/linux/./include/video/mach64.h': File exists
cp: cannot create regular file '/dev/shm/linux/./include/video/mipi_display.h': File exists
cp: cannot create regular file '/dev/shm/linux/./include/video/neomagic.h': File exists
cp: cannot create regular file '/dev/shm/linux/./include/video/nomodeset.h': File exists
cp: cannot create regular file '/dev/shm/linux/./include/video/of_videomode.h': File exists
cp: cannot create regular file '/dev/shm/linux/./include/video/omapvrfb.h': File exists
cp: cannot create regular file '/dev/shm/linux/./include/video/permedia2.h': File exists
cp: cannot create regular file '/dev/shm/linux/./include/video/platform_lcd.h': File exists
cp: cannot create regular file '/dev/shm/linux/./include/video/pmag-ba-fb.h': File exists
cp: cannot create regular file '/dev/shm/linux/./include/video/pxa168fb.h': File exists
cp: cannot create regular file '/dev/shm/linux/./include/video/s1d13xxxfb.h': File exists
cp: cannot create regular file '/dev/shm/linux/./include/video/samsung_fimd.h': File exists
cp: cannot create regular file '/dev/shm/linux/./include/video/sisfb.h': File exists
cp: cannot create regular file '/dev/shm/linux/./include/video/sticore.h': File exists
cp: cannot create regular file '/dev/shm/linux/./include/video/tgafb.h': File exists
cp: cannot create regular file '/dev/shm/linux/./include/video/udlfb.h': File exists
cp: cannot create regular file '/dev/shm/linux/./include/video/vga.h': File exists
cp: cannot create directory '/dev/shm/linux/./include/xen': File exists
cp: cannot create regular file '/dev/shm/linux/./io_uring/opdef.h': File exists
cp: cannot create regular file '/dev/shm/linux/./io_uring/openclose.h': File exists
cp: cannot create regular file '/dev/shm/linux/./io_uring/poll.h': File exists
cp: cannot create regular file '/dev/shm/linux/./io_uring/query.h': File exists
cp: cannot create regular file '/dev/shm/linux/./io_uring/register.h': File exists
cp: cannot create regular file '/dev/shm/linux/./io_uring/rsrc.h': File exists
cp: cannot create regular file '/dev/shm/linux/./io_uring/rw.h': File exists
cp: cannot create regular file '/dev/shm/linux/./io_uring/splice.c': File exists
cp: cannot create regular file '/dev/shm/linux/./io_uring/sqpoll.c': File exists
cp: cannot create regular file '/dev/shm/linux/./io_uring/statx.c': File exists
cp: cannot create regular file '/dev/shm/linux/./io_uring/sync.c': File exists
cp: cannot create regular file '/dev/shm/linux/./io_uring/tctx.c': File exists
cp: cannot create regular file '/dev/shm/linux/./io_uring/timeout.c': File exists
cp: cannot create regular file '/dev/shm/linux/./io_uring/truncate.h': File exists
cp: cannot create regular file '/dev/shm/linux/./io_uring/uring_cmd.c': File exists
cp: cannot create regular file '/dev/shm/linux/./io_uring/wait.c': File exists
cp: cannot create regular file '/dev/shm/linux/./io_uring/waitid.c': File exists
cp: cannot create regular file '/dev/shm/linux/./io_uring/waitid.h': File exists
cp: cannot create regular file '/dev/shm/linux/./io_uring/xattr.h': File exists
cp: cannot create regular file '/dev/shm/linux/./io_uring/zcrx.h': File exists
cp: cannot create regular file '/dev/shm/linux/./ipc/Makefile': File exists
cp: cannot create regular file '/dev/shm/linux/./ipc/ipc_sysctl.c': File exists
cp: cannot create regular file '/dev/shm/linux/./ipc/mqueue.c': File exists
cp: cannot create regular file '/dev/shm/linux/./ipc/msgutil.c': File exists
cp: cannot create regular file '/dev/shm/linux/./ipc/sem.c': File exists
cp: cannot create regular file '/dev/shm/linux/./ipc/syscall.c': File exists
cp: cannot create regular file '/dev/shm/linux/./ipc/util.c': File exists
cp: cannot create regular file '/dev/shm/linux/./kernel/Kconfig.freezer': File exists
cp: cannot create regular file '/dev/shm/linux/./kernel/Kconfig.kexec': File exists
cp: cannot create regular file '/dev/shm/linux/./kernel/Kconfig.preempt': File exists
cp: cannot create regular file '/dev/shm/linux/./kernel/acct.c': File exists
cp: cannot create regular file '/dev/shm/linux/./kernel/audit.c': File exists
cp: cannot create regular file '/dev/shm/linux/./kernel/audit_fsnotify.c': File exists
cp: cannot create regular file '/dev/shm/linux/./kernel/audit_watch.c': File exists
cp: cannot create regular file '/dev/shm/linux/./kernel/auditsc.c': File exists
cp: cannot create regular file '/dev/shm/linux/./kernel/bounds.c': File exists
cp: cannot create regular file '/dev/shm/linux/./kernel/fork.c': File exists
cp: cannot create regular file '/dev/shm/linux/./kernel/futex/core.c': File exists
cp: cannot create regular file '/dev/shm/linux/./kernel/futex/pi.c': File exists
cp: cannot create regular file '/dev/shm/linux/./kernel/futex/syscalls.c': File exists
cp: cannot create regular file '/dev/shm/linux/./kernel/gcov/Kconfig': File exists
cp: cannot create regular file '/dev/shm/linux/./kernel/gcov/base.c': File exists
cp: cannot create regular file '/dev/shm/linux/./kernel/gcov/fs.c': File exists
cp: cannot create regular file '/dev/shm/linux/./kernel/gcov/gcov.h': File exists
cp: cannot create regular file '/dev/shm/linux/./kernel/groups.c': File exists
cp: cannot create regular file '/dev/shm/linux/./kernel/iomem.c': File exists
cp: cannot create regular file '/dev/shm/linux/./kernel/livepatch/Kconfig': File exists
cp: cannot create regular file '/dev/shm/linux/./kernel/livepatch/patch.h': File exists
cp: cannot create regular file '/dev/shm/linux/./kernel/livepatch/shadow.c': File exists
cp: cannot create regular file '/dev/shm/linux/./kernel/livepatch/state.h': File exists
cp: cannot create regular file '/dev/shm/linux/./kernel/livepatch/transition.h': File exists
cp: cannot create regular file '/dev/shm/linux/./kernel/liveupdate/Kconfig': File exists
cp: cannot create regular file '/dev/shm/linux/./kernel/liveupdate/kexec_handover.c': File exists
cp: cannot create regular file '/dev/shm/linux/./kernel/liveupdate/kexec_handover_debugfs.c': File exists
cp: cannot create regular file '/dev/shm/linux/./kernel/liveupdate/luo_core.c': File exists
cp: cannot create regular file '/dev/shm/linux/./kernel/liveupdate/luo_flb.c': File exists
cp: cannot create regular file '/dev/shm/linux/./kernel/liveupdate/luo_session.c': File exists
cp: cannot create regular file '/dev/shm/linux/./kernel/power/em_netlink.c': File exists
cp: cannot create regular file '/dev/shm/linux/./kernel/power/em_netlink_autogen.c': File exists
cp: cannot create regular file '/dev/shm/linux/./kernel/power/energy_model.c': File exists
cp: cannot create regular file '/dev/shm/linux/./kernel/power/poweroff.c': File exists
cp: cannot create regular file '/dev/shm/linux/./kernel/power/qos.c': File exists
cp: cannot create regular file '/dev/shm/linux/./kernel/power/swap.c': File exists
cp: cannot create regular file '/dev/shm/linux/./kernel/power/wakelock.c': File exists
cp: cannot create regular file '/dev/shm/linux/./kernel/rcu/tasks.h': File exists
cp: cannot create regular file '/dev/shm/linux/./kernel/rcu/tree.c': File exists
cp: cannot create regular file '/dev/shm/linux/./kernel/rcu/tree_exp.h': File exists
cp: cannot create regular file '/dev/shm/linux/./kernel/regset.c': File exists
cp: cannot create regular file '/dev/shm/linux/./kernel/resource.c': File exists
cp: cannot create regular file '/dev/shm/linux/./kernel/rseq.c': File exists
cp: cannot create regular file '/dev/shm/linux/./kernel/sched/autogroup.c': File exists
cp: cannot create regular file '/dev/shm/linux/./kernel/sched/build_policy.c': File exists
cp: cannot create regular file '/dev/shm/linux/./kernel/sched/clock.c': File exists
cp: cannot create regular file '/dev/shm/linux/./kernel/sched/core.c': File exists
cp: cannot create regular file '/dev/shm/linux/./kernel/sched/cpudeadline.c': File exists
cp: cannot create regular file '/dev/shm/linux/./kernel/sched/cpufreq.c': File exists
cp: cannot create regular file '/dev/shm/linux/./kernel/sched/cpupri.c': File exists
cp: cannot create regular file '/dev/shm/linux/./kernel/sched/cputime.c': File exists
cp: cannot create regular file '/dev/shm/linux/./kernel/sched/ext_idle.c': File exists
cp: cannot create regular file '/dev/shm/linux/./kernel/sched/isolation.c': File exists
cp: cannot create regular file '/dev/shm/linux/./kernel/sched/membarrier.c': File exists
cp: cannot create regular file '/dev/shm/linux/./kernel/sched/pelt.h': File exists
cp: cannot create regular file '/dev/shm/linux/./kernel/sched/rq-offsets.c': File exists
cp: cannot create regular file '/dev/shm/linux/./kernel/sched/stats.c': File exists
cp: cannot create regular file '/dev/shm/linux/./kernel/sched/syscalls.c': File exists
cp: cannot create regular file '/dev/shm/linux/./kernel/scs.c': File exists
cp: cannot create regular file '/dev/shm/linux/./kernel/seccomp.c': File exists
cp: cannot create regular file '/dev/shm/linux/./kernel/smpboot.h': File exists
cp: cannot create regular file '/dev/shm/linux/./kernel/stacktrace.c': File exists
cp: cannot create regular file '/dev/shm/linux/./kernel/static_call_inline.c': File exists
cp: cannot create regular file '/dev/shm/linux/./kernel/sysctl-test.c': File exists
cp: cannot create regular file '/dev/shm/linux/./kernel/task_work.c': File exists
cp: cannot create regular file '/dev/shm/linux/./kernel/taskstats.c': File exists
cp: cannot create regular file '/dev/shm/linux/./kernel/trace/rv/monitors/pagefault/pagefault_trace.h': File exists
cp: cannot create regular file '/dev/shm/linux/./kernel/trace/rv/monitors/rtapp/rtapp.c': File exists
cp: cannot create regular file '/dev/shm/linux/./kernel/trace/rv/monitors/sched/sched.c': File exists
cp: cannot create regular file '/dev/shm/linux/./kernel/trace/rv/monitors/sleep/sleep.c': File exists
cp: cannot create regular file '/dev/shm/linux/./kernel/trace/rv/monitors/snep/snep.c': File exists
cp: cannot create regular file '/dev/shm/linux/./kernel/trace/rv/monitors/snep/snep_trace.h': File exists
cp: cannot create regular file '/dev/shm/linux/./kernel/trace/rv/monitors/sssw/Kconfig': File exists
cp: cannot create regular file '/dev/shm/linux/./kernel/trace/rv/monitors/sssw/sssw.c': File exists
cp: cannot create directory '/dev/shm/linux/./kernel/trace/rv/monitors/stall': File exists
cp: cannot create regular file '/dev/shm/linux/./kernel/trace/rv/reactor_printk.c': File exists
cp: cannot create regular file '/dev/shm/linux/./kernel/trace/rv/rv.h': File exists
cp: cannot create regular file '/dev/shm/linux/./kernel/trace/rv/rv_trace.h': File exists
cp: cannot create regular file '/dev/shm/linux/./kernel/trace/synth_event_gen_test.c': File exists
cp: cannot create regular file '/dev/shm/linux/./kernel/trace/trace_benchmark.c': File exists
cp: cannot create regular file '/dev/shm/linux/./kernel/trace/trace_boot.c': File exists
cp: cannot create regular file '/dev/shm/linux/./kernel/trace/trace_btf.c': File exists
cp: cannot create regular file '/dev/shm/linux/./kernel/trace/trace_clock.c': File exists
cp: cannot create regular file '/dev/shm/linux/./kernel/trace/trace_entries.h': File exists
cp: cannot create regular file '/dev/shm/linux/./kernel/trace/trace_event_perf.c': File exists
cp: cannot create regular file '/dev/shm/linux/./kernel/trace/trace_events_hist.c': File exists
cp: cannot create regular file '/dev/shm/linux/./kernel/trace/trace_events_synth.c': File exists
cp: cannot create regular file '/dev/shm/linux/./kernel/trace/trace_events_user.c': File exists
cp: cannot create regular file '/dev/shm/linux/./kernel/trace/trace_export.c': File exists
cp: cannot create regular file '/dev/shm/linux/./kernel/trace/trace_kdb.c': File exists
cp: cannot create regular file '/dev/shm/linux/./kernel/trace/trace_kprobe_selftest.c': File exists
cp: cannot create regular file '/dev/shm/linux/./kernel/trace/trace_mmiotrace.c': File exists
cp: cannot create regular file '/dev/shm/linux/./kernel/trace/trace_osnoise.c': File exists
cp: cannot create regular file '/dev/shm/linux/./kernel/trace/trace_probe_tmpl.h': File exists
cp: cannot create regular file '/dev/shm/linux/./kernel/trace/trace_recursion_record.c': File exists
cp: cannot create regular file '/dev/shm/linux/./kernel/trace/trace_remote.c': File exists
cp: cannot create regular file '/dev/shm/linux/./kernel/trace/trace_sched_wakeup.c': File exists
cp: cannot create regular file '/dev/shm/linux/./kernel/trace/trace_selftest_dynamic.c': File exists
cp: cannot create regular file '/dev/shm/linux/./kernel/trace/trace_snapshot.c': File exists
cp: cannot create regular file '/dev/shm/linux/./kernel/trace/trace_syscalls.c': File exists
cp: cannot create regular file '/dev/shm/linux/./kernel/trace/undefsyms_base.c': File exists
cp: cannot create regular file '/dev/shm/linux/./kernel/uid16.c': File exists
cp: cannot create regular file '/dev/shm/linux/./kernel/unwind/deferred.c': File exists
cp: cannot create regular file '/dev/shm/linux/./kernel/user-return-notifier.c': File exists
cp: cannot create regular file '/dev/shm/linux/./kernel/user.c': File exists
cp: cannot create regular file '/dev/shm/linux/./kernel/vhost_task.c': File exists
cp: cannot create regular file '/dev/shm/linux/./kernel/watch_queue.c': File exists
cp: cannot create regular file '/dev/shm/linux/./kernel/watchdog_perf.c': File exists
cp: cannot create regular file '/dev/shm/linux/./kernel/workqueue.c': File exists
cp: cannot create regular file '/dev/shm/linux/./lib/842/842_compress.c': File exists
cp: cannot create regular file '/dev/shm/linux/./lib/842/842_debugfs.h': File exists
cp: cannot create regular file '/dev/shm/linux/./lib/842/Makefile': File exists
cp: cannot create regular file '/dev/shm/linux/./lib/Kconfig.debug': File exists
cp: cannot create regular file '/dev/shm/linux/./lib/Kconfig.kfence': File exists
cp: cannot create regular file '/dev/shm/linux/./lib/Kconfig.kmsan': File exists
cp: cannot create regular file '/dev/shm/linux/./lib/Makefile': File exists
cp: cannot create regular file '/dev/shm/linux/./lib/argv_split.c': File exists
cp: cannot create regular file '/dev/shm/linux/./lib/asn1_decoder.c': File exists
cp: cannot create regular file '/dev/shm/linux/./lib/assoc_array.c': File exists
cp: cannot create regular file '/dev/shm/linux/./lib/atomic64_test.c': File exists
cp: cannot create regular file '/dev/shm/linux/./lib/bcd.c': File exists
cp: cannot create regular file '/dev/shm/linux/./lib/bitmap-str.c': File exists
cp: cannot create regular file '/dev/shm/linux/./lib/bootconfig.c': File exists
cp: cannot create regular file '/dev/shm/linux/./lib/bucket_locks.c': File exists
cp: cannot create regular file '/dev/shm/linux/./lib/bug.c': File exists
cp: cannot create regular file '/dev/shm/linux/./lib/buildid.c': File exists
cp: cannot create regular file '/dev/shm/linux/./lib/cache_maint.c': File exists
cp: cannot create regular file '/dev/shm/linux/./lib/check_signature.c': File exists
cp: cannot create regular file '/dev/shm/linux/./lib/checksum.c': File exists
cp: cannot create regular file '/dev/shm/linux/./lib/clz_ctz.c': File exists
cp: cannot create regular file '/dev/shm/linux/./lib/cmdline.c': File exists
cp: cannot create regular file '/dev/shm/linux/./lib/cmpxchg-emu.c': File exists
cp: cannot create regular file '/dev/shm/linux/./lib/codetag.c': File exists
cp: cannot create regular file '/dev/shm/linux/./lib/cpu_rmap.c': File exists
cp: cannot create regular file '/dev/shm/linux/./lib/crc/.gitignore': File exists
cp: cannot create regular file '/dev/shm/linux/./lib/crc/Kconfig': File exists
cp: cannot create regular file '/dev/shm/linux/./lib/crc/Makefile': File exists
cp: cannot create regular file '/dev/shm/linux/./lib/crc/arm64/crc64-neon-inner.c': File exists
cp: cannot create regular file '/dev/shm/linux/./lib/crc/crc-ccitt.c': File exists
cp: cannot create regular file '/dev/shm/linux/./lib/crc/crc16.c': File exists
cp: cannot create regular file '/dev/shm/linux/./lib/crc/crc4.c': File exists
cp: cannot create regular file '/dev/shm/linux/./lib/crc/crc7.c': File exists
cp: cannot create regular file '/dev/shm/linux/./lib/crc/gen_crc32table.c': File exists
cp: cannot create regular file '/dev/shm/linux/./lib/crc/mips/crc32.h': File exists
cp: cannot create regular file '/dev/shm/linux/./lib/crc/riscv/crc32_msb.c': File exists
cp: cannot create regular file '/dev/shm/linux/./lib/crc/riscv/crc64_lsb.c': File exists
cp: cannot create regular file '/dev/shm/linux/./lib/crc/tests/crc_kunit.c': File exists
cp: cannot create regular file '/dev/shm/linux/./lib/crypto/arm/aes.h': File exists
cp: cannot create regular file '/dev/shm/linux/./lib/crypto/arm/blake2b-neon-core.S': File exists
cp: cannot create regular file '/dev/shm/linux/./lib/crypto/arm/blake2s-core.S': File exists
cp: cannot create regular file '/dev/shm/linux/./lib/crypto/arm/chacha-neon-core.S': File exists
cp: cannot create regular file '/dev/shm/linux/./lib/crypto/arm/curve25519-core.S': File exists
cp: cannot create regular file '/dev/shm/linux/./lib/crypto/arm/gf128hash.h': File exists
cp: cannot create regular file '/dev/shm/linux/./lib/crypto/arm/nh-neon-core.S': File exists
cp: cannot create regular file '/dev/shm/linux/./lib/crypto/arm/poly1305-armv4.pl': File exists
cp: cannot create regular file '/dev/shm/linux/./lib/crypto/arm/sha1-armv4-large.S': File exists
cp: cannot create regular file '/dev/shm/linux/./lib/crypto/arm/sha1-ce-core.S': File exists
cp: cannot create regular file '/dev/shm/linux/./lib/crypto/arm/sha1.h': File exists
cp: cannot create regular file '/dev/shm/linux/./lib/crypto/arm/sha256-armv4.pl': File exists
cp: cannot create regular file '/dev/shm/linux/./lib/crypto/arm/sha512-armv4.pl': File exists
cp: cannot create regular file '/dev/shm/linux/./lib/crypto/mpi/generic_mpih-mul1.c': File exists
cp: cannot create regular file '/dev/shm/linux/./lib/crypto/mpi/generic_mpih-mul3.c': File exists
cp: cannot create regular file '/dev/shm/linux/./lib/crypto/mpi/generic_mpih-rshift.c': File exists
cp: cannot create regular file '/dev/shm/linux/./lib/crypto/mpi/longlong.h': File exists
cp: cannot create regular file '/dev/shm/linux/./lib/crypto/mpi/mpi-bit.c': File exists
cp: cannot create regular file '/dev/shm/linux/./lib/crypto/mpi/mpi-div.c': File exists
cp: cannot create regular file '/dev/shm/linux/./lib/crypto/mpi/mpi-internal.h': File exists
cp: cannot create regular file '/dev/shm/linux/./lib/crypto/mpi/mpi-mul.c': File exists
cp: cannot create regular file '/dev/shm/linux/./lib/crypto/mpi/mpi-sub-ui.c': File exists
cp: cannot create regular file '/dev/shm/linux/./lib/crypto/mpi/mpih-cmp.c': File exists
cp: cannot create regular file '/dev/shm/linux/./lib/crypto/mpi/mpih-mul.c': File exists
cp: cannot create regular file '/dev/shm/linux/./lib/crypto/mpi/mpiutil.c': File exists
cp: cannot create regular file '/dev/shm/linux/./lib/crypto/poly1305-donna32.c': File exists
cp: cannot create regular file '/dev/shm/linux/./lib/crypto/powerpc/.gitignore': File exists
cp: cannot create regular file '/dev/shm/linux/./lib/crypto/powerpc/aes-spe-keys.S': File exists
cp: cannot create regular file '/dev/shm/linux/./lib/crypto/powerpc/aes-spe-regs.h': File exists
cp: cannot create regular file '/dev/shm/linux/./lib/crypto/powerpc/aesp8-ppc.pl': File exists
cp: cannot create regular file '/dev/shm/linux/./lib/crypto/powerpc/chacha.h': File exists
cp: cannot create regular file '/dev/shm/linux/./lib/crypto/powerpc/curve25519.h': File exists
cp: cannot create regular file '/dev/shm/linux/./lib/crypto/powerpc/ghashp8-ppc.pl': File exists
cp: cannot create regular file '/dev/shm/linux/./lib/crypto/powerpc/md5.h': File exists
cp: cannot create regular file '/dev/shm/linux/./lib/crypto/powerpc/poly1305.h': File exists
cp: cannot create regular file '/dev/shm/linux/./lib/crypto/powerpc/sha1-spe-asm.S': File exists
cp: cannot create regular file '/dev/shm/linux/./lib/crypto/powerpc/sha256-spe-asm.S': File exists
cp: cannot create regular file '/dev/shm/linux/./lib/crypto/riscv/.gitignore': File exists
cp: cannot create regular file '/dev/shm/linux/./lib/crypto/riscv/aes.h': File exists
cp: cannot create regular file '/dev/shm/linux/./lib/crypto/riscv/chacha.h': File exists
cp: cannot create regular file '/dev/shm/linux/./lib/crypto/riscv/ghash-riscv64-zvkg.S': File exists
cp: cannot create regular file '/dev/shm/linux/./lib/crypto/riscv/poly1305.h': File exists
cp: cannot create regular file '/dev/shm/linux/./lib/crypto/riscv/sha256-riscv64-zvknha_or_zvknhb-zvkb.S': File exists
cp: cannot create regular file '/dev/shm/linux/./lib/crypto/riscv/sha512-riscv64-zvknhb-zvkb.S': File exists
cp: cannot create regular file '/dev/shm/linux/./lib/crypto/riscv/sm3-riscv64-zvksh-zvkb.S': File exists
cp: cannot create regular file '/dev/shm/linux/./lib/crypto/s390/aes.h': File exists
cp: cannot create regular file '/dev/shm/linux/./lib/crypto/s390/chacha-s390.h': File exists
cp: cannot create regular file '/dev/shm/linux/./lib/crypto/s390/gf128hash.h': File exists
cp: cannot create regular file '/dev/shm/linux/./lib/crypto/s390/sha256.h': File exists
cp: cannot create regular file '/dev/shm/linux/./lib/crypto/s390/sha512.h': File exists
cp: cannot create regular file '/dev/shm/linux/./lib/crypto/sha256.c': File exists
cp: cannot create regular file '/dev/shm/linux/./lib/crypto/sha512.c': File exists
cp: cannot create regular file '/dev/shm/linux/./lib/crypto/sm3.c': File exists
cp: cannot create regular file '/dev/shm/linux/./lib/crypto/tests/chacha20poly1305_kunit.c': File exists
cp: cannot create regular file '/dev/shm/linux/./lib/crypto/tests/ghash_kunit.c': File exists
cp: cannot create regular file '/dev/shm/linux/./lib/crypto/tests/md5-testvecs.h': File exists
cp: cannot create regular file '/dev/shm/linux/./lib/crypto/tests/md5_kunit.c': File exists
cp: cannot create regular file '/dev/shm/linux/./lib/crypto/tests/nh_kunit.c': File exists
cp: cannot create regular file '/dev/shm/linux/./lib/crypto/tests/poly1305_kunit.c': File exists
cp: cannot create regular file '/dev/shm/linux/./lib/crypto/tests/polyval_kunit.c': File exists
cp: cannot create regular file '/dev/shm/linux/./lib/crypto/tests/sha1_kunit.c': File exists
cp: cannot create regular file '/dev/shm/linux/./lib/crypto/tests/sha224_kunit.c': File exists
cp: cannot create regular file '/dev/shm/linux/./lib/crypto/tests/sha256-testvecs.h': File exists
cp: cannot create regular file '/dev/shm/linux/./lib/crypto/tests/sha3-testvecs.h': File exists
cp: cannot create regular file '/dev/shm/linux/./lib/crypto/tests/sha384_kunit.c': File exists
cp: cannot create regular file '/dev/shm/linux/./lib/crypto/tests/sha512-testvecs.h': File exists
cp: cannot create regular file '/dev/shm/linux/./lib/crypto/tests/sm3-testvecs.h': File exists
cp: cannot create regular file '/dev/shm/linux/./lib/crypto/x86/aes-aesni.S': File exists
cp: cannot create regular file '/dev/shm/linux/./lib/crypto/x86/blake2s.h': File exists
cp: cannot create regular file '/dev/shm/linux/./lib/crypto/x86/chacha-avx512vl-x86_64.S': File exists
cp: cannot create regular file '/dev/shm/linux/./lib/crypto/x86/nh-avx2.S': File exists
cp: cannot create regular file '/dev/shm/linux/./lib/crypto/x86/nh.h': File exists
cp: cannot create regular file '/dev/shm/linux/./lib/crypto/x86/sha1-avx2-asm.S': File exists
cp: cannot create regular file '/dev/shm/linux/./lib/crypto/x86/sha1-ssse3-and-avx.S': File exists
cp: cannot create regular file '/dev/shm/linux/./lib/crypto/x86/sha256-avx-asm.S': File exists
cp: cannot create regular file '/dev/shm/linux/./lib/crypto/x86/sha256-ni-asm.S': File exists
cp: cannot create regular file '/dev/shm/linux/./lib/crypto/x86/sha512-avx2-asm.S': File exists
cp: cannot create regular file '/dev/shm/linux/./lib/crypto/x86/sha512.h': File exists
cp: cannot create regular file '/dev/shm/linux/./lib/crypto/x86/sm3.h': File exists
cp: cannot create regular file '/dev/shm/linux/./lib/debug_info.c': File exists
cp: cannot create regular file '/dev/shm/linux/./lib/debugobjects.c': File exists
cp: cannot create regular file '/dev/shm/linux/./lib/decompress_bunzip2.c': File exists
cp: cannot create regular file '/dev/shm/linux/./lib/decompress_unlz4.c': File exists
cp: cannot create regular file '/dev/shm/linux/./lib/decompress_unlzo.c': File exists
cp: cannot create regular file '/dev/shm/linux/./lib/decompress_unzstd.c': File exists
cp: cannot create regular file '/dev/shm/linux/./lib/devres.c': File exists
cp: cannot create regular file '/dev/shm/linux/./lib/dhry_1.c': File exists
cp: cannot create regular file '/dev/shm/linux/./lib/dhry_run.c': File exists
cp: cannot create regular file '/dev/shm/linux/./lib/dim/dim.c': File exists
cp: cannot create regular file '/dev/shm/linux/./lib/dim/net_dim.c': File exists
cp: cannot create regular file '/dev/shm/linux/./lib/dynamic_debug.c': File exists
cp: cannot create regular file '/dev/shm/linux/./lib/earlycpio.c': File exists
cp: cannot create regular file '/dev/shm/linux/./lib/error-inject.c': File exists
cp: cannot create regular file '/dev/shm/linux/./lib/extable.c': File exists
cp: cannot create regular file '/dev/shm/linux/./lib/fault-inject.c': File exists
cp: cannot create regular file '/dev/shm/linux/./lib/fdt_addresses.c': File exists
cp: cannot create regular file '/dev/shm/linux/./lib/fdt_ro.c': File exists
cp: cannot create regular file '/dev/shm/linux/./lib/fdt_strerror.c': File exists
cp: cannot create regular file '/dev/shm/linux/./lib/fdt_wip.c': File exists
cp: cannot create regular file '/dev/shm/linux/./lib/find_bit_benchmark.c': File exists
cp: cannot create regular file '/dev/shm/linux/./lib/flex_proportions.c': File exists
cp: cannot create regular file '/dev/shm/linux/./lib/kstrtox.c': File exists
cp: cannot create regular file '/dev/shm/linux/./lib/kunit/.kunitconfig': File exists
cp: cannot create regular file '/dev/shm/linux/./lib/kunit/Makefile': File exists
cp: cannot create regular file '/dev/shm/linux/./lib/kunit/assert.c': File exists
cp: cannot create regular file '/dev/shm/linux/./lib/kunit/attributes.c': File exists
cp: cannot create regular file '/dev/shm/linux/./lib/kunit/debugfs.h': File exists
cp: cannot create regular file '/dev/shm/linux/./lib/kunit/device.c': File exists
cp: cannot create regular file '/dev/shm/linux/./lib/kunit/executor_test.c': File exists
cp: cannot create regular file '/dev/shm/linux/./lib/kunit/hooks.c': File exists
cp: cannot create regular file '/dev/shm/linux/./lib/kunit/kunit-example-test.c': File exists
cp: cannot create regular file '/dev/shm/linux/./lib/kunit/resource.c': File exists
cp: cannot create regular file '/dev/shm/linux/./lib/kunit/string-stream-test.c': File exists
cp: cannot create regular file '/dev/shm/linux/./lib/kunit/string-stream.h': File exists
cp: cannot create regular file '/dev/shm/linux/./lib/kunit/try-catch-impl.h': File exists
cp: cannot create regular file '/dev/shm/linux/./lib/kunit/user_alloc.c': File exists
cp: cannot create regular file '/dev/shm/linux/./lib/list_debug.c': File exists
cp: cannot create regular file '/dev/shm/linux/./lib/list_sort.c': File exists
cp: cannot create regular file '/dev/shm/linux/./lib/locking-selftest-rlock-hardirq.h': File exists
cp: cannot create regular file '/dev/shm/linux/./lib/locking-selftest-rlock-softirq.h': File exists
cp: cannot create regular file '/dev/shm/linux/./lib/locking-selftest-rsem.h': File exists
cp: cannot create regular file '/dev/shm/linux/./lib/locking-selftest-softirq.h': File exists
cp: cannot create regular file '/dev/shm/linux/./lib/locking-selftest-spin-softirq.h': File exists
cp: cannot create regular file '/dev/shm/linux/./lib/locking-selftest-spin.h': File exists
cp: cannot create regular file '/dev/shm/linux/./lib/locking-selftest-wlock.h': File exists
cp: cannot create regular file '/dev/shm/linux/./lib/logic_pio.c': File exists
cp: cannot create regular file '/dev/shm/linux/./lib/lshrdi3.c': File exists
cp: cannot create regular file '/dev/shm/linux/./lib/lwq.c': File exists
cp: cannot create regular file '/dev/shm/linux/./lib/percpu_test.c': File exists
cp: cannot create regular file '/dev/shm/linux/./lib/radix-tree.h': File exists
cp: cannot create regular file '/dev/shm/linux/./lib/raid/.kunitconfig': File exists
cp: cannot create regular file '/dev/shm/linux/./lib/raid/Kconfig': File exists
cp: cannot create regular file '/dev/shm/linux/./lib/sg_pool.c': File exists
cp: cannot create regular file '/dev/shm/linux/./lib/siphash.c': File exists
cp: cannot create regular file '/dev/shm/linux/./lib/sort.c': File exists
cp: cannot create regular file '/dev/shm/linux/./lib/stackdepot.c': File exists
cp: cannot create regular file '/dev/shm/linux/./lib/string_helpers.c': File exists
cp: cannot create regular file '/dev/shm/linux/./lib/strnlen_user.c': File exists
cp: cannot create regular file '/dev/shm/linux/./lib/syscall.c': File exists
cp: cannot create regular file '/dev/shm/linux/./lib/test_bitmap.c': File exists
cp: cannot create regular file '/dev/shm/linux/./lib/test_debug_virtual.c': File exists
cp: cannot create regular file '/dev/shm/linux/./lib/test_firmware.c': File exists
cp: cannot create regular file '/dev/shm/linux/./lib/test_sysctl.c': File exists
cp: cannot create regular file '/dev/shm/linux/./lib/test_vmalloc.c': File exists
cp: cannot create regular file '/dev/shm/linux/./lib/test_xarray.c': File exists
cp: cannot create regular file '/dev/shm/linux/./lib/zlib_dfltcc/dfltcc_inflate.c': File exists
cp: cannot create regular file '/dev/shm/linux/./lib/zlib_dfltcc/dfltcc_util.h': File exists
cp: cannot create regular file '/dev/shm/linux/./lib/zstd/common/error_private.h': File exists
cp: cannot create regular file '/dev/shm/linux/./lib/zstd/common/fse_decompress.c': File exists
cp: cannot create regular file '/dev/shm/linux/./lib/zstd/common/mem.h': File exists
cp: cannot create regular file '/dev/shm/linux/./lib/zstd/common/zstd_common.c': File exists
cp: cannot create regular file '/dev/shm/linux/./lib/zstd/common/zstd_internal.h': File exists
cp: cannot create regular file '/dev/shm/linux/./mm/damon/modules-common.h': File exists
cp: cannot create regular file '/dev/shm/linux/./mm/damon/ops-common.h': File exists
cp: cannot create regular file '/dev/shm/linux/./mm/damon/reclaim.c': File exists
cp: cannot create regular file '/dev/shm/linux/./mm/damon/sysfs-common.c': File exists
cp: cannot create regular file '/dev/shm/linux/./mm/damon/sysfs-schemes.c': File exists
cp: cannot create regular file '/dev/shm/linux/./mm/damon/tests/core-kunit.h': File exists
cp: cannot create regular file '/dev/shm/linux/./mm/damon/tests/vaddr-kunit.h': File exists
cp: cannot create regular file '/dev/shm/linux/./mm/debug_page_ref.c': File exists
cp: cannot create regular file '/dev/shm/linux/./mm/dmapool.c': File exists
cp: cannot create regular file '/dev/shm/linux/./mm/early_ioremap.c': File exists
cp: cannot create regular file '/dev/shm/linux/./mm/fadvise.c': File exists
cp: cannot create regular file '/dev/shm/linux/./mm/failslab.c': File exists
cp: cannot create regular file '/dev/shm/linux/./mm/hmm.c': File exists
cp: cannot create regular file '/dev/shm/linux/./mm/hugetlb_internal.h': File exists
cp: cannot create regular file '/dev/shm/linux/./mm/hugetlb_sysfs.c': File exists
cp: cannot create regular file '/dev/shm/linux/./mm/hugetlb_vmemmap.h': File exists
cp: cannot create regular file '/dev/shm/linux/./mm/init-mm.c': File exists
cp: cannot create regular file '/dev/shm/linux/./mm/interval_tree.c': File exists
cp: cannot create regular file '/dev/shm/linux/./mm/kasan/Makefile': File exists
cp: cannot create regular file '/dev/shm/linux/./mm/kasan/common.c': File exists
cp: cannot create regular file '/dev/shm/linux/./mm/kasan/hw_tags.c': File exists
cp: cannot create regular file '/dev/shm/linux/./mm/kasan/kasan_test_c.c': File exists
cp: cannot create regular file '/dev/shm/linux/./mm/kasan/quarantine.c': File exists
cp: cannot create regular file '/dev/shm/linux/./mm/kasan/report_generic.c': File exists
cp: cannot create regular file '/dev/shm/linux/./mm/kasan/report_sw_tags.c': File exists
cp: cannot create regular file '/dev/shm/linux/./mm/kasan/shadow.c': File exists
cp: cannot create regular file '/dev/shm/linux/./mm/kasan/tags.c': File exists
cp: cannot create regular file '/dev/shm/linux/./mm/kmsan/init.c': File exists
cp: cannot create regular file '/dev/shm/linux/./mm/kmsan/instrumentation.c': File exists
cp: cannot create regular file '/dev/shm/linux/./mm/kmsan/kmsan_test.c': File exists
cp: cannot create regular file '/dev/shm/linux/./mm/kmsan/shadow.c': File exists
cp: cannot create regular file '/dev/shm/linux/./mm/madvise.c': File exists
cp: cannot create regular file '/dev/shm/linux/./mm/memblock.c': File exists
cp: cannot create regular file '/dev/shm/linux/./mm/memcontrol-v1.h': File exists
cp: cannot create regular file '/dev/shm/linux/./mm/memfd_luo.c': File exists
cp: cannot create regular file '/dev/shm/linux/./mm/memtest.c': File exists
cp: cannot create regular file '/dev/shm/linux/./mm/migrate.c': File exists
cp: cannot create regular file '/dev/shm/linux/./mm/mm_init.c': File exists
cp: cannot create regular file '/dev/shm/linux/./mm/mmap.c': File exists
cp: cannot create regular file '/dev/shm/linux/./mm/mmu_notifier.c': File exists
cp: cannot create regular file '/dev/shm/linux/./mm/mprotect.c': File exists
cp: cannot create regular file '/dev/shm/linux/./mm/numa.c': File exists
cp: cannot create regular file '/dev/shm/linux/./mm/page_frag_cache.c': File exists
cp: cannot create regular file '/dev/shm/linux/./mm/page_io.c': File exists
cp: cannot create regular file '/dev/shm/linux/./mm/page_owner.c': File exists
cp: cannot create regular file '/dev/shm/linux/./mm/page_reporting.c': File exists
cp: cannot create regular file '/dev/shm/linux/./mm/page_table_check.c': File exists
cp: cannot create regular file '/dev/shm/linux/./mm/pagewalk.c': File exists
cp: cannot create regular file '/dev/shm/linux/./mm/percpu-km.c': File exists
cp: cannot create regular file '/dev/shm/linux/./mm/percpu-vm.c': File exists
cp: cannot create regular file '/dev/shm/linux/./mm/ptdump.c': File exists
cp: cannot create regular file '/dev/shm/linux/./mm/rmap.c': File exists
cp: cannot create regular file '/dev/shm/linux/./mm/secretmem.c': File exists
cp: cannot create regular file '/dev/shm/linux/./mm/show_mem.c': File exists
cp: cannot create regular file '/dev/shm/linux/./mm/shrinker_debug.c': File exists
cp: cannot create regular file '/dev/shm/linux/./mm/shuffle.c': File exists
cp: cannot create regular file '/dev/shm/linux/./mm/slab.h': File exists
cp: cannot create regular file '/dev/shm/linux/./mm/swap.h': File exists
cp: cannot create regular file '/dev/shm/linux/./mm/swap_state.c': File exists
cp: cannot create regular file '/dev/shm/linux/./mm/swapfile.c': File exists
cp: cannot create regular file '/dev/shm/linux/./mm/usercopy.c': File exists
cp: cannot create regular file '/dev/shm/linux/./mm/vma_init.c': File exists
cp: cannot create regular file '/dev/shm/linux/./mm/vmalloc.c': File exists
cp: cannot create regular file '/dev/shm/linux/./mm/zpdesc.h': File exists
cp: cannot create regular file '/dev/shm/linux/./mm/zswap.c': File exists
cp: cannot create directory '/dev/shm/linux/./net/802': File exists
cp: cannot create directory '/dev/shm/linux/./net/8021q': File exists
cp: cannot create directory '/dev/shm/linux/./net/9p': File exists
cp: cannot create regular file '/dev/shm/linux/./net/atm/atm_sysfs.c': File exists
cp: cannot create regular file '/dev/shm/linux/./net/atm/common.c': File exists
cp: cannot create regular file '/dev/shm/linux/./net/atm/ioctl.c': File exists
cp: cannot create regular file '/dev/shm/linux/./net/atm/proc.c': File exists
cp: cannot create regular file '/dev/shm/linux/./net/atm/svc.c': File exists
cp: cannot create regular file '/dev/shm/linux/./net/batman-adv/Kconfig': File exists
cp: cannot create regular file '/dev/shm/linux/./net/batman-adv/bat_algo.h': File exists
cp: cannot create regular file '/dev/shm/linux/./net/batman-adv/bat_iv_ogm.h': File exists
cp: cannot create regular file '/dev/shm/linux/./net/batman-adv/bat_v.h': File exists
cp: cannot create regular file '/dev/shm/linux/./net/batman-adv/bat_v_elp.c': File exists
cp: cannot create regular file '/dev/shm/linux/./net/batman-adv/bat_v_ogm.h': File exists
cp: cannot create regular file '/dev/shm/linux/./net/batman-adv/bitarray.h': File exists
cp: cannot create regular file '/dev/shm/linux/./net/batman-adv/bridge_loop_avoidance.h': File exists
cp: cannot create regular file '/dev/shm/linux/./net/batman-adv/distributed-arp-table.h': File exists
cp: cannot create regular file '/dev/shm/linux/./net/batman-adv/fragmentation.c': File exists
cp: cannot create regular file '/dev/shm/linux/./net/batman-adv/gateway_client.c': File exists
cp: cannot create regular file '/dev/shm/linux/./net/batman-adv/gateway_common.c': File exists
cp: cannot create regular file '/dev/shm/linux/./net/batman-adv/hard-interface.c': File exists
cp: cannot create regular file '/dev/shm/linux/./net/batman-adv/hash.c': File exists
cp: cannot create regular file '/dev/shm/linux/./net/batman-adv/log.c': File exists
cp: cannot create regular file '/dev/shm/linux/./net/batman-adv/main.c': File exists
cp: cannot create regular file '/dev/shm/linux/./net/batman-adv/mesh-interface.c': File exists
cp: cannot create regular file '/dev/shm/linux/./net/batman-adv/multicast.c': File exists
cp: cannot create regular file '/dev/shm/linux/./net/batman-adv/multicast_forw.c': File exists
cp: cannot create regular file '/dev/shm/linux/./net/batman-adv/netlink.h': File exists
cp: cannot create regular file '/dev/shm/linux/./net/batman-adv/originator.h': File exists
cp: cannot create regular file '/dev/shm/linux/./net/batman-adv/routing.h': File exists
cp: cannot create regular file '/dev/shm/linux/./net/batman-adv/send.c': File exists
cp: cannot create regular file '/dev/shm/linux/./net/batman-adv/tp_meter.c': File exists
cp: cannot create regular file '/dev/shm/linux/./net/batman-adv/trace.c': File exists
cp: cannot create regular file '/dev/shm/linux/./net/batman-adv/translation-table.c': File exists
cp: cannot create regular file '/dev/shm/linux/./net/batman-adv/tvlv.c': File exists
cp: cannot create directory '/dev/shm/linux/./net/bluetooth': File exists
cp: cannot create regular file '/dev/shm/linux/./net/bridge/netfilter/ebt_stp.c': File exists
cp: cannot create regular file '/dev/shm/linux/./net/bridge/netfilter/ebtable_broute.c': File exists
cp: cannot create regular file '/dev/shm/linux/./net/bridge/netfilter/ebtable_nat.c': File exists
cp: cannot create regular file '/dev/shm/linux/./net/bridge/netfilter/nf_conntrack_bridge.c': File exists
cp: cannot create regular file '/dev/shm/linux/./net/bridge/netfilter/nft_reject_bridge.c': File exists
cp: cannot create regular file '/dev/shm/linux/./net/can/Kconfig': File exists
cp: cannot create regular file '/dev/shm/linux/./net/can/af_can.c': File exists
cp: cannot create regular file '/dev/shm/linux/./net/can/gw.c': File exists
cp: cannot create directory '/dev/shm/linux/./net/can/j1939': File exists
cp: cannot create regular file '/dev/shm/linux/./net/ceph/auth_x.h': File exists
cp: cannot create regular file '/dev/shm/linux/./net/ceph/buffer.c': File exists
cp: cannot create regular file '/dev/shm/linux/./net/ceph/ceph_hash.c': File exists
cp: cannot create regular file '/dev/shm/linux/./net/ceph/cls_lock_client.c': File exists
cp: cannot create regular file '/dev/shm/linux/./net/ceph/crush/crush_ln_table.h': File exists
cp: cannot create regular file '/dev/shm/linux/./net/ceph/crush/mapper.c': File exists
cp: cannot create regular file '/dev/shm/linux/./net/ceph/crypto.h': File exists
cp: cannot create regular file '/dev/shm/linux/./net/ceph/decode.c': File exists
cp: cannot create regular file '/dev/shm/linux/./net/ceph/messenger_v1.c': File exists
cp: cannot create regular file '/dev/shm/linux/./net/ceph/mon_client.c': File exists
cp: cannot create regular file '/dev/shm/linux/./net/ceph/osdmap.c': File exists
cp: cannot create regular file '/dev/shm/linux/./net/ceph/snapshot.c': File exists
cp: cannot create regular file '/dev/shm/linux/./net/ceph/striper.c': File exists
cp: cannot create directory '/dev/shm/linux/./net/core': File exists
cp: cannot create regular file '/dev/shm/linux/./net/ethtool/cabletest.c': File exists
cp: cannot create regular file '/dev/shm/linux/./net/ethtool/cmis.h': File exists
cp: cannot create regular file '/dev/shm/linux/./net/ethtool/cmis_fw_update.c': File exists
cp: cannot create regular file '/dev/shm/linux/./net/ethtool/common.c': File exists
cp: cannot create regular file '/dev/shm/linux/./net/ethtool/eee.c': File exists
cp: cannot create regular file '/dev/shm/linux/./net/ethtool/features.c': File exists
cp: cannot create regular file '/dev/shm/linux/./net/ethtool/ioctl.c': File exists
cp: cannot create regular file '/dev/shm/linux/./net/ethtool/linkmodes.c': File exists
cp: cannot create regular file '/dev/shm/linux/./net/ethtool/mm.c': File exists
cp: cannot create regular file '/dev/shm/linux/./net/ethtool/module_fw.h': File exists
cp: cannot create regular file '/dev/shm/linux/./net/ethtool/netlink.c': File exists
cp: cannot create regular file '/dev/shm/linux/./net/ethtool/pause.c': File exists
cp: cannot create regular file '/dev/shm/linux/./net/ethtool/phc_vclocks.c': File exists
cp: cannot create regular file '/dev/shm/linux/./net/ethtool/plca.c': File exists
cp: cannot create regular file '/dev/shm/linux/./net/ethtool/privflags.c': File exists
cp: cannot create regular file '/dev/shm/linux/./net/ethtool/pse-pd.c': File exists
cp: cannot create regular file '/dev/shm/linux/./net/ethtool/rss.c': File exists
cp: cannot create regular file '/dev/shm/linux/./net/ethtool/stats.c': File exists
cp: cannot create regular file '/dev/shm/linux/./net/ethtool/strset.c': File exists
cp: cannot create regular file '/dev/shm/linux/./net/ethtool/ts.h': File exists
cp: cannot create regular file '/dev/shm/linux/./net/ethtool/tsconfig.c': File exists
cp: cannot create regular file '/dev/shm/linux/./net/ethtool/tsinfo.c': File exists
cp: cannot create regular file '/dev/shm/linux/./net/ethtool/tunnels.c': File exists
cp: cannot create directory '/dev/shm/linux/./net/handshake': File exists
cp: cannot create regular file '/dev/shm/linux/./net/ieee802154/header_ops.c': File exists
cp: cannot create regular file '/dev/shm/linux/./net/ieee802154/netlink.c': File exists
cp: cannot create regular file '/dev/shm/linux/./net/ieee802154/nl-phy.c': File exists
cp: cannot create regular file '/dev/shm/linux/./net/ieee802154/nl802154.h': File exists
cp: cannot create regular file '/dev/shm/linux/./net/ieee802154/pan.c': File exists
cp: cannot create regular file '/dev/shm/linux/./net/ieee802154/rdev-ops.h': File exists
cp: cannot create regular file '/dev/shm/linux/./net/ieee802154/sysfs.c': File exists
cp: cannot create regular file '/dev/shm/linux/./net/ieee802154/sysfs.h': File exists
cp: cannot create regular file '/dev/shm/linux/./net/ieee802154/trace.c': File exists
cp: cannot create regular file '/dev/shm/linux/./net/ieee802154/trace.h': File exists
cp: cannot create directory '/dev/shm/linux/./net/ife': File exists
cp: cannot create directory '/dev/shm/linux/./net/ipv4': File exists
cp: cannot create regular file '/dev/shm/linux/./net/lapb/lapb_out.c': File exists
cp: cannot create regular file '/dev/shm/linux/./net/lapb/lapb_timer.c': File exists
cp: cannot create regular file '/dev/shm/linux/./net/llc/Makefile': File exists
cp: cannot create regular file '/dev/shm/linux/./net/llc/llc_c_ac.c': File exists
cp: cannot create regular file '/dev/shm/linux/./net/llc/llc_c_st.c': File exists
cp: cannot create regular file '/dev/shm/linux/./net/llc/llc_core.c': File exists
cp: cannot create regular file '/dev/shm/linux/./net/llc/llc_input.c': File exists
cp: cannot create regular file '/dev/shm/linux/./net/llc/llc_proc.c': File exists
cp: cannot create regular file '/dev/shm/linux/./net/llc/llc_s_st.c': File exists
cp: cannot create regular file '/dev/shm/linux/./net/llc/llc_station.c': File exists
cp: cannot create regular file '/dev/shm/linux/./net/mac80211/Kconfig': File exists
cp: cannot create regular file '/dev/shm/linux/./net/mac80211/aead_api.c': File exists
cp: cannot create regular file '/dev/shm/linux/./net/mac80211/aes_ccm.h': File exists
cp: cannot create regular file '/dev/shm/linux/./net/mac80211/aes_cmac.h': File exists
cp: cannot create regular file '/dev/shm/linux/./net/mac80211/aes_gmac.c': File exists
cp: cannot create regular file '/dev/shm/linux/./net/mac80211/agg-rx.c': File exists
cp: cannot create regular file '/dev/shm/linux/./net/mac80211/airtime.c': File exists
cp: cannot create regular file '/dev/shm/linux/./net/mac80211/chan.c': File exists
cp: cannot create regular file '/dev/shm/linux/./net/mac80211/debugfs.c': File exists
cp: cannot create regular file '/dev/shm/linux/./net/mac80211/debugfs_key.h': File exists
cp: cannot create regular file '/dev/shm/linux/./net/mac80211/debugfs_netdev.h': File exists
cp: cannot create regular file '/dev/shm/linux/./net/mac80211/debugfs_sta.c': File exists
cp: cannot create regular file '/dev/shm/linux/./net/mac80211/driver-ops.h': File exists
cp: cannot create regular file '/dev/shm/linux/./net/mac80211/eht.c': File exists
cp: cannot create regular file '/dev/shm/linux/./net/mac80211/fils_aead.c': File exists
cp: cannot create regular file '/dev/shm/linux/./net/mac80211/he.c': File exists
cp: cannot create regular file '/dev/shm/linux/./net/mac80211/ibss.c': File exists
cp: cannot create regular file '/dev/shm/linux/./net/mac80211/iface.c': File exists
cp: cannot create regular file '/dev/shm/linux/./net/mac80211/key.h': File exists
cp: cannot create regular file '/dev/shm/linux/./net/mac80211/led.h': File exists
cp: cannot create regular file '/dev/shm/linux/./net/mac80211/main.c': File exists
cp: cannot create regular file '/dev/shm/linux/./net/mac80211/mesh.h': File exists
cp: cannot create regular file '/dev/shm/linux/./net/mac80211/mesh_pathtbl.c': File exists
cp: cannot create regular file '/dev/shm/linux/./net/mac80211/mesh_ps.c': File exists
cp: cannot create regular file '/dev/shm/linux/./net/mac80211/mlme.c': File exists
cp: cannot create regular file '/dev/shm/linux/./net/mac80211/ocb.c': File exists
cp: cannot create regular file '/dev/shm/linux/./net/mac80211/parse.c': File exists
cp: cannot create regular file '/dev/shm/linux/./net/mac80211/pm.c': File exists
cp: cannot create regular file '/dev/shm/linux/./net/mac80211/rc80211_minstrel_ht.c': File exists
cp: cannot create regular file '/dev/shm/linux/./net/mac80211/rc80211_minstrel_ht_debugfs.c': File exists
cp: cannot create regular file '/dev/shm/linux/./net/mac80211/s1g.c': File exists
cp: cannot create regular file '/dev/shm/linux/./net/mac80211/spectmgmt.c': File exists
cp: cannot create regular file '/dev/shm/linux/./net/mac80211/sta_info.h': File exists
cp: cannot create regular file '/dev/shm/linux/./net/mac80211/tdls.c': File exists
cp: cannot create regular file '/dev/shm/linux/./net/mac80211/tests/Makefile': File exists
cp: cannot create regular file '/dev/shm/linux/./net/mac80211/tests/elems.c': File exists
cp: cannot create regular file '/dev/shm/linux/./net/mac80211/tests/mfp.c': File exists
cp: cannot create regular file '/dev/shm/linux/./net/mac80211/tests/s1g_tim.c': File exists
cp: cannot create regular file '/dev/shm/linux/./net/mac80211/tests/util.c': File exists
cp: cannot create regular file '/dev/shm/linux/./net/mac80211/tkip.c': File exists
cp: cannot create regular file '/dev/shm/linux/./net/mac80211/trace.c': File exists
cp: cannot create regular file '/dev/shm/linux/./net/mac80211/trace_msg.h': File exists
cp: cannot create regular file '/dev/shm/linux/./net/mac80211/uhr.c': File exists
cp: cannot create regular file '/dev/shm/linux/./net/mac80211/vht.c': File exists
cp: cannot create regular file '/dev/shm/linux/./net/mac80211/wep.h': File exists
cp: cannot create regular file '/dev/shm/linux/./net/mac80211/wme.h': File exists
cp: cannot create regular file '/dev/shm/linux/./net/mac80211/wpa.h': File exists
cp: cannot create regular file '/dev/shm/linux/./net/mac802154/Makefile': File exists
cp: cannot create regular file '/dev/shm/linux/./net/mac802154/cfg.h': File exists
cp: cannot create regular file '/dev/shm/linux/./net/mac802154/ieee802154_i.h': File exists
cp: cannot create regular file '/dev/shm/linux/./net/mac802154/llsec.c': File exists
cp: cannot create regular file '/dev/shm/linux/./net/mac802154/mac_cmd.c': File exists
cp: cannot create regular file '/dev/shm/linux/./net/mac802154/mib.c': File exists
cp: cannot create regular file '/dev/shm/linux/./net/mac802154/scan.c': File exists
cp: cannot create regular file '/dev/shm/linux/./net/mac802154/trace.h': File exists
cp: cannot create regular file '/dev/shm/linux/./net/mac802154/util.c': File exists
cp: cannot create regular file '/dev/shm/linux/./net/mctp/Kconfig': File exists
cp: cannot create regular file '/dev/shm/linux/./net/mctp/af_mctp.c': File exists
cp: cannot create regular file '/dev/shm/linux/./net/mctp/neigh.c': File exists
cp: cannot create directory '/dev/shm/linux/./net/mctp/test': File exists
cp: cannot create regular file '/dev/shm/linux/./net/mpls/mpls_gso.c': File exists
cp: cannot create directory '/dev/shm/linux/./net/mptcp': File exists
cp: cannot create regular file '/dev/shm/linux/./net/netfilter/ipset/ip_set_hash_ipmark.c': File exists
cp: cannot create regular file '/dev/shm/linux/./net/netfilter/ipset/ip_set_hash_ipportip.c': File exists
cp: cannot create regular file '/dev/shm/linux/./net/netfilter/ipset/ip_set_hash_mac.c': File exists
cp: cannot create regular file '/dev/shm/linux/./net/netfilter/ipset/ip_set_hash_netiface.c': File exists
cp: cannot create regular file '/dev/shm/linux/./net/netfilter/ipset/ip_set_hash_netport.c': File exists
cp: cannot create regular file '/dev/shm/linux/./net/netfilter/ipset/ip_set_list_set.c': File exists
cp: cannot create directory '/dev/shm/linux/./net/netfilter/ipvs': File exists
cp: cannot create regular file '/dev/shm/linux/./net/netfilter/nf_conntrack_tftp.c': File exists
cp: cannot create regular file '/dev/shm/linux/./net/netfilter/nf_conntrack_timeout.c': File exists
cp: cannot create regular file '/dev/shm/linux/./net/netfilter/nf_dup_netdev.c': File exists
cp: cannot create regular file '/dev/shm/linux/./net/netfilter/nf_flow_table_offload.c': File exists
cp: cannot create regular file '/dev/shm/linux/./net/netfilter/nf_log.c': File exists
cp: cannot create regular file '/dev/shm/linux/./net/netfilter/nf_log_syslog.c': File exists
cp: cannot create regular file '/dev/shm/linux/./net/netfilter/nf_nat_amanda.c': File exists
cp: cannot create regular file '/dev/shm/linux/./net/netfilter/nf_nat_core.c': File exists
cp: cannot create regular file '/dev/shm/linux/./net/netfilter/nf_nat_irc.c': File exists
cp: cannot create regular file '/dev/shm/linux/./net/netfilter/nf_nat_ovs.c': File exists
cp: cannot create regular file '/dev/shm/linux/./net/netfilter/nf_nat_redirect.c': File exists
cp: cannot create regular file '/dev/shm/linux/./net/netfilter/nf_nat_sip.c': File exists
cp: cannot create regular file '/dev/shm/linux/./net/netfilter/nf_queue.c': File exists
cp: cannot create regular file '/dev/shm/linux/./net/netfilter/nf_synproxy_core.c': File exists
cp: cannot create regular file '/dev/shm/linux/./net/netfilter/nf_tables_core.c': File exists
cp: cannot create regular file '/dev/shm/linux/./net/netfilter/nf_tables_offload.c': File exists
cp: cannot create regular file '/dev/shm/linux/./net/netfilter/nfnetlink.c': File exists
cp: cannot create regular file '/dev/shm/linux/./net/netfilter/nfnetlink_cthelper.c': File exists
cp: cannot create regular file '/dev/shm/linux/./net/netfilter/nfnetlink_hook.c': File exists
cp: cannot create regular file '/dev/shm/linux/./net/netfilter/nfnetlink_osf.c': File exists
cp: cannot create regular file '/dev/shm/linux/./net/netfilter/nfnetlink_queue.c': File exists
cp: cannot create regular file '/dev/shm/linux/./net/netfilter/nft_byteorder.c': File exists
cp: cannot create regular file '/dev/shm/linux/./net/netfilter/nft_chain_nat.c': File exists
cp: cannot create regular file '/dev/shm/linux/./net/netfilter/nft_cmp.c': File exists
cp: cannot create regular file '/dev/shm/linux/./net/netfilter/nft_connlimit.c': File exists
cp: cannot create regular file '/dev/shm/linux/./net/netfilter/nft_ct.c': File exists
cp: cannot create regular file '/dev/shm/linux/./net/netfilter/nft_dup_netdev.c': File exists
cp: cannot create regular file '/dev/shm/linux/./net/netfilter/nft_exthdr.c': File exists
cp: cannot create regular file '/dev/shm/linux/./net/netfilter/nft_fib_inet.c': File exists
cp: cannot create regular file '/dev/shm/linux/./net/netfilter/nft_flow_offload.c': File exists
cp: cannot create regular file '/dev/shm/linux/./net/netfilter/nft_hash.c': File exists
cp: cannot create regular file '/dev/shm/linux/./net/netfilter/nft_inner.c': File exists
cp: cannot create regular file '/dev/shm/linux/./net/netfilter/nft_limit.c': File exists
cp: cannot create regular file '/dev/shm/linux/./net/netfilter/nft_lookup.c': File exists
cp: cannot create regular file '/dev/shm/linux/./net/netfilter/nft_meta.c': File exists
cp: cannot create regular file '/dev/shm/linux/./net/netfilter/nft_numgen.c': File exists
cp: cannot create regular file '/dev/shm/linux/./net/netfilter/nft_osf.c': File exists
cp: cannot create regular file '/dev/shm/linux/./net/netfilter/nft_queue.c': File exists
cp: cannot create regular file '/dev/shm/linux/./net/netfilter/nft_quota.c': File exists
cp: cannot create regular file '/dev/shm/linux/./net/netfilter/nft_range.c': File exists
cp: cannot create regular file '/dev/shm/linux/./net/netfilter/nft_redir.c': File exists
cp: cannot create regular file '/dev/shm/linux/./net/netfilter/nft_reject_netdev.c': File exists
cp: cannot create regular file '/dev/shm/linux/./net/netfilter/nft_set_bitmap.c': File exists
cp: cannot create regular file '/dev/shm/linux/./net/netfilter/nft_set_pipapo.c': File exists
cp: cannot create regular file '/dev/shm/linux/./net/netfilter/nft_set_pipapo.h': File exists
cp: cannot create regular file '/dev/shm/linux/./net/netfilter/nft_set_pipapo_avx2.h': File exists
cp: cannot create regular file '/dev/shm/linux/./net/netfilter/nft_socket.c': File exists
cp: cannot create regular file '/dev/shm/linux/./net/netfilter/nft_tproxy.c': File exists
cp: cannot create regular file '/dev/shm/linux/./net/netfilter/nft_tunnel.c': File exists
cp: cannot create regular file '/dev/shm/linux/./net/netfilter/xt_AUDIT.c': File exists
cp: cannot create regular file '/dev/shm/linux/./net/netfilter/xt_CHECKSUM.c': File exists
cp: cannot create regular file '/dev/shm/linux/./net/netfilter/xt_CLASSIFY.c': File exists
cp: cannot create regular file '/dev/shm/linux/./net/netfilter/xt_HMARK.c': File exists
cp: cannot create regular file '/dev/shm/linux/./net/netfilter/xt_LED.c': File exists
cp: cannot create regular file '/dev/shm/linux/./net/netfilter/xt_NFLOG.c': File exists
cp: cannot create regular file '/dev/shm/linux/./net/netfilter/xt_NFQUEUE.c': File exists
cp: cannot create regular file '/dev/shm/linux/./net/netfilter/xt_REDIRECT.c': File exists
cp: cannot create regular file '/dev/shm/linux/./net/netfilter/xt_SECMARK.c': File exists
cp: cannot create regular file '/dev/shm/linux/./net/netfilter/xt_TCPOPTSTRIP.c': File exists
cp: cannot create regular file '/dev/shm/linux/./net/netfilter/xt_TPROXY.c': File exists
cp: cannot create regular file '/dev/shm/linux/./net/netfilter/xt_TRACE.c': File exists
cp: cannot create regular file '/dev/shm/linux/./net/netfilter/xt_addrtype.c': File exists
cp: cannot create regular file '/dev/shm/linux/./net/netfilter/xt_cgroup.c': File exists
cp: cannot create regular file '/dev/shm/linux/./net/netfilter/xt_comment.c': File exists
cp: cannot create regular file '/dev/shm/linux/./net/netfilter/xt_connlabel.c': File exists
cp: cannot create regular file '/dev/shm/linux/./net/netfilter/xt_connlimit.c': File exists
cp: cannot create regular file '/dev/shm/linux/./net/netfilter/xt_conntrack.c': File exists
cp: cannot create regular file '/dev/shm/linux/./net/netfilter/xt_dccp.c': File exists
cp: cannot create regular file '/dev/shm/linux/./net/netfilter/xt_dscp.c': File exists
cp: cannot create regular file '/dev/shm/linux/./net/netfilter/xt_esp.c': File exists
cp: cannot create regular file '/dev/shm/linux/./net/netfilter/xt_helper.c': File exists
cp: cannot create regular file '/dev/shm/linux/./net/netfilter/xt_ipcomp.c': File exists
cp: cannot create regular file '/dev/shm/linux/./net/netfilter/xt_ipvs.c': File exists
cp: cannot create regular file '/dev/shm/linux/./net/netfilter/xt_l2tp.c': File exists
cp: cannot create regular file '/dev/shm/linux/./net/netfilter/xt_limit.c': File exists
cp: cannot create regular file '/dev/shm/linux/./net/netfilter/xt_multiport.c': File exists
cp: cannot create regular file '/dev/shm/linux/./net/netfilter/xt_osf.c': File exists
cp: cannot create regular file '/dev/shm/linux/./net/netfilter/xt_physdev.c': File exists
cp: cannot create regular file '/dev/shm/linux/./net/netfilter/xt_policy.c': File exists
cp: cannot create regular file '/dev/shm/linux/./net/netfilter/xt_rateest.c': File exists
cp: cannot create regular file '/dev/shm/linux/./net/netfilter/xt_repldata.h': File exists
cp: cannot create regular file '/dev/shm/linux/./net/netfilter/xt_sctp.c': File exists
cp: cannot create regular file '/dev/shm/linux/./net/netfilter/xt_socket.c': File exists
cp: cannot create regular file '/dev/shm/linux/./net/netfilter/xt_statistic.c': File exists
cp: cannot create regular file '/dev/shm/linux/./net/netfilter/xt_tcpmss.c': File exists
cp: cannot create regular file '/dev/shm/linux/./net/netfilter/xt_tcpudp.c': File exists
cp: cannot create directory '/dev/shm/linux/./net/netlabel': File exists
cp: cannot create regular file '/dev/shm/linux/./net/nfc/llcp.h': File exists
cp: cannot create regular file '/dev/shm/linux/./net/nfc/llcp_commands.c': File exists
cp: cannot create regular file '/dev/shm/linux/./net/nfc/llcp_core.c': File exists
cp: cannot create regular file '/dev/shm/linux/./net/nfc/llcp_sock.c': File exists
cp: cannot create directory '/dev/shm/linux/./net/nfc/nci': File exists
cp: cannot create regular file '/dev/shm/linux/./net/nsh/Makefile': File exists
cp: cannot create regular file '/dev/shm/linux/./net/nsh/nsh.c': File exists
cp: cannot create regular file '/dev/shm/linux/./net/openvswitch/Kconfig': File exists
cp: cannot create regular file '/dev/shm/linux/./net/openvswitch/conntrack.c': File exists
cp: cannot create regular file '/dev/shm/linux/./net/openvswitch/datapath.c': File exists
cp: cannot create regular file '/dev/shm/linux/./net/openvswitch/dp_notify.c': File exists
cp: cannot create regular file '/dev/shm/linux/./net/openvswitch/drop.h': File exists
cp: cannot create regular file '/dev/shm/linux/./net/openvswitch/flow.c': File exists
cp: cannot create regular file '/dev/shm/linux/./net/openvswitch/flow_netlink.c': File exists
cp: cannot create regular file '/dev/shm/linux/./net/openvswitch/flow_table.c': File exists
cp: cannot create regular file '/dev/shm/linux/./net/openvswitch/meter.c': File exists
cp: cannot create regular file '/dev/shm/linux/./net/openvswitch/openvswitch_trace.c': File exists
cp: cannot create regular file '/dev/shm/linux/./net/openvswitch/vport-geneve.c': File exists
cp: cannot create regular file '/dev/shm/linux/./net/openvswitch/vport-internal_dev.c': File exists
cp: cannot create regular file '/dev/shm/linux/./net/openvswitch/vport-netdev.c': File exists
cp: cannot create regular file '/dev/shm/linux/./net/openvswitch/vport-vxlan.c': File exists
cp: cannot create regular file '/dev/shm/linux/./net/openvswitch/vport.c': File exists
cp: cannot create directory '/dev/shm/linux/./net/phonet': File exists
cp: cannot create regular file '/dev/shm/linux/./net/psp/psp-nl-gen.c': File exists
cp: cannot create regular file '/dev/shm/linux/./net/psp/psp.h': File exists
cp: cannot create regular file '/dev/shm/linux/./net/psp/psp_nl.c': File exists
cp: cannot create directory '/dev/shm/linux/./net/qrtr': File exists
cp: cannot create regular file '/dev/shm/linux/./net/rds/ib_frmr.c': File exists
cp: cannot create regular file '/dev/shm/linux/./net/rds/ib_mr.h': File exists
cp: cannot create regular file '/dev/shm/linux/./net/rds/ib_recv.c': File exists
cp: cannot create regular file '/dev/shm/linux/./net/rds/ib_send.c': File exists
cp: cannot create regular file '/dev/shm/linux/./net/rds/ib_sysctl.c': File exists
cp: cannot create regular file '/dev/shm/linux/./net/rds/info.c': File exists
cp: cannot create regular file '/dev/shm/linux/./net/rds/loop.c': File exists
cp: cannot create regular file '/dev/shm/linux/./net/rds/page.c': File exists
cp: cannot create regular file '/dev/shm/linux/./net/rds/rdma_transport.c': File exists
cp: cannot create regular file '/dev/shm/linux/./net/rds/rds_single_path.h': File exists
cp: cannot create regular file '/dev/shm/linux/./net/rds/send.c': File exists
cp: cannot create regular file '/dev/shm/linux/./net/rds/tcp.h': File exists
cp: cannot create regular file '/dev/shm/linux/./net/rds/tcp_listen.c': File exists
cp: cannot create regular file '/dev/shm/linux/./net/rds/tcp_send.c': File exists
cp: cannot create regular file '/dev/shm/linux/./net/rds/transport.c': File exists
cp: cannot create directory '/dev/shm/linux/./net/rfkill': File exists
cp: cannot create regular file '/dev/shm/linux/./net/rxrpc/call_object.c': File exists
cp: cannot create regular file '/dev/shm/linux/./net/rxrpc/conn_event.c': File exists
cp: cannot create regular file '/dev/shm/linux/./net/rxrpc/conn_service.c': File exists
cp: cannot create regular file '/dev/shm/linux/./net/rxrpc/input_rack.c': File exists
cp: cannot create regular file '/dev/shm/linux/./net/rxrpc/io_thread.c': File exists
cp: cannot create regular file '/dev/shm/linux/./net/rxrpc/local_event.c': File exists
cp: cannot create regular file '/dev/shm/linux/./net/rxrpc/misc.c': File exists
cp: cannot create regular file '/dev/shm/linux/./net/rxrpc/net_ns.c': File exists
cp: cannot create regular file '/dev/shm/linux/./net/rxrpc/output.c': File exists
cp: cannot create regular file '/dev/shm/linux/./net/rxrpc/peer_object.c': File exists
cp: cannot create regular file '/dev/shm/linux/./net/rxrpc/protocol.h': File exists
cp: cannot create regular file '/dev/shm/linux/./net/rxrpc/rtt.c': File exists
cp: cannot create regular file '/dev/shm/linux/./net/rxrpc/rxgk.c': File exists
cp: cannot create regular file '/dev/shm/linux/./net/rxrpc/rxgk_common.h': File exists
cp: cannot create regular file '/dev/shm/linux/./net/rxrpc/rxgk_kdf.c': File exists
cp: cannot create regular file '/dev/shm/linux/./net/rxrpc/rxperf.c': File exists
cp: cannot create regular file '/dev/shm/linux/./net/rxrpc/sendmsg.c': File exists
cp: cannot create regular file '/dev/shm/linux/./net/rxrpc/skbuff.c': File exists
cp: cannot create regular file '/dev/shm/linux/./net/rxrpc/txbuf.c': File exists
cp: cannot create directory '/dev/shm/linux/./net/sched': File exists
cp: cannot create directory '/dev/shm/linux/./net/sunrpc': File exists
cp: cannot create regular file '/dev/shm/linux/./net/vmw_vsock/af_vsock.c': File exists
cp: cannot create regular file '/dev/shm/linux/./net/vmw_vsock/hyperv_transport.c': File exists
cp: cannot create regular file '/dev/shm/linux/./net/vmw_vsock/virtio_transport_common.c': File exists
cp: cannot create regular file '/dev/shm/linux/./net/vmw_vsock/vmci_transport.h': File exists
cp: cannot create regular file '/dev/shm/linux/./net/vmw_vsock/vmci_transport_notify.h': File exists
cp: cannot create regular file '/dev/shm/linux/./net/vmw_vsock/vsock_addr.c': File exists
cp: cannot create regular file '/dev/shm/linux/./net/vmw_vsock/vsock_bpf.c': File exists
cp: cannot create directory '/dev/shm/linux/./net/wireless': File exists
cp: cannot create regular file '/dev/shm/linux/./net/xfrm/xfrm_user.c': File exists
cp: cannot create regular file '/dev/shm/linux/./rust/.gitignore': File exists
cp: cannot create regular file '/dev/shm/linux/./rust/Makefile': File exists
cp: cannot create directory '/dev/shm/linux/./rust/bindings': File exists
cp: cannot create regular file '/dev/shm/linux/./rust/ffi.rs': File exists
cp: cannot create regular file '/dev/shm/linux/./rust/helpers/atomic.c': File exists
cp: cannot create regular file '/dev/shm/linux/./rust/helpers/auxiliary.c': File exists
cp: cannot create regular file '/dev/shm/linux/./rust/helpers/bitmap.c': File exists
cp: cannot create regular file '/dev/shm/linux/./rust/helpers/blk.c': File exists
cp: cannot create regular file '/dev/shm/linux/./rust/helpers/build_bug.c': File exists
cp: cannot create regular file '/dev/shm/linux/./rust/helpers/completion.c': File exists
cp: cannot create regular file '/dev/shm/linux/./rust/helpers/cpufreq.c': File exists
cp: cannot create regular file '/dev/shm/linux/./rust/helpers/cred.c': File exists
cp: cannot create regular file '/dev/shm/linux/./rust/helpers/dma-resv.c': File exists
cp: cannot create regular file '/dev/shm/linux/./rust/helpers/drm.c': File exists
cp: cannot create regular file '/dev/shm/linux/./rust/helpers/fs.c': File exists
cp: cannot create regular file '/dev/shm/linux/./rust/helpers/helpers.c': File exists
cp: cannot create regular file '/dev/shm/linux/./rust/helpers/irq.c': File exists
cp: cannot create regular file '/dev/shm/linux/./rust/helpers/kunit.c': File exists
cp: cannot create regular file '/dev/shm/linux/./rust/helpers/mm.c': File exists
cp: cannot create regular file '/dev/shm/linux/./rust/helpers/of.c': File exists
cp: cannot create regular file '/dev/shm/linux/./rust/helpers/page.c': File exists
cp: cannot create regular file '/dev/shm/linux/./rust/helpers/pid_namespace.c': File exists
cp: cannot create regular file '/dev/shm/linux/./rust/helpers/poll.c': File exists
cp: cannot create regular file '/dev/shm/linux/./rust/helpers/property.c': File exists
cp: cannot create regular file '/dev/shm/linux/./rust/helpers/rcu.c': File exists
cp: cannot create regular file '/dev/shm/linux/./rust/helpers/regulator.c': File exists
cp: cannot create regular file '/dev/shm/linux/./rust/helpers/security.c': File exists
cp: cannot create regular file '/dev/shm/linux/./rust/helpers/slab.c': File exists
cp: cannot create regular file '/dev/shm/linux/./rust/helpers/sync.c': File exists
cp: cannot create regular file '/dev/shm/linux/./rust/helpers/time.c': File exists
cp: cannot create regular file '/dev/shm/linux/./rust/helpers/usb.c': File exists
cp: cannot create regular file '/dev/shm/linux/./rust/helpers/workqueue.c': File exists
cp: cannot create directory '/dev/shm/linux/./rust/kernel': File exists
cp: cannot create regular file '/dev/shm/linux/./samples/bpf/tcp_basertt_kern.c': File exists
cp: cannot create regular file '/dev/shm/linux/./samples/bpf/tcp_bufs_kern.c': File exists
cp: cannot create regular file '/dev/shm/linux/./samples/bpf/tcp_cong_kern.c': File exists
cp: cannot create regular file '/dev/shm/linux/./samples/bpf/tcp_iw_kern.c': File exists
cp: cannot create regular file '/dev/shm/linux/./samples/bpf/tcp_synrto_kern.c': File exists
cp: cannot create regular file '/dev/shm/linux/./samples/bpf/test_cls_bpf.sh': File exists
cp: cannot create regular file '/dev/shm/linux/./samples/bpf/test_lwt_bpf.sh': File exists
cp: cannot create regular file '/dev/shm/linux/./samples/bpf/trace_event_user.c': File exists
cp: cannot create regular file '/dev/shm/linux/./samples/bpf/trace_output_user.c': File exists
cp: cannot create regular file '/dev/shm/linux/./samples/bpf/tracex1_user.c': File exists
cp: cannot create regular file '/dev/shm/linux/./samples/bpf/tracex4.bpf.c': File exists
cp: cannot create regular file '/dev/shm/linux/./samples/bpf/tracex5.bpf.c': File exists
cp: cannot create regular file '/dev/shm/linux/./samples/bpf/tracex5_user.c': File exists
cp: cannot create regular file '/dev/shm/linux/./samples/bpf/tracex6_user.c': File exists
cp: cannot create regular file '/dev/shm/linux/./samples/bpf/xdp2skb_meta_kern.c': File exists
cp: cannot create regular file '/dev/shm/linux/./samples/bpf/xdp_adjust_tail_user.c': File exists
cp: cannot create regular file '/dev/shm/linux/./samples/bpf/xdp_fwd_user.c': File exists
cp: cannot create regular file '/dev/shm/linux/./samples/bpf/xdp_router_ipv4_user.c': File exists
cp: cannot create regular file '/dev/shm/linux/./samples/bpf/xdp_sample.bpf.h': File exists
cp: cannot create regular file '/dev/shm/linux/./samples/bpf/xdp_sample_user.c': File exists
cp: cannot create regular file '/dev/shm/linux/./samples/bpf/xdp_tx_iptunnel_common.h': File exists
cp: cannot create regular file '/dev/shm/linux/./samples/bpf/xdp_tx_iptunnel_user.c': File exists
cp: cannot create regular file '/dev/shm/linux/./samples/cgroup/Makefile': File exists
cp: cannot create regular file '/dev/shm/linux/./samples/cgroup/memcg_event_listener.c': File exists
cp: cannot create regular file '/dev/shm/linux/./samples/check-exec/.gitignore': File exists
cp: cannot create regular file '/dev/shm/linux/./samples/check-exec/inc.c': File exists
cp: cannot create regular file '/dev/shm/linux/./samples/check-exec/script-ask.inc': File exists
cp: cannot create regular file '/dev/shm/linux/./samples/check-exec/script-noexec.inc': File exists
cp: cannot create directory '/dev/shm/linux/./samples/configfs': File exists
cp: cannot create regular file '/dev/shm/linux/./samples/connector/ucon.c': File exists
cp: cannot create regular file '/dev/shm/linux/./samples/coresight/Makefile': File exists
cp: cannot create directory '/dev/shm/linux/./samples/damon': File exists
cp: cannot create directory '/dev/shm/linux/./samples/ftrace': File exists
cp: cannot create regular file '/dev/shm/linux/./samples/hidraw/Makefile': File exists
cp: cannot create directory '/dev/shm/linux/./samples/hung_task': File exists
cp: cannot create regular file '/dev/shm/linux/./samples/kdb/Makefile': File exists
cp: cannot create directory '/dev/shm/linux/./samples/kfifo': File exists
cp: cannot create directory '/dev/shm/linux/./samples/kprobes': File exists
cp: cannot create directory '/dev/shm/linux/./samples/livepatch': File exists
cp: cannot create regular file '/dev/shm/linux/./samples/pfsm/Makefile': File exists
cp: cannot create directory '/dev/shm/linux/./samples/pidfd': File exists
cp: cannot create regular file '/dev/shm/linux/./samples/pktgen/pktgen_bench_xmit_mode_netif_receive.sh': File exists
cp: cannot create regular file '/dev/shm/linux/./samples/pktgen/pktgen_sample02_multiqueue.sh': File exists
cp: cannot create regular file '/dev/shm/linux/./samples/pktgen/pktgen_sample04_many_flows.sh': File exists
cp: cannot create regular file '/dev/shm/linux/./samples/pktgen/pktgen_sample06_numa_awared_queue_irq_affinity.sh': File exists
cp: cannot create directory '/dev/shm/linux/./samples/qmi': File exists
cp: cannot create regular file '/dev/shm/linux/./samples/rust/Makefile': File exists
cp: cannot create regular file '/dev/shm/linux/./samples/rust/hostprogs/.gitignore': File exists
cp: cannot create regular file '/dev/shm/linux/./samples/rust/hostprogs/a.rs': File exists
cp: cannot create regular file '/dev/shm/linux/./samples/rust/hostprogs/single.rs': File exists
cp: cannot create regular file '/dev/shm/linux/./samples/rust/rust_debugfs.rs': File exists
cp: cannot create regular file '/dev/shm/linux/./samples/rust/rust_dma.rs': File exists
cp: cannot create regular file '/dev/shm/linux/./samples/rust/rust_driver_faux.rs': File exists
cp: cannot create regular file '/dev/shm/linux/./samples/rust/rust_driver_pci.rs': File exists
cp: cannot create regular file '/dev/shm/linux/./samples/rust/rust_driver_usb.rs': File exists
cp: cannot create regular file '/dev/shm/linux/./samples/rust/rust_minimal.rs': File exists
cp: cannot create regular file '/dev/shm/linux/./samples/rust/rust_print_events.c': File exists
cp: cannot create regular file '/dev/shm/linux/./samples/rust/rust_soc.rs': File exists
cp: cannot create regular file '/dev/shm/linux/./samples/seccomp/.gitignore': File exists
cp: cannot create regular file '/dev/shm/linux/./samples/seccomp/bpf-direct.c': File exists
cp: cannot create regular file '/dev/shm/linux/./samples/seccomp/bpf-fancy.c': File exists
cp: cannot create regular file '/dev/shm/linux/./samples/seccomp/bpf-helper.h': File exists
cp: cannot create regular file '/dev/shm/linux/./samples/seccomp/user-trap.c': File exists
cp: cannot create regular file '/dev/shm/linux/./samples/timers/.gitignore': File exists
cp: cannot create regular file '/dev/shm/linux/./samples/timers/hpet_example.c': File exists
cp: cannot create regular file '/dev/shm/linux/./samples/trace_events/Makefile': File exists
cp: cannot create regular file '/dev/shm/linux/./samples/trace_events/trace-events-sample.h': File exists
cp: cannot create regular file '/dev/shm/linux/./samples/trace_events/trace_custom_sched.h': File exists
cp: cannot create regular file '/dev/shm/linux/./samples/trace_printk/Makefile': File exists
cp: cannot create directory '/dev/shm/linux/./samples/tsm-mr': File exists
cp: cannot create directory '/dev/shm/linux/./samples/user_events': File exists
cp: cannot create directory '/dev/shm/linux/./samples/vfs': File exists
cp: cannot create directory '/dev/shm/linux/./samples/watch_queue': File exists
cp: cannot create directory '/dev/shm/linux/./samples/workqueue': File exists
cp: cannot create regular file '/dev/shm/linux/./scripts/Lindent': File exists
cp: cannot create regular file '/dev/shm/linux/./scripts/Makefile.asm-headers': File exists
cp: cannot create regular file '/dev/shm/linux/./scripts/Makefile.btf': File exists
cp: cannot create regular file '/dev/shm/linux/./scripts/Makefile.build': File exists
cp: cannot create regular file '/dev/shm/linux/./scripts/Makefile.clean': File exists
cp: cannot create regular file '/dev/shm/linux/./scripts/Makefile.context-analysis': File exists
cp: cannot create regular file '/dev/shm/linux/./scripts/Makefile.defconf': File exists
cp: cannot create regular file '/dev/shm/linux/./scripts/Makefile.gcc-plugins': File exists
cp: cannot create regular file '/dev/shm/linux/./scripts/Makefile.host': File exists
cp: cannot create regular file '/dev/shm/linux/./scripts/Makefile.kcov': File exists
cp: cannot create regular file '/dev/shm/linux/./scripts/Makefile.kmsan': File exists
cp: cannot create regular file '/dev/shm/linux/./scripts/Makefile.lib': File exists
cp: cannot create regular file '/dev/shm/linux/./scripts/Makefile.modinst': File exists
cp: cannot create regular file '/dev/shm/linux/./scripts/Makefile.propeller': File exists
cp: cannot create regular file '/dev/shm/linux/./scripts/Makefile.ubsan': File exists
cp: cannot create regular file '/dev/shm/linux/./scripts/Makefile.vdsoinst': File exists
cp: cannot create regular file '/dev/shm/linux/./scripts/Makefile.vmlinux_o': File exists
cp: cannot create regular file '/dev/shm/linux/./scripts/as-version.sh': File exists
cp: cannot create directory '/dev/shm/linux/./scripts/atomic': File exists
cp: cannot create regular file '/dev/shm/linux/./scripts/coccinelle/api/simple_open.cocci': File exists
cp: cannot create regular file '/dev/shm/linux/./scripts/coccinelle/api/string_choices.cocci': File exists
cp: cannot create directory '/dev/shm/linux/./scripts/coccinelle/free': File exists
cp: cannot create directory '/dev/shm/linux/./scripts/coccinelle/misc': File exists
cp: cannot create regular file '/dev/shm/linux/./scripts/dtc/dtc-lexer.l': File exists
cp: cannot create regular file '/dev/shm/linux/./scripts/dtc/dtc.c': File exists
cp: cannot create regular file '/dev/shm/linux/./scripts/dtc/dtx_diff': File exists
cp: cannot create regular file '/dev/shm/linux/./scripts/dtc/fdtoverlay.c': File exists
cp: cannot create regular file '/dev/shm/linux/./scripts/dtc/flattree.c': File exists
cp: cannot create directory '/dev/shm/linux/./scripts/dtc/include-prefixes': File exists
cp: cannot create regular file '/dev/shm/linux/./scripts/dtc/libfdt/fdt_ro.c': File exists
cp: cannot create regular file '/dev/shm/linux/./scripts/dtc/libfdt/fdt_strerror.c': File exists
cp: cannot create regular file '/dev/shm/linux/./scripts/dtc/libfdt/fdt_sw.c': File exists
cp: cannot create regular file '/dev/shm/linux/./scripts/dtc/libfdt/libfdt.h': File exists
cp: cannot create regular file '/dev/shm/linux/./scripts/dtc/libfdt/libfdt_internal.h': File exists
cp: cannot create regular file '/dev/shm/linux/./scripts/dtc/of_unittest_expect': File exists
cp: cannot create regular file '/dev/shm/linux/./scripts/dtc/srcpos.c': File exists
cp: cannot create regular file '/dev/shm/linux/./scripts/dtc/treesource.c': File exists
cp: cannot create regular file '/dev/shm/linux/./scripts/dtc/util.c': File exists
cp: cannot create regular file '/dev/shm/linux/./scripts/dtc/yamltree.c': File exists
cp: cannot create directory '/dev/shm/linux/./scripts/dummy-tools': File exists
cp: cannot create regular file '/dev/shm/linux/./scripts/faddr2line': File exists
cp: cannot create directory '/dev/shm/linux/./scripts/gcc-plugins': File exists
cp: cannot create regular file '/dev/shm/linux/./scripts/gdb/linux/interrupts.py': File exists
cp: cannot create regular file '/dev/shm/linux/./scripts/gdb/linux/lists.py': File exists
cp: cannot create regular file '/dev/shm/linux/./scripts/gdb/linux/mm.py': File exists
cp: cannot create regular file '/dev/shm/linux/./scripts/gdb/linux/page_owner.py': File exists
cp: cannot create regular file '/dev/shm/linux/./scripts/gdb/linux/proc.py': File exists
cp: cannot create regular file '/dev/shm/linux/./scripts/gdb/linux/rbtree.py': File exists
cp: cannot create regular file '/dev/shm/linux/./scripts/gdb/linux/stackdepot.py': File exists
cp: cannot create regular file '/dev/shm/linux/./scripts/gdb/linux/tasks.py': File exists
cp: cannot create regular file '/dev/shm/linux/./scripts/gdb/linux/utils.py': File exists
cp: cannot create regular file '/dev/shm/linux/./scripts/gdb/linux/vfs.py': File exists
cp: cannot create regular file '/dev/shm/linux/./scripts/gdb/linux/xarray.py': File exists
cp: cannot create regular file '/dev/shm/linux/./scripts/gen-btf.sh': File exists
cp: cannot create regular file '/dev/shm/linux/./scripts/gen-randstruct-seed.sh': File exists
cp: cannot create directory '/dev/shm/linux/./scripts/gendwarfksyms': File exists
cp: cannot create regular file '/dev/shm/linux/./scripts/git.orderFile': File exists
cp: cannot create regular file '/dev/shm/linux/./scripts/headerdep.pl': File exists
cp: cannot create directory '/dev/shm/linux/./scripts/include': File exists
cp: cannot create regular file '/dev/shm/linux/./scripts/kconfig/Makefile': File exists
cp: cannot create regular file '/dev/shm/linux/./scripts/kconfig/expr.c': File exists
cp: cannot create regular file '/dev/shm/linux/./scripts/kconfig/expr.h': File exists
cp: cannot create regular file '/dev/shm/linux/./scripts/kconfig/gconf.ui': File exists
cp: cannot create regular file '/dev/shm/linux/./scripts/kconfig/icons/back.xpm': File exists
cp: cannot create regular file '/dev/shm/linux/./scripts/kconfig/icons/choice_yes.xpm': File exists
cp: cannot create regular file '/dev/shm/linux/./scripts/kconfig/icons/menu.xpm': File exists
cp: cannot create regular file '/dev/shm/linux/./scripts/kconfig/icons/save.xpm': File exists
cp: cannot create regular file '/dev/shm/linux/./scripts/kconfig/icons/single_view.xpm': File exists
cp: cannot create regular file '/dev/shm/linux/./scripts/kconfig/icons/split_view.xpm': File exists
cp: cannot create regular file '/dev/shm/linux/./scripts/kconfig/icons/symbol_mod.xpm': File exists
cp: cannot create regular file '/dev/shm/linux/./scripts/kconfig/icons/symbol_no.xpm': File exists
cp: cannot create regular file '/dev/shm/linux/./scripts/kconfig/lxdialog/dialog.h': File exists
cp: cannot create regular file '/dev/shm/linux/./scripts/kconfig/lxdialog/textbox.c': File exists
cp: cannot create regular file '/dev/shm/linux/./scripts/kconfig/lxdialog/yesno.c': File exists
cp: cannot create regular file '/dev/shm/linux/./scripts/kconfig/mconf.c': File exists
cp: cannot create regular file '/dev/shm/linux/./scripts/kconfig/merge_config.sh': File exists
cp: cannot create regular file '/dev/shm/linux/./scripts/kconfig/mnconf-common.c': File exists
cp: cannot create regular file '/dev/shm/linux/./scripts/kconfig/nconf-cfg.sh': File exists
cp: cannot create regular file '/dev/shm/linux/./scripts/kconfig/nconf.gui.c': File exists
cp: cannot create regular file '/dev/shm/linux/./scripts/kconfig/parser.y': File exists
cp: cannot create regular file '/dev/shm/linux/./scripts/kconfig/preprocess.h': File exists
cp: cannot create regular file '/dev/shm/linux/./scripts/kconfig/qconf-cfg.sh': File exists
cp: cannot create regular file '/dev/shm/linux/./scripts/kconfig/qconf.h': File exists
cp: cannot create regular file '/dev/shm/linux/./scripts/kconfig/symbol.c': File exists
cp: cannot create directory '/dev/shm/linux/./scripts/kconfig/tests/choice': File exists
cp: cannot create regular file '/dev/shm/linux/./scripts/kconfig/tests/choice_randomize/expected_config2': File exists
cp: cannot create directory '/dev/shm/linux/./scripts/kconfig/tests/choice_randomize2': File exists
cp: cannot create regular file '/dev/shm/linux/./scripts/kconfig/tests/conditional_dep/test_config1': File exists
cp: cannot create regular file '/dev/shm/linux/./scripts/kconfig/tests/conditional_dep/test_config2': File exists
cp: cannot create directory '/dev/shm/linux/./scripts/kconfig/tests/err_recursive_dep': File exists
cp: cannot create regular file '/dev/shm/linux/./scripts/kconfig/tests/err_recursive_inc/__init__.py': File exists
cp: cannot create regular file '/dev/shm/linux/./scripts/kconfig/tests/err_recursive_inc/expected_stderr': File exists
cp: cannot create regular file '/dev/shm/linux/./scripts/kconfig/tests/err_repeated_inc/Kconfig': File exists
cp: cannot create regular file '/dev/shm/linux/./scripts/kconfig/tests/err_repeated_inc/Kconfig.inc3': File exists
cp: cannot create regular file '/dev/shm/linux/./scripts/kconfig/tests/err_repeated_inc/expected_stderr': File exists
cp: cannot create regular file '/dev/shm/linux/./scripts/kconfig/tests/err_transitional/Kconfig': File exists
cp: cannot create directory '/dev/shm/linux/./scripts/kconfig/tests/new_choice_with_dep': File exists
cp: cannot create directory '/dev/shm/linux/./scripts/kconfig/tests/preprocess/builtin_func': File exists
cp: cannot create regular file '/dev/shm/linux/./scripts/kconfig/tests/preprocess/circular_expansion/expected_stderr': File exists
cp: cannot create directory '/dev/shm/linux/./scripts/kconfig/tests/preprocess/escape': File exists
cp: cannot create directory '/dev/shm/linux/./scripts/kconfig/tests/preprocess/variable': File exists
cp: cannot create regular file '/dev/shm/linux/./scripts/kconfig/tests/transitional/expected_stdout': File exists
cp: cannot create regular file '/dev/shm/linux/./scripts/kconfig/util.c': File exists
cp: cannot create symbolic link '/dev/shm/linux/./scripts/kernel-doc': File exists
cp: cannot create regular file '/dev/shm/linux/./scripts/ld-version.sh': File exists
cp: cannot create regular file '/dev/shm/linux/./scripts/leaking_addresses.pl': File exists
cp: cannot create directory '/dev/shm/linux/./scripts/livepatch': File exists
cp: cannot create regular file '/dev/shm/linux/./scripts/misc-check': File exists
cp: cannot create regular file '/dev/shm/linux/./scripts/mksysmap': File exists
cp: cannot create directory '/dev/shm/linux/./scripts/mod': File exists
cp: cannot create regular file '/dev/shm/linux/./scripts/package/debian/rules': File exists
cp: cannot create regular file '/dev/shm/linux/./scripts/package/install-extmod-build': File exists
cp: cannot create regular file '/dev/shm/linux/./scripts/package/mkdebian': File exists
cp: cannot create regular file '/dev/shm/linux/./scripts/package/snapcraft.template': File exists
cp: cannot create regular file '/dev/shm/linux/./scripts/parse-maintainers.pl': File exists
cp: cannot create regular file '/dev/shm/linux/./scripts/profile2linkerlist.pl': File exists
cp: cannot create regular file '/dev/shm/linux/./scripts/prune-kernel': File exists
cp: cannot create regular file '/dev/shm/linux/./scripts/recordmcount.h': File exists
cp: cannot create regular file '/dev/shm/linux/./scripts/relocs_check.sh': File exists
cp: cannot create regular file '/dev/shm/linux/./scripts/rust_is_available_bindgen_libclang.h': File exists
cp: cannot create regular file '/dev/shm/linux/./scripts/rustc-llvm-version.sh': File exists
cp: cannot create regular file '/dev/shm/linux/./scripts/rustdoc_test_builder.rs': File exists
cp: cannot create directory '/dev/shm/linux/./scripts/selinux': File exists
cp: cannot create regular file '/dev/shm/linux/./scripts/stackdelta': File exists
cp: cannot create regular file '/dev/shm/linux/./scripts/subarch.include': File exists
cp: cannot create regular file '/dev/shm/linux/./scripts/syscallhdr.sh': File exists
cp: cannot create regular file '/dev/shm/linux/./scripts/syscalltbl.sh': File exists
cp: cannot create regular file '/dev/shm/linux/./scripts/tools-support-relr.sh': File exists
cp: cannot create directory '/dev/shm/linux/./scripts/tracing': File exists
cp: cannot create regular file '/dev/shm/linux/./scripts/xen-hypercalls.sh': File exists
cp: cannot create regular file '/dev/shm/linux/./security/Makefile': File exists
cp: cannot create regular file '/dev/shm/linux/./security/ipe/eval.h': File exists
cp: cannot create regular file '/dev/shm/linux/./security/ipe/fs.h': File exists
cp: cannot create regular file '/dev/shm/linux/./security/ipe/hooks.h': File exists
cp: cannot create regular file '/dev/shm/linux/./security/ipe/ipe.h': File exists
cp: cannot create regular file '/dev/shm/linux/./security/ipe/policy.h': File exists
cp: cannot create regular file '/dev/shm/linux/./security/ipe/policy_parser.c': File exists
cp: cannot create regular file '/dev/shm/linux/./security/ipe/policy_tests.c': File exists
cp: cannot create regular file '/dev/shm/linux/./security/lockdown/lockdown.c': File exists
cp: cannot create regular file '/dev/shm/linux/./security/lsm_audit.c': File exists
cp: cannot create regular file '/dev/shm/linux/./security/lsm_notifier.c': File exists
cp: cannot create regular file '/dev/shm/linux/./security/min_addr.c': File exists
cp: cannot create directory '/dev/shm/linux/./security/safesetid': File exists
cp: cannot create regular file '/dev/shm/linux/./sound/aoa/codecs/tas-gain-table.h': File exists
cp: cannot create regular file '/dev/shm/linux/./sound/aoa/codecs/tas.h': File exists
cp: cannot create regular file '/dev/shm/linux/./sound/aoa/core/alsa.c': File exists
cp: cannot create regular file '/dev/shm/linux/./sound/aoa/core/core.c': File exists
cp: cannot create regular file '/dev/shm/linux/./sound/aoa/core/gpio-pmf.c': File exists
cp: cannot create regular file '/dev/shm/linux/./sound/aoa/soundbus/i2sbus/control.c': File exists
cp: cannot create regular file '/dev/shm/linux/./sound/aoa/soundbus/i2sbus/core.c': File exists
cp: cannot create regular file '/dev/shm/linux/./sound/aoa/soundbus/soundbus.h': File exists
cp: cannot create regular file '/dev/shm/linux/./sound/aoa/soundbus/sysfs.c': File exists
cp: cannot create regular file '/dev/shm/linux/./sound/arm/Makefile': File exists
cp: cannot create regular file '/dev/shm/linux/./sound/arm/pxa2xx-ac97-regs.h': File exists
cp: cannot create regular file '/dev/shm/linux/./sound/arm/pxa2xx-pcm-lib.c': File exists
cp: cannot create regular file '/dev/shm/linux/./sound/core/control_trace.h': File exists
cp: cannot create regular file '/dev/shm/linux/./sound/core/ctljack.c': File exists
cp: cannot create regular file '/dev/shm/linux/./sound/core/hrtimer.c': File exists
cp: cannot create regular file '/dev/shm/linux/./sound/core/info_oss.c': File exists
cp: cannot create regular file '/dev/shm/linux/./sound/core/init.c': File exists
cp: cannot create regular file '/dev/shm/linux/./sound/core/jack.c': File exists
cp: cannot create regular file '/dev/shm/linux/./sound/core/memalloc.c': File exists
cp: cannot create regular file '/dev/shm/linux/./sound/core/oss/Makefile': File exists
cp: cannot create regular file '/dev/shm/linux/./sound/core/oss/linear.c': File exists
cp: cannot create regular file '/dev/shm/linux/./sound/core/oss/mulaw.c': File exists
cp: cannot create regular file '/dev/shm/linux/./sound/core/oss/rate.c': File exists
cp: cannot create regular file '/dev/shm/linux/./sound/core/pcm.c': File exists
cp: cannot create regular file '/dev/shm/linux/./sound/core/pcm_dmaengine.c': File exists
cp: cannot create regular file '/dev/shm/linux/./sound/core/pcm_iec958.c': File exists
cp: cannot create regular file '/dev/shm/linux/./sound/core/pcm_local.h': File exists
cp: cannot create regular file '/dev/shm/linux/./sound/core/pcm_memory.c': File exists
cp: cannot create regular file '/dev/shm/linux/./sound/core/pcm_native.c': File exists
cp: cannot create regular file '/dev/shm/linux/./sound/core/pcm_timer.c': File exists
cp: cannot create regular file '/dev/shm/linux/./sound/core/pcm_trace.h': File exists
cp: cannot create regular file '/dev/shm/linux/./sound/core/rawmidi.c': File exists
cp: cannot create regular file '/dev/shm/linux/./sound/core/seq/Kconfig': File exists
cp: cannot create regular file '/dev/shm/linux/./sound/core/seq/oss/Makefile': File exists
cp: cannot create regular file '/dev/shm/linux/./sound/core/seq/oss/seq_oss_device.h': File exists
cp: cannot create regular file '/dev/shm/linux/./sound/core/seq/oss/seq_oss_event.c': File exists
cp: cannot create regular file '/dev/shm/linux/./sound/core/seq/oss/seq_oss_init.c': File exists
cp: cannot create regular file '/dev/shm/linux/./sound/core/seq/oss/seq_oss_midi.c': File exists
cp: cannot create regular file '/dev/shm/linux/./sound/core/seq/oss/seq_oss_midi.h': File exists
cp: cannot create regular file '/dev/shm/linux/./sound/core/seq/oss/seq_oss_readq.h': File exists
cp: cannot create regular file '/dev/shm/linux/./sound/core/seq/oss/seq_oss_synth.c': File exists
cp: cannot create regular file '/dev/shm/linux/./sound/core/seq/oss/seq_oss_timer.c': File exists
cp: cannot create regular file '/dev/shm/linux/./sound/core/seq/oss/seq_oss_writeq.c': File exists
cp: cannot create regular file '/dev/shm/linux/./sound/core/seq/seq.c': File exists
cp: cannot create regular file '/dev/shm/linux/./sound/core/seq/seq_dummy.c': File exists
cp: cannot create regular file '/dev/shm/linux/./sound/core/seq/seq_info.c': File exists
cp: cannot create regular file '/dev/shm/linux/./sound/core/seq/seq_lock.c': File exists
cp: cannot create regular file '/dev/shm/linux/./sound/core/seq/seq_memory.c': File exists
cp: cannot create regular file '/dev/shm/linux/./sound/core/seq/seq_midi.c': File exists
cp: cannot create regular file '/dev/shm/linux/./sound/core/seq/seq_midi_event.c': File exists
cp: cannot create regular file '/dev/shm/linux/./sound/core/seq/seq_ports.h': File exists
cp: cannot create regular file '/dev/shm/linux/./sound/core/seq/seq_prioq.h': File exists
cp: cannot create regular file '/dev/shm/linux/./sound/core/seq/seq_queue.h': File exists
cp: cannot create regular file '/dev/shm/linux/./sound/core/seq/seq_system.c': File exists
cp: cannot create regular file '/dev/shm/linux/./sound/core/seq/seq_timer.c': File exists
cp: cannot create regular file '/dev/shm/linux/./sound/core/seq/seq_ump_convert.c': File exists
cp: cannot create regular file '/dev/shm/linux/./sound/core/seq/seq_virmidi.c': File exists
cp: cannot create regular file '/dev/shm/linux/./sound/core/sound.c': File exists
cp: cannot create regular file '/dev/shm/linux/./sound/core/sound_oss.c': File exists
cp: cannot create regular file '/dev/shm/linux/./sound/core/ump_convert.c': File exists
cp: cannot create regular file '/dev/shm/linux/./sound/drivers/Kconfig': File exists
cp: cannot create regular file '/dev/shm/linux/./sound/drivers/aloop.c': File exists
cp: cannot create regular file '/dev/shm/linux/./sound/drivers/mpu401/Makefile': File exists
cp: cannot create regular file '/dev/shm/linux/./sound/drivers/mtpav.c': File exists
cp: cannot create regular file '/dev/shm/linux/./sound/drivers/opl3/opl3_drums.c': File exists
cp: cannot create regular file '/dev/shm/linux/./sound/drivers/opl3/opl3_midi.c': File exists
cp: cannot create regular file '/dev/shm/linux/./sound/drivers/opl3/opl3_seq.c': File exists
cp: cannot create regular file '/dev/shm/linux/./sound/drivers/opl3/opl3_voice.h': File exists
cp: cannot create directory '/dev/shm/linux/./sound/drivers/opl4': File exists
cp: cannot create regular file '/dev/shm/linux/./sound/drivers/portman2x4.c': File exists
cp: cannot create regular file '/dev/shm/linux/./sound/drivers/serial-u16550.c': File exists
cp: cannot create regular file '/dev/shm/linux/./sound/firewire/bebob/bebob.h': File exists
cp: cannot create regular file '/dev/shm/linux/./sound/firewire/bebob/bebob_focusrite.c': File exists
cp: cannot create regular file '/dev/shm/linux/./sound/firewire/bebob/bebob_hwdep.c': File exists
cp: cannot create regular file '/dev/shm/linux/./sound/firewire/bebob/bebob_proc.c': File exists
cp: cannot create regular file '/dev/shm/linux/./sound/firewire/bebob/bebob_terratec.c': File exists
cp: cannot create regular file '/dev/shm/linux/./sound/firewire/cmp.h': File exists
cp: cannot create regular file '/dev/shm/linux/./sound/firewire/fireface/ff-stream.c': File exists
cp: cannot create regular file '/dev/shm/linux/./sound/firewire/fireface/ff.c': File exists
cp: cannot create regular file '/dev/shm/linux/./sound/firewire/fireworks/Makefile': File exists
cp: cannot create regular file '/dev/shm/linux/./sound/firewire/fireworks/fireworks.h': File exists
cp: cannot create regular file '/dev/shm/linux/./sound/firewire/fireworks/fireworks_hwdep.c': File exists
cp: cannot create regular file '/dev/shm/linux/./sound/firewire/fireworks/fireworks_pcm.c': File exists
cp: cannot create regular file '/dev/shm/linux/./sound/firewire/fireworks/fireworks_stream.c': File exists
cp: cannot create regular file '/dev/shm/linux/./sound/firewire/isight.c': File exists
cp: cannot create regular file '/dev/shm/linux/./sound/firewire/iso-resources.h': File exists
cp: cannot create regular file '/dev/shm/linux/./sound/firewire/lib.h': File exists
cp: cannot create regular file '/dev/shm/linux/./sound/firewire/tascam/tascam-pcm.c': File exists
cp: cannot create regular file '/dev/shm/linux/./sound/firewire/tascam/tascam-stream.c': File exists
cp: cannot create regular file '/dev/shm/linux/./sound/firewire/tascam/tascam.c': File exists
cp: cannot create regular file '/dev/shm/linux/./sound/hda/Makefile': File exists
cp: cannot create regular file '/dev/shm/linux/./sound/isa/es1688/Makefile': File exists
cp: cannot create regular file '/dev/shm/linux/./sound/isa/es1688/es1688_lib.c': File exists
cp: cannot create regular file '/dev/shm/linux/./sound/isa/galaxy/azt1605.c': File exists
cp: cannot create regular file '/dev/shm/linux/./sound/isa/galaxy/azt2316.c': File exists
cp: cannot create regular file '/dev/shm/linux/./sound/isa/gus/Makefile': File exists
cp: cannot create regular file '/dev/shm/linux/./sound/isa/gus/gus_dram.c': File exists
cp: cannot create regular file '/dev/shm/linux/./sound/isa/gus/gus_irq.c': File exists
cp: cannot create regular file '/dev/shm/linux/./sound/isa/gus/gus_mem.c': File exists
cp: cannot create regular file '/dev/shm/linux/./sound/isa/gus/gus_mixer.c': File exists
cp: cannot create regular file '/dev/shm/linux/./sound/isa/gus/gus_reset.c': File exists
cp: cannot create regular file '/dev/shm/linux/./sound/isa/gus/gus_tables.h': File exists
cp: cannot create regular file '/dev/shm/linux/./sound/isa/gus/gus_uart.c': File exists
cp: cannot create regular file '/dev/shm/linux/./sound/isa/gus/gusclassic.c': File exists
cp: cannot create regular file '/dev/shm/linux/./sound/isa/gus/gusmax.c': File exists
cp: cannot create regular file '/dev/shm/linux/./sound/isa/gus/interwave.c': File exists
cp: cannot create regular file '/dev/shm/linux/./sound/isa/sb/emu8000.c': File exists
cp: cannot create regular file '/dev/shm/linux/./sound/isa/sb/emu8000_local.h': File exists
cp: cannot create regular file '/dev/shm/linux/./sound/isa/sb/emu8000_synth.c': File exists
cp: cannot create regular file '/dev/shm/linux/./sound/isa/sb/sb16.c': File exists
cp: cannot create regular file '/dev/shm/linux/./sound/isa/sb/sb16_main.c': File exists
cp: cannot create regular file '/dev/shm/linux/./sound/isa/sb/sb8_main.c': File exists
cp: cannot create regular file '/dev/shm/linux/./sound/isa/sb/sb_common.c': File exists
cp: cannot create regular file '/dev/shm/linux/./sound/isa/sb/sbawe.c': File exists
cp: cannot create regular file '/dev/shm/linux/./sound/isa/sc6000.c': File exists
cp: cannot create regular file '/dev/shm/linux/./sound/isa/wavefront/wavefront.c': File exists
cp: cannot create regular file '/dev/shm/linux/./sound/isa/wavefront/wavefront_midi.c': File exists
cp: cannot create regular file '/dev/shm/linux/./sound/isa/wss/wss_lib.c': File exists
cp: cannot create regular file '/dev/shm/linux/./sound/mips/Kconfig': File exists
cp: cannot create regular file '/dev/shm/linux/./sound/mips/ad1843.c': File exists
cp: cannot create regular file '/dev/shm/linux/./sound/mips/hal2.h': File exists
cp: cannot create regular file '/dev/shm/linux/./sound/mips/snd-n64.c': File exists
cp: cannot create regular file '/dev/shm/linux/./sound/pci/ac97/Makefile': File exists
cp: cannot create regular file '/dev/shm/linux/./sound/pci/ac97/ac97_id.h': File exists
cp: cannot create regular file '/dev/shm/linux/./sound/pci/ac97/ac97_local.h': File exists
cp: cannot create regular file '/dev/shm/linux/./sound/pci/ali5451/ali5451.c': File exists
cp: cannot create directory '/dev/shm/linux/./sound/pci/asihpi': File exists
cp: cannot create regular file '/dev/shm/linux/./sound/pci/aw2/aw2-alsa.c': File exists
cp: cannot create regular file '/dev/shm/linux/./sound/pci/aw2/aw2-saa7146.h': File exists
cp: cannot create regular file '/dev/shm/linux/./sound/pci/azt3328.c': File exists
cp: cannot create regular file '/dev/shm/linux/./sound/pci/bt87x.c': File exists
cp: cannot create regular file '/dev/shm/linux/./sound/pci/cs46xx/cs46xx_dsp_spos.h': File exists
cp: cannot create regular file '/dev/shm/linux/./sound/pci/cs46xx/cs46xx_lib.c': File exists
cp: cannot create regular file '/dev/shm/linux/./sound/pci/cs46xx/dsp_spos.c': File exists
cp: cannot create regular file '/dev/shm/linux/./sound/pci/cs46xx/dsp_spos_scb_lib.c': File exists
cp: cannot create regular file '/dev/shm/linux/./sound/pci/cs5535audio/cs5535audio.c': File exists
cp: cannot create regular file '/dev/shm/linux/./sound/pci/cs5535audio/cs5535audio_olpc.c': File exists
cp: cannot create regular file '/dev/shm/linux/./sound/pci/cs5535audio/cs5535audio_pm.c': File exists
cp: cannot create regular file '/dev/shm/linux/./sound/pci/echoaudio/layla24_dsp.c': File exists
cp: cannot create regular file '/dev/shm/linux/./sound/pci/echoaudio/mia.c': File exists
cp: cannot create regular file '/dev/shm/linux/./sound/pci/echoaudio/midi.c': File exists
cp: cannot create regular file '/dev/shm/linux/./sound/pci/echoaudio/mona_dsp.c': File exists
cp: cannot create regular file '/dev/shm/linux/./sound/pci/ice1712/maya44.c': File exists
cp: cannot create regular file '/dev/shm/linux/./sound/pci/ice1712/phase.c': File exists
cp: cannot create regular file '/dev/shm/linux/./sound/pci/ice1712/pontis.c': File exists
cp: cannot create regular file '/dev/shm/linux/./sound/pci/ice1712/prodigy192.c': File exists
cp: cannot create regular file '/dev/shm/linux/./sound/pci/ice1712/prodigy_hifi.c': File exists
cp: cannot create regular file '/dev/shm/linux/./sound/pci/ice1712/psc724.c': File exists
cp: cannot create regular file '/dev/shm/linux/./sound/pci/ice1712/quartet.c': File exists
cp: cannot create regular file '/dev/shm/linux/./sound/pci/ice1712/revo.c': File exists
cp: cannot create regular file '/dev/shm/linux/./sound/pci/ice1712/se.c': File exists
cp: cannot create regular file '/dev/shm/linux/./sound/pci/ice1712/stac946x.h': File exists
cp: cannot create regular file '/dev/shm/linux/./sound/pci/ice1712/vt1720_mobo.h': File exists
cp: cannot create regular file '/dev/shm/linux/./sound/pci/ice1712/wm8766.c': File exists
cp: cannot create regular file '/dev/shm/linux/./sound/pci/ice1712/wm8776.c': File exists
cp: cannot create regular file '/dev/shm/linux/./sound/pci/ice1712/wtm.c': File exists
cp: cannot create regular file '/dev/shm/linux/./sound/pci/ice1712/wtm.h': File exists
cp: cannot create regular file '/dev/shm/linux/./sound/pci/lola/lola.h': File exists
cp: cannot create regular file '/dev/shm/linux/./sound/pci/lola/lola_mixer.c': File exists
cp: cannot create regular file '/dev/shm/linux/./sound/pci/lola/lola_proc.c': File exists
cp: cannot create regular file '/dev/shm/linux/./sound/pci/mixart/mixart_mixer.c': File exists
cp: cannot create regular file '/dev/shm/linux/./sound/pci/nm256/nm256.c': File exists
cp: cannot create regular file '/dev/shm/linux/./sound/pci/oxygen/ak4396.h': File exists
cp: cannot create regular file '/dev/shm/linux/./sound/pci/oxygen/cs2000.h': File exists
cp: cannot create regular file '/dev/shm/linux/./sound/pci/oxygen/cs4362a.h': File exists
cp: cannot create regular file '/dev/shm/linux/./sound/pci/oxygen/oxygen.c': File exists
cp: cannot create regular file '/dev/shm/linux/./sound/pci/oxygen/oxygen_io.c': File exists
cp: cannot create regular file '/dev/shm/linux/./sound/pci/oxygen/oxygen_mixer.c': File exists
cp: cannot create regular file '/dev/shm/linux/./sound/pci/oxygen/oxygen_regs.h': File exists
cp: cannot create regular file '/dev/shm/linux/./sound/pci/oxygen/pcm1796.h': File exists
cp: cannot create regular file '/dev/shm/linux/./sound/pci/oxygen/virtuoso.c': File exists
cp: cannot create regular file '/dev/shm/linux/./sound/pci/oxygen/xonar.h': File exists
cp: cannot create regular file '/dev/shm/linux/./sound/pci/oxygen/xonar_cs43xx.c': File exists
cp: cannot create regular file '/dev/shm/linux/./sound/pci/oxygen/xonar_dg.h': File exists
cp: cannot create regular file '/dev/shm/linux/./sound/pci/oxygen/xonar_hdmi.c': File exists
cp: cannot create regular file '/dev/shm/linux/./sound/pci/oxygen/xonar_pcm179x.c': File exists
cp: cannot create regular file '/dev/shm/linux/./sound/pci/pcxhr/pcxhr.c': File exists
cp: cannot create regular file '/dev/shm/linux/./sound/pci/pcxhr/pcxhr_core.c': File exists
cp: cannot create regular file '/dev/shm/linux/./sound/pci/pcxhr/pcxhr_hwdep.h': File exists
cp: cannot create regular file '/dev/shm/linux/./sound/pci/pcxhr/pcxhr_mix22.h': File exists
cp: cannot create regular file '/dev/shm/linux/./sound/pci/pcxhr/pcxhr_mixer.c': File exists
cp: cannot create regular file '/dev/shm/linux/./sound/pci/rme9652/hdsp.c': File exists
cp: cannot create regular file '/dev/shm/linux/./sound/pci/sis7019.h': File exists
cp: cannot create regular file '/dev/shm/linux/./sound/pci/trident/Makefile': File exists
cp: cannot create regular file '/dev/shm/linux/./sound/pci/trident/trident.h': File exists
cp: cannot create regular file '/dev/shm/linux/./sound/pci/via82xx_modem.c': File exists
cp: cannot create regular file '/dev/shm/linux/./sound/ppc/snd_ps3_reg.h': File exists
cp: cannot create regular file '/dev/shm/linux/./sound/soc/adi/axi-i2s.c': File exists
cp: cannot create regular file '/dev/shm/linux/./sound/soc/adi/axi-spdif.c': File exists
cp: cannot create regular file '/dev/shm/linux/./sound/soc/codecs/adau1781.c': File exists
cp: cannot create regular file '/dev/shm/linux/./sound/soc/codecs/adau17x1.c': File exists
cp: cannot create regular file '/dev/shm/linux/./sound/soc/codecs/adau1977-spi.c': File exists
cp: cannot create regular file '/dev/shm/linux/./sound/soc/codecs/adau1977.h': File exists
cp: cannot create regular file '/dev/shm/linux/./sound/soc/codecs/adau7118-hw.c': File exists
cp: cannot create regular file '/dev/shm/linux/./sound/soc/codecs/adau7118.c': File exists
cp: cannot create regular file '/dev/shm/linux/./sound/soc/codecs/adav801.c': File exists
cp: cannot create regular file '/dev/shm/linux/./sound/soc/codecs/adav80x.c': File exists
cp: cannot create regular file '/dev/shm/linux/./sound/soc/codecs/ak4104.c': File exists
cp: cannot create regular file '/dev/shm/linux/./sound/soc/codecs/ak4375.c': File exists
cp: cannot create regular file '/dev/shm/linux/./sound/soc/codecs/ak4458.h': File exists
cp: cannot create regular file '/dev/shm/linux/./sound/soc/codecs/ak4535.c': File exists
cp: cannot create regular file '/dev/shm/linux/./sound/soc/codecs/ak4554.c': File exists
cp: cannot create regular file '/dev/shm/linux/./sound/soc/codecs/ak4619.c': File exists
cp: cannot create regular file '/dev/shm/linux/./sound/soc/codecs/ak5386.c': File exists
cp: cannot create regular file '/dev/shm/linux/./sound/soc/codecs/ak5558.h': File exists
cp: cannot create regular file '/dev/shm/linux/./sound/soc/codecs/alc5623.h': File exists
cp: cannot create regular file '/dev/shm/linux/./sound/soc/codecs/alc5632.h': File exists
cp: cannot create regular file '/dev/shm/linux/./sound/soc/codecs/arizona-jack.c': File exists
cp: cannot create regular file '/dev/shm/linux/./sound/soc/codecs/aw8738.c': File exists
cp: cannot create regular file '/dev/shm/linux/./sound/soc/codecs/aw87390.h': File exists
cp: cannot create regular file '/dev/shm/linux/./sound/soc/codecs/aw88081.h': File exists
cp: cannot create regular file '/dev/shm/linux/./sound/soc/codecs/cros_ec_codec.c': File exists
cp: cannot create regular file '/dev/shm/linux/./sound/soc/codecs/cs35l32.h': File exists
cp: cannot create regular file '/dev/shm/linux/./sound/soc/codecs/cs35l33.h': File exists
cp: cannot create regular file '/dev/shm/linux/./sound/soc/codecs/cs35l34.h': File exists
cp: cannot create regular file '/dev/shm/linux/./sound/soc/codecs/cs35l35.h': File exists
cp: cannot create regular file '/dev/shm/linux/./sound/soc/codecs/cs35l41-lib.c': File exists
cp: cannot create regular file '/dev/shm/linux/./sound/soc/codecs/cs35l41.c': File exists
cp: cannot create regular file '/dev/shm/linux/./sound/soc/codecs/cs35l45-spi.c': File exists
cp: cannot create regular file '/dev/shm/linux/./sound/soc/codecs/cs35l45.c': File exists
cp: cannot create regular file '/dev/shm/linux/./sound/soc/codecs/cs35l56-i2c.c': File exists
cp: cannot create regular file '/dev/shm/linux/./sound/soc/codecs/cs35l56-sdw.c': File exists
cp: cannot create regular file '/dev/shm/linux/./sound/soc/codecs/cs35l56-shared.c': File exists
cp: cannot create regular file '/dev/shm/linux/./sound/soc/codecs/cs35l56.c': File exists
cp: cannot create regular file '/dev/shm/linux/./sound/soc/codecs/cs40l50-codec.c': File exists
cp: cannot create regular file '/dev/shm/linux/./sound/soc/codecs/cs4234.h': File exists
cp: cannot create regular file '/dev/shm/linux/./sound/soc/codecs/cs4265.h': File exists
cp: cannot create regular file '/dev/shm/linux/./sound/soc/codecs/cs4271-i2c.c': File exists
cp: cannot create regular file '/dev/shm/linux/./sound/soc/codecs/cs4271.c': File exists
cp: cannot create regular file '/dev/shm/linux/./sound/soc/codecs/cs42l42-i2c.c': File exists
cp: cannot create regular file '/dev/shm/linux/./sound/soc/codecs/cs42l42.c': File exists
cp: cannot create regular file '/dev/shm/linux/./sound/soc/codecs/cs42l43-jack.c': File exists
cp: cannot create regular file '/dev/shm/linux/./sound/soc/codecs/cs42l51-i2c.c': File exists
cp: cannot create regular file '/dev/shm/linux/./sound/soc/codecs/cs42l51.h': File exists
cp: cannot create regular file '/dev/shm/linux/./sound/soc/codecs/cs42l73.h': File exists
cp: cannot create regular file '/dev/shm/linux/./sound/soc/codecs/cs42l84.c': File exists
cp: cannot create regular file '/dev/shm/linux/./sound/soc/codecs/cs42xx8-i2c.c': File exists
cp: cannot create regular file '/dev/shm/linux/./sound/soc/codecs/cs42xx8.h': File exists
cp: cannot create regular file '/dev/shm/linux/./sound/soc/codecs/cs4349.c': File exists
cp: cannot create regular file '/dev/shm/linux/./sound/soc/codecs/cs47l24.c': File exists
cp: cannot create regular file '/dev/shm/linux/./sound/soc/codecs/cs47l35.c': File exists
cp: cannot create regular file '/dev/shm/linux/./sound/soc/codecs/cs48l32-tables.c': File exists
cp: cannot create regular file '/dev/shm/linux/./sound/soc/codecs/cs530x.c': File exists
cp: cannot create regular file '/dev/shm/linux/./sound/soc/codecs/cs53l30.c': File exists
cp: cannot create regular file '/dev/shm/linux/./sound/soc/codecs/cx20442.c': File exists
cp: cannot create regular file '/dev/shm/linux/./sound/soc/codecs/cx2072x.c': File exists
cp: cannot create regular file '/dev/shm/linux/./sound/soc/codecs/da7210.c': File exists
cp: cannot create regular file '/dev/shm/linux/./sound/soc/codecs/da7219-aad.h': File exists
cp: cannot create regular file '/dev/shm/linux/./sound/soc/codecs/da9055.c': File exists
cp: cannot create regular file '/dev/shm/linux/./sound/soc/codecs/es7134.c': File exists
cp: cannot create regular file '/dev/shm/linux/./sound/soc/codecs/es8311.c': File exists
cp: cannot create regular file '/dev/shm/linux/./sound/soc/codecs/es8316.c': File exists
cp: cannot create regular file '/dev/shm/linux/./sound/soc/codecs/es8323.h': File exists
cp: cannot create regular file '/dev/shm/linux/./sound/soc/codecs/es8326.h': File exists
cp: cannot create regular file '/dev/shm/linux/./sound/soc/codecs/es8328-spi.c': File exists
cp: cannot create regular file '/dev/shm/linux/./sound/soc/codecs/es8328.h': File exists
cp: cannot create regular file '/dev/shm/linux/./sound/soc/codecs/es8375.h': File exists
cp: cannot create regular file '/dev/shm/linux/./sound/soc/codecs/es8389.h': File exists
cp: cannot create regular file '/dev/shm/linux/./sound/soc/codecs/es83xx-dsm-common.h': File exists
cp: cannot create regular file '/dev/shm/linux/./sound/soc/codecs/framer-codec.c': File exists
cp: cannot create regular file '/dev/shm/linux/./sound/soc/codecs/fs-amp-lib.h': File exists
cp: cannot create regular file '/dev/shm/linux/./sound/soc/codecs/fs210x.h': File exists
cp: cannot create regular file '/dev/shm/linux/./sound/soc/codecs/hda-dai.c': File exists
cp: cannot create regular file '/dev/shm/linux/./sound/soc/codecs/hda.h': File exists
cp: cannot create regular file '/dev/shm/linux/./sound/soc/codecs/hdac_hda.h': File exists
cp: cannot create regular file '/dev/shm/linux/./sound/soc/codecs/hdmi-codec.c': File exists
cp: cannot create regular file '/dev/shm/linux/./sound/soc/codecs/idt821034.c': File exists
cp: cannot create regular file '/dev/shm/linux/./sound/soc/codecs/inno_rk3036.h': File exists
cp: cannot create regular file '/dev/shm/linux/./sound/soc/codecs/jz4770.c': File exists
cp: cannot create regular file '/dev/shm/linux/./sound/soc/codecs/lm49453.c': File exists
cp: cannot create regular file '/dev/shm/linux/./sound/soc/codecs/lochnagar-sc.c': File exists
cp: cannot create regular file '/dev/shm/linux/./sound/soc/codecs/lpass-macro-common.h': File exists
cp: cannot create regular file '/dev/shm/linux/./sound/soc/codecs/lpass-wsa-macro.c': File exists
cp: cannot create regular file '/dev/shm/linux/./sound/soc/codecs/madera.c': File exists
cp: cannot create regular file '/dev/shm/linux/./sound/soc/codecs/max9759.c': File exists
cp: cannot create regular file '/dev/shm/linux/./sound/soc/codecs/max98088.c': File exists
cp: cannot create regular file '/dev/shm/linux/./sound/soc/codecs/max98090.c': File exists
cp: cannot create regular file '/dev/shm/linux/./sound/soc/codecs/max98357a.c': File exists
cp: cannot create regular file '/dev/shm/linux/./sound/soc/codecs/max98363.h': File exists
cp: cannot create regular file '/dev/shm/linux/./sound/soc/codecs/max98371.h': File exists
cp: cannot create regular file '/dev/shm/linux/./sound/soc/codecs/max98373-sdw.c': File exists
cp: cannot create regular file '/dev/shm/linux/./sound/soc/codecs/max98373.h': File exists
cp: cannot create regular file '/dev/shm/linux/./sound/soc/codecs/max98388.c': File exists
cp: cannot create regular file '/dev/shm/linux/./sound/soc/codecs/max98390.c': File exists
cp: cannot create regular file '/dev/shm/linux/./sound/soc/codecs/max98396.c': File exists
cp: cannot create regular file '/dev/shm/linux/./sound/soc/codecs/max9850.c': File exists
cp: cannot create regular file '/dev/shm/linux/./sound/soc/codecs/max98504.c': File exists
cp: cannot create regular file '/dev/shm/linux/./sound/soc/codecs/max98520.c': File exists
cp: cannot create regular file '/dev/shm/linux/./sound/soc/codecs/max9860.c': File exists
cp: cannot create regular file '/dev/shm/linux/./sound/soc/codecs/max9867.c': File exists
cp: cannot create regular file '/dev/shm/linux/./sound/soc/codecs/max9877.c': File exists
cp: cannot create regular file '/dev/shm/linux/./sound/soc/codecs/max98925.c': File exists
cp: cannot create regular file '/dev/shm/linux/./sound/soc/codecs/mc13783.c': File exists
cp: cannot create regular file '/dev/shm/linux/./sound/soc/codecs/ml26124.c': File exists
cp: cannot create regular file '/dev/shm/linux/./sound/soc/codecs/msm8916-wcd-analog.c': File exists
cp: cannot create regular file '/dev/shm/linux/./sound/soc/codecs/mt6357.c': File exists
cp: cannot create regular file '/dev/shm/linux/./sound/soc/codecs/mt6358.c': File exists
cp: cannot create regular file '/dev/shm/linux/./sound/soc/codecs/nau8315.c': File exists
cp: cannot create regular file '/dev/shm/linux/./sound/soc/codecs/nau8325.h': File exists
cp: cannot create regular file '/dev/shm/linux/./sound/soc/codecs/nau8540.h': File exists
cp: cannot create regular file '/dev/shm/linux/./sound/soc/codecs/nau8810.h': File exists
cp: cannot create regular file '/dev/shm/linux/./sound/soc/codecs/nau8821.h': File exists
cp: cannot create regular file '/dev/shm/linux/./sound/soc/codecs/nau8822.h': File exists
cp: cannot create regular file '/dev/shm/linux/./sound/soc/codecs/nau8824.c': File exists
cp: cannot create regular file '/dev/shm/linux/./sound/soc/codecs/nau8825.c': File exists
cp: cannot create regular file '/dev/shm/linux/./sound/soc/codecs/ntpfw.c': File exists
cp: cannot create regular file '/dev/shm/linux/./sound/soc/codecs/pcm1681.c': File exists
cp: cannot create regular file '/dev/shm/linux/./sound/soc/codecs/pcm1789-i2c.c': File exists
cp: cannot create regular file '/dev/shm/linux/./sound/soc/codecs/pcm179x-i2c.c': File exists
cp: cannot create regular file '/dev/shm/linux/./sound/soc/codecs/pcm179x.c': File exists
cp: cannot create regular file '/dev/shm/linux/./sound/soc/codecs/pcm186x-i2c.c': File exists
cp: cannot create regular file '/dev/shm/linux/./sound/soc/codecs/pcm186x.c': File exists
cp: cannot create regular file '/dev/shm/linux/./sound/soc/codecs/pcm3008.c': File exists
cp: cannot create regular file '/dev/shm/linux/./sound/soc/codecs/pcm3060-spi.c': File exists
cp: cannot create regular file '/dev/shm/linux/./sound/soc/codecs/pcm3060.c': File exists
cp: cannot create regular file '/dev/shm/linux/./sound/soc/codecs/pcm3168a-i2c.c': File exists
cp: cannot create regular file '/dev/shm/linux/./sound/soc/codecs/pcm3168a.c': File exists
cp: cannot create regular file '/dev/shm/linux/./sound/soc/codecs/pcm512x-i2c.c': File exists
cp: cannot create regular file '/dev/shm/linux/./sound/soc/codecs/pcm512x.c': File exists
cp: cannot create regular file '/dev/shm/linux/./sound/soc/codecs/pcm6240.c': File exists
cp: cannot create regular file '/dev/shm/linux/./sound/soc/codecs/peb2466.c': File exists
cp: cannot create regular file '/dev/shm/linux/./sound/soc/codecs/pm4125.c': File exists
cp: cannot create regular file '/dev/shm/linux/./sound/soc/codecs/rk3308_codec.c': File exists
cp: cannot create regular file '/dev/shm/linux/./sound/soc/codecs/rk3328_codec.c': File exists
cp: cannot create regular file '/dev/shm/linux/./sound/soc/codecs/rk817_codec.c': File exists
cp: cannot create regular file '/dev/shm/linux/./sound/soc/codecs/rl6231.h': File exists
cp: cannot create regular file '/dev/shm/linux/./sound/soc/codecs/rl6347a.h': File exists
cp: cannot create regular file '/dev/shm/linux/./sound/soc/codecs/rt-sdw-common.h': File exists
cp: cannot create regular file '/dev/shm/linux/./sound/soc/codecs/rt1016.c': File exists
cp: cannot create regular file '/dev/shm/linux/./sound/soc/codecs/rt1017-sdca-sdw.c': File exists
cp: cannot create regular file '/dev/shm/linux/./sound/soc/codecs/rt1019.h': File exists
cp: cannot create regular file '/dev/shm/linux/./sound/soc/codecs/rt1305.h': File exists
cp: cannot create regular file '/dev/shm/linux/./sound/soc/codecs/rt1308-sdw.h': File exists
cp: cannot create regular file '/dev/shm/linux/./sound/soc/codecs/rt1308.h': File exists
cp: cannot create regular file '/dev/shm/linux/./sound/soc/codecs/rt1316-sdw.h': File exists
cp: cannot create regular file '/dev/shm/linux/./sound/soc/codecs/rt1318-sdw.h': File exists
cp: cannot create regular file '/dev/shm/linux/./sound/soc/codecs/rt1318.c': File exists
cp: cannot create regular file '/dev/shm/linux/./sound/soc/codecs/rt274.h': File exists
cp: cannot create regular file '/dev/shm/linux/./sound/soc/codecs/rt286.h': File exists
cp: cannot create regular file '/dev/shm/linux/./sound/soc/codecs/rt298.h': File exists
cp: cannot create regular file '/dev/shm/linux/./sound/soc/codecs/rt5514-spi.h': File exists
cp: cannot create regular file '/dev/shm/linux/./sound/soc/codecs/rt5575.c': File exists
cp: cannot create regular file '/dev/shm/linux/./sound/soc/codecs/rt5616.c': File exists
cp: cannot create regular file '/dev/shm/linux/./sound/soc/codecs/rt5640.c': File exists
cp: cannot create regular file '/dev/shm/linux/./sound/soc/codecs/rt5659.c': File exists
cp: cannot create regular file '/dev/shm/linux/./sound/soc/codecs/rt5663.c': File exists
cp: cannot create regular file '/dev/shm/linux/./sound/soc/codecs/rt5670-dsp.h': File exists
cp: cannot create regular file '/dev/shm/linux/./sound/soc/codecs/rt5670.c': File exists
cp: cannot create regular file '/dev/shm/linux/./sound/soc/codecs/rt5677.c': File exists
cp: cannot create regular file '/dev/shm/linux/./sound/soc/codecs/rt5682-i2c.c': File exists
cp: cannot create regular file '/dev/shm/linux/./sound/soc/codecs/rt5682.c': File exists
cp: cannot create regular file '/dev/shm/linux/./sound/soc/codecs/rt700-sdw.c': File exists
cp: cannot create regular file '/dev/shm/linux/./sound/soc/codecs/rt700.c': File exists
cp: cannot create regular file '/dev/shm/linux/./sound/soc/codecs/rt711-sdca-sdw.c': File exists
cp: cannot create regular file '/dev/shm/linux/./sound/soc/codecs/rt711-sdca.c': File exists
cp: cannot create regular file '/dev/shm/linux/./sound/soc/codecs/rt711-sdw.c': File exists
cp: cannot create regular file '/dev/shm/linux/./sound/soc/codecs/rt711-sdw.h': File exists
cp: cannot create regular file '/dev/shm/linux/./sound/soc/codecs/rt712-sdca-dmic.h': File exists
cp: cannot create regular file '/dev/shm/linux/./sound/soc/codecs/rt712-sdca-sdw.h': File exists
cp: cannot create regular file '/dev/shm/linux/./sound/soc/codecs/rt715-sdca-sdw.h': File exists
cp: cannot create regular file '/dev/shm/linux/./sound/soc/codecs/rt715-sdca.h': File exists
cp: cannot create regular file '/dev/shm/linux/./sound/soc/codecs/rt715-sdw.h': File exists
cp: cannot create regular file '/dev/shm/linux/./sound/soc/codecs/rt715.h': File exists
cp: cannot create regular file '/dev/shm/linux/./sound/soc/codecs/rt721-sdca-sdw.c': File exists
cp: cannot create regular file '/dev/shm/linux/./sound/soc/codecs/rt721-sdca.c': File exists
cp: cannot create regular file '/dev/shm/linux/./sound/soc/codecs/rt722-sdca-sdw.c': File exists
cp: cannot create regular file '/dev/shm/linux/./sound/soc/codecs/rt722-sdca.c': File exists
cp: cannot create regular file '/dev/shm/linux/./sound/soc/codecs/rt9120.c': File exists
cp: cannot create regular file '/dev/shm/linux/./sound/soc/codecs/rt9123p.c': File exists
cp: cannot create regular file '/dev/shm/linux/./sound/soc/codecs/rtq9124.c': File exists
cp: cannot create regular file '/dev/shm/linux/./sound/soc/codecs/rtq9128.c': File exists
cp: cannot create regular file '/dev/shm/linux/./sound/soc/codecs/sgtl5000.c': File exists
cp: cannot create regular file '/dev/shm/linux/./sound/soc/codecs/si476x.c': File exists
cp: cannot create regular file '/dev/shm/linux/./sound/soc/codecs/sigmadsp-regmap.c': File exists
cp: cannot create regular file '/dev/shm/linux/./sound/soc/codecs/sigmadsp.h': File exists
cp: cannot create regular file '/dev/shm/linux/./sound/soc/codecs/simple-mux.c': File exists
cp: cannot create regular file '/dev/shm/linux/./sound/soc/codecs/sma1303.h': File exists
cp: cannot create regular file '/dev/shm/linux/./sound/soc/codecs/spdif_transmitter.c': File exists
cp: cannot create regular file '/dev/shm/linux/./sound/soc/codecs/src4xxx.c': File exists
cp: cannot create regular file '/dev/shm/linux/./sound/soc/codecs/ssm2305.c': File exists
cp: cannot create regular file '/dev/shm/linux/./sound/soc/codecs/ssm2518.h': File exists
cp: cannot create regular file '/dev/shm/linux/./sound/soc/codecs/ssm2602-i2c.c': File exists
cp: cannot create regular file '/dev/shm/linux/./sound/soc/codecs/ssm2602.c': File exists
cp: cannot create regular file '/dev/shm/linux/./sound/soc/codecs/ssm4567.c': File exists
cp: cannot create regular file '/dev/shm/linux/./sound/soc/codecs/sta32x.h': File exists
cp: cannot create regular file '/dev/shm/linux/./sound/soc/codecs/sta350.h': File exists
cp: cannot create regular file '/dev/shm/linux/./sound/soc/codecs/stac9766.c': File exists
cp: cannot create regular file '/dev/shm/linux/./sound/soc/codecs/tas2552.c': File exists
cp: cannot create regular file '/dev/shm/linux/./sound/soc/codecs/tas2562.c': File exists
cp: cannot create regular file '/dev/shm/linux/./sound/soc/codecs/tas2764-quirks.h': File exists
cp: cannot create regular file '/dev/shm/linux/./sound/soc/codecs/tas2764.h': File exists
cp: cannot create regular file '/dev/shm/linux/./sound/soc/codecs/tas2770.h': File exists
cp: cannot create regular file '/dev/shm/linux/./sound/soc/codecs/tas2780.h': File exists
cp: cannot create regular file '/dev/shm/linux/./sound/soc/codecs/tas2781-comlib.c': File exists
cp: cannot create regular file '/dev/shm/linux/./sound/soc/codecs/tas571x.c': File exists
cp: cannot create regular file '/dev/shm/linux/./sound/soc/codecs/tas5720.c': File exists
cp: cannot create regular file '/dev/shm/linux/./sound/soc/codecs/tas5805m.c': File exists
cp: cannot create regular file '/dev/shm/linux/./sound/soc/codecs/tas6424.h': File exists
cp: cannot create regular file '/dev/shm/linux/./sound/soc/codecs/tfa989x.c': File exists
cp: cannot create regular file '/dev/shm/linux/./sound/soc/codecs/tlv320aic23-spi.c': File exists
cp: cannot create regular file '/dev/shm/linux/./sound/soc/codecs/tlv320aic23.h': File exists
cp: cannot create regular file '/dev/shm/linux/./sound/soc/codecs/tlv320aic26.c': File exists
cp: cannot create regular file '/dev/shm/linux/./sound/soc/codecs/tlv320aic31xx.c': File exists
cp: cannot create regular file '/dev/shm/linux/./sound/soc/codecs/tlv320aic32x4-clk.c': File exists
cp: cannot create regular file '/dev/shm/linux/./sound/soc/codecs/tlv320aic32x4-spi.c': File exists
cp: cannot create regular file '/dev/shm/linux/./sound/soc/codecs/tlv320aic3x.c': File exists
cp: cannot create regular file '/dev/shm/linux/./sound/soc/codecs/tlv320dac33.c': File exists
cp: cannot create regular file '/dev/shm/linux/./sound/soc/codecs/tpa6130a2.h': File exists
cp: cannot create regular file '/dev/shm/linux/./sound/soc/codecs/ts3a227e.h': File exists
cp: cannot create regular file '/dev/shm/linux/./sound/soc/codecs/twl6040.c': File exists
cp: cannot create regular file '/dev/shm/linux/./sound/soc/codecs/uda1334.c': File exists
cp: cannot create regular file '/dev/shm/linux/./sound/soc/codecs/uda1342.h': File exists
cp: cannot create regular file '/dev/shm/linux/./sound/soc/codecs/uda1380.h': File exists
cp: cannot create regular file '/dev/shm/linux/./sound/soc/codecs/wcd938x.c': File exists
cp: cannot create regular file '/dev/shm/linux/./sound/soc/codecs/wm2000.h': File exists
cp: cannot create regular file '/dev/shm/linux/./sound/soc/codecs/wm5100.c': File exists
cp: cannot create regular file '/dev/shm/linux/./sound/soc/codecs/wm5110.c': File exists
cp: cannot create regular file '/dev/shm/linux/./sound/soc/codecs/wm8350.c': File exists
cp: cannot create regular file '/dev/shm/linux/./sound/soc/codecs/wm8400.c': File exists
cp: cannot create regular file '/dev/shm/linux/./sound/soc/codecs/wm8400.h': File exists
cp: cannot create regular file '/dev/shm/linux/./sound/soc/codecs/wm8510.h': File exists
cp: cannot create regular file '/dev/shm/linux/./sound/soc/codecs/wm8524.c': File exists
cp: cannot create regular file '/dev/shm/linux/./sound/soc/codecs/wm8580.h': File exists
cp: cannot create regular file '/dev/shm/linux/./sound/soc/codecs/wm8711.c': File exists
cp: cannot create regular file '/dev/shm/linux/./sound/soc/codecs/wm8727.c': File exists
cp: cannot create regular file '/dev/shm/linux/./sound/soc/codecs/wm8728.h': File exists
cp: cannot create regular file '/dev/shm/linux/./sound/soc/codecs/wm8731-spi.c': File exists
cp: cannot create regular file '/dev/shm/linux/./sound/soc/codecs/wm8731.h': File exists
cp: cannot create regular file '/dev/shm/linux/./sound/soc/codecs/wm8737.h': File exists
cp: cannot create regular file '/dev/shm/linux/./sound/soc/codecs/wm8741.h': File exists
cp: cannot create regular file '/dev/shm/linux/./sound/soc/codecs/wm8750.h': File exists
cp: cannot create regular file '/dev/shm/linux/./sound/soc/codecs/wm8753.c': File exists
cp: cannot create regular file '/dev/shm/linux/./sound/soc/codecs/wm8776.h': File exists
cp: cannot create regular file '/dev/shm/linux/./sound/soc/codecs/wm8804-i2c.c': File exists
cp: cannot create regular file '/dev/shm/linux/./sound/soc/codecs/wm8804.c': File exists
cp: cannot create regular file '/dev/shm/linux/./sound/soc/codecs/wm8900.c': File exists
cp: cannot create regular file '/dev/shm/linux/./sound/soc/codecs/wm8904.h': File exists
cp: cannot create regular file '/dev/shm/linux/./sound/soc/codecs/wm8955.h': File exists
cp: cannot create regular file '/dev/shm/linux/./sound/soc/codecs/wm8960.c': File exists
cp: cannot create regular file '/dev/shm/linux/./sound/soc/codecs/wm8961.c': File exists
cp: cannot create regular file '/dev/shm/linux/./sound/soc/codecs/wm8962.c': File exists
cp: cannot create regular file '/dev/shm/linux/./sound/soc/codecs/wm8974.c': File exists
cp: cannot create regular file '/dev/shm/linux/./sound/soc/codecs/wm8978.c': File exists
cp: cannot create regular file '/dev/shm/linux/./sound/soc/codecs/wm8990.h': File exists
cp: cannot create regular file '/dev/shm/linux/./sound/soc/codecs/wm8991.h': File exists
cp: cannot create regular file '/dev/shm/linux/./sound/soc/codecs/wm8993.h': File exists
cp: cannot create regular file '/dev/shm/linux/./sound/soc/codecs/wm8995.h': File exists
cp: cannot create regular file '/dev/shm/linux/./sound/soc/codecs/wm8997.h': File exists
cp: cannot create regular file '/dev/shm/linux/./sound/soc/codecs/wm8998.c': File exists
cp: cannot create regular file '/dev/shm/linux/./sound/soc/codecs/wm9081.c': File exists
cp: cannot create regular file '/dev/shm/linux/./sound/soc/codecs/wm9090.c': File exists
cp: cannot create regular file '/dev/shm/linux/./sound/soc/codecs/wm9705.c': File exists
cp: cannot create regular file '/dev/shm/linux/./sound/soc/codecs/wm9713.c': File exists
cp: cannot create regular file '/dev/shm/linux/./sound/soc/codecs/wm_hubs.c': File exists
cp: cannot create regular file '/dev/shm/linux/./sound/soc/codecs/wsa881x.c': File exists
cp: cannot create regular file '/dev/shm/linux/./sound/soc/codecs/wsa884x.c': File exists
cp: cannot create regular file '/dev/shm/linux/./sound/soc/dwc/Kconfig': File exists
cp: cannot create regular file '/dev/shm/linux/./sound/soc/dwc/dwc-pcm.c': File exists
cp: cannot create regular file '/dev/shm/linux/./sound/soc/fsl/Makefile': File exists
cp: cannot create regular file '/dev/shm/linux/./sound/soc/fsl/eukrea-tlv320.c': File exists
cp: cannot create regular file '/dev/shm/linux/./sound/soc/fsl/fsl_asrc.c': File exists
cp: cannot create regular file '/dev/shm/linux/./sound/soc/fsl/fsl_asrc_common.h': File exists
cp: cannot create regular file '/dev/shm/linux/./sound/soc/fsl/fsl_asrc_dma.c': File exists
cp: cannot create regular file '/dev/shm/linux/./sound/soc/fsl/fsl_asrc_m2m.c': File exists
cp: cannot create regular file '/dev/shm/linux/./sound/soc/fsl/fsl_aud2htx.h': File exists
cp: cannot create regular file '/dev/shm/linux/./sound/soc/fsl/fsl_audmix.h': File exists
cp: cannot create regular file '/dev/shm/linux/./sound/soc/fsl/fsl_dma.h': File exists
cp: cannot create regular file '/dev/shm/linux/./sound/soc/fsl/fsl_esai.h': File exists
cp: cannot create regular file '/dev/shm/linux/./sound/soc/fsl/fsl_rpmsg.c': File exists
cp: cannot create regular file '/dev/shm/linux/./sound/soc/fsl/fsl_sai.c': File exists
cp: cannot create regular file '/dev/shm/linux/./sound/soc/fsl/fsl_spdif.c': File exists
cp: cannot create regular file '/dev/shm/linux/./sound/soc/fsl/fsl_ssi.c': File exists
cp: cannot create regular file '/dev/shm/linux/./sound/soc/fsl/fsl_ssi_dbg.c': File exists
cp: cannot create regular file '/dev/shm/linux/./sound/soc/fsl/fsl_utils.h': File exists
cp: cannot create regular file '/dev/shm/linux/./sound/soc/fsl/fsl_xcvr.h': File exists
cp: cannot create regular file '/dev/shm/linux/./sound/soc/fsl/imx-audmix.c': File exists
cp: cannot create regular file '/dev/shm/linux/./sound/soc/fsl/imx-audmux.h': File exists
cp: cannot create regular file '/dev/shm/linux/./sound/soc/fsl/imx-es8328.c': File exists
cp: cannot create regular file '/dev/shm/linux/./sound/soc/fsl/imx-pcm-dma.c': File exists
cp: cannot create regular file '/dev/shm/linux/./sound/soc/fsl/imx-pcm-rpmsg.c': File exists
cp: cannot create regular file '/dev/shm/linux/./sound/soc/fsl/imx-pcm.h': File exists
cp: cannot create regular file '/dev/shm/linux/./sound/soc/fsl/imx-rpmsg.c': File exists
cp: cannot create regular file '/dev/shm/linux/./sound/soc/fsl/imx-ssi.h': File exists
cp: cannot create regular file '/dev/shm/linux/./sound/soc/fsl/lpc3xxx-i2s.h': File exists
cp: cannot create regular file '/dev/shm/linux/./sound/soc/fsl/mpc5200_dma.c': File exists
cp: cannot create regular file '/dev/shm/linux/./sound/soc/fsl/mpc5200_psc_ac97.c': File exists
cp: cannot create regular file '/dev/shm/linux/./sound/soc/fsl/p1022_ds.c': File exists
cp: cannot create regular file '/dev/shm/linux/./sound/soc/fsl/pcm030-audio-fabric.c': File exists
cp: cannot create regular file '/dev/shm/linux/./sound/soc/img/img-spdif-out.c': File exists
cp: cannot create regular file '/dev/shm/linux/./sound/soc/intel/Makefile': File exists
cp: cannot create regular file '/dev/shm/linux/./sound/soc/intel/avs/boards/rt5663.c': File exists
cp: cannot create regular file '/dev/shm/linux/./sound/soc/intel/avs/boards/rt5682.c': File exists
cp: cannot create regular file '/dev/shm/linux/./sound/soc/intel/avs/cldma.c': File exists
cp: cannot create regular file '/dev/shm/linux/./sound/soc/intel/avs/cnl.c': File exists
cp: cannot create regular file '/dev/shm/linux/./sound/soc/intel/avs/control.c': File exists
cp: cannot create regular file '/dev/shm/linux/./sound/soc/intel/avs/core.c': File exists
cp: cannot create regular file '/dev/shm/linux/./sound/soc/intel/avs/dsp.c': File exists
cp: cannot create regular file '/dev/shm/linux/./sound/soc/intel/avs/ipc.c': File exists
cp: cannot create regular file '/dev/shm/linux/./sound/soc/intel/avs/loader.c': File exists
cp: cannot create regular file '/dev/shm/linux/./sound/soc/intel/avs/messages.h': File exists
cp: cannot create regular file '/dev/shm/linux/./sound/soc/intel/avs/mtl.c': File exists
cp: cannot create regular file '/dev/shm/linux/./sound/soc/intel/avs/pcm.c': File exists
cp: cannot create regular file '/dev/shm/linux/./sound/soc/intel/avs/probes.c': File exists
cp: cannot create regular file '/dev/shm/linux/./sound/soc/intel/avs/skl.c': File exists
cp: cannot create regular file '/dev/shm/linux/./sound/soc/intel/avs/tgl.c': File exists
cp: cannot create regular file '/dev/shm/linux/./sound/soc/intel/avs/topology.h': File exists
cp: cannot create regular file '/dev/shm/linux/./sound/soc/intel/avs/utils.c': File exists
cp: cannot create directory '/dev/shm/linux/./sound/soc/jz4740': File exists
cp: cannot create regular file '/dev/shm/linux/./sound/soc/loongson/loongson1_ac97.c': File exists
cp: cannot create regular file '/dev/shm/linux/./sound/soc/loongson/loongson_dma.c': File exists
cp: cannot create regular file '/dev/shm/linux/./sound/soc/loongson/loongson_dma.h': File exists
cp: cannot create regular file '/dev/shm/linux/./sound/soc/loongson/loongson_i2s.h': File exists
cp: cannot create regular file '/dev/shm/linux/./sound/soc/loongson/loongson_i2s_pci.c': File exists
cp: cannot create regular file '/dev/shm/linux/./sound/soc/mediatek/Makefile': File exists
cp: cannot create regular file '/dev/shm/linux/./sound/soc/mediatek/common/mtk-afe-fe-dai.c': File exists
cp: cannot create regular file '/dev/shm/linux/./sound/soc/mediatek/common/mtk-afe-platform-driver.c': File exists
cp: cannot create regular file '/dev/shm/linux/./sound/soc/mediatek/common/mtk-base-afe.h': File exists
cp: cannot create regular file '/dev/shm/linux/./sound/soc/mediatek/common/mtk-dai-adda-common.c': File exists
cp: cannot create regular file '/dev/shm/linux/./sound/soc/mediatek/common/mtk-dsp-sof-common.c': File exists
cp: cannot create regular file '/dev/shm/linux/./sound/soc/mediatek/common/mtk-soc-card.h': File exists
cp: cannot create regular file '/dev/shm/linux/./sound/soc/mediatek/common/mtk-soundcard-driver.h': File exists
cp: cannot create regular file '/dev/shm/linux/./sound/soc/mediatek/mt6797/mt6797-interconnection.h': File exists
cp: cannot create regular file '/dev/shm/linux/./sound/soc/mediatek/mt6797/mt6797-reg.h': File exists
cp: cannot create regular file '/dev/shm/linux/./sound/soc/mediatek/mt8173/mt8173-rt5650.c': File exists
cp: cannot create regular file '/dev/shm/linux/./sound/soc/mediatek/mt8186/mt8186-dai-src.c': File exists
cp: cannot create regular file '/dev/shm/linux/./sound/soc/mediatek/mt8186/mt8186-mt6366-common.c': File exists
cp: cannot create regular file '/dev/shm/linux/./sound/soc/mediatek/mt8186/mt8186-mt6366-common.h': File exists
cp: cannot create regular file '/dev/shm/linux/./sound/soc/mediatek/mt8186/mt8186-reg.h': File exists
cp: cannot create regular file '/dev/shm/linux/./sound/soc/mediatek/mt8365/mt8365-afe-clk.h': File exists
cp: cannot create regular file '/dev/shm/linux/./sound/soc/mediatek/mt8365/mt8365-afe-pcm.c': File exists
cp: cannot create regular file '/dev/shm/linux/./sound/soc/mediatek/mt8365/mt8365-dai-dmic.c': File exists
cp: cannot create regular file '/dev/shm/linux/./sound/soc/mediatek/mt8365/mt8365-dai-pcm.c': File exists
cp: cannot create regular file '/dev/shm/linux/./sound/soc/mediatek/mt8365/mt8365-reg.h': File exists
cp: cannot create regular file '/dev/shm/linux/./sound/soc/qcom/lpass.h': File exists
cp: cannot create regular file '/dev/shm/linux/./sound/soc/renesas/siu_dai.c': File exists
cp: cannot create regular file '/dev/shm/linux/./sound/soc/renesas/ssi.c': File exists
cp: cannot create regular file '/dev/shm/linux/./sound/soc/samsung/pcm.c': File exists
cp: cannot create regular file '/dev/shm/linux/./sound/soc/samsung/smdk_spdif.c': File exists
cp: cannot create regular file '/dev/shm/linux/./sound/soc/samsung/smdk_wm8994pcm.c': File exists
cp: cannot create regular file '/dev/shm/linux/./sound/soc/samsung/spdif.c': File exists
cp: cannot create regular file '/dev/shm/linux/./sound/soc/samsung/speyside.c': File exists
cp: cannot create regular file '/dev/shm/linux/./sound/soc/sdw_utils/soc_sdw_ti_amp.c': File exists
cp: cannot create regular file '/dev/shm/linux/./sound/soc/soc-card-test.c': File exists
cp: cannot create regular file '/dev/shm/linux/./sound/soc/soc-jack.c': File exists
cp: cannot create regular file '/dev/shm/linux/./sound/soc/soc-ops.c': File exists
cp: cannot create regular file '/dev/shm/linux/./sound/soc/soc-utils-test.c': File exists
cp: cannot create regular file '/dev/shm/linux/./sound/soc/sof/Makefile': File exists
cp: cannot create regular file '/dev/shm/linux/./sound/soc/sof/intel/hda-bus.c': File exists
cp: cannot create regular file '/dev/shm/linux/./sound/soc/sof/intel/hda-codec.c': File exists
cp: cannot create regular file '/dev/shm/linux/./sound/soc/sof/intel/hda-ctrl.c': File exists
cp: cannot create regular file '/dev/shm/linux/./sound/soc/sof/intel/hda-dai.c': File exists
cp: cannot create regular file '/dev/shm/linux/./sound/soc/sof/intel/hda-ipc.c': File exists
cp: cannot create regular file '/dev/shm/linux/./sound/soc/sof/intel/hda-loader-skl.c': File exists
cp: cannot create regular file '/dev/shm/linux/./sound/soc/sof/intel/hda-mlink.c': File exists
cp: cannot create regular file '/dev/shm/linux/./sound/soc/sof/intel/hda-probes.c': File exists
cp: cannot create regular file '/dev/shm/linux/./sound/soc/sof/intel/hda-stream.c': File exists
cp: cannot create regular file '/dev/shm/linux/./sound/soc/sof/intel/hda.c': File exists
cp: cannot create regular file '/dev/shm/linux/./sound/soc/sof/intel/icl.c': File exists
cp: cannot create regular file '/dev/shm/linux/./sound/soc/sof/intel/lnl.c': File exists
cp: cannot create regular file '/dev/shm/linux/./sound/soc/sof/intel/mtl.c': File exists
cp: cannot create regular file '/dev/shm/linux/./sound/soc/sof/intel/nvl.h': File exists
cp: cannot create regular file '/dev/shm/linux/./sound/soc/sof/intel/pci-cnl.c': File exists
cp: cannot create regular file '/dev/shm/linux/./sound/soc/sof/intel/pci-lnl.c': File exists
cp: cannot create regular file '/dev/shm/linux/./sound/soc/sof/intel/pci-mtl.c': File exists
cp: cannot create regular file '/dev/shm/linux/./sound/soc/sof/intel/pci-ptl.c': File exists
cp: cannot create regular file '/dev/shm/linux/./sound/soc/sof/intel/pci-tgl.c': File exists
cp: cannot create regular file '/dev/shm/linux/./sound/soc/sof/intel/ptl.c': File exists
cp: cannot create regular file '/dev/shm/linux/./sound/soc/sof/intel/ptl.h': File exists
cp: cannot create regular file '/dev/shm/linux/./sound/soc/sof/intel/skl.c': File exists
cp: cannot create regular file '/dev/shm/linux/./sound/soc/sof/intel/telemetry.h': File exists
cp: cannot create regular file '/dev/shm/linux/./sound/soc/sof/intel/tracepoints.c': File exists
cp: cannot create regular file '/dev/shm/linux/./sound/soc/sof/iomem-utils.c': File exists
cp: cannot create regular file '/dev/shm/linux/./sound/soc/sof/ipc3-control.c': File exists
cp: cannot create regular file '/dev/shm/linux/./sound/soc/sof/ipc3-loader.c': File exists
cp: cannot create regular file '/dev/shm/linux/./sound/soc/sof/ipc3-pcm.c': File exists
cp: cannot create regular file '/dev/shm/linux/./sound/soc/sof/ipc3-priv.h': File exists
cp: cannot create regular file '/dev/shm/linux/./sound/soc/sof/ipc4-topology.c': File exists
cp: cannot create regular file '/dev/shm/linux/./sound/soc/sof/ipc4.c': File exists
cp: cannot create regular file '/dev/shm/linux/./sound/soc/sof/mediatek/Makefile': File exists
cp: cannot create regular file '/dev/shm/linux/./sound/soc/sof/mediatek/mt8186/mt8186-clk.c': File exists
cp: cannot create regular file '/dev/shm/linux/./sound/soc/sof/mediatek/mt8186/mt8186-loader.c': File exists
cp: cannot create regular file '/dev/shm/linux/./sound/soc/sof/mediatek/mt8186/mt8186.h': File exists
cp: cannot create regular file '/dev/shm/linux/./sound/soc/sof/pm.c': File exists
cp: cannot create regular file '/dev/shm/linux/./sound/soc/sof/sof-acpi-dev.h': File exists
cp: cannot create regular file '/dev/shm/linux/./sound/soc/sof/sof-audio.h': File exists
cp: cannot create regular file '/dev/shm/linux/./sound/soc/sof/sof-client-ipc-kernel-injector.c': File exists
cp: cannot create regular file '/dev/shm/linux/./sound/soc/sof/sof-client-probes-ipc3.c': File exists
cp: cannot create regular file '/dev/shm/linux/./sound/soc/sof/sof-client-probes.c': File exists
cp: cannot create regular file '/dev/shm/linux/./sound/soc/sof/sof-client.c': File exists
cp: cannot create regular file '/dev/shm/linux/./sound/soc/sof/sof-of-dev.c': File exists
cp: cannot create regular file '/dev/shm/linux/./sound/soc/sof/sof-pci-dev.c': File exists
cp: cannot create regular file '/dev/shm/linux/./sound/soc/sof/sof-priv.h': File exists
cp: cannot create regular file '/dev/shm/linux/./sound/soc/sof/stream-ipc.c': File exists
cp: cannot create regular file '/dev/shm/linux/./sound/soc/sophgo/cv1800b-tdm.c': File exists
cp: cannot create regular file '/dev/shm/linux/./sound/soc/spear/spdif_out.c': File exists
cp: cannot create regular file '/dev/shm/linux/./sound/soc/spear/spear_pcm.h': File exists
cp: cannot create regular file '/dev/shm/linux/./sound/soc/sti/uniperif.h': File exists
cp: cannot create regular file '/dev/shm/linux/./sound/soc/sunxi/sun8i-adda-pr-regmap.c': File exists
cp: cannot create regular file '/dev/shm/linux/./sound/soc/sunxi/sun8i-codec.c': File exists
cp: cannot create regular file '/dev/shm/linux/./sound/soc/ux500/ux500_pcm.c': File exists
cp: cannot create regular file '/dev/shm/linux/./sound/soc/ux500/ux500_pcm.h': File exists
cp: cannot create regular file '/dev/shm/linux/./sound/sparc/Kconfig': File exists
cp: cannot create regular file '/dev/shm/linux/./sound/sparc/Makefile': File exists
cp: cannot create regular file '/dev/shm/linux/./sound/sparc/cs4231.c': File exists
cp: cannot create regular file '/dev/shm/linux/./sound/spi/Makefile': File exists
cp: cannot create regular file '/dev/shm/linux/./sound/spi/at73c213.h': File exists
cp: cannot create directory '/dev/shm/linux/./sound/synth': File exists
cp: cannot create directory '/dev/shm/linux/./tools/arch/s390/include/asm': File exists
cp: cannot create directory '/dev/shm/linux/./tools/arch/sparc': File exists
cp: cannot create regular file '/dev/shm/linux/./tools/bootconfig/samples/good-mixed-kv1.bconf': File exists
cp: cannot create regular file '/dev/shm/linux/./tools/bootconfig/samples/good-mixed-kv3.bconf': File exists
cp: cannot create regular file '/dev/shm/linux/./tools/bootconfig/samples/good-nested-brace.bconf': File exists
cp: cannot create regular file '/dev/shm/linux/./tools/bootconfig/samples/good-printables.bconf': File exists
cp: cannot create regular file '/dev/shm/linux/./tools/bootconfig/samples/good-single.bconf': File exists
cp: cannot create regular file '/dev/shm/linux/./tools/bootconfig/samples/good-space-after-value.bconf': File exists
cp: cannot create regular file '/dev/shm/linux/./tools/bootconfig/scripts/bconf2ftrace.sh': File exists
cp: cannot create regular file '/dev/shm/linux/./tools/bootconfig/scripts/ftrace2bconf.sh': File exists
cp: cannot create regular file '/dev/shm/linux/./tools/bootconfig/test-bootconfig.sh': File exists
cp: cannot create regular file '/dev/shm/linux/./tools/build/feature/test-sched_getcpu.c': File exists
cp: cannot create regular file '/dev/shm/linux/./tools/build/feature/test-setns.c': File exists
cp: cannot create regular file '/dev/shm/linux/./tools/build/feature/test-timerfd.c': File exists
cp: cannot create regular file '/dev/shm/linux/./tools/build/fixdep.c': File exists
cp: cannot create regular file '/dev/shm/linux/./tools/crypto/ccp/dbc_cli.py': File exists
cp: cannot create regular file '/dev/shm/linux/./tools/crypto/tcrypt/tcrypt_speed_compare.py': File exists
cp: cannot create regular file '/dev/shm/linux/./tools/dma/dma_map_benchmark.c': File exists
cp: cannot create regular file '/dev/shm/linux/./tools/gpio/lsgpio.c': File exists
cp: cannot create regular file '/dev/shm/linux/./tools/include/asm-generic/bitops/__ffz.h': File exists
cp: cannot create regular file '/dev/shm/linux/./tools/include/asm-generic/bitops/atomic.h': File exists
cp: cannot create regular file '/dev/shm/linux/./tools/include/asm-generic/bitops/fls.h': File exists
cp: cannot create regular file '/dev/shm/linux/./tools/include/asm-generic/bitops/hweight.h': File exists
cp: cannot create regular file '/dev/shm/linux/./tools/include/asm-generic/bitsperlong.h': File exists
cp: cannot create regular file '/dev/shm/linux/./tools/include/asm-generic/io.h': File exists
cp: cannot create regular file '/dev/shm/linux/./tools/include/linux/bitmap.h': File exists
cp: cannot create regular file '/dev/shm/linux/./tools/include/linux/bits.h': File exists
cp: cannot create regular file '/dev/shm/linux/./tools/include/linux/bug.h': File exists
cp: cannot create regular file '/dev/shm/linux/./tools/include/linux/cache.h': File exists
cp: cannot create regular file '/dev/shm/linux/./tools/include/linux/compiler-context-analysis.h': File exists
cp: cannot create regular file '/dev/shm/linux/./tools/include/linux/compiler.h': File exists
cp: cannot create regular file '/dev/shm/linux/./tools/include/linux/const.h': File exists
cp: cannot create regular file '/dev/shm/linux/./tools/include/linux/coresight-pmu.h': File exists
cp: cannot create regular file '/dev/shm/linux/./tools/include/linux/debugfs.h': File exists
cp: cannot create regular file '/dev/shm/linux/./tools/include/linux/err.h': File exists
cp: cannot create regular file '/dev/shm/linux/./tools/include/linux/filter.h': File exists
cp: cannot create regular file '/dev/shm/linux/./tools/include/linux/find.h': File exists
cp: cannot create regular file '/dev/shm/linux/./tools/include/linux/gfp.h': File exists
cp: cannot create regular file '/dev/shm/linux/./tools/include/linux/hash.h': File exists
cp: cannot create regular file '/dev/shm/linux/./tools/include/linux/init.h': File exists
cp: cannot create regular file '/dev/shm/linux/./tools/include/linux/interval_tree_generic.h': File exists
cp: cannot create regular file '/dev/shm/linux/./tools/include/linux/jhash.h': File exists
cp: cannot create regular file '/dev/shm/linux/./tools/include/linux/kasan-tags.h': File exists
cp: cannot create regular file '/dev/shm/linux/./tools/include/linux/kernel.h': File exists
cp: cannot create regular file '/dev/shm/linux/./tools/include/linux/list.h': File exists
cp: cannot create regular file '/dev/shm/linux/./tools/include/linux/log2.h': File exists
cp: cannot create regular file '/dev/shm/linux/./tools/include/linux/math64.h': File exists
cp: cannot create regular file '/dev/shm/linux/./tools/include/linux/moduleparam.h': File exists
cp: cannot create regular file '/dev/shm/linux/./tools/include/linux/nmi.h': File exists
cp: cannot create regular file '/dev/shm/linux/./tools/include/linux/numa.h': File exists
cp: cannot create regular file '/dev/shm/linux/./tools/include/linux/overflow.h': File exists
cp: cannot create regular file '/dev/shm/linux/./tools/include/linux/pfn.h': File exists
cp: cannot create regular file '/dev/shm/linux/./tools/include/linux/prandom.h': File exists
cp: cannot create regular file '/dev/shm/linux/./tools/include/linux/rbtree_augmented.h': File exists
cp: cannot create regular file '/dev/shm/linux/./tools/include/linux/refcount.h': File exists
cp: cannot create regular file '/dev/shm/linux/./tools/include/linux/rwsem.h': File exists
cp: cannot create regular file '/dev/shm/linux/./tools/include/linux/static_call_types.h': File exists
cp: cannot create regular file '/dev/shm/linux/./tools/include/linux/stringify.h': File exists
cp: cannot create regular file '/dev/shm/linux/./tools/include/linux/types.h': File exists
cp: cannot create regular file '/dev/shm/linux/./tools/include/linux/unaligned/packed_struct.h': File exists
cp: cannot create regular file '/dev/shm/linux/./tools/include/nolibc/Makefile': File exists
cp: cannot create regular file '/dev/shm/linux/./tools/include/nolibc/arch-arm64.h': File exists
cp: cannot create regular file '/dev/shm/linux/./tools/include/nolibc/arch-m68k.h': File exists
cp: cannot create regular file '/dev/shm/linux/./tools/include/nolibc/arch-powerpc.h': File exists
cp: cannot create regular file '/dev/shm/linux/./tools/include/nolibc/arch-s390.h': File exists
cp: cannot create regular file '/dev/shm/linux/./tools/include/nolibc/arch-sparc.h': File exists
cp: cannot create regular file '/dev/shm/linux/./tools/include/nolibc/arch.h': File exists
cp: cannot create regular file '/dev/shm/linux/./tools/include/nolibc/compiler.h': File exists
cp: cannot create regular file '/dev/shm/linux/./tools/include/nolibc/ctype.h': File exists
cp: cannot create regular file '/dev/shm/linux/./tools/include/nolibc/elf.h': File exists
cp: cannot create regular file '/dev/shm/linux/./tools/include/nolibc/err.h': File exists
cp: cannot create regular file '/dev/shm/linux/./tools/include/nolibc/fcntl.h': File exists
cp: cannot create regular file '/dev/shm/linux/./tools/include/nolibc/inttypes.h': File exists
cp: cannot create regular file '/dev/shm/linux/./tools/include/nolibc/nolibc.h': File exists
cp: cannot create regular file '/dev/shm/linux/./tools/include/nolibc/sched.h': File exists
cp: cannot create regular file '/dev/shm/linux/./tools/include/nolibc/std.h': File exists
cp: cannot create regular file '/dev/shm/linux/./tools/include/nolibc/stdbool.h': File exists
cp: cannot create regular file '/dev/shm/linux/./tools/include/nolibc/stddef.h': File exists
cp: cannot create regular file '/dev/shm/linux/./tools/include/nolibc/stdio.h': File exists
cp: cannot create regular file '/dev/shm/linux/./tools/include/nolibc/string.h': File exists
cp: cannot create regular file '/dev/shm/linux/./tools/include/nolibc/sys.h': File exists
cp: cannot create regular file '/dev/shm/linux/./tools/include/uapi/asm-generic/ioctls.h': File exists
cp: cannot create regular file '/dev/shm/linux/./tools/include/uapi/asm-generic/mman-common-tools.h': File exists
cp: cannot create regular file '/dev/shm/linux/./tools/include/uapi/asm-generic/mman.h': File exists
cp: cannot create regular file '/dev/shm/linux/./tools/include/uapi/asm-generic/socket.h': File exists
cp: cannot create regular file '/dev/shm/linux/./tools/include/uapi/asm-generic/unistd.h': File exists
cp: cannot create regular file '/dev/shm/linux/./tools/include/uapi/linux/bpf_common.h': File exists
cp: cannot create regular file '/dev/shm/linux/./tools/include/uapi/linux/btf.h': File exists
cp: cannot create regular file '/dev/shm/linux/./tools/include/uapi/linux/const.h': File exists
cp: cannot create regular file '/dev/shm/linux/./tools/include/uapi/linux/elf.h': File exists
cp: cannot create regular file '/dev/shm/linux/./tools/include/uapi/linux/fanotify.h': File exists
cp: cannot create regular file '/dev/shm/linux/./tools/include/uapi/linux/fscrypt.h': File exists
cp: cannot create regular file '/dev/shm/linux/./tools/include/uapi/linux/if_addr.h': File exists
cp: cannot create regular file '/dev/shm/linux/./tools/include/uapi/linux/in.h': File exists
cp: cannot create regular file '/dev/shm/linux/./tools/include/uapi/linux/kcmp.h': File exists
cp: cannot create regular file '/dev/shm/linux/./tools/include/uapi/linux/kvm.h': File exists
cp: cannot create regular file '/dev/shm/linux/./tools/include/uapi/linux/mman.h': File exists
cp: cannot create regular file '/dev/shm/linux/./tools/include/uapi/linux/mount.h': File exists
cp: cannot create regular file '/dev/shm/linux/./tools/include/uapi/linux/netdev.h': File exists
cp: cannot create regular file '/dev/shm/linux/./tools/include/uapi/linux/netfilter.h': File exists
cp: cannot create regular file '/dev/shm/linux/./tools/include/uapi/linux/nsfs.h': File exists
cp: cannot create regular file '/dev/shm/linux/./tools/include/uapi/linux/pkt_cls.h': File exists
cp: cannot create regular file '/dev/shm/linux/./tools/include/uapi/linux/pkt_sched.h': File exists
cp: cannot create regular file '/dev/shm/linux/./tools/include/uapi/linux/seg6.h': File exists
cp: cannot create regular file '/dev/shm/linux/./tools/include/uapi/linux/seg6_local.h': File exists
cp: cannot create regular file '/dev/shm/linux/./tools/include/uapi/linux/stat.h': File exists
cp: cannot create regular file '/dev/shm/linux/./tools/include/uapi/linux/taskstats.h': File exists
cp: cannot create regular file '/dev/shm/linux/./tools/include/uapi/linux/tls.h': File exists
cp: cannot create regular file '/dev/shm/linux/./tools/include/uapi/linux/userfaultfd.h': File exists
cp: cannot create regular file '/dev/shm/linux/./tools/kvm/kvm_stat/kvm_stat.service': File exists
cp: cannot create regular file '/dev/shm/linux/./tools/kvm/kvm_stat/kvm_stat.txt': File exists
cp: cannot create regular file '/dev/shm/linux/./tools/lib/api/Build': File exists
cp: cannot create regular file '/dev/shm/linux/./tools/lib/api/cpu.c': File exists
cp: cannot create regular file '/dev/shm/linux/./tools/lib/api/cpu.h': File exists
cp: cannot create regular file '/dev/shm/linux/./tools/lib/api/debug.c': File exists
cp: cannot create regular file '/dev/shm/linux/./tools/lib/api/fd/Build': File exists
cp: cannot create regular file '/dev/shm/linux/./tools/lib/api/fd/array.h': File exists
cp: cannot create regular file '/dev/shm/linux/./tools/lib/bpf/.gitignore': File exists
cp: cannot create regular file '/dev/shm/linux/./tools/lib/bpf/Build': File exists
cp: cannot create regular file '/dev/shm/linux/./tools/lib/bpf/Makefile': File exists
cp: cannot create regular file '/dev/shm/linux/./tools/lib/bpf/bpf_helpers.h': File exists
cp: cannot create regular file '/dev/shm/linux/./tools/lib/bpf/bpf_tracing.h': File exists
cp: cannot create regular file '/dev/shm/linux/./tools/lib/bpf/elf.c': File exists
cp: cannot create regular file '/dev/shm/linux/./tools/lib/bpf/gen_loader.c': File exists
cp: cannot create regular file '/dev/shm/linux/./tools/lib/bpf/hashmap.h': File exists
cp: cannot create regular file '/dev/shm/linux/./tools/lib/bpf/libbpf.map': File exists
cp: cannot create regular file '/dev/shm/linux/./tools/lib/bpf/libbpf.pc.template': File exists
cp: cannot create regular file '/dev/shm/linux/./tools/lib/bpf/libbpf_internal.h': File exists
cp: cannot create regular file '/dev/shm/linux/./tools/lib/bpf/libbpf_probes.c': File exists
cp: cannot create regular file '/dev/shm/linux/./tools/lib/bpf/linker.c': File exists
cp: cannot create regular file '/dev/shm/linux/./tools/lib/bpf/skel_internal.h': File exists
cp: cannot create regular file '/dev/shm/linux/./tools/lib/bpf/strset.h': File exists
cp: cannot create regular file '/dev/shm/linux/./tools/lib/bpf/usdt.c': File exists
cp: cannot create regular file '/dev/shm/linux/./tools/lib/bpf/zip.h': File exists
cp: cannot create regular file '/dev/shm/linux/./tools/lib/ctype.c': File exists
cp: cannot create regular file '/dev/shm/linux/./tools/lib/hweight.c': File exists
cp: cannot create regular file '/dev/shm/linux/./tools/lib/list_sort.c': File exists
cp: cannot create regular file '/dev/shm/linux/./tools/lib/thermal/libthermal.pc.template': File exists
cp: cannot create regular file '/dev/shm/linux/./tools/lib/thermal/sampling.c': File exists
cp: cannot create regular file '/dev/shm/linux/./tools/lib/thermal/thermal_nl.c': File exists
cp: cannot create regular file '/dev/shm/linux/./tools/lib/zalloc.c': File exists
cp: cannot create regular file '/dev/shm/linux/./tools/net/sunrpc/xdrgen/templates/C/pointer/definition/basic.j2': File exists
cp: cannot create regular file '/dev/shm/linux/./tools/net/sunrpc/xdrgen/templates/C/pointer/definition/fixed_length_array.j2': File exists
cp: cannot create regular file '/dev/shm/linux/./tools/net/sunrpc/xdrgen/templates/C/pointer/definition/open.j2': File exists
cp: cannot create regular file '/dev/shm/linux/./tools/net/sunrpc/xdrgen/templates/C/pointer/definition/string.j2': File exists
cp: cannot create regular file '/dev/shm/linux/./tools/net/sunrpc/xdrgen/templates/C/pointer/definition/variable_length_array.j2': File exists
cp: cannot create regular file '/dev/shm/linux/./tools/net/sunrpc/xdrgen/templates/C/pointer/encoder/basic.j2': File exists
cp: cannot create regular file '/dev/shm/linux/./tools/net/sunrpc/xdrgen/templates/C/pointer/encoder/fixed_length_array.j2': File exists
cp: cannot create regular file '/dev/shm/linux/./tools/net/sunrpc/xdrgen/templates/C/pointer/encoder/open.j2': File exists
cp: cannot create regular file '/dev/shm/linux/./tools/net/sunrpc/xdrgen/templates/C/pointer/encoder/string.j2': File exists
cp: cannot create regular file '/dev/shm/linux/./tools/net/sunrpc/xdrgen/templates/C/pointer/encoder/variable_length_opaque.j2': File exists
cp: cannot create regular file '/dev/shm/linux/./tools/net/sunrpc/xdrgen/templates/C/pointer/maxsize/pointer.j2': File exists
cp: cannot create regular file '/dev/shm/linux/./tools/net/sunrpc/xdrgen/templates/C/struct/definition/basic.j2': File exists
cp: cannot create regular file '/dev/shm/linux/./tools/net/sunrpc/xdrgen/templates/C/struct/definition/fixed_length_array.j2': File exists
cp: cannot create regular file '/dev/shm/linux/./tools/net/sunrpc/xdrgen/templates/C/struct/definition/open.j2': File exists
cp: cannot create regular file '/dev/shm/linux/./tools/net/sunrpc/xdrgen/templates/C/struct/definition/variable_length_opaque.j2': File exists
cp: cannot create regular file '/dev/shm/linux/./tools/net/sunrpc/xdrgen/templates/C/typedef/decoder/basic.j2': File exists
cp: cannot create regular file '/dev/shm/linux/./tools/net/sunrpc/xdrgen/templates/C/typedef/decoder/fixed_length_opaque.j2': File exists
cp: cannot create regular file '/dev/shm/linux/./tools/net/sunrpc/xdrgen/templates/C/typedef/decoder/variable_length_array.j2': File exists
cp: cannot create regular file '/dev/shm/linux/./tools/net/sunrpc/xdrgen/templates/C/typedef/definition/basic.j2': File exists
cp: cannot create regular file '/dev/shm/linux/./tools/net/sunrpc/xdrgen/templates/C/typedef/definition/fixed_length_opaque.j2': File exists
cp: cannot create regular file '/dev/shm/linux/./tools/net/sunrpc/xdrgen/templates/C/typedef/definition/variable_length_array.j2': File exists
cp: cannot create regular file '/dev/shm/linux/./tools/net/sunrpc/xdrgen/templates/C/typedef/encoder/fixed_length_array.j2': File exists
cp: cannot create regular file '/dev/shm/linux/./tools/net/sunrpc/xdrgen/templates/C/typedef/encoder/string.j2': File exists
cp: cannot create regular file '/dev/shm/linux/./tools/net/sunrpc/xdrgen/templates/C/typedef/encoder/variable_length_opaque.j2': File exists
cp: cannot create regular file '/dev/shm/linux/./tools/net/sunrpc/xdrgen/templates/C/union/decoder/case_spec_be.j2': File exists
cp: cannot create regular file '/dev/shm/linux/./tools/net/sunrpc/xdrgen/templates/C/union/decoder/default_spec.j2': File exists
cp: cannot create regular file '/dev/shm/linux/./tools/net/sunrpc/xdrgen/templates/C/union/decoder/optional_data.j2': File exists
cp: cannot create regular file '/dev/shm/linux/./tools/net/sunrpc/xdrgen/templates/C/union/decoder/switch_spec.j2': File exists
cp: cannot create regular file '/dev/shm/linux/./tools/net/sunrpc/xdrgen/templates/C/union/decoder/variable_length_opaque.j2': File exists
cp: cannot create regular file '/dev/shm/linux/./tools/net/sunrpc/xdrgen/templates/C/union/decoder/void.j2': File exists
cp: cannot create regular file '/dev/shm/linux/./tools/net/sunrpc/xdrgen/templates/C/union/encoder/close.j2': File exists
cp: cannot create regular file '/dev/shm/linux/./tools/net/sunrpc/xdrgen/templates/C/union/encoder/open.j2': File exists
cp: cannot create regular file '/dev/shm/linux/./tools/net/sunrpc/xdrgen/templates/C/union/encoder/switch_spec.j2': File exists
cp: cannot create regular file '/dev/shm/linux/./tools/net/sunrpc/xdrgen/templates/C/union/encoder/void.j2': File exists
cp: cannot create regular file '/dev/shm/linux/./tools/net/sunrpc/xdrgen/xdr_ast.py': File exists
cp: cannot create regular file '/dev/shm/linux/./tools/net/sunrpc/xdrgen/xdr_parse.py': File exists
cp: cannot create regular file '/dev/shm/linux/./tools/net/ynl/Makefile': File exists
cp: cannot create regular file '/dev/shm/linux/./tools/net/ynl/Makefile.deps': File exists
cp: cannot create regular file '/dev/shm/linux/./tools/net/ynl/lib/ynl.c': File exists
cp: cannot create regular file '/dev/shm/linux/./tools/net/ynl/pyproject.toml': File exists
cp: cannot create regular file '/dev/shm/linux/./tools/net/ynl/tests/rt-addr.sh': File exists
cp: cannot create regular file '/dev/shm/linux/./tools/net/ynl/tests/rt-route.c': File exists
cp: cannot create regular file '/dev/shm/linux/./tools/net/ynl/tests/tc.c': File exists
cp: cannot create regular file '/dev/shm/linux/./tools/net/ynl/tests/test_ynl_ethtool.sh': File exists
cp: cannot create regular file '/dev/shm/linux/./tools/net/ynl/tests/ynl_nsim_lib.sh': File exists
cp: cannot create regular file '/dev/shm/linux/./tools/net/ynl/ynltool/Makefile': File exists
cp: cannot create regular file '/dev/shm/linux/./tools/net/ynl/ynltool/json_writer.h': File exists
cp: cannot create regular file '/dev/shm/linux/./tools/net/ynl/ynltool/main.h': File exists
cp: cannot create regular file '/dev/shm/linux/./tools/net/ynl/ynltool/page-pool.c': File exists
cp: cannot create regular file '/dev/shm/linux/./tools/objtool/Build': File exists
cp: cannot create regular file '/dev/shm/linux/./tools/objtool/arch/x86/decode.c': File exists
cp: cannot create regular file '/dev/shm/linux/./tools/objtool/check.c': File exists
cp: cannot create directory '/dev/shm/linux/./tools/objtool/include/objtool': File exists
cp: cannot create regular file '/dev/shm/linux/./tools/testing/selftests/exec/null-argv.c': File exists
cp: cannot create regular file '/dev/shm/linux/./tools/testing/selftests/filesystems/.gitignore': File exists
cp: cannot create regular file '/dev/shm/linux/./tools/testing/selftests/filesystems/Makefile': File exists
cp: cannot create regular file '/dev/shm/linux/./tools/testing/selftests/filesystems/anon_inode_test.c': File exists
cp: cannot create regular file '/dev/shm/linux/./tools/testing/selftests/filesystems/binderfs/.gitignore': File exists
cp: cannot create regular file '/dev/shm/linux/./tools/testing/selftests/filesystems/binderfs/binderfs_test.c': File exists
cp: cannot create regular file '/dev/shm/linux/./tools/testing/selftests/filesystems/devpts_pts.c': File exists
cp: cannot create regular file '/dev/shm/linux/./tools/testing/selftests/filesystems/empty_mntns/clone3_empty_mntns_test.c': File exists
cp: cannot create regular file '/dev/shm/linux/./tools/testing/selftests/filesystems/empty_mntns/overmount_chroot_test.c': File exists
cp: cannot create regular file '/dev/shm/linux/./tools/testing/selftests/filesystems/fat/.gitignore': File exists
cp: cannot create regular file '/dev/shm/linux/./tools/testing/selftests/filesystems/fat/Makefile': File exists
cp: cannot create regular file '/dev/shm/linux/./tools/testing/selftests/filesystems/fat/rename_exchange.c': File exists
cp: cannot create regular file '/dev/shm/linux/./tools/testing/selftests/filesystems/fat/run_fat_tests.sh': File exists
cp: cannot create regular file '/dev/shm/linux/./tools/testing/selftests/filesystems/file_stressor.c': File exists
cp: cannot create regular file '/dev/shm/linux/./tools/testing/selftests/filesystems/mount-notify/.gitignore': File exists
cp: cannot create regular file '/dev/shm/linux/./tools/testing/selftests/filesystems/mount-notify/Makefile': File exists
cp: cannot create regular file '/dev/shm/linux/./tools/testing/selftests/filesystems/mount-notify/mount-notify_test.c': File exists
cp: cannot create regular file '/dev/shm/linux/./tools/testing/selftests/filesystems/mount-notify/mount-notify_test_ns.c': File exists
cp: cannot create regular file '/dev/shm/linux/./tools/testing/selftests/filesystems/nsfs/iterate_mntns.c': File exists
cp: cannot create regular file '/dev/shm/linux/./tools/testing/selftests/filesystems/nsfs/pidns.c': File exists
cp: cannot create directory '/dev/shm/linux/./tools/testing/selftests/filesystems/open_tree_ns': File exists
cp: cannot create regular file '/dev/shm/linux/./tools/testing/selftests/filesystems/statmount/statmount.h': File exists
cp: cannot create regular file '/dev/shm/linux/./tools/testing/selftests/filesystems/statmount/statmount_test.c': File exists
cp: cannot create regular file '/dev/shm/linux/./tools/testing/selftests/filesystems/utils.h': File exists
cp: cannot create directory '/dev/shm/linux/./tools/testing/selftests/firmware': File exists
cp: cannot create regular file '/dev/shm/linux/./tools/testing/selftests/kvm/arm64/page_fault_test.c': File exists
cp: cannot create regular file '/dev/shm/linux/./tools/testing/selftests/kvm/arm64/set_id_regs.c': File exists
cp: cannot create regular file '/dev/shm/linux/./tools/testing/selftests/kvm/arm64/vcpu_width_config.c': File exists
cp: cannot create regular file '/dev/shm/linux/./tools/testing/selftests/kvm/arm64/vgic_init.c': File exists
cp: cannot create regular file '/dev/shm/linux/./tools/testing/selftests/kvm/arm64/vgic_lpi_stress.c': File exists
cp: cannot create regular file '/dev/shm/linux/./tools/testing/selftests/kvm/arm64/vpmu_counter_access.c': File exists
cp: cannot create regular file '/dev/shm/linux/./tools/testing/selftests/kvm/config': File exists
cp: cannot create regular file '/dev/shm/linux/./tools/testing/selftests/kvm/dirty_log_perf_test.c': File exists
cp: cannot create regular file '/dev/shm/linux/./tools/testing/selftests/kvm/get-reg-list.c': File exists
cp: cannot create regular file '/dev/shm/linux/./tools/testing/selftests/kvm/hardware_disable_test.c': File exists
cp: cannot create directory '/dev/shm/linux/./tools/testing/selftests/kvm/riscv': File exists
cp: cannot create regular file '/dev/shm/linux/./tools/testing/selftests/kvm/x86/debug_regs.c': File exists
cp: cannot create regular file '/dev/shm/linux/./tools/testing/selftests/kvm/x86/evmcs_smm_controls_test.c': File exists
cp: cannot create regular file '/dev/shm/linux/./tools/testing/selftests/kvm/x86/fastops_test.c': File exists
cp: cannot create regular file '/dev/shm/linux/./tools/testing/selftests/kvm/x86/fix_hypercall_test.c': File exists
cp: cannot create regular file '/dev/shm/linux/./tools/testing/selftests/kvm/x86/hwcr_msr_test.c': File exists
cp: cannot create regular file '/dev/shm/linux/./tools/testing/selftests/kvm/x86/hyperv_clock.c': File exists
cp: cannot create regular file '/dev/shm/linux/./tools/testing/selftests/kvm/x86/hyperv_evmcs.c': File exists
cp: cannot create regular file '/dev/shm/linux/./tools/testing/selftests/kvm/x86/hyperv_features.c': File exists
cp: cannot create regular file '/dev/shm/linux/./tools/testing/selftests/kvm/x86/hyperv_svm_test.c': File exists
cp: cannot create regular file '/dev/shm/linux/./tools/testing/selftests/kvm/x86/kvm_buslock_test.c': File exists
cp: cannot create regular file '/dev/shm/linux/./tools/testing/selftests/kvm/x86/kvm_pv_test.c': File exists
cp: cannot create regular file '/dev/shm/linux/./tools/testing/selftests/kvm/x86/monitor_mwait_test.c': File exists
cp: cannot create regular file '/dev/shm/linux/./tools/testing/selftests/kvm/x86/nested_close_kvm_test.c': File exists
cp: cannot create regular file '/dev/shm/linux/./tools/testing/selftests/kvm/x86/nested_dirty_log_test.c': File exists
cp: cannot create regular file '/dev/shm/linux/./tools/testing/selftests/kvm/x86/nested_exceptions_test.c': File exists
cp: cannot create regular file '/dev/shm/linux/./tools/testing/selftests/kvm/x86/nested_set_state_test.c': File exists
cp: cannot create regular file '/dev/shm/linux/./tools/testing/selftests/kvm/x86/nested_tsc_adjust_test.c': File exists
cp: cannot create regular file '/dev/shm/linux/./tools/testing/selftests/kvm/x86/nested_vmsave_vmload_test.c': File exists
cp: cannot create regular file '/dev/shm/linux/./tools/testing/selftests/kvm/x86/nx_huge_pages_test.sh': File exists
cp: cannot create regular file '/dev/shm/linux/./tools/testing/selftests/kvm/x86/platform_info_test.c': File exists
cp: cannot create regular file '/dev/shm/linux/./tools/testing/selftests/kvm/x86/pmu_event_filter_test.c': File exists
cp: cannot create regular file '/dev/shm/linux/./tools/testing/selftests/kvm/x86/private_mem_kvm_exits_test.c': File exists
cp: cannot create regular file '/dev/shm/linux/./tools/testing/selftests/kvm/x86/recalc_apic_map_test.c': File exists
cp: cannot create regular file '/dev/shm/linux/./tools/testing/selftests/kvm/x86/set_sregs_test.c': File exists
cp: cannot create regular file '/dev/shm/linux/./tools/testing/selftests/kvm/x86/sev_migrate_tests.c': File exists
cp: cannot create regular file '/dev/shm/linux/./tools/testing/selftests/kvm/x86/smaller_maxphyaddr_emulation_test.c': File exists
cp: cannot create regular file '/dev/shm/linux/./tools/testing/selftests/kvm/x86/smm_test.c': File exists
cp: cannot create regular file '/dev/shm/linux/./tools/testing/selftests/kvm/x86/state_test.c': File exists
cp: cannot create regular file '/dev/shm/linux/./tools/testing/selftests/kvm/x86/svm_lbr_nested_state.c': File exists
cp: cannot create regular file '/dev/shm/linux/./tools/testing/selftests/kvm/x86/svm_nested_shutdown_test.c': File exists
cp: cannot create regular file '/dev/shm/linux/./tools/testing/selftests/kvm/x86/svm_nested_vmcb12_gpa.c': File exists
cp: cannot create regular file '/dev/shm/linux/./tools/testing/selftests/kvm/x86/sync_regs_test.c': File exists
cp: cannot create regular file '/dev/shm/linux/./tools/testing/selftests/kvm/x86/tsc_msrs_test.c': File exists
cp: cannot create regular file '/dev/shm/linux/./tools/testing/selftests/kvm/x86/userspace_io_test.c': File exists
cp: cannot create regular file '/dev/shm/linux/./tools/testing/selftests/kvm/x86/vmx_apic_access_test.c': File exists
cp: cannot create regular file '/dev/shm/linux/./tools/testing/selftests/kvm/x86/vmx_invalid_nested_guest_state.c': File exists
cp: cannot create regular file '/dev/shm/linux/./tools/testing/selftests/kvm/x86/vmx_nested_la57_state_test.c': File exists
cp: cannot create regular file '/dev/shm/linux/./tools/testing/selftests/kvm/x86/vmx_preemption_timer_test.c': File exists
cp: cannot create regular file '/dev/shm/linux/./tools/testing/selftests/kvm/x86/xapic_state_test.c': File exists
cp: cannot create regular file '/dev/shm/linux/./tools/testing/selftests/kvm/x86/xcr0_cpuid_test.c': File exists
cp: cannot create regular file '/dev/shm/linux/./tools/testing/selftests/kvm/x86/xen_shinfo_test.c': File exists
cp: cannot create regular file '/dev/shm/linux/./tools/testing/selftests/kvm/x86/xss_msr_test.c': File exists
cp: cannot create regular file '/dev/shm/linux/./tools/testing/selftests/livepatch/test_modules/test_klp_callbacks_mod.c': File exists
cp: cannot create regular file '/dev/shm/linux/./tools/testing/selftests/livepatch/test_modules/test_klp_livepatch.c': File exists
cp: cannot create regular file '/dev/shm/linux/./tools/testing/selftests/livepatch/test_modules/test_klp_mod_target.c': File exists
cp: cannot create regular file '/dev/shm/linux/./tools/testing/selftests/livepatch/test_modules/test_klp_state.c': File exists
cp: cannot create regular file '/dev/shm/linux/./tools/testing/selftests/livepatch/test_modules/test_klp_state3.c': File exists
cp: cannot create regular file '/dev/shm/linux/./tools/testing/selftests/livepatch/test_modules/test_klp_syscall.c': File exists
cp: cannot create regular file '/dev/shm/linux/./tools/testing/selftests/lsm/Makefile': File exists
cp: cannot create regular file '/dev/shm/linux/./tools/testing/selftests/lsm/common.h': File exists
cp: cannot create regular file '/dev/shm/linux/./tools/testing/selftests/lsm/lsm_get_self_attr_test.c': File exists
cp: cannot create regular file '/dev/shm/linux/./tools/testing/selftests/lsm/lsm_set_self_attr_test.c': File exists
cp: cannot create regular file '/dev/shm/linux/./tools/testing/selftests/memfd/fuse_mnt.c': File exists
cp: cannot create regular file '/dev/shm/linux/./tools/testing/selftests/memfd/memfd_test.c': File exists
cp: cannot create regular file '/dev/shm/linux/./tools/testing/selftests/memory-hotplug/config': File exists
cp: cannot create regular file '/dev/shm/linux/./tools/testing/selftests/mincore/Makefile': File exists
cp: cannot create regular file '/dev/shm/linux/./tools/testing/selftests/mm/.gitignore': File exists
cp: cannot create regular file '/dev/shm/linux/./tools/testing/selftests/mm/charge_reserved_hugetlb.sh': File exists
cp: cannot create regular file '/dev/shm/linux/./tools/testing/selftests/mm/config': File exists
cp: cannot create regular file '/dev/shm/linux/./tools/testing/selftests/mm/droppable.c': File exists
cp: cannot create regular file '/dev/shm/linux/./tools/testing/selftests/mm/folio_split_race_test.c': File exists
cp: cannot create regular file '/dev/shm/linux/./tools/testing/selftests/mm/hmm-tests.c': File exists
cp: cannot create regular file '/dev/shm/linux/./tools/testing/selftests/mm/hugepage-mremap.c': File exists
cp: cannot create regular file '/dev/shm/linux/./tools/testing/selftests/mm/hugepage-shm.c': File exists
cp: cannot create regular file '/dev/shm/linux/./tools/testing/selftests/mm/hugetlb-madvise.c': File exists
cp: cannot create regular file '/dev/shm/linux/./tools/testing/selftests/mm/hugetlb-soft-offline.c': File exists
cp: cannot create regular file '/dev/shm/linux/./tools/testing/selftests/mm/hugetlb_fault_after_madv.c': File exists
cp: cannot create regular file '/dev/shm/linux/./tools/testing/selftests/mm/hugetlb_reparenting_test.sh': File exists
cp: cannot create regular file '/dev/shm/linux/./tools/testing/selftests/mm/ksft_compaction.sh': File exists
cp: cannot create regular file '/dev/shm/linux/./tools/testing/selftests/mm/ksft_cow.sh': File exists
cp: cannot create regular file '/dev/shm/linux/./tools/testing/selftests/mm/ksft_hmm.sh': File exists
cp: cannot create regular file '/dev/shm/linux/./tools/testing/selftests/mm/ksft_hugevm.sh': File exists
cp: cannot create regular file '/dev/shm/linux/./tools/testing/selftests/mm/ksft_ksm_numa.sh': File exists
cp: cannot create regular file '/dev/shm/linux/./tools/testing/selftests/mm/ksft_madv_populate.sh': File exists
cp: cannot create regular file '/dev/shm/linux/./tools/testing/selftests/mm/ksft_memfd_secret.sh': File exists
cp: cannot create regular file '/dev/shm/linux/./tools/testing/selftests/mm/ksft_migration.sh': File exists
cp: cannot create regular file '/dev/shm/linux/./tools/testing/selftests/mm/ksft_mlock.sh': File exists
cp: cannot create regular file '/dev/shm/linux/./tools/testing/selftests/mm/ksft_mremap.sh': File exists
cp: cannot create regular file '/dev/shm/linux/./tools/testing/selftests/mm/ksft_pagemap.sh': File exists
cp: cannot create regular file '/dev/shm/linux/./tools/testing/selftests/mm/ksft_pfnmap.sh': File exists
cp: cannot create regular file '/dev/shm/linux/./tools/testing/selftests/mm/ksft_process_madv.sh': File exists
cp: cannot create regular file '/dev/shm/linux/./tools/testing/selftests/mm/ksft_rmap.sh': File exists
cp: cannot create regular file '/dev/shm/linux/./tools/testing/selftests/mm/ksft_soft_dirty.sh': File exists
cp: cannot create regular file '/dev/shm/linux/./tools/testing/selftests/mm/ksft_userfaultfd.sh': File exists
cp: cannot create regular file '/dev/shm/linux/./tools/testing/selftests/mm/ksft_vmalloc.sh': File exists
cp: cannot create regular file '/dev/shm/linux/./tools/testing/selftests/mm/ksm_tests.c': File exists
cp: cannot create regular file '/dev/shm/linux/./tools/testing/selftests/mm/map_fixed_noreplace.c': File exists
cp: cannot create regular file '/dev/shm/linux/./tools/testing/selftests/mm/map_populate.c': File exists
cp: cannot create regular file '/dev/shm/linux/./tools/testing/selftests/mm/memfd_secret.c': File exists
cp: cannot create regular file '/dev/shm/linux/./tools/testing/selftests/mm/merge.c': File exists
cp: cannot create regular file '/dev/shm/linux/./tools/testing/selftests/mm/mkdirty.c': File exists
cp: cannot create regular file '/dev/shm/linux/./tools/testing/selftests/mm/mlock2-tests.c': File exists
cp: cannot create regular file '/dev/shm/linux/./tools/testing/selftests/mm/mrelease_test.c': File exists
cp: cannot create regular file '/dev/shm/linux/./tools/testing/selftests/mm/mremap_test.c': File exists
cp: cannot create regular file '/dev/shm/linux/./tools/testing/selftests/mm/on-fault-limit.c': File exists
cp: cannot create regular file '/dev/shm/linux/./tools/testing/selftests/mm/pkey-arm64.h': File exists
cp: cannot create regular file '/dev/shm/linux/./tools/testing/selftests/mm/pkey-powerpc.h': File exists
cp: cannot create regular file '/dev/shm/linux/./tools/testing/selftests/mm/pkey_util.c': File exists
cp: cannot create regular file '/dev/shm/linux/./tools/testing/selftests/mm/process_madv.c': File exists
cp: cannot create regular file '/dev/shm/linux/./tools/testing/selftests/mm/rmap.c': File exists
cp: cannot create regular file '/dev/shm/linux/./tools/testing/selftests/mm/settings': File exists
cp: cannot create regular file '/dev/shm/linux/./tools/testing/selftests/mm/split_huge_page_test.c': File exists
cp: cannot create regular file '/dev/shm/linux/./tools/testing/selftests/mm/test_page_frag.sh': File exists
cp: cannot create regular file '/dev/shm/linux/./tools/testing/selftests/mm/thp_settings.c': File exists
cp: cannot create regular file '/dev/shm/linux/./tools/testing/selftests/mm/thuge-gen.c': File exists
cp: cannot create regular file '/dev/shm/linux/./tools/testing/selftests/mm/uffd-common.c': File exists
cp: cannot create regular file '/dev/shm/linux/./tools/testing/selftests/mm/uffd-stress.c': File exists
cp: cannot create regular file '/dev/shm/linux/./tools/testing/selftests/mm/uffd-wp-mremap.c': File exists
cp: cannot create regular file '/dev/shm/linux/./tools/testing/selftests/mm/va_high_addr_switch.sh': File exists
cp: cannot create regular file '/dev/shm/linux/./tools/testing/selftests/mm/vm_util.h': File exists
cp: cannot create regular file '/dev/shm/linux/./tools/testing/selftests/mm/write_to_hugetlbfs.c': File exists
cp: cannot create regular file '/dev/shm/linux/./tools/testing/selftests/mount/nosymfollow-test.c': File exists
cp: cannot create regular file '/dev/shm/linux/./tools/testing/selftests/mount/run_nosymfollow.sh': File exists
cp: cannot create regular file '/dev/shm/linux/./tools/testing/selftests/mount/unprivileged-remount-test.c': File exists
cp: cannot create regular file '/dev/shm/linux/./tools/testing/selftests/mqueue/.gitignore': File exists
cp: cannot create regular file '/dev/shm/linux/./tools/testing/selftests/mqueue/mq_open_tests.c': File exists
cp: cannot create regular file '/dev/shm/linux/./tools/testing/selftests/mqueue/settings': File exists
cp: cannot create regular file '/dev/shm/linux/./tools/testing/selftests/mseal_system_mappings/.gitignore': File exists
cp: cannot create regular file '/dev/shm/linux/./tools/testing/selftests/mseal_system_mappings/config': File exists
cp: cannot create regular file '/dev/shm/linux/./tools/testing/selftests/namespaces/.gitignore': File exists
cp: cannot create regular file '/dev/shm/linux/./tools/testing/selftests/namespaces/config': File exists
cp: cannot create regular file '/dev/shm/linux/./tools/testing/selftests/namespaces/listns_efault_test.c': File exists
cp: cannot create regular file '/dev/shm/linux/./tools/testing/selftests/namespaces/listns_permissions_test.c': File exists
cp: cannot create regular file '/dev/shm/linux/./tools/testing/selftests/namespaces/ns_active_ref_test.c': File exists
cp: cannot create regular file '/dev/shm/linux/./tools/testing/selftests/nci/Makefile': File exists
cp: cannot create regular file '/dev/shm/linux/./tools/testing/selftests/nci/nci_dev.c': File exists
cp: cannot create regular file '/dev/shm/linux/./tools/testing/selftests/rseq/rseq-ppc-thread-pointer.h': File exists
cp: cannot create regular file '/dev/shm/linux/./tools/testing/selftests/rseq/rseq-ppc.h': File exists
cp: cannot create regular file '/dev/shm/linux/./tools/testing/selftests/rseq/rseq-riscv.h': File exists
cp: cannot create regular file '/dev/shm/linux/./tools/testing/selftests/rseq/rseq-s390.h': File exists
cp: cannot create regular file '/dev/shm/linux/./tools/testing/selftests/rseq/rseq-slice-hist.py': File exists
cp: cannot create regular file '/dev/shm/linux/./tools/testing/selftests/rseq/rseq-x86-bits.h': File exists
cp: cannot create regular file '/dev/shm/linux/./tools/testing/selftests/rseq/rseq.c': File exists
cp: cannot create regular file '/dev/shm/linux/./tools/testing/selftests/rseq/rseq.h': File exists
cp: cannot create regular file '/dev/shm/linux/./tools/testing/selftests/rseq/run_param_test.sh': File exists
cp: cannot create regular file '/dev/shm/linux/./tools/testing/selftests/rseq/settings': File exists
cp: cannot create regular file '/dev/shm/linux/./tools/testing/selftests/rseq/slice_test.c': File exists
cp: cannot create regular file '/dev/shm/linux/./tools/testing/selftests/rtc/.gitignore': File exists
cp: cannot create regular file '/dev/shm/linux/./tools/testing/selftests/rtc/rtctest.c': File exists
cp: cannot create regular file '/dev/shm/linux/./tools/testing/selftests/rtc/settings': File exists
cp: cannot create regular file '/dev/shm/linux/./tools/testing/selftests/run_kselftest.sh': File exists
cp: cannot create regular file '/dev/shm/linux/./tools/testing/selftests/safesetid/safesetid-test.c': File exists
cp: cannot create regular file '/dev/shm/linux/./tools/testing/selftests/safesetid/safesetid-test.sh': File exists
cp: cannot create regular file '/dev/shm/linux/./tools/testing/selftests/sched_ext/create_dsq.bpf.c': File exists
cp: cannot create regular file '/dev/shm/linux/./tools/testing/selftests/sched_ext/cyclic_kick_wait.bpf.c': File exists
cp: cannot create regular file '/dev/shm/linux/./tools/testing/selftests/sched_ext/ddsp_bogus_dsq_fail.bpf.c': File exists
cp: cannot create regular file '/dev/shm/linux/./tools/testing/selftests/sched_ext/ddsp_vtimelocal_fail.bpf.c': File exists
cp: cannot create regular file '/dev/shm/linux/./tools/testing/selftests/sched_ext/dequeue.bpf.c': File exists
cp: cannot create regular file '/dev/shm/linux/./tools/testing/selftests/sched_ext/dsp_local_on.bpf.c': File exists
cp: cannot create regular file '/dev/shm/linux/./tools/testing/selftests/sched_ext/enq_last_no_enq_fails.bpf.c': File exists
cp: cannot create regular file '/dev/shm/linux/./tools/testing/selftests/sched_ext/enq_select_cpu.bpf.c': File exists
cp: cannot create regular file '/dev/shm/linux/./tools/testing/selftests/sched_ext/exit.bpf.c': File exists
cp: cannot create regular file '/dev/shm/linux/./tools/testing/selftests/sched_ext/exit_test.h': File exists
cp: cannot create regular file '/dev/shm/linux/./tools/testing/selftests/sched_ext/hotplug.c': File exists
cp: cannot create regular file '/dev/shm/linux/./tools/testing/selftests/sched_ext/init_enable_count.c': File exists
cp: cannot create regular file '/dev/shm/linux/./tools/testing/selftests/sched_ext/maximal.bpf.c': File exists
cp: cannot create regular file '/dev/shm/linux/./tools/testing/selftests/sched_ext/maybe_null.bpf.c': File exists
cp: cannot create regular file '/dev/shm/linux/./tools/testing/selftests/sched_ext/maybe_null_fail_dsp.bpf.c': File exists
cp: cannot create regular file '/dev/shm/linux/./tools/testing/selftests/sched_ext/minimal.bpf.c': File exists
cp: cannot create regular file '/dev/shm/linux/./tools/testing/selftests/sched_ext/non_scx_kfunc_deny.c': File exists
cp: cannot create regular file '/dev/shm/linux/./tools/testing/selftests/sched_ext/numa.bpf.c': File exists
cp: cannot create regular file '/dev/shm/linux/./tools/testing/selftests/sched_ext/peek_dsq.bpf.c': File exists
cp: cannot create regular file '/dev/shm/linux/./tools/testing/selftests/sched_ext/prog_run.bpf.c': File exists
cp: cannot create regular file '/dev/shm/linux/./tools/testing/selftests/sched_ext/prog_run.c': File exists
cp: cannot create regular file '/dev/shm/linux/./tools/testing/selftests/sched_ext/rt_stall.bpf.c': File exists
cp: cannot create regular file '/dev/shm/linux/./tools/testing/selftests/sched_ext/runner.c': File exists
cp: cannot create regular file '/dev/shm/linux/./tools/testing/selftests/sched_ext/select_cpu_dfl.bpf.c': File exists
cp: cannot create regular file '/dev/shm/linux/./tools/testing/selftests/sched_ext/select_cpu_dfl_nodispatch.bpf.c': File exists
cp: cannot create regular file '/dev/shm/linux/./tools/testing/selftests/sched_ext/select_cpu_dfl_nodispatch.c': File exists
cp: cannot create regular file '/dev/shm/linux/./tools/testing/selftests/sched_ext/select_cpu_dispatch.bpf.c': File exists
cp: cannot create regular file '/dev/shm/linux/./tools/testing/selftests/sched_ext/select_cpu_dispatch_bad_dsq.c': File exists
cp: cannot create regular file '/dev/shm/linux/./tools/testing/selftests/sched_ext/select_cpu_vtime.bpf.c': File exists
cp: cannot create regular file '/dev/shm/linux/./tools/testing/selftests/sched_ext/test_example.c': File exists
cp: cannot create regular file '/dev/shm/linux/./tools/testing/selftests/sched_ext/util.c': File exists
cp: cannot create regular file '/dev/shm/linux/./tools/testing/selftests/seccomp/Makefile': File exists
cp: cannot create regular file '/dev/shm/linux/./tools/testing/selftests/seccomp/seccomp_benchmark.c': File exists
cp: cannot create directory '/dev/shm/linux/./tools/testing/selftests/sgx': File exists
cp: cannot create regular file '/dev/shm/linux/./tools/testing/selftests/splice/default_file_splice_read.sh': File exists
cp: cannot create regular file '/dev/shm/linux/./tools/testing/selftests/splice/short_splice_read.sh': File exists
cp: cannot create regular file '/dev/shm/linux/./tools/testing/selftests/static_keys/test_static_keys.sh': File exists
cp: cannot create regular file '/dev/shm/linux/./tools/testing/selftests/sync/Makefile': File exists
cp: cannot create regular file '/dev/shm/linux/./tools/testing/selftests/sync/sync.c': File exists
cp: cannot create regular file '/dev/shm/linux/./tools/testing/selftests/sync/sync_alloc.c': File exists
cp: cannot create regular file '/dev/shm/linux/./tools/testing/selftests/sync/sync_fence.c': File exists
cp: cannot create regular file '/dev/shm/linux/./tools/testing/selftests/sync/sync_stress_consumer.c': File exists
cp: cannot create regular file '/dev/shm/linux/./tools/testing/selftests/sync/sync_stress_parallelism.c': File exists
cp: cannot create regular file '/dev/shm/linux/./tools/testing/selftests/sync/sync_wait.c': File exists
cp: cannot create regular file '/dev/shm/linux/./tools/testing/selftests/syscall_user_dispatch/sud_benchmark.c': File exists
cp: cannot create regular file '/dev/shm/linux/./tools/testing/selftests/sysctl/config': File exists
cp: cannot create regular file '/dev/shm/linux/./tools/testing/selftests/sysctl/sysctl.sh': File exists
cp: cannot create regular file '/dev/shm/linux/./tools/testing/selftests/ublk/test_null_02.sh': File exists
cp: cannot create regular file '/dev/shm/linux/./tools/testing/selftests/ublk/test_null_03.sh': File exists
cp: cannot create regular file '/dev/shm/linux/./tools/testing/selftests/ublk/test_part_02.sh': File exists
cp: cannot create regular file '/dev/shm/linux/./tools/testing/selftests/ublk/test_recover_02.sh': File exists
cp: cannot create regular file '/dev/shm/linux/./tools/testing/selftests/ublk/test_recover_03.sh': File exists
cp: cannot create regular file '/dev/shm/linux/./tools/testing/selftests/ublk/test_shmemzc_01.sh': File exists
cp: cannot create regular file '/dev/shm/linux/./tools/testing/selftests/ublk/test_shmemzc_03.sh': File exists
cp: cannot create regular file '/dev/shm/linux/./tools/testing/selftests/ublk/test_stress_01.sh': File exists
cp: cannot create regular file '/dev/shm/linux/./tools/testing/selftests/ublk/test_stress_03.sh': File exists
cp: cannot create regular file '/dev/shm/linux/./tools/testing/selftests/ublk/test_stress_06.sh': File exists
cp: cannot create regular file '/dev/shm/linux/./tools/testing/selftests/ublk/test_stress_08.sh': File exists
cp: cannot create regular file '/dev/shm/linux/./tools/testing/selftests/ublk/test_stripe_01.sh': File exists
cp: cannot create regular file '/dev/shm/linux/./tools/testing/selftests/ublk/test_stripe_03.sh': File exists
cp: cannot create regular file '/dev/shm/linux/./tools/testing/selftests/ublk/test_stripe_05.sh': File exists
cp: cannot create regular file '/dev/shm/linux/./tools/testing/selftests/ublk/trace/count_ios_per_tid.bt': File exists
cp: cannot create regular file '/dev/shm/linux/./tools/testing/selftests/ublk/ublk_dep.h': File exists
cp: cannot create regular file '/dev/shm/linux/./tools/testing/selftests/ublk/utils.h': File exists
cp: cannot create regular file '/dev/shm/linux/./tools/testing/selftests/user_events/dyn_test.c': File exists
cp: cannot create regular file '/dev/shm/linux/./tools/testing/selftests/user_events/ftrace_test.c': File exists
cp: cannot create regular file '/dev/shm/linux/./tools/testing/selftests/user_events/settings': File exists
cp: cannot create regular file '/dev/shm/linux/./tools/testing/selftests/vDSO/.gitignore': File exists
cp: cannot create regular file '/dev/shm/linux/./tools/testing/selftests/vDSO/parse_vdso.c': File exists
cp: cannot create regular file '/dev/shm/linux/./tools/testing/selftests/vDSO/vdso_call.h': File exists
cp: cannot create symbolic link '/dev/shm/linux/./tools/testing/selftests/vDSO/vdso_standalone_test_x86.c': File exists
cp: cannot create regular file '/dev/shm/linux/./tools/testing/selftests/vDSO/vdso_test_abi.c': File exists
cp: cannot create regular file '/dev/shm/linux/./tools/testing/selftests/vDSO/vdso_test_chacha.c': File exists
cp: cannot create regular file '/dev/shm/linux/./tools/testing/selftests/vDSO/vdso_test_getcpu.c': File exists
cp: cannot create regular file '/dev/shm/linux/./tools/testing/selftests/vDSO/vdso_test_gettimeofday.c': File exists
cp: cannot create regular file '/dev/shm/linux/./tools/testing/selftests/verification/.gitignore': File exists
cp: cannot create regular file '/dev/shm/linux/./tools/testing/selftests/verification/config': File exists
cp: cannot create regular file '/dev/shm/linux/./tools/testing/selftests/verification/test.d/rv_monitor_enable_disable.tc': File exists
cp: cannot create regular file '/dev/shm/linux/./tools/testing/selftests/verification/test.d/rv_monitors_available.tc': File exists
cp: cannot create regular file '/dev/shm/linux/./tools/testing/selftests/verification/verificationtest-ktap': File exists
cp: cannot create regular file '/dev/shm/linux/./tools/testing/selftests/wireguard/qemu/kernel.config': File exists
cp: cannot create regular file '/dev/shm/linux/./tools/testing/selftests/x86/.gitignore': File exists
cp: cannot create regular file '/dev/shm/linux/./tools/testing/selftests/x86/amx.c': File exists
cp: cannot create regular file '/dev/shm/linux/./tools/testing/selftests/x86/avx.c': File exists
cp: cannot create regular file '/dev/shm/linux/./tools/testing/selftests/x86/helpers.h': File exists
cp: cannot create regular file '/dev/shm/linux/./tools/testing/selftests/x86/iopl.c': File exists
cp: cannot create regular file '/dev/shm/linux/./tools/testing/selftests/x86/nx_stack.c': File exists
cp: cannot create regular file '/dev/shm/linux/./tools/testing/selftests/x86/raw_syscall_helper_32.S': File exists
cp: cannot create regular file '/dev/shm/linux/./tools/testing/selftests/x86/sigreturn.c': File exists
cp: cannot create regular file '/dev/shm/linux/./tools/testing/selftests/x86/srso.c': File exists
cp: cannot create regular file '/dev/shm/linux/./tools/testing/selftests/x86/syscall_nt.c': File exists
cp: cannot create regular file '/dev/shm/linux/./tools/testing/selftests/x86/sysret_ss_attrs.c': File exists
cp: cannot create regular file '/dev/shm/linux/./tools/testing/selftests/x86/test_FCOMI.c': File exists
cp: cannot create regular file '/dev/shm/linux/./tools/testing/selftests/x86/test_shadow_stack.c': File exists
cp: cannot create regular file '/dev/shm/linux/./tools/testing/selftests/x86/test_vsyscall.c': File exists
cp: cannot create regular file '/dev/shm/linux/./tools/testing/selftests/x86/trivial_32bit_program.c': File exists
cp: cannot create regular file '/dev/shm/linux/./tools/testing/selftests/x86/unwind_vdso.c': File exists
cp: cannot create regular file '/dev/shm/linux/./tools/testing/selftests/x86/vdso_restorer.c': File exists
cp: cannot create regular file '/dev/shm/linux/./tools/testing/selftests/x86/xstate.h': File exists
cp: cannot create regular file '/dev/shm/linux/./tools/testing/shared/linux/interval_tree.h': File exists
cp: cannot create regular file '/dev/shm/linux/./tools/testing/shared/linux/kernel.h': File exists
cp: cannot create regular file '/dev/shm/linux/./tools/testing/shared/linux/local_lock.h': File exists
cp: cannot create regular file '/dev/shm/linux/./tools/testing/shared/linux/maple_tree.h': File exists
cp: cannot create regular file '/dev/shm/linux/./tools/testing/shared/linux/preempt.h': File exists
cp: cannot create regular file '/dev/shm/linux/./tools/testing/shared/linux/rbtree_augmented.h': File exists
cp: cannot create regular file '/dev/shm/linux/./tools/testing/shared/linux/rcupdate.h': File exists
cp: cannot create regular file '/dev/shm/linux/./tools/testing/shared/maple-shared.h': File exists
cp: cannot create regular file '/dev/shm/linux/./tools/testing/shared/rbtree-shim.c': File exists
cp: cannot create directory '/dev/shm/linux/./tools/testing/shared/trace/events': File exists
cp: cannot create regular file '/dev/shm/linux/./tools/testing/vma/.gitignore': File exists
cp: cannot create regular file '/dev/shm/linux/./tools/testing/vma/include/custom.h': File exists
cp: cannot create regular file '/dev/shm/linux/./tools/testing/vma/include/stubs.h': File exists
cp: cannot create regular file '/dev/shm/linux/./tools/thermal/thermometer/thermometer.8': File exists
cp: cannot create regular file '/dev/shm/linux/./tools/thermal/thermometer/thermometer.conf': File exists
cp: cannot create regular file '/dev/shm/linux/./tools/tracing/rtla/.gitignore': File exists
cp: cannot create regular file '/dev/shm/linux/./tools/tracing/rtla/Makefile': File exists
cp: cannot create regular file '/dev/shm/linux/./tools/tracing/rtla/Makefile.standalone': File exists
cp: cannot create regular file '/dev/shm/linux/./tools/tracing/rtla/example/timerlat_load.py': File exists
cp: cannot create regular file '/dev/shm/linux/./tools/usb/ffs-test.c': File exists
cp: cannot create regular file '/dev/shm/linux/./tools/usb/p9_fwd.py': File exists
cp: cannot create regular file '/dev/shm/linux/./tools/usb/testusb.c': File exists
cp: cannot create regular file '/dev/shm/linux/./tools/verification/rvgen/rvgen/ltl2k.py': File exists
cp: cannot create regular file '/dev/shm/linux/./tools/virtio/linux/device.h': File exists
cp: cannot create regular file '/dev/shm/linux/./tools/virtio/linux/err.h': File exists
cp: cannot create regular file '/dev/shm/linux/./tools/virtio/linux/gfp.h': File exists
cp: cannot create regular file '/dev/shm/linux/./tools/virtio/linux/irqreturn.h': File exists
cp: cannot create regular file '/dev/shm/linux/./tools/virtio/linux/kmemleak.h': File exists
cp: cannot create regular file '/dev/shm/linux/./tools/virtio/linux/module.h': File exists
cp: cannot create regular file '/dev/shm/linux/./tools/virtio/linux/ratelimit.h': File exists
cp: cannot create regular file '/dev/shm/linux/./tools/virtio/linux/slab.h': File exists
cp: cannot create regular file '/dev/shm/linux/./tools/virtio/linux/topology.h': File exists
cp: cannot create regular file '/dev/shm/linux/./tools/virtio/linux/ucopysize.h': File exists
cp: cannot create regular file '/dev/shm/linux/./tools/virtio/linux/virtio.h': File exists
cp: cannot create regular file '/dev/shm/linux/./tools/virtio/linux/virtio_config.h': File exists
cp: cannot create regular file '/dev/shm/linux/./tools/virtio/linux/vringh.h': File exists
cp: cannot create regular file '/dev/shm/linux/./tools/virtio/ringtest/Makefile': File exists
cp: cannot create regular file '/dev/shm/linux/./tools/virtio/ringtest/main.c': File exists
cp: cannot create regular file '/dev/shm/linux/./tools/virtio/ringtest/noring.c': File exists
cp: cannot create regular file '/dev/shm/linux/./tools/virtio/ringtest/ptr_ring.c': File exists
cp: cannot create regular file '/dev/shm/linux/./tools/virtio/ringtest/run-on-all.sh': File exists
cp: cannot create regular file '/dev/shm/linux/./tools/virtio/ringtest/virtio_ring_inorder.c': File exists
cp: cannot create regular file '/dev/shm/linux/./tools/virtio/ringtest/virtio_ring_poll.c': File exists
cp: cannot create regular file '/dev/shm/linux/./tools/virtio/virtio-trace/README': File exists
cp: cannot create regular file '/dev/shm/linux/./tools/virtio/virtio-trace/trace-agent-rw.c': File exists
cp: cannot create regular file '/dev/shm/linux/./tools/virtio/virtio-trace/trace-agent.h': File exists
cp: cannot create regular file '/dev/shm/linux/./tools/virtio/vringh_test.c': File exists
cp: cannot create regular file '/dev/shm/linux/./tools/workqueue/wq_monitor.py': File exists
cp: cannot create regular file '/dev/shm/linux/./usr/Makefile': File exists
cp: cannot create regular file '/dev/shm/linux/./usr/dummy-include/limits.h': File exists
cp: cannot create regular file '/dev/shm/linux/./usr/dummy-include/sys/socket.h': File exists
cp: cannot create regular file '/dev/shm/linux/./usr/dummy-include/sys/types.h': File exists
cp: cannot create regular file '/dev/shm/linux/./usr/dummy-include/time.h': File exists
cp: cannot create regular file '/dev/shm/linux/./usr/gen_initramfs.sh': File exists
cp: cannot create regular file '/dev/shm/linux/./usr/include/Makefile': File exists
cp: cannot create regular file '/dev/shm/linux/./usr/initramfs_data.S': File exists
cp: cannot create directory '/dev/shm/linux/./virt': File exists
/fibus/fs2/02/cgk3480/.conda/envs/churn-env/lib/python3.11/site-packages/numpy/_core/fromnumeric.py:54: FutureWarning: 'DataFrame.swapaxes' is deprecated and will be removed in a future version. Please use 'DataFrame.transpose' instead.
  return bound(*args, **kwds)
Processing Linux Part 2:   0%|          | 0/12467 [00:00<?, ?it/s]Processing Linux Part 2:   0%|          | 1/12467 [00:00<1:46:41,  1.95it/s]Processing Linux Part 2:   0%|          | 2/12467 [00:00<1:34:50,  2.19it/s]Processing Linux Part 2:   0%|          | 3/12467 [00:01<1:32:25,  2.25it/s]Processing Linux Part 2:   0%|          | 4/12467 [00:01<1:34:26,  2.20it/s]Processing Linux Part 2:   0%|          | 5/12467 [00:02<1:31:36,  2.27it/s]Processing Linux Part 2:   0%|          | 6/12467 [00:02<1:33:59,  2.21it/s]Processing Linux Part 2:   0%|          | 7/12467 [00:03<1:49:50,  1.89it/s]Processing Linux Part 2:   0%|          | 8/12467 [00:04<1:56:49,  1.78it/s]Processing Linux Part 2:   0%|          | 9/12467 [00:04<2:02:06,  1.70it/s]Processing Linux Part 2:   0%|          | 10/12467 [00:05<2:02:35,  1.69it/s]Processing Linux Part 2:   0%|          | 11/12467 [00:05<2:08:31,  1.62it/s]Processing Linux Part 2:   0%|          | 12/12467 [00:06<2:06:14,  1.64it/s]Processing Linux Part 2:   0%|          | 13/12467 [00:07<2:08:08,  1.62it/s]Processing Linux Part 2:   0%|          | 14/12467 [00:07<2:18:29,  1.50it/s]Processing Linux Part 2:   0%|          | 15/12467 [00:08<2:15:28,  1.53it/s]Processing Linux Part 2:   0%|          | 16/12467 [00:09<2:14:35,  1.54it/s]Processing Linux Part 2:   0%|          | 17/12467 [00:09<2:16:41,  1.52it/s]Processing Linux Part 2:   0%|          | 18/12467 [00:10<2:20:04,  1.48it/s]Processing Linux Part 2:   0%|          | 19/12467 [00:11<2:21:25,  1.47it/s]Processing Linux Part 2:   0%|          | 20/12467 [00:12<2:21:45,  1.46it/s]Processing Linux Part 2:   0%|          | 21/12467 [00:12<2:21:09,  1.47it/s]Processing Linux Part 2:   0%|          | 22/12467 [00:13<2:24:13,  1.44it/s][2026-06-13T19:10:33.723] error: *** JOB 5964474 ON g175 CANCELLED AT 2026-06-13T19:10:33 DUE to SIGNAL Terminated ***
