cp: cannot create directory '/dev/shm/linux/./.git': File exists
cp: cannot create regular file '/dev/shm/linux/./Documentation/ABI/testing/sysfs-bus-vdpa': File exists
cp: cannot create regular file '/dev/shm/linux/./Documentation/ABI/testing/sysfs-bus-wmi': File exists
cp: cannot create regular file '/dev/shm/linux/./Documentation/ABI/testing/sysfs-cfq-target-latency': File exists
cp: cannot create regular file '/dev/shm/linux/./Documentation/ABI/testing/sysfs-class-backlight': File exists
cp: cannot create regular file '/dev/shm/linux/./Documentation/ABI/testing/sysfs-class-backlight-lm3639': File exists
cp: cannot create regular file '/dev/shm/linux/./Documentation/ABI/testing/sysfs-class-bsr': File exists
cp: cannot create regular file '/dev/shm/linux/./Documentation/ABI/testing/sysfs-class-devfreq-event': File exists
cp: cannot create regular file '/dev/shm/linux/./Documentation/ABI/testing/sysfs-class-devlink': File exists
cp: cannot create regular file '/dev/shm/linux/./Documentation/ABI/testing/sysfs-class-extcon': File exists
cp: cannot create regular file '/dev/shm/linux/./Documentation/ABI/testing/sysfs-class-fc_host': File exists
cp: cannot create regular file '/dev/shm/linux/./Documentation/ABI/testing/sysfs-class-firmware': File exists
cp: cannot create regular file '/dev/shm/linux/./Documentation/ABI/testing/sysfs-class-fpga-bridge': File exists
cp: cannot create regular file '/dev/shm/linux/./Documentation/ABI/testing/sysfs-class-fpga-region': File exists
cp: cannot create regular file '/dev/shm/linux/./Documentation/ABI/testing/sysfs-class-hwmon': File exists
cp: cannot create regular file '/dev/shm/linux/./Documentation/ABI/testing/sysfs-class-iommu-amd-iommu': File exists
cp: cannot create regular file '/dev/shm/linux/./Documentation/ABI/testing/sysfs-class-lcd': File exists
cp: cannot create regular file '/dev/shm/linux/./Documentation/ABI/testing/sysfs-class-led': File exists
cp: cannot create regular file '/dev/shm/linux/./Documentation/ABI/testing/sysfs-class-led-driver-lm3533': File exists
cp: cannot create regular file '/dev/shm/linux/./Documentation/ABI/testing/sysfs-class-led-driver-turris-omnia': File exists
cp: cannot create regular file '/dev/shm/linux/./Documentation/ABI/testing/sysfs-class-led-flash': File exists
cp: cannot create regular file '/dev/shm/linux/./Documentation/ABI/testing/sysfs-class-led-trigger-netdev': File exists
cp: cannot create regular file '/dev/shm/linux/./Documentation/ABI/testing/sysfs-class-led-trigger-pattern': File exists
cp: cannot create regular file '/dev/shm/linux/./Documentation/ABI/testing/sysfs-class-led-trigger-usbport': File exists
cp: cannot create regular file '/dev/shm/linux/./Documentation/ABI/testing/sysfs-class-mux': File exists
cp: cannot create regular file '/dev/shm/linux/./Documentation/ABI/testing/sysfs-class-net-dsa': File exists
cp: cannot create regular file '/dev/shm/linux/./Documentation/ABI/testing/sysfs-class-net-janz-ican3': File exists
cp: cannot create regular file '/dev/shm/linux/./Documentation/ABI/testing/sysfs-class-net-qmi': File exists
cp: cannot create regular file '/dev/shm/linux/./Documentation/ABI/testing/sysfs-class-net-queues': File exists
cp: cannot create regular file '/dev/shm/linux/./Documentation/ABI/testing/sysfs-class-ocxl': File exists
cp: cannot create regular file '/dev/shm/linux/./Documentation/ABI/testing/sysfs-class-power-gaokun': File exists
cp: cannot create regular file '/dev/shm/linux/./Documentation/ABI/testing/sysfs-class-power-ltc4162l': File exists
cp: cannot create regular file '/dev/shm/linux/./Documentation/ABI/testing/sysfs-class-power-mp2629': File exists
cp: cannot create regular file '/dev/shm/linux/./Documentation/ABI/testing/sysfs-class-power-rt9471': File exists
cp: cannot create regular file '/dev/shm/linux/./Documentation/ABI/testing/sysfs-class-power-surface': File exists
cp: cannot create regular file '/dev/shm/linux/./Documentation/ABI/testing/sysfs-class-rapidio': File exists
cp: cannot create regular file '/dev/shm/linux/./Documentation/ABI/testing/sysfs-class-rc-nuvoton': File exists
cp: cannot create regular file '/dev/shm/linux/./Documentation/ABI/testing/sysfs-class-regulator': File exists
cp: cannot create regular file '/dev/shm/linux/./Documentation/ABI/testing/sysfs-class-rnbd-client': File exists
cp: cannot create regular file '/dev/shm/linux/./Documentation/ABI/testing/sysfs-class-rtc': File exists
cp: cannot create regular file '/dev/shm/linux/./Documentation/ABI/testing/sysfs-class-rtrs-client': File exists
cp: cannot create regular file '/dev/shm/linux/./Documentation/ABI/testing/sysfs-class-scsi_host': File exists
cp: cannot create regular file '/dev/shm/linux/./Documentation/ABI/testing/sysfs-class-scsi_tape': File exists
cp: cannot create regular file '/dev/shm/linux/./Documentation/ABI/testing/sysfs-class-stm': File exists
cp: cannot create regular file '/dev/shm/linux/./Documentation/ABI/testing/sysfs-class-switchtec': File exists
cp: cannot create regular file '/dev/shm/linux/./Documentation/ABI/testing/sysfs-class-thermal': File exists
cp: cannot create regular file '/dev/shm/linux/./Documentation/ABI/testing/sysfs-class-typec': File exists
cp: cannot create regular file '/dev/shm/linux/./Documentation/ABI/testing/sysfs-class-zram': File exists
cp: cannot create regular file '/dev/shm/linux/./Documentation/ABI/testing/sysfs-devices': File exists
cp: cannot create regular file '/dev/shm/linux/./Documentation/ABI/testing/sysfs-devices-consumer': File exists
cp: cannot create regular file '/dev/shm/linux/./Documentation/ABI/testing/sysfs-devices-edac': File exists
cp: cannot create regular file '/dev/shm/linux/./Documentation/ABI/testing/sysfs-devices-lpss_ltr': File exists
cp: cannot create regular file '/dev/shm/linux/./Documentation/ABI/testing/sysfs-devices-mmc': File exists
cp: cannot create regular file '/dev/shm/linux/./Documentation/ABI/testing/sysfs-devices-pci-host-bridge': File exists
cp: cannot create regular file '/dev/shm/linux/./Documentation/ABI/testing/sysfs-devices-physical_location': File exists
cp: cannot create regular file '/dev/shm/linux/./Documentation/ABI/testing/sysfs-devices-platform-ACPI-TAD': File exists
cp: cannot create regular file '/dev/shm/linux/./Documentation/ABI/testing/sysfs-devices-platform-dock': File exists
cp: cannot create regular file '/dev/shm/linux/./Documentation/ABI/testing/sysfs-devices-platform-ipmi': File exists
cp: cannot create regular file '/dev/shm/linux/./Documentation/ABI/testing/sysfs-devices-platform-kunpeng_hccs': File exists
cp: cannot create regular file '/dev/shm/linux/./Documentation/ABI/testing/sysfs-devices-platform-sh_mobile_lcdc_fb': File exists
cp: cannot create regular file '/dev/shm/linux/./Documentation/ABI/testing/sysfs-devices-platform-soc-ipa': File exists
cp: cannot create regular file '/dev/shm/linux/./Documentation/ABI/testing/sysfs-devices-platform-stratix10-rsu': File exists
cp: cannot create regular file '/dev/shm/linux/./Documentation/ABI/testing/sysfs-devices-power_resources_D2': File exists
cp: cannot create regular file '/dev/shm/linux/./Documentation/ABI/testing/sysfs-devices-power_resources_wakeup': File exists
cp: cannot create regular file '/dev/shm/linux/./Documentation/ABI/testing/sysfs-devices-removable': File exists
cp: cannot create regular file '/dev/shm/linux/./Documentation/ABI/testing/sysfs-devices-soc': File exists
cp: cannot create regular file '/dev/shm/linux/./Documentation/ABI/testing/sysfs-devices-state_synced': File exists
cp: cannot create regular file '/dev/shm/linux/./Documentation/ABI/testing/sysfs-devices-sun': File exists
cp: cannot create regular file '/dev/shm/linux/./Documentation/ABI/testing/sysfs-devices-supplier': File exists
cp: cannot create regular file '/dev/shm/linux/./Documentation/ABI/testing/sysfs-devices-system-ibm-rtl': File exists
cp: cannot create regular file '/dev/shm/linux/./Documentation/ABI/testing/sysfs-devices-system-xen_cpu': File exists
cp: cannot create regular file '/dev/shm/linux/./Documentation/ABI/testing/sysfs-devices-waiting_for_supplier': File exists
cp: cannot create regular file '/dev/shm/linux/./Documentation/ABI/testing/sysfs-driver-altera-cvp': File exists
cp: cannot create regular file '/dev/shm/linux/./Documentation/ABI/testing/sysfs-driver-aspeed-uart-routing': File exists
cp: cannot create regular file '/dev/shm/linux/./Documentation/ABI/testing/sysfs-driver-chromeos-acpi': File exists
cp: cannot create regular file '/dev/shm/linux/./Documentation/ABI/testing/sysfs-driver-genwqe': File exists
cp: cannot create regular file '/dev/shm/linux/./Documentation/ABI/testing/sysfs-driver-hid-appletb-kbd': File exists
cp: cannot create regular file '/dev/shm/linux/./Documentation/ABI/testing/sysfs-driver-hid-lenovo': File exists
cp: cannot create regular file '/dev/shm/linux/./Documentation/ABI/testing/sysfs-driver-hid-lenovo-go': File exists
cp: cannot create regular file '/dev/shm/linux/./Documentation/ABI/testing/sysfs-driver-hid-logitech-hidpp': File exists
cp: cannot create regular file '/dev/shm/linux/./Documentation/ABI/testing/sysfs-driver-hid-logitech-lg4ff': File exists
cp: cannot create regular file '/dev/shm/linux/./Documentation/ABI/testing/sysfs-driver-hid-ntrig': File exists
cp: cannot create regular file '/dev/shm/linux/./Documentation/ABI/testing/sysfs-driver-hid-prodikeys': File exists
cp: cannot create regular file '/dev/shm/linux/./Documentation/ABI/testing/sysfs-driver-hid-srws1': File exists
cp: cannot create regular file '/dev/shm/linux/./Documentation/ABI/testing/sysfs-driver-input-axp-pek': File exists
cp: cannot create regular file '/dev/shm/linux/./Documentation/ABI/testing/sysfs-driver-intc_sar': File exists
cp: cannot create regular file '/dev/shm/linux/./Documentation/ABI/testing/sysfs-driver-intel-m10-bmc': File exists
cp: cannot create regular file '/dev/shm/linux/./Documentation/ABI/testing/sysfs-driver-intel-xe-hwmon': File exists
cp: cannot create regular file '/dev/shm/linux/./Documentation/ABI/testing/sysfs-driver-intel_sdsi': File exists
cp: cannot create regular file '/dev/shm/linux/./Documentation/ABI/testing/sysfs-driver-panfrost-profiling': File exists
cp: cannot create regular file '/dev/shm/linux/./Documentation/ABI/testing/sysfs-driver-pciback': File exists
cp: cannot create regular file '/dev/shm/linux/./Documentation/ABI/testing/sysfs-driver-qaic': File exists
cp: cannot create regular file '/dev/shm/linux/./Documentation/ABI/testing/sysfs-driver-qat_ras': File exists
cp: cannot create regular file '/dev/shm/linux/./Documentation/ABI/testing/sysfs-driver-qat_svn': File exists
cp: cannot create regular file '/dev/shm/linux/./Documentation/ABI/testing/sysfs-driver-spi-intel': File exists
cp: cannot create regular file '/dev/shm/linux/./Documentation/ABI/testing/sysfs-driver-tegra-fuse': File exists
cp: cannot create regular file '/dev/shm/linux/./Documentation/ABI/testing/sysfs-driver-toshiba_haps': File exists
cp: cannot create regular file '/dev/shm/linux/./Documentation/ABI/testing/sysfs-driver-uacce': File exists
cp: cannot create regular file '/dev/shm/linux/./Documentation/ABI/testing/sysfs-driver-ucsi-ccg': File exists
cp: cannot create regular file '/dev/shm/linux/./Documentation/ABI/testing/sysfs-driver-uio_pci_sva-pasid': File exists
cp: cannot create regular file '/dev/shm/linux/./Documentation/ABI/testing/sysfs-driver-uniwill-laptop': File exists
cp: cannot create regular file '/dev/shm/linux/./Documentation/ABI/testing/sysfs-driver-w1_therm': File exists
cp: cannot create regular file '/dev/shm/linux/./Documentation/ABI/testing/sysfs-driver-xdata': File exists
cp: cannot create regular file '/dev/shm/linux/./Documentation/ABI/testing/sysfs-driver-xen-blkfront': File exists
cp: cannot create regular file '/dev/shm/linux/./Documentation/ABI/testing/sysfs-driver-zynqmp-fpga': File exists
cp: cannot create regular file '/dev/shm/linux/./Documentation/ABI/testing/sysfs-edac-memory-repair': File exists
cp: cannot create regular file '/dev/shm/linux/./Documentation/ABI/testing/sysfs-firmware-acpi': File exists
cp: cannot create regular file '/dev/shm/linux/./Documentation/ABI/testing/sysfs-firmware-dmi-tables': File exists
cp: cannot create regular file '/dev/shm/linux/./Documentation/ABI/testing/sysfs-firmware-efi-esrt': File exists
cp: cannot create regular file '/dev/shm/linux/./Documentation/ABI/testing/sysfs-firmware-gsmi': File exists
cp: cannot create regular file '/dev/shm/linux/./Documentation/ABI/testing/sysfs-firmware-initrd': File exists
cp: cannot create regular file '/dev/shm/linux/./Documentation/ABI/testing/sysfs-firmware-log': File exists
cp: cannot create regular file '/dev/shm/linux/./Documentation/ABI/testing/sysfs-firmware-ofw': File exists
cp: cannot create regular file '/dev/shm/linux/./Documentation/ABI/testing/sysfs-firmware-opal-psr': File exists
cp: cannot create regular file '/dev/shm/linux/./Documentation/ABI/testing/sysfs-firmware-papr-energy-scale-info': File exists
cp: cannot create regular file '/dev/shm/linux/./Documentation/ABI/testing/sysfs-firmware-qemu_fw_cfg': File exists
cp: cannot create regular file '/dev/shm/linux/./Documentation/ABI/testing/sysfs-firmware-turris-mox-rwtm': File exists
cp: cannot create regular file '/dev/shm/linux/./Documentation/ABI/testing/sysfs-fs-nilfs2': File exists
cp: cannot create regular file '/dev/shm/linux/./Documentation/ABI/testing/sysfs-fs-virtiofs': File exists
cp: cannot create regular file '/dev/shm/linux/./Documentation/ABI/testing/sysfs-hypervisor-xen': File exists
cp: cannot create regular file '/dev/shm/linux/./Documentation/ABI/testing/sysfs-kernel-address_bits': File exists
cp: cannot create regular file '/dev/shm/linux/./Documentation/ABI/testing/sysfs-kernel-cpu_byteorder': File exists
cp: cannot create regular file '/dev/shm/linux/./Documentation/ABI/testing/sysfs-kernel-fscaps': File exists
cp: cannot create regular file '/dev/shm/linux/./Documentation/ABI/testing/sysfs-kernel-iommu_groups': File exists
cp: cannot create regular file '/dev/shm/linux/./Documentation/ABI/testing/sysfs-kernel-kexec-kdump': File exists
cp: cannot create regular file '/dev/shm/linux/./Documentation/ABI/testing/sysfs-kernel-mm': File exists
cp: cannot create regular file '/dev/shm/linux/./Documentation/ABI/testing/sysfs-kernel-mm-cma': File exists
cp: cannot create regular file '/dev/shm/linux/./Documentation/ABI/testing/sysfs-kernel-mm-hugepages': File exists
cp: cannot create regular file '/dev/shm/linux/./Documentation/ABI/testing/sysfs-kernel-mm-ksm': File exists
cp: cannot create regular file '/dev/shm/linux/./Documentation/ABI/testing/sysfs-kernel-mm-mempolicy': File exists
cp: cannot create regular file '/dev/shm/linux/./Documentation/ABI/testing/sysfs-kernel-mm-numa': File exists
cp: cannot create regular file '/dev/shm/linux/./Documentation/ABI/testing/sysfs-kernel-mm-transparent-hugepage': File exists
cp: cannot create regular file '/dev/shm/linux/./Documentation/ABI/testing/sysfs-kernel-oops_count': File exists
cp: cannot create regular file '/dev/shm/linux/./Documentation/ABI/testing/sysfs-kernel-reboot': File exists
cp: cannot create regular file '/dev/shm/linux/./Documentation/ABI/testing/sysfs-kernel-softlockup_count': File exists
cp: cannot create regular file '/dev/shm/linux/./Documentation/ABI/testing/sysfs-module': File exists
cp: cannot create regular file '/dev/shm/linux/./Documentation/ABI/testing/sysfs-platform-alienware-wmi': File exists
cp: cannot create regular file '/dev/shm/linux/./Documentation/ABI/testing/sysfs-platform-asus-wmi': File exists
cp: cannot create regular file '/dev/shm/linux/./Documentation/ABI/testing/sysfs-platform-brcmstb-gisb-arb': File exists
cp: cannot create regular file '/dev/shm/linux/./Documentation/ABI/testing/sysfs-platform-chipidea-usb-otg': File exists
cp: cannot create regular file '/dev/shm/linux/./Documentation/ABI/testing/sysfs-platform-dell-laptop': File exists
cp: cannot create regular file '/dev/shm/linux/./Documentation/ABI/testing/sysfs-platform-dell-privacy-wmi': File exists
cp: cannot create regular file '/dev/shm/linux/./Documentation/ABI/testing/sysfs-platform-dell-wmi-ddv': File exists
cp: cannot create regular file '/dev/shm/linux/./Documentation/ABI/testing/sysfs-platform-dfl-fme': File exists
cp: cannot create regular file '/dev/shm/linux/./Documentation/ABI/testing/sysfs-platform-dptf': File exists
cp: cannot create regular file '/dev/shm/linux/./Documentation/ABI/testing/sysfs-platform-hidma': File exists
cp: cannot create regular file '/dev/shm/linux/./Documentation/ABI/testing/sysfs-platform-hidma-mgmt': File exists
cp: cannot create regular file '/dev/shm/linux/./Documentation/ABI/testing/sysfs-platform-ideapad-laptop': File exists
cp: cannot create regular file '/dev/shm/linux/./Documentation/ABI/testing/sysfs-platform-intel-wmi-sbl-fw-update': File exists
cp: cannot create regular file '/dev/shm/linux/./Documentation/ABI/testing/sysfs-platform-intel-wmi-thunderbolt': File exists
cp: cannot create regular file '/dev/shm/linux/./Documentation/ABI/testing/sysfs-platform-kim': File exists
cp: cannot create regular file '/dev/shm/linux/./Documentation/ABI/testing/sysfs-platform-mellanox-bootctl': File exists
cp: cannot create regular file '/dev/shm/linux/./Documentation/ABI/testing/sysfs-platform-msi-laptop': File exists
cp: cannot create regular file '/dev/shm/linux/./Documentation/ABI/testing/sysfs-platform-phy-rcar-gen3-usb2': File exists
cp: cannot create regular file '/dev/shm/linux/./Documentation/ABI/testing/sysfs-platform-renesas_usb3': File exists
cp: cannot create regular file '/dev/shm/linux/./Documentation/ABI/testing/sysfs-platform-tahvo-usb': File exists
cp: cannot create regular file '/dev/shm/linux/./Documentation/ABI/testing/sysfs-platform-usbip-vudc': File exists
cp: cannot create regular file '/dev/shm/linux/./Documentation/ABI/testing/sysfs-platform_profile': File exists
cp: cannot create regular file '/dev/shm/linux/./Documentation/ABI/testing/sysfs-pps': File exists
cp: cannot create regular file '/dev/shm/linux/./Documentation/ABI/testing/sysfs-pps-gen': File exists
cp: cannot create regular file '/dev/shm/linux/./Documentation/ABI/testing/sysfs-profiling': File exists
cp: cannot create regular file '/dev/shm/linux/./Documentation/ABI/testing/sysfs-ptp': File exists
cp: cannot create regular file '/dev/shm/linux/./Documentation/ABI/testing/sysfs-secvar': File exists
cp: cannot create regular file '/dev/shm/linux/./Documentation/ABI/testing/sysfs-tty': File exists
cp: cannot create regular file '/dev/shm/linux/./Documentation/ABI/testing/usb-charger-uevent': File exists
cp: cannot create symbolic link '/dev/shm/linux/./Documentation/Changes': File exists
cp: cannot create regular file '/dev/shm/linux/./Documentation/Kconfig': File exists
cp: cannot create directory '/dev/shm/linux/./Documentation/PCI': File exists
cp: cannot create regular file '/dev/shm/linux/./Documentation/RCU/Design/Memory-Ordering/TreeRCU-dyntick.svg': File exists
cp: cannot create regular file '/dev/shm/linux/./Documentation/RCU/Design/Memory-Ordering/TreeRCU-gp-fqs.svg': File exists
cp: cannot create regular file '/dev/shm/linux/./Documentation/RCU/Design/Memory-Ordering/TreeRCU-gp-init-2.svg': File exists
cp: cannot create regular file '/dev/shm/linux/./Documentation/RCU/Design/Memory-Ordering/TreeRCU-gp.svg': File exists
cp: cannot create regular file '/dev/shm/linux/./Documentation/RCU/Design/Memory-Ordering/rcu_node-lock.svg': File exists
cp: cannot create regular file '/dev/shm/linux/./Documentation/RCU/Design/Requirements/GPpartitionReaders1.svg': File exists
cp: cannot create regular file '/dev/shm/linux/./Documentation/RCU/Design/Requirements/Requirements.rst': File exists
cp: cannot create regular file '/dev/shm/linux/./Documentation/RCU/RTFP.txt': File exists
cp: cannot create regular file '/dev/shm/linux/./Documentation/RCU/checklist.rst': File exists
cp: cannot create regular file '/dev/shm/linux/./Documentation/RCU/listRCU.rst': File exists
cp: cannot create regular file '/dev/shm/linux/./Documentation/RCU/rcu.rst': File exists
cp: cannot create regular file '/dev/shm/linux/./Documentation/RCU/rcubarrier.rst': File exists
cp: cannot create regular file '/dev/shm/linux/./Documentation/RCU/rcuref.rst': File exists
cp: cannot create regular file '/dev/shm/linux/./Documentation/RCU/torture.rst': File exists
cp: cannot create regular file '/dev/shm/linux/./Documentation/SubmittingPatches': File exists
cp: cannot create directory '/dev/shm/linux/./Documentation/accel/amdxdna': File exists
cp: cannot create regular file '/dev/shm/linux/./Documentation/accel/qaic/aic080.rst': File exists
cp: cannot create regular file '/dev/shm/linux/./Documentation/accel/qaic/index.rst': File exists
cp: cannot create directory '/dev/shm/linux/./Documentation/accel/rocket': File exists
cp: cannot create regular file '/dev/shm/linux/./Documentation/accounting/index.rst': File exists
cp: cannot create regular file '/dev/shm/linux/./Documentation/accounting/taskstats-struct.rst': File exists
cp: cannot create directory '/dev/shm/linux/./Documentation/admin-guide': File exists
cp: cannot create regular file '/dev/shm/linux/./Documentation/dev-tools/checkpatch.rst': File exists
cp: cannot create regular file '/dev/shm/linux/./Documentation/dev-tools/clang-format.rst': File exists
cp: cannot create regular file '/dev/shm/linux/./Documentation/dev-tools/container.rst': File exists
cp: cannot create regular file '/dev/shm/linux/./Documentation/dev-tools/gcov.rst': File exists
cp: cannot create regular file '/dev/shm/linux/./Documentation/dev-tools/index.rst': File exists
cp: cannot create regular file '/dev/shm/linux/./Documentation/dev-tools/kasan.rst': File exists
cp: cannot create regular file '/dev/shm/linux/./Documentation/dev-tools/kcsan.rst': File exists
cp: cannot create regular file '/dev/shm/linux/./Documentation/dev-tools/kmemleak.rst': File exists
cp: cannot create regular file '/dev/shm/linux/./Documentation/dev-tools/kselftest.rst': File exists
cp: cannot create directory '/dev/shm/linux/./Documentation/dev-tools/kunit': File exists
cp: cannot create regular file '/dev/shm/linux/./Documentation/dev-tools/testing-overview.rst': File exists
cp: cannot create directory '/dev/shm/linux/./Documentation/devicetree/bindings': File exists
cp: cannot create regular file '/dev/shm/linux/./arch/arm/boot/dts/renesas/r8a7792-blanche.dts': File exists
cp: cannot create regular file '/dev/shm/linux/./arch/arm/boot/dts/renesas/r8a7792.dtsi': File exists
cp: cannot create regular file '/dev/shm/linux/./arch/arm/boot/dts/renesas/r8a7793.dtsi': File exists
cp: cannot create regular file '/dev/shm/linux/./arch/arm/boot/dts/renesas/r8a7794-silk.dts': File exists
cp: cannot create regular file '/dev/shm/linux/./arch/arm/boot/dts/renesas/r9a06g032-rzn1d400-db.dts': File exists
cp: cannot create regular file '/dev/shm/linux/./arch/arm/boot/dts/renesas/r9a06g032.dtsi': File exists
cp: cannot create regular file '/dev/shm/linux/./arch/arm/boot/dts/renesas/sh73a0.dtsi': File exists
cp: cannot create regular file '/dev/shm/linux/./arch/arm/boot/dts/rockchip/Makefile': File exists
cp: cannot create regular file '/dev/shm/linux/./arch/arm/boot/dts/rockchip/rk3036.dtsi': File exists
cp: cannot create regular file '/dev/shm/linux/./arch/arm/boot/dts/rockchip/rk3066a-marsboard.dts': File exists
cp: cannot create regular file '/dev/shm/linux/./arch/arm/boot/dts/rockchip/rk3066a-rayeager.dts': File exists
cp: cannot create regular file '/dev/shm/linux/./arch/arm/boot/dts/rockchip/rk3066a.dtsi': File exists
cp: cannot create regular file '/dev/shm/linux/./arch/arm/boot/dts/rockchip/rk3128-xpi-3128.dts': File exists
cp: cannot create regular file '/dev/shm/linux/./arch/arm/boot/dts/rockchip/rk3188-bqedison2qc.dts': File exists
cp: cannot create regular file '/dev/shm/linux/./arch/arm/boot/dts/rockchip/rk3188-radxarock.dts': File exists
cp: cannot create regular file '/dev/shm/linux/./arch/arm/boot/dts/rockchip/rk3228-evb.dts': File exists
cp: cannot create regular file '/dev/shm/linux/./arch/arm/boot/dts/rockchip/rk3229-xms6.dts': File exists
cp: cannot create regular file '/dev/shm/linux/./arch/arm/boot/dts/rockchip/rk322x.dtsi': File exists
cp: cannot create regular file '/dev/shm/linux/./arch/arm/boot/dts/rockchip/rk3288-evb-rk808.dts': File exists
cp: cannot create regular file '/dev/shm/linux/./arch/arm/boot/dts/rockchip/rk3288-firefly-beta.dts': File exists
cp: cannot create regular file '/dev/shm/linux/./arch/arm/boot/dts/rockchip/rk3288-firefly.dts': File exists
cp: cannot create regular file '/dev/shm/linux/./arch/arm/boot/dts/rockchip/rk3288-phycore-rdk.dts': File exists
cp: cannot create regular file '/dev/shm/linux/./arch/arm/boot/dts/rockchip/rk3288-phycore-som.dtsi': File exists
cp: cannot create regular file '/dev/shm/linux/./arch/arm/boot/dts/rockchip/rk3288-r89.dts': File exists
cp: cannot create regular file '/dev/shm/linux/./arch/arm/boot/dts/rockchip/rk3288-tinker-s.dts': File exists
cp: cannot create regular file '/dev/shm/linux/./arch/arm/boot/dts/rockchip/rk3288-veyron-analog-audio.dtsi': File exists
cp: cannot create regular file '/dev/shm/linux/./arch/arm/boot/dts/rockchip/rk3288-veyron-broadcom-bluetooth.dtsi': File exists
cp: cannot create regular file '/dev/shm/linux/./arch/arm/boot/dts/rockchip/rk3288-veyron-edp.dtsi': File exists
cp: cannot create regular file '/dev/shm/linux/./arch/arm/boot/dts/rockchip/rk3288-veyron-jaq.dts': File exists
cp: cannot create regular file '/dev/shm/linux/./arch/arm/boot/dts/rockchip/rk3288-veyron-mickey.dts': File exists
cp: cannot create regular file '/dev/shm/linux/./arch/arm/boot/dts/rockchip/rk3288-veyron-pinky.dts': File exists
cp: cannot create regular file '/dev/shm/linux/./arch/arm/boot/dts/rockchip/rk3288-veyron-speedy.dts': File exists
cp: cannot create regular file '/dev/shm/linux/./arch/arm/boot/dts/rockchip/rk3288-veyron.dtsi': File exists
cp: cannot create regular file '/dev/shm/linux/./arch/arm/boot/dts/rockchip/rk3288-vyasa.dts': File exists
cp: cannot create regular file '/dev/shm/linux/./arch/arm/boot/dts/rockchip/rk3xxx.dtsi': File exists
cp: cannot create regular file '/dev/shm/linux/./arch/arm/boot/dts/rockchip/rv1103b-omega4.dtsi': File exists
cp: cannot create regular file '/dev/shm/linux/./arch/arm/boot/dts/rockchip/rv1103b.dtsi': File exists
cp: cannot create regular file '/dev/shm/linux/./arch/arm/boot/dts/rockchip/rv1108-evb.dts': File exists
cp: cannot create regular file '/dev/shm/linux/./arch/arm/boot/dts/rockchip/rv1109-relfor-saib.dts': File exists
cp: cannot create regular file '/dev/shm/linux/./arch/arm/boot/dts/rockchip/rv1109.dtsi': File exists
cp: cannot create regular file '/dev/shm/linux/./arch/arm/boot/dts/rockchip/rv1126-edgeble-neu2.dtsi': File exists
cp: cannot create regular file '/dev/shm/linux/./arch/arm/boot/dts/rockchip/rv1126-pinctrl.dtsi': File exists
cp: cannot create regular file '/dev/shm/linux/./arch/arm/boot/dts/rockchip/rv1126.dtsi': File exists
cp: cannot create regular file '/dev/shm/linux/./arch/arm/boot/dts/samsung/Makefile': File exists
cp: cannot create regular file '/dev/shm/linux/./arch/arm/boot/dts/samsung/exynos-pinctrl.h': File exists
cp: cannot create regular file '/dev/shm/linux/./arch/arm/boot/dts/samsung/exynos3250-artik5-eval.dts': File exists
cp: cannot create regular file '/dev/shm/linux/./arch/arm/boot/dts/samsung/exynos3250-pinctrl.dtsi': File exists
cp: cannot create regular file '/dev/shm/linux/./arch/arm/boot/dts/samsung/exynos3250.dtsi': File exists
cp: cannot create regular file '/dev/shm/linux/./arch/arm/boot/dts/samsung/exynos4.dtsi': File exists
cp: cannot create regular file '/dev/shm/linux/./arch/arm/boot/dts/samsung/exynos4210-origen.dts': File exists
cp: cannot create regular file '/dev/shm/linux/./arch/arm/boot/dts/samsung/exynos4210-smdkv310.dts': File exists
cp: cannot create regular file '/dev/shm/linux/./arch/arm/boot/dts/samsung/exynos4210-universal_c210.dts': File exists
cp: cannot create regular file '/dev/shm/linux/./arch/arm/boot/dts/samsung/exynos4212-tab3-3g8.dts': File exists
cp: cannot create regular file '/dev/shm/linux/./arch/arm/boot/dts/samsung/exynos4212-tab3-wifi8.dts': File exists
cp: cannot create regular file '/dev/shm/linux/./arch/arm/boot/dts/samsung/exynos4212.dtsi': File exists
cp: cannot create regular file '/dev/shm/linux/./arch/arm/boot/dts/samsung/exynos4412-galaxy-s3.dtsi': File exists
cp: cannot create regular file '/dev/shm/linux/./arch/arm/boot/dts/samsung/exynos4412-i9305.dts': File exists
cp: cannot create regular file '/dev/shm/linux/./arch/arm/boot/dts/samsung/exynos4412-itop-scp-core.dtsi': File exists
cp: cannot create regular file '/dev/shm/linux/./arch/arm/boot/dts/samsung/exynos4412-n710x.dts': File exists
cp: cannot create regular file '/dev/shm/linux/./arch/arm/boot/dts/samsung/exynos4412-odroidu3.dts': File exists
cp: cannot create regular file '/dev/shm/linux/./arch/arm/boot/dts/samsung/exynos4412-odroidx2.dts': File exists
cp: cannot create regular file '/dev/shm/linux/./arch/arm/boot/dts/samsung/exynos4412-p4note-n8010.dts': File exists
cp: cannot create regular file '/dev/shm/linux/./arch/arm/boot/dts/samsung/exynos4412-ppmu-common.dtsi': File exists
cp: cannot create regular file '/dev/shm/linux/./arch/arm/boot/dts/samsung/exynos4412-smdk4412.dts': File exists
cp: cannot create regular file '/dev/shm/linux/./arch/arm/boot/dts/samsung/exynos4412-trats2.dts': File exists
cp: cannot create regular file '/dev/shm/linux/./arch/arm/boot/dts/samsung/exynos4x12-pinctrl.dtsi': File exists
cp: cannot create regular file '/dev/shm/linux/./arch/arm/boot/dts/samsung/exynos5.dtsi': File exists
cp: cannot create regular file '/dev/shm/linux/./arch/arm/boot/dts/samsung/exynos5250-manta.dts': File exists
cp: cannot create regular file '/dev/shm/linux/./arch/arm/boot/dts/samsung/exynos5250-smdk5250.dts': File exists
cp: cannot create regular file '/dev/shm/linux/./arch/arm/boot/dts/samsung/exynos5250.dtsi': File exists
cp: cannot create regular file '/dev/shm/linux/./arch/arm/boot/dts/samsung/exynos5260-xyref5260.dts': File exists
cp: cannot create regular file '/dev/shm/linux/./arch/arm/boot/dts/samsung/exynos5410-odroidxu.dts': File exists
cp: cannot create regular file '/dev/shm/linux/./arch/arm/boot/dts/samsung/exynos5410-smdk5410.dts': File exists
cp: cannot create regular file '/dev/shm/linux/./arch/arm/boot/dts/samsung/exynos5420-arndale-octa.dts': File exists
cp: cannot create regular file '/dev/shm/linux/./arch/arm/boot/dts/samsung/exynos5420-galaxy-tab-common.dtsi': File exists
cp: cannot create regular file '/dev/shm/linux/./arch/arm/boot/dts/samsung/exynos5420-peach-pit.dts': File exists
cp: cannot create regular file '/dev/shm/linux/./arch/arm/boot/dts/samsung/exynos5420-smdk5420.dts': File exists
cp: cannot create regular file '/dev/shm/linux/./arch/arm/boot/dts/samsung/exynos5420.dtsi': File exists
cp: cannot create regular file '/dev/shm/linux/./arch/arm/boot/dts/samsung/exynos5422-odroidhc1.dts': File exists
cp: cannot create regular file '/dev/shm/linux/./arch/arm/boot/dts/samsung/exynos5422-odroidxu3-common.dtsi': File exists
cp: cannot create regular file '/dev/shm/linux/./arch/arm/boot/dts/samsung/exynos5422-odroidxu3.dts': File exists
cp: cannot create regular file '/dev/shm/linux/./arch/arm/boot/dts/samsung/exynos5422-samsung-k3g.dts': File exists
cp: cannot create regular file '/dev/shm/linux/./arch/arm/boot/dts/samsung/exynos54xx.dtsi': File exists
cp: cannot create regular file '/dev/shm/linux/./arch/arm/boot/dts/samsung/exynos5800.dtsi': File exists
cp: cannot create regular file '/dev/shm/linux/./arch/arm/boot/dts/samsung/s3c6410.dtsi': File exists
cp: cannot create regular file '/dev/shm/linux/./arch/arm/boot/dts/samsung/s3c64xx-pinctrl.h': File exists
cp: cannot create regular file '/dev/shm/linux/./arch/arm/boot/dts/samsung/s5pv210-aquila.dts': File exists
cp: cannot create regular file '/dev/shm/linux/./arch/arm/boot/dts/samsung/s5pv210-fascinate4g.dts': File exists
cp: cannot create regular file '/dev/shm/linux/./arch/arm/boot/dts/samsung/s5pv210-goni.dts': File exists
cp: cannot create regular file '/dev/shm/linux/./arch/arm/boot/dts/samsung/s5pv210-pinctrl.h': File exists
cp: cannot create regular file '/dev/shm/linux/./arch/arm/boot/dts/samsung/s5pv210-smdkv210.dts': File exists
cp: cannot create regular file '/dev/shm/linux/./arch/arm/boot/dts/samsung/s5pv210.dtsi': File exists
cp: cannot create regular file '/dev/shm/linux/./arch/arm/boot/dts/sigmastar/mstar-infinity-breadbee-common.dtsi': File exists
cp: cannot create regular file '/dev/shm/linux/./arch/arm/boot/dts/sigmastar/mstar-infinity-msc313.dtsi': File exists
cp: cannot create regular file '/dev/shm/linux/./arch/arm/boot/dts/sigmastar/mstar-infinity2m-ssd201-som2d01.dtsi': File exists
cp: cannot create regular file '/dev/shm/linux/./arch/arm/boot/dts/sigmastar/mstar-infinity2m-ssd202d-100ask-dongshanpione.dts': File exists
cp: cannot create regular file '/dev/shm/linux/./arch/arm/boot/dts/sigmastar/mstar-infinity2m-ssd202d-ssd201htv2.dts': File exists
cp: cannot create regular file '/dev/shm/linux/./arch/arm/boot/dts/sigmastar/mstar-infinity2m-ssd202d-wirelesstag-ido-som2d01.dtsi': File exists
cp: cannot create regular file '/dev/shm/linux/./arch/arm/boot/dts/sigmastar/mstar-infinity2m-ssd20xd.dtsi': File exists
cp: cannot create regular file '/dev/shm/linux/./arch/arm/boot/dts/sigmastar/mstar-infinity3-msc313e-breadbee.dts': File exists
cp: cannot create regular file '/dev/shm/linux/./arch/arm/boot/dts/sigmastar/mstar-infinity3.dtsi': File exists
cp: cannot create regular file '/dev/shm/linux/./arch/arm/boot/dts/sigmastar/mstar-mercury5-ssc8336n.dtsi': File exists
cp: cannot create regular file '/dev/shm/linux/./arch/arm/boot/dts/sigmastar/mstar-v7.dtsi': File exists
cp: cannot create regular file '/dev/shm/linux/./arch/arm/boot/dts/socionext/Makefile': File exists
cp: cannot create regular file '/dev/shm/linux/./arch/arm/boot/dts/socionext/milbeaut-m10v.dtsi': File exists
cp: cannot create regular file '/dev/shm/linux/./arch/arm/boot/dts/socionext/uniphier-ld6b-ref.dts': File exists
cp: cannot create regular file '/dev/shm/linux/./arch/arm/boot/dts/socionext/uniphier-pinctrl.dtsi': File exists
cp: cannot create regular file '/dev/shm/linux/./arch/arm/boot/dts/socionext/uniphier-pro4-ref.dts': File exists
cp: cannot create regular file '/dev/shm/linux/./arch/arm/boot/dts/socionext/uniphier-pro4.dtsi': File exists
cp: cannot create regular file '/dev/shm/linux/./arch/arm/boot/dts/socionext/uniphier-pro5-proex.dts': File exists
cp: cannot create regular file '/dev/shm/linux/./arch/arm/boot/dts/socionext/uniphier-pxs2-gentil.dts': File exists
cp: cannot create regular file '/dev/shm/linux/./arch/arm/boot/dts/socionext/uniphier-pxs2.dtsi': File exists
cp: cannot create regular file '/dev/shm/linux/./arch/arm/boot/dts/socionext/uniphier-sld8.dtsi': File exists
cp: cannot create directory '/dev/shm/linux/./arch/arm/boot/dts/st': File exists
cp: cannot create regular file '/dev/shm/linux/./arch/arm/boot/dts/ti/omap/omap2420-n810.dts': File exists
cp: cannot create regular file '/dev/shm/linux/./arch/arm/boot/dts/ti/omap/omap2420.dtsi': File exists
cp: cannot create regular file '/dev/shm/linux/./arch/arm/boot/dts/ti/omap/omap2430-sdp.dts': File exists
cp: cannot create regular file '/dev/shm/linux/./arch/arm/boot/dts/ti/omap/omap24xx-clocks.dtsi': File exists
cp: cannot create regular file '/dev/shm/linux/./arch/arm/boot/dts/ti/omap/omap3-beagle-xm-ab.dts': File exists
cp: cannot create regular file '/dev/shm/linux/./arch/arm/boot/dts/ti/omap/omap3-beagle.dts': File exists
cp: cannot create regular file '/dev/shm/linux/./arch/arm/boot/dts/ti/omap/omap3-cm-t3530.dts': File exists
cp: cannot create regular file '/dev/shm/linux/./arch/arm/boot/dts/ti/omap/omap3-cm-t3x.dtsi': File exists
cp: cannot create regular file '/dev/shm/linux/./arch/arm/boot/dts/ti/omap/omap3-cpu-thermal.dtsi': File exists
cp: cannot create regular file '/dev/shm/linux/./arch/arm/boot/dts/ti/omap/omap3-devkit8000-lcd-common.dtsi': File exists
cp: cannot create regular file '/dev/shm/linux/./arch/arm/boot/dts/ti/omap/omap3-devkit8000-lcd70.dts': File exists
cp: cannot create regular file '/dev/shm/linux/./arch/arm/boot/dts/ti/omap/omap3-evm-37xx.dts': File exists
cp: cannot create regular file '/dev/shm/linux/./arch/arm/boot/dts/ti/omap/omap3-evm-processor-common.dtsi': File exists
cp: cannot create regular file '/dev/shm/linux/./arch/arm/boot/dts/ti/omap/omap3-gta04.dtsi': File exists
cp: cannot create regular file '/dev/shm/linux/./arch/arm/boot/dts/ti/omap/omap3-gta04a4.dts': File exists
cp: cannot create regular file '/dev/shm/linux/./arch/arm/boot/dts/ti/omap/omap3-gta04a5one.dts': File exists
cp: cannot create regular file '/dev/shm/linux/./arch/arm/boot/dts/ti/omap/omap3-ha-lcd.dts': File exists
cp: cannot create regular file '/dev/shm/linux/./arch/arm/boot/dts/ti/omap/omap3-igep.dtsi': File exists
cp: cannot create regular file '/dev/shm/linux/./arch/arm/boot/dts/ti/omap/omap3-igep0020-rev-f.dts': File exists
cp: cannot create regular file '/dev/shm/linux/./arch/arm/boot/dts/ti/omap/omap3-igep0030-common.dtsi': File exists
cp: cannot create regular file '/dev/shm/linux/./arch/arm/boot/dts/ti/omap/omap3-igep0030.dts': File exists
cp: cannot create regular file '/dev/shm/linux/./arch/arm/boot/dts/ti/omap/omap3-lilly-a83x.dtsi': File exists
cp: cannot create regular file '/dev/shm/linux/./arch/arm/boot/dts/ti/omap/omap3-n9.dts': File exists
cp: cannot create regular file '/dev/shm/linux/./arch/arm/boot/dts/ti/omap/omap3-n950-n9.dtsi': File exists
cp: cannot create regular file '/dev/shm/linux/./arch/arm/boot/dts/ti/omap/omap3-n950.dts': File exists
cp: cannot create regular file '/dev/shm/linux/./arch/arm/boot/dts/ti/omap/omap3-overo-alto35.dts': File exists
cp: cannot create regular file '/dev/shm/linux/./arch/arm/boot/dts/ti/omap/omap3-overo-chestnut43-common.dtsi': File exists
cp: cannot create regular file '/dev/shm/linux/./arch/arm/boot/dts/ti/omap/omap3-overo-chestnut43.dts': File exists
cp: cannot create regular file '/dev/shm/linux/./arch/arm/boot/dts/ti/omap/omap3-overo-common-lcd35.dtsi': File exists
cp: cannot create regular file '/dev/shm/linux/./arch/arm/boot/dts/ti/omap/omap3-overo-common-peripherals.dtsi': File exists
cp: cannot create regular file '/dev/shm/linux/./arch/arm/boot/dts/ti/omap/omap3-overo-gallop43-common.dtsi': File exists
cp: cannot create regular file '/dev/shm/linux/./arch/arm/boot/dts/ti/omap/omap3-overo-palo35-common.dtsi': File exists
cp: cannot create regular file '/dev/shm/linux/./arch/arm/boot/dts/ti/omap/omap3-overo-palo43-common.dtsi': File exists
cp: cannot create regular file '/dev/shm/linux/./arch/arm/boot/dts/ti/omap/omap3-overo-palo43.dts': File exists
cp: cannot create regular file '/dev/shm/linux/./arch/arm/boot/dts/ti/omap/omap3-overo-storm-chestnut43.dts': File exists
cp: cannot create regular file '/dev/shm/linux/./arch/arm/boot/dts/ti/omap/omap3-overo-storm-palo35.dts': File exists
cp: cannot create regular file '/dev/shm/linux/./arch/arm/boot/dts/ti/omap/omap3-overo-storm-summit.dts': File exists
cp: cannot create regular file '/dev/shm/linux/./arch/arm/boot/dts/ti/omap/omap3-overo-storm-tobiduo.dts': File exists
cp: cannot create regular file '/dev/shm/linux/./arch/arm/boot/dts/ti/omap/omap3-overo-summit-common.dtsi': File exists
cp: cannot create regular file '/dev/shm/linux/./arch/arm/boot/dts/ti/omap/omap3-overo-tobi.dts': File exists
cp: cannot create regular file '/dev/shm/linux/./arch/arm/boot/dts/ti/omap/omap3-overo-tobiduo.dts': File exists
cp: cannot create regular file '/dev/shm/linux/./arch/arm/boot/dts/ti/omap/omap3-pandora-1ghz.dts': File exists
cp: cannot create regular file '/dev/shm/linux/./arch/arm/boot/dts/ti/omap/omap3-panel-sharp-ls037v7dw01.dtsi': File exists
cp: cannot create regular file '/dev/shm/linux/./arch/arm/boot/dts/ti/omap/omap3-sbc-t3517.dts': File exists
cp: cannot create regular file '/dev/shm/linux/./arch/arm/boot/dts/ti/omap/omap3-sniper.dts': File exists
cp: cannot create regular file '/dev/shm/linux/./arch/arm/boot/dts/ti/omap/omap3-thunder.dts': File exists
cp: cannot create regular file '/dev/shm/linux/./arch/arm/boot/dts/ti/omap/omap3.dtsi': File exists
cp: cannot create regular file '/dev/shm/linux/./arch/arm/boot/dts/ti/omap/omap34xx-omap36xx-clocks.dtsi': File exists
cp: cannot create regular file '/dev/shm/linux/./arch/arm/boot/dts/ti/omap/omap36xx-am35xx-omap3430es2plus-clocks.dtsi': File exists
cp: cannot create regular file '/dev/shm/linux/./arch/arm/boot/dts/ti/omap/omap36xx-omap3430es2plus-clocks.dtsi': File exists
cp: cannot create regular file '/dev/shm/linux/./arch/arm/boot/dts/ti/omap/omap3xxx-clocks.dtsi': File exists
cp: cannot create regular file '/dev/shm/linux/./arch/arm/boot/dts/ti/omap/omap4-droid-bionic-xt875.dts': File exists
cp: cannot create regular file '/dev/shm/linux/./arch/arm/boot/dts/ti/omap/omap4-duovero-parlor.dts': File exists
cp: cannot create regular file '/dev/shm/linux/./arch/arm/boot/dts/ti/omap/omap4-epson-embt2ws.dts': File exists
cp: cannot create regular file '/dev/shm/linux/./arch/arm/boot/dts/ti/omap/omap4-l4-abe.dtsi': File exists
cp: cannot create regular file '/dev/shm/linux/./arch/arm/boot/dts/ti/omap/omap4-mcpdm.dtsi': File exists
cp: cannot create regular file '/dev/shm/linux/./arch/arm/boot/dts/ti/omap/omap4-panda-es.dts': File exists
cp: cannot create regular file '/dev/shm/linux/./arch/arm/boot/dts/ti/omap/omap4-samsung-espresso-common.dtsi': File exists
cp: cannot create regular file '/dev/shm/linux/./arch/arm/boot/dts/ti/omap/omap4-sdp-es23plus.dts': File exists
cp: cannot create regular file '/dev/shm/linux/./arch/arm/boot/dts/ti/omap/omap4-var-dvk-om44.dts': File exists
cp: cannot create regular file '/dev/shm/linux/./arch/arm/boot/dts/ti/omap/omap4-var-om44customboard.dtsi': File exists
cp: cannot create regular file '/dev/shm/linux/./arch/arm/boot/dts/ti/omap/omap4-var-stk-om44.dts': File exists
cp: cannot create regular file '/dev/shm/linux/./arch/arm/boot/dts/ti/omap/omap4-xyboard-mz609.dts': File exists
cp: cannot create regular file '/dev/shm/linux/./arch/arm/boot/dts/ti/omap/omap4.dtsi': File exists
cp: cannot create regular file '/dev/shm/linux/./arch/arm/boot/dts/ti/omap/omap4460.dtsi': File exists
cp: cannot create regular file '/dev/shm/linux/./arch/arm/boot/dts/ti/omap/omap44xx-clocks.dtsi': File exists
cp: cannot create regular file '/dev/shm/linux/./arch/arm/boot/dts/ti/omap/omap5-cm-t54.dts': File exists
cp: cannot create regular file '/dev/shm/linux/./arch/arm/boot/dts/ti/omap/omap5-gpu-thermal.dtsi': File exists
cp: cannot create regular file '/dev/shm/linux/./arch/arm/boot/dts/ti/omap/omap5-l4-abe.dtsi': File exists
cp: cannot create regular file '/dev/shm/linux/./arch/arm/boot/dts/ti/omap/omap5-sbc-t54.dts': File exists
cp: cannot create regular file '/dev/shm/linux/./arch/arm/boot/dts/ti/omap/omap54xx-clocks.dtsi': File exists
cp: cannot create regular file '/dev/shm/linux/./arch/arm/boot/dts/ti/omap/twl4030_omap3.dtsi': File exists
cp: cannot create regular file '/dev/shm/linux/./arch/arm/boot/dts/ti/omap/twl6030.dtsi': File exists
cp: cannot create regular file '/dev/shm/linux/./arch/arm/boot/dts/ti/omap/twl6032.dtsi': File exists
cp: cannot create regular file '/dev/shm/linux/./arch/arm/boot/dts/tps65217.dtsi': File exists
cp: cannot create directory '/dev/shm/linux/./arch/arm/boot/dts/unisoc': File exists
cp: cannot create regular file '/dev/shm/linux/./arch/arm/boot/dts/vt8500/wm8650-mid.dts': File exists
cp: cannot create regular file '/dev/shm/linux/./arch/arm/boot/dts/vt8500/wm8750-apc8750.dts': File exists
cp: cannot create regular file '/dev/shm/linux/./arch/arm/boot/dts/vt8500/wm8850-w70v2.dts': File exists
cp: cannot create regular file '/dev/shm/linux/./arch/arm/boot/dts/vt8500/wm8950-apc-rock.dts': File exists
cp: cannot create directory '/dev/shm/linux/./arch/arm/boot/dts/xen': File exists
cp: cannot create regular file '/dev/shm/linux/./arch/arm/boot/dts/xilinx/zynq-ebaz4205.dts': File exists
cp: cannot create regular file '/dev/shm/linux/./arch/arm/boot/dts/xilinx/zynq-parallella.dts': File exists
cp: cannot create regular file '/dev/shm/linux/./arch/arm/boot/dts/xilinx/zynq-zc706.dts': File exists
cp: cannot create regular file '/dev/shm/linux/./arch/arm/boot/dts/xilinx/zynq-zc770-xm011.dts': File exists
cp: cannot create regular file '/dev/shm/linux/./arch/arm/boot/dts/xilinx/zynq-zed.dts': File exists
cp: cannot create regular file '/dev/shm/linux/./arch/arm/boot/dts/xilinx/zynq-zturn-v5.dts': File exists
cp: cannot create regular file '/dev/shm/linux/./arch/arm/boot/dts/xilinx/zynq-zybo-z7.dts': File exists
cp: cannot create regular file '/dev/shm/linux/./arch/arm/boot/install.sh': File exists
cp: cannot create regular file '/dev/shm/linux/./arch/arm/common/Kconfig': File exists
cp: cannot create regular file '/dev/shm/linux/./arch/arm/common/bL_switcher.c': File exists
cp: cannot create regular file '/dev/shm/linux/./arch/arm/common/firmware.c': File exists
cp: cannot create regular file '/dev/shm/linux/./arch/arm/common/locomo.c': File exists
cp: cannot create regular file '/dev/shm/linux/./arch/arm/common/mcpm_head.S': File exists
cp: cannot create regular file '/dev/shm/linux/./arch/arm/common/sa1111.c': File exists
cp: cannot create regular file '/dev/shm/linux/./arch/arm/common/secure_cntvoff.S': File exists
cp: cannot create regular file '/dev/shm/linux/./arch/arm/common/vlock.S': File exists
cp: cannot create directory '/dev/shm/linux/./arch/arm/configs': File exists
cp: cannot create regular file '/dev/shm/linux/./arch/arm/include/asm/hardware/iomd.h': File exists
cp: cannot create regular file '/dev/shm/linux/./arch/arm/include/asm/hardware/memc.h': File exists
cp: cannot create regular file '/dev/shm/linux/./arch/arm/include/asm/hardware/scoop.h': File exists
cp: cannot create regular file '/dev/shm/linux/./arch/arm/include/asm/highmem.h': File exists
cp: cannot create regular file '/dev/shm/linux/./arch/arm/include/asm/hugetlb.h': File exists
cp: cannot create regular file '/dev/shm/linux/./arch/arm/include/asm/hw_irq.h': File exists
cp: cannot create regular file '/dev/shm/linux/./arch/arm/include/asm/hypervisor.h': File exists
cp: cannot create regular file '/dev/shm/linux/./arch/arm/include/asm/insn.h': File exists
cp: cannot create regular file '/dev/shm/linux/./arch/arm/include/asm/irq.h': File exists
cp: cannot create regular file '/dev/shm/linux/./arch/arm/include/asm/irqflags.h': File exists
cp: cannot create regular file '/dev/shm/linux/./arch/arm/include/asm/kasan.h': File exists
cp: cannot create regular file '/dev/shm/linux/./arch/arm/include/asm/kexec-internal.h': File exists
cp: cannot create regular file '/dev/shm/linux/./arch/arm/include/asm/kfence.h': File exists
cp: cannot create regular file '/dev/shm/linux/./arch/arm/include/asm/kprobes.h': File exists
cp: cannot create regular file '/dev/shm/linux/./arch/arm/include/asm/linkage.h': File exists
cp: cannot create regular file '/dev/shm/linux/./arch/arm/include/asm/mach/arch.h': File exists
cp: cannot create regular file '/dev/shm/linux/./arch/arm/include/asm/mach/flash.h': File exists
cp: cannot create regular file '/dev/shm/linux/./arch/arm/include/asm/mach/map.h': File exists
cp: cannot create regular file '/dev/shm/linux/./arch/arm/include/asm/mach/sharpsl_param.h': File exists
cp: cannot create regular file '/dev/shm/linux/./arch/arm/include/asm/mc146818rtc.h': File exists
cp: cannot create regular file '/dev/shm/linux/./arch/arm/include/asm/mcs_spinlock.h': File exists
cp: cannot create regular file '/dev/shm/linux/./arch/arm/include/asm/memory.h': File exists
cp: cannot create regular file '/dev/shm/linux/./arch/arm/include/asm/mmu.h': File exists
cp: cannot create regular file '/dev/shm/linux/./arch/arm/include/asm/module.lds.h': File exists
cp: cannot create regular file '/dev/shm/linux/./arch/arm/include/asm/neon.h': File exists
cp: cannot create regular file '/dev/shm/linux/./arch/arm/include/asm/nwflash.h': File exists
cp: cannot create regular file '/dev/shm/linux/./arch/arm/include/asm/opcodes-virt.h': File exists
cp: cannot create regular file '/dev/shm/linux/./arch/arm/include/asm/opcodes.h': File exists
cp: cannot create regular file '/dev/shm/linux/./arch/arm/include/asm/page-nommu.h': File exists
cp: cannot create regular file '/dev/shm/linux/./arch/arm/include/asm/pci.h': File exists
cp: cannot create regular file '/dev/shm/linux/./arch/arm/include/asm/perf_event.h': File exists
cp: cannot create regular file '/dev/shm/linux/./arch/arm/include/asm/pgalloc.h': File exists
cp: cannot create regular file '/dev/shm/linux/./arch/arm/include/asm/pgtable-2level-types.h': File exists
cp: cannot create regular file '/dev/shm/linux/./arch/arm/include/asm/pgtable-3level-hwdef.h': File exists
cp: cannot create regular file '/dev/shm/linux/./arch/arm/include/asm/pgtable-3level.h': File exists
cp: cannot create regular file '/dev/shm/linux/./arch/arm/include/asm/pgtable-nommu.h': File exists
cp: cannot create regular file '/dev/shm/linux/./arch/arm/include/asm/pgtable.h': File exists
cp: cannot create regular file '/dev/shm/linux/./arch/arm/include/asm/proc-fns.h': File exists
cp: cannot create regular file '/dev/shm/linux/./arch/arm/include/asm/procinfo.h': File exists
cp: cannot create regular file '/dev/shm/linux/./arch/arm/include/asm/psci.h': File exists
cp: cannot create regular file '/dev/shm/linux/./arch/arm/include/asm/ptrace.h': File exists
cp: cannot create regular file '/dev/shm/linux/./arch/arm/include/asm/secure_cntvoff.h': File exists
cp: cannot create regular file '/dev/shm/linux/./arch/arm/include/asm/set_memory.h': File exists
cp: cannot create regular file '/dev/shm/linux/./arch/arm/include/asm/setup.h': File exists
cp: cannot create regular file '/dev/shm/linux/./arch/arm/include/asm/simd.h': File exists
cp: cannot create regular file '/dev/shm/linux/./arch/arm/include/asm/smp_plat.h': File exists
cp: cannot create regular file '/dev/shm/linux/./arch/arm/include/asm/smp_twd.h': File exists
cp: cannot create regular file '/dev/shm/linux/./arch/arm/include/asm/spinlock.h': File exists
cp: cannot create regular file '/dev/shm/linux/./arch/arm/include/asm/stackprotector.h': File exists
cp: cannot create regular file '/dev/shm/linux/./arch/arm/include/asm/string.h': File exists
cp: cannot create regular file '/dev/shm/linux/./arch/arm/include/asm/swab.h': File exists
cp: cannot create regular file '/dev/shm/linux/./arch/arm/include/asm/switch_to.h': File exists
cp: cannot create regular file '/dev/shm/linux/./arch/arm/include/asm/syscall.h': File exists
cp: cannot create regular file '/dev/shm/linux/./arch/arm/include/asm/system_info.h': File exists
cp: cannot create regular file '/dev/shm/linux/./arch/arm/include/asm/tcm.h': File exists
cp: cannot create regular file '/dev/shm/linux/./arch/arm/include/asm/therm.h': File exists
cp: cannot create regular file '/dev/shm/linux/./arch/arm/include/asm/thread_notify.h': File exists
cp: cannot create regular file '/dev/shm/linux/./arch/arm/include/asm/tlb.h': File exists
cp: cannot create regular file '/dev/shm/linux/./arch/arm/include/asm/tls.h': File exists
cp: cannot create regular file '/dev/shm/linux/./arch/arm/include/asm/traps.h': File exists
cp: cannot create regular file '/dev/shm/linux/./arch/arm/include/asm/uaccess.h': File exists
cp: cannot create regular file '/dev/shm/linux/./arch/arm/include/asm/unified.h': File exists
cp: cannot create regular file '/dev/shm/linux/./arch/arm/include/asm/unwind.h': File exists
cp: cannot create regular file '/dev/shm/linux/./arch/arm/include/asm/user.h': File exists
cp: cannot create regular file '/dev/shm/linux/./arch/arm/include/asm/vdso.h': File exists
cp: cannot create regular file '/dev/shm/linux/./arch/arm/include/asm/vdso/clocksource.h': File exists
cp: cannot create regular file '/dev/shm/linux/./arch/arm/include/asm/vdso/gettimeofday.h': File exists
cp: cannot create regular file '/dev/shm/linux/./arch/arm/include/asm/vdso/vsyscall.h': File exists
cp: cannot create regular file '/dev/shm/linux/./arch/arm/include/asm/vfp.h': File exists
cp: cannot create regular file '/dev/shm/linux/./arch/arm/include/asm/virt.h': File exists
cp: cannot create regular file '/dev/shm/linux/./arch/arm/include/asm/word-at-a-time.h': File exists
cp: cannot create regular file '/dev/shm/linux/./arch/arm/include/asm/xen/events.h': File exists
cp: cannot create regular file '/dev/shm/linux/./arch/arm/include/asm/xen/hypervisor.h': File exists
cp: cannot create regular file '/dev/shm/linux/./arch/arm/include/asm/xen/page.h': File exists
cp: cannot create regular file '/dev/shm/linux/./arch/arm/include/asm/xen/xen-ops.h': File exists
cp: cannot create regular file '/dev/shm/linux/./arch/arm/include/debug/8250.S': File exists
cp: cannot create regular file '/dev/shm/linux/./arch/arm/include/debug/asm9260.S': File exists
cp: cannot create regular file '/dev/shm/linux/./arch/arm/include/debug/bcm63xx.S': File exists
cp: cannot create regular file '/dev/shm/linux/./arch/arm/include/debug/clps711x.S': File exists
cp: cannot create regular file '/dev/shm/linux/./arch/arm/include/debug/digicolor.S': File exists
cp: cannot create regular file '/dev/shm/linux/./arch/arm/include/debug/icedcc.S': File exists
cp: cannot create regular file '/dev/shm/linux/./arch/arm/include/debug/imx.S': File exists
cp: cannot create regular file '/dev/shm/linux/./arch/arm/include/debug/msm.S': File exists
cp: cannot create regular file '/dev/shm/linux/./arch/arm/include/debug/pl01x.S': File exists
cp: cannot create regular file '/dev/shm/linux/./arch/arm/include/debug/s3c24xx.S': File exists
cp: cannot create regular file '/dev/shm/linux/./arch/arm/include/debug/sa1100.S': File exists
cp: cannot create regular file '/dev/shm/linux/./arch/arm/include/debug/tegra.S': File exists
cp: cannot create regular file '/dev/shm/linux/./arch/arm/include/debug/uncompress.h': File exists
cp: cannot create regular file '/dev/shm/linux/./arch/arm/include/debug/ux500.S': File exists
cp: cannot create regular file '/dev/shm/linux/./arch/arm/include/debug/vexpress.S': File exists
cp: cannot create regular file '/dev/shm/linux/./arch/arm/include/debug/vf.S': File exists
cp: cannot create regular file '/dev/shm/linux/./arch/arm/include/uapi/asm/Kbuild': File exists
cp: cannot create regular file '/dev/shm/linux/./arch/arm/include/uapi/asm/perf_regs.h': File exists
cp: cannot create regular file '/dev/shm/linux/./arch/arm/include/uapi/asm/setup.h': File exists
cp: cannot create regular file '/dev/shm/linux/./arch/arm/include/uapi/asm/stat.h': File exists
cp: cannot create regular file '/dev/shm/linux/./arch/arm/include/uapi/asm/swab.h': File exists
cp: cannot create regular file '/dev/shm/linux/./arch/arm/include/uapi/asm/unistd.h': File exists
cp: cannot create regular file '/dev/shm/linux/./arch/arm/kernel/.gitignore': File exists
cp: cannot create regular file '/dev/shm/linux/./arch/arm/kernel/arch_timer.c': File exists
cp: cannot create regular file '/dev/shm/linux/./arch/arm/kernel/asm-offsets.c': File exists
cp: cannot create regular file '/dev/shm/linux/./arch/arm/kernel/atags_compat.c': File exists
cp: cannot create regular file '/dev/shm/linux/./arch/arm/kernel/atags_proc.c': File exists
cp: cannot create regular file '/dev/shm/linux/./arch/arm/kernel/bugs.c': File exists
cp: cannot create regular file '/dev/shm/linux/./arch/arm/kernel/cpuidle.c': File exists
cp: cannot create regular file '/dev/shm/linux/./arch/arm/kernel/debug.S': File exists
cp: cannot create regular file '/dev/shm/linux/./arch/arm/kernel/dma.c': File exists
cp: cannot create regular file '/dev/shm/linux/./arch/arm/kernel/efi.c': File exists
cp: cannot create regular file '/dev/shm/linux/./arch/arm/kernel/elf.c': File exists
cp: cannot create regular file '/dev/shm/linux/./arch/arm/kernel/entry-common.S': File exists
cp: cannot create regular file '/dev/shm/linux/./arch/arm/kernel/entry-header.S': File exists
cp: cannot create regular file '/dev/shm/linux/./arch/arm/kernel/fiq.c': File exists
cp: cannot create regular file '/dev/shm/linux/./arch/arm/kernel/ftrace.c': File exists
cp: cannot create regular file '/dev/shm/linux/./arch/arm/kernel/head-inflate-data.c': File exists
cp: cannot create regular file '/dev/shm/linux/./arch/arm/kernel/head.S': File exists
cp: cannot create regular file '/dev/shm/linux/./arch/arm/kernel/hibernate.c': File exists
cp: cannot create regular file '/dev/shm/linux/./arch/arm/kernel/hyp-stub.S': File exists
cp: cannot create regular file '/dev/shm/linux/./arch/arm/kernel/io.c': File exists
cp: cannot create regular file '/dev/shm/linux/./arch/arm/kernel/isa.c': File exists
cp: cannot create regular file '/dev/shm/linux/./arch/arm/kernel/iwmmxt.h': File exists
cp: cannot create regular file '/dev/shm/linux/./arch/arm/kernel/kgdb.c': File exists
cp: cannot create regular file '/dev/shm/linux/./arch/arm/kernel/module-plts.c': File exists
cp: cannot create regular file '/dev/shm/linux/./arch/arm/kernel/opcodes.c': File exists
cp: cannot create regular file '/dev/shm/linux/./arch/arm/kernel/perf_regs.c': File exists
cp: cannot create regular file '/dev/shm/linux/./arch/arm/kernel/process.c': File exists
cp: cannot create regular file '/dev/shm/linux/./arch/arm/kernel/ptrace.c': File exists
cp: cannot create regular file '/dev/shm/linux/./arch/arm/kernel/reboot.h': File exists
cp: cannot create regular file '/dev/shm/linux/./arch/arm/kernel/return_address.c': File exists
cp: cannot create regular file '/dev/shm/linux/./arch/arm/kernel/signal.c': File exists
cp: cannot create regular file '/dev/shm/linux/./arch/arm/kernel/smccc-call.S': File exists
cp: cannot create regular file '/dev/shm/linux/./arch/arm/kernel/smp_scu.c': File exists
cp: cannot create regular file '/dev/shm/linux/./arch/arm/kernel/smp_twd.c': File exists
cp: cannot create regular file '/dev/shm/linux/./arch/arm/kernel/stacktrace.c': File exists
cp: cannot create regular file '/dev/shm/linux/./arch/arm/kernel/swp_emulate.c': File exists
cp: cannot create regular file '/dev/shm/linux/./arch/arm/kernel/sys_oabi-compat.c': File exists
cp: cannot create regular file '/dev/shm/linux/./arch/arm/kernel/thumbee.c': File exists
cp: cannot create regular file '/dev/shm/linux/./arch/arm/kernel/topology.c': File exists
cp: cannot create regular file '/dev/shm/linux/./arch/arm/kernel/unwind.c': File exists
cp: cannot create regular file '/dev/shm/linux/./arch/arm/kernel/vmlinux-xip.lds.S': File exists
cp: cannot create regular file '/dev/shm/linux/./arch/arm/kernel/xscale-cp0.c': File exists
cp: cannot create regular file '/dev/shm/linux/./arch/arm/lib/.gitignore': File exists
cp: cannot create regular file '/dev/shm/linux/./arch/arm/lib/ashldi3.S': File exists
cp: cannot create regular file '/dev/shm/linux/./arch/arm/lib/backtrace-clang.S': File exists
cp: cannot create regular file '/dev/shm/linux/./arch/arm/lib/bitops.h': File exists
cp: cannot create regular file '/dev/shm/linux/./arch/arm/lib/call_with_stack.S': File exists
cp: cannot create regular file '/dev/shm/linux/./arch/arm/lib/changebit.S': File exists
cp: cannot create regular file '/dev/shm/linux/./arch/arm/lib/clearbit.S': File exists
cp: cannot create regular file '/dev/shm/linux/./arch/arm/lib/copy_page.S': File exists
cp: cannot create regular file '/dev/shm/linux/./arch/arm/lib/copy_to_user.S': File exists
cp: cannot create regular file '/dev/shm/linux/./arch/arm/lib/csumpartial.S': File exists
cp: cannot create regular file '/dev/shm/linux/./arch/arm/lib/csumpartialcopygeneric.S': File exists
cp: cannot create regular file '/dev/shm/linux/./arch/arm/lib/delay-loop.S': File exists
cp: cannot create regular file '/dev/shm/linux/./arch/arm/lib/div64.S': File exists
cp: cannot create regular file '/dev/shm/linux/./arch/arm/lib/findbit.S': File exists
cp: cannot create regular file '/dev/shm/linux/./arch/arm/lib/io-readsb.S': File exists
cp: cannot create regular file '/dev/shm/linux/./arch/arm/lib/io-readsw-armv4.S': File exists
cp: cannot create regular file '/dev/shm/linux/./arch/arm/lib/io-writesl.S': File exists
cp: cannot create regular file '/dev/shm/linux/./arch/arm/lib/io-writesw-armv4.S': File exists
cp: cannot create regular file '/dev/shm/linux/./arch/arm/lib/lshrdi3.S': File exists
cp: cannot create regular file '/dev/shm/linux/./arch/arm/lib/memcpy.S': File exists
cp: cannot create regular file '/dev/shm/linux/./arch/arm/lib/memset.S': File exists
cp: cannot create regular file '/dev/shm/linux/./arch/arm/lib/putuser.S': File exists
cp: cannot create regular file '/dev/shm/linux/./arch/arm/lib/strchr.S': File exists
cp: cannot create regular file '/dev/shm/linux/./arch/arm/lib/testchangebit.S': File exists
cp: cannot create regular file '/dev/shm/linux/./arch/arm/lib/testsetbit.S': File exists
cp: cannot create regular file '/dev/shm/linux/./arch/arm/lib/ucmpdi2.S': File exists
cp: cannot create regular file '/dev/shm/linux/./arch/arm/mach-actions/Kconfig': File exists
cp: cannot create regular file '/dev/shm/linux/./arch/arm/mach-actions/platsmp.c': File exists
cp: cannot create regular file '/dev/shm/linux/./arch/arm/mach-alpine/Kconfig': File exists
cp: cannot create regular file '/dev/shm/linux/./arch/arm/mach-alpine/alpine_cpu_pm.c': File exists
cp: cannot create regular file '/dev/shm/linux/./arch/arm/mach-alpine/alpine_cpu_resume.h': File exists
cp: cannot create regular file '/dev/shm/linux/./arch/arm/mach-alpine/platsmp.c': File exists
cp: cannot create regular file '/dev/shm/linux/./arch/arm/mach-artpec/Kconfig': File exists
cp: cannot create directory '/dev/shm/linux/./arch/arm/mach-aspeed': File exists
cp: cannot create regular file '/dev/shm/linux/./arch/arm/mach-at91/at91rm9200.c': File exists
cp: cannot create regular file '/dev/shm/linux/./arch/arm/mach-at91/generic.h': File exists
cp: cannot create regular file '/dev/shm/linux/./arch/arm/mach-at91/pm.h': File exists
cp: cannot create regular file '/dev/shm/linux/./arch/arm/mach-at91/pm_suspend.S': File exists
cp: cannot create regular file '/dev/shm/linux/./arch/arm/mach-at91/sam9x7.c': File exists
cp: cannot create regular file '/dev/shm/linux/./arch/arm/mach-at91/sam_secure.h': File exists
cp: cannot create regular file '/dev/shm/linux/./arch/arm/mach-at91/sama7.c': File exists
cp: cannot create directory '/dev/shm/linux/./arch/arm/mach-axxia': File exists
cp: cannot create regular file '/dev/shm/linux/./arch/arm/mach-bcm/bcm63xx_smp.h': File exists
cp: cannot create regular file '/dev/shm/linux/./arch/arm/mach-bcm/bcm_cygnus.c': File exists
cp: cannot create regular file '/dev/shm/linux/./arch/arm/mach-bcm/bcm_kona_smc.c': File exists
cp: cannot create regular file '/dev/shm/linux/./arch/arm/mach-bcm/board_bcm21664.c': File exists
cp: cannot create regular file '/dev/shm/linux/./arch/arm/mach-bcm/board_bcm281xx.c': File exists
cp: cannot create regular file '/dev/shm/linux/./arch/arm/mach-bcm/board_bcmbca.c': File exists
cp: cannot create regular file '/dev/shm/linux/./arch/arm/mach-bcm/brcmstb.c': File exists
cp: cannot create regular file '/dev/shm/linux/./arch/arm/mach-bcm/kona_l2_cache.h': File exists
cp: cannot create regular file '/dev/shm/linux/./arch/arm/mach-bcm/platsmp.c': File exists
cp: cannot create directory '/dev/shm/linux/./arch/arm/mach-berlin': File exists
cp: cannot create regular file '/dev/shm/linux/./arch/arm/mach-davinci/clock.h': File exists
cp: cannot create regular file '/dev/shm/linux/./arch/arm/mach-davinci/common.c': File exists
cp: cannot create regular file '/dev/shm/linux/./arch/arm/mach-davinci/cputype.h': File exists
cp: cannot create regular file '/dev/shm/linux/./arch/arm/mach-davinci/da8xx-dt.c': File exists
cp: cannot create regular file '/dev/shm/linux/./arch/arm/mach-davinci/ddr2.h': File exists
cp: cannot create regular file '/dev/shm/linux/./arch/arm/mach-davinci/hardware.h': File exists
cp: cannot create regular file '/dev/shm/linux/./arch/arm/mach-davinci/mux.c': File exists
cp: cannot create regular file '/dev/shm/linux/./arch/arm/mach-davinci/pdata-quirks.c': File exists
cp: cannot create regular file '/dev/shm/linux/./arch/arm/mach-davinci/pm.h': File exists
cp: cannot create regular file '/dev/shm/linux/./arch/arm/mach-davinci/sleep.S': File exists
cp: cannot create regular file '/dev/shm/linux/./arch/arm/mach-davinci/sram.h': File exists
cp: cannot create regular file '/dev/shm/linux/./arch/arm/mach-digicolor/Kconfig': File exists
cp: cannot create regular file '/dev/shm/linux/./arch/arm/mach-digicolor/Makefile': File exists
cp: cannot create regular file '/dev/shm/linux/./arch/arm/mach-digicolor/digicolor.c': File exists
cp: cannot create regular file '/dev/shm/linux/./arch/arm/mach-dove/Kconfig': File exists
cp: cannot create regular file '/dev/shm/linux/./arch/arm/mach-dove/cm-a510.c': File exists
cp: cannot create regular file '/dev/shm/linux/./arch/arm/mach-dove/common.h': File exists
cp: cannot create regular file '/dev/shm/linux/./arch/arm/mach-dove/irq.c': File exists
cp: cannot create regular file '/dev/shm/linux/./arch/arm/mach-dove/mpp.h': File exists
cp: cannot create regular file '/dev/shm/linux/./arch/arm/mach-dove/pm.h': File exists
cp: cannot create regular file '/dev/shm/linux/./arch/arm/mach-ep93xx/Kconfig': File exists
cp: cannot create regular file '/dev/shm/linux/./arch/arm/mach-exynos/Kconfig': File exists
cp: cannot create regular file '/dev/shm/linux/./arch/arm/mach-exynos/common.h': File exists
cp: cannot create regular file '/dev/shm/linux/./arch/arm/mach-exynos/exynos.c': File exists
cp: cannot create regular file '/dev/shm/linux/./arch/arm/mach-exynos/headsmp.S': File exists
cp: cannot create regular file '/dev/shm/linux/./arch/arm/mach-exynos/platsmp.c': File exists
cp: cannot create regular file '/dev/shm/linux/./arch/arm/mach-exynos/sleep.S': File exists
cp: cannot create regular file '/dev/shm/linux/./arch/arm/mach-exynos/suspend.c': File exists
cp: cannot create regular file '/dev/shm/linux/./arch/arm/mach-footbridge/Kconfig': File exists
cp: cannot create regular file '/dev/shm/linux/./arch/arm/mach-footbridge/common.c': File exists
cp: cannot create regular file '/dev/shm/linux/./arch/arm/mach-footbridge/dc21285.c': File exists
cp: cannot create regular file '/dev/shm/linux/./arch/arm/mach-footbridge/ebsa285-pci.c': File exists
cp: cannot create directory '/dev/shm/linux/./arch/arm/mach-footbridge/include': File exists
cp: cannot create regular file '/dev/shm/linux/./arch/arm/mach-gemini/Kconfig': File exists
cp: cannot create regular file '/dev/shm/linux/./arch/arm/mach-gemini/board-dt.c': File exists
cp: cannot create regular file '/dev/shm/linux/./arch/arm/mach-highbank/Kconfig': File exists
cp: cannot create regular file '/dev/shm/linux/./arch/arm/mach-highbank/core.h': File exists
cp: cannot create regular file '/dev/shm/linux/./arch/arm/mach-highbank/pm.c': File exists
cp: cannot create regular file '/dev/shm/linux/./arch/arm/mach-highbank/sysregs.h': File exists
cp: cannot create directory '/dev/shm/linux/./arch/arm/mach-hisi': File exists
cp: cannot create regular file '/dev/shm/linux/./arch/arm/mach-imx/cpu-imx35.c': File exists
cp: cannot create regular file '/dev/shm/linux/./arch/arm/mach-imx/cpu.c': File exists
cp: cannot create regular file '/dev/shm/linux/./arch/arm/mach-imx/cpuidle-imx6q.c': File exists
cp: cannot create regular file '/dev/shm/linux/./arch/arm/mach-imx/cpuidle.h': File exists
cp: cannot create regular file '/dev/shm/linux/./arch/arm/mach-imx/hardware.h': File exists
cp: cannot create regular file '/dev/shm/linux/./arch/arm/mach-imx/hotplug.c': File exists
cp: cannot create regular file '/dev/shm/linux/./arch/arm/mach-imx/iim.h': File exists
cp: cannot create regular file '/dev/shm/linux/./arch/arm/mach-imx/irq-common.h': File exists
cp: cannot create regular file '/dev/shm/linux/./arch/arm/mach-imx/mach-imx25.c': File exists
cp: cannot create regular file '/dev/shm/linux/./arch/arm/mach-imx/mach-imx31.c': File exists
cp: cannot create regular file '/dev/shm/linux/./arch/arm/mach-imx/mach-imx50.c': File exists
cp: cannot create regular file '/dev/shm/linux/./arch/arm/mach-imx/mach-imx53.c': File exists
cp: cannot create regular file '/dev/shm/linux/./arch/arm/mach-imx/mach-imx6sl.c': File exists
cp: cannot create regular file '/dev/shm/linux/./arch/arm/mach-imx/mach-imx6ul.c': File exists
cp: cannot create regular file '/dev/shm/linux/./arch/arm/mach-imx/mach-imx7d.c': File exists
cp: cannot create regular file '/dev/shm/linux/./arch/arm/mach-imx/mach-imxrt.c': File exists
cp: cannot create regular file '/dev/shm/linux/./arch/arm/mach-imx/mm-imx3.c': File exists
cp: cannot create regular file '/dev/shm/linux/./arch/arm/mach-imx/mx27.h': File exists
cp: cannot create regular file '/dev/shm/linux/./arch/arm/mach-imx/mx31.h': File exists
cp: cannot create regular file '/dev/shm/linux/./arch/arm/mach-imx/mx3x.h': File exists
cp: cannot create regular file '/dev/shm/linux/./arch/arm/mach-imx/platsmp.c': File exists
cp: cannot create regular file '/dev/shm/linux/./arch/arm/mach-imx/pm-imx27.c': File exists
cp: cannot create regular file '/dev/shm/linux/./arch/arm/mach-imx/pm-imx6.c': File exists
cp: cannot create regular file '/dev/shm/linux/./arch/arm/mach-imx/resume-imx6.S': File exists
cp: cannot create regular file '/dev/shm/linux/./arch/arm/mach-imx/ssi-fiq-ksym.c': File exists
cp: cannot create regular file '/dev/shm/linux/./arch/arm/mach-imx/suspend-imx53.S': File exists
cp: cannot create regular file '/dev/shm/linux/./arch/arm/mach-imx/system.c': File exists
cp: cannot create directory '/dev/shm/linux/./arch/arm/mach-ixp4xx': File exists
cp: cannot create directory '/dev/shm/linux/./arch/arm/mach-lpc32xx': File exists
cp: cannot create regular file '/dev/shm/linux/./arch/arm/mach-meson/platsmp.c': File exists
cp: cannot create regular file '/dev/shm/linux/./arch/arm/mach-milbeaut/Kconfig': File exists
cp: cannot create regular file '/dev/shm/linux/./arch/arm/mach-milbeaut/platsmp.c': File exists
cp: cannot create regular file '/dev/shm/linux/./arch/arm/mach-mmp/Kconfig': File exists
cp: cannot create regular file '/dev/shm/linux/./arch/arm/mach-mmp/addr-map.h': File exists
cp: cannot create regular file '/dev/shm/linux/./arch/arm/mach-mmp/common.c': File exists
cp: cannot create regular file '/dev/shm/linux/./arch/arm/mach-mmp/mmp-dt.c': File exists
cp: cannot create regular file '/dev/shm/linux/./arch/arm/mach-mmp/mmp3.c': File exists
cp: cannot create regular file '/dev/shm/linux/./arch/arm/mach-mmp/regs-timers.h': File exists
cp: cannot create directory '/dev/shm/linux/./arch/arm/mach-mstar': File exists
cp: cannot create regular file '/dev/shm/linux/./arch/arm/mach-mv78xx0/common.c': File exists
cp: cannot create regular file '/dev/shm/linux/./arch/arm/mach-mv78xx0/irq.c': File exists
cp: cannot create regular file '/dev/shm/linux/./arch/arm/mach-mv78xx0/mpp.c': File exists
cp: cannot create regular file '/dev/shm/linux/./arch/arm/mach-mv78xx0/mv78xx0.h': File exists
cp: cannot create directory '/dev/shm/linux/./arch/arm/mach-mvebu': File exists
cp: cannot create regular file '/dev/shm/linux/./arch/arm/mach-omap1/board-sx1.h': File exists
cp: cannot create regular file '/dev/shm/linux/./arch/arm/mach-omap1/clock.h': File exists
cp: cannot create regular file '/dev/shm/linux/./arch/arm/mach-omap1/clock_data.c': File exists
cp: cannot create regular file '/dev/shm/linux/./arch/arm/mach-omap1/devices.c': File exists
cp: cannot create regular file '/dev/shm/linux/./arch/arm/mach-omap1/fb.c': File exists
cp: cannot create regular file '/dev/shm/linux/./arch/arm/mach-omap1/flash.h': File exists
cp: cannot create regular file '/dev/shm/linux/./arch/arm/mach-omap1/hardware.h': File exists
cp: cannot create regular file '/dev/shm/linux/./arch/arm/mach-omap1/id.c': File exists
cp: cannot create regular file '/dev/shm/linux/./arch/arm/mach-omap1/iomap.h': File exists
cp: cannot create regular file '/dev/shm/linux/./arch/arm/mach-omap1/irqs.h': File exists
cp: cannot create regular file '/dev/shm/linux/./arch/arm/mach-omap1/mmc.h': File exists
cp: cannot create regular file '/dev/shm/linux/./arch/arm/mach-omap1/mux.c': File exists
cp: cannot create regular file '/dev/shm/linux/./arch/arm/mach-omap1/ocpi.c': File exists
cp: cannot create regular file '/dev/shm/linux/./arch/arm/mach-omap1/opp.h': File exists
cp: cannot create regular file '/dev/shm/linux/./arch/arm/mach-omap1/pm.c': File exists
cp: cannot create regular file '/dev/shm/linux/./arch/arm/mach-omap1/pm_bus.c': File exists
cp: cannot create regular file '/dev/shm/linux/./arch/arm/mach-omap1/serial.c': File exists
cp: cannot create regular file '/dev/shm/linux/./arch/arm/mach-omap1/sleep.S': File exists
cp: cannot create regular file '/dev/shm/linux/./arch/arm/mach-omap1/sram-init.c': File exists
cp: cannot create regular file '/dev/shm/linux/./arch/arm/mach-omap1/sram.S': File exists
cp: cannot create regular file '/dev/shm/linux/./arch/arm/mach-omap1/sram.h': File exists
cp: cannot create regular file '/dev/shm/linux/./arch/arm/mach-omap1/time.c': File exists
cp: cannot create regular file '/dev/shm/linux/./arch/arm/mach-omap1/timer32k.c': File exists
cp: cannot create regular file '/dev/shm/linux/./arch/arm/mach-omap1/usb.h': File exists
cp: cannot create regular file '/dev/shm/linux/./arch/arm/mach-omap2/.gitignore': File exists
cp: cannot create regular file '/dev/shm/linux/./arch/arm/mach-omap2/Makefile': File exists
cp: cannot create regular file '/dev/shm/linux/./arch/arm/mach-omap2/am33xx.h': File exists
cp: cannot create regular file '/dev/shm/linux/./arch/arm/mach-omap2/board-n8x0.c': File exists
cp: cannot create regular file '/dev/shm/linux/./arch/arm/mach-omap2/clkt2xxx_virt_prcm_set.c': File exists
cp: cannot create regular file '/dev/shm/linux/./arch/arm/mach-omap2/clock2xxx.h': File exists
cp: cannot create regular file '/dev/shm/linux/./arch/arm/mach-omap2/clockdomain.h': File exists
cp: cannot create regular file '/dev/shm/linux/./arch/arm/mach-omap2/clockdomains2420_data.c': File exists
cp: cannot create regular file '/dev/shm/linux/./arch/arm/mach-omap2/clockdomains2xxx_3xxx_data.c': File exists
cp: cannot create regular file '/dev/shm/linux/./arch/arm/mach-omap2/clockdomains3xxx_data.c': File exists
cp: cannot create regular file '/dev/shm/linux/./arch/arm/mach-omap2/clockdomains44xx_data.c': File exists
cp: cannot create regular file '/dev/shm/linux/./arch/arm/mach-omap2/clockdomains7xx_data.c': File exists
cp: cannot create regular file '/dev/shm/linux/./arch/arm/mach-omap2/cm-regbits-24xx.h': File exists
cp: cannot create regular file '/dev/shm/linux/./arch/arm/mach-omap2/cm-regbits-34xx.h': File exists
cp: cannot create regular file '/dev/shm/linux/./arch/arm/mach-omap2/cm-regbits-54xx.h': File exists
cp: cannot create regular file '/dev/shm/linux/./arch/arm/mach-omap2/cm.h': File exists
cp: cannot create regular file '/dev/shm/linux/./arch/arm/mach-omap2/cm1_54xx.h': File exists
cp: cannot create regular file '/dev/shm/linux/./arch/arm/mach-omap2/cm2_44xx.h': File exists
cp: cannot create regular file '/dev/shm/linux/./arch/arm/mach-omap2/cm2_7xx.h': File exists
cp: cannot create regular file '/dev/shm/linux/./arch/arm/mach-omap2/cm2xxx.h': File exists
cp: cannot create regular file '/dev/shm/linux/./arch/arm/mach-omap2/cm33xx.c': File exists
cp: cannot create regular file '/dev/shm/linux/./arch/arm/mach-omap2/cm3xxx.h': File exists
cp: cannot create regular file '/dev/shm/linux/./arch/arm/mach-omap2/cm81xx.h': File exists
cp: cannot create regular file '/dev/shm/linux/./arch/arm/mach-omap2/cm_common.c': File exists
cp: cannot create regular file '/dev/shm/linux/./arch/arm/mach-omap2/common-board-devices.h': File exists
cp: cannot create regular file '/dev/shm/linux/./arch/arm/mach-omap2/common.h': File exists
cp: cannot create regular file '/dev/shm/linux/./arch/arm/mach-omap2/control.h': File exists
cp: cannot create regular file '/dev/shm/linux/./arch/arm/mach-omap2/cpuidle44xx.c': File exists
cp: cannot create regular file '/dev/shm/linux/./arch/arm/mach-omap2/devices.c': File exists
cp: cannot create regular file '/dev/shm/linux/./arch/arm/mach-omap2/display.h': File exists
cp: cannot create regular file '/dev/shm/linux/./arch/arm/mach-omap2/fb.c': File exists
cp: cannot create regular file '/dev/shm/linux/./arch/arm/mach-omap2/hdq1w.c': File exists
cp: cannot create regular file '/dev/shm/linux/./arch/arm/mach-omap2/i2c.c': File exists
cp: cannot create regular file '/dev/shm/linux/./arch/arm/mach-omap2/id.c': File exists
cp: cannot create regular file '/dev/shm/linux/./arch/arm/mach-omap2/io.c': File exists
cp: cannot create regular file '/dev/shm/linux/./arch/arm/mach-omap2/l3_2xxx.h': File exists
cp: cannot create regular file '/dev/shm/linux/./arch/arm/mach-omap2/l4_2xxx.h': File exists
cp: cannot create regular file '/dev/shm/linux/./arch/arm/mach-omap2/mcbsp.c': File exists
cp: cannot create regular file '/dev/shm/linux/./arch/arm/mach-omap2/msdi.c': File exists
cp: cannot create regular file '/dev/shm/linux/./arch/arm/mach-omap2/omap-headsmp.S': File exists
cp: cannot create regular file '/dev/shm/linux/./arch/arm/mach-omap2/omap-iommu.c': File exists
cp: cannot create regular file '/dev/shm/linux/./arch/arm/mach-omap2/omap-secure.c': File exists
cp: cannot create regular file '/dev/shm/linux/./arch/arm/mach-omap2/omap-smc.S': File exists
cp: cannot create regular file '/dev/shm/linux/./arch/arm/mach-omap2/omap-wakeupgen.c': File exists
cp: cannot create regular file '/dev/shm/linux/./arch/arm/mach-omap2/omap24xx.h': File exists
cp: cannot create regular file '/dev/shm/linux/./arch/arm/mach-omap2/omap3-restart.c': File exists
cp: cannot create regular file '/dev/shm/linux/./arch/arm/mach-omap2/omap34xx.h': File exists
cp: cannot create regular file '/dev/shm/linux/./arch/arm/mach-omap2/omap_device.c': File exists
cp: cannot create regular file '/dev/shm/linux/./arch/arm/mach-omap2/omap_device.h': File exists
cp: cannot create regular file '/dev/shm/linux/./arch/arm/mach-omap2/omap_hwmod.h': File exists
cp: cannot create regular file '/dev/shm/linux/./arch/arm/mach-omap2/omap_hwmod_2xxx_3xxx_ipblock_data.c': File exists
cp: cannot create regular file '/dev/shm/linux/./arch/arm/mach-omap2/omap_hwmod_2xxx_ipblock_data.c': File exists
cp: cannot create regular file '/dev/shm/linux/./arch/arm/mach-omap2/omap_hwmod_81xx_data.c': File exists
cp: cannot create regular file '/dev/shm/linux/./arch/arm/mach-omap2/omap_hwmod_common_data.h': File exists
cp: cannot create regular file '/dev/shm/linux/./arch/arm/mach-omap2/omap_phy_internal.c': File exists
cp: cannot create regular file '/dev/shm/linux/./arch/arm/mach-omap2/opp2420_data.c': File exists
cp: cannot create regular file '/dev/shm/linux/./arch/arm/mach-omap2/opp2xxx.h': File exists
cp: cannot create regular file '/dev/shm/linux/./arch/arm/mach-omap2/opp4xxx_data.c': File exists
cp: cannot create regular file '/dev/shm/linux/./arch/arm/mach-omap2/pm-asm-offsets.c': File exists
cp: cannot create regular file '/dev/shm/linux/./arch/arm/mach-omap2/pm.c': File exists
cp: cannot create regular file '/dev/shm/linux/./arch/arm/mach-omap2/pm33xx-core.c': File exists
cp: cannot create regular file '/dev/shm/linux/./arch/arm/mach-omap2/pm44xx.c': File exists
cp: cannot create regular file '/dev/shm/linux/./arch/arm/mach-omap2/powerdomain-common.c': File exists
cp: cannot create regular file '/dev/shm/linux/./arch/arm/mach-omap2/powerdomain.h': File exists
cp: cannot create regular file '/dev/shm/linux/./arch/arm/mach-omap2/powerdomains2xxx_3xxx_data.h': File exists
cp: cannot create regular file '/dev/shm/linux/./arch/arm/mach-omap2/powerdomains33xx_data.c': File exists
cp: cannot create regular file '/dev/shm/linux/./arch/arm/mach-omap2/powerdomains43xx_data.c': File exists
cp: cannot create regular file '/dev/shm/linux/./arch/arm/mach-omap2/powerdomains54xx_data.c': File exists
cp: cannot create regular file '/dev/shm/linux/./arch/arm/mach-omap2/prcm-common.h': File exists
cp: cannot create regular file '/dev/shm/linux/./arch/arm/mach-omap2/prcm_mpu44xx.c': File exists
cp: cannot create regular file '/dev/shm/linux/./arch/arm/mach-omap2/prcm_mpu54xx.h': File exists
cp: cannot create regular file '/dev/shm/linux/./arch/arm/mach-omap2/prcm_mpu_44xx_54xx.h': File exists
cp: cannot create regular file '/dev/shm/linux/./arch/arm/mach-omap2/prm-regbits-24xx.h': File exists
cp: cannot create regular file '/dev/shm/linux/./arch/arm/mach-omap2/prm-regbits-33xx.h': File exists
cp: cannot create regular file '/dev/shm/linux/./arch/arm/mach-omap2/prm-regbits-44xx.h': File exists
cp: cannot create regular file '/dev/shm/linux/./arch/arm/mach-omap2/prm2xxx.c': File exists
cp: cannot create regular file '/dev/shm/linux/./arch/arm/mach-omap2/prm2xxx_3xxx.c': File exists
cp: cannot create regular file '/dev/shm/linux/./arch/arm/mach-omap2/prm33xx.c': File exists
cp: cannot create regular file '/dev/shm/linux/./arch/arm/mach-omap2/prm3xxx.c': File exists
cp: cannot create regular file '/dev/shm/linux/./arch/arm/mach-omap2/prm44xx.c': File exists
cp: cannot create regular file '/dev/shm/linux/./arch/arm/mach-omap2/prm44xx_54xx.h': File exists
cp: cannot create regular file '/dev/shm/linux/./arch/arm/mach-omap2/prm_common.c': File exists
cp: cannot create regular file '/dev/shm/linux/./arch/arm/mach-omap2/prminst44xx.h': File exists
cp: cannot create regular file '/dev/shm/linux/./arch/arm/mach-omap2/scrm44xx.h': File exists
cp: cannot create regular file '/dev/shm/linux/./arch/arm/mach-omap2/sdrc2xxx.c': File exists
cp: cannot create regular file '/dev/shm/linux/./arch/arm/mach-omap2/sleep33xx.S': File exists
cp: cannot create regular file '/dev/shm/linux/./arch/arm/mach-omap2/sleep34xx.S': File exists
cp: cannot create regular file '/dev/shm/linux/./arch/arm/mach-omap2/sleep43xx.S': File exists
cp: cannot create regular file '/dev/shm/linux/./arch/arm/mach-omap2/smartreflex-class3.c': File exists
cp: cannot create regular file '/dev/shm/linux/./arch/arm/mach-omap2/sr_device.c': File exists
cp: cannot create regular file '/dev/shm/linux/./arch/arm/mach-omap2/sram.h': File exists
cp: cannot create regular file '/dev/shm/linux/./arch/arm/mach-omap2/sram243x.S': File exists
cp: cannot create regular file '/dev/shm/linux/./arch/arm/mach-omap2/timer.c': File exists
cp: cannot create regular file '/dev/shm/linux/./arch/arm/mach-omap2/vc.c': File exists
cp: cannot create regular file '/dev/shm/linux/./arch/arm/mach-omap2/vc3xxx_data.c': File exists
cp: cannot create regular file '/dev/shm/linux/./arch/arm/mach-omap2/voltagedomains2xxx_data.c': File exists
cp: cannot create regular file '/dev/shm/linux/./arch/arm/mach-omap2/voltagedomains44xx_data.c': File exists
cp: cannot create regular file '/dev/shm/linux/./arch/arm/mach-omap2/voltagedomains54xx_data.c': File exists
cp: cannot create regular file '/dev/shm/linux/./arch/arm/mach-omap2/vp.h': File exists
cp: cannot create regular file '/dev/shm/linux/./arch/arm/mach-omap2/vp44xx_data.c': File exists
cp: cannot create regular file '/dev/shm/linux/./arch/arm/mach-omap2/wd_timer.c': File exists
cp: cannot create regular file '/dev/shm/linux/./arch/arm/mach-omap2/wd_timer.h': File exists
cp: cannot create regular file '/dev/shm/linux/./arch/arm/mach-orion5x/Kconfig': File exists
cp: cannot create regular file '/dev/shm/linux/./arch/arm/mach-orion5x/board-mss2.c': File exists
cp: cannot create regular file '/dev/shm/linux/./arch/arm/mach-orion5x/bridge-regs.h': File exists
cp: cannot create regular file '/dev/shm/linux/./arch/arm/mach-orion5x/common.h': File exists
cp: cannot create regular file '/dev/shm/linux/./arch/arm/mach-orion5x/irq.c': File exists
cp: cannot create regular file '/dev/shm/linux/./arch/arm/mach-orion5x/irqs.h': File exists
cp: cannot create regular file '/dev/shm/linux/./arch/arm/mach-orion5x/mpp.c': File exists
cp: cannot create regular file '/dev/shm/linux/./arch/arm/mach-orion5x/mv2120-setup.c': File exists
cp: cannot create regular file '/dev/shm/linux/./arch/arm/mach-orion5x/orion5x.h': File exists
cp: cannot create regular file '/dev/shm/linux/./arch/arm/mach-orion5x/terastation_pro2-setup.c': File exists
cp: cannot create regular file '/dev/shm/linux/./arch/arm/mach-orion5x/ts409-setup.c': File exists
cp: cannot create regular file '/dev/shm/linux/./arch/arm/mach-orion5x/ts78xx-setup.c': File exists
cp: cannot create regular file '/dev/shm/linux/./arch/arm/mach-orion5x/tsx09-common.h': File exists
cp: cannot create regular file '/dev/shm/linux/./arch/arm/mach-pxa/Kconfig': File exists
cp: cannot create regular file '/dev/shm/linux/./arch/arm/mach-pxa/addr-map.h': File exists
cp: cannot create regular file '/dev/shm/linux/./arch/arm/mach-pxa/am300epd.c': File exists
cp: cannot create regular file '/dev/shm/linux/./arch/arm/mach-pxa/devices.h': File exists
cp: cannot create regular file '/dev/shm/linux/./arch/arm/mach-pxa/generic.h': File exists
cp: cannot create regular file '/dev/shm/linux/./arch/arm/mach-pxa/gumstix.h': File exists
cp: cannot create regular file '/dev/shm/linux/./arch/arm/mach-pxa/irqs.h': File exists
cp: cannot create regular file '/dev/shm/linux/./arch/arm/mach-pxa/mfp-pxa27x.h': File exists
cp: cannot create regular file '/dev/shm/linux/./arch/arm/mach-pxa/mfp-pxa300.h': File exists
cp: cannot create regular file '/dev/shm/linux/./arch/arm/mach-pxa/mfp-pxa3xx.c': File exists
cp: cannot create regular file '/dev/shm/linux/./arch/arm/mach-pxa/mfp-pxa3xx.h': File exists
cp: cannot create regular file '/dev/shm/linux/./arch/arm/mach-pxa/pm.c': File exists
cp: cannot create regular file '/dev/shm/linux/./arch/arm/mach-pxa/pxa-dt.c': File exists
cp: cannot create regular file '/dev/shm/linux/./arch/arm/mach-pxa/pxa25x.h': File exists
cp: cannot create regular file '/dev/shm/linux/./arch/arm/mach-pxa/pxa27x.c': File exists
cp: cannot create regular file '/dev/shm/linux/./arch/arm/mach-pxa/pxa2xx-regs.h': File exists
cp: cannot create regular file '/dev/shm/linux/./arch/arm/mach-pxa/pxa320.c': File exists
cp: cannot create regular file '/dev/shm/linux/./arch/arm/mach-pxa/pxa3xx-regs.h': File exists
cp: cannot create regular file '/dev/shm/linux/./arch/arm/mach-pxa/pxa3xx.h': File exists
cp: cannot create regular file '/dev/shm/linux/./arch/arm/mach-pxa/reset.c': File exists
cp: cannot create regular file '/dev/shm/linux/./arch/arm/mach-pxa/sharpsl_pm.c': File exists
cp: cannot create regular file '/dev/shm/linux/./arch/arm/mach-pxa/spitz.c': File exists
cp: cannot create regular file '/dev/shm/linux/./arch/arm/mach-pxa/spitz.h': File exists
cp: cannot create regular file '/dev/shm/linux/./arch/arm/mach-pxa/standby.S': File exists
cp: cannot create directory '/dev/shm/linux/./arch/arm/mach-qcom': File exists
cp: cannot create directory '/dev/shm/linux/./arch/arm/mach-rpc': File exists
cp: cannot create regular file '/dev/shm/linux/./arch/arm/mach-s3c/devs.h': File exists
cp: cannot create regular file '/dev/shm/linux/./arch/arm/mach-s3c/gpio-core.h': File exists
cp: cannot create regular file '/dev/shm/linux/./arch/arm/mach-s3c/gpio-samsung.h': File exists
cp: cannot create regular file '/dev/shm/linux/./arch/arm/mach-s3c/init.c': File exists
cp: cannot create regular file '/dev/shm/linux/./arch/arm/mach-s3c/irq-uart-s3c64xx.h': File exists
cp: cannot create regular file '/dev/shm/linux/./arch/arm/mach-s3c/keypad.h': File exists
cp: cannot create regular file '/dev/shm/linux/./arch/arm/mach-s3c/mach-s3c64xx-dt.c': File exists
cp: cannot create regular file '/dev/shm/linux/./arch/arm/mach-s3c/map-s3c.h': File exists
cp: cannot create regular file '/dev/shm/linux/./arch/arm/mach-s3c/map-s5p.h': File exists
cp: cannot create regular file '/dev/shm/linux/./arch/arm/mach-s3c/pl080.c': File exists
cp: cannot create regular file '/dev/shm/linux/./arch/arm/mach-s3c/pm-core-s3c64xx.h': File exists
cp: cannot create regular file '/dev/shm/linux/./arch/arm/mach-s3c/pm-core.h': File exists
cp: cannot create regular file '/dev/shm/linux/./arch/arm/mach-s3c/pm.c': File exists
cp: cannot create regular file '/dev/shm/linux/./arch/arm/mach-s3c/pwm-core.h': File exists
cp: cannot create regular file '/dev/shm/linux/./arch/arm/mach-s3c/regs-clock-s3c64xx.h': File exists
cp: cannot create regular file '/dev/shm/linux/./arch/arm/mach-s3c/regs-gpio-memport-s3c64xx.h': File exists
cp: cannot create regular file '/dev/shm/linux/./arch/arm/mach-s3c/regs-gpio.h': File exists
cp: cannot create regular file '/dev/shm/linux/./arch/arm/mach-s3c/regs-irq.h': File exists
cp: cannot create regular file '/dev/shm/linux/./arch/arm/mach-s3c/regs-modem-s3c64xx.h': File exists
cp: cannot create regular file '/dev/shm/linux/./arch/arm/mach-s3c/regs-syscon-power-s3c64xx.h': File exists
cp: cannot create regular file '/dev/shm/linux/./arch/arm/mach-s3c/s3c6410.c': File exists
cp: cannot create regular file '/dev/shm/linux/./arch/arm/mach-s3c/s3c64xx.h': File exists
cp: cannot create regular file '/dev/shm/linux/./arch/arm/mach-s3c/setup-fb-24bpp-s3c64xx.c': File exists
cp: cannot create regular file '/dev/shm/linux/./arch/arm/mach-s3c/setup-i2c1-s3c64xx.c': File exists
cp: cannot create regular file '/dev/shm/linux/./arch/arm/mach-s3c/setup-sdhci-gpio-s3c64xx.c': File exists
cp: cannot create regular file '/dev/shm/linux/./arch/arm/mach-s3c/setup-usb-phy-s3c64xx.c': File exists
cp: cannot create regular file '/dev/shm/linux/./arch/arm/mach-s3c/usb-phy.h': File exists
cp: cannot create regular file '/dev/shm/linux/./arch/arm/mach-s3c/wakeup-mask.h': File exists
cp: cannot create directory '/dev/shm/linux/./arch/arm/mach-s5pv210': File exists
cp: cannot create regular file '/dev/shm/linux/./arch/arm/mach-sa1100/h3600.c': File exists
cp: cannot create directory '/dev/shm/linux/./arch/arm/mach-sa1100/include': File exists
cp: cannot create regular file '/dev/shm/linux/./arch/arm/mach-shmobile/pm-rcar-gen2.c': File exists
cp: cannot create regular file '/dev/shm/linux/./arch/arm/mach-shmobile/r8a7779.h': File exists
cp: cannot create regular file '/dev/shm/linux/./arch/arm/mach-shmobile/regulator-quirk-rcar-gen2.c': File exists
cp: cannot create regular file '/dev/shm/linux/./arch/arm/mach-shmobile/setup-r7s72100.c': File exists
cp: cannot create regular file '/dev/shm/linux/./arch/arm/mach-shmobile/setup-r8a73a4.c': File exists
cp: cannot create regular file '/dev/shm/linux/./arch/arm/mach-shmobile/setup-r8a7778.c': File exists
cp: cannot create regular file '/dev/shm/linux/./arch/arm/mach-shmobile/setup-rcar-gen2.c': File exists
cp: cannot create regular file '/dev/shm/linux/./arch/arm/mach-shmobile/sh73a0.h': File exists
cp: cannot create regular file '/dev/shm/linux/./arch/arm/mach-shmobile/smp-r8a7779.c': File exists
cp: cannot create regular file '/dev/shm/linux/./arch/arm/mach-shmobile/suspend.c': File exists
cp: cannot create directory '/dev/shm/linux/./arch/arm/mach-socfpga': File exists
cp: cannot create regular file '/dev/shm/linux/./arch/arm/mach-spear/spear1310.c': File exists
cp: cannot create regular file '/dev/shm/linux/./arch/arm/mach-spear/spear13xx.c': File exists
cp: cannot create regular file '/dev/shm/linux/./arch/arm/mach-spear/spear310.c': File exists
cp: cannot create regular file '/dev/shm/linux/./arch/arm/mach-spear/spear3xx.c': File exists
cp: cannot create regular file '/dev/shm/linux/./arch/arm/mach-spear/time.c': File exists
cp: cannot create regular file '/dev/shm/linux/./arch/arm/mach-sti/Kconfig': File exists
cp: cannot create regular file '/dev/shm/linux/./arch/arm/mach-sti/platsmp.c': File exists
cp: cannot create directory '/dev/shm/linux/./arch/arm/mach-stm32': File exists
cp: cannot create regular file '/dev/shm/linux/./arch/arm/mach-sunxi/platsmp.c': File exists
cp: cannot create regular file '/dev/shm/linux/./arch/arm/mach-sunxi/sunxi.c': File exists
cp: cannot create regular file '/dev/shm/linux/./arch/arm/mach-tegra/Kconfig': File exists
cp: cannot create regular file '/dev/shm/linux/./arch/arm/mach-tegra/board.h': File exists
cp: cannot create regular file '/dev/shm/linux/./arch/arm/mach-tegra/hotplug.c': File exists
cp: cannot create regular file '/dev/shm/linux/./arch/arm/mach-tegra/iomap.h': File exists
cp: cannot create regular file '/dev/shm/linux/./arch/arm/mach-tegra/irq.c': File exists
cp: cannot create regular file '/dev/shm/linux/./arch/arm/mach-tegra/pm-tegra20.c': File exists
cp: cannot create regular file '/dev/shm/linux/./arch/arm/mach-tegra/pm.c': File exists
cp: cannot create regular file '/dev/shm/linux/./arch/arm/mach-tegra/reset-handler.S': File exists
cp: cannot create regular file '/dev/shm/linux/./arch/arm/mach-tegra/reset.h': File exists
cp: cannot create regular file '/dev/shm/linux/./arch/arm/mach-tegra/sleep-tegra30.S': File exists
cp: cannot create regular file '/dev/shm/linux/./arch/arm/mach-tegra/sleep.h': File exists
cp: cannot create directory '/dev/shm/linux/./arch/arm/mach-ux500': File exists
cp: cannot create regular file '/dev/shm/linux/./arch/arm/mach-versatile/integrator.c': File exists
cp: cannot create regular file '/dev/shm/linux/./arch/arm/mach-versatile/integrator_ap.c': File exists
cp: cannot create regular file '/dev/shm/linux/./arch/arm/mach-versatile/platsmp-realview.c': File exists
cp: cannot create regular file '/dev/shm/linux/./arch/arm/mach-versatile/platsmp.c': File exists
cp: cannot create regular file '/dev/shm/linux/./arch/arm/mach-versatile/realview.c': File exists
cp: cannot create regular file '/dev/shm/linux/./arch/arm/mach-versatile/spc.h': File exists
cp: cannot create regular file '/dev/shm/linux/./arch/arm/mach-versatile/v2m-mps2.c': File exists
cp: cannot create regular file '/dev/shm/linux/./arch/arm/mach-versatile/versatile.c': File exists
cp: cannot create directory '/dev/shm/linux/./arch/arm/mach-vt8500': File exists
cp: cannot create regular file '/dev/shm/linux/./arch/arm/mach-zynq/platsmp.c': File exists
cp: cannot create directory '/dev/shm/linux/./arch/arm/mm': File exists
cp: cannot create regular file '/dev/shm/linux/./arch/arm64/boot/install.sh': File exists
cp: cannot create directory '/dev/shm/linux/./arch/arm64/configs': File exists
cp: cannot create directory '/dev/shm/linux/./arch/arm64/crypto': File exists
cp: cannot create directory '/dev/shm/linux/./arch/arm64/hyperv': File exists
cp: cannot create directory '/dev/shm/linux/./arch/arm64/include': File exists
cp: cannot create directory '/dev/shm/linux/./arch/arm64/kernel': File exists
cp: cannot create directory '/dev/shm/linux/./arch/arm64/kvm': File exists
cp: cannot create directory '/dev/shm/linux/./arch/arm64/lib': File exists
cp: cannot create directory '/dev/shm/linux/./arch/arm64/mm': File exists
cp: cannot create directory '/dev/shm/linux/./arch/arm64/net': File exists
cp: cannot create directory '/dev/shm/linux/./arch/arm64/tools': File exists
cp: cannot create directory '/dev/shm/linux/./arch/arm64/xen': File exists
cp: cannot create directory '/dev/shm/linux/./arch/csky': File exists
cp: cannot create directory '/dev/shm/linux/./arch/hexagon': File exists
cp: cannot create directory '/dev/shm/linux/./arch/loongarch': File exists
cp: cannot create directory '/dev/shm/linux/./arch/m68k': File exists
cp: cannot create directory '/dev/shm/linux/./arch/microblaze': File exists
cp: cannot create directory '/dev/shm/linux/./arch/mips': File exists
cp: cannot create regular file '/dev/shm/linux/./arch/parisc/kernel/toc.c': File exists
cp: cannot create regular file '/dev/shm/linux/./arch/parisc/kernel/traps.c': File exists
cp: cannot create regular file '/dev/shm/linux/./arch/parisc/kernel/unaligned.h': File exists
cp: cannot create regular file '/dev/shm/linux/./arch/parisc/kernel/vdso.c': File exists
cp: cannot create regular file '/dev/shm/linux/./arch/parisc/kernel/vdso32/Makefile': File exists
cp: cannot create regular file '/dev/shm/linux/./arch/parisc/kernel/vdso32/note.S': File exists
cp: cannot create regular file '/dev/shm/linux/./arch/parisc/kernel/vdso32/sigtramp.S': File exists
cp: cannot create regular file '/dev/shm/linux/./arch/parisc/kernel/vdso32/vdso32_generic.c': File exists
cp: cannot create directory '/dev/shm/linux/./arch/parisc/kernel/vdso64': File exists
cp: cannot create regular file '/dev/shm/linux/./arch/parisc/lib/ucmpdi2.c': File exists
cp: cannot create directory '/dev/shm/linux/./arch/parisc/math-emu': File exists
cp: cannot create regular file '/dev/shm/linux/./arch/powerpc/boot/cuboot-sam440ep.c': File exists
cp: cannot create regular file '/dev/shm/linux/./arch/powerpc/boot/cuboot-taishan.c': File exists
cp: cannot create regular file '/dev/shm/linux/./arch/powerpc/boot/cuboot-yosemite.c': File exists
cp: cannot create regular file '/dev/shm/linux/./arch/powerpc/boot/cuboot.c': File exists
cp: cannot create regular file '/dev/shm/linux/./arch/powerpc/boot/cuboot.h': File exists
cp: cannot create regular file '/dev/shm/linux/./arch/powerpc/boot/dcr.h': File exists
cp: cannot create regular file '/dev/shm/linux/./arch/powerpc/boot/devtree.c': File exists
cp: cannot create directory '/dev/shm/linux/./arch/powerpc/boot/dts': File exists
cp: cannot create regular file '/dev/shm/linux/./arch/powerpc/include/asm/machdep.h': File exists
cp: cannot create regular file '/dev/shm/linux/./arch/powerpc/include/asm/mc146818rtc.h': File exists
cp: cannot create regular file '/dev/shm/linux/./arch/powerpc/include/asm/mediabay.h': File exists
cp: cannot create regular file '/dev/shm/linux/./arch/powerpc/include/asm/membarrier.h': File exists
cp: cannot create regular file '/dev/shm/linux/./arch/powerpc/include/asm/mmiowb.h': File exists
cp: cannot create regular file '/dev/shm/linux/./arch/powerpc/include/asm/mmu_context.h': File exists
cp: cannot create regular file '/dev/shm/linux/./arch/powerpc/include/asm/module.h': File exists
cp: cannot create regular file '/dev/shm/linux/./arch/powerpc/include/asm/mpc52xx.h': File exists
cp: cannot create regular file '/dev/shm/linux/./arch/powerpc/include/asm/mpc5xxx.h': File exists
cp: cannot create regular file '/dev/shm/linux/./arch/powerpc/include/asm/mpic.h': File exists
cp: cannot create regular file '/dev/shm/linux/./arch/powerpc/include/asm/mpic_timer.h': File exists
cp: cannot create regular file '/dev/shm/linux/./arch/powerpc/include/asm/msi_bitmap.h': File exists
cp: cannot create directory '/dev/shm/linux/./arch/powerpc/include/asm/nohash': File exists
cp: cannot create regular file '/dev/shm/linux/./arch/powerpc/include/asm/pgtable.h': File exists
cp: cannot create regular file '/dev/shm/linux/./arch/powerpc/include/asm/plpar_wrappers.h': File exists
cp: cannot create regular file '/dev/shm/linux/./arch/powerpc/include/asm/pmac_feature.h': File exists
cp: cannot create regular file '/dev/shm/linux/./arch/powerpc/include/asm/pmac_pfunc.h': File exists
cp: cannot create regular file '/dev/shm/linux/./arch/powerpc/include/asm/pnv-ocxl.h': File exists
cp: cannot create regular file '/dev/shm/linux/./arch/powerpc/include/asm/powernv.h': File exists
cp: cannot create regular file '/dev/shm/linux/./arch/powerpc/include/asm/ppc-pci.h': File exists
cp: cannot create regular file '/dev/shm/linux/./arch/powerpc/include/asm/ppc_asm.h': File exists
cp: cannot create regular file '/dev/shm/linux/./arch/powerpc/include/asm/processor.h': File exists
cp: cannot create regular file '/dev/shm/linux/./arch/powerpc/include/asm/ps3.h': File exists
cp: cannot create regular file '/dev/shm/linux/./arch/powerpc/include/asm/ps3gpu.h': File exists
cp: cannot create regular file '/dev/shm/linux/./arch/powerpc/include/asm/pte-walk.h': File exists
cp: cannot create regular file '/dev/shm/linux/./arch/powerpc/include/asm/ptrace.h': File exists
cp: cannot create regular file '/dev/shm/linux/./arch/powerpc/include/asm/qspinlock_types.h': File exists
cp: cannot create regular file '/dev/shm/linux/./arch/powerpc/include/asm/reg_8xx.h': File exists
cp: cannot create regular file '/dev/shm/linux/./arch/powerpc/include/asm/rheap.h': File exists
cp: cannot create regular file '/dev/shm/linux/./arch/powerpc/include/asm/rio.h': File exists
cp: cannot create regular file '/dev/shm/linux/./arch/powerpc/include/asm/rtas.h': File exists
cp: cannot create regular file '/dev/shm/linux/./arch/powerpc/include/asm/sections.h': File exists
cp: cannot create regular file '/dev/shm/linux/./arch/powerpc/include/asm/security_features.h': File exists
cp: cannot create regular file '/dev/shm/linux/./arch/powerpc/include/asm/set_memory.h': File exists
cp: cannot create regular file '/dev/shm/linux/./arch/powerpc/include/asm/setup.h': File exists
cp: cannot create regular file '/dev/shm/linux/./arch/powerpc/include/asm/shmparam.h': File exists
cp: cannot create regular file '/dev/shm/linux/./arch/powerpc/include/asm/simple_spinlock.h': File exists
cp: cannot create regular file '/dev/shm/linux/./arch/powerpc/include/asm/smp.h': File exists
cp: cannot create regular file '/dev/shm/linux/./arch/powerpc/include/asm/sparsemem.h': File exists
cp: cannot create regular file '/dev/shm/linux/./arch/powerpc/include/asm/spinlock_types.h': File exists
cp: cannot create regular file '/dev/shm/linux/./arch/powerpc/include/asm/spu_csa.h': File exists
cp: cannot create regular file '/dev/shm/linux/./arch/powerpc/include/asm/spu_priv1.h': File exists
cp: cannot create regular file '/dev/shm/linux/./arch/powerpc/include/asm/stackprotector.h': File exists
cp: cannot create regular file '/dev/shm/linux/./arch/powerpc/include/asm/static_call.h': File exists
cp: cannot create regular file '/dev/shm/linux/./arch/powerpc/include/asm/svm.h': File exists
cp: cannot create regular file '/dev/shm/linux/./arch/powerpc/include/asm/switch_to.h': File exists
cp: cannot create regular file '/dev/shm/linux/./arch/powerpc/include/asm/syscall.h': File exists
cp: cannot create regular file '/dev/shm/linux/./arch/powerpc/include/asm/syscall_wrapper.h': File exists
cp: cannot create regular file '/dev/shm/linux/./arch/powerpc/include/asm/syscalls_32.h': File exists
cp: cannot create regular file '/dev/shm/linux/./arch/powerpc/include/asm/task_size_32.h': File exists
cp: cannot create regular file '/dev/shm/linux/./arch/powerpc/include/asm/tce.h': File exists
cp: cannot create regular file '/dev/shm/linux/./arch/powerpc/include/asm/thread_info.h': File exists
cp: cannot create regular file '/dev/shm/linux/./arch/powerpc/include/asm/timex.h': File exists
cp: cannot create regular file '/dev/shm/linux/./arch/powerpc/include/asm/tlbflush.h': File exists
cp: cannot create regular file '/dev/shm/linux/./arch/powerpc/include/asm/tm.h': File exists
cp: cannot create regular file '/dev/shm/linux/./arch/powerpc/include/asm/trace.h': File exists
cp: cannot create regular file '/dev/shm/linux/./arch/powerpc/include/asm/tsi108.h': File exists
cp: cannot create regular file '/dev/shm/linux/./arch/powerpc/include/asm/tsi108_pci.h': File exists
cp: cannot create regular file '/dev/shm/linux/./arch/powerpc/include/asm/types.h': File exists
cp: cannot create regular file '/dev/shm/linux/./arch/powerpc/include/asm/udbg.h': File exists
cp: cannot create regular file '/dev/shm/linux/./arch/powerpc/include/asm/ultravisor-api.h': File exists
cp: cannot create regular file '/dev/shm/linux/./arch/powerpc/include/asm/uninorth.h': File exists
cp: cannot create regular file '/dev/shm/linux/./arch/powerpc/include/asm/unistd32.h': File exists
cp: cannot create regular file '/dev/shm/linux/./arch/powerpc/include/asm/uprobes.h': File exists
cp: cannot create regular file '/dev/shm/linux/./arch/powerpc/include/asm/vdso.h': File exists
cp: cannot create regular file '/dev/shm/linux/./arch/powerpc/include/asm/vdso/arch_data.h': File exists
cp: cannot create regular file '/dev/shm/linux/./arch/powerpc/include/asm/vdso/getrandom.h': File exists
cp: cannot create regular file '/dev/shm/linux/./arch/powerpc/include/asm/vdso/processor.h': File exists
cp: cannot create regular file '/dev/shm/linux/./arch/powerpc/include/asm/vdso/vsyscall.h': File exists
cp: cannot create regular file '/dev/shm/linux/./arch/powerpc/include/asm/vermagic.h': File exists
cp: cannot create regular file '/dev/shm/linux/./arch/powerpc/include/asm/vio.h': File exists
cp: cannot create regular file '/dev/shm/linux/./arch/powerpc/include/asm/word-at-a-time.h': File exists
cp: cannot create regular file '/dev/shm/linux/./arch/powerpc/include/asm/xive-regs.h': File exists
cp: cannot create regular file '/dev/shm/linux/./arch/powerpc/include/asm/xmon.h': File exists
cp: cannot create directory '/dev/shm/linux/./arch/powerpc/include/uapi/asm': File exists
cp: cannot create regular file '/dev/shm/linux/./arch/powerpc/kernel/firmware.c': File exists
cp: cannot create regular file '/dev/shm/linux/./arch/powerpc/kernel/fpu.S': File exists
cp: cannot create regular file '/dev/shm/linux/./arch/powerpc/kernel/head_32.h': File exists
cp: cannot create regular file '/dev/shm/linux/./arch/powerpc/kernel/head_64.S': File exists
cp: cannot create regular file '/dev/shm/linux/./arch/powerpc/kernel/head_8xx.S': File exists
cp: cannot create regular file '/dev/shm/linux/./arch/powerpc/kernel/head_booke.h': File exists
cp: cannot create regular file '/dev/shm/linux/./arch/powerpc/kernel/hw_breakpoint_constraints.c': File exists
cp: cannot create regular file '/dev/shm/linux/./arch/powerpc/kernel/idle_64e.S': File exists
cp: cannot create regular file '/dev/shm/linux/./arch/powerpc/kernel/idle_85xx.S': File exists
cp: cannot create regular file '/dev/shm/linux/./arch/powerpc/kernel/ima_arch.c': File exists
cp: cannot create regular file '/dev/shm/linux/./arch/powerpc/kernel/interrupt_64.S': File exists
cp: cannot create regular file '/dev/shm/linux/./arch/powerpc/kernel/iommu.c': File exists
cp: cannot create regular file '/dev/shm/linux/./arch/powerpc/kernel/irq_64.c': File exists
cp: cannot create regular file '/dev/shm/linux/./arch/powerpc/kernel/isa-bridge.c': File exists
cp: cannot create regular file '/dev/shm/linux/./arch/powerpc/kernel/kdebugfs.c': File exists
cp: cannot create regular file '/dev/shm/linux/./arch/powerpc/kernel/kprobes-ftrace.c': File exists
cp: cannot create regular file '/dev/shm/linux/./arch/powerpc/kernel/kvm.c': File exists
cp: cannot create regular file '/dev/shm/linux/./arch/powerpc/kernel/l2cr_6xx.S': File exists
cp: cannot create regular file '/dev/shm/linux/./arch/powerpc/kernel/mce.c': File exists
cp: cannot create regular file '/dev/shm/linux/./arch/powerpc/kernel/misc.S': File exists
cp: cannot create regular file '/dev/shm/linux/./arch/powerpc/kernel/misc_64.S': File exists
cp: cannot create regular file '/dev/shm/linux/./arch/powerpc/kernel/module_32.c': File exists
cp: cannot create regular file '/dev/shm/linux/./arch/powerpc/kernel/msi.c': File exists
cp: cannot create regular file '/dev/shm/linux/./arch/powerpc/kernel/nvram_64.c': File exists
cp: cannot create regular file '/dev/shm/linux/./arch/powerpc/kernel/optprobes_head.S': File exists
cp: cannot create regular file '/dev/shm/linux/./arch/powerpc/kernel/pci-common.c': File exists
cp: cannot create regular file '/dev/shm/linux/./arch/powerpc/kernel/pci_64.c': File exists
cp: cannot create regular file '/dev/shm/linux/./arch/powerpc/kernel/pci_of_scan.c': File exists
cp: cannot create regular file '/dev/shm/linux/./arch/powerpc/kernel/ppc_save_regs.S': File exists
cp: cannot create regular file '/dev/shm/linux/./arch/powerpc/kernel/process.c': File exists
cp: cannot create regular file '/dev/shm/linux/./arch/powerpc/kernel/prom_entry_64.S': File exists
cp: cannot create regular file '/dev/shm/linux/./arch/powerpc/kernel/prom_init_check.sh': File exists
cp: cannot create directory '/dev/shm/linux/./arch/powerpc/kernel/ptrace': File exists
cp: cannot create regular file '/dev/shm/linux/./arch/powerpc/kernel/setup.h': File exists
cp: cannot create regular file '/dev/shm/linux/./arch/powerpc/kernel/setup_32.c': File exists
cp: cannot create regular file '/dev/shm/linux/./arch/powerpc/kernel/signal.c': File exists
cp: cannot create regular file '/dev/shm/linux/./arch/powerpc/kernel/signal.h': File exists
cp: cannot create regular file '/dev/shm/linux/./arch/powerpc/kernel/signal_64.c': File exists
cp: cannot create regular file '/dev/shm/linux/./arch/powerpc/kernel/smp.c': File exists
cp: cannot create regular file '/dev/shm/linux/./arch/powerpc/kernel/stacktrace.c': File exists
cp: cannot create regular file '/dev/shm/linux/./arch/powerpc/kernel/suspend.c': File exists
cp: cannot create regular file '/dev/shm/linux/./arch/powerpc/kernel/swsusp.c': File exists
cp: cannot create regular file '/dev/shm/linux/./arch/powerpc/kernel/swsusp_64.c': File exists
cp: cannot create regular file '/dev/shm/linux/./arch/powerpc/kernel/swsusp_asm64.S': File exists
cp: cannot create regular file '/dev/shm/linux/./arch/powerpc/kernel/syscall.c': File exists
cp: cannot create directory '/dev/shm/linux/./arch/powerpc/kernel/syscalls': File exists
cp: cannot create regular file '/dev/shm/linux/./arch/powerpc/kernel/time.c': File exists
cp: cannot create directory '/dev/shm/linux/./arch/powerpc/kernel/trace': File exists
cp: cannot create regular file '/dev/shm/linux/./arch/powerpc/kernel/vdso/Makefile': File exists
cp: cannot create regular file '/dev/shm/linux/./arch/powerpc/kernel/vdso/datapage.S': File exists
cp: cannot create regular file '/dev/shm/linux/./arch/powerpc/kernel/vdso/gen_vdso32_offsets.sh': File exists
cp: cannot create regular file '/dev/shm/linux/./arch/powerpc/kernel/vdso/getcpu.S': File exists
cp: cannot create regular file '/dev/shm/linux/./arch/powerpc/kernel/vdso/gettimeofday.S': File exists
cp: cannot create regular file '/dev/shm/linux/./arch/powerpc/kernel/vdso/sigtramp32.S': File exists
cp: cannot create regular file '/dev/shm/linux/./arch/powerpc/kernel/vdso/vdso32.lds.S': File exists
cp: cannot create regular file '/dev/shm/linux/./arch/powerpc/kernel/vdso/vgetrandom-chacha.S': File exists
cp: cannot create regular file '/dev/shm/linux/./arch/powerpc/kernel/vdso/vgettimeofday.c': File exists
cp: cannot create regular file '/dev/shm/linux/./arch/powerpc/kernel/vdso64_wrapper.S': File exists
cp: cannot create regular file '/dev/shm/linux/./arch/powerpc/kernel/vector.S': File exists
cp: cannot create regular file '/dev/shm/linux/./arch/powerpc/kernel/watchdog.c': File exists
cp: cannot create regular file '/dev/shm/linux/./arch/powerpc/kexec/Makefile': File exists
cp: cannot create regular file '/dev/shm/linux/./arch/powerpc/kexec/core_32.c': File exists
cp: cannot create regular file '/dev/shm/linux/./arch/powerpc/kexec/crash.c': File exists
cp: cannot create regular file '/dev/shm/linux/./arch/powerpc/kexec/file_load.c': File exists
cp: cannot create regular file '/dev/shm/linux/./arch/powerpc/kexec/ranges.c': File exists
cp: cannot create regular file '/dev/shm/linux/./arch/powerpc/kexec/vmcore_info.c': File exists
cp: cannot create regular file '/dev/shm/linux/./arch/powerpc/kvm/Kconfig': File exists
cp: cannot create regular file '/dev/shm/linux/./arch/powerpc/kvm/book3s.c': File exists
cp: cannot create regular file '/dev/shm/linux/./arch/powerpc/kvm/book3s_32_mmu.c': File exists
cp: cannot create regular file '/dev/shm/linux/./arch/powerpc/kvm/book3s_32_sr.S': File exists
cp: cannot create regular file '/dev/shm/linux/./arch/powerpc/kvm/book3s_64_mmu.c': File exists
cp: cannot create regular file '/dev/shm/linux/./arch/powerpc/kvm/book3s_64_mmu_hv.c': File exists
cp: cannot create regular file '/dev/shm/linux/./arch/powerpc/kvm/book3s_64_slb.S': File exists
cp: cannot create regular file '/dev/shm/linux/./arch/powerpc/kvm/book3s_emulate.c': File exists
cp: cannot create regular file '/dev/shm/linux/./arch/powerpc/kvm/book3s_hv.h': File exists
cp: cannot create regular file '/dev/shm/linux/./arch/powerpc/kvm/book3s_hv_builtin.c': File exists
cp: cannot create regular file '/dev/shm/linux/./arch/powerpc/kvm/book3s_hv_interrupts.S': File exists
cp: cannot create regular file '/dev/shm/linux/./arch/powerpc/kvm/book3s_hv_nestedv2.c': File exists
cp: cannot create regular file '/dev/shm/linux/./arch/powerpc/kvm/book3s_hv_p9_perf.c': File exists
cp: cannot create regular file '/dev/shm/linux/./arch/powerpc/kvm/book3s_hv_rm_mmu.c': File exists
cp: cannot create regular file '/dev/shm/linux/./arch/powerpc/kvm/book3s_hv_rmhandlers.S': File exists
cp: cannot create regular file '/dev/shm/linux/./arch/powerpc/kvm/book3s_hv_tm_builtin.c': File exists
cp: cannot create regular file '/dev/shm/linux/./arch/powerpc/kvm/book3s_interrupts.S': File exists
cp: cannot create regular file '/dev/shm/linux/./arch/powerpc/kvm/book3s_paired_singles.c': File exists
cp: cannot create regular file '/dev/shm/linux/./arch/powerpc/kvm/book3s_pr_papr.c': File exists
cp: cannot create regular file '/dev/shm/linux/./arch/powerpc/kvm/book3s_rtas.c': File exists
cp: cannot create regular file '/dev/shm/linux/./arch/powerpc/kvm/book3s_xics.c': File exists
cp: cannot create regular file '/dev/shm/linux/./arch/powerpc/kvm/book3s_xive.h': File exists
cp: cannot create regular file '/dev/shm/linux/./arch/powerpc/kvm/booke.c': File exists
cp: cannot create regular file '/dev/shm/linux/./arch/powerpc/kvm/booke_emulate.c': File exists
cp: cannot create regular file '/dev/shm/linux/./arch/powerpc/kvm/bookehv_interrupts.S': File exists
cp: cannot create regular file '/dev/shm/linux/./arch/powerpc/kvm/e500_emulate.c': File exists
cp: cannot create regular file '/dev/shm/linux/./arch/powerpc/kvm/e500_mmu.c': File exists
cp: cannot create regular file '/dev/shm/linux/./arch/powerpc/kvm/e500_mmu_host.h': File exists
cp: cannot create regular file '/dev/shm/linux/./arch/powerpc/kvm/emulate.c': File exists
cp: cannot create regular file '/dev/shm/linux/./arch/powerpc/kvm/fpu.S': File exists
cp: cannot create regular file '/dev/shm/linux/./arch/powerpc/kvm/guest-state-buffer.c': File exists
cp: cannot create regular file '/dev/shm/linux/./arch/powerpc/kvm/powerpc.c': File exists
cp: cannot create regular file '/dev/shm/linux/./arch/powerpc/kvm/timing.c': File exists
cp: cannot create regular file '/dev/shm/linux/./arch/powerpc/kvm/tm.S': File exists
cp: cannot create regular file '/dev/shm/linux/./arch/powerpc/kvm/trace_book3s.h': File exists
cp: cannot create regular file '/dev/shm/linux/./arch/powerpc/kvm/trace_hv.h': File exists
cp: cannot create directory '/dev/shm/linux/./arch/powerpc/lib': File exists
cp: cannot create regular file '/dev/shm/linux/./arch/powerpc/math-emu/mtfsf.c': File exists
cp: cannot create regular file '/dev/shm/linux/./arch/powerpc/math-emu/mtfsfi.c': File exists
cp: cannot create regular file '/dev/shm/linux/./arch/powerpc/math-emu/stfs.c': File exists
cp: cannot create directory '/dev/shm/linux/./arch/powerpc/mm': File exists
cp: cannot create regular file '/dev/shm/linux/./arch/powerpc/platforms/512x/mpc5121_ads_cpld.c': File exists
cp: cannot create regular file '/dev/shm/linux/./arch/powerpc/platforms/512x/mpc512x_generic.c': File exists
cp: cannot create regular file '/dev/shm/linux/./arch/powerpc/platforms/512x/mpc512x_shared.c': File exists
cp: cannot create directory '/dev/shm/linux/./arch/powerpc/platforms/52xx': File exists
cp: cannot create regular file '/dev/shm/linux/./arch/powerpc/platforms/83xx/mpc834x_itx.c': File exists
cp: cannot create regular file '/dev/shm/linux/./arch/powerpc/platforms/83xx/mpc837x_rdb.c': File exists
cp: cannot create regular file '/dev/shm/linux/./arch/powerpc/platforms/83xx/usb_831x.c': File exists
cp: cannot create regular file '/dev/shm/linux/./arch/powerpc/platforms/83xx/usb_834x.c': File exists
cp: cannot create regular file '/dev/shm/linux/./arch/powerpc/platforms/83xx/usb_837x.c': File exists
cp: cannot create directory '/dev/shm/linux/./arch/powerpc/platforms/85xx': File exists
cp: cannot create directory '/dev/shm/linux/./arch/powerpc/platforms/book3s': File exists
cp: cannot create regular file '/dev/shm/linux/./arch/powerpc/platforms/cell/spu_callbacks.c': File exists
cp: cannot create directory '/dev/shm/linux/./arch/powerpc/platforms/cell/spufs': File exists
cp: cannot create regular file '/dev/shm/linux/./arch/powerpc/platforms/fsl_uli1575.c': File exists
cp: cannot create regular file '/dev/shm/linux/./arch/powerpc/platforms/microwatt/Kconfig': File exists
cp: cannot create regular file '/dev/shm/linux/./arch/powerpc/platforms/microwatt/microwatt.h': File exists
cp: cannot create regular file '/dev/shm/linux/./arch/powerpc/platforms/microwatt/setup.c': File exists
cp: cannot create directory '/dev/shm/linux/./arch/powerpc/platforms/pasemi': File exists
cp: cannot create regular file '/dev/shm/linux/./arch/powerpc/platforms/powermac/pmac.h': File exists
cp: cannot create regular file '/dev/shm/linux/./arch/powerpc/platforms/powermac/sleep.S': File exists
cp: cannot create regular file '/dev/shm/linux/./arch/powerpc/platforms/powermac/time.c': File exists
cp: cannot create regular file '/dev/shm/linux/./arch/powerpc/platforms/powermac/udbg_scc.c': File exists
cp: cannot create directory '/dev/shm/linux/./arch/powerpc/platforms/powernv': File exists
cp: cannot create regular file '/dev/shm/linux/./arch/powerpc/platforms/pseries/papr_scm.c': File exists
cp: cannot create regular file '/dev/shm/linux/./arch/powerpc/platforms/pseries/pci_dlpar.c': File exists
cp: cannot create regular file '/dev/shm/linux/./arch/powerpc/platforms/pseries/plpks-secvar.c': File exists
cp: cannot create regular file '/dev/shm/linux/./arch/powerpc/platforms/pseries/plpks_sed_ops.c': File exists
cp: cannot create regular file '/dev/shm/linux/./arch/powerpc/platforms/pseries/power.c': File exists
cp: cannot create regular file '/dev/shm/linux/./arch/powerpc/platforms/pseries/pseries_energy.c': File exists
cp: cannot create regular file '/dev/shm/linux/./arch/powerpc/platforms/pseries/ras.c': File exists
cp: cannot create regular file '/dev/shm/linux/./arch/powerpc/platforms/pseries/rtas-fadump.h': File exists
cp: cannot create regular file '/dev/shm/linux/./arch/powerpc/platforms/pseries/smp.c': File exists
cp: cannot create regular file '/dev/shm/linux/./arch/powerpc/platforms/pseries/suspend.c': File exists
cp: cannot create regular file '/dev/shm/linux/./arch/powerpc/platforms/pseries/vas-sysfs.c': File exists
cp: cannot create regular file '/dev/shm/linux/./arch/powerpc/platforms/pseries/vas.h': File exists
cp: cannot create regular file '/dev/shm/linux/./arch/powerpc/platforms/pseries/vphn.c': File exists
cp: cannot create regular file '/dev/shm/linux/./arch/powerpc/purgatory/.gitignore': File exists
cp: cannot create regular file '/dev/shm/linux/./arch/powerpc/purgatory/Makefile': File exists
cp: cannot create directory '/dev/shm/linux/./arch/powerpc/sysdev': File exists
cp: cannot create regular file '/dev/shm/linux/./arch/riscv/boot/dts/canaan/sipeed_maix_go.dts': File exists
cp: cannot create directory '/dev/shm/linux/./arch/riscv/boot/dts/eswin': File exists
cp: cannot create regular file '/dev/shm/linux/./arch/riscv/boot/dts/microchip/mpfs-disco-kit-fabric.dtsi': File exists
cp: cannot create regular file '/dev/shm/linux/./arch/riscv/boot/dts/microchip/mpfs-icicle-kit-fabric.dtsi': File exists
cp: cannot create regular file '/dev/shm/linux/./arch/riscv/boot/dts/microchip/mpfs-icicle-kit.dts': File exists
cp: cannot create regular file '/dev/shm/linux/./arch/riscv/boot/dts/microchip/mpfs-m100pfsevp.dts': File exists
cp: cannot create regular file '/dev/shm/linux/./arch/riscv/boot/dts/microchip/mpfs-polarberry-fabric.dtsi': File exists
cp: cannot create regular file '/dev/shm/linux/./arch/riscv/boot/dts/microchip/mpfs-sev-kit.dts': File exists
cp: cannot create regular file '/dev/shm/linux/./arch/riscv/boot/dts/microchip/mpfs-tysom-m.dts': File exists
cp: cannot create regular file '/dev/shm/linux/./arch/riscv/boot/dts/microchip/pic64gx-curiosity-kit.dts': File exists
cp: cannot create regular file '/dev/shm/linux/./arch/riscv/boot/dts/microchip/pic64gx-pinctrl.dtsi': File exists
cp: cannot create directory '/dev/shm/linux/./arch/riscv/boot/dts/renesas': File exists
cp: cannot create directory '/dev/shm/linux/./arch/riscv/boot/dts/sophgo': File exists
cp: cannot create regular file '/dev/shm/linux/./arch/riscv/boot/dts/starfive/jh7110-milkv-marscm-lite.dts': File exists
cp: cannot create regular file '/dev/shm/linux/./arch/riscv/boot/dts/starfive/jh7110-orangepi-rv.dts': File exists
cp: cannot create regular file '/dev/shm/linux/./arch/riscv/boot/dts/starfive/jh7110-pine64-star64.dts': File exists
cp: cannot create regular file '/dev/shm/linux/./arch/riscv/boot/dts/starfive/jh7110-starfive-visionfive-2-lite-emmc.dts': File exists
cp: cannot create regular file '/dev/shm/linux/./arch/riscv/boot/dts/starfive/jh7110-starfive-visionfive-2-lite.dtsi': File exists
cp: cannot create regular file '/dev/shm/linux/./arch/riscv/boot/dts/starfive/jh7110-starfive-visionfive-2-v1.3b.dts': File exists
cp: cannot create regular file '/dev/shm/linux/./arch/riscv/boot/dts/starfive/jh7110.dtsi': File exists
cp: cannot create regular file '/dev/shm/linux/./arch/riscv/boot/dts/tenstorrent/Makefile': File exists
cp: cannot create regular file '/dev/shm/linux/./arch/riscv/boot/dts/tenstorrent/blackhole-card.dts': File exists
cp: cannot create directory '/dev/shm/linux/./arch/riscv/boot/dts/thead': File exists
cp: cannot create regular file '/dev/shm/linux/./arch/riscv/configs/hardening.config': File exists
cp: cannot create regular file '/dev/shm/linux/./arch/riscv/configs/nommu_k210_sdcard_defconfig': File exists
cp: cannot create directory '/dev/shm/linux/./arch/riscv/crypto': File exists
cp: cannot create regular file '/dev/shm/linux/./arch/riscv/errata/sifive/errata_cip_453.S': File exists
cp: cannot create regular file '/dev/shm/linux/./arch/riscv/errata/thead/Makefile': File exists
cp: cannot create directory '/dev/shm/linux/./arch/riscv/include': File exists
cp: cannot create directory '/dev/shm/linux/./arch/riscv/lib': File exists
cp: cannot create regular file '/dev/shm/linux/./arch/riscv/net/Makefile': File exists
cp: cannot create regular file '/dev/shm/linux/./arch/riscv/net/bpf_jit_comp32.c': File exists
cp: cannot create regular file '/dev/shm/linux/./arch/riscv/net/bpf_jit_core.c': File exists
cp: cannot create directory '/dev/shm/linux/./arch/riscv/purgatory': File exists
cp: cannot create directory '/dev/shm/linux/./arch/s390/appldata': File exists
cp: cannot create regular file '/dev/shm/linux/./arch/s390/boot/ctype.c': File exists
cp: cannot create regular file '/dev/shm/linux/./arch/s390/boot/decompressor.h': File exists
cp: cannot create regular file '/dev/shm/linux/./arch/s390/boot/ebcdic.c': File exists
cp: cannot create regular file '/dev/shm/linux/./arch/s390/boot/ipl_data.c': File exists
cp: cannot create regular file '/dev/shm/linux/./arch/s390/boot/ipl_report.c': File exists
cp: cannot create regular file '/dev/shm/linux/./arch/s390/boot/kmsan.c': File exists
cp: cannot create regular file '/dev/shm/linux/./arch/s390/boot/mem.S': File exists
cp: cannot create regular file '/dev/shm/linux/./arch/s390/boot/physmem_info.c': File exists
cp: cannot create regular file '/dev/shm/linux/./arch/s390/boot/sclp_early_core.c': File exists
cp: cannot create regular file '/dev/shm/linux/./arch/s390/boot/startup.c': File exists
cp: cannot create regular file '/dev/shm/linux/./arch/s390/boot/trampoline.S': File exists
cp: cannot create regular file '/dev/shm/linux/./arch/s390/boot/uv.h': File exists
cp: cannot create regular file '/dev/shm/linux/./arch/s390/boot/vmem.c': File exists
cp: cannot create directory '/dev/shm/linux/./arch/s390/configs': File exists
cp: cannot create regular file '/dev/shm/linux/./arch/s390/crypto/prng.c': File exists
cp: cannot create regular file '/dev/shm/linux/./arch/s390/hypfs/Makefile': File exists
cp: cannot create regular file '/dev/shm/linux/./arch/s390/hypfs/hypfs_dbfs.c': File exists
cp: cannot create regular file '/dev/shm/linux/./arch/s390/hypfs/hypfs_diag.c': File exists
cp: cannot create regular file '/dev/shm/linux/./arch/s390/hypfs/hypfs_diag0c.c': File exists
cp: cannot create regular file '/dev/shm/linux/./arch/s390/hypfs/hypfs_diag_fs.c': File exists
cp: cannot create regular file '/dev/shm/linux/./arch/s390/hypfs/hypfs_vm.c': File exists
cp: cannot create regular file '/dev/shm/linux/./arch/s390/hypfs/hypfs_vm_fs.c': File exists
cp: cannot create regular file '/dev/shm/linux/./arch/s390/hypfs/inode.c': File exists
cp: cannot create regular file '/dev/shm/linux/./arch/s390/include/asm/Kbuild': File exists
cp: cannot create regular file '/dev/shm/linux/./arch/s390/include/asm/access-regs.h': File exists
cp: cannot create regular file '/dev/shm/linux/./arch/s390/include/asm/alternative.h': File exists
cp: cannot create regular file '/dev/shm/linux/./arch/s390/include/asm/appldata.h': File exists
cp: cannot create regular file '/dev/shm/linux/./arch/s390/include/asm/arch_hweight.h': File exists
cp: cannot create regular file '/dev/shm/linux/./arch/s390/include/asm/asce.h': File exists
cp: cannot create regular file '/dev/shm/linux/./arch/s390/include/asm/asm-const.h': File exists
cp: cannot create regular file '/dev/shm/linux/./arch/s390/include/asm/asm-prototypes.h': File exists
cp: cannot create regular file '/dev/shm/linux/./arch/s390/include/asm/asm.h': File exists
cp: cannot create regular file '/dev/shm/linux/./arch/s390/include/asm/atomic.h': File exists
cp: cannot create regular file '/dev/shm/linux/./arch/s390/include/asm/barrier.h': File exists
cp: cannot create regular file '/dev/shm/linux/./arch/s390/include/asm/boot_data.h': File exists
cp: cannot create regular file '/dev/shm/linux/./arch/s390/include/asm/cache.h': File exists
cp: cannot create regular file '/dev/shm/linux/./arch/s390/include/asm/ccwdev.h': File exists
cp: cannot create regular file '/dev/shm/linux/./arch/s390/include/asm/checksum.h': File exists
cp: cannot create regular file '/dev/shm/linux/./arch/s390/include/asm/chsc.h': File exists
cp: cannot create regular file '/dev/shm/linux/./arch/s390/include/asm/clocksource.h': File exists
cp: cannot create regular file '/dev/shm/linux/./arch/s390/include/asm/cmb.h': File exists
cp: cannot create regular file '/dev/shm/linux/./arch/s390/include/asm/cmpxchg.h': File exists
cp: cannot create regular file '/dev/shm/linux/./arch/s390/include/asm/cpcmd.h': File exists
cp: cannot create regular file '/dev/shm/linux/./arch/s390/include/asm/cpu_mf-insn.h': File exists
cp: cannot create regular file '/dev/shm/linux/./arch/s390/include/asm/cpufeature.h': File exists
cp: cannot create regular file '/dev/shm/linux/./arch/s390/include/asm/crw.h': File exists
cp: cannot create regular file '/dev/shm/linux/./arch/s390/include/asm/ctlreg.h': File exists
cp: cannot create regular file '/dev/shm/linux/./arch/s390/include/asm/dat-bits.h': File exists
cp: cannot create regular file '/dev/shm/linux/./arch/s390/include/asm/diag.h': File exists
cp: cannot create regular file '/dev/shm/linux/./arch/s390/include/asm/dma-types.h': File exists
cp: cannot create regular file '/dev/shm/linux/./arch/s390/include/asm/dwarf.h': File exists
cp: cannot create regular file '/dev/shm/linux/./arch/s390/include/asm/ebcdic.h': File exists
cp: cannot create regular file '/dev/shm/linux/./arch/s390/include/asm/entry-common.h': File exists
cp: cannot create regular file '/dev/shm/linux/./arch/s390/include/asm/extable.h': File exists
cp: cannot create regular file '/dev/shm/linux/./arch/s390/include/asm/facility.h': File exists
cp: cannot create regular file '/dev/shm/linux/./arch/s390/include/asm/fault.h': File exists
cp: cannot create regular file '/dev/shm/linux/./arch/s390/include/asm/fcx.h': File exists
cp: cannot create regular file '/dev/shm/linux/./arch/s390/include/asm/fpu-insn-asm.h': File exists
cp: cannot create regular file '/dev/shm/linux/./arch/s390/include/asm/fpu.h': File exists
cp: cannot create regular file '/dev/shm/linux/./arch/s390/include/asm/ftrace.lds.h': File exists
cp: cannot create regular file '/dev/shm/linux/./arch/s390/include/asm/gmap_helpers.h': File exists
cp: cannot create regular file '/dev/shm/linux/./arch/s390/include/asm/hiperdispatch.h': File exists
cp: cannot create regular file '/dev/shm/linux/./arch/s390/include/asm/idals.h': File exists
cp: cannot create regular file '/dev/shm/linux/./arch/s390/include/asm/io.h': File exists
cp: cannot create regular file '/dev/shm/linux/./arch/s390/include/asm/irq.h': File exists
cp: cannot create regular file '/dev/shm/linux/./arch/s390/include/asm/isc.h': File exists
cp: cannot create regular file '/dev/shm/linux/./arch/s390/include/asm/jump_label.h': File exists
cp: cannot create regular file '/dev/shm/linux/./arch/s390/include/asm/kdebug.h': File exists
cp: cannot create regular file '/dev/shm/linux/./arch/s390/include/asm/kfence.h': File exists
cp: cannot create regular file '/dev/shm/linux/./arch/s390/include/asm/kprobes.h': File exists
cp: cannot create regular file '/dev/shm/linux/./arch/s390/include/asm/kvm_host_types.h': File exists
cp: cannot create regular file '/dev/shm/linux/./arch/s390/include/asm/linkage.h': File exists
cp: cannot create regular file '/dev/shm/linux/./arch/s390/include/asm/lowcore.h': File exists
cp: cannot create regular file '/dev/shm/linux/./arch/s390/include/asm/march.h': File exists
cp: cannot create regular file '/dev/shm/linux/./arch/s390/include/asm/mmu.h': File exists
cp: cannot create regular file '/dev/shm/linux/./arch/s390/include/asm/module.h': File exists
cp: cannot create regular file '/dev/shm/linux/./arch/s390/include/asm/nmi.h': File exists
cp: cannot create regular file '/dev/shm/linux/./arch/s390/include/asm/nospec-branch.h': File exists
cp: cannot create regular file '/dev/shm/linux/./arch/s390/include/asm/nospec-insn.h': File exists
cp: cannot create regular file '/dev/shm/linux/./arch/s390/include/asm/os_info.h': File exists
cp: cannot create regular file '/dev/shm/linux/./arch/s390/include/asm/pai.h': File exists
cp: cannot create regular file '/dev/shm/linux/./arch/s390/include/asm/pci_clp.h': File exists
cp: cannot create regular file '/dev/shm/linux/./arch/s390/include/asm/pci_dma.h': File exists
cp: cannot create regular file '/dev/shm/linux/./arch/s390/include/asm/pci_io.h': File exists
cp: cannot create regular file '/dev/shm/linux/./arch/s390/include/asm/perf_event.h': File exists
cp: cannot create regular file '/dev/shm/linux/./arch/s390/include/asm/pgalloc.h': File exists
cp: cannot create regular file '/dev/shm/linux/./arch/s390/include/asm/physmem_info.h': File exists
cp: cannot create regular file '/dev/shm/linux/./arch/s390/include/asm/pnet.h': File exists
cp: cannot create regular file '/dev/shm/linux/./arch/s390/include/asm/preempt.h': File exists
cp: cannot create regular file '/dev/shm/linux/./arch/s390/include/asm/ptrace.h': File exists
cp: cannot create regular file '/dev/shm/linux/./arch/s390/include/asm/qdio.h': File exists
cp: cannot create regular file '/dev/shm/linux/./arch/s390/include/asm/runtime_instr.h': File exists
cp: cannot create regular file '/dev/shm/linux/./arch/s390/include/asm/schid.h': File exists
cp: cannot create regular file '/dev/shm/linux/./arch/s390/include/asm/scsw.h': File exists
cp: cannot create regular file '/dev/shm/linux/./arch/s390/include/asm/sections.h': File exists
cp: cannot create regular file '/dev/shm/linux/./arch/s390/include/asm/set_memory.h': File exists
cp: cannot create regular file '/dev/shm/linux/./arch/s390/include/asm/skey.h': File exists
cp: cannot create regular file '/dev/shm/linux/./arch/s390/include/asm/softirq_stack.h': File exists
cp: cannot create regular file '/dev/shm/linux/./arch/s390/include/asm/spinlock.h': File exists
cp: cannot create regular file '/dev/shm/linux/./arch/s390/include/asm/stackprotector.h': File exists
cp: cannot create regular file '/dev/shm/linux/./arch/s390/include/asm/stp.h': File exists
cp: cannot create regular file '/dev/shm/linux/./arch/s390/include/asm/syscall.h': File exists
cp: cannot create regular file '/dev/shm/linux/./arch/s390/include/asm/syscall_wrapper.h': File exists
cp: cannot create regular file '/dev/shm/linux/./arch/s390/include/asm/text-patching.h': File exists
cp: cannot create regular file '/dev/shm/linux/./arch/s390/include/asm/thread_info.h': File exists
cp: cannot create regular file '/dev/shm/linux/./arch/s390/include/asm/tlb.h': File exists
cp: cannot create regular file '/dev/shm/linux/./arch/s390/include/asm/tpi.h': File exists
cp: cannot create regular file '/dev/shm/linux/./arch/s390/include/asm/trace/ap.h': File exists
cp: cannot create regular file '/dev/shm/linux/./arch/s390/include/asm/trace/hiperdispatch.h': File exists
cp: cannot create regular file '/dev/shm/linux/./arch/s390/include/asm/types.h': File exists
cp: cannot create regular file '/dev/shm/linux/./arch/s390/include/asm/unistd.h': File exists
cp: cannot create regular file '/dev/shm/linux/./arch/s390/include/asm/uprobes.h': File exists
cp: cannot create regular file '/dev/shm/linux/./arch/s390/include/asm/user.h': File exists
cp: cannot create regular file '/dev/shm/linux/./arch/s390/include/asm/vdso-symbols.h': File exists
cp: cannot create regular file '/dev/shm/linux/./arch/s390/include/asm/vmalloc.h': File exists
cp: cannot create regular file '/dev/shm/linux/./arch/s390/include/asm/vmlinux.lds.h': File exists
cp: cannot create regular file '/dev/shm/linux/./arch/s390/include/asm/vtime.h': File exists
cp: cannot create regular file '/dev/shm/linux/./arch/s390/include/asm/vtimer.h': File exists
cp: cannot create regular file '/dev/shm/linux/./arch/s390/include/asm/word-at-a-time.h': File exists
cp: cannot create directory '/dev/shm/linux/./arch/s390/include/uapi': File exists
cp: cannot create regular file '/dev/shm/linux/./arch/s390/kernel/kexec_image.c': File exists
cp: cannot create regular file '/dev/shm/linux/./arch/s390/kernel/lgr.c': File exists
cp: cannot create regular file '/dev/shm/linux/./arch/s390/kernel/machine_kexec_file.c': File exists
cp: cannot create regular file '/dev/shm/linux/./arch/s390/kernel/mcount.S': File exists
cp: cannot create regular file '/dev/shm/linux/./arch/s390/kernel/nmi.c': File exists
cp: cannot create regular file '/dev/shm/linux/./arch/s390/kernel/nospec-branch.c': File exists
cp: cannot create regular file '/dev/shm/linux/./arch/s390/kernel/os_info.c': File exists
cp: cannot create regular file '/dev/shm/linux/./arch/s390/kernel/perf_cpum_cf_events.c': File exists
cp: cannot create regular file '/dev/shm/linux/./arch/s390/kernel/perf_event.c': File exists
cp: cannot create regular file '/dev/shm/linux/./arch/s390/kernel/perf_regs.c': File exists
cp: cannot create regular file '/dev/shm/linux/./arch/s390/kernel/process.c': File exists
cp: cannot create regular file '/dev/shm/linux/./arch/s390/kernel/ptrace.c': File exists
cp: cannot create regular file '/dev/shm/linux/./arch/s390/kernel/relocate_kernel.S': File exists
cp: cannot create regular file '/dev/shm/linux/./arch/s390/kernel/rethook.h': File exists
cp: cannot create regular file '/dev/shm/linux/./arch/s390/kernel/setup.c': File exists
cp: cannot create regular file '/dev/shm/linux/./arch/s390/kernel/skey.c': File exists
cp: cannot create regular file '/dev/shm/linux/./arch/s390/kernel/stackprotector.c': File exists
cp: cannot create regular file '/dev/shm/linux/./arch/s390/kernel/sthyi.c': File exists
cp: cannot create regular file '/dev/shm/linux/./arch/s390/kernel/sysinfo.c': File exists
cp: cannot create regular file '/dev/shm/linux/./arch/s390/kernel/text_amode31.S': File exists
cp: cannot create regular file '/dev/shm/linux/./arch/s390/kernel/time.c': File exists
cp: cannot create regular file '/dev/shm/linux/./arch/s390/kernel/topology.c': File exists
cp: cannot create regular file '/dev/shm/linux/./arch/s390/kernel/unwind_bc.c': File exists
cp: cannot create regular file '/dev/shm/linux/./arch/s390/kernel/uv.c': File exists
cp: cannot create directory '/dev/shm/linux/./arch/s390/kernel/vdso': File exists
cp: cannot create regular file '/dev/shm/linux/./arch/s390/kvm/gaccess.h': File exists
cp: cannot create regular file '/dev/shm/linux/./arch/s390/kvm/gmap.h': File exists
cp: cannot create regular file '/dev/shm/linux/./arch/s390/kvm/intercept.c': File exists
cp: cannot create regular file '/dev/shm/linux/./arch/s390/kvm/kvm-s390.c': File exists
cp: cannot create regular file '/dev/shm/linux/./arch/s390/kvm/pci.c': File exists
cp: cannot create regular file '/dev/shm/linux/./arch/s390/kvm/priv.c': File exists
cp: cannot create regular file '/dev/shm/linux/./arch/s390/kvm/sigp.c': File exists
cp: cannot create regular file '/dev/shm/linux/./arch/s390/kvm/trace.h': File exists
cp: cannot create directory '/dev/shm/linux/./arch/s390/lib': File exists
cp: cannot create directory '/dev/shm/linux/./arch/s390/net': File exists
cp: cannot create regular file '/dev/shm/linux/./arch/s390/pci/pci_clp.c': File exists
cp: cannot create regular file '/dev/shm/linux/./arch/s390/pci/pci_event.c': File exists
cp: cannot create regular file '/dev/shm/linux/./arch/s390/pci/pci_insn.c': File exists
cp: cannot create regular file '/dev/shm/linux/./arch/s390/pci/pci_mmio.c': File exists
cp: cannot create regular file '/dev/shm/linux/./arch/s390/pci/pci_report.h': File exists
cp: cannot create directory '/dev/shm/linux/./arch/s390/purgatory': File exists
cp: cannot create directory '/dev/shm/linux/./arch/sh': File exists
cp: cannot create regular file '/dev/shm/linux/./arch/um/kernel/trap.c': File exists
cp: cannot create regular file '/dev/shm/linux/./arch/um/kernel/um_arch.h': File exists
cp: cannot create regular file '/dev/shm/linux/./arch/um/kernel/uml.lds.S': File exists
cp: cannot create directory '/dev/shm/linux/./arch/um/os-Linux': File exists
cp: cannot create regular file '/dev/shm/linux/./arch/x86/boot/compressed/cmdline.c': File exists
cp: cannot create regular file '/dev/shm/linux/./arch/x86/boot/compressed/early_serial_console.c': File exists
cp: cannot create regular file '/dev/shm/linux/./arch/x86/boot/compressed/efi.h': File exists
cp: cannot create regular file '/dev/shm/linux/./arch/x86/boot/compressed/error.h': File exists
cp: cannot create regular file '/dev/shm/linux/./arch/x86/boot/compressed/head_64.S': File exists
cp: cannot create regular file '/dev/shm/linux/./arch/x86/boot/compressed/idt_64.c': File exists
cp: cannot create regular file '/dev/shm/linux/./arch/x86/boot/compressed/kaslr.c': File exists
cp: cannot create regular file '/dev/shm/linux/./arch/x86/boot/compressed/mem.c': File exists
cp: cannot create regular file '/dev/shm/linux/./arch/x86/boot/compressed/misc.c': File exists
cp: cannot create regular file '/dev/shm/linux/./arch/x86/boot/compressed/misc.h': File exists
cp: cannot create regular file '/dev/shm/linux/./arch/x86/boot/compressed/pgtable_64.c': File exists
cp: cannot create regular file '/dev/shm/linux/./arch/x86/boot/compressed/sev.c': File exists
cp: cannot create regular file '/dev/shm/linux/./arch/x86/boot/compressed/string.c': File exists
cp: cannot create regular file '/dev/shm/linux/./arch/x86/boot/compressed/tdx.h': File exists
cp: cannot create regular file '/dev/shm/linux/./arch/x86/boot/copy.S': File exists
cp: cannot create regular file '/dev/shm/linux/./arch/x86/boot/cpu.c': File exists
cp: cannot create regular file '/dev/shm/linux/./arch/x86/boot/cpucheck.c': File exists
cp: cannot create regular file '/dev/shm/linux/./arch/x86/boot/cpuflags.h': File exists
cp: cannot create regular file '/dev/shm/linux/./arch/x86/boot/early_serial_console.c': File exists
cp: cannot create regular file '/dev/shm/linux/./arch/x86/boot/edd.c': File exists
cp: cannot create regular file '/dev/shm/linux/./arch/x86/boot/header.S': File exists
cp: cannot create regular file '/dev/shm/linux/./arch/x86/boot/main.c': File exists
cp: cannot create regular file '/dev/shm/linux/./arch/x86/boot/mkcpustr.c': File exists
cp: cannot create regular file '/dev/shm/linux/./arch/x86/boot/pm.c': File exists
cp: cannot create regular file '/dev/shm/linux/./arch/x86/boot/printf.c': File exists
cp: cannot create regular file '/dev/shm/linux/./arch/x86/boot/setup.ld': File exists
cp: cannot create regular file '/dev/shm/linux/./arch/x86/boot/string.c': File exists
cp: cannot create regular file '/dev/shm/linux/./arch/x86/boot/string.h': File exists
cp: cannot create regular file '/dev/shm/linux/./arch/x86/boot/tty.c': File exists
cp: cannot create regular file '/dev/shm/linux/./arch/x86/boot/version.c': File exists
cp: cannot create regular file '/dev/shm/linux/./arch/x86/boot/vesa.h': File exists
cp: cannot create regular file '/dev/shm/linux/./arch/x86/boot/video-bios.c': File exists
cp: cannot create regular file '/dev/shm/linux/./arch/x86/boot/video-mode.c': File exists
cp: cannot create regular file '/dev/shm/linux/./arch/x86/boot/video-vesa.c': File exists
cp: cannot create regular file '/dev/shm/linux/./arch/x86/boot/video-vga.c': File exists
cp: cannot create regular file '/dev/shm/linux/./arch/x86/boot/video.c': File exists
cp: cannot create regular file '/dev/shm/linux/./arch/x86/boot/video.h': File exists
cp: cannot create directory '/dev/shm/linux/./arch/x86/coco': File exists
cp: cannot create regular file '/dev/shm/linux/./arch/x86/crypto/aesni-intel_asm.S': File exists
cp: cannot create regular file '/dev/shm/linux/./arch/x86/crypto/aria-aesni-avx-asm_64.S': File exists
cp: cannot create regular file '/dev/shm/linux/./arch/x86/crypto/aria-avx.h': File exists
cp: cannot create regular file '/dev/shm/linux/./arch/x86/crypto/aria-gfni-avx512-asm_64.S': File exists
cp: cannot create regular file '/dev/shm/linux/./arch/x86/crypto/aria_gfni_avx512_glue.c': File exists
cp: cannot create regular file '/dev/shm/linux/./arch/x86/crypto/blowfish_glue.c': File exists
cp: cannot create regular file '/dev/shm/linux/./arch/x86/crypto/camellia-aesni-avx2-asm_64.S': File exists
cp: cannot create regular file '/dev/shm/linux/./arch/x86/crypto/camellia.h': File exists
cp: cannot create regular file '/dev/shm/linux/./arch/x86/crypto/camellia_aesni_avx_glue.c': File exists
cp: cannot create regular file '/dev/shm/linux/./arch/x86/crypto/cast5-avx-x86_64-asm_64.S': File exists
cp: cannot create regular file '/dev/shm/linux/./arch/x86/crypto/cast6-avx-x86_64-asm_64.S': File exists
cp: cannot create regular file '/dev/shm/linux/./arch/x86/crypto/glue_helper-asm-avx.S': File exists
cp: cannot create regular file '/dev/shm/linux/./arch/x86/crypto/serpent-avx2-asm_64.S': File exists
cp: cannot create regular file '/dev/shm/linux/./arch/x86/crypto/serpent_avx2_glue.c': File exists
cp: cannot create regular file '/dev/shm/linux/./arch/x86/crypto/serpent_sse2_glue.c': File exists
cp: cannot create regular file '/dev/shm/linux/./arch/x86/crypto/sm4-aesni-avx2-asm_64.S': File exists
cp: cannot create regular file '/dev/shm/linux/./arch/x86/crypto/sm4_aesni_avx2_glue.c': File exists
cp: cannot create regular file '/dev/shm/linux/./arch/x86/crypto/twofish-avx-x86_64-asm_64.S': File exists
cp: cannot create regular file '/dev/shm/linux/./arch/x86/crypto/twofish-x86_64-asm_64-3way.S': File exists
cp: cannot create regular file '/dev/shm/linux/./arch/x86/crypto/twofish.h': File exists
cp: cannot create regular file '/dev/shm/linux/./arch/x86/crypto/twofish_glue.c': File exists
cp: cannot create directory '/dev/shm/linux/./arch/x86/entry': File exists
cp: cannot create regular file '/dev/shm/linux/./arch/x86/hyperv/hv_trampoline.S': File exists
cp: cannot create regular file '/dev/shm/linux/./arch/x86/hyperv/irqdomain.c': File exists
cp: cannot create regular file '/dev/shm/linux/./arch/x86/hyperv/mmu.c': File exists
cp: cannot create regular file '/dev/shm/linux/./arch/x86/hyperv/nested.c': File exists
cp: cannot create directory '/dev/shm/linux/./arch/x86/include': File exists
cp: cannot create regular file '/dev/shm/linux/./arch/x86/lib/msr-reg.S': File exists
cp: cannot create regular file '/dev/shm/linux/./arch/x86/lib/msr.c': File exists
cp: cannot create regular file '/dev/shm/linux/./arch/x86/lib/putuser.S': File exists
cp: cannot create regular file '/dev/shm/linux/./arch/x86/lib/string_32.c': File exists
cp: cannot create regular file '/dev/shm/linux/./arch/x86/lib/usercopy.c': File exists
cp: cannot create regular file '/dev/shm/linux/./arch/x86/lib/usercopy_64.c': File exists
cp: cannot create directory '/dev/shm/linux/./arch/x86/math-emu': File exists
cp: cannot create directory '/dev/shm/linux/./arch/x86/pci': File exists
cp: cannot create regular file '/dev/shm/linux/./arch/x86/platform/geode/alix.c': File exists
cp: cannot create regular file '/dev/shm/linux/./arch/x86/platform/geode/geode-common.c': File exists
cp: cannot create regular file '/dev/shm/linux/./arch/x86/platform/geode/net5501.c': File exists
cp: cannot create directory '/dev/shm/linux/./arch/x86/platform/intel-quark': File exists
cp: cannot create regular file '/dev/shm/linux/./arch/x86/platform/intel/Makefile': File exists
cp: cannot create directory '/dev/shm/linux/./arch/x86/platform/iris': File exists
cp: cannot create regular file '/dev/shm/linux/./arch/x86/platform/olpc/olpc-xo1-rtc.c': File exists
cp: cannot create regular file '/dev/shm/linux/./arch/x86/platform/olpc/olpc-xo15-sci.c': File exists
cp: cannot create regular file '/dev/shm/linux/./arch/x86/platform/olpc/olpc_dt.c': File exists
cp: cannot create directory '/dev/shm/linux/./arch/x86/platform/pvh': File exists
cp: cannot create regular file '/dev/shm/linux/./arch/x86/platform/ts5500/ts5500.c': File exists
cp: cannot create directory '/dev/shm/linux/./arch/x86/power': File exists
cp: cannot create regular file '/dev/shm/linux/./arch/x86/purgatory/Makefile': File exists
cp: cannot create regular file '/dev/shm/linux/./arch/x86/purgatory/purgatory.c': File exists
cp: cannot create regular file '/dev/shm/linux/./arch/x86/purgatory/stack.S': File exists
cp: cannot create directory '/dev/shm/linux/./arch/x86/realmode': File exists
cp: cannot create regular file '/dev/shm/linux/./arch/x86/um/asm/checksum_64.h': File exists
cp: cannot create regular file '/dev/shm/linux/./arch/x86/um/asm/desc.h': File exists
cp: cannot create regular file '/dev/shm/linux/./arch/x86/um/asm/irq_vectors.h': File exists
cp: cannot create regular file '/dev/shm/linux/./arch/x86/um/asm/processor.h': File exists
cp: cannot create regular file '/dev/shm/linux/./arch/x86/um/asm/processor_64.h': File exists
cp: cannot create regular file '/dev/shm/linux/./arch/x86/um/asm/required-features.h': File exists
cp: cannot create regular file '/dev/shm/linux/./arch/x86/um/asm/spinlock.h': File exists
cp: cannot create regular file '/dev/shm/linux/./arch/x86/um/asm/vm-flags.h': File exists
cp: cannot create regular file '/dev/shm/linux/./arch/x86/um/bugs_64.c': File exists
cp: cannot create regular file '/dev/shm/linux/./arch/x86/um/fault.c': File exists
cp: cannot create directory '/dev/shm/linux/./arch/x86/um/os-Linux': File exists
cp: cannot create directory '/dev/shm/linux/./arch/x86/um/shared': File exists
cp: cannot create regular file '/dev/shm/linux/./arch/x86/um/vdso/vma.c': File exists
cp: cannot create directory '/dev/shm/linux/./arch/x86/virt': File exists
cp: cannot create regular file '/dev/shm/linux/./arch/x86/xen/mmu_pv.c': File exists
cp: cannot create regular file '/dev/shm/linux/./arch/x86/xen/p2m.c': File exists
cp: cannot create regular file '/dev/shm/linux/./arch/x86/xen/pmu.c': File exists
cp: cannot create regular file '/dev/shm/linux/./arch/x86/xen/smp.c': File exists
cp: cannot create regular file '/dev/shm/linux/./arch/x86/xen/smp_pv.c': File exists
cp: cannot create regular file '/dev/shm/linux/./arch/x86/xen/suspend.c': File exists
cp: cannot create regular file '/dev/shm/linux/./arch/x86/xen/suspend_hvm.c': File exists
cp: cannot create regular file '/dev/shm/linux/./arch/x86/xen/suspend_pv.c': File exists
cp: cannot create regular file '/dev/shm/linux/./arch/x86/xen/trace.c': File exists
cp: cannot create regular file '/dev/shm/linux/./arch/x86/xen/xen-head.S': File exists
cp: cannot create directory '/dev/shm/linux/./arch/xtensa': File exists
cp: cannot create regular file '/dev/shm/linux/./crypto/rng.c': File exists
cp: cannot create regular file '/dev/shm/linux/./crypto/rsa.c': File exists
cp: cannot create regular file '/dev/shm/linux/./crypto/rsa_helper.c': File exists
cp: cannot create regular file '/dev/shm/linux/./crypto/rsapubkey.asn1': File exists
cp: cannot create regular file '/dev/shm/linux/./crypto/scatterwalk.c': File exists
cp: cannot create regular file '/dev/shm/linux/./crypto/scompress.c': File exists
cp: cannot create regular file '/dev/shm/linux/./crypto/seqiv.c': File exists
cp: cannot create regular file '/dev/shm/linux/./crypto/sha1.c': File exists
cp: cannot create regular file '/dev/shm/linux/./crypto/sha256.c': File exists
cp: cannot create regular file '/dev/shm/linux/./crypto/sha512.c': File exists
cp: cannot create regular file '/dev/shm/linux/./crypto/sig.c': File exists
cp: cannot create regular file '/dev/shm/linux/./crypto/skcipher.c': File exists
cp: cannot create regular file '/dev/shm/linux/./crypto/sm3.c': File exists
cp: cannot create regular file '/dev/shm/linux/./crypto/sm4_generic.c': File exists
cp: cannot create regular file '/dev/shm/linux/./crypto/tcrypt.c': File exists
cp: cannot create regular file '/dev/shm/linux/./crypto/testmgr.c': File exists
cp: cannot create regular file '/dev/shm/linux/./crypto/twofish_common.c': File exists
cp: cannot create regular file '/dev/shm/linux/./crypto/twofish_generic.c': File exists
cp: cannot create regular file '/dev/shm/linux/./crypto/wp512.c': File exists
cp: cannot create regular file '/dev/shm/linux/./crypto/xctr.c': File exists
cp: cannot create regular file '/dev/shm/linux/./crypto/xxhash_generic.c': File exists
cp: cannot create regular file '/dev/shm/linux/./drivers/Makefile': File exists
cp: cannot create regular file '/dev/shm/linux/./drivers/ata/sata_svw.c': File exists
cp: cannot create regular file '/dev/shm/linux/./drivers/ata/sata_uli.c': File exists
cp: cannot create regular file '/dev/shm/linux/./drivers/ata/sata_vsc.c': File exists
cp: cannot create regular file '/dev/shm/linux/./drivers/atm/Makefile': File exists
cp: cannot create regular file '/dev/shm/linux/./drivers/atm/solos-pci.c': File exists
cp: cannot create regular file '/dev/shm/linux/./drivers/base/devtmpfs.c': File exists
cp: cannot create regular file '/dev/shm/linux/./drivers/base/firmware.c': File exists
cp: cannot create regular file '/dev/shm/linux/./drivers/base/power/generic_ops.c': File exists
cp: cannot create regular file '/dev/shm/linux/./drivers/base/power/qos.c': File exists
cp: cannot create regular file '/dev/shm/linux/./drivers/base/power/runtime.c': File exists
cp: cannot create regular file '/dev/shm/linux/./drivers/base/power/trace.c': File exists
cp: cannot create regular file '/dev/shm/linux/./drivers/base/power/wakeup.c': File exists
cp: cannot create regular file '/dev/shm/linux/./drivers/base/property.c': File exists
cp: cannot create regular file '/dev/shm/linux/./drivers/bcma/driver_pci_host.c': File exists
cp: cannot create regular file '/dev/shm/linux/./drivers/bcma/host_pci.c': File exists
cp: cannot create regular file '/dev/shm/linux/./drivers/bcma/main.c': File exists
cp: cannot create regular file '/dev/shm/linux/./drivers/bcma/scan.h': File exists
cp: cannot create regular file '/dev/shm/linux/./drivers/bcma/sprom.c': File exists
cp: cannot create regular file '/dev/shm/linux/./drivers/bus/sunxi-rsb.c': File exists
cp: cannot create regular file '/dev/shm/linux/./drivers/bus/tegra-gmi.c': File exists
cp: cannot create regular file '/dev/shm/linux/./drivers/bus/ti-pwmss.c': File exists
cp: cannot create regular file '/dev/shm/linux/./drivers/bus/vexpress-config.c': File exists
cp: cannot create regular file '/dev/shm/linux/./drivers/cdx/cdx.h': File exists
cp: cannot create regular file '/dev/shm/linux/./drivers/cdx/cdx_msi.c': File exists
cp: cannot create regular file '/dev/shm/linux/./drivers/char/agp/ati-agp.c': File exists
cp: cannot create regular file '/dev/shm/linux/./drivers/char/agp/generic.c': File exists
cp: cannot create regular file '/dev/shm/linux/./drivers/char/agp/intel-agp.h': File exists
cp: cannot create regular file '/dev/shm/linux/./drivers/char/agp/intel-gtt.c': File exists
cp: cannot create regular file '/dev/shm/linux/./drivers/char/agp/nvidia-agp.c': File exists
cp: cannot create regular file '/dev/shm/linux/./drivers/char/agp/sis-agp.c': File exists
cp: cannot create regular file '/dev/shm/linux/./drivers/char/agp/uninorth-agp.c': File exists
cp: cannot create regular file '/dev/shm/linux/./drivers/char/apm-emulation.c': File exists
cp: cannot create regular file '/dev/shm/linux/./drivers/char/bsr.c': File exists
cp: cannot create regular file '/dev/shm/linux/./drivers/char/dsp56k.c': File exists
cp: cannot create regular file '/dev/shm/linux/./drivers/char/hangcheck-timer.c': File exists
cp: cannot create regular file '/dev/shm/linux/./drivers/char/hw_random/Makefile': File exists
cp: cannot create regular file '/dev/shm/linux/./drivers/char/hw_random/amd-rng.c': File exists
cp: cannot create regular file '/dev/shm/linux/./drivers/char/hw_random/ba431-rng.c': File exists
cp: cannot create regular file '/dev/shm/linux/./drivers/char/hw_random/bcm74110-rng.c': File exists
cp: cannot create regular file '/dev/shm/linux/./drivers/char/hw_random/cavium-rng.c': File exists
cp: cannot create regular file '/dev/shm/linux/./drivers/char/hw_random/cctrng.c': File exists
cp: cannot create regular file '/dev/shm/linux/./drivers/char/hw_random/cn10k-rng.c': File exists
cp: cannot create regular file '/dev/shm/linux/./drivers/char/hw_random/core.c': File exists
cp: cannot create regular file '/dev/shm/linux/./drivers/char/hw_random/geode-rng.c': File exists
cp: cannot create regular file '/dev/shm/linux/./drivers/char/hw_random/imx-rngc.c': File exists
cp: cannot create regular file '/dev/shm/linux/./drivers/char/hw_random/ingenic-trng.c': File exists
cp: cannot create regular file '/dev/shm/linux/./drivers/char/hw_random/iproc-rng200.c': File exists
cp: cannot create regular file '/dev/shm/linux/./drivers/char/hw_random/jh7110-trng.c': File exists
cp: cannot create regular file '/dev/shm/linux/./drivers/char/hw_random/meson-rng.c': File exists
cp: cannot create regular file '/dev/shm/linux/./drivers/char/hw_random/mtk-rng.c': File exists
cp: cannot create regular file '/dev/shm/linux/./drivers/char/hw_random/n2-asm.S': File exists
cp: cannot create regular file '/dev/shm/linux/./drivers/char/hw_random/n2rng.h': File exists
cp: cannot create regular file '/dev/shm/linux/./drivers/char/hw_random/npcm-rng.c': File exists
cp: cannot create regular file '/dev/shm/linux/./drivers/char/hw_random/omap-rng.c': File exists
cp: cannot create regular file '/dev/shm/linux/./drivers/char/hw_random/optee-rng.c': File exists
cp: cannot create regular file '/dev/shm/linux/./drivers/char/hw_random/pic32-rng.c': File exists
cp: cannot create regular file '/dev/shm/linux/./drivers/char/hw_random/rockchip-rng.c': File exists
cp: cannot create regular file '/dev/shm/linux/./drivers/char/hw_random/st-rng.c': File exists
cp: cannot create regular file '/dev/shm/linux/./drivers/char/hw_random/timeriomem-rng.c': File exists
cp: cannot create regular file '/dev/shm/linux/./drivers/char/hw_random/virtio-rng.c': File exists
cp: cannot create regular file '/dev/shm/linux/./drivers/char/hw_random/xiphera-trng.c': File exists
cp: cannot create directory '/dev/shm/linux/./drivers/char/ipmi': File exists
cp: cannot create regular file '/dev/shm/linux/./drivers/clk/actions/owl-factor.h': File exists
cp: cannot create regular file '/dev/shm/linux/./drivers/clk/actions/owl-gate.c': File exists
cp: cannot create regular file '/dev/shm/linux/./drivers/clk/actions/owl-mux.c': File exists
cp: cannot create regular file '/dev/shm/linux/./drivers/clk/actions/owl-pll.c': File exists
cp: cannot create regular file '/dev/shm/linux/./drivers/clk/actions/owl-reset.c': File exists
cp: cannot create regular file '/dev/shm/linux/./drivers/clk/actions/owl-reset.h': File exists
cp: cannot create regular file '/dev/shm/linux/./drivers/clk/actions/owl-s700.c': File exists
cp: cannot create regular file '/dev/shm/linux/./drivers/clk/analogbits/wrpll-cln28hpc.c': File exists
cp: cannot create regular file '/dev/shm/linux/./drivers/clk/at91/clk-audio-pll.c': File exists
cp: cannot create regular file '/dev/shm/linux/./drivers/clk/at91/clk-h32mx.c': File exists
cp: cannot create regular file '/dev/shm/linux/./drivers/clk/at91/clk-main.c': File exists
cp: cannot create regular file '/dev/shm/linux/./drivers/clk/at91/clk-peripheral.c': File exists
cp: cannot create regular file '/dev/shm/linux/./drivers/clk/at91/clk-plldiv.c': File exists
cp: cannot create regular file '/dev/shm/linux/./drivers/clk/at91/clk-sam9x60-pll.c': File exists
cp: cannot create regular file '/dev/shm/linux/./drivers/clk/at91/clk-slow.c': File exists
cp: cannot create regular file '/dev/shm/linux/./drivers/clk/at91/clk-system.c': File exists
cp: cannot create regular file '/dev/shm/linux/./drivers/clk/at91/clk-utmi.c': File exists
cp: cannot create regular file '/dev/shm/linux/./drivers/clk/at91/dt-compat.c': File exists
cp: cannot create regular file '/dev/shm/linux/./drivers/clk/at91/pmc.h': File exists
cp: cannot create regular file '/dev/shm/linux/./drivers/clk/at91/sam9x7.c': File exists
cp: cannot create regular file '/dev/shm/linux/./drivers/clk/at91/sama5d3.c': File exists
cp: cannot create regular file '/dev/shm/linux/./drivers/clk/at91/sama7d65.c': File exists
cp: cannot create regular file '/dev/shm/linux/./drivers/clk/at91/sckc.c': File exists
cp: cannot create directory '/dev/shm/linux/./drivers/clk/axis': File exists
cp: cannot create regular file '/dev/shm/linux/./drivers/clk/bcm/Kconfig': File exists
cp: cannot create regular file '/dev/shm/linux/./drivers/clk/bcm/Makefile': File exists
cp: cannot create regular file '/dev/shm/linux/./drivers/clk/bcm/clk-bcm281xx.c': File exists
cp: cannot create regular file '/dev/shm/linux/./drivers/clk/bcm/clk-bcm2835.c': File exists
cp: cannot create regular file '/dev/shm/linux/./drivers/clk/bcm/clk-bcm63xx-gate.c': File exists
cp: cannot create regular file '/dev/shm/linux/./drivers/clk/bcm/clk-cygnus.c': File exists
cp: cannot create regular file '/dev/shm/linux/./drivers/clk/bcm/clk-iproc-armpll.c': File exists
cp: cannot create regular file '/dev/shm/linux/./drivers/clk/bcm/clk-iproc-pll.c': File exists
cp: cannot create regular file '/dev/shm/linux/./drivers/clk/bcm/clk-kona-setup.c': File exists
cp: cannot create regular file '/dev/shm/linux/./drivers/clk/bcm/clk-nsp.c': File exists
cp: cannot create regular file '/dev/shm/linux/./drivers/clk/bcm/clk-sr.c': File exists
cp: cannot create regular file '/dev/shm/linux/./drivers/clk/clk-conf.c': File exists
cp: cannot create regular file '/dev/shm/linux/./drivers/clk/clk-devres.c': File exists
cp: cannot create regular file '/dev/shm/linux/./drivers/clk/clk-divider.c': File exists
cp: cannot create regular file '/dev/shm/linux/./drivers/clk/clk-ep93xx.c': File exists
cp: cannot create regular file '/dev/shm/linux/./drivers/clk/clk-fixed-factor.c': File exists
cp: cannot create regular file '/dev/shm/linux/./drivers/clk/clk-fixed-rate_test.c': File exists
cp: cannot create regular file '/dev/shm/linux/./drivers/clk/clk-fractional-divider.c': File exists
cp: cannot create regular file '/dev/shm/linux/./drivers/clk/clk-fractional-divider_test.c': File exists
cp: cannot create regular file '/dev/shm/linux/./drivers/clk/clk-fsl-sai.c': File exists
cp: cannot create regular file '/dev/shm/linux/./drivers/clk/clk-gate_test.c': File exists
cp: cannot create regular file '/dev/shm/linux/./drivers/clk/clk-gpio.c': File exists
cp: cannot create regular file '/dev/shm/linux/./drivers/clk/clk-highbank.c': File exists
cp: cannot create regular file '/dev/shm/linux/./drivers/clk/clk-k210.c': File exists
cp: cannot create regular file '/dev/shm/linux/./drivers/clk/clk-lmk04832.c': File exists
cp: cannot create regular file '/dev/shm/linux/./drivers/clk/clk-loongson1.c': File exists
cp: cannot create regular file '/dev/shm/linux/./drivers/clk/clk-max77686.c': File exists
cp: cannot create regular file '/dev/shm/linux/./drivers/clk/clk-milbeaut.c': File exists
cp: cannot create regular file '/dev/shm/linux/./drivers/clk/clk-mux.c': File exists
cp: cannot create regular file '/dev/shm/linux/./drivers/clk/clk-nomadik.c': File exists
cp: cannot create regular file '/dev/shm/linux/./drivers/clk/clk-npcm8xx.c': File exists
cp: cannot create regular file '/dev/shm/linux/./drivers/clk/clk-palmas.c': File exists
cp: cannot create regular file '/dev/shm/linux/./drivers/clk/clk-pwm.c': File exists
cp: cannot create regular file '/dev/shm/linux/./drivers/clk/clk-renesas-pcie.c': File exists
cp: cannot create regular file '/dev/shm/linux/./drivers/clk/clk-rp1.c': File exists
cp: cannot create regular file '/dev/shm/linux/./drivers/clk/clk-s2mps11.c': File exists
cp: cannot create regular file '/dev/shm/linux/./drivers/clk/clk-scpi.c': File exists
cp: cannot create regular file '/dev/shm/linux/./drivers/clk/clk-si521xx.c': File exists
cp: cannot create regular file '/dev/shm/linux/./drivers/clk/clk-si5351.c': File exists
cp: cannot create regular file '/dev/shm/linux/./drivers/clk/clk-si544.c': File exists
cp: cannot create regular file '/dev/shm/linux/./drivers/clk/clk-sp7021.c': File exists
cp: cannot create regular file '/dev/shm/linux/./drivers/clk/clk-sparx5.c': File exists
cp: cannot create regular file '/dev/shm/linux/./drivers/clk/clk-twl.c': File exists
cp: cannot create regular file '/dev/shm/linux/./drivers/clk/clk-twl6040.c': File exists
cp: cannot create regular file '/dev/shm/linux/./drivers/clk/clk-xgene.c': File exists
cp: cannot create regular file '/dev/shm/linux/./drivers/clk/clk_parent_data_test.h': File exists
cp: cannot create directory '/dev/shm/linux/./drivers/clk/davinci': File exists
cp: cannot create regular file '/dev/shm/linux/./drivers/clk/imx/clk-imx1.c': File exists
cp: cannot create regular file '/dev/shm/linux/./drivers/clk/imx/clk-imx25.c': File exists
cp: cannot create regular file '/dev/shm/linux/./drivers/clk/imx/clk-imx31.c': File exists
cp: cannot create regular file '/dev/shm/linux/./drivers/clk/imx/clk-imx5.c': File exists
cp: cannot create regular file '/dev/shm/linux/./drivers/clk/imx/clk-imx6sl.c': File exists
cp: cannot create regular file '/dev/shm/linux/./drivers/clk/imx/clk-imx6sx.c': File exists
cp: cannot create regular file '/dev/shm/linux/./drivers/clk/imx/clk-imx8dxl-rsrc.c': File exists
cp: cannot create regular file '/dev/shm/linux/./drivers/clk/imx/clk-imx8qxp-lpcg.h': File exists
cp: cannot create regular file '/dev/shm/linux/./drivers/clk/imx/clk-imx8qxp-rsrc.c': File exists
cp: cannot create regular file '/dev/shm/linux/./drivers/clk/imx/clk-imx8ulp-sim-lpav.c': File exists
cp: cannot create regular file '/dev/shm/linux/./drivers/clk/imx/clk-imxrt1050.c': File exists
cp: cannot create regular file '/dev/shm/linux/./drivers/clk/imx/clk-pfd.c': File exists
cp: cannot create regular file '/dev/shm/linux/./drivers/clk/imx/clk-pll14xx.c': File exists
cp: cannot create regular file '/dev/shm/linux/./drivers/clk/imx/clk-pllv2.c': File exists
cp: cannot create regular file '/dev/shm/linux/./drivers/clk/imx/clk-pllv4.c': File exists
cp: cannot create regular file '/dev/shm/linux/./drivers/clk/imx/clk-scu.h': File exists
cp: cannot create regular file '/dev/shm/linux/./drivers/clk/imx/clk-sscg-pll.c': File exists
cp: cannot create regular file '/dev/shm/linux/./drivers/clk/imx/clk.c': File exists
cp: cannot create regular file '/dev/shm/linux/./drivers/clk/ingenic/Kconfig': File exists
cp: cannot create regular file '/dev/shm/linux/./drivers/clk/ingenic/cgu.c': File exists
cp: cannot create regular file '/dev/shm/linux/./drivers/clk/ingenic/jz4740-cgu.c': File exists
cp: cannot create regular file '/dev/shm/linux/./drivers/clk/ingenic/jz4760-cgu.c': File exists
cp: cannot create regular file '/dev/shm/linux/./drivers/clk/ingenic/jz4780-cgu.c': File exists
cp: cannot create regular file '/dev/shm/linux/./drivers/clk/ingenic/pm.c': File exists
cp: cannot create regular file '/dev/shm/linux/./drivers/clk/ingenic/x1000-cgu.c': File exists
cp: cannot create regular file '/dev/shm/linux/./drivers/clk/keystone/Makefile': File exists
cp: cannot create regular file '/dev/shm/linux/./drivers/clk/keystone/gate.c': File exists
cp: cannot create regular file '/dev/shm/linux/./drivers/clk/keystone/sci-clk.c': File exists
cp: cannot create regular file '/dev/shm/linux/./drivers/clk/kunit_clk_assigned_rates.h': File exists
cp: cannot create regular file '/dev/shm/linux/./drivers/clk/kunit_clk_assigned_rates_multiple_consumer.dtso': File exists
cp: cannot create regular file '/dev/shm/linux/./drivers/clk/kunit_clk_assigned_rates_null_consumer.dtso': File exists
cp: cannot create regular file '/dev/shm/linux/./drivers/clk/kunit_clk_assigned_rates_one_consumer.dtso': File exists
cp: cannot create regular file '/dev/shm/linux/./drivers/clk/kunit_clk_assigned_rates_u64_multiple_consumer.dtso': File exists
cp: cannot create regular file '/dev/shm/linux/./drivers/clk/kunit_clk_assigned_rates_without.dtso': File exists
cp: cannot create regular file '/dev/shm/linux/./drivers/clk/kunit_clk_assigned_rates_zero.dtso': File exists
cp: cannot create regular file '/dev/shm/linux/./drivers/clk/kunit_clk_fixed_rate_test.dtso': File exists
cp: cannot create regular file '/dev/shm/linux/./drivers/clk/kunit_clk_hw_get_dev_of_node.dtso': File exists
cp: cannot create regular file '/dev/shm/linux/./drivers/clk/kunit_clk_parent_data_test.dtso': File exists
cp: cannot create regular file '/dev/shm/linux/./drivers/clk/qcom/dispcc-sc7180.c': File exists
cp: cannot create regular file '/dev/shm/linux/./drivers/clk/qcom/dispcc-sc8280xp.c': File exists
cp: cannot create regular file '/dev/shm/linux/./drivers/clk/qcom/dispcc-sm6125.c': File exists
cp: cannot create regular file '/dev/shm/linux/./drivers/clk/qcom/dispcc-sm6375.c': File exists
cp: cannot create regular file '/dev/shm/linux/./drivers/clk/qcom/gcc-apq8084.c': File exists
cp: cannot create regular file '/dev/shm/linux/./drivers/clk/qcom/gcc-ipq5332.c': File exists
cp: cannot create regular file '/dev/shm/linux/./drivers/clk/qcom/gcc-msm8909.c': File exists
cp: cannot create regular file '/dev/shm/linux/./drivers/clk/qcom/gcc-msm8974.c': File exists
cp: cannot create regular file '/dev/shm/linux/./drivers/clk/qcom/gcc-qcs404.c': File exists
cp: cannot create regular file '/dev/shm/linux/./drivers/clk/qcom/gcc-sdm660.c': File exists
cp: cannot create regular file '/dev/shm/linux/./drivers/clk/qcom/gcc-sdx75.c': File exists
cp: cannot create regular file '/dev/shm/linux/./drivers/clk/qcom/gcc-sm6350.c': File exists
cp: cannot create regular file '/dev/shm/linux/./drivers/clk/qcom/gcc-sm8650.c': File exists
cp: cannot create regular file '/dev/shm/linux/./drivers/clk/qcom/gpucc-glymur.c': File exists
cp: cannot create regular file '/dev/shm/linux/./drivers/clk/qcom/gpucc-milos.c': File exists
cp: cannot create regular file '/dev/shm/linux/./drivers/clk/qcom/gpucc-qcm2290.c': File exists
cp: cannot create regular file '/dev/shm/linux/./drivers/clk/qcom/gpucc-sa8775p.c': File exists
cp: cannot create regular file '/dev/shm/linux/./drivers/clk/qcom/gpucc-sc8280xp.c': File exists
cp: cannot create regular file '/dev/shm/linux/./drivers/clk/qcom/gpucc-sdm845.c': File exists
cp: cannot create regular file '/dev/shm/linux/./drivers/clk/qcom/gpucc-sm6115.c': File exists
cp: cannot create regular file '/dev/shm/linux/./drivers/clk/qcom/gpucc-sm6350.c': File exists
cp: cannot create regular file '/dev/shm/linux/./drivers/clk/qcom/gpucc-sm8150.c': File exists
cp: cannot create regular file '/dev/shm/linux/./drivers/clk/qcom/gpucc-sm8350.c': File exists
cp: cannot create regular file '/dev/shm/linux/./drivers/clk/qcom/gpucc-sm8550.c': File exists
cp: cannot create regular file '/dev/shm/linux/./drivers/clk/qcom/gpucc-x1p42100.c': File exists
cp: cannot create regular file '/dev/shm/linux/./drivers/clk/qcom/hfpll.c': File exists
cp: cannot create regular file '/dev/shm/linux/./drivers/clk/qcom/kpss-xcc.c': File exists
cp: cannot create regular file '/dev/shm/linux/./drivers/clk/qcom/lcc-ipq806x.c': File exists
cp: cannot create regular file '/dev/shm/linux/./drivers/clk/qcom/lpass-gfm-sm8250.c': File exists
cp: cannot create regular file '/dev/shm/linux/./drivers/clk/qcom/lpasscc-sc7280.c': File exists
cp: cannot create regular file '/dev/shm/linux/./drivers/clk/qcom/lpasscc-sc8280xp.c': File exists
cp: cannot create regular file '/dev/shm/linux/./drivers/clk/qcom/lpasscc-sm6115.c': File exists
cp: cannot create regular file '/dev/shm/linux/./drivers/clk/qcom/lpasscorecc-sc7280.c': File exists
cp: cannot create regular file '/dev/shm/linux/./drivers/clk/qcom/mmcc-msm8974.c': File exists
cp: cannot create regular file '/dev/shm/linux/./drivers/clk/qcom/negcc-nord.c': File exists
cp: cannot create regular file '/dev/shm/linux/./drivers/clk/qcom/nwgcc-nord.c': File exists
cp: cannot create regular file '/dev/shm/linux/./drivers/clk/qcom/reset.c': File exists
cp: cannot create regular file '/dev/shm/linux/./drivers/clk/qcom/segcc-nord.c': File exists
cp: cannot create regular file '/dev/shm/linux/./drivers/clk/qcom/tcsrcc-glymur.c': File exists
cp: cannot create regular file '/dev/shm/linux/./drivers/clk/qcom/tcsrcc-nord.c': File exists
cp: cannot create regular file '/dev/shm/linux/./drivers/clk/qcom/tcsrcc-sm8650.c': File exists
cp: cannot create regular file '/dev/shm/linux/./drivers/clk/qcom/tcsrcc-x1e80100.c': File exists
cp: cannot create regular file '/dev/shm/linux/./drivers/clk/qcom/turingcc-qcs404.c': File exists
cp: cannot create regular file '/dev/shm/linux/./drivers/clk/qcom/videocc-kaanapali.c': File exists
cp: cannot create regular file '/dev/shm/linux/./drivers/clk/qcom/videocc-qcs615.c': File exists
cp: cannot create regular file '/dev/shm/linux/./drivers/clk/qcom/videocc-sc7180.c': File exists
cp: cannot create regular file '/dev/shm/linux/./drivers/clk/qcom/videocc-sdm845.c': File exists
cp: cannot create regular file '/dev/shm/linux/./drivers/clk/qcom/videocc-sm7150.c': File exists
cp: cannot create regular file '/dev/shm/linux/./drivers/clk/qcom/videocc-sm8250.c': File exists
cp: cannot create regular file '/dev/shm/linux/./drivers/clk/qcom/videocc-sm8450.c': File exists
cp: cannot create regular file '/dev/shm/linux/./drivers/clk/qcom/videocc-sm8750.c': File exists
cp: cannot create regular file '/dev/shm/linux/./drivers/clk/renesas/clk-mstp.c': File exists
cp: cannot create regular file '/dev/shm/linux/./drivers/clk/renesas/clk-r8a7740.c': File exists
cp: cannot create regular file '/dev/shm/linux/./drivers/clk/renesas/clk-r8a7779.c': File exists
cp: cannot create regular file '/dev/shm/linux/./drivers/clk/renesas/clk-rz.c': File exists
cp: cannot create regular file '/dev/shm/linux/./drivers/clk/renesas/clk-vbattb.c': File exists
cp: cannot create regular file '/dev/shm/linux/./drivers/clk/renesas/r8a7742-cpg-mssr.c': File exists
cp: cannot create regular file '/dev/shm/linux/./drivers/clk/renesas/r8a7745-cpg-mssr.c': File exists
cp: cannot create regular file '/dev/shm/linux/./drivers/clk/renesas/r8a774a1-cpg-mssr.c': File exists
cp: cannot create regular file '/dev/shm/linux/./drivers/clk/renesas/r8a774b1-cpg-mssr.c': File exists
cp: cannot create regular file '/dev/shm/linux/./drivers/clk/renesas/r8a774e1-cpg-mssr.c': File exists
cp: cannot create regular file '/dev/shm/linux/./drivers/clk/renesas/r8a7791-cpg-mssr.c': File exists
cp: cannot create regular file '/dev/shm/linux/./drivers/clk/renesas/r8a7794-cpg-mssr.c': File exists
cp: cannot create regular file '/dev/shm/linux/./drivers/clk/renesas/r8a7796-cpg-mssr.c': File exists
cp: cannot create regular file '/dev/shm/linux/./drivers/clk/renesas/r8a77970-cpg-mssr.c': File exists
cp: cannot create regular file '/dev/shm/linux/./drivers/clk/renesas/r8a779a0-cpg-mssr.c': File exists
cp: cannot create regular file '/dev/shm/linux/./drivers/clk/renesas/r8a779h0-cpg-mssr.c': File exists
cp: cannot create regular file '/dev/shm/linux/./drivers/clk/renesas/r9a08g045-cpg.c': File exists
cp: cannot create regular file '/dev/shm/linux/./drivers/clk/renesas/r9a09g011-cpg.c': File exists
cp: cannot create regular file '/dev/shm/linux/./drivers/clk/renesas/rcar-cpg-lib.h': File exists
cp: cannot create regular file '/dev/shm/linux/./drivers/clk/renesas/rcar-gen2-cpg.h': File exists
cp: cannot create regular file '/dev/shm/linux/./drivers/clk/renesas/rcar-gen3-cpg.c': File exists
cp: cannot create regular file '/dev/shm/linux/./drivers/clk/renesas/rcar-gen4-cpg.c': File exists
cp: cannot create regular file '/dev/shm/linux/./drivers/clk/renesas/rcar-usb2-clock-sel.c': File exists
cp: cannot create regular file '/dev/shm/linux/./drivers/clk/renesas/renesas-cpg-mssr.h': File exists
cp: cannot create regular file '/dev/shm/linux/./drivers/clk/renesas/rzg2l-cpg.c': File exists
cp: cannot create regular file '/dev/shm/linux/./drivers/clk/renesas/rzv2h-cpg.c': File exists
cp: cannot create regular file '/dev/shm/linux/./drivers/clk/rockchip/clk-cpu.c': File exists
cp: cannot create regular file '/dev/shm/linux/./drivers/clk/rockchip/clk-gate-grf.c': File exists
cp: cannot create regular file '/dev/shm/linux/./drivers/clk/rockchip/clk-inverter.c': File exists
cp: cannot create regular file '/dev/shm/linux/./drivers/clk/rockchip/clk-muxgrf.c': File exists
cp: cannot create regular file '/dev/shm/linux/./drivers/clk/rockchip/clk-px30.c': File exists
cp: cannot create regular file '/dev/shm/linux/./drivers/clk/rockchip/clk-rk3128.c': File exists
cp: cannot create regular file '/dev/shm/linux/./drivers/clk/rockchip/clk-rk3228.c': File exists
cp: cannot create regular file '/dev/shm/linux/./drivers/clk/rockchip/clk-rk3308.c': File exists
cp: cannot create regular file '/dev/shm/linux/./drivers/clk/rockchip/clk.c': File exists
cp: cannot create regular file '/dev/shm/linux/./drivers/clk/rockchip/rst-rk3528.c': File exists
cp: cannot create regular file '/dev/shm/linux/./drivers/clk/rockchip/rst-rk3576.c': File exists
cp: cannot create regular file '/dev/shm/linux/./drivers/clk/rockchip/rst-rv1126b.c': File exists
cp: cannot create directory '/dev/shm/linux/./drivers/clk/samsung': File exists
cp: cannot create regular file '/dev/shm/linux/./drivers/clk/spear/spear3xx_clock.c': File exists
cp: cannot create regular file '/dev/shm/linux/./drivers/clk/sprd/Makefile': File exists
cp: cannot create regular file '/dev/shm/linux/./drivers/clk/sprd/common.h': File exists
cp: cannot create regular file '/dev/shm/linux/./drivers/clk/sprd/composite.h': File exists
cp: cannot create regular file '/dev/shm/linux/./drivers/clk/sprd/div.h': File exists
cp: cannot create regular file '/dev/shm/linux/./drivers/clk/sprd/gate.h': File exists
cp: cannot create regular file '/dev/shm/linux/./drivers/clk/sprd/mux.h': File exists
cp: cannot create regular file '/dev/shm/linux/./drivers/clk/sprd/pll.h': File exists
cp: cannot create regular file '/dev/shm/linux/./drivers/clk/st/clk-flexgen.c': File exists
cp: cannot create regular file '/dev/shm/linux/./drivers/clk/st/clkgen-mux.c': File exists
cp: cannot create regular file '/dev/shm/linux/./drivers/clk/st/clkgen-pll.c': File exists
cp: cannot create regular file '/dev/shm/linux/./drivers/clk/starfive/Makefile': File exists
cp: cannot create regular file '/dev/shm/linux/./drivers/clk/starfive/clk-starfive-jh7100.c': File exists
cp: cannot create regular file '/dev/shm/linux/./drivers/clk/starfive/clk-starfive-jh7110-isp.c': File exists
cp: cannot create regular file '/dev/shm/linux/./drivers/clk/starfive/clk-starfive-jh7110-stg.c': File exists
cp: cannot create regular file '/dev/shm/linux/./drivers/clk/starfive/clk-starfive-jh7110-vout.c': File exists
cp: cannot create regular file '/dev/shm/linux/./drivers/clk/starfive/clk-starfive-jh71x0.h': File exists
cp: cannot create regular file '/dev/shm/linux/./drivers/clk/sunxi-ng/ccu-sun50i-h6-r.c': File exists
cp: cannot create regular file '/dev/shm/linux/./drivers/clk/sunxi-ng/ccu-sun50i-h6.c': File exists
cp: cannot create regular file '/dev/shm/linux/./drivers/clk/sunxi-ng/ccu-sun50i-h616.c': File exists
cp: cannot create regular file '/dev/shm/linux/./drivers/clk/sunxi-ng/ccu-sun55i-a523-mcu.c': File exists
cp: cannot create regular file '/dev/shm/linux/./drivers/clk/sunxi-ng/ccu-sun55i-a523-r.h': File exists
cp: cannot create regular file '/dev/shm/linux/./drivers/clk/sunxi-ng/ccu-sun5i.c': File exists
cp: cannot create regular file '/dev/shm/linux/./drivers/clk/sunxi-ng/ccu-sun6i-a31.c': File exists
cp: cannot create regular file '/dev/shm/linux/./drivers/clk/sunxi-ng/ccu-sun6i-rtc.c': File exists
cp: cannot create regular file '/dev/shm/linux/./drivers/clk/sunxi-ng/ccu-sun8i-a23.c': File exists
cp: cannot create regular file '/dev/shm/linux/./drivers/clk/sunxi-ng/ccu-sun8i-a83t.c': File exists
cp: cannot create regular file '/dev/shm/linux/./drivers/clk/sunxi-ng/ccu-sun8i-de2.h': File exists
cp: cannot create regular file '/dev/shm/linux/./drivers/clk/sunxi-ng/ccu-sun8i-r.h': File exists
cp: cannot create regular file '/dev/shm/linux/./drivers/clk/sunxi-ng/ccu-sun8i-r40.h': File exists
cp: cannot create regular file '/dev/shm/linux/./drivers/clk/sunxi-ng/ccu-sun8i-v3s.h': File exists
cp: cannot create regular file '/dev/shm/linux/./drivers/clk/sunxi-ng/ccu-sun9i-a80-de.c': File exists
cp: cannot create regular file '/dev/shm/linux/./drivers/clk/sunxi-ng/ccu-sun9i-a80-usb.c': File exists
cp: cannot create regular file '/dev/shm/linux/./drivers/clk/sunxi-ng/ccu-sun9i-a80.c': File exists
cp: cannot create regular file '/dev/shm/linux/./drivers/clk/sunxi-ng/ccu-suniv-f1c100s.h': File exists
cp: cannot create regular file '/dev/shm/linux/./drivers/clk/sunxi-ng/ccu_common.h': File exists
cp: cannot create regular file '/dev/shm/linux/./drivers/clk/sunxi-ng/ccu_div.h': File exists
cp: cannot create regular file '/dev/shm/linux/./drivers/clk/sunxi-ng/ccu_frac.c': File exists
cp: cannot create regular file '/dev/shm/linux/./drivers/clk/sunxi-ng/ccu_gate.c': File exists
cp: cannot create regular file '/dev/shm/linux/./drivers/clk/sunxi-ng/ccu_mmc_timing.c': File exists
cp: cannot create regular file '/dev/shm/linux/./drivers/clk/sunxi-ng/ccu_mp.h': File exists
cp: cannot create regular file '/dev/shm/linux/./drivers/clk/sunxi-ng/ccu_mult.h': File exists
cp: cannot create regular file '/dev/shm/linux/./drivers/clk/sunxi-ng/ccu_mux.h': File exists
cp: cannot create regular file '/dev/shm/linux/./drivers/clk/sunxi-ng/ccu_nk.h': File exists
cp: cannot create regular file '/dev/shm/linux/./drivers/clk/sunxi-ng/ccu_nkm.h': File exists
cp: cannot create regular file '/dev/shm/linux/./drivers/clk/sunxi-ng/ccu_nkmp.h': File exists
cp: cannot create regular file '/dev/shm/linux/./drivers/clk/sunxi-ng/ccu_nm.h': File exists
cp: cannot create regular file '/dev/shm/linux/./drivers/clk/sunxi-ng/ccu_phase.h': File exists
cp: cannot create regular file '/dev/shm/linux/./drivers/clk/sunxi-ng/ccu_sdm.c': File exists
cp: cannot create regular file '/dev/shm/linux/./drivers/clk/sunxi/Makefile': File exists
cp: cannot create regular file '/dev/shm/linux/./drivers/clk/sunxi/clk-a10-hosc.c': File exists
cp: cannot create regular file '/dev/shm/linux/./drivers/clk/sunxi/clk-a10-pll2.c': File exists
cp: cannot create regular file '/dev/shm/linux/./drivers/clk/sunxi/clk-a20-gmac.c': File exists
cp: cannot create regular file '/dev/shm/linux/./drivers/clk/sunxi/clk-factors.h': File exists
cp: cannot create regular file '/dev/shm/linux/./drivers/clk/sunxi/clk-simple-gates.c': File exists
cp: cannot create regular file '/dev/shm/linux/./drivers/clk/sunxi/clk-sun4i-pll3.c': File exists
cp: cannot create regular file '/dev/shm/linux/./drivers/clk/sunxi/clk-sun6i-apb0-gates.c': File exists
cp: cannot create regular file '/dev/shm/linux/./drivers/clk/sunxi/clk-sun6i-ar100.c': File exists
cp: cannot create regular file '/dev/shm/linux/./drivers/clk/sunxi/clk-sun8i-mbus.c': File exists
cp: cannot create regular file '/dev/shm/linux/./drivers/clk/sunxi/clk-sun9i-cpus.c': File exists
cp: cannot create regular file '/dev/shm/linux/./drivers/clk/sunxi/clk-sunxi.c': File exists
cp: cannot create directory '/dev/shm/linux/./drivers/clk/tegra': File exists
cp: cannot create regular file '/dev/shm/linux/./drivers/clk/uniphier/clk-uniphier-fixed-factor.c': File exists
cp: cannot create regular file '/dev/shm/linux/./drivers/clk/uniphier/clk-uniphier-gate.c': File exists
cp: cannot create regular file '/dev/shm/linux/./drivers/clk/uniphier/clk-uniphier-mux.c': File exists
cp: cannot create regular file '/dev/shm/linux/./drivers/clk/uniphier/clk-uniphier-peri.c': File exists
cp: cannot create regular file '/dev/shm/linux/./drivers/clk/uniphier/clk-uniphier-sys.c': File exists
cp: cannot create regular file '/dev/shm/linux/./drivers/clk/ux500/Makefile': File exists
cp: cannot create regular file '/dev/shm/linux/./drivers/clk/ux500/abx500-clk.c': File exists
cp: cannot create regular file '/dev/shm/linux/./drivers/clk/ux500/clk-prcmu.c': File exists
cp: cannot create regular file '/dev/shm/linux/./drivers/clk/ux500/clk.h': File exists
cp: cannot create regular file '/dev/shm/linux/./drivers/clk/ux500/reset-prcc.c': File exists
cp: cannot create regular file '/dev/shm/linux/./drivers/clk/ux500/u8500_of_clk.c': File exists
cp: cannot create directory '/dev/shm/linux/./drivers/clk/x86': File exists
cp: cannot create regular file '/dev/shm/linux/./drivers/clocksource/armv7m_systick.c': File exists
cp: cannot create regular file '/dev/shm/linux/./drivers/clocksource/bcm2835_timer.c': File exists
cp: cannot create regular file '/dev/shm/linux/./drivers/clocksource/clksrc-dbx500-prcmu.c': File exists
cp: cannot create regular file '/dev/shm/linux/./drivers/clocksource/clps711x-timer.c': File exists
cp: cannot create regular file '/dev/shm/linux/./drivers/clocksource/dw_apb_timer.c': File exists
cp: cannot create regular file '/dev/shm/linux/./drivers/clocksource/em_sti.c': File exists
cp: cannot create regular file '/dev/shm/linux/./drivers/clocksource/ingenic-ost.c': File exists
cp: cannot create regular file '/dev/shm/linux/./drivers/clocksource/ingenic-sysost.c': File exists
cp: cannot create regular file '/dev/shm/linux/./drivers/clocksource/jcore-pit.c': File exists
cp: cannot create regular file '/dev/shm/linux/./drivers/clocksource/mmio.c': File exists
cp: cannot create regular file '/dev/shm/linux/./drivers/clocksource/mps2-timer.c': File exists
cp: cannot create regular file '/dev/shm/linux/./drivers/clocksource/nomadik-mtu.c': File exists
cp: cannot create regular file '/dev/shm/linux/./drivers/clocksource/renesas-ostm.c': File exists
cp: cannot create regular file '/dev/shm/linux/./drivers/clocksource/scx200_hrt.c': File exists
cp: cannot create regular file '/dev/shm/linux/./drivers/clocksource/timer-armada-370-xp.c': File exists
cp: cannot create regular file '/dev/shm/linux/./drivers/clocksource/timer-atmel-st.c': File exists
cp: cannot create regular file '/dev/shm/linux/./drivers/clocksource/timer-cadence-ttc.c': File exists
cp: cannot create regular file '/dev/shm/linux/./drivers/clocksource/timer-cs5535.c': File exists
cp: cannot create regular file '/dev/shm/linux/./drivers/clocksource/timer-digicolor.c': File exists
cp: cannot create regular file '/dev/shm/linux/./drivers/clocksource/timer-ep93xx.c': File exists
cp: cannot create regular file '/dev/shm/linux/./drivers/clocksource/timer-fttmr010.c': File exists
cp: cannot create regular file '/dev/shm/linux/./drivers/clocksource/timer-gx6605s.c': File exists
cp: cannot create regular file '/dev/shm/linux/./drivers/clocksource/timer-imx-gpt.c': File exists
cp: cannot create regular file '/dev/shm/linux/./drivers/clocksource/timer-imx-tpm.c': File exists
cp: cannot create regular file '/dev/shm/linux/./drivers/clocksource/timer-ixp4xx.c': File exists
cp: cannot create regular file '/dev/shm/linux/./drivers/clocksource/timer-loongson1-pwm.c': File exists
cp: cannot create regular file '/dev/shm/linux/./drivers/clocksource/timer-mediatek-cpux.c': File exists
cp: cannot create regular file '/dev/shm/linux/./drivers/clocksource/timer-meson6.c': File exists
cp: cannot create regular file '/dev/shm/linux/./drivers/clocksource/timer-milbeaut.c': File exists
cp: cannot create regular file '/dev/shm/linux/./drivers/clocksource/timer-msc313e.c': File exists
cp: cannot create regular file '/dev/shm/linux/./drivers/clocksource/timer-nxp-pit.c': File exists
cp: cannot create regular file '/dev/shm/linux/./drivers/clocksource/timer-of.c': File exists
cp: cannot create regular file '/dev/shm/linux/./drivers/clocksource/timer-orion.c': File exists
cp: cannot create regular file '/dev/shm/linux/./drivers/clocksource/timer-pistachio.c': File exists
cp: cannot create regular file '/dev/shm/linux/./drivers/clocksource/timer-pxa.c': File exists
cp: cannot create regular file '/dev/shm/linux/./drivers/clocksource/timer-ralink.c': File exists
cp: cannot create regular file '/dev/shm/linux/./drivers/clocksource/timer-realtek.c': File exists
cp: cannot create regular file '/dev/shm/linux/./drivers/clocksource/timer-riscv.c': File exists
cp: cannot create regular file '/dev/shm/linux/./drivers/clocksource/timer-rtl-otto.c': File exists
cp: cannot create regular file '/dev/shm/linux/./drivers/clocksource/timer-sp804.c': File exists
cp: cannot create regular file '/dev/shm/linux/./drivers/clocksource/timer-stm32-lp.c': File exists
cp: cannot create regular file '/dev/shm/linux/./drivers/clocksource/timer-stm32.c': File exists
cp: cannot create regular file '/dev/shm/linux/./drivers/clocksource/timer-sun4i.c': File exists
cp: cannot create regular file '/dev/shm/linux/./drivers/clocksource/timer-tegra186.c': File exists
cp: cannot create regular file '/dev/shm/linux/./drivers/clocksource/timer-ti-dm-systimer.c': File exists
cp: cannot create regular file '/dev/shm/linux/./drivers/clocksource/timer-versatile.c': File exists
cp: cannot create regular file '/dev/shm/linux/./drivers/clocksource/timer-zevio.c': File exists
cp: cannot create directory '/dev/shm/linux/./drivers/comedi': File exists
cp: cannot create regular file '/dev/shm/linux/./drivers/firmware/arm_scmi/shmem.c': File exists
cp: cannot create regular file '/dev/shm/linux/./drivers/firmware/arm_scmi/system.c': File exists
cp: cannot create regular file '/dev/shm/linux/./drivers/firmware/arm_sdei.c': File exists
cp: cannot create regular file '/dev/shm/linux/./drivers/firmware/cirrus/test/cs_dsp_mock_bin.c': File exists
cp: cannot create regular file '/dev/shm/linux/./drivers/firmware/cirrus/test/cs_dsp_mock_utils.c': File exists
cp: cannot create regular file '/dev/shm/linux/./drivers/firmware/cirrus/test/cs_dsp_test_bin.c': File exists
cp: cannot create regular file '/dev/shm/linux/./drivers/firmware/cirrus/test/cs_dsp_test_control_rw.c': File exists
cp: cannot create regular file '/dev/shm/linux/./drivers/firmware/dmi-id.c': File exists
cp: cannot create regular file '/dev/shm/linux/./drivers/firmware/dmi-sysfs.c': File exists
cp: cannot create regular file '/dev/shm/linux/./drivers/firmware/xilinx/Makefile': File exists
cp: cannot create regular file '/dev/shm/linux/./drivers/firmware/xilinx/zynqmp-debug.c': File exists
cp: cannot create regular file '/dev/shm/linux/./drivers/firmware/xilinx/zynqmp-ufs.c': File exists
cp: cannot create regular file '/dev/shm/linux/./drivers/fpga/Makefile': File exists
cp: cannot create regular file '/dev/shm/linux/./drivers/fpga/altera-fpga2sdram.c': File exists
cp: cannot create regular file '/dev/shm/linux/./drivers/fpga/altera-hps2fpga.c': File exists
cp: cannot create regular file '/dev/shm/linux/./drivers/fpga/altera-pr-ip-core.c': File exists
cp: cannot create regular file '/dev/shm/linux/./drivers/fpga/dfl-afu-dma-region.c': File exists
cp: cannot create regular file '/dev/shm/linux/./drivers/fpga/dfl-afu-main.c': File exists
cp: cannot create regular file '/dev/shm/linux/./drivers/fpga/dfl-fme-error.c': File exists
cp: cannot create regular file '/dev/shm/linux/./drivers/fpga/dfl-fme-main.c': File exists
cp: cannot create regular file '/dev/shm/linux/./drivers/fpga/dfl-fme-perf.c': File exists
cp: cannot create regular file '/dev/shm/linux/./drivers/fpga/dfl-fme-pr.h': File exists
cp: cannot create regular file '/dev/shm/linux/./drivers/fpga/dfl-fme.h': File exists
cp: cannot create regular file '/dev/shm/linux/./drivers/fpga/dfl-pci.c': File exists
cp: cannot create regular file '/dev/shm/linux/./drivers/fpga/dfl.h': File exists
cp: cannot create regular file '/dev/shm/linux/./drivers/fpga/fpga-mgr.c': File exists
cp: cannot create regular file '/dev/shm/linux/./drivers/fpga/ice40-spi.c': File exists
cp: cannot create regular file '/dev/shm/linux/./drivers/fpga/lattice-sysconfig-spi.c': File exists
cp: cannot create regular file '/dev/shm/linux/./drivers/fpga/lattice-sysconfig.h': File exists
cp: cannot create regular file '/dev/shm/linux/./drivers/fpga/microchip-spi.c': File exists
cp: cannot create regular file '/dev/shm/linux/./drivers/fpga/socfpga-a10.c': File exists
cp: cannot create regular file '/dev/shm/linux/./drivers/fpga/socfpga.c': File exists
cp: cannot create regular file '/dev/shm/linux/./drivers/fpga/tests/Kconfig': File exists
cp: cannot create regular file '/dev/shm/linux/./drivers/fpga/tests/fpga-bridge-test.c': File exists
cp: cannot create regular file '/dev/shm/linux/./drivers/fpga/tests/fpga-region-test.c': File exists
cp: cannot create regular file '/dev/shm/linux/./drivers/fpga/versal-fpga.c': File exists
cp: cannot create regular file '/dev/shm/linux/./drivers/fpga/xilinx-core.h': File exists
cp: cannot create regular file '/dev/shm/linux/./drivers/fpga/xilinx-pr-decoupler.c': File exists
cp: cannot create regular file '/dev/shm/linux/./drivers/fpga/zynq-fpga.c': File exists
cp: cannot create regular file '/dev/shm/linux/./drivers/fpga/zynqmp-fpga.c': File exists
cp: cannot create regular file '/dev/shm/linux/./drivers/gnss/ubx.c': File exists
cp: cannot create regular file '/dev/shm/linux/./drivers/gpib/Makefile': File exists
cp: cannot create regular file '/dev/shm/linux/./drivers/gpib/agilent_82350b/agilent_82350b.c': File exists
cp: cannot create regular file '/dev/shm/linux/./drivers/gpib/agilent_82357a/agilent_82357a.c': File exists
cp: cannot create regular file '/dev/shm/linux/./drivers/gpib/cb7210/Makefile': File exists
cp: cannot create directory '/dev/shm/linux/./drivers/gpib/eastwood': File exists
cp: cannot create regular file '/dev/shm/linux/./drivers/gpib/gpio/gpib_bitbang.c': File exists
cp: cannot create regular file '/dev/shm/linux/./drivers/gpib/hp_82341/hp_82341.h': File exists
cp: cannot create regular file '/dev/shm/linux/./drivers/gpio/gpio-104-idio-16.c': File exists
cp: cannot create regular file '/dev/shm/linux/./drivers/gpio/gpio-74xx-mmio.c': File exists
cp: cannot create regular file '/dev/shm/linux/./drivers/gpio/gpio-adp5520.c': File exists
cp: cannot create regular file '/dev/shm/linux/./drivers/gpio/gpio-adp5585.c': File exists
cp: cannot create regular file '/dev/shm/linux/./drivers/gpio/gpio-altera-a10sr.c': File exists
cp: cannot create regular file '/dev/shm/linux/./drivers/gpio/gpio-altera.c': File exists
cp: cannot create regular file '/dev/shm/linux/./drivers/gpio/gpio-amd8111.c': File exists
cp: cannot create regular file '/dev/shm/linux/./drivers/gpio/gpio-arizona.c': File exists
cp: cannot create regular file '/dev/shm/linux/./drivers/gpio/gpio-aspeed.c': File exists
cp: cannot create regular file '/dev/shm/linux/./drivers/gpio/gpio-bcm-kona.c': File exists
cp: cannot create regular file '/dev/shm/linux/./drivers/gpio/gpio-bd71828.c': File exists
cp: cannot create regular file '/dev/shm/linux/./drivers/gpio/gpio-blzp1600.c': File exists
cp: cannot create regular file '/dev/shm/linux/./drivers/gpio/gpio-bt8xx.c': File exists
cp: cannot create regular file '/dev/shm/linux/./drivers/gpio/gpio-by-pinctrl.c': File exists
cp: cannot create regular file '/dev/shm/linux/./drivers/gpio/gpio-cadence.c': File exists
cp: cannot create regular file '/dev/shm/linux/./drivers/gpio/gpio-creg-snps.c': File exists
cp: cannot create regular file '/dev/shm/linux/./drivers/gpio/gpio-crystalcove.c': File exists
cp: cannot create regular file '/dev/shm/linux/./drivers/gpio/gpio-da9052.c': File exists
cp: cannot create regular file '/dev/shm/linux/./drivers/gpio/gpio-davinci.c': File exists
cp: cannot create regular file '/dev/shm/linux/./drivers/gpio/gpio-eic-sprd.c': File exists
cp: cannot create regular file '/dev/shm/linux/./drivers/gpio/gpio-em.c': File exists
cp: cannot create regular file '/dev/shm/linux/./drivers/gpio/gpio-ep93xx.c': File exists
cp: cannot create regular file '/dev/shm/linux/./drivers/gpio/gpio-f7188x.c': File exists
cp: cannot create regular file '/dev/shm/linux/./drivers/gpio/gpio-gpio-mm.c': File exists
cp: cannot create regular file '/dev/shm/linux/./drivers/gpio/gpio-grgpio.c': File exists
cp: cannot create regular file '/dev/shm/linux/./drivers/gpio/gpio-hisi.c': File exists
cp: cannot create regular file '/dev/shm/linux/./drivers/gpio/gpio-htc-egpio.c': File exists
cp: cannot create regular file '/dev/shm/linux/./drivers/gpio/gpio-i8255.h': File exists
cp: cannot create regular file '/dev/shm/linux/./drivers/gpio/gpio-ich.c': File exists
cp: cannot create regular file '/dev/shm/linux/./drivers/gpio/gpio-idio-16.h': File exists
cp: cannot create regular file '/dev/shm/linux/./drivers/gpio/gpio-it87.c': File exists
cp: cannot create regular file '/dev/shm/linux/./drivers/gpio/gpio-janz-ttl.c': File exists
cp: cannot create regular file '/dev/shm/linux/./drivers/gpio/gpio-ljca.c': File exists
cp: cannot create regular file '/dev/shm/linux/./drivers/gpio/gpio-loongson-64bit.c': File exists
cp: cannot create regular file '/dev/shm/linux/./drivers/gpio/gpio-loongson1.c': File exists
cp: cannot create regular file '/dev/shm/linux/./drivers/gpio/gpio-lp873x.c': File exists
cp: cannot create regular file '/dev/shm/linux/./drivers/gpio/gpio-lpc18xx.c': File exists
cp: cannot create regular file '/dev/shm/linux/./drivers/gpio/gpio-lpc32xx.c': File exists
cp: cannot create regular file '/dev/shm/linux/./drivers/gpio/gpio-madera.c': File exists
cp: cannot create regular file '/dev/shm/linux/./drivers/gpio/gpio-max7300.c': File exists
cp: cannot create regular file '/dev/shm/linux/./drivers/gpio/gpio-max732x.c': File exists
cp: cannot create regular file '/dev/shm/linux/./drivers/gpio/gpio-max77620.c': File exists
cp: cannot create regular file '/dev/shm/linux/./drivers/gpio/gpio-max77759.c': File exists
cp: cannot create regular file '/dev/shm/linux/./drivers/gpio/gpio-mc33880.c': File exists
cp: cannot create regular file '/dev/shm/linux/./drivers/gpio/gpio-menz127.c': File exists
cp: cannot create regular file '/dev/shm/linux/./drivers/gpio/gpio-mlxbf.c': File exists
cp: cannot create regular file '/dev/shm/linux/./drivers/gpio/gpio-mlxbf3.c': File exists
cp: cannot create regular file '/dev/shm/linux/./drivers/gpio/gpio-mm-lantiq.c': File exists
cp: cannot create regular file '/dev/shm/linux/./drivers/gpio/gpio-mpc5200.c': File exists
cp: cannot create regular file '/dev/shm/linux/./drivers/gpio/gpio-mpfs.c': File exists
cp: cannot create regular file '/dev/shm/linux/./drivers/gpio/gpio-msc313.c': File exists
cp: cannot create regular file '/dev/shm/linux/./drivers/gpio/gpio-mvebu.c': File exists
cp: cannot create regular file '/dev/shm/linux/./drivers/gpio/gpio-nomadik.c': File exists
cp: cannot create regular file '/dev/shm/linux/./drivers/gpio/gpio-npcm-sgpio.c': File exists
cp: cannot create regular file '/dev/shm/linux/./drivers/gpio/gpio-omap.c': File exists
cp: cannot create regular file '/dev/shm/linux/./drivers/gpio/gpio-pca9570.c': File exists
cp: cannot create regular file '/dev/shm/linux/./drivers/gpio/gpio-pch.c': File exists
cp: cannot create regular file '/dev/shm/linux/./drivers/gpio/gpio-pcie-idio-24.c': File exists
cp: cannot create regular file '/dev/shm/linux/./drivers/gpio/gpio-pl061.c': File exists
cp: cannot create regular file '/dev/shm/linux/./drivers/gpio/gpio-pxa.c': File exists
cp: cannot create regular file '/dev/shm/linux/./drivers/gpio/gpio-raspberrypi-exp.c': File exists
cp: cannot create regular file '/dev/shm/linux/./drivers/gpio/gpio-rcar.c': File exists
cp: cannot create regular file '/dev/shm/linux/./drivers/gpio/gpio-rdc321x.c': File exists
cp: cannot create regular file '/dev/shm/linux/./drivers/gpio/gpio-reg.c': File exists
cp: cannot create regular file '/dev/shm/linux/./drivers/gpio/gpio-rockchip.c': File exists
cp: cannot create regular file '/dev/shm/linux/./drivers/gpio/gpio-sa1100.c': File exists
cp: cannot create regular file '/dev/shm/linux/./drivers/gpio/gpio-sch.c': File exists
cp: cannot create regular file '/dev/shm/linux/./drivers/gpio/gpio-shared-proxy.c': File exists
cp: cannot create regular file '/dev/shm/linux/./drivers/gpio/gpio-sim.c': File exists
cp: cannot create regular file '/dev/shm/linux/./drivers/gpio/gpio-sl28cpld.c': File exists
cp: cannot create regular file '/dev/shm/linux/./drivers/gpio/gpio-sloppy-logic-analyzer.c': File exists
cp: cannot create regular file '/dev/shm/linux/./drivers/gpio/gpio-spacemit-k1.c': File exists
cp: cannot create regular file '/dev/shm/linux/./drivers/gpio/gpio-sprd.c': File exists
cp: cannot create regular file '/dev/shm/linux/./drivers/gpio/gpio-stp-xway.c': File exists
cp: cannot create regular file '/dev/shm/linux/./drivers/gpio/gpio-tangier.c': File exists
cp: cannot create regular file '/dev/shm/linux/./drivers/gpio/gpio-tangier.h': File exists
cp: cannot create regular file '/dev/shm/linux/./drivers/gpio/gpio-tc3589x.c': File exists
cp: cannot create regular file '/dev/shm/linux/./drivers/gpio/gpio-tegra.c': File exists
cp: cannot create regular file '/dev/shm/linux/./drivers/gpio/gpio-tn48m.c': File exists
cp: cannot create regular file '/dev/shm/linux/./drivers/gpio/gpio-tps65086.c': File exists
cp: cannot create regular file '/dev/shm/linux/./drivers/gpio/gpio-tps65219.c': File exists
cp: cannot create regular file '/dev/shm/linux/./drivers/gpio/gpio-tps65910.c': File exists
cp: cannot create regular file '/dev/shm/linux/./drivers/gpio/gpio-tps68470.c': File exists
cp: cannot create regular file '/dev/shm/linux/./drivers/gpio/gpio-ts4800.c': File exists
cp: cannot create regular file '/dev/shm/linux/./drivers/gpio/gpio-ts5500.c': File exists
cp: cannot create regular file '/dev/shm/linux/./drivers/gpio/gpio-twl6040.c': File exists
cp: cannot create regular file '/dev/shm/linux/./drivers/gpio/gpio-usbio.c': File exists
cp: cannot create regular file '/dev/shm/linux/./drivers/gpio/gpio-viperboard.c': File exists
cp: cannot create regular file '/dev/shm/linux/./drivers/gpio/gpio-virtuser.c': File exists
cp: cannot create regular file '/dev/shm/linux/./drivers/gpio/gpio-wcd934x.c': File exists
cp: cannot create regular file '/dev/shm/linux/./drivers/gpio/gpio-wcove.c': File exists
cp: cannot create regular file '/dev/shm/linux/./drivers/gpio/gpio-wm831x.c': File exists
cp: cannot create regular file '/dev/shm/linux/./drivers/gpio/gpio-wm8994.c': File exists
cp: cannot create regular file '/dev/shm/linux/./drivers/gpio/gpio-xgene-sb.c': File exists
cp: cannot create regular file '/dev/shm/linux/./drivers/gpio/gpio-xgs-iproc.c': File exists
cp: cannot create regular file '/dev/shm/linux/./drivers/gpio/gpio-xlp.c': File exists
cp: cannot create regular file '/dev/shm/linux/./drivers/gpio/gpio-xra1403.c': File exists
cp: cannot create regular file '/dev/shm/linux/./drivers/gpio/gpio-zevio.c': File exists
cp: cannot create regular file '/dev/shm/linux/./drivers/gpio/gpio-zynqmp-modepin.c': File exists
cp: cannot create regular file '/dev/shm/linux/./drivers/gpio/gpiolib-cdev.c': File exists
cp: cannot create regular file '/dev/shm/linux/./drivers/gpio/gpiolib-legacy.c': File exists
cp: cannot create regular file '/dev/shm/linux/./drivers/gpio/gpiolib-of.h': File exists
cp: cannot create regular file '/dev/shm/linux/./drivers/gpio/gpiolib-shared.c': File exists
cp: cannot create regular file '/dev/shm/linux/./drivers/gpio/gpiolib-swnode.c': File exists
cp: cannot create regular file '/dev/shm/linux/./drivers/gpio/gpiolib-swnode.h': File exists
cp: cannot create regular file '/dev/shm/linux/./drivers/gpio/gpiolib-sysfs.c': File exists
cp: cannot create regular file '/dev/shm/linux/./drivers/gpio/gpiolib.c': File exists
cp: cannot create directory '/dev/shm/linux/./drivers/gpu': File exists
cp: cannot create regular file '/dev/shm/linux/./drivers/thermal/gov_fair_share.c': File exists
cp: cannot create regular file '/dev/shm/linux/./drivers/thermal/gov_step_wise.c': File exists
cp: cannot create regular file '/dev/shm/linux/./drivers/thermal/imx_sc_thermal.c': File exists
cp: cannot create regular file '/dev/shm/linux/./drivers/thermal/imx_thermal.c': File exists
cp: cannot create regular file '/dev/shm/linux/./drivers/thermal/st/st_thermal.c': File exists
cp: cannot create regular file '/dev/shm/linux/./drivers/thermal/st/st_thermal.h': File exists
cp: cannot create regular file '/dev/shm/linux/./drivers/thermal/st/stm_thermal.c': File exists
cp: cannot create regular file '/dev/shm/linux/./drivers/thermal/sun8i_thermal.c': File exists
cp: cannot create regular file '/dev/shm/linux/./drivers/thermal/thermal_hwmon.h': File exists
cp: cannot create regular file '/dev/shm/linux/./drivers/thermal/thermal_netlink.c': File exists
cp: cannot create regular file '/dev/shm/linux/./drivers/thermal/thermal_of.c': File exists
cp: cannot create regular file '/dev/shm/linux/./drivers/thermal/thermal_thresholds.c': File exists
cp: cannot create regular file '/dev/shm/linux/./drivers/thermal/thermal_trace.h': File exists
cp: cannot create regular file '/dev/shm/linux/./drivers/thermal/thermal_trip.c': File exists
cp: cannot create regular file '/dev/shm/linux/./drivers/thunderbolt/eeprom.c': File exists
cp: cannot create regular file '/dev/shm/linux/./drivers/thunderbolt/nhi_regs.h': File exists
cp: cannot create regular file '/dev/shm/linux/./drivers/thunderbolt/path.c': File exists
cp: cannot create regular file '/dev/shm/linux/./drivers/thunderbolt/quirks.c': File exists
cp: cannot create regular file '/dev/shm/linux/./drivers/thunderbolt/retimer.c': File exists
cp: cannot create regular file '/dev/shm/linux/./drivers/usb/dwc3/dwc3-haps.c': File exists
cp: cannot create regular file '/dev/shm/linux/./drivers/usb/dwc3/dwc3-imx.c': File exists
cp: cannot create regular file '/dev/shm/linux/./drivers/usb/dwc3/dwc3-keystone.c': File exists
cp: cannot create regular file '/dev/shm/linux/./drivers/usb/dwc3/dwc3-octeon.c': File exists
cp: cannot create regular file '/dev/shm/linux/./drivers/usb/dwc3/dwc3-omap.c': File exists
cp: cannot create regular file '/dev/shm/linux/./drivers/usb/dwc3/dwc3-qcom-legacy.c': File exists
cp: cannot create regular file '/dev/shm/linux/./drivers/usb/dwc3/dwc3-rtk.c': File exists
cp: cannot create regular file '/dev/shm/linux/./drivers/usb/dwc3/glue.h': File exists
cp: cannot create regular file '/dev/shm/linux/./drivers/usb/dwc3/host.c': File exists
cp: cannot create regular file '/dev/shm/linux/./drivers/usb/dwc3/trace.c': File exists
cp: cannot create regular file '/dev/shm/linux/./drivers/usb/dwc3/trace.h': File exists
cp: cannot create regular file '/dev/shm/linux/./drivers/usb/early/ehci-dbgp.c': File exists
cp: cannot create regular file '/dev/shm/linux/./drivers/usb/early/xhci-dbc.h': File exists
cp: cannot create regular file '/dev/shm/linux/./drivers/usb/gadget/function/Makefile': File exists
cp: cannot create regular file '/dev/shm/linux/./drivers/usb/gadget/function/f_ecm.c': File exists
cp: cannot create regular file '/dev/shm/linux/./drivers/usb/gadget/function/f_fs.c': File exists
cp: cannot create regular file '/dev/shm/linux/./drivers/usb/gadget/function/f_midi2.c': File exists
cp: cannot create regular file '/dev/shm/linux/./drivers/usb/gadget/function/f_serial.c': File exists
cp: cannot create regular file '/dev/shm/linux/./drivers/usb/gadget/function/f_sourcesink.c': File exists
cp: cannot create regular file '/dev/shm/linux/./drivers/usb/gadget/function/f_tcm.c': File exists
cp: cannot create regular file '/dev/shm/linux/./drivers/usb/gadget/function/ndis.h': File exists
cp: cannot create regular file '/dev/shm/linux/./drivers/usb/gadget/function/rndis.c': File exists
cp: cannot create regular file '/dev/shm/linux/./drivers/usb/gadget/function/storage_common.c': File exists
cp: cannot create regular file '/dev/shm/linux/./drivers/usb/gadget/function/storage_common.h': File exists
cp: cannot create regular file '/dev/shm/linux/./drivers/usb/gadget/function/u_audio.c': File exists
cp: cannot create regular file '/dev/shm/linux/./drivers/usb/gadget/function/u_ecm.h': File exists
cp: cannot create regular file '/dev/shm/linux/./drivers/usb/gadget/function/u_ether.c': File exists
cp: cannot create regular file '/dev/shm/linux/./drivers/usb/gadget/function/u_ether_configfs.h': File exists
cp: cannot create regular file '/dev/shm/linux/./drivers/usb/gadget/function/u_gether.h': File exists
cp: cannot create regular file '/dev/shm/linux/./drivers/usb/gadget/function/u_midi.h': File exists
cp: cannot create regular file '/dev/shm/linux/./drivers/usb/gadget/function/u_ncm.h': File exists
cp: cannot create regular file '/dev/shm/linux/./drivers/usb/gadget/function/u_printer.h': File exists
cp: cannot create regular file '/dev/shm/linux/./drivers/usb/gadget/function/u_serial.c': File exists
cp: cannot create regular file '/dev/shm/linux/./drivers/usb/gadget/function/u_serial.h': File exists
cp: cannot create regular file '/dev/shm/linux/./drivers/usb/gadget/function/u_uac1.h': File exists
cp: cannot create regular file '/dev/shm/linux/./drivers/usb/gadget/function/u_uac1_legacy.h': File exists
cp: cannot create regular file '/dev/shm/linux/./drivers/usb/gadget/function/u_uvc.h': File exists
cp: cannot create regular file '/dev/shm/linux/./drivers/usb/gadget/function/uvc.h': File exists
cp: cannot create regular file '/dev/shm/linux/./drivers/usb/gadget/function/uvc_queue.h': File exists
cp: cannot create regular file '/dev/shm/linux/./drivers/usb/gadget/function/uvc_trace.h': File exists
cp: cannot create regular file '/dev/shm/linux/./drivers/usb/gadget/function/uvc_v4l2.h': File exists
cp: cannot create regular file '/dev/shm/linux/./drivers/usb/gadget/function/uvc_video.h': File exists
cp: cannot create regular file '/dev/shm/linux/./drivers/usb/gadget/legacy/Makefile': File exists
cp: cannot create regular file '/dev/shm/linux/./drivers/usb/gadget/legacy/audio.c': File exists
cp: cannot create regular file '/dev/shm/linux/./drivers/usb/gadget/legacy/dbgp.c': File exists
cp: cannot create regular file '/dev/shm/linux/./drivers/usb/gadget/legacy/g_ffs.c': File exists
cp: cannot create regular file '/dev/shm/linux/./drivers/usb/gadget/legacy/hid.c': File exists
cp: cannot create regular file '/dev/shm/linux/./drivers/usb/gadget/legacy/mass_storage.c': File exists
cp: cannot create regular file '/dev/shm/linux/./drivers/usb/gadget/legacy/ncm.c': File exists
cp: cannot create regular file '/dev/shm/linux/./drivers/usb/gadget/legacy/printer.c': File exists
cp: cannot create regular file '/dev/shm/linux/./drivers/usb/gadget/legacy/webcam.c': File exists
cp: cannot create regular file '/dev/shm/linux/./drivers/usb/gadget/u_f.c': File exists
cp: cannot create regular file '/dev/shm/linux/./drivers/usb/host/uhci-platform.c': File exists
cp: cannot create regular file '/dev/shm/linux/./drivers/usb/host/xen-hcd.c': File exists
cp: cannot create regular file '/dev/shm/linux/./drivers/usb/host/xhci-dbg.c': File exists
cp: cannot create regular file '/dev/shm/linux/./drivers/usb/host/xhci-debugfs.c': File exists
cp: cannot create regular file '/dev/shm/linux/./drivers/usb/host/xhci-ext-caps.c': File exists
cp: cannot create regular file '/dev/shm/linux/./drivers/usb/host/xhci-histb.c': File exists
cp: cannot create regular file '/dev/shm/linux/./drivers/usb/host/xhci-mtk.c': File exists
cp: cannot create regular file '/dev/shm/linux/./drivers/usb/host/xhci-mvebu.c': File exists
cp: cannot create regular file '/dev/shm/linux/./drivers/usb/host/xhci-pci.c': File exists
cp: cannot create regular file '/dev/shm/linux/./drivers/usb/host/xhci-plat.h': File exists
cp: cannot create regular file '/dev/shm/linux/./drivers/usb/host/xhci-rcar-regs.h': File exists
cp: cannot create regular file '/dev/shm/linux/./drivers/usb/host/xhci-ring.c': File exists
cp: cannot create regular file '/dev/shm/linux/./drivers/usb/host/xhci-rzv2m.c': File exists
cp: cannot create regular file '/dev/shm/linux/./drivers/usb/host/xhci-sideband.c': File exists
cp: cannot create regular file '/dev/shm/linux/./drivers/usb/host/xhci.c': File exists
cp: cannot create regular file '/dev/shm/linux/./drivers/usb/image/Makefile': File exists
cp: cannot create regular file '/dev/shm/linux/./drivers/usb/isp1760/Makefile': File exists
cp: cannot create regular file '/dev/shm/linux/./drivers/usb/isp1760/isp1760-core.h': File exists
cp: cannot create regular file '/dev/shm/linux/./drivers/usb/isp1760/isp1760-regs.h': File exists
cp: cannot create regular file '/dev/shm/linux/./drivers/usb/isp1760/isp1760-udc.h': File exists
cp: cannot create regular file '/dev/shm/linux/./drivers/usb/misc/Kconfig': File exists
cp: cannot create regular file '/dev/shm/linux/./drivers/usb/misc/adutux.c': File exists
cp: cannot create regular file '/dev/shm/linux/./drivers/usb/misc/appledisplay.c': File exists
cp: cannot create regular file '/dev/shm/linux/./drivers/usb/misc/brcmstb-usb-pinmap.c': File exists
cp: cannot create regular file '/dev/shm/linux/./drivers/usb/misc/cypress_cy7c63.c': File exists
cp: cannot create regular file '/dev/shm/linux/./drivers/usb/misc/ehset.c': File exists
cp: cannot create regular file '/dev/shm/linux/./drivers/usb/misc/emi62.c': File exists
cp: cannot create regular file '/dev/shm/linux/./drivers/usb/misc/idmouse.c': File exists
cp: cannot create regular file '/dev/shm/linux/./drivers/usb/misc/isight_firmware.c': File exists
cp: cannot create regular file '/dev/shm/linux/./drivers/usb/misc/ldusb.c': File exists
cp: cannot create regular file '/dev/shm/linux/./drivers/usb/misc/lvstest.c': File exists
cp: cannot create regular file '/dev/shm/linux/./drivers/usb/misc/onboard_usb_dev.h': File exists
cp: cannot create regular file '/dev/shm/linux/./drivers/usb/misc/qcom_eud.c': File exists
cp: cannot create regular file '/dev/shm/linux/./drivers/usb/misc/usbsevseg.c': File exists
cp: cannot create regular file '/dev/shm/linux/./drivers/usb/mon/Makefile': File exists
cp: cannot create regular file '/dev/shm/linux/./drivers/usb/mon/mon_bin.c': File exists
cp: cannot create regular file '/dev/shm/linux/./drivers/usb/mon/mon_stat.c': File exists
cp: cannot create regular file '/dev/shm/linux/./drivers/usb/mon/usb_mon.h': File exists
cp: cannot create regular file '/dev/shm/linux/./drivers/usb/musb/musb_host.c': File exists
cp: cannot create regular file '/dev/shm/linux/./drivers/usb/musb/musb_io.h': File exists
cp: cannot create regular file '/dev/shm/linux/./drivers/usb/musb/musb_regs.h': File exists
cp: cannot create regular file '/dev/shm/linux/./drivers/usb/musb/musb_trace.h': File exists
cp: cannot create regular file '/dev/shm/linux/./drivers/usb/musb/musbhsdma.c': File exists
cp: cannot create regular file '/dev/shm/linux/./drivers/usb/musb/omap2430.h': File exists
cp: cannot create regular file '/dev/shm/linux/./drivers/usb/musb/tusb6010.c': File exists
cp: cannot create regular file '/dev/shm/linux/./drivers/usb/musb/tusb6010_omap.c': File exists
cp: cannot create regular file '/dev/shm/linux/./drivers/usb/musb/ux500_dma.c': File exists
cp: cannot create regular file '/dev/shm/linux/./drivers/usb/roles/intel-xhci-usb-role-switch.c': File exists
cp: cannot create regular file '/dev/shm/linux/./drivers/usb/serial/Makefile': File exists
cp: cannot create regular file '/dev/shm/linux/./drivers/usb/serial/aircable.c': File exists
cp: cannot create regular file '/dev/shm/linux/./drivers/usb/serial/bus.c': File exists
cp: cannot create regular file '/dev/shm/linux/./drivers/usb/serial/console.c': File exists
cp: cannot create regular file '/dev/shm/linux/./drivers/usb/serial/cypress_m8.h': File exists
cp: cannot create regular file '/dev/shm/linux/./drivers/usb/serial/digi_acceleport.c': File exists
cp: cannot create regular file '/dev/shm/linux/./drivers/usb/serial/ezusb_convert.pl': File exists
cp: cannot create regular file '/dev/shm/linux/./drivers/usb/serial/garmin_gps.c': File exists
cp: cannot create regular file '/dev/shm/linux/./drivers/usb/serial/io_ti.c': File exists
cp: cannot create regular file '/dev/shm/linux/./drivers/usb/serial/io_usbvend.h': File exists
cp: cannot create regular file '/dev/shm/linux/./drivers/usb/serial/ipw.c': File exists
cp: cannot create regular file '/dev/shm/linux/./drivers/usb/serial/iuu_phoenix.c': File exists
cp: cannot create regular file '/dev/shm/linux/./drivers/usb/serial/keyspan.c': File exists
cp: cannot create regular file '/dev/shm/linux/./drivers/usb/serial/keyspan_usa26msg.h': File exists
cp: cannot create regular file '/dev/shm/linux/./drivers/usb/serial/keyspan_usa49msg.h': File exists
cp: cannot create regular file '/dev/shm/linux/./drivers/usb/serial/keyspan_usa90msg.h': File exists
cp: cannot create regular file '/dev/shm/linux/./drivers/usb/serial/kl5kusb105.h': File exists
cp: cannot create regular file '/dev/shm/linux/./drivers/usb/serial/kobil_sct.h': File exists
cp: cannot create regular file '/dev/shm/linux/./drivers/usb/serial/mct_u232.h': File exists
cp: cannot create regular file '/dev/shm/linux/./drivers/usb/serial/mos7720.c': File exists
cp: cannot create regular file '/dev/shm/linux/./drivers/usb/serial/mxuport.c': File exists
cp: cannot create regular file '/dev/shm/linux/./drivers/usb/serial/opticon.c': File exists
cp: cannot create regular file '/dev/shm/linux/./drivers/usb/serial/pl2303.c': File exists
cp: cannot create regular file '/dev/shm/linux/./drivers/usb/serial/qcaux.c': File exists
cp: cannot create regular file '/dev/shm/linux/./drivers/usb/serial/quatech2.c': File exists
cp: cannot create regular file '/dev/shm/linux/./drivers/usb/serial/sierra.c': File exists
cp: cannot create regular file '/dev/shm/linux/./drivers/usb/serial/ssu100.c': File exists
cp: cannot create regular file '/dev/shm/linux/./drivers/usb/serial/ti_usb_3410_5052.c': File exists
cp: cannot create regular file '/dev/shm/linux/./drivers/usb/serial/usb-serial-simple.c': File exists
cp: cannot create regular file '/dev/shm/linux/./drivers/usb/serial/usb-serial.c': File exists
cp: cannot create regular file '/dev/shm/linux/./drivers/usb/serial/usb_wwan.c': File exists
cp: cannot create regular file '/dev/shm/linux/./drivers/usb/serial/visor.h': File exists
cp: cannot create regular file '/dev/shm/linux/./drivers/usb/serial/whiteheat.h': File exists
cp: cannot create regular file '/dev/shm/linux/./drivers/usb/serial/xr_serial.c': File exists
cp: cannot create regular file '/dev/shm/linux/./drivers/usb/storage/Makefile': File exists
cp: cannot create regular file '/dev/shm/linux/./drivers/usb/storage/cypress_atacb.c': File exists
cp: cannot create regular file '/dev/shm/linux/./drivers/usb/storage/debug.c': File exists
cp: cannot create regular file '/dev/shm/linux/./drivers/usb/storage/isd200.c': File exists
cp: cannot create regular file '/dev/shm/linux/./drivers/usb/storage/karma.c': File exists
cp: cannot create regular file '/dev/shm/linux/./drivers/usb/storage/option_ms.c': File exists
cp: cannot create regular file '/dev/shm/linux/./drivers/usb/storage/option_ms.h': File exists
cp: cannot create regular file '/dev/shm/linux/./drivers/usb/storage/protocol.h': File exists
cp: cannot create regular file '/dev/shm/linux/./drivers/usb/storage/scsiglue.c': File exists
cp: cannot create regular file '/dev/shm/linux/./drivers/usb/storage/sddr09.c': File exists
cp: cannot create regular file '/dev/shm/linux/./drivers/usb/storage/transport.c': File exists
cp: cannot create regular file '/dev/shm/linux/./drivers/usb/storage/uas-detect.h': File exists
cp: cannot create regular file '/dev/shm/linux/./drivers/usb/storage/unusual_alauda.h': File exists
cp: cannot create regular file '/dev/shm/linux/./drivers/usb/storage/unusual_cypress.h': File exists
cp: cannot create regular file '/dev/shm/linux/./drivers/usb/storage/unusual_datafab.h': File exists
cp: cannot create regular file '/dev/shm/linux/./drivers/usb/storage/unusual_isd200.h': File exists
cp: cannot create regular file '/dev/shm/linux/./drivers/usb/storage/unusual_karma.h': File exists
cp: cannot create regular file '/dev/shm/linux/./drivers/usb/storage/unusual_realtek.h': File exists
cp: cannot create regular file '/dev/shm/linux/./drivers/usb/storage/unusual_sddr55.h': File exists
cp: cannot create regular file '/dev/shm/linux/./drivers/usb/storage/unusual_usbat.h': File exists
cp: cannot create regular file '/dev/shm/linux/./drivers/usb/storage/usb.h': File exists
cp: cannot create regular file '/dev/shm/linux/./drivers/usb/typec/Kconfig': File exists
cp: cannot create regular file '/dev/shm/linux/./drivers/usb/typec/altmodes/Makefile': File exists
cp: cannot create regular file '/dev/shm/linux/./drivers/usb/typec/altmodes/thunderbolt.c': File exists
cp: cannot create regular file '/dev/shm/linux/./drivers/usb/typec/anx7411.c': File exists
cp: cannot create regular file '/dev/shm/linux/./drivers/usb/typec/bus.h': File exists
cp: cannot create regular file '/dev/shm/linux/./drivers/usb/typec/mode_selection.c': File exists
cp: cannot create regular file '/dev/shm/linux/./drivers/usb/typec/mux.h': File exists
cp: cannot create directory '/dev/shm/linux/./drivers/usb/typec/tipd': File exists
cp: cannot create regular file '/dev/shm/linux/./drivers/usb/usbip/usbip_common.h': File exists
cp: cannot create regular file '/dev/shm/linux/./drivers/usb/usbip/usbip_event.c': File exists
cp: cannot create regular file '/dev/shm/linux/./drivers/usb/usbip/vhci_hcd.c': File exists
cp: cannot create regular file '/dev/shm/linux/./drivers/usb/usbip/vhci_sysfs.c': File exists
cp: cannot create regular file '/dev/shm/linux/./drivers/usb/usbip/vudc.h': File exists
cp: cannot create regular file '/dev/shm/linux/./drivers/usb/usbip/vudc_main.c': File exists
cp: cannot create regular file '/dev/shm/linux/./drivers/usb/usbip/vudc_sysfs.c': File exists
cp: cannot create regular file '/dev/shm/linux/./drivers/usb/usbip/vudc_tx.c': File exists
cp: cannot create regular file '/dev/shm/linux/./drivers/vfio/pci/pds/vfio_dev.h': File exists
cp: cannot create regular file '/dev/shm/linux/./drivers/vfio/pci/qat/Makefile': File exists
cp: cannot create regular file '/dev/shm/linux/./drivers/vfio/pci/trace.h': File exists
cp: cannot create regular file '/dev/shm/linux/./drivers/vfio/pci/vfio_pci_config.c': File exists
cp: cannot create regular file '/dev/shm/linux/./drivers/vfio/pci/vfio_pci_intrs.c': File exists
cp: cannot create regular file '/dev/shm/linux/./drivers/vfio/pci/vfio_pci_rdwr.c': File exists
cp: cannot create regular file '/dev/shm/linux/./drivers/vfio/pci/virtio/Makefile': File exists
cp: cannot create regular file '/dev/shm/linux/./drivers/vfio/pci/virtio/legacy_io.c': File exists
cp: cannot create regular file '/dev/shm/linux/./drivers/vfio/pci/virtio/migrate.c': File exists
cp: cannot create regular file '/dev/shm/linux/./drivers/vfio/platform/reset/Kconfig': File exists
cp: cannot create regular file '/dev/shm/linux/./drivers/vfio/platform/reset/vfio_platform_amdxgbe.c': File exists
cp: cannot create regular file '/dev/shm/linux/./drivers/vfio/platform/vfio_amba.c': File exists
cp: cannot create regular file '/dev/shm/linux/./drivers/vfio/vfio.h': File exists
cp: cannot create regular file '/dev/shm/linux/./drivers/vfio/vfio_iommu_type1.c': File exists
cp: cannot create regular file '/dev/shm/linux/./drivers/vhost/iotlb.c': File exists
cp: cannot create regular file '/dev/shm/linux/./drivers/vhost/scsi.c': File exists
cp: cannot create regular file '/dev/shm/linux/./drivers/vhost/test.h': File exists
cp: cannot create regular file '/dev/shm/linux/./drivers/vhost/vhost.h': File exists
cp: cannot create regular file '/dev/shm/linux/./fs/btrfs/delayed-ref.c': File exists
cp: cannot create regular file '/dev/shm/linux/./fs/btrfs/dev-replace.c': File exists
cp: cannot create regular file '/dev/shm/linux/./fs/btrfs/dir-item.h': File exists
cp: cannot create regular file '/dev/shm/linux/./fs/btrfs/direct-io.h': File exists
cp: cannot create regular file '/dev/shm/linux/./fs/btrfs/discard.c': File exists
cp: cannot create regular file '/dev/shm/linux/./fs/btrfs/disk-io.c': File exists
cp: cannot create regular file '/dev/shm/linux/./fs/btrfs/extent-io-tree.h': File exists
cp: cannot create regular file '/dev/shm/linux/./fs/btrfs/extent_io.c': File exists
cp: cannot create regular file '/dev/shm/linux/./fs/btrfs/extent_map.h': File exists
cp: cannot create regular file '/dev/shm/linux/./fs/btrfs/fiemap.c': File exists
cp: cannot create regular file '/dev/shm/linux/./fs/btrfs/file-item.c': File exists
cp: cannot create regular file '/dev/shm/linux/./fs/btrfs/file.c': File exists
cp: cannot create regular file '/dev/shm/linux/./fs/btrfs/free-space-cache.c': File exists
cp: cannot create regular file '/dev/shm/linux/./fs/btrfs/free-space-tree.c': File exists
cp: cannot create regular file '/dev/shm/linux/./fs/btrfs/fs.h': File exists
cp: cannot create regular file '/dev/shm/linux/./fs/btrfs/inode-item.h': File exists
cp: cannot create regular file '/dev/shm/linux/./fs/btrfs/inode.c': File exists
cp: cannot create regular file '/dev/shm/linux/./fs/btrfs/locking.h': File exists
cp: cannot create regular file '/dev/shm/linux/./fs/btrfs/lru_cache.h': File exists
cp: cannot create regular file '/dev/shm/linux/./fs/btrfs/lzo.c': File exists
cp: cannot create regular file '/dev/shm/linux/./fs/btrfs/messages.h': File exists
cp: cannot create regular file '/dev/shm/linux/./fs/btrfs/ordered-data.h': File exists
cp: cannot create regular file '/dev/shm/linux/./fs/btrfs/orphan.c': File exists
cp: cannot create regular file '/dev/shm/linux/./fs/btrfs/print-tree.c': File exists
cp: cannot create regular file '/dev/shm/linux/./fs/btrfs/props.c': File exists
cp: cannot create regular file '/dev/shm/linux/./fs/btrfs/qgroup.c': File exists
cp: cannot create regular file '/dev/shm/linux/./fs/btrfs/raid-stripe-tree.h': File exists
cp: cannot create regular file '/dev/shm/linux/./fs/btrfs/ref-verify.h': File exists
cp: cannot create regular file '/dev/shm/linux/./fs/btrfs/reflink.c': File exists
cp: cannot create regular file '/dev/shm/linux/./fs/btrfs/relocation.c': File exists
cp: cannot create regular file '/dev/shm/linux/./fs/btrfs/root-tree.c': File exists
cp: cannot create regular file '/dev/shm/linux/./fs/btrfs/send.c': File exists
cp: cannot create regular file '/dev/shm/linux/./fs/btrfs/space-info.c': File exists
cp: cannot create regular file '/dev/shm/linux/./fs/btrfs/subpage.c': File exists
cp: cannot create regular file '/dev/shm/linux/./fs/btrfs/super.c': File exists
cp: cannot create directory '/dev/shm/linux/./fs/btrfs/tests': File exists
cp: cannot create regular file '/dev/shm/linux/./fs/btrfs/xattr.h': File exists
cp: cannot create regular file '/dev/shm/linux/./fs/btrfs/zlib.c': File exists
cp: cannot create regular file '/dev/shm/linux/./fs/buffer.c': File exists
cp: cannot create regular file '/dev/shm/linux/./fs/ceph/io.c': File exists
cp: cannot create regular file '/dev/shm/linux/./fs/ceph/io.h': File exists
cp: cannot create regular file '/dev/shm/linux/./fs/ceph/ioctl.h': File exists
cp: cannot create regular file '/dev/shm/linux/./fs/ceph/mds_client.c': File exists
cp: cannot create regular file '/dev/shm/linux/./fs/ceph/mdsmap.c': File exists
cp: cannot create regular file '/dev/shm/linux/./fs/ceph/metric.c': File exists
cp: cannot create regular file '/dev/shm/linux/./fs/ceph/quota.c': File exists
cp: cannot create regular file '/dev/shm/linux/./fs/ceph/subvolume_metrics.h': File exists
cp: cannot create regular file '/dev/shm/linux/./fs/ceph/super.h': File exists
cp: cannot create regular file '/dev/shm/linux/./fs/char_dev.c': File exists
cp: cannot create regular file '/dev/shm/linux/./fs/dlm/ast.c': File exists
cp: cannot create regular file '/dev/shm/linux/./fs/dlm/config.c': File exists
cp: cannot create regular file '/dev/shm/linux/./fs/dlm/dir.c': File exists
cp: cannot create regular file '/dev/shm/linux/./fs/dlm/dlm_internal.h': File exists
cp: cannot create regular file '/dev/shm/linux/./fs/dlm/lockspace.h': File exists
cp: cannot create regular file '/dev/shm/linux/./fs/dlm/lowcomms.h': File exists
cp: cannot create regular file '/dev/shm/linux/./fs/dlm/lvb_table.h': File exists
cp: cannot create regular file '/dev/shm/linux/./fs/dlm/member.c': File exists
cp: cannot create regular file '/dev/shm/linux/./fs/dlm/memory.h': File exists
cp: cannot create regular file '/dev/shm/linux/./fs/dlm/midcomms.h': File exists
cp: cannot create regular file '/dev/shm/linux/./fs/dlm/plock.c': File exists
cp: cannot create regular file '/dev/shm/linux/./fs/dlm/rcom.h': File exists
cp: cannot create regular file '/dev/shm/linux/./fs/dlm/recover.c': File exists
cp: cannot create regular file '/dev/shm/linux/./fs/dlm/recoverd.c': File exists
cp: cannot create regular file '/dev/shm/linux/./fs/dlm/requestqueue.c': File exists
cp: cannot create regular file '/dev/shm/linux/./fs/dlm/user.c': File exists
cp: cannot create regular file '/dev/shm/linux/./fs/dlm/util.c': File exists
cp: cannot create regular file '/dev/shm/linux/./fs/drop_caches.c': File exists
cp: cannot create regular file '/dev/shm/linux/./fs/erofs/Makefile': File exists
cp: cannot create regular file '/dev/shm/linux/./fs/erofs/decompressor.c': File exists
cp: cannot create regular file '/dev/shm/linux/./fs/erofs/decompressor_crypto.c': File exists
cp: cannot create regular file '/dev/shm/linux/./fs/erofs/decompressor_deflate.c': File exists
cp: cannot create regular file '/dev/shm/linux/./fs/erofs/dir.c': File exists
cp: cannot create regular file '/dev/shm/linux/./fs/erofs/erofs_fs.h': File exists
cp: cannot create regular file '/dev/shm/linux/./fs/erofs/fileio.c': File exists
cp: cannot create regular file '/dev/shm/linux/./fs/erofs/fscache.c': File exists
cp: cannot create regular file '/dev/shm/linux/./fs/erofs/ishare.c': File exists
cp: cannot create regular file '/dev/shm/linux/./fs/erofs/namei.c': File exists
cp: cannot create regular file '/dev/shm/linux/./fs/erofs/super.c': File exists
cp: cannot create regular file '/dev/shm/linux/./fs/erofs/xattr.c': File exists
cp: cannot create regular file '/dev/shm/linux/./fs/eventfd.c': File exists
cp: cannot create regular file '/dev/shm/linux/./fs/exec.c': File exists
cp: cannot create regular file '/dev/shm/linux/./fs/ext2/trace.c': File exists
cp: cannot create regular file '/dev/shm/linux/./fs/ext2/xattr_security.c': File exists
cp: cannot create regular file '/dev/shm/linux/./fs/ext2/xattr_trusted.c': File exists
cp: cannot create regular file '/dev/shm/linux/./fs/ext4/.kunitconfig': File exists
cp: cannot create regular file '/dev/shm/linux/./fs/ext4/Makefile': File exists
cp: cannot create regular file '/dev/shm/linux/./fs/ext4/acl.c': File exists
cp: cannot create regular file '/dev/shm/linux/./fs/ext4/balloc.c': File exists
cp: cannot create regular file '/dev/shm/linux/./fs/ext4/crypto.c': File exists
cp: cannot create regular file '/dev/shm/linux/./fs/ext4/ext4_jbd2.h': File exists
cp: cannot create regular file '/dev/shm/linux/./fs/ext4/extents-test.c': File exists
cp: cannot create regular file '/dev/shm/linux/./fs/ext4/extents_status.h': File exists
cp: cannot create regular file '/dev/shm/linux/./fs/ext4/fast_commit.h': File exists
cp: cannot create regular file '/dev/shm/linux/./fs/ext4/fsync.c': File exists
cp: cannot create regular file '/dev/shm/linux/./fs/ext4/ialloc.c': File exists
cp: cannot create regular file '/dev/shm/linux/./fs/ext4/mballoc-test.c': File exists
cp: cannot create regular file '/dev/shm/linux/./fs/ext4/mmp.c': File exists
cp: cannot create regular file '/dev/shm/linux/./fs/ext4/move_extent.c': File exists
cp: cannot create regular file '/dev/shm/linux/./fs/ext4/readpage.c': File exists
cp: cannot create regular file '/dev/shm/linux/./fs/ext4/resize.c': File exists
cp: cannot create regular file '/dev/shm/linux/./fs/ext4/symlink.c': File exists
cp: cannot create regular file '/dev/shm/linux/./fs/ext4/sysfs.c': File exists
cp: cannot create regular file '/dev/shm/linux/./fs/ext4/verity.c': File exists
cp: cannot create regular file '/dev/shm/linux/./fs/ext4/xattr_trusted.c': File exists
cp: cannot create regular file '/dev/shm/linux/./fs/f2fs/acl.c': File exists
cp: cannot create regular file '/dev/shm/linux/./fs/f2fs/acl.h': File exists
cp: cannot create regular file '/dev/shm/linux/./fs/f2fs/compress.c': File exists
cp: cannot create regular file '/dev/shm/linux/./fs/f2fs/dir.c': File exists
cp: cannot create regular file '/dev/shm/linux/./fs/f2fs/gc.h': File exists
cp: cannot create regular file '/dev/shm/linux/./fs/f2fs/hash.c': File exists
cp: cannot create regular file '/dev/shm/linux/./fs/f2fs/inline.c': File exists
cp: cannot create regular file '/dev/shm/linux/./fs/f2fs/iostat.c': File exists
cp: cannot create regular file '/dev/shm/linux/./fs/f2fs/namei.c': File exists
cp: cannot create regular file '/dev/shm/linux/./fs/f2fs/segment.c': File exists
cp: cannot create regular file '/dev/shm/linux/./fs/f2fs/shrinker.c': File exists
cp: cannot create regular file '/dev/shm/linux/./fs/f2fs/xattr.c': File exists
cp: cannot create regular file '/dev/shm/linux/./fs/fat/Kconfig': File exists
cp: cannot create regular file '/dev/shm/linux/./fs/fat/cache.c': File exists
cp: cannot create regular file '/dev/shm/linux/./fs/fat/fat.h': File exists
cp: cannot create regular file '/dev/shm/linux/./fs/fat/fatent.c': File exists
cp: cannot create regular file '/dev/shm/linux/./fs/fat/inode.c': File exists
cp: cannot create regular file '/dev/shm/linux/./fs/fat/namei_msdos.c': File exists
cp: cannot create regular file '/dev/shm/linux/./fs/fat/nfs.c': File exists
cp: cannot create regular file '/dev/shm/linux/./fs/fhandle.c': File exists
cp: cannot create regular file '/dev/shm/linux/./fs/file.c': File exists
cp: cannot create regular file '/dev/shm/linux/./fs/file_table.c': File exists
cp: cannot create regular file '/dev/shm/linux/./fs/freevxfs/Kconfig': File exists
cp: cannot create regular file '/dev/shm/linux/./fs/freevxfs/vxfs_bmap.c': File exists
cp: cannot create regular file '/dev/shm/linux/./fs/freevxfs/vxfs_extern.h': File exists
cp: cannot create regular file '/dev/shm/linux/./fs/freevxfs/vxfs_immed.c': File exists
cp: cannot create regular file '/dev/shm/linux/./fs/freevxfs/vxfs_inode.h': File exists
cp: cannot create regular file '/dev/shm/linux/./fs/freevxfs/vxfs_olt.c': File exists
cp: cannot create regular file '/dev/shm/linux/./fs/freevxfs/vxfs_subr.c': File exists
cp: cannot create regular file '/dev/shm/linux/./fs/freevxfs/vxfs_super.c': File exists
cp: cannot create regular file '/dev/shm/linux/./fs/fs_pin.c': File exists
cp: cannot create regular file '/dev/shm/linux/./fs/fserror.c': File exists
cp: cannot create regular file '/dev/shm/linux/./fs/fuse/Makefile': File exists
cp: cannot create regular file '/dev/shm/linux/./fs/fuse/backing.c': File exists
cp: cannot create regular file '/dev/shm/linux/./fs/fuse/cuse.c': File exists
cp: cannot create regular file '/dev/shm/linux/./fs/fuse/dev_uring_i.h': File exists
cp: cannot create regular file '/dev/shm/linux/./fs/fuse/ioctl.c': File exists
cp: cannot create regular file '/dev/shm/linux/./fs/fuse/passthrough.c': File exists
cp: cannot create regular file '/dev/shm/linux/./fs/fuse/sysctl.c': File exists
cp: cannot create regular file '/dev/shm/linux/./fs/fuse/virtio_fs.c': File exists
cp: cannot create regular file '/dev/shm/linux/./fs/gfs2/Makefile': File exists
cp: cannot create regular file '/dev/shm/linux/./fs/gfs2/acl.h': File exists
cp: cannot create regular file '/dev/shm/linux/./fs/gfs2/aops.c': File exists
cp: cannot create regular file '/dev/shm/linux/./fs/gfs2/bmap.c': File exists
cp: cannot create regular file '/dev/shm/linux/./fs/gfs2/dentry.c': File exists
cp: cannot create regular file '/dev/shm/linux/./fs/gfs2/file.c': File exists
cp: cannot create regular file '/dev/shm/linux/./fs/gfs2/glock.c': File exists
cp: cannot create regular file '/dev/shm/linux/./fs/gfs2/glops.c': File exists
cp: cannot create regular file '/dev/shm/linux/./fs/gfs2/log.c': File exists
cp: cannot create regular file '/dev/shm/linux/./fs/gfs2/lops.h': File exists
cp: cannot create regular file '/dev/shm/linux/./fs/gfs2/main.c': File exists
cp: cannot create regular file '/dev/shm/linux/./fs/gfs2/meta_io.c': File exists
cp: cannot create regular file '/dev/shm/linux/./fs/gfs2/ops_fstype.c': File exists
cp: cannot create regular file '/dev/shm/linux/./fs/gfs2/recovery.h': File exists
cp: cannot create regular file '/dev/shm/linux/./fs/gfs2/rgrp.c': File exists
cp: cannot create regular file '/dev/shm/linux/./fs/gfs2/rgrp.h': File exists
cp: cannot create regular file '/dev/shm/linux/./fs/gfs2/super.h': File exists
cp: cannot create regular file '/dev/shm/linux/./fs/gfs2/sys.h': File exists
cp: cannot create regular file '/dev/shm/linux/./fs/gfs2/trans.c': File exists
cp: cannot create regular file '/dev/shm/linux/./fs/gfs2/util.c': File exists
cp: cannot create regular file '/dev/shm/linux/./fs/gfs2/xattr.c': File exists
cp: cannot create regular file '/dev/shm/linux/./fs/hfsplus/xattr.c': File exists
cp: cannot create regular file '/dev/shm/linux/./fs/hfsplus/xattr_security.c': File exists
cp: cannot create regular file '/dev/shm/linux/./fs/hostfs/hostfs.h': File exists
cp: cannot create regular file '/dev/shm/linux/./fs/hpfs/Kconfig': File exists
cp: cannot create regular file '/dev/shm/linux/./fs/hpfs/alloc.c': File exists
cp: cannot create regular file '/dev/shm/linux/./fs/hpfs/dentry.c': File exists
cp: cannot create regular file '/dev/shm/linux/./fs/hpfs/dir.c': File exists
cp: cannot create regular file '/dev/shm/linux/./fs/hpfs/hpfs.h': File exists
cp: cannot create regular file '/dev/shm/linux/./fs/hpfs/inode.c': File exists
cp: cannot create regular file '/dev/shm/linux/./fs/hpfs/map.c': File exists
cp: cannot create regular file '/dev/shm/linux/./fs/hpfs/namei.c': File exists
cp: cannot create regular file '/dev/shm/linux/./fs/hugetlbfs/Makefile': File exists
cp: cannot create regular file '/dev/shm/linux/./fs/init.c': File exists
cp: cannot create regular file '/dev/shm/linux/./fs/inode.c': File exists
cp: cannot create regular file '/dev/shm/linux/./fs/ioctl.c': File exists
cp: cannot create regular file '/dev/shm/linux/./fs/isofs/zisofs.h': File exists
cp: cannot create regular file '/dev/shm/linux/./fs/jffs2/compr_lzo.c': File exists
cp: cannot create regular file '/dev/shm/linux/./fs/jffs2/compr_rtime.c': File exists
cp: cannot create regular file '/dev/shm/linux/./fs/jffs2/compr_rubin.c': File exists
cp: cannot create regular file '/dev/shm/linux/./fs/jffs2/debug.c': File exists
cp: cannot create regular file '/dev/shm/linux/./fs/jffs2/dir.c': File exists
cp: cannot create regular file '/dev/shm/linux/./fs/jffs2/file.c': File exists
cp: cannot create regular file '/dev/shm/linux/./fs/jffs2/gc.c': File exists
cp: cannot create regular file '/dev/shm/linux/./fs/jffs2/jffs2_fs_i.h': File exists
cp: cannot create regular file '/dev/shm/linux/./fs/jffs2/malloc.c': File exists
cp: cannot create regular file '/dev/shm/linux/./fs/jffs2/nodelist.c': File exists
cp: cannot create regular file '/dev/shm/linux/./fs/jffs2/nodemgmt.c': File exists
cp: cannot create regular file '/dev/shm/linux/./fs/jffs2/read.c': File exists
cp: cannot create regular file '/dev/shm/linux/./fs/jffs2/readinode.c': File exists
cp: cannot create regular file '/dev/shm/linux/./fs/jffs2/security.c': File exists
cp: cannot create regular file '/dev/shm/linux/./fs/jffs2/summary.c': File exists
cp: cannot create regular file '/dev/shm/linux/./fs/jffs2/super.c': File exists
cp: cannot create regular file '/dev/shm/linux/./fs/jffs2/symlink.c': File exists
cp: cannot create regular file '/dev/shm/linux/./fs/jffs2/write.c': File exists
cp: cannot create regular file '/dev/shm/linux/./fs/jffs2/xattr.h': File exists
cp: cannot create regular file '/dev/shm/linux/./fs/jffs2/xattr_trusted.c': File exists
cp: cannot create regular file '/dev/shm/linux/./fs/jfs/Kconfig': File exists
cp: cannot create regular file '/dev/shm/linux/./fs/jfs/acl.c': File exists
cp: cannot create regular file '/dev/shm/linux/./fs/jfs/inode.c': File exists
cp: cannot create regular file '/dev/shm/linux/./fs/jfs/jfs_btree.h': File exists
cp: cannot create regular file '/dev/shm/linux/./fs/jfs/jfs_dinode.h': File exists
cp: cannot create regular file '/dev/shm/linux/./fs/jfs/jfs_discard.c': File exists
cp: cannot create regular file '/dev/shm/linux/./fs/jfs/jfs_extent.h': File exists
cp: cannot create regular file '/dev/shm/linux/./fs/jfs/jfs_filsys.h': File exists
cp: cannot create regular file '/dev/shm/linux/./fs/jfs/jfs_inode.c': File exists
cp: cannot create regular file '/dev/shm/linux/./fs/jfs/jfs_inode.h': File exists
cp: cannot create regular file '/dev/shm/linux/./fs/jfs/jfs_logmgr.c': File exists
cp: cannot create regular file '/dev/shm/linux/./fs/jfs/jfs_metapage.c': File exists
cp: cannot create regular file '/dev/shm/linux/./fs/jfs/jfs_mount.c': File exists
cp: cannot create regular file '/dev/shm/linux/./fs/jfs/jfs_superblock.h': File exists
cp: cannot create regular file '/dev/shm/linux/./fs/jfs/jfs_umount.c': File exists
cp: cannot create regular file '/dev/shm/linux/./fs/jfs/jfs_unicode.h': File exists
cp: cannot create regular file '/dev/shm/linux/./fs/jfs/jfs_xattr.h': File exists
cp: cannot create regular file '/dev/shm/linux/./fs/kernel_read_file.c': File exists
cp: cannot create regular file '/dev/shm/linux/./fs/kernfs/Kconfig': File exists
cp: cannot create regular file '/dev/shm/linux/./fs/kernfs/dir.c': File exists
cp: cannot create regular file '/dev/shm/linux/./fs/kernfs/inode.c': File exists
cp: cannot create regular file '/dev/shm/linux/./fs/kernfs/symlink.c': File exists
cp: cannot create regular file '/dev/shm/linux/./fs/lockd/Makefile': File exists
cp: cannot create regular file '/dev/shm/linux/./fs/lockd/clntlock.c': File exists
cp: cannot create regular file '/dev/shm/linux/./fs/lockd/svclock.c': File exists
cp: cannot create regular file '/dev/shm/linux/./fs/minix/Makefile': File exists
cp: cannot create regular file '/dev/shm/linux/./fs/minix/dir.c': File exists
cp: cannot create regular file '/dev/shm/linux/./fs/minix/inode.c': File exists
cp: cannot create regular file '/dev/shm/linux/./fs/minix/minix.h': File exists
cp: cannot create regular file '/dev/shm/linux/./fs/mnt_idmapping.c': File exists
cp: cannot create regular file '/dev/shm/linux/./fs/mount.h': File exists
cp: cannot create regular file '/dev/shm/linux/./fs/mpage.c': File exists
cp: cannot create directory '/dev/shm/linux/./fs/netfs': File exists
cp: cannot create regular file '/dev/shm/linux/./fs/nilfs2/bmap.c': File exists
cp: cannot create regular file '/dev/shm/linux/./fs/nilfs2/bmap.h': File exists
cp: cannot create regular file '/dev/shm/linux/./fs/nilfs2/btnode.h': File exists
cp: cannot create regular file '/dev/shm/linux/./fs/nilfs2/btree.h': File exists
cp: cannot create regular file '/dev/shm/linux/./fs/nilfs2/cpfile.c': File exists
cp: cannot create regular file '/dev/shm/linux/./fs/nilfs2/dat.c': File exists
cp: cannot create regular file '/dev/shm/linux/./fs/nilfs2/dir.c': File exists
cp: cannot create regular file '/dev/shm/linux/./fs/nilfs2/direct.h': File exists
cp: cannot create regular file '/dev/shm/linux/./fs/nilfs2/export.h': File exists
cp: cannot create regular file '/dev/shm/linux/./fs/nilfs2/gcinode.c': File exists
cp: cannot create regular file '/dev/shm/linux/./fs/nilfs2/inode.c': File exists
cp: cannot create regular file '/dev/shm/linux/./fs/nilfs2/namei.c': File exists
cp: cannot create regular file '/dev/shm/linux/./fs/nilfs2/page.c': File exists
cp: cannot create regular file '/dev/shm/linux/./fs/nilfs2/recovery.c': File exists
cp: cannot create regular file '/dev/shm/linux/./fs/nilfs2/segbuf.h': File exists
cp: cannot create regular file '/dev/shm/linux/./fs/nilfs2/sufile.h': File exists
cp: cannot create regular file '/dev/shm/linux/./fs/nilfs2/super.c': File exists
cp: cannot create regular file '/dev/shm/linux/./fs/nilfs2/the_nilfs.h': File exists
cp: cannot create regular file '/dev/shm/linux/./fs/nls/mac-greek.c': File exists
cp: cannot create regular file '/dev/shm/linux/./fs/nls/mac-inuit.c': File exists
cp: cannot create regular file '/dev/shm/linux/./fs/nls/nls_cp1250.c': File exists
cp: cannot create regular file '/dev/shm/linux/./fs/nls/nls_cp1255.c': File exists
cp: cannot create regular file '/dev/shm/linux/./fs/nls/nls_cp737.c': File exists
cp: cannot create regular file '/dev/shm/linux/./fs/nls/nls_cp850.c': File exists
cp: cannot create regular file '/dev/shm/linux/./fs/nls/nls_cp855.c': File exists
cp: cannot create regular file '/dev/shm/linux/./fs/nls/nls_cp860.c': File exists
cp: cannot create regular file '/dev/shm/linux/./fs/nls/nls_cp862.c': File exists
cp: cannot create regular file '/dev/shm/linux/./fs/nls/nls_cp864.c': File exists
cp: cannot create regular file '/dev/shm/linux/./fs/nls/nls_euc-jp.c': File exists
cp: cannot create regular file '/dev/shm/linux/./fs/nls/nls_iso8859-13.c': File exists
cp: cannot create regular file '/dev/shm/linux/./fs/nls/nls_iso8859-14.c': File exists
cp: cannot create regular file '/dev/shm/linux/./fs/nls/nls_iso8859-2.c': File exists
cp: cannot create regular file '/dev/shm/linux/./fs/nls/nls_iso8859-4.c': File exists
cp: cannot create regular file '/dev/shm/linux/./fs/nls/nls_iso8859-6.c': File exists
cp: cannot create regular file '/dev/shm/linux/./fs/nls/nls_iso8859-9.c': File exists
cp: cannot create regular file '/dev/shm/linux/./fs/nls/nls_koi8-ru.c': File exists
cp: cannot create regular file '/dev/shm/linux/./fs/nls/nls_koi8-u.c': File exists
cp: cannot create regular file '/dev/shm/linux/./fs/nls/nls_ucs2_utils.h': File exists
cp: cannot create regular file '/dev/shm/linux/./fs/notify/Makefile': File exists
cp: cannot create regular file '/dev/shm/linux/./fs/notify/dnotify/Makefile': File exists
cp: cannot create regular file '/dev/shm/linux/./fs/notify/fanotify/Makefile': File exists
cp: cannot create regular file '/dev/shm/linux/./fs/notify/fsnotify.h': File exists
cp: cannot create regular file '/dev/shm/linux/./fs/notify/group.c': File exists
cp: cannot create regular file '/dev/shm/linux/./fs/notify/inotify/Makefile': File exists
cp: cannot create regular file '/dev/shm/linux/./fs/notify/inotify/inotify_fsnotify.c': File exists
cp: cannot create regular file '/dev/shm/linux/./fs/notify/mark.c': File exists
cp: cannot create regular file '/dev/shm/linux/./fs/ntfs/Makefile': File exists
cp: cannot create regular file '/dev/shm/linux/./fs/ntfs/attrib.c': File exists
cp: cannot create regular file '/dev/shm/linux/./fs/ntfs/attrlist.c': File exists
cp: cannot create regular file '/dev/shm/linux/./fs/ntfs/bdev-io.c': File exists
cp: cannot create regular file '/dev/shm/linux/./fs/ntfs/bitmap.h': File exists
cp: cannot create regular file '/dev/shm/linux/./fs/ntfs/collate.h': File exists
cp: cannot create regular file '/dev/shm/linux/./fs/ntfs/index.c': File exists
cp: cannot create regular file '/dev/shm/linux/./fs/ntfs/inode.c': File exists
cp: cannot create regular file '/dev/shm/linux/./fs/ntfs/iomap.h': File exists
cp: cannot create regular file '/dev/shm/linux/./fs/ntfs/layout.h': File exists
cp: cannot create regular file '/dev/shm/linux/./fs/ntfs/logfile.h': File exists
cp: cannot create regular file '/dev/shm/linux/./fs/ntfs/namei.c': File exists
cp: cannot create regular file '/dev/shm/linux/./fs/ntfs/object_id.c': File exists
cp: cannot create regular file '/dev/shm/linux/./fs/ntfs/quota.h': File exists
cp: cannot create regular file '/dev/shm/linux/./fs/ntfs/reparse.h': File exists
cp: cannot create regular file '/dev/shm/linux/./fs/ntfs/runlist.h': File exists
cp: cannot create regular file '/dev/shm/linux/./fs/ntfs/super.c': File exists
cp: cannot create regular file '/dev/shm/linux/./fs/ntfs/sysctl.h': File exists
cp: cannot create regular file '/dev/shm/linux/./fs/ntfs/time.h': File exists
cp: cannot create regular file '/dev/shm/linux/./fs/ntfs/upcase.c': File exists
cp: cannot create regular file '/dev/shm/linux/./fs/ntfs3/Makefile': File exists
cp: cannot create regular file '/dev/shm/linux/./fs/ntfs3/bitmap.c': File exists
cp: cannot create regular file '/dev/shm/linux/./fs/ntfs3/file.c': File exists
cp: cannot create regular file '/dev/shm/linux/./fs/ntfs3/fslog.c': File exists
cp: cannot create regular file '/dev/shm/linux/./fs/ntfs3/lib/decompress_common.h': File exists
cp: cannot create regular file '/dev/shm/linux/./fs/ntfs3/lib/lzx_decompress.c': File exists
cp: cannot create regular file '/dev/shm/linux/./fs/ntfs3/namei.c': File exists
cp: cannot create regular file '/dev/shm/linux/./fs/ntfs3/run.c': File exists
cp: cannot create regular file '/dev/shm/linux/./fs/ntfs3/upcase.c': File exists
cp: cannot create regular file '/dev/shm/linux/./fs/nullfs.c': File exists
cp: cannot create regular file '/dev/shm/linux/./fs/ocfs2/Makefile': File exists
cp: cannot create regular file '/dev/shm/linux/./fs/ocfs2/acl.h': File exists
cp: cannot create regular file '/dev/shm/linux/./fs/ocfs2/aops.c': File exists
cp: cannot create regular file '/dev/shm/linux/./fs/ocfs2/blockcheck.h': File exists
cp: cannot create regular file '/dev/shm/linux/./fs/ocfs2/buffer_head_io.h': File exists
cp: cannot create regular file '/dev/shm/linux/./fs/ocfs2/dlm/dlmrecovery.c': File exists
cp: cannot create regular file '/dev/shm/linux/./fs/ocfs2/dlm/dlmunlock.c': File exists
cp: cannot create regular file '/dev/shm/linux/./fs/ocfs2/extent_map.c': File exists
cp: cannot create regular file '/dev/shm/linux/./fs/ocfs2/file.c': File exists
cp: cannot create regular file '/dev/shm/linux/./fs/ocfs2/filecheck.c': File exists
cp: cannot create regular file '/dev/shm/linux/./fs/ocfs2/heartbeat.c': File exists
cp: cannot create regular file '/dev/shm/linux/./fs/ocfs2/inode.c': File exists
cp: cannot create regular file '/dev/shm/linux/./fs/ocfs2/ioctl.c': File exists
cp: cannot create regular file '/dev/shm/linux/./fs/ocfs2/journal.c': File exists
cp: cannot create regular file '/dev/shm/linux/./fs/ocfs2/locks.c': File exists
cp: cannot create regular file '/dev/shm/linux/./fs/ocfs2/mmap.c': File exists
cp: cannot create regular file '/dev/shm/linux/./fs/ocfs2/move_extents.c': File exists
cp: cannot create regular file '/dev/shm/linux/./fs/ocfs2/namei.c': File exists
cp: cannot create regular file '/dev/shm/linux/./fs/ocfs2/ocfs1_fs_compat.h': File exists
cp: cannot create regular file '/dev/shm/linux/./fs/ocfs2/ocfs2_fs.h': File exists
cp: cannot create regular file '/dev/shm/linux/./fs/ocfs2/ocfs2_lockid.h': File exists
cp: cannot create regular file '/dev/shm/linux/./fs/ocfs2/ocfs2_lockingver.h': File exists
cp: cannot create regular file '/dev/shm/linux/./fs/ocfs2/quota_local.c': File exists
cp: cannot create regular file '/dev/shm/linux/./fs/ocfs2/reservations.h': File exists
cp: cannot create regular file '/dev/shm/linux/./fs/ocfs2/slot_map.c': File exists
cp: cannot create regular file '/dev/shm/linux/./fs/ocfs2/stack_o2cb.c': File exists
cp: cannot create regular file '/dev/shm/linux/./fs/ocfs2/stackglue.c': File exists
cp: cannot create regular file '/dev/shm/linux/./fs/ocfs2/suballoc.c': File exists
cp: cannot create regular file '/dev/shm/linux/./fs/ocfs2/sysfile.c': File exists
cp: cannot create regular file '/dev/shm/linux/./fs/ocfs2/uptodate.c': File exists
cp: cannot create regular file '/dev/shm/linux/./fs/ocfs2/xattr.c': File exists
cp: cannot create regular file '/dev/shm/linux/./fs/orangefs/devorangefs-req.c': File exists
cp: cannot create regular file '/dev/shm/linux/./fs/orangefs/downcall.h': File exists
cp: cannot create regular file '/dev/shm/linux/./fs/orangefs/inode.c': File exists
cp: cannot create regular file '/dev/shm/linux/./fs/orangefs/orangefs-bufmap.c': File exists
cp: cannot create regular file '/dev/shm/linux/./fs/orangefs/orangefs-cache.c': File exists
cp: cannot create regular file '/dev/shm/linux/./fs/orangefs/orangefs-debugfs.c': File exists
cp: cannot create regular file '/dev/shm/linux/./fs/orangefs/orangefs-dev-proto.h': File exists
cp: cannot create regular file '/dev/shm/linux/./fs/orangefs/orangefs-mod.c': File exists
cp: cannot create regular file '/dev/shm/linux/./fs/orangefs/orangefs-sysfs.h': File exists
cp: cannot create regular file '/dev/shm/linux/./fs/orangefs/orangefs-utils.c': File exists
cp: cannot create regular file '/dev/shm/linux/./fs/orangefs/super.c': File exists
cp: cannot create regular file '/dev/shm/linux/./fs/orangefs/upcall.h': File exists
cp: cannot create regular file '/dev/shm/linux/./fs/orangefs/xattr.c': File exists
cp: cannot create regular file '/dev/shm/linux/./fs/proc/interrupts.c': File exists
cp: cannot create regular file '/dev/shm/linux/./fs/proc/kmsg.c': File exists
cp: cannot create regular file '/dev/shm/linux/./fs/proc/meminfo.c': File exists
cp: cannot create regular file '/dev/shm/linux/./fs/proc/nommu.c': File exists
cp: cannot create regular file '/dev/shm/linux/./fs/proc/proc_net.c': File exists
cp: cannot create regular file '/dev/shm/linux/./fs/proc/proc_tty.c': File exists
cp: cannot create regular file '/dev/shm/linux/./fs/proc/root.c': File exists
cp: cannot create regular file '/dev/shm/linux/./fs/proc/softirqs.c': File exists
cp: cannot create regular file '/dev/shm/linux/./fs/proc/stat.c': File exists
cp: cannot create regular file '/dev/shm/linux/./fs/proc/uptime.c': File exists
cp: cannot create regular file '/dev/shm/linux/./fs/proc/vmcore.c': File exists
cp: cannot create regular file '/dev/shm/linux/./fs/pstore/Makefile': File exists
cp: cannot create regular file '/dev/shm/linux/./fs/pstore/ftrace.c': File exists
cp: cannot create regular file '/dev/shm/linux/./fs/pstore/internal.h': File exists
cp: cannot create regular file '/dev/shm/linux/./fs/pstore/pmsg.c': File exists
cp: cannot create regular file '/dev/shm/linux/./fs/pstore/ram_core.c': File exists
cp: cannot create regular file '/dev/shm/linux/./fs/pstore/zone.c': File exists
cp: cannot create regular file '/dev/shm/linux/./fs/quota/Makefile': File exists
cp: cannot create regular file '/dev/shm/linux/./fs/quota/dquot.c': File exists
cp: cannot create regular file '/dev/shm/linux/./fs/quota/netlink.c': File exists
cp: cannot create regular file '/dev/shm/linux/./fs/quota/quota_tree.c': File exists
cp: cannot create regular file '/dev/shm/linux/./fs/quota/quota_v1.c': File exists
cp: cannot create regular file '/dev/shm/linux/./fs/quota/quotaio_v1.h': File exists
cp: cannot create regular file '/dev/shm/linux/./fs/quota/quotaio_v2.h': File exists
cp: cannot create regular file '/dev/shm/linux/./fs/resctrl/rdtgroup.c': File exists
cp: cannot create regular file '/dev/shm/linux/./fs/smb/client/Kconfig': File exists
cp: cannot create regular file '/dev/shm/linux/./fs/smb/client/cached_dir.c': File exists
cp: cannot create regular file '/dev/shm/linux/./fs/smb/client/cifs_debug.c': File exists
cp: cannot create regular file '/dev/shm/linux/./fs/smb/client/cifs_ioctl.h': File exists
cp: cannot create regular file '/dev/shm/linux/./fs/smb/client/cifs_spnego.h': File exists
cp: cannot create regular file '/dev/shm/linux/./fs/smb/client/cifs_swn.c': File exists
cp: cannot create regular file '/dev/shm/linux/./fs/smb/client/cifs_unicode.h': File exists
cp: cannot create regular file '/dev/shm/linux/./fs/smb/client/cifsacl.h': File exists
cp: cannot create regular file '/dev/shm/linux/./fs/smb/client/cifsencrypt.c': File exists
cp: cannot create regular file '/dev/shm/linux/./fs/smb/client/cifsroot.c': File exists
cp: cannot create regular file '/dev/shm/linux/./fs/smb/client/compress.h': File exists
cp: cannot create regular file '/dev/shm/linux/./fs/smb/client/dfs.h': File exists
cp: cannot create regular file '/dev/shm/linux/./fs/smb/client/dfs_cache.h': File exists
cp: cannot create regular file '/dev/shm/linux/./fs/smb/client/dns_resolve.c': File exists
cp: cannot create regular file '/dev/shm/linux/./fs/smb/client/dns_resolve.h': File exists
cp: cannot create regular file '/dev/shm/linux/./fs/smb/client/file.c': File exists
cp: cannot create regular file '/dev/shm/linux/./fs/smb/client/gen_smb2_mapping': File exists
cp: cannot create regular file '/dev/shm/linux/./fs/smb/client/misc.c': File exists
cp: cannot create regular file '/dev/shm/linux/./fs/smb/client/netlink.c': File exists
cp: cannot create regular file '/dev/shm/linux/./fs/smb/client/nterr.h': File exists
cp: cannot create regular file '/dev/shm/linux/./fs/smb/client/readdir.c': File exists
cp: cannot create regular file '/dev/shm/linux/./fs/smb/client/sess.c': File exists
cp: cannot create regular file '/dev/shm/linux/./fs/smb/client/smb1maperror.c': File exists
cp: cannot create regular file '/dev/shm/linux/./fs/smb/client/smb1misc.c': File exists
cp: cannot create regular file '/dev/shm/linux/./fs/smb/client/smb1pdu.h': File exists
cp: cannot create regular file '/dev/shm/linux/./fs/smb/client/smb1session.c': File exists
cp: cannot create regular file '/dev/shm/linux/./fs/smb/client/smb2maperror.c': File exists
cp: cannot create regular file '/dev/shm/linux/./fs/smb/client/smb2misc.c': File exists
cp: cannot create regular file '/dev/shm/linux/./fs/smb/client/smb2proto.h': File exists
cp: cannot create regular file '/dev/shm/linux/./fs/smb/client/smbencrypt.c': File exists
cp: cannot create regular file '/dev/shm/linux/./fs/smb/client/trace.c': File exists
cp: cannot create regular file '/dev/shm/linux/./fs/smb/client/trace.h': File exists
cp: cannot create regular file '/dev/shm/linux/./fs/smb/client/unc.c': File exists
cp: cannot create regular file '/dev/shm/linux/./fs/smb/client/winucase.c': File exists
cp: cannot create regular file '/dev/shm/linux/./fs/smb/common/cifs_md4.c': File exists
cp: cannot create regular file '/dev/shm/linux/./fs/smb/common/fscc.h': File exists
cp: cannot create regular file '/dev/shm/linux/./fs/smb/common/smb1pdu.h': File exists
cp: cannot create regular file '/dev/shm/linux/./fs/smb/common/smb2pdu.h': File exists
cp: cannot create regular file '/dev/shm/linux/./fs/smb/common/smbglob.h': File exists
cp: cannot create directory '/dev/shm/linux/./fs/smb/server': File exists
cp: cannot create regular file '/dev/shm/linux/./fs/tracefs/inode.c': File exists
cp: cannot create regular file '/dev/shm/linux/./fs/ubifs/Makefile': File exists
cp: cannot create regular file '/dev/shm/linux/./fs/ubifs/budget.c': File exists
cp: cannot create regular file '/dev/shm/linux/./fs/ubifs/compress.c': File exists
cp: cannot create regular file '/dev/shm/linux/./fs/ubifs/debug.c': File exists
cp: cannot create regular file '/dev/shm/linux/./fs/ubifs/dir.c': File exists
cp: cannot create regular file '/dev/shm/linux/./fs/ubifs/find.c': File exists
cp: cannot create regular file '/dev/shm/linux/./fs/ubifs/journal.c': File exists
cp: cannot create regular file '/dev/shm/linux/./fs/ubifs/log.c': File exists
cp: cannot create regular file '/dev/shm/linux/./fs/ubifs/lpt.c': File exists
cp: cannot create regular file '/dev/shm/linux/./fs/ubifs/orphan.c': File exists
cp: cannot create regular file '/dev/shm/linux/./fs/ubifs/replay.c': File exists
cp: cannot create regular file '/dev/shm/linux/./fs/ubifs/scan.c': File exists
cp: cannot create regular file '/dev/shm/linux/./fs/ubifs/super.c': File exists
cp: cannot create regular file '/dev/shm/linux/./fs/ubifs/tnc.c': File exists
cp: cannot create regular file '/dev/shm/linux/./fs/ubifs/tnc_misc.c': File exists
cp: cannot create regular file '/dev/shm/linux/./fs/udf/Kconfig': File exists
cp: cannot create regular file '/dev/shm/linux/./fs/udf/balloc.c': File exists
cp: cannot create regular file '/dev/shm/linux/./fs/udf/directory.c': File exists
cp: cannot create regular file '/dev/shm/linux/./fs/udf/file.c': File exists
cp: cannot create regular file '/dev/shm/linux/./fs/udf/inode.c': File exists
cp: cannot create regular file '/dev/shm/linux/./fs/udf/misc.c': File exists
cp: cannot create regular file '/dev/shm/linux/./fs/udf/osta_udf.h': File exists
cp: cannot create regular file '/dev/shm/linux/./fs/udf/super.c': File exists
cp: cannot create regular file '/dev/shm/linux/./fs/udf/udf_i.h': File exists
cp: cannot create regular file '/dev/shm/linux/./fs/udf/udfdecl.h': File exists
cp: cannot create regular file '/dev/shm/linux/./fs/udf/udftime.c': File exists
cp: cannot create regular file '/dev/shm/linux/./fs/udf/unicode.c': File exists
cp: cannot create regular file '/dev/shm/linux/./fs/vboxsf/dir.c': File exists
cp: cannot create regular file '/dev/shm/linux/./fs/vboxsf/shfl_hostintf.h': File exists
cp: cannot create regular file '/dev/shm/linux/./fs/vboxsf/utils.c': File exists
cp: cannot create regular file '/dev/shm/linux/./fs/verity/Kconfig': File exists
cp: cannot create regular file '/dev/shm/linux/./fs/verity/enable.c': File exists
cp: cannot create regular file '/dev/shm/linux/./fs/verity/hash_algs.c': File exists
cp: cannot create regular file '/dev/shm/linux/./fs/verity/measure.c': File exists
cp: cannot create regular file '/dev/shm/linux/./fs/verity/pagecache.c': File exists
cp: cannot create regular file '/dev/shm/linux/./fs/verity/signature.c': File exists
cp: cannot create regular file '/dev/shm/linux/./fs/xattr.c': File exists
cp: cannot create regular file '/dev/shm/linux/./include/drm/drm_pciids.h': File exists
cp: cannot create regular file '/dev/shm/linux/./include/drm/drm_plane_helper.h': File exists
cp: cannot create regular file '/dev/shm/linux/./include/drm/drm_prime.h': File exists
cp: cannot create regular file '/dev/shm/linux/./include/drm/drm_privacy_screen_machine.h': File exists
cp: cannot create regular file '/dev/shm/linux/./include/drm/drm_property.h': File exists
cp: cannot create regular file '/dev/shm/linux/./include/drm/drm_ras_genl_family.h': File exists
cp: cannot create regular file '/dev/shm/linux/./include/drm/drm_self_refresh_helper.h': File exists
cp: cannot create regular file '/dev/shm/linux/./include/drm/drm_suballoc.h': File exists
cp: cannot create regular file '/dev/shm/linux/./include/drm/drm_syncobj.h': File exists
cp: cannot create regular file '/dev/shm/linux/./include/drm/drm_util.h': File exists
cp: cannot create regular file '/dev/shm/linux/./include/drm/drm_vblank.h': File exists
cp: cannot create regular file '/dev/shm/linux/./include/drm/drm_vblank_work.h': File exists
cp: cannot create regular file '/dev/shm/linux/./include/drm/drm_writeback.h': File exists
cp: cannot create regular file '/dev/shm/linux/./include/drm/gud.h': File exists
cp: cannot create regular file '/dev/shm/linux/./include/dt-bindings/bus/ti-sysc.h': File exists
cp: cannot create regular file '/dev/shm/linux/./include/dt-bindings/reset/sun55i-a523-r-ccu.h': File exists
cp: cannot create regular file '/dev/shm/linux/./include/dt-bindings/reset/sun6i-a31-ccu.h': File exists
cp: cannot create regular file '/dev/shm/linux/./include/dt-bindings/reset/sun8i-a83t-ccu.h': File exists
cp: cannot create regular file '/dev/shm/linux/./include/dt-bindings/reset/sun8i-h3-ccu.h': File exists
cp: cannot create regular file '/dev/shm/linux/./include/dt-bindings/reset/sun8i-r40-ccu.h': File exists
cp: cannot create regular file '/dev/shm/linux/./include/dt-bindings/reset/sun9i-a80-de.h': File exists
cp: cannot create regular file '/dev/shm/linux/./include/dt-bindings/reset/suniv-ccu-f1c100s.h': File exists
cp: cannot create regular file '/dev/shm/linux/./include/dt-bindings/reset/tegra124-car.h': File exists
cp: cannot create regular file '/dev/shm/linux/./include/dt-bindings/reset/tegra194-reset.h': File exists
cp: cannot create regular file '/dev/shm/linux/./include/dt-bindings/reset/tegra234-reset.h': File exists
cp: cannot create regular file '/dev/shm/linux/./include/dt-bindings/reset/ti-syscon.h': File exists
cp: cannot create regular file '/dev/shm/linux/./include/dt-bindings/soc/bcm2835-pm.h': File exists
cp: cannot create regular file '/dev/shm/linux/./include/dt-bindings/soc/bcm63268-pm.h': File exists
cp: cannot create regular file '/dev/shm/linux/./include/dt-bindings/soc/bcm6362-pm.h': File exists
cp: cannot create regular file '/dev/shm/linux/./include/dt-bindings/soc/qcom,apr.h': File exists
cp: cannot create regular file '/dev/shm/linux/./include/dt-bindings/soc/qcom,gsbi.h': File exists
cp: cannot create regular file '/dev/shm/linux/./include/dt-bindings/soc/qe-fsl,tsa.h': File exists
cp: cannot create regular file '/dev/shm/linux/./include/dt-bindings/soc/rockchip,vop2.h': File exists
cp: cannot create regular file '/dev/shm/linux/./include/dt-bindings/soc/samsung,exynos-usi.h': File exists
cp: cannot create regular file '/dev/shm/linux/./include/dt-bindings/soc/ti,sci_pm_domain.h': File exists
cp: cannot create regular file '/dev/shm/linux/./include/keys/ceph-type.h': File exists
cp: cannot create regular file '/dev/shm/linux/./include/keys/dns_resolver-type.h': File exists
cp: cannot create regular file '/dev/shm/linux/./include/keys/keyring-type.h': File exists
cp: cannot create regular file '/dev/shm/linux/./include/keys/rxrpc-type.h': File exists
cp: cannot create regular file '/dev/shm/linux/./include/keys/trusted_caam.h': File exists
cp: cannot create regular file '/dev/shm/linux/./include/keys/trusted_pkwm.h': File exists
cp: cannot create regular file '/dev/shm/linux/./include/keys/trusted_tpm.h': File exists
cp: cannot create regular file '/dev/shm/linux/./include/kunit/attributes.h': File exists
cp: cannot create regular file '/dev/shm/linux/./include/kunit/device.h': File exists
cp: cannot create regular file '/dev/shm/linux/./include/kunit/resource.h': File exists
cp: cannot create regular file '/dev/shm/linux/./include/kunit/skbuff.h': File exists
cp: cannot create regular file '/dev/shm/linux/./include/kunit/test-bug.h': File exists
cp: cannot create regular file '/dev/shm/linux/./include/kvm/arm_hypercalls.h': File exists
cp: cannot create regular file '/dev/shm/linux/./include/kvm/arm_psci.h': File exists
cp: cannot create regular file '/dev/shm/linux/./include/kvm/iodev.h': File exists
cp: cannot create regular file '/dev/shm/linux/./include/linux/acct.h': File exists
cp: cannot create regular file '/dev/shm/linux/./include/linux/acpi_amd_wbrf.h': File exists
cp: cannot create regular file '/dev/shm/linux/./include/linux/acpi_mdio.h': File exists
cp: cannot create regular file '/dev/shm/linux/./include/linux/acpi_rimt.h': File exists
cp: cannot create regular file '/dev/shm/linux/./include/linux/adb.h': File exists
cp: cannot create regular file '/dev/shm/linux/./include/linux/adi-axi-common.h': File exists
cp: cannot create regular file '/dev/shm/linux/./include/linux/adxl.h': File exists
cp: cannot create regular file '/dev/shm/linux/./include/linux/agp_backend.h': File exists
cp: cannot create regular file '/dev/shm/linux/./include/linux/ahci-remap.h': File exists
cp: cannot create regular file '/dev/shm/linux/./include/linux/aio.h': File exists
cp: cannot create regular file '/dev/shm/linux/./include/linux/alarmtimer.h': File exists
cp: cannot create regular file '/dev/shm/linux/./include/linux/align.h': File exists
cp: cannot create regular file '/dev/shm/linux/./include/linux/altera_jtaguart.h': File exists
cp: cannot create regular file '/dev/shm/linux/./include/linux/amba/kmi.h': File exists
cp: cannot create regular file '/dev/shm/linux/./include/linux/amba/pl022.h': File exists
cp: cannot create regular file '/dev/shm/linux/./include/linux/amba/pl08x.h': File exists
cp: cannot create regular file '/dev/shm/linux/./include/linux/amba/sp810.h': File exists
cp: cannot create regular file '/dev/shm/linux/./include/linux/amd-pmf-io.h': File exists
cp: cannot create regular file '/dev/shm/linux/./include/linux/anon_inodes.h': File exists
cp: cannot create regular file '/dev/shm/linux/./include/linux/apm-emulation.h': File exists
cp: cannot create regular file '/dev/shm/linux/./include/linux/apple-gmux.h': File exists
cp: cannot create regular file '/dev/shm/linux/./include/linux/args.h': File exists
cp: cannot create regular file '/dev/shm/linux/./include/linux/arm-smccc.h': File exists
cp: cannot create regular file '/dev/shm/linux/./include/linux/arm_mpam.h': File exists
cp: cannot create regular file '/dev/shm/linux/./include/linux/armada-37xx-rwtm-mailbox.h': File exists
cp: cannot create regular file '/dev/shm/linux/./include/linux/ascii85.h': File exists
cp: cannot create regular file '/dev/shm/linux/./include/linux/asn1_ber_bytecode.h': File exists
cp: cannot create regular file '/dev/shm/linux/./include/linux/asn1_encoder.h': File exists
cp: cannot create regular file '/dev/shm/linux/./include/linux/assoc_array_priv.h': File exists
cp: cannot create regular file '/dev/shm/linux/./include/linux/ata.h': File exists
cp: cannot create regular file '/dev/shm/linux/./include/linux/atalk.h': File exists
cp: cannot create regular file '/dev/shm/linux/./include/linux/atm_tcp.h': File exists
cp: cannot create regular file '/dev/shm/linux/./include/linux/atmel-isc-media.h': File exists
cp: cannot create regular file '/dev/shm/linux/./include/linux/atmel-ssc.h': File exists
cp: cannot create regular file '/dev/shm/linux/./include/linux/atomic.h': File exists
cp: cannot create regular file '/dev/shm/linux/./include/linux/auxiliary_bus.h': File exists
cp: cannot create regular file '/dev/shm/linux/./include/linux/auxvec.h': File exists
cp: cannot create regular file '/dev/shm/linux/./include/linux/backing-file.h': File exists
cp: cannot create regular file '/dev/shm/linux/./include/linux/badblocks.h': File exists
cp: cannot create regular file '/dev/shm/linux/./include/linux/balloon.h': File exists
cp: cannot create regular file '/dev/shm/linux/./include/linux/bcd.h': File exists
cp: cannot create regular file '/dev/shm/linux/./include/linux/bcm47xx_nvram.h': File exists
cp: cannot create regular file '/dev/shm/linux/./include/linux/bcm47xx_wdt.h': File exists
cp: cannot create regular file '/dev/shm/linux/./include/linux/bcma/bcma_driver_arm_c9.h': File exists
cp: cannot create regular file '/dev/shm/linux/./include/linux/bcma/bcma_driver_gmac_cmn.h': File exists
cp: cannot create regular file '/dev/shm/linux/./include/linux/bcma/bcma_driver_mips.h': File exists
cp: cannot create regular file '/dev/shm/linux/./include/linux/bcma/bcma_driver_pcie2.h': File exists
cp: cannot create regular file '/dev/shm/linux/./include/linux/bcma/bcma_soc.h': File exists
cp: cannot create regular file '/dev/shm/linux/./include/linux/bio-integrity.h': File exists
cp: cannot create regular file '/dev/shm/linux/./include/linux/bit_spinlock.h': File exists
cp: cannot create regular file '/dev/shm/linux/./include/linux/bitfield.h': File exists
cp: cannot create regular file '/dev/shm/linux/./include/linux/bitmap.h': File exists
cp: cannot create regular file '/dev/shm/linux/./include/linux/bitrev.h': File exists
cp: cannot create regular file '/dev/shm/linux/./include/linux/blk-cgroup.h': File exists
cp: cannot create regular file '/dev/shm/linux/./include/linux/blk-crypto-profile.h': File exists
cp: cannot create regular file '/dev/shm/linux/./include/linux/blk-crypto.h': File exists
cp: cannot create regular file '/dev/shm/linux/./include/linux/blk-mq-dma.h': File exists
cp: cannot create regular file '/dev/shm/linux/./include/linux/blkdev.h': File exists
cp: cannot create regular file '/dev/shm/linux/./include/linux/blockgroup_lock.h': File exists
cp: cannot create regular file '/dev/shm/linux/./include/linux/bootmem_info.h': File exists
cp: cannot create regular file '/dev/shm/linux/./include/linux/bpf-cgroup-defs.h': File exists
cp: cannot create regular file '/dev/shm/linux/./include/linux/bpf-netns.h': File exists
cp: cannot create regular file '/dev/shm/linux/./include/linux/bpf.h': File exists
cp: cannot create regular file '/dev/shm/linux/./include/linux/bpf_local_storage.h': File exists
cp: cannot create regular file '/dev/shm/linux/./include/linux/bpf_mem_alloc.h': File exists
cp: cannot create regular file '/dev/shm/linux/./include/linux/bpf_trace.h': File exists
cp: cannot create regular file '/dev/shm/linux/./include/linux/bpf_verifier.h': File exists
cp: cannot create regular file '/dev/shm/linux/./include/linux/brcmphy.h': File exists
cp: cannot create regular file '/dev/shm/linux/./include/linux/bsg.h': File exists
cp: cannot create regular file '/dev/shm/linux/./include/linux/btf_ids.h': File exists
cp: cannot create regular file '/dev/shm/linux/./include/linux/btree-type.h': File exists
cp: cannot create regular file '/dev/shm/linux/./include/linux/btrfs.h': File exists
cp: cannot create regular file '/dev/shm/linux/./include/linux/bug.h': File exists
cp: cannot create regular file '/dev/shm/linux/./include/linux/build-salt.h': File exists
cp: cannot create regular file '/dev/shm/linux/./include/linux/buildid.h': File exists
cp: cannot create regular file '/dev/shm/linux/./include/linux/byteorder/little_endian.h': File exists
cp: cannot create regular file '/dev/shm/linux/./include/linux/cache_coherency.h': File exists
cp: cannot create regular file '/dev/shm/linux/./include/linux/cacheinfo.h': File exists
cp: cannot create regular file '/dev/shm/linux/./include/linux/can/can-ml.h': File exists
cp: cannot create regular file '/dev/shm/linux/./include/linux/can/core.h': File exists
cp: cannot create regular file '/dev/shm/linux/./include/linux/can/length.h': File exists
cp: cannot create regular file '/dev/shm/linux/./include/linux/ccp.h': File exists
cp: cannot create regular file '/dev/shm/linux/./include/linux/cdx/cdx_bus.h': File exists
cp: cannot create regular file '/dev/shm/linux/./include/linux/cdx/mcdi.h': File exists
cp: cannot create regular file '/dev/shm/linux/./include/linux/clk/samsung.h': File exists
cp: cannot create regular file '/dev/shm/linux/./include/linux/clk/sunxi-ng.h': File exists
cp: cannot create regular file '/dev/shm/linux/./include/linux/clk/ti.h': File exists
cp: cannot create regular file '/dev/shm/linux/./include/linux/clkdev.h': File exists
cp: cannot create regular file '/dev/shm/linux/./include/linux/clocksource.h': File exists
cp: cannot create regular file '/dev/shm/linux/./include/linux/closure.h': File exists
cp: cannot create regular file '/dev/shm/linux/./include/linux/cma.h': File exists
cp: cannot create regular file '/dev/shm/linux/./include/linux/cn_proc.h': File exists
cp: cannot create regular file '/dev/shm/linux/./include/linux/codetag.h': File exists
cp: cannot create regular file '/dev/shm/linux/./include/linux/comedi/comedi_8255.h': File exists
cp: cannot create regular file '/dev/shm/linux/./include/linux/comedi/comedi_pcmcia.h': File exists
cp: cannot create regular file '/dev/shm/linux/./include/linux/comedi/comedidev.h': File exists
cp: cannot create regular file '/dev/shm/linux/./include/linux/compaction.h': File exists
cp: cannot create regular file '/dev/shm/linux/./include/linux/compiler-clang.h': File exists
cp: cannot create regular file '/dev/shm/linux/./include/linux/compiler.h': File exists
cp: cannot create regular file '/dev/shm/linux/./include/linux/compiler_types.h': File exists
cp: cannot create regular file '/dev/shm/linux/./include/linux/component.h': File exists
cp: cannot create regular file '/dev/shm/linux/./include/linux/connector.h': File exists
cp: cannot create regular file '/dev/shm/linux/./include/linux/console_struct.h': File exists
cp: cannot create regular file '/dev/shm/linux/./include/linux/const.h': File exists
cp: cannot create regular file '/dev/shm/linux/./include/linux/container_of.h': File exists
cp: cannot create regular file '/dev/shm/linux/./include/linux/context_tracking_irq.h': File exists
cp: cannot create regular file '/dev/shm/linux/./include/linux/cookie.h': File exists
cp: cannot create regular file '/dev/shm/linux/./include/linux/coreboot.h': File exists
cp: cannot create regular file '/dev/shm/linux/./include/linux/coresight-pmu.h': File exists
cp: cannot create regular file '/dev/shm/linux/./include/linux/coresight.h': File exists
cp: cannot create regular file '/dev/shm/linux/./include/linux/counter.h': File exists
cp: cannot create regular file '/dev/shm/linux/./include/linux/cpu.h': File exists
cp: cannot create regular file '/dev/shm/linux/./include/linux/cpu_pm.h': File exists
cp: cannot create regular file '/dev/shm/linux/./include/linux/cpu_smt.h': File exists
cp: cannot create regular file '/dev/shm/linux/./include/linux/cpufeature.h': File exists
cp: cannot create regular file '/dev/shm/linux/./include/linux/cpufreq.h': File exists
cp: cannot create regular file '/dev/shm/linux/./include/linux/cpuidle_haltpoll.h': File exists
cp: cannot create regular file '/dev/shm/linux/./include/linux/cpuset.h': File exists
cp: cannot create regular file '/dev/shm/linux/./include/linux/crash_dump.h': File exists
cp: cannot create regular file '/dev/shm/linux/./include/linux/crc-ccitt.h': File exists
cp: cannot create regular file '/dev/shm/linux/./include/linux/crc-t10dif.h': File exists
cp: cannot create regular file '/dev/shm/linux/./include/linux/crc32.h': File exists
cp: cannot create regular file '/dev/shm/linux/./include/linux/crc32poly.h': File exists
cp: cannot create regular file '/dev/shm/linux/./include/linux/crc64.h': File exists
cp: cannot create regular file '/dev/shm/linux/./include/linux/crc8.h': File exists
cp: cannot create regular file '/dev/shm/linux/./include/linux/crush/hash.h': File exists
cp: cannot create regular file '/dev/shm/linux/./include/linux/crypto.h': File exists
cp: cannot create regular file '/dev/shm/linux/./include/linux/ctype.h': File exists
cp: cannot create regular file '/dev/shm/linux/./include/linux/cuda.h': File exists
cp: cannot create regular file '/dev/shm/linux/./include/linux/davinci_emac.h': File exists
cp: cannot create regular file '/dev/shm/linux/./include/linux/dca.h': File exists
cp: cannot create regular file '/dev/shm/linux/./include/linux/dcache.h': File exists
cp: cannot create regular file '/dev/shm/linux/./include/linux/debug_locks.h': File exists
cp: cannot create regular file '/dev/shm/linux/./include/linux/debugobjects.h': File exists
cp: cannot create regular file '/dev/shm/linux/./include/linux/device/class.h': File exists
cp: cannot create regular file '/dev/shm/linux/./include/linux/device/devres.h': File exists
cp: cannot create regular file '/dev/shm/linux/./include/linux/device/faux.h': File exists
cp: cannot create regular file '/dev/shm/linux/./include/linux/devm-helpers.h': File exists
cp: cannot create regular file '/dev/shm/linux/./include/linux/dibs.h': File exists
cp: cannot create regular file '/dev/shm/linux/./include/linux/dim.h': File exists
cp: cannot create regular file '/dev/shm/linux/./include/linux/dirent.h': File exists
cp: cannot create regular file '/dev/shm/linux/./include/linux/dm-dirty-log.h': File exists
cp: cannot create regular file '/dev/shm/linux/./include/linux/dm-region-hash.h': File exists
cp: cannot create regular file '/dev/shm/linux/./include/linux/dm9000.h': File exists
cp: cannot create regular file '/dev/shm/linux/./include/linux/dma-buf.h': File exists
cp: cannot create regular file '/dev/shm/linux/./include/linux/dma-direction.h': File exists
cp: cannot create regular file '/dev/shm/linux/./include/linux/dma-fence-chain.h': File exists
cp: cannot create regular file '/dev/shm/linux/./include/linux/dma-fence-unwrap.h': File exists
cp: cannot create regular file '/dev/shm/linux/./include/linux/dma-heap.h': File exists
cp: cannot create regular file '/dev/shm/linux/./include/linux/dma-mapping.h': File exists
cp: cannot create regular file '/dev/shm/linux/./include/linux/dma/dw.h': File exists
cp: cannot create regular file '/dev/shm/linux/./include/linux/dma/hsu.h': File exists
cp: cannot create regular file '/dev/shm/linux/./include/linux/dma/imx-dma.h': File exists
cp: cannot create regular file '/dev/shm/linux/./include/linux/dma/k3-udma-glue.h': File exists
cp: cannot create regular file '/dev/shm/linux/./include/linux/dma/pxa-dma.h': File exists
cp: cannot create regular file '/dev/shm/linux/./include/linux/dma/qcom-gpi-dma.h': File exists
cp: cannot create regular file '/dev/shm/linux/./include/linux/dma/qcom_bam_dma.h': File exists
cp: cannot create regular file '/dev/shm/linux/./include/linux/dma/ti-cppi5.h': File exists
cp: cannot create regular file '/dev/shm/linux/./include/linux/dmaengine.h': File exists
cp: cannot create regular file '/dev/shm/linux/./include/linux/dmar.h': File exists
cp: cannot create regular file '/dev/shm/linux/./include/linux/dnotify.h': File exists
cp: cannot create regular file '/dev/shm/linux/./include/linux/dpll.h': File exists
cp: cannot create regular file '/dev/shm/linux/./include/linux/dqblk_v1.h': File exists
cp: cannot create regular file '/dev/shm/linux/./include/linux/dqblk_v2.h': File exists
cp: cannot create regular file '/dev/shm/linux/./include/linux/drbd_config.h': File exists
cp: cannot create regular file '/dev/shm/linux/./include/linux/drbd_genl.h': File exists
cp: cannot create regular file '/dev/shm/linux/./include/linux/drbd_limits.h': File exists
cp: cannot create directory '/dev/shm/linux/./include/linux/dsa': File exists
cp: cannot create regular file '/dev/shm/linux/./include/linux/efi.h': File exists
cp: cannot create regular file '/dev/shm/linux/./include/linux/ehl_pse_io_aux.h': File exists
cp: cannot create regular file '/dev/shm/linux/./include/linux/elf-fdpic.h': File exists
cp: cannot create regular file '/dev/shm/linux/./include/linux/elf.h': File exists
cp: cannot create regular file '/dev/shm/linux/./include/linux/elfcore.h': File exists
cp: cannot create regular file '/dev/shm/linux/./include/linux/elfnote.h': File exists
cp: cannot create regular file '/dev/shm/linux/./include/linux/energy_model.h': File exists
cp: cannot create regular file '/dev/shm/linux/./include/linux/entry-virt.h': File exists
cp: cannot create regular file '/dev/shm/linux/./include/linux/err.h': File exists
cp: cannot create regular file '/dev/shm/linux/./include/linux/errno.h': File exists
cp: cannot create regular file '/dev/shm/linux/./include/linux/errqueue.h': File exists
cp: cannot create regular file '/dev/shm/linux/./include/linux/etherdevice.h': File exists
cp: cannot create regular file '/dev/shm/linux/./include/linux/eventpoll.h': File exists
cp: cannot create regular file '/dev/shm/linux/./include/linux/exportfs.h': File exists
cp: cannot create regular file '/dev/shm/linux/./include/linux/extable.h': File exists
cp: cannot create regular file '/dev/shm/linux/./include/linux/extcon.h': File exists
cp: cannot create regular file '/dev/shm/linux/./include/linux/f75375s.h': File exists
cp: cannot create regular file '/dev/shm/linux/./include/linux/fanotify.h': File exists
cp: cannot create regular file '/dev/shm/linux/./include/linux/fault-inject.h': File exists
cp: cannot create regular file '/dev/shm/linux/./include/linux/fcdevice.h': File exists
cp: cannot create regular file '/dev/shm/linux/./include/linux/fd.h': File exists
cp: cannot create regular file '/dev/shm/linux/./include/linux/fdtable.h': File exists
cp: cannot create regular file '/dev/shm/linux/./include/linux/file.h': File exists
cp: cannot create regular file '/dev/shm/linux/./include/linux/fileattr.h': File exists
cp: cannot create regular file '/dev/shm/linux/./include/linux/filter.h': File exists
cp: cannot create regular file '/dev/shm/linux/./include/linux/fips.h': File exists
cp: cannot create regular file '/dev/shm/linux/./include/linux/firmware-map.h': File exists
cp: cannot create regular file '/dev/shm/linux/./include/linux/firmware.h': File exists
cp: cannot create regular file '/dev/shm/linux/./include/linux/fsl-diu-fb.h': File exists
cp: cannot create regular file '/dev/shm/linux/./include/linux/gcd.h': File exists
cp: cannot create regular file '/dev/shm/linux/./include/linux/genalloc.h': File exists
cp: cannot create regular file '/dev/shm/linux/./include/linux/generic-radix-tree.h': File exists
cp: cannot create regular file '/dev/shm/linux/./include/linux/gfp.h': File exists
cp: cannot create regular file '/dev/shm/linux/./include/linux/gfp_types.h': File exists
cp: cannot create regular file '/dev/shm/linux/./include/linux/gnss.h': File exists
cp: cannot create regular file '/dev/shm/linux/./include/linux/gpio.h': File exists
cp: cannot create regular file '/dev/shm/linux/./include/linux/greybus/svc.h': File exists
cp: cannot create regular file '/dev/shm/linux/./include/linux/hashtable.h': File exists
cp: cannot create regular file '/dev/shm/linux/./include/linux/hdlc.h': File exists
cp: cannot create regular file '/dev/shm/linux/./include/linux/hex.h': File exists
cp: cannot create regular file '/dev/shm/linux/./include/linux/hfs_common.h': File exists
cp: cannot create regular file '/dev/shm/linux/./include/linux/hid-over-i2c.h': File exists
cp: cannot create regular file '/dev/shm/linux/./include/linux/hid-roccat.h': File exists
cp: cannot create regular file '/dev/shm/linux/./include/linux/hid-sensor-ids.h': File exists
cp: cannot create regular file '/dev/shm/linux/./include/linux/hid_bpf.h': File exists
cp: cannot create regular file '/dev/shm/linux/./include/linux/hidden.h': File exists
cp: cannot create regular file '/dev/shm/linux/./include/linux/hidraw.h': File exists
cp: cannot create regular file '/dev/shm/linux/./include/linux/highmem.h': File exists
cp: cannot create regular file '/dev/shm/linux/./include/linux/hil.h': File exists
cp: cannot create regular file '/dev/shm/linux/./include/linux/hisi_acc_qm.h': File exists
cp: cannot create regular file '/dev/shm/linux/./include/linux/hmm.h': File exists
cp: cannot create regular file '/dev/shm/linux/./include/linux/host1x_context_bus.h': File exists
cp: cannot create regular file '/dev/shm/linux/./include/linux/hpet.h': File exists
cp: cannot create regular file '/dev/shm/linux/./include/linux/hrtimer_api.h': File exists
cp: cannot create regular file '/dev/shm/linux/./include/linux/hrtimer_rearm.h': File exists
cp: cannot create regular file '/dev/shm/linux/./include/linux/hsi/ssi_protocol.h': File exists
cp: cannot create regular file '/dev/shm/linux/./include/linux/huge_mm.h': File exists
cp: cannot create regular file '/dev/shm/linux/./include/linux/hugetlb_cgroup.h': File exists
cp: cannot create regular file '/dev/shm/linux/./include/linux/hung_task.h': File exists
cp: cannot create regular file '/dev/shm/linux/./include/linux/hw_bitfield.h': File exists
cp: cannot create regular file '/dev/shm/linux/./include/linux/hw_random.h': File exists
cp: cannot create regular file '/dev/shm/linux/./include/linux/hwmon-vid.h': File exists
cp: cannot create regular file '/dev/shm/linux/./include/linux/hwspinlock.h': File exists
cp: cannot create regular file '/dev/shm/linux/./include/linux/hyperv.h': File exists
cp: cannot create regular file '/dev/shm/linux/./include/linux/i2c-algo-bit.h': File exists
cp: cannot create regular file '/dev/shm/linux/./include/linux/i2c-algo-pcf.h': File exists
cp: cannot create regular file '/dev/shm/linux/./include/linux/i2c-dev.h': File exists
cp: cannot create regular file '/dev/shm/linux/./include/linux/i2c-of-prober.h': File exists
cp: cannot create regular file '/dev/shm/linux/./include/linux/i2c.h': File exists
cp: cannot create regular file '/dev/shm/linux/./include/linux/idle_inject.h': File exists
cp: cannot create regular file '/dev/shm/linux/./include/linux/ieee80211-eht.h': File exists
cp: cannot create regular file '/dev/shm/linux/./include/linux/ieee80211-ht.h': File exists
cp: cannot create regular file '/dev/shm/linux/./include/linux/ieee80211-nan.h': File exists
cp: cannot create regular file '/dev/shm/linux/./include/linux/ieee80211-s1g.h': File exists
cp: cannot create regular file '/dev/shm/linux/./include/linux/ieee80211-vht.h': File exists
cp: cannot create regular file '/dev/shm/linux/./include/linux/if_bridge.h': File exists
cp: cannot create regular file '/dev/shm/linux/./include/linux/if_ether.h': File exists
cp: cannot create regular file '/dev/shm/linux/./include/linux/if_fddi.h': File exists
cp: cannot create regular file '/dev/shm/linux/./include/linux/if_macvlan.h': File exists
cp: cannot create regular file '/dev/shm/linux/./include/linux/if_pppol2tp.h': File exists
cp: cannot create regular file '/dev/shm/linux/./include/linux/if_rmnet.h': File exists
cp: cannot create regular file '/dev/shm/linux/./include/linux/if_team.h': File exists
cp: cannot create regular file '/dev/shm/linux/./include/linux/if_tunnel.h': File exists
cp: cannot create regular file '/dev/shm/linux/./include/linux/if_vlan.h': File exists
cp: cannot create regular file '/dev/shm/linux/./include/linux/ihex.h': File exists
cp: cannot create regular file '/dev/shm/linux/./include/linux/io_uring_types.h': File exists
cp: cannot create regular file '/dev/shm/linux/./include/linux/ioam6_genl.h': File exists
cp: cannot create regular file '/dev/shm/linux/./include/linux/iocontext.h': File exists
cp: cannot create regular file '/dev/shm/linux/./include/linux/iommu-debug-pagealloc.h': File exists
cp: cannot create regular file '/dev/shm/linux/./include/linux/iommu-dma.h': File exists
cp: cannot create regular file '/dev/shm/linux/./include/linux/iommu.h': File exists
cp: cannot create regular file '/dev/shm/linux/./include/linux/iopoll.h': File exists
cp: cannot create regular file '/dev/shm/linux/./include/linux/ioprio.h': File exists
cp: cannot create regular file '/dev/shm/linux/./include/linux/ioremap.h': File exists
cp: cannot create regular file '/dev/shm/linux/./include/linux/iov_iter.h': File exists
cp: cannot create regular file '/dev/shm/linux/./include/linux/iova_bitmap.h': File exists
cp: cannot create regular file '/dev/shm/linux/./include/linux/ipack.h': File exists
cp: cannot create regular file '/dev/shm/linux/./include/linux/ipc_namespace.h': File exists
cp: cannot create regular file '/dev/shm/linux/./include/linux/ipmi_smi.h': File exists
cp: cannot create regular file '/dev/shm/linux/./include/linux/ipv6_route.h': File exists
cp: cannot create regular file '/dev/shm/linux/./include/linux/irq-entry-common.h': File exists
cp: cannot create regular file '/dev/shm/linux/./include/linux/irq_work.h': File exists
cp: cannot create regular file '/dev/shm/linux/./include/linux/irqchip.h': File exists
cp: cannot create regular file '/dev/shm/linux/./include/linux/jump_label_ratelimit.h': File exists
cp: cannot create regular file '/dev/shm/linux/./include/linux/jz4780-nemc.h': File exists
cp: cannot create regular file '/dev/shm/linux/./include/linux/kasan-checks.h': File exists
cp: cannot create regular file '/dev/shm/linux/./include/linux/kasan-tags.h': File exists
cp: cannot create regular file '/dev/shm/linux/./include/linux/kbuild.h': File exists
cp: cannot create regular file '/dev/shm/linux/./include/linux/kcore.h': File exists
cp: cannot create regular file '/dev/shm/linux/./include/linux/kcsan-checks.h': File exists
cp: cannot create regular file '/dev/shm/linux/./include/linux/kdebug.h': File exists
cp: cannot create regular file '/dev/shm/linux/./include/linux/kern_levels.h': File exists
cp: cannot create regular file '/dev/shm/linux/./include/linux/kernel-page-flags.h': File exists
cp: cannot create regular file '/dev/shm/linux/./include/linux/kernel_read_file.h': File exists
cp: cannot create regular file '/dev/shm/linux/./include/linux/kernfs.h': File exists
cp: cannot create regular file '/dev/shm/linux/./include/linux/kexec_handover.h': File exists
cp: cannot create regular file '/dev/shm/linux/./include/linux/key.h': File exists
cp: cannot create regular file '/dev/shm/linux/./include/linux/keyctl.h': File exists
cp: cannot create regular file '/dev/shm/linux/./include/linux/kfifo.h': File exists
cp: cannot create regular file '/dev/shm/linux/./include/linux/kmsan-checks.h': File exists
cp: cannot create regular file '/dev/shm/linux/./include/linux/kmsan.h': File exists
cp: cannot create regular file '/dev/shm/linux/./include/linux/kmsan_types.h': File exists
cp: cannot create regular file '/dev/shm/linux/./include/linux/kobj_map.h': File exists
cp: cannot create regular file '/dev/shm/linux/./include/linux/kobject_api.h': File exists
cp: cannot create regular file '/dev/shm/linux/./include/linux/kobject_ns.h': File exists
cp: cannot create regular file '/dev/shm/linux/./include/linux/kref.h': File exists
cp: cannot create regular file '/dev/shm/linux/./include/linux/ks0108.h': File exists
cp: cannot create regular file '/dev/shm/linux/./include/linux/ks8851_mll.h': File exists
cp: cannot create regular file '/dev/shm/linux/./include/linux/kstack_erase.h': File exists
cp: cannot create regular file '/dev/shm/linux/./include/linux/ksysfs.h': File exists
cp: cannot create regular file '/dev/shm/linux/./include/linux/ktime.h': File exists
cp: cannot create regular file '/dev/shm/linux/./include/linux/kvm_dirty_ring.h': File exists
cp: cannot create regular file '/dev/shm/linux/./include/linux/kvm_types.h': File exists
cp: cannot create regular file '/dev/shm/linux/./include/linux/lantiq.h': File exists
cp: cannot create regular file '/dev/shm/linux/./include/linux/latencytop.h': File exists
cp: cannot create regular file '/dev/shm/linux/./include/linux/lcm.h': File exists
cp: cannot create regular file '/dev/shm/linux/./include/linux/led-class-flash.h': File exists
cp: cannot create regular file '/dev/shm/linux/./include/linux/led-lm3530.h': File exists
cp: cannot create regular file '/dev/shm/linux/./include/linux/leds-expresswire.h': File exists
cp: cannot create regular file '/dev/shm/linux/./include/linux/leds-lp3952.h': File exists
cp: cannot create regular file '/dev/shm/linux/./include/linux/leds-regulator.h': File exists
cp: cannot create regular file '/dev/shm/linux/./include/linux/leds.h': File exists
cp: cannot create regular file '/dev/shm/linux/./include/linux/libfdt_env.h': File exists
cp: cannot create regular file '/dev/shm/linux/./include/linux/libnvdimm.h': File exists
cp: cannot create regular file '/dev/shm/linux/./include/linux/license.h': File exists
cp: cannot create regular file '/dev/shm/linux/./include/linux/linear_range.h': File exists
cp: cannot create regular file '/dev/shm/linux/./include/linux/linkmode.h': File exists
cp: cannot create regular file '/dev/shm/linux/./include/linux/linux_logo.h': File exists
cp: cannot create regular file '/dev/shm/linux/./include/linux/list.h': File exists
cp: cannot create regular file '/dev/shm/linux/./include/linux/list_nulls.h': File exists
cp: cannot create regular file '/dev/shm/linux/./include/linux/list_sort.h': File exists
cp: cannot create regular file '/dev/shm/linux/./include/linux/livepatch.h': File exists
cp: cannot create regular file '/dev/shm/linux/./include/linux/livepatch_helpers.h': File exists
cp: cannot create regular file '/dev/shm/linux/./include/linux/liveupdate.h': File exists
cp: cannot create regular file '/dev/shm/linux/./include/linux/llist.h': File exists
cp: cannot create regular file '/dev/shm/linux/./include/linux/local_lock.h': File exists
cp: cannot create regular file '/dev/shm/linux/./include/linux/lockdep.h': File exists
cp: cannot create regular file '/dev/shm/linux/./include/linux/lockdep_types.h': File exists
cp: cannot create regular file '/dev/shm/linux/./include/linux/log2.h': File exists
cp: cannot create regular file '/dev/shm/linux/./include/linux/logic_pio.h': File exists
cp: cannot create regular file '/dev/shm/linux/./include/linux/lru_cache.h': File exists
cp: cannot create regular file '/dev/shm/linux/./include/linux/lwq.h': File exists
cp: cannot create regular file '/dev/shm/linux/./include/linux/lzo.h': File exists
cp: cannot create regular file '/dev/shm/linux/./include/linux/mc33xs2410.h': File exists
cp: cannot create regular file '/dev/shm/linux/./include/linux/mc6821.h': File exists
cp: cannot create regular file '/dev/shm/linux/./include/linux/mdev.h': File exists
cp: cannot create regular file '/dev/shm/linux/./include/linux/mdio-mux.h': File exists
cp: cannot create regular file '/dev/shm/linux/./include/linux/mdio/mdio-mscc-miim.h': File exists
cp: cannot create regular file '/dev/shm/linux/./include/linux/mdio/mdio-xgene.h': File exists
cp: cannot create regular file '/dev/shm/linux/./include/linux/mem_encrypt.h': File exists
cp: cannot create regular file '/dev/shm/linux/./include/linux/memcontrol.h': File exists
cp: cannot create regular file '/dev/shm/linux/./include/linux/memory-tiers.h': File exists
cp: cannot create regular file '/dev/shm/linux/./include/linux/memory_hotplug.h': File exists
cp: cannot create regular file '/dev/shm/linux/./include/linux/mempool.h': File exists
cp: cannot create regular file '/dev/shm/linux/./include/linux/memremap.h': File exists
cp: cannot create regular file '/dev/shm/linux/./include/linux/mfd/88pm860x.h': File exists
cp: cannot create regular file '/dev/shm/linux/./include/linux/mfd/aat2870.h': File exists
cp: cannot create regular file '/dev/shm/linux/./include/linux/mfd/abx500/ab8500-sysctrl.h': File exists
cp: cannot create regular file '/dev/shm/linux/./include/linux/mfd/abx500/ab8500.h': File exists
cp: cannot create regular file '/dev/shm/linux/./include/linux/mfd/adp5520.h': File exists
cp: cannot create regular file '/dev/shm/linux/./include/linux/mfd/altera-a10sr.h': File exists
cp: cannot create regular file '/dev/shm/linux/./include/linux/mfd/altera-sysmgr.h': File exists
cp: cannot create regular file '/dev/shm/linux/./include/linux/mfd/atc260x/core.h': File exists
cp: cannot create regular file '/dev/shm/linux/./include/linux/mfd/axp20x.h': File exists
cp: cannot create regular file '/dev/shm/linux/./include/linux/mfd/bd9571mwv.h': File exists
cp: cannot create regular file '/dev/shm/linux/./include/linux/mfd/cgbc.h': File exists
cp: cannot create regular file '/dev/shm/linux/./include/linux/mfd/cs40l50.h': File exists
cp: cannot create regular file '/dev/shm/linux/./include/linux/mfd/da903x.h': File exists
cp: cannot create regular file '/dev/shm/linux/./include/linux/mfd/da9062/registers.h': File exists
cp: cannot create regular file '/dev/shm/linux/./include/linux/mfd/db8500-prcmu.h': File exists
cp: cannot create regular file '/dev/shm/linux/./include/linux/mfd/dln2.h': File exists
cp: cannot create regular file '/dev/shm/linux/./include/linux/mfd/gsc.h': File exists
cp: cannot create regular file '/dev/shm/linux/./include/linux/mfd/hi6421-pmic.h': File exists
cp: cannot create regular file '/dev/shm/linux/./include/linux/mfd/idt82p33_reg.h': File exists
cp: cannot create regular file '/dev/shm/linux/./include/linux/mfd/idtRC38xxx_reg.h': File exists
cp: cannot create regular file '/dev/shm/linux/./include/linux/mfd/ingenic-tcu.h': File exists
cp: cannot create regular file '/dev/shm/linux/./include/linux/mfd/intel-m10-bmc.h': File exists
cp: cannot create regular file '/dev/shm/linux/./include/linux/mfd/intel_soc_pmic.h': File exists
cp: cannot create regular file '/dev/shm/linux/./include/linux/mfd/intel_soc_pmic_mrfld.h': File exists
cp: cannot create regular file '/dev/shm/linux/./include/linux/mfd/iqs62x.h': File exists
cp: cannot create regular file '/dev/shm/linux/./include/linux/mfd/khadas-mcu.h': File exists
cp: cannot create regular file '/dev/shm/linux/./include/linux/mfd/lochnagar.h': File exists
cp: cannot create regular file '/dev/shm/linux/./include/linux/mfd/lochnagar2_regs.h': File exists
cp: cannot create regular file '/dev/shm/linux/./include/linux/mfd/lp3943.h': File exists
cp: cannot create regular file '/dev/shm/linux/./include/linux/mfd/lp87565.h': File exists
cp: cannot create regular file '/dev/shm/linux/./include/linux/mfd/lp8788.h': File exists
cp: cannot create regular file '/dev/shm/linux/./include/linux/mfd/macsmc.h': File exists
cp: cannot create regular file '/dev/shm/linux/./include/linux/mfd/max77541.h': File exists
cp: cannot create regular file '/dev/shm/linux/./include/linux/mfd/max77650.h': File exists
cp: cannot create regular file '/dev/shm/linux/./include/linux/mfd/max77686.h': File exists
cp: cannot create regular file '/dev/shm/linux/./include/linux/mfd/max77693-private.h': File exists
cp: cannot create regular file '/dev/shm/linux/./include/linux/mfd/max77705-private.h': File exists
cp: cannot create regular file '/dev/shm/linux/./include/linux/mfd/max77759.h': File exists
cp: cannot create regular file '/dev/shm/linux/./include/linux/mfd/max8907.h': File exists
cp: cannot create regular file '/dev/shm/linux/./include/linux/mfd/max8925.h': File exists
cp: cannot create regular file '/dev/shm/linux/./include/linux/mfd/max8997.h': File exists
cp: cannot create regular file '/dev/shm/linux/./include/linux/mfd/max8998.h': File exists
cp: cannot create regular file '/dev/shm/linux/./include/linux/mfd/mc13892.h': File exists
cp: cannot create regular file '/dev/shm/linux/./include/linux/mfd/mcp.h': File exists
cp: cannot create regular file '/dev/shm/linux/./include/linux/mfd/motorola-cpcap.h': File exists
cp: cannot create regular file '/dev/shm/linux/./include/linux/mfd/mt6323/registers.h': File exists
cp: cannot create regular file '/dev/shm/linux/./include/linux/mfd/mt6397/registers.h': File exists
cp: cannot create regular file '/dev/shm/linux/./include/linux/mfd/mxs-lradc.h': File exists
cp: cannot create regular file '/dev/shm/linux/./include/linux/mfd/ntxec.h': File exists
cp: cannot create regular file '/dev/shm/linux/./include/linux/mfd/ocelot.h': File exists
cp: cannot create regular file '/dev/shm/linux/./include/linux/mfd/qcom_rpm.h': File exists
cp: cannot create regular file '/dev/shm/linux/./include/linux/mfd/rave-sp.h': File exists
cp: cannot create regular file '/dev/shm/linux/./include/linux/mfd/rdc321x.h': File exists
cp: cannot create regular file '/dev/shm/linux/./include/linux/mfd/retu.h': File exists
cp: cannot create regular file '/dev/shm/linux/./include/linux/mfd/rohm-bd71828.h': File exists
cp: cannot create regular file '/dev/shm/linux/./include/linux/mfd/rohm-bd72720.h': File exists
cp: cannot create regular file '/dev/shm/linux/./include/linux/mfd/rohm-bd96801.h': File exists
cp: cannot create regular file '/dev/shm/linux/./include/linux/mfd/rohm-generic.h': File exists
cp: cannot create regular file '/dev/shm/linux/./include/linux/mfd/rsmu.h': File exists
cp: cannot create regular file '/dev/shm/linux/./include/linux/mfd/rt5033.h': File exists
cp: cannot create regular file '/dev/shm/linux/./include/linux/mfd/samsung/core.h': File exists
cp: cannot create regular file '/dev/shm/linux/./include/linux/mfd/samsung/rtc.h': File exists
cp: cannot create regular file '/dev/shm/linux/./include/linux/mfd/samsung/s2mpg10.h': File exists
cp: cannot create regular file '/dev/shm/linux/./include/linux/mfd/samsung/s2mps11.h': File exists
cp: cannot create regular file '/dev/shm/linux/./include/linux/mfd/samsung/s2mps14.h': File exists
cp: cannot create regular file '/dev/shm/linux/./include/linux/mfd/samsung/s2mpu02.h': File exists
cp: cannot create regular file '/dev/shm/linux/./include/linux/mfd/samsung/s5m8767.h': File exists
cp: cannot create regular file '/dev/shm/linux/./include/linux/mfd/sc27xx-pmic.h': File exists
cp: cannot create regular file '/dev/shm/linux/./include/linux/mfd/si476x-platform.h': File exists
cp: cannot create regular file '/dev/shm/linux/./include/linux/mfd/sky81452.h': File exists
cp: cannot create regular file '/dev/shm/linux/./include/linux/mfd/stm32-timers.h': File exists
cp: cannot create regular file '/dev/shm/linux/./include/linux/mfd/stmpe.h': File exists
cp: cannot create regular file '/dev/shm/linux/./include/linux/mfd/stpmic1.h': File exists
cp: cannot create regular file '/dev/shm/linux/./include/linux/mfd/sun4i-gpadc.h': File exists
cp: cannot create regular file '/dev/shm/linux/./include/linux/mfd/syscon.h': File exists
cp: cannot create regular file '/dev/shm/linux/./include/linux/mfd/syscon/atmel-mc.h': File exists
cp: cannot create regular file '/dev/shm/linux/./include/linux/mfd/syscon/atmel-st.h': File exists
cp: cannot create regular file '/dev/shm/linux/./include/linux/mfd/syscon/clps711x.h': File exists
cp: cannot create regular file '/dev/shm/linux/./include/linux/mfd/syscon/imx7-iomuxc-gpr.h': File exists
cp: cannot create regular file '/dev/shm/linux/./include/linux/mfd/tc3589x.h': File exists
cp: cannot create regular file '/dev/shm/linux/./include/linux/mfd/ti-lmu.h': File exists
cp: cannot create regular file '/dev/shm/linux/./include/linux/mfd/tps6105x.h': File exists
cp: cannot create regular file '/dev/shm/linux/./include/linux/mfd/tps6507x.h': File exists
cp: cannot create regular file '/dev/shm/linux/./include/linux/mfd/tps65090.h': File exists
cp: cannot create regular file '/dev/shm/linux/./include/linux/mfd/tps65218.h': File exists
cp: cannot create regular file '/dev/shm/linux/./include/linux/mfd/tps6586x.h': File exists
cp: cannot create regular file '/dev/shm/linux/./include/linux/mfd/tps65912.h': File exists
cp: cannot create regular file '/dev/shm/linux/./include/linux/mfd/tps68470.h': File exists
cp: cannot create regular file '/dev/shm/linux/./include/linux/mfd/twl4030-audio.h': File exists
cp: cannot create regular file '/dev/shm/linux/./include/linux/mfd/ucb1x00.h': File exists
cp: cannot create regular file '/dev/shm/linux/./include/linux/mfd/viperboard.h': File exists
cp: cannot create regular file '/dev/shm/linux/./include/linux/mfd/wm831x/gpio.h': File exists
cp: cannot create regular file '/dev/shm/linux/./include/linux/mfd/wm831x/pmu.h': File exists
cp: cannot create regular file '/dev/shm/linux/./include/linux/mfd/wm8350/comparator.h': File exists
cp: cannot create regular file '/dev/shm/linux/./include/linux/mfd/wm8350/core.h': File exists
cp: cannot create regular file '/dev/shm/linux/./include/linux/mfd/wm8350/pmic.h': File exists
cp: cannot create regular file '/dev/shm/linux/./include/linux/mfd/wm8350/supply.h': File exists
cp: cannot create regular file '/dev/shm/linux/./include/linux/mfd/wm8350/wdt.h': File exists
cp: cannot create directory '/dev/shm/linux/./include/linux/mfd/wm8994': File exists
cp: cannot create regular file '/dev/shm/linux/./include/linux/mii.h': File exists
cp: cannot create regular file '/dev/shm/linux/./include/linux/min_heap.h': File exists
cp: cannot create regular file '/dev/shm/linux/./include/linux/miscdevice.h': File exists
cp: cannot create regular file '/dev/shm/linux/./include/linux/mlx5/lag.h': File exists
cp: cannot create regular file '/dev/shm/linux/./include/linux/mlx5/mlx5_ifc.h': File exists
cp: cannot create regular file '/dev/shm/linux/./include/linux/mlx5/mpfs.h': File exists
cp: cannot create regular file '/dev/shm/linux/./include/linux/mlx5/qp.h': File exists
cp: cannot create regular file '/dev/shm/linux/./include/linux/mlx5/transobj.h': File exists
cp: cannot create regular file '/dev/shm/linux/./include/linux/mm.h': File exists
cp: cannot create regular file '/dev/shm/linux/./include/linux/mm_inline.h': File exists
cp: cannot create regular file '/dev/shm/linux/./include/linux/mm_types_task.h': File exists
cp: cannot create regular file '/dev/shm/linux/./include/linux/mmap_lock.h': File exists
cp: cannot create regular file '/dev/shm/linux/./include/linux/moduleloader.h': File exists
cp: cannot create regular file '/dev/shm/linux/./include/linux/moxtet.h': File exists
cp: cannot create regular file '/dev/shm/linux/./include/linux/mpi.h': File exists
cp: cannot create regular file '/dev/shm/linux/./include/linux/mpls_iptunnel.h': File exists
cp: cannot create regular file '/dev/shm/linux/./include/linux/mroute6.h': File exists
cp: cannot create regular file '/dev/shm/linux/./include/linux/msdos_fs.h': File exists
cp: cannot create regular file '/dev/shm/linux/./include/linux/msdos_partition.h': File exists
cp: cannot create regular file '/dev/shm/linux/./include/linux/msi.h': File exists
cp: cannot create regular file '/dev/shm/linux/./include/linux/mtd/blktrans.h': File exists
cp: cannot create regular file '/dev/shm/linux/./include/linux/mtd/flashchip.h': File exists
cp: cannot create regular file '/dev/shm/linux/./include/linux/mtd/ftl.h': File exists
cp: cannot create regular file '/dev/shm/linux/./include/linux/mtd/hyperbus.h': File exists
cp: cannot create regular file '/dev/shm/linux/./include/linux/mtd/inftl.h': File exists
cp: cannot create regular file '/dev/shm/linux/./include/linux/mtd/lpc32xx_mlc.h': File exists
cp: cannot create regular file '/dev/shm/linux/./include/linux/mtd/map.h': File exists
cp: cannot create regular file '/dev/shm/linux/./include/linux/mtd/nand-ecc-mxic.h': File exists
cp: cannot create regular file '/dev/shm/linux/./include/linux/mtd/nand-ecc-sw-bch.h': File exists
cp: cannot create regular file '/dev/shm/linux/./include/linux/mtd/nand-ecc-sw-hamming.h': File exists
cp: cannot create regular file '/dev/shm/linux/./include/linux/mtd/nand-qpic-common.h': File exists
cp: cannot create regular file '/dev/shm/linux/./include/linux/mtd/onenand.h': File exists
cp: cannot create regular file '/dev/shm/linux/./include/linux/mtd/onfi.h': File exists
cp: cannot create regular file '/dev/shm/linux/./include/linux/mtd/pfow.h': File exists
cp: cannot create regular file '/dev/shm/linux/./include/linux/mtd/pismo.h': File exists
cp: cannot create regular file '/dev/shm/linux/./include/linux/mtd/platnand.h': File exists
cp: cannot create regular file '/dev/shm/linux/./include/linux/mtd/rawnand.h': File exists
cp: cannot create regular file '/dev/shm/linux/./include/linux/mtd/sharpsl.h': File exists
cp: cannot create regular file '/dev/shm/linux/./include/linux/mtd/spi-nor.h': File exists
cp: cannot create regular file '/dev/shm/linux/./include/linux/mtd/super.h': File exists
cp: cannot create regular file '/dev/shm/linux/./include/linux/mtd/xip.h': File exists
cp: cannot create regular file '/dev/shm/linux/./include/linux/mutex.h': File exists
cp: cannot create regular file '/dev/shm/linux/./include/linux/mutex_types.h': File exists
cp: cannot create regular file '/dev/shm/linux/./include/linux/namei.h': File exists
cp: cannot create regular file '/dev/shm/linux/./include/linux/ndctl.h': File exists
cp: cannot create regular file '/dev/shm/linux/./include/linux/netfilter/ipset/ip_set_getport.h': File exists
cp: cannot create regular file '/dev/shm/linux/./include/linux/netfilter/ipset/ip_set_list.h': File exists
cp: cannot create regular file '/dev/shm/linux/./include/linux/netfilter/nf_conntrack_amanda.h': File exists
cp: cannot create regular file '/dev/shm/linux/./include/linux/netfilter/nf_conntrack_ftp.h': File exists
cp: cannot create regular file '/dev/shm/linux/./include/linux/netfilter/nf_conntrack_h323_asn1.h': File exists
cp: cannot create regular file '/dev/shm/linux/./include/linux/netfilter/nf_conntrack_sctp.h': File exists
cp: cannot create regular file '/dev/shm/linux/./include/linux/netfilter_ipv4.h': File exists
cp: cannot create directory '/dev/shm/linux/./include/linux/netfilter_ipv4': File exists
cp: cannot create regular file '/dev/shm/linux/./include/linux/netfs.h': File exists
cp: cannot create regular file '/dev/shm/linux/./include/linux/netpoll.h': File exists
cp: cannot create regular file '/dev/shm/linux/./include/linux/nfs.h': File exists
cp: cannot create regular file '/dev/shm/linux/./include/linux/nfs4.h': File exists
cp: cannot create regular file '/dev/shm/linux/./include/linux/nfs_fs.h': File exists
cp: cannot create regular file '/dev/shm/linux/./include/linux/nfs_iostat.h': File exists
cp: cannot create regular file '/dev/shm/linux/./include/linux/nfs_page.h': File exists
cp: cannot create regular file '/dev/shm/linux/./include/linux/nfslocalio.h': File exists
cp: cannot create regular file '/dev/shm/linux/./include/linux/nitro_enclaves.h': File exists
cp: cannot create regular file '/dev/shm/linux/./include/linux/nmi.h': File exists
cp: cannot create regular file '/dev/shm/linux/./include/linux/node.h': File exists
cp: cannot create regular file '/dev/shm/linux/./include/linux/nodemask_types.h': File exists
cp: cannot create regular file '/dev/shm/linux/./include/linux/notifier.h': File exists
cp: cannot create regular file '/dev/shm/linux/./include/linux/nsproxy.h': File exists
cp: cannot create regular file '/dev/shm/linux/./include/linux/numa.h': File exists
cp: cannot create regular file '/dev/shm/linux/./include/linux/nvme-auth.h': File exists
cp: cannot create regular file '/dev/shm/linux/./include/linux/nvme-fc.h': File exists
cp: cannot create regular file '/dev/shm/linux/./include/linux/nvme-rdma.h': File exists
cp: cannot create regular file '/dev/shm/linux/./include/linux/nvme-tcp.h': File exists
cp: cannot create regular file '/dev/shm/linux/./include/linux/nvmem-consumer.h': File exists
cp: cannot create regular file '/dev/shm/linux/./include/linux/nvmem-provider.h': File exists
cp: cannot create regular file '/dev/shm/linux/./include/linux/nvram.h': File exists
cp: cannot create regular file '/dev/shm/linux/./include/linux/oa_tc6.h': File exists
cp: cannot create regular file '/dev/shm/linux/./include/linux/objtool.h': File exists
cp: cannot create regular file '/dev/shm/linux/./include/linux/objtool_types.h': File exists
cp: cannot create regular file '/dev/shm/linux/./include/linux/of.h': File exists
cp: cannot create regular file '/dev/shm/linux/./include/linux/of_clk.h': File exists
cp: cannot create regular file '/dev/shm/linux/./include/linux/of_dma.h': File exists
cp: cannot create regular file '/dev/shm/linux/./include/linux/of_iommu.h': File exists
cp: cannot create regular file '/dev/shm/linux/./include/linux/of_mdio.h': File exists
cp: cannot create regular file '/dev/shm/linux/./include/linux/of_pci.h': File exists
cp: cannot create regular file '/dev/shm/linux/./include/linux/of_pdt.h': File exists
cp: cannot create regular file '/dev/shm/linux/./include/linux/oid_registry.h': File exists
cp: cannot create regular file '/dev/shm/linux/./include/linux/omap-dma.h': File exists
cp: cannot create regular file '/dev/shm/linux/./include/linux/omap-mailbox.h': File exists
cp: cannot create regular file '/dev/shm/linux/./include/linux/omapfb.h': File exists
cp: cannot create regular file '/dev/shm/linux/./include/linux/once_lite.h': File exists
cp: cannot create regular file '/dev/shm/linux/./include/linux/openvswitch.h': File exists
cp: cannot create regular file '/dev/shm/linux/./include/linux/osq_lock.h': File exists
cp: cannot create regular file '/dev/shm/linux/./include/linux/packing.h': File exists
cp: cannot create regular file '/dev/shm/linux/./include/linux/page-flags.h': File exists
cp: cannot create regular file '/dev/shm/linux/./include/linux/page_counter.h': File exists
cp: cannot create regular file '/dev/shm/linux/./include/linux/page_ext.h': File exists
cp: cannot create regular file '/dev/shm/linux/./include/linux/page_ref.h': File exists
cp: cannot create regular file '/dev/shm/linux/./include/linux/page_reporting.h': File exists
cp: cannot create regular file '/dev/shm/linux/./include/linux/page_table_check.h': File exists
cp: cannot create regular file '/dev/shm/linux/./include/linux/pagemap.h': File exists
cp: cannot create regular file '/dev/shm/linux/./include/linux/panic.h': File exists
cp: cannot create regular file '/dev/shm/linux/./include/linux/panic_notifier.h': File exists
cp: cannot create regular file '/dev/shm/linux/./include/linux/parman.h': File exists
cp: cannot create regular file '/dev/shm/linux/./include/linux/parport_pc.h': File exists
cp: cannot create regular file '/dev/shm/linux/./include/linux/parser.h': File exists
cp: cannot create regular file '/dev/shm/linux/./include/linux/part_stat.h': File exists
cp: cannot create regular file '/dev/shm/linux/./include/linux/pata_arasan_cf_data.h': File exists
cp: cannot create regular file '/dev/shm/linux/./include/linux/pch_dma.h': File exists
cp: cannot create regular file '/dev/shm/linux/./include/linux/pci-acpi.h': File exists
cp: cannot create regular file '/dev/shm/linux/./include/linux/pci-bwctrl.h': File exists
cp: cannot create regular file '/dev/shm/linux/./include/linux/pci-ep-cfs.h': File exists
cp: cannot create regular file '/dev/shm/linux/./include/linux/pci-ep-msi.h': File exists
cp: cannot create regular file '/dev/shm/linux/./include/linux/pci-epf.h': File exists
cp: cannot create regular file '/dev/shm/linux/./include/linux/pci-p2pdma.h': File exists
cp: cannot create regular file '/dev/shm/linux/./include/linux/pci-pwrctrl.h': File exists
cp: cannot create regular file '/dev/shm/linux/./include/linux/pci-tsm.h': File exists
cp: cannot create regular file '/dev/shm/linux/./include/linux/pcs-rzn1-miic.h': File exists
cp: cannot create regular file '/dev/shm/linux/./include/linux/pds/pds_core_if.h': File exists
cp: cannot create regular file '/dev/shm/linux/./include/linux/pe.h': File exists
cp: cannot create regular file '/dev/shm/linux/./include/linux/peci.h': File exists
cp: cannot create regular file '/dev/shm/linux/./include/linux/percpu-refcount.h': File exists
cp: cannot create regular file '/dev/shm/linux/./include/linux/percpu.h': File exists
cp: cannot create regular file '/dev/shm/linux/./include/linux/perf/arm_pmu.h': File exists
cp: cannot create regular file '/dev/shm/linux/./include/linux/perf/riscv_pmu.h': File exists
cp: cannot create regular file '/dev/shm/linux/./include/linux/perf_event.h': File exists
cp: cannot create regular file '/dev/shm/linux/./include/linux/perf_regs.h': File exists
cp: cannot create regular file '/dev/shm/linux/./include/linux/pfn.h': File exists
cp: cannot create regular file '/dev/shm/linux/./include/linux/pgalloc_tag.h': File exists
cp: cannot create regular file '/dev/shm/linux/./include/linux/phy.h': File exists
cp: cannot create regular file '/dev/shm/linux/./include/linux/pinctrl/devinfo.h': File exists
cp: cannot create regular file '/dev/shm/linux/./include/linux/pinctrl/machine.h': File exists
cp: cannot create regular file '/dev/shm/linux/./include/linux/pinctrl/pinconf-generic.h': File exists
cp: cannot create regular file '/dev/shm/linux/./include/linux/pinctrl/pinmux.h': File exists
cp: cannot create regular file '/dev/shm/linux/./include/linux/pkeys.h': File exists
cp: cannot create regular file '/dev/shm/linux/./include/linux/pl320-ipc.h': File exists
cp: cannot create regular file '/dev/shm/linux/./include/linux/platform_data/ad7266.h': File exists
cp: cannot create regular file '/dev/shm/linux/./include/linux/platform_data/ad7793.h': File exists
cp: cannot create regular file '/dev/shm/linux/./include/linux/platform_data/adau17x1.h': File exists
cp: cannot create regular file '/dev/shm/linux/./include/linux/platform_data/adp8870.h': File exists
cp: cannot create regular file '/dev/shm/linux/./include/linux/platform_data/amd_xdma.h': File exists
cp: cannot create regular file '/dev/shm/linux/./include/linux/platform_data/arm-ux500-pm.h': File exists
cp: cannot create regular file '/dev/shm/linux/./include/linux/platform_data/asoc-kirkwood.h': File exists
cp: cannot create regular file '/dev/shm/linux/./include/linux/platform_data/asoc-pxa.h': File exists
cp: cannot create regular file '/dev/shm/linux/./include/linux/platform_data/asoc-s3c.h': File exists
cp: cannot create regular file '/dev/shm/linux/./include/linux/platform_data/asoc-ti-mcbsp.h': File exists
cp: cannot create regular file '/dev/shm/linux/./include/linux/platform_data/atmel.h': File exists
cp: cannot create regular file '/dev/shm/linux/./include/linux/platform_data/bcm7038_wdt.h': File exists
cp: cannot create regular file '/dev/shm/linux/./include/linux/platform_data/bh1770glc.h': File exists
cp: cannot create regular file '/dev/shm/linux/./include/linux/platform_data/brcmnand.h': File exists
cp: cannot create regular file '/dev/shm/linux/./include/linux/platform_data/clk-da8xx-cfgchip.h': File exists
cp: cannot create regular file '/dev/shm/linux/./include/linux/platform_data/cpuidle-exynos.h': File exists
cp: cannot create regular file '/dev/shm/linux/./include/linux/platform_data/cros_ec_chardev.h': File exists
cp: cannot create regular file '/dev/shm/linux/./include/linux/platform_data/cros_ec_sensorhub.h': File exists
cp: cannot create regular file '/dev/shm/linux/./include/linux/platform_data/cros_usbpd_notify.h': File exists
cp: cannot create regular file '/dev/shm/linux/./include/linux/platform_data/davinci-cpufreq.h': File exists
cp: cannot create regular file '/dev/shm/linux/./include/linux/platform_data/davinci_asp.h': File exists
cp: cannot create regular file '/dev/shm/linux/./include/linux/platform_data/dma-iop32x.h': File exists
cp: cannot create regular file '/dev/shm/linux/./include/linux/platform_data/dma-mv_xor.h': File exists
cp: cannot create regular file '/dev/shm/linux/./include/linux/platform_data/ds620.h': File exists
cp: cannot create regular file '/dev/shm/linux/./include/linux/platform_data/dsa.h': File exists
cp: cannot create regular file '/dev/shm/linux/./include/linux/platform_data/elm.h': File exists
cp: cannot create regular file '/dev/shm/linux/./include/linux/platform_data/g762.h': File exists
cp: cannot create regular file '/dev/shm/linux/./include/linux/platform_data/gpio-htc-egpio.h': File exists
cp: cannot create regular file '/dev/shm/linux/./include/linux/platform_data/gpio-omap.h': File exists
cp: cannot create regular file '/dev/shm/linux/./include/linux/platform_data/huawei-gaokun-ec.h': File exists
cp: cannot create regular file '/dev/shm/linux/./include/linux/platform_data/i2c-gpio.h': File exists
cp: cannot create regular file '/dev/shm/linux/./include/linux/platform_data/i2c-mux-reg.h': File exists
cp: cannot create regular file '/dev/shm/linux/./include/linux/platform_data/i2c-ocores.h': File exists
cp: cannot create regular file '/dev/shm/linux/./include/linux/platform_data/i2c-pxa.h': File exists
cp: cannot create regular file '/dev/shm/linux/./include/linux/platform_data/i2c-xiic.h': File exists
cp: cannot create regular file '/dev/shm/linux/./include/linux/platform_data/invensense_mpu6050.h': File exists
cp: cannot create regular file '/dev/shm/linux/./include/linux/platform_data/itco_wdt.h': File exists
cp: cannot create regular file '/dev/shm/linux/./include/linux/platform_data/keypad-omap.h': File exists
cp: cannot create regular file '/dev/shm/linux/./include/linux/platform_data/leds-lm355x.h': File exists
cp: cannot create regular file '/dev/shm/linux/./include/linux/platform_data/leds-lm3642.h': File exists
cp: cannot create regular file '/dev/shm/linux/./include/linux/platform_data/leds-lp55xx.h': File exists
cp: cannot create regular file '/dev/shm/linux/./include/linux/platform_data/lenovo-yoga-c630.h': File exists
cp: cannot create regular file '/dev/shm/linux/./include/linux/platform_data/lm3639_bl.h': File exists
cp: cannot create regular file '/dev/shm/linux/./include/linux/platform_data/lm8323.h': File exists
cp: cannot create regular file '/dev/shm/linux/./include/linux/platform_data/lp8727.h': File exists
cp: cannot create regular file '/dev/shm/linux/./include/linux/platform_data/ltc4245.h': File exists
cp: cannot create regular file '/dev/shm/linux/./include/linux/platform_data/lv5207lp.h': File exists
cp: cannot create regular file '/dev/shm/linux/./include/linux/platform_data/max197.h': File exists
cp: cannot create regular file '/dev/shm/linux/./include/linux/platform_data/max3421-hcd.h': File exists
cp: cannot create regular file '/dev/shm/linux/./include/linux/platform_data/mdio-bcm-unimac.h': File exists
cp: cannot create regular file '/dev/shm/linux/./include/linux/platform_data/mmc-omap.h': File exists
cp: cannot create regular file '/dev/shm/linux/./include/linux/platform_data/mmc-pxamci.h': File exists
cp: cannot create regular file '/dev/shm/linux/./include/linux/platform_data/mmc-sdhci-s3c.h': File exists
cp: cannot create regular file '/dev/shm/linux/./include/linux/platform_data/mtd-nand-omap2.h': File exists
cp: cannot create regular file '/dev/shm/linux/./include/linux/platform_data/mtd-orion_nand.h': File exists
cp: cannot create regular file '/dev/shm/linux/./include/linux/platform_data/mv88e6xxx.h': File exists
cp: cannot create regular file '/dev/shm/linux/./include/linux/platform_data/mv_usb.h': File exists
cp: cannot create regular file '/dev/shm/linux/./include/linux/platform_data/net-cw1200.h': File exists
cp: cannot create regular file '/dev/shm/linux/./include/linux/platform_data/omap-twl4030.h': File exists
cp: cannot create regular file '/dev/shm/linux/./include/linux/platform_data/omapdss.h': File exists
cp: cannot create regular file '/dev/shm/linux/./include/linux/platform_data/pca953x.h': File exists
cp: cannot create regular file '/dev/shm/linux/./include/linux/platform_data/phy-da8xx-usb.h': File exists
cp: cannot create regular file '/dev/shm/linux/./include/linux/platform_data/pinctrl-single.h': File exists
cp: cannot create regular file '/dev/shm/linux/./include/linux/platform_data/pxa_sdhci.h': File exists
cp: cannot create regular file '/dev/shm/linux/./include/linux/platform_data/s3c-hsotg.h': File exists
cp: cannot create regular file '/dev/shm/linux/./include/linux/platform_data/sdhci-pic32.h': File exists
cp: cannot create regular file '/dev/shm/linux/./include/linux/platform_data/serial-sccnxp.h': File exists
cp: cannot create regular file '/dev/shm/linux/./include/linux/platform_data/sgi-w1.h': File exists
cp: cannot create regular file '/dev/shm/linux/./include/linux/platform_data/shmob_drm.h': File exists
cp: cannot create regular file '/dev/shm/linux/./include/linux/platform_data/shtc1.h': File exists
cp: cannot create regular file '/dev/shm/linux/./include/linux/platform_data/si5351.h': File exists
cp: cannot create regular file '/dev/shm/linux/./include/linux/platform_data/simplefb.h': File exists
cp: cannot create regular file '/dev/shm/linux/./include/linux/platform_data/spi-omap2-mcspi.h': File exists
cp: cannot create regular file '/dev/shm/linux/./include/linux/platform_data/st_sensors_pdata.h': File exists
cp: cannot create regular file '/dev/shm/linux/./include/linux/platform_data/tda9950.h': File exists
cp: cannot create regular file '/dev/shm/linux/./include/linux/platform_data/ti-sysc.h': File exists
cp: cannot create regular file '/dev/shm/linux/./include/linux/platform_data/tsl2772.h': File exists
cp: cannot create regular file '/dev/shm/linux/./include/linux/platform_data/usb-ohci-pxa27x.h': File exists
cp: cannot create regular file '/dev/shm/linux/./include/linux/platform_data/usb-omap1.h': File exists
cp: cannot create regular file '/dev/shm/linux/./include/linux/platform_data/usb3503.h': File exists
cp: cannot create regular file '/dev/shm/linux/./include/linux/platform_data/video-pxafb.h': File exists
cp: cannot create regular file '/dev/shm/linux/./include/linux/platform_data/voltage-omap.h': File exists
cp: cannot create regular file '/dev/shm/linux/./include/linux/platform_data/wiznet.h': File exists
cp: cannot create regular file '/dev/shm/linux/./include/linux/platform_data/x86/amd-fch.h': File exists
cp: cannot create regular file '/dev/shm/linux/./include/linux/platform_data/x86/apple.h': File exists
cp: cannot create regular file '/dev/shm/linux/./include/linux/platform_data/x86/asus-wmi.h': File exists
cp: cannot create regular file '/dev/shm/linux/./include/linux/platform_data/x86/clk-pmc-atom.h': File exists
cp: cannot create regular file '/dev/shm/linux/./include/linux/platform_data/x86/intel-mid_wdt.h': File exists
cp: cannot create regular file '/dev/shm/linux/./include/linux/platform_data/x86/intel_scu_ipc.h': File exists
cp: cannot create regular file '/dev/shm/linux/./include/linux/platform_data/x86/nvidia-wmi-ec-backlight.h': File exists
cp: cannot create regular file '/dev/shm/linux/./include/linux/platform_data/x86/p2sb.h': File exists
cp: cannot create regular file '/dev/shm/linux/./include/linux/platform_data/x86/pmc_atom.h': File exists
cp: cannot create regular file '/dev/shm/linux/./include/linux/platform_data/x86/pwm-lpss.h': File exists
cp: cannot create regular file '/dev/shm/linux/./include/linux/platform_data/x86/simatic-ipc.h': File exists
cp: cannot create regular file '/dev/shm/linux/./include/linux/platform_data/xilinx-ll-temac.h': File exists
cp: cannot create regular file '/dev/shm/linux/./include/linux/platform_device.h': File exists
cp: cannot create regular file '/dev/shm/linux/./include/linux/pldmfw.h': File exists
cp: cannot create regular file '/dev/shm/linux/./include/linux/plist.h': File exists
cp: cannot create regular file '/dev/shm/linux/./include/linux/pm-trace.h': File exists
cp: cannot create regular file '/dev/shm/linux/./include/linux/pm_domain.h': File exists
cp: cannot create regular file '/dev/shm/linux/./include/linux/pm_wakeirq.h': File exists
cp: cannot create regular file '/dev/shm/linux/./include/linux/pm_wakeup.h': File exists
cp: cannot create regular file '/dev/shm/linux/./include/linux/posix-clock.h': File exists
cp: cannot create regular file '/dev/shm/linux/./include/linux/posix_acl.h': File exists
cp: cannot create regular file '/dev/shm/linux/./include/linux/posix_acl_xattr.h': File exists
cp: cannot create regular file '/dev/shm/linux/./include/linux/power/bq2415x_charger.h': File exists
cp: cannot create regular file '/dev/shm/linux/./include/linux/power/bq27xxx_battery.h': File exists
cp: cannot create regular file '/dev/shm/linux/./include/linux/power/charger-manager.h': File exists
cp: cannot create regular file '/dev/shm/linux/./include/linux/power/max17042_battery.h': File exists
cp: cannot create regular file '/dev/shm/linux/./include/linux/power/max77705_charger.h': File exists
cp: cannot create regular file '/dev/shm/linux/./include/linux/power/sbs-battery.h': File exists
cp: cannot create regular file '/dev/shm/linux/./include/linux/power/smartreflex.h': File exists
cp: cannot create regular file '/dev/shm/linux/./include/linux/ppp_channel.h': File exists
cp: cannot create regular file '/dev/shm/linux/./include/linux/ppp_defs.h': File exists
cp: cannot create regular file '/dev/shm/linux/./include/linux/pps_kernel.h': File exists
cp: cannot create regular file '/dev/shm/linux/./include/linux/pr.h': File exists
cp: cannot create regular file '/dev/shm/linux/./include/linux/prmt.h': File exists
cp: cannot create regular file '/dev/shm/linux/./include/linux/proc_ns.h': File exists
cp: cannot create regular file '/dev/shm/linux/./include/linux/projid.h': File exists
cp: cannot create regular file '/dev/shm/linux/./include/linux/pruss_driver.h': File exists
cp: cannot create regular file '/dev/shm/linux/./include/linux/pseudo_fs.h': File exists
cp: cannot create regular file '/dev/shm/linux/./include/linux/psi_types.h': File exists
cp: cannot create regular file '/dev/shm/linux/./include/linux/psp-sev.h': File exists
cp: cannot create regular file '/dev/shm/linux/./include/linux/psp.h': File exists
cp: cannot create regular file '/dev/shm/linux/./include/linux/pstore_ram.h': File exists
cp: cannot create regular file '/dev/shm/linux/./include/linux/ptdump.h': File exists
cp: cannot create regular file '/dev/shm/linux/./include/linux/ptp_classify.h': File exists
cp: cannot create regular file '/dev/shm/linux/./include/linux/ptp_clock_kernel.h': File exists
cp: cannot create regular file '/dev/shm/linux/./include/linux/ptp_pch.h': File exists
cp: cannot create regular file '/dev/shm/linux/./include/linux/ptrace.h': File exists
cp: cannot create regular file '/dev/shm/linux/./include/linux/pvclock_gtod.h': File exists
cp: cannot create regular file '/dev/shm/linux/./include/linux/pwm_backlight.h': File exists
cp: cannot create regular file '/dev/shm/linux/./include/linux/qat/qat_mig_dev.h': File exists
cp: cannot create regular file '/dev/shm/linux/./include/linux/rbtree.h': File exists
cp: cannot create regular file '/dev/shm/linux/./include/linux/rbtree_latch.h': File exists
cp: cannot create regular file '/dev/shm/linux/./include/linux/rcu_node_tree.h': File exists
cp: cannot create regular file '/dev/shm/linux/./include/linux/rcu_notifier.h': File exists
cp: cannot create regular file '/dev/shm/linux/./include/linux/rcu_sync.h': File exists
cp: cannot create regular file '/dev/shm/linux/./include/linux/rculist.h': File exists
cp: cannot create regular file '/dev/shm/linux/./include/linux/rculist_nulls.h': File exists
cp: cannot create regular file '/dev/shm/linux/./include/linux/rcupdate_trace.h': File exists
cp: cannot create regular file '/dev/shm/linux/./include/linux/rcuref.h': File exists
cp: cannot create regular file '/dev/shm/linux/./include/linux/rcutree.h': File exists
cp: cannot create regular file '/dev/shm/linux/./include/linux/rcuwait_api.h': File exists
cp: cannot create regular file '/dev/shm/linux/./include/linux/reboot-mode.h': File exists
cp: cannot create regular file '/dev/shm/linux/./include/linux/reciprocal_div.h': File exists
cp: cannot create regular file '/dev/shm/linux/./include/linux/refcount.h': File exists
cp: cannot create regular file '/dev/shm/linux/./include/linux/refcount_types.h': File exists
cp: cannot create directory '/dev/shm/linux/./include/linux/regulator': File exists
cp: cannot create regular file '/dev/shm/linux/./include/linux/rseq_types.h': File exists
cp: cannot create regular file '/dev/shm/linux/./include/linux/rtc.h': File exists
cp: cannot create regular file '/dev/shm/linux/./include/linux/rw_hint.h': File exists
cp: cannot create regular file '/dev/shm/linux/./include/linux/rwbase_rt.h': File exists
cp: cannot create regular file '/dev/shm/linux/./include/linux/rwlock.h': File exists
cp: cannot create regular file '/dev/shm/linux/./include/linux/rwlock_rt.h': File exists
cp: cannot create regular file '/dev/shm/linux/./include/linux/rwsem.h': File exists
cp: cannot create regular file '/dev/shm/linux/./include/linux/scatterlist.h': File exists
cp: cannot create regular file '/dev/shm/linux/./include/linux/sched/autogroup.h': File exists
cp: cannot create regular file '/dev/shm/linux/./include/linux/sched/clock.h': File exists
cp: cannot create regular file '/dev/shm/linux/./include/linux/sched/coredump.h': File exists
cp: cannot create regular file '/dev/shm/linux/./include/linux/sched/cputime.h': File exists
cp: cannot create regular file '/dev/shm/linux/./include/linux/sched/debug.h': File exists
cp: cannot create regular file '/dev/shm/linux/./include/linux/sched/hotplug.h': File exists
cp: cannot create regular file '/dev/shm/linux/./include/linux/sched/init.h': File exists
cp: cannot create regular file '/dev/shm/linux/./include/linux/sched/jobctl.h': File exists
cp: cannot create regular file '/dev/shm/linux/./include/linux/sched/mm.h': File exists
cp: cannot create regular file '/dev/shm/linux/./include/linux/sched/numa_balancing.h': File exists
cp: cannot create regular file '/dev/shm/linux/./include/linux/sched/prio.h': File exists
cp: cannot create regular file '/dev/shm/linux/./include/linux/sched/rt.h': File exists
cp: cannot create regular file '/dev/shm/linux/./include/linux/sched/signal.h': File exists
cp: cannot create regular file '/dev/shm/linux/./include/linux/sched/sysctl.h': File exists
cp: cannot create regular file '/dev/shm/linux/./include/linux/sched/task_flags.h': File exists
cp: cannot create regular file '/dev/shm/linux/./include/linux/sched/topology.h': File exists
cp: cannot create regular file '/dev/shm/linux/./include/linux/sched/user.h': File exists
cp: cannot create regular file '/dev/shm/linux/./include/linux/sched/wake_q.h': File exists
cp: cannot create regular file '/dev/shm/linux/./include/linux/sched_clock.h': File exists
cp: cannot create regular file '/dev/shm/linux/./include/linux/scmi_imx_protocol.h': File exists
cp: cannot create regular file '/dev/shm/linux/./include/linux/scpi_protocol.h': File exists
cp: cannot create regular file '/dev/shm/linux/./include/linux/screen_info.h': File exists
cp: cannot create regular file '/dev/shm/linux/./include/linux/sctp.h': File exists
cp: cannot create regular file '/dev/shm/linux/./include/linux/scx200_gpio.h': File exists
cp: cannot create regular file '/dev/shm/linux/./include/linux/seccomp_types.h': File exists
cp: cannot create regular file '/dev/shm/linux/./include/linux/secure_boot.h': File exists
cp: cannot create regular file '/dev/shm/linux/./include/linux/security.h': File exists
cp: cannot create regular file '/dev/shm/linux/./include/linux/sed-opal.h': File exists
cp: cannot create regular file '/dev/shm/linux/./include/linux/seg6_genl.h': File exists
cp: cannot create regular file '/dev/shm/linux/./include/linux/seg6_iptunnel.h': File exists
cp: cannot create regular file '/dev/shm/linux/./include/linux/seg6_local.h': File exists
cp: cannot create regular file '/dev/shm/linux/./include/linux/sem.h': File exists
cp: cannot create regular file '/dev/shm/linux/./include/linux/semaphore.h': File exists
cp: cannot create regular file '/dev/shm/linux/./include/linux/seq_file.h': File exists
cp: cannot create regular file '/dev/shm/linux/./include/linux/seqlock.h': File exists
cp: cannot create regular file '/dev/shm/linux/./include/linux/seqlock_types.h': File exists
cp: cannot create regular file '/dev/shm/linux/./include/linux/serial.h': File exists
cp: cannot create regular file '/dev/shm/linux/./include/linux/serial_bcm63xx.h': File exists
cp: cannot create regular file '/dev/shm/linux/./include/linux/serial_s3c.h': File exists
cp: cannot create regular file '/dev/shm/linux/./include/linux/serio.h': File exists
cp: cannot create regular file '/dev/shm/linux/./include/linux/sfp.h': File exists
cp: cannot create regular file '/dev/shm/linux/./include/linux/sh_dma.h': File exists
cp: cannot create regular file '/dev/shm/linux/./include/linux/sh_intc.h': File exists
cp: cannot create regular file '/dev/shm/linux/./include/linux/shdma-base.h': File exists
cp: cannot create regular file '/dev/shm/linux/./include/linux/shmem_fs.h': File exists
cp: cannot create regular file '/dev/shm/linux/./include/linux/signal.h': File exists
cp: cannot create regular file '/dev/shm/linux/./include/linux/signalfd.h': File exists
cp: cannot create regular file '/dev/shm/linux/./include/linux/simple_ring_buffer.h': File exists
cp: cannot create regular file '/dev/shm/linux/./include/linux/siphash.h': File exists
cp: cannot create regular file '/dev/shm/linux/./include/linux/skb_array.h': File exists
cp: cannot create regular file '/dev/shm/linux/./include/linux/slab.h': File exists
cp: cannot create regular file '/dev/shm/linux/./include/linux/sm501-regs.h': File exists
cp: cannot create regular file '/dev/shm/linux/./include/linux/smbdirect.h': File exists
cp: cannot create regular file '/dev/shm/linux/./include/linux/smc91x.h': File exists
cp: cannot create regular file '/dev/shm/linux/./include/linux/smp_types.h': File exists
cp: cannot create regular file '/dev/shm/linux/./include/linux/smsc911x.h': File exists
cp: cannot create regular file '/dev/shm/linux/./include/linux/soc/actions/owl-sps.h': File exists
cp: cannot create regular file '/dev/shm/linux/./include/linux/soc/amlogic/meson-canvas.h': File exists
cp: cannot create regular file '/dev/shm/linux/./include/linux/soc/apple/sart.h': File exists
cp: cannot create regular file '/dev/shm/linux/./include/linux/soc/cirrus/ep93xx.h': File exists
cp: cannot create regular file '/dev/shm/linux/./include/linux/soc/ixp4xx/npe.h': File exists
cp: cannot create regular file '/dev/shm/linux/./include/linux/soc/ixp4xx/qmgr.h': File exists
cp: cannot create regular file '/dev/shm/linux/./include/linux/soc/mediatek/mtk-mutex.h': File exists
cp: cannot create regular file '/dev/shm/linux/./include/linux/soc/mediatek/mtk_sip_svc.h': File exists
cp: cannot create regular file '/dev/shm/linux/./include/linux/soc/pxa/mfp.h': File exists
cp: cannot create regular file '/dev/shm/linux/./include/linux/soc/qcom/geni-se.h': File exists
cp: cannot create regular file '/dev/shm/linux/./include/linux/soc/qcom/llcc-qcom.h': File exists
cp: cannot create regular file '/dev/shm/linux/./include/linux/soc/qcom/pdr.h': File exists
cp: cannot create regular file '/dev/shm/linux/./include/linux/soc/qcom/qcom-pbs.h': File exists
cp: cannot create regular file '/dev/shm/linux/./include/linux/soc/qcom/qmi.h': File exists
cp: cannot create regular file '/dev/shm/linux/./include/linux/soc/qcom/smem.h': File exists
cp: cannot create regular file '/dev/shm/linux/./include/linux/soc/qcom/socinfo.h': File exists
cp: cannot create regular file '/dev/shm/linux/./include/linux/soc/qcom/wcnss_ctrl.h': File exists
cp: cannot create regular file '/dev/shm/linux/./include/linux/soc/samsung/s3c-pm.h': File exists
cp: cannot create regular file '/dev/shm/linux/./include/linux/soc/ti/knav_dma.h': File exists
cp: cannot create regular file '/dev/shm/linux/./include/linux/soc/ti/omap1-io.h': File exists
cp: cannot create regular file '/dev/shm/linux/./include/linux/soc/ti/omap1-soc.h': File exists
cp: cannot create regular file '/dev/shm/linux/./include/linux/soc/ti/ti-msgmgr.h': File exists
cp: cannot create regular file '/dev/shm/linux/./include/linux/soc/ti/ti_sci_protocol.h': File exists
cp: cannot create regular file '/dev/shm/linux/./include/linux/socket.h': File exists
cp: cannot create regular file '/dev/shm/linux/./include/linux/softirq.h': File exists
cp: cannot create regular file '/dev/shm/linux/./include/linux/sonet.h': File exists
cp: cannot create regular file '/dev/shm/linux/./include/linux/sort.h': File exists
cp: cannot create regular file '/dev/shm/linux/./include/linux/soundcard.h': File exists
cp: cannot create regular file '/dev/shm/linux/./include/linux/spi/ds1305.h': File exists
cp: cannot create regular file '/dev/shm/linux/./include/linux/spi/flash.h': File exists
cp: cannot create regular file '/dev/shm/linux/./include/linux/spi/max7301.h': File exists
cp: cannot create regular file '/dev/shm/linux/./include/linux/spi/mmc_spi.h': File exists
cp: cannot create regular file '/dev/shm/linux/./include/linux/spi/offload/consumer.h': File exists
cp: cannot create regular file '/dev/shm/linux/./include/linux/spi/offload/types.h': File exists
cp: cannot create regular file '/dev/shm/linux/./include/linux/spi/sh_msiof.h': File exists
cp: cannot create regular file '/dev/shm/linux/./include/linux/spi/spi-fsl-dspi.h': File exists
cp: cannot create regular file '/dev/shm/linux/./include/linux/spi/spi.h': File exists
cp: cannot create regular file '/dev/shm/linux/./include/linux/spi/spi_gpio.h': File exists
cp: cannot create regular file '/dev/shm/linux/./include/linux/spi/tdo24m.h': File exists
cp: cannot create regular file '/dev/shm/linux/./include/linux/spi/xilinx_spi.h': File exists
cp: cannot create regular file '/dev/shm/linux/./include/linux/spinlock_api_up.h': File exists
cp: cannot create regular file '/dev/shm/linux/./include/linux/spinlock_types.h': File exists
cp: cannot create regular file '/dev/shm/linux/./include/linux/spinlock_types_up.h': File exists
cp: cannot create regular file '/dev/shm/linux/./include/linux/splice.h': File exists
cp: cannot create regular file '/dev/shm/linux/./include/linux/sprintf.h': File exists
cp: cannot create regular file '/dev/shm/linux/./include/linux/srcu.h': File exists
cp: cannot create regular file '/dev/shm/linux/./include/linux/srcutree.h': File exists
cp: cannot create regular file '/dev/shm/linux/./include/linux/stddef.h': File exists
cp: cannot create regular file '/dev/shm/linux/./include/linux/stmmac.h': File exists
cp: cannot create regular file '/dev/shm/linux/./include/linux/stmp_device.h': File exists
cp: cannot create regular file '/dev/shm/linux/./include/linux/string.h': File exists
cp: cannot create regular file '/dev/shm/linux/./include/linux/string_helpers.h': File exists
cp: cannot create regular file '/dev/shm/linux/./include/linux/sunrpc/addr.h': File exists
cp: cannot create regular file '/dev/shm/linux/./include/linux/sunrpc/auth_gss.h': File exists
cp: cannot create regular file '/dev/shm/linux/./include/linux/sunrpc/cache.h': File exists
cp: cannot create regular file '/dev/shm/linux/./include/linux/sunrpc/clnt.h': File exists
cp: cannot create regular file '/dev/shm/linux/./include/linux/sunrpc/gss_api.h': File exists
cp: cannot create regular file '/dev/shm/linux/./include/linux/sunrpc/gss_krb5.h': File exists
cp: cannot create regular file '/dev/shm/linux/./include/linux/sunrpc/msg_prot.h': File exists
cp: cannot create regular file '/dev/shm/linux/./include/linux/sunrpc/rpc_pipe_fs.h': File exists
cp: cannot create regular file '/dev/shm/linux/./include/linux/sunrpc/rpc_rdma_cid.h': File exists
cp: cannot create regular file '/dev/shm/linux/./include/linux/sunrpc/svc.h': File exists
cp: cannot create regular file '/dev/shm/linux/./include/linux/sunrpc/svc_rdma_pcl.h': File exists
cp: cannot create regular file '/dev/shm/linux/./include/linux/sunrpc/svcauth.h': File exists
cp: cannot create regular file '/dev/shm/linux/./include/linux/sunrpc/svcsock.h': File exists
cp: cannot create regular file '/dev/shm/linux/./include/linux/sunrpc/types.h': File exists
cp: cannot create regular file '/dev/shm/linux/./include/linux/sunrpc/xdrgen/_builtins.h': File exists
cp: cannot create regular file '/dev/shm/linux/./include/linux/sunrpc/xdrgen/nfs4_1.h': File exists
cp: cannot create regular file '/dev/shm/linux/./include/linux/sunrpc/xprt.h': File exists
cp: cannot create regular file '/dev/shm/linux/./include/linux/sunrpc/xprtrdma.h': File exists
cp: cannot create regular file '/dev/shm/linux/./include/linux/sunxi-rsb.h': File exists
cp: cannot create regular file '/dev/shm/linux/./include/linux/surface_acpi_notify.h': File exists
cp: cannot create regular file '/dev/shm/linux/./include/linux/swait.h': File exists
cp: cannot create regular file '/dev/shm/linux/./include/linux/swap.h': File exists
cp: cannot create regular file '/dev/shm/linux/./include/linux/swapfile.h': File exists
cp: cannot create regular file '/dev/shm/linux/./include/linux/swiotlb.h': File exists
cp: cannot create regular file '/dev/shm/linux/./include/linux/sxgbe_platform.h': File exists
cp: cannot create regular file '/dev/shm/linux/./include/linux/sync_file.h': File exists
cp: cannot create regular file '/dev/shm/linux/./include/linux/sys.h': File exists
cp: cannot create regular file '/dev/shm/linux/./include/linux/sys_soc.h': File exists
cp: cannot create regular file '/dev/shm/linux/./include/linux/syscall_user_dispatch_types.h': File exists
cp: cannot create regular file '/dev/shm/linux/./include/linux/sysctl.h': File exists
cp: cannot create regular file '/dev/shm/linux/./include/linux/sysfs.h': File exists
cp: cannot create regular file '/dev/shm/linux/./include/linux/sysrq.h': File exists
cp: cannot create regular file '/dev/shm/linux/./include/linux/task_io_accounting.h': File exists
cp: cannot create regular file '/dev/shm/linux/./include/linux/task_work.h': File exists
cp: cannot create regular file '/dev/shm/linux/./include/linux/tboot.h': File exists
cp: cannot create regular file '/dev/shm/linux/./include/linux/tcp.h': File exists
cp: cannot create regular file '/dev/shm/linux/./include/linux/tee_drv.h': File exists
cp: cannot create regular file '/dev/shm/linux/./include/linux/tegra-mipi-cal.h': File exists
cp: cannot create regular file '/dev/shm/linux/./include/linux/text-patching.h': File exists
cp: cannot create regular file '/dev/shm/linux/./include/linux/textsearch.h': File exists
cp: cannot create regular file '/dev/shm/linux/./include/linux/thermal.h': File exists
cp: cannot create regular file '/dev/shm/linux/./include/linux/threads.h': File exists
cp: cannot create regular file '/dev/shm/linux/./include/linux/ti-emif-sram.h': File exists
cp: cannot create regular file '/dev/shm/linux/./include/linux/tick.h': File exists
cp: cannot create regular file '/dev/shm/linux/./include/linux/timb_dma.h': File exists
cp: cannot create regular file '/dev/shm/linux/./include/linux/time.h': File exists
cp: cannot create regular file '/dev/shm/linux/./include/linux/time64.h': File exists
cp: cannot create regular file '/dev/shm/linux/./include/linux/timecounter.h': File exists
cp: cannot create regular file '/dev/shm/linux/./include/linux/timekeeping.h': File exists
cp: cannot create regular file '/dev/shm/linux/./include/linux/timer_types.h': File exists
cp: cannot create regular file '/dev/shm/linux/./include/linux/timeriomem-rng.h': File exists
cp: cannot create regular file '/dev/shm/linux/./include/linux/timerqueue_types.h': File exists
cp: cannot create regular file '/dev/shm/linux/./include/linux/tnum.h': File exists
cp: cannot create regular file '/dev/shm/linux/./include/linux/torture.h': File exists
cp: cannot create regular file '/dev/shm/linux/./include/linux/tpm.h': File exists
cp: cannot create regular file '/dev/shm/linux/./include/linux/tpm_eventlog.h': File exists
cp: cannot create regular file '/dev/shm/linux/./include/linux/trace.h': File exists
cp: cannot create regular file '/dev/shm/linux/./include/linux/trace_events.h': File exists
cp: cannot create regular file '/dev/shm/linux/./include/linux/trace_recursion.h': File exists
cp: cannot create regular file '/dev/shm/linux/./include/linux/trace_seq.h': File exists
cp: cannot create regular file '/dev/shm/linux/./include/linux/tracepoint-defs.h': File exists
cp: cannot create regular file '/dev/shm/linux/./include/linux/transport_class.h': File exists
cp: cannot create regular file '/dev/shm/linux/./include/linux/ts-nbus.h': File exists
cp: cannot create regular file '/dev/shm/linux/./include/linux/tsm-mr.h': File exists
cp: cannot create regular file '/dev/shm/linux/./include/linux/tty.h': File exists
cp: cannot create regular file '/dev/shm/linux/./include/linux/tty_driver.h': File exists
cp: cannot create regular file '/dev/shm/linux/./include/linux/tty_ldisc.h': File exists
cp: cannot create regular file '/dev/shm/linux/./include/linux/tty_port.h': File exists
cp: cannot create regular file '/dev/shm/linux/./include/linux/turris-signing-key.h': File exists
cp: cannot create regular file '/dev/shm/linux/./include/linux/types.h': File exists
cp: cannot create regular file '/dev/shm/linux/./include/linux/u64_stats_sync_api.h': File exists
cp: cannot create regular file '/dev/shm/linux/./include/linux/uaccess.h': File exists
cp: cannot create regular file '/dev/shm/linux/./include/linux/ucopysize.h': File exists
cp: cannot create regular file '/dev/shm/linux/./include/linux/udp.h': File exists
cp: cannot create regular file '/dev/shm/linux/./include/linux/uidgid_types.h': File exists
cp: cannot create regular file '/dev/shm/linux/./include/linux/uio_driver.h': File exists
cp: cannot create regular file '/dev/shm/linux/./include/linux/unicode.h': File exists
cp: cannot create regular file '/dev/shm/linux/./include/linux/units.h': File exists
cp: cannot create regular file '/dev/shm/linux/./include/linux/unwind_deferred.h': File exists
cp: cannot create regular file '/dev/shm/linux/./include/linux/unwind_user.h': File exists
cp: cannot create regular file '/dev/shm/linux/./include/linux/uprobes.h': File exists
cp: cannot create regular file '/dev/shm/linux/./include/linux/usb.h': File exists
cp: cannot create regular file '/dev/shm/linux/./include/linux/zorro.h': File exists
cp: cannot create regular file '/dev/shm/linux/./include/linux/zstd.h': File exists
cp: cannot create regular file '/dev/shm/linux/./include/linux/zstd_lib.h': File exists
cp: cannot create regular file '/dev/shm/linux/./include/math-emu/double.h': File exists
cp: cannot create regular file '/dev/shm/linux/./include/math-emu/op-2.h': File exists
cp: cannot create regular file '/dev/shm/linux/./include/math-emu/op-8.h': File exists
cp: cannot create regular file '/dev/shm/linux/./include/math-emu/op-common.h': File exists
cp: cannot create regular file '/dev/shm/linux/./include/math-emu/single.h': File exists
cp: cannot create regular file '/dev/shm/linux/./include/media/cec-pin.h': File exists
cp: cannot create regular file '/dev/shm/linux/./include/media/demux.h': File exists
cp: cannot create regular file '/dev/shm/linux/./include/media/drv-intf/cx25840.h': File exists
cp: cannot create regular file '/dev/shm/linux/./include/media/drv-intf/msp3400.h': File exists
cp: cannot create regular file '/dev/shm/linux/./include/media/drv-intf/renesas-ceu.h': File exists
cp: cannot create regular file '/dev/shm/linux/./include/media/drv-intf/saa7146.h': File exists
cp: cannot create regular file '/dev/shm/linux/./include/media/drv-intf/si476x.h': File exists
cp: cannot create regular file '/dev/shm/linux/./include/media/dvb-usb-ids.h': File exists
cp: cannot create regular file '/dev/shm/linux/./include/media/dvb_demux.h': File exists
cp: cannot create regular file '/dev/shm/linux/./include/media/dvb_net.h': File exists
cp: cannot create regular file '/dev/shm/linux/./include/media/dvb_vb2.h': File exists
cp: cannot create regular file '/dev/shm/linux/./include/media/frame_vector.h': File exists
cp: cannot create regular file '/dev/shm/linux/./include/media/v4l2-mc.h': File exists
cp: cannot create regular file '/dev/shm/linux/./include/media/v4l2-mediabus.h': File exists
cp: cannot create regular file '/dev/shm/linux/./include/media/v4l2-rect.h': File exists
cp: cannot create regular file '/dev/shm/linux/./include/media/videobuf2-memops.h': File exists
cp: cannot create regular file '/dev/shm/linux/./include/media/videobuf2-vmalloc.h': File exists
cp: cannot create regular file '/dev/shm/linux/./include/misc/ocxl-config.h': File exists
cp: cannot create regular file '/dev/shm/linux/./include/net/9p/client.h': File exists
cp: cannot create regular file '/dev/shm/linux/./include/net/Space.h': File exists
cp: cannot create regular file '/dev/shm/linux/./include/net/act_api.h': File exists
cp: cannot create regular file '/dev/shm/linux/./include/net/af_ieee802154.h': File exists
cp: cannot create regular file '/dev/shm/linux/./include/net/af_unix.h': File exists
cp: cannot create regular file '/dev/shm/linux/./include/net/ah.h': File exists
cp: cannot create regular file '/dev/shm/linux/./include/net/aligned_data.h': File exists
cp: cannot create regular file '/dev/shm/linux/./include/net/bluetooth/coredump.h': File exists
cp: cannot create regular file '/dev/shm/linux/./include/net/bluetooth/hci_core.h': File exists
cp: cannot create regular file '/dev/shm/linux/./include/net/bluetooth/hci_sock.h': File exists
cp: cannot create regular file '/dev/shm/linux/./include/net/bluetooth/hci_sync.h': File exists
cp: cannot create regular file '/dev/shm/linux/./include/net/bluetooth/iso.h': File exists
cp: cannot create regular file '/dev/shm/linux/./include/net/bond_3ad.h': File exists
cp: cannot create regular file '/dev/shm/linux/./include/net/bond_options.h': File exists
cp: cannot create regular file '/dev/shm/linux/./include/net/calipso.h': File exists
cp: cannot create regular file '/dev/shm/linux/./include/net/cfg80211-wext.h': File exists
cp: cannot create regular file '/dev/shm/linux/./include/net/cfg80211.h': File exists
cp: cannot create regular file '/dev/shm/linux/./include/net/cipso_ipv4.h': File exists
cp: cannot create regular file '/dev/shm/linux/./include/net/codel.h': File exists
cp: cannot create regular file '/dev/shm/linux/./include/net/codel_qdisc.h': File exists
cp: cannot create regular file '/dev/shm/linux/./include/net/datalink.h': File exists
cp: cannot create regular file '/dev/shm/linux/./include/net/dcbnl.h': File exists
cp: cannot create regular file '/dev/shm/linux/./include/net/dropreason.h': File exists
cp: cannot create regular file '/dev/shm/linux/./include/net/dsa.h': File exists
cp: cannot create regular file '/dev/shm/linux/./include/net/dscp.h': File exists
cp: cannot create regular file '/dev/shm/linux/./include/net/dst.h': File exists
cp: cannot create regular file '/dev/shm/linux/./include/net/dst_metadata.h': File exists
cp: cannot create regular file '/dev/shm/linux/./include/net/eee.h': File exists
cp: cannot create regular file '/dev/shm/linux/./include/net/esp.h': File exists
cp: cannot create regular file '/dev/shm/linux/./include/net/espintcp.h': File exists
cp: cannot create regular file '/dev/shm/linux/./include/net/failover.h': File exists
cp: cannot create regular file '/dev/shm/linux/./include/net/fib_rules.h': File exists
cp: cannot create regular file '/dev/shm/linux/./include/net/firewire.h': File exists
cp: cannot create regular file '/dev/shm/linux/./include/net/flow_dissector.h': File exists
cp: cannot create regular file '/dev/shm/linux/./include/net/fou.h': File exists
cp: cannot create regular file '/dev/shm/linux/./include/net/fq.h': File exists
cp: cannot create regular file '/dev/shm/linux/./include/net/garp.h': File exists
cp: cannot create regular file '/dev/shm/linux/./include/net/genetlink.h': File exists
cp: cannot create regular file '/dev/shm/linux/./include/net/gre.h': File exists
cp: cannot create regular file '/dev/shm/linux/./include/net/gro.h': File exists
cp: cannot create regular file '/dev/shm/linux/./include/net/gso.h': File exists
cp: cannot create regular file '/dev/shm/linux/./include/net/gue.h': File exists
cp: cannot create regular file '/dev/shm/linux/./include/net/hotdata.h': File exists
cp: cannot create regular file '/dev/shm/linux/./include/net/icmp.h': File exists
cp: cannot create regular file '/dev/shm/linux/./include/net/ieee802154_netdev.h': File exists
cp: cannot create regular file '/dev/shm/linux/./include/net/if_inet6.h': File exists
cp: cannot create regular file '/dev/shm/linux/./include/net/inet6_connection_sock.h': File exists
cp: cannot create regular file '/dev/shm/linux/./include/net/inet_common.h': File exists
cp: cannot create regular file '/dev/shm/linux/./include/net/inet_dscp.h': File exists
cp: cannot create regular file '/dev/shm/linux/./include/net/inet_frag.h': File exists
cp: cannot create regular file '/dev/shm/linux/./include/net/inet_sock.h': File exists
cp: cannot create regular file '/dev/shm/linux/./include/net/inetpeer.h': File exists
cp: cannot create regular file '/dev/shm/linux/./include/net/ip.h': File exists
cp: cannot create regular file '/dev/shm/linux/./include/net/ip6_fib.h': File exists
cp: cannot create regular file '/dev/shm/linux/./include/net/ip6_tunnel.h': File exists
cp: cannot create regular file '/dev/shm/linux/./include/net/ip_tunnels.h': File exists
cp: cannot create regular file '/dev/shm/linux/./include/net/ipv6.h': File exists
cp: cannot create regular file '/dev/shm/linux/./include/net/lag.h': File exists
cp: cannot create regular file '/dev/shm/linux/./include/net/libeth/rx.h': File exists
cp: cannot create regular file '/dev/shm/linux/./include/net/libeth/types.h': File exists
cp: cannot create regular file '/dev/shm/linux/./include/net/llc_c_ac.h': File exists
cp: cannot create regular file '/dev/shm/linux/./include/net/llc_c_st.h': File exists
cp: cannot create regular file '/dev/shm/linux/./include/net/llc_if.h': File exists
cp: cannot create regular file '/dev/shm/linux/./include/net/llc_pdu.h': File exists
cp: cannot create regular file '/dev/shm/linux/./include/net/llc_s_ev.h': File exists
cp: cannot create regular file '/dev/shm/linux/./include/net/lwtunnel.h': File exists
cp: cannot create regular file '/dev/shm/linux/./include/net/macsec.h': File exists
cp: cannot create regular file '/dev/shm/linux/./include/net/mptcp.h': File exists
cp: cannot create regular file '/dev/shm/linux/./include/net/ncsi.h': File exists
cp: cannot create regular file '/dev/shm/linux/./include/net/neighbour.h': File exists
cp: cannot create regular file '/dev/shm/linux/./include/net/net_debug.h': File exists
cp: cannot create regular file '/dev/shm/linux/./include/net/net_namespace.h': File exists
cp: cannot create regular file '/dev/shm/linux/./include/net/net_shaper.h': File exists
cp: cannot create regular file '/dev/shm/linux/./include/net/net_trackers.h': File exists
cp: cannot create regular file '/dev/shm/linux/./include/net/netdev_netlink.h': File exists
cp: cannot create regular file '/dev/shm/linux/./include/net/netdev_rx_queue.h': File exists
cp: cannot create regular file '/dev/shm/linux/./include/net/netfilter/br_netfilter.h': File exists
cp: cannot create regular file '/dev/shm/linux/./include/net/netfilter/nf_bpf_link.h': File exists
cp: cannot create regular file '/dev/shm/linux/./include/net/netfilter/nf_conntrack_acct.h': File exists
cp: cannot create regular file '/dev/shm/linux/./include/net/netfilter/nf_conntrack_bpf.h': File exists
cp: cannot create regular file '/dev/shm/linux/./include/net/netfilter/nf_conntrack_core.h': File exists
cp: cannot create regular file '/dev/shm/linux/./include/net/netfilter/nf_conntrack_ecache.h': File exists
cp: cannot create regular file '/dev/shm/linux/./include/net/netfilter/nf_conntrack_extend.h': File exists
cp: cannot create regular file '/dev/shm/linux/./include/net/netfilter/nf_conntrack_l4proto.h': File exists
cp: cannot create regular file '/dev/shm/linux/./include/net/netfilter/nf_conntrack_labels.h': File exists
cp: cannot create regular file '/dev/shm/linux/./include/net/netfilter/nf_conntrack_seqadj.h': File exists
cp: cannot create regular file '/dev/shm/linux/./include/net/netfilter/nf_conntrack_synproxy.h': File exists
cp: cannot create regular file '/dev/shm/linux/./include/net/netfilter/nf_conntrack_timeout.h': File exists
cp: cannot create regular file '/dev/shm/linux/./include/net/netfilter/nf_conntrack_tuple.h': File exists
cp: cannot create regular file '/dev/shm/linux/./include/net/netfilter/nf_dup_netdev.h': File exists
cp: cannot create regular file '/dev/shm/linux/./include/net/netfilter/nf_hooks_lwtunnel.h': File exists
cp: cannot create regular file '/dev/shm/linux/./include/net/netfilter/nf_nat.h': File exists
cp: cannot create regular file '/dev/shm/linux/./include/net/netfilter/nf_nat_masquerade.h': File exists
cp: cannot create regular file '/dev/shm/linux/./include/net/netfilter/nf_queue.h': File exists
cp: cannot create regular file '/dev/shm/linux/./include/net/netfilter/nf_socket.h': File exists
cp: cannot create regular file '/dev/shm/linux/./include/net/netfilter/nf_tables.h': File exists
cp: cannot create regular file '/dev/shm/linux/./include/net/netfilter/nf_tables_ipv4.h': File exists
cp: cannot create regular file '/dev/shm/linux/./include/net/netfilter/nf_tables_offload.h': File exists
cp: cannot create regular file '/dev/shm/linux/./include/net/netfilter/nft_fib.h': File exists
cp: cannot create regular file '/dev/shm/linux/./include/net/netfilter/nft_reject.h': File exists
cp: cannot create regular file '/dev/shm/linux/./include/net/netkit.h': File exists
cp: cannot create regular file '/dev/shm/linux/./include/net/netlink.h': File exists
cp: cannot create regular file '/dev/shm/linux/./include/net/netns/bpf.h': File exists
cp: cannot create regular file '/dev/shm/linux/./include/net/netns/conntrack.h': File exists
cp: cannot create regular file '/dev/shm/linux/./include/net/netns/flow_table.h': File exists
cp: cannot create regular file '/dev/shm/linux/./include/net/netns/hash.h': File exists
cp: cannot create regular file '/dev/shm/linux/./include/net/netns/ipv4.h': File exists
cp: cannot create regular file '/dev/shm/linux/./include/net/netns/mib.h': File exists
cp: cannot create regular file '/dev/shm/linux/./include/net/netns/netfilter.h': File exists
cp: cannot create regular file '/dev/shm/linux/./include/net/netns/nftables.h': File exists
cp: cannot create regular file '/dev/shm/linux/./include/net/netns/sctp.h': File exists
cp: cannot create regular file '/dev/shm/linux/./include/net/netns/unix.h': File exists
cp: cannot create regular file '/dev/shm/linux/./include/net/netns/xdp.h': File exists
cp: cannot create regular file '/dev/shm/linux/./include/net/netprio_cgroup.h': File exists
cp: cannot create regular file '/dev/shm/linux/./include/net/nfc/hci.h': File exists
cp: cannot create regular file '/dev/shm/linux/./include/net/nfc/llc.h': File exists
cp: cannot create regular file '/dev/shm/linux/./include/net/nfc/nci.h': File exists
cp: cannot create regular file '/dev/shm/linux/./include/net/nfc/nfc.h': File exists
cp: cannot create regular file '/dev/shm/linux/./include/net/nsh.h': File exists
cp: cannot create regular file '/dev/shm/linux/./include/net/phonet/pn_dev.h': File exists
cp: cannot create regular file '/dev/shm/linux/./include/net/pkt_cls.h': File exists
cp: cannot create regular file '/dev/shm/linux/./include/net/pptp.h': File exists
cp: cannot create regular file '/dev/shm/linux/./include/net/proto_memory.h': File exists
cp: cannot create regular file '/dev/shm/linux/./include/net/psample.h': File exists
cp: cannot create regular file '/dev/shm/linux/./include/net/psp.h': File exists
cp: cannot create regular file '/dev/shm/linux/./include/net/request_sock.h': File exists
cp: cannot create regular file '/dev/shm/linux/./include/net/route.h': File exists
cp: cannot create regular file '/dev/shm/linux/./include/net/rps-types.h': File exists
cp: cannot create regular file '/dev/shm/linux/./include/net/rsi_91x.h': File exists
cp: cannot create regular file '/dev/shm/linux/./include/net/rtnetlink.h': File exists
cp: cannot create regular file '/dev/shm/linux/./include/net/sch_generic.h': File exists
cp: cannot create regular file '/dev/shm/linux/./include/net/scm.h': File exists
cp: cannot create regular file '/dev/shm/linux/./include/net/tc_act/tc_connmark.h': File exists
cp: cannot create regular file '/dev/shm/linux/./include/net/tc_act/tc_ct.h': File exists
cp: cannot create regular file '/dev/shm/linux/./include/net/tc_act/tc_defact.h': File exists
cp: cannot create regular file '/dev/shm/linux/./include/net/tc_act/tc_gate.h': File exists
cp: cannot create regular file '/dev/shm/linux/./include/net/tc_act/tc_mirred.h': File exists
cp: cannot create regular file '/dev/shm/linux/./include/net/tc_act/tc_nat.h': File exists
cp: cannot create regular file '/dev/shm/linux/./include/net/tc_act/tc_police.h': File exists
cp: cannot create regular file '/dev/shm/linux/./include/net/tc_act/tc_skbedit.h': File exists
cp: cannot create regular file '/dev/shm/linux/./include/net/tc_act/tc_tunnel_key.h': File exists
cp: cannot create regular file '/dev/shm/linux/./include/net/tc_wrapper.h': File exists
cp: cannot create regular file '/dev/shm/linux/./include/net/tcp_states.h': File exists
cp: cannot create regular file '/dev/shm/linux/./include/net/tcx.h': File exists
cp: cannot create regular file '/dev/shm/linux/./include/net/tipc.h': File exists
cp: cannot create regular file '/dev/shm/linux/./include/net/tls_toe.h': File exists
cp: cannot create regular file '/dev/shm/linux/./include/net/tso.h': File exists
cp: cannot create regular file '/dev/shm/linux/./include/net/udp_tunnel.h': File exists
cp: cannot create regular file '/dev/shm/linux/./include/net/vxlan.h': File exists
cp: cannot create regular file '/dev/shm/linux/./include/net/x25.h': File exists
cp: cannot create regular file '/dev/shm/linux/./include/net/xdp.h': File exists
cp: cannot create regular file '/dev/shm/linux/./include/net/xdp_sock.h': File exists
cp: cannot create regular file '/dev/shm/linux/./include/net/xfrm.h': File exists
cp: cannot create regular file '/dev/shm/linux/./include/pcmcia/ciscode.h': File exists
cp: cannot create regular file '/dev/shm/linux/./include/pcmcia/cistpl.h': File exists
cp: cannot create regular file '/dev/shm/linux/./include/pcmcia/ds.h': File exists
cp: cannot create regular file '/dev/shm/linux/./include/pcmcia/ss.h': File exists
cp: cannot create regular file '/dev/shm/linux/./include/rdma/ib.h': File exists
cp: cannot create regular file '/dev/shm/linux/./include/rdma/ib_cache.h': File exists
cp: cannot create regular file '/dev/shm/linux/./include/rdma/ib_hdrs.h': File exists
cp: cannot create regular file '/dev/shm/linux/./include/rdma/ib_mad.h': File exists
cp: cannot create regular file '/dev/shm/linux/./include/rdma/ib_pma.h': File exists
cp: cannot create regular file '/dev/shm/linux/./include/rdma/ib_smi.h': File exists
cp: cannot create regular file '/dev/shm/linux/./include/rdma/ib_sysfs.h': File exists
cp: cannot create regular file '/dev/shm/linux/./include/rdma/ib_umem.h': File exists
cp: cannot create regular file '/dev/shm/linux/./include/rdma/ib_verbs.h': File exists
cp: cannot create regular file '/dev/shm/linux/./include/rdma/ibta_vol1_c12.h': File exists
cp: cannot create regular file '/dev/shm/linux/./include/rdma/iw_cm.h': File exists
cp: cannot create regular file '/dev/shm/linux/./include/rdma/iw_portmap.h': File exists
cp: cannot create regular file '/dev/shm/linux/./include/rdma/mr_pool.h': File exists
cp: cannot create regular file '/dev/shm/linux/./include/rdma/opa_port_info.h': File exists
cp: cannot create regular file '/dev/shm/linux/./include/rdma/rdma_cm.h': File exists
cp: cannot create regular file '/dev/shm/linux/./include/rdma/rdma_counter.h': File exists
cp: cannot create regular file '/dev/shm/linux/./include/rdma/rdmavt_cq.h': File exists
cp: cannot create regular file '/dev/shm/linux/./include/rdma/rdmavt_qp.h': File exists
cp: cannot create regular file '/dev/shm/linux/./include/rdma/signature.h': File exists
cp: cannot create regular file '/dev/shm/linux/./include/rdma/uverbs_types.h': File exists
cp: cannot create regular file '/dev/shm/linux/./include/scsi/fc_frame.h': File exists
cp: cannot create regular file '/dev/shm/linux/./include/scsi/iscsi_proto.h': File exists
cp: cannot create regular file '/dev/shm/linux/./include/scsi/libfc.h': File exists
cp: cannot create regular file '/dev/shm/linux/./include/scsi/sas.h': File exists
cp: cannot create regular file '/dev/shm/linux/./include/scsi/scsi.h': File exists
cp: cannot create regular file '/dev/shm/linux/./include/scsi/scsi_cmnd.h': File exists
cp: cannot create regular file '/dev/shm/linux/./include/scsi/scsi_dbg.h': File exists
cp: cannot create regular file '/dev/shm/linux/./include/scsi/scsi_driver.h': File exists
cp: cannot create regular file '/dev/shm/linux/./include/scsi/scsi_host.h': File exists
cp: cannot create regular file '/dev/shm/linux/./include/scsi/scsi_proto.h': File exists
cp: cannot create regular file '/dev/shm/linux/./include/scsi/scsi_tcq.h': File exists
cp: cannot create regular file '/dev/shm/linux/./include/scsi/scsi_transport.h': File exists
cp: cannot create regular file '/dev/shm/linux/./include/scsi/scsi_transport_fc.h': File exists
cp: cannot create regular file '/dev/shm/linux/./include/scsi/scsi_transport_srp.h': File exists
cp: cannot create regular file '/dev/shm/linux/./include/scsi/sg.h': File exists
cp: cannot create regular file '/dev/shm/linux/./include/scsi/viosrp.h': File exists
cp: cannot create regular file '/dev/shm/linux/./include/sound/pxa2xx-lib.h': File exists
cp: cannot create regular file '/dev/shm/linux/./include/sound/q6usboffload.h': File exists
cp: cannot create regular file '/dev/shm/linux/./include/sound/rt1015.h': File exists
cp: cannot create regular file '/dev/shm/linux/./include/sound/rt286.h': File exists
cp: cannot create regular file '/dev/shm/linux/./include/sound/rt298.h': File exists
cp: cannot create regular file '/dev/shm/linux/./include/sound/rt5659.h': File exists
cp: cannot create regular file '/dev/shm/linux/./include/sound/rt5663.h': File exists
cp: cannot create regular file '/dev/shm/linux/./include/sound/rt5668.h': File exists
cp: cannot create regular file '/dev/shm/linux/./include/sound/rt5682s.h': File exists
cp: cannot create regular file '/dev/shm/linux/./include/sound/sb16_csp.h': File exists
cp: cannot create regular file '/dev/shm/linux/./include/sound/sdca_asoc.h': File exists
cp: cannot create regular file '/dev/shm/linux/./include/sound/sdca_function.h': File exists
cp: cannot create regular file '/dev/shm/linux/./include/sound/sdca_interrupts.h': File exists
cp: cannot create regular file '/dev/shm/linux/./include/sound/sdca_regmap.h': File exists
cp: cannot create regular file '/dev/shm/linux/./include/sound/sdw.h': File exists
cp: cannot create regular file '/dev/shm/linux/./include/sound/seq_kernel.h': File exists
cp: cannot create regular file '/dev/shm/linux/./include/sound/seq_midi_event.h': File exists
cp: cannot create regular file '/dev/shm/linux/./include/sound/seq_oss_legacy.h': File exists
cp: cannot create regular file '/dev/shm/linux/./include/sound/sh_dac_audio.h': File exists
cp: cannot create regular file '/dev/shm/linux/./include/sound/sh_fsi.h': File exists
cp: cannot create regular file '/dev/shm/linux/./include/sound/simple_card_utils.h': File exists
cp: cannot create regular file '/dev/shm/linux/./include/sound/soc-acpi-intel-match.h': File exists
cp: cannot create regular file '/dev/shm/linux/./include/sound/soc-acpi.h': File exists
cp: cannot create regular file '/dev/shm/linux/./include/sound/soc-component.h': File exists
cp: cannot create regular file '/dev/shm/linux/./include/sound/soc-dapm.h': File exists
cp: cannot create regular file '/dev/shm/linux/./include/sound/soc-jack.h': File exists
cp: cannot create regular file '/dev/shm/linux/./include/sound/soc-topology.h': File exists
cp: cannot create regular file '/dev/shm/linux/./include/sound/soc.h': File exists
cp: cannot create regular file '/dev/shm/linux/./include/sound/sof.h': File exists
cp: cannot create regular file '/dev/shm/linux/./include/sound/ump_msg.h': File exists
cp: cannot create regular file '/dev/shm/linux/./include/sound/vx_core.h': File exists
cp: cannot create regular file '/dev/shm/linux/./include/sound/wm0010.h': File exists
cp: cannot create regular file '/dev/shm/linux/./include/sound/wm2000.h': File exists
cp: cannot create regular file '/dev/shm/linux/./include/sound/wm5100.h': File exists
cp: cannot create regular file '/dev/shm/linux/./include/sound/wm8903.h': File exists
cp: cannot create regular file '/dev/shm/linux/./include/sound/wm8955.h': File exists
cp: cannot create regular file '/dev/shm/linux/./include/sound/wm8962.h': File exists
cp: cannot create regular file '/dev/shm/linux/./include/sound/wm8996.h': File exists
cp: cannot create regular file '/dev/shm/linux/./include/sound/wm9090.h': File exists
cp: cannot create regular file '/dev/shm/linux/./include/trace/bpf_probe.h': File exists
cp: cannot create regular file '/dev/shm/linux/./include/trace/define_remote_events.h': File exists
cp: cannot create regular file '/dev/shm/linux/./include/trace/events/afs.h': File exists
cp: cannot create regular file '/dev/shm/linux/./include/trace/events/amdxdna.h': File exists
cp: cannot create regular file '/dev/shm/linux/./include/trace/events/avc.h': File exists
cp: cannot create regular file '/dev/shm/linux/./include/trace/events/block.h': File exists
cp: cannot create regular file '/dev/shm/linux/./include/trace/events/btrfs.h': File exists
cp: cannot create regular file '/dev/shm/linux/./include/trace/events/cgroup.h': File exists
cp: cannot create regular file '/dev/shm/linux/./include/trace/events/clk.h': File exists
cp: cannot create regular file '/dev/shm/linux/./include/trace/events/compaction.h': File exists
cp: cannot create regular file '/dev/shm/linux/./include/trace/events/coredump.h': File exists
cp: cannot create regular file '/dev/shm/linux/./include/trace/events/csd.h': File exists
cp: cannot create regular file '/dev/shm/linux/./include/trace/events/devfreq.h': File exists
cp: cannot create regular file '/dev/shm/linux/./include/trace/events/dlm.h': File exists
cp: cannot create regular file '/dev/shm/linux/./include/trace/events/error_report.h': File exists
cp: cannot create regular file '/dev/shm/linux/./include/trace/events/ext4.h': File exists
cp: cannot create regular file '/dev/shm/linux/./include/trace/events/filelock.h': File exists
cp: cannot create regular file '/dev/shm/linux/./include/trace/events/firewire.h': File exists
cp: cannot create regular file '/dev/shm/linux/./include/trace/events/fsi_master_aspeed.h': File exists
cp: cannot create regular file '/dev/shm/linux/./include/trace/events/fsi_master_gpio.h': File exists
cp: cannot create regular file '/dev/shm/linux/./include/trace/events/gpio.h': File exists
cp: cannot create regular file '/dev/shm/linux/./include/trace/events/habanalabs.h': File exists
cp: cannot create regular file '/dev/shm/linux/./include/trace/events/host1x.h': File exists
cp: cannot create regular file '/dev/shm/linux/./include/trace/events/hugetlbfs.h': File exists
cp: cannot create regular file '/dev/shm/linux/./include/trace/events/hwmon.h': File exists
cp: cannot create regular file '/dev/shm/linux/./include/trace/events/i2c_slave.h': File exists
cp: cannot create regular file '/dev/shm/linux/./include/trace/events/ib_umad.h': File exists
cp: cannot create regular file '/dev/shm/linux/./include/trace/events/intel_ifs.h': File exists
cp: cannot create regular file '/dev/shm/linux/./include/trace/events/io_uring.h': File exists
cp: cannot create regular file '/dev/shm/linux/./include/trace/events/iommu.h': File exists
cp: cannot create regular file '/dev/shm/linux/./include/trace/events/ipi.h': File exists
cp: cannot create regular file '/dev/shm/linux/./include/trace/events/irq.h': File exists
cp: cannot create regular file '/dev/shm/linux/./include/trace/events/iscsi.h': File exists
cp: cannot create regular file '/dev/shm/linux/./include/trace/events/jbd2.h': File exists
cp: cannot create regular file '/dev/shm/linux/./include/trace/events/ksm.h': File exists
cp: cannot create regular file '/dev/shm/linux/./include/trace/events/kvm.h': File exists
cp: cannot create regular file '/dev/shm/linux/./include/trace/events/mce.h': File exists
cp: cannot create regular file '/dev/shm/linux/./include/trace/events/memcg.h': File exists
cp: cannot create regular file '/dev/shm/linux/./include/trace/events/memory-failure.h': File exists
cp: cannot create regular file '/dev/shm/linux/./include/trace/events/mmap.h': File exists
cp: cannot create regular file '/dev/shm/linux/./include/trace/events/mmap_lock.h': File exists
cp: cannot create regular file '/dev/shm/linux/./include/trace/events/mmc.h': File exists
cp: cannot create regular file '/dev/shm/linux/./include/trace/events/module.h': File exists
cp: cannot create regular file '/dev/shm/linux/./include/trace/events/napi.h': File exists
cp: cannot create regular file '/dev/shm/linux/./include/trace/events/neigh.h': File exists
cp: cannot create regular file '/dev/shm/linux/./include/trace/events/net_probe_common.h': File exists
cp: cannot create regular file '/dev/shm/linux/./include/trace/events/netlink.h': File exists
cp: cannot create regular file '/dev/shm/linux/./include/trace/events/notifier.h': File exists
cp: cannot create regular file '/dev/shm/linux/./include/trace/events/oom.h': File exists
cp: cannot create regular file '/dev/shm/linux/./include/trace/events/page_isolation.h': File exists
cp: cannot create regular file '/dev/shm/linux/./include/trace/events/page_ref.h': File exists
cp: cannot create regular file '/dev/shm/linux/./include/trace/events/pci.h': File exists
cp: cannot create regular file '/dev/shm/linux/./include/trace/events/percpu.h': File exists
cp: cannot create regular file '/dev/shm/linux/./include/trace/events/power_cpu_migrate.h': File exists
cp: cannot create regular file '/dev/shm/linux/./include/trace/events/preemptirq.h': File exists
cp: cannot create regular file '/dev/shm/linux/./include/trace/events/pwc.h': File exists
cp: cannot create regular file '/dev/shm/linux/./include/trace/events/qla.h': File exists
cp: cannot create regular file '/dev/shm/linux/./include/trace/events/rdma_core.h': File exists
cp: cannot create regular file '/dev/shm/linux/./include/trace/events/readahead.h': File exists
cp: cannot create regular file '/dev/shm/linux/./include/trace/events/regulator.h': File exists
cp: cannot create regular file '/dev/shm/linux/./include/trace/events/rpcrdma.h': File exists
cp: cannot create regular file '/dev/shm/linux/./include/trace/events/rseq.h': File exists
cp: cannot create regular file '/dev/shm/linux/./include/trace/events/rust_sample.h': File exists
cp: cannot create regular file '/dev/shm/linux/./include/trace/events/scmi.h': File exists
cp: cannot create regular file '/dev/shm/linux/./include/trace/events/scsi.h': File exists
cp: cannot create regular file '/dev/shm/linux/./include/trace/events/signal.h': File exists
cp: cannot create regular file '/dev/shm/linux/./include/trace/events/siox.h': File exists
cp: cannot create regular file '/dev/shm/linux/./include/trace/events/smbus.h': File exists
cp: cannot create regular file '/dev/shm/linux/./include/trace/events/sof.h': File exists
cp: cannot create regular file '/dev/shm/linux/./include/trace/events/spi-mem.h': File exists
cp: cannot create regular file '/dev/shm/linux/./include/trace/events/spmi.h': File exists
cp: cannot create regular file '/dev/shm/linux/./include/trace/events/syscalls.h': File exists
cp: cannot create regular file '/dev/shm/linux/./include/trace/events/target.h': File exists
cp: cannot create regular file '/dev/shm/linux/./include/trace/events/tcp.h': File exists
cp: cannot create regular file '/dev/shm/linux/./include/trace/events/thp.h': File exists
cp: cannot create regular file '/dev/shm/linux/./include/trace/events/timer.h': File exists
cp: cannot create regular file '/dev/shm/linux/./include/trace/events/timestamp.h': File exists
cp: cannot create regular file '/dev/shm/linux/./include/trace/events/tlb.h': File exists
cp: cannot create regular file '/dev/shm/linux/./include/trace/events/udp.h': File exists
cp: cannot create regular file '/dev/shm/linux/./include/trace/events/vb2.h': File exists
cp: cannot create regular file '/dev/shm/linux/./include/trace/events/vmscan.h': File exists
cp: cannot create regular file '/dev/shm/linux/./include/trace/events/watchdog.h': File exists
cp: cannot create regular file '/dev/shm/linux/./include/trace/events/wbt.h': File exists
cp: cannot create regular file '/dev/shm/linux/./include/trace/events/writeback.h': File exists
cp: cannot create regular file '/dev/shm/linux/./include/trace/stages/stage3_trace_output.h': File exists
cp: cannot create regular file '/dev/shm/linux/./include/trace/stages/stage5_get_offsets.h': File exists
cp: cannot create regular file '/dev/shm/linux/./include/trace/stages/stage7_class_define.h': File exists
cp: cannot create regular file '/dev/shm/linux/./include/trace/trace_custom_events.h': File exists
cp: cannot create regular file '/dev/shm/linux/./include/uapi/Kbuild': File exists
cp: cannot create regular file '/dev/shm/linux/./include/uapi/drm/vgem_drm.h': File exists
cp: cannot create regular file '/dev/shm/linux/./include/uapi/drm/virtgpu_drm.h': File exists
cp: cannot create regular file '/dev/shm/linux/./include/uapi/drm/xe_drm.h': File exists
cp: cannot create regular file '/dev/shm/linux/./include/uapi/linux/affs_hardblocks.h': File exists
cp: cannot create regular file '/dev/shm/linux/./include/uapi/linux/aio_abi.h': File exists
cp: cannot create regular file '/dev/shm/linux/./include/uapi/linux/amt.h': File exists
cp: cannot create directory '/dev/shm/linux/./include/uapi/linux/android': File exists
cp: cannot create regular file '/dev/shm/linux/./include/uapi/linux/aspeed-video.h': File exists
cp: cannot create regular file '/dev/shm/linux/./include/uapi/linux/atm.h': File exists
cp: cannot create regular file '/dev/shm/linux/./include/uapi/linux/atm_he.h': File exists
cp: cannot create regular file '/dev/shm/linux/./include/uapi/linux/atm_idt77105.h': File exists
cp: cannot create regular file '/dev/shm/linux/./include/uapi/linux/atm_tcp.h': File exists
cp: cannot create regular file '/dev/shm/linux/./include/uapi/linux/atmapi.h': File exists
cp: cannot create regular file '/dev/shm/linux/./include/uapi/linux/atmclip.h': File exists
cp: cannot create regular file '/dev/shm/linux/./include/uapi/linux/atmioc.h': File exists
cp: cannot create regular file '/dev/shm/linux/./include/uapi/linux/atmmpc.h': File exists
cp: cannot create regular file '/dev/shm/linux/./include/uapi/linux/atmsap.h': File exists
cp: cannot create regular file '/dev/shm/linux/./include/uapi/linux/audit.h': File exists
cp: cannot create regular file '/dev/shm/linux/./include/uapi/linux/auto_fs.h': File exists
cp: cannot create regular file '/dev/shm/linux/./include/uapi/linux/auxvec.h': File exists
cp: cannot create regular file '/dev/shm/linux/./include/uapi/linux/batadv_packet.h': File exists
cp: cannot create regular file '/dev/shm/linux/./include/uapi/linux/binfmts.h': File exists
cp: cannot create regular file '/dev/shm/linux/./include/uapi/linux/blk-crypto.h': File exists
cp: cannot create regular file '/dev/shm/linux/./include/uapi/linux/blkpg.h': File exists
cp: cannot create regular file '/dev/shm/linux/./include/uapi/linux/blkzoned.h': File exists
cp: cannot create regular file '/dev/shm/linux/./include/uapi/linux/bpf_perf_event.h': File exists
cp: cannot create regular file '/dev/shm/linux/./include/uapi/linux/bsg.h': File exists
cp: cannot create regular file '/dev/shm/linux/./include/uapi/linux/btrfs.h': File exists
cp: cannot create regular file '/dev/shm/linux/./include/uapi/linux/byteorder/big_endian.h': File exists
cp: cannot create regular file '/dev/shm/linux/./include/uapi/linux/cachefiles.h': File exists
cp: cannot create regular file '/dev/shm/linux/./include/uapi/linux/can.h': File exists
cp: cannot create regular file '/dev/shm/linux/./include/uapi/linux/cgroupstats.h': File exists
cp: cannot create regular file '/dev/shm/linux/./include/uapi/linux/cifs/cifs_netlink.h': File exists
cp: cannot create regular file '/dev/shm/linux/./include/uapi/linux/cn_proc.h': File exists
cp: cannot create regular file '/dev/shm/linux/./include/uapi/linux/coff.h': File exists
cp: cannot create regular file '/dev/shm/linux/./include/uapi/linux/coredump.h': File exists
cp: cannot create regular file '/dev/shm/linux/./include/uapi/linux/counter.h': File exists
cp: cannot create regular file '/dev/shm/linux/./include/uapi/linux/cryptouser.h': File exists
cp: cannot create regular file '/dev/shm/linux/./include/uapi/linux/cxl_mem.h': File exists
cp: cannot create regular file '/dev/shm/linux/./include/uapi/linux/cycx_cfm.h': File exists
cp: cannot create regular file '/dev/shm/linux/./include/uapi/linux/dccp.h': File exists
cp: cannot create regular file '/dev/shm/linux/./include/uapi/linux/devlink.h': File exists
cp: cannot create regular file '/dev/shm/linux/./include/uapi/linux/dlm_device.h': File exists
cp: cannot create regular file '/dev/shm/linux/./include/uapi/linux/dlmconstants.h': File exists
cp: cannot create regular file '/dev/shm/linux/./include/uapi/linux/dm-log-userspace.h': File exists
cp: cannot create regular file '/dev/shm/linux/./include/uapi/linux/dma-heap.h': File exists
cp: cannot create regular file '/dev/shm/linux/./include/uapi/linux/dpll.h': File exists
cp: cannot create regular file '/dev/shm/linux/./include/uapi/linux/dvb/audio.h': File exists
cp: cannot create regular file '/dev/shm/linux/./include/uapi/linux/dvb/dmx.h': File exists
cp: cannot create regular file '/dev/shm/linux/./include/uapi/linux/dvb/net.h': File exists
cp: cannot create regular file '/dev/shm/linux/./include/uapi/linux/dvb/osd.h': File exists
cp: cannot create regular file '/dev/shm/linux/./include/uapi/linux/dvb/video.h': File exists
cp: cannot create regular file '/dev/shm/linux/./include/uapi/linux/edd.h': File exists
cp: cannot create regular file '/dev/shm/linux/./include/uapi/linux/elf-em.h': File exists
cp: cannot create regular file '/dev/shm/linux/./include/uapi/linux/elf-fdpic.h': File exists
cp: cannot create regular file '/dev/shm/linux/./include/uapi/linux/errno.h': File exists
cp: cannot create regular file '/dev/shm/linux/./include/uapi/linux/erspan.h': File exists
cp: cannot create regular file '/dev/shm/linux/./include/uapi/linux/eventfd.h': File exists
cp: cannot create regular file '/dev/shm/linux/./include/uapi/linux/exfat.h': File exists
cp: cannot create regular file '/dev/shm/linux/./include/uapi/linux/f2fs.h': File exists
cp: cannot create regular file '/dev/shm/linux/./include/uapi/linux/fadvise.h': File exists
cp: cannot create regular file '/dev/shm/linux/./include/uapi/linux/fanotify.h': File exists
cp: cannot create regular file '/dev/shm/linux/./include/uapi/linux/fcntl.h': File exists
cp: cannot create regular file '/dev/shm/linux/./include/uapi/linux/fdreg.h': File exists
cp: cannot create regular file '/dev/shm/linux/./include/uapi/linux/fiemap.h': File exists
cp: cannot create regular file '/dev/shm/linux/./include/uapi/linux/filter.h': File exists
cp: cannot create regular file '/dev/shm/linux/./include/uapi/linux/fpga-dfl.h': File exists
cp: cannot create regular file '/dev/shm/linux/./include/uapi/linux/fscrypt.h': File exists
cp: cannot create regular file '/dev/shm/linux/./include/uapi/linux/fsi.h': File exists
cp: cannot create regular file '/dev/shm/linux/./include/uapi/linux/fsl_mc.h': File exists
cp: cannot create regular file '/dev/shm/linux/./include/uapi/linux/fsverity.h': File exists
cp: cannot create regular file '/dev/shm/linux/./include/uapi/linux/futex.h': File exists
cp: cannot create regular file '/dev/shm/linux/./include/uapi/linux/gameport.h': File exists
cp: cannot create regular file '/dev/shm/linux/./include/uapi/linux/gen_stats.h': File exists
cp: cannot create regular file '/dev/shm/linux/./include/uapi/linux/gpib_ioctl.h': File exists
cp: cannot create regular file '/dev/shm/linux/./include/uapi/linux/gsmmux.h': File exists
cp: cannot create regular file '/dev/shm/linux/./include/uapi/linux/handshake.h': File exists
cp: cannot create regular file '/dev/shm/linux/./include/uapi/linux/hdlc.h': File exists
cp: cannot create regular file '/dev/shm/linux/./include/uapi/linux/hid.h': File exists
cp: cannot create regular file '/dev/shm/linux/./include/uapi/linux/hidraw.h': File exists
cp: cannot create regular file '/dev/shm/linux/./include/uapi/linux/hsi/cs-protocol.h': File exists
cp: cannot create regular file '/dev/shm/linux/./include/uapi/linux/hw_breakpoint.h': File exists
cp: cannot create regular file '/dev/shm/linux/./include/uapi/linux/hyperv.h': File exists
cp: cannot create regular file '/dev/shm/linux/./include/uapi/linux/i2c.h': File exists
cp: cannot create regular file '/dev/shm/linux/./include/uapi/linux/i8k.h': File exists
cp: cannot create regular file '/dev/shm/linux/./include/uapi/linux/icmpv6.h': File exists
cp: cannot create regular file '/dev/shm/linux/./include/uapi/linux/if.h': File exists
cp: cannot create regular file '/dev/shm/linux/./include/uapi/linux/if_addr.h': File exists
cp: cannot create regular file '/dev/shm/linux/./include/uapi/linux/if_alg.h': File exists
cp: cannot create regular file '/dev/shm/linux/./include/uapi/linux/if_arp.h': File exists
cp: cannot create regular file '/dev/shm/linux/./include/uapi/linux/if_bridge.h': File exists
cp: cannot create regular file '/dev/shm/linux/./include/uapi/linux/if_ether.h': File exists
cp: cannot create regular file '/dev/shm/linux/./include/uapi/linux/if_fddi.h': File exists
cp: cannot create regular file '/dev/shm/linux/./include/uapi/linux/if_hippi.h': File exists
cp: cannot create regular file '/dev/shm/linux/./include/uapi/linux/if_link.h': File exists
cp: cannot create regular file '/dev/shm/linux/./include/uapi/linux/if_packet.h': File exists
cp: cannot create regular file '/dev/shm/linux/./include/uapi/linux/if_plip.h': File exists
cp: cannot create regular file '/dev/shm/linux/./include/uapi/linux/if_pppol2tp.h': File exists
cp: cannot create regular file '/dev/shm/linux/./include/uapi/linux/if_slip.h': File exists
cp: cannot create regular file '/dev/shm/linux/./include/uapi/linux/if_tun.h': File exists
cp: cannot create regular file '/dev/shm/linux/./include/uapi/linux/if_vlan.h': File exists
cp: cannot create regular file '/dev/shm/linux/./include/uapi/linux/if_xdp.h': File exists
cp: cannot create regular file '/dev/shm/linux/./include/uapi/linux/igmp.h': File exists
cp: cannot create regular file '/dev/shm/linux/./include/uapi/linux/in_route.h': File exists
cp: cannot create regular file '/dev/shm/linux/./include/uapi/linux/inotify.h': File exists
cp: cannot create regular file '/dev/shm/linux/./include/uapi/linux/input-event-codes.h': File exists
cp: cannot create regular file '/dev/shm/linux/./include/uapi/linux/io_uring.h': File exists
cp: cannot create regular file '/dev/shm/linux/./include/uapi/linux/iommufd.h': File exists
cp: cannot create regular file '/dev/shm/linux/./include/uapi/linux/ip.h': File exists
cp: cannot create regular file '/dev/shm/linux/./include/uapi/linux/ip_vs.h': File exists
cp: cannot create regular file '/dev/shm/linux/./include/uapi/linux/ipmi.h': File exists
cp: cannot create regular file '/dev/shm/linux/./include/uapi/linux/ipmi_msgdefs.h': File exists
cp: cannot create regular file '/dev/shm/linux/./include/uapi/linux/ipv6.h': File exists
cp: cannot create regular file '/dev/shm/linux/./include/uapi/linux/irqnr.h': File exists
cp: cannot create regular file '/dev/shm/linux/./include/uapi/linux/isst_if.h': File exists
cp: cannot create regular file '/dev/shm/linux/./include/uapi/linux/ivtvfb.h': File exists
cp: cannot create regular file '/dev/shm/linux/./include/uapi/linux/jffs2.h': File exists
cp: cannot create regular file '/dev/shm/linux/./include/uapi/linux/kcm.h': File exists
cp: cannot create regular file '/dev/shm/linux/./include/uapi/linux/kcov.h': File exists
cp: cannot create regular file '/dev/shm/linux/./include/uapi/linux/kdev_t.h': File exists
cp: cannot create regular file '/dev/shm/linux/./include/uapi/linux/kernel.h': File exists
cp: cannot create regular file '/dev/shm/linux/./include/uapi/linux/keyboard.h': File exists
cp: cannot create regular file '/dev/shm/linux/./include/uapi/linux/kfd_ioctl.h': File exists
cp: cannot create regular file '/dev/shm/linux/./include/uapi/linux/kvm.h': File exists
cp: cannot create regular file '/dev/shm/linux/./include/uapi/linux/l2tp.h': File exists
cp: cannot create regular file '/dev/shm/linux/./include/uapi/linux/libc-compat.h': File exists
cp: cannot create regular file '/dev/shm/linux/./include/uapi/linux/limits.h': File exists
cp: cannot create regular file '/dev/shm/linux/./include/uapi/linux/liveupdate.h': File exists
cp: cannot create regular file '/dev/shm/linux/./include/uapi/linux/loadpin.h': File exists
cp: cannot create regular file '/dev/shm/linux/./include/uapi/linux/loop.h': File exists
cp: cannot create regular file '/dev/shm/linux/./include/uapi/linux/lsm.h': File exists
cp: cannot create regular file '/dev/shm/linux/./include/uapi/linux/magic.h': File exists
cp: cannot create regular file '/dev/shm/linux/./include/uapi/linux/map_benchmark.h': File exists
cp: cannot create regular file '/dev/shm/linux/./include/uapi/linux/max2175.h': File exists
cp: cannot create regular file '/dev/shm/linux/./include/uapi/linux/mdio.h': File exists
cp: cannot create regular file '/dev/shm/linux/./include/uapi/linux/media.h': File exists
cp: cannot create regular file '/dev/shm/linux/./include/uapi/linux/mmtimer.h': File exists
cp: cannot create regular file '/dev/shm/linux/./include/uapi/linux/module_signature.h': File exists
cp: cannot create regular file '/dev/shm/linux/./include/uapi/linux/mpls.h': File exists
cp: cannot create regular file '/dev/shm/linux/./include/uapi/linux/mptcp.h': File exists
cp: cannot create regular file '/dev/shm/linux/./include/uapi/linux/mptcp_pm.h': File exists
cp: cannot create regular file '/dev/shm/linux/./include/uapi/linux/mroute.h': File exists
cp: cannot create regular file '/dev/shm/linux/./include/uapi/linux/mroute6.h': File exists
cp: cannot create regular file '/dev/shm/linux/./include/uapi/linux/msdos_fs.h': File exists
cp: cannot create regular file '/dev/shm/linux/./include/uapi/linux/mshv.h': File exists
cp: cannot create regular file '/dev/shm/linux/./include/uapi/linux/nbd-netlink.h': File exists
cp: cannot create regular file '/dev/shm/linux/./include/uapi/linux/nbd.h': File exists
cp: cannot create regular file '/dev/shm/linux/./include/uapi/linux/ndctl.h': File exists
cp: cannot create regular file '/dev/shm/linux/./include/uapi/linux/net.h': File exists
cp: cannot create regular file '/dev/shm/linux/./include/uapi/linux/net_namespace.h': File exists
cp: cannot create regular file '/dev/shm/linux/./include/uapi/linux/net_tstamp.h': File exists
cp: cannot create regular file '/dev/shm/linux/./include/uapi/linux/netdev.h': File exists
cp: cannot create regular file '/dev/shm/linux/./include/uapi/linux/netfilter.h': File exists
cp: cannot create regular file '/dev/shm/linux/./include/uapi/linux/pg.h': File exists
cp: cannot create regular file '/dev/shm/linux/./include/uapi/linux/phantom.h': File exists
cp: cannot create regular file '/dev/shm/linux/./include/uapi/linux/pidfd.h': File exists
cp: cannot create regular file '/dev/shm/linux/./include/uapi/linux/pkt_sched.h': File exists
cp: cannot create regular file '/dev/shm/linux/./include/uapi/linux/pmu.h': File exists
cp: cannot create regular file '/dev/shm/linux/./include/uapi/linux/posix_acl.h': File exists
cp: cannot create regular file '/dev/shm/linux/./include/uapi/linux/posix_types.h': File exists
cp: cannot create regular file '/dev/shm/linux/./include/uapi/linux/ppp-comp.h': File exists
cp: cannot create regular file '/dev/shm/linux/./include/uapi/linux/ppp_defs.h': File exists
cp: cannot create regular file '/dev/shm/linux/./include/uapi/linux/pps.h': File exists
cp: cannot create regular file '/dev/shm/linux/./include/uapi/linux/pr.h': File exists
cp: cannot create regular file '/dev/shm/linux/./include/uapi/linux/prctl.h': File exists
cp: cannot create regular file '/dev/shm/linux/./include/uapi/linux/psci.h': File exists
cp: cannot create regular file '/dev/shm/linux/./include/uapi/linux/psp-sev.h': File exists
cp: cannot create regular file '/dev/shm/linux/./include/uapi/linux/psp-sfs.h': File exists
cp: cannot create regular file '/dev/shm/linux/./include/uapi/linux/ptp_clock.h': File exists
cp: cannot create regular file '/dev/shm/linux/./include/uapi/linux/ptrace.h': File exists
cp: cannot create regular file '/dev/shm/linux/./include/uapi/linux/qnx4_fs.h': File exists
cp: cannot create regular file '/dev/shm/linux/./include/uapi/linux/qrtr.h': File exists
cp: cannot create regular file '/dev/shm/linux/./include/uapi/linux/radeonfb.h': File exists
cp: cannot create regular file '/dev/shm/linux/./include/uapi/linux/resource.h': File exists
cp: cannot create regular file '/dev/shm/linux/./include/uapi/linux/rfkill.h': File exists
cp: cannot create regular file '/dev/shm/linux/./include/uapi/linux/rio_mport_cdev.h': File exists
cp: cannot create regular file '/dev/shm/linux/./include/uapi/linux/rpl.h': File exists
cp: cannot create regular file '/dev/shm/linux/./include/uapi/linux/rpmsg.h': File exists
cp: cannot create regular file '/dev/shm/linux/./include/uapi/linux/rpmsg_types.h': File exists
cp: cannot create regular file '/dev/shm/linux/./include/uapi/linux/rtc.h': File exists
cp: cannot create regular file '/dev/shm/linux/./include/uapi/linux/sched/types.h': File exists
cp: cannot create regular file '/dev/shm/linux/./include/uapi/linux/screen_info.h': File exists
cp: cannot create regular file '/dev/shm/linux/./include/uapi/linux/sctp.h': File exists
cp: cannot create regular file '/dev/shm/linux/./include/uapi/linux/securebits.h': File exists
cp: cannot create regular file '/dev/shm/linux/./include/uapi/linux/seg6.h': File exists
cp: cannot create regular file '/dev/shm/linux/./include/uapi/linux/seg6_hmac.h': File exists
cp: cannot create regular file '/dev/shm/linux/./include/uapi/linux/seg6_local.h': File exists
cp: cannot create regular file '/dev/shm/linux/./include/uapi/linux/sem.h': File exists
cp: cannot create regular file '/dev/shm/linux/./include/uapi/linux/serial_core.h': File exists
cp: cannot create regular file '/dev/shm/linux/./include/uapi/linux/serio.h': File exists
cp: cannot create regular file '/dev/shm/linux/./include/uapi/linux/shm.h': File exists
cp: cannot create regular file '/dev/shm/linux/./include/uapi/linux/signalfd.h': File exists
cp: cannot create regular file '/dev/shm/linux/./include/uapi/linux/smc_diag.h': File exists
cp: cannot create regular file '/dev/shm/linux/./include/uapi/linux/snmp.h': File exists
cp: cannot create regular file '/dev/shm/linux/./include/uapi/linux/socket.h': File exists
cp: cannot create regular file '/dev/shm/linux/./include/uapi/linux/sonet.h': File exists
cp: cannot create regular file '/dev/shm/linux/./include/uapi/linux/sound.h': File exists
cp: cannot create regular file '/dev/shm/linux/./include/uapi/linux/spi/spidev.h': File exists
cp: cannot create regular file '/dev/shm/linux/./include/uapi/linux/stddef.h': File exists
cp: cannot create regular file '/dev/shm/linux/./include/uapi/linux/string.h': File exists
cp: cannot create regular file '/dev/shm/linux/./include/uapi/linux/surface_aggregator/dtx.h': File exists
cp: cannot create regular file '/dev/shm/linux/./include/uapi/linux/switchtec_ioctl.h': File exists
cp: cannot create regular file '/dev/shm/linux/./include/uapi/linux/synclink.h': File exists
cp: cannot create regular file '/dev/shm/linux/./include/uapi/linux/sysinfo.h': File exists
cp: cannot create regular file '/dev/shm/linux/./include/uapi/linux/target_core_user.h': File exists
cp: cannot create regular file '/dev/shm/linux/./include/uapi/linux/tc_act/tc_connmark.h': File exists
cp: cannot create regular file '/dev/shm/linux/./include/uapi/linux/tc_act/tc_ct.h': File exists
cp: cannot create regular file '/dev/shm/linux/./include/uapi/linux/tc_act/tc_defact.h': File exists
cp: cannot create regular file '/dev/shm/linux/./include/uapi/linux/tc_act/tc_gate.h': File exists
cp: cannot create regular file '/dev/shm/linux/./include/uapi/linux/tc_act/tc_mirred.h': File exists
cp: cannot create regular file '/dev/shm/linux/./include/uapi/linux/tc_act/tc_nat.h': File exists
cp: cannot create regular file '/dev/shm/linux/./include/uapi/linux/tc_act/tc_sample.h': File exists
cp: cannot create regular file '/dev/shm/linux/./include/uapi/linux/tc_act/tc_skbmod.h': File exists
cp: cannot create regular file '/dev/shm/linux/./include/uapi/linux/tc_act/tc_vlan.h': File exists
cp: cannot create regular file '/dev/shm/linux/./include/uapi/linux/thermal.h': File exists
cp: cannot create regular file '/dev/shm/linux/./include/uapi/linux/time_types.h': File exists
cp: cannot create regular file '/dev/shm/linux/./include/uapi/linux/times.h': File exists
cp: cannot create regular file '/dev/shm/linux/./include/uapi/linux/tiocl.h': File exists
cp: cannot create regular file '/dev/shm/linux/./include/uapi/linux/tipc_config.h': File exists
cp: cannot create regular file '/dev/shm/linux/./include/uapi/linux/tipc_sockets_diag.h': File exists
cp: cannot create regular file '/dev/shm/linux/./include/uapi/linux/toshiba.h': File exists
cp: cannot create regular file '/dev/shm/linux/./include/uapi/linux/tps6594_pfsm.h': File exists
cp: cannot create regular file '/dev/shm/linux/./include/uapi/linux/tty_flags.h': File exists
cp: cannot create regular file '/dev/shm/linux/./include/uapi/linux/types.h': File exists
cp: cannot create regular file '/dev/shm/linux/./include/uapi/linux/udf_fs_i.h': File exists
cp: cannot create regular file '/dev/shm/linux/./include/uapi/linux/udp.h': File exists
cp: cannot create regular file '/dev/shm/linux/./include/uapi/linux/uinput.h': File exists
cp: cannot create regular file '/dev/shm/linux/./include/uapi/linux/uleds.h': File exists
cp: cannot create regular file '/dev/shm/linux/./include/uapi/linux/um_timetravel.h': File exists
cp: cannot create regular file '/dev/shm/linux/./include/uapi/linux/unistd.h': File exists
cp: cannot create regular file '/dev/shm/linux/./include/uapi/linux/usb/audio.h': File exists
cp: cannot create regular file '/dev/shm/linux/./include/uapi/linux/usb/ch11.h': File exists
cp: cannot create regular file '/dev/shm/linux/./include/uapi/linux/usb/functionfs.h': File exists
cp: cannot create regular file '/dev/shm/linux/./include/uapi/linux/usb/g_printer.h': File exists
cp: cannot create regular file '/dev/shm/linux/./include/uapi/linux/usb/gadgetfs.h': File exists
cp: cannot create regular file '/dev/shm/linux/./include/uapi/linux/usb/raw_gadget.h': File exists
cp: cannot create regular file '/dev/shm/linux/./include/uapi/linux/usb/video.h': File exists
cp: cannot create regular file '/dev/shm/linux/./include/uapi/linux/usbip.h': File exists
cp: cannot create regular file '/dev/shm/linux/./include/uapi/linux/user_events.h': File exists
cp: cannot create regular file '/dev/shm/linux/./include/uapi/linux/userio.h': File exists
cp: cannot create regular file '/dev/shm/linux/./include/uapi/linux/utsname.h': File exists
cp: cannot create regular file '/dev/shm/linux/./include/uapi/linux/uvcvideo.h': File exists
cp: cannot create regular file '/dev/shm/linux/./include/uapi/linux/v4l2-subdev.h': File exists
cp: cannot create regular file '/dev/shm/linux/./include/uapi/linux/vbox_vmmdev_types.h': File exists
cp: cannot create regular file '/dev/shm/linux/./include/uapi/linux/vdpa.h': File exists
cp: cannot create regular file '/dev/shm/linux/./include/uapi/linux/vesa.h': File exists
cp: cannot create regular file '/dev/shm/linux/./include/uapi/linux/vfio.h': File exists
cp: cannot create regular file '/dev/shm/linux/./include/uapi/linux/vfio_zdev.h': File exists
cp: cannot create regular file '/dev/shm/linux/./include/uapi/linux/vhost_types.h': File exists
cp: cannot create regular file '/dev/shm/linux/./include/uapi/linux/virtio_blk.h': File exists
cp: cannot create regular file '/dev/shm/linux/./include/uapi/linux/virtio_config.h': File exists
cp: cannot create regular file '/dev/shm/linux/./include/uapi/linux/virtio_crypto.h': File exists
cp: cannot create regular file '/dev/shm/linux/./include/uapi/linux/virtio_gpio.h': File exists
cp: cannot create regular file '/dev/shm/linux/./include/uapi/linux/virtio_i2c.h': File exists
cp: cannot create regular file '/dev/shm/linux/./include/uapi/linux/virtio_input.h': File exists
cp: cannot create regular file '/dev/shm/linux/./include/uapi/linux/virtio_mem.h': File exists
cp: cannot create regular file '/dev/shm/linux/./include/uapi/linux/virtio_net.h': File exists
cp: cannot create regular file '/dev/shm/linux/./include/uapi/linux/virtio_pcidev.h': File exists
cp: cannot create regular file '/dev/shm/linux/./include/uapi/linux/virtio_ring.h': File exists
cp: cannot create regular file '/dev/shm/linux/./include/uapi/linux/virtio_rtc.h': File exists
cp: cannot create regular file '/dev/shm/linux/./include/uapi/linux/virtio_scsi.h': File exists
cp: cannot create regular file '/dev/shm/linux/./include/uapi/linux/virtio_spi.h': File exists
cp: cannot create regular file '/dev/shm/linux/./include/uapi/linux/virtio_vsock.h': File exists
cp: cannot create regular file '/dev/shm/linux/./include/uapi/linux/vm_sockets_diag.h': File exists
cp: cannot create regular file '/dev/shm/linux/./include/uapi/linux/vmcore.h': File exists
cp: cannot create regular file '/dev/shm/linux/./include/uapi/linux/vt.h': File exists
cp: cannot create regular file '/dev/shm/linux/./include/uapi/linux/vtpm_proxy.h': File exists
cp: cannot create regular file '/dev/shm/linux/./include/uapi/linux/watch_queue.h': File exists
cp: cannot create regular file '/dev/shm/linux/./include/uapi/linux/wireguard.h': File exists
cp: cannot create regular file '/dev/shm/linux/./include/uapi/linux/x25.h': File exists
cp: cannot create regular file '/dev/shm/linux/./include/uapi/linux/xdp_diag.h': File exists
cp: cannot create regular file '/dev/shm/linux/./include/uapi/linux/xilinx-v4l2-controls.h': File exists
cp: cannot create regular file '/dev/shm/linux/./include/uapi/linux/zorro_ids.h': File exists
cp: cannot create regular file '/dev/shm/linux/./include/uapi/rdma/ib_user_sa.h': File exists
cp: cannot create regular file '/dev/shm/linux/./include/uapi/rdma/ionic-abi.h': File exists
cp: cannot create regular file '/dev/shm/linux/./include/uapi/rdma/irdma-abi.h': File exists
cp: cannot create regular file '/dev/shm/linux/./include/uapi/rdma/mlx4-abi.h': File exists
cp: cannot create regular file '/dev/shm/linux/./include/uapi/rdma/mlx5_user_ioctl_cmds.h': File exists
cp: cannot create regular file '/dev/shm/linux/./include/uapi/rdma/mthca-abi.h': File exists
cp: cannot create regular file '/dev/shm/linux/./include/uapi/rdma/qedr-abi.h': File exists
cp: cannot create regular file '/dev/shm/linux/./include/uapi/rdma/rdma_user_cm.h': File exists
cp: cannot create regular file '/dev/shm/linux/./include/uapi/rdma/rdma_user_ioctl_cmds.h': File exists
cp: cannot create regular file '/dev/shm/linux/./include/uapi/rdma/rvt-abi.h': File exists
cp: cannot create regular file '/dev/shm/linux/./include/uapi/rdma/vmw_pvrdma-abi.h': File exists
cp: cannot create regular file '/dev/shm/linux/./include/uapi/scsi/fc/fc_els.h': File exists
cp: cannot create regular file '/dev/shm/linux/./include/uapi/scsi/fc/fc_gs.h': File exists
cp: cannot create regular file '/dev/shm/linux/./include/uapi/scsi/scsi_bsg_fc.h': File exists
cp: cannot create regular file '/dev/shm/linux/./include/uapi/scsi/scsi_bsg_ufs.h': File exists
cp: cannot create regular file '/dev/shm/linux/./include/uapi/scsi/scsi_netlink_fc.h': File exists
cp: cannot create regular file '/dev/shm/linux/./include/vdso/math64.h': File exists
cp: cannot create regular file '/dev/shm/linux/./include/vdso/processor.h': File exists
cp: cannot create regular file '/dev/shm/linux/./include/vdso/time32.h': File exists
cp: cannot create regular file '/dev/shm/linux/./include/vdso/unaligned.h': File exists
cp: cannot create regular file '/dev/shm/linux/./include/video/aty128.h': File exists
cp: cannot create regular file '/dev/shm/linux/./include/video/cirrus.h': File exists
cp: cannot create regular file '/dev/shm/linux/./include/video/cvisionppc.h': File exists
cp: cannot create regular file '/dev/shm/linux/./include/video/edid.h': File exists
cp: cannot create regular file '/dev/shm/linux/./include/video/hecubafb.h': File exists
cp: cannot create regular file '/dev/shm/linux/./include/video/imx-ipu-image-convert.h': File exists
cp: cannot create regular file '/dev/shm/linux/./include/video/kyro.h': File exists
cp: cannot create regular file '/dev/shm/linux/./include/video/maxinefb.h': File exists
cp: cannot create regular file '/dev/shm/linux/./include/video/metronomefb.h': File exists
cp: cannot create regular file '/dev/shm/linux/./include/video/mmp_disp.h': File exists
cp: cannot create regular file '/dev/shm/linux/./include/video/newport.h': File exists
cp: cannot create regular file '/dev/shm/linux/./include/video/of_display_timing.h': File exists
cp: cannot create regular file '/dev/shm/linux/./include/video/omapfb_dss.h': File exists
cp: cannot create regular file '/dev/shm/linux/./include/video/pixel_format.h': File exists
cp: cannot create regular file '/dev/shm/linux/./include/video/pm3fb.h': File exists
cp: cannot create regular file '/dev/shm/linux/./include/video/pmagb-b-fb.h': File exists
cp: cannot create regular file '/dev/shm/linux/./include/video/radeon.h': File exists
cp: cannot create regular file '/dev/shm/linux/./include/video/sa1100fb.h': File exists
cp: cannot create regular file '/dev/shm/linux/./include/video/sh_mobile_lcdc.h': File exists
cp: cannot create regular file '/dev/shm/linux/./include/video/sstfb.h': File exists
cp: cannot create regular file '/dev/shm/linux/./include/video/tdfx.h': File exists
cp: cannot create regular file '/dev/shm/linux/./include/video/trident.h': File exists
cp: cannot create regular file '/dev/shm/linux/./include/video/uvesafb.h': File exists
cp: cannot create regular file '/dev/shm/linux/./include/video/videomode.h': File exists
cp: cannot create regular file '/dev/shm/linux/./io_uring/opdef.c': File exists
cp: cannot create regular file '/dev/shm/linux/./io_uring/openclose.c': File exists
cp: cannot create regular file '/dev/shm/linux/./io_uring/poll.c': File exists
cp: cannot create regular file '/dev/shm/linux/./io_uring/query.c': File exists
cp: cannot create regular file '/dev/shm/linux/./io_uring/refs.h': File exists
cp: cannot create regular file '/dev/shm/linux/./io_uring/register.c': File exists
cp: cannot create regular file '/dev/shm/linux/./io_uring/rsrc.c': File exists
cp: cannot create regular file '/dev/shm/linux/./io_uring/rw.c': File exists
cp: cannot create regular file '/dev/shm/linux/./io_uring/slist.h': File exists
cp: cannot create regular file '/dev/shm/linux/./io_uring/splice.h': File exists
cp: cannot create regular file '/dev/shm/linux/./io_uring/sqpoll.h': File exists
cp: cannot create regular file '/dev/shm/linux/./io_uring/statx.h': File exists
cp: cannot create regular file '/dev/shm/linux/./io_uring/sync.h': File exists
cp: cannot create regular file '/dev/shm/linux/./io_uring/tctx.h': File exists
cp: cannot create regular file '/dev/shm/linux/./io_uring/timeout.h': File exists
cp: cannot create regular file '/dev/shm/linux/./io_uring/truncate.c': File exists
cp: cannot create regular file '/dev/shm/linux/./io_uring/tw.c': File exists
cp: cannot create regular file '/dev/shm/linux/./io_uring/tw.h': File exists
cp: cannot create regular file '/dev/shm/linux/./io_uring/uring_cmd.h': File exists
cp: cannot create regular file '/dev/shm/linux/./io_uring/wait.h': File exists
cp: cannot create regular file '/dev/shm/linux/./io_uring/xattr.c': File exists
cp: cannot create regular file '/dev/shm/linux/./io_uring/zcrx.c': File exists
cp: cannot create regular file '/dev/shm/linux/./ipc/compat.c': File exists
cp: cannot create regular file '/dev/shm/linux/./ipc/mq_sysctl.c': File exists
cp: cannot create regular file '/dev/shm/linux/./ipc/msg.c': File exists
cp: cannot create regular file '/dev/shm/linux/./ipc/namespace.c': File exists
cp: cannot create regular file '/dev/shm/linux/./kernel/.gitignore': File exists
cp: cannot create regular file '/dev/shm/linux/./kernel/Kconfig.hz': File exists
cp: cannot create regular file '/dev/shm/linux/./kernel/Kconfig.locks': File exists
cp: cannot create regular file '/dev/shm/linux/./kernel/Makefile': File exists
cp: cannot create regular file '/dev/shm/linux/./kernel/async.c': File exists
cp: cannot create regular file '/dev/shm/linux/./kernel/audit.h': File exists
cp: cannot create regular file '/dev/shm/linux/./kernel/audit_tree.c': File exists
cp: cannot create regular file '/dev/shm/linux/./kernel/auditfilter.c': File exists
cp: cannot create regular file '/dev/shm/linux/./kernel/backtracetest.c': File exists
cp: cannot create directory '/dev/shm/linux/./kernel/bpf': File exists
cp: cannot create regular file '/dev/shm/linux/./kernel/freezer.c': File exists
cp: cannot create regular file '/dev/shm/linux/./kernel/futex/Makefile': File exists
cp: cannot create regular file '/dev/shm/linux/./kernel/futex/futex.h': File exists
cp: cannot create regular file '/dev/shm/linux/./kernel/futex/requeue.c': File exists
cp: cannot create regular file '/dev/shm/linux/./kernel/futex/waitwake.c': File exists
cp: cannot create regular file '/dev/shm/linux/./kernel/gcov/Makefile': File exists
cp: cannot create regular file '/dev/shm/linux/./kernel/gcov/clang.c': File exists
cp: cannot create regular file '/dev/shm/linux/./kernel/gcov/gcc_4_7.c': File exists
cp: cannot create regular file '/dev/shm/linux/./kernel/gcov/gcc_base.c': File exists
cp: cannot create regular file '/dev/shm/linux/./kernel/gen_kheaders.sh': File exists
cp: cannot create regular file '/dev/shm/linux/./kernel/hung_task.c': File exists
cp: cannot create directory '/dev/shm/linux/./kernel/irq': File exists
cp: cannot create regular file '/dev/shm/linux/./kernel/latencytop.c': File exists
cp: cannot create regular file '/dev/shm/linux/./kernel/livepatch/Makefile': File exists
cp: cannot create regular file '/dev/shm/linux/./kernel/livepatch/core.c': File exists
cp: cannot create regular file '/dev/shm/linux/./kernel/livepatch/patch.c': File exists
cp: cannot create regular file '/dev/shm/linux/./kernel/livepatch/state.c': File exists
cp: cannot create regular file '/dev/shm/linux/./kernel/livepatch/transition.c': File exists
cp: cannot create regular file '/dev/shm/linux/./kernel/liveupdate/Makefile': File exists
cp: cannot create regular file '/dev/shm/linux/./kernel/liveupdate/kexec_handover_debug.c': File exists
cp: cannot create regular file '/dev/shm/linux/./kernel/liveupdate/kexec_handover_internal.h': File exists
cp: cannot create regular file '/dev/shm/linux/./kernel/liveupdate/luo_file.c': File exists
cp: cannot create regular file '/dev/shm/linux/./kernel/liveupdate/luo_internal.h': File exists
cp: cannot create directory '/dev/shm/linux/./kernel/locking': File exists
cp: cannot create regular file '/dev/shm/linux/./kernel/power/console.c': File exists
cp: cannot create regular file '/dev/shm/linux/./kernel/power/em_netlink.h': File exists
cp: cannot create regular file '/dev/shm/linux/./kernel/power/em_netlink_autogen.h': File exists
cp: cannot create regular file '/dev/shm/linux/./kernel/power/hibernate.c': File exists
cp: cannot create regular file '/dev/shm/linux/./kernel/power/power.h': File exists
cp: cannot create regular file '/dev/shm/linux/./kernel/power/process.c': File exists
cp: cannot create regular file '/dev/shm/linux/./kernel/power/snapshot.c': File exists
cp: cannot create regular file '/dev/shm/linux/./kernel/power/suspend_test.c': File exists
cp: cannot create regular file '/dev/shm/linux/./kernel/power/user.c': File exists
cp: cannot create directory '/dev/shm/linux/./kernel/printk': File exists
cp: cannot create regular file '/dev/shm/linux/./kernel/rcu/sync.c': File exists
cp: cannot create regular file '/dev/shm/linux/./kernel/rcu/tiny.c': File exists
cp: cannot create regular file '/dev/shm/linux/./kernel/rcu/tree.h': File exists
cp: cannot create regular file '/dev/shm/linux/./kernel/rcu/tree_nocb.h': File exists
cp: cannot create regular file '/dev/shm/linux/./kernel/rcu/tree_stall.h': File exists
cp: cannot create regular file '/dev/shm/linux/./kernel/reboot.c': File exists
cp: cannot create regular file '/dev/shm/linux/./kernel/relay.c': File exists
cp: cannot create regular file '/dev/shm/linux/./kernel/resource_kunit.c': File exists
cp: cannot create regular file '/dev/shm/linux/./kernel/scftorture.c': File exists
cp: cannot create regular file '/dev/shm/linux/./kernel/sched/Makefile': File exists
cp: cannot create regular file '/dev/shm/linux/./kernel/sched/autogroup.h': File exists
cp: cannot create regular file '/dev/shm/linux/./kernel/sched/build_utility.c': File exists
cp: cannot create regular file '/dev/shm/linux/./kernel/sched/completion.c': File exists
cp: cannot create regular file '/dev/shm/linux/./kernel/sched/core_sched.c': File exists
cp: cannot create regular file '/dev/shm/linux/./kernel/sched/cpuacct.c': File exists
cp: cannot create regular file '/dev/shm/linux/./kernel/sched/cpudeadline.h': File exists
cp: cannot create regular file '/dev/shm/linux/./kernel/sched/cpufreq_schedutil.c': File exists
cp: cannot create regular file '/dev/shm/linux/./kernel/sched/cpupri.h': File exists
cp: cannot create regular file '/dev/shm/linux/./kernel/sched/deadline.c': File exists
cp: cannot create regular file '/dev/shm/linux/./kernel/sched/ext.c': File exists
cp: cannot create regular file '/dev/shm/linux/./kernel/sched/ext_idle.h': File exists
cp: cannot create regular file '/dev/shm/linux/./kernel/sched/ext_internal.h': File exists
cp: cannot create regular file '/dev/shm/linux/./kernel/sched/features.h': File exists
cp: cannot create regular file '/dev/shm/linux/./kernel/sched/idle.c': File exists
cp: cannot create regular file '/dev/shm/linux/./kernel/sched/loadavg.c': File exists
cp: cannot create regular file '/dev/shm/linux/./kernel/sched/pelt.c': File exists
cp: cannot create regular file '/dev/shm/linux/./kernel/sched/psi.c': File exists
cp: cannot create regular file '/dev/shm/linux/./kernel/sched/rt.c': File exists
cp: cannot create regular file '/dev/shm/linux/./kernel/sched/sched.h': File exists
cp: cannot create regular file '/dev/shm/linux/./kernel/sched/stats.h': File exists
cp: cannot create regular file '/dev/shm/linux/./kernel/sched/swait.c': File exists
cp: cannot create regular file '/dev/shm/linux/./kernel/sched/topology.c': File exists
cp: cannot create regular file '/dev/shm/linux/./kernel/sched/wait_bit.c': File exists
cp: cannot create regular file '/dev/shm/linux/./kernel/signal.c': File exists
cp: cannot create regular file '/dev/shm/linux/./kernel/smpboot.c': File exists
cp: cannot create regular file '/dev/shm/linux/./kernel/softirq.c': File exists
cp: cannot create regular file '/dev/shm/linux/./kernel/static_call.c': File exists
cp: cannot create regular file '/dev/shm/linux/./kernel/stop_machine.c': File exists
cp: cannot create regular file '/dev/shm/linux/./kernel/sys_ni.c': File exists
cp: cannot create regular file '/dev/shm/linux/./kernel/sysctl.c': File exists
cp: cannot create directory '/dev/shm/linux/./kernel/time': File exists
cp: cannot create regular file '/dev/shm/linux/./kernel/trace/rv/monitors/rtapp/Kconfig': File exists
cp: cannot create regular file '/dev/shm/linux/./kernel/trace/rv/monitors/rtapp/rtapp.h': File exists
cp: cannot create regular file '/dev/shm/linux/./kernel/trace/rv/monitors/sched/Kconfig': File exists
cp: cannot create regular file '/dev/shm/linux/./kernel/trace/rv/monitors/sched/sched.h': File exists
cp: cannot create directory '/dev/shm/linux/./kernel/trace/rv/monitors/sco': File exists
cp: cannot create regular file '/dev/shm/linux/./kernel/trace/rv/monitors/sleep/Kconfig': File exists
cp: cannot create regular file '/dev/shm/linux/./kernel/trace/rv/monitors/sleep/sleep.h': File exists
cp: cannot create regular file '/dev/shm/linux/./kernel/trace/rv/monitors/sleep/sleep_trace.h': File exists
cp: cannot create regular file '/dev/shm/linux/./kernel/trace/rv/monitors/snep/Kconfig': File exists
cp: cannot create regular file '/dev/shm/linux/./kernel/trace/rv/monitors/snep/snep.h': File exists
cp: cannot create directory '/dev/shm/linux/./kernel/trace/rv/monitors/snroc': File exists
cp: cannot create regular file '/dev/shm/linux/./kernel/trace/rv/monitors/sssw/sssw.h': File exists
cp: cannot create regular file '/dev/shm/linux/./kernel/trace/rv/monitors/sssw/sssw_trace.h': File exists
cp: cannot create directory '/dev/shm/linux/./kernel/trace/rv/monitors/sts': File exists
cp: cannot create directory '/dev/shm/linux/./kernel/trace/rv/monitors/wip': File exists
cp: cannot create regular file '/dev/shm/linux/./kernel/trace/rv/reactor_panic.c': File exists
cp: cannot create regular file '/dev/shm/linux/./kernel/trace/rv/rv.c': File exists
cp: cannot create regular file '/dev/shm/linux/./kernel/trace/rv/rv_reactors.c': File exists
cp: cannot create regular file '/dev/shm/linux/./kernel/trace/simple_ring_buffer.c': File exists
cp: cannot create regular file '/dev/shm/linux/./kernel/trace/trace.c': File exists
cp: cannot create regular file '/dev/shm/linux/./kernel/trace/trace_benchmark.h': File exists
cp: cannot create regular file '/dev/shm/linux/./kernel/trace/trace_branch.c': File exists
cp: cannot create regular file '/dev/shm/linux/./kernel/trace/trace_btf.h': File exists
cp: cannot create regular file '/dev/shm/linux/./kernel/trace/trace_dynevent.c': File exists
cp: cannot create regular file '/dev/shm/linux/./kernel/trace/trace_dynevent.h': File exists
cp: cannot create regular file '/dev/shm/linux/./kernel/trace/trace_eprobe.c': File exists
cp: cannot create regular file '/dev/shm/linux/./kernel/trace/trace_events.c': File exists
cp: cannot create regular file '/dev/shm/linux/./kernel/trace/trace_events_filter_test.h': File exists
cp: cannot create regular file '/dev/shm/linux/./kernel/trace/trace_events_inject.c': File exists
cp: cannot create regular file '/dev/shm/linux/./kernel/trace/trace_events_trigger.c': File exists
cp: cannot create regular file '/dev/shm/linux/./kernel/trace/trace_fprobe.c': File exists
cp: cannot create regular file '/dev/shm/linux/./kernel/trace/trace_functions_graph.c': File exists
cp: cannot create regular file '/dev/shm/linux/./kernel/trace/trace_irqsoff.c': File exists
cp: cannot create regular file '/dev/shm/linux/./kernel/trace/trace_kprobe.c': File exists
cp: cannot create regular file '/dev/shm/linux/./kernel/trace/trace_kprobe_selftest.h': File exists
cp: cannot create regular file '/dev/shm/linux/./kernel/trace/trace_nop.c': File exists
cp: cannot create regular file '/dev/shm/linux/./kernel/trace/trace_output.c': File exists
cp: cannot create regular file '/dev/shm/linux/./kernel/trace/trace_probe.c': File exists
cp: cannot create regular file '/dev/shm/linux/./kernel/trace/trace_probe_kernel.h': File exists
cp: cannot create regular file '/dev/shm/linux/./kernel/trace/trace_sched_switch.c': File exists
cp: cannot create regular file '/dev/shm/linux/./kernel/trace/trace_selftest.c': File exists
cp: cannot create regular file '/dev/shm/linux/./kernel/trace/trace_seq.c': File exists
cp: cannot create regular file '/dev/shm/linux/./kernel/trace/trace_stack.c': File exists
cp: cannot create regular file '/dev/shm/linux/./kernel/trace/trace_stat.h': File exists
cp: cannot create regular file '/dev/shm/linux/./kernel/trace/trace_synth.h': File exists
cp: cannot create regular file '/dev/shm/linux/./kernel/trace/trace_uprobe.c': File exists
cp: cannot create regular file '/dev/shm/linux/./kernel/trace/tracing_map.h': File exists
cp: cannot create regular file '/dev/shm/linux/./kernel/tracepoint.c': File exists
cp: cannot create regular file '/dev/shm/linux/./kernel/ucount.c': File exists
cp: cannot create regular file '/dev/shm/linux/./kernel/uid16.h': File exists
cp: cannot create regular file '/dev/shm/linux/./kernel/umh.c': File exists
cp: cannot create regular file '/dev/shm/linux/./kernel/unwind/Makefile': File exists
cp: cannot create regular file '/dev/shm/linux/./kernel/unwind/user.c': File exists
cp: cannot create regular file '/dev/shm/linux/./kernel/up.c': File exists
cp: cannot create regular file '/dev/shm/linux/./kernel/user_namespace.c': File exists
cp: cannot create regular file '/dev/shm/linux/./kernel/utsname_sysctl.c': File exists
cp: cannot create regular file '/dev/shm/linux/./kernel/vmcore_info.c': File exists
cp: cannot create regular file '/dev/shm/linux/./kernel/watchdog.c': File exists
cp: cannot create regular file '/dev/shm/linux/./kernel/watchdog_buddy.c': File exists
cp: cannot create regular file '/dev/shm/linux/./kernel/workqueue_internal.h': File exists
cp: cannot create regular file '/dev/shm/linux/./lib/.gitignore': File exists
cp: cannot create regular file '/dev/shm/linux/./lib/842/842.h': File exists
cp: cannot create regular file '/dev/shm/linux/./lib/842/842_decompress.c': File exists
cp: cannot create regular file '/dev/shm/linux/./lib/Kconfig': File exists
cp: cannot create regular file '/dev/shm/linux/./lib/Kconfig.kasan': File exists
cp: cannot create regular file '/dev/shm/linux/./lib/Kconfig.kcsan': File exists
cp: cannot create regular file '/dev/shm/linux/./lib/Kconfig.kgdb': File exists
cp: cannot create regular file '/dev/shm/linux/./lib/Kconfig.ubsan': File exists
cp: cannot create regular file '/dev/shm/linux/./lib/alloc_tag.c': File exists
cp: cannot create regular file '/dev/shm/linux/./lib/ashldi3.c': File exists
cp: cannot create regular file '/dev/shm/linux/./lib/ashrdi3.c': File exists
cp: cannot create regular file '/dev/shm/linux/./lib/asn1_encoder.c': File exists
cp: cannot create regular file '/dev/shm/linux/./lib/atomic64.c': File exists
cp: cannot create regular file '/dev/shm/linux/./lib/audit.c': File exists
cp: cannot create regular file '/dev/shm/linux/./lib/base64.c': File exists
cp: cannot create regular file '/dev/shm/linux/./lib/bch.c': File exists
cp: cannot create regular file '/dev/shm/linux/./lib/bitmap.c': File exists
cp: cannot create regular file '/dev/shm/linux/./lib/bootconfig-data.S': File exists
cp: cannot create regular file '/dev/shm/linux/./lib/bsearch.c': File exists
cp: cannot create regular file '/dev/shm/linux/./lib/btree.c': File exists
cp: cannot create regular file '/dev/shm/linux/./lib/build_OID_registry': File exists
cp: cannot create regular file '/dev/shm/linux/./lib/bust_spinlocks.c': File exists
cp: cannot create regular file '/dev/shm/linux/./lib/closure.c': File exists
cp: cannot create regular file '/dev/shm/linux/./lib/clz_tab.c': File exists
cp: cannot create regular file '/dev/shm/linux/./lib/cmpdi2.c': File exists
cp: cannot create regular file '/dev/shm/linux/./lib/compat_audit.c': File exists
cp: cannot create regular file '/dev/shm/linux/./lib/cpumask.c': File exists
cp: cannot create regular file '/dev/shm/linux/./lib/crc/.kunitconfig': File exists
cp: cannot create directory '/dev/shm/linux/./lib/crc/arm': File exists
cp: cannot create regular file '/dev/shm/linux/./lib/crc/arm64/crc64.h': File exists
cp: cannot create regular file '/dev/shm/linux/./lib/crc/crc-itu-t.c': File exists
cp: cannot create regular file '/dev/shm/linux/./lib/crc/crc-t10dif-main.c': File exists
cp: cannot create regular file '/dev/shm/linux/./lib/crc/crc32-main.c': File exists
cp: cannot create regular file '/dev/shm/linux/./lib/crc/crc64-main.c': File exists
cp: cannot create regular file '/dev/shm/linux/./lib/crc/crc8.c': File exists
cp: cannot create regular file '/dev/shm/linux/./lib/crc/gen_crc64table.c': File exists
cp: cannot create regular file '/dev/shm/linux/./lib/crc/loongarch/crc32.h': File exists
cp: cannot create directory '/dev/shm/linux/./lib/crc/powerpc': File exists
cp: cannot create regular file '/dev/shm/linux/./lib/crc/riscv/crc32_lsb.c': File exists
cp: cannot create regular file '/dev/shm/linux/./lib/crc/riscv/crc64.h': File exists
cp: cannot create regular file '/dev/shm/linux/./lib/crc/riscv/crc64_msb.c': File exists
cp: cannot create directory '/dev/shm/linux/./lib/crc/s390': File exists
cp: cannot create directory '/dev/shm/linux/./lib/crc/x86': File exists
cp: cannot create regular file '/dev/shm/linux/./lib/crypto/arm/blake2b.h': File exists
cp: cannot create regular file '/dev/shm/linux/./lib/crypto/arm/blake2s.h': File exists
cp: cannot create regular file '/dev/shm/linux/./lib/crypto/arm/chacha-scalar-core.S': File exists
cp: cannot create regular file '/dev/shm/linux/./lib/crypto/arm/chacha.h': File exists
cp: cannot create regular file '/dev/shm/linux/./lib/crypto/arm/curve25519.h': File exists
cp: cannot create regular file '/dev/shm/linux/./lib/crypto/arm/ghash-neon-core.S': File exists
cp: cannot create regular file '/dev/shm/linux/./lib/crypto/arm/nh.h': File exists
cp: cannot create regular file '/dev/shm/linux/./lib/crypto/arm/poly1305.h': File exists
cp: cannot create regular file '/dev/shm/linux/./lib/crypto/arm/sha1-armv7-neon.S': File exists
cp: cannot create regular file '/dev/shm/linux/./lib/crypto/arm/sha256-ce.S': File exists
cp: cannot create regular file '/dev/shm/linux/./lib/crypto/arm/sha256.h': File exists
cp: cannot create regular file '/dev/shm/linux/./lib/crypto/arm/sha512.h': File exists
cp: cannot create directory '/dev/shm/linux/./lib/crypto/arm64': File exists
cp: cannot create regular file '/dev/shm/linux/./lib/crypto/mpi/generic_mpih-lshift.c': File exists
cp: cannot create regular file '/dev/shm/linux/./lib/crypto/mpi/generic_mpih-mul2.c': File exists
cp: cannot create regular file '/dev/shm/linux/./lib/crypto/mpi/generic_mpih-sub1.c': File exists
cp: cannot create regular file '/dev/shm/linux/./lib/crypto/mpi/mpi-add.c': File exists
cp: cannot create regular file '/dev/shm/linux/./lib/crypto/mpi/mpi-cmp.c': File exists
cp: cannot create regular file '/dev/shm/linux/./lib/crypto/mpi/mpi-inline.h': File exists
cp: cannot create regular file '/dev/shm/linux/./lib/crypto/mpi/mpi-mod.c': File exists
cp: cannot create regular file '/dev/shm/linux/./lib/crypto/mpi/mpi-pow.c': File exists
cp: cannot create regular file '/dev/shm/linux/./lib/crypto/mpi/mpicoder.c': File exists
cp: cannot create regular file '/dev/shm/linux/./lib/crypto/mpi/mpih-div.c': File exists
cp: cannot create regular file '/dev/shm/linux/./lib/crypto/nh.c': File exists
cp: cannot create regular file '/dev/shm/linux/./lib/crypto/poly1305-donna64.c': File exists
cp: cannot create regular file '/dev/shm/linux/./lib/crypto/poly1305.c': File exists
cp: cannot create regular file '/dev/shm/linux/./lib/crypto/powerpc/aes-spe-core.S': File exists
cp: cannot create regular file '/dev/shm/linux/./lib/crypto/powerpc/aes-spe-modes.S': File exists
cp: cannot create regular file '/dev/shm/linux/./lib/crypto/powerpc/aes-tab-4k.S': File exists
cp: cannot create regular file '/dev/shm/linux/./lib/crypto/powerpc/aes.h': File exists
cp: cannot create regular file '/dev/shm/linux/./lib/crypto/powerpc/chacha-p10le-8x.S': File exists
cp: cannot create regular file '/dev/shm/linux/./lib/crypto/powerpc/curve25519-ppc64le_asm.S': File exists
cp: cannot create regular file '/dev/shm/linux/./lib/crypto/powerpc/gf128hash.h': File exists
cp: cannot create regular file '/dev/shm/linux/./lib/crypto/powerpc/md5-asm.S': File exists
cp: cannot create regular file '/dev/shm/linux/./lib/crypto/powerpc/poly1305-p10le_64.S': File exists
cp: cannot create regular file '/dev/shm/linux/./lib/crypto/powerpc/sha1-powerpc-asm.S': File exists
cp: cannot create regular file '/dev/shm/linux/./lib/crypto/powerpc/sha1.h': File exists
cp: cannot create regular file '/dev/shm/linux/./lib/crypto/powerpc/sha256.h': File exists
cp: cannot create regular file '/dev/shm/linux/./lib/crypto/riscv/aes-riscv64-zvkned.S': File exists
cp: cannot create regular file '/dev/shm/linux/./lib/crypto/riscv/chacha-riscv64-zvkb.S': File exists
cp: cannot create regular file '/dev/shm/linux/./lib/crypto/riscv/gf128hash.h': File exists
cp: cannot create regular file '/dev/shm/linux/./lib/crypto/riscv/poly1305-riscv.pl': File exists
cp: cannot create regular file '/dev/shm/linux/./lib/crypto/riscv/sha256.h': File exists
cp: cannot create regular file '/dev/shm/linux/./lib/crypto/riscv/sha512.h': File exists
cp: cannot create regular file '/dev/shm/linux/./lib/crypto/riscv/sm3.h': File exists
cp: cannot create regular file '/dev/shm/linux/./lib/crypto/s390/chacha-s390.S': File exists
cp: cannot create regular file '/dev/shm/linux/./lib/crypto/s390/chacha.h': File exists
cp: cannot create regular file '/dev/shm/linux/./lib/crypto/s390/sha1.h': File exists
cp: cannot create regular file '/dev/shm/linux/./lib/crypto/s390/sha3.h': File exists
cp: cannot create regular file '/dev/shm/linux/./lib/crypto/sha1.c': File exists
cp: cannot create regular file '/dev/shm/linux/./lib/crypto/sha3.c': File exists
cp: cannot create regular file '/dev/shm/linux/./lib/crypto/simd.c': File exists
cp: cannot create directory '/dev/shm/linux/./lib/crypto/sparc': File exists
cp: cannot create regular file '/dev/shm/linux/./lib/crypto/tests/curve25519_kunit.c': File exists
cp: cannot create regular file '/dev/shm/linux/./lib/crypto/tests/ghash-testvecs.h': File exists
cp: cannot create regular file '/dev/shm/linux/./lib/crypto/tests/hash-test-template.h': File exists
cp: cannot create regular file '/dev/shm/linux/./lib/crypto/tests/mldsa-testvecs.h': File exists
cp: cannot create regular file '/dev/shm/linux/./lib/crypto/tests/nh-testvecs.h': File exists
cp: cannot create regular file '/dev/shm/linux/./lib/crypto/tests/poly1305-testvecs.h': File exists
cp: cannot create regular file '/dev/shm/linux/./lib/crypto/tests/polyval-testvecs.h': File exists
cp: cannot create regular file '/dev/shm/linux/./lib/crypto/tests/sha1-testvecs.h': File exists
cp: cannot create regular file '/dev/shm/linux/./lib/crypto/tests/sha224-testvecs.h': File exists
cp: cannot create regular file '/dev/shm/linux/./lib/crypto/tests/sha256_kunit.c': File exists
cp: cannot create regular file '/dev/shm/linux/./lib/crypto/tests/sha384-testvecs.h': File exists
cp: cannot create regular file '/dev/shm/linux/./lib/crypto/tests/sha3_kunit.c': File exists
cp: cannot create regular file '/dev/shm/linux/./lib/crypto/tests/sha512_kunit.c': File exists
cp: cannot create regular file '/dev/shm/linux/./lib/crypto/tests/sm3_kunit.c': File exists
cp: cannot create regular file '/dev/shm/linux/./lib/crypto/utils.c': File exists
cp: cannot create regular file '/dev/shm/linux/./lib/crypto/x86/.gitignore': File exists
cp: cannot create regular file '/dev/shm/linux/./lib/crypto/x86/aes.h': File exists
cp: cannot create regular file '/dev/shm/linux/./lib/crypto/x86/blake2s-core.S': File exists
cp: cannot create regular file '/dev/shm/linux/./lib/crypto/x86/chacha-avx2-x86_64.S': File exists
cp: cannot create regular file '/dev/shm/linux/./lib/crypto/x86/chacha-ssse3-x86_64.S': File exists
cp: cannot create regular file '/dev/shm/linux/./lib/crypto/x86/curve25519.h': File exists
cp: cannot create regular file '/dev/shm/linux/./lib/crypto/x86/ghash-pclmul.S': File exists
cp: cannot create regular file '/dev/shm/linux/./lib/crypto/x86/nh-sse2.S': File exists
cp: cannot create regular file '/dev/shm/linux/./lib/crypto/x86/poly1305-x86_64-cryptogams.pl': File exists
cp: cannot create regular file '/dev/shm/linux/./lib/crypto/x86/polyval-pclmul-avx.S': File exists
cp: cannot create regular file '/dev/shm/linux/./lib/crypto/x86/sha1-ni-asm.S': File exists
cp: cannot create regular file '/dev/shm/linux/./lib/crypto/x86/sha1.h': File exists
cp: cannot create regular file '/dev/shm/linux/./lib/crypto/x86/sha256-avx2-asm.S': File exists
cp: cannot create regular file '/dev/shm/linux/./lib/crypto/x86/sha256-ssse3-asm.S': File exists
cp: cannot create regular file '/dev/shm/linux/./lib/crypto/x86/sha512-avx-asm.S': File exists
cp: cannot create regular file '/dev/shm/linux/./lib/crypto/x86/sha512-ssse3-asm.S': File exists
cp: cannot create regular file '/dev/shm/linux/./lib/crypto/x86/sm3-avx-asm_64.S': File exists
cp: cannot create regular file '/dev/shm/linux/./lib/ctype.c': File exists
cp: cannot create regular file '/dev/shm/linux/./lib/debug_locks.c': File exists
cp: cannot create regular file '/dev/shm/linux/./lib/dec_and_lock.c': File exists
cp: cannot create regular file '/dev/shm/linux/./lib/decompress.c': File exists
cp: cannot create regular file '/dev/shm/linux/./lib/decompress_inflate.c': File exists
cp: cannot create regular file '/dev/shm/linux/./lib/decompress_unlzma.c': File exists
cp: cannot create regular file '/dev/shm/linux/./lib/decompress_unxz.c': File exists
cp: cannot create regular file '/dev/shm/linux/./lib/devmem_is_allowed.c': File exists
cp: cannot create regular file '/dev/shm/linux/./lib/dhry.h': File exists
cp: cannot create regular file '/dev/shm/linux/./lib/dhry_2.c': File exists
cp: cannot create regular file '/dev/shm/linux/./lib/digsig.c': File exists
cp: cannot create regular file '/dev/shm/linux/./lib/dim/Makefile': File exists
cp: cannot create regular file '/dev/shm/linux/./lib/dim/rdma_dim.c': File exists
cp: cannot create regular file '/dev/shm/linux/./lib/dump_stack.c': File exists
cp: cannot create regular file '/dev/shm/linux/./lib/dynamic_queue_limits.c': File exists
cp: cannot create regular file '/dev/shm/linux/./lib/errname.c': File exists
cp: cannot create regular file '/dev/shm/linux/./lib/errseq.c': File exists
cp: cannot create regular file '/dev/shm/linux/./lib/fault-inject-usercopy.c': File exists
cp: cannot create regular file '/dev/shm/linux/./lib/fdt.c': File exists
cp: cannot create regular file '/dev/shm/linux/./lib/fdt_empty_tree.c': File exists
cp: cannot create regular file '/dev/shm/linux/./lib/fdt_rw.c': File exists
cp: cannot create regular file '/dev/shm/linux/./lib/fdt_sw.c': File exists
cp: cannot create regular file '/dev/shm/linux/./lib/find_bit.c': File exists
cp: cannot create regular file '/dev/shm/linux/./lib/find_bit_benchmark_rust.rs': File exists
cp: cannot create directory '/dev/shm/linux/./lib/fonts': File exists
cp: cannot create regular file '/dev/shm/linux/./lib/kstrtox.h': File exists
cp: cannot create regular file '/dev/shm/linux/./lib/kunit/Kconfig': File exists
cp: cannot create regular file '/dev/shm/linux/./lib/kunit/assert_test.c': File exists
cp: cannot create regular file '/dev/shm/linux/./lib/kunit/debugfs.c': File exists
cp: cannot create regular file '/dev/shm/linux/./lib/kunit/device-impl.h': File exists
cp: cannot create regular file '/dev/shm/linux/./lib/kunit/executor.c': File exists
cp: cannot create regular file '/dev/shm/linux/./lib/kunit/hooks-impl.h': File exists
cp: cannot create regular file '/dev/shm/linux/./lib/kunit/kunit-test.c': File exists
cp: cannot create regular file '/dev/shm/linux/./lib/kunit/platform.c': File exists
cp: cannot create regular file '/dev/shm/linux/./lib/kunit/static_stub.c': File exists
cp: cannot create regular file '/dev/shm/linux/./lib/kunit/string-stream.c': File exists
cp: cannot create regular file '/dev/shm/linux/./lib/kunit/test.c': File exists
cp: cannot create regular file '/dev/shm/linux/./lib/kunit/try-catch.c': File exists
cp: cannot create regular file '/dev/shm/linux/./lib/linear_ranges.c': File exists
cp: cannot create regular file '/dev/shm/linux/./lib/llist.c': File exists
cp: cannot create regular file '/dev/shm/linux/./lib/locking-selftest-hardirq.h': File exists
cp: cannot create regular file '/dev/shm/linux/./lib/locking-selftest-mutex.h': File exists
cp: cannot create regular file '/dev/shm/linux/./lib/locking-selftest-rlock.h': File exists
cp: cannot create regular file '/dev/shm/linux/./lib/locking-selftest-rtmutex.h': File exists
cp: cannot create regular file '/dev/shm/linux/./lib/locking-selftest-spin-hardirq.h': File exists
cp: cannot create regular file '/dev/shm/linux/./lib/locking-selftest-wlock-hardirq.h': File exists
cp: cannot create regular file '/dev/shm/linux/./lib/locking-selftest-wlock-softirq.h': File exists
cp: cannot create regular file '/dev/shm/linux/./lib/locking-selftest-wsem.h': File exists
cp: cannot create regular file '/dev/shm/linux/./lib/locking-selftest.c': File exists
cp: cannot create regular file '/dev/shm/linux/./lib/logic_iomem.c': File exists
cp: cannot create regular file '/dev/shm/linux/./lib/lru_cache.c': File exists
cp: cannot create directory '/dev/shm/linux/./lib/lz4': File exists
cp: cannot create directory '/dev/shm/linux/./lib/math': File exists
cp: cannot create directory '/dev/shm/linux/./lib/pldmfw': File exists
cp: cannot create regular file '/dev/shm/linux/./lib/raid/Makefile': File exists
cp: cannot create directory '/dev/shm/linux/./lib/raid/xor': File exists
cp: cannot create regular file '/dev/shm/linux/./lib/seq_buf.c': File exists
cp: cannot create regular file '/dev/shm/linux/./lib/sg_split.c': File exists
cp: cannot create regular file '/dev/shm/linux/./lib/smp_processor_id.c': File exists
cp: cannot create regular file '/dev/shm/linux/./lib/stmp_device.c': File exists
cp: cannot create regular file '/dev/shm/linux/./lib/string.c': File exists
cp: cannot create regular file '/dev/shm/linux/./lib/strncpy_from_user.c': File exists
cp: cannot create regular file '/dev/shm/linux/./lib/sys_info.c': File exists
cp: cannot create regular file '/dev/shm/linux/./lib/test-kstrtox.c': File exists
cp: cannot create regular file '/dev/shm/linux/./lib/test_bitops.c': File exists
cp: cannot create regular file '/dev/shm/linux/./lib/test_bpf.c': File exists
cp: cannot create regular file '/dev/shm/linux/./lib/test_dynamic_debug.c': File exists
cp: cannot create directory '/dev/shm/linux/./lib/test_fortify': File exists
cp: cannot create regular file '/dev/shm/linux/./lib/test_ubsan.c': File exists
cp: cannot create regular file '/dev/shm/linux/./lib/test_workqueue.c': File exists
cp: cannot create directory '/dev/shm/linux/./lib/tests': File exists
cp: cannot create regular file '/dev/shm/linux/./lib/zlib_dfltcc/dfltcc_inflate.h': File exists
cp: cannot create directory '/dev/shm/linux/./lib/zlib_inflate': File exists
cp: cannot create regular file '/dev/shm/linux/./lib/zstd/common/fse.h': File exists
cp: cannot create regular file '/dev/shm/linux/./lib/zstd/common/huf.h': File exists
cp: cannot create regular file '/dev/shm/linux/./lib/zstd/common/portability_macros.h': File exists
cp: cannot create regular file '/dev/shm/linux/./lib/zstd/common/zstd_deps.h': File exists
cp: cannot create directory '/dev/shm/linux/./lib/zstd/compress': File exists
cp: cannot create regular file '/dev/shm/linux/./mm/damon/modules-common.c': File exists
cp: cannot create regular file '/dev/shm/linux/./mm/damon/ops-common.c': File exists
cp: cannot create regular file '/dev/shm/linux/./mm/damon/paddr.c': File exists
cp: cannot create regular file '/dev/shm/linux/./mm/damon/stat.c': File exists
cp: cannot create regular file '/dev/shm/linux/./mm/damon/sysfs-common.h': File exists
cp: cannot create regular file '/dev/shm/linux/./mm/damon/sysfs.c': File exists
cp: cannot create regular file '/dev/shm/linux/./mm/damon/tests/.kunitconfig': File exists
cp: cannot create regular file '/dev/shm/linux/./mm/damon/tests/sysfs-kunit.h': File exists
cp: cannot create regular file '/dev/shm/linux/./mm/damon/vaddr.c': File exists
cp: cannot create regular file '/dev/shm/linux/./mm/debug_page_alloc.c': File exists
cp: cannot create regular file '/dev/shm/linux/./mm/debug_vm_pgtable.c': File exists
cp: cannot create regular file '/dev/shm/linux/./mm/dmapool_test.c': File exists
cp: cannot create regular file '/dev/shm/linux/./mm/execmem.c': File exists
cp: cannot create regular file '/dev/shm/linux/./mm/fail_page_alloc.c': File exists
cp: cannot create regular file '/dev/shm/linux/./mm/filemap.c': File exists
cp: cannot create regular file '/dev/shm/linux/./mm/gup.c': File exists
cp: cannot create regular file '/dev/shm/linux/./mm/gup_test.h': File exists
cp: cannot create regular file '/dev/shm/linux/./mm/highmem.c': File exists
cp: cannot create regular file '/dev/shm/linux/./mm/huge_memory.c': File exists
cp: cannot create regular file '/dev/shm/linux/./mm/hugetlb_cgroup.c': File exists
cp: cannot create regular file '/dev/shm/linux/./mm/hugetlb_cma.c': File exists
cp: cannot create regular file '/dev/shm/linux/./mm/hugetlb_cma.h': File exists
cp: cannot create regular file '/dev/shm/linux/./mm/hugetlb_sysctl.c': File exists
cp: cannot create regular file '/dev/shm/linux/./mm/hugetlb_vmemmap.c': File exists
cp: cannot create regular file '/dev/shm/linux/./mm/hwpoison-inject.c': File exists
cp: cannot create regular file '/dev/shm/linux/./mm/internal.h': File exists
cp: cannot create regular file '/dev/shm/linux/./mm/ioremap.c': File exists
cp: cannot create regular file '/dev/shm/linux/./mm/kasan/generic.c': File exists
cp: cannot create regular file '/dev/shm/linux/./mm/kasan/init.c': File exists
cp: cannot create regular file '/dev/shm/linux/./mm/kasan/kasan.h': File exists
cp: cannot create regular file '/dev/shm/linux/./mm/kasan/kasan_test_rust.rs': File exists
cp: cannot create regular file '/dev/shm/linux/./mm/kasan/report.c': File exists
cp: cannot create regular file '/dev/shm/linux/./mm/kasan/report_hw_tags.c': File exists
cp: cannot create regular file '/dev/shm/linux/./mm/kasan/report_tags.c': File exists
cp: cannot create regular file '/dev/shm/linux/./mm/kasan/sw_tags.c': File exists
cp: cannot create directory '/dev/shm/linux/./mm/kfence': File exists
cp: cannot create regular file '/dev/shm/linux/./mm/kmsan/kmsan.h': File exists
cp: cannot create regular file '/dev/shm/linux/./mm/kmsan/report.c': File exists
cp: cannot create regular file '/dev/shm/linux/./mm/ksm.c': File exists
cp: cannot create regular file '/dev/shm/linux/./mm/maccess.c': File exists
cp: cannot create regular file '/dev/shm/linux/./mm/mapping_dirty_helpers.c': File exists
cp: cannot create regular file '/dev/shm/linux/./mm/memcontrol-v1.c': File exists
cp: cannot create regular file '/dev/shm/linux/./mm/memcontrol.c': File exists
cp: cannot create regular file '/dev/shm/linux/./mm/memory-failure.c': File exists
cp: cannot create regular file '/dev/shm/linux/./mm/memory.c': File exists
cp: cannot create regular file '/dev/shm/linux/./mm/mempolicy.c': File exists
cp: cannot create regular file '/dev/shm/linux/./mm/memremap.c': File exists
cp: cannot create regular file '/dev/shm/linux/./mm/migrate_device.c': File exists
cp: cannot create regular file '/dev/shm/linux/./mm/mlock.c': File exists
cp: cannot create regular file '/dev/shm/linux/./mm/mm_slot.h': File exists
cp: cannot create regular file '/dev/shm/linux/./mm/mmap_lock.c': File exists
cp: cannot create regular file '/dev/shm/linux/./mm/mmu_gather.c': File exists
cp: cannot create regular file '/dev/shm/linux/./mm/mmzone.c': File exists
cp: cannot create regular file '/dev/shm/linux/./mm/mremap.c': File exists
cp: cannot create regular file '/dev/shm/linux/./mm/msync.c': File exists
cp: cannot create regular file '/dev/shm/linux/./mm/nommu.c': File exists
cp: cannot create regular file '/dev/shm/linux/./mm/numa_emulation.c': File exists
cp: cannot create regular file '/dev/shm/linux/./mm/numa_memblks.c': File exists
cp: cannot create regular file '/dev/shm/linux/./mm/page-writeback.c': File exists
cp: cannot create regular file '/dev/shm/linux/./mm/page_counter.c': File exists
cp: cannot create regular file '/dev/shm/linux/./mm/page_ext.c': File exists
cp: cannot create regular file '/dev/shm/linux/./mm/page_idle.c': File exists
cp: cannot create regular file '/dev/shm/linux/./mm/page_isolation.c': File exists
cp: cannot create regular file '/dev/shm/linux/./mm/page_poison.c': File exists
cp: cannot create regular file '/dev/shm/linux/./mm/page_reporting.h': File exists
cp: cannot create regular file '/dev/shm/linux/./mm/page_vma_mapped.c': File exists
cp: cannot create regular file '/dev/shm/linux/./mm/percpu-internal.h': File exists
cp: cannot create regular file '/dev/shm/linux/./mm/percpu-stats.c': File exists
cp: cannot create regular file '/dev/shm/linux/./mm/percpu.c': File exists
cp: cannot create regular file '/dev/shm/linux/./mm/pgtable-generic.c': File exists
cp: cannot create regular file '/dev/shm/linux/./mm/process_vm_access.c': File exists
cp: cannot create regular file '/dev/shm/linux/./mm/readahead.c': File exists
cp: cannot create regular file '/dev/shm/linux/./mm/rodata_test.c': File exists
cp: cannot create regular file '/dev/shm/linux/./mm/shmem.c': File exists
cp: cannot create regular file '/dev/shm/linux/./mm/shrinker.c': File exists
cp: cannot create regular file '/dev/shm/linux/./mm/shuffle.h': File exists
cp: cannot create regular file '/dev/shm/linux/./mm/slab_common.c': File exists
cp: cannot create regular file '/dev/shm/linux/./mm/sparse-vmemmap.c': File exists
cp: cannot create regular file '/dev/shm/linux/./mm/sparse.c': File exists
cp: cannot create regular file '/dev/shm/linux/./mm/swap.c': File exists
cp: cannot create regular file '/dev/shm/linux/./mm/swap_cgroup.c': File exists
cp: cannot create regular file '/dev/shm/linux/./mm/swap_table.h': File exists
cp: cannot create directory '/dev/shm/linux/./mm/tests': File exists
cp: cannot create regular file '/dev/shm/linux/./mm/userfaultfd.c': File exists
cp: cannot create regular file '/dev/shm/linux/./mm/vma.c': File exists
cp: cannot create regular file '/dev/shm/linux/./mm/vma_exec.c': File exists
cp: cannot create regular file '/dev/shm/linux/./mm/vma_internal.h': File exists
cp: cannot create regular file '/dev/shm/linux/./mm/vmpressure.c': File exists
cp: cannot create regular file '/dev/shm/linux/./mm/vmscan.c': File exists
cp: cannot create regular file '/dev/shm/linux/./mm/workingset.c': File exists
cp: cannot create regular file '/dev/shm/linux/./mm/zsmalloc.c': File exists
cp: cannot create directory '/dev/shm/linux/./net/6lowpan': File exists
cp: cannot create regular file '/dev/shm/linux/./net/atm/atm_misc.c': File exists
cp: cannot create regular file '/dev/shm/linux/./net/atm/br2684.c': File exists
cp: cannot create regular file '/dev/shm/linux/./net/atm/common.h': File exists
cp: cannot create regular file '/dev/shm/linux/./net/atm/pppoatm.c': File exists
cp: cannot create regular file '/dev/shm/linux/./net/atm/protocols.h': File exists
cp: cannot create regular file '/dev/shm/linux/./net/atm/pvc.c': File exists
cp: cannot create regular file '/dev/shm/linux/./net/batman-adv/Makefile': File exists
cp: cannot create regular file '/dev/shm/linux/./net/batman-adv/bat_algo.c': File exists
cp: cannot create regular file '/dev/shm/linux/./net/batman-adv/bat_iv_ogm.c': File exists
cp: cannot create regular file '/dev/shm/linux/./net/batman-adv/bat_v.c': File exists
cp: cannot create regular file '/dev/shm/linux/./net/batman-adv/bat_v_ogm.c': File exists
cp: cannot create regular file '/dev/shm/linux/./net/batman-adv/bitarray.c': File exists
cp: cannot create regular file '/dev/shm/linux/./net/batman-adv/bridge_loop_avoidance.c': File exists
cp: cannot create regular file '/dev/shm/linux/./net/batman-adv/distributed-arp-table.c': File exists
cp: cannot create regular file '/dev/shm/linux/./net/batman-adv/gateway_client.h': File exists
cp: cannot create regular file '/dev/shm/linux/./net/batman-adv/gateway_common.h': File exists
cp: cannot create regular file '/dev/shm/linux/./net/batman-adv/hard-interface.h': File exists
cp: cannot create regular file '/dev/shm/linux/./net/batman-adv/hash.h': File exists
cp: cannot create regular file '/dev/shm/linux/./net/batman-adv/log.h': File exists
cp: cannot create regular file '/dev/shm/linux/./net/batman-adv/main.h': File exists
cp: cannot create regular file '/dev/shm/linux/./net/batman-adv/mesh-interface.h': File exists
cp: cannot create regular file '/dev/shm/linux/./net/batman-adv/netlink.c': File exists
cp: cannot create regular file '/dev/shm/linux/./net/batman-adv/originator.c': File exists
cp: cannot create regular file '/dev/shm/linux/./net/batman-adv/routing.c': File exists
cp: cannot create regular file '/dev/shm/linux/./net/batman-adv/trace.h': File exists
cp: cannot create regular file '/dev/shm/linux/./net/batman-adv/tvlv.h': File exists
cp: cannot create regular file '/dev/shm/linux/./net/batman-adv/types.h': File exists
cp: cannot create regular file '/dev/shm/linux/./net/bridge/netfilter/ebt_snat.c': File exists
cp: cannot create regular file '/dev/shm/linux/./net/bridge/netfilter/ebt_vlan.c': File exists
cp: cannot create regular file '/dev/shm/linux/./net/bridge/netfilter/ebtable_filter.c': File exists
cp: cannot create regular file '/dev/shm/linux/./net/bridge/netfilter/ebtables.c': File exists
cp: cannot create regular file '/dev/shm/linux/./net/bridge/netfilter/nft_meta_bridge.c': File exists
cp: cannot create regular file '/dev/shm/linux/./net/can/Makefile': File exists
cp: cannot create regular file '/dev/shm/linux/./net/can/af_can.h': File exists
cp: cannot create regular file '/dev/shm/linux/./net/can/bcm.c': File exists
cp: cannot create regular file '/dev/shm/linux/./net/ceph/auth_x.c': File exists
cp: cannot create regular file '/dev/shm/linux/./net/ceph/auth_x_protocol.h': File exists
cp: cannot create regular file '/dev/shm/linux/./net/ceph/ceph_common.c': File exists
cp: cannot create regular file '/dev/shm/linux/./net/ceph/ceph_strings.c': File exists
cp: cannot create regular file '/dev/shm/linux/./net/ceph/crush/crush.c': File exists
cp: cannot create regular file '/dev/shm/linux/./net/ceph/crush/hash.c': File exists
cp: cannot create regular file '/dev/shm/linux/./net/ceph/crypto.c': File exists
cp: cannot create regular file '/dev/shm/linux/./net/ceph/debugfs.c': File exists
cp: cannot create regular file '/dev/shm/linux/./net/ceph/messenger.c': File exists
cp: cannot create regular file '/dev/shm/linux/./net/ceph/messenger_v2.c': File exists
cp: cannot create regular file '/dev/shm/linux/./net/ceph/msgpool.c': File exists
cp: cannot create regular file '/dev/shm/linux/./net/ceph/osd_client.c': File exists
cp: cannot create regular file '/dev/shm/linux/./net/ceph/pagelist.c': File exists
cp: cannot create regular file '/dev/shm/linux/./net/ceph/pagevec.c': File exists
cp: cannot create regular file '/dev/shm/linux/./net/ceph/string_table.c': File exists
cp: cannot create regular file '/dev/shm/linux/./net/compat.c': File exists
cp: cannot create regular file '/dev/shm/linux/./net/ethtool/bitset.h': File exists
cp: cannot create regular file '/dev/shm/linux/./net/ethtool/channels.c': File exists
cp: cannot create regular file '/dev/shm/linux/./net/ethtool/cmis_cdb.c': File exists
cp: cannot create regular file '/dev/shm/linux/./net/ethtool/coalesce.c': File exists
cp: cannot create regular file '/dev/shm/linux/./net/ethtool/common.h': File exists
cp: cannot create regular file '/dev/shm/linux/./net/ethtool/debug.c': File exists
cp: cannot create regular file '/dev/shm/linux/./net/ethtool/eeprom.c': File exists
cp: cannot create regular file '/dev/shm/linux/./net/ethtool/fec.c': File exists
cp: cannot create regular file '/dev/shm/linux/./net/ethtool/linkstate.c': File exists
cp: cannot create regular file '/dev/shm/linux/./net/ethtool/mse.c': File exists
cp: cannot create regular file '/dev/shm/linux/./net/ethtool/netlink.h': File exists
cp: cannot create regular file '/dev/shm/linux/./net/ethtool/phy.c': File exists
cp: cannot create regular file '/dev/shm/linux/./net/ethtool/wol.c': File exists
cp: cannot create regular file '/dev/shm/linux/./net/ieee802154/core.h': File exists
cp: cannot create regular file '/dev/shm/linux/./net/ieee802154/ieee802154.h': File exists
cp: cannot create regular file '/dev/shm/linux/./net/ieee802154/nl-mac.c': File exists
cp: cannot create regular file '/dev/shm/linux/./net/ieee802154/nl_policy.c': File exists
cp: cannot create regular file '/dev/shm/linux/./net/ieee802154/socket.c': File exists
cp: cannot create regular file '/dev/shm/linux/./net/lapb/Kconfig': File exists
cp: cannot create regular file '/dev/shm/linux/./net/lapb/Makefile': File exists
cp: cannot create regular file '/dev/shm/linux/./net/lapb/lapb_iface.c': File exists
cp: cannot create regular file '/dev/shm/linux/./net/lapb/lapb_in.c': File exists
cp: cannot create regular file '/dev/shm/linux/./net/lapb/lapb_subr.c': File exists
cp: cannot create regular file '/dev/shm/linux/./net/llc/Kconfig': File exists
cp: cannot create regular file '/dev/shm/linux/./net/llc/af_llc.c': File exists
cp: cannot create regular file '/dev/shm/linux/./net/llc/llc_c_ev.c': File exists
cp: cannot create regular file '/dev/shm/linux/./net/llc/llc_if.c': File exists
cp: cannot create regular file '/dev/shm/linux/./net/llc/llc_output.c': File exists
cp: cannot create regular file '/dev/shm/linux/./net/llc/llc_pdu.c': File exists
cp: cannot create regular file '/dev/shm/linux/./net/llc/llc_s_ac.c': File exists
cp: cannot create regular file '/dev/shm/linux/./net/llc/llc_s_ev.c': File exists
cp: cannot create regular file '/dev/shm/linux/./net/llc/llc_sap.c': File exists
cp: cannot create regular file '/dev/shm/linux/./net/llc/sysctl_net_llc.c': File exists
cp: cannot create regular file '/dev/shm/linux/./net/mac80211/Makefile': File exists
cp: cannot create regular file '/dev/shm/linux/./net/mac80211/aead_api.h': File exists
cp: cannot create regular file '/dev/shm/linux/./net/mac80211/aes_cmac.c': File exists
cp: cannot create regular file '/dev/shm/linux/./net/mac80211/aes_gcm.h': File exists
cp: cannot create regular file '/dev/shm/linux/./net/mac80211/aes_gmac.h': File exists
cp: cannot create regular file '/dev/shm/linux/./net/mac80211/agg-tx.c': File exists
cp: cannot create regular file '/dev/shm/linux/./net/mac80211/cfg.c': File exists
cp: cannot create regular file '/dev/shm/linux/./net/mac80211/debugfs.h': File exists
cp: cannot create regular file '/dev/shm/linux/./net/mac80211/debugfs_key.c': File exists
cp: cannot create regular file '/dev/shm/linux/./net/mac80211/debugfs_netdev.c': File exists
cp: cannot create regular file '/dev/shm/linux/./net/mac80211/debugfs_sta.h': File exists
cp: cannot create regular file '/dev/shm/linux/./net/mac80211/driver-ops.c': File exists
cp: cannot create regular file '/dev/shm/linux/./net/mac80211/ethtool.c': File exists
cp: cannot create regular file '/dev/shm/linux/./net/mac80211/fils_aead.h': File exists
cp: cannot create regular file '/dev/shm/linux/./net/mac80211/ht.c': File exists
cp: cannot create regular file '/dev/shm/linux/./net/mac80211/ieee80211_i.h': File exists
cp: cannot create regular file '/dev/shm/linux/./net/mac80211/led.c': File exists
cp: cannot create regular file '/dev/shm/linux/./net/mac80211/link.c': File exists
cp: cannot create regular file '/dev/shm/linux/./net/mac80211/mesh.c': File exists
cp: cannot create regular file '/dev/shm/linux/./net/mac80211/mesh_hwmp.c': File exists
cp: cannot create regular file '/dev/shm/linux/./net/mac80211/mesh_plink.c': File exists
cp: cannot create regular file '/dev/shm/linux/./net/mac80211/mesh_sync.c': File exists
cp: cannot create regular file '/dev/shm/linux/./net/mac80211/offchannel.c': File exists
cp: cannot create regular file '/dev/shm/linux/./net/mac80211/rc80211_minstrel_ht.h': File exists
cp: cannot create regular file '/dev/shm/linux/./net/mac80211/rx.c': File exists
cp: cannot create regular file '/dev/shm/linux/./net/mac80211/scan.c': File exists
cp: cannot create regular file '/dev/shm/linux/./net/mac80211/sta_info.c': File exists
cp: cannot create regular file '/dev/shm/linux/./net/mac80211/status.c': File exists
cp: cannot create regular file '/dev/shm/linux/./net/mac80211/tests/chan-mode.c': File exists
cp: cannot create regular file '/dev/shm/linux/./net/mac80211/tests/module.c': File exists
cp: cannot create regular file '/dev/shm/linux/./net/mac80211/tests/tpe.c': File exists
cp: cannot create regular file '/dev/shm/linux/./net/mac80211/tests/util.h': File exists
cp: cannot create regular file '/dev/shm/linux/./net/mac80211/tkip.h': File exists
cp: cannot create regular file '/dev/shm/linux/./net/mac80211/tx.c': File exists
cp: cannot create regular file '/dev/shm/linux/./net/mac80211/util.c': File exists
cp: cannot create regular file '/dev/shm/linux/./net/mac80211/wbrf.c': File exists
cp: cannot create regular file '/dev/shm/linux/./net/mac80211/wep.c': File exists
cp: cannot create regular file '/dev/shm/linux/./net/mac80211/wme.c': File exists
cp: cannot create regular file '/dev/shm/linux/./net/mac80211/wpa.c': File exists
cp: cannot create regular file '/dev/shm/linux/./net/mac802154/Kconfig': File exists
cp: cannot create regular file '/dev/shm/linux/./net/mac802154/cfg.c': File exists
cp: cannot create regular file '/dev/shm/linux/./net/mac802154/driver-ops.h': File exists
cp: cannot create regular file '/dev/shm/linux/./net/mac802154/iface.c': File exists
cp: cannot create regular file '/dev/shm/linux/./net/mac802154/llsec.h': File exists
cp: cannot create regular file '/dev/shm/linux/./net/mac802154/main.c': File exists
cp: cannot create regular file '/dev/shm/linux/./net/mac802154/rx.c': File exists
cp: cannot create regular file '/dev/shm/linux/./net/mac802154/trace.c': File exists
cp: cannot create regular file '/dev/shm/linux/./net/mac802154/tx.c': File exists
cp: cannot create regular file '/dev/shm/linux/./net/mctp/Makefile': File exists
cp: cannot create regular file '/dev/shm/linux/./net/mctp/route.c': File exists
cp: cannot create regular file '/dev/shm/linux/./net/mpls/mpls_iptunnel.c': File exists
cp: cannot create regular file '/dev/shm/linux/./net/netfilter/ipset/ip_set_hash_ipport.c': File exists
cp: cannot create regular file '/dev/shm/linux/./net/netfilter/ipset/ip_set_hash_ipportnet.c': File exists
cp: cannot create regular file '/dev/shm/linux/./net/netfilter/ipset/ip_set_hash_net.c': File exists
cp: cannot create regular file '/dev/shm/linux/./net/netfilter/ipset/ip_set_hash_netnet.c': File exists
cp: cannot create regular file '/dev/shm/linux/./net/netfilter/ipset/ip_set_hash_netportnet.c': File exists
cp: cannot create regular file '/dev/shm/linux/./net/netfilter/ipset/pfxlen.c': File exists
cp: cannot create regular file '/dev/shm/linux/./net/netfilter/nf_conntrack_standalone.c': File exists
cp: cannot create regular file '/dev/shm/linux/./net/netfilter/nf_conntrack_timestamp.c': File exists
cp: cannot create regular file '/dev/shm/linux/./net/netfilter/nf_flow_table_bpf.c': File exists
cp: cannot create regular file '/dev/shm/linux/./net/netfilter/nf_flow_table_core.c': File exists
cp: cannot create regular file '/dev/shm/linux/./net/netfilter/nf_flow_table_inet.c': File exists
cp: cannot create regular file '/dev/shm/linux/./net/netfilter/nf_flow_table_ip.c': File exists
cp: cannot create regular file '/dev/shm/linux/./net/netfilter/nf_flow_table_path.c': File exists
cp: cannot create regular file '/dev/shm/linux/./net/netfilter/nf_flow_table_procfs.c': File exists
cp: cannot create regular file '/dev/shm/linux/./net/netfilter/nf_flow_table_xdp.c': File exists
cp: cannot create regular file '/dev/shm/linux/./net/netfilter/nf_hooks_lwtunnel.c': File exists
cp: cannot create regular file '/dev/shm/linux/./net/netfilter/nf_internals.h': File exists
cp: cannot create regular file '/dev/shm/linux/./net/netfilter/nf_nat_bpf.c': File exists
cp: cannot create regular file '/dev/shm/linux/./net/netfilter/nf_nat_ftp.c': File exists
cp: cannot create regular file '/dev/shm/linux/./net/netfilter/nf_nat_helper.c': File exists
cp: cannot create regular file '/dev/shm/linux/./net/netfilter/nf_nat_masquerade.c': File exists
cp: cannot create regular file '/dev/shm/linux/./net/netfilter/nf_nat_proto.c': File exists
cp: cannot create regular file '/dev/shm/linux/./net/netfilter/nf_nat_tftp.c': File exists
cp: cannot create regular file '/dev/shm/linux/./net/netfilter/nf_sockopt.c': File exists
cp: cannot create regular file '/dev/shm/linux/./net/netfilter/nf_tables_api.c': File exists
cp: cannot create regular file '/dev/shm/linux/./net/netfilter/nf_tables_trace.c': File exists
cp: cannot create regular file '/dev/shm/linux/./net/netfilter/nfnetlink_acct.c': File exists
cp: cannot create regular file '/dev/shm/linux/./net/netfilter/nfnetlink_cttimeout.c': File exists
cp: cannot create regular file '/dev/shm/linux/./net/netfilter/nfnetlink_log.c': File exists
cp: cannot create regular file '/dev/shm/linux/./net/netfilter/nft_chain_filter.c': File exists
cp: cannot create regular file '/dev/shm/linux/./net/netfilter/nft_chain_route.c': File exists
cp: cannot create regular file '/dev/shm/linux/./net/netfilter/nft_compat.c': File exists
cp: cannot create regular file '/dev/shm/linux/./net/netfilter/nft_counter.c': File exists
cp: cannot create regular file '/dev/shm/linux/./net/netfilter/nft_dynset.c': File exists
cp: cannot create regular file '/dev/shm/linux/./net/netfilter/nft_fib.c': File exists
cp: cannot create regular file '/dev/shm/linux/./net/netfilter/nft_fib_netdev.c': File exists
cp: cannot create regular file '/dev/shm/linux/./net/netfilter/nft_fwd_netdev.c': File exists
cp: cannot create regular file '/dev/shm/linux/./net/netfilter/nft_immediate.c': File exists
cp: cannot create regular file '/dev/shm/linux/./net/netfilter/nft_last.c': File exists
cp: cannot create regular file '/dev/shm/linux/./net/netfilter/nft_log.c': File exists
cp: cannot create regular file '/dev/shm/linux/./net/netfilter/nft_masq.c': File exists
cp: cannot create regular file '/dev/shm/linux/./net/netfilter/nft_objref.c': File exists
cp: cannot create regular file '/dev/shm/linux/./net/netfilter/nft_payload.c': File exists
cp: cannot create regular file '/dev/shm/linux/./net/netfilter/nft_reject.c': File exists
cp: cannot create regular file '/dev/shm/linux/./net/netfilter/nft_reject_inet.c': File exists
cp: cannot create regular file '/dev/shm/linux/./net/netfilter/nft_rt.c': File exists
cp: cannot create regular file '/dev/shm/linux/./net/netfilter/nft_set_hash.c': File exists
cp: cannot create regular file '/dev/shm/linux/./net/netfilter/nft_set_pipapo_avx2.c': File exists
cp: cannot create regular file '/dev/shm/linux/./net/netfilter/nft_set_rbtree.c': File exists
cp: cannot create regular file '/dev/shm/linux/./net/netfilter/nft_synproxy.c': File exists
cp: cannot create regular file '/dev/shm/linux/./net/netfilter/nft_xfrm.c': File exists
cp: cannot create regular file '/dev/shm/linux/./net/netfilter/utils.c': File exists
cp: cannot create regular file '/dev/shm/linux/./net/netfilter/x_tables.c': File exists
cp: cannot create regular file '/dev/shm/linux/./net/netfilter/xt_CONNSECMARK.c': File exists
cp: cannot create regular file '/dev/shm/linux/./net/netfilter/xt_CT.c': File exists
cp: cannot create regular file '/dev/shm/linux/./net/netfilter/xt_DSCP.c': File exists
cp: cannot create regular file '/dev/shm/linux/./net/netfilter/xt_HL.c': File exists
cp: cannot create regular file '/dev/shm/linux/./net/netfilter/xt_IDLETIMER.c': File exists
cp: cannot create regular file '/dev/shm/linux/./net/netfilter/xt_LOG.c': File exists
cp: cannot create regular file '/dev/shm/linux/./net/netfilter/xt_MASQUERADE.c': File exists
cp: cannot create regular file '/dev/shm/linux/./net/netfilter/xt_NETMAP.c': File exists
cp: cannot create regular file '/dev/shm/linux/./net/netfilter/xt_RATEEST.c': File exists
cp: cannot create regular file '/dev/shm/linux/./net/netfilter/xt_TCPMSS.c': File exists
cp: cannot create regular file '/dev/shm/linux/./net/netfilter/xt_TEE.c': File exists
cp: cannot create regular file '/dev/shm/linux/./net/netfilter/xt_bpf.c': File exists
cp: cannot create regular file '/dev/shm/linux/./net/netfilter/xt_cluster.c': File exists
cp: cannot create regular file '/dev/shm/linux/./net/netfilter/xt_connbytes.c': File exists
cp: cannot create regular file '/dev/shm/linux/./net/netfilter/xt_connmark.c': File exists
cp: cannot create regular file '/dev/shm/linux/./net/netfilter/xt_cpu.c': File exists
cp: cannot create regular file '/dev/shm/linux/./net/netfilter/xt_devgroup.c': File exists
cp: cannot create regular file '/dev/shm/linux/./net/netfilter/xt_ecn.c': File exists
cp: cannot create regular file '/dev/shm/linux/./net/netfilter/xt_hashlimit.c': File exists
cp: cannot create regular file '/dev/shm/linux/./net/netfilter/xt_hl.c': File exists
cp: cannot create regular file '/dev/shm/linux/./net/netfilter/xt_iprange.c': File exists
cp: cannot create regular file '/dev/shm/linux/./net/netfilter/xt_length.c': File exists
cp: cannot create regular file '/dev/shm/linux/./net/netfilter/xt_mac.c': File exists
cp: cannot create regular file '/dev/shm/linux/./net/netfilter/xt_mark.c': File exists
cp: cannot create regular file '/dev/shm/linux/./net/netfilter/xt_nat.c': File exists
cp: cannot create regular file '/dev/shm/linux/./net/netfilter/xt_nfacct.c': File exists
cp: cannot create regular file '/dev/shm/linux/./net/netfilter/xt_owner.c': File exists
cp: cannot create regular file '/dev/shm/linux/./net/netfilter/xt_pkttype.c': File exists
cp: cannot create regular file '/dev/shm/linux/./net/netfilter/xt_quota.c': File exists
cp: cannot create regular file '/dev/shm/linux/./net/netfilter/xt_realm.c': File exists
cp: cannot create regular file '/dev/shm/linux/./net/netfilter/xt_recent.c': File exists
cp: cannot create regular file '/dev/shm/linux/./net/netfilter/xt_set.c': File exists
cp: cannot create regular file '/dev/shm/linux/./net/netfilter/xt_state.c': File exists
cp: cannot create regular file '/dev/shm/linux/./net/netfilter/xt_string.c': File exists
cp: cannot create regular file '/dev/shm/linux/./net/netfilter/xt_time.c': File exists
cp: cannot create regular file '/dev/shm/linux/./net/netfilter/xt_u32.c': File exists
cp: cannot create directory '/dev/shm/linux/./net/nfc/hci': File exists
cp: cannot create regular file '/dev/shm/linux/./net/openvswitch/Makefile': File exists
cp: cannot create regular file '/dev/shm/linux/./net/openvswitch/actions.c': File exists
cp: cannot create regular file '/dev/shm/linux/./net/openvswitch/flow.h': File exists
cp: cannot create regular file '/dev/shm/linux/./net/openvswitch/flow_table.h': File exists
cp: cannot create regular file '/dev/shm/linux/./net/openvswitch/meter.h': File exists
cp: cannot create regular file '/dev/shm/linux/./net/openvswitch/openvswitch_trace.h': File exists
cp: cannot create regular file '/dev/shm/linux/./net/openvswitch/vport-gre.c': File exists
cp: cannot create regular file '/dev/shm/linux/./net/openvswitch/vport-internal_dev.h': File exists
cp: cannot create regular file '/dev/shm/linux/./net/openvswitch/vport-netdev.h': File exists
cp: cannot create regular file '/dev/shm/linux/./net/openvswitch/vport.h': File exists
cp: cannot create directory '/dev/shm/linux/./net/packet': File exists
cp: cannot create regular file '/dev/shm/linux/./net/psp/Makefile': File exists
cp: cannot create regular file '/dev/shm/linux/./net/psp/psp-nl-gen.h': File exists
cp: cannot create regular file '/dev/shm/linux/./net/psp/psp_main.c': File exists
cp: cannot create regular file '/dev/shm/linux/./net/psp/psp_sock.c': File exists
cp: cannot create regular file '/dev/shm/linux/./net/rds/ib_cm.c': File exists
cp: cannot create regular file '/dev/shm/linux/./net/rds/ib_rdma.c': File exists
cp: cannot create regular file '/dev/shm/linux/./net/rds/ib_ring.c': File exists
cp: cannot create regular file '/dev/shm/linux/./net/rds/info.h': File exists
cp: cannot create regular file '/dev/shm/linux/./net/rds/loop.h': File exists
cp: cannot create regular file '/dev/shm/linux/./net/rds/message.c': File exists
cp: cannot create regular file '/dev/shm/linux/./net/rds/rdma.c': File exists
cp: cannot create regular file '/dev/shm/linux/./net/rds/rdma_transport.h': File exists
cp: cannot create regular file '/dev/shm/linux/./net/rds/rds.h': File exists
cp: cannot create regular file '/dev/shm/linux/./net/rds/recv.c': File exists
cp: cannot create regular file '/dev/shm/linux/./net/rds/stats.c': File exists
cp: cannot create regular file '/dev/shm/linux/./net/rds/sysctl.c': File exists
cp: cannot create regular file '/dev/shm/linux/./net/rds/tcp.c': File exists
cp: cannot create regular file '/dev/shm/linux/./net/rds/tcp_connect.c': File exists
cp: cannot create regular file '/dev/shm/linux/./net/rds/tcp_recv.c': File exists
cp: cannot create regular file '/dev/shm/linux/./net/rds/tcp_stats.c': File exists
cp: cannot create regular file '/dev/shm/linux/./net/rds/threads.c': File exists
cp: cannot create regular file '/dev/shm/linux/./net/rxrpc/call_state.c': File exists
cp: cannot create regular file '/dev/shm/linux/./net/rxrpc/conn_client.c': File exists
cp: cannot create regular file '/dev/shm/linux/./net/rxrpc/conn_object.c': File exists
cp: cannot create regular file '/dev/shm/linux/./net/rxrpc/input.c': File exists
cp: cannot create regular file '/dev/shm/linux/./net/rxrpc/insecure.c': File exists
cp: cannot create regular file '/dev/shm/linux/./net/rxrpc/key.c': File exists
cp: cannot create regular file '/dev/shm/linux/./net/rxrpc/local_object.c': File exists
cp: cannot create regular file '/dev/shm/linux/./net/rxrpc/oob.c': File exists
cp: cannot create regular file '/dev/shm/linux/./net/rxrpc/peer_event.c': File exists
cp: cannot create regular file '/dev/shm/linux/./net/rxrpc/proc.c': File exists
cp: cannot create regular file '/dev/shm/linux/./net/rxrpc/recvmsg.c': File exists
cp: cannot create regular file '/dev/shm/linux/./net/rxrpc/rxgk_app.c': File exists
cp: cannot create regular file '/dev/shm/linux/./net/rxrpc/rxkad.c': File exists
cp: cannot create regular file '/dev/shm/linux/./net/rxrpc/security.c': File exists
cp: cannot create regular file '/dev/shm/linux/./net/rxrpc/server_key.c': File exists
cp: cannot create regular file '/dev/shm/linux/./net/rxrpc/sysctl.c': File exists
cp: cannot create regular file '/dev/shm/linux/./net/rxrpc/utils.c': File exists
cp: cannot create regular file '/dev/shm/linux/./net/strparser/strparser.c': File exists
cp: cannot create regular file '/dev/shm/linux/./net/vmw_vsock/Makefile': File exists
cp: cannot create regular file '/dev/shm/linux/./net/vmw_vsock/diag.c': File exists
cp: cannot create regular file '/dev/shm/linux/./net/vmw_vsock/virtio_transport.c': File exists
cp: cannot create regular file '/dev/shm/linux/./net/vmw_vsock/vmci_transport_notify.c': File exists
cp: cannot create regular file '/dev/shm/linux/./net/vmw_vsock/vmci_transport_notify_qstate.c': File exists
cp: cannot create regular file '/dev/shm/linux/./net/vmw_vsock/vsock_loopback.c': File exists
cp: cannot create regular file '/dev/shm/linux/./rust/.kunitconfig': File exists
cp: cannot create regular file '/dev/shm/linux/./rust/exports.c': File exists
cp: cannot create regular file '/dev/shm/linux/./rust/helpers/barrier.c': File exists
cp: cannot create regular file '/dev/shm/linux/./rust/helpers/binder.c': File exists
cp: cannot create regular file '/dev/shm/linux/./rust/helpers/bitops.c': File exists
cp: cannot create regular file '/dev/shm/linux/./rust/helpers/bug.c': File exists
cp: cannot create regular file '/dev/shm/linux/./rust/helpers/build_assert.c': File exists
cp: cannot create regular file '/dev/shm/linux/./rust/helpers/clk.c': File exists
cp: cannot create regular file '/dev/shm/linux/./rust/helpers/cpu.c': File exists
cp: cannot create regular file '/dev/shm/linux/./rust/helpers/cpumask.c': File exists
cp: cannot create regular file '/dev/shm/linux/./rust/helpers/device.c': File exists
cp: cannot create regular file '/dev/shm/linux/./rust/helpers/dma.c': File exists
cp: cannot create regular file '/dev/shm/linux/./rust/helpers/err.c': File exists
cp: cannot create regular file '/dev/shm/linux/./rust/helpers/gpu.c': File exists
cp: cannot create regular file '/dev/shm/linux/./rust/helpers/io.c': File exists
cp: cannot create regular file '/dev/shm/linux/./rust/helpers/jump_label.c': File exists
cp: cannot create regular file '/dev/shm/linux/./rust/helpers/list.c': File exists
cp: cannot create regular file '/dev/shm/linux/./rust/helpers/maple_tree.c': File exists
cp: cannot create regular file '/dev/shm/linux/./rust/helpers/mutex.c': File exists
cp: cannot create regular file '/dev/shm/linux/./rust/helpers/pci.c': File exists
cp: cannot create regular file '/dev/shm/linux/./rust/helpers/platform.c': File exists
cp: cannot create regular file '/dev/shm/linux/./rust/helpers/processor.c': File exists
cp: cannot create regular file '/dev/shm/linux/./rust/helpers/pwm.c': File exists
cp: cannot create regular file '/dev/shm/linux/./rust/helpers/rbtree.c': File exists
cp: cannot create regular file '/dev/shm/linux/./rust/helpers/refcount.c': File exists
cp: cannot create regular file '/dev/shm/linux/./rust/helpers/scatterlist.c': File exists
cp: cannot create regular file '/dev/shm/linux/./rust/helpers/signal.c': File exists
cp: cannot create regular file '/dev/shm/linux/./rust/helpers/spinlock.c': File exists
cp: cannot create regular file '/dev/shm/linux/./rust/helpers/task.c': File exists
cp: cannot create regular file '/dev/shm/linux/./rust/helpers/uaccess.c': File exists
cp: cannot create regular file '/dev/shm/linux/./rust/helpers/vmalloc.c': File exists
cp: cannot create regular file '/dev/shm/linux/./rust/helpers/wait.c': File exists
cp: cannot create regular file '/dev/shm/linux/./rust/helpers/xarray.c': File exists
cp: cannot create regular file '/dev/shm/linux/./samples/bpf/tcp_bpf.readme': File exists
cp: cannot create regular file '/dev/shm/linux/./samples/bpf/tcp_clamp_kern.c': File exists
cp: cannot create regular file '/dev/shm/linux/./samples/bpf/tcp_dumpstats_kern.c': File exists
cp: cannot create regular file '/dev/shm/linux/./samples/bpf/tcp_rwnd_kern.c': File exists
cp: cannot create regular file '/dev/shm/linux/./samples/bpf/tcp_tos_reflect_kern.c': File exists
cp: cannot create regular file '/dev/shm/linux/./samples/bpf/test_lru_dist.c': File exists
cp: cannot create regular file '/dev/shm/linux/./samples/bpf/test_lwt_bpf.c': File exists
cp: cannot create regular file '/dev/shm/linux/./samples/bpf/test_map_in_map.bpf.c': File exists
cp: cannot create regular file '/dev/shm/linux/./samples/bpf/test_map_in_map_user.c': File exists
cp: cannot create regular file '/dev/shm/linux/./samples/bpf/trace_event_kern.c': File exists
cp: cannot create regular file '/dev/shm/linux/./samples/bpf/trace_output.bpf.c': File exists
cp: cannot create regular file '/dev/shm/linux/./samples/bpf/tracex1.bpf.c': File exists
cp: cannot create regular file '/dev/shm/linux/./samples/bpf/tracex3.bpf.c': File exists
cp: cannot create regular file '/dev/shm/linux/./samples/bpf/tracex3_user.c': File exists
cp: cannot create regular file '/dev/shm/linux/./samples/bpf/tracex4_user.c': File exists
cp: cannot create regular file '/dev/shm/linux/./samples/bpf/tracex6.bpf.c': File exists
cp: cannot create regular file '/dev/shm/linux/./samples/bpf/xdp2skb_meta.sh': File exists
cp: cannot create regular file '/dev/shm/linux/./samples/bpf/xdp_adjust_tail_kern.c': File exists
cp: cannot create regular file '/dev/shm/linux/./samples/bpf/xdp_fwd_kern.c': File exists
cp: cannot create regular file '/dev/shm/linux/./samples/bpf/xdp_router_ipv4.bpf.c': File exists
cp: cannot create regular file '/dev/shm/linux/./samples/bpf/xdp_sample.bpf.c': File exists
cp: cannot create regular file '/dev/shm/linux/./samples/bpf/xdp_sample_shared.h': File exists
cp: cannot create regular file '/dev/shm/linux/./samples/bpf/xdp_tx_iptunnel_kern.c': File exists
cp: cannot create regular file '/dev/shm/linux/./samples/cgroup/.gitignore': File exists
cp: cannot create regular file '/dev/shm/linux/./samples/cgroup/cgroup_event_listener.c': File exists
cp: cannot create regular file '/dev/shm/linux/./samples/check-exec/Makefile': File exists
cp: cannot create regular file '/dev/shm/linux/./samples/check-exec/run-script-ask.sh': File exists
cp: cannot create regular file '/dev/shm/linux/./samples/check-exec/script-exec.inc': File exists
cp: cannot create regular file '/dev/shm/linux/./samples/check-exec/set-exec.c': File exists
cp: cannot create regular file '/dev/shm/linux/./samples/connector/cn_test.c': File exists
cp: cannot create regular file '/dev/shm/linux/./samples/coresight/coresight-cfg-sample.c': File exists
cp: cannot create regular file '/dev/shm/linux/./samples/fprobe/fprobe_example.c': File exists
cp: cannot create regular file '/dev/shm/linux/./samples/hidraw/hid-example.c': File exists
cp: cannot create regular file '/dev/shm/linux/./samples/kdb/kdb_hello.c': File exists
cp: cannot create regular file '/dev/shm/linux/./samples/kobject/kset-example.c': File exists
cp: cannot create regular file '/dev/shm/linux/./samples/pfsm/pfsm-wakeup.c': File exists
cp: cannot create regular file '/dev/shm/linux/./samples/pktgen/pktgen_bench_xmit_mode_queue_xmit.sh': File exists
cp: cannot create regular file '/dev/shm/linux/./samples/pktgen/pktgen_sample01_simple.sh': File exists
cp: cannot create regular file '/dev/shm/linux/./samples/pktgen/pktgen_sample03_burst_single_flow.sh': File exists
cp: cannot create regular file '/dev/shm/linux/./samples/pktgen/pktgen_sample05_flow_per_thread.sh': File exists
cp: cannot create regular file '/dev/shm/linux/./samples/rust/Kconfig': File exists
cp: cannot create regular file '/dev/shm/linux/./samples/rust/hostprogs/Makefile': File exists
cp: cannot create regular file '/dev/shm/linux/./samples/rust/hostprogs/b.rs': File exists
cp: cannot create regular file '/dev/shm/linux/./samples/rust/rust_configfs.rs': File exists
cp: cannot create regular file '/dev/shm/linux/./samples/rust/rust_debugfs_scoped.rs': File exists
cp: cannot create regular file '/dev/shm/linux/./samples/rust/rust_driver_auxiliary.rs': File exists
cp: cannot create regular file '/dev/shm/linux/./samples/rust/rust_driver_i2c.rs': File exists
cp: cannot create regular file '/dev/shm/linux/./samples/rust/rust_driver_platform.rs': File exists
cp: cannot create regular file '/dev/shm/linux/./samples/rust/rust_i2c_client.rs': File exists
cp: cannot create regular file '/dev/shm/linux/./samples/rust/rust_misc_device.rs': File exists
cp: cannot create regular file '/dev/shm/linux/./samples/rust/rust_print_main.rs': File exists
cp: cannot create regular file '/dev/shm/linux/./samples/seccomp/Makefile': File exists
cp: cannot create regular file '/dev/shm/linux/./samples/seccomp/bpf-helper.c': File exists
cp: cannot create regular file '/dev/shm/linux/./samples/seccomp/dropper.c': File exists
cp: cannot create regular file '/dev/shm/linux/./samples/timers/Makefile': File exists
cp: cannot create regular file '/dev/shm/linux/./samples/trace_events/trace-events-sample.c': File exists
cp: cannot create regular file '/dev/shm/linux/./samples/trace_events/trace_custom_sched.c': File exists
cp: cannot create regular file '/dev/shm/linux/./samples/trace_printk/trace-printk.c': File exists
cp: cannot create regular file '/dev/shm/linux/./samples/uhid/uhid-example.c': File exists
cp: cannot create directory '/dev/shm/linux/./samples/vfio-mdev': File exists
cp: cannot create regular file '/dev/shm/linux/./samples/watchdog/watchdog-simple.c': File exists
cp: cannot create regular file '/dev/shm/linux/./scripts/Kconfig.include': File exists
cp: cannot create regular file '/dev/shm/linux/./scripts/Makefile': File exists
cp: cannot create regular file '/dev/shm/linux/./scripts/Makefile.autofdo': File exists
cp: cannot create regular file '/dev/shm/linux/./scripts/Makefile.compiler': File exists
cp: cannot create regular file '/dev/shm/linux/./scripts/Makefile.debug': File exists
cp: cannot create regular file '/dev/shm/linux/./scripts/Makefile.dtbinst': File exists
cp: cannot create regular file '/dev/shm/linux/./scripts/Makefile.dtbs': File exists
cp: cannot create regular file '/dev/shm/linux/./scripts/Makefile.headersinst': File exists
cp: cannot create regular file '/dev/shm/linux/./scripts/Makefile.kasan': File exists
cp: cannot create regular file '/dev/shm/linux/./scripts/Makefile.kcsan': File exists
cp: cannot create regular file '/dev/shm/linux/./scripts/Makefile.kstack_erase': File exists
cp: cannot create regular file '/dev/shm/linux/./scripts/Makefile.modpost': File exists
cp: cannot create regular file '/dev/shm/linux/./scripts/Makefile.package': File exists
cp: cannot create regular file '/dev/shm/linux/./scripts/Makefile.randstruct': File exists
cp: cannot create regular file '/dev/shm/linux/./scripts/Makefile.userprogs': File exists
cp: cannot create regular file '/dev/shm/linux/./scripts/Makefile.vmlinux': File exists
cp: cannot create regular file '/dev/shm/linux/./scripts/Makefile.warn': File exists
cp: cannot create regular file '/dev/shm/linux/./scripts/asn1_compiler.c': File exists
cp: cannot create regular file '/dev/shm/linux/./scripts/coccinelle/api/stream_open.cocci': File exists
cp: cannot create regular file '/dev/shm/linux/./scripts/coccinelle/api/vma_pages.cocci': File exists
cp: cannot create regular file '/dev/shm/linux/./scripts/dtc/dt_to_config': File exists
cp: cannot create regular file '/dev/shm/linux/./scripts/dtc/dtc-parser.y': File exists
cp: cannot create regular file '/dev/shm/linux/./scripts/dtc/dtc.h': File exists
cp: cannot create regular file '/dev/shm/linux/./scripts/dtc/fdtget.c': File exists
cp: cannot create regular file '/dev/shm/linux/./scripts/dtc/fdtput.c': File exists
cp: cannot create regular file '/dev/shm/linux/./scripts/dtc/fstree.c': File exists
cp: cannot create regular file '/dev/shm/linux/./scripts/dtc/libfdt/fdt_wip.c': File exists
cp: cannot create regular file '/dev/shm/linux/./scripts/dtc/livetree.c': File exists
cp: cannot create regular file '/dev/shm/linux/./scripts/dtc/srcpos.h': File exists
cp: cannot create regular file '/dev/shm/linux/./scripts/dtc/update-dtc-source.sh': File exists
cp: cannot create regular file '/dev/shm/linux/./scripts/dtc/util.h': File exists
cp: cannot create regular file '/dev/shm/linux/./scripts/dtc/version_gen.h': File exists
cp: cannot create regular file '/dev/shm/linux/./scripts/file-size.sh': File exists
cp: cannot create regular file '/dev/shm/linux/./scripts/gdb/linux/genpd.py': File exists
cp: cannot create regular file '/dev/shm/linux/./scripts/gdb/linux/kasan.py': File exists
cp: cannot create regular file '/dev/shm/linux/./scripts/gdb/linux/mapletree.py': File exists
cp: cannot create regular file '/dev/shm/linux/./scripts/gdb/linux/modules.py': File exists
cp: cannot create regular file '/dev/shm/linux/./scripts/gdb/linux/pgtable.py': File exists
cp: cannot create regular file '/dev/shm/linux/./scripts/gdb/linux/radixtree.py': File exists
cp: cannot create regular file '/dev/shm/linux/./scripts/gdb/linux/slab.py': File exists
cp: cannot create regular file '/dev/shm/linux/./scripts/gdb/linux/symbols.py': File exists
cp: cannot create regular file '/dev/shm/linux/./scripts/gdb/linux/timerlist.py': File exists
cp: cannot create regular file '/dev/shm/linux/./scripts/gdb/linux/vmalloc.py': File exists
cp: cannot create regular file '/dev/shm/linux/./scripts/gdb/vmlinux-gdb.py': File exists
cp: cannot create regular file '/dev/shm/linux/./scripts/gen-crc-consts.py': File exists
cp: cannot create regular file '/dev/shm/linux/./scripts/gen_packed_field_checks.c': File exists
cp: cannot create regular file '/dev/shm/linux/./scripts/git-resolve.sh': File exists
cp: cannot create regular file '/dev/shm/linux/./scripts/head-object-list.txt': File exists
cp: cannot create regular file '/dev/shm/linux/./scripts/headers_install.sh': File exists
cp: cannot create regular file '/dev/shm/linux/./scripts/kconfig/conf.c': File exists
cp: cannot create regular file '/dev/shm/linux/./scripts/kconfig/confdata.c': File exists
cp: cannot create regular file '/dev/shm/linux/./scripts/kconfig/gconf-cfg.sh': File exists
cp: cannot create regular file '/dev/shm/linux/./scripts/kconfig/gconf.c': File exists
cp: cannot create regular file '/dev/shm/linux/./scripts/kconfig/icons/choice_no.xpm': File exists
cp: cannot create regular file '/dev/shm/linux/./scripts/kconfig/icons/load.xpm': File exists
cp: cannot create regular file '/dev/shm/linux/./scripts/kconfig/icons/menuback.xpm': File exists
cp: cannot create regular file '/dev/shm/linux/./scripts/kconfig/lkc.h': File exists
cp: cannot create regular file '/dev/shm/linux/./scripts/kconfig/lkc_proto.h': File exists
cp: cannot create regular file '/dev/shm/linux/./scripts/kconfig/lxdialog/BIG.FAT.WARNING': File exists
cp: cannot create regular file '/dev/shm/linux/./scripts/kconfig/lxdialog/checklist.c': File exists
cp: cannot create regular file '/dev/shm/linux/./scripts/kconfig/lxdialog/inputbox.c': File exists
cp: cannot create regular file '/dev/shm/linux/./scripts/kconfig/lxdialog/menubox.c': File exists
cp: cannot create regular file '/dev/shm/linux/./scripts/kconfig/lxdialog/util.c': File exists
cp: cannot create regular file '/dev/shm/linux/./scripts/kconfig/mconf-cfg.sh': File exists
cp: cannot create regular file '/dev/shm/linux/./scripts/kconfig/menu.c': File exists
cp: cannot create regular file '/dev/shm/linux/./scripts/kconfig/mnconf-common.h': File exists
cp: cannot create regular file '/dev/shm/linux/./scripts/kconfig/nconf.c': File exists
cp: cannot create regular file '/dev/shm/linux/./scripts/kconfig/nconf.h': File exists
cp: cannot create regular file '/dev/shm/linux/./scripts/kconfig/qconf.cc': File exists
cp: cannot create regular file '/dev/shm/linux/./scripts/kconfig/streamline_config.pl': File exists
cp: cannot create directory '/dev/shm/linux/./scripts/kconfig/tests/auto_submenu': File exists
cp: cannot create regular file '/dev/shm/linux/./scripts/kconfig/tests/conditional_dep/test_config3': File exists
cp: cannot create regular file '/dev/shm/linux/./scripts/kconfig/tests/conftest.py': File exists
cp: cannot create regular file '/dev/shm/linux/./scripts/kconfig/tests/err_recursive_inc/Kconfig.inc3': File exists
cp: cannot create regular file '/dev/shm/linux/./scripts/kconfig/tests/err_repeated_inc/Kconfig.inc1': File exists
cp: cannot create regular file '/dev/shm/linux/./scripts/kconfig/tests/err_repeated_inc/Kconfig.inc2': File exists
cp: cannot create regular file '/dev/shm/linux/./scripts/kconfig/tests/err_repeated_inc/__init__.py': File exists
cp: cannot create regular file '/dev/shm/linux/./scripts/kconfig/tests/err_transitional/__init__.py': File exists
cp: cannot create regular file '/dev/shm/linux/./scripts/kconfig/tests/err_transitional/expected_stderr': File exists
cp: cannot create regular file '/dev/shm/linux/./scripts/kconfig/tests/transitional/expected_config': File exists
cp: cannot create regular file '/dev/shm/linux/./scripts/kconfig/tests/transitional/initial_config': File exists
cp: cannot create directory '/dev/shm/linux/./scripts/ksymoops': File exists
cp: cannot create regular file '/dev/shm/linux/./scripts/link-vmlinux.sh': File exists
cp: cannot create regular file '/dev/shm/linux/./scripts/mkcompile_h': File exists
cp: cannot create regular file '/dev/shm/linux/./scripts/mkuboot.sh': File exists
cp: cannot create regular file '/dev/shm/linux/./scripts/package/debian/copyright': File exists
cp: cannot create regular file '/dev/shm/linux/./scripts/package/gen-diff-patch': File exists
cp: cannot create regular file '/dev/shm/linux/./scripts/package/kernel.spec': File exists
cp: cannot create regular file '/dev/shm/linux/./scripts/package/mkspec': File exists
cp: cannot create regular file '/dev/shm/linux/./scripts/pahole-version.sh': File exists
cp: cannot create regular file '/dev/shm/linux/./scripts/patch-kernel': File exists
cp: cannot create regular file '/dev/shm/linux/./scripts/recordmcount.c': File exists
cp: cannot create regular file '/dev/shm/linux/./scripts/recordmcount.pl': File exists
cp: cannot create regular file '/dev/shm/linux/./scripts/remove-stale-files': File exists
cp: cannot create regular file '/dev/shm/linux/./scripts/rust_is_available.sh': File exists
cp: cannot create regular file '/dev/shm/linux/./scripts/rust_is_available_test.py': File exists
cp: cannot create regular file '/dev/shm/linux/./scripts/rustc-version.sh': File exists
cp: cannot create regular file '/dev/shm/linux/./scripts/rustdoc_test_gen.rs': File exists
cp: cannot create regular file '/dev/shm/linux/./scripts/ssl-common.h': File exists
cp: cannot create regular file '/dev/shm/linux/./scripts/stackusage': File exists
cp: cannot create regular file '/dev/shm/linux/./scripts/syscall.tbl': File exists
cp: cannot create regular file '/dev/shm/linux/./scripts/syscallnr.sh': File exists
cp: cannot create regular file '/dev/shm/linux/./scripts/tags.sh': File exists
cp: cannot create regular file '/dev/shm/linux/./scripts/tracepoint-update.c': File exists
cp: cannot create regular file '/dev/shm/linux/./scripts/ver_linux': File exists
cp: cannot create regular file '/dev/shm/linux/./scripts/verify_builtin_ranges.awk': File exists
cp: cannot create regular file '/dev/shm/linux/./scripts/xz_wrap.sh': File exists
cp: cannot create regular file '/dev/shm/linux/./security/Kconfig': File exists
cp: cannot create regular file '/dev/shm/linux/./security/Kconfig.hardening': File exists
cp: cannot create directory '/dev/shm/linux/./security/apparmor': File exists
cp: cannot create regular file '/dev/shm/linux/./security/ipe/eval.c': File exists
cp: cannot create regular file '/dev/shm/linux/./security/ipe/fs.c': File exists
cp: cannot create regular file '/dev/shm/linux/./security/ipe/hooks.c': File exists
cp: cannot create regular file '/dev/shm/linux/./security/ipe/ipe.c': File exists
cp: cannot create regular file '/dev/shm/linux/./security/ipe/policy.c': File exists
cp: cannot create regular file '/dev/shm/linux/./security/ipe/policy_fs.c': File exists
cp: cannot create regular file '/dev/shm/linux/./security/ipe/policy_parser.h': File exists
cp: cannot create directory '/dev/shm/linux/./security/keys': File exists
cp: cannot create regular file '/dev/shm/linux/./security/lsm.h': File exists
cp: cannot create regular file '/dev/shm/linux/./security/lsm_init.c': File exists
cp: cannot create regular file '/dev/shm/linux/./security/lsm_syscalls.c': File exists
cp: cannot create regular file '/dev/shm/linux/./security/security.c': File exists
cp: cannot create directory '/dev/shm/linux/./security/selinux': File exists
cp: cannot create regular file '/dev/shm/linux/./sound/aoa/codecs/onyx.h': File exists
cp: cannot create regular file '/dev/shm/linux/./sound/aoa/codecs/tas-basstreble.h': File exists
cp: cannot create regular file '/dev/shm/linux/./sound/aoa/codecs/tas.c': File exists
cp: cannot create regular file '/dev/shm/linux/./sound/aoa/codecs/toonie.c': File exists
cp: cannot create regular file '/dev/shm/linux/./sound/aoa/core/Makefile': File exists
cp: cannot create regular file '/dev/shm/linux/./sound/aoa/core/alsa.h': File exists
cp: cannot create regular file '/dev/shm/linux/./sound/aoa/core/gpio-feature.c': File exists
cp: cannot create directory '/dev/shm/linux/./sound/aoa/fabrics': File exists
cp: cannot create regular file '/dev/shm/linux/./sound/aoa/soundbus/i2sbus/Makefile': File exists
cp: cannot create regular file '/dev/shm/linux/./sound/aoa/soundbus/i2sbus/i2sbus.h': File exists
cp: cannot create regular file '/dev/shm/linux/./sound/aoa/soundbus/i2sbus/interface.h': File exists
cp: cannot create regular file '/dev/shm/linux/./sound/aoa/soundbus/i2sbus/pcm.c': File exists
cp: cannot create regular file '/dev/shm/linux/./sound/arm/Kconfig': File exists
cp: cannot create regular file '/dev/shm/linux/./sound/arm/aaci.c': File exists
cp: cannot create regular file '/dev/shm/linux/./sound/arm/pxa2xx-ac97-lib.c': File exists
cp: cannot create directory '/dev/shm/linux/./sound/atmel': File exists
cp: cannot create regular file '/dev/shm/linux/./sound/core/control.c': File exists
cp: cannot create regular file '/dev/shm/linux/./sound/core/control_led.c': File exists
cp: cannot create regular file '/dev/shm/linux/./sound/core/device.c': File exists
cp: cannot create regular file '/dev/shm/linux/./sound/core/hwdep.c': File exists
cp: cannot create regular file '/dev/shm/linux/./sound/core/info.c': File exists
cp: cannot create regular file '/dev/shm/linux/./sound/core/isadma.c': File exists
cp: cannot create regular file '/dev/shm/linux/./sound/core/memory.c': File exists
cp: cannot create regular file '/dev/shm/linux/./sound/core/misc.c': File exists
cp: cannot create regular file '/dev/shm/linux/./sound/core/oss/copy.c': File exists
cp: cannot create regular file '/dev/shm/linux/./sound/core/oss/io.c': File exists
cp: cannot create regular file '/dev/shm/linux/./sound/core/oss/mixer_oss.c': File exists
cp: cannot create regular file '/dev/shm/linux/./sound/core/oss/pcm_oss.c': File exists
cp: cannot create regular file '/dev/shm/linux/./sound/core/oss/pcm_plugin.h': File exists
cp: cannot create regular file '/dev/shm/linux/./sound/core/oss/route.c': File exists
cp: cannot create regular file '/dev/shm/linux/./sound/core/pcm_compat.c': File exists
cp: cannot create regular file '/dev/shm/linux/./sound/core/pcm_drm_eld.c': File exists
cp: cannot create regular file '/dev/shm/linux/./sound/core/pcm_lib.c': File exists
cp: cannot create regular file '/dev/shm/linux/./sound/core/pcm_misc.c': File exists
cp: cannot create regular file '/dev/shm/linux/./sound/core/pcm_param_trace.h': File exists
cp: cannot create regular file '/dev/shm/linux/./sound/core/rawmidi_compat.c': File exists
cp: cannot create regular file '/dev/shm/linux/./sound/core/seq/Makefile': File exists
cp: cannot create regular file '/dev/shm/linux/./sound/core/seq/oss/seq_oss.c': File exists
cp: cannot create regular file '/dev/shm/linux/./sound/core/seq/oss/seq_oss_event.h': File exists
cp: cannot create regular file '/dev/shm/linux/./sound/core/seq/oss/seq_oss_ioctl.c': File exists
cp: cannot create regular file '/dev/shm/linux/./sound/core/seq/oss/seq_oss_readq.c': File exists
cp: cannot create regular file '/dev/shm/linux/./sound/core/seq/oss/seq_oss_rw.c': File exists
cp: cannot create regular file '/dev/shm/linux/./sound/core/seq/oss/seq_oss_synth.h': File exists
cp: cannot create regular file '/dev/shm/linux/./sound/core/seq/oss/seq_oss_timer.h': File exists
cp: cannot create regular file '/dev/shm/linux/./sound/core/seq/oss/seq_oss_writeq.h': File exists
cp: cannot create regular file '/dev/shm/linux/./sound/core/seq/seq_clientmgr.c': File exists
cp: cannot create regular file '/dev/shm/linux/./sound/core/seq/seq_compat.c': File exists
cp: cannot create regular file '/dev/shm/linux/./sound/core/seq/seq_fifo.c': File exists
cp: cannot create regular file '/dev/shm/linux/./sound/core/seq/seq_fifo.h': File exists
cp: cannot create regular file '/dev/shm/linux/./sound/core/seq/seq_info.h': File exists
cp: cannot create regular file '/dev/shm/linux/./sound/core/seq/seq_lock.h': File exists
cp: cannot create regular file '/dev/shm/linux/./sound/core/seq/seq_memory.h': File exists
cp: cannot create regular file '/dev/shm/linux/./sound/core/seq/seq_midi_emul.c': File exists
cp: cannot create regular file '/dev/shm/linux/./sound/core/seq/seq_ports.c': File exists
cp: cannot create regular file '/dev/shm/linux/./sound/core/seq/seq_prioq.c': File exists
cp: cannot create regular file '/dev/shm/linux/./sound/core/seq/seq_queue.c': File exists
cp: cannot create regular file '/dev/shm/linux/./sound/core/seq/seq_system.h': File exists
cp: cannot create regular file '/dev/shm/linux/./sound/core/seq/seq_timer.h': File exists
cp: cannot create regular file '/dev/shm/linux/./sound/core/seq/seq_ump_client.c': File exists
cp: cannot create regular file '/dev/shm/linux/./sound/core/seq/seq_ump_convert.h': File exists
cp: cannot create regular file '/dev/shm/linux/./sound/core/seq_device.c': File exists
cp: cannot create regular file '/dev/shm/linux/./sound/core/sound_kunit.c': File exists
cp: cannot create regular file '/dev/shm/linux/./sound/core/timer.c': File exists
cp: cannot create regular file '/dev/shm/linux/./sound/core/ump.c': File exists
cp: cannot create regular file '/dev/shm/linux/./sound/core/vmaster.c': File exists
cp: cannot create regular file '/dev/shm/linux/./sound/drivers/Makefile': File exists
cp: cannot create regular file '/dev/shm/linux/./sound/drivers/dummy.c': File exists
cp: cannot create regular file '/dev/shm/linux/./sound/drivers/mpu401/mpu401.c': File exists
cp: cannot create regular file '/dev/shm/linux/./sound/drivers/mpu401/mpu401_uart.c': File exists
cp: cannot create regular file '/dev/shm/linux/./sound/drivers/mts64.c': File exists
cp: cannot create regular file '/dev/shm/linux/./sound/drivers/opl3/Makefile': File exists
cp: cannot create regular file '/dev/shm/linux/./sound/drivers/opl3/opl3_lib.c': File exists
cp: cannot create regular file '/dev/shm/linux/./sound/drivers/opl3/opl3_oss.c': File exists
cp: cannot create regular file '/dev/shm/linux/./sound/drivers/opl3/opl3_synth.c': File exists
cp: cannot create regular file '/dev/shm/linux/./sound/drivers/pcmtest.c': File exists
cp: cannot create directory '/dev/shm/linux/./sound/drivers/pcsp': File exists
cp: cannot create regular file '/dev/shm/linux/./sound/drivers/serial-generic.c': File exists
cp: cannot create regular file '/dev/shm/linux/./sound/drivers/virmidi.c': File exists
cp: cannot create directory '/dev/shm/linux/./sound/drivers/vx': File exists
cp: cannot create regular file '/dev/shm/linux/./sound/firewire/bebob/bebob.c': File exists
cp: cannot create regular file '/dev/shm/linux/./sound/firewire/bebob/bebob_command.c': File exists
cp: cannot create regular file '/dev/shm/linux/./sound/firewire/bebob/bebob_maudio.c': File exists
cp: cannot create regular file '/dev/shm/linux/./sound/firewire/bebob/bebob_pcm.c': File exists
cp: cannot create regular file '/dev/shm/linux/./sound/firewire/bebob/bebob_stream.c': File exists
cp: cannot create regular file '/dev/shm/linux/./sound/firewire/bebob/bebob_yamaha_terratec.c': File exists
cp: cannot create regular file '/dev/shm/linux/./sound/firewire/cmp.c': File exists
cp: cannot create directory '/dev/shm/linux/./sound/firewire/dice': File exists
cp: cannot create regular file '/dev/shm/linux/./sound/firewire/fireface/ff-protocol-latter.c': File exists
cp: cannot create regular file '/dev/shm/linux/./sound/firewire/fireface/ff-transaction.c': File exists
cp: cannot create regular file '/dev/shm/linux/./sound/firewire/fireface/ff.h': File exists
cp: cannot create regular file '/dev/shm/linux/./sound/firewire/fireworks/fireworks.c': File exists
cp: cannot create regular file '/dev/shm/linux/./sound/firewire/fireworks/fireworks_command.c': File exists
cp: cannot create regular file '/dev/shm/linux/./sound/firewire/fireworks/fireworks_midi.c': File exists
cp: cannot create regular file '/dev/shm/linux/./sound/firewire/fireworks/fireworks_proc.c': File exists
cp: cannot create regular file '/dev/shm/linux/./sound/firewire/fireworks/fireworks_transaction.c': File exists
cp: cannot create regular file '/dev/shm/linux/./sound/firewire/iso-resources.c': File exists
cp: cannot create regular file '/dev/shm/linux/./sound/firewire/lib.c': File exists
cp: cannot create directory '/dev/shm/linux/./sound/firewire/motu': File exists
cp: cannot create regular file '/dev/shm/linux/./sound/firewire/tascam/tascam-midi.c': File exists
cp: cannot create regular file '/dev/shm/linux/./sound/firewire/tascam/tascam-proc.c': File exists
cp: cannot create regular file '/dev/shm/linux/./sound/firewire/tascam/tascam-transaction.c': File exists
cp: cannot create regular file '/dev/shm/linux/./sound/firewire/tascam/tascam.h': File exists
cp: cannot create regular file '/dev/shm/linux/./sound/hda/Kconfig': File exists
cp: cannot create directory '/dev/shm/linux/./sound/hda/codecs': File exists
cp: cannot create regular file '/dev/shm/linux/./sound/isa/cs423x/cs4236_lib.c': File exists
cp: cannot create regular file '/dev/shm/linux/./sound/isa/es1688/es1688.c': File exists
cp: cannot create regular file '/dev/shm/linux/./sound/isa/es18xx.c': File exists
cp: cannot create regular file '/dev/shm/linux/./sound/isa/galaxy/Makefile': File exists
cp: cannot create regular file '/dev/shm/linux/./sound/isa/galaxy/galaxy.c': File exists
cp: cannot create regular file '/dev/shm/linux/./sound/isa/gus/gus_dma.c': File exists
cp: cannot create regular file '/dev/shm/linux/./sound/isa/gus/gus_io.c': File exists
cp: cannot create regular file '/dev/shm/linux/./sound/isa/gus/gus_main.c': File exists
cp: cannot create regular file '/dev/shm/linux/./sound/isa/gus/gus_mem_proc.c': File exists
cp: cannot create regular file '/dev/shm/linux/./sound/isa/gus/gus_pcm.c': File exists
cp: cannot create regular file '/dev/shm/linux/./sound/isa/gus/gus_timer.c': File exists
cp: cannot create regular file '/dev/shm/linux/./sound/isa/gus/gus_volume.c': File exists
cp: cannot create regular file '/dev/shm/linux/./sound/isa/gus/gusextreme.c': File exists
cp: cannot create regular file '/dev/shm/linux/./sound/isa/gus/interwave-stb.c': File exists
cp: cannot create directory '/dev/shm/linux/./sound/isa/msnd': File exists
cp: cannot create regular file '/dev/shm/linux/./sound/isa/sb/emu8000_callback.c': File exists
cp: cannot create regular file '/dev/shm/linux/./sound/isa/sb/emu8000_patch.c': File exists
cp: cannot create regular file '/dev/shm/linux/./sound/isa/sb/emu8000_pcm.c': File exists
cp: cannot create regular file '/dev/shm/linux/./sound/isa/sb/jazz16.c': File exists
cp: cannot create regular file '/dev/shm/linux/./sound/isa/sb/sb16_csp.c': File exists
cp: cannot create regular file '/dev/shm/linux/./sound/isa/sb/sb8.c': File exists
cp: cannot create regular file '/dev/shm/linux/./sound/isa/sb/sb8_midi.c': File exists
cp: cannot create regular file '/dev/shm/linux/./sound/isa/sb/sb_mixer.c': File exists
cp: cannot create regular file '/dev/shm/linux/./sound/isa/sscape.c': File exists
cp: cannot create regular file '/dev/shm/linux/./sound/isa/wavefront/Makefile': File exists
cp: cannot create regular file '/dev/shm/linux/./sound/isa/wavefront/wavefront_fx.c': File exists
cp: cannot create regular file '/dev/shm/linux/./sound/isa/wavefront/wavefront_synth.c': File exists
cp: cannot create regular file '/dev/shm/linux/./sound/isa/wss/Makefile': File exists
cp: cannot create regular file '/dev/shm/linux/./sound/last.c': File exists
cp: cannot create regular file '/dev/shm/linux/./sound/mips/Makefile': File exists
cp: cannot create regular file '/dev/shm/linux/./sound/mips/hal2.c': File exists
cp: cannot create regular file '/dev/shm/linux/./sound/mips/sgio2audio.c': File exists
cp: cannot create directory '/dev/shm/linux/./sound/oss': File exists
cp: cannot create regular file '/dev/shm/linux/./sound/pci/ac97/ac97_codec.c': File exists
cp: cannot create regular file '/dev/shm/linux/./sound/pci/ac97/ac97_patch.c': File exists
cp: cannot create regular file '/dev/shm/linux/./sound/pci/ac97/ac97_pcm.c': File exists
cp: cannot create regular file '/dev/shm/linux/./sound/pci/ad1889.c': File exists
cp: cannot create regular file '/dev/shm/linux/./sound/pci/ak4531_codec.c': File exists
cp: cannot create regular file '/dev/shm/linux/./sound/pci/als300.c': File exists
cp: cannot create regular file '/dev/shm/linux/./sound/pci/atiixp.c': File exists
cp: cannot create regular file '/dev/shm/linux/./sound/pci/atiixp_modem.c': File exists
cp: cannot create directory '/dev/shm/linux/./sound/pci/au88x0': File exists
cp: cannot create regular file '/dev/shm/linux/./sound/pci/aw2/Makefile': File exists
cp: cannot create regular file '/dev/shm/linux/./sound/pci/aw2/aw2-saa7146.c': File exists
cp: cannot create regular file '/dev/shm/linux/./sound/pci/aw2/aw2-tsl.c': File exists
cp: cannot create regular file '/dev/shm/linux/./sound/pci/aw2/saa7146.h': File exists
cp: cannot create regular file '/dev/shm/linux/./sound/pci/azt3328.h': File exists
cp: cannot create directory '/dev/shm/linux/./sound/pci/ca0106': File exists
cp: cannot create regular file '/dev/shm/linux/./sound/pci/cs46xx/cs46xx_dsp_task_types.h': File exists
cp: cannot create regular file '/dev/shm/linux/./sound/pci/cs46xx/cs46xx_lib.h': File exists
cp: cannot create regular file '/dev/shm/linux/./sound/pci/cs46xx/dsp_spos.h': File exists
cp: cannot create regular file '/dev/shm/linux/./sound/pci/cs5530.c': File exists
cp: cannot create regular file '/dev/shm/linux/./sound/pci/cs5535audio/Makefile': File exists
cp: cannot create regular file '/dev/shm/linux/./sound/pci/cs5535audio/cs5535audio.h': File exists
cp: cannot create regular file '/dev/shm/linux/./sound/pci/cs5535audio/cs5535audio_pcm.c': File exists
cp: cannot create directory '/dev/shm/linux/./sound/pci/ctxfi': File exists
cp: cannot create regular file '/dev/shm/linux/./sound/pci/echoaudio/mia_dsp.c': File exists
cp: cannot create regular file '/dev/shm/linux/./sound/pci/echoaudio/mona.c': File exists
cp: cannot create directory '/dev/shm/linux/./sound/pci/emu10k1': File exists
cp: cannot create regular file '/dev/shm/linux/./sound/pci/ice1712/juli.h': File exists
cp: cannot create regular file '/dev/shm/linux/./sound/pci/ice1712/maya44.h': File exists
cp: cannot create regular file '/dev/shm/linux/./sound/pci/ice1712/phase.h': File exists
cp: cannot create regular file '/dev/shm/linux/./sound/pci/ice1712/pontis.h': File exists
cp: cannot create regular file '/dev/shm/linux/./sound/pci/ice1712/prodigy192.h': File exists
cp: cannot create regular file '/dev/shm/linux/./sound/pci/ice1712/prodigy_hifi.h': File exists
cp: cannot create regular file '/dev/shm/linux/./sound/pci/ice1712/psc724.h': File exists
cp: cannot create regular file '/dev/shm/linux/./sound/pci/ice1712/quartet.h': File exists
cp: cannot create regular file '/dev/shm/linux/./sound/pci/ice1712/revo.h': File exists
cp: cannot create regular file '/dev/shm/linux/./sound/pci/ice1712/se.h': File exists
cp: cannot create regular file '/dev/shm/linux/./sound/pci/ice1712/vt1720_mobo.c': File exists
cp: cannot create regular file '/dev/shm/linux/./sound/pci/ice1712/wm8766.h': File exists
cp: cannot create regular file '/dev/shm/linux/./sound/pci/ice1712/wm8776.h': File exists
cp: cannot create regular file '/dev/shm/linux/./sound/pci/intel8x0.c': File exists
cp: cannot create directory '/dev/shm/linux/./sound/pci/korg1212': File exists
cp: cannot create regular file '/dev/shm/linux/./sound/pci/lola/lola_clock.c': File exists
cp: cannot create regular file '/dev/shm/linux/./sound/pci/lola/lola_pcm.c': File exists
cp: cannot create directory '/dev/shm/linux/./sound/pci/lx6464es': File exists
cp: cannot create regular file '/dev/shm/linux/./sound/pci/mixart/mixart_hwdep.c': File exists
cp: cannot create regular file '/dev/shm/linux/./sound/pci/mixart/mixart_hwdep.h': File exists
cp: cannot create regular file '/dev/shm/linux/./sound/pci/mixart/mixart_mixer.h': File exists
cp: cannot create regular file '/dev/shm/linux/./sound/pci/nm256/Makefile': File exists
cp: cannot create regular file '/dev/shm/linux/./sound/pci/nm256/nm256_coef.c': File exists
cp: cannot create regular file '/dev/shm/linux/./sound/pci/oxygen/Makefile': File exists
cp: cannot create regular file '/dev/shm/linux/./sound/pci/oxygen/cm9780.h': File exists
cp: cannot create regular file '/dev/shm/linux/./sound/pci/oxygen/cs4245.h': File exists
cp: cannot create regular file '/dev/shm/linux/./sound/pci/oxygen/cs4398.h': File exists
cp: cannot create regular file '/dev/shm/linux/./sound/pci/oxygen/oxygen.h': File exists
cp: cannot create regular file '/dev/shm/linux/./sound/pci/oxygen/oxygen_lib.c': File exists
cp: cannot create regular file '/dev/shm/linux/./sound/pci/oxygen/oxygen_pcm.c': File exists
cp: cannot create regular file '/dev/shm/linux/./sound/pci/oxygen/se6x.c': File exists
cp: cannot create regular file '/dev/shm/linux/./sound/pci/oxygen/wm8766.h': File exists
cp: cannot create regular file '/dev/shm/linux/./sound/pci/oxygen/wm8776.h': File exists
cp: cannot create regular file '/dev/shm/linux/./sound/pci/oxygen/wm8785.h': File exists
cp: cannot create regular file '/dev/shm/linux/./sound/pci/oxygen/xonar_dg.c': File exists
cp: cannot create regular file '/dev/shm/linux/./sound/pci/oxygen/xonar_dg_mixer.c': File exists
cp: cannot create regular file '/dev/shm/linux/./sound/pci/oxygen/xonar_lib.c': File exists
cp: cannot create regular file '/dev/shm/linux/./sound/pci/oxygen/xonar_wm87x6.c': File exists
cp: cannot create regular file '/dev/shm/linux/./sound/pci/pcxhr/Makefile': File exists
cp: cannot create regular file '/dev/shm/linux/./sound/pci/pcxhr/pcxhr.h': File exists
cp: cannot create regular file '/dev/shm/linux/./sound/pci/pcxhr/pcxhr_core.h': File exists
cp: cannot create regular file '/dev/shm/linux/./sound/pci/pcxhr/pcxhr_hwdep.c': File exists
cp: cannot create regular file '/dev/shm/linux/./sound/pci/pcxhr/pcxhr_mix22.c': File exists
cp: cannot create regular file '/dev/shm/linux/./sound/pci/pcxhr/pcxhr_mixer.h': File exists
cp: cannot create directory '/dev/shm/linux/./sound/pci/riptide': File exists
cp: cannot create regular file '/dev/shm/linux/./sound/pci/rme9652/Makefile': File exists
cp: cannot create regular file '/dev/shm/linux/./sound/pci/rme9652/hdspm.c': File exists
cp: cannot create regular file '/dev/shm/linux/./sound/pci/sis7019.c': File exists
cp: cannot create regular file '/dev/shm/linux/./sound/pci/sonicvibes.c': File exists
cp: cannot create regular file '/dev/shm/linux/./sound/pci/trident/trident.c': File exists
cp: cannot create regular file '/dev/shm/linux/./sound/pci/trident/trident_main.c': File exists
cp: cannot create regular file '/dev/shm/linux/./sound/pci/via82xx.c': File exists
cp: cannot create directory '/dev/shm/linux/./sound/pci/vx222': File exists
cp: cannot create directory '/dev/shm/linux/./sound/pcmcia': File exists
cp: cannot create regular file '/dev/shm/linux/./sound/ppc/snd_ps3.h': File exists
cp: cannot create regular file '/dev/shm/linux/./sound/ppc/tumbler.c': File exists
cp: cannot create directory '/dev/shm/linux/./sound/sh': File exists
cp: cannot create directory '/dev/shm/linux/./sound/soc/amd': File exists
cp: cannot create regular file '/dev/shm/linux/./sound/soc/codecs/adau1781-spi.c': File exists
cp: cannot create regular file '/dev/shm/linux/./sound/soc/codecs/adau1781.h': File exists
cp: cannot create regular file '/dev/shm/linux/./sound/soc/codecs/adau17x1.h': File exists
cp: cannot create regular file '/dev/shm/linux/./sound/soc/codecs/adau1977-i2c.c': File exists
cp: cannot create regular file '/dev/shm/linux/./sound/soc/codecs/adau1977.c': File exists
cp: cannot create regular file '/dev/shm/linux/./sound/soc/codecs/adau7002.c': File exists
cp: cannot create regular file '/dev/shm/linux/./sound/soc/codecs/adau7118-i2c.c': File exists
cp: cannot create regular file '/dev/shm/linux/./sound/soc/codecs/adau7118.h': File exists
cp: cannot create regular file '/dev/shm/linux/./sound/soc/codecs/adav803.c': File exists
cp: cannot create regular file '/dev/shm/linux/./sound/soc/codecs/adav80x.h': File exists
cp: cannot create regular file '/dev/shm/linux/./sound/soc/codecs/ads117x.c': File exists
cp: cannot create regular file '/dev/shm/linux/./sound/soc/codecs/ak4118.c': File exists
cp: cannot create regular file '/dev/shm/linux/./sound/soc/codecs/ak4458.c': File exists
cp: cannot create regular file '/dev/shm/linux/./sound/soc/codecs/ak4535.h': File exists
cp: cannot create regular file '/dev/shm/linux/./sound/soc/codecs/ak4613.c': File exists
cp: cannot create regular file '/dev/shm/linux/./sound/soc/codecs/ak4642.c': File exists
cp: cannot create regular file '/dev/shm/linux/./sound/soc/codecs/ak4671.h': File exists
cp: cannot create regular file '/dev/shm/linux/./sound/soc/codecs/ak5558.c': File exists
cp: cannot create regular file '/dev/shm/linux/./sound/soc/codecs/alc5623.c': File exists
cp: cannot create regular file '/dev/shm/linux/./sound/soc/codecs/alc5632.c': File exists
cp: cannot create regular file '/dev/shm/linux/./sound/soc/codecs/arizona.c': File exists
cp: cannot create regular file '/dev/shm/linux/./sound/soc/codecs/audio-iio-aux.c': File exists
cp: cannot create regular file '/dev/shm/linux/./sound/soc/codecs/aw87390.c': File exists
cp: cannot create regular file '/dev/shm/linux/./sound/soc/codecs/aw88081.c': File exists
cp: cannot create regular file '/dev/shm/linux/./sound/soc/codecs/aw88166.c': File exists
cp: cannot create regular file '/dev/shm/linux/./sound/soc/codecs/aw88261.c': File exists
cp: cannot create directory '/dev/shm/linux/./sound/soc/codecs/aw88395': File exists
cp: cannot create regular file '/dev/shm/linux/./sound/soc/codecs/cs-amp-lib-test.c': File exists
cp: cannot create regular file '/dev/shm/linux/./sound/soc/codecs/cs35l32.c': File exists
cp: cannot create regular file '/dev/shm/linux/./sound/soc/codecs/cs35l33.c': File exists
cp: cannot create regular file '/dev/shm/linux/./sound/soc/codecs/cs35l34.c': File exists
cp: cannot create regular file '/dev/shm/linux/./sound/soc/codecs/cs35l35.c': File exists
cp: cannot create regular file '/dev/shm/linux/./sound/soc/codecs/cs35l36.c': File exists
cp: cannot create regular file '/dev/shm/linux/./sound/soc/codecs/cs35l41-i2c.c': File exists
cp: cannot create regular file '/dev/shm/linux/./sound/soc/codecs/cs35l41-spi.c': File exists
cp: cannot create regular file '/dev/shm/linux/./sound/soc/codecs/cs35l41.h': File exists
cp: cannot create regular file '/dev/shm/linux/./sound/soc/codecs/cs35l45-i2c.c': File exists
cp: cannot create regular file '/dev/shm/linux/./sound/soc/codecs/cs35l45-tables.c': File exists
cp: cannot create regular file '/dev/shm/linux/./sound/soc/codecs/cs35l45.h': File exists
cp: cannot create regular file '/dev/shm/linux/./sound/soc/codecs/cs35l56-shared-test.c': File exists
cp: cannot create regular file '/dev/shm/linux/./sound/soc/codecs/cs35l56-spi.c': File exists
cp: cannot create regular file '/dev/shm/linux/./sound/soc/codecs/cs35l56-test.c': File exists
cp: cannot create regular file '/dev/shm/linux/./sound/soc/codecs/cs35l56.h': File exists
cp: cannot create regular file '/dev/shm/linux/./sound/soc/codecs/cs4234.c': File exists
cp: cannot create regular file '/dev/shm/linux/./sound/soc/codecs/cs4265.c': File exists
cp: cannot create regular file '/dev/shm/linux/./sound/soc/codecs/cs4270.c': File exists
cp: cannot create regular file '/dev/shm/linux/./sound/soc/codecs/cs4271-spi.c': File exists
cp: cannot create regular file '/dev/shm/linux/./sound/soc/codecs/cs4271.h': File exists
cp: cannot create regular file '/dev/shm/linux/./sound/soc/codecs/cs42l42-sdw.c': File exists
cp: cannot create regular file '/dev/shm/linux/./sound/soc/codecs/cs42l42.h': File exists
cp: cannot create regular file '/dev/shm/linux/./sound/soc/codecs/cs42l43-sdw.c': File exists
cp: cannot create regular file '/dev/shm/linux/./sound/soc/codecs/cs42l43.c': File exists
cp: cannot create regular file '/dev/shm/linux/./sound/soc/codecs/cs42l51.c': File exists
cp: cannot create regular file '/dev/shm/linux/./sound/soc/codecs/cs42l52.c': File exists
cp: cannot create regular file '/dev/shm/linux/./sound/soc/codecs/cs42l56.c': File exists
cp: cannot create regular file '/dev/shm/linux/./sound/soc/codecs/cs42l73.c': File exists
cp: cannot create regular file '/dev/shm/linux/./sound/soc/codecs/cs42l83-i2c.c': File exists
cp: cannot create regular file '/dev/shm/linux/./sound/soc/codecs/cs42l84.h': File exists
cp: cannot create regular file '/dev/shm/linux/./sound/soc/codecs/cs42xx8.c': File exists
cp: cannot create regular file '/dev/shm/linux/./sound/soc/codecs/cs43130.c': File exists
cp: cannot create regular file '/dev/shm/linux/./sound/soc/codecs/cs4341.c': File exists
cp: cannot create regular file '/dev/shm/linux/./sound/soc/codecs/cs4349.h': File exists
cp: cannot create regular file '/dev/shm/linux/./sound/soc/codecs/cs47l15.c': File exists
cp: cannot create regular file '/dev/shm/linux/./sound/soc/codecs/cs47l24.h': File exists
cp: cannot create regular file '/dev/shm/linux/./sound/soc/codecs/cs47l85.c': File exists
cp: cannot create regular file '/dev/shm/linux/./sound/soc/codecs/cs47l92.c': File exists
cp: cannot create regular file '/dev/shm/linux/./sound/soc/codecs/cs48l32.c': File exists
cp: cannot create regular file '/dev/shm/linux/./sound/soc/codecs/cs530x-i2c.c': File exists
cp: cannot create regular file '/dev/shm/linux/./sound/soc/codecs/cs530x-spi.c': File exists
cp: cannot create regular file '/dev/shm/linux/./sound/soc/codecs/cs530x.h': File exists
cp: cannot create regular file '/dev/shm/linux/./sound/soc/codecs/cs53l30.h': File exists
cp: cannot create regular file '/dev/shm/linux/./sound/soc/codecs/cx20442.h': File exists
cp: cannot create regular file '/dev/shm/linux/./sound/soc/codecs/cx2072x.h': File exists
cp: cannot create regular file '/dev/shm/linux/./sound/soc/codecs/da7213.c': File exists
cp: cannot create regular file '/dev/shm/linux/./sound/soc/codecs/da7218.c': File exists
cp: cannot create regular file '/dev/shm/linux/./sound/soc/codecs/da7219-aad.c': File exists
cp: cannot create regular file '/dev/shm/linux/./sound/soc/codecs/da7219.c': File exists
cp: cannot create regular file '/dev/shm/linux/./sound/soc/codecs/da732x.c': File exists
cp: cannot create regular file '/dev/shm/linux/./sound/soc/codecs/da732x_reg.h': File exists
cp: cannot create regular file '/dev/shm/linux/./sound/soc/codecs/dmic.c': File exists
cp: cannot create regular file '/dev/shm/linux/./sound/soc/codecs/es7241.c': File exists
cp: cannot create regular file '/dev/shm/linux/./sound/soc/codecs/es8311.h': File exists
cp: cannot create regular file '/dev/shm/linux/./sound/soc/codecs/es8316.h': File exists
cp: cannot create regular file '/dev/shm/linux/./sound/soc/codecs/es8323.c': File exists
cp: cannot create regular file '/dev/shm/linux/./sound/soc/codecs/es8326.c': File exists
cp: cannot create regular file '/dev/shm/linux/./sound/soc/codecs/es8328-i2c.c': File exists
cp: cannot create regular file '/dev/shm/linux/./sound/soc/codecs/es8328.c': File exists
cp: cannot create regular file '/dev/shm/linux/./sound/soc/codecs/es8375.c': File exists
cp: cannot create regular file '/dev/shm/linux/./sound/soc/codecs/es8389.c': File exists
cp: cannot create regular file '/dev/shm/linux/./sound/soc/codecs/es83xx-dsm-common.c': File exists
cp: cannot create regular file '/dev/shm/linux/./sound/soc/codecs/fs-amp-lib.c': File exists
cp: cannot create regular file '/dev/shm/linux/./sound/soc/codecs/fs210x.c': File exists
cp: cannot create regular file '/dev/shm/linux/./sound/soc/codecs/gtm601.c': File exists
cp: cannot create regular file '/dev/shm/linux/./sound/soc/codecs/hda.c': File exists
cp: cannot create regular file '/dev/shm/linux/./sound/soc/codecs/hdac_hda.c': File exists
cp: cannot create regular file '/dev/shm/linux/./sound/soc/codecs/hdac_hdmi.c': File exists
cp: cannot create regular file '/dev/shm/linux/./sound/soc/codecs/ics43432.c': File exists
cp: cannot create regular file '/dev/shm/linux/./sound/soc/codecs/inno_rk3036.c': File exists
cp: cannot create regular file '/dev/shm/linux/./sound/soc/codecs/isabelle.c': File exists
cp: cannot create regular file '/dev/shm/linux/./sound/soc/codecs/jz4725b.c': File exists
cp: cannot create regular file '/dev/shm/linux/./sound/soc/codecs/jz4760.c': File exists
cp: cannot create regular file '/dev/shm/linux/./sound/soc/codecs/lm4857.c': File exists
cp: cannot create regular file '/dev/shm/linux/./sound/soc/codecs/lm49453.h': File exists
cp: cannot create regular file '/dev/shm/linux/./sound/soc/codecs/lpass-macro-common.c': File exists
cp: cannot create regular file '/dev/shm/linux/./sound/soc/codecs/lpass-rx-macro.c': File exists
cp: cannot create regular file '/dev/shm/linux/./sound/soc/codecs/lpass-va-macro.c': File exists
cp: cannot create regular file '/dev/shm/linux/./sound/soc/codecs/lpass-wsa-macro.h': File exists
cp: cannot create regular file '/dev/shm/linux/./sound/soc/codecs/madera.h': File exists
cp: cannot create regular file '/dev/shm/linux/./sound/soc/codecs/max9768.c': File exists
cp: cannot create regular file '/dev/shm/linux/./sound/soc/codecs/max98088.h': File exists
cp: cannot create regular file '/dev/shm/linux/./sound/soc/codecs/max98090.h': File exists
cp: cannot create regular file '/dev/shm/linux/./sound/soc/codecs/max98095.h': File exists
cp: cannot create regular file '/dev/shm/linux/./sound/soc/codecs/max98363.c': File exists
cp: cannot create regular file '/dev/shm/linux/./sound/soc/codecs/max98371.c': File exists
cp: cannot create regular file '/dev/shm/linux/./sound/soc/codecs/max98373-i2c.c': File exists
cp: cannot create regular file '/dev/shm/linux/./sound/soc/codecs/max98373-sdw.h': File exists
cp: cannot create regular file '/dev/shm/linux/./sound/soc/codecs/max98373.c': File exists
cp: cannot create regular file '/dev/shm/linux/./sound/soc/codecs/max98388.h': File exists
cp: cannot create regular file '/dev/shm/linux/./sound/soc/codecs/max98390.h': File exists
cp: cannot create regular file '/dev/shm/linux/./sound/soc/codecs/max98396.h': File exists
cp: cannot create regular file '/dev/shm/linux/./sound/soc/codecs/max9850.h': File exists
cp: cannot create regular file '/dev/shm/linux/./sound/soc/codecs/max98504.h': File exists
cp: cannot create regular file '/dev/shm/linux/./sound/soc/codecs/max98520.h': File exists
cp: cannot create regular file '/dev/shm/linux/./sound/soc/codecs/max9860.h': File exists
cp: cannot create regular file '/dev/shm/linux/./sound/soc/codecs/max9867.h': File exists
cp: cannot create regular file '/dev/shm/linux/./sound/soc/codecs/max9877.h': File exists
cp: cannot create regular file '/dev/shm/linux/./sound/soc/codecs/max98925.h': File exists
cp: cannot create regular file '/dev/shm/linux/./sound/soc/codecs/max98926.h': File exists
cp: cannot create regular file '/dev/shm/linux/./sound/soc/codecs/max98927.h': File exists
cp: cannot create regular file '/dev/shm/linux/./sound/soc/codecs/mc13783.h': File exists
cp: cannot create regular file '/dev/shm/linux/./sound/soc/codecs/ml26124.h': File exists
cp: cannot create regular file '/dev/shm/linux/./sound/soc/codecs/msm8916-wcd-digital.c': File exists
cp: cannot create regular file '/dev/shm/linux/./sound/soc/codecs/mt6351.h': File exists
cp: cannot create regular file '/dev/shm/linux/./sound/soc/codecs/mt6357.h': File exists
cp: cannot create regular file '/dev/shm/linux/./sound/soc/codecs/mt6358.h': File exists
cp: cannot create regular file '/dev/shm/linux/./sound/soc/codecs/mt6359-accdet.h': File exists
cp: cannot create regular file '/dev/shm/linux/./sound/soc/codecs/mt6359.c': File exists
cp: cannot create regular file '/dev/shm/linux/./sound/soc/codecs/mt6660.c': File exists
cp: cannot create regular file '/dev/shm/linux/./sound/soc/codecs/mt6660.h': File exists
cp: cannot create regular file '/dev/shm/linux/./sound/soc/codecs/nau8325.c': File exists
cp: cannot create regular file '/dev/shm/linux/./sound/soc/codecs/nau8540.c': File exists
cp: cannot create regular file '/dev/shm/linux/./sound/soc/codecs/nau8810.c': File exists
cp: cannot create regular file '/dev/shm/linux/./sound/soc/codecs/nau8821.c': File exists
cp: cannot create regular file '/dev/shm/linux/./sound/soc/codecs/nau8822.c': File exists
cp: cannot create regular file '/dev/shm/linux/./sound/soc/codecs/nau8824.h': File exists
cp: cannot create regular file '/dev/shm/linux/./sound/soc/codecs/nau8825.h': File exists
cp: cannot create regular file '/dev/shm/linux/./sound/soc/codecs/ntp8918.c': File exists
cp: cannot create regular file '/dev/shm/linux/./sound/soc/codecs/ntpfw.h': File exists
cp: cannot create regular file '/dev/shm/linux/./sound/soc/codecs/pcm1754.c': File exists
cp: cannot create regular file '/dev/shm/linux/./sound/soc/codecs/pcm1789.c': File exists
cp: cannot create regular file '/dev/shm/linux/./sound/soc/codecs/pcm1789.h': File exists
cp: cannot create regular file '/dev/shm/linux/./sound/soc/codecs/pcm179x-spi.c': File exists
cp: cannot create regular file '/dev/shm/linux/./sound/soc/codecs/pcm179x.h': File exists
cp: cannot create regular file '/dev/shm/linux/./sound/soc/codecs/pcm186x-spi.c': File exists
cp: cannot create regular file '/dev/shm/linux/./sound/soc/codecs/pcm186x.h': File exists
cp: cannot create regular file '/dev/shm/linux/./sound/soc/codecs/pcm3060-i2c.c': File exists
cp: cannot create regular file '/dev/shm/linux/./sound/soc/codecs/pcm3060.h': File exists
cp: cannot create regular file '/dev/shm/linux/./sound/soc/codecs/pcm3168a-spi.c': File exists
cp: cannot create regular file '/dev/shm/linux/./sound/soc/codecs/pcm3168a.h': File exists
cp: cannot create regular file '/dev/shm/linux/./sound/soc/codecs/pcm5102a.c': File exists
cp: cannot create regular file '/dev/shm/linux/./sound/soc/codecs/pcm512x-spi.c': File exists
cp: cannot create regular file '/dev/shm/linux/./sound/soc/codecs/pcm512x.h': File exists
cp: cannot create regular file '/dev/shm/linux/./sound/soc/codecs/pcm6240.h': File exists
cp: cannot create regular file '/dev/shm/linux/./sound/soc/codecs/pm4125-sdw.c': File exists
cp: cannot create regular file '/dev/shm/linux/./sound/soc/codecs/pm4125.h': File exists
cp: cannot create regular file '/dev/shm/linux/./sound/soc/codecs/rk3308_codec.h': File exists
cp: cannot create regular file '/dev/shm/linux/./sound/soc/codecs/rk3328_codec.h': File exists
cp: cannot create regular file '/dev/shm/linux/./sound/soc/codecs/rl6231.c': File exists
cp: cannot create regular file '/dev/shm/linux/./sound/soc/codecs/rl6347a.c': File exists
cp: cannot create regular file '/dev/shm/linux/./sound/soc/codecs/rt-sdw-common.c': File exists
cp: cannot create regular file '/dev/shm/linux/./sound/soc/codecs/rt1011.c': File exists
cp: cannot create regular file '/dev/shm/linux/./sound/soc/codecs/rt1015.c': File exists
cp: cannot create regular file '/dev/shm/linux/./sound/soc/codecs/rt1015p.c': File exists
cp: cannot create regular file '/dev/shm/linux/./sound/soc/codecs/rt1016.h': File exists
cp: cannot create regular file '/dev/shm/linux/./sound/soc/codecs/rt1017-sdca-sdw.h': File exists
cp: cannot create regular file '/dev/shm/linux/./sound/soc/codecs/rt1019.c': File exists
cp: cannot create regular file '/dev/shm/linux/./sound/soc/codecs/rt1305.c': File exists
cp: cannot create regular file '/dev/shm/linux/./sound/soc/codecs/rt1308-sdw.c': File exists
cp: cannot create regular file '/dev/shm/linux/./sound/soc/codecs/rt1308.c': File exists
cp: cannot create regular file '/dev/shm/linux/./sound/soc/codecs/rt1316-sdw.c': File exists
cp: cannot create regular file '/dev/shm/linux/./sound/soc/codecs/rt1318-sdw.c': File exists
cp: cannot create regular file '/dev/shm/linux/./sound/soc/codecs/rt1318.h': File exists
cp: cannot create regular file '/dev/shm/linux/./sound/soc/codecs/rt1320-sdw.c': File exists
cp: cannot create regular file '/dev/shm/linux/./sound/soc/codecs/rt274.c': File exists
cp: cannot create regular file '/dev/shm/linux/./sound/soc/codecs/rt286.c': File exists
cp: cannot create regular file '/dev/shm/linux/./sound/soc/codecs/rt298.c': File exists
cp: cannot create regular file '/dev/shm/linux/./sound/soc/codecs/rt5514-spi.c': File exists
cp: cannot create regular file '/dev/shm/linux/./sound/soc/codecs/rt5514.c': File exists
cp: cannot create regular file '/dev/shm/linux/./sound/soc/codecs/rt5575-spi.c': File exists
cp: cannot create regular file '/dev/shm/linux/./sound/soc/codecs/rt5575-spi.h': File exists
cp: cannot create regular file '/dev/shm/linux/./sound/soc/codecs/rt5575.h': File exists
cp: cannot create regular file '/dev/shm/linux/./sound/soc/codecs/rt5616.h': File exists
cp: cannot create regular file '/dev/shm/linux/./sound/soc/codecs/rt5631.h': File exists
cp: cannot create regular file '/dev/shm/linux/./sound/soc/codecs/rt5640.h': File exists
cp: cannot create regular file '/dev/shm/linux/./sound/soc/codecs/rt5645.h': File exists
cp: cannot create regular file '/dev/shm/linux/./sound/soc/codecs/rt5651.h': File exists
cp: cannot create regular file '/dev/shm/linux/./sound/soc/codecs/rt5659.h': File exists
cp: cannot create regular file '/dev/shm/linux/./sound/soc/codecs/rt5660.h': File exists
cp: cannot create regular file '/dev/shm/linux/./sound/soc/codecs/rt5663.h': File exists
cp: cannot create regular file '/dev/shm/linux/./sound/soc/codecs/rt5665.h': File exists
cp: cannot create regular file '/dev/shm/linux/./sound/soc/codecs/rt5668.h': File exists
cp: cannot create regular file '/dev/shm/linux/./sound/soc/codecs/rt5670.h': File exists
cp: cannot create regular file '/dev/shm/linux/./sound/soc/codecs/rt5677-spi.h': File exists
cp: cannot create regular file '/dev/shm/linux/./sound/soc/codecs/rt5677.h': File exists
cp: cannot create regular file '/dev/shm/linux/./sound/soc/codecs/rt5682-sdw.c': File exists
cp: cannot create regular file '/dev/shm/linux/./sound/soc/codecs/rt5682.h': File exists
cp: cannot create regular file '/dev/shm/linux/./sound/soc/codecs/rt5682s.h': File exists
cp: cannot create regular file '/dev/shm/linux/./sound/soc/codecs/rt700-sdw.h': File exists
cp: cannot create regular file '/dev/shm/linux/./sound/soc/codecs/rt700.h': File exists
cp: cannot create regular file '/dev/shm/linux/./sound/soc/codecs/rt711-sdca-sdw.h': File exists
cp: cannot create regular file '/dev/shm/linux/./sound/soc/codecs/rt711-sdca.h': File exists
cp: cannot create regular file '/dev/shm/linux/./sound/soc/codecs/rt711.c': File exists
cp: cannot create regular file '/dev/shm/linux/./sound/soc/codecs/rt712-sdca-dmic.c': File exists
cp: cannot create regular file '/dev/shm/linux/./sound/soc/codecs/rt712-sdca-sdw.c': File exists
cp: cannot create regular file '/dev/shm/linux/./sound/soc/codecs/rt712-sdca.c': File exists
cp: cannot create regular file '/dev/shm/linux/./sound/soc/codecs/rt715-sdca-sdw.c': File exists
cp: cannot create regular file '/dev/shm/linux/./sound/soc/codecs/rt715-sdca.c': File exists
cp: cannot create regular file '/dev/shm/linux/./sound/soc/codecs/rt715-sdw.c': File exists
cp: cannot create regular file '/dev/shm/linux/./sound/soc/codecs/rt715.c': File exists
cp: cannot create regular file '/dev/shm/linux/./sound/soc/codecs/rt721-sdca-sdw.h': File exists
cp: cannot create regular file '/dev/shm/linux/./sound/soc/codecs/rt721-sdca.h': File exists
cp: cannot create regular file '/dev/shm/linux/./sound/soc/codecs/rt722-sdca-sdw.h': File exists
cp: cannot create regular file '/dev/shm/linux/./sound/soc/codecs/rt722-sdca.h': File exists
cp: cannot create regular file '/dev/shm/linux/./sound/soc/codecs/rt9123.c': File exists
cp: cannot create regular file '/dev/shm/linux/./sound/soc/codecs/sdw-mockup.c': File exists
cp: cannot create regular file '/dev/shm/linux/./sound/soc/codecs/sgtl5000.h': File exists
cp: cannot create regular file '/dev/shm/linux/./sound/soc/codecs/sigmadsp-i2c.c': File exists
cp: cannot create regular file '/dev/shm/linux/./sound/soc/codecs/sigmadsp.c': File exists
cp: cannot create regular file '/dev/shm/linux/./sound/soc/codecs/simple-amplifier.c': File exists
cp: cannot create regular file '/dev/shm/linux/./sound/soc/codecs/sma1303.c': File exists
cp: cannot create regular file '/dev/shm/linux/./sound/soc/codecs/sma1307.c': File exists
cp: cannot create regular file '/dev/shm/linux/./sound/soc/codecs/spdif_receiver.c': File exists
cp: cannot create regular file '/dev/shm/linux/./sound/soc/codecs/src4xxx-i2c.c': File exists
cp: cannot create regular file '/dev/shm/linux/./sound/soc/codecs/src4xxx.h': File exists
cp: cannot create regular file '/dev/shm/linux/./sound/soc/codecs/ssm2518.c': File exists
cp: cannot create regular file '/dev/shm/linux/./sound/soc/codecs/ssm2602-spi.c': File exists
cp: cannot create regular file '/dev/shm/linux/./sound/soc/codecs/ssm2602.h': File exists
cp: cannot create regular file '/dev/shm/linux/./sound/soc/codecs/ssm3515.c': File exists
cp: cannot create regular file '/dev/shm/linux/./sound/soc/codecs/sta32x.c': File exists
cp: cannot create regular file '/dev/shm/linux/./sound/soc/codecs/sta350.c': File exists
cp: cannot create regular file '/dev/shm/linux/./sound/soc/codecs/sta529.c': File exists
cp: cannot create regular file '/dev/shm/linux/./sound/soc/codecs/sti-sas.c': File exists
cp: cannot create regular file '/dev/shm/linux/./sound/soc/codecs/tas2552.h': File exists
cp: cannot create regular file '/dev/shm/linux/./sound/soc/codecs/tas2562.h': File exists
cp: cannot create regular file '/dev/shm/linux/./sound/soc/codecs/tas2764.c': File exists
cp: cannot create regular file '/dev/shm/linux/./sound/soc/codecs/tas2770.c': File exists
cp: cannot create regular file '/dev/shm/linux/./sound/soc/codecs/tas2780.c': File exists
cp: cannot create regular file '/dev/shm/linux/./sound/soc/codecs/tas2781-comlib-i2c.c': File exists
cp: cannot create regular file '/dev/shm/linux/./sound/soc/codecs/tas2781-fmwlib.c': File exists
cp: cannot create regular file '/dev/shm/linux/./sound/soc/codecs/tas2783-sdw.c': File exists
cp: cannot create regular file '/dev/shm/linux/./sound/soc/codecs/tas5086.c': File exists
cp: cannot create regular file '/dev/shm/linux/./sound/soc/codecs/tas571x.h': File exists
cp: cannot create regular file '/dev/shm/linux/./sound/soc/codecs/tas5720.h': File exists
cp: cannot create regular file '/dev/shm/linux/./sound/soc/codecs/tas6424.c': File exists
cp: cannot create regular file '/dev/shm/linux/./sound/soc/codecs/tda7419.c': File exists
cp: cannot create regular file '/dev/shm/linux/./sound/soc/codecs/tfa9879.h': File exists
cp: cannot create regular file '/dev/shm/linux/./sound/soc/codecs/tlv320adc3xxx.c': File exists
cp: cannot create regular file '/dev/shm/linux/./sound/soc/codecs/tlv320adcx140.h': File exists
cp: cannot create regular file '/dev/shm/linux/./sound/soc/codecs/tlv320aic23-i2c.c': File exists
cp: cannot create regular file '/dev/shm/linux/./sound/soc/codecs/tlv320aic23.c': File exists
cp: cannot create regular file '/dev/shm/linux/./sound/soc/codecs/tlv320aic26.h': File exists
cp: cannot create regular file '/dev/shm/linux/./sound/soc/codecs/tlv320aic31xx.h': File exists
cp: cannot create regular file '/dev/shm/linux/./sound/soc/codecs/tlv320aic32x4-i2c.c': File exists
cp: cannot create regular file '/dev/shm/linux/./sound/soc/codecs/tlv320aic32x4.c': File exists
cp: cannot create regular file '/dev/shm/linux/./sound/soc/codecs/tlv320aic3x-i2c.c': File exists
cp: cannot create regular file '/dev/shm/linux/./sound/soc/codecs/tlv320aic3x-spi.c': File exists
cp: cannot create regular file '/dev/shm/linux/./sound/soc/codecs/tlv320aic3x.h': File exists
cp: cannot create regular file '/dev/shm/linux/./sound/soc/codecs/tlv320dac33.h': File exists
cp: cannot create regular file '/dev/shm/linux/./sound/soc/codecs/tpa6130a2.c': File exists
cp: cannot create regular file '/dev/shm/linux/./sound/soc/codecs/ts3a227e.c': File exists
cp: cannot create regular file '/dev/shm/linux/./sound/soc/codecs/tscs42xx.c': File exists
cp: cannot create regular file '/dev/shm/linux/./sound/soc/codecs/tscs454.c': File exists
cp: cannot create regular file '/dev/shm/linux/./sound/soc/codecs/twl4030.c': File exists
cp: cannot create regular file '/dev/shm/linux/./sound/soc/codecs/twl6040.h': File exists
cp: cannot create regular file '/dev/shm/linux/./sound/soc/codecs/uda1342.c': File exists
cp: cannot create regular file '/dev/shm/linux/./sound/soc/codecs/uda1380.c': File exists
cp: cannot create regular file '/dev/shm/linux/./sound/soc/codecs/wcd-clsh-v2.c': File exists
cp: cannot create regular file '/dev/shm/linux/./sound/soc/codecs/wcd-common.c': File exists
cp: cannot create regular file '/dev/shm/linux/./sound/soc/codecs/wcd-common.h': File exists
cp: cannot create regular file '/dev/shm/linux/./sound/soc/codecs/wcd-mbhc-v2.c': File exists
cp: cannot create regular file '/dev/shm/linux/./sound/soc/codecs/wcd9335.c': File exists
cp: cannot create regular file '/dev/shm/linux/./sound/soc/codecs/wcd934x.c': File exists
cp: cannot create regular file '/dev/shm/linux/./sound/soc/codecs/wcd937x.c': File exists
cp: cannot create regular file '/dev/shm/linux/./sound/soc/codecs/wcd938x-sdw.c': File exists
cp: cannot create regular file '/dev/shm/linux/./sound/soc/codecs/wcd938x.h': File exists
cp: cannot create regular file '/dev/shm/linux/./sound/soc/codecs/wcd939x.c': File exists
cp: cannot create regular file '/dev/shm/linux/./sound/soc/codecs/wm0010.c': File exists
cp: cannot create regular file '/dev/shm/linux/./sound/soc/codecs/wm2000.c': File exists
cp: cannot create regular file '/dev/shm/linux/./sound/soc/codecs/wm2200.c': File exists
cp: cannot create regular file '/dev/shm/linux/./sound/soc/codecs/wm5100-tables.c': File exists
cp: cannot create regular file '/dev/shm/linux/./sound/soc/codecs/wm5100.h': File exists
cp: cannot create regular file '/dev/shm/linux/./sound/soc/codecs/wm5102.h': File exists
cp: cannot create regular file '/dev/shm/linux/./sound/soc/codecs/wm5110.h': File exists
cp: cannot create regular file '/dev/shm/linux/./sound/soc/codecs/wm8350.h': File exists
cp: cannot create regular file '/dev/shm/linux/./sound/soc/codecs/wm8510.c': File exists
cp: cannot create regular file '/dev/shm/linux/./sound/soc/codecs/wm8523.c': File exists
cp: cannot create regular file '/dev/shm/linux/./sound/soc/codecs/wm8523.h': File exists
cp: cannot create regular file '/dev/shm/linux/./sound/soc/codecs/wm8580.c': File exists
cp: cannot create regular file '/dev/shm/linux/./sound/soc/codecs/wm8711.h': File exists
cp: cannot create regular file '/dev/shm/linux/./sound/soc/codecs/wm8728.c': File exists
cp: cannot create regular file '/dev/shm/linux/./sound/soc/codecs/wm8731-i2c.c': File exists
cp: cannot create regular file '/dev/shm/linux/./sound/soc/codecs/wm8731.c': File exists
cp: cannot create regular file '/dev/shm/linux/./sound/soc/codecs/wm8737.c': File exists
cp: cannot create regular file '/dev/shm/linux/./sound/soc/codecs/wm8741.c': File exists
cp: cannot create regular file '/dev/shm/linux/./sound/soc/codecs/wm8750.c': File exists
cp: cannot create regular file '/dev/shm/linux/./sound/soc/codecs/wm8753.h': File exists
cp: cannot create regular file '/dev/shm/linux/./sound/soc/codecs/wm8770.c': File exists
cp: cannot create regular file '/dev/shm/linux/./sound/soc/codecs/wm8776.c': File exists
cp: cannot create regular file '/dev/shm/linux/./sound/soc/codecs/wm8782.c': File exists
cp: cannot create regular file '/dev/shm/linux/./sound/soc/codecs/wm8804-spi.c': File exists
cp: cannot create regular file '/dev/shm/linux/./sound/soc/codecs/wm8804.h': File exists
cp: cannot create regular file '/dev/shm/linux/./sound/soc/codecs/wm8900.h': File exists
cp: cannot create regular file '/dev/shm/linux/./sound/soc/codecs/wm8903.c': File exists
cp: cannot create regular file '/dev/shm/linux/./sound/soc/codecs/wm8904.c': File exists
cp: cannot create regular file '/dev/shm/linux/./sound/soc/codecs/wm8940.c': File exists
cp: cannot create regular file '/dev/shm/linux/./sound/soc/codecs/wm8955.c': File exists
cp: cannot create regular file '/dev/shm/linux/./sound/soc/codecs/wm8958-dsp2.c': File exists
cp: cannot create regular file '/dev/shm/linux/./sound/soc/codecs/wm8960.h': File exists
cp: cannot create regular file '/dev/shm/linux/./sound/soc/codecs/wm8961.h': File exists
cp: cannot create regular file '/dev/shm/linux/./sound/soc/codecs/wm8962.h': File exists
cp: cannot create regular file '/dev/shm/linux/./sound/soc/codecs/wm8971.h': File exists
cp: cannot create regular file '/dev/shm/linux/./sound/soc/codecs/wm8974.h': File exists
cp: cannot create regular file '/dev/shm/linux/./sound/soc/codecs/wm8978.h': File exists
cp: cannot create regular file '/dev/shm/linux/./sound/soc/codecs/wm8983.c': File exists
cp: cannot create regular file '/dev/shm/linux/./sound/soc/codecs/wm8985.c': File exists
cp: cannot create regular file '/dev/shm/linux/./sound/soc/codecs/wm8988.c': File exists
cp: cannot create regular file '/dev/shm/linux/./sound/soc/codecs/wm8990.c': File exists
cp: cannot create regular file '/dev/shm/linux/./sound/soc/codecs/wm8991.c': File exists
cp: cannot create regular file '/dev/shm/linux/./sound/soc/codecs/wm8993.c': File exists
cp: cannot create regular file '/dev/shm/linux/./sound/soc/codecs/wm8994.c': File exists
cp: cannot create regular file '/dev/shm/linux/./sound/soc/codecs/wm8995.c': File exists
cp: cannot create regular file '/dev/shm/linux/./sound/soc/codecs/wm8996.c': File exists
cp: cannot create regular file '/dev/shm/linux/./sound/soc/codecs/wm8997.c': File exists
cp: cannot create regular file '/dev/shm/linux/./sound/soc/codecs/wm8998.h': File exists
cp: cannot create regular file '/dev/shm/linux/./sound/soc/codecs/wm9081.h': File exists
cp: cannot create regular file '/dev/shm/linux/./sound/soc/codecs/wm9090.h': File exists
cp: cannot create regular file '/dev/shm/linux/./sound/soc/codecs/wm9712.c': File exists
cp: cannot create regular file '/dev/shm/linux/./sound/soc/codecs/wm9713.h': File exists
cp: cannot create regular file '/dev/shm/linux/./sound/soc/codecs/wm_adsp.c': File exists
cp: cannot create regular file '/dev/shm/linux/./sound/soc/codecs/wm_adsp_fw_find_test.c': File exists
cp: cannot create regular file '/dev/shm/linux/./sound/soc/codecs/wm_hubs.h': File exists
cp: cannot create regular file '/dev/shm/linux/./sound/soc/codecs/wsa883x.c': File exists
cp: cannot create regular file '/dev/shm/linux/./sound/soc/codecs/zl38060.c': File exists
cp: cannot create regular file '/dev/shm/linux/./sound/soc/dwc/Makefile': File exists
cp: cannot create regular file '/dev/shm/linux/./sound/soc/dwc/local.h': File exists
cp: cannot create regular file '/dev/shm/linux/./sound/soc/fsl/Kconfig': File exists
cp: cannot create regular file '/dev/shm/linux/./sound/soc/fsl/efika-audio-fabric.c': File exists
cp: cannot create regular file '/dev/shm/linux/./sound/soc/fsl/fsl-asoc-card.c': File exists
cp: cannot create regular file '/dev/shm/linux/./sound/soc/fsl/fsl_asrc.h': File exists
cp: cannot create regular file '/dev/shm/linux/./sound/soc/fsl/fsl_aud2htx.c': File exists
cp: cannot create regular file '/dev/shm/linux/./sound/soc/fsl/fsl_audmix.c': File exists
cp: cannot create regular file '/dev/shm/linux/./sound/soc/fsl/fsl_dma.c': File exists
cp: cannot create regular file '/dev/shm/linux/./sound/soc/fsl/fsl_easrc.c': File exists
cp: cannot create regular file '/dev/shm/linux/./sound/soc/fsl/fsl_esai.c': File exists
cp: cannot create regular file '/dev/shm/linux/./sound/soc/fsl/fsl_micfil.c': File exists
cp: cannot create regular file '/dev/shm/linux/./sound/soc/fsl/fsl_mqs.c': File exists
cp: cannot create regular file '/dev/shm/linux/./sound/soc/fsl/fsl_qmc_audio.c': File exists
cp: cannot create regular file '/dev/shm/linux/./sound/soc/fsl/fsl_rpmsg.h': File exists
cp: cannot create regular file '/dev/shm/linux/./sound/soc/fsl/fsl_sai.h': File exists
cp: cannot create regular file '/dev/shm/linux/./sound/soc/fsl/fsl_spdif.h': File exists
cp: cannot create regular file '/dev/shm/linux/./sound/soc/fsl/fsl_ssi.h': File exists
cp: cannot create regular file '/dev/shm/linux/./sound/soc/fsl/fsl_utils.c': File exists
cp: cannot create regular file '/dev/shm/linux/./sound/soc/fsl/fsl_xcvr.c': File exists
cp: cannot create regular file '/dev/shm/linux/./sound/soc/fsl/imx-audio-rpmsg.c': File exists
cp: cannot create regular file '/dev/shm/linux/./sound/soc/fsl/imx-audmux.c': File exists
cp: cannot create regular file '/dev/shm/linux/./sound/soc/fsl/imx-card.c': File exists
cp: cannot create regular file '/dev/shm/linux/./sound/soc/fsl/imx-hdmi.c': File exists
cp: cannot create regular file '/dev/shm/linux/./sound/soc/fsl/imx-pcm-fiq.c': File exists
cp: cannot create regular file '/dev/shm/linux/./sound/soc/fsl/imx-pcm-rpmsg.h': File exists
cp: cannot create regular file '/dev/shm/linux/./sound/soc/fsl/imx-sgtl5000.c': File exists
cp: cannot create regular file '/dev/shm/linux/./sound/soc/fsl/lpc3xxx-i2s.c': File exists
cp: cannot create regular file '/dev/shm/linux/./sound/soc/fsl/lpc3xxx-pcm.c': File exists
cp: cannot create regular file '/dev/shm/linux/./sound/soc/fsl/mpc5200_dma.h': File exists
cp: cannot create regular file '/dev/shm/linux/./sound/soc/fsl/mpc5200_psc_i2s.c': File exists
cp: cannot create regular file '/dev/shm/linux/./sound/soc/fsl/p1022_rdk.c': File exists
cp: cannot create directory '/dev/shm/linux/./sound/soc/generic': File exists
cp: cannot create regular file '/dev/shm/linux/./sound/soc/img/img-i2s-out.c': File exists
cp: cannot create regular file '/dev/shm/linux/./sound/soc/img/img-spdif-in.c': File exists
cp: cannot create regular file '/dev/shm/linux/./sound/soc/img/pistachio-internal-dac.c': File exists
cp: cannot create regular file '/dev/shm/linux/./sound/soc/intel/Kconfig': File exists
cp: cannot create directory '/dev/shm/linux/./sound/soc/intel/atom': File exists
cp: cannot create regular file '/dev/shm/linux/./sound/soc/intel/avs/boards/ssm4567.c': File exists
cp: cannot create regular file '/dev/shm/linux/./sound/soc/intel/avs/cldma.h': File exists
cp: cannot create regular file '/dev/shm/linux/./sound/soc/intel/avs/control.h': File exists
cp: cannot create regular file '/dev/shm/linux/./sound/soc/intel/avs/debug.h': File exists
cp: cannot create regular file '/dev/shm/linux/./sound/soc/intel/avs/debugfs.c': File exists
cp: cannot create regular file '/dev/shm/linux/./sound/soc/intel/avs/icl.c': File exists
cp: cannot create regular file '/dev/shm/linux/./sound/soc/intel/avs/lnl.c': File exists
cp: cannot create regular file '/dev/shm/linux/./sound/soc/intel/avs/messages.c': File exists
cp: cannot create regular file '/dev/shm/linux/./sound/soc/intel/avs/path.c': File exists
cp: cannot create regular file '/dev/shm/linux/./sound/soc/intel/avs/pcm.h': File exists
cp: cannot create regular file '/dev/shm/linux/./sound/soc/intel/avs/ptl.c': File exists
cp: cannot create regular file '/dev/shm/linux/./sound/soc/intel/avs/registers.h': File exists
cp: cannot create regular file '/dev/shm/linux/./sound/soc/intel/avs/sysfs.c': File exists
cp: cannot create regular file '/dev/shm/linux/./sound/soc/intel/avs/topology.c': File exists
cp: cannot create regular file '/dev/shm/linux/./sound/soc/intel/avs/trace.c': File exists
cp: cannot create regular file '/dev/shm/linux/./sound/soc/intel/avs/trace.h': File exists
cp: cannot create regular file '/dev/shm/linux/./sound/soc/intel/avs/utils.h': File exists
cp: cannot create directory '/dev/shm/linux/./sound/soc/intel/boards': File exists
cp: cannot create directory '/dev/shm/linux/./sound/soc/kirkwood': File exists
cp: cannot create regular file '/dev/shm/linux/./sound/soc/loongson/loongson_card.c': File exists
cp: cannot create regular file '/dev/shm/linux/./sound/soc/loongson/loongson_i2s.c': File exists
cp: cannot create regular file '/dev/shm/linux/./sound/soc/loongson/loongson_i2s_plat.c': File exists
cp: cannot create regular file '/dev/shm/linux/./sound/soc/mediatek/Kconfig': File exists
cp: cannot create regular file '/dev/shm/linux/./sound/soc/mediatek/common/Makefile': File exists
cp: cannot create regular file '/dev/shm/linux/./sound/soc/mediatek/common/mtk-afe-fe-dai.h': File exists
cp: cannot create regular file '/dev/shm/linux/./sound/soc/mediatek/common/mtk-afe-platform-driver.h': File exists
cp: cannot create regular file '/dev/shm/linux/./sound/soc/mediatek/common/mtk-btcvsd.c': File exists
cp: cannot create regular file '/dev/shm/linux/./sound/soc/mediatek/common/mtk-dai-adda-common.h': File exists
cp: cannot create regular file '/dev/shm/linux/./sound/soc/mediatek/common/mtk-dsp-sof-common.h': File exists
cp: cannot create regular file '/dev/shm/linux/./sound/soc/mediatek/common/mtk-soundcard-driver.c': File exists
cp: cannot create directory '/dev/shm/linux/./sound/soc/mediatek/mt2701': File exists
cp: cannot create regular file '/dev/shm/linux/./sound/soc/mediatek/mt6797/mt6797-mt6351.c': File exists
cp: cannot create directory '/dev/shm/linux/./sound/soc/mediatek/mt7986': File exists
cp: cannot create regular file '/dev/shm/linux/./sound/soc/mediatek/mt8173/mt8173-rt5650-rt5676.c': File exists
cp: cannot create directory '/dev/shm/linux/./sound/soc/mediatek/mt8183': File exists
cp: cannot create regular file '/dev/shm/linux/./sound/soc/mediatek/mt8186/mt8186-dai-pcm.c': File exists
cp: cannot create regular file '/dev/shm/linux/./sound/soc/mediatek/mt8186/mt8186-dai-tdm.c': File exists
cp: cannot create regular file '/dev/shm/linux/./sound/soc/mediatek/mt8186/mt8186-interconnection.h': File exists
cp: cannot create regular file '/dev/shm/linux/./sound/soc/mediatek/mt8186/mt8186-misc-control.c': File exists
cp: cannot create regular file '/dev/shm/linux/./sound/soc/mediatek/mt8186/mt8186-mt6366.c': File exists
cp: cannot create directory '/dev/shm/linux/./sound/soc/mediatek/mt8188': File exists
cp: cannot create directory '/dev/shm/linux/./sound/soc/mediatek/mt8192': File exists
cp: cannot create regular file '/dev/shm/linux/./sound/soc/mediatek/mt8365/mt8365-afe-common.h': File exists
cp: cannot create regular file '/dev/shm/linux/./sound/soc/mediatek/mt8365/mt8365-dai-adda.c': File exists
cp: cannot create regular file '/dev/shm/linux/./sound/soc/mediatek/mt8365/mt8365-dai-i2s.c': File exists
cp: cannot create regular file '/dev/shm/linux/./sound/soc/mediatek/mt8365/mt8365-mt6357.c': File exists
cp: cannot create directory '/dev/shm/linux/./sound/soc/meson': File exists
cp: cannot create regular file '/dev/shm/linux/./sound/soc/qcom/lpass-sc7280.c': File exists
cp: cannot create directory '/dev/shm/linux/./sound/soc/qcom/qdsp6': File exists
cp: cannot create regular file '/dev/shm/linux/./sound/soc/renesas/sh7760-ac97.c': File exists
cp: cannot create regular file '/dev/shm/linux/./sound/soc/renesas/siu.h': File exists
cp: cannot create regular file '/dev/shm/linux/./sound/soc/renesas/siu_pcm.c': File exists
cp: cannot create directory '/dev/shm/linux/./sound/soc/rockchip': File exists
cp: cannot create regular file '/dev/shm/linux/./sound/soc/samsung/pcm.h': File exists
cp: cannot create regular file '/dev/shm/linux/./sound/soc/samsung/smdk_wm8994.c': File exists
cp: cannot create regular file '/dev/shm/linux/./sound/soc/samsung/snow.c': File exists
cp: cannot create regular file '/dev/shm/linux/./sound/soc/samsung/spdif.h': File exists
cp: cannot create regular file '/dev/shm/linux/./sound/soc/samsung/tm2_wm5110.c': File exists
cp: cannot create directory '/dev/shm/linux/./sound/soc/sdca': File exists
cp: cannot create regular file '/dev/shm/linux/./sound/soc/sdw_utils/soc_sdw_rt_sdca_jack_common.c': File exists
cp: cannot create regular file '/dev/shm/linux/./sound/soc/sdw_utils/soc_sdw_utils.c': File exists
cp: cannot create regular file '/dev/shm/linux/./sound/soc/soc-acpi.c': File exists
cp: cannot create regular file '/dev/shm/linux/./sound/soc/soc-card.c': File exists
cp: cannot create regular file '/dev/shm/linux/./sound/soc/soc-component.c': File exists
cp: cannot create regular file '/dev/shm/linux/./sound/soc/soc-core.c': File exists
cp: cannot create regular file '/dev/shm/linux/./sound/soc/soc-dapm.c': File exists
cp: cannot create regular file '/dev/shm/linux/./sound/soc/soc-generic-dmaengine-pcm.c': File exists
cp: cannot create regular file '/dev/shm/linux/./sound/soc/soc-link.c': File exists
cp: cannot create regular file '/dev/shm/linux/./sound/soc/soc-ops-test.c': File exists
cp: cannot create regular file '/dev/shm/linux/./sound/soc/soc-pcm.c': File exists
cp: cannot create regular file '/dev/shm/linux/./sound/soc/soc-topology.c': File exists
cp: cannot create regular file '/dev/shm/linux/./sound/soc/soc-utils.c': File exists
cp: cannot create regular file '/dev/shm/linux/./sound/soc/sof/Kconfig': File exists
cp: cannot create directory '/dev/shm/linux/./sound/soc/sof/amd': File exists
cp: cannot create regular file '/dev/shm/linux/./sound/soc/sof/intel/hda-common-ops.c': File exists
cp: cannot create regular file '/dev/shm/linux/./sound/soc/sof/intel/hda-dai-ops.c': File exists
cp: cannot create regular file '/dev/shm/linux/./sound/soc/sof/intel/hda-dsp.c': File exists
cp: cannot create regular file '/dev/shm/linux/./sound/soc/sof/intel/hda-ipc.h': File exists
cp: cannot create regular file '/dev/shm/linux/./sound/soc/sof/intel/hda-loader.c': File exists
cp: cannot create regular file '/dev/shm/linux/./sound/soc/sof/intel/hda-pcm.c': File exists
cp: cannot create regular file '/dev/shm/linux/./sound/soc/sof/intel/hda-sdw-bpt.c': File exists
cp: cannot create regular file '/dev/shm/linux/./sound/soc/sof/intel/hda-trace.c': File exists
cp: cannot create regular file '/dev/shm/linux/./sound/soc/sof/intel/hda.h': File exists
cp: cannot create regular file '/dev/shm/linux/./sound/soc/sof/intel/lnl.h': File exists
cp: cannot create regular file '/dev/shm/linux/./sound/soc/sof/intel/mtl.h': File exists
cp: cannot create regular file '/dev/shm/linux/./sound/soc/sof/intel/nvl.c': File exists
cp: cannot create regular file '/dev/shm/linux/./sound/soc/sof/intel/pci-apl.c': File exists
cp: cannot create regular file '/dev/shm/linux/./sound/soc/sof/intel/pci-icl.c': File exists
cp: cannot create regular file '/dev/shm/linux/./sound/soc/sof/intel/pci-nvl.c': File exists
cp: cannot create regular file '/dev/shm/linux/./sound/soc/sof/intel/pci-skl.c': File exists
cp: cannot create regular file '/dev/shm/linux/./sound/soc/sof/intel/pci-tng.c': File exists
cp: cannot create regular file '/dev/shm/linux/./sound/soc/sof/intel/shim.h': File exists
cp: cannot create regular file '/dev/shm/linux/./sound/soc/sof/intel/telemetry.c': File exists
cp: cannot create regular file '/dev/shm/linux/./sound/soc/sof/intel/tgl.c': File exists
cp: cannot create regular file '/dev/shm/linux/./sound/soc/sof/ipc.c': File exists
cp: cannot create regular file '/dev/shm/linux/./sound/soc/sof/ipc3-dtrace.c': File exists
cp: cannot create regular file '/dev/shm/linux/./sound/soc/sof/ipc3-topology.c': File exists
cp: cannot create regular file '/dev/shm/linux/./sound/soc/sof/ipc4-control.c': File exists
cp: cannot create regular file '/dev/shm/linux/./sound/soc/sof/ipc4-loader.c': File exists
cp: cannot create regular file '/dev/shm/linux/./sound/soc/sof/ipc4-pcm.c': File exists
cp: cannot create regular file '/dev/shm/linux/./sound/soc/sof/ipc4-telemetry.c': File exists
cp: cannot create regular file '/dev/shm/linux/./sound/soc/sof/ipc4-telemetry.h': File exists
cp: cannot create regular file '/dev/shm/linux/./sound/soc/sof/ipc4-topology.h': File exists
cp: cannot create regular file '/dev/shm/linux/./sound/soc/sof/loader.c': File exists
cp: cannot create regular file '/dev/shm/linux/./sound/soc/sof/mediatek/Kconfig': File exists
cp: cannot create regular file '/dev/shm/linux/./sound/soc/sof/mediatek/adsp_helper.h': File exists
cp: cannot create regular file '/dev/shm/linux/./sound/soc/sof/mediatek/mt8186/Makefile': File exists
cp: cannot create regular file '/dev/shm/linux/./sound/soc/sof/mediatek/mt8186/mt8186-clk.h': File exists
cp: cannot create regular file '/dev/shm/linux/./sound/soc/sof/mediatek/mt8186/mt8186.c': File exists
cp: cannot create directory '/dev/shm/linux/./sound/soc/sof/mediatek/mt8195': File exists
cp: cannot create regular file '/dev/shm/linux/./sound/soc/sof/sof-acpi-dev.c': File exists
cp: cannot create regular file '/dev/shm/linux/./sound/soc/sof/sof-audio.c': File exists
cp: cannot create regular file '/dev/shm/linux/./sound/soc/sof/sof-client-ipc-flood-test.c': File exists
cp: cannot create regular file '/dev/shm/linux/./sound/soc/sof/sof-client-ipc-msg-injector.c': File exists
cp: cannot create regular file '/dev/shm/linux/./sound/soc/sof/sof-client-probes-ipc4.c': File exists
cp: cannot create regular file '/dev/shm/linux/./sound/soc/sof/sof-client-probes.h': File exists
cp: cannot create regular file '/dev/shm/linux/./sound/soc/sof/sof-client.h': File exists
cp: cannot create regular file '/dev/shm/linux/./sound/soc/sof/sof-of-dev.h': File exists
cp: cannot create regular file '/dev/shm/linux/./sound/soc/sof/sof-pci-dev.h': File exists
cp: cannot create regular file '/dev/shm/linux/./sound/soc/sof/sof-utils.c': File exists
cp: cannot create regular file '/dev/shm/linux/./sound/soc/sof/sof-utils.h': File exists
cp: cannot create regular file '/dev/shm/linux/./sound/soc/sof/topology.c': File exists
cp: cannot create directory '/dev/shm/linux/./sound/soc/sof/xtensa': File exists
cp: cannot create regular file '/dev/shm/linux/./sound/soc/sophgo/cv1800b-sound-dac.c': File exists
cp: cannot create directory '/dev/shm/linux/./sound/soc/spacemit': File exists
cp: cannot create regular file '/dev/shm/linux/./sound/soc/spear/spdif_in_regs.h': File exists
cp: cannot create regular file '/dev/shm/linux/./sound/soc/spear/spdif_out_regs.h': File exists
cp: cannot create regular file '/dev/shm/linux/./sound/soc/spear/spear_pcm.c': File exists
cp: cannot create directory '/dev/shm/linux/./sound/soc/sprd': File exists
cp: cannot create regular file '/dev/shm/linux/./sound/soc/sti/uniperif_player.c': File exists
cp: cannot create directory '/dev/shm/linux/./sound/soc/stm': File exists
cp: cannot create regular file '/dev/shm/linux/./sound/soc/sunxi/sun8i-adda-pr-regmap.h': File exists
cp: cannot create regular file '/dev/shm/linux/./sound/soc/sunxi/sun8i-codec-analog.c': File exists
cp: cannot create directory '/dev/shm/linux/./sound/soc/tegra': File exists
cp: cannot create directory '/dev/shm/linux/./sound/soc/xilinx': File exists
cp: cannot create regular file '/dev/shm/linux/./sound/sparc/amd7930.c': File exists
cp: cannot create regular file '/dev/shm/linux/./sound/sparc/dbri.c': File exists
cp: cannot create regular file '/dev/shm/linux/./sound/spi/Kconfig': File exists
cp: cannot create regular file '/dev/shm/linux/./sound/spi/at73c213.c': File exists
cp: cannot create directory '/dev/shm/linux/./sound/usb': File exists
cp: cannot create directory '/dev/shm/linux/./tools/arch/s390/include/uapi': File exists
cp: cannot create directory '/dev/shm/linux/./tools/arch/x86': File exists
cp: cannot create regular file '/dev/shm/linux/./tools/bootconfig/samples/good-mixed-append.bconf': File exists
cp: cannot create regular file '/dev/shm/linux/./tools/bootconfig/samples/good-mixed-kv2.bconf': File exists
cp: cannot create regular file '/dev/shm/linux/./tools/bootconfig/samples/good-mixed-override.bconf': File exists
cp: cannot create regular file '/dev/shm/linux/./tools/bootconfig/samples/good-override.bconf': File exists
cp: cannot create regular file '/dev/shm/linux/./tools/bootconfig/samples/good-simple.bconf': File exists
cp: cannot create regular file '/dev/shm/linux/./tools/bootconfig/samples/good-tree.bconf': File exists
cp: cannot create regular file '/dev/shm/linux/./tools/bootconfig/scripts/ftrace.sh': File exists
cp: cannot create regular file '/dev/shm/linux/./tools/bootconfig/scripts/xbc.sh': File exists
cp: cannot create directory '/dev/shm/linux/./tools/bpf': File exists
cp: cannot create regular file '/dev/shm/linux/./tools/build/feature/test-scandirat.c': File exists
cp: cannot create regular file '/dev/shm/linux/./tools/build/feature/test-sdt.c': File exists
cp: cannot create regular file '/dev/shm/linux/./tools/build/feature/test-stackprotector-all.c': File exists
cp: cannot create regular file '/dev/shm/linux/./tools/build/feature/test-zlib.c': File exists
cp: cannot create directory '/dev/shm/linux/./tools/build/tests': File exists
cp: cannot create regular file '/dev/shm/linux/./tools/crypto/ccp/dbc.py': File exists
cp: cannot create regular file '/dev/shm/linux/./tools/crypto/ccp/test_dbc.py': File exists
cp: cannot create directory '/dev/shm/linux/./tools/debugging': File exists
cp: cannot create regular file '/dev/shm/linux/./tools/dma/config': File exists
cp: cannot create directory '/dev/shm/linux/./tools/docs': File exists
cp: cannot create directory '/dev/shm/linux/./tools/hv': File exists
cp: cannot create regular file '/dev/shm/linux/./tools/include/asm-generic/bitops/__ffs.h': File exists
cp: cannot create regular file '/dev/shm/linux/./tools/include/asm-generic/bitops/__fls.h': File exists
cp: cannot create regular file '/dev/shm/linux/./tools/include/asm-generic/bitops/arch_hweight.h': File exists
cp: cannot create regular file '/dev/shm/linux/./tools/include/asm-generic/bitops/const_hweight.h': File exists
cp: cannot create regular file '/dev/shm/linux/./tools/include/asm-generic/bitops/fls64.h': File exists
cp: cannot create regular file '/dev/shm/linux/./tools/include/asm-generic/bitops/non-atomic.h': File exists
cp: cannot create regular file '/dev/shm/linux/./tools/include/asm-generic/hugetlb_encode.h': File exists
cp: cannot create directory '/dev/shm/linux/./tools/include/asm': File exists
cp: cannot create regular file '/dev/shm/linux/./tools/include/linux/bitfield.h': File exists
cp: cannot create regular file '/dev/shm/linux/./tools/include/linux/bitops.h': File exists
cp: cannot create regular file '/dev/shm/linux/./tools/include/linux/btf_ids.h': File exists
cp: cannot create regular file '/dev/shm/linux/./tools/include/linux/build_bug.h': File exists
cp: cannot create regular file '/dev/shm/linux/./tools/include/linux/cfi_types.h': File exists
cp: cannot create regular file '/dev/shm/linux/./tools/include/linux/compiler-gcc.h': File exists
cp: cannot create regular file '/dev/shm/linux/./tools/include/linux/compiler_types.h': File exists
cp: cannot create regular file '/dev/shm/linux/./tools/include/linux/container_of.h': File exists
cp: cannot create regular file '/dev/shm/linux/./tools/include/linux/ctype.h': File exists
cp: cannot create regular file '/dev/shm/linux/./tools/include/linux/delay.h': File exists
cp: cannot create regular file '/dev/shm/linux/./tools/include/linux/export.h': File exists
cp: cannot create regular file '/dev/shm/linux/./tools/include/linux/ftrace.h': File exists
cp: cannot create regular file '/dev/shm/linux/./tools/include/linux/gfp_types.h': File exists
cp: cannot create regular file '/dev/shm/linux/./tools/include/linux/hashtable.h': File exists
cp: cannot create regular file '/dev/shm/linux/./tools/include/linux/interrupt.h': File exists
cp: cannot create regular file '/dev/shm/linux/./tools/include/linux/io.h': File exists
cp: cannot create regular file '/dev/shm/linux/./tools/include/linux/kallsyms.h': File exists
cp: cannot create regular file '/dev/shm/linux/./tools/include/linux/kconfig.h': File exists
cp: cannot create regular file '/dev/shm/linux/./tools/include/linux/kern_levels.h': File exists
cp: cannot create regular file '/dev/shm/linux/./tools/include/linux/linkage.h': File exists
cp: cannot create regular file '/dev/shm/linux/./tools/include/linux/list_sort.h': File exists
cp: cannot create regular file '/dev/shm/linux/./tools/include/linux/livepatch_external.h': File exists
cp: cannot create regular file '/dev/shm/linux/./tools/include/linux/math.h': File exists
cp: cannot create regular file '/dev/shm/linux/./tools/include/linux/mm.h': File exists
cp: cannot create regular file '/dev/shm/linux/./tools/include/linux/module.h': File exists
cp: cannot create regular file '/dev/shm/linux/./tools/include/linux/mutex.h': File exists
cp: cannot create regular file '/dev/shm/linux/./tools/include/linux/objtool_types.h': File exists
cp: cannot create regular file '/dev/shm/linux/./tools/include/linux/panic.h': File exists
cp: cannot create symbolic link '/dev/shm/linux/./tools/include/linux/pci_ids.h': File exists
cp: cannot create regular file '/dev/shm/linux/./tools/include/linux/poison.h': File exists
cp: cannot create regular file '/dev/shm/linux/./tools/include/linux/rbtree.h': File exists
cp: cannot create regular file '/dev/shm/linux/./tools/include/linux/rcu.h': File exists
cp: cannot create regular file '/dev/shm/linux/./tools/include/linux/ring_buffer.h': File exists
cp: cannot create directory '/dev/shm/linux/./tools/include/linux/sched': File exists
cp: cannot create regular file '/dev/shm/linux/./tools/include/linux/string.h': File exists
cp: cannot create regular file '/dev/shm/linux/./tools/include/linux/time64.h': File exists
cp: cannot create regular file '/dev/shm/linux/./tools/include/linux/unaligned.h': File exists
cp: cannot create regular file '/dev/shm/linux/./tools/include/linux/zalloc.h': File exists
cp: cannot create regular file '/dev/shm/linux/./tools/include/nolibc/.gitignore': File exists
cp: cannot create regular file '/dev/shm/linux/./tools/include/nolibc/arch-arm.h': File exists
cp: cannot create regular file '/dev/shm/linux/./tools/include/nolibc/arch-loongarch.h': File exists
cp: cannot create regular file '/dev/shm/linux/./tools/include/nolibc/arch-mips.h': File exists
cp: cannot create regular file '/dev/shm/linux/./tools/include/nolibc/arch-riscv.h': File exists
cp: cannot create regular file '/dev/shm/linux/./tools/include/nolibc/arch-sh.h': File exists
cp: cannot create regular file '/dev/shm/linux/./tools/include/nolibc/arch-x86.h': File exists
cp: cannot create regular file '/dev/shm/linux/./tools/include/nolibc/byteswap.h': File exists
cp: cannot create regular file '/dev/shm/linux/./tools/include/nolibc/crt.h': File exists
cp: cannot create regular file '/dev/shm/linux/./tools/include/nolibc/dirent.h': File exists
cp: cannot create regular file '/dev/shm/linux/./tools/include/nolibc/endian.h': File exists
cp: cannot create regular file '/dev/shm/linux/./tools/include/nolibc/errno.h': File exists
cp: cannot create regular file '/dev/shm/linux/./tools/include/nolibc/getopt.h': File exists
cp: cannot create regular file '/dev/shm/linux/./tools/include/nolibc/limits.h': File exists
cp: cannot create regular file '/dev/shm/linux/./tools/include/nolibc/math.h': File exists
cp: cannot create regular file '/dev/shm/linux/./tools/include/nolibc/poll.h': File exists
cp: cannot create regular file '/dev/shm/linux/./tools/include/nolibc/signal.h': File exists
cp: cannot create regular file '/dev/shm/linux/./tools/include/nolibc/stackprotector.h': File exists
cp: cannot create regular file '/dev/shm/linux/./tools/include/nolibc/stdarg.h': File exists
cp: cannot create regular file '/dev/shm/linux/./tools/include/nolibc/stdint.h': File exists
cp: cannot create regular file '/dev/shm/linux/./tools/include/nolibc/stdlib.h': File exists
cp: cannot create directory '/dev/shm/linux/./tools/include/nolibc/sys': File exists
cp: cannot create regular file '/dev/shm/linux/./tools/include/uapi/asm-generic/mman-common.h': File exists
cp: cannot create directory '/dev/shm/linux/./tools/include/uapi/asm': File exists
cp: cannot create regular file '/dev/shm/linux/./tools/include/uapi/linux/bpf_perf_event.h': File exists
cp: cannot create regular file '/dev/shm/linux/./tools/include/uapi/linux/coredump.h': File exists
cp: cannot create regular file '/dev/shm/linux/./tools/include/uapi/linux/erspan.h': File exists
cp: cannot create regular file '/dev/shm/linux/./tools/include/uapi/linux/filter.h': File exists
cp: cannot create regular file '/dev/shm/linux/./tools/include/uapi/linux/fs.h': File exists
cp: cannot create regular file '/dev/shm/linux/./tools/include/uapi/linux/genetlink.h': File exists
cp: cannot create regular file '/dev/shm/linux/./tools/include/uapi/linux/hw_breakpoint.h': File exists
cp: cannot create regular file '/dev/shm/linux/./tools/include/uapi/linux/if_link.h': File exists
cp: cannot create regular file '/dev/shm/linux/./tools/include/uapi/linux/if_xdp.h': File exists
cp: cannot create regular file '/dev/shm/linux/./tools/include/uapi/linux/io_uring.h': File exists
cp: cannot create regular file '/dev/shm/linux/./tools/include/uapi/linux/memfd.h': File exists
cp: cannot create regular file '/dev/shm/linux/./tools/include/uapi/linux/module_signature.h': File exists
cp: cannot create regular file '/dev/shm/linux/./tools/include/uapi/linux/neighbour.h': File exists
cp: cannot create regular file '/dev/shm/linux/./tools/include/uapi/linux/netfilter_arp.h': File exists
cp: cannot create regular file '/dev/shm/linux/./tools/include/uapi/linux/netlink.h': File exists
cp: cannot create regular file '/dev/shm/linux/./tools/include/uapi/linux/perf_event.h': File exists
cp: cannot create regular file '/dev/shm/linux/./tools/include/uapi/linux/prctl.h': File exists
cp: cannot create regular file '/dev/shm/linux/./tools/include/uapi/linux/rtnetlink.h': File exists
cp: cannot create regular file '/dev/shm/linux/./tools/include/uapi/linux/stddef.h': File exists
cp: cannot create directory '/dev/shm/linux/./tools/include/uapi/linux/tc_act': File exists
cp: cannot create regular file '/dev/shm/linux/./tools/include/uapi/linux/types.h': File exists
cp: cannot create directory '/dev/shm/linux/./tools/include/vdso': File exists
cp: cannot create directory '/dev/shm/linux/./tools/laptop': File exists
cp: cannot create regular file '/dev/shm/linux/./tools/lib/api/Makefile': File exists
cp: cannot create regular file '/dev/shm/linux/./tools/lib/api/debug-internal.h': File exists
cp: cannot create regular file '/dev/shm/linux/./tools/lib/api/debug.h': File exists
cp: cannot create regular file '/dev/shm/linux/./tools/lib/api/fd/array.c': File exists
cp: cannot create directory '/dev/shm/linux/./tools/lib/api/fs': File exists
cp: cannot create regular file '/dev/shm/linux/./tools/lib/bpf/bpf.c': File exists
cp: cannot create regular file '/dev/shm/linux/./tools/lib/bpf/bpf_core_read.h': File exists
cp: cannot create regular file '/dev/shm/linux/./tools/lib/bpf/bpf_gen_internal.h': File exists
cp: cannot create regular file '/dev/shm/linux/./tools/lib/bpf/bpf_prog_linfo.c': File exists
cp: cannot create regular file '/dev/shm/linux/./tools/lib/bpf/btf.c': File exists
cp: cannot create regular file '/dev/shm/linux/./tools/lib/bpf/btf_dump.c': File exists
cp: cannot create regular file '/dev/shm/linux/./tools/lib/bpf/btf_relocate.c': File exists
cp: cannot create regular file '/dev/shm/linux/./tools/lib/bpf/features.c': File exists
cp: cannot create regular file '/dev/shm/linux/./tools/lib/bpf/hashmap.c': File exists
cp: cannot create regular file '/dev/shm/linux/./tools/lib/bpf/libbpf.c': File exists
cp: cannot create regular file '/dev/shm/linux/./tools/lib/bpf/libbpf_common.h': File exists
cp: cannot create regular file '/dev/shm/linux/./tools/lib/bpf/libbpf_legacy.h': File exists
cp: cannot create regular file '/dev/shm/linux/./tools/lib/bpf/libbpf_utils.c': File exists
cp: cannot create regular file '/dev/shm/linux/./tools/lib/bpf/libbpf_version.h': File exists
cp: cannot create regular file '/dev/shm/linux/./tools/lib/bpf/netlink.c': File exists
cp: cannot create regular file '/dev/shm/linux/./tools/lib/bpf/nlattr.h': File exists
cp: cannot create regular file '/dev/shm/linux/./tools/lib/bpf/relo_core.c': File exists
cp: cannot create regular file '/dev/shm/linux/./tools/lib/bpf/ringbuf.c': File exists
cp: cannot create regular file '/dev/shm/linux/./tools/lib/bpf/strset.c': File exists
cp: cannot create regular file '/dev/shm/linux/./tools/lib/bpf/usdt.bpf.h': File exists
cp: cannot create regular file '/dev/shm/linux/./tools/lib/bpf/zip.c': File exists
cp: cannot create regular file '/dev/shm/linux/./tools/lib/cmdline.c': File exists
cp: cannot create regular file '/dev/shm/linux/./tools/lib/find_bit.c': File exists
cp: cannot create directory '/dev/shm/linux/./tools/lib/perf': File exists
cp: cannot create regular file '/dev/shm/linux/./tools/lib/thermal/thermal.c': File exists
cp: cannot create regular file '/dev/shm/linux/./tools/lib/thermal/thermal_nl.h': File exists
cp: cannot create regular file '/dev/shm/linux/./tools/lib/vsprintf.c': File exists
cp: cannot create directory '/dev/shm/linux/./tools/memory-model': File exists
cp: cannot create regular file '/dev/shm/linux/./tools/net/sunrpc/xdrgen/templates/C/pointer/definition/close.j2': File exists
cp: cannot create regular file '/dev/shm/linux/./tools/net/sunrpc/xdrgen/templates/C/pointer/definition/fixed_length_opaque.j2': File exists
cp: cannot create regular file '/dev/shm/linux/./tools/net/sunrpc/xdrgen/templates/C/pointer/definition/optional_data.j2': File exists
cp: cannot create regular file '/dev/shm/linux/./tools/net/sunrpc/xdrgen/templates/C/pointer/definition/variable_length_opaque.j2': File exists
cp: cannot create regular file '/dev/shm/linux/./tools/net/sunrpc/xdrgen/templates/C/pointer/encoder/close.j2': File exists
cp: cannot create regular file '/dev/shm/linux/./tools/net/sunrpc/xdrgen/templates/C/pointer/encoder/fixed_length_opaque.j2': File exists
cp: cannot create regular file '/dev/shm/linux/./tools/net/sunrpc/xdrgen/templates/C/pointer/encoder/optional_data.j2': File exists
cp: cannot create regular file '/dev/shm/linux/./tools/net/sunrpc/xdrgen/templates/C/pointer/encoder/variable_length_array.j2': File exists
cp: cannot create directory '/dev/shm/linux/./tools/net/sunrpc/xdrgen/templates/C/program': File exists
cp: cannot create regular file '/dev/shm/linux/./tools/net/sunrpc/xdrgen/templates/C/struct/definition/close.j2': File exists
cp: cannot create regular file '/dev/shm/linux/./tools/net/sunrpc/xdrgen/templates/C/struct/definition/fixed_length_opaque.j2': File exists
cp: cannot create regular file '/dev/shm/linux/./tools/net/sunrpc/xdrgen/templates/C/struct/definition/optional_data.j2': File exists
cp: cannot create regular file '/dev/shm/linux/./tools/net/sunrpc/xdrgen/templates/C/struct/definition/string.j2': File exists
cp: cannot create regular file '/dev/shm/linux/./tools/net/sunrpc/xdrgen/templates/C/struct/definition/variable_length_array.j2': File exists
cp: cannot create directory '/dev/shm/linux/./tools/net/sunrpc/xdrgen/templates/C/struct/encoder': File exists
cp: cannot create regular file '/dev/shm/linux/./tools/net/sunrpc/xdrgen/templates/C/typedef/decoder/fixed_length_array.j2': File exists
cp: cannot create regular file '/dev/shm/linux/./tools/net/sunrpc/xdrgen/templates/C/typedef/decoder/string.j2': File exists
cp: cannot create regular file '/dev/shm/linux/./tools/net/sunrpc/xdrgen/templates/C/typedef/decoder/variable_length_opaque.j2': File exists
cp: cannot create regular file '/dev/shm/linux/./tools/net/sunrpc/xdrgen/templates/C/typedef/definition/fixed_length_array.j2': File exists
cp: cannot create regular file '/dev/shm/linux/./tools/net/sunrpc/xdrgen/templates/C/typedef/definition/string.j2': File exists
cp: cannot create regular file '/dev/shm/linux/./tools/net/sunrpc/xdrgen/templates/C/typedef/definition/variable_length_opaque.j2': File exists
cp: cannot create regular file '/dev/shm/linux/./tools/net/sunrpc/xdrgen/templates/C/typedef/encoder/basic.j2': File exists
cp: cannot create regular file '/dev/shm/linux/./tools/net/sunrpc/xdrgen/templates/C/typedef/encoder/fixed_length_opaque.j2': File exists
cp: cannot create regular file '/dev/shm/linux/./tools/net/sunrpc/xdrgen/templates/C/typedef/encoder/variable_length_array.j2': File exists
cp: cannot create directory '/dev/shm/linux/./tools/net/sunrpc/xdrgen/templates/C/typedef/maxsize': File exists
cp: cannot create regular file '/dev/shm/linux/./tools/net/sunrpc/xdrgen/templates/C/union/decoder/case_spec.j2': File exists
cp: cannot create regular file '/dev/shm/linux/./tools/net/sunrpc/xdrgen/templates/C/union/decoder/close.j2': File exists
cp: cannot create regular file '/dev/shm/linux/./tools/net/sunrpc/xdrgen/templates/C/union/decoder/open.j2': File exists
cp: cannot create regular file '/dev/shm/linux/./tools/net/sunrpc/xdrgen/templates/C/union/decoder/string.j2': File exists
cp: cannot create regular file '/dev/shm/linux/./tools/net/sunrpc/xdrgen/templates/C/union/decoder/variable_length_array.j2': File exists
cp: cannot create directory '/dev/shm/linux/./tools/net/sunrpc/xdrgen/templates/C/union/definition': File exists
cp: cannot create regular file '/dev/shm/linux/./tools/net/sunrpc/xdrgen/templates/C/union/encoder/default_spec.j2': File exists
cp: cannot create regular file '/dev/shm/linux/./tools/net/sunrpc/xdrgen/templates/C/union/encoder/string.j2': File exists
cp: cannot create directory '/dev/shm/linux/./tools/net/sunrpc/xdrgen/templates/C/union/maxsize': File exists
cp: cannot create regular file '/dev/shm/linux/./tools/net/sunrpc/xdrgen/xdrgen': File exists
cp: cannot create directory '/dev/shm/linux/./tools/net/ynl/generated': File exists
cp: cannot create regular file '/dev/shm/linux/./tools/net/ynl/lib/ynl-priv.h': File exists
cp: cannot create regular file '/dev/shm/linux/./tools/net/ynl/lib/ynl.h': File exists
cp: cannot create directory '/dev/shm/linux/./tools/net/ynl/pyynl': File exists
cp: cannot create regular file '/dev/shm/linux/./tools/net/ynl/tests/rt-addr.c': File exists
cp: cannot create regular file '/dev/shm/linux/./tools/net/ynl/tests/rt-link.c': File exists
cp: cannot create regular file '/dev/shm/linux/./tools/net/ynl/tests/rt-route.sh': File exists
cp: cannot create regular file '/dev/shm/linux/./tools/net/ynl/tests/test_ynl_cli.sh': File exists
cp: cannot create regular file '/dev/shm/linux/./tools/net/ynl/tests/wireguard.c': File exists
cp: cannot create regular file '/dev/shm/linux/./tools/net/ynl/ynl-regen.sh': File exists
cp: cannot create regular file '/dev/shm/linux/./tools/net/ynl/ynltool/.gitignore': File exists
cp: cannot create regular file '/dev/shm/linux/./tools/net/ynl/ynltool/json_writer.c': File exists
cp: cannot create regular file '/dev/shm/linux/./tools/net/ynl/ynltool/main.c': File exists
cp: cannot create regular file '/dev/shm/linux/./tools/net/ynl/ynltool/qstats.c': File exists
cp: cannot create regular file '/dev/shm/linux/./tools/objtool/.gitignore': File exists
cp: cannot create directory '/dev/shm/linux/./tools/objtool/Documentation': File exists
cp: cannot create directory '/dev/shm/linux/./tools/objtool/arch/loongarch': File exists
cp: cannot create directory '/dev/shm/linux/./tools/objtool/arch/x86/include': File exists
cp: cannot create regular file '/dev/shm/linux/./tools/objtool/disas.c': File exists
cp: cannot create regular file '/dev/shm/linux/./tools/objtool/elf.c': File exists
cp: cannot create regular file '/dev/shm/linux/./tools/objtool/klp-diff.c': File exists
cp: cannot create regular file '/dev/shm/linux/./tools/objtool/klp-post-link.c': File exists
cp: cannot create regular file '/dev/shm/linux/./tools/objtool/noreturns.h': File exists
cp: cannot create regular file '/dev/shm/linux/./tools/objtool/objtool.c': File exists
cp: cannot create regular file '/dev/shm/linux/./tools/objtool/orc_dump.c': File exists
cp: cannot create regular file '/dev/shm/linux/./tools/objtool/orc_gen.c': File exists
cp: cannot create regular file '/dev/shm/linux/./tools/objtool/signal.c': File exists
cp: cannot create regular file '/dev/shm/linux/./tools/objtool/special.c': File exists
cp: cannot create regular file '/dev/shm/linux/./tools/objtool/sync-check.sh': File exists
cp: cannot create regular file '/dev/shm/linux/./tools/objtool/trace.c': File exists
cp: cannot create regular file '/dev/shm/linux/./tools/objtool/weak.c': File exists
cp: cannot create directory '/dev/shm/linux/./tools/pcmcia': File exists
cp: cannot create directory '/dev/shm/linux/./tools/perf': File exists
cp: cannot create regular file '/dev/shm/linux/./tools/testing/selftests/exec/recursion-depth.c': File exists
cp: cannot create directory '/dev/shm/linux/./tools/testing/selftests/fchmodat2': File exists
cp: cannot create directory '/dev/shm/linux/./tools/testing/selftests/filelock': File exists
cp: cannot create regular file '/dev/shm/linux/./tools/testing/selftests/filesystems/binderfs/Makefile': File exists
cp: cannot create regular file '/dev/shm/linux/./tools/testing/selftests/filesystems/binderfs/config': File exists
cp: cannot create regular file '/dev/shm/linux/./tools/testing/selftests/filesystems/dnotify_test.c': File exists
cp: cannot create regular file '/dev/shm/linux/./tools/testing/selftests/filesystems/empty_mntns/Makefile': File exists
cp: cannot create regular file '/dev/shm/linux/./tools/testing/selftests/filesystems/empty_mntns/empty_mntns.h': File exists
cp: cannot create regular file '/dev/shm/linux/./tools/testing/selftests/filesystems/empty_mntns/empty_mntns_test.c': File exists
cp: cannot create directory '/dev/shm/linux/./tools/testing/selftests/filesystems/epoll': File exists
cp: cannot create regular file '/dev/shm/linux/./tools/testing/selftests/filesystems/fat/config': File exists
cp: cannot create regular file '/dev/shm/linux/./tools/testing/selftests/filesystems/fclog.c': File exists
cp: cannot create directory '/dev/shm/linux/./tools/testing/selftests/filesystems/fsmount_ns': File exists
cp: cannot create regular file '/dev/shm/linux/./tools/testing/selftests/filesystems/kernfs_test.c': File exists
cp: cannot create directory '/dev/shm/linux/./tools/testing/selftests/filesystems/move_mount': File exists
cp: cannot create regular file '/dev/shm/linux/./tools/testing/selftests/filesystems/nsfs/owner.c': File exists
cp: cannot create directory '/dev/shm/linux/./tools/testing/selftests/filesystems/overlayfs': File exists
cp: cannot create regular file '/dev/shm/linux/./tools/testing/selftests/filesystems/statmount/listmount_test.c': File exists
cp: cannot create regular file '/dev/shm/linux/./tools/testing/selftests/filesystems/statmount/statmount_test_ns.c': File exists
cp: cannot create regular file '/dev/shm/linux/./tools/testing/selftests/filesystems/utils.c': File exists
cp: cannot create regular file '/dev/shm/linux/./tools/testing/selftests/filesystems/wrappers.h': File exists
cp: cannot create directory '/dev/shm/linux/./tools/testing/selftests/fpu': File exists
cp: cannot create directory '/dev/shm/linux/./tools/testing/selftests/ftrace': File exists
cp: cannot create regular file '/dev/shm/linux/./tools/testing/selftests/kvm/arm64/psci_test.c': File exists
cp: cannot create regular file '/dev/shm/linux/./tools/testing/selftests/kvm/arm64/sea_to_user.c': File exists
cp: cannot create regular file '/dev/shm/linux/./tools/testing/selftests/kvm/arm64/smccc_filter.c': File exists
cp: cannot create regular file '/dev/shm/linux/./tools/testing/selftests/kvm/arm64/vgic_irq.c': File exists
cp: cannot create regular file '/dev/shm/linux/./tools/testing/selftests/kvm/arm64/vgic_v5.c': File exists
cp: cannot create regular file '/dev/shm/linux/./tools/testing/selftests/kvm/coalesced_io_test.c': File exists
cp: cannot create regular file '/dev/shm/linux/./tools/testing/selftests/kvm/demand_paging_test.c': File exists
cp: cannot create regular file '/dev/shm/linux/./tools/testing/selftests/kvm/dirty_log_test.c': File exists
cp: cannot create regular file '/dev/shm/linux/./tools/testing/selftests/kvm/guest_memfd_test.c': File exists
cp: cannot create regular file '/dev/shm/linux/./tools/testing/selftests/kvm/guest_print_test.c': File exists
cp: cannot create directory '/dev/shm/linux/./tools/testing/selftests/kvm/include': File exists
cp: cannot create regular file '/dev/shm/linux/./tools/testing/selftests/kvm/rseq_test.c': File exists
cp: cannot create directory '/dev/shm/linux/./tools/testing/selftests/kvm/s390': File exists
cp: cannot create regular file '/dev/shm/linux/./tools/testing/selftests/kvm/x86/dirty_log_page_splitting_test.c': File exists
cp: cannot create regular file '/dev/shm/linux/./tools/testing/selftests/kvm/x86/exit_on_emulation_failure_test.c': File exists
cp: cannot create regular file '/dev/shm/linux/./tools/testing/selftests/kvm/x86/feature_msrs_test.c': File exists
cp: cannot create regular file '/dev/shm/linux/./tools/testing/selftests/kvm/x86/flds_emulation.h': File exists
cp: cannot create regular file '/dev/shm/linux/./tools/testing/selftests/kvm/x86/hyperv_cpuid.c': File exists
cp: cannot create regular file '/dev/shm/linux/./tools/testing/selftests/kvm/x86/hyperv_extended_hypercalls.c': File exists
cp: cannot create regular file '/dev/shm/linux/./tools/testing/selftests/kvm/x86/hyperv_ipi.c': File exists
cp: cannot create regular file '/dev/shm/linux/./tools/testing/selftests/kvm/x86/hyperv_tlb_flush.c': File exists
cp: cannot create regular file '/dev/shm/linux/./tools/testing/selftests/kvm/x86/kvm_clock_test.c': File exists
cp: cannot create regular file '/dev/shm/linux/./tools/testing/selftests/kvm/x86/max_vcpuid_cap_test.c': File exists
cp: cannot create regular file '/dev/shm/linux/./tools/testing/selftests/kvm/x86/msrs_test.c': File exists
cp: cannot create regular file '/dev/shm/linux/./tools/testing/selftests/kvm/x86/nested_emulation_test.c': File exists
cp: cannot create regular file '/dev/shm/linux/./tools/testing/selftests/kvm/x86/nested_invalid_cr3_test.c': File exists
cp: cannot create regular file '/dev/shm/linux/./tools/testing/selftests/kvm/x86/nested_tsc_scaling_test.c': File exists
cp: cannot create regular file '/dev/shm/linux/./tools/testing/selftests/kvm/x86/nx_huge_pages_test.c': File exists
cp: cannot create regular file '/dev/shm/linux/./tools/testing/selftests/kvm/x86/pmu_counters_test.c': File exists
cp: cannot create regular file '/dev/shm/linux/./tools/testing/selftests/kvm/x86/private_mem_conversions_test.c': File exists
cp: cannot create regular file '/dev/shm/linux/./tools/testing/selftests/kvm/x86/set_boot_cpu_id.c': File exists
cp: cannot create regular file '/dev/shm/linux/./tools/testing/selftests/kvm/x86/sev_init2_tests.c': File exists
cp: cannot create regular file '/dev/shm/linux/./tools/testing/selftests/kvm/x86/sev_smoke_test.c': File exists
cp: cannot create regular file '/dev/shm/linux/./tools/testing/selftests/kvm/x86/svm_int_ctl_test.c': File exists
cp: cannot create regular file '/dev/shm/linux/./tools/testing/selftests/kvm/x86/svm_nested_clear_efer_svme.c': File exists
cp: cannot create regular file '/dev/shm/linux/./tools/testing/selftests/kvm/x86/svm_nested_soft_inject_test.c': File exists
cp: cannot create regular file '/dev/shm/linux/./tools/testing/selftests/kvm/x86/svm_vmcall_test.c': File exists
cp: cannot create regular file '/dev/shm/linux/./tools/testing/selftests/kvm/x86/triple_fault_event_test.c': File exists
cp: cannot create regular file '/dev/shm/linux/./tools/testing/selftests/kvm/x86/tsc_scaling_sync.c': File exists
cp: cannot create regular file '/dev/shm/linux/./tools/testing/selftests/kvm/x86/ucna_injection_test.c': File exists
cp: cannot create regular file '/dev/shm/linux/./tools/testing/selftests/kvm/x86/userspace_msr_exit_test.c': File exists
cp: cannot create regular file '/dev/shm/linux/./tools/testing/selftests/kvm/x86/vmx_apicv_updates_test.c': File exists
cp: cannot create regular file '/dev/shm/linux/./tools/testing/selftests/kvm/x86/vmx_exception_with_invalid_guest_state.c': File exists
cp: cannot create regular file '/dev/shm/linux/./tools/testing/selftests/kvm/x86/vmx_msrs_test.c': File exists
cp: cannot create regular file '/dev/shm/linux/./tools/testing/selftests/kvm/x86/vmx_pmu_caps_test.c': File exists
cp: cannot create regular file '/dev/shm/linux/./tools/testing/selftests/kvm/x86/xapic_ipi_test.c': File exists
cp: cannot create regular file '/dev/shm/linux/./tools/testing/selftests/kvm/x86/xapic_tpr_test.c': File exists
cp: cannot create regular file '/dev/shm/linux/./tools/testing/selftests/kvm/x86/xen_vmcall_test.c': File exists
cp: cannot create directory '/dev/shm/linux/./tools/testing/selftests/landlock': File exists
cp: cannot create regular file '/dev/shm/linux/./tools/testing/selftests/livepatch/test_modules/test_klp_kprobe.c': File exists
cp: cannot create regular file '/dev/shm/linux/./tools/testing/selftests/livepatch/test_modules/test_klp_mod_patch.c': File exists
cp: cannot create regular file '/dev/shm/linux/./tools/testing/selftests/livepatch/test_modules/test_klp_shadow_vars.c': File exists
cp: cannot create regular file '/dev/shm/linux/./tools/testing/selftests/livepatch/test_modules/test_klp_state2.c': File exists
cp: cannot create directory '/dev/shm/linux/./tools/testing/selftests/liveupdate': File exists
cp: cannot create regular file '/dev/shm/linux/./tools/testing/selftests/lsm/.gitignore': File exists
cp: cannot create regular file '/dev/shm/linux/./tools/testing/selftests/lsm/common.c': File exists
cp: cannot create regular file '/dev/shm/linux/./tools/testing/selftests/lsm/config': File exists
cp: cannot create regular file '/dev/shm/linux/./tools/testing/selftests/lsm/lsm_list_modules_test.c': File exists
cp: cannot create directory '/dev/shm/linux/./tools/testing/selftests/media_tests': File exists
cp: cannot create regular file '/dev/shm/linux/./tools/testing/selftests/memfd/config': File exists
cp: cannot create regular file '/dev/shm/linux/./tools/testing/selftests/memfd/fuse_test.c': File exists
cp: cannot create regular file '/dev/shm/linux/./tools/testing/selftests/memfd/run_fuse_test.sh': File exists
cp: cannot create regular file '/dev/shm/linux/./tools/testing/selftests/memfd/run_hugetlbfs_test.sh': File exists
cp: cannot create regular file '/dev/shm/linux/./tools/testing/selftests/memory-hotplug/Makefile': File exists
cp: cannot create regular file '/dev/shm/linux/./tools/testing/selftests/memory-hotplug/mem-on-off-test.sh': File exists
cp: cannot create regular file '/dev/shm/linux/./tools/testing/selftests/mincore/.gitignore': File exists
cp: cannot create regular file '/dev/shm/linux/./tools/testing/selftests/mincore/mincore_selftest.c': File exists
cp: cannot create regular file '/dev/shm/linux/./tools/testing/selftests/mm/Makefile': File exists
cp: cannot create regular file '/dev/shm/linux/./tools/testing/selftests/mm/check_config.sh': File exists
cp: cannot create regular file '/dev/shm/linux/./tools/testing/selftests/mm/compaction_test.c': File exists
cp: cannot create regular file '/dev/shm/linux/./tools/testing/selftests/mm/cow.c': File exists
cp: cannot create regular file '/dev/shm/linux/./tools/testing/selftests/mm/guard-regions.c': File exists
cp: cannot create regular file '/dev/shm/linux/./tools/testing/selftests/mm/gup_test.c': File exists
cp: cannot create regular file '/dev/shm/linux/./tools/testing/selftests/mm/hugepage-mmap.c': File exists
cp: cannot create regular file '/dev/shm/linux/./tools/testing/selftests/mm/hugepage-vmemmap.c': File exists
cp: cannot create regular file '/dev/shm/linux/./tools/testing/selftests/mm/hugetlb-read-hwpoison.c': File exists
cp: cannot create regular file '/dev/shm/linux/./tools/testing/selftests/mm/hugetlb_dio.c': File exists
cp: cannot create regular file '/dev/shm/linux/./tools/testing/selftests/mm/hugetlb_madv_vs_map.c': File exists
cp: cannot create regular file '/dev/shm/linux/./tools/testing/selftests/mm/khugepaged.c': File exists
cp: cannot create regular file '/dev/shm/linux/./tools/testing/selftests/mm/ksft_gup_test.sh': File exists
cp: cannot create regular file '/dev/shm/linux/./tools/testing/selftests/mm/ksft_hugetlb.sh': File exists
cp: cannot create regular file '/dev/shm/linux/./tools/testing/selftests/mm/ksft_ksm.sh': File exists
cp: cannot create regular file '/dev/shm/linux/./tools/testing/selftests/mm/ksft_madv_guard.sh': File exists
cp: cannot create regular file '/dev/shm/linux/./tools/testing/selftests/mm/ksft_mdwe.sh': File exists
cp: cannot create regular file '/dev/shm/linux/./tools/testing/selftests/mm/ksft_memory_failure.sh': File exists
cp: cannot create regular file '/dev/shm/linux/./tools/testing/selftests/mm/ksft_mkdirty.sh': File exists
cp: cannot create regular file '/dev/shm/linux/./tools/testing/selftests/mm/ksft_mmap.sh': File exists
cp: cannot create regular file '/dev/shm/linux/./tools/testing/selftests/mm/ksft_page_frag.sh': File exists
cp: cannot create regular file '/dev/shm/linux/./tools/testing/selftests/mm/ksft_pkey.sh': File exists
cp: cannot create regular file '/dev/shm/linux/./tools/testing/selftests/mm/ksft_process_mrelease.sh': File exists
cp: cannot create regular file '/dev/shm/linux/./tools/testing/selftests/mm/ksft_thp.sh': File exists
cp: cannot create regular file '/dev/shm/linux/./tools/testing/selftests/mm/ksft_vma_merge.sh': File exists
cp: cannot create regular file '/dev/shm/linux/./tools/testing/selftests/mm/ksm_functional_tests.c': File exists
cp: cannot create regular file '/dev/shm/linux/./tools/testing/selftests/mm/madv_populate.c': File exists
cp: cannot create regular file '/dev/shm/linux/./tools/testing/selftests/mm/map_hugetlb.c': File exists
cp: cannot create regular file '/dev/shm/linux/./tools/testing/selftests/mm/mdwe_test.c': File exists
cp: cannot create regular file '/dev/shm/linux/./tools/testing/selftests/mm/memory-failure.c': File exists
cp: cannot create regular file '/dev/shm/linux/./tools/testing/selftests/mm/migration.c': File exists
cp: cannot create regular file '/dev/shm/linux/./tools/testing/selftests/mm/mlock-random-test.c': File exists
cp: cannot create regular file '/dev/shm/linux/./tools/testing/selftests/mm/mlock2.h': File exists
cp: cannot create regular file '/dev/shm/linux/./tools/testing/selftests/mm/mremap_dontunmap.c': File exists
cp: cannot create regular file '/dev/shm/linux/./tools/testing/selftests/mm/mseal_helpers.h': File exists
cp: cannot create regular file '/dev/shm/linux/./tools/testing/selftests/mm/mseal_test.c': File exists
cp: cannot create directory '/dev/shm/linux/./tools/testing/selftests/mm/page_frag': File exists
cp: cannot create regular file '/dev/shm/linux/./tools/testing/selftests/mm/pkey-helpers.h': File exists
cp: cannot create regular file '/dev/shm/linux/./tools/testing/selftests/mm/pkey-x86.h': File exists
cp: cannot create regular file '/dev/shm/linux/./tools/testing/selftests/mm/pkey_sighandler_tests.c': File exists
cp: cannot create regular file '/dev/shm/linux/./tools/testing/selftests/mm/prctl_thp_disable.c': File exists
cp: cannot create regular file '/dev/shm/linux/./tools/testing/selftests/mm/protection_keys.c': File exists
cp: cannot create regular file '/dev/shm/linux/./tools/testing/selftests/mm/run_vmtests.sh': File exists
cp: cannot create regular file '/dev/shm/linux/./tools/testing/selftests/mm/soft-dirty.c': File exists
cp: cannot create regular file '/dev/shm/linux/./tools/testing/selftests/mm/test_hmm.sh': File exists
cp: cannot create regular file '/dev/shm/linux/./tools/testing/selftests/mm/test_vmalloc.sh': File exists
cp: cannot create regular file '/dev/shm/linux/./tools/testing/selftests/mm/thp_settings.h': File exists
cp: cannot create regular file '/dev/shm/linux/./tools/testing/selftests/mm/transhuge-stress.c': File exists
cp: cannot create regular file '/dev/shm/linux/./tools/testing/selftests/mm/uffd-common.h': File exists
cp: cannot create regular file '/dev/shm/linux/./tools/testing/selftests/mm/uffd-unit-tests.c': File exists
cp: cannot create regular file '/dev/shm/linux/./tools/testing/selftests/mm/va_high_addr_switch.c': File exists
cp: cannot create regular file '/dev/shm/linux/./tools/testing/selftests/mm/vm_util.c': File exists
cp: cannot create regular file '/dev/shm/linux/./tools/testing/selftests/mm/write_hugetlb_memory.sh': File exists
cp: cannot create directory '/dev/shm/linux/./tools/testing/selftests/module': File exists
cp: cannot create regular file '/dev/shm/linux/./tools/testing/selftests/mount/run_unprivileged_remount.sh': File exists
cp: cannot create directory '/dev/shm/linux/./tools/testing/selftests/mount_setattr': File exists
cp: cannot create regular file '/dev/shm/linux/./tools/testing/selftests/mqueue/Makefile': File exists
cp: cannot create regular file '/dev/shm/linux/./tools/testing/selftests/mqueue/mq_perf_tests.c': File exists
cp: cannot create regular file '/dev/shm/linux/./tools/testing/selftests/mseal_system_mappings/Makefile': File exists
cp: cannot create regular file '/dev/shm/linux/./tools/testing/selftests/mseal_system_mappings/sysmap_is_sealed.c': File exists
cp: cannot create regular file '/dev/shm/linux/./tools/testing/selftests/namespaces/Makefile': File exists
cp: cannot create regular file '/dev/shm/linux/./tools/testing/selftests/namespaces/cred_change_test.c': File exists
cp: cannot create regular file '/dev/shm/linux/./tools/testing/selftests/namespaces/init_ino_test.c': File exists
cp: cannot create regular file '/dev/shm/linux/./tools/testing/selftests/namespaces/listns_pagination_bug.c': File exists
cp: cannot create regular file '/dev/shm/linux/./tools/testing/selftests/namespaces/listns_test.c': File exists
cp: cannot create regular file '/dev/shm/linux/./tools/testing/selftests/namespaces/nsid_test.c': File exists
cp: cannot create regular file '/dev/shm/linux/./tools/testing/selftests/namespaces/siocgskns_test.c': File exists
cp: cannot create regular file '/dev/shm/linux/./tools/testing/selftests/namespaces/wrappers.h': File exists
cp: cannot create regular file '/dev/shm/linux/./tools/testing/selftests/nci/.gitignore': File exists
cp: cannot create regular file '/dev/shm/linux/./tools/testing/selftests/nci/config': File exists
cp: cannot create directory '/dev/shm/linux/./tools/testing/selftests/net': File exists
cp: cannot create regular file '/dev/shm/linux/./tools/testing/selftests/rseq/rseq-ppc-bits.h': File exists
cp: cannot create regular file '/dev/shm/linux/./tools/testing/selftests/rseq/rseq-riscv-bits.h': File exists
cp: cannot create regular file '/dev/shm/linux/./tools/testing/selftests/rseq/rseq-s390-bits.h': File exists
cp: cannot create regular file '/dev/shm/linux/./tools/testing/selftests/rseq/rseq-thread-pointer.h': File exists
cp: cannot create regular file '/dev/shm/linux/./tools/testing/selftests/rseq/rseq-x86-thread-pointer.h': File exists
cp: cannot create regular file '/dev/shm/linux/./tools/testing/selftests/rseq/rseq-x86.h': File exists
cp: cannot create regular file '/dev/shm/linux/./tools/testing/selftests/rseq/run_legacy_check.sh': File exists
cp: cannot create regular file '/dev/shm/linux/./tools/testing/selftests/rseq/run_syscall_errors_test.sh': File exists
cp: cannot create regular file '/dev/shm/linux/./tools/testing/selftests/rseq/run_timeslice_test.sh': File exists
cp: cannot create regular file '/dev/shm/linux/./tools/testing/selftests/rseq/syscall_errors_test.c': File exists
cp: cannot create regular file '/dev/shm/linux/./tools/testing/selftests/rtc/Makefile': File exists
cp: cannot create directory '/dev/shm/linux/./tools/testing/selftests/rust': File exists
cp: cannot create directory '/dev/shm/linux/./tools/testing/selftests/sched': File exists
cp: cannot create regular file '/dev/shm/linux/./tools/testing/selftests/sched_ext/config': File exists
cp: cannot create regular file '/dev/shm/linux/./tools/testing/selftests/sched_ext/create_dsq.c': File exists
cp: cannot create regular file '/dev/shm/linux/./tools/testing/selftests/sched_ext/cyclic_kick_wait.c': File exists
cp: cannot create regular file '/dev/shm/linux/./tools/testing/selftests/sched_ext/ddsp_bogus_dsq_fail.c': File exists
cp: cannot create regular file '/dev/shm/linux/./tools/testing/selftests/sched_ext/ddsp_vtimelocal_fail.c': File exists
cp: cannot create regular file '/dev/shm/linux/./tools/testing/selftests/sched_ext/dequeue.c': File exists
cp: cannot create regular file '/dev/shm/linux/./tools/testing/selftests/sched_ext/dsp_local_on.c': File exists
cp: cannot create regular file '/dev/shm/linux/./tools/testing/selftests/sched_ext/enq_last_no_enq_fails.c': File exists
cp: cannot create regular file '/dev/shm/linux/./tools/testing/selftests/sched_ext/enq_select_cpu.c': File exists
cp: cannot create regular file '/dev/shm/linux/./tools/testing/selftests/sched_ext/exit.c': File exists
cp: cannot create regular file '/dev/shm/linux/./tools/testing/selftests/sched_ext/hotplug.bpf.c': File exists
cp: cannot create regular file '/dev/shm/linux/./tools/testing/selftests/sched_ext/hotplug_test.h': File exists
cp: cannot create regular file '/dev/shm/linux/./tools/testing/selftests/sched_ext/init_enable_count.bpf.c': File exists
cp: cannot create regular file '/dev/shm/linux/./tools/testing/selftests/sched_ext/maximal.c': File exists
cp: cannot create regular file '/dev/shm/linux/./tools/testing/selftests/sched_ext/maybe_null.c': File exists
cp: cannot create regular file '/dev/shm/linux/./tools/testing/selftests/sched_ext/maybe_null_fail_yld.bpf.c': File exists
cp: cannot create regular file '/dev/shm/linux/./tools/testing/selftests/sched_ext/minimal.c': File exists
cp: cannot create regular file '/dev/shm/linux/./tools/testing/selftests/sched_ext/non_scx_kfunc_deny.bpf.c': File exists
cp: cannot create regular file '/dev/shm/linux/./tools/testing/selftests/sched_ext/numa.c': File exists
cp: cannot create regular file '/dev/shm/linux/./tools/testing/selftests/sched_ext/peek_dsq.c': File exists
cp: cannot create regular file '/dev/shm/linux/./tools/testing/selftests/sched_ext/reload_loop.c': File exists
cp: cannot create regular file '/dev/shm/linux/./tools/testing/selftests/sched_ext/rt_stall.c': File exists
cp: cannot create regular file '/dev/shm/linux/./tools/testing/selftests/sched_ext/scx_test.h': File exists
cp: cannot create regular file '/dev/shm/linux/./tools/testing/selftests/sched_ext/select_cpu_dfl.c': File exists
cp: cannot create regular file '/dev/shm/linux/./tools/testing/selftests/sched_ext/select_cpu_dispatch.c': File exists
cp: cannot create regular file '/dev/shm/linux/./tools/testing/selftests/sched_ext/select_cpu_dispatch_bad_dsq.bpf.c': File exists
cp: cannot create regular file '/dev/shm/linux/./tools/testing/selftests/sched_ext/select_cpu_dispatch_dbl_dsp.bpf.c': File exists
cp: cannot create regular file '/dev/shm/linux/./tools/testing/selftests/sched_ext/select_cpu_dispatch_dbl_dsp.c': File exists
cp: cannot create regular file '/dev/shm/linux/./tools/testing/selftests/sched_ext/select_cpu_vtime.c': File exists
cp: cannot create regular file '/dev/shm/linux/./tools/testing/selftests/sched_ext/total_bw.c': File exists
cp: cannot create regular file '/dev/shm/linux/./tools/testing/selftests/sched_ext/util.h': File exists
cp: cannot create regular file '/dev/shm/linux/./tools/testing/selftests/seccomp/.gitignore': File exists
cp: cannot create regular file '/dev/shm/linux/./tools/testing/selftests/seccomp/config': File exists
cp: cannot create regular file '/dev/shm/linux/./tools/testing/selftests/seccomp/seccomp_bpf.c': File exists
cp: cannot create directory '/dev/shm/linux/./tools/testing/selftests/signal': File exists
cp: cannot create directory '/dev/shm/linux/./tools/testing/selftests/size': File exists
cp: cannot create directory '/dev/shm/linux/./tools/testing/selftests/sparc64': File exists
cp: cannot create regular file '/dev/shm/linux/./tools/testing/selftests/splice/default_file_splice_read.c': File exists
cp: cannot create regular file '/dev/shm/linux/./tools/testing/selftests/splice/settings': File exists
cp: cannot create regular file '/dev/shm/linux/./tools/testing/selftests/splice/splice_read.c': File exists
cp: cannot create regular file '/dev/shm/linux/./tools/testing/selftests/static_keys/Makefile': File exists
cp: cannot create regular file '/dev/shm/linux/./tools/testing/selftests/static_keys/config': File exists
cp: cannot create regular file '/dev/shm/linux/./tools/testing/selftests/sync/.gitignore': File exists
cp: cannot create regular file '/dev/shm/linux/./tools/testing/selftests/sync/config': File exists
cp: cannot create regular file '/dev/shm/linux/./tools/testing/selftests/sync/sw_sync.h': File exists
cp: cannot create regular file '/dev/shm/linux/./tools/testing/selftests/sync/sync.h': File exists
cp: cannot create regular file '/dev/shm/linux/./tools/testing/selftests/sync/sync_merge.c': File exists
cp: cannot create regular file '/dev/shm/linux/./tools/testing/selftests/sync/sync_stress_merge.c': File exists
cp: cannot create regular file '/dev/shm/linux/./tools/testing/selftests/sync/sync_test.c': File exists
cp: cannot create regular file '/dev/shm/linux/./tools/testing/selftests/sync/synctest.h': File exists
cp: cannot create regular file '/dev/shm/linux/./tools/testing/selftests/syscall_user_dispatch/.gitignore': File exists
cp: cannot create regular file '/dev/shm/linux/./tools/testing/selftests/syscall_user_dispatch/Makefile': File exists
cp: cannot create regular file '/dev/shm/linux/./tools/testing/selftests/syscall_user_dispatch/config': File exists
cp: cannot create regular file '/dev/shm/linux/./tools/testing/selftests/syscall_user_dispatch/sud_test.c': File exists
cp: cannot create regular file '/dev/shm/linux/./tools/testing/selftests/sysctl/Makefile': File exists
cp: cannot create directory '/dev/shm/linux/./tools/testing/selftests/tc-testing': File exists
cp: cannot create regular file '/dev/shm/linux/./tools/testing/selftests/ublk/test_null_01.sh': File exists
cp: cannot create regular file '/dev/shm/linux/./tools/testing/selftests/ublk/test_part_01.sh': File exists
cp: cannot create regular file '/dev/shm/linux/./tools/testing/selftests/ublk/test_recover_01.sh': File exists
cp: cannot create regular file '/dev/shm/linux/./tools/testing/selftests/ublk/test_recover_04.sh': File exists
cp: cannot create regular file '/dev/shm/linux/./tools/testing/selftests/ublk/test_shmemzc_02.sh': File exists
cp: cannot create regular file '/dev/shm/linux/./tools/testing/selftests/ublk/test_shmemzc_04.sh': File exists
cp: cannot create regular file '/dev/shm/linux/./tools/testing/selftests/ublk/test_stress_02.sh': File exists
cp: cannot create regular file '/dev/shm/linux/./tools/testing/selftests/ublk/test_stress_04.sh': File exists
cp: cannot create regular file '/dev/shm/linux/./tools/testing/selftests/ublk/test_stress_05.sh': File exists
cp: cannot create regular file '/dev/shm/linux/./tools/testing/selftests/ublk/test_stress_07.sh': File exists
cp: cannot create regular file '/dev/shm/linux/./tools/testing/selftests/ublk/test_stress_09.sh': File exists
cp: cannot create regular file '/dev/shm/linux/./tools/testing/selftests/ublk/test_stripe_02.sh': File exists
cp: cannot create regular file '/dev/shm/linux/./tools/testing/selftests/ublk/test_stripe_04.sh': File exists
cp: cannot create regular file '/dev/shm/linux/./tools/testing/selftests/ublk/test_stripe_06.sh': File exists
cp: cannot create regular file '/dev/shm/linux/./tools/testing/selftests/ublk/trace/seq_io.bt': File exists
cp: cannot create directory '/dev/shm/linux/./tools/testing/selftests/uevent': File exists
cp: cannot create regular file '/dev/shm/linux/./tools/testing/selftests/user_events/perf_test.c': File exists
cp: cannot create regular file '/dev/shm/linux/./tools/testing/selftests/user_events/user_events_selftests.h': File exists
cp: cannot create regular file '/dev/shm/linux/./tools/testing/selftests/vDSO/Makefile': File exists
cp: cannot create regular file '/dev/shm/linux/./tools/testing/selftests/vDSO/parse_vdso.h': File exists
cp: cannot create regular file '/dev/shm/linux/./tools/testing/selftests/vDSO/vdso_config.h': File exists
cp: cannot create regular file '/dev/shm/linux/./tools/testing/selftests/vDSO/vdso_test_correctness.c': File exists
cp: cannot create regular file '/dev/shm/linux/./tools/testing/selftests/vDSO/vdso_test_getrandom.c': File exists
cp: cannot create regular file '/dev/shm/linux/./tools/testing/selftests/vDSO/vgetrandom-chacha.S': File exists
cp: cannot create regular file '/dev/shm/linux/./tools/testing/selftests/verification/Makefile': File exists
cp: cannot create regular file '/dev/shm/linux/./tools/testing/selftests/verification/settings': File exists
cp: cannot create regular file '/dev/shm/linux/./tools/testing/selftests/verification/test.d/functions': File exists
cp: cannot create regular file '/dev/shm/linux/./tools/testing/selftests/verification/test.d/rv_monitor_reactor.tc': File exists
cp: cannot create regular file '/dev/shm/linux/./tools/testing/selftests/verification/test.d/rv_wwnr_printk.tc': File exists
cp: cannot create directory '/dev/shm/linux/./tools/testing/selftests/vfio': File exists
cp: cannot create regular file '/dev/shm/linux/./tools/testing/selftests/wireguard/qemu/init.c': File exists
cp: cannot create regular file '/dev/shm/linux/./tools/testing/selftests/x86/Makefile': File exists
cp: cannot create regular file '/dev/shm/linux/./tools/testing/selftests/x86/apx.c': File exists
cp: cannot create directory '/dev/shm/linux/./tools/testing/selftests/x86/bugs': File exists
cp: cannot create regular file '/dev/shm/linux/./tools/testing/selftests/x86/fsgsbase_restore.c': File exists
cp: cannot create regular file '/dev/shm/linux/./tools/testing/selftests/x86/ioperm.c': File exists
cp: cannot create regular file '/dev/shm/linux/./tools/testing/selftests/x86/lam.c': File exists
cp: cannot create regular file '/dev/shm/linux/./tools/testing/selftests/x86/mov_ss_trap.c': File exists
cp: cannot create regular file '/dev/shm/linux/./tools/testing/selftests/x86/ptrace_syscall.c': File exists
cp: cannot create regular file '/dev/shm/linux/./tools/testing/selftests/x86/sigaltstack.c': File exists
cp: cannot create regular file '/dev/shm/linux/./tools/testing/selftests/x86/sigtrap_loop.c': File exists
cp: cannot create regular file '/dev/shm/linux/./tools/testing/selftests/x86/single_step_syscall.c': File exists
cp: cannot create regular file '/dev/shm/linux/./tools/testing/selftests/x86/syscall_arg_fault.c': File exists
cp: cannot create regular file '/dev/shm/linux/./tools/testing/selftests/x86/syscall_numbering.c': File exists
cp: cannot create regular file '/dev/shm/linux/./tools/testing/selftests/x86/sysret_rip.c': File exists
cp: cannot create regular file '/dev/shm/linux/./tools/testing/selftests/x86/test_FCMOV.c': File exists
cp: cannot create regular file '/dev/shm/linux/./tools/testing/selftests/x86/test_FISTTP.c': File exists
cp: cannot create regular file '/dev/shm/linux/./tools/testing/selftests/x86/test_mremap_vdso.c': File exists
cp: cannot create regular file '/dev/shm/linux/./tools/testing/selftests/x86/test_syscall_vdso.c': File exists
cp: cannot create regular file '/dev/shm/linux/./tools/testing/selftests/x86/thunks.S': File exists
cp: cannot create regular file '/dev/shm/linux/./tools/testing/selftests/x86/thunks_32.S': File exists
cp: cannot create regular file '/dev/shm/linux/./tools/testing/selftests/x86/trivial_64bit_program.c': File exists
cp: cannot create regular file '/dev/shm/linux/./tools/testing/selftests/x86/trivial_program.c': File exists
cp: cannot create regular file '/dev/shm/linux/./tools/testing/selftests/x86/xstate.c': File exists
cp: cannot create directory '/dev/shm/linux/./tools/testing/selftests/zram': File exists
cp: cannot create regular file '/dev/shm/linux/./tools/testing/shared/linux/interval_tree_generic.h': File exists
cp: cannot create regular file '/dev/shm/linux/./tools/testing/shared/linux/kconfig.h': File exists
cp: cannot create regular file '/dev/shm/linux/./tools/testing/shared/linux/kmemleak.h': File exists
cp: cannot create regular file '/dev/shm/linux/./tools/testing/shared/linux/lockdep.h': File exists
cp: cannot create regular file '/dev/shm/linux/./tools/testing/shared/linux/percpu.h': File exists
cp: cannot create regular file '/dev/shm/linux/./tools/testing/shared/linux/radix-tree.h': File exists
cp: cannot create regular file '/dev/shm/linux/./tools/testing/shared/linux/rbtree.h': File exists
cp: cannot create regular file '/dev/shm/linux/./tools/testing/shared/linux/rbtree_types.h': File exists
cp: cannot create regular file '/dev/shm/linux/./tools/testing/shared/linux/xarray.h': File exists
cp: cannot create regular file '/dev/shm/linux/./tools/testing/shared/maple-shim.c': File exists
cp: cannot create regular file '/dev/shm/linux/./tools/testing/shared/shared.h': File exists
cp: cannot create regular file '/dev/shm/linux/./tools/testing/shared/shared.mk': File exists
cp: cannot create regular file '/dev/shm/linux/./tools/testing/shared/xarray-shared.c': File exists
cp: cannot create regular file '/dev/shm/linux/./tools/testing/shared/xarray-shared.h': File exists
cp: cannot create regular file '/dev/shm/linux/./tools/testing/vma/Makefile': File exists
cp: cannot create regular file '/dev/shm/linux/./tools/testing/vma/include/dup.h': File exists
cp: cannot create directory '/dev/shm/linux/./tools/testing/vma/linux': File exists
cp: cannot create regular file '/dev/shm/linux/./tools/testing/vma/shared.h': File exists
cp: cannot create regular file '/dev/shm/linux/./tools/testing/vma/tests/merge.c': File exists
cp: cannot create regular file '/dev/shm/linux/./tools/testing/vma/tests/vma.c': File exists
cp: cannot create directory '/dev/shm/linux/./tools/testing/vsock': File exists
cp: cannot create regular file '/dev/shm/linux/./tools/thermal/thermometer/thermometer.c': File exists
cp: cannot create directory '/dev/shm/linux/./tools/thermal/tmon': File exists
cp: cannot create regular file '/dev/shm/linux/./tools/tracing/rtla/Build': File exists
cp: cannot create regular file '/dev/shm/linux/./tools/tracing/rtla/Makefile.config': File exists
cp: cannot create regular file '/dev/shm/linux/./tools/tracing/rtla/Makefile.rtla': File exists
cp: cannot create regular file '/dev/shm/linux/./tools/tracing/rtla/README.txt': File exists
cp: cannot create regular file '/dev/shm/linux/./tools/tracing/rtla/example/timerlat_bpf_action.c': File exists
cp: cannot create directory '/dev/shm/linux/./tools/tracing/rtla/src': File exists
cp: cannot create regular file '/dev/shm/linux/./tools/usb/ffs-aio-example/multibuff/host_app/test.c': File exists
cp: cannot create directory '/dev/shm/linux/./tools/usb/ffs-aio-example/simple/device_app': File exists
cp: cannot create regular file '/dev/shm/linux/./tools/usb/ffs-aio-example/simple/host_app/test.c': File exists
cp: cannot create regular file '/dev/shm/linux/./tools/usb/hcd-tests.sh': File exists
cp: cannot create directory '/dev/shm/linux/./tools/usb/usbip': File exists
cp: cannot create directory '/dev/shm/linux/./tools/verification/rvgen/rvgen/templates': File exists
cp: cannot create regular file '/dev/shm/linux/./tools/virtio/linux/dma-mapping.h': File exists
cp: cannot create regular file '/dev/shm/linux/./tools/virtio/linux/export.h': File exists
cp: cannot create regular file '/dev/shm/linux/./tools/virtio/linux/hrtimer.h': File exists
cp: cannot create regular file '/dev/shm/linux/./tools/virtio/linux/kernel.h': File exists
cp: cannot create regular file '/dev/shm/linux/./tools/virtio/linux/kmsan.h': File exists
cp: cannot create regular file '/dev/shm/linux/./tools/virtio/linux/mm_types.h': File exists
cp: cannot create regular file '/dev/shm/linux/./tools/virtio/linux/printk.h': File exists
cp: cannot create regular file '/dev/shm/linux/./tools/virtio/linux/scatterlist.h': File exists
cp: cannot create regular file '/dev/shm/linux/./tools/virtio/linux/spinlock.h': File exists
cp: cannot create regular file '/dev/shm/linux/./tools/virtio/linux/thread_info.h': File exists
cp: cannot create regular file '/dev/shm/linux/./tools/virtio/linux/uaccess.h': File exists
cp: cannot create regular file '/dev/shm/linux/./tools/virtio/linux/uio.h': File exists
cp: cannot create regular file '/dev/shm/linux/./tools/virtio/linux/virtio_byteorder.h': File exists
cp: cannot create regular file '/dev/shm/linux/./tools/virtio/linux/virtio_ring.h': File exists
cp: cannot create regular file '/dev/shm/linux/./tools/virtio/oot-stubs.h': File exists
cp: cannot create regular file '/dev/shm/linux/./tools/virtio/ringtest/.gitignore': File exists
cp: cannot create regular file '/dev/shm/linux/./tools/virtio/ringtest/README': File exists
cp: cannot create regular file '/dev/shm/linux/./tools/virtio/ringtest/main.h': File exists
cp: cannot create regular file '/dev/shm/linux/./tools/virtio/ringtest/ring.c': File exists
cp: cannot create regular file '/dev/shm/linux/./tools/virtio/ringtest/virtio_ring_0_9.c': File exists
cp: cannot create directory '/dev/shm/linux/./tools/virtio/uapi': File exists
cp: cannot create regular file '/dev/shm/linux/./tools/virtio/virtio-trace/trace-agent-ctl.c': File exists
cp: cannot create regular file '/dev/shm/linux/./tools/virtio/virtio-trace/trace-agent.c': File exists
cp: cannot create regular file '/dev/shm/linux/./tools/virtio/virtio_test.c': File exists
cp: cannot create directory '/dev/shm/linux/./tools/virtio/xen': File exists
cp: cannot create regular file '/dev/shm/linux/./tools/wmi/dell-smbios-example.c': File exists
cp: cannot create regular file '/dev/shm/linux/./tools/workqueue/wq_dump.py': File exists
cp: cannot create directory '/dev/shm/linux/./tools/writeback': File exists
cp: cannot create regular file '/dev/shm/linux/./usr/Kconfig': File exists
cp: cannot create regular file '/dev/shm/linux/./usr/default_cpio_list': File exists
cp: cannot create regular file '/dev/shm/linux/./usr/dummy-include/endian.h': File exists
cp: cannot create directory '/dev/shm/linux/./usr/dummy-include/netinet': File exists
cp: cannot create regular file '/dev/shm/linux/./usr/dummy-include/string.h': File exists
cp: cannot create regular file '/dev/shm/linux/./usr/dummy-include/sys/ioctl.h': File exists
cp: cannot create regular file '/dev/shm/linux/./usr/dummy-include/sys/time.h': File exists
cp: cannot create regular file '/dev/shm/linux/./usr/dummy-include/unistd.h': File exists
cp: cannot create regular file '/dev/shm/linux/./usr/gen_init_cpio.c': File exists
cp: cannot create regular file '/dev/shm/linux/./usr/include/.gitignore': File exists
cp: cannot create regular file '/dev/shm/linux/./usr/include/headers_check.pl': File exists
/fibus/fs2/02/cgk3480/.conda/envs/churn-env/lib/python3.11/site-packages/numpy/_core/fromnumeric.py:54: FutureWarning: 'DataFrame.swapaxes' is deprecated and will be removed in a future version. Please use 'DataFrame.transpose' instead.
  return bound(*args, **kwds)
Processing Linux Part 3:   0%|          | 0/12467 [00:00<?, ?it/s]Processing Linux Part 3:   0%|          | 1/12467 [00:00<1:53:00,  1.84it/s]Processing Linux Part 3:   0%|          | 2/12467 [00:00<1:41:48,  2.04it/s]Processing Linux Part 3:   0%|          | 3/12467 [00:01<1:37:03,  2.14it/s]Processing Linux Part 3:   0%|          | 4/12467 [00:01<1:36:41,  2.15it/s]Processing Linux Part 3:   0%|          | 5/12467 [00:02<1:32:48,  2.24it/s]Processing Linux Part 3:   0%|          | 6/12467 [00:02<1:38:01,  2.12it/s]Processing Linux Part 3:   0%|          | 7/12467 [00:03<1:43:13,  2.01it/s]Processing Linux Part 3:   0%|          | 8/12467 [00:03<1:41:37,  2.04it/s]Processing Linux Part 3:   0%|          | 9/12467 [00:04<1:39:47,  2.08it/s]Processing Linux Part 3:   0%|          | 10/12467 [00:04<1:43:53,  2.00it/s]Processing Linux Part 3:   0%|          | 11/12467 [00:05<1:41:13,  2.05it/s]Processing Linux Part 3:   0%|          | 12/12467 [00:05<1:35:56,  2.16it/s]Processing Linux Part 3:   0%|          | 13/12467 [00:06<1:34:04,  2.21it/s]Processing Linux Part 3:   0%|          | 14/12467 [00:06<1:32:11,  2.25it/s]Processing Linux Part 3:   0%|          | 15/12467 [00:07<1:33:37,  2.22it/s]Processing Linux Part 3:   0%|          | 16/12467 [00:07<1:32:39,  2.24it/s]Processing Linux Part 3:   0%|          | 17/12467 [00:07<1:31:30,  2.27it/s]Processing Linux Part 3:   0%|          | 18/12467 [00:08<1:30:29,  2.29it/s]Processing Linux Part 3:   0%|          | 19/12467 [00:08<1:29:47,  2.31it/s]Processing Linux Part 3:   0%|          | 20/12467 [00:09<1:30:43,  2.29it/s]Processing Linux Part 3:   0%|          | 21/12467 [00:09<1:29:27,  2.32it/s]Processing Linux Part 3:   0%|          | 22/12467 [00:10<1:30:46,  2.28it/s]Processing Linux Part 3:   0%|          | 23/12467 [00:10<1:33:00,  2.23it/s]Processing Linux Part 3:   0%|          | 24/12467 [00:10<1:30:53,  2.28it/s]Processing Linux Part 3:   0%|          | 25/12467 [00:11<1:36:35,  2.15it/s]Processing Linux Part 3:   0%|          | 26/12467 [00:11<1:36:53,  2.14it/s]Processing Linux Part 3:   0%|          | 27/12467 [00:12<1:37:31,  2.13it/s]Processing Linux Part 3:   0%|          | 28/12467 [00:12<1:34:37,  2.19it/s]Processing Linux Part 3:   0%|          | 29/12467 [00:13<1:35:49,  2.16it/s][2026-06-13T19:10:33.723] error: *** JOB 5964475 ON g175 CANCELLED AT 2026-06-13T19:10:33 DUE to SIGNAL Terminated ***
